center,surround,correct,thisN,thisTrialN,thisRepN,key_resp_3.keys,key_resp_3.corr,key_resp_3.rt,key_resp_3.duration,opacity,key_resp_4.keys,key_resp_4.corr,key_resp_4.rt,key_resp_4.duration,type,surr_type,surr_opacity,resp.keys,resp.rt,resp.duration,key_resp_10.keys,key_resp_10.rt,key_resp_10.duration,practice_no_time.thisRepN,practice_no_time.thisTrialN,practice_no_time.thisN,practice_no_time.thisIndex,practice_timed.thisRepN,practice_timed.thisTrialN,practice_timed.thisN,practice_timed.thisIndex,trials.thisRepN,trials.thisTrialN,trials.thisN,trials.thisIndex,thisRow.t,notes,instr.started,text_5.started,key_resp_2.started,instr.stopped,key_resp_2.keys,key_resp_2.rt,key_resp_2.duration,instr_example.started,key_resp_11.started,surround_practice_example.started,center_practice_example.started,text_15.started,instr_example.stopped,key_resp_11.keys,key_resp_11.rt,key_resp_11.duration,instr2.started,text_6.started,key_resp_6.started,instr2.stopped,key_resp_6.keys,key_resp_6.rt,key_resp_6.duration,practice_trial.started,key_resp_3.started,surround_practice.started,center_practice.started,practice_trial.stopped,practice_no_time.key_resp_3.keys,practice_no_time.key_resp_3.corr,practice_no_time.key_resp_3.rt,practice_no_time.key_resp_3.duration,practice_feedback.started,text_7.started,practice_feedback.stopped,text_7.stopped,instr3.started,text_8.started,key_resp_5.started,instr3.stopped,key_resp_5.keys,key_resp_5.rt,key_resp_5.duration,practice_trial_timed.started,key_resp_4.started,surround_practice_2.started,center_practice_2.started,text_12.started,surround_practice_2.stopped,center_practice_2.stopped,practice_trial_timed.stopped,practice_timed.key_resp_4.keys,practice_timed.key_resp_4.corr,practice_timed.key_resp_4.rt,practice_timed.key_resp_4.duration,start_instr.started,text_13.started,key_resp_8.started,start_instr.stopped,key_resp_8.keys,key_resp_8.rt,key_resp_8.duration,trial.started,resp.started,surround_grating.started,center_grating.started,surround_grating.stopped,center_grating.stopped,trial.stopped,trials.resp.keys,trials.resp.rt,trials.resp.duration,break_2.started,break_2.stopped,trials.key_resp_10.keys,text_2.started,key_resp_10.started,trials.key_resp_10.rt,trials.key_resp_10.duration,end.started,text_14.started,key_resp.started,end.stopped,key_resp.keys,key_resp.rt,key_resp.duration,sub,ses,date,expName,psychopyVersion,frameRate,expStart,
,,,,,,,,,,,,,,,,,,,,,,,,,,,,,,,,,,,,,,0.008387541995034553,0.015618375000485685,0.015618375000485685,237.10500329199567,space,237.0534990419983,None,,,,,,,,,,,,,,,,,,,,,,,,,,,,,,,,,,,,,,,,,,,,,,,,,,,,,,,,,,,,,,,,,,,,,,,,,,,,,,,,21049994,0,2025-12-01_12h27.08.742,tilt_mocs,2024.2.4,120.11218477836073,2025-12-01 12h27.34.412624 -0500,
,,,,,,,,,,,,,,,,,,,,,,,,,,,,,,,,,,,,,,,,,,,,,237.1066585840017,237.14836891699815,237.14836891699815,237.14836891699815,237.14836891699815,243.0505515420009,right,5.897519083002408,None,,,,,,,,,,,,,,,,,,,,,,,,,,,,,,,,,,,,,,,,,,,,,,,,,,,,,,,,,,,,,,,,,,,,,,,21049994,0,2025-12-01_12h27.08.742,tilt_mocs,2024.2.4,120.11218477836073,2025-12-01 12h27.34.412624 -0500,
,,,,,,,,,,,,,,,,,,,,,,,,,,,,,,,,,,,,,,,,,,,,,,,,,,,,,,243.0506161250014,243.11132983399875,243.11132983399875,251.89511970899912,space,8.78132262500003,None,,,,,,,,,,,,,,,,,,,,,,,,,,,,,,,,,,,,,,,,,,,,,,,,,,,,,,,,,,,,,,,,21049994,0,2025-12-01_12h27.08.742,tilt_mocs,2024.2.4,120.11218477836073,2025-12-01 12h27.34.412624 -0500,
30,0,right,0,0,0,right,1,1.3058084160002181,None,,,,,,,,,,,,,,,0,0,0,0,,,,,,,,,251.92027524999867,,,,,,,,,,,,,,,,,,,,,,,,,251.9114167919979,251.92027524999867,252.39533766699606,252.39533766699606,253.2374530839952,right,1,1.3058084160002181,None,253.24282895899523,253.2505140419962,254.74288662499748,,,,,,,,,,,,,,,,,,,,,,,,,,,,,,,,,,,,,,,,,,,,,,,,,,,,21049994,0,2025-12-01_12h27.08.742,tilt_mocs,2024.2.4,120.11218477836073,2025-12-01 12h27.34.412624 -0500,
-30,0,left,1,1,0,left,1,1.0284356670017587,None,,,,,,,,,,,,,,,0,1,1,1,,,,,,,,,254.75111545899563,,,,,,,,,,,,,,,,,,,,,,,,,254.74515783399693,254.75111545899563,255.2350159589987,255.2350159589987,255.7844183749985,left,1,1.0284356670017587,None,255.78455308399862,255.80892920900078,257.29264016699744,,,,,,,,,,,,,,,,,,,,,,,,,,,,,,,,,,,,,,,,,,,,,,,,,,,,21049994,0,2025-12-01_12h27.08.742,tilt_mocs,2024.2.4,120.11218477836073,2025-12-01 12h27.34.412624 -0500,
30,60,right,2,2,0,right,1,1.0391679590029526,None,,,,,,,,,,,,,,,0,2,2,2,,,,,,,,,257.3008840420007,,,,,,,,,,,,,,,,,,,,,,,,,257.2957988749986,257.3008840420007,257.7843797499954,257.7843797499954,258.3444562500008,right,1,1.0391679590029526,None,258.3445635419994,258.35323916700145,259.84328633399855,259.8514528749947,,,,,,,,,,,,,,,,,,,,,,,,,,,,,,,,,,,,,,,,,,,,,,,,,,,21049994,0,2025-12-01_12h27.08.742,tilt_mocs,2024.2.4,120.11218477836073,2025-12-01 12h27.34.412624 -0500,
-30,-60,left,3,3,0,left,1,1.1206399580041762,None,,,,,,,,,,,,,,,0,3,3,3,,,,,,,,,259.8514528749947,,,,,,,,,,,,,,,,,,,,,,,,,259.8456403339951,259.8514528749947,260.34220204199664,260.34220204199664,260.97764549999556,left,1,1.1206399580041762,None,260.9777532090011,260.98616241700074,262.4767864999958,262.48484612500033,,,,,,,,,,,,,,,,,,,,,,,,,,,,,,,,,,,,,,,,,,,,,,,,,,,21049994,0,2025-12-01_12h27.08.742,tilt_mocs,2024.2.4,120.11218477836073,2025-12-01 12h27.34.412624 -0500,
,,,,,,,,,,,,,,,,,,,,,,,,,,,,,,,,,,,,,,,,,,,,,,,,,,,,,,,,,,,,,,,,,,,,,,,,,,262.4769607919952,262.48484612500033,262.48484612500033,278.76865149999503,space,16.280009958005394,None,,,,,,,,,,,,,,,,,,,,,,,,,,,,,,,,,,,,,,,,,,,,21049994,0,2025-12-01_12h27.08.742,tilt_mocs,2024.2.4,120.11218477836073,2025-12-01 12h27.34.412624 -0500,
-30,-60,left,0,0,0,,,,,100,left,1,1.5529488750034943,None,,,,,,,,,,,,,,0,0,0,0,,,,,278.78505037500145,,,,,,,,,,,,,,,,,,,,,,,,,,,,,,,,,,280.3458773749953,280.35456570899987,281.8440322919996,281.8511019590005,,,,,,,,278.77649429199664,278.78505037500145,279.274060208998,279.274060208998,279.3428968340013,279.3482269169981,279.3482269169981,280.3457210839988,left,1,1.5529488750034943,None,,,,,,,,,,,,,,,,,,,,,,,,,,,,,,,,21049994,0,2025-12-01_12h27.08.742,tilt_mocs,2024.2.4,120.11218477836073,2025-12-01 12h27.34.412624 -0500,
-30,0,left,1,1,0,,,,,100,right,0,0.9110207080011605,None,,,,,,,,,,,,,,0,1,1,1,,,,,281.8511019590005,,,,,,,,,,,,,,,,,,,,,,,,,,,,,,,,,,282.7682504589975,282.7766006249949,284.26106879199506,284.268801541999,,,,,,,,281.8455832499967,281.8511019590005,282.3429839169985,282.3429839169985,282.41662070899474,282.41662070899474,282.41662070899474,282.7681313339999,right,0,0.9110207080011605,None,,,,,,,,,,,,,,,,,,,,,,,,,,,,,,,,21049994,0,2025-12-01_12h27.08.742,tilt_mocs,2024.2.4,120.11218477836073,2025-12-01 12h27.34.412624 -0500,
30,60,right,2,2,0,,,,,100,right,1,0.9751578329960466,None,,,,,,,,,,,,,,0,2,2,2,,,,,284.268801541999,,,,,,,,,,,,,,,,,,,,,,,,,,,,,,,,,,285.24675074999686,285.25507062499673,286.7445017919963,286.7519317089973,,,,,,,,284.26303899999766,284.268801541999,284.76972220899916,284.76972220899916,284.8435084590019,284.8435084590019,284.8435084590019,285.2465684589988,right,1,0.9751578329960466,None,,,,,,,,,,,,,,,,,,,,,,,,,,,,,,,,21049994,0,2025-12-01_12h27.08.742,tilt_mocs,2024.2.4,120.11218477836073,2025-12-01 12h27.34.412624 -0500,
30,0,right,3,3,0,,,,,100,right,1,0.9532963750025374,None,,,,,,,,,,,,,,0,3,3,3,,,,,286.7519317089973,,,,,,,,,,,,,,,,,,,,,,,,,,,,,,,,,,287.7122584999961,287.7208059589975,289.211098916996,289.2185234999997,,,,,,,,286.7461058339977,286.7519317089973,287.2433606669947,287.2433606669947,287.3179535419986,287.3179535419986,287.3179535419986,287.712119333999,right,1,0.9532963750025374,None,,,,,,,,,,,,,,,,,,,,,,,,,,,,,,,,21049994,0,2025-12-01_12h27.08.742,tilt_mocs,2024.2.4,120.11218477836073,2025-12-01 12h27.34.412624 -0500,
-30,69,left,4,4,0,,,,,0,left,1,0.9033166659937706,None,,,,,,,,,,,,,,0,4,4,4,,,,,289.2185234999997,,,,,,,,,,,,,,,,,,,,,,,,,,,,,,,,,,290.1290231669991,290.13753791699855,291.6279667919953,291.6358973749957,,,,,,,,289.2127189169987,289.2185234999997,289.7100809170006,289.7100809170006,289.7827823339976,289.7827823339976,289.7827823339976,290.1289048749968,left,1,0.9033166659937706,None,,,,,,,,,,,,,,,,,,,,,,,,,,,,,,,,21049994,0,2025-12-01_12h27.08.742,tilt_mocs,2024.2.4,120.11218477836073,2025-12-01 12h27.34.412624 -0500,
30,69,right,5,5,0,,,,,0,right,1,0.8980853340035537,None,,,,,,,,,,,,,,0,5,5,5,,,,,291.6358973749957,,,,,,,,,,,,,,,,,,,,,,,,,,,,,,,,,,292.53683787499904,292.5456037089971,294.0336548339983,294.0434975419994,,,,,,,,291.6298977499973,291.6358973749957,292.12678604199755,292.12678604199755,292.2003320840013,292.2003320840013,292.2003320840013,292.53671529200074,right,1,0.8980853340035537,None,,,,,,,,,,,,,,,,,,,,,,,,,,,,,,,,21049994,0,2025-12-01_12h27.08.742,tilt_mocs,2024.2.4,120.11218477836073,2025-12-01 12h27.34.412624 -0500,
,,,,,,,,,,,,,,,,,,,,,,,,,,,,,,,,,,,,,,,,,,,,,,,,,,,,,,,,,,,,,,,,,,,,,,,,,,,,,,,,,,,,,,,,,,,,,294.03385312500177,294.0434975419994,294.0434975419994,345.3385768750013,space,51.28746058300021,None,,,,,,,,,,,,,,,,,,,,,,,,,21049994,0,2025-12-01_12h27.08.742,tilt_mocs,2024.2.4,120.11218477836073,2025-12-01 12h27.34.412624 -0500,
-6,-15.0,,0,0,0,,,,,,,,,,c-6,negs,100,left,1.1115257920027943,None,None,,,,,,,,,,,0,0,0,427,345.3982816249991,,,,,,,,,,,,,,,,,,,,,,,,,,,,,,,,,,,,,,,,,,,,,,,,,,,,,,,,,,,,,,,,345.39187724999647,345.3982816249991,345.8432455840011,345.8432455840011,345.91775224999583,345.91775224999583,346.51522208399547,left,1.1115257920027943,None,346.51538062500185,346.5154691669959,None,,,,,,,,,,,,21049994,0,2025-12-01_12h27.08.742,tilt_mocs,2024.2.4,120.11218477836073,2025-12-01 12h27.34.412624 -0500,
6,15.0,,1,1,0,,,,,,,,,,c+6,poss,100,right,0.9662130419965251,None,None,,,,,,,,,,,0,1,1,240,346.52601487499487,,,,,,,,,,,,,,,,,,,,,,,,,,,,,,,,,,,,,,,,,,,,,,,,,,,,,,,,,,,,,,,,346.51772062500095,346.52601487499487,347.0123295000012,347.0123295000012,347.084438124999,347.084438124999,347.4982111249992,right,0.9662130419965251,None,347.4983482499956,347.4984032499997,None,,,,,,,,,,,,21049994,0,2025-12-01_12h27.08.742,tilt_mocs,2024.2.4,120.11218477836073,2025-12-01 12h27.34.412624 -0500,
4,15.0,,2,2,0,,,,,,,,,,c+4,poss,100,left,0.9720252089973656,None,None,,,,,,,,,,,0,2,2,219,347.50921099999687,,,,,,,,,,,,,,,,,,,,,,,,,,,,,,,,,,,,,,,,,,,,,,,,,,,,,,,,,,,,,,,,347.5010403339984,347.50921099999687,347.9954682089956,347.9954682089956,348.06802920899645,348.06802920899645,348.48651591700036,left,0.9720252089973656,None,348.48666512499767,348.48672783399525,None,,,,,,,,,,,,21049994,0,2025-12-01_12h27.08.742,tilt_mocs,2024.2.4,120.11218477836073,2025-12-01 12h27.34.412624 -0500,
4,15.0,,3,3,0,,,,,,,,,,c+4,poss,100,left,1.009100249997573,None,None,,,,,,,,,,,0,3,3,184,348.4975645000013,,,,,,,,,,,,,,,,,,,,,,,,,,,,,,,,,,,,,,,,,,,,,,,,,,,,,,,,,,,,,,,,348.48929712500103,348.4975645000013,348.98759399999835,348.98759399999835,349.06269508400146,349.06269508400146,349.51502162499673,left,1.009100249997573,None,349.5151319590004,349.5151760000008,None,,,,,,,,,,,,21049994,0,2025-12-01_12h27.08.742,tilt_mocs,2024.2.4,120.11218477836073,2025-12-01 12h27.34.412624 -0500,
-8,-15.0,,4,4,0,,,,,,,,,,c-8,negs,100,right,1.2736559999975725,None,None,,,,,,,,,,,0,4,4,389,349.525101291998,,,,,,,,,,,,,,,,,,,,,,,,,,,,,,,,,,,,,,,,,,,,,,,,,,,,,,,,,,,,,,,,349.51712470899656,349.525101291998,350.0121779999972,350.0121779999972,350.0851035000014,350.0851035000014,350.8041218750004,right,1.2736559999975725,None,350.80422929199995,350.80427266699553,None,,,,,,,,,,,,21049994,0,2025-12-01_12h27.08.742,tilt_mocs,2024.2.4,120.11218477836073,2025-12-01 12h27.34.412624 -0500,
8,15.0,,5,5,0,,,,,,,,,,c+8,poss,100,right,1.0707869170000777,None,None,,,,,,,,,,,0,5,5,327,350.81464879199484,,,,,,,,,,,,,,,,,,,,,,,,,,,,,,,,,,,,,,,,,,,,,,,,,,,,,,,,,,,,,,,,350.8062114589993,350.81464879199484,351.3054253340015,351.3054253340015,351.3794354999991,351.3794354999991,351.89647929200146,right,1.0707869170000777,None,351.8965978339984,351.89667375000136,None,,,,,,,,,,,,21049994,0,2025-12-01_12h27.08.742,tilt_mocs,2024.2.4,120.11218477836073,2025-12-01 12h27.34.412624 -0500,
-1,0.0,,6,6,0,,,,,,,,,,c-1,noss,0,left,1.0083306250016904,None,None,,,,,,,,,,,0,6,6,825,351.90399604199774,,,,,,,,,,,,,,,,,,,,,,,,,,,,,,,,,,,,,,,,,,,,,,,,,,,,,,,,,,,,,,,,351.89862524999626,351.90399604199774,352.38865424999676,352.38865424999676,352.46279837499605,352.46279837499605,352.91483258399967,left,1.0083306250016904,None,352.91494262500055,352.91498558400053,None,,,,,,,,,,,,21049994,0,2025-12-01_12h27.08.742,tilt_mocs,2024.2.4,120.11218477836073,2025-12-01 12h27.34.412624 -0500,
2,15.0,,7,7,0,,,,,,,,,,c+2,poss,100,left,1.0886054169968702,None,None,,,,,,,,,,,0,7,7,116,352.9245046249998,,,,,,,,,,,,,,,,,,,,,,,,,,,,,,,,,,,,,,,,,,,,,,,,,,,,,,,,,,,,,,,,352.9169119590006,352.9245046249998,353.4122997500017,353.4122997500017,353.48449204200006,353.48449204200006,354.01564437499474,left,1.0886054169968702,None,354.0157814589984,354.0158362919974,None,,,,,,,,,,,,21049994,0,2025-12-01_12h27.08.742,tilt_mocs,2024.2.4,120.11218477836073,2025-12-01 12h27.34.412624 -0500,
1,0.0,,8,8,0,,,,,,,,,,c+1,noss,0,left,1.1042397499986691,None,None,,,,,,,,,,,0,8,8,849,354.0262142499996,,,,,,,,,,,,,,,,,,,,,,,,,,,,,,,,,,,,,,,,,,,,,,,,,,,,,,,,,,,,,,,,354.0180564589973,354.0262142499996,354.5123810419973,354.5123810419973,354.5842027089966,354.5842027089966,355.133260083996,left,1.1042397499986691,None,355.1334434169985,355.13351474999945,None,,,,,,,,,,,,21049994,0,2025-12-01_12h27.08.742,tilt_mocs,2024.2.4,120.11218477836073,2025-12-01 12h27.34.412624 -0500,
-4,-15.0,,9,9,0,,,,,,,,,,c-4,negs,100,left,1.0060004170009051,None,None,,,,,,,,,,,0,9,9,450,355.14469920899865,,,,,,,,,,,,,,,,,,,,,,,,,,,,,,,,,,,,,,,,,,,,,,,,,,,,,,,,,,,,,,,,355.1362578749977,355.14469920899865,355.6287997920008,355.6287997920008,355.70198420900124,355.70198420900124,356.1536034169985,left,1.0060004170009051,None,356.1537055840017,356.1537485000008,None,,,,,,,,,,,,21049994,0,2025-12-01_12h27.08.742,tilt_mocs,2024.2.4,120.11218477836073,2025-12-01 12h27.34.412624 -0500,
-2,-15.0,,10,10,0,,,,,,,,,,c-2,negs,100,left,1.3003134580067126,None,None,,,,,,,,,,,0,10,10,523,356.1794343750007,,,,,,,,,,,,,,,,,,,,,,,,,,,,,,,,,,,,,,,,,,,,,,,,,,,,,,,,,,,,,,,,356.15563575000124,356.1794343750007,356.64578304199676,356.64578304199676,356.7175483749961,356.7175483749961,357.48241133400006,left,1.3003134580067126,None,357.48258662499575,357.4826486249949,None,,,,,,,,,,,,21049994,0,2025-12-01_12h27.08.742,tilt_mocs,2024.2.4,120.11218477836073,2025-12-01 12h27.34.412624 -0500,
2,15.0,,11,11,0,,,,,,,,,,c+2,poss,100,left,1.089013500000874,None,None,,,,,,,,,,,0,11,11,167,357.493660084001,,,,,,,,,,,,,,,,,,,,,,,,,,,,,,,,,,,,,,,,,,,,,,,,,,,,,,,,,,,,,,,,357.4852994169996,357.493660084001,357.979190166996,357.979190166996,358.0516430839998,358.0516430839998,358.5887503339982,left,1.089013500000874,None,358.5888921250007,358.5889509999979,None,,,,,,,,,,,,21049994,0,2025-12-01_12h27.08.742,tilt_mocs,2024.2.4,120.11218477836073,2025-12-01 12h27.34.412624 -0500,
0,-15.0,,12,12,0,,,,,,,,,,c+0,negs,100,right,0.993914250000671,None,None,,,,,,,,,,,0,12,12,571,358.59896899999876,,,,,,,,,,,,,,,,,,,,,,,,,,,,,,,,,,,,,,,,,,,,,,,,,,,,,,,,,,,,,,,,358.5911249169949,358.59896899999876,359.0880172499965,359.0880172499965,359.16323462499713,359.16323462499713,359.5983026670001,right,0.993914250000671,None,359.5984332500011,359.5984884169957,None,,,,,,,,,,,,21049994,0,2025-12-01_12h27.08.742,tilt_mocs,2024.2.4,120.11218477836073,2025-12-01 12h27.34.412624 -0500,
-2,-15.0,,13,13,0,,,,,,,,,,c-2,negs,100,right,1.1891995830010273,None,None,,,,,,,,,,,0,13,13,534,359.60897112499515,,,,,,,,,,,,,,,,,,,,,,,,,,,,,,,,,,,,,,,,,,,,,,,,,,,,,,,,,,,,,,,,359.60093524999684,359.60897112499515,360.09600004200183,360.09600004200183,360.168139166999,360.168139166999,360.8047222089954,right,1.1891995830010273,None,360.8048585419965,360.80491345899645,None,,,,,,,,,,,,21049994,0,2025-12-01_12h27.08.742,tilt_mocs,2024.2.4,120.11218477836073,2025-12-01 12h27.34.412624 -0500,
-2,-15.0,,14,14,0,,,,,,,,,,c-2,negs,100,right,1.0527882499955012,None,None,,,,,,,,,,,0,14,14,529,360.8153624999977,,,,,,,,,,,,,,,,,,,,,,,,,,,,,,,,,,,,,,,,,,,,,,,,,,,,,,,,,,,,,,,,360.80693395900016,360.8153624999977,361.3050473339972,361.3050473339972,361.3800941669979,361.3800941669979,361.8721914170019,right,1.0527882499955012,None,361.872333416999,361.8723908339962,None,,,,,,,,,,,,21049994,0,2025-12-01_12h27.08.742,tilt_mocs,2024.2.4,120.11218477836073,2025-12-01 12h27.34.412624 -0500,
2,15.0,,15,15,0,,,,,,,,,,c+2,poss,100,left,1.0100482499983627,None,None,,,,,,,,,,,0,15,15,120,361.88244187500095,,,,,,,,,,,,,,,,,,,,,,,,,,,,,,,,,,,,,,,,,,,,,,,,,,,,,,,,,,,,,,,,361.87447337499907,361.88244187500095,362.37203804199817,362.37203804199817,362.446448333998,362.446448333998,362.89860937499907,left,1.0100482499983627,None,362.8987163339989,362.8987592919948,None,,,,,,,,,,,,21049994,0,2025-12-01_12h27.08.742,tilt_mocs,2024.2.4,120.11218477836073,2025-12-01 12h27.34.412624 -0500,
4,0.0,,16,16,0,,,,,,,,,,c+4,noss,0,right,0.9949372080009198,None,None,,,,,,,,,,,0,16,16,972,362.90863145899493,,,,,,,,,,,,,,,,,,,,,,,,,,,,,,,,,,,,,,,,,,,,,,,,,,,,,,,,,,,,,,,,362.90068208400044,362.90863145899493,363.39599541699863,363.39599541699863,363.4689314589996,363.4689314589996,363.9157756249988,right,0.9949372080009198,None,363.9159453749962,363.9160051669969,None,,,,,,,,,,,,21049994,0,2025-12-01_12h27.08.742,tilt_mocs,2024.2.4,120.11218477836073,2025-12-01 12h27.34.412624 -0500,
8,15.0,,17,17,0,,,,,,,,,,c+8,poss,100,right,0.9442006249955739,None,None,,,,,,,,,,,0,17,17,333,363.92659879200073,,,,,,,,,,,,,,,,,,,,,,,,,,,,,,,,,,,,,,,,,,,,,,,,,,,,,,,,,,,,,,,,363.9183365839999,363.92659879200073,364.41295516699756,364.41295516699756,364.4849105839967,364.4849105839967,364.8824069589973,right,0.9442006249955739,None,364.88256283399824,364.8826264169984,None,,,,,,,,,,,,21049994,0,2025-12-01_12h27.08.742,tilt_mocs,2024.2.4,120.11218477836073,2025-12-01 12h27.34.412624 -0500,
1,0.0,,18,18,0,,,,,,,,,,c+1,noss,0,left,0.9381827910037828,None,None,,,,,,,,,,,0,18,18,862,364.8932959169979,,,,,,,,,,,,,,,,,,,,,,,,,,,,,,,,,,,,,,,,,,,,,,,,,,,,,,,,,,,,,,,,364.88495654199505,364.8932959169979,365.37943295900186,365.37943295900186,365.45246412499546,365.45246412499546,365.83825462499954,left,0.9381827910037828,None,365.8384105419973,365.8384686249992,None,,,,,,,,,,,,21049994,0,2025-12-01_12h27.08.742,tilt_mocs,2024.2.4,120.11218477836073,2025-12-01 12h27.34.412624 -0500,
4,0.0,,19,19,0,,,,,,,,,,c+4,noss,0,right,0.9986950000020443,None,None,,,,,,,,,,,0,19,19,1003,365.84900354199635,,,,,,,,,,,,,,,,,,,,,,,,,,,,,,,,,,,,,,,,,,,,,,,,,,,,,,,,,,,,,,,,365.84065429199836,365.84900354199635,366.33850529199844,366.33850529199844,366.4131392499985,366.4131392499985,366.8539252089977,right,0.9986950000020443,None,366.8540293749975,366.85407529200165,None,,,,,,,,,,,,21049994,0,2025-12-01_12h27.08.742,tilt_mocs,2024.2.4,120.11218477836073,2025-12-01 12h27.34.412624 -0500,
1,0.0,,20,20,0,,,,,,,,,,c+1,noss,0,left,0.9405208750031306,None,None,,,,,,,,,,,0,20,20,844,366.8796971249976,,,,,,,,,,,,,,,,,,,,,,,,,,,,,,,,,,,,,,,,,,,,,,,,,,,,,,,,,,,,,,,,366.8560360420015,366.8796971249976,367.35571133399935,367.35571133399935,367.4303031669988,367.4303031669988,367.83225149999635,left,0.9405208750031306,None,367.8323869999949,367.83244258399645,None,,,,,,,,,,,,21049994,0,2025-12-01_12h27.08.742,tilt_mocs,2024.2.4,120.11218477836073,2025-12-01 12h27.34.412624 -0500,
-6,-15.0,,21,21,0,,,,,,,,,,c-6,negs,100,left,0.9487475409987383,None,None,,,,,,,,,,,0,21,21,406,367.8430660000013,,,,,,,,,,,,,,,,,,,,,,,,,,,,,,,,,,,,,,,,,,,,,,,,,,,,,,,,,,,,,,,,367.8348653339999,367.8430660000013,368.3295049169974,368.3295049169974,368.4021897089988,368.4021897089988,368.7990803749999,left,0.9487475409987383,None,368.7992166249969,368.79927250000037,None,,,,,,,,,,,,21049994,0,2025-12-01_12h27.08.742,tilt_mocs,2024.2.4,120.11218477836073,2025-12-01 12h27.34.412624 -0500,
2,15.0,,22,22,0,,,,,,,,,,c+2,poss,100,left,1.033231125002203,None,None,,,,,,,,,,,0,22,22,131,368.80936149999616,,,,,,,,,,,,,,,,,,,,,,,,,,,,,,,,,,,,,,,,,,,,,,,,,,,,,,,,,,,,,,,,368.80131745900144,368.80936149999616,369.2961953339982,369.2961953339982,369.36881954199634,369.36881954199634,369.848974499997,left,1.033231125002203,None,369.8490813749959,369.84912845899817,None,,,,,,,,,,,,21049994,0,2025-12-01_12h27.08.742,tilt_mocs,2024.2.4,120.11218477836073,2025-12-01 12h27.34.412624 -0500,
0,-15.0,,23,23,0,,,,,,,,,,c+0,negs,100,right,1.0792547919991193,None,None,,,,,,,,,,,0,23,23,600,369.8590449999974,,,,,,,,,,,,,,,,,,,,,,,,,,,,,,,,,,,,,,,,,,,,,,,,,,,,,,,,,,,,,,,,369.85103149999486,369.8590449999974,370.34637758399913,370.34637758399913,370.4195938339981,370.4195938339981,370.949052416996,right,1.0792547919991193,None,370.949188999999,370.9492448339952,None,,,,,,,,,,,,21049994,0,2025-12-01_12h27.08.742,tilt_mocs,2024.2.4,120.11218477836073,2025-12-01 12h27.34.412624 -0500,
8,15.0,,24,24,0,,,,,,,,,,c+8,poss,100,right,0.9459334170023794,None,None,,,,,,,,,,,0,24,24,282,370.9598231669952,,,,,,,,,,,,,,,,,,,,,,,,,,,,,,,,,,,,,,,,,,,,,,,,,,,,,,,,,,,,,,,,370.9517004590016,370.9598231669952,371.446433416997,371.446433416997,371.51955958399776,371.51955958399776,371.915852291997,right,0.9459334170023794,None,371.91609854199487,371.9161957499964,None,,,,,,,,,,,,21049994,0,2025-12-01_12h27.08.742,tilt_mocs,2024.2.4,120.11218477836073,2025-12-01 12h27.34.412624 -0500,
6,15.0,,25,25,0,,,,,,,,,,c+6,poss,100,right,1.3873505000010482,None,None,,,,,,,,,,,0,25,25,272,371.92681558399636,,,,,,,,,,,,,,,,,,,,,,,,,,,,,,,,,,,,,,,,,,,,,,,,,,,,,,,,,,,,,,,,371.91859137499705,371.92681558399636,372.4129821669994,372.4129821669994,372.48495824999554,372.48495824999554,373.31678162499884,right,1.3873505000010482,None,373.31690654200065,373.3169512499953,None,,,,,,,,,,,,21049994,0,2025-12-01_12h27.08.742,tilt_mocs,2024.2.4,120.11218477836073,2025-12-01 12h27.34.412624 -0500,
2,0.0,,26,26,0,,,,,,,,,,c+2,noss,0,left,1.3107024589990033,None,None,,,,,,,,,,,0,26,26,942,373.3269167089966,,,,,,,,,,,,,,,,,,,,,,,,,,,,,,,,,,,,,,,,,,,,,,,,,,,,,,,,,,,,,,,,373.31901520899555,373.3269167089966,373.81306120899535,373.81306120899535,373.8854311249961,373.8854311249961,374.6490918339987,left,1.3107024589990033,None,374.64923233399895,374.6492865420005,None,,,,,,,,,,,,21049994,0,2025-12-01_12h27.08.742,tilt_mocs,2024.2.4,120.11218477836073,2025-12-01 12h27.34.412624 -0500,
2,15.0,,27,27,0,,,,,,,,,,c+2,poss,100,left,1.0631355000004987,None,None,,,,,,,,,,,0,27,27,112,374.659319458995,,,,,,,,,,,,,,,,,,,,,,,,,,,,,,,,,,,,,,,,,,,,,,,,,,,,,,,,,,,,,,,,374.6513686670005,374.659319458995,375.14653862499836,375.14653862499836,375.2187924999962,375.2187924999962,375.7328108750007,left,1.0631355000004987,None,375.7329831669995,375.733035792,None,,,,,,,,,,,,21049994,0,2025-12-01_12h27.08.742,tilt_mocs,2024.2.4,120.11218477836073,2025-12-01 12h27.34.412624 -0500,
-2,-15.0,,28,28,0,,,,,,,,,,c-2,negs,100,left,1.098056541995902,None,None,,,,,,,,,,,0,28,28,545,375.74388324999745,,,,,,,,,,,,,,,,,,,,,,,,,,,,,,,,,,,,,,,,,,,,,,,,,,,,,,,,,,,,,,,,375.73567337499844,375.74388324999745,376.2299349169989,376.2299349169989,376.3022202919965,376.3022202919965,376.84945587499533,left,1.098056541995902,None,376.84958016699966,376.8496243339978,None,,,,,,,,,,,,21049994,0,2025-12-01_12h27.08.742,tilt_mocs,2024.2.4,120.11218477836073,2025-12-01 12h27.34.412624 -0500,
-4,-15.0,,29,29,0,,,,,,,,,,c-4,negs,100,left,0.9587975829999777,None,None,,,,,,,,,,,0,29,29,449,376.8595028339987,,,,,,,,,,,,,,,,,,,,,,,,,,,,,,,,,,,,,,,,,,,,,,,,,,,,,,,,,,,,,,,,376.8515394999995,376.8595028339987,377.3466256669999,377.3466256669999,377.4187264169959,377.4187264169959,377.82264437499543,left,0.9587975829999777,None,377.82278654199763,377.8228429590017,None,,,,,,,,,,,,21049994,0,2025-12-01_12h27.08.742,tilt_mocs,2024.2.4,120.11218477836073,2025-12-01 12h27.34.412624 -0500,
2,15.0,,30,30,0,,,,,,,,,,c+2,poss,100,left,1.0902947499998845,None,None,,,,,,,,,,,0,30,30,141,377.83283904199925,,,,,,,,,,,,,,,,,,,,,,,,,,,,,,,,,,,,,,,,,,,,,,,,,,,,,,,,,,,,,,,,377.82491391700023,377.83283904199925,378.3232847920008,378.3232847920008,378.3968972090006,378.3968972090006,378.9327280419966,left,1.0902947499998845,None,378.9329020840014,378.9329641669974,None,,,,,,,,,,,,21049994,0,2025-12-01_12h27.08.742,tilt_mocs,2024.2.4,120.11218477836073,2025-12-01 12h27.34.412624 -0500,
2,15.0,,31,31,0,,,,,,,,,,c+2,poss,100,left,1.0253759589977562,None,None,,,,,,,,,,,0,31,31,148,378.9439757500004,,,,,,,,,,,,,,,,,,,,,,,,,,,,,,,,,,,,,,,,,,,,,,,,,,,,,,,,,,,,,,,,378.9357281249977,378.9439757500004,379.42994391699904,379.42994391699904,379.5022617919967,379.5022617919967,379.9718254170002,left,1.0253759589977562,None,379.97186804199737,379.9718830839993,None,,,,,,,,,,,,21049994,0,2025-12-01_12h27.08.742,tilt_mocs,2024.2.4,120.11218477836073,2025-12-01 12h27.34.412624 -0500,
8,15.0,,32,32,0,,,,,,,,,,c+8,poss,100,right,1.2113996250045602,None,None,,,,,,,,,,,0,32,32,287,379.97973120900133,,,,,,,,,,,,,,,,,,,,,,,,,,,,,,,,,,,,,,,,,,,,,,,,,,,,,,,,,,,,,,,,379.9725809169977,379.97973120900133,380.4721546669971,380.4721546669971,380.547192334001,380.547192334001,381.1994952499954,right,1.2113996250045602,None,381.19962945899897,381.1996852500015,None,,,,,,,,,,,,21049994,0,2025-12-01_12h27.08.742,tilt_mocs,2024.2.4,120.11218477836073,2025-12-01 12h27.34.412624 -0500,
2,-15.0,,33,33,0,,,,,,,,,,c+2,negs,100,right,1.1280843330023345,None,None,,,,,,,,,,,0,33,33,624,381.2099607919954,,,,,,,,,,,,,,,,,,,,,,,,,,,,,,,,,,,,,,,,,,,,,,,,,,,,,,,,,,,,,,,,381.20184162499936,381.2099607919954,381.6968469169951,381.6968469169951,381.7684190419968,381.7684190419968,382.3493919589964,right,1.1280843330023345,None,382.349526375001,382.34958124999685,None,,,,,,,,,,,,21049994,0,2025-12-01_12h27.08.742,tilt_mocs,2024.2.4,120.11218477836073,2025-12-01 12h27.34.412624 -0500,
-4,-15.0,,34,34,0,,,,,,,,,,c-4,negs,100,right,1.2272803749947343,None,None,,,,,,,,,,,0,34,34,461,382.36036016699654,,,,,,,,,,,,,,,,,,,,,,,,,,,,,,,,,,,,,,,,,,,,,,,,,,,,,,,,,,,,,,,,382.3519869169977,382.36036016699654,382.8467951249986,382.8467951249986,382.919054375001,382.919054375001,383.59904129200004,right,1.2272803749947343,None,383.5991869999998,383.5992607500011,None,,,,,,,,,,,,21049994,0,2025-12-01_12h27.08.742,tilt_mocs,2024.2.4,120.11218477836073,2025-12-01 12h27.34.412624 -0500,
-6,-15.0,,35,35,0,,,,,,,,,,c-6,negs,100,left,1.0107855839960393,None,None,,,,,,,,,,,0,35,35,435,383.60980316699715,,,,,,,,,,,,,,,,,,,,,,,,,,,,,,,,,,,,,,,,,,,,,,,,,,,,,,,,,,,,,,,,383.601420084,383.60980316699715,384.09677383399685,384.09677383399685,384.1691523339978,384.1691523339978,384.62313158399775,left,1.0107855839960393,None,384.6232409590011,384.62328420899576,None,,,,,,,,,,,,21049994,0,2025-12-01_12h27.08.742,tilt_mocs,2024.2.4,120.11218477836073,2025-12-01 12h27.34.412624 -0500,
-4,0.0,,36,36,0,,,,,,,,,,c-4,noss,0,left,0.9469365410041064,None,None,,,,,,,,,,,0,36,36,708,384.633347666997,,,,,,,,,,,,,,,,,,,,,,,,,,,,,,,,,,,,,,,,,,,,,,,,,,,,,,,,,,,,,,,,384.6251867089959,384.633347666997,385.1220415419957,385.1220415419957,385.1971205419977,385.1971205419977,385.5827916249982,left,0.9469365410041064,None,385.5828996669952,385.5829429169971,None,,,,,,,,,,,,21049994,0,2025-12-01_12h27.08.742,tilt_mocs,2024.2.4,120.11218477836073,2025-12-01 12h27.34.412624 -0500,
8,15.0,,37,37,0,,,,,,,,,,c+8,poss,100,right,1.2681084159994498,None,None,,,,,,,,,,,0,37,37,331,385.5928647089968,,,,,,,,,,,,,,,,,,,,,,,,,,,,,,,,,,,,,,,,,,,,,,,,,,,,,,,,,,,,,,,,385.5848609999957,385.5928647089968,386.0802027089958,386.0802027089958,386.153151833998,386.153151833998,386.8663813749954,right,1.2681084159994498,None,386.8665164589984,386.86657374999777,None,,,,,,,,,,,,21049994,0,2025-12-01_12h27.08.742,tilt_mocs,2024.2.4,120.11218477836073,2025-12-01 12h27.34.412624 -0500,
1,0.0,,38,38,0,,,,,,,,,,c+1,noss,0,left,0.987363207997987,None,None,,,,,,,,,,,0,38,38,895,386.8767957089949,,,,,,,,,,,,,,,,,,,,,,,,,,,,,,,,,,,,,,,,,,,,,,,,,,,,,,,,,,,,,,,,386.86877662500046,386.8767957089949,387.36360045900074,387.36360045900074,387.43582020900067,387.43582020900067,387.8668173749975,left,0.987363207997987,None,387.8669713749987,387.8670304999978,None,,,,,,,,,,,,21049994,0,2025-12-01_12h27.08.742,tilt_mocs,2024.2.4,120.11218477836073,2025-12-01 12h27.34.412624 -0500,
-4,-15.0,,39,39,0,,,,,,,,,,c-4,negs,100,left,0.9964006250011153,None,None,,,,,,,,,,,0,39,39,467,387.8775739999983,,,,,,,,,,,,,,,,,,,,,,,,,,,,,,,,,,,,,,,,,,,,,,,,,,,,,,,,,,,,,,,,387.8693899169957,387.8775739999983,388.36355399999593,388.36355399999593,388.43664666699624,388.43664666699624,388.8833420419978,left,0.9964006250011153,None,388.8834937089996,388.8835535839971,None,,,,,,,,,,,,21049994,0,2025-12-01_12h27.08.742,tilt_mocs,2024.2.4,120.11218477836073,2025-12-01 12h27.34.412624 -0500,
4,15.0,,40,40,0,,,,,,,,,,c+4,poss,100,left,1.0209415829958743,None,None,,,,,,,,,,,0,40,40,222,388.8938834590008,,,,,,,,,,,,,,,,,,,,,,,,,,,,,,,,,,,,,,,,,,,,,,,,,,,,,,,,,,,,,,,,388.8857937089997,388.8938834590008,389.3803282500012,389.3803282500012,389.4529491249996,389.4529491249996,389.92557320899505,left,1.0209415829958743,None,389.9256774999958,389.9257207089977,None,,,,,,,,,,,,21049994,0,2025-12-01_12h27.08.742,tilt_mocs,2024.2.4,120.11218477836073,2025-12-01 12h27.34.412624 -0500,
-2,-15.0,,41,41,0,,,,,,,,,,c-2,negs,100,left,1.1011970420004218,None,None,,,,,,,,,,,0,41,41,542,389.9330910839999,,,,,,,,,,,,,,,,,,,,,,,,,,,,,,,,,,,,,,,,,,,,,,,,,,,,,,,,,,,,,,,,389.9276565839973,389.9330910839999,390.4228792499998,390.4228792499998,390.49755687500146,390.49755687500146,391.03818712499924,left,1.1011970420004218,None,391.0383150419948,391.03836933399725,None,,,,,,,,,,,,21049994,0,2025-12-01_12h27.08.742,tilt_mocs,2024.2.4,120.11218477836073,2025-12-01 12h27.34.412624 -0500,
-8,-15.0,,42,42,0,,,,,,,,,,c-8,negs,100,left,1.009528707996651,None,None,,,,,,,,,,,0,42,42,390,391.04926633399737,,,,,,,,,,,,,,,,,,,,,,,,,,,,,,,,,,,,,,,,,,,,,,,,,,,,,,,,,,,,,,,,391.04063116700127,391.04926633399737,391.53920387499966,391.53920387499966,391.6141982920017,391.6141982920017,392.0665502089978,left,1.009528707996651,None,392.06670708399906,392.06676666699786,None,,,,,,,,,,,,21049994,0,2025-12-01_12h27.08.742,tilt_mocs,2024.2.4,120.11218477836073,2025-12-01 12h27.34.412624 -0500,
-6,-15.0,,43,43,0,,,,,,,,,,c-6,negs,100,left,0.9769934170035413,None,None,,,,,,,,,,,0,43,43,392,392.0778214999955,,,,,,,,,,,,,,,,,,,,,,,,,,,,,,,,,,,,,,,,,,,,,,,,,,,,,,,,,,,,,,,,392.06949962499493,392.0778214999955,392.5639638339999,392.5639638339999,392.63614795899775,392.63614795899775,393.06556320899836,left,0.9769934170035413,None,393.06567716699647,393.065720958999,None,,,,,,,,,,,,21049994,0,2025-12-01_12h27.08.742,tilt_mocs,2024.2.4,120.11218477836073,2025-12-01 12h27.34.412624 -0500,
-2,-15.0,,44,44,0,,,,,,,,,,c-2,negs,100,left,1.087367207997886,None,None,,,,,,,,,,,0,44,44,544,393.0725626249987,,,,,,,,,,,,,,,,,,,,,,,,,,,,,,,,,,,,,,,,,,,,,,,,,,,,,,,,,,,,,,,,393.0677004169993,393.0725626249987,393.56385412500094,393.56385412500094,393.6359260419995,393.6359260419995,394.1664707089949,left,1.087367207997886,None,394.1666045419988,394.1666640420008,None,,,,,,,,,,,,21049994,0,2025-12-01_12h27.08.742,tilt_mocs,2024.2.4,120.11218477836073,2025-12-01 12h27.34.412624 -0500,
-1,0.0,,45,45,0,,,,,,,,,,c-1,noss,0,left,0.955322541994974,None,None,,,,,,,,,,,0,45,45,812,394.1772266670014,,,,,,,,,,,,,,,,,,,,,,,,,,,,,,,,,,,,,,,,,,,,,,,,,,,,,,,,,,,,,,,,394.1690120419953,394.1772266670014,394.6638174999971,394.6638174999971,394.7365777090017,394.7365777090017,395.1394370419948,left,0.955322541994974,None,395.13954558399564,395.13958970899694,None,,,,,,,,,,,,21049994,0,2025-12-01_12h27.08.742,tilt_mocs,2024.2.4,120.11218477836073,2025-12-01 12h27.34.412624 -0500,
6,15.0,,46,46,0,,,,,,,,,,c+6,poss,100,left,1.0395347919984488,None,None,,,,,,,,,,,0,46,46,248,395.14982487499947,,,,,,,,,,,,,,,,,,,,,,,,,,,,,,,,,,,,,,,,,,,,,,,,,,,,,,,,,,,,,,,,395.1415522919997,395.14982487499947,395.639318208996,395.639318208996,395.71449995900184,395.71449995900184,396.1997270419961,left,1.0395347919984488,None,396.19986570900073,396.19992220900167,None,,,,,,,,,,,,21049994,0,2025-12-01_12h27.08.742,tilt_mocs,2024.2.4,120.11218477836073,2025-12-01 12h27.34.412624 -0500,
2,0.0,,47,47,0,,,,,,,,,,c+2,noss,0,left,0.9375772079947637,None,None,,,,,,,,,,,0,47,47,904,396.2105169589995,,,,,,,,,,,,,,,,,,,,,,,,,,,,,,,,,,,,,,,,,,,,,,,,,,,,,,,,,,,,,,,,396.2024130419959,396.2105169589995,396.6971946249978,396.6971946249978,396.77026758399734,396.77026758399734,397.1505737920015,left,0.9375772079947637,None,397.15072325000074,397.15078012499725,None,,,,,,,,,,,,21049994,0,2025-12-01_12h27.08.742,tilt_mocs,2024.2.4,120.11218477836073,2025-12-01 12h27.34.412624 -0500,
8,15.0,,48,48,0,,,,,,,,,,c+8,poss,100,left,1.1273155419985414,None,None,,,,,,,,,,,0,48,48,281,397.16116304200114,,,,,,,,,,,,,,,,,,,,,,,,,,,,,,,,,,,,,,,,,,,,,,,,,,,,,,,,,,,,,,,,397.1532256249993,397.16116304200114,397.64726599999995,397.64726599999995,397.71951999999874,397.71951999999874,398.29997004199686,left,1.1273155419985414,None,398.3000752919979,398.30011783399823,None,,,,,,,,,,,,21049994,0,2025-12-01_12h27.08.742,tilt_mocs,2024.2.4,120.11218477836073,2025-12-01 12h27.34.412624 -0500,
0,15.0,,49,49,0,,,,,,,,,,c+0,poss,100,left,1.080534833999991,None,None,,,,,,,,,,,0,49,49,110,398.3100232919969,,,,,,,,,,,,,,,,,,,,,,,,,,,,,,,,,,,,,,,,,,,,,,,,,,,,,,,,,,,,,,,,398.30204624999897,398.3100232919969,398.796538124996,398.796538124996,398.87041287499596,398.87041287499596,399.40038612499484,left,1.080534833999991,None,399.4006451249952,399.40073554199626,None,,,,,,,,,,,,21049994,0,2025-12-01_12h27.08.742,tilt_mocs,2024.2.4,120.11218477836073,2025-12-01 12h27.34.412624 -0500,
4,15.0,,50,50,0,,,,,,,,,,c+4,poss,100,left,0.9877988750013174,None,None,,,,,,,,,,,0,50,50,202,399.4113347089951,,,,,,,,,,,,,,,,,,,,,,,,,,,,,,,,,,,,,,,,,,,,,,,,,,,,,,,,,,,,,,,,399.4031974169993,399.4113347089951,399.8974323750008,399.8974323750008,399.9703442089958,399.9703442089958,400.40520545899926,left,0.9877988750013174,None,400.4053092920003,400.4053522920003,None,,,,,,,,,,,,21049994,0,2025-12-01_12h27.08.742,tilt_mocs,2024.2.4,120.11218477836073,2025-12-01 12h27.34.412624 -0500,
2,-15.0,,51,51,0,,,,,,,,,,c+2,negs,100,left,1.158381624998583,None,None,,,,,,,,,,,0,51,51,617,400.43098358399584,,,,,,,,,,,,,,,,,,,,,,,,,,,,,,,,,,,,,,,,,,,,,,,,,,,,,,,,,,,,,,,,400.40731370900176,400.43098358399584,400.906581874995,400.906581874995,400.9809574589963,400.9809574589963,401.6001127499985,left,1.158381624998583,None,401.6002426249979,401.6003087499994,None,,,,,,,,,,,,21049994,0,2025-12-01_12h27.08.742,tilt_mocs,2024.2.4,120.11218477836073,2025-12-01 12h27.34.412624 -0500,
2,0.0,,52,52,0,,,,,,,,,,c+2,noss,0,left,1.179220208003244,None,None,,,,,,,,,,,0,52,52,914,401.61025287499797,,,,,,,,,,,,,,,,,,,,,,,,,,,,,,,,,,,,,,,,,,,,,,,,,,,,,,,,,,,,,,,,401.6023007920012,401.61025287499797,402.09751920899726,402.09751920899726,402.16967812499934,402.16967812499934,402.80224912500125,left,1.179220208003244,None,402.80240374999994,402.8024580839992,None,,,,,,,,,,,,21049994,0,2025-12-01_12h27.08.742,tilt_mocs,2024.2.4,120.11218477836073,2025-12-01 12h27.34.412624 -0500,
4,15.0,,53,53,0,,,,,,,,,,c+4,poss,100,left,1.1543652079999447,None,None,,,,,,,,,,,0,53,53,168,402.81290708400047,,,,,,,,,,,,,,,,,,,,,,,,,,,,,,,,,,,,,,,,,,,,,,,,,,,,,,,,,,,,,,,,402.8045608339962,402.81290708400047,403.2974824589983,403.2974824589983,403.3698317919989,403.3698317919989,403.9730986249997,left,1.1543652079999447,None,403.9732322089985,403.97328683399974,None,,,,,,,,,,,,21049994,0,2025-12-01_12h27.08.742,tilt_mocs,2024.2.4,120.11218477836073,2025-12-01 12h27.34.412624 -0500,
1,0.0,,54,54,0,,,,,,,,,,c+1,noss,0,left,1.88962662499398,None,None,,,,,,,,,,,0,54,54,869,403.9840711249999,,,,,,,,,,,,,,,,,,,,,,,,,,,,,,,,,,,,,,,,,,,,,,,,,,,,,,,,,,,,,,,,403.9757477499952,403.9840711249999,404.47332279200054,404.47332279200054,404.5481257919964,404.5481257919964,405.88389599999937,left,1.88962662499398,None,405.8841221670009,405.8842191250005,None,,,,,,,,,,,,21049994,0,2025-12-01_12h27.08.742,tilt_mocs,2024.2.4,120.11218477836073,2025-12-01 12h27.34.412624 -0500,
-4,0.0,,55,55,0,,,,,,,,,,c-4,noss,0,left,1.122438541999145,None,None,,,,,,,,,,,0,55,55,693,405.8962954169983,,,,,,,,,,,,,,,,,,,,,,,,,,,,,,,,,,,,,,,,,,,,,,,,,,,,,,,,,,,,,,,,405.888146624995,405.8962954169983,406.38100962500175,406.38100962500175,406.45427124999696,406.45427124999696,407.02338662499824,left,1.122438541999145,None,407.023513084001,407.02356995899754,None,,,,,,,,,,,,21049994,0,2025-12-01_12h27.08.742,tilt_mocs,2024.2.4,120.11218477836073,2025-12-01 12h27.34.412624 -0500,
-4,-15.0,,56,56,0,,,,,,,,,,c-4,negs,100,left,1.5385987080007908,None,None,,,,,,,,,,,0,56,56,495,407.0341588750016,,,,,,,,,,,,,,,,,,,,,,,,,,,,,,,,,,,,,,,,,,,,,,,,,,,,,,,,,,,,,,,,407.02601100000174,407.0341588750016,407.5228199999983,407.5228199999983,407.59832370899676,407.59832370899676,408.5839053749951,left,1.5385987080007908,None,408.58407704199635,408.58414029199776,None,,,,,,,,,,,,21049994,0,2025-12-01_12h27.08.742,tilt_mocs,2024.2.4,120.11218477836073,2025-12-01 12h27.34.412624 -0500,
-4,0.0,,57,57,0,,,,,,,,,,c-4,noss,0,left,1.0534672499998123,None,None,,,,,,,,,,,0,57,57,685,408.5953187499981,,,,,,,,,,,,,,,,,,,,,,,,,,,,,,,,,,,,,,,,,,,,,,,,,,,,,,,,,,,,,,,,408.5869289589973,408.5953187499981,409.081132416999,409.081132416999,409.1540939589977,409.1540939589977,409.65134245900117,left,1.0534672499998123,None,409.6514764169988,409.6515319169994,None,,,,,,,,,,,,21049994,0,2025-12-01_12h27.08.742,tilt_mocs,2024.2.4,120.11218477836073,2025-12-01 12h27.34.412624 -0500,
8,15.0,,58,58,0,,,,,,,,,,c+8,poss,100,right,0.9938307920019724,None,None,,,,,,,,,,,0,58,58,293,409.66162954199535,,,,,,,,,,,,,,,,,,,,,,,,,,,,,,,,,,,,,,,,,,,,,,,,,,,,,,,,,,,,,,,,409.6536316249985,409.66162954199535,410.14783599999646,410.14783599999646,410.2208867500012,410.2208867500012,410.66699924999557,right,0.9938307920019724,None,410.66713112499565,410.6671858339978,None,,,,,,,,,,,,21049994,0,2025-12-01_12h27.08.742,tilt_mocs,2024.2.4,120.11218477836073,2025-12-01 12h27.34.412624 -0500,
4,15.0,,59,59,0,,,,,,,,,,c+4,poss,100,right,1.1541421250003623,None,None,,,,,,,,,,,0,59,59,205,410.6773987089982,,,,,,,,,,,,,,,,,,,,,,,,,,,,,,,,,,,,,,,,,,,,,,,,,,,,,,,,,,,,,,,,410.6693632089955,410.6773987089982,411.1645331249965,411.1645331249965,411.23674895899603,411.23674895899603,411.8340089589983,right,1.1541421250003623,None,411.8341406670006,411.8341954999996,None,,,,,,,,,,,,21049994,0,2025-12-01_12h27.08.742,tilt_mocs,2024.2.4,120.11218477836073,2025-12-01 12h27.34.412624 -0500,
-8,-15.0,,60,60,0,,,,,,,,,,c-8,negs,100,right,1.540811874998326,None,None,,,,,,,,,,,0,60,60,383,411.8444312089996,,,,,,,,,,,,,,,,,,,,,,,,,,,,,,,,,,,,,,,,,,,,,,,,,,,,,,,,,,,,,,,,411.8365091250016,411.8444312089996,412.3312974169967,412.3312974169967,412.40349587499804,412.40349587499804,413.3902280839975,right,1.540811874998326,None,413.39035858400166,413.3904145419947,None,,,,,,,,,,,,21049994,0,2025-12-01_12h27.08.742,tilt_mocs,2024.2.4,120.11218477836073,2025-12-01 12h27.34.412624 -0500,
-4,0.0,,61,61,0,,,,,,,,,,c-4,noss,0,right,1.1849582499999087,None,None,,,,,,,,,,,0,61,61,672,413.4011104999954,,,,,,,,,,,,,,,,,,,,,,,,,,,,,,,,,,,,,,,,,,,,,,,,,,,,,,,,,,,,,,,,413.3928289589967,413.4011104999954,413.891127709001,413.891127709001,413.96509995900124,413.96509995900124,414.58983087499655,right,1.1849582499999087,None,414.5899700000009,414.59002791700186,None,,,,,,,,,,,,21049994,0,2025-12-01_12h27.08.742,tilt_mocs,2024.2.4,120.11218477836073,2025-12-01 12h27.34.412624 -0500,
-2,0.0,,62,62,0,,,,,,,,,,c-2,noss,0,right,0.9912007919992902,None,None,,,,,,,,,,,0,62,62,752,414.6005678750007,,,,,,,,,,,,,,,,,,,,,,,,,,,,,,,,,,,,,,,,,,,,,,,,,,,,,,,,,,,,,,,,414.5921883339979,414.6005678750007,415.0910094999999,415.0910094999999,415.165466583996,415.165466583996,415.6007959999988,right,0.9912007919992902,None,415.6009725420008,415.60102899999765,None,,,,,,,,,,,,21049994,0,2025-12-01_12h27.08.742,tilt_mocs,2024.2.4,120.11218477836073,2025-12-01 12h27.34.412624 -0500,
8,15.0,,63,63,0,,,,,,,,,,c+8,poss,100,right,1.0036044160005986,None,None,,,,,,,,,,,0,63,63,283,415.61188299999776,,,,,,,,,,,,,,,,,,,,,,,,,,,,,,,,,,,,,,,,,,,,,,,,,,,,,,,,,,,,,,,,415.6037884999969,415.61188299999776,416.0971262089952,416.0971262089952,416.1701313750018,416.1701313750018,416.61823158399784,right,1.0036044160005986,None,416.6183952919964,416.61847091699747,None,,,,,,,,,,,,21049994,0,2025-12-01_12h27.08.742,tilt_mocs,2024.2.4,120.11218477836073,2025-12-01 12h27.34.412624 -0500,
-2,15.0,,64,64,0,,,,,,,,,,c-2,poss,100,left,1.4084745839936659,None,None,,,,,,,,,,,0,64,64,16,416.6294419170008,,,,,,,,,,,,,,,,,,,,,,,,,,,,,,,,,,,,,,,,,,,,,,,,,,,,,,,,,,,,,,,,416.6210710419982,416.6294419170008,417.1147214169978,417.1147214169978,417.18686024999624,417.18686024999624,418.04088749999937,left,1.4084745839936659,None,418.04103254200163,418.04109420899476,None,,,,,,,,,,,,21049994,0,2025-12-01_12h27.08.742,tilt_mocs,2024.2.4,120.11218477836073,2025-12-01 12h27.34.412624 -0500,
-1,0.0,,65,65,0,,,,,,,,,,c-1,noss,0,left,1.0163771250008722,None,None,,,,,,,,,,,0,65,65,818,418.05110799999966,,,,,,,,,,,,,,,,,,,,,,,,,,,,,,,,,,,,,,,,,,,,,,,,,,,,,,,,,,,,,,,,418.0434138339988,418.05110799999966,418.53975379199983,418.53975379199983,418.6154140840008,418.6154140840008,419.07398279199697,left,1.0163771250008722,None,419.07411033399694,419.0741704999964,None,,,,,,,,,,,,21049994,0,2025-12-01_12h27.08.742,tilt_mocs,2024.2.4,120.11218477836073,2025-12-01 12h27.34.412624 -0500,
2,15.0,,66,66,0,,,,,,,,,,c+2,poss,100,left,1.0551791660036542,None,None,,,,,,,,,,,0,66,66,147,419.0843127920016,,,,,,,,,,,,,,,,,,,,,,,,,,,,,,,,,,,,,,,,,,,,,,,,,,,,,,,,,,,,,,,,419.07606554200174,419.0843127920016,419.57353791700007,419.57353791700007,419.64888366699597,419.64888366699597,420.1507970419989,left,1.0551791660036542,None,420.1509346669991,420.1509947919985,None,,,,,,,,,,,,21049994,0,2025-12-01_12h27.08.742,tilt_mocs,2024.2.4,120.11218477836073,2025-12-01 12h27.34.412624 -0500,
-4,-15.0,,67,67,0,,,,,,,,,,c-4,negs,100,left,1.1711304170021322,None,None,,,,,,,,,,,0,67,67,472,420.16157408399886,,,,,,,,,,,,,,,,,,,,,,,,,,,,,,,,,,,,,,,,,,,,,,,,,,,,,,,,,,,,,,,,420.1533766249995,420.16157408399886,420.64844037500006,420.64844037500006,420.72133074999874,420.72133074999874,421.3359260419966,left,1.1711304170021322,None,421.3360787499987,421.3361404169991,None,,,,,,,,,,,,21049994,0,2025-12-01_12h27.08.742,tilt_mocs,2024.2.4,120.11218477836073,2025-12-01 12h27.34.412624 -0500,
0,-15.0,,68,68,0,,,,,,,,,,c+0,negs,100,right,0.9859789169931901,None,None,,,,,,,,,,,0,68,68,577,421.346963416996,,,,,,,,,,,,,,,,,,,,,,,,,,,,,,,,,,,,,,,,,,,,,,,,,,,,,,,,,,,,,,,,421.33867995900073,421.346963416996,421.8315832090011,421.8315832090011,421.90456270900177,421.90456270900177,422.3443957089985,right,0.9859789169931901,None,422.34450574999937,422.3445520419991,None,,,,,,,,,,,,21049994,0,2025-12-01_12h27.08.742,tilt_mocs,2024.2.4,120.11218477836073,2025-12-01 12h27.34.412624 -0500,
-8,-15.0,,69,69,0,,,,,,,,,,c-8,negs,100,left,0.965210834001482,None,None,,,,,,,,,,,0,69,69,341,422.35115233399847,,,,,,,,,,,,,,,,,,,,,,,,,,,,,,,,,,,,,,,,,,,,,,,,,,,,,,,,,,,,,,,,422.34648570900026,422.35115233399847,422.8407044170017,422.8407044170017,422.91546095899685,422.91546095899685,423.32270491700183,left,0.965210834001482,None,423.322831958998,423.32288712499576,None,,,,,,,,,,,,21049994,0,2025-12-01_12h27.08.742,tilt_mocs,2024.2.4,120.11218477836073,2025-12-01 12h27.34.412624 -0500,
6,15.0,,70,70,0,,,,,,,,,,c+6,poss,100,right,1.2764213750051567,None,None,,,,,,,,,,,0,70,70,250,423.3484170419979,,,,,,,,,,,,,,,,,,,,,,,,,,,,,,,,,,,,,,,,,,,,,,,,,,,,,,,,,,,,,,,,423.3248699589967,423.3484170419979,423.824663333995,423.824663333995,423.89878266699816,423.89878266699816,424.6344447090014,right,1.2764213750051567,None,424.63457491699955,424.6346301250014,None,,,,,,,,,,,,21049994,0,2025-12-01_12h27.08.742,tilt_mocs,2024.2.4,120.11218477836073,2025-12-01 12h27.34.412624 -0500,
4,15.0,,71,71,0,,,,,,,,,,c+4,poss,100,right,0.9283719580053003,None,None,,,,,,,,,,,0,71,71,201,424.64455050000106,,,,,,,,,,,,,,,,,,,,,,,,,,,,,,,,,,,,,,,,,,,,,,,,,,,,,,,,,,,,,,,,424.6366197499956,424.64455050000106,425.1316089999964,425.1316089999964,425.2157076250005,425.2157076250005,425.5758181669953,right,0.9283719580053003,None,425.5759599169978,425.5760176249969,None,,,,,,,,,,,,21049994,0,2025-12-01_12h27.08.742,tilt_mocs,2024.2.4,120.11218477836073,2025-12-01 12h27.34.412624 -0500,
4,15.0,,72,72,0,,,,,,,,,,c+4,poss,100,right,1.0395737500002724,None,None,,,,,,,,,,,0,72,72,185,425.5853887919948,,,,,,,,,,,,,,,,,,,,,,,,,,,,,,,,,,,,,,,,,,,,,,,,,,,,,,,,,,,,,,,,425.57803525000054,425.5853887919948,426.07429141699686,426.07429141699686,426.14883795900096,426.14883795900096,426.63460287499765,right,1.0395737500002724,None,426.63473591699585,426.63479099999677,None,,,,,,,,,,,,21049994,0,2025-12-01_12h27.08.742,tilt_mocs,2024.2.4,120.11218477836073,2025-12-01 12h27.34.412624 -0500,
-2,0.0,,73,73,0,,,,,,,,,,c-2,noss,0,left,1.0878391669975827,None,None,,,,,,,,,,,0,73,73,769,426.6449843340015,,,,,,,,,,,,,,,,,,,,,,,,,,,,,,,,,,,,,,,,,,,,,,,,,,,,,,,,,,,,,,,,426.63700116700056,426.6449843340015,427.13178337499994,427.13178337499994,427.2038980840007,427.2038980840007,427.73569070899975,left,1.0878391669975827,None,427.7358340840001,427.73589516699576,None,,,,,,,,,,,,21049994,0,2025-12-01_12h27.08.742,tilt_mocs,2024.2.4,120.11218477836073,2025-12-01 12h27.34.412624 -0500,
-4,0.0,,74,74,0,,,,,,,,,,c-4,noss,0,left,1.0022796249977546,None,None,,,,,,,,,,,0,74,74,719,427.7466116669966,,,,,,,,,,,,,,,,,,,,,,,,,,,,,,,,,,,,,,,,,,,,,,,,,,,,,,,,,,,,,,,,427.73823374999483,427.7466116669966,428.23172120899835,428.23172120899835,428.30454525000096,428.30454525000096,428.7512913749961,left,1.0022796249977546,None,428.7514242920006,428.75147962499614,None,,,,,,,,,,,,21049994,0,2025-12-01_12h27.08.742,tilt_mocs,2024.2.4,120.11218477836073,2025-12-01 12h27.34.412624 -0500,
2,-15.0,,75,75,0,,,,,,,,,,c+2,negs,100,right,0.9777665419969708,None,None,,,,,,,,,,,0,75,75,616,428.7617631249959,,,,,,,,,,,,,,,,,,,,,,,,,,,,,,,,,,,,,,,,,,,,,,,,,,,,,,,,,,,,,,,,428.75379574999533,428.7617631249959,429.2484003339996,429.2484003339996,429.3209746249995,429.3209746249995,429.75117395899724,right,0.9777665419969708,None,429.7512820839984,429.75132595899777,None,,,,,,,,,,,,21049994,0,2025-12-01_12h27.08.742,tilt_mocs,2024.2.4,120.11218477836073,2025-12-01 12h27.34.412624 -0500,
0,-15.0,,76,76,0,,,,,,,,,,c+0,negs,100,right,0.9602889170055278,None,None,,,,,,,,,,,0,76,76,582,429.7655938339958,,,,,,,,,,,,,,,,,,,,,,,,,,,,,,,,,,,,,,,,,,,,,,,,,,,,,,,,,,,,,,,,429.7533062500006,429.7655938339958,430.24848774999555,430.24848774999555,430.3201120839949,430.3201120839949,430.7346015000003,right,0.9602889170055278,None,430.73476720899635,430.73482683399925,None,,,,,,,,,,,,21049994,0,2025-12-01_12h27.08.742,tilt_mocs,2024.2.4,120.11218477836073,2025-12-01 12h27.34.412624 -0500,
-2,15.0,,77,77,0,,,,,,,,,,c-2,poss,100,left,1.0723211250005988,None,None,,,,,,,,,,,0,77,77,8,430.74582137499965,,,,,,,,,,,,,,,,,,,,,,,,,,,,,,,,,,,,,,,,,,,,,,,,,,,,,,,,,,,,,,,,430.73736291699606,430.74582137499965,431.23182579199784,431.23182579199784,431.30421404200024,431.30421404200024,431.82294966699556,left,1.0723211250005988,None,431.8230794170013,431.8231412499954,None,,,,,,,,,,,,21049994,0,2025-12-01_12h27.08.742,tilt_mocs,2024.2.4,120.11218477836073,2025-12-01 12h27.34.412624 -0500,
-1,0.0,,78,78,0,,,,,,,,,,c-1,noss,0,left,0.9445936250049272,None,None,,,,,,,,,,,0,78,78,788,431.84877108399814,,,,,,,,,,,,,,,,,,,,,,,,,,,,,,,,,,,,,,,,,,,,,,,,,,,,,,,,,,,,,,,,431.8253325839978,431.84877108399814,432.3252807499957,432.3252807499957,432.3990982920004,432.3990982920004,432.80143395900086,left,0.9445936250049272,None,432.80161704200145,432.801681500001,None,,,,,,,,,,,,21049994,0,2025-12-01_12h27.08.742,tilt_mocs,2024.2.4,120.11218477836073,2025-12-01 12h27.34.412624 -0500,
2,-15.0,,79,79,0,,,,,,,,,,c+2,negs,100,right,0.9504607919952832,None,None,,,,,,,,,,,0,79,79,635,432.812571167,,,,,,,,,,,,,,,,,,,,,,,,,,,,,,,,,,,,,,,,,,,,,,,,,,,,,,,,,,,,,,,,432.8042703749961,432.812571167,433.2985852499987,433.2985852499987,433.37129654199816,433.37129654199816,433.7679475420009,right,0.9504607919952832,None,433.7680520840004,433.76809545899596,None,,,,,,,,,,,,21049994,0,2025-12-01_12h27.08.742,tilt_mocs,2024.2.4,120.11218477836073,2025-12-01 12h27.34.412624 -0500,
2,-15.0,,80,80,0,,,,,,,,,,c+2,negs,100,right,0.9406066249939613,None,None,,,,,,,,,,,0,80,80,630,433.77794133399584,,,,,,,,,,,,,,,,,,,,,,,,,,,,,,,,,,,,,,,,,,,,,,,,,,,,,,,,,,,,,,,,433.76998304199515,433.77794133399584,434.26530866699613,434.26530866699613,434.33757933400193,434.33757933400193,434.72310925000056,right,0.9406066249939613,None,434.7232323339995,434.72329020899633,None,,,,,,,,,,,,21049994,0,2025-12-01_12h27.08.742,tilt_mocs,2024.2.4,120.11218477836073,2025-12-01 12h27.34.412624 -0500,
2,0.0,,81,81,0,,,,,,,,,,c+2,noss,0,right,0.9564180419984041,None,None,,,,,,,,,,,0,81,81,916,434.7342362499985,,,,,,,,,,,,,,,,,,,,,,,,,,,,,,,,,,,,,,,,,,,,,,,,,,,,,,,,,,,,,,,,434.7258314589999,434.7342362499985,435.2244601249986,435.2244601249986,435.2991995839984,435.2991995839984,435.7014087919961,right,0.9564180419984041,None,435.70154112499586,435.70159733399487,None,,,,,,,,,,,,21049994,0,2025-12-01_12h27.08.742,tilt_mocs,2024.2.4,120.11218477836073,2025-12-01 12h27.34.412624 -0500,
-6,-15.0,,82,82,0,,,,,,,,,,c-6,negs,100,left,1.0416399169989745,None,None,,,,,,,,,,,0,82,82,441,435.71158929199737,,,,,,,,,,,,,,,,,,,,,,,,,,,,,,,,,,,,,,,,,,,,,,,,,,,,,,,,,,,,,,,,435.70368349999626,435.71158929199737,436.19880941700103,436.19880941700103,436.2708386669983,436.2708386669983,436.75670199999877,left,1.0416399169989745,None,436.75684029200056,436.75689554199926,None,,,,,,,,,,,,21049994,0,2025-12-01_12h27.08.742,tilt_mocs,2024.2.4,120.11218477836073,2025-12-01 12h27.34.412624 -0500,
4,0.0,,83,83,0,,,,,,,,,,c+4,noss,0,right,1.019034125005419,None,None,,,,,,,,,,,0,83,83,999,436.7676026670015,,,,,,,,,,,,,,,,,,,,,,,,,,,,,,,,,,,,,,,,,,,,,,,,,,,,,,,,,,,,,,,,436.75913504199707,436.7676026670015,437.25870516699797,437.25870516699797,437.3327856670003,437.3327856670003,437.79076733400143,right,1.019034125005419,None,437.79087062500184,437.7909136669987,None,,,,,,,,,,,,21049994,0,2025-12-01_12h27.08.742,tilt_mocs,2024.2.4,120.11218477836073,2025-12-01 12h27.34.412624 -0500,
-1,0.0,,84,84,0,,,,,,,,,,c-1,noss,0,left,1.165722083998844,None,None,,,,,,,,,,,0,84,84,796,437.8008569999947,,,,,,,,,,,,,,,,,,,,,,,,,,,,,,,,,,,,,,,,,,,,,,,,,,,,,,,,,,,,,,,,437.7928065419983,437.8008569999947,438.29119041699596,438.29119041699596,438.36596162500064,438.36596162500064,438.9774217919985,left,1.165722083998844,None,438.9775225420017,438.97756633399695,None,,,,,,,,,,,,21049994,0,2025-12-01_12h27.08.742,tilt_mocs,2024.2.4,120.11218477836073,2025-12-01 12h27.34.412624 -0500,
4,0.0,,85,85,0,,,,,,,,,,c+4,noss,0,right,0.9559585000024526,None,None,,,,,,,,,,,0,85,85,1001,438.98516004200064,,,,,,,,,,,,,,,,,,,,,,,,,,,,,,,,,,,,,,,,,,,,,,,,,,,,,,,,,,,,,,,,438.97951154199836,438.98516004200064,439.47423670900025,439.47423670900025,439.5494963749952,439.5494963749952,439.9511835000012,right,0.9559585000024526,None,439.9513129170009,439.95137491700007,None,,,,,,,,,,,,21049994,0,2025-12-01_12h27.08.742,tilt_mocs,2024.2.4,120.11218477836073,2025-12-01 12h27.34.412624 -0500,
2,-15.0,,86,86,0,,,,,,,,,,c+2,negs,100,right,0.9294497500013676,None,None,,,,,,,,,,,0,86,86,637,439.96180191700114,,,,,,,,,,,,,,,,,,,,,,,,,,,,,,,,,,,,,,,,,,,,,,,,,,,,,,,,,,,,,,,,439.953764124999,439.96180191700114,440.4491480419965,440.4491480419965,440.5212839999949,440.5212839999949,440.9017971249996,right,0.9294497500013676,None,440.9019469170016,440.90200333399844,None,,,,,,,,,,,,21049994,0,2025-12-01_12h27.08.742,tilt_mocs,2024.2.4,120.11218477836073,2025-12-01 12h27.34.412624 -0500,
-4,0.0,,87,87,0,,,,,,,,,,c-4,noss,0,left,0.9902970840048511,None,None,,,,,,,,,,,0,87,87,687,440.91212287500093,,,,,,,,,,,,,,,,,,,,,,,,,,,,,,,,,,,,,,,,,,,,,,,,,,,,,,,,,,,,,,,,440.90418150000187,440.91212287500093,441.3989893339967,441.3989893339967,441.4718961670005,441.4718961670005,441.90663358399615,left,0.9902970840048511,None,441.90673070900084,441.9067715839992,None,,,,,,,,,,,,21049994,0,2025-12-01_12h27.08.742,tilt_mocs,2024.2.4,120.11218477836073,2025-12-01 12h27.34.412624 -0500,
-6,-15.0,,88,88,0,,,,,,,,,,c-6,negs,100,left,0.9762977499995031,None,None,,,,,,,,,,,0,88,88,431,441.93250137499854,,,,,,,,,,,,,,,,,,,,,,,,,,,,,,,,,,,,,,,,,,,,,,,,,,,,,,,,,,,,,,,,441.90866608399665,441.93250137499854,442.40835091700137,442.40835091700137,442.4827309999964,442.4827309999964,442.9183693340019,left,0.9762977499995031,None,442.91850041699945,442.91855504200066,None,,,,,,,,,,,,21049994,0,2025-12-01_12h27.08.742,tilt_mocs,2024.2.4,120.11218477836073,2025-12-01 12h27.34.412624 -0500,
4,0.0,,89,89,0,,,,,,,,,,c+4,noss,0,right,1.0343985829968005,None,None,,,,,,,,,,,0,89,89,988,442.9290908339972,,,,,,,,,,,,,,,,,,,,,,,,,,,,,,,,,,,,,,,,,,,,,,,,,,,,,,,,,,,,,,,,442.9209034999949,442.9290908339972,443.4155930419947,443.4155930419947,443.48922529199626,443.48922529199626,443.968797249996,right,1.0343985829968005,None,443.96892795899475,443.96898254199914,None,,,,,,,,,,,,21049994,0,2025-12-01_12h27.08.742,tilt_mocs,2024.2.4,120.11218477836073,2025-12-01 12h27.34.412624 -0500,
0,-15.0,,90,90,0,,,,,,,,,,c+0,negs,100,right,0.9698485839981004,None,None,,,,,,,,,,,0,90,90,588,443.9791862919956,,,,,,,,,,,,,,,,,,,,,,,,,,,,,,,,,,,,,,,,,,,,,,,,,,,,,,,,,,,,,,,,443.97120741699473,443.9791862919956,444.46579550000024,444.46579550000024,444.5378262500017,444.5378262500017,444.95147220899526,right,0.9698485839981004,None,444.9516003749959,444.9516550420012,None,,,,,,,,,,,,21049994,0,2025-12-01_12h27.08.742,tilt_mocs,2024.2.4,120.11218477836073,2025-12-01 12h27.34.412624 -0500,
-1,0.0,,91,91,0,,,,,,,,,,c-1,noss,0,left,1.0612984170002164,None,None,,,,,,,,,,,0,91,91,813,444.96187854199525,,,,,,,,,,,,,,,,,,,,,,,,,,,,,,,,,,,,,,,,,,,,,,,,,,,,,,,,,,,,,,,,444.95387087499694,444.96187854199525,445.44907829199656,445.44907829199656,445.52126637499896,445.52126637499896,446.035078916997,left,1.0612984170002164,None,446.035203499996,446.0352562920016,None,,,,,,,,,,,,21049994,0,2025-12-01_12h27.08.742,tilt_mocs,2024.2.4,120.11218477836073,2025-12-01 12h27.34.412624 -0500,
-2,15.0,,92,92,0,,,,,,,,,,c-2,poss,100,left,1.1338525419996586,None,None,,,,,,,,,,,0,92,92,47,446.0452796669997,,,,,,,,,,,,,,,,,,,,,,,,,,,,,,,,,,,,,,,,,,,,,,,,,,,,,,,,,,,,,,,,446.0373512090009,446.0452796669997,446.53250037499674,446.53250037499674,446.6048843749959,446.6048843749959,447.184785999998,left,1.1338525419996586,None,447.18488395899476,447.18493966700044,None,,,,,,,,,,,,21049994,0,2025-12-01_12h27.08.742,tilt_mocs,2024.2.4,120.11218477836073,2025-12-01 12h27.34.412624 -0500,
6,15.0,,93,93,0,,,,,,,,,,c+6,poss,100,right,0.9649321670003701,None,None,,,,,,,,,,,0,93,93,230,447.1949517499961,,,,,,,,,,,,,,,,,,,,,,,,,,,,,,,,,,,,,,,,,,,,,,,,,,,,,,,,,,,,,,,,447.1868253749999,447.1949517499961,447.6825993339953,447.6825993339953,447.7547919999997,447.7547919999997,448.1685377920003,right,0.9649321670003701,None,448.16870329200174,448.1687664169949,None,,,,,,,,,,,,21049994,0,2025-12-01_12h27.08.742,tilt_mocs,2024.2.4,120.11218477836073,2025-12-01 12h27.34.412624 -0500,
-2,-15.0,,94,94,0,,,,,,,,,,c-2,negs,100,right,0.9636944160010898,None,None,,,,,,,,,,,0,94,94,508,448.1799697919996,,,,,,,,,,,,,,,,,,,,,,,,,,,,,,,,,,,,,,,,,,,,,,,,,,,,,,,,,,,,,,,,448.17186529199535,448.1799697919996,448.66594320900185,448.66594320900185,448.73915954199765,448.73915954199765,449.1518565840015,right,0.9636944160010898,None,449.1519809169986,449.15203295899846,None,,,,,,,,,,,,21049994,0,2025-12-01_12h27.08.742,tilt_mocs,2024.2.4,120.11218477836073,2025-12-01 12h27.34.412624 -0500,
6,15.0,,95,95,0,,,,,,,,,,c+6,poss,100,right,0.8971990420031943,None,None,,,,,,,,,,,0,95,95,254,449.16260537500057,,,,,,,,,,,,,,,,,,,,,,,,,,,,,,,,,,,,,,,,,,,,,,,,,,,,,,,,,,,,,,,,449.1544267499994,449.16260537500057,449.6493233750007,449.6493233750007,449.7217800419967,449.7217800419967,450.0685868750006,right,0.8971990420031943,None,450.0686952920005,450.0687424589996,None,,,,,,,,,,,,21049994,0,2025-12-01_12h27.08.742,tilt_mocs,2024.2.4,120.11218477836073,2025-12-01 12h27.34.412624 -0500,
-1,0.0,,96,96,0,,,,,,,,,,c-1,noss,0,left,1.0376198329977342,None,None,,,,,,,,,,,0,96,96,837,450.0786599589992,,,,,,,,,,,,,,,,,,,,,,,,,,,,,,,,,,,,,,,,,,,,,,,,,,,,,,,,,,,,,,,,450.07063879199995,450.0786599589992,450.56618820899894,450.56618820899894,450.63804241699836,450.63804241699836,451.1190999169994,left,1.0376198329977342,None,451.11925195899676,451.11931204199936,None,,,,,,,,,,,,21049994,0,2025-12-01_12h27.08.742,tilt_mocs,2024.2.4,120.11218477836073,2025-12-01 12h27.34.412624 -0500,
-1,0.0,,97,97,0,,,,,,,,,,c-1,noss,0,left,0.9311111249990063,None,None,,,,,,,,,,,0,97,97,824,451.12992833399767,,,,,,,,,,,,,,,,,,,,,,,,,,,,,,,,,,,,,,,,,,,,,,,,,,,,,,,,,,,,,,,,451.1215379169953,451.12992833399767,451.6161728750012,451.6161728750012,451.688139083999,451.688139083999,452.06848845900095,left,0.9311111249990063,None,452.06861629199557,452.0686713749965,None,,,,,,,,,,,,21049994,0,2025-12-01_12h27.08.742,tilt_mocs,2024.2.4,120.11218477836073,2025-12-01 12h27.34.412624 -0500,
-6,-15.0,,98,98,0,,,,,,,,,,c-6,negs,100,left,0.9952405829972122,None,None,,,,,,,,,,,0,98,98,397,452.0791242089981,,,,,,,,,,,,,,,,,,,,,,,,,,,,,,,,,,,,,,,,,,,,,,,,,,,,,,,,,,,,,,,,452.0710692089997,452.0791242089981,452.5660094999985,452.5660094999985,452.6385939169995,452.6385939169995,453.0853776669974,left,0.9952405829972122,None,453.0855076669977,453.0855629169964,None,,,,,,,,,,,,21049994,0,2025-12-01_12h27.08.742,tilt_mocs,2024.2.4,120.11218477836073,2025-12-01 12h27.34.412624 -0500,
-2,0.0,,99,99,0,,,,,,,,,,c-2,noss,0,left,0.912376749998657,None,None,,,,,,,,,,,0,99,99,733,453.0957834590008,,,,,,,,,,,,,,,,,,,,,,,,,,,,,,,,,,,,,,,,,,,,,,,,,,,,,,,,,,,,,,,,453.08778674999485,453.0957834590008,453.58276783399924,453.58276783399924,453.65476512500027,453.65476512500027,454.0186683339998,left,0.912376749998657,None,454.0187933749985,454.0188468339984,None,,,,,,,,,,,,21049994,0,2025-12-01_12h27.08.742,tilt_mocs,2024.2.4,120.11218477836073,2025-12-01 12h27.34.412624 -0500,
-2,15.0,,100,100,0,,,,,,,,,,c-2,poss,100,left,0.9944177079960355,None,space,2.9354357089978294,None,,,,,,,,,0,100,100,12,454.0293575839969,,,,,,,,,,,,,,,,,,,,,,,,,,,,,,,,,,,,,,,,,,,,,,,,,,,,,,,,,,,,,,,,454.02130958400085,454.0293575839969,454.51611733399477,454.51611733399477,454.5883322919981,454.5883322919981,455.0508119590013,left,0.9944177079960355,None,455.0509633749971,458.0074869999953,space,455.066707375001,455.066707375001,2.9354357089978294,None,,,,,,,,21049994,0,2025-12-01_12h27.08.742,tilt_mocs,2024.2.4,120.11218477836073,2025-12-01 12h27.34.412624 -0500,
2,15.0,,101,101,0,,,,,,,,,,c+2,poss,100,right,1.4512933750011143,None,None,,,,,,,,,,,0,101,101,136,458.018669416997,,,,,,,,,,,,,,,,,,,,,,,,,,,,,,,,,,,,,,,,,,,,,,,,,,,,,,,,,,,,,,,,458.00943887500034,458.018669416997,458.50844562499697,458.50844562499697,458.5835821669971,458.5835821669971,459.47557887499715,right,1.4512933750011143,None,459.47570712499873,459.47576154199487,None,,,,,,,,,,,,21049994,0,2025-12-01_12h27.08.742,tilt_mocs,2024.2.4,120.11218477836073,2025-12-01 12h27.34.412624 -0500,
2,0.0,,102,102,0,,,,,,,,,,c+2,noss,0,right,1.0192960409985972,None,None,,,,,,,,,,,0,102,102,902,459.4860442089994,,,,,,,,,,,,,,,,,,,,,,,,,,,,,,,,,,,,,,,,,,,,,,,,,,,,,,,,,,,,,,,,459.4777300419955,459.4860442089994,459.97516312499647,459.97516312499647,460.0501322919954,460.0501322919954,460.5087258749991,right,1.0192960409985972,None,460.50886320899735,460.5089181669973,None,,,,,,,,,,,,21049994,0,2025-12-01_12h27.08.742,tilt_mocs,2024.2.4,120.11218477836073,2025-12-01 12h27.34.412624 -0500,
-1,0.0,,103,103,0,,,,,,,,,,c-1,noss,0,right,1.1310725000003004,None,None,,,,,,,,,,,0,103,103,815,460.51937850000104,,,,,,,,,,,,,,,,,,,,,,,,,,,,,,,,,,,,,,,,,,,,,,,,,,,,,,,,,,,,,,,,460.5110557090011,460.51937850000104,461.00863304200175,461.00863304200175,461.0834909999976,461.0834909999976,461.65295620899997,right,1.1310725000003004,None,461.6530963339974,461.6531521249999,None,,,,,,,,,,,,21049994,0,2025-12-01_12h27.08.742,tilt_mocs,2024.2.4,120.11218477836073,2025-12-01 12h27.34.412624 -0500,
-6,-15.0,,104,104,0,,,,,,,,,,c-6,negs,100,left,1.0631011660007061,None,None,,,,,,,,,,,0,104,104,415,461.66326537499845,,,,,,,,,,,,,,,,,,,,,,,,,,,,,,,,,,,,,,,,,,,,,,,,,,,,,,,,,,,,,,,,461.65540925000096,461.66326537499845,462.14974499999516,462.14974499999516,462.2217596670016,462.2217596670016,462.7359657499983,left,1.0631011660007061,None,462.73613691699575,462.73621633400035,None,,,,,,,,,,,,21049994,0,2025-12-01_12h27.08.742,tilt_mocs,2024.2.4,120.11218477836073,2025-12-01 12h27.34.412624 -0500,
2,-15.0,,105,105,0,,,,,,,,,,c+2,negs,100,right,0.9742059170021093,None,None,,,,,,,,,,,0,105,105,618,462.74759595900105,,,,,,,,,,,,,,,,,,,,,,,,,,,,,,,,,,,,,,,,,,,,,,,,,,,,,,,,,,,,,,,,462.7391527919972,462.74759595900105,463.23316183399584,463.23316183399584,463.3059734999988,463.3059734999988,463.72495795899886,right,0.9742059170021093,None,463.7251016250011,463.7251572919995,None,,,,,,,,,,,,21049994,0,2025-12-01_12h27.08.742,tilt_mocs,2024.2.4,120.11218477836073,2025-12-01 12h27.34.412624 -0500,
2,0.0,,106,106,0,,,,,,,,,,c+2,noss,0,right,0.9984728749986971,None,None,,,,,,,,,,,0,106,106,949,463.735767416998,,,,,,,,,,,,,,,,,,,,,,,,,,,,,,,,,,,,,,,,,,,,,,,,,,,,,,,,,,,,,,,,463.72740420899936,463.735767416998,464.22555158400064,464.22555158400064,464.3003990840007,464.3003990840007,464.73706491699704,right,0.9984728749986971,None,464.737201291995,464.73725645899685,None,,,,,,,,,,,,21049994,0,2025-12-01_12h27.08.742,tilt_mocs,2024.2.4,120.11218477836073,2025-12-01 12h27.34.412624 -0500,
-6,-15.0,,107,107,0,,,,,,,,,,c-6,negs,100,left,1.0127541659967392,None,None,,,,,,,,,,,0,107,107,418,464.74779787499574,,,,,,,,,,,,,,,,,,,,,,,,,,,,,,,,,,,,,,,,,,,,,,,,,,,,,,,,,,,,,,,,464.73966295900027,464.74779787499574,465.23335862499516,465.23335862499516,465.3055891249969,465.3055891249969,465.7697782499963,left,1.0127541659967392,None,465.7699297090003,465.76998670899775,None,,,,,,,,,,,,21049994,0,2025-12-01_12h27.08.742,tilt_mocs,2024.2.4,120.11218477836073,2025-12-01 12h27.34.412624 -0500,
6,15.0,,108,108,0,,,,,,,,,,c+6,poss,100,right,0.9625296669983072,None,None,,,,,,,,,,,0,108,108,258,465.781273458997,,,,,,,,,,,,,,,,,,,,,,,,,,,,,,,,,,,,,,,,,,,,,,,,,,,,,,,,,,,,,,,,465.77288629199757,465.781273458997,466.26668549999886,466.26668549999886,466.3397863749997,466.3397863749997,466.7523957500016,right,0.9625296669983072,None,466.7525257919988,466.75258012500126,None,,,,,,,,,,,,21049994,0,2025-12-01_12h27.08.742,tilt_mocs,2024.2.4,120.11218477836073,2025-12-01 12h27.34.412624 -0500,
4,15.0,,109,109,0,,,,,,,,,,c+4,poss,100,right,1.1048401660009404,None,None,,,,,,,,,,,0,109,109,181,466.762494124996,,,,,,,,,,,,,,,,,,,,,,,,,,,,,,,,,,,,,,,,,,,,,,,,,,,,,,,,,,,,,,,,466.75454816699494,466.762494124996,467.2498189589969,467.2498189589969,467.3219703750001,467.3219703750001,467.8697654169955,right,1.1048401660009404,None,467.86987016700004,467.8699127919972,None,,,,,,,,,,,,21049994,0,2025-12-01_12h27.08.742,tilt_mocs,2024.2.4,120.11218477836073,2025-12-01 12h27.34.412624 -0500,
2,-15.0,,110,110,0,,,,,,,,,,c+2,negs,100,right,0.9758319999964442,None,None,,,,,,,,,,,0,110,110,622,467.879834542,,,,,,,,,,,,,,,,,,,,,,,,,,,,,,,,,,,,,,,,,,,,,,,,,,,,,,,,,,,,,,,,467.87181733399484,467.879834542,468.3666795419995,468.3666795419995,468.43899762499495,468.43899762499495,468.8582400000014,right,0.9758319999964442,None,468.8583639999997,468.8584172089977,None,,,,,,,,,,,,21049994,0,2025-12-01_12h27.08.742,tilt_mocs,2024.2.4,120.11218477836073,2025-12-01 12h27.34.412624 -0500,
4,0.0,,111,111,0,,,,,,,,,,c+4,noss,0,right,1.086664208000002,None,None,,,,,,,,,,,0,111,111,980,468.86863345899474,,,,,,,,,,,,,,,,,,,,,,,,,,,,,,,,,,,,,,,,,,,,,,,,,,,,,,,,,,,,,,,,468.86030745899916,468.86863345899474,469.35931049999635,469.35931049999635,469.43387383400113,469.43387383400113,469.9591715839997,right,1.086664208000002,None,469.95929537499615,469.95934862500144,None,,,,,,,,,,,,21049994,0,2025-12-01_12h27.08.742,tilt_mocs,2024.2.4,120.11218477836073,2025-12-01 12h27.34.412624 -0500,
4,15.0,,112,112,0,,,,,,,,,,c+4,poss,100,right,1.2427305829987745,None,None,,,,,,,,,,,0,112,112,194,469.9698282919999,,,,,,,,,,,,,,,,,,,,,,,,,,,,,,,,,,,,,,,,,,,,,,,,,,,,,,,,,,,,,,,,469.9616037090018,469.9698282919999,470.4586743339969,470.4586743339969,470.5338613749991,470.5338613749991,471.21915287499723,right,1.2427305829987745,None,471.21928249999473,471.21933666699624,None,,,,,,,,,,,,21049994,0,2025-12-01_12h27.08.742,tilt_mocs,2024.2.4,120.11218477836073,2025-12-01 12h27.34.412624 -0500,
0,15.0,,113,113,0,,,,,,,,,,c+0,poss,100,left,1.1211273330045515,None,None,,,,,,,,,,,0,113,113,100,471.2296169170004,,,,,,,,,,,,,,,,,,,,,,,,,,,,,,,,,,,,,,,,,,,,,,,,,,,,,,,,,,,,,,,,471.2213857089955,471.2296169170004,471.7166804590015,471.7166804590015,471.78978749999806,471.78978749999806,472.35330445900036,left,1.1211273330045515,None,472.3534559999971,472.3535203749998,None,,,,,,,,,,,,21049994,0,2025-12-01_12h27.08.742,tilt_mocs,2024.2.4,120.11218477836073,2025-12-01 12h27.34.412624 -0500,
-2,-15.0,,114,114,0,,,,,,,,,,c-2,negs,100,right,1.3988294580049114,None,None,,,,,,,,,,,0,114,114,510,472.36415520899754,,,,,,,,,,,,,,,,,,,,,,,,,,,,,,,,,,,,,,,,,,,,,,,,,,,,,,,,,,,,,,,,472.3558780839958,472.36415520899754,472.85010916699684,472.85010916699684,472.9220877089974,472.9220877089974,473.7695046669978,right,1.3988294580049114,None,473.76960775000043,473.7696503749976,None,,,,,,,,,,,,21049994,0,2025-12-01_12h27.08.742,tilt_mocs,2024.2.4,120.11218477836073,2025-12-01 12h27.34.412624 -0500,
-4,0.0,,115,115,0,,,,,,,,,,c-4,noss,0,left,1.0547204169997713,None,None,,,,,,,,,,,0,115,115,717,473.77957129199785,,,,,,,,,,,,,,,,,,,,,,,,,,,,,,,,,,,,,,,,,,,,,,,,,,,,,,,,,,,,,,,,473.7715657500012,473.77957129199785,474.2667815839959,474.2667815839959,474.3387790419947,474.3387790419947,474.8368304999967,left,1.0547204169997713,None,474.8369707919992,474.8370296669964,None,,,,,,,,,,,,21049994,0,2025-12-01_12h27.08.742,tilt_mocs,2024.2.4,120.11218477836073,2025-12-01 12h27.34.412624 -0500,
-2,0.0,,116,116,0,,,,,,,,,,c-2,noss,0,left,0.956142084003659,None,None,,,,,,,,,,,0,116,116,730,474.8471819999977,,,,,,,,,,,,,,,,,,,,,,,,,,,,,,,,,,,,,,,,,,,,,,,,,,,,,,,,,,,,,,,,474.83931462500186,474.8471819999977,475.33347862499795,475.33347862499795,475.406067625001,475.406067625001,475.80732170899864,left,0.956142084003659,None,475.8074218749971,475.80746362499485,None,,,,,,,,,,,,21049994,0,2025-12-01_12h27.08.742,tilt_mocs,2024.2.4,120.11218477836073,2025-12-01 12h27.34.412624 -0500,
-6,-15.0,,117,117,0,,,,,,,,,,c-6,negs,100,left,1.0142867500035209,None,None,,,,,,,,,,,0,117,117,428,475.8176094590017,,,,,,,,,,,,,,,,,,,,,,,,,,,,,,,,,,,,,,,,,,,,,,,,,,,,,,,,,,,,,,,,475.80938108400005,475.8176094590017,476.3098399590017,476.3098399590017,476.3840264169994,476.3840264169994,476.83607974999904,left,1.0142867500035209,None,476.83621033399686,476.83626491700124,None,,,,,,,,,,,,21049994,0,2025-12-01_12h27.08.742,tilt_mocs,2024.2.4,120.11218477836073,2025-12-01 12h27.34.412624 -0500,
2,15.0,,118,118,0,,,,,,,,,,c+2,poss,100,left,1.0754373330055387,None,None,,,,,,,,,,,0,118,118,144,476.8464927499954,,,,,,,,,,,,,,,,,,,,,,,,,,,,,,,,,,,,,,,,,,,,,,,,,,,,,,,,,,,,,,,,476.8386209999953,476.8464927499954,477.33292095900106,477.33292095900106,477.40580975000194,477.40580975000194,477.92455945899565,left,1.0754373330055387,None,477.92465937499946,477.9247025000004,None,,,,,,,,,,,,21049994,0,2025-12-01_12h27.08.742,tilt_mocs,2024.2.4,120.11218477836073,2025-12-01 12h27.34.412624 -0500,
-8,-15.0,,119,119,0,,,,,,,,,,c-8,negs,100,left,0.9849338749991148,None,None,,,,,,,,,,,0,119,119,373,477.9501176670019,,,,,,,,,,,,,,,,,,,,,,,,,,,,,,,,,,,,,,,,,,,,,,,,,,,,,,,,,,,,,,,,477.9265875839992,477.9501176670019,478.42621220900037,478.42621220900037,478.50085874999786,478.50085874999786,478.9456510000018,left,0.9849338749991148,None,478.9457597090004,478.9458044589992,None,,,,,,,,,,,,21049994,0,2025-12-01_12h27.08.742,tilt_mocs,2024.2.4,120.11218477836073,2025-12-01 12h27.34.412624 -0500,
-4,0.0,,120,120,0,,,,,,,,,,c-4,noss,0,left,0.9551869589995476,None,None,,,,,,,,,,,0,120,120,689,478.95276462499896,,,,,,,,,,,,,,,,,,,,,,,,,,,,,,,,,,,,,,,,,,,,,,,,,,,,,,,,,,,,,,,,478.9480013749999,478.95276462499896,479.4424588339971,479.4424588339971,479.5175210419984,479.5175210419984,479.9200003750011,left,0.9551869589995476,None,479.92015941700083,479.9202662089956,None,,,,,,,,,,,,21049994,0,2025-12-01_12h27.08.742,tilt_mocs,2024.2.4,120.11218477836073,2025-12-01 12h27.34.412624 -0500,
-1,0.0,,121,121,0,,,,,,,,,,c-1,noss,0,left,2.342083042000013,None,None,,,,,,,,,,,0,121,121,797,479.9309675420009,,,,,,,,,,,,,,,,,,,,,,,,,,,,,,,,,,,,,,,,,,,,,,,,,,,,,,,,,,,,,,,,479.92284295900026,479.9309675420009,480.41698720899876,480.41698720899876,480.4892098749988,480.4892098749988,482.27603120899585,left,2.342083042000013,None,482.2761352089947,482.27618179199635,None,,,,,,,,,,,,21049994,0,2025-12-01_12h27.08.742,tilt_mocs,2024.2.4,120.11218477836073,2025-12-01 12h27.34.412624 -0500,
2,0.0,,122,122,0,,,,,,,,,,c+2,noss,0,right,1.2005748340015998,None,None,,,,,,,,,,,0,122,122,912,482.2865186249983,,,,,,,,,,,,,,,,,,,,,,,,,,,,,,,,,,,,,,,,,,,,,,,,,,,,,,,,,,,,,,,,482.2781172920004,482.2865186249983,482.77667720899626,482.77667720899626,482.8510694590004,482.8510694590004,483.4923628339966,right,1.2005748340015998,None,483.4924709589977,483.4925143340006,None,,,,,,,,,,,,21049994,0,2025-12-01_12h27.08.742,tilt_mocs,2024.2.4,120.11218477836073,2025-12-01 12h27.34.412624 -0500,
4,0.0,,123,123,0,,,,,,,,,,c+4,noss,0,right,0.9413066249981057,None,None,,,,,,,,,,,0,123,123,984,483.5028337920012,,,,,,,,,,,,,,,,,,,,,,,,,,,,,,,,,,,,,,,,,,,,,,,,,,,,,,,,,,,,,,,,483.4944574589972,483.5028337920012,483.99240729199664,483.99240729199664,484.06780425000034,484.06780425000034,484.4532646250009,right,0.9413066249981057,None,484.45348399999784,484.45359299999836,None,,,,,,,,,,,,21049994,0,2025-12-01_12h27.08.742,tilt_mocs,2024.2.4,120.11218477836073,2025-12-01 12h27.34.412624 -0500,
0,-15.0,,124,124,0,,,,,,,,,,c+0,negs,100,right,1.1474438340010238,None,None,,,,,,,,,,,0,124,124,612,484.464344,,,,,,,,,,,,,,,,,,,,,,,,,,,,,,,,,,,,,,,,,,,,,,,,,,,,,,,,,,,,,,,,484.4560395840017,484.464344,484.950462959001,484.950462959001,485.02309437499935,485.02309437499935,485.62106858399784,right,1.1474438340010238,None,485.62120920899906,485.621268416995,None,,,,,,,,,,,,21049994,0,2025-12-01_12h27.08.742,tilt_mocs,2024.2.4,120.11218477836073,2025-12-01 12h27.34.412624 -0500,
-2,-15.0,,125,125,0,,,,,,,,,,c-2,negs,100,right,1.5964134159949026,None,None,,,,,,,,,,,0,125,125,505,485.6317050419966,,,,,,,,,,,,,,,,,,,,,,,,,,,,,,,,,,,,,,,,,,,,,,,,,,,,,,,,,,,,,,,,485.6234029999978,485.6317050419966,486.11726658399857,486.11726658399857,486.1892954169962,486.1892954169962,487.236652708998,right,1.5964134159949026,None,487.2367815839971,487.2368360420005,None,,,,,,,,,,,,21049994,0,2025-12-01_12h27.08.742,tilt_mocs,2024.2.4,120.11218477836073,2025-12-01 12h27.34.412624 -0500,
-4,0.0,,126,126,0,,,,,,,,,,c-4,noss,0,left,1.0745680420004646,None,None,,,,,,,,,,,0,126,126,700,487.2471519169994,,,,,,,,,,,,,,,,,,,,,,,,,,,,,,,,,,,,,,,,,,,,,,,,,,,,,,,,,,,,,,,,487.23894458400173,487.2471519169994,487.7339639589991,487.7339639589991,487.80643533400143,487.80643533400143,488.32577191699966,left,1.0745680420004646,None,488.32590954199986,488.32596408399695,None,,,,,,,,,,,,21049994,0,2025-12-01_12h27.08.742,tilt_mocs,2024.2.4,120.11218477836073,2025-12-01 12h27.34.412624 -0500,
-2,-15.0,,127,127,0,,,,,,,,,,c-2,negs,100,left,1.3493902499976684,None,None,,,,,,,,,,,0,127,127,553,488.3365522499953,,,,,,,,,,,,,,,,,,,,,,,,,,,,,,,,,,,,,,,,,,,,,,,,,,,,,,,,,,,,,,,,488.32808162499714,488.3365522499953,488.82703170899913,488.82703170899913,488.9012146669993,488.9012146669993,489.6923874999993,left,1.3493902499976684,None,489.6925195840013,489.6925817500014,None,,,,,,,,,,,,21049994,0,2025-12-01_12h27.08.742,tilt_mocs,2024.2.4,120.11218477836073,2025-12-01 12h27.34.412624 -0500,
-4,0.0,,128,128,0,,,,,,,,,,c-4,noss,0,left,1.1817625000039698,None,None,,,,,,,,,,,0,128,128,704,489.7031534170019,,,,,,,,,,,,,,,,,,,,,,,,,,,,,,,,,,,,,,,,,,,,,,,,,,,,,,,,,,,,,,,,489.6946859169984,489.7031534170019,490.1928819169989,490.1928819169989,490.26796245900186,490.26796245900186,490.8878139169974,left,1.1817625000039698,None,490.8879678750018,490.88802900000155,None,,,,,,,,,,,,21049994,0,2025-12-01_12h27.08.742,tilt_mocs,2024.2.4,120.11218477836073,2025-12-01 12h27.34.412624 -0500,
0,15.0,,129,129,0,,,,,,,,,,c+0,poss,100,left,1.3430698330048472,None,None,,,,,,,,,,,0,129,129,71,490.89872604199627,,,,,,,,,,,,,,,,,,,,,,,,,,,,,,,,,,,,,,,,,,,,,,,,,,,,,,,,,,,,,,,,490.8901803339977,490.89872604199627,491.38420737499837,491.38420737499837,491.45650162499805,491.45650162499805,492.2534308339964,left,1.3430698330048472,None,492.2535575840011,492.25361091699597,None,,,,,,,,,,,,21049994,0,2025-12-01_12h27.08.742,tilt_mocs,2024.2.4,120.11218477836073,2025-12-01 12h27.34.412624 -0500,
-2,-15.0,,130,130,0,,,,,,,,,,c-2,negs,100,left,1.4546985830020276,None,None,,,,,,,,,,,0,130,130,536,492.26357324999844,,,,,,,,,,,,,,,,,,,,,,,,,,,,,,,,,,,,,,,,,,,,,,,,,,,,,,,,,,,,,,,,492.255653041997,492.26357324999844,492.75100224999915,492.75100224999915,492.8227155839995,492.8227155839995,493.72084241699486,left,1.4546985830020276,None,493.7209822090008,493.72103895899636,None,,,,,,,,,,,,21049994,0,2025-12-01_12h27.08.742,tilt_mocs,2024.2.4,120.11218477836073,2025-12-01 12h27.34.412624 -0500,
-4,-15.0,,131,131,0,,,,,,,,,,c-4,negs,100,left,1.1233488340003532,None,None,,,,,,,,,,,0,131,131,489,493.7311544589975,,,,,,,,,,,,,,,,,,,,,,,,,,,,,,,,,,,,,,,,,,,,,,,,,,,,,,,,,,,,,,,,493.7232869169966,493.7311544589975,494.21798183400097,494.21798183400097,494.2903741670016,494.2903741670016,494.85882304199913,left,1.1233488340003532,None,494.8589482499956,494.85900141699676,None,,,,,,,,,,,,21049994,0,2025-12-01_12h27.08.742,tilt_mocs,2024.2.4,120.11218477836073,2025-12-01 12h27.34.412624 -0500,
-8,-15.0,,132,132,0,,,,,,,,,,c-8,negs,100,left,1.4582400409999536,None,None,,,,,,,,,,,0,132,132,386,494.8692572919972,,,,,,,,,,,,,,,,,,,,,,,,,,,,,,,,,,,,,,,,,,,,,,,,,,,,,,,,,,,,,,,,494.8611011249959,494.8692572919972,495.3593640839972,495.3593640839972,495.44068466699537,495.44068466699537,496.3370608339974,left,1.4582400409999536,None,496.3371734999964,496.33721658399736,None,,,,,,,,,,,,21049994,0,2025-12-01_12h27.08.742,tilt_mocs,2024.2.4,120.11218477836073,2025-12-01 12h27.34.412624 -0500,
1,0.0,,133,133,0,,,,,,,,,,c+1,noss,0,right,1.1102553330056253,None,None,,,,,,,,,,,0,133,133,845,496.3474682090018,,,,,,,,,,,,,,,,,,,,,,,,,,,,,,,,,,,,,,,,,,,,,,,,,,,,,,,,,,,,,,,,496.3395085000011,496.3474682090018,496.8344507090005,496.8344507090005,496.9063994169992,496.9063994169992,497.4681392499988,right,1.1102553330056253,None,497.46824016699975,497.46830245899764,None,,,,,,,,,,,,21049994,0,2025-12-01_12h27.08.742,tilt_mocs,2024.2.4,120.11218477836073,2025-12-01 12h27.34.412624 -0500,
2,15.0,,134,134,0,,,,,,,,,,c+2,poss,100,right,1.0927611669976613,None,None,,,,,,,,,,,0,134,134,139,497.4754356249978,,,,,,,,,,,,,,,,,,,,,,,,,,,,,,,,,,,,,,,,,,,,,,,,,,,,,,,,,,,,,,,,497.47018599999865,497.4754356249978,497.95951833399886,497.95951833399886,498.0348575419994,498.0348575419994,498.57073841700185,right,1.0927611669976613,None,498.5708630000008,498.5709167499954,None,,,,,,,,,,,,21049994,0,2025-12-01_12h27.08.742,tilt_mocs,2024.2.4,120.11218477836073,2025-12-01 12h27.34.412624 -0500,
-2,15.0,,135,135,0,,,,,,,,,,c-2,poss,100,left,1.19683612499648,None,None,,,,,,,,,,,0,135,135,13,498.58093050000025,,,,,,,,,,,,,,,,,,,,,,,,,,,,,,,,,,,,,,,,,,,,,,,,,,,,,,,,,,,,,,,,498.5729388749969,498.58093050000025,499.06767508399935,499.06767508399935,499.14077929199993,499.14077929199993,499.7871095840019,left,1.19683612499648,None,499.78723408399674,499.7872873749948,None,,,,,,,,,,,,21049994,0,2025-12-01_12h27.08.742,tilt_mocs,2024.2.4,120.11218477836073,2025-12-01 12h27.34.412624 -0500,
0,-15.0,,136,136,0,,,,,,,,,,c+0,negs,100,right,0.9895679580004071,None,None,,,,,,,,,,,0,136,136,614,499.797506541996,,,,,,,,,,,,,,,,,,,,,,,,,,,,,,,,,,,,,,,,,,,,,,,,,,,,,,,,,,,,,,,,499.78946154200094,499.797506541996,500.2845623339963,500.2845623339963,500.35642729199753,500.35642729199753,500.79243070899975,right,0.9895679580004071,None,500.79253008399974,500.79257700000016,None,,,,,,,,,,,,21049994,0,2025-12-01_12h27.08.742,tilt_mocs,2024.2.4,120.11218477836073,2025-12-01 12h27.34.412624 -0500,
4,0.0,,137,137,0,,,,,,,,,,c+4,noss,0,right,1.0188722500024596,None,None,,,,,,,,,,,0,137,137,993,500.8037337919959,,,,,,,,,,,,,,,,,,,,,,,,,,,,,,,,,,,,,,,,,,,,,,,,,,,,,,,,,,,,,,,,500.7944953339975,500.8037337919959,501.2932264589981,501.2932264589981,501.36837058400124,501.36837058400124,501.82686254199507,right,1.0188722500024596,None,501.8270062090014,501.8270711669975,None,,,,,,,,,,,,21049994,0,2025-12-01_12h27.08.742,tilt_mocs,2024.2.4,120.11218477836073,2025-12-01 12h27.34.412624 -0500,
1,0.0,,138,138,0,,,,,,,,,,c+1,noss,0,right,1.0698039999988396,None,None,,,,,,,,,,,0,138,138,878,501.8373524589988,,,,,,,,,,,,,,,,,,,,,,,,,,,,,,,,,,,,,,,,,,,,,,,,,,,,,,,,,,,,,,,,501.8291501249987,501.8373524589988,502.3249424999958,502.3249424999958,502.401747291995,502.401747291995,502.9099185419982,right,1.0698039999988396,None,502.91005308400054,502.91010874999483,None,,,,,,,,,,,,21049994,0,2025-12-01_12h27.08.742,tilt_mocs,2024.2.4,120.11218477836073,2025-12-01 12h27.34.412624 -0500,
8,15.0,,139,139,0,,,,,,,,,,c+8,poss,100,right,1.0665159999989555,None,None,,,,,,,,,,,0,139,139,297,502.9205107499947,,,,,,,,,,,,,,,,,,,,,,,,,,,,,,,,,,,,,,,,,,,,,,,,,,,,,,,,,,,,,,,,502.9121994169982,502.9205107499947,503.4112643339977,503.4112643339977,503.48511820899876,503.48511820899876,503.993313125,right,1.0665159999989555,None,503.9934372919961,503.99349108399474,None,,,,,,,,,,,,21049994,0,2025-12-01_12h27.08.742,tilt_mocs,2024.2.4,120.11218477836073,2025-12-01 12h27.34.412624 -0500,
-1,0.0,,140,140,0,,,,,,,,,,c-1,noss,0,right,1.4774492910000845,None,None,,,,,,,,,,,0,140,140,785,504.0039232919953,,,,,,,,,,,,,,,,,,,,,,,,,,,,,,,,,,,,,,,,,,,,,,,,,,,,,,,,,,,,,,,,503.9955110419978,504.0039232919953,504.4946448339979,504.4946448339979,504.568418416995,504.568418416995,505.48732762500003,right,1.4774492910000845,None,505.48745249999774,505.48750737500086,None,,,,,,,,,,,,21049994,0,2025-12-01_12h27.08.742,tilt_mocs,2024.2.4,120.11218477836073,2025-12-01 12h27.34.412624 -0500,
2,15.0,,141,141,0,,,,,,,,,,c+2,poss,100,right,1.1717366669981857,None,None,,,,,,,,,,,0,141,141,115,505.497686374998,,,,,,,,,,,,,,,,,,,,,,,,,,,,,,,,,,,,,,,,,,,,,,,,,,,,,,,,,,,,,,,,505.4898632089971,505.497686374998,505.98475250000047,505.98475250000047,506.05725145899487,506.05725145899487,506.68040795900015,right,1.1717366669981857,None,506.6805101669961,506.68055304199515,None,,,,,,,,,,,,21049994,0,2025-12-01_12h27.08.742,tilt_mocs,2024.2.4,120.11218477836073,2025-12-01 12h27.34.412624 -0500,
1,0.0,,142,142,0,,,,,,,,,,c+1,noss,0,right,1.1199067080015084,None,None,,,,,,,,,,,0,142,142,893,506.68732908400125,,,,,,,,,,,,,,,,,,,,,,,,,,,,,,,,,,,,,,,,,,,,,,,,,,,,,,,,,,,,,,,,506.68248112499714,506.68732908400125,507.1773838750014,507.1773838750014,507.251954542,507.251954542,507.81060362499557,right,1.1199067080015084,None,507.81073687499884,507.8107912089981,None,,,,,,,,,,,,21049994,0,2025-12-01_12h27.08.742,tilt_mocs,2024.2.4,120.11218477836073,2025-12-01 12h27.34.412624 -0500,
-6,-15.0,,143,143,0,,,,,,,,,,c-6,negs,100,left,1.1202473750017816,None,None,,,,,,,,,,,0,143,143,446,507.8211085840012,,,,,,,,,,,,,,,,,,,,,,,,,,,,,,,,,,,,,,,,,,,,,,,,,,,,,,,,,,,,,,,,507.8128760420004,507.8211085840012,508.3101820000011,508.3101820000011,508.3852735420005,508.3852735420005,508.9538027089948,left,1.1202473750017816,None,508.9539301670011,508.95398508400103,None,,,,,,,,,,,,21049994,0,2025-12-01_12h27.08.742,tilt_mocs,2024.2.4,120.11218477836073,2025-12-01 12h27.34.412624 -0500,
0,15.0,,144,144,0,,,,,,,,,,c+0,poss,100,left,1.561864457995398,None,None,,,,,,,,,,,0,144,144,69,508.96449516699795,,,,,,,,,,,,,,,,,,,,,,,,,,,,,,,,,,,,,,,,,,,,,,,,,,,,,,,,,,,,,,,,508.95636970899795,508.96449516699795,509.4513806249961,509.4513806249961,509.5236422089947,509.5236422089947,510.5375993339985,left,1.561864457995398,None,510.53775429199595,510.5378836669988,None,,,,,,,,,,,,21049994,0,2025-12-01_12h27.08.742,tilt_mocs,2024.2.4,120.11218477836073,2025-12-01 12h27.34.412624 -0500,
-6,-15.0,,145,145,0,,,,,,,,,,c-6,negs,100,left,1.2245790419983678,None,None,,,,,,,,,,,0,145,145,420,510.54858966699976,,,,,,,,,,,,,,,,,,,,,,,,,,,,,,,,,,,,,,,,,,,,,,,,,,,,,,,,,,,,,,,,510.54037820899975,510.54858966699976,511.0347768749998,511.0347768749998,511.10625129199616,511.10625129199616,511.7756110420014,left,1.2245790419983678,None,511.7757106249992,511.7757531669995,None,,,,,,,,,,,,21049994,0,2025-12-01_12h27.08.742,tilt_mocs,2024.2.4,120.11218477836073,2025-12-01 12h27.34.412624 -0500,
2,15.0,,146,146,0,,,,,,,,,,c+2,poss,100,left,1.1415164589998312,None,None,,,,,,,,,,,0,146,146,146,511.8016077919965,,,,,,,,,,,,,,,,,,,,,,,,,,,,,,,,,,,,,,,,,,,,,,,,,,,,,,,,,,,,,,,,511.7780497089989,511.8016077919965,512.2771617920007,512.2771617920007,512.352078459,512.352078459,512.9541588749998,left,1.1415164589998312,None,512.954290499998,512.9543445839954,None,,,,,,,,,,,,21049994,0,2025-12-01_12h27.08.742,tilt_mocs,2024.2.4,120.11218477836073,2025-12-01 12h27.34.412624 -0500,
-4,0.0,,147,147,0,,,,,,,,,,c-4,noss,0,left,1.0455382079962874,None,None,,,,,,,,,,,0,147,147,718,512.9642441670003,,,,,,,,,,,,,,,,,,,,,,,,,,,,,,,,,,,,,,,,,,,,,,,,,,,,,,,,,,,,,,,,512.9562458750006,512.9642441670003,513.4515564169997,513.4515564169997,513.5246337499993,513.5246337499993,514.020928375001,left,1.0455382079962874,None,514.0210574590019,514.0211120839958,None,,,,,,,,,,,,21049994,0,2025-12-01_12h27.08.742,tilt_mocs,2024.2.4,120.11218477836073,2025-12-01 12h27.34.412624 -0500,
-8,-15.0,,148,148,0,,,,,,,,,,c-8,negs,100,left,1.2076474580026115,None,None,,,,,,,,,,,0,148,148,368,514.0311559999973,,,,,,,,,,,,,,,,,,,,,,,,,,,,,,,,,,,,,,,,,,,,,,,,,,,,,,,,,,,,,,,,514.0232383749972,514.0311559999973,514.5183641249969,514.5183641249969,514.5900963749955,514.5900963749955,515.2430357089979,left,1.2076474580026115,None,515.2431561670019,515.2432102919993,None,,,,,,,,,,,,21049994,0,2025-12-01_12h27.08.742,tilt_mocs,2024.2.4,120.11218477836073,2025-12-01 12h27.34.412624 -0500,
-2,15.0,,149,149,0,,,,,,,,,,c-2,poss,100,left,2.0998650420006015,None,None,,,,,,,,,,,0,149,149,24,515.2537119589979,,,,,,,,,,,,,,,,,,,,,,,,,,,,,,,,,,,,,,,,,,,,,,,,,,,,,,,,,,,,,,,,515.2452442499998,515.2537119589979,515.7436953750002,515.7436953750002,515.818844417001,515.818844417001,517.3601484169994,left,2.0998650420006015,None,517.3602739170019,517.3603335000007,None,,,,,,,,,,,,21049994,0,2025-12-01_12h27.08.742,tilt_mocs,2024.2.4,120.11218477836073,2025-12-01 12h27.34.412624 -0500,
-6,-15.0,,150,150,0,,,,,,,,,,c-6,negs,100,left,1.1442266250014654,None,None,,,,,,,,,,,0,150,150,438,517.3709357499974,,,,,,,,,,,,,,,,,,,,,,,,,,,,,,,,,,,,,,,,,,,,,,,,,,,,,,,,,,,,,,,,517.3624366250006,517.3709357499974,517.8606243749964,517.8606243749964,517.9356589169984,517.9356589169984,518.5212197500005,left,1.1442266250014654,None,518.5213474589982,518.5214020839994,None,,,,,,,,,,,,21049994,0,2025-12-01_12h27.08.742,tilt_mocs,2024.2.4,120.11218477836073,2025-12-01 12h27.34.412624 -0500,
1,0.0,,151,151,0,,,,,,,,,,c+1,noss,0,right,1.2547864160005702,None,None,,,,,,,,,,,0,151,151,888,518.5319060839975,,,,,,,,,,,,,,,,,,,,,,,,,,,,,,,,,,,,,,,,,,,,,,,,,,,,,,,,,,,,,,,,518.5236995000014,518.5319060839975,519.0184343750007,519.0184343750007,519.0917505420002,519.0917505420002,519.7930040840001,right,1.2547864160005702,None,519.7931278339966,519.793180708999,None,,,,,,,,,,,,21049994,0,2025-12-01_12h27.08.742,tilt_mocs,2024.2.4,120.11218477836073,2025-12-01 12h27.34.412624 -0500,
-2,0.0,,152,152,0,,,,,,,,,,c-2,noss,0,right,1.502437999995891,None,None,,,,,,,,,,,0,152,152,736,519.8185752089994,,,,,,,,,,,,,,,,,,,,,,,,,,,,,,,,,,,,,,,,,,,,,,,,,,,,,,,,,,,,,,,,519.7951941669962,519.8185752089994,520.2945491669961,520.2945491669961,520.3690829589978,520.3690829589978,521.3275527090009,right,1.502437999995891,None,521.3276515839971,521.327700875001,None,,,,,,,,,,,,21049994,0,2025-12-01_12h27.08.742,tilt_mocs,2024.2.4,120.11218477836073,2025-12-01 12h27.34.412624 -0500,
1,0.0,,153,153,0,,,,,,,,,,c+1,noss,0,right,0.9895432909979718,None,None,,,,,,,,,,,0,153,153,892,521.3379402919963,,,,,,,,,,,,,,,,,,,,,,,,,,,,,,,,,,,,,,,,,,,,,,,,,,,,,,,,,,,,,,,,521.3296417919992,521.3379402919963,521.8277173339957,521.8277173339957,521.9024836249955,521.9024836249955,522.3382667089973,right,0.9895432909979718,None,522.3384223749963,522.3384892920003,None,,,,,,,,,,,,21049994,0,2025-12-01_12h27.08.742,tilt_mocs,2024.2.4,120.11218477836073,2025-12-01 12h27.34.412624 -0500,
0,-15.0,,154,154,0,,,,,,,,,,c+0,negs,100,right,1.1112032079981873,None,None,,,,,,,,,,,0,154,154,610,522.3494547090013,,,,,,,,,,,,,,,,,,,,,,,,,,,,,,,,,,,,,,,,,,,,,,,,,,,,,,,,,,,,,,,,522.3413774590008,522.3494547090013,522.8352229169977,522.8352229169977,522.9080936669998,522.9080936669998,523.4713730419971,right,1.1112032079981873,None,523.4714974999952,523.4715521249964,None,,,,,,,,,,,,21049994,0,2025-12-01_12h27.08.742,tilt_mocs,2024.2.4,120.11218477836073,2025-12-01 12h27.34.412624 -0500,
8,15.0,,155,155,0,,,,,,,,,,c+8,poss,100,right,1.3944512079979177,None,None,,,,,,,,,,,0,155,155,316,523.4814172089973,,,,,,,,,,,,,,,,,,,,,,,,,,,,,,,,,,,,,,,,,,,,,,,,,,,,,,,,,,,,,,,,523.4734629589948,523.4814172089973,523.9685209589952,523.9685209589952,524.0410768340007,524.0410768340007,524.888207416996,right,1.3944512079979177,None,524.8883663339948,524.8884232499986,None,,,,,,,,,,,,21049994,0,2025-12-01_12h27.08.742,tilt_mocs,2024.2.4,120.11218477836073,2025-12-01 12h27.34.412624 -0500,
-2,0.0,,156,156,0,,,,,,,,,,c-2,noss,0,left,1.1475028750064666,None,None,,,,,,,,,,,0,156,156,748,524.8998026249974,,,,,,,,,,,,,,,,,,,,,,,,,,,,,,,,,,,,,,,,,,,,,,,,,,,,,,,,,,,,,,,,524.8910477089958,524.8998026249974,525.3852645419975,525.3852645419975,525.4577036670016,525.4577036670016,526.0548550839958,left,1.1475028750064666,None,526.0549813749967,526.0550359170011,None,,,,,,,,,,,,21049994,0,2025-12-01_12h27.08.742,tilt_mocs,2024.2.4,120.11218477836073,2025-12-01 12h27.34.412624 -0500,
2,0.0,,157,157,0,,,,,,,,,,c+2,noss,0,right,0.9810429169956478,None,None,,,,,,,,,,,0,157,157,910,526.0650294590014,,,,,,,,,,,,,,,,,,,,,,,,,,,,,,,,,,,,,,,,,,,,,,,,,,,,,,,,,,,,,,,,526.0569213339986,526.0650294590014,526.5521229169972,526.5521229169972,526.6251943749958,526.6251943749958,527.0534859999971,right,0.9810429169956478,None,527.0536098340017,527.0536630839997,None,,,,,,,,,,,,21049994,0,2025-12-01_12h27.08.742,tilt_mocs,2024.2.4,120.11218477836073,2025-12-01 12h27.34.412624 -0500,
2,0.0,,158,158,0,,,,,,,,,,c+2,noss,0,right,1.3557620420033345,None,None,,,,,,,,,,,0,158,158,900,527.0637628749973,,,,,,,,,,,,,,,,,,,,,,,,,,,,,,,,,,,,,,,,,,,,,,,,,,,,,,,,,,,,,,,,527.0556012500019,527.0637628749973,527.544954291996,527.544954291996,527.6193102089965,527.6193102089965,528.4223193340003,right,1.3557620420033345,None,528.4225372919973,528.4226317499997,None,,,,,,,,,,,,21049994,0,2025-12-01_12h27.08.742,tilt_mocs,2024.2.4,120.11218477836073,2025-12-01 12h27.34.412624 -0500,
-6,-15.0,,159,159,0,,,,,,,,,,c-6,negs,100,left,1.135504875004699,None,None,,,,,,,,,,,0,159,159,421,528.4339103339953,,,,,,,,,,,,,,,,,,,,,,,,,,,,,,,,,,,,,,,,,,,,,,,,,,,,,,,,,,,,,,,,528.4255310000008,528.4339103339953,528.9187698749956,528.9187698749956,528.9914697499989,528.9914697499989,529.5719980419963,left,1.135504875004699,None,529.5721712500017,529.5722316249958,None,,,,,,,,,,,,21049994,0,2025-12-01_12h27.08.742,tilt_mocs,2024.2.4,120.11218477836073,2025-12-01 12h27.34.412624 -0500,
-4,-15.0,,160,160,0,,,,,,,,,,c-4,negs,100,left,1.1490858750039479,None,None,,,,,,,,,,,0,160,160,480,529.5830347500014,,,,,,,,,,,,,,,,,,,,,,,,,,,,,,,,,,,,,,,,,,,,,,,,,,,,,,,,,,,,,,,,529.5748774589956,529.5830347500014,530.0689634590017,530.0689634590017,530.141707625,530.141707625,530.7379421250007,left,1.1490858750039479,None,530.7380460839995,530.7380877089963,None,,,,,,,,,,,,21049994,0,2025-12-01_12h27.08.742,tilt_mocs,2024.2.4,120.11218477836073,2025-12-01 12h27.34.412624 -0500,
2,-15.0,,161,161,0,,,,,,,,,,c+2,negs,100,right,1.1185272090006038,None,None,,,,,,,,,,,0,161,161,662,530.747921958995,,,,,,,,,,,,,,,,,,,,,,,,,,,,,,,,,,,,,,,,,,,,,,,,,,,,,,,,,,,,,,,,530.7399622500016,530.747921958995,531.2357129169977,531.2357129169977,531.3081375420006,531.3081375420006,531.8716534999985,right,1.1185272090006038,None,531.8717803749969,531.8718491249965,None,,,,,,,,,,,,21049994,0,2025-12-01_12h27.08.742,tilt_mocs,2024.2.4,120.11218477836073,2025-12-01 12h27.34.412624 -0500,
-2,-15.0,,162,162,0,,,,,,,,,,c-2,negs,100,left,1.6484646660028375,None,None,,,,,,,,,,,0,162,162,532,531.882004250001,,,,,,,,,,,,,,,,,,,,,,,,,,,,,,,,,,,,,,,,,,,,,,,,,,,,,,,,,,,,,,,,531.8741074589998,531.882004250001,532.3689877090001,532.3689877090001,532.4409812090016,532.4409812090016,533.5380018340002,left,1.6484646660028375,None,533.5381172919951,533.5381736249983,None,,,,,,,,,,,,21049994,0,2025-12-01_12h27.08.742,tilt_mocs,2024.2.4,120.11218477836073,2025-12-01 12h27.34.412624 -0500,
-4,0.0,,163,163,0,,,,,,,,,,c-4,noss,0,left,1.0050835420042858,None,None,,,,,,,,,,,0,163,163,711,533.5479557090002,,,,,,,,,,,,,,,,,,,,,,,,,,,,,,,,,,,,,,,,,,,,,,,,,,,,,,,,,,,,,,,,533.5400487919978,533.5479557090002,534.0358359589954,534.0358359589954,534.108023959001,534.108023959001,534.5554919589995,left,1.0050835420042858,None,534.5556172500001,534.5556728750016,None,,,,,,,,,,,,21049994,0,2025-12-01_12h27.08.742,tilt_mocs,2024.2.4,120.11218477836073,2025-12-01 12h27.34.412624 -0500,
4,15.0,,164,164,0,,,,,,,,,,c+4,poss,100,right,1.0115433750033844,None,None,,,,,,,,,,,0,164,164,218,534.5660230840003,,,,,,,,,,,,,,,,,,,,,,,,,,,,,,,,,,,,,,,,,,,,,,,,,,,,,,,,,,,,,,,,534.5578221670003,534.5660230840003,535.0524062920013,535.0524062920013,535.1245495420008,535.1245495420008,535.5887724169952,right,1.0115433750033844,None,535.5889257499948,535.5889859589952,None,,,,,,,,,,,,21049994,0,2025-12-01_12h27.08.742,tilt_mocs,2024.2.4,120.11218477836073,2025-12-01 12h27.34.412624 -0500,
2,-15.0,,165,165,0,,,,,,,,,,c+2,negs,100,right,1.042478833005589,None,None,,,,,,,,,,,0,165,165,641,535.5996516669984,,,,,,,,,,,,,,,,,,,,,,,,,,,,,,,,,,,,,,,,,,,,,,,,,,,,,,,,,,,,,,,,535.591360458995,535.5996516669984,536.0858399999997,536.0858399999997,536.1581147089964,536.1581147089964,536.6445511669954,right,1.042478833005589,None,536.6446522499973,536.644694249997,None,,,,,,,,,,,,21049994,0,2025-12-01_12h27.08.742,tilt_mocs,2024.2.4,120.11218477836073,2025-12-01 12h27.34.412624 -0500,
0,15.0,,166,166,0,,,,,,,,,,c+0,poss,100,left,1.1247502499973052,None,None,,,,,,,,,,,0,166,166,77,536.6549587089976,,,,,,,,,,,,,,,,,,,,,,,,,,,,,,,,,,,,,,,,,,,,,,,,,,,,,,,,,,,,,,,,536.6466028340001,536.6549587089976,537.1446617499969,537.1446617499969,537.219657499998,537.219657499998,537.7884654590016,left,1.1247502499973052,None,537.7885934590013,537.7886459169968,None,,,,,,,,,,,,21049994,0,2025-12-01_12h27.08.742,tilt_mocs,2024.2.4,120.11218477836073,2025-12-01 12h27.34.412624 -0500,
6,15.0,,167,167,0,,,,,,,,,,c+6,poss,100,right,1.1411261249959352,None,None,,,,,,,,,,,0,167,167,231,537.7989009169978,,,,,,,,,,,,,,,,,,,,,,,,,,,,,,,,,,,,,,,,,,,,,,,,,,,,,,,,,,,,,,,,537.7909407920015,537.7989009169978,538.2858817919987,538.2858817919987,538.3582210419991,538.3582210419991,538.9452779999992,right,1.1411261249959352,None,538.9453981249972,538.9454434590007,None,,,,,,,,,,,,21049994,0,2025-12-01_12h27.08.742,tilt_mocs,2024.2.4,120.11218477836073,2025-12-01 12h27.34.412624 -0500,
8,15.0,,168,168,0,,,,,,,,,,c+8,poss,100,right,1.018642417002411,None,None,,,,,,,,,,,0,168,168,309,538.955538958995,,,,,,,,,,,,,,,,,,,,,,,,,,,,,,,,,,,,,,,,,,,,,,,,,,,,,,,,,,,,,,,,538.9475554999954,538.955538958995,539.4451934999961,539.4451934999961,539.5198226249995,539.5198226249995,539.9771547499986,right,1.018642417002411,None,539.9772752089993,539.9773287919961,None,,,,,,,,,,,,21049994,0,2025-12-01_12h27.08.742,tilt_mocs,2024.2.4,120.11218477836073,2025-12-01 12h27.34.412624 -0500,
1,0.0,,169,169,0,,,,,,,,,,c+1,noss,0,left,1.4329537079975125,None,None,,,,,,,,,,,0,169,169,889,539.9880207089955,,,,,,,,,,,,,,,,,,,,,,,,,,,,,,,,,,,,,,,,,,,,,,,,,,,,,,,,,,,,,,,,539.9796037089982,539.9880207089955,540.4781847919949,540.4781847919949,540.5531606669974,540.5531606669974,541.4274236669953,left,1.4329537079975125,None,541.4275298749999,541.427572583998,None,,,,,,,,,,,,21049994,0,2025-12-01_12h27.08.742,tilt_mocs,2024.2.4,120.11218477836073,2025-12-01 12h27.34.412624 -0500,
-6,-15.0,,170,170,0,,,,,,,,,,c-6,negs,100,left,1.0919005420000758,None,None,,,,,,,,,,,0,170,170,442,541.4383463339982,,,,,,,,,,,,,,,,,,,,,,,,,,,,,,,,,,,,,,,,,,,,,,,,,,,,,,,,,,,,,,,,541.4295385000005,541.4383463339982,541.9279427919973,541.9279427919973,542.0032129589963,542.0032129589963,542.5387244169979,left,1.0919005420000758,None,542.5388518749969,542.5389062499962,None,,,,,,,,,,,,21049994,0,2025-12-01_12h27.08.742,tilt_mocs,2024.2.4,120.11218477836073,2025-12-01 12h27.34.412624 -0500,
-2,0.0,,171,171,0,,,,,,,,,,c-2,noss,0,left,0.9916113330036751,None,None,,,,,,,,,,,0,171,171,742,542.5488433749997,,,,,,,,,,,,,,,,,,,,,,,,,,,,,,,,,,,,,,,,,,,,,,,,,,,,,,,,,,,,,,,,542.5410705839968,542.5488433749997,543.0362095000019,543.0362095000019,543.1081774999984,543.1081774999984,543.5442314589964,left,0.9916113330036751,None,543.5443605839973,543.5444162499989,None,,,,,,,,,,,,21049994,0,2025-12-01_12h27.08.742,tilt_mocs,2024.2.4,120.11218477836073,2025-12-01 12h27.34.412624 -0500,
-4,-15.0,,172,172,0,,,,,,,,,,c-4,negs,100,left,1.3812222499982454,None,None,,,,,,,,,,,0,172,172,498,543.5553181669966,,,,,,,,,,,,,,,,,,,,,,,,,,,,,,,,,,,,,,,,,,,,,,,,,,,,,,,,,,,,,,,,543.5468314999962,543.5553181669966,544.0443974169975,544.0443974169975,544.1197456250011,544.1197456250011,544.9392464170014,left,1.3812222499982454,None,544.9394165420017,544.9394801669987,None,,,,,,,,,,,,21049994,0,2025-12-01_12h27.08.742,tilt_mocs,2024.2.4,120.11218477836073,2025-12-01 12h27.34.412624 -0500,
-1,0.0,,173,173,0,,,,,,,,,,c-1,noss,0,left,1.4560265420004725,None,None,,,,,,,,,,,0,173,173,793,544.9503714999955,,,,,,,,,,,,,,,,,,,,,,,,,,,,,,,,,,,,,,,,,,,,,,,,,,,,,,,,,,,,,,,,544.9420375420013,544.9503714999955,545.4361290839952,545.4361290839952,545.5086688750016,545.5086688750016,546.4117677920003,left,1.4560265420004725,None,546.4118854589979,546.4119272499956,None,,,,,,,,,,,,21049994,0,2025-12-01_12h27.08.742,tilt_mocs,2024.2.4,120.11218477836073,2025-12-01 12h27.34.412624 -0500,
0,-15.0,,174,174,0,,,,,,,,,,c+0,negs,100,right,0.9805085830012104,None,None,,,,,,,,,,,0,174,174,589,546.4223089590014,,,,,,,,,,,,,,,,,,,,,,,,,,,,,,,,,,,,,,,,,,,,,,,,,,,,,,,,,,,,,,,,546.4138589590002,546.4223089590014,546.9122338749949,546.9122338749949,546.9867154589956,546.9867154589956,547.4054724999951,right,0.9805085830012104,None,547.4055992919966,547.4056532089962,None,,,,,,,,,,,,21049994,0,2025-12-01_12h27.08.742,tilt_mocs,2024.2.4,120.11218477836073,2025-12-01 12h27.34.412624 -0500,
-8,-15.0,,175,175,0,,,,,,,,,,c-8,negs,100,left,1.1494054580034572,None,None,,,,,,,,,,,0,175,175,350,547.4158059170004,,,,,,,,,,,,,,,,,,,,,,,,,,,,,,,,,,,,,,,,,,,,,,,,,,,,,,,,,,,,,,,,547.4077661249976,547.4158059170004,547.902938166997,547.902938166997,547.9761945419959,547.9761945419959,548.5718597090017,left,1.1494054580034572,None,548.5719871670008,548.5720415420001,None,,,,,,,,,,,,21049994,0,2025-12-01_12h27.08.742,tilt_mocs,2024.2.4,120.11218477836073,2025-12-01 12h27.34.412624 -0500,
0,15.0,,176,176,0,,,,,,,,,,c+0,poss,100,left,1.1261541249987204,None,None,,,,,,,,,,,0,176,176,80,548.582298041998,,,,,,,,,,,,,,,,,,,,,,,,,,,,,,,,,,,,,,,,,,,,,,,,,,,,,,,,,,,,,,,,548.5742869999958,548.582298041998,549.0695107089996,549.0695107089996,549.1420287500005,549.1420287500005,549.7118469589986,left,1.1261541249987204,None,549.7119602499952,549.712003583998,None,,,,,,,,,,,,21049994,0,2025-12-01_12h27.08.742,tilt_mocs,2024.2.4,120.11218477836073,2025-12-01 12h27.34.412624 -0500,
-4,-15.0,,177,177,0,,,,,,,,,,c-4,negs,100,left,1.2181273339956533,None,None,,,,,,,,,,,0,177,177,460,549.7221975840002,,,,,,,,,,,,,,,,,,,,,,,,,,,,,,,,,,,,,,,,,,,,,,,,,,,,,,,,,,,,,,,,549.713952291997,549.7221975840002,550.2118889999983,550.2118889999983,550.2868589999998,550.2868589999998,550.9455693339987,left,1.2181273339956533,None,550.9456710419981,550.9457137089994,None,,,,,,,,,,,,21049994,0,2025-12-01_12h27.08.742,tilt_mocs,2024.2.4,120.11218477836073,2025-12-01 12h27.34.412624 -0500,
0,-15.0,,178,178,0,,,,,,,,,,c+0,negs,100,right,1.0722875420033233,None,None,,,,,,,,,,,0,178,178,601,550.9556225839988,,,,,,,,,,,,,,,,,,,,,,,,,,,,,,,,,,,,,,,,,,,,,,,,,,,,,,,,,,,,,,,,550.9476367499956,550.9556225839988,551.4457175419957,551.4457175419957,551.5200472919969,551.5200472919969,552.0391133750018,right,1.0722875420033233,None,552.0392416249961,552.0392960419995,None,,,,,,,,,,,,21049994,0,2025-12-01_12h27.08.742,tilt_mocs,2024.2.4,120.11218477836073,2025-12-01 12h27.34.412624 -0500,
-4,-15.0,,179,179,0,,,,,,,,,,c-4,negs,100,left,1.1877616659985506,None,None,,,,,,,,,,,0,179,179,485,552.0499219170015,,,,,,,,,,,,,,,,,,,,,,,,,,,,,,,,,,,,,,,,,,,,,,,,,,,,,,,,,,,,,,,,552.0416587090003,552.0499219170015,552.5363506669964,552.5363506669964,552.6086135840014,552.6086135840014,553.2484639999966,left,1.1877616659985506,None,553.2485626249982,553.2486043339959,None,,,,,,,,,,,,21049994,0,2025-12-01_12h27.08.742,tilt_mocs,2024.2.4,120.11218477836073,2025-12-01 12h27.34.412624 -0500,
4,15.0,,180,180,0,,,,,,,,,,c+4,poss,100,right,1.1355370829987805,None,None,,,,,,,,,,,0,180,180,209,553.2559657089951,,,,,,,,,,,,,,,,,,,,,,,,,,,,,,,,,,,,,,,,,,,,,,,,,,,,,,,,,,,,,,,,553.2505364999961,553.2559657089951,553.7461205,553.7461205,553.820484291995,553.820484291995,554.3944451669959,right,1.1355370829987805,None,554.3945453339984,554.3945880419997,None,,,,,,,,,,,,21049994,0,2025-12-01_12h27.08.742,tilt_mocs,2024.2.4,120.11218477836073,2025-12-01 12h27.34.412624 -0500,
0,15.0,,181,181,0,,,,,,,,,,c+0,poss,100,left,1.0625930840033107,None,None,,,,,,,,,,,0,181,181,105,554.4198686669988,,,,,,,,,,,,,,,,,,,,,,,,,,,,,,,,,,,,,,,,,,,,,,,,,,,,,,,,,,,,,,,,554.3964532919999,554.4198686669988,554.895647624995,554.895647624995,554.9703393749951,554.9703393749951,555.4889249589978,left,1.0625930840033107,None,555.4890221669993,555.4890640000012,None,,,,,,,,,,,,21049994,0,2025-12-01_12h27.08.742,tilt_mocs,2024.2.4,120.11218477836073,2025-12-01 12h27.34.412624 -0500,
0,-15.0,,182,182,0,,,,,,,,,,c+0,negs,100,right,1.0753741250009625,None,None,,,,,,,,,,,0,182,182,576,555.4992023340019,,,,,,,,,,,,,,,,,,,,,,,,,,,,,,,,,,,,,,,,,,,,,,,,,,,,,,,,,,,,,,,,555.4909983749967,555.4992023340019,555.9865145840013,555.9865145840013,556.058835459,556.058835459,556.578553374995,right,1.0753741250009625,None,556.5786969170003,556.5787524170009,None,,,,,,,,,,,,21049994,0,2025-12-01_12h27.08.742,tilt_mocs,2024.2.4,120.11218477836073,2025-12-01 12h27.34.412624 -0500,
4,15.0,,183,183,0,,,,,,,,,,c+4,poss,100,right,1.2122339999987162,None,None,,,,,,,,,,,0,183,183,174,556.5891284169993,,,,,,,,,,,,,,,,,,,,,,,,,,,,,,,,,,,,,,,,,,,,,,,,,,,,,,,,,,,,,,,,556.5808172920006,556.5891284169993,557.0795484170012,557.0795484170012,557.153744999996,557.153744999996,557.8056915839989,right,1.2122339999987162,None,557.8058158749991,557.805869374999,None,,,,,,,,,,,,21049994,0,2025-12-01_12h27.08.742,tilt_mocs,2024.2.4,120.11218477836073,2025-12-01 12h27.34.412624 -0500,
2,15.0,,184,184,0,,,,,,,,,,c+2,poss,100,right,1.1495437499979744,None,None,,,,,,,,,,,0,184,184,138,557.8162669169978,,,,,,,,,,,,,,,,,,,,,,,,,,,,,,,,,,,,,,,,,,,,,,,,,,,,,,,,,,,,,,,,557.8083085839971,557.8162669169978,558.3033233339956,558.3033233339956,558.3762622089998,558.3762622089998,558.9728034169966,right,1.1495437499979744,None,558.973032541995,558.9731767089979,None,,,,,,,,,,,,21049994,0,2025-12-01_12h27.08.742,tilt_mocs,2024.2.4,120.11218477836073,2025-12-01 12h27.34.412624 -0500,
2,-15.0,,185,185,0,,,,,,,,,,c+2,negs,100,right,1.0474426669970853,None,None,,,,,,,,,,,0,185,185,661,558.9842040840012,,,,,,,,,,,,,,,,,,,,,,,,,,,,,,,,,,,,,,,,,,,,,,,,,,,,,,,,,,,,,,,,558.9760757499971,558.9842040840012,559.4701092499963,559.4701092499963,559.5418350420005,559.5418350420005,560.039212124997,right,1.0474426669970853,None,560.0393367919969,560.0393905419987,None,,,,,,,,,,,,21049994,0,2025-12-01_12h27.08.742,tilt_mocs,2024.2.4,120.11218477836073,2025-12-01 12h27.34.412624 -0500,
-2,0.0,,186,186,0,,,,,,,,,,c-2,noss,0,left,1.0213697079962003,None,None,,,,,,,,,,,0,186,186,735,560.0496159999966,,,,,,,,,,,,,,,,,,,,,,,,,,,,,,,,,,,,,,,,,,,,,,,,,,,,,,,,,,,,,,,,560.0417547499965,560.0496159999966,560.536636208999,560.536636208999,560.6088008340012,560.6088008340012,561.0734032089968,left,1.0213697079962003,None,561.0735235839966,561.0735692089947,None,,,,,,,,,,,,21049994,0,2025-12-01_12h27.08.742,tilt_mocs,2024.2.4,120.11218477836073,2025-12-01 12h27.34.412624 -0500,
2,15.0,,187,187,0,,,,,,,,,,c+2,poss,100,left,1.3034716659967671,None,None,,,,,,,,,,,0,187,187,119,561.0835870840019,,,,,,,,,,,,,,,,,,,,,,,,,,,,,,,,,,,,,,,,,,,,,,,,,,,,,,,,,,,,,,,,561.0755932920001,561.0835870840019,561.5701586669966,561.5701586669966,561.642787083998,561.642787083998,562.3896229999955,left,1.3034716659967671,None,562.3897503339977,562.3898059169951,None,,,,,,,,,,,,21049994,0,2025-12-01_12h27.08.742,tilt_mocs,2024.2.4,120.11218477836073,2025-12-01 12h27.34.412624 -0500,
2,15.0,,188,188,0,,,,,,,,,,c+2,poss,100,left,1.4448367079967284,None,None,,,,,,,,,,,0,188,188,118,562.4001495420016,,,,,,,,,,,,,,,,,,,,,,,,,,,,,,,,,,,,,,,,,,,,,,,,,,,,,,,,,,,,,,,,562.3921798750016,562.4001495420016,562.8959403339977,562.8959403339977,562.9706483339978,562.9706483339978,563.8562757499967,left,1.4448367079967284,None,563.856402874997,563.8564555420016,None,,,,,,,,,,,,21049994,0,2025-12-01_12h27.08.742,tilt_mocs,2024.2.4,120.11218477836073,2025-12-01 12h27.34.412624 -0500,
-4,-15.0,,189,189,0,,,,,,,,,,c-4,negs,100,left,1.091182457996183,None,None,,,,,,,,,,,0,189,189,468,563.8673195839947,,,,,,,,,,,,,,,,,,,,,,,,,,,,,,,,,,,,,,,,,,,,,,,,,,,,,,,,,,,,,,,,563.8588909999962,563.8673195839947,564.3534241669986,564.3534241669986,564.4255482090011,564.4255482090011,564.9625174169996,left,1.091182457996183,None,564.9626431249999,564.9627027499955,None,,,,,,,,,,,,21049994,0,2025-12-01_12h27.08.742,tilt_mocs,2024.2.4,120.11218477836073,2025-12-01 12h27.34.412624 -0500,
-4,-15.0,,190,190,0,,,,,,,,,,c-4,negs,100,left,1.137323082999501,None,None,,,,,,,,,,,0,190,190,474,564.9733047089976,,,,,,,,,,,,,,,,,,,,,,,,,,,,,,,,,,,,,,,,,,,,,,,,,,,,,,,,,,,,,,,,564.9649474589969,564.9733047089976,565.4628177499981,565.4628177499981,565.5374025419951,565.5374025419951,566.1228542089957,left,1.137323082999501,None,566.1229816669947,566.1230358339963,None,,,,,,,,,,,,21049994,0,2025-12-01_12h27.08.742,tilt_mocs,2024.2.4,120.11218477836073,2025-12-01 12h27.34.412624 -0500,
-2,15.0,,191,191,0,,,,,,,,,,c-2,poss,100,left,1.0989507920021424,None,None,,,,,,,,,,,0,191,191,17,566.1330149999994,,,,,,,,,,,,,,,,,,,,,,,,,,,,,,,,,,,,,,,,,,,,,,,,,,,,,,,,,,,,,,,,566.1251265839965,566.1330149999994,566.6202530419978,566.6202530419978,566.6926354589959,566.6926354589959,567.2395812499963,left,1.0989507920021424,None,567.2397075839981,567.239769916996,None,,,,,,,,,,,,21049994,0,2025-12-01_12h27.08.742,tilt_mocs,2024.2.4,120.11218477836073,2025-12-01 12h27.34.412624 -0500,
6,15.0,,192,192,0,,,,,,,,,,c+6,poss,100,right,1.215331082996272,None,None,,,,,,,,,,,0,192,192,271,567.2504832919949,,,,,,,,,,,,,,,,,,,,,,,,,,,,,,,,,,,,,,,,,,,,,,,,,,,,,,,,,,,,,,,,567.2421672499986,567.2504832919949,567.7370116249949,567.7370116249949,567.8093927919981,567.8093927919981,568.473148416997,right,1.215331082996272,None,568.4732777089957,568.4733330000017,None,,,,,,,,,,,,21049994,0,2025-12-01_12h27.08.742,tilt_mocs,2024.2.4,120.11218477836073,2025-12-01 12h27.34.412624 -0500,
6,15.0,,193,193,0,,,,,,,,,,c+6,poss,100,right,1.1038360840029782,None,None,,,,,,,,,,,0,193,193,262,568.4833659169963,,,,,,,,,,,,,,,,,,,,,,,,,,,,,,,,,,,,,,,,,,,,,,,,,,,,,,,,,,,,,,,,568.4754032499986,568.4833659169963,568.9703922499975,568.9703922499975,569.0433193749996,569.0433193749996,569.5896990839974,right,1.1038360840029782,None,569.5898277500019,569.5898817919951,None,,,,,,,,,,,,21049994,0,2025-12-01_12h27.08.742,tilt_mocs,2024.2.4,120.11218477836073,2025-12-01 12h27.34.412624 -0500,
0,-15.0,,194,194,0,,,,,,,,,,c+0,negs,100,right,1.0235557080013677,None,None,,,,,,,,,,,0,194,194,593,569.5997390420016,,,,,,,,,,,,,,,,,,,,,,,,,,,,,,,,,,,,,,,,,,,,,,,,,,,,,,,,,,,,,,,,569.5920649999971,569.5997390420016,570.0870434999961,570.0870434999961,570.1606558749991,570.1606558749991,570.6279512089968,right,1.0235557080013677,None,570.6280706249963,570.6281246669969,None,,,,,,,,,,,,21049994,0,2025-12-01_12h27.08.742,tilt_mocs,2024.2.4,120.11218477836073,2025-12-01 12h27.34.412624 -0500,
-6,-15.0,,195,195,0,,,,,,,,,,c-6,negs,100,left,1.0416631249972852,None,None,,,,,,,,,,,0,195,195,399,570.6537841669997,,,,,,,,,,,,,,,,,,,,,,,,,,,,,,,,,,,,,,,,,,,,,,,,,,,,,,,,,,,,,,,,570.6302963339986,570.6537841669997,571.1292880420006,571.1292880420006,571.2044541669966,571.2044541669966,571.7069847919993,left,1.0416631249972852,None,571.7071451250013,571.707208916996,None,,,,,,,,,,,,21049994,0,2025-12-01_12h27.08.742,tilt_mocs,2024.2.4,120.11218477836073,2025-12-01 12h27.34.412624 -0500,
6,15.0,,196,196,0,,,,,,,,,,c+6,poss,100,right,1.0764635409941548,None,None,,,,,,,,,,,0,196,196,226,571.717149666998,,,,,,,,,,,,,,,,,,,,,,,,,,,,,,,,,,,,,,,,,,,,,,,,,,,,,,,,,,,,,,,,571.7095152089969,571.717149666998,572.2039719589957,572.2039719589957,572.2758470839981,572.2758470839981,572.7959920840003,right,1.0764635409941548,None,572.796103834,572.7961490419984,None,,,,,,,,,,,,21049994,0,2025-12-01_12h27.08.742,tilt_mocs,2024.2.4,120.11218477836073,2025-12-01 12h27.34.412624 -0500,
2,0.0,,197,197,0,,,,,,,,,,c+2,noss,0,right,1.0582182910002302,None,None,,,,,,,,,,,0,197,197,938,572.8063401670006,,,,,,,,,,,,,,,,,,,,,,,,,,,,,,,,,,,,,,,,,,,,,,,,,,,,,,,,,,,,,,,,572.7981455420013,572.8063401670006,573.2958874999968,573.2958874999968,573.3710392499997,573.3710392499997,573.8733127500018,right,1.0582182910002302,None,573.8734389999954,573.8734942500014,None,,,,,,,,,,,,21049994,0,2025-12-01_12h27.08.742,tilt_mocs,2024.2.4,120.11218477836073,2025-12-01 12h27.34.412624 -0500,
-6,-15.0,,198,198,0,,,,,,,,,,c-6,negs,100,left,1.0396634999997332,None,None,,,,,,,,,,,0,198,198,426,573.8838403339978,,,,,,,,,,,,,,,,,,,,,,,,,,,,,,,,,,,,,,,,,,,,,,,,,,,,,,,,,,,,,,,,573.8757680419949,573.8838403339978,574.3706235419959,574.3706235419959,574.4436817919996,574.4436817919996,574.928809416997,left,1.0396634999997332,None,574.928908834001,574.9289519589947,None,,,,,,,,,,,,21049994,0,2025-12-01_12h27.08.742,tilt_mocs,2024.2.4,120.11218477836073,2025-12-01 12h27.34.412624 -0500,
4,15.0,,199,199,0,,,,,,,,,,c+4,poss,100,right,1.127624749999086,None,None,,,,,,,,,,,0,199,199,213,574.9396200420015,,,,,,,,,,,,,,,,,,,,,,,,,,,,,,,,,,,,,,,,,,,,,,,,,,,,,,,,,,,,,,,,574.9308252920018,574.9396200420015,575.4299799169967,575.4299799169967,575.5044479589997,575.5044479589997,576.0732366669981,right,1.127624749999086,None,576.0733400839963,576.0733825839998,None,,,,,,,,,,,,21049994,0,2025-12-01_12h27.08.742,tilt_mocs,2024.2.4,120.11218477836073,2025-12-01 12h27.34.412624 -0500,
-2,15.0,,200,200,0,,,,,,,,,,c-2,poss,100,left,1.0588513750044513,None,None,,,,,,,,,,,0,200,200,42,576.083350791996,,,,,,,,,,,,,,,,,,,,,,,,,,,,,,,,,,,,,,,,,,,,,,,,,,,,,,,,,,,,,,,,576.0753214169963,576.083350791996,576.5705696669975,576.5705696669975,576.6427511250004,576.6427511250004,577.1452557500015,left,1.0588513750044513,None,577.145352583997,577.1453957919948,None,,,,,,,,,,,,21049994,0,2025-12-01_12h27.08.742,tilt_mocs,2024.2.4,120.11218477836073,2025-12-01 12h27.34.412624 -0500,
1,0.0,,201,201,0,,,,,,,,,,c+1,noss,0,right,0.9675495000046794,None,None,,,,,,,,,,,0,201,201,894,577.1566817919957,,,,,,,,,,,,,,,,,,,,,,,,,,,,,,,,,,,,,,,,,,,,,,,,,,,,,,,,,,,,,,,,577.147287791995,577.1566817919957,577.6466627089976,577.6466627089976,577.7212547499948,577.7212547499948,578.1294340839959,right,0.9675495000046794,None,578.129543666997,578.1295874589996,None,,,,,,,,,,,,21049994,0,2025-12-01_12h27.08.742,tilt_mocs,2024.2.4,120.11218477836073,2025-12-01 12h27.34.412624 -0500,
-2,-15.0,,202,202,0,,,,,,,,,,c-2,negs,100,right,1.2055244590010261,None,None,,,,,,,,,,,0,202,202,528,578.1400070839954,,,,,,,,,,,,,,,,,,,,,,,,,,,,,,,,,,,,,,,,,,,,,,,,,,,,,,,,,,,,,,,,578.1315590419981,578.1400070839954,578.6302160839987,578.6302160839987,578.7046997090001,578.7046997090001,579.3568545839953,right,1.2055244590010261,None,579.3569841249991,579.3570379590019,None,,,,,,,,,,,,21049994,0,2025-12-01_12h27.08.742,tilt_mocs,2024.2.4,120.11218477836073,2025-12-01 12h27.34.412624 -0500,
2,15.0,,203,203,0,,,,,,,,,,c+2,poss,100,left,1.1187118329980876,None,None,,,,,,,,,,,0,203,203,156,579.3673985419955,,,,,,,,,,,,,,,,,,,,,,,,,,,,,,,,,,,,,,,,,,,,,,,,,,,,,,,,,,,,,,,,579.3593073340016,579.3673985419955,579.8539811250012,579.8539811250012,579.9270414999992,579.9270414999992,580.489963,left,1.1187118329980876,None,580.4900649999981,580.490108375001,None,,,,,,,,,,,,21049994,0,2025-12-01_12h27.08.742,tilt_mocs,2024.2.4,120.11218477836073,2025-12-01 12h27.34.412624 -0500,
-2,15.0,,204,204,0,,,,,,,,,,c-2,poss,100,left,1.0765058750039316,None,None,,,,,,,,,,,0,204,204,35,580.5000621669969,,,,,,,,,,,,,,,,,,,,,,,,,,,,,,,,,,,,,,,,,,,,,,,,,,,,,,,,,,,,,,,,580.4920362499979,580.5000621669969,580.9873310420007,580.9873310420007,581.0604838750005,581.0604838750005,581.5792605419992,left,1.0765058750039316,None,581.5793821249972,581.5794249999963,None,,,,,,,,,,,,21049994,0,2025-12-01_12h27.08.742,tilt_mocs,2024.2.4,120.11218477836073,2025-12-01 12h27.34.412624 -0500,
-6,-15.0,,205,205,0,,,,,,,,,,c-6,negs,100,left,1.1156913750019157,None,None,,,,,,,,,,,0,205,205,419,581.5895348339982,,,,,,,,,,,,,,,,,,,,,,,,,,,,,,,,,,,,,,,,,,,,,,,,,,,,,,,,,,,,,,,,581.5813509590007,581.5895348339982,582.0795429169957,582.0795429169957,582.1547639169949,582.1547639169949,582.7084495839954,left,1.1156913750019157,None,582.7085999999981,582.7086577919981,None,,,,,,,,,,,,21049994,0,2025-12-01_12h27.08.742,tilt_mocs,2024.2.4,120.11218477836073,2025-12-01 12h27.34.412624 -0500,
8,15.0,,206,206,0,,,,,,,,,,c+8,poss,100,right,0.9968765000012354,None,None,,,,,,,,,,,0,206,206,298,582.7191291249983,,,,,,,,,,,,,,,,,,,,,,,,,,,,,,,,,,,,,,,,,,,,,,,,,,,,,,,,,,,,,,,,582.7109918749993,582.7191291249983,583.2042711670001,583.2042711670001,583.2764509999979,583.2764509999979,583.7241580839982,right,0.9968765000012354,None,583.7243042089976,583.7243643339971,None,,,,,,,,,,,,21049994,0,2025-12-01_12h27.08.742,tilt_mocs,2024.2.4,120.11218477836073,2025-12-01 12h27.34.412624 -0500,
1,0.0,,207,207,0,,,,,,,,,,c+1,noss,0,left,1.3207759170036297,None,None,,,,,,,,,,,0,207,207,865,583.7345887499978,,,,,,,,,,,,,,,,,,,,,,,,,,,,,,,,,,,,,,,,,,,,,,,,,,,,,,,,,,,,,,,,583.7265725420002,583.7345887499978,584.2208075000017,584.2208075000017,584.2929126250019,584.2929126250019,585.0664108339988,left,1.3207759170036297,None,585.0665159169948,585.066561959,None,,,,,,,,,,,,21049994,0,2025-12-01_12h27.08.742,tilt_mocs,2024.2.4,120.11218477836073,2025-12-01 12h27.34.412624 -0500,
-1,0.0,,208,208,0,,,,,,,,,,c-1,noss,0,left,1.054611333005596,None,None,,,,,,,,,,,0,208,208,836,585.0734216669953,,,,,,,,,,,,,,,,,,,,,,,,,,,,,,,,,,,,,,,,,,,,,,,,,,,,,,,,,,,,,,,,585.0685321669953,585.0734216669953,585.5638322500017,585.5638322500017,585.6382365419995,585.6382365419995,586.1404439170001,left,1.054611333005596,None,586.1405692499975,586.140621999999,None,,,,,,,,,,,,21049994,0,2025-12-01_12h27.08.742,tilt_mocs,2024.2.4,120.11218477836073,2025-12-01 12h27.34.412624 -0500,
-6,-15.0,,209,209,0,,,,,,,,,,c-6,negs,100,left,1.2556204590000561,None,None,,,,,,,,,,,0,209,209,414,586.1511812089957,,,,,,,,,,,,,,,,,,,,,,,,,,,,,,,,,,,,,,,,,,,,,,,,,,,,,,,,,,,,,,,,586.1429301669996,586.1511812089957,586.6378485419991,586.6378485419991,586.7099984169981,586.7099984169981,587.4119739169982,left,1.2556204590000561,None,587.412092999999,587.4121466669967,None,,,,,,,,,,,,21049994,0,2025-12-01_12h27.08.742,tilt_mocs,2024.2.4,120.11218477836073,2025-12-01 12h27.34.412624 -0500,
0,15.0,,210,210,0,,,,,,,,,,c+0,poss,100,left,1.085834083998634,None,None,,,,,,,,,,,0,210,210,99,587.4378791669951,,,,,,,,,,,,,,,,,,,,,,,,,,,,,,,,,,,,,,,,,,,,,,,,,,,,,,,,,,,,,,,,587.414221125,587.4378791669951,587.9132198750012,587.9132198750012,587.9882580839985,587.9882580839985,588.5298607090008,left,1.085834083998634,None,588.5299686669969,588.5300116669969,None,,,,,,,,,,,,21049994,0,2025-12-01_12h27.08.742,tilt_mocs,2024.2.4,120.11218477836073,2025-12-01 12h27.34.412624 -0500,
8,15.0,,211,211,0,,,,,,,,,,c+8,poss,100,right,1.085813000005146,None,None,,,,,,,,,,,0,211,211,334,588.5403182090013,,,,,,,,,,,,,,,,,,,,,,,,,,,,,,,,,,,,,,,,,,,,,,,,,,,,,,,,,,,,,,,,588.5319460419996,588.5403182090013,589.0299449999948,589.0299449999948,589.1048030419988,589.1048030419988,589.6290622090019,right,1.085813000005146,None,589.6292808750004,589.6293559589976,None,,,,,,,,,,,,21049994,0,2025-12-01_12h27.08.742,tilt_mocs,2024.2.4,120.11218477836073,2025-12-01 12h27.34.412624 -0500,
-2,-15.0,,212,212,0,,,,,,,,,,c-2,negs,100,left,1.5981423750054091,None,None,,,,,,,,,,,0,212,212,548,589.6402252089974,,,,,,,,,,,,,,,,,,,,,,,,,,,,,,,,,,,,,,,,,,,,,,,,,,,,,,,,,,,,,,,,589.6317301250019,589.6402252089974,590.1306904590019,590.1306904590019,590.2050105839953,590.2050105839953,591.2409511250007,left,1.5981423750054091,None,591.2411123339989,591.2411655420001,None,,,,,,,,,,,,21049994,0,2025-12-01_12h27.08.742,tilt_mocs,2024.2.4,120.11218477836073,2025-12-01 12h27.34.412624 -0500,
-2,15.0,,213,213,0,,,,,,,,,,c-2,poss,100,left,1.1365552920033224,None,None,,,,,,,,,,,0,213,213,46,591.2520041249954,,,,,,,,,,,,,,,,,,,,,,,,,,,,,,,,,,,,,,,,,,,,,,,,,,,,,,,,,,,,,,,,591.2437854589953,591.2520041249954,591.7378849169982,591.7378849169982,591.8101818750001,591.8101818750001,592.3910830839959,left,1.1365552920033224,None,592.3912080000009,592.391261124998,None,,,,,,,,,,,,21049994,0,2025-12-01_12h27.08.742,tilt_mocs,2024.2.4,120.11218477836073,2025-12-01 12h27.34.412624 -0500,
8,15.0,,214,214,0,,,,,,,,,,c+8,poss,100,right,1.0314529160023085,None,None,,,,,,,,,,,0,214,214,324,592.4016191670016,,,,,,,,,,,,,,,,,,,,,,,,,,,,,,,,,,,,,,,,,,,,,,,,,,,,,,,,,,,,,,,,592.3936475840019,592.4016191670016,592.887934624996,592.887934624996,592.9607472089992,592.9607472089992,593.4410019999996,right,1.0314529160023085,None,593.4411458339964,593.4412075419968,None,,,,,,,,,,,,21049994,0,2025-12-01_12h27.08.742,tilt_mocs,2024.2.4,120.11218477836073,2025-12-01 12h27.34.412624 -0500,
-2,15.0,,215,215,0,,,,,,,,,,c-2,poss,100,left,1.0299063749989728,None,None,,,,,,,,,,,0,215,215,32,593.4512688339964,,,,,,,,,,,,,,,,,,,,,,,,,,,,,,,,,,,,,,,,,,,,,,,,,,,,,,,,,,,,,,,,593.4435672089967,593.4512688339964,593.9380052499982,593.9380052499982,594.0107891250009,594.0107891250009,594.4904804999969,left,1.0299063749989728,None,594.4906065839969,594.4906608749952,None,,,,,,,,,,,,21049994,0,2025-12-01_12h27.08.742,tilt_mocs,2024.2.4,120.11218477836073,2025-12-01 12h27.34.412624 -0500,
-2,0.0,,216,216,0,,,,,,,,,,c-2,noss,0,left,1.0052813329966739,None,None,,,,,,,,,,,0,216,216,744,594.5006979999962,,,,,,,,,,,,,,,,,,,,,,,,,,,,,,,,,,,,,,,,,,,,,,,,,,,,,,,,,,,,,,,,594.4926800839967,594.5006979999962,594.9880320000011,594.9880320000011,595.0615446669981,595.0615446669981,595.517256166997,left,1.0052813329966739,None,595.5173553339991,595.5173989999967,None,,,,,,,,,,,,21049994,0,2025-12-01_12h27.08.742,tilt_mocs,2024.2.4,120.11218477836073,2025-12-01 12h27.34.412624 -0500,
-2,15.0,,217,217,0,,,,,,,,,,c-2,poss,100,left,1.0213019590009935,None,None,,,,,,,,,,,0,217,217,53,595.524036584,,,,,,,,,,,,,,,,,,,,,,,,,,,,,,,,,,,,,,,,,,,,,,,,,,,,,,,,,,,,,,,,595.5193214169994,595.524036584,596.013733916996,596.013733916996,596.0885222090001,596.0885222090001,596.5575849169982,left,1.0213019590009935,None,596.5577417919994,596.5577989999947,None,,,,,,,,,,,,21049994,0,2025-12-01_12h27.08.742,tilt_mocs,2024.2.4,120.11218477836073,2025-12-01 12h27.34.412624 -0500,
2,0.0,,218,218,0,,,,,,,,,,c+2,noss,0,right,1.108354165997298,None,None,,,,,,,,,,,0,218,218,943,596.5690150419978,,,,,,,,,,,,,,,,,,,,,,,,,,,,,,,,,,,,,,,,,,,,,,,,,,,,,,,,,,,,,,,,596.5607891249965,596.5690150419978,597.0547237919964,597.0547237919964,597.1273275419953,597.1273275419953,597.6794414589967,right,1.108354165997298,None,597.6795484999966,597.6795913339956,None,,,,,,,,,,,,21049994,0,2025-12-01_12h27.08.742,tilt_mocs,2024.2.4,120.11218477836073,2025-12-01 12h27.34.412624 -0500,
1,0.0,,219,219,0,,,,,,,,,,c+1,noss,0,left,1.9122332920014742,None,None,,,,,,,,,,,0,219,219,857,597.7049080840006,,,,,,,,,,,,,,,,,,,,,,,,,,,,,,,,,,,,,,,,,,,,,,,,,,,,,,,,,,,,,,,,597.6814813749952,597.7049080840006,598.1799765839969,598.1799765839969,598.2553967089989,598.2553967089989,599.6244030839953,left,1.9122332920014742,None,599.6245782089973,599.6247109169999,None,,,,,,,,,,,,21049994,0,2025-12-01_12h27.08.742,tilt_mocs,2024.2.4,120.11218477836073,2025-12-01 12h27.34.412624 -0500,
-4,0.0,,220,220,0,,,,,,,,,,c-4,noss,0,left,1.0566966249971301,None,None,,,,,,,,,,,0,220,220,688,599.635331958998,,,,,,,,,,,,,,,,,,,,,,,,,,,,,,,,,,,,,,,,,,,,,,,,,,,,,,,,,,,,,,,,599.6272286669991,599.635331958998,600.1214413749985,600.1214413749985,600.1933927499995,600.1933927499995,600.6967140839988,left,1.0566966249971301,None,600.6968357919977,600.6969015840004,None,,,,,,,,,,,,21049994,0,2025-12-01_12h27.08.742,tilt_mocs,2024.2.4,120.11218477836073,2025-12-01 12h27.34.412624 -0500,
-2,-15.0,,221,221,0,,,,,,,,,,c-2,negs,100,right,1.1693639590012026,None,None,,,,,,,,,,,0,221,221,554,600.7073331669962,,,,,,,,,,,,,,,,,,,,,,,,,,,,,,,,,,,,,,,,,,,,,,,,,,,,,,,,,,,,,,,,600.6990006669948,600.7073331669962,601.1980787089997,601.1980787089997,601.2720072919983,601.2720072919983,601.8799452089952,right,1.1693639590012026,None,601.8800444590015,601.8800871669955,None,,,,,,,,,,,,21049994,0,2025-12-01_12h27.08.742,tilt_mocs,2024.2.4,120.11218477836073,2025-12-01 12h27.34.412624 -0500,
-2,-15.0,,222,222,0,,,,,,,,,,c-2,negs,100,right,1.831881957994483,None,None,,,,,,,,,,,0,222,222,509,601.8901566669956,,,,,,,,,,,,,,,,,,,,,,,,,,,,,,,,,,,,,,,,,,,,,,,,,,,,,,,,,,,,,,,,601.8819529999964,601.8901566669956,602.3802214169991,602.3802214169991,602.4555185419958,602.4555185419958,603.7243955419981,right,1.831881957994483,None,603.7244991249972,603.7245417090016,None,,,,,,,,,,,,21049994,0,2025-12-01_12h27.08.742,tilt_mocs,2024.2.4,120.11218477836073,2025-12-01 12h27.34.412624 -0500,
-2,0.0,,223,223,0,,,,,,,,,,c-2,noss,0,left,1.1718652500057942,None,None,,,,,,,,,,,0,223,223,747,603.734514083997,,,,,,,,,,,,,,,,,,,,,,,,,,,,,,,,,,,,,,,,,,,,,,,,,,,,,,,,,,,,,,,,603.7264945839997,603.734514083997,604.2216359169979,604.2216359169979,604.2939234590012,604.2939234590012,604.9127339999977,left,1.1718652500057942,None,604.9128587919986,604.9129133339957,None,,,,,,,,,,,,21049994,0,2025-12-01_12h27.08.742,tilt_mocs,2024.2.4,120.11218477836073,2025-12-01 12h27.34.412624 -0500,
-6,-15.0,,224,224,0,,,,,,,,,,c-6,negs,100,left,1.1012214590009535,None,None,,,,,,,,,,,0,224,224,396,604.9384105839999,,,,,,,,,,,,,,,,,,,,,,,,,,,,,,,,,,,,,,,,,,,,,,,,,,,,,,,,,,,,,,,,604.9149129590005,604.9384105839999,605.4140282090011,605.4140282090011,605.4886787919968,605.4886787919968,606.0424679999996,left,1.1012214590009535,None,606.0426302089982,606.0426911670002,None,,,,,,,,,,,,21049994,0,2025-12-01_12h27.08.742,tilt_mocs,2024.2.4,120.11218477836073,2025-12-01 12h27.34.412624 -0500,
8,15.0,,225,225,0,,,,,,,,,,c+8,poss,100,right,1.0022343340024236,None,None,,,,,,,,,,,0,225,225,326,606.0535819590004,,,,,,,,,,,,,,,,,,,,,,,,,,,,,,,,,,,,,,,,,,,,,,,,,,,,,,,,,,,,,,,,606.0450949590013,606.0535819590004,606.5384523339962,606.5384523339962,606.6102432920015,606.6102432920015,607.0587192919993,right,1.0022343340024236,None,607.0588569169995,607.0589133339963,None,,,,,,,,,,,,21049994,0,2025-12-01_12h27.08.742,tilt_mocs,2024.2.4,120.11218477836073,2025-12-01 12h27.34.412624 -0500,
2,15.0,,226,226,0,,,,,,,,,,c+2,poss,100,right,1.1430577499995707,None,None,,,,,,,,,,,0,226,226,159,607.0696428750016,,,,,,,,,,,,,,,,,,,,,,,,,,,,,,,,,,,,,,,,,,,,,,,,,,,,,,,,,,,,,,,,607.0612428749955,607.0696428750016,607.5551388339954,607.5551388339954,607.6290394169991,607.6290394169991,608.2242746670017,right,1.1430577499995707,None,608.224377833998,608.224420958999,None,,,,,,,,,,,,21049994,0,2025-12-01_12h27.08.742,tilt_mocs,2024.2.4,120.11218477836073,2025-12-01 12h27.34.412624 -0500,
-1,0.0,,227,227,0,,,,,,,,,,c-1,noss,0,left,0.9781898340006592,None,None,,,,,,,,,,,0,227,227,808,608.2346635419963,,,,,,,,,,,,,,,,,,,,,,,,,,,,,,,,,,,,,,,,,,,,,,,,,,,,,,,,,,,,,,,,608.2263323750012,608.2346635419963,608.7218246670018,608.7218246670018,608.7941586669986,608.7941586669986,609.2244287089998,left,0.9781898340006592,None,609.2245479170015,609.2245907089964,None,,,,,,,,,,,,21049994,0,2025-12-01_12h27.08.742,tilt_mocs,2024.2.4,120.11218477836073,2025-12-01 12h27.34.412624 -0500,
6,15.0,,228,228,0,,,,,,,,,,c+6,poss,100,right,0.9545425830001477,None,None,,,,,,,,,,,0,228,228,229,609.2344970839986,,,,,,,,,,,,,,,,,,,,,,,,,,,,,,,,,,,,,,,,,,,,,,,,,,,,,,,,,,,,,,,,609.226575834,609.2344970839986,609.7208657919982,609.7208657919982,609.7945218339955,609.7945218339955,610.1914619169984,right,0.9545425830001477,None,610.1915653339966,610.1916090000013,None,,,,,,,,,,,,21049994,0,2025-12-01_12h27.08.742,tilt_mocs,2024.2.4,120.11218477836073,2025-12-01 12h27.34.412624 -0500,
2,15.0,,229,229,0,,,,,,,,,,c+2,poss,100,right,1.8773513749983977,None,None,,,,,,,,,,,0,229,229,129,610.2014679589993,,,,,,,,,,,,,,,,,,,,,,,,,,,,,,,,,,,,,,,,,,,,,,,,,,,,,,,,,,,,,,,,610.1935366249963,610.2014679589993,610.6886146249963,610.6886146249963,610.7608779169968,610.7608779169968,612.0814563749955,right,1.8773513749983977,None,612.0816045419997,612.0816629589972,None,,,,,,,,,,,,21049994,0,2025-12-01_12h27.08.742,tilt_mocs,2024.2.4,120.11218477836073,2025-12-01 12h27.34.412624 -0500,
2,0.0,,230,230,0,,,,,,,,,,c+2,noss,0,right,1.4577045000041835,None,None,,,,,,,,,,,0,230,230,919,612.0917780419986,,,,,,,,,,,,,,,,,,,,,,,,,,,,,,,,,,,,,,,,,,,,,,,,,,,,,,,,,,,,,,,,612.0837769589998,612.0917780419986,612.5814821249951,612.5814821249951,612.6559123339975,612.6559123339975,613.5579468340002,right,1.4577045000041835,None,613.5580465839957,613.5580883340008,None,,,,,,,,,,,,21049994,0,2025-12-01_12h27.08.742,tilt_mocs,2024.2.4,120.11218477836073,2025-12-01 12h27.34.412624 -0500,
-6,-15.0,,231,231,0,,,,,,,,,,c-6,negs,100,left,1.1557112080045044,None,None,,,,,,,,,,,0,231,231,445,613.5678524169998,,,,,,,,,,,,,,,,,,,,,,,,,,,,,,,,,,,,,,,,,,,,,,,,,,,,,,,,,,,,,,,,613.5600020419952,613.5678524169998,614.0552842499965,614.0552842499965,614.1274305420011,614.1274305420011,614.7298311669947,left,1.1557112080045044,None,614.7299433340013,614.7299857920007,None,,,,,,,,,,,,21049994,0,2025-12-01_12h27.08.742,tilt_mocs,2024.2.4,120.11218477836073,2025-12-01 12h27.34.412624 -0500,
1,0.0,,232,232,0,,,,,,,,,,c+1,noss,0,right,1.0173639170025126,None,None,,,,,,,,,,,0,232,232,856,614.7556064589953,,,,,,,,,,,,,,,,,,,,,,,,,,,,,,,,,,,,,,,,,,,,,,,,,,,,,,,,,,,,,,,,614.7318852089957,614.7556064589953,615.2319064999974,615.2319064999974,615.305938999998,615.305938999998,615.7758376669954,right,1.0173639170025126,None,615.7759844589964,615.7760556669964,None,,,,,,,,,,,,21049994,0,2025-12-01_12h27.08.742,tilt_mocs,2024.2.4,120.11218477836073,2025-12-01 12h27.34.412624 -0500,
-8,-15.0,,233,233,0,,,,,,,,,,c-8,negs,100,left,0.9884861660029856,None,None,,,,,,,,,,,0,233,233,357,615.7866445839973,,,,,,,,,,,,,,,,,,,,,,,,,,,,,,,,,,,,,,,,,,,,,,,,,,,,,,,,,,,,,,,,615.7784782089948,615.7866445839973,616.2721886250001,616.2721886250001,616.3443601249965,616.3443601249965,616.7796550839994,left,0.9884861660029856,None,616.7797729999947,616.7798266249956,None,,,,,,,,,,,,21049994,0,2025-12-01_12h27.08.742,tilt_mocs,2024.2.4,120.11218477836073,2025-12-01 12h27.34.412624 -0500,
-4,0.0,,234,234,0,,,,,,,,,,c-4,noss,0,left,1.1692882499992265,None,None,,,,,,,,,,,0,234,234,683,616.8056443339956,,,,,,,,,,,,,,,,,,,,,,,,,,,,,,,,,,,,,,,,,,,,,,,,,,,,,,,,,,,,,,,,616.7817717500002,616.8056443339956,617.2822525839947,617.2822525839947,617.3559789169958,617.3559789169958,617.9810143750001,left,1.1692882499992265,None,617.9811194169961,617.981162666998,None,,,,,,,,,,,,21049994,0,2025-12-01_12h27.08.742,tilt_mocs,2024.2.4,120.11218477836073,2025-12-01 12h27.34.412624 -0500,
-2,-15.0,,235,235,0,,,,,,,,,,c-2,negs,100,right,1.0430509590005386,None,None,,,,,,,,,,,0,235,235,539,617.9915860839974,,,,,,,,,,,,,,,,,,,,,,,,,,,,,,,,,,,,,,,,,,,,,,,,,,,,,,,,,,,,,,,,617.9830599999987,617.9915860839974,618.4813993749995,618.4813993749995,618.5558289589972,618.5558289589972,619.0413914999954,right,1.0430509590005386,None,619.0415171669956,619.0415694170006,None,,,,,,,,,,,,21049994,0,2025-12-01_12h27.08.742,tilt_mocs,2024.2.4,120.11218477836073,2025-12-01 12h27.34.412624 -0500,
-4,0.0,,236,236,0,,,,,,,,,,c-4,noss,0,left,1.0671873339961166,None,None,,,,,,,,,,,0,236,236,720,619.0517973339956,,,,,,,,,,,,,,,,,,,,,,,,,,,,,,,,,,,,,,,,,,,,,,,,,,,,,,,,,,,,,,,,619.0436409169997,619.0517973339956,619.5391740420018,619.5391740420018,619.6118799999967,619.6118799999967,620.1249990840006,left,1.0671873339961166,None,620.125130249995,620.1251855419978,None,,,,,,,,,,,,21049994,0,2025-12-01_12h27.08.742,tilt_mocs,2024.2.4,120.11218477836073,2025-12-01 12h27.34.412624 -0500,
2,-15.0,,237,237,0,,,,,,,,,,c+2,negs,100,right,0.9755006670020521,None,None,,,,,,,,,,,0,237,237,648,620.1355651249978,,,,,,,,,,,,,,,,,,,,,,,,,,,,,,,,,,,,,,,,,,,,,,,,,,,,,,,,,,,,,,,,620.1275518749972,620.1355651249978,620.6223583339961,620.6223583339961,620.6946205419954,620.6946205419954,621.1142085839965,right,0.9755006670020521,None,621.1143501670012,621.1144360420003,None,,,,,,,,,,,,21049994,0,2025-12-01_12h27.08.742,tilt_mocs,2024.2.4,120.11218477836073,2025-12-01 12h27.34.412624 -0500,
-1,0.0,,238,238,0,,,,,,,,,,c-1,noss,0,left,1.381250500002352,None,None,,,,,,,,,,,0,238,238,799,621.1249741249994,,,,,,,,,,,,,,,,,,,,,,,,,,,,,,,,,,,,,,,,,,,,,,,,,,,,,,,,,,,,,,,,621.1166632499953,621.1249741249994,621.6155051669994,621.6155051669994,621.6895101249975,621.6895101249975,622.5089051670002,left,1.381250500002352,None,622.5090358339949,622.5090914999964,None,,,,,,,,,,,,21049994,0,2025-12-01_12h27.08.742,tilt_mocs,2024.2.4,120.11218477836073,2025-12-01 12h27.34.412624 -0500,
-2,15.0,,239,239,0,,,,,,,,,,c-2,poss,100,left,1.0208889589994214,None,None,,,,,,,,,,,0,239,239,27,622.5197628749956,,,,,,,,,,,,,,,,,,,,,,,,,,,,,,,,,,,,,,,,,,,,,,,,,,,,,,,,,,,,,,,,622.511351000001,622.5197628749956,623.0056132499958,623.0056132499958,623.0777537499962,623.0777537499962,623.5473071250017,left,1.0208889589994214,None,623.547430999999,623.5475067919979,None,,,,,,,,,,,,21049994,0,2025-12-01_12h27.08.742,tilt_mocs,2024.2.4,120.11218477836073,2025-12-01 12h27.34.412624 -0500,
-8,-15.0,,240,240,0,,,,,,,,,,c-8,negs,100,left,1.015587667003274,None,None,,,,,,,,,,,0,240,240,376,623.5580374169949,,,,,,,,,,,,,,,,,,,,,,,,,,,,,,,,,,,,,,,,,,,,,,,,,,,,,,,,,,,,,,,,623.5494724999953,623.5580374169949,624.0477428750019,624.0477428750019,624.1229120419957,624.1229120419957,624.584516541996,left,1.015587667003274,None,624.5846176249979,624.584660208995,None,,,,,,,,,,,,21049994,0,2025-12-01_12h27.08.742,tilt_mocs,2024.2.4,120.11218477836073,2025-12-01 12h27.34.412624 -0500,
-2,-15.0,,241,241,0,,,,,,,,,,c-2,negs,100,right,1.1640862499989453,None,None,,,,,,,,,,,0,241,241,550,624.5919579999972,,,,,,,,,,,,,,,,,,,,,,,,,,,,,,,,,,,,,,,,,,,,,,,,,,,,,,,,,,,,,,,,624.5865648339968,624.5919579999972,625.0815457089993,625.0815457089993,625.1563474590002,625.1563474590002,625.7585172920008,right,1.1640862499989453,None,625.7586460839957,625.7586995839956,None,,,,,,,,,,,,21049994,0,2025-12-01_12h27.08.742,tilt_mocs,2024.2.4,120.11218477836073,2025-12-01 12h27.34.412624 -0500,
-2,-15.0,,242,242,0,,,,,,,,,,c-2,negs,100,right,1.3213403340050718,None,None,,,,,,,,,,,0,242,242,525,625.7688428749971,,,,,,,,,,,,,,,,,,,,,,,,,,,,,,,,,,,,,,,,,,,,,,,,,,,,,,,,,,,,,,,,625.7607770839968,625.7688428749971,626.2559306249968,626.2559306249968,626.3278061249948,626.3278061249948,627.0927877499998,right,1.3213403340050718,None,627.0929140000007,627.0929701249988,None,,,,,,,,,,,,21049994,0,2025-12-01_12h27.08.742,tilt_mocs,2024.2.4,120.11218477836073,2025-12-01 12h27.34.412624 -0500,
0,15.0,,243,243,0,,,,,,,,,,c+0,poss,100,left,1.1132890829976532,None,None,,,,,,,,,,,0,243,243,88,627.1028942089979,,,,,,,,,,,,,,,,,,,,,,,,,,,,,,,,,,,,,,,,,,,,,,,,,,,,,,,,,,,,,,,,627.0950202089953,627.1028942089979,627.589121500001,627.589121500001,627.659902499996,627.659902499996,628.2257393749969,left,1.1132890829976532,None,628.2258777089955,628.2259358750016,None,,,,,,,,,,,,21049994,0,2025-12-01_12h27.08.742,tilt_mocs,2024.2.4,120.11218477836073,2025-12-01 12h27.34.412624 -0500,
2,-15.0,,244,244,0,,,,,,,,,,c+2,negs,100,right,1.2277303750015562,None,None,,,,,,,,,,,0,244,244,654,628.2360819999958,,,,,,,,,,,,,,,,,,,,,,,,,,,,,,,,,,,,,,,,,,,,,,,,,,,,,,,,,,,,,,,,628.2281040419984,628.2360819999958,628.7226125419984,628.7226125419984,628.7943027919973,628.7943027919973,629.4905665839979,right,1.2277303750015562,None,629.490694125001,629.4907480420006,None,,,,,,,,,,,,21049994,0,2025-12-01_12h27.08.742,tilt_mocs,2024.2.4,120.11218477836073,2025-12-01 12h27.34.412624 -0500,
-2,15.0,,245,245,0,,,,,,,,,,c-2,poss,100,left,1.0032823750007083,None,None,,,,,,,,,,,0,245,245,38,629.506467166997,,,,,,,,,,,,,,,,,,,,,,,,,,,,,,,,,,,,,,,,,,,,,,,,,,,,,,,,,,,,,,,,629.4930837919965,629.506467166997,629.9816820420019,629.9816820420019,630.0564087919993,630.0564087919993,630.5139157919984,left,1.0032823750007083,None,630.5140182499963,630.5140639169986,None,,,,,,,,,,,,21049994,0,2025-12-01_12h27.08.742,tilt_mocs,2024.2.4,120.11218477836073,2025-12-01 12h27.34.412624 -0500,
2,15.0,,246,246,0,,,,,,,,,,c+2,poss,100,left,1.3243417080011568,None,None,,,,,,,,,,,0,246,246,132,630.5394082919956,,,,,,,,,,,,,,,,,,,,,,,,,,,,,,,,,,,,,,,,,,,,,,,,,,,,,,,,,,,,,,,,630.5159578339953,630.5394082919956,631.0147352919957,631.0147352919957,631.0898463339981,631.0898463339981,631.8751922919982,left,1.3243417080011568,None,631.8753197499973,631.8753805839951,None,,,,,,,,,,,,21049994,0,2025-12-01_12h27.08.742,tilt_mocs,2024.2.4,120.11218477836073,2025-12-01 12h27.34.412624 -0500,
-2,15.0,,247,247,0,,,,,,,,,,c-2,poss,100,left,1.081578665995039,None,None,,,,,,,,,,,0,247,247,19,631.885892667,,,,,,,,,,,,,,,,,,,,,,,,,,,,,,,,,,,,,,,,,,,,,,,,,,,,,,,,,,,,,,,,631.877741749995,631.885892667,632.3726337089975,632.3726337089975,632.4448574170019,632.4448574170019,632.9759913749949,left,1.081578665995039,None,632.9761415419998,632.9761959169991,None,,,,,,,,,,,,21049994,0,2025-12-01_12h27.08.742,tilt_mocs,2024.2.4,120.11218477836073,2025-12-01 12h27.34.412624 -0500,
0,-15.0,,248,248,0,,,,,,,,,,c+0,negs,100,right,1.015204374998575,None,None,,,,,,,,,,,0,248,248,585,632.986513625001,,,,,,,,,,,,,,,,,,,,,,,,,,,,,,,,,,,,,,,,,,,,,,,,,,,,,,,,,,,,,,,,632.9783127920018,632.986513625001,633.4726818749987,633.4726818749987,633.5449810419959,633.5449810419959,634.0088457089951,right,1.015204374998575,None,634.008973416996,634.0090260840007,None,,,,,,,,,,,,21049994,0,2025-12-01_12h27.08.742,tilt_mocs,2024.2.4,120.11218477836073,2025-12-01 12h27.34.412624 -0500,
2,0.0,,249,249,0,,,,,,,,,,c+2,noss,0,right,0.9924305000022287,None,None,,,,,,,,,,,0,249,249,924,634.0188936669947,,,,,,,,,,,,,,,,,,,,,,,,,,,,,,,,,,,,,,,,,,,,,,,,,,,,,,,,,,,,,,,,634.0109807499975,634.0188936669947,634.5061688339993,634.5061688339993,634.5783818339987,634.5783818339987,635.0138579999984,right,0.9924305000022287,None,635.0139788339948,635.0140321669969,None,,,,,,,,,,,,21049994,0,2025-12-01_12h27.08.742,tilt_mocs,2024.2.4,120.11218477836073,2025-12-01 12h27.34.412624 -0500,
8,15.0,,250,250,0,,,,,,,,,,c+8,poss,100,right,1.1398425829975167,None,None,,,,,,,,,,,0,250,250,315,635.0394897090009,,,,,,,,,,,,,,,,,,,,,,,,,,,,,,,,,,,,,,,,,,,,,,,,,,,,,,,,,,,,,,,,635.0162764170018,635.0394897090009,635.515628000001,635.515628000001,635.5897845419968,635.5897845419968,636.1824938339996,right,1.1398425829975167,None,636.1826307919982,636.182689041998,None,,,,,,,,,,,,21049994,0,2025-12-01_12h27.08.742,tilt_mocs,2024.2.4,120.11218477836073,2025-12-01 12h27.34.412624 -0500,
0,-15.0,,251,251,0,,,,,,,,,,c+0,negs,100,right,1.0714655830015545,None,None,,,,,,,,,,,0,251,251,609,636.1925205840016,,,,,,,,,,,,,,,,,,,,,,,,,,,,,,,,,,,,,,,,,,,,,,,,,,,,,,,,,,,,,,,,636.1848778749991,636.1925205840016,636.6824815,636.6824815,636.7566672499961,636.7566672499961,637.275411208997,right,1.0714655830015545,None,637.2755404999989,637.2755945839963,None,,,,,,,,,,,,21049994,0,2025-12-01_12h27.08.742,tilt_mocs,2024.2.4,120.11218477836073,2025-12-01 12h27.34.412624 -0500,
0,-15.0,,252,252,0,,,,,,,,,,c+0,negs,100,right,1.009527041002002,None,None,,,,,,,,,,,0,252,252,590,637.2861929589999,,,,,,,,,,,,,,,,,,,,,,,,,,,,,,,,,,,,,,,,,,,,,,,,,,,,,,,,,,,,,,,,637.2779134169978,637.2861929589999,637.7728397089959,637.7728397089959,637.8453224999976,637.8453224999976,638.3095773749956,right,1.009527041002002,None,638.3097468339984,638.3098127089979,None,,,,,,,,,,,,21049994,0,2025-12-01_12h27.08.742,tilt_mocs,2024.2.4,120.11218477836073,2025-12-01 12h27.34.412624 -0500,
-1,0.0,,253,253,0,,,,,,,,,,c-1,noss,0,left,1.0523506660028943,None,None,,,,,,,,,,,0,253,253,828,638.3212279169966,,,,,,,,,,,,,,,,,,,,,,,,,,,,,,,,,,,,,,,,,,,,,,,,,,,,,,,,,,,,,,,,638.3125334169963,638.3212279169966,638.806231083996,638.806231083996,638.8786342499952,638.8786342499952,639.3759990839972,left,1.0523506660028943,None,639.3761145839962,639.3761586670007,None,,,,,,,,,,,,21049994,0,2025-12-01_12h27.08.742,tilt_mocs,2024.2.4,120.11218477836073,2025-12-01 12h27.34.412624 -0500,
-6,-15.0,,254,254,0,,,,,,,,,,c-6,negs,100,left,1.0275432499984163,None,None,,,,,,,,,,,0,254,254,423,639.3860352920019,,,,,,,,,,,,,,,,,,,,,,,,,,,,,,,,,,,,,,,,,,,,,,,,,,,,,,,,,,,,,,,,639.3781797499978,639.3860352920019,639.8729493339997,639.8729493339997,639.9464289169991,639.9464289169991,640.4255712919985,left,1.0275432499984163,None,640.4256954169978,640.425748374997,None,,,,,,,,,,,,21049994,0,2025-12-01_12h27.08.742,tilt_mocs,2024.2.4,120.11218477836073,2025-12-01 12h27.34.412624 -0500,
-2,15.0,,255,255,0,,,,,,,,,,c-2,poss,100,left,0.9962043749983422,None,None,,,,,,,,,,,0,255,255,43,640.4357171250012,,,,,,,,,,,,,,,,,,,,,,,,,,,,,,,,,,,,,,,,,,,,,,,,,,,,,,,,,,,,,,,,640.4277240419979,640.4357171250012,640.9230455419965,640.9230455419965,640.9964275839957,640.9964275839957,641.4420620419987,left,0.9962043749983422,None,641.4421898750006,641.4422437089961,None,,,,,,,,,,,,21049994,0,2025-12-01_12h27.08.742,tilt_mocs,2024.2.4,120.11218477836073,2025-12-01 12h27.34.412624 -0500,
-2,-15.0,,256,256,0,,,,,,,,,,c-2,negs,100,left,1.1712062500009779,None,None,,,,,,,,,,,0,256,256,540,641.4521669589958,,,,,,,,,,,,,,,,,,,,,,,,,,,,,,,,,,,,,,,,,,,,,,,,,,,,,,,,,,,,,,,,641.444241666999,641.4521669589958,641.9396225000019,641.9396225000019,642.0125767499994,642.0125767499994,642.625931083996,left,1.1712062500009779,None,642.6260609589954,642.6261162500014,None,,,,,,,,,,,,21049994,0,2025-12-01_12h27.08.742,tilt_mocs,2024.2.4,120.11218477836073,2025-12-01 12h27.34.412624 -0500,
2,0.0,,257,257,0,,,,,,,,,,c+2,noss,0,right,1.0131949589995202,None,None,,,,,,,,,,,0,257,257,923,642.6363762089968,,,,,,,,,,,,,,,,,,,,,,,,,,,,,,,,,,,,,,,,,,,,,,,,,,,,,,,,,,,,,,,,642.6283746670015,642.6363762089968,643.123079166995,643.123079166995,643.1952525839952,643.1952525839952,643.6591505420001,right,1.0131949589995202,None,643.6592760419953,643.659329999995,None,,,,,,,,,,,,21049994,0,2025-12-01_12h27.08.742,tilt_mocs,2024.2.4,120.11218477836073,2025-12-01 12h27.34.412624 -0500,
-2,-15.0,,258,258,0,,,,,,,,,,c-2,negs,100,right,0.9583387500024401,None,None,,,,,,,,,,,0,258,258,541,643.6698077499968,,,,,,,,,,,,,,,,,,,,,,,,,,,,,,,,,,,,,,,,,,,,,,,,,,,,,,,,,,,,,,,,643.6617535839978,643.6698077499968,644.1563736669996,644.1563736669996,644.2283047919991,644.2283047919991,644.6306966670018,right,0.9583387500024401,None,644.6307949999973,644.6308371669948,None,,,,,,,,,,,,21049994,0,2025-12-01_12h27.08.742,tilt_mocs,2024.2.4,120.11218477836073,2025-12-01 12h27.34.412624 -0500,
-1,0.0,,259,259,0,,,,,,,,,,c-1,noss,0,right,0.9294466670035035,None,None,,,,,,,,,,,0,259,259,806,644.6566989999992,,,,,,,,,,,,,,,,,,,,,,,,,,,,,,,,,,,,,,,,,,,,,,,,,,,,,,,,,,,,,,,,644.6326710419962,644.6566989999992,645.1230769589965,645.1230769589965,645.1961327499957,645.1961327499957,645.592615374997,right,0.9294466670035035,None,645.5927262089972,645.5927703749985,None,,,,,,,,,,,,21049994,0,2025-12-01_12h27.08.742,tilt_mocs,2024.2.4,120.11218477836073,2025-12-01 12h27.34.412624 -0500,
-4,-15.0,,260,260,0,,,,,,,,,,c-4,negs,100,right,1.1373328330009826,None,None,,,,,,,,,,,0,260,260,456,645.6026906670013,,,,,,,,,,,,,,,,,,,,,,,,,,,,,,,,,,,,,,,,,,,,,,,,,,,,,,,,,,,,,,,,645.5946759590006,645.6026906670013,646.0898823749958,646.0898823749958,646.1622213750015,646.1622213750015,646.7425694999984,right,1.1373328330009826,None,646.7426729169965,646.7427159169965,None,,,,,,,,,,,,21049994,0,2025-12-01_12h27.08.742,tilt_mocs,2024.2.4,120.11218477836073,2025-12-01 12h27.34.412624 -0500,
-1,0.0,,261,261,0,,,,,,,,,,c-1,noss,0,right,0.9766078750035376,None,None,,,,,,,,,,,0,261,261,805,646.7525475000002,,,,,,,,,,,,,,,,,,,,,,,,,,,,,,,,,,,,,,,,,,,,,,,,,,,,,,,,,,,,,,,,646.7445817499975,646.7525475000002,647.2399633339955,647.2399633339955,647.3127750839994,647.3127750839994,647.7326887499948,right,0.9766078750035376,None,647.7328214169975,647.7328781249962,None,,,,,,,,,,,,21049994,0,2025-12-01_12h27.08.742,tilt_mocs,2024.2.4,120.11218477836073,2025-12-01 12h27.34.412624 -0500,
-1,0.0,,262,262,0,,,,,,,,,,c-1,noss,0,right,0.9283205409956281,None,None,,,,,,,,,,,0,262,262,814,647.743069917,,,,,,,,,,,,,,,,,,,,,,,,,,,,,,,,,,,,,,,,,,,,,,,,,,,,,,,,,,,,,,,,647.7349461249978,647.743069917,648.2316813750003,648.2316813750003,648.3070413749956,648.3070413749956,648.676123917001,right,0.9283205409956281,None,648.6762470839967,648.6762887919976,None,,,,,,,,,,,,21049994,0,2025-12-01_12h27.08.742,tilt_mocs,2024.2.4,120.11218477836073,2025-12-01 12h27.34.412624 -0500,
8,15.0,,263,263,0,,,,,,,,,,c+8,poss,100,right,1.0220277500047814,None,None,,,,,,,,,,,0,263,263,328,648.6862057499966,,,,,,,,,,,,,,,,,,,,,,,,,,,,,,,,,,,,,,,,,,,,,,,,,,,,,,,,,,,,,,,,648.6781788750013,648.6862057499966,649.1724522090008,649.1724522090008,649.245931958998,649.245931958998,649.7200862499958,right,1.0220277500047814,None,649.7201902500019,649.7202337089984,None,,,,,,,,,,,,21049994,0,2025-12-01_12h27.08.742,tilt_mocs,2024.2.4,120.11218477836073,2025-12-01 12h27.34.412624 -0500,
-2,15.0,,264,264,0,,,,,,,,,,c-2,poss,100,left,1.0909898340032669,None,None,,,,,,,,,,,0,264,264,39,649.7266252499976,,,,,,,,,,,,,,,,,,,,,,,,,,,,,,,,,,,,,,,,,,,,,,,,,,,,,,,,,,,,,,,,649.7221534169948,649.7266252499976,650.2149982089977,650.2149982089977,650.2907773339975,650.2907773339975,650.8263903339976,left,1.0909898340032669,None,650.8266457919963,650.8267358340017,None,,,,,,,,,,,,21049994,0,2025-12-01_12h27.08.742,tilt_mocs,2024.2.4,120.11218477836073,2025-12-01 12h27.34.412624 -0500,
-1,0.0,,265,265,0,,,,,,,,,,c-1,noss,0,left,1.079135291998682,None,None,,,,,,,,,,,0,265,265,804,650.8373235420004,,,,,,,,,,,,,,,,,,,,,,,,,,,,,,,,,,,,,,,,,,,,,,,,,,,,,,,,,,,,,,,,650.8290428339969,650.8373235420004,651.3234271249967,651.3234271249967,651.3965084169977,651.3965084169977,651.9260750419999,left,1.079135291998682,None,651.926202374998,651.9262579169954,None,,,,,,,,,,,,21049994,0,2025-12-01_12h27.08.742,tilt_mocs,2024.2.4,120.11218477836073,2025-12-01 12h27.34.412624 -0500,
4,0.0,,266,266,0,,,,,,,,,,c+4,noss,0,right,0.9628573329973733,None,None,,,,,,,,,,,0,266,266,997,651.9368828750012,,,,,,,,,,,,,,,,,,,,,,,,,,,,,,,,,,,,,,,,,,,,,,,,,,,,,,,,,,,,,,,,651.9286617089965,651.9368828750012,652.4234107919983,652.4234107919983,652.495448624999,652.495448624999,652.9094350000014,right,0.9628573329973733,None,652.9095608339994,652.9096148339959,None,,,,,,,,,,,,21049994,0,2025-12-01_12h27.08.742,tilt_mocs,2024.2.4,120.11218477836073,2025-12-01 12h27.34.412624 -0500,
-2,-15.0,,267,267,0,,,,,,,,,,c-2,negs,100,right,0.9906757920034579,None,None,,,,,,,,,,,0,267,267,524,652.9194933749968,,,,,,,,,,,,,,,,,,,,,,,,,,,,,,,,,,,,,,,,,,,,,,,,,,,,,,,,,,,,,,,,652.9115622089957,652.9194933749968,653.4059230839994,653.4059230839994,653.4788942919986,653.4788942919986,653.9151687919948,right,0.9906757920034579,None,653.915291749996,653.9153450419981,None,,,,,,,,,,,,21049994,0,2025-12-01_12h27.08.742,tilt_mocs,2024.2.4,120.11218477836073,2025-12-01 12h27.34.412624 -0500,
-4,-15.0,,268,268,0,,,,,,,,,,c-4,negs,100,right,1.3935777500009863,None,None,,,,,,,,,,,0,268,268,471,653.9258808750019,,,,,,,,,,,,,,,,,,,,,,,,,,,,,,,,,,,,,,,,,,,,,,,,,,,,,,,,,,,,,,,,653.9174237089974,653.9258808750019,654.415585333998,654.415585333998,654.4906845840014,654.4906845840014,655.325762208995,right,1.3935777500009863,None,655.3258685839974,655.3259101669973,None,,,,,,,,,,,,21049994,0,2025-12-01_12h27.08.742,tilt_mocs,2024.2.4,120.11218477836073,2025-12-01 12h27.34.412624 -0500,
-4,-15.0,,269,269,0,,,,,,,,,,c-4,negs,100,right,1.4278350419990602,None,None,,,,,,,,,,,0,269,269,486,655.3357407090007,,,,,,,,,,,,,,,,,,,,,,,,,,,,,,,,,,,,,,,,,,,,,,,,,,,,,,,,,,,,,,,,655.3278086249993,655.3357407090007,655.8235760839962,655.8235760839962,655.8956614589988,655.8956614589988,656.7661966669984,right,1.4278350419990602,None,656.7663182089964,656.7663731669963,None,,,,,,,,,,,,21049994,0,2025-12-01_12h27.08.742,tilt_mocs,2024.2.4,120.11218477836073,2025-12-01 12h27.34.412624 -0500,
0,-15.0,,270,270,0,,,,,,,,,,c+0,negs,100,right,0.9511280000006082,None,None,,,,,,,,,,,0,270,270,566,656.7766640839982,,,,,,,,,,,,,,,,,,,,,,,,,,,,,,,,,,,,,,,,,,,,,,,,,,,,,,,,,,,,,,,,656.7684392919982,656.7766640839982,657.2656000419956,657.2656000419956,657.340816291995,657.340816291995,657.7317964999966,right,0.9511280000006082,None,657.731938208999,657.7319957090003,None,,,,,,,,,,,,21049994,0,2025-12-01_12h27.08.742,tilt_mocs,2024.2.4,120.11218477836073,2025-12-01 12h27.34.412624 -0500,
2,0.0,,271,271,0,,,,,,,,,,c+2,noss,0,right,1.1593310410025879,None,None,,,,,,,,,,,0,271,271,909,657.7422325840016,,,,,,,,,,,,,,,,,,,,,,,,,,,,,,,,,,,,,,,,,,,,,,,,,,,,,,,,,,,,,,,,657.7340949589998,657.7422325840016,658.2327664589975,658.2327664589975,658.3074036670005,658.3074036670005,658.9095637499995,right,1.1593310410025879,None,658.9097191670007,658.9097756670017,None,,,,,,,,,,,,21049994,0,2025-12-01_12h27.08.742,tilt_mocs,2024.2.4,120.11218477836073,2025-12-01 12h27.34.412624 -0500,
4,0.0,,272,272,0,,,,,,,,,,c+4,noss,0,right,1.0077925830046297,None,None,,,,,,,,,,,0,272,272,956,658.9208821669963,,,,,,,,,,,,,,,,,,,,,,,,,,,,,,,,,,,,,,,,,,,,,,,,,,,,,,,,,,,,,,,,658.9125591249976,658.9208821669963,659.4070060419981,659.4070060419981,659.4790779589966,659.4790779589966,659.9310872919959,right,1.0077925830046297,None,659.9311833339962,659.9312250000003,None,,,,,,,,,,,,21049994,0,2025-12-01_12h27.08.742,tilt_mocs,2024.2.4,120.11218477836073,2025-12-01 12h27.34.412624 -0500,
6,15.0,,273,273,0,,,,,,,,,,c+6,poss,100,right,0.990139542001998,None,None,,,,,,,,,,,0,273,273,234,659.9409532919963,,,,,,,,,,,,,,,,,,,,,,,,,,,,,,,,,,,,,,,,,,,,,,,,,,,,,,,,,,,,,,,,659.9330941669978,659.9409532919963,660.4237429589994,660.4237429589994,660.4959553340013,660.4959553340013,660.9335857920014,right,0.990139542001998,None,660.9337108749969,660.9337670839959,None,,,,,,,,,,,,21049994,0,2025-12-01_12h27.08.742,tilt_mocs,2024.2.4,120.11218477836073,2025-12-01 12h27.34.412624 -0500,
-2,-15.0,,274,274,0,,,,,,,,,,c-2,negs,100,left,1.3546241660005762,None,None,,,,,,,,,,,0,274,274,533,660.9437569590009,,,,,,,,,,,,,,,,,,,,,,,,,,,,,,,,,,,,,,,,,,,,,,,,,,,,,,,,,,,,,,,,660.935883416998,660.9437569590009,661.4329555840013,661.4329555840013,661.5077657500005,661.5077657500005,662.3099837499976,left,1.3546241660005762,None,662.3101084169975,662.3101618340006,None,,,,,,,,,,,,21049994,0,2025-12-01_12h27.08.742,tilt_mocs,2024.2.4,120.11218477836073,2025-12-01 12h27.34.412624 -0500,
-4,0.0,,275,275,0,,,,,,,,,,c-4,noss,0,left,0.9571685420014546,None,None,,,,,,,,,,,0,275,275,707,662.3205683339984,,,,,,,,,,,,,,,,,,,,,,,,,,,,,,,,,,,,,,,,,,,,,,,,,,,,,,,,,,,,,,,,662.3123502499948,662.3205683339984,662.8073348339967,662.8073348339967,662.8791644169978,662.8791644169978,663.2829026249965,left,0.9571685420014546,None,663.2830050420016,663.2830492089997,None,,,,,,,,,,,,21049994,0,2025-12-01_12h27.08.742,tilt_mocs,2024.2.4,120.11218477836073,2025-12-01 12h27.34.412624 -0500,
-2,-15.0,,276,276,0,,,,,,,,,,c-2,negs,100,right,1.365185915994516,None,None,,,,,,,,,,,0,276,276,556,663.2932282089969,,,,,,,,,,,,,,,,,,,,,,,,,,,,,,,,,,,,,,,,,,,,,,,,,,,,,,,,,,,,,,,,663.2849356669976,663.2932282089969,663.7830895419975,663.7830895419975,663.8577602500009,663.8577602500009,664.6617247499962,right,1.365185915994516,None,664.6618751249989,664.6619349169996,None,,,,,,,,,,,,21049994,0,2025-12-01_12h27.08.742,tilt_mocs,2024.2.4,120.11218477836073,2025-12-01 12h27.34.412624 -0500,
-1,0.0,,277,277,0,,,,,,,,,,c-1,noss,0,left,1.0086808749983902,None,None,,,,,,,,,,,0,277,277,790,664.6720758750016,,,,,,,,,,,,,,,,,,,,,,,,,,,,,,,,,,,,,,,,,,,,,,,,,,,,,,,,,,,,,,,,664.6640524589966,664.6720758750016,665.1571604169949,665.1571604169949,665.2294798750008,665.2294798750008,665.691211624995,left,1.0086808749983902,None,665.6913187089958,665.6913618339968,None,,,,,,,,,,,,21049994,0,2025-12-01_12h27.08.742,tilt_mocs,2024.2.4,120.11218477836073,2025-12-01 12h27.34.412624 -0500,
4,15.0,,278,278,0,,,,,,,,,,c+4,poss,100,right,0.9770123750058701,None,None,,,,,,,,,,,0,278,278,211,665.6985685839973,,,,,,,,,,,,,,,,,,,,,,,,,,,,,,,,,,,,,,,,,,,,,,,,,,,,,,,,,,,,,,,,665.6932832919993,665.6985685839973,666.1830887499964,666.1830887499964,666.2577551249997,666.2577551249997,666.6873094999974,right,0.9770123750058701,None,666.6874097499967,666.6874550840002,None,,,,,,,,,,,,21049994,0,2025-12-01_12h27.08.742,tilt_mocs,2024.2.4,120.11218477836073,2025-12-01 12h27.34.412624 -0500,
-2,0.0,,279,279,0,,,,,,,,,,c-2,noss,0,left,1.2845154169990565,None,None,,,,,,,,,,,0,279,279,754,666.693814667,,,,,,,,,,,,,,,,,,,,,,,,,,,,,,,,,,,,,,,,,,,,,,,,,,,,,,,,,,,,,,,,666.6893657920009,666.693814667,667.1827524589971,667.1827524589971,667.2580490420005,667.2580490420005,667.9829370419975,left,1.2845154169990565,None,667.9830671669988,667.9831299169964,None,,,,,,,,,,,,21049994,0,2025-12-01_12h27.08.742,tilt_mocs,2024.2.4,120.11218477836073,2025-12-01 12h27.34.412624 -0500,
6,15.0,,280,280,0,,,,,,,,,,c+6,poss,100,right,0.9184133329981705,None,None,,,,,,,,,,,0,280,280,266,667.9933738749969,,,,,,,,,,,,,,,,,,,,,,,,,,,,,,,,,,,,,,,,,,,,,,,,,,,,,,,,,,,,,,,,667.985221541996,667.9933738749969,668.4828617919993,668.4828617919993,668.5578117499972,668.5578117499972,668.9153352919966,right,0.9184133329981705,None,668.9154312499959,668.9154740419981,None,,,,,,,,,,,,21049994,0,2025-12-01_12h27.08.742,tilt_mocs,2024.2.4,120.11218477836073,2025-12-01 12h27.34.412624 -0500,
6,15.0,,281,281,0,,,,,,,,,,c+6,poss,100,right,0.9422301660015364,None,None,,,,,,,,,,,0,281,281,261,668.9408782089959,,,,,,,,,,,,,,,,,,,,,,,,,,,,,,,,,,,,,,,,,,,,,,,,,,,,,,,,,,,,,,,,668.9173883749972,668.9408782089959,669.4167783340017,669.4167783340017,669.4912484169981,669.4912484169981,669.8936682089989,right,0.9422301660015364,None,669.8938310839949,669.8938950419979,None,,,,,,,,,,,,21049994,0,2025-12-01_12h27.08.742,tilt_mocs,2024.2.4,120.11218477836073,2025-12-01 12h27.34.412624 -0500,
-2,0.0,,282,282,0,,,,,,,,,,c-2,noss,0,left,1.1316541250052978,None,None,,,,,,,,,,,0,282,282,766,669.9046710420007,,,,,,,,,,,,,,,,,,,,,,,,,,,,,,,,,,,,,,,,,,,,,,,,,,,,,,,,,,,,,,,,669.8962775839973,669.9046710420007,670.3909292499957,670.3909292499957,670.4627904169974,670.4627904169974,671.0434666669971,left,1.1316541250052978,None,671.0435954589993,671.0436496670009,None,,,,,,,,,,,,21049994,0,2025-12-01_12h27.08.742,tilt_mocs,2024.2.4,120.11218477836073,2025-12-01 12h27.34.412624 -0500,
0,-15.0,,283,283,0,,,,,,,,,,c+0,negs,100,right,1.1937639169991598,None,None,,,,,,,,,,,0,283,283,564,671.0539654589957,,,,,,,,,,,,,,,,,,,,,,,,,,,,,,,,,,,,,,,,,,,,,,,,,,,,,,,,,,,,,,,,671.0458757500019,671.0539654589957,671.5408574589965,671.5408574589965,671.6132593340008,671.6132593340008,672.2585874590004,right,1.1937639169991598,None,672.2586937919987,672.2587360420002,None,,,,,,,,,,,,21049994,0,2025-12-01_12h27.08.742,tilt_mocs,2024.2.4,120.11218477836073,2025-12-01 12h27.34.412624 -0500,
0,15.0,,284,284,0,,,,,,,,,,c+0,poss,100,right,1.4598456660023658,None,None,,,,,,,,,,,0,284,284,56,672.265787999997,,,,,,,,,,,,,,,,,,,,,,,,,,,,,,,,,,,,,,,,,,,,,,,,,,,,,,,,,,,,,,,,672.260638791995,672.265787999997,672.7499237919983,672.7499237919983,672.8246847920018,672.8246847920018,673.7366048339973,right,1.4598456660023658,None,673.7367090420012,673.7367510839977,None,,,,,,,,,,,,21049994,0,2025-12-01_12h27.08.742,tilt_mocs,2024.2.4,120.11218477836073,2025-12-01 12h27.34.412624 -0500,
4,0.0,,285,285,0,,,,,,,,,,c+4,noss,0,right,1.0811448749955161,None,None,,,,,,,,,,,0,285,285,981,673.7436338749976,,,,,,,,,,,,,,,,,,,,,,,,,,,,,,,,,,,,,,,,,,,,,,,,,,,,,,,,,,,,,,,,673.7386213749996,673.7436338749976,674.2339320419997,674.2339320419997,674.3083553339966,674.3083553339966,674.8273333749967,right,1.0811448749955161,None,674.8274677500012,674.827522583997,None,,,,,,,,,,,,21049994,0,2025-12-01_12h27.08.742,tilt_mocs,2024.2.4,120.11218477836073,2025-12-01 12h27.34.412624 -0500,
1,0.0,,286,286,0,,,,,,,,,,c+1,noss,0,right,0.9737618750004913,None,None,,,,,,,,,,,0,286,286,870,674.8377253340004,,,,,,,,,,,,,,,,,,,,,,,,,,,,,,,,,,,,,,,,,,,,,,,,,,,,,,,,,,,,,,,,674.8297104999947,674.8377253340004,675.3242869999958,675.3242869999958,675.397309,675.397309,675.8156501670019,right,0.9737618750004913,None,675.8157482089955,675.8157934999981,None,,,,,,,,,,,,21049994,0,2025-12-01_12h27.08.742,tilt_mocs,2024.2.4,120.11218477836073,2025-12-01 12h27.34.412624 -0500,
1,0.0,,287,287,0,,,,,,,,,,c+1,noss,0,right,0.8817155829965486,None,None,,,,,,,,,,,0,287,287,882,675.8266334169966,,,,,,,,,,,,,,,,,,,,,,,,,,,,,,,,,,,,,,,,,,,,,,,,,,,,,,,,,,,,,,,,675.817687458999,675.8266334169966,676.3159859590014,676.3159859590014,676.3915001669957,676.3915001669957,676.7112643750006,right,0.8817155829965486,None,676.7113842499966,676.7114369999981,None,,,,,,,,,,,,21049994,0,2025-12-01_12h27.08.742,tilt_mocs,2024.2.4,120.11218477836073,2025-12-01 12h27.34.412624 -0500,
2,-15.0,,288,288,0,,,,,,,,,,c+2,negs,100,right,1.024264209001558,None,None,,,,,,,,,,,0,288,288,659,676.7218252919993,,,,,,,,,,,,,,,,,,,,,,,,,,,,,,,,,,,,,,,,,,,,,,,,,,,,,,,,,,,,,,,,676.713550542001,676.7218252919993,677.2076351669966,677.2076351669966,677.2803901250008,677.2803901250008,677.7488424170006,right,1.024264209001558,None,677.7489676670011,677.7490221249973,None,,,,,,,,,,,,21049994,0,2025-12-01_12h27.08.742,tilt_mocs,2024.2.4,120.11218477836073,2025-12-01 12h27.34.412624 -0500,
-1,0.0,,289,289,0,,,,,,,,,,c-1,noss,0,right,1.555002749999403,None,None,,,,,,,,,,,0,289,289,817,677.7745491669993,,,,,,,,,,,,,,,,,,,,,,,,,,,,,,,,,,,,,,,,,,,,,,,,,,,,,,,,,,,,,,,,677.7509661250006,677.7745491669993,678.2494279589955,678.2494279589955,678.3248607919959,678.3248607919959,679.333509791999,right,1.555002749999403,None,679.3336392919955,679.3336934170002,None,,,,,,,,,,,,21049994,0,2025-12-01_12h27.08.742,tilt_mocs,2024.2.4,120.11218477836073,2025-12-01 12h27.34.412624 -0500,
2,-15.0,,290,290,0,,,,,,,,,,c+2,negs,100,right,1.0329172090059728,None,None,,,,,,,,,,,0,290,290,629,679.3439399169947,,,,,,,,,,,,,,,,,,,,,,,,,,,,,,,,,,,,,,,,,,,,,,,,,,,,,,,,,,,,,,,,679.3356674169991,679.3439399169947,679.8342751669989,679.8342751669989,679.9083506669995,679.9083506669995,680.3830468339947,right,1.0329172090059728,None,680.3831760419998,680.3832317089982,None,,,,,,,,,,,,21049994,0,2025-12-01_12h27.08.742,tilt_mocs,2024.2.4,120.11218477836073,2025-12-01 12h27.34.412624 -0500,
-2,0.0,,291,291,0,,,,,,,,,,c-2,noss,0,left,1.5258908750038245,None,None,,,,,,,,,,,0,291,291,760,680.3935367090016,,,,,,,,,,,,,,,,,,,,,,,,,,,,,,,,,,,,,,,,,,,,,,,,,,,,,,,,,,,,,,,,680.385179375,680.3935367090016,680.8838840839962,680.8838840839962,680.958337541997,680.958337541997,681.9273702919963,left,1.5258908750038245,None,681.9275323339971,681.9275902090012,None,,,,,,,,,,,,21049994,0,2025-12-01_12h27.08.742,tilt_mocs,2024.2.4,120.11218477836073,2025-12-01 12h27.34.412624 -0500,
-4,0.0,,292,292,0,,,,,,,,,,c-4,noss,0,left,1.2825840829973458,None,None,,,,,,,,,,,0,292,292,726,681.9384412090003,,,,,,,,,,,,,,,,,,,,,,,,,,,,,,,,,,,,,,,,,,,,,,,,,,,,,,,,,,,,,,,,681.9303827499971,681.9384412090003,682.424579708997,682.424579708997,682.4965761249987,682.4965761249987,683.2274817090001,left,1.2825840829973458,None,683.2276313749971,683.2277216250004,None,,,,,,,,,,,,21049994,0,2025-12-01_12h27.08.742,tilt_mocs,2024.2.4,120.11218477836073,2025-12-01 12h27.34.412624 -0500,
4,0.0,,293,293,0,,,,,,,,,,c+4,noss,0,right,1.1266913749932428,None,None,,,,,,,,,,,0,293,293,983,683.2386230839984,,,,,,,,,,,,,,,,,,,,,,,,,,,,,,,,,,,,,,,,,,,,,,,,,,,,,,,,,,,,,,,,683.2302710419972,683.2386230839984,683.7244889590002,683.7244889590002,683.7966500420007,683.7966500420007,684.377842541995,right,1.1266913749932428,None,684.3781192919996,684.3782014999961,None,,,,,,,,,,,,21049994,0,2025-12-01_12h27.08.742,tilt_mocs,2024.2.4,120.11218477836073,2025-12-01 12h27.34.412624 -0500,
-4,-15.0,,294,294,0,,,,,,,,,,c-4,negs,100,left,1.7695537499967031,None,None,,,,,,,,,,,0,294,294,453,684.3891178339982,,,,,,,,,,,,,,,,,,,,,,,,,,,,,,,,,,,,,,,,,,,,,,,,,,,,,,,,,,,,,,,,684.3806504999957,684.3891178339982,684.8745966669958,684.8745966669958,684.9478014170018,684.9478014170018,686.1611436669991,left,1.7695537499967031,None,686.1612710839981,686.1613250840019,None,,,,,,,,,,,,21049994,0,2025-12-01_12h27.08.742,tilt_mocs,2024.2.4,120.11218477836073,2025-12-01 12h27.34.412624 -0500,
-6,-15.0,,295,295,0,,,,,,,,,,c-6,negs,100,left,1.0781440419959836,None,None,,,,,,,,,,,0,295,295,402,686.1713203339968,,,,,,,,,,,,,,,,,,,,,,,,,,,,,,,,,,,,,,,,,,,,,,,,,,,,,,,,,,,,,,,,686.1633805839956,686.1713203339968,686.6581689999948,686.6581689999948,686.7305033340017,686.7305033340017,687.2606539999979,left,1.0781440419959836,None,687.260757666998,687.2608005000002,None,,,,,,,,,,,,21049994,0,2025-12-01_12h27.08.742,tilt_mocs,2024.2.4,120.11218477836073,2025-12-01 12h27.34.412624 -0500,
4,15.0,,296,296,0,,,,,,,,,,c+4,poss,100,right,1.5046069999953033,None,None,,,,,,,,,,,0,296,296,180,687.270741166998,,,,,,,,,,,,,,,,,,,,,,,,,,,,,,,,,,,,,,,,,,,,,,,,,,,,,,,,,,,,,,,,687.2627265420015,687.270741166998,687.758266375,687.758266375,687.8302092090016,687.8302092090016,688.7779232089961,right,1.5046069999953033,None,688.7780395000009,688.7780848749971,None,,,,,,,,,,,,21049994,0,2025-12-01_12h27.08.742,tilt_mocs,2024.2.4,120.11218477836073,2025-12-01 12h27.34.412624 -0500,
-2,15.0,,297,297,0,,,,,,,,,,c-2,poss,100,left,1.1133362910040887,None,None,,,,,,,,,,,0,297,297,37,688.7880614999958,,,,,,,,,,,,,,,,,,,,,,,,,,,,,,,,,,,,,,,,,,,,,,,,,,,,,,,,,,,,,,,,688.7800824590013,688.7880614999958,689.2748769999962,689.2748769999962,689.347365499998,689.347365499998,689.9108145419959,left,1.1133362910040887,None,689.9109387919962,689.9109929589977,None,,,,,,,,,,,,21049994,0,2025-12-01_12h27.08.742,tilt_mocs,2024.2.4,120.11218477836073,2025-12-01 12h27.34.412624 -0500,
-8,-15.0,,298,298,0,,,,,,,,,,c-8,negs,100,left,1.010505792000913,None,None,,,,,,,,,,,0,298,298,355,689.921787542,,,,,,,,,,,,,,,,,,,,,,,,,,,,,,,,,,,,,,,,,,,,,,,,,,,,,,,,,,,,,,,,689.9133921249959,689.921787542,690.4082127919974,690.4082127919974,690.4806022089979,690.4806022089979,690.9424873339958,left,1.010505792000913,None,690.9426003339977,690.942643041999,None,,,,,,,,,,,,21049994,0,2025-12-01_12h27.08.742,tilt_mocs,2024.2.4,120.11218477836073,2025-12-01 12h27.34.412624 -0500,
2,15.0,,299,299,0,,,,,,,,,,c+2,poss,100,left,1.196898082998814,None,None,,,,,,,,,,,0,299,299,127,690.9497909999991,,,,,,,,,,,,,,,,,,,,,,,,,,,,,,,,,,,,,,,,,,,,,,,,,,,,,,,,,,,,,,,,690.9445592089978,690.9497909999991,691.4335356250012,691.4335356250012,691.5086275419962,691.5086275419962,692.1506989170011,left,1.196898082998814,None,692.1508267919999,692.1508859589958,None,,,,,,,,,,,,21049994,0,2025-12-01_12h27.08.742,tilt_mocs,2024.2.4,120.11218477836073,2025-12-01 12h27.34.412624 -0500,
-1,0.0,,300,300,0,,,,,,,,,,c-1,noss,0,left,0.9892863329951069,None,space,8.693585166001867,None,,,,,,,,,0,300,300,803,692.1611538750003,,,,,,,,,,,,,,,,,,,,,,,,,,,,,,,,,,,,,,,,,,,,,,,,,,,,,,,,,,,,,,,,692.1529791249995,692.1611538750003,692.6506186249972,692.6506186249972,692.7254311249999,692.7254311249999,693.1598800840002,left,0.9892863329951069,None,693.1599410419949,701.8670363749989,space,693.1664155839971,693.1664155839971,8.693585166001867,None,,,,,,,,21049994,0,2025-12-01_12h27.08.742,tilt_mocs,2024.2.4,120.11218477836073,2025-12-01 12h27.34.412624 -0500,
4,15.0,,301,301,0,,,,,,,,,,c+4,poss,100,right,1.297293167001044,None,None,,,,,,,,,,,0,301,301,175,701.8781544589947,,,,,,,,,,,,,,,,,,,,,,,,,,,,,,,,,,,,,,,,,,,,,,,,,,,,,,,,,,,,,,,,701.869131624997,701.8781544589947,702.3682689170018,702.3682689170018,702.4425694999954,702.4425694999954,703.1779942919966,right,1.297293167001044,None,703.1781198749959,703.1781744170003,None,,,,,,,,,,,,21049994,0,2025-12-01_12h27.08.742,tilt_mocs,2024.2.4,120.11218477836073,2025-12-01 12h27.34.412624 -0500,
0,-15.0,,302,302,0,,,,,,,,,,c+0,negs,100,right,1.1164102920010919,None,None,,,,,,,,,,,0,302,302,561,703.1886622089951,,,,,,,,,,,,,,,,,,,,,,,,,,,,,,,,,,,,,,,,,,,,,,,,,,,,,,,,,,,,,,,,703.1806129589968,703.1886622089951,703.6755057920018,703.6755057920018,703.7471545419976,703.7471545419976,704.3111774589997,right,1.1164102920010919,None,704.3112794999979,704.3113209169969,None,,,,,,,,,,,,21049994,0,2025-12-01_12h27.08.742,tilt_mocs,2024.2.4,120.11218477836073,2025-12-01 12h27.34.412624 -0500,
0,15.0,,303,303,0,,,,,,,,,,c+0,poss,100,left,1.5759237500024028,None,None,,,,,,,,,,,0,303,303,111,704.3211930420002,,,,,,,,,,,,,,,,,,,,,,,,,,,,,,,,,,,,,,,,,,,,,,,,,,,,,,,,,,,,,,,,704.3132344589976,704.3211930420002,704.8087971249988,704.8087971249988,704.8817778340017,704.8817778340017,705.8999758749997,left,1.5759237500024028,None,705.9000745000012,705.9001163339999,None,,,,,,,,,,,,21049994,0,2025-12-01_12h27.08.742,tilt_mocs,2024.2.4,120.11218477836073,2025-12-01 12h27.34.412624 -0500,
-4,-15.0,,304,304,0,,,,,,,,,,c-4,negs,100,left,1.3865943749988219,None,None,,,,,,,,,,,0,304,304,473,705.9255688749981,,,,,,,,,,,,,,,,,,,,,,,,,,,,,,,,,,,,,,,,,,,,,,,,,,,,,,,,,,,,,,,,705.9019941250008,705.9255688749981,706.4013991669999,706.4013991669999,706.4757464590002,706.4757464590002,707.317469374997,left,1.3865943749988219,None,707.3175706249967,707.3176131250002,None,,,,,,,,,,,,21049994,0,2025-12-01_12h27.08.742,tilt_mocs,2024.2.4,120.11218477836073,2025-12-01 12h27.34.412624 -0500,
-6,-15.0,,305,305,0,,,,,,,,,,c-6,negs,100,left,1.4872785830011708,None,None,,,,,,,,,,,0,305,305,422,707.3278795419974,,,,,,,,,,,,,,,,,,,,,,,,,,,,,,,,,,,,,,,,,,,,,,,,,,,,,,,,,,,,,,,,707.3194929169986,707.3278795419974,707.8179479169994,707.8179479169994,707.8925302919961,707.8925302919961,708.8262174589981,left,1.4872785830011708,None,708.8263160419956,708.826376291996,None,,,,,,,,,,,,21049994,0,2025-12-01_12h27.08.742,tilt_mocs,2024.2.4,120.11218477836073,2025-12-01 12h27.34.412624 -0500,
0,15.0,,306,306,0,,,,,,,,,,c+0,poss,100,left,1.185930958003155,None,None,,,,,,,,,,,0,306,306,107,708.8337301669962,,,,,,,,,,,,,,,,,,,,,,,,,,,,,,,,,,,,,,,,,,,,,,,,,,,,,,,,,,,,,,,,708.8282732919979,708.8337301669962,709.3180603340006,709.3180603340006,709.3927742090018,709.3927742090018,710.028571750001,left,1.185930958003155,None,710.0287387089993,710.0287940419948,None,,,,,,,,,,,,21049994,0,2025-12-01_12h27.08.742,tilt_mocs,2024.2.4,120.11218477836073,2025-12-01 12h27.34.412624 -0500,
-6,-15.0,,307,307,0,,,,,,,,,,c-6,negs,100,left,1.1972365839974373,None,None,,,,,,,,,,,0,307,307,444,710.0402766670013,,,,,,,,,,,,,,,,,,,,,,,,,,,,,,,,,,,,,,,,,,,,,,,,,,,,,,,,,,,,,,,,710.031706875001,710.0402766670013,710.5256549589976,710.5256549589976,710.5976070420002,710.5976070420002,711.2449766249993,left,1.1972365839974373,None,711.2450787919952,711.2451224589968,None,,,,,,,,,,,,21049994,0,2025-12-01_12h27.08.742,tilt_mocs,2024.2.4,120.11218477836073,2025-12-01 12h27.34.412624 -0500,
-4,0.0,,308,308,0,,,,,,,,,,c-4,noss,0,left,1.1050762079976266,None,None,,,,,,,,,,,0,308,308,701,711.2550727089983,,,,,,,,,,,,,,,,,,,,,,,,,,,,,,,,,,,,,,,,,,,,,,,,,,,,,,,,,,,,,,,,711.2470437500015,711.2550727089983,711.7422592090006,711.7422592090006,711.8145514589996,711.8145514589996,712.370971874996,left,1.1050762079976266,None,712.3710688339997,712.3711112919991,None,,,,,,,,,,,,21049994,0,2025-12-01_12h27.08.742,tilt_mocs,2024.2.4,120.11218477836073,2025-12-01 12h27.34.412624 -0500,
-2,15.0,,309,309,0,,,,,,,,,,c-2,poss,100,left,1.0145997500003432,None,None,,,,,,,,,,,0,309,309,29,712.378090416998,,,,,,,,,,,,,,,,,,,,,,,,,,,,,,,,,,,,,,,,,,,,,,,,,,,,,,,,,,,,,,,,712.373057249999,712.378090416998,712.8679406250012,712.8679406250012,712.9429026669968,712.9429026669968,713.3951329999982,left,1.0145997500003432,None,713.3952576669981,713.395311041997,None,,,,,,,,,,,,21049994,0,2025-12-01_12h27.08.742,tilt_mocs,2024.2.4,120.11218477836073,2025-12-01 12h27.34.412624 -0500,
6,15.0,,310,310,0,,,,,,,,,,c+6,poss,100,right,1.1715756249977858,None,None,,,,,,,,,,,0,310,310,253,713.4055941670013,,,,,,,,,,,,,,,,,,,,,,,,,,,,,,,,,,,,,,,,,,,,,,,,,,,,,,,,,,,,,,,,713.3977047090011,713.4055941670013,713.8924278749982,713.8924278749982,713.9645383339957,713.9645383339957,714.5883393339973,right,1.1715756249977858,None,714.5884457089996,714.5885098750005,None,,,,,,,,,,,,21049994,0,2025-12-01_12h27.08.742,tilt_mocs,2024.2.4,120.11218477836073,2025-12-01 12h27.34.412624 -0500,
0,-15.0,,311,311,0,,,,,,,,,,c+0,negs,100,right,1.1565310840014718,None,None,,,,,,,,,,,0,311,311,602,714.5950584589955,,,,,,,,,,,,,,,,,,,,,,,,,,,,,,,,,,,,,,,,,,,,,,,,,,,,,,,,,,,,,,,,714.590386625001,714.5950584589955,715.0841981670019,715.0841981670019,715.1593949169983,715.1593949169983,715.7616595419968,right,1.1565310840014718,None,715.7617872499977,715.7618419169958,None,,,,,,,,,,,,21049994,0,2025-12-01_12h27.08.742,tilt_mocs,2024.2.4,120.11218477836073,2025-12-01 12h27.34.412624 -0500,
-2,0.0,,312,312,0,,,,,,,,,,c-2,noss,0,left,1.194341667003755,None,None,,,,,,,,,,,0,312,312,728,715.7720637919992,,,,,,,,,,,,,,,,,,,,,,,,,,,,,,,,,,,,,,,,,,,,,,,,,,,,,,,,,,,,,,,,715.7640406669962,715.7720637919992,716.2591440420001,716.2591440420001,716.3321434169993,716.3321434169993,716.9689652090019,left,1.194341667003755,None,716.9690937499981,716.969163583999,None,,,,,,,,,,,,21049994,0,2025-12-01_12h27.08.742,tilt_mocs,2024.2.4,120.11218477836073,2025-12-01 12h27.34.412624 -0500,
0,15.0,,313,313,0,,,,,,,,,,c+0,poss,100,left,1.3678512920014327,None,None,,,,,,,,,,,0,313,313,93,716.9791934589957,,,,,,,,,,,,,,,,,,,,,,,,,,,,,,,,,,,,,,,,,,,,,,,,,,,,,,,,,,,,,,,,716.9715706669958,716.9791934589957,717.4682988749992,717.4682988749992,717.5430223340009,717.5430223340009,718.3515597090009,left,1.3678512920014327,None,718.3516907919984,718.3517468339996,None,,,,,,,,,,,,21049994,0,2025-12-01_12h27.08.742,tilt_mocs,2024.2.4,120.11218477836073,2025-12-01 12h27.34.412624 -0500,
-4,-15.0,,314,314,0,,,,,,,,,,c-4,negs,100,left,2.024600000004284,None,None,,,,,,,,,,,0,314,314,465,718.3622446669979,,,,,,,,,,,,,,,,,,,,,,,,,,,,,,,,,,,,,,,,,,,,,,,,,,,,,,,,,,,,,,,,718.3540042089953,718.3622446669979,718.8514521670004,718.8514521670004,718.9263767090015,718.9263767090015,720.3951943339998,left,2.024600000004284,None,720.3953205840007,720.3953751669978,None,,,,,,,,,,,,21049994,0,2025-12-01_12h27.08.742,tilt_mocs,2024.2.4,120.11218477836073,2025-12-01 12h27.34.412624 -0500,
2,-15.0,,315,315,0,,,,,,,,,,c+2,negs,100,right,1.317755500000203,None,None,,,,,,,,,,,0,315,315,640,720.4053761670002,,,,,,,,,,,,,,,,,,,,,,,,,,,,,,,,,,,,,,,,,,,,,,,,,,,,,,,,,,,,,,,,720.3973545839981,720.4053761670002,720.8925475419965,720.8925475419965,720.964911916999,720.964911916999,721.728586792,right,1.317755500000203,None,721.728715624995,721.7287701249952,None,,,,,,,,,,,,21049994,0,2025-12-01_12h27.08.742,tilt_mocs,2024.2.4,120.11218477836073,2025-12-01 12h27.34.412624 -0500,
4,0.0,,316,316,0,,,,,,,,,,c+4,noss,0,right,1.1619632500005537,None,None,,,,,,,,,,,0,316,316,963,721.7387485840009,,,,,,,,,,,,,,,,,,,,,,,,,,,,,,,,,,,,,,,,,,,,,,,,,,,,,,,,,,,,,,,,721.7307158339972,721.7387485840009,722.2260898339955,722.2260898339955,722.3100670419954,722.3100670419954,722.9121976669994,right,1.1619632500005537,None,722.9123570419979,722.9124255839997,None,,,,,,,,,,,,21049994,0,2025-12-01_12h27.08.742,tilt_mocs,2024.2.4,120.11218477836073,2025-12-01 12h27.34.412624 -0500,
6,15.0,,317,317,0,,,,,,,,,,c+6,poss,100,right,1.1093427919986425,None,None,,,,,,,,,,,0,317,317,276,722.9231344169966,,,,,,,,,,,,,,,,,,,,,,,,,,,,,,,,,,,,,,,,,,,,,,,,,,,,,,,,,,,,,,,,722.9149593339971,722.9231344169966,723.4094377500005,723.4094377500005,723.4813446670014,723.4813446670014,724.0453110419985,right,1.1093427919986425,None,724.0454372919994,724.0454948749975,None,,,,,,,,,,,,21049994,0,2025-12-01_12h27.08.742,tilt_mocs,2024.2.4,120.11218477836073,2025-12-01 12h27.34.412624 -0500,
-8,-15.0,,318,318,0,,,,,,,,,,c-8,negs,100,left,0.995560082999873,None,None,,,,,,,,,,,0,318,318,352,724.0554905419995,,,,,,,,,,,,,,,,,,,,,,,,,,,,,,,,,,,,,,,,,,,,,,,,,,,,,,,,,,,,,,,,724.0475770839985,724.0554905419995,724.5427919590002,724.5427919590002,724.6163665419954,724.6163665419954,725.0622399589993,left,0.995560082999873,None,725.0623950000008,725.0624551669971,None,,,,,,,,,,,,21049994,0,2025-12-01_12h27.08.742,tilt_mocs,2024.2.4,120.11218477836073,2025-12-01 12h27.34.412624 -0500,
-2,0.0,,319,319,0,,,,,,,,,,c-2,noss,0,right,1.1889374169986695,None,None,,,,,,,,,,,0,319,319,761,725.0735180839984,,,,,,,,,,,,,,,,,,,,,,,,,,,,,,,,,,,,,,,,,,,,,,,,,,,,,,,,,,,,,,,,725.0650187499996,725.0735180839984,725.5594663340016,725.5594663340016,725.6318145420009,725.6318145420009,726.267364416999,right,1.1889374169986695,None,726.2674751669983,726.2675179590005,None,,,,,,,,,,,,21049994,0,2025-12-01_12h27.08.742,tilt_mocs,2024.2.4,120.11218477836073,2025-12-01 12h27.34.412624 -0500,
-4,0.0,,320,320,0,,,,,,,,,,c-4,noss,0,left,1.0168904589954764,None,None,,,,,,,,,,,0,320,320,679,726.2929106250012,,,,,,,,,,,,,,,,,,,,,,,,,,,,,,,,,,,,,,,,,,,,,,,,,,,,,,,,,,,,,,,,726.2694430420015,726.2929106250012,726.7684215420013,726.7684215420013,726.8434019589986,726.8434019589986,727.312470208999,left,1.0168904589954764,None,727.3126838339958,727.3128035839982,None,,,,,,,,,,,,21049994,0,2025-12-01_12h27.08.742,tilt_mocs,2024.2.4,120.11218477836073,2025-12-01 12h27.34.412624 -0500,
-4,0.0,,321,321,0,,,,,,,,,,c-4,noss,0,left,1.0112494160057395,None,None,,,,,,,,,,,0,321,321,712,727.3233582499961,,,,,,,,,,,,,,,,,,,,,,,,,,,,,,,,,,,,,,,,,,,,,,,,,,,,,,,,,,,,,,,,727.3152441249986,727.3233582499961,727.8096442919996,727.8096442919996,727.8818842920009,727.8818842920009,728.3461613749969,left,1.0112494160057395,None,728.3463074999963,728.3463707499977,None,,,,,,,,,,,,21049994,0,2025-12-01_12h27.08.742,tilt_mocs,2024.2.4,120.11218477836073,2025-12-01 12h27.34.412624 -0500,
-6,-15.0,,322,322,0,,,,,,,,,,c-6,negs,100,left,1.0712632499999017,None,None,,,,,,,,,,,0,322,322,404,728.357285041995,,,,,,,,,,,,,,,,,,,,,,,,,,,,,,,,,,,,,,,,,,,,,,,,,,,,,,,,,,,,,,,,728.3488730419995,728.357285041995,728.8429050420018,728.8429050420018,728.9150222089957,728.9150222089957,729.4358099169986,left,1.0712632499999017,None,729.4359390839963,729.4359949169957,None,,,,,,,,,,,,21049994,0,2025-12-01_12h27.08.742,tilt_mocs,2024.2.4,120.11218477836073,2025-12-01 12h27.34.412624 -0500,
2,0.0,,323,323,0,,,,,,,,,,c+2,noss,0,right,1.0153162080023321,None,None,,,,,,,,,,,0,323,323,925,729.4459892500017,,,,,,,,,,,,,,,,,,,,,,,,,,,,,,,,,,,,,,,,,,,,,,,,,,,,,,,,,,,,,,,,729.438394249999,729.4459892500017,729.9352250000011,729.9352250000011,730.0102978340001,730.0102978340001,730.4724224169986,right,1.0153162080023321,None,730.4725301669969,730.4725719589987,None,,,,,,,,,,,,21049994,0,2025-12-01_12h27.08.742,tilt_mocs,2024.2.4,120.11218477836073,2025-12-01 12h27.34.412624 -0500,
1,0.0,,324,324,0,,,,,,,,,,c+1,noss,0,right,0.9322243339993292,None,None,,,,,,,,,,,0,324,324,846,730.4792807919948,,,,,,,,,,,,,,,,,,,,,,,,,,,,,,,,,,,,,,,,,,,,,,,,,,,,,,,,,,,,,,,,730.4744910419977,730.4792807919948,730.9678061250015,730.9678061250015,731.0498799999987,731.0498799999987,731.4187777089974,right,0.9322243339993292,None,731.4188950839962,731.4189495839964,None,,,,,,,,,,,,21049994,0,2025-12-01_12h27.08.742,tilt_mocs,2024.2.4,120.11218477836073,2025-12-01 12h27.34.412624 -0500,
-4,-15.0,,325,325,0,,,,,,,,,,c-4,negs,100,left,1.1425000840026769,None,None,,,,,,,,,,,0,325,325,499,731.4291344999947,,,,,,,,,,,,,,,,,,,,,,,,,,,,,,,,,,,,,,,,,,,,,,,,,,,,,,,,,,,,,,,,731.4209840839976,731.4291344999947,731.9187906669977,731.9187906669977,731.993606416996,731.993606416996,732.578932958997,left,1.1425000840026769,None,732.579059124997,732.5791017500014,None,,,,,,,,,,,,21049994,0,2025-12-01_12h27.08.742,tilt_mocs,2024.2.4,120.11218477836073,2025-12-01 12h27.34.412624 -0500,
-4,0.0,,326,326,0,,,,,,,,,,c-4,noss,0,left,1.3262704160006251,None,None,,,,,,,,,,,0,326,326,690,732.5892201249953,,,,,,,,,,,,,,,,,,,,,,,,,,,,,,,,,,,,,,,,,,,,,,,,,,,,,,,,,,,,,,,,732.5809939999963,732.5892201249953,733.0764307919962,733.0764307919962,733.1491037500018,733.1491037500018,733.9178983749953,left,1.3262704160006251,None,733.9180059999999,733.918048583997,None,,,,,,,,,,,,21049994,0,2025-12-01_12h27.08.742,tilt_mocs,2024.2.4,120.11218477836073,2025-12-01 12h27.34.412624 -0500,
-8,-15.0,,327,327,0,,,,,,,,,,c-8,negs,100,left,1.0170389999984764,None,None,,,,,,,,,,,0,327,327,369,733.9281508749991,,,,,,,,,,,,,,,,,,,,,,,,,,,,,,,,,,,,,,,,,,,,,,,,,,,,,,,,,,,,,,,,733.919982333995,733.9281508749991,734.419407292,734.419407292,734.4936159589997,734.4936159589997,734.9508087919967,left,1.0170389999984764,None,734.9509255839948,734.9509784999973,None,,,,,,,,,,,,21049994,0,2025-12-01_12h27.08.742,tilt_mocs,2024.2.4,120.11218477836073,2025-12-01 12h27.34.412624 -0500,
2,0.0,,328,328,0,,,,,,,,,,c+2,noss,0,right,0.9414107499978854,None,None,,,,,,,,,,,0,328,328,946,734.9764047499993,,,,,,,,,,,,,,,,,,,,,,,,,,,,,,,,,,,,,,,,,,,,,,,,,,,,,,,,,,,,,,,,734.9529387500006,734.9764047499993,735.452989708996,735.452989708996,735.5270465840003,735.5270465840003,735.9291852089955,right,0.9414107499978854,None,735.9293134589971,735.9293674590008,None,,,,,,,,,,,,21049994,0,2025-12-01_12h27.08.742,tilt_mocs,2024.2.4,120.11218477836073,2025-12-01 12h27.34.412624 -0500,
4,0.0,,329,329,0,,,,,,,,,,c+4,noss,0,right,0.8623712909975438,None,None,,,,,,,,,,,0,329,329,955,735.9400176249983,,,,,,,,,,,,,,,,,,,,,,,,,,,,,,,,,,,,,,,,,,,,,,,,,,,,,,,,,,,,,,,,735.9318341249964,735.9400176249983,736.4266139589963,736.4266139589963,736.5000186670004,736.5000186670004,736.8128492089963,right,0.8623712909975438,None,736.8129813339983,736.8130420419984,None,,,,,,,,,,,,21049994,0,2025-12-01_12h27.08.742,tilt_mocs,2024.2.4,120.11218477836073,2025-12-01 12h27.34.412624 -0500,
8,15.0,,330,330,0,,,,,,,,,,c+8,poss,100,right,1.0096745830014697,None,None,,,,,,,,,,,0,330,330,289,736.8232770839968,,,,,,,,,,,,,,,,,,,,,,,,,,,,,,,,,,,,,,,,,,,,,,,,,,,,,,,,,,,,,,,,736.8152577500005,736.8232770839968,737.309824291995,737.309824291995,737.382500959,737.382500959,737.8353785840009,right,1.0096745830014697,None,737.8354803339971,737.835523624999,None,,,,,,,,,,,,21049994,0,2025-12-01_12h27.08.742,tilt_mocs,2024.2.4,120.11218477836073,2025-12-01 12h27.34.412624 -0500,
4,0.0,,331,331,0,,,,,,,,,,c+4,noss,0,right,1.0350159170047846,None,None,,,,,,,,,,,0,331,331,1002,737.8457544999983,,,,,,,,,,,,,,,,,,,,,,,,,,,,,,,,,,,,,,,,,,,,,,,,,,,,,,,,,,,,,,,,737.8374187500012,737.8457544999983,738.3365624590006,738.3365624590006,738.4108055420002,738.4108055420002,738.8850267919988,right,1.0350159170047846,None,738.8851430419963,738.8851964169953,None,,,,,,,,,,,,21049994,0,2025-12-01_12h27.08.742,tilt_mocs,2024.2.4,120.11218477836073,2025-12-01 12h27.34.412624 -0500,
2,15.0,,332,332,0,,,,,,,,,,c+2,poss,100,left,1.0958837079961086,None,None,,,,,,,,,,,0,332,332,121,738.8957332089994,,,,,,,,,,,,,,,,,,,,,,,,,,,,,,,,,,,,,,,,,,,,,,,,,,,,,,,,,,,,,,,,738.8871942920014,738.8957332089994,739.3858969590001,739.3858969590001,739.4605096250016,739.4605096250016,739.9958016249948,left,1.0958837079961086,None,739.9959285419973,739.9959856669957,None,,,,,,,,,,,,21049994,0,2025-12-01_12h27.08.742,tilt_mocs,2024.2.4,120.11218477836073,2025-12-01 12h27.34.412624 -0500,
0,15.0,,333,333,0,,,,,,,,,,c+0,poss,100,left,1.037467000001925,None,None,,,,,,,,,,,0,333,333,78,740.0064450419959,,,,,,,,,,,,,,,,,,,,,,,,,,,,,,,,,,,,,,,,,,,,,,,,,,,,,,,,,,,,,,,,739.9983785840013,740.0064450419959,740.4933072499989,740.4933072499989,740.5663363339991,740.5663363339991,741.0464233339953,left,1.037467000001925,None,741.0465268339976,741.0465694999948,None,,,,,,,,,,,,21049994,0,2025-12-01_12h27.08.742,tilt_mocs,2024.2.4,120.11218477836073,2025-12-01 12h27.34.412624 -0500,
2,-15.0,,334,334,0,,,,,,,,,,c+2,negs,100,right,0.9554798329991172,None,None,,,,,,,,,,,0,334,334,670,741.0565834169975,,,,,,,,,,,,,,,,,,,,,,,,,,,,,,,,,,,,,,,,,,,,,,,,,,,,,,,,,,,,,,,,741.0485478339979,741.0565834169975,741.5434691249975,741.5434691249975,741.6155900000012,741.6155900000012,742.0191944589969,right,0.9554798329991172,None,742.0192943750008,742.0193372089998,None,,,,,,,,,,,,21049994,0,2025-12-01_12h27.08.742,tilt_mocs,2024.2.4,120.11218477836073,2025-12-01 12h27.34.412624 -0500,
-4,0.0,,335,335,0,,,,,,,,,,c-4,noss,0,left,1.175304666001466,None,None,,,,,,,,,,,0,335,335,676,742.0295279999991,,,,,,,,,,,,,,,,,,,,,,,,,,,,,,,,,,,,,,,,,,,,,,,,,,,,,,,,,,,,,,,,742.0212184589982,742.0295279999991,742.5187306669977,742.5187306669977,742.5937376250004,742.5937376250004,743.2133637919978,left,1.175304666001466,None,743.2136171249949,743.2137099999964,None,,,,,,,,,,,,21049994,0,2025-12-01_12h27.08.742,tilt_mocs,2024.2.4,120.11218477836073,2025-12-01 12h27.34.412624 -0500,
2,-15.0,,336,336,0,,,,,,,,,,c+2,negs,100,right,1.0712445419994765,None,None,,,,,,,,,,,0,336,336,668,743.2243669999953,,,,,,,,,,,,,,,,,,,,,,,,,,,,,,,,,,,,,,,,,,,,,,,,,,,,,,,,,,,,,,,,743.2160416249972,743.2243669999953,743.7096611250017,743.7096611250017,743.7823957090004,743.7823957090004,744.3027072089972,right,1.0712445419994765,None,744.302806959,744.3028509169962,None,,,,,,,,,,,,21049994,0,2025-12-01_12h27.08.742,tilt_mocs,2024.2.4,120.11218477836073,2025-12-01 12h27.34.412624 -0500,
4,0.0,,337,337,0,,,,,,,,,,c+4,noss,0,right,0.9515550829964923,None,None,,,,,,,,,,,0,337,337,967,744.313003833995,,,,,,,,,,,,,,,,,,,,,,,,,,,,,,,,,,,,,,,,,,,,,,,,,,,,,,,,,,,,,,,,744.3047682089964,744.313003833995,744.8029374999969,744.8029374999969,744.883633958998,744.883633958998,745.2686639169988,right,0.9515550829964923,None,745.2687924999991,745.2688458749981,None,,,,,,,,,,,,21049994,0,2025-12-01_12h27.08.742,tilt_mocs,2024.2.4,120.11218477836073,2025-12-01 12h27.34.412624 -0500,
0,-15.0,,338,338,0,,,,,,,,,,c+0,negs,100,right,1.0771473330023582,None,None,,,,,,,,,,,0,338,338,615,745.2788662499952,,,,,,,,,,,,,,,,,,,,,,,,,,,,,,,,,,,,,,,,,,,,,,,,,,,,,,,,,,,,,,,,745.2708022919978,745.2788662499952,745.7689121250005,745.7689121250005,745.8441285000008,745.8441285000008,746.3627342920008,right,1.0771473330023582,None,746.3628600839947,746.3629142089994,None,,,,,,,,,,,,21049994,0,2025-12-01_12h27.08.742,tilt_mocs,2024.2.4,120.11218477836073,2025-12-01 12h27.34.412624 -0500,
2,0.0,,339,339,0,,,,,,,,,,c+2,noss,0,right,1.012974541998119,None,None,,,,,,,,,,,0,339,339,947,746.3728704999958,,,,,,,,,,,,,,,,,,,,,,,,,,,,,,,,,,,,,,,,,,,,,,,,,,,,,,,,,,,,,,,,746.3649217499988,746.3728704999958,746.8602325839965,746.8602325839965,746.9324985839994,746.9324985839994,747.3963954589999,right,1.012974541998119,None,747.3965188340007,747.3965737089966,None,,,,,,,,,,,,21049994,0,2025-12-01_12h27.08.742,tilt_mocs,2024.2.4,120.11218477836073,2025-12-01 12h27.34.412624 -0500,
-8,-15.0,,340,340,0,,,,,,,,,,c-8,negs,100,left,1.073024917001021,None,None,,,,,,,,,,,0,340,340,377,747.4066363749953,,,,,,,,,,,,,,,,,,,,,,,,,,,,,,,,,,,,,,,,,,,,,,,,,,,,,,,,,,,,,,,,747.3986858749995,747.4066363749953,747.8936179590019,747.8936179590019,747.9656515419993,747.9656515419993,748.4839621669962,left,1.073024917001021,None,748.4840549169967,748.4840967499986,None,,,,,,,,,,,,21049994,0,2025-12-01_12h27.08.742,tilt_mocs,2024.2.4,120.11218477836073,2025-12-01 12h27.34.412624 -0500,
-1,0.0,,341,341,0,,,,,,,,,,c-1,noss,0,right,1.1173033329978352,None,None,,,,,,,,,,,0,341,341,791,748.4938033750004,,,,,,,,,,,,,,,,,,,,,,,,,,,,,,,,,,,,,,,,,,,,,,,,,,,,,,,,,,,,,,,,748.4859259169971,748.4938033750004,748.9770094999985,748.9770094999985,749.0499041669973,749.0499041669973,749.6134407919963,right,1.1173033329978352,None,749.6135448339992,749.6135933749974,None,,,,,,,,,,,,21049994,0,2025-12-01_12h27.08.742,tilt_mocs,2024.2.4,120.11218477836073,2025-12-01 12h27.34.412624 -0500,
-4,0.0,,342,342,0,,,,,,,,,,c-4,noss,0,left,1.0915586250048364,None,None,,,,,,,,,,,0,342,342,678,749.6235244589989,,,,,,,,,,,,,,,,,,,,,,,,,,,,,,,,,,,,,,,,,,,,,,,,,,,,,,,,,,,,,,,,749.6155502499969,749.6235244589989,750.1103968749958,750.1103968749958,750.1827678749978,750.1827678749978,750.7187614169961,left,1.0915586250048364,None,750.7189059169978,750.718978208999,None,,,,,,,,,,,,21049994,0,2025-12-01_12h27.08.742,tilt_mocs,2024.2.4,120.11218477836073,2025-12-01 12h27.34.412624 -0500,
0,-15.0,,343,343,0,,,,,,,,,,c+0,negs,100,right,1.0224607919953996,None,None,,,,,,,,,,,0,343,343,565,750.7295809999996,,,,,,,,,,,,,,,,,,,,,,,,,,,,,,,,,,,,,,,,,,,,,,,,,,,,,,,,,,,,,,,,750.7213120000015,750.7295809999996,751.2191865839995,751.2191865839995,751.2942206250009,751.2942206250009,751.7635497090014,right,1.0224607919953996,None,751.7637126670015,751.7637720419953,None,,,,,,,,,,,,21049994,0,2025-12-01_12h27.08.742,tilt_mocs,2024.2.4,120.11218477836073,2025-12-01 12h27.34.412624 -0500,
-6,-15.0,,344,344,0,,,,,,,,,,c-6,negs,100,left,1.0254084160042112,None,None,,,,,,,,,,,0,344,344,400,751.7750907919981,,,,,,,,,,,,,,,,,,,,,,,,,,,,,,,,,,,,,,,,,,,,,,,,,,,,,,,,,,,,,,,,751.7666058749965,751.7750907919981,752.2604586669986,752.2604586669986,752.3326107499961,752.3326107499961,752.8108883749956,left,1.0254084160042112,None,752.8109962499948,752.8110400419973,None,,,,,,,,,,,,21049994,0,2025-12-01_12h27.08.742,tilt_mocs,2024.2.4,120.11218477836073,2025-12-01 12h27.34.412624 -0500,
-6,-15.0,,345,345,0,,,,,,,,,,c-6,negs,100,left,1.123485999996774,None,None,,,,,,,,,,,0,345,345,407,752.8181924169985,,,,,,,,,,,,,,,,,,,,,,,,,,,,,,,,,,,,,,,,,,,,,,,,,,,,,,,,,,,,,,,,752.8129775839989,752.8181924169985,753.3027921249959,753.3027921249959,753.3776969589962,753.3776969589962,753.9466309999989,left,1.123485999996774,None,753.9467594589951,753.946812958995,None,,,,,,,,,,,,21049994,0,2025-12-01_12h27.08.742,tilt_mocs,2024.2.4,120.11218477836073,2025-12-01 12h27.34.412624 -0500,
2,15.0,,346,346,0,,,,,,,,,,c+2,poss,100,right,1.110955832999025,None,None,,,,,,,,,,,0,346,346,157,753.9570994999958,,,,,,,,,,,,,,,,,,,,,,,,,,,,,,,,,,,,,,,,,,,,,,,,,,,,,,,,,,,,,,,,753.949063125001,753.9570994999958,754.4439674169989,754.4439674169989,754.5170942089972,754.5170942089972,755.0781532499968,right,1.110955832999025,None,755.0782587919966,755.0783015839988,None,,,,,,,,,,,,21049994,0,2025-12-01_12h27.08.742,tilt_mocs,2024.2.4,120.11218477836073,2025-12-01 12h27.34.412624 -0500,
-2,0.0,,347,347,0,,,,,,,,,,c-2,noss,0,left,1.5094247919987538,None,None,,,,,,,,,,,0,347,347,743,755.0853570420004,,,,,,,,,,,,,,,,,,,,,,,,,,,,,,,,,,,,,,,,,,,,,,,,,,,,,,,,,,,,,,,,755.0801840419954,755.0853570420004,755.5699037919985,755.5699037919985,755.6442962500005,755.6442962500005,756.5973212919998,left,1.5094247919987538,None,756.5974563749987,756.5975106670012,None,,,,,,,,,,,,21049994,0,2025-12-01_12h27.08.742,tilt_mocs,2024.2.4,120.11218477836073,2025-12-01 12h27.34.412624 -0500,
0,15.0,,348,348,0,,,,,,,,,,c+0,poss,100,left,1.1198003339959541,None,None,,,,,,,,,,,0,348,348,90,756.6083067500003,,,,,,,,,,,,,,,,,,,,,,,,,,,,,,,,,,,,,,,,,,,,,,,,,,,,,,,,,,,,,,,,756.599969541996,756.6083067500003,757.0940206669984,757.0940206669984,757.1660311250016,757.1660311250016,757.731364291998,left,1.1198003339959541,None,757.731502374998,757.7315628750002,None,,,,,,,,,,,,21049994,0,2025-12-01_12h27.08.742,tilt_mocs,2024.2.4,120.11218477836073,2025-12-01 12h27.34.412624 -0500,
0,-15.0,,349,349,0,,,,,,,,,,c+0,negs,100,right,0.976984667002398,None,None,,,,,,,,,,,0,349,349,607,757.7419825420002,,,,,,,,,,,,,,,,,,,,,,,,,,,,,,,,,,,,,,,,,,,,,,,,,,,,,,,,,,,,,,,,757.7337816250001,757.7419825420002,758.2273842919967,758.2273842919967,758.2994127499987,758.2994127499987,758.7288794589986,right,0.976984667002398,None,758.7290040419975,758.7290573339997,None,,,,,,,,,,,,21049994,0,2025-12-01_12h27.08.742,tilt_mocs,2024.2.4,120.11218477836073,2025-12-01 12h27.34.412624 -0500,
6,15.0,,350,350,0,,,,,,,,,,c+6,poss,100,right,0.9621939589997055,None,None,,,,,,,,,,,0,350,350,246,758.7389183339983,,,,,,,,,,,,,,,,,,,,,,,,,,,,,,,,,,,,,,,,,,,,,,,,,,,,,,,,,,,,,,,,758.730972917001,758.7389183339983,759.2273739590019,759.2273739590019,759.2995272920016,759.2995272920016,759.7133731249996,right,0.9621939589997055,None,759.7135029169949,759.7135530839951,None,,,,,,,,,,,,21049994,0,2025-12-01_12h27.08.742,tilt_mocs,2024.2.4,120.11218477836073,2025-12-01 12h27.34.412624 -0500,
0,-15.0,,351,351,0,,,,,,,,,,c+0,negs,100,right,0.9323618749986053,None,None,,,,,,,,,,,0,351,351,606,759.7234854999988,,,,,,,,,,,,,,,,,,,,,,,,,,,,,,,,,,,,,,,,,,,,,,,,,,,,,,,,,,,,,,,,759.7154935840008,759.7234854999988,760.2108152919973,760.2108152919973,760.2842702089984,760.2842702089984,760.6633891249949,right,0.9323618749986053,None,760.6635194170012,760.6635736669996,None,,,,,,,,,,,,21049994,0,2025-12-01_12h27.08.742,tilt_mocs,2024.2.4,120.11218477836073,2025-12-01 12h27.34.412624 -0500,
2,-15.0,,352,352,0,,,,,,,,,,c+2,negs,100,right,0.9242807499977062,None,None,,,,,,,,,,,0,352,352,649,760.6739412919997,,,,,,,,,,,,,,,,,,,,,,,,,,,,,,,,,,,,,,,,,,,,,,,,,,,,,,,,,,,,,,,,760.6658288749968,760.6739412919997,761.1611299169963,761.1611299169963,761.2331337919968,761.2331337919968,761.6016743750006,right,0.9242807499977062,None,761.6017717089999,761.6018141249951,None,,,,,,,,,,,,21049994,0,2025-12-01_12h27.08.742,tilt_mocs,2024.2.4,120.11218477836073,2025-12-01 12h27.34.412624 -0500,
2,-15.0,,353,353,0,,,,,,,,,,c+2,negs,100,right,0.903028833999997,None,None,,,,,,,,,,,0,353,353,666,761.6276279999947,,,,,,,,,,,,,,,,,,,,,,,,,,,,,,,,,,,,,,,,,,,,,,,,,,,,,,,,,,,,,,,,761.6036857500003,761.6276279999947,762.1031590419952,762.1031590419952,762.177996708997,762.177996708997,762.5364710840004,right,0.903028833999997,None,762.5365904589999,762.5366443339954,None,,,,,,,,,,,,21049994,0,2025-12-01_12h27.08.742,tilt_mocs,2024.2.4,120.11218477836073,2025-12-01 12h27.34.412624 -0500,
0,-15.0,,354,354,0,,,,,,,,,,c+0,negs,100,right,0.9180880420026369,None,None,,,,,,,,,,,0,354,354,567,762.5470094999982,,,,,,,,,,,,,,,,,,,,,,,,,,,,,,,,,,,,,,,,,,,,,,,,,,,,,,,,,,,,,,,,762.5389556250011,762.5470094999982,763.0367031669957,763.0367031669957,763.1111634589979,763.1111634589979,763.4689259169973,right,0.9180880420026369,None,763.4690708749986,763.4691275419973,None,,,,,,,,,,,,21049994,0,2025-12-01_12h27.08.742,tilt_mocs,2024.2.4,120.11218477836073,2025-12-01 12h27.34.412624 -0500,
-6,-15.0,,355,355,0,,,,,,,,,,c-6,negs,100,left,1.0094713750004303,None,None,,,,,,,,,,,0,355,355,443,763.479445459001,,,,,,,,,,,,,,,,,,,,,,,,,,,,,,,,,,,,,,,,,,,,,,,,,,,,,,,,,,,,,,,,763.4712591669959,763.479445459001,763.9702350419975,763.9702350419975,764.0446674589984,764.0446674589984,764.4967627090009,left,1.0094713750004303,None,764.4968848339995,764.4969392499988,None,,,,,,,,,,,,21049994,0,2025-12-01_12h27.08.742,tilt_mocs,2024.2.4,120.11218477836073,2025-12-01 12h27.34.412624 -0500,
2,0.0,,356,356,0,,,,,,,,,,c+2,noss,0,right,0.981159208000463,None,None,,,,,,,,,,,0,356,356,930,764.5069041249953,,,,,,,,,,,,,,,,,,,,,,,,,,,,,,,,,,,,,,,,,,,,,,,,,,,,,,,,,,,,,,,,764.4990731669968,764.5069041249953,764.9944022499985,764.9944022499985,765.0675711669974,765.0675711669974,765.4970126249973,right,0.981159208000463,None,765.4971814589953,765.4972424590014,None,,,,,,,,,,,,21049994,0,2025-12-01_12h27.08.742,tilt_mocs,2024.2.4,120.11218477836073,2025-12-01 12h27.34.412624 -0500,
0,15.0,,357,357,0,,,,,,,,,,c+0,poss,100,right,1.117161207999743,None,None,,,,,,,,,,,0,357,357,74,765.5079764999973,,,,,,,,,,,,,,,,,,,,,,,,,,,,,,,,,,,,,,,,,,,,,,,,,,,,,,,,,,,,,,,,765.4998530839948,765.5079764999973,765.9942145839959,765.9942145839959,766.0662987920005,766.0662987920005,766.6307483339988,right,1.117161207999743,None,766.6308974169951,766.6309879589971,None,,,,,,,,,,,,21049994,0,2025-12-01_12h27.08.742,tilt_mocs,2024.2.4,120.11218477836073,2025-12-01 12h27.34.412624 -0500,
-2,-15.0,,358,358,0,,,,,,,,,,c-2,negs,100,right,0.9886434169966378,None,None,,,,,,,,,,,0,358,358,538,766.6414762089989,,,,,,,,,,,,,,,,,,,,,,,,,,,,,,,,,,,,,,,,,,,,,,,,,,,,,,,,,,,,,,,,766.6333169589998,766.6414762089989,767.1276830839997,767.1276830839997,767.1996316669974,767.1996316669974,767.6362321249981,right,0.9886434169966378,None,767.6363300000012,767.6363751249955,None,,,,,,,,,,,,21049994,0,2025-12-01_12h27.08.742,tilt_mocs,2024.2.4,120.11218477836073,2025-12-01 12h27.34.412624 -0500,
-8,-15.0,,359,359,0,,,,,,,,,,c-8,negs,100,left,0.9894899589999113,None,None,,,,,,,,,,,0,359,359,338,767.646677124998,,,,,,,,,,,,,,,,,,,,,,,,,,,,,,,,,,,,,,,,,,,,,,,,,,,,,,,,,,,,,,,,767.6382937919989,767.646677124998,768.1370860839961,768.1370860839961,768.211539291995,768.211539291995,768.6471860839956,left,0.9894899589999113,None,768.6473082500015,768.6473637919989,None,,,,,,,,,,,,21049994,0,2025-12-01_12h27.08.742,tilt_mocs,2024.2.4,120.11218477836073,2025-12-01 12h27.34.412624 -0500,
0,15.0,,360,360,0,,,,,,,,,,c+0,poss,100,right,1.0454340840005898,None,None,,,,,,,,,,,0,360,360,89,768.6575149169948,,,,,,,,,,,,,,,,,,,,,,,,,,,,,,,,,,,,,,,,,,,,,,,,,,,,,,,,,,,,,,,,768.6496047920009,768.6575149169948,769.1444520000005,769.1444520000005,769.216816084001,769.216816084001,769.7138645419982,right,1.0454340840005898,None,769.7139845839993,769.714036874997,None,,,,,,,,,,,,21049994,0,2025-12-01_12h27.08.742,tilt_mocs,2024.2.4,120.11218477836073,2025-12-01 12h27.34.412624 -0500,
0,-15.0,,361,361,0,,,,,,,,,,c+0,negs,100,right,0.9398987920067157,None,None,,,,,,,,,,,0,361,361,613,769.7238664999968,,,,,,,,,,,,,,,,,,,,,,,,,,,,,,,,,,,,,,,,,,,,,,,,,,,,,,,,,,,,,,,,769.7159858750019,769.7238664999968,770.2101752089948,770.2101752089948,770.2849333749982,770.2849333749982,770.6689849169998,right,0.9398987920067157,None,770.6690971249991,770.6691399170013,None,,,,,,,,,,,,21049994,0,2025-12-01_12h27.08.742,tilt_mocs,2024.2.4,120.11218477836073,2025-12-01 12h27.34.412624 -0500,
-8,-15.0,,362,362,0,,,,,,,,,,c-8,negs,100,left,1.021638250000251,None,None,,,,,,,,,,,0,362,362,371,770.6946659999958,,,,,,,,,,,,,,,,,,,,,,,,,,,,,,,,,,,,,,,,,,,,,,,,,,,,,,,,,,,,,,,,770.6710581669977,770.6946659999958,771.170651542001,771.170651542001,771.2450000419994,771.2450000419994,771.7195762920019,left,1.021638250000251,None,771.7196714999955,771.7197126249957,None,,,,,,,,,,,,21049994,0,2025-12-01_12h27.08.742,tilt_mocs,2024.2.4,120.11218477836073,2025-12-01 12h27.34.412624 -0500,
6,15.0,,363,363,0,,,,,,,,,,c+6,poss,100,right,0.9371631670001079,None,None,,,,,,,,,,,0,363,363,252,771.7303469170001,,,,,,,,,,,,,,,,,,,,,,,,,,,,,,,,,,,,,,,,,,,,,,,,,,,,,,,,,,,,,,,,771.7215895420013,771.7303469170001,772.2212042499959,772.2212042499959,772.2951871670011,772.2951871670011,772.6700393339997,right,0.9371631670001079,None,772.6701612920006,772.670213708996,None,,,,,,,,,,,,21049994,0,2025-12-01_12h27.08.742,tilt_mocs,2024.2.4,120.11218477836073,2025-12-01 12h27.34.412624 -0500,
6,15.0,,364,364,0,,,,,,,,,,c+6,poss,100,right,1.0869433749976452,None,None,,,,,,,,,,,0,364,364,235,772.6806954999993,,,,,,,,,,,,,,,,,,,,,,,,,,,,,,,,,,,,,,,,,,,,,,,,,,,,,,,,,,,,,,,,772.6725027919965,772.6806954999993,773.1700644590019,773.1700644590019,773.2451455839982,773.2451455839982,773.7701132500006,right,1.0869433749976452,None,773.7702342089979,773.7702882090016,None,,,,,,,,,,,,21049994,0,2025-12-01_12h27.08.742,tilt_mocs,2024.2.4,120.11218477836073,2025-12-01 12h27.34.412624 -0500,
0,15.0,,365,365,0,,,,,,,,,,c+0,poss,100,left,1.1658039579997421,None,None,,,,,,,,,,,0,365,365,66,773.7806554589988,,,,,,,,,,,,,,,,,,,,,,,,,,,,,,,,,,,,,,,,,,,,,,,,,,,,,,,,,,,,,,,,773.7722809170009,773.7806554589988,774.2708886249966,774.2708886249966,774.3453623749956,774.3453623749956,774.9527117089965,left,1.1658039579997421,None,774.9528122499978,774.9528543749984,None,,,,,,,,,,,,21049994,0,2025-12-01_12h27.08.742,tilt_mocs,2024.2.4,120.11218477836073,2025-12-01 12h27.34.412624 -0500,
-4,0.0,,366,366,0,,,,,,,,,,c-4,noss,0,left,1.0517520419962239,None,None,,,,,,,,,,,0,366,366,724,774.9636108339982,,,,,,,,,,,,,,,,,,,,,,,,,,,,,,,,,,,,,,,,,,,,,,,,,,,,,,,,,,,,,,,,774.9551466670018,774.9636108339982,775.4536633339958,775.4536633339958,775.528463249997,775.528463249997,776.0199979999961,left,1.0517520419962239,None,776.0200932919979,776.020137624997,None,,,,,,,,,,,,21049994,0,2025-12-01_12h27.08.742,tilt_mocs,2024.2.4,120.11218477836073,2025-12-01 12h27.34.412624 -0500,
-4,-15.0,,367,367,0,,,,,,,,,,c-4,negs,100,right,1.115569833003974,None,None,,,,,,,,,,,0,367,367,454,776.0303875839963,,,,,,,,,,,,,,,,,,,,,,,,,,,,,,,,,,,,,,,,,,,,,,,,,,,,,,,,,,,,,,,,776.0220200420008,776.0303875839963,776.5201724590006,776.5201724590006,776.5952977089983,776.5952977089983,777.1489952920019,right,1.115569833003974,None,777.1491433339979,777.1492018339995,None,,,,,,,,,,,,21049994,0,2025-12-01_12h27.08.742,tilt_mocs,2024.2.4,120.11218477836073,2025-12-01 12h27.34.412624 -0500,
2,-15.0,,368,368,0,,,,,,,,,,c+2,negs,100,right,1.1154878750021453,None,None,,,,,,,,,,,0,368,368,620,777.1597178750017,,,,,,,,,,,,,,,,,,,,,,,,,,,,,,,,,,,,,,,,,,,,,,,,,,,,,,,,,,,,,,,,777.1513032500006,777.1597178750017,777.6448123340015,777.6448123340015,777.7175817089956,777.7175817089956,778.2808681669994,right,1.1154878750021453,None,778.2810196669961,778.2810791669981,None,,,,,,,,,,,,21049994,0,2025-12-01_12h27.08.742,tilt_mocs,2024.2.4,120.11218477836073,2025-12-01 12h27.34.412624 -0500,
-2,0.0,,369,369,0,,,,,,,,,,c-2,noss,0,left,1.1268816250012605,None,None,,,,,,,,,,,0,369,369,779,778.2917887500007,,,,,,,,,,,,,,,,,,,,,,,,,,,,,,,,,,,,,,,,,,,,,,,,,,,,,,,,,,,,,,,,778.2834006249977,778.2917887500007,778.7782423749959,778.7782423749959,778.8504095839962,778.8504095839962,779.4211267089995,left,1.1268816250012605,None,779.4212275419995,779.4212710840002,None,,,,,,,,,,,,21049994,0,2025-12-01_12h27.08.742,tilt_mocs,2024.2.4,120.11218477836073,2025-12-01 12h27.34.412624 -0500,
-2,15.0,,370,370,0,,,,,,,,,,c-2,poss,100,left,1.164684416995442,None,None,,,,,,,,,,,0,370,370,1,779.4312872919982,,,,,,,,,,,,,,,,,,,,,,,,,,,,,,,,,,,,,,,,,,,,,,,,,,,,,,,,,,,,,,,,779.4231761249976,779.4312872919982,779.9208172919971,779.9208172919971,779.9952647089958,779.9952647089958,780.5988524169952,left,1.164684416995442,None,780.5989950840012,780.5990817089987,None,,,,,,,,,,,,21049994,0,2025-12-01_12h27.08.742,tilt_mocs,2024.2.4,120.11218477836073,2025-12-01 12h27.34.412624 -0500,
-6,-15.0,,371,371,0,,,,,,,,,,c-6,negs,100,left,1.0360697919968516,None,None,,,,,,,,,,,0,371,371,440,780.6095061250016,,,,,,,,,,,,,,,,,,,,,,,,,,,,,,,,,,,,,,,,,,,,,,,,,,,,,,,,,,,,,,,,780.6013316669996,780.6095061250016,781.0948687919954,781.0948687919954,781.1678208750018,781.1678208750018,781.648100624996,left,1.0360697919968516,None,781.6482409589953,781.648295250001,None,,,,,,,,,,,,21049994,0,2025-12-01_12h27.08.742,tilt_mocs,2024.2.4,120.11218477836073,2025-12-01 12h27.34.412624 -0500,
6,15.0,,372,372,0,,,,,,,,,,c+6,poss,100,right,0.9593850830060546,None,None,,,,,,,,,,,0,372,372,227,781.6586898339956,,,,,,,,,,,,,,,,,,,,,,,,,,,,,,,,,,,,,,,,,,,,,,,,,,,,,,,,,,,,,,,,781.6506265839998,781.6586898339956,782.1449304589987,782.1449304589987,782.2171800419965,782.2171800419965,782.6206163339957,right,0.9593850830060546,None,782.6207177920005,782.6207591249986,None,,,,,,,,,,,,21049994,0,2025-12-01_12h27.08.742,tilt_mocs,2024.2.4,120.11218477836073,2025-12-01 12h27.34.412624 -0500,
-8,-15.0,,373,373,0,,,,,,,,,,c-8,negs,100,left,1.0312546659988584,None,None,,,,,,,,,,,0,373,373,375,782.6308952499967,,,,,,,,,,,,,,,,,,,,,,,,,,,,,,,,,,,,,,,,,,,,,,,,,,,,,,,,,,,,,,,,782.6226612499959,782.6308952499967,783.1203354169993,783.1203354169993,783.1954315420007,783.1954315420007,783.6646042919965,left,1.0312546659988584,None,783.6647316669987,783.6647853339964,None,,,,,,,,,,,,21049994,0,2025-12-01_12h27.08.742,tilt_mocs,2024.2.4,120.11218477836073,2025-12-01 12h27.34.412624 -0500,
-6,-15.0,,374,374,0,,,,,,,,,,c-6,negs,100,left,0.9722982079983922,None,None,,,,,,,,,,,0,374,374,405,783.6751044589982,,,,,,,,,,,,,,,,,,,,,,,,,,,,,,,,,,,,,,,,,,,,,,,,,,,,,,,,,,,,,,,,783.6671702499953,783.6751044589982,784.1616263339965,784.1616263339965,784.2334671249992,784.2334671249992,784.653753833998,left,0.9722982079983922,None,784.653853459,784.653898042001,None,,,,,,,,,,,,21049994,0,2025-12-01_12h27.08.742,tilt_mocs,2024.2.4,120.11218477836073,2025-12-01 12h27.34.412624 -0500,
6,15.0,,375,375,0,,,,,,,,,,c+6,poss,100,right,1.0987342500011437,None,None,,,,,,,,,,,0,375,375,270,784.6641801669975,,,,,,,,,,,,,,,,,,,,,,,,,,,,,,,,,,,,,,,,,,,,,,,,,,,,,,,,,,,,,,,,784.6558111249979,784.6641801669975,785.1549532499994,785.1549532499994,785.2288839169996,785.2288839169996,785.7736382500007,right,1.0987342500011437,None,785.7737381670013,785.7737822499985,None,,,,,,,,,,,,21049994,0,2025-12-01_12h27.08.742,tilt_mocs,2024.2.4,120.11218477836073,2025-12-01 12h27.34.412624 -0500,
0,-15.0,,376,376,0,,,,,,,,,,c+0,negs,100,right,1.0641640840040054,None,None,,,,,,,,,,,0,376,376,597,785.7813048339958,,,,,,,,,,,,,,,,,,,,,,,,,,,,,,,,,,,,,,,,,,,,,,,,,,,,,,,,,,,,,,,,785.7756825420001,785.7813048339958,786.2716648339992,786.2716648339992,786.3456725840006,786.3456725840006,786.8479056249998,right,1.0641640840040054,None,786.8480332089966,786.8480862919969,None,,,,,,,,,,,,21049994,0,2025-12-01_12h27.08.742,tilt_mocs,2024.2.4,120.11218477836073,2025-12-01 12h27.34.412624 -0500,
-6,-15.0,,377,377,0,,,,,,,,,,c-6,negs,100,left,1.0258627089933725,None,None,,,,,,,,,,,0,377,377,403,786.8583388749976,,,,,,,,,,,,,,,,,,,,,,,,,,,,,,,,,,,,,,,,,,,,,,,,,,,,,,,,,,,,,,,,786.8502352919968,786.8583388749976,787.3451657089972,787.3451657089972,787.4170247500006,787.4170247500006,787.8874486249988,left,1.0258627089933725,None,787.8875491250001,787.8875937499979,None,,,,,,,,,,,,21049994,0,2025-12-01_12h27.08.742,tilt_mocs,2024.2.4,120.11218477836073,2025-12-01 12h27.34.412624 -0500,
-2,15.0,,378,378,0,,,,,,,,,,c-2,poss,100,left,1.05366529100138,None,None,,,,,,,,,,,0,378,378,33,787.8977795419996,,,,,,,,,,,,,,,,,,,,,,,,,,,,,,,,,,,,,,,,,,,,,,,,,,,,,,,,,,,,,,,,787.8895104589974,787.8977795419996,788.3875408339954,788.3875408339954,788.4620915420019,788.4620915420019,788.9540525420016,left,1.05366529100138,None,788.9541767499977,788.9542353340003,None,,,,,,,,,,,,21049994,0,2025-12-01_12h27.08.742,tilt_mocs,2024.2.4,120.11218477836073,2025-12-01 12h27.34.412624 -0500,
-8,-15.0,,379,379,0,,,,,,,,,,c-8,negs,100,left,2.7253983750051702,None,None,,,,,,,,,,,0,379,379,346,788.9652397089958,,,,,,,,,,,,,,,,,,,,,,,,,,,,,,,,,,,,,,,,,,,,,,,,,,,,,,,,,,,,,,,,788.9575794589982,788.9652397089958,789.4542004999967,789.4542004999967,789.5287847500003,789.5287847500003,791.6979494170009,left,2.7253983750051702,None,791.698076583998,791.6981309170005,None,,,,,,,,,,,,21049994,0,2025-12-01_12h27.08.742,tilt_mocs,2024.2.4,120.11218477836073,2025-12-01 12h27.34.412624 -0500,
4,0.0,,380,380,0,,,,,,,,,,c+4,noss,0,right,0.9095779170020251,None,None,,,,,,,,,,,0,380,380,977,791.7081841249965,,,,,,,,,,,,,,,,,,,,,,,,,,,,,,,,,,,,,,,,,,,,,,,,,,,,,,,,,,,,,,,,791.7002047919959,791.7081841249965,792.195187624995,792.195187624995,792.2673460840015,792.2673460840015,792.6204032089954,right,0.9095779170020251,None,792.6205007089957,792.6205440839985,None,,,,,,,,,,,,21049994,0,2025-12-01_12h27.08.742,tilt_mocs,2024.2.4,120.11218477836073,2025-12-01 12h27.34.412624 -0500,
-2,15.0,,381,381,0,,,,,,,,,,c-2,poss,100,left,1.0358769159938674,None,None,,,,,,,,,,,0,381,381,20,792.6306474169978,,,,,,,,,,,,,,,,,,,,,,,,,,,,,,,,,,,,,,,,,,,,,,,,,,,,,,,,,,,,,,,,792.6224568749967,792.6306474169978,793.1207606669996,793.1207606669996,793.1958972499997,793.1958972499997,793.6703912500016,left,1.0358769159938674,None,793.6704885419967,793.6705300419999,None,,,,,,,,,,,,21049994,0,2025-12-01_12h27.08.742,tilt_mocs,2024.2.4,120.11218477836073,2025-12-01 12h27.34.412624 -0500,
-2,0.0,,382,382,0,,,,,,,,,,c-2,noss,0,left,0.9838779169949703,None,None,,,,,,,,,,,0,382,382,732,793.6808626249986,,,,,,,,,,,,,,,,,,,,,,,,,,,,,,,,,,,,,,,,,,,,,,,,,,,,,,,,,,,,,,,,793.6724127499983,793.6808626249986,794.1706693339947,794.1706693339947,794.2460070000016,794.2460070000016,794.671265291996,left,0.9838779169949703,None,794.6713626249984,794.6714050419978,None,,,,,,,,,,,,21049994,0,2025-12-01_12h27.08.742,tilt_mocs,2024.2.4,120.11218477836073,2025-12-01 12h27.34.412624 -0500,
-2,0.0,,383,383,0,,,,,,,,,,c-2,noss,0,left,1.0740531660048873,None,None,,,,,,,,,,,0,383,383,782,794.6815881669972,,,,,,,,,,,,,,,,,,,,,,,,,,,,,,,,,,,,,,,,,,,,,,,,,,,,,,,,,,,,,,,,794.6733099170015,794.6815881669972,795.1709307919955,795.1709307919955,795.2459007090001,795.2459007090001,795.7647874589966,left,1.0740531660048873,None,795.7649401250019,795.7649995839965,None,,,,,,,,,,,,21049994,0,2025-12-01_12h27.08.742,tilt_mocs,2024.2.4,120.11218477836073,2025-12-01 12h27.34.412624 -0500,
-4,-15.0,,384,384,0,,,,,,,,,,c-4,negs,100,left,1.1619232910015853,None,None,,,,,,,,,,,0,384,384,481,795.7764309999984,,,,,,,,,,,,,,,,,,,,,,,,,,,,,,,,,,,,,,,,,,,,,,,,,,,,,,,,,,,,,,,,795.7680437089948,795.7764309999984,796.2620728339971,796.2620728339971,796.3347699590013,796.3347699590013,796.9482432500008,left,1.1619232910015853,None,796.9483737089977,796.9484329999977,None,,,,,,,,,,,,21049994,0,2025-12-01_12h27.08.742,tilt_mocs,2024.2.4,120.11218477836073,2025-12-01 12h27.34.412624 -0500,
6,15.0,,385,385,0,,,,,,,,,,c+6,poss,100,right,0.9289864160018624,None,None,,,,,,,,,,,0,385,385,244,796.9586553749978,,,,,,,,,,,,,,,,,,,,,,,,,,,,,,,,,,,,,,,,,,,,,,,,,,,,,,,,,,,,,,,,796.9505841249993,796.9586553749978,797.4455100839987,797.4455100839987,797.5180197500013,797.5180197500013,797.8979006669979,right,0.9289864160018624,None,797.8980242499965,797.8980768749971,None,,,,,,,,,,,,21049994,0,2025-12-01_12h27.08.742,tilt_mocs,2024.2.4,120.11218477836073,2025-12-01 12h27.34.412624 -0500,
8,15.0,,386,386,0,,,,,,,,,,c+8,poss,100,right,0.9736047079932177,None,None,,,,,,,,,,,0,386,386,312,797.9079099590017,,,,,,,,,,,,,,,,,,,,,,,,,,,,,,,,,,,,,,,,,,,,,,,,,,,,,,,,,,,,,,,,797.9000163339952,797.9079099590017,798.3955523339973,798.3955523339973,798.4678588749957,798.4678588749957,798.8860268339995,right,0.9736047079932177,None,798.8861220839972,798.8861624169949,None,,,,,,,,,,,,21049994,0,2025-12-01_12h27.08.742,tilt_mocs,2024.2.4,120.11218477836073,2025-12-01 12h27.34.412624 -0500,
4,0.0,,387,387,0,,,,,,,,,,c+4,noss,0,right,1.099948916998983,None,None,,,,,,,,,,,0,387,387,958,798.8959666250012,,,,,,,,,,,,,,,,,,,,,,,,,,,,,,,,,,,,,,,,,,,,,,,,,,,,,,,,,,,,,,,,798.8880077919966,798.8959666250012,799.3875213749998,799.3875213749998,799.4627113749957,799.4627113749957,799.9984609589956,right,1.099948916998983,None,799.9985899589956,799.9986448339987,None,,,,,,,,,,,,21049994,0,2025-12-01_12h27.08.742,tilt_mocs,2024.2.4,120.11218477836073,2025-12-01 12h27.34.412624 -0500,
1,0.0,,388,388,0,,,,,,,,,,c+1,noss,0,right,0.9013642499994603,None,None,,,,,,,,,,,0,388,388,859,800.0090560419994,,,,,,,,,,,,,,,,,,,,,,,,,,,,,,,,,,,,,,,,,,,,,,,,,,,,,,,,,,,,,,,,800.0010419169994,800.0090560419994,800.4957782089987,800.4957782089987,800.5680881669978,800.5680881669978,800.9148958750011,right,0.9013642499994603,None,800.915019125001,800.9150725419968,None,,,,,,,,,,,,21049994,0,2025-12-01_12h27.08.742,tilt_mocs,2024.2.4,120.11218477836073,2025-12-01 12h27.34.412624 -0500,
2,-15.0,,389,389,0,,,,,,,,,,c+2,negs,100,right,1.0179011660002288,None,None,,,,,,,,,,,0,389,389,619,800.9250448339953,,,,,,,,,,,,,,,,,,,,,,,,,,,,,,,,,,,,,,,,,,,,,,,,,,,,,,,,,,,,,,,,800.9170755000014,800.9250448339953,801.4123026669986,801.4123026669986,801.4844837499986,801.4844837499986,801.948149374999,right,1.0179011660002288,None,801.9482755839999,801.9483291669967,None,,,,,,,,,,,,21049994,0,2025-12-01_12h27.08.742,tilt_mocs,2024.2.4,120.11218477836073,2025-12-01 12h27.34.412624 -0500,
0,-15.0,,390,390,0,,,,,,,,,,c+0,negs,100,right,1.0268753330019535,None,None,,,,,,,,,,,0,390,390,572,801.9589617499951,,,,,,,,,,,,,,,,,,,,,,,,,,,,,,,,,,,,,,,,,,,,,,,,,,,,,,,,,,,,,,,,801.9506838339948,801.9589617499951,802.4448097919958,802.4448097919958,802.5178550419951,802.5178550419951,802.9982367089979,right,1.0268753330019535,None,802.9983629999988,802.9984177090009,None,,,,,,,,,,,,21049994,0,2025-12-01_12h27.08.742,tilt_mocs,2024.2.4,120.11218477836073,2025-12-01 12h27.34.412624 -0500,
2,-15.0,,391,391,0,,,,,,,,,,c+2,negs,100,right,1.4216071249975357,None,None,,,,,,,,,,,0,391,391,627,803.0086490419999,,,,,,,,,,,,,,,,,,,,,,,,,,,,,,,,,,,,,,,,,,,,,,,,,,,,,,,,,,,,,,,,803.0006427920016,803.0086490419999,803.4956854999982,803.4956854999982,803.5688579589987,803.5688579589987,804.4410967090007,right,1.4216071249975357,None,804.441195667001,804.4412388749988,None,,,,,,,,,,,,21049994,0,2025-12-01_12h27.08.742,tilt_mocs,2024.2.4,120.11218477836073,2025-12-01 12h27.34.412624 -0500,
4,0.0,,392,392,0,,,,,,,,,,c+4,noss,0,right,0.8985828750010114,None,None,,,,,,,,,,,0,392,392,954,804.448183249995,,,,,,,,,,,,,,,,,,,,,,,,,,,,,,,,,,,,,,,,,,,,,,,,,,,,,,,,,,,,,,,,804.4435146249962,804.448183249995,804.9378862500016,804.9378862500016,805.0129669589951,805.0129669589951,805.3493662089968,right,0.8985828750010114,None,805.3494924999977,805.3495449589973,None,,,,,,,,,,,,21049994,0,2025-12-01_12h27.08.742,tilt_mocs,2024.2.4,120.11218477836073,2025-12-01 12h27.34.412624 -0500,
-2,15.0,,393,393,0,,,,,,,,,,c-2,poss,100,left,1.009749249999004,None,None,,,,,,,,,,,0,393,393,25,805.3597072499979,,,,,,,,,,,,,,,,,,,,,,,,,,,,,,,,,,,,,,,,,,,,,,,,,,,,,,,,,,,,,,,,805.3516834170005,805.3597072499979,805.8457997090009,805.8457997090009,805.9187228340015,805.9187228340015,806.3817465839966,left,1.009749249999004,None,806.3819082089976,806.3819712089971,None,,,,,,,,,,,,21049994,0,2025-12-01_12h27.08.742,tilt_mocs,2024.2.4,120.11218477836073,2025-12-01 12h27.34.412624 -0500,
-1,0.0,,394,394,0,,,,,,,,,,c-1,noss,0,left,1.083533749995695,None,None,,,,,,,,,,,0,394,394,821,806.3931008340005,,,,,,,,,,,,,,,,,,,,,,,,,,,,,,,,,,,,,,,,,,,,,,,,,,,,,,,,,,,,,,,,806.3849828339953,806.3931008340005,806.8791498749997,806.8791498749997,806.9511470419966,806.9511470419966,807.4816824169975,left,1.083533749995695,None,807.4818069169996,807.4818510839978,None,,,,,,,,,,,,21049994,0,2025-12-01_12h27.08.742,tilt_mocs,2024.2.4,120.11218477836073,2025-12-01 12h27.34.412624 -0500,
0,15.0,,395,395,0,,,,,,,,,,c+0,poss,100,right,0.9592057500049123,None,None,,,,,,,,,,,0,395,395,108,807.4917767919978,,,,,,,,,,,,,,,,,,,,,,,,,,,,,,,,,,,,,,,,,,,,,,,,,,,,,,,,,,,,,,,,807.483732708999,807.4917767919978,807.9791465839953,807.9791465839953,808.0520776249978,808.0520776249978,808.4540863750008,right,0.9592057500049123,None,808.4542079169987,808.4542610839999,None,,,,,,,,,,,,21049994,0,2025-12-01_12h27.08.742,tilt_mocs,2024.2.4,120.11218477836073,2025-12-01 12h27.34.412624 -0500,
-2,15.0,,396,396,0,,,,,,,,,,c-2,poss,100,left,1.137125332999858,None,None,,,,,,,,,,,0,396,396,9,808.4643615419991,,,,,,,,,,,,,,,,,,,,,,,,,,,,,,,,,,,,,,,,,,,,,,,,,,,,,,,,,,,,,,,,808.456135542001,808.4643615419991,808.9550679999957,808.9550679999957,809.0298947920019,809.0298947920019,809.6046189170011,left,1.137125332999858,None,809.6047504999951,809.6048058749948,None,,,,,,,,,,,,21049994,0,2025-12-01_12h27.08.742,tilt_mocs,2024.2.4,120.11218477836073,2025-12-01 12h27.34.412624 -0500,
6,15.0,,397,397,0,,,,,,,,,,c+6,poss,100,right,1.06442666699877,None,None,,,,,,,,,,,0,397,397,265,809.6152047919968,,,,,,,,,,,,,,,,,,,,,,,,,,,,,,,,,,,,,,,,,,,,,,,,,,,,,,,,,,,,,,,,809.6070029170005,809.6152047919968,810.1053897499951,810.1053897499951,810.1800751249975,810.1800751249975,810.6821320000017,right,1.06442666699877,None,810.6822571669982,810.6823102919952,None,,,,,,,,,,,,21049994,0,2025-12-01_12h27.08.742,tilt_mocs,2024.2.4,120.11218477836073,2025-12-01 12h27.34.412624 -0500,
-2,15.0,,398,398,0,,,,,,,,,,c-2,poss,100,left,1.0470306670031277,None,None,,,,,,,,,,,0,398,398,41,810.6921883339965,,,,,,,,,,,,,,,,,,,,,,,,,,,,,,,,,,,,,,,,,,,,,,,,,,,,,,,,,,,,,,,,810.6842932090003,810.6921883339965,811.1792119589954,811.1792119589954,811.2523299589957,811.2523299589957,811.7485604589965,left,1.0470306670031277,None,811.7486803749998,811.7487329169962,None,,,,,,,,,,,,21049994,0,2025-12-01_12h27.08.742,tilt_mocs,2024.2.4,120.11218477836073,2025-12-01 12h27.34.412624 -0500,
-6,-15.0,,399,399,0,,,,,,,,,,c-6,negs,100,left,0.9252073749958072,None,None,,,,,,,,,,,0,399,399,425,811.7588823339975,,,,,,,,,,,,,,,,,,,,,,,,,,,,,,,,,,,,,,,,,,,,,,,,,,,,,,,,,,,,,,,,811.750987374995,811.7588823339975,812.2460175000015,812.2460175000015,812.3185332089997,812.3185332089997,812.6876976669955,left,0.9252073749958072,None,812.6878097500012,812.6878662089948,None,,,,,,,,,,,,21049994,0,2025-12-01_12h27.08.742,tilt_mocs,2024.2.4,120.11218477836073,2025-12-01 12h27.34.412624 -0500,
1,0.0,,400,400,0,,,,,,,,,,c+1,noss,0,left,1.2937145420000888,None,None,,,,,,,,,,,0,400,400,876,812.6979710839951,,,,,,,,,,,,,,,,,,,,,,,,,,,,,,,,,,,,,,,,,,,,,,,,,,,,,,,,,,,,,,,,812.6897927499958,812.6979710839951,813.1881233339955,813.1881233339955,813.2632522089989,813.2632522089989,813.9992439999987,left,1.2937145420000888,None,813.999403709,813.9994598749981,None,,,,,,,,,,,,21049994,0,2025-12-01_12h27.08.742,tilt_mocs,2024.2.4,120.11218477836073,2025-12-01 12h27.34.412624 -0500,
0,15.0,,401,401,0,,,,,,,,,,c+0,poss,100,left,1.0483180829978664,None,None,,,,,,,,,,,0,401,401,67,814.0099408339956,,,,,,,,,,,,,,,,,,,,,,,,,,,,,,,,,,,,,,,,,,,,,,,,,,,,,,,,,,,,,,,,814.0016695419981,814.0099408339956,814.4961313749955,814.4961313749955,814.5692169589965,814.5692169589965,815.0657442090014,left,1.0483180829978664,None,815.065908042001,815.0660373749997,None,,,,,,,,,,,,21049994,0,2025-12-01_12h27.08.742,tilt_mocs,2024.2.4,120.11218477836073,2025-12-01 12h27.34.412624 -0500,
-2,15.0,,402,402,0,,,,,,,,,,c-2,poss,100,left,1.1536713340028655,None,None,,,,,,,,,,,0,402,402,34,815.0768812919996,,,,,,,,,,,,,,,,,,,,,,,,,,,,,,,,,,,,,,,,,,,,,,,,,,,,,,,,,,,,,,,,815.0684563749965,815.0768812919996,815.5628152089994,815.5628152089994,815.6358389169982,815.6358389169982,816.2335464589996,left,1.1536713340028655,None,816.233705916995,816.2337760840019,None,,,,,,,,,,,,21049994,0,2025-12-01_12h27.08.742,tilt_mocs,2024.2.4,120.11218477836073,2025-12-01 12h27.34.412624 -0500,
-2,0.0,,403,403,0,,,,,,,,,,c-2,noss,0,left,0.9080390409944812,None,None,,,,,,,,,,,0,403,403,731,816.2449337090002,,,,,,,,,,,,,,,,,,,,,,,,,,,,,,,,,,,,,,,,,,,,,,,,,,,,,,,,,,,,,,,,816.2365465839976,816.2449337090002,816.729436208996,816.729436208996,816.8032800000001,816.8032800000001,817.1653418749993,left,0.9080390409944812,None,817.1654426249952,817.1654852499996,None,,,,,,,,,,,,21049994,0,2025-12-01_12h27.08.742,tilt_mocs,2024.2.4,120.11218477836073,2025-12-01 12h27.34.412624 -0500,
-4,0.0,,404,404,0,,,,,,,,,,c-4,noss,0,left,0.9041937079964555,None,None,,,,,,,,,,,0,404,404,709,817.1754496669964,,,,,,,,,,,,,,,,,,,,,,,,,,,,,,,,,,,,,,,,,,,,,,,,,,,,,,,,,,,,,,,,817.1674109589949,817.1754496669964,817.6629092500007,817.6629092500007,817.7347467090003,817.7347467090003,818.0825680419948,left,0.9041937079964555,None,818.0827519589948,818.0828155419949,None,,,,,,,,,,,,21049994,0,2025-12-01_12h27.08.742,tilt_mocs,2024.2.4,120.11218477836073,2025-12-01 12h27.34.412624 -0500,
0,-15.0,,405,405,0,,,,,,,,,,c+0,negs,100,right,0.9620063330003177,None,None,,,,,,,,,,,0,405,405,595,818.0940497920019,,,,,,,,,,,,,,,,,,,,,,,,,,,,,,,,,,,,,,,,,,,,,,,,,,,,,,,,,,,,,,,,818.0858657499994,818.0940497920019,818.5795904999977,818.5795904999977,818.6518693339967,818.6518693339967,819.0656539589982,right,0.9620063330003177,None,819.065783375001,819.0658384589988,None,,,,,,,,,,,,21049994,0,2025-12-01_12h27.08.742,tilt_mocs,2024.2.4,120.11218477836073,2025-12-01 12h27.34.412624 -0500,
2,-15.0,,406,406,0,,,,,,,,,,c+2,negs,100,right,0.872169833004591,None,None,,,,,,,,,,,0,406,406,650,819.0759405419958,,,,,,,,,,,,,,,,,,,,,,,,,,,,,,,,,,,,,,,,,,,,,,,,,,,,,,,,,,,,,,,,819.067794124996,819.0759405419958,819.5622382500005,819.5622382500005,819.635296249995,819.635296249995,819.9552905000019,right,0.872169833004591,None,819.9554118749948,819.955465375002,None,,,,,,,,,,,,21049994,0,2025-12-01_12h27.08.742,tilt_mocs,2024.2.4,120.11218477836073,2025-12-01 12h27.34.412624 -0500,
2,-15.0,,407,407,0,,,,,,,,,,c+2,negs,100,right,1.0102887079992797,None,None,,,,,,,,,,,0,407,407,646,819.9659696250019,,,,,,,,,,,,,,,,,,,,,,,,,,,,,,,,,,,,,,,,,,,,,,,,,,,,,,,,,,,,,,,,819.9577999589965,819.9659696250019,820.4556007499996,820.4556007499996,820.5301489589983,820.5301489589983,820.9816380839984,right,1.0102887079992797,None,820.9817383339978,820.9817806669962,None,,,,,,,,,,,,21049994,0,2025-12-01_12h27.08.742,tilt_mocs,2024.2.4,120.11218477836073,2025-12-01 12h27.34.412624 -0500,
0,-15.0,,408,408,0,,,,,,,,,,c+0,negs,100,right,1.1899887499967008,None,None,,,,,,,,,,,0,408,408,583,820.991658125,,,,,,,,,,,,,,,,,,,,,,,,,,,,,,,,,,,,,,,,,,,,,,,,,,,,,,,,,,,,,,,,820.9836572499989,820.991658125,821.4797344170001,821.4797344170001,821.5518892920009,821.5518892920009,822.1885607919976,right,1.1899887499967008,None,822.188699792001,822.1887557919981,None,,,,,,,,,,,,21049994,0,2025-12-01_12h27.08.742,tilt_mocs,2024.2.4,120.11218477836073,2025-12-01 12h27.34.412624 -0500,
8,15.0,,409,409,0,,,,,,,,,,c+8,poss,100,right,0.9749989580013789,None,None,,,,,,,,,,,0,409,409,284,822.1992502089997,,,,,,,,,,,,,,,,,,,,,,,,,,,,,,,,,,,,,,,,,,,,,,,,,,,,,,,,,,,,,,,,822.1909592919983,822.1992502089997,822.688806291997,822.688806291997,822.7635379169951,822.7635379169951,823.1825416249994,right,0.9749989580013789,None,823.1826729589957,823.1827277499979,None,,,,,,,,,,,,21049994,0,2025-12-01_12h27.08.742,tilt_mocs,2024.2.4,120.11218477836073,2025-12-01 12h27.34.412624 -0500,
4,15.0,,410,410,0,,,,,,,,,,c+4,poss,100,right,1.1217399169981945,None,None,,,,,,,,,,,0,410,410,195,823.1930614590019,,,,,,,,,,,,,,,,,,,,,,,,,,,,,,,,,,,,,,,,,,,,,,,,,,,,,,,,,,,,,,,,823.1850141670002,823.1930614590019,823.6797472089966,823.6797472089966,823.7519539999994,823.7519539999994,824.3220949999959,right,1.1217399169981945,None,824.3222271249979,824.3222850419988,None,,,,,,,,,,,,21049994,0,2025-12-01_12h27.08.742,tilt_mocs,2024.2.4,120.11218477836073,2025-12-01 12h27.34.412624 -0500,
8,15.0,,411,411,0,,,,,,,,,,c+8,poss,100,right,0.9118529589977697,None,None,,,,,,,,,,,0,411,411,313,824.3326342500004,,,,,,,,,,,,,,,,,,,,,,,,,,,,,,,,,,,,,,,,,,,,,,,,,,,,,,,,,,,,,,,,824.3243614169987,824.3326342500004,824.8222295839951,824.8222295839951,824.8971358339986,824.8971358339986,825.2494084589998,right,0.9118529589977697,None,825.2495127919974,825.2495548340012,None,,,,,,,,,,,,21049994,0,2025-12-01_12h27.08.742,tilt_mocs,2024.2.4,120.11218477836073,2025-12-01 12h27.34.412624 -0500,
2,15.0,,412,412,0,,,,,,,,,,c+2,poss,100,right,0.9254790830018464,None,None,,,,,,,,,,,0,412,412,134,825.2594721669957,,,,,,,,,,,,,,,,,,,,,,,,,,,,,,,,,,,,,,,,,,,,,,,,,,,,,,,,,,,,,,,,825.2514912499973,825.2594721669957,825.7463814169969,825.7463814169969,825.8184666669986,825.8184666669986,826.1889394999962,right,0.9254790830018464,None,826.1890652500006,826.1891216250006,None,,,,,,,,,,,,21049994,0,2025-12-01_12h27.08.742,tilt_mocs,2024.2.4,120.11218477836073,2025-12-01 12h27.34.412624 -0500,
0,15.0,,413,413,0,,,,,,,,,,c+0,poss,100,right,0.9741410420028842,None,None,,,,,,,,,,,0,413,413,72,826.1994237499966,,,,,,,,,,,,,,,,,,,,,,,,,,,,,,,,,,,,,,,,,,,,,,,,,,,,,,,,,,,,,,,,826.1912167499977,826.1994237499966,826.6886547920003,826.6886547920003,826.7637666250012,826.7637666250012,827.1823999999979,right,0.9741410420028842,None,827.1825279170007,827.1825824589978,None,,,,,,,,,,,,21049994,0,2025-12-01_12h27.08.742,tilt_mocs,2024.2.4,120.11218477836073,2025-12-01 12h27.34.412624 -0500,
4,0.0,,414,414,0,,,,,,,,,,c+4,noss,0,right,0.9630991250014631,None,None,,,,,,,,,,,0,414,414,975,827.1924613340016,,,,,,,,,,,,,,,,,,,,,,,,,,,,,,,,,,,,,,,,,,,,,,,,,,,,,,,,,,,,,,,,827.1844934170003,827.1924613340016,827.679939499998,827.679939499998,827.7531694589998,827.7531694589998,828.1658370000005,right,0.9630991250014631,None,828.1659629169953,828.1660177090016,None,,,,,,,,,,,,21049994,0,2025-12-01_12h27.08.742,tilt_mocs,2024.2.4,120.11218477836073,2025-12-01 12h27.34.412624 -0500,
-8,-15.0,,415,415,0,,,,,,,,,,c-8,negs,100,left,0.9721665000033681,None,None,,,,,,,,,,,0,415,415,380,828.1762797920019,,,,,,,,,,,,,,,,,,,,,,,,,,,,,,,,,,,,,,,,,,,,,,,,,,,,,,,,,,,,,,,,828.168318666998,828.1762797920019,828.6632053339999,828.6632053339999,828.7351331669997,828.7351331669997,829.1545208749958,left,0.9721665000033681,None,829.1546432089963,829.1546897090011,None,,,,,,,,,,,,21049994,0,2025-12-01_12h27.08.742,tilt_mocs,2024.2.4,120.11218477836073,2025-12-01 12h27.34.412624 -0500,
2,15.0,,416,416,0,,,,,,,,,,c+2,poss,100,right,0.9003950410042307,None,None,,,,,,,,,,,0,416,416,140,829.1801370419998,,,,,,,,,,,,,,,,,,,,,,,,,,,,,,,,,,,,,,,,,,,,,,,,,,,,,,,,,,,,,,,,829.156604333999,829.1801370419998,829.656255666996,829.656255666996,829.7306211670002,829.7306211670002,830.0832436669953,right,0.9003950410042307,None,830.0834049170007,830.0834673339996,None,,,,,,,,,,,,21049994,0,2025-12-01_12h27.08.742,tilt_mocs,2024.2.4,120.11218477836073,2025-12-01 12h27.34.412624 -0500,
4,15.0,,417,417,0,,,,,,,,,,c+4,poss,100,right,0.8489184589998331,None,None,,,,,,,,,,,0,417,417,169,830.0941945419981,,,,,,,,,,,,,,,,,,,,,,,,,,,,,,,,,,,,,,,,,,,,,,,,,,,,,,,,,,,,,,,,830.0861222499952,830.0941945419981,830.5799792499965,830.5799792499965,830.6533951249949,830.6533951249949,830.9489370839947,right,0.8489184589998331,None,830.949042166998,830.949086708999,None,,,,,,,,,,,,21049994,0,2025-12-01_12h27.08.742,tilt_mocs,2024.2.4,120.11218477836073,2025-12-01 12h27.34.412624 -0500,
1,0.0,,418,418,0,,,,,,,,,,c+1,noss,0,right,0.9491664999950444,None,None,,,,,,,,,,,0,418,418,840,830.9591656249977,,,,,,,,,,,,,,,,,,,,,,,,,,,,,,,,,,,,,,,,,,,,,,,,,,,,,,,,,,,,,,,,830.9509776669947,830.9591656249977,831.4468375840006,831.4468375840006,831.5197530840014,831.5197530840014,831.9159681249948,right,0.9491664999950444,None,831.916095583998,831.9161497499954,None,,,,,,,,,,,,21049994,0,2025-12-01_12h27.08.742,tilt_mocs,2024.2.4,120.11218477836073,2025-12-01 12h27.34.412624 -0500,
-6,-15.0,,419,419,0,,,,,,,,,,c-6,negs,100,right,0.7929190840004594,None,None,,,,,,,,,,,0,419,419,416,831.92626475,,,,,,,,,,,,,,,,,,,,,,,,,,,,,,,,,,,,,,,,,,,,,,,,,,,,,,,,,,,,,,,,831.9183075839974,831.92626475,832.4135160000005,832.4135160000005,832.4852560840009,832.4852560840009,832.7222359169973,right,0.7929190840004594,None,832.7223546669993,832.7224097500002,None,,,,,,,,,,,,21049994,0,2025-12-01_12h27.08.742,tilt_mocs,2024.2.4,120.11218477836073,2025-12-01 12h27.34.412624 -0500,
1,0.0,,420,420,0,,,,,,,,,,c+1,noss,0,right,1.0189517499966314,None,None,,,,,,,,,,,0,420,420,879,832.7329416249995,,,,,,,,,,,,,,,,,,,,,,,,,,,,,,,,,,,,,,,,,,,,,,,,,,,,,,,,,,,,,,,,832.724701041996,832.7329416249995,833.2227900840007,833.2227900840007,833.3036498340007,833.3036498340007,833.7551185420016,right,1.0189517499966314,None,833.755214083998,833.7552555000002,None,,,,,,,,,,,,21049994,0,2025-12-01_12h27.08.742,tilt_mocs,2024.2.4,120.11218477836073,2025-12-01 12h27.34.412624 -0500,
6,15.0,,421,421,0,,,,,,,,,,c+6,poss,100,right,0.9551145000004908,None,None,,,,,,,,,,,0,421,421,225,833.7656112089971,,,,,,,,,,,,,,,,,,,,,,,,,,,,,,,,,,,,,,,,,,,,,,,,,,,,,,,,,,,,,,,,833.7571404999981,833.7656112089971,834.2556048339975,834.2556048339975,834.3306767920003,834.3306767920003,834.7311025419986,right,0.9551145000004908,None,834.7312107499965,834.7312587089982,None,,,,,,,,,,,,21049994,0,2025-12-01_12h27.08.742,tilt_mocs,2024.2.4,120.11218477836073,2025-12-01 12h27.34.412624 -0500,
6,15.0,,422,422,0,,,,,,,,,,c+6,poss,100,right,0.9541837080032565,None,None,,,,,,,,,,,0,422,422,259,834.738318249998,,,,,,,,,,,,,,,,,,,,,,,,,,,,,,,,,,,,,,,,,,,,,,,,,,,,,,,,,,,,,,,,834.7331631669949,834.738318249998,835.223286249995,835.223286249995,835.2974137089986,835.2974137089986,835.7000436669987,right,0.9541837080032565,None,835.700200291998,835.700259917001,None,,,,,,,,,,,,21049994,0,2025-12-01_12h27.08.742,tilt_mocs,2024.2.4,120.11218477836073,2025-12-01 12h27.34.412624 -0500,
-1,0.0,,423,423,0,,,,,,,,,,c-1,noss,0,left,0.9368616669962648,None,None,,,,,,,,,,,0,423,423,792,835.7107629999955,,,,,,,,,,,,,,,,,,,,,,,,,,,,,,,,,,,,,,,,,,,,,,,,,,,,,,,,,,,,,,,,835.7024852920003,835.7107629999955,836.196807417,836.196807417,836.2691682919976,836.2691682919976,836.6500738749965,left,0.9368616669962648,None,836.6501774999997,836.6502201249968,None,,,,,,,,,,,,21049994,0,2025-12-01_12h27.08.742,tilt_mocs,2024.2.4,120.11218477836073,2025-12-01 12h27.34.412624 -0500,
-6,-15.0,,424,424,0,,,,,,,,,,c-6,negs,100,left,0.9875187920042663,None,None,,,,,,,,,,,0,424,424,412,836.6600473750004,,,,,,,,,,,,,,,,,,,,,,,,,,,,,,,,,,,,,,,,,,,,,,,,,,,,,,,,,,,,,,,,836.6521439589997,836.6600473750004,837.147069916995,837.147069916995,837.2190258749979,837.2190258749979,837.6501740839958,left,0.9875187920042663,None,837.6503342919968,837.6504537090004,None,,,,,,,,,,,,21049994,0,2025-12-01_12h27.08.742,tilt_mocs,2024.2.4,120.11218477836073,2025-12-01 12h27.34.412624 -0500,
-8,-15.0,,425,425,0,,,,,,,,,,c-8,negs,100,left,0.8861977079941425,None,None,,,,,,,,,,,0,425,425,340,837.6610663749962,,,,,,,,,,,,,,,,,,,,,,,,,,,,,,,,,,,,,,,,,,,,,,,,,,,,,,,,,,,,,,,,837.6529864170006,837.6610663749962,838.1470725420004,838.1470725420004,838.2203447089996,838.2203447089996,838.549952041998,left,0.8861977079941425,None,838.5501091670012,838.5501681669994,None,,,,,,,,,,,,21049994,0,2025-12-01_12h27.08.742,tilt_mocs,2024.2.4,120.11218477836073,2025-12-01 12h27.34.412624 -0500,
4,15.0,,426,426,0,,,,,,,,,,c+4,poss,100,right,1.0062276250027935,None,None,,,,,,,,,,,0,426,426,223,838.561058542,,,,,,,,,,,,,,,,,,,,,,,,,,,,,,,,,,,,,,,,,,,,,,,,,,,,,,,,,,,,,,,,838.5525419170008,838.561058542,839.056515749995,839.056515749995,839.1308430839999,839.1308430839999,839.5713302919976,right,1.0062276250027935,None,839.5714274999991,839.5714693339978,None,,,,,,,,,,,,21049994,0,2025-12-01_12h27.08.742,tilt_mocs,2024.2.4,120.11218477836073,2025-12-01 12h27.34.412624 -0500,
6,15.0,,427,427,0,,,,,,,,,,c+6,poss,100,right,0.8574542079950334,None,None,,,,,,,,,,,0,427,427,269,839.5972046669995,,,,,,,,,,,,,,,,,,,,,,,,,,,,,,,,,,,,,,,,,,,,,,,,,,,,,,,,,,,,,,,,839.573336292,839.5972046669995,840.0730375839994,840.0730375839994,840.1476021249982,840.1476021249982,840.465030333995,right,0.8574542079950334,None,840.4651301249978,840.4651863749968,None,,,,,,,,,,,,21049994,0,2025-12-01_12h27.08.742,tilt_mocs,2024.2.4,120.11218477836073,2025-12-01 12h27.34.412624 -0500,
-4,-15.0,,428,428,0,,,,,,,,,,c-4,negs,100,right,1.2094936249995953,None,None,,,,,,,,,,,0,428,428,478,840.4725307089975,,,,,,,,,,,,,,,,,,,,,,,,,,,,,,,,,,,,,,,,,,,,,,,,,,,,,,,,,,,,,,,,840.4670626250008,840.4725307089975,840.9562729999961,840.9562729999961,841.0310149169964,841.0310149169964,841.6885903340008,right,1.2094936249995953,None,841.6887094589983,841.6887803339996,None,,,,,,,,,,,,21049994,0,2025-12-01_12h27.08.742,tilt_mocs,2024.2.4,120.11218477836073,2025-12-01 12h27.34.412624 -0500,
-2,-15.0,,429,429,0,,,,,,,,,,c-2,negs,100,right,1.065205833001528,None,None,,,,,,,,,,,0,429,429,537,841.6992089170017,,,,,,,,,,,,,,,,,,,,,,,,,,,,,,,,,,,,,,,,,,,,,,,,,,,,,,,,,,,,,,,,841.6907191669961,841.6992089170017,842.1887789999964,842.1887789999964,842.2643262919955,842.2643262919955,842.7669420839957,right,1.065205833001528,None,842.7670827089969,842.7671400839972,None,,,,,,,,,,,,21049994,0,2025-12-01_12h27.08.742,tilt_mocs,2024.2.4,120.11218477836073,2025-12-01 12h27.34.412624 -0500,
4,15.0,,430,430,0,,,,,,,,,,c+4,poss,100,right,1.0602541670014034,None,None,,,,,,,,,,,0,430,430,196,842.7776702920019,,,,,,,,,,,,,,,,,,,,,,,,,,,,,,,,,,,,,,,,,,,,,,,,,,,,,,,,,,,,,,,,842.7695985839964,842.7776702920019,843.263860334002,843.263860334002,843.335898624995,843.335898624995,843.8496742499992,right,1.0602541670014034,None,843.8498017499951,843.8498575839985,None,,,,,,,,,,,,21049994,0,2025-12-01_12h27.08.742,tilt_mocs,2024.2.4,120.11218477836073,2025-12-01 12h27.34.412624 -0500,
-4,-15.0,,431,431,0,,,,,,,,,,c-4,negs,100,left,1.0831821249958011,None,None,,,,,,,,,,,0,431,431,455,843.8598884589956,,,,,,,,,,,,,,,,,,,,,,,,,,,,,,,,,,,,,,,,,,,,,,,,,,,,,,,,,,,,,,,,843.8518976669948,843.8598884589956,844.3471049169966,844.3471049169966,844.420093834,844.420093834,844.9497638749963,left,1.0831821249958011,None,844.9498957089963,844.9499514589988,None,,,,,,,,,,,,21049994,0,2025-12-01_12h27.08.742,tilt_mocs,2024.2.4,120.11218477836073,2025-12-01 12h27.34.412624 -0500,
2,15.0,,432,432,0,,,,,,,,,,c+2,poss,100,right,0.8535437909959,None,None,,,,,,,,,,,0,432,432,150,844.960240249995,,,,,,,,,,,,,,,,,,,,,,,,,,,,,,,,,,,,,,,,,,,,,,,,,,,,,,,,,,,,,,,,844.952086792,844.960240249995,845.447338209,845.447338209,845.5193125840015,845.5193125840015,845.8164449589967,right,0.8535437909959,None,845.8165462499965,845.816588624999,None,,,,,,,,,,,,21049994,0,2025-12-01_12h27.08.742,tilt_mocs,2024.2.4,120.11218477836073,2025-12-01 12h27.34.412624 -0500,
6,15.0,,433,433,0,,,,,,,,,,c+6,poss,100,right,0.9837605829961831,None,None,,,,,,,,,,,0,433,433,237,845.8267112499962,,,,,,,,,,,,,,,,,,,,,,,,,,,,,,,,,,,,,,,,,,,,,,,,,,,,,,,,,,,,,,,,845.8184631249969,845.8267112499962,846.313880458998,846.313880458998,846.3860842499998,846.3860842499998,846.8163396249947,right,0.9837605829961831,None,846.8164398340014,846.8164833749979,None,,,,,,,,,,,,21049994,0,2025-12-01_12h27.08.742,tilt_mocs,2024.2.4,120.11218477836073,2025-12-01 12h27.34.412624 -0500,
0,15.0,,434,434,0,,,,,,,,,,c+0,poss,100,left,1.0409837909974158,None,None,,,,,,,,,,,0,434,434,85,846.8263166249963,,,,,,,,,,,,,,,,,,,,,,,,,,,,,,,,,,,,,,,,,,,,,,,,,,,,,,,,,,,,,,,,846.8183714170009,846.8263166249963,847.3140251669975,847.3140251669975,847.3855849999964,847.3855849999964,847.8718965840017,left,1.0409837909974158,None,847.8720162499958,847.8720684590007,None,,,,,,,,,,,,21049994,0,2025-12-01_12h27.08.742,tilt_mocs,2024.2.4,120.11218477836073,2025-12-01 12h27.34.412624 -0500,
-4,-15.0,,435,435,0,,,,,,,,,,c-4,negs,100,left,1.2256742499957909,None,None,,,,,,,,,,,0,435,435,483,847.8975158749963,,,,,,,,,,,,,,,,,,,,,,,,,,,,,,,,,,,,,,,,,,,,,,,,,,,,,,,,,,,,,,,,847.8741819999996,847.8975158749963,848.3735156249968,848.3735156249968,848.4478135419995,848.4478135419995,849.133266375,left,1.2256742499957909,None,849.1334005419994,849.1334543339981,None,,,,,,,,,,,,21049994,0,2025-12-01_12h27.08.742,tilt_mocs,2024.2.4,120.11218477836073,2025-12-01 12h27.34.412624 -0500,
0,15.0,,436,436,0,,,,,,,,,,c+0,poss,100,left,1.0783113750003395,None,None,,,,,,,,,,,0,436,436,59,849.1432448339983,,,,,,,,,,,,,,,,,,,,,,,,,,,,,,,,,,,,,,,,,,,,,,,,,,,,,,,,,,,,,,,,849.1354652500013,849.1432448339983,849.6308252089948,849.6308252089948,849.7036874999976,849.7036874999976,850.231675791998,left,1.0783113750003395,None,850.2317799169978,850.2318220000016,None,,,,,,,,,,,,21049994,0,2025-12-01_12h27.08.742,tilt_mocs,2024.2.4,120.11218477836073,2025-12-01 12h27.34.412624 -0500,
-4,-15.0,,437,437,0,,,,,,,,,,c-4,negs,100,left,0.9587027500019758,None,None,,,,,,,,,,,0,437,437,491,850.2389037920002,,,,,,,,,,,,,,,,,,,,,,,,,,,,,,,,,,,,,,,,,,,,,,,,,,,,,,,,,,,,,,,,850.2337317499987,850.2389037920002,850.7225401670003,850.7225401670003,850.7978080839966,850.7978080839966,851.2001189169969,left,0.9587027500019758,None,851.200245,851.2002981249971,None,,,,,,,,,,,,21049994,0,2025-12-01_12h27.08.742,tilt_mocs,2024.2.4,120.11218477836073,2025-12-01 12h27.34.412624 -0500,
4,15.0,,438,438,0,,,,,,,,,,c+4,poss,100,right,0.9390431249994435,None,None,,,,,,,,,,,0,438,438,203,851.2104933340015,,,,,,,,,,,,,,,,,,,,,,,,,,,,,,,,,,,,,,,,,,,,,,,,,,,,,,,,,,,,,,,,851.202540792001,851.2104933340015,851.6974116249985,851.6974116249985,851.7698207499998,851.7698207499998,852.1554245000007,right,0.9390431249994435,None,852.1555220000009,852.1555645839981,None,,,,,,,,,,,,21049994,0,2025-12-01_12h27.08.742,tilt_mocs,2024.2.4,120.11218477836073,2025-12-01 12h27.34.412624 -0500,
-2,-15.0,,439,439,0,,,,,,,,,,c-2,negs,100,left,1.2170745409966912,None,None,,,,,,,,,,,0,439,439,557,852.1810054999951,,,,,,,,,,,,,,,,,,,,,,,,,,,,,,,,,,,,,,,,,,,,,,,,,,,,,,,,,,,,,,,,852.1574820419992,852.1810054999951,852.6564250839947,852.6564250839947,852.7314093749956,852.7314093749956,853.4004251669976,left,1.2170745409966912,None,853.4005495839956,853.4006025419949,None,,,,,,,,,,,,21049994,0,2025-12-01_12h27.08.742,tilt_mocs,2024.2.4,120.11218477836073,2025-12-01 12h27.34.412624 -0500,
-1,0.0,,440,440,0,,,,,,,,,,c-1,noss,0,left,1.177794791998167,None,None,,,,,,,,,,,0,440,440,823,853.4105686670009,,,,,,,,,,,,,,,,,,,,,,,,,,,,,,,,,,,,,,,,,,,,,,,,,,,,,,,,,,,,,,,,853.4025532500018,853.4105686670009,853.8976227919993,853.8976227919993,853.9705657090017,853.9705657090017,854.6000974169947,left,1.177794791998167,None,854.6002242920003,854.6002793750013,None,,,,,,,,,,,,21049994,0,2025-12-01_12h27.08.742,tilt_mocs,2024.2.4,120.11218477836073,2025-12-01 12h27.34.412624 -0500,
0,15.0,,441,441,0,,,,,,,,,,c+0,poss,100,left,1.11131587500131,None,None,,,,,,,,,,,0,441,441,103,854.6104968340005,,,,,,,,,,,,,,,,,,,,,,,,,,,,,,,,,,,,,,,,,,,,,,,,,,,,,,,,,,,,,,,,854.6025355839956,854.6104968340005,855.0974932499958,855.0974932499958,855.169310624995,855.169310624995,855.7336609589984,left,1.11131587500131,None,855.7337834999998,855.7338369589997,None,,,,,,,,,,,,21049994,0,2025-12-01_12h27.08.742,tilt_mocs,2024.2.4,120.11218477836073,2025-12-01 12h27.34.412624 -0500,
-8,-15.0,,442,442,0,,,,,,,,,,c-8,negs,100,left,0.9551761660040938,None,None,,,,,,,,,,,0,442,442,347,855.7438909999983,,,,,,,,,,,,,,,,,,,,,,,,,,,,,,,,,,,,,,,,,,,,,,,,,,,,,,,,,,,,,,,,855.7358984999955,855.7438909999983,856.2311665000016,856.2311665000016,856.3032626249988,856.3032626249988,856.709971874996,left,0.9551761660040938,None,856.7100714999979,856.710117249997,None,,,,,,,,,,,,21049994,0,2025-12-01_12h27.08.742,tilt_mocs,2024.2.4,120.11218477836073,2025-12-01 12h27.34.412624 -0500,
0,-15.0,,443,443,0,,,,,,,,,,c+0,negs,100,right,0.974691959003394,None,None,,,,,,,,,,,0,443,443,586,856.7167857499953,,,,,,,,,,,,,,,,,,,,,,,,,,,,,,,,,,,,,,,,,,,,,,,,,,,,,,,,,,,,,,,,856.7120122089982,856.7167857499953,857.2066128750012,857.2066128750012,857.2815943339956,857.2815943339956,857.7003141669993,right,0.974691959003394,None,857.7004149589993,857.7004577089974,None,,,,,,,,,,,,21049994,0,2025-12-01_12h27.08.742,tilt_mocs,2024.2.4,120.11218477836073,2025-12-01 12h27.34.412624 -0500,
2,15.0,,444,444,0,,,,,,,,,,c+2,poss,100,right,0.8711132079988602,None,None,,,,,,,,,,,0,444,444,164,857.7101795419949,,,,,,,,,,,,,,,,,,,,,,,,,,,,,,,,,,,,,,,,,,,,,,,,,,,,,,,,,,,,,,,,857.7023461249992,857.7101795419949,858.1976592919964,858.1976592919964,858.2706417090012,858.2706417090012,858.5836716249978,right,0.8711132079988602,None,858.5837759169954,858.5838177499973,None,,,,,,,,,,,,21049994,0,2025-12-01_12h27.08.742,tilt_mocs,2024.2.4,120.11218477836073,2025-12-01 12h27.34.412624 -0500,
4,0.0,,445,445,0,,,,,,,,,,c+4,noss,0,right,1.100082167002256,None,None,,,,,,,,,,,0,445,445,982,858.5936635839971,,,,,,,,,,,,,,,,,,,,,,,,,,,,,,,,,,,,,,,,,,,,,,,,,,,,,,,,,,,,,,,,858.5856854589947,858.5936635839971,859.0810229999988,859.0810229999988,859.1531899589972,859.1531899589972,859.7004594169994,right,1.100082167002256,None,859.7005881250006,859.7006455419978,None,,,,,,,,,,,,21049994,0,2025-12-01_12h27.08.742,tilt_mocs,2024.2.4,120.11218477836073,2025-12-01 12h27.34.412624 -0500,
1,0.0,,446,446,0,,,,,,,,,,c+1,noss,0,right,0.8581310419976944,None,None,,,,,,,,,,,0,446,446,891,859.7107209589958,,,,,,,,,,,,,,,,,,,,,,,,,,,,,,,,,,,,,,,,,,,,,,,,,,,,,,,,,,,,,,,,859.7027474169954,859.7107209589958,860.1977667089959,860.1977667089959,860.2707568749975,860.2707568749975,860.572775708999,right,0.8581310419976944,None,860.5729025420005,860.5729560420004,None,,,,,,,,,,,,21049994,0,2025-12-01_12h27.08.742,tilt_mocs,2024.2.4,120.11218477836073,2025-12-01 12h27.34.412624 -0500,
2,15.0,,447,447,0,,,,,,,,,,c+2,poss,100,right,0.9201499160044477,None,None,,,,,,,,,,,0,447,447,122,860.5830330419994,,,,,,,,,,,,,,,,,,,,,,,,,,,,,,,,,,,,,,,,,,,,,,,,,,,,,,,,,,,,,,,,860.5749075419953,860.5830330419994,861.0731457500005,861.0731457500005,861.1481209999984,861.1481209999984,861.5065679170002,right,0.9201499160044477,None,861.506688124995,861.5067364999995,None,,,,,,,,,,,,21049994,0,2025-12-01_12h27.08.742,tilt_mocs,2024.2.4,120.11218477836073,2025-12-01 12h27.34.412624 -0500,
-4,-15.0,,448,448,0,,,,,,,,,,c-4,negs,100,left,1.1324277080057072,None,None,,,,,,,,,,,0,448,448,502,861.5166205839996,,,,,,,,,,,,,,,,,,,,,,,,,,,,,,,,,,,,,,,,,,,,,,,,,,,,,,,,,,,,,,,,861.5086360839996,861.5166205839996,862.0069527500018,862.0069527500018,862.0816639170007,862.0816639170007,862.6519183749988,left,1.1324277080057072,None,862.6521135000003,862.6521872919984,None,,,,,,,,,,,,21049994,0,2025-12-01_12h27.08.742,tilt_mocs,2024.2.4,120.11218477836073,2025-12-01 12h27.34.412624 -0500,
8,15.0,,449,449,0,,,,,,,,,,c+8,poss,100,right,0.9204204170018784,None,None,,,,,,,,,,,0,449,449,280,862.6633405839966,,,,,,,,,,,,,,,,,,,,,,,,,,,,,,,,,,,,,,,,,,,,,,,,,,,,,,,,,,,,,,,,862.6549612919989,862.6633405839966,863.1478920419977,863.1478920419977,863.2204470840006,863.2204470840006,863.589290291995,right,0.9204204170018784,None,863.5894152920009,863.5894679589983,None,,,,,,,,,,,,21049994,0,2025-12-01_12h27.08.742,tilt_mocs,2024.2.4,120.11218477836073,2025-12-01 12h27.34.412624 -0500,
-2,15.0,,450,450,0,,,,,,,,,,c-2,poss,100,left,1.0047938330026227,None,None,,,,,,,,,,,0,450,450,14,863.6000694999966,,,,,,,,,,,,,,,,,,,,,,,,,,,,,,,,,,,,,,,,,,,,,,,,,,,,,,,,,,,,,,,,863.5914321249948,863.6000694999966,864.0903435,864.0903435,864.1651314170012,864.1651314170012,864.6172899999947,left,1.0047938330026227,None,864.6174131250009,864.6174657090014,None,,,,,,,,,,,,21049994,0,2025-12-01_12h27.08.742,tilt_mocs,2024.2.4,120.11218477836073,2025-12-01 12h27.34.412624 -0500,
2,-15.0,,451,451,0,,,,,,,,,,c+2,negs,100,right,0.9432381669976166,None,None,,,,,,,,,,,0,451,451,657,864.6275235840003,,,,,,,,,,,,,,,,,,,,,,,,,,,,,,,,,,,,,,,,,,,,,,,,,,,,,,,,,,,,,,,,864.6194847919978,864.6275235840003,865.1145824589985,865.1145824589985,865.1865924169979,865.1865924169979,865.5732229999994,right,0.9432381669976166,None,865.5733477089962,865.5734012499961,None,,,,,,,,,,,,21049994,0,2025-12-01_12h27.08.742,tilt_mocs,2024.2.4,120.11218477836073,2025-12-01 12h27.34.412624 -0500,
1,0.0,,452,452,0,,,,,,,,,,c+1,noss,0,right,1.031041374997585,None,None,,,,,,,,,,,0,452,452,877,865.5839749590014,,,,,,,,,,,,,,,,,,,,,,,,,,,,,,,,,,,,,,,,,,,,,,,,,,,,,,,,,,,,,,,,865.5757698749949,865.5839749590014,866.0733293340018,866.0733293340018,866.1485114169991,866.1485114169991,866.6178742920019,right,1.031041374997585,None,866.6180113750015,866.6180664589992,None,,,,,,,,,,,,21049994,0,2025-12-01_12h27.08.742,tilt_mocs,2024.2.4,120.11218477836073,2025-12-01 12h27.34.412624 -0500,
2,15.0,,453,453,0,,,,,,,,,,c+2,poss,100,right,1.0700732919940492,None,None,,,,,,,,,,,0,453,453,165,866.6284948749962,,,,,,,,,,,,,,,,,,,,,,,,,,,,,,,,,,,,,,,,,,,,,,,,,,,,,,,,,,,,,,,,866.6203559999994,866.6284948749962,867.1147612919958,867.1147612919958,867.1875276669962,867.1875276669962,867.7010331249985,right,1.0700732919940492,None,867.7011623340004,867.7012158750003,None,,,,,,,,,,,,21049994,0,2025-12-01_12h27.08.742,tilt_mocs,2024.2.4,120.11218477836073,2025-12-01 12h27.34.412624 -0500,
2,0.0,,454,454,0,,,,,,,,,,c+2,noss,0,right,0.9252830830009771,None,None,,,,,,,,,,,0,454,454,917,867.711469834001,,,,,,,,,,,,,,,,,,,,,,,,,,,,,,,,,,,,,,,,,,,,,,,,,,,,,,,,,,,,,,,,867.7034290839947,867.711469834001,868.198011333996,868.198011333996,868.2699744589991,868.2699744589991,868.6393534999952,right,0.9252830830009771,None,868.6394771249979,868.639530374996,None,,,,,,,,,,,,21049994,0,2025-12-01_12h27.08.742,tilt_mocs,2024.2.4,120.11218477836073,2025-12-01 12h27.34.412624 -0500,
-2,0.0,,455,455,0,,,,,,,,,,c-2,noss,0,right,0.9144650410016766,None,None,,,,,,,,,,,0,455,455,759,868.6500691670008,,,,,,,,,,,,,,,,,,,,,,,,,,,,,,,,,,,,,,,,,,,,,,,,,,,,,,,,,,,,,,,,868.6417416249969,868.6500691670008,869.1414366249955,869.1414366249955,869.2153287499968,869.2153287499968,869.5675134589983,right,0.9144650410016766,None,869.5676364999963,869.5676897500016,None,,,,,,,,,,,,21049994,0,2025-12-01_12h27.08.742,tilt_mocs,2024.2.4,120.11218477836073,2025-12-01 12h27.34.412624 -0500,
2,0.0,,456,456,0,,,,,,,,,,c+2,noss,0,right,0.8849726249973173,None,None,,,,,,,,,,,0,456,456,935,869.577814749995,,,,,,,,,,,,,,,,,,,,,,,,,,,,,,,,,,,,,,,,,,,,,,,,,,,,,,,,,,,,,,,,869.5697539169996,869.577814749995,870.0646994589988,870.0646994589988,870.136761709,870.136761709,870.4670752499951,right,0.8849726249973173,None,870.4671771669964,870.4672200839996,None,,,,,,,,,,,,21049994,0,2025-12-01_12h27.08.742,tilt_mocs,2024.2.4,120.11218477836073,2025-12-01 12h27.34.412624 -0500,
-8,-15.0,,457,457,0,,,,,,,,,,c-8,negs,100,left,0.9801003750035306,None,None,,,,,,,,,,,0,457,457,363,870.4771370839953,,,,,,,,,,,,,,,,,,,,,,,,,,,,,,,,,,,,,,,,,,,,,,,,,,,,,,,,,,,,,,,,870.4691178339999,870.4771370839953,870.9647797500002,870.9647797500002,871.0364455839954,871.0364455839954,871.4675305839992,left,0.9801003750035306,None,871.4676827090007,871.4677579169947,None,,,,,,,,,,,,21049994,0,2025-12-01_12h27.08.742,tilt_mocs,2024.2.4,120.11218477836073,2025-12-01 12h27.34.412624 -0500,
-6,-15.0,,458,458,0,,,,,,,,,,c-6,negs,100,left,0.8812764999966021,None,None,,,,,,,,,,,0,458,458,408,871.4792248340018,,,,,,,,,,,,,,,,,,,,,,,,,,,,,,,,,,,,,,,,,,,,,,,,,,,,,,,,,,,,,,,,871.4708412920008,871.4792248340018,871.9649226670008,871.9649226670008,872.0369831249991,872.0369831249991,872.3674431249965,left,0.8812764999966021,None,872.3675708750015,872.3676244999951,None,,,,,,,,,,,,21049994,0,2025-12-01_12h27.08.742,tilt_mocs,2024.2.4,120.11218477836073,2025-12-01 12h27.34.412624 -0500,
-2,15.0,,459,459,0,,,,,,,,,,c-2,poss,100,left,1.0039012499983073,None,None,,,,,,,,,,,0,459,459,3,872.3780261669963,,,,,,,,,,,,,,,,,,,,,,,,,,,,,,,,,,,,,,,,,,,,,,,,,,,,,,,,,,,,,,,,872.3699604590001,872.3780261669963,872.8650605000003,872.8650605000003,872.9379594999991,872.9379594999991,873.3848729169986,left,1.0039012499983073,None,873.3850470420002,873.3851102499975,None,,,,,,,,,,,,21049994,0,2025-12-01_12h27.08.742,tilt_mocs,2024.2.4,120.11218477836073,2025-12-01 12h27.34.412624 -0500,
-2,-15.0,,460,460,0,,,,,,,,,,c-2,negs,100,left,0.8869718749992899,None,None,,,,,,,,,,,0,460,460,521,873.3967686249962,,,,,,,,,,,,,,,,,,,,,,,,,,,,,,,,,,,,,,,,,,,,,,,,,,,,,,,,,,,,,,,,873.3885505840008,873.3967686249962,873.8816561249987,873.8816561249987,873.9533391250006,873.9533391250006,874.2911209169979,left,0.8869718749992899,None,874.291267749999,874.2913289999997,None,,,,,,,,,,,,21049994,0,2025-12-01_12h27.08.742,tilt_mocs,2024.2.4,120.11218477836073,2025-12-01 12h27.34.412624 -0500,
1,0.0,,461,461,0,,,,,,,,,,c+1,noss,0,left,0.8530727920006029,None,None,,,,,,,,,,,0,461,461,868,874.3019223750016,,,,,,,,,,,,,,,,,,,,,,,,,,,,,,,,,,,,,,,,,,,,,,,,,,,,,,,,,,,,,,,,874.294210084001,874.3019223750016,874.790269541998,874.790269541998,874.8654859169983,874.8654859169983,875.1573360420007,left,0.8530727920006029,None,875.1574387919973,875.1574967919951,None,,,,,,,,,,,,21049994,0,2025-12-01_12h27.08.742,tilt_mocs,2024.2.4,120.11218477836073,2025-12-01 12h27.34.412624 -0500,
2,15.0,,462,462,0,,,,,,,,,,c+2,poss,100,right,0.8978764999992563,None,None,,,,,,,,,,,0,462,462,162,875.1676366249958,,,,,,,,,,,,,,,,,,,,,,,,,,,,,,,,,,,,,,,,,,,,,,,,,,,,,,,,,,,,,,,,875.1594304589962,875.1676366249958,875.6568743339958,875.6568743339958,875.732439667001,875.732439667001,876.0679672089973,right,0.8978764999992563,None,876.0680938750011,876.0681479589985,None,,,,,,,,,,,,21049994,0,2025-12-01_12h27.08.742,tilt_mocs,2024.2.4,120.11218477836073,2025-12-01 12h27.34.412624 -0500,
6,15.0,,463,463,0,,,,,,,,,,c+6,poss,100,right,1.1041038749972358,None,None,,,,,,,,,,,0,463,463,247,876.0784081249949,,,,,,,,,,,,,,,,,,,,,,,,,,,,,,,,,,,,,,,,,,,,,,,,,,,,,,,,,,,,,,,,876.0704889999979,876.0784081249949,876.5649762920002,876.5649762920002,876.6371987089951,876.6371987089951,877.185118166999,right,1.1041038749972358,None,877.1853570419989,877.1854479999965,None,,,,,,,,,,,,21049994,0,2025-12-01_12h27.08.742,tilt_mocs,2024.2.4,120.11218477836073,2025-12-01 12h27.34.412624 -0500,
-4,-15.0,,464,464,0,,,,,,,,,,c-4,negs,100,left,0.9249164590000873,None,None,,,,,,,,,,,0,464,464,464,877.1964265839997,,,,,,,,,,,,,,,,,,,,,,,,,,,,,,,,,,,,,,,,,,,,,,,,,,,,,,,,,,,,,,,,877.1881306249998,877.1964265839997,877.6817388749987,877.6817388749987,877.7552532089976,877.7552532089976,878.1236754999991,left,0.9249164590000873,None,878.123777959001,878.1238204589972,None,,,,,,,,,,,,21049994,0,2025-12-01_12h27.08.742,tilt_mocs,2024.2.4,120.11218477836073,2025-12-01 12h27.34.412624 -0500,
-6,-15.0,,465,465,0,,,,,,,,,,c-6,negs,100,left,0.9740912500055856,None,None,,,,,,,,,,,0,465,465,393,878.1339710419998,,,,,,,,,,,,,,,,,,,,,,,,,,,,,,,,,,,,,,,,,,,,,,,,,,,,,,,,,,,,,,,,878.1257149590019,878.1339710419998,878.6239952089963,878.6239952089963,878.6989465000006,878.6989465000006,879.1179397500018,left,0.9740912500055856,None,879.1180660839964,879.1181203749948,None,,,,,,,,,,,,21049994,0,2025-12-01_12h27.08.742,tilt_mocs,2024.2.4,120.11218477836073,2025-12-01 12h27.34.412624 -0500,
4,15.0,,466,466,0,,,,,,,,,,c+4,poss,100,right,1.1112704999977723,None,None,,,,,,,,,,,0,466,466,178,879.1283667089956,,,,,,,,,,,,,,,,,,,,,,,,,,,,,,,,,,,,,,,,,,,,,,,,,,,,,,,,,,,,,,,,879.1203138339988,879.1283667089956,879.6152055839993,879.6152055839993,879.687401833995,879.687401833995,880.2510326249976,right,1.1112704999977723,None,880.2511329170011,880.2511752089995,None,,,,,,,,,,,,21049994,0,2025-12-01_12h27.08.742,tilt_mocs,2024.2.4,120.11218477836073,2025-12-01 12h27.34.412624 -0500,
8,15.0,,467,467,0,,,,,,,,,,c+8,poss,100,right,0.9216409579967149,None,None,,,,,,,,,,,0,467,467,305,880.2610665839966,,,,,,,,,,,,,,,,,,,,,,,,,,,,,,,,,,,,,,,,,,,,,,,,,,,,,,,,,,,,,,,,880.2530869999973,880.2610665839966,880.7486874999959,880.7486874999959,880.8211356669999,880.8211356669999,881.1855209589994,right,0.9216409579967149,None,881.1856789589947,881.185739374996,None,,,,,,,,,,,,21049994,0,2025-12-01_12h27.08.742,tilt_mocs,2024.2.4,120.11218477836073,2025-12-01 12h27.34.412624 -0500,
8,15.0,,468,468,0,,,,,,,,,,c+8,poss,100,right,1.022016374998202,None,None,,,,,,,,,,,0,468,468,290,881.1970509999956,,,,,,,,,,,,,,,,,,,,,,,,,,,,,,,,,,,,,,,,,,,,,,,,,,,,,,,,,,,,,,,,881.1883903749986,881.1970509999956,881.6818205000018,881.6818205000018,881.7542591249949,881.7542591249949,882.2232207499983,right,1.022016374998202,None,882.2233395840012,882.2233925420005,None,,,,,,,,,,,,21049994,0,2025-12-01_12h27.08.742,tilt_mocs,2024.2.4,120.11218477836073,2025-12-01 12h27.34.412624 -0500,
2,0.0,,469,469,0,,,,,,,,,,c+2,noss,0,right,1.086623041999701,None,None,,,,,,,,,,,0,469,469,932,882.2337230839985,,,,,,,,,,,,,,,,,,,,,,,,,,,,,,,,,,,,,,,,,,,,,,,,,,,,,,,,,,,,,,,,882.2253863340011,882.2337230839985,882.7239211669948,882.7239211669948,882.7989587499978,882.7989587499978,883.3231720839976,right,1.086623041999701,None,883.3233828340017,883.3234779589984,None,,,,,,,,,,,,21049994,0,2025-12-01_12h27.08.742,tilt_mocs,2024.2.4,120.11218477836073,2025-12-01 12h27.34.412624 -0500,
4,15.0,,470,470,0,,,,,,,,,,c+4,poss,100,right,0.9315415000019129,None,None,,,,,,,,,,,0,470,470,188,883.3343795839974,,,,,,,,,,,,,,,,,,,,,,,,,,,,,,,,,,,,,,,,,,,,,,,,,,,,,,,,,,,,,,,,883.3258907919953,883.3343795839974,883.824414374998,883.824414374998,883.8991754169983,883.8991754169983,884.2689960419957,right,0.9315415000019129,None,884.2691365840001,884.2691935420007,None,,,,,,,,,,,,21049994,0,2025-12-01_12h27.08.742,tilt_mocs,2024.2.4,120.11218477836073,2025-12-01 12h27.34.412624 -0500,
0,-15.0,,471,471,0,,,,,,,,,,c+0,negs,100,right,0.9870267080041231,None,None,,,,,,,,,,,0,471,471,605,884.2802032089967,,,,,,,,,,,,,,,,,,,,,,,,,,,,,,,,,,,,,,,,,,,,,,,,,,,,,,,,,,,,,,,,884.2716911669995,884.2802032089967,884.7655586670007,884.7655586670007,884.8380403339979,884.8380403339979,885.2742036669952,right,0.9870267080041231,None,885.2742991249979,885.2743406250011,None,,,,,,,,,,,,21049994,0,2025-12-01_12h27.08.742,tilt_mocs,2024.2.4,120.11218477836073,2025-12-01 12h27.34.412624 -0500,
-8,-15.0,,472,472,0,,,,,,,,,,c-8,negs,100,left,0.9668375000037486,None,None,,,,,,,,,,,0,472,472,351,885.2843033339959,,,,,,,,,,,,,,,,,,,,,,,,,,,,,,,,,,,,,,,,,,,,,,,,,,,,,,,,,,,,,,,,885.2762302499978,885.2843033339959,885.7740539169972,885.7740539169972,885.8494379170006,885.8494379170006,886.2563805419995,left,0.9668375000037486,None,886.256478999996,886.2565212089976,None,,,,,,,,,,,,21049994,0,2025-12-01_12h27.08.742,tilt_mocs,2024.2.4,120.11218477836073,2025-12-01 12h27.34.412624 -0500,
4,15.0,,473,473,0,,,,,,,,,,c+4,poss,100,right,1.1003142499976093,None,None,,,,,,,,,,,0,473,473,192,886.2822994169983,,,,,,,,,,,,,,,,,,,,,,,,,,,,,,,,,,,,,,,,,,,,,,,,,,,,,,,,,,,,,,,,886.2584159999969,886.2822994169983,886.7583411669984,886.7583411669984,886.8326727499953,886.8326727499953,887.3853105839953,right,1.1003142499976093,None,887.3854525419956,887.3855086249969,None,,,,,,,,,,,,21049994,0,2025-12-01_12h27.08.742,tilt_mocs,2024.2.4,120.11218477836073,2025-12-01 12h27.34.412624 -0500,
0,15.0,,474,474,0,,,,,,,,,,c+0,poss,100,left,1.0432921250030631,None,None,,,,,,,,,,,0,474,474,64,887.3960411250009,,,,,,,,,,,,,,,,,,,,,,,,,,,,,,,,,,,,,,,,,,,,,,,,,,,,,,,,,,,,,,,,887.387764209001,887.3960411250009,887.8821984999959,887.8821984999959,887.9557407920001,887.9557407920001,888.4514435839956,left,1.0432921250030631,None,888.4515695000009,888.451622499997,None,,,,,,,,,,,,21049994,0,2025-12-01_12h27.08.742,tilt_mocs,2024.2.4,120.11218477836073,2025-12-01 12h27.34.412624 -0500,
0,15.0,,475,475,0,,,,,,,,,,c+0,poss,100,left,0.965801583006396,None,None,,,,,,,,,,,0,475,475,62,888.4614748339955,,,,,,,,,,,,,,,,,,,,,,,,,,,,,,,,,,,,,,,,,,,,,,,,,,,,,,,,,,,,,,,,888.4535631670005,888.4614748339955,888.9486967089979,888.9486967089979,889.0219182919973,889.0219182919973,889.4346701670001,left,0.965801583006396,None,889.4347717919954,889.4348150000005,None,,,,,,,,,,,,21049994,0,2025-12-01_12h27.08.742,tilt_mocs,2024.2.4,120.11218477836073,2025-12-01 12h27.34.412624 -0500,
4,15.0,,476,476,0,,,,,,,,,,c+4,poss,100,right,1.0125326670022332,None,None,,,,,,,,,,,0,476,476,170,889.4447162919969,,,,,,,,,,,,,,,,,,,,,,,,,,,,,,,,,,,,,,,,,,,,,,,,,,,,,,,,,,,,,,,,889.4367224589951,889.4447162919969,889.9322222499977,889.9322222499977,890.0042732919974,890.0042732919974,890.4682867919983,right,1.0125326670022332,None,890.4684144169951,890.4684696249969,None,,,,,,,,,,,,21049994,0,2025-12-01_12h27.08.742,tilt_mocs,2024.2.4,120.11218477836073,2025-12-01 12h27.34.412624 -0500,
4,15.0,,477,477,0,,,,,,,,,,c+4,poss,100,right,1.0840596669950173,None,None,,,,,,,,,,,0,477,477,187,890.4786711669949,,,,,,,,,,,,,,,,,,,,,,,,,,,,,,,,,,,,,,,,,,,,,,,,,,,,,,,,,,,,,,,,890.4706950420004,890.4786711669949,890.9654690419993,890.9654690419993,891.0381532089959,891.0381532089959,891.5682008340009,right,1.0840596669950173,None,891.5682992500006,891.5683423340015,None,,,,,,,,,,,,21049994,0,2025-12-01_12h27.08.742,tilt_mocs,2024.2.4,120.11218477836073,2025-12-01 12h27.34.412624 -0500,
-2,-15.0,,478,478,0,,,,,,,,,,c-2,negs,100,right,0.9399330000014743,None,None,,,,,,,,,,,0,478,478,530,891.5783419590007,,,,,,,,,,,,,,,,,,,,,,,,,,,,,,,,,,,,,,,,,,,,,,,,,,,,,,,,,,,,,,,,891.5702451670004,891.5783419590007,892.065732791998,892.065732791998,892.138137666996,892.138137666996,892.5244496250016,right,0.9399330000014743,None,892.5245532499976,892.5245952089972,None,,,,,,,,,,,,21049994,0,2025-12-01_12h27.08.742,tilt_mocs,2024.2.4,120.11218477836073,2025-12-01 12h27.34.412624 -0500,
-6,-15.0,,479,479,0,,,,,,,,,,c-6,negs,100,right,0.9027366250011255,None,None,,,,,,,,,,,0,479,479,417,892.5348590419962,,,,,,,,,,,,,,,,,,,,,,,,,,,,,,,,,,,,,,,,,,,,,,,,,,,,,,,,,,,,,,,,892.5265120839977,892.5348590419962,893.0246129590014,893.0246129590014,893.0994987919985,893.0994987919985,893.440157166995,right,0.9027366250011255,None,893.4402775419949,893.4403302919964,None,,,,,,,,,,,,21049994,0,2025-12-01_12h27.08.742,tilt_mocs,2024.2.4,120.11218477836073,2025-12-01 12h27.34.412624 -0500,
4,15.0,,480,480,0,,,,,,,,,,c+4,poss,100,right,1.0652130000016768,None,None,,,,,,,,,,,0,480,480,190,893.4515225419964,,,,,,,,,,,,,,,,,,,,,,,,,,,,,,,,,,,,,,,,,,,,,,,,,,,,,,,,,,,,,,,,893.4424669169966,893.4515225419964,893.9418685839992,893.9418685839992,894.0161946250009,894.0161946250009,894.5192232089976,right,1.0652130000016768,None,894.5193577089958,894.5194149999952,None,,,,,,,,,,,,21049994,0,2025-12-01_12h27.08.742,tilt_mocs,2024.2.4,120.11218477836073,2025-12-01 12h27.34.412624 -0500,
-8,-15.0,,481,481,0,,,,,,,,,,c-8,negs,100,left,1.0363070419989526,None,None,,,,,,,,,,,0,481,481,366,894.5299920839971,,,,,,,,,,,,,,,,,,,,,,,,,,,,,,,,,,,,,,,,,,,,,,,,,,,,,,,,,,,,,,,,894.5218857919972,894.5299920839971,895.0157371669993,895.0157371669993,895.0878750420015,895.0878750420015,895.5686583749994,left,1.0363070419989526,None,895.5687829169983,895.5688354999947,None,,,,,,,,,,,,21049994,0,2025-12-01_12h27.08.742,tilt_mocs,2024.2.4,120.11218477836073,2025-12-01 12h27.34.412624 -0500,
-2,-15.0,,482,482,0,,,,,,,,,,c-2,negs,100,right,0.9512609579978744,None,None,,,,,,,,,,,0,482,482,517,895.5793712090017,,,,,,,,,,,,,,,,,,,,,,,,,,,,,,,,,,,,,,,,,,,,,,,,,,,,,,,,,,,,,,,,895.5712325419954,895.5793712090017,896.0658564170008,896.0658564170008,896.138066749998,896.138066749998,896.5349126669971,right,0.9512609579978744,None,896.5350371249951,896.5350904169973,None,,,,,,,,,,,,21049994,0,2025-12-01_12h27.08.742,tilt_mocs,2024.2.4,120.11218477836073,2025-12-01 12h27.34.412624 -0500,
-1,0.0,,483,483,0,,,,,,,,,,c-1,noss,0,left,1.2636117919973913,None,None,,,,,,,,,,,0,483,483,832,896.5451122090017,,,,,,,,,,,,,,,,,,,,,,,,,,,,,,,,,,,,,,,,,,,,,,,,,,,,,,,,,,,,,,,,896.537193917,896.5451122090017,897.032501458998,897.032501458998,897.1052117500003,897.1052117500003,897.818390542001,left,1.2636117919973913,None,897.818519208995,897.8185642089957,None,,,,,,,,,,,,21049994,0,2025-12-01_12h27.08.742,tilt_mocs,2024.2.4,120.11218477836073,2025-12-01 12h27.34.412624 -0500,
-4,-15.0,,484,484,0,,,,,,,,,,c-4,negs,100,left,0.975746333002462,None,None,,,,,,,,,,,0,484,484,462,897.828529749997,,,,,,,,,,,,,,,,,,,,,,,,,,,,,,,,,,,,,,,,,,,,,,,,,,,,,,,,,,,,,,,,897.8205195839982,897.828529749997,898.3158770419977,898.3158770419977,898.3897844589956,898.3897844589956,898.8078186669954,left,0.975746333002462,None,898.8079180419954,898.8079607499967,None,,,,,,,,,,,,21049994,0,2025-12-01_12h27.08.742,tilt_mocs,2024.2.4,120.11218477836073,2025-12-01 12h27.34.412624 -0500,
6,15.0,,485,485,0,,,,,,,,,,c+6,poss,100,right,0.9484069160025683,None,None,,,,,,,,,,,0,485,485,236,898.8182000000015,,,,,,,,,,,,,,,,,,,,,,,,,,,,,,,,,,,,,,,,,,,,,,,,,,,,,,,,,,,,,,,,898.8099110839976,898.8182000000015,899.3086671669953,899.3086671669953,899.3830490839973,899.3830490839973,899.7697960840014,right,0.9484069160025683,None,899.7699463339959,899.7700032499997,None,,,,,,,,,,,,21049994,0,2025-12-01_12h27.08.742,tilt_mocs,2024.2.4,120.11218477836073,2025-12-01 12h27.34.412624 -0500,
-6,-15.0,,486,486,0,,,,,,,,,,c-6,negs,100,left,0.9427731250034412,None,None,,,,,,,,,,,0,486,486,432,899.7803842919966,,,,,,,,,,,,,,,,,,,,,,,,,,,,,,,,,,,,,,,,,,,,,,,,,,,,,,,,,,,,,,,,899.772314709,899.7803842919966,900.2659029999995,900.2659029999995,900.3382391669948,900.3382391669948,900.7256813749991,left,0.9427731250034412,None,900.7258039590015,900.7258751249974,None,,,,,,,,,,,,21049994,0,2025-12-01_12h27.08.742,tilt_mocs,2024.2.4,120.11218477836073,2025-12-01 12h27.34.412624 -0500,
2,15.0,,487,487,0,,,,,,,,,,c+2,poss,100,right,0.9275850830017589,None,None,,,,,,,,,,,0,487,487,155,900.7357664169976,,,,,,,,,,,,,,,,,,,,,,,,,,,,,,,,,,,,,,,,,,,,,,,,,,,,,,,,,,,,,,,,900.7279635000014,900.7357664169976,901.2241860419963,901.2241860419963,901.2996317500001,901.2996317500001,901.6685172090001,right,0.9275850830017589,None,901.6686179999961,901.6686607090014,None,,,,,,,,,,,,21049994,0,2025-12-01_12h27.08.742,tilt_mocs,2024.2.4,120.11218477836073,2025-12-01 12h27.34.412624 -0500,
2,15.0,,488,488,0,,,,,,,,,,c+2,poss,100,right,1.108019958002842,None,None,,,,,,,,,,,0,488,488,154,901.6784803339979,,,,,,,,,,,,,,,,,,,,,,,,,,,,,,,,,,,,,,,,,,,,,,,,,,,,,,,,,,,,,,,,901.6705663749963,901.6784803339979,902.1659450419975,902.1659450419975,902.2383757919961,902.2383757919961,902.7902109169954,right,1.108019958002842,None,902.7903199169959,902.7903679590017,None,,,,,,,,,,,,21049994,0,2025-12-01_12h27.08.742,tilt_mocs,2024.2.4,120.11218477836073,2025-12-01 12h27.34.412624 -0500,
-4,-15.0,,489,489,0,,,,,,,,,,c-4,negs,100,left,0.8852324170002248,None,None,,,,,,,,,,,0,489,489,484,902.8161535420004,,,,,,,,,,,,,,,,,,,,,,,,,,,,,,,,,,,,,,,,,,,,,,,,,,,,,,,,,,,,,,,,902.7922595839991,902.8161535420004,903.2923111249984,903.2923111249984,903.3665931249998,903.3665931249998,903.7086574589994,left,0.8852324170002248,None,903.7088014589972,903.7088573340006,None,,,,,,,,,,,,21049994,0,2025-12-01_12h27.08.742,tilt_mocs,2024.2.4,120.11218477836073,2025-12-01 12h27.34.412624 -0500,
-2,0.0,,490,490,0,,,,,,,,,,c-2,noss,0,left,0.9036925000036717,None,None,,,,,,,,,,,0,490,490,738,903.7194687919982,,,,,,,,,,,,,,,,,,,,,,,,,,,,,,,,,,,,,,,,,,,,,,,,,,,,,,,,,,,,,,,,903.711899791997,903.7194687919982,904.2080470000001,904.2080470000001,904.2832100000014,904.2832100000014,904.6259489590011,left,0.9036925000036717,None,904.6261680419993,904.6262596669985,None,,,,,,,,,,,,21049994,0,2025-12-01_12h27.08.742,tilt_mocs,2024.2.4,120.11218477836073,2025-12-01 12h27.34.412624 -0500,
0,15.0,,491,491,0,,,,,,,,,,c+0,poss,100,left,1.132677124995098,None,None,,,,,,,,,,,0,491,491,79,904.6363076249982,,,,,,,,,,,,,,,,,,,,,,,,,,,,,,,,,,,,,,,,,,,,,,,,,,,,,,,,,,,,,,,,904.6286733749948,904.6363076249982,905.1249905419972,905.1249905419972,905.1999369999976,905.1999369999976,905.773337958999,left,1.132677124995098,None,905.7734365840006,905.7734790839968,None,,,,,,,,,,,,21049994,0,2025-12-01_12h27.08.742,tilt_mocs,2024.2.4,120.11218477836073,2025-12-01 12h27.34.412624 -0500,
-8,-15.0,,492,492,0,,,,,,,,,,c-8,negs,100,left,0.9594619580020662,None,None,,,,,,,,,,,0,492,492,344,905.7836860419993,,,,,,,,,,,,,,,,,,,,,,,,,,,,,,,,,,,,,,,,,,,,,,,,,,,,,,,,,,,,,,,,905.775357874998,905.7836860419993,906.2749849999964,906.2749849999964,906.3500800839975,906.3500800839975,906.7522572499947,left,0.9594619580020662,None,906.7524095420013,906.7524677089968,None,,,,,,,,,,,,21049994,0,2025-12-01_12h27.08.742,tilt_mocs,2024.2.4,120.11218477836073,2025-12-01 12h27.34.412624 -0500,
4,15.0,,493,493,0,,,,,,,,,,c+4,poss,100,right,1.15570149999985,None,None,,,,,,,,,,,0,493,493,212,906.7629808339989,,,,,,,,,,,,,,,,,,,,,,,,,,,,,,,,,,,,,,,,,,,,,,,,,,,,,,,,,,,,,,,,906.7548007090008,906.7629808339989,907.2495488339991,907.2495488339991,907.3217481249958,907.3217481249958,907.9243014169988,right,1.15570149999985,None,907.9245487090011,907.9246407089959,None,,,,,,,,,,,,21049994,0,2025-12-01_12h27.08.742,tilt_mocs,2024.2.4,120.11218477836073,2025-12-01 12h27.34.412624 -0500,
8,15.0,,494,494,0,,,,,,,,,,c+8,poss,100,right,0.965607791004004,None,None,,,,,,,,,,,0,494,494,296,907.9354429589948,,,,,,,,,,,,,,,,,,,,,,,,,,,,,,,,,,,,,,,,,,,,,,,,,,,,,,,,,,,,,,,,907.9270162499961,907.9354429589948,908.4251389169949,908.4251389169949,908.500044249995,908.500044249995,908.9125165000005,right,0.965607791004004,None,908.9126217500016,908.9126712500001,None,,,,,,,,,,,,21049994,0,2025-12-01_12h27.08.742,tilt_mocs,2024.2.4,120.11218477836073,2025-12-01 12h27.34.412624 -0500,
-6,-15.0,,495,495,0,,,,,,,,,,c-6,negs,100,left,0.9385324160029995,None,None,,,,,,,,,,,0,495,495,429,908.919227499995,,,,,,,,,,,,,,,,,,,,,,,,,,,,,,,,,,,,,,,,,,,,,,,,,,,,,,,,,,,,,,,,908.9145653749947,908.919227499995,909.4086708339964,909.4086708339964,909.4834999589948,909.4834999589948,909.8691275000019,left,0.9385324160029995,None,909.8692555419984,909.8693098750009,None,,,,,,,,,,,,21049994,0,2025-12-01_12h27.08.742,tilt_mocs,2024.2.4,120.11218477836073,2025-12-01 12h27.34.412624 -0500,
4,15.0,,496,496,0,,,,,,,,,,c+4,poss,100,right,1.199633874995925,None,None,,,,,,,,,,,0,496,496,177,909.879227999998,,,,,,,,,,,,,,,,,,,,,,,,,,,,,,,,,,,,,,,,,,,,,,,,,,,,,,,,,,,,,,,,909.871269833995,909.879227999998,910.3663097919998,910.3663097919998,910.4382407090015,910.4382407090015,911.0860968749985,right,1.199633874995925,None,911.0861971249979,911.0862395000004,None,,,,,,,,,,,,21049994,0,2025-12-01_12h27.08.742,tilt_mocs,2024.2.4,120.11218477836073,2025-12-01 12h27.34.412624 -0500,
6,15.0,,497,497,0,,,,,,,,,,c+6,poss,100,right,0.9586643750008079,None,None,,,,,,,,,,,0,497,497,257,911.096161124995,,,,,,,,,,,,,,,,,,,,,,,,,,,,,,,,,,,,,,,,,,,,,,,,,,,,,,,,,,,,,,,,911.0881157089971,911.096161124995,911.5832442089959,911.5832442089959,911.6556881669967,911.6556881669967,912.0587388339991,right,0.9586643750008079,None,912.0588664169991,912.0589319589999,None,,,,,,,,,,,,21049994,0,2025-12-01_12h27.08.742,tilt_mocs,2024.2.4,120.11218477836073,2025-12-01 12h27.34.412624 -0500,
2,15.0,,498,498,0,,,,,,,,,,c+2,poss,100,right,0.9541179579973686,None,None,,,,,,,,,,,0,498,498,161,912.069223749997,,,,,,,,,,,,,,,,,,,,,,,,,,,,,,,,,,,,,,,,,,,,,,,,,,,,,,,,,,,,,,,,912.0611952920008,912.069223749997,912.5590193749958,912.5590193749958,912.633608666998,912.633608666998,913.0356304169982,right,0.9541179579973686,None,913.0357574169975,913.0358357919977,None,,,,,,,,,,,,21049994,0,2025-12-01_12h27.08.742,tilt_mocs,2024.2.4,120.11218477836073,2025-12-01 12h27.34.412624 -0500,
6,15.0,,499,499,0,,,,,,,,,,c+6,poss,100,right,0.8589080829988234,None,None,,,,,,,,,,,0,499,499,275,913.0458007919951,,,,,,,,,,,,,,,,,,,,,,,,,,,,,,,,,,,,,,,,,,,,,,,,,,,,,,,,,,,,,,,,913.0377627089983,913.0458007919951,913.5329764170019,913.5329764170019,913.6065770839996,913.6065770839996,913.9083504169976,right,0.8589080829988234,None,913.9084523749989,913.908497958997,None,,,,,,,,,,,,21049994,0,2025-12-01_12h27.08.742,tilt_mocs,2024.2.4,120.11218477836073,2025-12-01 12h27.34.412624 -0500,
-2,0.0,,500,500,0,,,,,,,,,,c-2,noss,0,left,1.4314691250037868,None,space,9.195843915993464,None,,,,,,,,,0,500,500,780,913.9188352919955,,,,,,,,,,,,,,,,,,,,,,,,,,,,,,,,,,,,,,,,,,,,,,,,,,,,,,,,,,,,,,,,913.9103890839979,913.9188352919955,914.4084999999977,914.4084999999977,914.4835343750019,914.4835343750019,915.3529021669965,left,1.4314691250037868,None,915.3530660420001,924.5694187089975,space,915.3618763749982,915.3618763749982,9.195843915993464,None,,,,,,,,21049994,0,2025-12-01_12h27.08.742,tilt_mocs,2024.2.4,120.11218477836073,2025-12-01 12h27.34.412624 -0500,
1,0.0,,501,501,0,,,,,,,,,,c+1,noss,0,left,1.0940027920005377,None,None,,,,,,,,,,,0,501,501,873,924.580481500001,,,,,,,,,,,,,,,,,,,,,,,,,,,,,,,,,,,,,,,,,,,,,,,,,,,,,,,,,,,,,,,,924.5716550840007,924.580481500001,925.066815291997,925.066815291997,925.1392658339973,925.1392658339973,925.686135291995,left,1.0940027920005377,None,925.6862722919977,925.6863286669977,None,,,,,,,,,,,,21049994,0,2025-12-01_12h27.08.742,tilt_mocs,2024.2.4,120.11218477836073,2025-12-01 12h27.34.412624 -0500,
1,0.0,,502,502,0,,,,,,,,,,c+1,noss,0,left,0.9432937919991673,None,None,,,,,,,,,,,0,502,502,851,925.6965082089955,,,,,,,,,,,,,,,,,,,,,,,,,,,,,,,,,,,,,,,,,,,,,,,,,,,,,,,,,,,,,,,,925.6884851669965,925.6965082089955,926.1834357920015,926.1834357920015,926.2561412919968,926.2561412919968,926.6423219999997,left,0.9432937919991673,None,926.6424475839958,926.6425004170014,None,,,,,,,,,,,,21049994,0,2025-12-01_12h27.08.742,tilt_mocs,2024.2.4,120.11218477836073,2025-12-01 12h27.34.412624 -0500,
4,15.0,,503,503,0,,,,,,,,,,c+4,poss,100,left,1.074494374995993,None,None,,,,,,,,,,,0,503,503,199,926.6527526669961,,,,,,,,,,,,,,,,,,,,,,,,,,,,,,,,,,,,,,,,,,,,,,,,,,,,,,,,,,,,,,,,926.6444190420007,926.6527526669961,927.1431094169966,927.1431094169966,927.2173524589962,927.2173524589962,927.7369331669979,left,1.074494374995993,None,927.7370852089953,927.7371410839987,None,,,,,,,,,,,,21049994,0,2025-12-01_12h27.08.742,tilt_mocs,2024.2.4,120.11218477836073,2025-12-01 12h27.34.412624 -0500,
2,0.0,,504,504,0,,,,,,,,,,c+2,noss,0,left,1.011505375005072,None,None,,,,,,,,,,,0,504,504,907,927.7476973340017,,,,,,,,,,,,,,,,,,,,,,,,,,,,,,,,,,,,,,,,,,,,,,,,,,,,,,,,,,,,,,,,927.7395113749953,927.7476973340017,928.2336136669983,928.2336136669983,928.3070139589981,928.3070139589981,928.770210208997,left,1.011505375005072,None,928.7703594589984,928.770414958999,None,,,,,,,,,,,,21049994,0,2025-12-01_12h27.08.742,tilt_mocs,2024.2.4,120.11218477836073,2025-12-01 12h27.34.412624 -0500,
8,15.0,,505,505,0,,,,,,,,,,c+8,poss,100,right,1.1032387919985922,None,None,,,,,,,,,,,0,505,505,310,928.7804866250008,,,,,,,,,,,,,,,,,,,,,,,,,,,,,,,,,,,,,,,,,,,,,,,,,,,,,,,,,,,,,,,,928.7724578749985,928.7804866250008,929.2669751249996,929.2669751249996,929.3395287089952,929.3395287089952,929.8863384169963,right,1.1032387919985922,None,929.8864632920013,929.8865170419958,None,,,,,,,,,,,,21049994,0,2025-12-01_12h27.08.742,tilt_mocs,2024.2.4,120.11218477836073,2025-12-01 12h27.34.412624 -0500,
0,15.0,,506,506,0,,,,,,,,,,c+0,poss,100,left,0.9872724589949939,None,None,,,,,,,,,,,0,506,506,60,929.8969494999983,,,,,,,,,,,,,,,,,,,,,,,,,,,,,,,,,,,,,,,,,,,,,,,,,,,,,,,,,,,,,,,,929.8888943339989,929.8969494999983,930.3836953339996,930.3836953339996,930.4677704589994,930.4677704589994,930.8866675839963,left,0.9872724589949939,None,930.886792749996,930.8868470000016,None,,,,,,,,,,,,21049994,0,2025-12-01_12h27.08.742,tilt_mocs,2024.2.4,120.11218477836073,2025-12-01 12h27.34.412624 -0500,
-2,15.0,,507,507,0,,,,,,,,,,c-2,poss,100,left,0.9437040830016485,None,None,,,,,,,,,,,0,507,507,50,930.8972920839951,,,,,,,,,,,,,,,,,,,,,,,,,,,,,,,,,,,,,,,,,,,,,,,,,,,,,,,,,,,,,,,,930.8892433340006,930.8972920839951,931.3838221670012,931.3838221670012,931.4560702089948,931.4560702089948,931.8535712919984,left,0.9437040830016485,None,931.853745208995,931.8538097919954,None,,,,,,,,,,,,21049994,0,2025-12-01_12h27.08.742,tilt_mocs,2024.2.4,120.11218477836073,2025-12-01 12h27.34.412624 -0500,
-1,0.0,,508,508,0,,,,,,,,,,c-1,noss,0,left,0.9790813750005327,None,None,,,,,,,,,,,0,508,508,827,931.8646190840009,,,,,,,,,,,,,,,,,,,,,,,,,,,,,,,,,,,,,,,,,,,,,,,,,,,,,,,,,,,,,,,,931.8564767089993,931.8646190840009,932.350524417001,932.350524417001,932.4229489999998,932.4229489999998,932.8532424590012,left,0.9790813750005327,None,932.8533737499965,932.8534357089957,None,,,,,,,,,,,,21049994,0,2025-12-01_12h27.08.742,tilt_mocs,2024.2.4,120.11218477836073,2025-12-01 12h27.34.412624 -0500,
-4,0.0,,509,509,0,,,,,,,,,,c-4,noss,0,left,0.8825950419995934,None,None,,,,,,,,,,,0,509,509,684,932.8637472920018,,,,,,,,,,,,,,,,,,,,,,,,,,,,,,,,,,,,,,,,,,,,,,,,,,,,,,,,,,,,,,,,932.8555760419986,932.8637472920018,933.3504402089966,933.3504402089966,933.4238301250007,933.4238301250007,933.7530443340002,left,0.8825950419995934,None,933.7531709169998,933.7532241669978,None,,,,,,,,,,,,21049994,0,2025-12-01_12h27.08.742,tilt_mocs,2024.2.4,120.11218477836073,2025-12-01 12h27.34.412624 -0500,
2,0.0,,510,510,0,,,,,,,,,,c+2,noss,0,right,1.0545487919953302,None,None,,,,,,,,,,,0,510,510,918,933.7632808339986,,,,,,,,,,,,,,,,,,,,,,,,,,,,,,,,,,,,,,,,,,,,,,,,,,,,,,,,,,,,,,,,933.7552356250017,933.7632808339986,934.2505105000018,934.2505105000018,934.3223541249972,934.3223541249972,934.820490291997,right,1.0545487919953302,None,934.8206342919948,934.8207219169999,None,,,,,,,,,,,,21049994,0,2025-12-01_12h27.08.742,tilt_mocs,2024.2.4,120.11218477836073,2025-12-01 12h27.34.412624 -0500,
-2,15.0,,511,511,0,,,,,,,,,,c-2,poss,100,left,0.9497709159986698,None,None,,,,,,,,,,,0,511,511,36,934.8313249999992,,,,,,,,,,,,,,,,,,,,,,,,,,,,,,,,,,,,,,,,,,,,,,,,,,,,,,,,,,,,,,,,934.8229638749981,934.8313249999992,935.3171379999985,935.3171379999985,935.3901952919987,935.3901952919987,935.7864772089961,left,0.9497709159986698,None,935.7866037499989,935.7866579170004,None,,,,,,,,,,,,21049994,0,2025-12-01_12h27.08.742,tilt_mocs,2024.2.4,120.11218477836073,2025-12-01 12h27.34.412624 -0500,
0,15.0,,512,512,0,,,,,,,,,,c+0,poss,100,left,0.9678490410005907,None,None,,,,,,,,,,,0,512,512,87,935.7968092500014,,,,,,,,,,,,,,,,,,,,,,,,,,,,,,,,,,,,,,,,,,,,,,,,,,,,,,,,,,,,,,,,935.7887220420016,935.7968092500014,936.2838696249964,936.2838696249964,936.3563610839992,936.3563610839992,936.7698862920006,left,0.9678490410005907,None,936.7700029999978,936.7700459589978,None,,,,,,,,,,,,21049994,0,2025-12-01_12h27.08.742,tilt_mocs,2024.2.4,120.11218477836073,2025-12-01 12h27.34.412624 -0500,
-1,0.0,,513,513,0,,,,,,,,,,c-1,noss,0,left,0.8736015419999603,None,None,,,,,,,,,,,0,513,513,826,936.7800137090017,,,,,,,,,,,,,,,,,,,,,,,,,,,,,,,,,,,,,,,,,,,,,,,,,,,,,,,,,,,,,,,,936.7719581669953,936.7800137090017,937.2671782089965,937.2671782089965,937.3393592919965,937.3393592919965,937.6583354589966,left,0.8736015419999603,None,937.6584557089955,937.6585098750002,None,,,,,,,,,,,,21049994,0,2025-12-01_12h27.08.742,tilt_mocs,2024.2.4,120.11218477836073,2025-12-01 12h27.34.412624 -0500,
4,0.0,,514,514,0,,,,,,,,,,c+4,noss,0,right,0.9672537919977913,None,None,,,,,,,,,,,0,514,514,996,937.684130499998,,,,,,,,,,,,,,,,,,,,,,,,,,,,,,,,,,,,,,,,,,,,,,,,,,,,,,,,,,,,,,,,937.6605569589956,937.684130499998,938.1601829169958,938.1601829169958,938.234506959001,938.234506959001,938.6543536249956,right,0.9672537919977913,None,938.654494041999,938.6545497920015,None,,,,,,,,,,,,21049994,0,2025-12-01_12h27.08.742,tilt_mocs,2024.2.4,120.11218477836073,2025-12-01 12h27.34.412624 -0500,
-1,0.0,,515,515,0,,,,,,,,,,c-1,noss,0,left,0.9534228750053444,None,None,,,,,,,,,,,0,515,515,795,938.6649626669969,,,,,,,,,,,,,,,,,,,,,,,,,,,,,,,,,,,,,,,,,,,,,,,,,,,,,,,,,,,,,,,,938.6566388339998,938.6649626669969,939.1506987089961,939.1506987089961,939.2229710839965,939.2229710839965,939.6208627919987,left,0.9534228750053444,None,939.6209990839998,939.6210533749982,None,,,,,,,,,,,,21049994,0,2025-12-01_12h27.08.742,tilt_mocs,2024.2.4,120.11218477836073,2025-12-01 12h27.34.412624 -0500,
-8,-15.0,,516,516,0,,,,,,,,,,c-8,negs,100,left,0.9030232500008424,None,None,,,,,,,,,,,0,516,516,365,939.6313150419955,,,,,,,,,,,,,,,,,,,,,,,,,,,,,,,,,,,,,,,,,,,,,,,,,,,,,,,,,,,,,,,,939.6231409999964,939.6313150419955,940.1173101249951,940.1173101249951,940.1901742089976,940.1901742089976,940.5369406249956,left,0.9030232500008424,None,940.5370798340009,940.5371380840006,None,,,,,,,,,,,,21049994,0,2025-12-01_12h27.08.742,tilt_mocs,2024.2.4,120.11218477836073,2025-12-01 12h27.34.412624 -0500,
-2,15.0,,517,517,0,,,,,,,,,,c-2,poss,100,left,0.8577699590023258,None,None,,,,,,,,,,,0,517,517,28,940.547567374997,,,,,,,,,,,,,,,,,,,,,,,,,,,,,,,,,,,,,,,,,,,,,,,,,,,,,,,,,,,,,,,,940.5393048339974,940.547567374997,941.0340639169954,941.0340639169954,941.1072331670002,941.1072331670002,941.4085377090014,left,0.8577699590023258,None,941.408634667001,941.408676125,None,,,,,,,,,,,,21049994,0,2025-12-01_12h27.08.742,tilt_mocs,2024.2.4,120.11218477836073,2025-12-01 12h27.34.412624 -0500,
2,15.0,,518,518,0,,,,,,,,,,c+2,poss,100,left,0.9010475410032086,None,None,,,,,,,,,,,0,518,518,124,941.4342414999992,,,,,,,,,,,,,,,,,,,,,,,,,,,,,,,,,,,,,,,,,,,,,,,,,,,,,,,,,,,,,,,,941.410541624995,941.4342414999992,941.9099564589997,941.9099564589997,941.984529041998,941.984529041998,942.3384847919951,left,0.9010475410032086,None,942.3386262089989,942.3386816249986,None,,,,,,,,,,,,21049994,0,2025-12-01_12h27.08.742,tilt_mocs,2024.2.4,120.11218477836073,2025-12-01 12h27.34.412624 -0500,
2,-15.0,,519,519,0,,,,,,,,,,c+2,negs,100,right,0.9739455829985673,None,None,,,,,,,,,,,0,519,519,656,942.3499886669961,,,,,,,,,,,,,,,,,,,,,,,,,,,,,,,,,,,,,,,,,,,,,,,,,,,,,,,,,,,,,,,,942.3412310839994,942.3499886669961,942.834080749999,942.834080749999,942.9061100839972,942.9061100839972,943.326425416999,right,0.9739455829985673,None,943.3265266250019,943.326569208999,None,,,,,,,,,,,,21049994,0,2025-12-01_12h27.08.742,tilt_mocs,2024.2.4,120.11218477836073,2025-12-01 12h27.34.412624 -0500,
0,15.0,,520,520,0,,,,,,,,,,c+0,poss,100,left,0.9744752910046373,None,None,,,,,,,,,,,0,520,520,106,943.336775333999,,,,,,,,,,,,,,,,,,,,,,,,,,,,,,,,,,,,,,,,,,,,,,,,,,,,,,,,,,,,,,,,943.3284407089959,943.336775333999,943.8262678339961,943.8262678339961,943.9013895839962,943.9013895839962,944.3200700839952,left,0.9744752910046373,None,944.3201971250019,944.3202546249959,None,,,,,,,,,,,,21049994,0,2025-12-01_12h27.08.742,tilt_mocs,2024.2.4,120.11218477836073,2025-12-01 12h27.34.412624 -0500,
1,0.0,,521,521,0,,,,,,,,,,c+1,noss,0,left,1.0608413750014734,None,None,,,,,,,,,,,0,521,521,885,944.3308397500005,,,,,,,,,,,,,,,,,,,,,,,,,,,,,,,,,,,,,,,,,,,,,,,,,,,,,,,,,,,,,,,,944.3225301249986,944.3308397500005,944.8176124169986,944.8176124169986,944.8898806249999,944.8898806249999,945.4034632920011,left,1.0608413750014734,None,945.4035839999997,945.403636791998,None,,,,,,,,,,,,21049994,0,2025-12-01_12h27.08.742,tilt_mocs,2024.2.4,120.11218477836073,2025-12-01 12h27.34.412624 -0500,
1,0.0,,522,522,0,,,,,,,,,,c+1,noss,0,left,1.5787832920032088,None,None,,,,,,,,,,,0,522,522,858,945.4136451669983,,,,,,,,,,,,,,,,,,,,,,,,,,,,,,,,,,,,,,,,,,,,,,,,,,,,,,,,,,,,,,,,945.4056741249951,945.4136451669983,945.9007872500006,945.9007872500006,945.9728495419986,945.9728495419986,947.003668708996,left,1.5787832920032088,None,947.0038279169967,947.0038829999976,None,,,,,,,,,,,,21049994,0,2025-12-01_12h27.08.742,tilt_mocs,2024.2.4,120.11218477836073,2025-12-01 12h27.34.412624 -0500,
2,15.0,,523,523,0,,,,,,,,,,c+2,poss,100,left,1.162658665998606,None,None,,,,,,,,,,,0,523,523,126,947.0149618340001,,,,,,,,,,,,,,,,,,,,,,,,,,,,,,,,,,,,,,,,,,,,,,,,,,,,,,,,,,,,,,,,947.0066558749968,947.0149618340001,947.5009160839982,947.5009160839982,947.5724811249966,947.5724811249966,948.1868041249982,left,1.162658665998606,None,948.1869293749987,948.1869837919949,None,,,,,,,,,,,,21049994,0,2025-12-01_12h27.08.742,tilt_mocs,2024.2.4,120.11218477836073,2025-12-01 12h27.34.412624 -0500,
4,15.0,,524,524,0,,,,,,,,,,c+4,poss,100,left,1.262673666999035,None,None,,,,,,,,,,,0,524,524,197,948.1970214169996,,,,,,,,,,,,,,,,,,,,,,,,,,,,,,,,,,,,,,,,,,,,,,,,,,,,,,,,,,,,,,,,948.1889686669965,948.1970214169996,948.6842744999958,948.6842744999958,948.7580457090007,948.7580457090007,949.4704462090012,left,1.262673666999035,None,949.4705729170018,949.4706256249992,None,,,,,,,,,,,,21049994,0,2025-12-01_12h27.08.742,tilt_mocs,2024.2.4,120.11218477836073,2025-12-01 12h27.34.412624 -0500,
6,15.0,,525,525,0,,,,,,,,,,c+6,poss,100,right,1.0301015410004766,None,None,,,,,,,,,,,0,525,525,243,949.4811650839983,,,,,,,,,,,,,,,,,,,,,,,,,,,,,,,,,,,,,,,,,,,,,,,,,,,,,,,,,,,,,,,,949.4730167919988,949.4811650839983,949.9677447089998,949.9677447089998,950.0403416249974,950.0403416249974,950.5203433749994,right,1.0301015410004766,None,950.5204465839997,950.5204881669997,None,,,,,,,,,,,,21049994,0,2025-12-01_12h27.08.742,tilt_mocs,2024.2.4,120.11218477836073,2025-12-01 12h27.34.412624 -0500,
-4,0.0,,526,526,0,,,,,,,,,,c-4,noss,0,left,0.9545619999989867,None,None,,,,,,,,,,,0,526,526,703,950.5302620840012,,,,,,,,,,,,,,,,,,,,,,,,,,,,,,,,,,,,,,,,,,,,,,,,,,,,,,,,,,,,,,,,950.5223499589993,950.5302620840012,951.0178509589969,951.0178509589969,951.090210041999,951.090210041999,951.4873101670019,left,0.9545619999989867,None,951.4874684999959,951.4875254169965,None,,,,,,,,,,,,21049994,0,2025-12-01_12h27.08.742,tilt_mocs,2024.2.4,120.11218477836073,2025-12-01 12h27.34.412624 -0500,
-8,-15.0,,527,527,0,,,,,,,,,,c-8,negs,100,left,0.9339810829987982,None,None,,,,,,,,,,,0,527,527,379,951.4982463749984,,,,,,,,,,,,,,,,,,,,,,,,,,,,,,,,,,,,,,,,,,,,,,,,,,,,,,,,,,,,,,,,951.4901431249964,951.4982463749984,951.9845308340009,951.9845308340009,952.0568523339971,952.0568523339971,952.4373524999974,left,0.9339810829987982,None,952.4375090419999,952.4375709589949,None,,,,,,,,,,,,21049994,0,2025-12-01_12h27.08.742,tilt_mocs,2024.2.4,120.11218477836073,2025-12-01 12h27.34.412624 -0500,
6,15.0,,528,528,0,,,,,,,,,,c+6,poss,100,right,1.0773769590014126,None,None,,,,,,,,,,,0,528,528,264,952.4484558749973,,,,,,,,,,,,,,,,,,,,,,,,,,,,,,,,,,,,,,,,,,,,,,,,,,,,,,,,,,,,,,,,952.4401512920012,952.4484558749973,952.9346452919999,952.9346452919999,953.0067596669978,953.0067596669978,953.5371425420017,right,1.0773769590014126,None,953.5372888339989,953.5373524999959,None,,,,,,,,,,,,21049994,0,2025-12-01_12h27.08.742,tilt_mocs,2024.2.4,120.11218477836073,2025-12-01 12h27.34.412624 -0500,
0,-15.0,,529,529,0,,,,,,,,,,c+0,negs,100,right,0.9701642079962767,None,None,,,,,,,,,,,0,529,529,579,953.5481120420009,,,,,,,,,,,,,,,,,,,,,,,,,,,,,,,,,,,,,,,,,,,,,,,,,,,,,,,,,,,,,,,,953.5399643749988,953.5481120420009,954.0346030419969,954.0346030419969,954.1066087500003,954.1066087500003,954.5210627499982,right,0.9701642079962767,None,954.5213127499956,954.5214090419977,None,,,,,,,,,,,,21049994,0,2025-12-01_12h27.08.742,tilt_mocs,2024.2.4,120.11218477836073,2025-12-01 12h27.34.412624 -0500,
2,-15.0,,530,530,0,,,,,,,,,,c+2,negs,100,right,1.0373252920035156,None,None,,,,,,,,,,,0,530,530,632,954.5319963750007,,,,,,,,,,,,,,,,,,,,,,,,,,,,,,,,,,,,,,,,,,,,,,,,,,,,,,,,,,,,,,,,954.5236954169959,954.5319963750007,955.0179831669957,955.0179831669957,955.0909739169947,955.0909739169947,955.5803897090009,right,1.0373252920035156,None,955.5804898749993,955.5805326670015,None,,,,,,,,,,,,21049994,0,2025-12-01_12h27.08.742,tilt_mocs,2024.2.4,120.11218477836073,2025-12-01 12h27.34.412624 -0500,
-4,0.0,,531,531,0,,,,,,,,,,c-4,noss,0,left,1.0180142500030342,None,None,,,,,,,,,,,0,531,531,696,955.5871503339949,,,,,,,,,,,,,,,,,,,,,,,,,,,,,,,,,,,,,,,,,,,,,,,,,,,,,,,,,,,,,,,,955.5824355000004,955.5871503339949,956.0769418749987,956.0769418749987,956.151870499998,956.151870499998,956.6092979999958,left,1.0180142500030342,None,956.6094219590013,956.6094767920004,None,,,,,,,,,,,,21049994,0,2025-12-01_12h27.08.742,tilt_mocs,2024.2.4,120.11218477836073,2025-12-01 12h27.34.412624 -0500,
-8,-15.0,,532,532,0,,,,,,,,,,c-8,negs,100,left,0.9366537919995608,None,None,,,,,,,,,,,0,532,532,348,956.6209025419957,,,,,,,,,,,,,,,,,,,,,,,,,,,,,,,,,,,,,,,,,,,,,,,,,,,,,,,,,,,,,,,,956.6115924999976,956.6209025419957,957.1110565419949,957.1110565419949,957.1851825420017,957.1851825420017,957.5600119590017,left,0.9366537919995608,None,957.5601159590005,957.5601702499989,None,,,,,,,,,,,,21049994,0,2025-12-01_12h27.08.742,tilt_mocs,2024.2.4,120.11218477836073,2025-12-01 12h27.34.412624 -0500,
4,15.0,,533,533,0,,,,,,,,,,c+4,poss,100,right,0.9154151670009014,None,None,,,,,,,,,,,0,533,533,171,957.5703703749969,,,,,,,,,,,,,,,,,,,,,,,,,,,,,,,,,,,,,,,,,,,,,,,,,,,,,,,,,,,,,,,,957.5620512499954,957.5703703749969,958.0601356249972,958.0601356249972,958.1350225839997,958.1350225839997,958.4886243750007,right,0.9154151670009014,None,958.488766041999,958.4888235839971,None,,,,,,,,,,,,21049994,0,2025-12-01_12h27.08.742,tilt_mocs,2024.2.4,120.11218477836073,2025-12-01 12h27.34.412624 -0500,
-2,0.0,,534,534,0,,,,,,,,,,c-2,noss,0,right,1.303001290994871,None,None,,,,,,,,,,,0,534,534,737,958.4994066250001,,,,,,,,,,,,,,,,,,,,,,,,,,,,,,,,,,,,,,,,,,,,,,,,,,,,,,,,,,,,,,,,958.4911672089947,958.4994066250001,958.9838420000015,958.9838420000015,959.0687940839998,959.0687940839998,959.8049761250004,right,1.303001290994871,None,959.8051050840004,959.8051604169959,None,,,,,,,,,,,,21049994,0,2025-12-01_12h27.08.742,tilt_mocs,2024.2.4,120.11218477836073,2025-12-01 12h27.34.412624 -0500,
0,15.0,,535,535,0,,,,,,,,,,c+0,poss,100,left,1.0873786250012927,None,None,,,,,,,,,,,0,535,535,84,959.815201708996,,,,,,,,,,,,,,,,,,,,,,,,,,,,,,,,,,,,,,,,,,,,,,,,,,,,,,,,,,,,,,,,959.8072007090013,959.815201708996,960.3014598340014,960.3014598340014,960.3854487089993,960.3854487089993,960.9054730419957,left,1.0873786250012927,None,960.9056126249998,960.9056750419986,None,,,,,,,,,,,,21049994,0,2025-12-01_12h27.08.742,tilt_mocs,2024.2.4,120.11218477836073,2025-12-01 12h27.34.412624 -0500,
6,15.0,,536,536,0,,,,,,,,,,c+6,poss,100,right,1.0371475409992854,None,None,,,,,,,,,,,0,536,536,268,960.9164804169995,,,,,,,,,,,,,,,,,,,,,,,,,,,,,,,,,,,,,,,,,,,,,,,,,,,,,,,,,,,,,,,,960.9079832499992,960.9164804169995,961.4014088339973,961.4014088339973,961.4740025840001,961.4740025840001,961.9601904169976,right,1.0371475409992854,None,961.960315833996,961.9603691250013,None,,,,,,,,,,,,21049994,0,2025-12-01_12h27.08.742,tilt_mocs,2024.2.4,120.11218477836073,2025-12-01 12h27.34.412624 -0500,
0,-15.0,,537,537,0,,,,,,,,,,c+0,negs,100,right,0.9601845830038656,None,None,,,,,,,,,,,0,537,537,598,961.9709542089986,,,,,,,,,,,,,,,,,,,,,,,,,,,,,,,,,,,,,,,,,,,,,,,,,,,,,,,,,,,,,,,,961.9625014589983,961.9709542089986,962.4602869590017,962.4602869590017,962.535421583998,962.535421583998,962.9371862089974,right,0.9601845830038656,None,962.9372851250009,962.9373325419947,None,,,,,,,,,,,,21049994,0,2025-12-01_12h27.08.742,tilt_mocs,2024.2.4,120.11218477836073,2025-12-01 12h27.34.412624 -0500,
-1,0.0,,538,538,0,,,,,,,,,,c-1,noss,0,left,1.1718733749949024,None,None,,,,,,,,,,,0,538,538,807,962.9472289589976,,,,,,,,,,,,,,,,,,,,,,,,,,,,,,,,,,,,,,,,,,,,,,,,,,,,,,,,,,,,,,,,962.9391967920019,962.9472289589976,963.4349644169997,963.4349644169997,963.5073016669994,963.5073016669994,964.1216579169995,left,1.1718733749949024,None,964.1217929170016,964.1218474589987,None,,,,,,,,,,,,21049994,0,2025-12-01_12h27.08.742,tilt_mocs,2024.2.4,120.11218477836073,2025-12-01 12h27.34.412624 -0500,
2,0.0,,539,539,0,,,,,,,,,,c+2,noss,0,right,1.1501264999969862,None,None,,,,,,,,,,,0,539,539,906,964.1321470420007,,,,,,,,,,,,,,,,,,,,,,,,,,,,,,,,,,,,,,,,,,,,,,,,,,,,,,,,,,,,,,,,964.1241166670006,964.1321470420007,964.6183117499968,964.6183117499968,964.6908434590005,964.6908434590005,965.2881300419976,right,1.1501264999969862,None,965.2882786249975,965.2883644169997,None,,,,,,,,,,,,21049994,0,2025-12-01_12h27.08.742,tilt_mocs,2024.2.4,120.11218477836073,2025-12-01 12h27.34.412624 -0500,
2,-15.0,,540,540,0,,,,,,,,,,c+2,negs,100,right,1.077028125000652,None,None,,,,,,,,,,,0,540,540,628,965.2986882920013,,,,,,,,,,,,,,,,,,,,,,,,,,,,,,,,,,,,,,,,,,,,,,,,,,,,,,,,,,,,,,,,965.290638749997,965.2986882920013,965.7850922500002,965.7850922500002,965.8572656249962,965.8572656249962,966.3878469589981,right,1.077028125000652,None,966.3879999169949,966.3880557500015,None,,,,,,,,,,,,21049994,0,2025-12-01_12h27.08.742,tilt_mocs,2024.2.4,120.11218477836073,2025-12-01 12h27.34.412624 -0500,
0,-15.0,,541,541,0,,,,,,,,,,c+0,negs,100,right,0.9625429590014392,None,None,,,,,,,,,,,0,541,541,568,966.3995669169963,,,,,,,,,,,,,,,,,,,,,,,,,,,,,,,,,,,,,,,,,,,,,,,,,,,,,,,,,,,,,,,,966.3910244590006,966.3995669169963,966.884980458999,966.884980458999,966.957051874997,966.957051874997,967.3709625420015,right,0.9625429590014392,None,967.3710892919989,967.3711504999956,None,,,,,,,,,,,,21049994,0,2025-12-01_12h27.08.742,tilt_mocs,2024.2.4,120.11218477836073,2025-12-01 12h27.34.412624 -0500,
-2,-15.0,,542,542,0,,,,,,,,,,c-2,negs,100,left,1.1006489589999546,None,None,,,,,,,,,,,0,542,542,559,967.3816409169958,,,,,,,,,,,,,,,,,,,,,,,,,,,,,,,,,,,,,,,,,,,,,,,,,,,,,,,,,,,,,,,,967.3734589589949,967.3816409169958,967.8683222089967,967.8683222089967,967.9406748749971,967.9406748749971,968.487535166998,left,1.1006489589999546,None,968.487637541999,968.4876806249958,None,,,,,,,,,,,,21049994,0,2025-12-01_12h27.08.742,tilt_mocs,2024.2.4,120.11218477836073,2025-12-01 12h27.34.412624 -0500,
2,15.0,,543,543,0,,,,,,,,,,c+2,poss,100,left,1.1400997920063674,None,None,,,,,,,,,,,0,543,543,163,968.4974812919972,,,,,,,,,,,,,,,,,,,,,,,,,,,,,,,,,,,,,,,,,,,,,,,,,,,,,,,,,,,,,,,,968.4895680420013,968.4974812919972,968.985100083999,968.985100083999,969.056991874997,969.056991874997,969.6427442089989,left,1.1400997920063674,None,969.6428688749947,969.6429224999956,None,,,,,,,,,,,,21049994,0,2025-12-01_12h27.08.742,tilt_mocs,2024.2.4,120.11218477836073,2025-12-01 12h27.34.412624 -0500,
8,15.0,,544,544,0,,,,,,,,,,c+8,poss,100,right,0.9572746249978081,None,None,,,,,,,,,,,0,544,544,319,969.6685524589993,,,,,,,,,,,,,,,,,,,,,,,,,,,,,,,,,,,,,,,,,,,,,,,,,,,,,,,,,,,,,,,,969.6449067089998,969.6685524589993,970.144037041995,970.144037041995,970.2189121670017,970.2189121670017,970.6378228749963,right,0.9572746249978081,None,970.6379497499947,970.6380025420003,None,,,,,,,,,,,,21049994,0,2025-12-01_12h27.08.742,tilt_mocs,2024.2.4,120.11218477836073,2025-12-01 12h27.34.412624 -0500,
-4,-15.0,,545,545,0,,,,,,,,,,c-4,negs,100,left,1.1584595829990576,None,None,,,,,,,,,,,0,545,545,488,970.6479135420013,,,,,,,,,,,,,,,,,,,,,,,,,,,,,,,,,,,,,,,,,,,,,,,,,,,,,,,,,,,,,,,,970.6399350419961,970.6479135420013,971.1352457089961,971.1352457089961,971.2075091250008,971.2075091250008,971.8103692090008,left,1.1584595829990576,None,971.8105079169982,971.8105624169984,None,,,,,,,,,,,,21049994,0,2025-12-01_12h27.08.742,tilt_mocs,2024.2.4,120.11218477836073,2025-12-01 12h27.34.412624 -0500,
2,-15.0,,546,546,0,,,,,,,,,,c+2,negs,100,right,1.2476590000005672,None,None,,,,,,,,,,,0,546,546,669,971.8209300000017,,,,,,,,,,,,,,,,,,,,,,,,,,,,,,,,,,,,,,,,,,,,,,,,,,,,,,,,,,,,,,,,971.8125810419951,971.8209300000017,972.3112424589999,972.3112424589999,972.3857553749986,972.3857553749986,973.0711812090012,right,1.2476590000005672,None,973.0713100840003,973.0713642499977,None,,,,,,,,,,,,21049994,0,2025-12-01_12h27.08.742,tilt_mocs,2024.2.4,120.11218477836073,2025-12-01 12h27.34.412624 -0500,
-2,15.0,,547,547,0,,,,,,,,,,c-2,poss,100,left,1.0291879580036039,None,None,,,,,,,,,,,0,547,547,51,973.0820187089994,,,,,,,,,,,,,,,,,,,,,,,,,,,,,,,,,,,,,,,,,,,,,,,,,,,,,,,,,,,,,,,,973.0737707500011,973.0820187089994,973.5685932089982,973.5685932089982,973.6410590000014,973.6410590000014,974.1212630840018,left,1.0291879580036039,None,974.1214381669997,974.1215107919998,None,,,,,,,,,,,,21049994,0,2025-12-01_12h27.08.742,tilt_mocs,2024.2.4,120.11218477836073,2025-12-01 12h27.34.412624 -0500,
4,0.0,,548,548,0,,,,,,,,,,c+4,noss,0,right,0.9949087089989916,None,None,,,,,,,,,,,0,548,548,986,974.1325439169959,,,,,,,,,,,,,,,,,,,,,,,,,,,,,,,,,,,,,,,,,,,,,,,,,,,,,,,,,,,,,,,,974.1240695839952,974.1325439169959,974.618716459001,974.618716459001,974.6915254589985,974.6915254589985,975.1377682919992,right,0.9949087089989916,None,975.1378702090005,975.1379126249958,None,,,,,,,,,,,,21049994,0,2025-12-01_12h27.08.742,tilt_mocs,2024.2.4,120.11218477836073,2025-12-01 12h27.34.412624 -0500,
2,0.0,,549,549,0,,,,,,,,,,c+2,noss,0,right,0.9465877499969793,None,None,,,,,,,,,,,0,549,549,926,975.1480589169951,,,,,,,,,,,,,,,,,,,,,,,,,,,,,,,,,,,,,,,,,,,,,,,,,,,,,,,,,,,,,,,,975.139830084001,975.1480589169951,975.6352899170015,975.6352899170015,975.7072319169965,975.7072319169965,976.1044770419976,right,0.9465877499969793,None,976.1046067089992,976.1046602499991,None,,,,,,,,,,,,21049994,0,2025-12-01_12h27.08.742,tilt_mocs,2024.2.4,120.11218477836073,2025-12-01 12h27.34.412624 -0500,
-2,15.0,,550,550,0,,,,,,,,,,c-2,poss,100,left,0.9394683329956024,None,None,,,,,,,,,,,0,550,550,21,976.114937458995,,,,,,,,,,,,,,,,,,,,,,,,,,,,,,,,,,,,,,,,,,,,,,,,,,,,,,,,,,,,,,,,976.1070035000012,976.114937458995,976.6020042089949,976.6020042089949,976.6745834589965,976.6745834589965,977.0612316670013,left,0.9394683329956024,None,977.0613546249951,977.061406791996,None,,,,,,,,,,,,21049994,0,2025-12-01_12h27.08.742,tilt_mocs,2024.2.4,120.11218477836073,2025-12-01 12h27.34.412624 -0500,
-8,-15.0,,551,551,0,,,,,,,,,,c-8,negs,100,left,0.9389639159999206,None,None,,,,,,,,,,,0,551,551,388,977.071820541998,,,,,,,,,,,,,,,,,,,,,,,,,,,,,,,,,,,,,,,,,,,,,,,,,,,,,,,,,,,,,,,,977.063638874999,977.071820541998,977.5614094589982,977.5614094589982,977.6359787499969,977.6359787499969,978.0213111249977,left,0.9389639159999206,None,978.0214294589969,978.0214821670015,None,,,,,,,,,,,,21049994,0,2025-12-01_12h27.08.742,tilt_mocs,2024.2.4,120.11218477836073,2025-12-01 12h27.34.412624 -0500,
2,15.0,,552,552,0,,,,,,,,,,c+2,poss,100,right,1.039989874996536,None,None,,,,,,,,,,,0,552,552,125,978.0318419589967,,,,,,,,,,,,,,,,,,,,,,,,,,,,,,,,,,,,,,,,,,,,,,,,,,,,,,,,,,,,,,,,978.0238310419954,978.0318419589967,978.5187080420001,978.5187080420001,978.5913099589961,978.5913099589961,979.0776880420017,right,1.039989874996536,None,979.0777840840019,979.0778278340003,None,,,,,,,,,,,,21049994,0,2025-12-01_12h27.08.742,tilt_mocs,2024.2.4,120.11218477836073,2025-12-01 12h27.34.412624 -0500,
8,15.0,,553,553,0,,,,,,,,,,c+8,poss,100,right,1.0338654999941355,None,None,,,,,,,,,,,0,553,553,292,979.0880478339968,,,,,,,,,,,,,,,,,,,,,,,,,,,,,,,,,,,,,,,,,,,,,,,,,,,,,,,,,,,,,,,,979.0796907920012,979.0880478339968,979.5775742920014,979.5775742920014,979.6515181249997,979.6515181249997,980.1270459169973,right,1.0338654999941355,None,980.1271485420002,980.127191749998,None,,,,,,,,,,,,21049994,0,2025-12-01_12h27.08.742,tilt_mocs,2024.2.4,120.11218477836073,2025-12-01 12h27.34.412624 -0500,
-4,0.0,,554,554,0,,,,,,,,,,c-4,noss,0,left,0.9350848750036675,None,None,,,,,,,,,,,0,554,554,692,980.1374921669994,,,,,,,,,,,,,,,,,,,,,,,,,,,,,,,,,,,,,,,,,,,,,,,,,,,,,,,,,,,,,,,,980.1290697500008,980.1374921669994,980.6284216249987,980.6284216249987,980.7028879589998,980.7028879589998,981.0771126670006,left,0.9350848750036675,None,981.0772519999955,981.0773056670005,None,,,,,,,,,,,,21049994,0,2025-12-01_12h27.08.742,tilt_mocs,2024.2.4,120.11218477836073,2025-12-01 12h27.34.412624 -0500,
-2,0.0,,555,555,0,,,,,,,,,,c-2,noss,0,left,0.9458446249991539,None,None,,,,,,,,,,,0,555,555,734,981.0875626669949,,,,,,,,,,,,,,,,,,,,,,,,,,,,,,,,,,,,,,,,,,,,,,,,,,,,,,,,,,,,,,,,981.0794509589978,981.0875626669949,981.5777861249953,981.5777861249953,981.6527861669965,981.6527861669965,982.0380957499947,left,0.9458446249991539,None,982.0382218750019,982.0382767499977,None,,,,,,,,,,,,21049994,0,2025-12-01_12h27.08.742,tilt_mocs,2024.2.4,120.11218477836073,2025-12-01 12h27.34.412624 -0500,
8,15.0,,556,556,0,,,,,,,,,,c+8,poss,100,right,0.9313523750024615,None,None,,,,,,,,,,,0,556,556,288,982.0483413749971,,,,,,,,,,,,,,,,,,,,,,,,,,,,,,,,,,,,,,,,,,,,,,,,,,,,,,,,,,,,,,,,982.0401576250006,982.0483413749971,982.5355704589965,982.5355704589965,982.6076911249984,982.6076911249984,982.9885064170012,right,0.9313523750024615,None,982.9886377919975,982.988693542,None,,,,,,,,,,,,21049994,0,2025-12-01_12h27.08.742,tilt_mocs,2024.2.4,120.11218477836073,2025-12-01 12h27.34.412624 -0500,
-4,-15.0,,557,557,0,,,,,,,,,,c-4,negs,100,left,0.9372286670040921,None,None,,,,,,,,,,,0,557,557,500,982.9987477499963,,,,,,,,,,,,,,,,,,,,,,,,,,,,,,,,,,,,,,,,,,,,,,,,,,,,,,,,,,,,,,,,982.9906263340017,982.9987477499963,983.4855370000005,983.4855370000005,983.5577367090009,983.5577367090009,983.9383800840005,left,0.9372286670040921,None,983.9385191249967,983.9385737499979,None,,,,,,,,,,,,21049994,0,2025-12-01_12h27.08.742,tilt_mocs,2024.2.4,120.11218477836073,2025-12-01 12h27.34.412624 -0500,
1,0.0,,558,558,0,,,,,,,,,,c+1,noss,0,right,0.8559908749957685,None,None,,,,,,,,,,,0,558,558,881,983.948966291995,,,,,,,,,,,,,,,,,,,,,,,,,,,,,,,,,,,,,,,,,,,,,,,,,,,,,,,,,,,,,,,,983.9410081249953,983.948966291995,984.4355896669949,984.4355896669949,984.5077387089987,984.5077387089987,984.8108725419952,right,0.8559908749957685,None,984.8109952919986,984.811049416996,None,,,,,,,,,,,,21049994,0,2025-12-01_12h27.08.742,tilt_mocs,2024.2.4,120.11218477836073,2025-12-01 12h27.34.412624 -0500,
4,0.0,,559,559,0,,,,,,,,,,c+4,noss,0,right,1.1337457910049125,None,None,,,,,,,,,,,0,559,559,985,984.8214343750005,,,,,,,,,,,,,,,,,,,,,,,,,,,,,,,,,,,,,,,,,,,,,,,,,,,,,,,,,,,,,,,,984.8131119589962,984.8214343750005,985.3111493339966,985.3111493339966,985.3861912089997,985.3861912089997,985.9598725420001,right,1.1337457910049125,None,985.9599726250017,985.9600156250017,None,,,,,,,,,,,,21049994,0,2025-12-01_12h27.08.742,tilt_mocs,2024.2.4,120.11218477836073,2025-12-01 12h27.34.412624 -0500,
2,0.0,,560,560,0,,,,,,,,,,c+2,noss,0,right,0.9967705000017304,None,None,,,,,,,,,,,0,560,560,898,985.9858582500019,,,,,,,,,,,,,,,,,,,,,,,,,,,,,,,,,,,,,,,,,,,,,,,,,,,,,,,,,,,,,,,,985.9618919589993,985.9858582500019,986.4617493749975,986.4617493749975,986.5362587919954,986.5362587919954,986.9890917090015,right,0.9967705000017304,None,986.9892614169949,986.9893277919982,None,,,,,,,,,,,,21049994,0,2025-12-01_12h27.08.742,tilt_mocs,2024.2.4,120.11218477836073,2025-12-01 12h27.34.412624 -0500,
-2,-15.0,,561,561,0,,,,,,,,,,c-2,negs,100,right,1.0905882500010193,None,None,,,,,,,,,,,0,561,561,526,987.0002231670005,,,,,,,,,,,,,,,,,,,,,,,,,,,,,,,,,,,,,,,,,,,,,,,,,,,,,,,,,,,,,,,,986.9918964169992,987.0002231670005,987.4857210839982,987.4857210839982,987.5580797090006,987.5580797090006,988.0947759589981,right,1.0905882500010193,None,988.094898958996,988.094952458996,None,,,,,,,,,,,,21049994,0,2025-12-01_12h27.08.742,tilt_mocs,2024.2.4,120.11218477836073,2025-12-01 12h27.34.412624 -0500,
4,15.0,,562,562,0,,,,,,,,,,c+4,poss,100,right,0.9208603340011905,None,None,,,,,,,,,,,0,562,562,206,988.1054813340015,,,,,,,,,,,,,,,,,,,,,,,,,,,,,,,,,,,,,,,,,,,,,,,,,,,,,,,,,,,,,,,,988.0974574169959,988.1054813340015,988.5946062500007,988.5946062500007,988.6695853339988,988.6695853339988,989.0290990840003,right,0.9208603340011905,None,989.0292534589971,989.0294221250006,None,,,,,,,,,,,,21049994,0,2025-12-01_12h27.08.742,tilt_mocs,2024.2.4,120.11218477836073,2025-12-01 12h27.34.412624 -0500,
-2,0.0,,563,563,0,,,,,,,,,,c-2,noss,0,left,0.930954165996809,None,None,,,,,,,,,,,0,563,563,753,989.0393511669972,,,,,,,,,,,,,,,,,,,,,,,,,,,,,,,,,,,,,,,,,,,,,,,,,,,,,,,,,,,,,,,,989.0318622089981,989.0393511669972,989.5288624999957,989.5288624999957,989.6096257919999,989.6096257919999,989.9732094589999,left,0.930954165996809,None,989.9733492090018,989.973410958999,None,,,,,,,,,,,,21049994,0,2025-12-01_12h27.08.742,tilt_mocs,2024.2.4,120.11218477836073,2025-12-01 12h27.34.412624 -0500,
-1,0.0,,564,564,0,,,,,,,,,,c-1,noss,0,left,1.1155923339974834,None,None,,,,,,,,,,,0,564,564,811,989.9839609999981,,,,,,,,,,,,,,,,,,,,,,,,,,,,,,,,,,,,,,,,,,,,,,,,,,,,,,,,,,,,,,,,989.9756759169977,989.9839609999981,990.4692009589999,990.4692009589999,990.5411955839954,990.5411955839954,991.1050871670013,left,1.1155923339974834,None,991.1052132089972,991.1052680840003,None,,,,,,,,,,,,21049994,0,2025-12-01_12h27.08.742,tilt_mocs,2024.2.4,120.11218477836073,2025-12-01 12h27.34.412624 -0500,
8,15.0,,565,565,0,,,,,,,,,,c+8,poss,100,right,0.9903762499961886,None,None,,,,,,,,,,,0,565,565,332,991.1151794999969,,,,,,,,,,,,,,,,,,,,,,,,,,,,,,,,,,,,,,,,,,,,,,,,,,,,,,,,,,,,,,,,991.1072117500007,991.1151794999969,991.6025819589995,991.6025819589995,991.6747133749959,991.6747133749959,992.1102939589982,right,0.9903762499961886,None,992.1103934589992,992.1104369999957,None,,,,,,,,,,,,21049994,0,2025-12-01_12h27.08.742,tilt_mocs,2024.2.4,120.11218477836073,2025-12-01 12h27.34.412624 -0500,
8,15.0,,566,566,0,,,,,,,,,,c+8,poss,100,right,0.8556859160016757,None,None,,,,,,,,,,,0,566,566,294,992.1361219169994,,,,,,,,,,,,,,,,,,,,,,,,,,,,,,,,,,,,,,,,,,,,,,,,,,,,,,,,,,,,,,,,992.1123599999992,992.1361219169994,992.6019676249998,992.6019676249998,992.6749353749983,992.6749353749983,992.9946840839984,right,0.8556859160016757,None,992.9947807919962,992.9948230419977,None,,,,,,,,,,,,21049994,0,2025-12-01_12h27.08.742,tilt_mocs,2024.2.4,120.11218477836073,2025-12-01 12h27.34.412624 -0500,
8,15.0,,567,567,0,,,,,,,,,,c+8,poss,100,right,0.9007193750003353,None,None,,,,,,,,,,,0,567,567,285,993.0046812500004,,,,,,,,,,,,,,,,,,,,,,,,,,,,,,,,,,,,,,,,,,,,,,,,,,,,,,,,,,,,,,,,992.9966707499989,993.0046812500004,993.4954122089985,993.4954122089985,993.5699957499965,993.5699957499965,993.9118612919992,right,0.9007193750003353,None,993.9119655839968,993.9120093339952,None,,,,,,,,,,,,21049994,0,2025-12-01_12h27.08.742,tilt_mocs,2024.2.4,120.11218477836073,2025-12-01 12h27.34.412624 -0500,
-2,0.0,,568,568,0,,,,,,,,,,c-2,noss,0,left,0.9428810419994988,None,None,,,,,,,,,,,0,568,568,765,993.9221344999969,,,,,,,,,,,,,,,,,,,,,,,,,,,,,,,,,,,,,,,,,,,,,,,,,,,,,,,,,,,,,,,,993.9138767499971,993.9221344999969,994.4117542089953,994.4117542089953,994.4863556249984,994.4863556249984,994.871840791995,left,0.9428810419994988,None,994.8719624590012,994.8720327089977,None,,,,,,,,,,,,21049994,0,2025-12-01_12h27.08.742,tilt_mocs,2024.2.4,120.11218477836073,2025-12-01 12h27.34.412624 -0500,
0,-15.0,,569,569,0,,,,,,,,,,c+0,negs,100,left,0.8917358329999843,None,None,,,,,,,,,,,0,569,569,608,994.8820661249993,,,,,,,,,,,,,,,,,,,,,,,,,,,,,,,,,,,,,,,,,,,,,,,,,,,,,,,,,,,,,,,,994.8740264169974,994.8820661249993,995.3693958750009,995.3693958750009,995.4420208750016,995.4420208750016,995.7777652090008,left,0.8917358329999843,None,995.7778925419989,995.7779470419991,None,,,,,,,,,,,,21049994,0,2025-12-01_12h27.08.742,tilt_mocs,2024.2.4,120.11218477836073,2025-12-01 12h27.34.412624 -0500,
-8,-15.0,,570,570,0,,,,,,,,,,c-8,negs,100,left,0.9343467910002801,None,None,,,,,,,,,,,0,570,570,342,995.7880226249981,,,,,,,,,,,,,,,,,,,,,,,,,,,,,,,,,,,,,,,,,,,,,,,,,,,,,,,,,,,,,,,,995.7799357089971,995.7880226249981,996.2780247920018,996.2780247920018,996.353417499995,996.353417499995,996.727409209001,left,0.9343467910002801,None,996.7275315840016,996.727585458997,None,,,,,,,,,,,,21049994,0,2025-12-01_12h27.08.742,tilt_mocs,2024.2.4,120.11218477836073,2025-12-01 12h27.34.412624 -0500,
2,0.0,,571,571,0,,,,,,,,,,c+2,noss,0,right,0.9236026250000577,None,None,,,,,,,,,,,0,571,571,950,996.7530423749995,,,,,,,,,,,,,,,,,,,,,,,,,,,,,,,,,,,,,,,,,,,,,,,,,,,,,,,,,,,,,,,,996.7295100839983,996.7530423749995,997.2285403339993,997.2285403339993,997.3033145000009,997.3033145000009,997.6887879589995,right,0.9236026250000577,None,997.6889109589974,997.6889650839948,None,,,,,,,,,,,,21049994,0,2025-12-01_12h27.08.742,tilt_mocs,2024.2.4,120.11218477836073,2025-12-01 12h27.34.412624 -0500,
-2,-15.0,,572,572,0,,,,,,,,,,c-2,negs,100,left,0.9460395409987541,None,None,,,,,,,,,,,0,572,572,549,997.6988749590018,,,,,,,,,,,,,,,,,,,,,,,,,,,,,,,,,,,,,,,,,,,,,,,,,,,,,,,,,,,,,,,,997.6909382090016,997.6988749590018,998.186311874997,998.186311874997,998.2591727920008,998.2591727920008,998.6553554999991,left,0.9460395409987541,None,998.6554537920019,998.6554962919981,None,,,,,,,,,,,,21049994,0,2025-12-01_12h27.08.742,tilt_mocs,2024.2.4,120.11218477836073,2025-12-01 12h27.34.412624 -0500,
4,0.0,,573,573,0,,,,,,,,,,c+4,noss,0,right,0.9210842920001596,None,None,,,,,,,,,,,0,573,573,961,998.6649621670003,,,,,,,,,,,,,,,,,,,,,,,,,,,,,,,,,,,,,,,,,,,,,,,,,,,,,,,,,,,,,,,,998.6573705839983,998.6649621670003,999.152890583995,999.152890583995,999.2252753749999,999.2252753749999,999.5886681249976,right,0.9210842920001596,None,999.5887923339978,999.5888461249997,None,,,,,,,,,,,,21049994,0,2025-12-01_12h27.08.742,tilt_mocs,2024.2.4,120.11218477836073,2025-12-01 12h27.34.412624 -0500,
-6,-15.0,,574,574,0,,,,,,,,,,c-6,negs,100,left,0.9811591250036145,None,None,,,,,,,,,,,0,574,574,409,999.5988704589981,,,,,,,,,,,,,,,,,,,,,,,,,,,,,,,,,,,,,,,,,,,,,,,,,,,,,,,,,,,,,,,,999.5909971250003,999.5988704589981,1000.0861506250003,1000.0861506250003,1000.1584365839954,1000.1584365839954,1000.588814374998,left,0.9811591250036145,None,1000.5889234169954,1000.5889675419967,None,,,,,,,,,,,,21049994,0,2025-12-01_12h27.08.742,tilt_mocs,2024.2.4,120.11218477836073,2025-12-01 12h27.34.412624 -0500,
1,0.0,,575,575,0,,,,,,,,,,c+1,noss,0,left,1.0787540419987636,None,None,,,,,,,,,,,0,575,575,890,1000.5993027919976,,,,,,,,,,,,,,,,,,,,,,,,,,,,,,,,,,,,,,,,,,,,,,,,,,,,,,,,,,,,,,,,1000.5913157499963,1000.5993027919976,1001.0863207919974,1001.0863207919974,1001.159760124996,1001.159760124996,1001.6892772919964,left,1.0787540419987636,None,1001.6895041669995,1001.6896793749984,None,,,,,,,,,,,,21049994,0,2025-12-01_12h27.08.742,tilt_mocs,2024.2.4,120.11218477836073,2025-12-01 12h27.34.412624 -0500,
4,15.0,,576,576,0,,,,,,,,,,c+4,poss,100,right,1.088545416998386,None,None,,,,,,,,,,,0,576,576,191,1001.7008084589979,,,,,,,,,,,,,,,,,,,,,,,,,,,,,,,,,,,,,,,,,,,,,,,,,,,,,,,,,,,,,,,,1001.6921570839986,1001.7008084589979,1002.1864141249971,1002.1864141249971,1002.2703785839985,1002.2703785839985,1002.7946517919991,right,1.088545416998386,None,1002.7947494589971,1002.7947915420009,None,,,,,,,,,,,,21049994,0,2025-12-01_12h27.08.742,tilt_mocs,2024.2.4,120.11218477836073,2025-12-01 12h27.34.412624 -0500,
4,0.0,,577,577,0,,,,,,,,,,c+4,noss,0,left,0.9715556670053047,None,None,,,,,,,,,,,0,577,577,1000,1002.8049487919998,,,,,,,,,,,,,,,,,,,,,,,,,,,,,,,,,,,,,,,,,,,,,,,,,,,,,,,,,,,,,,,,1002.7967044589968,1002.8049487919998,1003.2949325840018,1003.2949325840018,1003.3700394589978,1003.3700394589978,1003.7890330840019,left,0.9715556670053047,None,1003.7891581250005,1003.7892126669976,None,,,,,,,,,,,,21049994,0,2025-12-01_12h27.08.742,tilt_mocs,2024.2.4,120.11218477836073,2025-12-01 12h27.34.412624 -0500,
0,15.0,,578,578,0,,,,,,,,,,c+0,poss,100,left,1.0153869159985334,None,None,,,,,,,,,,,0,578,578,57,1003.7995584169985,,,,,,,,,,,,,,,,,,,,,,,,,,,,,,,,,,,,,,,,,,,,,,,,,,,,,,,,,,,,,,,,1003.7915312499972,1003.7995584169985,1004.2863916669958,1004.2863916669958,1004.3596175419952,1004.3596175419952,1004.8224859170004,left,1.0153869159985334,None,1004.822613874996,1004.8226663339956,None,,,,,,,,,,,,21049994,0,2025-12-01_12h27.08.742,tilt_mocs,2024.2.4,120.11218477836073,2025-12-01 12h27.34.412624 -0500,
4,15.0,,579,579,0,,,,,,,,,,c+4,poss,100,left,0.9803520409986959,None,None,,,,,,,,,,,0,579,579,176,1004.8328992089955,,,,,,,,,,,,,,,,,,,,,,,,,,,,,,,,,,,,,,,,,,,,,,,,,,,,,,,,,,,,,,,,1004.824731708999,1004.8328992089955,1005.3197315419966,1005.3197315419966,1005.3922072919959,1005.3922072919959,1005.8222276669985,left,0.9803520409986959,None,1005.8223300839963,1005.8223723339979,None,,,,,,,,,,,,21049994,0,2025-12-01_12h27.08.742,tilt_mocs,2024.2.4,120.11218477836073,2025-12-01 12h27.34.412624 -0500,
-1,0.0,,580,580,0,,,,,,,,,,c-1,noss,0,left,0.8715695419959957,None,None,,,,,,,,,,,0,580,580,787,1005.8322013340003,,,,,,,,,,,,,,,,,,,,,,,,,,,,,,,,,,,,,,,,,,,,,,,,,,,,,,,,,,,,,,,,1005.8242665840007,1005.8322013340003,1006.3198512499948,1006.3198512499948,1006.391699916996,1006.391699916996,1006.7068660000004,left,0.8715695419959957,None,1006.7070071249982,1006.7070663339982,None,,,,,,,,,,,,21049994,0,2025-12-01_12h27.08.742,tilt_mocs,2024.2.4,120.11218477836073,2025-12-01 12h27.34.412624 -0500,
-2,0.0,,581,581,0,,,,,,,,,,c-2,noss,0,left,0.8729867090005428,None,None,,,,,,,,,,,0,581,581,774,1006.7171432089963,,,,,,,,,,,,,,,,,,,,,,,,,,,,,,,,,,,,,,,,,,,,,,,,,,,,,,,,,,,,,,,,1006.7091873339959,1006.7171432089963,1007.2034087919965,1007.2034087919965,1007.275129374997,1007.275129374997,1007.5952663749995,left,0.8729867090005428,None,1007.5953955419973,1007.5954486670016,None,,,,,,,,,,,,21049994,0,2025-12-01_12h27.08.742,tilt_mocs,2024.2.4,120.11218477836073,2025-12-01 12h27.34.412624 -0500,
0,15.0,,582,582,0,,,,,,,,,,c+0,poss,100,left,0.9362824589989032,None,None,,,,,,,,,,,0,582,582,65,1007.6053374999974,,,,,,,,,,,,,,,,,,,,,,,,,,,,,,,,,,,,,,,,,,,,,,,,,,,,,,,,,,,,,,,,1007.5973547920003,1007.6053374999974,1008.0956132919964,1008.0956132919964,1008.1704595839983,1008.1704595839983,1008.544331416997,left,0.9362824589989032,None,1008.5444348749952,1008.5444771249968,None,,,,,,,,,,,,21049994,0,2025-12-01_12h27.08.742,tilt_mocs,2024.2.4,120.11218477836073,2025-12-01 12h27.34.412624 -0500,
-8,-15.0,,583,583,0,,,,,,,,,,c-8,negs,100,left,0.8949375829979545,None,None,,,,,,,,,,,0,583,583,385,1008.5700982089984,,,,,,,,,,,,,,,,,,,,,,,,,,,,,,,,,,,,,,,,,,,,,,,,,,,,,,,,,,,,,,,,1008.5463471249968,1008.5700982089984,1009.0463040839968,1009.0463040839968,1009.1205492500012,1009.1205492500012,1009.4724251250009,left,0.8949375829979545,None,1009.4725512919977,1009.4726269589955,None,,,,,,,,,,,,21049994,0,2025-12-01_12h27.08.742,tilt_mocs,2024.2.4,120.11218477836073,2025-12-01 12h27.34.412624 -0500,
-2,-15.0,,584,584,0,,,,,,,,,,c-2,negs,100,left,1.1391662079986418,None,None,,,,,,,,,,,0,584,584,515,1009.4826499170013,,,,,,,,,,,,,,,,,,,,,,,,,,,,,,,,,,,,,,,,,,,,,,,,,,,,,,,,,,,,,,,,1009.4747469169961,1009.4826499170013,1009.9698762499975,1009.9698762499975,1010.0424016249963,1010.0424016249963,1010.6286492500003,left,1.1391662079986418,None,1010.628768124996,1010.6288255839972,None,,,,,,,,,,,,21049994,0,2025-12-01_12h27.08.742,tilt_mocs,2024.2.4,120.11218477836073,2025-12-01 12h27.34.412624 -0500,
8,15.0,,585,585,0,,,,,,,,,,c+8,poss,100,left,0.8503129169985186,None,None,,,,,,,,,,,0,585,585,291,1010.6392447089966,,,,,,,,,,,,,,,,,,,,,,,,,,,,,,,,,,,,,,,,,,,,,,,,,,,,,,,,,,,,,,,,1010.6309374589982,1010.6392447089966,1011.1295055419978,1011.1295055419978,1011.2037859589982,1011.2037859589982,1011.4943224589952,left,0.8503129169985186,None,1011.4944205419961,1011.4944646669974,None,,,,,,,,,,,,21049994,0,2025-12-01_12h27.08.742,tilt_mocs,2024.2.4,120.11218477836073,2025-12-01 12h27.34.412624 -0500,
2,15.0,,586,586,0,,,,,,,,,,c+2,poss,100,left,0.8904250420018798,None,None,,,,,,,,,,,0,586,586,142,1011.5202342919947,,,,,,,,,,,,,,,,,,,,,,,,,,,,,,,,,,,,,,,,,,,,,,,,,,,,,,,,,,,,,,,,1011.4964001670014,1011.5202342919947,1011.9954251669988,1011.9954251669988,1012.0703652090015,1012.0703652090015,1012.4132649169987,left,0.8904250420018798,None,1012.4133912089965,1012.4134453340012,None,,,,,,,,,,,,21049994,0,2025-12-01_12h27.08.742,tilt_mocs,2024.2.4,120.11218477836073,2025-12-01 12h27.34.412624 -0500,
8,15.0,,587,587,0,,,,,,,,,,c+8,poss,100,left,0.9702882909987238,None,None,,,,,,,,,,,0,587,587,301,1012.4230891670013,,,,,,,,,,,,,,,,,,,,,,,,,,,,,,,,,,,,,,,,,,,,,,,,,,,,,,,,,,,,,,,,1012.4155306249959,1012.4230891670013,1012.9123894590011,1012.9123894590011,1012.9871757090004,1012.9871757090004,1013.4038239590009,left,0.9702882909987238,None,1013.4039289169959,1013.4039716670013,None,,,,,,,,,,,,21049994,0,2025-12-01_12h27.08.742,tilt_mocs,2024.2.4,120.11218477836073,2025-12-01 12h27.34.412624 -0500,
6,15.0,,588,588,0,,,,,,,,,,c+6,poss,100,left,0.9250488750039949,None,None,,,,,,,,,,,0,588,588,251,1013.4113867499982,,,,,,,,,,,,,,,,,,,,,,,,,,,,,,,,,,,,,,,,,,,,,,,,,,,,,,,,,,,,,,,,1013.4062422499992,1013.4113867499982,1013.8961192499992,1013.8961192499992,1013.9705821669995,1013.9705821669995,1014.3392661249964,left,0.9250488750039949,None,1014.3393684999974,1014.339410583998,None,,,,,,,,,,,,21049994,0,2025-12-01_12h27.08.742,tilt_mocs,2024.2.4,120.11218477836073,2025-12-01 12h27.34.412624 -0500,
-1,0.0,,589,589,0,,,,,,,,,,c-1,noss,0,left,1.033710333002091,None,None,,,,,,,,,,,0,589,589,816,1014.3493323340008,,,,,,,,,,,,,,,,,,,,,,,,,,,,,,,,,,,,,,,,,,,,,,,,,,,,,,,,,,,,,,,,1014.3412606669954,1014.3493323340008,1014.8368408749957,1014.8368408749957,1014.9087289589952,1014.9087289589952,1015.3893503750005,left,1.033710333002091,None,1015.3894552919955,1015.3894978339958,None,,,,,,,,,,,,21049994,0,2025-12-01_12h27.08.742,tilt_mocs,2024.2.4,120.11218477836073,2025-12-01 12h27.34.412624 -0500,
2,15.0,,590,590,0,,,,,,,,,,c+2,poss,100,left,0.9995602089984459,None,None,,,,,,,,,,,0,590,590,117,1015.3993354999984,,,,,,,,,,,,,,,,,,,,,,,,,,,,,,,,,,,,,,,,,,,,,,,,,,,,,,,,,,,,,,,,1015.3913678749959,1015.3993354999984,1015.8868850840008,1015.8868850840008,1015.959037749999,1015.959037749999,1016.4063765419996,left,0.9995602089984459,None,1016.4064789170006,1016.4065227499959,None,,,,,,,,,,,,21049994,0,2025-12-01_12h27.08.742,tilt_mocs,2024.2.4,120.11218477836073,2025-12-01 12h27.34.412624 -0500,
0,-15.0,,591,591,0,,,,,,,,,,c+0,negs,100,right,1.07344233400363,None,None,,,,,,,,,,,0,591,591,581,1016.4163758750001,,,,,,,,,,,,,,,,,,,,,,,,,,,,,,,,,,,,,,,,,,,,,,,,,,,,,,,,,,,,,,,,1016.408367541997,1016.4163758750001,1016.9035443339963,1016.9035443339963,1016.975533124998,1016.975533124998,1017.4945203749958,right,1.07344233400363,None,1017.4946407089956,1017.4946940000009,None,,,,,,,,,,,,21049994,0,2025-12-01_12h27.08.742,tilt_mocs,2024.2.4,120.11218477836073,2025-12-01 12h27.34.412624 -0500,
-2,0.0,,592,592,0,,,,,,,,,,c-2,noss,0,left,0.9843601250031497,None,None,,,,,,,,,,,0,592,592,770,1017.5204186249975,,,,,,,,,,,,,,,,,,,,,,,,,,,,,,,,,,,,,,,,,,,,,,,,,,,,,,,,,,,,,,,,1017.4967715419989,1017.5204186249975,1017.9956808749994,1017.9956808749994,1018.0708378339987,1018.0708378339987,1018.5159477919951,left,0.9843601250031497,None,1018.5160514169984,1018.5160932500003,None,,,,,,,,,,,,21049994,0,2025-12-01_12h27.08.742,tilt_mocs,2024.2.4,120.11218477836073,2025-12-01 12h27.34.412624 -0500,
2,0.0,,593,593,0,,,,,,,,,,c+2,noss,0,right,1.0218652080002357,None,None,,,,,,,,,,,0,593,593,931,1018.5227859169972,,,,,,,,,,,,,,,,,,,,,,,,,,,,,,,,,,,,,,,,,,,,,,,,,,,,,,,,,,,,,,,,1018.517979874996,1018.5227859169972,1019.0126839590012,1019.0126839590012,1019.0873896249977,1019.0873896249977,1019.5560930419961,right,1.0218652080002357,None,1019.5562266249981,1019.5562813750003,None,,,,,,,,,,,,21049994,0,2025-12-01_12h27.08.742,tilt_mocs,2024.2.4,120.11218477836073,2025-12-01 12h27.34.412624 -0500,
-4,-15.0,,594,594,0,,,,,,,,,,c-4,negs,100,right,1.3420856250013458,None,None,,,,,,,,,,,0,594,594,492,1019.5665702499973,,,,,,,,,,,,,,,,,,,,,,,,,,,,,,,,,,,,,,,,,,,,,,,,,,,,,,,,,,,,,,,,1019.5585721669995,1019.5665702499973,1020.0536810420017,1020.0536810420017,1020.1258074590005,1020.1258074590005,1020.9115922089986,right,1.3420856250013458,None,1020.9117146249991,1020.9117694169981,None,,,,,,,,,,,,21049994,0,2025-12-01_12h27.08.742,tilt_mocs,2024.2.4,120.11218477836073,2025-12-01 12h27.34.412624 -0500,
0,15.0,,595,595,0,,,,,,,,,,c+0,poss,100,left,0.9884873749979306,None,None,,,,,,,,,,,0,595,595,104,1020.9225368749976,,,,,,,,,,,,,,,,,,,,,,,,,,,,,,,,,,,,,,,,,,,,,,,,,,,,,,,,,,,,,,,,1020.9138979589989,1020.9225368749976,1021.4125752499967,1021.4125752499967,1021.4877247499971,1021.4877247499971,1021.9232736670019,left,0.9884873749979306,None,1021.9234010419968,1021.9234555840012,None,,,,,,,,,,,,21049994,0,2025-12-01_12h27.08.742,tilt_mocs,2024.2.4,120.11218477836073,2025-12-01 12h27.34.412624 -0500,
-2,15.0,,596,596,0,,,,,,,,,,c-2,poss,100,left,0.9385142079991056,None,None,,,,,,,,,,,0,596,596,7,1021.9333578750011,,,,,,,,,,,,,,,,,,,,,,,,,,,,,,,,,,,,,,,,,,,,,,,,,,,,,,,,,,,,,,,,1021.9253830000016,1021.9333578750011,1022.420363792,1022.420363792,1022.4932681669961,1022.4932681669961,1022.8833882920007,left,0.9385142079991056,None,1022.8834881669973,1022.8835335839976,None,,,,,,,,,,,,21049994,0,2025-12-01_12h27.08.742,tilt_mocs,2024.2.4,120.11218477836073,2025-12-01 12h27.34.412624 -0500,
2,15.0,,597,597,0,,,,,,,,,,c+2,poss,100,left,1.069890167003905,None,None,,,,,,,,,,,0,597,597,130,1022.8901102499949,,,,,,,,,,,,,,,,,,,,,,,,,,,,,,,,,,,,,,,,,,,,,,,,,,,,,,,,,,,,,,,,1022.8854128339954,1022.8901102499949,1023.3795919999975,1023.3795919999975,1023.454293584,1023.454293584,1023.9624432919954,left,1.069890167003905,None,1023.9625650000016,1023.962629374997,None,,,,,,,,,,,,21049994,0,2025-12-01_12h27.08.742,tilt_mocs,2024.2.4,120.11218477836073,2025-12-01 12h27.34.412624 -0500,
2,-15.0,,598,598,0,,,,,,,,,,c+2,negs,100,right,0.9991902909969212,None,None,,,,,,,,,,,0,598,598,631,1023.9724995840006,,,,,,,,,,,,,,,,,,,,,,,,,,,,,,,,,,,,,,,,,,,,,,,,,,,,,,,,,,,,,,,,1023.9645698749955,1023.9724995840006,1024.4630763339956,1024.4630763339956,1024.537602999997,1024.537602999997,1024.9824471249958,right,0.9991902909969212,None,1024.982544999999,1024.9825873750015,None,,,,,,,,,,,,21049994,0,2025-12-01_12h27.08.742,tilt_mocs,2024.2.4,120.11218477836073,2025-12-01 12h27.34.412624 -0500,
2,-15.0,,599,599,0,,,,,,,,,,c+2,negs,100,right,0.9595083750027698,None,None,,,,,,,,,,,0,599,599,642,1024.990043083999,,,,,,,,,,,,,,,,,,,,,,,,,,,,,,,,,,,,,,,,,,,,,,,,,,,,,,,,,,,,,,,,1024.9844585419996,1024.990043083999,1025.4800635840002,1025.4800635840002,1025.5546409169983,1025.5546409169983,1025.9561355839978,right,0.9595083750027698,None,1025.956261333995,1025.956313374998,None,,,,,,,,,,,,21049994,0,2025-12-01_12h27.08.742,tilt_mocs,2024.2.4,120.11218477836073,2025-12-01 12h27.34.412624 -0500,
0,-15.0,,600,600,0,,,,,,,,,,c+0,negs,100,right,0.9551599589976831,None,None,,,,,,,,,,,0,600,600,574,1025.966352042,,,,,,,,,,,,,,,,,,,,,,,,,,,,,,,,,,,,,,,,,,,,,,,,,,,,,,,,,,,,,,,,1025.9583164169962,1025.966352042,1026.4537919169961,1026.4537919169961,1026.5268579999974,1026.5268579999974,1026.9240334999995,right,0.9551599589976831,None,1026.9241673750003,1026.9242232089964,None,,,,,,,,,,,,21049994,0,2025-12-01_12h27.08.742,tilt_mocs,2024.2.4,120.11218477836073,2025-12-01 12h27.34.412624 -0500,
-2,0.0,,601,601,0,,,,,,,,,,c-2,noss,0,left,1.0194911250000587,None,None,,,,,,,,,,,0,601,601,768,1026.9349597920009,,,,,,,,,,,,,,,,,,,,,,,,,,,,,,,,,,,,,,,,,,,,,,,,,,,,,,,,,,,,,,,,1026.9268862499957,1026.9349597920009,1027.4206827919988,1027.4206827919988,1027.4931837499971,1027.4931837499971,1027.957266874997,left,1.0194911250000587,None,1027.957406417001,1027.9574706669955,None,,,,,,,,,,,,21049994,0,2025-12-01_12h27.08.742,tilt_mocs,2024.2.4,120.11218477836073,2025-12-01 12h27.34.412624 -0500,
4,15.0,,602,602,0,,,,,,,,,,c+4,poss,100,left,1.2381113749943324,None,None,,,,,,,,,,,0,602,602,217,1027.967725167,,,,,,,,,,,,,,,,,,,,,,,,,,,,,,,,,,,,,,,,,,,,,,,,,,,,,,,,,,,,,,,,1027.9597565000004,1027.967725167,1028.4539840419966,1028.4539840419966,1028.5266801249963,1028.5266801249963,1029.2117435420005,left,1.2381113749943324,None,1029.2118653750003,1029.211918916997,None,,,,,,,,,,,,21049994,0,2025-12-01_12h27.08.742,tilt_mocs,2024.2.4,120.11218477836073,2025-12-01 12h27.34.412624 -0500,
-1,0.0,,603,603,0,,,,,,,,,,c-1,noss,0,left,1.0175085420050891,None,None,,,,,,,,,,,0,603,603,834,1029.2374619170005,,,,,,,,,,,,,,,,,,,,,,,,,,,,,,,,,,,,,,,,,,,,,,,,,,,,,,,,,,,,,,,,1029.2138554170015,1029.2374619170005,1029.7041414589985,1029.7041414589985,1029.7762386670001,1029.7762386670001,1030.2574791669977,left,1.0175085420050891,None,1030.257594249997,1030.2576380839964,None,,,,,,,,,,,,21049994,0,2025-12-01_12h27.08.742,tilt_mocs,2024.2.4,120.11218477836073,2025-12-01 12h27.34.412624 -0500,
2,0.0,,604,604,0,,,,,,,,,,c+2,noss,0,left,1.0226002919953316,None,None,,,,,,,,,,,0,604,604,944,1030.2675895419961,,,,,,,,,,,,,,,,,,,,,,,,,,,,,,,,,,,,,,,,,,,,,,,,,,,,,,,,,,,,,,,,1030.2596293339957,1030.2675895419961,1030.754190874999,1030.754190874999,1030.827592624999,1030.827592624999,1031.2948258339966,left,1.0226002919953316,None,1031.2949236249988,1031.294964875,None,,,,,,,,,,,,21049994,0,2025-12-01_12h27.08.742,tilt_mocs,2024.2.4,120.11218477836073,2025-12-01 12h27.34.412624 -0500,
2,-15.0,,605,605,0,,,,,,,,,,c+2,negs,100,right,1.0941384170000674,None,None,,,,,,,,,,,0,605,605,643,1031.3050161249994,,,,,,,,,,,,,,,,,,,,,,,,,,,,,,,,,,,,,,,,,,,,,,,,,,,,,,,,,,,,,,,,1031.2968286249961,1031.3050161249994,1031.7963251670008,1031.7963251670008,1031.8714132089954,1031.8714132089954,1032.4072422089957,right,1.0941384170000674,None,1032.4075054589994,1032.4075985419986,None,,,,,,,,,,,,21049994,0,2025-12-01_12h27.08.742,tilt_mocs,2024.2.4,120.11218477836073,2025-12-01 12h27.34.412624 -0500,
-1,0.0,,606,606,0,,,,,,,,,,c-1,noss,0,left,1.1632080409981427,None,None,,,,,,,,,,,0,606,606,822,1032.4181088749974,,,,,,,,,,,,,,,,,,,,,,,,,,,,,,,,,,,,,,,,,,,,,,,,,,,,,,,,,,,,,,,,1032.4099356250008,1032.4181088749974,1032.9040926669986,1032.9040926669986,1032.977033833995,1032.977033833995,1033.5900951669973,left,1.1632080409981427,None,1033.5902014169988,1033.5902436249962,None,,,,,,,,,,,,21049994,0,2025-12-01_12h27.08.742,tilt_mocs,2024.2.4,120.11218477836073,2025-12-01 12h27.34.412624 -0500,
2,-15.0,,607,607,0,,,,,,,,,,c+2,negs,100,right,0.9576047079972341,None,None,,,,,,,,,,,0,607,607,645,1033.6001494590018,,,,,,,,,,,,,,,,,,,,,,,,,,,,,,,,,,,,,,,,,,,,,,,,,,,,,,,,,,,,,,,,1033.5921488749955,1033.6001494590018,1034.087549333999,1034.087549333999,1034.159574874997,1034.159574874997,1034.5621430839965,right,0.9576047079972341,None,1034.5622632090017,1034.5623169589962,None,,,,,,,,,,,,21049994,0,2025-12-01_12h27.08.742,tilt_mocs,2024.2.4,120.11218477836073,2025-12-01 12h27.34.412624 -0500,
-2,0.0,,608,608,0,,,,,,,,,,c-2,noss,0,left,1.3545215830017696,None,None,,,,,,,,,,,0,608,608,740,1034.587650166999,,,,,,,,,,,,,,,,,,,,,,,,,,,,,,,,,,,,,,,,,,,,,,,,,,,,,,,,,,,,,,,,1034.564325374995,1034.587650166999,1035.063008666999,1035.063008666999,1035.138017666999,1035.138017666999,1035.9454481669964,left,1.3545215830017696,None,1035.9455459169985,1035.945588208997,None,,,,,,,,,,,,21049994,0,2025-12-01_12h27.08.742,tilt_mocs,2024.2.4,120.11218477836073,2025-12-01 12h27.34.412624 -0500,
-6,-15.0,,609,609,0,,,,,,,,,,c-6,negs,100,left,1.0507064589983202,None,None,,,,,,,,,,,0,609,609,398,1035.9709394169986,,,,,,,,,,,,,,,,,,,,,,,,,,,,,,,,,,,,,,,,,,,,,,,,,,,,,,,,,,,,,,,,1035.9474814169953,1035.9709394169986,1036.4460086670006,1036.4460086670006,1036.5214433750007,1036.5214433750007,1037.0241874999992,left,1.0507064589983202,None,1037.0243036249958,1037.0243486249965,None,,,,,,,,,,,,21049994,0,2025-12-01_12h27.08.742,tilt_mocs,2024.2.4,120.11218477836073,2025-12-01 12h27.34.412624 -0500,
-2,15.0,,610,610,0,,,,,,,,,,c-2,poss,100,left,0.9920277089986484,None,None,,,,,,,,,,,0,610,610,0,1037.034388084001,,,,,,,,,,,,,,,,,,,,,,,,,,,,,,,,,,,,,,,,,,,,,,,,,,,,,,,,,,,,,,,,1037.0263763749972,1037.034388084001,1037.5209752919982,1037.5209752919982,1037.5932613339974,1037.5932613339974,1038.0289440839988,left,0.9920277089986484,None,1038.0290425419953,1038.0290852920007,None,,,,,,,,,,,,21049994,0,2025-12-01_12h27.08.742,tilt_mocs,2024.2.4,120.11218477836073,2025-12-01 12h27.34.412624 -0500,
8,15.0,,611,611,0,,,,,,,,,,c+8,poss,100,right,0.9374302080032066,None,None,,,,,,,,,,,0,611,611,308,1038.0544836670015,,,,,,,,,,,,,,,,,,,,,,,,,,,,,,,,,,,,,,,,,,,,,,,,,,,,,,,,,,,,,,,,1038.0309402499988,1038.0544836670015,1038.5301698749972,1038.5301698749972,1038.6048956669983,1038.6048956669983,1038.9956289589973,right,0.9374302080032066,None,1038.9957504589984,1038.9958043750012,None,,,,,,,,,,,,21049994,0,2025-12-01_12h27.08.742,tilt_mocs,2024.2.4,120.11218477836073,2025-12-01 12h27.34.412624 -0500,
1,0.0,,612,612,0,,,,,,,,,,c+1,noss,0,right,1.092274541995721,None,None,,,,,,,,,,,0,612,612,850,1039.0065954589954,,,,,,,,,,,,,,,,,,,,,,,,,,,,,,,,,,,,,,,,,,,,,,,,,,,,,,,,,,,,,,,,1038.9980413750018,1039.0065954589954,1039.497182250001,1039.497182250001,1039.5715142920017,1039.5715142920017,1040.1055568750016,right,1.092274541995721,None,1040.1056559169956,1040.1057039590014,None,,,,,,,,,,,,21049994,0,2025-12-01_12h27.08.742,tilt_mocs,2024.2.4,120.11218477836073,2025-12-01 12h27.34.412624 -0500,
2,15.0,,613,613,0,,,,,,,,,,c+2,poss,100,right,1.2649789589995635,None,None,,,,,,,,,,,0,613,613,114,1040.1157374999966,,,,,,,,,,,,,,,,,,,,,,,,,,,,,,,,,,,,,,,,,,,,,,,,,,,,,,,,,,,,,,,,1040.107552208996,1040.1157374999966,1040.596875833995,1040.596875833995,1040.6716252920014,1040.6716252920014,1041.3905914169954,right,1.2649789589995635,None,1041.3906950839955,1041.3907381669997,None,,,,,,,,,,,,21049994,0,2025-12-01_12h27.08.742,tilt_mocs,2024.2.4,120.11218477836073,2025-12-01 12h27.34.412624 -0500,
2,-15.0,,614,614,0,,,,,,,,,,c+2,negs,100,right,0.9513490419994923,None,None,,,,,,,,,,,0,614,614,665,1041.400949666997,,,,,,,,,,,,,,,,,,,,,,,,,,,,,,,,,,,,,,,,,,,,,,,,,,,,,,,,,,,,,,,,1041.3930452919958,1041.400949666997,1041.8877495419947,1041.8877495419947,1041.9598348340005,1041.9598348340005,1042.357353333995,right,0.9513490419994923,None,1042.3574687090004,1042.3575111669998,None,,,,,,,,,,,,21049994,0,2025-12-01_12h27.08.742,tilt_mocs,2024.2.4,120.11218477836073,2025-12-01 12h27.34.412624 -0500,
-4,0.0,,615,615,0,,,,,,,,,,c-4,noss,0,left,0.9875306660032948,None,None,,,,,,,,,,,0,615,615,706,1042.3677767499976,,,,,,,,,,,,,,,,,,,,,,,,,,,,,,,,,,,,,,,,,,,,,,,,,,,,,,,,,,,,,,,,1042.3593622089975,1042.3677767499976,1042.8545531249983,1042.8545531249983,1042.927376583997,1042.927376583997,1043.3583604589949,left,0.9875306660032948,None,1043.358541374997,1043.358611124997,None,,,,,,,,,,,,21049994,0,2025-12-01_12h27.08.742,tilt_mocs,2024.2.4,120.11218477836073,2025-12-01 12h27.34.412624 -0500,
4,0.0,,616,616,0,,,,,,,,,,c+4,noss,0,right,0.8757098329951987,None,None,,,,,,,,,,,0,616,616,979,1043.3694277089962,,,,,,,,,,,,,,,,,,,,,,,,,,,,,,,,,,,,,,,,,,,,,,,,,,,,,,,,,,,,,,,,1043.3611613749963,1043.3694277089962,1043.854587583999,1043.854587583999,1043.9280526250004,1043.9280526250004,1044.2571505000014,right,0.8757098329951987,None,1044.257273916999,1044.2573269589993,None,,,,,,,,,,,,21049994,0,2025-12-01_12h27.08.742,tilt_mocs,2024.2.4,120.11218477836073,2025-12-01 12h27.34.412624 -0500,
6,15.0,,617,617,0,,,,,,,,,,c+6,poss,100,right,0.9204538749982021,None,None,,,,,,,,,,,0,617,617,267,1044.267905624998,,,,,,,,,,,,,,,,,,,,,,,,,,,,,,,,,,,,,,,,,,,,,,,,,,,,,,,,,,,,,,,,1044.2597329169948,1044.267905624998,1044.754641458996,1044.754641458996,1044.8274981249997,1044.8274981249997,1045.1909985419989,right,0.9204538749982021,None,1045.1911773749962,1045.1912510420007,None,,,,,,,,,,,,21049994,0,2025-12-01_12h27.08.742,tilt_mocs,2024.2.4,120.11218477836073,2025-12-01 12h27.34.412624 -0500,
-2,15.0,,618,618,0,,,,,,,,,,c-2,poss,100,left,0.965333209001983,None,None,,,,,,,,,,,0,618,618,22,1045.2017883340013,,,,,,,,,,,,,,,,,,,,,,,,,,,,,,,,,,,,,,,,,,,,,,,,,,,,,,,,,,,,,,,,1045.1934861249974,1045.2017883340013,1045.6883961249987,1045.6883961249987,1045.7596293339957,1045.7596293339957,1046.1746647920008,left,0.965333209001983,None,1046.174809791999,1046.1748716669972,None,,,,,,,,,,,,21049994,0,2025-12-01_12h27.08.742,tilt_mocs,2024.2.4,120.11218477836073,2025-12-01 12h27.34.412624 -0500,
-4,-15.0,,619,619,0,,,,,,,,,,c-4,negs,100,left,1.2056958750035847,None,None,,,,,,,,,,,0,619,619,466,1046.1851647500007,,,,,,,,,,,,,,,,,,,,,,,,,,,,,,,,,,,,,,,,,,,,,,,,,,,,,,,,,,,,,,,,1046.1771198749993,1046.1851647500007,1046.6705271249957,1046.6705271249957,1046.7443130419997,1046.7443130419997,1047.396310541997,left,1.2056958750035847,None,1047.396411458998,1047.3964551249956,None,,,,,,,,,,,,21049994,0,2025-12-01_12h27.08.742,tilt_mocs,2024.2.4,120.11218477836073,2025-12-01 12h27.34.412624 -0500,
2,0.0,,620,620,0,,,,,,,,,,c+2,noss,0,right,0.921720958998776,None,None,,,,,,,,,,,0,620,620,928,1047.4068769169971,,,,,,,,,,,,,,,,,,,,,,,,,,,,,,,,,,,,,,,,,,,,,,,,,,,,,,,,,,,,,,,,1047.3983764590012,1047.4068769169971,1047.8968380419974,1047.8968380419974,1047.9718237499983,1047.9718237499983,1048.3408320000017,right,0.921720958998776,None,1048.3409582499953,1048.3410140839987,None,,,,,,,,,,,,21049994,0,2025-12-01_12h27.08.742,tilt_mocs,2024.2.4,120.11218477836073,2025-12-01 12h27.34.412624 -0500,
-2,0.0,,621,621,0,,,,,,,,,,c-2,noss,0,left,0.8910980000000563,None,None,,,,,,,,,,,0,621,621,739,1048.3505890000015,,,,,,,,,,,,,,,,,,,,,,,,,,,,,,,,,,,,,,,,,,,,,,,,,,,,,,,,,,,,,,,,1048.3430194999964,1048.3505890000015,1048.8381641250016,1048.8381641250016,1048.9104315840013,1048.9104315840013,1049.246296833997,left,0.8910980000000563,None,1049.2464417090014,1049.246500000001,None,,,,,,,,,,,,21049994,0,2025-12-01_12h27.08.742,tilt_mocs,2024.2.4,120.11218477836073,2025-12-01 12h27.34.412624 -0500,
-2,0.0,,622,622,0,,,,,,,,,,c-2,noss,0,right,0.8986304999998538,None,None,,,,,,,,,,,0,622,622,745,1049.2571446250004,,,,,,,,,,,,,,,,,,,,,,,,,,,,,,,,,,,,,,,,,,,,,,,,,,,,,,,,,,,,,,,,1049.2487192920016,1049.2571446250004,1049.747162749998,1049.747162749998,1049.8220724589992,1049.8220724589992,1050.1586288339968,right,0.8986304999998538,None,1050.1587842090012,1050.1588476249963,None,,,,,,,,,,,,21049994,0,2025-12-01_12h27.08.742,tilt_mocs,2024.2.4,120.11218477836073,2025-12-01 12h27.34.412624 -0500,
6,15.0,,623,623,0,,,,,,,,,,c+6,poss,100,right,1.0433442080029636,None,None,,,,,,,,,,,0,623,623,245,1050.1693768749974,,,,,,,,,,,,,,,,,,,,,,,,,,,,,,,,,,,,,,,,,,,,,,,,,,,,,,,,,,,,,,,,1050.1610880840017,1050.1693768749974,1050.6546952919962,1050.6546952919962,1050.726977541999,1050.726977541999,1051.2240656249996,right,1.0433442080029636,None,1051.2241902089954,1051.2242438339963,None,,,,,,,,,,,,21049994,0,2025-12-01_12h27.08.742,tilt_mocs,2024.2.4,120.11218477836073,2025-12-01 12h27.34.412624 -0500,
-4,-15.0,,624,624,0,,,,,,,,,,c-4,negs,100,right,0.9220485409969115,None,None,,,,,,,,,,,0,624,624,477,1051.234461125001,,,,,,,,,,,,,,,,,,,,,,,,,,,,,,,,,,,,,,,,,,,,,,,,,,,,,,,,,,,,,,,,1051.226394624995,1051.234461125001,1051.7215797919998,1051.7215797919998,1051.7940620840018,1051.7940620840018,1052.1626234590003,right,0.9220485409969115,None,1052.162724709,1052.1627669169975,None,,,,,,,,,,,,21049994,0,2025-12-01_12h27.08.742,tilt_mocs,2024.2.4,120.11218477836073,2025-12-01 12h27.34.412624 -0500,
-4,-15.0,,625,625,0,,,,,,,,,,c-4,negs,100,left,1.350626084000396,None,None,,,,,,,,,,,0,625,625,475,1052.1883754590017,,,,,,,,,,,,,,,,,,,,,,,,,,,,,,,,,,,,,,,,,,,,,,,,,,,,,,,,,,,,,,,,1052.1646311250006,1052.1883754590017,1052.6633886249983,1052.6633886249983,1052.7386539169966,1052.7386539169966,1053.5415384169974,left,1.350626084000396,None,1053.5416704169984,1053.5417256250003,None,,,,,,,,,,,,21049994,0,2025-12-01_12h27.08.742,tilt_mocs,2024.2.4,120.11218477836073,2025-12-01 12h27.34.412624 -0500,
-2,15.0,,626,626,0,,,,,,,,,,c-2,poss,100,left,0.9629989590030164,None,None,,,,,,,,,,,0,626,626,26,1053.552154291996,,,,,,,,,,,,,,,,,,,,,,,,,,,,,,,,,,,,,,,,,,,,,,,,,,,,,,,,,,,,,,,,1053.5441025839973,1053.552154291996,1054.0381675419994,1054.0381675419994,1054.111022541998,1054.111022541998,1054.524938124996,left,0.9629989590030164,None,1054.525086458998,1054.5251608339968,None,,,,,,,,,,,,21049994,0,2025-12-01_12h27.08.742,tilt_mocs,2024.2.4,120.11218477836073,2025-12-01 12h27.34.412624 -0500,
-2,-15.0,,627,627,0,,,,,,,,,,c-2,negs,100,left,1.6756807080018916,None,None,,,,,,,,,,,0,627,627,520,1054.5361277499978,,,,,,,,,,,,,,,,,,,,,,,,,,,,,,,,,,,,,,,,,,,,,,,,,,,,,,,,,,,,,,,,1054.527944249996,1054.5361277499978,1055.0216624169989,1055.0216624169989,1055.0939213339952,1055.0939213339952,1056.2221774169957,left,1.6756807080018916,None,1056.2222888339966,1056.2223312499991,None,,,,,,,,,,,,21049994,0,2025-12-01_12h27.08.742,tilt_mocs,2024.2.4,120.11218477836073,2025-12-01 12h27.34.412624 -0500,
-2,-15.0,,628,628,0,,,,,,,,,,c-2,negs,100,right,0.9279402079991996,None,None,,,,,,,,,,,0,628,628,519,1056.2293529589952,,,,,,,,,,,,,,,,,,,,,,,,,,,,,,,,,,,,,,,,,,,,,,,,,,,,,,,,,,,,,,,,1056.2241831249994,1056.2293529589952,1056.7136579590006,1056.7136579590006,1056.788786416997,1056.788786416997,1057.1625912499949,right,0.9279402079991996,None,1057.1627181250005,1057.1627704999992,None,,,,,,,,,,,,21049994,0,2025-12-01_12h27.08.742,tilt_mocs,2024.2.4,120.11218477836073,2025-12-01 12h27.34.412624 -0500,
-1,0.0,,629,629,0,,,,,,,,,,c-1,noss,0,left,0.9721704999974463,None,None,,,,,,,,,,,0,629,629,838,1057.1885843749988,,,,,,,,,,,,,,,,,,,,,,,,,,,,,,,,,,,,,,,,,,,,,,,,,,,,,,,,,,,,,,,,1057.165023499998,1057.1885843749988,1057.6647828339992,1057.6647828339992,1057.7388575000004,1057.7388575000004,1058.1633137919998,left,0.9721704999974463,None,1058.1634302919992,1058.163472041997,None,,,,,,,,,,,,21049994,0,2025-12-01_12h27.08.742,tilt_mocs,2024.2.4,120.11218477836073,2025-12-01 12h27.34.412624 -0500,
1,0.0,,630,630,0,,,,,,,,,,c+1,noss,0,right,0.9076271250014543,None,None,,,,,,,,,,,0,630,630,864,1058.1734478750004,,,,,,,,,,,,,,,,,,,,,,,,,,,,,,,,,,,,,,,,,,,,,,,,,,,,,,,,,,,,,,,,1058.1653560420018,1058.1734478750004,1058.6646389169982,1058.6646389169982,1058.7391974999991,1058.7391974999991,1059.0908853750007,right,0.9076271250014543,None,1059.0909932499999,1059.0910349589976,None,,,,,,,,,,,,21049994,0,2025-12-01_12h27.08.742,tilt_mocs,2024.2.4,120.11218477836073,2025-12-01 12h27.34.412624 -0500,
2,15.0,,631,631,0,,,,,,,,,,c+2,poss,100,left,1.048624707997078,None,None,,,,,,,,,,,0,631,631,158,1059.1008988749963,,,,,,,,,,,,,,,,,,,,,,,,,,,,,,,,,,,,,,,,,,,,,,,,,,,,,,,,,,,,,,,,1059.092896000002,1059.1008988749963,1059.588526499996,1059.588526499996,1059.6607015839982,1059.6607015839982,1060.1578277500012,left,1.048624707997078,None,1060.1579859589983,1060.1580439169993,None,,,,,,,,,,,,21049994,0,2025-12-01_12h27.08.742,tilt_mocs,2024.2.4,120.11218477836073,2025-12-01 12h27.34.412624 -0500,
1,0.0,,632,632,0,,,,,,,,,,c+1,noss,0,right,0.8264897920016665,None,None,,,,,,,,,,,0,632,632,852,1060.1688370420015,,,,,,,,,,,,,,,,,,,,,,,,,,,,,,,,,,,,,,,,,,,,,,,,,,,,,,,,,,,,,,,,1060.1606168340004,1060.1688370420015,1060.6552152919976,1060.6552152919976,1060.728144749999,1060.728144749999,1061.0056276249961,right,0.8264897920016665,None,1061.0057340419953,1061.0057780419957,None,,,,,,,,,,,,21049994,0,2025-12-01_12h27.08.742,tilt_mocs,2024.2.4,120.11218477836073,2025-12-01 12h27.34.412624 -0500,
-8,-15.0,,633,633,0,,,,,,,,,,c-8,negs,100,left,0.9773156660012319,None,None,,,,,,,,,,,0,633,633,378,1061.012804500002,,,,,,,,,,,,,,,,,,,,,,,,,,,,,,,,,,,,,,,,,,,,,,,,,,,,,,,,,,,,,,,,1061.0076419999968,1061.012804500002,1061.4976159590005,1061.4976159590005,1061.5722911249977,1061.5722911249977,1061.9964423339989,left,0.9773156660012319,None,1061.9965643339965,1061.9966195839952,None,,,,,,,,,,,,21049994,0,2025-12-01_12h27.08.742,tilt_mocs,2024.2.4,120.11218477836073,2025-12-01 12h27.34.412624 -0500,
2,15.0,,634,634,0,,,,,,,,,,c+2,poss,100,right,0.8585630409943406,None,None,,,,,,,,,,,0,634,634,143,1062.0076683340012,,,,,,,,,,,,,,,,,,,,,,,,,,,,,,,,,,,,,,,,,,,,,,,,,,,,,,,,,,,,,,,,1061.998792874998,1062.0076683340012,1062.4973390419982,1062.4973390419982,1062.5724235000016,1062.5724235000016,1062.874381458998,right,0.8585630409943406,None,1062.874482291998,1062.8745379169995,None,,,,,,,,,,,,21049994,0,2025-12-01_12h27.08.742,tilt_mocs,2024.2.4,120.11218477836073,2025-12-01 12h27.34.412624 -0500,
-8,-15.0,,635,635,0,,,,,,,,,,c-8,negs,100,left,0.9084239590010839,None,None,,,,,,,,,,,0,635,635,391,1062.8843521669987,,,,,,,,,,,,,,,,,,,,,,,,,,,,,,,,,,,,,,,,,,,,,,,,,,,,,,,,,,,,,,,,1062.8763826669965,1062.8843521669987,1063.371943041995,1063.371943041995,1063.4443414589987,1063.4443414589987,1063.7962641249978,left,0.9084239590010839,None,1063.7963612499952,1063.796403041997,None,,,,,,,,,,,,21049994,0,2025-12-01_12h27.08.742,tilt_mocs,2024.2.4,120.11218477836073,2025-12-01 12h27.34.412624 -0500,
2,-15.0,,636,636,0,,,,,,,,,,c+2,negs,100,right,0.9904094590019668,None,None,,,,,,,,,,,0,636,636,633,1063.8220820839997,,,,,,,,,,,,,,,,,,,,,,,,,,,,,,,,,,,,,,,,,,,,,,,,,,,,,,,,,,,,,,,,1063.7982642089992,1063.8220820839997,1064.2974159590012,1064.2974159590012,1064.3724673339966,1064.3724673339966,1064.8152919999993,right,0.9904094590019668,None,1064.815431541996,1064.8154952920013,None,,,,,,,,,,,,21049994,0,2025-12-01_12h27.08.742,tilt_mocs,2024.2.4,120.11218477836073,2025-12-01 12h27.34.412624 -0500,
-2,-15.0,,637,637,0,,,,,,,,,,c-2,negs,100,right,1.0208552090043668,None,None,,,,,,,,,,,0,637,637,543,1064.8250072090013,,,,,,,,,,,,,,,,,,,,,,,,,,,,,,,,,,,,,,,,,,,,,,,,,,,,,,,,,,,,,,,,1064.8176130840002,1064.8250072090013,1065.3149395,1065.3149395,1065.3891622090014,1065.3891622090014,1065.8580150419948,right,1.0208552090043668,None,1065.8581412089989,1065.8581940840013,None,,,,,,,,,,,,21049994,0,2025-12-01_12h27.08.742,tilt_mocs,2024.2.4,120.11218477836073,2025-12-01 12h27.34.412624 -0500,
2,-15.0,,638,638,0,,,,,,,,,,c+2,negs,100,right,0.9436252500017872,None,None,,,,,,,,,,,0,638,638,667,1065.8683256250006,,,,,,,,,,,,,,,,,,,,,,,,,,,,,,,,,,,,,,,,,,,,,,,,,,,,,,,,,,,,,,,,1065.8603437089987,1065.8683256250006,1066.3554355839951,1066.3554355839951,1066.4270084999953,1066.4270084999953,1066.8145872919995,right,0.9436252500017872,None,1066.814709917002,1066.8147662089978,None,,,,,,,,,,,,21049994,0,2025-12-01_12h27.08.742,tilt_mocs,2024.2.4,120.11218477836073,2025-12-01 12h27.34.412624 -0500,
-1,0.0,,639,639,0,,,,,,,,,,c-1,noss,0,right,1.1945108330037328,None,None,,,,,,,,,,,0,639,639,830,1066.825259792,,,,,,,,,,,,,,,,,,,,,,,,,,,,,,,,,,,,,,,,,,,,,,,,,,,,,,,,,,,,,,,,1066.8169986249995,1066.825259792,1067.3143973339975,1067.3143973339975,1067.389214499999,1067.389214499999,1068.0251809170004,right,1.1945108330037328,None,1068.0254343339984,1068.0255235840013,None,,,,,,,,,,,,21049994,0,2025-12-01_12h27.08.742,tilt_mocs,2024.2.4,120.11218477836073,2025-12-01 12h27.34.412624 -0500,
-8,-15.0,,640,640,0,,,,,,,,,,c-8,negs,100,left,0.9456400000053691,None,None,,,,,,,,,,,0,640,640,354,1068.0367022089995,,,,,,,,,,,,,,,,,,,,,,,,,,,,,,,,,,,,,,,,,,,,,,,,,,,,,,,,,,,,,,,,1068.0284053750001,1068.0367022089995,1068.5221283339997,1068.5221283339997,1068.5944076250016,1068.5944076250016,1068.991073917001,left,0.9456400000053691,None,1068.9911792919956,1068.9912211670016,None,,,,,,,,,,,,21049994,0,2025-12-01_12h27.08.742,tilt_mocs,2024.2.4,120.11218477836073,2025-12-01 12h27.34.412624 -0500,
8,15.0,,641,641,0,,,,,,,,,,c+8,poss,100,right,0.9247759589998168,None,None,,,,,,,,,,,0,641,641,322,1069.0009054170005,,,,,,,,,,,,,,,,,,,,,,,,,,,,,,,,,,,,,,,,,,,,,,,,,,,,,,,,,,,,,,,,1068.993127834001,1069.0009054170005,1069.4888214589955,1069.4888214589955,1069.5611197089966,1069.5611197089966,1069.9301157090013,right,0.9247759589998168,None,1069.930210999999,1069.9302554999958,None,,,,,,,,,,,,21049994,0,2025-12-01_12h27.08.742,tilt_mocs,2024.2.4,120.11218477836073,2025-12-01 12h27.34.412624 -0500,
-1,0.0,,642,642,0,,,,,,,,,,c-1,noss,0,left,0.854916709002282,None,None,,,,,,,,,,,0,642,642,829,1069.9557564169954,,,,,,,,,,,,,,,,,,,,,,,,,,,,,,,,,,,,,,,,,,,,,,,,,,,,,,,,,,,,,,,,1069.932164209,1069.9557564169954,1070.431596041999,1070.431596041999,1070.5061017089974,1070.5061017089974,1070.8135420839972,left,0.854916709002282,None,1070.8137802919955,1070.8138780000008,None,,,,,,,,,,,,21049994,0,2025-12-01_12h27.08.742,tilt_mocs,2024.2.4,120.11218477836073,2025-12-01 12h27.34.412624 -0500,
0,15.0,,643,643,0,,,,,,,,,,c+0,poss,100,left,1.0193295830031275,None,None,,,,,,,,,,,0,643,643,109,1070.824447375002,,,,,,,,,,,,,,,,,,,,,,,,,,,,,,,,,,,,,,,,,,,,,,,,,,,,,,,,,,,,,,,,1070.8161729169951,1070.824447375002,1071.314178708999,1071.314178708999,1071.389457749996,1071.389457749996,1071.8488315419963,left,1.0193295830031275,None,1071.8489563749972,1071.8490190839948,None,,,,,,,,,,,,21049994,0,2025-12-01_12h27.08.742,tilt_mocs,2024.2.4,120.11218477836073,2025-12-01 12h27.34.412624 -0500,
-1,0.0,,644,644,0,,,,,,,,,,c-1,noss,0,left,0.8806673329963814,None,None,,,,,,,,,,,0,644,644,801,1071.8588784169988,,,,,,,,,,,,,,,,,,,,,,,,,,,,,,,,,,,,,,,,,,,,,,,,,,,,,,,,,,,,,,,,1071.8510008750018,1071.8588784169988,1072.348074208996,1072.348074208996,1072.4227487089956,1072.4227487089956,1072.7426951250018,left,0.8806673329963814,None,1072.7428342089988,1072.742893208997,None,,,,,,,,,,,,21049994,0,2025-12-01_12h27.08.742,tilt_mocs,2024.2.4,120.11218477836073,2025-12-01 12h27.34.412624 -0500,
-2,0.0,,645,645,0,,,,,,,,,,c-2,noss,0,left,0.8509027499967488,None,None,,,,,,,,,,,0,645,645,762,1072.7556845840008,,,,,,,,,,,,,,,,,,,,,,,,,,,,,,,,,,,,,,,,,,,,,,,,,,,,,,,,,,,,,,,,1072.7451466249986,1072.7556845840008,1073.239245124998,1073.239245124998,1073.3114175419978,1073.3114175419978,1073.6094103340001,left,0.8509027499967488,None,1073.6096394589986,1073.6097370419957,None,,,,,,,,,,,,21049994,0,2025-12-01_12h27.08.742,tilt_mocs,2024.2.4,120.11218477836073,2025-12-01 12h27.34.412624 -0500,
-4,-15.0,,646,646,0,,,,,,,,,,c-4,negs,100,right,1.0268629160054843,None,None,,,,,,,,,,,0,646,646,451,1073.6206583339954,,,,,,,,,,,,,,,,,,,,,,,,,,,,,,,,,,,,,,,,,,,,,,,,,,,,,,,,,,,,,,,,1073.612152709,1073.6206583339954,1074.1056407919968,1074.1056407919968,1074.1776262919957,1074.1776262919957,1074.6583828340008,right,1.0268629160054843,None,1074.658510041998,1074.6585659589982,None,,,,,,,,,,,,21049994,0,2025-12-01_12h27.08.742,tilt_mocs,2024.2.4,120.11218477836073,2025-12-01 12h27.34.412624 -0500,
-2,15.0,,647,647,0,,,,,,,,,,c-2,poss,100,left,0.9845835419982905,None,None,,,,,,,,,,,0,647,647,4,1074.6685133749997,,,,,,,,,,,,,,,,,,,,,,,,,,,,,,,,,,,,,,,,,,,,,,,,,,,,,,,,,,,,,,,,1074.660587792001,1074.6685133749997,1075.1556303339967,1075.1556303339967,1075.2282682500008,1075.2282682500008,1075.658072416998,left,0.9845835419982905,None,1075.6581731670012,1075.6582156669974,None,,,,,,,,,,,,21049994,0,2025-12-01_12h27.08.742,tilt_mocs,2024.2.4,120.11218477836073,2025-12-01 12h27.34.412624 -0500,
-4,-15.0,,648,648,0,,,,,,,,,,c-4,negs,100,left,1.0443182910021278,None,None,,,,,,,,,,,0,648,648,463,1075.6680530000012,,,,,,,,,,,,,,,,,,,,,,,,,,,,,,,,,,,,,,,,,,,,,,,,,,,,,,,,,,,,,,,,1075.6601062499976,1075.6680530000012,1076.1557466669983,1076.1557466669983,1076.227720416995,1076.227720416995,1076.7148254169952,left,1.0443182910021278,None,1076.7149377919995,1076.7149825839952,None,,,,,,,,,,,,21049994,0,2025-12-01_12h27.08.742,tilt_mocs,2024.2.4,120.11218477836073,2025-12-01 12h27.34.412624 -0500,
8,15.0,,649,649,0,,,,,,,,,,c+8,poss,100,right,0.9396396660013124,None,None,,,,,,,,,,,0,649,649,318,1076.7251880839976,,,,,,,,,,,,,,,,,,,,,,,,,,,,,,,,,,,,,,,,,,,,,,,,,,,,,,,,,,,,,,,,1076.7168765419992,1076.7251880839976,1077.2146450419968,1077.2146450419968,1077.2897337499962,1077.2897337499962,1077.6753942919968,right,0.9396396660013124,None,1077.6755707919947,1077.6756459169992,None,,,,,,,,,,,,21049994,0,2025-12-01_12h27.08.742,tilt_mocs,2024.2.4,120.11218477836073,2025-12-01 12h27.34.412624 -0500,
4,0.0,,650,650,0,,,,,,,,,,c+4,noss,0,right,0.9654450000016368,None,None,,,,,,,,,,,0,650,650,962,1077.6866980839986,,,,,,,,,,,,,,,,,,,,,,,,,,,,,,,,,,,,,,,,,,,,,,,,,,,,,,,,,,,,,,,,1077.6781692090008,1077.6866980839986,1078.1723708749996,1078.1723708749996,1078.2447356249977,1078.2447356249977,1078.6582819169998,right,0.9654450000016368,None,1078.6583848340015,1078.6584272920009,None,,,,,,,,,,,,21049994,0,2025-12-01_12h27.08.742,tilt_mocs,2024.2.4,120.11218477836073,2025-12-01 12h27.34.412624 -0500,
-8,-15.0,,651,651,0,,,,,,,,,,c-8,negs,100,left,0.9387156250013504,None,None,,,,,,,,,,,0,651,651,384,1078.6683648749968,,,,,,,,,,,,,,,,,,,,,,,,,,,,,,,,,,,,,,,,,,,,,,,,,,,,,,,,,,,,,,,,1078.6603190419992,1078.6683648749968,1079.155846458998,1079.155846458998,1079.2287345840014,1079.2287345840014,1079.6180013749981,left,0.9387156250013504,None,1079.6181005420003,1079.6181436670013,None,,,,,,,,,,,,21049994,0,2025-12-01_12h27.08.742,tilt_mocs,2024.2.4,120.11218477836073,2025-12-01 12h27.34.412624 -0500,
6,15.0,,652,652,0,,,,,,,,,,c+6,poss,100,right,0.8476178749988321,None,None,,,,,,,,,,,0,652,652,241,1079.625483083997,,,,,,,,,,,,,,,,,,,,,,,,,,,,,,,,,,,,,,,,,,,,,,,,,,,,,,,,,,,,,,,,1079.6200265000007,1079.625483083997,1080.1151267919995,1080.1151267919995,1080.1896406250016,1080.1896406250016,1080.4762958339998,right,0.8476178749988321,None,1080.476442166997,1080.4765038339974,None,,,,,,,,,,,,21049994,0,2025-12-01_12h27.08.742,tilt_mocs,2024.2.4,120.11218477836073,2025-12-01 12h27.34.412624 -0500,
-2,15.0,,653,653,0,,,,,,,,,,c-2,poss,100,left,0.9968379999991157,None,None,,,,,,,,,,,0,653,653,10,1080.4878057089954,,,,,,,,,,,,,,,,,,,,,,,,,,,,,,,,,,,,,,,,,,,,,,,,,,,,,,,,,,,,,,,,1080.4795844589971,1080.4878057089954,1080.972596583997,1080.972596583997,1081.0448167919967,1081.0448167919967,1081.4921159169971,left,0.9968379999991157,None,1081.492243959001,1081.4922997089961,None,,,,,,,,,,,,21049994,0,2025-12-01_12h27.08.742,tilt_mocs,2024.2.4,120.11218477836073,2025-12-01 12h27.34.412624 -0500,
2,-15.0,,654,654,0,,,,,,,,,,c+2,negs,100,right,0.8620530420012074,None,None,,,,,,,,,,,0,654,654,664,1081.5022873339985,,,,,,,,,,,,,,,,,,,,,,,,,,,,,,,,,,,,,,,,,,,,,,,,,,,,,,,,,,,,,,,,1081.4942595839966,1081.5022873339985,1081.989247833997,1081.989247833997,1082.0612740419965,1082.0612740419965,1082.3753876670016,right,0.8620530420012074,None,1082.3755157089981,1082.3755694169959,None,,,,,,,,,,,,21049994,0,2025-12-01_12h27.08.742,tilt_mocs,2024.2.4,120.11218477836073,2025-12-01 12h27.34.412624 -0500,
2,0.0,,655,655,0,,,,,,,,,,c+2,noss,0,right,1.1770782499952475,None,None,,,,,,,,,,,0,655,655,915,1082.3859724590002,,,,,,,,,,,,,,,,,,,,,,,,,,,,,,,,,,,,,,,,,,,,,,,,,,,,,,,,,,,,,,,,1082.3779766669977,1082.3859724590002,1082.872547250001,1082.872547250001,1082.9452548749978,1082.9452548749978,1083.575450874996,right,1.1770782499952475,None,1083.5755782089982,1083.5756412089977,None,,,,,,,,,,,,21049994,0,2025-12-01_12h27.08.742,tilt_mocs,2024.2.4,120.11218477836073,2025-12-01 12h27.34.412624 -0500,
2,0.0,,656,656,0,,,,,,,,,,c+2,noss,0,right,0.8924359169977834,None,None,,,,,,,,,,,0,656,656,897,1083.5856298750004,,,,,,,,,,,,,,,,,,,,,,,,,,,,,,,,,,,,,,,,,,,,,,,,,,,,,,,,,,,,,,,,1083.5776317499985,1083.5856298750004,1084.0726506249994,1084.0726506249994,1084.1458620420017,1084.1458620420017,1084.4806844999985,right,0.8924359169977834,None,1084.4808063749952,1084.4808597500014,None,,,,,,,,,,,,21049994,0,2025-12-01_12h27.08.742,tilt_mocs,2024.2.4,120.11218477836073,2025-12-01 12h27.34.412624 -0500,
-1,0.0,,657,657,0,,,,,,,,,,c-1,noss,0,right,0.9349856250046287,None,None,,,,,,,,,,,0,657,657,800,1084.4918616249997,,,,,,,,,,,,,,,,,,,,,,,,,,,,,,,,,,,,,,,,,,,,,,,,,,,,,,,,,,,,,,,,1084.4828300840018,1084.4918616249997,1084.9825026670005,1084.9825026670005,1085.0565180420017,1085.0565180420017,1085.4315852500004,right,0.9349856250046287,None,1085.4316824999987,1085.4317254999987,None,,,,,,,,,,,,21049994,0,2025-12-01_12h27.08.742,tilt_mocs,2024.2.4,120.11218477836073,2025-12-01 12h27.34.412624 -0500,
-4,0.0,,658,658,0,,,,,,,,,,c-4,noss,0,left,0.9367931250017136,None,None,,,,,,,,,,,0,658,658,682,1085.4419848749967,,,,,,,,,,,,,,,,,,,,,,,,,,,,,,,,,,,,,,,,,,,,,,,,,,,,,,,,,,,,,,,,1085.433670624996,1085.4419848749967,1085.9319183749976,1085.9319183749976,1086.0064728340003,1086.0064728340003,1086.381203584002,left,0.9367931250017136,None,1086.381330833996,1086.3813848749996,None,,,,,,,,,,,,21049994,0,2025-12-01_12h27.08.742,tilt_mocs,2024.2.4,120.11218477836073,2025-12-01 12h27.34.412624 -0500,
-2,-15.0,,659,659,0,,,,,,,,,,c-2,negs,100,left,0.8775329170020996,None,None,,,,,,,,,,,0,659,659,504,1086.391744333996,,,,,,,,,,,,,,,,,,,,,,,,,,,,,,,,,,,,,,,,,,,,,,,,,,,,,,,,,,,,,,,,1086.3834685839975,1086.391744333996,1086.8816301670013,1086.8816301670013,1086.956466042,1086.956466042,1087.2751923339965,left,0.8775329170020996,None,1087.275293916995,1087.2753368339982,None,,,,,,,,,,,,21049994,0,2025-12-01_12h27.08.742,tilt_mocs,2024.2.4,120.11218477836073,2025-12-01 12h27.34.412624 -0500,
-1,0.0,,660,660,0,,,,,,,,,,c-1,noss,0,left,0.8669812090010964,None,None,,,,,,,,,,,0,660,660,810,1087.2852573339987,,,,,,,,,,,,,,,,,,,,,,,,,,,,,,,,,,,,,,,,,,,,,,,,,,,,,,,,,,,,,,,,1087.2771801249983,1087.2852573339987,1087.7728788339955,1087.7728788339955,1087.8449439999968,1087.8449439999968,1088.158442,left,0.8669812090010964,None,1088.1585426249949,1088.1585850839983,None,,,,,,,,,,,,21049994,0,2025-12-01_12h27.08.742,tilt_mocs,2024.2.4,120.11218477836073,2025-12-01 12h27.34.412624 -0500,
1,0.0,,661,661,0,,,,,,,,,,c+1,noss,0,right,1.0132999999987078,None,None,,,,,,,,,,,0,661,661,854,1088.1683873750007,,,,,,,,,,,,,,,,,,,,,,,,,,,,,,,,,,,,,,,,,,,,,,,,,,,,,,,,,,,,,,,,1088.160464583998,1088.1683873750007,1088.6561271249957,1088.6561271249957,1088.727836375001,1088.727836375001,1089.1926056669981,right,1.0132999999987078,None,1089.1927696249986,1089.1928288749987,None,,,,,,,,,,,,21049994,0,2025-12-01_12h27.08.742,tilt_mocs,2024.2.4,120.11218477836073,2025-12-01 12h27.34.412624 -0500,
-4,0.0,,662,662,0,,,,,,,,,,c-4,noss,0,left,0.9280657500057714,None,None,,,,,,,,,,,0,662,662,723,1089.2041994999963,,,,,,,,,,,,,,,,,,,,,,,,,,,,,,,,,,,,,,,,,,,,,,,,,,,,,,,,,,,,,,,,1089.1956880840007,1089.2041994999963,1089.6894538749984,1089.6894538749984,1089.762466041997,1089.762466041997,1090.142475834,left,0.9280657500057714,None,1090.1426331249968,1090.1426898749996,None,,,,,,,,,,,,21049994,0,2025-12-01_12h27.08.742,tilt_mocs,2024.2.4,120.11218477836073,2025-12-01 12h27.34.412624 -0500,
-6,-15.0,,663,663,0,,,,,,,,,,c-6,negs,100,left,0.922902582999086,None,None,,,,,,,,,,,0,663,663,394,1090.1531410419993,,,,,,,,,,,,,,,,,,,,,,,,,,,,,,,,,,,,,,,,,,,,,,,,,,,,,,,,,,,,,,,,1090.1449708340006,1090.1531410419993,1090.639767749999,1090.639767749999,1090.711861333999,1090.711861333999,1091.0805620839965,left,0.922902582999086,None,1091.0806804589956,1091.0807276669948,None,,,,,,,,,,,,21049994,0,2025-12-01_12h27.08.742,tilt_mocs,2024.2.4,120.11218477836073,2025-12-01 12h27.34.412624 -0500,
-4,-15.0,,664,664,0,,,,,,,,,,c-4,negs,100,left,1.086101917004271,None,None,,,,,,,,,,,0,664,664,469,1091.1064243750006,,,,,,,,,,,,,,,,,,,,,,,,,,,,,,,,,,,,,,,,,,,,,,,,,,,,,,,,,,,,,,,,1091.0826037919978,1091.1064243750006,1091.581594958996,1091.581594958996,1091.656810417,1091.656810417,1092.1971740419976,left,1.086101917004271,None,1092.1972909589967,1092.1973449590005,None,,,,,,,,,,,,21049994,0,2025-12-01_12h27.08.742,tilt_mocs,2024.2.4,120.11218477836073,2025-12-01 12h27.34.412624 -0500,
1,0.0,,665,665,0,,,,,,,,,,c+1,noss,0,right,0.8579079580013058,None,None,,,,,,,,,,,0,665,665,866,1092.2231430419997,,,,,,,,,,,,,,,,,,,,,,,,,,,,,,,,,,,,,,,,,,,,,,,,,,,,,,,,,,,,,,,,1092.1993184999956,1092.2231430419997,1092.6896839589972,1092.6896839589972,1092.7622199589969,1092.7622199589969,1093.0924205839983,right,0.8579079580013058,None,1093.0925464169995,1093.0925994169957,None,,,,,,,,,,,,21049994,0,2025-12-01_12h27.08.742,tilt_mocs,2024.2.4,120.11218477836073,2025-12-01 12h27.34.412624 -0500,
8,15.0,,666,666,0,,,,,,,,,,c+8,poss,100,right,0.9746169589998317,None,None,,,,,,,,,,,0,666,666,304,1093.1034155839952,,,,,,,,,,,,,,,,,,,,,,,,,,,,,,,,,,,,,,,,,,,,,,,,,,,,,,,,,,,,,,,,1093.095226749996,1093.1034155839952,1093.5895655419954,1093.5895655419954,1093.6628127500007,1093.6628127500007,1094.080604750001,right,0.9746169589998317,None,1094.0807024999958,1094.0807463339952,None,,,,,,,,,,,,21049994,0,2025-12-01_12h27.08.742,tilt_mocs,2024.2.4,120.11218477836073,2025-12-01 12h27.34.412624 -0500,
-4,0.0,,667,667,0,,,,,,,,,,c-4,noss,0,left,0.9035807499967632,None,None,,,,,,,,,,,0,667,667,713,1094.1064793339974,,,,,,,,,,,,,,,,,,,,,,,,,,,,,,,,,,,,,,,,,,,,,,,,,,,,,,,,,,,,,,,,1094.082590166996,1094.1064793339974,1094.582093334,1094.582093334,1094.656988584,1094.656988584,1095.0152864170013,left,0.9035807499967632,None,1095.0154034590014,1095.0154567919963,None,,,,,,,,,,,,21049994,0,2025-12-01_12h27.08.742,tilt_mocs,2024.2.4,120.11218477836073,2025-12-01 12h27.34.412624 -0500,
-6,-15.0,,668,668,0,,,,,,,,,,c-6,negs,100,left,0.8862197089983965,None,None,,,,,,,,,,,0,668,668,439,1095.0260362089975,,,,,,,,,,,,,,,,,,,,,,,,,,,,,,,,,,,,,,,,,,,,,,,,,,,,,,,,,,,,,,,,1095.0178592500015,1095.0260362089975,1095.5155968339968,1095.5155968339968,1095.5902207499967,1095.5902207499967,1095.9153617089978,left,0.8862197089983965,None,1095.915481541997,1095.9155347089982,None,,,,,,,,,,,,21049994,0,2025-12-01_12h27.08.742,tilt_mocs,2024.2.4,120.11218477836073,2025-12-01 12h27.34.412624 -0500,
-4,0.0,,669,669,0,,,,,,,,,,c-4,noss,0,right,0.9168263330066111,None,None,,,,,,,,,,,0,669,669,727,1095.9258257089969,,,,,,,,,,,,,,,,,,,,,,,,,,,,,,,,,,,,,,,,,,,,,,,,,,,,,,,,,,,,,,,,1095.9174472919985,1095.9258257089969,1096.4157671669964,1096.4157671669964,1096.4903443340008,1096.4903443340008,1096.8475340000005,right,0.9168263330066111,None,1096.8476556249952,1096.8477079590011,None,,,,,,,,,,,,21049994,0,2025-12-01_12h27.08.742,tilt_mocs,2024.2.4,120.11218477836073,2025-12-01 12h27.34.412624 -0500,
4,0.0,,670,670,0,,,,,,,,,,c+4,noss,0,right,1.1003164169960655,None,None,,,,,,,,,,,0,670,670,987,1096.8732878340015,,,,,,,,,,,,,,,,,,,,,,,,,,,,,,,,,,,,,,,,,,,,,,,,,,,,,,,,,,,,,,,,1096.8497740839957,1096.8732878340015,1097.3490239999956,1097.3490239999956,1097.423459042002,1097.423459042002,1097.9760543750017,right,1.1003164169960655,None,1097.976181334001,1097.976234583999,None,,,,,,,,,,,,21049994,0,2025-12-01_12h27.08.742,tilt_mocs,2024.2.4,120.11218477836073,2025-12-01 12h27.34.412624 -0500,
2,-15.0,,671,671,0,,,,,,,,,,c+2,negs,100,right,1.043513749995327,None,None,,,,,,,,,,,0,671,671,634,1097.986183916997,,,,,,,,,,,,,,,,,,,,,,,,,,,,,,,,,,,,,,,,,,,,,,,,,,,,,,,,,,,,,,,,1097.978367374999,1097.986183916997,1098.4731269589975,1098.4731269589975,1098.5452680419985,1098.5452680419985,1099.040944249995,right,1.043513749995327,None,1099.0410418749962,1099.041085083998,None,,,,,,,,,,,,21049994,0,2025-12-01_12h27.08.742,tilt_mocs,2024.2.4,120.11218477836073,2025-12-01 12h27.34.412624 -0500,
-4,-15.0,,672,672,0,,,,,,,,,,c-4,negs,100,left,0.9608588330011116,None,None,,,,,,,,,,,0,672,672,487,1099.0484679590008,,,,,,,,,,,,,,,,,,,,,,,,,,,,,,,,,,,,,,,,,,,,,,,,,,,,,,,,,,,,,,,,1099.0429444589972,1099.0484679590008,1099.5331045839994,1099.5331045839994,1099.607079417001,1099.607079417001,1100.0158736250014,left,0.9608588330011116,None,1100.0159995419963,1100.0160573749963,None,,,,,,,,,,,,21049994,0,2025-12-01_12h27.08.742,tilt_mocs,2024.2.4,120.11218477836073,2025-12-01 12h27.34.412624 -0500,
4,15.0,,673,673,0,,,,,,,,,,c+4,poss,100,left,1.0648831250000512,None,None,,,,,,,,,,,0,673,673,186,1100.026501041997,,,,,,,,,,,,,,,,,,,,,,,,,,,,,,,,,,,,,,,,,,,,,,,,,,,,,,,,,,,,,,,,1100.0183365839985,1100.026501041997,1100.5154341669986,1100.5154341669986,1100.5904479999954,1100.5904479999954,1101.1028251249954,left,1.0648831250000512,None,1101.1029257920018,1101.1029718749996,None,,,,,,,,,,,,21049994,0,2025-12-01_12h27.08.742,tilt_mocs,2024.2.4,120.11218477836073,2025-12-01 12h27.34.412624 -0500,
2,15.0,,674,674,0,,,,,,,,,,c+2,poss,100,left,1.048334375002014,None,None,,,,,,,,,,,0,674,674,160,1101.1095317090003,,,,,,,,,,,,,,,,,,,,,,,,,,,,,,,,,,,,,,,,,,,,,,,,,,,,,,,,,,,,,,,,1101.104811541998,1101.1095317090003,1101.5986406250013,1101.5986406250013,1101.6738582920007,1101.6738582920007,1102.1607853339956,left,1.048334375002014,None,1102.1609222920015,1102.1609785839973,None,,,,,,,,,,,,21049994,0,2025-12-01_12h27.08.742,tilt_mocs,2024.2.4,120.11218477836073,2025-12-01 12h27.34.412624 -0500,
4,15.0,,675,675,0,,,,,,,,,,c+4,poss,100,left,1.077237707999302,None,None,,,,,,,,,,,0,675,675,200,1102.170958124996,,,,,,,,,,,,,,,,,,,,,,,,,,,,,,,,,,,,,,,,,,,,,,,,,,,,,,,,,,,,,,,,1102.162966416996,1102.170958124996,1102.6567159589977,1102.6567159589977,1102.7300067499964,1102.7300067499964,1103.259216749997,left,1.077237707999302,None,1103.2593419589975,1103.2593960419981,None,,,,,,,,,,,,21049994,0,2025-12-01_12h27.08.742,tilt_mocs,2024.2.4,120.11218477836073,2025-12-01 12h27.34.412624 -0500,
2,0.0,,676,676,0,,,,,,,,,,c+2,noss,0,right,1.0275668329995824,None,None,,,,,,,,,,,0,676,676,899,1103.2693521249967,,,,,,,,,,,,,,,,,,,,,,,,,,,,,,,,,,,,,,,,,,,,,,,,,,,,,,,,,,,,,,,,1103.2613913749956,1103.2693521249967,1103.7567105419948,1103.7567105419948,1103.8297174170002,1103.8297174170002,1104.3075975419997,right,1.0275668329995824,None,1104.3077032500005,1104.3077458339976,None,,,,,,,,,,,,21049994,0,2025-12-01_12h27.08.742,tilt_mocs,2024.2.4,120.11218477836073,2025-12-01 12h27.34.412624 -0500,
-2,0.0,,677,677,0,,,,,,,,,,c-2,noss,0,left,0.9865869159984868,None,None,,,,,,,,,,,0,677,677,758,1104.3151259169972,,,,,,,,,,,,,,,,,,,,,,,,,,,,,,,,,,,,,,,,,,,,,,,,,,,,,,,,,,,,,,,,1104.3096582500002,1104.3151259169972,1104.7985006669987,1104.7985006669987,1104.874022584001,1104.874022584001,1105.309412292001,left,0.9865869159984868,None,1105.309536666995,1105.3095974169992,None,,,,,,,,,,,,21049994,0,2025-12-01_12h27.08.742,tilt_mocs,2024.2.4,120.11218477836073,2025-12-01 12h27.34.412624 -0500,
6,15.0,,678,678,0,,,,,,,,,,c+6,poss,100,right,0.9049608749992331,None,None,,,,,,,,,,,0,678,678,279,1105.3201192089982,,,,,,,,,,,,,,,,,,,,,,,,,,,,,,,,,,,,,,,,,,,,,,,,,,,,,,,,,,,,,,,,1105.3118394999983,1105.3201192089982,1105.806830292,1105.806830292,1105.8788354589997,1105.8788354589997,1106.2364117499965,right,0.9049608749992331,None,1106.2365101249961,1106.2365529589952,None,,,,,,,,,,,,21049994,0,2025-12-01_12h27.08.742,tilt_mocs,2024.2.4,120.11218477836073,2025-12-01 12h27.34.412624 -0500,
2,0.0,,679,679,0,,,,,,,,,,c+2,noss,0,right,0.9834543339966331,None,None,,,,,,,,,,,0,679,679,934,1106.2437276249984,,,,,,,,,,,,,,,,,,,,,,,,,,,,,,,,,,,,,,,,,,,,,,,,,,,,,,,,,,,,,,,,1106.238838708996,1106.2437276249984,1106.7323160000014,1106.7323160000014,1106.8073305840007,1106.8073305840007,1107.2324564590017,right,0.9834543339966331,None,1107.2325841669954,1107.2326375839984,None,,,,,,,,,,,,21049994,0,2025-12-01_12h27.08.742,tilt_mocs,2024.2.4,120.11218477836073,2025-12-01 12h27.34.412624 -0500,
-8,-15.0,,680,680,0,,,,,,,,,,c-8,negs,100,left,0.9485852090001572,None,None,,,,,,,,,,,0,680,680,387,1107.2429477499973,,,,,,,,,,,,,,,,,,,,,,,,,,,,,,,,,,,,,,,,,,,,,,,,,,,,,,,,,,,,,,,,1107.2345952499963,1107.2429477499973,1107.7321974169972,1107.7321974169972,1107.8075104169984,1107.8075104169984,1108.2029187500011,left,0.9485852090001572,None,1108.203018084001,1108.2030640839948,None,,,,,,,,,,,,21049994,0,2025-12-01_12h27.08.742,tilt_mocs,2024.2.4,120.11218477836073,2025-12-01 12h27.34.412624 -0500,
-4,-15.0,,681,681,0,,,,,,,,,,c-4,negs,100,right,0.9359221669947146,None,None,,,,,,,,,,,0,681,681,501,1108.2096194999976,,,,,,,,,,,,,,,,,,,,,,,,,,,,,,,,,,,,,,,,,,,,,,,,,,,,,,,,,,,,,,,,1108.2049572920005,1108.2096194999976,1108.7002785419972,1108.7002785419972,1108.774086833997,1108.774086833997,1109.1480476669967,right,0.9359221669947146,None,1109.1481462919983,1109.1481879589992,None,,,,,,,,,,,,21049994,0,2025-12-01_12h27.08.742,tilt_mocs,2024.2.4,120.11218477836073,2025-12-01 12h27.34.412624 -0500,
4,0.0,,682,682,0,,,,,,,,,,c+4,noss,0,right,0.9180075830008718,None,None,,,,,,,,,,,0,682,682,969,1109.1737756250004,,,,,,,,,,,,,,,,,,,,,,,,,,,,,,,,,,,,,,,,,,,,,,,,,,,,,,,,,,,,,,,,1109.1500386670014,1109.1737756250004,1109.6496879999977,1109.6496879999977,1109.7240867090004,1109.7240867090004,1110.102555958998,right,0.9180075830008718,None,1110.1026549169983,1110.1026970839957,None,,,,,,,,,,,,21049994,0,2025-12-01_12h27.08.742,tilt_mocs,2024.2.4,120.11218477836073,2025-12-01 12h27.34.412624 -0500,
-4,0.0,,683,683,0,,,,,,,,,,c-4,noss,0,left,0.9714160840012482,None,None,,,,,,,,,,,0,683,683,674,1110.1097315000006,,,,,,,,,,,,,,,,,,,,,,,,,,,,,,,,,,,,,,,,,,,,,,,,,,,,,,,,,,,,,,,,1110.1045719999966,1110.1097315000006,1110.5989275839966,1110.5989275839966,1110.6741680420018,1110.6741680420018,1111.0927440000014,left,0.9714160840012482,None,1111.0928679589997,1111.0929262089994,None,,,,,,,,,,,,21049994,0,2025-12-01_12h27.08.742,tilt_mocs,2024.2.4,120.11218477836073,2025-12-01 12h27.34.412624 -0500,
-2,15.0,,684,684,0,,,,,,,,,,c-2,poss,100,left,0.9322482919960748,None,None,,,,,,,,,,,0,684,684,49,1111.1028936669973,,,,,,,,,,,,,,,,,,,,,,,,,,,,,,,,,,,,,,,,,,,,,,,,,,,,,,,,,,,,,,,,1111.0948386249947,1111.1028936669973,1111.5903467499957,1111.5903467499957,1111.663373958996,1111.663373958996,1112.0429850419969,left,0.9322482919960748,None,1112.043108124999,1112.0431796249977,None,,,,,,,,,,,,21049994,0,2025-12-01_12h27.08.742,tilt_mocs,2024.2.4,120.11218477836073,2025-12-01 12h27.34.412624 -0500,
-2,-15.0,,685,685,0,,,,,,,,,,c-2,negs,100,left,1.6335677079987363,None,None,,,,,,,,,,,0,685,685,513,1112.0533235420007,,,,,,,,,,,,,,,,,,,,,,,,,,,,,,,,,,,,,,,,,,,,,,,,,,,,,,,,,,,,,,,,1112.0453177499949,1112.0533235420007,1112.540410624999,1112.540410624999,1112.6125175839989,1112.6125175839989,1113.6929418750005,left,1.6335677079987363,None,1113.6930474999972,1113.6930944170017,None,,,,,,,,,,,,21049994,0,2025-12-01_12h27.08.742,tilt_mocs,2024.2.4,120.11218477836073,2025-12-01 12h27.34.412624 -0500,
4,0.0,,686,686,0,,,,,,,,,,c+4,noss,0,right,0.9072579169951496,None,None,,,,,,,,,,,0,686,686,964,1113.7032085419996,,,,,,,,,,,,,,,,,,,,,,,,,,,,,,,,,,,,,,,,,,,,,,,,,,,,,,,,,,,,,,,,1113.6950164590016,1113.7032085419996,1114.1903704169963,1114.1903704169963,1114.2633210839995,1114.2633210839995,1114.6150466670006,right,0.9072579169951496,None,1114.615164458999,1114.6152174169983,None,,,,,,,,,,,,21049994,0,2025-12-01_12h27.08.742,tilt_mocs,2024.2.4,120.11218477836073,2025-12-01 12h27.34.412624 -0500,
4,15.0,,687,687,0,,,,,,,,,,c+4,poss,100,left,1.2926137079994078,None,None,,,,,,,,,,,0,687,687,172,1114.625474333996,,,,,,,,,,,,,,,,,,,,,,,,,,,,,,,,,,,,,,,,,,,,,,,,,,,,,,,,,,,,,,,,1114.617387499995,1114.625474333996,1115.1155567499954,1115.1155567499954,1115.190993708995,1115.190993708995,1115.926751250001,left,1.2926137079994078,None,1115.9269033339951,1115.9269610839983,None,,,,,,,,,,,,21049994,0,2025-12-01_12h27.08.742,tilt_mocs,2024.2.4,120.11218477836073,2025-12-01 12h27.34.412624 -0500,
0,-15.0,,688,688,0,,,,,,,,,,c+0,negs,100,right,1.0076433750000433,None,None,,,,,,,,,,,0,688,688,591,1115.937858666999,,,,,,,,,,,,,,,,,,,,,,,,,,,,,,,,,,,,,,,,,,,,,,,,,,,,,,,,,,,,,,,,1115.9295336669966,1115.937858666999,1116.4238583749975,1116.4238583749975,1116.497735334,1116.497735334,1116.9485577919986,right,1.0076433750000433,None,1116.9486561250014,1116.9486987089986,None,,,,,,,,,,,,21049994,0,2025-12-01_12h27.08.742,tilt_mocs,2024.2.4,120.11218477836073,2025-12-01 12h27.34.412624 -0500,
4,0.0,,689,689,0,,,,,,,,,,c+4,noss,0,right,0.8915326249989448,None,None,,,,,,,,,,,0,689,689,1004,1116.9739161670004,,,,,,,,,,,,,,,,,,,,,,,,,,,,,,,,,,,,,,,,,,,,,,,,,,,,,,,,,,,,,,,,1116.950569624998,1116.9739161670004,1117.4492580419974,1117.4492580419974,1117.524595458999,1117.524595458999,1117.876411792,right,0.8915326249989448,None,1117.8765133339984,1117.8765567919982,None,,,,,,,,,,,,21049994,0,2025-12-01_12h27.08.742,tilt_mocs,2024.2.4,120.11218477836073,2025-12-01 12h27.34.412624 -0500,
4,15.0,,690,690,0,,,,,,,,,,c+4,poss,100,left,1.0122304999968037,None,None,,,,,,,,,,,0,690,690,210,1117.8863637920003,,,,,,,,,,,,,,,,,,,,,,,,,,,,,,,,,,,,,,,,,,,,,,,,,,,,,,,,,,,,,,,,1117.8784307919996,1117.8863637920003,1118.3740519999992,1118.3740519999992,1118.446219833997,1118.446219833997,1118.9100902499995,left,1.0122304999968037,None,1118.9103110840006,1118.9104233339967,None,,,,,,,,,,,,21049994,0,2025-12-01_12h27.08.742,tilt_mocs,2024.2.4,120.11218477836073,2025-12-01 12h27.34.412624 -0500,
-4,0.0,,691,691,0,,,,,,,,,,c-4,noss,0,left,0.9440739579949877,None,None,,,,,,,,,,,0,691,691,716,1118.9210137089976,,,,,,,,,,,,,,,,,,,,,,,,,,,,,,,,,,,,,,,,,,,,,,,,,,,,,,,,,,,,,,,,1118.9127908340015,1118.9210137089976,1119.4073900840012,1119.4073900840012,1119.4793090839958,1119.4793090839958,1119.877320708998,left,0.9440739579949877,None,1119.8774678749978,1119.8775212499968,None,,,,,,,,,,,,21049994,0,2025-12-01_12h27.08.742,tilt_mocs,2024.2.4,120.11218477836073,2025-12-01 12h27.34.412624 -0500,
4,15.0,,692,692,0,,,,,,,,,,c+4,poss,100,right,1.6387739999991027,None,None,,,,,,,,,,,0,692,692,189,1119.8896899589963,,,,,,,,,,,,,,,,,,,,,,,,,,,,,,,,,,,,,,,,,,,,,,,,,,,,,,,,,,,,,,,,1119.881336499995,1119.8896899589963,1120.3740572499955,1120.3740572499955,1120.4469414999985,1120.4469414999985,1121.5319673749982,right,1.6387739999991027,None,1121.5320890000003,1121.5321429589967,None,,,,,,,,,,,,21049994,0,2025-12-01_12h27.08.742,tilt_mocs,2024.2.4,120.11218477836073,2025-12-01 12h27.34.412624 -0500,
1,0.0,,693,693,0,,,,,,,,,,c+1,noss,0,right,1.065363667003112,None,None,,,,,,,,,,,0,693,693,843,1121.542450791996,,,,,,,,,,,,,,,,,,,,,,,,,,,,,,,,,,,,,,,,,,,,,,,,,,,,,,,,,,,,,,,,1121.534364250001,1121.542450791996,1122.0330566670018,1122.0330566670018,1122.1080323339993,1122.1080323339993,1122.6102339999998,right,1.065363667003112,None,1122.6103591669962,1122.610415916999,None,,,,,,,,,,,,21049994,0,2025-12-01_12h27.08.742,tilt_mocs,2024.2.4,120.11218477836073,2025-12-01 12h27.34.412624 -0500,
8,15.0,,694,694,0,,,,,,,,,,c+8,poss,100,right,1.0538506660013809,None,None,,,,,,,,,,,0,694,694,335,1122.6208049170018,,,,,,,,,,,,,,,,,,,,,,,,,,,,,,,,,,,,,,,,,,,,,,,,,,,,,,,,,,,,,,,,1122.6128358339993,1122.6208049170018,1123.1074477500006,1123.1074477500006,1123.179344791999,1123.179344791999,1123.6775675839963,right,1.0538506660013809,None,1123.6777674999976,1123.6778531249947,None,,,,,,,,,,,,21049994,0,2025-12-01_12h27.08.742,tilt_mocs,2024.2.4,120.11218477836073,2025-12-01 12h27.34.412624 -0500,
2,-15.0,,695,695,0,,,,,,,,,,c+2,negs,100,right,0.9939519580002525,None,None,,,,,,,,,,,0,695,695,621,1123.688312416998,,,,,,,,,,,,,,,,,,,,,,,,,,,,,,,,,,,,,,,,,,,,,,,,,,,,,,,,,,,,,,,,1123.6802555839968,1123.688312416998,1124.1732361670001,1124.1732361670001,1124.246464333999,1124.246464333999,1124.6935616249975,right,0.9939519580002525,None,1124.6937154999978,1124.6937787499992,None,,,,,,,,,,,,21049994,0,2025-12-01_12h27.08.742,tilt_mocs,2024.2.4,120.11218477836073,2025-12-01 12h27.34.412624 -0500,
-6,-15.0,,696,696,0,,,,,,,,,,c-6,negs,100,left,0.981141000003845,None,None,,,,,,,,,,,0,696,696,433,1124.7051889590002,,,,,,,,,,,,,,,,,,,,,,,,,,,,,,,,,,,,,,,,,,,,,,,,,,,,,,,,,,,,,,,,1124.6967955,1124.7051889590002,1125.1909087089953,1125.1909087089953,1125.264257541996,1125.264257541996,1125.693645499996,left,0.981141000003845,None,1125.6937736670006,1125.6938277090012,None,,,,,,,,,,,,21049994,0,2025-12-01_12h27.08.742,tilt_mocs,2024.2.4,120.11218477836073,2025-12-01 12h27.34.412624 -0500,
6,15.0,,697,697,0,,,,,,,,,,c+6,poss,100,right,0.9709962920023827,None,None,,,,,,,,,,,0,697,697,228,1125.7040393339994,,,,,,,,,,,,,,,,,,,,,,,,,,,,,,,,,,,,,,,,,,,,,,,,,,,,,,,,,,,,,,,,1125.6960753749954,1125.7040393339994,1126.1909486250006,1126.1909486250006,1126.2625548750002,1126.2625548750002,1126.677745916997,right,0.9709962920023827,None,1126.6779002920011,1126.6779557499976,None,,,,,,,,,,,,21049994,0,2025-12-01_12h27.08.742,tilt_mocs,2024.2.4,120.11218477836073,2025-12-01 12h27.34.412624 -0500,
0,15.0,,698,698,0,,,,,,,,,,c+0,poss,100,left,0.9415401249934803,None,None,,,,,,,,,,,0,698,698,61,1126.688686417001,,,,,,,,,,,,,,,,,,,,,,,,,,,,,,,,,,,,,,,,,,,,,,,,,,,,,,,,,,,,,,,,1126.6805773339947,1126.688686417001,1127.1741930419957,1127.1741930419957,1127.2461049170015,1127.2461049170015,1127.6337804169962,left,0.9415401249934803,None,1127.633902208996,1127.6339570839991,None,,,,,,,,,,,,21049994,0,2025-12-01_12h27.08.742,tilt_mocs,2024.2.4,120.11218477836073,2025-12-01 12h27.34.412624 -0500,
0,-15.0,,699,699,0,,,,,,,,,,c+0,negs,100,right,0.9385501670039957,None,None,,,,,,,,,,,0,699,699,604,1127.6440873749962,,,,,,,,,,,,,,,,,,,,,,,,,,,,,,,,,,,,,,,,,,,,,,,,,,,,,,,,,,,,,,,,1127.6359730839977,1127.6440873749962,1128.1333897919976,1128.1333897919976,1128.208068,1128.208068,1128.5943227089956,right,0.9385501670039957,None,1128.5944755000019,1128.5945324589993,None,,,,,,,,,,,,21049994,0,2025-12-01_12h27.08.742,tilt_mocs,2024.2.4,120.11218477836073,2025-12-01 12h27.34.412624 -0500,
4,0.0,,700,700,0,,,,,,,,,,c+4,noss,0,right,0.9727357500014477,None,None,,,,,,,,,,,0,700,700,965,1128.6044356669954,,,,,,,,,,,,,,,,,,,,,,,,,,,,,,,,,,,,,,,,,,,,,,,,,,,,,,,,,,,,,,,,1128.5967035840004,1128.6044356669954,1129.0909029999966,1129.0909029999966,1129.1631590420002,1129.1631590420002,1129.5816540419983,right,0.9727357500014477,None,1129.581752375001,1129.5817952500001,None,,,,,,,,,,,,21049994,0,2025-12-01_12h27.08.742,tilt_mocs,2024.2.4,120.11218477836073,2025-12-01 12h27.34.412624 -0500,
-4,-15.0,,701,701,0,,,,,,,,,,c-4,negs,100,left,1.0951947089997702,None,None,,,,,,,,,,,0,701,701,452,1129.5915257919987,,,,,,,,,,,,,,,,,,,,,,,,,,,,,,,,,,,,,,,,,,,,,,,,,,,,,,,,,,,,,,,,1129.5836360839967,1129.5915257919987,1130.0832065419963,1130.0832065419963,1130.1582167090019,1130.1582167090019,1130.6936419999984,left,1.0951947089997702,None,1130.6937684590011,1130.6938223749967,None,,,,,,,,,,,,21049994,0,2025-12-01_12h27.08.742,tilt_mocs,2024.2.4,120.11218477836073,2025-12-01 12h27.34.412624 -0500,
0,15.0,,702,702,0,,,,,,,,,,c+0,poss,100,left,0.9437255830052891,None,None,,,,,,,,,,,0,702,702,63,1130.7037911669977,,,,,,,,,,,,,,,,,,,,,,,,,,,,,,,,,,,,,,,,,,,,,,,,,,,,,,,,,,,,,,,,1130.6959295839988,1130.7037911669977,1131.191035249998,1131.191035249998,1131.2644847089978,1131.2644847089978,1131.650181166995,left,0.9437255830052891,None,1131.650349167001,1131.650439291996,None,,,,,,,,,,,,21049994,0,2025-12-01_12h27.08.742,tilt_mocs,2024.2.4,120.11218477836073,2025-12-01 12h27.34.412624 -0500,
-8,-15.0,,703,703,0,,,,,,,,,,c-8,negs,100,left,0.8579101659997832,None,None,,,,,,,,,,,0,703,703,374,1131.6607149999982,,,,,,,,,,,,,,,,,,,,,,,,,,,,,,,,,,,,,,,,,,,,,,,,,,,,,,,,,,,,,,,,1131.6527629589982,1131.6607149999982,1132.149677041998,1132.149677041998,1132.224963749999,1132.224963749999,1132.5278875000004,left,0.8579101659997832,None,1132.5280429589984,1132.5281035419976,None,,,,,,,,,,,,21049994,0,2025-12-01_12h27.08.742,tilt_mocs,2024.2.4,120.11218477836073,2025-12-01 12h27.34.412624 -0500,
-2,15.0,,704,704,0,,,,,,,,,,c-2,poss,100,left,0.7770444579946343,None,None,,,,,,,,,,,0,704,704,44,1132.5383805839956,,,,,,,,,,,,,,,,,,,,,,,,,,,,,,,,,,,,,,,,,,,,,,,,,,,,,,,,,,,,,,,,1132.5302831669978,1132.5383805839956,1133.024509416995,1133.024509416995,1133.0967852920003,1133.0967852920003,1133.3179629169972,left,0.7770444579946343,None,1133.3180932089963,1133.3181478749975,None,,,,,,,,,,,,21049994,0,2025-12-01_12h27.08.742,tilt_mocs,2024.2.4,120.11218477836073,2025-12-01 12h27.34.412624 -0500,
4,0.0,,705,705,0,,,,,,,,,,c+4,noss,0,right,1.1410630000027595,None,None,,,,,,,,,,,0,705,705,959,1133.3280410419975,,,,,,,,,,,,,,,,,,,,,,,,,,,,,,,,,,,,,,,,,,,,,,,,,,,,,,,,,,,,,,,,1133.3205107920003,1133.3280410419975,1133.8162216669953,1133.8162216669953,1133.8917172919973,1133.8917172919973,1134.4772155839964,right,1.1410630000027595,None,1134.477281749998,1134.4773017920015,None,,,,,,,,,,,,21049994,0,2025-12-01_12h27.08.742,tilt_mocs,2024.2.4,120.11218477836073,2025-12-01 12h27.34.412624 -0500,
4,0.0,,706,706,0,,,,,,,,,,c+4,noss,0,right,0.9578692499999306,None,None,,,,,,,,,,,0,706,706,989,1134.484159708998,,,,,,,,,,,,,,,,,,,,,,,,,,,,,,,,,,,,,,,,,,,,,,,,,,,,,,,,,,,,,,,,1134.4780732919971,1134.484159708998,1134.9744290419985,1134.9744290419985,1135.0468521250004,1135.0468521250004,1135.445177124995,right,0.9578692499999306,None,1135.445315334,1135.4453699169972,None,,,,,,,,,,,,21049994,0,2025-12-01_12h27.08.742,tilt_mocs,2024.2.4,120.11218477836073,2025-12-01 12h27.34.412624 -0500,
0,-15.0,,707,707,0,,,,,,,,,,c+0,negs,100,right,1.0272574170012376,None,None,,,,,,,,,,,0,707,707,603,1135.4555359590013,,,,,,,,,,,,,,,,,,,,,,,,,,,,,,,,,,,,,,,,,,,,,,,,,,,,,,,,,,,,,,,,1135.4474089169962,1135.4555359590013,1135.940434917,1135.940434917,1136.0132872089962,1136.0132872089962,1136.4938683340006,right,1.0272574170012376,None,1136.493970292002,1136.4940136669975,None,,,,,,,,,,,,21049994,0,2025-12-01_12h27.08.742,tilt_mocs,2024.2.4,120.11218477836073,2025-12-01 12h27.34.412624 -0500,
-1,0.0,,708,708,0,,,,,,,,,,c-1,noss,0,right,0.8543013329981477,None,None,,,,,,,,,,,0,708,708,835,1136.5037897090006,,,,,,,,,,,,,,,,,,,,,,,,,,,,,,,,,,,,,,,,,,,,,,,,,,,,,,,,,,,,,,,,1136.4958873750002,1136.5037897090006,1136.991155083997,1136.991155083997,1137.063667041999,1137.063667041999,1137.3607581249962,right,0.8543013329981477,None,1137.3608872089972,1137.3609337499947,None,,,,,,,,,,,,21049994,0,2025-12-01_12h27.08.742,tilt_mocs,2024.2.4,120.11218477836073,2025-12-01 12h27.34.412624 -0500,
-2,-15.0,,709,709,0,,,,,,,,,,c-2,negs,100,right,0.9762010000049486,None,None,,,,,,,,,,,0,709,709,551,1137.371080166995,,,,,,,,,,,,,,,,,,,,,,,,,,,,,,,,,,,,,,,,,,,,,,,,,,,,,,,,,,,,,,,,1137.3630522919993,1137.371080166995,1137.8579239589963,1137.8579239589963,1137.930188541999,1137.930188541999,1138.3507475000006,right,0.9762010000049486,None,1138.3508699999948,1138.3509249169947,None,,,,,,,,,,,,21049994,0,2025-12-01_12h27.08.742,tilt_mocs,2024.2.4,120.11218477836073,2025-12-01 12h27.34.412624 -0500,
8,15.0,,710,710,0,,,,,,,,,,c+8,poss,100,right,0.9655825410009129,None,None,,,,,,,,,,,0,710,710,330,1138.360908124996,,,,,,,,,,,,,,,,,,,,,,,,,,,,,,,,,,,,,,,,,,,,,,,,,,,,,,,,,,,,,,,,1138.3531034999978,1138.360908124996,1138.850653208996,1138.850653208996,1138.925164417,1138.925164417,1139.3338102499984,right,0.9655825410009129,None,1139.333956167,1139.3340127089978,None,,,,,,,,,,,,21049994,0,2025-12-01_12h27.08.742,tilt_mocs,2024.2.4,120.11218477836073,2025-12-01 12h27.34.412624 -0500,
-6,-15.0,,711,711,0,,,,,,,,,,c-6,negs,100,left,0.9640888329959125,None,None,,,,,,,,,,,0,711,711,447,1139.344412624996,,,,,,,,,,,,,,,,,,,,,,,,,,,,,,,,,,,,,,,,,,,,,,,,,,,,,,,,,,,,,,,,1139.3361542089988,1139.344412624996,1139.8338430840013,1139.8338430840013,1139.9085763749972,1139.9085763749972,1140.3108740419993,left,0.9640888329959125,None,1140.311000333997,1140.311055166996,None,,,,,,,,,,,,21049994,0,2025-12-01_12h27.08.742,tilt_mocs,2024.2.4,120.11218477836073,2025-12-01 12h27.34.412624 -0500,
-2,0.0,,712,712,0,,,,,,,,,,c-2,noss,0,left,0.8404943749992526,None,None,,,,,,,,,,,0,712,712,772,1140.3215983749978,,,,,,,,,,,,,,,,,,,,,,,,,,,,,,,,,,,,,,,,,,,,,,,,,,,,,,,,,,,,,,,,1140.3134665420002,1140.3215983749978,1140.808027209001,1140.808027209001,1140.8801984169986,1140.8801984169986,1141.1662436249972,left,0.8404943749992526,None,1141.1664161669978,1141.1664679999958,None,,,,,,,,,,,,21049994,0,2025-12-01_12h27.08.742,tilt_mocs,2024.2.4,120.11218477836073,2025-12-01 12h27.34.412624 -0500,
-6,-15.0,,713,713,0,,,,,,,,,,c-6,negs,100,left,0.9245794999951613,None,None,,,,,,,,,,,0,713,713,436,1141.1773779169962,,,,,,,,,,,,,,,,,,,,,,,,,,,,,,,,,,,,,,,,,,,,,,,,,,,,,,,,,,,,,,,,1141.1690926250012,1141.1773779169962,1141.6670464589988,1141.6670464589988,1141.741745792002,1141.741745792002,1142.1109962499977,left,0.9245794999951613,None,1142.1111697500019,1142.111248041998,None,,,,,,,,,,,,21049994,0,2025-12-01_12h27.08.742,tilt_mocs,2024.2.4,120.11218477836073,2025-12-01 12h27.34.412624 -0500,
-2,0.0,,714,714,0,,,,,,,,,,c-2,noss,0,left,1.0564817499980563,None,None,,,,,,,,,,,0,714,714,776,1142.122339374997,,,,,,,,,,,,,,,,,,,,,,,,,,,,,,,,,,,,,,,,,,,,,,,,,,,,,,,,,,,,,,,,1142.1140239169981,1142.122339374997,1142.6080571249986,1142.6080571249986,1142.681475874997,1142.681475874997,1143.1837838749998,left,1.0564817499980563,None,1143.1838900000002,1143.1839330000003,None,,,,,,,,,,,,21049994,0,2025-12-01_12h27.08.742,tilt_mocs,2024.2.4,120.11218477836073,2025-12-01 12h27.34.412624 -0500,
-2,15.0,,715,715,0,,,,,,,,,,c-2,poss,100,left,1.001534333001473,None,None,,,,,,,,,,,0,715,715,31,1143.1941651250017,,,,,,,,,,,,,,,,,,,,,,,,,,,,,,,,,,,,,,,,,,,,,,,,,,,,,,,,,,,,,,,,1143.185849124995,1143.1941651250017,1143.6841685839972,1143.6841685839972,1143.758527166996,1143.758527166996,1144.1995943340007,left,1.001534333001473,None,1144.1997055419997,1144.1997474169984,None,,,,,,,,,,,,21049994,0,2025-12-01_12h27.08.742,tilt_mocs,2024.2.4,120.11218477836073,2025-12-01 12h27.34.412624 -0500,
-1,0.0,,716,716,0,,,,,,,,,,c-1,noss,0,left,0.8261730419981177,None,None,,,,,,,,,,,0,716,716,789,1144.2250817919994,,,,,,,,,,,,,,,,,,,,,,,,,,,,,,,,,,,,,,,,,,,,,,,,,,,,,,,,,,,,,,,,1144.2016397089974,1144.2250817919994,1144.7006638749954,1144.7006638749954,1144.7755123749957,1144.7755123749957,1145.061019749999,left,0.8261730419981177,None,1145.0611748750016,1145.0612422919949,None,,,,,,,,,,,,21049994,0,2025-12-01_12h27.08.742,tilt_mocs,2024.2.4,120.11218477836073,2025-12-01 12h27.34.412624 -0500,
-2,0.0,,717,717,0,,,,,,,,,,c-2,noss,0,left,0.9882854999959818,None,None,,,,,,,,,,,0,717,717,755,1145.0723118749956,,,,,,,,,,,,,,,,,,,,,,,,,,,,,,,,,,,,,,,,,,,,,,,,,,,,,,,,,,,,,,,,1145.0641084589952,1145.0723118749956,1145.5583215000006,1145.5583215000006,1145.630576042,1145.630576042,1146.0670498339969,left,0.9882854999959818,None,1146.0671544169963,1146.0671988749964,None,,,,,,,,,,,,21049994,0,2025-12-01_12h27.08.742,tilt_mocs,2024.2.4,120.11218477836073,2025-12-01 12h27.34.412624 -0500,
-6,-15.0,,718,718,0,,,,,,,,,,c-6,negs,100,left,0.9355559999967227,None,None,,,,,,,,,,,0,718,718,410,1146.0774420419984,,,,,,,,,,,,,,,,,,,,,,,,,,,,,,,,,,,,,,,,,,,,,,,,,,,,,,,,,,,,,,,,1146.069100875,1146.0774420419984,1146.56722325,1146.56722325,1146.6421320000009,1146.6421320000009,1147.015488459001,left,0.9355559999967227,None,1147.0155852919997,1147.0156268749997,None,,,,,,,,,,,,21049994,0,2025-12-01_12h27.08.742,tilt_mocs,2024.2.4,120.11218477836073,2025-12-01 12h27.34.412624 -0500,
2,0.0,,719,719,0,,,,,,,,,,c+2,noss,0,left,1.003984249997302,None,None,,,,,,,,,,,0,719,719,937,1147.0251778339953,,,,,,,,,,,,,,,,,,,,,,,,,,,,,,,,,,,,,,,,,,,,,,,,,,,,,,,,,,,,,,,,1147.0174381670004,1147.0251778339953,1147.5082552919994,1147.5082552919994,1147.5804034589964,1147.5804034589964,1148.0327689589976,left,1.003984249997302,None,1148.0328671669995,1148.0329102089963,None,,,,,,,,,,,,21049994,0,2025-12-01_12h27.08.742,tilt_mocs,2024.2.4,120.11218477836073,2025-12-01 12h27.34.412624 -0500,
0,15.0,,720,720,0,,,,,,,,,,c+0,poss,100,left,0.9714343330051634,None,None,,,,,,,,,,,0,720,720,102,1148.0584495840012,,,,,,,,,,,,,,,,,,,,,,,,,,,,,,,,,,,,,,,,,,,,,,,,,,,,,,,,,,,,,,,,1148.0347894590013,1148.0584495840012,1148.534308958995,1148.534308958995,1148.6090295839967,1148.6090295839967,1149.0326856249958,left,0.9714343330051634,None,1149.0327866250009,1149.0328296250009,None,,,,,,,,,,,,21049994,0,2025-12-01_12h27.08.742,tilt_mocs,2024.2.4,120.11218477836073,2025-12-01 12h27.34.412624 -0500,
0,15.0,,721,721,0,,,,,,,,,,c+0,poss,100,left,0.9806354160027695,None,None,,,,,,,,,,,0,721,721,95,1149.058452624995,,,,,,,,,,,,,,,,,,,,,,,,,,,,,,,,,,,,,,,,,,,,,,,,,,,,,,,,,,,,,,,,1149.0346985419965,1149.058452624995,1149.5346706669952,1149.5346706669952,1149.6089638339981,1149.6089638339981,1150.0443108749969,left,0.9806354160027695,None,1150.044435333999,1150.0444924170006,None,,,,,,,,,,,,21049994,0,2025-12-01_12h27.08.742,tilt_mocs,2024.2.4,120.11218477836073,2025-12-01 12h27.34.412624 -0500,
2,0.0,,722,722,0,,,,,,,,,,c+2,noss,0,right,1.0403476249994128,None,None,,,,,,,,,,,0,722,722,945,1150.0549166249984,,,,,,,,,,,,,,,,,,,,,,,,,,,,,,,,,,,,,,,,,,,,,,,,,,,,,,,,,,,,,,,,1150.0467404590017,1150.0549166249984,1150.5417403339961,1150.5417403339961,1150.6140477500012,1150.6140477500012,1151.1008060839958,right,1.0403476249994128,None,1151.100924667,1151.1009777919971,None,,,,,,,,,,,,21049994,0,2025-12-01_12h27.08.742,tilt_mocs,2024.2.4,120.11218477836073,2025-12-01 12h27.34.412624 -0500,
6,15.0,,723,723,0,,,,,,,,,,c+6,poss,100,right,0.931648124998901,None,None,,,,,,,,,,,0,723,723,232,1151.1111345839963,,,,,,,,,,,,,,,,,,,,,,,,,,,,,,,,,,,,,,,,,,,,,,,,,,,,,,,,,,,,,,,,1151.1029196669988,1151.1111345839963,1151.6014860419964,1151.6014860419964,1151.675653416998,1151.675653416998,1152.0455391249998,right,0.931648124998901,None,1152.0457007090008,1152.0457634999984,None,,,,,,,,,,,,21049994,0,2025-12-01_12h27.08.742,tilt_mocs,2024.2.4,120.11218477836073,2025-12-01 12h27.34.412624 -0500,
6,15.0,,724,724,0,,,,,,,,,,c+6,poss,100,right,1.376952375001565,None,None,,,,,,,,,,,0,724,724,260,1152.0562641669967,,,,,,,,,,,,,,,,,,,,,,,,,,,,,,,,,,,,,,,,,,,,,,,,,,,,,,,,,,,,,,,,1152.048035916996,1152.0562641669967,1152.5418529169983,1152.5418529169983,1152.6141014999957,1152.6141014999957,1153.4444872499953,right,1.376952375001565,None,1153.444618417001,1153.444671541998,None,,,,,,,,,,,,21049994,0,2025-12-01_12h27.08.742,tilt_mocs,2024.2.4,120.11218477836073,2025-12-01 12h27.34.412624 -0500,
-4,0.0,,725,725,0,,,,,,,,,,c-4,noss,0,left,1.0056757080019452,None,None,,,,,,,,,,,0,725,725,699,1153.4547950839988,,,,,,,,,,,,,,,,,,,,,,,,,,,,,,,,,,,,,,,,,,,,,,,,,,,,,,,,,,,,,,,,1153.4468079590006,1153.4547950839988,1153.9418711670005,1153.9418711670005,1154.0145545420019,1154.0145545420019,1154.4663378339974,left,1.0056757080019452,None,1154.4664596669973,1154.466513499996,None,,,,,,,,,,,,21049994,0,2025-12-01_12h27.08.742,tilt_mocs,2024.2.4,120.11218477836073,2025-12-01 12h27.34.412624 -0500,
6,15.0,,726,726,0,,,,,,,,,,c+6,poss,100,right,1.2364651250027237,None,None,,,,,,,,,,,0,726,726,255,1154.4919432919996,,,,,,,,,,,,,,,,,,,,,,,,,,,,,,,,,,,,,,,,,,,,,,,,,,,,,,,,,,,,,,,,1154.4686609169948,1154.4919432919996,1154.9679782499952,1154.9679782499952,1155.042406583998,1155.042406583998,1155.7331598339952,right,1.2364651250027237,None,1155.733284834001,1155.733339792001,None,,,,,,,,,,,,21049994,0,2025-12-01_12h27.08.742,tilt_mocs,2024.2.4,120.11218477836073,2025-12-01 12h27.34.412624 -0500,
4,15.0,,727,727,0,,,,,,,,,,c+4,poss,100,left,1.16818074999901,None,None,,,,,,,,,,,0,727,727,221,1155.7445728339953,,,,,,,,,,,,,,,,,,,,,,,,,,,,,,,,,,,,,,,,,,,,,,,,,,,,,,,,,,,,,,,,1155.7354749169972,1155.7445728339953,1156.2344227919966,1156.2344227919966,1156.309117334,1156.309117334,1156.9171365000002,left,1.16818074999901,None,1156.9172357089992,1156.9172784999973,None,,,,,,,,,,,,21049994,0,2025-12-01_12h27.08.742,tilt_mocs,2024.2.4,120.11218477836073,2025-12-01 12h27.34.412624 -0500,
8,15.0,,728,728,0,,,,,,,,,,c+8,poss,100,right,1.0656488750028075,None,None,,,,,,,,,,,0,728,728,299,1156.9272571670008,,,,,,,,,,,,,,,,,,,,,,,,,,,,,,,,,,,,,,,,,,,,,,,,,,,,,,,,,,,,,,,,1156.919160749996,1156.9272571670008,1157.4178214589992,1157.4178214589992,1157.4925101670015,1157.4925101670015,1157.9959062499984,right,1.0656488750028075,None,1157.9960452919986,1157.9961007919992,None,,,,,,,,,,,,21049994,0,2025-12-01_12h27.08.742,tilt_mocs,2024.2.4,120.11218477836073,2025-12-01 12h27.34.412624 -0500,
0,15.0,,729,729,0,,,,,,,,,,c+0,poss,100,left,1.0233338749967515,None,None,,,,,,,,,,,0,729,729,96,1158.0087839589978,,,,,,,,,,,,,,,,,,,,,,,,,,,,,,,,,,,,,,,,,,,,,,,,,,,,,,,,,,,,,,,,1157.9982847089996,1158.0087839589978,1158.491975208999,1158.491975208999,1158.5642310420008,1158.5642310420008,1159.0429144169975,left,1.0233338749967515,None,1159.043023792001,1159.043066416998,None,,,,,,,,,,,,21049994,0,2025-12-01_12h27.08.742,tilt_mocs,2024.2.4,120.11218477836073,2025-12-01 12h27.34.412624 -0500,
1,0.0,,730,730,0,,,,,,,,,,c+1,noss,0,left,1.273763625002175,None,None,,,,,,,,,,,0,730,730,861,1159.0497391249955,,,,,,,,,,,,,,,,,,,,,,,,,,,,,,,,,,,,,,,,,,,,,,,,,,,,,,,,,,,,,,,,1159.0449525419972,1159.0497391249955,1159.5345845420015,1159.5345845420015,1159.6091275419967,1159.6091275419967,1160.3283898750014,left,1.273763625002175,None,1160.3285168340008,1160.3285714999947,None,,,,,,,,,,,,21049994,0,2025-12-01_12h27.08.742,tilt_mocs,2024.2.4,120.11218477836073,2025-12-01 12h27.34.412624 -0500,
1,0.0,,731,731,0,,,,,,,,,,c+1,noss,0,left,1.1989407920045778,None,None,,,,,,,,,,,0,731,731,853,1160.3389023749987,,,,,,,,,,,,,,,,,,,,,,,,,,,,,,,,,,,,,,,,,,,,,,,,,,,,,,,,,,,,,,,,1160.3309440000012,1160.3389023749987,1160.8253918749979,1160.8253918749979,1160.8973313339957,1160.8973313339957,1161.5447165419973,left,1.1989407920045778,None,1161.5448404999988,1161.5448930839993,None,,,,,,,,,,,,21049994,0,2025-12-01_12h27.08.742,tilt_mocs,2024.2.4,120.11218477836073,2025-12-01 12h27.34.412624 -0500,
2,-15.0,,732,732,0,,,,,,,,,,c+2,negs,100,right,0.9991040000022622,None,None,,,,,,,,,,,0,732,732,636,1161.5549247499948,,,,,,,,,,,,,,,,,,,,,,,,,,,,,,,,,,,,,,,,,,,,,,,,,,,,,,,,,,,,,,,,1161.5468034169971,1161.5549247499948,1162.0422059589982,1162.0422059589982,1162.1144302920002,1162.1144302920002,1162.5616657499995,right,0.9991040000022622,None,1162.5617934589973,1162.561847500001,None,,,,,,,,,,,,21049994,0,2025-12-01_12h27.08.742,tilt_mocs,2024.2.4,120.11218477836073,2025-12-01 12h27.34.412624 -0500,
2,-15.0,,733,733,0,,,,,,,,,,c+2,negs,100,right,0.8779994170035934,None,None,,,,,,,,,,,0,733,733,651,1162.5725862920008,,,,,,,,,,,,,,,,,,,,,,,,,,,,,,,,,,,,,,,,,,,,,,,,,,,,,,,,,,,,,,,,1162.564224458998,1162.5725862920008,1163.0589740419964,1163.0589740419964,1163.1311328750016,1163.1311328750016,1163.4619717089954,right,0.8779994170035934,None,1163.4622308339967,1163.462323916996,None,,,,,,,,,,,,21049994,0,2025-12-01_12h27.08.742,tilt_mocs,2024.2.4,120.11218477836073,2025-12-01 12h27.34.412624 -0500,
0,15.0,,734,734,0,,,,,,,,,,c+0,poss,100,left,0.9601471670030151,None,None,,,,,,,,,,,0,734,734,68,1163.4734660839968,,,,,,,,,,,,,,,,,,,,,,,,,,,,,,,,,,,,,,,,,,,,,,,,,,,,,,,,,,,,,,,,1163.4648166670013,1163.4734660839968,1163.9579424999974,1163.9579424999974,1164.043048624997,1164.043048624997,1164.4448371249964,left,0.9601471670030151,None,1164.4449392499955,1164.4449984169987,None,,,,,,,,,,,,21049994,0,2025-12-01_12h27.08.742,tilt_mocs,2024.2.4,120.11218477836073,2025-12-01 12h27.34.412624 -0500,
6,15.0,,735,735,0,,,,,,,,,,c+6,poss,100,left,1.208979666000232,None,None,,,,,,,,,,,0,735,735,274,1164.4548055839987,,,,,,,,,,,,,,,,,,,,,,,,,,,,,,,,,,,,,,,,,,,,,,,,,,,,,,,,,,,,,,,,1164.446875458998,1164.4548055839987,1164.9423782500016,1164.9423782500016,1165.0146589590004,1165.0146589590004,1165.667740500001,left,1.208979666000232,None,1165.667856209002,1165.6679090420002,None,,,,,,,,,,,,21049994,0,2025-12-01_12h27.08.742,tilt_mocs,2024.2.4,120.11218477836073,2025-12-01 12h27.34.412624 -0500,
8,15.0,,736,736,0,,,,,,,,,,c+8,poss,100,right,1.0310574999966775,None,None,,,,,,,,,,,0,736,736,317,1165.6803244589973,,,,,,,,,,,,,,,,,,,,,,,,,,,,,,,,,,,,,,,,,,,,,,,,,,,,,,,,,,,,,,,,1165.669845833996,1165.6803244589973,1166.167757999996,1166.167757999996,1166.2428524999996,1166.2428524999996,1166.7165512089996,right,1.0310574999966775,None,1166.716669166999,1166.7167352089964,None,,,,,,,,,,,,21049994,0,2025-12-01_12h27.08.742,tilt_mocs,2024.2.4,120.11218477836073,2025-12-01 12h27.34.412624 -0500,
6,15.0,,737,737,0,,,,,,,,,,c+6,poss,100,right,1.047816457998124,None,None,,,,,,,,,,,0,737,737,238,1166.7425753339994,,,,,,,,,,,,,,,,,,,,,,,,,,,,,,,,,,,,,,,,,,,,,,,,,,,,,,,,,,,,,,,,1166.7190128750008,1166.7425753339994,1167.2188206669962,1167.2188206669962,1167.2928526249962,1167.2928526249962,1167.7952604169986,right,1.047816457998124,None,1167.7953599589964,1167.7954011670008,None,,,,,,,,,,,,21049994,0,2025-12-01_12h27.08.742,tilt_mocs,2024.2.4,120.11218477836073,2025-12-01 12h27.34.412624 -0500,
1,0.0,,738,738,0,,,,,,,,,,c+1,noss,0,right,1.1209538749972126,None,None,,,,,,,,,,,0,738,738,847,1167.8055100419951,,,,,,,,,,,,,,,,,,,,,,,,,,,,,,,,,,,,,,,,,,,,,,,,,,,,,,,,,,,,,,,,1167.7972467090003,1167.8055100419951,1168.2923862499956,1168.2923862499956,1168.3648164170008,1168.3648164170008,1168.929331333995,right,1.1209538749972126,None,1168.9294745000007,1168.9295291250019,None,,,,,,,,,,,,21049994,0,2025-12-01_12h27.08.742,tilt_mocs,2024.2.4,120.11218477836073,2025-12-01 12h27.34.412624 -0500,
2,-15.0,,739,739,0,,,,,,,,,,c+2,negs,100,right,0.993934584003,None,None,,,,,,,,,,,0,739,739,663,1168.9395578749973,,,,,,,,,,,,,,,,,,,,,,,,,,,,,,,,,,,,,,,,,,,,,,,,,,,,,,,,,,,,,,,,1168.9315719169972,1168.9395578749973,1169.4258653340003,1169.4258653340003,1169.4979802089947,1169.4979802089947,1169.944940124995,right,0.993934584003,None,1169.945066041997,1169.9451213339999,None,,,,,,,,,,,,21049994,0,2025-12-01_12h27.08.742,tilt_mocs,2024.2.4,120.11218477836073,2025-12-01 12h27.34.412624 -0500,
-8,-15.0,,740,740,0,,,,,,,,,,c-8,negs,100,left,1.0036902089996147,None,None,,,,,,,,,,,0,740,740,364,1169.955616416999,,,,,,,,,,,,,,,,,,,,,,,,,,,,,,,,,,,,,,,,,,,,,,,,,,,,,,,,,,,,,,,,1169.9475022920014,1169.955616416999,1170.4425092919992,1170.4425092919992,1170.5150178749973,1170.5150178749973,1170.961612125,left,1.0036902089996147,None,1170.9617139170005,1170.9617557919992,None,,,,,,,,,,,,21049994,0,2025-12-01_12h27.08.742,tilt_mocs,2024.2.4,120.11218477836073,2025-12-01 12h27.34.412624 -0500,
4,0.0,,741,741,0,,,,,,,,,,c+4,noss,0,right,0.9295141249967855,None,None,,,,,,,,,,,0,741,741,974,1170.9719593339978,,,,,,,,,,,,,,,,,,,,,,,,,,,,,,,,,,,,,,,,,,,,,,,,,,,,,,,,,,,,,,,,1170.9636434999993,1170.9719593339978,1171.4591813750012,1171.4591813750012,1171.5320565000002,1171.5320565000002,1171.9119877919948,right,0.9295141249967855,None,1171.9121115419985,1171.9121631669987,None,,,,,,,,,,,,21049994,0,2025-12-01_12h27.08.742,tilt_mocs,2024.2.4,120.11218477836073,2025-12-01 12h27.34.412624 -0500,
0,-15.0,,742,742,0,,,,,,,,,,c+0,negs,100,right,0.8874770839975099,None,None,,,,,,,,,,,0,742,742,560,1171.9223277919955,,,,,,,,,,,,,,,,,,,,,,,,,,,,,,,,,,,,,,,,,,,,,,,,,,,,,,,,,,,,,,,,1171.9142793749998,1171.9223277919955,1172.4092034169953,1172.4092034169953,1172.4810903339967,1172.4810903339967,1172.8124821249949,right,0.8874770839975099,None,1172.812735708998,1172.8128461250017,None,,,,,,,,,,,,21049994,0,2025-12-01_12h27.08.742,tilt_mocs,2024.2.4,120.11218477836073,2025-12-01 12h27.34.412624 -0500,
-4,0.0,,743,743,0,,,,,,,,,,c-4,noss,0,left,0.9612499590002699,None,None,,,,,,,,,,,0,743,743,677,1172.8232929590013,,,,,,,,,,,,,,,,,,,,,,,,,,,,,,,,,,,,,,,,,,,,,,,,,,,,,,,,,,,,,,,,1172.8152236249953,1172.8232929590013,1173.3092694169973,1173.3092694169973,1173.381643708999,1173.381643708999,1173.795027084001,left,0.9612499590002699,None,1173.7951357919956,1173.795178208995,None,,,,,,,,,,,,21049994,0,2025-12-01_12h27.08.742,tilt_mocs,2024.2.4,120.11218477836073,2025-12-01 12h27.34.412624 -0500,
-6,-15.0,,744,744,0,,,,,,,,,,c-6,negs,100,left,1.0824474999972153,None,None,,,,,,,,,,,0,744,744,437,1173.8050514589995,,,,,,,,,,,,,,,,,,,,,,,,,,,,,,,,,,,,,,,,,,,,,,,,,,,,,,,,,,,,,,,,1173.797038042001,1173.8050514589995,1174.2926848749994,1174.2926848749994,1174.3649931670006,1174.3649931670006,1174.8948911249972,left,1.0824474999972153,None,1174.8949964169951,1174.8950395840002,None,,,,,,,,,,,,21049994,0,2025-12-01_12h27.08.742,tilt_mocs,2024.2.4,120.11218477836073,2025-12-01 12h27.34.412624 -0500,
2,15.0,,745,745,0,,,,,,,,,,c+2,poss,100,left,1.0679796249969513,None,None,,,,,,,,,,,0,745,745,166,1174.9049333340008,,,,,,,,,,,,,,,,,,,,,,,,,,,,,,,,,,,,,,,,,,,,,,,,,,,,,,,,,,,,,,,,1174.8969287500004,1174.9049333340008,1175.3926542920017,1175.3926542920017,1175.464956374999,1175.464956374999,1175.9791706670003,left,1.0679796249969513,None,1175.9794271669962,1175.9795245419955,None,,,,,,,,,,,,21049994,0,2025-12-01_12h27.08.742,tilt_mocs,2024.2.4,120.11218477836073,2025-12-01 12h27.34.412624 -0500,
-4,-15.0,,746,746,0,,,,,,,,,,c-4,negs,100,left,0.8766496249954798,None,None,,,,,,,,,,,0,746,746,457,1175.9899085840007,,,,,,,,,,,,,,,,,,,,,,,,,,,,,,,,,,,,,,,,,,,,,,,,,,,,,,,,,,,,,,,,1175.9818859590014,1175.9899085840007,1176.4760371250013,1176.4760371250013,1176.5499635419983,1176.5499635419983,1176.8788195419984,left,0.8766496249954798,None,1176.8789466250018,1176.8790003749964,None,,,,,,,,,,,,21049994,0,2025-12-01_12h27.08.742,tilt_mocs,2024.2.4,120.11218477836073,2025-12-01 12h27.34.412624 -0500,
2,15.0,,747,747,0,,,,,,,,,,c+2,poss,100,left,0.9751697500032606,None,None,,,,,,,,,,,0,747,747,128,1176.8891732089978,,,,,,,,,,,,,,,,,,,,,,,,,,,,,,,,,,,,,,,,,,,,,,,,,,,,,,,,,,,,,,,,1176.8812066249957,1176.8891732089978,1177.3761603339954,1177.3761603339954,1177.4483698749973,1177.4483698749973,1177.8672040839956,left,0.9751697500032606,None,1177.867301624996,1177.8673448749978,None,,,,,,,,,,,,21049994,0,2025-12-01_12h27.08.742,tilt_mocs,2024.2.4,120.11218477836073,2025-12-01 12h27.34.412624 -0500,
-4,-15.0,,748,748,0,,,,,,,,,,c-4,negs,100,left,0.8349008749937639,None,None,,,,,,,,,,,0,748,748,494,1177.892950542002,,,,,,,,,,,,,,,,,,,,,,,,,,,,,,,,,,,,,,,,,,,,,,,,,,,,,,,,,,,,,,,,1177.8691851249969,1177.892950542002,1178.3678950419999,1178.3678950419999,1178.443300250001,1178.443300250001,1178.7336845419995,left,0.8349008749937639,None,1178.7338039999959,1178.7338569169951,None,,,,,,,,,,,,21049994,0,2025-12-01_12h27.08.742,tilt_mocs,2024.2.4,120.11218477836073,2025-12-01 12h27.34.412624 -0500,
1,0.0,,749,749,0,,,,,,,,,,c+1,noss,0,right,0.9686438749995432,None,None,,,,,,,,,,,0,749,749,875,1178.7596575419957,,,,,,,,,,,,,,,,,,,,,,,,,,,,,,,,,,,,,,,,,,,,,,,,,,,,,,,,,,,,,,,,1178.7359733339981,1178.7596575419957,1179.2252472920009,1179.2252472920009,1179.299016584002,1179.299016584002,1179.7354169589962,right,0.9686438749995432,None,1179.7355161669984,1179.7355588339997,None,,,,,,,,,,,,21049994,0,2025-12-01_12h27.08.742,tilt_mocs,2024.2.4,120.11218477836073,2025-12-01 12h27.34.412624 -0500,
4,15.0,,750,750,0,,,,,,,,,,c+4,poss,100,left,1.0175905420037452,None,space,14.523442958001397,None,,,,,,,,,0,750,750,204,1179.7457694589975,,,,,,,,,,,,,,,,,,,,,,,,,,,,,,,,,,,,,,,,,,,,,,,,,,,,,,,,,,,,,,,,1179.7374561670003,1179.7457694589975,1180.2356254170008,1180.2356254170008,1180.3100852499992,1180.3100852499992,1180.7672567499976,left,1.0175905420037452,None,1180.767379249999,1195.3022367090016,space,1180.775861916998,1180.775861916998,14.523442958001397,None,,,,,,,,21049994,0,2025-12-01_12h27.08.742,tilt_mocs,2024.2.4,120.11218477836073,2025-12-01 12h27.34.412624 -0500,
4,0.0,,751,751,0,,,,,,,,,,c+4,noss,0,right,1.0382842909966712,None,None,,,,,,,,,,,0,751,751,953,1195.313085458998,,,,,,,,,,,,,,,,,,,,,,,,,,,,,,,,,,,,,,,,,,,,,,,,,,,,,,,,,,,,,,,,1195.304200999999,1195.313085458998,1195.8031711250005,1195.8031711250005,1195.877215583998,1195.877215583998,1196.3628641670002,right,1.0382842909966712,None,1196.3630279169956,1196.3630834169962,None,,,,,,,,,,,,21049994,0,2025-12-01_12h27.08.742,tilt_mocs,2024.2.4,120.11218477836073,2025-12-01 12h27.34.412624 -0500,
8,15.0,,752,752,0,,,,,,,,,,c+8,poss,100,right,0.9872136670019245,None,None,,,,,,,,,,,0,752,752,314,1196.373458791997,,,,,,,,,,,,,,,,,,,,,,,,,,,,,,,,,,,,,,,,,,,,,,,,,,,,,,,,,,,,,,,,1196.3653716670015,1196.373458791997,1196.8601680840002,1196.8601680840002,1196.9323346249948,1196.9323346249948,1197.363200916996,right,0.9872136670019245,None,1197.3633248339975,1197.3633934999962,None,,,,,,,,,,,,21049994,0,2025-12-01_12h27.08.742,tilt_mocs,2024.2.4,120.11218477836073,2025-12-01 12h27.34.412624 -0500,
-4,-15.0,,753,753,0,,,,,,,,,,c-4,negs,100,right,1.0331088749953778,None,None,,,,,,,,,,,0,753,753,496,1197.3738897919975,,,,,,,,,,,,,,,,,,,,,,,,,,,,,,,,,,,,,,,,,,,,,,,,,,,,,,,,,,,,,,,,1197.3657161250012,1197.3738897919975,1197.860189375002,1197.860189375002,1197.9322727499966,1197.9322727499966,1198.412746791997,right,1.0331088749953778,None,1198.4128732089957,1198.4129284590017,None,,,,,,,,,,,,21049994,0,2025-12-01_12h27.08.742,tilt_mocs,2024.2.4,120.11218477836073,2025-12-01 12h27.34.412624 -0500,
4,15.0,,754,754,0,,,,,,,,,,c+4,poss,100,right,0.9325819160003448,None,None,,,,,,,,,,,0,754,754,208,1198.422972166998,,,,,,,,,,,,,,,,,,,,,,,,,,,,,,,,,,,,,,,,,,,,,,,,,,,,,,,,,,,,,,,,1198.4150923339985,1198.422972166998,1198.9101765419982,1198.9101765419982,1198.9824582090005,1198.9824582090005,1199.3629783750002,right,0.9325819160003448,None,1199.3631147089982,1199.3631827499994,None,,,,,,,,,,,,21049994,0,2025-12-01_12h27.08.742,tilt_mocs,2024.2.4,120.11218477836073,2025-12-01 12h27.34.412624 -0500,
2,15.0,,755,755,0,,,,,,,,,,c+2,poss,100,right,0.9809037090017227,None,None,,,,,,,,,,,0,755,755,151,1199.373305084002,,,,,,,,,,,,,,,,,,,,,,,,,,,,,,,,,,,,,,,,,,,,,,,,,,,,,,,,,,,,,,,,1199.365311124995,1199.373305084002,1199.8601441249994,1199.8601441249994,1199.932828375,1199.932828375,1200.363080791998,right,0.9809037090017227,None,1200.3632317500014,1200.3632925419952,None,,,,,,,,,,,,21049994,0,2025-12-01_12h27.08.742,tilt_mocs,2024.2.4,120.11218477836073,2025-12-01 12h27.34.412624 -0500,
-1,0.0,,756,756,0,,,,,,,,,,c-1,noss,0,left,1.4948197919948143,None,None,,,,,,,,,,,0,756,756,784,1200.3741864589974,,,,,,,,,,,,,,,,,,,,,,,,,,,,,,,,,,,,,,,,,,,,,,,,,,,,,,,,,,,,,,,,1200.365870583999,1200.3741864589974,1200.86035825,1200.86035825,1200.9330014169973,1200.9330014169973,1201.8798285839948,left,1.4948197919948143,None,1201.879995999996,1201.8800622919953,None,,,,,,,,,,,,21049994,0,2025-12-01_12h27.08.742,tilt_mocs,2024.2.4,120.11218477836073,2025-12-01 12h27.34.412624 -0500,
4,15.0,,757,757,0,,,,,,,,,,c+4,poss,100,right,1.070932458002062,None,None,,,,,,,,,,,0,757,757,173,1201.8910777089986,,,,,,,,,,,,,,,,,,,,,,,,,,,,,,,,,,,,,,,,,,,,,,,,,,,,,,,,,,,,,,,,1201.8826778750008,1201.8910777089986,1202.3770326669983,1202.3770326669983,1202.4491864590018,1202.4491864590018,1202.9732660840018,right,1.070932458002062,None,1202.973368209001,1202.9734103750015,None,,,,,,,,,,,,21049994,0,2025-12-01_12h27.08.742,tilt_mocs,2024.2.4,120.11218477836073,2025-12-01 12h27.34.412624 -0500,
-1,0.0,,758,758,0,,,,,,,,,,c-1,noss,0,right,0.9557554999992135,None,None,,,,,,,,,,,0,758,758,820,1202.979964416998,,,,,,,,,,,,,,,,,,,,,,,,,,,,,,,,,,,,,,,,,,,,,,,,,,,,,,,,,,,,,,,,1202.975239499996,1202.979964416998,1203.4693331250019,1203.4693331250019,1203.5442642089984,1203.5442642089984,1203.9464447499995,right,0.9557554999992135,None,1203.9465722499954,1203.9466275000013,None,,,,,,,,,,,,21049994,0,2025-12-01_12h27.08.742,tilt_mocs,2024.2.4,120.11218477836073,2025-12-01 12h27.34.412624 -0500,
4,0.0,,759,759,0,,,,,,,,,,c+4,noss,0,right,0.8874481669990928,None,None,,,,,,,,,,,0,759,759,1007,1203.9570606249981,,,,,,,,,,,,,,,,,,,,,,,,,,,,,,,,,,,,,,,,,,,,,,,,,,,,,,,,,,,,,,,,1203.9490576249955,1203.9570606249981,1204.443832291996,1204.443832291996,1204.5154525420003,1204.5154525420003,1204.8470933339995,right,0.8874481669990928,None,1204.847259000002,1204.8473200419976,None,,,,,,,,,,,,21049994,0,2025-12-01_12h27.08.742,tilt_mocs,2024.2.4,120.11218477836073,2025-12-01 12h27.34.412624 -0500,
2,15.0,,760,760,0,,,,,,,,,,c+2,poss,100,right,0.8381823329982581,None,None,,,,,,,,,,,0,760,760,137,1204.8579816669953,,,,,,,,,,,,,,,,,,,,,,,,,,,,,,,,,,,,,,,,,,,,,,,,,,,,,,,,,,,,,,,,1204.8498915000018,1204.8579816669953,1205.3437385840007,1205.3437385840007,1205.4159289589952,1205.4159289589952,1205.7016342089992,right,0.8381823329982581,None,1205.7018687089949,1205.7019744169957,None,,,,,,,,,,,,21049994,0,2025-12-01_12h27.08.742,tilt_mocs,2024.2.4,120.11218477836073,2025-12-01 12h27.34.412624 -0500,
-8,-15.0,,761,761,0,,,,,,,,,,c-8,negs,100,left,0.9980415840036585,None,None,,,,,,,,,,,0,761,761,339,1205.7128687090008,,,,,,,,,,,,,,,,,,,,,,,,,,,,,,,,,,,,,,,,,,,,,,,,,,,,,,,,,,,,,,,,1205.7043200420012,1205.7128687090008,1206.2032570419979,1206.2032570419979,1206.277616542,1206.277616542,1206.713370958998,left,0.9980415840036585,None,1206.7134979999973,1206.7135524170008,None,,,,,,,,,,,,21049994,0,2025-12-01_12h27.08.742,tilt_mocs,2024.2.4,120.11218477836073,2025-12-01 12h27.34.412624 -0500,
-8,-15.0,,762,762,0,,,,,,,,,,c-8,negs,100,left,0.8000812500031316,None,None,,,,,,,,,,,0,762,762,362,1206.7234664589996,,,,,,,,,,,,,,,,,,,,,,,,,,,,,,,,,,,,,,,,,,,,,,,,,,,,,,,,,,,,,,,,1206.7155477499982,1206.7234664589996,1207.2106651669965,1207.2106651669965,1207.2823914589972,1207.2823914589972,1207.5295053750015,left,0.8000812500031316,None,1207.5296077499952,1207.5296504169964,None,,,,,,,,,,,,21049994,0,2025-12-01_12h27.08.742,tilt_mocs,2024.2.4,120.11218477836073,2025-12-01 12h27.34.412624 -0500,
-2,15.0,,763,763,0,,,,,,,,,,c-2,poss,100,left,0.9621060409990605,None,None,,,,,,,,,,,0,763,763,54,1207.5394475419962,,,,,,,,,,,,,,,,,,,,,,,,,,,,,,,,,,,,,,,,,,,,,,,,,,,,,,,,,,,,,,,,1207.5315080419969,1207.5394475419962,1208.027145125001,1208.027145125001,1208.0993977089965,1208.0993977089965,1208.5137524589954,left,0.9621060409990605,None,1208.5138924589992,1208.5139464169988,None,,,,,,,,,,,,21049994,0,2025-12-01_12h27.08.742,tilt_mocs,2024.2.4,120.11218477836073,2025-12-01 12h27.34.412624 -0500,
2,0.0,,764,764,0,,,,,,,,,,c+2,noss,0,left,0.7881334580015391,None,None,,,,,,,,,,,0,764,764,927,1208.5240564999986,,,,,,,,,,,,,,,,,,,,,,,,,,,,,,,,,,,,,,,,,,,,,,,,,,,,,,,,,,,,,,,,1208.516129083997,1208.5240564999986,1209.0106148339983,1209.0106148339983,1209.0822323749962,1209.0822323749962,1209.324340041996,left,0.7881334580015391,None,1209.3244407499951,1209.324482791999,None,,,,,,,,,,,,21049994,0,2025-12-01_12h27.08.742,tilt_mocs,2024.2.4,120.11218477836073,2025-12-01 12h27.34.412624 -0500,
-4,-15.0,,765,765,0,,,,,,,,,,c-4,negs,100,left,1.0410693750018254,None,None,,,,,,,,,,,0,765,765,503,1209.3308771250013,,,,,,,,,,,,,,,,,,,,,,,,,,,,,,,,,,,,,,,,,,,,,,,,,,,,,,,,,,,,,,,,1209.3263699589952,1209.3308771250013,1209.8191693339977,1209.8191693339977,1209.8944136249993,1209.8944136249993,1210.3798187089997,left,1.0410693750018254,None,1210.3799448749996,1210.3799982919954,None,,,,,,,,,,,,21049994,0,2025-12-01_12h27.08.742,tilt_mocs,2024.2.4,120.11218477836073,2025-12-01 12h27.34.412624 -0500,
-2,0.0,,766,766,0,,,,,,,,,,c-2,noss,0,left,0.8780685840029037,None,None,,,,,,,,,,,0,766,766,729,1210.3899649589948,,,,,,,,,,,,,,,,,,,,,,,,,,,,,,,,,,,,,,,,,,,,,,,,,,,,,,,,,,,,,,,,1210.381949374998,1210.3899649589948,1210.8772418340013,1210.8772418340013,1210.9503526670014,1210.9503526670014,1211.2800584590004,left,0.8780685840029037,None,1211.2801872499986,1211.2802408339994,None,,,,,,,,,,,,21049994,0,2025-12-01_12h27.08.742,tilt_mocs,2024.2.4,120.11218477836073,2025-12-01 12h27.34.412624 -0500,
1,0.0,,767,767,0,,,,,,,,,,c+1,noss,0,right,1.0547179999994114,None,None,,,,,,,,,,,0,767,767,874,1211.2901526669957,,,,,,,,,,,,,,,,,,,,,,,,,,,,,,,,,,,,,,,,,,,,,,,,,,,,,,,,,,,,,,,,1211.2821600839961,1211.2901526669957,1211.7773842919996,1211.7773842919996,1211.8492503749949,1211.8492503749949,1212.347387624999,right,1.0547179999994114,None,1212.3475247089955,1212.3475810419986,None,,,,,,,,,,,,21049994,0,2025-12-01_12h27.08.742,tilt_mocs,2024.2.4,120.11218477836073,2025-12-01 12h27.34.412624 -0500,
-8,-15.0,,768,768,0,,,,,,,,,,c-8,negs,100,left,0.9034394999980577,None,None,,,,,,,,,,,0,768,768,343,1212.3579170839948,,,,,,,,,,,,,,,,,,,,,,,,,,,,,,,,,,,,,,,,,,,,,,,,,,,,,,,,,,,,,,,,1212.3498308749986,1212.3579170839948,1212.8440085420007,1212.8440085420007,1212.9161998749987,1212.9161998749987,1213.2637862089978,left,0.9034394999980577,None,1213.2638890419985,1213.263931417001,None,,,,,,,,,,,,21049994,0,2025-12-01_12h27.08.742,tilt_mocs,2024.2.4,120.11218477836073,2025-12-01 12h27.34.412624 -0500,
6,15.0,,769,769,0,,,,,,,,,,c+6,poss,100,right,0.8718690419991617,None,None,,,,,,,,,,,0,769,769,224,1213.2737032090008,,,,,,,,,,,,,,,,,,,,,,,,,,,,,,,,,,,,,,,,,,,,,,,,,,,,,,,,,,,,,,,,1213.2657974999966,1213.2737032090008,1213.7607831669957,1213.7607831669957,1213.8327707919962,1213.8327707919962,1214.1572352919975,right,0.8718690419991617,None,1214.1573349999962,1214.1573764999994,None,,,,,,,,,,,,21049994,0,2025-12-01_12h27.08.742,tilt_mocs,2024.2.4,120.11218477836073,2025-12-01 12h27.34.412624 -0500,
-6,-15.0,,770,770,0,,,,,,,,,,c-6,negs,100,left,0.8062710000012885,None,None,,,,,,,,,,,0,770,770,411,1214.1639398339976,,,,,,,,,,,,,,,,,,,,,,,,,,,,,,,,,,,,,,,,,,,,,,,,,,,,,,,,,,,,,,,,1214.1592075000008,1214.1639398339976,1214.6525572089959,1214.6525572089959,1214.7279434169977,1214.7279434169977,1214.980046124998,left,0.8062710000012885,None,1214.9801707919978,1214.9802234589952,None,,,,,,,,,,,,21049994,0,2025-12-01_12h27.08.742,tilt_mocs,2024.2.4,120.11218477836073,2025-12-01 12h27.34.412624 -0500,
1,0.0,,771,771,0,,,,,,,,,,c+1,noss,0,right,0.8825557079981081,None,None,,,,,,,,,,,0,771,771,860,1214.990441541995,,,,,,,,,,,,,,,,,,,,,,,,,,,,,,,,,,,,,,,,,,,,,,,,,,,,,,,,,,,,,,,,1214.982517999997,1214.990441541995,1215.4774142499955,1215.4774142499955,1215.5498057919976,1215.5498057919976,1215.8803441249984,right,0.8825557079981081,None,1215.8804724169968,1215.8805280419983,None,,,,,,,,,,,,21049994,0,2025-12-01_12h27.08.742,tilt_mocs,2024.2.4,120.11218477836073,2025-12-01 12h27.34.412624 -0500,
6,15.0,,772,772,0,,,,,,,,,,c+6,poss,100,right,0.9555506660035462,None,None,,,,,,,,,,,0,772,772,263,1215.8903821669956,,,,,,,,,,,,,,,,,,,,,,,,,,,,,,,,,,,,,,,,,,,,,,,,,,,,,,,,,,,,,,,,1215.8824464169957,1215.8903821669956,1216.3774546669956,1216.3774546669956,1216.449609874995,1216.449609874995,1216.8520494589975,right,0.9555506660035462,None,1216.8521500839997,1216.852192499995,None,,,,,,,,,,,,21049994,0,2025-12-01_12h27.08.742,tilt_mocs,2024.2.4,120.11218477836073,2025-12-01 12h27.34.412624 -0500,
2,0.0,,773,773,0,,,,,,,,,,c+2,noss,0,right,0.9678009580020444,None,None,,,,,,,,,,,0,773,773,939,1216.8777034999948,,,,,,,,,,,,,,,,,,,,,,,,,,,,,,,,,,,,,,,,,,,,,,,,,,,,,,,,,,,,,,,,1216.8540506249992,1216.8777034999948,1217.3523724589977,1217.3523724589977,1217.427708958996,1217.427708958996,1217.857048083999,right,0.9678009580020444,None,1217.857150083997,1217.8571980419947,None,,,,,,,,,,,,21049994,0,2025-12-01_12h27.08.742,tilt_mocs,2024.2.4,120.11218477836073,2025-12-01 12h27.34.412624 -0500,
6,15.0,,774,774,0,,,,,,,,,,c+6,poss,100,right,0.8640517919993727,None,None,,,,,,,,,,,0,774,774,249,1217.8639731669973,,,,,,,,,,,,,,,,,,,,,,,,,,,,,,,,,,,,,,,,,,,,,,,,,,,,,,,,,,,,,,,,1217.8591473749984,1217.8639731669973,1218.353960208995,1218.353960208995,1218.4280231250013,1218.4280231250013,1218.730361834001,right,0.8640517919993727,None,1218.7304881669988,1218.730542666999,None,,,,,,,,,,,,21049994,0,2025-12-01_12h27.08.742,tilt_mocs,2024.2.4,120.11218477836073,2025-12-01 12h27.34.412624 -0500,
2,-15.0,,775,775,0,,,,,,,,,,c+2,negs,100,right,0.9091224580042763,None,None,,,,,,,,,,,0,775,775,671,1218.741073792,,,,,,,,,,,,,,,,,,,,,,,,,,,,,,,,,,,,,,,,,,,,,,,,,,,,,,,,,,,,,,,,1218.7329741249996,1218.741073792,1219.2277188340013,1219.2277188340013,1219.3000474169967,1219.3000474169967,1219.6534684590006,right,0.9091224580042763,None,1219.6536057919948,1219.6536584169953,None,,,,,,,,,,,,21049994,0,2025-12-01_12h27.08.742,tilt_mocs,2024.2.4,120.11218477836073,2025-12-01 12h27.34.412624 -0500,
0,-15.0,,776,776,0,,,,,,,,,,c+0,negs,100,right,0.9009918329975335,None,None,,,,,,,,,,,0,776,776,569,1219.664011791996,,,,,,,,,,,,,,,,,,,,,,,,,,,,,,,,,,,,,,,,,,,,,,,,,,,,,,,,,,,,,,,,1219.6558084589997,1219.664011791996,1220.1532597499972,1220.1532597499972,1220.2281249169973,1220.2281249169973,1220.5692838339965,right,0.9009918329975335,None,1220.5693813749967,1220.5694242089958,None,,,,,,,,,,,,21049994,0,2025-12-01_12h27.08.742,tilt_mocs,2024.2.4,120.11218477836073,2025-12-01 12h27.34.412624 -0500,
-2,-15.0,,777,777,0,,,,,,,,,,c-2,negs,100,right,1.0994954579946352,None,None,,,,,,,,,,,0,777,777,552,1220.5795179589986,,,,,,,,,,,,,,,,,,,,,,,,,,,,,,,,,,,,,,,,,,,,,,,,,,,,,,,,,,,,,,,,1220.5712742920005,1220.5795179589986,1221.0701294169994,1221.0701294169994,1221.1449562919952,1221.1449562919952,1221.6822820839952,right,1.0994954579946352,None,1221.6824170839973,1221.6824751669992,None,,,,,,,,,,,,21049994,0,2025-12-01_12h27.08.742,tilt_mocs,2024.2.4,120.11218477836073,2025-12-01 12h27.34.412624 -0500,
-4,-15.0,,778,778,0,,,,,,,,,,c-4,negs,100,left,0.9814671249987441,None,None,,,,,,,,,,,0,778,778,459,1221.6928675000017,,,,,,,,,,,,,,,,,,,,,,,,,,,,,,,,,,,,,,,,,,,,,,,,,,,,,,,,,,,,,,,,1221.6845990000002,1221.6928675000017,1222.1776769169956,1222.1776769169956,1222.249903333999,1222.249903333999,1222.6801495839973,left,0.9814671249987441,None,1222.6802519999983,1222.680295416998,None,,,,,,,,,,,,21049994,0,2025-12-01_12h27.08.742,tilt_mocs,2024.2.4,120.11218477836073,2025-12-01 12h27.34.412624 -0500,
-8,-15.0,,779,779,0,,,,,,,,,,c-8,negs,100,left,0.8620853330066893,None,None,,,,,,,,,,,0,779,779,372,1222.6902210420012,,,,,,,,,,,,,,,,,,,,,,,,,,,,,,,,,,,,,,,,,,,,,,,,,,,,,,,,,,,,,,,,1222.6822344589964,1222.6902210420012,1223.1777622090012,1223.1777622090012,1223.2515952499962,1223.2515952499962,1223.5638590839953,left,0.8620853330066893,None,1223.5640266249975,1223.5640829999975,None,,,,,,,,,,,,21049994,0,2025-12-01_12h27.08.742,tilt_mocs,2024.2.4,120.11218477836073,2025-12-01 12h27.34.412624 -0500,
-2,0.0,,780,780,0,,,,,,,,,,c-2,noss,0,left,0.9441309169997112,None,None,,,,,,,,,,,0,780,780,773,1223.5748215839994,,,,,,,,,,,,,,,,,,,,,,,,,,,,,,,,,,,,,,,,,,,,,,,,,,,,,,,,,,,,,,,,1223.5666458749984,1223.5748215839994,1224.0611766669972,1224.0611766669972,1224.1337091669993,1224.1337091669993,1224.532230208999,left,0.9441309169997112,None,1224.5323453339952,1224.5323903339959,None,,,,,,,,,,,,21049994,0,2025-12-01_12h27.08.742,tilt_mocs,2024.2.4,120.11218477836073,2025-12-01 12h27.34.412624 -0500,
-2,0.0,,781,781,0,,,,,,,,,,c-2,noss,0,left,0.8834417079997365,None,None,,,,,,,,,,,0,781,781,783,1224.5424508340002,,,,,,,,,,,,,,,,,,,,,,,,,,,,,,,,,,,,,,,,,,,,,,,,,,,,,,,,,,,,,,,,1224.5344142499962,1224.5424508340002,1225.0279659590014,1225.0279659590014,1225.100990250001,1225.100990250001,1225.4308141250003,left,0.8834417079997365,None,1225.430924417,1225.4309661669977,None,,,,,,,,,,,,21049994,0,2025-12-01_12h27.08.742,tilt_mocs,2024.2.4,120.11218477836073,2025-12-01 12h27.34.412624 -0500,
8,15.0,,782,782,0,,,,,,,,,,c+8,poss,100,right,1.0307867500014254,None,None,,,,,,,,,,,0,782,782,286,1225.4407844169982,,,,,,,,,,,,,,,,,,,,,,,,,,,,,,,,,,,,,,,,,,,,,,,,,,,,,,,,,,,,,,,,1225.4328724169973,1225.4407844169982,1225.927927124998,1225.927927124998,1226.0008936669983,1226.0008936669983,1226.480527874999,right,1.0307867500014254,None,1226.480658333996,1226.4807128339962,None,,,,,,,,,,,,21049994,0,2025-12-01_12h27.08.742,tilt_mocs,2024.2.4,120.11218477836073,2025-12-01 12h27.34.412624 -0500,
0,-15.0,,783,783,0,,,,,,,,,,c+0,negs,100,right,0.8796712499970454,None,None,,,,,,,,,,,0,783,783,578,1226.490647874998,,,,,,,,,,,,,,,,,,,,,,,,,,,,,,,,,,,,,,,,,,,,,,,,,,,,,,,,,,,,,,,,1226.482682834001,1226.490647874998,1226.977922209,1226.977922209,1227.050197042001,1227.050197042001,1227.380498708997,right,0.8796712499970454,None,1227.3806287920015,1227.380684333999,None,,,,,,,,,,,,21049994,0,2025-12-01_12h27.08.742,tilt_mocs,2024.2.4,120.11218477836073,2025-12-01 12h27.34.412624 -0500,
0,-15.0,,784,784,0,,,,,,,,,,c+0,negs,100,right,0.9701444579986855,None,None,,,,,,,,,,,0,784,784,587,1227.39121075,,,,,,,,,,,,,,,,,,,,,,,,,,,,,,,,,,,,,,,,,,,,,,,,,,,,,,,,,,,,,,,,1227.383104583998,1227.39121075,1227.8780541669985,1227.8780541669985,1227.9514880419956,1227.9514880419956,1228.3639995839985,right,0.9701444579986855,None,1228.3641246670013,1228.3641802499988,None,,,,,,,,,,,,21049994,0,2025-12-01_12h27.08.742,tilt_mocs,2024.2.4,120.11218477836073,2025-12-01 12h27.34.412624 -0500,
4,0.0,,785,785,0,,,,,,,,,,c+4,noss,0,right,0.92240975000459,None,None,,,,,,,,,,,0,785,785,968,1228.3741806249964,,,,,,,,,,,,,,,,,,,,,,,,,,,,,,,,,,,,,,,,,,,,,,,,,,,,,,,,,,,,,,,,1228.3661174590015,1228.3741806249964,1228.8612213749948,1228.8612213749948,1228.9331661670003,1228.9331661670003,1229.3029666669972,right,0.92240975000459,None,1229.3030659169963,1229.3031117919963,None,,,,,,,,,,,,21049994,0,2025-12-01_12h27.08.742,tilt_mocs,2024.2.4,120.11218477836073,2025-12-01 12h27.34.412624 -0500,
-2,-15.0,,786,786,0,,,,,,,,,,c-2,negs,100,right,0.9254487920043175,None,None,,,,,,,,,,,0,786,786,547,1229.3134510419986,,,,,,,,,,,,,,,,,,,,,,,,,,,,,,,,,,,,,,,,,,,,,,,,,,,,,,,,,,,,,,,,1229.305010666998,1229.3134510419986,1229.8036664169995,1229.8036664169995,1229.8782916669952,1229.8782916669952,1230.2473844170017,right,0.9254487920043175,None,1230.2475102499957,1230.2475642499994,None,,,,,,,,,,,,21049994,0,2025-12-01_12h27.08.742,tilt_mocs,2024.2.4,120.11218477836073,2025-12-01 12h27.34.412624 -0500,
2,0.0,,787,787,0,,,,,,,,,,c+2,noss,0,right,0.965964916998928,None,None,,,,,,,,,,,0,787,787,948,1230.2576522499949,,,,,,,,,,,,,,,,,,,,,,,,,,,,,,,,,,,,,,,,,,,,,,,,,,,,,,,,,,,,,,,,1230.2495228339976,1230.2576522499949,1230.7446407919997,1230.7446407919997,1230.8176508749966,1230.8176508749966,1231.231137499999,right,0.965964916998928,None,1231.2312773340018,1231.2313357089952,None,,,,,,,,,,,,21049994,0,2025-12-01_12h27.08.742,tilt_mocs,2024.2.4,120.11218477836073,2025-12-01 12h27.34.412624 -0500,
-2,-15.0,,788,788,0,,,,,,,,,,c-2,negs,100,right,0.907502709000255,None,None,,,,,,,,,,,0,788,788,507,1231.2413651249954,,,,,,,,,,,,,,,,,,,,,,,,,,,,,,,,,,,,,,,,,,,,,,,,,,,,,,,,,,,,,,,,1231.2335146670011,1231.2413651249954,1231.728014417,1231.728014417,1231.800358499997,1231.800358499997,1232.1524302920006,right,0.907502709000255,None,1232.152531791995,1232.1525740840007,None,,,,,,,,,,,,21049994,0,2025-12-01_12h27.08.742,tilt_mocs,2024.2.4,120.11218477836073,2025-12-01 12h27.34.412624 -0500,
-2,15.0,,789,789,0,,,,,,,,,,c-2,poss,100,left,1.0013340410005185,None,None,,,,,,,,,,,0,789,789,40,1232.1782203749972,,,,,,,,,,,,,,,,,,,,,,,,,,,,,,,,,,,,,,,,,,,,,,,,,,,,,,,,,,,,,,,,1232.1544501249955,1232.1782203749972,1232.6447469170016,1232.6447469170016,1232.7167632919954,1232.7167632919954,1233.1828052919955,left,1.0013340410005185,None,1233.1829549589966,1233.183021500001,None,,,,,,,,,,,,21049994,0,2025-12-01_12h27.08.742,tilt_mocs,2024.2.4,120.11218477836073,2025-12-01 12h27.34.412624 -0500,
4,15.0,,790,790,0,,,,,,,,,,c+4,poss,100,right,0.9423803340032464,None,None,,,,,,,,,,,0,790,790,198,1233.193449499995,,,,,,,,,,,,,,,,,,,,,,,,,,,,,,,,,,,,,,,,,,,,,,,,,,,,,,,,,,,,,,,,1233.1855160839987,1233.193449499995,1233.6781219170007,1233.6781219170007,1233.751304958998,1233.751304958998,1234.1474548749975,right,0.9423803340032464,None,1234.1475835839956,1234.1476446250017,None,,,,,,,,,,,,21049994,0,2025-12-01_12h27.08.742,tilt_mocs,2024.2.4,120.11218477836073,2025-12-01 12h27.34.412624 -0500,
0,-15.0,,791,791,0,,,,,,,,,,c+0,negs,100,right,1.0188514580004266,None,None,,,,,,,,,,,0,791,791,573,1234.1576079169972,,,,,,,,,,,,,,,,,,,,,,,,,,,,,,,,,,,,,,,,,,,,,,,,,,,,,,,,,,,,,,,,1234.1495648339987,1234.1576079169972,1234.644246709002,1234.644246709002,1234.7167871669953,1234.7167871669953,1235.180735916998,right,1.0188514580004266,None,1235.1808356249967,1235.180878041996,None,,,,,,,,,,,,21049994,0,2025-12-01_12h27.08.742,tilt_mocs,2024.2.4,120.11218477836073,2025-12-01 12h27.34.412624 -0500,
-8,-15.0,,792,792,0,,,,,,,,,,c-8,negs,100,left,0.9348553750023711,None,None,,,,,,,,,,,0,792,792,358,1235.1910257919953,,,,,,,,,,,,,,,,,,,,,,,,,,,,,,,,,,,,,,,,,,,,,,,,,,,,,,,,,,,,,,,,1235.1827772920005,1235.1910257919953,1235.6783131670018,1235.6783131670018,1235.750168708997,1235.750168708997,1236.1312081249998,left,0.9348553750023711,None,1236.1313124169974,1236.1313554169974,None,,,,,,,,,,,,21049994,0,2025-12-01_12h27.08.742,tilt_mocs,2024.2.4,120.11218477836073,2025-12-01 12h27.34.412624 -0500,
0,15.0,,793,793,0,,,,,,,,,,c+0,poss,100,left,1.072707082996203,None,None,,,,,,,,,,,0,793,793,92,1236.1412262090016,,,,,,,,,,,,,,,,,,,,,,,,,,,,,,,,,,,,,,,,,,,,,,,,,,,,,,,,,,,,,,,,1236.1332372089964,1236.1412262090016,1236.6281837499992,1236.6281837499992,1236.7122788749984,1236.7122788749984,1237.2205379590014,left,1.072707082996203,None,1237.220646959002,1237.2206936250004,None,,,,,,,,,,,,21049994,0,2025-12-01_12h27.08.742,tilt_mocs,2024.2.4,120.11218477836073,2025-12-01 12h27.34.412624 -0500,
-2,15.0,,794,794,0,,,,,,,,,,c-2,poss,100,left,0.9925144590015407,None,None,,,,,,,,,,,0,794,794,11,1237.2309335419995,,,,,,,,,,,,,,,,,,,,,,,,,,,,,,,,,,,,,,,,,,,,,,,,,,,,,,,,,,,,,,,,1237.222590583995,1237.2309335419995,1237.7205154999974,1237.7205154999974,1237.7954400419985,1237.7954400419985,1238.2308092089952,left,0.9925144590015407,None,1238.2309383749962,1238.2309928749964,None,,,,,,,,,,,,21049994,0,2025-12-01_12h27.08.742,tilt_mocs,2024.2.4,120.11218477836073,2025-12-01 12h27.34.412624 -0500,
1,0.0,,795,795,0,,,,,,,,,,c+1,noss,0,left,0.8219219579987112,None,None,,,,,,,,,,,0,795,795,872,1238.2415284999952,,,,,,,,,,,,,,,,,,,,,,,,,,,,,,,,,,,,,,,,,,,,,,,,,,,,,,,,,,,,,,,,1238.233356249999,1238.2415284999952,1238.7283102500005,1238.7283102500005,1238.800221999998,1238.800221999998,1239.0697232499951,left,0.8219219579987112,None,1239.0698514999967,1239.069905999997,None,,,,,,,,,,,,21049994,0,2025-12-01_12h27.08.742,tilt_mocs,2024.2.4,120.11218477836073,2025-12-01 12h27.34.412624 -0500,
8,15.0,,796,796,0,,,,,,,,,,c+8,poss,100,right,0.9250197090004804,None,None,,,,,,,,,,,0,796,796,302,1239.080238292001,,,,,,,,,,,,,,,,,,,,,,,,,,,,,,,,,,,,,,,,,,,,,,,,,,,,,,,,,,,,,,,,1239.0720022089954,1239.080238292001,1239.571541583995,1239.571541583995,1239.6454657089998,1239.6454657089998,1240.0141886669953,right,0.9250197090004804,None,1240.0142924169995,1240.014335791995,None,,,,,,,,,,,,21049994,0,2025-12-01_12h27.08.742,tilt_mocs,2024.2.4,120.11218477836073,2025-12-01 12h27.34.412624 -0500,
1,0.0,,797,797,0,,,,,,,,,,c+1,noss,0,right,0.7684416670017526,None,None,,,,,,,,,,,0,797,797,848,1240.024142958995,,,,,,,,,,,,,,,,,,,,,,,,,,,,,,,,,,,,,,,,,,,,,,,,,,,,,,,,,,,,,,,,1240.016209292,1240.024142958995,1240.5117999590002,1240.5117999590002,1240.5834677919993,1240.5834677919993,1240.7977848340015,right,0.7684416670017526,None,1240.7979108340005,1240.7979645419982,None,,,,,,,,,,,,21049994,0,2025-12-01_12h27.08.742,tilt_mocs,2024.2.4,120.11218477836073,2025-12-01 12h27.34.412624 -0500,
4,15.0,,798,798,0,,,,,,,,,,c+4,poss,100,right,0.9039557920041261,None,None,,,,,,,,,,,0,798,798,182,1240.8082107500013,,,,,,,,,,,,,,,,,,,,,,,,,,,,,,,,,,,,,,,,,,,,,,,,,,,,,,,,,,,,,,,,1240.8001837089978,1240.8082107500013,1241.2951212499975,1241.2951212499975,1241.367127958998,1241.367127958998,1241.714787291996,right,0.9039557920041261,None,1241.7150152089962,1241.7151121669958,None,,,,,,,,,,,,21049994,0,2025-12-01_12h27.08.742,tilt_mocs,2024.2.4,120.11218477836073,2025-12-01 12h27.34.412624 -0500,
-2,15.0,,799,799,0,,,,,,,,,,c-2,poss,100,left,0.9161674999995739,None,None,,,,,,,,,,,0,799,799,45,1241.7256008339973,,,,,,,,,,,,,,,,,,,,,,,,,,,,,,,,,,,,,,,,,,,,,,,,,,,,,,,,,,,,,,,,1241.7175470840011,1241.7256008339973,1242.211828749998,1242.211828749998,1242.2842730839984,1242.2842730839984,1242.647699084002,left,0.9161674999995739,None,1242.647796749996,1242.647839583995,None,,,,,,,,,,,,21049994,0,2025-12-01_12h27.08.742,tilt_mocs,2024.2.4,120.11218477836073,2025-12-01 12h27.34.412624 -0500,
8,15.0,,800,800,0,,,,,,,,,,c+8,poss,100,right,0.8705840420007007,None,None,,,,,,,,,,,0,800,800,311,1242.6579710840015,,,,,,,,,,,,,,,,,,,,,,,,,,,,,,,,,,,,,,,,,,,,,,,,,,,,,,,,,,,,,,,,1242.649730291996,1242.6579710840015,1243.1451033339981,1243.1451033339981,1243.2174349170018,1243.2174349170018,1243.5311189169952,right,0.8705840420007007,None,1243.531247084,1243.5313126249966,None,,,,,,,,,,,,21049994,0,2025-12-01_12h27.08.742,tilt_mocs,2024.2.4,120.11218477836073,2025-12-01 12h27.34.412624 -0500,
-4,-15.0,,801,801,0,,,,,,,,,,c-4,negs,100,left,0.778864291998616,None,None,,,,,,,,,,,0,801,801,479,1243.5417126249959,,,,,,,,,,,,,,,,,,,,,,,,,,,,,,,,,,,,,,,,,,,,,,,,,,,,,,,,,,,,,,,,1243.5335152920015,1243.5417126249959,1244.027503666999,1244.027503666999,1244.1012095839978,1244.1012095839978,1244.3311844169948,left,0.778864291998616,None,1244.3313047089978,1244.3313583749987,None,,,,,,,,,,,,21049994,0,2025-12-01_12h27.08.742,tilt_mocs,2024.2.4,120.11218477836073,2025-12-01 12h27.34.412624 -0500,
2,-15.0,,802,802,0,,,,,,,,,,c+2,negs,100,right,0.7580694160060375,None,None,,,,,,,,,,,0,802,802,658,1244.341762416996,,,,,,,,,,,,,,,,,,,,,,,,,,,,,,,,,,,,,,,,,,,,,,,,,,,,,,,,,,,,,,,,1244.3337504169976,1244.341762416996,1244.828540124996,1244.828540124996,1244.9006165839965,1244.9006165839965,1245.103074916995,right,0.7580694160060375,None,1245.1031709589952,1245.1032135419955,None,,,,,,,,,,,,21049994,0,2025-12-01_12h27.08.742,tilt_mocs,2024.2.4,120.11218477836073,2025-12-01 12h27.34.412624 -0500,
-4,-15.0,,803,803,0,,,,,,,,,,c-4,negs,100,left,0.8431431249991874,None,None,,,,,,,,,,,0,803,803,458,1245.113568834,,,,,,,,,,,,,,,,,,,,,,,,,,,,,,,,,,,,,,,,,,,,,,,,,,,,,,,,,,,,,,,,1245.105518708995,1245.113568834,1245.6038350000017,1245.6038350000017,1245.6792077499995,1245.6792077499995,1245.9643724589987,left,0.8431431249991874,None,1245.964499374997,1245.9645545839958,None,,,,,,,,,,,,21049994,0,2025-12-01_12h27.08.742,tilt_mocs,2024.2.4,120.11218477836073,2025-12-01 12h27.34.412624 -0500,
1,0.0,,804,804,0,,,,,,,,,,c+1,noss,0,right,0.7416614999965532,None,None,,,,,,,,,,,0,804,804,863,1245.9751143339963,,,,,,,,,,,,,,,,,,,,,,,,,,,,,,,,,,,,,,,,,,,,,,,,,,,,,,,,,,,,,,,,1245.9668128749981,1245.9751143339963,1246.4618769590015,1246.4618769590015,1246.5340789170004,1246.5340789170004,1246.720293792001,right,0.7416614999965532,None,1246.7204146669974,1246.720471834,None,,,,,,,,,,,,21049994,0,2025-12-01_12h27.08.742,tilt_mocs,2024.2.4,120.11218477836073,2025-12-01 12h27.34.412624 -0500,
0,-15.0,,805,805,0,,,,,,,,,,c+0,negs,100,left,0.7874462079998921,None,None,,,,,,,,,,,0,805,805,596,1246.7309364999965,,,,,,,,,,,,,,,,,,,,,,,,,,,,,,,,,,,,,,,,,,,,,,,,,,,,,,,,,,,,,,,,1246.7225841249965,1246.7309364999965,1247.2214738339972,1247.2214738339972,1247.2957869999955,1247.2957869999955,1247.520827542001,left,0.7874462079998921,None,1247.5209304169985,1247.5209733750016,None,,,,,,,,,,,,21049994,0,2025-12-01_12h27.08.742,tilt_mocs,2024.2.4,120.11218477836073,2025-12-01 12h27.34.412624 -0500,
4,0.0,,806,806,0,,,,,,,,,,c+4,noss,0,right,0.9416210409981431,None,None,,,,,,,,,,,0,806,806,957,1247.5311644999965,,,,,,,,,,,,,,,,,,,,,,,,,,,,,,,,,,,,,,,,,,,,,,,,,,,,,,,,,,,,,,,,1247.5228543749981,1247.5311644999965,1248.0208891669972,1248.0208891669972,1248.0959452499956,1248.0959452499956,1248.4813426670007,right,0.9416210409981431,None,1248.4814703750017,1248.4815252920016,None,,,,,,,,,,,,21049994,0,2025-12-01_12h27.08.742,tilt_mocs,2024.2.4,120.11218477836073,2025-12-01 12h27.34.412624 -0500,
-4,0.0,,807,807,0,,,,,,,,,,c-4,noss,0,left,0.9375607499969192,None,None,,,,,,,,,,,0,807,807,691,1248.4917239589995,,,,,,,,,,,,,,,,,,,,,,,,,,,,,,,,,,,,,,,,,,,,,,,,,,,,,,,,,,,,,,,,1248.4837165419958,1248.4917239589995,1248.9788132499962,1248.9788132499962,1249.0506557920016,1249.0506557920016,1249.4317454999982,left,0.9375607499969192,None,1249.4318709590007,1249.4319248749962,None,,,,,,,,,,,,21049994,0,2025-12-01_12h27.08.742,tilt_mocs,2024.2.4,120.11218477836073,2025-12-01 12h27.34.412624 -0500,
-2,0.0,,808,808,0,,,,,,,,,,c-2,noss,0,left,1.1776047079983982,None,None,,,,,,,,,,,0,808,808,777,1249.4419947089991,,,,,,,,,,,,,,,,,,,,,,,,,,,,,,,,,,,,,,,,,,,,,,,,,,,,,,,,,,,,,,,,1249.4340128749973,1249.4419947089991,1249.9288097499957,1249.9288097499957,1250.0017047090005,1250.0017047090005,1250.631468874999,left,1.1776047079983982,None,1250.631571083999,1250.6316136249952,None,,,,,,,,,,,,21049994,0,2025-12-01_12h27.08.742,tilt_mocs,2024.2.4,120.11218477836073,2025-12-01 12h27.34.412624 -0500,
2,0.0,,809,809,0,,,,,,,,,,c+2,noss,0,right,0.9376795419957489,None,None,,,,,,,,,,,0,809,809,921,1250.6415005419985,,,,,,,,,,,,,,,,,,,,,,,,,,,,,,,,,,,,,,,,,,,,,,,,,,,,,,,,,,,,,,,,1250.6335118339994,1250.6415005419985,1251.1286957089978,1251.1286957089978,1251.2013386249964,1251.2013386249964,1251.581819209001,right,0.9376795419957489,None,1251.5820507499957,1251.5821430840006,None,,,,,,,,,,,,21049994,0,2025-12-01_12h27.08.742,tilt_mocs,2024.2.4,120.11218477836073,2025-12-01 12h27.34.412624 -0500,
2,-15.0,,810,810,0,,,,,,,,,,c+2,negs,100,left,0.8709528330000467,None,None,,,,,,,,,,,0,810,810,660,1251.5927745840017,,,,,,,,,,,,,,,,,,,,,,,,,,,,,,,,,,,,,,,,,,,,,,,,,,,,,,,,,,,,,,,,1251.5845143339975,1251.5927745840017,1252.078881542002,1252.078881542002,1252.1519716249968,1252.1519716249968,1252.4749735840014,left,0.8709528330000467,None,1252.4750809999969,1252.4751266669991,None,,,,,,,,,,,,21049994,0,2025-12-01_12h27.08.742,tilt_mocs,2024.2.4,120.11218477836073,2025-12-01 12h27.34.412624 -0500,
-2,-15.0,,811,811,0,,,,,,,,,,c-2,negs,100,left,1.4170167910051532,None,None,,,,,,,,,,,0,811,811,546,1252.4817951669975,,,,,,,,,,,,,,,,,,,,,,,,,,,,,,,,,,,,,,,,,,,,,,,,,,,,,,,,,,,,,,,,1252.4769963340004,1252.4817951669975,1252.9714230839963,1252.9714230839963,1253.0461901250019,1253.0461901250019,1253.9033548340012,left,1.4170167910051532,None,1253.9034739589988,1253.9035263339974,None,,,,,,,,,,,,21049994,0,2025-12-01_12h27.08.742,tilt_mocs,2024.2.4,120.11218477836073,2025-12-01 12h27.34.412624 -0500,
0,15.0,,812,812,0,,,,,,,,,,c+0,poss,100,left,1.1094145410024794,None,None,,,,,,,,,,,0,812,812,91,1253.9291597920019,,,,,,,,,,,,,,,,,,,,,,,,,,,,,,,,,,,,,,,,,,,,,,,,,,,,,,,,,,,,,,,,1253.9054664169962,1253.9291597920019,1254.4041969169994,1254.4041969169994,1254.4794147499997,1254.4794147499997,1255.0488994999978,left,1.1094145410024794,None,1255.0490523339977,1255.0491101250009,None,,,,,,,,,,,,21049994,0,2025-12-01_12h27.08.742,tilt_mocs,2024.2.4,120.11218477836073,2025-12-01 12h27.34.412624 -0500,
1,0.0,,813,813,0,,,,,,,,,,c+1,noss,0,right,1.0607033330015838,None,None,,,,,,,,,,,0,813,813,887,1255.0594943749966,,,,,,,,,,,,,,,,,,,,,,,,,,,,,,,,,,,,,,,,,,,,,,,,,,,,,,,,,,,,,,,,1255.0512787499974,1255.0594943749966,1255.5456346249994,1255.5456346249994,1255.6178822090005,1255.6178822090005,1256.1317642499998,right,1.0607033330015838,None,1256.1318908749963,1256.1319454170007,None,,,,,,,,,,,,21049994,0,2025-12-01_12h27.08.742,tilt_mocs,2024.2.4,120.11218477836073,2025-12-01 12h27.34.412624 -0500,
-1,0.0,,814,814,0,,,,,,,,,,c-1,noss,0,left,0.9611928329977673,None,None,,,,,,,,,,,0,814,814,833,1256.1419036669977,,,,,,,,,,,,,,,,,,,,,,,,,,,,,,,,,,,,,,,,,,,,,,,,,,,,,,,,,,,,,,,,1256.1339840419969,1256.1419036669977,1256.6289576669951,1256.6289576669951,1256.7010255839996,1256.7010255839996,1257.1157068749962,left,0.9611928329977673,None,1257.1158588749968,1257.115918167001,None,,,,,,,,,,,,21049994,0,2025-12-01_12h27.08.742,tilt_mocs,2024.2.4,120.11218477836073,2025-12-01 12h27.34.412624 -0500,
-4,0.0,,815,815,0,,,,,,,,,,c-4,noss,0,left,0.860803332994692,None,None,,,,,,,,,,,0,815,815,702,1257.1262399999978,,,,,,,,,,,,,,,,,,,,,,,,,,,,,,,,,,,,,,,,,,,,,,,,,,,,,,,,,,,,,,,,1257.1181376249951,1257.1262399999978,1257.6123175419998,1257.6123175419998,1257.6845210839965,1257.6845210839965,1257.9982449589952,left,0.860803332994692,None,1257.998371583999,1257.9984257499964,None,,,,,,,,,,,,21049994,0,2025-12-01_12h27.08.742,tilt_mocs,2024.2.4,120.11218477836073,2025-12-01 12h27.34.412624 -0500,
-8,-15.0,,816,816,0,,,,,,,,,,c-8,negs,100,left,0.920598709002661,None,None,,,,,,,,,,,0,816,816,336,1258.009224417001,,,,,,,,,,,,,,,,,,,,,,,,,,,,,,,,,,,,,,,,,,,,,,,,,,,,,,,,,,,,,,,,1258.0008297089953,1258.009224417001,1258.4956039169992,1258.4956039169992,1258.5678449999978,1258.5678449999978,1258.932742334,left,0.920598709002661,None,1258.9328812089952,1258.9329393340013,None,,,,,,,,,,,,21049994,0,2025-12-01_12h27.08.742,tilt_mocs,2024.2.4,120.11218477836073,2025-12-01 12h27.34.412624 -0500,
-2,-15.0,,817,817,0,,,,,,,,,,c-2,negs,100,right,0.989173166002729,None,None,,,,,,,,,,,0,817,817,511,1258.9438131669958,,,,,,,,,,,,,,,,,,,,,,,,,,,,,,,,,,,,,,,,,,,,,,,,,,,,,,,,,,,,,,,,1258.9357017500006,1258.9438131669958,1259.429065999997,1259.429065999997,1259.5131407090012,1259.5131407090012,1259.936949750001,right,0.989173166002729,None,1259.9370457089972,1259.937087667,None,,,,,,,,,,,,21049994,0,2025-12-01_12h27.08.742,tilt_mocs,2024.2.4,120.11218477836073,2025-12-01 12h27.34.412624 -0500,
2,-15.0,,818,818,0,,,,,,,,,,c+2,negs,100,right,0.9196998750048806,None,None,,,,,,,,,,,0,818,818,653,1259.9625933749994,,,,,,,,,,,,,,,,,,,,,,,,,,,,,,,,,,,,,,,,,,,,,,,,,,,,,,,,,,,,,,,,1259.9389839590003,1259.9625933749994,1260.4379761669989,1260.4379761669989,1260.512988292001,1260.512988292001,1260.8863689169957,right,0.9196998750048806,None,1260.886463416995,1260.886505041999,None,,,,,,,,,,,,21049994,0,2025-12-01_12h27.08.742,tilt_mocs,2024.2.4,120.11218477836073,2025-12-01 12h27.34.412624 -0500,
2,0.0,,819,819,0,,,,,,,,,,c+2,noss,0,right,0.9251409589996911,None,None,,,,,,,,,,,0,819,819,951,1260.8966914170014,,,,,,,,,,,,,,,,,,,,,,,,,,,,,,,,,,,,,,,,,,,,,,,,,,,,,,,,,,,,,,,,1260.8883347500014,1260.8966914170014,1261.3883998339952,1261.3883998339952,1261.4628352919972,1261.4628352919972,1261.8318776250017,right,0.9251409589996911,None,1261.8320377919954,1261.832094833997,None,,,,,,,,,,,,21049994,0,2025-12-01_12h27.08.742,tilt_mocs,2024.2.4,120.11218477836073,2025-12-01 12h27.34.412624 -0500,
-6,-15.0,,820,820,0,,,,,,,,,,c-6,negs,100,left,0.9267119159994763,None,None,,,,,,,,,,,0,820,820,430,1261.843306333998,,,,,,,,,,,,,,,,,,,,,,,,,,,,,,,,,,,,,,,,,,,,,,,,,,,,,,,,,,,,,,,,1261.8350004589956,1261.843306333998,1262.329271292001,1262.329271292001,1262.4011138749993,1262.4011138749993,1262.7825997920008,left,0.9267119159994763,None,1262.782750792001,1262.7828080839972,None,,,,,,,,,,,,21049994,0,2025-12-01_12h27.08.742,tilt_mocs,2024.2.4,120.11218477836073,2025-12-01 12h27.34.412624 -0500,
6,15.0,,821,821,0,,,,,,,,,,c+6,poss,100,right,0.9040677919983864,None,None,,,,,,,,,,,0,821,821,239,1262.7930663340012,,,,,,,,,,,,,,,,,,,,,,,,,,,,,,,,,,,,,,,,,,,,,,,,,,,,,,,,,,,,,,,,1262.7849871669969,1262.7930663340012,1263.2791700419984,1263.2791700419984,1263.3513653749978,1263.3513653749978,1263.7080819589974,right,0.9040677919983864,None,1263.7081947089973,1263.7082390840005,None,,,,,,,,,,,,21049994,0,2025-12-01_12h27.08.742,tilt_mocs,2024.2.4,120.11218477836073,2025-12-01 12h27.34.412624 -0500,
0,15.0,,822,822,0,,,,,,,,,,c+0,poss,100,left,1.1864359160026652,None,None,,,,,,,,,,,0,822,822,101,1263.7155323339975,,,,,,,,,,,,,,,,,,,,,,,,,,,,,,,,,,,,,,,,,,,,,,,,,,,,,,,,,,,,,,,,1263.7101492090005,1263.7155323339975,1264.204800874999,1264.204800874999,1264.2798272919972,1264.2798272919972,1264.9049729170001,left,1.1864359160026652,None,1264.905102249999,1264.9051603339976,None,,,,,,,,,,,,21049994,0,2025-12-01_12h27.08.742,tilt_mocs,2024.2.4,120.11218477836073,2025-12-01 12h27.34.412624 -0500,
8,15.0,,823,823,0,,,,,,,,,,c+8,poss,100,right,0.9392507920056232,None,None,,,,,,,,,,,0,823,823,306,1264.9155077920004,,,,,,,,,,,,,,,,,,,,,,,,,,,,,,,,,,,,,,,,,,,,,,,,,,,,,,,,,,,,,,,,1264.9073242500017,1264.9155077920004,1265.4055363340012,1265.4055363340012,1265.4799608749963,1265.4799608749963,1265.8650602089983,right,0.9392507920056232,None,1265.865164458999,1265.865207416995,None,,,,,,,,,,,,21049994,0,2025-12-01_12h27.08.742,tilt_mocs,2024.2.4,120.11218477836073,2025-12-01 12h27.34.412624 -0500,
2,0.0,,824,824,0,,,,,,,,,,c+2,noss,0,right,0.862153041001875,None,None,,,,,,,,,,,0,824,824,941,1265.8753097090012,,,,,,,,,,,,,,,,,,,,,,,,,,,,,,,,,,,,,,,,,,,,,,,,,,,,,,,,,,,,,,,,1265.8670669589992,1265.8753097090012,1266.362643542001,1266.362643542001,1266.4355842919977,1266.4355842919977,1266.7485840000008,right,0.862153041001875,None,1266.7486855419993,1266.7487282090005,None,,,,,,,,,,,,21049994,0,2025-12-01_12h27.08.742,tilt_mocs,2024.2.4,120.11218477836073,2025-12-01 12h27.34.412624 -0500,
8,15.0,,825,825,0,,,,,,,,,,c+8,poss,100,right,0.9776173749996815,None,None,,,,,,,,,,,0,825,825,321,1266.7586562919969,,,,,,,,,,,,,,,,,,,,,,,,,,,,,,,,,,,,,,,,,,,,,,,,,,,,,,,,,,,,,,,,1266.7506269590012,1266.7586562919969,1267.2460738340014,1267.2460738340014,1267.318031709001,1267.318031709001,1267.7471145419986,right,0.9776173749996815,None,1267.7472239169947,1267.747266708997,None,,,,,,,,,,,,21049994,0,2025-12-01_12h27.08.742,tilt_mocs,2024.2.4,120.11218477836073,2025-12-01 12h27.34.412624 -0500,
-8,-15.0,,826,826,0,,,,,,,,,,c-8,negs,100,left,0.978774916002294,None,None,,,,,,,,,,,0,826,826,356,1267.7544171670015,,,,,,,,,,,,,,,,,,,,,,,,,,,,,,,,,,,,,,,,,,,,,,,,,,,,,,,,,,,,,,,,1267.7491704169952,1267.7544171670015,1268.2387651669997,1268.2387651669997,1268.3131799999974,1268.3131799999974,1268.737401458995,left,0.978774916002294,None,1268.737497916998,1268.7375406249994,None,,,,,,,,,,,,21049994,0,2025-12-01_12h27.08.742,tilt_mocs,2024.2.4,120.11218477836073,2025-12-01 12h27.34.412624 -0500,
-4,-15.0,,827,827,0,,,,,,,,,,c-4,negs,100,left,0.8351152089962852,None,None,,,,,,,,,,,0,827,827,448,1268.7629576670006,,,,,,,,,,,,,,,,,,,,,,,,,,,,,,,,,,,,,,,,,,,,,,,,,,,,,,,,,,,,,,,,1268.739423375002,1268.7629576670006,1269.2382400839997,1269.2382400839997,1269.313485958999,1269.313485958999,1269.6037924589982,left,0.8351152089962852,None,1269.603910124999,1269.6039622089957,None,,,,,,,,,,,,21049994,0,2025-12-01_12h27.08.742,tilt_mocs,2024.2.4,120.11218477836073,2025-12-01 12h27.34.412624 -0500,
-4,0.0,,828,828,0,,,,,,,,,,c-4,noss,0,left,0.7899537500052247,None,None,,,,,,,,,,,0,828,828,714,1269.6296201669975,,,,,,,,,,,,,,,,,,,,,,,,,,,,,,,,,,,,,,,,,,,,,,,,,,,,,,,,,,,,,,,,1269.6060013339957,1269.6296201669975,1270.104824791997,1270.104824791997,1270.1800456669953,1270.1800456669953,1270.4322638340018,left,0.7899537500052247,None,1270.432392208997,1270.432445458995,None,,,,,,,,,,,,21049994,0,2025-12-01_12h27.08.742,tilt_mocs,2024.2.4,120.11218477836073,2025-12-01 12h27.34.412624 -0500,
-2,-15.0,,829,829,0,,,,,,,,,,c-2,negs,100,left,1.0623272079974413,None,None,,,,,,,,,,,0,829,829,514,1270.4432469169988,,,,,,,,,,,,,,,,,,,,,,,,,,,,,,,,,,,,,,,,,,,,,,,,,,,,,,,,,,,,,,,,1270.4348300839993,1270.4432469169988,1270.9294636249979,1270.9294636249979,1271.002043499997,1271.002043499997,1271.5157535839971,left,1.0623272079974413,None,1271.5159014169985,1271.5159741249954,None,,,,,,,,,,,,21049994,0,2025-12-01_12h27.08.742,tilt_mocs,2024.2.4,120.11218477836073,2025-12-01 12h27.34.412624 -0500,
2,0.0,,830,830,0,,,,,,,,,,c+2,noss,0,left,0.86513129100058,None,None,,,,,,,,,,,0,830,830,929,1271.5273836669949,,,,,,,,,,,,,,,,,,,,,,,,,,,,,,,,,,,,,,,,,,,,,,,,,,,,,,,,,,,,,,,,1271.5189162919996,1271.5273836669949,1272.012815958995,1272.012815958995,1272.0850508340009,1272.0850508340009,1272.3987985419953,left,0.86513129100058,None,1272.3988991250008,1272.3989422500017,None,,,,,,,,,,,,21049994,0,2025-12-01_12h27.08.742,tilt_mocs,2024.2.4,120.11218477836073,2025-12-01 12h27.34.412624 -0500,
-8,-15.0,,831,831,0,,,,,,,,,,c-8,negs,100,left,1.0134736670006532,None,None,,,,,,,,,,,0,831,831,370,1272.408775625001,,,,,,,,,,,,,,,,,,,,,,,,,,,,,,,,,,,,,,,,,,,,,,,,,,,,,,,,,,,,,,,,1272.4008012919949,1272.408775625001,1272.8963356669992,1272.8963356669992,1272.968961833998,1272.968961833998,1273.433050791995,left,1.0134736670006532,None,1273.433200583997,1273.433256958997,None,,,,,,,,,,,,21049994,0,2025-12-01_12h27.08.742,tilt_mocs,2024.2.4,120.11218477836073,2025-12-01 12h27.34.412624 -0500,
-8,-15.0,,832,832,0,,,,,,,,,,c-8,negs,100,left,0.8756064999979571,None,None,,,,,,,,,,,0,832,832,381,1273.4444232499955,,,,,,,,,,,,,,,,,,,,,,,,,,,,,,,,,,,,,,,,,,,,,,,,,,,,,,,,,,,,,,,,1273.4358541249967,1273.4444232499955,1273.9296212089976,1273.9296212089976,1274.0019033339995,1274.0019033339995,1274.3322947089982,left,0.8756064999979571,None,1274.3324175000016,1274.3324710839952,None,,,,,,,,,,,,21049994,0,2025-12-01_12h27.08.742,tilt_mocs,2024.2.4,120.11218477836073,2025-12-01 12h27.34.412624 -0500,
8,15.0,,833,833,0,,,,,,,,,,c+8,poss,100,right,0.9587243330024648,None,None,,,,,,,,,,,0,833,833,303,1274.3424917090015,,,,,,,,,,,,,,,,,,,,,,,,,,,,,,,,,,,,,,,,,,,,,,,,,,,,,,,,,,,,,,,,1274.3344281249956,1274.3424917090015,1274.8295773749996,1274.8295773749996,1274.9019781669995,1274.9019781669995,1275.3046499170014,right,0.9587243330024648,None,1275.3047906669963,1275.3048455839962,None,,,,,,,,,,,,21049994,0,2025-12-01_12h27.08.742,tilt_mocs,2024.2.4,120.11218477836073,2025-12-01 12h27.34.412624 -0500,
0,15.0,,834,834,0,,,,,,,,,,c+0,poss,100,left,0.954581459001929,None,None,,,,,,,,,,,0,834,834,58,1275.3153691670013,,,,,,,,,,,,,,,,,,,,,,,,,,,,,,,,,,,,,,,,,,,,,,,,,,,,,,,,,,,,,,,,1275.3070300839972,1275.3153691670013,1275.8061093340002,1275.8061093340002,1275.8802137919993,1275.8802137919993,1276.2824232919957,left,0.954581459001929,None,1276.2825522499988,1276.2826072089956,None,,,,,,,,,,,,21049994,0,2025-12-01_12h27.08.742,tilt_mocs,2024.2.4,120.11218477836073,2025-12-01 12h27.34.412624 -0500,
-2,15.0,,835,835,0,,,,,,,,,,c-2,poss,100,left,0.8411820840046857,None,None,,,,,,,,,,,0,835,835,48,1276.293010292,,,,,,,,,,,,,,,,,,,,,,,,,,,,,,,,,,,,,,,,,,,,,,,,,,,,,,,,,,,,,,,,1276.2849219169948,1276.293010292,1276.779689416995,1276.779689416995,1276.852387250001,1276.852387250001,1277.1377234999964,left,0.8411820840046857,None,1277.1378233340001,1277.1378645840014,None,,,,,,,,,,,,21049994,0,2025-12-01_12h27.08.742,tilt_mocs,2024.2.4,120.11218477836073,2025-12-01 12h27.34.412624 -0500,
4,0.0,,836,836,0,,,,,,,,,,c+4,noss,0,left,0.8011785420021624,None,None,,,,,,,,,,,0,836,836,992,1277.1632677089947,,,,,,,,,,,,,,,,,,,,,,,,,,,,,,,,,,,,,,,,,,,,,,,,,,,,,,,,,,,,,,,,1277.1397166669994,1277.1632677089947,1277.6392939169964,1277.6392939169964,1277.7135764589984,1277.7135764589984,1277.9754121669976,left,0.8011785420021624,None,1277.9755207499984,1277.9755626670012,None,,,,,,,,,,,,21049994,0,2025-12-01_12h27.08.742,tilt_mocs,2024.2.4,120.11218477836073,2025-12-01 12h27.34.412624 -0500,
2,15.0,,837,837,0,,,,,,,,,,c+2,poss,100,left,0.9435405000040191,None,None,,,,,,,,,,,0,837,837,135,1277.9822658749981,,,,,,,,,,,,,,,,,,,,,,,,,,,,,,,,,,,,,,,,,,,,,,,,,,,,,,,,,,,,,,,,1277.9774720419955,1277.9822658749981,1278.471893834001,1278.471893834001,1278.5467901250013,1278.5467901250013,1278.9323149170013,left,0.9435405000040191,None,1278.9324364169952,1278.9324890419957,None,,,,,,,,,,,,21049994,0,2025-12-01_12h27.08.742,tilt_mocs,2024.2.4,120.11218477836073,2025-12-01 12h27.34.412624 -0500,
-2,0.0,,838,838,0,,,,,,,,,,c-2,noss,0,left,0.9212628750028671,None,None,,,,,,,,,,,0,838,838,757,1278.9424699590018,,,,,,,,,,,,,,,,,,,,,,,,,,,,,,,,,,,,,,,,,,,,,,,,,,,,,,,,,,,,,,,,1278.9344852089998,1278.9424699590018,1279.4298648339973,1279.4298648339973,1279.5020264999985,1279.5020264999985,1279.8663512499988,left,0.9212628750028671,None,1279.8665342919994,1279.8665966249973,None,,,,,,,,,,,,21049994,0,2025-12-01_12h27.08.742,tilt_mocs,2024.2.4,120.11218477836073,2025-12-01 12h27.34.412624 -0500,
1,0.0,,839,839,0,,,,,,,,,,c+1,noss,0,right,1.0995745830005035,None,None,,,,,,,,,,,0,839,839,842,1279.8771335839992,,,,,,,,,,,,,,,,,,,,,,,,,,,,,,,,,,,,,,,,,,,,,,,,,,,,,,,,,,,,,,,,1279.8688964999965,1279.8771335839992,1280.3632117919988,1280.3632117919988,1280.4353517089985,1280.4353517089985,1280.982943541996,right,1.0995745830005035,None,1280.9831134589986,1280.9833002090018,None,,,,,,,,,,,,21049994,0,2025-12-01_12h27.08.742,tilt_mocs,2024.2.4,120.11218477836073,2025-12-01 12h27.34.412624 -0500,
-8,-15.0,,840,840,0,,,,,,,,,,c-8,negs,100,left,0.8968947500034119,None,None,,,,,,,,,,,0,840,840,361,1280.9946027089973,,,,,,,,,,,,,,,,,,,,,,,,,,,,,,,,,,,,,,,,,,,,,,,,,,,,,,,,,,,,,,,,1280.9859594169975,1280.9946027089973,1281.4798014999978,1281.4798014999978,1281.5517132499954,1281.5517132499954,1281.8992845419998,left,0.8968947500034119,None,1281.8994119589988,1281.8994654589987,None,,,,,,,,,,,,21049994,0,2025-12-01_12h27.08.742,tilt_mocs,2024.2.4,120.11218477836073,2025-12-01 12h27.34.412624 -0500,
-4,0.0,,841,841,0,,,,,,,,,,c-4,noss,0,left,0.9794851249971543,None,None,,,,,,,,,,,0,841,841,710,1281.9097057499966,,,,,,,,,,,,,,,,,,,,,,,,,,,,,,,,,,,,,,,,,,,,,,,,,,,,,,,,,,,,,,,,1281.9016771249953,1281.9097057499966,1282.396605916998,1282.396605916998,1282.4688857919973,1282.4688857919973,1282.8991828750004,left,0.9794851249971543,None,1282.8993080419968,1282.8993617500018,None,,,,,,,,,,,,21049994,0,2025-12-01_12h27.08.742,tilt_mocs,2024.2.4,120.11218477836073,2025-12-01 12h27.34.412624 -0500,
4,15.0,,842,842,0,,,,,,,,,,c+4,poss,100,right,1.0562019159988267,None,None,,,,,,,,,,,0,842,842,215,1282.9099759169985,,,,,,,,,,,,,,,,,,,,,,,,,,,,,,,,,,,,,,,,,,,,,,,,,,,,,,,,,,,,,,,,1282.901746292002,1282.9099759169985,1283.3966537090018,1283.3966537090018,1283.4694275000002,1283.4694275000002,1283.9729792500002,right,1.0562019159988267,None,1283.9731151250016,1283.973170749996,None,,,,,,,,,,,,21049994,0,2025-12-01_12h27.08.742,tilt_mocs,2024.2.4,120.11218477836073,2025-12-01 12h27.34.412624 -0500,
8,15.0,,843,843,0,,,,,,,,,,c+8,poss,100,right,0.9684103339968715,None,None,,,,,,,,,,,0,843,843,325,1283.9830409169954,,,,,,,,,,,,,,,,,,,,,,,,,,,,,,,,,,,,,,,,,,,,,,,,,,,,,,,,,,,,,,,,1283.975347749998,1283.9830409169954,1284.472131417002,1284.472131417002,1284.5473628339969,1284.5473628339969,1284.9544974999953,right,0.9684103339968715,None,1284.9545964589997,1284.9546379169988,None,,,,,,,,,,,,21049994,0,2025-12-01_12h27.08.742,tilt_mocs,2024.2.4,120.11218477836073,2025-12-01 12h27.34.412624 -0500,
-1,0.0,,844,844,0,,,,,,,,,,c-1,noss,0,left,0.9414051249987097,None,None,,,,,,,,,,,0,844,844,802,1284.980102292,,,,,,,,,,,,,,,,,,,,,,,,,,,,,,,,,,,,,,,,,,,,,,,,,,,,,,,,,,,,,,,,1284.9565263749973,1284.980102292,1285.4553719169999,1285.4553719169999,1285.530543916997,1285.530543916997,1285.9327278339988,left,0.9414051249987097,None,1285.9328525419987,1285.9329067090002,None,,,,,,,,,,,,21049994,0,2025-12-01_12h27.08.742,tilt_mocs,2024.2.4,120.11218477836073,2025-12-01 12h27.34.412624 -0500,
-6,-15.0,,845,845,0,,,,,,,,,,c-6,negs,100,left,0.8880402909999248,None,None,,,,,,,,,,,0,845,845,395,1285.9428570000018,,,,,,,,,,,,,,,,,,,,,,,,,,,,,,,,,,,,,,,,,,,,,,,,,,,,,,,,,,,,,,,,1285.9348820419982,1285.9428570000018,1286.430019624997,1286.430019624997,1286.5033772919996,1286.5033772919996,1286.8335064589992,left,0.8880402909999248,None,1286.833668291998,1286.833827041999,None,,,,,,,,,,,,21049994,0,2025-12-01_12h27.08.742,tilt_mocs,2024.2.4,120.11218477836073,2025-12-01 12h27.34.412624 -0500,
-4,0.0,,846,846,0,,,,,,,,,,c-4,noss,0,left,0.9600629999986268,None,None,,,,,,,,,,,0,846,846,705,1286.8448747090006,,,,,,,,,,,,,,,,,,,,,,,,,,,,,,,,,,,,,,,,,,,,,,,,,,,,,,,,,,,,,,,,1286.836294666995,1286.8448747090006,1287.330034874998,1287.330034874998,1287.4026854999975,1287.4026854999975,1287.8161856250008,left,0.9600629999986268,None,1287.8163504170006,1287.8165317919993,None,,,,,,,,,,,,21049994,0,2025-12-01_12h27.08.742,tilt_mocs,2024.2.4,120.11218477836073,2025-12-01 12h27.34.412624 -0500,
4,0.0,,847,847,0,,,,,,,,,,c+4,noss,0,right,0.9369541670021135,None,None,,,,,,,,,,,0,847,847,973,1287.827171459001,,,,,,,,,,,,,,,,,,,,,,,,,,,,,,,,,,,,,,,,,,,,,,,,,,,,,,,,,,,,,,,,1287.818927291999,1287.827171459001,1288.313348083997,1288.313348083997,1288.3857300419986,1288.3857300419986,1288.7670078340016,right,0.9369541670021135,None,1288.7671544170007,1288.767210083999,None,,,,,,,,,,,,21049994,0,2025-12-01_12h27.08.742,tilt_mocs,2024.2.4,120.11218477836073,2025-12-01 12h27.34.412624 -0500,
-2,15.0,,848,848,0,,,,,,,,,,c-2,poss,100,left,0.9542829170022742,None,None,,,,,,,,,,,0,848,848,2,1288.777752916998,,,,,,,,,,,,,,,,,,,,,,,,,,,,,,,,,,,,,,,,,,,,,,,,,,,,,,,,,,,,,,,,1288.7692989169955,1288.777752916998,1289.2637614170017,1289.2637614170017,1289.3357959589994,1289.3357959589994,1289.7382631250002,left,0.9542829170022742,None,1289.7383630420009,1289.7384066669983,None,,,,,,,,,,,,21049994,0,2025-12-01_12h27.08.742,tilt_mocs,2024.2.4,120.11218477836073,2025-12-01 12h27.34.412624 -0500,
-6,-15.0,,849,849,0,,,,,,,,,,c-6,negs,100,left,0.8696363749986631,None,None,,,,,,,,,,,0,849,849,413,1289.749164834,,,,,,,,,,,,,,,,,,,,,,,,,,,,,,,,,,,,,,,,,,,,,,,,,,,,,,,,,,,,,,,,1289.740343999998,1289.749164834,1290.2390035839999,1290.2390035839999,1290.314171291997,1290.314171291997,1290.6227834589954,left,0.8696363749986631,None,1290.6229083750004,1290.6229642499966,None,,,,,,,,,,,,21049994,0,2025-12-01_12h27.08.742,tilt_mocs,2024.2.4,120.11218477836073,2025-12-01 12h27.34.412624 -0500,
-4,-15.0,,850,850,0,,,,,,,,,,c-4,negs,100,left,0.8584587919976912,None,None,,,,,,,,,,,0,850,850,493,1290.6334684999965,,,,,,,,,,,,,,,,,,,,,,,,,,,,,,,,,,,,,,,,,,,,,,,,,,,,,,,,,,,,,,,,1290.6253299589953,1290.6334684999965,1291.1224930839962,1291.1224930839962,1291.1975109589985,1291.1975109589985,1291.4995413340002,left,0.8584587919976912,None,1291.4996667090018,1291.499737041995,None,,,,,,,,,,,,21049994,0,2025-12-01_12h27.08.742,tilt_mocs,2024.2.4,120.11218477836073,2025-12-01 12h27.34.412624 -0500,
2,-15.0,,851,851,0,,,,,,,,,,c+2,negs,100,right,0.9240684159958619,None,None,,,,,,,,,,,0,851,851,626,1291.5097422499966,,,,,,,,,,,,,,,,,,,,,,,,,,,,,,,,,,,,,,,,,,,,,,,,,,,,,,,,,,,,,,,,1291.5017046249995,1291.5097422499966,1291.9969676249966,1291.9969676249966,1292.069603333999,1292.069603333999,1292.4380620839947,right,0.9240684159958619,None,1292.4381578749963,1292.438200167002,None,,,,,,,,,,,,21049994,0,2025-12-01_12h27.08.742,tilt_mocs,2024.2.4,120.11218477836073,2025-12-01 12h27.34.412624 -0500,
4,15.0,,852,852,0,,,,,,,,,,c+4,poss,100,right,0.9674662079996779,None,None,,,,,,,,,,,0,852,852,220,1292.463777249999,,,,,,,,,,,,,,,,,,,,,,,,,,,,,,,,,,,,,,,,,,,,,,,,,,,,,,,,,,,,,,,,1292.4400843749972,1292.463777249999,1292.9386568749978,1292.9386568749978,1293.0142066249973,1293.0142066249973,1293.433697542001,right,0.9674662079996779,None,1293.4338225839965,1293.433878584001,None,,,,,,,,,,,,21049994,0,2025-12-01_12h27.08.742,tilt_mocs,2024.2.4,120.11218477836073,2025-12-01 12h27.34.412624 -0500,
-2,-15.0,,853,853,0,,,,,,,,,,c-2,negs,100,left,1.8487011249962961,None,None,,,,,,,,,,,0,853,853,522,1293.4440538339986,,,,,,,,,,,,,,,,,,,,,,,,,,,,,,,,,,,,,,,,,,,,,,,,,,,,,,,,,,,,,,,,1293.4360626249982,1293.4440538339986,1293.9303922089966,1293.9303922089966,1294.0024641669952,1294.0024641669952,1295.2998700839962,left,1.8487011249962961,None,1295.2999947919961,1295.3000491669954,None,,,,,,,,,,,,21049994,0,2025-12-01_12h27.08.742,tilt_mocs,2024.2.4,120.11218477836073,2025-12-01 12h27.34.412624 -0500,
0,15.0,,854,854,0,,,,,,,,,,c+0,poss,100,left,1.1082026250005583,None,None,,,,,,,,,,,0,854,854,94,1295.3101052089987,,,,,,,,,,,,,,,,,,,,,,,,,,,,,,,,,,,,,,,,,,,,,,,,,,,,,,,,,,,,,,,,1295.3021242089962,1295.3101052089987,1295.7971368750004,1295.7971368750004,1295.8688753749957,1295.8688753749957,1296.4215376249995,left,1.1082026250005583,None,1296.4216354169985,1296.4216767920007,None,,,,,,,,,,,,21049994,0,2025-12-01_12h27.08.742,tilt_mocs,2024.2.4,120.11218477836073,2025-12-01 12h27.34.412624 -0500,
-2,0.0,,855,855,0,,,,,,,,,,c-2,noss,0,left,0.9409464999989723,None,None,,,,,,,,,,,0,855,855,778,1296.4472335839964,,,,,,,,,,,,,,,,,,,,,,,,,,,,,,,,,,,,,,,,,,,,,,,,,,,,,,,,,,,,,,,,1296.4235473750014,1296.4472335839964,1296.9224355839979,1296.9224355839979,1296.9977870840012,1296.9977870840012,1297.3996123749967,left,0.9409464999989723,None,1297.3997451670002,1297.3998006670008,None,,,,,,,,,,,,21049994,0,2025-12-01_12h27.08.742,tilt_mocs,2024.2.4,120.11218477836073,2025-12-01 12h27.34.412624 -0500,
2,15.0,,856,856,0,,,,,,,,,,c+2,poss,100,left,1.0218899579995195,None,None,,,,,,,,,,,0,856,856,123,1297.409688916996,,,,,,,,,,,,,,,,,,,,,,,,,,,,,,,,,,,,,,,,,,,,,,,,,,,,,,,,,,,,,,,,1297.4017287499955,1297.409688916996,1297.8972260840019,1297.8972260840019,1297.9701722499958,1297.9701722499958,1298.4424022499952,left,1.0218899579995195,None,1298.4425012499996,1298.4425442089996,None,,,,,,,,,,,,21049994,0,2025-12-01_12h27.08.742,tilt_mocs,2024.2.4,120.11218477836073,2025-12-01 12h27.34.412624 -0500,
0,-15.0,,857,857,0,,,,,,,,,,c+0,negs,100,right,0.964248124997539,None,None,,,,,,,,,,,0,857,857,580,1298.4498341669969,,,,,,,,,,,,,,,,,,,,,,,,,,,,,,,,,,,,,,,,,,,,,,,,,,,,,,,,,,,,,,,,1298.4444249590015,1298.4498341669969,1298.9396542089962,1298.9396542089962,1299.0143658749948,1299.0143658749948,1299.4165689590009,right,0.964248124997539,None,1299.4166919589989,1299.4167447919972,None,,,,,,,,,,,,21049994,0,2025-12-01_12h27.08.742,tilt_mocs,2024.2.4,120.11218477836073,2025-12-01 12h27.34.412624 -0500,
4,15.0,,858,858,0,,,,,,,,,,c+4,poss,100,right,1.2252335419980227,None,None,,,,,,,,,,,0,858,858,183,1299.4268458340011,,,,,,,,,,,,,,,,,,,,,,,,,,,,,,,,,,,,,,,,,,,,,,,,,,,,,,,,,,,,,,,,1299.4187971669962,1299.4268458340011,1299.9138263339992,1299.9138263339992,1299.9868393750003,1299.9868393750003,1300.6549230839955,right,1.2252335419980227,None,1300.655023374995,1300.655081334,None,,,,,,,,,,,,21049994,0,2025-12-01_12h27.08.742,tilt_mocs,2024.2.4,120.11218477836073,2025-12-01 12h27.34.412624 -0500,
4,0.0,,859,859,0,,,,,,,,,,c+4,noss,0,right,0.9008817079957225,None,None,,,,,,,,,,,0,859,859,960,1300.6807552089958,,,,,,,,,,,,,,,,,,,,,,,,,,,,,,,,,,,,,,,,,,,,,,,,,,,,,,,,,,,,,,,,1300.6569378749991,1300.6807552089958,1301.1567011669977,1301.1567011669977,1301.2311380419997,1301.2311380419997,1301.5841926669964,right,0.9008817079957225,None,1301.5843280420013,1301.5843840000016,None,,,,,,,,,,,,21049994,0,2025-12-01_12h27.08.742,tilt_mocs,2024.2.4,120.11218477836073,2025-12-01 12h27.34.412624 -0500,
4,0.0,,860,860,0,,,,,,,,,,c+4,noss,0,right,0.919888666998304,None,None,,,,,,,,,,,0,860,860,1005,1301.5943808750017,,,,,,,,,,,,,,,,,,,,,,,,,,,,,,,,,,,,,,,,,,,,,,,,,,,,,,,,,,,,,,,,1301.5863830000017,1301.5943808750017,1302.0806620419971,1302.0806620419971,1302.1527599589972,1302.1527599589972,1302.5166441670008,right,0.919888666998304,None,1302.5167455420014,1302.516787708999,None,,,,,,,,,,,,21049994,0,2025-12-01_12h27.08.742,tilt_mocs,2024.2.4,120.11218477836073,2025-12-01 12h27.34.412624 -0500,
-2,0.0,,861,861,0,,,,,,,,,,c-2,noss,0,left,1.213379041000735,None,None,,,,,,,,,,,0,861,861,751,1302.5268516669967,,,,,,,,,,,,,,,,,,,,,,,,,,,,,,,,,,,,,,,,,,,,,,,,,,,,,,,,,,,,,,,,1302.518734624995,1302.5268516669967,1303.0141339589973,1303.0141339589973,1303.0869556249963,1303.0869556249963,1303.7498528340002,left,1.213379041000735,None,1303.7499858750016,1303.7500414589958,None,,,,,,,,,,,,21049994,0,2025-12-01_12h27.08.742,tilt_mocs,2024.2.4,120.11218477836073,2025-12-01 12h27.34.412624 -0500,
-1,0.0,,862,862,0,,,,,,,,,,c-1,noss,0,left,0.8440832500054967,None,None,,,,,,,,,,,0,862,862,798,1303.760127208996,,,,,,,,,,,,,,,,,,,,,,,,,,,,,,,,,,,,,,,,,,,,,,,,,,,,,,,,,,,,,,,,1303.7519012919947,1303.760127208996,1304.2473406249992,1304.2473406249992,1304.3194070839963,1304.3194070839963,1304.616644541995,left,0.8440832500054967,None,1304.6167679169957,1304.6168214589998,None,,,,,,,,,,,,21049994,0,2025-12-01_12h27.08.742,tilt_mocs,2024.2.4,120.11218477836073,2025-12-01 12h27.34.412624 -0500,
-8,-15.0,,863,863,0,,,,,,,,,,c-8,negs,100,left,0.9581959169954644,None,None,,,,,,,,,,,0,863,863,367,1304.6276080839962,,,,,,,,,,,,,,,,,,,,,,,,,,,,,,,,,,,,,,,,,,,,,,,,,,,,,,,,,,,,,,,,1304.6191757499982,1304.6276080839962,1305.114006249998,1305.114006249998,1305.1870685839967,1305.1870685839967,1305.5884624169994,left,0.9581959169954644,None,1305.5885834169967,1305.5886354589966,None,,,,,,,,,,,,21049994,0,2025-12-01_12h27.08.742,tilt_mocs,2024.2.4,120.11218477836073,2025-12-01 12h27.34.412624 -0500,
-2,0.0,,864,864,0,,,,,,,,,,c-2,noss,0,right,0.9828820410039043,None,None,,,,,,,,,,,0,864,864,764,1305.614344083995,,,,,,,,,,,,,,,,,,,,,,,,,,,,,,,,,,,,,,,,,,,,,,,,,,,,,,,,,,,,,,,,1305.5906030839978,1305.614344083995,1306.08991925,1306.08991925,1306.1647360419956,1306.1647360419956,1306.5998462499992,right,0.9828820410039043,None,1306.599945916998,1306.5999882499964,None,,,,,,,,,,,,21049994,0,2025-12-01_12h27.08.742,tilt_mocs,2024.2.4,120.11218477836073,2025-12-01 12h27.34.412624 -0500,
4,0.0,,865,865,0,,,,,,,,,,c+4,noss,0,right,0.9221352910026326,None,None,,,,,,,,,,,0,865,865,966,1306.609721875,,,,,,,,,,,,,,,,,,,,,,,,,,,,,,,,,,,,,,,,,,,,,,,,,,,,,,,,,,,,,,,,1306.6018917089968,1306.609721875,1307.0975720839997,1307.0975720839997,1307.169470666995,1307.169470666995,1307.5345405420012,right,0.9221352910026326,None,1307.5347005840013,1307.5347624169954,None,,,,,,,,,,,,21049994,0,2025-12-01_12h27.08.742,tilt_mocs,2024.2.4,120.11218477836073,2025-12-01 12h27.34.412624 -0500,
0,-15.0,,866,866,0,,,,,,,,,,c+0,negs,100,left,0.9993894159997581,None,None,,,,,,,,,,,0,866,866,594,1307.544955749996,,,,,,,,,,,,,,,,,,,,,,,,,,,,,,,,,,,,,,,,,,,,,,,,,,,,,,,,,,,,,,,,1307.537092999999,1307.544955749996,1308.0307592089957,1308.0307592089957,1308.1032147919977,1308.1032147919977,1308.550769208996,left,0.9993894159997581,None,1308.5510209999993,1308.5511247089962,None,,,,,,,,,,,,21049994,0,2025-12-01_12h27.08.742,tilt_mocs,2024.2.4,120.11218477836073,2025-12-01 12h27.34.412624 -0500,
-6,-15.0,,867,867,0,,,,,,,,,,c-6,negs,100,left,1.1962354159986717,None,None,,,,,,,,,,,0,867,867,401,1308.5622040000017,,,,,,,,,,,,,,,,,,,,,,,,,,,,,,,,,,,,,,,,,,,,,,,,,,,,,,,,,,,,,,,,1308.5537063750016,1308.5622040000017,1309.046573833999,1309.046573833999,1309.1209814999966,1309.1209814999966,1309.7668658339971,left,1.1962354159986717,None,1309.766971541998,1309.767013124998,None,,,,,,,,,,,,21049994,0,2025-12-01_12h27.08.742,tilt_mocs,2024.2.4,120.11218477836073,2025-12-01 12h27.34.412624 -0500,
-8,-15.0,,868,868,0,,,,,,,,,,c-8,negs,100,left,0.9374787080014357,None,None,,,,,,,,,,,0,868,868,349,1309.777093124998,,,,,,,,,,,,,,,,,,,,,,,,,,,,,,,,,,,,,,,,,,,,,,,,,,,,,,,,,,,,,,,,1309.7688989589951,1309.777093124998,1310.264261999997,1310.264261999997,1310.3369616669952,1310.3369616669952,1310.7171928339958,left,0.9374787080014357,None,1310.7172951249959,1310.7173387919975,None,,,,,,,,,,,,21049994,0,2025-12-01_12h27.08.742,tilt_mocs,2024.2.4,120.11218477836073,2025-12-01 12h27.34.412624 -0500,
-4,-15.0,,869,869,0,,,,,,,,,,c-4,negs,100,left,0.8892972920002649,None,None,,,,,,,,,,,0,869,869,482,1310.7271662089988,,,,,,,,,,,,,,,,,,,,,,,,,,,,,,,,,,,,,,,,,,,,,,,,,,,,,,,,,,,,,,,,1310.719240749997,1310.7271662089988,1311.2133699999977,1311.2133699999977,1311.2871651249952,1311.2871651249952,1311.622130374999,left,0.8892972920002649,None,1311.6222524999976,1311.6223068749969,None,,,,,,,,,,,,21049994,0,2025-12-01_12h27.08.742,tilt_mocs,2024.2.4,120.11218477836073,2025-12-01 12h27.34.412624 -0500,
-4,0.0,,870,870,0,,,,,,,,,,c-4,noss,0,left,1.0711822500015842,None,None,,,,,,,,,,,0,870,870,697,1311.6477351669964,,,,,,,,,,,,,,,,,,,,,,,,,,,,,,,,,,,,,,,,,,,,,,,,,,,,,,,,,,,,,,,,1311.6242867089968,1311.6477351669964,1312.123914208998,1312.123914208998,1312.1981918339952,1312.1981918339952,1312.7223265419962,left,1.0711822500015842,None,1312.7224214169983,1312.7224629589982,None,,,,,,,,,,,,21049994,0,2025-12-01_12h27.08.742,tilt_mocs,2024.2.4,120.11218477836073,2025-12-01 12h27.34.412624 -0500,
0,-15.0,,871,871,0,,,,,,,,,,c+0,negs,100,right,1.0741316250059754,None,None,,,,,,,,,,,0,871,871,563,1312.7478389169992,,,,,,,,,,,,,,,,,,,,,,,,,,,,,,,,,,,,,,,,,,,,,,,,,,,,,,,,,,,,,,,,1312.7243087089955,1312.7478389169992,1313.2230795419964,1313.2230795419964,1313.2982567500003,1313.2982567500003,1313.8336041669972,right,1.0741316250059754,None,1313.8337312919975,1313.8337859589956,None,,,,,,,,,,,,21049994,0,2025-12-01_12h27.08.742,tilt_mocs,2024.2.4,120.11218477836073,2025-12-01 12h27.34.412624 -0500,
-4,-15.0,,872,872,0,,,,,,,,,,c-4,negs,100,left,0.880639875002089,None,None,,,,,,,,,,,0,872,872,476,1313.8438748339977,,,,,,,,,,,,,,,,,,,,,,,,,,,,,,,,,,,,,,,,,,,,,,,,,,,,,,,,,,,,,,,,1313.8358790839993,1313.8438748339977,1314.3310659999988,1314.3310659999988,1314.4041464170004,1314.4041464170004,1314.7338748749971,left,0.880639875002089,None,1314.7341143750018,1314.7342268749999,None,,,,,,,,,,,,21049994,0,2025-12-01_12h27.08.742,tilt_mocs,2024.2.4,120.11218477836073,2025-12-01 12h27.34.412624 -0500,
-8,-15.0,,873,873,0,,,,,,,,,,c-8,negs,100,left,0.9203704579995247,None,None,,,,,,,,,,,0,873,873,337,1314.7450369590006,,,,,,,,,,,,,,,,,,,,,,,,,,,,,,,,,,,,,,,,,,,,,,,,,,,,,,,,,,,,,,,,1314.7366666250018,1314.7450369590006,1315.2303786249977,1315.2303786249977,1315.3032234589991,1315.3032234589991,1315.6679056669964,left,0.9203704579995247,None,1315.6680460419957,1315.6681014169953,None,,,,,,,,,,,,21049994,0,2025-12-01_12h27.08.742,tilt_mocs,2024.2.4,120.11218477836073,2025-12-01 12h27.34.412624 -0500,
4,0.0,,874,874,0,,,,,,,,,,c+4,noss,0,right,0.9034304590022657,None,None,,,,,,,,,,,0,874,874,991,1315.6787190839968,,,,,,,,,,,,,,,,,,,,,,,,,,,,,,,,,,,,,,,,,,,,,,,,,,,,,,,,,,,,,,,,1315.6707058339962,1315.6787190839968,1316.1646610839962,1316.1646610839962,1316.2370909999954,1316.2370909999954,1316.585057874996,right,0.9034304590022657,None,1316.5852172090017,1316.5852787920012,None,,,,,,,,,,,,21049994,0,2025-12-01_12h27.08.742,tilt_mocs,2024.2.4,120.11218477836073,2025-12-01 12h27.34.412624 -0500,
-2,15.0,,875,875,0,,,,,,,,,,c-2,poss,100,left,0.9664621670017368,None,None,,,,,,,,,,,0,875,875,18,1316.595739708995,,,,,,,,,,,,,,,,,,,,,,,,,,,,,,,,,,,,,,,,,,,,,,,,,,,,,,,,,,,,,,,,1316.587519959001,1316.595739708995,1317.0811405419954,1317.0811405419954,1317.1545404999997,1317.1545404999997,1317.567297333997,left,0.9664621670017368,None,1317.5674002500018,1317.5674434589964,None,,,,,,,,,,,,21049994,0,2025-12-01_12h27.08.742,tilt_mocs,2024.2.4,120.11218477836073,2025-12-01 12h27.34.412624 -0500,
-2,-15.0,,876,876,0,,,,,,,,,,c-2,negs,100,left,0.8376993329948164,None,None,,,,,,,,,,,0,876,876,558,1317.5771900839973,,,,,,,,,,,,,,,,,,,,,,,,,,,,,,,,,,,,,,,,,,,,,,,,,,,,,,,,,,,,,,,,1317.5693148749997,1317.5771900839973,1318.0648129999972,1318.0648129999972,1318.1365837919948,1318.1365837919948,1318.41782925,left,0.8376993329948164,None,1318.4179735840007,1318.4180364169952,None,,,,,,,,,,,,21049994,0,2025-12-01_12h27.08.742,tilt_mocs,2024.2.4,120.11218477836073,2025-12-01 12h27.34.412624 -0500,
6,15.0,,877,877,0,,,,,,,,,,c+6,poss,100,left,1.0692968750008731,None,None,,,,,,,,,,,0,877,877,277,1318.4286617920006,,,,,,,,,,,,,,,,,,,,,,,,,,,,,,,,,,,,,,,,,,,,,,,,,,,,,,,,,,,,,,,,1318.4202096669978,1318.4286617920006,1318.9146750419968,1318.9146750419968,1318.9868982089974,1318.9868982089974,1319.5007075839967,left,1.0692968750008731,None,1319.5008334999948,1319.5008877919972,None,,,,,,,,,,,,21049994,0,2025-12-01_12h27.08.742,tilt_mocs,2024.2.4,120.11218477836073,2025-12-01 12h27.34.412624 -0500,
-2,-15.0,,878,878,0,,,,,,,,,,c-2,negs,100,left,0.9205056249993504,None,None,,,,,,,,,,,0,878,878,527,1319.5113483749956,,,,,,,,,,,,,,,,,,,,,,,,,,,,,,,,,,,,,,,,,,,,,,,,,,,,,,,,,,,,,,,,1319.5032722089963,1319.5113483749956,1319.9978882919968,1319.9978882919968,1320.0821597089962,1320.0821597089962,1320.4349379999985,left,0.9205056249993504,None,1320.435089874998,1320.4351469589965,None,,,,,,,,,,,,21049994,0,2025-12-01_12h27.08.742,tilt_mocs,2024.2.4,120.11218477836073,2025-12-01 12h27.34.412624 -0500,
4,0.0,,879,879,0,,,,,,,,,,c+4,noss,0,right,0.954540040998836,None,None,,,,,,,,,,,0,879,879,998,1320.4456097500006,,,,,,,,,,,,,,,,,,,,,,,,,,,,,,,,,,,,,,,,,,,,,,,,,,,,,,,,,,,,,,,,1320.4374214589989,1320.4456097500006,1320.9313674590012,1320.9313674590012,1321.0039948339981,1321.0039948339981,1321.4060017500015,right,0.954540040998836,None,1321.4061020419977,1321.4061442919992,None,,,,,,,,,,,,21049994,0,2025-12-01_12h27.08.742,tilt_mocs,2024.2.4,120.11218477836073,2025-12-01 12h27.34.412624 -0500,
6,15.0,,880,880,0,,,,,,,,,,c+6,poss,100,right,0.9172424580028746,None,None,,,,,,,,,,,0,880,880,242,1321.4315628749973,,,,,,,,,,,,,,,,,,,,,,,,,,,,,,,,,,,,,,,,,,,,,,,,,,,,,,,,,,,,,,,,1321.4080345839975,1321.4315628749973,1321.9077738339984,1321.9077738339984,1321.9819281249947,1321.9819281249947,1322.3513838340004,right,0.9172424580028746,None,1322.3515484169984,1322.3516143749948,None,,,,,,,,,,,,21049994,0,2025-12-01_12h27.08.742,tilt_mocs,2024.2.4,120.11218477836073,2025-12-01 12h27.34.412624 -0500,
-4,0.0,,881,881,0,,,,,,,,,,c-4,noss,0,left,0.92112412500137,None,None,,,,,,,,,,,0,881,881,715,1322.3628648340018,,,,,,,,,,,,,,,,,,,,,,,,,,,,,,,,,,,,,,,,,,,,,,,,,,,,,,,,,,,,,,,,1322.3544267499965,1322.3628648340018,1322.848034374998,1322.848034374998,1322.9210740419949,1322.9210740419949,1323.2903902920007,left,0.92112412500137,None,1323.2905240839973,1323.2905835839993,None,,,,,,,,,,,,21049994,0,2025-12-01_12h27.08.742,tilt_mocs,2024.2.4,120.11218477836073,2025-12-01 12h27.34.412624 -0500,
-1,0.0,,882,882,0,,,,,,,,,,c-1,noss,0,left,1.288150542000949,None,None,,,,,,,,,,,0,882,882,786,1323.300911541999,,,,,,,,,,,,,,,,,,,,,,,,,,,,,,,,,,,,,,,,,,,,,,,,,,,,,,,,,,,,,,,,1323.2927162499982,1323.300911541999,1323.7913469589985,1323.7913469589985,1323.8653963749966,1323.8653963749966,1324.600670791995,left,1.288150542000949,None,1324.6008058340012,1324.6008614169987,None,,,,,,,,,,,,21049994,0,2025-12-01_12h27.08.742,tilt_mocs,2024.2.4,120.11218477836073,2025-12-01 12h27.34.412624 -0500,
2,-15.0,,883,883,0,,,,,,,,,,c+2,negs,100,right,0.9545845829998143,None,None,,,,,,,,,,,0,883,883,644,1324.610942374995,,,,,,,,,,,,,,,,,,,,,,,,,,,,,,,,,,,,,,,,,,,,,,,,,,,,,,,,,,,,,,,,1324.6027939999985,1324.610942374995,1325.0982645420008,1325.0982645420008,1325.1701273340004,1325.1701273340004,1325.5679981669964,right,0.9545845829998143,None,1325.5681332089953,1325.5682016669962,None,,,,,,,,,,,,21049994,0,2025-12-01_12h27.08.742,tilt_mocs,2024.2.4,120.11218477836073,2025-12-01 12h27.34.412624 -0500,
4,0.0,,884,884,0,,,,,,,,,,c+4,noss,0,right,0.9247738339981879,None,None,,,,,,,,,,,0,884,884,978,1325.5783760839986,,,,,,,,,,,,,,,,,,,,,,,,,,,,,,,,,,,,,,,,,,,,,,,,,,,,,,,,,,,,,,,,1325.5705369589996,1325.5783760839986,1326.0647511669958,1326.0647511669958,1326.1366951249947,1326.1366951249947,1326.5059413749987,right,0.9247738339981879,None,1326.506046041999,1326.506089167,None,,,,,,,,,,,,21049994,0,2025-12-01_12h27.08.742,tilt_mocs,2024.2.4,120.11218477836073,2025-12-01 12h27.34.412624 -0500,
8,15.0,,885,885,0,,,,,,,,,,c+8,poss,100,right,0.867072458997427,None,None,,,,,,,,,,,0,885,885,295,1326.5317754589996,,,,,,,,,,,,,,,,,,,,,,,,,,,,,,,,,,,,,,,,,,,,,,,,,,,,,,,,,,,,,,,,1326.5079445419979,1326.5317754589996,1327.0073589169988,1327.0073589169988,1327.081885959,1327.081885959,1327.4012561669952,right,0.867072458997427,None,1327.401380958996,1327.4014347089978,None,,,,,,,,,,,,21049994,0,2025-12-01_12h27.08.742,tilt_mocs,2024.2.4,120.11218477836073,2025-12-01 12h27.34.412624 -0500,
0,-15.0,,886,886,0,,,,,,,,,,c+0,negs,100,right,0.8703928750037448,None,None,,,,,,,,,,,0,886,886,575,1327.4115047090017,,,,,,,,,,,,,,,,,,,,,,,,,,,,,,,,,,,,,,,,,,,,,,,,,,,,,,,,,,,,,,,,1327.403580541999,1327.4115047090017,1327.8982804589978,1327.8982804589978,1327.970465583996,1327.970465583996,1328.2843872090016,right,0.8703928750037448,None,1328.284540499997,1328.2846068750005,None,,,,,,,,,,,,21049994,0,2025-12-01_12h27.08.742,tilt_mocs,2024.2.4,120.11218477836073,2025-12-01 12h27.34.412624 -0500,
8,15.0,,887,887,0,,,,,,,,,,c+8,poss,100,right,1.1095490000006976,None,None,,,,,,,,,,,0,887,887,307,1328.2958465420015,,,,,,,,,,,,,,,,,,,,,,,,,,,,,,,,,,,,,,,,,,,,,,,,,,,,,,,,,,,,,,,,1328.2871333340008,1328.2958465420015,1328.7816359589997,1328.7816359589997,1328.8539012499969,1328.8539012499969,1329.417738749995,right,1.1095490000006976,None,1329.4178638750018,1329.417916499995,None,,,,,,,,,,,,21049994,0,2025-12-01_12h27.08.742,tilt_mocs,2024.2.4,120.11218477836073,2025-12-01 12h27.34.412624 -0500,
4,0.0,,888,888,0,,,,,,,,,,c+4,noss,0,right,0.8916087079996942,None,None,,,,,,,,,,,0,888,888,952,1329.428990374996,,,,,,,,,,,,,,,,,,,,,,,,,,,,,,,,,,,,,,,,,,,,,,,,,,,,,,,,,,,,,,,,1329.4208553339995,1329.428990374996,1329.915033708996,1329.915033708996,1329.9873745000004,1329.9873745000004,1330.323183583998,right,0.8916087079996942,None,1330.3233342919993,1330.3233916669997,None,,,,,,,,,,,,21049994,0,2025-12-01_12h27.08.742,tilt_mocs,2024.2.4,120.11218477836073,2025-12-01 12h27.34.412624 -0500,
-6,-15.0,,889,889,0,,,,,,,,,,c-6,negs,100,left,1.0109719579995726,None,None,,,,,,,,,,,0,889,889,434,1330.3342059999995,,,,,,,,,,,,,,,,,,,,,,,,,,,,,,,,,,,,,,,,,,,,,,,,,,,,,,,,,,,,,,,,1330.3257083749995,1330.3342059999995,1330.8247190839975,1330.8247190839975,1330.898904374997,1330.898904374997,1331.3510303750008,left,1.0109719579995726,None,1331.3511565419976,1331.3512096249979,None,,,,,,,,,,,,21049994,0,2025-12-01_12h27.08.742,tilt_mocs,2024.2.4,120.11218477836073,2025-12-01 12h27.34.412624 -0500,
-4,0.0,,890,890,0,,,,,,,,,,c-4,noss,0,left,0.8708638749958482,None,None,,,,,,,,,,,0,890,890,680,1331.3615337919982,,,,,,,,,,,,,,,,,,,,,,,,,,,,,,,,,,,,,,,,,,,,,,,,,,,,,,,,,,,,,,,,1331.3535934589963,1331.3615337919982,1331.848301209,1331.848301209,1331.9204727499964,1331.9204727499964,1332.234974125,left,0.8708638749958482,None,1332.235108791996,1332.2351647499963,None,,,,,,,,,,,,21049994,0,2025-12-01_12h27.08.742,tilt_mocs,2024.2.4,120.11218477836073,2025-12-01 12h27.34.412624 -0500,
8,15.0,,891,891,0,,,,,,,,,,c+8,poss,100,right,0.9901740829955088,None,None,,,,,,,,,,,0,891,891,323,1332.245424834,,,,,,,,,,,,,,,,,,,,,,,,,,,,,,,,,,,,,,,,,,,,,,,,,,,,,,,,,,,,,,,,1332.2373575839956,1332.245424834,1332.7317234169968,1332.7317234169968,1332.8037787919966,1332.8037787919966,1333.239667875001,right,0.9901740829955088,None,1333.239784917001,1333.2398374999975,None,,,,,,,,,,,,21049994,0,2025-12-01_12h27.08.742,tilt_mocs,2024.2.4,120.11218477836073,2025-12-01 12h27.34.412624 -0500,
1,0.0,,892,892,0,,,,,,,,,,c+1,noss,0,right,0.8764169589994708,None,None,,,,,,,,,,,0,892,892,855,1333.265314708995,,,,,,,,,,,,,,,,,,,,,,,,,,,,,,,,,,,,,,,,,,,,,,,,,,,,,,,,,,,,,,,,1333.241791417,1333.265314708995,1333.7411393340008,1333.7411393340008,1333.8156573339947,1333.8156573339947,1334.151579958998,right,0.8764169589994708,None,1334.1517275840015,1334.1517872920012,None,,,,,,,,,,,,21049994,0,2025-12-01_12h27.08.742,tilt_mocs,2024.2.4,120.11218477836073,2025-12-01 12h27.34.412624 -0500,
4,0.0,,893,893,0,,,,,,,,,,c+4,noss,0,right,0.9487834580068011,None,None,,,,,,,,,,,0,893,893,1006,1334.1620796669959,,,,,,,,,,,,,,,,,,,,,,,,,,,,,,,,,,,,,,,,,,,,,,,,,,,,,,,,,,,,,,,,1334.1539736669947,1334.1620796669959,1334.6485175419948,1334.6485175419948,1334.7206297090015,1334.7206297090015,1335.1182491250001,right,0.9487834580068011,None,1335.1184016249972,1335.118466,None,,,,,,,,,,,,21049994,0,2025-12-01_12h27.08.742,tilt_mocs,2024.2.4,120.11218477836073,2025-12-01 12h27.34.412624 -0500,
2,0.0,,894,894,0,,,,,,,,,,c+2,noss,0,right,0.8277066250011558,None,None,,,,,,,,,,,0,894,894,896,1335.1289004589999,,,,,,,,,,,,,,,,,,,,,,,,,,,,,,,,,,,,,,,,,,,,,,,,,,,,,,,,,,,,,,,,1335.120785041996,1335.1289004589999,1335.6141139589963,1335.6141139589963,1335.6882020420016,1335.6882020420016,1335.9680035419951,right,0.8277066250011558,None,1335.9682384999978,1335.9683320839977,None,,,,,,,,,,,,21049994,0,2025-12-01_12h27.08.742,tilt_mocs,2024.2.4,120.11218477836073,2025-12-01 12h27.34.412624 -0500,
2,-15.0,,895,895,0,,,,,,,,,,c+2,negs,100,right,1.029180625002482,None,None,,,,,,,,,,,0,895,895,655,1335.9788661249986,,,,,,,,,,,,,,,,,,,,,,,,,,,,,,,,,,,,,,,,,,,,,,,,,,,,,,,,,,,,,,,,1335.970779958996,1335.9788661249986,1336.4652609170007,1336.4652609170007,1336.5365443339979,1336.5365443339979,1337.017850874996,right,1.029180625002482,None,1337.0179763339984,1337.0180303339948,None,,,,,,,,,,,,21049994,0,2025-12-01_12h27.08.742,tilt_mocs,2024.2.4,120.11218477836073,2025-12-01 12h27.34.412624 -0500,
0,15.0,,896,896,0,,,,,,,,,,c+0,poss,100,right,0.8387862500021583,None,None,,,,,,,,,,,0,896,896,75,1337.0279275419962,,,,,,,,,,,,,,,,,,,,,,,,,,,,,,,,,,,,,,,,,,,,,,,,,,,,,,,,,,,,,,,,1337.019950875001,1337.0279275419962,1337.5152711670016,1337.5152711670016,1337.5877413749986,1337.5877413749986,1337.877715208997,right,0.8387862500021583,None,1337.8778133339947,1337.877857499996,None,,,,,,,,,,,,21049994,0,2025-12-01_12h27.08.742,tilt_mocs,2024.2.4,120.11218477836073,2025-12-01 12h27.34.412624 -0500,
2,0.0,,897,897,0,,,,,,,,,,c+2,noss,0,right,0.936920749998535,None,None,,,,,,,,,,,0,897,897,940,1337.8844967089972,,,,,,,,,,,,,,,,,,,,,,,,,,,,,,,,,,,,,,,,,,,,,,,,,,,,,,,,,,,,,,,,1337.8797440419949,1337.8844967089972,1338.3746843339977,1338.3746843339977,1338.4491525839985,1338.4491525839985,1338.8252602919965,right,0.936920749998535,None,1338.8253986669952,1338.8254542089999,None,,,,,,,,,,,,21049994,0,2025-12-01_12h27.08.742,tilt_mocs,2024.2.4,120.11218477836073,2025-12-01 12h27.34.412624 -0500,
2,0.0,,898,898,0,,,,,,,,,,c+2,noss,0,right,0.930765541997971,None,None,,,,,,,,,,,0,898,898,913,1338.8350169170008,,,,,,,,,,,,,,,,,,,,,,,,,,,,,,,,,,,,,,,,,,,,,,,,,,,,,,,,,,,,,,,,1338.8275711249953,1338.8350169170008,1339.3243441669983,1339.3243441669983,1339.399152334001,1339.399152334001,1339.7683150000012,right,0.930765541997971,None,1339.7684168749984,1339.7684599999993,None,,,,,,,,,,,,21049994,0,2025-12-01_12h27.08.742,tilt_mocs,2024.2.4,120.11218477836073,2025-12-01 12h27.34.412624 -0500,
8,15.0,,899,899,0,,,,,,,,,,c+8,poss,100,right,0.9606566660004319,None,None,,,,,,,,,,,0,899,899,300,1339.7782745000004,,,,,,,,,,,,,,,,,,,,,,,,,,,,,,,,,,,,,,,,,,,,,,,,,,,,,,,,,,,,,,,,1339.7703235840017,1339.7782745000004,1340.2654089589996,1340.2654089589996,1340.3376722920002,1340.3376722920002,1340.741490667002,right,0.9606566660004319,None,1340.7416174169994,1340.7416722499984,None,,,,,,,,,,,,21049994,0,2025-12-01_12h27.08.742,tilt_mocs,2024.2.4,120.11218477836073,2025-12-01 12h27.34.412624 -0500,
-1,0.0,,900,900,0,,,,,,,,,,c-1,noss,0,left,1.201405291998526,None,None,,,,,,,,,,,0,900,900,794,1340.7518125839997,,,,,,,,,,,,,,,,,,,,,,,,,,,,,,,,,,,,,,,,,,,,,,,,,,,,,,,,,,,,,,,,1340.7436919999964,1340.7518125839997,1341.2413341249994,1341.2413341249994,1341.315978916995,1341.315978916995,1341.9568282089967,left,1.201405291998526,None,1341.9569516249976,1341.9570062089988,None,,,,,,,,,,,,21049994,0,2025-12-01_12h27.08.742,tilt_mocs,2024.2.4,120.11218477836073,2025-12-01 12h27.34.412624 -0500,
-8,-15.0,,901,901,0,,,,,,,,,,c-8,negs,100,left,0.965602416996262,None,None,,,,,,,,,,,0,901,901,382,1341.9672482499955,,,,,,,,,,,,,,,,,,,,,,,,,,,,,,,,,,,,,,,,,,,,,,,,,,,,,,,,,,,,,,,,1341.9591949999958,1341.9672482499955,1342.4576061670014,1342.4576061670014,1342.5326540419992,1342.5326540419992,1342.9353101250017,left,0.965602416996262,None,1342.935423625,1342.935479791995,None,,,,,,,,,,,,21049994,0,2025-12-01_12h27.08.742,tilt_mocs,2024.2.4,120.11218477836073,2025-12-01 12h27.34.412624 -0500,
2,-15.0,,902,902,0,,,,,,,,,,c+2,negs,100,right,0.922109958002693,None,None,,,,,,,,,,,0,902,902,647,1342.945510999998,,,,,,,,,,,,,,,,,,,,,,,,,,,,,,,,,,,,,,,,,,,,,,,,,,,,,,,,,,,,,,,,1342.9374635839995,1342.945510999998,1343.4321382499984,1343.4321382499984,1343.505442583999,1343.505442583999,1343.8739418749974,right,0.922109958002693,None,1343.874071416998,1343.8741266669967,None,,,,,,,,,,,,21049994,0,2025-12-01_12h27.08.742,tilt_mocs,2024.2.4,120.11218477836073,2025-12-01 12h27.34.412624 -0500,
-8,-15.0,,903,903,0,,,,,,,,,,c-8,negs,100,left,0.9340090000041528,None,None,,,,,,,,,,,0,903,903,353,1343.8841525419994,,,,,,,,,,,,,,,,,,,,,,,,,,,,,,,,,,,,,,,,,,,,,,,,,,,,,,,,,,,,,,,,1343.876100542002,1343.8841525419994,1344.3738197919956,1344.3738197919956,1344.4493247089995,1344.4493247089995,1344.8233890420015,left,0.9340090000041528,None,1344.8234939169997,1344.8235368339956,None,,,,,,,,,,,,21049994,0,2025-12-01_12h27.08.742,tilt_mocs,2024.2.4,120.11218477836073,2025-12-01 12h27.34.412624 -0500,
1,0.0,,904,904,0,,,,,,,,,,c+1,noss,0,right,0.9678834579972317,None,None,,,,,,,,,,,0,904,904,841,1344.8491046669951,,,,,,,,,,,,,,,,,,,,,,,,,,,,,,,,,,,,,,,,,,,,,,,,,,,,,,,,,,,,,,,,1344.8253985420015,1344.8491046669951,1345.3251981669964,1345.3251981669964,1345.3993802089972,1345.3993802089972,1345.8286559999979,right,0.9678834579972317,None,1345.8287559169985,1345.828804249999,None,,,,,,,,,,,,21049994,0,2025-12-01_12h27.08.742,tilt_mocs,2024.2.4,120.11218477836073,2025-12-01 12h27.34.412624 -0500,
4,15.0,,905,905,0,,,,,,,,,,c+4,poss,100,right,0.9140959590004059,None,None,,,,,,,,,,,0,905,905,207,1345.8351605839998,,,,,,,,,,,,,,,,,,,,,,,,,,,,,,,,,,,,,,,,,,,,,,,,,,,,,,,,,,,,,,,,1345.8307058339997,1345.8351605839998,1346.3244521669985,1346.3244521669985,1346.3994892920018,1346.3994892920018,1346.7517269169985,right,0.9140959590004059,None,1346.7518512499955,1346.7519044169967,None,,,,,,,,,,,,21049994,0,2025-12-01_12h27.08.742,tilt_mocs,2024.2.4,120.11218477836073,2025-12-01 12h27.34.412624 -0500,
6,15.0,,906,906,0,,,,,,,,,,c+6,poss,100,right,0.8904138330035494,None,None,,,,,,,,,,,0,906,906,256,1346.7621067919972,,,,,,,,,,,,,,,,,,,,,,,,,,,,,,,,,,,,,,,,,,,,,,,,,,,,,,,,,,,,,,,,1346.7541051669978,1346.7621067919972,1347.2489436670003,1347.2489436670003,1347.3211206669948,1347.3211206669948,1347.6581884589978,right,0.8904138330035494,None,1347.6583120419964,1347.6583649999957,None,,,,,,,,,,,,21049994,0,2025-12-01_12h27.08.742,tilt_mocs,2024.2.4,120.11218477836073,2025-12-01 12h27.34.412624 -0500,
0,15.0,,907,907,0,,,,,,,,,,c+0,poss,100,left,0.9968579589985893,None,None,,,,,,,,,,,0,907,907,82,1347.6688253339962,,,,,,,,,,,,,,,,,,,,,,,,,,,,,,,,,,,,,,,,,,,,,,,,,,,,,,,,,,,,,,,,1347.6604654170005,1347.6688253339962,1348.1578569999983,1348.1578569999983,1348.232673624996,1348.232673624996,1348.6682213749955,left,0.9968579589985893,None,1348.6683449589982,1348.6683876249954,None,,,,,,,,,,,,21049994,0,2025-12-01_12h27.08.742,tilt_mocs,2024.2.4,120.11218477836073,2025-12-01 12h27.34.412624 -0500,
2,-15.0,,908,908,0,,,,,,,,,,c+2,negs,100,right,1.0763079169992125,None,None,,,,,,,,,,,0,908,908,638,1348.6781784170016,,,,,,,,,,,,,,,,,,,,,,,,,,,,,,,,,,,,,,,,,,,,,,,,,,,,,,,,,,,,,,,,1348.6702784590016,1348.6781784170016,1349.165588291995,1349.165588291995,1349.237812374995,1349.237812374995,1349.7577325839957,right,1.0763079169992125,None,1349.7577736669991,1349.757788625,None,,,,,,,,,,,,21049994,0,2025-12-01_12h27.08.742,tilt_mocs,2024.2.4,120.11218477836073,2025-12-01 12h27.34.412624 -0500,
8,15.0,,909,909,0,,,,,,,,,,c+8,poss,100,right,1.000605875000474,None,None,,,,,,,,,,,0,909,909,320,1349.7655087919993,,,,,,,,,,,,,,,,,,,,,,,,,,,,,,,,,,,,,,,,,,,,,,,,,,,,,,,,,,,,,,,,1349.7584577499947,1349.7655087919993,1350.2586644170005,1350.2586644170005,1350.3327185419985,1350.3327185419985,1350.768690334,right,1.000605875000474,None,1350.7688143339983,1350.7688681250002,None,,,,,,,,,,,,21049994,0,2025-12-01_12h27.08.742,tilt_mocs,2024.2.4,120.11218477836073,2025-12-01 12h27.34.412624 -0500,
-4,0.0,,910,910,0,,,,,,,,,,c-4,noss,0,left,0.9443314579984872,None,None,,,,,,,,,,,0,910,910,725,1350.7787252499984,,,,,,,,,,,,,,,,,,,,,,,,,,,,,,,,,,,,,,,,,,,,,,,,,,,,,,,,,,,,,,,,1350.7707806249964,1350.7787252499984,1351.2657861249972,1351.2657861249972,1351.3386873749987,1351.3386873749987,1351.7335201249953,left,0.9443314579984872,None,1351.733622959,1351.733665959,None,,,,,,,,,,,,21049994,0,2025-12-01_12h27.08.742,tilt_mocs,2024.2.4,120.11218477836073,2025-12-01 12h27.34.412624 -0500,
0,-15.0,,911,911,0,,,,,,,,,,c+0,negs,100,right,0.9380948750040261,None,None,,,,,,,,,,,0,911,911,562,1351.7407494169966,,,,,,,,,,,,,,,,,,,,,,,,,,,,,,,,,,,,,,,,,,,,,,,,,,,,,,,,,,,,,,,,1351.7355510419948,1351.7407494169966,1352.225119208997,1352.225119208997,1352.299680541997,1352.299680541997,1352.6850431669955,right,0.9380948750040261,None,1352.6851442499974,1352.685186249997,None,,,,,,,,,,,,21049994,0,2025-12-01_12h27.08.742,tilt_mocs,2024.2.4,120.11218477836073,2025-12-01 12h27.34.412624 -0500,
-2,15.0,,912,912,0,,,,,,,,,,c-2,poss,100,left,1.0985835419996874,None,None,,,,,,,,,,,0,912,912,5,1352.6951382920015,,,,,,,,,,,,,,,,,,,,,,,,,,,,,,,,,,,,,,,,,,,,,,,,,,,,,,,,,,,,,,,,1352.6871149590006,1352.6951382920015,1353.182554125,1353.182554125,1353.2546709589951,1353.2546709589951,1353.801701999997,left,1.0985835419996874,None,1353.801824000002,1353.8018774169977,None,,,,,,,,,,,,21049994,0,2025-12-01_12h27.08.742,tilt_mocs,2024.2.4,120.11218477836073,2025-12-01 12h27.34.412624 -0500,
2,0.0,,913,913,0,,,,,,,,,,c+2,noss,0,right,0.9273926669993671,None,None,,,,,,,,,,,0,913,913,933,1353.8121669589964,,,,,,,,,,,,,,,,,,,,,,,,,,,,,,,,,,,,,,,,,,,,,,,,,,,,,,,,,,,,,,,,1353.8042566250006,1353.8121669589964,1354.2992671249958,1354.2992671249958,1354.3722099590013,1354.3722099590013,1354.7520252499962,right,0.9273926669993671,None,1354.7521544999981,1354.7522092500003,None,,,,,,,,,,,,21049994,0,2025-12-01_12h27.08.742,tilt_mocs,2024.2.4,120.11218477836073,2025-12-01 12h27.34.412624 -0500,
-2,15.0,,914,914,0,,,,,,,,,,c-2,poss,100,left,1.453665875000297,None,None,,,,,,,,,,,0,914,914,6,1354.7628331250016,,,,,,,,,,,,,,,,,,,,,,,,,,,,,,,,,,,,,,,,,,,,,,,,,,,,,,,,,,,,,,,,1354.7545937499963,1354.7628331250016,1355.2492884999956,1355.2492884999956,1355.3214962499987,1355.3214962499987,1356.2190981669992,left,1.453665875000297,None,1356.2192639169953,1356.2193274169986,None,,,,,,,,,,,,21049994,0,2025-12-01_12h27.08.742,tilt_mocs,2024.2.4,120.11218477836073,2025-12-01 12h27.34.412624 -0500,
0,15.0,,915,915,0,,,,,,,,,,c+0,poss,100,left,1.0659617089986568,None,None,,,,,,,,,,,0,915,915,70,1356.2302367090015,,,,,,,,,,,,,,,,,,,,,,,,,,,,,,,,,,,,,,,,,,,,,,,,,,,,,,,,,,,,,,,,1356.2220525000012,1356.2302367090015,1356.7159733340013,1356.7159733340013,1356.788083667001,1356.788083667001,1357.302014791996,left,1.0659617089986568,None,1357.3021386249966,1357.3021911249962,None,,,,,,,,,,,,21049994,0,2025-12-01_12h27.08.742,tilt_mocs,2024.2.4,120.11218477836073,2025-12-01 12h27.34.412624 -0500,
4,0.0,,916,916,0,,,,,,,,,,c+4,noss,0,right,0.9679185419954592,None,None,,,,,,,,,,,0,916,916,995,1357.312517499995,,,,,,,,,,,,,,,,,,,,,,,,,,,,,,,,,,,,,,,,,,,,,,,,,,,,,,,,,,,,,,,,1357.3042546669967,1357.312517499995,1357.799268374998,1357.799268374998,1357.871799749999,1357.871799749999,1358.2857172919976,right,0.9679185419954592,None,1358.2858436669994,1358.2859087499965,None,,,,,,,,,,,,21049994,0,2025-12-01_12h27.08.742,tilt_mocs,2024.2.4,120.11218477836073,2025-12-01 12h27.34.412624 -0500,
2,0.0,,917,917,0,,,,,,,,,,c+2,noss,0,right,0.9306619579947437,None,None,,,,,,,,,,,0,917,917,901,1358.2961549589963,,,,,,,,,,,,,,,,,,,,,,,,,,,,,,,,,,,,,,,,,,,,,,,,,,,,,,,,,,,,,,,,1358.2881527089994,1358.2961549589963,1358.7827353749963,1358.7827353749963,1358.8550879169998,1358.8550879169998,1359.2360227499958,right,0.9306619579947437,None,1359.2361719589971,1359.2362275839987,None,,,,,,,,,,,,21049994,0,2025-12-01_12h27.08.742,tilt_mocs,2024.2.4,120.11218477836073,2025-12-01 12h27.34.412624 -0500,
0,-15.0,,918,918,0,,,,,,,,,,c+0,negs,100,right,1.0746720419992926,None,None,,,,,,,,,,,0,918,918,599,1359.2465078339956,,,,,,,,,,,,,,,,,,,,,,,,,,,,,,,,,,,,,,,,,,,,,,,,,,,,,,,,,,,,,,,,1359.238349542,1359.2465078339956,1359.7326693750001,1359.7326693750001,1359.805102458995,1359.805102458995,1360.3244698749986,right,1.0746720419992926,None,1360.3245666669973,1360.3246093339985,None,,,,,,,,,,,,21049994,0,2025-12-01_12h27.08.742,tilt_mocs,2024.2.4,120.11218477836073,2025-12-01 12h27.34.412624 -0500,
-2,0.0,,919,919,0,,,,,,,,,,c-2,noss,0,right,0.9395623749951483,None,None,,,,,,,,,,,0,919,919,781,1360.3346588749991,,,,,,,,,,,,,,,,,,,,,,,,,,,,,,,,,,,,,,,,,,,,,,,,,,,,,,,,,,,,,,,,1360.3264872500004,1360.3346588749991,1360.8253610419997,1360.8253610419997,1360.899795583995,1360.899795583995,1361.2856682089987,right,0.9395623749951483,None,1361.2858182089985,1361.285879666997,None,,,,,,,,,,,,21049994,0,2025-12-01_12h27.08.742,tilt_mocs,2024.2.4,120.11218477836073,2025-12-01 12h27.34.412624 -0500,
-2,-15.0,,920,920,0,,,,,,,,,,c-2,negs,100,right,1.0542289579971111,None,None,,,,,,,,,,,0,920,920,555,1361.2964291249955,,,,,,,,,,,,,,,,,,,,,,,,,,,,,,,,,,,,,,,,,,,,,,,,,,,,,,,,,,,,,,,,1361.288276667001,1361.2964291249955,1361.782863333996,1361.782863333996,1361.8563282089963,1361.8563282089963,1362.3535434169971,right,1.0542289579971111,None,1362.3536779999995,1362.3537371669954,None,,,,,,,,,,,,21049994,0,2025-12-01_12h27.08.742,tilt_mocs,2024.2.4,120.11218477836073,2025-12-01 12h27.34.412624 -0500,
-2,-15.0,,921,921,0,,,,,,,,,,c-2,negs,100,left,1.2047069579930394,None,None,,,,,,,,,,,0,921,921,518,1362.3641712919998,,,,,,,,,,,,,,,,,,,,,,,,,,,,,,,,,,,,,,,,,,,,,,,,,,,,,,,,,,,,,,,,1362.3558842499988,1362.3641712919998,1362.8495643749993,1362.8495643749993,1362.9218916249956,1362.9218916249956,1363.5752902919994,left,1.2047069579930394,None,1363.5753911669963,1363.5754359999992,None,,,,,,,,,,,,21049994,0,2025-12-01_12h27.08.742,tilt_mocs,2024.2.4,120.11218477836073,2025-12-01 12h27.34.412624 -0500,
0,-15.0,,922,922,0,,,,,,,,,,c+0,negs,100,right,1.0240559579979163,None,None,,,,,,,,,,,0,922,922,570,1363.5856129589956,,,,,,,,,,,,,,,,,,,,,,,,,,,,,,,,,,,,,,,,,,,,,,,,,,,,,,,,,,,,,,,,1363.577367375001,1363.5856129589956,1364.0760297919987,1364.0760297919987,1364.1500438750008,1364.1500438750008,1364.6192432089956,right,1.0240559579979163,None,1364.619371834,1364.619419124996,None,,,,,,,,,,,,21049994,0,2025-12-01_12h27.08.742,tilt_mocs,2024.2.4,120.11218477836073,2025-12-01 12h27.34.412624 -0500,
2,0.0,,923,923,0,,,,,,,,,,c+2,noss,0,right,1.077802583000448,None,None,,,,,,,,,,,0,923,923,908,1364.6292670839975,,,,,,,,,,,,,,,,,,,,,,,,,,,,,,,,,,,,,,,,,,,,,,,,,,,,,,,,,,,,,,,,1364.6213298340008,1364.6292670839975,1365.1162472919968,1365.1162472919968,1365.1880757089966,1365.1880757089966,1365.7173532919987,right,1.077802583000448,None,1365.7174603339954,1365.7175022919982,None,,,,,,,,,,,,21049994,0,2025-12-01_12h27.08.742,tilt_mocs,2024.2.4,120.11218477836073,2025-12-01 12h27.34.412624 -0500,
4,15.0,,924,924,0,,,,,,,,,,c+4,poss,100,right,1.2595240000009653,None,None,,,,,,,,,,,0,924,924,216,1365.7246610000002,,,,,,,,,,,,,,,,,,,,,,,,,,,,,,,,,,,,,,,,,,,,,,,,,,,,,,,,,,,,,,,,1365.7194338339978,1365.7246610000002,1366.2082572090003,1366.2082572090003,1366.2834966250011,1366.2834966250011,1366.9866533749955,right,1.2595240000009653,None,1366.9867807920018,1366.9868352919948,None,,,,,,,,,,,,21049994,0,2025-12-01_12h27.08.742,tilt_mocs,2024.2.4,120.11218477836073,2025-12-01 12h27.34.412624 -0500,
-8,-15.0,,925,925,0,,,,,,,,,,c-8,negs,100,left,0.9734541670040926,None,None,,,,,,,,,,,0,925,925,359,1366.9974776669987,,,,,,,,,,,,,,,,,,,,,,,,,,,,,,,,,,,,,,,,,,,,,,,,,,,,,,,,,,,,,,,,1366.9891357090019,1366.9974776669987,1367.4830970839976,1367.4830970839976,1367.5550779589976,1367.5550779589976,1367.974152584,left,0.9734541670040926,None,1367.974251708998,1367.974293166997,None,,,,,,,,,,,,21049994,0,2025-12-01_12h27.08.742,tilt_mocs,2024.2.4,120.11218477836073,2025-12-01 12h27.34.412624 -0500,
-1,0.0,,926,926,0,,,,,,,,,,c-1,noss,0,left,1.134150417005003,None,None,,,,,,,,,,,0,926,926,809,1367.9999122090012,,,,,,,,,,,,,,,,,,,,,,,,,,,,,,,,,,,,,,,,,,,,,,,,,,,,,,,,,,,,,,,,1367.9761582919964,1367.9999122090012,1368.475765874995,1368.475765874995,1368.5502833339997,1368.5502833339997,1369.1370137919948,left,1.134150417005003,None,1369.1371505839998,1369.137212624999,None,,,,,,,,,,,,21049994,0,2025-12-01_12h27.08.742,tilt_mocs,2024.2.4,120.11218477836073,2025-12-01 12h27.34.412624 -0500,
4,15.0,,927,927,0,,,,,,,,,,c+4,poss,100,right,1.0806761670028209,None,None,,,,,,,,,,,0,927,927,193,1369.1478317919973,,,,,,,,,,,,,,,,,,,,,,,,,,,,,,,,,,,,,,,,,,,,,,,,,,,,,,,,,,,,,,,,1369.1392631249983,1369.1478317919973,1369.6330739170007,1369.6330739170007,1369.7066507499985,1369.7066507499985,1370.2357518749996,right,1.0806761670028209,None,1370.2359034999972,1370.2359610419953,None,,,,,,,,,,,,21049994,0,2025-12-01_12h27.08.742,tilt_mocs,2024.2.4,120.11218477836073,2025-12-01 12h27.34.412624 -0500,
1,0.0,,928,928,0,,,,,,,,,,c+1,noss,0,left,1.0976681250031106,None,None,,,,,,,,,,,0,928,928,883,1370.2470822499963,,,,,,,,,,,,,,,,,,,,,,,,,,,,,,,,,,,,,,,,,,,,,,,,,,,,,,,,,,,,,,,,1370.2389915839958,1370.2470822499963,1370.7331115839988,1370.7331115839988,1370.8050717919978,1370.8050717919978,1371.3523501669988,left,1.0976681250031106,None,1371.352477417,1371.352538250001,None,,,,,,,,,,,,21049994,0,2025-12-01_12h27.08.742,tilt_mocs,2024.2.4,120.11218477836073,2025-12-01 12h27.34.412624 -0500,
-4,0.0,,929,929,0,,,,,,,,,,c-4,noss,0,left,0.8982544169994071,None,None,,,,,,,,,,,0,929,929,681,1371.3628087920006,,,,,,,,,,,,,,,,,,,,,,,,,,,,,,,,,,,,,,,,,,,,,,,,,,,,,,,,,,,,,,,,1371.3548977089958,1371.3628087920006,1371.8498713750014,1371.8498713750014,1371.921885124997,1371.921885124997,1372.2694578340015,left,0.8982544169994071,None,1372.2695793339954,1372.2696330839972,None,,,,,,,,,,,,21049994,0,2025-12-01_12h27.08.742,tilt_mocs,2024.2.4,120.11218477836073,2025-12-01 12h27.34.412624 -0500,
-2,0.0,,930,930,0,,,,,,,,,,c-2,noss,0,left,0.8212150420004036,None,None,,,,,,,,,,,0,930,930,756,1372.2800060840018,,,,,,,,,,,,,,,,,,,,,,,,,,,,,,,,,,,,,,,,,,,,,,,,,,,,,,,,,,,,,,,,1372.272016416995,1372.2800060840018,1372.7664536250013,1372.7664536250013,1372.8394316249978,1372.8394316249978,1373.112544042,left,0.8212150420004036,None,1373.1126412919984,1373.1126842500016,None,,,,,,,,,,,,21049994,0,2025-12-01_12h27.08.742,tilt_mocs,2024.2.4,120.11218477836073,2025-12-01 12h27.34.412624 -0500,
-8,-15.0,,931,931,0,,,,,,,,,,c-8,negs,100,left,0.9090461250016233,None,None,,,,,,,,,,,0,931,931,360,1373.1192479589954,,,,,,,,,,,,,,,,,,,,,,,,,,,,,,,,,,,,,,,,,,,,,,,,,,,,,,,,,,,,,,,,1373.1145734999955,1373.1192479589954,1373.6099669169998,1373.6099669169998,1373.6837432920001,1373.6837432920001,1374.0359171669988,left,0.9090461250016233,None,1374.0360409589994,1374.0361013750007,None,,,,,,,,,,,,21049994,0,2025-12-01_12h27.08.742,tilt_mocs,2024.2.4,120.11218477836073,2025-12-01 12h27.34.412624 -0500,
-2,0.0,,932,932,0,,,,,,,,,,c-2,noss,0,left,0.8543269159999909,None,None,,,,,,,,,,,0,932,932,750,1374.0470877089974,,,,,,,,,,,,,,,,,,,,,,,,,,,,,,,,,,,,,,,,,,,,,,,,,,,,,,,,,,,,,,,,1374.0384277919948,1374.0470877089974,1374.5333280420018,1374.5333280420018,1374.605420916996,1374.605420916996,1374.9129702499995,left,0.8543269159999909,None,1374.9130683339972,1374.913113374998,None,,,,,,,,,,,,21049994,0,2025-12-01_12h27.08.742,tilt_mocs,2024.2.4,120.11218477836073,2025-12-01 12h27.34.412624 -0500,
0,15.0,,933,933,0,,,,,,,,,,c+0,poss,100,left,0.99775870799931,None,None,,,,,,,,,,,0,933,933,83,1374.9195107089981,,,,,,,,,,,,,,,,,,,,,,,,,,,,,,,,,,,,,,,,,,,,,,,,,,,,,,,,,,,,,,,,1374.9149997919958,1374.9195107089981,1375.4087462499956,1375.4087462499956,1375.4838643339972,1375.4838643339972,1375.9197770839965,left,0.99775870799931,None,1375.9199122499995,1375.9199670000016,None,,,,,,,,,,,,21049994,0,2025-12-01_12h27.08.742,tilt_mocs,2024.2.4,120.11218477836073,2025-12-01 12h27.34.412624 -0500,
-2,-15.0,,934,934,0,,,,,,,,,,c-2,negs,100,left,0.8518033750005998,None,None,,,,,,,,,,,0,934,934,512,1375.9300576249952,,,,,,,,,,,,,,,,,,,,,,,,,,,,,,,,,,,,,,,,,,,,,,,,,,,,,,,,,,,,,,,,1375.9220892919984,1375.9300576249952,1376.4168170839985,1376.4168170839985,1376.4887402919994,1376.4887402919994,1376.7858615840014,left,0.8518033750005998,None,1376.7859935419983,1376.786047499998,None,,,,,,,,,,,,21049994,0,2025-12-01_12h27.08.742,tilt_mocs,2024.2.4,120.11218477836073,2025-12-01 12h27.34.412624 -0500,
-2,0.0,,935,935,0,,,,,,,,,,c-2,noss,0,left,0.8961164170032134,None,None,,,,,,,,,,,0,935,935,749,1376.7960007919974,,,,,,,,,,,,,,,,,,,,,,,,,,,,,,,,,,,,,,,,,,,,,,,,,,,,,,,,,,,,,,,,1376.7880162500005,1376.7960007919974,1377.2834369999982,1377.2834369999982,1377.3555732089953,1377.3555732089953,1377.7026369589948,left,0.8961164170032134,None,1377.7027611250014,1377.7028142499985,None,,,,,,,,,,,,21049994,0,2025-12-01_12h27.08.742,tilt_mocs,2024.2.4,120.11218477836073,2025-12-01 12h27.34.412624 -0500,
2,0.0,,936,936,0,,,,,,,,,,c+2,noss,0,right,1.1254412089983816,None,None,,,,,,,,,,,0,936,936,905,1377.7132755419952,,,,,,,,,,,,,,,,,,,,,,,,,,,,,,,,,,,,,,,,,,,,,,,,,,,,,,,,,,,,,,,,1377.705193875001,1377.7132755419952,1378.2000025000016,1378.2000025000016,1378.2722460419973,1378.2722460419973,1378.8413791249986,right,1.1254412089983816,None,1378.8414773749973,1378.8415228340018,None,,,,,,,,,,,,21049994,0,2025-12-01_12h27.08.742,tilt_mocs,2024.2.4,120.11218477836073,2025-12-01 12h27.34.412624 -0500,
6,15.0,,937,937,0,,,,,,,,,,c+6,poss,100,right,1.0171040420027566,None,None,,,,,,,,,,,0,937,937,278,1378.8669215420014,,,,,,,,,,,,,,,,,,,,,,,,,,,,,,,,,,,,,,,,,,,,,,,,,,,,,,,,,,,,,,,,1378.843396958997,1378.8669215420014,1379.3424026249995,1379.3424026249995,1379.4171204589948,1379.4171204589948,1379.8864417919976,right,1.0171040420027566,None,1379.8865436669948,1379.886586499997,None,,,,,,,,,,,,21049994,0,2025-12-01_12h27.08.742,tilt_mocs,2024.2.4,120.11218477836073,2025-12-01 12h27.34.412624 -0500,
-4,0.0,,938,938,0,,,,,,,,,,c-4,noss,0,left,1.0440229160012677,None,None,,,,,,,,,,,0,938,938,695,1379.8965967920012,,,,,,,,,,,,,,,,,,,,,,,,,,,,,,,,,,,,,,,,,,,,,,,,,,,,,,,,,,,,,,,,1379.8884374170011,1379.8965967920012,1380.3835624169951,1380.3835624169951,1380.4556193339959,1380.4556193339959,1380.9529846250007,left,1.0440229160012677,None,1380.953109916998,1380.953160500001,None,,,,,,,,,,,,21049994,0,2025-12-01_12h27.08.742,tilt_mocs,2024.2.4,120.11218477836073,2025-12-01 12h27.34.412624 -0500,
-4,0.0,,939,939,0,,,,,,,,,,c-4,noss,0,left,0.8665108749992214,None,None,,,,,,,,,,,0,939,939,673,1380.9628246669963,,,,,,,,,,,,,,,,,,,,,,,,,,,,,,,,,,,,,,,,,,,,,,,,,,,,,,,,,,,,,,,,1380.9550355419997,1380.9628246669963,1381.4502674169998,1381.4502674169998,1381.5226362089961,1381.5226362089961,1381.8361882499958,left,0.8665108749992214,None,1381.8363106249963,1381.8363640839962,None,,,,,,,,,,,,21049994,0,2025-12-01_12h27.08.742,tilt_mocs,2024.2.4,120.11218477836073,2025-12-01 12h27.34.412624 -0500,
2,0.0,,940,940,0,,,,,,,,,,c+2,noss,0,right,0.9288865829948918,None,None,,,,,,,,,,,0,940,940,936,1381.8463232089998,,,,,,,,,,,,,,,,,,,,,,,,,,,,,,,,,,,,,,,,,,,,,,,,,,,,,,,,,,,,,,,,1381.8383082500004,1381.8463232089998,1382.3336264169993,1382.3336264169993,1382.4059301250018,1382.4059301250018,1382.7863470839948,right,0.9288865829948918,None,1382.786484874996,1382.7865417499997,None,,,,,,,,,,,,21049994,0,2025-12-01_12h27.08.742,tilt_mocs,2024.2.4,120.11218477836073,2025-12-01 12h27.34.412624 -0500,
0,-15.0,,941,941,0,,,,,,,,,,c+0,negs,100,right,0.9950339579954743,None,None,,,,,,,,,,,0,941,941,584,1382.7973356250004,,,,,,,,,,,,,,,,,,,,,,,,,,,,,,,,,,,,,,,,,,,,,,,,,,,,,,,,,,,,,,,,1382.7890310840012,1382.7973356250004,1383.2835926249973,1383.2835926249973,1383.356502083996,1383.356502083996,1383.8027143340005,right,0.9950339579954743,None,1383.8028423340002,1383.802895834,None,,,,,,,,,,,,21049994,0,2025-12-01_12h27.08.742,tilt_mocs,2024.2.4,120.11218477836073,2025-12-01 12h27.34.412624 -0500,
-2,-15.0,,942,942,0,,,,,,,,,,c-2,negs,100,right,1.0136152500053868,None,None,,,,,,,,,,,0,942,942,516,1383.8129425419975,,,,,,,,,,,,,,,,,,,,,,,,,,,,,,,,,,,,,,,,,,,,,,,,,,,,,,,,,,,,,,,,1383.804847374995,1383.8129425419975,1384.3002942089952,1384.3002942089952,1384.3723505839953,1384.3723505839953,1384.8362972499963,right,1.0136152500053868,None,1384.8364568339966,1384.836519999997,None,,,,,,,,,,,,21049994,0,2025-12-01_12h27.08.742,tilt_mocs,2024.2.4,120.11218477836073,2025-12-01 12h27.34.412624 -0500,
-2,-15.0,,943,943,0,,,,,,,,,,c-2,negs,100,right,0.9482304999983171,None,None,,,,,,,,,,,0,943,943,535,1384.8475348339998,,,,,,,,,,,,,,,,,,,,,,,,,,,,,,,,,,,,,,,,,,,,,,,,,,,,,,,,,,,,,,,,1384.8393877499984,1384.8475348339998,1385.3338331669947,1385.3338331669947,1385.4060847919973,1385.4060847919973,1385.8031756249984,right,0.9482304999983171,None,1385.8033040840019,1385.803358792,None,,,,,,,,,,,,21049994,0,2025-12-01_12h27.08.742,tilt_mocs,2024.2.4,120.11218477836073,2025-12-01 12h27.34.412624 -0500,
4,0.0,,944,944,0,,,,,,,,,,c+4,noss,0,right,0.9909746249977616,None,None,,,,,,,,,,,0,944,944,994,1385.8139403339956,,,,,,,,,,,,,,,,,,,,,,,,,,,,,,,,,,,,,,,,,,,,,,,,,,,,,,,,,,,,,,,,1385.8057253340012,1385.8139403339956,1386.300471208997,1386.300471208997,1386.3727244999973,1386.3727244999973,1386.8093574589948,right,0.9909746249977616,None,1386.8094772920012,1386.8095364589972,None,,,,,,,,,,,,21049994,0,2025-12-01_12h27.08.742,tilt_mocs,2024.2.4,120.11218477836073,2025-12-01 12h27.34.412624 -0500,
0,15.0,,945,945,0,,,,,,,,,,c+0,poss,100,left,1.1759129580023,None,None,,,,,,,,,,,0,945,945,81,1386.8202061249976,,,,,,,,,,,,,,,,,,,,,,,,,,,,,,,,,,,,,,,,,,,,,,,,,,,,,,,,,,,,,,,,1386.8120367919983,1386.8202061249976,1387.3092326670012,1387.3092326670012,1387.384351875,1387.384351875,1388.0029580839982,left,1.1759129580023,None,1388.0030850839976,1388.0031598339992,None,,,,,,,,,,,,21049994,0,2025-12-01_12h27.08.742,tilt_mocs,2024.2.4,120.11218477836073,2025-12-01 12h27.34.412624 -0500,
-2,0.0,,946,946,0,,,,,,,,,,c-2,noss,0,left,0.9244445829972392,None,None,,,,,,,,,,,0,946,946,746,1388.013376416995,,,,,,,,,,,,,,,,,,,,,,,,,,,,,,,,,,,,,,,,,,,,,,,,,,,,,,,,,,,,,,,,1388.0052727090006,1388.013376416995,1388.5004049169947,1388.5004049169947,1388.572793333995,1388.572793333995,1388.9419392499985,left,0.9244445829972392,None,1388.9420790000004,1388.9421361669956,None,,,,,,,,,,,,21049994,0,2025-12-01_12h27.08.742,tilt_mocs,2024.2.4,120.11218477836073,2025-12-01 12h27.34.412624 -0500,
2,15.0,,947,947,0,,,,,,,,,,c+2,poss,100,left,1.0255009579996113,None,None,,,,,,,,,,,0,947,947,133,1388.9533364589952,,,,,,,,,,,,,,,,,,,,,,,,,,,,,,,,,,,,,,,,,,,,,,,,,,,,,,,,,,,,,,,,1388.945178666996,1388.9533364589952,1389.4428437499955,1389.4428437499955,1389.517785416996,1389.517785416996,1389.9865842919971,left,1.0255009579996113,None,1389.9867466669966,1389.9868094999983,None,,,,,,,,,,,,21049994,0,2025-12-01_12h27.08.742,tilt_mocs,2024.2.4,120.11218477836073,2025-12-01 12h27.34.412624 -0500,
2,0.0,,948,948,0,,,,,,,,,,c+2,noss,0,right,1.0579267920038546,None,None,,,,,,,,,,,0,948,948,922,1389.9977149589977,,,,,,,,,,,,,,,,,,,,,,,,,,,,,,,,,,,,,,,,,,,,,,,,,,,,,,,,,,,,,,,,1389.9894545419957,1389.9977149589977,1390.4838024169949,1390.4838024169949,1390.5570503339986,1390.5570503339986,1391.0594142089976,right,1.0579267920038546,None,1391.0595356249978,1391.0595892919955,None,,,,,,,,,,,,21049994,0,2025-12-01_12h27.08.742,tilt_mocs,2024.2.4,120.11218477836073,2025-12-01 12h27.34.412624 -0500,
8,15.0,,949,949,0,,,,,,,,,,c+8,poss,100,right,1.0008473330017296,None,None,,,,,,,,,,,0,949,949,329,1391.0699364999964,,,,,,,,,,,,,,,,,,,,,,,,,,,,,,,,,,,,,,,,,,,,,,,,,,,,,,,,,,,,,,,,1391.061703499996,1391.0699364999964,1391.5596499999956,1391.5596499999956,1391.634422916999,1391.634422916999,1392.0748123340018,right,1.0008473330017296,None,1392.0749386669995,1392.074993999995,None,,,,,,,,,,,,21049994,0,2025-12-01_12h27.08.742,tilt_mocs,2024.2.4,120.11218477836073,2025-12-01 12h27.34.412624 -0500,
-4,-15.0,,950,950,0,,,,,,,,,,c-4,negs,100,left,1.120507624997117,None,None,,,,,,,,,,,0,950,950,490,1392.1007917919997,,,,,,,,,,,,,,,,,,,,,,,,,,,,,,,,,,,,,,,,,,,,,,,,,,,,,,,,,,,,,,,,1392.0772649589999,1392.1007917919997,1392.576367374997,1392.576367374997,1392.651109874998,1392.651109874998,1393.2249366670003,left,1.120507624997117,None,1393.2250360420003,1393.2250781249968,None,,,,,,,,,,,,21049994,0,2025-12-01_12h27.08.742,tilt_mocs,2024.2.4,120.11218477836073,2025-12-01 12h27.34.412624 -0500,
-2,15.0,,951,951,0,,,,,,,,,,c-2,poss,100,left,1.0342665830030455,None,None,,,,,,,,,,,0,951,951,55,1393.2508402499952,,,,,,,,,,,,,,,,,,,,,,,,,,,,,,,,,,,,,,,,,,,,,,,,,,,,,,,,,,,,,,,,1393.226942041998,1393.2508402499952,1393.716694374998,1393.716694374998,1393.7895678749992,1393.7895678749992,1394.295906542,left,1.0342665830030455,None,1394.2960062499988,1394.2960499999972,None,,,,,,,,,,,,21049994,0,2025-12-01_12h27.08.742,tilt_mocs,2024.2.4,120.11218477836073,2025-12-01 12h27.34.412624 -0500,
4,15.0,,952,952,0,,,,,,,,,,c+4,poss,100,left,1.1549364579987014,None,None,,,,,,,,,,,0,952,952,179,1394.3032039589962,,,,,,,,,,,,,,,,,,,,,,,,,,,,,,,,,,,,,,,,,,,,,,,,,,,,,,,,,,,,,,,,1394.297978249997,1394.3032039589962,1394.7931255000003,1394.7931255000003,1394.8680197499998,1394.8680197499998,1395.4706497919979,left,1.1549364579987014,None,1395.4707910419966,1395.4708610839953,None,,,,,,,,,,,,21049994,0,2025-12-01_12h27.08.742,tilt_mocs,2024.2.4,120.11218477836073,2025-12-01 12h27.34.412624 -0500,
-2,0.0,,953,953,0,,,,,,,,,,c-2,noss,0,left,1.0228092500037747,None,None,,,,,,,,,,,0,953,953,767,1395.481038209,,,,,,,,,,,,,,,,,,,,,,,,,,,,,,,,,,,,,,,,,,,,,,,,,,,,,,,,,,,,,,,,1395.473035791998,1395.481038209,1395.9673687499962,1395.9673687499962,1396.039203291999,1396.039203291999,1396.508037583997,left,1.0228092500037747,None,1396.5081345840008,1396.5081771670011,None,,,,,,,,,,,,21049994,0,2025-12-01_12h27.08.742,tilt_mocs,2024.2.4,120.11218477836073,2025-12-01 12h27.34.412624 -0500,
2,15.0,,954,954,0,,,,,,,,,,c+2,poss,100,left,1.0851241249984014,None,None,,,,,,,,,,,0,954,954,152,1396.5181871669993,,,,,,,,,,,,,,,,,,,,,,,,,,,,,,,,,,,,,,,,,,,,,,,,,,,,,,,,,,,,,,,,1396.5100261670013,1396.5181871669993,1397.0098889169967,1397.0098889169967,1397.0846404589975,1397.0846404589975,1397.6093149590015,left,1.0851241249984014,None,1397.6094092499989,1397.6094512499985,None,,,,,,,,,,,,21049994,0,2025-12-01_12h27.08.742,tilt_mocs,2024.2.4,120.11218477836073,2025-12-01 12h27.34.412624 -0500,
2,-15.0,,955,955,0,,,,,,,,,,c+2,negs,100,left,1.1890306249988498,None,None,,,,,,,,,,,0,955,955,623,1397.6198218339996,,,,,,,,,,,,,,,,,,,,,,,,,,,,,,,,,,,,,,,,,,,,,,,,,,,,,,,,,,,,,,,,1397.6113280419959,1397.6198218339996,1398.1096469589975,1398.1096469589975,1398.184578417,1398.184578417,1398.8199928339964,left,1.1890306249988498,None,1398.8201147500004,1398.8201694589952,None,,,,,,,,,,,,21049994,0,2025-12-01_12h27.08.742,tilt_mocs,2024.2.4,120.11218477836073,2025-12-01 12h27.34.412624 -0500,
0,15.0,,956,956,0,,,,,,,,,,c+0,poss,100,left,1.0803032080002595,None,None,,,,,,,,,,,0,956,956,98,1398.8301512089965,,,,,,,,,,,,,,,,,,,,,,,,,,,,,,,,,,,,,,,,,,,,,,,,,,,,,,,,,,,,,,,,1398.822149833999,1398.8301512089965,1399.317410083997,1399.317410083997,1399.3906007499972,1399.3906007499972,1399.9201090419956,left,1.0803032080002595,None,1399.920240542,1399.9202955,None,,,,,,,,,,,,21049994,0,2025-12-01_12h27.08.742,tilt_mocs,2024.2.4,120.11218477836073,2025-12-01 12h27.34.412624 -0500,
-2,-15.0,,957,957,0,,,,,,,,,,c-2,negs,100,left,1.1335557909987983,None,None,,,,,,,,,,,0,957,957,531,1399.930381416998,,,,,,,,,,,,,,,,,,,,,,,,,,,,,,,,,,,,,,,,,,,,,,,,,,,,,,,,,,,,,,,,1399.9223472090016,1399.930381416998,1400.4175440839972,1400.4175440839972,1400.4897216249956,1400.4897216249956,1401.0697498340014,left,1.1335557909987983,None,1401.0698479589992,1401.0698969590012,None,,,,,,,,,,,,21049994,0,2025-12-01_12h27.08.742,tilt_mocs,2024.2.4,120.11218477836073,2025-12-01 12h27.34.412624 -0500,
0,-15.0,,958,958,0,,,,,,,,,,c+0,negs,100,left,1.5910070829995675,None,None,,,,,,,,,,,0,958,958,611,1401.0799689999985,,,,,,,,,,,,,,,,,,,,,,,,,,,,,,,,,,,,,,,,,,,,,,,,,,,,,,,,,,,,,,,,1401.071789208996,1401.0799689999985,1401.5675299169961,1401.5675299169961,1401.6395153339981,1401.6395153339981,1402.6756131669972,left,1.5910070829995675,None,1402.6757079169984,1402.6757493749974,None,,,,,,,,,,,,21049994,0,2025-12-01_12h27.08.742,tilt_mocs,2024.2.4,120.11218477836073,2025-12-01 12h27.34.412624 -0500,
-1,0.0,,959,959,0,,,,,,,,,,c-1,noss,0,left,1.0373732919979375,None,None,,,,,,,,,,,0,959,959,819,1402.6864119589954,,,,,,,,,,,,,,,,,,,,,,,,,,,,,,,,,,,,,,,,,,,,,,,,,,,,,,,,,,,,,,,,1402.6781230419947,1402.6864119589954,1403.1774678750007,1403.1774678750007,1403.2515004169982,1403.2515004169982,1403.726165125001,left,1.0373732919979375,None,1403.7262633339997,1403.7263059589968,None,,,,,,,,,,,,21049994,0,2025-12-01_12h27.08.742,tilt_mocs,2024.2.4,120.11218477836073,2025-12-01 12h27.34.412624 -0500,
-4,0.0,,960,960,0,,,,,,,,,,c-4,noss,0,left,0.9988883750047535,None,None,,,,,,,,,,,0,960,960,721,1403.736599459,,,,,,,,,,,,,,,,,,,,,,,,,,,,,,,,,,,,,,,,,,,,,,,,,,,,,,,,,,,,,,,,1403.728226041996,1403.736599459,1404.2261122089985,1404.2261122089985,1404.3014719999992,1404.3014719999992,1404.7386334999974,left,0.9988883750047535,None,1404.738791333999,1404.7388485839983,None,,,,,,,,,,,,21049994,0,2025-12-01_12h27.08.742,tilt_mocs,2024.2.4,120.11218477836073,2025-12-01 12h27.34.412624 -0500,
2,-15.0,,961,961,0,,,,,,,,,,c+2,negs,100,right,1.0864990420013783,None,None,,,,,,,,,,,0,961,961,652,1404.749473208998,,,,,,,,,,,,,,,,,,,,,,,,,,,,,,,,,,,,,,,,,,,,,,,,,,,,,,,,,,,,,,,,1404.7409955420007,1404.749473208998,1405.2343648339956,1405.2343648339956,1405.3067721249972,1405.3067721249972,1405.842155458995,right,1.0864990420013783,None,1405.8422780420005,1405.842331791995,None,,,,,,,,,,,,21049994,0,2025-12-01_12h27.08.742,tilt_mocs,2024.2.4,120.11218477836073,2025-12-01 12h27.34.412624 -0500,
-4,-15.0,,962,962,0,,,,,,,,,,c-4,negs,100,left,1.109313041997666,None,None,,,,,,,,,,,0,962,962,497,1405.8678579999978,,,,,,,,,,,,,,,,,,,,,,,,,,,,,,,,,,,,,,,,,,,,,,,,,,,,,,,,,,,,,,,,1405.844289749999,1405.8678579999978,1406.3433850000001,1406.3433850000001,1406.4182333749995,1406.4182333749995,1406.9871090000015,left,1.109313041997666,None,1406.9872342089948,1406.9872878339957,None,,,,,,,,,,,,21049994,0,2025-12-01_12h27.08.742,tilt_mocs,2024.2.4,120.11218477836073,2025-12-01 12h27.34.412624 -0500,
-2,15.0,,963,963,0,,,,,,,,,,c-2,poss,100,left,0.9448773339972831,None,None,,,,,,,,,,,0,963,963,30,1406.9980114999998,,,,,,,,,,,,,,,,,,,,,,,,,,,,,,,,,,,,,,,,,,,,,,,,,,,,,,,,,,,,,,,,1406.9896656249985,1406.9980114999998,1407.4845999999961,1407.4845999999961,1407.5562823750006,1407.5562823750006,1407.953866374999,left,0.9448773339972831,None,1407.953993791998,1407.9540497089984,None,,,,,,,,,,,,21049994,0,2025-12-01_12h27.08.742,tilt_mocs,2024.2.4,120.11218477836073,2025-12-01 12h27.34.412624 -0500,
1,0.0,,964,964,0,,,,,,,,,,c+1,noss,0,left,1.0713728749979055,None,None,,,,,,,,,,,0,964,964,867,1407.9641336249988,,,,,,,,,,,,,,,,,,,,,,,,,,,,,,,,,,,,,,,,,,,,,,,,,,,,,,,,,,,,,,,,1407.9561384589979,1407.9641336249988,1408.4512277089962,1408.4512277089962,1408.5237925420006,1408.5237925420006,1409.0383331249977,left,1.0713728749979055,None,1409.038489833998,1409.0385502499994,None,,,,,,,,,,,,21049994,0,2025-12-01_12h27.08.742,tilt_mocs,2024.2.4,120.11218477836073,2025-12-01 12h27.34.412624 -0500,
0,15.0,,965,965,0,,,,,,,,,,c+0,poss,100,left,1.0475951670014183,None,None,,,,,,,,,,,0,965,965,73,1409.0491042499998,,,,,,,,,,,,,,,,,,,,,,,,,,,,,,,,,,,,,,,,,,,,,,,,,,,,,,,,,,,,,,,,1409.0407733749962,1409.0491042499998,1409.5347638339954,1409.5347638339954,1409.6068585419998,1409.6068585419998,1410.1039590419969,left,1.0475951670014183,None,1410.104081833997,1410.1041350000014,None,,,,,,,,,,,,21049994,0,2025-12-01_12h27.08.742,tilt_mocs,2024.2.4,120.11218477836073,2025-12-01 12h27.34.412624 -0500,
2,15.0,,966,966,0,,,,,,,,,,c+2,poss,100,left,0.9536743329954334,None,None,,,,,,,,,,,0,966,966,149,1410.1144400839985,,,,,,,,,,,,,,,,,,,,,,,,,,,,,,,,,,,,,,,,,,,,,,,,,,,,,,,,,,,,,,,,1410.1064127499994,1410.1144400839985,1410.6012022919967,1410.6012022919967,1410.673302916999,1410.673302916999,1411.0705948339964,left,0.9536743329954334,None,1411.0707191249967,1411.0707732500014,None,,,,,,,,,,,,21049994,0,2025-12-01_12h27.08.742,tilt_mocs,2024.2.4,120.11218477836073,2025-12-01 12h27.34.412624 -0500,
1,0.0,,967,967,0,,,,,,,,,,c+1,noss,0,right,1.6792970829992555,None,None,,,,,,,,,,,0,967,967,871,1411.081206458999,,,,,,,,,,,,,,,,,,,,,,,,,,,,,,,,,,,,,,,,,,,,,,,,,,,,,,,,,,,,,,,,1411.0729806669988,1411.081206458999,1411.5679043339987,1411.5679043339987,1411.6398274589956,1411.6398274589956,1412.7707770419947,right,1.6792970829992555,None,1412.770907041995,1412.7709615839995,None,,,,,,,,,,,,21049994,0,2025-12-01_12h27.08.742,tilt_mocs,2024.2.4,120.11218477836073,2025-12-01 12h27.34.412624 -0500,
2,0.0,,968,968,0,,,,,,,,,,c+2,noss,0,right,0.9460915000017849,None,None,,,,,,,,,,,0,968,968,903,1412.7841271669968,,,,,,,,,,,,,,,,,,,,,,,,,,,,,,,,,,,,,,,,,,,,,,,,,,,,,,,,,,,,,,,,1412.7732515419993,1412.7841271669968,1413.267938166995,1413.267938166995,1413.3400445000007,1413.3400445000007,1413.7375592919998,right,0.9460915000017849,None,1413.7377149589956,1413.737768375002,None,,,,,,,,,,,,21049994,0,2025-12-01_12h27.08.742,tilt_mocs,2024.2.4,120.11218477836073,2025-12-01 12h27.34.412624 -0500,
2,-15.0,,969,969,0,,,,,,,,,,c+2,negs,100,right,1.081141792004928,None,None,,,,,,,,,,,0,969,969,625,1413.7490055419985,,,,,,,,,,,,,,,,,,,,,,,,,,,,,,,,,,,,,,,,,,,,,,,,,,,,,,,,,,,,,,,,1413.7407914590003,1413.7490055419985,1414.2348528340008,1414.2348528340008,1414.3068398749965,1414.3068398749965,1414.8373245839975,right,1.081141792004928,None,1414.8374489999987,1414.837503333998,None,,,,,,,,,,,,21049994,0,2025-12-01_12h27.08.742,tilt_mocs,2024.2.4,120.11218477836073,2025-12-01 12h27.34.412624 -0500,
4,0.0,,970,970,0,,,,,,,,,,c+4,noss,0,right,0.9489482499993755,None,None,,,,,,,,,,,0,970,970,976,1414.847384583998,,,,,,,,,,,,,,,,,,,,,,,,,,,,,,,,,,,,,,,,,,,,,,,,,,,,,,,,,,,,,,,,1414.8394749169966,1414.847384583998,1415.3347378749968,1415.3347378749968,1415.4076129999958,1415.4076129999958,1415.8040251669954,right,0.9489482499993755,None,1415.8041602090016,1415.8042149589965,None,,,,,,,,,,,,21049994,0,2025-12-01_12h27.08.742,tilt_mocs,2024.2.4,120.11218477836073,2025-12-01 12h27.34.412624 -0500,
2,0.0,,971,971,0,,,,,,,,,,c+2,noss,0,right,1.004819249996217,None,None,,,,,,,,,,,0,971,971,911,1415.8142576669998,,,,,,,,,,,,,,,,,,,,,,,,,,,,,,,,,,,,,,,,,,,,,,,,,,,,,,,,,,,,,,,,1415.8062704999975,1415.8142576669998,1416.300873084001,1416.300873084001,1416.3732855419948,1416.3732855419948,1416.8216184170014,right,1.004819249996217,None,1416.821756917001,1416.8218110419984,None,,,,,,,,,,,,21049994,0,2025-12-01_12h27.08.742,tilt_mocs,2024.2.4,120.11218477836073,2025-12-01 12h27.34.412624 -0500,
2,15.0,,972,972,0,,,,,,,,,,c+2,poss,100,right,1.636205875001906,None,None,,,,,,,,,,,0,972,972,113,1416.8323444170019,,,,,,,,,,,,,,,,,,,,,,,,,,,,,,,,,,,,,,,,,,,,,,,,,,,,,,,,,,,,,,,,1416.8241847089957,1416.8323444170019,1417.3182430839952,1417.3182430839952,1417.3904090419965,1417.3904090419965,1418.471305250001,right,1.636205875001906,None,1418.4714745839956,1418.4715300839962,None,,,,,,,,,,,,21049994,0,2025-12-01_12h27.08.742,tilt_mocs,2024.2.4,120.11218477836073,2025-12-01 12h27.34.412624 -0500,
4,0.0,,973,973,0,,,,,,,,,,c+4,noss,0,right,0.9565371659991797,None,None,,,,,,,,,,,0,973,973,990,1418.4828013340011,,,,,,,,,,,,,,,,,,,,,,,,,,,,,,,,,,,,,,,,,,,,,,,,,,,,,,,,,,,,,,,,1418.474260416995,1418.4828013340011,1418.9682979999998,1418.9682979999998,1419.040830334001,1419.040830334001,1419.4423634999985,right,0.9565371659991797,None,1419.4424612500006,1419.4425033340012,None,,,,,,,,,,,,21049994,0,2025-12-01_12h27.08.742,tilt_mocs,2024.2.4,120.11218477836073,2025-12-01 12h27.34.412624 -0500,
4,15.0,,974,974,0,,,,,,,,,,c+4,poss,100,right,1.0921232499968028,None,None,,,,,,,,,,,0,974,974,214,1419.4524416249988,,,,,,,,,,,,,,,,,,,,,,,,,,,,,,,,,,,,,,,,,,,,,,,,,,,,,,,,,,,,,,,,1419.444358583998,1419.4524416249988,1419.9435286669977,1419.9435286669977,1420.0189014169955,1420.0189014169955,1420.554270333996,right,1.0921232499968028,None,1420.5543929999985,1420.5544688750015,None,,,,,,,,,,,,21049994,0,2025-12-01_12h27.08.742,tilt_mocs,2024.2.4,120.11218477836073,2025-12-01 12h27.34.412624 -0500,
-2,15.0,,975,975,0,,,,,,,,,,c-2,poss,100,left,1.0047383749988512,None,None,,,,,,,,,,,0,975,975,15,1420.5647293750008,,,,,,,,,,,,,,,,,,,,,,,,,,,,,,,,,,,,,,,,,,,,,,,,,,,,,,,,,,,,,,,,1420.5567111249984,1420.5647293750008,1421.0515572500008,1421.0515572500008,1421.1238779589985,1421.1238779589985,1421.5802950419966,left,1.0047383749988512,None,1421.580393708995,1421.580436749995,None,,,,,,,,,,,,21049994,0,2025-12-01_12h27.08.742,tilt_mocs,2024.2.4,120.11218477836073,2025-12-01 12h27.34.412624 -0500,
1,0.0,,976,976,0,,,,,,,,,,c+1,noss,0,left,0.8679947499986156,None,None,,,,,,,,,,,0,976,976,880,1421.5879850839992,,,,,,,,,,,,,,,,,,,,,,,,,,,,,,,,,,,,,,,,,,,,,,,,,,,,,,,,,,,,,,,,1421.5823147499977,1421.5879850839992,1422.0772134169965,1422.0772134169965,1422.1521856670006,1422.1521856670006,1422.4600229999996,left,0.8679947499986156,None,1422.4601395419959,1422.4601837500013,None,,,,,,,,,,,,21049994,0,2025-12-01_12h27.08.742,tilt_mocs,2024.2.4,120.11218477836073,2025-12-01 12h27.34.412624 -0500,
-6,-15.0,,977,977,0,,,,,,,,,,c-6,negs,100,left,0.9768372500038822,None,None,,,,,,,,,,,0,977,977,424,1422.4702320419965,,,,,,,,,,,,,,,,,,,,,,,,,,,,,,,,,,,,,,,,,,,,,,,,,,,,,,,,,,,,,,,,1422.4620619170018,1422.4702320419965,1422.9509434169959,1422.9509434169959,1423.0239332919955,1423.0239332919955,1423.4545977919988,left,0.9768372500038822,None,1423.4547793339952,1423.4548394169979,None,,,,,,,,,,,,21049994,0,2025-12-01_12h27.08.742,tilt_mocs,2024.2.4,120.11218477836073,2025-12-01 12h27.34.412624 -0500,
-4,0.0,,978,978,0,,,,,,,,,,c-4,noss,0,left,0.9321885829995153,None,None,,,,,,,,,,,0,978,978,722,1423.4656380000015,,,,,,,,,,,,,,,,,,,,,,,,,,,,,,,,,,,,,,,,,,,,,,,,,,,,,,,,,,,,,,,,1423.4573999999993,1423.4656380000015,1423.951738249998,1423.951738249998,1424.024494917001,1424.024494917001,1424.4040691249975,left,0.9321885829995153,None,1424.4041670419974,1424.4042098749997,None,,,,,,,,,,,,21049994,0,2025-12-01_12h27.08.742,tilt_mocs,2024.2.4,120.11218477836073,2025-12-01 12h27.34.412624 -0500,
2,0.0,,979,979,0,,,,,,,,,,c+2,noss,0,left,0.8383967080008006,None,None,,,,,,,,,,,0,979,979,920,1424.4140636250013,,,,,,,,,,,,,,,,,,,,,,,,,,,,,,,,,,,,,,,,,,,,,,,,,,,,,,,,,,,,,,,,1424.4060699999973,1424.4140636250013,1424.901860459002,1424.901860459002,1424.9750801249975,1424.9750801249975,1425.2550130419986,left,0.8383967080008006,None,1425.2551792500017,1425.2552419169951,None,,,,,,,,,,,,21049994,0,2025-12-01_12h27.08.742,tilt_mocs,2024.2.4,120.11218477836073,2025-12-01 12h27.34.412624 -0500,
-4,0.0,,980,980,0,,,,,,,,,,c-4,noss,0,left,0.9337297500023851,None,None,,,,,,,,,,,0,980,980,698,1425.2660514169984,,,,,,,,,,,,,,,,,,,,,,,,,,,,,,,,,,,,,,,,,,,,,,,,,,,,,,,,,,,,,,,,1425.2580574589956,1425.2660514169984,1425.7518375419968,1425.7518375419968,1425.8247593749984,1425.8247593749984,1426.2047030839967,left,0.9337297500023851,None,1426.2048237089984,1426.2048783749997,None,,,,,,,,,,,,21049994,0,2025-12-01_12h27.08.742,tilt_mocs,2024.2.4,120.11218477836073,2025-12-01 12h27.34.412624 -0500,
6,15.0,,981,981,0,,,,,,,,,,c+6,poss,100,right,0.974198374999105,None,None,,,,,,,,,,,0,981,981,273,1426.2153811669996,,,,,,,,,,,,,,,,,,,,,,,,,,,,,,,,,,,,,,,,,,,,,,,,,,,,,,,,,,,,,,,,1426.206930291999,1426.2153811669996,1426.7017640839986,1426.7017640839986,1426.7738311669964,1426.7738311669964,1427.1928263340014,right,0.974198374999105,None,1427.1929224999985,1427.1929644999982,None,,,,,,,,,,,,21049994,0,2025-12-01_12h27.08.742,tilt_mocs,2024.2.4,120.11218477836073,2025-12-01 12h27.34.412624 -0500,
-4,0.0,,982,982,0,,,,,,,,,,c-4,noss,0,left,0.9836751249968074,None,None,,,,,,,,,,,0,982,982,675,1427.2187047920015,,,,,,,,,,,,,,,,,,,,,,,,,,,,,,,,,,,,,,,,,,,,,,,,,,,,,,,,,,,,,,,,1427.1948294999966,1427.2187047920015,1427.693762666997,1427.693762666997,1427.769320583997,1427.769320583997,1428.2050909999962,left,0.9836751249968074,None,1428.2053384169994,1428.2054315839996,None,,,,,,,,,,,,21049994,0,2025-12-01_12h27.08.742,tilt_mocs,2024.2.4,120.11218477836073,2025-12-01 12h27.34.412624 -0500,
1,0.0,,983,983,0,,,,,,,,,,c+1,noss,0,right,0.8810329999978421,None,None,,,,,,,,,,,0,983,983,886,1428.2160568339968,,,,,,,,,,,,,,,,,,,,,,,,,,,,,,,,,,,,,,,,,,,,,,,,,,,,,,,,,,,,,,,,1428.2077408339974,1428.2160568339968,1428.701966624998,1428.701966624998,1428.7743173339986,1428.7743173339986,1429.1047843339984,right,0.8810329999978421,None,1429.1049120419993,1429.1049651249996,None,,,,,,,,,,,,21049994,0,2025-12-01_12h27.08.742,tilt_mocs,2024.2.4,120.11218477836073,2025-12-01 12h27.34.412624 -0500,
-4,0.0,,984,984,0,,,,,,,,,,c-4,noss,0,left,0.8252927919966169,None,None,,,,,,,,,,,0,984,984,686,1429.1157493749997,,,,,,,,,,,,,,,,,,,,,,,,,,,,,,,,,,,,,,,,,,,,,,,,,,,,,,,,,,,,,,,,1429.1073567089989,1429.1157493749997,1429.6019474999994,1429.6019474999994,1429.6741255419984,1429.6741255419984,1429.9437141250019,left,0.8252927919966169,None,1429.9438359999986,1429.9438898750013,None,,,,,,,,,,,,21049994,0,2025-12-01_12h27.08.742,tilt_mocs,2024.2.4,120.11218477836073,2025-12-01 12h27.34.412624 -0500,
2,15.0,,985,985,0,,,,,,,,,,c+2,poss,100,left,0.9928259999942384,None,None,,,,,,,,,,,0,985,985,153,1429.9541170000011,,,,,,,,,,,,,,,,,,,,,,,,,,,,,,,,,,,,,,,,,,,,,,,,,,,,,,,,,,,,,,,,1429.9457414169956,1429.9541170000011,1430.4454285419997,1430.4454285419997,1430.5193011250012,1430.5193011250012,1430.9548723339976,left,0.9928259999942384,None,1430.9551469169965,1430.9552364999981,None,,,,,,,,,,,,21049994,0,2025-12-01_12h27.08.742,tilt_mocs,2024.2.4,120.11218477836073,2025-12-01 12h27.34.412624 -0500,
-8,-15.0,,986,986,0,,,,,,,,,,c-8,negs,100,left,0.8694770000001881,None,None,,,,,,,,,,,0,986,986,345,1430.9659440839969,,,,,,,,,,,,,,,,,,,,,,,,,,,,,,,,,,,,,,,,,,,,,,,,,,,,,,,,,,,,,,,,1430.9576661249957,1430.9659440839969,1431.4520807090012,1431.4520807090012,1431.5244224999988,1431.5244224999988,1431.8380800419982,left,0.8694770000001881,None,1431.8382046670013,1431.838258124997,None,,,,,,,,,,,,21049994,0,2025-12-01_12h27.08.742,tilt_mocs,2024.2.4,120.11218477836073,2025-12-01 12h27.34.412624 -0500,
-1,0.0,,987,987,0,,,,,,,,,,c-1,noss,0,left,0.9423527079998166,None,None,,,,,,,,,,,0,987,987,831,1431.8481081249993,,,,,,,,,,,,,,,,,,,,,,,,,,,,,,,,,,,,,,,,,,,,,,,,,,,,,,,,,,,,,,,,1431.8401577499972,1431.8481081249993,1432.3354547919953,1432.3354547919953,1432.4076316249993,1432.4076316249993,1432.7943650000016,left,0.9423527079998166,None,1432.7944660419962,1432.7945088749984,None,,,,,,,,,,,,21049994,0,2025-12-01_12h27.08.742,tilt_mocs,2024.2.4,120.11218477836073,2025-12-01 12h27.34.412624 -0500,
-4,-15.0,,988,988,0,,,,,,,,,,c-4,negs,100,left,0.8642328749992885,None,None,,,,,,,,,,,0,988,988,470,1432.804699542001,,,,,,,,,,,,,,,,,,,,,,,,,,,,,,,,,,,,,,,,,,,,,,,,,,,,,,,,,,,,,,,,1432.7963814589966,1432.804699542001,1433.2950305839986,1433.2950305839986,1433.369481541995,1433.369481541995,1433.671576959001,left,0.8642328749992885,None,1433.671720792001,1433.671775625,None,,,,,,,,,,,,21049994,0,2025-12-01_12h27.08.742,tilt_mocs,2024.2.4,120.11218477836073,2025-12-01 12h27.34.412624 -0500,
0,15.0,,989,989,0,,,,,,,,,,c+0,poss,100,left,0.8872317499990459,None,None,,,,,,,,,,,0,989,989,76,1433.6822167919963,,,,,,,,,,,,,,,,,,,,,,,,,,,,,,,,,,,,,,,,,,,,,,,,,,,,,,,,,,,,,,,,1433.6739816249974,1433.6822167919963,1434.1688791669949,1434.1688791669949,1434.2409641249978,1434.2409641249978,1434.5721040839999,left,0.8872317499990459,None,1434.5722730839989,1434.5723359170006,None,,,,,,,,,,,,21049994,0,2025-12-01_12h27.08.742,tilt_mocs,2024.2.4,120.11218477836073,2025-12-01 12h27.34.412624 -0500,
-2,0.0,,990,990,0,,,,,,,,,,c-2,noss,0,left,0.8591696250005043,None,None,,,,,,,,,,,0,990,990,741,1434.5831978749993,,,,,,,,,,,,,,,,,,,,,,,,,,,,,,,,,,,,,,,,,,,,,,,,,,,,,,,,,,,,,,,,1434.5748817919957,1434.5831978749993,1435.068772958999,1435.068772958999,1435.1529046669966,1435.1529046669966,1435.454864333995,left,0.8591696250005043,None,1435.4549925839965,1435.4550466250003,None,,,,,,,,,,,,21049994,0,2025-12-01_12h27.08.742,tilt_mocs,2024.2.4,120.11218477836073,2025-12-01 12h27.34.412624 -0500,
-2,15.0,,991,991,0,,,,,,,,,,c-2,poss,100,left,0.938093624994508,None,None,,,,,,,,,,,0,991,991,52,1435.4653506670002,,,,,,,,,,,,,,,,,,,,,,,,,,,,,,,,,,,,,,,,,,,,,,,,,,,,,,,,,,,,,,,,1435.457164542,1435.4653506670002,1435.9521408340006,1435.9521408340006,1436.024325583996,1436.024325583996,1436.4143296670009,left,0.938093624994508,None,1436.4144284590002,1436.4144707500018,None,,,,,,,,,,,,21049994,0,2025-12-01_12h27.08.742,tilt_mocs,2024.2.4,120.11218477836073,2025-12-01 12h27.34.412624 -0500,
0,15.0,,992,992,0,,,,,,,,,,c+0,poss,100,left,0.9086762919978355,None,None,,,,,,,,,,,0,992,992,97,1436.4217750419994,,,,,,,,,,,,,,,,,,,,,,,,,,,,,,,,,,,,,,,,,,,,,,,,,,,,,,,,,,,,,,,,1436.416313499998,1436.4217750419994,1436.9118777920012,1436.9118777920012,1436.9862498750008,1436.9862498750008,1437.3381127920002,left,0.9086762919978355,None,1437.338247708998,1437.3383023339993,None,,,,,,,,,,,,21049994,0,2025-12-01_12h27.08.742,tilt_mocs,2024.2.4,120.11218477836073,2025-12-01 12h27.34.412624 -0500,
-2,0.0,,993,993,0,,,,,,,,,,c-2,noss,0,left,0.8416489590017591,None,None,,,,,,,,,,,0,993,993,771,1437.3488428339988,,,,,,,,,,,,,,,,,,,,,,,,,,,,,,,,,,,,,,,,,,,,,,,,,,,,,,,,,,,,,,,,1437.3406396249993,1437.3488428339988,1437.835584374996,1437.835584374996,1437.9075896249997,1437.9075896249997,1438.1946797089986,left,0.8416489590017591,None,1438.194830374996,1438.1948859589975,None,,,,,,,,,,,,21049994,0,2025-12-01_12h27.08.742,tilt_mocs,2024.2.4,120.11218477836073,2025-12-01 12h27.34.412624 -0500,
6,15.0,,994,994,0,,,,,,,,,,c+6,poss,100,right,1.6088191669987282,None,None,,,,,,,,,,,0,994,994,233,1438.205460541998,,,,,,,,,,,,,,,,,,,,,,,,,,,,,,,,,,,,,,,,,,,,,,,,,,,,,,,,,,,,,,,,1438.197100708996,1438.205460541998,1438.695460666997,1438.695460666997,1438.7694230839988,1438.7694230839988,1439.8220395839962,right,1.6088191669987282,None,1439.8222047089948,1439.8222641249959,None,,,,,,,,,,,,21049994,0,2025-12-01_12h27.08.742,tilt_mocs,2024.2.4,120.11218477836073,2025-12-01 12h27.34.412624 -0500,
1,0.0,,995,995,0,,,,,,,,,,c+1,noss,0,right,0.9963103330010199,None,None,,,,,,,,,,,0,995,995,884,1439.833546709,,,,,,,,,,,,,,,,,,,,,,,,,,,,,,,,,,,,,,,,,,,,,,,,,,,,,,,,,,,,,,,,1439.825182374996,1439.833546709,1440.3191172919978,1440.3191172919978,1440.3917050839955,1440.3917050839955,1440.838374084,right,0.9963103330010199,None,1440.838498666999,1440.838555041999,None,,,,,,,,,,,,21049994,0,2025-12-01_12h27.08.742,tilt_mocs,2024.2.4,120.11218477836073,2025-12-01 12h27.34.412624 -0500,
-1,0.0,,996,996,0,,,,,,,,,,c-1,noss,0,left,1.1728959159954684,None,None,,,,,,,,,,,0,996,996,839,1440.8489207089951,,,,,,,,,,,,,,,,,,,,,,,,,,,,,,,,,,,,,,,,,,,,,,,,,,,,,,,,,,,,,,,,1440.8409568339994,1440.8489207089951,1441.3356721249947,1441.3356721249947,1441.40871625,1441.40871625,1442.0265657089985,left,1.1728959159954684,None,1442.0266651669954,1442.0267080420017,None,,,,,,,,,,,,21049994,0,2025-12-01_12h27.08.742,tilt_mocs,2024.2.4,120.11218477836073,2025-12-01 12h27.34.412624 -0500,
2,15.0,,997,997,0,,,,,,,,,,c+2,poss,100,left,0.944952416997694,None,None,,,,,,,,,,,0,997,997,145,1442.0367580419988,,,,,,,,,,,,,,,,,,,,,,,,,,,,,,,,,,,,,,,,,,,,,,,,,,,,,,,,,,,,,,,,1442.028574625001,1442.0367580419988,1442.527681959,1442.527681959,1442.6029396250015,1442.6029396250015,1442.988526000001,left,0.944952416997694,None,1442.9886257920007,1442.9886679589981,None,,,,,,,,,,,,21049994,0,2025-12-01_12h27.08.742,tilt_mocs,2024.2.4,120.11218477836073,2025-12-01 12h27.34.412624 -0500,
0,15.0,,998,998,0,,,,,,,,,,c+0,poss,100,left,0.8785710410011234,None,None,,,,,,,,,,,0,998,998,86,1442.998660792,,,,,,,,,,,,,,,,,,,,,,,,,,,,,,,,,,,,,,,,,,,,,,,,,,,,,,,,,,,,,,,,1442.9905287919973,1442.998660792,1443.4859071249957,1443.4859071249957,1443.5576290839963,1443.5576290839963,1443.8882959170005,left,0.8785710410011234,None,1443.8884027919994,1443.888444874996,None,,,,,,,,,,,,21049994,0,2025-12-01_12h27.08.742,tilt_mocs,2024.2.4,120.11218477836073,2025-12-01 12h27.34.412624 -0500,
-2,-15.0,,999,999,0,,,,,,,,,,c-2,negs,100,left,1.0382867910011555,None,None,,,,,,,,,,,0,999,999,506,1443.8983874999976,,,,,,,,,,,,,,,,,,,,,,,,,,,,,,,,,,,,,,,,,,,,,,,,,,,,,,,,,,,,,,,,1443.890349041998,1443.8983874999976,1444.3858254169972,1444.3858254169972,1444.4581380839954,1444.4581380839954,1444.939337584001,left,1.0382867910011555,None,1444.939501791996,1444.9395682089962,None,,,,,,,,,,,,21049994,0,2025-12-01_12h27.08.742,tilt_mocs,2024.2.4,120.11218477836073,2025-12-01 12h27.34.412624 -0500,
-2,0.0,,1000,1000,0,,,,,,,,,,c-2,noss,0,left,0.9918747919946327,None,None,,,,,,,,,,,0,1000,1000,763,1444.9508770839966,,,,,,,,,,,,,,,,,,,,,,,,,,,,,,,,,,,,,,,,,,,,,,,,,,,,,,,,,,,,,,,,1444.9422962089957,1444.9508770839966,1445.435825583998,1445.435825583998,1445.5081817499959,1445.5081817499959,1445.9535141669985,left,0.9918747919946327,None,1445.953618749998,1445.953661583997,None,,,,,,,,,,,,21049994,0,2025-12-01_12h27.08.742,tilt_mocs,2024.2.4,120.11218477836073,2025-12-01 12h27.34.412624 -0500,
-2,0.0,,1001,1001,0,,,,,,,,,,c-2,noss,0,left,0.8849399169994285,None,None,,,,,,,,,,,0,1001,1001,775,1445.9607882919954,,,,,,,,,,,,,,,,,,,,,,,,,,,,,,,,,,,,,,,,,,,,,,,,,,,,,,,,,,,,,,,,1445.9555570839948,1445.9607882919954,1446.4456092089968,1446.4456092089968,1446.5196957500011,1446.5196957500011,1446.8550377499996,left,0.8849399169994285,None,1446.855158667,1446.8552126669965,None,,,,,,,,,,,,21049994,0,2025-12-01_12h27.08.742,tilt_mocs,2024.2.4,120.11218477836073,2025-12-01 12h27.34.412624 -0500,
2,-15.0,,1002,1002,0,,,,,,,,,,c+2,negs,100,right,0.9712509160017362,None,None,,,,,,,,,,,0,1002,1002,639,1446.865464041999,,,,,,,,,,,,,,,,,,,,,,,,,,,,,,,,,,,,,,,,,,,,,,,,,,,,,,,,,,,,,,,,1446.8574843749957,1446.865464041999,1447.3525372919976,1447.3525372919976,1447.4257068340012,1447.4257068340012,1447.8394709999993,right,0.9712509160017362,None,1447.8396300839959,1447.8396910419979,None,,,,,,,,,,,,21049994,0,2025-12-01_12h27.08.742,tilt_mocs,2024.2.4,120.11218477836073,2025-12-01 12h27.34.412624 -0500,
4,0.0,,1003,1003,0,,,,,,,,,,c+4,noss,0,right,0.9156192500013276,None,None,,,,,,,,,,,0,1003,1003,970,1447.8506627499955,,,,,,,,,,,,,,,,,,,,,,,,,,,,,,,,,,,,,,,,,,,,,,,,,,,,,,,,,,,,,,,,1447.8423064999952,1447.8506627499955,1448.336066291995,1448.336066291995,1448.4081385839963,1448.4081385839963,1448.772844291998,right,0.9156192500013276,None,1448.772987874996,1448.7730658750006,None,,,,,,,,,,,,21049994,0,2025-12-01_12h27.08.742,tilt_mocs,2024.2.4,120.11218477836073,2025-12-01 12h27.34.412624 -0500,
-4,0.0,,1004,1004,0,,,,,,,,,,c-4,noss,0,right,0.8389449999958742,None,None,,,,,,,,,,,0,1004,1004,694,1448.7841218339963,,,,,,,,,,,,,,,,,,,,,,,,,,,,,,,,,,,,,,,,,,,,,,,,,,,,,,,,,,,,,,,,1448.775521167001,1448.7841218339963,1449.2693115840011,1449.2693115840011,1449.3413170839995,1449.3413170839995,1449.6269983749953,right,0.8389449999958742,None,1449.627120792,1449.6271742919998,None,,,,,,,,,,,,21049994,0,2025-12-01_12h27.08.742,tilt_mocs,2024.2.4,120.11218477836073,2025-12-01 12h27.34.412624 -0500,
-2,15.0,,1005,1005,0,,,,,,,,,,c-2,poss,100,left,1.0276641669988749,None,None,,,,,,,,,,,0,1005,1005,23,1449.6528819999949,,,,,,,,,,,,,,,,,,,,,,,,,,,,,,,,,,,,,,,,,,,,,,,,,,,,,,,,,,,,,,,,1449.6291266249973,1449.6528819999949,1450.1279960839965,1450.1279960839965,1450.203313124999,1450.203313124999,1450.6885922090005,left,1.0276641669988749,None,1450.6886917090014,1450.6887448339985,None,,,,,,,,,,,,21049994,0,2025-12-01_12h27.08.742,tilt_mocs,2024.2.4,120.11218477836073,2025-12-01 12h27.34.412624 -0500,
0,-15.0,,1006,1006,0,,,,,,,,,,c+0,negs,100,left,1.4932730000000447,None,None,,,,,,,,,,,0,1006,1006,592,1450.6985663749947,,,,,,,,,,,,,,,,,,,,,,,,,,,,,,,,,,,,,,,,,,,,,,,,,,,,,,,,,,,,,,,,1450.690656916995,1450.6985663749947,1451.1862162089965,1451.1862162089965,1451.258089709001,1451.258089709001,1452.1946810840018,left,1.4932730000000447,None,1452.194786209002,1452.1948285420003,None,,,,,,,,,,,,21049994,0,2025-12-01_12h27.08.742,tilt_mocs,2024.2.4,120.11218477836073,2025-12-01 12h27.34.412624 -0500,
4,0.0,,1007,1007,0,,,,,,,,,,c+4,noss,0,right,0.9094733329984592,None,None,,,,,,,,,,,0,1007,1007,971,1452.2139798749995,,,,,,,,,,,,,,,,,,,,,,,,,,,,,,,,,,,,,,,,,,,,,,,,,,,,,,,,,,,,,,,,1452.1966979169956,1452.2139798749995,1452.6961215420015,1452.6961215420015,1452.7699943339976,1452.7699943339976,1453.1274399169997,right,0.9094733329984592,None,1453.127556374995,1453.127617166996,None,,,,,,,,,,,,21049994,0,2025-12-01_12h27.08.742,tilt_mocs,2024.2.4,120.11218477836073,2025-12-01 12h27.34.412624 -0500,
,,,,,,,,,,,,,,,,,,,,,,,,,,,,,,,,,,,,,,,,,,,,,,,,,,,,,,,,,,,,,,,,,,,,,,,,,,,,,,,,,,,,,,,,,,,,,,,,,,,,,,,,,,,,,,,,,,,,,1453.1278133339947,1453.1380777500017,1453.1380777500017,1834.3526377089947,space,381.2067728749971,None,21049994,0,2025-12-01_12h27.08.742,tilt_mocs,2024.2.4,120.11218477836073,2025-12-01 12h27.34.412624 -0500,
