center,surround,correct,thisN,thisTrialN,thisRepN,key_resp_3.keys,key_resp_3.corr,key_resp_3.rt,key_resp_3.duration,opacity,key_resp_4.keys,key_resp_4.corr,key_resp_4.rt,key_resp_4.duration,type,surr_type,surr_opacity,resp.keys,resp.rt,resp.duration,key_resp_10.keys,key_resp_10.rt,key_resp_10.duration,practice_no_time.thisRepN,practice_no_time.thisTrialN,practice_no_time.thisN,practice_no_time.thisIndex,practice_timed.thisRepN,practice_timed.thisTrialN,practice_timed.thisN,practice_timed.thisIndex,trials.thisRepN,trials.thisTrialN,trials.thisN,trials.thisIndex,thisRow.t,notes,instr.started,text_5.started,key_resp_2.started,instr.stopped,key_resp_2.keys,key_resp_2.rt,key_resp_2.duration,instr2.started,text_6.started,key_resp_6.started,instr2.stopped,key_resp_6.keys,key_resp_6.rt,key_resp_6.duration,practice_trial.started,key_resp_3.started,surround_practice.started,center_practice.started,surround_practice.stopped,center_practice.stopped,text_11.started,practice_trial.stopped,practice_no_time.key_resp_3.keys,practice_no_time.key_resp_3.corr,practice_no_time.key_resp_3.rt,practice_no_time.key_resp_3.duration,practice_feedback.started,text_7.started,practice_feedback.stopped,text_7.stopped,instr3.started,text_8.started,key_resp_5.started,instr3.stopped,key_resp_5.keys,key_resp_5.rt,key_resp_5.duration,practice_trial_timed.started,key_resp_4.started,surround_practice_2.started,center_practice_2.started,text_12.started,surround_practice_2.stopped,center_practice_2.stopped,practice_trial_timed.stopped,practice_timed.key_resp_4.keys,practice_timed.key_resp_4.corr,practice_timed.key_resp_4.rt,practice_timed.key_resp_4.duration,start_instr.started,text_13.started,key_resp_8.started,start_instr.stopped,key_resp_8.keys,key_resp_8.rt,key_resp_8.duration,trial.started,resp.started,surround_grating.started,center_grating.started,surround_grating.stopped,center_grating.stopped,trial.stopped,trials.resp.keys,trials.resp.rt,trials.resp.duration,break_2.started,break_2.stopped,trials.key_resp_10.keys,text_2.started,key_resp_10.started,trials.key_resp_10.rt,trials.key_resp_10.duration,end.started,text_14.started,key_resp.started,end.stopped,key_resp.keys,key_resp.rt,key_resp.duration,sub,ses,date,expName,psychopyVersion,frameRate,expStart,
,,,,,,,,,,,,,,,,,,,,,,,,,,,,,,,,,,,,,,0.010033208003733307,0.017314374999841675,0.017314374999841675,11.156734165997477,space,11.081467541996972,None,,,,,,,,,,,,,,,,,,,,,,,,,,,,,,,,,,,,,,,,,,,,,,,,,,,,,,,,,,,,,,,,,,,,,,,,,,21049997,0,2025-10-20_13h11.20.095,tilt_mocs,2024.2.4,118.29343922245755,2025-10-20 13h11.29.216890 -0400,
,,,,,,,,,,,,,,,,,,,,,,,,,,,,,,,,,,,,,,,,,,,,,11.156800333003048,11.163099249999505,11.163099249999505,11.748919500001648,space,0.5830377079983009,None,,,,,,,,,,,,,,,,,,,,,,,,,,,,,,,,,,,,,,,,,,,,,,,,,,,,,,,,,,,,,,,,,,,21049997,0,2025-10-20_13h11.20.095,tilt_mocs,2024.2.4,118.29343922245755,2025-10-20 13h11.29.216890 -0400,
30,0,right,0,0,0,right,1,1.9476011670049047,None,,,,,,,,,,,,,,,0,0,0,0,,,,,,,,,11.766901125003642,,,,,,,,,,,,,,,,11.757648165999854,11.766901125003642,12.253665916003229,12.253665916003229,13.246436665998772,13.246436665998772,13.246436665998772,13.721002124999359,right,1,1.9476011670049047,None,13.726459999998042,13.782334832998458,15.23031958300271,,,,,,,,,,,,,,,,,,,,,,,,,,,,,,,,,,,,,,,,,,,,,,,,,,,,21049997,0,2025-10-20_13h11.20.095,tilt_mocs,2024.2.4,118.29343922245755,2025-10-20 13h11.29.216890 -0400,
-30,0,left,1,1,0,left,1,0.9527271670012851,None,,,,,,,,,,,,,,,0,1,1,1,,,,,,,,,15.238292750000255,,,,,,,,,,,,,,,,15.232716708000225,15.238292750000255,15.72249125000235,15.72249125000235,,,,16.19907483299903,left,1,0.9527271670012851,None,16.19921500000055,16.207456957999966,17.69766874999914,17.705610165998223,,,,,,,,,,,,,,,,,,,,,,,,,,,,,,,,,,,,,,,,,,,,,,,,,,,21049997,0,2025-10-20_13h11.20.095,tilt_mocs,2024.2.4,118.29343922245755,2025-10-20 13h11.29.216890 -0400,
30,60,right,2,2,0,right,1,1.0603059580025729,None,,,,,,,,,,,,,,,0,2,2,2,,,,,,,,,17.705610165998223,,,,,,,,,,,,,,,,17.70005416600179,17.705610165998223,18.196549749998667,18.196549749998667,,,,18.77256508300343,right,1,1.0603059580025729,None,18.772674125000776,18.796804208002868,20.279420207996736,,,,,,,,,,,,,,,,,,,,,,,,,,,,,,,,,,,,,,,,,,,,,,,,,,,,21049997,0,2025-10-20_13h11.20.095,tilt_mocs,2024.2.4,118.29343922245755,2025-10-20 13h11.29.216890 -0400,
-30,-60,left,3,3,0,left,1,1.1009027910040459,None,,,,,,,,,,,,,,,0,3,3,3,,,,,,,,,20.285063583003648,,,,,,,,,,,,,,,,20.280959916002757,20.285063583003648,20.771953415998723,20.771953415998723,,,,21.389473916002316,left,1,1.1009027910040459,None,21.38958362500125,21.41351779099932,22.897437583000283,,,,,,,,,,,,,,,,,,,,,,,,,,,,,,,,,,,,,,,,,,,,,,,,,,,,21049997,0,2025-10-20_13h11.20.095,tilt_mocs,2024.2.4,118.29343922245755,2025-10-20 13h11.29.216890 -0400,
,,,,,,,,,,,,,,,,,,,,,,,,,,,,,,,,,,,,,,,,,,,,,,,,,,,,,,,,,,,,,,,,,,,,22.89764066600037,22.90563100000145,22.90563100000145,27.749743790998764,space,4.83871283299959,None,,,,,,,,,,,,,,,,,,,,,,,,,,,,,,,,,,,,,,,,,,,,21049997,0,2025-10-20_13h11.20.095,tilt_mocs,2024.2.4,118.29343922245755,2025-10-20 13h11.29.216890 -0400,
-30,-60,left,0,0,0,,,,,100,right,0,0.9601175839998177,None,,,,,,,,,,,,,,0,0,0,0,,,,,27.766042125003878,,,,,,,,,,,,,,,,,,,,,,,,,,,,28.732580083000357,28.74103108300187,30.231437708003796,30.239049041003454,,,,,,,,27.75679454099736,27.766042125003878,28.263809582997055,28.263809582997055,28.32210783300252,28.335427750003873,28.335427750003873,28.732444207998924,right,0,0.9601175839998177,None,,,,,,,,,,,,,,,,,,,,,,,,,,,,,,,,21049997,0,2025-10-20_13h11.20.095,tilt_mocs,2024.2.4,118.29343922245755,2025-10-20 13h11.29.216890 -0400,
-30,0,left,1,1,0,,,,,100,left,1,1.27536566699564,None,,,,,,,,,,,,,,0,1,1,1,,,,,30.239049041003454,,,,,,,,,,,,,,,,,,,,,,,,,,,,31.517198250003275,31.525880665998557,33.01486537500023,33.02197445800266,,,,,,,,30.23309999999765,30.239049041003454,30.730452041003446,30.730452041003446,30.804028457998356,30.804028457998356,30.804028457998356,31.51703533300315,left,1,1.27536566699564,None,,,,,,,,,,,,,,,,,,,,,,,,,,,,,,,,21049997,0,2025-10-20_13h11.20.095,tilt_mocs,2024.2.4,118.29343922245755,2025-10-20 13h11.29.216890 -0400,
30,60,right,2,2,0,,,,,100,right,1,1.083789666001394,None,,,,,,,,,,,,,,0,2,2,2,,,,,33.02197445800266,,,,,,,,,,,,,,,,,,,,,,,,,,,,34.11675929099874,34.125157791000674,35.615073916000256,35.622536041002604,,,,,,,,33.0164349580009,33.02197445800266,33.51374645800388,33.51374645800388,33.58706474999781,33.58706474999781,33.58706474999781,34.11660458300321,right,1,1.083789666001394,None,,,,,,,,,,,,,,,,,,,,,,,,,,,,,,,,21049997,0,2025-10-20_13h11.20.095,tilt_mocs,2024.2.4,118.29343922245755,2025-10-20 13h11.29.216890 -0400,
30,0,right,3,3,0,,,,,100,right,1,1.0414672089973465,None,,,,,,,,,,,,,,0,3,3,3,,,,,35.622536041002604,,,,,,,,,,,,,,,,,,,,,,,,,,,,36.66671791599947,36.67568937499891,38.16524449999997,38.17349895799998,,,,,,,,35.616704874999414,35.622536041002604,36.11394820800342,36.11394820800342,36.18743499999982,36.18743499999982,36.18743499999982,36.666568166001525,right,1,1.0414672089973465,None,,,,,,,,,,,,,,,,,,,,,,,,,,,,,,,,21049997,0,2025-10-20_13h11.20.095,tilt_mocs,2024.2.4,118.29343922245755,2025-10-20 13h11.29.216890 -0400,
-30,69,left,4,4,0,,,,,0,left,1,0.9778431669983547,None,,,,,,,,,,,,,,0,4,4,4,,,,,38.17349895799998,,,,,,,,,,,,,,,,,,,,,,,,,,,,39.15595962500083,39.1642890410003,40.648569750002935,40.656025000003865,,,,,,,,38.16760379100015,38.17349895799998,38.664019208001264,38.664019208001264,38.737104500003625,38.737104500003625,38.737104500003625,39.155842291002045,left,1,0.9778431669983547,None,,,,,,,,,,,,,,,,,,,,,,,,,,,,,,,,21049997,0,2025-10-20_13h11.20.095,tilt_mocs,2024.2.4,118.29343922245755,2025-10-20 13h11.29.216890 -0400,
30,69,right,5,5,0,,,,,0,right,1,1.0254100000020117,None,,,,,,,,,,,,,,0,5,5,5,,,,,40.656025000003865,,,,,,,,,,,,,,,,,,,,,,,,,,,,41.684571416000836,41.69344049999927,43.181840958000976,43.19037520800339,,,,,,,,40.65022999999928,40.656025000003865,41.15609108300123,41.15609108300123,41.23126274999959,41.23126274999959,41.23126274999959,41.684371540999564,right,1,1.0254100000020117,None,,,,,,,,,,,,,,,,,,,,,,,,,,,,,,,,21049997,0,2025-10-20_13h11.20.095,tilt_mocs,2024.2.4,118.29343922245755,2025-10-20 13h11.29.216890 -0400,
,,,,,,,,,,,,,,,,,,,,,,,,,,,,,,,,,,,,,,,,,,,,,,,,,,,,,,,,,,,,,,,,,,,,,,,,,,,,,,,,,,,,,,,43.18204008300381,43.19037520800339,43.19037520800339,48.89967862499907,space,5.7055357080025715,None,,,,,,,,,,,,,,,,,,,,,,,,,21049997,0,2025-10-20_13h11.20.095,tilt_mocs,2024.2.4,118.29343922245755,2025-10-20 13h11.29.216890 -0400,
3.666666666666667,15.0,,0,0,0,,,,,,,,,,p1,poss,100,left,1.1351821659991401,None,None,,,,,,,,,,,0,0,0,186,48.94822329100134,,,,,,,,,,,,,,,,,,,,,,,,,,,,,,,,,,,,,,,,,,,,,,,,,,,,,,,,,,48.94176612499723,48.94822329100134,49.40061083299952,49.40061083299952,49.46967754099751,49.46967754099751,50.08831099999952,left,1.1351821659991401,None,50.08841725000093,50.088464000000386,None,,,,,,,,,,,,21049997,0,2025-10-20_13h11.20.095,tilt_mocs,2024.2.4,118.29343922245755,2025-10-20 13h11.29.216890 -0400,
-5.75,-15.0,,1,1,0,,,,,,,,,,m2,negs,100,left,0.9524425409981632,None,None,,,,,,,,,,,0,1,1,353,50.09840079100104,,,,,,,,,,,,,,,,,,,,,,,,,,,,,,,,,,,,,,,,,,,,,,,,,,,,,,,,,,50.09041499999876,50.09840079100104,50.581046332998085,50.581046332998085,50.65354116600065,50.65354116600065,51.055545707997226,left,0.9524425409981632,None,51.055650250003964,51.05569483299769,None,,,,,,,,,,,,21049997,0,2025-10-20_13h11.20.095,tilt_mocs,2024.2.4,118.29343922245755,2025-10-20 13h11.29.216890 -0400,
-6.75,-15.0,,2,2,0,,,,,,,,,,m3,negs,100,left,1.3836007910067565,None,None,,,,,,,,,,,0,2,2,311,51.08124629100348,,,,,,,,,,,,,,,,,,,,,,,,,,,,,,,,,,,,,,,,,,,,,,,,,,,,,,,,,,51.05765750000137,51.08124629100348,51.556769707996864,51.556769707996864,51.63173054099752,51.63173054099752,52.467548540997086,left,1.3836007910067565,None,52.46772308299842,52.467775582998,None,,,,,,,,,,,,21049997,0,2025-10-20_13h11.20.095,tilt_mocs,2024.2.4,118.29343922245755,2025-10-20 13h11.29.216890 -0400,
3.666666666666667,15.0,,3,3,0,,,,,,,,,,p1,poss,100,left,1.0541018750009243,None,None,,,,,,,,,,,0,3,3,172,52.47855804100254,,,,,,,,,,,,,,,,,,,,,,,,,,,,,,,,,,,,,,,,,,,,,,,,,,,,,,,,,,52.47040958300204,52.47855804100254,52.964488582998456,52.964488582998456,53.036159707997285,53.036159707997285,53.54332941600296,left,1.0541018750009243,None,53.54343441600213,53.54348141600349,None,,,,,,,,,,,,21049997,0,2025-10-20_13h11.20.095,tilt_mocs,2024.2.4,118.29343922245755,2025-10-20 13h11.29.216890 -0400,
3.166666666666667,15.0,,4,4,0,,,,,,,,,,PSE,poss,100,left,1.6148225409997394,None,None,,,,,,,,,,,0,4,4,159,53.55024108300131,,,,,,,,,,,,,,,,,,,,,,,,,,,,,,,,,,,,,,,,,,,,,,,,,,,,,,,,,,53.545429999998305,53.55024108300131,54.040417958000035,54.040417958000035,54.11493416599842,54.11493416599842,55.16762087499956,left,1.6148225409997394,None,55.16775616600353,55.167813207997824,None,,,,,,,,,,,,21049997,0,2025-10-20_13h11.20.095,tilt_mocs,2024.2.4,118.29343922245755,2025-10-20 13h11.29.216890 -0400,
2.0,0.0,,5,5,0,,,,,,,,,,p3,noss,0,right,1.4499640830035787,None,None,,,,,,,,,,,0,5,5,699,55.1784999579977,,,,,,,,,,,,,,,,,,,,,,,,,,,,,,,,,,,,,,,,,,,,,,,,,,,,,,,,,,55.1701793750035,55.1784999579977,55.66361491599673,55.66361491599673,55.73770499999955,55.73770499999955,56.63409033299831,right,1.4499640830035787,None,56.634223749999364,56.63427891599713,None,,,,,,,,,,,,21049997,0,2025-10-20_13h11.20.095,tilt_mocs,2024.2.4,118.29343922245755,2025-10-20 13h11.29.216890 -0400,
-5.75,-15.0,,6,6,0,,,,,,,,,,m2,negs,100,left,1.287519750003412,None,None,,,,,,,,,,,0,6,6,329,56.644382708000194,,,,,,,,,,,,,,,,,,,,,,,,,,,,,,,,,,,,,,,,,,,,,,,,,,,,,,,,,,56.63640791599755,56.644382708000194,57.13124950000201,57.13124950000201,57.203651165997144,57.203651165997144,57.93463145800342,left,1.287519750003412,None,57.934793125001306,57.934854416002054,None,,,,,,,,,,,,21049997,0,2025-10-20_13h11.20.095,tilt_mocs,2024.2.4,118.29343922245755,2025-10-20 13h11.29.216890 -0400,
4.166666666666667,15.0,,7,7,0,,,,,,,,,,p2,poss,100,right,1.1943570419971365,None,None,,,,,,,,,,,0,7,7,225,57.945361416001106,,,,,,,,,,,,,,,,,,,,,,,,,,,,,,,,,,,,,,,,,,,,,,,,,,,,,,,,,,57.93723925000086,57.945361416001106,58.4313740409998,58.4313740409998,58.50464837499749,58.50464837499749,59.15070633299911,right,1.1943570419971365,None,59.150816499997745,59.15086375000101,None,,,,,,,,,,,,21049997,0,2025-10-20_13h11.20.095,tilt_mocs,2024.2.4,118.29343922245755,2025-10-20 13h11.29.216890 -0400,
2.0,0.0,,8,8,0,,,,,,,,,,p3,noss,0,right,1.1710546250033076,None,None,,,,,,,,,,,0,8,8,680,59.16081229100382,,,,,,,,,,,,,,,,,,,,,,,,,,,,,,,,,,,,,,,,,,,,,,,,,,,,,,,,,,59.152823458003695,59.16081229100382,59.64805887499824,59.64805887499824,59.72015808300057,59.72015808300057,60.3344717910004,right,1.1710546250033076,None,60.334606290998636,60.33466241599672,None,,,,,,,,,,,,21049997,0,2025-10-20_13h11.20.095,tilt_mocs,2024.2.4,118.29343922245755,2025-10-20 13h11.29.216890 -0400,
3.166666666666667,15.0,,9,9,0,,,,,,,,,,PSE,poss,100,right,2.3775988329944084,None,None,,,,,,,,,,,0,9,9,123,60.34500291600125,,,,,,,,,,,,,,,,,,,,,,,,,,,,,,,,,,,,,,,,,,,,,,,,,,,,,,,,,,60.3368866660021,60.34500291600125,60.83139191599912,60.83139191599912,60.90428954100207,60.90428954100207,62.73393554100039,right,2.3775988329944084,None,62.73407574999874,62.73413366600289,None,,,,,,,,,,,,21049997,0,2025-10-20_13h11.20.095,tilt_mocs,2024.2.4,118.29343922245755,2025-10-20 13h11.29.216890 -0400,
-3.75,-15.0,,10,10,0,,,,,,,,,,p2,negs,100,right,1.8437179579996155,None,None,,,,,,,,,,,0,10,10,484,62.74430800000118,,,,,,,,,,,,,,,,,,,,,,,,,,,,,,,,,,,,,,,,,,,,,,,,,,,,,,,,,,62.736264582999866,62.74430800000118,63.231502041002386,63.231502041002386,63.303913249998004,63.303913249998004,64.59923687500122,right,1.8437179579996155,None,64.59935620800388,64.59940050000296,None,,,,,,,,,,,,21049997,0,2025-10-20_13h11.20.095,tilt_mocs,2024.2.4,118.29343922245755,2025-10-20 13h11.29.216890 -0400,
-4.25,-15.0,,11,11,0,,,,,,,,,,p1,negs,100,right,1.0758745839993935,None,None,,,,,,,,,,,0,11,11,454,64.60671483300393,,,,,,,,,,,,,,,,,,,,,,,,,,,,,,,,,,,,,,,,,,,,,,,,,,,,,,,,,,64.60133233299712,64.60671483300393,65.09049133300141,65.09049133300141,65.16519620799954,65.16519620799954,65.69313466599851,right,1.0758745839993935,None,65.6932372079973,65.69328125000175,None,,,,,,,,,,,,21049997,0,2025-10-20_13h11.20.095,tilt_mocs,2024.2.4,118.29343922245755,2025-10-20 13h11.29.216890 -0400,
-1.0,0.0,,12,12,0,,,,,,,,,,m2,noss,0,right,1.271418124997581,None,None,,,,,,,,,,,0,12,12,581,65.70095583300281,,,,,,,,,,,,,,,,,,,,,,,,,,,,,,,,,,,,,,,,,,,,,,,,,,,,,,,,,,65.69518229099776,65.70095583300281,66.19039741600136,66.19039741600136,66.26545287499903,66.26545287499903,66.9844311659981,right,1.271418124997581,None,66.98456904100021,66.98462629099959,None,,,,,,,,,,,,21049997,0,2025-10-20_13h11.20.095,tilt_mocs,2024.2.4,118.29343922245755,2025-10-20 13h11.29.216890 -0400,
-5.25,-15.0,,13,13,0,,,,,,,,,,m1,negs,100,right,1.0214832499987097,None,None,,,,,,,,,,,0,13,13,373,66.99472737500037,,,,,,,,,,,,,,,,,,,,,,,,,,,,,,,,,,,,,,,,,,,,,,,,,,,,,,,,,,66.98671920799825,66.99472737500037,67.4816749160018,67.4816749160018,67.55312045800383,67.55312045800383,68.02691195799707,right,1.0214832499987097,None,68.02701558300032,68.02705991599942,None,,,,,,,,,,,,21049997,0,2025-10-20_13h11.20.095,tilt_mocs,2024.2.4,118.29343922245755,2025-10-20 13h11.29.216890 -0400,
-6.75,-15.0,,14,14,0,,,,,,,,,,m3,negs,100,right,0.9919914159982,None,None,,,,,,,,,,,0,14,14,302,68.03449083300075,,,,,,,,,,,,,,,,,,,,,,,,,,,,,,,,,,,,,,,,,,,,,,,,,,,,,,,,,,68.02897179099818,68.03449083300075,68.52498424999794,68.52498424999794,68.59893358300178,68.59893358300178,69.0342980830028,right,0.9919914159982,None,69.03443129100197,69.03448645800381,None,,,,,,,,,,,,21049997,0,2025-10-20_13h11.20.095,tilt_mocs,2024.2.4,118.29343922245755,2025-10-20 13h11.29.216890 -0400,
-6.75,-15.0,,15,15,0,,,,,,,,,,m3,negs,100,left,1.1255090409977129,None,None,,,,,,,,,,,0,15,15,287,69.04504008300137,,,,,,,,,,,,,,,,,,,,,,,,,,,,,,,,,,,,,,,,,,,,,,,,,,,,,,,,,,69.0369408330007,69.04504008300137,69.53099595799722,69.53099595799722,69.60484166599781,69.60484166599781,70.17370720799954,left,1.1255090409977129,None,70.17385520799871,70.17391250000219,None,,,,,,,,,,,,21049997,0,2025-10-20_13h11.20.095,tilt_mocs,2024.2.4,118.29343922245755,2025-10-20 13h11.29.216890 -0400,
1.166666666666667,15.0,,16,16,0,,,,,,,,,,m3,poss,100,right,1.381891541997902,None,None,,,,,,,,,,,0,16,16,37,70.18425470800139,,,,,,,,,,,,,,,,,,,,,,,,,,,,,,,,,,,,,,,,,,,,,,,,,,,,,,,,,,70.1760573749998,70.18425470800139,70.67398987500201,70.67398987500201,70.74898954100354,70.74898954100354,71.5691261250031,right,1.381891541997902,None,71.56929866599967,71.56935762499779,None,,,,,,,,,,,,21049997,0,2025-10-20_13h11.20.095,tilt_mocs,2024.2.4,118.29343922245755,2025-10-20 13h11.29.216890 -0400,
2.166666666666667,15.0,,17,17,0,,,,,,,,,,m2,poss,100,right,1.5127398750046268,None,None,,,,,,,,,,,0,17,17,71,71.57966379100253,,,,,,,,,,,,,,,,,,,,,,,,,,,,,,,,,,,,,,,,,,,,,,,,,,,,,,,,,,71.57145883300109,71.57966379100253,72.06517079100013,72.06517079100013,72.13782558299863,72.13782558299863,73.10102741599985,right,1.5127398750046268,None,73.10116041600122,73.10121741599869,None,,,,,,,,,,,,21049997,0,2025-10-20_13h11.20.095,tilt_mocs,2024.2.4,118.29343922245755,2025-10-20 13h11.29.216890 -0400,
4.166666666666667,15.0,,18,18,0,,,,,,,,,,p2,poss,100,right,1.2999836249946384,None,None,,,,,,,,,,,0,18,18,232,73.11146995799936,,,,,,,,,,,,,,,,,,,,,,,,,,,,,,,,,,,,,,,,,,,,,,,,,,,,,,,,,,73.10347500000353,73.11146995799936,73.59846679100156,73.59846679100156,73.67075362500327,73.67075362500327,74.41791608300264,right,1.2999836249946384,None,74.41802112499863,74.41806499999802,None,,,,,,,,,,,,21049997,0,2025-10-20_13h11.20.095,tilt_mocs,2024.2.4,118.29343922245755,2025-10-20 13h11.29.216890 -0400,
1.0,0.0,,19,19,0,,,,,,,,,,p2,noss,0,right,1.1497465829961584,None,None,,,,,,,,,,,0,19,19,671,74.42791716600186,,,,,,,,,,,,,,,,,,,,,,,,,,,,,,,,,,,,,,,,,,,,,,,,,,,,,,,,,,74.4200337910006,74.42791716600186,74.91533691599761,74.91533691599761,74.98749908299942,74.98749908299942,75.58469441600027,right,1.1497465829961584,None,75.58482504099811,75.58488079100061,None,,,,,,,,,,,,21049997,0,2025-10-20_13h11.20.095,tilt_mocs,2024.2.4,118.29343922245755,2025-10-20 13h11.29.216890 -0400,
5.166666666666667,15.0,,20,20,0,,,,,,,,,,p3,poss,100,right,1.3092487910034833,None,None,,,,,,,,,,,0,20,20,256,75.5949511660001,,,,,,,,,,,,,,,,,,,,,,,,,,,,,,,,,,,,,,,,,,,,,,,,,,,,,,,,,,75.58693208300247,75.5949511660001,76.0819384159986,76.0819384159986,76.15434795799956,76.15434795799956,76.90725087500323,right,1.3092487910034833,None,76.90738516599959,76.90744100000302,None,,,,,,,,,,,,21049997,0,2025-10-20_13h11.20.095,tilt_mocs,2024.2.4,118.29343922245755,2025-10-20 13h11.29.216890 -0400,
-0.5,0.0,,21,21,0,,,,,,,,,,m1,noss,0,left,1.0984137919949717,None,None,,,,,,,,,,,0,21,21,600,76.91801783299888,,,,,,,,,,,,,,,,,,,,,,,,,,,,,,,,,,,,,,,,,,,,,,,,,,,,,,,,,,76.90967600000295,76.91801783299888,77.40736762499728,77.40736762499728,77.48245866600337,77.48245866600337,78.01886745799857,left,1.0984137919949717,None,78.01898824999807,78.01903512499848,None,,,,,,,,,,,,21049997,0,2025-10-20_13h11.20.095,tilt_mocs,2024.2.4,118.29343922245755,2025-10-20 13h11.29.216890 -0400,
3.666666666666667,15.0,,22,22,0,,,,,,,,,,p1,poss,100,right,1.3771601670014206,None,None,,,,,,,,,,,0,22,22,188,78.02872158300306,,,,,,,,,,,,,,,,,,,,,,,,,,,,,,,,,,,,,,,,,,,,,,,,,,,,,,,,,,78.02109354099957,78.02872158300306,78.51537966600154,78.51537966600154,78.58743050000339,78.58743050000339,79.41673720799736,right,1.3771601670014206,None,79.4168499160005,79.41689479100023,None,,,,,,,,,,,,21049997,0,2025-10-20_13h11.20.095,tilt_mocs,2024.2.4,118.29343922245755,2025-10-20 13h11.29.216890 -0400,
-4.25,-15.0,,23,23,0,,,,,,,,,,p1,negs,100,left,1.1831388329956098,None,None,,,,,,,,,,,0,23,23,467,79.42367058299715,,,,,,,,,,,,,,,,,,,,,,,,,,,,,,,,,,,,,,,,,,,,,,,,,,,,,,,,,,79.41886474999774,79.42367058299715,79.90763920800237,79.90763920800237,79.98269570800039,79.98269570800039,80.61828445800347,left,1.1831388329956098,None,80.61842250000336,80.61848020800244,None,,,,,,,,,,,,21049997,0,2025-10-20_13h11.20.095,tilt_mocs,2024.2.4,118.29343922245755,2025-10-20 13h11.29.216890 -0400,
-3.75,-15.0,,24,24,0,,,,,,,,,,p2,negs,100,left,1.3376073749968782,None,None,,,,,,,,,,,0,24,24,501,80.62881862500217,,,,,,,,,,,,,,,,,,,,,,,,,,,,,,,,,,,,,,,,,,,,,,,,,,,,,,,,,,80.62078374999692,80.62881862500217,81.11550629100384,81.11550629100384,81.18753387500328,81.18753387500328,81.96895187500195,left,1.3376073749968782,None,81.96906308300095,81.96911625000212,None,,,,,,,,,,,,21049997,0,2025-10-20_13h11.20.095,tilt_mocs,2024.2.4,118.29343922245755,2025-10-20 13h11.29.216890 -0400,
2.666666666666667,15.0,,25,25,0,,,,,,,,,,m1,poss,100,left,1.0340652919985587,None,None,,,,,,,,,,,0,25,25,108,81.97914620800293,,,,,,,,,,,,,,,,,,,,,,,,,,,,,,,,,,,,,,,,,,,,,,,,,,,,,,,,,,81.97113829100272,81.97914620800293,82.46543404099793,82.46543404099793,82.53734420800174,82.53734420800174,83.01868437499797,left,1.0340652919985587,None,83.01883533300133,83.01889691600081,None,,,,,,,,,,,,21049997,0,2025-10-20_13h11.20.095,tilt_mocs,2024.2.4,118.29343922245755,2025-10-20 13h11.29.216890 -0400,
-2.75,-15.0,,26,26,0,,,,,,,,,,p3,negs,100,left,1.3363704580042395,None,None,,,,,,,,,,,0,26,26,534,83.0293043749989,,,,,,,,,,,,,,,,,,,,,,,,,,,,,,,,,,,,,,,,,,,,,,,,,,,,,,,,,,83.02102125000238,83.0293043749989,83.51547237500199,83.51547237500199,83.58758708299865,83.58758708299865,84.36844137500157,left,1.3363704580042395,None,84.36855029100116,84.36859395800275,None,,,,,,,,,,,,21049997,0,2025-10-20_13h11.20.095,tilt_mocs,2024.2.4,118.29343922245755,2025-10-20 13h11.29.216890 -0400,
-6.75,-15.0,,27,27,0,,,,,,,,,,m3,negs,100,left,1.1041192500051693,None,None,,,,,,,,,,,0,27,27,291,84.37848666599893,,,,,,,,,,,,,,,,,,,,,,,,,,,,,,,,,,,,,,,,,,,,,,,,,,,,,,,,,,84.37053279099928,84.37848666599893,84.86563495799783,84.86563495799783,84.93919479099713,84.93919479099713,85.48516791599832,left,1.1041192500051693,None,85.48530354099785,85.4853589580016,None,,,,,,,,,,,,21049997,0,2025-10-20_13h11.20.095,tilt_mocs,2024.2.4,118.29343922245755,2025-10-20 13h11.29.216890 -0400,
3.166666666666667,15.0,,28,28,0,,,,,,,,,,PSE,poss,100,right,1.35582758399687,None,None,,,,,,,,,,,0,28,28,143,85.4956997909976,,,,,,,,,,,,,,,,,,,,,,,,,,,,,,,,,,,,,,,,,,,,,,,,,,,,,,,,,,85.48750429099891,85.4956997909976,85.9823832080001,85.9823832080001,86.0549210829995,86.0549210829995,86.8577216249978,right,1.35582758399687,None,86.85786262500187,86.85791991600126,None,,,,,,,,,,,,21049997,0,2025-10-20_13h11.20.095,tilt_mocs,2024.2.4,118.29343922245755,2025-10-20 13h11.29.216890 -0400,
0.5,0.0,,29,29,0,,,,,,,,,,p1,noss,0,right,1.4011342909943778,None,None,,,,,,,,,,,0,29,29,647,86.86836158300139,,,,,,,,,,,,,,,,,,,,,,,,,,,,,,,,,,,,,,,,,,,,,,,,,,,,,,,,,,86.859997749998,86.86836158300139,87.35808316600014,87.35808316600014,87.43288333300006,87.43288333300006,88.27388554099889,right,1.4011342909943778,None,88.27398987500055,88.27403370800312,None,,,,,,,,,,,,21049997,0,2025-10-20_13h11.20.095,tilt_mocs,2024.2.4,118.29343922245755,2025-10-20 13h11.29.216890 -0400,
3.666666666666667,15.0,,30,30,0,,,,,,,,,,p1,poss,100,right,1.244872958995984,None,None,,,,,,,,,,,0,30,30,193,88.28411416600284,,,,,,,,,,,,,,,,,,,,,,,,,,,,,,,,,,,,,,,,,,,,,,,,,,,,,,,,,,88.27599275000102,88.28411416600284,88.77544416599994,88.77544416599994,88.84970654099743,88.84970654099743,89.53466479099734,right,1.244872958995984,None,89.53476712499833,89.53481104099774,None,,,,,,,,,,,,21049997,0,2025-10-20_13h11.20.095,tilt_mocs,2024.2.4,118.29343922245755,2025-10-20 13h11.29.216890 -0400,
0.5,0.0,,31,31,0,,,,,,,,,,p1,noss,0,right,1.455523707998509,None,None,,,,,,,,,,,0,31,31,646,89.54460362499958,,,,,,,,,,,,,,,,,,,,,,,,,,,,,,,,,,,,,,,,,,,,,,,,,,,,,,,,,,89.53674916599994,89.54460362499958,90.0324712080037,90.0324712080037,90.1055710829969,90.1055710829969,91.0027394580029,right,1.455523707998509,None,91.00289470799908,91.00295458300388,None,,,,,,,,,,,,21049997,0,2025-10-20_13h11.20.095,tilt_mocs,2024.2.4,118.29343922245755,2025-10-20 13h11.29.216890 -0400,
-6.75,-15.0,,32,32,0,,,,,,,,,,m3,negs,100,left,1.2066880839993246,None,None,,,,,,,,,,,0,32,32,296,91.01358566599811,,,,,,,,,,,,,,,,,,,,,,,,,,,,,,,,,,,,,,,,,,,,,,,,,,,,,,,,,,91.00547258299775,91.01358566599811,91.49931708299846,91.49931708299846,91.57065758299723,91.57065758299723,92.22384320799756,left,1.2066880839993246,None,92.22394858299958,92.22399316600058,None,,,,,,,,,,,,21049997,0,2025-10-20_13h11.20.095,tilt_mocs,2024.2.4,118.29343922245755,2025-10-20 13h11.29.216890 -0400,
-0.5,0.0,,33,33,0,,,,,,,,,,m1,noss,0,right,1.523464582998713,None,None,,,,,,,,,,,0,33,33,616,92.24941958300042,,,,,,,,,,,,,,,,,,,,,,,,,,,,,,,,,,,,,,,,,,,,,,,,,,,,,,,,,,92.22591320799984,92.24941958300042,92.72430979100318,92.72430979100318,92.79982020799798,92.79982020799798,93.78533012499975,right,1.523464582998713,None,93.78546487499989,93.78551999999763,None,,,,,,,,,,,,21049997,0,2025-10-20_13h11.20.095,tilt_mocs,2024.2.4,118.29343922245755,2025-10-20 13h11.29.216890 -0400,
0.5,0.0,,34,34,0,,,,,,,,,,p1,noss,0,left,3.3393661660011276,None,None,,,,,,,,,,,0,34,34,654,93.79549162500189,,,,,,,,,,,,,,,,,,,,,,,,,,,,,,,,,,,,,,,,,,,,,,,,,,,,,,,,,,93.78758254100103,93.79549162500189,94.28268424999987,94.28268424999987,94.35597037499974,94.35597037499974,97.14108700000361,left,3.3393661660011276,None,97.14124179100327,97.14129966600012,None,,,,,,,,,,,,21049997,0,2025-10-20_13h11.20.095,tilt_mocs,2024.2.4,118.29343922245755,2025-10-20 13h11.29.216890 -0400,
3.166666666666667,15.0,,35,35,0,,,,,,,,,,PSE,poss,100,right,1.777042582994909,None,None,,,,,,,,,,,0,35,35,129,97.15198920800322,,,,,,,,,,,,,,,,,,,,,,,,,,,,,,,,,,,,,,,,,,,,,,,,,,,,,,,,,,97.14357949999976,97.15198920800322,97.64264920799906,97.64264920799906,97.71661983300146,97.71661983300146,98.93524291599897,right,1.777042582994909,None,98.93534825000097,98.9353915410029,None,,,,,,,,,,,,21049997,0,2025-10-20_13h11.20.095,tilt_mocs,2024.2.4,118.29343922245755,2025-10-20 13h11.29.216890 -0400,
1.166666666666667,15.0,,36,36,0,,,,,,,,,,m3,poss,100,left,1.0830314999984694,None,None,,,,,,,,,,,0,36,36,35,98.94530449999729,,,,,,,,,,,,,,,,,,,,,,,,,,,,,,,,,,,,,,,,,,,,,,,,,,,,,,,,,,98.93731649999972,98.94530449999729,99.43279570800223,99.43279570800223,99.5060861660022,99.5060861660022,100.0360019159998,left,1.0830314999984694,None,100.03616725000029,100.03622054099833,None,,,,,,,,,,,,21049997,0,2025-10-20_13h11.20.095,tilt_mocs,2024.2.4,118.29343922245755,2025-10-20 13h11.29.216890 -0400,
2.666666666666667,15.0,,37,37,0,,,,,,,,,,m1,poss,100,left,1.238461583998287,None,None,,,,,,,,,,,0,37,37,80,100.04765112500172,,,,,,,,,,,,,,,,,,,,,,,,,,,,,,,,,,,,,,,,,,,,,,,,,,,,,,,,,,100.03926604099979,100.04765112500172,100.53289737500018,100.53289737500018,100.60566166599892,100.60566166599892,101.29166362500109,left,1.238461583998287,None,101.2917696250006,101.29181300000346,None,,,,,,,,,,,,21049997,0,2025-10-20_13h11.20.095,tilt_mocs,2024.2.4,118.29343922245755,2025-10-20 13h11.29.216890 -0400,
1.166666666666667,15.0,,38,38,0,,,,,,,,,,m3,poss,100,left,1.1124986249997164,None,None,,,,,,,,,,,0,38,38,23,101.30212483299692,,,,,,,,,,,,,,,,,,,,,,,,,,,,,,,,,,,,,,,,,,,,,,,,,,,,,,,,,,101.29378479099978,101.30212483299692,101.79149812499963,101.79149812499963,101.86677662500006,101.86677662500006,102.41890720799711,left,1.1124986249997164,None,102.41904174999945,102.41909745799785,None,,,,,,,,,,,,21049997,0,2025-10-20_13h11.20.095,tilt_mocs,2024.2.4,118.29343922245755,2025-10-20 13h11.29.216890 -0400,
5.166666666666667,15.0,,39,39,0,,,,,,,,,,p3,poss,100,right,1.1149009579967242,None,None,,,,,,,,,,,0,39,39,279,102.4289517080033,,,,,,,,,,,,,,,,,,,,,,,,,,,,,,,,,,,,,,,,,,,,,,,,,,,,,,,,,,102.42106408299878,102.4289517080033,102.91633525000361,102.91633525000361,102.98840950000158,102.98840950000158,103.55297308300214,right,1.1149009579967242,None,103.55312883300212,103.55320012500306,None,,,,,,,,,,,,21049997,0,2025-10-20_13h11.20.095,tilt_mocs,2024.2.4,118.29343922245755,2025-10-20 13h11.29.216890 -0400,
3.666666666666667,15.0,,40,40,0,,,,,,,,,,p1,poss,100,right,1.5399154589977115,None,None,,,,,,,,,,,0,40,40,176,103.56371379100165,,,,,,,,,,,,,,,,,,,,,,,,,,,,,,,,,,,,,,,,,,,,,,,,,,,,,,,,,,103.55556008299754,103.56371379100165,104.04972462500155,104.04972462500155,104.12263762499788,104.12263762499788,105.1080540000039,right,1.5399154589977115,None,105.1081558750011,105.10820008299925,None,,,,,,,,,,,,21049997,0,2025-10-20_13h11.20.095,tilt_mocs,2024.2.4,118.29343922245755,2025-10-20 13h11.29.216890 -0400,
-2.0,0.0,,41,41,0,,,,,,,,,,m3,noss,0,left,1.1504327919974457,None,None,,,,,,,,,,,0,41,41,575,105.11875562500063,,,,,,,,,,,,,,,,,,,,,,,,,,,,,,,,,,,,,,,,,,,,,,,,,,,,,,,,,,105.11013745800301,105.11875562500063,105.60854629099777,105.60854629099777,105.6833728749989,105.6833728749989,106.27418995799962,left,1.1504327919974457,None,106.27431958299712,106.27437545800058,None,,,,,,,,,,,,21049997,0,2025-10-20_13h11.20.095,tilt_mocs,2024.2.4,118.29343922245755,2025-10-20 13h11.29.216890 -0400,
4.166666666666667,15.0,,42,42,0,,,,,,,,,,p2,poss,100,right,1.2835191670019412,None,None,,,,,,,,,,,0,42,42,204,106.29994620799698,,,,,,,,,,,,,,,,,,,,,,,,,,,,,,,,,,,,,,,,,,,,,,,,,,,,,,,,,,106.27642070800357,106.29994620799698,106.77507770800003,106.77507770800003,106.85026683300384,106.85026683300384,107.58590958300192,right,1.2835191670019412,None,107.58604545800335,107.58610204100114,None,,,,,,,,,,,,21049997,0,2025-10-20_13h11.20.095,tilt_mocs,2024.2.4,118.29343922245755,2025-10-20 13h11.29.216890 -0400,
-4.75,-15.0,,43,43,0,,,,,,,,,,PSE,negs,100,left,1.1876905410026666,None,None,,,,,,,,,,,0,43,43,428,107.59651100000337,,,,,,,,,,,,,,,,,,,,,,,,,,,,,,,,,,,,,,,,,,,,,,,,,,,,,,,,,,107.58843895800237,107.59651100000337,108.08227425000223,108.08227425000223,108.15513754099811,108.15513754099811,108.78756120800244,left,1.1876905410026666,None,108.78772491600103,108.78778637500363,None,,,,,,,,,,,,21049997,0,2025-10-20_13h11.20.095,tilt_mocs,2024.2.4,118.29343922245755,2025-10-20 13h11.29.216890 -0400,
-2.0,0.0,,44,44,0,,,,,,,,,,m3,noss,0,left,1.0021094999974594,None,None,,,,,,,,,,,0,44,44,566,108.79827866599953,,,,,,,,,,,,,,,,,,,,,,,,,,,,,,,,,,,,,,,,,,,,,,,,,,,,,,,,,,108.79019912500371,108.79827866599953,109.28316558300139,109.28316558300139,109.35484249999718,109.35484249999718,109.80324683299841,left,1.0021094999974594,None,109.80341391600086,109.8034772079991,None,,,,,,,,,,,,21049997,0,2025-10-20_13h11.20.095,tilt_mocs,2024.2.4,118.29343922245755,2025-10-20 13h11.29.216890 -0400,
0.0,0.0,,45,45,0,,,,,,,,,,PSE,noss,0,left,1.1050609580051969,None,None,,,,,,,,,,,0,45,45,637,109.81415258299967,,,,,,,,,,,,,,,,,,,,,,,,,,,,,,,,,,,,,,,,,,,,,,,,,,,,,,,,,,109.80593224999757,109.81415258299967,110.2998698750016,110.2998698750016,110.37338583300152,110.37338583300152,110.92431637499976,left,1.1050609580051969,None,110.92442254100024,110.92446604099678,None,,,,,,,,,,,,21049997,0,2025-10-20_13h11.20.095,tilt_mocs,2024.2.4,118.29343922245755,2025-10-20 13h11.29.216890 -0400,
-4.75,-15.0,,46,46,0,,,,,,,,,,PSE,negs,100,left,1.1053195829954348,None,None,,,,,,,,,,,0,46,46,415,110.95004450000124,,,,,,,,,,,,,,,,,,,,,,,,,,,,,,,,,,,,,,,,,,,,,,,,,,,,,,,,,,110.92640024999855,110.95004450000124,111.42589958300232,111.42589958300232,111.50043624999671,111.50043624999671,112.0578843330004,left,1.1053195829954348,None,112.05798825000238,112.05803066599765,None,,,,,,,,,,,,21049997,0,2025-10-20_13h11.20.095,tilt_mocs,2024.2.4,118.29343922245755,2025-10-20 13h11.29.216890 -0400,
-6.75,-15.0,,47,47,0,,,,,,,,,,m3,negs,100,left,0.9948360420021345,None,None,,,,,,,,,,,0,47,47,303,112.08346929099935,,,,,,,,,,,,,,,,,,,,,,,,,,,,,,,,,,,,,,,,,,,,,,,,,,,,,,,,,,112.05995508300111,112.08346929099935,112.55943966600171,112.55943966600171,112.63381837499765,112.63381837499765,113.08585733299697,left,0.9948360420021345,None,113.08599283300282,113.0860492080028,None,,,,,,,,,,,,21049997,0,2025-10-20_13h11.20.095,tilt_mocs,2024.2.4,118.29343922245755,2025-10-20 13h11.29.216890 -0400,
-6.75,-15.0,,48,48,0,,,,,,,,,,m3,negs,100,left,1.0246794999984559,None,None,,,,,,,,,,,0,48,48,282,113.09609325000201,,,,,,,,,,,,,,,,,,,,,,,,,,,,,,,,,,,,,,,,,,,,,,,,,,,,,,,,,,113.0882188750038,113.09609325000201,113.58331854100106,113.58331854100106,113.6672650410037,113.6672650410037,114.1259952909968,left,1.0246794999984559,None,114.12613275000331,114.12618812500295,None,,,,,,,,,,,,21049997,0,2025-10-20_13h11.20.095,tilt_mocs,2024.2.4,118.29343922245755,2025-10-20 13h11.29.216890 -0400,
3.166666666666667,15.0,,49,49,0,,,,,,,,,,PSE,poss,100,right,1.1742684170021676,None,None,,,,,,,,,,,0,49,49,134,114.13642933299707,,,,,,,,,,,,,,,,,,,,,,,,,,,,,,,,,,,,,,,,,,,,,,,,,,,,,,,,,,114.12837637500343,114.13642933299707,114.62647079100134,114.62647079100134,114.70076187499944,114.70076187499944,115.31925000000047,right,1.1742684170021676,None,115.31938616600382,115.31943733299704,None,,,,,,,,,,,,21049997,0,2025-10-20_13h11.20.095,tilt_mocs,2024.2.4,118.29343922245755,2025-10-20 13h11.29.216890 -0400,
-5.75,-15.0,,50,50,0,,,,,,,,,,m2,negs,100,left,1.2097521670002607,None,None,,,,,,,,,,,0,50,50,345,115.32887650000339,,,,,,,,,,,,,,,,,,,,,,,,,,,,,,,,,,,,,,,,,,,,,,,,,,,,,,,,,,115.32136349999928,115.32887650000339,115.81671758300217,115.81671758300217,115.88909033300297,115.88909033300297,116.5418644579986,left,1.2097521670002607,None,116.54197170800035,116.54201516600006,None,,,,,,,,,,,,21049997,0,2025-10-20_13h11.20.095,tilt_mocs,2024.2.4,118.29343922245755,2025-10-20 13h11.29.216890 -0400,
2.166666666666667,15.0,,51,51,0,,,,,,,,,,m2,poss,100,left,1.223835250006232,None,None,,,,,,,,,,,0,51,51,40,116.55229074999806,,,,,,,,,,,,,,,,,,,,,,,,,,,,,,,,,,,,,,,,,,,,,,,,,,,,,,,,,,116.54394275000232,116.55229074999806,117.04232270800276,117.04232270800276,117.11747304099845,117.11747304099845,117.78611437499785,left,1.223835250006232,None,117.78622533300222,117.78628679100075,None,,,,,,,,,,,,21049997,0,2025-10-20_13h11.20.095,tilt_mocs,2024.2.4,118.29343922245755,2025-10-20 13h11.29.216890 -0400,
0.5,0.0,,52,52,0,,,,,,,,,,p1,noss,0,right,1.142316541998298,None,None,,,,,,,,,,,0,52,52,650,117.79637599999842,,,,,,,,,,,,,,,,,,,,,,,,,,,,,,,,,,,,,,,,,,,,,,,,,,,,,,,,,,117.78822429099819,117.79637599999842,118.28349524999794,118.28349524999794,118.35540200000105,118.35540200000105,118.9425407910021,right,1.142316541998298,None,118.94264912499784,118.94269329099916,None,,,,,,,,,,,,21049997,0,2025-10-20_13h11.20.095,tilt_mocs,2024.2.4,118.29343922245755,2025-10-20 13h11.29.216890 -0400,
-0.5,0.0,,53,53,0,,,,,,,,,,m1,noss,0,right,1.150963790998503,None,None,,,,,,,,,,,0,53,53,618,118.9528417909969,,,,,,,,,,,,,,,,,,,,,,,,,,,,,,,,,,,,,,,,,,,,,,,,,,,,,,,,,,118.94463441600237,118.9528417909969,119.4434544579999,119.4434544579999,119.51756849999947,119.51756849999947,120.108958290999,right,1.150963790998503,None,120.10907674999908,120.10912095799722,None,,,,,,,,,,,,21049997,0,2025-10-20_13h11.20.095,tilt_mocs,2024.2.4,118.29343922245755,2025-10-20 13h11.29.216890 -0400,
-4.25,-15.0,,54,54,0,,,,,,,,,,p1,negs,100,left,1.1858758340022177,None,None,,,,,,,,,,,0,54,54,477,120.11951016599778,,,,,,,,,,,,,,,,,,,,,,,,,,,,,,,,,,,,,,,,,,,,,,,,,,,,,,,,,,120.11108799999784,120.11951016599778,120.609295166003,120.609295166003,120.68384425000113,120.68384425000113,121.30761962499673,left,1.1858758340022177,None,121.30772162500216,121.30776629100001,None,,,,,,,,,,,,21049997,0,2025-10-20_13h11.20.095,tilt_mocs,2024.2.4,118.29343922245755,2025-10-20 13h11.29.216890 -0400,
5.166666666666667,15.0,,55,55,0,,,,,,,,,,p3,poss,100,right,1.0948949579978944,None,None,,,,,,,,,,,0,55,55,259,121.31773129099747,,,,,,,,,,,,,,,,,,,,,,,,,,,,,,,,,,,,,,,,,,,,,,,,,,,,,,,,,,121.3097674160017,121.31773129099747,121.80934037500265,121.80934037500265,121.88420475000021,121.88420475000021,122.41944441600208,right,1.0948949579978944,None,122.41954904099839,122.4195936660035,None,,,,,,,,,,,,21049997,0,2025-10-20_13h11.20.095,tilt_mocs,2024.2.4,118.29343922245755,2025-10-20 13h11.29.216890 -0400,
1.166666666666667,15.0,,56,56,0,,,,,,,,,,m3,poss,100,right,1.2752680420016986,None,None,,,,,,,,,,,0,56,56,20,122.42947516599816,,,,,,,,,,,,,,,,,,,,,,,,,,,,,,,,,,,,,,,,,,,,,,,,,,,,,,,,,,122.42153762499947,122.42947516599816,122.9170573750016,122.9170573750016,122.98898562500108,122.98898562500108,123.70816658299736,right,1.2752680420016986,None,123.70829195799888,123.7083465830001,None,,,,,,,,,,,,21049997,0,2025-10-20_13h11.20.095,tilt_mocs,2024.2.4,118.29343922245755,2025-10-20 13h11.29.216890 -0400,
3.666666666666667,15.0,,57,57,0,,,,,,,,,,p1,poss,100,right,1.086966292001307,None,None,,,,,,,,,,,0,57,57,177,123.71872391599754,,,,,,,,,,,,,,,,,,,,,,,,,,,,,,,,,,,,,,,,,,,,,,,,,,,,,,,,,,123.71058900000207,123.71872391599754,124.20950429100048,124.20950429100048,124.28427766600362,124.28427766600362,124.80847116599762,right,1.086966292001307,None,124.80858062500192,124.80862429099943,None,,,,,,,,,,,,21049997,0,2025-10-20_13h11.20.095,tilt_mocs,2024.2.4,118.29343922245755,2025-10-20 13h11.29.216890 -0400,
4.166666666666667,15.0,,58,58,0,,,,,,,,,,p2,poss,100,right,1.0601079999978538,None,None,,,,,,,,,,,0,58,58,230,124.81927033299871,,,,,,,,,,,,,,,,,,,,,,,,,,,,,,,,,,,,,,,,,,,,,,,,,,,,,,,,,,124.81083804099762,124.81927033299871,125.31004070799827,125.31004070799827,125.38432620799722,125.38432620799722,125.88643470800162,right,1.0601079999978538,None,125.88656266599719,125.8866175410003,None,,,,,,,,,,,,21049997,0,2025-10-20_13h11.20.095,tilt_mocs,2024.2.4,118.29343922245755,2025-10-20 13h11.29.216890 -0400,
-4.25,-15.0,,59,59,0,,,,,,,,,,p1,negs,100,left,1.1848907919993508,None,None,,,,,,,,,,,0,59,59,469,125.89647883299767,,,,,,,,,,,,,,,,,,,,,,,,,,,,,,,,,,,,,,,,,,,,,,,,,,,,,,,,,,125.88858416600124,125.89647883299767,126.38382245800312,126.38382245800312,126.45698633300344,126.45698633300344,127.08707612499711,left,1.1848907919993508,None,127.08724045800045,127.08733416599716,None,,,,,,,,,,,,21049997,0,2025-10-20_13h11.20.095,tilt_mocs,2024.2.4,118.29343922245755,2025-10-20 13h11.29.216890 -0400,
-5.25,-15.0,,60,60,0,,,,,,,,,,m1,negs,100,left,1.1864765409991378,None,None,,,,,,,,,,,0,60,60,381,127.09747329100355,,,,,,,,,,,,,,,,,,,,,,,,,,,,,,,,,,,,,,,,,,,,,,,,,,,,,,,,,,127.08949791600025,127.09747329100355,127.5830882079972,127.5830882079972,127.65617666600156,127.65617666600156,128.28646483299963,left,1.1864765409991378,None,128.2865709999969,128.28661608300172,None,,,,,,,,,,,,21049997,0,2025-10-20_13h11.20.095,tilt_mocs,2024.2.4,118.29343922245755,2025-10-20 13h11.29.216890 -0400,
-2.75,-15.0,,61,61,0,,,,,,,,,,p3,negs,100,right,1.1679735409998102,None,None,,,,,,,,,,,0,61,61,552,128.2965722910012,,,,,,,,,,,,,,,,,,,,,,,,,,,,,,,,,,,,,,,,,,,,,,,,,,,,,,,,,,128.28855150000163,128.2965722910012,128.78381616600382,128.78381616600382,128.85628141600318,128.85628141600318,129.47067487500317,right,1.1679735409998102,None,129.4708309580019,129.47089195800072,None,,,,,,,,,,,,21049997,0,2025-10-20_13h11.20.095,tilt_mocs,2024.2.4,118.29343922245755,2025-10-20 13h11.29.216890 -0400,
-6.75,-15.0,,62,62,0,,,,,,,,,,m3,negs,100,left,1.054256457995507,None,None,,,,,,,,,,,0,62,62,300,129.48109366599965,,,,,,,,,,,,,,,,,,,,,,,,,,,,,,,,,,,,,,,,,,,,,,,,,,,,,,,,,,129.4731195409986,129.48109366599965,129.9672959160016,129.9672959160016,130.03940358300315,130.03940358300315,130.54562820799765,left,1.054256457995507,None,130.54573054100183,130.54577674999746,None,,,,,,,,,,,,21049997,0,2025-10-20_13h11.20.095,tilt_mocs,2024.2.4,118.29343922245755,2025-10-20 13h11.29.216890 -0400,
2.166666666666667,15.0,,63,63,0,,,,,,,,,,m2,poss,100,left,1.1336312919956981,None,None,,,,,,,,,,,0,63,63,49,130.55319800000143,,,,,,,,,,,,,,,,,,,,,,,,,,,,,,,,,,,,,,,,,,,,,,,,,,,,,,,,,,130.54770933299733,130.55319800000143,131.04290466599923,131.04290466599923,131.1178928329973,131.1178928329973,131.69268491600087,left,1.1336312919956981,None,131.69281000000046,131.69286475000263,None,,,,,,,,,,,,21049997,0,2025-10-20_13h11.20.095,tilt_mocs,2024.2.4,118.29343922245755,2025-10-20 13h11.29.216890 -0400,
2.666666666666667,15.0,,64,64,0,,,,,,,,,,m1,poss,100,left,1.1307846249983413,None,None,,,,,,,,,,,0,64,64,86,131.70323841599748,,,,,,,,,,,,,,,,,,,,,,,,,,,,,,,,,,,,,,,,,,,,,,,,,,,,,,,,,,131.69482487499772,131.70323841599748,132.19313887500175,132.19313887500175,132.26787624999997,132.26787624999997,132.83665629100142,left,1.1307846249983413,None,132.83678983300342,132.83684904099937,None,,,,,,,,,,,,21049997,0,2025-10-20_13h11.20.095,tilt_mocs,2024.2.4,118.29343922245755,2025-10-20 13h11.29.216890 -0400,
2.166666666666667,15.0,,65,65,0,,,,,,,,,,m2,poss,100,left,0.9912894580047578,None,None,,,,,,,,,,,0,65,65,46,132.84728966600233,,,,,,,,,,,,,,,,,,,,,,,,,,,,,,,,,,,,,,,,,,,,,,,,,,,,,,,,,,132.83926404100202,132.84728966600233,133.33414670800266,133.33414670800266,133.4062240830026,133.4062240830026,133.8428311250027,left,0.9912894580047578,None,133.84295408300386,133.84300816599716,None,,,,,,,,,,,,21049997,0,2025-10-20_13h11.20.095,tilt_mocs,2024.2.4,118.29343922245755,2025-10-20 13h11.29.216890 -0400,
1.0,0.0,,66,66,0,,,,,,,,,,p2,noss,0,right,1.0721049580024555,None,None,,,,,,,,,,,0,66,66,674,133.85333941599674,,,,,,,,,,,,,,,,,,,,,,,,,,,,,,,,,,,,,,,,,,,,,,,,,,,,,,,,,,133.84491358300147,133.85333941599674,134.3428624579974,134.3428624579974,134.4179284999991,134.4179284999991,134.93666679099988,right,1.0721049580024555,None,134.93679987500218,134.93685558300058,None,,,,,,,,,,,,21049997,0,2025-10-20_13h11.20.095,tilt_mocs,2024.2.4,118.29343922245755,2025-10-20 13h11.29.216890 -0400,
1.0,0.0,,67,67,0,,,,,,,,,,p2,noss,0,right,1.0121054590053973,None,None,,,,,,,,,,,0,67,67,672,134.94681512500392,,,,,,,,,,,,,,,,,,,,,,,,,,,,,,,,,,,,,,,,,,,,,,,,,,,,,,,,,,134.93879291600024,134.94681512500392,135.43420341599995,135.43420341599995,135.50644949999696,135.50644949999696,135.98542454100243,right,1.0121054590053973,None,135.9855613749969,135.98561862500355,None,,,,,,,,,,,,21049997,0,2025-10-20_13h11.20.095,tilt_mocs,2024.2.4,118.29343922245755,2025-10-20 13h11.29.216890 -0400,
2.0,0.0,,68,68,0,,,,,,,,,,p3,noss,0,right,0.966037124999275,None,None,,,,,,,,,,,0,68,68,697,136.0013419579991,,,,,,,,,,,,,,,,,,,,,,,,,,,,,,,,,,,,,,,,,,,,,,,,,,,,,,,,,,135.98788145800063,136.0013419579991,136.47700574999908,136.47700574999908,136.5514815830029,136.5514815830029,136.9700864999977,right,0.966037124999275,None,136.97021762499935,136.9702723750015,None,,,,,,,,,,,,21049997,0,2025-10-20_13h11.20.095,tilt_mocs,2024.2.4,118.29343922245755,2025-10-20 13h11.29.216890 -0400,
4.166666666666667,15.0,,69,69,0,,,,,,,,,,p2,poss,100,right,1.0448165409979993,None,None,,,,,,,,,,,0,69,69,211,136.98025504100224,,,,,,,,,,,,,,,,,,,,,,,,,,,,,,,,,,,,,,,,,,,,,,,,,,,,,,,,,,136.9723146660035,136.98025504100224,137.46754395800235,137.46754395800235,137.54051195800275,137.54051195800275,138.03593858300155,right,1.0448165409979993,None,138.03604362499755,138.03608845800045,None,,,,,,,,,,,,21049997,0,2025-10-20_13h11.20.095,tilt_mocs,2024.2.4,118.29343922245755,2025-10-20 13h11.29.216890 -0400,
-2.75,-15.0,,70,70,0,,,,,,,,,,p3,negs,100,right,1.000162000003911,None,None,,,,,,,,,,,0,70,70,548,138.0434766660037,,,,,,,,,,,,,,,,,,,,,,,,,,,,,,,,,,,,,,,,,,,,,,,,,,,,,,,,,,138.0380100830007,138.0434766660037,138.53418737500033,138.53418737500033,138.6064947909981,138.6064947909981,139.05382837499928,right,1.000162000003911,None,139.05398833299841,139.05404720800288,None,,,,,,,,,,,,21049997,0,2025-10-20_13h11.20.095,tilt_mocs,2024.2.4,118.29343922245755,2025-10-20 13h11.29.216890 -0400,
-5.75,-15.0,,71,71,0,,,,,,,,,,m2,negs,100,left,1.0708256249999977,None,None,,,,,,,,,,,0,71,71,331,139.06539254100062,,,,,,,,,,,,,,,,,,,,,,,,,,,,,,,,,,,,,,,,,,,,,,,,,,,,,,,,,,139.05722850000166,139.06539254100062,139.550910416001,139.550910416001,139.6240665410005,139.6240665410005,140.1435452079968,left,1.0708256249999977,None,140.14367462500377,140.14373150000029,None,,,,,,,,,,,,21049997,0,2025-10-20_13h11.20.095,tilt_mocs,2024.2.4,118.29343922245755,2025-10-20 13h11.29.216890 -0400,
-2.75,-15.0,,72,72,0,,,,,,,,,,p3,negs,100,left,1.7473995830005151,None,None,,,,,,,,,,,0,72,72,528,140.1541597079995,,,,,,,,,,,,,,,,,,,,,,,,,,,,,,,,,,,,,,,,,,,,,,,,,,,,,,,,,,140.1461702910019,140.1541597079995,140.6433336659975,140.6433336659975,140.71819704100199,140.71819704100199,141.90469920800388,left,1.7473995830005151,None,141.90484741600085,141.90490412500367,None,,,,,,,,,,,,21049997,0,2025-10-20_13h11.20.095,tilt_mocs,2024.2.4,118.29343922245755,2025-10-20 13h11.29.216890 -0400,
-4.75,-15.0,,73,73,0,,,,,,,,,,PSE,negs,100,left,1.0386090000029071,None,None,,,,,,,,,,,0,73,73,406,141.9161247910015,,,,,,,,,,,,,,,,,,,,,,,,,,,,,,,,,,,,,,,,,,,,,,,,,,,,,,,,,,141.9075023330006,141.9161247910015,142.40097045800212,142.40097045800212,142.47468204100005,142.47468204100005,142.9595414159994,left,1.0386090000029071,None,142.95964741599892,142.95969258299738,None,,,,,,,,,,,,21049997,0,2025-10-20_13h11.20.095,tilt_mocs,2024.2.4,118.29343922245755,2025-10-20 13h11.29.216890 -0400,
-4.25,-15.0,,74,74,0,,,,,,,,,,p1,negs,100,left,1.1763506249990314,None,None,,,,,,,,,,,0,74,74,475,142.97000337499776,,,,,,,,,,,,,,,,,,,,,,,,,,,,,,,,,,,,,,,,,,,,,,,,,,,,,,,,,,142.9616141660008,142.97000337499776,143.46021779099829,143.46021779099829,143.5350643749989,143.5350643749989,144.1537953329971,left,1.1763506249990314,None,144.15391754099983,144.1539627500024,None,,,,,,,,,,,,21049997,0,2025-10-20_13h11.20.095,tilt_mocs,2024.2.4,118.29343922245755,2025-10-20 13h11.29.216890 -0400,
1.166666666666667,15.0,,75,75,0,,,,,,,,,,m3,poss,100,left,1.1046847500037984,None,None,,,,,,,,,,,0,75,75,26,144.1638539159976,,,,,,,,,,,,,,,,,,,,,,,,,,,,,,,,,,,,,,,,,,,,,,,,,,,,,,,,,,144.1559103749969,144.1638539159976,144.65117583300162,144.65117583300162,144.72347087500384,144.72347087500384,145.2715442080007,left,1.1046847500037984,None,145.27169850000064,145.27175520799938,None,,,,,,,,,,,,21049997,0,2025-10-20_13h11.20.095,tilt_mocs,2024.2.4,118.29343922245755,2025-10-20 13h11.29.216890 -0400,
-4.75,-15.0,,76,76,0,,,,,,,,,,PSE,negs,100,left,1.036101208999753,None,None,,,,,,,,,,,0,76,76,402,145.28242441600014,,,,,,,,,,,,,,,,,,,,,,,,,,,,,,,,,,,,,,,,,,,,,,,,,,,,,,,,,,145.27398641600303,145.28242441600014,145.76771783299773,145.76771783299773,145.83943679100048,145.83943679100048,146.32113962499716,left,1.036101208999753,None,146.3212964580016,146.3213530830035,None,,,,,,,,,,,,21049997,0,2025-10-20_13h11.20.095,tilt_mocs,2024.2.4,118.29343922245755,2025-10-20 13h11.29.216890 -0400,
5.166666666666667,15.0,,77,77,0,,,,,,,,,,p3,poss,100,right,1.0424300419981591,None,None,,,,,,,,,,,0,77,77,246,146.33215379100147,,,,,,,,,,,,,,,,,,,,,,,,,,,,,,,,,,,,,,,,,,,,,,,,,,,,,,,,,,146.32392316599726,146.33215379100147,146.81817112499994,146.81817112499994,146.89190687500377,146.89190687500377,147.38559670800169,right,1.0424300419981591,None,147.38570604100096,147.38574991600035,None,,,,,,,,,,,,21049997,0,2025-10-20_13h11.20.095,tilt_mocs,2024.2.4,118.29343922245755,2025-10-20 13h11.29.216890 -0400,
2.666666666666667,15.0,,78,78,0,,,,,,,,,,m1,poss,100,left,1.275902875000611,None,None,,,,,,,,,,,0,78,78,115,147.39249133299745,,,,,,,,,,,,,,,,,,,,,,,,,,,,,,,,,,,,,,,,,,,,,,,,,,,,,,,,,,147.38767258299777,147.39249133299745,147.8765061660015,147.8765061660015,147.95182741600001,147.95182741600001,148.67088437500206,left,1.275902875000611,None,148.67101491599897,148.67107108300115,None,,,,,,,,,,,,21049997,0,2025-10-20_13h11.20.095,tilt_mocs,2024.2.4,118.29343922245755,2025-10-20 13h11.29.216890 -0400,
3.666666666666667,15.0,,79,79,0,,,,,,,,,,p1,poss,100,right,1.1434018329964601,None,None,,,,,,,,,,,0,79,79,178,148.6812027499982,,,,,,,,,,,,,,,,,,,,,,,,,,,,,,,,,,,,,,,,,,,,,,,,,,,,,,,,,,148.6732885829988,148.6812027499982,149.16789108300145,149.16789108300145,149.2408391659992,149.2408391659992,149.83721687499929,right,1.1434018329964601,None,149.83735033300036,149.8374052500003,None,,,,,,,,,,,,21049997,0,2025-10-20_13h11.20.095,tilt_mocs,2024.2.4,118.29343922245755,2025-10-20 13h11.29.216890 -0400,
0.5,0.0,,80,80,0,,,,,,,,,,p1,noss,0,left,1.073193291995267,None,None,,,,,,,,,,,0,80,80,643,149.84785145799833,,,,,,,,,,,,,,,,,,,,,,,,,,,,,,,,,,,,,,,,,,,,,,,,,,,,,,,,,,149.839779832997,149.84785145799833,150.3352378749987,150.3352378749987,150.40647366600024,150.40647366600024,150.92676624999876,left,1.073193291995267,None,150.92687512499833,150.92692979099957,None,,,,,,,,,,,,21049997,0,2025-10-20_13h11.20.095,tilt_mocs,2024.2.4,118.29343922245755,2025-10-20 13h11.29.216890 -0400,
2.166666666666667,15.0,,81,81,0,,,,,,,,,,m2,poss,100,left,1.057955749995017,None,None,,,,,,,,,,,0,81,81,54,150.93722975000128,,,,,,,,,,,,,,,,,,,,,,,,,,,,,,,,,,,,,,,,,,,,,,,,,,,,,,,,,,150.9289244160027,150.93722975000128,151.42692654100392,151.42692654100392,151.50187070800166,151.50187070800166,152.0050853749999,left,1.057955749995017,None,152.0052388749973,152.00529854100023,None,,,,,,,,,,,,21049997,0,2025-10-20_13h11.20.095,tilt_mocs,2024.2.4,118.29343922245755,2025-10-20 13h11.29.216890 -0400,
3.166666666666667,15.0,,82,82,0,,,,,,,,,,PSE,poss,100,right,1.144854292004311,None,None,,,,,,,,,,,0,82,82,138,152.01611162500194,,,,,,,,,,,,,,,,,,,,,,,,,,,,,,,,,,,,,,,,,,,,,,,,,,,,,,,,,,152.0077940409974,152.01611162500194,152.50139354100247,152.50139354100247,152.58535466600006,152.58535466600006,153.1711462500025,right,1.144854292004311,None,153.17130666600133,153.17136008299713,None,,,,,,,,,,,,21049997,0,2025-10-20_13h11.20.095,tilt_mocs,2024.2.4,118.29343922245755,2025-10-20 13h11.29.216890 -0400,
-2.75,-15.0,,83,83,0,,,,,,,,,,p3,negs,100,right,1.1210922500031302,None,None,,,,,,,,,,,0,83,83,545,153.18254187500133,,,,,,,,,,,,,,,,,,,,,,,,,,,,,,,,,,,,,,,,,,,,,,,,,,,,,,,,,,153.17440958299994,153.18254187500133,153.66729991600005,153.66729991600005,153.7406581250034,153.7406581250034,154.31019670800015,right,1.1210922500031302,None,154.3103259999989,154.31038204100332,None,,,,,,,,,,,,21049997,0,2025-10-20_13h11.20.095,tilt_mocs,2024.2.4,118.29343922245755,2025-10-20 13h11.29.216890 -0400,
5.166666666666667,15.0,,84,84,0,,,,,,,,,,p3,poss,100,right,1.042213124994305,None,None,,,,,,,,,,,0,84,84,255,154.32113420800306,,,,,,,,,,,,,,,,,,,,,,,,,,,,,,,,,,,,,,,,,,,,,,,,,,,,,,,,,,154.3127067079986,154.32113420800306,154.8099248330036,154.8099248330036,154.88529541600292,154.88529541600292,155.37116616599815,right,1.042213124994305,None,155.37129658299818,155.3713534999988,None,,,,,,,,,,,,21049997,0,2025-10-20_13h11.20.095,tilt_mocs,2024.2.4,118.29343922245755,2025-10-20 13h11.29.216890 -0400,
-4.75,-15.0,,85,85,0,,,,,,,,,,PSE,negs,100,left,1.1304701670014765,None,None,,,,,,,,,,,0,85,85,416,155.3815760830039,,,,,,,,,,,,,,,,,,,,,,,,,,,,,,,,,,,,,,,,,,,,,,,,,,,,,,,,,,155.37354149999737,155.3815760830039,155.8682949580034,155.8682949580034,155.94023454099806,155.94023454099806,156.52107237499877,left,1.1304701670014765,None,156.5212339159989,156.5212896660014,None,,,,,,,,,,,,21049997,0,2025-10-20_13h11.20.095,tilt_mocs,2024.2.4,118.29343922245755,2025-10-20 13h11.29.216890 -0400,
-6.75,-15.0,,86,86,0,,,,,,,,,,m3,negs,100,left,1.0224321670029894,None,None,,,,,,,,,,,0,86,86,298,156.53246395799943,,,,,,,,,,,,,,,,,,,,,,,,,,,,,,,,,,,,,,,,,,,,,,,,,,,,,,,,,,156.52419941600238,156.53246395799943,157.01819329099817,157.01819329099817,157.09029449999798,157.09029449999798,157.55950012500398,left,1.0224321670029894,None,157.55962416600232,157.5596802910004,None,,,,,,,,,,,,21049997,0,2025-10-20_13h11.20.095,tilt_mocs,2024.2.4,118.29343922245755,2025-10-20 13h11.29.216890 -0400,
0.5,0.0,,87,87,0,,,,,,,,,,p1,noss,0,right,1.0869884159983485,None,None,,,,,,,,,,,0,87,87,653,157.58499008299987,,,,,,,,,,,,,,,,,,,,,,,,,,,,,,,,,,,,,,,,,,,,,,,,,,,,,,,,,,157.56165216599766,157.58499008299987,158.06158979100292,158.06158979100292,158.135542875003,158.135542875003,158.67791350000334,right,1.0869884159983485,None,158.67804854099813,158.6781060830035,None,,,,,,,,,,,,21049997,0,2025-10-20_13h11.20.095,tilt_mocs,2024.2.4,118.29343922245755,2025-10-20 13h11.29.216890 -0400,
-0.5,0.0,,88,88,0,,,,,,,,,,m1,noss,0,right,1.2875318750011502,None,None,,,,,,,,,,,0,88,88,612,158.6880185830014,,,,,,,,,,,,,,,,,,,,,,,,,,,,,,,,,,,,,,,,,,,,,,,,,,,,,,,,,,158.680283665999,158.6880185830014,159.17741345799732,159.17741345799732,159.25214537500142,159.25214537500142,159.98773137500393,right,1.2875318750011502,None,159.9878620410018,159.9879189159983,None,,,,,,,,,,,,21049997,0,2025-10-20_13h11.20.095,tilt_mocs,2024.2.4,118.29343922245755,2025-10-20 13h11.29.216890 -0400,
-4.25,-15.0,,89,89,0,,,,,,,,,,p1,negs,100,left,1.1255492090058397,None,None,,,,,,,,,,,0,89,89,445,159.9979256250008,,,,,,,,,,,,,,,,,,,,,,,,,,,,,,,,,,,,,,,,,,,,,,,,,,,,,,,,,,159.9899266249995,159.9979256250008,160.48507204100315,160.48507204100315,160.55728975000238,160.55728975000238,161.12632504099747,left,1.1255492090058397,None,161.12642200000118,161.12646595799742,None,,,,,,,,,,,,21049997,0,2025-10-20_13h11.20.095,tilt_mocs,2024.2.4,118.29343922245755,2025-10-20 13h11.29.216890 -0400,
-5.75,-15.0,,90,90,0,,,,,,,,,,m2,negs,100,left,1.0767321250023087,None,None,,,,,,,,,,,0,90,90,337,161.15194104100374,,,,,,,,,,,,,,,,,,,,,,,,,,,,,,,,,,,,,,,,,,,,,,,,,,,,,,,,,,161.12842762500077,161.15194104100374,161.6278513330035,161.6278513330035,161.70235741599754,161.70235741599754,162.23783491599897,left,1.0767321250023087,None,162.23800499999925,162.2380656250025,None,,,,,,,,,,,,21049997,0,2025-10-20_13h11.20.095,tilt_mocs,2024.2.4,118.29343922245755,2025-10-20 13h11.29.216890 -0400,
0.0,0.0,,91,91,0,,,,,,,,,,PSE,noss,0,left,1.1206960839990643,None,None,,,,,,,,,,,0,91,91,631,162.24894925000262,,,,,,,,,,,,,,,,,,,,,,,,,,,,,,,,,,,,,,,,,,,,,,,,,,,,,,,,,,162.2406872499996,162.24894925000262,162.73509583299892,162.73509583299892,162.8071867500039,162.8071867500039,163.3724013750034,left,1.1206960839990643,None,163.37255841599836,163.37262620800175,None,,,,,,,,,,,,21049997,0,2025-10-20_13h11.20.095,tilt_mocs,2024.2.4,118.29343922245755,2025-10-20 13h11.29.216890 -0400,
0.0,0.0,,92,92,0,,,,,,,,,,PSE,noss,0,right,1.0730724169989116,None,None,,,,,,,,,,,0,92,92,626,163.3833258329978,,,,,,,,,,,,,,,,,,,,,,,,,,,,,,,,,,,,,,,,,,,,,,,,,,,,,,,,,,163.37500270800228,163.3833258329978,163.86841587500385,163.86841587500385,163.9414583329999,163.9414583329999,164.4596879160017,right,1.0730724169989116,None,164.45978820799792,164.4598300409998,None,,,,,,,,,,,,21049997,0,2025-10-20_13h11.20.095,tilt_mocs,2024.2.4,118.29343922245755,2025-10-20 13h11.29.216890 -0400,
4.166666666666667,15.0,,93,93,0,,,,,,,,,,p2,poss,100,left,0.9019132920002448,None,None,,,,,,,,,,,0,93,93,201,164.48537504100386,,,,,,,,,,,,,,,,,,,,,,,,,,,,,,,,,,,,,,,,,,,,,,,,,,,,,,,,,,164.4617874579999,164.48537504100386,164.9605935829968,164.9605935829968,165.03568025000277,165.03568025000277,165.39367333299742,left,0.9019132920002448,None,165.39377941600105,165.39382541600207,None,,,,,,,,,,,,21049997,0,2025-10-20_13h11.20.095,tilt_mocs,2024.2.4,118.29343922245755,2025-10-20 13h11.29.216890 -0400,
3.166666666666667,15.0,,94,94,0,,,,,,,,,,PSE,poss,100,left,1.2497694170015166,None,None,,,,,,,,,,,0,94,94,153,165.40426970800036,,,,,,,,,,,,,,,,,,,,,,,,,,,,,,,,,,,,,,,,,,,,,,,,,,,,,,,,,,165.39576570800273,165.40426970800036,165.8940513330017,165.8940513330017,165.96912795800017,165.96912795800017,166.66145695799787,left,1.2497694170015166,None,166.6615914580034,166.66164783300337,None,,,,,,,,,,,,21049997,0,2025-10-20_13h11.20.095,tilt_mocs,2024.2.4,118.29343922245755,2025-10-20 13h11.29.216890 -0400,
1.0,0.0,,95,95,0,,,,,,,,,,p2,noss,0,right,1.0683651660001487,None,None,,,,,,,,,,,0,95,95,673,166.67178804099967,,,,,,,,,,,,,,,,,,,,,,,,,,,,,,,,,,,,,,,,,,,,,,,,,,,,,,,,,,166.66412083300384,166.67178804099967,167.16066929099907,167.16066929099907,167.23578462500154,167.23578462500154,167.74412920800387,right,1.0683651660001487,None,167.74422595799842,167.7442687080038,None,,,,,,,,,,,,21049997,0,2025-10-20_13h11.20.095,tilt_mocs,2024.2.4,118.29343922245755,2025-10-20 13h11.29.216890 -0400,
3.666666666666667,15.0,,96,96,0,,,,,,,,,,p1,poss,100,right,1.0896519590023672,None,None,,,,,,,,,,,0,96,96,165,167.7545149580037,,,,,,,,,,,,,,,,,,,,,,,,,,,,,,,,,,,,,,,,,,,,,,,,,,,,,,,,,,167.74620783299906,167.7545149580037,168.2440553330016,168.2440553330016,168.31928245800373,168.31928245800373,168.85435108299862,right,1.0896519590023672,None,168.85445712500223,168.85450141599722,None,,,,,,,,,,,,21049997,0,2025-10-20_13h11.20.095,tilt_mocs,2024.2.4,118.29343922245755,2025-10-20 13h11.29.216890 -0400,
0.0,0.0,,97,97,0,,,,,,,,,,PSE,noss,0,right,1.0152720000041882,None,None,,,,,,,,,,,0,97,97,621,168.86477341599675,,,,,,,,,,,,,,,,,,,,,,,,,,,,,,,,,,,,,,,,,,,,,,,,,,,,,,,,,,168.85678600000392,168.86477341599675,169.35196379099943,169.35196379099943,169.42510649999895,169.42510649999895,169.88813679099985,right,1.0152720000041882,None,169.888317500001,169.88838204099739,None,,,,,,,,,,,,21049997,0,2025-10-20_13h11.20.095,tilt_mocs,2024.2.4,118.29343922245755,2025-10-20 13h11.29.216890 -0400,
2.666666666666667,15.0,,98,98,0,,,,,,,,,,m1,poss,100,right,1.0605871670049964,None,None,,,,,,,,,,,0,98,98,100,169.89933174999896,,,,,,,,,,,,,,,,,,,,,,,,,,,,,,,,,,,,,,,,,,,,,,,,,,,,,,,,,,169.89093049999792,169.89933174999896,170.3853706660011,170.3853706660011,170.45733570800076,170.45733570800076,170.9712087500011,right,1.0605871670049964,None,170.97133762500016,170.97139579099894,None,,,,,,,,,,,,21049997,0,2025-10-20_13h11.20.095,tilt_mocs,2024.2.4,118.29343922245755,2025-10-20 13h11.29.216890 -0400,
-4.25,-15.0,,99,99,0,,,,,,,,,,p1,negs,100,right,1.0590892500040354,None,None,,,,,,,,,,,0,99,99,478,170.98157633299707,,,,,,,,,,,,,,,,,,,,,,,,,,,,,,,,,,,,,,,,,,,,,,,,,,,,,,,,,,170.973632250003,170.98157633299707,171.4687515409969,171.4687515409969,171.54081970800326,171.54081970800326,172.0440962499997,right,1.0590892500040354,None,172.04419645800226,172.04423937499814,None,,,,,,,,,,,,21049997,0,2025-10-20_13h11.20.095,tilt_mocs,2024.2.4,118.29343922245755,2025-10-20 13h11.29.216890 -0400,
-6.75,-15.0,,100,100,0,,,,,,,,,,m3,negs,100,left,1.1620632499980275,None,space,4.5283210830020835,None,,,,,,,,,0,100,100,292,172.05455612500373,,,,,,,,,,,,,,,,,,,,,,,,,,,,,,,,,,,,,,,,,,,,,,,,,,,,,,,,,,172.04615845799708,172.05455612500373,172.54467450000084,172.54467450000084,172.61920824999834,172.61920824999834,173.2216545409974,left,1.1620632499980275,None,173.22177183299937,177.76223816600395,space,173.23138079100318,173.23138079100318,4.5283210830020835,None,,,,,,,,21049997,0,2025-10-20_13h11.20.095,tilt_mocs,2024.2.4,118.29343922245755,2025-10-20 13h11.29.216890 -0400,
-2.0,0.0,,101,101,0,,,,,,,,,,m3,noss,0,left,1.0474076249956852,None,None,,,,,,,,,,,0,101,101,569,177.7726687500035,,,,,,,,,,,,,,,,,,,,,,,,,,,,,,,,,,,,,,,,,,,,,,,,,,,,,,,,,,177.76426250000077,177.7726687500035,178.26114495799993,178.26114495799993,178.33614983299776,178.33614983299776,178.8226666249975,left,1.0474076249956852,None,178.8227984999976,178.82285550000233,None,,,,,,,,,,,,21049997,0,2025-10-20_13h11.20.095,tilt_mocs,2024.2.4,118.29343922245755,2025-10-20 13h11.29.216890 -0400,
2.666666666666667,15.0,,102,102,0,,,,,,,,,,m1,poss,100,right,1.1431626249977853,None,None,,,,,,,,,,,0,102,102,84,178.83338450000156,,,,,,,,,,,,,,,,,,,,,,,,,,,,,,,,,,,,,,,,,,,,,,,,,,,,,,,,,,178.82522329100175,178.83338450000156,179.31902066600014,179.31902066600014,179.3920950410029,179.3920950410029,179.98823750000156,right,1.1431626249977853,None,179.9883722500017,179.98842733300262,None,,,,,,,,,,,,21049997,0,2025-10-20_13h11.20.095,tilt_mocs,2024.2.4,118.29343922245755,2025-10-20 13h11.29.216890 -0400,
2.666666666666667,15.0,,103,103,0,,,,,,,,,,m1,poss,100,right,1.0231403750003665,None,None,,,,,,,,,,,0,103,103,101,179.99848287500208,,,,,,,,,,,,,,,,,,,,,,,,,,,,,,,,,,,,,,,,,,,,,,,,,,,,,,,,,,179.9904882080009,179.99848287500208,180.48589104100392,180.48589104100392,180.55804904099932,180.55804904099932,181.0277283750038,right,1.0231403750003665,None,181.02785383300215,181.02791087500373,None,,,,,,,,,,,,21049997,0,2025-10-20_13h11.20.095,tilt_mocs,2024.2.4,118.29343922245755,2025-10-20 13h11.29.216890 -0400,
4.166666666666667,15.0,,104,104,0,,,,,,,,,,p2,poss,100,right,0.9570871660034754,None,None,,,,,,,,,,,0,104,104,221,181.03829045800376,,,,,,,,,,,,,,,,,,,,,,,,,,,,,,,,,,,,,,,,,,,,,,,,,,,,,,,,,,181.02991550000297,181.03829045800376,181.52795595800126,181.52795595800126,181.60292741600279,181.60292741600279,182.00524849999783,right,0.9570871660034754,None,182.0053801660033,182.00543529100105,None,,,,,,,,,,,,21049997,0,2025-10-20_13h11.20.095,tilt_mocs,2024.2.4,118.29343922245755,2025-10-20 13h11.29.216890 -0400,
2.166666666666667,15.0,,105,105,0,,,,,,,,,,m2,poss,100,right,1.0477380419979454,None,None,,,,,,,,,,,0,105,105,59,182.01563441599865,,,,,,,,,,,,,,,,,,,,,,,,,,,,,,,,,,,,,,,,,,,,,,,,,,,,,,,,,,182.00772183299705,182.01563441599865,182.50259291600378,182.50259291600378,182.57574508299876,182.57574508299876,183.07186950000323,right,1.0477380419979454,None,183.0719990409998,183.07205424999847,None,,,,,,,,,,,,21049997,0,2025-10-20_13h11.20.095,tilt_mocs,2024.2.4,118.29343922245755,2025-10-20 13h11.29.216890 -0400,
0.5,0.0,,106,106,0,,,,,,,,,,p1,noss,0,right,0.9163749579965952,None,None,,,,,,,,,,,0,106,106,648,183.08238683299714,,,,,,,,,,,,,,,,,,,,,,,,,,,,,,,,,,,,,,,,,,,,,,,,,,,,,,,,,,183.07439620800142,183.08238683299714,183.56914233299904,183.56914233299904,183.64132216599683,183.64132216599683,184.00501325000369,right,0.9163749579965952,None,184.00511983300385,184.00516400000197,None,,,,,,,,,,,,21049997,0,2025-10-20_13h11.20.095,tilt_mocs,2024.2.4,118.29343922245755,2025-10-20 13h11.29.216890 -0400,
-2.75,-15.0,,107,107,0,,,,,,,,,,p3,negs,100,right,0.8966107919986825,None,None,,,,,,,,,,,0,107,107,531,184.01503962500283,,,,,,,,,,,,,,,,,,,,,,,,,,,,,,,,,,,,,,,,,,,,,,,,,,,,,,,,,,184.00708108300023,184.01503962500283,184.50263354100025,184.50263354100025,184.57485687499866,184.57485687499866,184.92237908300012,right,0.8966107919986825,None,184.92254229100217,184.92260745800013,None,,,,,,,,,,,,21049997,0,2025-10-20_13h11.20.095,tilt_mocs,2024.2.4,118.29343922245755,2025-10-20 13h11.29.216890 -0400,
2.166666666666667,15.0,,108,108,0,,,,,,,,,,m2,poss,100,right,0.9757515420060372,None,None,,,,,,,,,,,0,108,108,43,184.93330425000022,,,,,,,,,,,,,,,,,,,,,,,,,,,,,,,,,,,,,,,,,,,,,,,,,,,,,,,,,,184.9249883750017,184.93330425000022,185.41918550000264,185.41918550000264,185.49161195800116,185.49161195800116,185.9200445000024,right,0.9757515420060372,None,185.92014562500117,185.92020420799963,None,,,,,,,,,,,,21049997,0,2025-10-20_13h11.20.095,tilt_mocs,2024.2.4,118.29343922245755,2025-10-20 13h11.29.216890 -0400,
1.0,0.0,,109,109,0,,,,,,,,,,p2,noss,0,right,0.9809457910014316,None,None,,,,,,,,,,,0,109,109,676,185.927270375003,,,,,,,,,,,,,,,,,,,,,,,,,,,,,,,,,,,,,,,,,,,,,,,,,,,,,,,,,,185.92213433299912,185.927270375003,186.41191724999953,186.41191724999953,186.4864167909982,186.4864167909982,186.91100474999985,right,0.9809457910014316,None,186.9111556659991,186.91122950000135,None,,,,,,,,,,,,21049997,0,2025-10-20_13h11.20.095,tilt_mocs,2024.2.4,118.29343922245755,2025-10-20 13h11.29.216890 -0400,
-2.0,0.0,,110,110,0,,,,,,,,,,m3,noss,0,left,2.321040457994968,None,None,,,,,,,,,,,0,110,110,570,186.92264320800314,,,,,,,,,,,,,,,,,,,,,,,,,,,,,,,,,,,,,,,,,,,,,,,,,,,,,,,,,,186.91503045800346,186.92264320800314,187.41185495800164,187.41185495800164,187.48668233300123,187.48668233300123,189.2553540000008,left,2.321040457994968,None,189.25547979099792,189.25553437499912,None,,,,,,,,,,,,21049997,0,2025-10-20_13h11.20.095,tilt_mocs,2024.2.4,118.29343922245755,2025-10-20 13h11.29.216890 -0400,
1.166666666666667,15.0,,111,111,0,,,,,,,,,,m3,poss,100,right,1.2044408340007067,None,None,,,,,,,,,,,0,111,111,21,189.2656309160011,,,,,,,,,,,,,,,,,,,,,,,,,,,,,,,,,,,,,,,,,,,,,,,,,,,,,,,,,,189.25775683300162,189.2656309160011,189.75293033300113,189.75293033300113,189.82514620800066,189.82514620800066,190.47247054099716,right,1.2044408340007067,None,190.47257741600333,190.47262112500175,None,,,,,,,,,,,,21049997,0,2025-10-20_13h11.20.095,tilt_mocs,2024.2.4,118.29343922245755,2025-10-20 13h11.29.216890 -0400,
-6.75,-15.0,,112,112,0,,,,,,,,,,m3,negs,100,left,1.024227374997281,None,None,,,,,,,,,,,0,112,112,317,190.4825633750006,,,,,,,,,,,,,,,,,,,,,,,,,,,,,,,,,,,,,,,,,,,,,,,,,,,,,,,,,,190.47461312499945,190.4825633750006,190.96948541599704,190.96948541599704,191.04165879100037,191.04165879100037,191.51130579099845,left,1.024227374997281,None,191.51140233300248,191.51144424999802,None,,,,,,,,,,,,21049997,0,2025-10-20_13h11.20.095,tilt_mocs,2024.2.4,118.29343922245755,2025-10-20 13h11.29.216890 -0400,
5.166666666666667,15.0,,113,113,0,,,,,,,,,,p3,poss,100,left,1.1319627499979106,None,None,,,,,,,,,,,0,113,113,257,191.5217789160015,,,,,,,,,,,,,,,,,,,,,,,,,,,,,,,,,,,,,,,,,,,,,,,,,,,,,,,,,,191.51333154099848,191.5217789160015,192.0118940829998,192.0118940829998,192.0867347079984,192.0867347079984,192.65623787500226,left,1.1319627499979106,None,192.65638362499885,192.6564428749989,None,,,,,,,,,,,,21049997,0,2025-10-20_13h11.20.095,tilt_mocs,2024.2.4,118.29343922245755,2025-10-20 13h11.29.216890 -0400,
0.5,0.0,,114,114,0,,,,,,,,,,p1,noss,0,left,0.8718103329956648,None,None,,,,,,,,,,,0,114,114,641,192.6667322909998,,,,,,,,,,,,,,,,,,,,,,,,,,,,,,,,,,,,,,,,,,,,,,,,,,,,,,,,,,192.6587755829969,192.6667322909998,193.15299345800304,193.15299345800304,193.22487379099766,193.22487379099766,193.54385429099784,left,0.8718103329956648,None,193.54398879100336,193.54404362499918,None,,,,,,,,,,,,21049997,0,2025-10-20_13h11.20.095,tilt_mocs,2024.2.4,118.29343922245755,2025-10-20 13h11.29.216890 -0400,
4.166666666666667,15.0,,115,115,0,,,,,,,,,,p2,poss,100,left,0.9017511249985546,None,None,,,,,,,,,,,0,115,115,218,193.56980883300275,,,,,,,,,,,,,,,,,,,,,,,,,,,,,,,,,,,,,,,,,,,,,,,,,,,,,,,,,,193.5461421250002,193.56980883300275,194.0454177080028,194.0454177080028,194.1201054580015,194.1201054580015,194.47868020799797,left,0.9017511249985546,None,194.47882170799858,194.47887691600044,None,,,,,,,,,,,,21049997,0,2025-10-20_13h11.20.095,tilt_mocs,2024.2.4,118.29343922245755,2025-10-20 13h11.29.216890 -0400,
2.166666666666667,15.0,,116,116,0,,,,,,,,,,m2,poss,100,left,1.0862585409995518,None,None,,,,,,,,,,,0,116,116,41,194.48923458300123,,,,,,,,,,,,,,,,,,,,,,,,,,,,,,,,,,,,,,,,,,,,,,,,,,,,,,,,,,194.48103312499734,194.48923458300123,194.9786850829987,194.9786850829987,195.05350300000282,195.05350300000282,195.5781791249974,left,1.0862585409995518,None,195.57828133300063,195.57832433300064,None,,,,,,,,,,,,21049997,0,2025-10-20_13h11.20.095,tilt_mocs,2024.2.4,118.29343922245755,2025-10-20 13h11.29.216890 -0400,
-5.25,-15.0,,117,117,0,,,,,,,,,,m1,negs,100,left,1.2479294999939157,None,None,,,,,,,,,,,0,117,117,382,195.58838858299714,,,,,,,,,,,,,,,,,,,,,,,,,,,,,,,,,,,,,,,,,,,,,,,,,,,,,,,,,,195.5802641659975,195.58838858299714,196.07831758300017,196.07831758300017,196.1536495410037,196.1536495410037,196.83922387500206,left,1.2479294999939157,None,196.83933462500136,196.8393781659979,None,,,,,,,,,,,,21049997,0,2025-10-20_13h11.20.095,tilt_mocs,2024.2.4,118.29343922245755,2025-10-20 13h11.29.216890 -0400,
-2.75,-15.0,,118,118,0,,,,,,,,,,p3,negs,100,right,1.2042080829996848,None,None,,,,,,,,,,,0,118,118,555,196.84934583299764,,,,,,,,,,,,,,,,,,,,,,,,,,,,,,,,,,,,,,,,,,,,,,,,,,,,,,,,,,196.84126016600203,196.84934583299764,197.3362641249987,197.3362641249987,197.4086422909968,197.4086422909968,198.05607591599983,right,1.2042080829996848,None,198.05624104099843,198.05630395800108,None,,,,,,,,,,,,21049997,0,2025-10-20_13h11.20.095,tilt_mocs,2024.2.4,118.29343922245755,2025-10-20 13h11.29.216890 -0400,
-3.75,-15.0,,119,119,0,,,,,,,,,,p2,negs,100,right,1.2433738749969052,None,None,,,,,,,,,,,0,119,119,498,198.06697775000066,,,,,,,,,,,,,,,,,,,,,,,,,,,,,,,,,,,,,,,,,,,,,,,,,,,,,,,,,,198.05893870800355,198.06697775000066,198.55302875000052,198.55302875000052,198.62530462499853,198.62530462499853,199.32054412500293,right,1.2433738749969052,None,199.32065816599788,199.32070291600394,None,,,,,,,,,,,,21049997,0,2025-10-20_13h11.20.095,tilt_mocs,2024.2.4,118.29343922245755,2025-10-20 13h11.29.216890 -0400,
4.166666666666667,15.0,,120,120,0,,,,,,,,,,p2,poss,100,right,1.1190260829971521,None,None,,,,,,,,,,,0,120,120,212,199.32782725000288,,,,,,,,,,,,,,,,,,,,,,,,,,,,,,,,,,,,,,,,,,,,,,,,,,,,,,,,,,199.32265758299764,199.32782725000288,199.81276716599677,199.81276716599677,199.88708125000267,199.88708125000267,200.4557815829976,right,1.1190260829971521,None,200.45595224999852,200.45600583300256,None,,,,,,,,,,,,21049997,0,2025-10-20_13h11.20.095,tilt_mocs,2024.2.4,118.29343922245755,2025-10-20 13h11.29.216890 -0400,
-5.75,-15.0,,121,121,0,,,,,,,,,,m2,negs,100,right,1.1277702919978765,None,None,,,,,,,,,,,0,121,121,339,200.46651466599724,,,,,,,,,,,,,,,,,,,,,,,,,,,,,,,,,,,,,,,,,,,,,,,,,,,,,,,,,,200.4587871249969,200.46651466599724,200.95320087500295,200.95320087500295,201.0256362500004,201.0256362500004,201.60541362500226,right,1.1277702919978765,None,201.6055174159992,201.60556679099682,None,,,,,,,,,,,,21049997,0,2025-10-20_13h11.20.095,tilt_mocs,2024.2.4,118.29343922245755,2025-10-20 13h11.29.216890 -0400,
-0.5,0.0,,122,122,0,,,,,,,,,,m1,noss,0,left,1.3082920420056325,None,None,,,,,,,,,,,0,122,122,614,201.61534020800173,,,,,,,,,,,,,,,,,,,,,,,,,,,,,,,,,,,,,,,,,,,,,,,,,,,,,,,,,,201.60745908300305,201.61534020800173,202.10316325000167,202.10316325000167,202.17520754099678,202.17520754099678,202.92784937500255,left,1.3082920420056325,None,202.92797333299677,202.92802887500147,None,,,,,,,,,,,,21049997,0,2025-10-20_13h11.20.095,tilt_mocs,2024.2.4,118.29343922245755,2025-10-20 13h11.29.216890 -0400,
3.166666666666667,15.0,,123,123,0,,,,,,,,,,PSE,poss,100,left,1.0595935419987654,None,None,,,,,,,,,,,0,123,123,155,202.93890966600156,,,,,,,,,,,,,,,,,,,,,,,,,,,,,,,,,,,,,,,,,,,,,,,,,,,,,,,,,,202.93056537499797,202.93890966600156,203.4285725410009,203.4285725410009,203.50370233300055,203.50370233300055,204.00593708299857,left,1.0595935419987654,None,204.00606600000174,204.0061212080036,None,,,,,,,,,,,,21049997,0,2025-10-20_13h11.20.095,tilt_mocs,2024.2.4,118.29343922245755,2025-10-20 13h11.29.216890 -0400,
-5.75,-15.0,,124,124,0,,,,,,,,,,m2,negs,100,left,1.0443531249984517,None,None,,,,,,,,,,,0,124,124,355,204.01630295799987,,,,,,,,,,,,,,,,,,,,,,,,,,,,,,,,,,,,,,,,,,,,,,,,,,,,,,,,,,204.00835012499738,204.01630295799987,204.50331458300207,204.50331458300207,204.57670304099884,204.57670304099884,205.07311595800275,left,1.0443531249984517,None,205.0732682079979,205.07331966600032,None,,,,,,,,,,,,21049997,0,2025-10-20_13h11.20.095,tilt_mocs,2024.2.4,118.29343922245755,2025-10-20 13h11.29.216890 -0400,
-4.75,-15.0,,125,125,0,,,,,,,,,,PSE,negs,100,left,1.4104722079937346,None,None,,,,,,,,,,,0,125,125,404,205.08471141599875,,,,,,,,,,,,,,,,,,,,,,,,,,,,,,,,,,,,,,,,,,,,,,,,,,,,,,,,,,205.0763265409987,205.08471141599875,205.56997637500172,205.56997637500172,205.64331112500076,205.64331112500076,206.50611100000242,left,1.4104722079937346,None,206.5062433330022,206.50629995799682,None,,,,,,,,,,,,21049997,0,2025-10-20_13h11.20.095,tilt_mocs,2024.2.4,118.29343922245755,2025-10-20 13h11.29.216890 -0400,
-0.5,0.0,,126,126,0,,,,,,,,,,m1,noss,0,left,1.4556196249977802,None,None,,,,,,,,,,,0,126,126,604,206.51676104099897,,,,,,,,,,,,,,,,,,,,,,,,,,,,,,,,,,,,,,,,,,,,,,,,,,,,,,,,,,206.5087150410036,206.51676104099897,207.0025408750007,207.0025408750007,207.07651404100034,207.07651404100034,207.978907333003,left,1.4556196249977802,None,207.97903454100015,207.97908933299914,None,,,,,,,,,,,,21049997,0,2025-10-20_13h11.20.095,tilt_mocs,2024.2.4,118.29343922245755,2025-10-20 13h11.29.216890 -0400,
-3.75,-15.0,,127,127,0,,,,,,,,,,p2,negs,100,left,1.554603208998742,None,None,,,,,,,,,,,0,127,127,489,207.98959508300322,,,,,,,,,,,,,,,,,,,,,,,,,,,,,,,,,,,,,,,,,,,,,,,,,,,,,,,,,,207.98124787500274,207.98959508300322,208.4790853750019,208.4790853750019,208.55391991599754,208.55391991599754,209.55613650000305,left,1.554603208998742,None,209.5562602909995,209.55631479099975,None,,,,,,,,,,,,21049997,0,2025-10-20_13h11.20.095,tilt_mocs,2024.2.4,118.29343922245755,2025-10-20 13h11.29.216890 -0400,
-4.75,-15.0,,128,128,0,,,,,,,,,,PSE,negs,100,left,1.079067708000366,None,None,,,,,,,,,,,0,128,128,408,209.5659340830025,,,,,,,,,,,,,,,,,,,,,,,,,,,,,,,,,,,,,,,,,,,,,,,,,,,,,,,,,,209.55823420800152,209.5659340830025,210.05344250000053,210.05344250000053,210.125683708,210.125683708,210.65613029099768,left,1.079067708000366,None,210.65626179100218,210.65633125000022,None,,,,,,,,,,,,21049997,0,2025-10-20_13h11.20.095,tilt_mocs,2024.2.4,118.29343922245755,2025-10-20 13h11.29.216890 -0400,
-5.75,-15.0,,129,129,0,,,,,,,,,,m2,negs,100,left,1.0711236670031212,None,None,,,,,,,,,,,0,129,129,334,210.66636283299886,,,,,,,,,,,,,,,,,,,,,,,,,,,,,,,,,,,,,,,,,,,,,,,,,,,,,,,,,,210.65843016599683,210.66636283299886,211.15355133300181,211.15355133300181,211.22574354099925,211.22574354099925,211.73999212500348,left,1.0711236670031212,None,211.74012395799946,211.7401797499988,None,,,,,,,,,,,,21049997,0,2025-10-20_13h11.20.095,tilt_mocs,2024.2.4,118.29343922245755,2025-10-20 13h11.29.216890 -0400,
2.666666666666667,15.0,,130,130,0,,,,,,,,,,m1,poss,100,left,1.4599692920019152,None,None,,,,,,,,,,,0,130,130,111,211.75018850000197,,,,,,,,,,,,,,,,,,,,,,,,,,,,,,,,,,,,,,,,,,,,,,,,,,,,,,,,,,211.74214737500006,211.75018850000197,212.23684454100294,212.23684454100294,212.30908766599896,212.30908766599896,213.21340300000156,left,1.4599692920019152,None,213.2135397910024,213.21359620799922,None,,,,,,,,,,,,21049997,0,2025-10-20_13h11.20.095,tilt_mocs,2024.2.4,118.29343922245755,2025-10-20 13h11.29.216890 -0400,
-5.25,-15.0,,131,131,0,,,,,,,,,,m1,negs,100,left,1.0650827499994193,None,None,,,,,,,,,,,0,131,131,386,213.22318679100135,,,,,,,,,,,,,,,,,,,,,,,,,,,,,,,,,,,,,,,,,,,,,,,,,,,,,,,,,,213.21574662499916,213.22318679100135,213.71302124999784,213.71302124999784,213.78744929099776,213.78744929099776,214.29105437499675,left,1.0650827499994193,None,214.29125587500312,214.2913176660004,None,,,,,,,,,,,,21049997,0,2025-10-20_13h11.20.095,tilt_mocs,2024.2.4,118.29343922245755,2025-10-20 13h11.29.216890 -0400,
2.166666666666667,15.0,,132,132,0,,,,,,,,,,m2,poss,100,left,1.1213587909951457,None,None,,,,,,,,,,,0,132,132,70,214.30244837499777,,,,,,,,,,,,,,,,,,,,,,,,,,,,,,,,,,,,,,,,,,,,,,,,,,,,,,,,,,214.29416116599896,214.30244837499777,214.78604887500114,214.78604887500114,214.85973041599937,214.85973041599937,215.42980062500283,left,1.1213587909951457,None,215.4299331660004,215.4299890830007,None,,,,,,,,,,,,21049997,0,2025-10-20_13h11.20.095,tilt_mocs,2024.2.4,118.29343922245755,2025-10-20 13h11.29.216890 -0400,
-2.75,-15.0,,133,133,0,,,,,,,,,,p3,negs,100,right,1.4759868749970337,None,None,,,,,,,,,,,0,133,133,530,215.44021654099924,,,,,,,,,,,,,,,,,,,,,,,,,,,,,,,,,,,,,,,,,,,,,,,,,,,,,,,,,,215.43216941600258,215.44021654099924,215.92879941599676,215.92879941599676,216.00438716600183,216.00438716600183,216.9229128750012,right,1.4759868749970337,None,216.9230432080003,216.92310491600074,None,,,,,,,,,,,,21049997,0,2025-10-20_13h11.20.095,tilt_mocs,2024.2.4,118.29343922245755,2025-10-20 13h11.29.216890 -0400,
-3.75,-15.0,,134,134,0,,,,,,,,,,p2,negs,100,right,1.0782489999983227,None,None,,,,,,,,,,,0,134,134,499,216.93361391600047,,,,,,,,,,,,,,,,,,,,,,,,,,,,,,,,,,,,,,,,,,,,,,,,,,,,,,,,,,216.925317291003,216.93361391600047,217.42044862500188,217.42044862500188,217.4924895410004,217.4924895410004,218.0231734580011,right,1.0782489999983227,None,218.02328070800286,218.023323333,None,,,,,,,,,,,,21049997,0,2025-10-20_13h11.20.095,tilt_mocs,2024.2.4,118.29343922245755,2025-10-20 13h11.29.216890 -0400,
3.666666666666667,15.0,,135,135,0,,,,,,,,,,p1,poss,100,right,0.9239704169958713,None,None,,,,,,,,,,,0,135,135,185,218.0333604999978,,,,,,,,,,,,,,,,,,,,,,,,,,,,,,,,,,,,,,,,,,,,,,,,,,,,,,,,,,218.02524033300142,218.0333604999978,218.52051241599838,218.52051241599838,218.5927526250016,218.5927526250016,218.9625321249987,right,0.9239704169958713,None,218.96265962500183,218.96271329100273,None,,,,,,,,,,,,21049997,0,2025-10-20_13h11.20.095,tilt_mocs,2024.2.4,118.29343922245755,2025-10-20 13h11.29.216890 -0400,
-2.75,-15.0,,136,136,0,,,,,,,,,,p3,negs,100,right,0.8642415419963072,None,None,,,,,,,,,,,0,136,136,559,218.97330054100166,,,,,,,,,,,,,,,,,,,,,,,,,,,,,,,,,,,,,,,,,,,,,,,,,,,,,,,,,,218.96515212499799,218.97330054100166,219.4636892080016,219.4636892080016,219.53772037500312,219.53772037500312,219.84001087499928,right,0.8642415419963072,None,219.84011279100378,219.8401571659997,None,,,,,,,,,,,,21049997,0,2025-10-20_13h11.20.095,tilt_mocs,2024.2.4,118.29343922245755,2025-10-20 13h11.29.216890 -0400,
-5.25,-15.0,,137,137,0,,,,,,,,,,m1,negs,100,left,1.0314677080023102,None,None,,,,,,,,,,,0,137,137,398,219.8499857909992,,,,,,,,,,,,,,,,,,,,,,,,,,,,,,,,,,,,,,,,,,,,,,,,,,,,,,,,,,219.84208116600348,219.8499857909992,220.33720816599816,220.33720816599816,220.40930245799973,220.40930245799973,220.88995670800068,left,1.0314677080023102,None,220.89008658300008,220.89014216599753,None,,,,,,,,,,,,21049997,0,2025-10-20_13h11.20.095,tilt_mocs,2024.2.4,118.29343922245755,2025-10-20 13h11.29.216890 -0400,
3.666666666666667,15.0,,138,138,0,,,,,,,,,,p1,poss,100,right,0.9805295000041951,None,None,,,,,,,,,,,0,138,138,175,220.90065187500295,,,,,,,,,,,,,,,,,,,,,,,,,,,,,,,,,,,,,,,,,,,,,,,,,,,,,,,,,,220.89257341600023,220.90065187500295,221.3872725830006,221.3872725830006,221.45915270799742,221.45915270799742,221.88987774999987,right,0.9805295000041951,None,221.89000258300075,221.89007666600082,None,,,,,,,,,,,,21049997,0,2025-10-20_13h11.20.095,tilt_mocs,2024.2.4,118.29343922245755,2025-10-20 13h11.29.216890 -0400,
1.0,0.0,,139,139,0,,,,,,,,,,p2,noss,0,right,1.6307599170031608,None,None,,,,,,,,,,,0,139,139,667,221.90036279099877,,,,,,,,,,,,,,,,,,,,,,,,,,,,,,,,,,,,,,,,,,,,,,,,,,,,,,,,,,221.89228050000384,221.90036279099877,222.38747154099838,222.38747154099838,222.45936437499768,222.45936437499768,223.5404010830025,right,1.6307599170031608,None,223.54057445799845,223.54063845799828,None,,,,,,,,,,,,21049997,0,2025-10-20_13h11.20.095,tilt_mocs,2024.2.4,118.29343922245755,2025-10-20 13h11.29.216890 -0400,
-0.5,0.0,,140,140,0,,,,,,,,,,m1,noss,0,right,1.1519190830003936,None,None,,,,,,,,,,,0,140,140,615,223.55220562499744,,,,,,,,,,,,,,,,,,,,,,,,,,,,,,,,,,,,,,,,,,,,,,,,,,,,,,,,,,223.54378629100393,223.55220562499744,224.03730754100252,224.03730754100252,224.11028854100005,224.11028854100005,224.7066688749983,right,1.1519190830003936,None,224.7067981250002,224.70685491600307,None,,,,,,,,,,,,21049997,0,2025-10-20_13h11.20.095,tilt_mocs,2024.2.4,118.29343922245755,2025-10-20 13h11.29.216890 -0400,
-2.0,0.0,,141,141,0,,,,,,,,,,m3,noss,0,left,1.0946523749953485,None,None,,,,,,,,,,,0,141,141,572,224.7173389160016,,,,,,,,,,,,,,,,,,,,,,,,,,,,,,,,,,,,,,,,,,,,,,,,,,,,,,,,,,224.70925766599976,224.7173389160016,225.2039815829994,225.2039815829994,225.27615700000024,225.27615700000024,225.8235120410027,left,1.0946523749953485,None,225.82363891600107,225.82369545799884,None,,,,,,,,,,,,21049997,0,2025-10-20_13h11.20.095,tilt_mocs,2024.2.4,118.29343922245755,2025-10-20 13h11.29.216890 -0400,
-4.75,-15.0,,142,142,0,,,,,,,,,,PSE,negs,100,left,1.138076249997539,None,None,,,,,,,,,,,0,142,142,413,225.83374979100336,,,,,,,,,,,,,,,,,,,,,,,,,,,,,,,,,,,,,,,,,,,,,,,,,,,,,,,,,,225.82577095799934,225.83374979100336,226.32086249999702,226.32086249999702,226.39326345799782,226.39326345799782,226.97456824999972,left,1.138076249997539,None,226.9747226660038,226.97477895799966,None,,,,,,,,,,,,21049997,0,2025-10-20_13h11.20.095,tilt_mocs,2024.2.4,118.29343922245755,2025-10-20 13h11.29.216890 -0400,
-5.75,-15.0,,143,143,0,,,,,,,,,,m2,negs,100,left,1.04508508300205,None,None,,,,,,,,,,,0,143,143,332,226.9855174580007,,,,,,,,,,,,,,,,,,,,,,,,,,,,,,,,,,,,,,,,,,,,,,,,,,,,,,,,,,226.9774670830011,226.9855174580007,227.47073920800176,227.47073920800176,227.5426976250019,227.5426976250019,228.04104395800096,left,1.04508508300205,None,228.04120037500252,228.0412608330007,None,,,,,,,,,,,,21049997,0,2025-10-20_13h11.20.095,tilt_mocs,2024.2.4,118.29343922245755,2025-10-20 13h11.29.216890 -0400,
4.166666666666667,15.0,,144,144,0,,,,,,,,,,p2,poss,100,right,1.0747757080025622,None,None,,,,,,,,,,,0,144,144,200,228.05200620800315,,,,,,,,,,,,,,,,,,,,,,,,,,,,,,,,,,,,,,,,,,,,,,,,,,,,,,,,,,228.0438178330005,228.05200620800315,228.537394125,228.537394125,228.60968700000376,228.60968700000376,229.129457832998,right,1.0747757080025622,None,229.1295801660017,229.12963591599691,None,,,,,,,,,,,,21049997,0,2025-10-20_13h11.20.095,tilt_mocs,2024.2.4,118.29343922245755,2025-10-20 13h11.29.216890 -0400,
-3.75,-15.0,,145,145,0,,,,,,,,,,p2,negs,100,left,1.217297832998156,None,None,,,,,,,,,,,0,145,145,509,229.139877374997,,,,,,,,,,,,,,,,,,,,,,,,,,,,,,,,,,,,,,,,,,,,,,,,,,,,,,,,,,229.13158579100127,229.139877374997,229.62984708300064,229.62984708300064,229.70493562499905,229.70493562499905,230.36196599999676,left,1.217297832998156,None,230.36206474999926,230.36211025000375,None,,,,,,,,,,,,21049997,0,2025-10-20_13h11.20.095,tilt_mocs,2024.2.4,118.29343922245755,2025-10-20 13h11.29.216890 -0400,
2.0,0.0,,146,146,0,,,,,,,,,,p3,noss,0,right,1.0544369589988491,None,None,,,,,,,,,,,0,146,146,693,230.38771708300192,,,,,,,,,,,,,,,,,,,,,,,,,,,,,,,,,,,,,,,,,,,,,,,,,,,,,,,,,,230.36408170800132,230.38771708300192,230.86385754100047,230.86385754100047,230.9381145410007,230.9381145410007,231.44603250000364,right,1.0544369589988491,None,231.44612920800137,231.44617491600366,None,,,,,,,,,,,,21049997,0,2025-10-20_13h11.20.095,tilt_mocs,2024.2.4,118.29343922245755,2025-10-20 13h11.29.216890 -0400,
5.166666666666667,15.0,,147,147,0,,,,,,,,,,p3,poss,100,right,1.0484714160047588,None,None,,,,,,,,,,,0,147,147,254,231.45648429099674,,,,,,,,,,,,,,,,,,,,,,,,,,,,,,,,,,,,,,,,,,,,,,,,,,,,,,,,,,231.44807483300247,231.45648429099674,231.94746620800288,231.94746620800288,232.02148124999803,232.02148124999803,232.507837707999,right,1.0484714160047588,None,232.50798891599698,232.508047000003,None,,,,,,,,,,,,21049997,0,2025-10-20_13h11.20.095,tilt_mocs,2024.2.4,118.29343922245755,2025-10-20 13h11.29.216890 -0400,
3.666666666666667,15.0,,148,148,0,,,,,,,,,,p1,poss,100,right,0.9966900419967715,None,None,,,,,,,,,,,0,148,148,197,232.51839620799728,,,,,,,,,,,,,,,,,,,,,,,,,,,,,,,,,,,,,,,,,,,,,,,,,,,,,,,,,,232.51021449999826,232.51839620799728,233.00440145799803,233.00440145799803,233.07640483300202,233.07640483300202,233.52392254099686,right,0.9966900419967715,None,233.52407537499676,233.52412475000165,None,,,,,,,,,,,,21049997,0,2025-10-20_13h11.20.095,tilt_mocs,2024.2.4,118.29343922245755,2025-10-20 13h11.29.216890 -0400,
-2.0,0.0,,149,149,0,,,,,,,,,,m3,noss,0,right,0.9199496660003206,None,None,,,,,,,,,,,0,149,149,577,233.53498550000222,,,,,,,,,,,,,,,,,,,,,,,,,,,,,,,,,,,,,,,,,,,,,,,,,,,,,,,,,,233.52724191600282,233.53498550000222,234.0209717079997,234.0209717079997,234.09297195800173,234.09297195800173,234.45747837499948,right,0.9199496660003206,None,234.45760404100292,234.45766025000194,None,,,,,,,,,,,,21049997,0,2025-10-20_13h11.20.095,tilt_mocs,2024.2.4,118.29343922245755,2025-10-20 13h11.29.216890 -0400,
1.166666666666667,15.0,,150,150,0,,,,,,,,,,m3,poss,100,left,1.56295549999777,None,None,,,,,,,,,,,0,150,150,11,234.46769404099905,,,,,,,,,,,,,,,,,,,,,,,,,,,,,,,,,,,,,,,,,,,,,,,,,,,,,,,,,,234.46007654099958,234.46769404099905,234.9543446250027,234.9543446250027,235.02744366600382,235.02744366600382,236.04061341600027,left,1.56295549999777,None,236.04078191600274,236.04084062499896,None,,,,,,,,,,,,21049997,0,2025-10-20_13h11.20.095,tilt_mocs,2024.2.4,118.29343922245755,2025-10-20 13h11.29.216890 -0400,
-1.0,0.0,,151,151,0,,,,,,,,,,m2,noss,0,left,2.5559482500029844,None,None,,,,,,,,,,,0,151,151,582,236.05161500000395,,,,,,,,,,,,,,,,,,,,,,,,,,,,,,,,,,,,,,,,,,,,,,,,,,,,,,,,,,236.0434866659998,236.05161500000395,236.53788262500166,236.53788262500166,236.60994916599884,236.60994916599884,238.61304295800073,left,2.5559482500029844,None,238.6131684580032,238.61323062500014,None,,,,,,,,,,,,21049997,0,2025-10-20_13h11.20.095,tilt_mocs,2024.2.4,118.29343922245755,2025-10-20 13h11.29.216890 -0400,
2.666666666666667,15.0,,152,152,0,,,,,,,,,,m1,poss,100,left,1.3414863340003649,None,None,,,,,,,,,,,0,152,152,94,238.62389537499985,,,,,,,,,,,,,,,,,,,,,,,,,,,,,,,,,,,,,,,,,,,,,,,,,,,,,,,,,,238.61539037500188,238.62389537499985,239.11400666600093,239.11400666600093,239.18839062500047,239.18839062500047,239.97402675000194,left,1.3414863340003649,None,239.97415212500346,239.97420808300376,None,,,,,,,,,,,,21049997,0,2025-10-20_13h11.20.095,tilt_mocs,2024.2.4,118.29343922245755,2025-10-20 13h11.29.216890 -0400,
4.166666666666667,15.0,,153,153,0,,,,,,,,,,p2,poss,100,right,1.0381312499957858,None,None,,,,,,,,,,,0,153,153,209,239.9842662910014,,,,,,,,,,,,,,,,,,,,,,,,,,,,,,,,,,,,,,,,,,,,,,,,,,,,,,,,,,239.97646125000028,239.9842662910014,240.47125745799713,240.47125745799713,240.5433215410012,240.5433215410012,241.03287545799685,right,1.0381312499957858,None,241.03297529100382,241.0330186659994,None,,,,,,,,,,,,21049997,0,2025-10-20_13h11.20.095,tilt_mocs,2024.2.4,118.29343922245755,2025-10-20 13h11.29.216890 -0400,
-6.75,-15.0,,154,154,0,,,,,,,,,,m3,negs,100,left,1.2197615000040969,None,None,,,,,,,,,,,0,154,154,286,241.04059704099927,,,,,,,,,,,,,,,,,,,,,,,,,,,,,,,,,,,,,,,,,,,,,,,,,,,,,,,,,,241.0348892080001,241.04059704099927,241.53007095799694,241.53007095799694,241.60517629099922,241.60517629099922,242.2636486659976,left,1.2197615000040969,None,242.26379391599767,242.263852707998,None,,,,,,,,,,,,21049997,0,2025-10-20_13h11.20.095,tilt_mocs,2024.2.4,118.29343922245755,2025-10-20 13h11.29.216890 -0400,
3.166666666666667,15.0,,155,155,0,,,,,,,,,,PSE,poss,100,right,1.8013795410006423,None,None,,,,,,,,,,,0,155,155,126,242.27426079099678,,,,,,,,,,,,,,,,,,,,,,,,,,,,,,,,,,,,,,,,,,,,,,,,,,,,,,,,,,242.26602691599692,242.27426079099678,242.76459420799802,242.76459420799802,242.83864754100068,242.83864754100068,244.07937016600044,right,1.8013795410006423,None,244.07949099999678,244.07954549999704,None,,,,,,,,,,,,21049997,0,2025-10-20_13h11.20.095,tilt_mocs,2024.2.4,118.29343922245755,2025-10-20 13h11.29.216890 -0400,
3.666666666666667,15.0,,156,156,0,,,,,,,,,,p1,poss,100,right,1.1655775830004131,None,None,,,,,,,,,,,0,156,156,163,244.0899350000036,,,,,,,,,,,,,,,,,,,,,,,,,,,,,,,,,,,,,,,,,,,,,,,,,,,,,,,,,,244.08187012500275,244.0899350000036,244.5802816659998,244.5802816659998,244.6552305410005,244.6552305410005,245.2587047499983,right,1.1655775830004131,None,245.25886191600148,245.25892091599962,None,,,,,,,,,,,,21049997,0,2025-10-20_13h11.20.095,tilt_mocs,2024.2.4,118.29343922245755,2025-10-20 13h11.29.216890 -0400,
-6.75,-15.0,,157,157,0,,,,,,,,,,m3,negs,100,left,1.1332984590044362,None,None,,,,,,,,,,,0,157,157,319,245.26908504099993,,,,,,,,,,,,,,,,,,,,,,,,,,,,,,,,,,,,,,,,,,,,,,,,,,,,,,,,,,245.26105404100235,245.26908504099993,245.75479366599757,245.75479366599757,245.82681545800006,245.82681545800006,246.40773241600255,left,1.1332984590044362,None,246.40785841600155,246.40792870800215,None,,,,,,,,,,,,21049997,0,2025-10-20_13h11.20.095,tilt_mocs,2024.2.4,118.29343922245755,2025-10-20 13h11.29.216890 -0400,
-2.75,-15.0,,158,158,0,,,,,,,,,,p3,negs,100,right,1.4543461249995744,None,None,,,,,,,,,,,0,158,158,550,246.41782599999715,,,,,,,,,,,,,,,,,,,,,,,,,,,,,,,,,,,,,,,,,,,,,,,,,,,,,,,,,,246.40987587499694,246.41782599999715,246.90499983300106,246.90499983300106,246.97728933300095,246.97728933300095,247.87474666599883,right,1.4543461249995744,None,247.87488291600312,247.8749424580019,None,,,,,,,,,,,,21049997,0,2025-10-20_13h11.20.095,tilt_mocs,2024.2.4,118.29343922245755,2025-10-20 13h11.29.216890 -0400,
-5.25,-15.0,,159,159,0,,,,,,,,,,m1,negs,100,left,1.0941787909978302,None,None,,,,,,,,,,,0,159,159,392,247.8854730000021,,,,,,,,,,,,,,,,,,,,,,,,,,,,,,,,,,,,,,,,,,,,,,,,,,,,,,,,,,247.87714816600055,247.8854730000021,248.37150970799848,248.37150970799848,248.44371687500097,248.44371687500097,248.99097191599867,left,1.0941787909978302,None,248.9911005410031,248.99115512499702,None,,,,,,,,,,,,21049997,0,2025-10-20_13h11.20.095,tilt_mocs,2024.2.4,118.29343922245755,2025-10-20 13h11.29.216890 -0400,
-2.75,-15.0,,160,160,0,,,,,,,,,,p3,negs,100,right,1.0375592909986153,None,None,,,,,,,,,,,0,160,160,537,249.00159029100178,,,,,,,,,,,,,,,,,,,,,,,,,,,,,,,,,,,,,,,,,,,,,,,,,,,,,,,,,,248.9934626250033,249.00159029100178,249.48819674999686,249.48819674999686,249.56060683300166,249.56060683300166,250.04173012499814,right,1.0375592909986153,None,250.04186566599674,250.04192350000085,None,,,,,,,,,,,,21049997,0,2025-10-20_13h11.20.095,tilt_mocs,2024.2.4,118.29343922245755,2025-10-20 13h11.29.216890 -0400,
-6.75,-15.0,,161,161,0,,,,,,,,,,m3,negs,100,left,1.036651417001849,None,None,,,,,,,,,,,0,161,161,305,250.0522062079981,,,,,,,,,,,,,,,,,,,,,,,,,,,,,,,,,,,,,,,,,,,,,,,,,,,,,,,,,,250.04416345799837,250.0522062079981,250.53821937499742,250.53821937499742,250.61140716599766,250.61140716599766,251.09141733300203,left,1.036651417001849,None,251.09154270800354,251.09159712499968,None,,,,,,,,,,,,21049997,0,2025-10-20_13h11.20.095,tilt_mocs,2024.2.4,118.29343922245755,2025-10-20 13h11.29.216890 -0400,
-5.25,-15.0,,162,162,0,,,,,,,,,,m1,negs,100,right,1.0130984159986838,None,None,,,,,,,,,,,0,162,162,365,251.10237929099821,,,,,,,,,,,,,,,,,,,,,,,,,,,,,,,,,,,,,,,,,,,,,,,,,,,,,,,,,,251.0940975830017,251.10237929099821,251.58824695800286,251.58824695800286,251.66097762499703,251.66097762499703,252.1244531659977,right,1.0130984159986838,None,252.1246106250037,252.1246658750024,None,,,,,,,,,,,,21049997,0,2025-10-20_13h11.20.095,tilt_mocs,2024.2.4,118.29343922245755,2025-10-20 13h11.29.216890 -0400,
3.166666666666667,15.0,,163,163,0,,,,,,,,,,PSE,poss,100,left,1.7244522500041057,None,None,,,,,,,,,,,0,163,163,135,252.13590049999766,,,,,,,,,,,,,,,,,,,,,,,,,,,,,,,,,,,,,,,,,,,,,,,,,,,,,,,,,,252.12775566599885,252.13590049999766,252.62169537499722,252.62169537499722,252.69374758299818,252.69374758299818,253.86301241599722,left,1.7244522500041057,None,253.86313558300026,253.86319691599783,None,,,,,,,,,,,,21049997,0,2025-10-20_13h11.20.095,tilt_mocs,2024.2.4,118.29343922245755,2025-10-20 13h11.29.216890 -0400,
-1.0,0.0,,164,164,0,,,,,,,,,,m2,noss,0,left,1.9479055419942597,None,None,,,,,,,,,,,0,164,164,595,253.888557708,,,,,,,,,,,,,,,,,,,,,,,,,,,,,,,,,,,,,,,,,,,,,,,,,,,,,,,,,,253.86513550000382,253.888557708,254.36384266600362,254.36384266600362,254.43909595799778,254.43909595799778,255.8408401659981,left,1.9479055419942597,None,255.84094175000064,255.8409846659997,None,,,,,,,,,,,,21049997,0,2025-10-20_13h11.20.095,tilt_mocs,2024.2.4,118.29343922245755,2025-10-20 13h11.29.216890 -0400,
1.0,0.0,,165,165,0,,,,,,,,,,p2,noss,0,right,1.0789925420031068,None,None,,,,,,,,,,,0,165,165,678,255.8508989999973,,,,,,,,,,,,,,,,,,,,,,,,,,,,,,,,,,,,,,,,,,,,,,,,,,,,,,,,,,255.8429047910031,255.8508989999973,256.33848299999954,256.33848299999954,256.41190091599856,256.41190091599856,256.94126991600206,right,1.0789925420031068,None,256.9414021249977,256.94145887500054,None,,,,,,,,,,,,21049997,0,2025-10-20_13h11.20.095,tilt_mocs,2024.2.4,118.29343922245755,2025-10-20 13h11.29.216890 -0400,
-3.75,-15.0,,166,166,0,,,,,,,,,,p2,negs,100,right,1.3037919999987935,None,None,,,,,,,,,,,0,166,166,513,256.9520541250022,,,,,,,,,,,,,,,,,,,,,,,,,,,,,,,,,,,,,,,,,,,,,,,,,,,,,,,,,,256.94388970800355,256.9520541250022,257.4385333329992,257.4385333329992,257.51193970799795,257.51193970799795,258.2587087080028,right,1.3037919999987935,None,258.2588544160026,258.25891299999785,None,,,,,,,,,,,,21049997,0,2025-10-20_13h11.20.095,tilt_mocs,2024.2.4,118.29343922245755,2025-10-20 13h11.29.216890 -0400,
-6.75,-15.0,,167,167,0,,,,,,,,,,m3,negs,100,left,1.376512750000984,None,None,,,,,,,,,,,0,167,167,309,258.2693314999997,,,,,,,,,,,,,,,,,,,,,,,,,,,,,,,,,,,,,,,,,,,,,,,,,,,,,,,,,,258.2612369999988,258.2693314999997,258.7542402079998,258.7542402079998,258.82751979099703,258.82751979099703,259.6484838329998,left,1.376512750000984,None,259.6486057910006,259.64865962500335,None,,,,,,,,,,,,21049997,0,2025-10-20_13h11.20.095,tilt_mocs,2024.2.4,118.29343922245755,2025-10-20 13h11.29.216890 -0400,
3.666666666666667,15.0,,168,168,0,,,,,,,,,,p1,poss,100,right,1.2643577920025564,None,None,,,,,,,,,,,0,168,168,162,259.65850487499847,,,,,,,,,,,,,,,,,,,,,,,,,,,,,,,,,,,,,,,,,,,,,,,,,,,,,,,,,,259.65090108299773,259.65850487499847,260.1475482500027,260.1475482500027,260.22258379100094,260.22258379100094,260.92534054099815,right,1.2643577920025564,None,260.925469916001,260.9255264579988,None,,,,,,,,,,,,21049997,0,2025-10-20_13h11.20.095,tilt_mocs,2024.2.4,118.29343922245755,2025-10-20 13h11.29.216890 -0400,
-3.75,-15.0,,169,169,0,,,,,,,,,,p2,negs,100,left,1.4031037499953527,None,None,,,,,,,,,,,0,169,169,502,260.9360433749971,,,,,,,,,,,,,,,,,,,,,,,,,,,,,,,,,,,,,,,,,,,,,,,,,,,,,,,,,,260.92773179100186,260.9360433749971,261.4220560829999,261.4220560829999,261.49487858299835,261.49487858299835,262.3420106249978,left,1.4031037499953527,None,262.3421469160021,262.34223075000045,None,,,,,,,,,,,,21049997,0,2025-10-20_13h11.20.095,tilt_mocs,2024.2.4,118.29343922245755,2025-10-20 13h11.29.216890 -0400,
3.166666666666667,15.0,,170,170,0,,,,,,,,,,PSE,poss,100,left,1.115238958998816,None,None,,,,,,,,,,,0,170,170,152,262.3525553330037,,,,,,,,,,,,,,,,,,,,,,,,,,,,,,,,,,,,,,,,,,,,,,,,,,,,,,,,,,262.34441220800363,262.3525553330037,262.83900954099954,262.83900954099954,262.9110724580023,262.9110724580023,263.4745875410008,left,1.115238958998816,None,263.474711750001,263.4747649580022,None,,,,,,,,,,,,21049997,0,2025-10-20_13h11.20.095,tilt_mocs,2024.2.4,118.29343922245755,2025-10-20 13h11.29.216890 -0400,
-4.75,-15.0,,171,171,0,,,,,,,,,,PSE,negs,100,left,1.0711169589994824,None,None,,,,,,,,,,,0,171,171,434,263.4848592499984,,,,,,,,,,,,,,,,,,,,,,,,,,,,,,,,,,,,,,,,,,,,,,,,,,,,,,,,,,263.47675233300106,263.4848592499984,263.97215733300254,263.97215733300254,264.04503620800097,264.04503620800097,264.5586480830025,left,1.0711169589994824,None,264.5587984579979,264.5588500410013,None,,,,,,,,,,,,21049997,0,2025-10-20_13h11.20.095,tilt_mocs,2024.2.4,118.29343922245755,2025-10-20 13h11.29.216890 -0400,
-2.75,-15.0,,172,172,0,,,,,,,,,,p3,negs,100,left,2.6113500419960474,None,None,,,,,,,,,,,0,172,172,554,264.5699978749981,,,,,,,,,,,,,,,,,,,,,,,,,,,,,,,,,,,,,,,,,,,,,,,,,,,,,,,,,,264.5615337909985,264.5699978749981,265.05536887500057,265.05536887500057,265.12875104100385,265.12875104100385,267.1913493750035,left,2.6113500419960474,None,267.1914778749997,267.1915407080014,None,,,,,,,,,,,,21049997,0,2025-10-20_13h11.20.095,tilt_mocs,2024.2.4,118.29343922245755,2025-10-20 13h11.29.216890 -0400,
1.166666666666667,15.0,,173,173,0,,,,,,,,,,m3,poss,100,left,1.1441631659981795,None,None,,,,,,,,,,,0,173,173,34,267.2021753750014,,,,,,,,,,,,,,,,,,,,,,,,,,,,,,,,,,,,,,,,,,,,,,,,,,,,,,,,,,267.1938095000005,267.2021753750014,267.6888085000028,267.6888085000028,267.76103420800064,267.76103420800064,268.35667091600044,left,1.1441631659981795,None,268.3567761660015,268.3568195409971,None,,,,,,,,,,,,21049997,0,2025-10-20_13h11.20.095,tilt_mocs,2024.2.4,118.29343922245755,2025-10-20 13h11.29.216890 -0400,
2.166666666666667,15.0,,174,174,0,,,,,,,,,,m2,poss,100,left,0.9809562919981545,None,None,,,,,,,,,,,0,174,174,47,268.3639569579973,,,,,,,,,,,,,,,,,,,,,,,,,,,,,,,,,,,,,,,,,,,,,,,,,,,,,,,,,,268.35874620800314,268.3639569579973,268.8476737079982,268.8476737079982,268.9227154160035,268.9227154160035,269.34864625000046,left,0.9809562919981545,None,269.3487869160017,269.34884712500207,None,,,,,,,,,,,,21049997,0,2025-10-20_13h11.20.095,tilt_mocs,2024.2.4,118.29343922245755,2025-10-20 13h11.29.216890 -0400,
0.0,0.0,,175,175,0,,,,,,,,,,PSE,noss,0,right,1.1705775829977938,None,None,,,,,,,,,,,0,175,175,638,269.35891683299997,,,,,,,,,,,,,,,,,,,,,,,,,,,,,,,,,,,,,,,,,,,,,,,,,,,,,,,,,,269.35123100000055,269.35891683299997,269.84866537500056,269.84866537500056,269.9227893330026,269.9227893330026,270.5419033330036,right,1.1705775829977938,None,270.54200624999794,270.5420496660008,None,,,,,,,,,,,,21049997,0,2025-10-20_13h11.20.095,tilt_mocs,2024.2.4,118.29343922245755,2025-10-20 13h11.29.216890 -0400,
5.166666666666667,15.0,,176,176,0,,,,,,,,,,p3,poss,100,right,1.0876303330005612,None,None,,,,,,,,,,,0,176,176,253,270.5519543749979,,,,,,,,,,,,,,,,,,,,,,,,,,,,,,,,,,,,,,,,,,,,,,,,,,,,,,,,,,270.54397191599855,270.5519543749979,271.03924158299924,271.03924158299924,271.11096825000277,271.11096825000277,271.6421837079979,right,1.0876303330005612,None,271.6423506659994,271.64240466600313,None,,,,,,,,,,,,21049997,0,2025-10-20_13h11.20.095,tilt_mocs,2024.2.4,118.29343922245755,2025-10-20 13h11.29.216890 -0400,
-4.75,-15.0,,177,177,0,,,,,,,,,,PSE,negs,100,left,1.1979087090003304,None,None,,,,,,,,,,,0,177,177,421,271.6535321249976,,,,,,,,,,,,,,,,,,,,,,,,,,,,,,,,,,,,,,,,,,,,,,,,,,,,,,,,,,271.6450540829974,271.6535321249976,272.13905091599736,272.13905091599736,272.21136500000284,272.21136500000284,272.8587569579977,left,1.1979087090003304,None,272.8589114999995,272.8589697080024,None,,,,,,,,,,,,21049997,0,2025-10-20_13h11.20.095,tilt_mocs,2024.2.4,118.29343922245755,2025-10-20 13h11.29.216890 -0400,
-2.75,-15.0,,178,178,0,,,,,,,,,,p3,negs,100,left,1.0752697079951758,None,None,,,,,,,,,,,0,178,178,525,272.86987154099916,,,,,,,,,,,,,,,,,,,,,,,,,,,,,,,,,,,,,,,,,,,,,,,,,,,,,,,,,,272.8615498750005,272.86987154099916,273.35577983300027,273.35577983300027,273.4285611660016,273.4285611660016,273.9478890410028,left,1.0752697079951758,None,273.94801112500136,273.94806637500005,None,,,,,,,,,,,,21049997,0,2025-10-20_13h11.20.095,tilt_mocs,2024.2.4,118.29343922245755,2025-10-20 13h11.29.216890 -0400,
1.0,0.0,,179,179,0,,,,,,,,,,p2,noss,0,left,1.150039125001058,None,None,,,,,,,,,,,0,179,179,677,273.95836329099984,,,,,,,,,,,,,,,,,,,,,,,,,,,,,,,,,,,,,,,,,,,,,,,,,,,,,,,,,,273.94996883300337,273.95836329099984,274.44801020799787,274.44801020799787,274.5231568750023,274.5231568750023,275.1135585410011,left,1.150039125001058,None,275.11368058300286,275.1137366249968,None,,,,,,,,,,,,21049997,0,2025-10-20_13h11.20.095,tilt_mocs,2024.2.4,118.29343922245755,2025-10-20 13h11.29.216890 -0400,
-3.75,-15.0,,180,180,0,,,,,,,,,,p2,negs,100,left,1.1544082079999498,None,None,,,,,,,,,,,0,180,180,492,275.1393844580016,,,,,,,,,,,,,,,,,,,,,,,,,,,,,,,,,,,,,,,,,,,,,,,,,,,,,,,,,,275.11586700000043,275.1393844580016,275.61455241600197,275.61455241600197,275.68968408300134,275.68968408300134,276.2970734999981,left,1.1544082079999498,None,276.2971693330037,276.29721179100306,None,,,,,,,,,,,,21049997,0,2025-10-20_13h11.20.095,tilt_mocs,2024.2.4,118.29343922245755,2025-10-20 13h11.29.216890 -0400,
-2.75,-15.0,,181,181,0,,,,,,,,,,p3,negs,100,left,1.0796910409990232,None,None,,,,,,,,,,,0,181,181,547,276.32274108300044,,,,,,,,,,,,,,,,,,,,,,,,,,,,,,,,,,,,,,,,,,,,,,,,,,,,,,,,,,276.2990983749987,276.32274108300044,276.7980729159972,276.7980729159972,276.8730441660009,276.8730441660009,277.4085475000029,left,1.0796910409990232,None,277.4086471249975,277.40869162500167,None,,,,,,,,,,,,21049997,0,2025-10-20_13h11.20.095,tilt_mocs,2024.2.4,118.29343922245755,2025-10-20 13h11.29.216890 -0400,
-2.75,-15.0,,182,182,0,,,,,,,,,,p3,negs,100,left,1.025472916997387,None,None,,,,,,,,,,,0,182,182,536,277.418630250002,,,,,,,,,,,,,,,,,,,,,,,,,,,,,,,,,,,,,,,,,,,,,,,,,,,,,,,,,,277.410630958002,277.418630250002,277.9058795410019,277.9058795410019,277.97934387499845,277.97934387499845,278.4486708330005,left,1.025472916997387,None,278.44876920800016,278.44881358300336,None,,,,,,,,,,,,21049997,0,2025-10-20_13h11.20.095,tilt_mocs,2024.2.4,118.29343922245755,2025-10-20 13h11.29.216890 -0400,
-2.75,-15.0,,183,183,0,,,,,,,,,,p3,negs,100,left,1.0155710420003743,None,None,,,,,,,,,,,0,183,183,535,278.4587864580026,,,,,,,,,,,,,,,,,,,,,,,,,,,,,,,,,,,,,,,,,,,,,,,,,,,,,,,,,,278.4507682080002,278.4587864580026,278.94903104100376,278.94903104100376,279.02313170800335,279.02313170800335,279.4815759159974,left,1.0155710420003743,None,279.4817215410003,279.4817788330038,None,,,,,,,,,,,,21049997,0,2025-10-20_13h11.20.095,tilt_mocs,2024.2.4,118.29343922245755,2025-10-20 13h11.29.216890 -0400,
4.166666666666667,15.0,,184,184,0,,,,,,,,,,p2,poss,100,left,0.8909914579999167,None,None,,,,,,,,,,,0,184,184,227,279.49216737499955,,,,,,,,,,,,,,,,,,,,,,,,,,,,,,,,,,,,,,,,,,,,,,,,,,,,,,,,,,279.4839012500015,279.49216737499955,279.98113962500065,279.98113962500065,280.05659908300004,280.05659908300004,280.3920597910037,left,0.8909914579999167,None,280.392207416,280.39225983300275,None,,,,,,,,,,,,21049997,0,2025-10-20_13h11.20.095,tilt_mocs,2024.2.4,118.29343922245755,2025-10-20 13h11.29.216890 -0400,
-2.0,0.0,,185,185,0,,,,,,,,,,m3,noss,0,left,1.1101146670043818,None,None,,,,,,,,,,,0,185,185,565,280.40327983300085,,,,,,,,,,,,,,,,,,,,,,,,,,,,,,,,,,,,,,,,,,,,,,,,,,,,,,,,,,280.3951209579973,280.40327983300085,280.88927679100016,280.88927679100016,280.9623848330011,280.9623848330011,281.5251277080024,left,1.1101146670043818,None,281.525248416001,281.52530587500223,None,,,,,,,,,,,,21049997,0,2025-10-20_13h11.20.095,tilt_mocs,2024.2.4,118.29343922245755,2025-10-20 13h11.29.216890 -0400,
-0.5,0.0,,186,186,0,,,,,,,,,,m1,noss,0,left,0.8210184999988996,None,None,,,,,,,,,,,0,186,186,610,281.53526779099775,,,,,,,,,,,,,,,,,,,,,,,,,,,,,,,,,,,,,,,,,,,,,,,,,,,,,,,,,,281.5273435830022,281.53526779099775,282.0227035409989,282.0227035409989,282.095271582999,282.095271582999,282.35887408300187,left,0.8210184999988996,None,282.358999707998,282.35906824999984,None,,,,,,,,,,,,21049997,0,2025-10-20_13h11.20.095,tilt_mocs,2024.2.4,118.29343922245755,2025-10-20 13h11.29.216890 -0400,
-4.75,-15.0,,187,187,0,,,,,,,,,,PSE,negs,100,left,0.8040604579946375,None,None,,,,,,,,,,,0,187,187,430,282.36931858299795,,,,,,,,,,,,,,,,,,,,,,,,,,,,,,,,,,,,,,,,,,,,,,,,,,,,,,,,,,282.3612429999994,282.36931858299795,282.85618737500045,282.85618737500045,282.92956158299785,282.92956158299785,283.1764315410037,left,0.8040604579946375,None,283.17656633300066,283.17662541600293,None,,,,,,,,,,,,21049997,0,2025-10-20_13h11.20.095,tilt_mocs,2024.2.4,118.29343922245755,2025-10-20 13h11.29.216890 -0400,
-6.75,-15.0,,188,188,0,,,,,,,,,,m3,negs,100,left,0.8375938329991186,None,None,,,,,,,,,,,0,188,188,289,283.18736458299827,,,,,,,,,,,,,,,,,,,,,,,,,,,,,,,,,,,,,,,,,,,,,,,,,,,,,,,,,,283.17914225000277,283.18736458299827,283.6728796660027,283.6728796660027,283.7450981660004,283.7450981660004,284.03182466600265,left,0.8375938329991186,None,284.0319246660001,284.0319701249973,None,,,,,,,,,,,,21049997,0,2025-10-20_13h11.20.095,tilt_mocs,2024.2.4,118.29343922245755,2025-10-20 13h11.29.216890 -0400,
5.166666666666667,15.0,,189,189,0,,,,,,,,,,p3,poss,100,left,0.859991582998191,None,None,,,,,,,,,,,0,189,189,275,284.0422652499983,,,,,,,,,,,,,,,,,,,,,,,,,,,,,,,,,,,,,,,,,,,,,,,,,,,,,,,,,,284.03391016599926,284.0422652499983,284.5315597079971,284.5315597079971,284.6066797500025,284.6066797500025,284.9085431659987,left,0.859991582998191,None,284.90864837499976,284.9086923750001,None,,,,,,,,,,,,21049997,0,2025-10-20_13h11.20.095,tilt_mocs,2024.2.4,118.29343922245755,2025-10-20 13h11.29.216890 -0400,
2.166666666666667,15.0,,190,190,0,,,,,,,,,,m2,poss,100,left,1.4549061669968069,None,None,,,,,,,,,,,0,190,190,44,284.91847833299835,,,,,,,,,,,,,,,,,,,,,,,,,,,,,,,,,,,,,,,,,,,,,,,,,,,,,,,,,,284.9105835829978,284.91847833299835,285.4054034159999,285.4054034159999,285.47853895799926,285.47853895799926,286.37654766599735,left,1.4549061669968069,None,286.37669595800253,286.3767707079969,None,,,,,,,,,,,,21049997,0,2025-10-20_13h11.20.095,tilt_mocs,2024.2.4,118.29343922245755,2025-10-20 13h11.29.216890 -0400,
-0.5,0.0,,191,191,0,,,,,,,,,,m1,noss,0,left,1.0310953329972108,None,None,,,,,,,,,,,0,191,191,619,286.386938165997,,,,,,,,,,,,,,,,,,,,,,,,,,,,,,,,,,,,,,,,,,,,,,,,,,,,,,,,,,286.3788721660021,286.386938165997,286.87290529099846,286.87290529099846,286.9447136250019,286.9447136250019,287.42568791600206,left,1.0310953329972108,None,287.4258077909981,287.42586070799734,None,,,,,,,,,,,,21049997,0,2025-10-20_13h11.20.095,tilt_mocs,2024.2.4,118.29343922245755,2025-10-20 13h11.29.216890 -0400,
-5.25,-15.0,,192,192,0,,,,,,,,,,m1,negs,100,left,0.9986336669971934,None,None,,,,,,,,,,,0,192,192,372,287.4359271249996,,,,,,,,,,,,,,,,,,,,,,,,,,,,,,,,,,,,,,,,,,,,,,,,,,,,,,,,,,287.42801104100363,287.4359271249996,287.92307583300135,287.92307583300135,287.9958496660038,287.9958496660038,288.4422293750031,left,0.9986336669971934,None,288.4423558330018,288.44241216599767,None,,,,,,,,,,,,21049997,0,2025-10-20_13h11.20.095,tilt_mocs,2024.2.4,118.29343922245755,2025-10-20 13h11.29.216890 -0400,
1.166666666666667,15.0,,193,193,0,,,,,,,,,,m3,poss,100,left,0.9386303329956718,None,None,,,,,,,,,,,0,193,193,28,288.45304849999957,,,,,,,,,,,,,,,,,,,,,,,,,,,,,,,,,,,,,,,,,,,,,,,,,,,,,,,,,,288.444794832998,288.45304849999957,288.93974125000386,288.93974125000386,289.01183716599917,289.01183716599917,289.39813333300117,left,0.9386303329956718,None,289.3982529999994,289.39830662500026,None,,,,,,,,,,,,21049997,0,2025-10-20_13h11.20.095,tilt_mocs,2024.2.4,118.29343922245755,2025-10-20 13h11.29.216890 -0400,
1.166666666666667,15.0,,194,194,0,,,,,,,,,,m3,poss,100,left,1.0486073749998468,None,None,,,,,,,,,,,0,194,194,2,289.40842591600085,,,,,,,,,,,,,,,,,,,,,,,,,,,,,,,,,,,,,,,,,,,,,,,,,,,,,,,,,,289.40032908300054,289.40842591600085,289.89886470799684,289.89886470799684,289.97352845800197,289.97352845800197,290.4595522910022,left,1.0486073749998468,None,290.4596779159983,290.459734707998,None,,,,,,,,,,,,21049997,0,2025-10-20_13h11.20.095,tilt_mocs,2024.2.4,118.29343922245755,2025-10-20 13h11.29.216890 -0400,
-5.75,-15.0,,195,195,0,,,,,,,,,,m2,negs,100,left,0.9892206660006195,None,None,,,,,,,,,,,0,195,195,328,290.47048629100027,,,,,,,,,,,,,,,,,,,,,,,,,,,,,,,,,,,,,,,,,,,,,,,,,,,,,,,,,,290.4621616250006,290.47048629100027,290.9564177909997,290.9564177909997,291.02931816600176,291.02931816600176,291.46383358300227,left,0.9892206660006195,None,291.46392945799744,291.4639726250025,None,,,,,,,,,,,,21049997,0,2025-10-20_13h11.20.095,tilt_mocs,2024.2.4,118.29343922245755,2025-10-20 13h11.29.216890 -0400,
5.166666666666667,15.0,,196,196,0,,,,,,,,,,p3,poss,100,right,1.1574328749993583,None,None,,,,,,,,,,,0,196,196,278,291.474074208003,,,,,,,,,,,,,,,,,,,,,,,,,,,,,,,,,,,,,,,,,,,,,,,,,,,,,,,,,,291.4658410830016,291.474074208003,291.9652866660035,291.9652866660035,292.0404572499974,292.0404572499974,292.642714374997,right,1.1574328749993583,None,292.64294470800087,292.64308137499756,None,,,,,,,,,,,,21049997,0,2025-10-20_13h11.20.095,tilt_mocs,2024.2.4,118.29343922245755,2025-10-20 13h11.29.216890 -0400,
0.5,0.0,,197,197,0,,,,,,,,,,p1,noss,0,right,1.5227081249977346,None,None,,,,,,,,,,,0,197,197,640,292.65377704099956,,,,,,,,,,,,,,,,,,,,,,,,,,,,,,,,,,,,,,,,,,,,,,,,,,,,,,,,,,292.64551958299853,292.65377704099956,293.1398678330006,293.1398678330006,293.2119034999996,293.2119034999996,294.18220112499694,right,1.5227081249977346,None,294.18231783300143,294.1823722909976,None,,,,,,,,,,,,21049997,0,2025-10-20_13h11.20.095,tilt_mocs,2024.2.4,118.29343922245755,2025-10-20 13h11.29.216890 -0400,
-6.75,-15.0,,198,198,0,,,,,,,,,,m3,negs,100,left,1.0383697079960257,None,None,,,,,,,,,,,0,198,198,301,294.1926597499987,,,,,,,,,,,,,,,,,,,,,,,,,,,,,,,,,,,,,,,,,,,,,,,,,,,,,,,,,,294.18433029099833,294.1926597499987,294.68281533299887,294.68281533299887,294.7570373749986,294.7570373749986,295.2425361659989,left,1.0383697079960257,None,295.2426642499995,295.24271870800294,None,,,,,,,,,,,,21049997,0,2025-10-20_13h11.20.095,tilt_mocs,2024.2.4,118.29343922245755,2025-10-20 13h11.29.216890 -0400,
4.166666666666667,15.0,,199,199,0,,,,,,,,,,p2,poss,100,left,1.239368791000743,None,None,,,,,,,,,,,0,199,199,229,295.2528459160021,,,,,,,,,,,,,,,,,,,,,,,,,,,,,,,,,,,,,,,,,,,,,,,,,,,,,,,,,,295.24474941600056,295.2528459160021,295.7399948329985,295.7399948329985,295.8124315829991,295.8124315829991,296.4983507910001,left,1.239368791000743,None,296.49850420800067,296.49856787500175,None,,,,,,,,,,,,21049997,0,2025-10-20_13h11.20.095,tilt_mocs,2024.2.4,118.29343922245755,2025-10-20 13h11.29.216890 -0400,
3.666666666666667,15.0,,200,200,0,,,,,,,,,,p1,poss,100,left,1.0907244580012048,None,None,,,,,,,,,,,0,200,200,196,296.5092695830026,,,,,,,,,,,,,,,,,,,,,,,,,,,,,,,,,,,,,,,,,,,,,,,,,,,,,,,,,,296.50091541599977,296.5092695830026,296.9988420410009,296.9988420410009,297.0738261250008,297.0738261250008,297.60909329100105,left,1.0907244580012048,None,297.60919316599757,297.6092362499985,None,,,,,,,,,,,,21049997,0,2025-10-20_13h11.20.095,tilt_mocs,2024.2.4,118.29343922245755,2025-10-20 13h11.29.216890 -0400,
0.5,0.0,,201,201,0,,,,,,,,,,p1,noss,0,left,1.4635425419983221,None,None,,,,,,,,,,,0,201,201,649,297.61911433299974,,,,,,,,,,,,,,,,,,,,,,,,,,,,,,,,,,,,,,,,,,,,,,,,,,,,,,,,,,297.6111502909989,297.61911433299974,298.1068184579999,298.1068184579999,298.17878237499826,298.17878237499826,299.0928024160021,left,1.4635425419983221,None,299.09292970800016,299.092984875002,None,,,,,,,,,,,,21049997,0,2025-10-20_13h11.20.095,tilt_mocs,2024.2.4,118.29343922245755,2025-10-20 13h11.29.216890 -0400,
-1.0,0.0,,202,202,0,,,,,,,,,,m2,noss,0,left,1.1063824170050793,None,None,,,,,,,,,,,0,202,202,580,299.10353891600244,,,,,,,,,,,,,,,,,,,,,,,,,,,,,,,,,,,,,,,,,,,,,,,,,,,,,,,,,,299.095410832997,299.10353891600244,299.58918699999776,299.58918699999776,299.66316825000104,299.66316825000104,300.214255040999,left,1.1063824170050793,None,300.21435008299886,300.21439279100014,None,,,,,,,,,,,,21049997,0,2025-10-20_13h11.20.095,tilt_mocs,2024.2.4,118.29343922245755,2025-10-20 13h11.29.216890 -0400,
0.5,0.0,,203,203,0,,,,,,,,,,p1,noss,0,left,1.0784161660048994,None,None,,,,,,,,,,,0,203,203,642,300.22422324999934,,,,,,,,,,,,,,,,,,,,,,,,,,,,,,,,,,,,,,,,,,,,,,,,,,,,,,,,,,300.21628225000313,300.22422324999934,300.71635162500024,300.71635162500024,300.7906651250014,300.7906651250014,301.3089240409972,left,1.0784161660048994,None,301.3090240829988,301.3090707500014,None,,,,,,,,,,,,21049997,0,2025-10-20_13h11.20.095,tilt_mocs,2024.2.4,118.29343922245755,2025-10-20 13h11.29.216890 -0400,
4.166666666666667,15.0,,204,204,0,,,,,,,,,,p2,poss,100,left,1.176424582998152,None,None,,,,,,,,,,,0,204,204,213,301.31897700000263,,,,,,,,,,,,,,,,,,,,,,,,,,,,,,,,,,,,,,,,,,,,,,,,,,,,,,,,,,301.31099641600304,301.31897700000263,301.80693849999807,301.80693849999807,301.8788518750007,301.8788518750007,302.49944125000184,left,1.176424582998152,None,302.4995335409985,302.4995764999985,None,,,,,,,,,,,,21049997,0,2025-10-20_13h11.20.095,tilt_mocs,2024.2.4,118.29343922245755,2025-10-20 13h11.29.216890 -0400,
-0.5,0.0,,205,205,0,,,,,,,,,,m1,noss,0,left,1.098001167003531,None,None,,,,,,,,,,,0,205,205,602,302.5096057499977,,,,,,,,,,,,,,,,,,,,,,,,,,,,,,,,,,,,,,,,,,,,,,,,,,,,,,,,,,302.50149149999925,302.5096057499977,302.9992128329977,302.9992128329977,303.07385695799894,303.07385695799894,303.610285666,left,1.098001167003531,None,303.6104469159982,303.61050670799887,None,,,,,,,,,,,,21049997,0,2025-10-20_13h11.20.095,tilt_mocs,2024.2.4,118.29343922245755,2025-10-20 13h11.29.216890 -0400,
-6.75,-15.0,,206,206,0,,,,,,,,,,m3,negs,100,left,1.0401309590015444,None,None,,,,,,,,,,,0,206,206,294,303.62165025000286,,,,,,,,,,,,,,,,,,,,,,,,,,,,,,,,,,,,,,,,,,,,,,,,,,,,,,,,,,303.61331987500307,303.62165025000286,304.10687454100116,304.10687454100116,304.17914766600006,304.17914766600006,304.66433733300073,left,1.0401309590015444,None,304.6644339159975,304.66447662500286,None,,,,,,,,,,,,21049997,0,2025-10-20_13h11.20.095,tilt_mocs,2024.2.4,118.29343922245755,2025-10-20 13h11.29.216890 -0400,
2.666666666666667,15.0,,207,207,0,,,,,,,,,,m1,poss,100,left,1.052835791997495,None,None,,,,,,,,,,,0,207,207,103,304.6742845830013,,,,,,,,,,,,,,,,,,,,,,,,,,,,,,,,,,,,,,,,,,,,,,,,,,,,,,,,,,304.66637170800095,304.6742845830013,305.1656814579983,305.1656814579983,305.24080816600326,305.24080816600326,305.73250820799876,left,1.052835791997495,None,305.7326299159977,305.7326847910008,None,,,,,,,,,,,,21049997,0,2025-10-20_13h11.20.095,tilt_mocs,2024.2.4,118.29343922245755,2025-10-20 13h11.29.216890 -0400,
-5.25,-15.0,,208,208,0,,,,,,,,,,m1,negs,100,left,1.0535186249981052,None,None,,,,,,,,,,,0,208,208,366,305.74307950000366,,,,,,,,,,,,,,,,,,,,,,,,,,,,,,,,,,,,,,,,,,,,,,,,,,,,,,,,,,305.73482066600263,305.74307950000366,306.2327753330028,306.2327753330028,306.30771749999985,306.30771749999985,306.7990649159983,left,1.0535186249981052,None,306.7991681659987,306.7992119999981,None,,,,,,,,,,,,21049997,0,2025-10-20_13h11.20.095,tilt_mocs,2024.2.4,118.29343922245755,2025-10-20 13h11.29.216890 -0400,
1.166666666666667,15.0,,209,209,0,,,,,,,,,,m3,poss,100,left,1.0146879579988308,None,None,,,,,,,,,,,0,209,209,0,306.80947325000307,,,,,,,,,,,,,,,,,,,,,,,,,,,,,,,,,,,,,,,,,,,,,,,,,,,,,,,,,,306.80114937500184,306.80947325000307,307.29910483300046,307.29910483300046,307.37420454100356,307.37420454100356,307.8269409159984,left,1.0146879579988308,None,307.8270923329983,307.8271535410022,None,,,,,,,,,,,,21049997,0,2025-10-20_13h11.20.095,tilt_mocs,2024.2.4,118.29343922245755,2025-10-20 13h11.29.216890 -0400,
1.0,0.0,,210,210,0,,,,,,,,,,p2,noss,0,left,0.9168803749998915,None,None,,,,,,,,,,,0,210,210,669,307.8376115830033,,,,,,,,,,,,,,,,,,,,,,,,,,,,,,,,,,,,,,,,,,,,,,,,,,,,,,,,,,307.82937829099683,307.8376115830033,308.3236558330027,308.3236558330027,308.39697441599856,308.39697441599856,308.75992220800254,left,0.9168803749998915,None,308.7600833750039,308.76014033299725,None,,,,,,,,,,,,21049997,0,2025-10-20_13h11.20.095,tilt_mocs,2024.2.4,118.29343922245755,2025-10-20 13h11.29.216890 -0400,
4.166666666666667,15.0,,211,211,0,,,,,,,,,,p2,poss,100,right,1.2538685000035912,None,None,,,,,,,,,,,0,211,211,215,308.77091470800224,,,,,,,,,,,,,,,,,,,,,,,,,,,,,,,,,,,,,,,,,,,,,,,,,,,,,,,,,,308.76272604100086,308.77091470800224,309.2570337080033,309.2570337080033,309.32883045799827,309.32883045799827,310.02716274999693,right,1.2538685000035912,None,310.0272768750001,310.0273225830024,None,,,,,,,,,,,,21049997,0,2025-10-20_13h11.20.095,tilt_mocs,2024.2.4,118.29343922245755,2025-10-20 13h11.29.216890 -0400,
4.166666666666667,15.0,,212,212,0,,,,,,,,,,p2,poss,100,right,1.2058937499969034,None,None,,,,,,,,,,,0,212,212,206,310.03695137499744,,,,,,,,,,,,,,,,,,,,,,,,,,,,,,,,,,,,,,,,,,,,,,,,,,,,,,,,,,310.02928904099826,310.03695137499744,310.5237504999968,310.5237504999968,310.5962892910029,310.5962892910029,311.2481043329972,right,1.2058937499969034,None,311.2482297500028,311.248291625001,None,,,,,,,,,,,,21049997,0,2025-10-20_13h11.20.095,tilt_mocs,2024.2.4,118.29343922245755,2025-10-20 13h11.29.216890 -0400,
-6.75,-15.0,,213,213,0,,,,,,,,,,m3,negs,100,left,1.224920499997097,None,None,,,,,,,,,,,0,213,213,283,311.2740338329968,,,,,,,,,,,,,,,,,,,,,,,,,,,,,,,,,,,,,,,,,,,,,,,,,,,,,,,,,,311.25029995800287,311.2740338329968,311.7496274579971,311.7496274579971,311.82437441599905,311.82437441599905,312.5100679160023,left,1.224920499997097,None,312.51023404100124,312.5102889159971,None,,,,,,,,,,,,21049997,0,2025-10-20_13h11.20.095,tilt_mocs,2024.2.4,118.29343922245755,2025-10-20 13h11.29.216890 -0400,
-2.75,-15.0,,214,214,0,,,,,,,,,,p3,negs,100,right,1.112290375000157,None,None,,,,,,,,,,,0,214,214,540,312.5211329160011,,,,,,,,,,,,,,,,,,,,,,,,,,,,,,,,,,,,,,,,,,,,,,,,,,,,,,,,,,312.5129205830017,312.5211329160011,313.0073741660017,313.0073741660017,313.0796439159967,313.0796439159967,313.64337749999686,right,1.112290375000157,None,313.64353079099965,313.643588166,None,,,,,,,,,,,,21049997,0,2025-10-20_13h11.20.095,tilt_mocs,2024.2.4,118.29343922245755,2025-10-20 13h11.29.216890 -0400,
-6.75,-15.0,,215,215,0,,,,,,,,,,m3,negs,100,left,1.4936362500011455,None,None,,,,,,,,,,,0,215,215,299,313.65440233299887,,,,,,,,,,,,,,,,,,,,,,,,,,,,,,,,,,,,,,,,,,,,,,,,,,,,,,,,,,313.6462178330039,313.65440233299887,314.1406393750003,314.1406393750003,314.2129443750018,314.2129443750018,315.16011654100294,left,1.4936362500011455,None,315.1602419159972,315.1603095829996,None,,,,,,,,,,,,21049997,0,2025-10-20_13h11.20.095,tilt_mocs,2024.2.4,118.29343922245755,2025-10-20 13h11.29.216890 -0400,
2.666666666666667,15.0,,216,216,0,,,,,,,,,,m1,poss,100,right,1.2457586669988814,None,None,,,,,,,,,,,0,216,216,93,315.1706654160007,,,,,,,,,,,,,,,,,,,,,,,,,,,,,,,,,,,,,,,,,,,,,,,,,,,,,,,,,,315.162643165997,315.1706654160007,315.65736033300345,315.65736033300345,315.7306652909974,315.7306652909974,316.4265409580039,right,1.2457586669988814,None,316.4266659999994,316.4267217500019,None,,,,,,,,,,,,21049997,0,2025-10-20_13h11.20.095,tilt_mocs,2024.2.4,118.29343922245755,2025-10-20 13h11.29.216890 -0400,
5.166666666666667,15.0,,217,217,0,,,,,,,,,,p3,poss,100,right,1.4382352089960477,None,None,,,,,,,,,,,0,217,217,263,316.4369875830016,,,,,,,,,,,,,,,,,,,,,,,,,,,,,,,,,,,,,,,,,,,,,,,,,,,,,,,,,,316.4289739579981,316.4369875830016,316.92398341600347,316.92398341600347,316.9963199999984,316.9963199999984,317.87816304100124,right,1.4382352089960477,None,317.8783176249999,317.87837566599774,None,,,,,,,,,,,,21049997,0,2025-10-20_13h11.20.095,tilt_mocs,2024.2.4,118.29343922245755,2025-10-20 13h11.29.216890 -0400,
5.166666666666667,15.0,,218,218,0,,,,,,,,,,p3,poss,100,right,1.006722374993842,None,None,,,,,,,,,,,0,218,218,242,317.88860945800116,,,,,,,,,,,,,,,,,,,,,,,,,,,,,,,,,,,,,,,,,,,,,,,,,,,,,,,,,,317.8805112080008,317.88860945800116,318.3740961250005,318.3740961250005,318.44615733299725,318.44615733299725,318.8986942909978,right,1.006722374993842,None,318.89879466599814,318.8988399160007,None,,,,,,,,,,,,21049997,0,2025-10-20_13h11.20.095,tilt_mocs,2024.2.4,118.29343922245755,2025-10-20 13h11.29.216890 -0400,
-4.75,-15.0,,219,219,0,,,,,,,,,,PSE,negs,100,left,1.3281633750011679,None,None,,,,,,,,,,,0,219,219,417,318.92426587500086,,,,,,,,,,,,,,,,,,,,,,,,,,,,,,,,,,,,,,,,,,,,,,,,,,,,,,,,,,318.900752708003,318.92426587500086,319.3997642079994,319.3997642079994,319.4746796250038,319.4746796250038,320.26048995800375,left,1.3281633750011679,None,320.2606264999995,320.2606833329992,None,,,,,,,,,,,,21049997,0,2025-10-20_13h11.20.095,tilt_mocs,2024.2.4,118.29343922245755,2025-10-20 13h11.29.216890 -0400,
0.0,0.0,,220,220,0,,,,,,,,,,PSE,noss,0,right,1.3820472079969477,None,None,,,,,,,,,,,0,220,220,623,320.2709536659968,,,,,,,,,,,,,,,,,,,,,,,,,,,,,,,,,,,,,,,,,,,,,,,,,,,,,,,,,,320.2629435409981,320.2709536659968,320.7574026660004,320.7574026660004,320.8297891659968,320.8297891659968,321.6602490829973,right,1.3820472079969477,None,321.6603780000005,321.66043450000143,None,,,,,,,,,,,,21049997,0,2025-10-20_13h11.20.095,tilt_mocs,2024.2.4,118.29343922245755,2025-10-20 13h11.29.216890 -0400,
0.0,0.0,,221,221,0,,,,,,,,,,PSE,noss,0,right,1.1240225000001374,None,None,,,,,,,,,,,0,221,221,629,321.67030429100123,,,,,,,,,,,,,,,,,,,,,,,,,,,,,,,,,,,,,,,,,,,,,,,,,,,,,,,,,,321.6623454579967,321.67030429100123,322.15753341600066,322.15753341600066,322.229876874997,322.229876874997,322.7995855830013,right,1.1240225000001374,None,322.79970737500116,322.79976324999734,None,,,,,,,,,,,,21049997,0,2025-10-20_13h11.20.095,tilt_mocs,2024.2.4,118.29343922245755,2025-10-20 13h11.29.216890 -0400,
-4.75,-15.0,,222,222,0,,,,,,,,,,PSE,negs,100,right,1.2816546250032843,None,None,,,,,,,,,,,0,222,222,427,322.809954999997,,,,,,,,,,,,,,,,,,,,,,,,,,,,,,,,,,,,,,,,,,,,,,,,,,,,,,,,,,322.8017048749971,322.809954999997,323.2998355000018,323.2998355000018,323.3748303329994,323.3748303329994,324.09420800000225,right,1.2816546250032843,None,324.0943455000015,324.094402540999,None,,,,,,,,,,,,21049997,0,2025-10-20_13h11.20.095,tilt_mocs,2024.2.4,118.29343922245755,2025-10-20 13h11.29.216890 -0400,
4.166666666666667,15.0,,223,223,0,,,,,,,,,,p2,poss,100,right,1.0262175000025309,None,None,,,,,,,,,,,0,223,223,237,324.1046496249983,,,,,,,,,,,,,,,,,,,,,,,,,,,,,,,,,,,,,,,,,,,,,,,,,,,,,,,,,,324.09660254100163,324.1046496249983,324.59104441600357,324.59104441600357,324.6636901660022,324.6636901660022,325.1337336249999,right,1.0262175000025309,None,325.1338846660001,325.13394100000005,None,,,,,,,,,,,,21049997,0,2025-10-20_13h11.20.095,tilt_mocs,2024.2.4,118.29343922245755,2025-10-20 13h11.29.216890 -0400,
2.666666666666667,15.0,,224,224,0,,,,,,,,,,m1,poss,100,right,1.1171805420017336,None,None,,,,,,,,,,,0,224,224,92,325.1441352080001,,,,,,,,,,,,,,,,,,,,,,,,,,,,,,,,,,,,,,,,,,,,,,,,,,,,,,,,,,325.13597075000143,325.1441352080001,325.63368329100194,325.63368329100194,325.7078184999991,325.7078184999991,326.26562266600376,right,1.1171805420017336,None,326.26571954099927,326.2657626250002,None,,,,,,,,,,,,21049997,0,2025-10-20_13h11.20.095,tilt_mocs,2024.2.4,118.29343922245755,2025-10-20 13h11.29.216890 -0400,
-4.75,-15.0,,225,225,0,,,,,,,,,,PSE,negs,100,right,1.009564040999976,None,None,,,,,,,,,,,0,225,225,409,326.29122883299715,,,,,,,,,,,,,,,,,,,,,,,,,,,,,,,,,,,,,,,,,,,,,,,,,,,,,,,,,,326.26766108300217,326.29122883299715,326.7663628750015,326.7663628750015,326.8415783329983,326.8415783329983,327.3105248749998,right,1.009564040999976,None,327.3106512910017,327.3107067910023,None,,,,,,,,,,,,21049997,0,2025-10-20_13h11.20.095,tilt_mocs,2024.2.4,118.29343922245755,2025-10-20 13h11.29.216890 -0400,
5.166666666666667,15.0,,226,226,0,,,,,,,,,,p3,poss,100,right,0.9542235410044668,None,None,,,,,,,,,,,0,226,226,268,327.3212650830028,,,,,,,,,,,,,,,,,,,,,,,,,,,,,,,,,,,,,,,,,,,,,,,,,,,,,,,,,,327.31311950000236,327.3212650830028,327.8079088329978,327.8079088329978,327.8806353330001,327.8806353330001,328.2780870409988,right,0.9542235410044668,None,328.2782139999981,328.2782699579984,None,,,,,,,,,,,,21049997,0,2025-10-20_13h11.20.095,tilt_mocs,2024.2.4,118.29343922245755,2025-10-20 13h11.29.216890 -0400,
-1.0,0.0,,227,227,0,,,,,,,,,,m2,noss,0,right,1.2643662080008653,None,None,,,,,,,,,,,0,227,227,583,328.2885446250002,,,,,,,,,,,,,,,,,,,,,,,,,,,,,,,,,,,,,,,,,,,,,,,,,,,,,,,,,,328.28067920800095,328.2885446250002,328.77466491600353,328.77466491600353,328.8463763749969,328.8463763749969,329.5606558750005,right,1.2643662080008653,None,329.56082150000293,329.56100320800033,None,,,,,,,,,,,,21049997,0,2025-10-20_13h11.20.095,tilt_mocs,2024.2.4,118.29343922245755,2025-10-20 13h11.29.216890 -0400,
-5.75,-15.0,,228,228,0,,,,,,,,,,m2,negs,100,right,1.150482082994131,None,None,,,,,,,,,,,0,228,228,341,329.5716917910031,,,,,,,,,,,,,,,,,,,,,,,,,,,,,,,,,,,,,,,,,,,,,,,,,,,,,,,,,,329.5635247500031,329.5716917910031,330.0578616249986,330.0578616249986,330.13075487499736,330.13075487499736,330.727630207999,right,1.150482082994131,None,330.7277756659969,330.72783566600265,None,,,,,,,,,,,,21049997,0,2025-10-20_13h11.20.095,tilt_mocs,2024.2.4,118.29343922245755,2025-10-20 13h11.29.216890 -0400,
2.666666666666667,15.0,,229,229,0,,,,,,,,,,m1,poss,100,left,1.441609832996619,None,None,,,,,,,,,,,0,229,229,82,330.7381042499983,,,,,,,,,,,,,,,,,,,,,,,,,,,,,,,,,,,,,,,,,,,,,,,,,,,,,,,,,,330.72993641599896,330.7381042499983,331.22459833299945,331.22459833299945,331.2969277910015,331.2969277910015,332.1840493330019,left,1.441609832996619,None,332.1842026660015,332.18425783300336,None,,,,,,,,,,,,21049997,0,2025-10-20_13h11.20.095,tilt_mocs,2024.2.4,118.29343922245755,2025-10-20 13h11.29.216890 -0400,
-2.75,-15.0,,230,230,0,,,,,,,,,,p3,negs,100,right,1.17540820800059,None,None,,,,,,,,,,,0,230,230,533,332.19416150000325,,,,,,,,,,,,,,,,,,,,,,,,,,,,,,,,,,,,,,,,,,,,,,,,,,,,,,,,,,332.1863075000001,332.19416150000325,332.6844976249995,332.6844976249995,332.758531958003,332.758531958003,333.37739491600223,right,1.17540820800059,None,333.3775493330031,333.37760466599866,None,,,,,,,,,,,,21049997,0,2025-10-20_13h11.20.095,tilt_mocs,2024.2.4,118.29343922245755,2025-10-20 13h11.29.216890 -0400,
1.0,0.0,,231,231,0,,,,,,,,,,p2,noss,0,right,0.9552842080011033,None,None,,,,,,,,,,,0,231,231,661,333.388990833002,,,,,,,,,,,,,,,,,,,,,,,,,,,,,,,,,,,,,,,,,,,,,,,,,,,,,,,,,,333.38057500000286,333.388990833002,333.8745727909991,333.8745727909991,333.947000375003,333.947000375003,334.3505772080025,right,0.9552842080011033,None,334.35070195799926,334.35075716600113,None,,,,,,,,,,,,21049997,0,2025-10-20_13h11.20.095,tilt_mocs,2024.2.4,118.29343922245755,2025-10-20 13h11.29.216890 -0400,
1.0,0.0,,232,232,0,,,,,,,,,,p2,noss,0,right,1.0137398750011926,None,None,,,,,,,,,,,0,232,232,670,334.3611752910001,,,,,,,,,,,,,,,,,,,,,,,,,,,,,,,,,,,,,,,,,,,,,,,,,,,,,,,,,,334.3530186249991,334.3611752910001,334.8507139580033,334.8507139580033,334.9240667080012,334.9240667080012,335.3777832909982,right,1.0137398750011926,None,335.3779299579983,335.37798879099864,None,,,,,,,,,,,,21049997,0,2025-10-20_13h11.20.095,tilt_mocs,2024.2.4,118.29343922245755,2025-10-20 13h11.29.216890 -0400,
3.166666666666667,15.0,,233,233,0,,,,,,,,,,PSE,poss,100,right,0.9713289169958443,None,None,,,,,,,,,,,0,233,233,124,335.38797737500136,,,,,,,,,,,,,,,,,,,,,,,,,,,,,,,,,,,,,,,,,,,,,,,,,,,,,,,,,,335.3800085410039,335.38797737500136,335.87472554099804,335.87472554099804,335.94700554099836,335.94700554099836,336.3701796250025,right,0.9713289169958443,None,336.3702767499999,336.3703203749974,None,,,,,,,,,,,,21049997,0,2025-10-20_13h11.20.095,tilt_mocs,2024.2.4,118.29343922245755,2025-10-20 13h11.29.216890 -0400,
-2.75,-15.0,,234,234,0,,,,,,,,,,p3,negs,100,right,1.047325790998002,None,None,,,,,,,,,,,0,234,234,529,336.37764354100364,,,,,,,,,,,,,,,,,,,,,,,,,,,,,,,,,,,,,,,,,,,,,,,,,,,,,,,,,,336.3722574580024,336.37764354100364,336.86722225000267,336.86722225000267,336.9418725409996,336.9418725409996,337.4274295830037,right,1.047325790998002,None,337.42753158300184,337.4275734160037,None,,,,,,,,,,,,21049997,0,2025-10-20_13h11.20.095,tilt_mocs,2024.2.4,118.29343922245755,2025-10-20 13h11.29.216890 -0400,
-5.75,-15.0,,235,235,0,,,,,,,,,,m2,negs,100,left,1.3265428750019055,None,None,,,,,,,,,,,0,235,235,357,337.43747829100175,,,,,,,,,,,,,,,,,,,,,,,,,,,,,,,,,,,,,,,,,,,,,,,,,,,,,,,,,,337.42949904099805,337.43747829100175,337.9248550830016,337.9248550830016,337.99685329099884,337.99685329099884,338.7665287080017,left,1.3265428750019055,None,338.7666889579996,338.76674354100396,None,,,,,,,,,,,,21049997,0,2025-10-20_13h11.20.095,tilt_mocs,2024.2.4,118.29343922245755,2025-10-20 13h11.29.216890 -0400,
-2.75,-15.0,,236,236,0,,,,,,,,,,p3,negs,100,right,1.086920415997156,None,None,,,,,,,,,,,0,236,236,541,338.77715012500266,,,,,,,,,,,,,,,,,,,,,,,,,,,,,,,,,,,,,,,,,,,,,,,,,,,,,,,,,,338.7688235829992,338.77715012500266,339.26677916599874,339.26677916599874,339.3483618329992,339.3483618329992,339.8665961250008,right,1.086920415997156,None,339.8667017080006,339.86674587499874,None,,,,,,,,,,,,21049997,0,2025-10-20_13h11.20.095,tilt_mocs,2024.2.4,118.29343922245755,2025-10-20 13h11.29.216890 -0400,
-4.25,-15.0,,237,237,0,,,,,,,,,,p1,negs,100,right,1.181722749999608,None,None,,,,,,,,,,,0,237,237,463,339.87703033300204,,,,,,,,,,,,,,,,,,,,,,,,,,,,,,,,,,,,,,,,,,,,,,,,,,,,,,,,,,339.86867079100193,339.87703033300204,340.36778374999994,340.36778374999994,340.4420772500016,340.4420772500016,341.0616045409988,right,1.181722749999608,None,341.0617503750036,341.06182120800077,None,,,,,,,,,,,,21049997,0,2025-10-20_13h11.20.095,tilt_mocs,2024.2.4,118.29343922245755,2025-10-20 13h11.29.216890 -0400,
2.666666666666667,15.0,,238,238,0,,,,,,,,,,m1,poss,100,right,1.0333442089977325,None,None,,,,,,,,,,,0,238,238,102,341.07223299999896,,,,,,,,,,,,,,,,,,,,,,,,,,,,,,,,,,,,,,,,,,,,,,,,,,,,,,,,,,341.06400145799853,341.07223299999896,341.55830708300346,341.55830708300346,341.6307863749971,341.6307863749971,342.11093112500384,right,1.0333442089977325,None,342.1110581660032,342.11111374999746,None,,,,,,,,,,,,21049997,0,2025-10-20_13h11.20.095,tilt_mocs,2024.2.4,118.29343922245755,2025-10-20 13h11.29.216890 -0400,
-0.5,0.0,,239,239,0,,,,,,,,,,m1,noss,0,right,1.6669867919990793,None,None,,,,,,,,,,,0,239,239,617,342.1214958749988,,,,,,,,,,,,,,,,,,,,,,,,,,,,,,,,,,,,,,,,,,,,,,,,,,,,,,,,,,342.11344441599795,342.1214958749988,342.60842120800226,342.60842120800226,342.681532290997,342.681532290997,343.7942247910032,right,1.6669867919990793,None,343.79434766600025,343.79440204099956,None,,,,,,,,,,,,21049997,0,2025-10-20_13h11.20.095,tilt_mocs,2024.2.4,118.29343922245755,2025-10-20 13h11.29.216890 -0400,
2.666666666666667,15.0,,240,240,0,,,,,,,,,,m1,poss,100,left,1.074730542000907,None,None,,,,,,,,,,,0,240,240,91,343.8046263750002,,,,,,,,,,,,,,,,,,,,,,,,,,,,,,,,,,,,,,,,,,,,,,,,,,,,,,,,,,343.7966355410026,343.8046263750002,344.29164029099775,344.29164029099775,344.3641838330004,344.3641838330004,344.8838158330036,left,1.074730542000907,None,344.88396150000335,344.88401991599676,None,,,,,,,,,,,,21049997,0,2025-10-20_13h11.20.095,tilt_mocs,2024.2.4,118.29343922245755,2025-10-20 13h11.29.216890 -0400,
-3.75,-15.0,,241,241,0,,,,,,,,,,p2,negs,100,right,1.081667375001416,None,None,,,,,,,,,,,0,241,241,519,344.8944478330013,,,,,,,,,,,,,,,,,,,,,,,,,,,,,,,,,,,,,,,,,,,,,,,,,,,,,,,,,,344.88616779100266,344.8944478330013,345.38384704099735,345.38384704099735,345.45906683299836,345.45906683299836,345.97909512500337,right,1.081667375001416,None,345.9792612079982,345.9793187079995,None,,,,,,,,,,,,21049997,0,2025-10-20_13h11.20.095,tilt_mocs,2024.2.4,118.29343922245755,2025-10-20 13h11.29.216890 -0400,
-0.5,0.0,,242,242,0,,,,,,,,,,m1,noss,0,right,1.0517638750025071,None,None,,,,,,,,,,,0,242,242,601,345.9901639160016,,,,,,,,,,,,,,,,,,,,,,,,,,,,,,,,,,,,,,,,,,,,,,,,,,,,,,,,,,345.9816653329981,345.9901639160016,346.4750540000023,346.4750540000023,346.54718191600114,346.54718191600114,347.04492766600015,right,1.0517638750025071,None,347.04507712500344,347.04513399999996,None,,,,,,,,,,,,21049997,0,2025-10-20_13h11.20.095,tilt_mocs,2024.2.4,118.29343922245755,2025-10-20 13h11.29.216890 -0400,
2.666666666666667,15.0,,243,243,0,,,,,,,,,,m1,poss,100,right,1.0442345830015256,None,None,,,,,,,,,,,0,243,243,87,347.05534266599716,,,,,,,,,,,,,,,,,,,,,,,,,,,,,,,,,,,,,,,,,,,,,,,,,,,,,,,,,,347.0471577080025,347.05534266599716,347.5417725829975,347.5417725829975,347.61426575000223,347.61426575000223,348.1023833330037,right,1.0442345830015256,None,348.10253470799944,348.10259337499883,None,,,,,,,,,,,,21049997,0,2025-10-20_13h11.20.095,tilt_mocs,2024.2.4,118.29343922245755,2025-10-20 13h11.29.216890 -0400,
3.666666666666667,15.0,,244,244,0,,,,,,,,,,p1,poss,100,right,1.0867436659973464,None,None,,,,,,,,,,,0,244,244,170,348.11222783300036,,,,,,,,,,,,,,,,,,,,,,,,,,,,,,,,,,,,,,,,,,,,,,,,,,,,,,,,,,348.1049357910015,348.11222783300036,348.60154350000084,348.60154350000084,348.6757215000034,348.6757215000034,349.20150904099864,right,1.0867436659973464,None,349.20163691599737,349.201692290997,None,,,,,,,,,,,,21049997,0,2025-10-20_13h11.20.095,tilt_mocs,2024.2.4,118.29343922245755,2025-10-20 13h11.29.216890 -0400,
4.166666666666667,15.0,,245,245,0,,,,,,,,,,p2,poss,100,right,1.2144611670009908,None,None,,,,,,,,,,,0,245,245,224,349.2117756250009,,,,,,,,,,,,,,,,,,,,,,,,,,,,,,,,,,,,,,,,,,,,,,,,,,,,,,,,,,349.2040905000031,349.2117756250009,349.7008070829979,349.7008070829979,349.7756742080019,349.7756742080019,350.42872320800234,right,1.2144611670009908,None,350.4288622910026,350.42892020800355,None,,,,,,,,,,,,21049997,0,2025-10-20_13h11.20.095,tilt_mocs,2024.2.4,118.29343922245755,2025-10-20 13h11.29.216890 -0400,
0.5,0.0,,246,246,0,,,,,,,,,,p1,noss,0,right,0.988585958002659,None,None,,,,,,,,,,,0,246,246,644,350.43900225000107,,,,,,,,,,,,,,,,,,,,,,,,,,,,,,,,,,,,,,,,,,,,,,,,,,,,,,,,,,350.4310869999972,350.43900225000107,350.92520983300346,350.92520983300346,350.99736958299764,350.99736958299764,351.4340976250023,right,0.988585958002659,None,351.43424258300365,351.4342972910017,None,,,,,,,,,,,,21049997,0,2025-10-20_13h11.20.095,tilt_mocs,2024.2.4,118.29343922245755,2025-10-20 13h11.29.216890 -0400,
3.666666666666667,15.0,,247,247,0,,,,,,,,,,p1,poss,100,right,1.0588870840001618,None,None,,,,,,,,,,,0,247,247,199,351.4449565000032,,,,,,,,,,,,,,,,,,,,,,,,,,,,,,,,,,,,,,,,,,,,,,,,,,,,,,,,,,351.4363902080004,351.4449565000032,351.93418887499865,351.93418887499865,352.00915954099764,352.00915954099764,352.5115917910007,right,1.0588870840001618,None,352.5117546659967,352.51180529100384,None,,,,,,,,,,,,21049997,0,2025-10-20_13h11.20.095,tilt_mocs,2024.2.4,118.29343922245755,2025-10-20 13h11.29.216890 -0400,
3.666666666666667,15.0,,248,248,0,,,,,,,,,,p1,poss,100,right,0.9874137079968932,None,None,,,,,,,,,,,0,248,248,198,352.52247137499944,,,,,,,,,,,,,,,,,,,,,,,,,,,,,,,,,,,,,,,,,,,,,,,,,,,,,,,,,,352.51435774999845,352.52247137499944,353.008659375002,353.008659375002,353.0816777910004,353.0816777910004,353.5127575000006,right,0.9874137079968932,None,353.5129190410007,353.5129767500039,None,,,,,,,,,,,,21049997,0,2025-10-20_13h11.20.095,tilt_mocs,2024.2.4,118.29343922245755,2025-10-20 13h11.29.216890 -0400,
0.0,0.0,,249,249,0,,,,,,,,,,PSE,noss,0,right,0.9439318750009988,None,None,,,,,,,,,,,0,249,249,636,353.5235507079997,,,,,,,,,,,,,,,,,,,,,,,,,,,,,,,,,,,,,,,,,,,,,,,,,,,,,,,,,,353.5151627910018,353.5235507079997,354.00866691600095,354.00866691600095,354.08083812500263,354.08083812500263,354.47809587499796,right,0.9439318750009988,None,354.478210082998,354.4782526249983,None,,,,,,,,,,,,21049997,0,2025-10-20_13h11.20.095,tilt_mocs,2024.2.4,118.29343922245755,2025-10-20 13h11.29.216890 -0400,
-4.25,-15.0,,250,250,0,,,,,,,,,,p1,negs,100,right,1.0556371249986114,None,None,,,,,,,,,,,0,250,250,471,354.4879376250028,,,,,,,,,,,,,,,,,,,,,,,,,,,,,,,,,,,,,,,,,,,,,,,,,,,,,,,,,,354.48013387500396,354.4879376250028,354.9754654999997,354.9754654999997,355.04773666599795,355.04773666599795,355.55567495799914,right,1.0556371249986114,None,355.55579170800047,355.55583829100215,None,,,,,,,,,,,,21049997,0,2025-10-20_13h11.20.095,tilt_mocs,2024.2.4,118.29343922245755,2025-10-20 13h11.29.216890 -0400,
3.166666666666667,15.0,,251,251,0,,,,,,,,,,PSE,poss,100,right,1.021924125001533,None,None,,,,,,,,,,,0,251,251,132,355.56235225000273,,,,,,,,,,,,,,,,,,,,,,,,,,,,,,,,,,,,,,,,,,,,,,,,,,,,,,,,,,355.5577267499975,355.56235225000273,356.05091216599976,356.05091216599976,356.12598154100124,356.12598154100124,356.59540933300013,right,1.021924125001533,None,356.595577125001,356.59563754100236,None,,,,,,,,,,,,21049997,0,2025-10-20_13h11.20.095,tilt_mocs,2024.2.4,118.29343922245755,2025-10-20 13h11.29.216890 -0400,
3.166666666666667,15.0,,252,252,0,,,,,,,,,,PSE,poss,100,right,0.9200595830043312,None,None,,,,,,,,,,,0,252,252,146,356.6065492080015,,,,,,,,,,,,,,,,,,,,,,,,,,,,,,,,,,,,,,,,,,,,,,,,,,,,,,,,,,356.59827483299887,356.6065492080015,357.0922174579973,357.0922174579973,357.1643015000009,357.1643015000009,357.5291431660007,right,0.9200595830043312,None,357.5292780410018,357.52933745799965,None,,,,,,,,,,,,21049997,0,2025-10-20_13h11.20.095,tilt_mocs,2024.2.4,118.29343922245755,2025-10-20 13h11.29.216890 -0400,
-2.0,0.0,,253,253,0,,,,,,,,,,m3,noss,0,left,1.1646678329998394,None,None,,,,,,,,,,,0,253,253,567,357.5397921659969,,,,,,,,,,,,,,,,,,,,,,,,,,,,,,,,,,,,,,,,,,,,,,,,,,,,,,,,,,357.5317671660014,357.5397921659969,358.0255752910016,358.0255752910016,358.09899645800033,358.09899645800033,358.7113207910006,left,1.1646678329998394,None,358.7114442079983,358.71149895800045,None,,,,,,,,,,,,21049997,0,2025-10-20_13h11.20.095,tilt_mocs,2024.2.4,118.29343922245755,2025-10-20 13h11.29.216890 -0400,
0.0,0.0,,254,254,0,,,,,,,,,,PSE,noss,0,left,1.1668101670002216,None,None,,,,,,,,,,,0,254,254,627,358.7217670829996,,,,,,,,,,,,,,,,,,,,,,,,,,,,,,,,,,,,,,,,,,,,,,,,,,,,,,,,,,358.71388158300397,358.7217670829996,359.20888187499804,359.20888187499804,359.2808255409982,359.2808255409982,359.89457437500096,left,1.1668101670002216,None,359.8946765410001,359.89472104099696,None,,,,,,,,,,,,21049997,0,2025-10-20_13h11.20.095,tilt_mocs,2024.2.4,118.29343922245755,2025-10-20 13h11.29.216890 -0400,
2.666666666666667,15.0,,255,255,0,,,,,,,,,,m1,poss,100,left,1.1025280419999035,None,None,,,,,,,,,,,0,255,255,88,359.9048102910019,,,,,,,,,,,,,,,,,,,,,,,,,,,,,,,,,,,,,,,,,,,,,,,,,,,,,,,,,,359.8966091659968,359.9048102910019,360.3922279160033,360.3922279160033,360.46436283300136,360.46436283300136,361.01188629100216,left,1.1025280419999035,None,361.0120453330019,361.01210683299723,None,,,,,,,,,,,,21049997,0,2025-10-20_13h11.20.095,tilt_mocs,2024.2.4,118.29343922245755,2025-10-20 13h11.29.216890 -0400,
-4.25,-15.0,,256,256,0,,,,,,,,,,p1,negs,100,left,1.048220875003608,None,None,,,,,,,,,,,0,256,256,440,361.0230655409978,,,,,,,,,,,,,,,,,,,,,,,,,,,,,,,,,,,,,,,,,,,,,,,,,,,,,,,,,,361.01494025000284,361.0230655409978,361.50894058300037,361.50894058300037,361.58198541599995,361.58198541599995,362.0785195830031,left,1.048220875003608,None,362.0786490410028,362.07871808300115,None,,,,,,,,,,,,21049997,0,2025-10-20_13h11.20.095,tilt_mocs,2024.2.4,118.29343922245755,2025-10-20 13h11.29.216890 -0400,
-5.25,-15.0,,257,257,0,,,,,,,,,,m1,negs,100,left,1.054565124999499,None,None,,,,,,,,,,,0,257,257,387,362.0889919160036,,,,,,,,,,,,,,,,,,,,,,,,,,,,,,,,,,,,,,,,,,,,,,,,,,,,,,,,,,362.0809665409979,362.0889919160036,362.57575395800086,362.57575395800086,362.6492306250002,362.6492306250002,363.1542655410012,left,1.054565124999499,None,363.15436245800083,363.154406499998,None,,,,,,,,,,,,21049997,0,2025-10-20_13h11.20.095,tilt_mocs,2024.2.4,118.29343922245755,2025-10-20 13h11.29.216890 -0400,
-4.25,-15.0,,258,258,0,,,,,,,,,,p1,negs,100,left,0.9889585839991923,None,None,,,,,,,,,,,0,258,258,466,363.16202733299724,,,,,,,,,,,,,,,,,,,,,,,,,,,,,,,,,,,,,,,,,,,,,,,,,,,,,,,,,,363.15631195800233,363.16202733299724,363.65149295800074,363.65149295800074,363.7262804999991,363.7262804999991,364.1621330830021,left,0.9889585839991923,None,364.1622804159997,364.1623376659991,None,,,,,,,,,,,,21049997,0,2025-10-20_13h11.20.095,tilt_mocs,2024.2.4,118.29343922245755,2025-10-20 13h11.29.216890 -0400,
3.166666666666667,15.0,,259,259,0,,,,,,,,,,PSE,poss,100,left,0.8728030830025091,None,None,,,,,,,,,,,0,259,259,121,364.17256649999763,,,,,,,,,,,,,,,,,,,,,,,,,,,,,,,,,,,,,,,,,,,,,,,,,,,,,,,,,,364.16449729099986,364.17256649999763,364.6591556659987,364.6591556659987,364.73133591600345,364.73133591600345,365.0517688330001,left,0.8728030830025091,None,365.0518967079988,365.0519533330007,None,,,,,,,,,,,,21049997,0,2025-10-20_13h11.20.095,tilt_mocs,2024.2.4,118.29343922245755,2025-10-20 13h11.29.216890 -0400,
3.666666666666667,15.0,,260,260,0,,,,,,,,,,p1,poss,100,right,1.0477753750019474,None,None,,,,,,,,,,,0,260,260,194,365.062080290998,,,,,,,,,,,,,,,,,,,,,,,,,,,,,,,,,,,,,,,,,,,,,,,,,,,,,,,,,,365.0539762080007,365.062080290998,365.55229437500384,365.55229437500384,365.62627412500296,365.62627412500296,366.11237950000213,right,1.0477753750019474,None,366.1125056250021,366.1125604999979,None,,,,,,,,,,,,21049997,0,2025-10-20_13h11.20.095,tilt_mocs,2024.2.4,118.29343922245755,2025-10-20 13h11.29.216890 -0400,
-5.25,-15.0,,261,261,0,,,,,,,,,,m1,negs,100,left,1.671802333999949,None,None,,,,,,,,,,,0,261,261,360,366.1229167499987,,,,,,,,,,,,,,,,,,,,,,,,,,,,,,,,,,,,,,,,,,,,,,,,,,,,,,,,,,366.1148566249976,366.1229167499987,366.6090888749968,366.6090888749968,366.6821951250022,366.6821951250022,367.8002283750029,left,1.671802333999949,None,367.8003490409974,367.8004030410011,None,,,,,,,,,,,,21049997,0,2025-10-20_13h11.20.095,tilt_mocs,2024.2.4,118.29343922245755,2025-10-20 13h11.29.216890 -0400,
2.0,0.0,,262,262,0,,,,,,,,,,p3,noss,0,right,0.9365418330053217,None,None,,,,,,,,,,,0,262,262,688,367.82593312500103,,,,,,,,,,,,,,,,,,,,,,,,,,,,,,,,,,,,,,,,,,,,,,,,,,,,,,,,,,367.8023982079976,367.82593312500103,368.30110679099744,368.30110679099744,368.3763719999988,368.3763719999988,368.7669955829988,right,0.9365418330053217,None,368.76711533300113,368.7671700409992,None,,,,,,,,,,,,21049997,0,2025-10-20_13h11.20.095,tilt_mocs,2024.2.4,118.29343922245755,2025-10-20 13h11.29.216890 -0400,
3.666666666666667,15.0,,263,263,0,,,,,,,,,,p1,poss,100,right,1.2675260420000996,None,None,,,,,,,,,,,0,263,263,166,368.79275120799866,,,,,,,,,,,,,,,,,,,,,,,,,,,,,,,,,,,,,,,,,,,,,,,,,,,,,,,,,,368.76922999999806,368.79275120799866,369.26846304100036,369.26846304100036,369.34329974999855,369.34329974999855,370.0628466249982,right,1.2675260420000996,None,370.06297437500325,370.0630306250023,None,,,,,,,,,,,,21049997,0,2025-10-20_13h11.20.095,tilt_mocs,2024.2.4,118.29343922245755,2025-10-20 13h11.29.216890 -0400,
4.166666666666667,15.0,,264,264,0,,,,,,,,,,p2,poss,100,right,1.0708574579984997,None,None,,,,,,,,,,,0,264,264,210,370.07312462499976,,,,,,,,,,,,,,,,,,,,,,,,,,,,,,,,,,,,,,,,,,,,,,,,,,,,,,,,,,370.06523337499675,370.07312462499976,370.5594227499969,370.5594227499969,370.6325479579973,370.6325479579973,371.15519425000093,right,1.0708574579984997,None,371.155293541,371.15534433299763,None,,,,,,,,,,,,21049997,0,2025-10-20_13h11.20.095,tilt_mocs,2024.2.4,118.29343922245755,2025-10-20 13h11.29.216890 -0400,
3.666666666666667,15.0,,265,265,0,,,,,,,,,,p1,poss,100,right,1.0206058330004453,None,None,,,,,,,,,,,0,265,265,195,371.1619631659996,,,,,,,,,,,,,,,,,,,,,,,,,,,,,,,,,,,,,,,,,,,,,,,,,,,,,,,,,,371.1573115830033,371.1619631659996,371.65226520800206,371.65226520800206,371.72667454100156,371.72667454100156,372.18610429100227,right,1.0206058330004453,None,372.18625141600205,372.18630645800295,None,,,,,,,,,,,,21049997,0,2025-10-20_13h11.20.095,tilt_mocs,2024.2.4,118.29343922245755,2025-10-20 13h11.29.216890 -0400,
-5.75,-15.0,,266,266,0,,,,,,,,,,m2,negs,100,left,1.0705576249965816,None,None,,,,,,,,,,,0,266,266,335,372.19583554100245,,,,,,,,,,,,,,,,,,,,,,,,,,,,,,,,,,,,,,,,,,,,,,,,,,,,,,,,,,372.1882660409974,372.19583554100245,372.68493037499866,372.68493037499866,372.7599190000037,372.7599190000037,373.2787130830038,left,1.0705576249965816,None,373.278847415997,373.2789041249998,None,,,,,,,,,,,,21049997,0,2025-10-20_13h11.20.095,tilt_mocs,2024.2.4,118.29343922245755,2025-10-20 13h11.29.216890 -0400,
-3.75,-15.0,,267,267,0,,,,,,,,,,p2,negs,100,right,0.9820151669991901,None,None,,,,,,,,,,,0,267,267,518,373.29061404099775,,,,,,,,,,,,,,,,,,,,,,,,,,,,,,,,,,,,,,,,,,,,,,,,,,,,,,,,,,373.2825809999995,373.29061404099775,373.7760781660036,373.7760781660036,373.84787949999736,373.84787949999736,374.2785387909971,right,0.9820151669991901,None,374.2786401659978,374.27868399999716,None,,,,,,,,,,,,21049997,0,2025-10-20_13h11.20.095,tilt_mocs,2024.2.4,118.29343922245755,2025-10-20 13h11.29.216890 -0400,
-4.75,-15.0,,268,268,0,,,,,,,,,,PSE,negs,100,left,1.2732403750051162,None,None,,,,,,,,,,,0,268,268,425,374.2884567500005,,,,,,,,,,,,,,,,,,,,,,,,,,,,,,,,,,,,,,,,,,,,,,,,,,,,,,,,,,374.2805552080026,374.2884567500005,374.776129165999,374.776129165999,374.84847337500105,374.84847337500105,375.5684153330003,left,1.2732403750051162,None,375.5685427080025,375.5685977500034,None,,,,,,,,,,,,21049997,0,2025-10-20_13h11.20.095,tilt_mocs,2024.2.4,118.29343922245755,2025-10-20 13h11.29.216890 -0400,
-2.0,0.0,,269,269,0,,,,,,,,,,m3,noss,0,left,1.6718795420019887,None,None,,,,,,,,,,,0,269,269,564,375.5790115830023,,,,,,,,,,,,,,,,,,,,,,,,,,,,,,,,,,,,,,,,,,,,,,,,,,,,,,,,,,375.57087945799867,375.5790115830023,376.06816049999907,376.06816049999907,376.1433057910035,376.1433057910035,377.262188875,left,1.6718795420019887,None,377.2623157499984,377.2623715000009,None,,,,,,,,,,,,21049997,0,2025-10-20_13h11.20.095,tilt_mocs,2024.2.4,118.29343922245755,2025-10-20 13h11.29.216890 -0400,
-4.25,-15.0,,270,270,0,,,,,,,,,,p1,negs,100,left,1.8598500000007334,None,None,,,,,,,,,,,0,270,270,450,377.2726669580006,,,,,,,,,,,,,,,,,,,,,,,,,,,,,,,,,,,,,,,,,,,,,,,,,,,,,,,,,,377.2644595829988,377.2726669580006,377.7594899579999,377.7594899579999,377.8325284579987,377.8325284579987,379.1350203749971,left,1.8598500000007334,None,379.13515283299785,379.13520920799783,None,,,,,,,,,,,,21049997,0,2025-10-20_13h11.20.095,tilt_mocs,2024.2.4,118.29343922245755,2025-10-20 13h11.29.216890 -0400,
3.166666666666667,15.0,,271,271,0,,,,,,,,,,PSE,poss,100,right,1.0493727089997265,None,None,,,,,,,,,,,0,271,271,128,379.14564116600377,,,,,,,,,,,,,,,,,,,,,,,,,,,,,,,,,,,,,,,,,,,,,,,,,,,,,,,,,,379.1373012499971,379.14564116600377,379.63493429100345,379.63493429100345,379.70997433300363,379.70997433300363,380.20148337499995,right,1.0493727089997265,None,380.20160074999876,380.20165529099904,None,,,,,,,,,,,,21049997,0,2025-10-20_13h11.20.095,tilt_mocs,2024.2.4,118.29343922245755,2025-10-20 13h11.29.216890 -0400,
-3.75,-15.0,,272,272,0,,,,,,,,,,p2,negs,100,left,1.2660090420031338,None,None,,,,,,,,,,,0,272,272,487,380.2120500000019,,,,,,,,,,,,,,,,,,,,,,,,,,,,,,,,,,,,,,,,,,,,,,,,,,,,,,,,,,380.2036753749999,380.2120500000019,380.7023942500018,380.7023942500018,380.77693991600245,380.77693991600245,381.4847202910023,left,1.2660090420031338,None,381.48483662500075,381.48489141600294,None,,,,,,,,,,,,21049997,0,2025-10-20_13h11.20.095,tilt_mocs,2024.2.4,118.29343922245755,2025-10-20 13h11.29.216890 -0400,
-6.75,-15.0,,273,273,0,,,,,,,,,,m3,negs,100,left,1.1162514169991482,None,None,,,,,,,,,,,0,273,273,307,381.4950417500004,,,,,,,,,,,,,,,,,,,,,,,,,,,,,,,,,,,,,,,,,,,,,,,,,,,,,,,,,,381.4870016249988,381.4950417500004,381.9860869999975,381.9860869999975,382.0602957910014,382.0602957910014,382.62235274999694,left,1.1162514169991482,None,382.62245537499984,382.6225005410015,None,,,,,,,,,,,,21049997,0,2025-10-20_13h11.20.095,tilt_mocs,2024.2.4,118.29343922245755,2025-10-20 13h11.29.216890 -0400,
2.166666666666667,15.0,,274,274,0,,,,,,,,,,m2,poss,100,left,1.0654140420010663,None,None,,,,,,,,,,,0,274,274,52,382.6291441659996,,,,,,,,,,,,,,,,,,,,,,,,,,,,,,,,,,,,,,,,,,,,,,,,,,,,,,,,,,382.62444858300296,382.6291441659996,383.1184728750013,383.1184728750013,383.19362970800285,383.19362970800285,383.7004681660037,left,1.0654140420010663,None,383.7005671250008,383.7006107909983,None,,,,,,,,,,,,21049997,0,2025-10-20_13h11.20.095,tilt_mocs,2024.2.4,118.29343922245755,2025-10-20 13h11.29.216890 -0400,
-1.0,0.0,,275,275,0,,,,,,,,,,m2,noss,0,left,1.056794957999955,None,None,,,,,,,,,,,0,275,275,599,383.710644083003,,,,,,,,,,,,,,,,,,,,,,,,,,,,,,,,,,,,,,,,,,,,,,,,,,,,,,,,,,383.7024919999967,383.710644083003,384.2028377500028,384.2028377500028,384.2770425409981,384.2770425409981,384.7790832910032,left,1.056794957999955,None,384.7792056660037,384.77925895799854,None,,,,,,,,,,,,21049997,0,2025-10-20_13h11.20.095,tilt_mocs,2024.2.4,118.29343922245755,2025-10-20 13h11.29.216890 -0400,
-3.75,-15.0,,276,276,0,,,,,,,,,,p2,negs,100,right,1.1513207079988206,None,None,,,,,,,,,,,0,276,276,482,384.7892150830012,,,,,,,,,,,,,,,,,,,,,,,,,,,,,,,,,,,,,,,,,,,,,,,,,,,,,,,,,,384.78129812500265,384.7892150830012,385.27652800000214,385.27652800000214,385.3502598330015,385.3502598330015,385.94637683300243,right,1.1513207079988206,None,385.94652741600294,385.946583500001,None,,,,,,,,,,,,21049997,0,2025-10-20_13h11.20.095,tilt_mocs,2024.2.4,118.29343922245755,2025-10-20 13h11.29.216890 -0400,
-2.75,-15.0,,277,277,0,,,,,,,,,,p3,negs,100,left,1.3105536250004661,None,None,,,,,,,,,,,0,277,277,526,385.9568783750001,,,,,,,,,,,,,,,,,,,,,,,,,,,,,,,,,,,,,,,,,,,,,,,,,,,,,,,,,,385.9486885410006,385.9568783750001,386.44318254099926,386.44318254099926,386.51515729100356,386.51515729100356,387.27881791599793,left,1.3105536250004661,None,387.2789477080005,387.27900241599855,None,,,,,,,,,,,,21049997,0,2025-10-20_13h11.20.095,tilt_mocs,2024.2.4,118.29343922245755,2025-10-20 13h11.29.216890 -0400,
-6.75,-15.0,,278,278,0,,,,,,,,,,m3,negs,100,left,1.0798950419994071,None,None,,,,,,,,,,,0,278,278,316,387.289327749997,,,,,,,,,,,,,,,,,,,,,,,,,,,,,,,,,,,,,,,,,,,,,,,,,,,,,,,,,,387.28111616599926,387.289327749997,387.77660395800194,387.77660395800194,387.8486094999971,387.8486094999971,388.3801574579993,left,1.0798950419994071,None,388.380312082998,388.3803712500012,None,,,,,,,,,,,,21049997,0,2025-10-20_13h11.20.095,tilt_mocs,2024.2.4,118.29343922245755,2025-10-20 13h11.29.216890 -0400,
1.166666666666667,15.0,,279,279,0,,,,,,,,,,m3,poss,100,left,0.9767032920062775,None,None,,,,,,,,,,,0,279,279,22,388.39058462499816,,,,,,,,,,,,,,,,,,,,,,,,,,,,,,,,,,,,,,,,,,,,,,,,,,,,,,,,,,388.38258358299936,388.39058462499816,388.87666616599745,388.87666616599745,388.9488949160004,388.9488949160004,389.3793635000038,left,0.9767032920062775,None,389.3794931250013,389.37954820800223,None,,,,,,,,,,,,21049997,0,2025-10-20_13h11.20.095,tilt_mocs,2024.2.4,118.29343922245755,2025-10-20 13h11.29.216890 -0400,
1.166666666666667,15.0,,280,280,0,,,,,,,,,,m3,poss,100,left,0.9485064999971655,None,None,,,,,,,,,,,0,280,280,13,389.39037975000247,,,,,,,,,,,,,,,,,,,,,,,,,,,,,,,,,,,,,,,,,,,,,,,,,,,,,,,,,,389.38212004100205,389.39037975000247,389.8767791249993,389.8767791249993,389.9489150829977,389.9489150829977,390.3459965000002,left,0.9485064999971655,None,390.346094833003,390.3461368749995,None,,,,,,,,,,,,21049997,0,2025-10-20_13h11.20.095,tilt_mocs,2024.2.4,118.29343922245755,2025-10-20 13h11.29.216890 -0400,
-5.25,-15.0,,281,281,0,,,,,,,,,,m1,negs,100,left,1.5451569159995415,None,None,,,,,,,,,,,0,281,281,362,390.35607704099675,,,,,,,,,,,,,,,,,,,,,,,,,,,,,,,,,,,,,,,,,,,,,,,,,,,,,,,,,,390.3480343330011,390.35607704099675,390.8435360000003,390.8435360000003,390.915864290997,390.915864290997,391.91275816599955,left,1.5451569159995415,None,391.91287875000125,391.9129315829996,None,,,,,,,,,,,,21049997,0,2025-10-20_13h11.20.095,tilt_mocs,2024.2.4,118.29343922245755,2025-10-20 13h11.29.216890 -0400,
-4.25,-15.0,,282,282,0,,,,,,,,,,p1,negs,100,left,1.024698957997316,None,None,,,,,,,,,,,0,282,282,470,391.9232301250013,,,,,,,,,,,,,,,,,,,,,,,,,,,,,,,,,,,,,,,,,,,,,,,,,,,,,,,,,,391.9152907910029,391.9232301250013,392.4100536249971,392.4100536249971,392.4823591250024,392.4823591250024,392.9515492080027,left,1.024698957997316,None,392.9516715409991,392.95172666599683,None,,,,,,,,,,,,21049997,0,2025-10-20_13h11.20.095,tilt_mocs,2024.2.4,118.29343922245755,2025-10-20 13h11.29.216890 -0400,
-5.75,-15.0,,283,283,0,,,,,,,,,,m2,negs,100,left,0.9899385000026086,None,None,,,,,,,,,,,0,283,283,346,392.96230233299866,,,,,,,,,,,,,,,,,,,,,,,,,,,,,,,,,,,,,,,,,,,,,,,,,,,,,,,,,,392.95393391600373,392.96230233299866,393.4533452500036,393.4533452500036,393.52737208300096,393.52737208300096,393.9626117500011,left,0.9899385000026086,None,393.9627368330039,393.9627909580013,None,,,,,,,,,,,,21049997,0,2025-10-20_13h11.20.095,tilt_mocs,2024.2.4,118.29343922245755,2025-10-20 13h11.29.216890 -0400,
3.666666666666667,15.0,,284,284,0,,,,,,,,,,p1,poss,100,right,1.1716370829963125,None,None,,,,,,,,,,,0,284,284,189,393.9731454580033,,,,,,,,,,,,,,,,,,,,,,,,,,,,,,,,,,,,,,,,,,,,,,,,,,,,,,,,,,393.9650427500019,393.9731454580033,394.46017995799775,394.46017995799775,394.5325851250018,394.5325851250018,395.1475131659972,right,1.1716370829963125,None,395.1476613749983,395.14772187500057,None,,,,,,,,,,,,21049997,0,2025-10-20_13h11.20.095,tilt_mocs,2024.2.4,118.29343922245755,2025-10-20 13h11.29.216890 -0400,
4.166666666666667,15.0,,285,285,0,,,,,,,,,,p2,poss,100,right,1.1195403340025223,None,None,,,,,,,,,,,0,285,285,214,395.1584565410012,,,,,,,,,,,,,,,,,,,,,,,,,,,,,,,,,,,,,,,,,,,,,,,,,,,,,,,,,,395.1500576660037,395.1584565410012,395.64348299999983,395.64348299999983,395.71580433299823,395.71580433299823,396.28115116600384,right,1.1195403340025223,None,396.2812966249985,396.28137162500207,None,,,,,,,,,,,,21049997,0,2025-10-20_13h11.20.095,tilt_mocs,2024.2.4,118.29343922245755,2025-10-20 13h11.29.216890 -0400,
1.166666666666667,15.0,,286,286,0,,,,,,,,,,m3,poss,100,right,2.1976419579950743,None,None,,,,,,,,,,,0,286,286,33,396.2915685409971,,,,,,,,,,,,,,,,,,,,,,,,,,,,,,,,,,,,,,,,,,,,,,,,,,,,,,,,,,396.28342704100214,396.2915685409971,396.7769252500002,396.7769252500002,396.84880662499927,396.84880662499927,398.49643591600034,right,2.1976419579950743,None,398.49654966600065,398.49659450000036,None,,,,,,,,,,,,21049997,0,2025-10-20_13h11.20.095,tilt_mocs,2024.2.4,118.29343922245755,2025-10-20 13h11.29.216890 -0400,
2.166666666666667,15.0,,287,287,0,,,,,,,,,,m2,poss,100,right,1.2002774159991532,None,None,,,,,,,,,,,0,287,287,55,398.50648754100257,,,,,,,,,,,,,,,,,,,,,,,,,,,,,,,,,,,,,,,,,,,,,,,,,,,,,,,,,,398.4985286250012,398.50648754100257,398.9933852079994,398.9933852079994,399.0661695410017,399.0661695410017,399.7125057910016,right,1.2002774159991532,None,399.7126037909984,399.7126583749996,None,,,,,,,,,,,,21049997,0,2025-10-20_13h11.20.095,tilt_mocs,2024.2.4,118.29343922245755,2025-10-20 13h11.29.216890 -0400,
1.0,0.0,,288,288,0,,,,,,,,,,p2,noss,0,right,1.0941091669956222,None,None,,,,,,,,,,,0,288,288,660,399.72259154100175,,,,,,,,,,,,,,,,,,,,,,,,,,,,,,,,,,,,,,,,,,,,,,,,,,,,,,,,,,399.7145557499971,399.72259154100175,400.2104523750022,400.2104523750022,400.28255250000075,400.28255250000075,400.81915829100035,right,1.0941091669956222,None,400.8192851249987,400.81934120799997,None,,,,,,,,,,,,21049997,0,2025-10-20_13h11.20.095,tilt_mocs,2024.2.4,118.29343922245755,2025-10-20 13h11.29.216890 -0400,
-5.25,-15.0,,289,289,0,,,,,,,,,,m1,negs,100,left,1.2475494999962393,None,None,,,,,,,,,,,0,289,289,363,400.82952191599907,,,,,,,,,,,,,,,,,,,,,,,,,,,,,,,,,,,,,,,,,,,,,,,,,,,,,,,,,,400.82124945800024,400.82952191599907,401.3200982080016,401.3200982080016,401.39430387500033,401.39430387500033,402.0798457080018,left,1.2475494999962393,None,402.07997341600276,402.0800297500027,None,,,,,,,,,,,,21049997,0,2025-10-20_13h11.20.095,tilt_mocs,2024.2.4,118.29343922245755,2025-10-20 13h11.29.216890 -0400,
-4.75,-15.0,,290,290,0,,,,,,,,,,PSE,negs,100,left,2.1385237089998554,None,None,,,,,,,,,,,0,290,290,431,402.09003716600273,,,,,,,,,,,,,,,,,,,,,,,,,,,,,,,,,,,,,,,,,,,,,,,,,,,,,,,,,,402.08212758300215,402.09003716600273,402.57717866599705,402.57717866599705,402.64896074999706,402.64896074999706,404.2395715410021,left,2.1385237089998554,None,404.2396698329976,404.2397126249998,None,,,,,,,,,,,,21049997,0,2025-10-20_13h11.20.095,tilt_mocs,2024.2.4,118.29343922245755,2025-10-20 13h11.29.216890 -0400,
5.166666666666667,15.0,,291,291,0,,,,,,,,,,p3,poss,100,right,1.06697879100102,None,None,,,,,,,,,,,0,291,291,266,404.2463721660024,,,,,,,,,,,,,,,,,,,,,,,,,,,,,,,,,,,,,,,,,,,,,,,,,,,,,,,,,,404.2416452079997,404.2463721660024,404.736123415998,404.736123415998,404.8113714580031,404.8113714580031,405.3180402500002,right,1.06697879100102,None,405.31813924999733,405.31818233300146,None,,,,,,,,,,,,21049997,0,2025-10-20_13h11.20.095,tilt_mocs,2024.2.4,118.29343922245755,2025-10-20 13h11.29.216890 -0400,
3.666666666666667,15.0,,292,292,0,,,,,,,,,,p1,poss,100,right,1.124437874997966,None,None,,,,,,,,,,,0,292,292,190,405.3280356250034,,,,,,,,,,,,,,,,,,,,,,,,,,,,,,,,,,,,,,,,,,,,,,,,,,,,,,,,,,405.32005629099876,405.3280356250034,405.8193389579974,405.8193389579974,405.894538833003,405.894538833003,406.46332745799737,right,1.124437874997966,None,406.4634531249976,406.4635084160036,None,,,,,,,,,,,,21049997,0,2025-10-20_13h11.20.095,tilt_mocs,2024.2.4,118.29343922245755,2025-10-20 13h11.29.216890 -0400,
3.666666666666667,15.0,,293,293,0,,,,,,,,,,p1,poss,100,right,1.20264258300449,None,None,,,,,,,,,,,0,293,293,173,406.4748475410015,,,,,,,,,,,,,,,,,,,,,,,,,,,,,,,,,,,,,,,,,,,,,,,,,,,,,,,,,,406.46646741600125,406.4748475410015,406.96063645800314,406.96063645800314,407.033441915999,407.033441915999,407.6804104160037,right,1.20264258300449,None,407.68056100000103,407.6806225830005,None,,,,,,,,,,,,21049997,0,2025-10-20_13h11.20.095,tilt_mocs,2024.2.4,118.29343922245755,2025-10-20 13h11.29.216890 -0400,
-4.75,-15.0,,294,294,0,,,,,,,,,,PSE,negs,100,left,1.1464584170025773,None,None,,,,,,,,,,,0,294,294,400,407.69124441599706,,,,,,,,,,,,,,,,,,,,,,,,,,,,,,,,,,,,,,,,,,,,,,,,,,,,,,,,,,407.6829707910001,407.69124441599706,408.17731716600247,408.17731716600247,408.24937650000356,408.24937650000356,408.8465162499997,left,1.1464584170025773,None,408.8466189160026,408.846662750002,None,,,,,,,,,,,,21049997,0,2025-10-20_13h11.20.095,tilt_mocs,2024.2.4,118.29343922245755,2025-10-20 13h11.29.216890 -0400,
-5.25,-15.0,,295,295,0,,,,,,,,,,m1,negs,100,left,1.0720665839980938,None,None,,,,,,,,,,,0,295,295,377,408.85661112500384,,,,,,,,,,,,,,,,,,,,,,,,,,,,,,,,,,,,,,,,,,,,,,,,,,,,,,,,,,408.8485924159977,408.85661112500384,409.34403395799745,409.34403395799745,409.41576579100365,409.41576579100365,409.94022154100094,left,1.0720665839980938,None,409.94032483299816,409.94036870799755,None,,,,,,,,,,,,21049997,0,2025-10-20_13h11.20.095,tilt_mocs,2024.2.4,118.29343922245755,2025-10-20 13h11.29.216890 -0400,
-3.75,-15.0,,296,296,0,,,,,,,,,,p2,negs,100,left,1.0336486250016605,None,None,,,,,,,,,,,0,296,296,481,409.94702783299726,,,,,,,,,,,,,,,,,,,,,,,,,,,,,,,,,,,,,,,,,,,,,,,,,,,,,,,,,,409.9422978750008,409.94702783299726,410.4363739160035,410.4363739160035,410.5112656249985,410.5112656249985,410.98537295799906,left,1.0336486250016605,None,410.9854950000008,410.9855491249982,None,,,,,,,,,,,,21049997,0,2025-10-20_13h11.20.095,tilt_mocs,2024.2.4,118.29343922245755,2025-10-20 13h11.29.216890 -0400,
-2.0,0.0,,297,297,0,,,,,,,,,,m3,noss,0,left,1.4730841249984223,None,None,,,,,,,,,,,0,297,297,576,410.9959768330009,,,,,,,,,,,,,,,,,,,,,,,,,,,,,,,,,,,,,,,,,,,,,,,,,,,,,,,,,,410.98764295800356,410.9959768330009,411.4860813330015,411.4860813330015,411.5613169999997,411.5613169999997,412.48044749999826,left,1.4730841249984223,None,412.48059804100194,412.4806525000022,None,,,,,,,,,,,,21049997,0,2025-10-20_13h11.20.095,tilt_mocs,2024.2.4,118.29343922245755,2025-10-20 13h11.29.216890 -0400,
-5.75,-15.0,,298,298,0,,,,,,,,,,m2,negs,100,left,1.0453199160037911,None,None,,,,,,,,,,,0,298,298,325,412.49147779100167,,,,,,,,,,,,,,,,,,,,,,,,,,,,,,,,,,,,,,,,,,,,,,,,,,,,,,,,,,412.4833501660032,412.49147779100167,412.97740504099784,412.97740504099784,413.0497030830011,413.0497030830011,413.5478177909972,left,1.0453199160037911,None,413.54797212500125,413.5480317909969,None,,,,,,,,,,,,21049997,0,2025-10-20_13h11.20.095,tilt_mocs,2024.2.4,118.29343922245755,2025-10-20 13h11.29.216890 -0400,
3.666666666666667,15.0,,299,299,0,,,,,,,,,,p1,poss,100,right,1.2481629169997177,None,None,,,,,,,,,,,0,299,299,171,413.5588330829996,,,,,,,,,,,,,,,,,,,,,,,,,,,,,,,,,,,,,,,,,,,,,,,,,,,,,,,,,,413.55056620800315,413.5588330829996,414.0441747079967,414.0441747079967,414.11631687499903,414.11631687499903,414.81400533299893,right,1.2481629169997177,None,414.8141563329991,414.81421304099786,None,,,,,,,,,,,,21049997,0,2025-10-20_13h11.20.095,tilt_mocs,2024.2.4,118.29343922245755,2025-10-20 13h11.29.216890 -0400,
5.166666666666667,15.0,,300,300,0,,,,,,,,,,p3,poss,100,right,1.1775758330040844,None,space,2.749238875003357,None,,,,,,,,,0,300,300,249,414.8243693330005,,,,,,,,,,,,,,,,,,,,,,,,,,,,,,,,,,,,,,,,,,,,,,,,,,,,,,,,,,414.816397583003,414.8243693330005,415.31107945799886,415.31107945799886,415.3832737909979,415.3832737909979,416.01360037500126,right,1.1775758330040844,None,416.01372087500204,418.78026504100126,space,416.0220336659986,416.0220336659986,2.749238875003357,None,,,,,,,,21049997,0,2025-10-20_13h11.20.095,tilt_mocs,2024.2.4,118.29343922245755,2025-10-20 13h11.29.216890 -0400,
-4.25,-15.0,,301,301,0,,,,,,,,,,p1,negs,100,right,1.3591551249992335,None,None,,,,,,,,,,,0,301,301,456,418.7915740000026,,,,,,,,,,,,,,,,,,,,,,,,,,,,,,,,,,,,,,,,,,,,,,,,,,,,,,,,,,418.78267391600093,418.7915740000026,419.27783016600006,419.27783016600006,419.3506440409983,419.3506440409983,420.1533222500002,right,1.3591551249992335,None,420.15345062500273,420.15350954099995,None,,,,,,,,,,,,21049997,0,2025-10-20_13h11.20.095,tilt_mocs,2024.2.4,118.29343922245755,2025-10-20 13h11.29.216890 -0400,
0.0,0.0,,302,302,0,,,,,,,,,,PSE,noss,0,right,0.998441042000195,None,None,,,,,,,,,,,0,302,302,634,420.1638004999986,,,,,,,,,,,,,,,,,,,,,,,,,,,,,,,,,,,,,,,,,,,,,,,,,,,,,,,,,,420.15550412500306,420.1638004999986,420.653813375,420.653813375,420.72831450000376,420.72831450000376,421.16515295799763,right,0.998441042000195,None,421.1652969159986,421.16535429099895,None,,,,,,,,,,,,21049997,0,2025-10-20_13h11.20.095,tilt_mocs,2024.2.4,118.29343922245755,2025-10-20 13h11.29.216890 -0400,
-5.75,-15.0,,303,303,0,,,,,,,,,,m2,negs,100,left,1.1128554999959306,None,None,,,,,,,,,,,0,303,303,324,421.17566712499683,,,,,,,,,,,,,,,,,,,,,,,,,,,,,,,,,,,,,,,,,,,,,,,,,,,,,,,,,,421.1675420410029,421.17566712499683,421.66115941599855,421.66115941599855,421.7331424160002,421.7331424160002,422.29714987499756,left,1.1128554999959306,None,422.2972730830006,422.2973275830009,None,,,,,,,,,,,,21049997,0,2025-10-20_13h11.20.095,tilt_mocs,2024.2.4,118.29343922245755,2025-10-20 13h11.29.216890 -0400,
-2.75,-15.0,,304,304,0,,,,,,,,,,p3,negs,100,right,1.0902436659962405,None,None,,,,,,,,,,,0,304,304,557,422.30731033300253,,,,,,,,,,,,,,,,,,,,,,,,,,,,,,,,,,,,,,,,,,,,,,,,,,,,,,,,,,422.2994144999975,422.30731033300253,422.79441933299677,422.79441933299677,422.86691962499754,422.86691962499754,423.4022888749969,right,1.0902436659962405,None,423.40241529099876,423.4024734580016,None,,,,,,,,,,,,21049997,0,2025-10-20_13h11.20.095,tilt_mocs,2024.2.4,118.29343922245755,2025-10-20 13h11.29.216890 -0400,
-6.75,-15.0,,305,305,0,,,,,,,,,,m3,negs,100,left,1.3173272920030286,None,None,,,,,,,,,,,0,305,305,280,423.4280539160027,,,,,,,,,,,,,,,,,,,,,,,,,,,,,,,,,,,,,,,,,,,,,,,,,,,,,,,,,,423.4044764999999,423.4280539160027,423.9040535410022,423.9040535410022,423.97822733299836,423.97822733299836,424.7480660000001,left,1.3173272920030286,None,424.74821712500125,424.7482697500018,None,,,,,,,,,,,,21049997,0,2025-10-20_13h11.20.095,tilt_mocs,2024.2.4,118.29343922245755,2025-10-20 13h11.29.216890 -0400,
5.166666666666667,15.0,,306,306,0,,,,,,,,,,p3,poss,100,right,1.0528178339955048,None,None,,,,,,,,,,,0,306,306,277,424.7590612080021,,,,,,,,,,,,,,,,,,,,,,,,,,,,,,,,,,,,,,,,,,,,,,,,,,,,,,,,,,424.75089583299996,424.7590612080021,425.2445984160004,425.2445984160004,425.31628904100216,425.31628904100216,425.81461229100387,right,1.0528178339955048,None,425.81476187500084,425.8148204160025,None,,,,,,,,,,,,21049997,0,2025-10-20_13h11.20.095,tilt_mocs,2024.2.4,118.29343922245755,2025-10-20 13h11.29.216890 -0400,
2.666666666666667,15.0,,307,307,0,,,,,,,,,,m1,poss,100,right,1.0543452919955598,None,None,,,,,,,,,,,0,307,307,107,425.82532479100337,,,,,,,,,,,,,,,,,,,,,,,,,,,,,,,,,,,,,,,,,,,,,,,,,,,,,,,,,,425.8171436659977,425.82532479100337,426.3113623329991,426.3113623329991,426.3836115000013,426.3836115000013,426.8860717080024,right,1.0543452919955598,None,426.8861967499979,426.88625720800337,None,,,,,,,,,,,,21049997,0,2025-10-20_13h11.20.095,tilt_mocs,2024.2.4,118.29343922245755,2025-10-20 13h11.29.216890 -0400,
5.166666666666667,15.0,,308,308,0,,,,,,,,,,p3,poss,100,right,1.0751851669992902,None,None,,,,,,,,,,,0,308,308,264,426.89684633300203,,,,,,,,,,,,,,,,,,,,,,,,,,,,,,,,,,,,,,,,,,,,,,,,,,,,,,,,,,426.88838379100343,426.89684633300203,427.38770533299976,427.38770533299976,427.46192449999944,427.46192449999944,427.9806695410007,right,1.0751851669992902,None,427.9808015000017,427.98085916600394,None,,,,,,,,,,,,21049997,0,2025-10-20_13h11.20.095,tilt_mocs,2024.2.4,118.29343922245755,2025-10-20 13h11.29.216890 -0400,
3.166666666666667,15.0,,309,309,0,,,,,,,,,,PSE,poss,100,right,1.011156666005263,None,None,,,,,,,,,,,0,309,309,150,427.9912524579995,,,,,,,,,,,,,,,,,,,,,,,,,,,,,,,,,,,,,,,,,,,,,,,,,,,,,,,,,,427.98310320800374,427.9912524579995,428.4781221660014,428.4781221660014,428.55100241600303,428.55100241600303,429.0294125829969,right,1.011156666005263,None,429.0295315830008,429.0295868329995,None,,,,,,,,,,,,21049997,0,2025-10-20_13h11.20.095,tilt_mocs,2024.2.4,118.29343922245755,2025-10-20 13h11.29.216890 -0400,
3.166666666666667,15.0,,310,310,0,,,,,,,,,,PSE,poss,100,right,1.0622241250021034,None,None,,,,,,,,,,,0,310,310,133,429.0452444160037,,,,,,,,,,,,,,,,,,,,,,,,,,,,,,,,,,,,,,,,,,,,,,,,,,,,,,,,,,429.0318684160011,429.0452444160037,429.5201337910039,429.5201337910039,429.5953095829973,429.5953095829973,430.1134462909977,right,1.0622241250021034,None,430.1135487080028,430.11359154099773,None,,,,,,,,,,,,21049997,0,2025-10-20_13h11.20.095,tilt_mocs,2024.2.4,118.29343922245755,2025-10-20 13h11.29.216890 -0400,
-4.75,-15.0,,311,311,0,,,,,,,,,,PSE,negs,100,right,1.0444218330012518,None,None,,,,,,,,,,,0,311,311,435,430.12345616600214,,,,,,,,,,,,,,,,,,,,,,,,,,,,,,,,,,,,,,,,,,,,,,,,,,,,,,,,,,430.11551512499864,430.12345616600214,430.61140141599753,430.61140141599753,430.68335074999777,430.68335074999777,431.1793547080015,right,1.0444218330012518,None,431.17945475000306,431.1794992080031,None,,,,,,,,,,,,21049997,0,2025-10-20_13h11.20.095,tilt_mocs,2024.2.4,118.29343922245755,2025-10-20 13h11.29.216890 -0400,
-2.75,-15.0,,312,312,0,,,,,,,,,,p3,negs,100,right,0.9312621249991935,None,None,,,,,,,,,,,0,312,312,544,431.186865458003,,,,,,,,,,,,,,,,,,,,,,,,,,,,,,,,,,,,,,,,,,,,,,,,,,,,,,,,,,431.181394332998,431.186865458003,431.6713954579973,431.6713954579973,431.7453606249983,431.7453606249983,432.12937404100376,right,0.9312621249991935,None,432.12947133299895,432.129533583,None,,,,,,,,,,,,21049997,0,2025-10-20_13h11.20.095,tilt_mocs,2024.2.4,118.29343922245755,2025-10-20 13h11.29.216890 -0400,
-5.25,-15.0,,313,313,0,,,,,,,,,,m1,negs,100,right,0.9763127910046023,None,None,,,,,,,,,,,0,313,313,384,432.136635750001,,,,,,,,,,,,,,,,,,,,,,,,,,,,,,,,,,,,,,,,,,,,,,,,,,,,,,,,,,432.13141862500197,432.136635750001,432.62100900000223,432.62100900000223,432.6954276660035,432.6954276660035,433.1245176250013,right,0.9763127910046023,None,433.1246172079991,433.1246640829995,None,,,,,,,,,,,,21049997,0,2025-10-20_13h11.20.095,tilt_mocs,2024.2.4,118.29343922245755,2025-10-20 13h11.29.216890 -0400,
-2.0,0.0,,314,314,0,,,,,,,,,,m3,noss,0,left,1.0090952919999836,None,None,,,,,,,,,,,0,314,314,579,433.13104687500163,,,,,,,,,,,,,,,,,,,,,,,,,,,,,,,,,,,,,,,,,,,,,,,,,,,,,,,,,,433.1265739160008,433.13104687500163,433.62031120800384,433.62031120800384,433.6955545000019,433.6955545000019,434.14800908300094,left,1.0090952919999836,None,434.14814758300054,434.14820987499843,None,,,,,,,,,,,,21049997,0,2025-10-20_13h11.20.095,tilt_mocs,2024.2.4,118.29343922245755,2025-10-20 13h11.29.216890 -0400,
3.666666666666667,15.0,,315,315,0,,,,,,,,,,p1,poss,100,left,1.0323206670000218,None,None,,,,,,,,,,,0,315,315,187,434.1586455830038,,,,,,,,,,,,,,,,,,,,,,,,,,,,,,,,,,,,,,,,,,,,,,,,,,,,,,,,,,434.1505837910008,434.1586455830038,434.6448983329974,434.6448983329974,434.7171556250032,434.7171556250032,435.197631832998,left,1.0323206670000218,None,435.1977560410014,435.19780208299926,None,,,,,,,,,,,,21049997,0,2025-10-20_13h11.20.095,tilt_mocs,2024.2.4,118.29343922245755,2025-10-20 13h11.29.216890 -0400,
-5.75,-15.0,,316,316,0,,,,,,,,,,m2,negs,100,left,1.0382877919983002,None,None,,,,,,,,,,,0,316,316,340,435.2078537080015,,,,,,,,,,,,,,,,,,,,,,,,,,,,,,,,,,,,,,,,,,,,,,,,,,,,,,,,,,435.1996599580016,435.2078537080015,435.69489179099764,435.69489179099764,435.7669599159999,435.7669599159999,436.24890512500133,left,1.0382877919983002,None,436.2490697500034,436.2491253749977,None,,,,,,,,,,,,21049997,0,2025-10-20_13h11.20.095,tilt_mocs,2024.2.4,118.29343922245755,2025-10-20 13h11.29.216890 -0400,
1.166666666666667,15.0,,317,317,0,,,,,,,,,,m3,poss,100,left,0.9301710420040763,None,None,,,,,,,,,,,0,317,317,12,436.2599013750005,,,,,,,,,,,,,,,,,,,,,,,,,,,,,,,,,,,,,,,,,,,,,,,,,,,,,,,,,,436.251784125001,436.2599013750005,436.74507650000305,436.74507650000305,436.8172248749979,436.8172248749979,437.19792900000175,left,0.9301710420040763,None,437.198090124999,437.1981513749997,None,,,,,,,,,,,,21049997,0,2025-10-20_13h11.20.095,tilt_mocs,2024.2.4,118.29343922245755,2025-10-20 13h11.29.216890 -0400,
-2.0,0.0,,318,318,0,,,,,,,,,,m3,noss,0,left,0.8930272919969866,None,None,,,,,,,,,,,0,318,318,574,437.2094317910014,,,,,,,,,,,,,,,,,,,,,,,,,,,,,,,,,,,,,,,,,,,,,,,,,,,,,,,,,,437.20090037499904,437.2094317910014,437.6950052079992,437.6950052079992,437.76725841600273,437.76725841600273,438.1146118750039,left,0.8930272919969866,None,438.1147633750006,438.1148211250038,None,,,,,,,,,,,,21049997,0,2025-10-20_13h11.20.095,tilt_mocs,2024.2.4,118.29343922245755,2025-10-20 13h11.29.216890 -0400,
3.166666666666667,15.0,,319,319,0,,,,,,,,,,PSE,poss,100,left,1.022445582995715,None,None,,,,,,,,,,,0,319,319,149,438.1260412909978,,,,,,,,,,,,,,,,,,,,,,,,,,,,,,,,,,,,,,,,,,,,,,,,,,,,,,,,,,438.1174729580016,438.1260412909978,438.61165875000006,438.61165875000006,438.68374354099797,438.68374354099797,439.1530429580016,left,1.022445582995715,None,439.1531414159981,439.1531849160019,None,,,,,,,,,,,,21049997,0,2025-10-20_13h11.20.095,tilt_mocs,2024.2.4,118.29343922245755,2025-10-20 13h11.29.216890 -0400,
-2.0,0.0,,320,320,0,,,,,,,,,,m3,noss,0,left,0.9004700839941506,None,None,,,,,,,,,,,0,320,320,562,439.17864383300184,,,,,,,,,,,,,,,,,,,,,,,,,,,,,,,,,,,,,,,,,,,,,,,,,,,,,,,,,,439.1550722910033,439.17864383300184,439.6540830829981,439.6540830829981,439.72903779100307,439.72903779100307,440.08168679100345,left,0.9004700839941506,None,440.08182070800103,440.0818774580039,None,,,,,,,,,,,,21049997,0,2025-10-20_13h11.20.095,tilt_mocs,2024.2.4,118.29343922245755,2025-10-20 13h11.29.216890 -0400,
2.166666666666667,15.0,,321,321,0,,,,,,,,,,m2,poss,100,left,0.9207574169995496,None,None,,,,,,,,,,,0,321,321,66,440.0919079160012,,,,,,,,,,,,,,,,,,,,,,,,,,,,,,,,,,,,,,,,,,,,,,,,,,,,,,,,,,440.08403270800045,440.0919079160012,440.57840062500327,440.57840062500327,440.65046762499696,440.65046762499696,441.0152058329986,left,0.9207574169995496,None,441.015338833,441.0153963749981,None,,,,,,,,,,,,21049997,0,2025-10-20_13h11.20.095,tilt_mocs,2024.2.4,118.29343922245755,2025-10-20 13h11.29.216890 -0400,
1.0,0.0,,322,322,0,,,,,,,,,,p2,noss,0,left,0.9787817920005182,None,None,,,,,,,,,,,0,322,322,665,441.02546445799817,,,,,,,,,,,,,,,,,,,,,,,,,,,,,,,,,,,,,,,,,,,,,,,,,,,,,,,,,,441.0176074580013,441.02546445799817,441.5117819579973,441.5117819579973,441.5838854160029,441.5838854160029,442.0149924159996,left,0.9787817920005182,None,442.01522254099837,442.01533333300176,None,,,,,,,,,,,,21049997,0,2025-10-20_13h11.20.095,tilt_mocs,2024.2.4,118.29343922245755,2025-10-20 13h11.29.216890 -0400,
1.166666666666667,15.0,,323,323,0,,,,,,,,,,m3,poss,100,left,0.909989375002624,None,None,,,,,,,,,,,0,323,323,32,442.0257906659972,,,,,,,,,,,,,,,,,,,,,,,,,,,,,,,,,,,,,,,,,,,,,,,,,,,,,,,,,,442.0177368329969,442.0257906659972,442.5110081660023,442.5110081660023,442.583959333002,442.583959333002,442.9481262909976,left,0.909989375002624,None,442.9482517080032,442.94830745799845,None,,,,,,,,,,,,21049997,0,2025-10-20_13h11.20.095,tilt_mocs,2024.2.4,118.29343922245755,2025-10-20 13h11.29.216890 -0400,
3.666666666666667,15.0,,324,324,0,,,,,,,,,,p1,poss,100,left,1.0368226659993525,None,None,,,,,,,,,,,0,324,324,181,442.9584785830011,,,,,,,,,,,,,,,,,,,,,,,,,,,,,,,,,,,,,,,,,,,,,,,,,,,,,,,,,,442.95024783300323,442.9584785830011,443.4453930410018,443.4453930410018,443.51819850000174,443.51819850000174,443.99785708299896,left,1.0368226659993525,None,443.99798258300143,443.99803837500076,None,,,,,,,,,,,,21049997,0,2025-10-20_13h11.20.095,tilt_mocs,2024.2.4,118.29343922245755,2025-10-20 13h11.29.216890 -0400,
2.666666666666667,15.0,,325,325,0,,,,,,,,,,m1,poss,100,left,1.0987978749981266,None,None,,,,,,,,,,,0,325,325,114,444.0083237500003,,,,,,,,,,,,,,,,,,,,,,,,,,,,,,,,,,,,,,,,,,,,,,,,,,,,,,,,,,444.00026483299735,444.0083237500003,444.49552791599854,444.49552791599854,444.567919000001,444.567919000001,445.11490950000007,left,1.0987978749981266,None,445.1150508330029,445.1151010410031,None,,,,,,,,,,,,21049997,0,2025-10-20_13h11.20.095,tilt_mocs,2024.2.4,118.29343922245755,2025-10-20 13h11.29.216890 -0400,
-2.75,-15.0,,326,326,0,,,,,,,,,,p3,negs,100,right,1.0755182499997318,None,None,,,,,,,,,,,0,326,326,523,445.12594833299954,,,,,,,,,,,,,,,,,,,,,,,,,,,,,,,,,,,,,,,,,,,,,,,,,,,,,,,,,,445.117703625001,445.12594833299954,445.6120515829971,445.6120515829971,445.6849689579976,445.6849689579976,446.2040477909977,right,1.0755182499997318,None,446.204171874997,446.2042249160004,None,,,,,,,,,,,,21049997,0,2025-10-20_13h11.20.095,tilt_mocs,2024.2.4,118.29343922245755,2025-10-20 13h11.29.216890 -0400,
-3.75,-15.0,,327,327,0,,,,,,,,,,p2,negs,100,left,1.3613510409995797,None,None,,,,,,,,,,,0,327,327,505,446.214444833,,,,,,,,,,,,,,,,,,,,,,,,,,,,,,,,,,,,,,,,,,,,,,,,,,,,,,,,,,446.2061662080014,446.214444833,446.7051250000004,446.7051250000004,446.77932999999757,446.77932999999757,447.58141812500253,left,1.3613510409995797,None,447.58153754100204,447.5815921250032,None,,,,,,,,,,,,21049997,0,2025-10-20_13h11.20.095,tilt_mocs,2024.2.4,118.29343922245755,2025-10-20 13h11.29.216890 -0400,
3.666666666666667,15.0,,328,328,0,,,,,,,,,,p1,poss,100,left,1.1115851669965195,None,None,,,,,,,,,,,0,328,328,169,447.59174608300236,,,,,,,,,,,,,,,,,,,,,,,,,,,,,,,,,,,,,,,,,,,,,,,,,,,,,,,,,,447.5839397500022,447.59174608300236,448.0788546659969,448.0788546659969,448.15078874999745,448.15078874999745,448.7145887079969,left,1.1115851669965195,None,448.71469149999757,448.71473583300394,None,,,,,,,,,,,,21049997,0,2025-10-20_13h11.20.095,tilt_mocs,2024.2.4,118.29343922245755,2025-10-20 13h11.29.216890 -0400,
2.0,0.0,,329,329,0,,,,,,,,,,p3,noss,0,right,0.929931459002546,None,None,,,,,,,,,,,0,329,329,691,448.7247062500028,,,,,,,,,,,,,,,,,,,,,,,,,,,,,,,,,,,,,,,,,,,,,,,,,,,,,,,,,,448.71666008300235,448.7247062500028,449.2121784159972,449.2121784159972,449.285304791003,449.285304791003,449.66482779099897,right,0.929931459002546,None,449.66493512500165,449.66498112500267,None,,,,,,,,,,,,21049997,0,2025-10-20_13h11.20.095,tilt_mocs,2024.2.4,118.29343922245755,2025-10-20 13h11.29.216890 -0400,
2.666666666666667,15.0,,330,330,0,,,,,,,,,,m1,poss,100,right,1.7560055829962948,None,None,,,,,,,,,,,0,330,330,97,449.6749402909991,,,,,,,,,,,,,,,,,,,,,,,,,,,,,,,,,,,,,,,,,,,,,,,,,,,,,,,,,,449.666850540998,449.6749402909991,450.1622365410003,450.1622365410003,450.23460283299937,450.23460283299937,451.4379030830023,right,1.7560055829962948,None,451.43802616599714,451.43808304100094,None,,,,,,,,,,,,21049997,0,2025-10-20_13h11.20.095,tilt_mocs,2024.2.4,118.29343922245755,2025-10-20 13h11.29.216890 -0400,
2.166666666666667,15.0,,331,331,0,,,,,,,,,,m2,poss,100,right,1.1644102499994915,None,None,,,,,,,,,,,0,331,331,72,451.4483684579973,,,,,,,,,,,,,,,,,,,,,,,,,,,,,,,,,,,,,,,,,,,,,,,,,,,,,,,,,,451.4400336660037,451.4483684579973,451.9385058330008,451.9385058330008,452.0127351659976,452.0127351659976,452.6152166660031,right,1.1644102499994915,None,452.615342582998,452.61539866599924,None,,,,,,,,,,,,21049997,0,2025-10-20_13h11.20.095,tilt_mocs,2024.2.4,118.29343922245755,2025-10-20 13h11.29.216890 -0400,
-4.25,-15.0,,332,332,0,,,,,,,,,,p1,negs,100,right,1.2207486249972135,None,None,,,,,,,,,,,0,332,332,441,452.6261565829991,,,,,,,,,,,,,,,,,,,,,,,,,,,,,,,,,,,,,,,,,,,,,,,,,,,,,,,,,,452.61804516600387,452.6261565829991,453.1122802910031,453.1122802910031,453.18414316599956,453.18414316599956,453.8502521249975,right,1.2207486249972135,None,453.8503858749973,453.85044404100336,None,,,,,,,,,,,,21049997,0,2025-10-20_13h11.20.095,tilt_mocs,2024.2.4,118.29343922245755,2025-10-20 13h11.29.216890 -0400,
-6.75,-15.0,,333,333,0,,,,,,,,,,m3,negs,100,left,1.0469647080026334,None,None,,,,,,,,,,,0,333,333,318,453.8605752910007,,,,,,,,,,,,,,,,,,,,,,,,,,,,,,,,,,,,,,,,,,,,,,,,,,,,,,,,,,453.8526033329981,453.8605752910007,454.3456817499973,454.3456817499973,454.41783445799956,454.41783445799956,454.9151022079968,left,1.0469647080026334,None,454.91523420799786,454.91528862500127,None,,,,,,,,,,,,21049997,0,2025-10-20_13h11.20.095,tilt_mocs,2024.2.4,118.29343922245755,2025-10-20 13h11.29.216890 -0400,
-4.25,-15.0,,334,334,0,,,,,,,,,,p1,negs,100,left,1.1275322080036858,None,None,,,,,,,,,,,0,334,334,455,454.92514683300396,,,,,,,,,,,,,,,,,,,,,,,,,,,,,,,,,,,,,,,,,,,,,,,,,,,,,,,,,,454.9172136249981,454.92514683300396,455.4123561250017,455.4123561250017,455.4855729999981,455.4855729999981,456.06507258299825,left,1.1275322080036858,None,456.0651982909985,456.06525320799847,None,,,,,,,,,,,,21049997,0,2025-10-20_13h11.20.095,tilt_mocs,2024.2.4,118.29343922245755,2025-10-20 13h11.29.216890 -0400,
0.0,0.0,,335,335,0,,,,,,,,,,PSE,noss,0,left,1.2568916249947506,None,None,,,,,,,,,,,0,335,335,639,456.0756880830013,,,,,,,,,,,,,,,,,,,,,,,,,,,,,,,,,,,,,,,,,,,,,,,,,,,,,,,,,,456.06761595800344,456.0756880830013,456.5624810829977,456.5624810829977,456.63455054099904,456.63455054099904,457.3376927909994,left,1.2568916249947506,None,457.3377916660029,457.33783425,None,,,,,,,,,,,,21049997,0,2025-10-20_13h11.20.095,tilt_mocs,2024.2.4,118.29343922245755,2025-10-20 13h11.29.216890 -0400,
5.166666666666667,15.0,,336,336,0,,,,,,,,,,p3,poss,100,left,1.053133124994929,None,None,,,,,,,,,,,0,336,336,251,457.3478399579981,,,,,,,,,,,,,,,,,,,,,,,,,,,,,,,,,,,,,,,,,,,,,,,,,,,,,,,,,,457.3397206660011,457.3478399579981,457.8385404579967,457.8385404579967,457.91272749999916,457.91272749999916,458.4047233329984,left,1.053133124994929,None,458.4048416250007,458.4048971660013,None,,,,,,,,,,,,21049997,0,2025-10-20_13h11.20.095,tilt_mocs,2024.2.4,118.29343922245755,2025-10-20 13h11.29.216890 -0400,
3.666666666666667,15.0,,337,337,0,,,,,,,,,,p1,poss,100,left,1.3477107090002391,None,None,,,,,,,,,,,0,337,337,164,458.4150295829968,,,,,,,,,,,,,,,,,,,,,,,,,,,,,,,,,,,,,,,,,,,,,,,,,,,,,,,,,,458.406786790998,458.4150295829968,458.90501824999956,458.90501824999956,458.9796271660016,458.9796271660016,459.76533012500295,left,1.3477107090002391,None,459.76549408300343,459.7655562910004,None,,,,,,,,,,,,21049997,0,2025-10-20_13h11.20.095,tilt_mocs,2024.2.4,118.29343922245755,2025-10-20 13h11.29.216890 -0400,
3.166666666666667,15.0,,338,338,0,,,,,,,,,,PSE,poss,100,left,1.2973800839972682,None,None,,,,,,,,,,,0,338,338,127,459.7762647080017,,,,,,,,,,,,,,,,,,,,,,,,,,,,,,,,,,,,,,,,,,,,,,,,,,,,,,,,,,459.76812733300176,459.7762647080017,460.26197137500276,460.26197137500276,460.3353744999986,460.3353744999986,461.0818893329997,left,1.2973800839972682,None,461.08201591599936,461.08207345799747,None,,,,,,,,,,,,21049997,0,2025-10-20_13h11.20.095,tilt_mocs,2024.2.4,118.29343922245755,2025-10-20 13h11.29.216890 -0400,
-5.25,-15.0,,339,339,0,,,,,,,,,,m1,negs,100,left,1.039982082998904,None,None,,,,,,,,,,,0,339,339,371,461.09268591600267,,,,,,,,,,,,,,,,,,,,,,,,,,,,,,,,,,,,,,,,,,,,,,,,,,,,,,,,,,461.08447400000296,461.09268591600267,461.5792975000004,461.5792975000004,461.6515465830016,461.6515465830016,462.138627458,left,1.039982082998904,None,462.1387555830006,462.1388099579999,None,,,,,,,,,,,,21049997,0,2025-10-20_13h11.20.095,tilt_mocs,2024.2.4,118.29343922245755,2025-10-20 13h11.29.216890 -0400,
-3.75,-15.0,,340,340,0,,,,,,,,,,p2,negs,100,left,1.4808948330028215,None,None,,,,,,,,,,,0,340,340,506,462.1490275000033,,,,,,,,,,,,,,,,,,,,,,,,,,,,,,,,,,,,,,,,,,,,,,,,,,,,,,,,,,462.14099929099757,462.1490275000033,462.6383256659974,462.6383256659974,462.71320849999756,462.71320849999756,463.6324012080004,left,1.4808948330028215,None,463.632537999998,463.6325954999993,None,,,,,,,,,,,,21049997,0,2025-10-20_13h11.20.095,tilt_mocs,2024.2.4,118.29343922245755,2025-10-20 13h11.29.216890 -0400,
-6.75,-15.0,,341,341,0,,,,,,,,,,m3,negs,100,left,1.0155680000025313,None,None,,,,,,,,,,,0,341,341,312,463.64293758299755,,,,,,,,,,,,,,,,,,,,,,,,,,,,,,,,,,,,,,,,,,,,,,,,,,,,,,,,,,463.63482079099776,463.64293758299755,464.1294032079968,464.1294032079968,464.2019270000019,464.2019270000019,464.665552790997,left,1.0155680000025313,None,464.6656744580032,464.66572820799774,None,,,,,,,,,,,,21049997,0,2025-10-20_13h11.20.095,tilt_mocs,2024.2.4,118.29343922245755,2025-10-20 13h11.29.216890 -0400,
-0.5,0.0,,342,342,0,,,,,,,,,,m1,noss,0,left,1.9217098750013974,None,None,,,,,,,,,,,0,342,342,613,464.67556158299703,,,,,,,,,,,,,,,,,,,,,,,,,,,,,,,,,,,,,,,,,,,,,,,,,,,,,,,,,,464.66782737500034,464.67556158299703,465.16281637499924,465.16281637499924,465.23454075000336,465.23454075000336,466.6004977909979,left,1.9217098750013974,None,466.6006457909971,466.6007041249977,None,,,,,,,,,,,,21049997,0,2025-10-20_13h11.20.095,tilt_mocs,2024.2.4,118.29343922245755,2025-10-20 13h11.29.216890 -0400,
5.166666666666667,15.0,,343,343,0,,,,,,,,,,p3,poss,100,right,1.065857583002071,None,None,,,,,,,,,,,0,343,343,270,466.6108515829983,,,,,,,,,,,,,,,,,,,,,,,,,,,,,,,,,,,,,,,,,,,,,,,,,,,,,,,,,,466.60274379100156,466.6108515829983,467.096066666003,467.096066666003,467.1680550000019,467.1680550000019,467.682376124998,right,1.065857583002071,None,467.68252237499837,467.6825963750016,None,,,,,,,,,,,,21049997,0,2025-10-20_13h11.20.095,tilt_mocs,2024.2.4,118.29343922245755,2025-10-20 13h11.29.216890 -0400,
-1.0,0.0,,344,344,0,,,,,,,,,,m2,noss,0,left,1.1207705830020132,None,None,,,,,,,,,,,0,344,344,590,467.6930032079981,,,,,,,,,,,,,,,,,,,,,,,,,,,,,,,,,,,,,,,,,,,,,,,,,,,,,,,,,,467.6849752909984,467.6930032079981,468.1795590000038,468.1795590000038,468.25191274999816,468.25191274999816,468.8167594159968,left,1.1207705830020132,None,468.81691133300046,468.81696841600206,None,,,,,,,,,,,,21049997,0,2025-10-20_13h11.20.095,tilt_mocs,2024.2.4,118.29343922245755,2025-10-20 13h11.29.216890 -0400,
-3.75,-15.0,,345,345,0,,,,,,,,,,p2,negs,100,left,1.2023981669990462,None,None,,,,,,,,,,,0,345,345,507,468.82782920799946,,,,,,,,,,,,,,,,,,,,,,,,,,,,,,,,,,,,,,,,,,,,,,,,,,,,,,,,,,468.819722207998,468.82782920799946,469.31289954100066,469.31289954100066,469.38518716600083,469.38518716600083,470.0327036250019,left,1.2023981669990462,None,470.03281108300143,470.0328547079989,None,,,,,,,,,,,,21049997,0,2025-10-20_13h11.20.095,tilt_mocs,2024.2.4,118.29343922245755,2025-10-20 13h11.29.216890 -0400,
-4.75,-15.0,,346,346,0,,,,,,,,,,PSE,negs,100,left,0.9658380000037141,None,None,,,,,,,,,,,0,346,346,411,470.04274662500393,,,,,,,,,,,,,,,,,,,,,,,,,,,,,,,,,,,,,,,,,,,,,,,,,,,,,,,,,,470.0347864580035,470.04274662500393,470.52962520800065,470.52962520800065,470.6019907500013,470.6019907500013,471.01563166599954,left,0.9658380000037141,None,471.01576091600145,471.0158157909973,None,,,,,,,,,,,,21049997,0,2025-10-20_13h11.20.095,tilt_mocs,2024.2.4,118.29343922245755,2025-10-20 13h11.29.216890 -0400,
2.166666666666667,15.0,,347,347,0,,,,,,,,,,m2,poss,100,left,1.2139800840013777,None,None,,,,,,,,,,,0,347,347,45,471.02596754099795,,,,,,,,,,,,,,,,,,,,,,,,,,,,,,,,,,,,,,,,,,,,,,,,,,,,,,,,,,471.0179455000034,471.02596754099795,471.5125546249983,471.5125546249983,471.58543199999986,471.58543199999986,472.2491239160008,left,1.2139800840013777,None,472.24928404099774,472.2493404580018,None,,,,,,,,,,,,21049997,0,2025-10-20_13h11.20.095,tilt_mocs,2024.2.4,118.29343922245755,2025-10-20 13h11.29.216890 -0400,
-0.5,0.0,,348,348,0,,,,,,,,,,m1,noss,0,left,0.9981455419983831,None,None,,,,,,,,,,,0,348,348,609,472.26008912499674,,,,,,,,,,,,,,,,,,,,,,,,,,,,,,,,,,,,,,,,,,,,,,,,,,,,,,,,,,472.2519047079986,472.26008912499674,472.7462500000038,472.7462500000038,472.8185822910018,472.8185822910018,473.26582729099755,left,0.9981455419983831,None,473.26595424999687,473.26600925000093,None,,,,,,,,,,,,21049997,0,2025-10-20_13h11.20.095,tilt_mocs,2024.2.4,118.29343922245755,2025-10-20 13h11.29.216890 -0400,
-3.75,-15.0,,349,349,0,,,,,,,,,,p2,negs,100,right,1.2077153749996796,None,None,,,,,,,,,,,0,349,349,483,473.2762908329969,,,,,,,,,,,,,,,,,,,,,,,,,,,,,,,,,,,,,,,,,,,,,,,,,,,,,,,,,,473.2682320410022,473.2762908329969,473.76211712499935,473.76211712499935,473.83543474999897,473.83543474999897,474.4888196660031,right,1.2077153749996796,None,474.4889363330003,474.48898054099845,None,,,,,,,,,,,,21049997,0,2025-10-20_13h11.20.095,tilt_mocs,2024.2.4,118.29343922245755,2025-10-20 13h11.29.216890 -0400,
-4.75,-15.0,,350,350,0,,,,,,,,,,PSE,negs,100,left,1.0575427090006997,None,None,,,,,,,,,,,0,350,350,429,474.4990400829993,,,,,,,,,,,,,,,,,,,,,,,,,,,,,,,,,,,,,,,,,,,,,,,,,,,,,,,,,,474.49091300000146,474.4990400829993,474.98937062500045,474.98937062500045,475.06361800000013,475.06361800000013,475.56564425000397,left,1.0575427090006997,None,475.5657737500005,475.565829207997,None,,,,,,,,,,,,21049997,0,2025-10-20_13h11.20.095,tilt_mocs,2024.2.4,118.29343922245755,2025-10-20 13h11.29.216890 -0400,
3.166666666666667,15.0,,351,351,0,,,,,,,,,,PSE,poss,100,left,1.0958916660019895,None,None,,,,,,,,,,,0,351,351,140,475.5758662500011,,,,,,,,,,,,,,,,,,,,,,,,,,,,,,,,,,,,,,,,,,,,,,,,,,,,,,,,,,475.56778041600046,475.5758662500011,476.06315904099756,476.06315904099756,476.13619295800163,476.13619295800163,476.68234541600395,left,1.0958916660019895,None,476.6824506249977,476.6824954160038,None,,,,,,,,,,,,21049997,0,2025-10-20_13h11.20.095,tilt_mocs,2024.2.4,118.29343922245755,2025-10-20 13h11.29.216890 -0400,
-5.25,-15.0,,352,352,0,,,,,,,,,,m1,negs,100,left,1.0385151250011404,None,None,,,,,,,,,,,0,352,352,378,476.6926260830005,,,,,,,,,,,,,,,,,,,,,,,,,,,,,,,,,,,,,,,,,,,,,,,,,,,,,,,,,,476.6844021249999,476.6926260830005,477.1798665000024,477.1798665000024,477.2519922080028,477.2519922080028,477.7425489160014,left,1.0385151250011404,None,477.742651665998,477.7426954160037,None,,,,,,,,,,,,21049997,0,2025-10-20_13h11.20.095,tilt_mocs,2024.2.4,118.29343922245755,2025-10-20 13h11.29.216890 -0400,
-5.25,-15.0,,353,353,0,,,,,,,,,,m1,negs,100,left,0.9567951670032926,None,None,,,,,,,,,,,0,353,353,370,477.74936687500303,,,,,,,,,,,,,,,,,,,,,,,,,,,,,,,,,,,,,,,,,,,,,,,,,,,,,,,,,,477.7446242079968,477.74936687500303,478.2392597500002,478.2392597500002,478.3137273750035,478.3137273750035,478.715858208001,left,0.9567951670032926,None,478.71596195799793,478.71600687500177,None,,,,,,,,,,,,21049997,0,2025-10-20_13h11.20.095,tilt_mocs,2024.2.4,118.29343922245755,2025-10-20 13h11.29.216890 -0400,
1.166666666666667,15.0,,354,354,0,,,,,,,,,,m3,poss,100,right,1.2905309580019093,None,None,,,,,,,,,,,0,354,354,15,478.7259488330019,,,,,,,,,,,,,,,,,,,,,,,,,,,,,,,,,,,,,,,,,,,,,,,,,,,,,,,,,,478.71794670799864,478.7259488330019,479.21315095799946,479.21315095799946,479.28493208299915,479.28493208299915,480.0221114160013,right,1.2905309580019093,None,480.02223420800146,480.0222890829973,None,,,,,,,,,,,,21049997,0,2025-10-20_13h11.20.095,tilt_mocs,2024.2.4,118.29343922245755,2025-10-20 13h11.29.216890 -0400,
3.166666666666667,15.0,,355,355,0,,,,,,,,,,PSE,poss,100,right,1.1160541670033126,None,None,,,,,,,,,,,0,355,355,131,480.0325650829982,,,,,,,,,,,,,,,,,,,,,,,,,,,,,,,,,,,,,,,,,,,,,,,,,,,,,,,,,,480.0242781249981,480.0325650829982,480.5226711659998,480.5226711659998,480.5970860000016,480.5970860000016,481.1541879159995,right,1.1160541670033126,None,481.1543064580037,481.15437566600303,None,,,,,,,,,,,,21049997,0,2025-10-20_13h11.20.095,tilt_mocs,2024.2.4,118.29343922245755,2025-10-20 13h11.29.216890 -0400,
-2.75,-15.0,,356,356,0,,,,,,,,,,p3,negs,100,right,1.1743292500032112,None,None,,,,,,,,,,,0,356,356,553,481.18025008300174,,,,,,,,,,,,,,,,,,,,,,,,,,,,,,,,,,,,,,,,,,,,,,,,,,,,,,,,,,481.1563186249987,481.18025008300174,481.65637295800116,481.65637295800116,481.7303150410007,481.7303150410007,482.3660302080025,right,1.1743292500032112,None,482.36613950000174,482.36618383300083,None,,,,,,,,,,,,21049997,0,2025-10-20_13h11.20.095,tilt_mocs,2024.2.4,118.29343922245755,2025-10-20 13h11.29.216890 -0400,
-3.75,-15.0,,357,357,0,,,,,,,,,,p2,negs,100,right,1.0646970419984427,None,None,,,,,,,,,,,0,357,357,496,482.37618924999697,,,,,,,,,,,,,,,,,,,,,,,,,,,,,,,,,,,,,,,,,,,,,,,,,,,,,,,,,,482.36809804099903,482.37618924999697,482.8634497910025,482.8634497910025,482.9356407910018,482.9356407910018,483.44944604099874,right,1.0646970419984427,None,483.4495709999974,483.4496281660031,None,,,,,,,,,,,,21049997,0,2025-10-20_13h11.20.095,tilt_mocs,2024.2.4,118.29343922245755,2025-10-20 13h11.29.216890 -0400,
4.166666666666667,15.0,,358,358,0,,,,,,,,,,p2,poss,100,right,1.0043160830027773,None,None,,,,,,,,,,,0,358,358,228,483.46085316599783,,,,,,,,,,,,,,,,,,,,,,,,,,,,,,,,,,,,,,,,,,,,,,,,,,,,,,,,,,483.4523900409986,483.46085316599783,483.94602820800355,483.94602820800355,484.0190602080038,484.0190602080038,484.47236229100236,right,1.0043160830027773,None,484.47245987500355,484.4725035829979,None,,,,,,,,,,,,21049997,0,2025-10-20_13h11.20.095,tilt_mocs,2024.2.4,118.29343922245755,2025-10-20 13h11.29.216890 -0400,
0.0,0.0,,359,359,0,,,,,,,,,,PSE,noss,0,right,0.8377321250009118,None,None,,,,,,,,,,,0,359,359,624,484.4827193750025,,,,,,,,,,,,,,,,,,,,,,,,,,,,,,,,,,,,,,,,,,,,,,,,,,,,,,,,,,484.47440087499854,484.4827193750025,484.9720760830023,484.9720760830023,485.0473312500035,485.0473312500035,485.3229182080031,right,0.8377321250009118,None,485.3230162499967,485.32305933300086,None,,,,,,,,,,,,21049997,0,2025-10-20_13h11.20.095,tilt_mocs,2024.2.4,118.29343922245755,2025-10-20 13h11.29.216890 -0400,
3.666666666666667,15.0,,360,360,0,,,,,,,,,,p1,poss,100,right,1.2953909580028267,None,None,,,,,,,,,,,0,360,360,183,485.33302374999766,,,,,,,,,,,,,,,,,,,,,,,,,,,,,,,,,,,,,,,,,,,,,,,,,,,,,,,,,,485.3249372499995,485.33302374999766,485.82250020799984,485.82250020799984,485.8973387500009,485.8973387500009,486.632760833003,right,1.2953909580028267,None,486.63291879100143,486.6329704160016,None,,,,,,,,,,,,21049997,0,2025-10-20_13h11.20.095,tilt_mocs,2024.2.4,118.29343922245755,2025-10-20 13h11.29.216890 -0400,
-0.5,0.0,,361,361,0,,,,,,,,,,m1,noss,0,right,1.0216447499988135,None,None,,,,,,,,,,,0,361,361,603,486.6436512910004,,,,,,,,,,,,,,,,,,,,,,,,,,,,,,,,,,,,,,,,,,,,,,,,,,,,,,,,,,486.635609500001,486.6436512910004,487.1303350410017,487.1303350410017,487.2026749580036,487.2026749580036,487.67258637500345,right,1.0216447499988135,None,487.6727129580031,487.67276970799867,None,,,,,,,,,,,,21049997,0,2025-10-20_13h11.20.095,tilt_mocs,2024.2.4,118.29343922245755,2025-10-20 13h11.29.216890 -0400,
-3.75,-15.0,,362,362,0,,,,,,,,,,p2,negs,100,left,1.4487416249976377,None,None,,,,,,,,,,,0,362,362,508,487.68308683299983,,,,,,,,,,,,,,,,,,,,,,,,,,,,,,,,,,,,,,,,,,,,,,,,,,,,,,,,,,487.67497187499976,487.68308683299983,488.1729425829981,488.1729425829981,488.24738120799884,488.24738120799884,489.138022500003,left,1.4487416249976377,None,489.1381249999977,489.1381680830018,None,,,,,,,,,,,,21049997,0,2025-10-20_13h11.20.095,tilt_mocs,2024.2.4,118.29343922245755,2025-10-20 13h11.29.216890 -0400,
-5.75,-15.0,,363,363,0,,,,,,,,,,m2,negs,100,left,1.0869025830033934,None,None,,,,,,,,,,,0,363,363,344,489.1637390830001,,,,,,,,,,,,,,,,,,,,,,,,,,,,,,,,,,,,,,,,,,,,,,,,,,,,,,,,,,489.1400786250015,489.1637390830001,489.6397154579972,489.6397154579972,489.7141191249975,489.7141191249975,490.2558719160006,left,1.0869025830033934,None,490.25599616600084,490.2560515829973,None,,,,,,,,,,,,21049997,0,2025-10-20_13h11.20.095,tilt_mocs,2024.2.4,118.29343922245755,2025-10-20 13h11.29.216890 -0400,
-4.75,-15.0,,364,364,0,,,,,,,,,,PSE,negs,100,left,0.9976982090011006,None,None,,,,,,,,,,,0,364,364,422,490.26633841599687,,,,,,,,,,,,,,,,,,,,,,,,,,,,,,,,,,,,,,,,,,,,,,,,,,,,,,,,,,490.2583424580007,490.26633841599687,490.75623366599757,490.75623366599757,490.8308745000031,490.8308745000031,491.26657270800206,left,0.9976982090011006,None,491.26673279100214,491.26678629100206,None,,,,,,,,,,,,21049997,0,2025-10-20_13h11.20.095,tilt_mocs,2024.2.4,118.29343922245755,2025-10-20 13h11.29.216890 -0400,
1.166666666666667,15.0,,365,365,0,,,,,,,,,,m3,poss,100,left,0.9807386669999687,None,None,,,,,,,,,,,0,365,365,16,491.27741116600373,,,,,,,,,,,,,,,,,,,,,,,,,,,,,,,,,,,,,,,,,,,,,,,,,,,,,,,,,,491.2693677080024,491.27741116600373,491.7637574580003,491.7637574580003,491.8357437500017,491.8357437500017,492.2662906659971,left,0.9807386669999687,None,492.26641375000327,492.2664681250026,None,,,,,,,,,,,,21049997,0,2025-10-20_13h11.20.095,tilt_mocs,2024.2.4,118.29343922245755,2025-10-20 13h11.29.216890 -0400,
-6.75,-15.0,,366,366,0,,,,,,,,,,m3,negs,100,left,1.0934983329934767,None,None,,,,,,,,,,,0,366,366,308,492.2764621660026,,,,,,,,,,,,,,,,,,,,,,,,,,,,,,,,,,,,,,,,,,,,,,,,,,,,,,,,,,492.26847850000195,492.2764621660026,492.76296820800053,492.76296820800053,492.83637020800234,492.83637020800234,493.3814618329998,left,1.0934983329934767,None,493.3815617910004,493.3816063749982,None,,,,,,,,,,,,21049997,0,2025-10-20_13h11.20.095,tilt_mocs,2024.2.4,118.29343922245755,2025-10-20 13h11.29.216890 -0400,
3.166666666666667,15.0,,367,367,0,,,,,,,,,,PSE,poss,100,left,1.2775332500023069,None,None,,,,,,,,,,,0,367,367,154,493.3889751250026,,,,,,,,,,,,,,,,,,,,,,,,,,,,,,,,,,,,,,,,,,,,,,,,,,,,,,,,,,493.38352633300383,493.3889751250026,493.87298125000234,493.87298125000234,493.94775979100086,493.94775979100086,494.67335858300066,left,1.2775332500023069,None,494.67350024999905,494.67355483300344,None,,,,,,,,,,,,21049997,0,2025-10-20_13h11.20.095,tilt_mocs,2024.2.4,118.29343922245755,2025-10-20 13h11.29.216890 -0400,
-5.25,-15.0,,368,368,0,,,,,,,,,,m1,negs,100,left,1.0728432920004707,None,None,,,,,,,,,,,0,368,368,388,494.6841127500011,,,,,,,,,,,,,,,,,,,,,,,,,,,,,,,,,,,,,,,,,,,,,,,,,,,,,,,,,,494.6766032910018,494.6841127500011,495.17346254100266,495.17346254100266,495.2475892500006,495.2475892500006,495.76658129099815,left,1.0728432920004707,None,495.7667083330016,495.7667633329984,None,,,,,,,,,,,,21049997,0,2025-10-20_13h11.20.095,tilt_mocs,2024.2.4,118.29343922245755,2025-10-20 13h11.29.216890 -0400,
-1.0,0.0,,369,369,0,,,,,,,,,,m2,noss,0,left,0.929943250004726,None,None,,,,,,,,,,,0,369,369,587,495.77719808300026,,,,,,,,,,,,,,,,,,,,,,,,,,,,,,,,,,,,,,,,,,,,,,,,,,,,,,,,,,495.76918541600025,495.77719808300026,496.26385437499994,496.26385437499994,496.3362586660005,496.3362586660005,496.71653816600156,left,0.929943250004726,None,496.7166655830006,496.716722707999,None,,,,,,,,,,,,21049997,0,2025-10-20_13h11.20.095,tilt_mocs,2024.2.4,118.29343922245755,2025-10-20 13h11.29.216890 -0400,
2.166666666666667,15.0,,370,370,0,,,,,,,,,,m2,poss,100,left,0.9708846659996198,None,None,,,,,,,,,,,0,370,370,77,496.7268332079984,,,,,,,,,,,,,,,,,,,,,,,,,,,,,,,,,,,,,,,,,,,,,,,,,,,,,,,,,,496.71914241599734,496.7268332079984,497.2138540829983,497.2138540829983,497.28757341599703,497.28757341599703,497.70014025000273,left,0.9708846659996198,None,497.70027837499947,497.7003352910033,None,,,,,,,,,,,,21049997,0,2025-10-20_13h11.20.095,tilt_mocs,2024.2.4,118.29343922245755,2025-10-20 13h11.29.216890 -0400,
-5.75,-15.0,,371,371,0,,,,,,,,,,m2,negs,100,left,0.8703020419998211,None,None,,,,,,,,,,,0,371,371,350,497.7104210410034,,,,,,,,,,,,,,,,,,,,,,,,,,,,,,,,,,,,,,,,,,,,,,,,,,,,,,,,,,497.70246683299774,497.7104210410034,498.1972813329994,498.1972813329994,498.26997691600263,498.26997691600263,498.58371787500073,left,0.8703020419998211,None,498.5838424160029,498.58389804099716,None,,,,,,,,,,,,21049997,0,2025-10-20_13h11.20.095,tilt_mocs,2024.2.4,118.29343922245755,2025-10-20 13h11.29.216890 -0400,
-1.0,0.0,,372,372,0,,,,,,,,,,m2,noss,0,left,0.8613708749981015,None,None,,,,,,,,,,,0,372,372,588,498.59396141600155,,,,,,,,,,,,,,,,,,,,,,,,,,,,,,,,,,,,,,,,,,,,,,,,,,,,,,,,,,498.5859784580025,498.59396141600155,499.08064616600313,499.08064616600313,499.15204616600386,499.15204616600386,499.4665423330007,left,0.8613708749981015,None,499.4666694159969,499.46672441600094,None,,,,,,,,,,,,21049997,0,2025-10-20_13h11.20.095,tilt_mocs,2024.2.4,118.29343922245755,2025-10-20 13h11.29.216890 -0400,
-2.75,-15.0,,373,373,0,,,,,,,,,,p3,negs,100,left,1.0892935000010766,None,None,,,,,,,,,,,0,373,373,556,499.47673320800095,,,,,,,,,,,,,,,,,,,,,,,,,,,,,,,,,,,,,,,,,,,,,,,,,,,,,,,,,,499.4687697909976,499.47673320800095,499.9640285409987,499.9640285409987,500.0363332499983,500.0363332499983,500.57224258300266,left,1.0892935000010766,None,500.57236725000257,500.572430500004,None,,,,,,,,,,,,21049997,0,2025-10-20_13h11.20.095,tilt_mocs,2024.2.4,118.29343922245755,2025-10-20 13h11.29.216890 -0400,
-2.75,-15.0,,374,374,0,,,,,,,,,,p3,negs,100,left,1.2682062500025495,None,None,,,,,,,,,,,0,374,374,538,500.58251195799676,,,,,,,,,,,,,,,,,,,,,,,,,,,,,,,,,,,,,,,,,,,,,,,,,,,,,,,,,,500.5743631250007,500.58251195799676,501.07328045800386,501.07328045800386,501.1480209579968,501.1480209579968,501.8550738749982,left,1.2682062500025495,None,501.8551727910017,501.855218333003,None,,,,,,,,,,,,21049997,0,2025-10-20_13h11.20.095,tilt_mocs,2024.2.4,118.29343922245755,2025-10-20 13h11.29.216890 -0400,
2.666666666666667,15.0,,375,375,0,,,,,,,,,,m1,poss,100,left,1.0193009170034202,None,None,,,,,,,,,,,0,375,375,95,501.8663338749975,,,,,,,,,,,,,,,,,,,,,,,,,,,,,,,,,,,,,,,,,,,,,,,,,,,,,,,,,,501.8571214580006,501.8663338749975,502.3569719160005,502.3569719160005,502.4312035410039,502.4312035410039,502.8889825829974,left,1.0193009170034202,None,502.88902345800307,502.8890384999977,None,,,,,,,,,,,,21049997,0,2025-10-20_13h11.20.095,tilt_mocs,2024.2.4,118.29343922245755,2025-10-20 13h11.29.216890 -0400,
3.166666666666667,15.0,,376,376,0,,,,,,,,,,PSE,poss,100,left,1.0089318749960512,None,None,,,,,,,,,,,0,376,376,151,502.8972255830013,,,,,,,,,,,,,,,,,,,,,,,,,,,,,,,,,,,,,,,,,,,,,,,,,,,,,,,,,,502.88970620799955,502.8972255830013,503.39045616600197,503.39045616600197,503.46462045799854,503.46462045799854,503.9172740830036,left,1.0089318749960512,None,503.91743775000214,503.9175040409973,None,,,,,,,,,,,,21049997,0,2025-10-20_13h11.20.095,tilt_mocs,2024.2.4,118.29343922245755,2025-10-20 13h11.29.216890 -0400,
-5.25,-15.0,,377,377,0,,,,,,,,,,m1,negs,100,left,1.0537012909990153,None,None,,,,,,,,,,,0,377,377,396,503.9287557909993,,,,,,,,,,,,,,,,,,,,,,,,,,,,,,,,,,,,,,,,,,,,,,,,,,,,,,,,,,503.9202372910004,503.9287557909993,504.4142184579978,504.4142184579978,504.487188375002,504.487188375002,504.99374566599727,left,1.0537012909990153,None,504.9938451249982,504.99389195800177,None,,,,,,,,,,,,21049997,0,2025-10-20_13h11.20.095,tilt_mocs,2024.2.4,118.29343922245755,2025-10-20 13h11.29.216890 -0400,
-4.25,-15.0,,378,378,0,,,,,,,,,,p1,negs,100,left,0.9941222080014995,None,None,,,,,,,,,,,0,378,378,465,505.0005349159983,,,,,,,,,,,,,,,,,,,,,,,,,,,,,,,,,,,,,,,,,,,,,,,,,,,,,,,,,,504.99577841599967,505.0005349159983,505.4895190000025,505.4895190000025,505.5647406659991,505.5647406659991,506.0006418749981,left,0.9941222080014995,None,506.0009084159974,506.0010147080029,None,,,,,,,,,,,,21049997,0,2025-10-20_13h11.20.095,tilt_mocs,2024.2.4,118.29343922245755,2025-10-20 13h11.29.216890 -0400,
-6.75,-15.0,,379,379,0,,,,,,,,,,m3,negs,100,left,0.9207717919998686,None,None,,,,,,,,,,,0,379,379,313,506.01144337499863,,,,,,,,,,,,,,,,,,,,,,,,,,,,,,,,,,,,,,,,,,,,,,,,,,,,,,,,,,506.0033981250017,506.01144337499863,506.49744975000067,506.49744975000067,506.57046412499767,506.57046412499767,506.9430673329989,left,0.9207717919998686,None,506.9431648750033,506.94321158299863,None,,,,,,,,,,,,21049997,0,2025-10-20_13h11.20.095,tilt_mocs,2024.2.4,118.29343922245755,2025-10-20 13h11.29.216890 -0400,
1.166666666666667,15.0,,380,380,0,,,,,,,,,,m3,poss,100,left,0.962105500002508,None,None,,,,,,,,,,,0,380,380,6,506.95004362500185,,,,,,,,,,,,,,,,,,,,,,,,,,,,,,,,,,,,,,,,,,,,,,,,,,,,,,,,,,506.9451396250006,506.95004362500185,507.44004166599916,507.44004166599916,507.51460062499973,507.51460062499973,507.91647250000096,left,0.962105500002508,None,507.916573333001,507.9166262910003,None,,,,,,,,,,,,21049997,0,2025-10-20_13h11.20.095,tilt_mocs,2024.2.4,118.29343922245755,2025-10-20 13h11.29.216890 -0400,
-6.75,-15.0,,381,381,0,,,,,,,,,,m3,negs,100,left,1.0899124589996063,None,None,,,,,,,,,,,0,381,381,297,507.9264757080018,,,,,,,,,,,,,,,,,,,,,,,,,,,,,,,,,,,,,,,,,,,,,,,,,,,,,,,,,,507.9184893749989,507.9264757080018,508.4142922500032,508.4142922500032,508.48744120800256,508.48744120800256,509.0221089159968,left,1.0899124589996063,None,509.0222672910022,509.0224312080027,None,,,,,,,,,,,,21049997,0,2025-10-20_13h11.20.095,tilt_mocs,2024.2.4,118.29343922245755,2025-10-20 13h11.29.216890 -0400,
2.666666666666667,15.0,,382,382,0,,,,,,,,,,m1,poss,100,left,1.0572589580042404,None,None,,,,,,,,,,,0,382,382,83,509.0329934160036,,,,,,,,,,,,,,,,,,,,,,,,,,,,,,,,,,,,,,,,,,,,,,,,,,,,,,,,,,509.0248123749989,509.0329934160036,509.5240619160031,509.5240619160031,509.59815587499907,509.59815587499907,510.1004249580001,left,1.0572589580042404,None,510.10055295799975,510.10060754099686,None,,,,,,,,,,,,21049997,0,2025-10-20_13h11.20.095,tilt_mocs,2024.2.4,118.29343922245755,2025-10-20 13h11.29.216890 -0400,
-3.75,-15.0,,383,383,0,,,,,,,,,,p2,negs,100,left,0.9802187919995049,None,None,,,,,,,,,,,0,383,383,485,510.11128499999904,,,,,,,,,,,,,,,,,,,,,,,,,,,,,,,,,,,,,,,,,,,,,,,,,,,,,,,,,,510.10299945800216,510.11128499999904,510.5977656660034,510.5977656660034,510.67090825000196,510.67090825000196,511.1003405829979,left,0.9802187919995049,None,511.1004655409997,511.1005200829968,None,,,,,,,,,,,,21049997,0,2025-10-20_13h11.20.095,tilt_mocs,2024.2.4,118.29343922245755,2025-10-20 13h11.29.216890 -0400,
1.166666666666667,15.0,,384,384,0,,,,,,,,,,m3,poss,100,left,0.9883214169967687,None,None,,,,,,,,,,,0,384,384,5,511.1111311659988,,,,,,,,,,,,,,,,,,,,,,,,,,,,,,,,,,,,,,,,,,,,,,,,,,,,,,,,,,511.10288841599686,511.1111311659988,511.59772412500024,511.59772412500024,511.67110470800253,511.67110470800253,512.1066659159987,left,0.9883214169967687,None,512.1067994580008,512.1068814160026,None,,,,,,,,,,,,21049997,0,2025-10-20_13h11.20.095,tilt_mocs,2024.2.4,118.29343922245755,2025-10-20 13h11.29.216890 -0400,
2.666666666666667,15.0,,385,385,0,,,,,,,,,,m1,poss,100,left,0.9040253330022097,None,None,,,,,,,,,,,0,385,385,99,512.1171001249968,,,,,,,,,,,,,,,,,,,,,,,,,,,,,,,,,,,,,,,,,,,,,,,,,,,,,,,,,,512.1089365829976,512.1171001249968,512.607734707999,512.607734707999,512.6815966249997,512.6815966249997,513.0242965409998,left,0.9040253330022097,None,513.0244288750037,513.0244868750015,None,,,,,,,,,,,,21049997,0,2025-10-20_13h11.20.095,tilt_mocs,2024.2.4,118.29343922245755,2025-10-20 13h11.29.216890 -0400,
2.666666666666667,15.0,,386,386,0,,,,,,,,,,m1,poss,100,left,0.8834439580023172,None,None,,,,,,,,,,,0,386,386,89,513.0345305829978,,,,,,,,,,,,,,,,,,,,,,,,,,,,,,,,,,,,,,,,,,,,,,,,,,,,,,,,,,513.0265243329995,513.0345305829978,513.5230865830017,513.5230865830017,513.5985228330028,513.5985228330028,513.9224550829967,left,0.8834439580023172,None,513.9225514999998,513.9225948750027,None,,,,,,,,,,,,21049997,0,2025-10-20_13h11.20.095,tilt_mocs,2024.2.4,118.29343922245755,2025-10-20 13h11.29.216890 -0400,
4.166666666666667,15.0,,387,387,0,,,,,,,,,,p2,poss,100,right,0.8457196249946719,None,None,,,,,,,,,,,0,387,387,216,513.9478983329973,,,,,,,,,,,,,,,,,,,,,,,,,,,,,,,,,,,,,,,,,,,,,,,,,,,,,,,,,,513.9244889999973,513.9478983329973,514.4239558749978,514.4239558749978,514.4983474580004,514.4983474580004,514.8011566659989,right,0.8457196249946719,None,514.8013088329972,514.8013660409997,None,,,,,,,,,,,,21049997,0,2025-10-20_13h11.20.095,tilt_mocs,2024.2.4,118.29343922245755,2025-10-20 13h11.29.216890 -0400,
-5.75,-15.0,,388,388,0,,,,,,,,,,m2,negs,100,left,1.1248916659969836,None,None,,,,,,,,,,,0,388,388,322,514.811424958003,,,,,,,,,,,,,,,,,,,,,,,,,,,,,,,,,,,,,,,,,,,,,,,,,,,,,,,,,,514.8034178329981,514.811424958003,515.297907291002,515.297907291002,515.3701692910035,515.3701692910035,515.9391404159978,left,1.1248916659969836,None,515.9392430829976,515.939287291003,None,,,,,,,,,,,,21049997,0,2025-10-20_13h11.20.095,tilt_mocs,2024.2.4,118.29343922245755,2025-10-20 13h11.29.216890 -0400,
-5.25,-15.0,,389,389,0,,,,,,,,,,m1,negs,100,left,1.339552833000198,None,None,,,,,,,,,,,0,389,389,385,515.9647529159993,,,,,,,,,,,,,,,,,,,,,,,,,,,,,,,,,,,,,,,,,,,,,,,,,,,,,,,,,,515.9411724579986,515.9647529159993,516.439988457998,516.439988457998,516.5150702910032,516.5150702910032,517.3069400410022,left,1.339552833000198,None,517.3070390830035,517.3070831660007,None,,,,,,,,,,,,21049997,0,2025-10-20_13h11.20.095,tilt_mocs,2024.2.4,118.29343922245755,2025-10-20 13h11.29.216890 -0400,
2.0,0.0,,390,390,0,,,,,,,,,,p3,noss,0,right,1.0008191249944502,None,None,,,,,,,,,,,0,390,390,694,517.3171659580039,,,,,,,,,,,,,,,,,,,,,,,,,,,,,,,,,,,,,,,,,,,,,,,,,,,,,,,,,,517.3089814159976,517.3171659580039,517.8066290830029,517.8066290830029,517.8818225830037,517.8818225830037,518.3221209580006,right,1.0008191249944502,None,518.322216665998,518.3222586249976,None,,,,,,,,,,,,21049997,0,2025-10-20_13h11.20.095,tilt_mocs,2024.2.4,118.29343922245755,2025-10-20 13h11.29.216890 -0400,
-1.0,0.0,,391,391,0,,,,,,,,,,m2,noss,0,left,1.2832784589991206,None,None,,,,,,,,,,,0,391,391,591,518.3322086659973,,,,,,,,,,,,,,,,,,,,,,,,,,,,,,,,,,,,,,,,,,,,,,,,,,,,,,,,,,518.3241150410031,518.3322086659973,518.8234068329984,518.8234068329984,518.8985285410017,518.8985285410017,519.6180014580023,left,1.2832784589991206,None,519.6181120830006,519.6181571249981,None,,,,,,,,,,,,21049997,0,2025-10-20_13h11.20.095,tilt_mocs,2024.2.4,118.29343922245755,2025-10-20 13h11.29.216890 -0400,
2.666666666666667,15.0,,392,392,0,,,,,,,,,,m1,poss,100,right,1.0588345829964965,None,None,,,,,,,,,,,0,392,392,106,519.6281463749983,,,,,,,,,,,,,,,,,,,,,,,,,,,,,,,,,,,,,,,,,,,,,,,,,,,,,,,,,,519.6201825829994,519.6281463749983,520.1146185000034,520.1146185000034,520.1868790829976,520.1868790829976,520.6903632910035,right,1.0588345829964965,None,520.6904595829983,520.690501582998,None,,,,,,,,,,,,21049997,0,2025-10-20_13h11.20.095,tilt_mocs,2024.2.4,118.29343922245755,2025-10-20 13h11.29.216890 -0400,
-5.75,-15.0,,393,393,0,,,,,,,,,,m2,negs,100,left,1.0662458329970832,None,None,,,,,,,,,,,0,393,393,354,520.7006782079989,,,,,,,,,,,,,,,,,,,,,,,,,,,,,,,,,,,,,,,,,,,,,,,,,,,,,,,,,,520.6923740830025,520.7006782079989,521.1905218750035,521.1905218750035,521.2653199580018,521.2653199580018,521.7729105830003,left,1.0662458329970832,None,521.773034124999,521.7730907079967,None,,,,,,,,,,,,21049997,0,2025-10-20_13h11.20.095,tilt_mocs,2024.2.4,118.29343922245755,2025-10-20 13h11.29.216890 -0400,
2.0,0.0,,394,394,0,,,,,,,,,,p3,noss,0,right,1.0185528329966473,None,None,,,,,,,,,,,0,394,394,687,521.7832977080034,,,,,,,,,,,,,,,,,,,,,,,,,,,,,,,,,,,,,,,,,,,,,,,,,,,,,,,,,,521.7750453330009,521.7832977080034,522.2740671249994,522.2740671249994,522.3487014159982,522.3487014159982,522.8065883750023,right,1.0185528329966473,None,522.8066867079979,522.8067297079979,None,,,,,,,,,,,,21049997,0,2025-10-20_13h11.20.095,tilt_mocs,2024.2.4,118.29343922245755,2025-10-20 13h11.29.216890 -0400,
3.166666666666667,15.0,,395,395,0,,,,,,,,,,PSE,poss,100,left,1.216100750003534,None,None,,,,,,,,,,,0,395,395,141,522.8166655410023,,,,,,,,,,,,,,,,,,,,,,,,,,,,,,,,,,,,,,,,,,,,,,,,,,,,,,,,,,522.808617374998,522.8166655410023,523.3069505000021,523.3069505000021,523.3820022500004,523.3820022500004,524.0357413329984,left,1.216100750003534,None,524.0358924160028,524.0359517500037,None,,,,,,,,,,,,21049997,0,2025-10-20_13h11.20.095,tilt_mocs,2024.2.4,118.29343922245755,2025-10-20 13h11.29.216890 -0400,
2.166666666666667,15.0,,396,396,0,,,,,,,,,,m2,poss,100,right,1.3075827499997104,None,None,,,,,,,,,,,0,396,396,50,524.0462712910012,,,,,,,,,,,,,,,,,,,,,,,,,,,,,,,,,,,,,,,,,,,,,,,,,,,,,,,,,,524.0381372499978,524.0462712910012,524.5314726249999,524.5314726249999,524.6034537079977,524.6034537079977,525.356328832997,right,1.3075827499997104,None,525.3564487499971,525.3564923329977,None,,,,,,,,,,,,21049997,0,2025-10-20_13h11.20.095,tilt_mocs,2024.2.4,118.29343922245755,2025-10-20 13h11.29.216890 -0400,
-5.25,-15.0,,397,397,0,,,,,,,,,,m1,negs,100,left,1.060718166998413,None,None,,,,,,,,,,,0,397,397,393,525.3667197079994,,,,,,,,,,,,,,,,,,,,,,,,,,,,,,,,,,,,,,,,,,,,,,,,,,,,,,,,,,525.3583918329969,525.3667197079994,525.856816749998,525.856816749998,525.9322185409983,525.9322185409983,526.4338799999969,left,1.060718166998413,None,526.4339844159986,526.4340273749985,None,,,,,,,,,,,,21049997,0,2025-10-20_13h11.20.095,tilt_mocs,2024.2.4,118.29343922245755,2025-10-20 13h11.29.216890 -0400,
-5.75,-15.0,,398,398,0,,,,,,,,,,m2,negs,100,left,1.0303296670026612,None,None,,,,,,,,,,,0,398,398,349,526.4439496659979,,,,,,,,,,,,,,,,,,,,,,,,,,,,,,,,,,,,,,,,,,,,,,,,,,,,,,,,,,526.4358882500019,526.4439496659979,526.9316428329985,526.9316428329985,527.0036683750004,527.0036683750004,527.4850698750015,left,1.0303296670026612,None,527.4852193749975,527.485275375002,None,,,,,,,,,,,,21049997,0,2025-10-20_13h11.20.095,tilt_mocs,2024.2.4,118.29343922245755,2025-10-20 13h11.29.216890 -0400,
-2.75,-15.0,,399,399,0,,,,,,,,,,p3,negs,100,right,1.025594083002943,None,None,,,,,,,,,,,0,399,399,539,527.4959236249997,,,,,,,,,,,,,,,,,,,,,,,,,,,,,,,,,,,,,,,,,,,,,,,,,,,,,,,,,,527.4875423330013,527.4959236249997,527.9815954579972,527.9815954579972,528.0537423749993,528.0537423749993,528.5240169579993,right,1.025594083002943,None,528.524116665998,528.5241602500028,None,,,,,,,,,,,,21049997,0,2025-10-20_13h11.20.095,tilt_mocs,2024.2.4,118.29343922245755,2025-10-20 13h11.29.216890 -0400,
-4.25,-15.0,,400,400,0,,,,,,,,,,p1,negs,100,left,1.0986120000015944,None,None,,,,,,,,,,,0,400,400,457,528.5343502910036,,,,,,,,,,,,,,,,,,,,,,,,,,,,,,,,,,,,,,,,,,,,,,,,,,,,,,,,,,528.5260215410017,528.5343502910036,529.0243397910017,529.0243397910017,529.098660165997,529.098660165997,529.6432294999977,left,1.0986120000015944,None,529.6433273750008,529.6433708749973,None,,,,,,,,,,,,21049997,0,2025-10-20_13h11.20.095,tilt_mocs,2024.2.4,118.29343922245755,2025-10-20 13h11.29.216890 -0400,
5.166666666666667,15.0,,401,401,0,,,,,,,,,,p3,poss,100,left,1.8022400000045309,None,None,,,,,,,,,,,0,401,401,271,529.6510481660007,,,,,,,,,,,,,,,,,,,,,,,,,,,,,,,,,,,,,,,,,,,,,,,,,,,,,,,,,,529.6452321660036,529.6510481660007,530.1406433750017,530.1406433750017,530.2155828329996,530.2155828329996,531.4578967909983,left,1.8022400000045309,None,531.4580270829974,531.4580987500012,None,,,,,,,,,,,,21049997,0,2025-10-20_13h11.20.095,tilt_mocs,2024.2.4,118.29343922245755,2025-10-20 13h11.29.216890 -0400,
-4.75,-15.0,,402,402,0,,,,,,,,,,PSE,negs,100,right,1.4056275000039022,None,None,,,,,,,,,,,0,402,402,401,531.468177374998,,,,,,,,,,,,,,,,,,,,,,,,,,,,,,,,,,,,,,,,,,,,,,,,,,,,,,,,,,531.4605378330016,531.468177374998,531.957891375001,531.957891375001,532.0322015409984,532.0322015409984,532.8845187080005,right,1.4056275000039022,None,532.8846479159984,532.8847036660009,None,,,,,,,,,,,,21049997,0,2025-10-20_13h11.20.095,tilt_mocs,2024.2.4,118.29343922245755,2025-10-20 13h11.29.216890 -0400,
3.166666666666667,15.0,,403,403,0,,,,,,,,,,PSE,poss,100,right,1.3055367920023855,None,None,,,,,,,,,,,0,403,403,139,532.8946875410038,,,,,,,,,,,,,,,,,,,,,,,,,,,,,,,,,,,,,,,,,,,,,,,,,,,,,,,,,,532.8867426659999,532.8946875410038,533.3818944160012,533.3818944160012,533.4549504579991,533.4549504579991,534.2073119580018,right,1.3055367920023855,None,534.207412415999,534.2074565410003,None,,,,,,,,,,,,21049997,0,2025-10-20_13h11.20.095,tilt_mocs,2024.2.4,118.29343922245755,2025-10-20 13h11.29.216890 -0400,
-3.75,-15.0,,404,404,0,,,,,,,,,,p2,negs,100,right,1.0653641669996432,None,None,,,,,,,,,,,0,404,404,500,534.2176993329995,,,,,,,,,,,,,,,,,,,,,,,,,,,,,,,,,,,,,,,,,,,,,,,,,,,,,,,,,,534.2093584160029,534.2176993329995,534.7076706660009,534.7076706660009,534.7824900409978,534.7824900409978,535.2858449159976,right,1.0653641669996432,None,535.2860733749985,535.286186915997,None,,,,,,,,,,,,21049997,0,2025-10-20_13h11.20.095,tilt_mocs,2024.2.4,118.29343922245755,2025-10-20 13h11.29.216890 -0400,
-1.0,0.0,,405,405,0,,,,,,,,,,m2,noss,0,right,6.893754542004899,None,None,,,,,,,,,,,0,405,405,598,535.2968139579971,,,,,,,,,,,,,,,,,,,,,,,,,,,,,,,,,,,,,,,,,,,,,,,,,,,,,,,,,,535.2886536250007,535.2968139579971,535.7820866659968,535.7820866659968,535.8547676660019,535.8547676660019,542.2015815830018,right,6.893754542004899,None,542.201707082997,542.2017636250021,None,,,,,,,,,,,,21049997,0,2025-10-20_13h11.20.095,tilt_mocs,2024.2.4,118.29343922245755,2025-10-20 13h11.29.216890 -0400,
3.666666666666667,15.0,,406,406,0,,,,,,,,,,p1,poss,100,right,1.1064314159957576,None,None,,,,,,,,,,,0,406,406,192,542.212481458002,,,,,,,,,,,,,,,,,,,,,,,,,,,,,,,,,,,,,,,,,,,,,,,,,,,,,,,,,,542.2041982500014,542.212481458002,542.6988375000001,542.6988375000001,542.7708417079994,542.7708417079994,543.3231825830007,right,1.1064314159957576,None,543.3232781249972,543.3233214580032,None,,,,,,,,,,,,21049997,0,2025-10-20_13h11.20.095,tilt_mocs,2024.2.4,118.29343922245755,2025-10-20 13h11.29.216890 -0400,
5.166666666666667,15.0,,407,407,0,,,,,,,,,,p3,poss,100,right,1.0625897500067367,None,None,,,,,,,,,,,0,407,407,273,543.3490311659989,,,,,,,,,,,,,,,,,,,,,,,,,,,,,,,,,,,,,,,,,,,,,,,,,,,,,,,,,,543.3252339579994,543.3490311659989,543.824460415999,543.824460415999,543.8993056250038,543.8993056250038,544.4176915409989,right,1.0625897500067367,None,544.4177903329983,544.4178444999998,None,,,,,,,,,,,,21049997,0,2025-10-20_13h11.20.095,tilt_mocs,2024.2.4,118.29343922245755,2025-10-20 13h11.29.216890 -0400,
2.666666666666667,15.0,,408,408,0,,,,,,,,,,m1,poss,100,left,1.0955948339978931,None,None,,,,,,,,,,,0,408,408,118,544.4276851250033,,,,,,,,,,,,,,,,,,,,,,,,,,,,,,,,,,,,,,,,,,,,,,,,,,,,,,,,,,544.4197397500029,544.4276851250033,544.915637791004,544.915637791004,544.9877029159979,544.9877029159979,545.5349852500003,left,1.0955948339978931,None,545.5351054159983,545.5351604579992,None,,,,,,,,,,,,21049997,0,2025-10-20_13h11.20.095,tilt_mocs,2024.2.4,118.29343922245755,2025-10-20 13h11.29.216890 -0400,
2.166666666666667,15.0,,409,409,0,,,,,,,,,,m2,poss,100,left,1.0374174589960603,None,None,,,,,,,,,,,0,409,409,42,545.5449937500016,,,,,,,,,,,,,,,,,,,,,,,,,,,,,,,,,,,,,,,,,,,,,,,,,,,,,,,,,,545.5370849160026,545.5449937500016,546.0322957079989,546.0322957079989,546.1043062079989,546.1043062079989,546.5850659159987,left,1.0374174589960603,None,546.5851904160008,546.5852466249999,None,,,,,,,,,,,,21049997,0,2025-10-20_13h11.20.095,tilt_mocs,2024.2.4,118.29343922245755,2025-10-20 13h11.29.216890 -0400,
1.166666666666667,15.0,,410,410,0,,,,,,,,,,m3,poss,100,left,0.9436440420031431,None,None,,,,,,,,,,,0,410,410,29,546.5952438329987,,,,,,,,,,,,,,,,,,,,,,,,,,,,,,,,,,,,,,,,,,,,,,,,,,,,,,,,,,546.5872676660001,546.5952438329987,547.0825324999969,547.0825324999969,547.1544915830018,547.1544915830018,547.5418157500026,left,0.9436440420031431,None,547.5419433330026,547.5419933750018,None,,,,,,,,,,,,21049997,0,2025-10-20_13h11.20.095,tilt_mocs,2024.2.4,118.29343922245755,2025-10-20 13h11.29.216890 -0400,
-5.25,-15.0,,411,411,0,,,,,,,,,,m1,negs,100,left,0.937504916000762,None,None,,,,,,,,,,,0,411,411,368,547.5518744159999,,,,,,,,,,,,,,,,,,,,,,,,,,,,,,,,,,,,,,,,,,,,,,,,,,,,,,,,,,547.5440593750027,547.5518744159999,548.0412714159975,548.0412714159975,548.116214499998,548.116214499998,548.4921860000031,left,0.937504916000762,None,548.4923396660015,548.4923951250021,None,,,,,,,,,,,,21049997,0,2025-10-20_13h11.20.095,tilt_mocs,2024.2.4,118.29343922245755,2025-10-20 13h11.29.216890 -0400,
0.5,0.0,,412,412,0,,,,,,,,,,p1,noss,0,right,1.4653793339966796,None,None,,,,,,,,,,,0,412,412,658,548.5024897080002,,,,,,,,,,,,,,,,,,,,,,,,,,,,,,,,,,,,,,,,,,,,,,,,,,,,,,,,,,548.4949265410032,548.5024897080002,548.9912661249982,548.9912661249982,549.066256332997,549.066256332997,549.9745374999984,right,1.4653793339966796,None,549.9746553329969,549.974710208,None,,,,,,,,,,,,21049997,0,2025-10-20_13h11.20.095,tilt_mocs,2024.2.4,118.29343922245755,2025-10-20 13h11.29.216890 -0400,
2.166666666666667,15.0,,413,413,0,,,,,,,,,,m2,poss,100,left,1.0849810409999918,None,None,,,,,,,,,,,0,413,413,53,549.9853574160006,,,,,,,,,,,,,,,,,,,,,,,,,,,,,,,,,,,,,,,,,,,,,,,,,,,,,,,,,,549.9768659580004,549.9853574160006,550.4743389580035,550.4743389580035,550.5497191250033,550.5497191250033,551.0748000000021,left,1.0849810409999918,None,551.0748949580011,551.0749375000014,None,,,,,,,,,,,,21049997,0,2025-10-20_13h11.20.095,tilt_mocs,2024.2.4,118.29343922245755,2025-10-20 13h11.29.216890 -0400,
2.0,0.0,,414,414,0,,,,,,,,,,p3,noss,0,left,1.5640127919978113,None,None,,,,,,,,,,,0,414,414,683,551.0851016250017,,,,,,,,,,,,,,,,,,,,,,,,,,,,,,,,,,,,,,,,,,,,,,,,,,,,,,,,,,551.0768401250025,551.0851016250017,551.5754486660007,551.5754486660007,551.6496929999994,551.6496929999994,552.6519500409995,left,1.5640127919978113,None,552.6520853330003,552.6521412500006,None,,,,,,,,,,,,21049997,0,2025-10-20_13h11.20.095,tilt_mocs,2024.2.4,118.29343922245755,2025-10-20 13h11.29.216890 -0400,
5.166666666666667,15.0,,415,415,0,,,,,,,,,,p3,poss,100,right,1.010464208004123,None,None,,,,,,,,,,,0,415,415,248,552.6624542080026,,,,,,,,,,,,,,,,,,,,,,,,,,,,,,,,,,,,,,,,,,,,,,,,,,,,,,,,,,552.6542377079968,552.6624542080026,553.149245499997,553.149245499997,553.221710040998,553.221710040998,553.6753057910028,right,1.010464208004123,None,553.6754217080015,553.6754661660016,None,,,,,,,,,,,,21049997,0,2025-10-20_13h11.20.095,tilt_mocs,2024.2.4,118.29343922245755,2025-10-20 13h11.29.216890 -0400,
-5.75,-15.0,,416,416,0,,,,,,,,,,m2,negs,100,left,0.9817007499950705,None,None,,,,,,,,,,,0,416,416,323,553.6855314159984,,,,,,,,,,,,,,,,,,,,,,,,,,,,,,,,,,,,,,,,,,,,,,,,,,,,,,,,,,553.6774023749967,553.6855314159984,554.1755495410034,554.1755495410034,554.249764250002,554.249764250002,554.6730529999986,left,0.9817007499950705,None,554.6731508750017,554.6731942909973,None,,,,,,,,,,,,21049997,0,2025-10-20_13h11.20.095,tilt_mocs,2024.2.4,118.29343922245755,2025-10-20 13h11.29.216890 -0400,
-5.25,-15.0,,417,417,0,,,,,,,,,,m1,negs,100,left,1.0643192079951405,None,None,,,,,,,,,,,0,417,417,361,554.6832845410026,,,,,,,,,,,,,,,,,,,,,,,,,,,,,,,,,,,,,,,,,,,,,,,,,,,,,,,,,,554.675073958002,554.6832845410026,555.1748069160021,555.1748069160021,555.2498329160007,555.2498329160007,555.752185915997,left,1.0643192079951405,None,555.752307499999,555.7523620830034,None,,,,,,,,,,,,21049997,0,2025-10-20_13h11.20.095,tilt_mocs,2024.2.4,118.29343922245755,2025-10-20 13h11.29.216890 -0400,
2.666666666666667,15.0,,418,418,0,,,,,,,,,,m1,poss,100,left,0.9411565000045812,None,None,,,,,,,,,,,0,418,418,98,555.762245416001,,,,,,,,,,,,,,,,,,,,,,,,,,,,,,,,,,,,,,,,,,,,,,,,,,,,,,,,,,555.7542812079992,555.762245416001,556.2493566659978,556.2493566659978,556.3222928750038,556.3222928750038,556.7080712500028,left,0.9411565000045812,None,556.7081964160025,556.7082610830039,None,,,,,,,,,,,,21049997,0,2025-10-20_13h11.20.095,tilt_mocs,2024.2.4,118.29343922245755,2025-10-20 13h11.29.216890 -0400,
-6.75,-15.0,,419,419,0,,,,,,,,,,m3,negs,100,left,0.9269708339998033,None,None,,,,,,,,,,,0,419,419,285,556.7186860410002,,,,,,,,,,,,,,,,,,,,,,,,,,,,,,,,,,,,,,,,,,,,,,,,,,,,,,,,,,556.710311791001,556.7186860410002,557.2086327500001,557.2086327500001,557.2832272500018,557.2832272500018,557.6516989579977,left,0.9269708339998033,None,557.6518282500037,557.6518733330013,None,,,,,,,,,,,,21049997,0,2025-10-20_13h11.20.095,tilt_mocs,2024.2.4,118.29343922245755,2025-10-20 13h11.29.216890 -0400,
-5.25,-15.0,,420,420,0,,,,,,,,,,m1,negs,100,left,1.0086230830056593,None,None,,,,,,,,,,,0,420,420,380,557.6616890829973,,,,,,,,,,,,,,,,,,,,,,,,,,,,,,,,,,,,,,,,,,,,,,,,,,,,,,,,,,557.653739207999,557.6616890829973,558.1484286659979,558.1484286659979,558.221424041003,558.221424041003,558.6750802500028,left,1.0086230830056593,None,558.6752053750024,558.6752588750023,None,,,,,,,,,,,,21049997,0,2025-10-20_13h11.20.095,tilt_mocs,2024.2.4,118.29343922245755,2025-10-20 13h11.29.216890 -0400,
-2.75,-15.0,,421,421,0,,,,,,,,,,p3,negs,100,left,2.524484958004905,None,None,,,,,,,,,,,0,421,421,558,558.685429582998,,,,,,,,,,,,,,,,,,,,,,,,,,,,,,,,,,,,,,,,,,,,,,,,,,,,,,,,,,558.6773014580031,558.685429582998,559.1756805830009,559.1756805830009,559.249986791001,559.249986791001,561.2187596660006,left,2.524484958004905,None,561.2189019580037,561.2189571249983,None,,,,,,,,,,,,21049997,0,2025-10-20_13h11.20.095,tilt_mocs,2024.2.4,118.29343922245755,2025-10-20 13h11.29.216890 -0400,
-6.75,-15.0,,422,422,0,,,,,,,,,,m3,negs,100,left,1.0583019580008113,None,None,,,,,,,,,,,0,422,422,306,561.2294174999988,,,,,,,,,,,,,,,,,,,,,,,,,,,,,,,,,,,,,,,,,,,,,,,,,,,,,,,,,,561.2212762909985,561.2294174999988,561.7162674580031,561.7162674580031,561.7881602909983,561.7881602909983,562.2916343750039,left,1.0583019580008113,None,562.2917584160023,562.2918124159987,None,,,,,,,,,,,,21049997,0,2025-10-20_13h11.20.095,tilt_mocs,2024.2.4,118.29343922245755,2025-10-20 13h11.29.216890 -0400,
2.666666666666667,15.0,,423,423,0,,,,,,,,,,m1,poss,100,left,0.9559757080060081,None,None,,,,,,,,,,,0,423,423,90,562.3019703329992,,,,,,,,,,,,,,,,,,,,,,,,,,,,,,,,,,,,,,,,,,,,,,,,,,,,,,,,,,562.2937260410035,562.3019703329992,562.7918099160015,562.7918099160015,562.8668088330014,562.8668088330014,563.269296915998,left,0.9559757080060081,None,563.2694531250017,563.2695083330036,None,,,,,,,,,,,,21049997,0,2025-10-20_13h11.20.095,tilt_mocs,2024.2.4,118.29343922245755,2025-10-20 13h11.29.216890 -0400,
2.166666666666667,15.0,,424,424,0,,,,,,,,,,m2,poss,100,left,0.9888132499982021,None,None,,,,,,,,,,,0,424,424,51,563.280565041001,,,,,,,,,,,,,,,,,,,,,,,,,,,,,,,,,,,,,,,,,,,,,,,,,,,,,,,,,,563.2723823749984,563.280565041001,563.7663255829975,563.7663255829975,563.8403369579974,563.8403369579974,564.27586075,left,0.9888132499982021,None,564.2759932080007,564.2760518750001,None,,,,,,,,,,,,21049997,0,2025-10-20_13h11.20.095,tilt_mocs,2024.2.4,118.29343922245755,2025-10-20 13h11.29.216890 -0400,
1.166666666666667,15.0,,425,425,0,,,,,,,,,,m3,poss,100,left,0.9500853749996168,None,None,,,,,,,,,,,0,425,425,1,564.2862114579984,,,,,,,,,,,,,,,,,,,,,,,,,,,,,,,,,,,,,,,,,,,,,,,,,,,,,,,,,,564.2781779159995,564.2862114579984,564.7754828329998,564.7754828329998,564.8501567909989,564.8501567909989,565.2412523329986,left,0.9500853749996168,None,565.2413776250032,565.241432666,None,,,,,,,,,,,,21049997,0,2025-10-20_13h11.20.095,tilt_mocs,2024.2.4,118.29343922245755,2025-10-20 13h11.29.216890 -0400,
3.166666666666667,15.0,,426,426,0,,,,,,,,,,PSE,poss,100,left,0.9564473749996978,None,None,,,,,,,,,,,0,426,426,158,565.2515379160031,,,,,,,,,,,,,,,,,,,,,,,,,,,,,,,,,,,,,,,,,,,,,,,,,,,,,,,,,,565.2433958749971,565.2515379160031,565.7420903329985,565.7420903329985,565.8165973330033,565.8165973330033,566.2192196660035,left,0.9564473749996978,None,566.2193440830015,566.2193998750008,None,,,,,,,,,,,,21049997,0,2025-10-20_13h11.20.095,tilt_mocs,2024.2.4,118.29343922245755,2025-10-20 13h11.29.216890 -0400,
-5.25,-15.0,,427,427,0,,,,,,,,,,m1,negs,100,left,0.9872605420023319,None,None,,,,,,,,,,,0,427,427,394,566.2293487080024,,,,,,,,,,,,,,,,,,,,,,,,,,,,,,,,,,,,,,,,,,,,,,,,,,,,,,,,,,566.2214197909998,566.2293487080024,566.716531791004,566.716531791004,566.7885842079995,566.7885842079995,567.2191547080001,left,0.9872605420023319,None,567.219279625002,567.2193345830019,None,,,,,,,,,,,,21049997,0,2025-10-20_13h11.20.095,tilt_mocs,2024.2.4,118.29343922245755,2025-10-20 13h11.29.216890 -0400,
-3.75,-15.0,,428,428,0,,,,,,,,,,p2,negs,100,left,2.6802864169949316,None,None,,,,,,,,,,,0,428,428,512,567.2294759580036,,,,,,,,,,,,,,,,,,,,,,,,,,,,,,,,,,,,,,,,,,,,,,,,,,,,,,,,,,567.221563375002,567.2294759580036,567.7164144159979,567.7164144159979,567.7884409160033,567.7884409160033,569.9194361249974,left,2.6802864169949316,None,569.9195984160033,569.9196557910036,None,,,,,,,,,,,,21049997,0,2025-10-20_13h11.20.095,tilt_mocs,2024.2.4,118.29343922245755,2025-10-20 13h11.29.216890 -0400,
-3.75,-15.0,,429,429,0,,,,,,,,,,p2,negs,100,right,1.1208501250002882,None,None,,,,,,,,,,,0,429,429,491,569.9301404159996,,,,,,,,,,,,,,,,,,,,,,,,,,,,,,,,,,,,,,,,,,,,,,,,,,,,,,,,,,569.9219956250017,569.9301404159996,570.4165985,570.4165985,570.4900471250003,570.4900471250003,571.0539413750012,right,1.1208501250002882,None,571.0540904160007,571.0541515000004,None,,,,,,,,,,,,21049997,0,2025-10-20_13h11.20.095,tilt_mocs,2024.2.4,118.29343922245755,2025-10-20 13h11.29.216890 -0400,
-3.75,-15.0,,430,430,0,,,,,,,,,,p2,negs,100,right,1.0073757080026553,None,None,,,,,,,,,,,0,430,430,510,571.0643970829988,,,,,,,,,,,,,,,,,,,,,,,,,,,,,,,,,,,,,,,,,,,,,,,,,,,,,,,,,,571.056306749997,571.0643970829988,571.5498860829975,571.5498860829975,571.6230938750014,571.6230938750014,572.0756221249976,right,1.0073757080026553,None,572.0757636249982,572.0758434579984,None,,,,,,,,,,,,21049997,0,2025-10-20_13h11.20.095,tilt_mocs,2024.2.4,118.29343922245755,2025-10-20 13h11.29.216890 -0400,
3.666666666666667,15.0,,431,431,0,,,,,,,,,,p1,poss,100,right,1.459012832994631,None,None,,,,,,,,,,,0,431,431,180,572.086225416002,,,,,,,,,,,,,,,,,,,,,,,,,,,,,,,,,,,,,,,,,,,,,,,,,,,,,,,,,,572.0779756249976,572.086225416002,572.5766236249983,572.5766236249983,572.6504943749969,572.6504943749969,573.5526979159986,right,1.459012832994631,None,573.5528213330035,573.5528762500035,None,,,,,,,,,,,,21049997,0,2025-10-20_13h11.20.095,tilt_mocs,2024.2.4,118.29343922245755,2025-10-20 13h11.29.216890 -0400,
-5.75,-15.0,,432,432,0,,,,,,,,,,m2,negs,100,right,1.0801063339968096,None,None,,,,,,,,,,,0,432,432,320,573.5634798329993,,,,,,,,,,,,,,,,,,,,,,,,,,,,,,,,,,,,,,,,,,,,,,,,,,,,,,,,,,573.5552387499993,573.5634798329993,574.0500069159971,574.0500069159971,574.1222832499989,574.1222832499989,574.6530841659987,right,1.0801063339968096,None,574.6532412079978,574.6533151659969,None,,,,,,,,,,,,21049997,0,2025-10-20_13h11.20.095,tilt_mocs,2024.2.4,118.29343922245755,2025-10-20 13h11.29.216890 -0400,
2.0,0.0,,433,433,0,,,,,,,,,,p3,noss,0,right,1.3218181659976835,None,None,,,,,,,,,,,0,433,433,698,574.6635517500035,,,,,,,,,,,,,,,,,,,,,,,,,,,,,,,,,,,,,,,,,,,,,,,,,,,,,,,,,,574.6556123749979,574.6635517500035,575.150046499999,575.150046499999,575.2240605830011,575.2240605830011,575.9925145829984,right,1.3218181659976835,None,575.9926384580031,575.9926917909979,None,,,,,,,,,,,,21049997,0,2025-10-20_13h11.20.095,tilt_mocs,2024.2.4,118.29343922245755,2025-10-20 13h11.29.216890 -0400,
2.0,0.0,,434,434,0,,,,,,,,,,p3,noss,0,right,1.0179729579976993,None,None,,,,,,,,,,,0,434,434,682,576.0029178330005,,,,,,,,,,,,,,,,,,,,,,,,,,,,,,,,,,,,,,,,,,,,,,,,,,,,,,,,,,575.9950119159985,576.0029178330005,576.4925813329974,576.4925813329974,576.5672880830025,576.5672880830025,577.0246057909972,right,1.0179729579976993,None,577.0247287079983,577.0247982500005,None,,,,,,,,,,,,21049997,0,2025-10-20_13h11.20.095,tilt_mocs,2024.2.4,118.29343922245755,2025-10-20 13h11.29.216890 -0400,
-4.25,-15.0,,435,435,0,,,,,,,,,,p1,negs,100,right,1.3737297909974586,None,None,,,,,,,,,,,0,435,435,462,577.0359521249993,,,,,,,,,,,,,,,,,,,,,,,,,,,,,,,,,,,,,,,,,,,,,,,,,,,,,,,,,,577.02687075,577.0359521249993,577.5260517499992,577.5260517499992,577.600461957998,577.600461957998,578.4194924580006,right,1.3737297909974586,None,578.419614790997,578.419670041003,None,,,,,,,,,,,,21049997,0,2025-10-20_13h11.20.095,tilt_mocs,2024.2.4,118.29343922245755,2025-10-20 13h11.29.216890 -0400,
4.166666666666667,15.0,,436,436,0,,,,,,,,,,p2,poss,100,right,1.1878617080001277,None,None,,,,,,,,,,,0,436,436,202,578.4297302909981,,,,,,,,,,,,,,,,,,,,,,,,,,,,,,,,,,,,,,,,,,,,,,,,,,,,,,,,,,578.4218448750034,578.4297302909981,578.9167504159996,578.9167504159996,578.9890614999968,578.9890614999968,579.6205724579995,right,1.1878617080001277,None,579.6207226249971,579.6207820409982,None,,,,,,,,,,,,21049997,0,2025-10-20_13h11.20.095,tilt_mocs,2024.2.4,118.29343922245755,2025-10-20 13h11.29.216890 -0400,
2.666666666666667,15.0,,437,437,0,,,,,,,,,,m1,poss,100,left,1.1798633750004228,None,None,,,,,,,,,,,0,437,437,104,579.6314682079974,,,,,,,,,,,,,,,,,,,,,,,,,,,,,,,,,,,,,,,,,,,,,,,,,,,,,,,,,,579.6228809579989,579.6314682079974,580.1170506659982,580.1170506659982,580.1897107080003,580.1897107080003,580.8196760409992,left,1.1798633750004228,None,580.8198030409985,580.819858750001,None,,,,,,,,,,,,21049997,0,2025-10-20_13h11.20.095,tilt_mocs,2024.2.4,118.29343922245755,2025-10-20 13h11.29.216890 -0400,
-4.75,-15.0,,438,438,0,,,,,,,,,,PSE,negs,100,left,1.1513391670014244,None,None,,,,,,,,,,,0,438,438,407,580.829776999999,,,,,,,,,,,,,,,,,,,,,,,,,,,,,,,,,,,,,,,,,,,,,,,,,,,,,,,,,,580.8218607500021,580.829776999999,581.3170155830012,581.3170155830012,581.3895077909983,581.3895077909983,581.9868180409976,left,1.1513391670014244,None,581.9869607910005,581.9870168749985,None,,,,,,,,,,,,21049997,0,2025-10-20_13h11.20.095,tilt_mocs,2024.2.4,118.29343922245755,2025-10-20 13h11.29.216890 -0400,
3.166666666666667,15.0,,439,439,0,,,,,,,,,,PSE,poss,100,left,1.2375916669989238,None,None,,,,,,,,,,,0,439,439,156,581.9973660830001,,,,,,,,,,,,,,,,,,,,,,,,,,,,,,,,,,,,,,,,,,,,,,,,,,,,,,,,,,581.9891179159968,581.9973660830001,582.483546083,582.483546083,582.555932041003,582.555932041003,583.2462351659997,left,1.2375916669989238,None,583.2463371249978,583.2463827079991,None,,,,,,,,,,,,21049997,0,2025-10-20_13h11.20.095,tilt_mocs,2024.2.4,118.29343922245755,2025-10-20 13h11.29.216890 -0400,
-6.75,-15.0,,440,440,0,,,,,,,,,,m3,negs,100,left,1.0311908749936265,None,None,,,,,,,,,,,0,440,440,290,583.2529517500006,,,,,,,,,,,,,,,,,,,,,,,,,,,,,,,,,,,,,,,,,,,,,,,,,,,,,,,,,,583.248285499998,583.2529517500006,583.742426124998,583.742426124998,583.8175159160019,583.8175159160019,584.2874083749994,left,1.0311908749936265,None,584.2875650409987,584.2876214999997,None,,,,,,,,,,,,21049997,0,2025-10-20_13h11.20.095,tilt_mocs,2024.2.4,118.29343922245755,2025-10-20 13h11.29.216890 -0400,
-4.25,-15.0,,441,441,0,,,,,,,,,,p1,negs,100,left,0.9385078750055982,None,None,,,,,,,,,,,0,441,441,453,584.2979844579968,,,,,,,,,,,,,,,,,,,,,,,,,,,,,,,,,,,,,,,,,,,,,,,,,,,,,,,,,,584.289847166001,584.2979844579968,584.7837612080039,584.7837612080039,584.8571516660013,584.8571516660013,585.2410983750015,left,0.9385078750055982,None,585.2411992909983,585.2412434580037,None,,,,,,,,,,,,21049997,0,2025-10-20_13h11.20.095,tilt_mocs,2024.2.4,118.29343922245755,2025-10-20 13h11.29.216890 -0400,
-6.75,-15.0,,442,442,0,,,,,,,,,,m3,negs,100,left,0.9242699999958859,None,None,,,,,,,,,,,0,442,442,314,585.2671944579997,,,,,,,,,,,,,,,,,,,,,,,,,,,,,,,,,,,,,,,,,,,,,,,,,,,,,,,,,,585.2434995000003,585.2671944579997,585.7427297079994,585.7427297079994,585.817710166004,585.817710166004,586.2021376249977,left,0.9242699999958859,None,586.2021980830032,586.2022225830005,None,,,,,,,,,,,,21049997,0,2025-10-20_13h11.20.095,tilt_mocs,2024.2.4,118.29343922245755,2025-10-20 13h11.29.216890 -0400,
-5.25,-15.0,,443,443,0,,,,,,,,,,m1,negs,100,left,1.0823374999963562,None,None,,,,,,,,,,,0,443,443,397,586.2112353749981,,,,,,,,,,,,,,,,,,,,,,,,,,,,,,,,,,,,,,,,,,,,,,,,,,,,,,,,,,586.2036964159997,586.2112353749981,586.7004663749976,586.7004663749976,586.7725356660012,586.7725356660012,587.3031181659971,left,1.0823374999963562,None,587.3032427500002,587.3032979580021,None,,,,,,,,,,,,21049997,0,2025-10-20_13h11.20.095,tilt_mocs,2024.2.4,118.29343922245755,2025-10-20 13h11.29.216890 -0400,
-3.75,-15.0,,444,444,0,,,,,,,,,,p2,negs,100,left,1.0039557090058224,None,None,,,,,,,,,,,0,444,444,503,587.3132407500016,,,,,,,,,,,,,,,,,,,,,,,,,,,,,,,,,,,,,,,,,,,,,,,,,,,,,,,,,,587.3052255410003,587.3132407500016,587.8005165409995,587.8005165409995,587.8735263749986,587.8735263749986,588.3198377910012,left,1.0039557090058224,None,588.3199620410014,588.3200179580017,None,,,,,,,,,,,,21049997,0,2025-10-20_13h11.20.095,tilt_mocs,2024.2.4,118.29343922245755,2025-10-20 13h11.29.216890 -0400,
5.166666666666667,15.0,,445,445,0,,,,,,,,,,p3,poss,100,left,0.9639485000006971,None,None,,,,,,,,,,,0,445,445,240,588.3299385409991,,,,,,,,,,,,,,,,,,,,,,,,,,,,,,,,,,,,,,,,,,,,,,,,,,,,,,,,,,588.3219700830014,588.3299385409991,588.817233875001,588.817233875001,588.8890935000018,588.8890935000018,589.3029910409969,left,0.9639485000006971,None,589.3030941250036,589.3031376250001,None,,,,,,,,,,,,21049997,0,2025-10-20_13h11.20.095,tilt_mocs,2024.2.4,118.29343922245755,2025-10-20 13h11.29.216890 -0400,
-5.25,-15.0,,446,446,0,,,,,,,,,,m1,negs,100,left,1.0506370829971274,None,None,,,,,,,,,,,0,446,446,367,589.3131772080014,,,,,,,,,,,,,,,,,,,,,,,,,,,,,,,,,,,,,,,,,,,,,,,,,,,,,,,,,,589.3050649159995,589.3131772080014,589.8005208750037,589.8005208750037,589.8731043329972,589.8731043329972,590.3694218750024,left,1.0506370829971274,None,590.369520332999,590.3695621660008,None,,,,,,,,,,,,21049997,0,2025-10-20_13h11.20.095,tilt_mocs,2024.2.4,118.29343922245755,2025-10-20 13h11.29.216890 -0400,
-2.75,-15.0,,447,447,0,,,,,,,,,,p3,negs,100,right,1.5106481659968267,None,None,,,,,,,,,,,0,447,447,551,590.379678958001,,,,,,,,,,,,,,,,,,,,,,,,,,,,,,,,,,,,,,,,,,,,,,,,,,,,,,,,,,590.3714702500001,590.379678958001,590.8673527080027,590.8673527080027,590.9391257079988,590.9391257079988,591.8928964160004,right,1.5106481659968267,None,591.8930217500019,591.8930770000006,None,,,,,,,,,,,,21049997,0,2025-10-20_13h11.20.095,tilt_mocs,2024.2.4,118.29343922245755,2025-10-20 13h11.29.216890 -0400,
3.666666666666667,15.0,,448,448,0,,,,,,,,,,p1,poss,100,right,1.0565265420009382,None,None,,,,,,,,,,,0,448,448,182,591.9032935409996,,,,,,,,,,,,,,,,,,,,,,,,,,,,,,,,,,,,,,,,,,,,,,,,,,,,,,,,,,591.8949973330018,591.9032935409996,592.3938962910033,592.3938962910033,592.4678368750028,592.4678368750028,592.970046082999,right,1.0565265420009382,None,592.970198832998,592.9702494579979,None,,,,,,,,,,,,21049997,0,2025-10-20_13h11.20.095,tilt_mocs,2024.2.4,118.29343922245755,2025-10-20 13h11.29.216890 -0400,
-4.25,-15.0,,449,449,0,,,,,,,,,,p1,negs,100,right,1.2636229159979848,None,None,,,,,,,,,,,0,449,449,446,592.9812073330031,,,,,,,,,,,,,,,,,,,,,,,,,,,,,,,,,,,,,,,,,,,,,,,,,,,,,,,,,,592.9730367079974,592.9812073330031,593.4676678329997,593.4676678329997,593.539258165998,593.539258165998,594.2534774160013,right,1.2636229159979848,None,594.2536140000011,594.2536729580024,None,,,,,,,,,,,,21049997,0,2025-10-20_13h11.20.095,tilt_mocs,2024.2.4,118.29343922245755,2025-10-20 13h11.29.216890 -0400,
2.0,0.0,,450,450,0,,,,,,,,,,p3,noss,0,right,1.14820362500177,None,None,,,,,,,,,,,0,450,450,692,594.264208790999,,,,,,,,,,,,,,,,,,,,,,,,,,,,,,,,,,,,,,,,,,,,,,,,,,,,,,,,,,594.2559461249984,594.264208790999,594.7506982909981,594.7506982909981,594.8228006659992,594.8228006659992,595.4207885830037,right,1.14820362500177,None,595.4209231249988,595.4209808329979,None,,,,,,,,,,,,21049997,0,2025-10-20_13h11.20.095,tilt_mocs,2024.2.4,118.29343922245755,2025-10-20 13h11.29.216890 -0400,
-5.25,-15.0,,451,451,0,,,,,,,,,,m1,negs,100,right,1.1825035000001662,None,None,,,,,,,,,,,0,451,451,390,595.4312792080018,,,,,,,,,,,,,,,,,,,,,,,,,,,,,,,,,,,,,,,,,,,,,,,,,,,,,,,,,,595.4232141660032,595.4312792080018,595.9175082080037,595.9175082080037,595.9907919999969,595.9907919999969,596.6201292499973,right,1.1825035000001662,None,596.6202384159988,596.6202827079978,None,,,,,,,,,,,,21049997,0,2025-10-20_13h11.20.095,tilt_mocs,2024.2.4,118.29343922245755,2025-10-20 13h11.29.216890 -0400,
-4.75,-15.0,,452,452,0,,,,,,,,,,PSE,negs,100,right,1.7645233750008629,None,None,,,,,,,,,,,0,452,452,439,596.6303869160038,,,,,,,,,,,,,,,,,,,,,,,,,,,,,,,,,,,,,,,,,,,,,,,,,,,,,,,,,,596.6221776250022,596.6303869160038,597.1174982500015,597.1174982500015,597.1899360829993,597.1899360829993,598.4035706249997,right,1.7645233750008629,None,598.4037024159989,598.4037587909988,None,,,,,,,,,,,,21049997,0,2025-10-20_13h11.20.095,tilt_mocs,2024.2.4,118.29343922245755,2025-10-20 13h11.29.216890 -0400,
-4.25,-15.0,,453,453,0,,,,,,,,,,p1,negs,100,left,1.4820824169946718,None,None,,,,,,,,,,,0,453,453,473,598.4140783330004,,,,,,,,,,,,,,,,,,,,,,,,,,,,,,,,,,,,,,,,,,,,,,,,,,,,,,,,,,598.4060130830039,598.4140783330004,598.9008868329984,598.9008868329984,598.9732293749985,598.9732293749985,599.903734958003,left,1.4820824169946718,None,599.9038588330004,599.9039137500004,None,,,,,,,,,,,,21049997,0,2025-10-20_13h11.20.095,tilt_mocs,2024.2.4,118.29343922245755,2025-10-20 13h11.29.216890 -0400,
-4.75,-15.0,,454,454,0,,,,,,,,,,PSE,negs,100,left,1.0545109160011634,None,None,,,,,,,,,,,0,454,454,418,599.9140147910002,,,,,,,,,,,,,,,,,,,,,,,,,,,,,,,,,,,,,,,,,,,,,,,,,,,,,,,,,,599.9061511250038,599.9140147910002,600.4010306249984,600.4010306249984,600.4734041249976,600.4734041249976,600.9716783749973,left,1.0545109160011634,None,600.9718218330017,600.9718802080024,None,,,,,,,,,,,,21049997,0,2025-10-20_13h11.20.095,tilt_mocs,2024.2.4,118.29343922245755,2025-10-20 13h11.29.216890 -0400,
-1.0,0.0,,455,455,0,,,,,,,,,,m2,noss,0,left,1.2480604160009534,None,None,,,,,,,,,,,0,455,455,592,600.9821582910008,,,,,,,,,,,,,,,,,,,,,,,,,,,,,,,,,,,,,,,,,,,,,,,,,,,,,,,,,,600.9740409160004,600.9821582910008,601.466919749997,601.466919749997,601.5407481250004,601.5407481250004,602.2368730829985,left,1.2480604160009534,None,602.236992625003,602.237046125003,None,,,,,,,,,,,,21049997,0,2025-10-20_13h11.20.095,tilt_mocs,2024.2.4,118.29343922245755,2025-10-20 13h11.29.216890 -0400,
-0.5,0.0,,456,456,0,,,,,,,,,,m1,noss,0,left,1.0943205000003218,None,None,,,,,,,,,,,0,456,456,611,602.2473705000011,,,,,,,,,,,,,,,,,,,,,,,,,,,,,,,,,,,,,,,,,,,,,,,,,,,,,,,,,,602.2394756249996,602.2473705000011,602.7343753329988,602.7343753329988,602.8063741660008,602.8063741660008,603.3442065830022,left,1.0943205000003218,None,603.3443259159976,603.3443795830026,None,,,,,,,,,,,,21049997,0,2025-10-20_13h11.20.095,tilt_mocs,2024.2.4,118.29343922245755,2025-10-20 13h11.29.216890 -0400,
-4.25,-15.0,,457,457,0,,,,,,,,,,p1,negs,100,left,1.1513636250019772,None,None,,,,,,,,,,,0,457,457,476,603.3543284159969,,,,,,,,,,,,,,,,,,,,,,,,,,,,,,,,,,,,,,,,,,,,,,,,,,,,,,,,,,603.3465645830001,603.3543284159969,603.8430466659993,603.8430466659993,603.9185222910019,603.9185222910019,604.5091975000032,left,1.1513636250019772,None,604.5092379580019,604.5092532080016,None,,,,,,,,,,,,21049997,0,2025-10-20_13h11.20.095,tilt_mocs,2024.2.4,118.29343922245755,2025-10-20 13h11.29.216890 -0400,
-4.25,-15.0,,458,458,0,,,,,,,,,,p1,negs,100,left,1.0842962919996353,None,None,,,,,,,,,,,0,458,458,449,604.5174950410001,,,,,,,,,,,,,,,,,,,,,,,,,,,,,,,,,,,,,,,,,,,,,,,,,,,,,,,,,,604.5099502079975,604.5174950410001,605.0107478330028,605.0107478330028,605.0849658329971,605.0849658329971,605.6043655829999,left,1.0842962919996353,None,605.6046158329991,605.6047034160001,None,,,,,,,,,,,,21049997,0,2025-10-20_13h11.20.095,tilt_mocs,2024.2.4,118.29343922245755,2025-10-20 13h11.29.216890 -0400,
2.666666666666667,15.0,,459,459,0,,,,,,,,,,m1,poss,100,left,0.9528358339957776,None,None,,,,,,,,,,,0,459,459,113,605.6152382910004,,,,,,,,,,,,,,,,,,,,,,,,,,,,,,,,,,,,,,,,,,,,,,,,,,,,,,,,,,605.6071355410022,605.6152382910004,606.1010965410023,606.1010965410023,606.174006125002,606.174006125002,606.5706811659984,left,0.9528358339957776,None,606.5708087500025,606.5708647499996,None,,,,,,,,,,,,21049997,0,2025-10-20_13h11.20.095,tilt_mocs,2024.2.4,118.29343922245755,2025-10-20 13h11.29.216890 -0400,
-5.75,-15.0,,460,460,0,,,,,,,,,,m2,negs,100,left,0.9574392499998794,None,None,,,,,,,,,,,0,460,460,336,606.5808053750006,,,,,,,,,,,,,,,,,,,,,,,,,,,,,,,,,,,,,,,,,,,,,,,,,,,,,,,,,,606.572878166,606.5808053750006,607.0680742499972,607.0680742499972,607.1409257909982,607.1409257909982,607.5422129580038,left,0.9574392499998794,None,607.5423410410003,607.5423967079987,None,,,,,,,,,,,,21049997,0,2025-10-20_13h11.20.095,tilt_mocs,2024.2.4,118.29343922245755,2025-10-20 13h11.29.216890 -0400,
3.166666666666667,15.0,,461,461,0,,,,,,,,,,PSE,poss,100,left,1.4963119589956477,None,None,,,,,,,,,,,0,461,461,144,607.5681313329987,,,,,,,,,,,,,,,,,,,,,,,,,,,,,,,,,,,,,,,,,,,,,,,,,,,,,,,,,,607.5443153329979,607.5681313329987,608.0440414999975,608.0440414999975,608.1185066250036,608.1185066250036,609.0703293749975,left,1.4963119589956477,None,609.0704280409991,609.070471291001,None,,,,,,,,,,,,21049997,0,2025-10-20_13h11.20.095,tilt_mocs,2024.2.4,118.29343922245755,2025-10-20 13h11.29.216890 -0400,
-6.75,-15.0,,462,462,0,,,,,,,,,,m3,negs,100,left,1.1516390839969972,None,None,,,,,,,,,,,0,462,462,293,609.0803346250032,,,,,,,,,,,,,,,,,,,,,,,,,,,,,,,,,,,,,,,,,,,,,,,,,,,,,,,,,,609.0723712079998,609.0803346250032,609.5679414580009,609.5679414580009,609.6403531250035,609.6403531250035,610.2372726660033,left,1.1516390839969972,None,610.237397416,610.2374529579974,None,,,,,,,,,,,,21049997,0,2025-10-20_13h11.20.095,tilt_mocs,2024.2.4,118.29343922245755,2025-10-20 13h11.29.216890 -0400,
-2.0,0.0,,463,463,0,,,,,,,,,,m3,noss,0,left,1.278004833999148,None,None,,,,,,,,,,,0,463,463,560,610.247891250001,,,,,,,,,,,,,,,,,,,,,,,,,,,,,,,,,,,,,,,,,,,,,,,,,,,,,,,,,,610.2398194580019,610.247891250001,610.7345822080024,610.7345822080024,610.8071245000028,610.8071245000028,611.5372018749986,left,1.278004833999148,None,611.5373256250023,611.5373797909997,None,,,,,,,,,,,,21049997,0,2025-10-20_13h11.20.095,tilt_mocs,2024.2.4,118.29343922245755,2025-10-20 13h11.29.216890 -0400,
-3.75,-15.0,,464,464,0,,,,,,,,,,p2,negs,100,left,1.454627500002971,None,None,,,,,,,,,,,0,464,464,497,611.547494749997,,,,,,,,,,,,,,,,,,,,,,,,,,,,,,,,,,,,,,,,,,,,,,,,,,,,,,,,,,611.5395481660016,611.547494749997,612.0347315000035,612.0347315000035,612.1070633330019,612.1070633330019,613.0045963329976,left,1.454627500002971,None,613.0047298330028,613.0047937080017,None,,,,,,,,,,,,21049997,0,2025-10-20_13h11.20.095,tilt_mocs,2024.2.4,118.29343922245755,2025-10-20 13h11.29.216890 -0400,
4.166666666666667,15.0,,465,465,0,,,,,,,,,,p2,poss,100,right,1.2725993749991176,None,None,,,,,,,,,,,0,465,465,222,613.0148517499983,,,,,,,,,,,,,,,,,,,,,,,,,,,,,,,,,,,,,,,,,,,,,,,,,,,,,,,,,,613.0068777499982,613.0148517499983,613.5014793329974,613.5014793329974,613.5746007499984,613.5746007499984,614.2936699580023,right,1.2725993749991176,None,614.2938219999996,614.2938765409999,None,,,,,,,,,,,,21049997,0,2025-10-20_13h11.20.095,tilt_mocs,2024.2.4,118.29343922245755,2025-10-20 13h11.29.216890 -0400,
3.166666666666667,15.0,,466,466,0,,,,,,,,,,PSE,poss,100,left,1.109552125002665,None,None,,,,,,,,,,,0,466,466,136,614.3044904159979,,,,,,,,,,,,,,,,,,,,,,,,,,,,,,,,,,,,,,,,,,,,,,,,,,,,,,,,,,614.2968920830026,614.3044904159979,614.7938224579993,614.7938224579993,614.8686622500027,614.8686622500027,615.4209798750016,left,1.109552125002665,None,615.421103916,615.4211590409977,None,,,,,,,,,,,,21049997,0,2025-10-20_13h11.20.095,tilt_mocs,2024.2.4,118.29343922245755,2025-10-20 13h11.29.216890 -0400,
3.666666666666667,15.0,,467,467,0,,,,,,,,,,p1,poss,100,right,1.1132202500011772,None,None,,,,,,,,,,,0,467,467,168,615.4311906250005,,,,,,,,,,,,,,,,,,,,,,,,,,,,,,,,,,,,,,,,,,,,,,,,,,,,,,,,,,615.4231297079968,615.4311906250005,615.9176591659998,615.9176591659998,615.990918083,615.990918083,616.5543007910019,right,1.1132202500011772,None,616.5544312080019,616.5545046659972,None,,,,,,,,,,,,21049997,0,2025-10-20_13h11.20.095,tilt_mocs,2024.2.4,118.29343922245755,2025-10-20 13h11.29.216890 -0400,
-5.75,-15.0,,468,468,0,,,,,,,,,,m2,negs,100,left,1.3578631660057,None,None,,,,,,,,,,,0,468,468,321,616.5643945409975,,,,,,,,,,,,,,,,,,,,,,,,,,,,,,,,,,,,,,,,,,,,,,,,,,,,,,,,,,616.5566117909984,616.5643945409975,617.0515776660031,617.0515776660031,617.1240919159973,617.1240919159973,617.9274085409997,left,1.3578631660057,None,617.9275354580022,617.9275957909995,None,,,,,,,,,,,,21049997,0,2025-10-20_13h11.20.095,tilt_mocs,2024.2.4,118.29343922245755,2025-10-20 13h11.29.216890 -0400,
-5.75,-15.0,,469,469,0,,,,,,,,,,m2,negs,100,left,1.0813320419983938,None,None,,,,,,,,,,,0,469,469,338,617.9379199579998,,,,,,,,,,,,,,,,,,,,,,,,,,,,,,,,,,,,,,,,,,,,,,,,,,,,,,,,,,617.9296595830019,617.9379199579998,618.4270846250001,618.4270846250001,618.5020835410032,618.5020835410032,619.022209499999,left,1.0813320419983938,None,619.0223585409985,619.0224357080006,None,,,,,,,,,,,,21049997,0,2025-10-20_13h11.20.095,tilt_mocs,2024.2.4,118.29343922245755,2025-10-20 13h11.29.216890 -0400,
-1.0,0.0,,470,470,0,,,,,,,,,,m2,noss,0,left,1.3105165830056649,None,None,,,,,,,,,,,0,470,470,596,619.0331076250004,,,,,,,,,,,,,,,,,,,,,,,,,,,,,,,,,,,,,,,,,,,,,,,,,,,,,,,,,,619.0247836249982,619.0331076250004,619.5182358329985,619.5182358329985,619.5904493330017,619.5904493330017,620.355173916003,left,1.3105165830056649,None,620.3553208329977,620.3553819579975,None,,,,,,,,,,,,21049997,0,2025-10-20_13h11.20.095,tilt_mocs,2024.2.4,118.29343922245755,2025-10-20 13h11.29.216890 -0400,
-2.0,0.0,,471,471,0,,,,,,,,,,m3,noss,0,left,0.9629139159951592,None,None,,,,,,,,,,,0,471,471,573,620.3662675000014,,,,,,,,,,,,,,,,,,,,,,,,,,,,,,,,,,,,,,,,,,,,,,,,,,,,,,,,,,620.3578045000031,620.3662675000014,620.8515844580033,620.8515844580033,620.9240115830034,620.9240115830034,621.3381477910007,left,0.9629139159951592,None,621.3383047500029,621.3383615830026,None,,,,,,,,,,,,21049997,0,2025-10-20_13h11.20.095,tilt_mocs,2024.2.4,118.29343922245755,2025-10-20 13h11.29.216890 -0400,
1.166666666666667,15.0,,472,472,0,,,,,,,,,,m3,poss,100,left,1.3953289589990163,None,None,,,,,,,,,,,0,472,472,36,621.3492269159979,,,,,,,,,,,,,,,,,,,,,,,,,,,,,,,,,,,,,,,,,,,,,,,,,,,,,,,,,,621.3410516660006,621.3492269159979,621.835154583001,621.835154583001,621.9070322499974,621.9070322499974,622.7549243329995,left,1.3953289589990163,None,622.7550997080034,622.7551664580023,None,,,,,,,,,,,,21049997,0,2025-10-20_13h11.20.095,tilt_mocs,2024.2.4,118.29343922245755,2025-10-20 13h11.29.216890 -0400,
2.666666666666667,15.0,,473,473,0,,,,,,,,,,m1,poss,100,right,1.9018737920050626,None,None,,,,,,,,,,,0,473,473,119,622.7665032079967,,,,,,,,,,,,,,,,,,,,,,,,,,,,,,,,,,,,,,,,,,,,,,,,,,,,,,,,,,622.758116791003,622.7665032079967,623.251957708002,623.251957708002,623.3238995409993,623.3238995409993,624.6711582499993,right,1.9018737920050626,None,624.6712847910021,624.6713401250017,None,,,,,,,,,,,,21049997,0,2025-10-20_13h11.20.095,tilt_mocs,2024.2.4,118.29343922245755,2025-10-20 13h11.29.216890 -0400,
-2.75,-15.0,,474,474,0,,,,,,,,,,p3,negs,100,right,1.066076791001251,None,None,,,,,,,,,,,0,474,474,521,624.6813837500013,,,,,,,,,,,,,,,,,,,,,,,,,,,,,,,,,,,,,,,,,,,,,,,,,,,,,,,,,,624.6734930410021,624.6813837500013,625.1684605409973,625.1684605409973,625.2414949160011,625.2414949160011,625.7549609999987,right,1.066076791001251,None,625.7551073750001,625.7551684999999,None,,,,,,,,,,,,21049997,0,2025-10-20_13h11.20.095,tilt_mocs,2024.2.4,118.29343922245755,2025-10-20 13h11.29.216890 -0400,
4.166666666666667,15.0,,475,475,0,,,,,,,,,,p2,poss,100,right,0.9621010830014711,None,None,,,,,,,,,,,0,475,475,236,625.7653439159985,,,,,,,,,,,,,,,,,,,,,,,,,,,,,,,,,,,,,,,,,,,,,,,,,,,,,,,,,,625.7573278749987,625.7653439159985,626.2517599580024,626.2517599580024,626.3240577910037,626.3240577910037,626.7375542500013,right,0.9621010830014711,None,626.7376673749968,626.7377123749975,None,,,,,,,,,,,,21049997,0,2025-10-20_13h11.20.095,tilt_mocs,2024.2.4,118.29343922245755,2025-10-20 13h11.29.216890 -0400,
-6.75,-15.0,,476,476,0,,,,,,,,,,m3,negs,100,left,1.1493175840005279,None,None,,,,,,,,,,,0,476,476,304,626.7476827909995,,,,,,,,,,,,,,,,,,,,,,,,,,,,,,,,,,,,,,,,,,,,,,,,,,,,,,,,,,626.7396698750017,626.7476827909995,627.2354349160014,627.2354349160014,627.3074504160031,627.3074504160031,627.9048852499982,left,1.1493175840005279,None,627.9050363749993,627.9050966249997,None,,,,,,,,,,,,21049997,0,2025-10-20_13h11.20.095,tilt_mocs,2024.2.4,118.29343922245755,2025-10-20 13h11.29.216890 -0400,
-4.75,-15.0,,477,477,0,,,,,,,,,,PSE,negs,100,right,1.2623531249992084,None,None,,,,,,,,,,,0,477,477,412,627.916052833003,,,,,,,,,,,,,,,,,,,,,,,,,,,,,,,,,,,,,,,,,,,,,,,,,,,,,,,,,,627.9078996660028,627.916052833003,628.4020044999997,628.4020044999997,628.4750968750013,628.4750968750013,629.187995207998,right,1.2623531249992084,None,629.1881219580027,629.1881795000008,None,,,,,,,,,,,,21049997,0,2025-10-20_13h11.20.095,tilt_mocs,2024.2.4,118.29343922245755,2025-10-20 13h11.29.216890 -0400,
2.166666666666667,15.0,,478,478,0,,,,,,,,,,m2,poss,100,right,1.1045403749958496,None,None,,,,,,,,,,,0,478,478,73,629.198406208001,,,,,,,,,,,,,,,,,,,,,,,,,,,,,,,,,,,,,,,,,,,,,,,,,,,,,,,,,,629.1904139160033,629.198406208001,629.6853940000001,629.6853940000001,629.7575549579997,629.7575549579997,630.3061649160009,right,1.1045403749958496,None,630.3063152910036,630.3063748749992,None,,,,,,,,,,,,21049997,0,2025-10-20_13h11.20.095,tilt_mocs,2024.2.4,118.29343922245755,2025-10-20 13h11.29.216890 -0400,
2.666666666666667,15.0,,479,479,0,,,,,,,,,,m1,poss,100,right,1.0026906249986496,None,None,,,,,,,,,,,0,479,479,117,630.3169053750025,,,,,,,,,,,,,,,,,,,,,,,,,,,,,,,,,,,,,,,,,,,,,,,,,,,,,,,,,,630.3088173330034,630.3169053750025,630.8020901249984,630.8020901249984,630.8745871659994,630.8745871659994,631.3225520830019,right,1.0026906249986496,None,631.3227140000017,631.3227809160016,None,,,,,,,,,,,,21049997,0,2025-10-20_13h11.20.095,tilt_mocs,2024.2.4,118.29343922245755,2025-10-20 13h11.29.216890 -0400,
-5.25,-15.0,,480,480,0,,,,,,,,,,m1,negs,100,left,1.1691381669952534,None,None,,,,,,,,,,,0,480,480,389,631.3332104579968,,,,,,,,,,,,,,,,,,,,,,,,,,,,,,,,,,,,,,,,,,,,,,,,,,,,,,,,,,631.3249309160019,631.3332104579968,631.8186735830022,631.8186735830022,631.8906186250024,631.8906186250024,632.505128249999,left,1.1691381669952534,None,632.5052765,632.5053366249995,None,,,,,,,,,,,,21049997,0,2025-10-20_13h11.20.095,tilt_mocs,2024.2.4,118.29343922245755,2025-10-20 13h11.29.216890 -0400,
-4.75,-15.0,,481,481,0,,,,,,,,,,PSE,negs,100,left,1.0370386249996955,None,None,,,,,,,,,,,0,481,481,437,632.5156627079996,,,,,,,,,,,,,,,,,,,,,,,,,,,,,,,,,,,,,,,,,,,,,,,,,,,,,,,,,,632.507477500003,632.5156627079996,633.0020696659994,633.0020696659994,633.0742506250026,633.0742506250026,633.5552564160025,left,1.0370386249996955,None,633.5554541660022,633.5555435409988,None,,,,,,,,,,,,21049997,0,2025-10-20_13h11.20.095,tilt_mocs,2024.2.4,118.29343922245755,2025-10-20 13h11.29.216890 -0400,
-3.75,-15.0,,482,482,0,,,,,,,,,,p2,negs,100,left,1.1025797909969697,None,None,,,,,,,,,,,0,482,482,493,633.566426874997,,,,,,,,,,,,,,,,,,,,,,,,,,,,,,,,,,,,,,,,,,,,,,,,,,,,,,,,,,633.5578794160028,633.566426874997,634.0522022500008,634.0522022500008,634.1244274159981,634.1244274159981,634.6717920829979,left,1.1025797909969697,None,634.6719482080007,634.6719997499968,None,,,,,,,,,,,,21049997,0,2025-10-20_13h11.20.095,tilt_mocs,2024.2.4,118.29343922245755,2025-10-20 13h11.29.216890 -0400,
2.666666666666667,15.0,,483,483,0,,,,,,,,,,m1,poss,100,left,1.0472869590012124,None,None,,,,,,,,,,,0,483,483,81,634.682632707998,,,,,,,,,,,,,,,,,,,,,,,,,,,,,,,,,,,,,,,,,,,,,,,,,,,,,,,,,,634.674514833001,634.682632707998,635.1688769160028,635.1688769160028,635.2412459999978,635.2412459999978,635.7380553749972,left,1.0472869590012124,None,635.7381537909969,635.7381969580019,None,,,,,,,,,,,,21049997,0,2025-10-20_13h11.20.095,tilt_mocs,2024.2.4,118.29343922245755,2025-10-20 13h11.29.216890 -0400,
0.0,0.0,,484,484,0,,,,,,,,,,PSE,noss,0,left,1.6891953340018517,None,None,,,,,,,,,,,0,484,484,633,635.7484085000033,,,,,,,,,,,,,,,,,,,,,,,,,,,,,,,,,,,,,,,,,,,,,,,,,,,,,,,,,,635.7400866250027,635.7484085000033,636.2347446249987,636.2347446249987,636.3091115409989,636.3091115409989,637.4430649159985,left,1.6891953340018517,None,637.443160916002,637.4432049579991,None,,,,,,,,,,,,21049997,0,2025-10-20_13h11.20.095,tilt_mocs,2024.2.4,118.29343922245755,2025-10-20 13h11.29.216890 -0400,
-5.25,-15.0,,485,485,0,,,,,,,,,,m1,negs,100,left,1.2339677499985555,None,None,,,,,,,,,,,0,485,485,383,637.4691158749993,,,,,,,,,,,,,,,,,,,,,,,,,,,,,,,,,,,,,,,,,,,,,,,,,,,,,,,,,,637.4451126249987,637.4691158749993,637.9451174580026,637.9451174580026,638.0194995830025,638.0194995830025,638.7055479580013,left,1.2339677499985555,None,638.7056739999971,638.705729207999,None,,,,,,,,,,,,21049997,0,2025-10-20_13h11.20.095,tilt_mocs,2024.2.4,118.29343922245755,2025-10-20 13h11.29.216890 -0400,
-3.75,-15.0,,486,486,0,,,,,,,,,,p2,negs,100,left,1.0702572500013048,None,None,,,,,,,,,,,0,486,486,486,638.7162299580013,,,,,,,,,,,,,,,,,,,,,,,,,,,,,,,,,,,,,,,,,,,,,,,,,,,,,,,,,,638.7081959580028,638.7162299580013,639.2023910409989,639.2023910409989,639.2743503750025,639.2743503750025,639.7891355000029,left,1.0702572500013048,None,639.7893058749978,639.7893594580019,None,,,,,,,,,,,,21049997,0,2025-10-20_13h11.20.095,tilt_mocs,2024.2.4,118.29343922245755,2025-10-20 13h11.29.216890 -0400,
-2.75,-15.0,,487,487,0,,,,,,,,,,p3,negs,100,left,1.1437240420054877,None,None,,,,,,,,,,,0,487,487,546,639.8002527080025,,,,,,,,,,,,,,,,,,,,,,,,,,,,,,,,,,,,,,,,,,,,,,,,,,,,,,,,,,639.7920851660019,639.8002527080025,640.2856707079991,640.2856707079991,640.3580653329991,640.3580653329991,640.9551414579983,left,1.1437240420054877,None,640.9553773750013,640.9554878330018,None,,,,,,,,,,,,21049997,0,2025-10-20_13h11.20.095,tilt_mocs,2024.2.4,118.29343922245755,2025-10-20 13h11.29.216890 -0400,
4.166666666666667,15.0,,488,488,0,,,,,,,,,,p2,poss,100,left,0.9767859579951619,None,None,,,,,,,,,,,0,488,488,239,640.9664088330028,,,,,,,,,,,,,,,,,,,,,,,,,,,,,,,,,,,,,,,,,,,,,,,,,,,,,,,,,,640.9579452079997,640.9664088330028,641.4524688329984,641.4524688329984,641.5246123329998,641.5246123329998,641.9551912910028,left,0.9767859579951619,None,641.9553172079977,641.955394083001,None,,,,,,,,,,,,21049997,0,2025-10-20_13h11.20.095,tilt_mocs,2024.2.4,118.29343922245755,2025-10-20 13h11.29.216890 -0400,
-5.75,-15.0,,489,489,0,,,,,,,,,,m2,negs,100,left,1.265206208001473,None,None,,,,,,,,,,,0,489,489,351,641.965389666002,,,,,,,,,,,,,,,,,,,,,,,,,,,,,,,,,,,,,,,,,,,,,,,,,,,,,,,,,,641.9574004160022,641.965389666002,642.452356875001,642.452356875001,642.5246307909983,642.5246307909983,643.2383185829967,left,1.265206208001473,None,643.2384515410013,643.2385074580015,None,,,,,,,,,,,,21049997,0,2025-10-20_13h11.20.095,tilt_mocs,2024.2.4,118.29343922245755,2025-10-20 13h11.29.216890 -0400,
-4.25,-15.0,,490,490,0,,,,,,,,,,p1,negs,100,right,0.9880678339977749,None,None,,,,,,,,,,,0,490,490,444,643.2487135830015,,,,,,,,,,,,,,,,,,,,,,,,,,,,,,,,,,,,,,,,,,,,,,,,,,,,,,,,,,643.2404644999988,643.2487135830015,643.7359459159998,643.7359459159998,643.8087969159969,643.8087969159969,644.2400369579991,right,0.9880678339977749,None,644.240183832997,644.2402439159996,None,,,,,,,,,,,,21049997,0,2025-10-20_13h11.20.095,tilt_mocs,2024.2.4,118.29343922245755,2025-10-20 13h11.29.216890 -0400,
4.166666666666667,15.0,,491,491,0,,,,,,,,,,p2,poss,100,right,1.1000784169955296,None,None,,,,,,,,,,,0,491,491,226,644.2507953750028,,,,,,,,,,,,,,,,,,,,,,,,,,,,,,,,,,,,,,,,,,,,,,,,,,,,,,,,,,644.2427382500027,644.2507953750028,644.7357682080037,644.7357682080037,644.808037499999,644.808037499999,645.3553496250024,right,1.1000784169955296,None,645.3554696249994,645.3555197079986,None,,,,,,,,,,,,21049997,0,2025-10-20_13h11.20.095,tilt_mocs,2024.2.4,118.29343922245755,2025-10-20 13h11.29.216890 -0400,
-5.25,-15.0,,492,492,0,,,,,,,,,,m1,negs,100,left,1.0384243330045138,None,None,,,,,,,,,,,0,492,492,369,645.365342582998,,,,,,,,,,,,,,,,,,,,,,,,,,,,,,,,,,,,,,,,,,,,,,,,,,,,,,,,,,645.3573647079975,645.365342582998,645.8528516660008,645.8528516660008,645.9249334580018,645.9249334580018,646.4065164999993,left,1.0384243330045138,None,646.4067429580027,646.4068678330004,None,,,,,,,,,,,,21049997,0,2025-10-20_13h11.20.095,tilt_mocs,2024.2.4,118.29343922245755,2025-10-20 13h11.29.216890 -0400,
1.166666666666667,15.0,,493,493,0,,,,,,,,,,m3,poss,100,left,1.0730494159943191,None,None,,,,,,,,,,,0,493,493,3,646.4175007500016,,,,,,,,,,,,,,,,,,,,,,,,,,,,,,,,,,,,,,,,,,,,,,,,,,,,,,,,,,646.4093312499972,646.4175007500016,646.902678749997,646.902678749997,646.9747270410007,646.9747270410007,647.4944564999969,left,1.0730494159943191,None,647.4945556660023,647.494598833,None,,,,,,,,,,,,21049997,0,2025-10-20_13h11.20.095,tilt_mocs,2024.2.4,118.29343922245755,2025-10-20 13h11.29.216890 -0400,
0.0,0.0,,494,494,0,,,,,,,,,,PSE,noss,0,right,1.7771846249961527,None,None,,,,,,,,,,,0,494,494,625,647.5050133330005,,,,,,,,,,,,,,,,,,,,,,,,,,,,,,,,,,,,,,,,,,,,,,,,,,,,,,,,,,647.4964557909989,647.5050133330005,647.9961212499984,647.9961212499984,648.0698389579993,648.0698389579993,649.288439625001,right,1.7771846249961527,None,649.2885366659975,649.2885793750029,None,,,,,,,,,,,,21049997,0,2025-10-20_13h11.20.095,tilt_mocs,2024.2.4,118.29343922245755,2025-10-20 13h11.29.216890 -0400,
5.166666666666667,15.0,,495,495,0,,,,,,,,,,p3,poss,100,left,1.1329613750058343,None,None,,,,,,,,,,,0,495,495,276,649.2984480000014,,,,,,,,,,,,,,,,,,,,,,,,,,,,,,,,,,,,,,,,,,,,,,,,,,,,,,,,,,649.2904711660012,649.2984480000014,649.7861282079975,649.7861282079975,649.8580570830018,649.8580570830018,650.4389864580007,left,1.1329613750058343,None,650.4391235000003,650.4391826659994,None,,,,,,,,,,,,21049997,0,2025-10-20_13h11.20.095,tilt_mocs,2024.2.4,118.29343922245755,2025-10-20 13h11.29.216890 -0400,
1.166666666666667,15.0,,496,496,0,,,,,,,,,,m3,poss,100,left,1.0571792920018197,None,None,,,,,,,,,,,0,496,496,19,650.4495169579968,,,,,,,,,,,,,,,,,,,,,,,,,,,,,,,,,,,,,,,,,,,,,,,,,,,,,,,,,,650.4414282080033,650.4495169579968,650.9360936250014,650.9360936250014,651.0080724159998,651.0080724159998,651.5108910409981,left,1.0571792920018197,None,651.5109887080034,651.5110312910037,None,,,,,,,,,,,,21049997,0,2025-10-20_13h11.20.095,tilt_mocs,2024.2.4,118.29343922245755,2025-10-20 13h11.29.216890 -0400,
-4.75,-15.0,,497,497,0,,,,,,,,,,PSE,negs,100,left,1.0268471250019502,None,None,,,,,,,,,,,0,497,497,423,651.5211447499969,,,,,,,,,,,,,,,,,,,,,,,,,,,,,,,,,,,,,,,,,,,,,,,,,,,,,,,,,,651.5129117500037,651.5211447499969,652.0120211660033,652.0120211660033,652.0864867080018,652.0864867080018,652.5556886659979,left,1.0268471250019502,None,652.555835332998,652.5558926660015,None,,,,,,,,,,,,21049997,0,2025-10-20_13h11.20.095,tilt_mocs,2024.2.4,118.29343922245755,2025-10-20 13h11.29.216890 -0400,
-4.75,-15.0,,498,498,0,,,,,,,,,,PSE,negs,100,left,1.3624465000029886,None,None,,,,,,,,,,,0,498,498,433,652.5660831249988,,,,,,,,,,,,,,,,,,,,,,,,,,,,,,,,,,,,,,,,,,,,,,,,,,,,,,,,,,652.5581305410014,652.5660831249988,653.0529971659998,653.0529971659998,653.1247065409989,653.1247065409989,653.9384064580008,left,1.3624465000029886,None,653.938509749998,653.9385546659978,None,,,,,,,,,,,,21049997,0,2025-10-20_13h11.20.095,tilt_mocs,2024.2.4,118.29343922245755,2025-10-20 13h11.29.216890 -0400,
0.0,0.0,,499,499,0,,,,,,,,,,PSE,noss,0,right,1.1959959999949206,None,None,,,,,,,,,,,0,499,499,635,653.9488447080003,,,,,,,,,,,,,,,,,,,,,,,,,,,,,,,,,,,,,,,,,,,,,,,,,,,,,,,,,,653.940449916001,653.9488447080003,654.4361867499974,654.4361867499974,654.5082020409973,654.5082020409973,655.1564422079973,right,1.1959959999949206,None,655.1565905000025,655.1566527500036,None,,,,,,,,,,,,21049997,0,2025-10-20_13h11.20.095,tilt_mocs,2024.2.4,118.29343922245755,2025-10-20 13h11.29.216890 -0400,
-4.25,-15.0,,500,500,0,,,,,,,,,,p1,negs,100,right,1.9099603329959791,None,space,1.8722513749962673,None,,,,,,,,,0,500,500,452,655.1665114580028,,,,,,,,,,,,,,,,,,,,,,,,,,,,,,,,,,,,,,,,,,,,,,,,,,,,,,,,,,655.1587734999994,655.1665114580028,655.6529009579972,655.6529009579972,655.7252677910001,655.7252677910001,657.0873680410004,right,1.9099603329959791,None,657.0874726249967,658.971929708001,space,657.0926114160029,657.0926114160029,1.8722513749962673,None,,,,,,,,21049997,0,2025-10-20_13h11.20.095,tilt_mocs,2024.2.4,118.29343922245755,2025-10-20 13h11.29.216890 -0400,
-2.75,-15.0,,501,501,0,,,,,,,,,,p3,negs,100,right,1.8042290000012144,None,None,,,,,,,,,,,0,501,501,549,658.9827960410039,,,,,,,,,,,,,,,,,,,,,,,,,,,,,,,,,,,,,,,,,,,,,,,,,,,,,,,,,,658.9738974580032,658.9827960410039,659.4696127499992,659.4696127499992,659.5419985409972,659.5419985409972,660.7900869579971,right,1.8042290000012144,None,660.790235708002,660.7902952500008,None,,,,,,,,,,,,21049997,0,2025-10-20_13h11.20.095,tilt_mocs,2024.2.4,118.29343922245755,2025-10-20 13h11.29.216890 -0400,
5.166666666666667,15.0,,502,502,0,,,,,,,,,,p3,poss,100,right,1.0002943750005215,None,None,,,,,,,,,,,0,502,502,262,660.8004711660033,,,,,,,,,,,,,,,,,,,,,,,,,,,,,,,,,,,,,,,,,,,,,,,,,,,,,,,,,,660.7924489580037,660.8004711660033,661.2865809159994,661.2865809159994,661.3586397500039,661.3586397500039,661.8058372910018,right,1.0002943750005215,None,661.8059677080018,661.8060242499996,None,,,,,,,,,,,,21049997,0,2025-10-20_13h11.20.095,tilt_mocs,2024.2.4,118.29343922245755,2025-10-20 13h11.29.216890 -0400,
-2.0,0.0,,503,503,0,,,,,,,,,,m3,noss,0,left,1.0297194580052746,None,None,,,,,,,,,,,0,503,503,571,661.8162280830002,,,,,,,,,,,,,,,,,,,,,,,,,,,,,,,,,,,,,,,,,,,,,,,,,,,,,,,,,,661.8080707499976,661.8162280830002,662.3032091249988,662.3032091249988,662.3760061659996,662.3760061659996,662.855790374997,left,1.0297194580052746,None,662.8559142079976,662.8559695829972,None,,,,,,,,,,,,21049997,0,2025-10-20_13h11.20.095,tilt_mocs,2024.2.4,118.29343922245755,2025-10-20 13h11.29.216890 -0400,
5.166666666666667,15.0,,504,504,0,,,,,,,,,,p3,poss,100,right,1.7541967080032919,None,None,,,,,,,,,,,0,504,504,261,662.8660138749983,,,,,,,,,,,,,,,,,,,,,,,,,,,,,,,,,,,,,,,,,,,,,,,,,,,,,,,,,,662.8581222909997,662.8660138749983,663.3533113329977,663.3533113329977,663.4254958329984,663.4254958329984,664.6230895830013,right,1.7541967080032919,None,664.6232349580023,664.6232952080027,None,,,,,,,,,,,,21049997,0,2025-10-20_13h11.20.095,tilt_mocs,2024.2.4,118.29343922245755,2025-10-20 13h11.29.216890 -0400,
3.666666666666667,15.0,,505,505,0,,,,,,,,,,p1,poss,100,right,1.6558780839986866,None,None,,,,,,,,,,,0,505,505,184,664.6337794580031,,,,,,,,,,,,,,,,,,,,,,,,,,,,,,,,,,,,,,,,,,,,,,,,,,,,,,,,,,664.6256042910027,664.6337794580031,665.1198579999982,665.1198579999982,665.1926555410028,665.1926555410028,666.2944554580026,right,1.6558780839986866,None,666.2945770829974,666.2946325410012,None,,,,,,,,,,,,21049997,0,2025-10-20_13h11.20.095,tilt_mocs,2024.2.4,118.29343922245755,2025-10-20 13h11.29.216890 -0400,
3.166666666666667,15.0,,506,506,0,,,,,,,,,,PSE,poss,100,left,0.9995344170019962,None,None,,,,,,,,,,,0,506,506,142,666.304988666001,,,,,,,,,,,,,,,,,,,,,,,,,,,,,,,,,,,,,,,,,,,,,,,,,,,,,,,,,,666.2967182909997,666.304988666001,666.7953995409989,666.7953995409989,666.8704447499986,666.8704447499986,667.315356416002,left,0.9995344170019962,None,667.3154541249969,667.3154979160026,None,,,,,,,,,,,,21049997,0,2025-10-20_13h11.20.095,tilt_mocs,2024.2.4,118.29343922245755,2025-10-20 13h11.29.216890 -0400,
1.166666666666667,15.0,,507,507,0,,,,,,,,,,m3,poss,100,left,0.9496643750026124,None,None,,,,,,,,,,,0,507,507,7,667.3230351660022,,,,,,,,,,,,,,,,,,,,,,,,,,,,,,,,,,,,,,,,,,,,,,,,,,,,,,,,,,667.3174266249989,667.3230351660022,667.8118297499968,667.8118297499968,667.8872607500016,667.8872607500016,668.2786774999986,left,0.9496643750026124,None,668.2787988330019,668.2788559160035,None,,,,,,,,,,,,21049997,0,2025-10-20_13h11.20.095,tilt_mocs,2024.2.4,118.29343922245755,2025-10-20 13h11.29.216890 -0400,
5.166666666666667,15.0,,508,508,0,,,,,,,,,,p3,poss,100,left,1.021980290999636,None,None,,,,,,,,,,,0,508,508,241,668.288979375,,,,,,,,,,,,,,,,,,,,,,,,,,,,,,,,,,,,,,,,,,,,,,,,,,,,,,,,,,668.280898750003,668.288979375,668.7789360829993,668.7789360829993,668.8603534159993,668.8603534159993,669.3231591660006,left,1.021980290999636,None,669.3233253750004,669.3234147080002,None,,,,,,,,,,,,21049997,0,2025-10-20_13h11.20.095,tilt_mocs,2024.2.4,118.29343922245755,2025-10-20 13h11.29.216890 -0400,
2.0,0.0,,509,509,0,,,,,,,,,,p3,noss,0,left,1.361695375002455,None,None,,,,,,,,,,,0,509,509,696,669.3348512079974,,,,,,,,,,,,,,,,,,,,,,,,,,,,,,,,,,,,,,,,,,,,,,,,,,,,,,,,,,669.3263446249985,669.3348512079974,669.8201126249987,669.8201126249987,669.8934800830029,669.8934800830029,670.7046754580006,left,1.361695375002455,None,670.7047161250011,670.7047314579977,None,,,,,,,,,,,,21049997,0,2025-10-20_13h11.20.095,tilt_mocs,2024.2.4,118.29343922245755,2025-10-20 13h11.29.216890 -0400,
-5.75,-15.0,,510,510,0,,,,,,,,,,m2,negs,100,left,1.1333898750017397,None,None,,,,,,,,,,,0,510,510,343,670.7109885410027,,,,,,,,,,,,,,,,,,,,,,,,,,,,,,,,,,,,,,,,,,,,,,,,,,,,,,,,,,670.7054253329989,670.7109885410027,671.1957296660039,671.1957296660039,671.2704413329993,671.2704413329993,671.8562986250035,left,1.1333898750017397,None,671.8564195829968,671.8564917909971,None,,,,,,,,,,,,21049997,0,2025-10-20_13h11.20.095,tilt_mocs,2024.2.4,118.29343922245755,2025-10-20 13h11.29.216890 -0400,
5.166666666666667,15.0,,511,511,0,,,,,,,,,,p3,poss,100,right,1.2412992079989635,None,None,,,,,,,,,,,0,511,511,252,671.8664126250005,,,,,,,,,,,,,,,,,,,,,,,,,,,,,,,,,,,,,,,,,,,,,,,,,,,,,,,,,,671.8585248750023,671.8664126250005,672.3535687909971,672.3535687909971,672.426051082999,672.426051082999,673.1127839999972,right,1.2412992079989635,None,673.1128831250026,673.1129276249994,None,,,,,,,,,,,,21049997,0,2025-10-20_13h11.20.095,tilt_mocs,2024.2.4,118.29343922245755,2025-10-20 13h11.29.216890 -0400,
0.0,0.0,,512,512,0,,,,,,,,,,PSE,noss,0,right,1.8341349589973106,None,None,,,,,,,,,,,0,512,512,628,673.122977125,,,,,,,,,,,,,,,,,,,,,,,,,,,,,,,,,,,,,,,,,,,,,,,,,,,,,,,,,,673.1148105829998,673.122977125,673.6118967080038,673.6118967080038,673.6872401660003,673.6872401660003,674.9623458749993,right,1.8341349589973106,None,674.962468208003,674.962534833001,None,,,,,,,,,,,,21049997,0,2025-10-20_13h11.20.095,tilt_mocs,2024.2.4,118.29343922245755,2025-10-20 13h11.29.216890 -0400,
1.0,0.0,,513,513,0,,,,,,,,,,p2,noss,0,right,2.927636624997831,None,None,,,,,,,,,,,0,513,513,664,674.9729577500038,,,,,,,,,,,,,,,,,,,,,,,,,,,,,,,,,,,,,,,,,,,,,,,,,,,,,,,,,,674.964648166002,674.9729577500038,675.4628887910003,675.4628887910003,675.5376412909973,675.5376412909973,677.906371875004,right,2.927636624997831,None,677.9064753330022,677.9065209999972,None,,,,,,,,,,,,21049997,0,2025-10-20_13h11.20.095,tilt_mocs,2024.2.4,118.29343922245755,2025-10-20 13h11.29.216890 -0400,
2.166666666666667,15.0,,514,514,0,,,,,,,,,,m2,poss,100,left,1.1573926659984863,None,None,,,,,,,,,,,0,514,514,62,677.9163489580023,,,,,,,,,,,,,,,,,,,,,,,,,,,,,,,,,,,,,,,,,,,,,,,,,,,,,,,,,,677.9084207080014,677.9163489580023,678.4038014999969,678.4038014999969,678.4760790829969,678.4760790829969,679.0780083749996,left,1.1573926659984863,None,679.0781032910018,679.078145958003,None,,,,,,,,,,,,21049997,0,2025-10-20_13h11.20.095,tilt_mocs,2024.2.4,118.29343922245755,2025-10-20 13h11.29.216890 -0400,
5.166666666666667,15.0,,515,515,0,,,,,,,,,,p3,poss,100,right,1.2021790829967358,None,None,,,,,,,,,,,0,515,515,274,679.1039535829987,,,,,,,,,,,,,,,,,,,,,,,,,,,,,,,,,,,,,,,,,,,,,,,,,,,,,,,,,,679.080028999997,679.1039535829987,679.5790409160036,679.5790409160036,679.654304458003,679.654304458003,680.311264916003,right,1.2021790829967358,None,680.3113802500011,680.311423332998,None,,,,,,,,,,,,21049997,0,2025-10-20_13h11.20.095,tilt_mocs,2024.2.4,118.29343922245755,2025-10-20 13h11.29.216890 -0400,
-5.75,-15.0,,516,516,0,,,,,,,,,,m2,negs,100,left,1.1006277920023422,None,None,,,,,,,,,,,0,516,516,356,680.3210262499997,,,,,,,,,,,,,,,,,,,,,,,,,,,,,,,,,,,,,,,,,,,,,,,,,,,,,,,,,,680.3132737909982,680.3210262499997,680.8135306249969,680.8135306249969,680.887752415998,680.887752415998,681.4327229580012,left,1.1006277920023422,None,681.4328217080038,681.4328660000028,None,,,,,,,,,,,,21049997,0,2025-10-20_13h11.20.095,tilt_mocs,2024.2.4,118.29343922245755,2025-10-20 13h11.29.216890 -0400,
-6.75,-15.0,,517,517,0,,,,,,,,,,m3,negs,100,left,1.032421042000351,None,None,,,,,,,,,,,0,517,517,295,681.439598541001,,,,,,,,,,,,,,,,,,,,,,,,,,,,,,,,,,,,,,,,,,,,,,,,,,,,,,,,,,681.4348135830005,681.439598541001,681.9296767080014,681.9296767080014,682.0044578750021,682.0044578750021,682.4791071250002,left,1.032421042000351,None,682.4792267910016,682.4792800830037,None,,,,,,,,,,,,21049997,0,2025-10-20_13h11.20.095,tilt_mocs,2024.2.4,118.29343922245755,2025-10-20 13h11.29.216890 -0400,
2.166666666666667,15.0,,518,518,0,,,,,,,,,,m2,poss,100,left,1.0019247499949415,None,None,,,,,,,,,,,0,518,518,64,682.4897013329974,,,,,,,,,,,,,,,,,,,,,,,,,,,,,,,,,,,,,,,,,,,,,,,,,,,,,,,,,,682.4812865409986,682.4897013329974,682.9802322079995,682.9802322079995,683.0546027500022,683.0546027500022,683.4950767909977,left,1.0019247499949415,None,683.495174583004,683.4952183749992,None,,,,,,,,,,,,21049997,0,2025-10-20_13h11.20.095,tilt_mocs,2024.2.4,118.29343922245755,2025-10-20 13h11.29.216890 -0400,
2.666666666666667,15.0,,519,519,0,,,,,,,,,,m1,poss,100,left,1.0735532079997938,None,None,,,,,,,,,,,0,519,519,96,683.5208087909996,,,,,,,,,,,,,,,,,,,,,,,,,,,,,,,,,,,,,,,,,,,,,,,,,,,,,,,,,,683.4970921249987,683.5208087909996,683.9959708329989,683.9959708329989,684.0711866249985,684.0711866249985,684.6066877080011,left,1.0735532079997938,None,684.606814083003,684.6068705409998,None,,,,,,,,,,,,21049997,0,2025-10-20_13h11.20.095,tilt_mocs,2024.2.4,118.29343922245755,2025-10-20 13h11.29.216890 -0400,
1.166666666666667,15.0,,520,520,0,,,,,,,,,,m3,poss,100,left,1.0133886249968782,None,None,,,,,,,,,,,0,520,520,25,684.617252582997,,,,,,,,,,,,,,,,,,,,,,,,,,,,,,,,,,,,,,,,,,,,,,,,,,,,,,,,,,684.609192625001,684.617252582997,685.1041391250037,685.1041391250037,685.1771289160024,685.1771289160024,685.6400505409983,left,1.0133886249968782,None,685.6401719999994,685.6402267910016,None,,,,,,,,,,,,21049997,0,2025-10-20_13h11.20.095,tilt_mocs,2024.2.4,118.29343922245755,2025-10-20 13h11.29.216890 -0400,
-2.75,-15.0,,521,521,0,,,,,,,,,,p3,negs,100,left,2.729376458002662,None,None,,,,,,,,,,,0,521,521,524,685.6505510830029,,,,,,,,,,,,,,,,,,,,,,,,,,,,,,,,,,,,,,,,,,,,,,,,,,,,,,,,,,685.642584250003,685.6505510830029,686.1373786249969,686.1373786249969,686.2099302909992,686.2099302909992,688.3903597079989,left,2.729376458002662,None,688.3905200829977,688.3905801660003,None,,,,,,,,,,,,21049997,0,2025-10-20_13h11.20.095,tilt_mocs,2024.2.4,118.29343922245755,2025-10-20 13h11.29.216890 -0400,
-5.75,-15.0,,522,522,0,,,,,,,,,,m2,negs,100,left,1.2439118330003112,None,None,,,,,,,,,,,0,522,522,330,688.4009337910029,,,,,,,,,,,,,,,,,,,,,,,,,,,,,,,,,,,,,,,,,,,,,,,,,,,,,,,,,,688.3927843749989,688.4009337910029,688.8874927080033,688.8874927080033,688.9595807079968,688.9595807079968,689.6572818330023,left,1.2439118330003112,None,689.6574363749969,689.6574939159982,None,,,,,,,,,,,,21049997,0,2025-10-20_13h11.20.095,tilt_mocs,2024.2.4,118.29343922245755,2025-10-20 13h11.29.216890 -0400,
-5.75,-15.0,,523,523,0,,,,,,,,,,m2,negs,100,left,1.073606916994322,None,None,,,,,,,,,,,0,523,523,342,689.6675864580029,,,,,,,,,,,,,,,,,,,,,,,,,,,,,,,,,,,,,,,,,,,,,,,,,,,,,,,,,,689.6596521660031,689.6675864580029,690.1541526250003,690.1541526250003,690.2264649580029,690.2264649580029,690.745249749998,left,1.073606916994322,None,690.745349249999,690.7453926250018,None,,,,,,,,,,,,21049997,0,2025-10-20_13h11.20.095,tilt_mocs,2024.2.4,118.29343922245755,2025-10-20 13h11.29.216890 -0400,
3.166666666666667,15.0,,524,524,0,,,,,,,,,,PSE,poss,100,left,1.0070676250034012,None,None,,,,,,,,,,,0,524,524,122,690.7709642909977,,,,,,,,,,,,,,,,,,,,,,,,,,,,,,,,,,,,,,,,,,,,,,,,,,,,,,,,,,690.7472645829985,690.7709642909977,691.2470009160024,691.2470009160024,691.3214151249995,691.3214151249995,691.7912248330031,left,1.0070676250034012,None,691.7913672499999,691.791422166003,None,,,,,,,,,,,,21049997,0,2025-10-20_13h11.20.095,tilt_mocs,2024.2.4,118.29343922245755,2025-10-20 13h11.29.216890 -0400,
-1.0,0.0,,525,525,0,,,,,,,,,,m2,noss,0,left,1.1450449580006534,None,None,,,,,,,,,,,0,525,525,586,691.8015286250011,,,,,,,,,,,,,,,,,,,,,,,,,,,,,,,,,,,,,,,,,,,,,,,,,,,,,,,,,,691.7935927080034,691.8015286250011,692.2877197499984,692.2877197499984,692.3606440829972,692.3606440829972,692.9568490829988,left,1.1450449580006534,None,692.9569788329973,692.957040207999,None,,,,,,,,,,,,21049997,0,2025-10-20_13h11.20.095,tilt_mocs,2024.2.4,118.29343922245755,2025-10-20 13h11.29.216890 -0400,
0.5,0.0,,526,526,0,,,,,,,,,,p1,noss,0,right,1.0711613339954056,None,None,,,,,,,,,,,0,526,526,659,692.9670421659976,,,,,,,,,,,,,,,,,,,,,,,,,,,,,,,,,,,,,,,,,,,,,,,,,,,,,,,,,,692.9589956249984,692.9670421659976,693.4542266659992,693.4542266659992,693.5266472080039,693.5266472080039,694.040658291,right,1.0711613339954056,None,694.040769457999,694.0408172910029,None,,,,,,,,,,,,21049997,0,2025-10-20_13h11.20.095,tilt_mocs,2024.2.4,118.29343922245755,2025-10-20 13h11.29.216890 -0400,
1.166666666666667,15.0,,527,527,0,,,,,,,,,,m3,poss,100,left,1.1047327499982202,None,None,,,,,,,,,,,0,527,527,18,694.050876082998,,,,,,,,,,,,,,,,,,,,,,,,,,,,,,,,,,,,,,,,,,,,,,,,,,,,,,,,,,694.042831083003,694.050876082998,694.5376727080002,694.5376727080002,694.6099657500017,694.6099657500017,695.1665970410031,left,1.1047327499982202,None,695.1666944160024,695.1667387909984,None,,,,,,,,,,,,21049997,0,2025-10-20_13h11.20.095,tilt_mocs,2024.2.4,118.29343922245755,2025-10-20 13h11.29.216890 -0400,
4.166666666666667,15.0,,528,528,0,,,,,,,,,,p2,poss,100,right,1.2842383749957662,None,None,,,,,,,,,,,0,528,528,220,695.1738124160038,,,,,,,,,,,,,,,,,,,,,,,,,,,,,,,,,,,,,,,,,,,,,,,,,,,,,,,,,,695.168627375002,695.1738124160038,695.6634488749987,695.6634488749987,695.7383798329975,695.7383798329975,696.4625853329999,right,1.2842383749957662,None,696.4627036660022,696.462758624999,None,,,,,,,,,,,,21049997,0,2025-10-20_13h11.20.095,tilt_mocs,2024.2.4,118.29343922245755,2025-10-20 13h11.29.216890 -0400,
-3.75,-15.0,,529,529,0,,,,,,,,,,p2,negs,100,left,2.585204832997988,None,None,,,,,,,,,,,0,529,529,480,696.4729347079992,,,,,,,,,,,,,,,,,,,,,,,,,,,,,,,,,,,,,,,,,,,,,,,,,,,,,,,,,,696.4647635410001,696.4729347079992,696.9632248330017,696.9632248330017,697.0383684580011,697.0383684580011,699.0621559580031,left,2.585204832997988,None,699.0622786250024,699.0623394159993,None,,,,,,,,,,,,21049997,0,2025-10-20_13h11.20.095,tilt_mocs,2024.2.4,118.29343922245755,2025-10-20 13h11.29.216890 -0400,
3.666666666666667,15.0,,530,530,0,,,,,,,,,,p1,poss,100,right,1.3953524579992518,None,None,,,,,,,,,,,0,530,530,191,699.0735731660025,,,,,,,,,,,,,,,,,,,,,,,,,,,,,,,,,,,,,,,,,,,,,,,,,,,,,,,,,,699.0645470829986,699.0735731660025,699.5638440000039,699.5638440000039,699.6384268330003,699.6384268330003,700.4734688329991,right,1.3953524579992518,None,700.4735736250004,700.4736164159985,None,,,,,,,,,,,,21049997,0,2025-10-20_13h11.20.095,tilt_mocs,2024.2.4,118.29343922245755,2025-10-20 13h11.29.216890 -0400,
0.5,0.0,,531,531,0,,,,,,,,,,p1,noss,0,right,2.3245247909944737,None,None,,,,,,,,,,,0,531,531,645,700.4836847080005,,,,,,,,,,,,,,,,,,,,,,,,,,,,,,,,,,,,,,,,,,,,,,,,,,,,,,,,,,700.4755063330012,700.4836847080005,700.9712675830015,700.9712675830015,701.043833249998,701.043833249998,702.8139962080022,right,2.3245247909944737,None,702.8141172500036,702.8141710830023,None,,,,,,,,,,,,21049997,0,2025-10-20_13h11.20.095,tilt_mocs,2024.2.4,118.29343922245755,2025-10-20 13h11.29.216890 -0400,
-5.25,-15.0,,532,532,0,,,,,,,,,,m1,negs,100,left,0.967448333001812,None,None,,,,,,,,,,,0,532,532,379,702.8244980000018,,,,,,,,,,,,,,,,,,,,,,,,,,,,,,,,,,,,,,,,,,,,,,,,,,,,,,,,,,702.8165290410034,702.8244980000018,703.3139882910036,703.3139882910036,703.3884677500027,703.3884677500027,703.796363333,left,0.967448333001812,None,703.7964565410002,703.7964985409999,None,,,,,,,,,,,,21049997,0,2025-10-20_13h11.20.095,tilt_mocs,2024.2.4,118.29343922245755,2025-10-20 13h11.29.216890 -0400,
3.166666666666667,15.0,,533,533,0,,,,,,,,,,PSE,poss,100,right,2.306097000000591,None,None,,,,,,,,,,,0,533,533,137,703.8065850830026,,,,,,,,,,,,,,,,,,,,,,,,,,,,,,,,,,,,,,,,,,,,,,,,,,,,,,,,,,703.7983983329977,703.8065850830026,704.2968972500021,704.2968972500021,704.3718447499996,704.3718447499996,706.1156396250008,right,2.306097000000591,None,706.1157839579973,706.1158697909996,None,,,,,,,,,,,,21049997,0,2025-10-20_13h11.20.095,tilt_mocs,2024.2.4,118.29343922245755,2025-10-20 13h11.29.216890 -0400,
-6.75,-15.0,,534,534,0,,,,,,,,,,m3,negs,100,left,1.0005805830005556,None,None,,,,,,,,,,,0,534,534,281,706.1253245830012,,,,,,,,,,,,,,,,,,,,,,,,,,,,,,,,,,,,,,,,,,,,,,,,,,,,,,,,,,706.1179178750026,706.1253245830012,706.6136235410013,706.6136235410013,706.6885853330023,706.6885853330023,707.1293356250026,left,1.0005805830005556,None,707.1294354999991,707.1294781250035,None,,,,,,,,,,,,21049997,0,2025-10-20_13h11.20.095,tilt_mocs,2024.2.4,118.29343922245755,2025-10-20 13h11.29.216890 -0400,
-3.75,-15.0,,535,535,0,,,,,,,,,,p2,negs,100,left,1.051346416999877,None,None,,,,,,,,,,,0,535,535,495,707.154979125,,,,,,,,,,,,,,,,,,,,,,,,,,,,,,,,,,,,,,,,,,,,,,,,,,,,,,,,,,707.1313710410031,707.154979125,707.6305513749976,707.6305513749976,707.7053491659972,707.7053491659972,708.2179093329978,left,1.051346416999877,None,708.2180103330029,708.218056208003,None,,,,,,,,,,,,21049997,0,2025-10-20_13h11.20.095,tilt_mocs,2024.2.4,118.29343922245755,2025-10-20 13h11.29.216890 -0400,
0.5,0.0,,536,536,0,,,,,,,,,,p1,noss,0,left,1.033231125002203,None,None,,,,,,,,,,,0,536,536,655,708.2243527910032,,,,,,,,,,,,,,,,,,,,,,,,,,,,,,,,,,,,,,,,,,,,,,,,,,,,,,,,,,708.2199057910038,708.2243527910032,708.7139417500002,708.7139417500002,708.7886497080035,708.7886497080035,709.2643412500038,left,1.033231125002203,None,709.2644645000037,709.2645221249986,None,,,,,,,,,,,,21049997,0,2025-10-20_13h11.20.095,tilt_mocs,2024.2.4,118.29343922245755,2025-10-20 13h11.29.216890 -0400,
4.166666666666667,15.0,,537,537,0,,,,,,,,,,p2,poss,100,right,1.7647302920013317,None,None,,,,,,,,,,,0,537,537,235,709.2745381659988,,,,,,,,,,,,,,,,,,,,,,,,,,,,,,,,,,,,,,,,,,,,,,,,,,,,,,,,,,709.2666523329972,709.2745381659988,709.7637705829984,709.7637705829984,709.8386685829973,709.8386685829973,711.0417882499969,right,1.7647302920013317,None,711.0419247500031,711.0419836250003,None,,,,,,,,,,,,21049997,0,2025-10-20_13h11.20.095,tilt_mocs,2024.2.4,118.29343922245755,2025-10-20 13h11.29.216890 -0400,
4.166666666666667,15.0,,538,538,0,,,,,,,,,,p2,poss,100,right,0.9707590000034543,None,None,,,,,,,,,,,0,538,538,219,711.0521603750021,,,,,,,,,,,,,,,,,,,,,,,,,,,,,,,,,,,,,,,,,,,,,,,,,,,,,,,,,,711.0442403749985,711.0521603750021,711.5382377499991,711.5382377499991,711.6104632909992,711.6104632909992,712.0340562080019,right,0.9707590000034543,None,712.0341564580012,712.034205582997,None,,,,,,,,,,,,21049997,0,2025-10-20_13h11.20.095,tilt_mocs,2024.2.4,118.29343922245755,2025-10-20 13h11.29.216890 -0400,
-3.75,-15.0,,539,539,0,,,,,,,,,,p2,negs,100,left,1.3144220840040362,None,None,,,,,,,,,,,0,539,539,511,712.0407681659999,,,,,,,,,,,,,,,,,,,,,,,,,,,,,,,,,,,,,,,,,,,,,,,,,,,,,,,,,,712.0361054160021,712.0407681659999,712.5308175410028,712.5308175410028,712.605515041003,712.605515041003,713.3576033330028,left,1.3144220840040362,None,713.3577267910005,713.3577809999988,None,,,,,,,,,,,,21049997,0,2025-10-20_13h11.20.095,tilt_mocs,2024.2.4,118.29343922245755,2025-10-20 13h11.29.216890 -0400,
2.166666666666667,15.0,,540,540,0,,,,,,,,,,m2,poss,100,left,1.0303407499959576,None,None,,,,,,,,,,,0,540,540,48,713.3679380410031,,,,,,,,,,,,,,,,,,,,,,,,,,,,,,,,,,,,,,,,,,,,,,,,,,,,,,,,,,713.3600136660025,713.3679380410031,713.8541533750031,713.8541533750031,713.9267637500016,713.9267637500016,714.4077467500028,left,1.0303407499959576,None,714.407903708001,714.4079571249968,None,,,,,,,,,,,,21049997,0,2025-10-20_13h11.20.095,tilt_mocs,2024.2.4,118.29343922245755,2025-10-20 13h11.29.216890 -0400,
-2.75,-15.0,,541,541,0,,,,,,,,,,p3,negs,100,left,1.0870058750006137,None,None,,,,,,,,,,,0,541,541,532,714.4188399159975,,,,,,,,,,,,,,,,,,,,,,,,,,,,,,,,,,,,,,,,,,,,,,,,,,,,,,,,,,714.4105575830035,714.4188399159975,714.9050330000027,714.9050330000027,714.9783502080027,714.9783502080027,715.5088360829977,left,1.0870058750006137,None,715.5089712909976,715.5090533330003,None,,,,,,,,,,,,21049997,0,2025-10-20_13h11.20.095,tilt_mocs,2024.2.4,118.29343922245755,2025-10-20 13h11.29.216890 -0400,
-4.25,-15.0,,542,542,0,,,,,,,,,,p1,negs,100,left,0.9822970419991179,None,None,,,,,,,,,,,0,542,542,474,715.5193932080001,,,,,,,,,,,,,,,,,,,,,,,,,,,,,,,,,,,,,,,,,,,,,,,,,,,,,,,,,,715.511149375001,715.5193932080001,716.0052047080026,716.0052047080026,716.0769087500012,716.0769087500012,716.5076059159983,left,0.9822970419991179,None,716.5077090409977,716.5077525410015,None,,,,,,,,,,,,21049997,0,2025-10-20_13h11.20.095,tilt_mocs,2024.2.4,118.29343922245755,2025-10-20 13h11.29.216890 -0400,
-5.75,-15.0,,543,543,0,,,,,,,,,,m2,negs,100,left,1.0717197500052862,None,None,,,,,,,,,,,0,543,543,358,716.5178499160029,,,,,,,,,,,,,,,,,,,,,,,,,,,,,,,,,,,,,,,,,,,,,,,,,,,,,,,,,,716.5096169579992,716.5178499160029,717.0051277910025,717.0051277910025,717.0771756250033,717.0771756250033,717.5996806659969,left,1.0717197500052862,None,717.5997791249974,717.5998235410007,None,,,,,,,,,,,,21049997,0,2025-10-20_13h11.20.095,tilt_mocs,2024.2.4,118.29343922245755,2025-10-20 13h11.29.216890 -0400,
-4.75,-15.0,,544,544,0,,,,,,,,,,PSE,negs,100,left,1.0580504999961704,None,None,,,,,,,,,,,0,544,544,419,717.6074777910035,,,,,,,,,,,,,,,,,,,,,,,,,,,,,,,,,,,,,,,,,,,,,,,,,,,,,,,,,,717.6016975829989,717.6074777910035,718.0975966249971,718.0975966249971,718.1723196250023,718.1723196250023,718.6746053329989,left,1.0580504999961704,None,718.6747593330001,718.6748163750017,None,,,,,,,,,,,,21049997,0,2025-10-20_13h11.20.095,tilt_mocs,2024.2.4,118.29343922245755,2025-10-20 13h11.29.216890 -0400,
-3.75,-15.0,,545,545,0,,,,,,,,,,p2,negs,100,left,0.9272622919961577,None,None,,,,,,,,,,,0,545,545,514,718.6862295000028,,,,,,,,,,,,,,,,,,,,,,,,,,,,,,,,,,,,,,,,,,,,,,,,,,,,,,,,,,718.6778343330006,718.6862295000028,719.1719909579988,719.1719909579988,719.2438612080005,719.2438612080005,719.6245687080009,left,0.9272622919961577,None,719.6247238330034,719.624781915998,None,,,,,,,,,,,,21049997,0,2025-10-20_13h11.20.095,tilt_mocs,2024.2.4,118.29343922245755,2025-10-20 13h11.29.216890 -0400,
3.166666666666667,15.0,,546,546,0,,,,,,,,,,PSE,poss,100,left,0.9098273749987129,None,None,,,,,,,,,,,0,546,546,147,719.6357270000008,,,,,,,,,,,,,,,,,,,,,,,,,,,,,,,,,,,,,,,,,,,,,,,,,,,,,,,,,,719.6275813329994,719.6357270000008,720.1218981659986,720.1218981659986,720.1939838749968,720.1939838749968,720.5578566249969,left,0.9098273749987129,None,720.5579913749971,720.5580468330008,None,,,,,,,,,,,,21049997,0,2025-10-20_13h11.20.095,tilt_mocs,2024.2.4,118.29343922245755,2025-10-20 13h11.29.216890 -0400,
-4.75,-15.0,,547,547,0,,,,,,,,,,PSE,negs,100,left,0.875659541998175,None,None,,,,,,,,,,,0,547,547,420,720.568131041,,,,,,,,,,,,,,,,,,,,,,,,,,,,,,,,,,,,,,,,,,,,,,,,,,,,,,,,,,720.5600611249974,720.568131041,721.0552980409993,721.0552980409993,721.1283002080017,721.1283002080017,721.4466632909971,left,0.875659541998175,None,721.4468783330012,721.4469545000029,None,,,,,,,,,,,,21049997,0,2025-10-20_13h11.20.095,tilt_mocs,2024.2.4,118.29343922245755,2025-10-20 13h11.29.216890 -0400,
-4.25,-15.0,,548,548,0,,,,,,,,,,p1,negs,100,left,0.9154077499988489,None,None,,,,,,,,,,,0,548,548,472,721.4578267079996,,,,,,,,,,,,,,,,,,,,,,,,,,,,,,,,,,,,,,,,,,,,,,,,,,,,,,,,,,721.4492495410013,721.4578267079996,721.9480297080008,721.9480297080008,722.0224640000015,722.0224640000015,722.376161500004,left,0.9154077499988489,None,722.3763032909992,722.376360041002,None,,,,,,,,,,,,21049997,0,2025-10-20_13h11.20.095,tilt_mocs,2024.2.4,118.29343922245755,2025-10-20 13h11.29.216890 -0400,
-2.75,-15.0,,549,549,0,,,,,,,,,,p3,negs,100,left,0.9195996249982272,None,None,,,,,,,,,,,0,549,549,527,722.3870146659974,,,,,,,,,,,,,,,,,,,,,,,,,,,,,,,,,,,,,,,,,,,,,,,,,,,,,,,,,,722.3784994579983,722.3870146659974,722.8719596250012,722.8719596250012,722.9449094160009,722.9449094160009,723.3175182499981,left,0.9195996249982272,None,723.3176263330024,723.3176717500028,None,,,,,,,,,,,,21049997,0,2025-10-20_13h11.20.095,tilt_mocs,2024.2.4,118.29343922245755,2025-10-20 13h11.29.216890 -0400,
-3.75,-15.0,,550,550,0,,,,,,,,,,p2,negs,100,left,0.8497332920014742,None,None,,,,,,,,,,,0,550,550,516,723.3245264159996,,,,,,,,,,,,,,,,,,,,,,,,,,,,,,,,,,,,,,,,,,,,,,,,,,,,,,,,,,723.3195862909997,723.3245264159996,723.8140084580009,723.8140084580009,723.8892176660011,723.8892176660011,724.1801267909977,left,0.8497332920014742,None,724.1802499999976,724.1803071250033,None,,,,,,,,,,,,21049997,0,2025-10-20_13h11.20.095,tilt_mocs,2024.2.4,118.29343922245755,2025-10-20 13h11.29.216890 -0400,
2.166666666666667,15.0,,551,551,0,,,,,,,,,,m2,poss,100,left,1.2720251250066212,None,None,,,,,,,,,,,0,551,551,56,724.1908773329997,,,,,,,,,,,,,,,,,,,,,,,,,,,,,,,,,,,,,,,,,,,,,,,,,,,,,,,,,,724.1824236660032,724.1908773329997,724.6807970410009,724.6807970410009,724.7557891660035,724.7557891660035,725.4749847499988,left,1.2720251250066212,None,725.4751409160017,725.4751946660035,None,,,,,,,,,,,,21049997,0,2025-10-20_13h11.20.095,tilt_mocs,2024.2.4,118.29343922245755,2025-10-20 13h11.29.216890 -0400,
-4.25,-15.0,,552,552,0,,,,,,,,,,p1,negs,100,left,1.0876524999985122,None,None,,,,,,,,,,,0,552,552,458,725.4864639579973,,,,,,,,,,,,,,,,,,,,,,,,,,,,,,,,,,,,,,,,,,,,,,,,,,,,,,,,,,725.4782166250006,725.4864639579973,725.972107833004,725.972107833004,726.0443242499969,726.0443242499969,726.5800874999986,left,1.0876524999985122,None,726.580208833002,726.5802639160029,None,,,,,,,,,,,,21049997,0,2025-10-20_13h11.20.095,tilt_mocs,2024.2.4,118.29343922245755,2025-10-20 13h11.29.216890 -0400,
-2.75,-15.0,,553,553,0,,,,,,,,,,p3,negs,100,right,1.2387311659986153,None,None,,,,,,,,,,,0,553,553,543,726.5906398329971,,,,,,,,,,,,,,,,,,,,,,,,,,,,,,,,,,,,,,,,,,,,,,,,,,,,,,,,,,726.5824195829991,726.5906398329971,727.0810096659989,727.0810096659989,727.1560180829983,727.1560180829983,727.831840083003,right,1.2387311659986153,None,727.8319402080015,727.8319840830009,None,,,,,,,,,,,,21049997,0,2025-10-20_13h11.20.095,tilt_mocs,2024.2.4,118.29343922245755,2025-10-20 13h11.29.216890 -0400,
-3.75,-15.0,,554,554,0,,,,,,,,,,p2,negs,100,right,1.3338862500022515,None,None,,,,,,,,,,,0,554,554,504,727.8421418330036,,,,,,,,,,,,,,,,,,,,,,,,,,,,,,,,,,,,,,,,,,,,,,,,,,,,,,,,,,727.8338863750032,727.8421418330036,728.3310262079976,728.3310262079976,728.4062002080027,728.4062002080027,729.1800428330025,right,1.3338862500022515,None,729.180162333003,729.1802165830013,None,,,,,,,,,,,,21049997,0,2025-10-20_13h11.20.095,tilt_mocs,2024.2.4,118.29343922245755,2025-10-20 13h11.29.216890 -0400,
3.166666666666667,15.0,,555,555,0,,,,,,,,,,PSE,poss,100,right,1.079525041001034,None,None,,,,,,,,,,,0,555,555,125,729.1909176249974,,,,,,,,,,,,,,,,,,,,,,,,,,,,,,,,,,,,,,,,,,,,,,,,,,,,,,,,,,729.1826138329998,729.1909176249974,729.6812440409994,729.6812440409994,729.7564605410007,729.7564605410007,730.2749875829977,right,1.079525041001034,None,730.2751098329973,730.2751625829987,None,,,,,,,,,,,,21049997,0,2025-10-20_13h11.20.095,tilt_mocs,2024.2.4,118.29343922245755,2025-10-20 13h11.29.216890 -0400,
-2.0,0.0,,556,556,0,,,,,,,,,,m3,noss,0,left,1.2045032089954475,None,None,,,,,,,,,,,0,556,556,578,730.2848900410027,,,,,,,,,,,,,,,,,,,,,,,,,,,,,,,,,,,,,,,,,,,,,,,,,,,,,,,,,,730.2771045409972,730.2848900410027,730.7722951660035,730.7722951660035,730.8453327910029,730.8453327910029,731.4921111660005,left,1.2045032089954475,None,731.4922600409991,731.492318083001,None,,,,,,,,,,,,21049997,0,2025-10-20_13h11.20.095,tilt_mocs,2024.2.4,118.29343922245755,2025-10-20 13h11.29.216890 -0400,
2.0,0.0,,557,557,0,,,,,,,,,,p3,noss,0,right,1.108539707995078,None,None,,,,,,,,,,,0,557,557,681,731.505770415999,,,,,,,,,,,,,,,,,,,,,,,,,,,,,,,,,,,,,,,,,,,,,,,,,,,,,,,,,,731.4946387500022,731.505770415999,731.9889673330035,731.9889673330035,732.0612007910022,732.0612007910022,732.6228344580013,right,1.108539707995078,None,732.6228950000004,732.6229192910032,None,,,,,,,,,,,,21049997,0,2025-10-20_13h11.20.095,tilt_mocs,2024.2.4,118.29343922245755,2025-10-20 13h11.29.216890 -0400,
4.166666666666667,15.0,,558,558,0,,,,,,,,,,p2,poss,100,right,1.1316507500014268,None,None,,,,,,,,,,,0,558,558,223,732.6303509999998,,,,,,,,,,,,,,,,,,,,,,,,,,,,,,,,,,,,,,,,,,,,,,,,,,,,,,,,,,732.6239880409994,732.6303509999998,733.1151455829968,733.1151455829968,733.1897566659973,733.1897566659973,733.7648019159969,right,1.1316507500014268,None,733.7649757500039,733.7650337500017,None,,,,,,,,,,,,21049997,0,2025-10-20_13h11.20.095,tilt_mocs,2024.2.4,118.29343922245755,2025-10-20 13h11.29.216890 -0400,
1.166666666666667,15.0,,559,559,0,,,,,,,,,,m3,poss,100,right,1.2875433750014054,None,None,,,,,,,,,,,0,559,559,8,733.7753138330008,,,,,,,,,,,,,,,,,,,,,,,,,,,,,,,,,,,,,,,,,,,,,,,,,,,,,,,,,,733.7676510000019,733.7753138330008,734.2646340409992,734.2646340409992,734.3394185830039,734.3394185830039,735.0752789580001,right,1.2875433750014054,None,735.075399082998,735.0754536660024,None,,,,,,,,,,,,21049997,0,2025-10-20_13h11.20.095,tilt_mocs,2024.2.4,118.29343922245755,2025-10-20 13h11.29.216890 -0400,
-5.75,-15.0,,560,560,0,,,,,,,,,,m2,negs,100,left,1.1928731669977424,None,None,,,,,,,,,,,0,560,560,348,735.085865041001,,,,,,,,,,,,,,,,,,,,,,,,,,,,,,,,,,,,,,,,,,,,,,,,,,,,,,,,,,735.0777864999982,735.085865041001,735.5724786659994,735.5724786659994,735.6444849580002,735.6444849580002,736.2812695829998,left,1.1928731669977424,None,736.2814008749992,736.2814568750036,None,,,,,,,,,,,,21049997,0,2025-10-20_13h11.20.095,tilt_mocs,2024.2.4,118.29343922245755,2025-10-20 13h11.29.216890 -0400,
2.166666666666667,15.0,,561,561,0,,,,,,,,,,m2,poss,100,left,1.0156713749966002,None,None,,,,,,,,,,,0,561,561,79,736.2916446250019,,,,,,,,,,,,,,,,,,,,,,,,,,,,,,,,,,,,,,,,,,,,,,,,,,,,,,,,,,736.2833508330004,736.2916446250019,736.7819962499998,736.7819962499998,736.8564392909975,736.8564392909975,737.3185994579981,left,1.0156713749966002,None,737.3187029160035,737.3187471659985,None,,,,,,,,,,,,21049997,0,2025-10-20_13h11.20.095,tilt_mocs,2024.2.4,118.29343922245755,2025-10-20 13h11.29.216890 -0400,
1.166666666666667,15.0,,562,562,0,,,,,,,,,,m3,poss,100,left,0.9851136670040432,None,None,,,,,,,,,,,0,562,562,14,737.3253545409971,,,,,,,,,,,,,,,,,,,,,,,,,,,,,,,,,,,,,,,,,,,,,,,,,,,,,,,,,,737.3206338750024,737.3253545409971,737.8147256660013,737.8147256660013,737.8896782910015,737.8896782910015,738.3145591659995,left,0.9851136670040432,None,738.3147075000015,738.3147617909999,None,,,,,,,,,,,,21049997,0,2025-10-20_13h11.20.095,tilt_mocs,2024.2.4,118.29343922245755,2025-10-20 13h11.29.216890 -0400,
-1.0,0.0,,563,563,0,,,,,,,,,,m2,noss,0,left,1.4893082499984303,None,None,,,,,,,,,,,0,563,563,597,738.325458708001,,,,,,,,,,,,,,,,,,,,,,,,,,,,,,,,,,,,,,,,,,,,,,,,,,,,,,,,,,738.3177082499969,738.325458708001,738.8154952499972,738.8154952499972,738.8898947080015,738.8898947080015,739.825212290998,left,1.4893082499984303,None,739.8253381250033,739.825393666004,None,,,,,,,,,,,,21049997,0,2025-10-20_13h11.20.095,tilt_mocs,2024.2.4,118.29343922245755,2025-10-20 13h11.29.216890 -0400,
-1.0,0.0,,564,564,0,,,,,,,,,,m2,noss,0,left,1.0341567909999867,None,None,,,,,,,,,,,0,564,564,585,739.8358617080012,,,,,,,,,,,,,,,,,,,,,,,,,,,,,,,,,,,,,,,,,,,,,,,,,,,,,,,,,,739.8274487500021,739.8358617080012,740.3227306249973,740.3227306249973,740.3947475000023,740.3947475000023,740.8753209580027,left,1.0341567909999867,None,740.8754477080001,740.8755039160023,None,,,,,,,,,,,,21049997,0,2025-10-20_13h11.20.095,tilt_mocs,2024.2.4,118.29343922245755,2025-10-20 13h11.29.216890 -0400,
-4.25,-15.0,,565,565,0,,,,,,,,,,p1,negs,100,left,1.1933580840050126,None,None,,,,,,,,,,,0,565,565,479,740.8856625830012,,,,,,,,,,,,,,,,,,,,,,,,,,,,,,,,,,,,,,,,,,,,,,,,,,,,,,,,,,740.8776011660011,740.8856625830012,741.3726872909974,741.3726872909974,741.4456552909978,741.4456552909978,742.0905881250001,left,1.1933580840050126,None,742.0906936660031,742.0907381659999,None,,,,,,,,,,,,21049997,0,2025-10-20_13h11.20.095,tilt_mocs,2024.2.4,118.29343922245755,2025-10-20 13h11.29.216890 -0400,
-4.25,-15.0,,566,566,0,,,,,,,,,,p1,negs,100,left,1.0697531659970991,None,None,,,,,,,,,,,0,566,566,459,742.0981507910037,,,,,,,,,,,,,,,,,,,,,,,,,,,,,,,,,,,,,,,,,,,,,,,,,,,,,,,,,,742.092627375001,742.0981507910037,742.582296665998,742.582296665998,742.6565607910015,742.6565607910015,743.1755611659974,left,1.0697531659970991,None,743.1757235409968,743.1757851660004,None,,,,,,,,,,,,21049997,0,2025-10-20_13h11.20.095,tilt_mocs,2024.2.4,118.29343922245755,2025-10-20 13h11.29.216890 -0400,
0.0,0.0,,567,567,0,,,,,,,,,,PSE,noss,0,left,2.1611528330031433,None,None,,,,,,,,,,,0,567,567,622,743.1861782499982,,,,,,,,,,,,,,,,,,,,,,,,,,,,,,,,,,,,,,,,,,,,,,,,,,,,,,,,,,743.1781251249995,743.1861782499982,743.6727306660032,743.6727306660032,743.745401416003,743.745401416003,745.3740336249975,left,2.1611528330031433,None,745.3741581249997,745.3742135409993,None,,,,,,,,,,,,21049997,0,2025-10-20_13h11.20.095,tilt_mocs,2024.2.4,118.29343922245755,2025-10-20 13h11.29.216890 -0400,
4.166666666666667,15.0,,568,568,0,,,,,,,,,,p2,poss,100,right,1.9674381250006263,None,None,,,,,,,,,,,0,568,568,233,745.389975500002,,,,,,,,,,,,,,,,,,,,,,,,,,,,,,,,,,,,,,,,,,,,,,,,,,,,,,,,,,745.3765401249984,745.389975500002,745.8653371660039,745.8653371660039,745.940041875001,745.940041875001,747.3686262080009,right,1.9674381250006263,None,747.368724041,747.3687678749993,None,,,,,,,,,,,,21049997,0,2025-10-20_13h11.20.095,tilt_mocs,2024.2.4,118.29343922245755,2025-10-20 13h11.29.216890 -0400,
2.166666666666667,15.0,,569,569,0,,,,,,,,,,m2,poss,100,right,1.0839744589975453,None,None,,,,,,,,,,,0,569,569,67,747.3757079580027,,,,,,,,,,,,,,,,,,,,,,,,,,,,,,,,,,,,,,,,,,,,,,,,,,,,,,,,,,747.3706481659974,747.3757079580027,747.866082958004,747.866082958004,747.940292583,747.940292583,748.4638031659997,right,1.0839744589975453,None,748.4638984580015,748.4639414159974,None,,,,,,,,,,,,21049997,0,2025-10-20_13h11.20.095,tilt_mocs,2024.2.4,118.29343922245755,2025-10-20 13h11.29.216890 -0400,
-2.75,-15.0,,570,570,0,,,,,,,,,,p3,negs,100,left,1.691420458999346,None,None,,,,,,,,,,,0,570,570,542,748.4897359579991,,,,,,,,,,,,,,,,,,,,,,,,,,,,,,,,,,,,,,,,,,,,,,,,,,,,,,,,,,748.4657893330004,748.4897359579991,748.9659937079996,748.9659937079996,749.040127207998,749.040127207998,750.1922662080033,left,1.691420458999346,None,750.1923892499981,750.1924574579971,None,,,,,,,,,,,,21049997,0,2025-10-20_13h11.20.095,tilt_mocs,2024.2.4,118.29343922245755,2025-10-20 13h11.29.216890 -0400,
-6.75,-15.0,,571,571,0,,,,,,,,,,m3,negs,100,left,1.0459058749984251,None,None,,,,,,,,,,,0,571,571,315,750.2029108330025,,,,,,,,,,,,,,,,,,,,,,,,,,,,,,,,,,,,,,,,,,,,,,,,,,,,,,,,,,750.1947125000006,750.2029108330025,750.6896361660038,750.6896361660038,750.762420416002,750.762420416002,751.2586936250009,left,1.0459058749984251,None,751.2588199160018,751.2588750830037,None,,,,,,,,,,,,21049997,0,2025-10-20_13h11.20.095,tilt_mocs,2024.2.4,118.29343922245755,2025-10-20 13h11.29.216890 -0400,
-0.5,0.0,,572,572,0,,,,,,,,,,m1,noss,0,left,1.3050008329955745,None,None,,,,,,,,,,,0,572,572,608,751.2688048749988,,,,,,,,,,,,,,,,,,,,,,,,,,,,,,,,,,,,,,,,,,,,,,,,,,,,,,,,,,751.260889833,751.2688048749988,751.7565568749997,751.7565568749997,751.8291995830004,751.8291995830004,752.5767372080008,left,1.3050008329955745,None,752.5768901659976,752.5769465409976,None,,,,,,,,,,,,21049997,0,2025-10-20_13h11.20.095,tilt_mocs,2024.2.4,118.29343922245755,2025-10-20 13h11.29.216890 -0400,
2.166666666666667,15.0,,573,573,0,,,,,,,,,,m2,poss,100,left,1.0216591249991325,None,None,,,,,,,,,,,0,573,573,58,752.5875346660032,,,,,,,,,,,,,,,,,,,,,,,,,,,,,,,,,,,,,,,,,,,,,,,,,,,,,,,,,,752.579127500001,752.5875346660032,753.0730754160031,753.0730754160031,753.1448004999984,753.1448004999984,753.6142652499984,left,1.0216591249991325,None,753.6143887910002,753.6144428330008,None,,,,,,,,,,,,21049997,0,2025-10-20_13h11.20.095,tilt_mocs,2024.2.4,118.29343922245755,2025-10-20 13h11.29.216890 -0400,
1.0,0.0,,574,574,0,,,,,,,,,,p2,noss,0,left,0.9344584999998915,None,None,,,,,,,,,,,0,574,574,679,753.6400202910008,,,,,,,,,,,,,,,,,,,,,,,,,,,,,,,,,,,,,,,,,,,,,,,,,,,,,,,,,,753.616425375003,753.6400202910008,754.1152872079983,754.1152872079983,754.1903515410013,754.1903515410013,754.5854322910018,left,0.9344584999998915,None,754.5855367080003,754.5855822079975,None,,,,,,,,,,,,21049997,0,2025-10-20_13h11.20.095,tilt_mocs,2024.2.4,118.29343922245755,2025-10-20 13h11.29.216890 -0400,
2.666666666666667,15.0,,575,575,0,,,,,,,,,,m1,poss,100,left,1.0248949169981643,None,None,,,,,,,,,,,0,575,575,110,754.592286250001,,,,,,,,,,,,,,,,,,,,,,,,,,,,,,,,,,,,,,,,,,,,,,,,,,,,,,,,,,754.5875264580027,754.592286250001,755.0822799579983,755.0822799579983,755.1570480829978,755.1570480829978,755.6265254579994,left,1.0248949169981643,None,755.6266763329986,755.6267398749987,None,,,,,,,,,,,,21049997,0,2025-10-20_13h11.20.095,tilt_mocs,2024.2.4,118.29343922245755,2025-10-20 13h11.29.216890 -0400,
1.166666666666667,15.0,,576,576,0,,,,,,,,,,m3,poss,100,left,1.0194923329981975,None,None,,,,,,,,,,,0,576,576,31,755.6372888749975,,,,,,,,,,,,,,,,,,,,,,,,,,,,,,,,,,,,,,,,,,,,,,,,,,,,,,,,,,755.6290195830006,755.6372888749975,756.1231874579971,756.1231874579971,756.1952170829973,756.1952170829973,756.6593305830029,left,1.0194923329981975,None,756.6594529580034,756.6595087910027,None,,,,,,,,,,,,21049997,0,2025-10-20_13h11.20.095,tilt_mocs,2024.2.4,118.29343922245755,2025-10-20 13h11.29.216890 -0400,
2.666666666666667,15.0,,577,577,0,,,,,,,,,,m1,poss,100,left,0.9894902920059394,None,None,,,,,,,,,,,0,577,577,85,756.6695059159974,,,,,,,,,,,,,,,,,,,,,,,,,,,,,,,,,,,,,,,,,,,,,,,,,,,,,,,,,,756.6616029159995,756.6695059159974,757.1565931250007,757.1565931250007,757.2298333330036,757.2298333330036,757.6642483750038,left,0.9894902920059394,None,757.6643695829989,757.6644235409985,None,,,,,,,,,,,,21049997,0,2025-10-20_13h11.20.095,tilt_mocs,2024.2.4,118.29343922245755,2025-10-20 13h11.29.216890 -0400,
2.166666666666667,15.0,,578,578,0,,,,,,,,,,m2,poss,100,left,1.1716152080043685,None,None,,,,,,,,,,,0,578,578,65,757.6900594580002,,,,,,,,,,,,,,,,,,,,,,,,,,,,,,,,,,,,,,,,,,,,,,,,,,,,,,,,,,757.6665040829976,757.6900594580002,758.1656095409999,758.1656095409999,758.240538666003,758.240538666003,758.8652303749986,left,1.1716152080043685,None,758.8653260830033,758.8653701250005,None,,,,,,,,,,,,21049997,0,2025-10-20_13h11.20.095,tilt_mocs,2024.2.4,118.29343922245755,2025-10-20 13h11.29.216890 -0400,
-6.75,-15.0,,579,579,0,,,,,,,,,,m3,negs,100,left,0.9395212910021655,None,None,,,,,,,,,,,0,579,579,284,758.8754688749978,,,,,,,,,,,,,,,,,,,,,,,,,,,,,,,,,,,,,,,,,,,,,,,,,,,,,,,,,,758.8672735,758.8754688749978,759.3658923330004,759.3658923330004,759.4402773749971,759.4402773749971,759.8260357079998,left,0.9395212910021655,None,759.8261522910034,759.8261964580015,None,,,,,,,,,,,,21049997,0,2025-10-20_13h11.20.095,tilt_mocs,2024.2.4,118.29343922245755,2025-10-20 13h11.29.216890 -0400,
-5.75,-15.0,,580,580,0,,,,,,,,,,m2,negs,100,left,0.9288549160046387,None,None,,,,,,,,,,,0,580,580,352,759.836066541,,,,,,,,,,,,,,,,,,,,,,,,,,,,,,,,,,,,,,,,,,,,,,,,,,,,,,,,,,759.8280873330004,759.836066541,760.3234331659987,760.3234331659987,760.395707124997,760.395707124997,760.7761339999997,left,0.9288549160046387,None,760.7762604160016,760.7763164999997,None,,,,,,,,,,,,21049997,0,2025-10-20_13h11.20.095,tilt_mocs,2024.2.4,118.29343922245755,2025-10-20 13h11.29.216890 -0400,
2.0,0.0,,581,581,0,,,,,,,,,,p3,noss,0,right,1.0276746660019853,None,None,,,,,,,,,,,0,581,581,690,760.7861107909994,,,,,,,,,,,,,,,,,,,,,,,,,,,,,,,,,,,,,,,,,,,,,,,,,,,,,,,,,,760.7782560409978,760.7861107909994,761.2734680409994,761.2734680409994,761.3471362499986,761.3471362499986,761.8240065409991,right,1.0276746660019853,None,761.8241425410015,761.8241892500009,None,,,,,,,,,,,,21049997,0,2025-10-20_13h11.20.095,tilt_mocs,2024.2.4,118.29343922245755,2025-10-20 13h11.29.216890 -0400,
3.666666666666667,15.0,,582,582,0,,,,,,,,,,p1,poss,100,left,2.485136000002967,None,None,,,,,,,,,,,0,582,582,167,761.8313843750002,,,,,,,,,,,,,,,,,,,,,,,,,,,,,,,,,,,,,,,,,,,,,,,,,,,,,,,,,,761.826157208001,761.8313843750002,762.3165995410018,762.3165995410018,762.3905858330036,762.3905858330036,764.3268951659993,left,2.485136000002967,None,764.327035250004,764.3270994580016,None,,,,,,,,,,,,21049997,0,2025-10-20_13h11.20.095,tilt_mocs,2024.2.4,118.29343922245755,2025-10-20 13h11.29.216890 -0400,
3.166666666666667,15.0,,583,583,0,,,,,,,,,,PSE,poss,100,right,2.1045873330003815,None,None,,,,,,,,,,,0,583,583,120,764.3384221250017,,,,,,,,,,,,,,,,,,,,,,,,,,,,,,,,,,,,,,,,,,,,,,,,,,,,,,,,,,764.3302614159984,764.3384221250017,764.822670374997,764.822670374997,764.8950355409979,764.8950355409979,766.4492747909972,right,2.1045873330003815,None,766.4493989580005,766.4494560410021,None,,,,,,,,,,,,21049997,0,2025-10-20_13h11.20.095,tilt_mocs,2024.2.4,118.29343922245755,2025-10-20 13h11.29.216890 -0400,
2.166666666666667,15.0,,584,584,0,,,,,,,,,,m2,poss,100,right,1.2377316659985809,None,None,,,,,,,,,,,0,584,584,61,766.4599340830027,,,,,,,,,,,,,,,,,,,,,,,,,,,,,,,,,,,,,,,,,,,,,,,,,,,,,,,,,,766.4517789160018,766.4599340830027,766.9493562909993,766.9493562909993,767.0242246659982,767.0242246659982,767.7097516659996,right,1.2377316659985809,None,767.7098768330034,767.7099335829989,None,,,,,,,,,,,,21049997,0,2025-10-20_13h11.20.095,tilt_mocs,2024.2.4,118.29343922245755,2025-10-20 13h11.29.216890 -0400,
-5.75,-15.0,,585,585,0,,,,,,,,,,m2,negs,100,left,0.9066099169940571,None,None,,,,,,,,,,,0,585,585,327,767.7201657499972,,,,,,,,,,,,,,,,,,,,,,,,,,,,,,,,,,,,,,,,,,,,,,,,,,,,,,,,,,767.7121222080023,767.7201657499972,768.2069689580021,768.2069689580021,768.2797266249981,768.2797266249981,768.6312442080016,left,0.9066099169940571,None,768.6313603329982,768.6314142080009,None,,,,,,,,,,,,21049997,0,2025-10-20_13h11.20.095,tilt_mocs,2024.2.4,118.29343922245755,2025-10-20 13h11.29.216890 -0400,
-5.25,-15.0,,586,586,0,,,,,,,,,,m1,negs,100,left,0.973960375005845,None,None,,,,,,,,,,,0,586,586,374,768.6412361659968,,,,,,,,,,,,,,,,,,,,,,,,,,,,,,,,,,,,,,,,,,,,,,,,,,,,,,,,,,768.6333112080029,768.6412361659968,769.1319527079977,769.1319527079977,769.2075836660006,769.2075836660006,769.6262071250021,left,0.973960375005845,None,769.6263344580002,769.6263905410015,None,,,,,,,,,,,,21049997,0,2025-10-20_13h11.20.095,tilt_mocs,2024.2.4,118.29343922245755,2025-10-20 13h11.29.216890 -0400,
5.166666666666667,15.0,,587,587,0,,,,,,,,,,p3,poss,100,right,1.0605531249966589,None,None,,,,,,,,,,,0,587,587,260,769.6370299159971,,,,,,,,,,,,,,,,,,,,,,,,,,,,,,,,,,,,,,,,,,,,,,,,,,,,,,,,,,769.6287522499988,769.6370299159971,770.1236767910013,770.1236767910013,770.1962083749968,770.1962083749968,770.7098148329969,right,1.0605531249966589,None,770.7099487500018,770.7100072079993,None,,,,,,,,,,,,21049997,0,2025-10-20_13h11.20.095,tilt_mocs,2024.2.4,118.29343922245755,2025-10-20 13h11.29.216890 -0400,
5.166666666666667,15.0,,588,588,0,,,,,,,,,,p3,poss,100,right,1.632177583000157,None,None,,,,,,,,,,,0,588,588,269,770.7201080410014,,,,,,,,,,,,,,,,,,,,,,,,,,,,,,,,,,,,,,,,,,,,,,,,,,,,,,,,,,770.712134458001,770.7201080410014,771.2071414160018,771.2071414160018,771.2793538749975,771.2793538749975,772.3599273330037,right,1.632177583000157,None,772.3600521249973,772.3601087080024,None,,,,,,,,,,,,21049997,0,2025-10-20_13h11.20.095,tilt_mocs,2024.2.4,118.29343922245755,2025-10-20 13h11.29.216890 -0400,
2.166666666666667,15.0,,589,589,0,,,,,,,,,,m2,poss,100,left,1.0452259589947062,None,None,,,,,,,,,,,0,589,589,68,772.3701010829973,,,,,,,,,,,,,,,,,,,,,,,,,,,,,,,,,,,,,,,,,,,,,,,,,,,,,,,,,,772.3620722499982,772.3701010829973,772.8570842499976,772.8570842499976,772.9292862500006,772.9292862500006,773.4268354160013,left,1.0452259589947062,None,773.4269815410007,773.4270429579992,None,,,,,,,,,,,,21049997,0,2025-10-20_13h11.20.095,tilt_mocs,2024.2.4,118.29343922245755,2025-10-20 13h11.29.216890 -0400,
-4.25,-15.0,,590,590,0,,,,,,,,,,p1,negs,100,left,0.9491688749985769,None,None,,,,,,,,,,,0,590,590,451,773.4375810409983,,,,,,,,,,,,,,,,,,,,,,,,,,,,,,,,,,,,,,,,,,,,,,,,,,,,,,,,,,773.4293285410022,773.4375810409983,773.9238663750002,773.9238663750002,773.996305749999,773.996305749999,774.3929442910012,left,0.9491688749985769,None,774.3930428750027,774.3930865410002,None,,,,,,,,,,,,21049997,0,2025-10-20_13h11.20.095,tilt_mocs,2024.2.4,118.29343922245755,2025-10-20 13h11.29.216890 -0400,
0.0,0.0,,591,591,0,,,,,,,,,,PSE,noss,0,right,0.9615972920000786,None,None,,,,,,,,,,,0,591,591,620,774.4028842909975,,,,,,,,,,,,,,,,,,,,,,,,,,,,,,,,,,,,,,,,,,,,,,,,,,,,,,,,,,774.3949290829987,774.4028842909975,774.8904242909994,774.8904242909994,774.9629663329979,774.9629663329979,775.3766065829986,right,0.9615972920000786,None,775.3767331659983,775.3767882079992,None,,,,,,,,,,,,21049997,0,2025-10-20_13h11.20.095,tilt_mocs,2024.2.4,118.29343922245755,2025-10-20 13h11.29.216890 -0400,
-4.25,-15.0,,592,592,0,,,,,,,,,,p1,negs,100,left,1.0260580410031253,None,None,,,,,,,,,,,0,592,592,447,775.3869930829969,,,,,,,,,,,,,,,,,,,,,,,,,,,,,,,,,,,,,,,,,,,,,,,,,,,,,,,,,,775.3790019160006,775.3869930829969,775.8738548330002,775.8738548330002,775.9460503329974,775.9460503329974,776.4156007909987,left,1.0260580410031253,None,776.4157007079993,776.4157450409984,None,,,,,,,,,,,,21049997,0,2025-10-20_13h11.20.095,tilt_mocs,2024.2.4,118.29343922245755,2025-10-20 13h11.29.216890 -0400,
-4.75,-15.0,,593,593,0,,,,,,,,,,PSE,negs,100,right,1.9664451249991544,None,None,,,,,,,,,,,0,593,593,432,776.4256780409996,,,,,,,,,,,,,,,,,,,,,,,,,,,,,,,,,,,,,,,,,,,,,,,,,,,,,,,,,,776.4176132499997,776.4256780409996,776.9161097910037,776.9161097910037,776.9911149160034,776.9911149160034,778.4038675830016,right,1.9664451249991544,None,778.4039731250014,778.4040300409979,None,,,,,,,,,,,,21049997,0,2025-10-20_13h11.20.095,tilt_mocs,2024.2.4,118.29343922245755,2025-10-20 13h11.29.216890 -0400,
3.166666666666667,15.0,,594,594,0,,,,,,,,,,PSE,poss,100,right,1.2932790000049863,None,None,,,,,,,,,,,0,594,594,130,778.4103967080009,,,,,,,,,,,,,,,,,,,,,,,,,,,,,,,,,,,,,,,,,,,,,,,,,,,,,,,,,,778.405956458002,778.4103967080009,778.8998187079997,778.8998187079997,778.9745285000026,778.9745285000026,779.7099850829982,right,1.2932790000049863,None,779.7100857909973,779.7101302079973,None,,,,,,,,,,,,21049997,0,2025-10-20_13h11.20.095,tilt_mocs,2024.2.4,118.29343922245755,2025-10-20 13h11.29.216890 -0400,
1.0,0.0,,595,595,0,,,,,,,,,,p2,noss,0,right,0.9541947500038077,None,None,,,,,,,,,,,0,595,595,663,779.7200082499985,,,,,,,,,,,,,,,,,,,,,,,,,,,,,,,,,,,,,,,,,,,,,,,,,,,,,,,,,,779.7120041250018,779.7200082499985,780.2076476250004,780.2076476250004,780.279522416,780.279522416,780.6767447500024,right,0.9541947500038077,None,780.6768700829998,780.6769259580033,None,,,,,,,,,,,,21049997,0,2025-10-20_13h11.20.095,tilt_mocs,2024.2.4,118.29343922245755,2025-10-20 13h11.29.216890 -0400,
-4.25,-15.0,,596,596,0,,,,,,,,,,p1,negs,100,right,0.9810694580010022,None,None,,,,,,,,,,,0,596,596,448,780.6872417080012,,,,,,,,,,,,,,,,,,,,,,,,,,,,,,,,,,,,,,,,,,,,,,,,,,,,,,,,,,780.6791144579984,780.6872417080012,781.1742041660036,781.1742041660036,781.2473467079981,781.2473467079981,781.6772005410021,right,0.9810694580010022,None,781.6773473330031,781.6774043330006,None,,,,,,,,,,,,21049997,0,2025-10-20_13h11.20.095,tilt_mocs,2024.2.4,118.29343922245755,2025-10-20 13h11.29.216890 -0400,
3.666666666666667,15.0,,597,597,0,,,,,,,,,,p1,poss,100,right,0.9544629999945755,None,None,,,,,,,,,,,0,597,597,179,781.6879527909987,,,,,,,,,,,,,,,,,,,,,,,,,,,,,,,,,,,,,,,,,,,,,,,,,,,,,,,,,,781.6796775000039,781.6879527909987,782.1742200410008,782.1742200410008,782.2464391250032,782.2464391250032,782.6535734159988,right,0.9544629999945755,None,782.6536744580008,782.6537192079995,None,,,,,,,,,,,,21049997,0,2025-10-20_13h11.20.095,tilt_mocs,2024.2.4,118.29343922245755,2025-10-20 13h11.29.216890 -0400,
4.166666666666667,15.0,,598,598,0,,,,,,,,,,p2,poss,100,right,0.9304947920027189,None,None,,,,,,,,,,,0,598,598,231,782.6603471249982,,,,,,,,,,,,,,,,,,,,,,,,,,,,,,,,,,,,,,,,,,,,,,,,,,,,,,,,,,782.6556681250004,782.6603471249982,783.1502710409986,783.1502710409986,783.2246619580037,783.2246619580037,783.5933915830028,right,0.9304947920027189,None,783.5934915830003,783.5935362079981,None,,,,,,,,,,,,21049997,0,2025-10-20_13h11.20.095,tilt_mocs,2024.2.4,118.29343922245755,2025-10-20 13h11.29.216890 -0400,
-3.75,-15.0,,599,599,0,,,,,,,,,,p2,negs,100,right,0.9555168330043671,None,None,,,,,,,,,,,0,599,599,515,783.603393874997,,,,,,,,,,,,,,,,,,,,,,,,,,,,,,,,,,,,,,,,,,,,,,,,,,,,,,,,,,783.5954066249978,783.603393874997,784.0909217500011,784.0909217500011,784.1629539999994,784.1629539999994,784.5700136250016,right,0.9555168330043671,None,784.5701125409978,784.5701687909968,None,,,,,,,,,,,,21049997,0,2025-10-20_13h11.20.095,tilt_mocs,2024.2.4,118.29343922245755,2025-10-20 13h11.29.216890 -0400,
5.166666666666667,15.0,,600,600,0,,,,,,,,,,p3,poss,100,right,0.8201425829975051,None,None,,,,,,,,,,,0,600,600,245,784.5766697080035,,,,,,,,,,,,,,,,,,,,,,,,,,,,,,,,,,,,,,,,,,,,,,,,,,,,,,,,,,784.5720735830037,784.5766697080035,785.0671248750004,785.0671248750004,785.1414082080009,785.1414082080009,785.3991695000004,right,0.8201425829975051,None,785.3992655000038,785.3993090000004,None,,,,,,,,,,,,21049997,0,2025-10-20_13h11.20.095,tilt_mocs,2024.2.4,118.29343922245755,2025-10-20 13h11.29.216890 -0400,
5.166666666666667,15.0,,601,601,0,,,,,,,,,,p3,poss,100,right,0.8658431250005378,None,None,,,,,,,,,,,0,601,601,247,785.4093486249985,,,,,,,,,,,,,,,,,,,,,,,,,,,,,,,,,,,,,,,,,,,,,,,,,,,,,,,,,,785.4011733750012,785.4093486249985,785.9005487079994,785.9005487079994,785.9749749160037,785.9749749160037,786.2775702500003,right,0.8658431250005378,None,786.2776782080036,786.2777224160018,None,,,,,,,,,,,,21049997,0,2025-10-20_13h11.20.095,tilt_mocs,2024.2.4,118.29343922245755,2025-10-20 13h11.29.216890 -0400,
-6.75,-15.0,,602,602,0,,,,,,,,,,m3,negs,100,left,1.4616441249963827,None,None,,,,,,,,,,,0,602,602,310,786.2876437910018,,,,,,,,,,,,,,,,,,,,,,,,,,,,,,,,,,,,,,,,,,,,,,,,,,,,,,,,,,786.2797354580034,786.2876437910018,786.7744382079982,786.7744382079982,786.8465455409969,786.8465455409969,787.7601830830026,left,1.4616441249963827,None,787.7603073330029,787.7603629160003,None,,,,,,,,,,,,21049997,0,2025-10-20_13h11.20.095,tilt_mocs,2024.2.4,118.29343922245755,2025-10-20 13h11.29.216890 -0400,
3.666666666666667,15.0,,603,603,0,,,,,,,,,,p1,poss,100,left,1.4893060000031255,None,None,,,,,,,,,,,0,603,603,174,787.7703112500021,,,,,,,,,,,,,,,,,,,,,,,,,,,,,,,,,,,,,,,,,,,,,,,,,,,,,,,,,,787.762427624999,787.7703112500021,788.2576221659983,788.2576221659983,788.3300262499979,788.3300262499979,789.2667845830001,left,1.4893060000031255,None,789.2668901249999,789.2669359580032,None,,,,,,,,,,,,21049997,0,2025-10-20_13h11.20.095,tilt_mocs,2024.2.4,118.29343922245755,2025-10-20 13h11.29.216890 -0400,
-1.0,0.0,,604,604,0,,,,,,,,,,m2,noss,0,left,1.0810601660050452,None,None,,,,,,,,,,,0,604,604,594,789.2770984160015,,,,,,,,,,,,,,,,,,,,,,,,,,,,,,,,,,,,,,,,,,,,,,,,,,,,,,,,,,789.2688390830008,789.2770984160015,789.7671918330016,789.7671918330016,789.841581749999,789.841581749999,790.3610737080016,left,1.0810601660050452,None,790.3612244999968,790.3612819580012,None,,,,,,,,,,,,21049997,0,2025-10-20_13h11.20.095,tilt_mocs,2024.2.4,118.29343922245755,2025-10-20 13h11.29.216890 -0400,
-4.25,-15.0,,605,605,0,,,,,,,,,,p1,negs,100,right,1.7439974169974448,None,None,,,,,,,,,,,0,605,605,461,790.3715925409997,,,,,,,,,,,,,,,,,,,,,,,,,,,,,,,,,,,,,,,,,,,,,,,,,,,,,,,,,,790.363526000001,790.3715925409997,790.8571167080008,790.8571167080008,790.9306423329981,790.9306423329981,792.1425807909982,right,1.7439974169974448,None,792.1427085000032,792.1427634580032,None,,,,,,,,,,,,21049997,0,2025-10-20_13h11.20.095,tilt_mocs,2024.2.4,118.29343922245755,2025-10-20 13h11.29.216890 -0400,
4.166666666666667,15.0,,606,606,0,,,,,,,,,,p2,poss,100,right,1.1202063340024324,None,None,,,,,,,,,,,0,606,606,208,792.1583432499974,,,,,,,,,,,,,,,,,,,,,,,,,,,,,,,,,,,,,,,,,,,,,,,,,,,,,,,,,,792.1449597910032,792.1583432499974,792.6412614579967,792.6412614579967,792.713326750003,792.713326750003,793.2834678330037,right,1.1202063340024324,None,793.2835639160039,793.2836072909995,None,,,,,,,,,,,,21049997,0,2025-10-20_13h11.20.095,tilt_mocs,2024.2.4,118.29343922245755,2025-10-20 13h11.29.216890 -0400,
0.0,0.0,,607,607,0,,,,,,,,,,PSE,noss,0,right,0.9505192090000492,None,None,,,,,,,,,,,0,607,607,632,793.2938102080007,,,,,,,,,,,,,,,,,,,,,,,,,,,,,,,,,,,,,,,,,,,,,,,,,,,,,,,,,,793.2854877080026,793.2938102080007,793.7839547080002,793.7839547080002,793.858246249998,793.858246249998,794.249009332998,right,0.9505192090000492,None,794.2491172500013,794.2491609999997,None,,,,,,,,,,,,21049997,0,2025-10-20_13h11.20.095,tilt_mocs,2024.2.4,118.29343922245755,2025-10-20 13h11.29.216890 -0400,
1.166666666666667,15.0,,608,608,0,,,,,,,,,,m3,poss,100,right,1.033900583999639,None,None,,,,,,,,,,,0,608,608,39,794.2747607080018,,,,,,,,,,,,,,,,,,,,,,,,,,,,,,,,,,,,,,,,,,,,,,,,,,,,,,,,,,794.251029291001,794.2747607080018,794.7506922079992,794.7506922079992,794.8249579999974,794.8249579999974,795.3111511660027,right,1.033900583999639,None,795.3112752500019,795.3113298750031,None,,,,,,,,,,,,21049997,0,2025-10-20_13h11.20.095,tilt_mocs,2024.2.4,118.29343922245755,2025-10-20 13h11.29.216890 -0400,
2.166666666666667,15.0,,609,609,0,,,,,,,,,,m2,poss,100,right,0.9366244170014397,None,None,,,,,,,,,,,0,609,609,60,795.3218138750017,,,,,,,,,,,,,,,,,,,,,,,,,,,,,,,,,,,,,,,,,,,,,,,,,,,,,,,,,,795.3137407910035,795.3218138750017,795.8080521660013,795.8080521660013,795.8800034579981,795.8800034579981,796.2608949999994,right,0.9366244170014397,None,796.2610189999978,796.2610745830025,None,,,,,,,,,,,,21049997,0,2025-10-20_13h11.20.095,tilt_mocs,2024.2.4,118.29343922245755,2025-10-20 13h11.29.216890 -0400,
-1.0,0.0,,610,610,0,,,,,,,,,,m2,noss,0,left,2.504915625002468,None,None,,,,,,,,,,,0,610,610,589,796.2709754160023,,,,,,,,,,,,,,,,,,,,,,,,,,,,,,,,,,,,,,,,,,,,,,,,,,,,,,,,,,796.2630260000005,796.2709754160023,796.7580871250029,796.7580871250029,796.8301223750022,796.8301223750022,798.7788569160039,left,2.504915625002468,None,798.7789952910025,798.7790528749974,None,,,,,,,,,,,,21049997,0,2025-10-20_13h11.20.095,tilt_mocs,2024.2.4,118.29343922245755,2025-10-20 13h11.29.216890 -0400,
2.166666666666667,15.0,,611,611,0,,,,,,,,,,m2,poss,100,left,0.9354809590004152,None,None,,,,,,,,,,,0,611,611,57,798.7891212500035,,,,,,,,,,,,,,,,,,,,,,,,,,,,,,,,,,,,,,,,,,,,,,,,,,,,,,,,,,798.7812609160028,798.7891212500035,799.2747528330001,799.2747528330001,799.347050041004,799.347050041004,799.7275208749998,left,0.9354809590004152,None,799.727648291002,799.7277032909988,None,,,,,,,,,,,,21049997,0,2025-10-20_13h11.20.095,tilt_mocs,2024.2.4,118.29343922245755,2025-10-20 13h11.29.216890 -0400,
2.0,0.0,,612,612,0,,,,,,,,,,p3,noss,0,right,1.2209409999995842,None,None,,,,,,,,,,,0,612,612,695,799.7379143750004,,,,,,,,,,,,,,,,,,,,,,,,,,,,,,,,,,,,,,,,,,,,,,,,,,,,,,,,,,799.7296536249996,799.7379143750004,800.2247832080029,800.2247832080029,800.297783957998,800.297783957998,800.9620939160013,right,1.2209409999995842,None,800.9622720830012,800.962330082999,None,,,,,,,,,,,,21049997,0,2025-10-20_13h11.20.095,tilt_mocs,2024.2.4,118.29343922245755,2025-10-20 13h11.29.216890 -0400,
-5.75,-15.0,,613,613,0,,,,,,,,,,m2,negs,100,left,1.053478207999433,None,None,,,,,,,,,,,0,613,613,347,800.9732593750014,,,,,,,,,,,,,,,,,,,,,,,,,,,,,,,,,,,,,,,,,,,,,,,,,,,,,,,,,,800.9649202500004,800.9732593750014,801.4581999579968,801.4581999579968,801.5304772500021,801.5304772500021,802.033041415998,left,1.053478207999433,None,802.0331635830007,802.0332195829978,None,,,,,,,,,,,,21049997,0,2025-10-20_13h11.20.095,tilt_mocs,2024.2.4,118.29343922245755,2025-10-20 13h11.29.216890 -0400,
3.166666666666667,15.0,,614,614,0,,,,,,,,,,PSE,poss,100,left,1.1989226669975324,None,None,,,,,,,,,,,0,614,614,157,802.0433607500017,,,,,,,,,,,,,,,,,,,,,,,,,,,,,,,,,,,,,,,,,,,,,,,,,,,,,,,,,,802.035255499999,802.0433607500017,802.5344895829985,802.5344895829985,802.6087361660029,802.6087361660029,803.2451577500033,left,1.1989226669975324,None,803.2453353329984,803.2453992079973,None,,,,,,,,,,,,21049997,0,2025-10-20_13h11.20.095,tilt_mocs,2024.2.4,118.29343922245755,2025-10-20 13h11.29.216890 -0400,
2.666666666666667,15.0,,615,615,0,,,,,,,,,,m1,poss,100,left,1.3154625410024892,None,None,,,,,,,,,,,0,615,615,105,803.2566132909997,,,,,,,,,,,,,,,,,,,,,,,,,,,,,,,,,,,,,,,,,,,,,,,,,,,,,,,,,,803.2480300410025,803.2566132909997,803.7415372910036,803.7415372910036,803.8138341250014,803.8138341250014,804.5771088749971,left,1.3154625410024892,None,804.5772188330011,804.577263541003,None,,,,,,,,,,,,21049997,0,2025-10-20_13h11.20.095,tilt_mocs,2024.2.4,118.29343922245755,2025-10-20 13h11.29.216890 -0400,
2.666666666666667,15.0,,616,616,0,,,,,,,,,,m1,poss,100,right,1.9543284999963362,None,None,,,,,,,,,,,0,616,616,112,804.5872064580035,,,,,,,,,,,,,,,,,,,,,,,,,,,,,,,,,,,,,,,,,,,,,,,,,,,,,,,,,,804.5791652909975,804.5872064580035,805.0749526660002,805.0749526660002,805.1472728750014,805.1472728750014,806.5444472910021,right,1.9543284999963362,None,806.5445804999981,806.544635708,None,,,,,,,,,,,,21049997,0,2025-10-20_13h11.20.095,tilt_mocs,2024.2.4,118.29343922245755,2025-10-20 13h11.29.216890 -0400,
3.666666666666667,15.0,,617,617,0,,,,,,,,,,p1,poss,100,right,1.176948625005025,None,None,,,,,,,,,,,0,617,617,160,806.5546172910035,,,,,,,,,,,,,,,,,,,,,,,,,,,,,,,,,,,,,,,,,,,,,,,,,,,,,,,,,,806.5465748330025,806.5546172910035,807.0419175409988,807.0419175409988,807.114697666002,807.114697666002,807.734158457999,right,1.176948625005025,None,807.734257958,807.7343014159997,None,,,,,,,,,,,,21049997,0,2025-10-20_13h11.20.095,tilt_mocs,2024.2.4,118.29343922245755,2025-10-20 13h11.29.216890 -0400,
-5.75,-15.0,,618,618,0,,,,,,,,,,m2,negs,100,right,1.6047902919963235,None,None,,,,,,,,,,,0,618,618,326,807.7444145409972,,,,,,,,,,,,,,,,,,,,,,,,,,,,,,,,,,,,,,,,,,,,,,,,,,,,,,,,,,807.7361546250031,807.7444145409972,808.2337647910026,808.2337647910026,808.3089324579996,808.3089324579996,809.3615470410004,right,1.6047902919963235,None,809.3617038750017,809.3617619580036,None,,,,,,,,,,,,21049997,0,2025-10-20_13h11.20.095,tilt_mocs,2024.2.4,118.29343922245755,2025-10-20 13h11.29.216890 -0400,
-3.75,-15.0,,619,619,0,,,,,,,,,,p2,negs,100,right,1.0254515409978922,None,None,,,,,,,,,,,0,619,619,490,809.371919833,,,,,,,,,,,,,,,,,,,,,,,,,,,,,,,,,,,,,,,,,,,,,,,,,,,,,,,,,,809.3639661659981,809.371919833,809.8584983330002,809.8584983330002,809.9307134159972,809.9307134159972,810.3997422500033,right,1.0254515409978922,None,810.3998393330039,810.3998821659989,None,,,,,,,,,,,,21049997,0,2025-10-20_13h11.20.095,tilt_mocs,2024.2.4,118.29343922245755,2025-10-20 13h11.29.216890 -0400,
5.166666666666667,15.0,,620,620,0,,,,,,,,,,p3,poss,100,right,1.1968173330024001,None,None,,,,,,,,,,,0,620,620,243,810.4251997910033,,,,,,,,,,,,,,,,,,,,,,,,,,,,,,,,,,,,,,,,,,,,,,,,,,,,,,,,,,810.4017844580012,810.4251997910033,810.9011002499974,810.9011002499974,810.9756810410036,810.9756810410036,811.6280777499996,right,1.1968173330024001,None,811.6282053329996,811.6282604160006,None,,,,,,,,,,,,21049997,0,2025-10-20_13h11.20.095,tilt_mocs,2024.2.4,118.29343922245755,2025-10-20 13h11.29.216890 -0400,
1.166666666666667,15.0,,621,621,0,,,,,,,,,,m3,poss,100,left,0.9607032080020872,None,None,,,,,,,,,,,0,621,621,17,811.6386107910002,,,,,,,,,,,,,,,,,,,,,,,,,,,,,,,,,,,,,,,,,,,,,,,,,,,,,,,,,,811.6306581250028,811.6386107910002,812.1251100829977,812.1251100829977,812.1976027909986,812.1976027909986,812.6113330829976,left,0.9607032080020872,None,812.6114599580033,812.611515208002,None,,,,,,,,,,,,21049997,0,2025-10-20_13h11.20.095,tilt_mocs,2024.2.4,118.29343922245755,2025-10-20 13h11.29.216890 -0400,
2.0,0.0,,622,622,0,,,,,,,,,,p3,noss,0,right,2.634512207994703,None,None,,,,,,,,,,,0,622,622,686,812.6213947910001,,,,,,,,,,,,,,,,,,,,,,,,,,,,,,,,,,,,,,,,,,,,,,,,,,,,,,,,,,812.6134775829996,812.6213947910001,813.1086023750031,813.1086023750031,813.1816220410037,813.1816220410037,815.2617969159983,right,2.634512207994703,None,815.261940000004,815.2619972500033,None,,,,,,,,,,,,21049997,0,2025-10-20_13h11.20.095,tilt_mocs,2024.2.4,118.29343922245755,2025-10-20 13h11.29.216890 -0400,
2.166666666666667,15.0,,623,623,0,,,,,,,,,,m2,poss,100,left,1.3862702919941512,None,None,,,,,,,,,,,0,623,623,78,815.2725066249986,,,,,,,,,,,,,,,,,,,,,,,,,,,,,,,,,,,,,,,,,,,,,,,,,,,,,,,,,,815.2644688330038,815.2725066249986,815.7586259579984,815.7586259579984,815.8310539160011,815.8310539160011,816.6615771249999,left,1.3862702919941512,None,816.6617024160005,816.6617632080015,None,,,,,,,,,,,,21049997,0,2025-10-20_13h11.20.095,tilt_mocs,2024.2.4,118.29343922245755,2025-10-20 13h11.29.216890 -0400,
-1.0,0.0,,624,624,0,,,,,,,,,,m2,noss,0,left,1.3543525409986614,None,None,,,,,,,,,,,0,624,624,584,816.6721256250021,,,,,,,,,,,,,,,,,,,,,,,,,,,,,,,,,,,,,,,,,,,,,,,,,,,,,,,,,,816.6639266249986,816.6721256250021,817.1588347080033,817.1588347080033,817.2306797499987,817.2306797499987,818.0292850409969,left,1.3543525409986614,None,818.0294090410025,818.0294636660037,None,,,,,,,,,,,,21049997,0,2025-10-20_13h11.20.095,tilt_mocs,2024.2.4,118.29343922245755,2025-10-20 13h11.29.216890 -0400,
-4.75,-15.0,,625,625,0,,,,,,,,,,PSE,negs,100,left,1.009152249993349,None,None,,,,,,,,,,,0,625,625,424,818.0395423329974,,,,,,,,,,,,,,,,,,,,,,,,,,,,,,,,,,,,,,,,,,,,,,,,,,,,,,,,,,818.0315061660003,818.0395423329974,818.5253750409975,818.5253750409975,818.5977034160023,818.5977034160023,819.0596755410006,left,1.009152249993349,None,819.0597768329972,819.0598199160013,None,,,,,,,,,,,,21049997,0,2025-10-20_13h11.20.095,tilt_mocs,2024.2.4,118.29343922245755,2025-10-20 13h11.29.216890 -0400,
1.0,0.0,,626,626,0,,,,,,,,,,p2,noss,0,left,0.9460631250040024,None,None,,,,,,,,,,,0,626,626,666,819.0669188329994,,,,,,,,,,,,,,,,,,,,,,,,,,,,,,,,,,,,,,,,,,,,,,,,,,,,,,,,,,819.0617557079968,819.0669188329994,819.5517122500023,819.5517122500023,819.6259806660019,819.6259806660019,820.0163362500025,left,0.9460631250040024,None,820.0164311249973,820.0164744580034,None,,,,,,,,,,,,21049997,0,2025-10-20_13h11.20.095,tilt_mocs,2024.2.4,118.29343922245755,2025-10-20 13h11.29.216890 -0400,
3.666666666666667,15.0,,627,627,0,,,,,,,,,,p1,poss,100,left,0.9258352499964531,None,None,,,,,,,,,,,0,627,627,161,820.0423268750019,,,,,,,,,,,,,,,,,,,,,,,,,,,,,,,,,,,,,,,,,,,,,,,,,,,,,,,,,,820.0183346659978,820.0423268750019,820.5176411659995,820.5176411659995,820.5929930409984,820.5929930409984,820.9784572499993,left,0.9258352499964531,None,820.9786273330028,820.9786847080031,None,,,,,,,,,,,,21049997,0,2025-10-20_13h11.20.095,tilt_mocs,2024.2.4,118.29343922245755,2025-10-20 13h11.29.216890 -0400,
4.166666666666667,15.0,,628,628,0,,,,,,,,,,p2,poss,100,left,0.9228974579964415,None,None,,,,,,,,,,,0,628,628,205,820.989592165999,,,,,,,,,,,,,,,,,,,,,,,,,,,,,,,,,,,,,,,,,,,,,,,,,,,,,,,,,,820.9812637499999,820.989592165999,821.4756872910002,821.4756872910002,821.5478885830016,821.5478885830016,821.9165957910009,left,0.9228974579964415,None,821.9167004999981,821.9167603750029,None,,,,,,,,,,,,21049997,0,2025-10-20_13h11.20.095,tilt_mocs,2024.2.4,118.29343922245755,2025-10-20 13h11.29.216890 -0400,
-5.25,-15.0,,629,629,0,,,,,,,,,,m1,negs,100,left,0.9411104999962845,None,None,,,,,,,,,,,0,629,629,395,821.9423944160008,,,,,,,,,,,,,,,,,,,,,,,,,,,,,,,,,,,,,,,,,,,,,,,,,,,,,,,,,,821.9186192499983,821.9423944160008,822.418769625001,822.418769625001,822.492771958001,822.492771958001,822.8950659160037,left,0.9411104999962845,None,822.8952097500005,822.8952684160031,None,,,,,,,,,,,,21049997,0,2025-10-20_13h11.20.095,tilt_mocs,2024.2.4,118.29343922245755,2025-10-20 13h11.29.216890 -0400,
-2.75,-15.0,,630,630,0,,,,,,,,,,p3,negs,100,left,0.9584548749990063,None,None,,,,,,,,,,,0,630,630,522,822.9062770410019,,,,,,,,,,,,,,,,,,,,,,,,,,,,,,,,,,,,,,,,,,,,,,,,,,,,,,,,,,822.8980342909999,822.9062770410019,823.3918247080001,823.3918247080001,823.4649916659982,823.4649916659982,823.8674608750007,left,0.9584548749990063,None,823.8676030830029,823.8676628329995,None,,,,,,,,,,,,21049997,0,2025-10-20_13h11.20.095,tilt_mocs,2024.2.4,118.29343922245755,2025-10-20 13h11.29.216890 -0400,
-5.75,-15.0,,631,631,0,,,,,,,,,,m2,negs,100,left,0.958214209000289,None,None,,,,,,,,,,,0,631,631,359,823.878161665998,,,,,,,,,,,,,,,,,,,,,,,,,,,,,,,,,,,,,,,,,,,,,,,,,,,,,,,,,,823.8697747499973,823.878161665998,824.3686281659975,824.3686281659975,824.4428859580003,824.4428859580003,824.845216791,left,0.958214209000289,None,824.8453471660032,824.8454006250031,None,,,,,,,,,,,,21049997,0,2025-10-20_13h11.20.095,tilt_mocs,2024.2.4,118.29343922245755,2025-10-20 13h11.29.216890 -0400,
2.166666666666667,15.0,,632,632,0,,,,,,,,,,m2,poss,100,left,0.970634292003524,None,None,,,,,,,,,,,0,632,632,76,824.855489583002,,,,,,,,,,,,,,,,,,,,,,,,,,,,,,,,,,,,,,,,,,,,,,,,,,,,,,,,,,824.8472847500016,824.855489583002,825.3424456249995,825.3424456249995,825.4143224159998,825.4143224159998,825.8287254579991,left,0.970634292003524,None,825.8288862909976,825.8289415830004,None,,,,,,,,,,,,21049997,0,2025-10-20_13h11.20.095,tilt_mocs,2024.2.4,118.29343922245755,2025-10-20 13h11.29.216890 -0400,
4.166666666666667,15.0,,633,633,0,,,,,,,,,,p2,poss,100,left,0.9131367499940097,None,None,,,,,,,,,,,0,633,633,217,825.8400589579978,,,,,,,,,,,,,,,,,,,,,,,,,,,,,,,,,,,,,,,,,,,,,,,,,,,,,,,,,,825.8315343330032,825.8400589579978,826.3250342500032,826.3250342500032,826.3982438750027,826.3982438750027,826.7616673750017,left,0.9131367499940097,None,826.7617935410017,826.7618517079973,None,,,,,,,,,,,,21049997,0,2025-10-20_13h11.20.095,tilt_mocs,2024.2.4,118.29343922245755,2025-10-20 13h11.29.216890 -0400,
-0.5,0.0,,634,634,0,,,,,,,,,,m1,noss,0,left,1.1274616660011816,None,None,,,,,,,,,,,0,634,634,607,826.7720016660023,,,,,,,,,,,,,,,,,,,,,,,,,,,,,,,,,,,,,,,,,,,,,,,,,,,,,,,,,,826.7641591659994,826.7720016660023,827.2590445829992,827.2590445829992,827.3328275410022,827.3328275410022,827.910234707997,left,1.1274616660011816,None,827.9103409160016,827.9103840829994,None,,,,,,,,,,,,21049997,0,2025-10-20_13h11.20.095,tilt_mocs,2024.2.4,118.29343922245755,2025-10-20 13h11.29.216890 -0400,
2.0,0.0,,635,635,0,,,,,,,,,,p3,noss,0,left,0.9482197499964968,None,None,,,,,,,,,,,0,635,635,684,827.9174181659982,,,,,,,,,,,,,,,,,,,,,,,,,,,,,,,,,,,,,,,,,,,,,,,,,,,,,,,,,,827.9122801659978,827.9174181659982,828.4021746660001,828.4021746660001,828.4763447079968,828.4763447079968,828.8681424160022,left,0.9482197499964968,None,828.8682407500019,828.868287958001,None,,,,,,,,,,,,21049997,0,2025-10-20_13h11.20.095,tilt_mocs,2024.2.4,118.29343922245755,2025-10-20 13h11.29.216890 -0400,
5.166666666666667,15.0,,636,636,0,,,,,,,,,,p3,poss,100,right,1.210764041999937,None,None,,,,,,,,,,,0,636,636,250,828.8784742499993,,,,,,,,,,,,,,,,,,,,,,,,,,,,,,,,,,,,,,,,,,,,,,,,,,,,,,,,,,828.8702121660026,828.8784742499993,829.3677842910038,829.3677842910038,829.4429633330001,829.4429633330001,830.0952028329993,right,1.210764041999937,None,830.0953298329987,830.0953852910025,None,,,,,,,,,,,,21049997,0,2025-10-20_13h11.20.095,tilt_mocs,2024.2.4,118.29343922245755,2025-10-20 13h11.29.216890 -0400,
-2.75,-15.0,,637,637,0,,,,,,,,,,p3,negs,100,right,0.8899952920037322,None,None,,,,,,,,,,,0,637,637,520,830.1058077909984,,,,,,,,,,,,,,,,,,,,,,,,,,,,,,,,,,,,,,,,,,,,,,,,,,,,,,,,,,830.0977569579991,830.1058077909984,830.5925882500014,830.5925882500014,830.6647142500005,830.6647142500005,831.0007673750006,right,0.8899952920037322,None,831.0008931249977,831.0009486659983,None,,,,,,,,,,,,21049997,0,2025-10-20_13h11.20.095,tilt_mocs,2024.2.4,118.29343922245755,2025-10-20 13h11.29.216890 -0400,
-5.25,-15.0,,638,638,0,,,,,,,,,,m1,negs,100,right,0.9450297079965821,None,None,,,,,,,,,,,0,638,638,391,831.0110567079973,,,,,,,,,,,,,,,,,,,,,,,,,,,,,,,,,,,,,,,,,,,,,,,,,,,,,,,,,,831.0028802910019,831.0110567079973,831.5021135409988,831.5021135409988,831.5766937910012,831.5766937910012,831.9620973749988,right,0.9450297079965821,None,831.9622212910035,831.9622770830028,None,,,,,,,,,,,,21049997,0,2025-10-20_13h11.20.095,tilt_mocs,2024.2.4,118.29343922245755,2025-10-20 13h11.29.216890 -0400,
-4.25,-15.0,,639,639,0,,,,,,,,,,p1,negs,100,right,1.0284600410013809,None,None,,,,,,,,,,,0,639,639,464,831.9721159580004,,,,,,,,,,,,,,,,,,,,,,,,,,,,,,,,,,,,,,,,,,,,,,,,,,,,,,,,,,831.9643079160014,831.9721159580004,832.4592300829972,832.4592300829972,832.532068958004,832.532068958004,833.0118559999974,right,1.0284600410013809,None,833.0119824580033,833.0120375830011,None,,,,,,,,,,,,21049997,0,2025-10-20_13h11.20.095,tilt_mocs,2024.2.4,118.29343922245755,2025-10-20 13h11.29.216890 -0400,
4.166666666666667,15.0,,640,640,0,,,,,,,,,,p2,poss,100,right,0.9374377079948317,None,None,,,,,,,,,,,0,640,640,234,833.0228421659995,,,,,,,,,,,,,,,,,,,,,,,,,,,,,,,,,,,,,,,,,,,,,,,,,,,,,,,,,,833.0145292500019,833.0228421659995,833.5093005000017,833.5093005000017,833.5826077910024,833.5826077910024,833.9627897500031,right,0.9374377079948317,None,833.9629255000036,833.962982457997,None,,,,,,,,,,,,21049997,0,2025-10-20_13h11.20.095,tilt_mocs,2024.2.4,118.29343922245755,2025-10-20 13h11.29.216890 -0400,
5.166666666666667,15.0,,641,641,0,,,,,,,,,,p3,poss,100,right,1.2747840840020217,None,None,,,,,,,,,,,0,641,641,267,833.9736404159994,,,,,,,,,,,,,,,,,,,,,,,,,,,,,,,,,,,,,,,,,,,,,,,,,,,,,,,,,,833.9654488329979,833.9736404159994,834.4593124579987,834.4593124579987,834.5320053329997,834.5320053329997,835.250912208001,right,1.2747840840020217,None,835.2510097080012,835.2510523329984,None,,,,,,,,,,,,21049997,0,2025-10-20_13h11.20.095,tilt_mocs,2024.2.4,118.29343922245755,2025-10-20 13h11.29.216890 -0400,
3.166666666666667,15.0,,642,642,0,,,,,,,,,,PSE,poss,100,right,1.238744249996671,None,None,,,,,,,,,,,0,642,642,148,835.261491958001,,,,,,,,,,,,,,,,,,,,,,,,,,,,,,,,,,,,,,,,,,,,,,,,,,,,,,,,,,835.2529491250025,835.261491958001,835.7511539159968,835.7511539159968,835.8266397499974,835.8266397499974,836.5122121660024,right,1.238744249996671,None,836.5123501249982,836.5124074159976,None,,,,,,,,,,,,21049997,0,2025-10-20_13h11.20.095,tilt_mocs,2024.2.4,118.29343922245755,2025-10-20 13h11.29.216890 -0400,
-2.0,0.0,,643,643,0,,,,,,,,,,m3,noss,0,left,0.9958957499984535,None,None,,,,,,,,,,,0,643,643,568,836.5223902500002,,,,,,,,,,,,,,,,,,,,,,,,,,,,,,,,,,,,,,,,,,,,,,,,,,,,,,,,,,836.5144416659969,836.5223902500002,837.0094832079994,837.0094832079994,837.0814501659988,837.0814501659988,837.5295039580014,left,0.9958957499984535,None,837.5296526250022,837.5297389159969,None,,,,,,,,,,,,21049997,0,2025-10-20_13h11.20.095,tilt_mocs,2024.2.4,118.29343922245755,2025-10-20 13h11.29.216890 -0400,
-4.25,-15.0,,644,644,0,,,,,,,,,,p1,negs,100,left,0.9867931669941754,None,None,,,,,,,,,,,0,644,644,443,837.5399170000019,,,,,,,,,,,,,,,,,,,,,,,,,,,,,,,,,,,,,,,,,,,,,,,,,,,,,,,,,,837.531865375,837.5399170000019,838.0261451659971,838.0261451659971,838.0982186250039,838.0982186250039,838.5298276250032,left,0.9867931669941754,None,838.5299832500023,838.5300431249998,None,,,,,,,,,,,,21049997,0,2025-10-20_13h11.20.095,tilt_mocs,2024.2.4,118.29343922245755,2025-10-20 13h11.29.216890 -0400,
-3.75,-15.0,,645,645,0,,,,,,,,,,p2,negs,100,left,0.9429429579977295,None,None,,,,,,,,,,,0,645,645,488,838.5407597079975,,,,,,,,,,,,,,,,,,,,,,,,,,,,,,,,,,,,,,,,,,,,,,,,,,,,,,,,,,838.5325527910027,838.5407597079975,839.0257226250033,839.0257226250033,839.0995773750037,839.0995773750037,839.4955758750002,left,0.9429429579977295,None,839.4956756660031,839.495720166,None,,,,,,,,,,,,21049997,0,2025-10-20_13h11.20.095,tilt_mocs,2024.2.4,118.29343922245755,2025-10-20 13h11.29.216890 -0400,
1.0,0.0,,646,646,0,,,,,,,,,,p2,noss,0,right,1.0553402090008603,None,None,,,,,,,,,,,0,646,646,662,839.5054310830019,,,,,,,,,,,,,,,,,,,,,,,,,,,,,,,,,,,,,,,,,,,,,,,,,,,,,,,,,,839.4976183749968,839.5054310830019,839.9928974580034,839.9928974580034,840.0652877910034,840.0652877910034,840.5637164580039,right,1.0553402090008603,None,840.5638687910032,840.5639274999994,None,,,,,,,,,,,,21049997,0,2025-10-20_13h11.20.095,tilt_mocs,2024.2.4,118.29343922245755,2025-10-20 13h11.29.216890 -0400,
-0.5,0.0,,647,647,0,,,,,,,,,,m1,noss,0,left,1.7810783340028138,None,None,,,,,,,,,,,0,647,647,606,840.5740618330019,,,,,,,,,,,,,,,,,,,,,,,,,,,,,,,,,,,,,,,,,,,,,,,,,,,,,,,,,,840.5660705409973,840.5740618330019,841.0596232910029,841.0596232910029,841.1318744160017,841.1318744160017,842.3626163329973,left,1.7810783340028138,None,842.3627748330036,842.362830332997,None,,,,,,,,,,,,21049997,0,2025-10-20_13h11.20.095,tilt_mocs,2024.2.4,118.29343922245755,2025-10-20 13h11.29.216890 -0400,
-6.75,-15.0,,648,648,0,,,,,,,,,,m3,negs,100,left,0.9937364590005018,None,None,,,,,,,,,,,0,648,648,288,842.3740403330012,,,,,,,,,,,,,,,,,,,,,,,,,,,,,,,,,,,,,,,,,,,,,,,,,,,,,,,,,,842.3658737500009,842.3740403330012,842.8597375000027,842.8597375000027,842.9319475410011,842.9319475410011,843.379002665999,left,0.9937364590005018,None,843.379131624999,843.3791873329974,None,,,,,,,,,,,,21049997,0,2025-10-20_13h11.20.095,tilt_mocs,2024.2.4,118.29343922245755,2025-10-20 13h11.29.216890 -0400,
-3.75,-15.0,,649,649,0,,,,,,,,,,p2,negs,100,left,0.9261707499972545,None,None,,,,,,,,,,,0,649,649,517,843.3897622910008,,,,,,,,,,,,,,,,,,,,,,,,,,,,,,,,,,,,,,,,,,,,,,,,,,,,,,,,,,843.3815632499973,843.3897622910008,843.876457833001,843.876457833001,843.9494632909991,843.9494632909991,844.3184130000009,left,0.9261707499972545,None,844.318519708002,844.3185632079985,None,,,,,,,,,,,,21049997,0,2025-10-20_13h11.20.095,tilt_mocs,2024.2.4,118.29343922245755,2025-10-20 13h11.29.216890 -0400,
1.166666666666667,15.0,,650,650,0,,,,,,,,,,m3,poss,100,left,0.9624645410003723,None,None,,,,,,,,,,,0,650,650,27,844.3287872500005,,,,,,,,,,,,,,,,,,,,,,,,,,,,,,,,,,,,,,,,,,,,,,,,,,,,,,,,,,844.3204372909968,844.3287872500005,844.8190952079967,844.8190952079967,844.8936032499987,844.8936032499987,845.2959529580039,left,0.9624645410003723,None,845.296078583,845.2961342909985,None,,,,,,,,,,,,21049997,0,2025-10-20_13h11.20.095,tilt_mocs,2024.2.4,118.29343922245755,2025-10-20 13h11.29.216890 -0400,
0.5,0.0,,651,651,0,,,,,,,,,,p1,noss,0,left,0.8604031670038239,None,None,,,,,,,,,,,0,651,651,657,845.3064268750022,,,,,,,,,,,,,,,,,,,,,,,,,,,,,,,,,,,,,,,,,,,,,,,,,,,,,,,,,,845.2983619160004,845.3064268750022,845.7931239579993,845.7931239579993,845.8659765830016,845.8659765830016,846.1792503750039,left,0.8604031670038239,None,846.1793766249975,846.1794321659982,None,,,,,,,,,,,,21049997,0,2025-10-20_13h11.20.095,tilt_mocs,2024.2.4,118.29343922245755,2025-10-20 13h11.29.216890 -0400,
4.166666666666667,15.0,,652,652,0,,,,,,,,,,p2,poss,100,left,0.8733204169984674,None,None,,,,,,,,,,,0,652,652,207,846.1898070410025,,,,,,,,,,,,,,,,,,,,,,,,,,,,,,,,,,,,,,,,,,,,,,,,,,,,,,,,,,846.181797958001,846.1898070410025,846.6764197910015,846.6764197910015,846.7491602500013,846.7491602500013,847.0684303329981,left,0.8733204169984674,None,847.0685302499987,847.0685775829988,None,,,,,,,,,,,,21049997,0,2025-10-20_13h11.20.095,tilt_mocs,2024.2.4,118.29343922245755,2025-10-20 13h11.29.216890 -0400,
1.166666666666667,15.0,,653,653,0,,,,,,,,,,m3,poss,100,right,0.8086666660019546,None,None,,,,,,,,,,,0,653,653,9,847.0788584580005,,,,,,,,,,,,,,,,,,,,,,,,,,,,,,,,,,,,,,,,,,,,,,,,,,,,,,,,,,847.0704486250033,847.0788584580005,847.5689842909997,847.5689842909997,847.6434581249996,847.6434581249996,847.8959242909987,right,0.8086666660019546,None,847.896050000003,847.8961059580033,None,,,,,,,,,,,,21049997,0,2025-10-20_13h11.20.095,tilt_mocs,2024.2.4,118.29343922245755,2025-10-20 13h11.29.216890 -0400,
-2.0,0.0,,654,654,0,,,,,,,,,,m3,noss,0,left,1.1770013330024085,None,None,,,,,,,,,,,0,654,654,563,847.9070990410037,,,,,,,,,,,,,,,,,,,,,,,,,,,,,,,,,,,,,,,,,,,,,,,,,,,,,,,,,,847.8990296659977,847.9070990410037,848.3932691250011,848.3932691250011,848.466169708001,848.466169708001,849.0957700829968,left,1.1770013330024085,None,849.0959008749996,849.0959577079993,None,,,,,,,,,,,,21049997,0,2025-10-20_13h11.20.095,tilt_mocs,2024.2.4,118.29343922245755,2025-10-20 13h11.29.216890 -0400,
-4.75,-15.0,,655,655,0,,,,,,,,,,PSE,negs,100,left,0.9257885830011219,None,None,,,,,,,,,,,0,655,655,405,849.106026583002,,,,,,,,,,,,,,,,,,,,,,,,,,,,,,,,,,,,,,,,,,,,,,,,,,,,,,,,,,849.0981167080026,849.106026583002,849.5933089160026,849.5933089160026,849.6652600000016,849.6652600000016,850.0354242910034,left,0.9257885830011219,None,850.0355186660017,850.035561040997,None,,,,,,,,,,,,21049997,0,2025-10-20_13h11.20.095,tilt_mocs,2024.2.4,118.29343922245755,2025-10-20 13h11.29.216890 -0400,
2.166666666666667,15.0,,656,656,0,,,,,,,,,,m2,poss,100,left,0.897587041996303,None,None,,,,,,,,,,,0,656,656,75,850.0458063749975,,,,,,,,,,,,,,,,,,,,,,,,,,,,,,,,,,,,,,,,,,,,,,,,,,,,,,,,,,850.037413541002,850.0458063749975,850.5365128749982,850.5365128749982,850.6105752910007,850.6105752910007,850.9461271660039,left,0.897587041996303,None,850.9462902500018,850.946349124999,None,,,,,,,,,,,,21049997,0,2025-10-20_13h11.20.095,tilt_mocs,2024.2.4,118.29343922245755,2025-10-20 13h11.29.216890 -0400,
0.5,0.0,,657,657,0,,,,,,,,,,p1,noss,0,right,1.3841089580018888,None,None,,,,,,,,,,,0,657,657,656,850.9569444579975,,,,,,,,,,,,,,,,,,,,,,,,,,,,,,,,,,,,,,,,,,,,,,,,,,,,,,,,,,850.948725000002,850.9569444579975,851.4432130830028,851.4432130830028,851.5171288749989,851.5171288749989,852.3458877500016,right,1.3841089580018888,None,852.3459881660019,852.3460392909983,None,,,,,,,,,,,,21049997,0,2025-10-20_13h11.20.095,tilt_mocs,2024.2.4,118.29343922245755,2025-10-20 13h11.29.216890 -0400,
-4.75,-15.0,,658,658,0,,,,,,,,,,PSE,negs,100,right,1.0548639589978848,None,None,,,,,,,,,,,0,658,658,426,852.3558783330009,,,,,,,,,,,,,,,,,,,,,,,,,,,,,,,,,,,,,,,,,,,,,,,,,,,,,,,,,,852.3479312080017,852.3558783330009,852.8432889999967,852.8432889999967,852.9156515409995,852.9156515409995,853.4131979579979,right,1.0548639589978848,None,853.4133070829994,853.4133523749988,None,,,,,,,,,,,,21049997,0,2025-10-20_13h11.20.095,tilt_mocs,2024.2.4,118.29343922245755,2025-10-20 13h11.29.216890 -0400,
-4.25,-15.0,,659,659,0,,,,,,,,,,p1,negs,100,left,0.949919292004779,None,None,,,,,,,,,,,0,659,659,468,853.4233368330024,,,,,,,,,,,,,,,,,,,,,,,,,,,,,,,,,,,,,,,,,,,,,,,,,,,,,,,,,,853.4153474159975,853.4233368330024,853.9100828750015,853.9100828750015,853.9826472080022,853.9826472080022,854.3793189580028,left,0.949919292004779,None,854.3794210409978,854.3794657910039,None,,,,,,,,,,,,21049997,0,2025-10-20_13h11.20.095,tilt_mocs,2024.2.4,118.29343922245755,2025-10-20 13h11.29.216890 -0400,
0.5,0.0,,660,660,0,,,,,,,,,,p1,noss,0,right,1.1990959999966435,None,None,,,,,,,,,,,0,660,660,651,854.3894002500019,,,,,,,,,,,,,,,,,,,,,,,,,,,,,,,,,,,,,,,,,,,,,,,,,,,,,,,,,,854.381355999998,854.3894002500019,854.8767004160036,854.8767004160036,854.9496217909982,854.9496217909982,855.596130165999,right,1.1990959999966435,None,855.5962494580017,855.5962926249995,None,,,,,,,,,,,,21049997,0,2025-10-20_13h11.20.095,tilt_mocs,2024.2.4,118.29343922245755,2025-10-20 13h11.29.216890 -0400,
4.166666666666667,15.0,,661,661,0,,,,,,,,,,p2,poss,100,right,1.2085737499946845,None,None,,,,,,,,,,,0,661,661,238,855.606058874997,,,,,,,,,,,,,,,,,,,,,,,,,,,,,,,,,,,,,,,,,,,,,,,,,,,,,,,,,,855.5981742080039,855.606058874997,856.0934912500015,856.0934912500015,856.1665707909997,856.1665707909997,856.8188106660018,right,1.2085737499946845,None,856.8189321660029,856.818988250001,None,,,,,,,,,,,,21049997,0,2025-10-20_13h11.20.095,tilt_mocs,2024.2.4,118.29343922245755,2025-10-20 13h11.29.216890 -0400,
0.0,0.0,,662,662,0,,,,,,,,,,PSE,noss,0,right,1.032883915999264,None,None,,,,,,,,,,,0,662,662,630,856.8294276660017,,,,,,,,,,,,,,,,,,,,,,,,,,,,,,,,,,,,,,,,,,,,,,,,,,,,,,,,,,856.8208785829993,856.8294276660017,857.3198043329976,857.3198043329976,857.3940068329975,857.3940068329975,857.8686654580015,right,1.032883915999264,None,857.868787833002,857.8688422499981,None,,,,,,,,,,,,21049997,0,2025-10-20_13h11.20.095,tilt_mocs,2024.2.4,118.29343922245755,2025-10-20 13h11.29.216890 -0400,
-4.25,-15.0,,663,663,0,,,,,,,,,,p1,negs,100,right,1.216398416996526,None,None,,,,,,,,,,,0,663,663,460,857.8792314160019,,,,,,,,,,,,,,,,,,,,,,,,,,,,,,,,,,,,,,,,,,,,,,,,,,,,,,,,,,857.8709108330004,857.8792314160019,858.3694874159992,858.3694874159992,858.4441068329979,858.4441068329979,859.1013605409971,right,1.216398416996526,None,859.1014578329996,859.1015026660025,None,,,,,,,,,,,,21049997,0,2025-10-20_13h11.20.095,tilt_mocs,2024.2.4,118.29343922245755,2025-10-20 13h11.29.216890 -0400,
-5.25,-15.0,,664,664,0,,,,,,,,,,m1,negs,100,right,0.9747367080053664,None,None,,,,,,,,,,,0,664,664,399,859.1269728749976,,,,,,,,,,,,,,,,,,,,,,,,,,,,,,,,,,,,,,,,,,,,,,,,,,,,,,,,,,859.1033771250004,859.1269728749976,859.6032744999975,859.6032744999975,859.6774192910016,859.6774192910016,860.1131688750029,right,0.9747367080053664,None,860.1134137499976,860.1135043750037,None,,,,,,,,,,,,21049997,0,2025-10-20_13h11.20.095,tilt_mocs,2024.2.4,118.29343922245755,2025-10-20 13h11.29.216890 -0400,
4.166666666666667,15.0,,665,665,0,,,,,,,,,,p2,poss,100,right,0.9365093329979572,None,None,,,,,,,,,,,0,665,665,203,860.1240197079969,,,,,,,,,,,,,,,,,,,,,,,,,,,,,,,,,,,,,,,,,,,,,,,,,,,,,,,,,,860.1159240409979,860.1240197079969,860.6103342499991,860.6103342499991,860.6823410830038,860.6823410830038,861.0631013750026,right,0.9365093329979572,None,861.0632685000019,861.0633341249995,None,,,,,,,,,,,,21049997,0,2025-10-20_13h11.20.095,tilt_mocs,2024.2.4,118.29343922245755,2025-10-20 13h11.29.216890 -0400,
1.0,0.0,,666,666,0,,,,,,,,,,p2,noss,0,right,0.9058361669958686,None,None,,,,,,,,,,,0,666,666,675,861.073956207998,,,,,,,,,,,,,,,,,,,,,,,,,,,,,,,,,,,,,,,,,,,,,,,,,,,,,,,,,,861.0656856249989,861.073956207998,861.5602973330024,861.5602973330024,861.6333231660028,861.6333231660028,861.9860547080025,right,0.9058361669958686,None,861.9861779999992,861.9862316660001,None,,,,,,,,,,,,21049997,0,2025-10-20_13h11.20.095,tilt_mocs,2024.2.4,118.29343922245755,2025-10-20 13h11.29.216890 -0400,
1.166666666666667,15.0,,667,667,0,,,,,,,,,,m3,poss,100,right,1.2316552080010297,None,None,,,,,,,,,,,0,667,667,38,861.9964949159985,,,,,,,,,,,,,,,,,,,,,,,,,,,,,,,,,,,,,,,,,,,,,,,,,,,,,,,,,,861.9883439580008,861.9964949159985,862.4862487909995,862.4862487909995,862.5611742909969,862.5611742909969,863.2310214160025,right,1.2316552080010297,None,863.2311685829991,863.231237,None,,,,,,,,,,,,21049997,0,2025-10-20_13h11.20.095,tilt_mocs,2024.2.4,118.29343922245755,2025-10-20 13h11.29.216890 -0400,
2.0,0.0,,668,668,0,,,,,,,,,,p3,noss,0,right,0.9435305000006338,None,None,,,,,,,,,,,0,668,668,689,863.2424051249982,,,,,,,,,,,,,,,,,,,,,,,,,,,,,,,,,,,,,,,,,,,,,,,,,,,,,,,,,,863.2338376659973,863.2424051249982,863.7271431249974,863.7271431249974,863.7990630409986,863.7990630409986,864.1962718750001,right,0.9435305000006338,None,864.1963970830038,864.1964519579997,None,,,,,,,,,,,,21049997,0,2025-10-20_13h11.20.095,tilt_mocs,2024.2.4,118.29343922245755,2025-10-20 13h11.29.216890 -0400,
1.166666666666667,15.0,,669,669,0,,,,,,,,,,m3,poss,100,right,1.1300759160003508,None,None,,,,,,,,,,,0,669,669,10,864.2072593330013,,,,,,,,,,,,,,,,,,,,,,,,,,,,,,,,,,,,,,,,,,,,,,,,,,,,,,,,,,864.1989887500022,864.2072593330013,864.6937393749977,864.6937393749977,864.766685290997,864.766685290997,865.3466897500039,right,1.1300759160003508,None,865.3469441249981,865.347049582997,None,,,,,,,,,,,,21049997,0,2025-10-20_13h11.20.095,tilt_mocs,2024.2.4,118.29343922245755,2025-10-20 13h11.29.216890 -0400,
5.166666666666667,15.0,,670,670,0,,,,,,,,,,p3,poss,100,right,0.9978662499997881,None,None,,,,,,,,,,,0,670,670,272,865.3578186660015,,,,,,,,,,,,,,,,,,,,,,,,,,,,,,,,,,,,,,,,,,,,,,,,,,,,,,,,,,865.3493982910004,865.3578186660015,865.8428417079995,865.8428417079995,865.9159850409997,865.9159850409997,866.3631311249992,right,0.9978662499997881,None,866.3632595000017,866.3633146659995,None,,,,,,,,,,,,21049997,0,2025-10-20_13h11.20.095,tilt_mocs,2024.2.4,118.29343922245755,2025-10-20 13h11.29.216890 -0400,
5.166666666666667,15.0,,671,671,0,,,,,,,,,,p3,poss,100,right,0.8992901249948773,None,None,,,,,,,,,,,0,671,671,258,866.3735303330031,,,,,,,,,,,,,,,,,,,,,,,,,,,,,,,,,,,,,,,,,,,,,,,,,,,,,,,,,,866.3653856250021,866.3735303330031,866.860551040998,866.860551040998,866.9329744999995,866.9329744999995,867.2800598750036,right,0.8992901249948773,None,867.2801875829973,867.2802434160039,None,,,,,,,,,,,,21049997,0,2025-10-20_13h11.20.095,tilt_mocs,2024.2.4,118.29343922245755,2025-10-20 13h11.29.216890 -0400,
-1.0,0.0,,672,672,0,,,,,,,,,,m2,noss,0,left,1.1898311250042752,None,None,,,,,,,,,,,0,672,672,593,867.2902564999968,,,,,,,,,,,,,,,,,,,,,,,,,,,,,,,,,,,,,,,,,,,,,,,,,,,,,,,,,,867.2822491249972,867.2902564999968,867.7772833330018,867.7772833330018,867.8493613750034,867.8493613750034,868.4864875409985,left,1.1898311250042752,None,868.486647208003,868.4867037080039,None,,,,,,,,,,,,21049997,0,2025-10-20_13h11.20.095,tilt_mocs,2024.2.4,118.29343922245755,2025-10-20 13h11.29.216890 -0400,
1.166666666666667,15.0,,673,673,0,,,,,,,,,,m3,poss,100,right,1.1800011669984087,None,None,,,,,,,,,,,0,673,673,30,868.4973430410028,,,,,,,,,,,,,,,,,,,,,,,,,,,,,,,,,,,,,,,,,,,,,,,,,,,,,,,,,,868.4897162909983,868.4973430410028,868.9861829579968,868.9861829579968,869.0611290410015,869.0611290410015,869.6800086250005,right,1.1800011669984087,None,869.6801344580017,869.6801919159989,None,,,,,,,,,,,,21049997,0,2025-10-20_13h11.20.095,tilt_mocs,2024.2.4,118.29343922245755,2025-10-20 13h11.29.216890 -0400,
5.166666666666667,15.0,,674,674,0,,,,,,,,,,p3,poss,100,right,0.9248100830009207,None,None,,,,,,,,,,,0,674,674,244,869.690307375,,,,,,,,,,,,,,,,,,,,,,,,,,,,,,,,,,,,,,,,,,,,,,,,,,,,,,,,,,869.6824302500027,869.690307375,870.1772921250013,870.1772921250013,870.2492326249994,870.2492326249994,870.6183905409998,right,0.9248100830009207,None,870.6184859999994,870.6185292079972,None,,,,,,,,,,,,21049997,0,2025-10-20_13h11.20.095,tilt_mocs,2024.2.4,118.29343922245755,2025-10-20 13h11.29.216890 -0400,
2.166666666666667,15.0,,675,675,0,,,,,,,,,,m2,poss,100,right,1.0887391249998473,None,None,,,,,,,,,,,0,675,675,69,870.6441260409993,,,,,,,,,,,,,,,,,,,,,,,,,,,,,,,,,,,,,,,,,,,,,,,,,,,,,,,,,,870.6204007499982,870.6441260409993,871.1195829999997,871.1195829999997,871.1946644580021,871.1946644580021,871.7353760409969,right,1.0887391249998473,None,871.7354757080029,871.7355195830023,None,,,,,,,,,,,,21049997,0,2025-10-20_13h11.20.095,tilt_mocs,2024.2.4,118.29343922245755,2025-10-20 13h11.29.216890 -0400,
-5.75,-15.0,,676,676,0,,,,,,,,,,m2,negs,100,right,0.8338542919955216,None,None,,,,,,,,,,,0,676,676,333,871.7609033749977,,,,,,,,,,,,,,,,,,,,,,,,,,,,,,,,,,,,,,,,,,,,,,,,,,,,,,,,,,871.7373953330025,871.7609033749977,872.2370204160034,872.2370204160034,872.3113842500024,872.3113842500024,872.5971619159973,right,0.8338542919955216,None,872.5972663330031,872.5973097079986,None,,,,,,,,,,,,21049997,0,2025-10-20_13h11.20.095,tilt_mocs,2024.2.4,118.29343922245755,2025-10-20 13h11.29.216890 -0400,
3.166666666666667,15.0,,677,677,0,,,,,,,,,,PSE,poss,100,right,1.010394749995612,None,None,,,,,,,,,,,0,677,677,145,872.6071590409992,,,,,,,,,,,,,,,,,,,,,,,,,,,,,,,,,,,,,,,,,,,,,,,,,,,,,,,,,,872.5992465000018,872.6071590409992,873.0942025830009,873.0942025830009,873.167692832998,873.167692832998,873.6305689579967,right,1.010394749995612,None,873.6308691250015,873.6309817910005,None,,,,,,,,,,,,21049997,0,2025-10-20_13h11.20.095,tilt_mocs,2024.2.4,118.29343922245755,2025-10-20 13h11.29.216890 -0400,
-5.25,-15.0,,678,678,0,,,,,,,,,,m1,negs,100,right,0.8265775830004713,None,None,,,,,,,,,,,0,678,678,376,873.6411958750032,,,,,,,,,,,,,,,,,,,,,,,,,,,,,,,,,,,,,,,,,,,,,,,,,,,,,,,,,,873.6333227499999,873.6411958750032,874.1274904579986,874.1274904579986,874.1995639160014,874.1995639160014,874.4802975409984,right,0.8265775830004713,None,874.4804219580037,874.4804755829973,None,,,,,,,,,,,,21049997,0,2025-10-20_13h11.20.095,tilt_mocs,2024.2.4,118.29343922245755,2025-10-20 13h11.29.216890 -0400,
-3.75,-15.0,,679,679,0,,,,,,,,,,p2,negs,100,left,0.9678458749986021,None,None,,,,,,,,,,,0,679,679,494,874.4907848329967,,,,,,,,,,,,,,,,,,,,,,,,,,,,,,,,,,,,,,,,,,,,,,,,,,,,,,,,,,874.4826754160022,874.4907848329967,874.9774713750012,874.9774713750012,875.0494263330038,875.0494263330038,875.4638259580024,left,0.9678458749986021,None,875.4639482909988,875.4640022500025,None,,,,,,,,,,,,21049997,0,2025-10-20_13h11.20.095,tilt_mocs,2024.2.4,118.29343922245755,2025-10-20 13h11.29.216890 -0400,
2.666666666666667,15.0,,680,680,0,,,,,,,,,,m1,poss,100,left,1.0499624160001986,None,None,,,,,,,,,,,0,680,680,116,875.4738961249968,,,,,,,,,,,,,,,,,,,,,,,,,,,,,,,,,,,,,,,,,,,,,,,,,,,,,,,,,,875.4658947080025,875.4738961249968,875.9608604579989,875.9608604579989,876.0343218330017,876.0343218330017,876.529869500002,left,1.0499624160001986,None,876.5299757500034,876.5300203750012,None,,,,,,,,,,,,21049997,0,2025-10-20_13h11.20.095,tilt_mocs,2024.2.4,118.29343922245755,2025-10-20 13h11.29.216890 -0400,
-4.75,-15.0,,681,681,0,,,,,,,,,,PSE,negs,100,left,1.2313402500003576,None,None,,,,,,,,,,,0,681,681,403,876.5399877910022,,,,,,,,,,,,,,,,,,,,,,,,,,,,,,,,,,,,,,,,,,,,,,,,,,,,,,,,,,876.5319046660006,876.5399877910022,877.0276472080004,877.0276472080004,877.099778415999,877.099778415999,877.7798692080032,left,1.2313402500003576,None,877.7799965410013,877.780051916001,None,,,,,,,,,,,,21049997,0,2025-10-20_13h11.20.095,tilt_mocs,2024.2.4,118.29343922245755,2025-10-20 13h11.29.216890 -0400,
2.0,0.0,,682,682,0,,,,,,,,,,p3,noss,0,right,1.056258834003529,None,None,,,,,,,,,,,0,682,682,685,877.7901551250034,,,,,,,,,,,,,,,,,,,,,,,,,,,,,,,,,,,,,,,,,,,,,,,,,,,,,,,,,,877.7821787909998,877.7901551250034,878.277588375,878.277588375,878.3496704999998,878.3496704999998,878.8528762499991,right,1.056258834003529,None,878.852996665999,878.8530536250037,None,,,,,,,,,,,,21049997,0,2025-10-20_13h11.20.095,tilt_mocs,2024.2.4,118.29343922245755,2025-10-20 13h11.29.216890 -0400,
-4.75,-15.0,,683,683,0,,,,,,,,,,PSE,negs,100,left,1.2451752910055802,None,None,,,,,,,,,,,0,683,683,438,878.863575000003,,,,,,,,,,,,,,,,,,,,,,,,,,,,,,,,,,,,,,,,,,,,,,,,,,,,,,,,,,878.8550204580024,878.863575000003,879.3535120000015,879.3535120000015,879.4279052499987,879.4279052499987,880.1137464580024,left,1.2451752910055802,None,880.1138720000017,880.1139280409989,None,,,,,,,,,,,,21049997,0,2025-10-20_13h11.20.095,tilt_mocs,2024.2.4,118.29343922245755,2025-10-20 13h11.29.216890 -0400,
-4.75,-15.0,,684,684,0,,,,,,,,,,PSE,negs,100,left,1.0049482910035294,None,None,,,,,,,,,,,0,684,684,414,880.123893875003,,,,,,,,,,,,,,,,,,,,,,,,,,,,,,,,,,,,,,,,,,,,,,,,,,,,,,,,,,880.1163273330021,880.123893875003,880.6110767080027,880.6110767080027,880.6833146249992,880.6833146249992,881.1396650829993,left,1.0049482910035294,None,881.1397631250002,881.1398071250005,None,,,,,,,,,,,,21049997,0,2025-10-20_13h11.20.095,tilt_mocs,2024.2.4,118.29343922245755,2025-10-20 13h11.29.216890 -0400,
1.0,0.0,,685,685,0,,,,,,,,,,p2,noss,0,right,1.1690293329957058,None,None,,,,,,,,,,,0,685,685,668,881.1472915830018,,,,,,,,,,,,,,,,,,,,,,,,,,,,,,,,,,,,,,,,,,,,,,,,,,,,,,,,,,881.1416783750028,881.1472915830018,881.636841624997,881.636841624997,881.7115580410027,881.7115580410027,882.320204333002,right,1.1690293329957058,None,882.3203195410024,882.3203634160018,None,,,,,,,,,,,,21049997,0,2025-10-20_13h11.20.095,tilt_mocs,2024.2.4,118.29343922245755,2025-10-20 13h11.29.216890 -0400,
5.166666666666667,15.0,,686,686,0,,,,,,,,,,p3,poss,100,right,1.1267062080005417,None,None,,,,,,,,,,,0,686,686,265,882.330552665997,,,,,,,,,,,,,,,,,,,,,,,,,,,,,,,,,,,,,,,,,,,,,,,,,,,,,,,,,,882.3222172500027,882.330552665997,882.8196613749969,882.8196613749969,882.8949358329992,882.8949358329992,883.4634864999971,right,1.1267062080005417,None,883.4635841249983,883.4636454580032,None,,,,,,,,,,,,21049997,0,2025-10-20_13h11.20.095,tilt_mocs,2024.2.4,118.29343922245755,2025-10-20 13h11.29.216890 -0400,
1.166666666666667,15.0,,687,687,0,,,,,,,,,,m3,poss,100,left,3.1219159999964177,None,None,,,,,,,,,,,0,687,687,4,883.4735144160004,,,,,,,,,,,,,,,,,,,,,,,,,,,,,,,,,,,,,,,,,,,,,,,,,,,,,,,,,,883.4655004160013,883.4735144160004,883.9612366250003,883.9612366250003,884.034238082997,884.034238082997,886.5979145000019,left,3.1219159999964177,None,886.598027041,886.5980729579969,None,,,,,,,,,,,,21049997,0,2025-10-20_13h11.20.095,tilt_mocs,2024.2.4,118.29343922245755,2025-10-20 13h11.29.216890 -0400,
2.166666666666667,15.0,,688,688,0,,,,,,,,,,m2,poss,100,left,0.18664662499941187,None,None,,,,,,,,,,,0,688,688,74,886.6080540830008,,,,,,,,,,,,,,,,,,,,,,,,,,,,,,,,,,,,,,,,,,,,,,,,,,,,,,,,,,886.6000924580003,886.6080540830008,,,,,886.797179000001,left,0.18664662499941187,None,886.7972806660036,886.797324500003,None,,,,,,,,,,,,21049997,0,2025-10-20_13h11.20.095,tilt_mocs,2024.2.4,118.29343922245755,2025-10-20 13h11.29.216890 -0400,
-4.25,-15.0,,689,689,0,,,,,,,,,,p1,negs,100,left,0.6383627079994767,None,None,,,,,,,,,,,0,689,689,442,886.8069899160037,,,,,,,,,,,,,,,,,,,,,,,,,,,,,,,,,,,,,,,,,,,,,,,,,,,,,,,,,,886.7991853749991,886.8069899160037,887.294516832997,887.294516832997,887.3671662499983,887.3671662499983,887.4478139159983,left,0.6383627079994767,None,887.4479486249984,887.4480059999987,None,,,,,,,,,,,,21049997,0,2025-10-20_13h11.20.095,tilt_mocs,2024.2.4,118.29343922245755,2025-10-20 13h11.29.216890 -0400,
1.166666666666667,15.0,,690,690,0,,,,,,,,,,m3,poss,100,left,1.1443712920008693,None,None,,,,,,,,,,,0,690,690,24,887.4580029159988,,,,,,,,,,,,,,,,,,,,,,,,,,,,,,,,,,,,,,,,,,,,,,,,,,,,,,,,,,887.4500794999985,887.4580029159988,887.9445899159982,887.9445899159982,888.0177789579975,888.0177789579975,888.6125329580027,left,1.1443712920008693,None,888.6126297500014,888.6126726660004,None,,,,,,,,,,,,21049997,0,2025-10-20_13h11.20.095,tilt_mocs,2024.2.4,118.29343922245755,2025-10-20 13h11.29.216890 -0400,
-5.25,-15.0,,691,691,0,,,,,,,,,,m1,negs,100,left,0.9586111660028109,None,None,,,,,,,,,,,0,691,691,375,888.6227852500015,,,,,,,,,,,,,,,,,,,,,,,,,,,,,,,,,,,,,,,,,,,,,,,,,,,,,,,,,,888.6145189579984,888.6227852500015,889.1041152500038,889.1041152500038,889.1784842909983,889.1784842909983,889.5864762499987,left,0.9586111660028109,None,889.5865732500024,889.586615375003,None,,,,,,,,,,,,21049997,0,2025-10-20_13h11.20.095,tilt_mocs,2024.2.4,118.29343922245755,2025-10-20 13h11.29.216890 -0400,
-2.0,0.0,,692,692,0,,,,,,,,,,m3,noss,0,left,0.9441287919980823,None,None,,,,,,,,,,,0,692,692,561,889.5965787500027,,,,,,,,,,,,,,,,,,,,,,,,,,,,,,,,,,,,,,,,,,,,,,,,,,,,,,,,,,889.588477958001,889.5965787500027,890.0877362079991,890.0877362079991,890.161832208003,890.161832208003,890.5473217500039,left,0.9441287919980823,None,890.5474556249974,890.5475115829977,None,,,,,,,,,,,,21049997,0,2025-10-20_13h11.20.095,tilt_mocs,2024.2.4,118.29343922245755,2025-10-20 13h11.29.216890 -0400,
0.5,0.0,,693,693,0,,,,,,,,,,p1,noss,0,left,1.022839124998427,None,None,,,,,,,,,,,0,693,693,652,890.5575019579992,,,,,,,,,,,,,,,,,,,,,,,,,,,,,,,,,,,,,,,,,,,,,,,,,,,,,,,,,,890.5497570829975,890.5575019579992,891.0447241250004,891.0447241250004,891.1170710000006,891.1170710000006,891.5870761659971,left,1.022839124998427,None,891.587196708002,891.5872507079985,None,,,,,,,,,,,,21049997,0,2025-10-20_13h11.20.095,tilt_mocs,2024.2.4,118.29343922245755,2025-10-20 13h11.29.216890 -0400,
-0.5,0.0,,694,694,0,,,,,,,,,,m1,noss,0,left,0.9832737910037395,None,None,,,,,,,,,,,0,694,694,605,891.5975342079983,,,,,,,,,,,,,,,,,,,,,,,,,,,,,,,,,,,,,,,,,,,,,,,,,,,,,,,,,,891.5893309579988,891.5975342079983,892.0876580409968,892.0876580409968,892.1619713330001,892.1619713330001,892.5870664160029,left,0.9832737910037395,None,892.5871675410017,892.5872124160014,None,,,,,,,,,,,,21049997,0,2025-10-20_13h11.20.095,tilt_mocs,2024.2.4,118.29343922245755,2025-10-20 13h11.29.216890 -0400,
-4.75,-15.0,,695,695,0,,,,,,,,,,PSE,negs,100,left,1.0161437919960008,None,None,,,,,,,,,,,0,695,695,410,892.5974429159978,,,,,,,,,,,,,,,,,,,,,,,,,,,,,,,,,,,,,,,,,,,,,,,,,,,,,,,,,,892.5891458749975,892.5974429159978,893.0867348750035,893.0867348750035,893.1619495409977,893.1619495409977,893.6192054580024,left,1.0161437919960008,None,893.6193237909974,893.6193782909977,None,,,,,,,,,,,,21049997,0,2025-10-20_13h11.20.095,tilt_mocs,2024.2.4,118.29343922245755,2025-10-20 13h11.29.216890 -0400,
2.166666666666667,15.0,,696,696,0,,,,,,,,,,m2,poss,100,left,0.8636852089985041,None,None,,,,,,,,,,,0,696,696,63,893.6449090410024,,,,,,,,,,,,,,,,,,,,,,,,,,,,,,,,,,,,,,,,,,,,,,,,,,,,,,,,,,893.6213507909997,893.6449090410024,894.1203809159997,894.1203809159997,894.195339291,894.195339291,894.5148437500029,left,0.8636852089985041,None,894.5149985410026,894.5150576250016,None,,,,,,,,,,,,21049997,0,2025-10-20_13h11.20.095,tilt_mocs,2024.2.4,118.29343922245755,2025-10-20 13h11.29.216890 -0400,
-5.25,-15.0,,697,697,0,,,,,,,,,,m1,negs,100,left,1.0036466249948717,None,None,,,,,,,,,,,0,697,697,364,894.5253259160017,,,,,,,,,,,,,,,,,,,,,,,,,,,,,,,,,,,,,,,,,,,,,,,,,,,,,,,,,,894.517130375003,894.5253259160017,895.0116094160039,895.0116094160039,895.084365499999,895.084365499999,895.5317008330021,left,1.0036466249948717,None,895.5318330410009,895.5318910409987,None,,,,,,,,,,,,21049997,0,2025-10-20_13h11.20.095,tilt_mocs,2024.2.4,118.29343922245755,2025-10-20 13h11.29.216890 -0400,
-4.75,-15.0,,698,698,0,,,,,,,,,,PSE,negs,100,left,0.8938163339989842,None,None,,,,,,,,,,,0,698,698,436,895.5425139580038,,,,,,,,,,,,,,,,,,,,,,,,,,,,,,,,,,,,,,,,,,,,,,,,,,,,,,,,,,895.5341561250025,895.5425139580038,896.0281418750019,896.0281418750019,896.1011042910031,896.1011042910031,896.4475090409978,left,0.8938163339989842,None,896.4476337500018,896.4476885409968,None,,,,,,,,,,,,21049997,0,2025-10-20_13h11.20.095,tilt_mocs,2024.2.4,118.29343922245755,2025-10-20 13h11.29.216890 -0400,
2.666666666666667,15.0,,699,699,0,,,,,,,,,,m1,poss,100,left,0.8802244160033297,None,None,,,,,,,,,,,0,699,699,109,896.4583905410036,,,,,,,,,,,,,,,,,,,,,,,,,,,,,,,,,,,,,,,,,,,,,,,,,,,,,,,,,,896.4500849579999,896.4583905410036,896.9449004580019,896.9449004580019,897.017505374999,897.017505374999,897.3476861250019,left,0.8802244160033297,None,897.3478443749991,897.3478957499974,None,,,,,,,,,,,,21049997,0,2025-10-20_13h11.20.095,tilt_mocs,2024.2.4,118.29343922245755,2025-10-20 13h11.29.216890 -0400,
,,,,,,,,,,,,,,,,,,,,,,,,,,,,,,,,,,,,,,,,,,,,,,,,,,,,,,,,,,,,,,,,,,,,,,,,,,,,,,,,,,,,,,,,,,,,,,,,,,,,,,,,,,,,,,,897.3481064579973,897.3584505830004,897.3584505830004,994.7673626250034,space,97.40299908399902,None,21049997,0,2025-10-20_13h11.20.095,tilt_mocs,2024.2.4,118.29343922245755,2025-10-20 13h11.29.216890 -0400,
