center,surround,correct,thisN,thisTrialN,thisRepN,key_resp_3.keys,key_resp_3.corr,key_resp_3.rt,key_resp_3.duration,opacity,key_resp_4.keys,key_resp_4.corr,key_resp_4.rt,key_resp_4.duration,type,surr_type,surr_opacity,resp.keys,resp.rt,resp.duration,key_resp_10.keys,key_resp_10.rt,key_resp_10.duration,practice_no_time.thisRepN,practice_no_time.thisTrialN,practice_no_time.thisN,practice_no_time.thisIndex,practice_timed.thisRepN,practice_timed.thisTrialN,practice_timed.thisN,practice_timed.thisIndex,trials.thisRepN,trials.thisTrialN,trials.thisN,trials.thisIndex,thisRow.t,notes,instr.started,text_5.started,key_resp_2.started,instr.stopped,key_resp_2.keys,key_resp_2.rt,key_resp_2.duration,instr2.started,text_6.started,key_resp_6.started,instr2.stopped,key_resp_6.keys,key_resp_6.rt,key_resp_6.duration,practice_trial.started,key_resp_3.started,surround_practice.started,center_practice.started,practice_trial.stopped,practice_no_time.key_resp_3.keys,practice_no_time.key_resp_3.corr,practice_no_time.key_resp_3.rt,practice_no_time.key_resp_3.duration,practice_feedback.started,text_7.started,practice_feedback.stopped,text_7.stopped,instr3.started,text_8.started,key_resp_5.started,instr3.stopped,key_resp_5.keys,key_resp_5.rt,key_resp_5.duration,practice_trial_timed.started,key_resp_4.started,surround_practice_2.started,center_practice_2.started,surround_practice_2.stopped,center_practice_2.stopped,text_12.started,practice_trial_timed.stopped,practice_timed.key_resp_4.keys,practice_timed.key_resp_4.corr,practice_timed.key_resp_4.rt,practice_timed.key_resp_4.duration,start_instr.started,text_13.started,key_resp_8.started,start_instr.stopped,key_resp_8.keys,key_resp_8.rt,key_resp_8.duration,trial.started,resp.started,surround_grating.started,center_grating.started,surround_grating.stopped,center_grating.stopped,trial.stopped,trials.resp.keys,trials.resp.rt,trials.resp.duration,break_2.started,break_2.stopped,trials.key_resp_10.keys,text_2.started,key_resp_10.started,trials.key_resp_10.rt,trials.key_resp_10.duration,end.started,text_14.started,key_resp.started,end.stopped,key_resp.keys,key_resp.rt,key_resp.duration,sub,ses,date,expName,psychopyVersion,frameRate,expStart,
,,,,,,,,,,,,,,,,,,,,,,,,,,,,,,,,,,,,,,0.007778915998642333,0.019028957998671103,0.019028957998671103,8.396674957999494,space,8.334340500005055,None,,,,,,,,,,,,,,,,,,,,,,,,,,,,,,,,,,,,,,,,,,,,,,,,,,,,,,,,,,,,,,,,,,,,,,,21049996,0,2025-10-20_13h42.01.136,tilt_mocs,2024.2.4,120.22253239129209,2025-10-20 13h42.12.817192 -0400,
,,,,,,,,,,,,,,,,,,,,,,,,,,,,,,,,,,,,,,,,,,,,,8.396750249994511,8.411035915996763,8.411035915996763,11.3328523329983,space,2.9155887499946402,None,,,,,,,,,,,,,,,,,,,,,,,,,,,,,,,,,,,,,,,,,,,,,,,,,,,,,,,,,,,,,,,,21049996,0,2025-10-20_13h42.01.136,tilt_mocs,2024.2.4,120.22253239129209,2025-10-20 13h42.12.817192 -0400,
30,0,right,0,0,0,right,1,1.1884708750003483,None,,,,,,,,,,,,,,,0,0,0,0,,,,,,,,,11.349661915999604,,,,,,,,,,,,,,,,11.340585540994653,11.349661915999604,11.838144624998677,11.838144624998677,12.549017624995031,right,1,1.1884708750003483,None,12.554015875000914,12.610642207997444,14.053120790995308,,,,,,,,,,,,,,,,,,,,,,,,,,,,,,,,,,,,,,,,,,,,,,,,,,,,21049996,0,2025-10-20_13h42.01.136,tilt_mocs,2024.2.4,120.22253239129209,2025-10-20 13h42.12.817192 -0400,
-30,0,left,1,1,0,left,1,1.4357239580058376,None,,,,,,,,,,,,,,,0,1,1,1,,,,,,,,,14.063406540997676,,,,,,,,,,,,,,,,14.055431207998481,14.063406540997676,14.546645999995235,14.546645999995235,15.505229165995843,left,1,1.4357239580058376,None,15.505337249996956,15.51358479099872,16.998039999998582,17.0065655829967,,,,,,,,,,,,,,,,,,,,,,,,,,,,,,,,,,,,,,,,,,,,,,,,,,,21049996,0,2025-10-20_13h42.01.136,tilt_mocs,2024.2.4,120.22253239129209,2025-10-20 13h42.12.817192 -0400,
30,60,right,2,2,0,right,1,1.1646219169997494,None,,,,,,,,,,,,,,,0,2,2,2,,,,,,,,,17.0065655829967,,,,,,,,,,,,,,,,17.001117624997278,17.0065655829967,17.50674962499761,17.50674962499761,18.182957665994763,right,1,1.1646219169997494,None,18.183092874998692,18.191988624996156,19.681119749999198,19.6888937909971,,,,,,,,,,,,,,,,,,,,,,,,,,,,,,,,,,,,,,,,,,,,,,,,,,,21049996,0,2025-10-20_13h42.01.136,tilt_mocs,2024.2.4,120.22253239129209,2025-10-20 13h42.12.817192 -0400,
-30,-60,left,3,3,0,left,1,1.1454549580012099,None,,,,,,,,,,,,,,,0,3,3,3,,,,,,,,,19.6888937909971,,,,,,,,,,,,,,,,19.683290624998335,19.6888937909971,20.180374999996275,20.180374999996275,20.838756915996782,left,1,1.1454549580012099,None,20.83885874999396,20.847143874998437,22.331419333000667,22.33894549999968,,,,,,,,,,,,,,,,,,,,,,,,,,,,,,,,,,,,,,,,,,,,,,,,,,,21049996,0,2025-10-20_13h42.01.136,tilt_mocs,2024.2.4,120.22253239129209,2025-10-20 13h42.12.817192 -0400,
,,,,,,,,,,,,,,,,,,,,,,,,,,,,,,,,,,,,,,,,,,,,,,,,,,,,,,,,,,,,,,,,,22.331577082994045,22.33894549999968,22.33894549999968,25.816035499999998,space,3.4683880000011413,None,,,,,,,,,,,,,,,,,,,,,,,,,,,,,,,,,,,,,,,,,,,,21049996,0,2025-10-20_13h42.01.136,tilt_mocs,2024.2.4,120.22253239129209,2025-10-20 13h42.12.817192 -0400,
-30,-60,left,0,0,0,,,,,100,left,1,1.2850665410005604,None,,,,,,,,,,,,,,0,0,0,0,,,,,25.831810499999847,,,,,,,,,,,,,,,,,,,,,,,,,27.12178445799509,27.130206415997236,28.614889915996173,28.62228299999697,,,,,,,,25.822971290996065,25.831810499999847,26.31650587499462,26.31650587499462,26.389188415996614,26.389188415996614,26.389188415996614,27.121666540995648,left,1,1.2850665410005604,None,,,,,,,,,,,,,,,,,,,,,,,,,,,,,,,,21049996,0,2025-10-20_13h42.01.136,tilt_mocs,2024.2.4,120.22253239129209,2025-10-20 13h42.12.817192 -0400,
-30,0,left,1,1,0,,,,,100,left,1,1.133361332998902,None,,,,,,,,,,,,,,0,1,1,1,,,,,28.62228299999697,,,,,,,,,,,,,,,,,,,,,,,,,29.766370416000427,29.77486141600093,31.265311124996515,31.273048457995174,,,,,,,,28.616509499996027,28.62228299999697,29.123841249995166,29.123841249995166,29.19773066599737,29.19773066599737,29.19773066599737,29.766253165995295,left,1,1.133361332998902,None,,,,,,,,,,,,,,,,,,,,,,,,,,,,,,,,21049996,0,2025-10-20_13h42.01.136,tilt_mocs,2024.2.4,120.22253239129209,2025-10-20 13h42.12.817192 -0400,
30,60,right,2,2,0,,,,,100,right,1,1.1368140410049818,None,,,,,,,,,,,,,,0,2,2,2,,,,,31.273048457995174,,,,,,,,,,,,,,,,,,,,,,,,,32.416464707996056,32.424942416000704,33.915161290999094,33.922508832998574,,,,,,,,31.267089041000872,31.273048457995174,31.764025124997715,31.764025124997715,31.838499040997704,31.838499040997704,31.838499040997704,32.41634387499653,right,1,1.1368140410049818,None,,,,,,,,,,,,,,,,,,,,,,,,,,,,,,,,21049996,0,2025-10-20_13h42.01.136,tilt_mocs,2024.2.4,120.22253239129209,2025-10-20 13h42.12.817192 -0400,
30,0,right,3,3,0,,,,,100,right,1,0.9793898749994696,None,,,,,,,,,,,,,,0,3,3,3,,,,,33.922508832998574,,,,,,,,,,,,,,,,,,,,,,,,,34.9056035829999,34.913995415998215,36.39869637499942,36.40619845799665,,,,,,,,33.91679541600024,33.922508832998574,34.414069124999514,34.414069124999514,34.48784191599407,34.48784191599407,34.48784191599407,34.90548908299388,right,1,0.9793898749994696,None,,,,,,,,,,,,,,,,,,,,,,,,,,,,,,,,21049996,0,2025-10-20_13h42.01.136,tilt_mocs,2024.2.4,120.22253239129209,2025-10-20 13h42.12.817192 -0400,
-30,69,left,4,4,0,,,,,0,left,1,1.3123352500042529,None,,,,,,,,,,,,,,0,4,4,4,,,,,36.40619845799665,,,,,,,,,,,,,,,,,,,,,,,,,37.72301516599691,37.73104041599436,39.21537533299852,39.22307112499402,,,,,,,,36.4003799159982,36.40619845799665,36.89680199999566,36.89680199999566,36.97018104099698,36.97018104099698,36.981481915994664,37.72290079099912,left,1,1.3123352500042529,None,,,,,,,,,,,,,,,,,,,,,,,,,,,,,,,,21049996,0,2025-10-20_13h42.01.136,tilt_mocs,2024.2.4,120.22253239129209,2025-10-20 13h42.12.817192 -0400,
30,69,right,5,5,0,,,,,0,right,1,1.0519179999973858,None,,,,,,,,,,,,,,0,5,5,5,,,,,39.22307112499402,,,,,,,,,,,,,,,,,,,,,,,,,40.283822874996986,40.292351832998975,41.782049124994955,41.78984312499961,,,,,,,,39.21725762499409,39.22307112499402,39.72338041599869,39.72338041599869,39.79807745799917,39.79807745799917,39.79807745799917,40.283671457997116,right,1,1.0519179999973858,None,,,,,,,,,,,,,,,,,,,,,,,,,,,,,,,,21049996,0,2025-10-20_13h42.01.136,tilt_mocs,2024.2.4,120.22253239129209,2025-10-20 13h42.12.817192 -0400,
,,,,,,,,,,,,,,,,,,,,,,,,,,,,,,,,,,,,,,,,,,,,,,,,,,,,,,,,,,,,,,,,,,,,,,,,,,,,,,,,,,,,41.78223429100035,41.78984312499961,41.78984312499961,85.46860645799461,space,43.67365087499638,None,,,,,,,,,,,,,,,,,,,,,,,,,21049996,0,2025-10-20_13h42.01.136,tilt_mocs,2024.2.4,120.22253239129209,2025-10-20 13h42.12.817192 -0400,
3.0,15.0,,0,0,0,,,,,,,,,,p1,poss,100,left,1.1183049169994774,None,None,,,,,,,,,,,0,0,0,184,85.51841316599894,,,,,,,,,,,,,,,,,,,,,,,,,,,,,,,,,,,,,,,,,,,,,,,,,,,,,,,85.51185912499932,85.51841316599894,85.96845899999607,85.96845899999607,86.03768866599421,86.03768866599421,86.64134254099918,left,1.1183049169994774,None,86.6414851659938,86.64156691599783,None,,,,,,,,,,,,21049996,0,2025-10-20_13h42.01.136,tilt_mocs,2024.2.4,120.22253239129209,2025-10-20 13h42.12.817192 -0400,
-2.125,-15.0,,1,1,0,,,,,,,,,,p3,negs,100,right,1.0491882920032367,None,None,,,,,,,,,,,0,1,1,540,86.65201579099812,,,,,,,,,,,,,,,,,,,,,,,,,,,,,,,,,,,,,,,,,,,,,,,,,,,,,,,86.64368733299489,86.65201579099812,87.14125670799694,87.14125670799694,87.21651591599948,87.21651591599948,87.70794279099937,right,1.0491882920032367,None,87.70804800000042,87.70809166599793,None,,,,,,,,,,,,21049996,0,2025-10-20_13h42.01.136,tilt_mocs,2024.2.4,120.22253239129209,2025-10-20 13h42.12.817192 -0400,
-3.625,-15.0,,2,2,0,,,,,,,,,,p1,negs,100,right,1.3777012920036213,None,None,,,,,,,,,,,0,2,2,467,87.71849970799667,,,,,,,,,,,,,,,,,,,,,,,,,,,,,,,,,,,,,,,,,,,,,,,,,,,,,,,87.710037249999,87.71849970799667,88.20889116599574,88.20889116599574,88.28317974999663,88.28317974999663,89.10199424999882,right,1.3777012920036213,None,89.10212491599668,89.10217804100103,None,,,,,,,,,,,,21049996,0,2025-10-20_13h42.01.136,tilt_mocs,2024.2.4,120.22253239129209,2025-10-20 13h42.12.817192 -0400,
2.5,15.0,,3,3,0,,,,,,,,,,PSE,poss,100,left,1.420977292000316,None,None,,,,,,,,,,,0,3,3,148,89.11215770799754,,,,,,,,,,,,,,,,,,,,,,,,,,,,,,,,,,,,,,,,,,,,,,,,,,,,,,,89.10414254100033,89.11215770799754,89.59935512499942,89.59935512499942,89.67151358299452,89.67151358299452,90.53571883299446,left,1.420977292000316,None,90.53588062500057,90.53593658300088,None,,,,,,,,,,,,21049996,0,2025-10-20_13h42.01.136,tilt_mocs,2024.2.4,120.22253239129209,2025-10-20 13h42.12.817192 -0400,
2.0,15.0,,4,4,0,,,,,,,,,,m1,poss,100,left,1.4051344999970752,None,None,,,,,,,,,,,0,4,4,119,90.54716558299697,,,,,,,,,,,,,,,,,,,,,,,,,,,,,,,,,,,,,,,,,,,,,,,,,,,,,,,90.53861220799445,90.54716558299697,91.03271929099719,91.03271929099719,91.10558049999963,91.10558049999963,91.95784608299437,left,1.4051344999970752,None,91.9579537499958,91.95799716599868,None,,,,,,,,,,,,21049996,0,2025-10-20_13h42.01.136,tilt_mocs,2024.2.4,120.22253239129209,2025-10-20 13h42.12.817192 -0400,
-4.625,-15.0,,5,5,0,,,,,,,,,,m1,negs,100,right,1.233066749999125,None,None,,,,,,,,,,,0,5,5,371,91.96837491599581,,,,,,,,,,,,,,,,,,,,,,,,,,,,,,,,,,,,,,,,,,,,,,,,,,,,,,,91.95992979099537,91.96837491599581,92.4582801659999,92.4582801659999,92.53335637499549,92.53335637499549,93.20765449999453,right,1.233066749999125,None,93.20777541599819,93.20783116600069,None,,,,,,,,,,,,21049996,0,2025-10-20_13h42.01.136,tilt_mocs,2024.2.4,120.22253239129209,2025-10-20 13h42.12.817192 -0400,
-2.125,-15.0,,6,6,0,,,,,,,,,,p3,negs,100,right,1.101406792004127,None,None,,,,,,,,,,,0,6,6,525,93.21801404099824,,,,,,,,,,,,,,,,,,,,,,,,,,,,,,,,,,,,,,,,,,,,,,,,,,,,,,,93.20986949999497,93.21801404099824,93.70855012499669,93.70855012499669,93.78346233299817,93.78346233299817,94.32477899999503,right,1.101406792004127,None,94.32489291599632,94.32493524999882,None,,,,,,,,,,,,21049996,0,2025-10-20_13h42.01.136,tilt_mocs,2024.2.4,120.22253239129209,2025-10-20 13h42.12.817192 -0400,
2.0,0.0,,7,7,0,,,,,,,,,,p3,noss,0,right,1.1033394580008462,None,None,,,,,,,,,,,0,7,7,685,94.3353452079973,,,,,,,,,,,,,,,,,,,,,,,,,,,,,,,,,,,,,,,,,,,,,,,,,,,,,,,94.32685129099991,94.3353452079973,94.82553720799478,94.82553720799478,94.90007412499835,94.90007412499835,95.44129620799504,right,1.1033394580008462,None,95.44142649999412,95.4415124579973,None,,,,,,,,,,,,21049996,0,2025-10-20_13h42.01.136,tilt_mocs,2024.2.4,120.22253239129209,2025-10-20 13h42.12.817192 -0400,
-6.125,-15.0,,8,8,0,,,,,,,,,,m3,negs,100,left,1.3247184170031687,None,None,,,,,,,,,,,0,8,8,297,95.45184958299797,,,,,,,,,,,,,,,,,,,,,,,,,,,,,,,,,,,,,,,,,,,,,,,,,,,,,,,95.4434982909952,95.45184958299797,95.9417253329957,95.9417253329957,96.01677524999832,96.01677524999832,96.78652474999399,left,1.3247184170031687,None,96.78668024999934,96.78674233299535,None,,,,,,,,,,,,21049996,0,2025-10-20_13h42.01.136,tilt_mocs,2024.2.4,120.22253239129209,2025-10-20 13h42.12.817192 -0400,
-3.125,-15.0,,9,9,0,,,,,,,,,,p2,negs,100,right,1.0612383330008015,None,None,,,,,,,,,,,0,9,9,480,96.79787949999445,,,,,,,,,,,,,,,,,,,,,,,,,,,,,,,,,,,,,,,,,,,,,,,,,,,,,,,96.789284915998,96.79787949999445,97.28290233299776,97.28290233299776,97.35562537499936,97.35562537499936,97.86905979099538,right,1.0612383330008015,None,97.86919574999774,97.86925099999644,None,,,,,,,,,,,,21049996,0,2025-10-20_13h42.01.136,tilt_mocs,2024.2.4,120.22253239129209,2025-10-20 13h42.12.817192 -0400,
-2.0,0.0,,10,10,0,,,,,,,,,,m3,noss,0,left,1.1425090839984477,None,None,,,,,,,,,,,0,10,10,573,97.87979845799418,,,,,,,,,,,,,,,,,,,,,,,,,,,,,,,,,,,,,,,,,,,,,,,,,,,,,,,97.87165587499476,97.87979845799418,98.36637549999432,98.36637549999432,98.43933112499508,98.43933112499508,99.02478095799597,left,1.1425090839984477,None,99.02491520799958,99.0249704999951,None,,,,,,,,,,,,21049996,0,2025-10-20_13h42.01.136,tilt_mocs,2024.2.4,120.22253239129209,2025-10-20 13h42.12.817192 -0400,
3.0,15.0,,11,11,0,,,,,,,,,,p1,poss,100,left,1.083305249994737,None,None,,,,,,,,,,,0,11,11,181,99.0353737080004,,,,,,,,,,,,,,,,,,,,,,,,,,,,,,,,,,,,,,,,,,,,,,,,,,,,,,,99.02707495799405,99.0353737080004,99.52551245799987,99.52551245799987,99.60024345800048,99.60024345800048,100.12517300000036,left,1.083305249994737,None,100.12529766599619,100.12535166599991,None,,,,,,,,,,,,21049996,0,2025-10-20_13h42.01.136,tilt_mocs,2024.2.4,120.22253239129209,2025-10-20 13h42.12.817192 -0400,
3.0,15.0,,12,12,0,,,,,,,,,,p1,poss,100,right,1.2546540839975933,None,None,,,,,,,,,,,0,12,12,166,100.13574125000014,,,,,,,,,,,,,,,,,,,,,,,,,,,,,,,,,,,,,,,,,,,,,,,,,,,,,,,100.12735695800075,100.13574125000014,100.62555504099873,100.62555504099873,100.70024299999932,100.70024299999932,101.40253241599567,right,1.2546540839975933,None,101.40266679100023,101.40272270800051,None,,,,,,,,,,,,21049996,0,2025-10-20_13h42.01.136,tilt_mocs,2024.2.4,120.22253239129209,2025-10-20 13h42.12.817192 -0400,
3.5,15.0,,13,13,0,,,,,,,,,,p2,poss,100,right,1.117219166997529,None,None,,,,,,,,,,,0,13,13,227,101.41269204099808,,,,,,,,,,,,,,,,,,,,,,,,,,,,,,,,,,,,,,,,,,,,,,,,,,,,,,,101.40476958299405,101.41269204099808,101.89985549999983,101.89985549999983,101.97269104099541,101.97269104099541,102.53621649999695,right,1.117219166997529,None,102.53647483299574,102.53659399999742,None,,,,,,,,,,,,21049996,0,2025-10-20_13h42.01.136,tilt_mocs,2024.2.4,120.22253239129209,2025-10-20 13h42.12.817192 -0400,
-1.0,0.0,,14,14,0,,,,,,,,,,m2,noss,0,right,1.2814380829950096,None,None,,,,,,,,,,,0,14,14,590,102.54743362499721,,,,,,,,,,,,,,,,,,,,,,,,,,,,,,,,,,,,,,,,,,,,,,,,,,,,,,,102.53908662499452,102.54743362499721,103.03218154099886,103.03218154099886,103.10533491599926,103.10533491599926,103.83613416599837,right,1.2814380829950096,None,103.83626999999979,103.83632716599823,None,,,,,,,,,,,,21049996,0,2025-10-20_13h42.01.136,tilt_mocs,2024.2.4,120.22253239129209,2025-10-20 13h42.12.817192 -0400,
-1.0,0.0,,15,15,0,,,,,,,,,,m2,noss,0,left,1.1259146670054179,None,None,,,,,,,,,,,0,15,15,593,103.8463590409956,,,,,,,,,,,,,,,,,,,,,,,,,,,,,,,,,,,,,,,,,,,,,,,,,,,,,,,103.83836312499625,103.8463590409956,104.33330929099611,104.33330929099611,104.40546216599614,104.40546216599614,104.97507770799712,left,1.1259146670054179,None,104.97523079099483,104.97528887500084,None,,,,,,,,,,,,21049996,0,2025-10-20_13h42.01.136,tilt_mocs,2024.2.4,120.22253239129209,2025-10-20 13h42.12.817192 -0400,
3.0,15.0,,16,16,0,,,,,,,,,,p1,poss,100,right,1.2339251250014058,None,None,,,,,,,,,,,0,16,16,185,104.98588908300007,,,,,,,,,,,,,,,,,,,,,,,,,,,,,,,,,,,,,,,,,,,,,,,,,,,,,,,104.97738412499893,104.98588908300007,105.47528995799803,105.47528995799803,105.5504105,105.5504105,106.22523333299614,right,1.2339251250014058,None,106.22537612499582,106.22543862499879,None,,,,,,,,,,,,21049996,0,2025-10-20_13h42.01.136,tilt_mocs,2024.2.4,120.22253239129209,2025-10-20 13h42.12.817192 -0400,
-0.5,0.0,,17,17,0,,,,,,,,,,m1,noss,0,left,1.2983796249973238,None,None,,,,,,,,,,,0,17,17,618,106.23604712499946,,,,,,,,,,,,,,,,,,,,,,,,,,,,,,,,,,,,,,,,,,,,,,,,,,,,,,,106.22757791599724,106.23604712499946,106.72611137499916,106.72611137499916,106.80050812499394,106.80050812499394,107.537175999998,left,1.2983796249973238,None,107.53733791600098,107.53739162499551,None,,,,,,,,,,,,21049996,0,2025-10-20_13h42.01.136,tilt_mocs,2024.2.4,120.22253239129209,2025-10-20 13h42.12.817192 -0400,
2.5,15.0,,18,18,0,,,,,,,,,,PSE,poss,100,right,1.294957833000808,None,None,,,,,,,,,,,0,18,18,134,107.54875512499711,,,,,,,,,,,,,,,,,,,,,,,,,,,,,,,,,,,,,,,,,,,,,,,,,,,,,,,107.54036104099941,107.54875512499711,108.03340866600047,108.03340866600047,108.1056536249962,108.1056536249962,108.85291904099722,right,1.294957833000808,None,108.85307824999472,108.85313725000015,None,,,,,,,,,,,,21049996,0,2025-10-20_13h42.01.136,tilt_mocs,2024.2.4,120.22253239129209,2025-10-20 13h42.12.817192 -0400,
-5.125,-15.0,,19,19,0,,,,,,,,,,m2,negs,100,right,1.057377125005587,None,None,,,,,,,,,,,0,19,19,330,108.86442108299525,,,,,,,,,,,,,,,,,,,,,,,,,,,,,,,,,,,,,,,,,,,,,,,,,,,,,,,108.85614224999881,108.86442108299525,109.35000270800083,109.35000270800083,109.42250354099815,109.42250354099815,109.9254996249947,right,1.057377125005587,None,109.92560645799676,109.92565220799588,None,,,,,,,,,,,,21049996,0,2025-10-20_13h42.01.136,tilt_mocs,2024.2.4,120.22253239129209,2025-10-20 13h42.12.817192 -0400,
-6.125,-15.0,,20,20,0,,,,,,,,,,m3,negs,100,right,1.222684250002203,None,None,,,,,,,,,,,0,20,20,281,109.93600854100077,,,,,,,,,,,,,,,,,,,,,,,,,,,,,,,,,,,,,,,,,,,,,,,,,,,,,,,109.9276010829999,109.93600854100077,110.42555220799841,110.42555220799841,110.50039487499453,110.50039487499453,111.16964179099887,right,1.222684250002203,None,111.16981766599929,111.16987416600023,None,,,,,,,,,,,,21049996,0,2025-10-20_13h42.01.136,tilt_mocs,2024.2.4,120.22253239129209,2025-10-20 13h42.12.817192 -0400,
2.0,0.0,,21,21,0,,,,,,,,,,p3,noss,0,right,1.1474881250032922,None,None,,,,,,,,,,,0,21,21,680,111.1807647079986,,,,,,,,,,,,,,,,,,,,,,,,,,,,,,,,,,,,,,,,,,,,,,,,,,,,,,,111.17254141599551,111.1807647079986,111.66687941599957,111.66687941599957,111.73891262499819,111.73891262499819,112.33615383299912,right,1.1474881250032922,None,112.33628329099884,112.33633716599434,None,,,,,,,,,,,,21049996,0,2025-10-20_13h42.01.136,tilt_mocs,2024.2.4,120.22253239129209,2025-10-20 13h42.12.817192 -0400,
-6.125,-15.0,,22,22,0,,,,,,,,,,m3,negs,100,left,1.153916332994413,None,None,,,,,,,,,,,0,22,22,313,112.34686833299929,,,,,,,,,,,,,,,,,,,,,,,,,,,,,,,,,,,,,,,,,,,,,,,,,,,,,,,112.33876658299414,112.34686833299929,112.83346691599581,112.83346691599581,112.90623054099706,112.90623054099706,113.5032872909942,left,1.153916332994413,None,113.50342349999846,113.50348012500035,None,,,,,,,,,,,,21049996,0,2025-10-20_13h42.01.136,tilt_mocs,2024.2.4,120.22253239129209,2025-10-20 13h42.12.817192 -0400,
4.5,15.0,,23,23,0,,,,,,,,,,p3,poss,100,right,1.0967930420010816,None,None,,,,,,,,,,,0,23,23,271,113.5135107909955,,,,,,,,,,,,,,,,,,,,,,,,,,,,,,,,,,,,,,,,,,,,,,,,,,,,,,,113.50555712499772,113.5135107909955,114.00018754099438,114.00018754099438,114.07257204099733,114.07257204099733,114.61952720800036,right,1.0967930420010816,None,114.61965666600008,114.61970929100062,None,,,,,,,,,,,,21049996,0,2025-10-20_13h42.01.136,tilt_mocs,2024.2.4,120.22253239129209,2025-10-20 13h42.12.817192 -0400,
-3.625,-15.0,,24,24,0,,,,,,,,,,p1,negs,100,right,1.041886582999723,None,None,,,,,,,,,,,0,24,24,456,114.62973999999667,,,,,,,,,,,,,,,,,,,,,,,,,,,,,,,,,,,,,,,,,,,,,,,,,,,,,,,114.62162329100101,114.62973999999667,115.11700395799562,115.11700395799562,115.189400999996,115.189400999996,115.67500762499549,right,1.041886582999723,None,115.6751109159959,115.67515308300062,None,,,,,,,,,,,,21049996,0,2025-10-20_13h42.01.136,tilt_mocs,2024.2.4,120.22253239129209,2025-10-20 13h42.12.817192 -0400,
-3.625,-15.0,,25,25,0,,,,,,,,,,p1,negs,100,right,1.0823732919961913,None,None,,,,,,,,,,,0,25,25,478,115.6857847909996,,,,,,,,,,,,,,,,,,,,,,,,,,,,,,,,,,,,,,,,,,,,,,,,,,,,,,,115.6770440409964,115.6857847909996,116.17577845799678,116.17577845799678,116.2506336660008,116.2506336660008,116.77136641599645,right,1.0823732919961913,None,116.77151883299666,116.77157620799699,None,,,,,,,,,,,,21049996,0,2025-10-20_13h42.01.136,tilt_mocs,2024.2.4,120.22253239129209,2025-10-20 13h42.12.817192 -0400,
-2.125,-15.0,,26,26,0,,,,,,,,,,p3,negs,100,right,1.2860873329991591,None,None,,,,,,,,,,,0,26,26,554,116.78220158299519,,,,,,,,,,,,,,,,,,,,,,,,,,,,,,,,,,,,,,,,,,,,,,,,,,,,,,,116.77411041599407,116.78220158299519,117.26698058300099,117.26698058300099,117.3390674580005,117.3390674580005,118.07144295799662,right,1.2860873329991591,None,118.0716137079944,118.07170095799665,None,,,,,,,,,,,,21049996,0,2025-10-20_13h42.01.136,tilt_mocs,2024.2.4,120.22253239129209,2025-10-20 13h42.12.817192 -0400,
4.5,15.0,,27,27,0,,,,,,,,,,p3,poss,100,right,0.9693400420001126,None,None,,,,,,,,,,,0,27,27,269,118.08266737499798,,,,,,,,,,,,,,,,,,,,,,,,,,,,,,,,,,,,,,,,,,,,,,,,,,,,,,,118.07424599999649,118.08266737499798,118.56713374999526,118.56713374999526,118.63987149999593,118.63987149999593,119.06299549999676,right,0.9693400420001126,None,119.06310799999483,119.06315658299718,None,,,,,,,,,,,,21049996,0,2025-10-20_13h42.01.136,tilt_mocs,2024.2.4,120.22253239129209,2025-10-20 13h42.12.817192 -0400,
0.5,0.0,,28,28,0,,,,,,,,,,p1,noss,0,right,1.0146898749953834,None,None,,,,,,,,,,,0,28,28,649,119.0697641250008,,,,,,,,,,,,,,,,,,,,,,,,,,,,,,,,,,,,,,,,,,,,,,,,,,,,,,,119.06506645799527,119.0697641250008,119.5599113329954,119.5599113329954,119.63429258299584,119.63429258299584,120.08733750000101,right,1.0146898749953834,None,120.08749216599972,120.08755204099725,None,,,,,,,,,,,,21049996,0,2025-10-20_13h42.01.136,tilt_mocs,2024.2.4,120.22253239129209,2025-10-20 13h42.12.817192 -0400,
0.5,15.0,,29,29,0,,,,,,,,,,m3,poss,100,left,1.0990920420008479,None,None,,,,,,,,,,,0,29,29,27,120.09794745799445,,,,,,,,,,,,,,,,,,,,,,,,,,,,,,,,,,,,,,,,,,,,,,,,,,,,,,,120.08975133299828,120.09794745799445,120.58370079099404,120.58370079099404,120.65582304100099,120.65582304100099,121.20304658299574,left,1.0990920420008479,None,121.20317920799425,121.20323500000086,None,,,,,,,,,,,,21049996,0,2025-10-20_13h42.01.136,tilt_mocs,2024.2.4,120.22253239129209,2025-10-20 13h42.12.817192 -0400,
4.5,15.0,,30,30,0,,,,,,,,,,p3,poss,100,left,1.1153140410024207,None,None,,,,,,,,,,,0,30,30,249,121.21423170799972,,,,,,,,,,,,,,,,,,,,,,,,,,,,,,,,,,,,,,,,,,,,,,,,,,,,,,,121.20552354100073,121.21423170799972,121.70062179099477,121.70062179099477,121.77278929099703,121.77278929099703,122.33696154099744,left,1.1153140410024207,None,122.33712074999494,122.3371841249973,None,,,,,,,,,,,,21049996,0,2025-10-20_13h42.01.136,tilt_mocs,2024.2.4,120.22253239129209,2025-10-20 13h42.12.817192 -0400,
2.5,15.0,,31,31,0,,,,,,,,,,PSE,poss,100,left,1.069120041996939,None,None,,,,,,,,,,,0,31,31,129,122.34878391600068,,,,,,,,,,,,,,,,,,,,,,,,,,,,,,,,,,,,,,,,,,,,,,,,,,,,,,,122.34044883299794,122.34878391600068,122.83393162499851,122.83393162499851,122.90696908300015,122.90696908300015,123.42107716600003,left,1.069120041996939,None,123.42125504099386,123.4213115409948,None,,,,,,,,,,,,21049996,0,2025-10-20_13h42.01.136,tilt_mocs,2024.2.4,120.22253239129209,2025-10-20 13h42.12.817192 -0400,
3.0,15.0,,32,32,0,,,,,,,,,,p1,poss,100,left,1.1060620409989497,None,None,,,,,,,,,,,0,32,32,197,123.43142679099401,,,,,,,,,,,,,,,,,,,,,,,,,,,,,,,,,,,,,,,,,,,,,,,,,,,,,,,123.42346700000053,123.43142679099401,123.91714499999944,123.91714499999944,123.98962945799576,123.98962945799576,124.5420866659988,left,1.1060620409989497,None,124.54221054099617,124.54226408300019,None,,,,,,,,,,,,21049996,0,2025-10-20_13h42.01.136,tilt_mocs,2024.2.4,120.22253239129209,2025-10-20 13h42.12.817192 -0400,
1.5,15.0,,33,33,0,,,,,,,,,,m2,poss,100,left,1.2173664160000044,None,None,,,,,,,,,,,0,33,33,47,124.5523913329962,,,,,,,,,,,,,,,,,,,,,,,,,,,,,,,,,,,,,,,,,,,,,,,,,,,,,,,124.54432470799657,124.5523913329962,125.04312945799757,125.04312945799757,125.11774562500068,125.11774562500068,125.77491724999709,left,1.2173664160000044,None,125.77502308299881,125.77506783299759,None,,,,,,,,,,,,21049996,0,2025-10-20_13h42.01.136,tilt_mocs,2024.2.4,120.22253239129209,2025-10-20 13h42.12.817192 -0400,
2.0,15.0,,34,34,0,,,,,,,,,,m1,poss,100,left,1.1182528330027708,None,None,,,,,,,,,,,0,34,34,91,125.80086554099398,,,,,,,,,,,,,,,,,,,,,,,,,,,,,,,,,,,,,,,,,,,,,,,,,,,,,,,125.77702445799514,125.80086554099398,126.27716979099932,126.27716979099932,126.35119837499951,126.35119837499951,126.93109999999433,left,1.1182528330027708,None,126.93120387499948,126.93124833299953,None,,,,,,,,,,,,21049996,0,2025-10-20_13h42.01.136,tilt_mocs,2024.2.4,120.22253239129209,2025-10-20 13h42.12.817192 -0400,
1.5,15.0,,35,35,0,,,,,,,,,,m2,poss,100,left,1.1312941670039436,None,None,,,,,,,,,,,0,35,35,67,126.93779579099646,,,,,,,,,,,,,,,,,,,,,,,,,,,,,,,,,,,,,,,,,,,,,,,,,,,,,,,126.93320516599488,126.93779579099646,127.4272248749985,127.4272248749985,127.50146704099461,127.50146704099461,128.07569704100024,left,1.1312941670039436,None,128.0758101659958,128.07585520800058,None,,,,,,,,,,,,21049996,0,2025-10-20_13h42.01.136,tilt_mocs,2024.2.4,120.22253239129209,2025-10-20 13h42.12.817192 -0400,
2.5,15.0,,36,36,0,,,,,,,,,,PSE,poss,100,left,1.1226700839979458,None,None,,,,,,,,,,,0,36,36,137,128.08623329099646,,,,,,,,,,,,,,,,,,,,,,,,,,,,,,,,,,,,,,,,,,,,,,,,,,,,,,,128.07783099999506,128.08623329099646,128.57587449999846,128.57587449999846,128.65122520799923,128.65122520799923,129.22012449999602,left,1.1226700839979458,None,129.22025837499677,129.2203137079996,None,,,,,,,,,,,,21049996,0,2025-10-20_13h42.01.136,tilt_mocs,2024.2.4,120.22253239129209,2025-10-20 13h42.12.817192 -0400,
-3.125,-15.0,,37,37,0,,,,,,,,,,p2,negs,100,left,1.271309250005288,None,None,,,,,,,,,,,0,37,37,482,129.2304193749951,,,,,,,,,,,,,,,,,,,,,,,,,,,,,,,,,,,,,,,,,,,,,,,,,,,,,,,129.22247270799562,129.2304193749951,129.71758829099417,129.71758829099417,129.78976495799725,129.78976495799725,130.50482820799516,left,1.271309250005288,None,130.50498470800085,130.5050468749978,None,,,,,,,,,,,,21049996,0,2025-10-20_13h42.01.136,tilt_mocs,2024.2.4,120.22253239129209,2025-10-20 13h42.12.817192 -0400,
2.0,15.0,,38,38,0,,,,,,,,,,m1,poss,100,left,1.0068005830034963,None,None,,,,,,,,,,,0,38,38,115,130.51492545799556,,,,,,,,,,,,,,,,,,,,,,,,,,,,,,,,,,,,,,,,,,,,,,,,,,,,,,,130.50725858299847,130.51492545799556,131.00083666599676,131.00083666599676,131.0728119159976,131.0728119159976,131.52555158299947,left,1.0068005830034963,None,131.52567304099648,131.5257181249981,None,,,,,,,,,,,,21049996,0,2025-10-20_13h42.01.136,tilt_mocs,2024.2.4,120.22253239129209,2025-10-20 13h42.12.817192 -0400,
2.0,15.0,,39,39,0,,,,,,,,,,m1,poss,100,left,1.228442958999949,None,None,,,,,,,,,,,0,39,39,110,131.5368429999944,,,,,,,,,,,,,,,,,,,,,,,,,,,,,,,,,,,,,,,,,,,,,,,,,,,,,,,131.5276701249968,131.5368429999944,132.0268728749943,132.0268728749943,132.1014523749982,132.1014523749982,132.77049620799517,left,1.228442958999949,None,132.77060670799983,132.77065458300058,None,,,,,,,,,,,,21049996,0,2025-10-20_13h42.01.136,tilt_mocs,2024.2.4,120.22253239129209,2025-10-20 13h42.12.817192 -0400,
3.5,15.0,,40,40,0,,,,,,,,,,p2,poss,100,left,1.0441392919965438,None,None,,,,,,,,,,,0,40,40,237,132.78066229099932,,,,,,,,,,,,,,,,,,,,,,,,,,,,,,,,,,,,,,,,,,,,,,,,,,,,,,,132.7725841249994,132.78066229099932,133.26765449999948,133.26765449999948,133.33954887499567,133.33954887499567,133.8275015830004,left,1.0441392919965438,None,133.8276357499999,133.82769183299388,None,,,,,,,,,,,,21049996,0,2025-10-20_13h42.01.136,tilt_mocs,2024.2.4,120.22253239129209,2025-10-20 13h42.12.817192 -0400,
-2.0,0.0,,41,41,0,,,,,,,,,,m3,noss,0,left,0.9531291669991333,None,None,,,,,,,,,,,0,41,41,571,133.8379822909992,,,,,,,,,,,,,,,,,,,,,,,,,,,,,,,,,,,,,,,,,,,,,,,,,,,,,,,133.83012429099472,133.8379822909992,134.32674908299668,134.32674908299668,134.40152424999542,134.40152424999542,134.80155262499466,left,0.9531291669991333,None,134.80169145800028,134.80173854099849,None,,,,,,,,,,,,21049996,0,2025-10-20_13h42.01.136,tilt_mocs,2024.2.4,120.22253239129209,2025-10-20 13h42.12.817192 -0400,
-2.125,-15.0,,42,42,0,,,,,,,,,,p3,negs,100,left,1.2594052080021356,None,None,,,,,,,,,,,0,42,42,556,134.80929070799903,,,,,,,,,,,,,,,,,,,,,,,,,,,,,,,,,,,,,,,,,,,,,,,,,,,,,,,134.80375349999667,134.80929070799903,135.2930060409999,135.2930060409999,135.36813245799567,135.36813245799567,136.0715195409939,left,1.2594052080021356,None,136.07168674999411,136.07175570799882,None,,,,,,,,,,,,21049996,0,2025-10-20_13h42.01.136,tilt_mocs,2024.2.4,120.22253239129209,2025-10-20 13h42.12.817192 -0400,
-3.125,-15.0,,43,43,0,,,,,,,,,,p2,negs,100,left,1.3085553330020048,None,None,,,,,,,,,,,0,43,43,504,136.08244054099487,,,,,,,,,,,,,,,,,,,,,,,,,,,,,,,,,,,,,,,,,,,,,,,,,,,,,,,136.07403045799583,136.08244054099487,136.56763279099687,136.56763279099687,136.64056745799462,136.64056745799462,137.3936212080007,left,1.3085553330020048,None,137.3937597080003,137.39382141600072,None,,,,,,,,,,,,21049996,0,2025-10-20_13h42.01.136,tilt_mocs,2024.2.4,120.22253239129209,2025-10-20 13h42.12.817192 -0400,
-5.125,-15.0,,44,44,0,,,,,,,,,,m2,negs,100,left,1.2233810000034282,None,None,,,,,,,,,,,0,44,44,336,137.40424487499695,,,,,,,,,,,,,,,,,,,,,,,,,,,,,,,,,,,,,,,,,,,,,,,,,,,,,,,137.39634841599764,137.40424487499695,137.89335116599977,137.89335116599977,137.96836608299782,137.96836608299782,138.63769049999974,left,1.2233810000034282,None,138.6378421249974,138.63790387499466,None,,,,,,,,,,,,21049996,0,2025-10-20_13h42.01.136,tilt_mocs,2024.2.4,120.22253239129209,2025-10-20 13h42.12.817192 -0400,
2.0,15.0,,45,45,0,,,,,,,,,,m1,poss,100,left,1.2432636249941424,None,None,,,,,,,,,,,0,45,45,105,138.6478647499971,,,,,,,,,,,,,,,,,,,,,,,,,,,,,,,,,,,,,,,,,,,,,,,,,,,,,,,138.64006737499585,138.6478647499971,139.13438420799503,139.13438420799503,139.2063923329988,139.2063923329988,139.893724249996,left,1.2432636249941424,None,139.89385712499643,139.89391400000022,None,,,,,,,,,,,,21049996,0,2025-10-20_13h42.01.136,tilt_mocs,2024.2.4,120.22253239129209,2025-10-20 13h42.12.817192 -0400,
3.5,15.0,,46,46,0,,,,,,,,,,p2,poss,100,right,1.164929165999638,None,None,,,,,,,,,,,0,46,46,209,139.90397616599512,,,,,,,,,,,,,,,,,,,,,,,,,,,,,,,,,,,,,,,,,,,,,,,,,,,,,,,139.89610612499382,139.90397616599512,140.39338754100027,140.39338754100027,140.46836208299646,140.46836208299646,141.07154224999977,right,1.164929165999638,None,141.07167529099388,141.07173033299478,None,,,,,,,,,,,,21049996,0,2025-10-20_13h42.01.136,tilt_mocs,2024.2.4,120.22253239129209,2025-10-20 13h42.12.817192 -0400,
2.0,15.0,,47,47,0,,,,,,,,,,m1,poss,100,left,1.2996650410059374,None,None,,,,,,,,,,,0,47,47,108,141.08190729099442,,,,,,,,,,,,,,,,,,,,,,,,,,,,,,,,,,,,,,,,,,,,,,,,,,,,,,,141.07392483299918,141.08190729099442,141.56807212499552,141.56807212499552,141.6403515829952,141.6403515829952,142.3878050409985,left,1.2996650410059374,None,142.38795145799668,142.3880093330008,None,,,,,,,,,,,,21049996,0,2025-10-20_13h42.01.136,tilt_mocs,2024.2.4,120.22253239129209,2025-10-20 13h42.12.817192 -0400,
-4.625,-15.0,,48,48,0,,,,,,,,,,m1,negs,100,left,1.0809065840003313,None,None,,,,,,,,,,,0,48,48,392,142.39863341599994,,,,,,,,,,,,,,,,,,,,,,,,,,,,,,,,,,,,,,,,,,,,,,,,,,,,,,,142.39053091599635,142.39863341599994,142.88465454099787,142.88465454099787,142.95699262499693,142.95699262499693,143.48724666599446,left,1.0809065840003313,None,143.48738762499852,143.4874444159941,None,,,,,,,,,,,,21049996,0,2025-10-20_13h42.01.136,tilt_mocs,2024.2.4,120.22253239129209,2025-10-20 13h42.12.817192 -0400,
-1.0,0.0,,49,49,0,,,,,,,,,,m2,noss,0,left,1.2585956249968149,None,None,,,,,,,,,,,0,49,49,581,143.49791133299732,,,,,,,,,,,,,,,,,,,,,,,,,,,,,,,,,,,,,,,,,,,,,,,,,,,,,,,143.4898638329978,143.49791133299732,143.9847646249982,143.9847646249982,144.05681770799856,144.05681770799856,144.7602673750007,left,1.2585956249968149,None,144.76037629100028,144.76041920799616,None,,,,,,,,,,,,21049996,0,2025-10-20_13h42.01.136,tilt_mocs,2024.2.4,120.22253239129209,2025-10-20 13h42.12.817192 -0400,
-4.125,-15.0,,50,50,0,,,,,,,,,,PSE,negs,100,right,1.324719832999108,None,None,,,,,,,,,,,0,50,50,437,144.77053866599454,,,,,,,,,,,,,,,,,,,,,,,,,,,,,,,,,,,,,,,,,,,,,,,,,,,,,,,144.76236008299747,144.77053866599454,145.26058541599923,145.26058541599923,145.33510699999897,145.33510699999897,146.10481587499817,right,1.324719832999108,None,146.10498679099692,146.1050554579997,None,,,,,,,,,,,,21049996,0,2025-10-20_13h42.01.136,tilt_mocs,2024.2.4,120.22253239129209,2025-10-20 13h42.12.817192 -0400,
-3.125,-15.0,,51,51,0,,,,,,,,,,p2,negs,100,right,1.0923657909952453,None,None,,,,,,,,,,,0,51,51,501,146.11543987500045,,,,,,,,,,,,,,,,,,,,,,,,,,,,,,,,,,,,,,,,,,,,,,,,,,,,,,,146.10733229099424,146.11543987500045,146.6014460410006,146.6014460410006,146.67404587499914,146.67404587499914,147.21036037500016,right,1.0923657909952453,None,147.21049762499752,147.21055337500002,None,,,,,,,,,,,,21049996,0,2025-10-20_13h42.01.136,tilt_mocs,2024.2.4,120.22253239129209,2025-10-20 13h42.12.817192 -0400,
-4.125,-15.0,,52,52,0,,,,,,,,,,PSE,negs,100,right,1.0977457499975571,None,None,,,,,,,,,,,0,52,52,436,147.22090699999535,,,,,,,,,,,,,,,,,,,,,,,,,,,,,,,,,,,,,,,,,,,,,,,,,,,,,,,147.21267604099558,147.22090699999535,147.71007412499603,147.71007412499603,147.78557049999654,147.78557049999654,148.32118404100038,right,1.0977457499975571,None,148.32134591599606,148.32140099999378,None,,,,,,,,,,,,21049996,0,2025-10-20_13h42.01.136,tilt_mocs,2024.2.4,120.22253239129209,2025-10-20 13h42.12.817192 -0400,
3.5,15.0,,53,53,0,,,,,,,,,,p2,poss,100,left,1.1305802920032875,None,None,,,,,,,,,,,0,53,53,202,148.33266862500022,,,,,,,,,,,,,,,,,,,,,,,,,,,,,,,,,,,,,,,,,,,,,,,,,,,,,,,148.32419645799382,148.33266862500022,148.8181148750009,148.8181148750009,148.89038562499627,148.89038562499627,149.4711725409943,left,1.1305802920032875,None,149.47133554099855,149.47138854099467,None,,,,,,,,,,,,21049996,0,2025-10-20_13h42.01.136,tilt_mocs,2024.2.4,120.22253239129209,2025-10-20 13h42.12.817192 -0400,
-4.625,-15.0,,54,54,0,,,,,,,,,,m1,negs,100,left,1.146397958000307,None,None,,,,,,,,,,,0,54,54,386,149.48285724999732,,,,,,,,,,,,,,,,,,,,,,,,,,,,,,,,,,,,,,,,,,,,,,,,,,,,,,,149.47447391599417,149.48285724999732,149.9681784159984,149.9681784159984,150.0404904579991,150.0404904579991,150.63775095799792,left,1.146397958000307,None,150.6379169579959,150.6379824159958,None,,,,,,,,,,,,21049996,0,2025-10-20_13h42.01.136,tilt_mocs,2024.2.4,120.22253239129209,2025-10-20 13h42.12.817192 -0400,
4.5,15.0,,55,55,0,,,,,,,,,,p3,poss,100,right,1.4082005000018398,None,None,,,,,,,,,,,0,55,55,276,150.64870145799796,,,,,,,,,,,,,,,,,,,,,,,,,,,,,,,,,,,,,,,,,,,,,,,,,,,,,,,150.64039029099513,150.64870145799796,151.13477145799698,151.13477145799698,151.20723012500093,151.20723012500093,152.05936283299525,right,1.4082005000018398,None,152.05946991599922,152.05951312499383,None,,,,,,,,,,,,21049996,0,2025-10-20_13h42.01.136,tilt_mocs,2024.2.4,120.22253239129209,2025-10-20 13h42.12.817192 -0400,
3.0,15.0,,56,56,0,,,,,,,,,,p1,poss,100,right,1.9356073749950156,None,None,,,,,,,,,,,0,56,56,186,152.08509783299814,,,,,,,,,,,,,,,,,,,,,,,,,,,,,,,,,,,,,,,,,,,,,,,,,,,,,,,152.0614466249972,152.08509783299814,152.56051691599714,152.56051691599714,152.63556616599817,152.63556616599817,154.02560995800013,right,1.9356073749950156,None,154.02571537499898,154.02575833299488,None,,,,,,,,,,,,21049996,0,2025-10-20_13h42.01.136,tilt_mocs,2024.2.4,120.22253239129209,2025-10-20 13h42.12.817192 -0400,
-0.5,0.0,,57,57,0,,,,,,,,,,m1,noss,0,left,1.4236197079953854,None,None,,,,,,,,,,,0,57,57,600,154.05178095799783,,,,,,,,,,,,,,,,,,,,,,,,,,,,,,,,,,,,,,,,,,,,,,,,,,,,,,,154.02791445799812,154.05178095799783,154.5276282499981,154.5276282499981,154.6021827500008,154.6021827500008,155.48776837499463,left,1.4236197079953854,None,155.48787737499515,155.48792154099647,None,,,,,,,,,,,,21049996,0,2025-10-20_13h42.01.136,tilt_mocs,2024.2.4,120.22253239129209,2025-10-20 13h42.12.817192 -0400,
-4.125,-15.0,,58,58,0,,,,,,,,,,PSE,negs,100,left,1.4051029999973252,None,None,,,,,,,,,,,0,58,58,434,155.4977859999999,,,,,,,,,,,,,,,,,,,,,,,,,,,,,,,,,,,,,,,,,,,,,,,,,,,,,,,155.48987804100034,155.4977859999999,155.985070540999,155.985070540999,156.05695254099555,156.05695254099555,156.9055612499942,left,1.4051029999973252,None,156.90572270799748,156.9057916249949,None,,,,,,,,,,,,21049996,0,2025-10-20_13h42.01.136,tilt_mocs,2024.2.4,120.22253239129209,2025-10-20 13h42.12.817192 -0400,
2.0,0.0,,59,59,0,,,,,,,,,,p3,noss,0,right,0.9877292910023243,None,None,,,,,,,,,,,0,59,59,694,156.91708820799977,,,,,,,,,,,,,,,,,,,,,,,,,,,,,,,,,,,,,,,,,,,,,,,,,,,,,,,156.90844729099626,156.91708820799977,157.40182162499696,157.40182162499696,157.47405374999653,157.47405374999653,157.90965804099687,right,0.9877292910023243,None,157.9097791249951,157.9098350409986,None,,,,,,,,,,,,21049996,0,2025-10-20_13h42.01.136,tilt_mocs,2024.2.4,120.22253239129209,2025-10-20 13h42.12.817192 -0400,
-6.125,-15.0,,60,60,0,,,,,,,,,,m3,negs,100,left,1.1431738749961369,None,None,,,,,,,,,,,0,60,60,301,157.93530683299468,,,,,,,,,,,,,,,,,,,,,,,,,,,,,,,,,,,,,,,,,,,,,,,,,,,,,,,157.91189070799737,157.93530683299468,158.410762624997,158.410762624997,158.48557354099466,158.48557354099466,159.0881547079989,left,1.1431738749961369,None,159.08831237499544,159.0883691659983,None,,,,,,,,,,,,21049996,0,2025-10-20_13h42.01.136,tilt_mocs,2024.2.4,120.22253239129209,2025-10-20 13h42.12.817192 -0400,
-4.625,-15.0,,61,61,0,,,,,,,,,,m1,negs,100,right,1.1311307080031838,None,None,,,,,,,,,,,0,61,61,394,159.09920883299492,,,,,,,,,,,,,,,,,,,,,,,,,,,,,,,,,,,,,,,,,,,,,,,,,,,,,,,159.0909943749939,159.09920883299492,159.5851907499964,159.5851907499964,159.65834699999687,159.65834699999687,160.23807274999854,right,1.1311307080031838,None,160.2382043749967,160.23826654099685,None,,,,,,,,,,,,21049996,0,2025-10-20_13h42.01.136,tilt_mocs,2024.2.4,120.22253239129209,2025-10-20 13h42.12.817192 -0400,
2.0,15.0,,62,62,0,,,,,,,,,,m1,poss,100,left,1.0714444170007482,None,None,,,,,,,,,,,0,62,62,92,160.2481132499961,,,,,,,,,,,,,,,,,,,,,,,,,,,,,,,,,,,,,,,,,,,,,,,,,,,,,,,160.24021983299463,160.2481132499961,160.73530512499565,160.73530512499565,160.8193484999938,160.8193484999938,161.32208791599987,left,1.0714444170007482,None,161.32221354099602,161.3222594580002,None,,,,,,,,,,,,21049996,0,2025-10-20_13h42.01.136,tilt_mocs,2024.2.4,120.22253239129209,2025-10-20 13h42.12.817192 -0400,
2.0,15.0,,63,63,0,,,,,,,,,,m1,poss,100,right,1.9772946669982048,None,None,,,,,,,,,,,0,63,63,114,161.33231583299494,,,,,,,,,,,,,,,,,,,,,,,,,,,,,,,,,,,,,,,,,,,,,,,,,,,,,,,161.32427595799527,161.33231583299494,161.8185285829968,161.8185285829968,161.8905817909981,161.8905817909981,163.32126129099925,right,1.9772946669982048,None,163.32137004099786,163.32141304099787,None,,,,,,,,,,,,21049996,0,2025-10-20_13h42.01.136,tilt_mocs,2024.2.4,120.22253239129209,2025-10-20 13h42.12.817192 -0400,
2.0,15.0,,64,64,0,,,,,,,,,,m1,poss,100,right,1.3311475000009523,None,None,,,,,,,,,,,0,64,64,109,163.33145404099923,,,,,,,,,,,,,,,,,,,,,,,,,,,,,,,,,,,,,,,,,,,,,,,,,,,,,,,163.32334274999448,163.33145404099923,163.81873983299738,163.81873983299738,163.8905183329989,163.8905183329989,164.67140358300094,right,1.3311475000009523,None,164.67153499999404,164.67158916599874,None,,,,,,,,,,,,21049996,0,2025-10-20_13h42.01.136,tilt_mocs,2024.2.4,120.22253239129209,2025-10-20 13h42.12.817192 -0400,
-4.625,-15.0,,65,65,0,,,,,,,,,,m1,negs,100,right,1.055867124996439,None,None,,,,,,,,,,,0,65,65,383,164.6818639579942,,,,,,,,,,,,,,,,,,,,,,,,,,,,,,,,,,,,,,,,,,,,,,,,,,,,,,,164.67370762499922,164.6818639579942,165.16860608299612,165.16860608299612,165.24141474999487,165.24141474999487,165.7429207499954,right,1.055867124996439,None,165.74304662500072,165.74310129099467,None,,,,,,,,,,,,21049996,0,2025-10-20_13h42.01.136,tilt_mocs,2024.2.4,120.22253239129209,2025-10-20 13h42.12.817192 -0400,
-6.125,-15.0,,66,66,0,,,,,,,,,,m3,negs,100,right,1.3332231670065084,None,None,,,,,,,,,,,0,66,66,308,165.75385499999538,,,,,,,,,,,,,,,,,,,,,,,,,,,,,,,,,,,,,,,,,,,,,,,,,,,,,,,165.74550858300063,165.75385499999538,166.24472999999853,166.24472999999853,166.31928491599683,166.31928491599683,167.0934372499978,right,1.3332231670065084,None,167.0935638749943,167.09361766599613,None,,,,,,,,,,,,21049996,0,2025-10-20_13h42.01.136,tilt_mocs,2024.2.4,120.22253239129209,2025-10-20 13h42.12.817192 -0400,
2.5,15.0,,67,67,0,,,,,,,,,,PSE,poss,100,right,1.2023605830036104,None,None,,,,,,,,,,,0,67,67,155,167.10398241599614,,,,,,,,,,,,,,,,,,,,,,,,,,,,,,,,,,,,,,,,,,,,,,,,,,,,,,,167.09563608299504,167.10398241599614,167.59413104099804,167.59413104099804,167.6692433749995,167.6692433749995,168.31038358299702,right,1.2023605830036104,None,168.3105343749994,168.3105952909973,None,,,,,,,,,,,,21049996,0,2025-10-20_13h42.01.136,tilt_mocs,2024.2.4,120.22253239129209,2025-10-20 13h42.12.817192 -0400,
-2.125,-15.0,,68,68,0,,,,,,,,,,p3,negs,100,right,1.0354438340000343,None,None,,,,,,,,,,,0,68,68,533,168.32133570799488,,,,,,,,,,,,,,,,,,,,,,,,,,,,,,,,,,,,,,,,,,,,,,,,,,,,,,,168.31296791599743,168.32133570799488,168.81165279099514,168.81165279099514,168.8861426250005,168.8861426250005,169.3603464159969,right,1.0354438340000343,None,169.3604881249994,169.36054149999836,None,,,,,,,,,,,,21049996,0,2025-10-20_13h42.01.136,tilt_mocs,2024.2.4,120.22253239129209,2025-10-20 13h42.12.817192 -0400,
2.5,15.0,,69,69,0,,,,,,,,,,PSE,poss,100,right,1.1593867919946206,None,None,,,,,,,,,,,0,69,69,135,169.37083183299546,,,,,,,,,,,,,,,,,,,,,,,,,,,,,,,,,,,,,,,,,,,,,,,,,,,,,,,169.36271633299475,169.37083183299546,169.86109454099642,169.86109454099642,169.9360740829943,169.9360740829943,170.53813158299454,right,1.1593867919946206,None,170.53826191600092,170.538316457998,None,,,,,,,,,,,,21049996,0,2025-10-20_13h42.01.136,tilt_mocs,2024.2.4,120.22253239129209,2025-10-20 13h42.12.817192 -0400,
1.5,15.0,,70,70,0,,,,,,,,,,m2,poss,100,left,1.0057635419943836,None,None,,,,,,,,,,,0,70,70,72,170.54896749999898,,,,,,,,,,,,,,,,,,,,,,,,,,,,,,,,,,,,,,,,,,,,,,,,,,,,,,,170.5410224160005,170.54896749999898,171.03573250000045,171.03573250000045,171.1094216249985,171.1094216249985,171.559891375,left,1.0057635419943836,None,171.56001491599454,171.56006866599637,None,,,,,,,,,,,,21049996,0,2025-10-20_13h42.01.136,tilt_mocs,2024.2.4,120.22253239129209,2025-10-20 13h42.12.817192 -0400,
1.0,0.0,,71,71,0,,,,,,,,,,p2,noss,0,left,1.2517878750004456,None,None,,,,,,,,,,,0,71,71,671,171.58566437499394,,,,,,,,,,,,,,,,,,,,,,,,,,,,,,,,,,,,,,,,,,,,,,,,,,,,,,,171.562264082997,171.58566437499394,172.06160583299788,172.06160583299788,172.13613266599714,172.13613266599714,172.84472833299515,left,1.2517878750004456,None,172.84488004099694,172.84493983299762,None,,,,,,,,,,,,21049996,0,2025-10-20_13h42.01.136,tilt_mocs,2024.2.4,120.22253239129209,2025-10-20 13h42.12.817192 -0400,
4.5,15.0,,72,72,0,,,,,,,,,,p3,poss,100,left,1.01380312499532,None,None,,,,,,,,,,,0,72,72,267,172.85572624999622,,,,,,,,,,,,,,,,,,,,,,,,,,,,,,,,,,,,,,,,,,,,,,,,,,,,,,,172.8478827910003,172.85572624999622,173.3448165000009,173.3448165000009,173.41947962499398,173.41947962499398,173.87271470799897,left,1.01380312499532,None,173.87289749999763,173.8729574159952,None,,,,,,,,,,,,21049996,0,2025-10-20_13h42.01.136,tilt_mocs,2024.2.4,120.22253239129209,2025-10-20 13h42.12.817192 -0400,
1.5,15.0,,73,73,0,,,,,,,,,,m2,poss,100,left,0.9865045420010574,None,None,,,,,,,,,,,0,73,73,74,173.88337120799406,,,,,,,,,,,,,,,,,,,,,,,,,,,,,,,,,,,,,,,,,,,,,,,,,,,,,,,173.87533445799636,173.88337120799406,174.36897441600013,174.36897441600013,174.44124545799423,174.44124545799423,174.87257016600051,left,0.9865045420010574,None,174.87280941599602,174.8729085409941,None,,,,,,,,,,,,21049996,0,2025-10-20_13h42.01.136,tilt_mocs,2024.2.4,120.22253239129209,2025-10-20 13h42.12.817192 -0400,
-3.625,-15.0,,74,74,0,,,,,,,,,,p1,negs,100,left,1.1358747080012108,None,None,,,,,,,,,,,0,74,74,462,174.88413245799893,,,,,,,,,,,,,,,,,,,,,,,,,,,,,,,,,,,,,,,,,,,,,,,,,,,,,,,174.87538337499427,174.88413245799893,175.36802474999422,175.36802474999422,175.44108791599865,175.44108791599865,176.02264608299447,left,1.1358747080012108,None,176.0227867499998,176.02285158299492,None,,,,,,,,,,,,21049996,0,2025-10-20_13h42.01.136,tilt_mocs,2024.2.4,120.22253239129209,2025-10-20 13h42.12.817192 -0400,
1.5,15.0,,75,75,0,,,,,,,,,,m2,poss,100,left,1.0407391670014476,None,None,,,,,,,,,,,0,75,75,42,176.03307387499808,,,,,,,,,,,,,,,,,,,,,,,,,,,,,,,,,,,,,,,,,,,,,,,,,,,,,,,176.0250348749978,176.03307387499808,176.51903299999685,176.51903299999685,176.59130245800043,176.59130245800043,177.077147582997,left,1.0407391670014476,None,177.07724612499442,177.07728895799664,None,,,,,,,,,,,,21049996,0,2025-10-20_13h42.01.136,tilt_mocs,2024.2.4,120.22253239129209,2025-10-20 13h42.12.817192 -0400,
-0.5,0.0,,76,76,0,,,,,,,,,,m1,noss,0,left,1.068237459003285,None,None,,,,,,,,,,,0,76,76,613,177.1026601659978,,,,,,,,,,,,,,,,,,,,,,,,,,,,,,,,,,,,,,,,,,,,,,,,,,,,,,,177.0791705829979,177.1026601659978,177.57843508299993,177.57843508299993,177.6530085409977,177.6530085409977,178.1782463749987,left,1.068237459003285,None,178.1783887499987,178.17844362499454,None,,,,,,,,,,,,21049996,0,2025-10-20_13h42.01.136,tilt_mocs,2024.2.4,120.22253239129209,2025-10-20 13h42.12.817192 -0400,
-2.125,-15.0,,77,77,0,,,,,,,,,,p3,negs,100,left,1.1948246669999207,None,None,,,,,,,,,,,0,77,77,545,178.1889451659954,,,,,,,,,,,,,,,,,,,,,,,,,,,,,,,,,,,,,,,,,,,,,,,,,,,,,,,178.18090991599456,178.1889451659954,178.678231124999,178.678231124999,178.75310941600037,178.75310941600037,179.3883759579985,left,1.1948246669999207,None,179.38848608300032,179.3885304159994,None,,,,,,,,,,,,21049996,0,2025-10-20_13h42.01.136,tilt_mocs,2024.2.4,120.22253239129209,2025-10-20 13h42.12.817192 -0400,
-2.0,0.0,,78,78,0,,,,,,,,,,m3,noss,0,left,1.0421263749958598,None,None,,,,,,,,,,,0,78,78,562,179.39855683299538,,,,,,,,,,,,,,,,,,,,,,,,,,,,,,,,,,,,,,,,,,,,,,,,,,,,,,,179.39048320800066,179.39855683299538,179.88583520799875,179.88583520799875,179.95857558299758,179.95857558299758,180.4452514999939,left,1.0421263749958598,None,180.4453988749956,180.44545387499966,None,,,,,,,,,,,,21049996,0,2025-10-20_13h42.01.136,tilt_mocs,2024.2.4,120.22253239129209,2025-10-20 13h42.12.817192 -0400,
3.0,15.0,,79,79,0,,,,,,,,,,p1,poss,100,left,0.9710650420020102,None,None,,,,,,,,,,,0,79,79,162,180.45601837499999,,,,,,,,,,,,,,,,,,,,,,,,,,,,,,,,,,,,,,,,,,,,,,,,,,,,,,,180.4483228329991,180.45601837499999,180.94468033299927,180.94468033299927,181.01983245799784,181.01983245799784,181.45404691599833,left,0.9710650420020102,None,181.45418391599378,181.45424008299597,None,,,,,,,,,,,,21049996,0,2025-10-20_13h42.01.136,tilt_mocs,2024.2.4,120.22253239129209,2025-10-20 13h42.12.817192 -0400,
-4.125,-15.0,,80,80,0,,,,,,,,,,PSE,negs,100,left,1.0391204170009587,None,None,,,,,,,,,,,0,80,80,410,181.46988754099584,,,,,,,,,,,,,,,,,,,,,,,,,,,,,,,,,,,,,,,,,,,,,,,,,,,,,,,181.45653883299383,181.46988754099584,181.95270108299883,181.95270108299883,182.02477695799462,182.02477695799462,182.51154233299894,left,1.0391204170009587,None,182.5116714579999,182.5117265000008,None,,,,,,,,,,,,21049996,0,2025-10-20_13h42.01.136,tilt_mocs,2024.2.4,120.22253239129209,2025-10-20 13h42.12.817192 -0400,
-4.625,-15.0,,81,81,0,,,,,,,,,,m1,negs,100,left,1.1114539580012206,None,None,,,,,,,,,,,0,81,81,370,182.52219816599973,,,,,,,,,,,,,,,,,,,,,,,,,,,,,,,,,,,,,,,,,,,,,,,,,,,,,,,182.51406491599482,182.52219816599973,183.01159470799757,183.01159470799757,183.0865479579952,183.0865479579952,183.6388244579939,left,1.1114539580012206,None,183.63898170799803,183.6390384999977,None,,,,,,,,,,,,21049996,0,2025-10-20_13h42.01.136,tilt_mocs,2024.2.4,120.22253239129209,2025-10-20 13h42.12.817192 -0400,
-4.625,-15.0,,82,82,0,,,,,,,,,,m1,negs,100,right,1.736732708006457,None,None,,,,,,,,,,,0,82,82,362,183.65018008300103,,,,,,,,,,,,,,,,,,,,,,,,,,,,,,,,,,,,,,,,,,,,,,,,,,,,,,,183.64171204099694,183.65018008300103,184.13619795799605,184.13619795799605,184.208411874999,184.208411874999,185.38982612499967,right,1.736732708006457,None,185.3899814999968,185.39004399999976,None,,,,,,,,,,,,21049996,0,2025-10-20_13h42.01.136,tilt_mocs,2024.2.4,120.22253239129209,2025-10-20 13h42.12.817192 -0400,
-2.125,-15.0,,83,83,0,,,,,,,,,,p3,negs,100,right,1.0871735840046313,None,None,,,,,,,,,,,0,83,83,526,185.40086695799982,,,,,,,,,,,,,,,,,,,,,,,,,,,,,,,,,,,,,,,,,,,,,,,,,,,,,,,185.39271245800046,185.40086695799982,185.88612808299513,185.88612808299513,185.95827708299475,185.95827708299475,186.493995290999,right,1.0871735840046313,None,186.4941206250005,186.4941918330005,None,,,,,,,,,,,,21049996,0,2025-10-20_13h42.01.136,tilt_mocs,2024.2.4,120.22253239129209,2025-10-20 13h42.12.817192 -0400,
2.0,15.0,,84,84,0,,,,,,,,,,m1,poss,100,right,1.3918344589983462,None,None,,,,,,,,,,,0,84,84,100,186.50494441599585,,,,,,,,,,,,,,,,,,,,,,,,,,,,,,,,,,,,,,,,,,,,,,,,,,,,,,,186.49653820799722,186.50494441599585,186.99463454099896,186.99463454099896,187.07002374999865,187.07002374999865,187.9054604579942,right,1.3918344589983462,None,187.90558345799946,187.90562770799443,None,,,,,,,,,,,,21049996,0,2025-10-20_13h42.01.136,tilt_mocs,2024.2.4,120.22253239129209,2025-10-20 13h42.12.817192 -0400,
-2.0,0.0,,85,85,0,,,,,,,,,,m3,noss,0,left,1.7055202499977895,None,None,,,,,,,,,,,0,85,85,572,187.91556741599925,,,,,,,,,,,,,,,,,,,,,,,,,,,,,,,,,,,,,,,,,,,,,,,,,,,,,,,187.90755904099933,187.91556741599925,188.40283824999642,188.40283824999642,188.47502112499933,188.47502112499933,189.6331713749969,left,1.7055202499977895,None,189.63329529099428,189.6333392499946,None,,,,,,,,,,,,21049996,0,2025-10-20_13h42.01.136,tilt_mocs,2024.2.4,120.22253239129209,2025-10-20 13h42.12.817192 -0400,
-5.125,-15.0,,86,86,0,,,,,,,,,,m2,negs,100,right,1.203434417002427,None,None,,,,,,,,,,,0,86,86,335,189.63992137499736,,,,,,,,,,,,,,,,,,,,,,,,,,,,,,,,,,,,,,,,,,,,,,,,,,,,,,,189.6353094579972,189.63992137499736,190.12936858299508,190.12936858299508,190.2034761659961,190.2034761659961,190.8557234999971,right,1.203434417002427,None,190.855849915999,190.85590533299546,None,,,,,,,,,,,,21049996,0,2025-10-20_13h42.01.136,tilt_mocs,2024.2.4,120.22253239129209,2025-10-20 13h42.12.817192 -0400,
2.5,15.0,,87,87,0,,,,,,,,,,PSE,poss,100,right,1.378956084001402,None,None,,,,,,,,,,,0,87,87,150,190.8662962909948,,,,,,,,,,,,,,,,,,,,,,,,,,,,,,,,,,,,,,,,,,,,,,,,,,,,,,,190.8582827499995,190.8662962909948,191.35303629099508,191.35303629099508,191.42524816600053,191.42524816600053,192.25639041599788,right,1.378956084001402,None,192.25654504099657,192.2566311249975,None,,,,,,,,,,,,21049996,0,2025-10-20_13h42.01.136,tilt_mocs,2024.2.4,120.22253239129209,2025-10-20 13h42.12.817192 -0400,
-3.625,-15.0,,88,88,0,,,,,,,,,,p1,negs,100,right,1.041256542004703,None,None,,,,,,,,,,,0,88,88,466,192.26720812499843,,,,,,,,,,,,,,,,,,,,,,,,,,,,,,,,,,,,,,,,,,,,,,,,,,,,,,,192.25892433300032,192.26720812499843,192.75296670799435,192.75296670799435,192.82529258299473,192.82529258299473,193.3111402909999,right,1.041256542004703,None,193.31124024999735,193.31128299999546,None,,,,,,,,,,,,21049996,0,2025-10-20_13h42.01.136,tilt_mocs,2024.2.4,120.22253239129209,2025-10-20 13h42.12.817192 -0400,
0.5,0.0,,89,89,0,,,,,,,,,,p1,noss,0,right,1.0145271250003134,None,None,,,,,,,,,,,0,89,89,642,193.3220278749941,,,,,,,,,,,,,,,,,,,,,,,,,,,,,,,,,,,,,,,,,,,,,,,,,,,,,,,193.31318091599678,193.3220278749941,193.81172291599796,193.81172291599796,193.88695191599982,193.88695191599982,194.33927570800006,right,1.0145271250003134,None,194.33951966599852,194.33961637500033,None,,,,,,,,,,,,21049996,0,2025-10-20_13h42.01.136,tilt_mocs,2024.2.4,120.22253239129209,2025-10-20 13h42.12.817192 -0400,
-4.125,-15.0,,90,90,0,,,,,,,,,,PSE,negs,100,right,0.9814765420014737,None,None,,,,,,,,,,,0,90,90,406,194.3505109580001,,,,,,,,,,,,,,,,,,,,,,,,,,,,,,,,,,,,,,,,,,,,,,,,,,,,,,,194.34197149999818,194.3505109580001,194.83649658299692,194.83649658299692,194.908735332996,194.908735332996,195.33937024999614,right,0.9814765420014737,None,195.33952691599552,195.33957862499665,None,,,,,,,,,,,,21049996,0,2025-10-20_13h42.01.136,tilt_mocs,2024.2.4,120.22253239129209,2025-10-20 13h42.12.817192 -0400,
-3.125,-15.0,,91,91,0,,,,,,,,,,p2,negs,100,right,1.0210220410008333,None,None,,,,,,,,,,,0,91,91,487,195.3506674159944,,,,,,,,,,,,,,,,,,,,,,,,,,,,,,,,,,,,,,,,,,,,,,,,,,,,,,,195.34255616599694,195.3506674159944,195.8366548749982,195.8366548749982,195.90878520799743,195.90878520799743,196.37835112500034,right,1.0210220410008333,None,196.3784765829987,196.37853012499545,None,,,,,,,,,,,,21049996,0,2025-10-20_13h42.01.136,tilt_mocs,2024.2.4,120.22253239129209,2025-10-20 13h42.12.817192 -0400,
0.5,0.0,,92,92,0,,,,,,,,,,p1,noss,0,right,0.9882825829990907,None,None,,,,,,,,,,,0,92,92,647,196.3891179159982,,,,,,,,,,,,,,,,,,,,,,,,,,,,,,,,,,,,,,,,,,,,,,,,,,,,,,,196.38071479099744,196.3891179159982,196.87852974999987,196.87852974999987,196.95369158299582,196.95369158299582,197.3891099159955,right,0.9882825829990907,None,197.3892338749938,197.38928720799595,None,,,,,,,,,,,,21049996,0,2025-10-20_13h42.01.136,tilt_mocs,2024.2.4,120.22253239129209,2025-10-20 13h42.12.817192 -0400,
0.5,15.0,,93,93,0,,,,,,,,,,m3,poss,100,right,1.2390791249999893,None,None,,,,,,,,,,,0,93,93,0,197.3992744579955,,,,,,,,,,,,,,,,,,,,,,,,,,,,,,,,,,,,,,,,,,,,,,,,,,,,,,,197.39125179099938,197.3992744579955,197.8866154579955,197.8866154579955,197.9589379159952,197.9589379159952,198.64537858299445,right,1.2390791249999893,None,198.6455260829971,198.6455727079956,None,,,,,,,,,,,,21049996,0,2025-10-20_13h42.01.136,tilt_mocs,2024.2.4,120.22253239129209,2025-10-20 13h42.12.817192 -0400,
-3.625,-15.0,,94,94,0,,,,,,,,,,p1,negs,100,right,1.1388401660005911,None,None,,,,,,,,,,,0,94,94,464,198.65586691600038,,,,,,,,,,,,,,,,,,,,,,,,,,,,,,,,,,,,,,,,,,,,,,,,,,,,,,,198.64751829099987,198.65586691600038,199.14550708299794,199.14550708299794,199.22043512499658,199.22043512499658,199.80625999999756,right,1.1388401660005911,None,199.8064017910001,199.8064618749995,None,,,,,,,,,,,,21049996,0,2025-10-20_13h42.01.136,tilt_mocs,2024.2.4,120.22253239129209,2025-10-20 13h42.12.817192 -0400,
-5.125,-15.0,,95,95,0,,,,,,,,,,m2,negs,100,right,1.0941203339971253,None,None,,,,,,,,,,,0,95,95,334,199.817002374999,,,,,,,,,,,,,,,,,,,,,,,,,,,,,,,,,,,,,,,,,,,,,,,,,,,,,,,199.80875891599862,199.817002374999,200.30325445799826,200.30325445799826,200.37525074999576,200.37525074999576,200.9224875,right,1.0941203339971253,None,200.92262154099444,200.9226765409985,None,,,,,,,,,,,,21049996,0,2025-10-20_13h42.01.136,tilt_mocs,2024.2.4,120.22253239129209,2025-10-20 13h42.12.817192 -0400,
-1.0,0.0,,96,96,0,,,,,,,,,,m2,noss,0,right,1.103981375003059,None,None,,,,,,,,,,,0,96,96,597,200.93292537499656,,,,,,,,,,,,,,,,,,,,,,,,,,,,,,,,,,,,,,,,,,,,,,,,,,,,,,,200.92479166599514,200.93292537499656,201.41995383299945,201.41995383299945,201.492946665996,201.492946665996,202.0395305829952,right,1.103981375003059,None,202.0396706659958,202.03972583299765,None,,,,,,,,,,,,21049996,0,2025-10-20_13h42.01.136,tilt_mocs,2024.2.4,120.22253239129209,2025-10-20 13h42.12.817192 -0400,
2.0,15.0,,97,97,0,,,,,,,,,,m1,poss,100,right,1.3050596670000232,None,None,,,,,,,,,,,0,97,97,85,202.05020083300042,,,,,,,,,,,,,,,,,,,,,,,,,,,,,,,,,,,,,,,,,,,,,,,,,,,,,,,202.0420673330009,202.05020083300042,202.5367824579953,202.5367824579953,202.6089437499977,202.6089437499977,203.36168979099602,right,1.3050596670000232,None,203.36181595800008,203.36187004100066,None,,,,,,,,,,,,21049996,0,2025-10-20_13h42.01.136,tilt_mocs,2024.2.4,120.22253239129209,2025-10-20 13h42.12.817192 -0400,
0.5,0.0,,98,98,0,,,,,,,,,,p1,noss,0,right,1.150609500000428,None,None,,,,,,,,,,,0,98,98,655,203.37264624999807,,,,,,,,,,,,,,,,,,,,,,,,,,,,,,,,,,,,,,,,,,,,,,,,,,,,,,,203.36397779099934,203.37264624999807,203.8624207909961,203.8624207909961,203.93751150000026,203.93751150000026,204.5275225000005,right,1.150609500000428,None,204.52761887499946,204.5276607909982,None,,,,,,,,,,,,21049996,0,2025-10-20_13h42.01.136,tilt_mocs,2024.2.4,120.22253239129209,2025-10-20 13h42.12.817192 -0400,
3.0,15.0,,99,99,0,,,,,,,,,,p1,poss,100,right,1.0169833749969257,None,None,,,,,,,,,,,0,99,99,178,204.5378481250009,,,,,,,,,,,,,,,,,,,,,,,,,,,,,,,,,,,,,,,,,,,,,,,,,,,,,,,204.52958358299657,204.5378481250009,205.02879770800064,205.02879770800064,205.1039889579988,205.1039889579988,205.56635962499422,right,1.0169833749969257,None,205.56646433299466,205.56650841599912,None,,,,,,,,,,,,21049996,0,2025-10-20_13h42.01.136,tilt_mocs,2024.2.4,120.22253239129209,2025-10-20 13h42.12.817192 -0400,
-3.125,-15.0,,100,100,0,,,,,,,,,,p2,negs,100,right,1.037476958001207,None,space,2.8054846250015544,None,,,,,,,,,0,100,100,517,205.57319604099757,,,,,,,,,,,,,,,,,,,,,,,,,,,,,,,,,,,,,,,,,,,,,,,,,,,,,,,205.5684607910007,205.57319604099757,206.06339020800078,206.06339020800078,206.13731616599398,206.13731616599398,206.62287391599966,right,1.037476958001207,None,206.62300012500054,209.44467137500033,space,206.63296016599634,206.63296016599634,2.8054846250015544,None,,,,,,,,21049996,0,2025-10-20_13h42.01.136,tilt_mocs,2024.2.4,120.22253239129209,2025-10-20 13h42.12.817192 -0400,
3.5,15.0,,101,101,0,,,,,,,,,,p2,poss,100,left,2.450157291998039,None,None,,,,,,,,,,,0,101,101,225,209.4561614579943,,,,,,,,,,,,,,,,,,,,,,,,,,,,,,,,,,,,,,,,,,,,,,,,,,,,,,,209.4466312079967,209.4561614579943,209.94580462500016,209.94580462500016,210.02078504100064,210.02078504100064,211.9127964579966,left,2.450157291998039,None,211.9129340829968,211.91298920799454,None,,,,,,,,,,,,21049996,0,2025-10-20_13h42.01.136,tilt_mocs,2024.2.4,120.22253239129209,2025-10-20 13h42.12.817192 -0400,
-2.125,-15.0,,102,102,0,,,,,,,,,,p3,negs,100,right,1.1006463329977123,None,None,,,,,,,,,,,0,102,102,543,211.92342670799553,,,,,,,,,,,,,,,,,,,,,,,,,,,,,,,,,,,,,,,,,,,,,,,,,,,,,,,211.91512974999932,211.92342670799553,212.41264054099884,212.41264054099884,212.48767137499817,212.48767137499817,213.02836050000042,right,1.1006463329977123,None,213.02848020799865,213.02853483299987,None,,,,,,,,,,,,21049996,0,2025-10-20_13h42.01.136,tilt_mocs,2024.2.4,120.22253239129209,2025-10-20 13h42.12.817192 -0400,
-5.125,-15.0,,103,103,0,,,,,,,,,,m2,negs,100,right,1.01625045799301,None,None,,,,,,,,,,,0,103,103,358,213.0395464999965,,,,,,,,,,,,,,,,,,,,,,,,,,,,,,,,,,,,,,,,,,,,,,,,,,,,,,,213.0306742909961,213.0395464999965,213.52940462499828,213.52940462499828,213.6042618749998,213.6042618749998,214.0623673749942,right,1.01625045799301,None,214.062487915995,214.06253849999484,None,,,,,,,,,,,,21049996,0,2025-10-20_13h42.01.136,tilt_mocs,2024.2.4,120.22253239129209,2025-10-20 13h42.12.817192 -0400,
4.5,15.0,,104,104,0,,,,,,,,,,p3,poss,100,right,0.9922636249975767,None,None,,,,,,,,,,,0,104,104,241,214.0732632500003,,,,,,,,,,,,,,,,,,,,,,,,,,,,,,,,,,,,,,,,,,,,,,,,,,,,,,,214.06475574999786,214.0732632500003,214.56283816599898,214.56283816599898,214.63766633299383,214.63766633299383,215.07299108299776,right,0.9922636249975767,None,215.07312049999746,215.0731765409946,None,,,,,,,,,,,,21049996,0,2025-10-20_13h42.01.136,tilt_mocs,2024.2.4,120.22253239129209,2025-10-20 13h42.12.817192 -0400,
0.0,0.0,,105,105,0,,,,,,,,,,PSE,noss,0,right,1.0758301250025397,None,None,,,,,,,,,,,0,105,105,630,215.08301533299527,,,,,,,,,,,,,,,,,,,,,,,,,,,,,,,,,,,,,,,,,,,,,,,,,,,,,,,215.07512333299383,215.08301533299527,215.57046629099932,215.57046629099932,215.64251574999798,215.64251574999798,216.16253154099832,right,1.0758301250025397,None,216.16263466599776,216.16267766599776,None,,,,,,,,,,,,21049996,0,2025-10-20_13h42.01.136,tilt_mocs,2024.2.4,120.22253239129209,2025-10-20 13h42.12.817192 -0400,
-0.5,0.0,,106,106,0,,,,,,,,,,m1,noss,0,right,0.9416525420019752,None,None,,,,,,,,,,,0,106,106,607,216.17299691600056,,,,,,,,,,,,,,,,,,,,,,,,,,,,,,,,,,,,,,,,,,,,,,,,,,,,,,,216.1645656249966,216.17299691600056,216.66246633300034,216.66246633300034,216.73780233299476,216.73780233299476,217.12318441599928,right,0.9416525420019752,None,217.12331195799925,217.12336633299856,None,,,,,,,,,,,,21049996,0,2025-10-20_13h42.01.136,tilt_mocs,2024.2.4,120.22253239129209,2025-10-20 13h42.12.817192 -0400,
-6.125,-15.0,,107,107,0,,,,,,,,,,m3,negs,100,left,1.320791416997963,None,None,,,,,,,,,,,0,107,107,312,217.13367624999955,,,,,,,,,,,,,,,,,,,,,,,,,,,,,,,,,,,,,,,,,,,,,,,,,,,,,,,217.12564120799652,217.13367624999955,217.62054362499475,217.62054362499475,217.69291508299648,217.69291508299648,218.45727149999584,left,1.320791416997963,None,218.4574139999968,218.45747049999773,None,,,,,,,,,,,,21049996,0,2025-10-20_13h42.01.136,tilt_mocs,2024.2.4,120.22253239129209,2025-10-20 13h42.12.817192 -0400,
0.0,0.0,,108,108,0,,,,,,,,,,PSE,noss,0,right,1.223464957998658,None,None,,,,,,,,,,,0,108,108,639,218.46821095799532,,,,,,,,,,,,,,,,,,,,,,,,,,,,,,,,,,,,,,,,,,,,,,,,,,,,,,,218.45981304099405,218.46821095799532,218.95397387499543,218.95397387499543,219.0261237079976,219.0261237079976,219.69502079099766,right,1.223464957998658,None,219.69512033299543,219.6951623749992,None,,,,,,,,,,,,21049996,0,2025-10-20_13h42.01.136,tilt_mocs,2024.2.4,120.22253239129209,2025-10-20 13h42.12.817192 -0400,
3.5,15.0,,109,109,0,,,,,,,,,,p2,poss,100,right,1.14347629200347,None,None,,,,,,,,,,,0,109,109,233,219.72075341599702,,,,,,,,,,,,,,,,,,,,,,,,,,,,,,,,,,,,,,,,,,,,,,,,,,,,,,,219.69706004099862,219.72075341599702,220.19738349999534,220.19738349999534,220.27119845799461,220.27119845799461,220.87342224999884,right,1.14347629200347,None,220.87363362500037,220.87375254099607,None,,,,,,,,,,,,21049996,0,2025-10-20_13h42.01.136,tilt_mocs,2024.2.4,120.22253239129209,2025-10-20 13h42.12.817192 -0400,
-5.125,-15.0,,110,110,0,,,,,,,,,,m2,negs,100,right,1.0005216249992372,None,None,,,,,,,,,,,0,110,110,327,220.88434837499517,,,,,,,,,,,,,,,,,,,,,,,,,,,,,,,,,,,,,,,,,,,,,,,,,,,,,,,220.8761947499952,220.88434837499517,221.37076633299876,221.37076633299876,221.44297749999532,221.44297749999532,221.8905481249967,right,1.0005216249992372,None,221.89069766600005,221.89075474999845,None,,,,,,,,,,,,21049996,0,2025-10-20_13h42.01.136,tilt_mocs,2024.2.4,120.22253239129209,2025-10-20 13h42.12.817192 -0400,
-5.125,-15.0,,111,111,0,,,,,,,,,,m2,negs,100,right,0.9626770419999957,None,None,,,,,,,,,,,0,111,111,354,221.90106445799756,,,,,,,,,,,,,,,,,,,,,,,,,,,,,,,,,,,,,,,,,,,,,,,,,,,,,,,221.89292612499412,221.90106445799756,222.38748879099876,222.38748879099876,222.46053245799703,222.46053245799703,222.8734609999956,right,0.9626770419999957,None,222.87358849999873,222.873643040999,None,,,,,,,,,,,,21049996,0,2025-10-20_13h42.01.136,tilt_mocs,2024.2.4,120.22253239129209,2025-10-20 13h42.12.817192 -0400,
0.5,15.0,,112,112,0,,,,,,,,,,m3,poss,100,right,0.9403002909966744,None,None,,,,,,,,,,,0,112,112,19,222.8842329159961,,,,,,,,,,,,,,,,,,,,,,,,,,,,,,,,,,,,,,,,,,,,,,,,,,,,,,,222.87611624999408,222.8842329159961,223.37086345799617,223.37086345799617,223.44338883299497,223.44338883299497,223.82867866599554,right,0.9403002909966744,None,223.8287777910009,223.82881966599962,None,,,,,,,,,,,,21049996,0,2025-10-20_13h42.01.136,tilt_mocs,2024.2.4,120.22253239129209,2025-10-20 13h42.12.817192 -0400,
3.5,15.0,,113,113,0,,,,,,,,,,p2,poss,100,right,1.161285708003561,None,None,,,,,,,,,,,0,113,113,239,223.8543278750003,,,,,,,,,,,,,,,,,,,,,,,,,,,,,,,,,,,,,,,,,,,,,,,,,,,,,,,223.8307163329955,223.8543278750003,224.32971829099552,224.32971829099552,224.40465924999444,224.40465924999444,225.02378029099782,right,1.161285708003561,None,225.0239585409945,225.02401341599762,None,,,,,,,,,,,,21049996,0,2025-10-20_13h42.01.136,tilt_mocs,2024.2.4,120.22253239129209,2025-10-20 13h42.12.817192 -0400,
-3.625,-15.0,,114,114,0,,,,,,,,,,p1,negs,100,right,1.1896387909946498,None,None,,,,,,,,,,,0,114,114,461,225.03476579099515,,,,,,,,,,,,,,,,,,,,,,,,,,,,,,,,,,,,,,,,,,,,,,,,,,,,,,,225.026616790994,225.03476579099515,225.51994700000068,225.51994700000068,225.59419766599603,225.59419766599603,226.2294310829966,right,1.1896387909946498,None,226.22953341600078,226.22957841599418,None,,,,,,,,,,,,21049996,0,2025-10-20_13h42.01.136,tilt_mocs,2024.2.4,120.22253239129209,2025-10-20 13h42.12.817192 -0400,
1.0,0.0,,115,115,0,,,,,,,,,,p2,noss,0,left,1.0494957089977106,None,None,,,,,,,,,,,0,115,115,672,226.2399402499941,,,,,,,,,,,,,,,,,,,,,,,,,,,,,,,,,,,,,,,,,,,,,,,,,,,,,,,226.23151741599577,226.2399402499941,226.73035345799872,226.73035345799872,226.80479199999536,226.80479199999536,227.29624529099965,left,1.0494957089977106,None,227.29637674999685,227.2964337079975,None,,,,,,,,,,,,21049996,0,2025-10-20_13h42.01.136,tilt_mocs,2024.2.4,120.22253239129209,2025-10-20 13h42.12.817192 -0400,
1.0,0.0,,116,116,0,,,,,,,,,,p2,noss,0,left,0.9425029169942718,None,None,,,,,,,,,,,0,116,116,661,227.30680508299702,,,,,,,,,,,,,,,,,,,,,,,,,,,,,,,,,,,,,,,,,,,,,,,,,,,,,,,227.2983984579987,227.30680508299702,227.79682004099595,227.79682004099595,227.87150116599514,227.87150116599514,228.25677441599692,left,0.9425029169942718,None,228.2569008749997,228.25695508299395,None,,,,,,,,,,,,21049996,0,2025-10-20_13h42.01.136,tilt_mocs,2024.2.4,120.22253239129209,2025-10-20 13h42.12.817192 -0400,
-4.125,-15.0,,117,117,0,,,,,,,,,,PSE,negs,100,left,0.9710923750026268,None,None,,,,,,,,,,,0,117,117,411,228.26760491599998,,,,,,,,,,,,,,,,,,,,,,,,,,,,,,,,,,,,,,,,,,,,,,,,,,,,,,,228.25929579099466,228.26760491599998,228.75437450000027,228.75437450000027,228.82790333299636,228.82790333299636,229.24118070799886,left,0.9710923750026268,None,229.24130920799507,229.24136462499882,None,,,,,,,,,,,,21049996,0,2025-10-20_13h42.01.136,tilt_mocs,2024.2.4,120.22253239129209,2025-10-20 13h42.12.817192 -0400,
4.5,15.0,,118,118,0,,,,,,,,,,p3,poss,100,left,0.9917472920060391,None,None,,,,,,,,,,,0,118,118,246,229.25126104099763,,,,,,,,,,,,,,,,,,,,,,,,,,,,,,,,,,,,,,,,,,,,,,,,,,,,,,,229.24332204099483,229.25126104099763,229.73761599999852,229.73761599999852,229.81090041599964,229.81090041599964,230.24680608299968,left,0.9917472920060391,None,230.2469098750007,230.2469546249995,None,,,,,,,,,,,,21049996,0,2025-10-20_13h42.01.136,tilt_mocs,2024.2.4,120.22253239129209,2025-10-20 13h42.12.817192 -0400,
1.0,0.0,,119,119,0,,,,,,,,,,p2,noss,0,left,0.9448758340004133,None,None,,,,,,,,,,,0,119,119,669,230.25719274999574,,,,,,,,,,,,,,,,,,,,,,,,,,,,,,,,,,,,,,,,,,,,,,,,,,,,,,,230.2488838329955,230.25719274999574,230.74646024999674,230.74646024999674,230.821398125001,230.821398125001,231.20751566599938,left,0.9448758340004133,None,231.2076209999941,231.20766533300048,None,,,,,,,,,,,,21049996,0,2025-10-20_13h42.01.136,tilt_mocs,2024.2.4,120.22253239129209,2025-10-20 13h42.12.817192 -0400,
1.5,15.0,,120,120,0,,,,,,,,,,m2,poss,100,left,0.9111645840021083,None,None,,,,,,,,,,,0,120,120,68,231.21753887499654,,,,,,,,,,,,,,,,,,,,,,,,,,,,,,,,,,,,,,,,,,,,,,,,,,,,,,,231.20954745799827,231.21753887499654,231.7044664579953,231.7044664579953,231.77643041600095,231.77643041600095,232.14056783299748,left,0.9111645840021083,None,232.14069258299423,232.14074604099733,None,,,,,,,,,,,,21049996,0,2025-10-20_13h42.01.136,tilt_mocs,2024.2.4,120.22253239129209,2025-10-20 13h42.12.817192 -0400,
-1.0,0.0,,121,121,0,,,,,,,,,,m2,noss,0,left,0.9077286669999012,None,None,,,,,,,,,,,0,121,121,599,232.1508662079941,,,,,,,,,,,,,,,,,,,,,,,,,,,,,,,,,,,,,,,,,,,,,,,,,,,,,,,232.14286066599743,232.1508662079941,232.63782783299393,232.63782783299393,232.71062637499563,232.71062637499563,233.06357795799704,left,0.9077286669999012,None,233.06368120799743,233.06372333299805,None,,,,,,,,,,,,21049996,0,2025-10-20_13h42.01.136,tilt_mocs,2024.2.4,120.22253239129209,2025-10-20 13h42.12.817192 -0400,
-0.5,0.0,,122,122,0,,,,,,,,,,m1,noss,0,left,0.8319649170007324,None,None,,,,,,,,,,,0,122,122,602,233.07392904099834,,,,,,,,,,,,,,,,,,,,,,,,,,,,,,,,,,,,,,,,,,,,,,,,,,,,,,,233.065652958001,233.07392904099834,233.56359804100066,233.56359804100066,233.63819779099867,233.63819779099867,233.91697916599514,left,0.8319649170007324,None,233.91708866599947,233.9171322080001,None,,,,,,,,,,,,21049996,0,2025-10-20_13h42.01.136,tilt_mocs,2024.2.4,120.22253239129209,2025-10-20 13h42.12.817192 -0400,
4.5,15.0,,123,123,0,,,,,,,,,,p3,poss,100,left,0.8912682500013034,None,None,,,,,,,,,,,0,123,123,272,233.92378595799528,,,,,,,,,,,,,,,,,,,,,,,,,,,,,,,,,,,,,,,,,,,,,,,,,,,,,,,233.91906058300083,233.92378595799528,234.41321720799897,234.41321720799897,234.4884010409951,234.4884010409951,234.82450291599525,left,0.8912682500013034,None,234.82474554099463,234.8248382909951,None,,,,,,,,,,,,21049996,0,2025-10-20_13h42.01.136,tilt_mocs,2024.2.4,120.22253239129209,2025-10-20 13h42.12.817192 -0400,
-1.0,0.0,,124,124,0,,,,,,,,,,m2,noss,0,left,1.0912039590039058,None,None,,,,,,,,,,,0,124,124,592,234.83613912500005,,,,,,,,,,,,,,,,,,,,,,,,,,,,,,,,,,,,,,,,,,,,,,,,,,,,,,,234.82743666599708,234.83613912500005,235.32116254099674,235.32116254099674,235.39346324999497,235.39346324999497,235.93104962499638,left,1.0912039590039058,None,235.93119733299682,235.93125579099433,None,,,,,,,,,,,,21049996,0,2025-10-20_13h42.01.136,tilt_mocs,2024.2.4,120.22253239129209,2025-10-20 13h42.12.817192 -0400,
0.0,0.0,,125,125,0,,,,,,,,,,PSE,noss,0,left,1.0349392499992973,None,None,,,,,,,,,,,0,125,125,624,235.9410518329969,,,,,,,,,,,,,,,,,,,,,,,,,,,,,,,,,,,,,,,,,,,,,,,,,,,,,,,235.93322641599661,235.9410518329969,236.4311477079973,236.4311477079973,236.505050957996,236.505050957996,236.98015337499965,left,1.0349392499992973,None,236.98027466599888,236.98033012499945,None,,,,,,,,,,,,21049996,0,2025-10-20_13h42.01.136,tilt_mocs,2024.2.4,120.22253239129209,2025-10-20 13h42.12.817192 -0400,
3.0,15.0,,126,126,0,,,,,,,,,,p1,poss,100,left,0.9640407919941936,None,None,,,,,,,,,,,0,126,126,173,236.9907217910004,,,,,,,,,,,,,,,,,,,,,,,,,,,,,,,,,,,,,,,,,,,,,,,,,,,,,,,236.98238395799854,236.9907217910004,237.47983874999773,237.47983874999773,237.55522774999554,237.55522774999554,237.95736233299976,left,0.9640407919941936,None,237.95759249999537,237.95771033299388,None,,,,,,,,,,,,21049996,0,2025-10-20_13h42.01.136,tilt_mocs,2024.2.4,120.22253239129209,2025-10-20 13h42.12.817192 -0400,
-6.125,-15.0,,127,127,0,,,,,,,,,,m3,negs,100,left,0.8640173329986283,None,None,,,,,,,,,,,0,127,127,300,237.9686114579963,,,,,,,,,,,,,,,,,,,,,,,,,,,,,,,,,,,,,,,,,,,,,,,,,,,,,,,237.96016499999678,237.9686114579963,238.4546438749967,238.4546438749967,238.52654429099493,238.52654429099493,238.8405461250004,left,0.8640173329986283,None,238.8406734159944,238.84072704099526,None,,,,,,,,,,,,21049996,0,2025-10-20_13h42.01.136,tilt_mocs,2024.2.4,120.22253239129209,2025-10-20 13h42.12.817192 -0400,
-2.0,0.0,,128,128,0,,,,,,,,,,m3,noss,0,left,0.9422089579966269,None,None,,,,,,,,,,,0,128,128,569,238.851136665995,,,,,,,,,,,,,,,,,,,,,,,,,,,,,,,,,,,,,,,,,,,,,,,,,,,,,,,238.84309958299855,238.851136665995,239.33800708299532,239.33800708299532,239.41051720799442,239.41051720799442,239.79597416599427,left,0.9422089579966269,None,239.79609491599695,239.7961482499959,None,,,,,,,,,,,,21049996,0,2025-10-20_13h42.01.136,tilt_mocs,2024.2.4,120.22253239129209,2025-10-20 13h42.12.817192 -0400,
2.0,15.0,,129,129,0,,,,,,,,,,m1,poss,100,left,1.5372384170041187,None,None,,,,,,,,,,,0,129,129,102,239.80736087499827,,,,,,,,,,,,,,,,,,,,,,,,,,,,,,,,,,,,,,,,,,,,,,,,,,,,,,,239.79830524999852,239.80736087499827,240.2977509159973,240.2977509159973,240.37188783299644,240.37188783299644,241.35728691599797,left,1.5372384170041187,None,241.35741520799638,241.3574684999985,None,,,,,,,,,,,,21049996,0,2025-10-20_13h42.01.136,tilt_mocs,2024.2.4,120.22253239129209,2025-10-20 13h42.12.817192 -0400,
2.5,15.0,,130,130,0,,,,,,,,,,PSE,poss,100,left,0.9955114999975194,None,None,,,,,,,,,,,0,130,130,151,241.36747758300044,,,,,,,,,,,,,,,,,,,,,,,,,,,,,,,,,,,,,,,,,,,,,,,,,,,,,,,241.35951170799672,241.36747758300044,241.85471366599813,241.85471366599813,241.92743762499595,241.92743762499595,242.37425629099744,left,0.9955114999975194,None,242.37439329100016,242.37444870799663,None,,,,,,,,,,,,21049996,0,2025-10-20_13h42.01.136,tilt_mocs,2024.2.4,120.22253239129209,2025-10-20 13h42.12.817192 -0400,
-4.625,-15.0,,131,131,0,,,,,,,,,,m1,negs,100,left,1.0264798749994952,None,None,,,,,,,,,,,0,131,131,366,242.38500020799984,,,,,,,,,,,,,,,,,,,,,,,,,,,,,,,,,,,,,,,,,,,,,,,,,,,,,,,242.37672808299976,242.38500020799984,242.87056020800082,242.87056020800082,242.9436470829969,242.9436470829969,243.42189483299444,left,1.0264798749994952,None,243.42199770799925,243.4220392079951,None,,,,,,,,,,,,21049996,0,2025-10-20_13h42.01.136,tilt_mocs,2024.2.4,120.22253239129209,2025-10-20 13h42.12.817192 -0400,
1.0,0.0,,132,132,0,,,,,,,,,,p2,noss,0,right,1.0970403750034166,None,None,,,,,,,,,,,0,132,132,677,243.42923750000045,,,,,,,,,,,,,,,,,,,,,,,,,,,,,,,,,,,,,,,,,,,,,,,,,,,,,,,243.4240009999994,243.42923750000045,243.91356962499412,243.91356962499412,243.9887236249997,243.9887236249997,244.52925287499966,right,1.0970403750034166,None,244.52935491599783,244.52940733300056,None,,,,,,,,,,,,21049996,0,2025-10-20_13h42.01.136,tilt_mocs,2024.2.4,120.22253239129209,2025-10-20 13h42.12.817192 -0400,
-6.125,-15.0,,133,133,0,,,,,,,,,,m3,negs,100,left,1.3500845419985126,None,None,,,,,,,,,,,0,133,133,305,244.55512970799464,,,,,,,,,,,,,,,,,,,,,,,,,,,,,,,,,,,,,,,,,,,,,,,,,,,,,,,244.53130212499673,244.55512970799464,245.03035945799638,245.03035945799638,245.1054250409943,245.1054250409943,245.9080615829953,left,1.3500845419985126,None,245.90820429099404,245.9082586250006,None,,,,,,,,,,,,21049996,0,2025-10-20_13h42.01.136,tilt_mocs,2024.2.4,120.22253239129209,2025-10-20 13h42.12.817192 -0400,
-2.125,-15.0,,134,134,0,,,,,,,,,,p3,negs,100,right,1.0985930000024382,None,None,,,,,,,,,,,0,134,134,550,245.9184699999969,,,,,,,,,,,,,,,,,,,,,,,,,,,,,,,,,,,,,,,,,,,,,,,,,,,,,,,245.9104125829981,245.9184699999969,246.40501379099442,246.40501379099442,246.477047165994,246.477047165994,247.0246049579946,right,1.0985930000024382,None,247.0247642079994,247.0248147079983,None,,,,,,,,,,,,21049996,0,2025-10-20_13h42.01.136,tilt_mocs,2024.2.4,120.22253239129209,2025-10-20 13h42.12.817192 -0400,
-2.0,0.0,,135,135,0,,,,,,,,,,m3,noss,0,right,0.9031461249978747,None,None,,,,,,,,,,,0,135,135,566,247.03594833299576,,,,,,,,,,,,,,,,,,,,,,,,,,,,,,,,,,,,,,,,,,,,,,,,,,,,,,,247.0277686249974,247.03594833299576,247.52169499999582,247.52169499999582,247.59423937499378,247.59423937499378,247.94157916599943,right,0.9031461249978747,None,247.94170674999623,247.94176141599746,None,,,,,,,,,,,,21049996,0,2025-10-20_13h42.01.136,tilt_mocs,2024.2.4,120.22253239129209,2025-10-20 13h42.12.817192 -0400,
2.5,15.0,,136,136,0,,,,,,,,,,PSE,poss,100,right,1.719906667000032,None,None,,,,,,,,,,,0,136,136,131,247.95204812500015,,,,,,,,,,,,,,,,,,,,,,,,,,,,,,,,,,,,,,,,,,,,,,,,,,,,,,,247.94406441599858,247.95204812500015,248.43839791599748,248.43839791599748,248.5115594999952,248.5115594999952,249.67433579099452,right,1.719906667000032,None,249.67443804099457,249.67447983299644,None,,,,,,,,,,,,21049996,0,2025-10-20_13h42.01.136,tilt_mocs,2024.2.4,120.22253239129209,2025-10-20 13h42.12.817192 -0400,
3.0,15.0,,137,137,0,,,,,,,,,,p1,poss,100,right,1.0525863340008073,None,None,,,,,,,,,,,0,137,137,177,249.68440199999895,,,,,,,,,,,,,,,,,,,,,,,,,,,,,,,,,,,,,,,,,,,,,,,,,,,,,,,249.67640041599952,249.68440199999895,250.17167241599964,250.17167241599964,250.2444724579982,250.2444724579982,250.74129208299564,right,1.0525863340008073,None,250.74142649999703,250.7414827909961,None,,,,,,,,,,,,21049996,0,2025-10-20_13h42.01.136,tilt_mocs,2024.2.4,120.22253239129209,2025-10-20 13h42.12.817192 -0400,
3.5,15.0,,138,138,0,,,,,,,,,,p2,poss,100,right,1.1265274589968612,None,None,,,,,,,,,,,0,138,138,217,250.7517449579973,,,,,,,,,,,,,,,,,,,,,,,,,,,,,,,,,,,,,,,,,,,,,,,,,,,,,,,250.74372249999578,250.7517449579973,251.238438124994,251.238438124994,251.31159487499826,251.31159487499826,251.88922104099765,right,1.1265274589968612,None,251.88932016599574,251.88936499999545,None,,,,,,,,,,,,21049996,0,2025-10-20_13h42.01.136,tilt_mocs,2024.2.4,120.22253239129209,2025-10-20 13h42.12.817192 -0400,
-6.125,-15.0,,139,139,0,,,,,,,,,,m3,negs,100,right,1.5759526250039926,None,None,,,,,,,,,,,0,139,139,311,251.89645599999494,,,,,,,,,,,,,,,,,,,,,,,,,,,,,,,,,,,,,,,,,,,,,,,,,,,,,,,251.891311708001,251.89645599999494,252.38153666599828,252.38153666599828,252.45560870799818,252.45560870799818,253.4749614579996,right,1.5759526250039926,None,253.4750963330007,253.47515516599378,None,,,,,,,,,,,,21049996,0,2025-10-20_13h42.01.136,tilt_mocs,2024.2.4,120.22253239129209,2025-10-20 13h42.12.817192 -0400,
0.5,15.0,,140,140,0,,,,,,,,,,m3,poss,100,left,1.1276686249984778,None,None,,,,,,,,,,,0,140,140,15,253.48529699999926,,,,,,,,,,,,,,,,,,,,,,,,,,,,,,,,,,,,,,,,,,,,,,,,,,,,,,,253.47734249999485,253.48529699999926,253.971855374999,253.971855374999,254.04406633300096,254.04406633300096,254.6244770409976,left,1.1276686249984778,None,254.62457429099595,254.62461654099752,None,,,,,,,,,,,,21049996,0,2025-10-20_13h42.01.136,tilt_mocs,2024.2.4,120.22253239129209,2025-10-20 13h42.12.817192 -0400,
2.5,15.0,,141,141,0,,,,,,,,,,PSE,poss,100,right,1.127761499999906,None,None,,,,,,,,,,,0,141,141,124,254.63449712500005,,,,,,,,,,,,,,,,,,,,,,,,,,,,,,,,,,,,,,,,,,,,,,,,,,,,,,,254.62652587499906,254.63449712500005,255.12106408299587,255.12106408299587,255.19396783299453,255.19396783299453,255.7736217079946,right,1.127761499999906,None,255.77372904100048,255.7737720829973,None,,,,,,,,,,,,21049996,0,2025-10-20_13h42.01.136,tilt_mocs,2024.2.4,120.22253239129209,2025-10-20 13h42.12.817192 -0400,
2.5,15.0,,142,142,0,,,,,,,,,,PSE,poss,100,right,1.3329839169964544,None,None,,,,,,,,,,,0,142,142,142,255.78101308299665,,,,,,,,,,,,,,,,,,,,,,,,,,,,,,,,,,,,,,,,,,,,,,,,,,,,,,,255.77572004099784,255.78101308299665,256.27195166599995,256.27195166599995,256.35586779099685,256.35586779099685,257.1255972079962,right,1.3329839169964544,None,257.12575816599565,257.1258314999941,None,,,,,,,,,,,,21049996,0,2025-10-20_13h42.01.136,tilt_mocs,2024.2.4,120.22253239129209,2025-10-20 13h42.12.817192 -0400,
-1.0,0.0,,143,143,0,,,,,,,,,,m2,noss,0,right,0.969047499995213,None,None,,,,,,,,,,,0,143,143,589,257.1366302499955,,,,,,,,,,,,,,,,,,,,,,,,,,,,,,,,,,,,,,,,,,,,,,,,,,,,,,,257.1284113329966,257.1366302499955,257.62236262499937,257.62236262499937,257.6952726249947,257.6952726249947,258.10826962499414,right,0.969047499995213,None,258.1083973329951,258.10845324999536,None,,,,,,,,,,,,21049996,0,2025-10-20_13h42.01.136,tilt_mocs,2024.2.4,120.22253239129209,2025-10-20 13h42.12.817192 -0400,
1.5,15.0,,144,144,0,,,,,,,,,,m2,poss,100,right,1.055104332997871,None,None,,,,,,,,,,,0,144,144,65,258.11851541599754,,,,,,,,,,,,,,,,,,,,,,,,,,,,,,,,,,,,,,,,,,,,,,,,,,,,,,,258.11055095799384,258.11851541599754,258.6053759159986,258.6053759159986,258.67744674999994,258.67744674999994,259.18543845800014,right,1.055104332997871,None,259.18553695800074,259.1855812079957,None,,,,,,,,,,,,21049996,0,2025-10-20_13h42.01.136,tilt_mocs,2024.2.4,120.22253239129209,2025-10-20 13h42.12.817192 -0400,
-4.625,-15.0,,145,145,0,,,,,,,,,,m1,negs,100,right,1.067577750000055,None,None,,,,,,,,,,,0,145,145,375,259.19197637499747,,,,,,,,,,,,,,,,,,,,,,,,,,,,,,,,,,,,,,,,,,,,,,,,,,,,,,,259.18748279099964,259.19197637499747,259.68192412499775,259.68192412499775,259.7559698749974,259.7559698749974,260.263834749996,right,1.067577750000055,None,260.26397383299627,260.264036665998,None,,,,,,,,,,,,21049996,0,2025-10-20_13h42.01.136,tilt_mocs,2024.2.4,120.22253239129209,2025-10-20 13h42.12.817192 -0400,
-5.125,-15.0,,146,146,0,,,,,,,,,,m2,negs,100,right,1.059809459002281,None,None,,,,,,,,,,,0,146,146,322,260.27465395799663,,,,,,,,,,,,,,,,,,,,,,,,,,,,,,,,,,,,,,,,,,,,,,,,,,,,,,,260.2661638749996,260.27465395799663,260.76516991599783,260.76516991599783,260.8395847079955,260.8395847079955,261.3417886249954,right,1.059809459002281,None,261.3419087500006,261.34196570799395,None,,,,,,,,,,,,21049996,0,2025-10-20_13h42.01.136,tilt_mocs,2024.2.4,120.22253239129209,2025-10-20 13h42.12.817192 -0400,
-3.625,-15.0,,147,147,0,,,,,,,,,,p1,negs,100,right,0.9785474999953294,None,None,,,,,,,,,,,0,147,147,453,261.35154479099583,,,,,,,,,,,,,,,,,,,,,,,,,,,,,,,,,,,,,,,,,,,,,,,,,,,,,,,261.3439859159989,261.35154479099583,261.83887529099593,261.83887529099593,261.91157741599454,261.91157741599454,262.34137520799413,right,0.9785474999953294,None,262.34150883300026,262.3415630829986,None,,,,,,,,,,,,21049996,0,2025-10-20_13h42.01.136,tilt_mocs,2024.2.4,120.22253239129209,2025-10-20 13h42.12.817192 -0400,
-3.625,-15.0,,148,148,0,,,,,,,,,,p1,negs,100,right,1.0944070420009666,None,None,,,,,,,,,,,0,148,148,473,262.35192354099854,,,,,,,,,,,,,,,,,,,,,,,,,,,,,,,,,,,,,,,,,,,,,,,,,,,,,,,262.34373462499934,262.35192354099854,262.83881645799556,262.83881645799556,262.912294791,262.912294791,263.4487377080004,right,1.0944070420009666,None,263.4488398329995,263.4488822909989,None,,,,,,,,,,,,21049996,0,2025-10-20_13h42.01.136,tilt_mocs,2024.2.4,120.22253239129209,2025-10-20 13h42.12.817192 -0400,
-2.125,-15.0,,149,149,0,,,,,,,,,,p3,negs,100,right,1.0581864589985344,None,None,,,,,,,,,,,0,149,149,557,263.4585439579969,,,,,,,,,,,,,,,,,,,,,,,,,,,,,,,,,,,,,,,,,,,,,,,,,,,,,,,263.45080758299446,263.4585439579969,263.9472264579963,263.9472264579963,264.0227610000002,264.0227610000002,264.5250473329943,right,1.0581864589985344,None,264.5251679159992,264.52522191599564,None,,,,,,,,,,,,21049996,0,2025-10-20_13h42.01.136,tilt_mocs,2024.2.4,120.22253239129209,2025-10-20 13h42.12.817192 -0400,
0.5,15.0,,150,150,0,,,,,,,,,,m3,poss,100,left,1.1557454590001726,None,None,,,,,,,,,,,0,150,150,21,264.5353593749969,,,,,,,,,,,,,,,,,,,,,,,,,,,,,,,,,,,,,,,,,,,,,,,,,,,,,,,264.5273625829941,264.5353593749969,265.02223662499455,265.02223662499455,265.0941353329981,265.0941353329981,265.69634383299854,left,1.1557454590001726,None,265.69644366599823,265.6964877909995,None,,,,,,,,,,,,21049996,0,2025-10-20_13h42.01.136,tilt_mocs,2024.2.4,120.22253239129209,2025-10-20 13h42.12.817192 -0400,
-3.125,-15.0,,151,151,0,,,,,,,,,,p2,negs,100,left,1.3325900839990936,None,None,,,,,,,,,,,0,151,151,493,265.7063370830001,,,,,,,,,,,,,,,,,,,,,,,,,,,,,,,,,,,,,,,,,,,,,,,,,,,,,,,265.6984157909974,265.7063370830001,266.19790875000035,266.19790875000035,266.27288779099763,266.27288779099763,267.04167283299466,left,1.3325900839990936,None,267.0417970829949,267.0418512909964,None,,,,,,,,,,,,21049996,0,2025-10-20_13h42.01.136,tilt_mocs,2024.2.4,120.22253239129209,2025-10-20 13h42.12.817192 -0400,
-3.625,-15.0,,152,152,0,,,,,,,,,,p1,negs,100,left,1.1658294579974608,None,None,,,,,,,,,,,0,152,152,450,267.0519496659981,,,,,,,,,,,,,,,,,,,,,,,,,,,,,,,,,,,,,,,,,,,,,,,,,,,,,,,267.0440637499996,267.0519496659981,267.539097957997,267.539097957997,267.6110360409948,267.6110360409948,268.22520670799713,left,1.1658294579974608,None,268.22533529099746,268.2253912499946,None,,,,,,,,,,,,21049996,0,2025-10-20_13h42.01.136,tilt_mocs,2024.2.4,120.22253239129209,2025-10-20 13h42.12.817192 -0400,
3.0,15.0,,153,153,0,,,,,,,,,,p1,poss,100,left,1.1418279159988742,None,None,,,,,,,,,,,0,153,153,191,268.23611558300036,,,,,,,,,,,,,,,,,,,,,,,,,,,,,,,,,,,,,,,,,,,,,,,,,,,,,,,268.22785954099527,268.23611558300036,268.7223809999996,268.7223809999996,268.79472295799496,268.79472295799496,269.3811229159983,left,1.1418279159988742,None,269.3812782499954,269.3813378749983,None,,,,,,,,,,,,21049996,0,2025-10-20_13h42.01.136,tilt_mocs,2024.2.4,120.22253239129209,2025-10-20 13h42.12.817192 -0400,
0.5,15.0,,154,154,0,,,,,,,,,,m3,poss,100,left,1.0847281669994118,None,None,,,,,,,,,,,0,154,154,20,269.3920101659969,,,,,,,,,,,,,,,,,,,,,,,,,,,,,,,,,,,,,,,,,,,,,,,,,,,,,,,269.38339399999677,269.3920101659969,269.8813541249983,269.8813541249983,269.95654708299844,269.95654708299844,270.4805927079942,left,1.0847281669994118,None,270.4807088749949,270.48075854099443,None,,,,,,,,,,,,21049996,0,2025-10-20_13h42.01.136,tilt_mocs,2024.2.4,120.22253239129209,2025-10-20 13h42.12.817192 -0400,
-4.125,-15.0,,155,155,0,,,,,,,,,,PSE,negs,100,left,1.1679110839977511,None,None,,,,,,,,,,,0,155,155,421,270.4908844159945,,,,,,,,,,,,,,,,,,,,,,,,,,,,,,,,,,,,,,,,,,,,,,,,,,,,,,,270.4827236659985,270.4908844159945,270.9821907500009,270.9821907500009,271.0563815409987,271.0563815409987,271.6640167910009,left,1.1679110839977511,None,271.66414991599595,271.66420841599756,None,,,,,,,,,,,,21049996,0,2025-10-20_13h42.01.136,tilt_mocs,2024.2.4,120.22253239129209,2025-10-20 13h42.12.817192 -0400,
-4.125,-15.0,,156,156,0,,,,,,,,,,PSE,negs,100,left,1.0097051670018118,None,None,,,,,,,,,,,0,156,156,412,271.67485312499775,,,,,,,,,,,,,,,,,,,,,,,,,,,,,,,,,,,,,,,,,,,,,,,,,,,,,,,271.6663283329981,271.67485312499775,272.16541545799555,272.16541545799555,272.23981487499987,272.23981487499987,272.69172041599813,left,1.0097051670018118,None,272.69182229099533,272.691867249996,None,,,,,,,,,,,,21049996,0,2025-10-20_13h42.01.136,tilt_mocs,2024.2.4,120.22253239129209,2025-10-20 13h42.12.817192 -0400,
2.0,15.0,,157,157,0,,,,,,,,,,m1,poss,100,left,0.8880601659984677,None,None,,,,,,,,,,,0,157,157,82,272.70177112500096,,,,,,,,,,,,,,,,,,,,,,,,,,,,,,,,,,,,,,,,,,,,,,,,,,,,,,,272.69381841599534,272.70177112500096,273.18831299999874,273.18831299999874,273.26143795799726,273.26143795799726,273.59265245799907,left,0.8880601659984677,None,273.5928019999992,273.5928617909958,None,,,,,,,,,,,,21049996,0,2025-10-20_13h42.01.136,tilt_mocs,2024.2.4,120.22253239129209,2025-10-20 13h42.12.817192 -0400,
0.5,15.0,,158,158,0,,,,,,,,,,m3,poss,100,left,0.9266386669987696,None,None,,,,,,,,,,,0,158,158,13,273.60355366599833,,,,,,,,,,,,,,,,,,,,,,,,,,,,,,,,,,,,,,,,,,,,,,,,,,,,,,,273.5951532909967,273.60355366599833,274.08927387499716,274.08927387499716,274.16213108299416,274.16213108299416,274.54194120800094,left,0.9266386669987696,None,274.5420641249948,274.54211979099637,None,,,,,,,,,,,,21049996,0,2025-10-20_13h42.01.136,tilt_mocs,2024.2.4,120.22253239129209,2025-10-20 13h42.12.817192 -0400,
-2.125,-15.0,,159,159,0,,,,,,,,,,p3,negs,100,left,0.8662397919979412,None,None,,,,,,,,,,,0,159,159,548,274.5521349999981,,,,,,,,,,,,,,,,,,,,,,,,,,,,,,,,,,,,,,,,,,,,,,,,,,,,,,,274.54421483299666,274.5521349999981,275.0392960409954,275.0392960409954,275.11162625,275.11162625,275.4258908329939,left,0.8662397919979412,None,275.4260493749971,275.4261153749976,None,,,,,,,,,,,,21049996,0,2025-10-20_13h42.01.136,tilt_mocs,2024.2.4,120.22253239129209,2025-10-20 13h42.12.817192 -0400,
0.0,0.0,,160,160,0,,,,,,,,,,PSE,noss,0,left,0.8282530420037801,None,None,,,,,,,,,,,0,160,160,623,275.43637670799944,,,,,,,,,,,,,,,,,,,,,,,,,,,,,,,,,,,,,,,,,,,,,,,,,,,,,,,275.4283719159939,275.43637670799944,275.9226778329976,275.9226778329976,275.995055708001,275.995055708001,276.275510499996,left,0.8282530420037801,None,276.2756628749994,276.27572191599756,None,,,,,,,,,,,,21049996,0,2025-10-20_13h42.01.136,tilt_mocs,2024.2.4,120.22253239129209,2025-10-20 13h42.12.817192 -0400,
4.5,15.0,,161,161,0,,,,,,,,,,p3,poss,100,left,0.8633980419981526,None,None,,,,,,,,,,,0,161,161,247,276.2864369159943,,,,,,,,,,,,,,,,,,,,,,,,,,,,,,,,,,,,,,,,,,,,,,,,,,,,,,,276.27831733299536,276.2864369159943,276.7726189159948,276.7726189159948,276.8450122909999,276.8450122909999,277.15873016599653,left,0.8633980419981526,None,277.1588629580001,277.158919124995,None,,,,,,,,,,,,21049996,0,2025-10-20_13h42.01.136,tilt_mocs,2024.2.4,120.22253239129209,2025-10-20 13h42.12.817192 -0400,
-3.125,-15.0,,162,162,0,,,,,,,,,,p2,negs,100,left,0.8696362080008839,None,None,,,,,,,,,,,0,162,162,486,277.1698368329962,,,,,,,,,,,,,,,,,,,,,,,,,,,,,,,,,,,,,,,,,,,,,,,,,,,,,,,277.1617383749981,277.1698368329962,277.6559982499966,277.6559982499966,277.7287787499954,277.7287787499954,278.04212904099404,left,0.8696362080008839,None,278.0422586659988,278.04231312499905,None,,,,,,,,,,,,21049996,0,2025-10-20_13h42.01.136,tilt_mocs,2024.2.4,120.22253239129209,2025-10-20 13h42.12.817192 -0400,
2.5,15.0,,163,163,0,,,,,,,,,,PSE,poss,100,left,0.9714050830007182,None,None,,,,,,,,,,,0,163,163,152,278.05233824999596,,,,,,,,,,,,,,,,,,,,,,,,,,,,,,,,,,,,,,,,,,,,,,,,,,,,,,,278.044468125001,278.05233824999596,278.5393938749985,278.5393938749985,278.61154045799776,278.61154045799776,279.02719141599664,left,0.9714050830007182,None,279.0273391249939,279.0273982910003,None,,,,,,,,,,,,21049996,0,2025-10-20_13h42.01.136,tilt_mocs,2024.2.4,120.22253239129209,2025-10-20 13h42.12.817192 -0400,
0.0,0.0,,164,164,0,,,,,,,,,,PSE,noss,0,left,0.9591468340004212,None,None,,,,,,,,,,,0,164,164,629,279.0379358329956,,,,,,,,,,,,,,,,,,,,,,,,,,,,,,,,,,,,,,,,,,,,,,,,,,,,,,,279.02957012499974,279.0379358329956,279.5227464999989,279.5227464999989,279.5950935000001,279.5950935000001,280.0087335829958,left,0.9591468340004212,None,280.0088635829961,280.00891204099753,None,,,,,,,,,,,,21049996,0,2025-10-20_13h42.01.136,tilt_mocs,2024.2.4,120.22253239129209,2025-10-20 13h42.12.817192 -0400,
-3.625,-15.0,,165,165,0,,,,,,,,,,p1,negs,100,left,0.9081090409963508,None,None,,,,,,,,,,,0,165,165,444,280.01877274999424,,,,,,,,,,,,,,,,,,,,,,,,,,,,,,,,,,,,,,,,,,,,,,,,,,,,,,,280.01082654099446,280.01877274999424,280.5064363749989,280.5064363749989,280.5784608749964,280.5784608749964,280.9317486660002,left,0.9081090409963508,None,280.93187320799916,280.9319280409982,None,,,,,,,,,,,,21049996,0,2025-10-20_13h42.01.136,tilt_mocs,2024.2.4,120.22253239129209,2025-10-20 13h42.12.817192 -0400,
1.5,15.0,,166,166,0,,,,,,,,,,m2,poss,100,left,0.9278151249964139,None,None,,,,,,,,,,,0,166,166,66,280.94223424999655,,,,,,,,,,,,,,,,,,,,,,,,,,,,,,,,,,,,,,,,,,,,,,,,,,,,,,,280.93388679099735,280.94223424999655,281.43130266599474,281.43130266599474,281.5067109160009,281.5067109160009,281.87659366599837,left,0.9278151249964139,None,281.87673733299744,281.8767955000003,None,,,,,,,,,,,,21049996,0,2025-10-20_13h42.01.136,tilt_mocs,2024.2.4,120.22253239129209,2025-10-20 13h42.12.817192 -0400,
-5.125,-15.0,,167,167,0,,,,,,,,,,m2,negs,100,left,0.9461284999997588,None,None,,,,,,,,,,,0,167,167,359,281.88729404100013,,,,,,,,,,,,,,,,,,,,,,,,,,,,,,,,,,,,,,,,,,,,,,,,,,,,,,,281.8792651659969,281.88729404100013,282.3730730409952,282.3730730409952,282.44531620799535,282.44531620799535,282.8422486249983,left,0.9461284999997588,None,282.84237262499664,282.84243312499893,None,,,,,,,,,,,,21049996,0,2025-10-20_13h42.01.136,tilt_mocs,2024.2.4,120.22253239129209,2025-10-20 13h42.12.817192 -0400,
3.5,15.0,,168,168,0,,,,,,,,,,p2,poss,100,left,0.8635647499977495,None,None,,,,,,,,,,,0,168,168,208,282.8531378330008,,,,,,,,,,,,,,,,,,,,,,,,,,,,,,,,,,,,,,,,,,,,,,,,,,,,,,,282.844792625001,282.8531378330008,283.33977741599665,283.33977741599665,283.41199158299423,283.41199158299423,283.7259283749954,left,0.8635647499977495,None,283.72607041599986,283.72613412499777,None,,,,,,,,,,,,21049996,0,2025-10-20_13h42.01.136,tilt_mocs,2024.2.4,120.22253239129209,2025-10-20 13h42.12.817192 -0400,
-3.125,-15.0,,169,169,0,,,,,,,,,,p2,negs,100,left,0.9457571670063771,None,None,,,,,,,,,,,0,169,169,503,283.7359386659955,,,,,,,,,,,,,,,,,,,,,,,,,,,,,,,,,,,,,,,,,,,,,,,,,,,,,,,283.72835058299825,283.7359386659955,284.2229545829978,284.2229545829978,284.29532187499717,284.29532187499717,284.6921390829957,left,0.9457571670063771,None,284.6922883329971,284.6923472079943,None,,,,,,,,,,,,21049996,0,2025-10-20_13h42.01.136,tilt_mocs,2024.2.4,120.22253239129209,2025-10-20 13h42.12.817192 -0400,
0.5,0.0,,170,170,0,,,,,,,,,,p1,noss,0,left,0.8279193339985795,None,None,,,,,,,,,,,0,170,170,641,284.7036457909999,,,,,,,,,,,,,,,,,,,,,,,,,,,,,,,,,,,,,,,,,,,,,,,,,,,,,,,284.6955225829952,284.7036457909999,285.18973987500067,285.18973987500067,285.26171070800046,285.26171070800046,285.5426357909964,left,0.8279193339985795,None,285.54278595799406,285.5428432080007,None,,,,,,,,,,,,21049996,0,2025-10-20_13h42.01.136,tilt_mocs,2024.2.4,120.22253239129209,2025-10-20 13h42.12.817192 -0400,
4.5,15.0,,171,171,0,,,,,,,,,,p3,poss,100,left,0.8777387089940021,None,None,,,,,,,,,,,0,171,171,244,285.554076124994,,,,,,,,,,,,,,,,,,,,,,,,,,,,,,,,,,,,,,,,,,,,,,,,,,,,,,,285.5457836249989,285.554076124994,286.0396517909976,286.0396517909976,286.11205154100026,286.11205154100026,286.44225383299636,left,0.8777387089940021,None,286.44238141599635,286.4424365829982,None,,,,,,,,,,,,21049996,0,2025-10-20_13h42.01.136,tilt_mocs,2024.2.4,120.22253239129209,2025-10-20 13h42.12.817192 -0400,
0.5,15.0,,172,172,0,,,,,,,,,,m3,poss,100,left,0.8110129999986384,None,None,,,,,,,,,,,0,172,172,10,286.45274429099663,,,,,,,,,,,,,,,,,,,,,,,,,,,,,,,,,,,,,,,,,,,,,,,,,,,,,,,286.44465566599683,286.45274429099663,286.93980983299844,286.93980983299844,287.01229016599973,287.01229016599973,287.26618004099873,left,0.8110129999986384,None,287.2663052909993,287.2663600829983,None,,,,,,,,,,,,21049996,0,2025-10-20_13h42.01.136,tilt_mocs,2024.2.4,120.22253239129209,2025-10-20 13h42.12.817192 -0400,
0.5,15.0,,173,173,0,,,,,,,,,,m3,poss,100,left,0.9581864589999896,None,None,,,,,,,,,,,0,173,173,28,287.2762957909945,,,,,,,,,,,,,,,,,,,,,,,,,,,,,,,,,,,,,,,,,,,,,,,,,,,,,,,287.2685022500009,287.2762957909945,287.7657809999946,287.7657809999946,287.8403031659982,287.8403031659982,288.242550707997,left,0.9581864589999896,None,288.2426932909948,288.24275120799575,None,,,,,,,,,,,,21049996,0,2025-10-20_13h42.01.136,tilt_mocs,2024.2.4,120.22253239129209,2025-10-20 13h42.12.817192 -0400,
-3.625,-15.0,,174,174,0,,,,,,,,,,p1,negs,100,left,0.888958833005745,None,None,,,,,,,,,,,0,174,174,474,288.2545671659973,,,,,,,,,,,,,,,,,,,,,,,,,,,,,,,,,,,,,,,,,,,,,,,,,,,,,,,288.24580229099956,288.2545671659973,288.7398315829996,288.7398315829996,288.8119718749949,288.8119718749949,289.1476361249952,left,0.888958833005745,None,289.14773799999966,289.1477844999972,None,,,,,,,,,,,,21049996,0,2025-10-20_13h42.01.136,tilt_mocs,2024.2.4,120.22253239129209,2025-10-20 13h42.12.817192 -0400,
-6.125,-15.0,,175,175,0,,,,,,,,,,m3,negs,100,left,0.9080560000002151,None,None,,,,,,,,,,,0,175,175,296,289.15819983300025,,,,,,,,,,,,,,,,,,,,,,,,,,,,,,,,,,,,,,,,,,,,,,,,,,,,,,,289.1500832909951,289.15819983300025,289.64928691599926,289.64928691599926,289.7238330409964,289.7238330409964,290.07589970799745,left,0.9080560000002151,None,290.07602249999763,290.0760799999989,None,,,,,,,,,,,,21049996,0,2025-10-20_13h42.01.136,tilt_mocs,2024.2.4,120.22253239129209,2025-10-20 13h42.12.817192 -0400,
3.5,15.0,,176,176,0,,,,,,,,,,p2,poss,100,left,1.0293162500020117,None,None,,,,,,,,,,,0,176,176,213,290.08649095799774,,,,,,,,,,,,,,,,,,,,,,,,,,,,,,,,,,,,,,,,,,,,,,,,,,,,,,,290.0785277499963,290.08649095799774,290.57327608299966,290.57327608299966,290.6454722499984,290.6454722499984,291.1259971659965,left,1.0293162500020117,None,291.12621079100063,291.1263341659942,None,,,,,,,,,,,,21049996,0,2025-10-20_13h42.01.136,tilt_mocs,2024.2.4,120.22253239129209,2025-10-20 13h42.12.817192 -0400,
-1.0,0.0,,177,177,0,,,,,,,,,,m2,noss,0,left,0.8111242500017397,None,None,,,,,,,,,,,0,177,177,583,291.13703954099765,,,,,,,,,,,,,,,,,,,,,,,,,,,,,,,,,,,,,,,,,,,,,,,,,,,,,,,291.1288693329989,291.13703954099765,291.6231992079993,291.6231992079993,291.69521937499667,291.69521937499667,291.97464108299755,left,0.8111242500017397,None,291.9747709999938,291.97482554099406,None,,,,,,,,,,,,21049996,0,2025-10-20_13h42.01.136,tilt_mocs,2024.2.4,120.22253239129209,2025-10-20 13h42.12.817192 -0400,
-6.125,-15.0,,178,178,0,,,,,,,,,,m3,negs,100,left,0.8670260420039995,None,None,,,,,,,,,,,0,178,178,290,291.99047079099546,,,,,,,,,,,,,,,,,,,,,,,,,,,,,,,,,,,,,,,,,,,,,,,,,,,,,,,291.9770494580007,291.99047079099546,292.47331824999856,292.47331824999856,292.545537416001,292.545537416001,292.86021229099424,left,0.8670260420039995,None,292.8603764159998,292.8604290000003,None,,,,,,,,,,,,21049996,0,2025-10-20_13h42.01.136,tilt_mocs,2024.2.4,120.22253239129209,2025-10-20 13h42.12.817192 -0400,
-4.125,-15.0,,179,179,0,,,,,,,,,,PSE,negs,100,left,0.7983597919956082,None,None,,,,,,,,,,,0,179,179,407,292.87117183299415,,,,,,,,,,,,,,,,,,,,,,,,,,,,,,,,,,,,,,,,,,,,,,,,,,,,,,,292.86303049999697,292.87117183299415,293.3566778329987,293.3566778329987,293.42920424999465,293.42920424999465,293.6757480409942,left,0.7983597919956082,None,293.6758481249999,293.6758917499974,None,,,,,,,,,,,,21049996,0,2025-10-20_13h42.01.136,tilt_mocs,2024.2.4,120.22253239129209,2025-10-20 13h42.12.817192 -0400,
3.5,15.0,,180,180,0,,,,,,,,,,p2,poss,100,left,1.1410504579980625,None,None,,,,,,,,,,,0,180,180,215,293.68569070800004,,,,,,,,,,,,,,,,,,,,,,,,,,,,,,,,,,,,,,,,,,,,,,,,,,,,,,,293.6777694159973,293.68569070800004,294.1733051659976,294.1733051659976,294.2451851250007,294.2451851250007,294.8312902499965,left,1.1410504579980625,None,294.83138991599844,294.8314334579991,None,,,,,,,,,,,,21049996,0,2025-10-20_13h42.01.136,tilt_mocs,2024.2.4,120.22253239129209,2025-10-20 13h42.12.817192 -0400,
3.0,15.0,,181,181,0,,,,,,,,,,p1,poss,100,left,1.0050075830004062,None,None,,,,,,,,,,,0,181,181,161,294.8568539159969,,,,,,,,,,,,,,,,,,,,,,,,,,,,,,,,,,,,,,,,,,,,,,,,,,,,,,,294.8333268329952,294.8568539159969,295.3327294999981,295.3327294999981,295.40715920799994,295.40715920799994,295.86516666600073,left,1.0050075830004062,None,295.8652938749947,295.86535699999513,None,,,,,,,,,,,,21049996,0,2025-10-20_13h42.01.136,tilt_mocs,2024.2.4,120.22253239129209,2025-10-20 13h42.12.817192 -0400,
2.0,15.0,,182,182,0,,,,,,,,,,m1,poss,100,left,1.1750127089981106,None,None,,,,,,,,,,,0,182,182,89,295.87596624999424,,,,,,,,,,,,,,,,,,,,,,,,,,,,,,,,,,,,,,,,,,,,,,,,,,,,,,,295.8675463749969,295.87596624999424,296.3660062909985,296.3660062909985,296.4405739579961,296.4405739579961,297.05963258299744,left,1.1750127089981106,None,297.05975974999456,297.05981545800023,None,,,,,,,,,,,,21049996,0,2025-10-20_13h42.01.136,tilt_mocs,2024.2.4,120.22253239129209,2025-10-20 13h42.12.817192 -0400,
-2.125,-15.0,,183,183,0,,,,,,,,,,p3,negs,100,right,1.0475392910011578,None,None,,,,,,,,,,,0,183,183,521,297.06979212499573,,,,,,,,,,,,,,,,,,,,,,,,,,,,,,,,,,,,,,,,,,,,,,,,,,,,,,,297.0618714999946,297.06979212499573,297.556857208001,297.556857208001,297.629131624999,297.629131624999,298.1261804999958,right,1.0475392910011578,None,298.12630795799487,298.1263630829999,None,,,,,,,,,,,,21049996,0,2025-10-20_13h42.01.136,tilt_mocs,2024.2.4,120.22253239129209,2025-10-20 13h42.12.817192 -0400,
-4.625,-15.0,,184,184,0,,,,,,,,,,m1,negs,100,right,0.8345998330041766,None,None,,,,,,,,,,,0,184,184,373,298.13637379099964,,,,,,,,,,,,,,,,,,,,,,,,,,,,,,,,,,,,,,,,,,,,,,,,,,,,,,,298.12847079099447,298.13637379099964,298.6231485829994,298.6231485829994,298.69532895799784,298.69532895799784,298.97675045799406,right,0.8345998330041766,None,298.9768893329965,298.97694566599966,None,,,,,,,,,,,,21049996,0,2025-10-20_13h42.01.136,tilt_mocs,2024.2.4,120.22253239129209,2025-10-20 13h42.12.817192 -0400,
-0.5,0.0,,185,185,0,,,,,,,,,,m1,noss,0,right,1.071427415998187,None,None,,,,,,,,,,,0,185,185,610,298.9872247079984,,,,,,,,,,,,,,,,,,,,,,,,,,,,,,,,,,,,,,,,,,,,,,,,,,,,,,,298.9791412909981,298.9872247079984,299.47244325000065,299.47244325000065,299.5458922079997,299.5458922079997,300.06538937499863,right,1.071427415998187,None,300.0654841249998,300.0655300409999,None,,,,,,,,,,,,21049996,0,2025-10-20_13h42.01.136,tilt_mocs,2024.2.4,120.22253239129209,2025-10-20 13h42.12.817192 -0400,
-2.125,-15.0,,186,186,0,,,,,,,,,,p3,negs,100,right,0.9572255000020959,None,None,,,,,,,,,,,0,186,186,559,300.07545391599706,,,,,,,,,,,,,,,,,,,,,,,,,,,,,,,,,,,,,,,,,,,,,,,,,,,,,,,300.06745899999805,300.07545391599706,300.56578133299627,300.56578133299627,300.64076791599655,300.64076791599655,301.042913624995,right,0.9572255000020959,None,301.0430337500002,301.04308820799633,None,,,,,,,,,,,,21049996,0,2025-10-20_13h42.01.136,tilt_mocs,2024.2.4,120.22253239129209,2025-10-20 13h42.12.817192 -0400,
-3.625,-15.0,,187,187,0,,,,,,,,,,p1,negs,100,right,0.8743171660025837,None,None,,,,,,,,,,,0,187,187,463,301.0535385830008,,,,,,,,,,,,,,,,,,,,,,,,,,,,,,,,,,,,,,,,,,,,,,,,,,,,,,,301.0454345409962,301.0535385830008,301.54050487499626,301.54050487499626,301.61322862499946,301.61322862499946,301.9315720829982,right,0.8743171660025837,None,301.9316713329972,301.93173083299916,None,,,,,,,,,,,,21049996,0,2025-10-20_13h42.01.136,tilt_mocs,2024.2.4,120.22253239129209,2025-10-20 13h42.12.817192 -0400,
4.5,15.0,,188,188,0,,,,,,,,,,p3,poss,100,right,0.8569121249965974,None,None,,,,,,,,,,,0,188,188,268,301.9421215409966,,,,,,,,,,,,,,,,,,,,,,,,,,,,,,,,,,,,,,,,,,,,,,,,,,,,,,,301.93399325000064,301.9421215409966,302.4333572079995,302.4333572079995,302.5075306250001,302.5075306250001,302.8095097080004,right,0.8569121249965974,None,302.80963983299443,302.8097043749949,None,,,,,,,,,,,,21049996,0,2025-10-20_13h42.01.136,tilt_mocs,2024.2.4,120.22253239129209,2025-10-20 13h42.12.817192 -0400,
2.5,15.0,,189,189,0,,,,,,,,,,PSE,poss,100,right,0.8374329169964767,None,None,,,,,,,,,,,0,189,189,138,302.8203398330006,,,,,,,,,,,,,,,,,,,,,,,,,,,,,,,,,,,,,,,,,,,,,,,,,,,,,,,302.81189579099737,302.8203398330006,303.306882416,303.306882416,303.3790249999947,303.3790249999947,303.6603986659975,right,0.8374329169964767,None,303.660531290996,303.66059008299635,None,,,,,,,,,,,,21049996,0,2025-10-20_13h42.01.136,tilt_mocs,2024.2.4,120.22253239129209,2025-10-20 13h42.12.817192 -0400,
-3.625,-15.0,,190,190,0,,,,,,,,,,p1,negs,100,right,0.8705806660000235,None,None,,,,,,,,,,,0,190,190,446,303.6702221249943,,,,,,,,,,,,,,,,,,,,,,,,,,,,,,,,,,,,,,,,,,,,,,,,,,,,,,,303.66272424999624,303.6702221249943,304.15702029100066,304.15702029100066,304.22884712499945,304.22884712499945,304.5435696659988,right,0.8705806660000235,None,304.54370212499634,304.5437586249973,None,,,,,,,,,,,,21049996,0,2025-10-20_13h42.01.136,tilt_mocs,2024.2.4,120.22253239129209,2025-10-20 13h42.12.817192 -0400,
3.5,15.0,,191,191,0,,,,,,,,,,p2,poss,100,right,0.8898873329962953,None,None,,,,,,,,,,,0,191,191,221,304.55710720799834,,,,,,,,,,,,,,,,,,,,,,,,,,,,,,,,,,,,,,,,,,,,,,,,,,,,,,,304.54602237499785,304.55710720799834,305.04037999999855,305.04037999999855,305.1127567079966,305.1127567079966,305.4494950829976,right,0.8898873329962953,None,305.4495961249995,305.44964183299453,None,,,,,,,,,,,,21049996,0,2025-10-20_13h42.01.136,tilt_mocs,2024.2.4,120.22253239129209,2025-10-20 13h42.12.817192 -0400,
1.5,15.0,,192,192,0,,,,,,,,,,m2,poss,100,right,1.0475221250017057,None,None,,,,,,,,,,,0,192,192,51,305.46002733299974,,,,,,,,,,,,,,,,,,,,,,,,,,,,,,,,,,,,,,,,,,,,,,,,,,,,,,,305.45158204099425,305.46002733299974,305.94964145799895,305.94964145799895,306.02427916599845,306.02427916599845,306.5104504159972,right,1.0475221250017057,None,306.51060249999864,306.5106626249981,None,,,,,,,,,,,,21049996,0,2025-10-20_13h42.01.136,tilt_mocs,2024.2.4,120.22253239129209,2025-10-20 13h42.12.817192 -0400,
-1.0,0.0,,193,193,0,,,,,,,,,,m2,noss,0,right,0.9717017500006477,None,None,,,,,,,,,,,0,193,193,586,306.5213474159973,,,,,,,,,,,,,,,,,,,,,,,,,,,,,,,,,,,,,,,,,,,,,,,,,,,,,,,306.51303920799546,306.5213474159973,307.006059249994,307.006059249994,307.0805109159992,307.0805109159992,307.49930483299977,right,0.9717017500006477,None,307.4994031249953,307.4994469999947,None,,,,,,,,,,,,21049996,0,2025-10-20_13h42.01.136,tilt_mocs,2024.2.4,120.22253239129209,2025-10-20 13h42.12.817192 -0400,
1.5,15.0,,194,194,0,,,,,,,,,,m2,poss,100,right,1.0432160000054864,None,None,,,,,,,,,,,0,194,194,46,307.50976666600036,,,,,,,,,,,,,,,,,,,,,,,,,,,,,,,,,,,,,,,,,,,,,,,,,,,,,,,307.50140183299663,307.50976666600036,307.9997715829959,307.9997715829959,308.0743654580001,308.0743654580001,308.56000970799505,right,1.0432160000054864,None,308.56013120799616,308.56018533300085,None,,,,,,,,,,,,21049996,0,2025-10-20_13h42.01.136,tilt_mocs,2024.2.4,120.22253239129209,2025-10-20 13h42.12.817192 -0400,
0.5,15.0,,195,195,0,,,,,,,,,,m3,poss,100,right,1.0467484170003445,None,None,,,,,,,,,,,0,195,195,2,308.57024391599407,,,,,,,,,,,,,,,,,,,,,,,,,,,,,,,,,,,,,,,,,,,,,,,,,,,,,,,308.5622470409944,308.57024391599407,309.05726141599735,309.05726141599735,309.13051804099814,309.13051804099814,309.6266931659993,right,1.0467484170003445,None,309.62683012499474,309.626887624996,None,,,,,,,,,,,,21049996,0,2025-10-20_13h42.01.136,tilt_mocs,2024.2.4,120.22253239129209,2025-10-20 13h42.12.817192 -0400,
3.0,15.0,,196,196,0,,,,,,,,,,p1,poss,100,right,1.2387927919990034,None,None,,,,,,,,,,,0,196,196,187,309.63733633299853,,,,,,,,,,,,,,,,,,,,,,,,,,,,,,,,,,,,,,,,,,,,,,,,,,,,,,,309.62934620799933,309.63733633299853,310.1237771249944,310.1237771249944,310.1956047499989,310.1956047499989,310.8829559579972,right,1.2387927919990034,None,310.8830788329942,310.8831390829946,None,,,,,,,,,,,,21049996,0,2025-10-20_13h42.01.136,tilt_mocs,2024.2.4,120.22253239129209,2025-10-20 13h42.12.817192 -0400,
2.5,15.0,,197,197,0,,,,,,,,,,PSE,poss,100,left,1.0974517920039943,None,None,,,,,,,,,,,0,197,197,140,310.8934874580009,,,,,,,,,,,,,,,,,,,,,,,,,,,,,,,,,,,,,,,,,,,,,,,,,,,,,,,310.88539433299593,310.8934874580009,311.3830688329981,311.3830688329981,311.45761241599394,311.45761241599394,311.9935062910008,left,1.0974517920039943,None,311.99363237500074,311.9936877079963,None,,,,,,,,,,,,21049996,0,2025-10-20_13h42.01.136,tilt_mocs,2024.2.4,120.22253239129209,2025-10-20 13h42.12.817192 -0400,
2.0,0.0,,198,198,0,,,,,,,,,,p3,noss,0,right,1.0377955839940114,None,None,,,,,,,,,,,0,198,198,684,312.0036618749946,,,,,,,,,,,,,,,,,,,,,,,,,,,,,,,,,,,,,,,,,,,,,,,,,,,,,,,311.9957004159951,312.0036618749946,312.49084654099715,312.49084654099715,312.5627961249993,312.5627961249993,313.0446746249945,right,1.0377955839940114,None,313.04481166599726,313.0448718749976,None,,,,,,,,,,,,21049996,0,2025-10-20_13h42.01.136,tilt_mocs,2024.2.4,120.22253239129209,2025-10-20 13h42.12.817192 -0400,
-2.125,-15.0,,199,199,0,,,,,,,,,,p3,negs,100,right,1.0389690000010887,None,None,,,,,,,,,,,0,199,199,552,313.0551591659969,,,,,,,,,,,,,,,,,,,,,,,,,,,,,,,,,,,,,,,,,,,,,,,,,,,,,,,313.04708249999385,313.0551591659969,313.54071633299463,313.54071633299463,313.613121082999,313.613121082999,314.10054300000047,right,1.0389690000010887,None,314.1006627079987,314.1007150000005,None,,,,,,,,,,,,21049996,0,2025-10-20_13h42.01.136,tilt_mocs,2024.2.4,120.22253239129209,2025-10-20 13h42.12.817192 -0400,
2.0,15.0,,200,200,0,,,,,,,,,,m1,poss,100,right,0.9366968329995871,None,None,,,,,,,,,,,0,200,200,90,314.1103102079942,,,,,,,,,,,,,,,,,,,,,,,,,,,,,,,,,,,,,,,,,,,,,,,,,,,,,,,314.1027840409952,314.1103102079942,314.59965199999715,314.59965199999715,314.67463662500086,314.67463662500086,315.050026375,right,0.9366968329995871,None,315.05015679099597,315.0502117079959,None,,,,,,,,,,,,21049996,0,2025-10-20_13h42.01.136,tilt_mocs,2024.2.4,120.22253239129209,2025-10-20 13h42.12.817192 -0400,
3.5,15.0,,201,201,0,,,,,,,,,,p2,poss,100,right,0.9383105000015348,None,None,,,,,,,,,,,0,201,201,218,315.06015508299606,,,,,,,,,,,,,,,,,,,,,,,,,,,,,,,,,,,,,,,,,,,,,,,,,,,,,,,315.0526543329979,315.06015508299606,315.5494332909948,315.5494332909948,315.62460316599754,315.62460316599754,316.0098879579964,right,0.9383105000015348,None,316.0100142079973,316.01007099999697,None,,,,,,,,,,,,21049996,0,2025-10-20_13h42.01.136,tilt_mocs,2024.2.4,120.22253239129209,2025-10-20 13h42.12.817192 -0400,
3.5,15.0,,202,202,0,,,,,,,,,,p2,poss,100,right,0.9210867500005406,None,None,,,,,,,,,,,0,202,202,207,316.0202055829941,,,,,,,,,,,,,,,,,,,,,,,,,,,,,,,,,,,,,,,,,,,,,,,,,,,,,,,316.0122297909984,316.0202055829941,316.5075447079944,316.5075447079944,316.5799104580001,316.5799104580001,316.9442575829962,right,0.9210867500005406,None,316.94440441599727,316.9444633749954,None,,,,,,,,,,,,21049996,0,2025-10-20_13h42.01.136,tilt_mocs,2024.2.4,120.22253239129209,2025-10-20 13h42.12.817192 -0400,
3.5,15.0,,203,203,0,,,,,,,,,,p2,poss,100,right,0.9038165419988218,None,None,,,,,,,,,,,0,203,203,219,316.95502408299944,,,,,,,,,,,,,,,,,,,,,,,,,,,,,,,,,,,,,,,,,,,,,,,,,,,,,,,316.94681533299445,316.95502408299944,317.44079858299665,317.44079858299665,317.51285562499834,317.51285562499834,317.86928149999585,right,0.9038165419988218,None,317.8693857499966,317.869429665996,None,,,,,,,,,,,,21049996,0,2025-10-20_13h42.01.136,tilt_mocs,2024.2.4,120.22253239129209,2025-10-20 13h42.12.817192 -0400,
-6.125,-15.0,,204,204,0,,,,,,,,,,m3,negs,100,left,1.3748085830011405,None,None,,,,,,,,,,,0,204,204,284,317.8767647079949,,,,,,,,,,,,,,,,,,,,,,,,,,,,,,,,,,,,,,,,,,,,,,,,,,,,,,,317.8712935000003,317.8767647079949,318.3660577499977,318.3660577499977,318.44156645800103,318.44156645800103,319.26028516599763,left,1.3748085830011405,None,319.2604124999998,319.26046691599913,None,,,,,,,,,,,,21049996,0,2025-10-20_13h42.01.136,tilt_mocs,2024.2.4,120.22253239129209,2025-10-20 13h42.12.817192 -0400,
2.0,15.0,,205,205,0,,,,,,,,,,m1,poss,100,left,1.1092586669983575,None,None,,,,,,,,,,,0,205,205,88,319.2703789579973,,,,,,,,,,,,,,,,,,,,,,,,,,,,,,,,,,,,,,,,,,,,,,,,,,,,,,,319.26240962500015,319.2703789579973,319.75749899999937,319.75749899999937,319.8297587079942,319.8297587079942,320.3823289159991,left,1.1092586669983575,None,320.3824495410008,320.38250458299444,None,,,,,,,,,,,,21049996,0,2025-10-20_13h42.01.136,tilt_mocs,2024.2.4,120.22253239129209,2025-10-20 13h42.12.817192 -0400,
-0.5,0.0,,206,206,0,,,,,,,,,,m1,noss,0,left,1.1542144999984885,None,None,,,,,,,,,,,0,206,206,605,320.39268279099633,,,,,,,,,,,,,,,,,,,,,,,,,,,,,,,,,,,,,,,,,,,,,,,,,,,,,,,320.3845142079954,320.39268279099633,320.88327887500054,320.88327887500054,320.95814816599886,320.95814816599886,321.54955920799694,left,1.1542144999984885,None,321.5496631249989,321.5497101250003,None,,,,,,,,,,,,21049996,0,2025-10-20_13h42.01.136,tilt_mocs,2024.2.4,120.22253239129209,2025-10-20 13h42.12.817192 -0400,
-6.125,-15.0,,207,207,0,,,,,,,,,,m3,negs,100,left,1.0492122920040856,None,None,,,,,,,,,,,0,207,207,286,321.55990070799453,,,,,,,,,,,,,,,,,,,,,,,,,,,,,,,,,,,,,,,,,,,,,,,,,,,,,,,321.55159883300075,321.55990070799453,322.0498562079956,322.0498562079956,322.12498462499934,322.12498462499934,322.6206194580009,left,1.0492122920040856,None,322.62071829100023,322.620767124994,None,,,,,,,,,,,,21049996,0,2025-10-20_13h42.01.136,tilt_mocs,2024.2.4,120.22253239129209,2025-10-20 13h42.12.817192 -0400,
-3.625,-15.0,,208,208,0,,,,,,,,,,p1,negs,100,left,1.2652872089965967,None,None,,,,,,,,,,,0,208,208,471,322.627113040995,,,,,,,,,,,,,,,,,,,,,,,,,,,,,,,,,,,,,,,,,,,,,,,,,,,,,,,322.6226920409972,322.627113040995,323.11781558299845,323.11781558299845,323.1918915829956,323.1918915829956,323.90342654100095,left,1.2652872089965967,None,323.90352345800056,323.9035696659994,None,,,,,,,,,,,,21049996,0,2025-10-20_13h42.01.136,tilt_mocs,2024.2.4,120.22253239129209,2025-10-20 13h42.12.817192 -0400,
2.5,15.0,,209,209,0,,,,,,,,,,PSE,poss,100,left,1.1479034169969964,None,None,,,,,,,,,,,0,209,209,128,323.9101965000009,,,,,,,,,,,,,,,,,,,,,,,,,,,,,,,,,,,,,,,,,,,,,,,,,,,,,,,323.9054832499969,323.9101965000009,324.3997332910003,324.3997332910003,324.4749079999965,324.4749079999965,325.06065708299866,left,1.1479034169969964,None,325.0607809159992,325.06083512499754,None,,,,,,,,,,,,21049996,0,2025-10-20_13h42.01.136,tilt_mocs,2024.2.4,120.22253239129209,2025-10-20 13h42.12.817192 -0400,
-3.125,-15.0,,210,210,0,,,,,,,,,,p2,negs,100,left,1.3396859999993467,None,None,,,,,,,,,,,0,210,210,509,325.0708207909993,,,,,,,,,,,,,,,,,,,,,,,,,,,,,,,,,,,,,,,,,,,,,,,,,,,,,,,325.062866207998,325.0708207909993,325.55775566599914,325.55775566599914,325.6303090000001,325.6303090000001,326.41691366599844,left,1.3396859999993467,None,326.41703858300025,326.41709654099395,None,,,,,,,,,,,,21049996,0,2025-10-20_13h42.01.136,tilt_mocs,2024.2.4,120.22253239129209,2025-10-20 13h42.12.817192 -0400,
-4.625,-15.0,,211,211,0,,,,,,,,,,m1,negs,100,left,1.5141492909970111,None,None,,,,,,,,,,,0,211,211,384,326.42736095799773,,,,,,,,,,,,,,,,,,,,,,,,,,,,,,,,,,,,,,,,,,,,,,,,,,,,,,,326.41918712500046,326.42736095799773,326.9174992499975,326.9174992499975,326.99172129100043,326.99172129100043,327.9442867079997,left,1.5141492909970111,None,327.9444442909953,327.944500957994,None,,,,,,,,,,,,21049996,0,2025-10-20_13h42.01.136,tilt_mocs,2024.2.4,120.22253239129209,2025-10-20 13h42.12.817192 -0400,
-5.125,-15.0,,212,212,0,,,,,,,,,,m2,negs,100,left,1.043662249998306,None,None,,,,,,,,,,,0,212,212,347,327.95549737499823,,,,,,,,,,,,,,,,,,,,,,,,,,,,,,,,,,,,,,,,,,,,,,,,,,,,,,,327.9468886659961,327.95549737499823,328.4413982499973,328.4413982499973,328.5147352499989,328.5147352499989,329.0106449159939,left,1.043662249998306,None,329.0107697909989,329.01082545799727,None,,,,,,,,,,,,21049996,0,2025-10-20_13h42.01.136,tilt_mocs,2024.2.4,120.22253239129209,2025-10-20 13h42.12.817192 -0400,
-1.0,0.0,,213,213,0,,,,,,,,,,m2,noss,0,left,1.092544999999518,None,None,,,,,,,,,,,0,213,213,595,329.0212148329956,,,,,,,,,,,,,,,,,,,,,,,,,,,,,,,,,,,,,,,,,,,,,,,,,,,,,,,329.0131585409981,329.0212148329956,329.5079539159997,329.5079539159997,329.57973291599774,329.57973291599774,330.117144207994,left,1.092544999999518,None,330.1172409999999,330.1172855830009,None,,,,,,,,,,,,21049996,0,2025-10-20_13h42.01.136,tilt_mocs,2024.2.4,120.22253239129209,2025-10-20 13h42.12.817192 -0400,
-4.125,-15.0,,214,214,0,,,,,,,,,,PSE,negs,100,left,1.0146350000068196,None,None,,,,,,,,,,,0,214,214,416,330.1277139579979,,,,,,,,,,,,,,,,,,,,,,,,,,,,,,,,,,,,,,,,,,,,,,,,,,,,,,,330.1195429579966,330.1277139579979,330.61691762499686,330.61691762499686,330.69170699999813,330.69170699999813,331.1453017909953,left,1.0146350000068196,None,331.1454576659962,331.14551650000067,None,,,,,,,,,,,,21049996,0,2025-10-20_13h42.01.136,tilt_mocs,2024.2.4,120.22253239129209,2025-10-20 13h42.12.817192 -0400,
-3.125,-15.0,,215,215,0,,,,,,,,,,p2,negs,100,right,0.9596800419967622,None,None,,,,,,,,,,,0,215,215,485,331.1557854579951,,,,,,,,,,,,,,,,,,,,,,,,,,,,,,,,,,,,,,,,,,,,,,,,,,,,,,,331.1477176249973,331.1557854579951,331.64122420799686,331.64122420799686,331.7135588329984,331.7135588329984,332.12740054099413,right,0.9596800419967622,None,332.1275222080003,332.127575915998,None,,,,,,,,,,,,21049996,0,2025-10-20_13h42.01.136,tilt_mocs,2024.2.4,120.22253239129209,2025-10-20 13h42.12.817192 -0400,
1.5,15.0,,216,216,0,,,,,,,,,,m2,poss,100,left,1.629214624997985,None,None,,,,,,,,,,,0,216,216,45,332.13750083299965,,,,,,,,,,,,,,,,,,,,,,,,,,,,,,,,,,,,,,,,,,,,,,,,,,,,,,,332.12961370799894,332.13750083299965,332.6247038329966,332.6247038329966,332.697210833001,332.697210833001,333.77740274999815,left,1.629214624997985,None,333.7775554580003,333.7776189159995,None,,,,,,,,,,,,21049996,0,2025-10-20_13h42.01.136,tilt_mocs,2024.2.4,120.22253239129209,2025-10-20 13h42.12.817192 -0400,
2.0,0.0,,217,217,0,,,,,,,,,,p3,noss,0,right,0.8755112919970998,None,None,,,,,,,,,,,0,217,217,698,333.7884481660003,,,,,,,,,,,,,,,,,,,,,,,,,,,,,,,,,,,,,,,,,,,,,,,,,,,,,,,333.78030845800095,333.7884481660003,334.27480137499515,334.27480137499515,334.3482994579972,334.3482994579972,334.6664297499956,right,0.8755112919970998,None,334.66653595800017,334.66657979099546,None,,,,,,,,,,,,21049996,0,2025-10-20_13h42.01.136,tilt_mocs,2024.2.4,120.22253239129209,2025-10-20 13h42.12.817192 -0400,
-5.125,-15.0,,218,218,0,,,,,,,,,,m2,negs,100,right,1.2442861250019632,None,None,,,,,,,,,,,0,218,218,326,334.67658862499957,,,,,,,,,,,,,,,,,,,,,,,,,,,,,,,,,,,,,,,,,,,,,,,,,,,,,,,334.6684827499994,334.67658862499957,335.16795450000063,335.16795450000063,335.2419036249994,335.2419036249994,335.92721291599446,right,1.2442861250019632,None,335.9273139579964,335.9273586249983,None,,,,,,,,,,,,21049996,0,2025-10-20_13h42.01.136,tilt_mocs,2024.2.4,120.22253239129209,2025-10-20 13h42.12.817192 -0400,
-6.125,-15.0,,219,219,0,,,,,,,,,,m3,negs,100,left,1.106040792001295,None,None,,,,,,,,,,,0,219,219,318,335.937278915997,,,,,,,,,,,,,,,,,,,,,,,,,,,,,,,,,,,,,,,,,,,,,,,,,,,,,,,335.9292684999964,335.937278915997,336.42482424999616,336.42482424999616,336.4977665829938,336.4977665829938,337.0496769159945,left,1.106040792001295,None,337.04980512499606,337.0498634999967,None,,,,,,,,,,,,21049996,0,2025-10-20_13h42.01.136,tilt_mocs,2024.2.4,120.22253239129209,2025-10-20 13h42.12.817192 -0400,
0.5,0.0,,220,220,0,,,,,,,,,,p1,noss,0,right,1.358843292000529,None,None,,,,,,,,,,,0,220,220,643,337.06000612500065,,,,,,,,,,,,,,,,,,,,,,,,,,,,,,,,,,,,,,,,,,,,,,,,,,,,,,,337.0519214579981,337.06000612500065,337.55083587499394,337.55083587499394,337.62532966599974,337.62532966599974,338.42762529099855,right,1.358843292000529,None,338.42775066600007,338.4278053329981,None,,,,,,,,,,,,21049996,0,2025-10-20_13h42.01.136,tilt_mocs,2024.2.4,120.22253239129209,2025-10-20 13h42.12.817192 -0400,
-0.5,0.0,,221,221,0,,,,,,,,,,m1,noss,0,right,1.236961667003925,None,None,,,,,,,,,,,0,221,221,603,338.4379765409976,,,,,,,,,,,,,,,,,,,,,,,,,,,,,,,,,,,,,,,,,,,,,,,,,,,,,,,338.4300298329981,338.4379765409976,338.92488674999913,338.92488674999913,338.9973658329982,338.9973658329982,339.67767604099936,right,1.236961667003925,None,339.67778016599914,339.67782320799597,None,,,,,,,,,,,,21049996,0,2025-10-20_13h42.01.136,tilt_mocs,2024.2.4,120.22253239129209,2025-10-20 13h42.12.817192 -0400,
3.0,15.0,,222,222,0,,,,,,,,,,p1,poss,100,right,1.644662334001623,None,None,,,,,,,,,,,0,222,222,170,339.68735399999423,,,,,,,,,,,,,,,,,,,,,,,,,,,,,,,,,,,,,,,,,,,,,,,,,,,,,,,339.6797104579964,339.68735399999423,340.17491383299785,340.17491383299785,340.24755662499956,340.24755662499956,341.3443925829997,right,1.644662334001623,None,341.34451841600094,341.34457212499547,None,,,,,,,,,,,,21049996,0,2025-10-20_13h42.01.136,tilt_mocs,2024.2.4,120.22253239129209,2025-10-20 13h42.12.817192 -0400,
4.5,15.0,,223,223,0,,,,,,,,,,p3,poss,100,right,1.7262982500033104,None,None,,,,,,,,,,,0,223,223,266,341.35525816599693,,,,,,,,,,,,,,,,,,,,,,,,,,,,,,,,,,,,,,,,,,,,,,,,,,,,,,,341.3469340829979,341.35525816599693,341.84173712499614,341.84173712499614,341.9149159160006,341.9149159160006,343.08416937499715,right,1.7262982500033104,None,343.084298457994,343.08435545799875,None,,,,,,,,,,,,21049996,0,2025-10-20_13h42.01.136,tilt_mocs,2024.2.4,120.22253239129209,2025-10-20 13h42.12.817192 -0400,
1.5,15.0,,224,224,0,,,,,,,,,,m2,poss,100,left,1.0979259160012589,None,None,,,,,,,,,,,0,224,224,56,343.0947013749974,,,,,,,,,,,,,,,,,,,,,,,,,,,,,,,,,,,,,,,,,,,,,,,,,,,,,,,343.08639954099635,343.0947013749974,343.5841438749994,343.5841438749994,343.65895108299446,343.65895108299446,344.1955460409954,left,1.0979259160012589,None,344.1956724579941,344.1957276249959,None,,,,,,,,,,,,21049996,0,2025-10-20_13h42.01.136,tilt_mocs,2024.2.4,120.22253239129209,2025-10-20 13h42.12.817192 -0400,
3.5,15.0,,225,225,0,,,,,,,,,,p2,poss,100,left,1.119476375002705,None,None,,,,,,,,,,,0,225,225,204,344.20627075000084,,,,,,,,,,,,,,,,,,,,,,,,,,,,,,,,,,,,,,,,,,,,,,,,,,,,,,,344.1979486249984,344.20627075000084,344.69172662499477,344.69172662499477,344.76394720799726,344.76394720799726,345.32814099999814,left,1.119476375002705,None,345.3282662499987,345.32832049999706,None,,,,,,,,,,,,21049996,0,2025-10-20_13h42.01.136,tilt_mocs,2024.2.4,120.22253239129209,2025-10-20 13h42.12.817192 -0400,
3.5,15.0,,226,226,0,,,,,,,,,,p2,poss,100,left,1.138013084004342,None,None,,,,,,,,,,,0,226,226,212,345.33843437500036,,,,,,,,,,,,,,,,,,,,,,,,,,,,,,,,,,,,,,,,,,,,,,,,,,,,,,,345.33045079099975,345.33843437500036,345.8251253329945,345.8251253329945,345.8980437909995,345.8980437909995,346.47950087500067,left,1.138013084004342,None,346.47965404099523,346.47971570799564,None,,,,,,,,,,,,21049996,0,2025-10-20_13h42.01.136,tilt_mocs,2024.2.4,120.22253239129209,2025-10-20 13h42.12.817192 -0400,
-6.125,-15.0,,227,227,0,,,,,,,,,,m3,negs,100,right,1.2816390000007232,None,None,,,,,,,,,,,0,227,227,288,346.490097832997,,,,,,,,,,,,,,,,,,,,,,,,,,,,,,,,,,,,,,,,,,,,,,,,,,,,,,,346.48241741599486,346.490097832997,346.97516583299875,346.97516583299875,347.04810812499636,347.04810812499636,347.77780374999566,right,1.2816390000007232,None,347.7779055409992,347.77794879099383,None,,,,,,,,,,,,21049996,0,2025-10-20_13h42.01.136,tilt_mocs,2024.2.4,120.22253239129209,2025-10-20 13h42.12.817192 -0400,
-4.125,-15.0,,228,228,0,,,,,,,,,,PSE,negs,100,right,1.063034457998583,None,None,,,,,,,,,,,0,228,228,417,347.7877874159967,,,,,,,,,,,,,,,,,,,,,,,,,,,,,,,,,,,,,,,,,,,,,,,,,,,,,,,347.77985762499884,347.7877874159967,348.2753291659974,348.2753291659974,348.34739845799777,348.34739845799777,348.86115787499875,right,1.063034457998583,None,348.8612801659983,348.8613339999938,None,,,,,,,,,,,,21049996,0,2025-10-20_13h42.01.136,tilt_mocs,2024.2.4,120.22253239129209,2025-10-20 13h42.12.817192 -0400,
3.0,15.0,,229,229,0,,,,,,,,,,p1,poss,100,right,0.8907569160001003,None,None,,,,,,,,,,,0,229,229,193,348.8713885830002,,,,,,,,,,,,,,,,,,,,,,,,,,,,,,,,,,,,,,,,,,,,,,,,,,,,,,,348.86345008299395,348.8713885830002,349.35861033299443,349.35861033299443,349.4306511659961,349.4306511659961,349.7671861659983,right,0.8907569160001003,None,349.7673092909972,349.767364290994,None,,,,,,,,,,,,21049996,0,2025-10-20_13h42.01.136,tilt_mocs,2024.2.4,120.22253239129209,2025-10-20 13h42.12.817192 -0400,
1.5,15.0,,230,230,0,,,,,,,,,,m2,poss,100,right,1.0169917499952135,None,None,,,,,,,,,,,0,230,230,50,349.777721749997,,,,,,,,,,,,,,,,,,,,,,,,,,,,,,,,,,,,,,,,,,,,,,,,,,,,,,,349.7693594999946,349.777721749997,350.26734487499925,350.26734487499925,350.34252749999723,350.34252749999723,350.801239124994,right,1.0169917499952135,None,350.801368583001,350.8014231249981,None,,,,,,,,,,,,21049996,0,2025-10-20_13h42.01.136,tilt_mocs,2024.2.4,120.22253239129209,2025-10-20 13h42.12.817192 -0400,
-3.125,-15.0,,231,231,0,,,,,,,,,,p2,negs,100,right,1.0194496670010267,None,None,,,,,,,,,,,0,231,231,506,350.8117514159967,,,,,,,,,,,,,,,,,,,,,,,,,,,,,,,,,,,,,,,,,,,,,,,,,,,,,,,350.803483165997,350.8117514159967,351.30167774999427,351.30167774999427,351.3758606249976,351.3758606249976,351.8339418749965,right,1.0194496670010267,None,351.8340609579973,351.83411437500035,None,,,,,,,,,,,,21049996,0,2025-10-20_13h42.01.136,tilt_mocs,2024.2.4,120.22253239129209,2025-10-20 13h42.12.817192 -0400,
2.0,0.0,,232,232,0,,,,,,,,,,p3,noss,0,right,1.1268571250038804,None,None,,,,,,,,,,,0,232,232,689,351.8444739580009,,,,,,,,,,,,,,,,,,,,,,,,,,,,,,,,,,,,,,,,,,,,,,,,,,,,,,,351.8362469999993,351.8444739580009,352.3342593749985,352.3342593749985,352.40936662499735,352.40936662499735,352.9789552079965,right,1.1268571250038804,None,352.9791085830002,352.9791655000008,None,,,,,,,,,,,,21049996,0,2025-10-20_13h42.01.136,tilt_mocs,2024.2.4,120.22253239129209,2025-10-20 13h42.12.817192 -0400,
1.5,15.0,,233,233,0,,,,,,,,,,m2,poss,100,right,1.1155299169986392,None,None,,,,,,,,,,,0,233,233,58,352.9897057079943,,,,,,,,,,,,,,,,,,,,,,,,,,,,,,,,,,,,,,,,,,,,,,,,,,,,,,,352.9814536249978,352.9897057079943,353.47538483300013,353.47538483300013,353.547788625001,353.547788625001,354.1114452499969,right,1.1155299169986392,None,354.1115455409963,354.11158887499914,None,,,,,,,,,,,,21049996,0,2025-10-20_13h42.01.136,tilt_mocs,2024.2.4,120.22253239129209,2025-10-20 13h42.12.817192 -0400,
-6.125,-15.0,,234,234,0,,,,,,,,,,m3,negs,100,right,1.0948604580044048,None,None,,,,,,,,,,,0,234,234,303,354.1217253750001,,,,,,,,,,,,,,,,,,,,,,,,,,,,,,,,,,,,,,,,,,,,,,,,,,,,,,,354.1135159580008,354.1217253750001,354.60888241599605,354.60888241599605,354.6811353749945,354.6811353749945,355.2280670830005,right,1.0948604580044048,None,355.2281932499973,355.22824845799914,None,,,,,,,,,,,,21049996,0,2025-10-20_13h42.01.136,tilt_mocs,2024.2.4,120.22253239129209,2025-10-20 13h42.12.817192 -0400,
2.5,15.0,,235,235,0,,,,,,,,,,PSE,poss,100,right,1.0544381250001607,None,None,,,,,,,,,,,0,235,235,139,355.2384884159983,,,,,,,,,,,,,,,,,,,,,,,,,,,,,,,,,,,,,,,,,,,,,,,,,,,,,,,355.23045812499913,355.2384884159983,355.72546212499583,355.72546212499583,355.79842112500046,355.79842112500046,356.2956933749956,right,1.0544381250001607,None,356.2958384579979,356.29589770799794,None,,,,,,,,,,,,21049996,0,2025-10-20_13h42.01.136,tilt_mocs,2024.2.4,120.22253239129209,2025-10-20 13h42.12.817192 -0400,
-2.125,-15.0,,236,236,0,,,,,,,,,,p3,negs,100,right,1.0275601249959436,None,None,,,,,,,,,,,0,236,236,535,356.30642095799703,,,,,,,,,,,,,,,,,,,,,,,,,,,,,,,,,,,,,,,,,,,,,,,,,,,,,,,356.29821162499866,356.30642095799703,356.79230304099474,356.79230304099474,356.8641401249988,356.8641401249988,357.3456860410006,right,1.0275601249959436,None,357.3458402909964,357.345904916001,None,,,,,,,,,,,,21049996,0,2025-10-20_13h42.01.136,tilt_mocs,2024.2.4,120.22253239129209,2025-10-20 13h42.12.817192 -0400,
-3.125,-15.0,,237,237,0,,,,,,,,,,p2,negs,100,right,0.8871964579957421,None,None,,,,,,,,,,,0,237,237,516,357.3561511660009,,,,,,,,,,,,,,,,,,,,,,,,,,,,,,,,,,,,,,,,,,,,,,,,,,,,,,,357.3481088330009,357.3561511660009,357.8422114579953,357.8422114579953,357.91568866599846,357.91568866599846,358.2459620410009,right,0.8871964579957421,None,358.2460984579957,358.2461585409983,None,,,,,,,,,,,,21049996,0,2025-10-20_13h42.01.136,tilt_mocs,2024.2.4,120.22253239129209,2025-10-20 13h42.12.817192 -0400,
1.5,15.0,,238,238,0,,,,,,,,,,m2,poss,100,right,0.8837117080038297,None,None,,,,,,,,,,,0,238,238,61,358.25582762499835,,,,,,,,,,,,,,,,,,,,,,,,,,,,,,,,,,,,,,,,,,,,,,,,,,,,,,,358.2482827909989,358.25582762499835,358.74237312499463,358.74237312499463,358.8142395409959,358.8142395409959,359.14478062499984,right,0.8837117080038297,None,359.1448780409992,359.1449220409995,None,,,,,,,,,,,,21049996,0,2025-10-20_13h42.01.136,tilt_mocs,2024.2.4,120.22253239129209,2025-10-20 13h42.12.817192 -0400,
4.5,15.0,,239,239,0,,,,,,,,,,p3,poss,100,right,1.0172267500020098,None,None,,,,,,,,,,,0,239,239,274,359.15481074999843,,,,,,,,,,,,,,,,,,,,,,,,,,,,,,,,,,,,,,,,,,,,,,,,,,,,,,,359.1468262079943,359.15481074999843,359.64227162499446,359.64227162499446,359.7144954999967,359.7144954999967,360.17827920799755,right,1.0172267500020098,None,360.1783757909943,360.1784216659944,None,,,,,,,,,,,,21049996,0,2025-10-20_13h42.01.136,tilt_mocs,2024.2.4,120.22253239129209,2025-10-20 13h42.12.817192 -0400,
2.0,15.0,,240,240,0,,,,,,,,,,m1,poss,100,right,1.0905577919984353,None,None,,,,,,,,,,,0,240,240,103,360.1882910409986,,,,,,,,,,,,,,,,,,,,,,,,,,,,,,,,,,,,,,,,,,,,,,,,,,,,,,,360.180326624999,360.1882910409986,360.6749544999984,360.6749544999984,360.7480655830004,360.7480655830004,361.283219500001,right,1.0905577919984353,None,361.2833134159955,361.28336604099604,None,,,,,,,,,,,,21049996,0,2025-10-20_13h42.01.136,tilt_mocs,2024.2.4,120.22253239129209,2025-10-20 13h42.12.817192 -0400,
-4.625,-15.0,,241,241,0,,,,,,,,,,m1,negs,100,right,0.9076011249999283,None,None,,,,,,,,,,,0,241,241,378,361.29286995800067,,,,,,,,,,,,,,,,,,,,,,,,,,,,,,,,,,,,,,,,,,,,,,,,,,,,,,,361.2852082499958,361.29286995800067,361.7748694999973,361.7748694999973,361.84821250000095,361.84821250000095,362.21235937500023,right,0.9076011249999283,None,362.21250058299483,362.2125572079967,None,,,,,,,,,,,,21049996,0,2025-10-20_13h42.01.136,tilt_mocs,2024.2.4,120.22253239129209,2025-10-20 13h42.12.817192 -0400,
3.5,15.0,,242,242,0,,,,,,,,,,p2,poss,100,right,0.8283748339963495,None,None,,,,,,,,,,,0,242,242,200,362.22272779099876,,,,,,,,,,,,,,,,,,,,,,,,,,,,,,,,,,,,,,,,,,,,,,,,,,,,,,,362.21479858299426,362.22272779099876,362.7091392500006,362.7091392500006,362.7810976249966,362.7810976249966,363.0616442499959,right,0.8283748339963495,None,363.0617784999995,363.0618485409941,None,,,,,,,,,,,,21049996,0,2025-10-20_13h42.01.136,tilt_mocs,2024.2.4,120.22253239129209,2025-10-20 13h42.12.817192 -0400,
-3.625,-15.0,,243,243,0,,,,,,,,,,p1,negs,100,right,0.8936819159935112,None,None,,,,,,,,,,,0,243,243,468,363.0721709579957,,,,,,,,,,,,,,,,,,,,,,,,,,,,,,,,,,,,,,,,,,,,,,,,,,,,,,,363.0640395829978,363.0721709579957,363.55919591599377,363.55919591599377,363.63120154100034,363.63120154100034,363.9760766659965,right,0.8936819159935112,None,363.97618020799564,363.9762249159976,None,,,,,,,,,,,,21049996,0,2025-10-20_13h42.01.136,tilt_mocs,2024.2.4,120.22253239129209,2025-10-20 13h42.12.817192 -0400,
-3.125,-15.0,,244,244,0,,,,,,,,,,p2,negs,100,right,0.7827197079968755,None,None,,,,,,,,,,,0,244,244,492,363.9828817909947,,,,,,,,,,,,,,,,,,,,,,,,,,,,,,,,,,,,,,,,,,,,,,,,,,,,,,,363.978097332998,363.9828817909947,364.467923624994,364.467923624994,364.543122957999,364.543122957999,364.7683152909958,right,0.7827197079968755,None,364.7684382499938,364.76851187499415,None,,,,,,,,,,,,21049996,0,2025-10-20_13h42.01.136,tilt_mocs,2024.2.4,120.22253239129209,2025-10-20 13h42.12.817192 -0400,
-0.5,0.0,,245,245,0,,,,,,,,,,m1,noss,0,right,0.8541929999992135,None,None,,,,,,,,,,,0,245,245,606,364.7788749579995,,,,,,,,,,,,,,,,,,,,,,,,,,,,,,,,,,,,,,,,,,,,,,,,,,,,,,,364.7707105829977,364.7788749579995,365.2680359579972,365.2680359579972,365.3432229159953,365.3432229159953,365.64531029099453,right,0.8541929999992135,None,365.6454378749986,365.64549229099794,None,,,,,,,,,,,,21049996,0,2025-10-20_13h42.01.136,tilt_mocs,2024.2.4,120.22253239129209,2025-10-20 13h42.12.817192 -0400,
0.5,0.0,,246,246,0,,,,,,,,,,p1,noss,0,right,0.8892271250006161,None,None,,,,,,,,,,,0,246,246,652,365.6553340409955,,,,,,,,,,,,,,,,,,,,,,,,,,,,,,,,,,,,,,,,,,,,,,,,,,,,,,,365.6474715410004,365.6553340409955,366.1425828329957,366.1425828329957,366.2150322499947,366.2150322499947,366.55186087499897,right,0.8892271250006161,None,366.5519840409979,366.5520451249977,None,,,,,,,,,,,,21049996,0,2025-10-20_13h42.01.136,tilt_mocs,2024.2.4,120.22253239129209,2025-10-20 13h42.12.817192 -0400,
-2.125,-15.0,,247,247,0,,,,,,,,,,p3,negs,100,right,0.8142235000050277,None,None,,,,,,,,,,,0,247,247,527,366.56237433299975,,,,,,,,,,,,,,,,,,,,,,,,,,,,,,,,,,,,,,,,,,,,,,,,,,,,,,,366.55423683299887,366.56237433299975,367.0524102079944,367.0524102079944,367.12670191600046,367.12670191600046,367.3790606249968,right,0.8142235000050277,None,367.3791866249958,367.3792424159983,None,,,,,,,,,,,,21049996,0,2025-10-20_13h42.01.136,tilt_mocs,2024.2.4,120.22253239129209,2025-10-20 13h42.12.817192 -0400,
-2.0,0.0,,248,248,0,,,,,,,,,,m3,noss,0,right,0.777559291003854,None,None,,,,,,,,,,,0,248,248,560,367.3894427499981,,,,,,,,,,,,,,,,,,,,,,,,,,,,,,,,,,,,,,,,,,,,,,,,,,,,,,,367.38156049999816,367.3894427499981,367.87599658299587,367.87599658299587,367.94833266599744,367.94833266599744,368.17001612499735,right,0.777559291003854,None,368.17016924999916,368.17022624999663,None,,,,,,,,,,,,21049996,0,2025-10-20_13h42.01.136,tilt_mocs,2024.2.4,120.22253239129209,2025-10-20 13h42.12.817192 -0400,
0.0,0.0,,249,249,0,,,,,,,,,,PSE,noss,0,left,1.004291999997804,None,None,,,,,,,,,,,0,249,249,621,368.17972758299584,,,,,,,,,,,,,,,,,,,,,,,,,,,,,,,,,,,,,,,,,,,,,,,,,,,,,,,368.1722562079958,368.17972758299584,368.6676895829951,368.6676895829951,368.7432175829963,368.7432175829963,369.1954476249957,left,1.004291999997804,None,369.19557458299823,369.19563533299515,None,,,,,,,,,,,,21049996,0,2025-10-20_13h42.01.136,tilt_mocs,2024.2.4,120.22253239129209,2025-10-20 13h42.12.817192 -0400,
2.5,15.0,,250,250,0,,,,,,,,,,PSE,poss,100,left,0.9370604579962674,None,None,,,,,,,,,,,0,250,250,147,369.20552654099447,,,,,,,,,,,,,,,,,,,,,,,,,,,,,,,,,,,,,,,,,,,,,,,,,,,,,,,369.19761008299974,369.20552654099447,369.69275083299726,369.69275083299726,369.7664444159964,369.7664444159964,370.1451584999959,left,0.9370604579962674,None,370.145259541001,370.1453024579969,None,,,,,,,,,,,,21049996,0,2025-10-20_13h42.01.136,tilt_mocs,2024.2.4,120.22253239129209,2025-10-20 13h42.12.817192 -0400,
0.5,15.0,,251,251,0,,,,,,,,,,m3,poss,100,left,0.9381389160043909,None,None,,,,,,,,,,,0,251,251,26,370.1551800829984,,,,,,,,,,,,,,,,,,,,,,,,,,,,,,,,,,,,,,,,,,,,,,,,,,,,,,,370.14717433299666,370.1551800829984,370.64278683299926,370.64278683299926,370.71623537499545,370.71623537499545,371.0958022499981,left,0.9381389160043909,None,371.0959382500005,371.09599887499644,None,,,,,,,,,,,,21049996,0,2025-10-20_13h42.01.136,tilt_mocs,2024.2.4,120.22253239129209,2025-10-20 13h42.12.817192 -0400,
3.0,15.0,,252,252,0,,,,,,,,,,p1,poss,100,left,0.8158001249976223,None,None,,,,,,,,,,,0,252,252,176,371.106511416001,,,,,,,,,,,,,,,,,,,,,,,,,,,,,,,,,,,,,,,,,,,,,,,,,,,,,,,371.09849158299767,371.106511416001,371.5928262909947,371.5928262909947,371.66567204099556,371.66567204099556,371.9285622499956,left,0.8158001249976223,None,371.9286648329944,371.92871045799984,None,,,,,,,,,,,,21049996,0,2025-10-20_13h42.01.136,tilt_mocs,2024.2.4,120.22253239129209,2025-10-20 13h42.12.817192 -0400,
3.5,15.0,,253,253,0,,,,,,,,,,p2,poss,100,left,0.8271217919973424,None,None,,,,,,,,,,,0,253,253,224,371.93858187499427,,,,,,,,,,,,,,,,,,,,,,,,,,,,,,,,,,,,,,,,,,,,,,,,,,,,,,,371.9305706249943,371.93858187499427,372.42603812499874,372.42603812499874,372.49826687499444,372.49826687499444,372.7686062499997,left,0.8271217919973424,None,372.7687494999991,372.76880966599856,None,,,,,,,,,,,,21049996,0,2025-10-20_13h42.01.136,tilt_mocs,2024.2.4,120.22253239129209,2025-10-20 13h42.12.817192 -0400,
1.5,15.0,,254,254,0,,,,,,,,,,m2,poss,100,left,0.9311433330003638,None,None,,,,,,,,,,,0,254,254,53,372.77914274999785,,,,,,,,,,,,,,,,,,,,,,,,,,,,,,,,,,,,,,,,,,,,,,,,,,,,,,,372.7709141659943,372.77914274999785,373.26848662499833,373.26848662499833,373.343318457999,373.343318457999,373.7128101249982,left,0.9311433330003638,None,373.7129205409947,373.71296374999656,None,,,,,,,,,,,,21049996,0,2025-10-20_13h42.01.136,tilt_mocs,2024.2.4,120.22253239129209,2025-10-20 13h42.12.817192 -0400,
2.5,15.0,,255,255,0,,,,,,,,,,PSE,poss,100,left,0.8614622079985566,None,None,,,,,,,,,,,0,255,255,122,373.72302029099956,,,,,,,,,,,,,,,,,,,,,,,,,,,,,,,,,,,,,,,,,,,,,,,,,,,,,,,373.71497575000103,373.72302029099956,374.2096915000002,374.2096915000002,374.2817562079945,374.2817562079945,374.5954372079941,left,0.8614622079985566,None,374.5955644159985,374.595619832995,None,,,,,,,,,,,,21049996,0,2025-10-20_13h42.01.136,tilt_mocs,2024.2.4,120.22253239129209,2025-10-20 13h42.12.817192 -0400,
3.5,15.0,,256,256,0,,,,,,,,,,p2,poss,100,left,0.8109857500021462,None,None,,,,,,,,,,,0,256,256,238,374.60558574999595,,,,,,,,,,,,,,,,,,,,,,,,,,,,,,,,,,,,,,,,,,,,,,,,,,,,,,,374.597595457999,374.60558574999595,375.0929486249952,375.0929486249952,375.16574683299405,375.16574683299405,375.4193386249972,left,0.8109857500021462,None,375.41945929099893,375.41951300000073,None,,,,,,,,,,,,21049996,0,2025-10-20_13h42.01.136,tilt_mocs,2024.2.4,120.22253239129209,2025-10-20 13h42.12.817192 -0400,
1.0,0.0,,257,257,0,,,,,,,,,,p2,noss,0,left,0.9145303339973907,None,None,,,,,,,,,,,0,257,257,675,375.42923104099464,,,,,,,,,,,,,,,,,,,,,,,,,,,,,,,,,,,,,,,,,,,,,,,,,,,,,,,375.4215585409984,375.42923104099464,375.9182892079989,375.9182892079989,375.9932667499961,375.9932667499961,376.34629375000077,left,0.9145303339973907,None,376.3464325829991,376.3464900409963,None,,,,,,,,,,,,21049996,0,2025-10-20_13h42.01.136,tilt_mocs,2024.2.4,120.22253239129209,2025-10-20 13h42.12.817192 -0400,
3.0,15.0,,258,258,0,,,,,,,,,,p1,poss,100,right,1.28299616699951,None,None,,,,,,,,,,,0,258,258,174,376.3566061659949,,,,,,,,,,,,,,,,,,,,,,,,,,,,,,,,,,,,,,,,,,,,,,,,,,,,,,,376.3487429579982,376.3566061659949,376.8429734579986,376.8429734579986,376.9154214999944,376.9154214999944,377.6452961249961,right,1.28299616699951,None,377.64539429099386,377.64543799999956,None,,,,,,,,,,,,21049996,0,2025-10-20_13h42.01.136,tilt_mocs,2024.2.4,120.22253239129209,2025-10-20 13h42.12.817192 -0400,
-5.125,-15.0,,259,259,0,,,,,,,,,,m2,negs,100,right,1.0483687079977244,None,None,,,,,,,,,,,0,259,259,328,377.6552837079944,,,,,,,,,,,,,,,,,,,,,,,,,,,,,,,,,,,,,,,,,,,,,,,,,,,,,,,377.64731670799665,377.6552837079944,378.14296874999854,378.14296874999854,378.2160739999963,378.2160739999963,378.7124597910006,right,1.0483687079977244,None,378.7125860829983,378.7126410829951,None,,,,,,,,,,,,21049996,0,2025-10-20_13h42.01.136,tilt_mocs,2024.2.4,120.22253239129209,2025-10-20 13h42.12.817192 -0400,
-3.125,-15.0,,260,260,0,,,,,,,,,,p2,negs,100,right,0.8772839999946882,None,None,,,,,,,,,,,0,260,260,489,378.72271087499394,,,,,,,,,,,,,,,,,,,,,,,,,,,,,,,,,,,,,,,,,,,,,,,,,,,,,,,378.71474462499464,378.72271087499394,379.20978462499625,379.20978462499625,379.2818424579964,379.2818424579964,379.6023756659997,right,0.8772839999946882,None,379.6024781659944,379.6025229999941,None,,,,,,,,,,,,21049996,0,2025-10-20_13h42.01.136,tilt_mocs,2024.2.4,120.22253239129209,2025-10-20 13h42.12.817192 -0400,
4.5,15.0,,261,261,0,,,,,,,,,,p3,poss,100,right,0.893136582999432,None,None,,,,,,,,,,,0,261,261,264,379.6126120409972,,,,,,,,,,,,,,,,,,,,,,,,,,,,,,,,,,,,,,,,,,,,,,,,,,,,,,,379.60443458299414,379.6126120409972,380.10184345799644,380.10184345799644,380.1770678749963,380.1770678749963,380.51313741599733,right,0.893136582999432,None,380.51328187499894,380.5133513330002,None,,,,,,,,,,,,21049996,0,2025-10-20_13h42.01.136,tilt_mocs,2024.2.4,120.22253239129209,2025-10-20 13h42.12.817192 -0400,
-0.5,0.0,,262,262,0,,,,,,,,,,m1,noss,0,left,1.0540255410014652,None,None,,,,,,,,,,,0,262,262,609,380.52387654099584,,,,,,,,,,,,,,,,,,,,,,,,,,,,,,,,,,,,,,,,,,,,,,,,,,,,,,,380.5156158329992,380.52387654099584,381.00967066599696,381.00967066599696,381.082774333001,381.082774333001,381.5893787499954,left,1.0540255410014652,None,381.5894800829992,381.5895311659988,None,,,,,,,,,,,,21049996,0,2025-10-20_13h42.01.136,tilt_mocs,2024.2.4,120.22253239129209,2025-10-20 13h42.12.817192 -0400,
-0.5,0.0,,263,263,0,,,,,,,,,,m1,noss,0,right,1.2191157909983303,None,None,,,,,,,,,,,0,263,263,614,381.59611949999817,,,,,,,,,,,,,,,,,,,,,,,,,,,,,,,,,,,,,,,,,,,,,,,,,,,,,,,381.59139416599646,381.59611949999817,382.0857889159961,382.0857889159961,382.16032258299674,382.16032258299674,382.81798437499674,right,1.2191157909983303,None,382.81809541599796,382.81814158299676,None,,,,,,,,,,,,21049996,0,2025-10-20_13h42.01.136,tilt_mocs,2024.2.4,120.22253239129209,2025-10-20 13h42.12.817192 -0400,
-2.0,0.0,,264,264,0,,,,,,,,,,m3,noss,0,left,1.0852767500036862,None,None,,,,,,,,,,,0,264,264,568,382.8282302909938,,,,,,,,,,,,,,,,,,,,,,,,,,,,,,,,,,,,,,,,,,,,,,,,,,,,,,,382.82010991599964,382.8282302909938,383.31927883299795,383.31927883299795,383.3936450830006,383.3936450830006,383.9174960409946,left,1.0852767500036862,None,383.91761945799954,383.91767591599637,None,,,,,,,,,,,,21049996,0,2025-10-20_13h42.01.136,tilt_mocs,2024.2.4,120.22253239129209,2025-10-20 13h42.12.817192 -0400,
0.5,15.0,,265,265,0,,,,,,,,,,m3,poss,100,left,1.0616871659949538,None,None,,,,,,,,,,,0,265,265,18,383.9433664159951,,,,,,,,,,,,,,,,,,,,,,,,,,,,,,,,,,,,,,,,,,,,,,,,,,,,,,,383.9198333329987,383.9433664159951,384.41875516599976,384.41875516599976,384.4937259159997,384.4937259159997,385.0127527910008,left,1.0616871659949538,None,385.01290949999384,385.0129632909957,None,,,,,,,,,,,,21049996,0,2025-10-20_13h42.01.136,tilt_mocs,2024.2.4,120.22253239129209,2025-10-20 13h42.12.817192 -0400,
-2.125,-15.0,,266,266,0,,,,,,,,,,p3,negs,100,right,1.051047208995442,None,None,,,,,,,,,,,0,266,266,534,385.02383333299804,,,,,,,,,,,,,,,,,,,,,,,,,,,,,,,,,,,,,,,,,,,,,,,,,,,,,,,385.0155954579968,385.02383333299804,385.50940699999774,385.50940699999774,385.5822091249938,385.5822091249938,386.0791030830005,right,1.051047208995442,None,386.0792064579946,386.07925075000094,None,,,,,,,,,,,,21049996,0,2025-10-20_13h42.01.136,tilt_mocs,2024.2.4,120.22253239129209,2025-10-20 13h42.12.817192 -0400,
-6.125,-15.0,,267,267,0,,,,,,,,,,m3,negs,100,left,1.0245420840001316,None,None,,,,,,,,,,,0,267,267,316,386.0890837909974,,,,,,,,,,,,,,,,,,,,,,,,,,,,,,,,,,,,,,,,,,,,,,,,,,,,,,,386.0811504999947,386.0890837909974,386.5768169579969,386.5768169579969,386.6488869579989,386.6488869579989,387.11940658299864,left,1.0245420840001316,None,387.119503832997,387.1195482080002,None,,,,,,,,,,,,21049996,0,2025-10-20_13h42.01.136,tilt_mocs,2024.2.4,120.22253239129209,2025-10-20 13h42.12.817192 -0400,
-3.625,-15.0,,268,268,0,,,,,,,,,,p1,negs,100,right,0.9989512910033227,None,None,,,,,,,,,,,0,268,268,458,387.129610582997,,,,,,,,,,,,,,,,,,,,,,,,,,,,,,,,,,,,,,,,,,,,,,,,,,,,,,,387.121452415995,387.129610582997,387.61902908299817,387.61902908299817,387.6938408749993,387.6938408749993,388.13429666599404,right,0.9989512910033227,None,388.1344192499964,388.1344747080002,None,,,,,,,,,,,,21049996,0,2025-10-20_13h42.01.136,tilt_mocs,2024.2.4,120.22253239129209,2025-10-20 13h42.12.817192 -0400,
-2.125,-15.0,,269,269,0,,,,,,,,,,p3,negs,100,right,0.8549765829957323,None,None,,,,,,,,,,,0,269,269,558,388.16018041599455,,,,,,,,,,,,,,,,,,,,,,,,,,,,,,,,,,,,,,,,,,,,,,,,,,,,,,,388.13682708299893,388.16018041599455,388.63584812499903,388.63584812499903,388.7104077909971,388.7104077909971,389.01919545800047,right,0.8549765829957323,None,389.0193197499975,389.0193776249944,None,,,,,,,,,,,,21049996,0,2025-10-20_13h42.01.136,tilt_mocs,2024.2.4,120.22253239129209,2025-10-20 13h42.12.817192 -0400,
3.0,15.0,,270,270,0,,,,,,,,,,p1,poss,100,right,0.8140602920029778,None,None,,,,,,,,,,,0,270,270,189,389.0298882079951,,,,,,,,,,,,,,,,,,,,,,,,,,,,,,,,,,,,,,,,,,,,,,,,,,,,,,,389.02174945799925,389.0298882079951,389.51913308299845,389.51913308299845,389.59395458299696,389.59395458299696,389.84674124999583,right,0.8140602920029778,None,389.8469140829984,389.8470569159981,None,,,,,,,,,,,,21049996,0,2025-10-20_13h42.01.136,tilt_mocs,2024.2.4,120.22253239129209,2025-10-20 13h42.12.817192 -0400,
1.0,0.0,,271,271,0,,,,,,,,,,p2,noss,0,right,0.8532833330027643,None,None,,,,,,,,,,,0,271,271,678,389.8575481660009,,,,,,,,,,,,,,,,,,,,,,,,,,,,,,,,,,,,,,,,,,,,,,,,,,,,,,,389.8494181249989,389.8575481660009,390.34350129099766,390.34350129099766,390.41531270799896,390.41531270799896,390.71325483299734,right,0.8532833330027643,None,390.71336699999665,390.7134135829983,None,,,,,,,,,,,,21049996,0,2025-10-20_13h42.01.136,tilt_mocs,2024.2.4,120.22253239129209,2025-10-20 13h42.12.817192 -0400,
1.5,15.0,,272,272,0,,,,,,,,,,m2,poss,100,right,0.870972000004258,None,None,,,,,,,,,,,0,272,272,69,390.72338149999996,,,,,,,,,,,,,,,,,,,,,,,,,,,,,,,,,,,,,,,,,,,,,,,,,,,,,,,390.71537679099856,390.72338149999996,391.21037920799427,391.21037920799427,391.2826309999946,391.2826309999946,391.5969067499973,right,0.870972000004258,None,391.59703058299783,391.597083916,None,,,,,,,,,,,,21049996,0,2025-10-20_13h42.01.136,tilt_mocs,2024.2.4,120.22253239129209,2025-10-20 13h42.12.817192 -0400,
0.5,15.0,,273,273,0,,,,,,,,,,m3,poss,100,left,1.1934242080023978,None,None,,,,,,,,,,,0,273,273,31,391.6075292079986,,,,,,,,,,,,,,,,,,,,,,,,,,,,,,,,,,,,,,,,,,,,,,,,,,,,,,,391.5995355829946,391.6075292079986,392.0934028329939,392.0934028329939,392.16557904100046,392.16557904100046,392.8127619579973,left,1.1934242080023978,None,392.81288700000005,392.8129501250005,None,,,,,,,,,,,,21049996,0,2025-10-20_13h42.01.136,tilt_mocs,2024.2.4,120.22253239129209,2025-10-20 13h42.12.817192 -0400,
-3.625,-15.0,,274,274,0,,,,,,,,,,p1,negs,100,left,1.1967562919962802,None,None,,,,,,,,,,,0,274,274,477,392.822667249995,,,,,,,,,,,,,,,,,,,,,,,,,,,,,,,,,,,,,,,,,,,,,,,,,,,,,,,392.8148156659954,392.822667249995,393.31023874999664,393.31023874999664,393.38225149999926,393.38225149999926,394.02965795799537,left,1.1967562919962802,None,394.0297618330005,394.02980824999395,None,,,,,,,,,,,,21049996,0,2025-10-20_13h42.01.136,tilt_mocs,2024.2.4,120.22253239129209,2025-10-20 13h42.12.817192 -0400,
1.0,0.0,,275,275,0,,,,,,,,,,p2,noss,0,right,0.9050797079980839,None,None,,,,,,,,,,,0,275,275,664,394.03984162499546,,,,,,,,,,,,,,,,,,,,,,,,,,,,,,,,,,,,,,,,,,,,,,,,,,,,,,,394.03171595800086,394.03984162499546,394.52700816599827,394.52700816599827,394.5989565409982,394.5989565409982,394.95601662499394,right,0.9050797079980839,None,394.9561195829956,394.95616520800104,None,,,,,,,,,,,,21049996,0,2025-10-20_13h42.01.136,tilt_mocs,2024.2.4,120.22253239129209,2025-10-20 13h42.12.817192 -0400,
-3.625,-15.0,,276,276,0,,,,,,,,,,p1,negs,100,left,1.1569356249965494,None,None,,,,,,,,,,,0,276,276,454,394.9627634579956,,,,,,,,,,,,,,,,,,,,,,,,,,,,,,,,,,,,,,,,,,,,,,,,,,,,,,,394.9580897499982,394.9627634579956,395.4529309579957,395.4529309579957,395.52746874999866,395.52746874999866,396.12988508299895,left,1.1569356249965494,None,396.1300372909973,396.13008995799464,None,,,,,,,,,,,,21049996,0,2025-10-20_13h42.01.136,tilt_mocs,2024.2.4,120.22253239129209,2025-10-20 13h42.12.817192 -0400,
-5.125,-15.0,,277,277,0,,,,,,,,,,m2,negs,100,left,0.8920600829951582,None,None,,,,,,,,,,,0,277,277,320,396.1409623329964,,,,,,,,,,,,,,,,,,,,,,,,,,,,,,,,,,,,,,,,,,,,,,,,,,,,,,,396.13274454099883,396.1409623329964,396.62698004100093,396.62698004100093,396.69997466600034,396.69997466600034,397.0369619159974,left,0.8920600829951582,None,397.03711225000006,397.0371721249976,None,,,,,,,,,,,,21049996,0,2025-10-20_13h42.01.136,tilt_mocs,2024.2.4,120.22253239129209,2025-10-20 13h42.12.817192 -0400,
-3.625,-15.0,,278,278,0,,,,,,,,,,p1,negs,100,left,0.843995499999437,None,None,,,,,,,,,,,0,278,278,472,397.04667216599773,,,,,,,,,,,,,,,,,,,,,,,,,,,,,,,,,,,,,,,,,,,,,,,,,,,,,,,397.0391873749977,397.04667216599773,397.5354900829989,397.5354900829989,397.6108306659953,397.6108306659953,397.89642579099745,left,0.843995499999437,None,397.8965453749988,397.8966012079982,None,,,,,,,,,,,,21049996,0,2025-10-20_13h42.01.136,tilt_mocs,2024.2.4,120.22253239129209,2025-10-20 13h42.12.817192 -0400,
2.5,15.0,,279,279,0,,,,,,,,,,PSE,poss,100,left,1.2450841669997317,None,None,,,,,,,,,,,0,279,279,136,397.90674549999676,,,,,,,,,,,,,,,,,,,,,,,,,,,,,,,,,,,,,,,,,,,,,,,,,,,,,,,397.89885066599527,397.90674549999676,398.39371116599796,398.39371116599796,398.4776362499979,398.4776362499979,399.1631500000003,left,1.2450841669997317,None,399.16327816600096,399.1633297909939,None,,,,,,,,,,,,21049996,0,2025-10-20_13h42.01.136,tilt_mocs,2024.2.4,120.22253239129209,2025-10-20 13h42.12.817192 -0400,
-4.125,-15.0,,280,280,0,,,,,,,,,,PSE,negs,100,left,0.9407323749983334,None,None,,,,,,,,,,,0,280,280,423,399.17329666599835,,,,,,,,,,,,,,,,,,,,,,,,,,,,,,,,,,,,,,,,,,,,,,,,,,,,,,,399.16520599999785,399.17329666599835,399.660433457997,399.660433457997,399.7327341249984,399.7327341249984,400.1180925410008,left,0.9407323749983334,None,400.118221040997,400.1182746659979,None,,,,,,,,,,,,21049996,0,2025-10-20_13h42.01.136,tilt_mocs,2024.2.4,120.22253239129209,2025-10-20 13h42.12.817192 -0400,
-3.625,-15.0,,281,281,0,,,,,,,,,,p1,negs,100,left,1.0698419589971309,None,None,,,,,,,,,,,0,281,281,449,400.1293927079969,,,,,,,,,,,,,,,,,,,,,,,,,,,,,,,,,,,,,,,,,,,,,,,,,,,,,,,400.12051358299504,400.1293927079969,400.62016899999435,400.62016899999435,400.69433158299944,400.69433158299944,401.20314666599734,left,1.0698419589971309,None,401.2032457499954,401.2032889580005,None,,,,,,,,,,,,21049996,0,2025-10-20_13h42.01.136,tilt_mocs,2024.2.4,120.22253239129209,2025-10-20 13h42.12.817192 -0400,
-4.125,-15.0,,282,282,0,,,,,,,,,,PSE,negs,100,left,1.077674250002019,None,None,,,,,,,,,,,0,282,282,400,401.2134071249966,,,,,,,,,,,,,,,,,,,,,,,,,,,,,,,,,,,,,,,,,,,,,,,,,,,,,,,401.205193457994,401.2134071249966,401.7028365410006,401.7028365410006,401.7774836249955,401.7774836249955,402.2962547499992,left,1.077674250002019,None,402.2963830410008,402.29643933299667,None,,,,,,,,,,,,21049996,0,2025-10-20_13h42.01.136,tilt_mocs,2024.2.4,120.22253239129209,2025-10-20 13h42.12.817192 -0400,
-4.625,-15.0,,283,283,0,,,,,,,,,,m1,negs,100,left,1.0425213329945109,None,None,,,,,,,,,,,0,283,283,365,402.3062924159967,,,,,,,,,,,,,,,,,,,,,,,,,,,,,,,,,,,,,,,,,,,,,,,,,,,,,,,402.2983666250002,402.3062924159967,402.79382479099877,402.79382479099877,402.8669552079955,402.8669552079955,403.3525975409939,left,1.0425213329945109,None,403.352698374998,403.3527438329984,None,,,,,,,,,,,,21049996,0,2025-10-20_13h42.01.136,tilt_mocs,2024.2.4,120.22253239129209,2025-10-20 13h42.12.817192 -0400,
3.0,15.0,,284,284,0,,,,,,,,,,p1,poss,100,left,1.1475499580046744,None,None,,,,,,,,,,,0,284,284,182,403.36299770799815,,,,,,,,,,,,,,,,,,,,,,,,,,,,,,,,,,,,,,,,,,,,,,,,,,,,,,,403.35458170799393,403.36299770799815,403.8525834999964,403.8525834999964,403.9278659999982,403.9278659999982,404.5133062909954,left,1.1475499580046744,None,404.5134330000001,404.5134881249978,None,,,,,,,,,,,,21049996,0,2025-10-20_13h42.01.136,tilt_mocs,2024.2.4,120.22253239129209,2025-10-20 13h42.12.817192 -0400,
0.5,15.0,,285,285,0,,,,,,,,,,m3,poss,100,left,0.9592161670007044,None,None,,,,,,,,,,,0,285,285,33,404.5237474999958,,,,,,,,,,,,,,,,,,,,,,,,,,,,,,,,,,,,,,,,,,,,,,,,,,,,,,,404.51567762500054,404.5237474999958,405.0105228329994,405.0105228329994,405.08362349999516,405.08362349999516,405.486609874999,left,0.9592161670007044,None,405.4867293749994,405.4867864159969,None,,,,,,,,,,,,21049996,0,2025-10-20_13h42.01.136,tilt_mocs,2024.2.4,120.22253239129209,2025-10-20 13h42.12.817192 -0400,
0.5,15.0,,286,286,0,,,,,,,,,,m3,poss,100,left,1.01564137499372,None,None,,,,,,,,,,,0,286,286,8,405.4970162909958,,,,,,,,,,,,,,,,,,,,,,,,,,,,,,,,,,,,,,,,,,,,,,,,,,,,,,,405.48877583300055,405.4970162909958,405.9865482499954,405.9865482499954,406.0612821659961,406.0612821659961,406.51796308299527,left,1.01564137499372,None,406.5180576249986,406.5180996249983,None,,,,,,,,,,,,21049996,0,2025-10-20_13h42.01.136,tilt_mocs,2024.2.4,120.22253239129209,2025-10-20 13h42.12.817192 -0400,
1.5,15.0,,287,287,0,,,,,,,,,,m2,poss,100,left,0.9001511250025942,None,None,,,,,,,,,,,0,287,287,41,406.5280829999974,,,,,,,,,,,,,,,,,,,,,,,,,,,,,,,,,,,,,,,,,,,,,,,,,,,,,,,406.5199324999994,406.5280829999974,407.0197493749947,407.0197493749947,407.09455570799764,407.09455570799764,407.43109166599606,left,0.9001511250025942,None,407.4312329579989,407.4312917499992,None,,,,,,,,,,,,21049996,0,2025-10-20_13h42.01.136,tilt_mocs,2024.2.4,120.22253239129209,2025-10-20 13h42.12.817192 -0400,
-3.125,-15.0,,288,288,0,,,,,,,,,,p2,negs,100,left,0.937335291004274,None,None,,,,,,,,,,,0,288,288,494,407.4419332079997,,,,,,,,,,,,,,,,,,,,,,,,,,,,,,,,,,,,,,,,,,,,,,,,,,,,,,,407.4336969579963,407.4419332079997,407.92747066599986,407.92747066599986,407.99970104100066,407.99970104100066,408.3865736250009,left,0.937335291004274,None,408.38669612499507,408.38676016599493,None,,,,,,,,,,,,21049996,0,2025-10-20_13h42.01.136,tilt_mocs,2024.2.4,120.22253239129209,2025-10-20 13h42.12.817192 -0400,
3.5,15.0,,289,289,0,,,,,,,,,,p2,poss,100,left,1.0519435419992078,None,None,,,,,,,,,,,0,289,289,210,408.3969688750003,,,,,,,,,,,,,,,,,,,,,,,,,,,,,,,,,,,,,,,,,,,,,,,,,,,,,,,408.388742790994,408.3969688750003,408.88658283299446,408.88658283299446,408.9612777079965,408.9612777079965,409.45183179099695,left,1.0519435419992078,None,409.45187479099695,409.4518912079948,None,,,,,,,,,,,,21049996,0,2025-10-20_13h42.01.136,tilt_mocs,2024.2.4,120.22253239129209,2025-10-20 13h42.12.817192 -0400,
2.5,15.0,,290,290,0,,,,,,,,,,PSE,poss,100,left,1.1287330419945647,None,None,,,,,,,,,,,0,290,290,133,409.4605969999975,,,,,,,,,,,,,,,,,,,,,,,,,,,,,,,,,,,,,,,,,,,,,,,,,,,,,,,409.45256945800065,409.4605969999975,409.9531901659939,409.9531901659939,410.0281072500002,410.0281072500002,410.59694083299837,left,1.1287330419945647,None,410.5970662079999,410.59711912499915,None,,,,,,,,,,,,21049996,0,2025-10-20_13h42.01.136,tilt_mocs,2024.2.4,120.22253239129209,2025-10-20 13h42.12.817192 -0400,
0.5,0.0,,291,291,0,,,,,,,,,,p1,noss,0,left,1.165814625004714,None,None,,,,,,,,,,,0,291,291,656,410.606953040995,,,,,,,,,,,,,,,,,,,,,,,,,,,,,,,,,,,,,,,,,,,,,,,,,,,,,,,410.59903658300027,410.606953040995,411.0941724160002,411.0941724160002,411.1661188329963,411.1661188329963,411.7805403749953,left,1.165814625004714,None,411.78068962499674,411.7807447909945,None,,,,,,,,,,,,21049996,0,2025-10-20_13h42.01.136,tilt_mocs,2024.2.4,120.22253239129209,2025-10-20 13h42.12.817192 -0400,
-1.0,0.0,,292,292,0,,,,,,,,,,m2,noss,0,left,1.3053903750042082,None,None,,,,,,,,,,,0,292,292,587,411.79123674999573,,,,,,,,,,,,,,,,,,,,,,,,,,,,,,,,,,,,,,,,,,,,,,,,,,,,,,,411.782959665994,411.79123674999573,412.27748762499687,412.27748762499687,412.35003933299595,412.35003933299595,413.103473749994,left,1.3053903750042082,None,413.1035990829987,413.1036559999993,None,,,,,,,,,,,,21049996,0,2025-10-20_13h42.01.136,tilt_mocs,2024.2.4,120.22253239129209,2025-10-20 13h42.12.817192 -0400,
2.5,15.0,,293,293,0,,,,,,,,,,PSE,poss,100,left,1.109222792001674,None,None,,,,,,,,,,,0,293,293,121,413.114037249994,,,,,,,,,,,,,,,,,,,,,,,,,,,,,,,,,,,,,,,,,,,,,,,,,,,,,,,413.10576979100006,413.114037249994,413.6037198329941,413.6037198329941,413.6783650409998,413.6783650409998,414.2309441249963,left,1.109222792001674,None,414.2311038330008,414.2311674579978,None,,,,,,,,,,,,21049996,0,2025-10-20_13h42.01.136,tilt_mocs,2024.2.4,120.22253239129209,2025-10-20 13h42.12.817192 -0400,
0.5,15.0,,294,294,0,,,,,,,,,,m3,poss,100,left,1.0035562499979278,None,None,,,,,,,,,,,0,294,294,23,414.2415119579964,,,,,,,,,,,,,,,,,,,,,,,,,,,,,,,,,,,,,,,,,,,,,,,,,,,,,,,414.23343249999743,414.2415119579964,414.72770549999404,414.72770549999404,414.799702874996,414.799702874996,415.24770029099454,left,1.0035562499979278,None,415.24782862499706,415.2478847079983,None,,,,,,,,,,,,21049996,0,2025-10-20_13h42.01.136,tilt_mocs,2024.2.4,120.22253239129209,2025-10-20 13h42.12.817192 -0400,
-2.0,0.0,,295,295,0,,,,,,,,,,m3,noss,0,right,1.1725632500019856,None,None,,,,,,,,,,,0,295,295,570,415.25818041599996,,,,,,,,,,,,,,,,,,,,,,,,,,,,,,,,,,,,,,,,,,,,,,,,,,,,,,,415.25018179099425,415.25818041599996,415.7443755829954,415.7443755829954,415.8172178329987,415.8172178329987,416.43543712499377,right,1.1725632500019856,None,416.4355345410004,416.4355877079943,None,,,,,,,,,,,,21049996,0,2025-10-20_13h42.01.136,tilt_mocs,2024.2.4,120.22253239129209,2025-10-20 13h42.12.817192 -0400,
4.5,15.0,,296,296,0,,,,,,,,,,p3,poss,100,right,0.8686244170021382,None,None,,,,,,,,,,,0,296,296,277,416.46117075000075,,,,,,,,,,,,,,,,,,,,,,,,,,,,,,,,,,,,,,,,,,,,,,,,,,,,,,,416.4375056659992,416.46117075000075,416.936298624998,416.936298624998,417.01158829099586,417.01158829099586,417.33537441599765,right,0.8686244170021382,None,417.3354928330009,417.3355453749973,None,,,,,,,,,,,,21049996,0,2025-10-20_13h42.01.136,tilt_mocs,2024.2.4,120.22253239129209,2025-10-20 13h42.12.817192 -0400,
4.5,15.0,,297,297,0,,,,,,,,,,p3,poss,100,right,1.004969917004928,None,None,,,,,,,,,,,0,297,297,242,417.3612216659967,,,,,,,,,,,,,,,,,,,,,,,,,,,,,,,,,,,,,,,,,,,,,,,,,,,,,,,417.3376271659945,417.3612216659967,417.83660358299676,417.83660358299676,417.9118592079976,417.9118592079976,418.3687391249987,right,1.004969917004928,None,418.3688378329971,418.3688801249955,None,,,,,,,,,,,,21049996,0,2025-10-20_13h42.01.136,tilt_mocs,2024.2.4,120.22253239129209,2025-10-20 13h42.12.817192 -0400,
2.0,15.0,,298,298,0,,,,,,,,,,m1,poss,100,right,0.883585416006099,None,None,,,,,,,,,,,0,298,298,106,418.39458724999713,,,,,,,,,,,,,,,,,,,,,,,,,,,,,,,,,,,,,,,,,,,,,,,,,,,,,,,418.37077770799806,418.39458724999713,418.870005124998,418.870005124998,418.9448673329971,418.9448673329971,419.2808455829945,right,0.883585416006099,None,419.2809814159991,419.2810375409972,None,,,,,,,,,,,,21049996,0,2025-10-20_13h42.01.136,tilt_mocs,2024.2.4,120.22253239129209,2025-10-20 13h42.12.817192 -0400,
-1.0,0.0,,299,299,0,,,,,,,,,,m2,noss,0,left,1.314478042004339,None,None,,,,,,,,,,,0,299,299,585,419.2917454579947,,,,,,,,,,,,,,,,,,,,,,,,,,,,,,,,,,,,,,,,,,,,,,,,,,,,,,,419.283557666,419.2917454579947,419.7778725829994,419.7778725829994,419.8508266659992,419.8508266659992,420.61394499999733,left,1.314478042004339,None,420.6141104579947,420.61417433300085,None,,,,,,,,,,,,21049996,0,2025-10-20_13h42.01.136,tilt_mocs,2024.2.4,120.22253239129209,2025-10-20 13h42.12.817192 -0400,
-3.125,-15.0,,300,300,0,,,,,,,,,,p2,negs,100,right,1.0299509579999722,None,space,16.842678875000274,None,,,,,,,,,0,300,300,498,420.6254976659984,,,,,,,,,,,,,,,,,,,,,,,,,,,,,,,,,,,,,,,,,,,,,,,,,,,,,,,420.617301415994,420.6254976659984,421.1112318329979,421.1112318329979,421.184094749995,421.184094749995,421.66400004099705,right,1.0299509579999722,None,421.6641279999967,438.5201344579982,space,421.67275329100084,421.67275329100084,16.842678875000274,None,,,,,,,,21049996,0,2025-10-20_13h42.01.136,tilt_mocs,2024.2.4,120.22253239129209,2025-10-20 13h42.12.817192 -0400,
3.0,15.0,,301,301,0,,,,,,,,,,p1,poss,100,right,1.3220482079996145,None,None,,,,,,,,,,,0,301,301,168,438.5311200829965,,,,,,,,,,,,,,,,,,,,,,,,,,,,,,,,,,,,,,,,,,,,,,,,,,,,,,,438.52209308299643,438.5311200829965,439.0205934580008,439.0205934580008,439.09570524999435,439.09570524999435,439.8646499999959,right,1.3220482079996145,None,439.8647765409987,439.8648328329946,None,,,,,,,,,,,,21049996,0,2025-10-20_13h42.01.136,tilt_mocs,2024.2.4,120.22253239129209,2025-10-20 13h42.12.817192 -0400,
4.5,15.0,,302,302,0,,,,,,,,,,p3,poss,100,right,0.9710469999990892,None,None,,,,,,,,,,,0,302,302,245,439.87511000000086,,,,,,,,,,,,,,,,,,,,,,,,,,,,,,,,,,,,,,,,,,,,,,,,,,,,,,,439.86701604099653,439.87511000000086,440.36189524999645,440.36189524999645,440.43488641599833,440.43488641599833,440.8490107079997,right,0.9710469999990892,None,440.8491578329995,440.8492187499942,None,,,,,,,,,,,,21049996,0,2025-10-20_13h42.01.136,tilt_mocs,2024.2.4,120.22253239129209,2025-10-20 13h42.12.817192 -0400,
0.5,15.0,,303,303,0,,,,,,,,,,m3,poss,100,right,1.101813665998634,None,None,,,,,,,,,,,0,303,303,36,440.86198504099593,,,,,,,,,,,,,,,,,,,,,,,,,,,,,,,,,,,,,,,,,,,,,,,,,,,,,,,440.85143291599525,440.86198504099593,441.3452079999988,441.3452079999988,441.4173007079953,441.4173007079953,441.96959712499665,right,1.101813665998634,None,441.96971833299904,441.9697721659977,None,,,,,,,,,,,,21049996,0,2025-10-20_13h42.01.136,tilt_mocs,2024.2.4,120.22253239129209,2025-10-20 13h42.12.817192 -0400,
1.5,15.0,,304,304,0,,,,,,,,,,m2,poss,100,right,1.4403636249990086,None,None,,,,,,,,,,,0,304,304,48,441.9952839999969,,,,,,,,,,,,,,,,,,,,,,,,,,,,,,,,,,,,,,,,,,,,,,,,,,,,,,,441.9717047499944,441.9952839999969,442.47073116599495,442.47073116599495,442.5458526660004,442.5458526660004,443.44605366599717,right,1.4403636249990086,None,443.44616491600027,443.4462104999984,None,,,,,,,,,,,,21049996,0,2025-10-20_13h42.01.136,tilt_mocs,2024.2.4,120.22253239129209,2025-10-20 13h42.12.817192 -0400,
-4.625,-15.0,,305,305,0,,,,,,,,,,m1,negs,100,left,0.9923712500021793,None,None,,,,,,,,,,,0,305,305,369,443.4538864999995,,,,,,,,,,,,,,,,,,,,,,,,,,,,,,,,,,,,,,,,,,,,,,,,,,,,,,,443.44850620799843,443.4538864999995,443.93727766599477,443.93727766599477,444.01258245799545,444.01258245799545,444.4487812909938,left,0.9923712500021793,None,444.4489221659969,444.4489974579992,None,,,,,,,,,,,,21049996,0,2025-10-20_13h42.01.136,tilt_mocs,2024.2.4,120.22253239129209,2025-10-20 13h42.12.817192 -0400,
3.5,15.0,,306,306,0,,,,,,,,,,p2,poss,100,left,0.9949335410055937,None,None,,,,,,,,,,,0,306,306,220,444.4594037499992,,,,,,,,,,,,,,,,,,,,,,,,,,,,,,,,,,,,,,,,,,,,,,,,,,,,,,,444.4514670829958,444.4594037499992,444.94530437499634,444.94530437499634,445.0178400829973,445.0178400829973,445.46514812499663,left,0.9949335410055937,None,445.4652981249965,445.46535587499966,None,,,,,,,,,,,,21049996,0,2025-10-20_13h42.01.136,tilt_mocs,2024.2.4,120.22253239129209,2025-10-20 13h42.12.817192 -0400,
-2.125,-15.0,,307,307,0,,,,,,,,,,p3,negs,100,left,0.9105893329979153,None,None,,,,,,,,,,,0,307,307,528,445.47562304099847,,,,,,,,,,,,,,,,,,,,,,,,,,,,,,,,,,,,,,,,,,,,,,,,,,,,,,,445.46756670800096,445.47562304099847,445.9620797499956,445.9620797499956,446.03452608299995,446.03452608299995,446.3983442499957,left,0.9105893329979153,None,446.3984741249951,446.39854674999515,None,,,,,,,,,,,,21049996,0,2025-10-20_13h42.01.136,tilt_mocs,2024.2.4,120.22253239129209,2025-10-20 13h42.12.817192 -0400,
2.5,15.0,,308,308,0,,,,,,,,,,PSE,poss,100,left,0.9933902920020046,None,None,,,,,,,,,,,0,308,308,123,446.4091054579985,,,,,,,,,,,,,,,,,,,,,,,,,,,,,,,,,,,,,,,,,,,,,,,,,,,,,,,446.400952582997,446.4091054579985,446.8953649999967,446.8953649999967,446.96861020799406,446.96861020799406,447.414768249997,left,0.9933902920020046,None,447.41489849999925,447.41495358300017,None,,,,,,,,,,,,21049996,0,2025-10-20_13h42.01.136,tilt_mocs,2024.2.4,120.22253239129209,2025-10-20 13h42.12.817192 -0400,
1.0,0.0,,309,309,0,,,,,,,,,,p2,noss,0,left,0.9153063330013538,None,None,,,,,,,,,,,0,309,309,662,447.4251786659952,,,,,,,,,,,,,,,,,,,,,,,,,,,,,,,,,,,,,,,,,,,,,,,,,,,,,,,447.4172199159948,447.4251786659952,447.9120687079994,447.9120687079994,447.98457383299683,447.98457383299683,448.34879466599523,left,0.9153063330013538,None,448.3489474159942,448.3490111659994,None,,,,,,,,,,,,21049996,0,2025-10-20_13h42.01.136,tilt_mocs,2024.2.4,120.22253239129209,2025-10-20 13h42.12.817192 -0400,
4.5,15.0,,310,310,0,,,,,,,,,,p3,poss,100,left,0.9567915420047939,None,None,,,,,,,,,,,0,310,310,259,448.3594759999978,,,,,,,,,,,,,,,,,,,,,,,,,,,,,,,,,,,,,,,,,,,,,,,,,,,,,,,448.35130787499656,448.3594759999978,448.84540345799905,448.84540345799905,448.91765104099613,448.91765104099613,449.32034966599895,left,0.9567915420047939,None,449.32045454099716,449.32049837499653,None,,,,,,,,,,,,21049996,0,2025-10-20_13h42.01.136,tilt_mocs,2024.2.4,120.22253239129209,2025-10-20 13h42.12.817192 -0400,
-5.125,-15.0,,311,311,0,,,,,,,,,,m2,negs,100,left,0.9530490830002236,None,None,,,,,,,,,,,0,311,311,357,449.3306842499951,,,,,,,,,,,,,,,,,,,,,,,,,,,,,,,,,,,,,,,,,,,,,,,,,,,,,,,449.32235029099684,449.3306842499951,449.8213276249953,449.8213276249953,449.89602270799514,449.89602270799514,450.28623516600055,left,0.9530490830002236,None,450.28633137499855,450.2863739159948,None,,,,,,,,,,,,21049996,0,2025-10-20_13h42.01.136,tilt_mocs,2024.2.4,120.22253239129209,2025-10-20 13h42.12.817192 -0400,
4.5,15.0,,312,312,0,,,,,,,,,,p3,poss,100,left,0.907058542004961,None,None,,,,,,,,,,,0,312,312,265,450.2962176250003,,,,,,,,,,,,,,,,,,,,,,,,,,,,,,,,,,,,,,,,,,,,,,,,,,,,,,,450.2882580410005,450.2962176250003,450.7878464999958,450.7878464999958,450.86278962499637,450.86278962499637,451.21484183299617,left,0.907058542004961,None,451.21497029099555,451.215026165999,None,,,,,,,,,,,,21049996,0,2025-10-20_13h42.01.136,tilt_mocs,2024.2.4,120.22253239129209,2025-10-20 13h42.12.817192 -0400,
0.5,15.0,,313,313,0,,,,,,,,,,m3,poss,100,left,0.8912467499976628,None,None,,,,,,,,,,,0,313,313,5,451.2250890409996,,,,,,,,,,,,,,,,,,,,,,,,,,,,,,,,,,,,,,,,,,,,,,,,,,,,,,,451.21697524999763,451.2250890409996,451.71220945799723,451.71220945799723,451.7843836249958,451.7843836249958,452.12094616599643,left,0.8912467499976628,None,452.1210441660005,452.1210923749968,None,,,,,,,,,,,,21049996,0,2025-10-20_13h42.01.136,tilt_mocs,2024.2.4,120.22253239129209,2025-10-20 13h42.12.817192 -0400,
1.5,15.0,,314,314,0,,,,,,,,,,m2,poss,100,left,0.7842890000029001,None,None,,,,,,,,,,,0,314,314,62,452.13132187500014,,,,,,,,,,,,,,,,,,,,,,,,,,,,,,,,,,,,,,,,,,,,,,,,,,,,,,,452.1229935829979,452.13132187500014,452.6217692499995,452.6217692499995,452.6961415409969,452.6961415409969,452.9198677079985,left,0.7842890000029001,None,452.9199616249971,452.9200147909942,None,,,,,,,,,,,,21049996,0,2025-10-20_13h42.01.136,tilt_mocs,2024.2.4,120.22253239129209,2025-10-20 13h42.12.817192 -0400,
0.5,0.0,,315,315,0,,,,,,,,,,p1,noss,0,left,0.7521932080053375,None,None,,,,,,,,,,,0,315,315,648,452.9458295000004,,,,,,,,,,,,,,,,,,,,,,,,,,,,,,,,,,,,,,,,,,,,,,,,,,,,,,,452.9218515409957,452.9458295000004,453.41231779100053,453.41231779100053,453.4848066659979,453.4848066659979,453.70292358299776,left,0.7521932080053375,None,453.70302387499396,453.7030682909972,None,,,,,,,,,,,,21049996,0,2025-10-20_13h42.01.136,tilt_mocs,2024.2.4,120.22253239129209,2025-10-20 13h42.12.817192 -0400,
-6.125,-15.0,,316,316,0,,,,,,,,,,m3,negs,100,left,0.8848190419957973,None,None,,,,,,,,,,,0,316,316,315,453.71265229099663,,,,,,,,,,,,,,,,,,,,,,,,,,,,,,,,,,,,,,,,,,,,,,,,,,,,,,,453.70498016599595,453.71265229099663,454.20483512499777,454.20483512499777,454.2795837079975,454.2795837079975,454.60393787499925,left,0.8848190419957973,None,454.60404449999623,454.6040957910009,None,,,,,,,,,,,,21049996,0,2025-10-20_13h42.01.136,tilt_mocs,2024.2.4,120.22253239129209,2025-10-20 13h42.12.817192 -0400,
2.0,15.0,,317,317,0,,,,,,,,,,m1,poss,100,left,0.8890127500053495,None,None,,,,,,,,,,,0,317,317,96,454.61457712499396,,,,,,,,,,,,,,,,,,,,,,,,,,,,,,,,,,,,,,,,,,,,,,,,,,,,,,,454.6060410409991,454.61457712499396,455.1048259159943,455.1048259159943,455.17965120799636,455.17965120799636,455.51501691599697,left,0.8890127500053495,None,455.5151435410007,455.51520337499824,None,,,,,,,,,,,,21049996,0,2025-10-20_13h42.01.136,tilt_mocs,2024.2.4,120.22253239129209,2025-10-20 13h42.12.817192 -0400,
-6.125,-15.0,,318,318,0,,,,,,,,,,m3,negs,100,left,0.9823941659997217,None,None,,,,,,,,,,,0,318,318,280,455.5252536659973,,,,,,,,,,,,,,,,,,,,,,,,,,,,,,,,,,,,,,,,,,,,,,,,,,,,,,,455.51731366599415,455.5252536659973,456.01239504099794,456.01239504099794,456.08436908300064,456.08436908300064,456.5157070829955,left,0.9823941659997217,None,456.5158602079973,456.515922999999,None,,,,,,,,,,,,21049996,0,2025-10-20_13h42.01.136,tilt_mocs,2024.2.4,120.22253239129209,2025-10-20 13h42.12.817192 -0400,
4.5,15.0,,319,319,0,,,,,,,,,,p3,poss,100,right,1.0295147500000894,None,None,,,,,,,,,,,0,319,319,252,456.5268772079944,,,,,,,,,,,,,,,,,,,,,,,,,,,,,,,,,,,,,,,,,,,,,,,,,,,,,,,456.51843916600046,456.5268772079944,457.0125995829949,457.0125995829949,457.0843855829953,457.0843855829953,457.5652104999972,right,1.0295147500000894,None,457.5653594579999,457.5654148329995,None,,,,,,,,,,,,21049996,0,2025-10-20_13h42.01.136,tilt_mocs,2024.2.4,120.22253239129209,2025-10-20 13h42.12.817192 -0400,
-2.125,-15.0,,320,320,0,,,,,,,,,,p3,negs,100,right,0.9912796249991516,None,None,,,,,,,,,,,0,320,320,530,457.57566954099457,,,,,,,,,,,,,,,,,,,,,,,,,,,,,,,,,,,,,,,,,,,,,,,,,,,,,,,457.5676767909972,457.57566954099457,458.06266137499915,458.06266137499915,458.13439558299433,458.13439558299433,458.57188020800095,right,0.9912796249991516,None,458.5719990409998,458.5720527499943,None,,,,,,,,,,,,21049996,0,2025-10-20_13h42.01.136,tilt_mocs,2024.2.4,120.22253239129209,2025-10-20 13h42.12.817192 -0400,
-4.625,-15.0,,321,321,0,,,,,,,,,,m1,negs,100,right,0.9083969580024132,None,None,,,,,,,,,,,0,321,321,372,458.5823646249992,,,,,,,,,,,,,,,,,,,,,,,,,,,,,,,,,,,,,,,,,,,,,,,,,,,,,,,458.5742084999947,458.5823646249992,459.071126332994,459.071126332994,459.14643504099513,459.14643504099513,459.4985797909976,right,0.9083969580024132,None,459.4986994579958,459.4987537909983,None,,,,,,,,,,,,21049996,0,2025-10-20_13h42.01.136,tilt_mocs,2024.2.4,120.22253239129209,2025-10-20 13h42.12.817192 -0400,
-4.625,-15.0,,322,322,0,,,,,,,,,,m1,negs,100,right,0.9370194170041941,None,None,,,,,,,,,,,0,322,322,385,459.50914229099726,,,,,,,,,,,,,,,,,,,,,,,,,,,,,,,,,,,,,,,,,,,,,,,,,,,,,,,459.50100429099984,459.50914229099726,459.99594420799986,459.99594420799986,460.0690546659971,460.0690546659971,460.4488470829965,right,0.9370194170041941,None,460.44901483300055,460.4490699159942,None,,,,,,,,,,,,21049996,0,2025-10-20_13h42.01.136,tilt_mocs,2024.2.4,120.22253239129209,2025-10-20 13h42.12.817192 -0400,
2.5,15.0,,323,323,0,,,,,,,,,,PSE,poss,100,left,1.0988989589968696,None,None,,,,,,,,,,,0,323,323,126,460.4598413749991,,,,,,,,,,,,,,,,,,,,,,,,,,,,,,,,,,,,,,,,,,,,,,,,,,,,,,,460.4516676659987,460.4598413749991,460.9460575409976,460.9460575409976,461.018092374994,461.018092374994,461.56519012499484,left,1.0988989589968696,None,461.5652910829958,461.5653351660003,None,,,,,,,,,,,,21049996,0,2025-10-20_13h42.01.136,tilt_mocs,2024.2.4,120.22253239129209,2025-10-20 13h42.12.817192 -0400,
0.5,0.0,,324,324,0,,,,,,,,,,p1,noss,0,left,1.0784253329984494,None,None,,,,,,,,,,,0,324,324,640,461.57537087499804,,,,,,,,,,,,,,,,,,,,,,,,,,,,,,,,,,,,,,,,,,,,,,,,,,,,,,,461.56724633299746,461.57537087499804,462.06269545800023,462.06269545800023,462.1358963329985,462.1358963329985,462.6652076659957,left,1.0784253329984494,None,462.66533929099387,462.6653942499979,None,,,,,,,,,,,,21049996,0,2025-10-20_13h42.01.136,tilt_mocs,2024.2.4,120.22253239129209,2025-10-20 13h42.12.817192 -0400,
-1.0,0.0,,325,325,0,,,,,,,,,,m2,noss,0,left,1.400269792000472,None,None,,,,,,,,,,,0,325,325,588,462.6755954580003,,,,,,,,,,,,,,,,,,,,,,,,,,,,,,,,,,,,,,,,,,,,,,,,,,,,,,,462.667522415999,462.6755954580003,463.16264599999704,463.16264599999704,463.23569270799635,463.23569270799635,464.0818949999957,left,1.400269792000472,None,464.0819946659976,464.0820391249945,None,,,,,,,,,,,,21049996,0,2025-10-20_13h42.01.136,tilt_mocs,2024.2.4,120.22253239129209,2025-10-20 13h42.12.817192 -0400,
-4.125,-15.0,,326,326,0,,,,,,,,,,PSE,negs,100,left,0.9210790840006666,None,None,,,,,,,,,,,0,326,326,432,464.09199120799894,,,,,,,,,,,,,,,,,,,,,,,,,,,,,,,,,,,,,,,,,,,,,,,,,,,,,,,464.0839276659972,464.09199120799894,464.5794087499962,464.5794087499962,464.6527013329978,464.6527013329978,465.01571987499483,left,0.9210790840006666,None,465.0159529579978,465.01604724999925,None,,,,,,,,,,,,21049996,0,2025-10-20_13h42.01.136,tilt_mocs,2024.2.4,120.22253239129209,2025-10-20 13h42.12.817192 -0400,
2.5,15.0,,327,327,0,,,,,,,,,,PSE,poss,100,left,1.1824912500014761,None,None,,,,,,,,,,,0,327,327,149,465.0265355829979,,,,,,,,,,,,,,,,,,,,,,,,,,,,,,,,,,,,,,,,,,,,,,,,,,,,,,,465.0184085410001,465.0265355829979,465.51272054099536,465.51272054099536,465.5847812909997,465.5847812909997,466.2152296659988,left,1.1824912500014761,None,466.215327124999,466.2153693329965,None,,,,,,,,,,,,21049996,0,2025-10-20_13h42.01.136,tilt_mocs,2024.2.4,120.22253239129209,2025-10-20 13h42.12.817192 -0400,
0.5,15.0,,328,328,0,,,,,,,,,,m3,poss,100,left,1.0885381670013885,None,None,,,,,,,,,,,0,328,328,9,466.22516083299706,,,,,,,,,,,,,,,,,,,,,,,,,,,,,,,,,,,,,,,,,,,,,,,,,,,,,,,466.21725074999995,466.22516083299706,466.7127595409984,466.7127595409984,466.78526070799853,466.78526070799853,467.3170048749962,left,1.0885381670013885,None,467.3171439159996,467.31720516600035,None,,,,,,,,,,,,21049996,0,2025-10-20_13h42.01.136,tilt_mocs,2024.2.4,120.22253239129209,2025-10-20 13h42.12.817192 -0400,
2.0,0.0,,329,329,0,,,,,,,,,,p3,noss,0,right,1.1385957500024233,None,None,,,,,,,,,,,0,329,329,681,467.3274457909938,,,,,,,,,,,,,,,,,,,,,,,,,,,,,,,,,,,,,,,,,,,,,,,,,,,,,,,467.3193722079959,467.3274457909938,467.81293612499576,467.81293612499576,467.8855681249988,467.8855681249988,468.47235179099516,right,1.1385957500024233,None,468.47247079099907,468.47253283299506,None,,,,,,,,,,,,21049996,0,2025-10-20_13h42.01.136,tilt_mocs,2024.2.4,120.22253239129209,2025-10-20 13h42.12.817192 -0400,
-4.625,-15.0,,330,330,0,,,,,,,,,,m1,negs,100,left,1.2199690420020488,None,None,,,,,,,,,,,0,330,330,379,468.4826823330004,,,,,,,,,,,,,,,,,,,,,,,,,,,,,,,,,,,,,,,,,,,,,,,,,,,,,,,468.4748076249962,468.4826823330004,468.9723316659947,468.9723316659947,469.04678883299493,469.04678883299493,469.70527245799894,left,1.2199690420020488,None,469.7053974160008,469.7054527910004,None,,,,,,,,,,,,21049996,0,2025-10-20_13h42.01.136,tilt_mocs,2024.2.4,120.22253239129209,2025-10-20 13h42.12.817192 -0400,
2.0,0.0,,331,331,0,,,,,,,,,,p3,noss,0,right,0.9685700420013745,None,None,,,,,,,,,,,0,331,331,690,469.71551412499684,,,,,,,,,,,,,,,,,,,,,,,,,,,,,,,,,,,,,,,,,,,,,,,,,,,,,,,469.7074097500008,469.71551412499684,470.20552429099916,470.20552429099916,470.27989654099656,470.27989654099656,470.68743483299477,right,0.9685700420013745,None,470.68753283299884,470.68757674999506,None,,,,,,,,,,,,21049996,0,2025-10-20_13h42.01.136,tilt_mocs,2024.2.4,120.22253239129209,2025-10-20 13h42.12.817192 -0400,
3.5,15.0,,332,332,0,,,,,,,,,,p2,poss,100,right,1.3843587090013898,None,None,,,,,,,,,,,0,332,332,216,470.7129035830003,,,,,,,,,,,,,,,,,,,,,,,,,,,,,,,,,,,,,,,,,,,,,,,,,,,,,,,470.6894362499952,470.7129035830003,471.18899237499863,471.18899237499863,471.2635436249984,471.2635436249984,472.1004786249978,right,1.3843587090013898,None,472.1006328329968,472.10069833300076,None,,,,,,,,,,,,21049996,0,2025-10-20_13h42.01.136,tilt_mocs,2024.2.4,120.22253239129209,2025-10-20 13h42.12.817192 -0400,
0.0,0.0,,333,333,0,,,,,,,,,,PSE,noss,0,left,1.0567642919995706,None,None,,,,,,,,,,,0,333,333,633,472.1114158749988,,,,,,,,,,,,,,,,,,,,,,,,,,,,,,,,,,,,,,,,,,,,,,,,,,,,,,,472.1032413749999,472.1114158749988,472.59627912499855,472.59627912499855,472.6684682499981,472.6684682499981,473.1712026249952,left,1.0567642919995706,None,473.17133149999427,473.17139287499595,None,,,,,,,,,,,,21049996,0,2025-10-20_13h42.01.136,tilt_mocs,2024.2.4,120.22253239129209,2025-10-20 13h42.12.817192 -0400,
-2.125,-15.0,,334,334,0,,,,,,,,,,p3,negs,100,right,1.0174567499998375,None,None,,,,,,,,,,,0,334,334,544,473.182074999997,,,,,,,,,,,,,,,,,,,,,,,,,,,,,,,,,,,,,,,,,,,,,,,,,,,,,,,473.17366679100087,473.182074999997,473.67261699999654,473.67261699999654,473.7469621249984,473.7469621249984,474.20427308299986,right,1.0174567499998375,None,474.2043714579995,474.2044155830008,None,,,,,,,,,,,,21049996,0,2025-10-20_13h42.01.136,tilt_mocs,2024.2.4,120.22253239129209,2025-10-20 13h42.12.817192 -0400,
1.0,0.0,,335,335,0,,,,,,,,,,p2,noss,0,right,1.4241797080030665,None,None,,,,,,,,,,,0,335,335,674,474.22995049999736,,,,,,,,,,,,,,,,,,,,,,,,,,,,,,,,,,,,,,,,,,,,,,,,,,,,,,,474.2063209159969,474.22995049999736,474.70599645799666,474.70599645799666,474.780361582998,474.780361582998,475.66578304099676,right,1.4241797080030665,None,475.6659100409961,475.6659730829997,None,,,,,,,,,,,,21049996,0,2025-10-20_13h42.01.136,tilt_mocs,2024.2.4,120.22253239129209,2025-10-20 13h42.12.817192 -0400,
0.5,15.0,,336,336,0,,,,,,,,,,m3,poss,100,left,1.0825356670029578,None,None,,,,,,,,,,,0,336,336,29,475.67604066599597,,,,,,,,,,,,,,,,,,,,,,,,,,,,,,,,,,,,,,,,,,,,,,,,,,,,,,,475.66804479099665,475.67604066599597,476.1631364999994,476.1631364999994,476.2353934579951,476.2353934579951,476.7661733749992,left,1.0825356670029578,None,476.7663364999971,476.7663878329986,None,,,,,,,,,,,,21049996,0,2025-10-20_13h42.01.136,tilt_mocs,2024.2.4,120.22253239129209,2025-10-20 13h42.12.817192 -0400,
-2.125,-15.0,,337,337,0,,,,,,,,,,p3,negs,100,left,1.3108895420009503,None,None,,,,,,,,,,,0,337,337,549,476.7769957909986,,,,,,,,,,,,,,,,,,,,,,,,,,,,,,,,,,,,,,,,,,,,,,,,,,,,,,,476.76920787499694,476.7769957909986,477.2631180409953,477.2631180409953,477.33527704099833,477.33527704099833,478.0992490829958,left,1.3108895420009503,None,478.09937545799767,478.09943087499414,None,,,,,,,,,,,,21049996,0,2025-10-20_13h42.01.136,tilt_mocs,2024.2.4,120.22253239129209,2025-10-20 13h42.12.817192 -0400,
0.0,0.0,,338,338,0,,,,,,,,,,PSE,noss,0,right,1.4874755000055302,None,None,,,,,,,,,,,0,338,338,638,478.1098580830003,,,,,,,,,,,,,,,,,,,,,,,,,,,,,,,,,,,,,,,,,,,,,,,,,,,,,,,478.1017517910004,478.1098580830003,478.5969088329948,478.5969088329948,478.66845512500004,478.66845512500004,479.6001767909984,right,1.4874755000055302,None,479.60032437499467,479.6003837499957,None,,,,,,,,,,,,21049996,0,2025-10-20_13h42.01.136,tilt_mocs,2024.2.4,120.22253239129209,2025-10-20 13h42.12.817192 -0400,
2.5,15.0,,339,339,0,,,,,,,,,,PSE,poss,100,left,1.2628017919996637,None,None,,,,,,,,,,,0,339,339,125,479.6111310829947,,,,,,,,,,,,,,,,,,,,,,,,,,,,,,,,,,,,,,,,,,,,,,,,,,,,,,,479.6027217909941,479.6111310829947,480.09682091599825,480.09682091599825,480.16914424999413,480.16914424999413,480.8830135829994,left,1.2628017919996637,None,480.8832317079941,480.88332774999435,None,,,,,,,,,,,,21049996,0,2025-10-20_13h42.01.136,tilt_mocs,2024.2.4,120.22253239129209,2025-10-20 13h42.12.817192 -0400,
2.0,15.0,,340,340,0,,,,,,,,,,m1,poss,100,left,1.1195451249950565,None,None,,,,,,,,,,,0,340,340,101,480.89395020799566,,,,,,,,,,,,,,,,,,,,,,,,,,,,,,,,,,,,,,,,,,,,,,,,,,,,,,,480.8856785829994,480.89395020799566,481.3800824159989,481.3800824159989,481.4523591249963,481.4523591249963,482.0158997909966,left,1.1195451249950565,None,482.0160034579967,482.0160476249948,None,,,,,,,,,,,,21049996,0,2025-10-20_13h42.01.136,tilt_mocs,2024.2.4,120.22253239129209,2025-10-20 13h42.12.817192 -0400,
1.0,0.0,,341,341,0,,,,,,,,,,p2,noss,0,right,1.271140083001228,None,None,,,,,,,,,,,0,341,341,663,482.0259184999959,,,,,,,,,,,,,,,,,,,,,,,,,,,,,,,,,,,,,,,,,,,,,,,,,,,,,,,482.01793145799456,482.0259184999959,482.5134677909955,482.5134677909955,482.59734358299465,482.59734358299465,483.2998074999996,right,1.271140083001228,None,483.3000394999981,483.3001377499968,None,,,,,,,,,,,,21049996,0,2025-10-20_13h42.01.136,tilt_mocs,2024.2.4,120.22253239129209,2025-10-20 13h42.12.817192 -0400,
-3.625,-15.0,,342,342,0,,,,,,,,,,p1,negs,100,left,1.3211286249934346,None,None,,,,,,,,,,,0,342,342,459,483.3106046659959,,,,,,,,,,,,,,,,,,,,,,,,,,,,,,,,,,,,,,,,,,,,,,,,,,,,,,,483.3025731249945,483.3106046659959,483.79670837499725,483.79670837499725,483.868854165994,483.868854165994,484.63788750000094,left,1.3211286249934346,None,484.6380079160008,484.63806445799855,None,,,,,,,,,,,,21049996,0,2025-10-20_13h42.01.136,tilt_mocs,2024.2.4,120.22253239129209,2025-10-20 13h42.12.817192 -0400,
-5.125,-15.0,,343,343,0,,,,,,,,,,m2,negs,100,left,1.0777290839978377,None,None,,,,,,,,,,,0,343,343,349,484.6636467499993,,,,,,,,,,,,,,,,,,,,,,,,,,,,,,,,,,,,,,,,,,,,,,,,,,,,,,,484.64000191599916,484.6636467499993,485.13868104099674,485.13868104099674,485.21395225000015,485.21395225000015,485.7499981660003,left,1.0777290839978377,None,485.75015341599646,485.75021391599876,None,,,,,,,,,,,,21049996,0,2025-10-20_13h42.01.136,tilt_mocs,2024.2.4,120.22253239129209,2025-10-20 13h42.12.817192 -0400,
-3.125,-15.0,,344,344,0,,,,,,,,,,p2,negs,100,left,1.0835619999998016,None,None,,,,,,,,,,,0,344,344,514,485.760699749997,,,,,,,,,,,,,,,,,,,,,,,,,,,,,,,,,,,,,,,,,,,,,,,,,,,,,,,485.7524184159993,485.760699749997,486.24679870799446,486.24679870799446,486.31876591599575,486.31876591599575,486.8500646659959,left,1.0835619999998016,None,486.85019008299423,486.85025245799625,None,,,,,,,,,,,,21049996,0,2025-10-20_13h42.01.136,tilt_mocs,2024.2.4,120.22253239129209,2025-10-20 13h42.12.817192 -0400,
-2.125,-15.0,,345,345,0,,,,,,,,,,p3,negs,100,left,1.2279610830009915,None,None,,,,,,,,,,,0,345,345,532,486.8606791659986,,,,,,,,,,,,,,,,,,,,,,,,,,,,,,,,,,,,,,,,,,,,,,,,,,,,,,,486.85249516600015,486.8606791659986,487.34695916599594,487.34695916599594,487.42009666599915,487.42009666599915,488.09978162499465,left,1.2279610830009915,None,488.0999355409949,488.09999174999393,None,,,,,,,,,,,,21049996,0,2025-10-20_13h42.01.136,tilt_mocs,2024.2.4,120.22253239129209,2025-10-20 13h42.12.817192 -0400,
-5.125,-15.0,,346,346,0,,,,,,,,,,m2,negs,100,left,1.186704166000709,None,None,,,,,,,,,,,0,346,346,323,488.110944,,,,,,,,,,,,,,,,,,,,,,,,,,,,,,,,,,,,,,,,,,,,,,,,,,,,,,,488.1026107910002,488.110944,488.5969114999971,488.5969114999971,488.6698657079978,488.6698657079978,489.30043424999894,left,1.186704166000709,None,489.3005944999968,489.3006543329975,None,,,,,,,,,,,,21049996,0,2025-10-20_13h42.01.136,tilt_mocs,2024.2.4,120.22253239129209,2025-10-20 13h42.12.817192 -0400,
2.0,15.0,,347,347,0,,,,,,,,,,m1,poss,100,right,1.585658500000136,None,None,,,,,,,,,,,0,347,347,97,489.31186524999794,,,,,,,,,,,,,,,,,,,,,,,,,,,,,,,,,,,,,,,,,,,,,,,,,,,,,,,489.30326716599666,489.31186524999794,489.79694608299906,489.79694608299906,489.86860962499486,489.86860962499486,490.90035504099797,right,1.585658500000136,None,490.9005104159951,490.90056920799543,None,,,,,,,,,,,,21049996,0,2025-10-20_13h42.01.136,tilt_mocs,2024.2.4,120.22253239129209,2025-10-20 13h42.12.817192 -0400,
-6.125,-15.0,,348,348,0,,,,,,,,,,m3,negs,100,left,1.2064784589965711,None,None,,,,,,,,,,,0,348,348,295,490.91105612499814,,,,,,,,,,,,,,,,,,,,,,,,,,,,,,,,,,,,,,,,,,,,,,,,,,,,,,,490.90271204099554,490.91105612499814,491.3970152080001,491.3970152080001,491.46998566600087,491.46998566600087,492.121448124999,left,1.2064784589965711,None,492.12154645799455,492.1215955000007,None,,,,,,,,,,,,21049996,0,2025-10-20_13h42.01.136,tilt_mocs,2024.2.4,120.22253239129209,2025-10-20 13h42.12.817192 -0400,
-0.5,0.0,,349,349,0,,,,,,,,,,m1,noss,0,right,1.1340397090025363,None,None,,,,,,,,,,,0,349,349,601,492.147214083001,,,,,,,,,,,,,,,,,,,,,,,,,,,,,,,,,,,,,,,,,,,,,,,,,,,,,,,492.1234309579959,492.147214083001,492.6232617909991,492.6232617909991,492.69752387499466,492.69752387499466,493.2837924579944,right,1.1340397090025363,None,493.28391720799846,493.2839736659953,None,,,,,,,,,,,,21049996,0,2025-10-20_13h42.01.136,tilt_mocs,2024.2.4,120.22253239129209,2025-10-20 13h42.12.817192 -0400,
-1.0,0.0,,350,350,0,,,,,,,,,,m2,noss,0,left,1.189141707996896,None,None,,,,,,,,,,,0,350,350,584,493.2945192909974,,,,,,,,,,,,,,,,,,,,,,,,,,,,,,,,,,,,,,,,,,,,,,,,,,,,,,,493.28641758299636,493.2945192909974,493.78038512499916,493.78038512499916,493.8529611249978,493.8529611249978,494.48789470799966,left,1.189141707996896,None,494.4879992499991,494.4880424160001,None,,,,,,,,,,,,21049996,0,2025-10-20_13h42.01.136,tilt_mocs,2024.2.4,120.22253239129209,2025-10-20 13h42.12.817192 -0400,
2.0,15.0,,351,351,0,,,,,,,,,,m1,poss,100,right,1.1764713749944349,None,None,,,,,,,,,,,0,351,351,104,494.49811991599563,,,,,,,,,,,,,,,,,,,,,,,,,,,,,,,,,,,,,,,,,,,,,,,,,,,,,,,494.48990670799685,494.49811991599563,494.98955399999977,494.98955399999977,495.0644549999997,495.0644549999997,495.68330312499893,right,1.1764713749944349,None,495.68343120799545,495.6834873330008,None,,,,,,,,,,,,21049996,0,2025-10-20_13h42.01.136,tilt_mocs,2024.2.4,120.22253239129209,2025-10-20 13h42.12.817192 -0400,
4.5,15.0,,352,352,0,,,,,,,,,,p3,poss,100,right,0.9630233749994659,None,None,,,,,,,,,,,0,352,352,260,495.6933540829996,,,,,,,,,,,,,,,,,,,,,,,,,,,,,,,,,,,,,,,,,,,,,,,,,,,,,,,495.6854326659959,495.6933540829996,496.18041912499757,496.18041912499757,496.2528642499965,496.2528642499965,496.6668609999979,right,0.9630233749994659,None,496.66701924999506,496.667075790996,None,,,,,,,,,,,,21049996,0,2025-10-20_13h42.01.136,tilt_mocs,2024.2.4,120.22253239129209,2025-10-20 13h42.12.817192 -0400,
4.5,15.0,,353,353,0,,,,,,,,,,p3,poss,100,right,0.9260734169947682,None,None,,,,,,,,,,,0,353,353,279,496.6779836659989,,,,,,,,,,,,,,,,,,,,,,,,,,,,,,,,,,,,,,,,,,,,,,,,,,,,,,,496.67005612499634,496.6779836659989,497.1639869999999,497.1639869999999,497.2371602909989,497.2371602909989,497.6064895829986,right,0.9260734169947682,None,497.6065923749993,497.6066371249981,None,,,,,,,,,,,,21049996,0,2025-10-20_13h42.01.136,tilt_mocs,2024.2.4,120.22253239129209,2025-10-20 13h42.12.817192 -0400,
-2.125,-15.0,,354,354,0,,,,,,,,,,p3,negs,100,right,0.9326944170024944,None,None,,,,,,,,,,,0,354,354,531,497.6165344580004,,,,,,,,,,,,,,,,,,,,,,,,,,,,,,,,,,,,,,,,,,,,,,,,,,,,,,,497.6085088330001,497.6165344580004,498.10711462499603,498.10711462499603,498.1811923749992,498.1811923749992,498.5556929999948,right,0.9326944170024944,None,498.55580962499516,498.5558644579942,None,,,,,,,,,,,,21049996,0,2025-10-20_13h42.01.136,tilt_mocs,2024.2.4,120.22253239129209,2025-10-20 13h42.12.817192 -0400,
3.0,15.0,,355,355,0,,,,,,,,,,p1,poss,100,right,0.9400039579995791,None,None,,,,,,,,,,,0,355,355,180,498.5662997499967,,,,,,,,,,,,,,,,,,,,,,,,,,,,,,,,,,,,,,,,,,,,,,,,,,,,,,,498.55786850000004,498.5662997499967,499.05647833299736,499.05647833299736,499.1309294159946,499.1309294159946,499.51646595799684,right,0.9400039579995791,None,499.51659358300094,499.51664949999395,None,,,,,,,,,,,,21049996,0,2025-10-20_13h42.01.136,tilt_mocs,2024.2.4,120.22253239129209,2025-10-20 13h42.12.817192 -0400,
1.5,15.0,,356,356,0,,,,,,,,,,m2,poss,100,right,1.0054503330029547,None,None,,,,,,,,,,,0,356,356,40,499.5264580000003,,,,,,,,,,,,,,,,,,,,,,,,,,,,,,,,,,,,,,,,,,,,,,,,,,,,,,,499.5188668749979,499.5264580000003,500.01414962499985,500.01414962499985,500.0864242079988,500.0864242079988,500.54288304099464,right,1.0054503330029547,None,500.5429826249965,500.5430278749991,None,,,,,,,,,,,,21049996,0,2025-10-20_13h42.01.136,tilt_mocs,2024.2.4,120.22253239129209,2025-10-20 13h42.12.817192 -0400,
2.5,15.0,,357,357,0,,,,,,,,,,PSE,poss,100,right,0.9095012499965378,None,None,,,,,,,,,,,0,357,357,154,500.5501984579969,,,,,,,,,,,,,,,,,,,,,,,,,,,,,,,,,,,,,,,,,,,,,,,,,,,,,,,500.5449152079964,500.5501984579969,501.0395569999964,501.0395569999964,501.11455891600053,501.11455891600053,501.46754729099484,right,0.9095012499965378,None,501.4677007079954,501.46776341599616,None,,,,,,,,,,,,21049996,0,2025-10-20_13h42.01.136,tilt_mocs,2024.2.4,120.22253239129209,2025-10-20 13h42.12.817192 -0400,
2.0,15.0,,358,358,0,,,,,,,,,,m1,poss,100,right,0.9909263330046088,None,None,,,,,,,,,,,0,358,358,107,501.47807916599413,,,,,,,,,,,,,,,,,,,,,,,,,,,,,,,,,,,,,,,,,,,,,,,,,,,,,,,501.47038612499455,501.47807916599413,501.9641579579984,501.9641579579984,502.0363964999997,502.0363964999997,502.4715314579953,right,0.9909263330046088,None,502.47162866599683,502.4716829159952,None,,,,,,,,,,,,21049996,0,2025-10-20_13h42.01.136,tilt_mocs,2024.2.4,120.22253239129209,2025-10-20 13h42.12.817192 -0400,
0.0,0.0,,359,359,0,,,,,,,,,,PSE,noss,0,right,1.1103306660006638,None,None,,,,,,,,,,,0,359,359,631,502.4815227910003,,,,,,,,,,,,,,,,,,,,,,,,,,,,,,,,,,,,,,,,,,,,,,,,,,,,,,,502.47353633299645,502.4815227910003,502.9731304579982,502.9731304579982,503.047717458001,503.047717458001,503.60024220799824,right,1.1103306660006638,None,503.6003999579989,503.6004590409939,None,,,,,,,,,,,,21049996,0,2025-10-20_13h42.01.136,tilt_mocs,2024.2.4,120.22253239129209,2025-10-20 13h42.12.817192 -0400,
-2.125,-15.0,,360,360,0,,,,,,,,,,p3,negs,100,right,1.0422084169986192,None,None,,,,,,,,,,,0,360,360,555,503.61114174999966,,,,,,,,,,,,,,,,,,,,,,,,,,,,,,,,,,,,,,,,,,,,,,,,,,,,,,,503.6030802909954,503.61114174999966,504.09695924999687,504.09695924999687,504.1698747499977,504.1698747499977,504.65594120799506,right,1.0422084169986192,None,504.65606612499687,504.65612341599626,None,,,,,,,,,,,,21049996,0,2025-10-20_13h42.01.136,tilt_mocs,2024.2.4,120.22253239129209,2025-10-20 13h42.12.817192 -0400,
-5.125,-15.0,,361,361,0,,,,,,,,,,m2,negs,100,left,1.931955415995617,None,None,,,,,,,,,,,0,361,361,343,504.6665180409982,,,,,,,,,,,,,,,,,,,,,,,,,,,,,,,,,,,,,,,,,,,,,,,,,,,,,,,504.6580686249945,504.6665180409982,505.15679095799715,505.15679095799715,505.23154837499897,505.23154837499897,506.600990040999,left,1.931955415995617,None,506.60110537499713,506.60115066599974,None,,,,,,,,,,,,21049996,0,2025-10-20_13h42.01.136,tilt_mocs,2024.2.4,120.22253239129209,2025-10-20 13h42.12.817192 -0400,
-4.125,-15.0,,362,362,0,,,,,,,,,,PSE,negs,100,right,1.2145238330049324,None,None,,,,,,,,,,,0,362,362,413,506.6111441249959,,,,,,,,,,,,,,,,,,,,,,,,,,,,,,,,,,,,,,,,,,,,,,,,,,,,,,,506.60316158299975,506.6111441249959,507.09693716599577,507.09693716599577,507.16949529099657,507.16949529099657,507.83348091600055,right,1.2145238330049324,None,507.83360374999756,507.8336595410001,None,,,,,,,,,,,,21049996,0,2025-10-20_13h42.01.136,tilt_mocs,2024.2.4,120.22253239129209,2025-10-20 13h42.12.817192 -0400,
0.0,0.0,,363,363,0,,,,,,,,,,PSE,noss,0,right,1.0330891249977867,None,None,,,,,,,,,,,0,363,363,637,507.8435716659951,,,,,,,,,,,,,,,,,,,,,,,,,,,,,,,,,,,,,,,,,,,,,,,,,,,,,,,507.83559299999615,507.8435716659951,508.33103604099597,508.33103604099597,508.4032583329972,508.4032583329972,508.88449987499916,right,1.0330891249977867,None,508.88465087499935,508.88470954099466,None,,,,,,,,,,,,21049996,0,2025-10-20_13h42.01.136,tilt_mocs,2024.2.4,120.22253239129209,2025-10-20 13h42.12.817192 -0400,
-4.125,-15.0,,364,364,0,,,,,,,,,,PSE,negs,100,right,1.022436541999923,None,None,,,,,,,,,,,0,364,364,414,508.8948655409986,,,,,,,,,,,,,,,,,,,,,,,,,,,,,,,,,,,,,,,,,,,,,,,,,,,,,,,508.8869230409982,508.8948655409986,509.3810836249977,509.3810836249977,509.45351424999535,509.45351424999535,509.9236859579978,right,1.022436541999923,None,509.9238124159965,509.9238731250007,None,,,,,,,,,,,,21049996,0,2025-10-20_13h42.01.136,tilt_mocs,2024.2.4,120.22253239129209,2025-10-20 13h42.12.817192 -0400,
-3.125,-15.0,,365,365,0,,,,,,,,,,p2,negs,100,right,0.9139378339968971,None,None,,,,,,,,,,,0,365,365,500,509.9343815829998,,,,,,,,,,,,,,,,,,,,,,,,,,,,,,,,,,,,,,,,,,,,,,,,,,,,,,,509.92628237499594,509.9343815829998,510.42454216599435,510.42454216599435,510.4982199579972,510.4982199579972,510.8514819999982,right,0.9139378339968971,None,510.8516213749972,510.85167745799845,None,,,,,,,,,,,,21049996,0,2025-10-20_13h42.01.136,tilt_mocs,2024.2.4,120.22253239129209,2025-10-20 13h42.12.817192 -0400,
-4.125,-15.0,,366,366,0,,,,,,,,,,PSE,negs,100,right,1.1080405419997987,None,None,,,,,,,,,,,0,366,366,439,510.8618952909965,,,,,,,,,,,,,,,,,,,,,,,,,,,,,,,,,,,,,,,,,,,,,,,,,,,,,,,510.853880415998,510.8618952909965,511.34771024999645,511.34771024999645,511.4208302499974,511.4208302499974,511.98459487500077,right,1.1080405419997987,None,511.98477450000064,511.98484433299745,None,,,,,,,,,,,,21049996,0,2025-10-20_13h42.01.136,tilt_mocs,2024.2.4,120.22253239129209,2025-10-20 13h42.12.817192 -0400,
2.0,0.0,,367,367,0,,,,,,,,,,p3,noss,0,right,1.0912794999967446,None,None,,,,,,,,,,,0,367,367,697,511.9961844999998,,,,,,,,,,,,,,,,,,,,,,,,,,,,,,,,,,,,,,,,,,,,,,,,,,,,,,,511.9875852499972,511.9961844999998,512.4810132909988,512.4810132909988,512.553249083001,512.553249083001,513.090368582998,right,1.0912794999967446,None,513.0905094579939,513.0905675409958,None,,,,,,,,,,,,21049996,0,2025-10-20_13h42.01.136,tilt_mocs,2024.2.4,120.22253239129209,2025-10-20 13h42.12.817192 -0400,
-4.625,-15.0,,368,368,0,,,,,,,,,,m1,negs,100,left,1.2317905410018284,None,None,,,,,,,,,,,0,368,368,381,513.1006826249941,,,,,,,,,,,,,,,,,,,,,,,,,,,,,,,,,,,,,,,,,,,,,,,,,,,,,,,513.092699957997,513.1006826249941,513.5908679579952,513.5908679579952,513.6649954159948,513.6649954159948,514.3432496249952,left,1.2317905410018284,None,514.3433493749981,514.3433936660003,None,,,,,,,,,,,,21049996,0,2025-10-20_13h42.01.136,tilt_mocs,2024.2.4,120.22253239129209,2025-10-20 13h42.12.817192 -0400,
1.0,0.0,,369,369,0,,,,,,,,,,p2,noss,0,left,1.707948666997254,None,None,,,,,,,,,,,0,369,369,665,514.3507568329951,,,,,,,,,,,,,,,,,,,,,,,,,,,,,,,,,,,,,,,,,,,,,,,,,,,,,,,514.3452634999994,514.3507568329951,514.8404491659967,514.8404491659967,514.9152039159962,514.9152039159962,516.0676724579971,left,1.707948666997254,None,516.0678279579952,516.0678932079973,None,,,,,,,,,,,,21049996,0,2025-10-20_13h42.01.136,tilt_mocs,2024.2.4,120.22253239129209,2025-10-20 13h42.12.817192 -0400,
-3.625,-15.0,,370,370,0,,,,,,,,,,p1,negs,100,left,1.1609769589995267,None,None,,,,,,,,,,,0,370,370,451,516.0789811249997,,,,,,,,,,,,,,,,,,,,,,,,,,,,,,,,,,,,,,,,,,,,,,,,,,,,,,,516.0707266249956,516.0789811249997,516.5647489159965,516.5647489159965,516.6369262909939,516.6369262909939,517.2494345409941,left,1.1609769589995267,None,517.2495573329943,517.2496137909984,None,,,,,,,,,,,,21049996,0,2025-10-20_13h42.01.136,tilt_mocs,2024.2.4,120.22253239129209,2025-10-20 13h42.12.817192 -0400,
-4.625,-15.0,,371,371,0,,,,,,,,,,m1,negs,100,left,1.0726962919943617,None,None,,,,,,,,,,,0,371,371,399,517.260052957994,,,,,,,,,,,,,,,,,,,,,,,,,,,,,,,,,,,,,,,,,,,,,,,,,,,,,,,517.2518814159994,517.260052957994,517.7479462080009,517.7479462080009,517.8201184159989,517.8201184159989,518.3359866249957,left,1.0726962919943617,None,518.3361444159964,518.3362047080009,None,,,,,,,,,,,,21049996,0,2025-10-20_13h42.01.136,tilt_mocs,2024.2.4,120.22253239129209,2025-10-20 13h42.12.817192 -0400,
-3.125,-15.0,,372,372,0,,,,,,,,,,p2,negs,100,left,0.9717304590012645,None,None,,,,,,,,,,,0,372,372,513,518.3470998749981,,,,,,,,,,,,,,,,,,,,,,,,,,,,,,,,,,,,,,,,,,,,,,,,,,,,,,,518.3386244159992,518.3470998749981,518.8314599160003,518.8314599160003,518.9036626249945,518.9036626249945,519.3238404160002,left,0.9717304590012645,None,519.3239389999944,519.3239963749947,None,,,,,,,,,,,,21049996,0,2025-10-20_13h42.01.136,tilt_mocs,2024.2.4,120.22253239129209,2025-10-20 13h42.12.817192 -0400,
-2.0,0.0,,373,373,0,,,,,,,,,,m3,noss,0,left,0.9309316250000848,None,None,,,,,,,,,,,0,373,373,563,519.334163624997,,,,,,,,,,,,,,,,,,,,,,,,,,,,,,,,,,,,,,,,,,,,,,,,,,,,,,,519.3258801249976,519.334163624997,519.8238229159979,519.8238229159979,519.8985379160004,519.8985379160004,520.2676332080009,left,0.9309316250000848,None,520.2677687079995,520.2678267909941,None,,,,,,,,,,,,21049996,0,2025-10-20_13h42.01.136,tilt_mocs,2024.2.4,120.22253239129209,2025-10-20 13h42.12.817192 -0400,
0.5,0.0,,374,374,0,,,,,,,,,,p1,noss,0,left,0.8642506670003058,None,None,,,,,,,,,,,0,374,374,650,520.2782473749976,,,,,,,,,,,,,,,,,,,,,,,,,,,,,,,,,,,,,,,,,,,,,,,,,,,,,,,520.2702559159952,520.2782473749976,520.7647232909949,520.7647232909949,520.8371334159965,520.8371334159965,521.1505460409971,left,0.8642506670003058,None,521.1506462909965,521.1506896659994,None,,,,,,,,,,,,21049996,0,2025-10-20_13h42.01.136,tilt_mocs,2024.2.4,120.22253239129209,2025-10-20 13h42.12.817192 -0400,
-4.625,-15.0,,375,375,0,,,,,,,,,,m1,negs,100,left,0.9435352919972502,None,None,,,,,,,,,,,0,375,375,387,521.1602286659981,,,,,,,,,,,,,,,,,,,,,,,,,,,,,,,,,,,,,,,,,,,,,,,,,,,,,,,521.1526305410007,521.1602286659981,521.6483087499946,521.6483087499946,521.7203891249956,521.7203891249956,522.1075291659945,left,0.9435352919972502,None,522.1076551250007,522.1077103329953,None,,,,,,,,,,,,21049996,0,2025-10-20_13h42.01.136,tilt_mocs,2024.2.4,120.22253239129209,2025-10-20 13h42.12.817192 -0400,
1.5,15.0,,376,376,0,,,,,,,,,,m2,poss,100,left,0.9360041249965434,None,None,,,,,,,,,,,0,376,376,49,522.1176962499958,,,,,,,,,,,,,,,,,,,,,,,,,,,,,,,,,,,,,,,,,,,,,,,,,,,,,,,522.1098552909971,522.1176962499958,522.6072784999997,522.6072784999997,522.6819422080007,522.6819422080007,523.0567734159995,left,0.9360041249965434,None,523.0569158329963,523.0569734999954,None,,,,,,,,,,,,21049996,0,2025-10-20_13h42.01.136,tilt_mocs,2024.2.4,120.22253239129209,2025-10-20 13h42.12.817192 -0400,
-3.625,-15.0,,377,377,0,,,,,,,,,,p1,negs,100,left,0.903784000001906,None,None,,,,,,,,,,,0,377,377,442,523.0674539579995,,,,,,,,,,,,,,,,,,,,,,,,,,,,,,,,,,,,,,,,,,,,,,,,,,,,,,,523.0591959999947,523.0674539579995,523.5572964159946,523.5572964159946,523.6319232499955,523.6319232499955,523.9739470829954,left,0.903784000001906,None,523.9740461659967,523.9740886660002,None,,,,,,,,,,,,21049996,0,2025-10-20_13h42.01.136,tilt_mocs,2024.2.4,120.22253239129209,2025-10-20 13h42.12.817192 -0400,
-5.125,-15.0,,378,378,0,,,,,,,,,,m2,negs,100,left,1.1887457909979275,None,None,,,,,,,,,,,0,378,378,332,523.9842303749974,,,,,,,,,,,,,,,,,,,,,,,,,,,,,,,,,,,,,,,,,,,,,,,,,,,,,,,523.9759612909984,523.9842303749974,524.4739813329943,524.4739813329943,524.5487382079955,524.5487382079955,525.1846073329943,left,1.1887457909979275,None,525.1848473329956,525.1849672079989,None,,,,,,,,,,,,21049996,0,2025-10-20_13h42.01.136,tilt_mocs,2024.2.4,120.22253239129209,2025-10-20 13h42.12.817192 -0400,
-4.625,-15.0,,379,379,0,,,,,,,,,,m1,negs,100,left,1.370331707999867,None,None,,,,,,,,,,,0,379,379,396,525.1959119159947,,,,,,,,,,,,,,,,,,,,,,,,,,,,,,,,,,,,,,,,,,,,,,,,,,,,,,,525.1875054159973,525.1959119159947,525.6815176249947,525.6815176249947,525.7550279159987,525.7550279159987,526.5770212909993,left,1.370331707999867,None,526.5771211659958,526.5771656659999,None,,,,,,,,,,,,21049996,0,2025-10-20_13h42.01.136,tilt_mocs,2024.2.4,120.22253239129209,2025-10-20 13h42.12.817192 -0400,
2.5,15.0,,380,380,0,,,,,,,,,,PSE,poss,100,left,1.022053083004721,None,None,,,,,,,,,,,0,380,380,146,526.5841917910002,,,,,,,,,,,,,,,,,,,,,,,,,,,,,,,,,,,,,,,,,,,,,,,,,,,,,,,526.5790643750006,526.5841917910002,527.0738828329995,527.0738828329995,527.1487882500005,527.1487882500005,527.6175875409972,left,1.022053083004721,None,527.6177136659971,527.6177567909981,None,,,,,,,,,,,,21049996,0,2025-10-20_13h42.01.136,tilt_mocs,2024.2.4,120.22253239129209,2025-10-20 13h42.12.817192 -0400,
-4.125,-15.0,,381,381,0,,,,,,,,,,PSE,negs,100,left,0.9610527080003521,None,None,,,,,,,,,,,0,381,381,418,527.6274124159972,,,,,,,,,,,,,,,,,,,,,,,,,,,,,,,,,,,,,,,,,,,,,,,,,,,,,,,527.6196023329976,527.6274124159972,528.1150675829995,528.1150675829995,528.1863557909965,528.1863557909965,528.5989998329969,left,0.9610527080003521,None,528.5991002499941,528.5991442909944,None,,,,,,,,,,,,21049996,0,2025-10-20_13h42.01.136,tilt_mocs,2024.2.4,120.22253239129209,2025-10-20 13h42.12.817192 -0400,
2.0,0.0,,382,382,0,,,,,,,,,,p3,noss,0,left,0.9977472079990548,None,None,,,,,,,,,,,0,382,382,695,528.6063138329991,,,,,,,,,,,,,,,,,,,,,,,,,,,,,,,,,,,,,,,,,,,,,,,,,,,,,,,528.601023915995,528.6063138329991,529.0906347079945,529.0906347079945,529.1656580409981,529.1656580409981,529.6071068749952,left,0.9977472079990548,None,529.6072455409958,529.6073020830008,None,,,,,,,,,,,,21049996,0,2025-10-20_13h42.01.136,tilt_mocs,2024.2.4,120.22253239129209,2025-10-20 13h42.12.817192 -0400,
2.0,15.0,,383,383,0,,,,,,,,,,m1,poss,100,left,1.1313217080023605,None,None,,,,,,,,,,,0,383,383,86,529.6178378330005,,,,,,,,,,,,,,,,,,,,,,,,,,,,,,,,,,,,,,,,,,,,,,,,,,,,,,,529.6093447499952,529.6178378330005,530.1079508330004,530.1079508330004,530.1824305829941,530.1824305829941,530.7516170829986,left,1.1313217080023605,None,530.7517430000007,530.7517984579972,None,,,,,,,,,,,,21049996,0,2025-10-20_13h42.01.136,tilt_mocs,2024.2.4,120.22253239129209,2025-10-20 13h42.12.817192 -0400,
-3.625,-15.0,,384,384,0,,,,,,,,,,p1,negs,100,left,1.4664252500006114,None,None,,,,,,,,,,,0,384,384,440,530.7618172910006,,,,,,,,,,,,,,,,,,,,,,,,,,,,,,,,,,,,,,,,,,,,,,,,,,,,,,,530.7537838749995,530.7618172910006,531.2483510409947,531.2483510409947,531.3215962079994,531.3215962079994,532.234324332996,left,1.4664252500006114,None,532.2344239159938,532.2344686249999,None,,,,,,,,,,,,21049996,0,2025-10-20_13h42.01.136,tilt_mocs,2024.2.4,120.22253239129209,2025-10-20 13h42.12.817192 -0400,
-3.625,-15.0,,385,385,0,,,,,,,,,,p1,negs,100,left,0.9141740000050049,None,None,,,,,,,,,,,0,385,385,460,532.244782791,,,,,,,,,,,,,,,,,,,,,,,,,,,,,,,,,,,,,,,,,,,,,,,,,,,,,,,532.236854540999,532.244782791,532.7318470829996,532.7318470829996,532.8056593750007,532.8056593750007,533.168311124995,left,0.9141740000050049,None,533.1685401249997,533.168654000001,None,,,,,,,,,,,,21049996,0,2025-10-20_13h42.01.136,tilt_mocs,2024.2.4,120.22253239129209,2025-10-20 13h42.12.817192 -0400,
-3.625,-15.0,,386,386,0,,,,,,,,,,p1,negs,100,left,1.0748442090043682,None,None,,,,,,,,,,,0,386,386,452,533.1791623329991,,,,,,,,,,,,,,,,,,,,,,,,,,,,,,,,,,,,,,,,,,,,,,,,,,,,,,,533.1710466660006,533.1791623329991,533.6652493750007,533.6652493750007,533.7378408329969,533.7378408329969,534.2566404159952,left,1.0748442090043682,None,534.2567620829941,534.2568162079988,None,,,,,,,,,,,,21049996,0,2025-10-20_13h42.01.136,tilt_mocs,2024.2.4,120.22253239129209,2025-10-20 13h42.12.817192 -0400,
0.5,0.0,,387,387,0,,,,,,,,,,p1,noss,0,right,1.3667243750023772,None,None,,,,,,,,,,,0,387,387,654,534.2675734160002,,,,,,,,,,,,,,,,,,,,,,,,,,,,,,,,,,,,,,,,,,,,,,,,,,,,,,,534.2587964159975,534.2675734160002,534.758278082998,534.758278082998,534.8323577080009,534.8323577080009,535.6409477499983,right,1.3667243750023772,None,535.6410501659993,535.6410988749994,None,,,,,,,,,,,,21049996,0,2025-10-20_13h42.01.136,tilt_mocs,2024.2.4,120.22253239129209,2025-10-20 13h42.12.817192 -0400,
-5.125,-15.0,,388,388,0,,,,,,,,,,m2,negs,100,left,1.0045441660040524,None,None,,,,,,,,,,,0,388,388,344,535.6512942499976,,,,,,,,,,,,,,,,,,,,,,,,,,,,,,,,,,,,,,,,,,,,,,,,,,,,,,,535.6430038749968,535.6512942499976,536.1402985829991,536.1402985829991,536.2158632499995,536.2158632499995,536.6682156659954,left,1.0045441660040524,None,536.6683729159995,536.6684338329942,None,,,,,,,,,,,,21049996,0,2025-10-20_13h42.01.136,tilt_mocs,2024.2.4,120.22253239129209,2025-10-20 13h42.12.817192 -0400,
-5.125,-15.0,,389,389,0,,,,,,,,,,m2,negs,100,left,1.0365569999994477,None,None,,,,,,,,,,,0,389,389,324,536.6797894159972,,,,,,,,,,,,,,,,,,,,,,,,,,,,,,,,,,,,,,,,,,,,,,,,,,,,,,,536.6713343749943,536.6797894159972,537.1653417499983,537.1653417499983,537.2376153749938,537.2376153749938,537.7272932079941,left,1.0365569999994477,None,537.7273932079988,537.7274378750008,None,,,,,,,,,,,,21049996,0,2025-10-20_13h42.01.136,tilt_mocs,2024.2.4,120.22253239129209,2025-10-20 13h42.12.817192 -0400,
3.0,15.0,,390,390,0,,,,,,,,,,p1,poss,100,left,1.2081882499987842,None,None,,,,,,,,,,,0,390,390,179,537.7349627079966,,,,,,,,,,,,,,,,,,,,,,,,,,,,,,,,,,,,,,,,,,,,,,,,,,,,,,,537.7293390409977,537.7349627079966,538.2248419579992,538.2248419579992,538.2992318749966,538.2992318749966,538.9516989580006,left,1.2081882499987842,None,538.9519789999977,538.9520849580003,None,,,,,,,,,,,,21049996,0,2025-10-20_13h42.01.136,tilt_mocs,2024.2.4,120.22253239129209,2025-10-20 13h42.12.817192 -0400,
3.5,15.0,,391,391,0,,,,,,,,,,p2,poss,100,left,1.153281999999308,None,None,,,,,,,,,,,0,391,391,205,538.9626854999951,,,,,,,,,,,,,,,,,,,,,,,,,,,,,,,,,,,,,,,,,,,,,,,,,,,,,,,538.9544347080009,538.9626854999951,539.4487926660004,539.4487926660004,539.5224448329973,539.5224448329973,540.119013208001,left,1.153281999999308,None,540.1192392909943,540.1193298329963,None,,,,,,,,,,,,21049996,0,2025-10-20_13h42.01.136,tilt_mocs,2024.2.4,120.22253239129209,2025-10-20 13h42.12.817192 -0400,
-3.125,-15.0,,392,392,0,,,,,,,,,,p2,negs,100,left,1.0562552920018788,None,None,,,,,,,,,,,0,392,392,512,540.1298587499987,,,,,,,,,,,,,,,,,,,,,,,,,,,,,,,,,,,,,,,,,,,,,,,,,,,,,,,540.1217197910009,540.1298587499987,540.6155183749943,540.6155183749943,540.6875420409997,540.6875420409997,541.1913697499986,left,1.0562552920018788,None,541.1914844159983,541.1915279579989,None,,,,,,,,,,,,21049996,0,2025-10-20_13h42.01.136,tilt_mocs,2024.2.4,120.22253239129209,2025-10-20 13h42.12.817192 -0400,
4.5,15.0,,393,393,0,,,,,,,,,,p3,poss,100,right,1.0943467920005787,None,None,,,,,,,,,,,0,393,393,258,541.2017059999998,,,,,,,,,,,,,,,,,,,,,,,,,,,,,,,,,,,,,,,,,,,,,,,,,,,,,,,541.1933958329973,541.2017059999998,541.691044332998,541.691044332998,541.7661370829956,541.7661370829956,542.3016435829995,right,1.0943467920005787,None,542.3017976659976,542.3018600829964,None,,,,,,,,,,,,21049996,0,2025-10-20_13h42.01.136,tilt_mocs,2024.2.4,120.22253239129209,2025-10-20 13h42.12.817192 -0400,
2.0,0.0,,394,394,0,,,,,,,,,,p3,noss,0,right,0.8192498749995138,None,None,,,,,,,,,,,0,394,394,687,542.3125815409949,,,,,,,,,,,,,,,,,,,,,,,,,,,,,,,,,,,,,,,,,,,,,,,,,,,,,,,542.3044848749996,542.3125815409949,542.7989417909994,542.7989417909994,542.8711778329962,542.8711778329962,543.1348378330003,right,0.8192498749995138,None,543.1349619999964,543.1350171659942,None,,,,,,,,,,,,21049996,0,2025-10-20_13h42.01.136,tilt_mocs,2024.2.4,120.22253239129209,2025-10-20 13h42.12.817192 -0400,
0.5,15.0,,395,395,0,,,,,,,,,,m3,poss,100,left,1.216090833004273,None,None,,,,,,,,,,,0,395,395,25,543.1451646659989,,,,,,,,,,,,,,,,,,,,,,,,,,,,,,,,,,,,,,,,,,,,,,,,,,,,,,,543.1371789159966,543.1451646659989,543.6323851249981,543.6323851249981,543.704759207998,543.704759207998,544.3684044159963,left,1.216090833004273,None,544.3685642079945,544.3686283329953,None,,,,,,,,,,,,21049996,0,2025-10-20_13h42.01.136,tilt_mocs,2024.2.4,120.22253239129209,2025-10-20 13h42.12.817192 -0400,
-4.125,-15.0,,396,396,0,,,,,,,,,,PSE,negs,100,left,0.9490006659980281,None,None,,,,,,,,,,,0,396,396,403,544.3792988329951,,,,,,,,,,,,,,,,,,,,,,,,,,,,,,,,,,,,,,,,,,,,,,,,,,,,,,,544.3712585409958,544.3792988329951,544.8656702909939,544.8656702909939,544.9385730829963,544.9385730829963,545.3348944999962,left,0.9490006659980281,None,545.3350232499943,545.3350785410003,None,,,,,,,,,,,,21049996,0,2025-10-20_13h42.01.136,tilt_mocs,2024.2.4,120.22253239129209,2025-10-20 13h42.12.817192 -0400,
-4.625,-15.0,,397,397,0,,,,,,,,,,m1,negs,100,left,0.8787765419983771,None,None,,,,,,,,,,,0,397,397,376,545.345676207995,,,,,,,,,,,,,,,,,,,,,,,,,,,,,,,,,,,,,,,,,,,,,,,,,,,,,,,545.3373028329952,545.345676207995,545.8322847909949,545.8322847909949,545.904784499995,545.904784499995,546.2353455829943,left,0.8787765419983771,None,546.2355002080003,546.2355559999996,None,,,,,,,,,,,,21049996,0,2025-10-20_13h42.01.136,tilt_mocs,2024.2.4,120.22253239129209,2025-10-20 13h42.12.817192 -0400,
-4.625,-15.0,,398,398,0,,,,,,,,,,m1,negs,100,left,0.8504449169995496,None,None,,,,,,,,,,,0,398,398,380,546.2453754159942,,,,,,,,,,,,,,,,,,,,,,,,,,,,,,,,,,,,,,,,,,,,,,,,,,,,,,,546.2374630409977,546.2453754159942,546.7325783749984,546.7325783749984,546.804854957998,546.804854957998,547.1014759579994,left,0.8504449169995496,None,547.101575582994,547.1016199160003,None,,,,,,,,,,,,21049996,0,2025-10-20_13h42.01.136,tilt_mocs,2024.2.4,120.22253239129209,2025-10-20 13h42.12.817192 -0400,
2.5,15.0,,399,399,0,,,,,,,,,,PSE,poss,100,left,0.8783077499974752,None,None,,,,,,,,,,,0,399,399,143,547.1115338329982,,,,,,,,,,,,,,,,,,,,,,,,,,,,,,,,,,,,,,,,,,,,,,,,,,,,,,,547.1035477499972,547.1115338329982,547.5990065000005,547.5990065000005,547.6714534579951,547.6714534579951,548.0015689159991,left,0.8783077499974752,None,548.0016911659986,548.0017455829948,None,,,,,,,,,,,,21049996,0,2025-10-20_13h42.01.136,tilt_mocs,2024.2.4,120.22253239129209,2025-10-20 13h42.12.817192 -0400,
2.0,0.0,,400,400,0,,,,,,,,,,p3,noss,0,left,1.0537195840006461,None,None,,,,,,,,,,,0,400,400,691,548.0120581249939,,,,,,,,,,,,,,,,,,,,,,,,,,,,,,,,,,,,,,,,,,,,,,,,,,,,,,,548.0041563749983,548.0120581249939,548.499187458001,548.499187458001,548.5722704579966,548.5722704579966,549.0683564999999,left,1.0537195840006461,None,549.0684588750009,549.0685025829953,None,,,,,,,,,,,,21049996,0,2025-10-20_13h42.01.136,tilt_mocs,2024.2.4,120.22253239129209,2025-10-20 13h42.12.817192 -0400,
3.0,15.0,,401,401,0,,,,,,,,,,p1,poss,100,left,1.170843292005884,None,None,,,,,,,,,,,0,401,401,198,549.0784093749971,,,,,,,,,,,,,,,,,,,,,,,,,,,,,,,,,,,,,,,,,,,,,,,,,,,,,,,549.0703883329988,549.0784093749971,549.565762582999,549.565762582999,549.6385269159946,549.6385269159946,550.251712665995,left,1.170843292005884,None,550.251810624999,550.251866999999,None,,,,,,,,,,,,21049996,0,2025-10-20_13h42.01.136,tilt_mocs,2024.2.4,120.22253239129209,2025-10-20 13h42.12.817192 -0400,
-5.125,-15.0,,402,402,0,,,,,,,,,,m2,negs,100,left,1.0244068750034785,None,None,,,,,,,,,,,0,402,402,341,550.2617607079956,,,,,,,,,,,,,,,,,,,,,,,,,,,,,,,,,,,,,,,,,,,,,,,,,,,,,,,550.2537347909965,550.2617607079956,550.7490528329945,550.7490528329945,550.821494207994,550.821494207994,551.2898726659987,left,1.0244068750034785,None,551.2899682079951,551.2900103329957,None,,,,,,,,,,,,21049996,0,2025-10-20_13h42.01.136,tilt_mocs,2024.2.4,120.22253239129209,2025-10-20 13h42.12.817192 -0400,
2.0,15.0,,403,403,0,,,,,,,,,,m1,poss,100,left,0.9159884170003352,None,None,,,,,,,,,,,0,403,403,113,551.3000668749955,,,,,,,,,,,,,,,,,,,,,,,,,,,,,,,,,,,,,,,,,,,,,,,,,,,,,,,551.2918935829948,551.3000668749955,551.7914221659958,551.7914221659958,551.8664404579977,551.8664404579977,552.2187946249978,left,0.9159884170003352,None,552.2189253749966,552.2189818330007,None,,,,,,,,,,,,21049996,0,2025-10-20_13h42.01.136,tilt_mocs,2024.2.4,120.22253239129209,2025-10-20 13h42.12.817192 -0400,
-3.125,-15.0,,404,404,0,,,,,,,,,,p2,negs,100,left,1.0130924170007347,None,None,,,,,,,,,,,0,404,404,505,552.2294849579994,,,,,,,,,,,,,,,,,,,,,,,,,,,,,,,,,,,,,,,,,,,,,,,,,,,,,,,552.2212353750001,552.2294849579994,552.7159065409942,552.7159065409942,552.7881968750007,552.7881968750007,553.2515017499973,left,1.0130924170007347,None,553.2516143329995,553.2516599579976,None,,,,,,,,,,,,21049996,0,2025-10-20_13h42.01.136,tilt_mocs,2024.2.4,120.22253239129209,2025-10-20 13h42.12.817192 -0400,
-5.125,-15.0,,405,405,0,,,,,,,,,,m2,negs,100,left,1.1440042079993873,None,None,,,,,,,,,,,0,405,405,352,553.261146290999,,,,,,,,,,,,,,,,,,,,,,,,,,,,,,,,,,,,,,,,,,,,,,,,,,,,,,,553.2535612079955,553.261146290999,553.7585030409973,553.7585030409973,553.8329528749964,553.8329528749964,554.4075955410008,left,1.1440042079993873,None,554.4076944999979,554.4077373330001,None,,,,,,,,,,,,21049996,0,2025-10-20_13h42.01.136,tilt_mocs,2024.2.4,120.22253239129209,2025-10-20 13h42.12.817192 -0400,
2.0,15.0,,406,406,0,,,,,,,,,,m1,poss,100,left,1.0183894580040942,None,None,,,,,,,,,,,0,406,406,80,554.4177857079994,,,,,,,,,,,,,,,,,,,,,,,,,,,,,,,,,,,,,,,,,,,,,,,,,,,,,,,554.4096346250008,554.4177857079994,554.9092162079978,554.9092162079978,554.9831185410003,554.9831185410003,555.4406308329999,left,1.0183894580040942,None,555.4407275409976,555.4407750829996,None,,,,,,,,,,,,21049996,0,2025-10-20_13h42.01.136,tilt_mocs,2024.2.4,120.22253239129209,2025-10-20 13h42.12.817192 -0400,
-5.125,-15.0,,407,407,0,,,,,,,,,,m2,negs,100,left,1.1816556670019054,None,None,,,,,,,,,,,0,407,407,331,555.4515984579994,,,,,,,,,,,,,,,,,,,,,,,,,,,,,,,,,,,,,,,,,,,,,,,,,,,,,,,555.442660749999,555.4515984579994,555.942310665996,555.942310665996,556.016499749996,556.016499749996,556.6359007079955,left,1.1816556670019054,None,556.636054249997,556.6361244159998,None,,,,,,,,,,,,21049996,0,2025-10-20_13h42.01.136,tilt_mocs,2024.2.4,120.22253239129209,2025-10-20 13h42.12.817192 -0400,
2.0,15.0,,408,408,0,,,,,,,,,,m1,poss,100,left,1.15030312500312,None,None,,,,,,,,,,,0,408,408,87,556.6461143329943,,,,,,,,,,,,,,,,,,,,,,,,,,,,,,,,,,,,,,,,,,,,,,,,,,,,,,,556.6384697499961,556.6461143329943,557.1326727909982,557.1326727909982,557.2058092909938,557.2058092909938,557.8021483749981,left,1.15030312500312,None,557.8023278330002,557.802384290997,None,,,,,,,,,,,,21049996,0,2025-10-20_13h42.01.136,tilt_mocs,2024.2.4,120.22253239129209,2025-10-20 13h42.12.817192 -0400,
1.5,15.0,,409,409,0,,,,,,,,,,m2,poss,100,right,1.057046417001402,None,None,,,,,,,,,,,0,409,409,52,557.8130641249954,,,,,,,,,,,,,,,,,,,,,,,,,,,,,,,,,,,,,,,,,,,,,,,,,,,,,,,557.8049624159976,557.8130641249954,558.2983898329985,558.2983898329985,558.3708552499957,558.3708552499957,558.8737677909958,right,1.057046417001402,None,558.8738692080005,558.8739232909938,None,,,,,,,,,,,,21049996,0,2025-10-20_13h42.01.136,tilt_mocs,2024.2.4,120.22253239129209,2025-10-20 13h42.12.817192 -0400,
0.5,15.0,,410,410,0,,,,,,,,,,m3,poss,100,left,1.124748082998849,None,None,,,,,,,,,,,0,410,410,16,558.8996177499939,,,,,,,,,,,,,,,,,,,,,,,,,,,,,,,,,,,,,,,,,,,,,,,,,,,,,,,558.8757953329987,558.8996177499939,559.3752762910008,559.3752762910008,559.4500125829945,559.4500125829945,560.0354147909966,left,1.124748082998849,None,560.0355187909954,560.0355639579939,None,,,,,,,,,,,,21049996,0,2025-10-20_13h42.01.136,tilt_mocs,2024.2.4,120.22253239129209,2025-10-20 13h42.12.817192 -0400,
-4.625,-15.0,,411,411,0,,,,,,,,,,m1,negs,100,left,1.3992436660046224,None,None,,,,,,,,,,,0,411,411,388,560.0453317909996,,,,,,,,,,,,,,,,,,,,,,,,,,,,,,,,,,,,,,,,,,,,,,,,,,,,,,,560.0374451249954,560.0453317909996,560.5328567499964,560.5328567499964,560.6047974999965,560.6047974999965,561.4521487079983,left,1.3992436660046224,None,561.4522739159947,561.452328583,None,,,,,,,,,,,,21049996,0,2025-10-20_13h42.01.136,tilt_mocs,2024.2.4,120.22253239129209,2025-10-20 13h42.12.817192 -0400,
1.5,15.0,,412,412,0,,,,,,,,,,m2,poss,100,right,1.4936527910031145,None,None,,,,,,,,,,,0,412,412,73,561.4627138329961,,,,,,,,,,,,,,,,,,,,,,,,,,,,,,,,,,,,,,,,,,,,,,,,,,,,,,,561.4547065000006,561.4627138329961,561.9495088749973,561.9495088749973,562.0222565829972,562.0222565829972,562.958767707998,right,1.4936527910031145,None,562.9588688329968,562.9589131659959,None,,,,,,,,,,,,21049996,0,2025-10-20_13h42.01.136,tilt_mocs,2024.2.4,120.22253239129209,2025-10-20 13h42.12.817192 -0400,
-3.125,-15.0,,413,413,0,,,,,,,,,,p2,negs,100,right,1.0422287920009694,None,None,,,,,,,,,,,0,413,413,491,562.969034624999,,,,,,,,,,,,,,,,,,,,,,,,,,,,,,,,,,,,,,,,,,,,,,,,,,,,,,,562.9608159579948,562.969034624999,563.4583620829944,563.4583620829944,563.5334783750004,563.5334783750004,564.0188974999983,right,1.0422287920009694,None,564.0190236659982,564.0190777909957,None,,,,,,,,,,,,21049996,0,2025-10-20_13h42.01.136,tilt_mocs,2024.2.4,120.22253239129209,2025-10-20 13h42.12.817192 -0400,
0.5,15.0,,414,414,0,,,,,,,,,,m3,poss,100,right,1.1990979999973206,None,None,,,,,,,,,,,0,414,414,30,564.0291164999944,,,,,,,,,,,,,,,,,,,,,,,,,,,,,,,,,,,,,,,,,,,,,,,,,,,,,,,564.0211314159969,564.0291164999944,564.5163224579956,564.5163224579956,564.588932832994,564.588932832994,565.2356644159954,right,1.1990979999973206,None,565.2357912909938,565.235844625,None,,,,,,,,,,,,21049996,0,2025-10-20_13h42.01.136,tilt_mocs,2024.2.4,120.22253239129209,2025-10-20 13h42.12.817192 -0400,
-6.125,-15.0,,415,415,0,,,,,,,,,,m3,negs,100,left,1.2792725000035716,None,None,,,,,,,,,,,0,415,415,292,565.2458946659972,,,,,,,,,,,,,,,,,,,,,,,,,,,,,,,,,,,,,,,,,,,,,,,,,,,,,,,565.2378289579938,565.2458946659972,565.7323339579962,565.7323339579962,565.805085,565.805085,566.535667624994,left,1.2792725000035716,None,566.5357904579942,566.5358453329973,None,,,,,,,,,,,,21049996,0,2025-10-20_13h42.01.136,tilt_mocs,2024.2.4,120.22253239129209,2025-10-20 13h42.12.817192 -0400,
-2.0,0.0,,416,416,0,,,,,,,,,,m3,noss,0,right,1.4222169169952394,None,None,,,,,,,,,,,0,416,416,574,566.5458179579946,,,,,,,,,,,,,,,,,,,,,,,,,,,,,,,,,,,,,,,,,,,,,,,,,,,,,,,566.5378177909952,566.5458179579946,567.0333272499993,567.0333272499993,567.1065500830009,567.1065500830009,567.9743160829967,right,1.4222169169952394,None,567.9744390829946,567.9744952909969,None,,,,,,,,,,,,21049996,0,2025-10-20_13h42.01.136,tilt_mocs,2024.2.4,120.22253239129209,2025-10-20 13h42.12.817192 -0400,
2.5,15.0,,417,417,0,,,,,,,,,,PSE,poss,100,right,0.9694717079983093,None,None,,,,,,,,,,,0,417,417,145,567.9999820409939,,,,,,,,,,,,,,,,,,,,,,,,,,,,,,,,,,,,,,,,,,,,,,,,,,,,,,,567.9765219580004,567.9999820409939,568.4753975409985,568.4753975409985,568.5500940409984,568.5500940409984,568.9757207079965,right,0.9694717079983093,None,568.975848874994,568.9759072909947,None,,,,,,,,,,,,21049996,0,2025-10-20_13h42.01.136,tilt_mocs,2024.2.4,120.22253239129209,2025-10-20 13h42.12.817192 -0400,
-5.125,-15.0,,418,418,0,,,,,,,,,,m2,negs,100,right,0.9873837499981164,None,None,,,,,,,,,,,0,418,418,355,568.9863471659992,,,,,,,,,,,,,,,,,,,,,,,,,,,,,,,,,,,,,,,,,,,,,,,,,,,,,,,568.9783232499976,568.9863471659992,569.4760060409972,569.4760060409972,569.5503628749939,569.5503628749939,569.9858201249954,right,0.9873837499981164,None,569.985943707994,569.985998832999,None,,,,,,,,,,,,21049996,0,2025-10-20_13h42.01.136,tilt_mocs,2024.2.4,120.22253239129209,2025-10-20 13h42.12.817192 -0400,
-3.125,-15.0,,419,419,0,,,,,,,,,,p2,negs,100,right,0.9287639579997631,None,None,,,,,,,,,,,0,419,419,508,569.9958334999974,,,,,,,,,,,,,,,,,,,,,,,,,,,,,,,,,,,,,,,,,,,,,,,,,,,,,,,569.9879184579986,569.9958334999974,570.4832481659978,570.4832481659978,570.5553630829963,570.5553630829963,570.9358675830008,right,0.9287639579997631,None,570.9359935409957,570.9360488749953,None,,,,,,,,,,,,21049996,0,2025-10-20_13h42.01.136,tilt_mocs,2024.2.4,120.22253239129209,2025-10-20 13h42.12.817192 -0400,
4.5,15.0,,420,420,0,,,,,,,,,,p3,poss,100,right,0.943291000003228,None,None,,,,,,,,,,,0,420,420,253,570.9462593749995,,,,,,,,,,,,,,,,,,,,,,,,,,,,,,,,,,,,,,,,,,,,,,,,,,,,,,,570.9382354579939,570.9462593749995,571.4333207079981,571.4333207079981,571.5052221660007,571.5052221660007,571.9005587909996,right,0.943291000003228,None,571.9006644999972,571.9007072909953,None,,,,,,,,,,,,21049996,0,2025-10-20_13h42.01.136,tilt_mocs,2024.2.4,120.22253239129209,2025-10-20 13h42.12.817192 -0400,
-5.125,-15.0,,421,421,0,,,,,,,,,,m2,negs,100,right,1.1760953339980915,None,None,,,,,,,,,,,0,421,421,325,571.9078747909953,,,,,,,,,,,,,,,,,,,,,,,,,,,,,,,,,,,,,,,,,,,,,,,,,,,,,,,571.9026360829957,571.9078747909953,572.3919017499938,572.3919017499938,572.4671376659971,572.4671376659971,573.086554124995,right,1.1760953339980915,None,573.0867069999949,573.0867647909981,None,,,,,,,,,,,,21049996,0,2025-10-20_13h42.01.136,tilt_mocs,2024.2.4,120.22253239129209,2025-10-20 13h42.12.817192 -0400,
-4.125,-15.0,,422,422,0,,,,,,,,,,PSE,negs,100,right,1.0596315420043538,None,None,,,,,,,,,,,0,422,422,426,573.0978432499978,,,,,,,,,,,,,,,,,,,,,,,,,,,,,,,,,,,,,,,,,,,,,,,,,,,,,,,573.0893258329961,573.0978432499978,573.5832670409945,573.5832670409945,573.6561870000005,573.6561870000005,574.1691772079939,right,1.0596315420043538,None,574.1692991659947,574.1693532909994,None,,,,,,,,,,,,21049996,0,2025-10-20_13h42.01.136,tilt_mocs,2024.2.4,120.22253239129209,2025-10-20 13h42.12.817192 -0400,
1.5,15.0,,423,423,0,,,,,,,,,,m2,poss,100,right,0.8777049999989686,None,None,,,,,,,,,,,0,423,423,63,574.1797334160001,,,,,,,,,,,,,,,,,,,,,,,,,,,,,,,,,,,,,,,,,,,,,,,,,,,,,,,574.1716755409943,574.1797334160001,574.6666686249955,574.6666686249955,574.7388056249983,574.7388056249983,575.0691918749944,right,0.8777049999989686,None,575.0693118329946,575.069364707997,None,,,,,,,,,,,,21049996,0,2025-10-20_13h42.01.136,tilt_mocs,2024.2.4,120.22253239129209,2025-10-20 13h42.12.817192 -0400,
-3.625,-15.0,,424,424,0,,,,,,,,,,p1,negs,100,right,0.9150441660021897,None,None,,,,,,,,,,,0,424,424,443,575.0794016660002,,,,,,,,,,,,,,,,,,,,,,,,,,,,,,,,,,,,,,,,,,,,,,,,,,,,,,,575.0714567079995,575.0794016660002,575.5667952910007,575.5667952910007,575.6399313750007,575.6399313750007,576.0029297500005,right,0.9150441660021897,None,576.0030902910003,576.0031521249985,None,,,,,,,,,,,,21049996,0,2025-10-20_13h42.01.136,tilt_mocs,2024.2.4,120.22253239129209,2025-10-20 13h42.12.817192 -0400,
-1.0,0.0,,425,425,0,,,,,,,,,,m2,noss,0,right,0.846033333997184,None,None,,,,,,,,,,,0,425,425,591,576.0144247499993,,,,,,,,,,,,,,,,,,,,,,,,,,,,,,,,,,,,,,,,,,,,,,,,,,,,,,,576.005933374996,576.0144247499993,576.500016375001,576.500016375001,576.572934541,576.572934541,576.8693941249949,right,0.846033333997184,None,576.8695249999946,576.8695829579956,None,,,,,,,,,,,,21049996,0,2025-10-20_13h42.01.136,tilt_mocs,2024.2.4,120.22253239129209,2025-10-20 13h42.12.817192 -0400,
-1.0,0.0,,426,426,0,,,,,,,,,,m2,noss,0,right,1.0598724169976776,None,None,,,,,,,,,,,0,426,426,598,576.8800299159993,,,,,,,,,,,,,,,,,,,,,,,,,,,,,,,,,,,,,,,,,,,,,,,,,,,,,,,576.8719300409939,576.8800299159993,577.3667076249985,577.3667076249985,577.4391812079994,577.4391812079994,577.9425357910004,right,1.0598724169976776,None,577.9426588749993,577.942714124998,None,,,,,,,,,,,,21049996,0,2025-10-20_13h42.01.136,tilt_mocs,2024.2.4,120.22253239129209,2025-10-20 13h42.12.817192 -0400,
1.5,15.0,,427,427,0,,,,,,,,,,m2,poss,100,right,0.8932373329953407,None,None,,,,,,,,,,,0,427,427,76,577.9530064999999,,,,,,,,,,,,,,,,,,,,,,,,,,,,,,,,,,,,,,,,,,,,,,,,,,,,,,,577.9450461659944,577.9530064999999,578.4429356249966,578.4429356249966,578.5169272079947,578.5169272079947,578.8528677499999,right,0.8932373329953407,None,578.8529993329939,578.8530553329983,None,,,,,,,,,,,,21049996,0,2025-10-20_13h42.01.136,tilt_mocs,2024.2.4,120.22253239129209,2025-10-20 13h42.12.817192 -0400,
0.5,15.0,,428,428,0,,,,,,,,,,m3,poss,100,right,1.2753115000014077,None,None,,,,,,,,,,,0,428,428,11,578.8634331249996,,,,,,,,,,,,,,,,,,,,,,,,,,,,,,,,,,,,,,,,,,,,,,,,,,,,,,,578.855255208,578.8634331249996,579.3503022079967,579.3503022079967,579.4225652079986,579.4225652079986,580.141283500001,right,1.2753115000014077,None,580.1413795409971,580.1414213749958,None,,,,,,,,,,,,21049996,0,2025-10-20_13h42.01.136,tilt_mocs,2024.2.4,120.22253239129209,2025-10-20 13h42.12.817192 -0400,
-3.625,-15.0,,429,429,0,,,,,,,,,,p1,negs,100,right,1.077116541993746,None,None,,,,,,,,,,,0,429,429,465,580.1670912909976,,,,,,,,,,,,,,,,,,,,,,,,,,,,,,,,,,,,,,,,,,,,,,,,,,,,,,,580.1432884999958,580.1670912909976,580.642247415999,580.642247415999,580.717264040999,580.717264040999,581.2527007499957,right,1.077116541993746,None,581.2528249579991,581.2528852079995,None,,,,,,,,,,,,21049996,0,2025-10-20_13h42.01.136,tilt_mocs,2024.2.4,120.22253239129209,2025-10-20 13h42.12.817192 -0400,
0.5,15.0,,430,430,0,,,,,,,,,,m3,poss,100,right,1.5730564580007922,None,None,,,,,,,,,,,0,430,430,3,581.2629917079976,,,,,,,,,,,,,,,,,,,,,,,,,,,,,,,,,,,,,,,,,,,,,,,,,,,,,,,581.2549438749993,581.2629917079976,581.7502008749943,581.7502008749943,581.8224867079989,581.8224867079989,582.841359207996,right,1.5730564580007922,None,582.8414789999952,582.8415481659977,None,,,,,,,,,,,,21049996,0,2025-10-20_13h42.01.136,tilt_mocs,2024.2.4,120.22253239129209,2025-10-20 13h42.12.817192 -0400,
2.0,15.0,,431,431,0,,,,,,,,,,m1,poss,100,right,1.117292916002043,None,None,,,,,,,,,,,0,431,431,81,582.8670349579988,,,,,,,,,,,,,,,,,,,,,,,,,,,,,,,,,,,,,,,,,,,,,,,,,,,,,,,582.8435670830004,582.8670349579988,583.3428024999957,583.3428024999957,583.4177704999965,583.4177704999965,583.9868535409987,right,1.117292916002043,None,583.9869920829951,583.9870512499983,None,,,,,,,,,,,,21049996,0,2025-10-20_13h42.01.136,tilt_mocs,2024.2.4,120.22253239129209,2025-10-20 13h42.12.817192 -0400,
3.5,15.0,,432,432,0,,,,,,,,,,p2,poss,100,right,1.0607509580004262,None,None,,,,,,,,,,,0,432,432,232,583.997560207994,,,,,,,,,,,,,,,,,,,,,,,,,,,,,,,,,,,,,,,,,,,,,,,,,,,,,,,583.9895441659974,583.997560207994,584.4837282499939,584.4837282499939,584.5557349160008,584.5557349160008,585.0695674999952,right,1.0607509580004262,None,585.0696667079974,585.0697162910001,None,,,,,,,,,,,,21049996,0,2025-10-20_13h42.01.136,tilt_mocs,2024.2.4,120.22253239129209,2025-10-20 13h42.12.817192 -0400,
-1.0,0.0,,433,433,0,,,,,,,,,,m2,noss,0,right,1.0050680830026977,None,None,,,,,,,,,,,0,433,433,596,585.0795766249939,,,,,,,,,,,,,,,,,,,,,,,,,,,,,,,,,,,,,,,,,,,,,,,,,,,,,,,585.0715973749975,585.0795766249939,585.5669969999944,585.5669969999944,585.6393572909947,585.6393572909947,586.0875281659974,right,1.0050680830026977,None,586.0876729999945,586.0877286249961,None,,,,,,,,,,,,21049996,0,2025-10-20_13h42.01.136,tilt_mocs,2024.2.4,120.22253239129209,2025-10-20 13h42.12.817192 -0400,
-0.5,0.0,,434,434,0,,,,,,,,,,m1,noss,0,right,1.0554191669943975,None,None,,,,,,,,,,,0,434,434,612,586.0985877079947,,,,,,,,,,,,,,,,,,,,,,,,,,,,,,,,,,,,,,,,,,,,,,,,,,,,,,,586.0900932910008,586.0985877079947,586.5830345829963,586.5830345829963,586.6677132909972,586.6677132909972,587.1592947079989,right,1.0554191669943975,None,587.1594145409981,587.159472708001,None,,,,,,,,,,,,21049996,0,2025-10-20_13h42.01.136,tilt_mocs,2024.2.4,120.22253239129209,2025-10-20 13h42.12.817192 -0400,
0.5,15.0,,435,435,0,,,,,,,,,,m3,poss,100,right,1.050443209001969,None,None,,,,,,,,,,,0,435,435,7,587.1696627499987,,,,,,,,,,,,,,,,,,,,,,,,,,,,,,,,,,,,,,,,,,,,,,,,,,,,,,,587.1614332909958,587.1696627499987,587.6601827909981,587.6601827909981,587.7343358329963,587.7343358329963,588.2253123749979,right,1.050443209001969,None,588.2254156249983,588.2254658329985,None,,,,,,,,,,,,21049996,0,2025-10-20_13h42.01.136,tilt_mocs,2024.2.4,120.22253239129209,2025-10-20 13h42.12.817192 -0400,
-0.5,0.0,,436,436,0,,,,,,,,,,m1,noss,0,right,0.9982592499945895,None,None,,,,,,,,,,,0,436,436,619,588.2362917909995,,,,,,,,,,,,,,,,,,,,,,,,,,,,,,,,,,,,,,,,,,,,,,,,,,,,,,,588.2273824999938,588.2362917909995,588.7261592079958,588.7261592079958,588.8009804159956,588.8009804159956,589.237496457994,right,0.9982592499945895,None,589.2376502080006,589.2377110829984,None,,,,,,,,,,,,21049996,0,2025-10-20_13h42.01.136,tilt_mocs,2024.2.4,120.22253239129209,2025-10-20 13h42.12.817192 -0400,
3.0,15.0,,437,437,0,,,,,,,,,,p1,poss,100,right,0.9753475409961538,None,None,,,,,,,,,,,0,437,437,169,589.2481205829972,,,,,,,,,,,,,,,,,,,,,,,,,,,,,,,,,,,,,,,,,,,,,,,,,,,,,,,589.2400091659947,589.2481205829972,589.7338768749978,589.7338768749978,589.8068439159979,589.8068439159979,590.2349772079979,right,0.9753475409961538,None,590.2350757499953,590.2351191659982,None,,,,,,,,,,,,21049996,0,2025-10-20_13h42.01.136,tilt_mocs,2024.2.4,120.22253239129209,2025-10-20 13h42.12.817192 -0400,
0.0,0.0,,438,438,0,,,,,,,,,,PSE,noss,0,right,0.8356177090026904,None,None,,,,,,,,,,,0,438,438,635,590.2425517499942,,,,,,,,,,,,,,,,,,,,,,,,,,,,,,,,,,,,,,,,,,,,,,,,,,,,,,,590.2370049579986,590.2425517499942,590.7271397500008,590.7271397500008,590.8013528329975,590.8013528329975,591.0864640829968,right,0.8356177090026904,None,591.0865892500005,591.0866454579955,None,,,,,,,,,,,,21049996,0,2025-10-20_13h42.01.136,tilt_mocs,2024.2.4,120.22253239129209,2025-10-20 13h42.12.817192 -0400,
4.5,15.0,,439,439,0,,,,,,,,,,p3,poss,100,right,1.07913495899993,None,None,,,,,,,,,,,0,439,439,263,591.0961862499971,,,,,,,,,,,,,,,,,,,,,,,,,,,,,,,,,,,,,,,,,,,,,,,,,,,,,,,591.0887056659994,591.0961862499971,591.5839880829953,591.5839880829953,591.6568777079956,591.6568777079956,592.1865132079984,right,1.07913495899993,None,592.1866372079967,592.1866920829998,None,,,,,,,,,,,,21049996,0,2025-10-20_13h42.01.136,tilt_mocs,2024.2.4,120.22253239129209,2025-10-20 13h42.12.817192 -0400,
-5.125,-15.0,,440,440,0,,,,,,,,,,m2,negs,100,left,1.1948167079972336,None,None,,,,,,,,,,,0,440,440,356,592.1969917079987,,,,,,,,,,,,,,,,,,,,,,,,,,,,,,,,,,,,,,,,,,,,,,,,,,,,,,,592.1889154159944,592.1969917079987,592.6840770409981,592.6840770409981,592.7566183329982,592.7566183329982,593.4032454159969,left,1.1948167079972336,None,593.4033719159997,593.4034270409975,None,,,,,,,,,,,,21049996,0,2025-10-20_13h42.01.136,tilt_mocs,2024.2.4,120.22253239129209,2025-10-20 13h42.12.817192 -0400,
-4.125,-15.0,,441,441,0,,,,,,,,,,PSE,negs,100,left,1.0257642090000445,None,None,,,,,,,,,,,0,441,441,431,593.4134197079984,,,,,,,,,,,,,,,,,,,,,,,,,,,,,,,,,,,,,,,,,,,,,,,,,,,,,,,593.4054932079962,593.4134197079984,593.9006466659994,593.9006466659994,593.9726119999978,593.9726119999978,594.4423042079943,left,1.0257642090000445,None,594.4424010410003,594.4424446659978,None,,,,,,,,,,,,21049996,0,2025-10-20_13h42.01.136,tilt_mocs,2024.2.4,120.22253239129209,2025-10-20 13h42.12.817192 -0400,
0.5,0.0,,442,442,0,,,,,,,,,,p1,noss,0,left,1.1312921669959906,None,None,,,,,,,,,,,0,442,442,651,594.4531412079959,,,,,,,,,,,,,,,,,,,,,,,,,,,,,,,,,,,,,,,,,,,,,,,,,,,,,,,594.444743166001,594.4531412079959,594.9423898329987,594.9423898329987,595.0179684159957,595.0179684159957,595.5869581250008,left,1.1312921669959906,None,595.5870851660002,595.5871395409995,None,,,,,,,,,,,,21049996,0,2025-10-20_13h42.01.136,tilt_mocs,2024.2.4,120.22253239129209,2025-10-20 13h42.12.817192 -0400,
0.5,15.0,,443,443,0,,,,,,,,,,m3,poss,100,left,0.9981112079985905,None,None,,,,,,,,,,,0,443,443,17,595.5970419160003,,,,,,,,,,,,,,,,,,,,,,,,,,,,,,,,,,,,,,,,,,,,,,,,,,,,,,,595.5890911249953,595.5970419160003,596.0839754999979,596.0839754999979,596.1562087909988,596.1562087909988,596.6038552909959,left,0.9981112079985905,None,596.6040129999965,596.6040766660008,None,,,,,,,,,,,,21049996,0,2025-10-20_13h42.01.136,tilt_mocs,2024.2.4,120.22253239129209,2025-10-20 13h42.12.817192 -0400,
-3.125,-15.0,,444,444,0,,,,,,,,,,p2,negs,100,left,1.1897520830025314,None,None,,,,,,,,,,,0,444,444,488,596.614477957999,,,,,,,,,,,,,,,,,,,,,,,,,,,,,,,,,,,,,,,,,,,,,,,,,,,,,,,596.6061424159998,596.614477957999,597.1008542079944,597.1008542079944,597.1732596660004,597.1732596660004,597.8090154159945,left,1.1897520830025314,None,597.8091346250003,597.8091881250002,None,,,,,,,,,,,,21049996,0,2025-10-20_13h42.01.136,tilt_mocs,2024.2.4,120.22253239129209,2025-10-20 13h42.12.817192 -0400,
-3.625,-15.0,,445,445,0,,,,,,,,,,p1,negs,100,left,1.2613225000022794,None,None,,,,,,,,,,,0,445,445,447,597.8192880409988,,,,,,,,,,,,,,,,,,,,,,,,,,,,,,,,,,,,,,,,,,,,,,,,,,,,,,,597.8112136659984,597.8192880409988,598.3099433749958,598.3099433749958,598.3848399579947,598.3848399579947,599.0866140829967,left,1.2613225000022794,None,599.0867138749963,599.0867572079951,None,,,,,,,,,,,,21049996,0,2025-10-20_13h42.01.136,tilt_mocs,2024.2.4,120.22253239129209,2025-10-20 13h42.12.817192 -0400,
-0.5,0.0,,446,446,0,,,,,,,,,,m1,noss,0,left,1.0063543330034008,None,None,,,,,,,,,,,0,446,446,616,599.0966256249958,,,,,,,,,,,,,,,,,,,,,,,,,,,,,,,,,,,,,,,,,,,,,,,,,,,,,,,599.0886549579955,599.0966256249958,599.584260040996,599.584260040996,599.6565897499968,599.6565897499968,600.109044290999,left,1.0063543330034008,None,600.1091783329975,600.1092362079944,None,,,,,,,,,,,,21049996,0,2025-10-20_13h42.01.136,tilt_mocs,2024.2.4,120.22253239129209,2025-10-20 13h42.12.817192 -0400,
-2.0,0.0,,447,447,0,,,,,,,,,,m3,noss,0,left,0.8036342920022435,None,None,,,,,,,,,,,0,447,447,561,600.1197599160005,,,,,,,,,,,,,,,,,,,,,,,,,,,,,,,,,,,,,,,,,,,,,,,,,,,,,,,600.1114204999976,600.1197599160005,600.6103777909957,600.6103777909957,600.6848292079958,600.6848292079958,600.9265175409964,left,0.8036342920022435,None,600.9266336250002,600.9266872499938,None,,,,,,,,,,,,21049996,0,2025-10-20_13h42.01.136,tilt_mocs,2024.2.4,120.22253239129209,2025-10-20 13h42.12.817192 -0400,
-6.125,-15.0,,448,448,0,,,,,,,,,,m3,negs,100,left,0.9939427499994054,None,None,,,,,,,,,,,0,448,448,307,600.9368335409963,,,,,,,,,,,,,,,,,,,,,,,,,,,,,,,,,,,,,,,,,,,,,,,,,,,,,,,600.9285500409969,600.9368335409963,601.4268411249941,601.4268411249941,601.5011277079975,601.5011277079975,601.9369906249995,left,0.9939427499994054,None,601.9370937079948,601.9371394159971,None,,,,,,,,,,,,21049996,0,2025-10-20_13h42.01.136,tilt_mocs,2024.2.4,120.22253239129209,2025-10-20 13h42.12.817192 -0400,
2.0,0.0,,449,449,0,,,,,,,,,,p3,noss,0,left,0.838026458004606,None,None,,,,,,,,,,,0,449,449,699,601.9469948749975,,,,,,,,,,,,,,,,,,,,,,,,,,,,,,,,,,,,,,,,,,,,,,,,,,,,,,,601.9390099999946,601.9469948749975,602.4343065409994,602.4343065409994,602.5063405830006,602.5063405830006,602.7874994579979,left,0.838026458004606,None,602.787609166,602.7876583749967,None,,,,,,,,,,,,21049996,0,2025-10-20_13h42.01.136,tilt_mocs,2024.2.4,120.22253239129209,2025-10-20 13h42.12.817192 -0400,
-4.125,-15.0,,450,450,0,,,,,,,,,,PSE,negs,100,left,1.0767877920006867,None,None,,,,,,,,,,,0,450,450,433,602.7977107080005,,,,,,,,,,,,,,,,,,,,,,,,,,,,,,,,,,,,,,,,,,,,,,,,,,,,,,,602.7896818329973,602.7977107080005,603.2843135829971,603.2843135829971,603.3569578329989,603.3569578329989,603.8869125829951,left,1.0767877920006867,None,603.8870469999965,603.8871028329959,None,,,,,,,,,,,,21049996,0,2025-10-20_13h42.01.136,tilt_mocs,2024.2.4,120.22253239129209,2025-10-20 13h42.12.817192 -0400,
-2.125,-15.0,,451,451,0,,,,,,,,,,p3,negs,100,left,0.9552229999972042,None,None,,,,,,,,,,,0,451,451,529,603.897225582994,,,,,,,,,,,,,,,,,,,,,,,,,,,,,,,,,,,,,,,,,,,,,,,,,,,,,,,603.8893215829958,603.897225582994,604.3843703329985,604.3843703329985,604.4573553749942,604.4573553749942,604.8635130830007,left,0.9552229999972042,None,604.8636108749997,604.8636601249964,None,,,,,,,,,,,,21049996,0,2025-10-20_13h42.01.136,tilt_mocs,2024.2.4,120.22253239129209,2025-10-20 13h42.12.817192 -0400,
1.0,0.0,,452,452,0,,,,,,,,,,p2,noss,0,left,1.1668470000004163,None,None,,,,,,,,,,,0,452,452,676,604.8703916249942,,,,,,,,,,,,,,,,,,,,,,,,,,,,,,,,,,,,,,,,,,,,,,,,,,,,,,,604.8655687909995,604.8703916249942,605.3601097079954,605.3601097079954,605.4348299579942,605.4348299579942,606.0436371249962,left,1.1668470000004163,None,606.0437587079941,606.0438146659944,None,,,,,,,,,,,,21049996,0,2025-10-20_13h42.01.136,tilt_mocs,2024.2.4,120.22253239129209,2025-10-20 13h42.12.817192 -0400,
-4.625,-15.0,,453,453,0,,,,,,,,,,m1,negs,100,left,1.0474806659985916,None,None,,,,,,,,,,,0,453,453,397,606.053964957995,,,,,,,,,,,,,,,,,,,,,,,,,,,,,,,,,,,,,,,,,,,,,,,,,,,,,,,606.0458910829984,606.053964957995,606.5432037909995,606.5432037909995,606.6184622079963,606.6184622079963,607.1039532909999,left,1.0474806659985916,None,607.104055415999,607.1040985829968,None,,,,,,,,,,,,21049996,0,2025-10-20_13h42.01.136,tilt_mocs,2024.2.4,120.22253239129209,2025-10-20 13h42.12.817192 -0400,
0.5,15.0,,454,454,0,,,,,,,,,,m3,poss,100,left,1.2604192499929923,None,None,,,,,,,,,,,0,454,454,6,607.1140021659958,,,,,,,,,,,,,,,,,,,,,,,,,,,,,,,,,,,,,,,,,,,,,,,,,,,,,,,607.1059914579964,607.1140021659958,607.6012888749974,607.6012888749974,607.6734222079976,607.6734222079976,608.3773317499945,left,1.2604192499929923,None,608.3774734580002,608.3775352909943,None,,,,,,,,,,,,21049996,0,2025-10-20_13h42.01.136,tilt_mocs,2024.2.4,120.22253239129209,2025-10-20 13h42.12.817192 -0400,
1.5,15.0,,455,455,0,,,,,,,,,,m2,poss,100,left,1.0709958329971414,None,None,,,,,,,,,,,0,455,455,64,608.3875982499958,,,,,,,,,,,,,,,,,,,,,,,,,,,,,,,,,,,,,,,,,,,,,,,,,,,,,,,608.3797743329997,608.3875982499958,608.8761884159976,608.8761884159976,608.9517484579992,608.9517484579992,609.470640624997,left,1.0709958329971414,None,609.4707688749986,609.4708246249938,None,,,,,,,,,,,,21049996,0,2025-10-20_13h42.01.136,tilt_mocs,2024.2.4,120.22253239129209,2025-10-20 13h42.12.817192 -0400,
2.5,15.0,,456,456,0,,,,,,,,,,PSE,poss,100,left,0.9925147500034655,None,None,,,,,,,,,,,0,456,456,127,609.4818846659982,,,,,,,,,,,,,,,,,,,,,,,,,,,,,,,,,,,,,,,,,,,,,,,,,,,,,,,609.4735711249959,609.4818846659982,609.9679353329993,609.9679353329993,610.041497457998,610.041497457998,610.4772052909975,left,0.9925147500034655,None,610.4773312909965,610.4773875409956,None,,,,,,,,,,,,21049996,0,2025-10-20_13h42.01.136,tilt_mocs,2024.2.4,120.22253239129209,2025-10-20 13h42.12.817192 -0400,
0.5,15.0,,457,457,0,,,,,,,,,,m3,poss,100,left,0.9155890000038198,None,None,,,,,,,,,,,0,457,457,35,610.487742665995,,,,,,,,,,,,,,,,,,,,,,,,,,,,,,,,,,,,,,,,,,,,,,,,,,,,,,,610.4796232909939,610.487742665995,610.9771235000007,610.9771235000007,611.0518505,611.0518505,611.4093350409967,left,0.9155890000038198,None,611.409455999994,611.4095107079993,None,,,,,,,,,,,,21049996,0,2025-10-20_13h42.01.136,tilt_mocs,2024.2.4,120.22253239129209,2025-10-20 13h42.12.817192 -0400,
-3.625,-15.0,,458,458,0,,,,,,,,,,p1,negs,100,left,0.8792584590046317,None,None,,,,,,,,,,,0,458,458,475,611.4196809579953,,,,,,,,,,,,,,,,,,,,,,,,,,,,,,,,,,,,,,,,,,,,,,,,,,,,,,,611.4115765409952,611.4196809579953,611.9106378329961,611.9106378329961,611.9852572909949,611.9852572909949,612.3042031250006,left,0.8792584590046317,None,612.3043287909968,612.3043824159977,None,,,,,,,,,,,,21049996,0,2025-10-20_13h42.01.136,tilt_mocs,2024.2.4,120.22253239129209,2025-10-20 13h42.12.817192 -0400,
0.5,0.0,,459,459,0,,,,,,,,,,p1,noss,0,left,1.1755778750011814,None,None,,,,,,,,,,,0,459,459,646,612.314276582998,,,,,,,,,,,,,,,,,,,,,,,,,,,,,,,,,,,,,,,,,,,,,,,,,,,,,,,612.306308457999,612.314276582998,612.8012901659968,612.8012901659968,612.8736953330008,612.8736953330008,613.4934020410001,left,1.1755778750011814,None,613.4935010409972,613.4935564999978,None,,,,,,,,,,,,21049996,0,2025-10-20_13h42.01.136,tilt_mocs,2024.2.4,120.22253239129209,2025-10-20 13h42.12.817192 -0400,
-2.0,0.0,,460,460,0,,,,,,,,,,m3,noss,0,left,0.79970350000076,None,None,,,,,,,,,,,0,460,460,579,613.503692833001,,,,,,,,,,,,,,,,,,,,,,,,,,,,,,,,,,,,,,,,,,,,,,,,,,,,,,,613.4954120409966,613.503692833001,613.9940276249981,613.9940276249981,614.0685207499992,614.0685207499992,614.3098621249956,left,0.79970350000076,None,614.309989207999,614.3100467499971,None,,,,,,,,,,,,21049996,0,2025-10-20_13h42.01.136,tilt_mocs,2024.2.4,120.22253239129209,2025-10-20 13h42.12.817192 -0400,
-3.125,-15.0,,461,461,0,,,,,,,,,,p2,negs,100,left,0.9196852919994853,None,None,,,,,,,,,,,0,461,461,499,614.3205412079988,,,,,,,,,,,,,,,,,,,,,,,,,,,,,,,,,,,,,,,,,,,,,,,,,,,,,,,614.3121471659979,614.3205412079988,614.8112639159954,614.8112639159954,614.8854367079985,614.8854367079985,615.2428426249971,left,0.9196852919994853,None,615.2429692500009,615.2430245829964,None,,,,,,,,,,,,21049996,0,2025-10-20_13h42.01.136,tilt_mocs,2024.2.4,120.22253239129209,2025-10-20 13h42.12.817192 -0400,
-2.125,-15.0,,462,462,0,,,,,,,,,,p3,negs,100,left,0.8828649999995832,None,None,,,,,,,,,,,0,462,462,522,615.2536841659967,,,,,,,,,,,,,,,,,,,,,,,,,,,,,,,,,,,,,,,,,,,,,,,,,,,,,,,615.245289874998,615.2536841659967,615.744410290994,615.744410290994,615.818661790996,615.818661790996,616.1424302909945,left,0.8828649999995832,None,616.1425516659947,616.1426070829984,None,,,,,,,,,,,,21049996,0,2025-10-20_13h42.01.136,tilt_mocs,2024.2.4,120.22253239129209,2025-10-20 13h42.12.817192 -0400,
-4.125,-15.0,,463,463,0,,,,,,,,,,PSE,negs,100,left,1.0093815410000389,None,None,,,,,,,,,,,0,463,463,401,616.1683649580009,,,,,,,,,,,,,,,,,,,,,,,,,,,,,,,,,,,,,,,,,,,,,,,,,,,,,,,616.144795207998,616.1683649580009,616.6441546659989,616.6441546659989,616.7186531249972,616.7186531249972,617.1876776659992,left,1.0093815410000389,None,617.187815499994,617.1878799159967,None,,,,,,,,,,,,21049996,0,2025-10-20_13h42.01.136,tilt_mocs,2024.2.4,120.22253239129209,2025-10-20 13h42.12.817192 -0400,
0.0,0.0,,464,464,0,,,,,,,,,,PSE,noss,0,right,1.2449154170026304,None,None,,,,,,,,,,,0,464,464,622,617.1986102499941,,,,,,,,,,,,,,,,,,,,,,,,,,,,,,,,,,,,,,,,,,,,,,,,,,,,,,,617.1902228749968,617.1986102499941,617.6847607079981,617.6847607079981,617.7582005829972,617.7582005829972,618.4544959999985,right,1.2449154170026304,None,618.4546235409944,618.4546973749966,None,,,,,,,,,,,,21049996,0,2025-10-20_13h42.01.136,tilt_mocs,2024.2.4,120.22253239129209,2025-10-20 13h42.12.817192 -0400,
0.5,0.0,,465,465,0,,,,,,,,,,p1,noss,0,right,1.0214718750066822,None,None,,,,,,,,,,,0,465,465,645,618.4648079580002,,,,,,,,,,,,,,,,,,,,,,,,,,,,,,,,,,,,,,,,,,,,,,,,,,,,,,,618.4568338329991,618.4648079580002,618.9515540409993,618.9515540409993,619.0240613749993,619.0240613749993,619.4974413749951,right,1.0214718750066822,None,619.4975469579949,619.4975954159963,None,,,,,,,,,,,,21049996,0,2025-10-20_13h42.01.136,tilt_mocs,2024.2.4,120.22253239129209,2025-10-20 13h42.12.817192 -0400,
-4.625,-15.0,,466,466,0,,,,,,,,,,m1,negs,100,right,0.9708582500024932,None,None,,,,,,,,,,,0,466,466,389,619.5040785409947,,,,,,,,,,,,,,,,,,,,,,,,,,,,,,,,,,,,,,,,,,,,,,,,,,,,,,,619.4994638749995,619.5040785409947,619.9937059160002,619.9937059160002,620.068785083,620.068785083,620.4776217909966,right,0.9708582500024932,None,620.4777469999972,620.477800749999,None,,,,,,,,,,,,21049996,0,2025-10-20_13h42.01.136,tilt_mocs,2024.2.4,120.22253239129209,2025-10-20 13h42.12.817192 -0400,
2.0,15.0,,467,467,0,,,,,,,,,,m1,poss,100,left,1.0671821659998386,None,None,,,,,,,,,,,0,467,467,111,620.4879951249968,,,,,,,,,,,,,,,,,,,,,,,,,,,,,,,,,,,,,,,,,,,,,,,,,,,,,,,620.4799978749943,620.4879951249968,620.9771650409966,620.9771650409966,621.0521605829999,621.0521605829999,621.5602398329938,left,1.0671821659998386,None,621.5603652909995,621.5604268749958,None,,,,,,,,,,,,21049996,0,2025-10-20_13h42.01.136,tilt_mocs,2024.2.4,120.22253239129209,2025-10-20 13h42.12.817192 -0400,
-3.125,-15.0,,468,468,0,,,,,,,,,,p2,negs,100,left,1.7242712500010384,None,None,,,,,,,,,,,0,468,468,515,621.5707948749987,,,,,,,,,,,,,,,,,,,,,,,,,,,,,,,,,,,,,,,,,,,,,,,,,,,,,,,621.5624887499944,621.5707948749987,622.0607759159975,622.0607759159975,622.1355359579975,622.1355359579975,623.3045427079996,left,1.7242712500010384,None,623.3046657499945,623.3047190829966,None,,,,,,,,,,,,21049996,0,2025-10-20_13h42.01.136,tilt_mocs,2024.2.4,120.22253239129209,2025-10-20 13h42.12.817192 -0400,
-3.125,-15.0,,469,469,0,,,,,,,,,,p2,negs,100,right,1.021220540998911,None,None,,,,,,,,,,,0,469,469,510,623.3148139159966,,,,,,,,,,,,,,,,,,,,,,,,,,,,,,,,,,,,,,,,,,,,,,,,,,,,,,,623.3068877499973,623.3148139159966,623.8017087080007,623.8017087080007,623.8740789999938,623.8740789999938,624.3390209579957,right,1.021220540998911,None,624.3391796249998,624.3392413330002,None,,,,,,,,,,,,21049996,0,2025-10-20_13h42.01.136,tilt_mocs,2024.2.4,120.22253239129209,2025-10-20 13h42.12.817192 -0400,
-3.625,-15.0,,470,470,0,,,,,,,,,,p1,negs,100,right,1.2896297499974025,None,None,,,,,,,,,,,0,470,470,479,624.3504938330007,,,,,,,,,,,,,,,,,,,,,,,,,,,,,,,,,,,,,,,,,,,,,,,,,,,,,,,624.3420399999959,624.3504938330007,624.8351499579949,624.8351499579949,624.9083093329973,624.9083093329973,625.6430531250007,right,1.2896297499974025,None,625.6431488329981,625.6431929159953,None,,,,,,,,,,,,21049996,0,2025-10-20_13h42.01.136,tilt_mocs,2024.2.4,120.22253239129209,2025-10-20 13h42.12.817192 -0400,
0.0,0.0,,471,471,0,,,,,,,,,,PSE,noss,0,right,1.4742137920038658,None,None,,,,,,,,,,,0,471,471,632,625.6687057909949,,,,,,,,,,,,,,,,,,,,,,,,,,,,,,,,,,,,,,,,,,,,,,,,,,,,,,,625.6450283749946,625.6687057909949,626.1437844999964,626.1437844999964,626.2191351660003,626.2191351660003,627.1553729999941,right,1.4742137920038658,None,627.1555197909984,627.1555789999984,None,,,,,,,,,,,,21049996,0,2025-10-20_13h42.01.136,tilt_mocs,2024.2.4,120.22253239129209,2025-10-20 13h42.12.817192 -0400,
-4.625,-15.0,,472,472,0,,,,,,,,,,m1,negs,100,left,1.1854470420003054,None,None,,,,,,,,,,,0,472,472,368,627.1667962909996,,,,,,,,,,,,,,,,,,,,,,,,,,,,,,,,,,,,,,,,,,,,,,,,,,,,,,,627.1581035409981,627.1667962909996,627.6519688749977,627.6519688749977,627.7240260409963,627.7240260409963,628.3552511659946,left,1.1854470420003054,None,628.3553929159971,628.3554532909984,None,,,,,,,,,,,,21049996,0,2025-10-20_13h42.01.136,tilt_mocs,2024.2.4,120.22253239129209,2025-10-20 13h42.12.817192 -0400,
-5.125,-15.0,,473,473,0,,,,,,,,,,m2,negs,100,left,1.5096468750052736,None,None,,,,,,,,,,,0,473,473,346,628.3659368329972,,,,,,,,,,,,,,,,,,,,,,,,,,,,,,,,,,,,,,,,,,,,,,,,,,,,,,,628.3578003329967,628.3659368329972,628.8519770409985,628.8519770409985,628.9235615409998,628.9235615409998,629.8860026249968,left,1.5096468750052736,None,629.8861093329979,629.8861527909976,None,,,,,,,,,,,,21049996,0,2025-10-20_13h42.01.136,tilt_mocs,2024.2.4,120.22253239129209,2025-10-20 13h42.12.817192 -0400,
-5.125,-15.0,,474,474,0,,,,,,,,,,m2,negs,100,left,1.1889422079984797,None,None,,,,,,,,,,,0,474,474,338,629.8932815829976,,,,,,,,,,,,,,,,,,,,,,,,,,,,,,,,,,,,,,,,,,,,,,,,,,,,,,,629.8880680000002,629.8932815829976,630.3778917909949,630.3778917909949,630.4524765409951,630.4524765409951,631.0883551250008,left,1.1889422079984797,None,631.0885369159951,631.0886056659947,None,,,,,,,,,,,,21049996,0,2025-10-20_13h42.01.136,tilt_mocs,2024.2.4,120.22253239129209,2025-10-20 13h42.12.817192 -0400,
0.5,15.0,,475,475,0,,,,,,,,,,m3,poss,100,left,1.3419132089984487,None,None,,,,,,,,,,,0,475,475,1,631.0990002079998,,,,,,,,,,,,,,,,,,,,,,,,,,,,,,,,,,,,,,,,,,,,,,,,,,,,,,,631.0911364159983,631.0990002079998,631.5855594999957,631.5855594999957,631.6577132079983,631.6577132079983,632.4445884159941,left,1.3419132089984487,None,632.4446862909972,632.4447285409988,None,,,,,,,,,,,,21049996,0,2025-10-20_13h42.01.136,tilt_mocs,2024.2.4,120.22253239129209,2025-10-20 13h42.12.817192 -0400,
-2.0,0.0,,476,476,0,,,,,,,,,,m3,noss,0,left,1.1481434169982094,None,None,,,,,,,,,,,0,476,476,575,632.4548924159972,,,,,,,,,,,,,,,,,,,,,,,,,,,,,,,,,,,,,,,,,,,,,,,,,,,,,,,632.4466321660002,632.4548924159972,632.9443434159984,632.9443434159984,633.019389041001,633.019389041001,633.6059775829999,left,1.1481434169982094,None,633.6061267909972,633.606186332996,None,,,,,,,,,,,,21049996,0,2025-10-20_13h42.01.136,tilt_mocs,2024.2.4,120.22253239129209,2025-10-20 13h42.12.817192 -0400,
-3.625,-15.0,,477,477,0,,,,,,,,,,p1,negs,100,right,1.1525619579988415,None,None,,,,,,,,,,,0,477,477,470,633.6167523330005,,,,,,,,,,,,,,,,,,,,,,,,,,,,,,,,,,,,,,,,,,,,,,,,,,,,,,,633.6085568329945,633.6167523330005,634.1021699159974,634.1021699159974,634.1751112079946,634.1751112079946,634.7721352909939,right,1.1525619579988415,None,634.7722759579992,634.7723380409952,None,,,,,,,,,,,,21049996,0,2025-10-20_13h42.01.136,tilt_mocs,2024.2.4,120.22253239129209,2025-10-20 13h42.12.817192 -0400,
-3.125,-15.0,,478,478,0,,,,,,,,,,p2,negs,100,right,0.9604709170016577,None,None,,,,,,,,,,,0,478,478,496,634.7825895409987,,,,,,,,,,,,,,,,,,,,,,,,,,,,,,,,,,,,,,,,,,,,,,,,,,,,,,,634.7746308329952,634.7825895409987,635.2687222079985,635.2687222079985,635.3412756659964,635.3412756659964,635.7550924579991,right,0.9604709170016577,None,635.7552195829994,635.7552751249968,None,,,,,,,,,,,,21049996,0,2025-10-20_13h42.01.136,tilt_mocs,2024.2.4,120.22253239129209,2025-10-20 13h42.12.817192 -0400,
0.5,15.0,,479,479,0,,,,,,,,,,m3,poss,100,right,0.8455593339967891,None,None,,,,,,,,,,,0,479,479,12,635.7652579579953,,,,,,,,,,,,,,,,,,,,,,,,,,,,,,,,,,,,,,,,,,,,,,,,,,,,,,,635.7572230410005,635.7652579579953,636.2521478329945,636.2521478329945,636.3240855409967,636.3240855409967,636.6221162079964,right,0.8455593339967891,None,636.622266790997,636.6223266249945,None,,,,,,,,,,,,21049996,0,2025-10-20_13h42.01.136,tilt_mocs,2024.2.4,120.22253239129209,2025-10-20 13h42.12.817192 -0400,
3.0,15.0,,480,480,0,,,,,,,,,,p1,poss,100,right,0.9642639579979004,None,None,,,,,,,,,,,0,480,480,165,636.6328498329967,,,,,,,,,,,,,,,,,,,,,,,,,,,,,,,,,,,,,,,,,,,,,,,,,,,,,,,636.6247660829977,636.6328498329967,637.1188825829959,637.1188825829959,637.1912288329986,637.1912288329986,637.6049602499988,right,0.9642639579979004,None,637.6051240829984,637.6051889579976,None,,,,,,,,,,,,21049996,0,2025-10-20_13h42.01.136,tilt_mocs,2024.2.4,120.22253239129209,2025-10-20 13h42.12.817192 -0400,
1.5,15.0,,481,481,0,,,,,,,,,,m2,poss,100,right,1.3856474580024951,None,None,,,,,,,,,,,0,481,481,59,637.6161012079974,,,,,,,,,,,,,,,,,,,,,,,,,,,,,,,,,,,,,,,,,,,,,,,,,,,,,,,637.6079666660007,637.6161012079974,638.1022305410006,638.1022305410006,638.1744268749972,638.1744268749972,639.0048217079966,right,1.3856474580024951,None,639.004920708001,639.0049636659969,None,,,,,,,,,,,,21049996,0,2025-10-20_13h42.01.136,tilt_mocs,2024.2.4,120.22253239129209,2025-10-20 13h42.12.817192 -0400,
2.0,0.0,,482,482,0,,,,,,,,,,p3,noss,0,right,1.067814374997397,None,None,,,,,,,,,,,0,482,482,682,639.0148835,,,,,,,,,,,,,,,,,,,,,,,,,,,,,,,,,,,,,,,,,,,,,,,,,,,,,,,639.0068608329966,639.0148835,639.5022924579971,639.5022924579971,639.574563874994,639.574563874994,640.0890141249984,right,1.067814374997397,None,640.0891638329995,640.0892231659964,None,,,,,,,,,,,,21049996,0,2025-10-20_13h42.01.136,tilt_mocs,2024.2.4,120.22253239129209,2025-10-20 13h42.12.817192 -0400,
2.0,15.0,,483,483,0,,,,,,,,,,m1,poss,100,right,1.0620186669984832,None,None,,,,,,,,,,,0,483,483,94,640.0995347079952,,,,,,,,,,,,,,,,,,,,,,,,,,,,,,,,,,,,,,,,,,,,,,,,,,,,,,,640.0914632499989,640.0995347079952,640.5856577079976,640.5856577079976,640.6578283749986,640.6578283749986,641.1715449580006,right,1.0620186669984832,None,641.1716772079963,641.1717238329948,None,,,,,,,,,,,,21049996,0,2025-10-20_13h42.01.136,tilt_mocs,2024.2.4,120.22253239129209,2025-10-20 13h42.12.817192 -0400,
4.5,15.0,,484,484,0,,,,,,,,,,p3,poss,100,right,1.592097916000057,None,None,,,,,,,,,,,0,484,484,240,641.1816886249944,,,,,,,,,,,,,,,,,,,,,,,,,,,,,,,,,,,,,,,,,,,,,,,,,,,,,,,641.1736381659939,641.1816886249944,641.668991999999,641.668991999999,641.7409827909942,641.7409827909942,642.7779671659955,right,1.592097916000057,None,642.7780867909969,642.7781422080006,None,,,,,,,,,,,,21049996,0,2025-10-20_13h42.01.136,tilt_mocs,2024.2.4,120.22253239129209,2025-10-20 13h42.12.817192 -0400,
-4.125,-15.0,,485,485,0,,,,,,,,,,PSE,negs,100,left,1.4322400409946567,None,None,,,,,,,,,,,0,485,485,402,642.7886414159948,,,,,,,,,,,,,,,,,,,,,,,,,,,,,,,,,,,,,,,,,,,,,,,,,,,,,,,642.7803924999971,642.7886414159948,643.2780713749962,643.2780713749962,643.352773832994,643.352773832994,644.2268303329984,left,1.4322400409946567,None,644.2269285410002,644.2269736249946,None,,,,,,,,,,,,21049996,0,2025-10-20_13h42.01.136,tilt_mocs,2024.2.4,120.22253239129209,2025-10-20 13h42.12.817192 -0400,
2.0,15.0,,486,486,0,,,,,,,,,,m1,poss,100,left,1.0837730830025976,None,None,,,,,,,,,,,0,486,486,112,644.252665041,,,,,,,,,,,,,,,,,,,,,,,,,,,,,,,,,,,,,,,,,,,,,,,,,,,,,,,644.2289014999988,644.252665041,644.728046665994,644.728046665994,644.8029676250007,644.8029676250007,645.3395980829955,left,1.0837730830025976,None,645.3397529159993,645.3398093750002,None,,,,,,,,,,,,21049996,0,2025-10-20_13h42.01.136,tilt_mocs,2024.2.4,120.22253239129209,2025-10-20 13h42.12.817192 -0400,
-5.125,-15.0,,487,487,0,,,,,,,,,,m2,negs,100,left,0.9613567080014036,None,None,,,,,,,,,,,0,487,487,340,645.3505520830004,,,,,,,,,,,,,,,,,,,,,,,,,,,,,,,,,,,,,,,,,,,,,,,,,,,,,,,645.3424017500001,645.3505520830004,645.8358374579984,645.8358374579984,645.9081756659943,645.9081756659943,646.3222204159974,left,0.9613567080014036,None,646.3224475829993,646.3225699579998,None,,,,,,,,,,,,21049996,0,2025-10-20_13h42.01.136,tilt_mocs,2024.2.4,120.22253239129209,2025-10-20 13h42.12.817192 -0400,
3.0,15.0,,488,488,0,,,,,,,,,,p1,poss,100,left,0.8761512080018292,None,None,,,,,,,,,,,0,488,488,195,646.3331057499963,,,,,,,,,,,,,,,,,,,,,,,,,,,,,,,,,,,,,,,,,,,,,,,,,,,,,,,646.3250134159971,646.3331057499963,646.8192953329999,646.8192953329999,646.8911591659999,646.8911591659999,647.2116843330004,left,0.8761512080018292,None,647.2117869579961,647.2118325409974,None,,,,,,,,,,,,21049996,0,2025-10-20_13h42.01.136,tilt_mocs,2024.2.4,120.22253239129209,2025-10-20 13h42.12.817192 -0400,
-2.125,-15.0,,489,489,0,,,,,,,,,,p3,negs,100,right,1.0514868750033202,None,None,,,,,,,,,,,0,489,489,547,647.2235799159971,,,,,,,,,,,,,,,,,,,,,,,,,,,,,,,,,,,,,,,,,,,,,,,,,,,,,,,647.2137143750006,647.2235799159971,647.7114728749948,647.7114728749948,647.7864735409967,647.7864735409967,648.2773959159967,right,1.0514868750033202,None,648.277496540999,648.2775409999958,None,,,,,,,,,,,,21049996,0,2025-10-20_13h42.01.136,tilt_mocs,2024.2.4,120.22253239129209,2025-10-20 13h42.12.817192 -0400,
2.0,0.0,,490,490,0,,,,,,,,,,p3,noss,0,right,0.8505140829947777,None,None,,,,,,,,,,,0,490,490,696,648.3026834159973,,,,,,,,,,,,,,,,,,,,,,,,,,,,,,,,,,,,,,,,,,,,,,,,,,,,,,,648.2794234159956,648.3026834159973,648.778909624998,648.778909624998,648.8533529159977,648.8533529159977,649.1556586660008,right,0.8505140829947777,None,649.1557922499996,649.1558474579942,None,,,,,,,,,,,,21049996,0,2025-10-20_13h42.01.136,tilt_mocs,2024.2.4,120.22253239129209,2025-10-20 13h42.12.817192 -0400,
1.0,0.0,,491,491,0,,,,,,,,,,p2,noss,0,right,0.848440624999057,None,None,,,,,,,,,,,0,491,491,673,649.1663686659958,,,,,,,,,,,,,,,,,,,,,,,,,,,,,,,,,,,,,,,,,,,,,,,,,,,,,,,649.1583350829969,649.1663686659958,649.6516134159974,649.6516134159974,649.7253306659986,649.7253306659986,650.021964749998,right,0.848440624999057,None,650.0220642079948,650.0221084160003,None,,,,,,,,,,,,21049996,0,2025-10-20_13h42.01.136,tilt_mocs,2024.2.4,120.22253239129209,2025-10-20 13h42.12.817192 -0400,
1.5,15.0,,492,492,0,,,,,,,,,,m2,poss,100,right,1.2723113749962067,None,None,,,,,,,,,,,0,492,492,44,650.0318308329952,,,,,,,,,,,,,,,,,,,,,,,,,,,,,,,,,,,,,,,,,,,,,,,,,,,,,,,650.0239767909952,650.0318308329952,650.5197562499961,650.5197562499961,650.5914957079949,650.5914957079949,651.3102656659976,right,1.2723113749962067,None,651.3103845829974,651.310428249999,None,,,,,,,,,,,,21049996,0,2025-10-20_13h42.01.136,tilt_mocs,2024.2.4,120.22253239129209,2025-10-20 13h42.12.817192 -0400,
2.5,15.0,,493,493,0,,,,,,,,,,PSE,poss,100,right,1.033942375004699,None,None,,,,,,,,,,,0,493,493,144,651.3362690829963,,,,,,,,,,,,,,,,,,,,,,,,,,,,,,,,,,,,,,,,,,,,,,,,,,,,,,,651.3123169579994,651.3362690829963,651.8114215409951,651.8114215409951,651.8864196659997,651.8864196659997,652.3727716249996,right,1.033942375004699,None,652.3729001249958,652.3729566249967,None,,,,,,,,,,,,21049996,0,2025-10-20_13h42.01.136,tilt_mocs,2024.2.4,120.22253239129209,2025-10-20 13h42.12.817192 -0400,
4.5,15.0,,494,494,0,,,,,,,,,,p3,poss,100,right,0.9281050830031745,None,None,,,,,,,,,,,0,494,494,261,652.383154915995,,,,,,,,,,,,,,,,,,,,,,,,,,,,,,,,,,,,,,,,,,,,,,,,,,,,,,,652.3752542079965,652.383154915995,652.8695312909986,652.8695312909986,652.9413492499953,652.9413492499953,653.322213374995,right,0.9281050830031745,None,653.3223394159941,653.3223956660004,None,,,,,,,,,,,,21049996,0,2025-10-20_13h42.01.136,tilt_mocs,2024.2.4,120.22253239129209,2025-10-20 13h42.12.817192 -0400,
0.5,0.0,,495,495,0,,,,,,,,,,p1,noss,0,right,0.9114394169955631,None,None,,,,,,,,,,,0,495,495,659,653.3326972079958,,,,,,,,,,,,,,,,,,,,,,,,,,,,,,,,,,,,,,,,,,,,,,,,,,,,,,,653.3246727079968,653.3326972079958,653.819569249994,653.819569249994,653.8918983749973,653.8918983749973,654.255602958001,right,0.9114394169955631,None,654.255740790999,654.2557964579973,None,,,,,,,,,,,,21049996,0,2025-10-20_13h42.01.136,tilt_mocs,2024.2.4,120.22253239129209,2025-10-20 13h42.12.817192 -0400,
-5.125,-15.0,,496,496,0,,,,,,,,,,m2,negs,100,left,1.0420468329975847,None,None,,,,,,,,,,,0,496,496,329,654.2661174579989,,,,,,,,,,,,,,,,,,,,,,,,,,,,,,,,,,,,,,,,,,,,,,,,,,,,,,,654.257996458,654.2661174579989,654.7528443329938,654.7528443329938,654.8250372080001,654.8250372080001,655.3107922079944,left,1.0420468329975847,None,655.3109046249956,655.3109481249994,None,,,,,,,,,,,,21049996,0,2025-10-20_13h42.01.136,tilt_mocs,2024.2.4,120.22253239129209,2025-10-20 13h42.12.817192 -0400,
2.0,15.0,,497,497,0,,,,,,,,,,m1,poss,100,right,1.2800863749944256,None,None,,,,,,,,,,,0,497,497,98,655.3363909159962,,,,,,,,,,,,,,,,,,,,,,,,,,,,,,,,,,,,,,,,,,,,,,,,,,,,,,,655.3128511249961,655.3363909159962,655.8124326659963,655.8124326659963,655.8865884580009,655.8865884580009,656.6225074579997,right,1.2800863749944256,None,656.6226614999978,656.6227242079985,None,,,,,,,,,,,,21049996,0,2025-10-20_13h42.01.136,tilt_mocs,2024.2.4,120.22253239129209,2025-10-20 13h42.12.817192 -0400,
-6.125,-15.0,,498,498,0,,,,,,,,,,m3,negs,100,left,0.8793913339977735,None,None,,,,,,,,,,,0,498,498,282,656.6337600829938,,,,,,,,,,,,,,,,,,,,,,,,,,,,,,,,,,,,,,,,,,,,,,,,,,,,,,,656.625515832995,656.6337600829938,657.1196615829977,657.1196615829977,657.1927856249968,657.1927856249968,657.5225422500007,left,0.8793913339977735,None,657.5226683329965,657.5227125409947,None,,,,,,,,,,,,21049996,0,2025-10-20_13h42.01.136,tilt_mocs,2024.2.4,120.22253239129209,2025-10-20 13h42.12.817192 -0400,
0.0,0.0,,499,499,0,,,,,,,,,,PSE,noss,0,right,0.9381650419963989,None,None,,,,,,,,,,,0,499,499,636,657.5325698749948,,,,,,,,,,,,,,,,,,,,,,,,,,,,,,,,,,,,,,,,,,,,,,,,,,,,,,,657.5246174159984,657.5325698749948,658.0197301250009,658.0197301250009,658.0918650409949,658.0918650409949,658.4731240409965,right,0.9381650419963989,None,658.4732295829963,658.4732726250004,None,,,,,,,,,,,,21049996,0,2025-10-20_13h42.01.136,tilt_mocs,2024.2.4,120.22253239129209,2025-10-20 13h42.12.817192 -0400,
4.5,15.0,,500,500,0,,,,,,,,,,p3,poss,100,right,1.0095027920033317,None,space,7.247053250001045,None,,,,,,,,,0,500,500,257,658.4831406659941,,,,,,,,,,,,,,,,,,,,,,,,,,,,,,,,,,,,,,,,,,,,,,,,,,,,,,,658.4751887499951,658.4831406659941,658.9697371250004,658.9697371250004,659.0424979999952,659.0424979999952,659.5034040829996,right,1.0095027920033317,None,659.5035156659942,666.7614161249949,space,659.5087370409965,659.5087370409965,7.247053250001045,None,,,,,,,,21049996,0,2025-10-20_13h42.01.136,tilt_mocs,2024.2.4,120.22253239129209,2025-10-20 13h42.12.817192 -0400,
2.0,15.0,,501,501,0,,,,,,,,,,m1,poss,100,right,1.1144414160007727,None,None,,,,,,,,,,,0,501,501,118,666.7725570409966,,,,,,,,,,,,,,,,,,,,,,,,,,,,,,,,,,,,,,,,,,,,,,,,,,,,,,,666.7633881250003,666.7725570409966,667.2622484999956,667.2622484999956,667.3371674579976,667.3371674579976,667.8894612500007,right,1.1144414160007727,None,667.889586790996,667.8896411659953,None,,,,,,,,,,,,21049996,0,2025-10-20_13h42.01.136,tilt_mocs,2024.2.4,120.22253239129209,2025-10-20 13h42.12.817192 -0400,
2.5,15.0,,502,502,0,,,,,,,,,,PSE,poss,100,right,1.0158090830009314,None,None,,,,,,,,,,,0,502,502,132,667.8996000829939,,,,,,,,,,,,,,,,,,,,,,,,,,,,,,,,,,,,,,,,,,,,,,,,,,,,,,,667.8916182909961,667.8996000829939,668.3867177499997,668.3867177499997,668.4589882500004,668.4589882500004,668.922841915999,right,1.0158090830009314,None,668.9229681249999,668.9230196249991,None,,,,,,,,,,,,21049996,0,2025-10-20_13h42.01.136,tilt_mocs,2024.2.4,120.22253239129209,2025-10-20 13h42.12.817192 -0400,
1.5,15.0,,503,503,0,,,,,,,,,,m2,poss,100,right,0.8916924580043997,None,None,,,,,,,,,,,0,503,503,57,668.9329938329975,,,,,,,,,,,,,,,,,,,,,,,,,,,,,,,,,,,,,,,,,,,,,,,,,,,,,,,668.9249776659999,668.9329938329975,669.4190673749981,669.4190673749981,669.492003374995,669.492003374995,669.8286677079959,right,0.8916924580043997,None,669.8287917909984,669.8288466659942,None,,,,,,,,,,,,21049996,0,2025-10-20_13h42.01.136,tilt_mocs,2024.2.4,120.22253239129209,2025-10-20 13h42.12.817192 -0400,
3.5,15.0,,504,504,0,,,,,,,,,,p2,poss,100,right,0.9722919580017333,None,None,,,,,,,,,,,0,504,504,228,669.8391789579982,,,,,,,,,,,,,,,,,,,,,,,,,,,,,,,,,,,,,,,,,,,,,,,,,,,,,,,669.8309476659997,669.8391789579982,670.3290642909997,670.3290642909997,670.4040859579982,670.4040859579982,670.8228036660003,right,0.9722919580017333,None,670.8229071659953,670.8229506249991,None,,,,,,,,,,,,21049996,0,2025-10-20_13h42.01.136,tilt_mocs,2024.2.4,120.22253239129209,2025-10-20 13h42.12.817192 -0400,
3.5,15.0,,505,505,0,,,,,,,,,,p2,poss,100,right,0.887962000000698,None,None,,,,,,,,,,,0,505,505,214,670.8329016249991,,,,,,,,,,,,,,,,,,,,,,,,,,,,,,,,,,,,,,,,,,,,,,,,,,,,,,,670.8248538330008,670.8329016249991,671.3200657909983,671.3200657909983,671.3925065829972,671.3925065829972,671.7233243329974,right,0.887962000000698,None,671.723449457997,671.7235021249944,None,,,,,,,,,,,,21049996,0,2025-10-20_13h42.01.136,tilt_mocs,2024.2.4,120.22253239129209,2025-10-20 13h42.12.817192 -0400,
1.5,15.0,,506,506,0,,,,,,,,,,m2,poss,100,right,1.0870977079976,None,None,,,,,,,,,,,0,506,506,43,671.7334105829941,,,,,,,,,,,,,,,,,,,,,,,,,,,,,,,,,,,,,,,,,,,,,,,,,,,,,,,671.7255007499989,671.7334105829941,672.2201819580005,672.2201819580005,672.2923061659967,672.2923061659967,672.8229966250001,right,1.0870977079976,None,672.8231205829943,672.8231750409977,None,,,,,,,,,,,,21049996,0,2025-10-20_13h42.01.136,tilt_mocs,2024.2.4,120.22253239129209,2025-10-20 13h42.12.817192 -0400,
-6.125,-15.0,,507,507,0,,,,,,,,,,m3,negs,100,left,1.0621255829973961,None,None,,,,,,,,,,,0,507,507,289,672.8331627909938,,,,,,,,,,,,,,,,,,,,,,,,,,,,,,,,,,,,,,,,,,,,,,,,,,,,,,,672.8251867079962,672.8331627909938,673.3201526659977,673.3201526659977,673.3925219999946,673.3925219999946,673.9066405409976,left,1.0621255829973961,None,673.9068906249959,673.9069845829945,None,,,,,,,,,,,,21049996,0,2025-10-20_13h42.01.136,tilt_mocs,2024.2.4,120.22253239129209,2025-10-20 13h42.12.817192 -0400,
-4.625,-15.0,,508,508,0,,,,,,,,,,m1,negs,100,left,0.8978546669968637,None,None,,,,,,,,,,,0,508,508,398,673.9175837500006,,,,,,,,,,,,,,,,,,,,,,,,,,,,,,,,,,,,,,,,,,,,,,,,,,,,,,,673.909328916001,673.9175837500006,674.4037857500007,674.4037857500007,674.475901040998,674.475901040998,674.823087165998,left,0.8978546669968637,None,674.8232464159955,674.8233071659997,None,,,,,,,,,,,,21049996,0,2025-10-20_13h42.01.136,tilt_mocs,2024.2.4,120.22253239129209,2025-10-20 13h42.12.817192 -0400,
-0.5,0.0,,509,509,0,,,,,,,,,,m1,noss,0,left,0.8619141249946551,None,None,,,,,,,,,,,0,509,509,615,674.8341806659955,,,,,,,,,,,,,,,,,,,,,,,,,,,,,,,,,,,,,,,,,,,,,,,,,,,,,,,674.8259089579951,674.8341806659955,675.32029625,675.32029625,675.3934699579986,675.3934699579986,675.7062622079975,left,0.8619141249946551,None,675.7064202499969,675.7064761660004,None,,,,,,,,,,,,21049996,0,2025-10-20_13h42.01.136,tilt_mocs,2024.2.4,120.22253239129209,2025-10-20 13h42.12.817192 -0400,
3.0,15.0,,510,510,0,,,,,,,,,,p1,poss,100,left,1.0544747909953003,None,None,,,,,,,,,,,0,510,510,163,675.7179923329968,,,,,,,,,,,,,,,,,,,,,,,,,,,,,,,,,,,,,,,,,,,,,,,,,,,,,,,675.7096016249998,675.7179923329968,676.2036531249978,676.2036531249978,676.2760866659955,676.2760866659955,676.7785335000008,left,1.0544747909953003,None,676.7786364579952,676.7786817909946,None,,,,,,,,,,,,21049996,0,2025-10-20_13h42.01.136,tilt_mocs,2024.2.4,120.22253239129209,2025-10-20 13h42.12.817192 -0400,
0.5,0.0,,511,511,0,,,,,,,,,,p1,noss,0,left,1.2568830419986625,None,None,,,,,,,,,,,0,511,511,644,676.7888010409952,,,,,,,,,,,,,,,,,,,,,,,,,,,,,,,,,,,,,,,,,,,,,,,,,,,,,,,676.780542374996,676.7888010409952,677.2794502909965,677.2794502909965,677.3542003749972,677.3542003749972,678.0563204159989,left,1.2568830419986625,None,678.056485041001,678.0565474999967,None,,,,,,,,,,,,21049996,0,2025-10-20_13h42.01.136,tilt_mocs,2024.2.4,120.22253239129209,2025-10-20 13h42.12.817192 -0400,
-4.125,-15.0,,512,512,0,,,,,,,,,,PSE,negs,100,right,1.097113415999047,None,None,,,,,,,,,,,0,512,512,430,678.0674966250008,,,,,,,,,,,,,,,,,,,,,,,,,,,,,,,,,,,,,,,,,,,,,,,,,,,,,,,678.0594399999973,678.0674966250008,678.5537667909957,678.5537667909957,678.6269178329967,678.6269178329967,679.1743233749949,right,1.097113415999047,None,679.1744697909962,679.1745672079996,None,,,,,,,,,,,,21049996,0,2025-10-20_13h42.01.136,tilt_mocs,2024.2.4,120.22253239129209,2025-10-20 13h42.12.817192 -0400,
-3.125,-15.0,,513,513,0,,,,,,,,,,p2,negs,100,right,0.9632001669961028,None,None,,,,,,,,,,,0,513,513,502,679.185266249995,,,,,,,,,,,,,,,,,,,,,,,,,,,,,,,,,,,,,,,,,,,,,,,,,,,,,,,679.1770607500002,679.185266249995,679.6693734579967,679.6693734579967,679.7427592079985,679.7427592079985,680.1563033329949,right,0.9632001669961028,None,680.1564296249999,680.1564829999988,None,,,,,,,,,,,,21049996,0,2025-10-20_13h42.01.136,tilt_mocs,2024.2.4,120.22253239129209,2025-10-20 13h42.12.817192 -0400,
-6.125,-15.0,,514,514,0,,,,,,,,,,m3,negs,100,right,0.8835067089967197,None,None,,,,,,,,,,,0,514,514,293,680.1669785829945,,,,,,,,,,,,,,,,,,,,,,,,,,,,,,,,,,,,,,,,,,,,,,,,,,,,,,,680.1588248749977,680.1669785829945,680.6538302909976,680.6538302909976,680.726476374999,680.726476374999,681.0560523329987,right,0.8835067089967197,None,681.0561526659949,681.0561942079948,None,,,,,,,,,,,,21049996,0,2025-10-20_13h42.01.136,tilt_mocs,2024.2.4,120.22253239129209,2025-10-20 13h42.12.817192 -0400,
0.0,0.0,,515,515,0,,,,,,,,,,PSE,noss,0,right,0.8953161250028643,None,None,,,,,,,,,,,0,515,515,620,681.066002624997,,,,,,,,,,,,,,,,,,,,,,,,,,,,,,,,,,,,,,,,,,,,,,,,,,,,,,,681.0580842499985,681.066002624997,681.552935707994,681.552935707994,681.6262894159954,681.6262894159954,681.9729563750006,right,0.8953161250028643,None,681.973090624997,681.9731450409963,None,,,,,,,,,,,,21049996,0,2025-10-20_13h42.01.136,tilt_mocs,2024.2.4,120.22253239129209,2025-10-20 13h42.12.817192 -0400,
-6.125,-15.0,,516,516,0,,,,,,,,,,m3,negs,100,left,0.9078466249993653,None,None,,,,,,,,,,,0,516,516,294,681.9833179579946,,,,,,,,,,,,,,,,,,,,,,,,,,,,,,,,,,,,,,,,,,,,,,,,,,,,,,,681.9752416249976,681.9833179579946,682.470468790998,682.470468790998,682.5428779159993,682.5428779159993,682.8956566249981,left,0.9078466249993653,None,682.8957494579954,682.8957979159968,None,,,,,,,,,,,,21049996,0,2025-10-20_13h42.01.136,tilt_mocs,2024.2.4,120.22253239129209,2025-10-20 13h42.12.817192 -0400,
3.0,15.0,,517,517,0,,,,,,,,,,p1,poss,100,right,1.1753162079985486,None,None,,,,,,,,,,,0,517,517,190,682.9058566249951,,,,,,,,,,,,,,,,,,,,,,,,,,,,,,,,,,,,,,,,,,,,,,,,,,,,,,,682.8976740829967,682.9058566249951,683.3966171249995,683.3966171249995,683.4712773749998,683.4712773749998,684.0900064159941,right,1.1753162079985486,None,684.0901274999997,684.0901807499977,None,,,,,,,,,,,,21049996,0,2025-10-20_13h42.01.136,tilt_mocs,2024.2.4,120.22253239129209,2025-10-20 13h42.12.817192 -0400,
-2.0,0.0,,518,518,0,,,,,,,,,,m3,noss,0,left,1.1416971250000643,None,None,,,,,,,,,,,0,518,518,565,684.1007098749978,,,,,,,,,,,,,,,,,,,,,,,,,,,,,,,,,,,,,,,,,,,,,,,,,,,,,,,684.0925180829945,684.1007098749978,684.5871801249959,684.5871801249959,684.6599424999949,684.6599424999949,685.2460729999948,left,1.1416971250000643,None,685.2461731250005,685.2462191659943,None,,,,,,,,,,,,21049996,0,2025-10-20_13h42.01.136,tilt_mocs,2024.2.4,120.22253239129209,2025-10-20 13h42.12.817192 -0400,
2.0,15.0,,519,519,0,,,,,,,,,,m1,poss,100,right,1.221452332996705,None,None,,,,,,,,,,,0,519,519,95,685.2564749579979,,,,,,,,,,,,,,,,,,,,,,,,,,,,,,,,,,,,,,,,,,,,,,,,,,,,,,,685.2481278329942,685.2564749579979,685.7468713749986,685.7468713749986,685.8211383749949,685.8211383749949,686.4901544159948,right,1.221452332996705,None,686.4902757909949,686.4903299579964,None,,,,,,,,,,,,21049996,0,2025-10-20_13h42.01.136,tilt_mocs,2024.2.4,120.22253239129209,2025-10-20 13h42.12.817192 -0400,
-3.625,-15.0,,520,520,0,,,,,,,,,,p1,negs,100,left,1.0749944170020171,None,None,,,,,,,,,,,0,520,520,455,686.5005492079945,,,,,,,,,,,,,,,,,,,,,,,,,,,,,,,,,,,,,,,,,,,,,,,,,,,,,,,686.4925755410004,686.5005492079945,686.9872640409958,686.9872640409958,687.0595774999965,687.0595774999965,687.5784745829951,left,1.0749944170020171,None,687.5785929999984,687.5786354999946,None,,,,,,,,,,,,21049996,0,2025-10-20_13h42.01.136,tilt_mocs,2024.2.4,120.22253239129209,2025-10-20 13h42.12.817192 -0400,
2.0,15.0,,521,521,0,,,,,,,,,,m1,poss,100,left,1.0374117500032298,None,None,,,,,,,,,,,0,521,521,84,687.6042044999995,,,,,,,,,,,,,,,,,,,,,,,,,,,,,,,,,,,,,,,,,,,,,,,,,,,,,,,687.5805260409979,687.6042044999995,688.0789437909989,688.0789437909989,688.1545707080004,688.1545707080004,688.6457167080007,left,1.0374117500032298,None,688.6458173749998,688.6458610409973,None,,,,,,,,,,,,21049996,0,2025-10-20_13h42.01.136,tilt_mocs,2024.2.4,120.22253239129209,2025-10-20 13h42.12.817192 -0400,
-3.125,-15.0,,522,522,0,,,,,,,,,,p2,negs,100,right,1.1197055420052493,None,None,,,,,,,,,,,0,522,522,483,688.6562886249958,,,,,,,,,,,,,,,,,,,,,,,,,,,,,,,,,,,,,,,,,,,,,,,,,,,,,,,688.6477493329949,688.6562886249958,689.146607249997,689.146607249997,689.2212671659945,689.2212671659945,689.7783938329958,right,1.1197055420052493,None,689.7785169579947,689.7785713749981,None,,,,,,,,,,,,21049996,0,2025-10-20_13h42.01.136,tilt_mocs,2024.2.4,120.22253239129209,2025-10-20 13h42.12.817192 -0400,
-3.625,-15.0,,523,523,0,,,,,,,,,,p1,negs,100,right,1.003946958000597,None,None,,,,,,,,,,,0,523,523,476,689.8041845409971,,,,,,,,,,,,,,,,,,,,,,,,,,,,,,,,,,,,,,,,,,,,,,,,,,,,,,,689.7805832909944,689.8041845409971,690.2798977909988,690.2798977909988,690.354627875,690.354627875,690.8129719159988,right,1.003946958000597,None,690.8130894159985,690.8131437499978,None,,,,,,,,,,,,21049996,0,2025-10-20_13h42.01.136,tilt_mocs,2024.2.4,120.22253239129209,2025-10-20 13h42.12.817192 -0400,
-0.5,0.0,,524,524,0,,,,,,,,,,m1,noss,0,right,0.9720917500017094,None,None,,,,,,,,,,,0,524,524,611,690.8233724999955,,,,,,,,,,,,,,,,,,,,,,,,,,,,,,,,,,,,,,,,,,,,,,,,,,,,,,,690.8150824159966,690.8233724999955,691.312811415999,691.312811415999,691.388109790998,691.388109790998,691.8073578330004,right,0.9720917500017094,None,691.8074968750007,691.8075606249986,None,,,,,,,,,,,,21049996,0,2025-10-20_13h42.01.136,tilt_mocs,2024.2.4,120.22253239129209,2025-10-20 13h42.12.817192 -0400,
3.0,15.0,,525,525,0,,,,,,,,,,p1,poss,100,right,1.0923154999982216,None,None,,,,,,,,,,,0,525,525,194,691.8184607500007,,,,,,,,,,,,,,,,,,,,,,,,,,,,,,,,,,,,,,,,,,,,,,,,,,,,,,,691.8098944159938,691.8184607500007,692.3041171250006,692.3041171250006,692.3773401660001,692.3773401660001,692.9134584159983,right,1.0923154999982216,None,692.9136007079942,692.9136657499985,None,,,,,,,,,,,,21049996,0,2025-10-20_13h42.01.136,tilt_mocs,2024.2.4,120.22253239129209,2025-10-20 13h42.12.817192 -0400,
0.0,0.0,,526,526,0,,,,,,,,,,PSE,noss,0,right,1.1176575839999714,None,None,,,,,,,,,,,0,526,526,628,692.9238123329997,,,,,,,,,,,,,,,,,,,,,,,,,,,,,,,,,,,,,,,,,,,,,,,,,,,,,,,692.9161674159986,692.9238123329997,693.4134924579994,693.4134924579994,693.4880781249958,693.4880781249958,694.0468342499953,right,1.1176575839999714,None,694.0469396249973,694.0469849579968,None,,,,,,,,,,,,21049996,0,2025-10-20_13h42.01.136,tilt_mocs,2024.2.4,120.22253239129209,2025-10-20 13h42.12.817192 -0400,
-4.125,-15.0,,527,527,0,,,,,,,,,,PSE,negs,100,right,0.9313271659993916,None,None,,,,,,,,,,,0,527,527,427,694.057112040995,,,,,,,,,,,,,,,,,,,,,,,,,,,,,,,,,,,,,,,,,,,,,,,,,,,,,,,694.0489002499962,694.057112040995,694.5471927499966,694.5471927499966,694.6215255409988,694.6215255409988,694.9915325830007,right,0.9313271659993916,None,694.9916815409961,694.9917402909996,None,,,,,,,,,,,,21049996,0,2025-10-20_13h42.01.136,tilt_mocs,2024.2.4,120.22253239129209,2025-10-20 13h42.12.817192 -0400,
-5.125,-15.0,,528,528,0,,,,,,,,,,m2,negs,100,left,1.1206771249999292,None,None,,,,,,,,,,,0,528,528,339,695.0019045000008,,,,,,,,,,,,,,,,,,,,,,,,,,,,,,,,,,,,,,,,,,,,,,,,,,,,,,,694.9938178749944,695.0019045000008,695.4878136249972,695.4878136249972,695.5597471660003,695.5597471660003,696.1341152499954,left,1.1206771249999292,None,696.1342220829974,696.1342679160007,None,,,,,,,,,,,,21049996,0,2025-10-20_13h42.01.136,tilt_mocs,2024.2.4,120.22253239129209,2025-10-20 13h42.12.817192 -0400,
2.0,0.0,,529,529,0,,,,,,,,,,p3,noss,0,left,0.8479669999942416,None,None,,,,,,,,,,,0,529,529,683,696.1407868329989,,,,,,,,,,,,,,,,,,,,,,,,,,,,,,,,,,,,,,,,,,,,,,,,,,,,,,,696.1361245000007,696.1407868329989,696.6302622079966,696.6302622079966,696.7049160829993,696.7049160829993,696.9915731250003,left,0.8479669999942416,None,696.9917087909998,696.9917952499964,None,,,,,,,,,,,,21049996,0,2025-10-20_13h42.01.136,tilt_mocs,2024.2.4,120.22253239129209,2025-10-20 13h42.12.817192 -0400,
-4.125,-15.0,,530,530,0,,,,,,,,,,PSE,negs,100,left,0.8606745830038562,None,None,,,,,,,,,,,0,530,530,425,697.002394915995,,,,,,,,,,,,,,,,,,,,,,,,,,,,,,,,,,,,,,,,,,,,,,,,,,,,,,,696.9941968329949,697.002394915995,697.4879575829982,697.4879575829982,697.5600652909998,697.5600652909998,697.8737851249971,left,0.8606745830038562,None,697.8739057079947,697.8739580830006,None,,,,,,,,,,,,21049996,0,2025-10-20_13h42.01.136,tilt_mocs,2024.2.4,120.22253239129209,2025-10-20 13h42.12.817192 -0400,
-2.125,-15.0,,531,531,0,,,,,,,,,,p3,negs,100,left,1.161545583003317,None,None,,,,,,,,,,,0,531,531,542,697.8842757079983,,,,,,,,,,,,,,,,,,,,,,,,,,,,,,,,,,,,,,,,,,,,,,,,,,,,,,,697.8763449580001,697.8842757079983,698.3710856659964,698.3710856659964,698.4436281659946,698.4436281659946,699.057137207994,left,1.161545583003317,None,699.0572624999986,699.0573165829992,None,,,,,,,,,,,,21049996,0,2025-10-20_13h42.01.136,tilt_mocs,2024.2.4,120.22253239129209,2025-10-20 13h42.12.817192 -0400,
-2.0,0.0,,532,532,0,,,,,,,,,,m3,noss,0,left,0.9422612920025131,None,None,,,,,,,,,,,0,532,532,567,699.0676746249956,,,,,,,,,,,,,,,,,,,,,,,,,,,,,,,,,,,,,,,,,,,,,,,,,,,,,,,699.0596484159978,699.0676746249956,699.5545808749957,699.5545808749957,699.6266936249958,699.6266936249958,700.0126971249992,left,0.9422612920025131,None,700.0127948329973,700.0128364579941,None,,,,,,,,,,,,21049996,0,2025-10-20_13h42.01.136,tilt_mocs,2024.2.4,120.22253239129209,2025-10-20 13h42.12.817192 -0400,
-3.125,-15.0,,533,533,0,,,,,,,,,,p2,negs,100,left,0.9195125830010511,None,None,,,,,,,,,,,0,533,533,495,700.0233939999962,,,,,,,,,,,,,,,,,,,,,,,,,,,,,,,,,,,,,,,,,,,,,,,,,,,,,,,700.0146666250002,700.0233939999962,700.5135430000009,700.5135430000009,700.5883021249974,700.5883021249974,700.9462034159951,left,0.9195125830010511,None,700.9462969579981,700.9463382079994,None,,,,,,,,,,,,21049996,0,2025-10-20_13h42.01.136,tilt_mocs,2024.2.4,120.22253239129209,2025-10-20 13h42.12.817192 -0400,
-4.125,-15.0,,534,534,0,,,,,,,,,,PSE,negs,100,left,0.9392737080052029,None,None,,,,,,,,,,,0,534,534,428,700.9564213749982,,,,,,,,,,,,,,,,,,,,,,,,,,,,,,,,,,,,,,,,,,,,,,,,,,,,,,,700.9482357499946,700.9564213749982,701.4468949579968,701.4468949579968,701.5217118329965,701.5217118329965,701.9072173749955,left,0.9392737080052029,None,701.9073754159981,701.9075584579987,None,,,,,,,,,,,,21049996,0,2025-10-20_13h42.01.136,tilt_mocs,2024.2.4,120.22253239129209,2025-10-20 13h42.12.817192 -0400,
-5.125,-15.0,,535,535,0,,,,,,,,,,m2,negs,100,left,0.8732733329961775,None,None,,,,,,,,,,,0,535,535,337,701.918336540999,,,,,,,,,,,,,,,,,,,,,,,,,,,,,,,,,,,,,,,,,,,,,,,,,,,,,,,701.9099952499964,701.918336540999,702.4045305830005,702.4045305830005,702.4766749159971,702.4766749159971,702.7960972910005,left,0.8732733329961775,None,702.7962281660002,702.7962999579977,None,,,,,,,,,,,,21049996,0,2025-10-20_13h42.01.136,tilt_mocs,2024.2.4,120.22253239129209,2025-10-20 13h42.12.817192 -0400,
-2.0,0.0,,536,536,0,,,,,,,,,,m3,noss,0,left,0.8575662909934181,None,None,,,,,,,,,,,0,536,536,564,702.8069104159949,,,,,,,,,,,,,,,,,,,,,,,,,,,,,,,,,,,,,,,,,,,,,,,,,,,,,,,702.7984977499946,702.8069104159949,703.2963373329985,703.2963373329985,703.3717852080008,703.3717852080008,703.6743343749986,left,0.8575662909934181,None,703.6745017499998,703.6745624159958,None,,,,,,,,,,,,21049996,0,2025-10-20_13h42.01.136,tilt_mocs,2024.2.4,120.22253239129209,2025-10-20 13h42.12.817192 -0400,
-6.125,-15.0,,537,537,0,,,,,,,,,,m3,negs,100,left,0.866578582994407,None,None,,,,,,,,,,,0,537,537,317,703.6856310410003,,,,,,,,,,,,,,,,,,,,,,,,,,,,,,,,,,,,,,,,,,,,,,,,,,,,,,,703.6774603749946,703.6856310410003,704.171562083,704.171562083,704.2433624159967,704.2433624159967,704.5573712909973,left,0.866578582994407,None,704.5574734999973,704.5575174999976,None,,,,,,,,,,,,21049996,0,2025-10-20_13h42.01.136,tilt_mocs,2024.2.4,120.22253239129209,2025-10-20 13h42.12.817192 -0400,
-4.125,-15.0,,538,538,0,,,,,,,,,,PSE,negs,100,left,0.9213578329945449,None,None,,,,,,,,,,,0,538,538,420,704.5672379579992,,,,,,,,,,,,,,,,,,,,,,,,,,,,,,,,,,,,,,,,,,,,,,,,,,,,,,,704.5593768749968,704.5672379579992,705.0546832079999,705.0546832079999,705.1274227909962,705.1274227909962,705.4910329579943,left,0.9213578329945449,None,705.4911637499972,705.491217332994,None,,,,,,,,,,,,21049996,0,2025-10-20_13h42.01.136,tilt_mocs,2024.2.4,120.22253239129209,2025-10-20 13h42.12.817192 -0400,
-4.625,-15.0,,539,539,0,,,,,,,,,,m1,negs,100,left,1.080693625001004,None,None,,,,,,,,,,,0,539,539,377,705.5016990829972,,,,,,,,,,,,,,,,,,,,,,,,,,,,,,,,,,,,,,,,,,,,,,,,,,,,,,,705.4936660409949,705.5016990829972,705.9880699999994,705.9880699999994,706.0616834999964,706.0616834999964,706.5906332079976,left,1.080693625001004,None,706.5907546659946,706.5908056659973,None,,,,,,,,,,,,21049996,0,2025-10-20_13h42.01.136,tilt_mocs,2024.2.4,120.22253239129209,2025-10-20 13h42.12.817192 -0400,
-2.125,-15.0,,540,540,0,,,,,,,,,,p3,negs,100,right,1.0714553340003476,None,None,,,,,,,,,,,0,540,540,523,706.6009167909942,,,,,,,,,,,,,,,,,,,,,,,,,,,,,,,,,,,,,,,,,,,,,,,,,,,,,,,706.5929109159988,706.6009167909942,707.0881869160003,707.0881869160003,707.1605548329971,707.1605548329971,707.6755236659956,right,1.0714553340003476,None,707.6756503750003,707.6757121659975,None,,,,,,,,,,,,21049996,0,2025-10-20_13h42.01.136,tilt_mocs,2024.2.4,120.22253239129209,2025-10-20 13h42.12.817192 -0400,
4.5,15.0,,541,541,0,,,,,,,,,,p3,poss,100,right,0.8865479580053943,None,None,,,,,,,,,,,0,541,541,255,707.6863307079984,,,,,,,,,,,,,,,,,,,,,,,,,,,,,,,,,,,,,,,,,,,,,,,,,,,,,,,707.678336207995,707.6863307079984,708.1714291249955,708.1714291249955,708.2441319999998,708.2441319999998,708.5837938749974,right,0.8865479580053943,None,708.5839137910007,708.5839857499959,None,,,,,,,,,,,,21049996,0,2025-10-20_13h42.01.136,tilt_mocs,2024.2.4,120.22253239129209,2025-10-20 13h42.12.817192 -0400,
2.0,0.0,,542,542,0,,,,,,,,,,p3,noss,0,right,0.949310374999186,None,None,,,,,,,,,,,0,542,542,688,708.5905860829953,,,,,,,,,,,,,,,,,,,,,,,,,,,,,,,,,,,,,,,,,,,,,,,,,,,,,,,708.5858690829991,708.5905860829953,709.0805088749985,709.0805088749985,709.1553239159985,709.1553239159985,709.5473404999939,right,0.949310374999186,None,709.5474580000009,709.5475169159981,None,,,,,,,,,,,,21049996,0,2025-10-20_13h42.01.136,tilt_mocs,2024.2.4,120.22253239129209,2025-10-20 13h42.12.817192 -0400,
1.0,0.0,,543,543,0,,,,,,,,,,p2,noss,0,right,1.0565054580001743,None,None,,,,,,,,,,,0,543,543,667,709.5578482909987,,,,,,,,,,,,,,,,,,,,,,,,,,,,,,,,,,,,,,,,,,,,,,,,,,,,,,,709.5498625830005,709.5578482909987,710.0476860409981,710.0476860409981,710.1221183749949,710.1221183749949,710.6249172499956,right,1.0565054580001743,None,710.6250651249939,710.6251293749956,None,,,,,,,,,,,,21049996,0,2025-10-20_13h42.01.136,tilt_mocs,2024.2.4,120.22253239129209,2025-10-20 13h42.12.817192 -0400,
-6.125,-15.0,,544,544,0,,,,,,,,,,m3,negs,100,left,1.0525221660063835,None,None,,,,,,,,,,,0,544,544,287,710.6360392499992,,,,,,,,,,,,,,,,,,,,,,,,,,,,,,,,,,,,,,,,,,,,,,,,,,,,,,,710.6276272909963,710.6360392499992,711.1214789160003,711.1214789160003,711.1940253749999,711.1940253749999,711.6909309999974,left,1.0525221660063835,None,711.6910328329977,711.6910750409952,None,,,,,,,,,,,,21049996,0,2025-10-20_13h42.01.136,tilt_mocs,2024.2.4,120.22253239129209,2025-10-20 13h42.12.817192 -0400,
-0.5,0.0,,545,545,0,,,,,,,,,,m1,noss,0,left,0.9917695420008386,None,None,,,,,,,,,,,0,545,545,604,711.7007794159945,,,,,,,,,,,,,,,,,,,,,,,,,,,,,,,,,,,,,,,,,,,,,,,,,,,,,,,711.6929582909943,711.7007794159945,712.1884064580008,712.1884064580008,712.2606772500003,712.2606772500003,712.6961234999981,left,0.9917695420008386,None,712.6962218749977,712.6962630829948,None,,,,,,,,,,,,21049996,0,2025-10-20_13h42.01.136,tilt_mocs,2024.2.4,120.22253239129209,2025-10-20 13h42.12.817192 -0400,
-2.125,-15.0,,546,546,0,,,,,,,,,,p3,negs,100,left,0.9544778749987017,None,None,,,,,,,,,,,0,546,546,546,712.7217489999966,,,,,,,,,,,,,,,,,,,,,,,,,,,,,,,,,,,,,,,,,,,,,,,,,,,,,,,712.6981622079984,712.7217489999966,713.1873247909971,713.1873247909971,713.2612566249954,713.2612566249954,713.6797351249988,left,0.9544778749987017,None,713.6798304580007,713.6798725409972,None,,,,,,,,,,,,21049996,0,2025-10-20_13h42.01.136,tilt_mocs,2024.2.4,120.22253239129209,2025-10-20 13h42.12.817192 -0400,
3.5,15.0,,547,547,0,,,,,,,,,,p2,poss,100,left,1.13592320799944,None,None,,,,,,,,,,,0,547,547,226,713.7050290829939,,,,,,,,,,,,,,,,,,,,,,,,,,,,,,,,,,,,,,,,,,,,,,,,,,,,,,,713.6817625409967,713.7050290829939,714.1812193749938,714.1812193749938,714.2555052909956,714.2555052909956,714.8476945000002,left,1.13592320799944,None,714.8478330409998,714.8478806659987,None,,,,,,,,,,,,21049996,0,2025-10-20_13h42.01.136,tilt_mocs,2024.2.4,120.22253239129209,2025-10-20 13h42.12.817192 -0400,
-1.0,0.0,,548,548,0,,,,,,,,,,m2,noss,0,left,0.9032297919984558,None,None,,,,,,,,,,,0,548,548,582,714.858463083001,,,,,,,,,,,,,,,,,,,,,,,,,,,,,,,,,,,,,,,,,,,,,,,,,,,,,,,714.8509275830002,714.858463083001,715.3473752499995,715.3473752499995,715.4222354159938,715.4222354159938,715.7644272499965,left,0.9032297919984558,None,715.7645677909968,715.7646257079978,None,,,,,,,,,,,,21049996,0,2025-10-20_13h42.01.136,tilt_mocs,2024.2.4,120.22253239129209,2025-10-20 13h42.12.817192 -0400,
3.0,15.0,,549,549,0,,,,,,,,,,p1,poss,100,left,0.9760193330002949,None,None,,,,,,,,,,,0,549,549,164,715.7745592909996,,,,,,,,,,,,,,,,,,,,,,,,,,,,,,,,,,,,,,,,,,,,,,,,,,,,,,,715.7668676249959,715.7745592909996,716.2641942080008,716.2641942080008,716.3387079159947,716.3387079159947,716.7577926659942,left,0.9760193330002949,None,716.7579132909959,716.7579676659952,None,,,,,,,,,,,,21049996,0,2025-10-20_13h42.01.136,tilt_mocs,2024.2.4,120.22253239129209,2025-10-20 13h42.12.817192 -0400,
-2.125,-15.0,,550,550,0,,,,,,,,,,p3,negs,100,left,0.8435710420017131,None,None,,,,,,,,,,,0,550,550,539,716.7675954579972,,,,,,,,,,,,,,,,,,,,,,,,,,,,,,,,,,,,,,,,,,,,,,,,,,,,,,,716.7599101659944,716.7675954579972,717.2551405829945,717.2551405829945,717.3271351250005,717.3271351250005,717.6144991249967,left,0.8435710420017131,None,717.6146507499943,717.6147104999982,None,,,,,,,,,,,,21049996,0,2025-10-20_13h42.01.136,tilt_mocs,2024.2.4,120.22253239129209,2025-10-20 13h42.12.817192 -0400,
-0.5,0.0,,551,551,0,,,,,,,,,,m1,noss,0,left,1.0552455829965766,None,None,,,,,,,,,,,0,551,551,608,717.6246534159945,,,,,,,,,,,,,,,,,,,,,,,,,,,,,,,,,,,,,,,,,,,,,,,,,,,,,,,717.6169939999963,717.6246534159945,718.1142261659988,718.1142261659988,718.1890173329957,718.1890173329957,718.6919967499998,left,1.0552455829965766,None,718.6921407499976,718.6921988749964,None,,,,,,,,,,,,21049996,0,2025-10-20_13h42.01.136,tilt_mocs,2024.2.4,120.22253239129209,2025-10-20 13h42.12.817192 -0400,
3.0,15.0,,552,552,0,,,,,,,,,,p1,poss,100,left,1.0119408750033472,None,None,,,,,,,,,,,0,552,552,171,718.7029782499958,,,,,,,,,,,,,,,,,,,,,,,,,,,,,,,,,,,,,,,,,,,,,,,,,,,,,,,718.6946771660005,718.7029782499958,719.188634332997,719.188634332997,719.2608870409967,719.2608870409967,719.724554583001,left,1.0119408750033472,None,719.7246799579952,719.7247342499977,None,,,,,,,,,,,,21049996,0,2025-10-20_13h42.01.136,tilt_mocs,2024.2.4,120.22253239129209,2025-10-20 13h42.12.817192 -0400,
-5.125,-15.0,,553,553,0,,,,,,,,,,m2,negs,100,left,0.9874564589990769,None,None,,,,,,,,,,,0,553,553,321,719.734779624996,,,,,,,,,,,,,,,,,,,,,,,,,,,,,,,,,,,,,,,,,,,,,,,,,,,,,,,719.7269119159973,719.734779624996,720.2218502079995,720.2218502079995,720.2946141659995,720.2946141659995,720.7246957079988,left,0.9874564589990769,None,720.724821207994,720.7248740409996,None,,,,,,,,,,,,21049996,0,2025-10-20_13h42.01.136,tilt_mocs,2024.2.4,120.22253239129209,2025-10-20 13h42.12.817192 -0400,
-4.625,-15.0,,554,554,0,,,,,,,,,,m1,negs,100,left,1.1215553340007318,None,None,,,,,,,,,,,0,554,554,395,720.735076207995,,,,,,,,,,,,,,,,,,,,,,,,,,,,,,,,,,,,,,,,,,,,,,,,,,,,,,,720.7270868749983,720.735076207995,721.2219462499997,721.2219462499997,721.2948219579994,721.2948219579994,721.8680230829996,left,1.1215553340007318,None,721.8681243329993,721.8681697079955,None,,,,,,,,,,,,21049996,0,2025-10-20_13h42.01.136,tilt_mocs,2024.2.4,120.22253239129209,2025-10-20 13h42.12.817192 -0400,
-4.125,-15.0,,555,555,0,,,,,,,,,,PSE,negs,100,left,1.1400762920020497,None,None,,,,,,,,,,,0,555,555,438,721.8753446659975,,,,,,,,,,,,,,,,,,,,,,,,,,,,,,,,,,,,,,,,,,,,,,,,,,,,,,,721.8704348329993,721.8753446659975,722.3651110409992,722.3651110409992,722.4391884159995,722.4391884159995,723.025110165996,left,1.1400762920020497,None,723.0252725409955,723.0253269579989,None,,,,,,,,,,,,21049996,0,2025-10-20_13h42.01.136,tilt_mocs,2024.2.4,120.22253239129209,2025-10-20 13h42.12.817192 -0400,
3.0,15.0,,556,556,0,,,,,,,,,,p1,poss,100,left,1.1537332500010962,None,None,,,,,,,,,,,0,556,556,188,723.0365620409939,,,,,,,,,,,,,,,,,,,,,,,,,,,,,,,,,,,,,,,,,,,,,,,,,,,,,,,723.0280654999951,723.0365620409939,723.5219456659979,723.5219456659979,723.5938118329941,723.5938118329941,724.2011537500002,left,1.1537332500010962,None,724.2012549579958,724.2012982909946,None,,,,,,,,,,,,21049996,0,2025-10-20_13h42.01.136,tilt_mocs,2024.2.4,120.22253239129209,2025-10-20 13h42.12.817192 -0400,
-6.125,-15.0,,557,557,0,,,,,,,,,,m3,negs,100,left,1.0614381249979488,None,None,,,,,,,,,,,0,557,557,291,724.2078782909957,,,,,,,,,,,,,,,,,,,,,,,,,,,,,,,,,,,,,,,,,,,,,,,,,,,,,,,724.2032031659983,724.2078782909957,724.6982864999954,724.6982864999954,724.7726147499998,724.7726147499998,725.2746343749968,left,1.0614381249979488,None,725.2747605409968,725.2748030829971,None,,,,,,,,,,,,21049996,0,2025-10-20_13h42.01.136,tilt_mocs,2024.2.4,120.22253239129209,2025-10-20 13h42.12.817192 -0400,
-5.125,-15.0,,558,558,0,,,,,,,,,,m2,negs,100,right,1.4903674999950454,None,None,,,,,,,,,,,0,558,558,353,725.2846137909946,,,,,,,,,,,,,,,,,,,,,,,,,,,,,,,,,,,,,,,,,,,,,,,,,,,,,,,725.2766534580005,725.2846137909946,725.7721015829957,725.7721015829957,725.8440293329986,725.8440293329986,726.7799053329945,right,1.4903674999950454,None,726.7800285409976,726.7800823750003,None,,,,,,,,,,,,21049996,0,2025-10-20_13h42.01.136,tilt_mocs,2024.2.4,120.22253239129209,2025-10-20 13h42.12.817192 -0400,
4.5,15.0,,559,559,0,,,,,,,,,,p3,poss,100,right,1.234511416994792,None,None,,,,,,,,,,,0,559,559,251,726.805459999996,,,,,,,,,,,,,,,,,,,,,,,,,,,,,,,,,,,,,,,,,,,,,,,,,,,,,,,726.7820728749939,726.805459999996,727.2807497079993,727.2807497079993,727.3559162079982,727.3559162079982,728.0505621659977,right,1.234511416994792,None,728.0506637079961,728.0507072909968,None,,,,,,,,,,,,21049996,0,2025-10-20_13h42.01.136,tilt_mocs,2024.2.4,120.22253239129209,2025-10-20 13h42.12.817192 -0400,
2.5,15.0,,560,560,0,,,,,,,,,,PSE,poss,100,left,1.114496791997226,None,None,,,,,,,,,,,0,560,560,120,728.058440707995,,,,,,,,,,,,,,,,,,,,,,,,,,,,,,,,,,,,,,,,,,,,,,,,,,,,,,,728.0525868330005,728.058440707995,728.5474919999979,728.5474919999979,728.6226587499987,728.6226587499987,729.1754156249954,left,1.114496791997226,None,729.1755379999959,729.1755907080005,None,,,,,,,,,,,,21049996,0,2025-10-20_13h42.01.136,tilt_mocs,2024.2.4,120.22253239129209,2025-10-20 13h42.12.817192 -0400,
3.0,15.0,,561,561,0,,,,,,,,,,p1,poss,100,left,0.9496584160006023,None,None,,,,,,,,,,,0,561,561,172,729.1857951659986,,,,,,,,,,,,,,,,,,,,,,,,,,,,,,,,,,,,,,,,,,,,,,,,,,,,,,,729.177845582999,729.1857951659986,729.6722503749988,729.6722503749988,729.7445366659958,729.7445366659958,730.1409757079964,left,0.9496584160006023,None,730.1410770410002,730.1411188749989,None,,,,,,,,,,,,21049996,0,2025-10-20_13h42.01.136,tilt_mocs,2024.2.4,120.22253239129209,2025-10-20 13h42.12.817192 -0400,
-3.125,-15.0,,562,562,0,,,,,,,,,,p2,negs,100,right,1.0076780829986092,None,None,,,,,,,,,,,0,562,562,497,730.1510304999974,,,,,,,,,,,,,,,,,,,,,,,,,,,,,,,,,,,,,,,,,,,,,,,,,,,,,,,730.1429752080003,730.1510304999974,730.6388334999938,730.6388334999938,730.7112214579975,730.7112214579975,731.1632829579976,right,1.0076780829986092,None,731.1633807499966,731.1634240829953,None,,,,,,,,,,,,21049996,0,2025-10-20_13h42.01.136,tilt_mocs,2024.2.4,120.22253239129209,2025-10-20 13h42.12.817192 -0400,
-0.5,0.0,,563,563,0,,,,,,,,,,m1,noss,0,left,1.0312776249993476,None,None,,,,,,,,,,,0,563,563,617,731.1890723749966,,,,,,,,,,,,,,,,,,,,,,,,,,,,,,,,,,,,,,,,,,,,,,,,,,,,,,,731.165290500001,731.1890723749966,731.663966125001,731.663966125001,731.739328040996,731.739328040996,732.2251729999989,left,1.0312776249993476,None,732.2253329999949,732.2253909579958,None,,,,,,,,,,,,21049996,0,2025-10-20_13h42.01.136,tilt_mocs,2024.2.4,120.22253239129209,2025-10-20 13h42.12.817192 -0400,
0.5,15.0,,564,564,0,,,,,,,,,,m3,poss,100,left,1.0234013749941369,None,None,,,,,,,,,,,0,564,564,37,732.236037540999,,,,,,,,,,,,,,,,,,,,,,,,,,,,,,,,,,,,,,,,,,,,,,,,,,,,,,,732.2279543330005,732.236037540999,732.7213694579987,732.7213694579987,732.7953656659956,732.7953656659956,733.2642667079999,left,1.0234013749941369,None,733.2643641249961,733.2644052079995,None,,,,,,,,,,,,21049996,0,2025-10-20_13h42.01.136,tilt_mocs,2024.2.4,120.22253239129209,2025-10-20 13h42.12.817192 -0400,
2.5,15.0,,565,565,0,,,,,,,,,,PSE,poss,100,left,1.0148145410057623,None,None,,,,,,,,,,,0,565,565,158,733.2746065829997,,,,,,,,,,,,,,,,,,,,,,,,,,,,,,,,,,,,,,,,,,,,,,,,,,,,,,,733.2662498329955,733.2746065829997,733.764556999995,733.764556999995,733.8395358329944,733.8395358329944,734.291992790997,left,1.0148145410057623,None,734.2921197909964,734.2921729160007,None,,,,,,,,,,,,21049996,0,2025-10-20_13h42.01.136,tilt_mocs,2024.2.4,120.22253239129209,2025-10-20 13h42.12.817192 -0400,
-1.0,0.0,,566,566,0,,,,,,,,,,m2,noss,0,right,1.0166000000026543,None,None,,,,,,,,,,,0,566,566,580,734.3023226250007,,,,,,,,,,,,,,,,,,,,,,,,,,,,,,,,,,,,,,,,,,,,,,,,,,,,,,,734.2944132079938,734.3023226250007,734.7890139999945,734.7890139999945,734.8616654579964,734.8616654579964,735.3245940829947,right,1.0166000000026543,None,735.3246957499941,735.3247396250008,None,,,,,,,,,,,,21049996,0,2025-10-20_13h42.01.136,tilt_mocs,2024.2.4,120.22253239129209,2025-10-20 13h42.12.817192 -0400,
-4.625,-15.0,,567,567,0,,,,,,,,,,m1,negs,100,left,1.4555306670008576,None,None,,,,,,,,,,,0,567,567,364,735.3345882079957,,,,,,,,,,,,,,,,,,,,,,,,,,,,,,,,,,,,,,,,,,,,,,,,,,,,,,,735.3266452909957,735.3345882079957,735.8223852499941,735.8223852499941,735.8953447909953,735.8953447909953,736.7926830829965,left,1.4555306670008576,None,736.7928183330005,736.7928752499938,None,,,,,,,,,,,,21049996,0,2025-10-20_13h42.01.136,tilt_mocs,2024.2.4,120.22253239129209,2025-10-20 13h42.12.817192 -0400,
-6.125,-15.0,,568,568,0,,,,,,,,,,m3,negs,100,left,1.1714234579994809,None,None,,,,,,,,,,,0,568,568,298,736.8030016249977,,,,,,,,,,,,,,,,,,,,,,,,,,,,,,,,,,,,,,,,,,,,,,,,,,,,,,,736.7950116659995,736.8030016249977,737.2892039159997,737.2892039159997,737.3614801660005,737.3614801660005,737.9815329159974,left,1.1714234579994809,None,737.981629832997,737.9816764999996,None,,,,,,,,,,,,21049996,0,2025-10-20_13h42.01.136,tilt_mocs,2024.2.4,120.22253239129209,2025-10-20 13h42.12.817192 -0400,
-5.125,-15.0,,569,569,0,,,,,,,,,,m2,negs,100,left,0.9687491250006133,None,None,,,,,,,,,,,0,569,569,351,737.9918467909956,,,,,,,,,,,,,,,,,,,,,,,,,,,,,,,,,,,,,,,,,,,,,,,,,,,,,,,737.9835411659951,737.9918467909956,738.4823797909994,738.4823797909994,738.5563892079954,738.5563892079954,738.9632949579973,left,0.9687491250006133,None,738.9633933329969,738.9634357079995,None,,,,,,,,,,,,21049996,0,2025-10-20_13h42.01.136,tilt_mocs,2024.2.4,120.22253239129209,2025-10-20 13h42.12.817192 -0400,
0.5,15.0,,570,570,0,,,,,,,,,,m3,poss,100,left,1.2843097090008087,None,None,,,,,,,,,,,0,570,570,32,738.9734473329954,,,,,,,,,,,,,,,,,,,,,,,,,,,,,,,,,,,,,,,,,,,,,,,,,,,,,,,738.965307749997,738.9734473329954,739.4646696249984,739.4646696249984,739.5397908329978,739.5397908329978,740.2646534999949,left,1.2843097090008087,None,740.2647734159982,740.2648414579962,None,,,,,,,,,,,,21049996,0,2025-10-20_13h42.01.136,tilt_mocs,2024.2.4,120.22253239129209,2025-10-20 13h42.12.817192 -0400,
1.0,0.0,,571,571,0,,,,,,,,,,p2,noss,0,right,1.1221487910006545,None,None,,,,,,,,,,,0,571,571,679,740.2752554159961,,,,,,,,,,,,,,,,,,,,,,,,,,,,,,,,,,,,,,,,,,,,,,,,,,,,,,,740.2670257499994,740.2752554159961,740.7646404159968,740.7646404159968,740.8397961249939,740.8397961249939,741.4086461249972,right,1.1221487910006545,None,741.4087510829995,741.408794707997,None,,,,,,,,,,,,21049996,0,2025-10-20_13h42.01.136,tilt_mocs,2024.2.4,120.22253239129209,2025-10-20 13h42.12.817192 -0400,
4.5,15.0,,572,572,0,,,,,,,,,,p3,poss,100,right,0.8487605830014218,None,None,,,,,,,,,,,0,572,572,275,741.4187072079949,,,,,,,,,,,,,,,,,,,,,,,,,,,,,,,,,,,,,,,,,,,,,,,,,,,,,,,741.410682916001,741.4187072079949,741.9053010829957,741.9053010829957,741.9780329999994,741.9780329999994,742.2750609579962,right,0.8487605830014218,None,742.2751867499974,742.275242124997,None,,,,,,,,,,,,21049996,0,2025-10-20_13h42.01.136,tilt_mocs,2024.2.4,120.22253239129209,2025-10-20 13h42.12.817192 -0400,
2.5,15.0,,573,573,0,,,,,,,,,,PSE,poss,100,right,0.9709215830007452,None,None,,,,,,,,,,,0,573,573,141,742.2856092079965,,,,,,,,,,,,,,,,,,,,,,,,,,,,,,,,,,,,,,,,,,,,,,,,,,,,,,,742.2774811659983,742.2856092079965,742.7726784159968,742.7726784159968,742.8448046659978,742.8448046659978,743.2593227079997,right,0.9709215830007452,None,743.2594749999989,743.2595332909987,None,,,,,,,,,,,,21049996,0,2025-10-20_13h42.01.136,tilt_mocs,2024.2.4,120.22253239129209,2025-10-20 13h42.12.817192 -0400,
0.0,0.0,,574,574,0,,,,,,,,,,PSE,noss,0,right,1.1049081249948358,None,None,,,,,,,,,,,0,574,574,627,743.2695276249942,,,,,,,,,,,,,,,,,,,,,,,,,,,,,,,,,,,,,,,,,,,,,,,,,,,,,,,743.2615951249973,743.2695276249942,743.756157666001,743.756157666001,743.828370874995,743.828370874995,744.3810620410004,right,1.1049081249948358,None,744.3811839579939,744.3812368750005,None,,,,,,,,,,,,21049996,0,2025-10-20_13h42.01.136,tilt_mocs,2024.2.4,120.22253239129209,2025-10-20 13h42.12.817192 -0400,
0.5,15.0,,575,575,0,,,,,,,,,,m3,poss,100,left,1.96858483300457,None,None,,,,,,,,,,,0,575,575,14,744.3919007079967,,,,,,,,,,,,,,,,,,,,,,,,,,,,,,,,,,,,,,,,,,,,,,,,,,,,,,,744.3832728749985,744.3919007079967,744.8821520409983,744.8821520409983,744.956650125001,744.956650125001,746.3639548749998,left,1.96858483300457,None,746.3640523329959,746.364095541001,None,,,,,,,,,,,,21049996,0,2025-10-20_13h42.01.136,tilt_mocs,2024.2.4,120.22253239129209,2025-10-20 13h42.12.817192 -0400,
-6.125,-15.0,,576,576,0,,,,,,,,,,m3,negs,100,right,1.0190406250039814,None,None,,,,,,,,,,,0,576,576,319,746.3896110829955,,,,,,,,,,,,,,,,,,,,,,,,,,,,,,,,,,,,,,,,,,,,,,,,,,,,,,,746.3659689579945,746.3896110829955,746.8656994159974,746.8656994159974,746.9400852499966,746.9400852499966,747.4138320829952,right,1.0190406250039814,None,747.4139514579947,747.4140073329982,None,,,,,,,,,,,,21049996,0,2025-10-20_13h42.01.136,tilt_mocs,2024.2.4,120.22253239129209,2025-10-20 13h42.12.817192 -0400,
-3.625,-15.0,,577,577,0,,,,,,,,,,p1,negs,100,right,1.0579272910035797,None,None,,,,,,,,,,,0,577,577,445,747.439549374998,,,,,,,,,,,,,,,,,,,,,,,,,,,,,,,,,,,,,,,,,,,,,,,,,,,,,,,747.4163171659966,747.439549374998,747.9062588749948,747.9062588749948,747.9786261249974,747.9786261249974,748.5087025829998,right,1.0579272910035797,None,748.5088262079953,748.5088804580009,None,,,,,,,,,,,,21049996,0,2025-10-20_13h42.01.136,tilt_mocs,2024.2.4,120.22253239129209,2025-10-20 13h42.12.817192 -0400,
-6.125,-15.0,,578,578,0,,,,,,,,,,m3,negs,100,left,1.221458457999688,None,None,,,,,,,,,,,0,578,578,309,748.5188440829952,,,,,,,,,,,,,,,,,,,,,,,,,,,,,,,,,,,,,,,,,,,,,,,,,,,,,,,748.5108179579984,748.5188440829952,749.0062414579952,749.0062414579952,749.0780770829952,749.0780770829952,749.7429000409975,left,1.221458457999688,None,749.7430355409961,749.7430928329995,None,,,,,,,,,,,,21049996,0,2025-10-20_13h42.01.136,tilt_mocs,2024.2.4,120.22253239129209,2025-10-20 13h42.12.817192 -0400,
-4.125,-15.0,,579,579,0,,,,,,,,,,PSE,negs,100,right,0.9028111250008806,None,None,,,,,,,,,,,0,579,579,404,749.7534647079956,,,,,,,,,,,,,,,,,,,,,,,,,,,,,,,,,,,,,,,,,,,,,,,,,,,,,,,749.7454277910001,749.7534647079956,750.2396249999947,750.2396249999947,750.3117053329988,750.3117053329988,750.6591941250008,right,0.9028111250008806,None,750.6593562499984,750.6594184579953,None,,,,,,,,,,,,21049996,0,2025-10-20_13h42.01.136,tilt_mocs,2024.2.4,120.22253239129209,2025-10-20 13h42.12.817192 -0400,
-4.625,-15.0,,580,580,0,,,,,,,,,,m1,negs,100,left,0.9780591250018915,None,None,,,,,,,,,,,0,580,580,361,750.6701694160001,,,,,,,,,,,,,,,,,,,,,,,,,,,,,,,,,,,,,,,,,,,,,,,,,,,,,,,750.6620032079954,750.6701694160001,751.1562812499978,751.1562812499978,751.2283339999994,751.2283339999994,751.659085583,left,0.9780591250018915,None,751.659244040995,751.6593009999997,None,,,,,,,,,,,,21049996,0,2025-10-20_13h42.01.136,tilt_mocs,2024.2.4,120.22253239129209,2025-10-20 13h42.12.817192 -0400,
3.5,15.0,,581,581,0,,,,,,,,,,p2,poss,100,right,0.9145092089966056,None,None,,,,,,,,,,,0,581,581,234,751.6704505829985,,,,,,,,,,,,,,,,,,,,,,,,,,,,,,,,,,,,,,,,,,,,,,,,,,,,,,,751.6621842499953,751.6704505829985,752.1563721659986,752.1563721659986,752.2285149579984,752.2285149579984,752.5924174159954,right,0.9145092089966056,None,752.5925430829957,752.5925989579991,None,,,,,,,,,,,,21049996,0,2025-10-20_13h42.01.136,tilt_mocs,2024.2.4,120.22253239129209,2025-10-20 13h42.12.817192 -0400,
1.5,15.0,,582,582,0,,,,,,,,,,m2,poss,100,right,1.902169083004992,None,None,,,,,,,,,,,0,582,582,75,752.6024582499958,,,,,,,,,,,,,,,,,,,,,,,,,,,,,,,,,,,,,,,,,,,,,,,,,,,,,,,752.5945449579958,752.6024582499958,753.0889735829987,753.0889735829987,753.1622677499981,753.1622677499981,754.5094622499964,right,1.902169083004992,None,754.5095996659948,754.5096575829957,None,,,,,,,,,,,,21049996,0,2025-10-20_13h42.01.136,tilt_mocs,2024.2.4,120.22253239129209,2025-10-20 13h42.12.817192 -0400,
-5.125,-15.0,,583,583,0,,,,,,,,,,m2,negs,100,left,1.1499302910015103,None,None,,,,,,,,,,,0,583,583,350,754.5201048329982,,,,,,,,,,,,,,,,,,,,,,,,,,,,,,,,,,,,,,,,,,,,,,,,,,,,,,,754.5119116249989,754.5201048329982,755.0063713749987,755.0063713749987,755.0784815829975,755.0784815829975,755.6757017499986,left,1.1499302910015103,None,755.6757556659941,755.6757770409968,None,,,,,,,,,,,,21049996,0,2025-10-20_13h42.01.136,tilt_mocs,2024.2.4,120.22253239129209,2025-10-20 13h42.12.817192 -0400,
-6.125,-15.0,,584,584,0,,,,,,,,,,m3,negs,100,left,1.1272026669976185,None,None,,,,,,,,,,,0,584,584,302,755.6824444579979,,,,,,,,,,,,,,,,,,,,,,,,,,,,,,,,,,,,,,,,,,,,,,,,,,,,,,,755.6765323750005,755.6824444579979,756.1730907079982,756.1730907079982,756.2456545829991,756.2456545829991,756.815001582996,left,1.1272026669976185,None,756.8151245409972,756.8151848749985,None,,,,,,,,,,,,21049996,0,2025-10-20_13h42.01.136,tilt_mocs,2024.2.4,120.22253239129209,2025-10-20 13h42.12.817192 -0400,
4.5,15.0,,585,585,0,,,,,,,,,,p3,poss,100,right,0.9903903329977766,None,None,,,,,,,,,,,0,585,585,256,756.8255376249945,,,,,,,,,,,,,,,,,,,,,,,,,,,,,,,,,,,,,,,,,,,,,,,,,,,,,,,756.8171422909945,756.8255376249945,757.3156707499948,757.3156707499948,757.3904281249997,757.3904281249997,757.8259549579961,right,0.9903903329977766,None,757.8260809999992,757.8261358329983,None,,,,,,,,,,,,21049996,0,2025-10-20_13h42.01.136,tilt_mocs,2024.2.4,120.22253239129209,2025-10-20 13h42.12.817192 -0400,
-4.625,-15.0,,586,586,0,,,,,,,,,,m1,negs,100,left,1.3445326250002836,None,None,,,,,,,,,,,0,586,586,391,757.8366231249965,,,,,,,,,,,,,,,,,,,,,,,,,,,,,,,,,,,,,,,,,,,,,,,,,,,,,,,757.8285137499988,757.8366231249965,758.3231990409986,758.3231990409986,758.3949378329999,758.3949378329999,759.1926229579985,left,1.3445326250002836,None,759.1927460829975,759.1928013750003,None,,,,,,,,,,,,21049996,0,2025-10-20_13h42.01.136,tilt_mocs,2024.2.4,120.22253239129209,2025-10-20 13h42.12.817192 -0400,
0.5,0.0,,587,587,0,,,,,,,,,,p1,noss,0,right,0.8312833750023856,None,None,,,,,,,,,,,0,587,587,653,759.2027160409998,,,,,,,,,,,,,,,,,,,,,,,,,,,,,,,,,,,,,,,,,,,,,,,,,,,,,,,759.1946873329944,759.2027160409998,759.6898719159944,759.6898719159944,759.7620422499967,759.7620422499967,760.0432149159969,right,0.8312833750023856,None,760.0433645409939,760.0434292499995,None,,,,,,,,,,,,21049996,0,2025-10-20_13h42.01.136,tilt_mocs,2024.2.4,120.22253239129209,2025-10-20 13h42.12.817192 -0400,
-3.125,-15.0,,588,588,0,,,,,,,,,,p2,negs,100,right,1.2378173340039211,None,None,,,,,,,,,,,0,588,588,490,760.0533114999998,,,,,,,,,,,,,,,,,,,,,,,,,,,,,,,,,,,,,,,,,,,,,,,,,,,,,,,760.0457174580006,760.0533114999998,760.5400115409939,760.5400115409939,760.6116380409949,760.6116380409949,761.3020219579994,right,1.2378173340039211,None,761.302133833,761.3021821250004,None,,,,,,,,,,,,21049996,0,2025-10-20_13h42.01.136,tilt_mocs,2024.2.4,120.22253239129209,2025-10-20 13h42.12.817192 -0400,
-2.125,-15.0,,589,589,0,,,,,,,,,,p3,negs,100,right,1.0805955000032554,None,None,,,,,,,,,,,0,589,589,538,761.3090264159982,,,,,,,,,,,,,,,,,,,,,,,,,,,,,,,,,,,,,,,,,,,,,,,,,,,,,,,761.3040594579943,761.3090264159982,761.798740708,761.798740708,761.8739551659964,761.8739551659964,762.3926604160006,right,1.0805955000032554,None,762.3927595409987,762.3928012909964,None,,,,,,,,,,,,21049996,0,2025-10-20_13h42.01.136,tilt_mocs,2024.2.4,120.22253239129209,2025-10-20 13h42.12.817192 -0400,
0.5,15.0,,590,590,0,,,,,,,,,,m3,poss,100,left,1.814698333000706,None,None,,,,,,,,,,,0,590,590,34,762.4027292499959,,,,,,,,,,,,,,,,,,,,,,,,,,,,,,,,,,,,,,,,,,,,,,,,,,,,,,,762.3946956250002,762.4027292499959,762.8901914999951,762.8901914999951,762.962338624995,762.962338624995,764.2262202079946,left,1.814698333000706,None,764.2263472499981,764.2264009999999,None,,,,,,,,,,,,21049996,0,2025-10-20_13h42.01.136,tilt_mocs,2024.2.4,120.22253239129209,2025-10-20 13h42.12.817192 -0400,
-4.125,-15.0,,591,591,0,,,,,,,,,,PSE,negs,100,left,1.5607553329973598,None,None,,,,,,,,,,,0,591,591,415,764.2369784159964,,,,,,,,,,,,,,,,,,,,,,,,,,,,,,,,,,,,,,,,,,,,,,,,,,,,,,,764.2288303329988,764.2369784159964,764.723514790996,764.723514790996,764.7954825409979,764.7954825409979,765.8095551660008,left,1.5607553329973598,None,765.8097151659967,765.8098213749981,None,,,,,,,,,,,,21049996,0,2025-10-20_13h42.01.136,tilt_mocs,2024.2.4,120.22253239129209,2025-10-20 13h42.12.817192 -0400,
3.5,15.0,,592,592,0,,,,,,,,,,p2,poss,100,left,1.2882661249968805,None,None,,,,,,,,,,,0,592,592,206,765.820647499997,,,,,,,,,,,,,,,,,,,,,,,,,,,,,,,,,,,,,,,,,,,,,,,,,,,,,,,765.8124041659976,765.820647499997,766.306787124995,766.306787124995,766.3787897500006,766.3787897500006,767.1152989999973,left,1.2882661249968805,None,767.115423874995,767.1154793329988,None,,,,,,,,,,,,21049996,0,2025-10-20_13h42.01.136,tilt_mocs,2024.2.4,120.22253239129209,2025-10-20 13h42.12.817192 -0400,
0.5,15.0,,593,593,0,,,,,,,,,,m3,poss,100,left,1.0927095000006375,None,None,,,,,,,,,,,0,593,593,24,767.1259817499958,,,,,,,,,,,,,,,,,,,,,,,,,,,,,,,,,,,,,,,,,,,,,,,,,,,,,,,767.1176102909958,767.1259817499958,767.6161518749941,767.6161518749941,767.6906977079998,767.6906977079998,768.2261881249942,left,1.0927095000006375,None,768.2263123749944,768.2263652499969,None,,,,,,,,,,,,21049996,0,2025-10-20_13h42.01.136,tilt_mocs,2024.2.4,120.22253239129209,2025-10-20 13h42.12.817192 -0400,
-3.125,-15.0,,594,594,0,,,,,,,,,,p2,negs,100,right,1.062114707994624,None,None,,,,,,,,,,,0,594,594,481,768.2361684579955,,,,,,,,,,,,,,,,,,,,,,,,,,,,,,,,,,,,,,,,,,,,,,,,,,,,,,,768.2282889159978,768.2361684579955,768.7234544999956,768.7234544999956,768.7955478750009,768.7955478750009,769.3096322079946,right,1.062114707994624,None,769.3097574159983,769.3098106659963,None,,,,,,,,,,,,21049996,0,2025-10-20_13h42.01.136,tilt_mocs,2024.2.4,120.22253239129209,2025-10-20 13h42.12.817192 -0400,
3.5,15.0,,595,595,0,,,,,,,,,,p2,poss,100,right,1.0614350830001058,None,None,,,,,,,,,,,0,595,595,231,769.3198699579953,,,,,,,,,,,,,,,,,,,,,,,,,,,,,,,,,,,,,,,,,,,,,,,,,,,,,,,769.3119463749972,769.3198699579953,769.8069454159995,769.8069454159995,769.8786530829966,769.8786530829966,770.3929470000003,right,1.0614350830001058,None,770.3930598749939,770.3931027079961,None,,,,,,,,,,,,21049996,0,2025-10-20_13h42.01.136,tilt_mocs,2024.2.4,120.22253239129209,2025-10-20 13h42.12.817192 -0400,
4.5,15.0,,596,596,0,,,,,,,,,,p3,poss,100,right,0.9457936249964405,None,None,,,,,,,,,,,0,596,596,262,770.403098540999,,,,,,,,,,,,,,,,,,,,,,,,,,,,,,,,,,,,,,,,,,,,,,,,,,,,,,,770.3949615829988,770.403098540999,770.8903528329975,770.8903528329975,770.9636068749969,770.9636068749969,771.359732541001,right,0.9457936249964405,None,771.3598550409952,771.3599085409951,None,,,,,,,,,,,,21049996,0,2025-10-20_13h42.01.136,tilt_mocs,2024.2.4,120.22253239129209,2025-10-20 13h42.12.817192 -0400,
-6.125,-15.0,,597,597,0,,,,,,,,,,m3,negs,100,right,0.8779933750047348,None,None,,,,,,,,,,,0,597,597,310,771.3700873749985,,,,,,,,,,,,,,,,,,,,,,,,,,,,,,,,,,,,,,,,,,,,,,,,,,,,,,,771.362093415999,771.3700873749985,771.8570856660008,771.8570856660008,771.9291741659981,771.9291741659981,772.2596893749942,right,0.8779933750047348,None,772.2598222909946,772.2598772909987,None,,,,,,,,,,,,21049996,0,2025-10-20_13h42.01.136,tilt_mocs,2024.2.4,120.22253239129209,2025-10-20 13h42.12.817192 -0400,
-3.625,-15.0,,598,598,0,,,,,,,,,,p1,negs,100,right,0.8375492080012918,None,None,,,,,,,,,,,0,598,598,441,772.2703597079962,,,,,,,,,,,,,,,,,,,,,,,,,,,,,,,,,,,,,,,,,,,,,,,,,,,,,,,772.2621987499952,772.2703597079962,772.7575464580004,772.7575464580004,772.8290115409982,772.8290115409982,773.110445833001,right,0.8375492080012918,None,773.110577665997,773.1106356249948,None,,,,,,,,,,,,21049996,0,2025-10-20_13h42.01.136,tilt_mocs,2024.2.4,120.22253239129209,2025-10-20 13h42.12.817192 -0400,
-4.125,-15.0,,599,599,0,,,,,,,,,,PSE,negs,100,right,0.9210689999963506,None,None,,,,,,,,,,,0,599,599,409,773.1209786249965,,,,,,,,,,,,,,,,,,,,,,,,,,,,,,,,,,,,,,,,,,,,,,,,,,,,,,,773.1129304159986,773.1209786249965,773.6070405409992,773.6070405409992,773.680283665999,773.680283665999,774.0482432079953,right,0.9210689999963506,None,774.0483453329944,774.0484114999999,None,,,,,,,,,,,,21049996,0,2025-10-20_13h42.01.136,tilt_mocs,2024.2.4,120.22253239129209,2025-10-20 13h42.12.817192 -0400,
1.5,15.0,,600,600,0,,,,,,,,,,m2,poss,100,right,0.9244131250015926,None,None,,,,,,,,,,,0,600,600,71,774.0738874999952,,,,,,,,,,,,,,,,,,,,,,,,,,,,,,,,,,,,,,,,,,,,,,,,,,,,,,,774.050300582996,774.0738874999952,774.5493204999948,774.5493204999948,774.6243032909988,774.6243032909988,775.0251387909957,right,0.9244131250015926,None,775.0252625409994,775.0253167080009,None,,,,,,,,,,,,21049996,0,2025-10-20_13h42.01.136,tilt_mocs,2024.2.4,120.22253239129209,2025-10-20 13h42.12.817192 -0400,
-2.125,-15.0,,601,601,0,,,,,,,,,,p3,negs,100,right,0.9902701250030077,None,None,,,,,,,,,,,0,601,601,537,775.0410867499959,,,,,,,,,,,,,,,,,,,,,,,,,,,,,,,,,,,,,,,,,,,,,,,,,,,,,,,775.0273473749985,775.0410867499959,775.5159604579967,775.5159604579967,775.5909519159977,775.5909519159977,776.0431013749985,right,0.9902701250030077,None,776.0432218749993,776.0432759159958,None,,,,,,,,,,,,21049996,0,2025-10-20_13h42.01.136,tilt_mocs,2024.2.4,120.22253239129209,2025-10-20 13h42.12.817192 -0400,
-2.125,-15.0,,602,602,0,,,,,,,,,,p3,negs,100,right,1.1126074159983546,None,None,,,,,,,,,,,0,602,602,551,776.0533489579975,,,,,,,,,,,,,,,,,,,,,,,,,,,,,,,,,,,,,,,,,,,,,,,,,,,,,,,776.0452422909948,776.0533489579975,776.5405376659983,776.5405376659983,776.6125911659983,776.6125911659983,777.1764968329953,right,1.1126074159983546,None,777.1766202910003,777.1766736659993,None,,,,,,,,,,,,21049996,0,2025-10-20_13h42.01.136,tilt_mocs,2024.2.4,120.22253239129209,2025-10-20 13h42.12.817192 -0400,
2.0,0.0,,603,603,0,,,,,,,,,,p3,noss,0,right,0.9245082500056014,None,None,,,,,,,,,,,0,603,603,693,777.1866624579998,,,,,,,,,,,,,,,,,,,,,,,,,,,,,,,,,,,,,,,,,,,,,,,,,,,,,,,777.1786321249965,777.1866624579998,777.673945124996,777.673945124996,777.7460297910002,777.7460297910002,778.1152931659963,right,0.9245082500056014,None,778.115397540998,778.1154399160005,None,,,,,,,,,,,,21049996,0,2025-10-20_13h42.01.136,tilt_mocs,2024.2.4,120.22253239129209,2025-10-20 13h42.12.817192 -0400,
3.0,15.0,,604,604,0,,,,,,,,,,p1,poss,100,right,0.9178860840038396,None,None,,,,,,,,,,,0,604,604,192,778.1263547079943,,,,,,,,,,,,,,,,,,,,,,,,,,,,,,,,,,,,,,,,,,,,,,,,,,,,,,,778.1172949579995,778.1263547079943,778.6160522499995,778.6160522499995,778.6910314999986,778.6910314999986,779.0494679999974,right,0.9178860840038396,None,779.0495892909967,779.0496461660005,None,,,,,,,,,,,,21049996,0,2025-10-20_13h42.01.136,tilt_mocs,2024.2.4,120.22253239129209,2025-10-20 13h42.12.817192 -0400,
3.5,15.0,,605,605,0,,,,,,,,,,p2,poss,100,right,0.9866715000025579,None,None,,,,,,,,,,,0,605,605,203,779.0599547079983,,,,,,,,,,,,,,,,,,,,,,,,,,,,,,,,,,,,,,,,,,,,,,,,,,,,,,,779.051672415997,779.0599547079983,779.5497880830007,779.5497880830007,779.6244312909985,779.6244312909985,780.0493683329987,right,0.9866715000025579,None,780.0494874579963,780.0495416249978,None,,,,,,,,,,,,21049996,0,2025-10-20_13h42.01.136,tilt_mocs,2024.2.4,120.22253239129209,2025-10-20 13h42.12.817192 -0400,
-2.125,-15.0,,606,606,0,,,,,,,,,,p3,negs,100,right,0.7902522500007763,None,None,,,,,,,,,,,0,606,606,536,780.0597755829949,,,,,,,,,,,,,,,,,,,,,,,,,,,,,,,,,,,,,,,,,,,,,,,,,,,,,,,780.0514669580007,780.0597755829949,780.5496831659984,780.5496831659984,780.624471790994,780.624471790994,780.8599340829969,right,0.7902522500007763,None,780.8600589999987,780.860113540999,None,,,,,,,,,,,,21049996,0,2025-10-20_13h42.01.136,tilt_mocs,2024.2.4,120.22253239129209,2025-10-20 13h42.12.817192 -0400,
-4.625,-15.0,,607,607,0,,,,,,,,,,m1,negs,100,right,0.838217333999637,None,None,,,,,,,,,,,0,607,607,382,780.8700645829958,,,,,,,,,,,,,,,,,,,,,,,,,,,,,,,,,,,,,,,,,,,,,,,,,,,,,,,780.8621091659952,780.8700645829958,781.3573158750005,781.3573158750005,781.4296944579983,781.4296944579983,781.7108549580007,right,0.838217333999637,None,781.7109859579941,781.7110432499976,None,,,,,,,,,,,,21049996,0,2025-10-20_13h42.01.136,tilt_mocs,2024.2.4,120.22253239129209,2025-10-20 13h42.12.817192 -0400,
0.0,0.0,,608,608,0,,,,,,,,,,PSE,noss,0,right,0.993731457994727,None,None,,,,,,,,,,,0,608,608,634,781.7215805829983,,,,,,,,,,,,,,,,,,,,,,,,,,,,,,,,,,,,,,,,,,,,,,,,,,,,,,,781.7135095829944,781.7215805829983,782.2072839579996,782.2072839579996,782.2800696659979,782.2800696659979,782.7271072500007,right,0.993731457994727,None,782.727247457995,782.7273057909988,None,,,,,,,,,,,,21049996,0,2025-10-20_13h42.01.136,tilt_mocs,2024.2.4,120.22253239129209,2025-10-20 13h42.12.817192 -0400,
3.0,15.0,,609,609,0,,,,,,,,,,p1,poss,100,right,0.8383350420044735,None,None,,,,,,,,,,,0,609,609,183,782.7376497079968,,,,,,,,,,,,,,,,,,,,,,,,,,,,,,,,,,,,,,,,,,,,,,,,,,,,,,,782.7296078750005,782.7376497079968,783.2241530829997,783.2241530829997,783.296992040996,783.296992040996,783.5823701659974,right,0.8383350420044735,None,783.5824920829982,783.5825491249998,None,,,,,,,,,,,,21049996,0,2025-10-20_13h42.01.136,tilt_mocs,2024.2.4,120.22253239129209,2025-10-20 13h42.12.817192 -0400,
3.0,15.0,,610,610,0,,,,,,,,,,p1,poss,100,right,1.0495296669978416,None,None,,,,,,,,,,,0,610,610,175,783.5926503749943,,,,,,,,,,,,,,,,,,,,,,,,,,,,,,,,,,,,,,,,,,,,,,,,,,,,,,,783.5844935829955,783.5926503749943,784.0827531659961,784.0827531659961,784.1578547909958,784.1578547909958,784.6531482079954,right,1.0495296669978416,None,784.6532461249953,784.6532917910008,None,,,,,,,,,,,,21049996,0,2025-10-20_13h42.01.136,tilt_mocs,2024.2.4,120.22253239129209,2025-10-20 13h42.12.817192 -0400,
-4.625,-15.0,,611,611,0,,,,,,,,,,m1,negs,100,right,1.2976395419973414,None,None,,,,,,,,,,,0,611,611,360,784.6599561249968,,,,,,,,,,,,,,,,,,,,,,,,,,,,,,,,,,,,,,,,,,,,,,,,,,,,,,,784.6551707909966,784.6599561249968,785.1501284159967,785.1501284159967,785.2246000409941,785.2246000409941,785.960138082999,right,1.2976395419973414,None,785.9602623329993,785.9603157499951,None,,,,,,,,,,,,21049996,0,2025-10-20_13h42.01.136,tilt_mocs,2024.2.4,120.22253239129209,2025-10-20 13h42.12.817192 -0400,
-6.125,-15.0,,612,612,0,,,,,,,,,,m3,negs,100,left,2.3390647080013878,None,None,,,,,,,,,,,0,612,612,285,785.9710252500008,,,,,,,,,,,,,,,,,,,,,,,,,,,,,,,,,,,,,,,,,,,,,,,,,,,,,,,785.9630452909987,785.9710252500008,786.4575818749945,786.4575818749945,786.529501332996,786.529501332996,788.3153643749974,left,2.3390647080013878,None,788.3154928329968,788.3155468749974,None,,,,,,,,,,,,21049996,0,2025-10-20_13h42.01.136,tilt_mocs,2024.2.4,120.22253239129209,2025-10-20 13h42.12.817192 -0400,
4.5,15.0,,613,613,0,,,,,,,,,,p3,poss,100,right,0.9567066250019707,None,None,,,,,,,,,,,0,613,613,250,788.3411437499963,,,,,,,,,,,,,,,,,,,,,,,,,,,,,,,,,,,,,,,,,,,,,,,,,,,,,,,788.3176948330001,788.3411437499963,788.8171098749954,788.8171098749954,788.8915680409991,788.8915680409991,789.3104244159986,right,0.9567066250019707,None,789.3105508329973,789.3106040409984,None,,,,,,,,,,,,21049996,0,2025-10-20_13h42.01.136,tilt_mocs,2024.2.4,120.22253239129209,2025-10-20 13h42.12.817192 -0400,
3.0,15.0,,614,614,0,,,,,,,,,,p1,poss,100,left,1.0607631249949918,None,None,,,,,,,,,,,0,614,614,167,789.3209937079955,,,,,,,,,,,,,,,,,,,,,,,,,,,,,,,,,,,,,,,,,,,,,,,,,,,,,,,789.3130095409942,789.3209937079955,789.8077203749999,789.8077203749999,789.8797329579975,789.8797329579975,790.384408416001,left,1.0607631249949918,None,790.384563915999,790.3846235829988,None,,,,,,,,,,,,21049996,0,2025-10-20_13h42.01.136,tilt_mocs,2024.2.4,120.22253239129209,2025-10-20 13h42.12.817192 -0400,
-4.625,-15.0,,615,615,0,,,,,,,,,,m1,negs,100,right,0.8896856659994228,None,None,,,,,,,,,,,0,615,615,374,790.3945702909987,,,,,,,,,,,,,,,,,,,,,,,,,,,,,,,,,,,,,,,,,,,,,,,,,,,,,,,790.3872003329961,790.3945702909987,790.8833759579938,790.8833759579938,790.958182082999,790.958182082999,791.2940595830005,right,0.8896856659994228,None,791.2942064579984,791.294263374999,None,,,,,,,,,,,,21049996,0,2025-10-20_13h42.01.136,tilt_mocs,2024.2.4,120.22253239129209,2025-10-20 13h42.12.817192 -0400,
3.0,15.0,,616,616,0,,,,,,,,,,p1,poss,100,right,1.1046061250017374,None,None,,,,,,,,,,,0,616,616,160,791.3047714579952,,,,,,,,,,,,,,,,,,,,,,,,,,,,,,,,,,,,,,,,,,,,,,,,,,,,,,,791.2967630829953,791.3047714579952,791.7910575829956,791.7910575829956,791.8631954999946,791.8631954999946,792.4155290829949,right,1.1046061250017374,None,792.4156499159944,792.4157037909972,None,,,,,,,,,,,,21049996,0,2025-10-20_13h42.01.136,tilt_mocs,2024.2.4,120.22253239129209,2025-10-20 13h42.12.817192 -0400,
1.5,15.0,,617,617,0,,,,,,,,,,m2,poss,100,left,1.0529679999963264,None,None,,,,,,,,,,,0,617,617,70,792.4413073749965,,,,,,,,,,,,,,,,,,,,,,,,,,,,,,,,,,,,,,,,,,,,,,,,,,,,,,,792.4178037909951,792.4413073749965,792.9170969580009,792.9170969580009,792.9916327079991,792.9916327079991,793.4988117079993,left,1.0529679999963264,None,793.4989280829977,793.4989826249948,None,,,,,,,,,,,,21049996,0,2025-10-20_13h42.01.136,tilt_mocs,2024.2.4,120.22253239129209,2025-10-20 13h42.12.817192 -0400,
0.0,0.0,,618,618,0,,,,,,,,,,PSE,noss,0,left,1.1901236250050715,None,None,,,,,,,,,,,0,618,618,625,793.5246562079992,,,,,,,,,,,,,,,,,,,,,,,,,,,,,,,,,,,,,,,,,,,,,,,,,,,,,,,793.5010311250007,793.5246562079992,793.999961415997,793.999961415997,794.0749139159961,794.0749139159961,794.7256026249961,left,1.1901236250050715,None,794.7257119579954,794.725757082997,None,,,,,,,,,,,,21049996,0,2025-10-20_13h42.01.136,tilt_mocs,2024.2.4,120.22253239129209,2025-10-20 13h42.12.817192 -0400,
-4.125,-15.0,,619,619,0,,,,,,,,,,PSE,negs,100,left,0.9417293749938835,None,None,,,,,,,,,,,0,619,619,422,794.7329123329982,,,,,,,,,,,,,,,,,,,,,,,,,,,,,,,,,,,,,,,,,,,,,,,,,,,,,,,794.7277041659981,794.7329123329982,795.2174577080004,795.2174577080004,795.2918244159955,795.2918244159955,795.6771447499996,left,0.9417293749938835,None,795.6772689579957,795.6773233749991,None,,,,,,,,,,,,21049996,0,2025-10-20_13h42.01.136,tilt_mocs,2024.2.4,120.22253239129209,2025-10-20 13h42.12.817192 -0400,
-4.625,-15.0,,620,620,0,,,,,,,,,,m1,negs,100,left,0.8477576250006678,None,None,,,,,,,,,,,0,620,620,393,795.6873681249999,,,,,,,,,,,,,,,,,,,,,,,,,,,,,,,,,,,,,,,,,,,,,,,,,,,,,,,795.6793767499985,795.6873681249999,796.1745507079977,796.1745507079977,796.2476437910009,796.2476437910009,796.543889624998,left,0.8477576250006678,None,796.5440136249963,796.5440757909964,None,,,,,,,,,,,,21049996,0,2025-10-20_13h42.01.136,tilt_mocs,2024.2.4,120.22253239129209,2025-10-20 13h42.12.817192 -0400,
-2.125,-15.0,,621,621,0,,,,,,,,,,p3,negs,100,left,0.8570038750040112,None,None,,,,,,,,,,,0,621,621,520,796.5541113750005,,,,,,,,,,,,,,,,,,,,,,,,,,,,,,,,,,,,,,,,,,,,,,,,,,,,,,,796.5461397909967,796.5541113750005,797.0411792079976,797.0411792079976,797.1138627909968,797.1138627909968,797.4157446659956,left,0.8570038750040112,None,797.4158653749982,797.4159185409953,None,,,,,,,,,,,,21049996,0,2025-10-20_13h42.01.136,tilt_mocs,2024.2.4,120.22253239129209,2025-10-20 13h42.12.817192 -0400,
1.0,0.0,,622,622,0,,,,,,,,,,p2,noss,0,left,1.135773624999274,None,None,,,,,,,,,,,0,622,622,660,797.4414592079993,,,,,,,,,,,,,,,,,,,,,,,,,,,,,,,,,,,,,,,,,,,,,,,,,,,,,,,797.4180256249965,797.4414592079993,797.9168009159985,797.9168009159985,797.99177375,797.99177375,798.5823473749988,left,1.135773624999274,None,798.5824738749943,798.5825285829997,None,,,,,,,,,,,,21049996,0,2025-10-20_13h42.01.136,tilt_mocs,2024.2.4,120.22253239129209,2025-10-20 13h42.12.817192 -0400,
-1.0,0.0,,623,623,0,,,,,,,,,,m2,noss,0,left,0.9539552089991048,None,None,,,,,,,,,,,0,623,623,594,798.6082017909939,,,,,,,,,,,,,,,,,,,,,,,,,,,,,,,,,,,,,,,,,,,,,,,,,,,,,,,798.5845145829953,798.6082017909939,799.0833236249964,799.0833236249964,799.1584622079972,799.1584622079972,799.5655053329974,left,0.9539552089991048,None,799.5655994999979,799.5656415829944,None,,,,,,,,,,,,21049996,0,2025-10-20_13h42.01.136,tilt_mocs,2024.2.4,120.22253239129209,2025-10-20 13h42.12.817192 -0400,
-2.125,-15.0,,624,624,0,,,,,,,,,,p3,negs,100,left,0.9118971659991075,None,None,,,,,,,,,,,0,624,624,553,799.5755551659968,,,,,,,,,,,,,,,,,,,,,,,,,,,,,,,,,,,,,,,,,,,,,,,,,,,,,,,799.5675413329955,799.5755551659968,800.0673632079997,800.0673632079997,800.141848457999,800.141848457999,800.4936456659998,left,0.9118971659991075,None,800.4937437080007,800.4937867909975,None,,,,,,,,,,,,21049996,0,2025-10-20_13h42.01.136,tilt_mocs,2024.2.4,120.22253239129209,2025-10-20 13h42.12.817192 -0400,
3.5,15.0,,625,625,0,,,,,,,,,,p2,poss,100,left,1.0910506660002284,None,None,,,,,,,,,,,0,625,625,211,800.5035128329982,,,,,,,,,,,,,,,,,,,,,,,,,,,,,,,,,,,,,,,,,,,,,,,,,,,,,,,800.4956567080008,800.5035128329982,800.990462624999,800.990462624999,801.0637325409989,801.0637325409989,801.5992377079965,left,1.0910506660002284,None,801.599334999999,801.5993777080002,None,,,,,,,,,,,,21049996,0,2025-10-20_13h42.01.136,tilt_mocs,2024.2.4,120.22253239129209,2025-10-20 13h42.12.817192 -0400,
4.5,15.0,,626,626,0,,,,,,,,,,p3,poss,100,left,1.0161499169989838,None,None,,,,,,,,,,,0,626,626,243,801.6098192079953,,,,,,,,,,,,,,,,,,,,,,,,,,,,,,,,,,,,,,,,,,,,,,,,,,,,,,,801.6016959579938,801.6098192079953,802.0999412079982,802.0999412079982,802.1752672910006,802.1752672910006,802.6291514159966,left,1.0161499169989838,None,802.6292927909963,802.6293490409953,None,,,,,,,,,,,,21049996,0,2025-10-20_13h42.01.136,tilt_mocs,2024.2.4,120.22253239129209,2025-10-20 13h42.12.817192 -0400,
2.0,15.0,,627,627,0,,,,,,,,,,m1,poss,100,left,0.920439166999131,None,None,,,,,,,,,,,0,627,627,99,802.640029999995,,,,,,,,,,,,,,,,,,,,,,,,,,,,,,,,,,,,,,,,,,,,,,,,,,,,,,,802.6315582079988,802.640029999995,803.1248974159971,803.1248974159971,803.1968369159949,803.1968369159949,803.5656544999947,left,0.920439166999131,None,803.5657699160001,803.5658215000003,None,,,,,,,,,,,,21049996,0,2025-10-20_13h42.01.136,tilt_mocs,2024.2.4,120.22253239129209,2025-10-20 13h42.12.817192 -0400,
-4.625,-15.0,,628,628,0,,,,,,,,,,m1,negs,100,left,0.8298278750007739,None,None,,,,,,,,,,,0,628,628,390,803.5916374160006,,,,,,,,,,,,,,,,,,,,,,,,,,,,,,,,,,,,,,,,,,,,,,,,,,,,,,,803.567822332996,803.5916374160006,804.0670215409991,804.0670215409991,804.1419682079941,804.1419682079941,804.4272991249964,left,0.8298278750007739,None,804.4274018750002,804.4274559999976,None,,,,,,,,,,,,21049996,0,2025-10-20_13h42.01.136,tilt_mocs,2024.2.4,120.22253239129209,2025-10-20 13h42.12.817192 -0400,
2.0,15.0,,629,629,0,,,,,,,,,,m1,poss,100,left,0.9969186249945778,None,None,,,,,,,,,,,0,629,629,83,804.4375068749941,,,,,,,,,,,,,,,,,,,,,,,,,,,,,,,,,,,,,,,,,,,,,,,,,,,,,,,804.4293142909955,804.4375068749941,804.9249687909978,804.9249687909978,804.9978137079961,804.9978137079961,805.444533707996,left,0.9969186249945778,None,805.4446905829973,805.444743125001,None,,,,,,,,,,,,21049996,0,2025-10-20_13h42.01.136,tilt_mocs,2024.2.4,120.22253239129209,2025-10-20 13h42.12.817192 -0400,
-5.125,-15.0,,630,630,0,,,,,,,,,,m2,negs,100,left,1.0903282090002904,None,None,,,,,,,,,,,0,630,630,345,805.4550875409986,,,,,,,,,,,,,,,,,,,,,,,,,,,,,,,,,,,,,,,,,,,,,,,,,,,,,,,805.4473387079997,805.4550875409986,805.9416100409944,805.9416100409944,806.015295499994,806.015295499994,806.5502398749959,left,1.0903282090002904,None,806.5503620829986,806.5504162910001,None,,,,,,,,,,,,21049996,0,2025-10-20_13h42.01.136,tilt_mocs,2024.2.4,120.22253239129209,2025-10-20 13h42.12.817192 -0400,
4.5,15.0,,631,631,0,,,,,,,,,,p3,poss,100,left,1.0935384589975001,None,None,,,,,,,,,,,0,631,631,278,806.5610830000005,,,,,,,,,,,,,,,,,,,,,,,,,,,,,,,,,,,,,,,,,,,,,,,,,,,,,,,806.5527934999991,806.5610830000005,807.0510747499939,807.0510747499939,807.1257911659995,807.1257911659995,807.6608388329987,left,1.0935384589975001,None,807.6609368749996,807.6609791249939,None,,,,,,,,,,,,21049996,0,2025-10-20_13h42.01.136,tilt_mocs,2024.2.4,120.22253239129209,2025-10-20 13h42.12.817192 -0400,
0.0,0.0,,632,632,0,,,,,,,,,,PSE,noss,0,left,0.8609035840054275,None,None,,,,,,,,,,,0,632,632,626,807.6708226249975,,,,,,,,,,,,,,,,,,,,,,,,,,,,,,,,,,,,,,,,,,,,,,,,,,,,,,,807.6628362499978,807.6708226249975,808.158293249995,808.158293249995,808.230167665999,808.230167665999,808.5345567080003,left,0.8609035840054275,None,808.5347971249939,808.5349110409952,None,,,,,,,,,,,,21049996,0,2025-10-20_13h42.01.136,tilt_mocs,2024.2.4,120.22253239129209,2025-10-20 13h42.12.817192 -0400,
-4.125,-15.0,,633,633,0,,,,,,,,,,PSE,negs,100,left,0.8311698749967036,None,None,,,,,,,,,,,0,633,633,435,808.5450069579965,,,,,,,,,,,,,,,,,,,,,,,,,,,,,,,,,,,,,,,,,,,,,,,,,,,,,,,808.5372612909996,808.5450069579965,809.0348547909962,809.0348547909962,809.1088133749945,809.1088133749945,809.3869078329953,left,0.8311698749967036,None,809.3870069159966,809.3870496659947,None,,,,,,,,,,,,21049996,0,2025-10-20_13h42.01.136,tilt_mocs,2024.2.4,120.22253239129209,2025-10-20 13h42.12.817192 -0400,
-3.625,-15.0,,634,634,0,,,,,,,,,,p1,negs,100,left,0.964416082999378,None,None,,,,,,,,,,,0,634,634,469,809.3945212079998,,,,,,,,,,,,,,,,,,,,,,,,,,,,,,,,,,,,,,,,,,,,,,,,,,,,,,,809.3889377499945,809.3945212079998,809.884135458,809.884135458,809.9589349159942,809.9589349159942,810.3616508329942,left,0.964416082999378,None,810.361823457999,810.361885540995,None,,,,,,,,,,,,21049996,0,2025-10-20_13h42.01.136,tilt_mocs,2024.2.4,120.22253239129209,2025-10-20 13h42.12.817192 -0400,
1.0,0.0,,635,635,0,,,,,,,,,,p2,noss,0,left,0.9440612910038908,None,None,,,,,,,,,,,0,635,635,666,810.372587165999,,,,,,,,,,,,,,,,,,,,,,,,,,,,,,,,,,,,,,,,,,,,,,,,,,,,,,,810.3643895409987,810.372587165999,810.8584722909945,810.8584722909945,810.9311769159976,810.9311769159976,811.328231499996,left,0.9440612910038908,None,811.3284469579958,811.3285444159992,None,,,,,,,,,,,,21049996,0,2025-10-20_13h42.01.136,tilt_mocs,2024.2.4,120.22253239129209,2025-10-20 13h42.12.817192 -0400,
0.5,15.0,,636,636,0,,,,,,,,,,m3,poss,100,left,1.0453769579980872,None,None,,,,,,,,,,,0,636,636,38,811.3395405829942,,,,,,,,,,,,,,,,,,,,,,,,,,,,,,,,,,,,,,,,,,,,,,,,,,,,,,,811.3310291659946,811.3395405829942,811.8251234999989,811.8251234999989,811.8973817500009,811.8973817500009,812.3945283749999,left,1.0453769579980872,None,812.3946563749996,812.3947124999977,None,,,,,,,,,,,,21049996,0,2025-10-20_13h42.01.136,tilt_mocs,2024.2.4,120.22253239129209,2025-10-20 13h42.12.817192 -0400,
-3.125,-15.0,,637,637,0,,,,,,,,,,p2,negs,100,left,1.1733025840003393,None,None,,,,,,,,,,,0,637,637,484,812.4052155409954,,,,,,,,,,,,,,,,,,,,,,,,,,,,,,,,,,,,,,,,,,,,,,,,,,,,,,,812.3970927909977,812.4052155409954,812.8917939999956,812.8917939999956,812.9637580829949,812.9637580829949,813.5840465410001,left,1.1733025840003393,None,813.5841714579947,813.5842402909984,None,,,,,,,,,,,,21049996,0,2025-10-20_13h42.01.136,tilt_mocs,2024.2.4,120.22253239129209,2025-10-20 13h42.12.817192 -0400,
2.0,15.0,,638,638,0,,,,,,,,,,m1,poss,100,left,1.1291860829951474,None,None,,,,,,,,,,,0,638,638,116,813.5944356249965,,,,,,,,,,,,,,,,,,,,,,,,,,,,,,,,,,,,,,,,,,,,,,,,,,,,,,,813.5862034999955,813.5944356249965,814.0852434579938,814.0852434579938,814.1591109159999,814.1591109159999,814.7278906659994,left,1.1291860829951474,None,814.7280150829974,814.7280618329969,None,,,,,,,,,,,,21049996,0,2025-10-20_13h42.01.136,tilt_mocs,2024.2.4,120.22253239129209,2025-10-20 13h42.12.817192 -0400,
3.5,15.0,,639,639,0,,,,,,,,,,p2,poss,100,left,0.9716593340053805,None,None,,,,,,,,,,,0,639,639,235,814.7377302499954,,,,,,,,,,,,,,,,,,,,,,,,,,,,,,,,,,,,,,,,,,,,,,,,,,,,,,,814.7299324579944,814.7377302499954,815.2252819999994,815.2252819999994,815.3092451249977,815.3092451249977,815.7121870409974,left,0.9716593340053805,None,815.7123532909973,815.7124102909947,None,,,,,,,,,,,,21049996,0,2025-10-20_13h42.01.136,tilt_mocs,2024.2.4,120.22253239129209,2025-10-20 13h42.12.817192 -0400,
-2.0,0.0,,640,640,0,,,,,,,,,,m3,noss,0,left,1.0247420840023551,None,None,,,,,,,,,,,0,640,640,578,815.723770083001,,,,,,,,,,,,,,,,,,,,,,,,,,,,,,,,,,,,,,,,,,,,,,,,,,,,,,,815.7155226249961,815.723770083001,816.2085307079979,816.2085307079979,816.2815440409977,816.2815440409977,816.7516987499985,left,1.0247420840023551,None,816.7518462499938,816.7519064579974,None,,,,,,,,,,,,21049996,0,2025-10-20_13h42.01.136,tilt_mocs,2024.2.4,120.22253239129209,2025-10-20 13h42.12.817192 -0400,
-4.625,-15.0,,641,641,0,,,,,,,,,,m1,negs,100,left,0.9046876659995178,None,None,,,,,,,,,,,0,641,641,367,816.7615449999939,,,,,,,,,,,,,,,,,,,,,,,,,,,,,,,,,,,,,,,,,,,,,,,,,,,,,,,816.7540800409988,816.7615449999939,817.2510637079977,817.2510637079977,817.3258917909989,817.3258917909989,817.6781248330008,left,0.9046876659995178,None,817.6782807909985,817.6783429999996,None,,,,,,,,,,,,21049996,0,2025-10-20_13h42.01.136,tilt_mocs,2024.2.4,120.22253239129209,2025-10-20 13h42.12.817192 -0400,
-4.125,-15.0,,642,642,0,,,,,,,,,,PSE,negs,100,left,0.8051200000045355,None,None,,,,,,,,,,,0,642,642,429,817.6886959999974,,,,,,,,,,,,,,,,,,,,,,,,,,,,,,,,,,,,,,,,,,,,,,,,,,,,,,,817.6806785410008,817.6886959999974,818.1752809579993,818.1752809579993,818.247294832996,818.247294832996,818.4998791249964,left,0.8051200000045355,None,818.500001165994,818.5000562079949,None,,,,,,,,,,,,21049996,0,2025-10-20_13h42.01.136,tilt_mocs,2024.2.4,120.22253239129209,2025-10-20 13h42.12.817192 -0400,
2.5,15.0,,643,643,0,,,,,,,,,,PSE,poss,100,left,0.9541727920004632,None,None,,,,,,,,,,,0,643,643,157,818.5255055409943,,,,,,,,,,,,,,,,,,,,,,,,,,,,,,,,,,,,,,,,,,,,,,,,,,,,,,,818.5020362079958,818.5255055409943,819.0006662499945,819.0006662499945,819.0758942079992,819.0758942079992,819.4843303329981,left,0.9541727920004632,None,819.4844773329969,819.4845332080004,None,,,,,,,,,,,,21049996,0,2025-10-20_13h42.01.136,tilt_mocs,2024.2.4,120.22253239129209,2025-10-20 13h42.12.817192 -0400,
3.0,15.0,,644,644,0,,,,,,,,,,p1,poss,100,left,1.114734667004086,None,None,,,,,,,,,,,0,644,644,196,819.4950779579958,,,,,,,,,,,,,,,,,,,,,,,,,,,,,,,,,,,,,,,,,,,,,,,,,,,,,,,819.4873846249975,819.4950779579958,819.9844227909998,819.9844227909998,820.0590584159945,820.0590584159945,820.6128277079988,left,1.114734667004086,None,820.6129687499997,820.6130305829938,None,,,,,,,,,,,,21049996,0,2025-10-20_13h42.01.136,tilt_mocs,2024.2.4,120.22253239129209,2025-10-20 13h42.12.817192 -0400,
3.5,15.0,,645,645,0,,,,,,,,,,p2,poss,100,left,1.165310500000487,None,None,,,,,,,,,,,0,645,645,236,820.6234258749973,,,,,,,,,,,,,,,,,,,,,,,,,,,,,,,,,,,,,,,,,,,,,,,,,,,,,,,820.6153109579973,820.6234258749973,821.1088225829953,821.1088225829953,821.1808529159971,821.1808529159971,821.7943843329995,left,1.165310500000487,None,821.7944813329959,821.7945250409975,None,,,,,,,,,,,,21049996,0,2025-10-20_13h42.01.136,tilt_mocs,2024.2.4,120.22253239129209,2025-10-20 13h42.12.817192 -0400,
-3.125,-15.0,,646,646,0,,,,,,,,,,p2,negs,100,left,1.0684047909962828,None,None,,,,,,,,,,,0,646,646,507,821.8044058749947,,,,,,,,,,,,,,,,,,,,,,,,,,,,,,,,,,,,,,,,,,,,,,,,,,,,,,,821.796372249999,821.8044058749947,822.2922687909959,822.2922687909959,822.364666040994,822.364666040994,822.8787345829987,left,1.0684047909962828,None,822.8788657909972,822.8789264579973,None,,,,,,,,,,,,21049996,0,2025-10-20_13h42.01.136,tilt_mocs,2024.2.4,120.22253239129209,2025-10-20 13h42.12.817192 -0400,
-2.125,-15.0,,647,647,0,,,,,,,,,,p3,negs,100,right,0.9897400420013582,None,None,,,,,,,,,,,0,647,647,541,822.889364290997,,,,,,,,,,,,,,,,,,,,,,,,,,,,,,,,,,,,,,,,,,,,,,,,,,,,,,,822.8810271249968,822.889364290997,823.3755568749984,823.3755568749984,823.4486069159975,823.4486069159975,823.882953458,right,0.9897400420013582,None,823.8830528749968,823.8830954999939,None,,,,,,,,,,,,21049996,0,2025-10-20_13h42.01.136,tilt_mocs,2024.2.4,120.22253239129209,2025-10-20 13h42.12.817192 -0400,
3.5,15.0,,648,648,0,,,,,,,,,,p2,poss,100,right,0.819792750000488,None,None,,,,,,,,,,,0,648,648,229,823.8931885409984,,,,,,,,,,,,,,,,,,,,,,,,,,,,,,,,,,,,,,,,,,,,,,,,,,,,,,,823.8849489999993,823.8931885409984,824.3844617909999,824.3844617909999,824.4593820829978,824.4593820829978,824.7168719999972,right,0.819792750000488,None,824.7171076249942,824.7171825409969,None,,,,,,,,,,,,21049996,0,2025-10-20_13h42.01.136,tilt_mocs,2024.2.4,120.22253239129209,2025-10-20 13h42.12.817192 -0400,
2.0,15.0,,649,649,0,,,,,,,,,,m1,poss,100,right,1.0116430839989334,None,None,,,,,,,,,,,0,649,649,93,824.7277939579944,,,,,,,,,,,,,,,,,,,,,,,,,,,,,,,,,,,,,,,,,,,,,,,,,,,,,,,824.719480832995,824.7277939579944,825.2174481659968,825.2174481659968,825.2927921249939,825.2927921249939,825.7447731659995,right,1.0116430839989334,None,825.7448968749959,825.744950332999,None,,,,,,,,,,,,21049996,0,2025-10-20_13h42.01.136,tilt_mocs,2024.2.4,120.22253239129209,2025-10-20 13h42.12.817192 -0400,
2.0,0.0,,650,650,0,,,,,,,,,,p3,noss,0,right,0.9383420830054092,None,None,,,,,,,,,,,0,650,650,686,825.7550171659968,,,,,,,,,,,,,,,,,,,,,,,,,,,,,,,,,,,,,,,,,,,,,,,,,,,,,,,825.7470531660001,825.7550171659968,826.242323790997,826.242323790997,826.3147282909995,826.3147282909995,826.695877457998,right,0.9383420830054092,None,826.6960145829944,826.6960684160003,None,,,,,,,,,,,,21049996,0,2025-10-20_13h42.01.136,tilt_mocs,2024.2.4,120.22253239129209,2025-10-20 13h42.12.817192 -0400,
-3.625,-15.0,,651,651,0,,,,,,,,,,p1,negs,100,right,0.86415879100241,None,None,,,,,,,,,,,0,651,651,457,826.7061980409999,,,,,,,,,,,,,,,,,,,,,,,,,,,,,,,,,,,,,,,,,,,,,,,,,,,,,,,826.6982559159951,826.7061980409999,827.192353915998,827.192353915998,827.2645848749962,827.2645848749962,827.577978082998,right,0.86415879100241,None,827.5781064580005,827.5781654159946,None,,,,,,,,,,,,21049996,0,2025-10-20_13h42.01.136,tilt_mocs,2024.2.4,120.22253239129209,2025-10-20 13h42.12.817192 -0400,
-6.125,-15.0,,652,652,0,,,,,,,,,,m3,negs,100,left,1.0548060000000987,None,None,,,,,,,,,,,0,652,652,299,827.5878481249965,,,,,,,,,,,,,,,,,,,,,,,,,,,,,,,,,,,,,,,,,,,,,,,,,,,,,,,827.5800769579946,827.5878481249965,828.0758222500008,828.0758222500008,828.1477574579985,828.1477574579985,828.645446040995,left,1.0548060000000987,None,828.6455989159949,828.645653915999,None,,,,,,,,,,,,21049996,0,2025-10-20_13h42.01.136,tilt_mocs,2024.2.4,120.22253239129209,2025-10-20 13h42.12.817192 -0400,
2.5,15.0,,653,653,0,,,,,,,,,,PSE,poss,100,left,0.7368488330030232,None,None,,,,,,,,,,,0,653,653,156,828.6559139159945,,,,,,,,,,,,,,,,,,,,,,,,,,,,,,,,,,,,,,,,,,,,,,,,,,,,,,,828.6476713749944,828.6559139159945,829.1423224579994,829.1423224579994,829.214277082996,829.214277082996,829.3950994159968,left,0.7368488330030232,None,829.3952027499981,829.3952465830007,None,,,,,,,,,,,,21049996,0,2025-10-20_13h42.01.136,tilt_mocs,2024.2.4,120.22253239129209,2025-10-20 13h42.12.817192 -0400,
4.5,15.0,,654,654,0,,,,,,,,,,p3,poss,100,left,0.9583437089968356,None,None,,,,,,,,,,,0,654,654,254,829.4050857499969,,,,,,,,,,,,,,,,,,,,,,,,,,,,,,,,,,,,,,,,,,,,,,,,,,,,,,,829.3970949159993,829.4050857499969,829.8924710409992,829.8924710409992,829.9642267499949,829.9642267499949,830.3670149999962,left,0.9583437089968356,None,830.3671358329957,830.3671921659989,None,,,,,,,,,,,,21049996,0,2025-10-20_13h42.01.136,tilt_mocs,2024.2.4,120.22253239129209,2025-10-20 13h42.12.817192 -0400,
4.5,15.0,,655,655,0,,,,,,,,,,p3,poss,100,right,0.8969430829965859,None,None,,,,,,,,,,,0,655,655,270,830.3926083330007,,,,,,,,,,,,,,,,,,,,,,,,,,,,,,,,,,,,,,,,,,,,,,,,,,,,,,,830.3690851659994,830.3926083330007,830.8677439999956,830.8677439999956,830.9429893749984,830.9429893749984,831.2949467500002,right,0.8969430829965859,None,831.295074624999,831.295127749996,None,,,,,,,,,,,,21049996,0,2025-10-20_13h42.01.136,tilt_mocs,2024.2.4,120.22253239129209,2025-10-20 13h42.12.817192 -0400,
2.0,15.0,,656,656,0,,,,,,,,,,m1,poss,100,right,0.7555760420000297,None,None,,,,,,,,,,,0,656,656,117,831.3051867499962,,,,,,,,,,,,,,,,,,,,,,,,,,,,,,,,,,,,,,,,,,,,,,,,,,,,,,,831.2970947909998,831.3051867499962,831.7925478749967,831.7925478749967,831.8643285409998,831.8643285409998,832.0667415409989,right,0.7555760420000297,None,832.0668605829997,832.066914832998,None,,,,,,,,,,,,21049996,0,2025-10-20_13h42.01.136,tilt_mocs,2024.2.4,120.22253239129209,2025-10-20 13h42.12.817192 -0400,
1.5,15.0,,657,657,0,,,,,,,,,,m2,poss,100,right,1.0735857079998823,None,None,,,,,,,,,,,0,657,657,78,832.0927292499982,,,,,,,,,,,,,,,,,,,,,,,,,,,,,,,,,,,,,,,,,,,,,,,,,,,,,,,832.0688927499941,832.0927292499982,832.5680961249964,832.5680961249964,832.6430516659966,832.6430516659966,833.1767503749943,right,1.0735857079998823,None,833.1768549999979,833.1769123749982,None,,,,,,,,,,,,21049996,0,2025-10-20_13h42.01.136,tilt_mocs,2024.2.4,120.22253239129209,2025-10-20 13h42.12.817192 -0400,
1.5,15.0,,658,658,0,,,,,,,,,,m2,poss,100,left,1.3092922089999774,None,None,,,,,,,,,,,0,658,658,60,833.1836889159968,,,,,,,,,,,,,,,,,,,,,,,,,,,,,,,,,,,,,,,,,,,,,,,,,,,,,,,833.1787926659963,833.1836889159968,833.6681330829961,833.6681330829961,833.7428889160001,833.7428889160001,834.4954657499984,left,1.3092922089999774,None,834.4955932499943,834.4956476660009,None,,,,,,,,,,,,21049996,0,2025-10-20_13h42.01.136,tilt_mocs,2024.2.4,120.22253239129209,2025-10-20 13h42.12.817192 -0400,
1.5,15.0,,659,659,0,,,,,,,,,,m2,poss,100,left,1.02174104200094,None,None,,,,,,,,,,,0,659,659,55,834.5057991249996,,,,,,,,,,,,,,,,,,,,,,,,,,,,,,,,,,,,,,,,,,,,,,,,,,,,,,,834.4977327079978,834.5057991249996,834.9925599159978,834.9925599159978,835.0651032499954,835.0651032499954,835.5387281250005,left,1.02174104200094,None,835.5388264159992,835.5388698329989,None,,,,,,,,,,,,21049996,0,2025-10-20_13h42.01.136,tilt_mocs,2024.2.4,120.22253239129209,2025-10-20 13h42.12.817192 -0400,
2.5,15.0,,660,660,0,,,,,,,,,,PSE,poss,100,left,0.858302000000549,None,None,,,,,,,,,,,0,660,660,159,835.5454458749955,,,,,,,,,,,,,,,,,,,,,,,,,,,,,,,,,,,,,,,,,,,,,,,,,,,,,,,835.5407694159949,835.5454458749955,836.0349861249997,836.0349861249997,836.1099278749971,836.1099278749971,836.4121072499984,left,0.858302000000549,None,836.4122664999959,836.4123291659998,None,,,,,,,,,,,,21049996,0,2025-10-20_13h42.01.136,tilt_mocs,2024.2.4,120.22253239129209,2025-10-20 13h42.12.817192 -0400,
-5.125,-15.0,,661,661,0,,,,,,,,,,m2,negs,100,left,1.0432837499974994,None,None,,,,,,,,,,,0,661,661,333,836.423172625,,,,,,,,,,,,,,,,,,,,,,,,,,,,,,,,,,,,,,,,,,,,,,,,,,,,,,,836.414949375001,836.423172625,836.9094013329959,836.9094013329959,836.982578790994,836.982578790994,837.4693565829948,left,1.0432837499974994,None,837.4695052499956,837.4695659999998,None,,,,,,,,,,,,21049996,0,2025-10-20_13h42.01.136,tilt_mocs,2024.2.4,120.22253239129209,2025-10-20 13h42.12.817192 -0400,
-3.625,-15.0,,662,662,0,,,,,,,,,,p1,negs,100,left,0.8152022919966839,None,None,,,,,,,,,,,0,662,662,448,837.4790560409965,,,,,,,,,,,,,,,,,,,,,,,,,,,,,,,,,,,,,,,,,,,,,,,,,,,,,,,837.471503875,837.4790560409965,837.9684511249943,837.9684511249943,838.043352749999,838.043352749999,838.3052506249951,left,0.8152022919966839,None,838.3053520829999,838.3053960409961,None,,,,,,,,,,,,21049996,0,2025-10-20_13h42.01.136,tilt_mocs,2024.2.4,120.22253239129209,2025-10-20 13h42.12.817192 -0400,
-2.125,-15.0,,663,663,0,,,,,,,,,,p3,negs,100,left,0.8255832499999087,None,None,,,,,,,,,,,0,663,663,524,838.3120924579998,,,,,,,,,,,,,,,,,,,,,,,,,,,,,,,,,,,,,,,,,,,,,,,,,,,,,,,838.3072683329956,838.3120924579998,838.801408415995,838.801408415995,838.8764716660007,838.8764716660007,839.1455917079948,left,0.8255832499999087,None,839.1457321249982,839.1457898749941,None,,,,,,,,,,,,21049996,0,2025-10-20_13h42.01.136,tilt_mocs,2024.2.4,120.22253239129209,2025-10-20 13h42.12.817192 -0400,
-3.125,-15.0,,664,664,0,,,,,,,,,,p2,negs,100,left,0.7710647920030169,None,None,,,,,,,,,,,0,664,664,511,839.1562087079947,,,,,,,,,,,,,,,,,,,,,,,,,,,,,,,,,,,,,,,,,,,,,,,,,,,,,,,839.1480437909995,839.1562087079947,839.642803666,839.642803666,839.714797665998,839.714797665998,839.9383461249963,left,0.7710647920030169,None,839.9384477079948,839.9384953330009,None,,,,,,,,,,,,21049996,0,2025-10-20_13h42.01.136,tilt_mocs,2024.2.4,120.22253239129209,2025-10-20 13h42.12.817192 -0400,
3.5,15.0,,665,665,0,,,,,,,,,,p2,poss,100,left,0.7866050000011455,None,None,,,,,,,,,,,0,665,665,222,839.9452360829964,,,,,,,,,,,,,,,,,,,,,,,,,,,,,,,,,,,,,,,,,,,,,,,,,,,,,,,839.9403911249974,839.9452360829964,840.4348973749948,840.4348973749948,840.5099830830004,840.5099830830004,840.7351070410004,left,0.7866050000011455,None,840.7352442499978,840.735303040994,None,,,,,,,,,,,,21049996,0,2025-10-20_13h42.01.136,tilt_mocs,2024.2.4,120.22253239129209,2025-10-20 13h42.12.817192 -0400,
-3.125,-15.0,,666,666,0,,,,,,,,,,p2,negs,100,left,1.1747898329995223,None,None,,,,,,,,,,,0,666,666,519,840.7454422499941,,,,,,,,,,,,,,,,,,,,,,,,,,,,,,,,,,,,,,,,,,,,,,,,,,,,,,,840.737437374999,840.7454422499941,841.236359165996,841.236359165996,841.3100447909965,841.3100447909965,841.9287734579993,left,1.1747898329995223,None,841.9288772079963,841.9289214999953,None,,,,,,,,,,,,21049996,0,2025-10-20_13h42.01.136,tilt_mocs,2024.2.4,120.22253239129209,2025-10-20 13h42.12.817192 -0400,
4.5,15.0,,667,667,0,,,,,,,,,,p3,poss,100,right,1.0606316670018714,None,None,,,,,,,,,,,0,667,667,248,841.9387155829972,,,,,,,,,,,,,,,,,,,,,,,,,,,,,,,,,,,,,,,,,,,,,,,,,,,,,,,841.9308037499941,841.9387155829972,842.4262853330001,842.4262853330001,842.498749624996,842.498749624996,843.0020738329986,right,1.0606316670018714,None,843.0021980409947,843.0022512079959,None,,,,,,,,,,,,21049996,0,2025-10-20_13h42.01.136,tilt_mocs,2024.2.4,120.22253239129209,2025-10-20 13h42.12.817192 -0400,
3.5,15.0,,668,668,0,,,,,,,,,,p2,poss,100,right,0.8603116250014864,None,None,,,,,,,,,,,0,668,668,230,843.012393457997,,,,,,,,,,,,,,,,,,,,,,,,,,,,,,,,,,,,,,,,,,,,,,,,,,,,,,,843.0044989999951,843.012393457997,843.5035717079954,843.5035717079954,843.5768636659996,843.5768636659996,843.8787593749948,right,0.8603116250014864,None,843.8788592909987,843.8789017909949,None,,,,,,,,,,,,21049996,0,2025-10-20_13h42.01.136,tilt_mocs,2024.2.4,120.22253239129209,2025-10-20 13h42.12.817192 -0400,
1.5,15.0,,669,669,0,,,,,,,,,,m2,poss,100,right,0.968369916001393,None,None,,,,,,,,,,,0,669,669,77,843.888781499998,,,,,,,,,,,,,,,,,,,,,,,,,,,,,,,,,,,,,,,,,,,,,,,,,,,,,,,843.8807567499971,843.888781499998,844.3762317079963,844.3762317079963,844.4491625829978,844.4491625829978,844.8624627499958,right,0.968369916001393,None,844.8625649999958,844.8626111659978,None,,,,,,,,,,,,21049996,0,2025-10-20_13h42.01.136,tilt_mocs,2024.2.4,120.22253239129209,2025-10-20 13h42.12.817192 -0400,
-6.125,-15.0,,670,670,0,,,,,,,,,,m3,negs,100,right,0.8140107500003069,None,None,,,,,,,,,,,0,670,670,306,844.8724509579988,,,,,,,,,,,,,,,,,,,,,,,,,,,,,,,,,,,,,,,,,,,,,,,,,,,,,,,844.8644982909973,844.8724509579988,845.3586512080001,845.3586512080001,845.4325374999971,845.4325374999971,845.6956737500004,right,0.8140107500003069,None,845.6957781249948,845.6958211249948,None,,,,,,,,,,,,21049996,0,2025-10-20_13h42.01.136,tilt_mocs,2024.2.4,120.22253239129209,2025-10-20 13h42.12.817192 -0400,
-2.0,0.0,,671,671,0,,,,,,,,,,m3,noss,0,left,0.8279212920024293,None,None,,,,,,,,,,,0,671,671,576,845.7057628330003,,,,,,,,,,,,,,,,,,,,,,,,,,,,,,,,,,,,,,,,,,,,,,,,,,,,,,,845.697749166,845.7057628330003,846.1930620829953,846.1930620829953,846.2656004999953,846.2656004999953,846.545729999998,left,0.8279212920024293,None,846.5458698750008,846.5459276249967,None,,,,,,,,,,,,21049996,0,2025-10-20_13h42.01.136,tilt_mocs,2024.2.4,120.22253239129209,2025-10-20 13h42.12.817192 -0400,
-4.125,-15.0,,672,672,0,,,,,,,,,,PSE,negs,100,left,1.0232976670013159,None,None,,,,,,,,,,,0,672,672,419,846.555959665995,,,,,,,,,,,,,,,,,,,,,,,,,,,,,,,,,,,,,,,,,,,,,,,,,,,,,,,846.548025832999,846.555959665995,847.042996832999,847.042996832999,847.1154424579945,847.1154424579945,847.5855312499989,left,1.0232976670013159,None,847.5856680829966,847.585726499994,None,,,,,,,,,,,,21049996,0,2025-10-20_13h42.01.136,tilt_mocs,2024.2.4,120.22253239129209,2025-10-20 13h42.12.817192 -0400,
1.0,0.0,,673,673,0,,,,,,,,,,p2,noss,0,left,0.8050173749943497,None,None,,,,,,,,,,,0,673,673,670,847.5960957079951,,,,,,,,,,,,,,,,,,,,,,,,,,,,,,,,,,,,,,,,,,,,,,,,,,,,,,,847.5878419159999,847.5960957079951,848.0862869579942,848.0862869579942,848.1602494580002,848.1602494580002,848.4123657079981,left,0.8050173749943497,None,848.4124932909981,848.4125487499987,None,,,,,,,,,,,,21049996,0,2025-10-20_13h42.01.136,tilt_mocs,2024.2.4,120.22253239129209,2025-10-20 13h42.12.817192 -0400,
-4.125,-15.0,,674,674,0,,,,,,,,,,PSE,negs,100,left,1.1012862920033513,None,None,,,,,,,,,,,0,674,674,405,848.4225040409947,,,,,,,,,,,,,,,,,,,,,,,,,,,,,,,,,,,,,,,,,,,,,,,,,,,,,,,848.4145655409957,848.4225040409947,848.9098201659945,848.9098201659945,848.9835712079948,848.9835712079948,849.5289944579999,left,1.1012862920033513,None,849.5290974579984,849.5291407080003,None,,,,,,,,,,,,21049996,0,2025-10-20_13h42.01.136,tilt_mocs,2024.2.4,120.22253239129209,2025-10-20 13h42.12.817192 -0400,
3.0,15.0,,675,675,0,,,,,,,,,,p1,poss,100,right,0.8044523749995278,None,None,,,,,,,,,,,0,675,675,199,849.539075875,,,,,,,,,,,,,,,,,,,,,,,,,,,,,,,,,,,,,,,,,,,,,,,,,,,,,,,849.531012624997,849.539075875,850.026424165997,850.026424165997,850.0988581659985,850.0988581659985,850.3460021659994,right,0.8044523749995278,None,850.3461393329999,850.3461948749973,None,,,,,,,,,,,,21049996,0,2025-10-20_13h42.01.136,tilt_mocs,2024.2.4,120.22253239129209,2025-10-20 13h42.12.817192 -0400,
0.5,0.0,,676,676,0,,,,,,,,,,p1,noss,0,right,1.031599500005541,None,None,,,,,,,,,,,0,676,676,658,850.3572544159979,,,,,,,,,,,,,,,,,,,,,,,,,,,,,,,,,,,,,,,,,,,,,,,,,,,,,,,850.3486536249984,850.3572544159979,850.8430933329946,850.8430933329946,850.915861290996,850.915861290996,851.3964567500007,right,1.031599500005541,None,851.3966062499967,851.3966670000009,None,,,,,,,,,,,,21049996,0,2025-10-20_13h42.01.136,tilt_mocs,2024.2.4,120.22253239129209,2025-10-20 13h42.12.817192 -0400,
-6.125,-15.0,,677,677,0,,,,,,,,,,m3,negs,100,left,1.02525170899753,None,None,,,,,,,,,,,0,677,677,283,851.4072094160001,,,,,,,,,,,,,,,,,,,,,,,,,,,,,,,,,,,,,,,,,,,,,,,,,,,,,,,851.3989074159981,851.4072094160001,851.893148874995,851.893148874995,851.9661632909992,851.9661632909992,852.4356261249995,left,1.02525170899753,None,852.4357696660009,852.4358240410002,None,,,,,,,,,,,,21049996,0,2025-10-20_13h42.01.136,tilt_mocs,2024.2.4,120.22253239129209,2025-10-20 13h42.12.817192 -0400,
-6.125,-15.0,,678,678,0,,,,,,,,,,m3,negs,100,left,1.1585473750019446,None,None,,,,,,,,,,,0,678,678,304,852.4461321249983,,,,,,,,,,,,,,,,,,,,,,,,,,,,,,,,,,,,,,,,,,,,,,,,,,,,,,,852.437827875001,852.4461321249983,852.9348519579944,852.9348519579944,853.010407582995,853.010407582995,853.6123949579996,left,1.1585473750019446,None,853.6124948329962,853.6125379579971,None,,,,,,,,,,,,21049996,0,2025-10-20_13h42.01.136,tilt_mocs,2024.2.4,120.22253239129209,2025-10-20 13h42.12.817192 -0400,
-4.125,-15.0,,679,679,0,,,,,,,,,,PSE,negs,100,right,0.9544075000012526,None,None,,,,,,,,,,,0,679,679,424,853.6223800829976,,,,,,,,,,,,,,,,,,,,,,,,,,,,,,,,,,,,,,,,,,,,,,,,,,,,,,,853.6144502499956,853.6223800829976,854.1099676249942,854.1099676249942,854.1824430409979,854.1824430409979,854.5796259999988,right,0.9544075000012526,None,854.579764915994,854.5798197080003,None,,,,,,,,,,,,21049996,0,2025-10-20_13h42.01.136,tilt_mocs,2024.2.4,120.22253239129209,2025-10-20 13h42.12.817192 -0400,
-3.125,-15.0,,680,680,0,,,,,,,,,,p2,negs,100,left,1.1627756249945378,None,None,,,,,,,,,,,0,680,680,518,854.5898908329982,,,,,,,,,,,,,,,,,,,,,,,,,,,,,,,,,,,,,,,,,,,,,,,,,,,,,,,854.5820135829999,854.5898908329982,855.0766133750003,855.0766133750003,855.1485584159964,855.1485584159964,855.7627401249993,left,1.1627756249945378,None,855.7629032909972,855.7629602909947,None,,,,,,,,,,,,21049996,0,2025-10-20_13h42.01.136,tilt_mocs,2024.2.4,120.22253239129209,2025-10-20 13h42.12.817192 -0400,
0.5,15.0,,681,681,0,,,,,,,,,,m3,poss,100,left,1.0768238750024466,None,None,,,,,,,,,,,0,681,681,39,855.7731876659964,,,,,,,,,,,,,,,,,,,,,,,,,,,,,,,,,,,,,,,,,,,,,,,,,,,,,,,855.7654957499981,855.7731876659964,856.2592501659965,856.2592501659965,856.3325302079975,856.3325302079975,856.8526776250001,left,1.0768238750024466,None,856.8527849579987,856.8528269159942,None,,,,,,,,,,,,21049996,0,2025-10-20_13h42.01.136,tilt_mocs,2024.2.4,120.22253239129209,2025-10-20 13h42.12.817192 -0400,
2.5,15.0,,682,682,0,,,,,,,,,,PSE,poss,100,left,0.8335610829963116,None,None,,,,,,,,,,,0,682,682,130,856.8628374159962,,,,,,,,,,,,,,,,,,,,,,,,,,,,,,,,,,,,,,,,,,,,,,,,,,,,,,,856.8546965829955,856.8628374159962,857.3522509579998,857.3522509579998,857.4272869579945,857.4272869579945,857.7013162910007,left,0.8335610829963116,None,857.7014449159979,857.7015095829993,None,,,,,,,,,,,,21049996,0,2025-10-20_13h42.01.136,tilt_mocs,2024.2.4,120.22253239129209,2025-10-20 13h42.12.817192 -0400,
1.0,0.0,,683,683,0,,,,,,,,,,p2,noss,0,left,0.9426195839987486,None,None,,,,,,,,,,,0,683,683,668,857.7117914159971,,,,,,,,,,,,,,,,,,,,,,,,,,,,,,,,,,,,,,,,,,,,,,,,,,,,,,,857.7036292079938,857.7117914159971,858.2022687909994,858.2022687909994,858.2772675829983,858.2772675829983,858.6625801659975,left,0.9426195839987486,None,858.6627018750005,858.662755874997,None,,,,,,,,,,,,21049996,0,2025-10-20_13h42.01.136,tilt_mocs,2024.2.4,120.22253239129209,2025-10-20 13h42.12.817192 -0400,
-5.125,-15.0,,684,684,0,,,,,,,,,,m2,negs,100,left,0.9092275830043945,None,None,,,,,,,,,,,0,684,684,348,858.6725563750006,,,,,,,,,,,,,,,,,,,,,,,,,,,,,,,,,,,,,,,,,,,,,,,,,,,,,,,858.6646900829946,858.6725563750006,859.1598270409959,859.1598270409959,859.2319349159952,859.2319349159952,859.5855260829994,left,0.9092275830043945,None,859.5856239159984,859.5856673329981,None,,,,,,,,,,,,21049996,0,2025-10-20_13h42.01.136,tilt_mocs,2024.2.4,120.22253239129209,2025-10-20 13h42.12.817192 -0400,
-2.0,0.0,,685,685,0,,,,,,,,,,m3,noss,0,left,0.7921079170046141,None,None,,,,,,,,,,,0,685,685,577,859.5958142499949,,,,,,,,,,,,,,,,,,,,,,,,,,,,,,,,,,,,,,,,,,,,,,,,,,,,,,,859.5875497499947,859.5958142499949,860.0859290829976,860.0859290829976,860.1607339580005,860.1607339580005,860.3962803329996,left,0.7921079170046141,None,860.3964074579999,860.3964630409973,None,,,,,,,,,,,,21049996,0,2025-10-20_13h42.01.136,tilt_mocs,2024.2.4,120.22253239129209,2025-10-20 13h42.12.817192 -0400,
0.5,0.0,,686,686,0,,,,,,,,,,p1,noss,0,left,0.7918259579964797,None,None,,,,,,,,,,,0,686,686,657,860.4069715000005,,,,,,,,,,,,,,,,,,,,,,,,,,,,,,,,,,,,,,,,,,,,,,,,,,,,,,,860.398904624999,860.4069715000005,860.8934741249977,860.8934741249977,860.9659207910008,860.9659207910008,861.2015431659966,left,0.7918259579964797,None,861.2016661659945,861.201731041001,None,,,,,,,,,,,,21049996,0,2025-10-20_13h42.01.136,tilt_mocs,2024.2.4,120.22253239129209,2025-10-20 13h42.12.817192 -0400,
4.5,15.0,,687,687,0,,,,,,,,,,p3,poss,100,left,0.8376482500025304,None,None,,,,,,,,,,,0,687,687,273,861.2270827909961,,,,,,,,,,,,,,,,,,,,,,,,,,,,,,,,,,,,,,,,,,,,,,,,,,,,,,,861.2036414159957,861.2270827909961,861.7022407909972,861.7022407909972,861.7773543329968,861.7773543329968,862.0683365410005,left,0.8376482500025304,None,862.0684322499947,862.0684757909985,None,,,,,,,,,,,,21049996,0,2025-10-20_13h42.01.136,tilt_mocs,2024.2.4,120.22253239129209,2025-10-20 13h42.12.817192 -0400,
0.5,15.0,,688,688,0,,,,,,,,,,m3,poss,100,left,0.8727852499941946,None,None,,,,,,,,,,,0,688,688,22,862.0788317080005,,,,,,,,,,,,,,,,,,,,,,,,,,,,,,,,,,,,,,,,,,,,,,,,,,,,,,,862.0703651660006,862.0788317080005,862.5691678329968,862.5691678329968,862.6441438330003,862.6441438330003,862.9628736249942,left,0.8727852499941946,None,862.9630009999964,862.9630535830001,None,,,,,,,,,,,,21049996,0,2025-10-20_13h42.01.136,tilt_mocs,2024.2.4,120.22253239129209,2025-10-20 13h42.12.817192 -0400,
1.5,15.0,,689,689,0,,,,,,,,,,m2,poss,100,left,0.941553999997268,None,None,,,,,,,,,,,0,689,689,54,862.97318275,,,,,,,,,,,,,,,,,,,,,,,,,,,,,,,,,,,,,,,,,,,,,,,,,,,,,,,862.9652788749954,862.97318275,863.4602917079974,863.4602917079974,863.5332932079982,863.5332932079982,863.9180171249973,left,0.941553999997268,None,863.918112374995,863.9181548749984,None,,,,,,,,,,,,21049996,0,2025-10-20_13h42.01.136,tilt_mocs,2024.2.4,120.22253239129209,2025-10-20 13h42.12.817192 -0400,
0.5,15.0,,690,690,0,,,,,,,,,,m3,poss,100,left,0.8956087910046335,None,None,,,,,,,,,,,0,690,690,4,863.9437944579986,,,,,,,,,,,,,,,,,,,,,,,,,,,,,,,,,,,,,,,,,,,,,,,,,,,,,,,863.9200138749948,863.9437944579986,864.4202421659938,864.4202421659938,864.494410249994,864.494410249994,864.8460378749951,left,0.8956087910046335,None,864.8461632909966,864.8462184159944,None,,,,,,,,,,,,21049996,0,2025-10-20_13h42.01.136,tilt_mocs,2024.2.4,120.22253239129209,2025-10-20 13h42.12.817192 -0400,
-4.625,-15.0,,691,691,0,,,,,,,,,,m1,negs,100,left,0.8940291249964503,None,None,,,,,,,,,,,0,691,691,363,864.8565028749945,,,,,,,,,,,,,,,,,,,,,,,,,,,,,,,,,,,,,,,,,,,,,,,,,,,,,,,864.8483437499963,864.8565028749945,865.3437192909987,865.3437192909987,865.4169941250002,865.4169941250002,865.7630351659973,left,0.8940291249964503,None,865.7631649579998,865.7632183749956,None,,,,,,,,,,,,21049996,0,2025-10-20_13h42.01.136,tilt_mocs,2024.2.4,120.22253239129209,2025-10-20 13h42.12.817192 -0400,
-5.125,-15.0,,692,692,0,,,,,,,,,,m2,negs,100,left,0.836500707999221,None,None,,,,,,,,,,,0,692,692,342,865.773762290999,,,,,,,,,,,,,,,,,,,,,,,,,,,,,,,,,,,,,,,,,,,,,,,,,,,,,,,865.7655827499984,865.773762290999,866.2603136249963,866.2603136249963,866.3327463329988,866.3327463329988,866.6129672909956,left,0.836500707999221,None,866.6130902500008,866.6131442499973,None,,,,,,,,,,,,21049996,0,2025-10-20_13h42.01.136,tilt_mocs,2024.2.4,120.22253239129209,2025-10-20 13h42.12.817192 -0400,
2.5,15.0,,693,693,0,,,,,,,,,,PSE,poss,100,left,0.9877115409981343,None,None,,,,,,,,,,,0,693,693,153,866.6230045409975,,,,,,,,,,,,,,,,,,,,,,,,,,,,,,,,,,,,,,,,,,,,,,,,,,,,,,,866.6151184999981,866.6230045409975,867.1103258329968,867.1103258329968,867.1824172499983,867.1824172499983,867.6135416249963,left,0.9877115409981343,None,867.6137953750003,867.6139022079951,None,,,,,,,,,,,,21049996,0,2025-10-20_13h42.01.136,tilt_mocs,2024.2.4,120.22253239129209,2025-10-20 13h42.12.817192 -0400,
2.0,0.0,,694,694,0,,,,,,,,,,p3,noss,0,left,0.9027084580011433,None,None,,,,,,,,,,,0,694,694,692,867.6245493329989,,,,,,,,,,,,,,,,,,,,,,,,,,,,,,,,,,,,,,,,,,,,,,,,,,,,,,,867.6163434159971,867.6245493329989,868.110592457997,868.110592457997,868.1823931249965,868.1823931249965,868.5299173329986,left,0.9027084580011433,None,868.5300468329951,868.5301001659973,None,,,,,,,,,,,,21049996,0,2025-10-20_13h42.01.136,tilt_mocs,2024.2.4,120.22253239129209,2025-10-20 13h42.12.817192 -0400,
3.5,15.0,,695,695,0,,,,,,,,,,p2,poss,100,right,1.2094801659986842,None,None,,,,,,,,,,,0,695,695,201,868.5402085409951,,,,,,,,,,,,,,,,,,,,,,,,,,,,,,,,,,,,,,,,,,,,,,,,,,,,,,,868.5322470829997,868.5402085409951,869.0271240000002,869.0271240000002,869.0991010829966,869.0991010829966,869.7523219579962,right,1.2094801659986842,None,869.7524493329984,869.7524993749976,None,,,,,,,,,,,,21049996,0,2025-10-20_13h42.01.136,tilt_mocs,2024.2.4,120.22253239129209,2025-10-20 13h42.12.817192 -0400,
-6.125,-15.0,,696,696,0,,,,,,,,,,m3,negs,100,left,0.9883337919964106,None,None,,,,,,,,,,,0,696,696,314,869.7623746659956,,,,,,,,,,,,,,,,,,,,,,,,,,,,,,,,,,,,,,,,,,,,,,,,,,,,,,,869.7543884580009,869.7623746659956,870.2527037499967,870.2527037499967,870.3277152499941,870.3277152499941,870.7537627909987,left,0.9883337919964106,None,870.753894165995,870.7539447499948,None,,,,,,,,,,,,21049996,0,2025-10-20_13h42.01.136,tilt_mocs,2024.2.4,120.22253239129209,2025-10-20 13h42.12.817192 -0400,
1.5,15.0,,697,697,0,,,,,,,,,,m2,poss,100,left,0.8906028339988552,None,None,,,,,,,,,,,0,697,697,79,870.763963915997,,,,,,,,,,,,,,,,,,,,,,,,,,,,,,,,,,,,,,,,,,,,,,,,,,,,,,,870.7564430829952,870.763963915997,871.2524821249972,871.2524821249972,871.3276552079988,871.3276552079988,871.6632307079999,left,0.8906028339988552,None,871.663353625001,871.6634082079981,None,,,,,,,,,,,,21049996,0,2025-10-20_13h42.01.136,tilt_mocs,2024.2.4,120.22253239129209,2025-10-20 13h42.12.817192 -0400,
3.5,15.0,,698,698,0,,,,,,,,,,p2,poss,100,right,1.3970100419974187,None,None,,,,,,,,,,,0,698,698,223,871.6733774159948,,,,,,,,,,,,,,,,,,,,,,,,,,,,,,,,,,,,,,,,,,,,,,,,,,,,,,,871.6655285829984,871.6733774159948,872.1606324159948,872.1606324159948,872.2334644579969,872.2334644579969,873.0800620829978,right,1.3970100419974187,None,873.0801879579958,873.0802430830008,None,,,,,,,,,,,,21049996,0,2025-10-20_13h42.01.136,tilt_mocs,2024.2.4,120.22253239129209,2025-10-20 13h42.12.817192 -0400,
-4.125,-15.0,,699,699,0,,,,,,,,,,PSE,negs,100,left,1.005969792000542,None,None,,,,,,,,,,,0,699,699,408,873.0905235409955,,,,,,,,,,,,,,,,,,,,,,,,,,,,,,,,,,,,,,,,,,,,,,,,,,,,,,,873.0825687079996,873.0905235409955,873.5773544999975,873.5773544999975,873.6502709579945,873.6502709579945,874.1016212079994,left,1.005969792000542,None,874.1017429159983,874.1017953329938,None,,,,,,,,,,,,21049996,0,2025-10-20_13h42.01.136,tilt_mocs,2024.2.4,120.22253239129209,2025-10-20 13h42.12.817192 -0400,
,,,,,,,,,,,,,,,,,,,,,,,,,,,,,,,,,,,,,,,,,,,,,,,,,,,,,,,,,,,,,,,,,,,,,,,,,,,,,,,,,,,,,,,,,,,,,,,,,,,,,,,,,,,,874.1019620000006,874.1275104579981,874.1275104579981,918.2313118749953,space,44.097897583000304,None,21049996,0,2025-10-20_13h42.01.136,tilt_mocs,2024.2.4,120.22253239129209,2025-10-20 13h42.12.817192 -0400,
