center,surround,correct,thisN,thisTrialN,thisRepN,key_resp_3.keys,key_resp_3.corr,key_resp_3.rt,key_resp_3.duration,orient_opacity,noise_opacity,key_resp_4.keys,key_resp_4.corr,key_resp_4.rt,key_resp_4.duration,type,surr_type,isi,resp.keys,resp.rt,resp.duration,key_resp_10.keys,key_resp_10.rt,key_resp_10.duration,practice_no_time.thisRepN,practice_no_time.thisTrialN,practice_no_time.thisN,practice_no_time.thisIndex,practice_timed.thisRepN,practice_timed.thisTrialN,practice_timed.thisN,practice_timed.thisIndex,trials.thisRepN,trials.thisTrialN,trials.thisN,trials.thisIndex,thisRow.t,notes,instr.started,text_5.started,key_resp_2.started,instr.stopped,key_resp_2.keys,key_resp_2.rt,key_resp_2.duration,instr_example.started,key_resp_11.started,surround_practice_example.started,center_practice_example.started,text_15.started,instr_example.stopped,key_resp_11.keys,key_resp_11.rt,key_resp_11.duration,instr2.started,text_6.started,key_resp_6.started,instr2.stopped,key_resp_6.keys,key_resp_6.rt,key_resp_6.duration,practice_trial.started,key_resp_3.started,surround_practice.started,center_practice.started,surround_practice.stopped,center_practice.stopped,text_11.started,practice_trial.stopped,practice_no_time.key_resp_3.keys,practice_no_time.key_resp_3.corr,practice_no_time.key_resp_3.rt,practice_no_time.key_resp_3.duration,practice_feedback.started,text_7.started,practice_feedback.stopped,text_7.stopped,instr3.started,text_8.started,key_resp_5.started,instr3.stopped,key_resp_5.keys,key_resp_5.rt,key_resp_5.duration,practice_trial_timed.started,key_resp_4.started,noise_2.started,surround_practice_2.started,center_practice_2.started,noise_2.stopped,surround_practice_2.stopped,center_practice_2.stopped,text_12.started,practice_trial_timed.stopped,practice_timed.key_resp_4.keys,practice_timed.key_resp_4.corr,practice_timed.key_resp_4.rt,practice_timed.key_resp_4.duration,practice_feedback_timed.started,text_16.started,text_16.stopped,practice_feedback_timed.stopped,start_instr.started,text_13.started,key_resp_8.started,start_instr.stopped,key_resp_8.keys,key_resp_8.rt,key_resp_8.duration,trial.started,resp.started,noise_3.started,surround_grating.started,center_grating.started,noise_3.stopped,surround_grating.stopped,center_grating.stopped,trial.stopped,trials.resp.keys,trials.resp.rt,trials.resp.duration,break_2.started,break_2.stopped,trials.key_resp_10.keys,text_2.started,key_resp_10.started,trials.key_resp_10.rt,trials.key_resp_10.duration,end.started,text_14.started,key_resp.started,end.stopped,key_resp.keys,key_resp.rt,key_resp.duration,sub,ses,date,expName,psychopyVersion,frameRate,expStart,
,,,,,,,,,,,,,,,,,,,,,,,,,,,,,,,,,,,,,,,0.009251666022464633,0.01621675002388656,0.01621675002388656,39.85694525000872,space,39.798894833016675,None,,,,,,,,,,,,,,,,,,,,,,,,,,,,,,,,,,,,,,,,,,,,,,,,,,,,,,,,,,,,,,,,,,,,,,,,,,,,,,,,,,,,,,,,,,,21040109,2,2026-04-21_12h21.40.188,tilt_mocs,2024.2.4,120.86223023056361,2026-04-21 12h21.51.014415 -0400,
,,,,,,,,,,,,,,,,,,,,,,,,,,,,,,,,,,,,,,,,,,,,,,39.85837629099842,39.878510958049446,39.878510958049446,39.878510958049446,39.878510958049446,45.297989541024435,period,5.413281499990262,None,,,,,,,,,,,,,,,,,,,,,,,,,,,,,,,,,,,,,,,,,,,,,,,,,,,,,,,,,,,,,,,,,,,,,,,,,,,,,,,,,,21040109,2,2026-04-21_12h21.40.188,tilt_mocs,2024.2.4,120.86223023056361,2026-04-21 12h21.51.014415 -0400,
,,,,,,,,,,,,,,,,,,,,,,,,,,,,,,,,,,,,,,,,,,,,,,,,,,,,,,,45.298071625002194,45.308676665998064,45.308676665998064,56.998442790994886,space,11.6871837079525,None,,,,,,,,,,,,,,,,,,,,,,,,,,,,,,,,,,,,,,,,,,,,,,,,,,,,,,,,,,,,,,,,,,,,,,,,,,,21040109,2,2026-04-21_12h21.40.188,tilt_mocs,2024.2.4,120.86223023056361,2026-04-21 12h21.51.014415 -0400,
30,0,period,0,0,0,period,1,2.1973723329720087,None,,,,,,,,,,,,,,,,0,0,0,0,,,,,,,,,57.0200906250393,,,,,,,,,,,,,,,,,,,,,,,,,57.01117795804748,57.0200906250393,57.50448187504662,57.50448187504662,58.49809945799643,58.49809945799643,58.49809945799643,59.22537925001234,period,1,2.1973723329720087,None,59.23022745799972,59.24061562505085,60.72720850002952,,,,,,,,,,,,,,,,,,,,,,,,,,,,,,,,,,,,,,,,,,,,,,,,,,,,,,,,,,,,21040109,2,2026-04-21_12h21.40.188,tilt_mocs,2024.2.4,120.86223023056361,2026-04-21 12h21.51.014415 -0400,
-30,0,z,1,1,0,z,1,1.2449686250183731,None,,,,,,,,,,,,,,,,0,1,1,1,,,,,,,,,60.73993512504967,,,,,,,,,,,,,,,,,,,,,,,,,60.729464500036556,60.73993512504967,61.22289695800282,61.22289695800282,,,,61.99196483299602,z,1,1.2449686250183731,None,61.99210500001209,62.001404875016306,63.490833916002885,63.498982916004024,,,,,,,,,,,,,,,,,,,,,,,,,,,,,,,,,,,,,,,,,,,,,,,,,,,,,,,,,,,21040109,2,2026-04-21_12h21.40.188,tilt_mocs,2024.2.4,120.86223023056361,2026-04-21 12h21.51.014415 -0400,
30,60,period,2,2,0,period,1,1.0860027080052532,None,,,,,,,,,,,,,,,,0,2,2,2,,,,,,,,,63.498982916004024,,,,,,,,,,,,,,,,,,,,,,,,,63.49327750003431,63.498982916004024,63.98981304100016,63.98981304100016,,,,64.59271441603778,period,1,1.0860027080052532,None,64.59287541604135,64.60302670800593,66.090888500039,66.09950654103886,,,,,,,,,,,,,,,,,,,,,,,,,,,,,,,,,,,,,,,,,,,,,,,,,,,,,,,,,,,21040109,2,2026-04-21_12h21.40.188,tilt_mocs,2024.2.4,120.86223023056361,2026-04-21 12h21.51.014415 -0400,
-30,-60,z,3,3,0,z,1,0.978523415978998,None,,,,,,,,,,,,,,,,0,3,3,3,,,,,,,,,66.09950654103886,,,,,,,,,,,,,,,,,,,,,,,,,66.09391650004545,66.09950654103886,66.58968379104044,66.58968379104044,,,,67.08289662504103,z,1,0.978523415978998,None,67.08303608302958,67.09250770800281,68.57915050000884,68.58973991603125,,,,,,,,,,,,,,,,,,,,,,,,,,,,,,,,,,,,,,,,,,,,,,,,,,,,,,,,,,,21040109,2,2026-04-21_12h21.40.188,tilt_mocs,2024.2.4,120.86223023056361,2026-04-21 12h21.51.014415 -0400,
,,,,,,,,,,,,,,,,,,,,,,,,,,,,,,,,,,,,,,,,,,,,,,,,,,,,,,,,,,,,,,,,,,,,,,,,,,,,,,68.57934770802967,68.58973991603125,68.58973991603125,90.22772037499817,space,21.635109999973793,None,,,,,,,,,,,,,,,,,,,,,,,,,,,,,,,,,,,,,,,,,,,,,,,,,,,,21040109,2,2026-04-21_12h21.40.188,tilt_mocs,2024.2.4,120.86223023056361,2026-04-21 12h21.51.014415 -0400,
-30,-60,z,0,0,0,,,,,100,0,z,1,2.065901124966331,None,,,,,,,,,,,,,,0,0,0,0,,,,,90.2448332500062,,,,,,,,,,,,,,,,,,,,,,,,,,,,,,,,,,,,,,,,,,,,,,,,90.23551429103827,90.2448332500062,90.72704775002785,90.72704775002785,90.72704775002785,90.79921399999876,90.79921399999876,90.79921399999876,90.79921399999876,92.31583870801842,z,1,2.065901124966331,None,92.3196116660256,92.32957379100844,93.82409658300458,93.81354608299443,,,,,,,,,,,,,,,,,,,,,,,,,,,,,,,,,,21040109,2,2026-04-21_12h21.40.188,tilt_mocs,2024.2.4,120.86223023056361,2026-04-21 12h21.51.014415 -0400,
-30,0,z,1,1,0,,,,,100,0,z,1,1.1646734999958426,None,,,,,,,,,,,,,,0,1,1,1,,,,,93.82409658300458,,,,,,,,,,,,,,,,,,,,,,,,,,,,,,,,,,,,,,,,,,,,,,,,93.81556983303744,93.82409658300458,94.31739658303559,94.31739658303559,94.31739658303559,94.39129804103868,94.39129804103868,94.39129804103868,94.39129804103868,94.99339625000721,z,1,1.1646734999958426,None,94.99352070799796,95.00981854100246,,96.49628808302805,,,,,,,,,,,,,,,,,,,,,,,,,,,,,,,,,,21040109,2,2026-04-21_12h21.40.188,tilt_mocs,2024.2.4,120.86223023056361,2026-04-21 12h21.51.014415 -0400,
30,60,period,2,2,0,,,,,100,0,period,1,0.9710424999939278,None,,,,,,,,,,,,,,0,2,2,2,,,,,96.5081092910259,,,,,,,,,,,,,,,,,,,,,,,,,,,,,,,,,,,,,,,,,,,,,,,,96.49809850001475,96.5081092910259,96.99091912503354,96.99091912503354,96.99091912503354,97.06458341603866,97.06458341603866,97.06458341603866,97.06458341603866,97.48346466600196,period,1,0.9710424999939278,None,97.48358295799699,97.49317941605113,98.99106904101791,98.98223433300154,,,,,,,,,,,,,,,,,,,,,,,,,,,,,,,,,,21040109,2,2026-04-21_12h21.40.188,tilt_mocs,2024.2.4,120.86223023056361,2026-04-21 12h21.51.014415 -0400,
30,0,period,3,3,0,,,,,100,0,period,1,1.0126905830111355,None,,,,,,,,,,,,,,0,3,3,3,,,,,98.99106904101791,,,,,,,,,,,,,,,,,,,,,,,,,,,,,,,,,,,,,,,,,,,,,,,,98.98393800004851,98.99106904101791,99.4843602500041,99.4843602500041,99.4843602500041,99.55813054100145,99.55813054100145,99.55813054100145,99.55813054100145,100.01009625004372,period,1,1.0126905830111355,None,100.01021333300741,100.01933604100486,101.51573370804545,101.50881595804822,,,,,,,,,,,,,,,,,,,,,,,,,,,,,,,,,,21040109,2,2026-04-21_12h21.40.188,tilt_mocs,2024.2.4,120.86223023056361,2026-04-21 12h21.51.014415 -0400,
-30,69,z,4,4,0,,,,,0,100,z,1,0.9274510419927537,None,,,,,,,,,,,,,,0,4,4,4,,,,,101.51573370804545,,,,,,,,,,,,,,,,,,,,,,,,,,,,,,,,,,,,,,,,,,,,,,,,101.51043866603868,101.51573370804545,102.00770112499595,102.00770112499595,102.00770112499595,102.08107391605154,102.08107391605154,102.08107391605154,102.08107391605154,102.4491924160393,z,1,0.9274510419927537,None,102.44930883304914,102.45795162505237,103.95081566600129,103.94254933303455,,,,,,,,,,,,,,,,,,,,,,,,,,,,,,,,,,21040109,2,2026-04-21_12h21.40.188,tilt_mocs,2024.2.4,120.86223023056361,2026-04-21 12h21.51.014415 -0400,
30,69,period,5,5,0,,,,,0,100,period,1,0.8297163750394247,None,,,,,,,,,,,,,,0,5,5,5,,,,,103.95081566600129,,,,,,,,,,,,,,,,,,,,,,,,,,,,,,,,,,,,,,,,,,,,,,,,103.94503375003114,103.95081566600129,104.45021650003036,104.45021650003036,104.45021650003036,104.52448387502227,104.52448387502227,104.52448387502227,104.52448387502227,104.78274087503087,period,1,0.8297163750394247,None,104.78286758303875,104.79201737500262,106.28437787503935,106.27567470801296,,,,,,,,,,,,,,,,,,,,,,,,,,,,,,,,,,21040109,2,2026-04-21_12h21.40.188,tilt_mocs,2024.2.4,120.86223023056361,2026-04-21 12h21.51.014415 -0400,
,,,,,,,,,,,,,,,,,,,,,,,,,,,,,,,,,,,,,,,,,,,,,,,,,,,,,,,,,,,,,,,,,,,,,,,,,,,,,,,,,,,,,,,,,,,,,,,,,,,,,,,106.27585225005168,106.28437787503935,106.28437787503935,162.35208337503718,space,56.06353266700171,None,,,,,,,,,,,,,,,,,,,,,,,,,,,21040109,2,2026-04-21_12h21.40.188,tilt_mocs,2024.2.4,120.86223023056361,2026-04-21 12h21.51.014415 -0400,
8,15.0,,0,0,0,,,,,100,0,,,,,c+8,poss,1.0,z,2.215010290965438,None,None,,,,,,,,,,,0,0,0,232,162.48723170801532,,,,,,,,,,,,,,,,,,,,,,,,,,,,,,,,,,,,,,,,,,,,,,,,,,,,,,,,,,,,,,,,,,,,,,,,,162.48044695804128,162.48723170801532,163.35730837500887,163.35730837500887,163.35730837500887,163.4320861250162,163.4320861250162,163.4320861250162,164.71272729104385,z,2.215010290965438,None,164.71285604103468,164.7129165410297,None,,,,,,,,,,,,21040109,2,2026-04-21_12h21.40.188,tilt_mocs,2024.2.4,120.86223023056361,2026-04-21 12h21.51.014415 -0400,
-4,-15.0,,1,1,0,,,,,100,0,,,,,c-4,negs,0.75,z,1.588434666977264,None,None,,,,,,,,,,,0,1,1,355,164.72340633301064,,,,,,,,,,,,,,,,,,,,,,,,,,,,,,,,,,,,,,,,,,,,,,,,,,,,,,,,,,,,,,,,,,,,,,,,,164.71510995802237,164.72340633301064,165.46015454101143,165.46015454101143,165.46015454101143,165.53278770804172,165.53278770804172,165.53278770804172,166.32420550001552,z,1.588434666977264,None,166.3243150000344,166.32436045800569,None,,,,,,,,,,,,21040109,2,2026-04-21_12h21.40.188,tilt_mocs,2024.2.4,120.86223023056361,2026-04-21 12h21.51.014415 -0400,
4,15.0,,2,2,0,,,,,100,0,,,,,c+4,poss,1.25,period,1.6370079169864766,None,None,,,,,,,,,,,0,2,2,167,166.3309959580074,,,,,,,,,,,,,,,,,,,,,,,,,,,,,,,,,,,,,,,,,,,,,,,,,,,,,,,,,,,,,,,,,,,,,,,,,166.32647208304843,166.3309959580074,167.5697371660499,167.5697371660499,167.5697371660499,167.64411533303792,167.64411533303792,167.64411533303792,167.97941429103957,period,1.6370079169864766,None,167.97954670799663,167.9796022910159,None,,,,,,,,,,,,21040109,2,2026-04-21_12h21.40.188,tilt_mocs,2024.2.4,120.86223023056361,2026-04-21 12h21.51.014415 -0400,
-4,0.0,,3,3,0,,,,,0,100,,,,,c-4,noss,1.25,z,1.7134688750375062,None,None,,,,,,,,,,,0,3,3,538,167.9903615830117,,,,,,,,,,,,,,,,,,,,,,,,,,,,,,,,,,,,,,,,,,,,,,,,,,,,,,,,,,,,,,,,,,,,,,,,,167.98175350000383,167.9903615830117,169.22706141602248,169.22706141602248,169.22706141602248,169.29948750004405,169.29948750004405,169.29948750004405,169.71286287502153,z,1.7134688750375062,None,169.71299641602673,169.7130514580058,None,,,,,,,,,,,,21040109,2,2026-04-21_12h21.40.188,tilt_mocs,2024.2.4,120.86223023056361,2026-04-21 12h21.51.014415 -0400,
4,15.0,,4,4,0,,,,,100,0,,,,,c+4,poss,1.25,z,1.7070095000090078,None,None,,,,,,,,,,,0,4,4,162,169.72394533304032,,,,,,,,,,,,,,,,,,,,,,,,,,,,,,,,,,,,,,,,,,,,,,,,,,,,,,,,,,,,,,,,,,,,,,,,,169.71531887503807,169.72394533304032,170.95927158300765,170.95927158300765,170.95927158300765,171.0323194580269,171.0323194580269,171.0323194580269,171.43608962500002,z,1.7070095000090078,None,171.43619404104538,171.43623849999858,None,,,,,,,,,,,,21040109,2,2026-04-21_12h21.40.188,tilt_mocs,2024.2.4,120.86223023056361,2026-04-21 12h21.51.014415 -0400,
-2,0.0,,5,5,0,,,,,0,100,,,,,c-2,noss,0.75,z,1.2416058750241064,None,None,,,,,,,,,,,0,5,5,565,171.4466791250161,,,,,,,,,,,,,,,,,,,,,,,,,,,,,,,,,,,,,,,,,,,,,,,,,,,,,,,,,,,,,,,,,,,,,,,,,171.43823825003346,171.4466791250161,172.18677670799661,172.18677670799661,172.18677670799661,172.26084562501637,172.26084562501637,172.26084562501637,172.6963251249981,z,1.2416058750241064,None,172.6964547910029,172.69651066605002,None,,,,,,,,,,,,21040109,2,2026-04-21_12h21.40.188,tilt_mocs,2024.2.4,120.86223023056361,2026-04-21 12h21.51.014415 -0400,
4,15.0,,6,6,0,,,,,100,0,,,,,c+4,poss,0.75,z,1.156534833018668,None,None,,,,,,,,,,,0,6,6,146,172.70767933304887,,,,,,,,,,,,,,,,,,,,,,,,,,,,,,,,,,,,,,,,,,,,,,,,,,,,,,,,,,,,,,,,,,,,,,,,,172.69906862505013,172.70767933304887,173.4438113750075,173.4438113750075,173.4438113750075,173.51545658300165,173.51545658300165,173.51545658300165,173.86811387503985,z,1.156534833018668,None,173.86824691604124,173.86830370803364,None,,,,,,,,,,,,21040109,2,2026-04-21_12h21.40.188,tilt_mocs,2024.2.4,120.86223023056361,2026-04-21 12h21.51.014415 -0400,
0,-15.0,,7,7,0,,,,,100,0,,,,,c+0,negs,1.25,period,1.9980637920089066,None,None,,,,,,,,,,,0,7,7,453,173.87956087500788,,,,,,,,,,,,,,,,,,,,,,,,,,,,,,,,,,,,,,,,,,,,,,,,,,,,,,,,,,,,,,,,,,,,,,,,,173.870514750015,173.87956087500788,175.11951825005235,175.11951825005235,175.11951825005235,175.19436600001063,175.19436600001063,175.19436600001063,175.88015162502415,period,1.9980637920089066,None,175.88028833304998,175.8803447910468,None,,,,,,,,,,,,21040109,2,2026-04-21_12h21.40.188,tilt_mocs,2024.2.4,120.86223023056361,2026-04-21 12h21.51.014415 -0400,
8,15.0,,8,8,0,,,,,100,0,,,,,c+8,poss,0.75,period,1.2572587500326335,None,None,,,,,,,,,,,0,8,8,228,175.89158862503245,,,,,,,,,,,,,,,,,,,,,,,,,,,,,,,,,,,,,,,,,,,,,,,,,,,,,,,,,,,,,,,,,,,,,,,,,175.88289475004422,175.89158862503245,176.62738137500128,176.62738137500128,176.62738137500128,176.69956275000004,176.69956275000004,176.69956275000004,177.1530728750513,period,1.2572587500326335,None,177.15322350000497,177.1532879160368,None,,,,,,,,,,,,21040109,2,2026-04-21_12h21.40.188,tilt_mocs,2024.2.4,120.86223023056361,2026-04-21 12h21.51.014415 -0400,
0,0.0,,9,9,0,,,,,0,100,,,,,c+0,noss,0.5,z,0.9157648750115186,None,None,,,,,,,,,,,0,9,9,588,177.16396420804085,,,,,,,,,,,,,,,,,,,,,,,,,,,,,,,,,,,,,,,,,,,,,,,,,,,,,,,,,,,,,,,,,,,,,,,,,177.15566575003322,177.16396420804085,177.6532678329968,177.6532678329968,177.6532678329968,177.72779654100304,177.72779654100304,177.72779654100304,178.0851455410011,z,0.9157648750115186,None,178.08524908300024,178.08529245801037,None,,,,,,,,,,,,21040109,2,2026-04-21_12h21.40.188,tilt_mocs,2024.2.4,120.86223023056361,2026-04-21 12h21.51.014415 -0400,
4,15.0,,10,10,0,,,,,100,0,,,,,c+4,poss,1.25,period,1.641764207975939,None,None,,,,,,,,,,,0,10,10,164,178.09632729104487,,,,,,,,,,,,,,,,,,,,,,,,,,,,,,,,,,,,,,,,,,,,,,,,,,,,,,,,,,,,,,,,,,,,,,,,,178.0872668750235,178.09632729104487,179.33645066601457,179.33645066601457,179.33645066601457,179.4109175830381,179.4109175830381,179.4109175830381,179.74698945804266,period,1.641764207975939,None,179.74719350005034,179.7472884580493,None,,,,,,,,,,,,21040109,2,2026-04-21_12h21.40.188,tilt_mocs,2024.2.4,120.86223023056361,2026-04-21 12h21.51.014415 -0400,
2,-15.0,,11,11,0,,,,,100,0,,,,,c+2,negs,1.25,z,1.5836809590109624,None,None,,,,,,,,,,,0,11,11,500,179.7588437499944,,,,,,,,,,,,,,,,,,,,,,,,,,,,,,,,,,,,,,,,,,,,,,,,,,,,,,,,,,,,,,,,,,,,,,,,,179.7497300830437,179.7588437499944,180.99397729104385,180.99397729104385,180.99397729104385,181.06604500004323,181.06604500004323,181.06604500004323,181.34677633299725,z,1.5836809590109624,None,181.3469457080355,181.34700129099656,None,,,,,,,,,,,,21040109,2,2026-04-21_12h21.40.188,tilt_mocs,2024.2.4,120.86223023056361,2026-04-21 12h21.51.014415 -0400,
8,15.0,,12,12,0,,,,,100,0,,,,,c+8,poss,1.25,period,1.7187304169638082,None,None,,,,,,,,,,,0,12,12,246,181.35914687503828,,,,,,,,,,,,,,,,,,,,,,,,,,,,,,,,,,,,,,,,,,,,,,,,,,,,,,,,,,,,,,,,,,,,,,,,,181.34992962505203,181.35914687503828,182.59403054101858,182.59403054101858,182.59403054101858,182.66629512503278,182.66629512503278,182.66629512503278,183.08081741601927,period,1.7187304169638082,None,183.0809659580118,183.08102320804028,None,,,,,,,,,,,,21040109,2,2026-04-21_12h21.40.188,tilt_mocs,2024.2.4,120.86223023056361,2026-04-21 12h21.51.014415 -0400,
6,15.0,,13,13,0,,,,,100,0,,,,,c+6,poss,1.0,period,1.8036362499697134,None,None,,,,,,,,,,,0,13,13,198,183.09208891604794,,,,,,,,,,,,,,,,,,,,,,,,,,,,,,,,,,,,,,,,,,,,,,,,,,,,,,,,,,,,,,,,,,,,,,,,,183.0832985410234,183.09208891604794,184.0774232080439,184.0774232080439,184.0774232080439,184.14974358299514,184.14974358299514,184.14974358299514,184.90200408303645,period,1.8036362499697134,None,184.9021087080473,184.9021527080331,None,,,,,,,,,,,,21040109,2,2026-04-21_12h21.40.188,tilt_mocs,2024.2.4,120.86223023056361,2026-04-21 12h21.51.014415 -0400,
4,0.0,,14,14,0,,,,,0,100,,,,,c+4,noss,1.0,period,1.7936481249635108,None,None,,,,,,,,,,,0,14,14,694,184.9133655000478,,,,,,,,,,,,,,,,,,,,,,,,,,,,,,,,,,,,,,,,,,,,,,,,,,,,,,,,,,,,,,,,,,,,,,,,,184.90416408301098,184.9133655000478,185.90402729104972,185.90402729104972,185.90402729104972,185.9782665410312,185.9782665410312,185.9782665410312,186.71336975001032,period,1.7936481249635108,None,186.71348129102262,186.71352537500206,None,,,,,,,,,,,,21040109,2,2026-04-21_12h21.40.188,tilt_mocs,2024.2.4,120.86223023056361,2026-04-21 12h21.51.014415 -0400,
-4,-15.0,,15,15,0,,,,,100,0,,,,,c-4,negs,1.0,period,1.4778936250368133,None,None,,,,,,,,,,,0,15,15,363,186.7242746660486,,,,,,,,,,,,,,,,,,,,,,,,,,,,,,,,,,,,,,,,,,,,,,,,,,,,,,,,,,,,,,,,,,,,,,,,,186.71552029100712,186.7242746660486,187.71093979099533,187.71093979099533,187.71093979099533,187.78296991600655,187.78296991600655,187.78296991600655,188.2140955410432,period,1.4778936250368133,None,188.21426895802142,188.214335208002,None,,,,,,,,,,,,21040109,2,2026-04-21_12h21.40.188,tilt_mocs,2024.2.4,120.86223023056361,2026-04-21 12h21.51.014415 -0400,
2,15.0,,16,16,0,,,,,100,0,,,,,c+2,poss,1.0,z,1.7582443749997765,None,None,,,,,,,,,,,0,16,16,114,188.22601262503304,,,,,,,,,,,,,,,,,,,,,,,,,,,,,,,,,,,,,,,,,,,,,,,,,,,,,,,,,,,,,,,,,,,,,,,,,188.21677979105152,188.22601262503304,189.2110751660075,189.2110751660075,189.2110751660075,189.2843226660043,189.2843226660043,189.2843226660043,189.99717612500535,z,1.7582443749997765,None,189.9973080000491,189.99736262502847,None,,,,,,,,,,,,21040109,2,2026-04-21_12h21.40.188,tilt_mocs,2024.2.4,120.86223023056361,2026-04-21 12h21.51.014415 -0400,
2,15.0,,17,17,0,,,,,100,0,,,,,c+2,poss,1.25,z,1.9709730420145206,None,None,,,,,,,,,,,0,17,17,116,190.00885579100577,,,,,,,,,,,,,,,,,,,,,,,,,,,,,,,,,,,,,,,,,,,,,,,,,,,,,,,,,,,,,,,,,,,,,,,,,189.99990970804356,190.00885579100577,191.2444407910225,191.2444407910225,191.2444407910225,191.31683787499787,191.31683787499787,191.31683787499787,191.98718662501778,z,1.9709730420145206,None,191.98734258301556,191.98742279101862,None,,,,,,,,,,,,21040109,2,2026-04-21_12h21.40.188,tilt_mocs,2024.2.4,120.86223023056361,2026-04-21 12h21.51.014415 -0400,
0,-15.0,,18,18,0,,,,,100,0,,,,,c+0,negs,0.5,period,1.0182241660077125,None,None,,,,,,,,,,,0,18,18,428,191.99807216599584,,,,,,,,,,,,,,,,,,,,,,,,,,,,,,,,,,,,,,,,,,,,,,,,,,,,,,,,,,,,,,,,,,,,,,,,,191.98986737499945,191.99807216599584,192.4871736660134,192.4871736660134,192.4871736660134,192.56780612503644,192.56780612503644,192.56780612503644,193.02013912500115,period,1.0182241660077125,None,193.0202720410307,193.02032912505092,None,,,,,,,,,,,,21040109,2,2026-04-21_12h21.40.188,tilt_mocs,2024.2.4,120.86223023056361,2026-04-21 12h21.51.014415 -0400,
-2,15.0,,19,19,0,,,,,100,0,,,,,c-2,poss,1.0,z,1.2560885830316693,None,None,,,,,,,,,,,0,19,19,22,193.03103875002125,,,,,,,,,,,,,,,,,,,,,,,,,,,,,,,,,,,,,,,,,,,,,,,,,,,,,,,,,,,,,,,,,,,,,,,,,193.0226532079978,193.03103875002125,194.0201620000298,194.0201620000298,194.0201620000298,194.095199125004,194.095199125004,194.095199125004,194.29765941604273,z,1.2560885830316693,None,194.29783312504878,194.29790237505222,None,,,,,,,,,,,,21040109,2,2026-04-21_12h21.40.188,tilt_mocs,2024.2.4,120.86223023056361,2026-04-21 12h21.51.014415 -0400,
-4,0.0,,20,20,0,,,,,0,100,,,,,c-4,noss,1.0,period,1.248387209023349,None,None,,,,,,,,,,,0,20,20,535,194.30995424999855,,,,,,,,,,,,,,,,,,,,,,,,,,,,,,,,,,,,,,,,,,,,,,,,,,,,,,,,,,,,,,,,,,,,,,,,,194.30126620800002,194.30995424999855,195.2937956250389,195.2937956250389,195.2937956250389,195.36683500005165,195.36683500005165,195.36683500005165,195.56373408302898,period,1.248387209023349,None,195.5638998330105,195.5639559160336,None,,,,,,,,,,,,21040109,2,2026-04-21_12h21.40.188,tilt_mocs,2024.2.4,120.86223023056361,2026-04-21 12h21.51.014415 -0400,
4,0.0,,21,21,0,,,,,0,100,,,,,c+4,noss,0.75,period,1.2292540000053123,None,None,,,,,,,,,,,0,21,21,693,195.57624983304413,,,,,,,,,,,,,,,,,,,,,,,,,,,,,,,,,,,,,,,,,,,,,,,,,,,,,,,,,,,,,,,,,,,,,,,,,195.56692700000713,195.57624983304413,196.31128216604702,196.31128216604702,196.31128216604702,196.3841412080219,196.3841412080219,196.3841412080219,196.81398916599574,period,1.2292540000053123,None,196.81415604101494,196.8142130000051,None,,,,,,,,,,,,21040109,2,2026-04-21_12h21.40.188,tilt_mocs,2024.2.4,120.86223023056361,2026-04-21 12h21.51.014415 -0400,
8,15.0,,22,22,0,,,,,100,0,,,,,c+8,poss,1.0,period,1.492256500001531,None,None,,,,,,,,,,,0,22,22,238,196.82588479103288,,,,,,,,,,,,,,,,,,,,,,,,,,,,,,,,,,,,,,,,,,,,,,,,,,,,,,,,,,,,,,,,,,,,,,,,,196.81687170802616,196.82588479103288,197.81132004101528,197.81132004101528,197.81132004101528,197.88352745800512,197.88352745800512,197.88352745800512,198.33059920801315,period,1.492256500001531,None,198.33073145803064,198.33078783302335,None,,,,,,,,,,,,21040109,2,2026-04-21_12h21.40.188,tilt_mocs,2024.2.4,120.86223023056361,2026-04-21 12h21.51.014415 -0400,
-6,-15.0,,23,23,0,,,,,100,0,,,,,c-6,negs,0.75,z,1.2701384579995647,None,None,,,,,,,,,,,0,23,23,306,198.34142216603504,,,,,,,,,,,,,,,,,,,,,,,,,,,,,,,,,,,,,,,,,,,,,,,,,,,,,,,,,,,,,,,,,,,,,,,,,198.33284329104936,198.34142216603504,199.07800208299886,199.07800208299886,199.07800208299886,199.15016629104502,199.15016629104502,199.15016629104502,199.61458258301718,z,1.2701384579995647,None,199.61475350003457,199.6148126660264,None,,,,,,,,,,,,21040109,2,2026-04-21_12h21.40.188,tilt_mocs,2024.2.4,120.86223023056361,2026-04-21 12h21.51.014415 -0400,
0,15.0,,24,24,0,,,,,100,0,,,,,c+0,poss,0.75,z,1.3190382909961045,None,None,,,,,,,,,,,0,24,24,57,199.62649400002556,,,,,,,,,,,,,,,,,,,,,,,,,,,,,,,,,,,,,,,,,,,,,,,,,,,,,,,,,,,,,,,,,,,,,,,,,199.61751262500184,199.62649400002556,200.3616590410238,200.3616590410238,200.3616590410238,200.4348874160205,200.4348874160205,200.4348874160205,200.9485587500385,z,1.3190382909961045,None,200.94871433300432,200.9487709160312,None,,,,,,,,,,,,21040109,2,2026-04-21_12h21.40.188,tilt_mocs,2024.2.4,120.86223023056361,2026-04-21 12h21.51.014415 -0400,
0,15.0,,25,25,0,,,,,100,0,,,,,c+0,poss,0.75,z,1.1312488749972545,None,None,,,,,,,,,,,0,25,25,63,200.96025920804823,,,,,,,,,,,,,,,,,,,,,,,,,,,,,,,,,,,,,,,,,,,,,,,,,,,,,,,,,,,,,,,,,,,,,,,,,200.95099762501195,200.96025920804823,201.6947091250331,201.6947091250331,201.6947091250331,201.7667970409966,201.7667970409966,201.7667970409966,202.09723541600397,z,1.1312488749972545,None,202.09733741602395,202.0973793330486,None,,,,,,,,,,,,21040109,2,2026-04-21_12h21.40.188,tilt_mocs,2024.2.4,120.86223023056361,2026-04-21 12h21.51.014415 -0400,
2,0.0,,26,26,0,,,,,0,100,,,,,c+2,noss,1.0,z,1.470150500012096,None,None,,,,,,,,,,,0,26,26,659,202.10835333302384,,,,,,,,,,,,,,,,,,,,,,,,,,,,,,,,,,,,,,,,,,,,,,,,,,,,,,,,,,,,,,,,,,,,,,,,,202.0994139999966,202.10835333302384,203.09488162503112,203.09488162503112,203.09488162503112,203.16682254103944,203.16682254103944,203.16682254103944,203.58097620803164,z,1.470150500012096,None,203.5811112500378,203.58116720803082,None,,,,,,,,,,,,21040109,2,2026-04-21_12h21.40.188,tilt_mocs,2024.2.4,120.86223023056361,2026-04-21 12h21.51.014415 -0400,
0,-15.0,,27,27,0,,,,,100,0,,,,,c+0,negs,1.0,period,1.620218250027392,None,None,,,,,,,,,,,0,27,27,442,203.59225220803637,,,,,,,,,,,,,,,,,,,,,,,,,,,,,,,,,,,,,,,,,,,,,,,,,,,,,,,,,,,,,,,,,,,,,,,,,203.5833331660251,203.59225220803637,204.57825645804405,204.57825645804405,204.57825645804405,204.65061270800652,204.65061270800652,204.65061270800652,205.21542533300817,period,1.620218250027392,None,205.2155818750034,205.2156396250357,None,,,,,,,,,,,,21040109,2,2026-04-21_12h21.40.188,tilt_mocs,2024.2.4,120.86223023056361,2026-04-21 12h21.51.014415 -0400,
-4,0.0,,28,28,0,,,,,0,100,,,,,c-4,noss,1.0,z,1.6755324580008164,None,None,,,,,,,,,,,0,28,28,529,205.22681025002385,,,,,,,,,,,,,,,,,,,,,,,,,,,,,,,,,,,,,,,,,,,,,,,,,,,,,,,,,,,,,,,,,,,,,,,,,205.21792662504595,205.22681025002385,206.21168404101627,206.21168404101627,206.21168404101627,206.2846050829976,206.2846050829976,206.2846050829976,206.91361266601598,z,1.6755324580008164,None,206.91372116602724,206.91377491602907,None,,,,,,,,,,,,21040109,2,2026-04-21_12h21.40.188,tilt_mocs,2024.2.4,120.86223023056361,2026-04-21 12h21.51.014415 -0400,
-2,15.0,,29,29,0,,,,,100,0,,,,,c-2,poss,1.0,z,1.515291374991648,None,None,,,,,,,,,,,0,29,29,24,206.92129666602705,,,,,,,,,,,,,,,,,,,,,,,,,,,,,,,,,,,,,,,,,,,,,,,,,,,,,,,,,,,,,,,,,,,,,,,,,206.91580358304782,206.92129666602705,207.91174912505085,207.91174912505085,207.91174912505085,207.98481983301463,207.98481983301463,207.98481983301463,208.44774525001412,z,1.515291374991648,None,208.44788508303463,208.44794391602045,None,,,,,,,,,,,,21040109,2,2026-04-21_12h21.40.188,tilt_mocs,2024.2.4,120.86223023056361,2026-04-21 12h21.51.014415 -0400,
0,15.0,,30,30,0,,,,,100,0,,,,,c+0,poss,0.75,z,1.1635383749962784,None,None,,,,,,,,,,,0,30,30,60,208.45903308299603,,,,,,,,,,,,,,,,,,,,,,,,,,,,,,,,,,,,,,,,,,,,,,,,,,,,,,,,,,,,,,,,,,,,,,,,,208.4504291250487,208.45903308299603,209.19513800001005,209.19513800001005,209.19513800001005,209.26735091605224,209.26735091605224,209.26735091605224,209.6311667500413,z,1.1635383749962784,None,209.6313270830433,209.63138333300594,None,,,,,,,,,,,,21040109,2,2026-04-21_12h21.40.188,tilt_mocs,2024.2.4,120.86223023056361,2026-04-21 12h21.51.014415 -0400,
-2,15.0,,31,31,0,,,,,100,0,,,,,c-2,poss,0.5,z,0.9287811670219526,None,None,,,,,,,,,,,0,31,31,7,209.64295787503943,,,,,,,,,,,,,,,,,,,,,,,,,,,,,,,,,,,,,,,,,,,,,,,,,,,,,,,,,,,,,,,,,,,,,,,,,209.6340427499963,209.64295787503943,210.12850229104515,210.12850229104515,210.12850229104515,210.20124220801517,210.20124220801517,210.20124220801517,210.58158429100877,z,0.9287811670219526,None,210.5818380410201,210.5819427500246,None,,,,,,,,,,,,21040109,2,2026-04-21_12h21.40.188,tilt_mocs,2024.2.4,120.86223023056361,2026-04-21 12h21.51.014415 -0400,
-4,0.0,,32,32,0,,,,,0,100,,,,,c-4,noss,1.25,z,1.6931798749719746,None,None,,,,,,,,,,,0,32,32,545,210.59407087502768,,,,,,,,,,,,,,,,,,,,,,,,,,,,,,,,,,,,,,,,,,,,,,,,,,,,,,,,,,,,,,,,,,,,,,,,,210.58469483302906,210.59407087502768,211.8285540410434,211.8285540410434,211.8285540410434,211.90002095804084,211.90002095804084,211.90002095804084,212.29769233299885,z,1.6931798749719746,None,212.29782920802245,212.29789308301406,None,,,,,,,,,,,,21040109,2,2026-04-21_12h21.40.188,tilt_mocs,2024.2.4,120.86223023056361,2026-04-21 12h21.51.014415 -0400,
2,15.0,,33,33,0,,,,,100,0,,,,,c+2,poss,0.5,z,1.1906973749864846,None,None,,,,,,,,,,,0,33,33,92,212.30905541602988,,,,,,,,,,,,,,,,,,,,,,,,,,,,,,,,,,,,,,,,,,,,,,,,,,,,,,,,,,,,,,,,,,,,,,,,,212.30016083305236,212.30905541602988,212.79526887502288,212.79526887502288,212.79526887502288,212.86723004101077,212.86723004101077,212.86723004101077,213.50363712501712,z,1.1906973749864846,None,213.5037478330196,213.50379099999554,None,,,,,,,,,,,,21040109,2,2026-04-21_12h21.40.188,tilt_mocs,2024.2.4,120.86223023056361,2026-04-21 12h21.51.014415 -0400,
0,15.0,,34,34,0,,,,,100,0,,,,,c+0,poss,0.75,z,1.3145200419821776,None,None,,,,,,,,,,,0,34,34,62,213.51484141603578,,,,,,,,,,,,,,,,,,,,,,,,,,,,,,,,,,,,,,,,,,,,,,,,,,,,,,,,,,,,,,,,,,,,,,,,,213.50578987499466,213.51484141603578,214.25520025001606,214.25520025001606,214.25520025001606,214.32802595803514,214.32802595803514,214.32802595803514,214.83215012500295,z,1.3145200419821776,None,214.83239799999865,214.83249625004828,None,,,,,,,,,,,,21040109,2,2026-04-21_12h21.40.188,tilt_mocs,2024.2.4,120.86223023056361,2026-04-21 12h21.51.014415 -0400,
6,15.0,,35,35,0,,,,,100,0,,,,,c+6,poss,0.75,period,1.4185600830242038,None,None,,,,,,,,,,,0,35,35,187,214.8441681250115,,,,,,,,,,,,,,,,,,,,,,,,,,,,,,,,,,,,,,,,,,,,,,,,,,,,,,,,,,,,,,,,,,,,,,,,,214.83501266600797,214.8441681250115,215.57825941604096,215.57825941604096,215.57825941604096,215.65087379101897,215.65087379101897,215.65087379101897,216.26586041599512,period,1.4185600830242038,None,216.26601058302913,216.2660690410412,None,,,,,,,,,,,,21040109,2,2026-04-21_12h21.40.188,tilt_mocs,2024.2.4,120.86223023056361,2026-04-21 12h21.51.014415 -0400,
0,-15.0,,36,36,0,,,,,100,0,,,,,c+0,negs,1.25,period,1.7550267500337213,None,None,,,,,,,,,,,0,36,36,452,216.2776613330352,,,,,,,,,,,,,,,,,,,,,,,,,,,,,,,,,,,,,,,,,,,,,,,,,,,,,,,,,,,,,,,,,,,,,,,,,216.26842504099477,216.2776613330352,217.5119700410287,217.5119700410287,217.5119700410287,217.58415045804577,217.58415045804577,217.58415045804577,218.03774087503552,period,1.7550267500337213,None,218.03787183301756,218.03792720800266,None,,,,,,,,,,,,21040109,2,2026-04-21_12h21.40.188,tilt_mocs,2024.2.4,120.86223023056361,2026-04-21 12h21.51.014415 -0400,
2,15.0,,37,37,0,,,,,100,0,,,,,c+2,poss,1.25,z,1.9477089999709278,None,None,,,,,,,,,,,0,37,37,119,218.04841733304784,,,,,,,,,,,,,,,,,,,,,,,,,,,,,,,,,,,,,,,,,,,,,,,,,,,,,,,,,,,,,,,,,,,,,,,,,218.04015854099998,218.04841733304784,219.28824550000718,219.28824550000718,219.28824550000718,219.36267537501408,219.36267537501408,219.36267537501408,219.99923658301122,z,1.9477089999709278,None,219.9993828330189,219.99944558303105,None,,,,,,,,,,,,21040109,2,2026-04-21_12h21.40.188,tilt_mocs,2024.2.4,120.86223023056361,2026-04-21 12h21.51.014415 -0400,
-4,-15.0,,38,38,0,,,,,100,0,,,,,c-4,negs,0.75,period,1.37324433401227,None,None,,,,,,,,,,,0,38,38,348,220.0107578750467,,,,,,,,,,,,,,,,,,,,,,,,,,,,,,,,,,,,,,,,,,,,,,,,,,,,,,,,,,,,,,,,,,,,,,,,,220.00161066604778,220.0107578750467,220.74553783301963,220.74553783301963,220.74553783301963,220.81682458304567,220.81682458304567,220.81682458304567,221.3875899160048,period,1.37324433401227,None,221.38769479101757,221.38774070801446,None,,,,,,,,,,,,21040109,2,2026-04-21_12h21.40.188,tilt_mocs,2024.2.4,120.86223023056361,2026-04-21 12h21.51.014415 -0400,
4,0.0,,39,39,0,,,,,0,100,,,,,c+4,noss,1.25,period,1.7052257080213167,None,None,,,,,,,,,,,0,39,39,706,221.39844275003998,,,,,,,,,,,,,,,,,,,,,,,,,,,,,,,,,,,,,,,,,,,,,,,,,,,,,,,,,,,,,,,,,,,,,,,,,221.38972704100888,221.39844275003998,222.63848441600567,222.63848441600567,222.63848441600567,222.71267416601768,222.71267416601768,222.71267416601768,223.11509425000986,period,1.7052257080213167,None,223.11523358302657,223.1153069580323,None,,,,,,,,,,,,21040109,2,2026-04-21_12h21.40.188,tilt_mocs,2024.2.4,120.86223023056361,2026-04-21 12h21.51.014415 -0400,
0,0.0,,40,40,0,,,,,0,100,,,,,c+0,noss,1.25,period,1.627181791991461,None,None,,,,,,,,,,,0,40,40,622,223.12647170800483,,,,,,,,,,,,,,,,,,,,,,,,,,,,,,,,,,,,,,,,,,,,,,,,,,,,,,,,,,,,,,,,,,,,,,,,,223.11758345802082,223.12647170800483,224.36172095802613,224.36172095802613,224.36172095802613,224.4347490410437,224.4347490410437,224.4347490410437,224.7651432499988,period,1.627181791991461,None,224.76539312500972,224.7655130000203,None,,,,,,,,,,,,21040109,2,2026-04-21_12h21.40.188,tilt_mocs,2024.2.4,120.86223023056361,2026-04-21 12h21.51.014415 -0400,
0,15.0,,41,41,0,,,,,100,0,,,,,c+0,poss,0.75,z,1.255397874978371,None,None,,,,,,,,,,,0,41,41,54,224.77740679105045,,,,,,,,,,,,,,,,,,,,,,,,,,,,,,,,,,,,,,,,,,,,,,,,,,,,,,,,,,,,,,,,,,,,,,,,,224.7680983330356,224.77740679105045,225.51256079104496,225.51256079104496,225.51256079104496,225.58412833302282,225.58412833302282,225.58412833302282,226.03672550001647,z,1.255397874978371,None,226.03683262504637,226.03688804100966,None,,,,,,,,,,,,21040109,2,2026-04-21_12h21.40.188,tilt_mocs,2024.2.4,120.86223023056361,2026-04-21 12h21.51.014415 -0400,
-8,-15.0,,42,42,0,,,,,100,0,,,,,c-8,negs,0.5,period,0.9609426659881137,None,None,,,,,,,,,,,0,42,42,262,226.04800558299758,,,,,,,,,,,,,,,,,,,,,,,,,,,,,,,,,,,,,,,,,,,,,,,,,,,,,,,,,,,,,,,,,,,,,,,,,226.0388431660249,226.04800558299758,226.53869025001768,226.53869025001768,226.53869025001768,226.61295083304867,226.61295083304867,226.61295083304867,227.01500012504403,period,0.9609426659881137,None,227.0151067500119,227.01515133300563,None,,,,,,,,,,,,21040109,2,2026-04-21_12h21.40.188,tilt_mocs,2024.2.4,120.86223023056361,2026-04-21 12h21.51.014415 -0400,
2,15.0,,43,43,0,,,,,100,0,,,,,c+2,poss,1.25,z,1.6644371669972315,None,None,,,,,,,,,,,0,43,43,125,227.0257802500273,,,,,,,,,,,,,,,,,,,,,,,,,,,,,,,,,,,,,,,,,,,,,,,,,,,,,,,,,,,,,,,,,,,,,,,,,227.01717641600408,227.0257802500273,228.2624943749979,228.2624943749979,228.2624943749979,228.335600875027,228.335600875027,228.335600875027,228.69852191599784,z,1.6644371669972315,None,228.69869312504306,228.6987749999971,None,,,,,,,,,,,,21040109,2,2026-04-21_12h21.40.188,tilt_mocs,2024.2.4,120.86223023056361,2026-04-21 12h21.51.014415 -0400,
0,0.0,,44,44,0,,,,,0,100,,,,,c+0,noss,1.25,period,1.703496708010789,None,None,,,,,,,,,,,0,44,44,625,228.71071716601728,,,,,,,,,,,,,,,,,,,,,,,,,,,,,,,,,,,,,,,,,,,,,,,,,,,,,,,,,,,,,,,,,,,,,,,,,228.70184633304598,228.71071716601728,229.94583629100816,229.94583629100816,229.94583629100816,230.01829850004287,230.01829850004287,230.01829850004287,230.4206991250394,period,1.703496708010789,None,230.42080424999585,230.42085550003685,None,,,,,,,,,,,,21040109,2,2026-04-21_12h21.40.188,tilt_mocs,2024.2.4,120.86223023056361,2026-04-21 12h21.51.014415 -0400,
0,15.0,,45,45,0,,,,,100,0,,,,,c+0,poss,0.75,period,1.5204407920246013,None,None,,,,,,,,,,,0,45,45,59,230.43184662499698,,,,,,,,,,,,,,,,,,,,,,,,,,,,,,,,,,,,,,,,,,,,,,,,,,,,,,,,,,,,,,,,,,,,,,,,,230.4228643749957,230.43184662499698,231.17236058303388,231.17236058303388,231.17236058303388,231.24666495801648,231.24666495801648,231.24666495801648,231.95497304102173,period,1.5204407920246013,None,231.9551035000477,231.9551712500397,None,,,,,,,,,,,,21040109,2,2026-04-21_12h21.40.188,tilt_mocs,2024.2.4,120.86223023056361,2026-04-21 12h21.51.014415 -0400,
0,0.0,,46,46,0,,,,,0,100,,,,,c+0,noss,0.5,z,1.182027917006053,None,None,,,,,,,,,,,0,46,46,595,231.96549170801882,,,,,,,,,,,,,,,,,,,,,,,,,,,,,,,,,,,,,,,,,,,,,,,,,,,,,,,,,,,,,,,,,,,,,,,,,231.95739316602703,231.96549170801882,232.45449708303204,232.45449708303204,232.45449708303204,232.52975558303297,232.52975558303297,232.52975558303297,233.16085137502523,z,1.182027917006053,None,233.16095695801778,233.16100145800738,None,,,,,,,,,,,,21040109,2,2026-04-21_12h21.40.188,tilt_mocs,2024.2.4,120.86223023056361,2026-04-21 12h21.51.014415 -0400,
0,15.0,,47,47,0,,,,,100,0,,,,,c+0,poss,0.75,z,1.3146739170188084,None,None,,,,,,,,,,,0,47,47,56,233.1685317500378,,,,,,,,,,,,,,,,,,,,,,,,,,,,,,,,,,,,,,,,,,,,,,,,,,,,,,,,,,,,,,,,,,,,,,,,,233.16337316599675,233.1685317500378,233.90545529103838,233.90545529103838,233.90545529103838,233.97993737499928,233.97993737499928,233.97993737499928,234.48769050004194,z,1.3146739170188084,None,234.48781391599914,234.48786812502658,None,,,,,,,,,,,,21040109,2,2026-04-21_12h21.40.188,tilt_mocs,2024.2.4,120.86223023056361,2026-04-21 12h21.51.014415 -0400,
4,0.0,,48,48,0,,,,,0,100,,,,,c+4,noss,1.25,period,1.7489187090541236,None,None,,,,,,,,,,,0,48,48,704,234.49856745800935,,,,,,,,,,,,,,,,,,,,,,,,,,,,,,,,,,,,,,,,,,,,,,,,,,,,,,,,,,,,,,,,,,,,,,,,,234.48990754102124,234.49856745800935,235.73871674999828,235.73871674999828,235.73871674999828,235.81335533299716,235.81335533299716,235.81335533299716,236.26015008304967,period,1.7489187090541236,None,236.26025458303047,236.26029925001785,None,,,,,,,,,,,,21040109,2,2026-04-21_12h21.40.188,tilt_mocs,2024.2.4,120.86223023056361,2026-04-21 12h21.51.014415 -0400,
-2,15.0,,49,49,0,,,,,100,0,,,,,c-2,poss,0.75,period,1.0833143329946324,None,None,,,,,,,,,,,0,49,49,21,236.26698812504765,,,,,,,,,,,,,,,,,,,,,,,,,,,,,,,,,,,,,,,,,,,,,,,,,,,,,,,,,,,,,,,,,,,,,,,,,236.26240450004116,236.26698812504765,237.00551925000036,237.00551925000036,237.00551925000036,237.0797707909951,237.0797707909951,237.0797707909951,237.35494129103608,period,1.0833143329946324,None,237.35504391603172,237.35508624999784,None,,,,,,,,,,,,21040109,2,2026-04-21_12h21.40.188,tilt_mocs,2024.2.4,120.86223023056361,2026-04-21 12h21.51.014415 -0400,
-2,0.0,,50,50,0,,,,,0,100,,,,,c-2,noss,0.5,z,0.10466595803154632,None,None,,,,,,,,,,,0,50,50,550,237.36575658305082,,,,,,,,,,,,,,,,,,,,,,,,,,,,,,,,,,,,,,,,,,,,,,,,,,,,,,,,,,,,,,,,,,,,,,,,,237.3571210410446,237.36575658305082,,,,,,,237.47417158301687,z,0.10466595803154632,None,237.47427745803725,237.47433250001632,None,,,,,,,,,,,,21040109,2,2026-04-21_12h21.40.188,tilt_mocs,2024.2.4,120.86223023056361,2026-04-21 12h21.51.014415 -0400,
-8,-15.0,,51,51,0,,,,,100,0,,,,,c-8,negs,1.0,z,2.3807739579933695,None,None,,,,,,,,,,,0,51,51,282,237.48404608300189,,,,,,,,,,,,,,,,,,,,,,,,,,,,,,,,,,,,,,,,,,,,,,,,,,,,,,,,,,,,,,,,,,,,,,,,,237.4763144160388,237.48404608300189,238.4715928750229,238.4715928750229,238.4715928750229,238.54680666601053,238.54680666601053,238.54680666601053,239.87103070801822,z,2.3807739579933695,None,239.87113375001354,239.87117708299775,None,,,,,,,,,,,,21040109,2,2026-04-21_12h21.40.188,tilt_mocs,2024.2.4,120.86223023056361,2026-04-21 12h21.51.014415 -0400,
-6,-15.0,,52,52,0,,,,,100,0,,,,,c-6,negs,1.25,period,1.8814212500001304,None,None,,,,,,,,,,,0,52,52,330,239.88229725003475,,,,,,,,,,,,,,,,,,,,,,,,,,,,,,,,,,,,,,,,,,,,,,,,,,,,,,,,,,,,,,,,,,,,,,,,,239.8731956660049,239.88229725003475,241.1218533750507,241.1218533750507,241.1218533750507,241.19675504101906,241.19675504101906,241.19675504101906,241.76625133299967,period,1.8814212500001304,None,241.76640550000593,241.76646408304805,None,,,,,,,,,,,,21040109,2,2026-04-21_12h21.40.188,tilt_mocs,2024.2.4,120.86223023056361,2026-04-21 12h21.51.014415 -0400,
6,15.0,,53,53,0,,,,,100,0,,,,,c+6,poss,0.5,z,1.037651624996215,None,None,,,,,,,,,,,0,53,53,171,241.77756087499438,,,,,,,,,,,,,,,,,,,,,,,,,,,,,,,,,,,,,,,,,,,,,,,,,,,,,,,,,,,,,,,,,,,,,,,,,241.76876062504016,241.77756087499438,242.26203291601269,242.26203291601269,242.26203291601269,242.33489475003444,242.33489475003444,242.33489475003444,242.8219396659988,z,1.037651624996215,None,242.82207220804412,242.822127750027,None,,,,,,,,,,,,21040109,2,2026-04-21_12h21.40.188,tilt_mocs,2024.2.4,120.86223023056361,2026-04-21 12h21.51.014415 -0400,
4,15.0,,54,54,0,,,,,100,0,,,,,c+4,poss,1.25,z,1.8138175420463085,None,None,,,,,,,,,,,0,54,54,160,242.83297120803036,,,,,,,,,,,,,,,,,,,,,,,,,,,,,,,,,,,,,,,,,,,,,,,,,,,,,,,,,,,,,,,,,,,,,,,,,242.82467954105232,242.83297120803036,244.0735220000497,244.0735220000497,244.0735220000497,244.14688662503613,244.14688662503613,244.14688662503613,244.6494082910358,z,1.8138175420463085,None,244.64955691603245,244.64961633301573,None,,,,,,,,,,,,21040109,2,2026-04-21_12h21.40.188,tilt_mocs,2024.2.4,120.86223023056361,2026-04-21 12h21.51.014415 -0400,
8,15.0,,55,55,0,,,,,100,0,,,,,c+8,poss,1.25,period,1.8872875830275007,None,None,,,,,,,,,,,0,55,55,243,244.66080837504705,,,,,,,,,,,,,,,,,,,,,,,,,,,,,,,,,,,,,,,,,,,,,,,,,,,,,,,,,,,,,,,,,,,,,,,,,244.65191187500022,244.66080837504705,245.8963922910043,245.8963922910043,245.8963922910043,245.9691862910404,245.9691862910404,245.9691862910404,246.55465425003786,period,1.8872875830275007,None,246.5547810830176,246.55483716604067,None,,,,,,,,,,,,21040109,2,2026-04-21_12h21.40.188,tilt_mocs,2024.2.4,120.86223023056361,2026-04-21 12h21.51.014415 -0400,
-2,-15.0,,56,56,0,,,,,100,0,,,,,c-2,negs,1.0,period,1.7507467499817722,None,None,,,,,,,,,,,0,56,56,405,246.56599883304443,,,,,,,,,,,,,,,,,,,,,,,,,,,,,,,,,,,,,,,,,,,,,,,,,,,,,,,,,,,,,,,,,,,,,,,,,246.55705212504836,246.56599883304443,247.55609183304477,247.55609183304477,247.55609183304477,247.63031770801172,247.63031770801172,247.63031770801172,248.32156716601457,period,1.7507467499817722,None,248.32169574999716,248.32175133301644,None,,,,,,,,,,,,21040109,2,2026-04-21_12h21.40.188,tilt_mocs,2024.2.4,120.86223023056361,2026-04-21 12h21.51.014415 -0400,
-6,-15.0,,57,57,0,,,,,100,0,,,,,c-6,negs,1.25,z,1.9637358339969069,None,None,,,,,,,,,,,0,57,57,327,248.33284554100828,,,,,,,,,,,,,,,,,,,,,,,,,,,,,,,,,,,,,,,,,,,,,,,,,,,,,,,,,,,,,,,,,,,,,,,,,248.32391708303476,248.33284554100828,249.57217050000327,249.57217050000327,249.57217050000327,249.64717591600493,249.64717591600493,249.64717591600493,250.29962666600477,z,1.9637358339969069,None,250.29990416602232,250.29998325003544,None,,,,,,,,,,,,21040109,2,2026-04-21_12h21.40.188,tilt_mocs,2024.2.4,120.86223023056361,2026-04-21 12h21.51.014415 -0400,
0,0.0,,58,58,0,,,,,0,100,,,,,c+0,noss,1.0,period,1.7794116250006482,None,None,,,,,,,,,,,0,58,58,615,250.31137125001987,,,,,,,,,,,,,,,,,,,,,,,,,,,,,,,,,,,,,,,,,,,,,,,,,,,,,,,,,,,,,,,,,,,,,,,,,250.30248945800122,250.31137125001987,251.29668012500042,251.29668012500042,251.29668012500042,251.36853350000456,251.36853350000456,251.36853350000456,252.10037087503588,period,1.7794116250006482,None,252.10053983301623,252.10060308303218,None,,,,,,,,,,,,21040109,2,2026-04-21_12h21.40.188,tilt_mocs,2024.2.4,120.86223023056361,2026-04-21 12h21.51.014415 -0400,
-6,-15.0,,59,59,0,,,,,100,0,,,,,c-6,negs,0.75,z,1.3072880830150098,None,None,,,,,,,,,,,0,59,59,309,252.11194683302892,,,,,,,,,,,,,,,,,,,,,,,,,,,,,,,,,,,,,,,,,,,,,,,,,,,,,,,,,,,,,,,,,,,,,,,,,252.1029642500216,252.11194683302892,252.84671587502817,252.84671587502817,252.84671587502817,252.91873379104072,252.91873379104072,252.91873379104072,253.42287945799762,z,1.3072880830150098,None,253.42301141604548,253.423067583004,None,,,,,,,,,,,,21040109,2,2026-04-21_12h21.40.188,tilt_mocs,2024.2.4,120.86223023056361,2026-04-21 12h21.51.014415 -0400,
6,15.0,,60,60,0,,,,,100,0,,,,,c+6,poss,0.75,period,1.197192499996163,None,None,,,,,,,,,,,0,60,60,182,253.4334972500219,,,,,,,,,,,,,,,,,,,,,,,,,,,,,,,,,,,,,,,,,,,,,,,,,,,,,,,,,,,,,,,,,,,,,,,,,253.42534904100467,253.4334972500219,254.17295787500916,254.17295787500916,254.17295787500916,254.24631087499438,254.24631087499438,254.24631087499438,254.63365695800167,period,1.197192499996163,None,254.63381358300103,254.63387387502007,None,,,,,,,,,,,,21040109,2,2026-04-21_12h21.40.188,tilt_mocs,2024.2.4,120.86223023056361,2026-04-21 12h21.51.014415 -0400,
-4,-15.0,,61,61,0,,,,,100,0,,,,,c-4,negs,1.25,z,1.6600869999965653,None,None,,,,,,,,,,,0,61,61,371,254.64622425002744,,,,,,,,,,,,,,,,,,,,,,,,,,,,,,,,,,,,,,,,,,,,,,,,,,,,,,,,,,,,,,,,,,,,,,,,,254.63717720803106,254.64622425002744,255.88017175003188,255.88017175003188,255.88017175003188,255.9522377080284,255.9522377080284,255.9522377080284,256.31624695804203,z,1.6600869999965653,None,256.31639216601616,256.31644895800855,None,,,,,,,,,,,,21040109,2,2026-04-21_12h21.40.188,tilt_mocs,2024.2.4,120.86223023056361,2026-04-21 12h21.51.014415 -0400,
0,15.0,,62,62,0,,,,,100,0,,,,,c+0,poss,0.5,z,2.5829281670157798,None,None,,,,,,,,,,,0,62,62,52,256.32794425002066,,,,,,,,,,,,,,,,,,,,,,,,,,,,,,,,,,,,,,,,,,,,,,,,,,,,,,,,,,,,,,,,,,,,,,,,,256.31887254101457,256.32794425002066,256.81358762504533,256.81358762504533,256.81358762504533,256.8859470830066,256.8859470830066,256.8859470830066,258.9165523330448,z,2.5829281670157798,None,258.9167049580137,258.9167626660201,None,,,,,,,,,,,,21040109,2,2026-04-21_12h21.40.188,tilt_mocs,2024.2.4,120.86223023056361,2026-04-21 12h21.51.014415 -0400,
0,15.0,,63,63,0,,,,,100,0,,,,,c+0,poss,0.5,z,1.1358985420083627,None,None,,,,,,,,,,,0,63,63,47,258.9284589580493,,,,,,,,,,,,,,,,,,,,,,,,,,,,,,,,,,,,,,,,,,,,,,,,,,,,,,,,,,,,,,,,,,,,,,,,,258.9190495410003,258.9284589580493,259.4135727910325,259.4135727910325,259.4135727910325,259.48600445804186,259.48600445804186,259.48600445804186,260.067373833037,z,1.1358985420083627,None,260.06753770803334,260.06759987503756,None,,,,,,,,,,,,21040109,2,2026-04-21_12h21.40.188,tilt_mocs,2024.2.4,120.86223023056361,2026-04-21 12h21.51.014415 -0400,
-4,-15.0,,64,64,0,,,,,100,0,,,,,c-4,negs,1.25,period,2.107063375005964,None,None,,,,,,,,,,,0,64,64,370,260.0786326249945,,,,,,,,,,,,,,,,,,,,,,,,,,,,,,,,,,,,,,,,,,,,,,,,,,,,,,,,,,,,,,,,,,,,,,,,,260.0699270410114,260.0786326249945,261.31372583302436,261.31372583302436,261.31372583302436,261.3857592080021,261.3857592080021,261.3857592080021,262.1882506250404,period,2.107063375005964,None,262.1883537500398,262.1883977079997,None,,,,,,,,,,,,21040109,2,2026-04-21_12h21.40.188,tilt_mocs,2024.2.4,120.86223023056361,2026-04-21 12h21.51.014415 -0400,
-2,0.0,,65,65,0,,,,,0,100,,,,,c-2,noss,0.5,z,1.0974494160036556,None,None,,,,,,,,,,,0,65,65,551,262.19972195802256,,,,,,,,,,,,,,,,,,,,,,,,,,,,,,,,,,,,,,,,,,,,,,,,,,,,,,,,,,,,,,,,,,,,,,,,,262.1903798330459,262.19972195802256,262.6893699580105,262.6893699580105,262.6893699580105,262.76419583300594,262.76419583300594,262.76419583300594,263.2998347080429,z,1.0974494160036556,None,263.2999853750225,263.3000458330498,None,,,,,,,,,,,,21040109,2,2026-04-21_12h21.40.188,tilt_mocs,2024.2.4,120.86223023056361,2026-04-21 12h21.51.014415 -0400,
0,15.0,,66,66,0,,,,,100,0,,,,,c+0,poss,1.0,z,1.4057620000094175,None,None,,,,,,,,,,,0,66,66,65,263.3114946660353,,,,,,,,,,,,,,,,,,,,,,,,,,,,,,,,,,,,,,,,,,,,,,,,,,,,,,,,,,,,,,,,,,,,,,,,,263.3023582500173,263.3114946660353,264.296163541032,264.296163541032,264.296163541032,264.3684308330412,264.3684308330412,264.3684308330412,264.7224362080451,z,1.4057620000094175,None,264.72256737505086,264.72262566600693,None,,,,,,,,,,,,21040109,2,2026-04-21_12h21.40.188,tilt_mocs,2024.2.4,120.86223023056361,2026-04-21 12h21.51.014415 -0400,
2,15.0,,67,67,0,,,,,100,0,,,,,c+2,poss,1.0,z,1.5333267920068465,None,None,,,,,,,,,,,0,67,67,110,264.7332238330273,,,,,,,,,,,,,,,,,,,,,,,,,,,,,,,,,,,,,,,,,,,,,,,,,,,,,,,,,,,,,,,,,,,,,,,,,264.7246311660274,264.7332238330273,265.7233881660504,265.7233881660504,265.7233881660504,265.7976581660332,265.7976581660332,265.7976581660332,266.2731001250213,z,1.5333267920068465,None,266.2732590000378,266.2733154160087,None,,,,,,,,,,,,21040109,2,2026-04-21_12h21.40.188,tilt_mocs,2024.2.4,120.86223023056361,2026-04-21 12h21.51.014415 -0400,
2,0.0,,68,68,0,,,,,0,100,,,,,c+2,noss,0.75,period,1.4706042080069892,None,None,,,,,,,,,,,0,68,68,647,266.284322875028,,,,,,,,,,,,,,,,,,,,,,,,,,,,,,,,,,,,,,,,,,,,,,,,,,,,,,,,,,,,,,,,,,,,,,,,,266.27636979101226,266.284322875028,267.0229562500026,267.0229562500026,267.0229562500026,267.09776066604536,267.09776066604536,267.09776066604536,267.76710254099453,period,1.4706042080069892,None,267.7672049580142,267.7672731660423,None,,,,,,,,,,,,21040109,2,2026-04-21_12h21.40.188,tilt_mocs,2024.2.4,120.86223023056361,2026-04-21 12h21.51.014415 -0400,
-8,-15.0,,69,69,0,,,,,100,0,,,,,c-8,negs,0.5,z,1.0003577079623938,None,None,,,,,,,,,,,0,69,69,253,267.78111154102953,,,,,,,,,,,,,,,,,,,,,,,,,,,,,,,,,,,,,,,,,,,,,,,,,,,,,,,,,,,,,,,,,,,,,,,,,267.76926558301784,267.78111154102953,268.2638702910044,268.2638702910044,268.2638702910044,268.3357541250298,268.3357541250298,268.3357541250298,268.7844802500331,z,1.0003577079623938,None,268.784626666049,268.78468166600214,None,,,,,,,,,,,,21040109,2,2026-04-21_12h21.40.188,tilt_mocs,2024.2.4,120.86223023056361,2026-04-21 12h21.51.014415 -0400,
2,15.0,,70,70,0,,,,,100,0,,,,,c+2,poss,0.5,z,1.8041885829879902,None,None,,,,,,,,,,,0,70,70,93,268.79578800004674,,,,,,,,,,,,,,,,,,,,,,,,,,,,,,,,,,,,,,,,,,,,,,,,,,,,,,,,,,,,,,,,,,,,,,,,,268.7869311250397,268.79578800004674,269.2806079580332,269.2806079580332,269.2806079580332,269.35240787500516,269.35240787500516,269.35240787500516,270.6044124159962,z,1.8041885829879902,None,270.6045112500433,270.6045547500253,None,,,,,,,,,,,,21040109,2,2026-04-21_12h21.40.188,tilt_mocs,2024.2.4,120.86223023056361,2026-04-21 12h21.51.014415 -0400,
0,0.0,,71,71,0,,,,,0,100,,,,,c+0,noss,1.25,period,2.501293374982197,None,None,,,,,,,,,,,0,71,71,621,270.6308103330084,,,,,,,,,,,,,,,,,,,,,,,,,,,,,,,,,,,,,,,,,,,,,,,,,,,,,,,,,,,,,,,,,,,,,,,,,270.6065195830306,270.6308103330084,271.85675962502137,271.85675962502137,271.85675962502137,271.9313276250032,271.9313276250032,271.9313276250032,273.144221250026,period,2.501293374982197,None,273.14432291605044,273.1443702499964,None,,,,,,,,,,,,21040109,2,2026-04-21_12h21.40.188,tilt_mocs,2024.2.4,120.86223023056361,2026-04-21 12h21.51.014415 -0400,
2,-15.0,,72,72,0,,,,,100,0,,,,,c+2,negs,0.75,period,1.6229397089919075,None,None,,,,,,,,,,,0,72,72,478,273.1508773750393,,,,,,,,,,,,,,,,,,,,,,,,,,,,,,,,,,,,,,,,,,,,,,,,,,,,,,,,,,,,,,,,,,,,,,,,,273.1464498330024,273.1508773750393,273.89084091602126,273.89084091602126,273.89084091602126,273.96467745804694,273.96467745804694,273.96467745804694,274.78405283304164,period,1.6229397089919075,None,274.78429850004613,274.7843950410024,None,,,,,,,,,,,,21040109,2,2026-04-21_12h21.40.188,tilt_mocs,2024.2.4,120.86223023056361,2026-04-21 12h21.51.014415 -0400,
-6,-15.0,,73,73,0,,,,,100,0,,,,,c-6,negs,1.0,period,1.6706631249981,None,None,,,,,,,,,,,0,73,73,325,274.7958705830388,,,,,,,,,,,,,,,,,,,,,,,,,,,,,,,,,,,,,,,,,,,,,,,,,,,,,,,,,,,,,,,,,,,,,,,,,274.78683525003726,274.7958705830388,275.78081187501084,275.78081187501084,275.78081187501084,275.85242987499805,275.85242987499805,275.85242987499805,276.47165758302435,period,1.6706631249981,None,276.47178508300567,276.47184091602685,None,,,,,,,,,,,,21040109,2,2026-04-21_12h21.40.188,tilt_mocs,2024.2.4,120.86223023056361,2026-04-21 12h21.51.014415 -0400,
2,-15.0,,74,74,0,,,,,100,0,,,,,c+2,negs,0.5,period,1.0528205829905346,None,None,,,,,,,,,,,0,74,74,466,276.4840425000293,,,,,,,,,,,,,,,,,,,,,,,,,,,,,,,,,,,,,,,,,,,,,,,,,,,,,,,,,,,,,,,,,,,,,,,,,276.4738848330453,276.4840425000293,276.97342300001765,276.97342300001765,276.97342300001765,277.04804270801833,277.04804270801833,277.04804270801833,277.5399399160524,period,1.0528205829905346,None,277.54008100001374,277.54013908305205,None,,,,,,,,,,,,21040109,2,2026-04-21_12h21.40.188,tilt_mocs,2024.2.4,120.86223023056361,2026-04-21 12h21.51.014415 -0400,
-8,-15.0,,75,75,0,,,,,100,0,,,,,c-8,negs,0.75,z,1.3263503750204109,None,None,,,,,,,,,,,0,75,75,265,277.5503662500414,,,,,,,,,,,,,,,,,,,,,,,,,,,,,,,,,,,,,,,,,,,,,,,,,,,,,,,,,,,,,,,,,,,,,,,,,277.5422887500026,277.5503662500414,278.29049962502904,278.29049962502904,278.29049962502904,278.36478462500963,278.36478462500963,278.36478462500963,278.88356091600144,z,1.3263503750204109,None,278.8836910829996,278.8837472500163,None,,,,,,,,,,,,21040109,2,2026-04-21_12h21.40.188,tilt_mocs,2024.2.4,120.86223023056361,2026-04-21 12h21.51.014415 -0400,
8,15.0,,76,76,0,,,,,100,0,,,,,c+8,poss,0.75,z,1.1711464999825694,None,None,,,,,,,,,,,0,76,76,225,278.89461845799815,,,,,,,,,,,,,,,,,,,,,,,,,,,,,,,,,,,,,,,,,,,,,,,,,,,,,,,,,,,,,,,,,,,,,,,,,278.8857997910236,278.89461845799815,279.6310458750231,279.6310458750231,279.6310458750231,279.70336458302336,279.70336458302336,279.70336458302336,280.07222370803356,z,1.1711464999825694,None,280.0723479160224,280.07240500004264,None,,,,,,,,,,,,21040109,2,2026-04-21_12h21.40.188,tilt_mocs,2024.2.4,120.86223023056361,2026-04-21 12h21.51.014415 -0400,
2,-15.0,,77,77,0,,,,,100,0,,,,,c+2,negs,1.0,z,1.660144624998793,None,None,,,,,,,,,,,0,77,77,490,280.08373462501913,,,,,,,,,,,,,,,,,,,,,,,,,,,,,,,,,,,,,,,,,,,,,,,,,,,,,,,,,,,,,,,,,,,,,,,,,280.0745919580222,280.08373462501913,281.0730607910082,281.0730607910082,281.0730607910082,281.1482020410476,281.1482020410476,281.1482020410476,281.7491975830053,z,1.660144624998793,None,281.74930145801045,281.749346333032,None,,,,,,,,,,,,21040109,2,2026-04-21_12h21.40.188,tilt_mocs,2024.2.4,120.86223023056361,2026-04-21 12h21.51.014415 -0400,
0,-15.0,,78,78,0,,,,,100,0,,,,,c+0,negs,0.5,period,1.5469619169598445,None,None,,,,,,,,,,,0,78,78,424,281.76034783304203,,,,,,,,,,,,,,,,,,,,,,,,,,,,,,,,,,,,,,,,,,,,,,,,,,,,,,,,,,,,,,,,,,,,,,,,,281.7513305830071,281.76034783304203,282.247698666004,282.247698666004,282.247698666004,282.3206995000364,282.3206995000364,282.3206995000364,283.31740641599754,period,1.5469619169598445,None,283.31754637503764,283.31761054100934,None,,,,,,,,,,,,21040109,2,2026-04-21_12h21.40.188,tilt_mocs,2024.2.4,120.86223023056361,2026-04-21 12h21.51.014415 -0400,
0,0.0,,79,79,0,,,,,0,100,,,,,c+0,noss,0.5,period,1.5230642500100657,None,None,,,,,,,,,,,0,79,79,594,283.32882066600723,,,,,,,,,,,,,,,,,,,,,,,,,,,,,,,,,,,,,,,,,,,,,,,,,,,,,,,,,,,,,,,,,,,,,,,,,283.3201088750502,283.32882066600723,283.8145554160001,283.8145554160001,283.8145554160001,283.8866696250043,283.8866696250043,283.8866696250043,284.85584762500366,period,1.5230642500100657,None,284.855966541043,284.856014375051,None,,,,,,,,,,,,21040109,2,2026-04-21_12h21.40.188,tilt_mocs,2024.2.4,120.86223023056361,2026-04-21 12h21.51.014415 -0400,
2,0.0,,80,80,0,,,,,0,100,,,,,c+2,noss,0.75,period,1.5191409579711035,None,None,,,,,,,,,,,0,80,80,650,284.8670555000426,,,,,,,,,,,,,,,,,,,,,,,,,,,,,,,,,,,,,,,,,,,,,,,,,,,,,,,,,,,,,,,,,,,,,,,,,284.8579991660081,284.8670555000426,285.6072105829953,285.6072105829953,285.6072105829953,285.681862166035,285.681862166035,285.681862166035,286.38984325004276,period,1.5191409579711035,None,286.3899612080422,286.390010291012,None,,,,,,,,,,,,21040109,2,2026-04-21_12h21.40.188,tilt_mocs,2024.2.4,120.86223023056361,2026-04-21 12h21.51.014415 -0400,
-2,0.0,,81,81,0,,,,,0,100,,,,,c-2,noss,1.0,z,1.6018761249724776,None,None,,,,,,,,,,,0,81,81,577,286.4008465000079,,,,,,,,,,,,,,,,,,,,,,,,,,,,,,,,,,,,,,,,,,,,,,,,,,,,,,,,,,,,,,,,,,,,,,,,,286.392033708049,286.4008465000079,287.3903759160312,287.3903759160312,287.3903759160312,287.4650931250071,287.4650931250071,287.4650931250071,288.0060402500094,z,1.6018761249724776,None,288.0061423750012,288.0061851660139,None,,,,,,,,,,,,21040109,2,2026-04-21_12h21.40.188,tilt_mocs,2024.2.4,120.86223023056361,2026-04-21 12h21.51.014415 -0400,
-8,-15.0,,82,82,0,,,,,100,0,,,,,c-8,negs,0.5,z,1.0443105839658529,None,None,,,,,,,,,,,0,82,82,258,288.01746341603575,,,,,,,,,,,,,,,,,,,,,,,,,,,,,,,,,,,,,,,,,,,,,,,,,,,,,,,,,,,,,,,,,,,,,,,,,288.0084918750217,288.01746341603575,288.50773962499807,288.50773962499807,288.50773962499807,288.58190829103114,288.58190829103114,288.58190829103114,289.0673656250001,z,1.0443105839658529,None,289.06753025000216,289.06758345803246,None,,,,,,,,,,,,21040109,2,2026-04-21_12h21.40.188,tilt_mocs,2024.2.4,120.86223023056361,2026-04-21 12h21.51.014415 -0400,
-4,0.0,,83,83,0,,,,,0,100,,,,,c-4,noss,0.5,z,1.044747332984116,None,None,,,,,,,,,,,0,83,83,511,289.0786904580309,,,,,,,,,,,,,,,,,,,,,,,,,,,,,,,,,,,,,,,,,,,,,,,,,,,,,,,,,,,,,,,,,,,,,,,,,289.0702767500188,289.0786904580309,289.56426537502557,289.56426537502557,289.56426537502557,289.63727337500313,289.63727337500313,289.63727337500313,290.1341542500304,z,1.044747332984116,None,290.1343047080445,290.1343655830133,None,,,,,,,,,,,,21040109,2,2026-04-21_12h21.40.188,tilt_mocs,2024.2.4,120.86223023056361,2026-04-21 12h21.51.014415 -0400,
-8,-15.0,,84,84,0,,,,,100,0,,,,,c-8,negs,1.0,z,1.55431320797652,None,None,,,,,,,,,,,0,84,84,283,290.14583016600227,,,,,,,,,,,,,,,,,,,,,,,,,,,,,,,,,,,,,,,,,,,,,,,,,,,,,,,,,,,,,,,,,,,,,,,,,290.1371195000247,290.14583016600227,291.1313972910284,291.1313972910284,291.1313972910284,291.2045874160249,291.2045874160249,291.2045874160249,291.70657841605134,z,1.55431320797652,None,291.7067038330133,291.70675908302655,None,,,,,,,,,,,,21040109,2,2026-04-21_12h21.40.188,tilt_mocs,2024.2.4,120.86223023056361,2026-04-21 12h21.51.014415 -0400,
-4,-15.0,,85,85,0,,,,,100,0,,,,,c-4,negs,1.25,period,2.5074975000461563,None,None,,,,,,,,,,,0,85,85,376,291.71788891602773,,,,,,,,,,,,,,,,,,,,,,,,,,,,,,,,,,,,,,,,,,,,,,,,,,,,,,,,,,,,,,,,,,,,,,,,,291.7089691250003,291.71788891602773,292.9577293750481,292.9577293750481,292.9577293750481,293.0319604999968,293.0319604999968,293.0319604999968,294.2343629579991,period,2.5074975000461563,None,294.23451300000306,294.23456787504256,None,,,,,,,,,,,,21040109,2,2026-04-21_12h21.40.188,tilt_mocs,2024.2.4,120.86223023056361,2026-04-21 12h21.51.014415 -0400,
2,15.0,,86,86,0,,,,,100,0,,,,,c+2,poss,1.25,z,1.8123231659992598,None,None,,,,,,,,,,,0,86,86,121,294.245861833042,,,,,,,,,,,,,,,,,,,,,,,,,,,,,,,,,,,,,,,,,,,,,,,,,,,,,,,,,,,,,,,,,,,,,,,,,294.23696308303624,294.245861833042,295.4808772910037,295.4808772910037,295.4808772910037,295.5541556249955,295.5541556249955,295.5541556249955,296.0680016660481,z,1.8123231659992598,None,296.0681519579957,296.0682184580364,None,,,,,,,,,,,,21040109,2,2026-04-21_12h21.40.188,tilt_mocs,2024.2.4,120.86223023056361,2026-04-21 12h21.51.014415 -0400,
-2,0.0,,87,87,0,,,,,0,100,,,,,c-2,noss,1.0,z,1.6128552079899237,None,None,,,,,,,,,,,0,87,87,575,296.0796699160128,,,,,,,,,,,,,,,,,,,,,,,,,,,,,,,,,,,,,,,,,,,,,,,,,,,,,,,,,,,,,,,,,,,,,,,,,296.0706036660122,296.0796699160128,297.0650546660181,297.0650546660181,297.0650546660181,297.1378099580179,297.1378099580179,297.1378099580179,297.70097300002817,z,1.6128552079899237,None,297.70110500004375,297.7011600410333,None,,,,,,,,,,,,21040109,2,2026-04-21_12h21.40.188,tilt_mocs,2024.2.4,120.86223023056361,2026-04-21 12h21.51.014415 -0400,
-2,0.0,,88,88,0,,,,,0,100,,,,,c-2,noss,1.25,z,1.7585795419872738,None,None,,,,,,,,,,,0,88,88,586,297.7119322500075,,,,,,,,,,,,,,,,,,,,,,,,,,,,,,,,,,,,,,,,,,,,,,,,,,,,,,,,,,,,,,,,,,,,,,,,,297.70325820799917,297.7119322500075,298.9483595000347,298.9483595000347,298.9483595000347,299.0209340410074,299.0209340410074,299.0209340410074,299.47380658303155,z,1.7585795419872738,None,299.473940875032,299.4739979580045,None,,,,,,,,,,,,21040109,2,2026-04-21_12h21.40.188,tilt_mocs,2024.2.4,120.86223023056361,2026-04-21 12h21.51.014415 -0400,
4,15.0,,89,89,0,,,,,100,0,,,,,c+4,poss,0.75,z,1.8686369159840979,None,None,,,,,,,,,,,0,89,89,140,299.48462300002575,,,,,,,,,,,,,,,,,,,,,,,,,,,,,,,,,,,,,,,,,,,,,,,,,,,,,,,,,,,,,,,,,,,,,,,,,299.47622433304787,299.48462300002575,300.22464170801686,300.22464170801686,300.22464170801686,300.29909816599684,300.29909816599684,300.29909816599684,301.3570134580368,z,1.8686369159840979,None,301.35716183303157,301.3572220830247,None,,,,,,,,,,,,21040109,2,2026-04-21_12h21.40.188,tilt_mocs,2024.2.4,120.86223023056361,2026-04-21 12h21.51.014415 -0400,
2,-15.0,,90,90,0,,,,,100,0,,,,,c+2,negs,0.75,period,1.3212507499847561,None,None,,,,,,,,,,,0,90,90,481,301.3682876660023,,,,,,,,,,,,,,,,,,,,,,,,,,,,,,,,,,,,,,,,,,,,,,,,,,,,,,,,,,,,,,,,,,,,,,,,,301.35953499999596,301.3682876660023,302.10837100003846,302.10837100003846,302.10837100003846,302.1825373330503,302.1825373330503,302.1825373330503,302.70113300002413,period,1.3212507499847561,None,302.7012599580339,302.70131350000156,None,,,,,,,,,,,,21040109,2,2026-04-21_12h21.40.188,tilt_mocs,2024.2.4,120.86223023056361,2026-04-21 12h21.51.014415 -0400,
0,-15.0,,91,91,0,,,,,100,0,,,,,c+0,negs,1.25,period,1.7032200419926085,None,None,,,,,,,,,,,0,91,91,461,302.7125832500169,,,,,,,,,,,,,,,,,,,,,,,,,,,,,,,,,,,,,,,,,,,,,,,,,,,,,,,,,,,,,,,,,,,,,,,,,302.7038367080386,302.7125832500169,303.948610750027,303.948610750027,303.948610750027,304.0211042910232,304.0211042910232,304.0211042910232,304.4190628330107,period,1.7032200419926085,None,304.4192137080245,304.4192730410141,None,,,,,,,,,,,,21040109,2,2026-04-21_12h21.40.188,tilt_mocs,2024.2.4,120.86223023056361,2026-04-21 12h21.51.014415 -0400,
4,15.0,,92,92,0,,,,,100,0,,,,,c+4,poss,0.5,z,1.1049870839924552,None,None,,,,,,,,,,,0,92,92,133,304.4306821250357,,,,,,,,,,,,,,,,,,,,,,,,,,,,,,,,,,,,,,,,,,,,,,,,,,,,,,,,,,,,,,,,,,,,,,,,,304.4218706660322,304.4306821250357,304.9153401250369,304.9153401250369,304.9153401250369,304.9871075830306,304.9871075830306,304.9871075830306,305.5400244159973,z,1.1049870839924552,None,305.54012045799755,305.5401622080244,None,,,,,,,,,,,,21040109,2,2026-04-21_12h21.40.188,tilt_mocs,2024.2.4,120.86223023056361,2026-04-21 12h21.51.014415 -0400,
6,15.0,,93,93,0,,,,,100,0,,,,,c+6,poss,1.25,period,1.9490307089872658,None,None,,,,,,,,,,,0,93,93,208,305.551086499996,,,,,,,,,,,,,,,,,,,,,,,,,,,,,,,,,,,,,,,,,,,,,,,,,,,,,,,,,,,,,,,,,,,,,,,,,305.54213795805117,305.551086499996,306.79254766600206,306.79254766600206,306.79254766600206,306.86602145800134,306.86602145800134,306.86602145800134,307.5119806250441,period,1.9490307089872658,None,307.512082500034,307.5121255000122,None,,,,,,,,,,,,21040109,2,2026-04-21_12h21.40.188,tilt_mocs,2024.2.4,120.86223023056361,2026-04-21 12h21.51.014415 -0400,
6,15.0,,94,94,0,,,,,100,0,,,,,c+6,poss,1.25,period,3.3027736250078306,None,None,,,,,,,,,,,0,94,94,205,307.51894012501,,,,,,,,,,,,,,,,,,,,,,,,,,,,,,,,,,,,,,,,,,,,,,,,,,,,,,,,,,,,,,,,,,,,,,,,,307.51408629101934,307.51894012501,308.75785691599594,308.75785691599594,308.75785691599594,308.8323907080339,308.8323907080339,308.8323907080339,310.8243682500324,period,3.3027736250078306,None,310.8244876660174,310.8245331660146,None,,,,,,,,,,,,21040109,2,2026-04-21_12h21.40.188,tilt_mocs,2024.2.4,120.86223023056361,2026-04-21 12h21.51.014415 -0400,
-2,-15.0,,95,95,0,,,,,100,0,,,,,c-2,negs,1.25,z,2.0555278749670833,None,None,,,,,,,,,,,0,95,95,417,310.8349457080476,,,,,,,,,,,,,,,,,,,,,,,,,,,,,,,,,,,,,,,,,,,,,,,,,,,,,,,,,,,,,,,,,,,,,,,,,310.82651816599537,310.8349457080476,312.0753740000073,312.0753740000073,312.0753740000073,312.14954037504504,312.14954037504504,312.14954037504504,312.9016363330302,z,2.0555278749670833,None,312.9018020830117,312.9018607500475,None,,,,,,,,,,,,21040109,2,2026-04-21_12h21.40.188,tilt_mocs,2024.2.4,120.86223023056361,2026-04-21 12h21.51.014415 -0400,
0,15.0,,96,96,0,,,,,100,0,,,,,c+0,poss,1.0,z,2.8687517079524696,None,None,,,,,,,,,,,0,96,96,69,312.9138047080487,,,,,,,,,,,,,,,,,,,,,,,,,,,,,,,,,,,,,,,,,,,,,,,,,,,,,,,,,,,,,,,,,,,,,,,,,312.904663333029,312.9138047080487,313.89945104101207,313.89945104101207,313.89945104101207,313.9715841660509,313.9715841660509,313.9715841660509,315.7850103750243,z,2.8687517079524696,None,315.7851158750127,315.78516000002855,None,,,,,,,,,,,,21040109,2,2026-04-21_12h21.40.188,tilt_mocs,2024.2.4,120.86223023056361,2026-04-21 12h21.51.014415 -0400,
8,15.0,,97,97,0,,,,,100,0,,,,,c+8,poss,0.5,period,1.1215356250177138,None,None,,,,,,,,,,,0,97,97,219,315.7960520830238,,,,,,,,,,,,,,,,,,,,,,,,,,,,,,,,,,,,,,,,,,,,,,,,,,,,,,,,,,,,,,,,,,,,,,,,,315.78713612502906,315.7960520830238,316.2825093330466,316.2825093330466,316.2825093330466,316.3542354160454,316.3542354160454,316.3542354160454,316.9249099580338,period,1.1215356250177138,None,316.92503308301093,316.925088457996,None,,,,,,,,,,,,21040109,2,2026-04-21_12h21.40.188,tilt_mocs,2024.2.4,120.86223023056361,2026-04-21 12h21.51.014415 -0400,
2,0.0,,98,98,0,,,,,0,100,,,,,c+2,noss,0.75,period,1.3717127499985509,None,None,,,,,,,,,,,0,98,98,646,316.9354634160409,,,,,,,,,,,,,,,,,,,,,,,,,,,,,,,,,,,,,,,,,,,,,,,,,,,,,,,,,,,,,,,,,,,,,,,,,316.92731229099445,316.9354634160409,317.67397312499816,317.67397312499816,317.67397312499816,317.74959941604175,317.74959941604175,317.74959941604175,318.31854045804357,period,1.3717127499985509,None,318.31869858299615,318.3187547500129,None,,,,,,,,,,,,21040109,2,2026-04-21_12h21.40.188,tilt_mocs,2024.2.4,120.86223023056361,2026-04-21 12h21.51.014415 -0400,
2,-15.0,,99,99,0,,,,,100,0,,,,,c+2,negs,0.75,period,1.473735542036593,None,None,,,,,,,,,,,0,99,99,480,318.3309528750251,,,,,,,,,,,,,,,,,,,,,,,,,,,,,,,,,,,,,,,,,,,,,,,,,,,,,,,,,,,,,,,,,,,,,,,,,318.32172333303606,318.3309528750251,319.06572145799873,319.06572145799873,319.06572145799873,319.1370907080127,319.1370907080127,319.1370907080127,319.80734525003936,period,1.473735542036593,None,319.8074807500234,319.8075361250085,None,,,,,,,,,,,,21040109,2,2026-04-21_12h21.40.188,tilt_mocs,2024.2.4,120.86223023056361,2026-04-21 12h21.51.014415 -0400,
4,15.0,,100,100,0,,,,,100,0,,,,,c+4,poss,1.0,z,1.8444734590011649,None,None,,,,,,,,,,,0,100,100,148,319.8185056660441,,,,,,,,,,,,,,,,,,,,,,,,,,,,,,,,,,,,,,,,,,,,,,,,,,,,,,,,,,,,,,,,,,,,,,,,,319.8095591250458,319.8185056660441,320.80900141602615,320.80900141602615,320.80900141602615,320.8830352500081,320.8830352500081,320.8830352500081,321.6691117500304,z,1.8444734590011649,None,321.6692773330142,321.66933550004615,None,,,,,,,,,,,,21040109,2,2026-04-21_12h21.40.188,tilt_mocs,2024.2.4,120.86223023056361,2026-04-21 12h21.51.014415 -0400,
-6,-15.0,,101,101,0,,,,,100,0,,,,,c-6,negs,0.5,z,1.2424760409630835,None,None,,,,,,,,,,,0,101,101,295,321.6820504160132,,,,,,,,,,,,,,,,,,,,,,,,,,,,,,,,,,,,,,,,,,,,,,,,,,,,,,,,,,,,,,,,,,,,,,,,,321.67271754104877,321.6820504160132,322.1660588750383,322.1660588750383,322.1660588750383,322.2380396250519,322.2380396250519,322.2380396250519,322.93530183302937,z,1.2424760409630835,None,322.9354637910146,322.93551804102026,None,,,,,,,,,,,,21040109,2,2026-04-21_12h21.40.188,tilt_mocs,2024.2.4,120.86223023056361,2026-04-21 12h21.51.014415 -0400,
-2,15.0,,102,102,0,,,,,100,0,,,,,c-2,poss,1.25,z,1.9867912090267055,None,None,,,,,,,,,,,0,102,102,39,322.94776641600765,,,,,,,,,,,,,,,,,,,,,,,,,,,,,,,,,,,,,,,,,,,,,,,,,,,,,,,,,,,,,,,,,,,,,,,,,322.9383798330091,322.94776641600765,324.1819339580252,324.1819339580252,324.1819339580252,324.2558071250096,324.2558071250096,324.2558071250096,324.94093645800604,z,1.9867912090267055,None,324.9410621250281,324.94111641601194,None,,,,,,,,,,,,21040109,2,2026-04-21_12h21.40.188,tilt_mocs,2024.2.4,120.86223023056361,2026-04-21 12h21.51.014415 -0400,
0,15.0,,103,103,0,,,,,100,0,,,,,c+0,poss,0.5,z,1.126436749997083,None,None,,,,,,,,,,,0,103,103,50,324.95216233300744,,,,,,,,,,,,,,,,,,,,,,,,,,,,,,,,,,,,,,,,,,,,,,,,,,,,,,,,,,,,,,,,,,,,,,,,,324.94324175000656,324.95216233300744,325.4421896660351,325.4421896660351,325.4421896660351,325.5164557500393,325.5164557500393,325.5164557500393,326.08551758300746,z,1.126436749997083,None,326.0856412500143,326.08569483301835,None,,,,,,,,,,,,21040109,2,2026-04-21_12h21.40.188,tilt_mocs,2024.2.4,120.86223023056361,2026-04-21 12h21.51.014415 -0400,
4,0.0,,104,104,0,,,,,0,100,,,,,c+4,noss,1.0,period,1.4439922500168905,None,None,,,,,,,,,,,0,104,104,702,326.0968835410313,,,,,,,,,,,,,,,,,,,,,,,,,,,,,,,,,,,,,,,,,,,,,,,,,,,,,,,,,,,,,,,,,,,,,,,,,326.087969041022,326.0968835410313,327.0828201250406,327.0828201250406,327.0828201250406,327.1546355410246,327.1546355410246,327.1546355410246,327.5524669160368,period,1.4439922500168905,None,327.5526335000177,327.55268562503625,None,,,,,,,,,,,,21040109,2,2026-04-21_12h21.40.188,tilt_mocs,2024.2.4,120.86223023056361,2026-04-21 12h21.51.014415 -0400,
-4,-15.0,,105,105,0,,,,,100,0,,,,,c-4,negs,1.0,z,1.5443527500028722,None,None,,,,,,,,,,,0,105,105,364,327.5649762499961,,,,,,,,,,,,,,,,,,,,,,,,,,,,,,,,,,,,,,,,,,,,,,,,,,,,,,,,,,,,,,,,,,,,,,,,,327.5557257500477,327.5649762499961,328.5494416660513,328.5494416660513,328.5494416660513,328.6224168330082,328.6224168330082,328.6224168330082,329.11917120800354,z,1.5443527500028722,None,329.1193312079995,329.11938645801274,None,,,,,,,,,,,,21040109,2,2026-04-21_12h21.40.188,tilt_mocs,2024.2.4,120.86223023056361,2026-04-21 12h21.51.014415 -0400,
-8,-15.0,,106,106,0,,,,,100,0,,,,,c-8,negs,0.5,z,0.06823512498522177,None,None,,,,,,,,,,,0,106,106,252,329.1315211660112,,,,,,,,,,,,,,,,,,,,,,,,,,,,,,,,,,,,,,,,,,,,,,,,,,,,,,,,,,,,,,,,,,,,,,,,,329.12223587499466,329.1315211660112,,,,,,,329.2020966249984,z,0.06823512498522177,None,329.20222454104805,329.20228158304235,None,,,,,,,,,,,,21040109,2,2026-04-21_12h21.40.188,tilt_mocs,2024.2.4,120.86223023056361,2026-04-21 12h21.51.014415 -0400,
2,15.0,,107,107,0,,,,,100,0,,,,,c+2,poss,0.75,period,1.3645040830015205,None,None,,,,,,,,,,,0,107,107,97,329.2134409160353,,,,,,,,,,,,,,,,,,,,,,,,,,,,,,,,,,,,,,,,,,,,,,,,,,,,,,,,,,,,,,,,,,,,,,,,,329.2047025830252,329.2134409160353,329.9495538750198,329.9495538750198,329.9495538750198,330.02180641604355,330.02180641604355,330.02180641604355,330.5855443330365,period,1.3645040830015205,None,330.5856725409976,330.5857277500327,None,,,,,,,,,,,,21040109,2,2026-04-21_12h21.40.188,tilt_mocs,2024.2.4,120.86223023056361,2026-04-21 12h21.51.014415 -0400,
-6,-15.0,,108,108,0,,,,,100,0,,,,,c-6,negs,0.75,period,4.571892959007528,None,None,,,,,,,,,,,0,108,108,307,330.5966968330322,,,,,,,,,,,,,,,,,,,,,,,,,,,,,,,,,,,,,,,,,,,,,,,,,,,,,,,,,,,,,,,,,,,,,,,,,330.5882095830166,330.5966968330322,331.332853541011,331.332853541011,331.332853541011,331.4063734160154,331.4063734160154,331.4063734160154,335.1751016660128,period,4.571892959007528,None,335.1752289160504,335.175283041026,None,,,,,,,,,,,,21040109,2,2026-04-21_12h21.40.188,tilt_mocs,2024.2.4,120.86223023056361,2026-04-21 12h21.51.014415 -0400,
0,0.0,,109,109,0,,,,,0,100,,,,,c+0,noss,1.0,z,1.6729143749689683,None,None,,,,,,,,,,,0,109,109,611,335.1858402500511,,,,,,,,,,,,,,,,,,,,,,,,,,,,,,,,,,,,,,,,,,,,,,,,,,,,,,,,,,,,,,,,,,,,,,,,,335.1773210000247,335.1858402500511,336.1763401250355,336.1763401250355,336.1763401250355,336.25050725002075,336.25050725002075,336.25050725002075,336.86981162504526,z,1.6729143749689683,None,336.869984666002,336.87004037504084,None,,,,,,,,,,,,21040109,2,2026-04-21_12h21.40.188,tilt_mocs,2024.2.4,120.86223023056361,2026-04-21 12h21.51.014415 -0400,
0,15.0,,110,110,0,,,,,100,0,,,,,c+0,poss,0.5,z,1.175472415983677,None,None,,,,,,,,,,,0,110,110,49,336.88102491601603,,,,,,,,,,,,,,,,,,,,,,,,,,,,,,,,,,,,,,,,,,,,,,,,,,,,,,,,,,,,,,,,,,,,,,,,,336.8723393330001,336.88102491601603,337.36643604101846,337.36643604101846,337.36643604101846,337.4393242910155,337.4393242910155,337.4393242910155,338.05953608301934,z,1.175472415983677,None,338.059682541003,338.05974029103527,None,,,,,,,,,,,,21040109,2,2026-04-21_12h21.40.188,tilt_mocs,2024.2.4,120.86223023056361,2026-04-21 12h21.51.014415 -0400,
-4,-15.0,,111,111,0,,,,,100,0,,,,,c-4,negs,0.75,period,1.2920557080069557,None,None,,,,,,,,,,,0,111,111,353,338.07035400002496,,,,,,,,,,,,,,,,,,,,,,,,,,,,,,,,,,,,,,,,,,,,,,,,,,,,,,,,,,,,,,,,,,,,,,,,,338.0618400000385,338.07035400002496,338.80973800003994,338.80973800003994,338.80973800003994,338.8837525410345,338.8837525410345,338.8837525410345,339.36909141601063,period,1.2920557080069557,None,339.3691897499957,339.36923212499823,None,,,,,,,,,,,,21040109,2,2026-04-21_12h21.40.188,tilt_mocs,2024.2.4,120.86223023056361,2026-04-21 12h21.51.014415 -0400,
-2,-15.0,,112,112,0,,,,,100,0,,,,,c-2,negs,0.75,period,1.2952120410045609,None,None,,,,,,,,,,,0,112,112,389,339.37942362501053,,,,,,,,,,,,,,,,,,,,,,,,,,,,,,,,,,,,,,,,,,,,,,,,,,,,,,,,,,,,,,,,,,,,,,,,,339.37118266604375,339.37942362501053,340.11573029099964,340.11573029099964,340.11573029099964,340.188848040998,340.188848040998,340.188848040998,340.6860074160504,period,1.2952120410045609,None,340.68613637500675,340.6861913750181,None,,,,,,,,,,,,21040109,2,2026-04-21_12h21.40.188,tilt_mocs,2024.2.4,120.86223023056361,2026-04-21 12h21.51.014415 -0400,
-6,-15.0,,113,113,0,,,,,100,0,,,,,c-6,negs,1.25,period,1.8066064579761587,None,None,,,,,,,,,,,0,113,113,328,340.69737629103474,,,,,,,,,,,,,,,,,,,,,,,,,,,,,,,,,,,,,,,,,,,,,,,,,,,,,,,,,,,,,,,,,,,,,,,,,340.68863537500147,340.69737629103474,341.93237579101697,341.93237579101697,341.93237579101697,342.0053901250358,342.0053901250358,342.0053901250358,342.508096708043,period,1.8066064579761587,None,342.50822250003694,342.5082779160002,None,,,,,,,,,,,,21040109,2,2026-04-21_12h21.40.188,tilt_mocs,2024.2.4,120.86223023056361,2026-04-21 12h21.51.014415 -0400,
0,15.0,,114,114,0,,,,,100,0,,,,,c+0,poss,0.75,z,1.31927162501961,None,None,,,,,,,,,,,0,114,114,61,342.5194567910512,,,,,,,,,,,,,,,,,,,,,,,,,,,,,,,,,,,,,,,,,,,,,,,,,,,,,,,,,,,,,,,,,,,,,,,,,342.5105494580348,342.5194567910512,343.2595523330383,343.2595523330383,343.2595523330383,343.3338757500169,343.3338757500169,343.3338757500169,343.842144166003,z,1.31927162501961,None,343.842243082996,343.8422893329989,None,,,,,,,,,,,,21040109,2,2026-04-21_12h21.40.188,tilt_mocs,2024.2.4,120.86223023056361,2026-04-21 12h21.51.014415 -0400,
0,-15.0,,115,115,0,,,,,100,0,,,,,c+0,negs,1.0,period,1.51420583401341,None,None,,,,,,,,,,,0,115,115,443,343.85297162504867,,,,,,,,,,,,,,,,,,,,,,,,,,,,,,,,,,,,,,,,,,,,,,,,,,,,,,,,,,,,,,,,,,,,,,,,,343.84431170800235,343.85297162504867,344.8434134160052,344.8434134160052,344.8434134160052,344.9173003330361,344.9173003330361,344.9173003330361,345.3697638750309,period,1.51420583401341,None,345.3699268750497,345.36998004099587,None,,,,,,,,,,,,21040109,2,2026-04-21_12h21.40.188,tilt_mocs,2024.2.4,120.86223023056361,2026-04-21 12h21.51.014415 -0400,
-8,-15.0,,116,116,0,,,,,100,0,,,,,c-8,negs,1.0,z,1.454465374990832,None,None,,,,,,,,,,,0,116,116,276,345.3815420830506,,,,,,,,,,,,,,,,,,,,,,,,,,,,,,,,,,,,,,,,,,,,,,,,,,,,,,,,,,,,,,,,,,,,,,,,,345.37270212499425,345.3815420830506,346.3667807080201,346.3667807080201,346.3667807080201,346.4384762500413,346.4384762500413,346.4384762500413,346.8421679160092,z,1.454465374990832,None,346.8422915000119,346.84234450000804,None,,,,,,,,,,,,21040109,2,2026-04-21_12h21.40.188,tilt_mocs,2024.2.4,120.86223023056361,2026-04-21 12h21.51.014415 -0400,
0,15.0,,117,117,0,,,,,100,0,,,,,c+0,poss,1.0,period,1.4064428330166265,None,None,,,,,,,,,,,0,117,117,73,346.8532933749957,,,,,,,,,,,,,,,,,,,,,,,,,,,,,,,,,,,,,,,,,,,,,,,,,,,,,,,,,,,,,,,,,,,,,,,,,346.84454508300405,346.8532933749957,347.84323358302936,347.84323358302936,347.84323358302936,347.9173847080092,347.9173847080092,347.9173847080092,348.26996408303967,period,1.4064428330166265,None,348.27011425001547,348.27017491601873,None,,,,,,,,,,,,21040109,2,2026-04-21_12h21.40.188,tilt_mocs,2024.2.4,120.86223023056361,2026-04-21 12h21.51.014415 -0400,
4,0.0,,118,118,0,,,,,0,100,,,,,c+4,noss,1.0,period,1.5964636669959873,None,None,,,,,,,,,,,0,118,118,700,348.28144458302995,,,,,,,,,,,,,,,,,,,,,,,,,,,,,,,,,,,,,,,,,,,,,,,,,,,,,,,,,,,,,,,,,,,,,,,,,348.2725422910298,348.28144458302995,349.2669200830278,349.2669200830278,349.2669200830278,349.33916941599455,349.33916941599455,349.33916941599455,349.8865676660207,period,1.5964636669959873,None,349.88672466605203,349.88678179105045,None,,,,,,,,,,,,21040109,2,2026-04-21_12h21.40.188,tilt_mocs,2024.2.4,120.86223023056361,2026-04-21 12h21.51.014415 -0400,
-2,15.0,,119,119,0,,,,,100,0,,,,,c-2,poss,1.25,z,1.836822708020918,None,None,,,,,,,,,,,0,119,119,37,349.8978536660434,,,,,,,,,,,,,,,,,,,,,,,,,,,,,,,,,,,,,,,,,,,,,,,,,,,,,,,,,,,,,,,,,,,,,,,,,349.8892479580245,349.8978536660434,351.1337151660118,351.1337151660118,351.1337151660118,351.20543358300347,351.20543358300347,351.20543358300347,351.73721320804907,z,1.836822708020918,None,351.7373446660349,351.7374012080254,None,,,,,,,,,,,,21040109,2,2026-04-21_12h21.40.188,tilt_mocs,2024.2.4,120.86223023056361,2026-04-21 12h21.51.014415 -0400,
0,15.0,,120,120,0,,,,,100,0,,,,,c+0,poss,0.5,period,1.460575292003341,None,None,,,,,,,,,,,0,120,120,48,351.7483426660183,,,,,,,,,,,,,,,,,,,,,,,,,,,,,,,,,,,,,,,,,,,,,,,,,,,,,,,,,,,,,,,,,,,,,,,,,351.73962987499544,351.7483426660183,352.2326802080497,352.2326802080497,352.2326802080497,352.3052730000345,352.3052730000345,352.3052730000345,353.2198371660197,period,1.460575292003341,None,353.21997604100034,353.2200347080361,None,,,,,,,,,,,,21040109,2,2026-04-21_12h21.40.188,tilt_mocs,2024.2.4,120.86223023056361,2026-04-21 12h21.51.014415 -0400,
6,15.0,,121,121,0,,,,,100,0,,,,,c+6,poss,0.5,z,1.0362890000105835,None,None,,,,,,,,,,,0,121,121,174,353.2316136250156,,,,,,,,,,,,,,,,,,,,,,,,,,,,,,,,,,,,,,,,,,,,,,,,,,,,,,,,,,,,,,,,,,,,,,,,,353.2227205830277,353.2316136250156,353.7169950000243,353.7169950000243,353.7169950000243,353.7887430410483,353.7887430410483,353.7887430410483,354.2709173330222,z,1.0362890000105835,None,354.271075125027,354.2711301660165,None,,,,,,,,,,,,21040109,2,2026-04-21_12h21.40.188,tilt_mocs,2024.2.4,120.86223023056361,2026-04-21 12h21.51.014415 -0400,
4,0.0,,122,122,0,,,,,0,100,,,,,c+4,noss,1.25,period,1.7291320419753902,None,None,,,,,,,,,,,0,122,122,710,354.28206004103413,,,,,,,,,,,,,,,,,,,,,,,,,,,,,,,,,,,,,,,,,,,,,,,,,,,,,,,,,,,,,,,,,,,,,,,,,354.2733327909955,354.28206004103413,355.51711783302017,355.51711783302017,355.51711783302017,355.5898895410355,355.5898895410355,355.5898895410355,356.0207627910422,period,1.7291320419753902,None,356.02092104102485,356.0209888330428,None,,,,,,,,,,,,21040109,2,2026-04-21_12h21.40.188,tilt_mocs,2024.2.4,120.86223023056361,2026-04-21 12h21.51.014415 -0400,
0,15.0,,123,123,0,,,,,100,0,,,,,c+0,poss,0.5,z,1.0857336660264991,None,None,,,,,,,,,,,0,123,123,46,356.03225870803,,,,,,,,,,,,,,,,,,,,,,,,,,,,,,,,,,,,,,,,,,,,,,,,,,,,,,,,,,,,,,,,,,,,,,,,,356.0233572080033,356.03225870803,356.5170925410348,356.5170925410348,356.5170925410348,356.5896764160134,356.5896764160134,356.5896764160134,357.12046658300096,z,1.0857336660264991,None,357.12061258300673,357.120670333039,None,,,,,,,,,,,,21040109,2,2026-04-21_12h21.40.188,tilt_mocs,2024.2.4,120.86223023056361,2026-04-21 12h21.51.014415 -0400,
0,0.0,,124,124,0,,,,,0,100,,,,,c+0,noss,0.75,period,1.4715332080377266,None,None,,,,,,,,,,,0,124,124,604,357.1318857910228,,,,,,,,,,,,,,,,,,,,,,,,,,,,,,,,,,,,,,,,,,,,,,,,,,,,,,,,,,,,,,,,,,,,,,,,,357.12297349999426,357.1318857910228,357.8670856660465,357.8670856660465,357.8670856660465,357.93904020800255,357.93904020800255,357.93904020800255,358.6077715830179,period,1.4715332080377266,None,358.60786895803176,358.6079111250001,None,,,,,,,,,,,,21040109,2,2026-04-21_12h21.40.188,tilt_mocs,2024.2.4,120.86223023056361,2026-04-21 12h21.51.014415 -0400,
-4,0.0,,125,125,0,,,,,0,100,,,,,c-4,noss,1.0,z,1.5088079159613699,None,None,,,,,,,,,,,0,125,125,532,358.63412345800316,,,,,,,,,,,,,,,,,,,,,,,,,,,,,,,,,,,,,,,,,,,,,,,,,,,,,,,,,,,,,,,,,,,,,,,,,358.6098920000368,358.63412345800316,359.60956166603137,359.60956166603137,359.60956166603137,359.68456004100153,359.68456004100153,359.68456004100153,360.15323145803995,z,1.5088079159613699,None,360.1533616660163,360.1534172500251,None,,,,,,,,,,,,21040109,2,2026-04-21_12h21.40.188,tilt_mocs,2024.2.4,120.86223023056361,2026-04-21 12h21.51.014415 -0400,
-2,0.0,,126,126,0,,,,,0,100,,,,,c-2,noss,0.5,z,1.1987452080356888,None,None,,,,,,,,,,,0,126,126,556,360.16418600000907,,,,,,,,,,,,,,,,,,,,,,,,,,,,,,,,,,,,,,,,,,,,,,,,,,,,,,,,,,,,,,,,,,,,,,,,,360.1555610410287,360.16418600000907,360.6505800410523,360.6505800410523,360.6505800410523,360.72264404100133,360.72264404100133,360.72264404100133,361.3700825830456,z,1.1987452080356888,None,361.3702130000456,361.370267833001,None,,,,,,,,,,,,21040109,2,2026-04-21_12h21.40.188,tilt_mocs,2024.2.4,120.86223023056361,2026-04-21 12h21.51.014415 -0400,
-2,-15.0,,127,127,0,,,,,100,0,,,,,c-2,negs,1.0,period,1.5619657090283,None,None,,,,,,,,,,,0,127,127,400,361.38138791604433,,,,,,,,,,,,,,,,,,,,,,,,,,,,,,,,,,,,,,,,,,,,,,,,,,,,,,,,,,,,,,,,,,,,,,,,,361.37247600004775,361.38138791604433,362.3674313329975,362.3674313329975,362.3674313329975,362.4408800830133,362.4408800830133,362.4408800830133,362.9534135000431,period,1.5619657090283,None,362.9535819160519,362.9536360829952,None,,,,,,,,,,,,21040109,2,2026-04-21_12h21.40.188,tilt_mocs,2024.2.4,120.86223023056361,2026-04-21 12h21.51.014415 -0400,
2,-15.0,,128,128,0,,,,,100,0,,,,,c+2,negs,1.0,period,1.5458630829816684,None,None,,,,,,,,,,,0,128,128,492,362.96532470802777,,,,,,,,,,,,,,,,,,,,,,,,,,,,,,,,,,,,,,,,,,,,,,,,,,,,,,,,,,,,,,,,,,,,,,,,,362.95641687500756,362.96532470802777,363.950680916023,363.950680916023,363.950680916023,364.0236837910488,364.0236837910488,364.0236837910488,364.520104041032,period,1.5458630829816684,None,364.5202275000047,364.52028066600906,None,,,,,,,,,,,,21040109,2,2026-04-21_12h21.40.188,tilt_mocs,2024.2.4,120.86223023056361,2026-04-21 12h21.51.014415 -0400,
0,0.0,,129,129,0,,,,,0,100,,,,,c+0,noss,1.25,period,1.3485616670222953,None,None,,,,,,,,,,,0,129,129,624,364.53157520800596,,,,,,,,,,,,,,,,,,,,,,,,,,,,,,,,,,,,,,,,,,,,,,,,,,,,,,,,,,,,,,,,,,,,,,,,,364.522919708048,364.53157520800596,365.7675280830008,365.7675280830008,365.7675280830008,365.8405373330461,365.8405373330461,365.8405373330461,365.887003166019,period,1.3485616670222953,None,365.8871371660498,365.88719245803077,None,,,,,,,,,,,,21040109,2,2026-04-21_12h21.40.188,tilt_mocs,2024.2.4,120.86223023056361,2026-04-21 12h21.51.014415 -0400,
4,15.0,,130,130,0,,,,,100,0,,,,,c+4,poss,0.5,z,1.3988529169582762,None,None,,,,,,,,,,,0,130,130,132,365.8981117910007,,,,,,,,,,,,,,,,,,,,,,,,,,,,,,,,,,,,,,,,,,,,,,,,,,,,,,,,,,,,,,,,,,,,,,,,,365.88926141604315,365.8981117910007,366.3842227080022,366.3842227080022,366.3842227080022,366.4578412499977,366.4578412499977,366.4578412499977,367.30326945800334,z,1.3988529169582762,None,367.30336816603085,367.3034110410372,None,,,,,,,,,,,,21040109,2,2026-04-21_12h21.40.188,tilt_mocs,2024.2.4,120.86223023056361,2026-04-21 12h21.51.014415 -0400,
0,-15.0,,131,131,0,,,,,100,0,,,,,c+0,negs,1.0,period,1.712659833021462,None,None,,,,,,,,,,,0,131,131,446,367.3140521660098,,,,,,,,,,,,,,,,,,,,,,,,,,,,,,,,,,,,,,,,,,,,,,,,,,,,,,,,,,,,,,,,,,,,,,,,,367.30542595800944,367.3140521660098,368.30086575000314,368.30086575000314,368.30086575000314,368.37288116599666,368.37288116599666,368.37288116599666,369.0369214580278,period,1.712659833021462,None,369.0370496660471,369.0371049999958,None,,,,,,,,,,,,21040109,2,2026-04-21_12h21.40.188,tilt_mocs,2024.2.4,120.86223023056361,2026-04-21 12h21.51.014415 -0400,
2,0.0,,132,132,0,,,,,0,100,,,,,c+2,noss,0.75,period,1.4705035000224598,None,None,,,,,,,,,,,0,132,132,648,369.04854525002884,,,,,,,,,,,,,,,,,,,,,,,,,,,,,,,,,,,,,,,,,,,,,,,,,,,,,,,,,,,,,,,,,,,,,,,,,369.03941891604336,369.04854525002884,369.7833273750148,369.7833273750148,369.7833273750148,369.85631937504513,369.85631937504513,369.85631937504513,370.53060100000584,period,1.4705035000224598,None,370.53070308302995,370.53074687503977,None,,,,,,,,,,,,21040109,2,2026-04-21_12h21.40.188,tilt_mocs,2024.2.4,120.86223023056361,2026-04-21 12h21.51.014415 -0400,
0,-15.0,,133,133,0,,,,,100,0,,,,,c+0,negs,0.75,period,1.3740805829875171,None,None,,,,,,,,,,,0,133,133,441,370.53744620800717,,,,,,,,,,,,,,,,,,,,,,,,,,,,,,,,,,,,,,,,,,,,,,,,,,,,,,,,,,,,,,,,,,,,,,,,,370.53274200001033,370.53744620800717,371.27663187502185,371.27663187502185,371.27663187502185,371.35156191600254,371.35156191600254,371.35156191600254,371.92044391599484,period,1.3740805829875171,None,371.9206110830419,371.9206660000491,None,,,,,,,,,,,,21040109,2,2026-04-21_12h21.40.188,tilt_mocs,2024.2.4,120.86223023056361,2026-04-21 12h21.51.014415 -0400,
-4,0.0,,134,134,0,,,,,0,100,,,,,c-4,noss,0.75,period,0.9447067499859259,None,None,,,,,,,,,,,0,134,134,516,371.93296458304394,,,,,,,,,,,,,,,,,,,,,,,,,,,,,,,,,,,,,,,,,,,,,,,,,,,,,,,,,,,,,,,,,,,,,,,,,371.9236489580362,371.93296458304394,372.66768716601655,372.66768716601655,372.66768716601655,372.73985700000776,372.73985700000776,372.73985700000776,372.8873505000374,period,0.9447067499859259,None,372.88751237501856,372.8875690830173,None,,,,,,,,,,,,21040109,2,2026-04-21_12h21.40.188,tilt_mocs,2024.2.4,120.86223023056361,2026-04-21 12h21.51.014415 -0400,
-2,0.0,,135,135,0,,,,,0,100,,,,,c-2,noss,1.0,z,0.09881066699745134,None,None,,,,,,,,,,,0,135,135,576,372.8994245000067,,,,,,,,,,,,,,,,,,,,,,,,,,,,,,,,,,,,,,,,,,,,,,,,,,,,,,,,,,,,,,,,,,,,,,,,,372.89043816603953,372.8994245000067,,,,,,,373.0036968750064,z,0.09881066699745134,None,373.0038232910447,373.0038820000482,None,,,,,,,,,,,,21040109,2,2026-04-21_12h21.40.188,tilt_mocs,2024.2.4,120.86223023056361,2026-04-21 12h21.51.014415 -0400,
0,0.0,,136,136,0,,,,,0,100,,,,,c+0,noss,0.5,z,3.155282084015198,None,None,,,,,,,,,,,0,136,136,590,373.01496800000314,,,,,,,,,,,,,,,,,,,,,,,,,,,,,,,,,,,,,,,,,,,,,,,,,,,,,,,,,,,,,,,,,,,,,,,,,373.0063742910279,373.01496800000314,373.50101900001755,373.50101900001755,373.50101900001755,373.57412283302983,373.57412283302983,373.57412283302983,376.17724570800783,z,3.155282084015198,None,376.1773639160092,376.177417333005,None,,,,,,,,,,,,21040109,2,2026-04-21_12h21.40.188,tilt_mocs,2024.2.4,120.86223023056361,2026-04-21 12h21.51.014415 -0400,
-4,-15.0,,137,137,0,,,,,100,0,,,,,c-4,negs,1.25,period,1.768634416977875,None,None,,,,,,,,,,,0,137,137,368,376.1878054580302,,,,,,,,,,,,,,,,,,,,,,,,,,,,,,,,,,,,,,,,,,,,,,,,,,,,,,,,,,,,,,,,,,,,,,,,,376.17952000000514,376.1878054580302,377.4274504579953,377.4274504579953,377.4274504579953,377.50170616601827,377.50170616601827,377.50170616601827,377.9589304160327,period,1.768634416977875,None,377.95902750000823,377.9590712080244,None,,,,,,,,,,,,21040109,2,2026-04-21_12h21.40.188,tilt_mocs,2024.2.4,120.86223023056361,2026-04-21 12h21.51.014415 -0400,
0,15.0,,138,138,0,,,,,100,0,,,,,c+0,poss,1.25,z,1.7824663749779575,None,None,,,,,,,,,,,0,138,138,83,377.96982129104435,,,,,,,,,,,,,,,,,,,,,,,,,,,,,,,,,,,,,,,,,,,,,,,,,,,,,,,,,,,,,,,,,,,,,,,,,377.96107237500837,377.96982129104435,379.2108260830282,379.2108260830282,379.2108260830282,379.28530466603115,379.28530466603115,379.28530466603115,379.7552262910176,z,1.7824663749779575,None,379.75539254100295,379.755455000035,None,,,,,,,,,,,,21040109,2,2026-04-21_12h21.40.188,tilt_mocs,2024.2.4,120.86223023056361,2026-04-21 12h21.51.014415 -0400,
8,15.0,,139,139,0,,,,,100,0,,,,,c+8,poss,1.0,period,1.3934506250079721,None,None,,,,,,,,,,,0,139,139,234,379.76693183300085,,,,,,,,,,,,,,,,,,,,,,,,,,,,,,,,,,,,,,,,,,,,,,,,,,,,,,,,,,,,,,,,,,,,,,,,,379.7578207500046,379.76693183300085,380.75136491603917,380.75136491603917,380.75136491603917,380.8239130000002,380.8239130000002,380.8239130000002,381.1706165000214,period,1.3934506250079721,None,381.17078854102874,381.1708512500045,None,,,,,,,,,,,,21040109,2,2026-04-21_12h21.40.188,tilt_mocs,2024.2.4,120.86223023056361,2026-04-21 12h21.51.014415 -0400,
6,15.0,,140,140,0,,,,,100,0,,,,,c+6,poss,0.75,period,1.3466275419923477,None,None,,,,,,,,,,,0,140,140,183,381.1831642080215,,,,,,,,,,,,,,,,,,,,,,,,,,,,,,,,,,,,,,,,,,,,,,,,,,,,,,,,,,,,,,,,,,,,,,,,,381.1739923750283,381.1831642080215,381.9180259160348,381.9180259160348,381.9180259160348,381.98998537502484,381.98998537502484,381.98998537502484,382.53735883301124,period,1.3466275419923477,None,382.5374888750375,382.5375442079967,None,,,,,,,,,,,,21040109,2,2026-04-21_12h21.40.188,tilt_mocs,2024.2.4,120.86223023056361,2026-04-21 12h21.51.014415 -0400,
-6,-15.0,,141,141,0,,,,,100,0,,,,,c-6,negs,1.25,z,1.821376333013177,None,None,,,,,,,,,,,0,141,141,333,382.5490655830363,,,,,,,,,,,,,,,,,,,,,,,,,,,,,,,,,,,,,,,,,,,,,,,,,,,,,,,,,,,,,,,,,,,,,,,,,382.53999520803336,382.5490655830363,383.7847149160225,383.7847149160225,383.7847149160225,383.8571607080521,383.8571607080521,383.8571607080521,384.37731383304344,z,1.821376333013177,None,384.37747083301656,384.37753304099897,None,,,,,,,,,,,,21040109,2,2026-04-21_12h21.40.188,tilt_mocs,2024.2.4,120.86223023056361,2026-04-21 12h21.51.014415 -0400,
0,15.0,,142,142,0,,,,,100,0,,,,,c+0,poss,0.5,z,1.4432708750246093,None,None,,,,,,,,,,,0,142,142,42,384.38824945804663,,,,,,,,,,,,,,,,,,,,,,,,,,,,,,,,,,,,,,,,,,,,,,,,,,,,,,,,,,,,,,,,,,,,,,,,,384.37988954101456,384.38824945804663,384.8766807500506,384.8766807500506,384.8766807500506,384.9520777910366,384.9520777910366,384.9520777910366,385.83827795804245,z,1.4432708750246093,None,385.83842333301436,385.83848233299796,None,,,,,,,,,,,,21040109,2,2026-04-21_12h21.40.188,tilt_mocs,2024.2.4,120.86223023056361,2026-04-21 12h21.51.014415 -0400,
-2,0.0,,143,143,0,,,,,0,100,,,,,c-2,noss,0.5,z,1.2375483329524286,None,None,,,,,,,,,,,0,143,143,549,385.85003979102476,,,,,,,,,,,,,,,,,,,,,,,,,,,,,,,,,,,,,,,,,,,,,,,,,,,,,,,,,,,,,,,,,,,,,,,,,385.8407992499997,385.85003979102476,386.33480720804073,386.33480720804073,386.33480720804073,386.40684245800367,386.40684245800367,386.40684245800367,387.09428650001064,z,1.2375483329524286,None,387.09441325004445,387.09447666601045,None,,,,,,,,,,,,21040109,2,2026-04-21_12h21.40.188,tilt_mocs,2024.2.4,120.86223023056361,2026-04-21 12h21.51.014415 -0400,
0,0.0,,144,144,0,,,,,0,100,,,,,c+0,noss,0.75,period,1.4081818330450915,None,None,,,,,,,,,,,0,144,144,600,387.1051187910489,,,,,,,,,,,,,,,,,,,,,,,,,,,,,,,,,,,,,,,,,,,,,,,,,,,,,,,,,,,,,,,,,,,,,,,,,387.0969398750458,387.1051187910489,387.84425654105144,387.84425654105144,387.84425654105144,387.91855775000295,387.91855775000295,387.91855775000295,388.5212000000174,period,1.4081818330450915,None,388.5213363330113,388.52139595802873,None,,,,,,,,,,,,21040109,2,2026-04-21_12h21.40.188,tilt_mocs,2024.2.4,120.86223023056361,2026-04-21 12h21.51.014415 -0400,
8,15.0,,145,145,0,,,,,100,0,,,,,c+8,poss,0.5,period,1.5336340829962865,None,None,,,,,,,,,,,0,145,145,212,388.53250720800133,,,,,,,,,,,,,,,,,,,,,,,,,,,,,,,,,,,,,,,,,,,,,,,,,,,,,,,,,,,,,,,,,,,,,,,,,388.52369687502505,388.53250720800133,389.01831245800713,389.01831245800713,389.01831245800713,389.0908677499974,389.0908677499974,389.0908677499974,390.07169958302984,period,1.5336340829962865,None,390.0718499580398,390.0719091250212,None,,,,,,,,,,,,21040109,2,2026-04-21_12h21.40.188,tilt_mocs,2024.2.4,120.86223023056361,2026-04-21 12h21.51.014415 -0400,
-2,-15.0,,146,146,0,,,,,100,0,,,,,c-2,negs,1.25,z,1.71921041700989,None,None,,,,,,,,,,,0,146,146,412,390.08328266604804,,,,,,,,,,,,,,,,,,,,,,,,,,,,,,,,,,,,,,,,,,,,,,,,,,,,,,,,,,,,,,,,,,,,,,,,,390.0740555830416,390.08328266604804,391.3184290000354,391.3184290000354,391.3184290000354,391.39094179100357,391.39094179100357,391.39094179100357,391.8051830410259,z,1.71921041700989,None,391.80532725004014,391.8053879580111,None,,,,,,,,,,,,21040109,2,2026-04-21_12h21.40.188,tilt_mocs,2024.2.4,120.86223023056361,2026-04-21 12h21.51.014415 -0400,
4,15.0,,147,147,0,,,,,100,0,,,,,c+4,poss,0.75,period,2.744135707966052,None,None,,,,,,,,,,,0,147,147,141,391.81644170801155,,,,,,,,,,,,,,,,,,,,,,,,,,,,,,,,,,,,,,,,,,,,,,,,,,,,,,,,,,,,,,,,,,,,,,,,,391.80776029103436,391.81644170801155,392.5517379580415,392.5517379580415,392.5517379580415,392.62420354102505,392.62420354102505,392.62420354102505,394.57099508302053,period,2.744135707966052,None,394.57111895800335,394.5711727080052,None,,,,,,,,,,,,21040109,2,2026-04-21_12h21.40.188,tilt_mocs,2024.2.4,120.86223023056361,2026-04-21 12h21.51.014415 -0400,
4,15.0,,148,148,0,,,,,100,0,,,,,c+4,poss,0.75,period,1.4705990410293452,None,None,,,,,,,,,,,0,148,148,142,394.58201541600283,,,,,,,,,,,,,,,,,,,,,,,,,,,,,,,,,,,,,,,,,,,,,,,,,,,,,,,,,,,,,,,,,,,,,,,,,394.57342975004576,394.58201541600283,395.31857479101745,395.31857479101745,395.31857479101745,395.3914105830481,395.3914105830481,395.3914105830481,396.05553695803974,period,1.4705990410293452,None,396.0556968750316,396.0557555410196,None,,,,,,,,,,,,21040109,2,2026-04-21_12h21.40.188,tilt_mocs,2024.2.4,120.86223023056361,2026-04-21 12h21.51.014415 -0400,
6,15.0,,149,149,0,,,,,100,0,,,,,c+6,poss,0.75,period,1.4400188339641318,None,None,,,,,,,,,,,0,149,149,188,396.06679283303674,,,,,,,,,,,,,,,,,,,,,,,,,,,,,,,,,,,,,,,,,,,,,,,,,,,,,,,,,,,,,,,,,,,,,,,,,396.05799804104026,396.06679283303674,396.80191362503683,396.80191362503683,396.80191362503683,396.87375879101455,396.87375879101455,396.87375879101455,397.5097780000069,period,1.4400188339641318,None,397.5098355000373,397.509860375023,None,,,,,,,,,,,,21040109,2,2026-04-21_12h21.40.188,tilt_mocs,2024.2.4,120.86223023056361,2026-04-21 12h21.51.014415 -0400,
-2,-15.0,,150,150,0,,,,,100,0,,,,,c-2,negs,1.0,z,1.8570905840024352,None,space,2.581113792024553,None,,,,,,,,,0,150,150,404,397.5176642500446,,,,,,,,,,,,,,,,,,,,,,,,,,,,,,,,,,,,,,,,,,,,,,,,,,,,,,,,,,,,,,,,,,,,,,,,,397.51096237503225,397.5176642500446,398.5119389159954,398.5119389159954,398.5119389159954,398.5860932079959,398.5860932079959,398.5860932079959,399.3772612910252,z,1.8570905840024352,None,399.37739220802905,401.9719015000155,space,399.38827754103113,399.38827754103113,2.581113792024553,None,,,,,,,,21040109,2,2026-04-21_12h21.40.188,tilt_mocs,2024.2.4,120.86223023056361,2026-04-21 12h21.51.014415 -0400,
-4,0.0,,151,151,0,,,,,0,100,,,,,c-4,noss,1.25,z,2.1252909579779953,None,None,,,,,,,,,,,0,151,151,543,401.98348437499953,,,,,,,,,,,,,,,,,,,,,,,,,,,,,,,,,,,,,,,,,,,,,,,,,,,,,,,,,,,,,,,,,,,,,,,,,401.97457100002794,401.98348437499953,403.2187957910355,403.2187957910355,403.2187957910355,403.291006708052,403.291006708052,403.291006708052,404.1114430410089,z,2.1252909579779953,None,404.1116971250158,404.11179500003345,None,,,,,,,,,,,,21040109,2,2026-04-21_12h21.40.188,tilt_mocs,2024.2.4,120.86223023056361,2026-04-21 12h21.51.014415 -0400,
2,0.0,,152,152,0,,,,,0,100,,,,,c+2,noss,0.75,period,1.2630573330097832,None,None,,,,,,,,,,,0,152,152,641,404.1224926250288,,,,,,,,,,,,,,,,,,,,,,,,,,,,,,,,,,,,,,,,,,,,,,,,,,,,,,,,,,,,,,,,,,,,,,,,,404.11430008301977,404.1224926250288,404.861361999996,404.861361999996,404.861361999996,404.9362782910466,404.9362782910466,404.9362782910466,405.38853700004984,period,1.2630573330097832,None,405.3887555410038,405.38884879101533,None,,,,,,,,,,,,21040109,2,2026-04-21_12h21.40.188,tilt_mocs,2024.2.4,120.86223023056361,2026-04-21 12h21.51.014415 -0400,
0,15.0,,153,153,0,,,,,100,0,,,,,c+0,poss,1.0,z,1.4476181670324877,None,None,,,,,,,,,,,0,153,153,64,405.4004185000085,,,,,,,,,,,,,,,,,,,,,,,,,,,,,,,,,,,,,,,,,,,,,,,,,,,,,,,,,,,,,,,,,,,,,,,,,405.39127137500327,405.4004185000085,406.38563833304215,406.38563833304215,406.38563833304215,406.45724900002824,406.45724900002824,406.45724900002824,406.8550909580081,z,1.4476181670324877,None,406.8552742500324,406.8553500830312,None,,,,,,,,,,,,21040109,2,2026-04-21_12h21.40.188,tilt_mocs,2024.2.4,120.86223023056361,2026-04-21 12h21.51.014415 -0400,
-4,0.0,,154,154,0,,,,,0,100,,,,,c-4,noss,0.75,z,1.274924999976065,None,None,,,,,,,,,,,0,154,154,524,406.86700991605176,,,,,,,,,,,,,,,,,,,,,,,,,,,,,,,,,,,,,,,,,,,,,,,,,,,,,,,,,,,,,,,,,,,,,,,,,406.8578306660056,406.86700991605176,407.60227820801083,407.60227820801083,407.60227820801083,407.6750622910331,407.6750622910331,407.6750622910331,408.14501391601516,z,1.274924999976065,None,408.14516575000016,408.14522887504427,None,,,,,,,,,,,,21040109,2,2026-04-21_12h21.40.188,tilt_mocs,2024.2.4,120.86223023056361,2026-04-21 12h21.51.014415 -0400,
-8,-15.0,,155,155,0,,,,,100,0,,,,,c-8,negs,0.5,z,0.9673419999890029,None,None,,,,,,,,,,,0,155,155,259,408.1554793330142,,,,,,,,,,,,,,,,,,,,,,,,,,,,,,,,,,,,,,,,,,,,,,,,,,,,,,,,,,,,,,,,,,,,,,,,,408.1474365830072,408.1554793330142,408.64534233300947,408.64534233300947,408.64534233300947,408.719337291026,408.719337291026,408.719337291026,409.1267260000459,z,0.9673419999890029,None,409.1268331659958,409.12687750003533,None,,,,,,,,,,,,21040109,2,2026-04-21_12h21.40.188,tilt_mocs,2024.2.4,120.86223023056361,2026-04-21 12h21.51.014415 -0400,
-2,-15.0,,156,156,0,,,,,100,0,,,,,c-2,negs,1.0,period,1.4484884580015205,None,None,,,,,,,,,,,0,156,156,406,409.1380602500285,,,,,,,,,,,,,,,,,,,,,,,,,,,,,,,,,,,,,,,,,,,,,,,,,,,,,,,,,,,,,,,,,,,,,,,,,409.1288424580125,409.1380602500285,410.12921137502417,410.12921137502417,410.12921137502417,410.20309925003676,410.20309925003676,410.20309925003676,410.5892640000093,period,1.4484884580015205,None,410.5894901660504,410.5895786660258,None,,,,,,,,,,,,21040109,2,2026-04-21_12h21.40.188,tilt_mocs,2024.2.4,120.86223023056361,2026-04-21 12h21.51.014415 -0400,
0,0.0,,157,157,0,,,,,0,100,,,,,c+0,noss,0.75,period,1.58640833303798,None,None,,,,,,,,,,,0,157,157,599,410.60092300002,,,,,,,,,,,,,,,,,,,,,,,,,,,,,,,,,,,,,,,,,,,,,,,,,,,,,,,,,,,,,,,,,,,,,,,,,410.59204875002615,410.60092300002,411.33581070799846,411.33581070799846,411.33581070799846,411.4086435410427,411.4086435410427,411.4086435410427,412.19882033299655,period,1.58640833303798,None,412.19891395804007,412.19895625003846,None,,,,,,,,,,,,21040109,2,2026-04-21_12h21.40.188,tilt_mocs,2024.2.4,120.86223023056361,2026-04-21 12h21.51.014415 -0400,
-8,-15.0,,158,158,0,,,,,100,0,,,,,c-8,negs,0.5,z,1.1224956659716554,None,None,,,,,,,,,,,0,158,158,254,412.2053594580502,,,,,,,,,,,,,,,,,,,,,,,,,,,,,,,,,,,,,,,,,,,,,,,,,,,,,,,,,,,,,,,,,,,,,,,,,412.20097566599725,412.2053594580502,412.69575645803707,412.69575645803707,412.69575645803707,412.7696159160114,412.7696159160114,412.7696159160114,413.338448791008,z,1.1224956659716554,None,413.3385808330495,413.3386354999966,None,,,,,,,,,,,,21040109,2,2026-04-21_12h21.40.188,tilt_mocs,2024.2.4,120.86223023056361,2026-04-21 12h21.51.014415 -0400,
8,15.0,,159,159,0,,,,,100,0,,,,,c+8,poss,1.25,period,2.128165333007928,None,None,,,,,,,,,,,0,159,159,248,413.3495297500049,,,,,,,,,,,,,,,,,,,,,,,,,,,,,,,,,,,,,,,,,,,,,,,,,,,,,,,,,,,,,,,,,,,,,,,,,413.34093262499664,413.3495297500049,414.58584137499565,414.58584137499565,414.58584137499565,414.6590135000297,414.6590135000297,414.6590135000297,415.4895352500025,period,2.128165333007928,None,415.48965812503593,415.4897127080476,None,,,,,,,,,,,,21040109,2,2026-04-21_12h21.40.188,tilt_mocs,2024.2.4,120.86223023056361,2026-04-21 12h21.51.014415 -0400,
-6,-15.0,,160,160,0,,,,,100,0,,,,,c-6,negs,1.25,z,2.5243438750039786,None,None,,,,,,,,,,,0,160,160,331,415.5002367910347,,,,,,,,,,,,,,,,,,,,,,,,,,,,,,,,,,,,,,,,,,,,,,,,,,,,,,,,,,,,,,,,,,,,,,,,,415.4918989580474,415.5002367910347,416.73594329104526,416.73594329104526,416.73594329104526,416.8080394580029,416.8080394580029,416.8080394580029,418.02732820803067,z,2.5243438750039786,None,418.02743195800576,418.0274793750141,None,,,,,,,,,,,,21040109,2,2026-04-21_12h21.40.188,tilt_mocs,2024.2.4,120.86223023056361,2026-04-21 12h21.51.014415 -0400,
2,15.0,,161,161,0,,,,,100,0,,,,,c+2,poss,0.75,period,1.4370548329898156,None,None,,,,,,,,,,,0,161,161,99,418.0387210830231,,,,,,,,,,,,,,,,,,,,,,,,,,,,,,,,,,,,,,,,,,,,,,,,,,,,,,,,,,,,,,,,,,,,,,,,,418.029443041014,418.0387210830231,418.7794170000125,418.7794170000125,418.7794170000125,418.8521620410029,418.8521620410029,418.8521620410029,419.47816658305237,period,1.4370548329898156,None,419.4782740829978,419.47831720800605,None,,,,,,,,,,,,21040109,2,2026-04-21_12h21.40.188,tilt_mocs,2024.2.4,120.86223023056361,2026-04-21 12h21.51.014415 -0400,
-6,-15.0,,162,162,0,,,,,100,0,,,,,c-6,negs,0.75,z,1.3649658750509843,None,None,,,,,,,,,,,0,162,162,308,419.4890232500038,,,,,,,,,,,,,,,,,,,,,,,,,,,,,,,,,,,,,,,,,,,,,,,,,,,,,,,,,,,,,,,,,,,,,,,,,419.480257874995,419.4890232500038,420.22939995804336,420.22939995804336,420.22939995804336,420.3032493329956,420.3032493329956,420.3032493329956,420.85704395803623,z,1.3649658750509843,None,420.85730562504614,420.8574428750435,None,,,,,,,,,,,,21040109,2,2026-04-21_12h21.40.188,tilt_mocs,2024.2.4,120.86223023056361,2026-04-21 12h21.51.014415 -0400,
-2,0.0,,163,163,0,,,,,0,100,,,,,c-2,noss,1.25,z,1.9686917499639094,None,None,,,,,,,,,,,0,163,163,582,420.86882637505187,,,,,,,,,,,,,,,,,,,,,,,,,,,,,,,,,,,,,,,,,,,,,,,,,,,,,,,,,,,,,,,,,,,,,,,,,420.8599470410263,420.86882637505187,422.1028084999998,422.1028084999998,422.1028084999998,422.1750533330487,422.1750533330487,422.1750533330487,422.8500955000054,z,1.9686917499639094,None,422.85019504104275,422.8502384159947,None,,,,,,,,,,,,21040109,2,2026-04-21_12h21.40.188,tilt_mocs,2024.2.4,120.86223023056361,2026-04-21 12h21.51.014415 -0400,
0,15.0,,164,164,0,,,,,100,0,,,,,c+0,poss,0.75,z,1.8250221249763854,None,None,,,,,,,,,,,0,164,164,58,422.8579463750357,,,,,,,,,,,,,,,,,,,,,,,,,,,,,,,,,,,,,,,,,,,,,,,,,,,,,,,,,,,,,,,,,,,,,,,,,422.85262670804514,422.8579463750357,423.59642495802836,423.59642495802836,423.59642495802836,423.6699932080228,423.6699932080228,423.6699932080228,424.6896433750517,z,1.8250221249763854,None,424.6897954160231,424.68985083303414,None,,,,,,,,,,,,21040109,2,2026-04-21_12h21.40.188,tilt_mocs,2024.2.4,120.86223023056361,2026-04-21 12h21.51.014415 -0400,
6,15.0,,165,165,0,,,,,100,0,,,,,c+6,poss,1.0,period,1.7318643339676782,None,None,,,,,,,,,,,0,165,165,194,424.7014618330286,,,,,,,,,,,,,,,,,,,,,,,,,,,,,,,,,,,,,,,,,,,,,,,,,,,,,,,,,,,,,,,,,,,,,,,,,424.6924403330195,424.7014618330286,425.6862598750158,425.6862598750158,425.6862598750158,425.75809170800494,425.75809170800494,425.75809170800494,426.43918316601776,period,1.7318643339676782,None,426.4393423330039,426.43940079101594,None,,,,,,,,,,,,21040109,2,2026-04-21_12h21.40.188,tilt_mocs,2024.2.4,120.86223023056361,2026-04-21 12h21.51.014415 -0400,
-6,-15.0,,166,166,0,,,,,100,0,,,,,c-6,negs,0.5,z,1.0558885840000585,None,None,,,,,,,,,,,0,166,166,303,426.4514988750452,,,,,,,,,,,,,,,,,,,,,,,,,,,,,,,,,,,,,,,,,,,,,,,,,,,,,,,,,,,,,,,,,,,,,,,,,426.4422940410441,426.4514988750452,426.93659050000133,426.93659050000133,426.93659050000133,427.00974016601685,427.00974016601685,427.00974016601685,427.51090125000337,z,1.0558885840000585,None,427.5110026250477,427.51104541600216,None,,,,,,,,,,,,21040109,2,2026-04-21_12h21.40.188,tilt_mocs,2024.2.4,120.86223023056361,2026-04-21 12h21.51.014415 -0400,
-4,-15.0,,167,167,0,,,,,100,0,,,,,c-4,negs,0.5,z,1.1150976659846492,None,None,,,,,,,,,,,0,167,167,341,427.52202791604213,,,,,,,,,,,,,,,,,,,,,,,,,,,,,,,,,,,,,,,,,,,,,,,,,,,,,,,,,,,,,,,,,,,,,,,,,427.5130078330403,427.52202791604213,428.01281254104106,428.01281254104106,428.01281254104106,428.086836625007,428.086836625007,428.086836625007,428.6400298750377,z,1.1150976659846492,None,428.64017316600075,428.6402380830259,None,,,,,,,,,,,,21040109,2,2026-04-21_12h21.40.188,tilt_mocs,2024.2.4,120.86223023056361,2026-04-21 12h21.51.014415 -0400,
8,15.0,,168,168,0,,,,,100,0,,,,,c+8,poss,1.25,period,0.1350143330055289,None,None,,,,,,,,,,,0,168,168,245,428.65141250001034,,,,,,,,,,,,,,,,,,,,,,,,,,,,,,,,,,,,,,,,,,,,,,,,,,,,,,,,,,,,,,,,,,,,,,,,,428.6425307080499,428.65141250001034,,,,,,,428.78994954103837,period,0.1350143330055289,None,428.7900852910243,428.79014337505214,None,,,,,,,,,,,,21040109,2,2026-04-21_12h21.40.188,tilt_mocs,2024.2.4,120.86223023056361,2026-04-21 12h21.51.014415 -0400,
2,-15.0,,169,169,0,,,,,100,0,,,,,c+2,negs,1.0,period,1.7938896249979734,None,None,,,,,,,,,,,0,169,169,489,428.803159541043,,,,,,,,,,,,,,,,,,,,,,,,,,,,,,,,,,,,,,,,,,,,,,,,,,,,,,,,,,,,,,,,,,,,,,,,,428.79236020799726,428.803159541043,429.78645383304683,429.78645383304683,429.78645383304683,429.8585617080098,429.8585617080098,429.8585617080098,430.6058353750268,period,1.7938896249979734,None,430.60600341600366,430.60606629104586,None,,,,,,,,,,,,21040109,2,2026-04-21_12h21.40.188,tilt_mocs,2024.2.4,120.86223023056361,2026-04-21 12h21.51.014415 -0400,
4,15.0,,170,170,0,,,,,100,0,,,,,c+4,poss,0.5,z,1.2442373749800026,None,None,,,,,,,,,,,0,170,170,131,430.61804112500977,,,,,,,,,,,,,,,,,,,,,,,,,,,,,,,,,,,,,,,,,,,,,,,,,,,,,,,,,,,,,,,,,,,,,,,,,430.6087010000483,430.61804112500977,431.1032777079963,431.1032777079963,431.1032777079963,431.17481279099593,431.17481279099593,431.17481279099593,431.87253579101525,z,1.2442373749800026,None,431.8726940830238,431.87274562503444,None,,,,,,,,,,,,21040109,2,2026-04-21_12h21.40.188,tilt_mocs,2024.2.4,120.86223023056361,2026-04-21 12h21.51.014415 -0400,
2,15.0,,171,171,0,,,,,100,0,,,,,c+2,poss,1.0,z,1.7372788329957984,None,None,,,,,,,,,,,0,171,171,115,431.8845847500488,,,,,,,,,,,,,,,,,,,,,,,,,,,,,,,,,,,,,,,,,,,,,,,,,,,,,,,,,,,,,,,,,,,,,,,,,431.87544950004667,431.8845847500488,432.8689665410202,432.8689665410202,432.8689665410202,432.9422658330295,432.9422658330295,432.9422658330295,433.62854020803934,z,1.7372788329957984,None,433.62867125001503,433.62872720800806,None,,,,,,,,,,,,21040109,2,2026-04-21_12h21.40.188,tilt_mocs,2024.2.4,120.86223023056361,2026-04-21 12h21.51.014415 -0400,
-2,0.0,,172,172,0,,,,,0,100,,,,,c-2,noss,0.75,period,3.233647499990184,None,None,,,,,,,,,,,0,172,172,563,433.6395748750074,,,,,,,,,,,,,,,,,,,,,,,,,,,,,,,,,,,,,,,,,,,,,,,,,,,,,,,,,,,,,,,,,,,,,,,,,433.6311352500343,433.6395748750074,434.37990379100665,434.37990379100665,434.37990379100665,434.45381995802745,434.45381995802745,434.45381995802745,436.87959708302515,period,3.233647499990184,None,436.87972291599726,436.8797792500118,None,,,,,,,,,,,,21040109,2,2026-04-21_12h21.40.188,tilt_mocs,2024.2.4,120.86223023056361,2026-04-21 12h21.51.014415 -0400,
-6,-15.0,,173,173,0,,,,,100,0,,,,,c-6,negs,0.5,z,4.538162374985404,None,None,,,,,,,,,,,0,173,173,301,436.8903984160279,,,,,,,,,,,,,,,,,,,,,,,,,,,,,,,,,,,,,,,,,,,,,,,,,,,,,,,,,,,,,,,,,,,,,,,,,436.8822575410013,436.8903984160279,437.37937241600594,437.37937241600594,437.37937241600594,437.4539347910322,437.4539347910322,437.4539347910322,441.43967604101636,z,4.538162374985404,None,441.4398444580147,441.4399020410492,None,,,,,,,,,,,,21040109,2,2026-04-21_12h21.40.188,tilt_mocs,2024.2.4,120.86223023056361,2026-04-21 12h21.51.014415 -0400,
0,15.0,,174,174,0,,,,,100,0,,,,,c+0,poss,1.25,z,1.8766609159647487,None,None,,,,,,,,,,,0,174,174,75,441.45192779100034,,,,,,,,,,,,,,,,,,,,,,,,,,,,,,,,,,,,,,,,,,,,,,,,,,,,,,,,,,,,,,,,,,,,,,,,,441.44267583300825,441.45192779100034,442.68686591601,442.68686591601,442.68686591601,442.7596652500215,442.7596652500215,442.7596652500215,443.3399695000262,z,1.8766609159647487,None,443.34012462501414,443.3401830830262,None,,,,,,,,,,,,21040109,2,2026-04-21_12h21.40.188,tilt_mocs,2024.2.4,120.86223023056361,2026-04-21 12h21.51.014415 -0400,
0,0.0,,175,175,0,,,,,0,100,,,,,c+0,noss,0.5,z,1.1044734999886714,None,None,,,,,,,,,,,0,175,175,596,443.35221337503754,,,,,,,,,,,,,,,,,,,,,,,,,,,,,,,,,,,,,,,,,,,,,,,,,,,,,,,,,,,,,,,,,,,,,,,,,443.342945958022,443.35221337503754,443.83694470801856,443.83694470801856,443.83694470801856,443.90934091602685,443.90934091602685,443.90934091602685,444.4617996250163,z,1.1044734999886714,None,444.4619215830462,444.4619812910096,None,,,,,,,,,,,,21040109,2,2026-04-21_12h21.40.188,tilt_mocs,2024.2.4,120.86223023056361,2026-04-21 12h21.51.014415 -0400,
0,15.0,,176,176,0,,,,,100,0,,,,,c+0,poss,0.5,z,0.9559690000023693,None,None,,,,,,,,,,,0,176,176,43,444.4730673750164,,,,,,,,,,,,,,,,,,,,,,,,,,,,,,,,,,,,,,,,,,,,,,,,,,,,,,,,,,,,,,,,,,,,,,,,,444.4640587909962,444.4730673750164,444.96284600003855,444.96284600003855,444.96284600003855,445.03753304103157,445.03753304103157,445.03753304103157,445.4387880410068,z,0.9559690000023693,None,445.4389118330437,445.43896645802306,None,,,,,,,,,,,,21040109,2,2026-04-21_12h21.40.188,tilt_mocs,2024.2.4,120.86223023056361,2026-04-21 12h21.51.014415 -0400,
4,15.0,,177,177,0,,,,,100,0,,,,,c+4,poss,1.0,z,1.4232338750152849,None,None,,,,,,,,,,,0,177,177,153,445.449781791016,,,,,,,,,,,,,,,,,,,,,,,,,,,,,,,,,,,,,,,,,,,,,,,,,,,,,,,,,,,,,,,,,,,,,,,,,445.4409910410177,445.449781791016,446.4370310830418,446.4370310830418,446.4370310830418,446.50944383302703,446.50944383302703,446.50944383302703,446.87983991601504,z,1.4232338750152849,None,446.8799959580065,446.8800490410067,None,,,,,,,,,,,,21040109,2,2026-04-21_12h21.40.188,tilt_mocs,2024.2.4,120.86223023056361,2026-04-21 12h21.51.014415 -0400,
0,0.0,,178,178,0,,,,,0,100,,,,,c+0,noss,0.75,z,1.220347042020876,None,None,,,,,,,,,,,0,178,178,606,446.8911195000401,,,,,,,,,,,,,,,,,,,,,,,,,,,,,,,,,,,,,,,,,,,,,,,,,,,,,,,,,,,,,,,,,,,,,,,,,446.8830134580494,446.8911195000401,447.630258625024,447.630258625024,447.630258625024,447.70426495803986,447.70426495803986,447.70426495803986,448.1229838330182,z,1.220347042020876,None,448.12311108299764,448.12316629104316,None,,,,,,,,,,,,21040109,2,2026-04-21_12h21.40.188,tilt_mocs,2024.2.4,120.86223023056361,2026-04-21 12h21.51.014415 -0400,
-6,-15.0,,179,179,0,,,,,100,0,,,,,c-6,negs,0.75,z,1.0171760420198552,None,None,,,,,,,,,,,0,179,179,315,448.1344026250299,,,,,,,,,,,,,,,,,,,,,,,,,,,,,,,,,,,,,,,,,,,,,,,,,,,,,,,,,,,,,,,,,,,,,,,,,448.1256782080163,448.1344026250299,448.87044454104034,448.87044454104034,448.87044454104034,448.9425281250151,448.9425281250151,448.9425281250151,449.1564590000198,z,1.0171760420198552,None,449.1565629999968,449.1566069580149,None,,,,,,,,,,,,21040109,2,2026-04-21_12h21.40.188,tilt_mocs,2024.2.4,120.86223023056361,2026-04-21 12h21.51.014415 -0400,
0,0.0,,180,180,0,,,,,0,100,,,,,c+0,noss,1.0,period,1.5222875829786062,None,None,,,,,,,,,,,0,180,180,614,449.1672190410318,,,,,,,,,,,,,,,,,,,,,,,,,,,,,,,,,,,,,,,,,,,,,,,,,,,,,,,,,,,,,,,,,,,,,,,,,449.158577041002,449.1672190410318,450.152908958029,450.152908958029,450.152908958029,450.2263765000389,450.2263765000389,450.2263765000389,450.6960063750157,period,1.5222875829786062,None,450.696132083016,450.6961857910501,None,,,,,,,,,,,,21040109,2,2026-04-21_12h21.40.188,tilt_mocs,2024.2.4,120.86223023056361,2026-04-21 12h21.51.014415 -0400,
8,15.0,,181,181,0,,,,,100,0,,,,,c+8,poss,0.5,period,1.0977189160184935,None,None,,,,,,,,,,,0,181,181,216,450.70697266602656,,,,,,,,,,,,,,,,,,,,,,,,,,,,,,,,,,,,,,,,,,,,,,,,,,,,,,,,,,,,,,,,,,,,,,,,,450.69834825000726,450.70697266602656,451.19662987504853,451.19662987504853,451.19662987504853,451.2708981659962,451.2708981659962,451.2708981659962,451.8077516250196,period,1.0977189160184935,None,451.80791429104283,451.8079725410207,None,,,,,,,,,,,,21040109,2,2026-04-21_12h21.40.188,tilt_mocs,2024.2.4,120.86223023056361,2026-04-21 12h21.51.014415 -0400,
0,15.0,,182,182,0,,,,,100,0,,,,,c+0,poss,0.75,z,1.261004917032551,None,None,,,,,,,,,,,0,182,182,55,451.81964587501716,,,,,,,,,,,,,,,,,,,,,,,,,,,,,,,,,,,,,,,,,,,,,,,,,,,,,,,,,,,,,,,,,,,,,,,,,451.81059750000713,451.81964587501716,452.5536024160101,452.5536024160101,452.5536024160101,452.6258772080182,452.6258772080182,452.6258772080182,453.0897867080057,z,1.261004917032551,None,453.0899123750278,453.08996750001097,None,,,,,,,,,,,,21040109,2,2026-04-21_12h21.40.188,tilt_mocs,2024.2.4,120.86223023056361,2026-04-21 12h21.51.014415 -0400,
-8,-15.0,,183,183,0,,,,,100,0,,,,,c-8,negs,0.5,z,1.4574122080230154,None,None,,,,,,,,,,,0,183,183,256,453.1012437909958,,,,,,,,,,,,,,,,,,,,,,,,,,,,,,,,,,,,,,,,,,,,,,,,,,,,,,,,,,,,,,,,,,,,,,,,,453.0924810830038,453.1012437909958,453.58735191600863,453.58735191600863,453.58735191600863,453.6592452080222,453.6592452080222,453.6592452080222,454.5629515000037,z,1.4574122080230154,None,454.563049999997,454.5630908330204,None,,,,,,,,,,,,21040109,2,2026-04-21_12h21.40.188,tilt_mocs,2024.2.4,120.86223023056361,2026-04-21 12h21.51.014415 -0400,
8,15.0,,184,184,0,,,,,100,0,,,,,c+8,poss,1.25,period,1.876287167018745,None,None,,,,,,,,,,,0,184,184,250,454.57364041602705,,,,,,,,,,,,,,,,,,,,,,,,,,,,,,,,,,,,,,,,,,,,,,,,,,,,,,,,,,,,,,,,,,,,,,,,,454.5650775000104,454.57364041602705,455.8142908330192,455.8142908330192,455.8142908330192,455.88783183303894,455.88783183303894,455.88783183303894,456.4568834580132,period,1.876287167018745,None,456.45702704100404,456.4570800830261,None,,,,,,,,,,,,21040109,2,2026-04-21_12h21.40.188,tilt_mocs,2024.2.4,120.86223023056361,2026-04-21 12h21.51.014415 -0400,
-4,-15.0,,185,185,0,,,,,100,0,,,,,c-4,negs,1.0,z,1.4784537500236183,None,None,,,,,,,,,,,0,185,185,366,456.4683816659963,,,,,,,,,,,,,,,,,,,,,,,,,,,,,,,,,,,,,,,,,,,,,,,,,,,,,,,,,,,,,,,,,,,,,,,,,456.4593987080152,456.4683816659963,457.4541255000513,457.4541255000513,457.4541255000513,457.5265628750203,457.5265628750203,457.5265628750203,457.95691120804986,z,1.4784537500236183,None,457.9570421660319,457.9570980000426,None,,,,,,,,,,,,21040109,2,2026-04-21_12h21.40.188,tilt_mocs,2024.2.4,120.86223023056361,2026-04-21 12h21.51.014415 -0400,
-2,0.0,,186,186,0,,,,,0,100,,,,,c-2,noss,0.5,period,1.0636130830389448,None,None,,,,,,,,,,,0,186,186,546,457.9681072499952,,,,,,,,,,,,,,,,,,,,,,,,,,,,,,,,,,,,,,,,,,,,,,,,,,,,,,,,,,,,,,,,,,,,,,,,,457.95936641603475,457.9681072499952,458.4541987910052,458.4541987910052,458.4541987910052,458.5258965410176,458.5258965410176,458.5258965410176,459.0401677910122,period,1.0636130830389448,None,459.0402954580495,459.0403505000286,None,,,,,,,,,,,,21040109,2,2026-04-21_12h21.40.188,tilt_mocs,2024.2.4,120.86223023056361,2026-04-21 12h21.51.014415 -0400,
4,0.0,,187,187,0,,,,,0,100,,,,,c+4,noss,0.5,period,1.0230558750336058,None,None,,,,,,,,,,,0,187,187,677,459.0510671660304,,,,,,,,,,,,,,,,,,,,,,,,,,,,,,,,,,,,,,,,,,,,,,,,,,,,,,,,,,,,,,,,,,,,,,,,,459.04257783299545,459.0510671660304,459.53694541601,459.53694541601,459.53694541601,459.6104906250257,459.6104906250257,459.6104906250257,460.07865987502737,period,1.0230558750336058,None,460.0787601660122,460.0788065830129,None,,,,,,,,,,,,21040109,2,2026-04-21_12h21.40.188,tilt_mocs,2024.2.4,120.86223023056361,2026-04-21 12h21.51.014415 -0400,
4,15.0,,188,188,0,,,,,100,0,,,,,c+4,poss,1.0,period,1.433611957996618,None,None,,,,,,,,,,,0,188,188,154,460.0899090410094,,,,,,,,,,,,,,,,,,,,,,,,,,,,,,,,,,,,,,,,,,,,,,,,,,,,,,,,,,,,,,,,,,,,,,,,,460.08075516601093,460.0899090410094,461.08007512503536,461.08007512503536,461.08007512503536,461.1546903750277,461.1546903750277,461.1546903750277,461.53045562503394,period,1.433611957996618,None,461.53060566604836,461.5306640409981,None,,,,,,,,,,,,21040109,2,2026-04-21_12h21.40.188,tilt_mocs,2024.2.4,120.86223023056361,2026-04-21 12h21.51.014415 -0400,
2,15.0,,189,189,0,,,,,100,0,,,,,c+2,poss,0.5,z,1.4246720829978585,None,None,,,,,,,,,,,0,189,189,87,461.54139666602714,,,,,,,,,,,,,,,,,,,,,,,,,,,,,,,,,,,,,,,,,,,,,,,,,,,,,,,,,,,,,,,,,,,,,,,,,461.5329995000502,461.54139666602714,462.03066441603005,462.03066441603005,462.03066441603005,462.1045958750183,462.1045958750183,462.1045958750183,462.974185958039,z,1.4246720829978585,None,462.97434495802736,462.97440329100937,None,,,,,,,,,,,,21040109,2,2026-04-21_12h21.40.188,tilt_mocs,2024.2.4,120.86223023056361,2026-04-21 12h21.51.014415 -0400,
2,0.0,,190,190,0,,,,,0,100,,,,,c+2,noss,1.25,z,4.035800499957986,None,None,,,,,,,,,,,0,190,190,666,462.9867583750165,,,,,,,,,,,,,,,,,,,,,,,,,,,,,,,,,,,,,,,,,,,,,,,,,,,,,,,,,,,,,,,,,,,,,,,,,462.97783758305013,462.9867583750165,464.2210069580469,464.2210069580469,464.2210069580469,464.29481824999675,464.29481824999675,464.29481824999675,467.0350130830193,z,4.035800499957986,None,467.0351124580484,467.0351558330003,None,,,,,,,,,,,,21040109,2,2026-04-21_12h21.40.188,tilt_mocs,2024.2.4,120.86223023056361,2026-04-21 12h21.51.014415 -0400,
0,-15.0,,191,191,0,,,,,100,0,,,,,c+0,negs,1.25,period,1.7568386669736356,None,None,,,,,,,,,,,0,191,191,458,467.04172458301764,,,,,,,,,,,,,,,,,,,,,,,,,,,,,,,,,,,,,,,,,,,,,,,,,,,,,,,,,,,,,,,,,,,,,,,,,467.03717579104705,467.04172458301764,468.28073283302365,468.28073283302365,468.28073283302365,468.35498766601086,468.35498766601086,468.35498766601086,468.8075446660514,period,1.7568386669736356,None,468.8077045410173,468.80776487500407,None,,,,,,,,,,,,21040109,2,2026-04-21_12h21.40.188,tilt_mocs,2024.2.4,120.86223023056361,2026-04-21 12h21.51.014415 -0400,
-2,-15.0,,192,192,0,,,,,100,0,,,,,c-2,negs,0.5,period,1.1354520830209367,None,None,,,,,,,,,,,0,192,192,378,468.8199004580383,,,,,,,,,,,,,,,,,,,,,,,,,,,,,,,,,,,,,,,,,,,,,,,,,,,,,,,,,,,,,,,,,,,,,,,,,468.8106075830292,468.8199004580383,469.30456379102543,469.30456379102543,469.30456379102543,469.37641783303116,469.37641783303116,469.37641783303116,469.95806745800655,period,1.1354520830209367,None,469.9582426660345,469.9583153750282,None,,,,,,,,,,,,21040109,2,2026-04-21_12h21.40.188,tilt_mocs,2024.2.4,120.86223023056361,2026-04-21 12h21.51.014415 -0400,
-4,-15.0,,193,193,0,,,,,100,0,,,,,c-4,negs,0.5,period,1.145837375021074,None,None,,,,,,,,,,,0,193,193,340,469.96981445804704,,,,,,,,,,,,,,,,,,,,,,,,,,,,,,,,,,,,,,,,,,,,,,,,,,,,,,,,,,,,,,,,,,,,,,,,,469.96101137500955,469.96981445804704,470.454572290997,470.454572290997,470.454572290997,470.52727766602766,470.52727766602766,470.52727766602766,471.12379695801064,period,1.145837375021074,None,471.12392345804255,471.12397841602797,None,,,,,,,,,,,,21040109,2,2026-04-21_12h21.40.188,tilt_mocs,2024.2.4,120.86223023056361,2026-04-21 12h21.51.014415 -0400,
-4,0.0,,194,194,0,,,,,0,100,,,,,c-4,noss,1.25,z,1.7790635420242324,None,None,,,,,,,,,,,0,194,194,542,471.13554141600616,,,,,,,,,,,,,,,,,,,,,,,,,,,,,,,,,,,,,,,,,,,,,,,,,,,,,,,,,,,,,,,,,,,,,,,,,471.1264990000054,471.13554141600616,472.371222375019,472.371222375019,472.371222375019,472.44401975005167,472.44401975005167,472.44401975005167,472.9244642080157,z,1.7790635420242324,None,472.92473008303205,472.92483141605044,None,,,,,,,,,,,,21040109,2,2026-04-21_12h21.40.188,tilt_mocs,2024.2.4,120.86223023056361,2026-04-21 12h21.51.014415 -0400,
2,15.0,,195,195,0,,,,,100,0,,,,,c+2,poss,1.25,z,1.8980345000163652,None,None,,,,,,,,,,,0,195,195,120,472.93653537501814,,,,,,,,,,,,,,,,,,,,,,,,,,,,,,,,,,,,,,,,,,,,,,,,,,,,,,,,,,,,,,,,,,,,,,,,,472.92745320801623,472.93653537501814,474.1711264580372,474.1711264580372,474.1711264580372,474.24343650002265,474.24343650002265,474.24343650002265,474.8405330830137,z,1.8980345000163652,None,474.8406372910249,474.84068137500435,None,,,,,,,,,,,,21040109,2,2026-04-21_12h21.40.188,tilt_mocs,2024.2.4,120.86223023056361,2026-04-21 12h21.51.014415 -0400,
-8,-15.0,,196,196,0,,,,,100,0,,,,,c-8,negs,0.75,z,1.029965124966111,None,None,,,,,,,,,,,0,196,196,267,474.8512912080041,,,,,,,,,,,,,,,,,,,,,,,,,,,,,,,,,,,,,,,,,,,,,,,,,,,,,,,,,,,,,,,,,,,,,,,,,474.84266399999615,474.8512912080041,475.5880964160315,475.5880964160315,475.5880964160315,475.66060454101535,475.66060454101535,475.66060454101535,475.89159591600765,z,1.029965124966111,None,475.8917383750086,475.89179270801833,None,,,,,,,,,,,,21040109,2,2026-04-21_12h21.40.188,tilt_mocs,2024.2.4,120.86223023056361,2026-04-21 12h21.51.014415 -0400,
-2,0.0,,197,197,0,,,,,0,100,,,,,c-2,noss,1.25,z,1.6353116660029627,None,None,,,,,,,,,,,0,197,197,585,475.9034560410073,,,,,,,,,,,,,,,,,,,,,,,,,,,,,,,,,,,,,,,,,,,,,,,,,,,,,,,,,,,,,,,,,,,,,,,,,475.8942583750468,475.9034560410073,477.13810949999606,477.13810949999606,477.13810949999606,477.21087108302163,477.21087108302163,477.21087108302163,477.5414497909951,z,1.6353116660029627,None,477.5416246250388,477.5417030000244,None,,,,,,,,,,,,21040109,2,2026-04-21_12h21.40.188,tilt_mocs,2024.2.4,120.86223023056361,2026-04-21 12h21.51.014415 -0400,
2,15.0,,198,198,0,,,,,100,0,,,,,c+2,poss,1.25,z,1.5356037080055103,None,None,,,,,,,,,,,0,198,198,117,477.5533849580097,,,,,,,,,,,,,,,,,,,,,,,,,,,,,,,,,,,,,,,,,,,,,,,,,,,,,,,,,,,,,,,,,,,,,,,,,477.5442495000316,477.5533849580097,478.78825995803345,478.78825995803345,478.78825995803345,478.86021754104877,478.86021754104877,478.86021754104877,479.0917560000089,z,1.5356037080055103,None,479.0919177909964,479.09197624999797,None,,,,,,,,,,,,21040109,2,2026-04-21_12h21.40.188,tilt_mocs,2024.2.4,120.86223023056361,2026-04-21 12h21.51.014415 -0400,
2,-15.0,,199,199,0,,,,,100,0,,,,,c+2,negs,1.25,period,1.9281599169480614,None,None,,,,,,,,,,,0,199,199,494,479.1041977080167,,,,,,,,,,,,,,,,,,,,,,,,,,,,,,,,,,,,,,,,,,,,,,,,,,,,,,,,,,,,,,,,,,,,,,,,,479.0951500410447,479.1041977080167,480.33850166603224,480.33850166603224,480.33850166603224,480.41087779100053,480.41087779100053,480.41087779100053,481.0411801660084,period,1.9281599169480614,None,481.04133308300516,481.0413900410058,None,,,,,,,,,,,,21040109,2,2026-04-21_12h21.40.188,tilt_mocs,2024.2.4,120.86223023056361,2026-04-21 12h21.51.014415 -0400,
-6,-15.0,,200,200,0,,,,,100,0,,,,,c-6,negs,0.75,period,1.3293599999742582,None,None,,,,,,,,,,,0,200,200,311,481.05390650004847,,,,,,,,,,,,,,,,,,,,,,,,,,,,,,,,,,,,,,,,,,,,,,,,,,,,,,,,,,,,,,,,,,,,,,,,,481.0445913330186,481.05390650004847,481.78830566600664,481.78830566600664,481.78830566600664,481.8607987500145,481.8607987500145,481.8607987500145,482.39096466603223,period,1.3293599999742582,None,482.3911256249994,482.39118375000544,None,,,,,,,,,,,,21040109,2,2026-04-21_12h21.40.188,tilt_mocs,2024.2.4,120.86223023056361,2026-04-21 12h21.51.014415 -0400,
-4,0.0,,201,201,0,,,,,0,100,,,,,c-4,noss,0.5,z,1.7545674169668928,None,None,,,,,,,,,,,0,201,201,504,482.4033057910274,,,,,,,,,,,,,,,,,,,,,,,,,,,,,,,,,,,,,,,,,,,,,,,,,,,,,,,,,,,,,,,,,,,,,,,,,482.3942040830152,482.4033057910274,482.8883320830064,482.8883320830064,482.8883320830064,482.9610228750389,482.9610228750389,482.9610228750389,484.1631638330291,z,1.7545674169668928,None,484.1632917080424,484.16334779100725,None,,,,,,,,,,,,21040109,2,2026-04-21_12h21.40.188,tilt_mocs,2024.2.4,120.86223023056361,2026-04-21 12h21.51.014415 -0400,
2,0.0,,202,202,0,,,,,0,100,,,,,c+2,noss,1.25,period,2.0391835829941556,None,None,,,,,,,,,,,0,202,202,664,484.17450562503655,,,,,,,,,,,,,,,,,,,,,,,,,,,,,,,,,,,,,,,,,,,,,,,,,,,,,,,,,,,,,,,,,,,,,,,,,484.1654530829983,484.17450562503655,485.4142772910418,485.4142772910418,485.4142772910418,485.48854350001784,485.48854350001784,485.48854350001784,486.2257529160124,period,2.0391835829941556,None,486.2259032500442,486.22596675000386,None,,,,,,,,,,,,21040109,2,2026-04-21_12h21.40.188,tilt_mocs,2024.2.4,120.86223023056361,2026-04-21 12h21.51.014415 -0400,
-4,-15.0,,203,203,0,,,,,100,0,,,,,c-4,negs,0.75,z,2.8655545840156265,None,None,,,,,,,,,,,0,203,203,356,486.237583750044,,,,,,,,,,,,,,,,,,,,,,,,,,,,,,,,,,,,,,,,,,,,,,,,,,,,,,,,,,,,,,,,,,,,,,,,,486.22866358299507,486.237583750044,486.97180220804876,486.97180220804876,486.97180220804876,487.04419070802396,487.04419070802396,487.04419070802396,489.1080022910028,z,2.8655545840156265,None,489.10810791602125,489.10815216600895,None,,,,,,,,,,,,21040109,2,2026-04-21_12h21.40.188,tilt_mocs,2024.2.4,120.86223023056361,2026-04-21 12h21.51.014415 -0400,
-2,-15.0,,204,204,0,,,,,100,0,,,,,c-2,negs,1.25,period,1.7905587920104153,None,None,,,,,,,,,,,0,204,204,419,489.1188235410373,,,,,,,,,,,,,,,,,,,,,,,,,,,,,,,,,,,,,,,,,,,,,,,,,,,,,,,,,,,,,,,,,,,,,,,,,489.11019620799925,489.1188235410373,490.35549283301225,490.35549283301225,490.35549283301225,490.4274964579963,490.4274964579963,490.4274964579963,490.91433254099684,period,1.7905587920104153,None,490.9144340000348,490.91447741602315,None,,,,,,,,,,,,21040109,2,2026-04-21_12h21.40.188,tilt_mocs,2024.2.4,120.86223023056361,2026-04-21 12h21.51.014415 -0400,
-2,0.0,,205,205,0,,,,,0,100,,,,,c-2,noss,1.25,z,1.8717708750045858,None,None,,,,,,,,,,,0,205,205,584,490.9250716660172,,,,,,,,,,,,,,,,,,,,,,,,,,,,,,,,,,,,,,,,,,,,,,,,,,,,,,,,,,,,,,,,,,,,,,,,,490.9164521660423,490.9250716660172,492.1647976250388,492.1647976250388,492.1647976250388,492.23915304103866,492.23915304103866,492.23915304103866,492.8078704579966,z,1.8717708750045858,None,492.80798395804595,492.80802804103587,None,,,,,,,,,,,,21040109,2,2026-04-21_12h21.40.188,tilt_mocs,2024.2.4,120.86223023056361,2026-04-21 12h21.51.014415 -0400,
-2,0.0,,206,206,0,,,,,0,100,,,,,c-2,noss,0.75,period,1.482597749971319,None,None,,,,,,,,,,,0,206,206,559,492.8185833330499,,,,,,,,,,,,,,,,,,,,,,,,,,,,,,,,,,,,,,,,,,,,,,,,,,,,,,,,,,,,,,,,,,,,,,,,,492.8099950000178,492.8185833330499,493.5553429580177,493.5553429580177,493.5553429580177,493.62768525001593,493.62768525001593,493.62768525001593,494.3081142080482,period,1.482597749971319,None,494.3082370409975,494.3082912500249,None,,,,,,,,,,,,21040109,2,2026-04-21_12h21.40.188,tilt_mocs,2024.2.4,120.86223023056361,2026-04-21 12h21.51.014415 -0400,
-6,-15.0,,207,207,0,,,,,100,0,,,,,c-6,negs,0.5,z,1.1283362500253133,None,None,,,,,,,,,,,0,207,207,302,494.31895487499423,,,,,,,,,,,,,,,,,,,,,,,,,,,,,,,,,,,,,,,,,,,,,,,,,,,,,,,,,,,,,,,,,,,,,,,,,494.31039870803943,494.31895487499423,494.8057516660192,494.8057516660192,494.8057516660192,494.8772774999961,494.8772774999961,494.8772774999961,495.45813995803474,z,1.1283362500253133,None,495.4582709160168,495.4583270410076,None,,,,,,,,,,,,21040109,2,2026-04-21_12h21.40.188,tilt_mocs,2024.2.4,120.86223023056361,2026-04-21 12h21.51.014415 -0400,
4,0.0,,208,208,0,,,,,0,100,,,,,c+4,noss,0.5,period,1.2040234580053948,None,None,,,,,,,,,,,0,208,208,675,495.46940120804356,,,,,,,,,,,,,,,,,,,,,,,,,,,,,,,,,,,,,,,,,,,,,,,,,,,,,,,,,,,,,,,,,,,,,,,,,495.46060437499546,495.46940120804356,495.9555320829968,495.9555320829968,495.9555320829968,496.0285643330426,496.0285643330426,496.0285643330426,496.676282875007,period,1.2040234580053948,None,496.6764922500006,496.6765684999991,None,,,,,,,,,,,,21040109,2,2026-04-21_12h21.40.188,tilt_mocs,2024.2.4,120.86223023056361,2026-04-21 12h21.51.014415 -0400,
6,15.0,,209,209,0,,,,,100,0,,,,,c+6,poss,1.0,period,2.030145291995723,None,None,,,,,,,,,,,0,209,209,197,496.6882988330326,,,,,,,,,,,,,,,,,,,,,,,,,,,,,,,,,,,,,,,,,,,,,,,,,,,,,,,,,,,,,,,,,,,,,,,,,496.6794117910322,496.6882988330326,497.6722806250327,497.6722806250327,497.6722806250327,497.744713083026,497.744713083026,497.744713083026,498.7248372080503,period,2.030145291995723,None,498.7249377500266,498.72498104104307,None,,,,,,,,,,,,21040109,2,2026-04-21_12h21.40.188,tilt_mocs,2024.2.4,120.86223023056361,2026-04-21 12h21.51.014415 -0400,
-6,-15.0,,210,210,0,,,,,100,0,,,,,c-6,negs,0.5,period,0.3246638749842532,None,None,,,,,,,,,,,0,210,210,297,498.73563754104543,,,,,,,,,,,,,,,,,,,,,,,,,,,,,,,,,,,,,,,,,,,,,,,,,,,,,,,,,,,,,,,,,,,,,,,,,498.72695304104127,498.73563754104543,,,,,,,499.06386987504084,period,0.3246638749842532,None,499.0639769580448,499.0640247500269,None,,,,,,,,,,,,21040109,2,2026-04-21_12h21.40.188,tilt_mocs,2024.2.4,120.86223023056361,2026-04-21 12h21.51.014415 -0400,
6,15.0,,211,211,0,,,,,100,0,,,,,c+6,poss,0.5,z,1.6372244160156697,None,None,,,,,,,,,,,0,211,211,173,499.0753602080513,,,,,,,,,,,,,,,,,,,,,,,,,,,,,,,,,,,,,,,,,,,,,,,,,,,,,,,,,,,,,,,,,,,,,,,,,499.0664626660291,499.0753602080513,499.56515441602096,499.56515441602096,499.56515441602096,499.6394784160075,499.6394784160075,499.6394784160075,500.72513625002466,z,1.6372244160156697,None,500.7252652909956,500.7253098330111,None,,,,,,,,,,,,21040109,2,2026-04-21_12h21.40.188,tilt_mocs,2024.2.4,120.86223023056361,2026-04-21 12h21.51.014415 -0400,
8,15.0,,212,212,0,,,,,100,0,,,,,c+8,poss,0.75,period,1.4008326249895617,None,None,,,,,,,,,,,0,212,212,229,500.7358724580263,,,,,,,,,,,,,,,,,,,,,,,,,,,,,,,,,,,,,,,,,,,,,,,,,,,,,,,,,,,,,,,,,,,,,,,,,500.72733237501234,500.7358724580263,501.47230333305197,501.47230333305197,501.47230333305197,501.5445951250149,501.5445951250149,501.5445951250149,502.1419805409969,period,1.4008326249895617,None,502.1421345830313,502.14219462504843,None,,,,,,,,,,,,21040109,2,2026-04-21_12h21.40.188,tilt_mocs,2024.2.4,120.86223023056361,2026-04-21 12h21.51.014415 -0400,
6,15.0,,213,213,0,,,,,100,0,,,,,c+6,poss,0.5,period,1.1456289589987136,None,None,,,,,,,,,,,0,213,213,177,502.1538973330171,,,,,,,,,,,,,,,,,,,,,,,,,,,,,,,,,,,,,,,,,,,,,,,,,,,,,,,,,,,,,,,,,,,,,,,,,502.1449002500158,502.1538973330171,502.6390220000176,502.6390220000176,502.6390220000176,502.7120688330033,502.7120688330033,502.7120688330033,503.3092007910018,period,1.1456289589987136,None,503.3093512500054,503.309408250032,None,,,,,,,,,,,,21040109,2,2026-04-21_12h21.40.188,tilt_mocs,2024.2.4,120.86223023056361,2026-04-21 12h21.51.014415 -0400,
0,0.0,,214,214,0,,,,,0,100,,,,,c+0,noss,0.5,z,1.53625095798634,None,None,,,,,,,,,,,0,214,214,598,503.3200776250451,,,,,,,,,,,,,,,,,,,,,,,,,,,,,,,,,,,,,,,,,,,,,,,,,,,,,,,,,,,,,,,,,,,,,,,,,503.3116620000219,503.3200776250451,503.80581312504364,503.80581312504364,503.80581312504364,503.87820366601227,503.87820366601227,503.87820366601227,504.8596577080316,z,1.53625095798634,None,504.8598096250207,504.85986591601977,None,,,,,,,,,,,,21040109,2,2026-04-21_12h21.40.188,tilt_mocs,2024.2.4,120.86223023056361,2026-04-21 12h21.51.014415 -0400,
-4,-15.0,,215,215,0,,,,,100,0,,,,,c-4,negs,1.25,period,5.318502874986734,None,None,,,,,,,,,,,0,215,215,369,504.87147333304165,,,,,,,,,,,,,,,,,,,,,,,,,,,,,,,,,,,,,,,,,,,,,,,,,,,,,,,,,,,,,,,,,,,,,,,,,504.86250391602516,504.87147333304165,506.10516179102706,506.10516179102706,506.10516179102706,506.17787933303043,506.17787933303043,506.17787933303043,510.1928704580059,period,5.318502874986734,None,510.19301929103676,510.1930794159998,None,,,,,,,,,,,,21040109,2,2026-04-21_12h21.40.188,tilt_mocs,2024.2.4,120.86223023056361,2026-04-21 12h21.51.014415 -0400,
-4,0.0,,216,216,0,,,,,0,100,,,,,c-4,noss,1.0,z,1.5250032920157537,None,None,,,,,,,,,,,0,216,216,528,510.2041988330311,,,,,,,,,,,,,,,,,,,,,,,,,,,,,,,,,,,,,,,,,,,,,,,,,,,,,,,,,,,,,,,,,,,,,,,,,510.19538304104935,510.2041988330311,511.18842100002803,511.18842100002803,511.18842100002803,511.262986708025,511.262986708025,511.262986708025,511.73173612501705,z,1.5250032920157537,None,511.7318654580158,511.7319214580348,None,,,,,,,,,,,,21040109,2,2026-04-21_12h21.40.188,tilt_mocs,2024.2.4,120.86223023056361,2026-04-21 12h21.51.014415 -0400,
-8,-15.0,,217,217,0,,,,,100,0,,,,,c-8,negs,1.25,z,1.9312537499936298,None,None,,,,,,,,,,,0,217,217,287,511.7423807080486,,,,,,,,,,,,,,,,,,,,,,,,,,,,,,,,,,,,,,,,,,,,,,,,,,,,,,,,,,,,,,,,,,,,,,,,,511.7342394160223,511.7423807080486,512.9828841660055,512.9828841660055,512.9828841660055,513.0566173330299,513.0566173330299,513.0566173330299,513.6761162500479,z,1.9312537499936298,None,513.6762543329969,513.6763212080114,None,,,,,,,,,,,,21040109,2,2026-04-21_12h21.40.188,tilt_mocs,2024.2.4,120.86223023056361,2026-04-21 12h21.51.014415 -0400,
-8,-15.0,,218,218,0,,,,,100,0,,,,,c-8,negs,1.25,z,1.819582000025548,None,None,,,,,,,,,,,0,218,218,285,513.6875858750427,,,,,,,,,,,,,,,,,,,,,,,,,,,,,,,,,,,,,,,,,,,,,,,,,,,,,,,,,,,,,,,,,,,,,,,,,513.6785126660252,513.6875858750427,514.9228273330373,514.9228273330373,514.9228273330373,514.9947388330474,514.9947388330474,514.9947388330474,515.5097545830067,z,1.819582000025548,None,515.5098865000182,515.509942625009,None,,,,,,,,,,,,21040109,2,2026-04-21_12h21.40.188,tilt_mocs,2024.2.4,120.86223023056361,2026-04-21 12h21.51.014415 -0400,
8,15.0,,219,219,0,,,,,100,0,,,,,c+8,poss,1.25,period,1.876078624976799,None,None,,,,,,,,,,,0,219,219,249,515.5212185410201,,,,,,,,,,,,,,,,,,,,,,,,,,,,,,,,,,,,,,,,,,,,,,,,,,,,,,,,,,,,,,,,,,,,,,,,,515.5123797080014,515.5212185410201,516.7551421660464,516.7551421660464,516.7551421660464,516.8282820830354,516.8282820830354,516.8282820830354,517.4088375000283,period,1.876078624976799,None,517.4089623750187,517.4090145410155,None,,,,,,,,,,,,21040109,2,2026-04-21_12h21.40.188,tilt_mocs,2024.2.4,120.86223023056361,2026-04-21 12h21.51.014415 -0400,
0,-15.0,,220,220,0,,,,,100,0,,,,,c+0,negs,0.5,period,1.016193832969293,None,None,,,,,,,,,,,0,220,220,425,517.4196185000474,,,,,,,,,,,,,,,,,,,,,,,,,,,,,,,,,,,,,,,,,,,,,,,,,,,,,,,,,,,,,,,,,,,,,,,,,517.4111567910295,517.4196185000474,517.9057626660215,517.9057626660215,517.9057626660215,517.9788420830155,517.9788420830155,517.9788420830155,518.4418717080262,period,1.016193832969293,None,518.4419744160259,518.4420180000016,None,,,,,,,,,,,,21040109,2,2026-04-21_12h21.40.188,tilt_mocs,2024.2.4,120.86223023056361,2026-04-21 12h21.51.014415 -0400,
8,15.0,,221,221,0,,,,,100,0,,,,,c+8,poss,1.0,period,1.3915709999855608,None,None,,,,,,,,,,,0,221,221,237,518.4525976660079,,,,,,,,,,,,,,,,,,,,,,,,,,,,,,,,,,,,,,,,,,,,,,,,,,,,,,,,,,,,,,,,,,,,,,,,,518.4439868330373,518.4525976660079,519.4399225410307,519.4399225410307,519.4399225410307,519.5119110410451,519.5119110410451,519.5119110410451,519.8474906250485,period,1.3915709999855608,None,519.8475897909957,519.847633041034,None,,,,,,,,,,,,21040109,2,2026-04-21_12h21.40.188,tilt_mocs,2024.2.4,120.86223023056361,2026-04-21 12h21.51.014415 -0400,
-2,-15.0,,222,222,0,,,,,100,0,,,,,c-2,negs,1.25,z,1.8647421250352636,None,None,,,,,,,,,,,0,222,222,413,519.858605416026,,,,,,,,,,,,,,,,,,,,,,,,,,,,,,,,,,,,,,,,,,,,,,,,,,,,,,,,,,,,,,,,,,,,,,,,,519.8496565000387,519.858605416026,521.1001165829948,521.1001165829948,521.1001165829948,521.1735691250069,521.1735691250069,521.1735691250069,521.7260127080372,z,1.8647421250352636,None,521.726172958035,521.7262311250088,None,,,,,,,,,,,,21040109,2,2026-04-21_12h21.40.188,tilt_mocs,2024.2.4,120.86223023056361,2026-04-21 12h21.51.014415 -0400,
2,0.0,,223,223,0,,,,,0,100,,,,,c+2,noss,1.25,period,1.6928512080339715,None,None,,,,,,,,,,,0,223,223,663,521.7377117080032,,,,,,,,,,,,,,,,,,,,,,,,,,,,,,,,,,,,,,,,,,,,,,,,,,,,,,,,,,,,,,,,,,,,,,,,,521.7285080830334,521.7377117080032,522.973093208042,522.973093208042,522.973093208042,523.0456734580221,523.0456734580221,523.0456734580221,523.4425168330199,period,1.6928512080339715,None,523.4426401660312,523.4426957080141,None,,,,,,,,,,,,21040109,2,2026-04-21_12h21.40.188,tilt_mocs,2024.2.4,120.86223023056361,2026-04-21 12h21.51.014415 -0400,
4,0.0,,224,224,0,,,,,0,100,,,,,c+4,noss,1.0,period,1.3546458749915473,None,None,,,,,,,,,,,0,224,224,703,523.4540768330335,,,,,,,,,,,,,,,,,,,,,,,,,,,,,,,,,,,,,,,,,,,,,,,,,,,,,,,,,,,,,,,,,,,,,,,,,523.4452270000475,523.4540768330335,524.4388385830098,524.4388385830098,524.4388385830098,524.5118045830168,524.5118045830168,524.5118045830168,524.8153272080235,period,1.3546458749915473,None,524.8154761660262,524.8155337500502,None,,,,,,,,,,,,21040109,2,2026-04-21_12h21.40.188,tilt_mocs,2024.2.4,120.86223023056361,2026-04-21 12h21.51.014415 -0400,
0,-15.0,,225,225,0,,,,,100,0,,,,,c+0,negs,0.75,period,1.3725061250152066,None,None,,,,,,,,,,,0,225,225,436,524.8268480830011,,,,,,,,,,,,,,,,,,,,,,,,,,,,,,,,,,,,,,,,,,,,,,,,,,,,,,,,,,,,,,,,,,,,,,,,,524.8185496250517,524.8268480830011,525.5662350000348,525.5662350000348,525.5662350000348,525.6403960410389,525.6403960410389,525.6403960410389,526.2094291250105,period,1.3725061250152066,None,526.2095916660037,526.2096536250319,None,,,,,,,,,,,,21040109,2,2026-04-21_12h21.40.188,tilt_mocs,2024.2.4,120.86223023056361,2026-04-21 12h21.51.014415 -0400,
2,-15.0,,226,226,0,,,,,100,0,,,,,c+2,negs,1.25,period,1.7362962500192225,None,None,,,,,,,,,,,0,226,226,497,526.2218083330081,,,,,,,,,,,,,,,,,,,,,,,,,,,,,,,,,,,,,,,,,,,,,,,,,,,,,,,,,,,,,,,,,,,,,,,,,526.2127466660459,526.2218083330081,527.4565831660293,527.4565831660293,527.4565831660293,527.5293951660278,527.5293951660278,527.5293951660278,527.9703965830267,period,1.7362962500192225,None,527.9705011660117,527.970543125004,None,,,,,,,,,,,,21040109,2,2026-04-21_12h21.40.188,tilt_mocs,2024.2.4,120.86223023056361,2026-04-21 12h21.51.014415 -0400,
8,15.0,,227,227,0,,,,,100,0,,,,,c+8,poss,0.75,period,1.1609052080311812,None,None,,,,,,,,,,,0,227,227,231,527.9770304160193,,,,,,,,,,,,,,,,,,,,,,,,,,,,,,,,,,,,,,,,,,,,,,,,,,,,,,,,,,,,,,,,,,,,,,,,,527.9725766250049,527.9770304160193,528.7167499579955,528.7167499579955,528.7167499579955,528.7905218750238,528.7905218750238,528.7905218750238,529.1427430410404,period,1.1609052080311812,None,529.1428675409989,529.1429093330516,None,,,,,,,,,,,,21040109,2,2026-04-21_12h21.40.188,tilt_mocs,2024.2.4,120.86223023056361,2026-04-21 12h21.51.014415 -0400,
-8,-15.0,,228,228,0,,,,,100,0,,,,,c-8,negs,0.75,z,1.4409073339775205,None,None,,,,,,,,,,,0,228,228,264,529.1536638330435,,,,,,,,,,,,,,,,,,,,,,,,,,,,,,,,,,,,,,,,,,,,,,,,,,,,,,,,,,,,,,,,,,,,,,,,,529.1448865000275,529.1536638330435,529.8901370830135,529.8901370830135,529.8901370830135,529.9630214160425,529.9630214160425,529.9630214160425,530.5978033330175,z,1.4409073339775205,None,530.5979706250364,530.5980347500299,None,,,,,,,,,,,,21040109,2,2026-04-21_12h21.40.188,tilt_mocs,2024.2.4,120.86223023056361,2026-04-21 12h21.51.014415 -0400,
-2,-15.0,,229,229,0,,,,,100,0,,,,,c-2,negs,0.5,period,0.9907626250060275,None,None,,,,,,,,,,,0,229,229,387,530.6094796660473,,,,,,,,,,,,,,,,,,,,,,,,,,,,,,,,,,,,,,,,,,,,,,,,,,,,,,,,,,,,,,,,,,,,,,,,,530.6004419160308,530.6094796660473,531.0993089160183,531.0993089160183,531.0993089160183,531.1740460000001,531.1740460000001,531.1740460000001,531.6110808750382,period,0.9907626250060275,None,531.6112548329984,531.6113317080308,None,,,,,,,,,,,,21040109,2,2026-04-21_12h21.40.188,tilt_mocs,2024.2.4,120.86223023056361,2026-04-21 12h21.51.014415 -0400,
6,15.0,,230,230,0,,,,,100,0,,,,,c+6,poss,1.0,period,1.71822062501451,None,None,,,,,,,,,,,0,230,230,191,531.6227599580307,,,,,,,,,,,,,,,,,,,,,,,,,,,,,,,,,,,,,,,,,,,,,,,,,,,,,,,,,,,,,,,,,,,,,,,,,531.6137387080234,531.6227599580307,532.60683600005,532.60683600005,532.60683600005,532.6797105410369,532.6797105410369,532.6797105410369,533.343913040997,period,1.71822062501451,None,533.344080208044,533.3441384580219,None,,,,,,,,,,,,21040109,2,2026-04-21_12h21.40.188,tilt_mocs,2024.2.4,120.86223023056361,2026-04-21 12h21.51.014415 -0400,
4,15.0,,231,231,0,,,,,100,0,,,,,c+4,poss,0.75,period,0.37336566601879895,None,None,,,,,,,,,,,0,231,231,144,533.3560446660267,,,,,,,,,,,,,,,,,,,,,,,,,,,,,,,,,,,,,,,,,,,,,,,,,,,,,,,,,,,,,,,,,,,,,,,,,533.3474517500144,533.3560446660267,,,,,,,533.7333459579968,period,0.37336566601879895,None,533.7334982080502,533.7335682080011,None,,,,,,,,,,,,21040109,2,2026-04-21_12h21.40.188,tilt_mocs,2024.2.4,120.86223023056361,2026-04-21 12h21.51.014415 -0400,
2,15.0,,232,232,0,,,,,100,0,,,,,c+2,poss,1.0,z,4.04297150002094,None,None,,,,,,,,,,,0,232,232,112,533.7437706250348,,,,,,,,,,,,,,,,,,,,,,,,,,,,,,,,,,,,,,,,,,,,,,,,,,,,,,,,,,,,,,,,,,,,,,,,,533.7357120829984,533.7437706250348,534.7326468750252,534.7326468750252,534.7326468750252,534.8073777910322,534.8073777910322,534.8073777910322,537.7930328330258,z,4.04297150002094,None,537.7931332910084,537.793175416009,None,,,,,,,,,,,,21040109,2,2026-04-21_12h21.40.188,tilt_mocs,2024.2.4,120.86223023056361,2026-04-21 12h21.51.014415 -0400,
-2,15.0,,233,233,0,,,,,100,0,,,,,c-2,poss,0.75,z,1.3619370419764891,None,None,,,,,,,,,,,0,233,233,14,537.803803457995,,,,,,,,,,,,,,,,,,,,,,,,,,,,,,,,,,,,,,,,,,,,,,,,,,,,,,,,,,,,,,,,,,,,,,,,,537.7951830830425,537.803803457995,538.5402902080095,538.5402902080095,538.5402902080095,538.6122459580074,538.6122459580074,538.6122459580074,539.176734541019,z,1.3619370419764891,None,539.1768894580309,539.1769532909966,None,,,,,,,,,,,,21040109,2,2026-04-21_12h21.40.188,tilt_mocs,2024.2.4,120.86223023056361,2026-04-21 12h21.51.014415 -0400,
2,15.0,,234,234,0,,,,,100,0,,,,,c+2,poss,1.0,z,1.569736915989779,None,None,,,,,,,,,,,0,234,234,109,539.1882920000353,,,,,,,,,,,,,,,,,,,,,,,,,,,,,,,,,,,,,,,,,,,,,,,,,,,,,,,,,,,,,,,,,,,,,,,,,539.1793246250018,539.1882920000353,540.1731062910403,540.1731062910403,540.1731062910403,540.2456863750122,540.2456863750122,540.2456863750122,540.7600647080108,z,1.569736915989779,None,540.7601116660517,540.7601285410346,None,,,,,,,,,,,,21040109,2,2026-04-21_12h21.40.188,tilt_mocs,2024.2.4,120.86223023056361,2026-04-21 12h21.51.014415 -0400,
0,-15.0,,235,235,0,,,,,100,0,,,,,c+0,negs,0.5,period,1.1411951669724658,None,None,,,,,,,,,,,0,235,235,423,540.7672752910294,,,,,,,,,,,,,,,,,,,,,,,,,,,,,,,,,,,,,,,,,,,,,,,,,,,,,,,,,,,,,,,,,,,,,,,,,540.7608996250201,540.7672752910294,541.2571547080297,541.2571547080297,541.2571547080297,541.3291035410366,541.3291035410366,541.3291035410366,541.920254125027,period,1.1411951669724658,None,541.920353708032,541.92039725004,None,,,,,,,,,,,,21040109,2,2026-04-21_12h21.40.188,tilt_mocs,2024.2.4,120.86223023056361,2026-04-21 12h21.51.014415 -0400,
0,0.0,,236,236,0,,,,,0,100,,,,,c+0,noss,0.75,z,1.4719701249850914,None,None,,,,,,,,,,,0,236,236,608,541.9269027910195,,,,,,,,,,,,,,,,,,,,,,,,,,,,,,,,,,,,,,,,,,,,,,,,,,,,,,,,,,,,,,,,,,,,,,,,,541.9223756660358,541.9269027910195,542.6667655000347,542.6667655000347,542.6667655000347,542.7410019999952,542.7410019999952,542.7410019999952,543.4103120000218,z,1.4719701249850914,None,543.4104799160268,543.4105420000269,None,,,,,,,,,,,,21040109,2,2026-04-21_12h21.40.188,tilt_mocs,2024.2.4,120.86223023056361,2026-04-21 12h21.51.014415 -0400,
-2,15.0,,237,237,0,,,,,100,0,,,,,c-2,poss,1.25,z,1.8125687499996275,None,None,,,,,,,,,,,0,237,237,34,543.4220144580468,,,,,,,,,,,,,,,,,,,,,,,,,,,,,,,,,,,,,,,,,,,,,,,,,,,,,,,,,,,,,,,,,,,,,,,,,543.4129184160265,543.4220144580468,544.6572736250237,544.6572736250237,544.6572736250237,544.7291953330277,544.7291953330277,544.7291953330277,545.2435152080143,z,1.8125687499996275,None,545.2436700410326,545.2437221660512,None,,,,,,,,,,,,21040109,2,2026-04-21_12h21.40.188,tilt_mocs,2024.2.4,120.86223023056361,2026-04-21 12h21.51.014415 -0400,
4,0.0,,238,238,0,,,,,0,100,,,,,c+4,noss,0.75,period,1.792253499967046,None,None,,,,,,,,,,,0,238,238,687,545.2560988330515,,,,,,,,,,,,,,,,,,,,,,,,,,,,,,,,,,,,,,,,,,,,,,,,,,,,,,,,,,,,,,,,,,,,,,,,,545.246966958046,545.2560988330515,545.9906246660394,545.9906246660394,545.9906246660394,546.0635441660415,546.0635441660415,546.0635441660415,547.0601819160511,period,1.792253499967046,None,547.0603210830013,547.0603756250348,None,,,,,,,,,,,,21040109,2,2026-04-21_12h21.40.188,tilt_mocs,2024.2.4,120.86223023056361,2026-04-21 12h21.51.014415 -0400,
4,15.0,,239,239,0,,,,,100,0,,,,,c+4,poss,0.75,period,0.05265224998584017,None,None,,,,,,,,,,,0,239,239,147,547.0714907080401,,,,,,,,,,,,,,,,,,,,,,,,,,,,,,,,,,,,,,,,,,,,,,,,,,,,,,,,,,,,,,,,,,,,,,,,,547.0627330410061,547.0714907080401,,,,,,,547.1260832080152,period,0.05265224998584017,None,547.1261835000478,547.1262273330358,None,,,,,,,,,,,,21040109,2,2026-04-21_12h21.40.188,tilt_mocs,2024.2.4,120.86223023056361,2026-04-21 12h21.51.014415 -0400,
2,15.0,,240,240,0,,,,,100,0,,,,,c+2,poss,1.0,z,1.9098029590095393,None,None,,,,,,,,,,,0,240,240,108,547.1366441660211,,,,,,,,,,,,,,,,,,,,,,,,,,,,,,,,,,,,,,,,,,,,,,,,,,,,,,,,,,,,,,,,,,,,,,,,,547.1281957500032,547.1366441660211,548.1239905830007,548.1239905830007,548.1239905830007,548.1969430000172,548.1969430000172,548.1969430000172,549.0576722500264,z,1.9098029590095393,None,549.0577785409987,549.0578221660107,None,,,,,,,,,,,,21040109,2,2026-04-21_12h21.40.188,tilt_mocs,2024.2.4,120.86223023056361,2026-04-21 12h21.51.014415 -0400,
-4,-15.0,,241,241,0,,,,,100,0,,,,,c-4,negs,1.0,period,3.983758750022389,None,None,,,,,,,,,,,0,241,241,359,549.0646542500472,,,,,,,,,,,,,,,,,,,,,,,,,,,,,,,,,,,,,,,,,,,,,,,,,,,,,,,,,,,,,,,,,,,,,,,,,549.0598580410006,549.0646542500472,550.050830541004,550.050830541004,550.050830541004,550.124819040997,550.124819040997,550.124819040997,553.0600777500076,period,3.983758750022389,None,553.0602013750467,553.0602547080489,None,,,,,,,,,,,,21040109,2,2026-04-21_12h21.40.188,tilt_mocs,2024.2.4,120.86223023056361,2026-04-21 12h21.51.014415 -0400,
0,0.0,,242,242,0,,,,,0,100,,,,,c+0,noss,1.25,period,1.9876011250307783,None,None,,,,,,,,,,,0,242,242,629,553.0709860830102,,,,,,,,,,,,,,,,,,,,,,,,,,,,,,,,,,,,,,,,,,,,,,,,,,,,,,,,,,,,,,,,,,,,,,,,,553.0623762910254,553.0709860830102,554.3076246250421,554.3076246250421,554.3076246250421,554.3807197500137,554.3807197500137,554.3807197500137,555.061829666025,period,1.9876011250307783,None,555.061977666046,555.0620346250362,None,,,,,,,,,,,,21040109,2,2026-04-21_12h21.40.188,tilt_mocs,2024.2.4,120.86223023056361,2026-04-21 12h21.51.014415 -0400,
-2,0.0,,243,243,0,,,,,0,100,,,,,c-2,noss,0.5,z,1.2097710840171203,None,None,,,,,,,,,,,0,243,243,552,555.0729782910203,,,,,,,,,,,,,,,,,,,,,,,,,,,,,,,,,,,,,,,,,,,,,,,,,,,,,,,,,,,,,,,,,,,,,,,,,555.0641660410329,555.0729782910203,555.5571105830022,555.5571105830022,555.5571105830022,555.6293292500195,555.6293292500195,555.6293292500195,556.293729958008,z,1.2097710840171203,None,556.2938510410022,556.2938936250284,None,,,,,,,,,,,,21040109,2,2026-04-21_12h21.40.188,tilt_mocs,2024.2.4,120.86223023056361,2026-04-21 12h21.51.014415 -0400,
-2,15.0,,244,244,0,,,,,100,0,,,,,c-2,poss,1.25,z,1.776924708043225,None,None,,,,,,,,,,,0,244,244,33,556.3044729160029,,,,,,,,,,,,,,,,,,,,,,,,,,,,,,,,,,,,,,,,,,,,,,,,,,,,,,,,,,,,,,,,,,,,,,,,,556.2958670410444,556.3044729160029,557.5411463750061,557.5411463750061,557.5411463750061,557.613165666,557.613165666,557.613165666,558.0938129160204,z,1.776924708043225,None,558.0939419580391,558.0939984580036,None,,,,,,,,,,,,21040109,2,2026-04-21_12h21.40.188,tilt_mocs,2024.2.4,120.86223023056361,2026-04-21 12h21.51.014415 -0400,
0,-15.0,,245,245,0,,,,,100,0,,,,,c+0,negs,0.5,period,1.0660715840058401,None,None,,,,,,,,,,,0,245,245,427,558.1047553750104,,,,,,,,,,,,,,,,,,,,,,,,,,,,,,,,,,,,,,,,,,,,,,,,,,,,,,,,,,,,,,,,,,,,,,,,,558.0961030830513,558.1047553750104,558.5909933330258,558.5909933330258,558.5909933330258,558.6634202080313,558.6634202080313,558.6634202080313,559.176773083047,period,1.0660715840058401,None,559.1768717500381,559.1769162080018,None,,,,,,,,,,,,21040109,2,2026-04-21_12h21.40.188,tilt_mocs,2024.2.4,120.86223023056361,2026-04-21 12h21.51.014415 -0400,
0,0.0,,246,246,0,,,,,0,100,,,,,c+0,noss,0.75,period,1.2802342909853905,None,None,,,,,,,,,,,0,246,246,603,559.1889746660017,,,,,,,,,,,,,,,,,,,,,,,,,,,,,,,,,,,,,,,,,,,,,,,,,,,,,,,,,,,,,,,,,,,,,,,,,559.1802638330264,559.1889746660017,559.9244010000257,559.9244010000257,559.9244010000257,559.9968484580168,559.9968484580168,559.9968484580168,560.4770138330059,period,1.2802342909853905,None,560.4771430410328,560.4771984160179,None,,,,,,,,,,,,21040109,2,2026-04-21_12h21.40.188,tilt_mocs,2024.2.4,120.86223023056361,2026-04-21 12h21.51.014415 -0400,
6,15.0,,247,247,0,,,,,100,0,,,,,c+6,poss,1.25,period,2.046674166980665,None,None,,,,,,,,,,,0,247,247,202,560.4883827500162,,,,,,,,,,,,,,,,,,,,,,,,,,,,,,,,,,,,,,,,,,,,,,,,,,,,,,,,,,,,,,,,,,,,,,,,,560.4797005000291,560.4883827500162,561.7236557910219,561.7236557910219,561.7236557910219,561.7964946660213,561.7964946660213,561.7964946660213,562.5443432910251,period,2.046674166980665,None,562.5444880000432,562.5445472910069,None,,,,,,,,,,,,21040109,2,2026-04-21_12h21.40.188,tilt_mocs,2024.2.4,120.86223023056361,2026-04-21 12h21.51.014415 -0400,
2,15.0,,248,248,0,,,,,100,0,,,,,c+2,poss,0.5,z,1.076218708010856,None,None,,,,,,,,,,,0,248,248,91,562.556277249998,,,,,,,,,,,,,,,,,,,,,,,,,,,,,,,,,,,,,,,,,,,,,,,,,,,,,,,,,,,,,,,,,,,,,,,,,562.5469539580517,562.556277249998,563.0412716250285,563.0412716250285,563.0412716250285,563.1149861660087,563.1149861660087,563.1149861660087,563.6440529579995,z,1.076218708010856,None,563.6442247910309,563.6442787080305,None,,,,,,,,,,,,21040109,2,2026-04-21_12h21.40.188,tilt_mocs,2024.2.4,120.86223023056361,2026-04-21 12h21.51.014415 -0400,
-6,-15.0,,249,249,0,,,,,100,0,,,,,c-6,negs,0.5,z,1.2933924589888193,None,None,,,,,,,,,,,0,249,249,300,563.6558276250144,,,,,,,,,,,,,,,,,,,,,,,,,,,,,,,,,,,,,,,,,,,,,,,,,,,,,,,,,,,,,,,,,,,,,,,,,563.6469772080309,563.6558276250144,564.1411770000122,564.1411770000122,564.1411770000122,564.2131071250187,564.2131071250187,564.2131071250187,564.9604990410153,z,1.2933924589888193,None,564.9606290410156,564.9606852500001,None,,,,,,,,,,,,21040109,2,2026-04-21_12h21.40.188,tilt_mocs,2024.2.4,120.86223023056361,2026-04-21 12h21.51.014415 -0400,
-4,0.0,,250,250,0,,,,,0,100,,,,,c-4,noss,1.25,z,1.6918909170199186,None,None,,,,,,,,,,,0,250,250,536,564.9720901660039,,,,,,,,,,,,,,,,,,,,,,,,,,,,,,,,,,,,,,,,,,,,,,,,,,,,,,,,,,,,,,,,,,,,,,,,,564.9631665410125,564.9720901660039,566.2079950410407,566.2079950410407,566.2079950410407,566.2799012080068,566.2799012080068,566.2799012080068,566.667183750018,z,1.6918909170199186,None,566.6673338750261,566.6673896660213,None,,,,,,,,,,,,21040109,2,2026-04-21_12h21.40.188,tilt_mocs,2024.2.4,120.86223023056361,2026-04-21 12h21.51.014415 -0400,
-2,15.0,,251,251,0,,,,,100,0,,,,,c-2,poss,0.75,z,1.3214772500214167,None,None,,,,,,,,,,,0,251,251,18,566.6774964160286,,,,,,,,,,,,,,,,,,,,,,,,,,,,,,,,,,,,,,,,,,,,,,,,,,,,,,,,,,,,,,,,,,,,,,,,,566.6694571250118,566.6774964160286,567.4172650410328,567.4172650410328,567.4172650410328,567.491917041014,567.491917041014,567.491917041014,568.0109348330298,z,1.3214772500214167,None,568.0110625000088,568.0111250000191,None,,,,,,,,,,,,21040109,2,2026-04-21_12h21.40.188,tilt_mocs,2024.2.4,120.86223023056361,2026-04-21 12h21.51.014415 -0400,
2,0.0,,252,252,0,,,,,0,100,,,,,c+2,noss,1.25,period,1.7542914579971693,None,None,,,,,,,,,,,0,252,252,670,568.0217612500419,,,,,,,,,,,,,,,,,,,,,,,,,,,,,,,,,,,,,,,,,,,,,,,,,,,,,,,,,,,,,,,,,,,,,,,,,568.0130975000211,568.0217612500419,569.2580989580019,569.2580989580019,569.2580989580019,569.3303679160308,569.3303679160308,569.3303679160308,569.7875827079988,period,1.7542914579971693,None,569.7876849159948,569.787730333046,None,,,,,,,,,,,,21040109,2,2026-04-21_12h21.40.188,tilt_mocs,2024.2.4,120.86223023056361,2026-04-21 12h21.51.014415 -0400,
2,-15.0,,253,253,0,,,,,100,0,,,,,c+2,negs,0.75,period,1.3313288330100477,None,None,,,,,,,,,,,0,253,253,483,569.7943537080428,,,,,,,,,,,,,,,,,,,,,,,,,,,,,,,,,,,,,,,,,,,,,,,,,,,,,,,,,,,,,,,,,,,,,,,,,569.7897019160446,569.7943537080428,570.5338346250355,570.5338346250355,570.5338346250355,570.6084001660347,570.6084001660347,570.6084001660347,571.1288950000308,period,1.3313288330100477,None,571.1290421660524,571.1290994580486,None,,,,,,,,,,,,21040109,2,2026-04-21_12h21.40.188,tilt_mocs,2024.2.4,120.86223023056361,2026-04-21 12h21.51.014415 -0400,
-2,0.0,,254,254,0,,,,,0,100,,,,,c-2,noss,1.0,z,1.4842987909796648,None,None,,,,,,,,,,,0,254,254,570,571.1408282080083,,,,,,,,,,,,,,,,,,,,,,,,,,,,,,,,,,,,,,,,,,,,,,,,,,,,,,,,,,,,,,,,,,,,,,,,,571.1317928750068,571.1408282080083,572.1240958750132,572.1240958750132,572.1240958750132,572.1976602910436,572.1976602910436,572.1976602910436,572.627869833028,z,1.4842987909796648,None,572.6280161660397,572.6280772080063,None,,,,,,,,,,,,21040109,2,2026-04-21_12h21.40.188,tilt_mocs,2024.2.4,120.86223023056361,2026-04-21 12h21.51.014415 -0400,
6,15.0,,255,255,0,,,,,100,0,,,,,c+6,poss,1.25,period,1.840289500018116,None,None,,,,,,,,,,,0,255,255,207,572.6393333330052,,,,,,,,,,,,,,,,,,,,,,,,,,,,,,,,,,,,,,,,,,,,,,,,,,,,,,,,,,,,,,,,,,,,,,,,,572.630503708031,572.6393333330052,573.8749810410081,573.8749810410081,573.8749810410081,573.947205125005,573.947205125005,573.947205125005,574.4843167910003,period,1.840289500018116,None,574.4844360410352,574.4844927910017,None,,,,,,,,,,,,21040109,2,2026-04-21_12h21.40.188,tilt_mocs,2024.2.4,120.86223023056361,2026-04-21 12h21.51.014415 -0400,
-4,0.0,,256,256,0,,,,,0,100,,,,,c-4,noss,1.0,z,1.5329163340502419,None,None,,,,,,,,,,,0,256,256,527,574.4951067910297,,,,,,,,,,,,,,,,,,,,,,,,,,,,,,,,,,,,,,,,,,,,,,,,,,,,,,,,,,,,,,,,,,,,,,,,,574.4869755000109,574.4951067910297,575.4843288330012,575.4843288330012,575.4843288330012,575.5589081250364,575.5589081250364,575.5589081250364,576.0342625000048,z,1.5329163340502419,None,576.0343969160458,576.0344524999964,None,,,,,,,,,,,,21040109,2,2026-04-21_12h21.40.188,tilt_mocs,2024.2.4,120.86223023056361,2026-04-21 12h21.51.014415 -0400,
2,0.0,,257,257,0,,,,,0,100,,,,,c+2,noss,1.0,period,1.4354471249971539,None,None,,,,,,,,,,,0,257,257,661,576.0448590830201,,,,,,,,,,,,,,,,,,,,,,,,,,,,,,,,,,,,,,,,,,,,,,,,,,,,,,,,,,,,,,,,,,,,,,,,,576.0365723750438,576.0448590830201,577.0344241660205,577.0344241660205,577.0344241660205,577.1088787500048,577.1088787500048,577.1088787500048,577.4836515830248,period,1.4354471249971539,None,577.4837484160089,577.4837915410171,None,,,,,,,,,,,,21040109,2,2026-04-21_12h21.40.188,tilt_mocs,2024.2.4,120.86223023056361,2026-04-21 12h21.51.014415 -0400,
2,0.0,,258,258,0,,,,,0,100,,,,,c+2,noss,0.5,z,1.2669904170325026,None,None,,,,,,,,,,,0,258,258,638,577.4945768330363,,,,,,,,,,,,,,,,,,,,,,,,,,,,,,,,,,,,,,,,,,,,,,,,,,,,,,,,,,,,,,,,,,,,,,,,,577.4857413750142,577.4945768330363,577.9850752500352,577.9850752500352,577.9850752500352,578.058938333008,578.058938333008,578.058938333008,578.7666185410344,z,1.2669904170325026,None,578.7667219580035,578.7667653330136,None,,,,,,,,,,,,21040109,2,2026-04-21_12h21.40.188,tilt_mocs,2024.2.4,120.86223023056361,2026-04-21 12h21.51.014415 -0400,
-2,15.0,,259,259,0,,,,,100,0,,,,,c-2,poss,0.75,period,2.1142363339895383,None,None,,,,,,,,,,,0,259,259,20,578.7777215000242,,,,,,,,,,,,,,,,,,,,,,,,,,,,,,,,,,,,,,,,,,,,,,,,,,,,,,,,,,,,,,,,,,,,,,,,,578.7687118330505,578.7777215000242,579.5187243330292,579.5187243330292,579.5187243330292,579.5923106660484,579.5923106660484,579.5923106660484,580.8944024160155,period,2.1142363339895383,None,580.8945302080247,580.8945846660063,None,,,,,,,,,,,,21040109,2,2026-04-21_12h21.40.188,tilt_mocs,2024.2.4,120.86223023056361,2026-04-21 12h21.51.014415 -0400,
8,15.0,,260,260,0,,,,,100,0,,,,,c+8,poss,1.0,period,1.6330681249964982,None,None,,,,,,,,,,,0,260,260,239,580.9053427080507,,,,,,,,,,,,,,,,,,,,,,,,,,,,,,,,,,,,,,,,,,,,,,,,,,,,,,,,,,,,,,,,,,,,,,,,,580.89674229105,580.9053427080507,581.8910357910208,581.8910357910208,581.8910357910208,581.963751333009,581.963751333009,581.963751333009,582.5442670829943,period,1.6330681249964982,None,582.5443687910447,582.5444127500523,None,,,,,,,,,,,,21040109,2,2026-04-21_12h21.40.188,tilt_mocs,2024.2.4,120.86223023056361,2026-04-21 12h21.51.014415 -0400,
-4,-15.0,,261,261,0,,,,,100,0,,,,,c-4,negs,0.5,z,1.0444389579934068,None,None,,,,,,,,,,,0,261,261,342,582.5550691660028,,,,,,,,,,,,,,,,,,,,,,,,,,,,,,,,,,,,,,,,,,,,,,,,,,,,,,,,,,,,,,,,,,,,,,,,,582.5463701660046,582.5550691660028,583.0419207080267,583.0419207080267,583.0419207080267,583.1138581660343,583.1138581660343,583.1138581660343,583.611672833038,z,1.0444389579934068,None,583.6117721660412,583.6118151660194,None,,,,,,,,,,,,21040109,2,2026-04-21_12h21.40.188,tilt_mocs,2024.2.4,120.86223023056361,2026-04-21 12h21.51.014415 -0400,
4,15.0,,262,262,0,,,,,100,0,,,,,c+4,poss,1.0,period,3.058529958012514,None,None,,,,,,,,,,,0,262,262,152,583.6255698750028,,,,,,,,,,,,,,,,,,,,,,,,,,,,,,,,,,,,,,,,,,,,,,,,,,,,,,,,,,,,,,,,,,,,,,,,,583.6137694580248,583.6255698750028,584.6086455410114,584.6086455410114,584.6086455410114,584.6805650830502,584.6805650830502,584.6805650830502,586.6950967910234,period,3.058529958012514,None,586.6952639580122,586.6953187910258,None,,,,,,,,,,,,21040109,2,2026-04-21_12h21.40.188,tilt_mocs,2024.2.4,120.86223023056361,2026-04-21 12h21.51.014415 -0400,
-2,15.0,,263,263,0,,,,,100,0,,,,,c-2,poss,0.75,period,2.2822692909976467,None,None,,,,,,,,,,,0,263,263,19,586.7049156660214,,,,,,,,,,,,,,,,,,,,,,,,,,,,,,,,,,,,,,,,,,,,,,,,,,,,,,,,,,,,,,,,,,,,,,,,,586.6973960410105,586.7049156660214,587.4420114580425,587.4420114580425,587.4420114580425,587.5139551250031,587.5139551250031,587.5139551250031,588.9949244580348,period,2.2822692909976467,None,588.9950859580422,588.9951391250361,None,,,,,,,,,,,,21040109,2,2026-04-21_12h21.40.188,tilt_mocs,2024.2.4,120.86223023056361,2026-04-21 12h21.51.014415 -0400,
-2,-15.0,,264,264,0,,,,,100,0,,,,,c-2,negs,1.25,period,2.2081463750218973,None,None,,,,,,,,,,,0,264,264,415,589.0071934580337,,,,,,,,,,,,,,,,,,,,,,,,,,,,,,,,,,,,,,,,,,,,,,,,,,,,,,,,,,,,,,,,,,,,,,,,,588.9978542909957,589.0071934580337,590.2421082080109,590.2421082080109,590.2421082080109,590.3141540830256,590.3141540830256,590.3141540830256,591.2179227500455,period,2.2081463750218973,None,591.21805283305,591.2181018750416,None,,,,,,,,,,,,21040109,2,2026-04-21_12h21.40.188,tilt_mocs,2024.2.4,120.86223023056361,2026-04-21 12h21.51.014415 -0400,
2,15.0,,265,265,0,,,,,100,0,,,,,c+2,poss,0.5,period,1.1711560420226306,None,None,,,,,,,,,,,0,265,265,86,591.2286825000192,,,,,,,,,,,,,,,,,,,,,,,,,,,,,,,,,,,,,,,,,,,,,,,,,,,,,,,,,,,,,,,,,,,,,,,,,591.220070875017,591.2286825000192,591.719070082996,591.719070082996,591.719070082996,591.7928002080298,591.7928002080298,591.7928002080298,592.4122146250447,period,1.1711560420226306,None,592.4123645829968,592.4124229580048,None,,,,,,,,,,,,21040109,2,2026-04-21_12h21.40.188,tilt_mocs,2024.2.4,120.86223023056361,2026-04-21 12h21.51.014415 -0400,
2,-15.0,,266,266,0,,,,,100,0,,,,,c+2,negs,0.5,period,0.9974949169554748,None,None,,,,,,,,,,,0,266,266,472,592.42383337504,,,,,,,,,,,,,,,,,,,,,,,,,,,,,,,,,,,,,,,,,,,,,,,,,,,,,,,,,,,,,,,,,,,,,,,,,592.4149127080454,592.42383337504,592.9089922910207,592.9089922910207,592.9089922910207,592.9810862910235,592.9810862910235,592.9810862910235,593.4285018750234,period,0.9974949169554748,None,593.4286282079993,593.4286841660505,None,,,,,,,,,,,,21040109,2,2026-04-21_12h21.40.188,tilt_mocs,2024.2.4,120.86223023056361,2026-04-21 12h21.51.014415 -0400,
2,-15.0,,267,267,0,,,,,100,0,,,,,c+2,negs,0.5,period,0.9904284590156749,None,None,,,,,,,,,,,0,267,267,462,593.4391702080029,,,,,,,,,,,,,,,,,,,,,,,,,,,,,,,,,,,,,,,,,,,,,,,,,,,,,,,,,,,,,,,,,,,,,,,,,593.4307585830102,593.4391702080029,593.9255571660469,593.9255571660469,593.9255571660469,593.998643583036,593.998643583036,593.998643583036,594.4349052500329,period,0.9904284590156749,None,594.4350070410292,594.4350498330314,None,,,,,,,,,,,,21040109,2,2026-04-21_12h21.40.188,tilt_mocs,2024.2.4,120.86223023056361,2026-04-21 12h21.51.014415 -0400,
-2,-15.0,,268,268,0,,,,,100,0,,,,,c-2,negs,1.25,period,1.7495460829813965,None,None,,,,,,,,,,,0,268,268,411,594.4453503330005,,,,,,,,,,,,,,,,,,,,,,,,,,,,,,,,,,,,,,,,,,,,,,,,,,,,,,,,,,,,,,,,,,,,,,,,,594.4370077910135,594.4453503330005,595.6845492499997,595.6845492499997,595.6845492499997,595.7595220410149,595.7595220410149,595.7595220410149,596.1994430409977,period,1.7495460829813965,None,596.1995428749942,596.1995851250249,None,,,,,,,,,,,,21040109,2,2026-04-21_12h21.40.188,tilt_mocs,2024.2.4,120.86223023056361,2026-04-21 12h21.51.014415 -0400,
6,15.0,,269,269,0,,,,,100,0,,,,,c+6,poss,1.0,period,1.6950114999781363,None,None,,,,,,,,,,,0,269,269,193,596.2258935410064,,,,,,,,,,,,,,,,,,,,,,,,,,,,,,,,,,,,,,,,,,,,,,,,,,,,,,,,,,,,,,,,,,,,,,,,,596.2015130410437,596.2258935410064,597.1924522910267,597.1924522910267,597.1924522910267,597.2646331250435,597.2646331250435,597.2646331250435,597.9285164580215,period,1.6950114999781363,None,597.9286220000358,597.9286669580033,None,,,,,,,,,,,,21040109,2,2026-04-21_12h21.40.188,tilt_mocs,2024.2.4,120.86223023056361,2026-04-21 12h21.51.014415 -0400,
2,15.0,,270,270,0,,,,,100,0,,,,,c+2,poss,0.75,z,3.197268082993105,None,None,,,,,,,,,,,0,270,270,96,597.9393020000425,,,,,,,,,,,,,,,,,,,,,,,,,,,,,,,,,,,,,,,,,,,,,,,,,,,,,,,,,,,,,,,,,,,,,,,,,597.930621208041,597.9393020000425,598.6762600830407,598.6762600830407,598.6762600830407,598.7476766250329,598.7476766250329,598.7476766250329,601.1459569580038,z,3.197268082993105,None,601.1461377080414,601.1462003750494,None,,,,,,,,,,,,21040109,2,2026-04-21_12h21.40.188,tilt_mocs,2024.2.4,120.86223023056361,2026-04-21 12h21.51.014415 -0400,
-2,-15.0,,271,271,0,,,,,100,0,,,,,c-2,negs,1.25,period,1.718780166003853,None,None,,,,,,,,,,,0,271,271,418,601.1581451660022,,,,,,,,,,,,,,,,,,,,,,,,,,,,,,,,,,,,,,,,,,,,,,,,,,,,,,,,,,,,,,,,,,,,,,,,,601.1491262080381,601.1581451660022,602.3917500000098,602.3917500000098,602.3917500000098,602.4655693750246,602.4655693750246,602.4655693750246,602.879694125033,period,1.718780166003853,None,602.8798719580518,602.8799343749997,None,,,,,,,,,,,,21040109,2,2026-04-21_12h21.40.188,tilt_mocs,2024.2.4,120.86223023056361,2026-04-21 12h21.51.014415 -0400,
-2,15.0,,272,272,0,,,,,100,0,,,,,c-2,poss,1.0,period,1.408665084047243,None,None,,,,,,,,,,,0,272,272,27,602.8912831660127,,,,,,,,,,,,,,,,,,,,,,,,,,,,,,,,,,,,,,,,,,,,,,,,,,,,,,,,,,,,,,,,,,,,,,,,,602.8826030000346,602.8912831660127,603.875124208047,603.875124208047,603.875124208047,603.9489004579955,603.9489004579955,603.9489004579955,604.3025612080237,period,1.408665084047243,None,604.3026921660057,604.3027486250503,None,,,,,,,,,,,,21040109,2,2026-04-21_12h21.40.188,tilt_mocs,2024.2.4,120.86223023056361,2026-04-21 12h21.51.014415 -0400,
-6,-15.0,,273,273,0,,,,,100,0,,,,,c-6,negs,1.25,period,2.214072875038255,None,None,,,,,,,,,,,0,273,273,332,604.3131337080267,,,,,,,,,,,,,,,,,,,,,,,,,,,,,,,,,,,,,,,,,,,,,,,,,,,,,,,,,,,,,,,,,,,,,,,,,604.3050452080206,604.3131337080267,605.5529400410014,605.5529400410014,605.5529400410014,605.6265911250375,605.6265911250375,605.6265911250375,606.5306686660042,period,2.214072875038255,None,606.5309227910475,606.5310002080514,None,,,,,,,,,,,,21040109,2,2026-04-21_12h21.40.188,tilt_mocs,2024.2.4,120.86223023056361,2026-04-21 12h21.51.014415 -0400,
-8,-15.0,,274,274,0,,,,,100,0,,,,,c-8,negs,0.75,z,1.5669690409558825,None,None,,,,,,,,,,,0,274,274,268,606.5429635000182,,,,,,,,,,,,,,,,,,,,,,,,,,,,,,,,,,,,,,,,,,,,,,,,,,,,,,,,,,,,,,,,,,,,,,,,,606.5338140830281,606.5429635000182,607.2761335830437,607.2761335830437,607.2761335830437,607.3481677499949,607.3481677499949,607.3481677499949,608.1128422080074,z,1.5669690409558825,None,608.1129945000284,608.1130500410218,None,,,,,,,,,,,,21040109,2,2026-04-21_12h21.40.188,tilt_mocs,2024.2.4,120.86223023056361,2026-04-21 12h21.51.014415 -0400,
4,0.0,,275,275,0,,,,,0,100,,,,,c+4,noss,0.75,period,1.3933653749991208,None,None,,,,,,,,,,,0,275,275,684,608.1240937500261,,,,,,,,,,,,,,,,,,,,,,,,,,,,,,,,,,,,,,,,,,,,,,,,,,,,,,,,,,,,,,,,,,,,,,,,,608.1151852500043,608.1240937500261,608.8595089160372,608.8595089160372,608.8595089160372,608.9317240000237,608.9317240000237,608.9317240000237,609.5294097080478,period,1.3933653749991208,None,609.5295516250189,609.5296092909994,None,,,,,,,,,,,,21040109,2,2026-04-21_12h21.40.188,tilt_mocs,2024.2.4,120.86223023056361,2026-04-21 12h21.51.014415 -0400,
-4,-15.0,,276,276,0,,,,,100,0,,,,,c-4,negs,0.75,period,1.359103332972154,None,None,,,,,,,,,,,0,276,276,349,609.5410759579972,,,,,,,,,,,,,,,,,,,,,,,,,,,,,,,,,,,,,,,,,,,,,,,,,,,,,,,,,,,,,,,,,,,,,,,,,609.5319578750059,609.5410759579972,610.2761947910185,610.2761947910185,610.2761947910185,610.3484677080414,610.3484677080414,610.3484677080414,610.9277267910074,period,1.359103332972154,None,610.9278591250186,610.927914791042,None,,,,,,,,,,,,21040109,2,2026-04-21_12h21.40.188,tilt_mocs,2024.2.4,120.86223023056361,2026-04-21 12h21.51.014415 -0400,
4,15.0,,277,277,0,,,,,100,0,,,,,c+4,poss,1.25,z,1.9540077910060063,None,None,,,,,,,,,,,0,277,277,166,610.9436211660504,,,,,,,,,,,,,,,,,,,,,,,,,,,,,,,,,,,,,,,,,,,,,,,,,,,,,,,,,,,,,,,,,,,,,,,,,610.9299589160364,610.9436211660504,612.175648250035,612.175648250035,612.175648250035,612.248023083026,612.248023083026,612.248023083026,612.9009512080229,z,1.9540077910060063,None,612.9010627910029,612.9011042910279,None,,,,,,,,,,,,21040109,2,2026-04-21_12h21.40.188,tilt_mocs,2024.2.4,120.86223023056361,2026-04-21 12h21.51.014415 -0400,
-8,-15.0,,278,278,0,,,,,100,0,,,,,c-8,negs,0.75,period,1.397653249965515,None,None,,,,,,,,,,,0,278,278,272,612.9120626660297,,,,,,,,,,,,,,,,,,,,,,,,,,,,,,,,,,,,,,,,,,,,,,,,,,,,,,,,,,,,,,,,,,,,,,,,,612.903082875011,612.9120626660297,613.6534502080176,613.6534502080176,613.6534502080176,613.7269593329984,613.7269593329984,613.7269593329984,614.312605041021,period,1.397653249965515,None,614.3127154580434,614.312759916007,None,,,,,,,,,,,,21040109,2,2026-04-21_12h21.40.188,tilt_mocs,2024.2.4,120.86223023056361,2026-04-21 12h21.51.014415 -0400,
-4,-15.0,,279,279,0,,,,,100,0,,,,,c-4,negs,1.0,period,1.9430212500155903,None,None,,,,,,,,,,,0,279,279,362,614.3236012910493,,,,,,,,,,,,,,,,,,,,,,,,,,,,,,,,,,,,,,,,,,,,,,,,,,,,,,,,,,,,,,,,,,,,,,,,,614.3147457080195,614.3236012910493,615.3096537910169,615.3096537910169,615.3096537910169,615.3819196250406,615.3819196250406,615.3819196250406,616.2944242079975,period,1.9430212500155903,None,616.2945497910259,616.2946057080408,None,,,,,,,,,,,,21040109,2,2026-04-21_12h21.40.188,tilt_mocs,2024.2.4,120.86223023056361,2026-04-21 12h21.51.014415 -0400,
0,15.0,,280,280,0,,,,,100,0,,,,,c+0,poss,1.0,period,1.89020237501245,None,None,,,,,,,,,,,0,280,280,68,616.310193375044,,,,,,,,,,,,,,,,,,,,,,,,,,,,,,,,,,,,,,,,,,,,,,,,,,,,,,,,,,,,,,,,,,,,,,,,,616.2966908750241,616.310193375044,617.2863226250047,617.2863226250047,617.2863226250047,617.3603124580113,617.3603124580113,617.3603124580113,618.2128029580344,period,1.89020237501245,None,618.2129405830055,618.212995000009,None,,,,,,,,,,,,21040109,2,2026-04-21_12h21.40.188,tilt_mocs,2024.2.4,120.86223023056361,2026-04-21 12h21.51.014415 -0400,
2,15.0,,281,281,0,,,,,100,0,,,,,c+2,poss,1.0,z,4.796965165995061,None,None,,,,,,,,,,,0,281,281,106,618.2245532500092,,,,,,,,,,,,,,,,,,,,,,,,,,,,,,,,,,,,,,,,,,,,,,,,,,,,,,,,,,,,,,,,,,,,,,,,,618.2155656660325,618.2245532500092,619.209922625043,619.209922625043,619.209922625043,619.2821573750116,619.2821573750116,619.2821573750116,623.0299182080198,z,4.796965165995061,None,623.0300782080158,623.0301389580127,None,,,,,,,,,,,,21040109,2,2026-04-21_12h21.40.188,tilt_mocs,2024.2.4,120.86223023056361,2026-04-21 12h21.51.014415 -0400,
4,0.0,,282,282,0,,,,,0,100,,,,,c+4,noss,0.5,period,1.1272782500018366,None,None,,,,,,,,,,,0,282,282,678,623.0420898330049,,,,,,,,,,,,,,,,,,,,,,,,,,,,,,,,,,,,,,,,,,,,,,,,,,,,,,,,,,,,,,,,,,,,,,,,,623.0331635409966,623.0420898330049,623.5266230830457,623.5266230830457,623.5266230830457,623.5988154160441,623.5988154160441,623.5988154160441,624.1799686659942,period,1.1272782500018366,None,624.1801164580393,624.1801767910365,None,,,,,,,,,,,,21040109,2,2026-04-21_12h21.40.188,tilt_mocs,2024.2.4,120.86223023056361,2026-04-21 12h21.51.014415 -0400,
2,15.0,,283,283,0,,,,,100,0,,,,,c+2,poss,0.75,z,1.368534584005829,None,None,,,,,,,,,,,0,283,283,103,624.1916061250377,,,,,,,,,,,,,,,,,,,,,,,,,,,,,,,,,,,,,,,,,,,,,,,,,,,,,,,,,,,,,,,,,,,,,,,,,624.1824909580173,624.1916061250377,624.9266998330131,624.9266998330131,624.9266998330131,624.9987057500402,624.9987057500402,624.9987057500402,625.5627909160103,z,1.368534584005829,None,625.5629685000167,625.5630216250429,None,,,,,,,,,,,,21040109,2,2026-04-21_12h21.40.188,tilt_mocs,2024.2.4,120.86223023056361,2026-04-21 12h21.51.014415 -0400,
-2,0.0,,284,284,0,,,,,0,100,,,,,c-2,noss,1.0,z,1.642530292039737,None,None,,,,,,,,,,,0,284,284,568,625.574056750047,,,,,,,,,,,,,,,,,,,,,,,,,,,,,,,,,,,,,,,,,,,,,,,,,,,,,,,,,,,,,,,,,,,,,,,,,625.565655500046,625.574056750047,626.5606040410348,626.5606040410348,626.5606040410348,626.632348166022,626.632348166022,626.632348166022,627.2190900000278,z,1.642530292039737,None,627.2192187500186,627.2192730830284,None,,,,,,,,,,,,21040109,2,2026-04-21_12h21.40.188,tilt_mocs,2024.2.4,120.86223023056361,2026-04-21 12h21.51.014415 -0400,
0,0.0,,285,285,0,,,,,0,100,,,,,c+0,noss,0.75,period,1.7880222499952652,None,None,,,,,,,,,,,0,285,285,609,627.2300867080339,,,,,,,,,,,,,,,,,,,,,,,,,,,,,,,,,,,,,,,,,,,,,,,,,,,,,,,,,,,,,,,,,,,,,,,,,627.2217383329989,627.2300867080339,627.9689672500244,627.9689672500244,627.9689672500244,628.0441027500201,628.0441027500201,628.0441027500201,629.0297154160216,period,1.7880222499952652,None,629.0299729160033,629.0300687910058,None,,,,,,,,,,,,21040109,2,2026-04-21_12h21.40.188,tilt_mocs,2024.2.4,120.86223023056361,2026-04-21 12h21.51.014415 -0400,
-4,0.0,,286,286,0,,,,,0,100,,,,,c-4,noss,0.5,z,2.3087107919855043,None,None,,,,,,,,,,,0,286,286,514,629.041728500044,,,,,,,,,,,,,,,,,,,,,,,,,,,,,,,,,,,,,,,,,,,,,,,,,,,,,,,,,,,,,,,,,,,,,,,,,629.0325749580516,629.041728500044,629.529748333036,629.529748333036,629.529748333036,629.5989787500002,629.5989787500002,629.5989787500002,631.352975958027,z,2.3087107919855043,None,631.3531087080482,631.3531633330276,None,,,,,,,,,,,,21040109,2,2026-04-21_12h21.40.188,tilt_mocs,2024.2.4,120.86223023056361,2026-04-21 12h21.51.014415 -0400,
4,15.0,,287,287,0,,,,,100,0,,,,,c+4,poss,1.25,z,2.1806754170102067,None,None,,,,,,,,,,,0,287,287,161,631.3635382500361,,,,,,,,,,,,,,,,,,,,,,,,,,,,,,,,,,,,,,,,,,,,,,,,,,,,,,,,,,,,,,,,,,,,,,,,,631.3553485410521,631.3635382500361,632.6036845830386,632.6036845830386,632.6036845830386,632.6776521660504,632.6776521660504,632.6776521660504,633.5469915830181,z,2.1806754170102067,None,633.5471468750038,633.5472059160238,None,,,,,,,,,,,,21040109,2,2026-04-21_12h21.40.188,tilt_mocs,2024.2.4,120.86223023056361,2026-04-21 12h21.51.014415 -0400,
8,15.0,,288,288,0,,,,,100,0,,,,,c+8,poss,0.5,period,3.639853500004392,None,None,,,,,,,,,,,0,288,288,214,633.5592618330265,,,,,,,,,,,,,,,,,,,,,,,,,,,,,,,,,,,,,,,,,,,,,,,,,,,,,,,,,,,,,,,,,,,,,,,,,633.5499196660239,633.5592618330265,634.0437622910249,634.0437622910249,634.0437622910249,634.1167727500433,634.1167727500433,634.1167727500433,637.2017104999977,period,3.639853500004392,None,637.2018087500473,637.2018520410056,None,,,,,,,,,,,,21040109,2,2026-04-21_12h21.40.188,tilt_mocs,2024.2.4,120.86223023056361,2026-04-21 12h21.51.014415 -0400,
-4,0.0,,289,289,0,,,,,0,100,,,,,c-4,noss,0.75,z,1.3511267089634202,None,None,,,,,,,,,,,0,289,289,519,637.2128552500508,,,,,,,,,,,,,,,,,,,,,,,,,,,,,,,,,,,,,,,,,,,,,,,,,,,,,,,,,,,,,,,,,,,,,,,,,637.2038497080212,637.2128552500508,637.9535904580262,637.9535904580262,637.9535904580262,638.0276904160273,638.0276904160273,638.0276904160273,638.5692920830334,z,1.3511267089634202,None,638.5694197500125,638.5694759160397,None,,,,,,,,,,,,21040109,2,2026-04-21_12h21.40.188,tilt_mocs,2024.2.4,120.86223023056361,2026-04-21 12h21.51.014415 -0400,
0,-15.0,,290,290,0,,,,,100,0,,,,,c+0,negs,1.25,z,1.947506207972765,None,None,,,,,,,,,,,0,290,290,457,638.5801072909962,,,,,,,,,,,,,,,,,,,,,,,,,,,,,,,,,,,,,,,,,,,,,,,,,,,,,,,,,,,,,,,,,,,,,,,,,638.5716137500131,638.5801072909962,639.8195784160052,639.8195784160052,639.8195784160052,639.8943760830443,639.8943760830443,639.8943760830443,640.5305891660391,z,1.947506207972765,None,640.5307319580461,640.5307860830217,None,,,,,,,,,,,,21040109,2,2026-04-21_12h21.40.188,tilt_mocs,2024.2.4,120.86223023056361,2026-04-21 12h21.51.014415 -0400,
-2,-15.0,,291,291,0,,,,,100,0,,,,,c-2,negs,1.0,period,0.14248300000326708,None,None,,,,,,,,,,,0,291,291,401,640.5418037500349,,,,,,,,,,,,,,,,,,,,,,,,,,,,,,,,,,,,,,,,,,,,,,,,,,,,,,,,,,,,,,,,,,,,,,,,,640.5329488330171,640.5418037500349,,,,,,,640.6872534160502,period,0.14248300000326708,None,640.6874842080288,640.6875846250332,None,,,,,,,,,,,,21040109,2,2026-04-21_12h21.40.188,tilt_mocs,2024.2.4,120.86223023056361,2026-04-21 12h21.51.014415 -0400,
-2,15.0,,292,292,0,,,,,100,0,,,,,c-2,poss,0.5,period,1.9492172920145094,None,None,,,,,,,,,,,0,292,292,3,640.6979632080183,,,,,,,,,,,,,,,,,,,,,,,,,,,,,,,,,,,,,,,,,,,,,,,,,,,,,,,,,,,,,,,,,,,,,,,,,640.6900182910031,640.6979632080183,641.1861240410362,641.1861240410362,641.1861240410362,641.2611078750342,641.2611078750342,641.2611078750342,642.6529174160096,period,1.9492172920145094,None,642.653068708023,642.6531187910005,None,,,,,,,,,,,,21040109,2,2026-04-21_12h21.40.188,tilt_mocs,2024.2.4,120.86223023056361,2026-04-21 12h21.51.014415 -0400,
-4,-15.0,,293,293,0,,,,,100,0,,,,,c-4,negs,0.5,z,3.430640749982558,None,None,,,,,,,,,,,0,293,293,336,642.6642680829973,,,,,,,,,,,,,,,,,,,,,,,,,,,,,,,,,,,,,,,,,,,,,,,,,,,,,,,,,,,,,,,,,,,,,,,,,642.6557547080447,642.6642680829973,643.1534744999954,643.1534744999954,643.1534744999954,643.2276770410244,643.2276770410244,643.2276770410244,646.0975825000205,z,3.430640749982558,None,646.097736833035,646.0977979580057,None,,,,,,,,,,,,21040109,2,2026-04-21_12h21.40.188,tilt_mocs,2024.2.4,120.86223023056361,2026-04-21 12h21.51.014415 -0400,
6,15.0,,294,294,0,,,,,100,0,,,,,c+6,poss,0.75,z,1.4101900000241585,None,None,,,,,,,,,,,0,294,294,184,646.1091862080502,,,,,,,,,,,,,,,,,,,,,,,,,,,,,,,,,,,,,,,,,,,,,,,,,,,,,,,,,,,,,,,,,,,,,,,,,646.1002783330041,646.1091862080502,646.8433108330355,646.8433108330355,646.8433108330355,646.9160574160051,646.9160574160051,646.9160574160051,647.5302559999982,z,1.4101900000241585,None,647.5303854999947,647.5304413330159,None,,,,,,,,,,,,21040109,2,2026-04-21_12h21.40.188,tilt_mocs,2024.2.4,120.86223023056361,2026-04-21 12h21.51.014415 -0400,
2,-15.0,,295,295,0,,,,,100,0,,,,,c+2,negs,0.5,period,1.1594730410142802,None,None,,,,,,,,,,,0,295,295,470,647.5418285000487,,,,,,,,,,,,,,,,,,,,,,,,,,,,,,,,,,,,,,,,,,,,,,,,,,,,,,,,,,,,,,,,,,,,,,,,,647.533016500005,647.5418285000487,648.0275889580371,648.0275889580371,648.0275889580371,648.1015044579981,648.1015044579981,648.1015044579981,648.7141032080399,period,1.1594730410142802,None,648.7142497500172,648.7143077500514,None,,,,,,,,,,,,21040109,2,2026-04-21_12h21.40.188,tilt_mocs,2024.2.4,120.86223023056361,2026-04-21 12h21.51.014415 -0400,
-2,-15.0,,296,296,0,,,,,100,0,,,,,c-2,negs,1.0,period,1.5712723329779692,None,None,,,,,,,,,,,0,296,296,402,648.7256965410197,,,,,,,,,,,,,,,,,,,,,,,,,,,,,,,,,,,,,,,,,,,,,,,,,,,,,,,,,,,,,,,,,,,,,,,,,648.7165323750232,648.7256965410197,649.7101353330072,649.7101353330072,649.7101353330072,649.7830291660503,649.7830291660503,649.7830291660503,650.3025024160161,period,1.5712723329779692,None,650.3026019580429,650.3026463330025,None,,,,,,,,,,,,21040109,2,2026-04-21_12h21.40.188,tilt_mocs,2024.2.4,120.86223023056361,2026-04-21 12h21.51.014415 -0400,
-2,15.0,,297,297,0,,,,,100,0,,,,,c-2,poss,0.75,z,1.203670124989003,None,None,,,,,,,,,,,0,297,297,13,650.3137566250516,,,,,,,,,,,,,,,,,,,,,,,,,,,,,,,,,,,,,,,,,,,,,,,,,,,,,,,,,,,,,,,,,,,,,,,,,650.3046691250056,650.3137566250516,651.0537363750045,651.0537363750045,651.0537363750045,651.1281904579955,651.1281904579955,651.1281904579955,651.520185958012,z,1.203670124989003,None,651.5203049160191,651.520357875037,None,,,,,,,,,,,,21040109,2,2026-04-21_12h21.40.188,tilt_mocs,2024.2.4,120.86223023056361,2026-04-21 12h21.51.014415 -0400,
2,-15.0,,298,298,0,,,,,100,0,,,,,c+2,negs,1.25,period,1.8161027919850312,None,None,,,,,,,,,,,0,298,298,495,651.5309072080418,,,,,,,,,,,,,,,,,,,,,,,,,,,,,,,,,,,,,,,,,,,,,,,,,,,,,,,,,,,,,,,,,,,,,,,,,651.522529458045,651.5309072080418,652.7709897500463,652.7709897500463,652.7709897500463,652.8448656250257,652.8448656250257,652.8448656250257,653.3525293330313,period,1.8161027919850312,None,653.3526467910269,653.3527011660044,None,,,,,,,,,,,,21040109,2,2026-04-21_12h21.40.188,tilt_mocs,2024.2.4,120.86223023056361,2026-04-21 12h21.51.014415 -0400,
8,15.0,,299,299,0,,,,,100,0,,,,,c+8,poss,1.25,period,0.06822354200994596,None,None,,,,,,,,,,,0,299,299,244,653.3636730830185,,,,,,,,,,,,,,,,,,,,,,,,,,,,,,,,,,,,,,,,,,,,,,,,,,,,,,,,,,,,,,,,,,,,,,,,,653.354739375005,653.3636730830185,,,,,,,653.4354623330291,period,0.06822354200994596,None,653.4355851660366,653.4356432910427,None,,,,,,,,,,,,21040109,2,2026-04-21_12h21.40.188,tilt_mocs,2024.2.4,120.86223023056361,2026-04-21 12h21.51.014415 -0400,
0,-15.0,,300,300,0,,,,,100,0,,,,,c+0,negs,1.25,z,1.559898833045736,None,space,14.34555900003761,None,,,,,,,,,0,300,300,459,653.4472298750188,,,,,,,,,,,,,,,,,,,,,,,,,,,,,,,,,,,,,,,,,,,,,,,,,,,,,,,,,,,,,,,,,,,,,,,,,653.4377446250292,653.4472298750188,654.6880310830311,654.6880310830311,654.6880310830311,654.7617062909994,654.7617062909994,654.7617062909994,655.0139285410405,z,1.559898833045736,None,655.0140571250231,669.3711886660312,space,655.0231128330342,655.0231128330342,14.34555900003761,None,,,,,,,,21040109,2,2026-04-21_12h21.40.188,tilt_mocs,2024.2.4,120.86223023056361,2026-04-21 12h21.51.014415 -0400,
2,-15.0,,301,301,0,,,,,100,0,,,,,c+2,negs,0.75,period,2.0592522499500774,None,None,,,,,,,,,,,0,301,301,473,669.3815124160028,,,,,,,,,,,,,,,,,,,,,,,,,,,,,,,,,,,,,,,,,,,,,,,,,,,,,,,,,,,,,,,,,,,,,,,,,669.3732776660472,669.3815124160028,670.1216696660267,670.1216696660267,670.1216696660267,670.1957845410216,670.1957845410216,670.1957845410216,671.4477521250374,period,2.0592522499500774,None,671.4478828330175,671.4479372909991,None,,,,,,,,,,,,21040109,2,2026-04-21_12h21.40.188,tilt_mocs,2024.2.4,120.86223023056361,2026-04-21 12h21.51.014415 -0400,
2,-15.0,,302,302,0,,,,,100,0,,,,,c+2,negs,0.5,period,1.0007778340368532,None,None,,,,,,,,,,,0,302,302,467,671.4586053329986,,,,,,,,,,,,,,,,,,,,,,,,,,,,,,,,,,,,,,,,,,,,,,,,,,,,,,,,,,,,,,,,,,,,,,,,,671.4500284160022,671.4586053329986,671.9450936660287,671.9450936660287,671.9450936660287,672.017941750004,672.017941750004,672.017941750004,672.464557875006,period,1.0007778340368532,None,672.464686833031,672.4647413750063,None,,,,,,,,,,,,21040109,2,2026-04-21_12h21.40.188,tilt_mocs,2024.2.4,120.86223023056361,2026-04-21 12h21.51.014415 -0400,
0,0.0,,303,303,0,,,,,0,100,,,,,c+0,noss,0.5,z,1.3815434579737484,None,None,,,,,,,,,,,0,303,303,591,672.4760427910369,,,,,,,,,,,,,,,,,,,,,,,,,,,,,,,,,,,,,,,,,,,,,,,,,,,,,,,,,,,,,,,,,,,,,,,,,672.4672406250029,672.4760427910369,672.9617587500252,672.9617587500252,672.9617587500252,673.0342083330033,673.0342083330033,673.0342083330033,673.8647840410122,z,1.3815434579737484,None,673.8649531250121,673.8651293330477,None,,,,,,,,,,,,21040109,2,2026-04-21_12h21.40.188,tilt_mocs,2024.2.4,120.86223023056361,2026-04-21 12h21.51.014415 -0400,
-2,-15.0,,304,304,0,,,,,100,0,,,,,c-2,negs,0.75,period,1.1411340000340715,None,None,,,,,,,,,,,0,304,304,392,673.876616374997,,,,,,,,,,,,,,,,,,,,,,,,,,,,,,,,,,,,,,,,,,,,,,,,,,,,,,,,,,,,,,,,,,,,,,,,,673.8677274160436,673.876616374997,674.611750791024,674.611750791024,674.611750791024,674.684752250032,674.684752250032,674.684752250032,675.0203327910276,period,1.1411340000340715,None,675.0204635410337,675.0205181250349,None,,,,,,,,,,,,21040109,2,2026-04-21_12h21.40.188,tilt_mocs,2024.2.4,120.86223023056361,2026-04-21 12h21.51.014415 -0400,
-8,-15.0,,305,305,0,,,,,100,0,,,,,c-8,negs,1.0,z,1.6544665829860605,None,None,,,,,,,,,,,0,305,305,278,675.0314721660106,,,,,,,,,,,,,,,,,,,,,,,,,,,,,,,,,,,,,,,,,,,,,,,,,,,,,,,,,,,,,,,,,,,,,,,,,675.0225845830282,675.0314721660106,676.021308416035,676.021308416035,676.021308416035,676.0996495410218,676.0996495410218,676.0996495410218,676.6980692500365,z,1.6544665829860605,None,676.6983380830497,676.6984405830153,None,,,,,,,,,,,,21040109,2,2026-04-21_12h21.40.188,tilt_mocs,2024.2.4,120.86223023056361,2026-04-21 12h21.51.014415 -0400,
0,0.0,,306,306,0,,,,,0,100,,,,,c+0,noss,0.75,period,1.2799806249677204,None,None,,,,,,,,,,,0,306,306,601,676.7098722500377,,,,,,,,,,,,,,,,,,,,,,,,,,,,,,,,,,,,,,,,,,,,,,,,,,,,,,,,,,,,,,,,,,,,,,,,,676.7009049580083,676.7098722500377,677.4452710830374,677.4452710830374,677.4452710830374,677.5168316250201,677.5168316250201,677.5168316250201,677.9985195409972,period,1.2799806249677204,None,677.9986691660015,677.9987295830506,None,,,,,,,,,,,,21040109,2,2026-04-21_12h21.40.188,tilt_mocs,2024.2.4,120.86223023056361,2026-04-21 12h21.51.014415 -0400,
-4,-15.0,,307,307,0,,,,,100,0,,,,,c-4,negs,0.75,period,1.3460082079982385,None,None,,,,,,,,,,,0,307,307,351,678.0104717080249,,,,,,,,,,,,,,,,,,,,,,,,,,,,,,,,,,,,,,,,,,,,,,,,,,,,,,,,,,,,,,,,,,,,,,,,,678.0012901250157,678.0104717080249,678.7453267080127,678.7453267080127,678.7453267080127,678.8172854160075,678.8172854160075,678.8172854160075,679.3651735410094,period,1.3460082079982385,None,679.36532279104,679.3653817080194,None,,,,,,,,,,,,21040109,2,2026-04-21_12h21.40.188,tilt_mocs,2024.2.4,120.86223023056361,2026-04-21 12h21.51.014415 -0400,
2,15.0,,308,308,0,,,,,100,0,,,,,c+2,poss,0.75,z,1.2308963329996914,None,None,,,,,,,,,,,0,308,308,105,679.3766959580244,,,,,,,,,,,,,,,,,,,,,,,,,,,,,,,,,,,,,,,,,,,,,,,,,,,,,,,,,,,,,,,,,,,,,,,,,679.3676410000189,679.3766959580244,680.1119466660311,680.1119466660311,680.1119466660311,680.1842569160508,680.1842569160508,680.1842569160508,680.6146784580196,z,1.2308963329996914,None,680.6148079160484,680.614866916032,None,,,,,,,,,,,,21040109,2,2026-04-21_12h21.40.188,tilt_mocs,2024.2.4,120.86223023056361,2026-04-21 12h21.51.014415 -0400,
-4,-15.0,,309,309,0,,,,,100,0,,,,,c-4,negs,0.5,period,1.1220277920365334,None,None,,,,,,,,,,,0,309,309,346,680.6260636250372,,,,,,,,,,,,,,,,,,,,,,,,,,,,,,,,,,,,,,,,,,,,,,,,,,,,,,,,,,,,,,,,,,,,,,,,,680.6170488329954,680.6260636250372,681.1113433749997,681.1113433749997,681.1113433749997,681.1839940409991,681.1839940409991,681.1839940409991,681.7544230410131,period,1.1220277920365334,None,681.7545503330184,681.7546084159985,None,,,,,,,,,,,,21040109,2,2026-04-21_12h21.40.188,tilt_mocs,2024.2.4,120.86223023056361,2026-04-21 12h21.51.014415 -0400,
0,-15.0,,310,310,0,,,,,100,0,,,,,c+0,negs,0.5,period,0.9054418749874458,None,None,,,,,,,,,,,0,310,310,422,681.7649183330359,,,,,,,,,,,,,,,,,,,,,,,,,,,,,,,,,,,,,,,,,,,,,,,,,,,,,,,,,,,,,,,,,,,,,,,,,681.7567876660032,681.7649183330359,682.2540770830237,682.2540770830237,682.2540770830237,682.3292040830129,682.3292040830129,682.3292040830129,682.6815620410489,period,0.9054418749874458,None,682.6816858330276,682.6817292910418,None,,,,,,,,,,,,21040109,2,2026-04-21_12h21.40.188,tilt_mocs,2024.2.4,120.86223023056361,2026-04-21 12h21.51.014415 -0400,
-8,-15.0,,311,311,0,,,,,100,0,,,,,c-8,negs,1.25,z,1.7374564159545116,None,None,,,,,,,,,,,0,311,311,293,682.6926999580464,,,,,,,,,,,,,,,,,,,,,,,,,,,,,,,,,,,,,,,,,,,,,,,,,,,,,,,,,,,,,,,,,,,,,,,,,682.6836620410322,682.6926999580464,683.9288045000285,683.9288045000285,683.9288045000285,684.0008434160263,684.0008434160263,684.0008434160263,684.4334198750439,z,1.7374564159545116,None,684.4335828750045,684.43367150001,None,,,,,,,,,,,,21040109,2,2026-04-21_12h21.40.188,tilt_mocs,2024.2.4,120.86223023056361,2026-04-21 12h21.51.014415 -0400,
-6,-15.0,,312,312,0,,,,,100,0,,,,,c-6,negs,0.75,z,1.5216072089970112,None,None,,,,,,,,,,,0,312,312,312,684.4453334160498,,,,,,,,,,,,,,,,,,,,,,,,,,,,,,,,,,,,,,,,,,,,,,,,,,,,,,,,,,,,,,,,,,,,,,,,,684.4362562909955,684.4453334160498,685.1788922080304,685.1788922080304,685.1788922080304,685.2506505830097,685.2506505830097,685.2506505830097,685.9710876659956,z,1.5216072089970112,None,685.9712089580134,685.9712535830331,None,,,,,,,,,,,,21040109,2,2026-04-21_12h21.40.188,tilt_mocs,2024.2.4,120.86223023056361,2026-04-21 12h21.51.014415 -0400,
0,-15.0,,313,313,0,,,,,100,0,,,,,c+0,negs,1.25,period,1.8027998749748804,None,None,,,,,,,,,,,0,313,313,456,685.9819453330128,,,,,,,,,,,,,,,,,,,,,,,,,,,,,,,,,,,,,,,,,,,,,,,,,,,,,,,,,,,,,,,,,,,,,,,,,685.9732067080331,685.9819453330128,687.2215077910223,687.2215077910223,687.2215077910223,687.2960697910166,687.2960697910166,687.2960697910166,687.788002166024,period,1.8027998749748804,None,687.788149791013,687.7882065830054,None,,,,,,,,,,,,21040109,2,2026-04-21_12h21.40.188,tilt_mocs,2024.2.4,120.86223023056361,2026-04-21 12h21.51.014415 -0400,
8,15.0,,314,314,0,,,,,100,0,,,,,c+8,poss,0.75,period,1.6067716249963269,None,None,,,,,,,,,,,0,314,314,223,687.7986620410229,,,,,,,,,,,,,,,,,,,,,,,,,,,,,,,,,,,,,,,,,,,,,,,,,,,,,,,,,,,,,,,,,,,,,,,,,687.7905132910237,687.7986620410229,688.5383808750194,688.5383808750194,688.5383808750194,688.6127382080304,688.6127382080304,688.6127382080304,689.4149881660123,period,1.6067716249963269,None,689.415119000012,689.4151775410282,None,,,,,,,,,,,,21040109,2,2026-04-21_12h21.40.188,tilt_mocs,2024.2.4,120.86223023056361,2026-04-21 12h21.51.014415 -0400,
6,15.0,,315,315,0,,,,,100,0,,,,,c+6,poss,0.5,period,1.4214548750314862,None,None,,,,,,,,,,,0,315,315,170,689.4260251250234,,,,,,,,,,,,,,,,,,,,,,,,,,,,,,,,,,,,,,,,,,,,,,,,,,,,,,,,,,,,,,,,,,,,,,,,,689.4173545830417,689.4260251250234,689.9122628750047,689.9122628750047,689.9122628750047,689.9847529580002,689.9847529580002,689.9847529580002,690.8537947500008,period,1.4214548750314862,None,690.8539219580125,690.8539774160017,None,,,,,,,,,,,,21040109,2,2026-04-21_12h21.40.188,tilt_mocs,2024.2.4,120.86223023056361,2026-04-21 12h21.51.014415 -0400,
-2,-15.0,,316,316,0,,,,,100,0,,,,,c-2,negs,0.5,period,1.1139938330161385,None,None,,,,,,,,,,,0,316,316,379,690.8654315000167,,,,,,,,,,,,,,,,,,,,,,,,,,,,,,,,,,,,,,,,,,,,,,,,,,,,,,,,,,,,,,,,,,,,,,,,,690.8565792080481,690.8654315000167,691.3551278749947,691.3551278749947,691.3551278749947,691.4354379580473,691.4354379580473,691.4354379580473,691.9820419159951,period,1.1139938330161385,None,691.9822791659972,691.9823721660068,None,,,,,,,,,,,,21040109,2,2026-04-21_12h21.40.188,tilt_mocs,2024.2.4,120.86223023056361,2026-04-21 12h21.51.014415 -0400,
2,0.0,,317,317,0,,,,,0,100,,,,,c+2,noss,1.25,period,1.8287967499927618,None,None,,,,,,,,,,,0,317,317,667,691.9937749160454,,,,,,,,,,,,,,,,,,,,,,,,,,,,,,,,,,,,,,,,,,,,,,,,,,,,,,,,,,,,,,,,,,,,,,,,,691.9848490000004,691.9937749160454,693.2291372080217,693.2291372080217,693.2291372080217,693.301580875006,693.301580875006,693.301580875006,693.832402458007,period,1.8287967499927618,None,693.8325481660431,693.832603708026,None,,,,,,,,,,,,21040109,2,2026-04-21_12h21.40.188,tilt_mocs,2024.2.4,120.86223023056361,2026-04-21 12h21.51.014415 -0400,
4,15.0,,318,318,0,,,,,100,0,,,,,c+4,poss,0.75,period,1.3977474580169655,None,None,,,,,,,,,,,0,318,318,138,693.8438893750426,,,,,,,,,,,,,,,,,,,,,,,,,,,,,,,,,,,,,,,,,,,,,,,,,,,,,,,,,,,,,,,,,,,,,,,,,693.8347986660083,693.8438893750426,694.5791436250438,694.5791436250438,694.5791436250438,694.6520318750408,694.6520318750408,694.6520318750408,695.2485088750254,period,1.3977474580169655,None,695.2486073750188,695.2486500410014,None,,,,,,,,,,,,21040109,2,2026-04-21_12h21.40.188,tilt_mocs,2024.2.4,120.86223023056361,2026-04-21 12h21.51.014415 -0400,
-4,0.0,,319,319,0,,,,,0,100,,,,,c-4,noss,0.75,period,1.6214496250031516,None,None,,,,,,,,,,,0,319,319,523,695.2593819160247,,,,,,,,,,,,,,,,,,,,,,,,,,,,,,,,,,,,,,,,,,,,,,,,,,,,,,,,,,,,,,,,,,,,,,,,,695.2505931660417,695.2593819160247,695.9957877080305,695.9957877080305,695.9957877080305,696.0681441660272,696.0681441660272,696.0681441660272,696.8937045829953,period,1.6214496250031516,None,696.8938206660096,696.8938637910178,None,,,,,,,,,,,,21040109,2,2026-04-21_12h21.40.188,tilt_mocs,2024.2.4,120.86223023056361,2026-04-21 12h21.51.014415 -0400,
-2,-15.0,,320,320,0,,,,,100,0,,,,,c-2,negs,0.75,period,1.9209205000079237,None,None,,,,,,,,,,,0,320,320,399,696.9010442080325,,,,,,,,,,,,,,,,,,,,,,,,,,,,,,,,,,,,,,,,,,,,,,,,,,,,,,,,,,,,,,,,,,,,,,,,,696.8959137910279,696.9010442080325,697.6387734159944,697.6387734159944,697.6387734159944,697.71306108305,697.71306108305,697.71306108305,698.8322695000097,period,1.9209205000079237,None,698.8324412910151,698.8324960000464,None,,,,,,,,,,,,21040109,2,2026-04-21_12h21.40.188,tilt_mocs,2024.2.4,120.86223023056361,2026-04-21 12h21.51.014415 -0400,
-2,0.0,,321,321,0,,,,,0,100,,,,,c-2,noss,0.5,z,0.16050112497759983,None,None,,,,,,,,,,,0,321,321,553,698.8442855830071,,,,,,,,,,,,,,,,,,,,,,,,,,,,,,,,,,,,,,,,,,,,,,,,,,,,,,,,,,,,,,,,,,,,,,,,,698.8354721660144,698.8442855830071,,,,,,,699.0147617080365,z,0.16050112497759983,None,699.0148631250486,699.0149087909958,None,,,,,,,,,,,,21040109,2,2026-04-21_12h21.40.188,tilt_mocs,2024.2.4,120.86223023056361,2026-04-21 12h21.51.014415 -0400,
-4,0.0,,322,322,0,,,,,0,100,,,,,c-4,noss,1.25,z,1.999034666980151,None,None,,,,,,,,,,,0,322,322,540,699.0255845410284,,,,,,,,,,,,,,,,,,,,,,,,,,,,,,,,,,,,,,,,,,,,,,,,,,,,,,,,,,,,,,,,,,,,,,,,,699.016859083029,699.0255845410284,700.2616954580299,700.2616954580299,700.2616954580299,700.3347157080425,700.3347157080425,700.3347157080425,701.0321343330434,z,1.999034666980151,None,701.0322623330285,701.032319082995,None,,,,,,,,,,,,21040109,2,2026-04-21_12h21.40.188,tilt_mocs,2024.2.4,120.86223023056361,2026-04-21 12h21.51.014415 -0400,
0,0.0,,323,323,0,,,,,0,100,,,,,c+0,noss,1.25,z,1.5457059579784982,None,None,,,,,,,,,,,0,323,323,626,701.0436700000428,,,,,,,,,,,,,,,,,,,,,,,,,,,,,,,,,,,,,,,,,,,,,,,,,,,,,,,,,,,,,,,,,,,,,,,,,701.034801166039,701.0436700000428,702.279641791014,702.279641791014,702.279641791014,702.3527492080466,702.3527492080466,702.3527492080466,702.5992767910357,z,1.5457059579784982,None,702.5994653330417,702.5995282910299,None,,,,,,,,,,,,21040109,2,2026-04-21_12h21.40.188,tilt_mocs,2024.2.4,120.86223023056361,2026-04-21 12h21.51.014415 -0400,
-2,-15.0,,324,324,0,,,,,100,0,,,,,c-2,negs,0.75,z,1.2489048750139773,None,None,,,,,,,,,,,0,324,324,394,702.6110925410176,,,,,,,,,,,,,,,,,,,,,,,,,,,,,,,,,,,,,,,,,,,,,,,,,,,,,,,,,,,,,,,,,,,,,,,,,702.6022485000431,702.6110925410176,703.3460765409982,703.3460765409982,703.3460765409982,703.4180018330226,703.4180018330226,703.4180018330226,703.865440708003,z,1.2489048750139773,None,703.8655684160185,703.8656232500216,None,,,,,,,,,,,,21040109,2,2026-04-21_12h21.40.188,tilt_mocs,2024.2.4,120.86223023056361,2026-04-21 12h21.51.014415 -0400,
-4,-15.0,,325,325,0,,,,,100,0,,,,,c-4,negs,0.5,period,0.1533242499572225,None,None,,,,,,,,,,,0,325,325,343,703.8770581250428,,,,,,,,,,,,,,,,,,,,,,,,,,,,,,,,,,,,,,,,,,,,,,,,,,,,,,,,,,,,,,,,,,,,,,,,,703.8678935000207,703.8770581250428,,,,,,,704.0329597910168,period,0.1533242499572225,None,704.0331132080173,704.0331752910279,None,,,,,,,,,,,,21040109,2,2026-04-21_12h21.40.188,tilt_mocs,2024.2.4,120.86223023056361,2026-04-21 12h21.51.014415 -0400,
-4,0.0,,326,326,0,,,,,0,100,,,,,c-4,noss,1.0,z,1.5196664999821223,None,None,,,,,,,,,,,0,326,326,533,704.0446023750119,,,,,,,,,,,,,,,,,,,,,,,,,,,,,,,,,,,,,,,,,,,,,,,,,,,,,,,,,,,,,,,,,,,,,,,,,704.0356303750305,704.0446023750119,705.0294667910202,705.0294667910202,705.0294667910202,705.1018357910216,705.1018357910216,705.1018357910216,705.5764355410356,z,1.5196664999821223,None,705.5765586250345,705.5766027080244,None,,,,,,,,,,,,21040109,2,2026-04-21_12h21.40.188,tilt_mocs,2024.2.4,120.86223023056361,2026-04-21 12h21.51.014415 -0400,
0,15.0,,327,327,0,,,,,100,0,,,,,c+0,poss,1.25,z,2.004191040992737,None,None,,,,,,,,,,,0,327,327,80,705.5830048750504,,,,,,,,,,,,,,,,,,,,,,,,,,,,,,,,,,,,,,,,,,,,,,,,,,,,,,,,,,,,,,,,,,,,,,,,,705.5786086660228,705.5830048750504,706.8225690410472,706.8225690410472,706.8225690410472,706.8967123330222,706.8967123330222,706.8967123330222,707.5990438750014,z,2.004191040992737,None,707.5991666250047,707.5992210830445,None,,,,,,,,,,,,21040109,2,2026-04-21_12h21.40.188,tilt_mocs,2024.2.4,120.86223023056361,2026-04-21 12h21.51.014415 -0400,
8,15.0,,328,328,0,,,,,100,0,,,,,c+8,poss,0.5,period,1.1603822499746457,None,None,,,,,,,,,,,0,328,328,211,707.6099383750116,,,,,,,,,,,,,,,,,,,,,,,,,,,,,,,,,,,,,,,,,,,,,,,,,,,,,,,,,,,,,,,,,,,,,,,,,707.6013939999975,707.6099383750116,708.0963119160151,708.0963119160151,708.0963119160151,708.1684561660513,708.1684561660513,708.1684561660513,708.7823549160385,period,1.1603822499746457,None,708.7824830830214,708.7825386660406,None,,,,,,,,,,,,21040109,2,2026-04-21_12h21.40.188,tilt_mocs,2024.2.4,120.86223023056361,2026-04-21 12h21.51.014415 -0400,
-4,0.0,,329,329,0,,,,,0,100,,,,,c-4,noss,1.0,z,1.3240698750014417,None,None,,,,,,,,,,,0,329,329,534,708.7940417909995,,,,,,,,,,,,,,,,,,,,,,,,,,,,,,,,,,,,,,,,,,,,,,,,,,,,,,,,,,,,,,,,,,,,,,,,,708.785069250036,708.7940417909995,709.7787467500311,709.7787467500311,709.7787467500311,709.8522596250405,709.8522596250405,709.8522596250405,710.1209188750363,z,1.3240698750014417,None,710.1210203330265,710.1210645000101,None,,,,,,,,,,,,21040109,2,2026-04-21_12h21.40.188,tilt_mocs,2024.2.4,120.86223023056361,2026-04-21 12h21.51.014415 -0400,
4,0.0,,330,330,0,,,,,0,100,,,,,c+4,noss,0.5,period,1.1043402909999713,None,None,,,,,,,,,,,0,330,330,673,710.1320539160515,,,,,,,,,,,,,,,,,,,,,,,,,,,,,,,,,,,,,,,,,,,,,,,,,,,,,,,,,,,,,,,,,,,,,,,,,710.1230000000214,710.1320539160515,710.6229875000427,710.6229875000427,710.6229875000427,710.6968651660136,710.6968651660136,710.6968651660136,711.2388428749982,period,1.1043402909999713,None,711.2389492500224,711.2389936660184,None,,,,,,,,,,,,21040109,2,2026-04-21_12h21.40.188,tilt_mocs,2024.2.4,120.86223023056361,2026-04-21 12h21.51.014415 -0400,
0,-15.0,,331,331,0,,,,,100,0,,,,,c+0,negs,0.75,period,1.8925667500006966,None,None,,,,,,,,,,,0,331,331,440,711.249314250017,,,,,,,,,,,,,,,,,,,,,,,,,,,,,,,,,,,,,,,,,,,,,,,,,,,,,,,,,,,,,,,,,,,,,,,,,711.2409637080273,711.249314250017,711.9892518750275,711.9892518750275,711.9892518750275,712.0635745000327,712.0635745000327,712.0635745000327,713.1494642909965,period,1.8925667500006966,None,713.1496156660141,713.1496742500458,None,,,,,,,,,,,,21040109,2,2026-04-21_12h21.40.188,tilt_mocs,2024.2.4,120.86223023056361,2026-04-21 12h21.51.014415 -0400,
-4,0.0,,332,332,0,,,,,0,100,,,,,c-4,noss,1.0,period,3.302538374962751,None,None,,,,,,,,,,,0,332,332,530,713.1609865000355,,,,,,,,,,,,,,,,,,,,,,,,,,,,,,,,,,,,,,,,,,,,,,,,,,,,,,,,,,,,,,,,,,,,,,,,,713.1520420000306,713.1609865000355,714.1465470410185,714.1465470410185,714.1465470410185,714.2197613750468,714.2197613750468,714.2197613750468,716.4665519160335,period,3.302538374962751,None,716.4667043330264,716.4667648330214,None,,,,,,,,,,,,21040109,2,2026-04-21_12h21.40.188,tilt_mocs,2024.2.4,120.86223023056361,2026-04-21 12h21.51.014415 -0400,
0,-15.0,,333,333,0,,,,,100,0,,,,,c+0,negs,1.0,period,1.7258340410189703,None,None,,,,,,,,,,,0,333,333,450,716.4778619160061,,,,,,,,,,,,,,,,,,,,,,,,,,,,,,,,,,,,,,,,,,,,,,,,,,,,,,,,,,,,,,,,,,,,,,,,,716.4690377080115,716.4778619160061,717.4632442500442,717.4632442500442,717.4632442500442,717.5353649160243,717.5353649160243,717.5353649160243,718.2162912909989,period,1.7258340410189703,None,718.2164548330475,718.2165141660371,None,,,,,,,,,,,,21040109,2,2026-04-21_12h21.40.188,tilt_mocs,2024.2.4,120.86223023056361,2026-04-21 12h21.51.014415 -0400,
2,15.0,,334,334,0,,,,,100,0,,,,,c+2,poss,0.75,z,1.7136445840005763,None,None,,,,,,,,,,,0,334,334,95,718.2287336250301,,,,,,,,,,,,,,,,,,,,,,,,,,,,,,,,,,,,,,,,,,,,,,,,,,,,,,,,,,,,,,,,,,,,,,,,,718.2195224580355,718.2287336250301,718.9624611660256,718.9624611660256,718.9624611660256,719.0355802910053,719.0355802910053,719.0355802910053,719.949629083043,z,1.7136445840005763,None,719.9497607080266,719.9498188750003,None,,,,,,,,,,,,21040109,2,2026-04-21_12h21.40.188,tilt_mocs,2024.2.4,120.86223023056361,2026-04-21 12h21.51.014415 -0400,
-2,0.0,,335,335,0,,,,,0,100,,,,,c-2,noss,0.5,period,1.043668375001289,None,None,,,,,,,,,,,0,335,335,548,719.9604820410023,,,,,,,,,,,,,,,,,,,,,,,,,,,,,,,,,,,,,,,,,,,,,,,,,,,,,,,,,,,,,,,,,,,,,,,,,719.9518200000166,719.9604820410023,720.4467086250079,720.4467086250079,720.4467086250079,720.5194177910453,720.5194177910453,720.5194177910453,721.01666212501,period,1.043668375001289,None,721.0168459160486,721.0169183750404,None,,,,,,,,,,,,21040109,2,2026-04-21_12h21.40.188,tilt_mocs,2024.2.4,120.86223023056361,2026-04-21 12h21.51.014415 -0400,
-4,-15.0,,336,336,0,,,,,100,0,,,,,c-4,negs,0.75,period,1.251723708002828,None,None,,,,,,,,,,,0,336,336,352,721.0297421250143,,,,,,,,,,,,,,,,,,,,,,,,,,,,,,,,,,,,,,,,,,,,,,,,,,,,,,,,,,,,,,,,,,,,,,,,,721.0200387500226,721.0297421250143,721.7635299160029,721.7635299160029,721.7635299160029,721.8352326250169,721.8352326250169,721.8352326250169,722.2935949999955,period,1.251723708002828,None,722.2936970410519,722.2937414580374,None,,,,,,,,,,,,21040109,2,2026-04-21_12h21.40.188,tilt_mocs,2024.2.4,120.86223023056361,2026-04-21 12h21.51.014415 -0400,
8,15.0,,337,337,0,,,,,100,0,,,,,c+8,poss,0.5,period,0.9973358330316842,None,None,,,,,,,,,,,0,337,337,215,722.3001072910265,,,,,,,,,,,,,,,,,,,,,,,,,,,,,,,,,,,,,,,,,,,,,,,,,,,,,,,,,,,,,,,,,,,,,,,,,722.295700290997,722.3001072910265,722.789620083,722.789620083,722.789620083,722.869138625043,722.869138625043,722.869138625043,723.3005389580503,period,0.9973358330316842,None,723.3006715000374,723.3007327910163,None,,,,,,,,,,,,21040109,2,2026-04-21_12h21.40.188,tilt_mocs,2024.2.4,120.86223023056361,2026-04-21 12h21.51.014415 -0400,
-8,-15.0,,338,338,0,,,,,100,0,,,,,c-8,negs,1.25,z,1.7710465000127442,None,None,,,,,,,,,,,0,338,338,291,723.3122928750236,,,,,,,,,,,,,,,,,,,,,,,,,,,,,,,,,,,,,,,,,,,,,,,,,,,,,,,,,,,,,,,,,,,,,,,,,723.3032681660261,723.3122928750236,724.5468338330393,724.5468338330393,724.5468338330393,724.6197091659997,724.6197091659997,724.6197091659997,725.0885740410304,z,1.7710465000127442,None,725.0886778330314,725.0887232079986,None,,,,,,,,,,,,21040109,2,2026-04-21_12h21.40.188,tilt_mocs,2024.2.4,120.86223023056361,2026-04-21 12h21.51.014415 -0400,
-8,-15.0,,339,339,0,,,,,100,0,,,,,c-8,negs,0.75,z,1.290233458043076,None,None,,,,,,,,,,,0,339,339,271,725.0997036250192,,,,,,,,,,,,,,,,,,,,,,,,,,,,,,,,,,,,,,,,,,,,,,,,,,,,,,,,,,,,,,,,,,,,,,,,,725.0906905830489,725.0997036250192,725.8402141660335,725.8402141660335,725.8402141660335,725.9143856250448,725.9143856250448,725.9143856250448,726.3996062910301,z,1.290233458043076,None,726.399731875048,726.3998029580107,None,,,,,,,,,,,,21040109,2,2026-04-21_12h21.40.188,tilt_mocs,2024.2.4,120.86223023056361,2026-04-21 12h21.51.014415 -0400,
0,-15.0,,340,340,0,,,,,100,0,,,,,c+0,negs,0.75,z,1.0364934999961406,None,None,,,,,,,,,,,0,340,340,438,726.4114777080249,,,,,,,,,,,,,,,,,,,,,,,,,,,,,,,,,,,,,,,,,,,,,,,,,,,,,,,,,,,,,,,,,,,,,,,,,726.4027705410263,726.4114777080249,727.1469355830341,727.1469355830341,727.1469355830341,727.2182942500222,727.2182942500222,727.2182942500222,727.4505262910388,z,1.0364934999961406,None,727.4506521660369,727.4507070830441,None,,,,,,,,,,,,21040109,2,2026-04-21_12h21.40.188,tilt_mocs,2024.2.4,120.86223023056361,2026-04-21 12h21.51.014415 -0400,
-6,-15.0,,341,341,0,,,,,100,0,,,,,c-6,negs,1.0,z,1.607771374983713,None,None,,,,,,,,,,,0,341,341,318,727.4617292500334,,,,,,,,,,,,,,,,,,,,,,,,,,,,,,,,,,,,,,,,,,,,,,,,,,,,,,,,,,,,,,,,,,,,,,,,,727.4530505830189,727.4617292500334,728.4469506250462,728.4469506250462,728.4469506250462,728.5193172080326,728.5193172080326,728.5193172080326,729.0716465000296,z,1.607771374983713,None,729.0717437910498,729.0717872499954,None,,,,,,,,,,,,21040109,2,2026-04-21_12h21.40.188,tilt_mocs,2024.2.4,120.86223023056361,2026-04-21 12h21.51.014415 -0400,
2,-15.0,,342,342,0,,,,,100,0,,,,,c+2,negs,1.25,period,1.737240624963306,None,None,,,,,,,,,,,0,342,342,502,729.0827575830044,,,,,,,,,,,,,,,,,,,,,,,,,,,,,,,,,,,,,,,,,,,,,,,,,,,,,,,,,,,,,,,,,,,,,,,,,729.073746833019,729.0827575830044,730.3128271250171,730.3128271250171,730.3128271250171,730.3858929999988,730.3858929999988,730.3858929999988,730.8333152499981,period,1.737240624963306,None,730.8334887080127,730.8335437080241,None,,,,,,,,,,,,21040109,2,2026-04-21_12h21.40.188,tilt_mocs,2024.2.4,120.86223023056361,2026-04-21 12h21.51.014415 -0400,
2,0.0,,343,343,0,,,,,0,100,,,,,c+2,noss,0.75,period,1.3383081249776296,None,None,,,,,,,,,,,0,343,343,643,730.8456122080097,,,,,,,,,,,,,,,,,,,,,,,,,,,,,,,,,,,,,,,,,,,,,,,,,,,,,,,,,,,,,,,,,,,,,,,,,730.8362848330289,730.8456122080097,731.5805088329944,731.5805088329944,731.5805088329944,731.6527338330052,731.6527338330052,731.6527338330052,732.1886435410124,period,1.3383081249776296,None,732.1887452910305,732.1887886250042,None,,,,,,,,,,,,21040109,2,2026-04-21_12h21.40.188,tilt_mocs,2024.2.4,120.86223023056361,2026-04-21 12h21.51.014415 -0400,
2,0.0,,344,344,0,,,,,0,100,,,,,c+2,noss,1.0,z,1.8315019579604268,None,None,,,,,,,,,,,0,344,344,655,732.1997635000153,,,,,,,,,,,,,,,,,,,,,,,,,,,,,,,,,,,,,,,,,,,,,,,,,,,,,,,,,,,,,,,,,,,,,,,,,732.1907692080131,732.1997635000153,733.1901834580349,733.1901834580349,733.1901834580349,733.2644704999984,733.2644704999984,733.2644704999984,734.0341401660116,z,1.8315019579604268,None,734.0342922499985,734.0343578330358,None,,,,,,,,,,,,21040109,2,2026-04-21_12h21.40.188,tilt_mocs,2024.2.4,120.86223023056361,2026-04-21 12h21.51.014415 -0400,
-6,-15.0,,345,345,0,,,,,100,0,,,,,c-6,negs,0.5,z,1.1774391250219196,None,None,,,,,,,,,,,0,345,345,294,734.0454929580446,,,,,,,,,,,,,,,,,,,,,,,,,,,,,,,,,,,,,,,,,,,,,,,,,,,,,,,,,,,,,,,,,,,,,,,,,734.0367054580129,734.0454929580446,734.5310317500262,734.5310317500262,734.5310317500262,734.6020747080329,734.6020747080329,734.6020747080329,735.233076250006,z,1.1774391250219196,None,735.2332676660153,735.2333293750416,None,,,,,,,,,,,,21040109,2,2026-04-21_12h21.40.188,tilt_mocs,2024.2.4,120.86223023056361,2026-04-21 12h21.51.014415 -0400,
-4,-15.0,,346,346,0,,,,,100,0,,,,,c-4,negs,1.0,z,1.8617952080094256,None,None,,,,,,,,,,,0,346,346,358,735.2408490829985,,,,,,,,,,,,,,,,,,,,,,,,,,,,,,,,,,,,,,,,,,,,,,,,,,,,,,,,,,,,,,,,,,,,,,,,,735.2343625409994,735.2408490829985,736.2305764160119,736.2305764160119,736.2305764160119,736.30291966605,736.30291966605,736.30291966605,737.1060619580094,z,1.8617952080094256,None,737.1061607500305,737.1062037910451,None,,,,,,,,,,,,21040109,2,2026-04-21_12h21.40.188,tilt_mocs,2024.2.4,120.86223023056361,2026-04-21 12h21.51.014415 -0400,
0,0.0,,347,347,0,,,,,0,100,,,,,c+0,noss,1.0,period,5.866739000019152,None,None,,,,,,,,,,,0,347,347,616,737.1169319580076,,,,,,,,,,,,,,,,,,,,,,,,,,,,,,,,,,,,,,,,,,,,,,,,,,,,,,,,,,,,,,,,,,,,,,,,,737.108166250051,737.1169319580076,738.1067991250311,738.1067991250311,738.1067991250311,738.1812226250186,738.1812226250186,738.1812226250186,742.9898509160266,period,5.866739000019152,None,742.9899867080385,742.9900442500366,None,,,,,,,,,,,,21040109,2,2026-04-21_12h21.40.188,tilt_mocs,2024.2.4,120.86223023056361,2026-04-21 12h21.51.014415 -0400,
2,-15.0,,348,348,0,,,,,100,0,,,,,c+2,negs,1.0,period,1.5516306249774061,None,None,,,,,,,,,,,0,348,348,486,743.0007355830166,,,,,,,,,,,,,,,,,,,,,,,,,,,,,,,,,,,,,,,,,,,,,,,,,,,,,,,,,,,,,,,,,,,,,,,,,742.9922623750172,743.0007355830166,743.9902842080337,743.9902842080337,743.9902842080337,744.0648869160214,744.0648869160214,744.0648869160214,744.5570519580506,period,1.5516306249774061,None,744.5571773750125,744.5572385830455,None,,,,,,,,,,,,21040109,2,2026-04-21_12h21.40.188,tilt_mocs,2024.2.4,120.86223023056361,2026-04-21 12h21.51.014415 -0400,
-6,-15.0,,349,349,0,,,,,100,0,,,,,c-6,negs,0.5,z,1.430247624986805,None,None,,,,,,,,,,,0,349,349,298,744.5682398750214,,,,,,,,,,,,,,,,,,,,,,,,,,,,,,,,,,,,,,,,,,,,,,,,,,,,,,,,,,,,,,,,,,,,,,,,,744.5597263330128,744.5682398750214,745.0572682500351,745.0572682500351,745.0572682500351,745.1313717500307,745.1313717500307,745.1313717500307,746.0012356660445,z,1.430247624986805,None,746.0013994160108,746.0014514159993,None,,,,,,,,,,,,21040109,2,2026-04-21_12h21.40.188,tilt_mocs,2024.2.4,120.86223023056361,2026-04-21 12h21.51.014415 -0400,
0,15.0,,350,350,0,,,,,100,0,,,,,c+0,poss,1.25,z,1.9232675000093877,None,None,,,,,,,,,,,0,350,350,82,746.0133520830423,,,,,,,,,,,,,,,,,,,,,,,,,,,,,,,,,,,,,,,,,,,,,,,,,,,,,,,,,,,,,,,,,,,,,,,,,746.0041549160378,746.0133520830423,747.247757166042,747.247757166042,747.247757166042,747.3205949999974,747.3205949999974,747.3205949999974,747.9392095410149,z,1.9232675000093877,None,747.9393349160091,747.939388416009,None,,,,,,,,,,,,21040109,2,2026-04-21_12h21.40.188,tilt_mocs,2024.2.4,120.86223023056361,2026-04-21 12h21.51.014415 -0400,
-2,15.0,,351,351,0,,,,,100,0,,,,,c-2,poss,0.75,z,1.3581247919937596,None,None,,,,,,,,,,,0,351,351,16,747.950219833001,,,,,,,,,,,,,,,,,,,,,,,,,,,,,,,,,,,,,,,,,,,,,,,,,,,,,,,,,,,,,,,,,,,,,,,,,747.941333958006,747.950219833001,748.6910894160392,748.6910894160392,748.6910894160392,748.7649846660206,748.7649846660206,748.7649846660206,749.3174780000118,z,1.3581247919937596,None,749.3176271660486,749.3176865830319,None,,,,,,,,,,,,21040109,2,2026-04-21_12h21.40.188,tilt_mocs,2024.2.4,120.86223023056361,2026-04-21 12h21.51.014415 -0400,
-2,-15.0,,352,352,0,,,,,100,0,,,,,c-2,negs,0.5,period,1.1714207499753684,None,None,,,,,,,,,,,0,352,352,383,749.3288512910367,,,,,,,,,,,,,,,,,,,,,,,,,,,,,,,,,,,,,,,,,,,,,,,,,,,,,,,,,,,,,,,,,,,,,,,,,749.3200169580523,749.3288512910367,749.8144412499969,749.8144412499969,749.8144412499969,749.886346208048,749.886346208048,749.886346208048,750.5064348750166,period,1.1714207499753684,None,750.5065375410486,750.5065875410219,None,,,,,,,,,,,,21040109,2,2026-04-21_12h21.40.188,tilt_mocs,2024.2.4,120.86223023056361,2026-04-21 12h21.51.014415 -0400,
-2,0.0,,353,353,0,,,,,0,100,,,,,c-2,noss,0.5,period,1.8414790839888155,None,None,,,,,,,,,,,0,353,353,555,750.5172319160192,,,,,,,,,,,,,,,,,,,,,,,,,,,,,,,,,,,,,,,,,,,,,,,,,,,,,,,,,,,,,,,,,,,,,,,,,750.5085882910062,750.5172319160192,751.0058536250144,751.0058536250144,751.0058536250144,751.0816645000014,751.0816645000014,751.0816645000014,752.3671158750076,period,1.8414790839888155,None,752.3672429160215,752.3672987080063,None,,,,,,,,,,,,21040109,2,2026-04-21_12h21.40.188,tilt_mocs,2024.2.4,120.86223023056361,2026-04-21 12h21.51.014415 -0400,
0,-15.0,,354,354,0,,,,,100,0,,,,,c+0,negs,0.5,period,1.0613490830291994,None,None,,,,,,,,,,,0,354,354,430,752.3781006660429,,,,,,,,,,,,,,,,,,,,,,,,,,,,,,,,,,,,,,,,,,,,,,,,,,,,,,,,,,,,,,,,,,,,,,,,,752.3695115830051,752.3781006660429,752.864495916001,752.864495916001,752.864495916001,752.9365157500142,752.9365157500142,752.9365157500142,753.4511922080419,period,1.0613490830291994,None,753.4513453330146,753.4514037500485,None,,,,,,,,,,,,21040109,2,2026-04-21_12h21.40.188,tilt_mocs,2024.2.4,120.86223023056361,2026-04-21 12h21.51.014415 -0400,
-2,0.0,,355,355,0,,,,,0,100,,,,,c-2,noss,0.75,period,0.9622329169651493,None,None,,,,,,,,,,,0,355,355,566,753.463979791035,,,,,,,,,,,,,,,,,,,,,,,,,,,,,,,,,,,,,,,,,,,,,,,,,,,,,,,,,,,,,,,,,,,,,,,,,753.4548474160256,753.463979791035,754.1984109160258,754.1984109160258,754.1984109160258,754.2703615000355,754.2703615000355,754.2703615000355,754.4330629160395,period,0.9622329169651493,None,754.4331803750247,754.4332327500451,None,,,,,,,,,,,,21040109,2,2026-04-21_12h21.40.188,tilt_mocs,2024.2.4,120.86223023056361,2026-04-21 12h21.51.014415 -0400,
-8,-15.0,,356,356,0,,,,,100,0,,,,,c-8,negs,1.0,z,3.02037924999604,None,None,,,,,,,,,,,0,356,356,274,754.4444797080359,,,,,,,,,,,,,,,,,,,,,,,,,,,,,,,,,,,,,,,,,,,,,,,,,,,,,,,,,,,,,,,,,,,,,,,,,754.4355319160386,754.4444797080359,755.4312627910404,755.4312627910404,755.4312627910404,755.5031547500403,755.5031547500403,755.5031547500403,757.4671719160397,z,3.02037924999604,None,757.4672739999951,757.4673156250501,None,,,,,,,,,,,,21040109,2,2026-04-21_12h21.40.188,tilt_mocs,2024.2.4,120.86223023056361,2026-04-21 12h21.51.014415 -0400,
6,15.0,,357,357,0,,,,,100,0,,,,,c+6,poss,0.75,z,1.5326369579997845,None,None,,,,,,,,,,,0,357,357,186,757.4776287080022,,,,,,,,,,,,,,,,,,,,,,,,,,,,,,,,,,,,,,,,,,,,,,,,,,,,,,,,,,,,,,,,,,,,,,,,,757.469254333002,757.4776287080022,758.2143369580153,758.2143369580153,758.2143369580153,758.286467500031,758.286467500031,758.286467500031,759.0177323330427,z,1.5326369579997845,None,759.0178527500248,759.0179060830269,None,,,,,,,,,,,,21040109,2,2026-04-21_12h21.40.188,tilt_mocs,2024.2.4,120.86223023056361,2026-04-21 12h21.51.014415 -0400,
-2,0.0,,358,358,0,,,,,0,100,,,,,c-2,noss,0.75,z,1.1967384170275182,None,None,,,,,,,,,,,0,358,358,567,759.0290050000185,,,,,,,,,,,,,,,,,,,,,,,,,,,,,,,,,,,,,,,,,,,,,,,,,,,,,,,,,,,,,,,,,,,,,,,,,759.020345958008,759.0290050000185,759.7648437080206,759.7648437080206,759.7648437080206,759.8382371250191,759.8382371250191,759.8382371250191,760.2339647909976,z,1.1967384170275182,None,760.2340924580349,760.2341472910484,None,,,,,,,,,,,,21040109,2,2026-04-21_12h21.40.188,tilt_mocs,2024.2.4,120.86223023056361,2026-04-21 12h21.51.014415 -0400,
-6,-15.0,,359,359,0,,,,,100,0,,,,,c-6,negs,1.0,period,1.4704579579993151,None,None,,,,,,,,,,,0,359,359,321,760.245427625021,,,,,,,,,,,,,,,,,,,,,,,,,,,,,,,,,,,,,,,,,,,,,,,,,,,,,,,,,,,,,,,,,,,,,,,,,760.2364230410312,760.245427625021,761.2314563330146,761.2314563330146,761.2314563330146,761.3038833750179,761.3038833750179,761.3038833750179,761.7191295830416,period,1.4704579579993151,None,761.7192634160165,761.7193166250363,None,,,,,,,,,,,,21040109,2,2026-04-21_12h21.40.188,tilt_mocs,2024.2.4,120.86223023056361,2026-04-21 12h21.51.014415 -0400,
0,-15.0,,360,360,0,,,,,100,0,,,,,c+0,negs,0.75,z,1.2027102090069093,None,None,,,,,,,,,,,0,360,360,431,761.7300742500229,,,,,,,,,,,,,,,,,,,,,,,,,,,,,,,,,,,,,,,,,,,,,,,,,,,,,,,,,,,,,,,,,,,,,,,,,761.7213787910296,761.7300742500229,762.4649274160038,762.4649274160038,762.4649274160038,762.5370608330122,762.5370608330122,762.5370608330122,762.9441325410153,z,1.2027102090069093,None,762.9442375000217,762.9442850000341,None,,,,,,,,,,,,21040109,2,2026-04-21_12h21.40.188,tilt_mocs,2024.2.4,120.86223023056361,2026-04-21 12h21.51.014415 -0400,
2,0.0,,361,361,0,,,,,0,100,,,,,c+2,noss,1.25,period,0.21587804198497906,None,None,,,,,,,,,,,0,361,361,665,762.9509625830106,,,,,,,,,,,,,,,,,,,,,,,,,,,,,,,,,,,,,,,,,,,,,,,,,,,,,,,,,,,,,,,,,,,,,,,,,762.946289458021,762.9509625830106,,,,,,,763.1729199160472,period,0.21587804198497906,None,763.1730417910148,763.173101833032,None,,,,,,,,,,,,21040109,2,2026-04-21_12h21.40.188,tilt_mocs,2024.2.4,120.86223023056361,2026-04-21 12h21.51.014415 -0400,
-2,15.0,,362,362,0,,,,,100,0,,,,,c-2,poss,1.25,z,1.8980953330174088,None,None,,,,,,,,,,,0,362,362,35,763.183984125033,,,,,,,,,,,,,,,,,,,,,,,,,,,,,,,,,,,,,,,,,,,,,,,,,,,,,,,,,,,,,,,,,,,,,,,,,763.1751478750375,763.183984125033,764.4241507080151,764.4241507080151,764.4241507080151,764.497638291039,764.497638291039,764.497638291039,765.0851797910291,z,1.8980953330174088,None,765.0853334999993,765.0854122500168,None,,,,,,,,,,,,21040109,2,2026-04-21_12h21.40.188,tilt_mocs,2024.2.4,120.86223023056361,2026-04-21 12h21.51.014415 -0400,
0,15.0,,363,363,0,,,,,100,0,,,,,c+0,poss,0.5,z,1.068230374949053,None,None,,,,,,,,,,,0,363,363,51,765.0975317080156,,,,,,,,,,,,,,,,,,,,,,,,,,,,,,,,,,,,,,,,,,,,,,,,,,,,,,,,,,,,,,,,,,,,,,,,,765.0887145830202,765.0975317080156,765.5814728750265,765.5814728750265,765.5814728750265,765.6530779580353,765.6530779580353,765.6530779580353,766.1687062080018,z,1.068230374949053,None,766.1688671660377,766.1689262500149,None,,,,,,,,,,,,21040109,2,2026-04-21_12h21.40.188,tilt_mocs,2024.2.4,120.86223023056361,2026-04-21 12h21.51.014415 -0400,
-6,-15.0,,364,364,0,,,,,100,0,,,,,c-6,negs,1.0,period,3.3055767500190996,None,None,,,,,,,,,,,0,364,364,324,766.1800907910219,,,,,,,,,,,,,,,,,,,,,,,,,,,,,,,,,,,,,,,,,,,,,,,,,,,,,,,,,,,,,,,,,,,,,,,,,766.171158125042,766.1800907910219,767.1649290830246,767.1649290830246,767.1649290830246,767.2368890000507,767.2368890000507,767.2368890000507,769.4900640830165,period,3.3055767500190996,None,769.4901708330144,769.4902144160005,None,,,,,,,,,,,,21040109,2,2026-04-21_12h21.40.188,tilt_mocs,2024.2.4,120.86223023056361,2026-04-21 12h21.51.014415 -0400,
-6,-15.0,,365,365,0,,,,,100,0,,,,,c-6,negs,1.25,period,1.9722386669600382,None,None,,,,,,,,,,,0,365,365,329,769.5065660830005,,,,,,,,,,,,,,,,,,,,,,,,,,,,,,,,,,,,,,,,,,,,,,,,,,,,,,,,,,,,,,,,,,,,,,,,,769.492214833037,769.5065660830005,770.7409355000127,770.7409355000127,770.7409355000127,770.8156378330314,770.8156378330314,770.8156378330314,771.4843587500509,period,1.9722386669600382,None,771.4844897500006,771.4845453750459,None,,,,,,,,,,,,21040109,2,2026-04-21_12h21.40.188,tilt_mocs,2024.2.4,120.86223023056361,2026-04-21 12h21.51.014415 -0400,
0,-15.0,,366,366,0,,,,,100,0,,,,,c+0,negs,0.5,period,0.9339900410268456,None,None,,,,,,,,,,,0,366,366,429,771.4955697910045,,,,,,,,,,,,,,,,,,,,,,,,,,,,,,,,,,,,,,,,,,,,,,,,,,,,,,,,,,,,,,,,,,,,,,,,,771.4866159580415,771.4955697910045,771.9819558330346,771.9819558330346,771.9819558330346,772.0537721250439,772.0537721250439,772.0537721250439,772.4352375830058,period,0.9339900410268456,None,772.4354071250418,772.4354633750045,None,,,,,,,,,,,,21040109,2,2026-04-21_12h21.40.188,tilt_mocs,2024.2.4,120.86223023056361,2026-04-21 12h21.51.014415 -0400,
-2,-15.0,,367,367,0,,,,,100,0,,,,,c-2,negs,0.5,period,0.771049959002994,None,None,,,,,,,,,,,0,367,367,386,772.4478272499982,,,,,,,,,,,,,,,,,,,,,,,,,,,,,,,,,,,,,,,,,,,,,,,,,,,,,,,,,,,,,,,,,,,,,,,,,772.4388224160066,772.4478272499982,772.9319442910491,772.9319442910491,772.9319442910491,773.004158249998,773.004158249998,773.004158249998,773.2246241249959,period,0.771049959002994,None,773.2247487910208,773.2248028330505,None,,,,,,,,,,,,21040109,2,2026-04-21_12h21.40.188,tilt_mocs,2024.2.4,120.86223023056361,2026-04-21 12h21.51.014415 -0400,
-4,0.0,,368,368,0,,,,,0,100,,,,,c-4,noss,1.25,z,1.82570400001714,None,None,,,,,,,,,,,0,368,368,539,773.235425040999,,,,,,,,,,,,,,,,,,,,,,,,,,,,,,,,,,,,,,,,,,,,,,,,,,,,,,,,,,,,,,,,,,,,,,,,,773.2271400000318,773.235425040999,774.4754105409957,774.4754105409957,774.4754105409957,774.5490696660127,774.5490696660127,774.5490696660127,775.0680380410049,z,1.82570400001714,None,775.0681695000385,775.0682233750122,None,,,,,,,,,,,,21040109,2,2026-04-21_12h21.40.188,tilt_mocs,2024.2.4,120.86223023056361,2026-04-21 12h21.51.014415 -0400,
0,-15.0,,369,369,0,,,,,100,0,,,,,c+0,negs,0.5,z,0.9394649159512483,None,None,,,,,,,,,,,0,369,369,420,775.0792503750417,,,,,,,,,,,,,,,,,,,,,,,,,,,,,,,,,,,,,,,,,,,,,,,,,,,,,,,,,,,,,,,,,,,,,,,,,775.0706283750478,775.0792503750417,775.565279375005,775.565279375005,775.565279375005,775.6374181249994,775.6374181249994,775.6374181249994,776.0253533330397,z,0.9394649159512483,None,776.0255245410372,776.0255939580384,None,,,,,,,,,,,,21040109,2,2026-04-21_12h21.40.188,tilt_mocs,2024.2.4,120.86223023056361,2026-04-21 12h21.51.014415 -0400,
-6,-15.0,,370,370,0,,,,,100,0,,,,,c-6,negs,0.5,z,1.1256469580112025,None,None,,,,,,,,,,,0,370,370,296,776.0368890410173,,,,,,,,,,,,,,,,,,,,,,,,,,,,,,,,,,,,,,,,,,,,,,,,,,,,,,,,,,,,,,,,,,,,,,,,,776.0286560410168,776.0368890410173,776.5251841660356,776.5251841660356,776.5251841660356,776.599020624999,776.599020624999,776.599020624999,777.1681271660491,z,1.1256469580112025,None,777.1683349160012,777.1684297080501,None,,,,,,,,,,,,21040109,2,2026-04-21_12h21.40.188,tilt_mocs,2024.2.4,120.86223023056361,2026-04-21 12h21.51.014415 -0400,
6,15.0,,371,371,0,,,,,100,0,,,,,c+6,poss,0.75,period,1.4714090840425342,None,None,,,,,,,,,,,0,371,371,181,777.1800106250448,,,,,,,,,,,,,,,,,,,,,,,,,,,,,,,,,,,,,,,,,,,,,,,,,,,,,,,,,,,,,,,,,,,,,,,,,777.1708829160198,777.1800106250448,777.9153829580173,777.9153829580173,777.9153829580173,777.9885756250005,777.9885756250005,777.9885756250005,778.6564279580489,period,1.4714090840425342,None,778.6565307080164,778.6565750830341,None,,,,,,,,,,,,21040109,2,2026-04-21_12h21.40.188,tilt_mocs,2024.2.4,120.86223023056361,2026-04-21 12h21.51.014415 -0400,
0,15.0,,372,372,0,,,,,100,0,,,,,c+0,poss,1.25,period,1.7332218749797903,None,None,,,,,,,,,,,0,372,372,77,778.6678153329995,,,,,,,,,,,,,,,,,,,,,,,,,,,,,,,,,,,,,,,,,,,,,,,,,,,,,,,,,,,,,,,,,,,,,,,,,778.6585202910355,778.6678153329995,779.908344416006,779.908344416006,779.908344416006,779.982630708022,779.982630708022,779.982630708022,780.408799833036,period,1.7332218749797903,None,780.408948041033,780.409007875016,None,,,,,,,,,,,,21040109,2,2026-04-21_12h21.40.188,tilt_mocs,2024.2.4,120.86223023056361,2026-04-21 12h21.51.014415 -0400,
-2,15.0,,373,373,0,,,,,100,0,,,,,c-2,poss,1.25,z,1.7346748749841936,None,None,,,,,,,,,,,0,373,373,32,780.4193868330331,,,,,,,,,,,,,,,,,,,,,,,,,,,,,,,,,,,,,,,,,,,,,,,,,,,,,,,,,,,,,,,,,,,,,,,,,780.4111838749959,780.4193868330331,781.6585524160182,781.6585524160182,781.6585524160182,781.7324860829976,781.7324860829976,781.7324860829976,782.1580885410076,z,1.7346748749841936,None,782.1581912499969,782.1582337910077,None,,,,,,,,,,,,21040109,2,2026-04-21_12h21.40.188,tilt_mocs,2024.2.4,120.86223023056361,2026-04-21 12h21.51.014415 -0400,
-4,0.0,,374,374,0,,,,,0,100,,,,,c-4,noss,0.75,z,1.2701989590423182,None,None,,,,,,,,,,,0,374,374,525,782.1686208330211,,,,,,,,,,,,,,,,,,,,,,,,,,,,,,,,,,,,,,,,,,,,,,,,,,,,,,,,,,,,,,,,,,,,,,,,,782.160193165997,782.1686208330211,782.9081392910448,782.9081392910448,782.9081392910448,782.9826103750383,782.9826103750383,782.9826103750383,783.4501369160134,z,1.2701989590423182,None,783.450248625013,783.4502924160333,None,,,,,,,,,,,,21040109,2,2026-04-21_12h21.40.188,tilt_mocs,2024.2.4,120.86223023056361,2026-04-21 12h21.51.014415 -0400,
0,-15.0,,375,375,0,,,,,100,0,,,,,c+0,negs,1.0,period,1.6426742499461398,None,None,,,,,,,,,,,0,375,375,447,783.4582045000279,,,,,,,,,,,,,,,,,,,,,,,,,,,,,,,,,,,,,,,,,,,,,,,,,,,,,,,,,,,,,,,,,,,,,,,,,783.4526829160168,783.4582045000279,784.4423327500117,784.4423327500117,784.4423327500117,784.5161229160149,784.5161229160149,784.5161229160149,785.1068099580007,period,1.6426742499461398,None,785.1069429580239,785.1070100000361,None,,,,,,,,,,,,21040109,2,2026-04-21_12h21.40.188,tilt_mocs,2024.2.4,120.86223023056361,2026-04-21 12h21.51.014415 -0400,
-2,0.0,,376,376,0,,,,,0,100,,,,,c-2,noss,0.75,z,1.3068231249926612,None,None,,,,,,,,,,,0,376,376,558,785.1179433750222,,,,,,,,,,,,,,,,,,,,,,,,,,,,,,,,,,,,,,,,,,,,,,,,,,,,,,,,,,,,,,,,,,,,,,,,,785.1089774580323,785.1179433750222,785.8580835410394,785.8580835410394,785.8580835410394,785.9329037500429,785.9329037500429,785.9329037500429,786.4352034580079,z,1.3068231249926612,None,786.4353660829947,786.4354259580141,None,,,,,,,,,,,,21040109,2,2026-04-21_12h21.40.188,tilt_mocs,2024.2.4,120.86223023056361,2026-04-21 12h21.51.014415 -0400,
-2,15.0,,377,377,0,,,,,100,0,,,,,c-2,poss,0.5,z,0.945675749971997,None,None,,,,,,,,,,,0,377,377,10,786.4476017910056,,,,,,,,,,,,,,,,,,,,,,,,,,,,,,,,,,,,,,,,,,,,,,,,,,,,,,,,,,,,,,,,,,,,,,,,,786.4384113330161,786.4476017910056,786.9325628750375,786.9325628750375,786.9325628750375,787.004331083037,787.004331083037,787.004331083037,787.4019972080132,z,0.945675749971997,None,787.4022287499974,787.4023146250402,None,,,,,,,,,,,,21040109,2,2026-04-21_12h21.40.188,tilt_mocs,2024.2.4,120.86223023056361,2026-04-21 12h21.51.014415 -0400,
2,-15.0,,378,378,0,,,,,100,0,,,,,c+2,negs,0.75,z,1.043737499974668,None,None,,,,,,,,,,,0,378,378,482,787.4138182080351,,,,,,,,,,,,,,,,,,,,,,,,,,,,,,,,,,,,,,,,,,,,,,,,,,,,,,,,,,,,,,,,,,,,,,,,,787.40475341602,787.4138182080351,788.1493092500023,788.1493092500023,788.1493092500023,788.2223409580183,788.2223409580183,788.2223409580183,788.4688525000238,z,1.043737499974668,None,788.4691078750184,788.4692185830208,None,,,,,,,,,,,,21040109,2,2026-04-21_12h21.40.188,tilt_mocs,2024.2.4,120.86223023056361,2026-04-21 12h21.51.014415 -0400,
-4,0.0,,379,379,0,,,,,0,100,,,,,c-4,noss,0.75,z,1.252471957996022,None,None,,,,,,,,,,,0,379,379,522,788.4814245830057,,,,,,,,,,,,,,,,,,,,,,,,,,,,,,,,,,,,,,,,,,,,,,,,,,,,,,,,,,,,,,,,,,,,,,,,,788.4719195000362,788.4814245830057,789.2158376660082,789.2158376660082,789.2158376660082,789.2875335830031,789.2875335830031,789.2875335830031,789.7457806250313,z,1.252471957996022,None,789.7458858750178,789.7459313330473,None,,,,,,,,,,,,21040109,2,2026-04-21_12h21.40.188,tilt_mocs,2024.2.4,120.86223023056361,2026-04-21 12h21.51.014415 -0400,
-4,0.0,,380,380,0,,,,,0,100,,,,,c-4,noss,0.5,z,0.9809897909872234,None,None,,,,,,,,,,,0,380,380,508,789.7525026250514,,,,,,,,,,,,,,,,,,,,,,,,,,,,,,,,,,,,,,,,,,,,,,,,,,,,,,,,,,,,,,,,,,,,,,,,,789.747941041016,789.7525026250514,790.2415574580082,790.2415574580082,790.2415574580082,790.3165265000425,790.3165265000425,790.3165265000425,790.7397426250391,z,0.9809897909872234,None,790.7398725410458,790.7399326660088,None,,,,,,,,,,,,21040109,2,2026-04-21_12h21.40.188,tilt_mocs,2024.2.4,120.86223023056361,2026-04-21 12h21.51.014415 -0400,
4,0.0,,381,381,0,,,,,0,100,,,,,c+4,noss,1.0,period,1.7488604580285028,None,None,,,,,,,,,,,0,381,381,698,790.7515841250424,,,,,,,,,,,,,,,,,,,,,,,,,,,,,,,,,,,,,,,,,,,,,,,,,,,,,,,,,,,,,,,,,,,,,,,,,790.7419382910011,790.7515841250424,791.7413003750262,791.7413003750262,791.7413003750262,791.8164167909999,791.8164167909999,791.8164167909999,792.5123418750009,period,1.7488604580285028,None,792.5124470000155,792.5124910000013,None,,,,,,,,,,,,21040109,2,2026-04-21_12h21.40.188,tilt_mocs,2024.2.4,120.86223023056361,2026-04-21 12h21.51.014415 -0400,
-2,0.0,,382,382,0,,,,,0,100,,,,,c-2,noss,0.75,z,1.481863875000272,None,None,,,,,,,,,,,0,382,382,562,792.5190158750047,,,,,,,,,,,,,,,,,,,,,,,,,,,,,,,,,,,,,,,,,,,,,,,,,,,,,,,,,,,,,,,,,,,,,,,,,792.5145036660251,792.5190158750047,793.2579745000112,793.2579745000112,793.2579745000112,793.3332317500026,793.3332317500026,793.3332317500026,794.0135939580505,z,1.481863875000272,None,794.0136934580514,794.0137390830205,None,,,,,,,,,,,,21040109,2,2026-04-21_12h21.40.188,tilt_mocs,2024.2.4,120.86223023056361,2026-04-21 12h21.51.014415 -0400,
-4,0.0,,383,383,0,,,,,0,100,,,,,c-4,noss,0.5,z,1.2028536249999888,None,None,,,,,,,,,,,0,383,383,512,794.0208489579963,,,,,,,,,,,,,,,,,,,,,,,,,,,,,,,,,,,,,,,,,,,,,,,,,,,,,,,,,,,,,,,,,,,,,,,,,794.0157752080122,794.0208489579963,794.5082987910137,794.5082987910137,794.5082987910137,794.5829023330007,794.5829023330007,794.5829023330007,795.2355972080259,z,1.2028536249999888,None,795.2357477500336,795.2358050410403,None,,,,,,,,,,,,21040109,2,2026-04-21_12h21.40.188,tilt_mocs,2024.2.4,120.86223023056361,2026-04-21 12h21.51.014415 -0400,
-4,-15.0,,384,384,0,,,,,100,0,,,,,c-4,negs,0.5,z,2.010355292004533,None,None,,,,,,,,,,,0,384,384,337,795.2473039580509,,,,,,,,,,,,,,,,,,,,,,,,,,,,,,,,,,,,,,,,,,,,,,,,,,,,,,,,,,,,,,,,,,,,,,,,,795.2381092910073,795.2473039580509,795.7326280410052,795.7326280410052,795.7326280410052,795.8047342500067,795.8047342500067,795.8047342500067,797.2688459160272,z,2.010355292004533,None,797.2689783750102,797.2690332500497,None,,,,,,,,,,,,21040109,2,2026-04-21_12h21.40.188,tilt_mocs,2024.2.4,120.86223023056361,2026-04-21 12h21.51.014415 -0400,
6,15.0,,385,385,0,,,,,100,0,,,,,c+6,poss,0.5,period,1.0357072500046343,None,None,,,,,,,,,,,0,385,385,178,797.2803337910445,,,,,,,,,,,,,,,,,,,,,,,,,,,,,,,,,,,,,,,,,,,,,,,,,,,,,,,,,,,,,,,,,,,,,,,,,797.2713710000389,797.2803337910445,797.7788520000177,797.7788520000177,797.7788520000177,797.8656167500303,797.8656167500303,797.8656167500303,798.3189165830263,period,1.0357072500046343,None,798.3190918750479,798.3192769160378,None,,,,,,,,,,,,21040109,2,2026-04-21_12h21.40.188,tilt_mocs,2024.2.4,120.86223023056361,2026-04-21 12h21.51.014415 -0400,
-6,-15.0,,386,386,0,,,,,100,0,,,,,c-6,negs,0.75,z,4.785905707976781,None,None,,,,,,,,,,,0,386,386,314,798.3361692080507,,,,,,,,,,,,,,,,,,,,,,,,,,,,,,,,,,,,,,,,,,,,,,,,,,,,,,,,,,,,,,,,,,,,,,,,,798.3219205409987,798.3361692080507,799.0658799580415,799.0658799580415,799.0658799580415,799.138531625038,799.138531625038,799.138531625038,803.1248788750381,z,4.785905707976781,None,803.1249814160401,803.125025166024,None,,,,,,,,,,,,21040109,2,2026-04-21_12h21.40.188,tilt_mocs,2024.2.4,120.86223023056361,2026-04-21 12h21.51.014415 -0400,
-4,-15.0,,387,387,0,,,,,100,0,,,,,c-4,negs,1.0,z,3.8815470000263304,None,None,,,,,,,,,,,0,387,387,361,803.1358364160405,,,,,,,,,,,,,,,,,,,,,,,,,,,,,,,,,,,,,,,,,,,,,,,,,,,,,,,,,,,,,,,,,,,,,,,,,803.1270224160398,803.1358364160405,804.1262258330244,804.1262258330244,804.1262258330244,804.200130916026,804.200130916026,804.200130916026,807.0201245830394,z,3.8815470000263304,None,807.0202956660069,807.0203559580259,None,,,,,,,,,,,,21040109,2,2026-04-21_12h21.40.188,tilt_mocs,2024.2.4,120.86223023056361,2026-04-21 12h21.51.014415 -0400,
-6,-15.0,,388,388,0,,,,,100,0,,,,,c-6,negs,0.5,period,1.1573936250060797,None,None,,,,,,,,,,,0,388,388,299,807.0371902080369,,,,,,,,,,,,,,,,,,,,,,,,,,,,,,,,,,,,,,,,,,,,,,,,,,,,,,,,,,,,,,,,,,,,,,,,,807.022895416012,807.0371902080369,807.5164373750449,807.5164373750449,807.5164373750449,807.589326166024,807.589326166024,807.589326166024,808.2025976660079,period,1.1573936250060797,None,808.2028449579957,808.2029616250074,None,,,,,,,,,,,,21040109,2,2026-04-21_12h21.40.188,tilt_mocs,2024.2.4,120.86223023056361,2026-04-21 12h21.51.014415 -0400,
-2,15.0,,389,389,0,,,,,100,0,,,,,c-2,poss,0.75,z,1.3202146249823272,None,None,,,,,,,,,,,0,389,389,15,808.2144979160512,,,,,,,,,,,,,,,,,,,,,,,,,,,,,,,,,,,,,,,,,,,,,,,,,,,,,,,,,,,,,,,,,,,,,,,,,808.2054889580468,808.2144979160512,808.9489092080039,808.9489092080039,808.9489092080039,809.0218788330094,809.0218788330094,809.0218788330094,809.5463466250221,z,1.3202146249823272,None,809.546450875001,809.5464936660137,None,,,,,,,,,,,,21040109,2,2026-04-21_12h21.40.188,tilt_mocs,2024.2.4,120.86223023056361,2026-04-21 12h21.51.014415 -0400,
4,0.0,,390,390,0,,,,,0,100,,,,,c+4,noss,1.0,period,1.5670484160073102,None,None,,,,,,,,,,,0,390,390,696,809.5530632080045,,,,,,,,,,,,,,,,,,,,,,,,,,,,,,,,,,,,,,,,,,,,,,,,,,,,,,,,,,,,,,,,,,,,,,,,,809.5484734580386,809.5530632080045,810.5428711660206,810.5428711660206,810.5428711660206,810.6169871659949,810.6169871659949,810.6169871659949,811.1250171250431,period,1.5670484160073102,None,811.1251251250505,811.1251689160126,None,,,,,,,,,,,,21040109,2,2026-04-21_12h21.40.188,tilt_mocs,2024.2.4,120.86223023056361,2026-04-21 12h21.51.014415 -0400,
0,-15.0,,391,391,0,,,,,100,0,,,,,c+0,negs,1.0,period,1.5032871669973247,None,None,,,,,,,,,,,0,391,391,449,811.1360655830358,,,,,,,,,,,,,,,,,,,,,,,,,,,,,,,,,,,,,,,,,,,,,,,,,,,,,,,,,,,,,,,,,,,,,,,,,811.1271690830472,811.1360655830358,812.1259649580461,812.1259649580461,812.1259649580461,812.2005943750264,812.2005943750264,812.2005943750264,812.6420354160364,period,1.5032871669973247,None,812.6421598330489,812.6422165830154,None,,,,,,,,,,,,21040109,2,2026-04-21_12h21.40.188,tilt_mocs,2024.2.4,120.86223023056361,2026-04-21 12h21.51.014415 -0400,
0,0.0,,392,392,0,,,,,0,100,,,,,c+0,noss,0.75,period,1.2377431669738144,None,None,,,,,,,,,,,0,392,392,602,812.6527873330051,,,,,,,,,,,,,,,,,,,,,,,,,,,,,,,,,,,,,,,,,,,,,,,,,,,,,,,,,,,,,,,,,,,,,,,,,812.6442276250455,812.6527873330051,813.3933775000041,813.3933775000041,813.3933775000041,813.4671007500147,813.4671007500147,813.4671007500147,813.9033235000097,period,1.2377431669738144,None,813.9034244579962,813.9034677910386,None,,,,,,,,,,,,21040109,2,2026-04-21_12h21.40.188,tilt_mocs,2024.2.4,120.86223023056361,2026-04-21 12h21.51.014415 -0400,
2,15.0,,393,393,0,,,,,100,0,,,,,c+2,poss,0.5,z,1.8963282499462366,None,None,,,,,,,,,,,0,393,393,84,813.9171927080024,,,,,,,,,,,,,,,,,,,,,,,,,,,,,,,,,,,,,,,,,,,,,,,,,,,,,,,,,,,,,,,,,,,,,,,,,813.9054560410441,813.9171927080024,814.4000549580087,814.4000549580087,814.4000549580087,814.4721375000081,814.4721375000081,814.4721375000081,815.8196980000357,z,1.8963282499462366,None,815.8198694160092,815.8199279580149,None,,,,,,,,,,,,21040109,2,2026-04-21_12h21.40.188,tilt_mocs,2024.2.4,120.86223023056361,2026-04-21 12h21.51.014415 -0400,
2,-15.0,,394,394,0,,,,,100,0,,,,,c+2,negs,0.5,period,0.9354611670132726,None,None,,,,,,,,,,,0,394,394,471,815.8316457080073,,,,,,,,,,,,,,,,,,,,,,,,,,,,,,,,,,,,,,,,,,,,,,,,,,,,,,,,,,,,,,,,,,,,,,,,,815.8226941250032,815.8316457080073,816.3166955000488,816.3166955000488,816.3166955000488,816.3888425830519,816.3888425830519,816.3888425830519,816.7697347500362,period,0.9354611670132726,None,816.7699179580086,816.7699697500211,None,,,,,,,,,,,,21040109,2,2026-04-21_12h21.40.188,tilt_mocs,2024.2.4,120.86223023056361,2026-04-21 12h21.51.014415 -0400,
-8,-15.0,,395,395,0,,,,,100,0,,,,,c-8,negs,1.0,z,1.3589982090052217,None,None,,,,,,,,,,,0,395,395,275,816.7817690829979,,,,,,,,,,,,,,,,,,,,,,,,,,,,,,,,,,,,,,,,,,,,,,,,,,,,,,,,,,,,,,,,,,,,,,,,,816.7725911250454,816.7817690829979,817.7668158750166,817.7668158750166,817.7668158750166,817.8391127500217,817.8391127500217,817.8391127500217,818.1517510410049,z,1.3589982090052217,None,818.1518749580137,818.1519265410025,None,,,,,,,,,,,,21040109,2,2026-04-21_12h21.40.188,tilt_mocs,2024.2.4,120.86223023056361,2026-04-21 12h21.51.014415 -0400,
2,0.0,,396,396,0,,,,,0,100,,,,,c+2,noss,0.5,period,0.9468585000140592,None,None,,,,,,,,,,,0,396,396,637,818.1624324160512,,,,,,,,,,,,,,,,,,,,,,,,,,,,,,,,,,,,,,,,,,,,,,,,,,,,,,,,,,,,,,,,,,,,,,,,,818.1538893750403,818.1624324160512,818.6501595830196,818.6501595830196,818.6501595830196,818.7221043750178,818.7221043750178,818.7221043750178,819.1194994160323,period,0.9468585000140592,None,819.1196682080044,819.1197270000121,None,,,,,,,,,,,,21040109,2,2026-04-21_12h21.40.188,tilt_mocs,2024.2.4,120.86223023056361,2026-04-21 12h21.51.014415 -0400,
0,0.0,,397,397,0,,,,,0,100,,,,,c+0,noss,0.75,period,0.07541345898061991,None,None,,,,,,,,,,,0,397,397,605,819.1317425830057,,,,,,,,,,,,,,,,,,,,,,,,,,,,,,,,,,,,,,,,,,,,,,,,,,,,,,,,,,,,,,,,,,,,,,,,,819.1224138330435,819.1317425830057,,,,,,,819.219475165999,period,0.07541345898061991,None,819.2196008330211,819.2196582500474,None,,,,,,,,,,,,21040109,2,2026-04-21_12h21.40.188,tilt_mocs,2024.2.4,120.86223023056361,2026-04-21 12h21.51.014415 -0400,
2,15.0,,398,398,0,,,,,100,0,,,,,c+2,poss,1.0,period,0.8372667499934323,None,None,,,,,,,,,,,0,398,398,107,819.2303825000417,,,,,,,,,,,,,,,,,,,,,,,,,,,,,,,,,,,,,,,,,,,,,,,,,,,,,,,,,,,,,,,,,,,,,,,,,819.2218815000379,819.2303825000417,,,,,,,820.0702578750206,period,0.8372667499934323,None,820.0704180410248,820.070499250025,None,,,,,,,,,,,,21040109,2,2026-04-21_12h21.40.188,tilt_mocs,2024.2.4,120.86223023056361,2026-04-21 12h21.51.014415 -0400,
2,-15.0,,399,399,0,,,,,100,0,,,,,c+2,negs,1.0,period,1.5352947079809383,None,None,,,,,,,,,,,0,399,399,488,820.0829708750243,,,,,,,,,,,,,,,,,,,,,,,,,,,,,,,,,,,,,,,,,,,,,,,,,,,,,,,,,,,,,,,,,,,,,,,,,820.0737195000402,820.0829708750243,821.0668349160114,821.0668349160114,821.0668349160114,821.1396450410248,821.1396450410248,821.1396450410248,821.6303005410009,period,1.5352947079809383,None,821.6304038329981,821.6304481250118,None,,,,,,,,,,,,21040109,2,2026-04-21_12h21.40.188,tilt_mocs,2024.2.4,120.86223023056361,2026-04-21 12h21.51.014415 -0400,
-8,-15.0,,400,400,0,,,,,100,0,,,,,c-8,negs,0.75,period,1.2149287089705467,None,None,,,,,,,,,,,0,400,400,269,821.6368930000463,,,,,,,,,,,,,,,,,,,,,,,,,,,,,,,,,,,,,,,,,,,,,,,,,,,,,,,,,,,,,,,,,,,,,,,,,821.6324724580045,821.6368930000463,822.3761229160009,822.3761229160009,822.3761229160009,822.4510962080094,822.4510962080094,822.4510962080094,822.8635779580218,period,1.2149287089705467,None,822.8636783330003,822.8637408330105,None,,,,,,,,,,,,21040109,2,2026-04-21_12h21.40.188,tilt_mocs,2024.2.4,120.86223023056361,2026-04-21 12h21.51.014415 -0400,
2,-15.0,,401,401,0,,,,,100,0,,,,,c+2,negs,1.25,period,0.5809655840275809,None,None,,,,,,,,,,,0,401,401,501,822.870205083047,,,,,,,,,,,,,,,,,,,,,,,,,,,,,,,,,,,,,,,,,,,,,,,,,,,,,,,,,,,,,,,,,,,,,,,,,822.8656712500378,822.870205083047,,,,,,,823.4539683750481,period,0.5809655840275809,None,823.4541166250128,823.4541831660317,None,,,,,,,,,,,,21040109,2,2026-04-21_12h21.40.188,tilt_mocs,2024.2.4,120.86223023056361,2026-04-21 12h21.51.014415 -0400,
-2,-15.0,,402,402,0,,,,,100,0,,,,,c-2,negs,0.75,period,2.843574875034392,None,None,,,,,,,,,,,0,402,402,395,823.4651462500333,,,,,,,,,,,,,,,,,,,,,,,,,,,,,,,,,,,,,,,,,,,,,,,,,,,,,,,,,,,,,,,,,,,,,,,,,823.4564266250236,823.4651462500333,824.1996380000492,824.1996380000492,824.1996380000492,824.272436875035,824.272436875035,824.272436875035,826.3197690829984,period,2.843574875034392,None,826.3198905830504,826.3199365830515,None,,,,,,,,,,,,21040109,2,2026-04-21_12h21.40.188,tilt_mocs,2024.2.4,120.86223023056361,2026-04-21 12h21.51.014415 -0400,
8,15.0,,403,403,0,,,,,100,0,,,,,c+8,poss,1.0,period,1.4907662919722497,None,None,,,,,,,,,,,0,403,403,235,826.3309115410084,,,,,,,,,,,,,,,,,,,,,,,,,,,,,,,,,,,,,,,,,,,,,,,,,,,,,,,,,,,,,,,,,,,,,,,,,826.3219936250243,826.3309115410084,827.3171092910343,827.3171092910343,827.3171092910343,827.3888480410096,827.3888480410096,827.3888480410096,827.8251546249958,period,1.4907662919722497,None,827.8252586660092,827.8253010000335,None,,,,,,,,,,,,21040109,2,2026-04-21_12h21.40.188,tilt_mocs,2024.2.4,120.86223023056361,2026-04-21 12h21.51.014415 -0400,
2,0.0,,404,404,0,,,,,0,100,,,,,c+2,noss,1.0,period,1.4479832499637268,None,None,,,,,,,,,,,0,404,404,652,827.8362366250367,,,,,,,,,,,,,,,,,,,,,,,,,,,,,,,,,,,,,,,,,,,,,,,,,,,,,,,,,,,,,,,,,,,,,,,,,827.8272511250107,827.8362366250367,828.8268685000367,828.8268685000367,828.8268685000367,828.9009632500238,828.9009632500238,828.9009632500238,829.2867732500308,period,1.4479832499637268,None,829.2869432500447,829.2870030410122,None,,,,,,,,,,,,21040109,2,2026-04-21_12h21.40.188,tilt_mocs,2024.2.4,120.86223023056361,2026-04-21 12h21.51.014415 -0400,
2,-15.0,,405,405,0,,,,,100,0,,,,,c+2,negs,1.0,period,1.418879333010409,None,None,,,,,,,,,,,0,405,405,487,829.2990153330029,,,,,,,,,,,,,,,,,,,,,,,,,,,,,,,,,,,,,,,,,,,,,,,,,,,,,,,,,,,,,,,,,,,,,,,,,829.2898361660191,829.2990153330029,830.2839747500257,830.2839747500257,830.2839747500257,830.3559770830325,830.3559770830325,830.3559770830325,830.723260416009,period,1.418879333010409,None,830.7233627500245,830.7234081660281,None,,,,,,,,,,,,21040109,2,2026-04-21_12h21.40.188,tilt_mocs,2024.2.4,120.86223023056361,2026-04-21 12h21.51.014415 -0400,
-2,-15.0,,406,406,0,,,,,100,0,,,,,c-2,negs,0.5,z,1.7602531660231762,None,None,,,,,,,,,,,0,406,406,382,830.734121541027,,,,,,,,,,,,,,,,,,,,,,,,,,,,,,,,,,,,,,,,,,,,,,,,,,,,,,,,,,,,,,,,,,,,,,,,,830.7253335830173,830.734121541027,831.2172142500058,831.2172142500058,831.2172142500058,831.28945070802,831.28945070802,831.28945070802,832.5033342500101,z,1.7602531660231762,None,832.503507291025,832.5035594160436,None,,,,,,,,,,,,21040109,2,2026-04-21_12h21.40.188,tilt_mocs,2024.2.4,120.86223023056361,2026-04-21 12h21.51.014415 -0400,
6,15.0,,407,407,0,,,,,100,0,,,,,c+6,poss,1.25,period,1.8579602499958128,None,None,,,,,,,,,,,0,407,407,204,832.5154222080018,,,,,,,,,,,,,,,,,,,,,,,,,,,,,,,,,,,,,,,,,,,,,,,,,,,,,,,,,,,,,,,,,,,,,,,,,832.506581625028,832.5154222080018,833.7498420830234,833.7498420830234,833.7498420830234,833.8229486659984,833.8229486659984,833.8229486659984,834.3764444999979,period,1.8579602499958128,None,834.3766616660287,834.3767700410099,None,,,,,,,,,,,,21040109,2,2026-04-21_12h21.40.188,tilt_mocs,2024.2.4,120.86223023056361,2026-04-21 12h21.51.014415 -0400,
2,0.0,,408,408,0,,,,,0,100,,,,,c+2,noss,0.5,period,0.6398198750102893,None,None,,,,,,,,,,,0,408,408,640,834.3875454160152,,,,,,,,,,,,,,,,,,,,,,,,,,,,,,,,,,,,,,,,,,,,,,,,,,,,,,,,,,,,,,,,,,,,,,,,,834.3792867500451,834.3875454160152,834.876264874998,834.876264874998,834.876264874998,834.9512220000033,834.9512220000033,834.9512220000033,835.0367527500493,period,0.6398198750102893,None,835.0368764160085,835.0369294580305,None,,,,,,,,,,,,21040109,2,2026-04-21_12h21.40.188,tilt_mocs,2024.2.4,120.86223023056361,2026-04-21 12h21.51.014415 -0400,
-6,-15.0,,409,409,0,,,,,100,0,,,,,c-6,negs,0.75,period,0.4113419160130434,None,None,,,,,,,,,,,0,409,409,305,835.0472948750248,,,,,,,,,,,,,,,,,,,,,,,,,,,,,,,,,,,,,,,,,,,,,,,,,,,,,,,,,,,,,,,,,,,,,,,,,835.0390148750157,835.0472948750248,,,,,,,835.4700573330047,period,0.4113419160130434,None,835.4701834580046,835.4702475000522,None,,,,,,,,,,,,21040109,2,2026-04-21_12h21.40.188,tilt_mocs,2024.2.4,120.86223023056361,2026-04-21 12h21.51.014415 -0400,
2,-15.0,,410,410,0,,,,,100,0,,,,,c+2,negs,0.75,period,0.3977900840109214,None,None,,,,,,,,,,,0,410,410,477,835.4814840410254,,,,,,,,,,,,,,,,,,,,,,,,,,,,,,,,,,,,,,,,,,,,,,,,,,,,,,,,,,,,,,,,,,,,,,,,,835.4727560000028,835.4814840410254,,,,,,,835.8862492910121,period,0.3977900840109214,None,835.886346083018,835.8863919160212,None,,,,,,,,,,,,21040109,2,2026-04-21_12h21.40.188,tilt_mocs,2024.2.4,120.86223023056361,2026-04-21 12h21.51.014415 -0400,
-2,15.0,,411,411,0,,,,,100,0,,,,,c-2,poss,1.0,period,5.904441666032653,None,None,,,,,,,,,,,0,411,411,29,835.8968418750446,,,,,,,,,,,,,,,,,,,,,,,,,,,,,,,,,,,,,,,,,,,,,,,,,,,,,,,,,,,,,,,,,,,,,,,,,835.8883529160521,835.8968418750446,836.8840877910261,836.8840877910261,836.8840877910261,836.9571851250366,836.9571851250366,836.9571851250366,841.8037100830115,period,5.904441666032653,None,841.80383995804,841.8038969580084,None,,,,,,,,,,,,21040109,2,2026-04-21_12h21.40.188,tilt_mocs,2024.2.4,120.86223023056361,2026-04-21 12h21.51.014415 -0400,
0,15.0,,412,412,0,,,,,100,0,,,,,c+0,poss,1.0,z,1.5286988749867305,None,None,,,,,,,,,,,0,412,412,70,841.815059458022,,,,,,,,,,,,,,,,,,,,,,,,,,,,,,,,,,,,,,,,,,,,,,,,,,,,,,,,,,,,,,,,,,,,,,,,,841.8060806250433,841.815059458022,842.800289750041,842.800289750041,842.800289750041,842.8730743750348,842.8730743750348,842.8730743750348,843.3536382080056,z,1.5286988749867305,None,843.3537675410043,843.3538269160199,None,,,,,,,,,,,,21040109,2,2026-04-21_12h21.40.188,tilt_mocs,2024.2.4,120.86223023056361,2026-04-21 12h21.51.014415 -0400,
-8,-15.0,,413,413,0,,,,,100,0,,,,,c-8,negs,1.0,z,1.575415958010126,None,None,,,,,,,,,,,0,413,413,279,843.3650149580208,,,,,,,,,,,,,,,,,,,,,,,,,,,,,,,,,,,,,,,,,,,,,,,,,,,,,,,,,,,,,,,,,,,,,,,,,843.3562864999985,843.3650149580208,844.3510254160501,844.3510254160501,844.3510254160501,844.4229536660132,844.4229536660132,844.4229536660132,844.9429057910456,z,1.575415958010126,None,844.9430337499944,844.9430888330098,None,,,,,,,,,,,,21040109,2,2026-04-21_12h21.40.188,tilt_mocs,2024.2.4,120.86223023056361,2026-04-21 12h21.51.014415 -0400,
-8,-15.0,,414,414,0,,,,,100,0,,,,,c-8,negs,0.75,z,1.264283999975305,None,None,,,,,,,,,,,0,414,414,273,844.9540303330286,,,,,,,,,,,,,,,,,,,,,,,,,,,,,,,,,,,,,,,,,,,,,,,,,,,,,,,,,,,,,,,,,,,,,,,,,844.9452802080195,844.9540303330286,845.6942573330016,845.6942573330016,845.6942573330016,845.7682369580143,845.7682369580143,845.7682369580143,846.2213944999967,z,1.264283999975305,None,846.2215483750333,846.2216088330024,None,,,,,,,,,,,,21040109,2,2026-04-21_12h21.40.188,tilt_mocs,2024.2.4,120.86223023056361,2026-04-21 12h21.51.014415 -0400,
4,15.0,,415,415,0,,,,,100,0,,,,,c+4,poss,1.0,period,1.7858428329927847,None,None,,,,,,,,,,,0,415,415,150,846.2335899580503,,,,,,,,,,,,,,,,,,,,,,,,,,,,,,,,,,,,,,,,,,,,,,,,,,,,,,,,,,,,,,,,,,,,,,,,,846.2242672500433,846.2335899580503,847.2171822910313,847.2171822910313,847.2171822910313,847.291071958025,847.291071958025,847.291071958025,848.0311732910341,period,1.7858428329927847,None,848.0312710000435,848.0313140409999,None,,,,,,,,,,,,21040109,2,2026-04-21_12h21.40.188,tilt_mocs,2024.2.4,120.86223023056361,2026-04-21 12h21.51.014415 -0400,
2,-15.0,,416,416,0,,,,,100,0,,,,,c+2,negs,0.5,period,1.0074517079629004,None,None,,,,,,,,,,,0,416,416,464,848.0377242910326,,,,,,,,,,,,,,,,,,,,,,,,,,,,,,,,,,,,,,,,,,,,,,,,,,,,,,,,,,,,,,,,,,,,,,,,,848.0333189160447,848.0377242910326,848.5273717080127,848.5273717080127,848.5273717080127,848.6017129160464,848.6017129160464,848.6017129160464,849.0536019160063,period,1.0074517079629004,None,849.0537264580489,849.05378216604,None,,,,,,,,,,,,21040109,2,2026-04-21_12h21.40.188,tilt_mocs,2024.2.4,120.86223023056361,2026-04-21 12h21.51.014415 -0400,
0,-15.0,,417,417,0,,,,,100,0,,,,,c+0,negs,1.25,period,1.7595875409897417,None,None,,,,,,,,,,,0,417,417,454,849.0650275410153,,,,,,,,,,,,,,,,,,,,,,,,,,,,,,,,,,,,,,,,,,,,,,,,,,,,,,,,,,,,,,,,,,,,,,,,,849.0560768750147,849.0650275410153,850.3005865410087,850.3005865410087,850.3005865410087,850.3732013330446,850.3732013330446,850.3732013330446,850.8371119160438,period,1.7595875409897417,None,850.837244541035,850.8372977499967,None,,,,,,,,,,,,21040109,2,2026-04-21_12h21.40.188,tilt_mocs,2024.2.4,120.86223023056361,2026-04-21 12h21.51.014415 -0400,
-2,-15.0,,418,418,0,,,,,100,0,,,,,c-2,negs,0.75,period,1.0433799169841222,None,None,,,,,,,,,,,0,418,418,391,850.8484222910483,,,,,,,,,,,,,,,,,,,,,,,,,,,,,,,,,,,,,,,,,,,,,,,,,,,,,,,,,,,,,,,,,,,,,,,,,850.8397253330331,850.8484222910483,851.5846674580243,851.5846674580243,851.5846674580243,851.65622587502,851.65622587502,851.65622587502,851.9039819580503,period,1.0433799169841222,None,851.9041038330179,851.904156958044,None,,,,,,,,,,,,21040109,2,2026-04-21_12h21.40.188,tilt_mocs,2024.2.4,120.86223023056361,2026-04-21 12h21.51.014415 -0400,
4,0.0,,419,419,0,,,,,0,100,,,,,c+4,noss,1.25,period,1.5951726249768399,None,None,,,,,,,,,,,0,419,419,709,851.9147541249986,,,,,,,,,,,,,,,,,,,,,,,,,,,,,,,,,,,,,,,,,,,,,,,,,,,,,,,,,,,,,,,,,,,,,,,,,851.906155958015,851.9147541249986,853.1513830409967,853.1513830409967,853.1513830409967,853.2238134160289,853.2238134160289,853.2238134160289,853.521174375026,period,1.5951726249768399,None,853.5213565000449,853.5214172500418,None,,,,,,,,,,,,21040109,2,2026-04-21_12h21.40.188,tilt_mocs,2024.2.4,120.86223023056361,2026-04-21 12h21.51.014415 -0400,
4,0.0,,420,420,0,,,,,0,100,,,,,c+4,noss,0.75,period,1.1513870420167223,None,None,,,,,,,,,,,0,420,420,691,853.5336933750077,,,,,,,,,,,,,,,,,,,,,,,,,,,,,,,,,,,,,,,,,,,,,,,,,,,,,,,,,,,,,,,,,,,,,,,,,853.5244430000312,853.5336933750077,854.2680782499956,854.2680782499956,854.2680782499956,854.340901166026,854.340901166026,854.340901166026,854.6876134580234,period,1.1513870420167223,None,854.6877735410235,854.6878557080054,None,,,,,,,,,,,,21040109,2,2026-04-21_12h21.40.188,tilt_mocs,2024.2.4,120.86223023056361,2026-04-21 12h21.51.014415 -0400,
-4,-15.0,,421,421,0,,,,,100,0,,,,,c-4,negs,1.0,period,1.3579967909608968,None,None,,,,,,,,,,,0,421,421,367,854.6998108330299,,,,,,,,,,,,,,,,,,,,,,,,,,,,,,,,,,,,,,,,,,,,,,,,,,,,,,,,,,,,,,,,,,,,,,,,,854.6905394160422,854.6998108330299,855.6848889160319,855.6848889160319,855.6848889160319,855.7575543330167,855.7575543330167,855.7575543330167,856.0603270410211,period,1.3579967909608968,None,856.0604577910271,856.0605015000328,None,,,,,,,,,,,,21040109,2,2026-04-21_12h21.40.188,tilt_mocs,2024.2.4,120.86223023056361,2026-04-21 12h21.51.014415 -0400,
-4,0.0,,422,422,0,,,,,0,100,,,,,c-4,noss,0.75,z,1.2700913330190815,None,None,,,,,,,,,,,0,422,422,515,856.0711470830138,,,,,,,,,,,,,,,,,,,,,,,,,,,,,,,,,,,,,,,,,,,,,,,,,,,,,,,,,,,,,,,,,,,,,,,,,856.0624855830101,856.0711470830138,856.8111225000466,856.8111225000466,856.8111225000466,856.8852650000481,856.8852650000481,856.8852650000481,857.3438892500126,z,1.2700913330190815,None,857.3440516249975,857.3441061660415,None,,,,,,,,,,,,21040109,2,2026-04-21_12h21.40.188,tilt_mocs,2024.2.4,120.86223023056361,2026-04-21 12h21.51.014415 -0400,
-2,0.0,,423,423,0,,,,,0,100,,,,,c-2,noss,0.75,z,1.2134596250252798,None,None,,,,,,,,,,,0,423,423,561,857.3552888330305,,,,,,,,,,,,,,,,,,,,,,,,,,,,,,,,,,,,,,,,,,,,,,,,,,,,,,,,,,,,,,,,,,,,,,,,,857.3470002500108,857.3552888330305,858.0931975000422,858.0931975000422,858.0931975000422,858.1687449160381,858.1687449160381,858.1687449160381,858.5714015000267,z,1.2134596250252798,None,858.5715508330031,858.5716084160376,None,,,,,,,,,,,,21040109,2,2026-04-21_12h21.40.188,tilt_mocs,2024.2.4,120.86223023056361,2026-04-21 12h21.51.014415 -0400,
8,15.0,,424,424,0,,,,,100,0,,,,,c+8,poss,1.0,period,1.5931555000133812,None,None,,,,,,,,,,,0,424,424,236,858.5830192500143,,,,,,,,,,,,,,,,,,,,,,,,,,,,,,,,,,,,,,,,,,,,,,,,,,,,,,,,,,,,,,,,,,,,,,,,,858.5739172080066,858.5830192500143,859.56815645803,859.56815645803,859.56815645803,859.6396402910468,859.6396402910468,859.6396402910468,860.1874952910002,period,1.5931555000133812,None,860.1876285000471,860.1876840410405,None,,,,,,,,,,,,21040109,2,2026-04-21_12h21.40.188,tilt_mocs,2024.2.4,120.86223023056361,2026-04-21 12h21.51.014415 -0400,
0,0.0,,425,425,0,,,,,0,100,,,,,c+0,noss,1.25,z,2.095912833989132,None,None,,,,,,,,,,,0,425,425,628,860.1984165410395,,,,,,,,,,,,,,,,,,,,,,,,,,,,,,,,,,,,,,,,,,,,,,,,,,,,,,,,,,,,,,,,,,,,,,,,,860.1898539580288,860.1984165410395,861.4349293330451,861.4349293330451,861.4349293330451,861.5069225000334,861.5069225000334,861.5069225000334,862.3044647080242,z,2.095912833989132,None,862.304630083032,862.3046897080494,None,,,,,,,,,,,,21040109,2,2026-04-21_12h21.40.188,tilt_mocs,2024.2.4,120.86223023056361,2026-04-21 12h21.51.014415 -0400,
-4,0.0,,426,426,0,,,,,0,100,,,,,c-4,noss,1.0,z,1.592595792026259,None,None,,,,,,,,,,,0,426,426,531,862.316695333051,,,,,,,,,,,,,,,,,,,,,,,,,,,,,,,,,,,,,,,,,,,,,,,,,,,,,,,,,,,,,,,,,,,,,,,,,862.3074271660298,862.316695333051,863.3016134580248,863.3016134580248,863.3016134580248,863.373786333017,863.373786333017,863.373786333017,863.9211565830046,z,1.592595792026259,None,863.9212803750415,863.9213337500114,None,,,,,,,,,,,,21040109,2,2026-04-21_12h21.40.188,tilt_mocs,2024.2.4,120.86223023056361,2026-04-21 12h21.51.014415 -0400,
0,-15.0,,427,427,0,,,,,100,0,,,,,c+0,negs,1.0,period,4.553651042049751,None,None,,,,,,,,,,,0,427,427,445,863.9321095000487,,,,,,,,,,,,,,,,,,,,,,,,,,,,,,,,,,,,,,,,,,,,,,,,,,,,,,,,,,,,,,,,,,,,,,,,,863.9233493750216,863.9321095000487,864.9178714580485,864.9178714580485,864.9178714580485,864.9912225000444,864.9912225000444,864.9912225000444,868.4886914160452,period,4.553651042049751,None,868.4888384160004,868.4889124580077,None,,,,,,,,,,,,21040109,2,2026-04-21_12h21.40.188,tilt_mocs,2024.2.4,120.86223023056361,2026-04-21 12h21.51.014415 -0400,
-4,-15.0,,428,428,0,,,,,100,0,,,,,c-4,negs,0.75,period,1.5539222090155818,None,None,,,,,,,,,,,0,428,428,347,868.5000357500394,,,,,,,,,,,,,,,,,,,,,,,,,,,,,,,,,,,,,,,,,,,,,,,,,,,,,,,,,,,,,,,,,,,,,,,,,868.4912151250173,868.5000357500394,869.2351940410445,869.2351940410445,869.2351940410445,869.3075042910059,869.3075042910059,869.3075042910059,870.0598192080506,period,1.5539222090155818,None,870.0599418330239,870.0599978330429,None,,,,,,,,,,,,21040109,2,2026-04-21_12h21.40.188,tilt_mocs,2024.2.4,120.86223023056361,2026-04-21 12h21.51.014415 -0400,
-2,15.0,,429,429,0,,,,,100,0,,,,,c-2,poss,1.25,z,2.1089316249708645,None,None,,,,,,,,,,,0,429,429,36,870.0713362499955,,,,,,,,,,,,,,,,,,,,,,,,,,,,,,,,,,,,,,,,,,,,,,,,,,,,,,,,,,,,,,,,,,,,,,,,,870.0620441250503,870.0713362499955,871.3119499160093,871.3119499160093,871.3119499160093,871.3857567080413,871.3857567080413,871.3857567080413,872.1879502500524,z,2.1089316249708645,None,872.1880846660351,872.1881399580161,None,,,,,,,,,,,,21040109,2,2026-04-21_12h21.40.188,tilt_mocs,2024.2.4,120.86223023056361,2026-04-21 12h21.51.014415 -0400,
-2,-15.0,,430,430,0,,,,,100,0,,,,,c-2,negs,0.75,period,1.1743525000056252,None,None,,,,,,,,,,,0,430,430,393,872.1994069160428,,,,,,,,,,,,,,,,,,,,,,,,,,,,,,,,,,,,,,,,,,,,,,,,,,,,,,,,,,,,,,,,,,,,,,,,,872.1905836250517,872.1994069160428,872.9353693750454,872.9353693750454,872.9353693750454,873.0080806660117,873.0080806660117,873.0080806660117,873.3770494160126,period,1.1743525000056252,None,873.3771844580187,873.3772460000473,None,,,,,,,,,,,,21040109,2,2026-04-21_12h21.40.188,tilt_mocs,2024.2.4,120.86223023056361,2026-04-21 12h21.51.014415 -0400,
-2,15.0,,431,431,0,,,,,100,0,,,,,c-2,poss,0.5,z,1.0764430410345085,None,None,,,,,,,,,,,0,431,431,4,873.3884200830362,,,,,,,,,,,,,,,,,,,,,,,,,,,,,,,,,,,,,,,,,,,,,,,,,,,,,,,,,,,,,,,,,,,,,,,,,873.3794419160113,873.3884200830362,873.8784807080519,873.8784807080519,873.8784807080519,873.9525840410497,873.9525840410497,873.9525840410497,874.4704462910304,z,1.0764430410345085,None,874.4705635410501,874.4706173750455,None,,,,,,,,,,,,21040109,2,2026-04-21_12h21.40.188,tilt_mocs,2024.2.4,120.86223023056361,2026-04-21 12h21.51.014415 -0400,
2,0.0,,432,432,0,,,,,0,100,,,,,c+2,noss,1.25,period,1.844316583010368,None,None,,,,,,,,,,,0,432,432,662,874.4813944160123,,,,,,,,,,,,,,,,,,,,,,,,,,,,,,,,,,,,,,,,,,,,,,,,,,,,,,,,,,,,,,,,,,,,,,,,,874.4728546660044,874.4813944160123,875.7188637080253,875.7188637080253,875.7188637080253,875.7909714580164,875.7909714580164,875.7909714580164,876.3382024580496,period,1.844316583010368,None,876.3383323750459,876.3383880000329,None,,,,,,,,,,,,21040109,2,2026-04-21_12h21.40.188,tilt_mocs,2024.2.4,120.86223023056361,2026-04-21 12h21.51.014415 -0400,
-6,-15.0,,433,433,0,,,,,100,0,,,,,c-6,negs,1.0,period,1.504827166965697,None,None,,,,,,,,,,,0,433,433,320,876.3495307500125,,,,,,,,,,,,,,,,,,,,,,,,,,,,,,,,,,,,,,,,,,,,,,,,,,,,,,,,,,,,,,,,,,,,,,,,,876.3407109580003,876.3495307500125,877.3354411660112,877.3354411660112,877.3354411660112,877.4064905000268,877.4064905000268,877.4064905000268,877.8603101250483,period,1.504827166965697,None,877.8604335410055,877.8604915830074,None,,,,,,,,,,,,21040109,2,2026-04-21_12h21.40.188,tilt_mocs,2024.2.4,120.86223023056361,2026-04-21 12h21.51.014415 -0400,
0,0.0,,434,434,0,,,,,0,100,,,,,c+0,noss,0.5,period,0.9673142500105314,None,None,,,,,,,,,,,0,434,434,592,877.8716285830014,,,,,,,,,,,,,,,,,,,,,,,,,,,,,,,,,,,,,,,,,,,,,,,,,,,,,,,,,,,,,,,,,,,,,,,,,877.8626152910292,877.8716285830014,878.3627154999995,878.3627154999995,878.3627154999995,878.4360991660506,878.4360991660506,878.4360991660506,878.8443600000464,period,0.9673142500105314,None,878.8444783330197,878.8445347080124,None,,,,,,,,,,,,21040109,2,2026-04-21_12h21.40.188,tilt_mocs,2024.2.4,120.86223023056361,2026-04-21 12h21.51.014415 -0400,
-2,15.0,,435,435,0,,,,,100,0,,,,,c-2,poss,0.75,z,1.3585573749733157,None,None,,,,,,,,,,,0,435,435,11,878.8552859160118,,,,,,,,,,,,,,,,,,,,,,,,,,,,,,,,,,,,,,,,,,,,,,,,,,,,,,,,,,,,,,,,,,,,,,,,,878.8465444160393,878.8552859160118,879.5951303750044,879.5951303750044,879.5951303750044,879.669500500022,879.669500500022,879.669500500022,880.2222195829963,z,1.3585573749733157,None,880.2224002500298,880.2224697500351,None,,,,,,,,,,,,21040109,2,2026-04-21_12h21.40.188,tilt_mocs,2024.2.4,120.86223023056361,2026-04-21 12h21.51.014415 -0400,
2,0.0,,436,436,0,,,,,0,100,,,,,c+2,noss,0.5,period,1.0057803330128081,None,None,,,,,,,,,,,0,436,436,633,880.2343127080239,,,,,,,,,,,,,,,,,,,,,,,,,,,,,,,,,,,,,,,,,,,,,,,,,,,,,,,,,,,,,,,,,,,,,,,,,880.2252446250059,880.2343127080239,880.718951791001,880.718951791001,880.718951791001,880.7912832910079,880.7912832910079,880.7912832910079,881.2433689160389,period,1.0057803330128081,None,881.2434632500517,881.2435064160381,None,,,,,,,,,,,,21040109,2,2026-04-21_12h21.40.188,tilt_mocs,2024.2.4,120.86223023056361,2026-04-21 12h21.51.014415 -0400,
4,15.0,,437,437,0,,,,,100,0,,,,,c+4,poss,0.5,z,1.1518921250244603,None,None,,,,,,,,,,,0,437,437,134,881.2544337500003,,,,,,,,,,,,,,,,,,,,,,,,,,,,,,,,,,,,,,,,,,,,,,,,,,,,,,,,,,,,,,,,,,,,,,,,,881.2454467500211,881.2544337500003,881.7456129160128,881.7456129160128,881.7456129160128,881.8195977080031,881.8195977080031,881.8195977080031,882.4106431250111,z,1.1518921250244603,None,882.4107485410059,882.4107936250512,None,,,,,,,,,,,,21040109,2,2026-04-21_12h21.40.188,tilt_mocs,2024.2.4,120.86223023056361,2026-04-21 12h21.51.014415 -0400,
4,0.0,,438,438,0,,,,,0,100,,,,,c+4,noss,1.0,period,1.4201130829751492,None,None,,,,,,,,,,,0,438,438,701,882.4218861249974,,,,,,,,,,,,,,,,,,,,,,,,,,,,,,,,,,,,,,,,,,,,,,,,,,,,,,,,,,,,,,,,,,,,,,,,,882.4127902080072,882.4218861249974,883.4125687080086,883.4125687080086,883.4125687080086,883.4862546660006,883.4862546660006,883.4862546660006,883.8443579580053,period,1.4201130829751492,None,883.8444623330142,883.8445090000168,None,,,,,,,,,,,,21040109,2,2026-04-21_12h21.40.188,tilt_mocs,2024.2.4,120.86223023056361,2026-04-21 12h21.51.014415 -0400,
2,-15.0,,439,439,0,,,,,100,0,,,,,c+2,negs,1.0,period,1.651626709033735,None,None,,,,,,,,,,,0,439,439,491,883.8552701660083,,,,,,,,,,,,,,,,,,,,,,,,,,,,,,,,,,,,,,,,,,,,,,,,,,,,,,,,,,,,,,,,,,,,,,,,,883.846510375035,883.8552701660083,884.8458208329976,884.8458208329976,884.8458208329976,884.9195712080109,884.9195712080109,884.9195712080109,885.5104232910089,period,1.651626709033735,None,885.5105224580038,885.5105670409976,None,,,,,,,,,,,,21040109,2,2026-04-21_12h21.40.188,tilt_mocs,2024.2.4,120.86223023056361,2026-04-21 12h21.51.014415 -0400,
4,15.0,,440,440,0,,,,,100,0,,,,,c+4,poss,1.0,z,1.5818079589516856,None,None,,,,,,,,,,,0,440,440,149,885.521730041015,,,,,,,,,,,,,,,,,,,,,,,,,,,,,,,,,,,,,,,,,,,,,,,,,,,,,,,,,,,,,,,,,,,,,,,,,885.5125794160413,885.521730041015,886.5121368750115,886.5121368750115,886.5121368750115,886.586434583005,886.586434583005,886.586434583005,887.1065900410176,z,1.5818079589516856,None,887.106770250015,887.106829041033,None,,,,,,,,,,,,21040109,2,2026-04-21_12h21.40.188,tilt_mocs,2024.2.4,120.86223023056361,2026-04-21 12h21.51.014415 -0400,
2,0.0,,441,441,0,,,,,0,100,,,,,c+2,noss,0.5,period,1.6685614170273766,None,None,,,,,,,,,,,0,441,441,630,887.1183954580338,,,,,,,,,,,,,,,,,,,,,,,,,,,,,,,,,,,,,,,,,,,,,,,,,,,,,,,,,,,,,,,,,,,,,,,,,887.1092178330291,887.1183954580338,887.6025013750186,887.6025013750186,887.6025013750186,887.6742902080296,887.6742902080296,887.6742902080296,888.7902802080498,period,1.6685614170273766,None,888.7904482909944,888.7905062500504,None,,,,,,,,,,,,21040109,2,2026-04-21_12h21.40.188,tilt_mocs,2024.2.4,120.86223023056361,2026-04-21 12h21.51.014415 -0400,
4,15.0,,442,442,0,,,,,100,0,,,,,c+4,poss,0.5,z,3.4702868750318885,None,None,,,,,,,,,,,0,442,442,136,888.8019977080403,,,,,,,,,,,,,,,,,,,,,,,,,,,,,,,,,,,,,,,,,,,,,,,,,,,,,,,,,,,,,,,,,,,,,,,,,888.7928180409945,888.8019977080403,889.2849997910089,889.2849997910089,889.2849997910089,889.3699880000204,889.3699880000204,889.3699880000204,892.2787125830073,z,3.4702868750318885,None,892.2788422500016,892.2788989160326,None,,,,,,,,,,,,21040109,2,2026-04-21_12h21.40.188,tilt_mocs,2024.2.4,120.86223023056361,2026-04-21 12h21.51.014415 -0400,
-4,0.0,,443,443,0,,,,,0,100,,,,,c-4,noss,0.5,z,1.189034124952741,None,None,,,,,,,,,,,0,443,443,509,892.289281666046,,,,,,,,,,,,,,,,,,,,,,,,,,,,,,,,,,,,,,,,,,,,,,,,,,,,,,,,,,,,,,,,,,,,,,,,,892.2811166660395,892.289281666046,892.778398125025,892.778398125025,892.778398125025,892.853186791006,892.853186791006,892.853186791006,893.4888890000293,z,1.189034124952741,None,893.4890411249944,893.4890945410007,None,,,,,,,,,,,,21040109,2,2026-04-21_12h21.40.188,tilt_mocs,2024.2.4,120.86223023056361,2026-04-21 12h21.51.014415 -0400,
-6,-15.0,,444,444,0,,,,,100,0,,,,,c-6,negs,1.0,period,2.1888077500043437,None,None,,,,,,,,,,,0,444,444,323,893.5003349159961,,,,,,,,,,,,,,,,,,,,,,,,,,,,,,,,,,,,,,,,,,,,,,,,,,,,,,,,,,,,,,,,,,,,,,,,,893.4914744160487,893.5003349159961,894.4861990830395,894.4861990830395,894.4861990830395,894.5584499160177,894.5584499160177,894.5584499160177,895.6937880410114,period,2.1888077500043437,None,895.6938912500045,895.6939349159948,None,,,,,,,,,,,,21040109,2,2026-04-21_12h21.40.188,tilt_mocs,2024.2.4,120.86223023056361,2026-04-21 12h21.51.014415 -0400,
4,15.0,,445,445,0,,,,,100,0,,,,,c+4,poss,0.5,period,1.4262266669538803,None,None,,,,,,,,,,,0,445,445,130,895.7050109580159,,,,,,,,,,,,,,,,,,,,,,,,,,,,,,,,,,,,,,,,,,,,,,,,,,,,,,,,,,,,,,,,,,,,,,,,,895.6959183330182,895.7050109580159,896.1953746250365,896.1953746250365,896.1953746250365,896.270193208009,896.270193208009,896.270193208009,897.1388267910224,period,1.4262266669538803,None,897.1389575000503,897.139014208049,None,,,,,,,,,,,,21040109,2,2026-04-21_12h21.40.188,tilt_mocs,2024.2.4,120.86223023056361,2026-04-21 12h21.51.014415 -0400,
4,0.0,,446,446,0,,,,,0,100,,,,,c+4,noss,0.5,period,1.142763832991477,None,None,,,,,,,,,,,0,446,446,676,897.1508446250227,,,,,,,,,,,,,,,,,,,,,,,,,,,,,,,,,,,,,,,,,,,,,,,,,,,,,,,,,,,,,,,,,,,,,,,,,897.141638208006,897.1508446250227,897.6361640830291,897.6361640830291,897.6361640830291,897.708751750004,897.708751750004,897.708751750004,898.3057442080462,period,1.142763832991477,None,898.3058717910317,898.305929166032,None,,,,,,,,,,,,21040109,2,2026-04-21_12h21.40.188,tilt_mocs,2024.2.4,120.86223023056361,2026-04-21 12h21.51.014415 -0400,
2,15.0,,447,447,0,,,,,100,0,,,,,c+2,poss,0.75,z,1.3364157910109498,None,None,,,,,,,,,,,0,447,447,102,898.3173681250191,,,,,,,,,,,,,,,,,,,,,,,,,,,,,,,,,,,,,,,,,,,,,,,,,,,,,,,,,,,,,,,,,,,,,,,,,898.3083319160505,898.3173681250191,899.0528822500492,899.0528822500492,899.0528822500492,899.1247595000314,899.1247595000314,899.1247595000314,899.6566071660491,z,1.3364157910109498,None,899.6567532910267,899.656810290995,None,,,,,,,,,,,,21040109,2,2026-04-21_12h21.40.188,tilt_mocs,2024.2.4,120.86223023056361,2026-04-21 12h21.51.014415 -0400,
8,15.0,,448,448,0,,,,,100,0,,,,,c+8,poss,0.5,z,0.7853380419546738,None,None,,,,,,,,,,,0,448,448,210,899.6683537909994,,,,,,,,,,,,,,,,,,,,,,,,,,,,,,,,,,,,,,,,,,,,,,,,,,,,,,,,,,,,,,,,,,,,,,,,,899.6591888749972,899.6683537909994,900.1529651660239,900.1529651660239,900.1529651660239,900.2252060000319,900.2252060000319,900.2252060000319,900.4562586660031,z,0.7853380419546738,None,900.4563942910172,900.4564506660099,None,,,,,,,,,,,,21040109,2,2026-04-21_12h21.40.188,tilt_mocs,2024.2.4,120.86223023056361,2026-04-21 12h21.51.014415 -0400,
-4,0.0,,449,449,0,,,,,0,100,,,,,c-4,noss,0.5,z,0.9565797080285847,None,None,,,,,,,,,,,0,449,449,507,900.4666014580289,,,,,,,,,,,,,,,,,,,,,,,,,,,,,,,,,,,,,,,,,,,,,,,,,,,,,,,,,,,,,,,,,,,,,,,,,900.4585170830251,900.4666014580289,900.9529970000149,900.9529970000149,900.9529970000149,901.0254280830268,901.0254280830268,901.0254280830268,901.4272365830257,z,0.9565797080285847,None,901.4273594580009,901.4274134160369,None,,,,,,,,,,,,21040109,2,2026-04-21_12h21.40.188,tilt_mocs,2024.2.4,120.86223023056361,2026-04-21 12h21.51.014415 -0400,
6,15.0,,450,450,0,,,,,100,0,,,,,c+6,poss,0.5,z,0.8827964160009287,None,None,,,,,,,,,,,0,450,450,175,901.4387787909945,,,,,,,,,,,,,,,,,,,,,,,,,,,,,,,,,,,,,,,,,,,,,,,,,,,,,,,,,,,,,,,,,,,,,,,,,901.4295905000181,901.4387787909945,901.9286257080385,901.9286257080385,901.9286257080385,902.0038164580474,902.0038164580474,902.0038164580474,902.3285333330277,z,0.8827964160009287,None,902.3286393750459,902.328685666027,None,,,,,,,,,,,,21040109,2,2026-04-21_12h21.40.188,tilt_mocs,2024.2.4,120.86223023056361,2026-04-21 12h21.51.014415 -0400,
8,15.0,,451,451,0,,,,,100,0,,,,,c+8,poss,0.5,z,0.8538583750487305,None,None,,,,,,,,,,,0,451,451,213,902.3393633330124,,,,,,,,,,,,,,,,,,,,,,,,,,,,,,,,,,,,,,,,,,,,,,,,,,,,,,,,,,,,,,,,,,,,,,,,,902.3306557080359,902.3393633330124,902.8291660410468,902.8291660410468,902.8291660410468,902.9035253750044,902.9035253750044,902.9035253750044,903.2211047500023,z,0.8538583750487305,None,903.2212286250433,903.2212834579987,None,,,,,,,,,,,,21040109,2,2026-04-21_12h21.40.188,tilt_mocs,2024.2.4,120.86223023056361,2026-04-21 12h21.51.014415 -0400,
4,15.0,,452,452,0,,,,,100,0,,,,,c+4,poss,0.5,z,0.8418712500133552,None,None,,,,,,,,,,,0,452,452,128,903.237123458006,,,,,,,,,,,,,,,,,,,,,,,,,,,,,,,,,,,,,,,,,,,,,,,,,,,,,,,,,,,,,,,,,,,,,,,,,903.2237353330129,903.237123458006,903.7123981660116,903.7123981660116,903.7123981660116,903.786916541052,903.786916541052,903.786916541052,904.0879001660505,z,0.8418712500133552,None,904.0880185410497,904.0880726660253,None,,,,,,,,,,,,21040109,2,2026-04-21_12h21.40.188,tilt_mocs,2024.2.4,120.86223023056361,2026-04-21 12h21.51.014415 -0400,
-4,0.0,,453,453,0,,,,,0,100,,,,,c-4,noss,0.75,period,0.8740267920074984,None,None,,,,,,,,,,,0,453,453,521,904.0991175830131,,,,,,,,,,,,,,,,,,,,,,,,,,,,,,,,,,,,,,,,,,,,,,,,,,,,,,,,,,,,,,,,,,,,,,,,,904.090234666015,904.0991175830131,904.8355368750053,904.8355368750053,904.8355368750053,904.9086903330171,904.9086903330171,904.9086903330171,904.9780133750173,period,0.8740267920074984,None,904.9781155000092,904.978159499995,None,,,,,,,,,,,,21040109,2,2026-04-21_12h21.40.188,tilt_mocs,2024.2.4,120.86223023056361,2026-04-21 12h21.51.014415 -0400,
-8,-15.0,,454,454,0,,,,,100,0,,,,,c-8,negs,1.25,z,1.906486916996073,None,None,,,,,,,,,,,0,454,454,289,904.9891500830417,,,,,,,,,,,,,,,,,,,,,,,,,,,,,,,,,,,,,,,,,,,,,,,,,,,,,,,,,,,,,,,,,,,,,,,,,904.9801561660133,904.9891500830417,906.2286710410262,906.2286710410262,906.2286710410262,906.3036639580387,906.3036639580387,906.3036639580387,906.9058078330127,z,1.906486916996073,None,906.9059682910447,906.9060287080356,None,,,,,,,,,,,,21040109,2,2026-04-21_12h21.40.188,tilt_mocs,2024.2.4,120.86223023056361,2026-04-21 12h21.51.014415 -0400,
4,0.0,,455,455,0,,,,,0,100,,,,,c+4,noss,0.75,period,1.5033513749949634,None,None,,,,,,,,,,,0,455,455,685,906.9183458750485,,,,,,,,,,,,,,,,,,,,,,,,,,,,,,,,,,,,,,,,,,,,,,,,,,,,,,,,,,,,,,,,,,,,,,,,,906.9092113750521,906.9183458750485,907.6532742500422,907.6532742500422,907.6532742500422,907.727083875041,907.727083875041,907.727083875041,908.4293135000044,period,1.5033513749949634,None,908.4294386660331,908.4294925410068,None,,,,,,,,,,,,21040109,2,2026-04-21_12h21.40.188,tilt_mocs,2024.2.4,120.86223023056361,2026-04-21 12h21.51.014415 -0400,
4,0.0,,456,456,0,,,,,0,100,,,,,c+4,noss,0.75,period,0.866903459012974,None,None,,,,,,,,,,,0,456,456,692,908.4400600000517,,,,,,,,,,,,,,,,,,,,,,,,,,,,,,,,,,,,,,,,,,,,,,,,,,,,,,,,,,,,,,,,,,,,,,,,,908.4319685000228,908.4400600000517,909.179404333001,909.179404333001,909.179404333001,909.2535407500109,909.2535407500109,909.2535407500109,909.3109050409985,period,0.866903459012974,None,909.3110139160417,909.3110575409955,None,,,,,,,,,,,,21040109,2,2026-04-21_12h21.40.188,tilt_mocs,2024.2.4,120.86223023056361,2026-04-21 12h21.51.014415 -0400,
2,15.0,,457,457,0,,,,,100,0,,,,,c+2,poss,0.5,z,0.010248417034745216,None,None,,,,,,,,,,,0,457,457,94,909.3217645830009,,,,,,,,,,,,,,,,,,,,,,,,,,,,,,,,,,,,,,,,,,,,,,,,,,,,,,,,,,,,,,,,,,,,,,,,,909.3129967080313,909.3217645830009,,,,,,,909.3390205830219,z,0.010248417034745216,None,909.3391139160376,909.3391574580455,None,,,,,,,,,,,,21040109,2,2026-04-21_12h21.40.188,tilt_mocs,2024.2.4,120.86223023056361,2026-04-21 12h21.51.014415 -0400,
4,0.0,,458,458,0,,,,,0,100,,,,,c+4,noss,1.25,period,2.7552637920016423,None,None,,,,,,,,,,,0,458,458,713,909.348526750051,,,,,,,,,,,,,,,,,,,,,,,,,,,,,,,,,,,,,,,,,,,,,,,,,,,,,,,,,,,,,,,,,,,,,,,,,909.3408002910437,909.348526750051,910.5866326250252,910.5866326250252,910.5866326250252,910.6581082080374,910.6581082080374,910.6581082080374,912.106710291002,period,2.7552637920016423,None,912.1068953330396,912.1069627079996,None,,,,,,,,,,,,21040109,2,2026-04-21_12h21.40.188,tilt_mocs,2024.2.4,120.86223023056361,2026-04-21 12h21.51.014415 -0400,
0,0.0,,459,459,0,,,,,0,100,,,,,c+0,noss,0.75,z,1.3406397909857333,None,None,,,,,,,,,,,0,459,459,607,912.1194582500029,,,,,,,,,,,,,,,,,,,,,,,,,,,,,,,,,,,,,,,,,,,,,,,,,,,,,,,,,,,,,,,,,,,,,,,,,912.1104690830107,912.1194582500029,912.8534288750379,912.8534288750379,912.8534288750379,912.9262323750299,912.9262323750299,912.9262323750299,913.4725827500224,z,1.3406397909857333,None,913.4727137910086,913.4727711250307,None,,,,,,,,,,,,21040109,2,2026-04-21_12h21.40.188,tilt_mocs,2024.2.4,120.86223023056361,2026-04-21 12h21.51.014415 -0400,
2,0.0,,460,460,0,,,,,0,100,,,,,c+2,noss,1.25,period,1.8972925000125542,None,None,,,,,,,,,,,0,460,460,668,913.4839140410186,,,,,,,,,,,,,,,,,,,,,,,,,,,,,,,,,,,,,,,,,,,,,,,,,,,,,,,,,,,,,,,,,,,,,,,,,913.475101958029,913.4839140410186,914.7201016250183,914.7201016250183,914.7201016250183,914.7921928330325,914.7921928330325,914.7921928330325,915.3905163330492,period,1.8972925000125542,None,915.3906671250006,915.3907277079998,None,,,,,,,,,,,,21040109,2,2026-04-21_12h21.40.188,tilt_mocs,2024.2.4,120.86223023056361,2026-04-21 12h21.51.014415 -0400,
-8,-15.0,,461,461,0,,,,,100,0,,,,,c-8,negs,1.0,period,0.7024196669808589,None,None,,,,,,,,,,,0,461,461,280,915.4017940410413,,,,,,,,,,,,,,,,,,,,,,,,,,,,,,,,,,,,,,,,,,,,,,,,,,,,,,,,,,,,,,,,,,,,,,,,,915.3929647080367,915.4017940410413,,,,,,,916.107141250046,period,0.7024196669808589,None,916.1073262499995,916.107391416037,None,,,,,,,,,,,,21040109,2,2026-04-21_12h21.40.188,tilt_mocs,2024.2.4,120.86223023056361,2026-04-21 12h21.51.014415 -0400,
2,0.0,,462,462,0,,,,,0,100,,,,,c+2,noss,1.0,period,2.390761124959681,None,None,,,,,,,,,,,0,462,462,658,916.1184104580316,,,,,,,,,,,,,,,,,,,,,,,,,,,,,,,,,,,,,,,,,,,,,,,,,,,,,,,,,,,,,,,,,,,,,,,,,916.1096292910515,916.1184104580316,917.1035480000428,917.1035480000428,917.1035480000428,917.1754362910287,917.1754362910287,917.1754362910287,918.5122120410088,period,2.390761124959681,None,918.512313291023,918.5123572910088,None,,,,,,,,,,,,21040109,2,2026-04-21_12h21.40.188,tilt_mocs,2024.2.4,120.86223023056361,2026-04-21 12h21.51.014415 -0400,
0,15.0,,463,463,0,,,,,100,0,,,,,c+0,poss,0.75,z,1.6477200830122456,None,None,,,,,,,,,,,0,463,463,53,918.5231432080036,,,,,,,,,,,,,,,,,,,,,,,,,,,,,,,,,,,,,,,,,,,,,,,,,,,,,,,,,,,,,,,,,,,,,,,,,918.5142904579989,918.5231432080036,919.2630503330147,919.2630503330147,919.2630503330147,919.3375095000374,919.3375095000374,919.3375095000374,920.1733040410327,z,1.6477200830122456,None,920.1734342499985,920.173489708046,None,,,,,,,,,,,,21040109,2,2026-04-21_12h21.40.188,tilt_mocs,2024.2.4,120.86223023056361,2026-04-21 12h21.51.014415 -0400,
0,0.0,,464,464,0,,,,,0,100,,,,,c+0,noss,0.5,z,1.098057625000365,None,None,,,,,,,,,,,0,464,464,597,920.1848276249948,,,,,,,,,,,,,,,,,,,,,,,,,,,,,,,,,,,,,,,,,,,,,,,,,,,,,,,,,,,,,,,,,,,,,,,,,920.1760105410358,920.1848276249948,920.6703603750211,920.6703603750211,920.6703603750211,920.7426580410101,920.7426580410101,920.7426580410101,921.289530625043,z,1.098057625000365,None,921.289659416012,921.2897155410028,None,,,,,,,,,,,,21040109,2,2026-04-21_12h21.40.188,tilt_mocs,2024.2.4,120.86223023056361,2026-04-21 12h21.51.014415 -0400,
-4,-15.0,,465,465,0,,,,,100,0,,,,,c-4,negs,1.0,z,2.0933972090133466,None,None,,,,,,,,,,,0,465,465,360,921.3005622909986,,,,,,,,,,,,,,,,,,,,,,,,,,,,,,,,,,,,,,,,,,,,,,,,,,,,,,,,,,,,,,,,,,,,,,,,,921.2919232080458,921.3005622909986,922.287574750022,922.287574750022,922.287574750022,922.3592192500364,922.3592192500364,922.3592192500364,923.4064233750105,z,2.0933972090133466,None,923.4065512500238,923.4066075830488,None,,,,,,,,,,,,21040109,2,2026-04-21_12h21.40.188,tilt_mocs,2024.2.4,120.86223023056361,2026-04-21 12h21.51.014415 -0400,
0,-15.0,,466,466,0,,,,,100,0,,,,,c+0,negs,0.75,period,1.4235879170009866,None,None,,,,,,,,,,,0,466,466,439,923.4176933330018,,,,,,,,,,,,,,,,,,,,,,,,,,,,,,,,,,,,,,,,,,,,,,,,,,,,,,,,,,,,,,,,,,,,,,,,,923.4090755000361,923.4176933330018,924.1531365410192,924.1531365410192,924.1531365410192,924.2268142080284,924.2268142080284,924.2268142080284,924.8452475410304,period,1.4235879170009866,None,924.8453659160296,924.8454087910359,None,,,,,,,,,,,,21040109,2,2026-04-21_12h21.40.188,tilt_mocs,2024.2.4,120.86223023056361,2026-04-21 12h21.51.014415 -0400,
4,0.0,,467,467,0,,,,,0,100,,,,,c+4,noss,1.25,period,1.7774082910036668,None,None,,,,,,,,,,,0,467,467,705,924.8563599160407,,,,,,,,,,,,,,,,,,,,,,,,,,,,,,,,,,,,,,,,,,,,,,,,,,,,,,,,,,,,,,,,,,,,,,,,,924.8473702080082,924.8563599160407,926.0967349160346,926.0967349160346,926.0967349160346,926.1710378330317,926.1710378330317,926.1710378330317,926.6406984580099,period,1.7774082910036668,None,926.6408453330514,926.6409003330045,None,,,,,,,,,,,,21040109,2,2026-04-21_12h21.40.188,tilt_mocs,2024.2.4,120.86223023056361,2026-04-21 12h21.51.014415 -0400,
-4,-15.0,,468,468,0,,,,,100,0,,,,,c-4,negs,1.25,period,1.8788128329906613,None,None,,,,,,,,,,,0,468,468,375,926.6516620000475,,,,,,,,,,,,,,,,,,,,,,,,,,,,,,,,,,,,,,,,,,,,,,,,,,,,,,,,,,,,,,,,,,,,,,,,,926.643080791051,926.6516620000475,927.8871843750239,927.8871843750239,927.8871843750239,927.9588910000166,927.9588910000166,927.9588910000166,928.5406927080476,period,1.8788128329906613,None,928.5408373330138,928.5408960000495,None,,,,,,,,,,,,21040109,2,2026-04-21_12h21.40.188,tilt_mocs,2024.2.4,120.86223023056361,2026-04-21 12h21.51.014415 -0400,
-2,-15.0,,469,469,0,,,,,100,0,,,,,c-2,negs,1.0,period,1.4433997079613619,None,None,,,,,,,,,,,0,469,469,403,928.5522941250238,,,,,,,,,,,,,,,,,,,,,,,,,,,,,,,,,,,,,,,,,,,,,,,,,,,,,,,,,,,,,,,,,,,,,,,,,928.5431871660403,928.5522941250238,929.5372256250121,929.5372256250121,929.5372256250121,929.6092311250395,929.6092311250395,929.6092311250395,930.0078263330506,period,1.4433997079613619,None,930.007984625001,930.0080388750066,None,,,,,,,,,,,,21040109,2,2026-04-21_12h21.40.188,tilt_mocs,2024.2.4,120.86223023056361,2026-04-21 12h21.51.014415 -0400,
2,-15.0,,470,470,0,,,,,100,0,,,,,c+2,negs,1.0,period,1.392721917014569,None,None,,,,,,,,,,,0,470,470,493,930.0199378330144,,,,,,,,,,,,,,,,,,,,,,,,,,,,,,,,,,,,,,,,,,,,,,,,,,,,,,,,,,,,,,,,,,,,,,,,,930.0107306250138,930.0199378330144,931.0041121660033,931.0041121660033,931.0041121660033,931.0764426660025,931.0764426660025,931.0764426660025,931.42345058301,period,1.392721917014569,None,931.4235739160213,931.423630416044,None,,,,,,,,,,,,21040109,2,2026-04-21_12h21.40.188,tilt_mocs,2024.2.4,120.86223023056361,2026-04-21 12h21.51.014415 -0400,
6,15.0,,471,471,0,,,,,100,0,,,,,c+6,poss,0.75,period,1.0647141250083223,None,None,,,,,,,,,,,0,471,471,179,931.4346650830121,,,,,,,,,,,,,,,,,,,,,,,,,,,,,,,,,,,,,,,,,,,,,,,,,,,,,,,,,,,,,,,,,,,,,,,,,931.4256759580458,931.4346650830121,932.1707621249952,932.1707621249952,932.1707621249952,932.2429718750063,932.2429718750063,932.2429718750063,932.5075032080058,period,1.0647141250083223,None,932.5076325410046,932.5076888750191,None,,,,,,,,,,,,21040109,2,2026-04-21_12h21.40.188,tilt_mocs,2024.2.4,120.86223023056361,2026-04-21 12h21.51.014415 -0400,
4,0.0,,472,472,0,,,,,0,100,,,,,c+4,noss,0.75,period,1.3315614170278423,None,None,,,,,,,,,,,0,472,472,690,932.5186403330299,,,,,,,,,,,,,,,,,,,,,,,,,,,,,,,,,,,,,,,,,,,,,,,,,,,,,,,,,,,,,,,,,,,,,,,,,932.5099169160239,932.5186403330299,933.2540346250171,933.2540346250171,933.2540346250171,933.3265821250388,933.3265821250388,933.3265821250388,933.8564102080418,period,1.3315614170278423,None,933.8565383750247,933.8565936660161,None,,,,,,,,,,,,21040109,2,2026-04-21_12h21.40.188,tilt_mocs,2024.2.4,120.86223023056361,2026-04-21 12h21.51.014415 -0400,
-2,15.0,,473,473,0,,,,,100,0,,,,,c-2,poss,0.75,period,1.0730636249645613,None,None,,,,,,,,,,,0,473,473,12,933.8676786660217,,,,,,,,,,,,,,,,,,,,,,,,,,,,,,,,,,,,,,,,,,,,,,,,,,,,,,,,,,,,,,,,,,,,,,,,,933.8589100000099,933.8676786660217,934.6040664580069,934.6040664580069,934.6040664580069,934.6761414580396,934.6761414580396,934.6761414580396,934.945531541016,period,1.0730636249645613,None,934.945640208025,934.9456816250458,None,,,,,,,,,,,,21040109,2,2026-04-21_12h21.40.188,tilt_mocs,2024.2.4,120.86223023056361,2026-04-21 12h21.51.014415 -0400,
2,0.0,,474,474,0,,,,,0,100,,,,,c+2,noss,0.5,period,1.0567678340012208,None,None,,,,,,,,,,,0,474,474,636,934.9566529160365,,,,,,,,,,,,,,,,,,,,,,,,,,,,,,,,,,,,,,,,,,,,,,,,,,,,,,,,,,,,,,,,,,,,,,,,,934.9475830410374,934.9566529160365,935.447188791004,935.447188791004,935.447188791004,935.5213862500386,935.5213862500386,935.5213862500386,936.0237471660366,period,1.0567678340012208,None,936.0239203330129,936.0239856660482,None,,,,,,,,,,,,21040109,2,2026-04-21_12h21.40.188,tilt_mocs,2024.2.4,120.86223023056361,2026-04-21 12h21.51.014415 -0400,
-8,-15.0,,475,475,0,,,,,100,0,,,,,c-8,negs,1.25,z,1.89369733404601,None,None,,,,,,,,,,,0,475,475,288,936.0354985000449,,,,,,,,,,,,,,,,,,,,,,,,,,,,,,,,,,,,,,,,,,,,,,,,,,,,,,,,,,,,,,,,,,,,,,,,,936.0266560410382,936.0354985000449,937.2709812500398,937.2709812500398,937.2709812500398,937.3428637910401,937.3428637910401,937.3428637910401,937.9408658330212,z,1.89369733404601,None,937.9410237080301,937.9410826250096,None,,,,,,,,,,,,21040109,2,2026-04-21_12h21.40.188,tilt_mocs,2024.2.4,120.86223023056361,2026-04-21 12h21.51.014415 -0400,
-6,-15.0,,476,476,0,,,,,100,0,,,,,c-6,negs,0.75,z,1.1021523749805056,None,None,,,,,,,,,,,0,476,476,310,937.9523765410413,,,,,,,,,,,,,,,,,,,,,,,,,,,,,,,,,,,,,,,,,,,,,,,,,,,,,,,,,,,,,,,,,,,,,,,,,937.9433713750332,937.9523765410413,938.6875719160307,938.6875719160307,938.6875719160307,938.7599544580444,938.7599544580444,938.7599544580444,939.0569926250027,z,1.1021523749805056,None,939.0571564999991,939.0572183330078,None,,,,,,,,,,,,21040109,2,2026-04-21_12h21.40.188,tilt_mocs,2024.2.4,120.86223023056361,2026-04-21 12h21.51.014415 -0400,
-8,-15.0,,477,477,0,,,,,100,0,,,,,c-8,negs,0.5,z,1.0801900000078604,None,None,,,,,,,,,,,0,477,477,255,939.0690103750094,,,,,,,,,,,,,,,,,,,,,,,,,,,,,,,,,,,,,,,,,,,,,,,,,,,,,,,,,,,,,,,,,,,,,,,,,939.0599081250257,939.0690103750094,939.5542665410321,939.5542665410321,939.5542665410321,939.6259760830435,939.6259760830435,939.6259760830435,940.1574751660228,z,1.0801900000078604,None,940.157661041012,940.1577214580029,None,,,,,,,,,,,,21040109,2,2026-04-21_12h21.40.188,tilt_mocs,2024.2.4,120.86223023056361,2026-04-21 12h21.51.014415 -0400,
0,15.0,,478,478,0,,,,,100,0,,,,,c+0,poss,1.25,z,1.0196309590246528,None,None,,,,,,,,,,,0,478,478,81,940.1696623330354,,,,,,,,,,,,,,,,,,,,,,,,,,,,,,,,,,,,,,,,,,,,,,,,,,,,,,,,,,,,,,,,,,,,,,,,,940.1611771660391,940.1696623330354,,,,,,,941.2017303750035,z,1.0196309590246528,None,941.2018280000193,941.2018737080507,None,,,,,,,,,,,,21040109,2,2026-04-21_12h21.40.188,tilt_mocs,2024.2.4,120.86223023056361,2026-04-21 12h21.51.014415 -0400,
-2,15.0,,479,479,0,,,,,100,0,,,,,c-2,poss,1.25,period,0.00502516602864489,None,None,,,,,,,,,,,0,479,479,38,941.2085761250346,,,,,,,,,,,,,,,,,,,,,,,,,,,,,,,,,,,,,,,,,,,,,,,,,,,,,,,,,,,,,,,,,,,,,,,,,941.2039287500083,941.2085761250346,,,,,,,941.2233689160203,period,0.00502516602864489,None,941.2234650410246,941.2235152909998,None,,,,,,,,,,,,21040109,2,2026-04-21_12h21.40.188,tilt_mocs,2024.2.4,120.86223023056361,2026-04-21 12h21.51.014415 -0400,
4,15.0,,480,480,0,,,,,100,0,,,,,c+4,poss,1.25,period,0.24392029200680554,None,None,,,,,,,,,,,0,480,480,165,941.2337676660391,,,,,,,,,,,,,,,,,,,,,,,,,,,,,,,,,,,,,,,,,,,,,,,,,,,,,,,,,,,,,,,,,,,,,,,,,941.2252824160387,941.2337676660391,,,,,,,941.4804751659976,period,0.24392029200680554,None,941.4806170410011,941.4806785830297,None,,,,,,,,,,,,21040109,2,2026-04-21_12h21.40.188,tilt_mocs,2024.2.4,120.86223023056361,2026-04-21 12h21.51.014415 -0400,
-2,0.0,,481,481,0,,,,,0,100,,,,,c-2,noss,1.25,period,3.1668341669719666,None,None,,,,,,,,,,,0,481,481,579,941.4909524160321,,,,,,,,,,,,,,,,,,,,,,,,,,,,,,,,,,,,,,,,,,,,,,,,,,,,,,,,,,,,,,,,,,,,,,,,,941.4827788750408,941.4909524160321,942.7300067080068,942.7300067080068,942.7300067080068,942.8050015410408,942.8050015410408,942.8050015410408,944.6632100000279,period,3.1668341669719666,None,944.6633656659978,944.663416291005,None,,,,,,,,,,,,21040109,2,2026-04-21_12h21.40.188,tilt_mocs,2024.2.4,120.86223023056361,2026-04-21 12h21.51.014415 -0400,
-2,15.0,,482,482,0,,,,,100,0,,,,,c-2,poss,1.25,z,0.4214242919697426,None,None,,,,,,,,,,,0,482,482,41,944.6748412500019,,,,,,,,,,,,,,,,,,,,,,,,,,,,,,,,,,,,,,,,,,,,,,,,,,,,,,,,,,,,,,,,,,,,,,,,,944.666653125023,944.6748412500019,,,,,,,945.1072588750394,z,0.4214242919697426,None,945.1074202909949,945.107487833011,None,,,,,,,,,,,,21040109,2,2026-04-21_12h21.40.188,tilt_mocs,2024.2.4,120.86223023056361,2026-04-21 12h21.51.014415 -0400,
2,-15.0,,483,483,0,,,,,100,0,,,,,c+2,negs,1.0,period,1.661713959008921,None,None,,,,,,,,,,,0,483,483,484,945.1192365410388,,,,,,,,,,,,,,,,,,,,,,,,,,,,,,,,,,,,,,,,,,,,,,,,,,,,,,,,,,,,,,,,,,,,,,,,,945.1102256250451,945.1192365410388,946.1044571660459,946.1044571660459,946.1044571660459,946.1767061660066,946.1767061660066,946.1767061660066,946.7830412500189,period,1.661713959008921,None,946.7831469580415,946.7831893750117,None,,,,,,,,,,,,21040109,2,2026-04-21_12h21.40.188,tilt_mocs,2024.2.4,120.86223023056361,2026-04-21 12h21.51.014415 -0400,
6,15.0,,484,484,0,,,,,100,0,,,,,c+6,poss,1.25,period,1.6938271249528043,None,None,,,,,,,,,,,0,484,484,206,946.798501791025,,,,,,,,,,,,,,,,,,,,,,,,,,,,,,,,,,,,,,,,,,,,,,,,,,,,,,,,,,,,,,,,,,,,,,,,,946.7852557500009,946.798501791025,948.0310302910511,948.0310302910511,948.0310302910511,948.1051751250052,948.1051751250052,948.1051751250052,948.4964270830387,period,1.6938271249528043,None,948.4965686250362,948.4966282910318,None,,,,,,,,,,,,21040109,2,2026-04-21_12h21.40.188,tilt_mocs,2024.2.4,120.86223023056361,2026-04-21 12h21.51.014415 -0400,
-6,-15.0,,485,485,0,,,,,100,0,,,,,c-6,negs,1.0,z,0.4414496250101365,None,None,,,,,,,,,,,0,485,485,322,948.5072742910124,,,,,,,,,,,,,,,,,,,,,,,,,,,,,,,,,,,,,,,,,,,,,,,,,,,,,,,,,,,,,,,,,,,,,,,,,948.4988256250508,948.5072742910124,,,,,,,948.9572000000044,z,0.4414496250101365,None,948.9573378330097,948.9573990830104,None,,,,,,,,,,,,21040109,2,2026-04-21_12h21.40.188,tilt_mocs,2024.2.4,120.86223023056361,2026-04-21 12h21.51.014415 -0400,
0,0.0,,486,486,0,,,,,0,100,,,,,c+0,noss,1.0,z,1.576310791017022,None,None,,,,,,,,,,,0,486,486,610,948.9685770000215,,,,,,,,,,,,,,,,,,,,,,,,,,,,,,,,,,,,,,,,,,,,,,,,,,,,,,,,,,,,,,,,,,,,,,,,,948.9599071660195,948.9685770000215,949.9546327080461,949.9546327080461,949.9546327080461,950.0269339579972,950.0269339579972,950.0269339579972,950.5609614160494,z,1.576310791017022,None,950.5610670410097,950.561112083029,None,,,,,,,,,,,,21040109,2,2026-04-21_12h21.40.188,tilt_mocs,2024.2.4,120.86223023056361,2026-04-21 12h21.51.014415 -0400,
6,15.0,,487,487,0,,,,,100,0,,,,,c+6,poss,1.0,z,1.7540230420418084,None,None,,,,,,,,,,,0,487,487,190,950.571411416051,,,,,,,,,,,,,,,,,,,,,,,,,,,,,,,,,,,,,,,,,,,,,,,,,,,,,,,,,,,,,,,,,,,,,,,,,950.5630867080181,950.571411416051,951.5547900000238,951.5547900000238,951.5547900000238,951.6267716660514,951.6267716660514,951.6267716660514,952.3292042080429,z,1.7540230420418084,None,952.3293078330462,952.3293515830301,None,,,,,,,,,,,,21040109,2,2026-04-21_12h21.40.188,tilt_mocs,2024.2.4,120.86223023056361,2026-04-21 12h21.51.014415 -0400,
2,-15.0,,488,488,0,,,,,100,0,,,,,c+2,negs,0.75,period,2.4781632919912226,None,None,,,,,,,,,,,0,488,488,475,952.3459034580155,,,,,,,,,,,,,,,,,,,,,,,,,,,,,,,,,,,,,,,,,,,,,,,,,,,,,,,,,,,,,,,,,,,,,,,,,952.3313100000378,952.3459034580155,953.0804822079954,953.0804822079954,953.0804822079954,953.1552405830007,953.1552405830007,953.1552405830007,954.8292420830112,period,2.4781632919912226,None,954.8293457910186,954.8293912080117,None,,,,,,,,,,,,21040109,2,2026-04-21_12h21.40.188,tilt_mocs,2024.2.4,120.86223023056361,2026-04-21 12h21.51.014415 -0400,
2,0.0,,489,489,0,,,,,0,100,,,,,c+2,noss,0.75,period,1.5021055410034023,None,None,,,,,,,,,,,0,489,489,642,954.8465554160066,,,,,,,,,,,,,,,,,,,,,,,,,,,,,,,,,,,,,,,,,,,,,,,,,,,,,,,,,,,,,,,,,,,,,,,,,954.8313979580416,954.8465554160066,955.5814737080364,955.5814737080364,955.5814737080364,955.6550562500488,955.6550562500488,955.6550562500488,956.357708083,period,1.5021055410034023,None,956.3578873750521,956.3579401660245,None,,,,,,,,,,,,21040109,2,2026-04-21_12h21.40.188,tilt_mocs,2024.2.4,120.86223023056361,2026-04-21 12h21.51.014415 -0400,
4,0.0,,490,490,0,,,,,0,100,,,,,c+4,noss,0.5,period,1.0069791670539416,None,None,,,,,,,,,,,0,490,490,682,956.3691521660076,,,,,,,,,,,,,,,,,,,,,,,,,,,,,,,,,,,,,,,,,,,,,,,,,,,,,,,,,,,,,,,,,,,,,,,,,956.3605239160242,956.3691521660076,956.8548128330149,956.8548128330149,956.8548128330149,956.9278049580171,956.9278049580171,956.9278049580171,957.3807067910093,period,1.0069791670539416,None,957.3808290830348,957.3808850000496,None,,,,,,,,,,,,21040109,2,2026-04-21_12h21.40.188,tilt_mocs,2024.2.4,120.86223023056361,2026-04-21 12h21.51.014415 -0400,
4,15.0,,491,491,0,,,,,100,0,,,,,c+4,poss,1.25,period,1.5278390829917043,None,None,,,,,,,,,,,0,491,491,158,957.3914098330424,,,,,,,,,,,,,,,,,,,,,,,,,,,,,,,,,,,,,,,,,,,,,,,,,,,,,,,,,,,,,,,,,,,,,,,,,957.3828705830383,957.3914098330424,958.631337125029,958.631337125029,958.631337125029,958.7055045409943,958.7055045409943,958.7055045409943,958.9249573750421,period,1.5278390829917043,None,958.9251093750354,958.9251704580383,None,,,,,,,,,,,,21040109,2,2026-04-21_12h21.40.188,tilt_mocs,2024.2.4,120.86223023056361,2026-04-21 12h21.51.014415 -0400,
4,0.0,,492,492,0,,,,,0,100,,,,,c+4,noss,1.0,period,1.4863233749638312,None,None,,,,,,,,,,,0,492,492,697,958.9377925830195,,,,,,,,,,,,,,,,,,,,,,,,,,,,,,,,,,,,,,,,,,,,,,,,,,,,,,,,,,,,,,,,,,,,,,,,,958.9286047500209,958.9377925830195,959.9217319160234,959.9217319160234,959.9217319160234,959.9940775000141,959.9940775000141,959.9940775000141,960.4296636250219,period,1.4863233749638312,None,960.429828250024,960.4299089999986,None,,,,,,,,,,,,21040109,2,2026-04-21_12h21.40.188,tilt_mocs,2024.2.4,120.86223023056361,2026-04-21 12h21.51.014415 -0400,
-4,-15.0,,493,493,0,,,,,100,0,,,,,c-4,negs,0.5,z,1.0735824579605833,None,None,,,,,,,,,,,0,493,493,345,960.4411049580085,,,,,,,,,,,,,,,,,,,,,,,,,,,,,,,,,,,,,,,,,,,,,,,,,,,,,,,,,,,,,,,,,,,,,,,,,960.4322931250208,960.4411049580085,960.9310785830021,960.9310785830021,960.9310785830021,961.0056266660104,961.0056266660104,961.0056266660104,961.5250290410477,z,1.0735824579605833,None,961.5252031250275,961.5252670830232,None,,,,,,,,,,,,21040109,2,2026-04-21_12h21.40.188,tilt_mocs,2024.2.4,120.86223023056361,2026-04-21 12h21.51.014415 -0400,
-2,15.0,,494,494,0,,,,,100,0,,,,,c-2,poss,1.0,z,1.5018580420291983,None,None,,,,,,,,,,,0,494,494,25,961.5374380830326,,,,,,,,,,,,,,,,,,,,,,,,,,,,,,,,,,,,,,,,,,,,,,,,,,,,,,,,,,,,,,,,,,,,,,,,,961.5283165830187,961.5374380830326,962.5211580000469,962.5211580000469,962.5211580000469,962.5939487080323,962.5939487080323,962.5939487080323,963.0417906250223,z,1.5018580420291983,None,963.0419293330051,963.041987750039,None,,,,,,,,,,,,21040109,2,2026-04-21_12h21.40.188,tilt_mocs,2024.2.4,120.86223023056361,2026-04-21 12h21.51.014415 -0400,
-2,0.0,,495,495,0,,,,,0,100,,,,,c-2,noss,0.75,z,1.6251828329986893,None,None,,,,,,,,,,,0,495,495,564,963.0530405830359,,,,,,,,,,,,,,,,,,,,,,,,,,,,,,,,,,,,,,,,,,,,,,,,,,,,,,,,,,,,,,,,,,,,,,,,,963.0442569580046,963.0530405830359,963.7884345000493,963.7884345000493,963.7884345000493,963.8606354160002,963.8606354160002,963.8606354160002,964.6807008330361,z,1.6251828329986893,None,964.6808026250219,964.680846916046,None,,,,,,,,,,,,21040109,2,2026-04-21_12h21.40.188,tilt_mocs,2024.2.4,120.86223023056361,2026-04-21 12h21.51.014415 -0400,
0,0.0,,496,496,0,,,,,0,100,,,,,c+0,noss,1.0,period,4.3218075829790905,None,None,,,,,,,,,,,0,496,496,613,964.6913765000063,,,,,,,,,,,,,,,,,,,,,,,,,,,,,,,,,,,,,,,,,,,,,,,,,,,,,,,,,,,,,,,,,,,,,,,,,964.6828144160099,964.6913765000063,965.6808945000521,965.6808945000521,965.6808945000521,965.755464832997,965.755464832997,965.755464832997,969.0246046660468,period,4.3218075829790905,None,969.0247345410171,969.0247886660509,None,,,,,,,,,,,,21040109,2,2026-04-21_12h21.40.188,tilt_mocs,2024.2.4,120.86223023056361,2026-04-21 12h21.51.014415 -0400,
6,15.0,,497,497,0,,,,,100,0,,,,,c+6,poss,0.75,period,1.6659303330234252,None,None,,,,,,,,,,,0,497,497,180,969.0359475830337,,,,,,,,,,,,,,,,,,,,,,,,,,,,,,,,,,,,,,,,,,,,,,,,,,,,,,,,,,,,,,,,,,,,,,,,,969.0272635410074,969.0359475830337,969.7720337909996,969.7720337909996,969.7720337909996,969.8441682500415,969.8441682500415,969.8441682500415,970.7080264160177,period,1.6659303330234252,None,970.7081275410019,970.7081703330041,None,,,,,,,,,,,,21040109,2,2026-04-21_12h21.40.188,tilt_mocs,2024.2.4,120.86223023056361,2026-04-21 12h21.51.014415 -0400,
2,15.0,,498,498,0,,,,,100,0,,,,,c+2,poss,0.5,z,1.1439976249821484,None,None,,,,,,,,,,,0,498,498,85,970.7189335000003,,,,,,,,,,,,,,,,,,,,,,,,,,,,,,,,,,,,,,,,,,,,,,,,,,,,,,,,,,,,,,,,,,,,,,,,,970.7101542910095,970.7189335000003,971.2054502910469,971.2054502910469,971.2054502910469,971.2777353330166,971.2777353330166,971.2777353330166,971.8753867910127,z,1.1439976249821484,None,971.8755511250347,971.875637500023,None,,,,,,,,,,,,21040109,2,2026-04-21_12h21.40.188,tilt_mocs,2024.2.4,120.86223023056361,2026-04-21 12h21.51.014415 -0400,
4,15.0,,499,499,0,,,,,100,0,,,,,c+4,poss,1.0,z,1.5781900840229355,None,None,,,,,,,,,,,0,499,499,157,971.8877312080003,,,,,,,,,,,,,,,,,,,,,,,,,,,,,,,,,,,,,,,,,,,,,,,,,,,,,,,,,,,,,,,,,,,,,,,,,971.8783320829971,971.8877312080003,972.8720436250442,972.8720436250442,972.8720436250442,972.9445079580182,972.9445079580182,972.9445079580182,973.4750658330158,z,1.5781900840229355,None,973.4752579579945,973.475322250044,None,,,,,,,,,,,,21040109,2,2026-04-21_12h21.40.188,tilt_mocs,2024.2.4,120.86223023056361,2026-04-21 12h21.51.014415 -0400,
4,0.0,,500,500,0,,,,,0,100,,,,,c+4,noss,1.25,period,2.1725180000066757,None,space,13.813795791007578,None,,,,,,,,,0,500,500,708,973.4873212079983,,,,,,,,,,,,,,,,,,,,,,,,,,,,,,,,,,,,,,,,,,,,,,,,,,,,,,,,,,,,,,,,,,,,,,,,,973.4782265410176,973.4873212079983,974.7221629580017,974.7221629580017,974.7221629580017,974.7946618330316,974.7946618330316,974.7946618330316,975.6637819580501,period,2.1725180000066757,None,975.6638857080252,989.5086959160399,space,975.689102583041,975.689102583041,13.813795791007578,None,,,,,,,,21040109,2,2026-04-21_12h21.40.188,tilt_mocs,2024.2.4,120.86223023056361,2026-04-21 12h21.51.014415 -0400,
-2,-15.0,,501,501,0,,,,,100,0,,,,,c-2,negs,0.75,period,1.2293002090300433,None,None,,,,,,,,,,,0,501,501,396,989.5190745830187,,,,,,,,,,,,,,,,,,,,,,,,,,,,,,,,,,,,,,,,,,,,,,,,,,,,,,,,,,,,,,,,,,,,,,,,,989.5107630410348,989.5190745830187,990.2560942080454,990.2560942080454,990.2560942080454,990.3291542080115,990.3291542080115,990.3291542080115,990.7588897910318,period,1.2293002090300433,None,990.7590712910169,990.7591252080165,None,,,,,,,,,,,,21040109,2,2026-04-21_12h21.40.188,tilt_mocs,2024.2.4,120.86223023056361,2026-04-21 12h21.51.014415 -0400,
-2,0.0,,502,502,0,,,,,0,100,,,,,c-2,noss,1.0,z,1.4290307079791091,None,None,,,,,,,,,,,0,502,502,574,990.770920208015,,,,,,,,,,,,,,,,,,,,,,,,,,,,,,,,,,,,,,,,,,,,,,,,,,,,,,,,,,,,,,,,,,,,,,,,,990.7617077910108,990.770920208015,991.7561562500196,991.7561562500196,991.7561562500196,991.8283502910053,991.8283502910053,991.8283502910053,992.2087338330457,z,1.4290307079791091,None,992.2088660410373,992.2089213750442,None,,,,,,,,,,,,21040109,2,2026-04-21_12h21.40.188,tilt_mocs,2024.2.4,120.86223023056361,2026-04-21 12h21.51.014415 -0400,
6,15.0,,503,503,0,,,,,100,0,,,,,c+6,poss,1.25,z,1.6748424159595743,None,None,,,,,,,,,,,0,503,503,201,992.2200694580097,,,,,,,,,,,,,,,,,,,,,,,,,,,,,,,,,,,,,,,,,,,,,,,,,,,,,,,,,,,,,,,,,,,,,,,,,992.2112346659997,992.2200694580097,993.4561548330239,993.4561548330239,993.4561548330239,993.528521500004,993.528521500004,993.528521500004,993.8976187080261,z,1.6748424159595743,None,993.8977462910116,993.8978008750128,None,,,,,,,,,,,,21040109,2,2026-04-21_12h21.40.188,tilt_mocs,2024.2.4,120.86223023056361,2026-04-21 12h21.51.014415 -0400,
2,15.0,,504,504,0,,,,,100,0,,,,,c+2,poss,1.25,z,1.9006172920344397,None,None,,,,,,,,,,,0,504,504,124,993.9088031660067,,,,,,,,,,,,,,,,,,,,,,,,,,,,,,,,,,,,,,,,,,,,,,,,,,,,,,,,,,,,,,,,,,,,,,,,,993.899821250001,993.9088031660067,995.1478011660511,995.1478011660511,995.1478011660511,995.2234720000415,995.2234720000415,995.2234720000415,995.8144022080232,z,1.9006172920344397,None,995.8145060410025,995.8145554160001,None,,,,,,,,,,,,21040109,2,2026-04-21_12h21.40.188,tilt_mocs,2024.2.4,120.86223023056361,2026-04-21 12h21.51.014415 -0400,
2,0.0,,505,505,0,,,,,0,100,,,,,c+2,noss,1.0,period,1.6153762500034645,None,None,,,,,,,,,,,0,505,505,657,995.8255469580181,,,,,,,,,,,,,,,,,,,,,,,,,,,,,,,,,,,,,,,,,,,,,,,,,,,,,,,,,,,,,,,,,,,,,,,,,995.8165384580498,995.8255469580181,996.8149712909944,996.8149712909944,996.8149712909944,996.8901886660024,996.8901886660024,996.8901886660024,997.4525694160257,period,1.6153762500034645,None,997.4526739160065,997.4527196660056,None,,,,,,,,,,,,21040109,2,2026-04-21_12h21.40.188,tilt_mocs,2024.2.4,120.86223023056361,2026-04-21 12h21.51.014415 -0400,
2,15.0,,506,506,0,,,,,100,0,,,,,c+2,poss,0.5,z,0.9269397919997573,None,None,,,,,,,,,,,0,506,506,89,997.4594413330196,,,,,,,,,,,,,,,,,,,,,,,,,,,,,,,,,,,,,,,,,,,,,,,,,,,,,,,,,,,,,,,,,,,,,,,,,997.4547001660103,997.4594413330196,997.9494308330468,997.9494308330468,997.9494308330468,998.0235380830127,998.0235380830127,998.0235380830127,998.3927842910052,z,0.9269397919997573,None,998.3929390410194,998.3930008750176,None,,,,,,,,,,,,21040109,2,2026-04-21_12h21.40.188,tilt_mocs,2024.2.4,120.86223023056361,2026-04-21 12h21.51.014415 -0400,
2,0.0,,507,507,0,,,,,0,100,,,,,c+2,noss,0.75,period,1.077161499997601,None,None,,,,,,,,,,,0,507,507,645,998.4044916250277,,,,,,,,,,,,,,,,,,,,,,,,,,,,,,,,,,,,,,,,,,,,,,,,,,,,,,,,,,,,,,,,,,,,,,,,,998.3953794160043,998.4044916250277,999.1396237910376,999.1396237910376,999.1396237910376,999.2117107500089,999.2117107500089,999.2117107500089,999.4925151659991,period,1.077161499997601,None,999.4926782080438,999.4927389580407,None,,,,,,,,,,,,21040109,2,2026-04-21_12h21.40.188,tilt_mocs,2024.2.4,120.86223023056361,2026-04-21 12h21.51.014415 -0400,
6,15.0,,508,508,0,,,,,100,0,,,,,c+6,poss,0.5,z,0.8964542089961469,None,None,,,,,,,,,,,0,508,508,176,999.5044848330435,,,,,,,,,,,,,,,,,,,,,,,,,,,,,,,,,,,,,,,,,,,,,,,,,,,,,,,,,,,,,,,,,,,,,,,,,999.4954398749978,999.5044848330435,999.9897595830262,999.9897595830262,999.9897595830262,1000.0621520000277,1000.0621520000277,1000.0621520000277,1000.4096762910485,z,0.8964542089961469,None,1000.4098180830479,1000.4098790000426,None,,,,,,,,,,,,21040109,2,2026-04-21_12h21.40.188,tilt_mocs,2024.2.4,120.86223023056361,2026-04-21 12h21.51.014415 -0400,
0,0.0,,509,509,0,,,,,0,100,,,,,c+0,noss,1.0,period,1.432046125002671,None,None,,,,,,,,,,,0,509,509,612,1000.4210891660186,,,,,,,,,,,,,,,,,,,,,,,,,,,,,,,,,,,,,,,,,,,,,,,,,,,,,,,,,,,,,,,,,,,,,,,,,1000.4121592080337,1000.4210891660186,1001.4069957910106,1001.4069957910106,1001.4069957910106,1001.4774918330368,1001.4774918330368,1001.4774918330368,1001.8595704160398,period,1.432046125002671,None,1001.8597382080043,1001.8598037500051,None,,,,,,,,,,,,21040109,2,2026-04-21_12h21.40.188,tilt_mocs,2024.2.4,120.86223023056361,2026-04-21 12h21.51.014415 -0400,
2,0.0,,510,510,0,,,,,0,100,,,,,c+2,noss,1.0,z,1.5194908340345137,None,None,,,,,,,,,,,0,510,510,660,1001.871430750005,,,,,,,,,,,,,,,,,,,,,,,,,,,,,,,,,,,,,,,,,,,,,,,,,,,,,,,,,,,,,,,,,,,,,,,,,1001.8621192499995,1001.871430750005,1002.8564587500296,1002.8564587500296,1002.8564587500296,1002.9288377080229,1002.9288377080229,1002.9288377080229,1003.3936937079998,z,1.5194908340345137,None,1003.3938393330318,1003.3939196660067,None,,,,,,,,,,,,21040109,2,2026-04-21_12h21.40.188,tilt_mocs,2024.2.4,120.86223023056361,2026-04-21 12h21.51.014415 -0400,
-2,-15.0,,511,511,0,,,,,100,0,,,,,c-2,negs,0.75,period,1.8851903339964338,None,None,,,,,,,,,,,0,511,511,397,1003.4053435830283,,,,,,,,,,,,,,,,,,,,,,,,,,,,,,,,,,,,,,,,,,,,,,,,,,,,,,,,,,,,,,,,,,,,,,,,,1003.3963502910337,1003.4053435830283,1004.1397857500124,1004.1397857500124,1004.1397857500124,1004.2124051250285,1004.2124051250285,1004.2124051250285,1005.2965232499992,period,1.8851903339964338,None,1005.2966461660108,1005.2967010000139,None,,,,,,,,,,,,21040109,2,2026-04-21_12h21.40.188,tilt_mocs,2024.2.4,120.86223023056361,2026-04-21 12h21.51.014415 -0400,
-2,-15.0,,512,512,0,,,,,100,0,,,,,c-2,negs,0.75,period,1.3336527909850702,None,None,,,,,,,,,,,0,512,512,398,1005.3235000830027,,,,,,,,,,,,,,,,,,,,,,,,,,,,,,,,,,,,,,,,,,,,,,,,,,,,,,,,,,,,,,,,,,,,,,,,,1005.2988071660511,1005.3235000830027,1006.0494148330181,1006.0494148330181,1006.0494148330181,1006.1237654580036,1006.1237654580036,1006.1237654580036,1006.6598762909998,period,1.3336527909850702,None,1006.6600542080123,1006.6601125000161,None,,,,,,,,,,,,21040109,2,2026-04-21_12h21.40.188,tilt_mocs,2024.2.4,120.86223023056361,2026-04-21 12h21.51.014415 -0400,
6,15.0,,513,513,0,,,,,100,0,,,,,c+6,poss,1.0,period,1.6094850420486182,None,None,,,,,,,,,,,0,513,513,195,1006.6721590000088,,,,,,,,,,,,,,,,,,,,,,,,,,,,,,,,,,,,,,,,,,,,,,,,,,,,,,,,,,,,,,,,,,,,,,,,,1006.662830041023,1006.6721590000088,1007.6566489160177,1007.6566489160177,1007.6566489160177,1007.7287642500014,1007.7287642500014,1007.7287642500014,1008.2925893330248,period,1.6094850420486182,None,1008.2926910830429,1008.2927362080081,None,,,,,,,,,,,,21040109,2,2026-04-21_12h21.40.188,tilt_mocs,2024.2.4,120.86223023056361,2026-04-21 12h21.51.014415 -0400,
-2,0.0,,514,514,0,,,,,0,100,,,,,c-2,noss,1.0,z,1.6552070420002565,None,None,,,,,,,,,,,0,514,514,573,1008.3037428749958,,,,,,,,,,,,,,,,,,,,,,,,,,,,,,,,,,,,,,,,,,,,,,,,,,,,,,,,,,,,,,,,,,,,,,,,,1008.2947035410325,1008.3037428749958,1009.2902004159987,1009.2902004159987,1009.2902004159987,1009.3629823329975,1009.3629823329975,1009.3629823329975,1009.9634907080326,z,1.6552070420002565,None,1009.9636405410129,1009.9637130830088,None,,,,,,,,,,,,21040109,2,2026-04-21_12h21.40.188,tilt_mocs,2024.2.4,120.86223023056361,2026-04-21 12h21.51.014415 -0400,
2,0.0,,515,515,0,,,,,0,100,,,,,c+2,noss,1.0,period,3.2939623749698512,None,None,,,,,,,,,,,0,515,515,654,1009.9753701250302,,,,,,,,,,,,,,,,,,,,,,,,,,,,,,,,,,,,,,,,,,,,,,,,,,,,,,,,,,,,,,,,,,,,,,,,,1009.9659975410323,1009.9753701250302,1010.9669115830329,1010.9669115830329,1010.9669115830329,1011.0405739160487,1011.0405739160487,1011.0405739160487,1013.2769950410002,period,3.2939623749698512,None,1013.2771471660235,1013.2772058330011,None,,,,,,,,,,,,21040109,2,2026-04-21_12h21.40.188,tilt_mocs,2024.2.4,120.86223023056361,2026-04-21 12h21.51.014415 -0400,
4,0.0,,516,516,0,,,,,0,100,,,,,c+4,noss,0.5,z,2.269248292024713,None,None,,,,,,,,,,,0,516,516,674,1013.2888310830458,,,,,,,,,,,,,,,,,,,,,,,,,,,,,,,,,,,,,,,,,,,,,,,,,,,,,,,,,,,,,,,,,,,,,,,,,1013.2797908750363,1013.2888310830458,1013.7734961660462,1013.7734961660462,1013.7734961660462,1013.8463899579947,1013.8463899579947,1013.8463899579947,1015.5694297910086,z,2.269248292024713,None,1015.5695304580149,1015.5695929580252,None,,,,,,,,,,,,21040109,2,2026-04-21_12h21.40.188,tilt_mocs,2024.2.4,120.86223023056361,2026-04-21 12h21.51.014415 -0400,
2,0.0,,517,517,0,,,,,0,100,,,,,c+2,noss,0.75,period,1.2861152500263415,None,None,,,,,,,,,,,0,517,517,644,1015.5764370000106,,,,,,,,,,,,,,,,,,,,,,,,,,,,,,,,,,,,,,,,,,,,,,,,,,,,,,,,,,,,,,,,,,,,,,,,,1015.5715423750225,1015.5764370000106,1016.3172022500075,1016.3172022500075,1016.3172022500075,1016.3907522500376,1016.3907522500376,1016.3907522500376,1016.8661806660239,period,1.2861152500263415,None,1016.8663102910505,1016.8663655830314,None,,,,,,,,,,,,21040109,2,2026-04-21_12h21.40.188,tilt_mocs,2024.2.4,120.86223023056361,2026-04-21 12h21.51.014415 -0400,
-4,0.0,,518,518,0,,,,,0,100,,,,,c-4,noss,0.75,z,1.4377283330541104,None,None,,,,,,,,,,,0,518,518,518,1016.8768533330294,,,,,,,,,,,,,,,,,,,,,,,,,,,,,,,,,,,,,,,,,,,,,,,,,,,,,,,,,,,,,,,,,,,,,,,,,1016.8684934580233,1016.8768533330294,1017.615695458022,1017.615695458022,1017.615695458022,1017.6909001659951,1017.6909001659951,1017.6909001659951,1018.3268456660444,z,1.4377283330541104,None,1018.3269872500096,1018.3270603330457,None,,,,,,,,,,,,21040109,2,2026-04-21_12h21.40.188,tilt_mocs,2024.2.4,120.86223023056361,2026-04-21 12h21.51.014415 -0400,
-2,-15.0,,519,519,0,,,,,100,0,,,,,c-2,negs,1.0,period,1.5305721249897033,None,None,,,,,,,,,,,0,519,519,407,1018.338473041018,,,,,,,,,,,,,,,,,,,,,,,,,,,,,,,,,,,,,,,,,,,,,,,,,,,,,,,,,,,,,,,,,,,,,,,,,1018.3291913330322,1018.338473041018,1019.3237159160199,1019.3237159160199,1019.3237159160199,1019.3966787499958,1019.3966787499958,1019.3966787499958,1019.8771129160305,period,1.5305721249897033,None,1019.8773868750432,1019.8775222080294,None,,,,,,,,,,,,21040109,2,2026-04-21_12h21.40.188,tilt_mocs,2024.2.4,120.86223023056361,2026-04-21 12h21.51.014415 -0400,
0,-15.0,,520,520,0,,,,,100,0,,,,,c+0,negs,0.75,period,1.2122954580117948,None,None,,,,,,,,,,,0,520,520,435,1019.8893188750371,,,,,,,,,,,,,,,,,,,,,,,,,,,,,,,,,,,,,,,,,,,,,,,,,,,,,,,,,,,,,,,,,,,,,,,,,1019.880019666045,1019.8893188750371,1020.6230546660372,1020.6230546660372,1020.6230546660372,1020.696120083041,1020.696120083041,1020.696120083041,1021.1098096659989,period,1.2122954580117948,None,1021.109932583,1021.1099989580107,None,,,,,,,,,,,,21040109,2,2026-04-21_12h21.40.188,tilt_mocs,2024.2.4,120.86223023056361,2026-04-21 12h21.51.014415 -0400,
2,0.0,,521,521,0,,,,,0,100,,,,,c+2,noss,0.5,period,0.9271310830372386,None,None,,,,,,,,,,,0,521,521,632,1021.1207487910287,,,,,,,,,,,,,,,,,,,,,,,,,,,,,,,,,,,,,,,,,,,,,,,,,,,,,,,,,,,,,,,,,,,,,,,,,1021.1120742500061,1021.1207487910287,1021.607097708038,1021.607097708038,1021.607097708038,1021.6792761660181,1021.6792761660181,1021.6792761660181,1022.0596712910337,period,0.9271310830372386,None,1022.0597928329953,1022.0598473330028,None,,,,,,,,,,,,21040109,2,2026-04-21_12h21.40.188,tilt_mocs,2024.2.4,120.86223023056361,2026-04-21 12h21.51.014415 -0400,
2,15.0,,522,522,0,,,,,100,0,,,,,c+2,poss,1.0,period,1.3725734580075368,None,None,,,,,,,,,,,0,522,522,113,1022.0709232910303,,,,,,,,,,,,,,,,,,,,,,,,,,,,,,,,,,,,,,,,,,,,,,,,,,,,,,,,,,,,,,,,,,,,,,,,,1022.0622607500409,1022.0709232910303,1023.0571969580487,1023.0571969580487,1023.0571969580487,1023.1298372910242,1023.1298372910242,1023.1298372910242,1023.448247125023,period,1.3725734580075368,None,1023.4483520830399,1023.4483974580071,None,,,,,,,,,,,,21040109,2,2026-04-21_12h21.40.188,tilt_mocs,2024.2.4,120.86223023056361,2026-04-21 12h21.51.014415 -0400,
-2,0.0,,523,523,0,,,,,0,100,,,,,c-2,noss,1.0,period,1.5338701670407318,None,None,,,,,,,,,,,0,523,523,572,1023.4595122910105,,,,,,,,,,,,,,,,,,,,,,,,,,,,,,,,,,,,,,,,,,,,,,,,,,,,,,,,,,,,,,,,,,,,,,,,,1023.4503860830446,1023.4595122910105,1024.4504817080451,1024.4504817080451,1024.4504817080451,1024.524499208026,1024.524499208026,1024.524499208026,1024.999009791005,period,1.5338701670407318,None,1024.9991366250324,1024.9991923750495,None,,,,,,,,,,,,21040109,2,2026-04-21_12h21.40.188,tilt_mocs,2024.2.4,120.86223023056361,2026-04-21 12h21.51.014415 -0400,
6,15.0,,524,524,0,,,,,100,0,,,,,c+6,poss,0.5,period,0.7587371669942513,None,None,,,,,,,,,,,0,524,524,169,1025.0099971659947,,,,,,,,,,,,,,,,,,,,,,,,,,,,,,,,,,,,,,,,,,,,,,,,,,,,,,,,,,,,,,,,,,,,,,,,,1025.0012502500322,1025.0099971659947,1025.4996127500199,1025.4996127500199,1025.4996127500199,1025.574488708051,1025.574488708051,1025.574488708051,1025.776483500027,period,0.7587371669942513,None,1025.7766067500343,1025.7766605410143,None,,,,,,,,,,,,21040109,2,2026-04-21_12h21.40.188,tilt_mocs,2024.2.4,120.86223023056361,2026-04-21 12h21.51.014415 -0400,
2,-15.0,,525,525,0,,,,,100,0,,,,,c+2,negs,1.25,period,1.4736499169957824,None,None,,,,,,,,,,,0,525,525,503,1025.787633666012,,,,,,,,,,,,,,,,,,,,,,,,,,,,,,,,,,,,,,,,,,,,,,,,,,,,,,,,,,,,,,,,,,,,,,,,,1025.7789284160244,1025.787633666012,1027.0234113750048,1027.0234113750048,1027.0234113750048,1027.0965632910375,1027.0965632910375,1027.0965632910375,1027.2661441250239,period,1.4736499169957824,None,1027.266272208013,1027.2663279580302,None,,,,,,,,,,,,21040109,2,2026-04-21_12h21.40.188,tilt_mocs,2024.2.4,120.86223023056361,2026-04-21 12h21.51.014415 -0400,
2,15.0,,526,526,0,,,,,100,0,,,,,c+2,poss,0.75,period,0.18172166595468298,None,None,,,,,,,,,,,0,526,526,100,1027.2768781660125,,,,,,,,,,,,,,,,,,,,,,,,,,,,,,,,,,,,,,,,,,,,,,,,,,,,,,,,,,,,,,,,,,,,,,,,,1027.268300833006,1027.2768781660125,,,,,,,1027.4614689160371,period,0.18172166595468298,None,1027.4616273330175,1027.4617004159954,None,,,,,,,,,,,,21040109,2,2026-04-21_12h21.40.188,tilt_mocs,2024.2.4,120.86223023056361,2026-04-21 12h21.51.014415 -0400,
-2,0.0,,527,527,0,,,,,0,100,,,,,c-2,noss,0.75,period,2.8569077079882845,None,None,,,,,,,,,,,0,527,527,557,1027.472909541044,,,,,,,,,,,,,,,,,,,,,,,,,,,,,,,,,,,,,,,,,,,,,,,,,,,,,,,,,,,,,,,,,,,,,,,,,1027.4638605000218,1027.472909541044,1028.2075618330273,1028.2075618330273,1028.2075618330273,1028.2794756250223,1028.2794756250223,1028.2794756250223,1030.332831583044,period,2.8569077079882845,None,1030.3329541660496,1030.3330093750264,None,,,,,,,,,,,,21040109,2,2026-04-21_12h21.40.188,tilt_mocs,2024.2.4,120.86223023056361,2026-04-21 12h21.51.014415 -0400,
-4,-15.0,,528,528,0,,,,,100,0,,,,,c-4,negs,0.75,z,4.17339345900109,None,None,,,,,,,,,,,0,528,528,350,1030.3437674160232,,,,,,,,,,,,,,,,,,,,,,,,,,,,,,,,,,,,,,,,,,,,,,,,,,,,,,,,,,,,,,,,,,,,,,,,,1030.3352045830106,1030.3437674160232,1031.0830715830089,1031.0830715830089,1031.0830715830089,1031.1580183750484,1031.1580183750484,1031.1580183750484,1034.5269762499956,z,4.17339345900109,None,1034.5271145000006,1034.527171624999,None,,,,,,,,,,,,21040109,2,2026-04-21_12h21.40.188,tilt_mocs,2024.2.4,120.86223023056361,2026-04-21 12h21.51.014415 -0400,
2,-15.0,,529,529,0,,,,,100,0,,,,,c+2,negs,0.5,period,4.429424125002697,None,None,,,,,,,,,,,0,529,529,465,1034.5380483750487,,,,,,,,,,,,,,,,,,,,,,,,,,,,,,,,,,,,,,,,,,,,,,,,,,,,,,,,,,,,,,,,,,,,,,,,,1034.5292766659986,1034.5380483750487,1035.0241764160455,1035.0241764160455,1035.0241764160455,1035.0973792910227,1035.0973792910227,1035.0973792910227,1038.977571166004,period,4.429424125002697,None,1038.9777125830296,1038.9777710000053,None,,,,,,,,,,,,21040109,2,2026-04-21_12h21.40.188,tilt_mocs,2024.2.4,120.86223023056361,2026-04-21 12h21.51.014415 -0400,
4,0.0,,530,530,0,,,,,0,100,,,,,c+4,noss,0.5,period,1.1303700000280514,None,None,,,,,,,,,,,0,530,530,681,1038.9885860410286,,,,,,,,,,,,,,,,,,,,,,,,,,,,,,,,,,,,,,,,,,,,,,,,,,,,,,,,,,,,,,,,,,,,,,,,,1038.9800274160225,1038.9885860410286,1039.4744322080514,1039.4744322080514,1039.4744322080514,1039.5466154160094,1039.5466154160094,1039.5466154160094,1040.127665750042,period,1.1303700000280514,None,1040.1278460000176,1040.1279100000393,None,,,,,,,,,,,,21040109,2,2026-04-21_12h21.40.188,tilt_mocs,2024.2.4,120.86223023056361,2026-04-21 12h21.51.014415 -0400,
4,15.0,,531,531,0,,,,,100,0,,,,,c+4,poss,1.0,z,1.625708375009708,None,None,,,,,,,,,,,0,531,531,155,1040.1406722500105,,,,,,,,,,,,,,,,,,,,,,,,,,,,,,,,,,,,,,,,,,,,,,,,,,,,,,,,,,,,,,,,,,,,,,,,,1040.1313624580507,1040.1406722500105,1041.124382250011,1041.124382250011,1041.124382250011,1041.1964383330196,1041.1964383330196,1041.1964383330196,1041.777308166027,z,1.625708375009708,None,1041.777439416037,1041.777496499999,None,,,,,,,,,,,,21040109,2,2026-04-21_12h21.40.188,tilt_mocs,2024.2.4,120.86223023056361,2026-04-21 12h21.51.014415 -0400,
8,15.0,,532,532,0,,,,,100,0,,,,,c+8,poss,1.25,period,1.893812499998603,None,None,,,,,,,,,,,0,532,532,242,1041.7886805000016,,,,,,,,,,,,,,,,,,,,,,,,,,,,,,,,,,,,,,,,,,,,,,,,,,,,,,,,,,,,,,,,,,,,,,,,,1041.7799969580374,1041.7886805000016,1043.0244302910287,1043.0244302910287,1043.0244302910287,1043.0967818330391,1043.0967818330391,1043.0967818330391,1043.6938695000135,period,1.893812499998603,None,1043.693997458031,1043.694052958046,None,,,,,,,,,,,,21040109,2,2026-04-21_12h21.40.188,tilt_mocs,2024.2.4,120.86223023056361,2026-04-21 12h21.51.014415 -0400,
-2,15.0,,533,533,0,,,,,100,0,,,,,c-2,poss,0.5,z,0.9707483749953099,None,None,,,,,,,,,,,0,533,533,1,1043.7054610410123,,,,,,,,,,,,,,,,,,,,,,,,,,,,,,,,,,,,,,,,,,,,,,,,,,,,,,,,,,,,,,,,,,,,,,,,,1043.6966033329954,1043.7054610410123,1044.1911461660056,1044.1911461660056,1044.1911461660056,1044.2629242080147,1044.2629242080147,1044.2629242080147,1044.6836152500473,z,0.9707483749953099,None,1044.6837442910182,1044.683799749997,None,,,,,,,,,,,,21040109,2,2026-04-21_12h21.40.188,tilt_mocs,2024.2.4,120.86223023056361,2026-04-21 12h21.51.014415 -0400,
6,15.0,,534,534,0,,,,,100,0,,,,,c+6,poss,1.0,period,1.5559102919651195,None,None,,,,,,,,,,,0,534,534,192,1044.694426083006,,,,,,,,,,,,,,,,,,,,,,,,,,,,,,,,,,,,,,,,,,,,,,,,,,,,,,,,,,,,,,,,,,,,,,,,,1044.6861466250266,1044.694426083006,1045.6839563330286,1045.6839563330286,1045.6839563330286,1045.7584560410469,1045.7584560410469,1045.7584560410469,1046.260648791038,period,1.5559102919651195,None,1046.2607704580296,1046.2608238329994,None,,,,,,,,,,,,21040109,2,2026-04-21_12h21.40.188,tilt_mocs,2024.2.4,120.86223023056361,2026-04-21 12h21.51.014415 -0400,
2,0.0,,535,535,0,,,,,0,100,,,,,c+2,noss,0.5,period,0.9051487499964423,None,None,,,,,,,,,,,0,535,535,635,1046.2717353330227,,,,,,,,,,,,,,,,,,,,,,,,,,,,,,,,,,,,,,,,,,,,,,,,,,,,,,,,,,,,,,,,,,,,,,,,,1046.2630677080015,1046.2717353330227,1046.7572658330319,1046.7572658330319,1046.7572658330319,1046.8302079160349,1046.8302079160349,1046.8302079160349,1047.1825239160098,period,0.9051487499964423,None,1047.1826994160074,1047.1827698750421,None,,,,,,,,,,,,21040109,2,2026-04-21_12h21.40.188,tilt_mocs,2024.2.4,120.86223023056361,2026-04-21 12h21.51.014415 -0400,
2,15.0,,536,536,0,,,,,100,0,,,,,c+2,poss,0.5,period,0.8715245830244385,None,None,,,,,,,,,,,0,536,536,88,1047.1940176660428,,,,,,,,,,,,,,,,,,,,,,,,,,,,,,,,,,,,,,,,,,,,,,,,,,,,,,,,,,,,,,,,,,,,,,,,,1047.185135833046,1047.1940176660428,1047.6846306660445,1047.6846306660445,1047.6846306660445,1047.7585258330218,1047.7585258330218,1047.7585258330218,1048.0774345410173,period,0.8715245830244385,None,1048.077556416043,1048.077609541011,None,,,,,,,,,,,,21040109,2,2026-04-21_12h21.40.188,tilt_mocs,2024.2.4,120.86223023056361,2026-04-21 12h21.51.014415 -0400,
-2,-15.0,,537,537,0,,,,,100,0,,,,,c-2,negs,1.25,period,1.8532116250135005,None,None,,,,,,,,,,,0,537,537,410,1048.088440874999,,,,,,,,,,,,,,,,,,,,,,,,,,,,,,,,,,,,,,,,,,,,,,,,,,,,,,,,,,,,,,,,,,,,,,,,,1048.0798249579966,1048.088440874999,1049.3247007080354,1049.3247007080354,1049.3247007080354,1049.3968765410245,1049.3968765410245,1049.3968765410245,1049.944350875041,period,1.8532116250135005,None,1049.944506541011,1049.9445706660044,None,,,,,,,,,,,,21040109,2,2026-04-21_12h21.40.188,tilt_mocs,2024.2.4,120.86223023056361,2026-04-21 12h21.51.014415 -0400,
-2,0.0,,538,538,0,,,,,0,100,,,,,c-2,noss,1.25,z,1.6838404579903,None,None,,,,,,,,,,,0,538,538,587,1049.9561393750482,,,,,,,,,,,,,,,,,,,,,,,,,,,,,,,,,,,,,,,,,,,,,,,,,,,,,,,,,,,,,,,,,,,,,,,,,1049.9470513749984,1049.9561393750482,1051.191412166052,1051.191412166052,1051.191412166052,1051.2635547500104,1051.2635547500104,1051.2635547500104,1051.64424116601,z,1.6838404579903,None,1051.6443432500237,1051.6443874580436,None,,,,,,,,,,,,21040109,2,2026-04-21_12h21.40.188,tilt_mocs,2024.2.4,120.86223023056361,2026-04-21 12h21.51.014415 -0400,
2,0.0,,539,539,0,,,,,0,100,,,,,c+2,noss,1.25,period,1.8377815000130795,None,None,,,,,,,,,,,0,539,539,671,1051.6548222500132,,,,,,,,,,,,,,,,,,,,,,,,,,,,,,,,,,,,,,,,,,,,,,,,,,,,,,,,,,,,,,,,,,,,,,,,,1051.646359291044,1051.6548222500132,1052.8905361250509,1052.8905361250509,1052.8905361250509,1052.9638041250291,1052.9638041250291,1052.9638041250291,1053.4950852500042,period,1.8377815000130795,None,1053.4952194160433,1053.4952774580452,None,,,,,,,,,,,,21040109,2,2026-04-21_12h21.40.188,tilt_mocs,2024.2.4,120.86223023056361,2026-04-21 12h21.51.014415 -0400,
-8,-15.0,,540,540,0,,,,,100,0,,,,,c-8,negs,0.5,period,1.2524134579580277,None,None,,,,,,,,,,,0,540,540,257,1053.5067765410058,,,,,,,,,,,,,,,,,,,,,,,,,,,,,,,,,,,,,,,,,,,,,,,,,,,,,,,,,,,,,,,,,,,,,,,,,1053.4976826250204,1053.5067765410058,1053.991482708021,1053.991482708021,1053.991482708021,1054.0638283750159,1054.0638283750159,1054.0638283750159,1054.7624066250282,period,1.2524134579580277,None,1054.7625497080153,1054.7626096660388,None,,,,,,,,,,,,21040109,2,2026-04-21_12h21.40.188,tilt_mocs,2024.2.4,120.86223023056361,2026-04-21 12h21.51.014415 -0400,
4,0.0,,541,541,0,,,,,0,100,,,,,c+4,noss,0.75,period,1.3122539999894798,None,None,,,,,,,,,,,0,541,541,686,1054.7737202080316,,,,,,,,,,,,,,,,,,,,,,,,,,,,,,,,,,,,,,,,,,,,,,,,,,,,,,,,,,,,,,,,,,,,,,,,,1054.7648679580307,1054.7737202080316,1055.5082937080297,1055.5082937080297,1055.5082937080297,1055.5802302079974,1055.5802302079974,1055.5802302079974,1056.0955889160396,period,1.3122539999894798,None,1056.0957412910066,1056.0958020830294,None,,,,,,,,,,,,21040109,2,2026-04-21_12h21.40.188,tilt_mocs,2024.2.4,120.86223023056361,2026-04-21 12h21.51.014415 -0400,
0,-15.0,,542,542,0,,,,,100,0,,,,,c+0,negs,0.75,period,1.2765426249825396,None,None,,,,,,,,,,,0,542,542,434,1056.1072291250457,,,,,,,,,,,,,,,,,,,,,,,,,,,,,,,,,,,,,,,,,,,,,,,,,,,,,,,,,,,,,,,,,,,,,,,,,1056.0980655830353,1056.1072291250457,1056.8416335000074,1056.8416335000074,1056.8416335000074,1056.9135992500233,1056.9135992500233,1056.9135992500233,1057.3945762910298,period,1.2765426249825396,None,1057.3947394580464,1057.3947986250278,None,,,,,,,,,,,,21040109,2,2026-04-21_12h21.40.188,tilt_mocs,2024.2.4,120.86223023056361,2026-04-21 12h21.51.014415 -0400,
4,15.0,,543,543,0,,,,,100,0,,,,,c+4,poss,1.25,period,2.335834459052421,None,None,,,,,,,,,,,0,543,543,159,1057.4067948750453,,,,,,,,,,,,,,,,,,,,,,,,,,,,,,,,,,,,,,,,,,,,,,,,,,,,,,,,,,,,,,,,,,,,,,,,,1057.3977347080363,1057.4067948750453,1058.6417917910148,1058.6417917910148,1058.6417917910148,1058.7151850830414,1058.7151850830414,1058.7151850830414,1059.7451686250279,period,2.335834459052421,None,1059.74531883304,1059.7453736659954,None,,,,,,,,,,,,21040109,2,2026-04-21_12h21.40.188,tilt_mocs,2024.2.4,120.86223023056361,2026-04-21 12h21.51.014415 -0400,
-4,0.0,,544,544,0,,,,,0,100,,,,,c-4,noss,0.75,z,1.1423138339887373,None,None,,,,,,,,,,,0,544,544,520,1059.75696995802,,,,,,,,,,,,,,,,,,,,,,,,,,,,,,,,,,,,,,,,,,,,,,,,,,,,,,,,,,,,,,,,,,,,,,,,,1059.7480773330317,1059.75696995802,1060.4917265000404,1060.4917265000404,1060.4917265000404,1060.5632867910317,1060.5632867910317,1060.5632867910317,1060.9115802500164,z,1.1423138339887373,None,1060.9116819160408,1060.9117265830282,None,,,,,,,,,,,,21040109,2,2026-04-21_12h21.40.188,tilt_mocs,2024.2.4,120.86223023056361,2026-04-21 12h21.51.014415 -0400,
6,15.0,,545,545,0,,,,,100,0,,,,,c+6,poss,1.0,period,1.4325370420119725,None,None,,,,,,,,,,,0,545,545,199,1060.925634041021,,,,,,,,,,,,,,,,,,,,,,,,,,,,,,,,,,,,,,,,,,,,,,,,,,,,,,,,,,,,,,,,,,,,,,,,,1060.9136569160037,1060.925634041021,1061.9090087080258,1061.9090087080258,1061.9090087080258,1061.981411875051,1061.981411875051,1061.981411875051,1062.3611570000066,period,1.4325370420119725,None,1062.3612853329978,1062.361340583011,None,,,,,,,,,,,,21040109,2,2026-04-21_12h21.40.188,tilt_mocs,2024.2.4,120.86223023056361,2026-04-21 12h21.51.014415 -0400,
4,0.0,,546,546,0,,,,,0,100,,,,,c+4,noss,1.25,period,1.7388477500062436,None,None,,,,,,,,,,,0,546,546,707,1062.3722396250232,,,,,,,,,,,,,,,,,,,,,,,,,,,,,,,,,,,,,,,,,,,,,,,,,,,,,,,,,,,,,,,,,,,,,,,,,1062.363448916003,1062.3722396250232,1063.608643375046,1063.608643375046,1063.608643375046,1063.6811316660023,1063.6811316660023,1063.6811316660023,1064.117537083046,period,1.7388477500062436,None,1064.1176694160094,1064.1177232080372,None,,,,,,,,,,,,21040109,2,2026-04-21_12h21.40.188,tilt_mocs,2024.2.4,120.86223023056361,2026-04-21 12h21.51.014415 -0400,
-6,-15.0,,547,547,0,,,,,100,0,,,,,c-6,negs,0.75,z,1.2226872500032187,None,None,,,,,,,,,,,0,547,547,313,1064.1282021250227,,,,,,,,,,,,,,,,,,,,,,,,,,,,,,,,,,,,,,,,,,,,,,,,,,,,,,,,,,,,,,,,,,,,,,,,,1064.1196828330285,1064.1282021250227,1064.8681735830032,1064.8681735830032,1064.8681735830032,1064.9422631660127,1064.9422631660127,1064.9422631660127,1065.361643750046,z,1.2226872500032187,None,1065.361803583044,1065.3618601250346,None,,,,,,,,,,,,21040109,2,2026-04-21_12h21.40.188,tilt_mocs,2024.2.4,120.86223023056361,2026-04-21 12h21.51.014415 -0400,
-2,0.0,,548,548,0,,,,,0,100,,,,,c-2,noss,1.25,z,1.6024721669964492,None,None,,,,,,,,,,,0,548,548,581,1065.3737847080338,,,,,,,,,,,,,,,,,,,,,,,,,,,,,,,,,,,,,,,,,,,,,,,,,,,,,,,,,,,,,,,,,,,,,,,,,1065.3646241250099,1065.3737847080338,1066.6086727910442,1066.6086727910442,1066.6086727910442,1066.680809915997,1066.680809915997,1066.680809915997,1066.9790937910439,z,1.6024721669964492,None,1066.9792538330075,1066.9793099579983,None,,,,,,,,,,,,21040109,2,2026-04-21_12h21.40.188,tilt_mocs,2024.2.4,120.86223023056361,2026-04-21 12h21.51.014415 -0400,
-2,-15.0,,549,549,0,,,,,100,0,,,,,c-2,negs,1.25,z,1.6970697500510141,None,None,,,,,,,,,,,0,549,549,414,1066.9911584579968,,,,,,,,,,,,,,,,,,,,,,,,,,,,,,,,,,,,,,,,,,,,,,,,,,,,,,,,,,,,,,,,,,,,,,,,,1066.9819149580435,1066.9911584579968,1068.225421958021,1068.225421958021,1068.225421958021,1068.2977595410193,1068.2977595410193,1068.2977595410193,1068.6945432079956,z,1.6970697500510141,None,1068.6946437910083,1068.6946865830105,None,,,,,,,,,,,,21040109,2,2026-04-21_12h21.40.188,tilt_mocs,2024.2.4,120.86223023056361,2026-04-21 12h21.51.014415 -0400,
2,-15.0,,550,550,0,,,,,100,0,,,,,c+2,negs,0.5,period,4.828497416980099,None,None,,,,,,,,,,,0,550,550,463,1068.705322875001,,,,,,,,,,,,,,,,,,,,,,,,,,,,,,,,,,,,,,,,,,,,,,,,,,,,,,,,,,,,,,,,,,,,,,,,,1068.696623625001,1068.705322875001,1069.1919944580295,1069.1919944580295,1069.1919944580295,1069.2638950830442,1069.2638950830442,1069.2638950830442,1073.5449735410511,period,4.828497416980099,None,1073.5451046249946,1073.5451603750116,None,,,,,,,,,,,,21040109,2,2026-04-21_12h21.40.188,tilt_mocs,2024.2.4,120.86223023056361,2026-04-21 12h21.51.014415 -0400,
8,15.0,,551,551,0,,,,,100,0,,,,,c+8,poss,1.0,period,1.5647808749927208,None,None,,,,,,,,,,,0,551,551,240,1073.5558987080003,,,,,,,,,,,,,,,,,,,,,,,,,,,,,,,,,,,,,,,,,,,,,,,,,,,,,,,,,,,,,,,,,,,,,,,,,1073.547367583029,1073.5558987080003,1074.5422946250183,1074.5422946250183,1074.5422946250183,1074.6146930000396,1074.6146930000396,1074.6146930000396,1075.1281009160448,period,1.5647808749927208,None,1075.1282615410164,1075.128293916001,None,,,,,,,,,,,,21040109,2,2026-04-21_12h21.40.188,tilt_mocs,2024.2.4,120.86223023056361,2026-04-21 12h21.51.014415 -0400,
0,-15.0,,552,552,0,,,,,100,0,,,,,c+0,negs,0.75,period,1.1743375830119476,None,None,,,,,,,,,,,0,552,552,437,1075.1352564580156,,,,,,,,,,,,,,,,,,,,,,,,,,,,,,,,,,,,,,,,,,,,,,,,,,,,,,,,,,,,,,,,,,,,,,,,,1075.1291624580044,1075.1352564580156,1075.8755798750208,1075.8755798750208,1075.8755798750208,1075.947743333003,1075.947743333003,1075.947743333003,1076.3124335000175,period,1.1743375830119476,None,1076.3126597500523,1076.3127373330062,None,,,,,,,,,,,,21040109,2,2026-04-21_12h21.40.188,tilt_mocs,2024.2.4,120.86223023056361,2026-04-21 12h21.51.014415 -0400,
2,-15.0,,553,553,0,,,,,100,0,,,,,c+2,negs,0.75,period,1.1369279170176014,None,None,,,,,,,,,,,0,553,553,474,1076.323778666032,,,,,,,,,,,,,,,,,,,,,,,,,,,,,,,,,,,,,,,,,,,,,,,,,,,,,,,,,,,,,,,,,,,,,,,,,1076.3150802500313,1076.323778666032,1077.0590698330197,1077.0590698330197,1077.0590698330197,1077.1308881250443,1077.1308881250443,1077.1308881250443,1077.4726969580515,period,1.1369279170176014,None,1077.4727947910433,1077.4728374160477,None,,,,,,,,,,,,21040109,2,2026-04-21_12h21.40.188,tilt_mocs,2024.2.4,120.86223023056361,2026-04-21 12h21.51.014415 -0400,
0,0.0,,554,554,0,,,,,0,100,,,,,c+0,noss,0.5,period,0.8485249159857631,None,None,,,,,,,,,,,0,554,554,589,1077.4792526660021,,,,,,,,,,,,,,,,,,,,,,,,,,,,,,,,,,,,,,,,,,,,,,,,,,,,,,,,,,,,,,,,,,,,,,,,,1077.4747085830313,1077.4792526660021,1077.9689275410492,1077.9689275410492,1077.9689275410492,1078.0427734580007,1078.0427734580007,1078.0427734580007,1078.3335762080387,period,0.8485249159857631,None,1078.3336956660496,1078.3337484580115,None,,,,,,,,,,,,21040109,2,2026-04-21_12h21.40.188,tilt_mocs,2024.2.4,120.86223023056361,2026-04-21 12h21.51.014415 -0400,
2,0.0,,555,555,0,,,,,0,100,,,,,c+2,noss,0.5,period,0.8417062500375323,None,None,,,,,,,,,,,0,555,555,634,1078.3448475830373,,,,,,,,,,,,,,,,,,,,,,,,,,,,,,,,,,,,,,,,,,,,,,,,,,,,,,,,,,,,,,,,,,,,,,,,,1078.335834041005,1078.3448475830373,1078.835184666037,1078.835184666037,1078.835184666037,1078.9095713330316,1078.9095713330316,1078.9095713330316,1079.195957583026,period,0.8417062500375323,None,1079.19611733302,1079.1961742500425,None,,,,,,,,,,,,21040109,2,2026-04-21_12h21.40.188,tilt_mocs,2024.2.4,120.86223023056361,2026-04-21 12h21.51.014415 -0400,
8,15.0,,556,556,0,,,,,100,0,,,,,c+8,poss,1.25,period,1.7732772079762071,None,None,,,,,,,,,,,0,556,556,251,1079.2078507500119,,,,,,,,,,,,,,,,,,,,,,,,,,,,,,,,,,,,,,,,,,,,,,,,,,,,,,,,,,,,,,,,,,,,,,,,,1079.1987551660277,1079.2078507500119,1080.4422342080506,1080.4422342080506,1080.4422342080506,1080.5153707080171,1080.5153707080171,1080.5153707080171,1080.9842905410333,period,1.7732772079762071,None,1080.9844330000342,1080.984486958012,None,,,,,,,,,,,,21040109,2,2026-04-21_12h21.40.188,tilt_mocs,2024.2.4,120.86223023056361,2026-04-21 12h21.51.014415 -0400,
-4,-15.0,,557,557,0,,,,,100,0,,,,,c-4,negs,1.25,period,1.5138917500153184,None,None,,,,,,,,,,,0,557,557,374,1080.9953547909972,,,,,,,,,,,,,,,,,,,,,,,,,,,,,,,,,,,,,,,,,,,,,,,,,,,,,,,,,,,,,,,,,,,,,,,,,1080.986656041001,1080.9953547909972,1082.235143124999,1082.235143124999,1082.235143124999,1082.3095195410424,1082.3095195410424,1082.3095195410424,1082.5117223330308,period,1.5138917500153184,None,1082.5118241659948,1082.511869208014,None,,,,,,,,,,,,21040109,2,2026-04-21_12h21.40.188,tilt_mocs,2024.2.4,120.86223023056361,2026-04-21 12h21.51.014415 -0400,
4,15.0,,558,558,0,,,,,100,0,,,,,c+4,poss,0.75,period,1.5594590829568915,None,None,,,,,,,,,,,0,558,558,139,1082.5224870830425,,,,,,,,,,,,,,,,,,,,,,,,,,,,,,,,,,,,,,,,,,,,,,,,,,,,,,,,,,,,,,,,,,,,,,,,,1082.5138121250202,1082.5224870830425,1083.2592282500118,1083.2592282500118,1083.2592282500118,1083.3312116659945,1083.3312116659945,1083.3312116659945,1084.0845068329945,period,1.5594590829568915,None,1084.084607666009,1084.084651665995,None,,,,,,,,,,,,21040109,2,2026-04-21_12h21.40.188,tilt_mocs,2024.2.4,120.86223023056361,2026-04-21 12h21.51.014415 -0400,
0,-15.0,,559,559,0,,,,,100,0,,,,,c+0,negs,0.75,z,6.677183917025104,None,None,,,,,,,,,,,0,559,559,432,1084.0954407080426,,,,,,,,,,,,,,,,,,,,,,,,,,,,,,,,,,,,,,,,,,,,,,,,,,,,,,,,,,,,,,,,,,,,,,,,,1084.0866012500483,1084.0954407080426,1084.8357480830164,1084.8357480830164,1084.8357480830164,1084.9087820410496,1084.9087820410496,1084.9087820410496,1090.778611500049,z,6.677183917025104,None,1090.7787152910023,1090.7787588750361,None,,,,,,,,,,,,21040109,2,2026-04-21_12h21.40.188,tilt_mocs,2024.2.4,120.86223023056361,2026-04-21 12h21.51.014415 -0400,
2,0.0,,560,560,0,,,,,0,100,,,,,c+2,noss,1.0,z,1.8731863749562763,None,None,,,,,,,,,,,0,560,560,656,1090.789506125031,,,,,,,,,,,,,,,,,,,,,,,,,,,,,,,,,,,,,,,,,,,,,,,,,,,,,,,,,,,,,,,,,,,,,,,,,1090.7807557909982,1090.789506125031,1091.7761462909984,1091.7761462909984,1091.7761462909984,1091.848240708001,1091.848240708001,1091.848240708001,1092.6691682910314,z,1.8731863749562763,None,1092.669321708032,1092.669379833038,None,,,,,,,,,,,,21040109,2,2026-04-21_12h21.40.188,tilt_mocs,2024.2.4,120.86223023056361,2026-04-21 12h21.51.014415 -0400,
-6,-15.0,,561,561,0,,,,,100,0,,,,,c-6,negs,1.25,period,2.015840834006667,None,None,,,,,,,,,,,0,561,561,334,1092.679893625027,,,,,,,,,,,,,,,,,,,,,,,,,,,,,,,,,,,,,,,,,,,,,,,,,,,,,,,,,,,,,,,,,,,,,,,,,1092.6716697910451,1092.679893625027,1093.9188197080512,1093.9188197080512,1093.9188197080512,1093.993673541001,1093.993673541001,1093.993673541001,1094.7020362500334,period,2.015840834006667,None,1094.7021619160078,1094.7022178330226,None,,,,,,,,,,,,21040109,2,2026-04-21_12h21.40.188,tilt_mocs,2024.2.4,120.86223023056361,2026-04-21 12h21.51.014415 -0400,
-4,-15.0,,562,562,0,,,,,100,0,,,,,c-4,negs,1.0,period,1.822243458009325,None,None,,,,,,,,,,,0,562,562,365,1094.7127215000219,,,,,,,,,,,,,,,,,,,,,,,,,,,,,,,,,,,,,,,,,,,,,,,,,,,,,,,,,,,,,,,,,,,,,,,,,1094.704432041035,1094.7127215000219,1095.7030282080523,1095.7030282080523,1095.7030282080523,1095.7768408330157,1095.7768408330157,1095.7768408330157,1096.54608,period,1.822243458009325,None,1096.5462487080367,1096.5463113750448,None,,,,,,,,,,,,21040109,2,2026-04-21_12h21.40.188,tilt_mocs,2024.2.4,120.86223023056361,2026-04-21 12h21.51.014415 -0400,
-6,-15.0,,563,563,0,,,,,100,0,,,,,c-6,negs,1.0,z,1.8405977499787696,None,None,,,,,,,,,,,0,563,563,316,1096.5582809580374,,,,,,,,,,,,,,,,,,,,,,,,,,,,,,,,,,,,,,,,,,,,,,,,,,,,,,,,,,,,,,,,,,,,,,,,,1096.5492388330167,1096.5582809580374,1097.542266000004,1097.542266000004,1097.542266000004,1097.6157762910007,1097.6157762910007,1097.6157762910007,1098.401954541041,z,1.8405977499787696,None,1098.4020550000132,1098.4020981659996,None,,,,,,,,,,,,21040109,2,2026-04-21_12h21.40.188,tilt_mocs,2024.2.4,120.86223023056361,2026-04-21 12h21.51.014415 -0400,
-8,-15.0,,564,564,0,,,,,100,0,,,,,c-8,negs,0.75,z,1.4421432919916697,None,None,,,,,,,,,,,0,564,564,263,1098.4126194160199,,,,,,,,,,,,,,,,,,,,,,,,,,,,,,,,,,,,,,,,,,,,,,,,,,,,,,,,,,,,,,,,,,,,,,,,,1098.4040460000397,1098.4126194160199,1099.1524378330214,1099.1524378330214,1099.1524378330214,1099.2269300830085,1099.2269300830085,1099.2269300830085,1099.8624427909963,z,1.4421432919916697,None,1099.862576791027,1099.8626312080305,None,,,,,,,,,,,,21040109,2,2026-04-21_12h21.40.188,tilt_mocs,2024.2.4,120.86223023056361,2026-04-21 12h21.51.014415 -0400,
-8,-15.0,,565,565,0,,,,,100,0,,,,,c-8,negs,0.75,period,1.5210100409458391,None,None,,,,,,,,,,,0,565,565,270,1099.8737283750088,,,,,,,,,,,,,,,,,,,,,,,,,,,,,,,,,,,,,,,,,,,,,,,,,,,,,,,,,,,,,,,,,,,,,,,,,1099.8650542910327,1099.8737283750088,1100.609919041046,1100.609919041046,1100.609919041046,1100.6820860410226,1100.6820860410226,1100.6820860410226,1101.4014400830492,period,1.5210100409458391,None,1101.4015879580402,1101.4016527500353,None,,,,,,,,,,,,21040109,2,2026-04-21_12h21.40.188,tilt_mocs,2024.2.4,120.86223023056361,2026-04-21 12h21.51.014415 -0400,
-2,15.0,,566,566,0,,,,,100,0,,,,,c-2,poss,1.0,z,0.6766804590006359,None,None,,,,,,,,,,,0,566,566,31,1101.4172217909945,,,,,,,,,,,,,,,,,,,,,,,,,,,,,,,,,,,,,,,,,,,,,,,,,,,,,,,,,,,,,,,,,,,,,,,,,1101.4039313750109,1101.4172217909945,,,,,,,1102.0969168750453,z,0.6766804590006359,None,1102.0970745410305,1102.0971389580518,None,,,,,,,,,,,,21040109,2,2026-04-21_12h21.40.188,tilt_mocs,2024.2.4,120.86223023056361,2026-04-21 12h21.51.014415 -0400,
8,15.0,,567,567,0,,,,,100,0,,,,,c+8,poss,1.25,z,3.4087457500281744,None,None,,,,,,,,,,,0,567,567,247,1102.1081740829977,,,,,,,,,,,,,,,,,,,,,,,,,,,,,,,,,,,,,,,,,,,,,,,,,,,,,,,,,,,,,,,,,,,,,,,,,1102.0993564579985,1102.1081740829977,1103.3432534580352,1103.3432534580352,1103.3432534580352,1103.4155909580295,1103.4155909580295,1103.4155909580295,1105.52915175003,z,3.4087457500281744,None,1105.5292852499988,1105.5293589580106,None,,,,,,,,,,,,21040109,2,2026-04-21_12h21.40.188,tilt_mocs,2024.2.4,120.86223023056361,2026-04-21 12h21.51.014415 -0400,
4,15.0,,568,568,0,,,,,100,0,,,,,c+4,poss,0.75,period,0.7073874999769032,None,None,,,,,,,,,,,0,568,568,145,1105.544893000042,,,,,,,,,,,,,,,,,,,,,,,,,,,,,,,,,,,,,,,,,,,,,,,,,,,,,,,,,,,,,,,,,,,,,,,,,1105.5314052080503,1105.544893000042,,,,,,,1106.2628322500386,period,0.7073874999769032,None,1106.263003375032,1106.2630726250354,None,,,,,,,,,,,,21040109,2,2026-04-21_12h21.40.188,tilt_mocs,2024.2.4,120.86223023056361,2026-04-21 12h21.51.014415 -0400,
8,15.0,,569,569,0,,,,,100,0,,,,,c+8,poss,0.5,period,1.0261847500223666,None,None,,,,,,,,,,,0,569,569,220,1106.2748982080375,,,,,,,,,,,,,,,,,,,,,,,,,,,,,,,,,,,,,,,,,,,,,,,,,,,,,,,,,,,,,,,,,,,,,,,,,1106.2659296250204,1106.2748982080375,1106.7599329160294,1106.7599329160294,1106.7599329160294,1106.830861458031,1106.830861458031,1106.830861458031,1107.3128360410337,period,1.0261847500223666,None,1107.3130103330477,1107.3130737500032,None,,,,,,,,,,,,21040109,2,2026-04-21_12h21.40.188,tilt_mocs,2024.2.4,120.86223023056361,2026-04-21 12h21.51.014415 -0400,
-2,15.0,,570,570,0,,,,,100,0,,,,,c-2,poss,0.75,z,1.2249290409963578,None,None,,,,,,,,,,,0,570,570,17,1107.3252529580495,,,,,,,,,,,,,,,,,,,,,,,,,,,,,,,,,,,,,,,,,,,,,,,,,,,,,,,,,,,,,,,,,,,,,,,,,1107.3157463750103,1107.3252529580495,1108.0601667910232,1108.0601667910232,1108.0601667910232,1108.1440767910099,1108.1440767910099,1108.1440767910099,1108.5626007080427,z,1.2249290409963578,None,1108.562728666002,1108.5627823329996,None,,,,,,,,,,,,21040109,2,2026-04-21_12h21.40.188,tilt_mocs,2024.2.4,120.86223023056361,2026-04-21 12h21.51.014415 -0400,
4,0.0,,571,571,0,,,,,0,100,,,,,c+4,noss,0.75,period,1.1828998749842867,None,None,,,,,,,,,,,0,571,571,683,1108.5741024159943,,,,,,,,,,,,,,,,,,,,,,,,,,,,,,,,,,,,,,,,,,,,,,,,,,,,,,,,,,,,,,,,,,,,,,,,,1108.56512754102,1108.5741024159943,1109.3094051660155,1109.3094051660155,1109.3094051660155,1109.3820948750363,1109.3820948750363,1109.3820948750363,1109.7628762500244,period,1.1828998749842867,None,1109.763044457999,1109.7631263750372,None,,,,,,,,,,,,21040109,2,2026-04-21_12h21.40.188,tilt_mocs,2024.2.4,120.86223023056361,2026-04-21 12h21.51.014415 -0400,
0,-15.0,,572,572,0,,,,,100,0,,,,,c+0,negs,0.5,period,0.9813529169769026,None,None,,,,,,,,,,,0,572,572,426,1109.7749122080277,,,,,,,,,,,,,,,,,,,,,,,,,,,,,,,,,,,,,,,,,,,,,,,,,,,,,,,,,,,,,,,,,,,,,,,,,1109.765819250024,1109.7749122080277,1110.2601254580077,1110.2601254580077,1110.2601254580077,1110.3331317499978,1110.3331317499978,1110.3331317499978,1110.762535832997,period,0.9813529169769026,None,1110.7626360410359,1110.7626799160498,None,,,,,,,,,,,,21040109,2,2026-04-21_12h21.40.188,tilt_mocs,2024.2.4,120.86223023056361,2026-04-21 12h21.51.014415 -0400,
-8,-15.0,,573,573,0,,,,,100,0,,,,,c-8,negs,0.5,z,0.9222516249865294,None,None,,,,,,,,,,,0,573,573,260,1110.7733257079963,,,,,,,,,,,,,,,,,,,,,,,,,,,,,,,,,,,,,,,,,,,,,,,,,,,,,,,,,,,,,,,,,,,,,,,,,1110.764622458024,1110.7733257079963,1111.260231207998,1111.260231207998,1111.260231207998,1111.3325995000196,1111.3325995000196,1111.3325995000196,1111.7014525000122,z,0.9222516249865294,None,1111.7015761250514,1111.7016317910166,None,,,,,,,,,,,,21040109,2,2026-04-21_12h21.40.188,tilt_mocs,2024.2.4,120.86223023056361,2026-04-21 12h21.51.014415 -0400,
-4,0.0,,574,574,0,,,,,0,100,,,,,c-4,noss,0.5,z,0.9734863750054501,None,None,,,,,,,,,,,0,574,574,506,1111.7126441250439,,,,,,,,,,,,,,,,,,,,,,,,,,,,,,,,,,,,,,,,,,,,,,,,,,,,,,,,,,,,,,,,,,,,,,,,,1111.7036007500137,1111.7126441250439,1112.2013245410053,1112.2013245410053,1112.2013245410053,1112.2775650830008,1112.2775650830008,1112.2775650830008,1112.6961725410074,z,0.9734863750054501,None,1112.696299458039,1112.6963546660263,None,,,,,,,,,,,,21040109,2,2026-04-21_12h21.40.188,tilt_mocs,2024.2.4,120.86223023056361,2026-04-21 12h21.51.014415 -0400,
2,15.0,,575,575,0,,,,,100,0,,,,,c+2,poss,0.75,z,1.3604434170410968,None,None,,,,,,,,,,,0,575,575,98,1112.7077738330117,,,,,,,,,,,,,,,,,,,,,,,,,,,,,,,,,,,,,,,,,,,,,,,,,,,,,,,,,,,,,,,,,,,,,,,,,1112.6988685830147,1112.7077738330117,1113.4435354160378,1113.4435354160378,1113.4435354160378,1113.5159906659974,1113.5159906659974,1113.5159906659974,1114.0804170410265,z,1.3604434170410968,None,1114.0805740000214,1114.0806345409947,None,,,,,,,,,,,,21040109,2,2026-04-21_12h21.40.188,tilt_mocs,2024.2.4,120.86223023056361,2026-04-21 12h21.51.014415 -0400,
6,15.0,,576,576,0,,,,,100,0,,,,,c+6,poss,0.75,period,1.5051904169959016,None,None,,,,,,,,,,,0,576,576,185,1114.092260416015,,,,,,,,,,,,,,,,,,,,,,,,,,,,,,,,,,,,,,,,,,,,,,,,,,,,,,,,,,,,,,,,,,,,,,,,,1114.0829774580197,1114.092260416015,1114.8270484160166,1114.8270484160166,1114.8270484160166,1114.9108982500038,1114.9108982500038,1114.9108982500038,1115.6019221250317,period,1.5051904169959016,None,1115.602020833001,1115.6020639580092,None,,,,,,,,,,,,21040109,2,2026-04-21_12h21.40.188,tilt_mocs,2024.2.4,120.86223023056361,2026-04-21 12h21.51.014415 -0400,
0,15.0,,577,577,0,,,,,100,0,,,,,c+0,poss,1.25,z,1.889312917017378,None,None,,,,,,,,,,,0,577,577,79,1115.6130220410414,,,,,,,,,,,,,,,,,,,,,,,,,,,,,,,,,,,,,,,,,,,,,,,,,,,,,,,,,,,,,,,,,,,,,,,,,1115.604056708049,1115.6130220410414,1116.8532061250298,1116.8532061250298,1116.8532061250298,1116.933950125007,1116.933950125007,1116.933950125007,1117.5131637500017,z,1.889312917017378,None,1117.5132869580411,1117.5133395000012,None,,,,,,,,,,,,21040109,2,2026-04-21_12h21.40.188,tilt_mocs,2024.2.4,120.86223023056361,2026-04-21 12h21.51.014415 -0400,
4,15.0,,578,578,0,,,,,100,0,,,,,c+4,poss,0.5,z,1.2888420830131508,None,None,,,,,,,,,,,0,578,578,126,1117.5243419160252,,,,,,,,,,,,,,,,,,,,,,,,,,,,,,,,,,,,,,,,,,,,,,,,,,,,,,,,,,,,,,,,,,,,,,,,,1117.5156820830307,1117.5243419160252,1118.0104433330125,1118.0104433330125,1118.0104433330125,1118.08270525001,1118.08270525001,1118.08270525001,1118.8182274580467,z,1.2888420830131508,None,1118.8183490830124,1118.8184018330066,None,,,,,,,,,,,,21040109,2,2026-04-21_12h21.40.188,tilt_mocs,2024.2.4,120.86223023056361,2026-04-21 12h21.51.014415 -0400,
-2,15.0,,579,579,0,,,,,100,0,,,,,c-2,poss,0.5,z,2.386360708042048,None,None,,,,,,,,,,,0,579,579,8,1118.8296444160515,,,,,,,,,,,,,,,,,,,,,,,,,,,,,,,,,,,,,,,,,,,,,,,,,,,,,,,,,,,,,,,,,,,,,,,,,1118.8205315000378,1118.8296444160515,1119.3202578750206,1119.3202578750206,1119.3202578750206,1119.3942640410387,1119.3942640410387,1119.3942640410387,1121.2186357080354,z,2.386360708042048,None,1121.2187356660143,1121.218779916002,None,,,,,,,,,,,,21040109,2,2026-04-21_12h21.40.188,tilt_mocs,2024.2.4,120.86223023056361,2026-04-21 12h21.51.014415 -0400,
-2,-15.0,,580,580,0,,,,,100,0,,,,,c-2,negs,1.25,z,1.6326262499787845,None,None,,,,,,,,,,,0,580,580,416,1121.229770875012,,,,,,,,,,,,,,,,,,,,,,,,,,,,,,,,,,,,,,,,,,,,,,,,,,,,,,,,,,,,,,,,,,,,,,,,,1121.2207675410318,1121.229770875012,1122.4701259580324,1122.4701259580324,1122.4701259580324,1122.5444662080263,1122.5444662080263,1122.5444662080263,1122.8690121660475,z,1.6326262499787845,None,1122.869133833039,1122.8691880410188,None,,,,,,,,,,,,21040109,2,2026-04-21_12h21.40.188,tilt_mocs,2024.2.4,120.86223023056361,2026-04-21 12h21.51.014415 -0400,
-4,-15.0,,581,581,0,,,,,100,0,,,,,c-4,negs,1.25,z,1.776690165977925,None,None,,,,,,,,,,,0,581,581,373,1122.880211166048,,,,,,,,,,,,,,,,,,,,,,,,,,,,,,,,,,,,,,,,,,,,,,,,,,,,,,,,,,,,,,,,,,,,,,,,,1122.8712552500074,1122.880211166048,1124.1195040410385,1124.1195040410385,1124.1195040410385,1124.1943590830197,1124.1943590830197,1124.1943590830197,1124.6633223330136,z,1.776690165977925,None,1124.6634252080112,1124.6634697080008,None,,,,,,,,,,,,21040109,2,2026-04-21_12h21.40.188,tilt_mocs,2024.2.4,120.86223023056361,2026-04-21 12h21.51.014415 -0400,
0,15.0,,582,582,0,,,,,100,0,,,,,c+0,poss,1.0,z,1.7364334580488503,None,None,,,,,,,,,,,0,582,582,67,1124.6748634999967,,,,,,,,,,,,,,,,,,,,,,,,,,,,,,,,,,,,,,,,,,,,,,,,,,,,,,,,,,,,,,,,,,,,,,,,,1124.6659827080439,1124.6748634999967,1125.660779583035,1125.660779583035,1125.660779583035,1125.733878708037,1125.733878708037,1125.733878708037,1126.4142875830294,z,1.7364334580488503,None,1126.414460791042,1126.4145226250403,None,,,,,,,,,,,,21040109,2,2026-04-21_12h21.40.188,tilt_mocs,2024.2.4,120.86223023056361,2026-04-21 12h21.51.014415 -0400,
2,15.0,,583,583,0,,,,,100,0,,,,,c+2,poss,1.25,period,3.2454189590062015,None,None,,,,,,,,,,,0,583,583,118,1126.4270039160037,,,,,,,,,,,,,,,,,,,,,,,,,,,,,,,,,,,,,,,,,,,,,,,,,,,,,,,,,,,,,,,,,,,,,,,,,1126.4180340000312,1126.4270039160037,1127.660684750008,1127.660684750008,1127.660684750008,1127.7343725000392,1127.7343725000392,1127.7343725000392,1129.6805127910338,period,3.2454189590062015,None,1129.6807613330311,1129.6808767910115,None,,,,,,,,,,,,21040109,2,2026-04-21_12h21.40.188,tilt_mocs,2024.2.4,120.86223023056361,2026-04-21 12h21.51.014415 -0400,
0,15.0,,584,584,0,,,,,100,0,,,,,c+0,poss,1.25,period,2.3553780419752,None,None,,,,,,,,,,,0,584,584,74,1129.6928789160447,,,,,,,,,,,,,,,,,,,,,,,,,,,,,,,,,,,,,,,,,,,,,,,,,,,,,,,,,,,,,,,,,,,,,,,,,1129.6835914580151,1129.6928789160447,1130.9274402910378,1130.9274402910378,1130.9274402910378,1130.9995560829993,1130.9995560829993,1130.9995560829993,1132.0526117080008,period,2.3553780419752,None,1132.0527089160169,1132.0527512080153,None,,,,,,,,,,,,21040109,2,2026-04-21_12h21.40.188,tilt_mocs,2024.2.4,120.86223023056361,2026-04-21 12h21.51.014415 -0400,
2,15.0,,585,585,0,,,,,100,0,,,,,c+2,poss,1.25,z,1.774975375039503,None,None,,,,,,,,,,,0,585,585,122,1132.0636329580448,,,,,,,,,,,,,,,,,,,,,,,,,,,,,,,,,,,,,,,,,,,,,,,,,,,,,,,,,,,,,,,,,,,,,,,,,1132.0547085410217,1132.0636329580448,1133.3038088750327,1133.3038088750327,1133.3038088750327,1133.378102541028,1133.378102541028,1133.378102541028,1133.8470548750483,z,1.774975375039503,None,1133.847211083048,1133.8472705410095,None,,,,,,,,,,,,21040109,2,2026-04-21_12h21.40.188,tilt_mocs,2024.2.4,120.86223023056361,2026-04-21 12h21.51.014415 -0400,
2,-15.0,,586,586,0,,,,,100,0,,,,,c+2,negs,0.5,period,1.1371668750070967,None,None,,,,,,,,,,,0,586,586,468,1133.8591011250392,,,,,,,,,,,,,,,,,,,,,,,,,,,,,,,,,,,,,,,,,,,,,,,,,,,,,,,,,,,,,,,,,,,,,,,,,1133.850462958042,1133.8591011250392,1134.3433868749999,1134.3433868749999,1134.3433868749999,1134.4165573330247,1134.4165573330247,1134.4165573330247,1135.0036319160135,period,1.1371668750070967,None,1135.003782832995,1135.0038427910185,None,,,,,,,,,,,,21040109,2,2026-04-21_12h21.40.188,tilt_mocs,2024.2.4,120.86223023056361,2026-04-21 12h21.51.014415 -0400,
0,-15.0,,587,587,0,,,,,100,0,,,,,c+0,negs,1.0,period,1.6026188749819994,None,None,,,,,,,,,,,0,587,587,444,1135.0143795830081,,,,,,,,,,,,,,,,,,,,,,,,,,,,,,,,,,,,,,,,,,,,,,,,,,,,,,,,,,,,,,,,,,,,,,,,,1135.0061342080007,1135.0143795830081,1136.004073958029,1136.004073958029,1136.004073958029,1136.0783329580445,1136.0783329580445,1136.0783329580445,1136.6202709579957,period,1.6026188749819994,None,1136.6204122080235,1136.6204734580242,None,,,,,,,,,,,,21040109,2,2026-04-21_12h21.40.188,tilt_mocs,2024.2.4,120.86223023056361,2026-04-21 12h21.51.014415 -0400,
4,0.0,,588,588,0,,,,,0,100,,,,,c+4,noss,0.5,period,1.0260088330251165,None,None,,,,,,,,,,,0,588,588,672,1136.6308501660242,,,,,,,,,,,,,,,,,,,,,,,,,,,,,,,,,,,,,,,,,,,,,,,,,,,,,,,,,,,,,,,,,,,,,,,,,1136.62259254104,1136.6308501660242,1137.119909791043,1137.119909791043,1137.119909791043,1137.1950371250277,1137.1950371250277,1137.1950371250277,1137.6645007080515,period,1.0260088330251165,None,1137.6646627080045,1137.6647186250193,None,,,,,,,,,,,,21040109,2,2026-04-21_12h21.40.188,tilt_mocs,2024.2.4,120.86223023056361,2026-04-21 12h21.51.014415 -0400,
8,15.0,,589,589,0,,,,,100,0,,,,,c+8,poss,0.5,period,0.976827249978669,None,None,,,,,,,,,,,0,589,589,218,1137.6762551660067,,,,,,,,,,,,,,,,,,,,,,,,,,,,,,,,,,,,,,,,,,,,,,,,,,,,,,,,,,,,,,,,,,,,,,,,,1137.6673703330453,1137.6762551660067,1138.1610431660083,1138.1610431660083,1138.1610431660083,1138.2334780000383,1138.2334780000383,1138.2334780000383,1138.6641210830421,period,0.976827249978669,None,1138.6642870830256,1138.6643543750397,None,,,,,,,,,,,,21040109,2,2026-04-21_12h21.40.188,tilt_mocs,2024.2.4,120.86223023056361,2026-04-21 12h21.51.014415 -0400,
8,15.0,,590,590,0,,,,,100,0,,,,,c+8,poss,0.75,period,1.1101605000440031,None,None,,,,,,,,,,,0,590,590,221,1138.676649583038,,,,,,,,,,,,,,,,,,,,,,,,,,,,,,,,,,,,,,,,,,,,,,,,,,,,,,,,,,,,,,,,,,,,,,,,,1138.667314624996,1138.676649583038,1139.4111108750221,1139.4111108750221,1139.4111108750221,1139.4831684580422,1139.4831684580422,1139.4831684580422,1139.7979709579959,period,1.1101605000440031,None,1139.7981198750203,1139.798176958051,None,,,,,,,,,,,,21040109,2,2026-04-21_12h21.40.188,tilt_mocs,2024.2.4,120.86223023056361,2026-04-21 12h21.51.014415 -0400,
-2,0.0,,591,591,0,,,,,0,100,,,,,c-2,noss,1.0,z,1.461263625009451,None,None,,,,,,,,,,,0,591,591,569,1139.8095981250517,,,,,,,,,,,,,,,,,,,,,,,,,,,,,,,,,,,,,,,,,,,,,,,,,,,,,,,,,,,,,,,,,,,,,,,,,1139.8003637079964,1139.8095981250517,1140.794594875013,1140.794594875013,1140.794594875013,1140.867682125012,1140.867682125012,1140.867682125012,1141.2810905410443,z,1.461263625009451,None,1141.2812736660126,1141.2813440830214,None,,,,,,,,,,,,21040109,2,2026-04-21_12h21.40.188,tilt_mocs,2024.2.4,120.86223023056361,2026-04-21 12h21.51.014415 -0400,
-2,0.0,,592,592,0,,,,,0,100,,,,,c-2,noss,1.0,z,1.2037065830081701,None,None,,,,,,,,,,,0,592,592,571,1141.293434583,,,,,,,,,,,,,,,,,,,,,,,,,,,,,,,,,,,,,,,,,,,,,,,,,,,,,,,,,,,,,,,,,,,,,,,,,1141.2840380000416,1141.293434583,1142.2778392910259,1142.2778392910259,1142.2778392910259,1142.3498987500207,1142.3498987500207,1142.3498987500207,1142.5038956250064,z,1.2037065830081701,None,1142.5040487500373,1142.5040972910356,None,,,,,,,,,,,,21040109,2,2026-04-21_12h21.40.188,tilt_mocs,2024.2.4,120.86223023056361,2026-04-21 12h21.51.014415 -0400,
4,15.0,,593,593,0,,,,,100,0,,,,,c+4,poss,0.75,period,3.055800750036724,None,None,,,,,,,,,,,0,593,593,137,1142.5153506660135,,,,,,,,,,,,,,,,,,,,,,,,,,,,,,,,,,,,,,,,,,,,,,,,,,,,,,,,,,,,,,,,,,,,,,,,,1142.50717841601,1142.5153506660135,1143.2537547500106,1143.2537547500106,1143.2537547500106,1143.328378041042,1143.328378041042,1143.328378041042,1145.5809545410448,period,3.055800750036724,None,1145.5811372080352,1145.5813148750458,None,,,,,,,,,,,,21040109,2,2026-04-21_12h21.40.188,tilt_mocs,2024.2.4,120.86223023056361,2026-04-21 12h21.51.014415 -0400,
2,0.0,,594,594,0,,,,,0,100,,,,,c+2,noss,0.75,period,2.189269458001945,None,None,,,,,,,,,,,0,594,594,649,1145.5927881660173,,,,,,,,,,,,,,,,,,,,,,,,,,,,,,,,,,,,,,,,,,,,,,,,,,,,,,,,,,,,,,,,,,,,,,,,,1145.5838601660216,1145.5927881660173,1146.3281346660224,1146.3281346660224,1146.3281346660224,1146.400441875041,1146.400441875041,1146.400441875041,1147.7859575410257,period,2.189269458001945,None,1147.7860822910443,1147.786143166013,None,,,,,,,,,,,,21040109,2,2026-04-21_12h21.40.188,tilt_mocs,2024.2.4,120.86223023056361,2026-04-21 12h21.51.014415 -0400,
2,-15.0,,595,595,0,,,,,100,0,,,,,c+2,negs,1.25,period,1.791321541997604,None,None,,,,,,,,,,,0,595,595,496,1147.7973106660065,,,,,,,,,,,,,,,,,,,,,,,,,,,,,,,,,,,,,,,,,,,,,,,,,,,,,,,,,,,,,,,,,,,,,,,,,1147.7881082910462,1147.7973106660065,1149.038474666013,1149.038474666013,1149.038474666013,1149.117554166005,1149.117554166005,1149.117554166005,1149.597528583021,period,1.791321541997604,None,1149.5976297910092,1149.5976755000302,None,,,,,,,,,,,,21040109,2,2026-04-21_12h21.40.188,tilt_mocs,2024.2.4,120.86223023056361,2026-04-21 12h21.51.014415 -0400,
2,15.0,,596,596,0,,,,,100,0,,,,,c+2,poss,0.75,z,1.2043854999938048,None,None,,,,,,,,,,,0,596,596,104,1149.6083268750226,,,,,,,,,,,,,,,,,,,,,,,,,,,,,,,,,,,,,,,,,,,,,,,,,,,,,,,,,,,,,,,,,,,,,,,,,1149.599634208018,1149.6083268750226,1150.3448862500372,1150.3448862500372,1150.3448862500372,1150.4173867500504,1150.4173867500504,1150.4173867500504,1150.8157775000436,z,1.2043854999938048,None,1150.8159323750297,1150.8159913750133,None,,,,,,,,,,,,21040109,2,2026-04-21_12h21.40.188,tilt_mocs,2024.2.4,120.86223023056361,2026-04-21 12h21.51.014415 -0400,
0,15.0,,597,597,0,,,,,100,0,,,,,c+0,poss,1.25,z,1.8020672089769505,None,None,,,,,,,,,,,0,597,597,76,1150.8271017910447,,,,,,,,,,,,,,,,,,,,,,,,,,,,,,,,,,,,,,,,,,,,,,,,,,,,,,,,,,,,,,,,,,,,,,,,,1150.8182037500083,1150.8271017910447,1152.0615405410063,1152.0615405410063,1152.0615405410063,1152.1336487910012,1152.1336487910012,1152.1336487910012,1152.6315502080251,z,1.8020672089769505,None,1152.6316621660371,1152.631707750028,None,,,,,,,,,,,,21040109,2,2026-04-21_12h21.40.188,tilt_mocs,2024.2.4,120.86223023056361,2026-04-21 12h21.51.014415 -0400,
2,-15.0,,598,598,0,,,,,100,0,,,,,c+2,negs,0.5,period,1.2027792080189101,None,None,,,,,,,,,,,0,598,598,469,1152.6428605000256,,,,,,,,,,,,,,,,,,,,,,,,,,,,,,,,,,,,,,,,,,,,,,,,,,,,,,,,,,,,,,,,,,,,,,,,,1152.6337477080524,1152.6428605000256,1153.1281970410491,1153.1281970410491,1153.1281970410491,1153.2002172080101,1153.2002172080101,1153.2002172080101,1153.8486123330076,period,1.2027792080189101,None,1153.8487492910353,1153.8488040410448,None,,,,,,,,,,,,21040109,2,2026-04-21_12h21.40.188,tilt_mocs,2024.2.4,120.86223023056361,2026-04-21 12h21.51.014415 -0400,
-2,0.0,,599,599,0,,,,,0,100,,,,,c-2,noss,1.25,z,4.176282125001308,None,None,,,,,,,,,,,0,599,599,578,1153.859945041011,,,,,,,,,,,,,,,,,,,,,,,,,,,,,,,,,,,,,,,,,,,,,,,,,,,,,,,,,,,,,,,,,,,,,,,,,1153.8510427500005,1153.859945041011,1155.094981333008,1155.094981333008,1155.094981333008,1155.166604625003,1155.166604625003,1155.166604625003,1158.0487328750314,z,4.176282125001308,None,1158.0488545410335,1158.0488997910288,None,,,,,,,,,,,,21040109,2,2026-04-21_12h21.40.188,tilt_mocs,2024.2.4,120.86223023056361,2026-04-21 12h21.51.014415 -0400,
0,0.0,,600,600,0,,,,,0,100,,,,,c+0,noss,1.0,period,2.295334541995544,None,None,,,,,,,,,,,0,600,600,617,1158.0622445830377,,,,,,,,,,,,,,,,,,,,,,,,,,,,,,,,,,,,,,,,,,,,,,,,,,,,,,,,,,,,,,,,,,,,,,,,,1158.0512055410072,1158.0622445830377,1159.0452024580445,1159.0452024580445,1159.0452024580445,1159.1179858749965,1159.1179858749965,1159.1179858749965,1160.3646174580208,period,2.295334541995544,None,1160.3647414160077,1160.3647947080317,None,,,,,,,,,,,,21040109,2,2026-04-21_12h21.40.188,tilt_mocs,2024.2.4,120.86223023056361,2026-04-21 12h21.51.014415 -0400,
6,15.0,,601,601,0,,,,,100,0,,,,,c+6,poss,0.5,period,1.1426681250450201,None,None,,,,,,,,,,,0,601,601,168,1160.3758978749975,,,,,,,,,,,,,,,,,,,,,,,,,,,,,,,,,,,,,,,,,,,,,,,,,,,,,,,,,,,,,,,,,,,,,,,,,1160.3669073750498,1160.3758978749975,1160.8618622079957,1160.8618622079957,1160.8618622079957,1160.9351545410464,1160.9351545410464,1160.9351545410464,1161.5217913330416,period,1.1426681250450201,None,1161.5219309999957,1161.5219853330054,None,,,,,,,,,,,,21040109,2,2026-04-21_12h21.40.188,tilt_mocs,2024.2.4,120.86223023056361,2026-04-21 12h21.51.014415 -0400,
0,15.0,,602,602,0,,,,,100,0,,,,,c+0,poss,1.0,z,1.4963934170082211,None,None,,,,,,,,,,,0,602,602,66,1161.5322987910477,,,,,,,,,,,,,,,,,,,,,,,,,,,,,,,,,,,,,,,,,,,,,,,,,,,,,,,,,,,,,,,,,,,,,,,,,1161.5240286250482,1161.5322987910477,1162.5212349580252,1162.5212349580252,1162.5212349580252,1162.595798791037,1162.595798791037,1162.595798791037,1163.0316909580142,z,1.4963934170082211,None,1163.031851250038,1163.0319115830353,None,,,,,,,,,,,,21040109,2,2026-04-21_12h21.40.188,tilt_mocs,2024.2.4,120.86223023056361,2026-04-21 12h21.51.014415 -0400,
2,-15.0,,603,603,0,,,,,100,0,,,,,c+2,negs,1.0,period,1.522569624998141,None,None,,,,,,,,,,,0,603,603,485,1163.0434604580514,,,,,,,,,,,,,,,,,,,,,,,,,,,,,,,,,,,,,,,,,,,,,,,,,,,,,,,,,,,,,,,,,,,,,,,,,1163.0342667910154,1163.0434604580514,1164.027957000013,1164.027957000013,1164.027957000013,1164.1007729160483,1164.1007729160483,1164.1007729160483,1164.5710424160352,period,1.522569624998141,None,1164.571146250004,1164.5711892080144,None,,,,,,,,,,,,21040109,2,2026-04-21_12h21.40.188,tilt_mocs,2024.2.4,120.86223023056361,2026-04-21 12h21.51.014415 -0400,
4,0.0,,604,604,0,,,,,0,100,,,,,c+4,noss,0.75,period,1.220701124984771,None,None,,,,,,,,,,,0,604,604,689,1164.5815792500507,,,,,,,,,,,,,,,,,,,,,,,,,,,,,,,,,,,,,,,,,,,,,,,,,,,,,,,,,,,,,,,,,,,,,,,,,1164.5731461250107,1164.5815792500507,1165.3205581250368,1165.3205581250368,1165.3205581250368,1165.3958782500122,1165.3958782500122,1165.3958782500122,1165.8051680829958,period,1.220701124984771,None,1165.8053203330492,1165.805381541024,None,,,,,,,,,,,,21040109,2,2026-04-21_12h21.40.188,tilt_mocs,2024.2.4,120.86223023056361,2026-04-21 12h21.51.014415 -0400,
-4,-15.0,,605,605,0,,,,,100,0,,,,,c-4,negs,0.5,period,2.6810175830032676,None,None,,,,,,,,,,,0,605,605,344,1165.8159379580175,,,,,,,,,,,,,,,,,,,,,,,,,,,,,,,,,,,,,,,,,,,,,,,,,,,,,,,,,,,,,,,,,,,,,,,,,1165.80759154103,1165.8159379580175,1166.3048115000129,1166.3048115000129,1166.3048115000129,1166.3792878329987,1166.3792878329987,1166.3792878329987,1168.5089248330332,period,2.6810175830032676,None,1168.5090329580125,1168.5090769160306,None,,,,,,,,,,,,21040109,2,2026-04-21_12h21.40.188,tilt_mocs,2024.2.4,120.86223023056361,2026-04-21 12h21.51.014415 -0400,
-8,-15.0,,606,606,0,,,,,100,0,,,,,c-8,negs,0.5,period,3.0134054579539225,None,None,,,,,,,,,,,0,606,606,261,1168.5155087910243,,,,,,,,,,,,,,,,,,,,,,,,,,,,,,,,,,,,,,,,,,,,,,,,,,,,,,,,,,,,,,,,,,,,,,,,,1168.5110625410452,1168.5155087910243,1169.0075228330097,1169.0075228330097,1169.0075228330097,1169.0843175830087,1169.0843175830087,1169.0843175830087,1171.5319687080337,period,3.0134054579539225,None,1171.532127915998,1171.5321890000487,None,,,,,,,,,,,,21040109,2,2026-04-21_12h21.40.188,tilt_mocs,2024.2.4,120.86223023056361,2026-04-21 12h21.51.014415 -0400,
-2,-15.0,,607,607,0,,,,,100,0,,,,,c-2,negs,0.5,period,1.1025294169667177,None,None,,,,,,,,,,,0,607,607,385,1171.5439712910447,,,,,,,,,,,,,,,,,,,,,,,,,,,,,,,,,,,,,,,,,,,,,,,,,,,,,,,,,,,,,,,,,,,,,,,,,1171.5348845000262,1171.5439712910447,1172.0290800000075,1172.0290800000075,1172.0290800000075,1172.1010405830457,1172.1010405830457,1172.1010405830457,1172.6495294159977,period,1.1025294169667177,None,1172.6497256660368,1172.6497987910407,None,,,,,,,,,,,,21040109,2,2026-04-21_12h21.40.188,tilt_mocs,2024.2.4,120.86223023056361,2026-04-21 12h21.51.014415 -0400,
-4,0.0,,608,608,0,,,,,0,100,,,,,c-4,noss,1.25,z,1.7939562919782475,None,None,,,,,,,,,,,0,608,608,537,1172.6621986660175,,,,,,,,,,,,,,,,,,,,,,,,,,,,,,,,,,,,,,,,,,,,,,,,,,,,,,,,,,,,,,,,,,,,,,,,,1172.6526464580093,1172.6621986660175,1173.8947530830046,1173.8947530830046,1173.8947530830046,1173.9676980410004,1173.9676980410004,1173.9676980410004,1174.4650277910405,z,1.7939562919782475,None,1174.4651620000368,1174.4652180830017,None,,,,,,,,,,,,21040109,2,2026-04-21_12h21.40.188,tilt_mocs,2024.2.4,120.86223023056361,2026-04-21 12h21.51.014415 -0400,
0,15.0,,609,609,0,,,,,100,0,,,,,c+0,poss,1.0,z,2.009861875034403,None,None,,,,,,,,,,,0,609,609,72,1174.476599415997,,,,,,,,,,,,,,,,,,,,,,,,,,,,,,,,,,,,,,,,,,,,,,,,,,,,,,,,,,,,,,,,,,,,,,,,,1174.4675890410435,1174.476599415997,1175.4624281660072,1175.4624281660072,1175.4624281660072,1175.5349413750228,1175.5349413750228,1175.5349413750228,1176.4985576660256,z,2.009861875034403,None,1176.498689708009,1176.4987480000127,None,,,,,,,,,,,,21040109,2,2026-04-21_12h21.40.188,tilt_mocs,2024.2.4,120.86223023056361,2026-04-21 12h21.51.014415 -0400,
0,-15.0,,610,610,0,,,,,100,0,,,,,c+0,negs,1.25,period,1.7632190409931354,None,None,,,,,,,,,,,0,610,610,455,1176.5100118330447,,,,,,,,,,,,,,,,,,,,,,,,,,,,,,,,,,,,,,,,,,,,,,,,,,,,,,,,,,,,,,,,,,,,,,,,,1176.501282250043,1176.5100118330447,1177.7458872499992,1177.7458872499992,1177.7458872499992,1177.8176240409957,1177.8176240409957,1177.8176240409957,1178.2823377500172,period,1.7632190409931354,None,1178.282503458031,1178.2825693330378,None,,,,,,,,,,,,21040109,2,2026-04-21_12h21.40.188,tilt_mocs,2024.2.4,120.86223023056361,2026-04-21 12h21.51.014415 -0400,
0,0.0,,611,611,0,,,,,0,100,,,,,c+0,noss,1.25,period,1.8252223750459962,None,None,,,,,,,,,,,0,611,611,620,1178.2947275000042,,,,,,,,,,,,,,,,,,,,,,,,,,,,,,,,,,,,,,,,,,,,,,,,,,,,,,,,,,,,,,,,,,,,,,,,,1178.285338500049,1178.2947275000042,1179.5292986660497,1179.5292986660497,1179.5292986660497,1179.6010753330193,1179.6010753330193,1179.6010753330193,1180.1322862910456,period,1.8252223750459962,None,1180.132447083015,1180.1325058750226,None,,,,,,,,,,,,21040109,2,2026-04-21_12h21.40.188,tilt_mocs,2024.2.4,120.86223023056361,2026-04-21 12h21.51.014415 -0400,
2,15.0,,612,612,0,,,,,100,0,,,,,c+2,poss,0.5,z,1.006319459003862,None,None,,,,,,,,,,,0,612,612,90,1180.1441829160322,,,,,,,,,,,,,,,,,,,,,,,,,,,,,,,,,,,,,,,,,,,,,,,,,,,,,,,,,,,,,,,,,,,,,,,,,1180.1355740830186,1180.1441829160322,1180.6291908750427,1180.6291908750427,1180.6291908750427,1180.7017587500159,1180.7017587500159,1180.7017587500159,1181.1540080410196,z,1.006319459003862,None,1181.154106666043,1181.1541517910082,None,,,,,,,,,,,,21040109,2,2026-04-21_12h21.40.188,tilt_mocs,2024.2.4,120.86223023056361,2026-04-21 12h21.51.014415 -0400,
-4,0.0,,613,613,0,,,,,0,100,,,,,c-4,noss,0.5,z,0.9176715420326218,None,None,,,,,,,,,,,0,613,613,513,1181.165085791028,,,,,,,,,,,,,,,,,,,,,,,,,,,,,,,,,,,,,,,,,,,,,,,,,,,,,,,,,,,,,,,,,,,,,,,,,1181.1561043750262,1181.165085791028,1181.6554398750304,1181.6554398750304,1181.6554398750304,1181.7298092080164,1181.7298092080164,1181.7298092080164,1182.0865642080316,z,0.9176715420326218,None,1182.086667583033,1182.086723583052,None,,,,,,,,,,,,21040109,2,2026-04-21_12h21.40.188,tilt_mocs,2024.2.4,120.86223023056361,2026-04-21 12h21.51.014415 -0400,
2,-15.0,,614,614,0,,,,,100,0,,,,,c+2,negs,1.25,period,1.8331203340203501,None,None,,,,,,,,,,,0,614,614,499,1182.0979396250332,,,,,,,,,,,,,,,,,,,,,,,,,,,,,,,,,,,,,,,,,,,,,,,,,,,,,,,,,,,,,,,,,,,,,,,,,1182.0886732500512,1182.0979396250332,1183.3390532080084,1183.3390532080084,1183.3390532080084,1183.413142666046,1183.413142666046,1183.413142666046,1183.936897666019,period,1.8331203340203501,None,1183.9370193330105,1183.9370746250497,None,,,,,,,,,,,,21040109,2,2026-04-21_12h21.40.188,tilt_mocs,2024.2.4,120.86223023056361,2026-04-21 12h21.51.014415 -0400,
2,0.0,,615,615,0,,,,,0,100,,,,,c+2,noss,1.0,period,2.1447625000146218,None,None,,,,,,,,,,,0,615,615,653,1183.947968500026,,,,,,,,,,,,,,,,,,,,,,,,,,,,,,,,,,,,,,,,,,,,,,,,,,,,,,,,,,,,,,,,,,,,,,,,,1183.9391859580064,1183.947968500026,1184.9285973330261,1184.9285973330261,1184.9285973330261,1185.0013823330519,1185.0013823330519,1185.0013823330519,1186.0983502500458,period,2.1447625000146218,None,1186.0984560830402,1186.0984986250405,None,,,,,,,,,,,,21040109,2,2026-04-21_12h21.40.188,tilt_mocs,2024.2.4,120.86223023056361,2026-04-21 12h21.51.014415 -0400,
-2,15.0,,616,616,0,,,,,100,0,,,,,c-2,poss,1.0,z,1.7740537920035422,None,None,,,,,,,,,,,0,616,616,23,1186.109334000037,,,,,,,,,,,,,,,,,,,,,,,,,,,,,,,,,,,,,,,,,,,,,,,,,,,,,,,,,,,,,,,,,,,,,,,,,1186.1004510000348,1186.109334000037,1187.0953660000232,1187.0953660000232,1187.0953660000232,1187.1681377910427,1187.1681377910427,1187.1681377910427,1187.8881546250195,z,1.7740537920035422,None,1187.8882838750142,1187.888342250022,None,,,,,,,,,,,,21040109,2,2026-04-21_12h21.40.188,tilt_mocs,2024.2.4,120.86223023056361,2026-04-21 12h21.51.014415 -0400,
0,0.0,,617,617,0,,,,,0,100,,,,,c+0,noss,1.0,period,3.316179999965243,None,None,,,,,,,,,,,0,617,617,618,1187.8991926659946,,,,,,,,,,,,,,,,,,,,,,,,,,,,,,,,,,,,,,,,,,,,,,,,,,,,,,,,,,,,,,,,,,,,,,,,,1187.8905610410147,1187.8991926659946,1188.8888213330065,1188.8888213330065,1188.8888213330065,1188.9633492500288,1188.9633492500288,1188.9633492500288,1191.2217363750096,period,3.316179999965243,None,1191.2218663330423,1191.2219208330498,None,,,,,,,,,,,,21040109,2,2026-04-21_12h21.40.188,tilt_mocs,2024.2.4,120.86223023056361,2026-04-21 12h21.51.014415 -0400,
0,15.0,,618,618,0,,,,,100,0,,,,,c+0,poss,0.5,z,1.271174208028242,None,None,,,,,,,,,,,0,618,618,44,1191.232405791001,,,,,,,,,,,,,,,,,,,,,,,,,,,,,,,,,,,,,,,,,,,,,,,,,,,,,,,,,,,,,,,,,,,,,,,,,1191.2239168750239,1191.232405791001,1191.7222266250174,1191.7222266250174,1191.7222266250174,1191.7967770830146,1191.7967770830146,1191.7967770830146,1192.5061252909945,z,1.271174208028242,None,1192.5062522910303,1192.5063080410473,None,,,,,,,,,,,,21040109,2,2026-04-21_12h21.40.188,tilt_mocs,2024.2.4,120.86223023056361,2026-04-21 12h21.51.014415 -0400,
6,15.0,,619,619,0,,,,,100,0,,,,,c+6,poss,0.75,period,1.2964442090014927,None,None,,,,,,,,,,,0,619,619,189,1192.5164689579979,,,,,,,,,,,,,,,,,,,,,,,,,,,,,,,,,,,,,,,,,,,,,,,,,,,,,,,,,,,,,,,,,,,,,,,,,1192.5083865830093,1192.5164689579979,1193.2565856250003,1193.2565856250003,1193.2565856250003,1193.3301505830023,1193.3301505830023,1193.3301505830023,1193.8155117499991,period,1.2964442090014927,None,1193.8156404159963,1193.8156955000013,None,,,,,,,,,,,,21040109,2,2026-04-21_12h21.40.188,tilt_mocs,2024.2.4,120.86223023056361,2026-04-21 12h21.51.014415 -0400,
0,15.0,,620,620,0,,,,,100,0,,,,,c+0,poss,0.5,z,0.9398159169941209,None,None,,,,,,,,,,,0,620,620,45,1193.8266190830036,,,,,,,,,,,,,,,,,,,,,,,,,,,,,,,,,,,,,,,,,,,,,,,,,,,,,,,,,,,,,,,,,,,,,,,,,1193.8178838330205,1193.8266190830036,1194.3129527500132,1194.3129527500132,1194.3129527500132,1194.3852399160387,1194.3852399160387,1194.3852399160387,1194.77215879102,z,0.9398159169941209,None,1194.7722616250394,1194.7723056250252,None,,,,,,,,,,,,21040109,2,2026-04-21_12h21.40.188,tilt_mocs,2024.2.4,120.86223023056361,2026-04-21 12h21.51.014415 -0400,
-8,-15.0,,621,621,0,,,,,100,0,,,,,c-8,negs,1.0,z,1.5444279160001315,None,None,,,,,,,,,,,0,621,621,281,1194.782652875001,,,,,,,,,,,,,,,,,,,,,,,,,,,,,,,,,,,,,,,,,,,,,,,,,,,,,,,,,,,,,,,,,,,,,,,,,1194.7742374160443,1194.782652875001,1195.7723386250436,1195.7723386250436,1195.7723386250436,1195.8469206250156,1195.8469206250156,1195.8469206250156,1196.33208475,z,1.5444279160001315,None,1196.3322123750113,1196.3322670829948,None,,,,,,,,,,,,21040109,2,2026-04-21_12h21.40.188,tilt_mocs,2024.2.4,120.86223023056361,2026-04-21 12h21.51.014415 -0400,
4,15.0,,622,622,0,,,,,100,0,,,,,c+4,poss,1.25,z,1.5505930000217631,None,None,,,,,,,,,,,0,622,622,163,1196.3432279580156,,,,,,,,,,,,,,,,,,,,,,,,,,,,,,,,,,,,,,,,,,,,,,,,,,,,,,,,,,,,,,,,,,,,,,,,,1196.3342586660292,1196.3432279580156,1197.5797000830062,1197.5797000830062,1197.5797000830062,1197.6530059160432,1197.6530059160432,1197.6530059160432,1197.8990856250166,z,1.5505930000217631,None,1197.8992182910442,1197.8992730830214,None,,,,,,,,,,,,21040109,2,2026-04-21_12h21.40.188,tilt_mocs,2024.2.4,120.86223023056361,2026-04-21 12h21.51.014415 -0400,
-4,-15.0,,623,623,0,,,,,100,0,,,,,c-4,negs,1.25,z,1.704245125001762,None,None,,,,,,,,,,,0,623,623,377,1197.9100269580376,,,,,,,,,,,,,,,,,,,,,,,,,,,,,,,,,,,,,,,,,,,,,,,,,,,,,,,,,,,,,,,,,,,,,,,,,1197.901328958047,1197.9100269580376,1199.1464806250297,1199.1464806250297,1199.1464806250297,1199.2186746660154,1199.2186746660154,1199.2186746660154,1199.6172395830508,z,1.704245125001762,None,1199.6173937910353,1199.6174537910265,None,,,,,,,,,,,,21040109,2,2026-04-21_12h21.40.188,tilt_mocs,2024.2.4,120.86223023056361,2026-04-21 12h21.51.014415 -0400,
-8,-15.0,,624,624,0,,,,,100,0,,,,,c-8,negs,1.25,z,1.9513657500501722,None,None,,,,,,,,,,,0,624,624,290,1199.6290606250404,,,,,,,,,,,,,,,,,,,,,,,,,,,,,,,,,,,,,,,,,,,,,,,,,,,,,,,,,,,,,,,,,,,,,,,,,1199.6198570830165,1199.6290606250404,1200.86252116604,1200.86252116604,1200.86252116604,1200.9350935410475,1200.9350935410475,1200.9350935410475,1201.5831021250342,z,1.9513657500501722,None,1201.583252625016,1201.5833118750015,None,,,,,,,,,,,,21040109,2,2026-04-21_12h21.40.188,tilt_mocs,2024.2.4,120.86223023056361,2026-04-21 12h21.51.014415 -0400,
0,-15.0,,625,625,0,,,,,100,0,,,,,c+0,negs,1.0,period,2.7071710840100423,None,None,,,,,,,,,,,0,625,625,448,1201.5944879580056,,,,,,,,,,,,,,,,,,,,,,,,,,,,,,,,,,,,,,,,,,,,,,,,,,,,,,,,,,,,,,,,,,,,,,,,,1201.5856410830165,1201.5944879580056,1202.5799740000512,1202.5799740000512,1202.5799740000512,1202.6518967080046,1202.6518967080046,1202.6518967080046,1204.304729583033,period,2.7071710840100423,None,1204.3048272080487,1204.3048710410367,None,,,,,,,,,,,,21040109,2,2026-04-21_12h21.40.188,tilt_mocs,2024.2.4,120.86223023056361,2026-04-21 12h21.51.014415 -0400,
8,15.0,,626,626,0,,,,,100,0,,,,,c+8,poss,0.75,period,1.4383277500164695,None,None,,,,,,,,,,,0,626,626,227,1204.3159765000455,,,,,,,,,,,,,,,,,,,,,,,,,,,,,,,,,,,,,,,,,,,,,,,,,,,,,,,,,,,,,,,,,,,,,,,,,1204.3068335410208,1204.3159765000455,1205.0565937079955,1205.0565937079955,1205.0565937079955,1205.1305610830314,1205.1305610830314,1205.1305610830314,1205.7669176250347,period,1.4383277500164695,None,1205.7670246660127,1205.7670684159966,None,,,,,,,,,,,,21040109,2,2026-04-21_12h21.40.188,tilt_mocs,2024.2.4,120.86223023056361,2026-04-21 12h21.51.014415 -0400,
-2,0.0,,627,627,0,,,,,0,100,,,,,c-2,noss,1.25,period,3.7500013330136426,None,None,,,,,,,,,,,0,627,627,583,1205.7806340410025,,,,,,,,,,,,,,,,,,,,,,,,,,,,,,,,,,,,,,,,,,,,,,,,,,,,,,,,,,,,,,,,,,,,,,,,,1205.7690316250082,1205.7806340410025,1207.0125810830505,1207.0125810830505,1207.0125810830505,1207.0853105410351,1207.0853105410351,1207.0853105410351,1209.5339053750504,period,3.7500013330136426,None,1209.5340463330504,1209.5341043750523,None,,,,,,,,,,,,21040109,2,2026-04-21_12h21.40.188,tilt_mocs,2024.2.4,120.86223023056361,2026-04-21 12h21.51.014415 -0400,
-2,15.0,,628,628,0,,,,,100,0,,,,,c-2,poss,0.5,period,0.8294010409736075,None,None,,,,,,,,,,,0,628,628,9,1209.5451659160317,,,,,,,,,,,,,,,,,,,,,,,,,,,,,,,,,,,,,,,,,,,,,,,,,,,,,,,,,,,,,,,,,,,,,,,,,1209.5362272910425,1209.5451659160317,1210.0302217500284,1210.0302217500284,1210.0302217500284,1210.1030974159949,1210.1030974159949,1210.1030974159949,1210.3829461249989,period,0.8294010409736075,None,1210.3831050830195,1210.3831592909992,None,,,,,,,,,,,,21040109,2,2026-04-21_12h21.40.188,tilt_mocs,2024.2.4,120.86223023056361,2026-04-21 12h21.51.014415 -0400,
-4,0.0,,629,629,0,,,,,0,100,,,,,c-4,noss,0.5,z,4.955900417000521,None,None,,,,,,,,,,,0,629,629,505,1210.3953291660291,,,,,,,,,,,,,,,,,,,,,,,,,,,,,,,,,,,,,,,,,,,,,,,,,,,,,,,,,,,,,,,,,,,,,,,,,1210.3861697500106,1210.3953291660291,1210.8801245830255,1210.8801245830255,1210.8801245830255,1210.9523853330174,1210.9523853330174,1210.9523853330174,1215.3561875000014,z,4.955900417000521,None,1215.356285625021,1215.3563287500292,None,,,,,,,,,,,,21040109,2,2026-04-21_12h21.40.188,tilt_mocs,2024.2.4,120.86223023056361,2026-04-21 12h21.51.014415 -0400,
4,15.0,,630,630,0,,,,,100,0,,,,,c+4,poss,0.5,z,1.3405914999893866,None,None,,,,,,,,,,,0,630,630,127,1215.3666367910337,,,,,,,,,,,,,,,,,,,,,,,,,,,,,,,,,,,,,,,,,,,,,,,,,,,,,,,,,,,,,,,,,,,,,,,,,1215.3583150409977,1215.3666367910337,1215.856416916009,1215.856416916009,1215.856416916009,1215.9298847080208,1215.9298847080208,1215.9298847080208,1216.716323166038,z,1.3405914999893866,None,1216.7164438750478,1216.7164979160298,None,,,,,,,,,,,,21040109,2,2026-04-21_12h21.40.188,tilt_mocs,2024.2.4,120.86223023056361,2026-04-21 12h21.51.014415 -0400,
0,0.0,,631,631,0,,,,,0,100,,,,,c+0,noss,1.25,z,2.0382977909757756,None,None,,,,,,,,,,,0,631,631,627,1216.7272767500253,,,,,,,,,,,,,,,,,,,,,,,,,,,,,,,,,,,,,,,,,,,,,,,,,,,,,,,,,,,,,,,,,,,,,,,,,1216.718530208047,1216.7272767500253,1217.9638984580524,1217.9638984580524,1217.9638984580524,1218.0369783330243,1218.0369783330243,1218.0369783330243,1218.7715100829955,z,2.0382977909757756,None,1218.7716395830503,1218.7716966250446,None,,,,,,,,,,,,21040109,2,2026-04-21_12h21.40.188,tilt_mocs,2024.2.4,120.86223023056361,2026-04-21 12h21.51.014415 -0400,
-2,15.0,,632,632,0,,,,,100,0,,,,,c-2,poss,1.25,z,1.7553300840081647,None,None,,,,,,,,,,,0,632,632,40,1218.7833422080148,,,,,,,,,,,,,,,,,,,,,,,,,,,,,,,,,,,,,,,,,,,,,,,,,,,,,,,,,,,,,,,,,,,,,,,,,1218.7743394999998,1218.7833422080148,1220.0129347080365,1220.0129347080365,1220.0129347080365,1220.0856892500306,1220.0856892500306,1220.0856892500306,1220.5499186250381,z,1.7553300840081647,None,1220.5500510830316,1220.5501048750011,None,,,,,,,,,,,,21040109,2,2026-04-21_12h21.40.188,tilt_mocs,2024.2.4,120.86223023056361,2026-04-21 12h21.51.014415 -0400,
0,0.0,,633,633,0,,,,,0,100,,,,,c+0,noss,1.25,period,3.5664106670301408,None,None,,,,,,,,,,,0,633,633,623,1220.5613071250264,,,,,,,,,,,,,,,,,,,,,,,,,,,,,,,,,,,,,,,,,,,,,,,,,,,,,,,,,,,,,,,,,,,,,,,,,1220.5523268330144,1220.5613071250264,1221.7972053330159,1221.7972053330159,1221.7972053330159,1221.8698353330255,1221.8698353330255,1221.8698353330255,1224.1338734580204,period,3.5664106670301408,None,1224.1340280830045,1224.1340886660037,None,,,,,,,,,,,,21040109,2,2026-04-21_12h21.40.188,tilt_mocs,2024.2.4,120.86223023056361,2026-04-21 12h21.51.014415 -0400,
-2,0.0,,634,634,0,,,,,0,100,,,,,c-2,noss,1.25,z,1.8047068750020117,None,None,,,,,,,,,,,0,634,634,580,1224.1456094160094,,,,,,,,,,,,,,,,,,,,,,,,,,,,,,,,,,,,,,,,,,,,,,,,,,,,,,,,,,,,,,,,,,,,,,,,,1224.1363230410498,1224.1456094160094,1225.3810101660201,1225.3810101660201,1225.3810101660201,1225.453191541019,1225.453191541019,1225.453191541019,1225.9555433750502,z,1.8047068750020117,None,1225.9556557500036,1225.955699291022,None,,,,,,,,,,,,21040109,2,2026-04-21_12h21.40.188,tilt_mocs,2024.2.4,120.86223023056361,2026-04-21 12h21.51.014415 -0400,
-4,0.0,,635,635,0,,,,,0,100,,,,,c-4,noss,1.0,z,1.4696811659960076,None,None,,,,,,,,,,,0,635,635,526,1225.9666996659944,,,,,,,,,,,,,,,,,,,,,,,,,,,,,,,,,,,,,,,,,,,,,,,,,,,,,,,,,,,,,,,,,,,,,,,,,1225.9577012500376,1225.9666996659944,1226.9569643750438,1226.9569643750438,1226.9569643750438,1227.0312918749987,1227.0312918749987,1227.0312918749987,1227.4395949580357,z,1.4696811659960076,None,1227.439732666011,1227.4397888749954,None,,,,,,,,,,,,21040109,2,2026-04-21_12h21.40.188,tilt_mocs,2024.2.4,120.86223023056361,2026-04-21 12h21.51.014415 -0400,
8,15.0,,636,636,0,,,,,100,0,,,,,c+8,poss,1.0,period,3.2313836659886874,None,None,,,,,,,,,,,0,636,636,233,1227.4506614580168,,,,,,,,,,,,,,,,,,,,,,,,,,,,,,,,,,,,,,,,,,,,,,,,,,,,,,,,,,,,,,,,,,,,,,,,,1227.4418814580422,1227.4506614580168,1228.4408607500372,1228.4408607500372,1228.4408607500372,1228.514753791038,1228.514753791038,1228.514753791038,1230.6850226250244,period,3.2313836659886874,None,1230.6851807910134,1230.685239500017,None,,,,,,,,,,,,21040109,2,2026-04-21_12h21.40.188,tilt_mocs,2024.2.4,120.86223023056361,2026-04-21 12h21.51.014415 -0400,
-2,-15.0,,637,637,0,,,,,100,0,,,,,c-2,negs,1.0,period,1.5921929579926655,None,None,,,,,,,,,,,0,637,637,408,1230.6967282910482,,,,,,,,,,,,,,,,,,,,,,,,,,,,,,,,,,,,,,,,,,,,,,,,,,,,,,,,,,,,,,,,,,,,,,,,,1230.687607458036,1230.6967282910482,1231.6809157500393,1231.6809157500393,1231.6809157500393,1231.7530916660326,1231.7530916660326,1231.7530916660326,1232.3002089160145,period,1.5921929579926655,None,1232.300336041022,1232.3003912080312,None,,,,,,,,,,,,21040109,2,2026-04-21_12h21.40.188,tilt_mocs,2024.2.4,120.86223023056361,2026-04-21 12h21.51.014415 -0400,
-6,-15.0,,638,638,0,,,,,100,0,,,,,c-6,negs,1.25,z,1.8395755829988047,None,None,,,,,,,,,,,0,638,638,335,1232.3115972499945,,,,,,,,,,,,,,,,,,,,,,,,,,,,,,,,,,,,,,,,,,,,,,,,,,,,,,,,,,,,,,,,,,,,,,,,,1232.3024652500171,1232.3115972499945,1233.547677916009,1233.547677916009,1233.547677916009,1233.620100500004,1233.620100500004,1233.620100500004,1234.1565415410441,z,1.8395755829988047,None,1234.1566704580327,1234.1567255000118,None,,,,,,,,,,,,21040109,2,2026-04-21_12h21.40.188,tilt_mocs,2024.2.4,120.86223023056361,2026-04-21 12h21.51.014415 -0400,
-2,-15.0,,639,639,0,,,,,100,0,,,,,c-2,negs,0.75,z,2.522821417020168,None,None,,,,,,,,,,,0,639,639,390,1234.167326750001,,,,,,,,,,,,,,,,,,,,,,,,,,,,,,,,,,,,,,,,,,,,,,,,,,,,,,,,,,,,,,,,,,,,,,,,,1234.158840625023,1234.167326750001,1234.9067683750181,1234.9067683750181,1234.9067683750181,1234.9816017080448,1234.9816017080448,1234.9816017080448,1236.700476958009,z,2.522821417020168,None,1236.7006638330058,1236.7007175000035,None,,,,,,,,,,,,21040109,2,2026-04-21_12h21.40.188,tilt_mocs,2024.2.4,120.86223023056361,2026-04-21 12h21.51.014415 -0400,
-4,0.0,,640,640,0,,,,,0,100,,,,,c-4,noss,0.75,z,1.402680541970767,None,None,,,,,,,,,,,0,640,640,517,1236.7127042080392,,,,,,,,,,,,,,,,,,,,,,,,,,,,,,,,,,,,,,,,,,,,,,,,,,,,,,,,,,,,,,,,,,,,,,,,,1236.703612915997,1236.7127042080392,1237.4477552080061,1237.4477552080061,1237.4477552080061,1237.5200507499976,1237.5200507499976,1237.5200507499976,1238.118144875043,z,1.402680541970767,None,1238.1183134580497,1238.1183709580218,None,,,,,,,,,,,,21040109,2,2026-04-21_12h21.40.188,tilt_mocs,2024.2.4,120.86223023056361,2026-04-21 12h21.51.014415 -0400,
-2,-15.0,,641,641,0,,,,,100,0,,,,,c-2,negs,0.5,period,1.1227572080097161,None,None,,,,,,,,,,,0,641,641,381,1238.1304109159973,,,,,,,,,,,,,,,,,,,,,,,,,,,,,,,,,,,,,,,,,,,,,,,,,,,,,,,,,,,,,,,,,,,,,,,,,1238.1211127080023,1238.1304109159973,1238.61442591605,1238.61442591605,1238.61442591605,1238.6874115830287,1238.6874115830287,1238.6874115830287,1239.256839041016,period,1.1227572080097161,None,1239.2569591660285,1239.257013250026,None,,,,,,,,,,,,21040109,2,2026-04-21_12h21.40.188,tilt_mocs,2024.2.4,120.86223023056361,2026-04-21 12h21.51.014415 -0400,
-2,15.0,,642,642,0,,,,,100,0,,,,,c-2,poss,0.5,z,0.9833222079905681,None,None,,,,,,,,,,,0,642,642,5,1239.267700416036,,,,,,,,,,,,,,,,,,,,,,,,,,,,,,,,,,,,,,,,,,,,,,,,,,,,,,,,,,,,,,,,,,,,,,,,,1239.2590958329965,1239.267700416036,1239.7568162910175,1239.7568162910175,1239.7568162910175,1239.8317954160157,1239.8317954160157,1239.8317954160157,1240.2559531250154,z,0.9833222079905681,None,1240.256077875034,1240.2561325410497,None,,,,,,,,,,,,21040109,2,2026-04-21_12h21.40.188,tilt_mocs,2024.2.4,120.86223023056361,2026-04-21 12h21.51.014415 -0400,
4,0.0,,643,643,0,,,,,0,100,,,,,c+4,noss,0.5,z,1.3021647090208717,None,None,,,,,,,,,,,0,643,643,679,1240.2673476660275,,,,,,,,,,,,,,,,,,,,,,,,,,,,,,,,,,,,,,,,,,,,,,,,,,,,,,,,,,,,,,,,,,,,,,,,,1240.258212707995,1240.2673476660275,1240.757849415997,1240.757849415997,1240.757849415997,1240.8317043330171,1240.8317043330171,1240.8317043330171,1241.5725021249964,z,1.3021647090208717,None,1241.5726205829997,1241.5726846660255,None,,,,,,,,,,,,21040109,2,2026-04-21_12h21.40.188,tilt_mocs,2024.2.4,120.86223023056361,2026-04-21 12h21.51.014415 -0400,
4,15.0,,644,644,0,,,,,100,0,,,,,c+4,poss,0.5,period,1.248421291995328,None,None,,,,,,,,,,,0,644,644,135,1241.5838944160496,,,,,,,,,,,,,,,,,,,,,,,,,,,,,,,,,,,,,,,,,,,,,,,,,,,,,,,,,,,,,,,,,,,,,,,,,1241.5749963330454,1241.5838944160496,1242.075341666001,1242.075341666001,1242.075341666001,1242.1484843330109,1242.1484843330109,1242.1484843330109,1242.834835665999,period,1.248421291995328,None,1242.8349737499957,1242.8350330830435,None,,,,,,,,,,,,21040109,2,2026-04-21_12h21.40.188,tilt_mocs,2024.2.4,120.86223023056361,2026-04-21 12h21.51.014415 -0400,
-6,-15.0,,645,645,0,,,,,100,0,,,,,c-6,negs,0.5,period,2.0537476669996977,None,None,,,,,,,,,,,0,645,645,304,1242.8464874160127,,,,,,,,,,,,,,,,,,,,,,,,,,,,,,,,,,,,,,,,,,,,,,,,,,,,,,,,,,,,,,,,,,,,,,,,,1242.837617833051,1242.8464874160127,1243.3313175830408,1243.3313175830408,1243.3313175830408,1243.4033709160285,1243.4033709160285,1243.4033709160285,1244.9071589580271,period,2.0537476669996977,None,1244.9072775410023,1244.9073297910509,None,,,,,,,,,,,,21040109,2,2026-04-21_12h21.40.188,tilt_mocs,2024.2.4,120.86223023056361,2026-04-21 12h21.51.014415 -0400,
0,15.0,,646,646,0,,,,,100,0,,,,,c+0,poss,1.0,z,1.5077065419754945,None,None,,,,,,,,,,,0,646,646,71,1244.9177412910503,,,,,,,,,,,,,,,,,,,,,,,,,,,,,,,,,,,,,,,,,,,,,,,,,,,,,,,,,,,,,,,,,,,,,,,,,1244.9095359159983,1244.9177412910503,1245.9074424580322,1245.9074424580322,1245.9074424580322,1245.9818755000015,1245.9818755000015,1245.9818755000015,1246.4343057910446,z,1.5077065419754945,None,1246.4344262499944,1246.4344793329947,None,,,,,,,,,,,,21040109,2,2026-04-21_12h21.40.188,tilt_mocs,2024.2.4,120.86223023056361,2026-04-21 12h21.51.014415 -0400,
2,0.0,,647,647,0,,,,,0,100,,,,,c+2,noss,1.25,period,4.395410500001162,None,None,,,,,,,,,,,0,647,647,669,1246.4455266250297,,,,,,,,,,,,,,,,,,,,,,,,,,,,,,,,,,,,,,,,,,,,,,,,,,,,,,,,,,,,,,,,,,,,,,,,,1246.4365083330194,1246.4455266250297,1247.6815021660295,1247.6815021660295,1247.6815021660295,1247.7531219579978,1247.7531219579978,1247.7531219579978,1250.8509404160432,period,4.395410500001162,None,1250.8510710410192,1250.8511275830097,None,,,,,,,,,,,,21040109,2,2026-04-21_12h21.40.188,tilt_mocs,2024.2.4,120.86223023056361,2026-04-21 12h21.51.014415 -0400,
-2,0.0,,648,648,0,,,,,0,100,,,,,c-2,noss,0.5,z,1.1103196669719182,None,None,,,,,,,,,,,0,648,648,547,1250.8619416250149,,,,,,,,,,,,,,,,,,,,,,,,,,,,,,,,,,,,,,,,,,,,,,,,,,,,,,,,,,,,,,,,,,,,,,,,,1250.8531774580479,1250.8619416250149,1251.3472831660183,1251.3472831660183,1251.3472831660183,1251.4206048750202,1251.4206048750202,1251.4206048750202,1251.9846977080451,z,1.1103196669719182,None,1251.9848502080422,1251.9849064580048,None,,,,,,,,,,,,21040109,2,2026-04-21_12h21.40.188,tilt_mocs,2024.2.4,120.86223023056361,2026-04-21 12h21.51.014415 -0400,
6,15.0,,649,649,0,,,,,100,0,,,,,c+6,poss,0.5,period,1.42841974995099,None,None,,,,,,,,,,,0,649,649,172,1251.9968235410051,,,,,,,,,,,,,,,,,,,,,,,,,,,,,,,,,,,,,,,,,,,,,,,,,,,,,,,,,,,,,,,,,,,,,,,,,1251.9878822500468,1251.9968235410051,1252.4816566660302,1252.4816566660302,1252.4816566660302,1252.5537086660042,1252.5537086660042,1252.5537086660042,1253.434292333026,period,1.42841974995099,None,1253.4344198330073,1253.4344767080038,None,,,,,,,,,,,,21040109,2,2026-04-21_12h21.40.188,tilt_mocs,2024.2.4,120.86223023056361,2026-04-21 12h21.51.014415 -0400,
8,15.0,,650,650,0,,,,,100,0,,,,,c+8,poss,1.0,z,1.4958681659772992,None,None,,,,,,,,,,,0,650,650,241,1253.4454990000231,,,,,,,,,,,,,,,,,,,,,,,,,,,,,,,,,,,,,,,,,,,,,,,,,,,,,,,,,,,,,,,,,,,,,,,,,1253.4368335000472,1253.4454990000231,1254.4317371660145,1254.4317371660145,1254.4317371660145,1254.5036682500504,1254.5036682500504,1254.5036682500504,1254.951065375004,z,1.4958681659772992,None,1254.951220916002,1254.951276125037,None,,,,,,,,,,,,21040109,2,2026-04-21_12h21.40.188,tilt_mocs,2024.2.4,120.86223023056361,2026-04-21 12h21.51.014415 -0400,
-8,-15.0,,651,651,0,,,,,100,0,,,,,c-8,negs,1.25,z,1.9207278750254773,None,None,,,,,,,,,,,0,651,651,292,1254.9632972500403,,,,,,,,,,,,,,,,,,,,,,,,,,,,,,,,,,,,,,,,,,,,,,,,,,,,,,,,,,,,,,,,,,,,,,,,,1254.9539871250163,1254.9632972500403,1256.1986530410359,1256.1986530410359,1256.1986530410359,1256.2709215410287,1256.2709215410287,1256.2709215410287,1256.8899596660049,z,1.9207278750254773,None,1256.8900783749996,1256.8901224580477,None,,,,,,,,,,,,21040109,2,2026-04-21_12h21.40.188,tilt_mocs,2024.2.4,120.86223023056361,2026-04-21 12h21.51.014415 -0400,
-8,-15.0,,652,652,0,,,,,100,0,,,,,c-8,negs,1.25,z,1.855473208008334,None,None,,,,,,,,,,,0,652,652,286,1256.9011515830061,,,,,,,,,,,,,,,,,,,,,,,,,,,,,,,,,,,,,,,,,,,,,,,,,,,,,,,,,,,,,,,,,,,,,,,,,1256.8921024160227,1256.9011515830061,1258.1413993750466,1258.1413993750466,1258.1413993750466,1258.215680291003,1258.215680291003,1258.215680291003,1258.768039165996,z,1.855473208008334,None,1258.7681884579943,1258.7682553750346,None,,,,,,,,,,,,21040109,2,2026-04-21_12h21.40.188,tilt_mocs,2024.2.4,120.86223023056361,2026-04-21 12h21.51.014415 -0400,
-4,0.0,,653,653,0,,,,,0,100,,,,,c-4,noss,0.5,z,0.9853005420300178,None,None,,,,,,,,,,,0,653,653,510,1258.780203916016,,,,,,,,,,,,,,,,,,,,,,,,,,,,,,,,,,,,,,,,,,,,,,,,,,,,,,,,,,,,,,,,,,,,,,,,,1258.77105858305,1258.780203916016,1259.2652279160102,1259.2652279160102,1259.2652279160102,1259.3375869580195,1259.3375869580195,1259.3375869580195,1259.7680419580429,z,0.9853005420300178,None,1259.7682180410484,1259.7682750000386,None,,,,,,,,,,,,21040109,2,2026-04-21_12h21.40.188,tilt_mocs,2024.2.4,120.86223023056361,2026-04-21 12h21.51.014415 -0400,
-2,0.0,,654,654,0,,,,,0,100,,,,,c-2,noss,0.5,z,0.842024291981943,None,None,,,,,,,,,,,0,654,654,554,1259.7804141660454,,,,,,,,,,,,,,,,,,,,,,,,,,,,,,,,,,,,,,,,,,,,,,,,,,,,,,,,,,,,,,,,,,,,,,,,,1259.7709675000515,1259.7804141660454,1260.2651889580302,1260.2651889580302,1260.2651889580302,1260.3376162080094,1260.3376162080094,1260.3376162080094,1260.6254851249978,z,0.842024291981943,None,1260.6256274160114,1260.6256854580133,None,,,,,,,,,,,,21040109,2,2026-04-21_12h21.40.188,tilt_mocs,2024.2.4,120.86223023056361,2026-04-21 12h21.51.014415 -0400,
8,15.0,,655,655,0,,,,,100,0,,,,,c+8,poss,0.75,z,1.143558915995527,None,None,,,,,,,,,,,0,655,655,224,1260.6358125830302,,,,,,,,,,,,,,,,,,,,,,,,,,,,,,,,,,,,,,,,,,,,,,,,,,,,,,,,,,,,,,,,,,,,,,,,,1260.6278027910157,1260.6358125830302,1261.3752406249987,1261.3752406249987,1261.3752406249987,1261.448974791041,1261.448974791041,1261.448974791041,1261.7845374580356,z,1.143558915995527,None,1261.7846641660435,1261.784718208015,None,,,,,,,,,,,,21040109,2,2026-04-21_12h21.40.188,tilt_mocs,2024.2.4,120.86223023056361,2026-04-21 12h21.51.014415 -0400,
0,0.0,,656,656,0,,,,,0,100,,,,,c+0,noss,0.5,period,1.2968205839861184,None,None,,,,,,,,,,,0,656,656,593,1261.7958955000504,,,,,,,,,,,,,,,,,,,,,,,,,,,,,,,,,,,,,,,,,,,,,,,,,,,,,,,,,,,,,,,,,,,,,,,,,1261.7871219160152,1261.7958955000504,1262.2812620000332,1262.2812620000332,1262.2812620000332,1262.3553013330093,1262.3553013330093,1262.3553013330093,1263.1020894580288,period,1.2968205839861184,None,1263.1022455830243,1263.102302083047,None,,,,,,,,,,,,21040109,2,2026-04-21_12h21.40.188,tilt_mocs,2024.2.4,120.86223023056361,2026-04-21 12h21.51.014415 -0400,
0,15.0,,657,657,0,,,,,100,0,,,,,c+0,poss,1.25,z,1.796931708988268,None,None,,,,,,,,,,,0,657,657,78,1263.114190916007,,,,,,,,,,,,,,,,,,,,,,,,,,,,,,,,,,,,,,,,,,,,,,,,,,,,,,,,,,,,,,,,,,,,,,,,,1263.105227416032,1263.114190916007,1264.3487540000351,1264.3487540000351,1264.3487540000351,1264.4219712080085,1264.4219712080085,1264.4219712080085,1264.9181443330017,z,1.796931708988268,None,1264.918276500015,1264.9183322910103,None,,,,,,,,,,,,21040109,2,2026-04-21_12h21.40.188,tilt_mocs,2024.2.4,120.86223023056361,2026-04-21 12h21.51.014415 -0400,
-8,-15.0,,658,658,0,,,,,100,0,,,,,c-8,negs,0.75,z,1.2867244170047343,None,None,,,,,,,,,,,0,658,658,266,1264.929200500017,,,,,,,,,,,,,,,,,,,,,,,,,,,,,,,,,,,,,,,,,,,,,,,,,,,,,,,,,,,,,,,,,,,,,,,,,1264.920378083014,1264.929200500017,1265.665425291052,1265.665425291052,1265.665425291052,1265.7375580830267,1265.7375580830267,1265.7375580830267,1266.2185544579988,z,1.2867244170047343,None,1266.2188005830394,1266.2189142910065,None,,,,,,,,,,,,21040109,2,2026-04-21_12h21.40.188,tilt_mocs,2024.2.4,120.86223023056361,2026-04-21 12h21.51.014415 -0400,
4,0.0,,659,659,0,,,,,0,100,,,,,c+4,noss,0.75,z,1.2305942079983652,None,None,,,,,,,,,,,0,659,659,688,1266.2307716660434,,,,,,,,,,,,,,,,,,,,,,,,,,,,,,,,,,,,,,,,,,,,,,,,,,,,,,,,,,,,,,,,,,,,,,,,,1266.2214222080074,1266.2307716660434,1266.9655407080427,1266.9655407080427,1266.9655407080427,1267.037655000051,1267.037655000051,1267.037655000051,1267.4675188330002,z,1.2305942079983652,None,1267.4676741660223,1267.4677339160116,None,,,,,,,,,,,,21040109,2,2026-04-21_12h21.40.188,tilt_mocs,2024.2.4,120.86223023056361,2026-04-21 12h21.51.014415 -0400,
-4,-15.0,,660,660,0,,,,,100,0,,,,,c-4,negs,0.75,z,1.3536315829842351,None,None,,,,,,,,,,,0,660,660,354,1267.4794122080202,,,,,,,,,,,,,,,,,,,,,,,,,,,,,,,,,,,,,,,,,,,,,,,,,,,,,,,,,,,,,,,,,,,,,,,,,1267.4703065000358,1267.4794122080202,1268.215508166002,1268.215508166002,1268.215508166002,1268.288365541026,1268.288365541026,1268.288365541026,1268.8355574580492,z,1.3536315829842351,None,1268.8357033750508,1268.8357768330025,None,,,,,,,,,,,,21040109,2,2026-04-21_12h21.40.188,tilt_mocs,2024.2.4,120.86223023056361,2026-04-21 12h21.51.014415 -0400,
0,-15.0,,661,661,0,,,,,100,0,,,,,c+0,negs,0.75,period,1.2557040830142796,None,None,,,,,,,,,,,0,661,661,433,1268.8472728750203,,,,,,,,,,,,,,,,,,,,,,,,,,,,,,,,,,,,,,,,,,,,,,,,,,,,,,,,,,,,,,,,,,,,,,,,,1268.8382450410281,1268.8472728750203,1269.5821567500243,1269.5821567500243,1269.5821567500243,1269.6544532910339,1269.6544532910339,1269.6544532910339,1270.1069758330123,period,1.2557040830142796,None,1270.1070945000392,1270.107148500043,None,,,,,,,,,,,,21040109,2,2026-04-21_12h21.40.188,tilt_mocs,2024.2.4,120.86223023056361,2026-04-21 12h21.51.014415 -0400,
2,-15.0,,662,662,0,,,,,100,0,,,,,c+2,negs,0.75,period,1.1993248330545612,None,None,,,,,,,,,,,0,662,662,479,1270.1183122500079,,,,,,,,,,,,,,,,,,,,,,,,,,,,,,,,,,,,,,,,,,,,,,,,,,,,,,,,,,,,,,,,,,,,,,,,,1270.1092195410165,1270.1183122500079,1270.8591274160426,1270.8591274160426,1270.8591274160426,1270.9329900830053,1270.9329900830053,1270.9329900830053,1271.323271916015,period,1.1993248330545612,None,1271.3233943330124,1271.3234462499968,None,,,,,,,,,,,,21040109,2,2026-04-21_12h21.40.188,tilt_mocs,2024.2.4,120.86223023056361,2026-04-21 12h21.51.014415 -0400,
-2,15.0,,663,663,0,,,,,100,0,,,,,c-2,poss,1.0,period,1.470128457993269,None,None,,,,,,,,,,,0,663,663,26,1271.3341925410205,,,,,,,,,,,,,,,,,,,,,,,,,,,,,,,,,,,,,,,,,,,,,,,,,,,,,,,,,,,,,,,,,,,,,,,,,1271.325450208038,1271.3341925410205,1272.3257021660102,1272.3257021660102,1272.3257021660102,1272.3994783330127,1272.3994783330127,1272.3994783330127,1272.8083114580368,period,1.470128457993269,None,1272.808412333019,1272.8084556660033,None,,,,,,,,,,,,21040109,2,2026-04-21_12h21.40.188,tilt_mocs,2024.2.4,120.86223023056361,2026-04-21 12h21.51.014415 -0400,
4,0.0,,664,664,0,,,,,0,100,,,,,c+4,noss,1.25,period,2.1860636670025997,None,None,,,,,,,,,,,0,664,664,712,1272.8186686660047,,,,,,,,,,,,,,,,,,,,,,,,,,,,,,,,,,,,,,,,,,,,,,,,,,,,,,,,,,,,,,,,,,,,,,,,,1272.8104087910033,1272.8186686660047,1274.0584661250468,1274.0584661250468,1274.0584661250468,1274.1328723750194,1274.1328723750194,1274.1328723750194,1275.0072318330058,period,2.1860636670025997,None,1275.0073329160223,1275.0073862080462,None,,,,,,,,,,,,21040109,2,2026-04-21_12h21.40.188,tilt_mocs,2024.2.4,120.86223023056361,2026-04-21 12h21.51.014415 -0400,
0,-15.0,,665,665,0,,,,,100,0,,,,,c+0,negs,0.5,z,0.9253520420170389,None,None,,,,,,,,,,,0,665,665,421,1275.0184820000432,,,,,,,,,,,,,,,,,,,,,,,,,,,,,,,,,,,,,,,,,,,,,,,,,,,,,,,,,,,,,,,,,,,,,,,,,1275.0093172080233,1275.0184820000432,1275.5092517500161,1275.5092517500161,1275.5092517500161,1275.5829715,1275.5829715,1275.5829715,1275.9518937080284,z,0.9253520420170389,None,1275.9520455410238,1275.9521220830502,None,,,,,,,,,,,,21040109,2,2026-04-21_12h21.40.188,tilt_mocs,2024.2.4,120.86223023056361,2026-04-21 12h21.51.014415 -0400,
2,0.0,,666,666,0,,,,,0,100,,,,,c+2,noss,0.5,period,1.1893420839915052,None,None,,,,,,,,,,,0,666,666,631,1275.9642132910085,,,,,,,,,,,,,,,,,,,,,,,,,,,,,,,,,,,,,,,,,,,,,,,,,,,,,,,,,,,,,,,,,,,,,,,,,1275.9550412080134,1275.9642132910085,1276.448090040998,1276.448090040998,1276.448090040998,1276.5214032500517,1276.5214032500517,1276.5214032500517,1277.157090875029,period,1.1893420839915052,None,1277.1571937910048,1277.1572621660307,None,,,,,,,,,,,,21040109,2,2026-04-21_12h21.40.188,tilt_mocs,2024.2.4,120.86223023056361,2026-04-21 12h21.51.014415 -0400,
-2,-15.0,,667,667,0,,,,,100,0,,,,,c-2,negs,0.5,period,2.142738458001986,None,None,,,,,,,,,,,0,667,667,388,1277.1682106250082,,,,,,,,,,,,,,,,,,,,,,,,,,,,,,,,,,,,,,,,,,,,,,,,,,,,,,,,,,,,,,,,,,,,,,,,,1277.1592276250012,1277.1682106250082,1277.6582787500229,1277.6582787500229,1277.6582787500229,1277.732951416052,1277.732951416052,1277.732951416052,1279.3192315830383,period,2.142738458001986,None,1279.319374957995,1279.3194295000285,None,,,,,,,,,,,,21040109,2,2026-04-21_12h21.40.188,tilt_mocs,2024.2.4,120.86223023056361,2026-04-21 12h21.51.014415 -0400,
2,15.0,,668,668,0,,,,,100,0,,,,,c+2,poss,1.0,z,1.6357319580274634,None,None,,,,,,,,,,,0,668,668,111,1279.3309770410415,,,,,,,,,,,,,,,,,,,,,,,,,,,,,,,,,,,,,,,,,,,,,,,,,,,,,,,,,,,,,,,,,,,,,,,,,1279.3216905000154,1279.3309770410415,1280.315132290998,1280.315132290998,1280.315132290998,1280.388255583006,1280.388255583006,1280.388255583006,1280.970094749995,z,1.6357319580274634,None,1280.970246083045,1280.97030658304,None,,,,,,,,,,,,21040109,2,2026-04-21_12h21.40.188,tilt_mocs,2024.2.4,120.86223023056361,2026-04-21 12h21.51.014415 -0400,
-4,-15.0,,669,669,0,,,,,100,0,,,,,c-4,negs,0.5,period,1.1794136660173535,None,None,,,,,,,,,,,0,669,669,338,1280.9813402500004,,,,,,,,,,,,,,,,,,,,,,,,,,,,,,,,,,,,,,,,,,,,,,,,,,,,,,,,,,,,,,,,,,,,,,,,,1280.9724767080043,1280.9813402500004,1281.4658713330282,1281.4658713330282,1281.4658713330282,1281.5382160410518,1281.5382160410518,1281.5382160410518,1282.1685327500454,period,1.1794136660173535,None,1282.1686620410183,1282.1687191250385,None,,,,,,,,,,,,21040109,2,2026-04-21_12h21.40.188,tilt_mocs,2024.2.4,120.86223023056361,2026-04-21 12h21.51.014415 -0400,
-4,0.0,,670,670,0,,,,,0,100,,,,,c-4,noss,1.25,z,1.8470497920061462,None,None,,,,,,,,,,,0,670,670,544,1282.1795657910407,,,,,,,,,,,,,,,,,,,,,,,,,,,,,,,,,,,,,,,,,,,,,,,,,,,,,,,,,,,,,,,,,,,,,,,,,1282.1707931249985,1282.1795657910407,1283.415947958012,1283.415947958012,1283.415947958012,1283.4884086250095,1283.4884086250095,1283.4884086250095,1284.035425500013,z,1.8470497920061462,None,1284.0355881660362,1284.0356474160217,None,,,,,,,,,,,,21040109,2,2026-04-21_12h21.40.188,tilt_mocs,2024.2.4,120.86223023056361,2026-04-21 12h21.51.014415 -0400,
2,0.0,,671,671,0,,,,,0,100,,,,,c+2,noss,0.5,z,0.9290028749965131,None,None,,,,,,,,,,,0,671,671,639,1284.047767583048,,,,,,,,,,,,,,,,,,,,,,,,,,,,,,,,,,,,,,,,,,,,,,,,,,,,,,,,,,,,,,,,,,,,,,,,,1284.0387858330505,1284.047767583048,1284.5326018750202,1284.5326018750202,1284.5326018750202,1284.605384458031,1284.605384458031,1284.605384458031,1284.9843186250073,z,0.9290028749965131,None,1284.9844443330076,1284.9844989160192,None,,,,,,,,,,,,21040109,2,2026-04-21_12h21.40.188,tilt_mocs,2024.2.4,120.86223023056361,2026-04-21 12h21.51.014415 -0400,
8,15.0,,672,672,0,,,,,100,0,,,,,c+8,poss,0.75,z,1.7645556250354275,None,None,,,,,,,,,,,0,672,672,230,1284.9957652500016,,,,,,,,,,,,,,,,,,,,,,,,,,,,,,,,,,,,,,,,,,,,,,,,,,,,,,,,,,,,,,,,,,,,,,,,,1284.9868759160163,1284.9957652500016,1285.7320190000464,1285.7320190000464,1285.7320190000464,1285.805061166,1285.805061166,1285.805061166,1286.7688047499978,z,1.7645556250354275,None,1286.7689653330017,1286.7690299160313,None,,,,,,,,,,,,21040109,2,2026-04-21_12h21.40.188,tilt_mocs,2024.2.4,120.86223023056361,2026-04-21 12h21.51.014415 -0400,
0,-15.0,,673,673,0,,,,,100,0,,,,,c+0,negs,1.25,z,1.7528903749771416,None,None,,,,,,,,,,,0,673,673,460,1286.7807428330416,,,,,,,,,,,,,,,,,,,,,,,,,,,,,,,,,,,,,,,,,,,,,,,,,,,,,,,,,,,,,,,,,,,,,,,,,1286.771790291008,1286.7807428330416,1288.0161086250446,1288.0161086250446,1288.0161086250446,1288.0885244160309,1288.0885244160309,1288.0885244160309,1288.5366187909967,z,1.7528903749771416,None,1288.536768250051,1288.536828500044,None,,,,,,,,,,,,21040109,2,2026-04-21_12h21.40.188,tilt_mocs,2024.2.4,120.86223023056361,2026-04-21 12h21.51.014415 -0400,
6,15.0,,674,674,0,,,,,100,0,,,,,c+6,poss,1.25,period,0.7540677079814486,None,None,,,,,,,,,,,0,674,674,200,1288.5484198750346,,,,,,,,,,,,,,,,,,,,,,,,,,,,,,,,,,,,,,,,,,,,,,,,,,,,,,,,,,,,,,,,,,,,,,,,,1288.5391354160383,1288.5484198750346,,,,,,,1289.3071898750495,period,0.7540677079814486,None,1289.3073141660425,1289.30737366603,None,,,,,,,,,,,,21040109,2,2026-04-21_12h21.40.188,tilt_mocs,2024.2.4,120.86223023056361,2026-04-21 12h21.51.014415 -0400,
-2,-15.0,,675,675,0,,,,,100,0,,,,,c-2,negs,1.0,period,1.9727031670045108,None,None,,,,,,,,,,,0,675,675,409,1289.318430583051,,,,,,,,,,,,,,,,,,,,,,,,,,,,,,,,,,,,,,,,,,,,,,,,,,,,,,,,,,,,,,,,,,,,,,,,,1289.3094805,1289.318430583051,1290.3097103750333,1290.3097103750333,1290.3097103750333,1290.3833610000438,1290.3833610000438,1290.3833610000438,1291.3022079160437,period,1.9727031670045108,None,1291.3023360410007,1291.3023937499966,None,,,,,,,,,,,,21040109,2,2026-04-21_12h21.40.188,tilt_mocs,2024.2.4,120.86223023056361,2026-04-21 12h21.51.014415 -0400,
-4,0.0,,676,676,0,,,,,0,100,,,,,c-4,noss,1.25,z,2.700598416966386,None,None,,,,,,,,,,,0,676,676,541,1291.3134910000372,,,,,,,,,,,,,,,,,,,,,,,,,,,,,,,,,,,,,,,,,,,,,,,,,,,,,,,,,,,,,,,,,,,,,,,,,1291.3043892910355,1291.3134910000372,1292.5495878329966,1292.5495878329966,1292.5495878329966,1292.621877083031,1292.621877083031,1292.621877083031,1294.0191160830436,z,2.700598416966386,None,1294.0192200830206,1294.019262916001,None,,,,,,,,,,,,21040109,2,2026-04-21_12h21.40.188,tilt_mocs,2024.2.4,120.86223023056361,2026-04-21 12h21.51.014415 -0400,
2,-15.0,,677,677,0,,,,,100,0,,,,,c+2,negs,1.25,period,2.640609583002515,None,None,,,,,,,,,,,0,677,677,498,1294.030045374995,,,,,,,,,,,,,,,,,,,,,,,,,,,,,,,,,,,,,,,,,,,,,,,,,,,,,,,,,,,,,,,,,,,,,,,,,1294.0212325410102,1294.030045374995,1295.2656258330098,1295.2656258330098,1295.2656258330098,1295.3385950410157,1295.3385950410157,1295.3385950410157,1296.6755990830134,period,2.640609583002515,None,1296.6757295000134,1296.675791583024,None,,,,,,,,,,,,21040109,2,2026-04-21_12h21.40.188,tilt_mocs,2024.2.4,120.86223023056361,2026-04-21 12h21.51.014415 -0400,
-2,15.0,,678,678,0,,,,,100,0,,,,,c-2,poss,0.5,z,1.2318330829730257,None,None,,,,,,,,,,,0,678,678,6,1296.6865141660091,,,,,,,,,,,,,,,,,,,,,,,,,,,,,,,,,,,,,,,,,,,,,,,,,,,,,,,,,,,,,,,,,,,,,,,,,1296.678306791,1296.6865141660091,1297.1758215410518,1297.1758215410518,1297.1758215410518,1297.2503496660502,1297.2503496660502,1297.2503496660502,1297.9254285829957,z,1.2318330829730257,None,1297.925529583008,1297.9255755410413,None,,,,,,,,,,,,21040109,2,2026-04-21_12h21.40.188,tilt_mocs,2024.2.4,120.86223023056361,2026-04-21 12h21.51.014415 -0400,
4,0.0,,679,679,0,,,,,0,100,,,,,c+4,noss,0.5,period,1.0408393749967217,None,None,,,,,,,,,,,0,679,679,680,1297.936257916037,,,,,,,,,,,,,,,,,,,,,,,,,,,,,,,,,,,,,,,,,,,,,,,,,,,,,,,,,,,,,,,,,,,,,,,,,1297.9275900000357,1297.936257916037,1298.4263252080418,1298.4263252080418,1298.4263252080418,1298.5004981660168,1298.5004981660168,1298.5004981660168,1298.986116041022,period,1.0408393749967217,None,1298.9862631660071,1298.986318875046,None,,,,,,,,,,,,21040109,2,2026-04-21_12h21.40.188,tilt_mocs,2024.2.4,120.86223023056361,2026-04-21 12h21.51.014415 -0400,
-6,-15.0,,680,680,0,,,,,100,0,,,,,c-6,negs,1.0,period,1.473490291973576,None,None,,,,,,,,,,,0,680,680,319,1298.9981048330083,,,,,,,,,,,,,,,,,,,,,,,,,,,,,,,,,,,,,,,,,,,,,,,,,,,,,,,,,,,,,,,,,,,,,,,,,1298.9889793330221,1298.9981048330083,1299.983292290999,1299.983292290999,1299.983292290999,1300.0552921250346,1300.0552921250346,1300.0552921250346,1300.4745150410454,period,1.473490291973576,None,1300.474614833016,1300.4746591660078,None,,,,,,,,,,,,21040109,2,2026-04-21_12h21.40.188,tilt_mocs,2024.2.4,120.86223023056361,2026-04-21 12h21.51.014415 -0400,
-6,-15.0,,681,681,0,,,,,100,0,,,,,c-6,negs,1.0,z,1.6835384159930982,None,None,,,,,,,,,,,0,681,681,317,1300.4857235830277,,,,,,,,,,,,,,,,,,,,,,,,,,,,,,,,,,,,,,,,,,,,,,,,,,,,,,,,,,,,,,,,,,,,,,,,,1300.476582541014,1300.4857235830277,1301.4765683750156,1301.4765683750156,1301.4765683750156,1301.550384000002,1301.550384000002,1301.550384000002,1302.1751674160478,z,1.6835384159930982,None,1302.1752858330146,1302.1753406660282,None,,,,,,,,,,,,21040109,2,2026-04-21_12h21.40.188,tilt_mocs,2024.2.4,120.86223023056361,2026-04-21 12h21.51.014415 -0400,
-4,-15.0,,682,682,0,,,,,100,0,,,,,c-4,negs,0.75,period,1.1559395410004072,None,None,,,,,,,,,,,0,682,682,357,1302.1875734160421,,,,,,,,,,,,,,,,,,,,,,,,,,,,,,,,,,,,,,,,,,,,,,,,,,,,,,,,,,,,,,,,,,,,,,,,,1302.1789420000277,1302.1875734160421,1302.9257173750084,1302.9257173750084,1302.9257173750084,1303.000504333002,1303.000504333002,1303.000504333002,1303.3527690410265,period,1.1559395410004072,None,1303.352949083026,1303.3530061659985,None,,,,,,,,,,,,21040109,2,2026-04-21_12h21.40.188,tilt_mocs,2024.2.4,120.86223023056361,2026-04-21 12h21.51.014415 -0400,
0,-15.0,,683,683,0,,,,,100,0,,,,,c+0,negs,1.0,period,3.501394084014464,None,None,,,,,,,,,,,0,683,683,451,1303.3649997910252,,,,,,,,,,,,,,,,,,,,,,,,,,,,,,,,,,,,,,,,,,,,,,,,,,,,,,,,,,,,,,,,,,,,,,,,,1303.3556897910312,1303.3649997910252,1304.3501680000336,1304.3501680000336,1304.3501680000336,1304.4226743750041,1304.4226743750041,1304.4226743750041,1306.869443625037,period,3.501394084014464,None,1306.869545500027,1306.8695885830093,None,,,,,,,,,,,,21040109,2,2026-04-21_12h21.40.188,tilt_mocs,2024.2.4,120.86223023056361,2026-04-21 12h21.51.014415 -0400,
8,15.0,,684,684,0,,,,,100,0,,,,,c+8,poss,0.75,period,1.4952576670330018,None,None,,,,,,,,,,,0,684,684,222,1306.8805255410261,,,,,,,,,,,,,,,,,,,,,,,,,,,,,,,,,,,,,,,,,,,,,,,,,,,,,,,,,,,,,,,,,,,,,,,,,1306.8715598330018,1306.8805255410261,1307.6172279160237,1307.6172279160237,1307.6172279160237,1307.6890917500132,1307.6890917500132,1307.6890917500132,1308.3861170830205,period,1.4952576670330018,None,1308.386283791042,1308.3863389160251,None,,,,,,,,,,,,21040109,2,2026-04-21_12h21.40.188,tilt_mocs,2024.2.4,120.86223023056361,2026-04-21 12h21.51.014415 -0400,
-2,-15.0,,685,685,0,,,,,100,0,,,,,c-2,negs,0.5,z,1.0733034580480307,None,None,,,,,,,,,,,0,685,685,380,1308.3981821660418,,,,,,,,,,,,,,,,,,,,,,,,,,,,,,,,,,,,,,,,,,,,,,,,,,,,,,,,,,,,,,,,,,,,,,,,,1308.389232333051,1308.3981821660418,1308.8835894580116,1308.8835894580116,1308.8835894580116,1308.9566092500463,1308.9566092500463,1308.9566092500463,1309.4756862909999,z,1.0733034580480307,None,1309.475780791021,1309.475824166031,None,,,,,,,,,,,,21040109,2,2026-04-21_12h21.40.188,tilt_mocs,2024.2.4,120.86223023056361,2026-04-21 12h21.51.014415 -0400,
-2,15.0,,686,686,0,,,,,100,0,,,,,c-2,poss,0.5,z,1.551942708028946,None,None,,,,,,,,,,,0,686,686,0,1309.4865597500466,,,,,,,,,,,,,,,,,,,,,,,,,,,,,,,,,,,,,,,,,,,,,,,,,,,,,,,,,,,,,,,,,,,,,,,,,1309.477750916034,1309.4865597500466,1309.9763542910223,1309.9763542910223,1309.9763542910223,1310.0508266250254,1310.0508266250254,1310.0508266250254,1311.0414185410482,z,1.551942708028946,None,1311.041539583006,1311.0415930000017,None,,,,,,,,,,,,21040109,2,2026-04-21_12h21.40.188,tilt_mocs,2024.2.4,120.86223023056361,2026-04-21 12h21.51.014415 -0400,
-2,15.0,,687,687,0,,,,,100,0,,,,,c-2,poss,1.0,z,3.5052241669618525,None,None,,,,,,,,,,,0,687,687,30,1311.0528719160357,,,,,,,,,,,,,,,,,,,,,,,,,,,,,,,,,,,,,,,,,,,,,,,,,,,,,,,,,,,,,,,,,,,,,,,,,1311.0437860410311,1311.0528719160357,1312.0414673750056,1312.0414673750056,1312.0414673750056,1312.1175335410517,1312.1175335410517,1312.1175335410517,1314.5699346660404,z,3.5052241669618525,None,1314.5700922910473,1314.5701524160104,None,,,,,,,,,,,,21040109,2,2026-04-21_12h21.40.188,tilt_mocs,2024.2.4,120.86223023056361,2026-04-21 12h21.51.014415 -0400,
4,15.0,,688,688,0,,,,,100,0,,,,,c+4,poss,0.75,z,1.6553697920171544,None,None,,,,,,,,,,,0,688,688,143,1314.581641249999,,,,,,,,,,,,,,,,,,,,,,,,,,,,,,,,,,,,,,,,,,,,,,,,,,,,,,,,,,,,,,,,,,,,,,,,,1314.5728707080125,1314.581641249999,1315.317070582998,1315.317070582998,1315.317070582998,1315.3897529160022,1315.3897529160022,1315.3897529160022,1316.2422201250447,z,1.6553697920171544,None,1316.2423487080378,1316.2424040830228,None,,,,,,,,,,,,21040109,2,2026-04-21_12h21.40.188,tilt_mocs,2024.2.4,120.86223023056361,2026-04-21 12h21.51.014415 -0400,
6,15.0,,689,689,0,,,,,100,0,,,,,c+6,poss,1.25,z,2.1143819999997504,None,None,,,,,,,,,,,0,689,689,203,1316.2534240410314,,,,,,,,,,,,,,,,,,,,,,,,,,,,,,,,,,,,,,,,,,,,,,,,,,,,,,,,,,,,,,,,,,,,,,,,,1316.2446148330346,1316.2534240410314,1317.4931821660139,1317.4931821660139,1317.4931821660139,1317.5676581660518,1317.5676581660518,1317.5676581660518,1318.370255707996,z,2.1143819999997504,None,1318.3703834160115,1318.3704400000279,None,,,,,,,,,,,,21040109,2,2026-04-21_12h21.40.188,tilt_mocs,2024.2.4,120.86223023056361,2026-04-21 12h21.51.014415 -0400,
8,15.0,,690,690,0,,,,,100,0,,,,,c+8,poss,0.75,period,2.0283460000064224,None,None,,,,,,,,,,,0,690,690,226,1318.3812155410415,,,,,,,,,,,,,,,,,,,,,,,,,,,,,,,,,,,,,,,,,,,,,,,,,,,,,,,,,,,,,,,,,,,,,,,,,1318.3729417910217,1318.3812155410415,1319.1172063749982,1319.1172063749982,1319.1172063749982,1319.1895004580147,1319.1895004580147,1319.1895004580147,1320.420075083035,period,2.0283460000064224,None,1320.4202043330297,1320.4202598750126,None,,,,,,,,,,,,21040109,2,2026-04-21_12h21.40.188,tilt_mocs,2024.2.4,120.86223023056361,2026-04-21 12h21.51.014415 -0400,
2,-15.0,,691,691,0,,,,,100,0,,,,,c+2,negs,0.75,period,2.136963790981099,None,None,,,,,,,,,,,0,691,691,476,1320.4310581250465,,,,,,,,,,,,,,,,,,,,,,,,,,,,,,,,,,,,,,,,,,,,,,,,,,,,,,,,,,,,,,,,,,,,,,,,,1320.4223638330004,1320.4310581250465,1321.1673506250372,1321.1673506250372,1321.1673506250372,1321.2392997500137,1321.2392997500137,1321.2392997500137,1322.5704934160458,period,2.136963790981099,None,1322.5706326660002,1322.5706901250524,None,,,,,,,,,,,,21040109,2,2026-04-21_12h21.40.188,tilt_mocs,2024.2.4,120.86223023056361,2026-04-21 12h21.51.014415 -0400,
6,15.0,,692,692,0,,,,,100,0,,,,,c+6,poss,1.0,period,0.8860508750076406,None,None,,,,,,,,,,,0,692,692,196,1322.5820083750295,,,,,,,,,,,,,,,,,,,,,,,,,,,,,,,,,,,,,,,,,,,,,,,,,,,,,,,,,,,,,,,,,,,,,,,,,1322.5728628750076,1322.5820083750295,,,,,,,1323.470558208006,period,0.8860508750076406,None,1323.4706869579968,1323.4707457910408,None,,,,,,,,,,,,21040109,2,2026-04-21_12h21.40.188,tilt_mocs,2024.2.4,120.86223023056361,2026-04-21 12h21.51.014415 -0400,
-4,-15.0,,693,693,0,,,,,100,0,,,,,c-4,negs,0.5,z,2.0599474160117097,None,None,,,,,,,,,,,0,693,693,339,1323.4816431250074,,,,,,,,,,,,,,,,,,,,,,,,,,,,,,,,,,,,,,,,,,,,,,,,,,,,,,,,,,,,,,,,,,,,,,,,,1323.473093208042,1323.4816431250074,1323.9673038330511,1323.9673038330511,1323.9673038330511,1324.0388033330091,1324.0388033330091,1324.0388033330091,1325.5533710000454,z,2.0599474160117097,None,1325.5534971660236,1325.5535506250453,None,,,,,,,,,,,,21040109,2,2026-04-21_12h21.40.188,tilt_mocs,2024.2.4,120.86223023056361,2026-04-21 12h21.51.014415 -0400,
-2,15.0,,694,694,0,,,,,100,0,,,,,c-2,poss,1.0,period,0.04885291599202901,None,None,,,,,,,,,,,0,694,694,28,1325.5643320000381,,,,,,,,,,,,,,,,,,,,,,,,,,,,,,,,,,,,,,,,,,,,,,,,,,,,,,,,,,,,,,,,,,,,,,,,,1325.5556575829978,1325.5643320000381,,,,,,,1325.6199267909979,period,0.04885291599202901,None,1325.6200195000274,1325.6200629160157,None,,,,,,,,,,,,21040109,2,2026-04-21_12h21.40.188,tilt_mocs,2024.2.4,120.86223023056361,2026-04-21 12h21.51.014415 -0400,
4,0.0,,695,695,0,,,,,0,100,,,,,c+4,noss,1.0,period,1.5641854170244187,None,None,,,,,,,,,,,0,695,695,695,1325.6307538330439,,,,,,,,,,,,,,,,,,,,,,,,,,,,,,,,,,,,,,,,,,,,,,,,,,,,,,,,,,,,,,,,,,,,,,,,,1325.622368375014,1325.6307538330439,1326.6165872500278,1326.6165872500278,1326.6165872500278,1326.6903148330166,1326.6903148330166,1326.6903148330166,1327.2037598750321,period,1.5641854170244187,None,1327.2039311660337,1327.204002958024,None,,,,,,,,,,,,21040109,2,2026-04-21_12h21.40.188,tilt_mocs,2024.2.4,120.86223023056361,2026-04-21 12h21.51.014415 -0400,
4,0.0,,696,696,0,,,,,0,100,,,,,c+4,noss,1.25,period,1.8193657500087284,None,None,,,,,,,,,,,0,696,696,711,1327.2160234160256,,,,,,,,,,,,,,,,,,,,,,,,,,,,,,,,,,,,,,,,,,,,,,,,,,,,,,,,,,,,,,,,,,,,,,,,,1327.2067058749963,1327.2160234160256,1328.4508894580067,1328.4508894580067,1328.4508894580067,1328.523350750038,1328.523350750038,1328.523350750038,1329.038287833042,period,1.8193657500087284,None,1329.0384428750258,1329.0385028330493,None,,,,,,,,,,,,21040109,2,2026-04-21_12h21.40.188,tilt_mocs,2024.2.4,120.86223023056361,2026-04-21 12h21.51.014415 -0400,
-8,-15.0,,697,697,0,,,,,100,0,,,,,c-8,negs,1.25,z,1.9812291249982081,None,None,,,,,,,,,,,0,697,697,284,1329.0494947080151,,,,,,,,,,,,,,,,,,,,,,,,,,,,,,,,,,,,,,,,,,,,,,,,,,,,,,,,,,,,,,,,,,,,,,,,,1329.0408459580503,1329.0494947080151,1330.28425091604,1330.28425091604,1330.28425091604,1330.3571714580175,1330.3571714580175,1330.3571714580175,1331.0355967500363,z,1.9812291249982081,None,1331.035697541025,1331.0357416660408,None,,,,,,,,,,,,21040109,2,2026-04-21_12h21.40.188,tilt_mocs,2024.2.4,120.86223023056361,2026-04-21 12h21.51.014415 -0400,
4,15.0,,698,698,0,,,,,100,0,,,,,c+4,poss,1.0,z,1.5087929170113057,None,None,,,,,,,,,,,0,698,698,151,1331.046701208048,,,,,,,,,,,,,,,,,,,,,,,,,,,,,,,,,,,,,,,,,,,,,,,,,,,,,,,,,,,,,,,,,,,,,,,,,1331.037667333032,1331.046701208048,1332.027613083017,1332.027613083017,1332.027613083017,1332.1016611250234,1332.1016611250234,1332.1016611250234,1332.5590297910385,z,1.5087929170113057,None,1332.559153833019,1332.5592085410026,None,,,,,,,,,,,,21040109,2,2026-04-21_12h21.40.188,tilt_mocs,2024.2.4,120.86223023056361,2026-04-21 12h21.51.014415 -0400,
-6,-15.0,,699,699,0,,,,,100,0,,,,,c-6,negs,1.25,period,4.640937999996822,None,None,,,,,,,,,,,0,699,699,326,1332.5701951660449,,,,,,,,,,,,,,,,,,,,,,,,,,,,,,,,,,,,,,,,,,,,,,,,,,,,,,,,,,,,,,,,,,,,,,,,,1332.5611953750486,1332.5701951660449,1333.8102631660295,1333.8102631660295,1333.8102631660295,1333.8848956660368,1333.8848956660368,1333.8848956660368,1337.2206027079956,period,4.640937999996822,None,1337.2207336660358,1337.2207918750355,None,,,,,,,,,,,,21040109,2,2026-04-21_12h21.40.188,tilt_mocs,2024.2.4,120.86223023056361,2026-04-21 12h21.51.014415 -0400,
-2,-15.0,,700,700,0,,,,,100,0,,,,,c-2,negs,0.5,z,2.0137079999549314,None,None,,,,,,,,,,,0,700,700,384,1337.2323266250314,,,,,,,,,,,,,,,,,,,,,,,,,,,,,,,,,,,,,,,,,,,,,,,,,,,,,,,,,,,,,,,,,,,,,,,,,1337.2233677080367,1337.2323266250314,1337.7179331250372,1337.7179331250372,1337.7179331250372,1337.7900175410323,1337.7900175410323,1337.7900175410323,1339.2539168330259,z,2.0137079999549314,None,1339.2541527910507,1339.2542490829946,None,,,,,,,,,,,,21040109,2,2026-04-21_12h21.40.188,tilt_mocs,2024.2.4,120.86223023056361,2026-04-21 12h21.51.014415 -0400,
6,15.0,,701,701,0,,,,,100,0,,,,,c+6,poss,1.25,period,1.7887555420165882,None,None,,,,,,,,,,,0,701,701,209,1339.2660842080368,,,,,,,,,,,,,,,,,,,,,,,,,,,,,,,,,,,,,,,,,,,,,,,,,,,,,,,,,,,,,,,,,,,,,,,,,1339.2567348330049,1339.2660842080368,1340.5012356250081,1340.5012356250081,1340.5012356250081,1340.5733357500285,1340.5733357500285,1340.5733357500285,1341.0604171250015,period,1.7887555420165882,None,1341.0606712500448,1341.060768666037,None,,,,,,,,,,,,21040109,2,2026-04-21_12h21.40.188,tilt_mocs,2024.2.4,120.86223023056361,2026-04-21 12h21.51.014415 -0400,
0,0.0,,702,702,0,,,,,0,100,,,,,c+0,noss,1.0,z,1.8171091660042293,None,None,,,,,,,,,,,0,702,702,619,1341.071589500003,,,,,,,,,,,,,,,,,,,,,,,,,,,,,,,,,,,,,,,,,,,,,,,,,,,,,,,,,,,,,,,,,,,,,,,,,1341.0631875830004,1341.071589500003,1342.0609777080244,1342.0609777080244,1342.0609777080244,1342.1352493750164,1342.1352493750164,1342.1352493750164,1342.8939814160112,z,1.8171091660042293,None,1342.8941089160508,1342.894164041034,None,,,,,,,,,,,,21040109,2,2026-04-21_12h21.40.188,tilt_mocs,2024.2.4,120.86223023056361,2026-04-21 12h21.51.014415 -0400,
-2,0.0,,703,703,0,,,,,0,100,,,,,c-2,noss,0.75,z,1.4140353749971837,None,None,,,,,,,,,,,0,703,703,560,1342.9046683330089,,,,,,,,,,,,,,,,,,,,,,,,,,,,,,,,,,,,,,,,,,,,,,,,,,,,,,,,,,,,,,,,,,,,,,,,,1342.8963708330411,1342.9046683330089,1343.6446139159962,1343.6446139159962,1343.6446139159962,1343.7186035829945,1343.7186035829945,1343.7186035829945,1344.3215505410335,z,1.4140353749971837,None,1344.321708625008,1344.3217714159982,None,,,,,,,,,,,,21040109,2,2026-04-21_12h21.40.188,tilt_mocs,2024.2.4,120.86223023056361,2026-04-21 12h21.51.014415 -0400,
2,15.0,,704,704,0,,,,,100,0,,,,,c+2,poss,1.25,z,1.71087783400435,None,None,,,,,,,,,,,0,704,704,123,1344.3342452910147,,,,,,,,,,,,,,,,,,,,,,,,,,,,,,,,,,,,,,,,,,,,,,,,,,,,,,,,,,,,,,,,,,,,,,,,,1344.3249527080334,1344.3342452910147,1345.5680960830068,1345.5680960830068,1345.5680960830068,1345.6405404160032,1345.6405404160032,1345.6405404160032,1346.055528875033,z,1.71087783400435,None,1346.0556734160054,1346.0557280000066,None,,,,,,,,,,,,21040109,2,2026-04-21_12h21.40.188,tilt_mocs,2024.2.4,120.86223023056361,2026-04-21 12h21.51.014415 -0400,
8,15.0,,705,705,0,,,,,100,0,,,,,c+8,poss,0.5,z,1.1025201249867678,None,None,,,,,,,,,,,0,705,705,217,1346.0673355830368,,,,,,,,,,,,,,,,,,,,,,,,,,,,,,,,,,,,,,,,,,,,,,,,,,,,,,,,,,,,,,,,,,,,,,,,,1346.0582849160419,1346.0673355830368,1346.5515051660477,1346.5515051660477,1346.5515051660477,1346.6235392910312,1346.6235392910312,1346.6235392910312,1347.1763163750293,z,1.1025201249867678,None,1347.1764457910322,1347.1764897500398,None,,,,,,,,,,,,21040109,2,2026-04-21_12h21.40.188,tilt_mocs,2024.2.4,120.86223023056361,2026-04-21 12h21.51.014415 -0400,
-2,15.0,,706,706,0,,,,,100,0,,,,,c-2,poss,0.5,z,1.1077433330356143,None,None,,,,,,,,,,,0,706,706,2,1347.1877340410138,,,,,,,,,,,,,,,,,,,,,,,,,,,,,,,,,,,,,,,,,,,,,,,,,,,,,,,,,,,,,,,,,,,,,,,,,1347.178469291015,1347.1877340410138,1347.6771978330216,1347.6771978330216,1347.6771978330216,1347.7521975000273,1347.7521975000273,1347.7521975000273,1348.304181915999,z,1.1077433330356143,None,1348.3043111660518,1348.3043666250305,None,,,,,,,,,,,,21040109,2,2026-04-21_12h21.40.188,tilt_mocs,2024.2.4,120.86223023056361,2026-04-21 12h21.51.014415 -0400,
4,15.0,,707,707,0,,,,,100,0,,,,,c+4,poss,0.5,z,0.9305713750072755,None,None,,,,,,,,,,,0,707,707,129,1348.3156447079964,,,,,,,,,,,,,,,,,,,,,,,,,,,,,,,,,,,,,,,,,,,,,,,,,,,,,,,,,,,,,,,,,,,,,,,,,1348.3067962910281,1348.3156447079964,1348.8015577080077,1348.8015577080077,1348.8015577080077,1348.8737515000394,1348.8737515000394,1348.8737515000394,1349.2540870830417,z,0.9305713750072755,None,1349.254209125007,1349.2542617910076,None,,,,,,,,,,,,21040109,2,2026-04-21_12h21.40.188,tilt_mocs,2024.2.4,120.86223023056361,2026-04-21 12h21.51.014415 -0400,
2,0.0,,708,708,0,,,,,0,100,,,,,c+2,noss,0.75,period,2.00372941599926,None,None,,,,,,,,,,,0,708,708,651,1349.265637125005,,,,,,,,,,,,,,,,,,,,,,,,,,,,,,,,,,,,,,,,,,,,,,,,,,,,,,,,,,,,,,,,,,,,,,,,,1349.2567235830356,1349.265637125005,1350.0015480000293,1350.0015480000293,1350.0015480000293,1350.0745091250283,1350.0745091250283,1350.0745091250283,1351.2718863750342,period,2.00372941599926,None,1351.272023208032,1351.2720816250076,None,,,,,,,,,,,,21040109,2,2026-04-21_12h21.40.188,tilt_mocs,2024.2.4,120.86223023056361,2026-04-21 12h21.51.014415 -0400,
4,15.0,,709,709,0,,,,,100,0,,,,,c+4,poss,1.0,period,1.7436000410234556,None,None,,,,,,,,,,,0,709,709,156,1351.2831171250436,,,,,,,,,,,,,,,,,,,,,,,,,,,,,,,,,,,,,,,,,,,,,,,,,,,,,,,,,,,,,,,,,,,,,,,,,1351.2743110000156,1351.2831171250436,1352.2682300000452,1352.2682300000452,1352.2682300000452,1352.3407033749972,1352.3407033749972,1352.3407033749972,1353.037972207996,period,1.7436000410234556,None,1353.038101166021,1353.0381576250074,None,,,,,,,,,,,,21040109,2,2026-04-21_12h21.40.188,tilt_mocs,2024.2.4,120.86223023056361,2026-04-21 12h21.51.014415 -0400,
2,15.0,,710,710,0,,,,,100,0,,,,,c+2,poss,0.75,z,1.802393749996554,None,None,,,,,,,,,,,0,710,710,101,1353.0494577500504,,,,,,,,,,,,,,,,,,,,,,,,,,,,,,,,,,,,,,,,,,,,,,,,,,,,,,,,,,,,,,,,,,,,,,,,,1353.0404156250297,1353.0494577500504,1353.784400000004,1353.784400000004,1353.784400000004,1353.858350666007,1353.858350666007,1353.858350666007,1354.8544943330344,z,1.802393749996554,None,1354.8546218330157,1354.8546760409954,None,,,,,,,,,,,,21040109,2,2026-04-21_12h21.40.188,tilt_mocs,2024.2.4,120.86223023056361,2026-04-21 12h21.51.014415 -0400,
4,0.0,,711,711,0,,,,,0,100,,,,,c+4,noss,1.0,z,0.3789822919643484,None,None,,,,,,,,,,,0,711,711,699,1354.8657917910023,,,,,,,,,,,,,,,,,,,,,,,,,,,,,,,,,,,,,,,,,,,,,,,,,,,,,,,,,,,,,,,,,,,,,,,,,1354.8568008750444,1354.8657917910023,,,,,,,1355.2541679580463,z,0.3789822919643484,None,1355.2542661250336,1355.2543109580292,None,,,,,,,,,,,,21040109,2,2026-04-21_12h21.40.188,tilt_mocs,2024.2.4,120.86223023056361,2026-04-21 12h21.51.014415 -0400,
-4,-15.0,,712,712,0,,,,,100,0,,,,,c-4,negs,1.25,period,0.5759965410106815,None,None,,,,,,,,,,,0,712,712,372,1355.2649587910273,,,,,,,,,,,,,,,,,,,,,,,,,,,,,,,,,,,,,,,,,,,,,,,,,,,,,,,,,,,,,,,,,,,,,,,,,1355.2562768750358,1355.2649587910273,,,,,,,1355.8451399159967,period,0.5759965410106815,None,1355.8452215000289,1355.845269625017,None,,,,,,,,,,,,21040109,2,2026-04-21_12h21.40.188,tilt_mocs,2024.2.4,120.86223023056361,2026-04-21 12h21.51.014415 -0400,
-8,-15.0,,713,713,0,,,,,100,0,,,,,c-8,negs,1.0,period,0.6376113329897635,None,None,,,,,,,,,,,0,713,713,277,1355.8594852079987,,,,,,,,,,,,,,,,,,,,,,,,,,,,,,,,,,,,,,,,,,,,,,,,,,,,,,,,,,,,,,,,,,,,,,,,,1355.8469002080383,1355.8594852079987,,,,,,,1356.5046500830213,period,0.6376113329897635,None,1356.5048288330436,1356.5049335000222,None,,,,,,,,,,,,21040109,2,2026-04-21_12h21.40.188,tilt_mocs,2024.2.4,120.86223023056361,2026-04-21 12h21.51.014415 -0400,
,,,,,,,,,,,,,,,,,,,,,,,,,,,,,,,,,,,,,,,,,,,,,,,,,,,,,,,,,,,,,,,,,,,,,,,,,,,,,,,,,,,,,,,,,,,,,,,,,,,,,,,,,,,,,,,,,,,,,,,,,,,,,,,,,1356.5051373330061,1356.5156899160356,1356.5156899160356,1770.4684440830024,space,413.941486124997,None,21040109,2,2026-04-21_12h21.40.188,tilt_mocs,2024.2.4,120.86223023056361,2026-04-21 12h21.51.014415 -0400,
