center,surround,correct,thisN,thisTrialN,thisRepN,key_resp_3.keys,key_resp_3.corr,key_resp_3.rt,key_resp_3.duration,orient_opacity,noise_opacity,key_resp_4.keys,key_resp_4.corr,key_resp_4.rt,key_resp_4.duration,type,surr_type,isi,resp.keys,resp.rt,resp.duration,key_resp_10.keys,key_resp_10.rt,key_resp_10.duration,practice_no_time.thisRepN,practice_no_time.thisTrialN,practice_no_time.thisN,practice_no_time.thisIndex,practice_timed.thisRepN,practice_timed.thisTrialN,practice_timed.thisN,practice_timed.thisIndex,trials.thisRepN,trials.thisTrialN,trials.thisN,trials.thisIndex,thisRow.t,notes,instr.started,text_5.started,key_resp_2.started,instr.stopped,key_resp_2.keys,key_resp_2.rt,key_resp_2.duration,instr_example.started,key_resp_11.started,surround_practice_example.started,center_practice_example.started,text_15.started,instr_example.stopped,key_resp_11.keys,key_resp_11.rt,key_resp_11.duration,instr2.started,text_6.started,key_resp_6.started,instr2.stopped,key_resp_6.keys,key_resp_6.rt,key_resp_6.duration,practice_trial.started,key_resp_3.started,surround_practice.started,center_practice.started,practice_trial.stopped,practice_no_time.key_resp_3.keys,practice_no_time.key_resp_3.corr,practice_no_time.key_resp_3.rt,practice_no_time.key_resp_3.duration,practice_feedback.started,text_7.started,text_7.stopped,practice_feedback.stopped,instr3.started,text_8.started,key_resp_5.started,instr3.stopped,key_resp_5.keys,key_resp_5.rt,key_resp_5.duration,practice_trial_timed.started,key_resp_4.started,noise_2.started,surround_practice_2.started,center_practice_2.started,noise_2.stopped,surround_practice_2.stopped,center_practice_2.stopped,text_12.started,practice_trial_timed.stopped,practice_timed.key_resp_4.keys,practice_timed.key_resp_4.corr,practice_timed.key_resp_4.rt,practice_timed.key_resp_4.duration,practice_feedback_timed.started,text_16.started,text_16.stopped,practice_feedback_timed.stopped,start_instr.started,text_13.started,key_resp_8.started,start_instr.stopped,key_resp_8.keys,key_resp_8.rt,key_resp_8.duration,trial.started,resp.started,noise_3.started,surround_grating.started,center_grating.started,noise_3.stopped,surround_grating.stopped,center_grating.stopped,trial.stopped,trials.resp.keys,trials.resp.rt,trials.resp.duration,break_2.started,break_2.stopped,trials.key_resp_10.keys,text_2.started,key_resp_10.started,trials.key_resp_10.rt,trials.key_resp_10.duration,end.started,text_14.started,key_resp.started,end.stopped,key_resp.keys,key_resp.rt,key_resp.duration,sub,ses,date,expName,psychopyVersion,frameRate,expStart,
,,,,,,,,,,,,,,,,,,,,,,,,,,,,,,,,,,,,,,,0.008011583995539695,0.01591808398370631,0.01591808398370631,111.6330997920013,space,111.6143103329814,None,,,,,,,,,,,,,,,,,,,,,,,,,,,,,,,,,,,,,,,,,,,,,,,,,,,,,,,,,,,,,,,,,,,,,,,,,,,,,,,,,,,,,,,,21040099,1,2026-01-08_12h24.15.625,tilt_mocs,2024.2.4,120.82547964695175,2026-01-08 12h24.34.223250 -0500,
,,,,,,,,,,,,,,,,,,,,,,,,,,,,,,,,,,,,,,,,,,,,,,111.63497137499508,111.657492792001,111.657492792001,111.657492792001,111.657492792001,118.53864924999652,period,6.874799458979396,None,,,,,,,,,,,,,,,,,,,,,,,,,,,,,,,,,,,,,,,,,,,,,,,,,,,,,,,,,,,,,,,,,,,,,,,,,,,,,,,21040099,1,2026-01-08_12h24.15.625,tilt_mocs,2024.2.4,120.82547964695175,2026-01-08 12h24.34.223250 -0500,
,,,,,,,,,,,,,,,,,,,,,,,,,,,,,,,,,,,,,,,,,,,,,,,,,,,,,,,118.53873158400529,118.5494880839833,118.5494880839833,138.90026424999814,space,20.344180416985182,None,,,,,,,,,,,,,,,,,,,,,,,,,,,,,,,,,,,,,,,,,,,,,,,,,,,,,,,,,,,,,,,,,,,,,,,,21040099,1,2026-01-08_12h24.15.625,tilt_mocs,2024.2.4,120.82547964695175,2026-01-08 12h24.34.223250 -0500,
30,0,period,0,0,0,period,1,1.1018558329960797,None,,,,,,,,,,,,,,,,0,0,0,0,,,,,,,,,138.92206112499116,,,,,,,,,,,,,,,,,,,,,,,,,138.9133037919819,138.92206112499116,139.40005016699433,139.40005016699433,140.0332522499957,period,1,1.1018558329960797,None,140.0381059589854,140.04842074998305,141.54031995899277,141.5322626249981,,,,,,,,,,,,,,,,,,,,,,,,,,,,,,,,,,,,,,,,,,,,,,,,,,,,,,,,,,,21040099,1,2026-01-08_12h24.15.625,tilt_mocs,2024.2.4,120.82547964695175,2026-01-08 12h24.34.223250 -0500,
-30,0,z,1,1,0,z,1,1.34872770900256,None,,,,,,,,,,,,,,,,0,1,1,1,,,,,,,,,141.54031995899277,,,,,,,,,,,,,,,,,,,,,,,,,141.5346486250055,141.54031995899277,142.03097758398508,142.03097758398508,142.9002612089971,z,1,1.34872770900256,None,142.90037399998982,142.9094455000013,144.40741799998796,144.398839417001,,,,,,,,,,,,,,,,,,,,,,,,,,,,,,,,,,,,,,,,,,,,,,,,,,,,,,,,,,,21040099,1,2026-01-08_12h24.15.625,tilt_mocs,2024.2.4,120.82547964695175,2026-01-08 12h24.34.223250 -0500,
30,60,period,2,2,0,period,1,1.1077400000067428,None,,,,,,,,,,,,,,,,0,2,2,2,,,,,,,,,144.40741799998796,,,,,,,,,,,,,,,,,,,,,,,,,144.40159370898618,144.40741799998796,144.89796791700064,144.89796791700064,145.51815166699816,period,1,1.1077400000067428,None,145.51832379199914,145.52756045898423,147.02440879200003,147.01574533400708,,,,,,,,,,,,,,,,,,,,,,,,,,,,,,,,,,,,,,,,,,,,,,,,,,,,,,,,,,,21040099,1,2026-01-08_12h24.15.625,tilt_mocs,2024.2.4,120.82547964695175,2026-01-08 12h24.34.223250 -0500,
-30,-60,z,3,3,0,z,1,1.0484907500213012,None,,,,,,,,,,,,,,,,0,3,3,3,,,,,,,,,147.02440879200003,,,,,,,,,,,,,,,,,,,,,,,,,147.01888833398698,147.02440879200003,147.5144626669935,147.5144626669935,148.08350799998152,z,1,1.0484907500213012,None,148.08362091699382,148.09275199999684,149.59024824999506,149.5824585419905,,,,,,,,,,,,,,,,,,,,,,,,,,,,,,,,,,,,,,,,,,,,,,,,,,,,,,,,,,,21040099,1,2026-01-08_12h24.15.625,tilt_mocs,2024.2.4,120.82547964695175,2026-01-08 12h24.34.223250 -0500,
,,,,,,,,,,,,,,,,,,,,,,,,,,,,,,,,,,,,,,,,,,,,,,,,,,,,,,,,,,,,,,,,,,,,,,,,,,,149.58267020899802,149.59024824999506,149.59024824999506,173.48432962500374,space,23.887773374997778,None,,,,,,,,,,,,,,,,,,,,,,,,,,,,,,,,,,,,,,,,,,,,,,,,,,,,21040099,1,2026-01-08_12h24.15.625,tilt_mocs,2024.2.4,120.82547964695175,2026-01-08 12h24.34.223250 -0500,
-30,-60,z,0,0,0,,,,,100,0,z,1,2.7842995840182994,None,,,,,,,,,,,,,,0,0,0,0,,,,,173.500799750007,,,,,,,,,,,,,,,,,,,,,,,,,,,,,,,,,,,,,,,,,,,,,173.49186591699254,173.500799750007,173.98646004198235,173.98646004198235,173.98646004198235,174.05739116700715,174.05739116700715,174.05739116700715,174.05739116700715,176.29138162499294,z,1,2.7842995840182994,None,176.29486195900245,176.30459904199233,177.79891866698745,177.78939166700002,,,,,,,,,,,,,,,,,,,,,,,,,,,,,,,,,,21040099,1,2026-01-08_12h24.15.625,tilt_mocs,2024.2.4,120.82547964695175,2026-01-08 12h24.34.223250 -0500,
-30,0,z,1,1,0,,,,,100,0,z,1,1.1066402920114342,None,,,,,,,,,,,,,,0,1,1,1,,,,,177.79891866698745,,,,,,,,,,,,,,,,,,,,,,,,,,,,,,,,,,,,,,,,,,,,,177.79112483398058,177.79891866698745,178.29131191698252,178.29131191698252,178.29131191698252,178.3657352500013,178.3657352500013,178.3657352500013,178.3657352500013,178.90848424998694,z,1,1.1066402920114342,None,178.9086417919898,178.91811666698777,180.41591479198541,180.405151791987,,,,,,,,,,,,,,,,,,,,,,,,,,,,,,,,,,21040099,1,2026-01-08_12h24.15.625,tilt_mocs,2024.2.4,120.82547964695175,2026-01-08 12h24.34.223250 -0500,
30,60,period,2,2,0,,,,,100,0,period,1,1.1004172500106506,None,,,,,,,,,,,,,,0,2,2,2,,,,,180.41591479198541,,,,,,,,,,,,,,,,,,,,,,,,,,,,,,,,,,,,,,,,,,,,,180.4068715419853,180.41591479198541,180.90858720900724,180.90858720900724,180.90858720900724,180.98286266700597,180.98286266700597,180.98286266700597,180.98286266700597,181.51908966698102,period,1,1.1004172500106506,None,181.5193894999975,181.52890016700258,183.02503245900152,183.0170576669916,,,,,,,,,,,,,,,,,,,,,,,,,,,,,,,,,,21040099,1,2026-01-08_12h24.15.625,tilt_mocs,2024.2.4,120.82547964695175,2026-01-08 12h24.34.223250 -0500,
30,0,period,3,3,0,,,,,100,0,period,1,1.0194450829876587,None,,,,,,,,,,,,,,0,3,3,3,,,,,183.02503245900152,,,,,,,,,,,,,,,,,,,,,,,,,,,,,,,,,,,,,,,,,,,,,183.01917045898153,183.02503245900152,183.51569324999582,183.51569324999582,183.51569324999582,183.58935249998467,183.58935249998467,183.58935249998467,183.58935249998467,184.05203587500728,period,1,1.0194450829876587,None,184.05216249998193,184.06139141699532,185.5577884170052,185.5504407089902,,,,,,,,,,,,,,,,,,,,,,,,,,,,,,,,,,21040099,1,2026-01-08_12h24.15.625,tilt_mocs,2024.2.4,120.82547964695175,2026-01-08 12h24.34.223250 -0500,
-30,69,z,4,4,0,,,,,0,100,z,1,1.0114485000085551,None,,,,,,,,,,,,,,0,4,4,4,,,,,185.5577884170052,,,,,,,,,,,,,,,,,,,,,,,,,,,,,,,,,,,,,,,,,,,,,185.5522061669908,185.5577884170052,186.0484982089838,186.0484982089838,186.0484982089838,186.12247041700175,186.12247041700175,186.12247041700175,186.12247041700175,186.57559958400088,z,1,1.0114485000085551,None,186.57574825000484,186.5852399590076,188.08284324998385,188.0722620000015,,,,,,,,,,,,,,,,,,,,,,,,,,,,,,,,,,21040099,1,2026-01-08_12h24.15.625,tilt_mocs,2024.2.4,120.82547964695175,2026-01-08 12h24.34.223250 -0500,
30,69,period,5,5,0,,,,,0,100,period,1,0.8838357919885311,None,,,,,,,,,,,,,,0,5,5,5,,,,,188.08284324998385,,,,,,,,,,,,,,,,,,,,,,,,,,,,,,,,,,,,,,,,,,,,,188.0739783750032,188.08284324998385,188.5749892089807,188.5749892089807,188.5749892089807,188.64977674998227,188.64977674998227,188.64977674998227,188.6557237090019,188.9692232919915,period,1,0.8838357919885311,None,188.96937666699523,188.97822766698664,190.47594962498988,190.46733612500248,,,,,,,,,,,,,,,,,,,,,,,,,,,,,,,,,,21040099,1,2026-01-08_12h24.15.625,tilt_mocs,2024.2.4,120.82547964695175,2026-01-08 12h24.34.223250 -0500,
,,,,,,,,,,,,,,,,,,,,,,,,,,,,,,,,,,,,,,,,,,,,,,,,,,,,,,,,,,,,,,,,,,,,,,,,,,,,,,,,,,,,,,,,,,,,,,,,,,,,190.4675559589814,190.47594962498988,190.47594962498988,235.13709220898454,space,44.65030174999265,None,,,,,,,,,,,,,,,,,,,,,,,,,,,21040099,1,2026-01-08_12h24.15.625,tilt_mocs,2024.2.4,120.82547964695175,2026-01-08 12h24.34.223250 -0500,
0,-15.0,,0,0,0,,,,,100,0,,,,,c+0,negs,0.5,period,1.0201546250027604,None,None,,,,,,,,,,,0,0,0,421,235.27232366698445,,,,,,,,,,,,,,,,,,,,,,,,,,,,,,,,,,,,,,,,,,,,,,,,,,,,,,,,,,,,,,,,,,,,,,235.26551137500792,235.27232366698445,235.63875058398116,235.63875058398116,235.63875058398116,235.70601616700878,235.70601616700878,235.70601616700878,236.3041982499999,period,1.0201546250027604,None,236.3043437919987,236.30440820899094,None,,,,,,,,,,,,21040099,1,2026-01-08_12h24.15.625,tilt_mocs,2024.2.4,120.82547964695175,2026-01-08 12h24.34.223250 -0500,
6,15.0,,1,1,0,,,,,100,0,,,,,c+6,poss,0.5,z,0.9202107499877457,None,None,,,,,,,,,,,0,1,1,171,236.31561187500483,,,,,,,,,,,,,,,,,,,,,,,,,,,,,,,,,,,,,,,,,,,,,,,,,,,,,,,,,,,,,,,,,,,,,,236.3067852499953,236.31561187500483,236.800097542,236.800097542,236.800097542,236.8740389169834,236.8740389169834,236.8740389169834,237.2481256669853,z,0.9202107499877457,None,237.248235749983,237.24828658398474,None,,,,,,,,,,,,21040099,1,2026-01-08_12h24.15.625,tilt_mocs,2024.2.4,120.82547964695175,2026-01-08 12h24.34.223250 -0500,
-6,-15.0,,2,2,0,,,,,100,0,,,,,c-6,negs,1.25,z,1.713568209001096,None,None,,,,,,,,,,,0,2,2,331,237.25489579199348,,,,,,,,,,,,,,,,,,,,,,,,,,,,,,,,,,,,,,,,,,,,,,,,,,,,,,,,,,,,,,,,,,,,,,237.25034195900662,237.25489579199348,238.4934929169831,238.4934929169831,238.4934929169831,238.56825604199548,238.56825604199548,238.56825604199548,238.97167520900257,z,1.713568209001096,None,238.97181374998763,238.97187183398637,None,,,,,,,,,,,,21040099,1,2026-01-08_12h24.15.625,tilt_mocs,2024.2.4,120.82547964695175,2026-01-08 12h24.34.223250 -0500,
-6,-15.0,,3,3,0,,,,,100,0,,,,,c-6,negs,1.25,z,1.9242539170081727,None,None,,,,,,,,,,,0,3,3,333,238.983325084002,,,,,,,,,,,,,,,,,,,,,,,,,,,,,,,,,,,,,,,,,,,,,,,,,,,,,,,,,,,,,,,,,,,,,,238.97444645900396,238.983325084002,240.2171455839998,240.2171455839998,240.2171455839998,240.2893025839876,240.2893025839876,240.2893025839876,240.91085404198384,z,1.9242539170081727,None,240.91100179200293,240.91105799999787,None,,,,,,,,,,,,21040099,1,2026-01-08_12h24.15.625,tilt_mocs,2024.2.4,120.82547964695175,2026-01-08 12h24.34.223250 -0500,
2,0.0,,4,4,0,,,,,0,100,,,,,c+2,noss,1.25,period,1.7072555840131827,None,None,,,,,,,,,,,0,4,4,662,240.92137333398568,,,,,,,,,,,,,,,,,,,,,,,,,,,,,,,,,,,,,,,,,,,,,,,,,,,,,,,,,,,,,,,,,,,,,,240.9131995839998,240.92137333398568,242.16051379198325,242.16051379198325,242.16051379198325,242.23513891699258,242.23513891699258,242.23513891699258,242.6372067919874,period,1.7072555840131827,None,242.6373417499999,242.63739562500268,None,,,,,,,,,,,,21040099,1,2026-01-08_12h24.15.625,tilt_mocs,2024.2.4,120.82547964695175,2026-01-08 12h24.34.223250 -0500,
-4,0.0,,5,5,0,,,,,0,100,,,,,c-4,noss,0.75,z,1.2769842499983497,None,None,,,,,,,,,,,0,5,5,520,242.64807841699803,,,,,,,,,,,,,,,,,,,,,,,,,,,,,,,,,,,,,,,,,,,,,,,,,,,,,,,,,,,,,,,,,,,,,,242.63951408400317,242.64807841699803,243.38465491699753,243.38465491699753,243.38465491699753,243.45682558399858,243.45682558399858,243.45682558399858,243.93758808399434,z,1.2769842499983497,None,243.93775354200625,243.9378085419885,None,,,,,,,,,,,,21040099,1,2026-01-08_12h24.15.625,tilt_mocs,2024.2.4,120.82547964695175,2026-01-08 12h24.34.223250 -0500,
0,0.0,,6,6,0,,,,,0,100,,,,,c+0,noss,0.75,z,1.2900665419874713,None,None,,,,,,,,,,,0,6,6,607,243.94924195899512,,,,,,,,,,,,,,,,,,,,,,,,,,,,,,,,,,,,,,,,,,,,,,,,,,,,,,,,,,,,,,,,,,,,,,243.94015020900406,243.94924195899512,244.6845608750009,244.6845608750009,244.6845608750009,244.75791149999714,244.75791149999714,244.75791149999714,245.24265779199777,z,1.2900665419874713,None,245.24276270900737,245.24280508398078,None,,,,,,,,,,,,21040099,1,2026-01-08_12h24.15.625,tilt_mocs,2024.2.4,120.82547964695175,2026-01-08 12h24.34.223250 -0500,
-4,-15.0,,7,7,0,,,,,100,0,,,,,c-4,negs,1.25,z,6.383505957986927,None,None,,,,,,,,,,,0,7,7,377,245.25379233399872,,,,,,,,,,,,,,,,,,,,,,,,,,,,,,,,,,,,,,,,,,,,,,,,,,,,,,,,,,,,,,,,,,,,,,245.24479858399718,245.25379233399872,246.49357066699304,246.49357066699304,246.49357066699304,246.568536375009,246.568536375009,246.568536375009,251.64215479200357,z,6.383505957986927,None,251.64226766698994,251.64231283398112,None,,,,,,,,,,,,21040099,1,2026-01-08_12h24.15.625,tilt_mocs,2024.2.4,120.82547964695175,2026-01-08 12h24.34.223250 -0500,
4,0.0,,8,8,0,,,,,0,100,,,,,c+4,noss,1.25,period,0.5994927920110058,None,None,,,,,,,,,,,0,8,8,710,251.65323825000087,,,,,,,,,,,,,,,,,,,,,,,,,,,,,,,,,,,,,,,,,,,,,,,,,,,,,,,,,,,,,,,,,,,,,,251.6442780419893,251.65323825000087,,,,,,,252.256014374987,period,0.5994927920110058,None,252.2561778340023,252.25624008398154,None,,,,,,,,,,,,21040099,1,2026-01-08_12h24.15.625,tilt_mocs,2024.2.4,120.82547964695175,2026-01-08 12h24.34.223250 -0500,
4,15.0,,9,9,0,,,,,100,0,,,,,c+4,poss,1.25,z,1.8759539169841446,None,None,,,,,,,,,,,0,9,9,165,252.267730749998,,,,,,,,,,,,,,,,,,,,,,,,,,,,,,,,,,,,,,,,,,,,,,,,,,,,,,,,,,,,,,,,,,,,,,252.25873724999838,252.267730749998,253.50184250000166,253.50184250000166,253.50184250000166,253.57399191698642,253.57399191698642,253.57399191698642,254.15433395898435,z,1.8759539169841446,None,254.15451100000064,254.15457124999375,None,,,,,,,,,,,,21040099,1,2026-01-08_12h24.15.625,tilt_mocs,2024.2.4,120.82547964695175,2026-01-08 12h24.34.223250 -0500,
-2,15.0,,10,10,0,,,,,100,0,,,,,c-2,poss,0.5,z,1.0364818339876365,None,None,,,,,,,,,,,0,10,10,1,254.16661745900637,,,,,,,,,,,,,,,,,,,,,,,,,,,,,,,,,,,,,,,,,,,,,,,,,,,,,,,,,,,,,,,,,,,,,,254.157640874997,254.16661745900637,254.65161104200524,254.65161104200524,254.65161104200524,254.72376937500667,254.72376937500667,254.72376937500667,255.21595920898835,z,1.0364818339876365,None,255.21606704199803,255.21610987500753,None,,,,,,,,,,,,21040099,1,2026-01-08_12h24.15.625,tilt_mocs,2024.2.4,120.82547964695175,2026-01-08 12h24.34.223250 -0500,
0,15.0,,11,11,0,,,,,100,0,,,,,c+0,poss,0.75,z,1.2871848750219215,None,None,,,,,,,,,,,0,11,11,59,255.2232893749897,,,,,,,,,,,,,,,,,,,,,,,,,,,,,,,,,,,,,,,,,,,,,,,,,,,,,,,,,,,,,,,,,,,,,,255.21819841698743,255.2232893749897,255.9613890000037,255.9613890000037,255.9613890000037,256.03564662500867,256.03564662500867,256.03564662500867,256.52097920898814,z,1.2871848750219215,None,256.5210853339813,256.52112799999304,None,,,,,,,,,,,,21040099,1,2026-01-08_12h24.15.625,tilt_mocs,2024.2.4,120.82547964695175,2026-01-08 12h24.34.223250 -0500,
-6,-15.0,,12,12,0,,,,,100,0,,,,,c-6,negs,0.5,z,1.143737250007689,None,None,,,,,,,,,,,0,12,12,295,256.5316889999958,,,,,,,,,,,,,,,,,,,,,,,,,,,,,,,,,,,,,,,,,,,,,,,,,,,,,,,,,,,,,,,,,,,,,,256.5231282500026,256.5316889999958,257.018442917004,257.018442917004,257.018442917004,257.09124124998925,257.09124124998925,257.09124124998925,257.6880214170087,z,1.143737250007689,None,257.68816033398616,257.68821475000004,None,,,,,,,,,,,,21040099,1,2026-01-08_12h24.15.625,tilt_mocs,2024.2.4,120.82547964695175,2026-01-08 12h24.34.223250 -0500,
-4,-15.0,,13,13,0,,,,,100,0,,,,,c-4,negs,1.25,period,1.838357915985398,None,None,,,,,,,,,,,0,13,13,374,257.69960366698797,,,,,,,,,,,,,,,,,,,,,,,,,,,,,,,,,,,,,,,,,,,,,,,,,,,,,,,,,,,,,,,,,,,,,,257.6907241669833,257.69960366698797,258.93513383399113,258.93513383399113,258.93513383399113,259.0070090839872,259.0070090839872,259.0070090839872,259.5445344589825,period,1.838357915985398,None,259.54468937500496,259.5447414999944,None,,,,,,,,,,,,21040099,1,2026-01-08_12h24.15.625,tilt_mocs,2024.2.4,120.82547964695175,2026-01-08 12h24.34.223250 -0500,
4,15.0,,14,14,0,,,,,100,0,,,,,c+4,poss,0.5,z,1.05618204199709,None,None,,,,,,,,,,,0,14,14,129,259.5558840839949,,,,,,,,,,,,,,,,,,,,,,,,,,,,,,,,,,,,,,,,,,,,,,,,,,,,,,,,,,,,,,,,,,,,,,259.54773341698456,259.5558840839949,260.0445020000043,260.0445020000043,260.0445020000043,260.11912237500655,260.11912237500655,260.11912237500655,260.6215399589855,z,1.05618204199709,None,260.621679917007,260.62173424998764,None,,,,,,,,,,,,21040099,1,2026-01-08_12h24.15.625,tilt_mocs,2024.2.4,120.82547964695175,2026-01-08 12h24.34.223250 -0500,
6,15.0,,15,15,0,,,,,100,0,,,,,c+6,poss,0.75,z,1.5617684999888297,None,None,,,,,,,,,,,0,15,15,189,260.633209541993,,,,,,,,,,,,,,,,,,,,,,,,,,,,,,,,,,,,,,,,,,,,,,,,,,,,,,,,,,,,,,,,,,,,,,260.62428937500226,260.633209541993,261.36858929198934,261.36858929198934,261.36858929198934,261.44103241700213,261.44103241700213,261.44103241700213,262.20505749998847,z,1.5617684999888297,None,262.2052391250036,262.2053018749866,None,,,,,,,,,,,,21040099,1,2026-01-08_12h24.15.625,tilt_mocs,2024.2.4,120.82547964695175,2026-01-08 12h24.34.223250 -0500,
-8,-15.0,,16,16,0,,,,,100,0,,,,,c-8,negs,1.25,z,1.8514716250065248,None,None,,,,,,,,,,,0,16,16,286,262.217476958991,,,,,,,,,,,,,,,,,,,,,,,,,,,,,,,,,,,,,,,,,,,,,,,,,,,,,,,,,,,,,,,,,,,,,,262.20817495899973,262.217476958991,263.45198412498576,263.45198412498576,263.45198412498576,263.52383012499195,263.52383012499195,263.52383012499195,264.0714394999959,z,1.8514716250065248,None,264.07157216698397,264.07163600000786,None,,,,,,,,,,,,21040099,1,2026-01-08_12h24.15.625,tilt_mocs,2024.2.4,120.82547964695175,2026-01-08 12h24.34.223250 -0500,
6,15.0,,17,17,0,,,,,100,0,,,,,c+6,poss,1.25,z,1.8437118339934386,None,None,,,,,,,,,,,0,17,17,204,264.0826834169857,,,,,,,,,,,,,,,,,,,,,,,,,,,,,,,,,,,,,,,,,,,,,,,,,,,,,,,,,,,,,,,,,,,,,,264.07372650000616,264.0826834169857,265.31799691700144,265.31799691700144,265.31799691700144,265.39098370898864,265.39098370898864,265.39098370898864,265.9382685839955,z,1.8437118339934386,None,265.93843745900085,265.938497583993,None,,,,,,,,,,,,21040099,1,2026-01-08_12h24.15.625,tilt_mocs,2024.2.4,120.82547964695175,2026-01-08 12h24.34.223250 -0500,
-4,-15.0,,18,18,0,,,,,100,0,,,,,c-4,negs,1.0,z,1.578281042020535,None,None,,,,,,,,,,,0,18,18,363,265.95050320899463,,,,,,,,,,,,,,,,,,,,,,,,,,,,,,,,,,,,,,,,,,,,,,,,,,,,,,,,,,,,,,,,,,,,,,265.9414492920041,265.95050320899463,266.9353539169824,266.9353539169824,266.9353539169824,267.00743029199657,267.00743029199657,267.00743029199657,267.5380448749929,z,1.578281042020535,None,267.5381739590084,267.5382275840093,None,,,,,,,,,,,,21040099,1,2026-01-08_12h24.15.625,tilt_mocs,2024.2.4,120.82547964695175,2026-01-08 12h24.34.223250 -0500,
0,-15.0,,19,19,0,,,,,100,0,,,,,c+0,negs,0.5,period,1.1603448749810923,None,None,,,,,,,,,,,0,19,19,426,267.5490234589961,,,,,,,,,,,,,,,,,,,,,,,,,,,,,,,,,,,,,,,,,,,,,,,,,,,,,,,,,,,,,,,,,,,,,,267.54048274998786,267.5490234589961,268.03566466699704,268.03566466699704,268.03566466699704,268.1075457090046,268.1075457090046,268.1075457090046,268.712514999992,period,1.1603448749810923,None,268.7126862499863,268.7127408749948,None,,,,,,,,,,,,21040099,1,2026-01-08_12h24.15.625,tilt_mocs,2024.2.4,120.82547964695175,2026-01-08 12h24.34.223250 -0500,
2,-15.0,,20,20,0,,,,,100,0,,,,,c+2,negs,1.0,period,1.5614163750142325,None,None,,,,,,,,,,,0,20,20,491,268.7245756670018,,,,,,,,,,,,,,,,,,,,,,,,,,,,,,,,,,,,,,,,,,,,,,,,,,,,,,,,,,,,,,,,,,,,,,268.71634929199354,268.7245756670018,269.7114341669949,269.7114341669949,269.7114341669949,269.7860619999992,269.7860619999992,269.7860619999992,270.28853374999017,period,1.5614163750142325,None,270.288681874983,270.28874258400174,None,,,,,,,,,,,,21040099,1,2026-01-08_12h24.15.625,tilt_mocs,2024.2.4,120.82547964695175,2026-01-08 12h24.34.223250 -0500,
-4,0.0,,21,21,0,,,,,0,100,,,,,c-4,noss,0.75,z,1.2866752500121947,None,None,,,,,,,,,,,0,21,21,521,270.3000445420039,,,,,,,,,,,,,,,,,,,,,,,,,,,,,,,,,,,,,,,,,,,,,,,,,,,,,,,,,,,,,,,,,,,,,,270.29136524998466,270.3000445420039,271.0351646670024,271.0351646670024,271.0351646670024,271.10860487498576,271.10860487498576,271.10860487498576,271.5983752920001,z,1.2866752500121947,None,271.59847858399735,271.59852016699733,None,,,,,,,,,,,,21040099,1,2026-01-08_12h24.15.625,tilt_mocs,2024.2.4,120.82547964695175,2026-01-08 12h24.34.223250 -0500,
-8,-15.0,,22,22,0,,,,,100,0,,,,,c-8,negs,1.25,z,1.8645094580133446,None,None,,,,,,,,,,,0,22,22,293,271.60515837499406,,,,,,,,,,,,,,,,,,,,,,,,,,,,,,,,,,,,,,,,,,,,,,,,,,,,,,,,,,,,,,,,,,,,,,271.60046241700184,271.60515837499406,272.8449616669968,272.8449616669968,272.8449616669968,272.9191888339992,272.9191888339992,272.9191888339992,273.47284549998585,z,1.8645094580133446,None,273.47298545899685,273.47304283399717,None,,,,,,,,,,,,21040099,1,2026-01-08_12h24.15.625,tilt_mocs,2024.2.4,120.82547964695175,2026-01-08 12h24.34.223250 -0500,
-8,-15.0,,23,23,0,,,,,100,0,,,,,c-8,negs,0.5,z,1.1023844169976655,None,None,,,,,,,,,,,0,23,23,260,273.4847822090087,,,,,,,,,,,,,,,,,,,,,,,,,,,,,,,,,,,,,,,,,,,,,,,,,,,,,,,,,,,,,,,,,,,,,,273.47556962500676,273.4847822090087,273.968349999981,273.968349999981,273.968349999981,274.0413210419938,274.0413210419938,274.0413210419938,274.59365091699874,z,1.1023844169976655,None,274.5937877499964,274.5938404589833,None,,,,,,,,,,,,21040099,1,2026-01-08_12h24.15.625,tilt_mocs,2024.2.4,120.82547964695175,2026-01-08 12h24.34.223250 -0500,
2,-15.0,,24,24,0,,,,,100,0,,,,,c+2,negs,1.0,period,1.501185874978546,None,None,,,,,,,,,,,0,24,24,490,274.60504391699214,,,,,,,,,,,,,,,,,,,,,,,,,,,,,,,,,,,,,,,,,,,,,,,,,,,,,,,,,,,,,,,,,,,,,,274.5959824589954,274.60504391699214,275.5956068339874,275.5956068339874,275.5956068339874,275.6695189999882,275.6695189999882,275.6695189999882,276.1102160419978,period,1.501185874978546,None,276.1103235420014,276.1103650839941,None,,,,,,,,,,,,21040099,1,2026-01-08_12h24.15.625,tilt_mocs,2024.2.4,120.82547964695175,2026-01-08 12h24.34.223250 -0500,
4,0.0,,25,25,0,,,,,0,100,,,,,c+4,noss,0.5,period,1.298669957992388,None,None,,,,,,,,,,,0,25,25,680,276.1217461669876,,,,,,,,,,,,,,,,,,,,,,,,,,,,,,,,,,,,,,,,,,,,,,,,,,,,,,,,,,,,,,,,,,,,,,276.1123283339839,276.1217461669876,276.6121155000001,276.6121155000001,276.6121155000001,276.68650104198605,276.68650104198605,276.68650104198605,277.432958874997,period,1.298669957992388,None,277.43306275000214,277.43310512500466,None,,,,,,,,,,,,21040099,1,2026-01-08_12h24.15.625,tilt_mocs,2024.2.4,120.82547964695175,2026-01-08 12h24.34.223250 -0500,
2,15.0,,26,26,0,,,,,100,0,,,,,c+2,poss,1.0,z,1.770807082997635,None,None,,,,,,,,,,,0,26,26,110,277.4396579169843,,,,,,,,,,,,,,,,,,,,,,,,,,,,,,,,,,,,,,,,,,,,,,,,,,,,,,,,,,,,,,,,,,,,,,277.4351409589872,277.4396579169843,278.4289813750074,278.4289813750074,278.4289813750074,278.5030065419851,278.5030065419851,278.5030065419851,279.2218620000058,z,1.770807082997635,None,279.2219990839949,279.2220518339891,None,,,,,,,,,,,,21040099,1,2026-01-08_12h24.15.625,tilt_mocs,2024.2.4,120.82547964695175,2026-01-08 12h24.34.223250 -0500,
-2,0.0,,27,27,0,,,,,0,100,,,,,c-2,noss,0.5,z,1.0383266249846201,None,None,,,,,,,,,,,0,27,27,549,279.23309529200196,,,,,,,,,,,,,,,,,,,,,,,,,,,,,,,,,,,,,,,,,,,,,,,,,,,,,,,,,,,,,,,,,,,,,,279.224151375005,279.23309529200196,279.71930654198513,279.71930654198513,279.71930654198513,279.7909522499831,279.7909522499831,279.7909522499831,280.2778394589841,z,1.0383266249846201,None,280.2779788750049,280.2780317089928,None,,,,,,,,,,,,21040099,1,2026-01-08_12h24.15.625,tilt_mocs,2024.2.4,120.82547964695175,2026-01-08 12h24.34.223250 -0500,
-6,-15.0,,28,28,0,,,,,100,0,,,,,c-6,negs,1.0,z,1.7984302919940092,None,None,,,,,,,,,,,0,28,28,316,280.2890741250012,,,,,,,,,,,,,,,,,,,,,,,,,,,,,,,,,,,,,,,,,,,,,,,,,,,,,,,,,,,,,,,,,,,,,,280.28020845900755,280.2890741250012,281.27915962500265,281.27915962500265,281.27915962500265,281.3531199169811,281.3531199169811,281.3531199169811,282.0997997499944,z,1.7984302919940092,None,282.09990791699965,282.09995166698354,None,,,,,,,,,,,,21040099,1,2026-01-08_12h24.15.625,tilt_mocs,2024.2.4,120.82547964695175,2026-01-08 12h24.34.223250 -0500,
-6,-15.0,,29,29,0,,,,,100,0,,,,,c-6,negs,1.25,z,1.7084515829919837,None,None,,,,,,,,,,,0,29,29,328,282.1069920840091,,,,,,,,,,,,,,,,,,,,,,,,,,,,,,,,,,,,,,,,,,,,,,,,,,,,,,,,,,,,,,,,,,,,,,282.10197399999015,282.1069920840091,283.3457761250029,283.3457761250029,283.3457761250029,283.4198816669814,283.4198816669814,283.4198816669814,283.822037083999,z,1.7084515829919837,None,283.8221719590074,283.8222246670048,None,,,,,,,,,,,,21040099,1,2026-01-08_12h24.15.625,tilt_mocs,2024.2.4,120.82547964695175,2026-01-08 12h24.34.223250 -0500,
6,15.0,,30,30,0,,,,,100,0,,,,,c+6,poss,1.25,period,1.722686374996556,None,None,,,,,,,,,,,0,30,30,200,283.8326222919859,,,,,,,,,,,,,,,,,,,,,,,,,,,,,,,,,,,,,,,,,,,,,,,,,,,,,,,,,,,,,,,,,,,,,,283.82434745898354,283.8326222919859,285.06932737500756,285.06932737500756,285.06932737500756,285.14232691700454,285.14232691700454,285.14232691700454,285.56052183400607,period,1.722686374996556,None,285.5606559590087,285.56070879200706,None,,,,,,,,,,,,21040099,1,2026-01-08_12h24.15.625,tilt_mocs,2024.2.4,120.82547964695175,2026-01-08 12h24.34.223250 -0500,
-8,-15.0,,31,31,0,,,,,100,0,,,,,c-8,negs,1.25,z,1.8096152500074822,None,None,,,,,,,,,,,0,31,31,289,285.5719756670005,,,,,,,,,,,,,,,,,,,,,,,,,,,,,,,,,,,,,,,,,,,,,,,,,,,,,,,,,,,,,,,,,,,,,,285.56266579200746,285.5719756670005,286.8125537500018,286.8125537500018,286.8125537500018,286.88662741699954,286.88662741699954,286.88662741699954,287.38896120898426,z,1.8096152500074822,None,287.38912524998887,287.38918345898855,None,,,,,,,,,,,,21040099,1,2026-01-08_12h24.15.625,tilt_mocs,2024.2.4,120.82547964695175,2026-01-08 12h24.34.223250 -0500,
2,15.0,,32,32,0,,,,,100,0,,,,,c+2,poss,0.5,z,1.1887740420061164,None,None,,,,,,,,,,,0,32,32,87,287.4010560000024,,,,,,,,,,,,,,,,,,,,,,,,,,,,,,,,,,,,,,,,,,,,,,,,,,,,,,,,,,,,,,,,,,,,,,287.3919249169994,287.4010560000024,287.88623033399926,287.88623033399926,287.88623033399926,287.95837383400067,287.95837383400067,287.95837383400067,288.5940466669854,z,1.1887740420061164,None,288.5941886669898,288.5942480840022,None,,,,,,,,,,,,21040099,1,2026-01-08_12h24.15.625,tilt_mocs,2024.2.4,120.82547964695175,2026-01-08 12h24.34.223250 -0500,
2,-15.0,,33,33,0,,,,,100,0,,,,,c+2,negs,0.5,period,1.0039477500249632,None,None,,,,,,,,,,,0,33,33,462,288.6056123339804,,,,,,,,,,,,,,,,,,,,,,,,,,,,,,,,,,,,,,,,,,,,,,,,,,,,,,,,,,,,,,,,,,,,,,288.59662999998545,288.6056123339804,289.09556250000605,289.09556250000605,289.09556250000605,289.1698734170059,289.1698734170059,289.1698734170059,289.6206893750059,period,1.0039477500249632,None,289.6207946249924,289.62083699999494,None,,,,,,,,,,,,21040099,1,2026-01-08_12h24.15.625,tilt_mocs,2024.2.4,120.82547964695175,2026-01-08 12h24.34.223250 -0500,
6,15.0,,34,34,0,,,,,100,0,,,,,c+6,poss,0.5,period,1.3966042919782922,None,None,,,,,,,,,,,0,34,34,170,289.6281857499853,,,,,,,,,,,,,,,,,,,,,,,,,,,,,,,,,,,,,,,,,,,,,,,,,,,,,,,,,,,,,,,,,,,,,,289.6228398749954,289.6281857499853,290.11267620898434,290.11267620898434,290.11267620898434,290.18679637499736,290.18679637499736,290.18679637499736,291.0287055420049,period,1.3966042919782922,None,291.02883679198567,291.02888920900295,None,,,,,,,,,,,,21040099,1,2026-01-08_12h24.15.625,tilt_mocs,2024.2.4,120.82547964695175,2026-01-08 12h24.34.223250 -0500,
0,0.0,,35,35,0,,,,,0,100,,,,,c+0,noss,1.0,z,1.6919676249963231,None,None,,,,,,,,,,,0,35,35,618,291.03949574998114,,,,,,,,,,,,,,,,,,,,,,,,,,,,,,,,,,,,,,,,,,,,,,,,,,,,,,,,,,,,,,,,,,,,,,291.0313061249908,291.03949574998114,292.029652792,292.029652792,292.029652792,292.103672333993,292.103672333993,292.103672333993,292.7394926669949,z,1.6919676249963231,None,292.7396522499912,292.73970841700793,None,,,,,,,,,,,,21040099,1,2026-01-08_12h24.15.625,tilt_mocs,2024.2.4,120.82547964695175,2026-01-08 12h24.34.223250 -0500,
-2,-15.0,,36,36,0,,,,,100,0,,,,,c-2,negs,0.5,period,0.11144441700889729,None,None,,,,,,,,,,,0,36,36,381,292.7518639169866,,,,,,,,,,,,,,,,,,,,,,,,,,,,,,,,,,,,,,,,,,,,,,,,,,,,,,,,,,,,,,,,,,,,,,292.7427753339871,292.7518639169866,,,,,,,292.8728315839835,period,0.11144441700889729,None,292.8729371250083,292.8729834170081,None,,,,,,,,,,,,21040099,1,2026-01-08_12h24.15.625,tilt_mocs,2024.2.4,120.82547964695175,2026-01-08 12h24.34.223250 -0500,
2,-15.0,,37,37,0,,,,,100,0,,,,,c+2,negs,0.75,period,1.2421867910015862,None,None,,,,,,,,,,,0,37,37,479,292.8843247499899,,,,,,,,,,,,,,,,,,,,,,,,,,,,,,,,,,,,,,,,,,,,,,,,,,,,,,,,,,,,,,,,,,,,,,292.8749990419892,292.8843247499899,293.6198429589858,293.6198429589858,293.6198429589858,293.6933472919918,293.6933472919918,293.6933472919918,294.1389888749982,period,1.2421867910015862,None,294.1391200000071,294.13917304200004,None,,,,,,,,,,,,21040099,1,2026-01-08_12h24.15.625,tilt_mocs,2024.2.4,120.82547964695175,2026-01-08 12h24.34.223250 -0500,
-2,0.0,,38,38,0,,,,,0,100,,,,,c-2,noss,0.75,z,1.3201906250033062,None,None,,,,,,,,,,,0,38,38,561,294.1502107089909,,,,,,,,,,,,,,,,,,,,,,,,,,,,,,,,,,,,,,,,,,,,,,,,,,,,,,,,,,,,,,,,,,,,,,294.1415316250059,294.1502107089909,294.8864425839856,294.8864425839856,294.8864425839856,294.95858395899995,294.95858395899995,294.95858395899995,295.4730163750064,z,1.3201906250033062,None,295.47318741699564,295.4732490000024,None,,,,,,,,,,,,21040099,1,2026-01-08_12h24.15.625,tilt_mocs,2024.2.4,120.82547964695175,2026-01-08 12h24.34.223250 -0500,
2,0.0,,39,39,0,,,,,0,100,,,,,c+2,noss,1.0,period,1.4566377910086885,None,None,,,,,,,,,,,0,39,39,661,295.48510958399856,,,,,,,,,,,,,,,,,,,,,,,,,,,,,,,,,,,,,,,,,,,,,,,,,,,,,,,,,,,,,,,,,,,,,,295.47612095900695,295.48510958399856,296.46984999999404,296.46984999999404,296.46984999999404,296.54199633398093,296.54199633398093,296.54199633398093,296.95347191698966,period,1.4566377910086885,None,296.9536103339924,296.953655166988,None,,,,,,,,,,,,21040099,1,2026-01-08_12h24.15.625,tilt_mocs,2024.2.4,120.82547964695175,2026-01-08 12h24.34.223250 -0500,
-6,-15.0,,40,40,0,,,,,100,0,,,,,c-6,negs,0.75,z,1.4323065420030616,None,None,,,,,,,,,,,0,40,40,310,296.96083487500437,,,,,,,,,,,,,,,,,,,,,,,,,,,,,,,,,,,,,,,,,,,,,,,,,,,,,,,,,,,,,,,,,,,,,,296.95563691700227,296.96083487500437,297.6953494169866,297.6953494169866,297.6953494169866,297.77040074998513,297.77040074998513,297.77040074998513,298.405952000001,z,1.4323065420030616,None,298.4060630000022,298.4061057920044,None,,,,,,,,,,,,21040099,1,2026-01-08_12h24.15.625,tilt_mocs,2024.2.4,120.82547964695175,2026-01-08 12h24.34.223250 -0500,
2,-15.0,,41,41,0,,,,,100,0,,,,,c+2,negs,0.5,period,1.049797458021203,None,None,,,,,,,,,,,0,41,41,464,298.4168695420085,,,,,,,,,,,,,,,,,,,,,,,,,,,,,,,,,,,,,,,,,,,,,,,,,,,,,,,,,,,,,,,,,,,,,,298.4080952089862,298.4168695420085,298.90324712498114,298.90324712498114,298.90324712498114,298.97520541699487,298.97520541699487,298.97520541699487,299.47334537500865,period,1.049797458021203,None,299.47349529198254,299.4735492919863,None,,,,,,,,,,,,21040099,1,2026-01-08_12h24.15.625,tilt_mocs,2024.2.4,120.82547964695175,2026-01-08 12h24.34.223250 -0500,
4,15.0,,42,42,0,,,,,100,0,,,,,c+4,poss,0.75,z,1.46480079201865,None,None,,,,,,,,,,,0,42,42,146,299.48501666699303,,,,,,,,,,,,,,,,,,,,,,,,,,,,,,,,,,,,,,,,,,,,,,,,,,,,,,,,,,,,,,,,,,,,,,299.475808416988,299.48501666699303,300.21992883400526,300.21992883400526,300.21992883400526,300.2918436669861,300.2918436669861,300.2918436669861,300.9554275840055,z,1.46480079201865,None,300.95553800000926,300.9555801670067,None,,,,,,,,,,,,21040099,1,2026-01-08_12h24.15.625,tilt_mocs,2024.2.4,120.82547964695175,2026-01-08 12h24.34.223250 -0500,
2,15.0,,43,43,0,,,,,100,0,,,,,c+2,poss,0.75,z,1.3558663330040872,None,None,,,,,,,,,,,0,43,43,98,300.9662614169938,,,,,,,,,,,,,,,,,,,,,,,,,,,,,,,,,,,,,,,,,,,,,,,,,,,,,,,,,,,,,,,,,,,,,,300.95766983399517,300.9662614169938,301.7033433750039,301.7033433750039,301.7033433750039,301.77520937498775,301.77520937498775,301.77520937498775,302.3296426250017,z,1.3558663330040872,None,302.3297944589867,302.3298527089937,None,,,,,,,,,,,,21040099,1,2026-01-08_12h24.15.625,tilt_mocs,2024.2.4,120.82547964695175,2026-01-08 12h24.34.223250 -0500,
0,-15.0,,44,44,0,,,,,100,0,,,,,c+0,negs,0.75,period,1.1977325000043493,None,None,,,,,,,,,,,0,44,44,439,302.34022283399827,,,,,,,,,,,,,,,,,,,,,,,,,,,,,,,,,,,,,,,,,,,,,,,,,,,,,,,,,,,,,,,,,,,,,,302.3321329589817,302.34022283399827,303.08038612498785,303.08038612498785,303.08038612498785,303.15404929200304,303.15404929200304,303.15404929200304,303.54078912499244,period,1.1977325000043493,None,303.54106308400515,303.5411650419992,None,,,,,,,,,,,,21040099,1,2026-01-08_12h24.15.625,tilt_mocs,2024.2.4,120.82547964695175,2026-01-08 12h24.34.223250 -0500,
-4,-15.0,,45,45,0,,,,,100,0,,,,,c-4,negs,0.5,z,1.2053179169888608,None,None,,,,,,,,,,,0,45,45,337,303.55256737500895,,,,,,,,,,,,,,,,,,,,,,,,,,,,,,,,,,,,,,,,,,,,,,,,,,,,,,,,,,,,,,,,,,,,,,303.5436315840052,303.55256737500895,304.03670054199756,304.03670054199756,304.03670054199756,304.10899854198215,304.10899854198215,304.10899854198215,304.76140104199294,z,1.2053179169888608,None,304.76154016700457,304.76159329200163,None,,,,,,,,,,,,21040099,1,2026-01-08_12h24.15.625,tilt_mocs,2024.2.4,120.82547964695175,2026-01-08 12h24.34.223250 -0500,
-8,-15.0,,46,46,0,,,,,100,0,,,,,c-8,negs,1.0,period,4.9036314169934485,None,None,,,,,,,,,,,0,46,46,276,304.7728091669851,,,,,,,,,,,,,,,,,,,,,,,,,,,,,,,,,,,,,,,,,,,,,,,,,,,,,,,,,,,,,,,,,,,,,,304.7638960419863,304.7728091669851,305.76287924998906,305.76287924998906,305.76287924998906,305.83737966700573,305.83737966700573,305.83737966700573,309.68009316700045,period,4.9036314169934485,None,309.6802330839855,309.6802887090016,None,,,,,,,,,,,,21040099,1,2026-01-08_12h24.15.625,tilt_mocs,2024.2.4,120.82547964695175,2026-01-08 12h24.34.223250 -0500,
4,0.0,,47,47,0,,,,,0,100,,,,,c+4,noss,1.0,period,1.641452042007586,None,None,,,,,,,,,,,0,47,47,702,309.69056862499565,,,,,,,,,,,,,,,,,,,,,,,,,,,,,,,,,,,,,,,,,,,,,,,,,,,,,,,,,,,,,,,,,,,,,,309.682309041993,309.69056862499565,310.6799167919962,310.6799167919962,310.6799167919962,310.75424375000875,310.75424375000875,310.75424375000875,311.33854829199845,period,1.641452042007586,None,311.3386848339869,311.3387399170024,None,,,,,,,,,,,,21040099,1,2026-01-08_12h24.15.625,tilt_mocs,2024.2.4,120.82547964695175,2026-01-08 12h24.34.223250 -0500,
4,15.0,,48,48,0,,,,,100,0,,,,,c+4,poss,1.0,z,1.7137404999812134,None,None,,,,,,,,,,,0,48,48,157,311.35004412499256,,,,,,,,,,,,,,,,,,,,,,,,,,,,,,,,,,,,,,,,,,,,,,,,,,,,,,,,,,,,,,,,,,,,,,311.3411876249884,311.35004412499256,312.33706316698226,312.33706316698226,312.33706316698226,312.4088926249824,312.4088926249824,312.4088926249824,313.0737688340014,z,1.7137404999812134,None,313.07393420900917,313.07399179198546,None,,,,,,,,,,,,21040099,1,2026-01-08_12h24.15.625,tilt_mocs,2024.2.4,120.82547964695175,2026-01-08 12h24.34.223250 -0500,
6,15.0,,49,49,0,,,,,100,0,,,,,c+6,poss,0.75,z,1.2368962500186171,None,None,,,,,,,,,,,0,49,49,187,313.0851377089857,,,,,,,,,,,,,,,,,,,,,,,,,,,,,,,,,,,,,,,,,,,,,,,,,,,,,,,,,,,,,,,,,,,,,,313.07619324998814,313.0851377089857,313.82046370900935,313.82046370900935,313.82046370900935,313.89300562499557,313.89300562499557,313.89300562499557,314.3340537500044,z,1.2368962500186171,None,314.33417962500243,314.3342223750078,None,,,,,,,,,,,,21040099,1,2026-01-08_12h24.15.625,tilt_mocs,2024.2.4,120.82547964695175,2026-01-08 12h24.34.223250 -0500,
0,-15.0,,50,50,0,,,,,100,0,,,,,c+0,negs,0.75,period,1.2909162920259405,None,None,,,,,,,,,,,0,50,50,438,314.3406812920002,,,,,,,,,,,,,,,,,,,,,,,,,,,,,,,,,,,,,,,,,,,,,,,,,,,,,,,,,,,,,,,,,,,,,,314.3362122499966,314.3406812920002,315.0793286249973,315.0793286249973,315.0793286249973,315.1545815419813,315.1545815419813,315.1545815419813,315.6399645000056,period,1.2909162920259405,None,315.64009812500444,315.64015304198256,None,,,,,,,,,,,,21040099,1,2026-01-08_12h24.15.625,tilt_mocs,2024.2.4,120.82547964695175,2026-01-08 12h24.34.223250 -0500,
4,0.0,,51,51,0,,,,,0,100,,,,,c+4,noss,0.75,period,1.253895250003552,None,None,,,,,,,,,,,0,51,51,684,315.65091629198287,,,,,,,,,,,,,,,,,,,,,,,,,,,,,,,,,,,,,,,,,,,,,,,,,,,,,,,,,,,,,,,,,,,,,,315.6423287089856,315.65091629198287,316.387168583984,316.387168583984,316.387168583984,316.4595608749951,316.4595608749951,316.4595608749951,316.9079713340034,period,1.253895250003552,None,316.9081244999834,316.9081810839998,None,,,,,,,,,,,,21040099,1,2026-01-08_12h24.15.625,tilt_mocs,2024.2.4,120.82547964695175,2026-01-08 12h24.34.223250 -0500,
-6,-15.0,,52,52,0,,,,,100,0,,,,,c-6,negs,1.25,z,1.9444154999800958,None,None,,,,,,,,,,,0,52,52,326,316.91918050000095,,,,,,,,,,,,,,,,,,,,,,,,,,,,,,,,,,,,,,,,,,,,,,,,,,,,,,,,,,,,,,,,,,,,,,316.91037545900326,316.91918050000095,318.1539243340085,318.1539243340085,318.1539243340085,318.2269552499929,318.2269552499929,318.2269552499929,318.87335366700427,z,1.9444154999800958,None,318.8734909170016,318.8735527499812,None,,,,,,,,,,,,21040099,1,2026-01-08_12h24.15.625,tilt_mocs,2024.2.4,120.82547964695175,2026-01-08 12h24.34.223250 -0500,
2,0.0,,53,53,0,,,,,0,100,,,,,c+2,noss,0.5,z,1.404264416982187,None,None,,,,,,,,,,,0,53,53,634,318.8848906249914,,,,,,,,,,,,,,,,,,,,,,,,,,,,,,,,,,,,,,,,,,,,,,,,,,,,,,,,,,,,,,,,,,,,,,318.8760819169984,318.8848906249914,319.37065220900695,319.37065220900695,319.37065220900695,319.44315170898335,319.44315170898335,319.44315170898335,320.29550149998977,z,1.404264416982187,None,320.2956328339933,320.2956856249948,None,,,,,,,,,,,,21040099,1,2026-01-08_12h24.15.625,tilt_mocs,2024.2.4,120.82547964695175,2026-01-08 12h24.34.223250 -0500,
6,15.0,,54,54,0,,,,,100,0,,,,,c+6,poss,1.25,z,1.872126041998854,None,None,,,,,,,,,,,0,54,54,205,320.30690749999485,,,,,,,,,,,,,,,,,,,,,,,,,,,,,,,,,,,,,,,,,,,,,,,,,,,,,,,,,,,,,,,,,,,,,,320.2979028749978,320.30690749999485,321.5472902089823,321.5472902089823,321.5472902089823,321.62110550000216,321.62110550000216,321.62110550000216,322.19024741699104,z,1.872126041998854,None,322.1903861669998,322.1904405420064,None,,,,,,,,,,,,21040099,1,2026-01-08_12h24.15.625,tilt_mocs,2024.2.4,120.82547964695175,2026-01-08 12h24.34.223250 -0500,
-2,-15.0,,55,55,0,,,,,100,0,,,,,c-2,negs,1.0,period,1.5930860829830635,None,None,,,,,,,,,,,0,55,55,404,322.201871458994,,,,,,,,,,,,,,,,,,,,,,,,,,,,,,,,,,,,,,,,,,,,,,,,,,,,,,,,,,,,,,,,,,,,,,322.19275804198696,322.201871458994,323.1873862920038,323.1873862920038,323.1873862920038,323.2597545419994,323.2597545419994,323.2597545419994,323.8067117089813,period,1.5930860829830635,None,323.8068413340079,323.8068939590012,None,,,,,,,,,,,,21040099,1,2026-01-08_12h24.15.625,tilt_mocs,2024.2.4,120.82547964695175,2026-01-08 12h24.34.223250 -0500,
0,0.0,,56,56,0,,,,,0,100,,,,,c+0,noss,0.75,z,1.4566742090100888,None,None,,,,,,,,,,,0,56,56,608,323.8175774170086,,,,,,,,,,,,,,,,,,,,,,,,,,,,,,,,,,,,,,,,,,,,,,,,,,,,,,,,,,,,,,,,,,,,,,323.8090225420019,323.8175774170086,324.55409374999,324.55409374999,324.55409374999,324.62586837500567,324.62586837500567,324.62586837500567,325.2804245839943,z,1.4566742090100888,None,325.2805674590054,325.280622374994,None,,,,,,,,,,,,21040099,1,2026-01-08_12h24.15.625,tilt_mocs,2024.2.4,120.82547964695175,2026-01-08 12h24.34.223250 -0500,
-4,-15.0,,57,57,0,,,,,100,0,,,,,c-4,negs,0.75,z,1.2435939999995753,None,None,,,,,,,,,,,0,57,57,350,325.29100875000586,,,,,,,,,,,,,,,,,,,,,,,,,,,,,,,,,,,,,,,,,,,,,,,,,,,,,,,,,,,,,,,,,,,,,,325.28272029198706,325.29100875000586,326.0300635419844,326.0300635419844,326.0300635419844,326.10366270900704,326.10366270900704,326.10366270900704,326.5403577919933,z,1.2435939999995753,None,326.5405144999968,326.54057191699394,None,,,,,,,,,,,,21040099,1,2026-01-08_12h24.15.625,tilt_mocs,2024.2.4,120.82547964695175,2026-01-08 12h24.34.223250 -0500,
-2,-15.0,,58,58,0,,,,,100,0,,,,,c-2,negs,0.75,z,1.372094541991828,None,None,,,,,,,,,,,0,58,58,397,326.5522315419803,,,,,,,,,,,,,,,,,,,,,,,,,,,,,,,,,,,,,,,,,,,,,,,,,,,,,,,,,,,,,,,,,,,,,,326.5432197919872,326.5522315419803,327.287559208984,327.287559208984,327.287559208984,327.3599021669943,327.3599021669943,327.3599021669943,327.9300325420045,z,1.372094541991828,None,327.9302801669983,327.9303989170003,None,,,,,,,,,,,,21040099,1,2026-01-08_12h24.15.625,tilt_mocs,2024.2.4,120.82547964695175,2026-01-08 12h24.34.223250 -0500,
8,15.0,,59,59,0,,,,,100,0,,,,,c+8,poss,1.0,z,2.655265084002167,None,None,,,,,,,,,,,0,59,59,241,327.9411817920045,,,,,,,,,,,,,,,,,,,,,,,,,,,,,,,,,,,,,,,,,,,,,,,,,,,,,,,,,,,,,,,,,,,,,,327.93286683398765,327.9411817920045,328.9311718340032,328.9311718340032,328.9311718340032,329.00481137499446,329.00481137499446,329.00481137499446,330.60704687499674,z,2.655265084002167,None,330.6071517090022,330.60719241699553,None,,,,,,,,,,,,21040099,1,2026-01-08_12h24.15.625,tilt_mocs,2024.2.4,120.82547964695175,2026-01-08 12h24.34.223250 -0500,
-6,-15.0,,60,60,0,,,,,100,0,,,,,c-6,negs,1.25,z,1.7961883340030909,None,None,,,,,,,,,,,0,60,60,327,330.6178302500048,,,,,,,,,,,,,,,,,,,,,,,,,,,,,,,,,,,,,,,,,,,,,,,,,,,,,,,,,,,,,,,,,,,,,,330.6091767500038,330.6178302500048,331.8544107500056,331.8544107500056,331.8544107500056,331.9265126249811,331.9265126249811,331.9265126249811,332.42427920899354,z,1.7961883340030909,None,332.42442391699296,332.4244805419876,None,,,,,,,,,,,,21040099,1,2026-01-08_12h24.15.625,tilt_mocs,2024.2.4,120.82547964695175,2026-01-08 12h24.34.223250 -0500,
2,15.0,,61,61,0,,,,,100,0,,,,,c+2,poss,0.75,period,1.2932106250082143,None,None,,,,,,,,,,,0,61,61,102,332.4357212089817,,,,,,,,,,,,,,,,,,,,,,,,,,,,,,,,,,,,,,,,,,,,,,,,,,,,,,,,,,,,,,,,,,,,,,332.42682637498365,332.4357212089817,333.1711145839945,333.1711145839945,333.1711145839945,333.24322174998815,333.24322174998815,333.24322174998815,333.7412868340034,period,1.2932106250082143,None,333.7414365840086,333.7414923750039,None,,,,,,,,,,,,21040099,1,2026-01-08_12h24.15.625,tilt_mocs,2024.2.4,120.82547964695175,2026-01-08 12h24.34.223250 -0500,
-2,0.0,,62,62,0,,,,,0,100,,,,,c-2,noss,1.25,z,1.9123635420110077,None,None,,,,,,,,,,,0,62,62,582,333.75275970899384,,,,,,,,,,,,,,,,,,,,,,,,,,,,,,,,,,,,,,,,,,,,,,,,,,,,,,,,,,,,,,,,,,,,,,333.7440868339909,333.75275970899384,334.98799495899584,334.98799495899584,334.98799495899584,335.0600423339929,335.0600423339929,335.0600423339929,335.67407562499284,z,1.9123635420110077,None,335.67423429200426,335.6742890839814,None,,,,,,,,,,,,21040099,1,2026-01-08_12h24.15.625,tilt_mocs,2024.2.4,120.82547964695175,2026-01-08 12h24.34.223250 -0500,
-2,-15.0,,63,63,0,,,,,100,0,,,,,c-2,negs,1.25,period,1.7535267079947516,None,None,,,,,,,,,,,0,63,63,418,335.68594987498363,,,,,,,,,,,,,,,,,,,,,,,,,,,,,,,,,,,,,,,,,,,,,,,,,,,,,,,,,,,,,,,,,,,,,,335.6770269589906,335.68594987498363,336.9212521669979,336.9212521669979,336.9212521669979,336.9932470000058,336.9932470000058,336.9932470000058,337.45170937498915,period,1.7535267079947516,None,337.4518156670092,337.4518596249982,None,,,,,,,,,,,,21040099,1,2026-01-08_12h24.15.625,tilt_mocs,2024.2.4,120.82547964695175,2026-01-08 12h24.34.223250 -0500,
6,15.0,,64,64,0,,,,,100,0,,,,,c+6,poss,0.5,period,0.8862554579973221,None,None,,,,,,,,,,,0,64,64,172,337.45835979198455,,,,,,,,,,,,,,,,,,,,,,,,,,,,,,,,,,,,,,,,,,,,,,,,,,,,,,,,,,,,,,,,,,,,,,337.45386924999184,337.45835979198455,337.94835449999664,337.94835449999664,337.94835449999664,338.02171887498116,338.02171887498116,338.02171887498116,338.3477496249834,period,0.8862554579973221,None,338.34790108399466,338.34798470899113,None,,,,,,,,,,,,21040099,1,2026-01-08_12h24.15.625,tilt_mocs,2024.2.4,120.82547964695175,2026-01-08 12h24.34.223250 -0500,
-4,-15.0,,65,65,0,,,,,100,0,,,,,c-4,negs,0.5,period,0.9541175840131473,None,None,,,,,,,,,,,0,65,65,342,338.35856833399157,,,,,,,,,,,,,,,,,,,,,,,,,,,,,,,,,,,,,,,,,,,,,,,,,,,,,,,,,,,,,,,,,,,,,,338.3502381249855,338.35856833399157,338.8471713750041,338.8471713750041,338.8471713750041,338.92184075000114,338.92184075000114,338.92184075000114,339.32415166698047,period,0.9541175840131473,None,339.324322542001,339.32439979200717,None,,,,,,,,,,,,21040099,1,2026-01-08_12h24.15.625,tilt_mocs,2024.2.4,120.82547964695175,2026-01-08 12h24.34.223250 -0500,
0,-15.0,,66,66,0,,,,,100,0,,,,,c+0,negs,1.0,period,1.4689965839788783,None,None,,,,,,,,,,,0,66,66,447,339.3366397089849,,,,,,,,,,,,,,,,,,,,,,,,,,,,,,,,,,,,,,,,,,,,,,,,,,,,,,,,,,,,,,,,,,,,,,339.32745295899804,339.3366397089849,340.3203952089825,340.3203952089825,340.3203952089825,340.3935504590045,340.3935504590045,340.3935504590045,340.8085751670005,period,1.4689965839788783,None,340.80872008399456,340.80877474998124,None,,,,,,,,,,,,21040099,1,2026-01-08_12h24.15.625,tilt_mocs,2024.2.4,120.82547964695175,2026-01-08 12h24.34.223250 -0500,
0,15.0,,67,67,0,,,,,100,0,,,,,c+0,poss,1.25,z,1.7735573329846375,None,None,,,,,,,,,,,0,67,67,79,340.8196960419882,,,,,,,,,,,,,,,,,,,,,,,,,,,,,,,,,,,,,,,,,,,,,,,,,,,,,,,,,,,,,,,,,,,,,,340.8111493749893,340.8196960419882,342.05480949999765,342.05480949999765,342.05480949999765,342.1272595420014,342.1272595420014,342.1272595420014,342.5965212089941,z,1.7735573329846375,None,342.59657358398545,342.59659245898365,None,,,,,,,,,,,,21040099,1,2026-01-08_12h24.15.625,tilt_mocs,2024.2.4,120.82547964695175,2026-01-08 12h24.34.223250 -0500,
8,15.0,,68,68,0,,,,,100,0,,,,,c+8,poss,0.75,z,1.670672915992327,None,None,,,,,,,,,,,0,68,68,222,342.60400570899947,,,,,,,,,,,,,,,,,,,,,,,,,,,,,,,,,,,,,,,,,,,,,,,,,,,,,,,,,,,,,,,,,,,,,,342.59747370900004,342.60400570899947,343.3477242499939,343.3477242499939,343.3477242499939,343.42206666700076,343.42206666700076,343.42206666700076,344.2778290839924,z,1.670672915992327,None,344.2778716250032,344.2778934999951,None,,,,,,,,,,,,21040099,1,2026-01-08_12h24.15.625,tilt_mocs,2024.2.4,120.82547964695175,2026-01-08 12h24.34.223250 -0500,
0,15.0,,69,69,0,,,,,100,0,,,,,c+0,poss,0.75,z,1.2675898750021588,None,None,,,,,,,,,,,0,69,69,61,344.2880350839987,,,,,,,,,,,,,,,,,,,,,,,,,,,,,,,,,,,,,,,,,,,,,,,,,,,,,,,,,,,,,,,,,,,,,,344.27859566698316,344.2880350839987,345.02151708400925,345.02151708400925,345.02151708400925,345.09328579198336,345.09328579198336,345.09328579198336,345.5581552090007,z,1.2675898750021588,None,345.55831212500925,345.5583685419988,None,,,,,,,,,,,,21040099,1,2026-01-08_12h24.15.625,tilt_mocs,2024.2.4,120.82547964695175,2026-01-08 12h24.34.223250 -0500,
0,0.0,,70,70,0,,,,,0,100,,,,,c+0,noss,0.5,period,0.9155388329818379,None,None,,,,,,,,,,,0,70,70,591,345.56985599998734,,,,,,,,,,,,,,,,,,,,,,,,,,,,,,,,,,,,,,,,,,,,,,,,,,,,,,,,,,,,,,,,,,,,,,345.5609303340025,345.56985599998734,346.0549482500064,346.0549482500064,346.0549482500064,346.12576208400424,346.12576208400424,346.12576208400424,346.4916549169866,period,0.9155388329818379,None,346.49180308400537,346.4918820419989,None,,,,,,,,,,,,21040099,1,2026-01-08_12h24.15.625,tilt_mocs,2024.2.4,120.82547964695175,2026-01-08 12h24.34.223250 -0500,
2,0.0,,71,71,0,,,,,0,100,,,,,c+2,noss,0.5,z,1.3561337499995716,None,None,,,,,,,,,,,0,71,71,639,346.50379079199047,,,,,,,,,,,,,,,,,,,,,,,,,,,,,,,,,,,,,,,,,,,,,,,,,,,,,,,,,,,,,,,,,,,,,,346.4944832919864,346.50379079199047,346.98824366700137,346.98824366700137,346.98824366700137,347.06066987500526,347.06066987500526,347.06066987500526,347.86420374998124,z,1.3561337499995716,None,347.8643019589945,347.8643430839875,None,,,,,,,,,,,,21040099,1,2026-01-08_12h24.15.625,tilt_mocs,2024.2.4,120.82547964695175,2026-01-08 12h24.34.223250 -0500,
-4,-15.0,,72,72,0,,,,,100,0,,,,,c-4,negs,0.75,period,1.3416172500001267,None,None,,,,,,,,,,,0,72,72,351,347.8744135419838,,,,,,,,,,,,,,,,,,,,,,,,,,,,,,,,,,,,,,,,,,,,,,,,,,,,,,,,,,,,,,,,,,,,,,347.86633745898143,347.8744135419838,348.6142646250082,348.6142646250082,348.6142646250082,348.6889103339927,348.6889103339927,348.6889103339927,349.22507212500204,period,1.3416172500001267,None,349.2252359999984,349.2252905839996,None,,,,,,,,,,,,21040099,1,2026-01-08_12h24.15.625,tilt_mocs,2024.2.4,120.82547964695175,2026-01-08 12h24.34.223250 -0500,
4,15.0,,73,73,0,,,,,100,0,,,,,c+4,poss,0.5,z,1.3372264159843326,None,None,,,,,,,,,,,0,73,73,128,349.23651558399433,,,,,,,,,,,,,,,,,,,,,,,,,,,,,,,,,,,,,,,,,,,,,,,,,,,,,,,,,,,,,,,,,,,,,,349.2278785840026,349.23651558399433,349.721792833996,349.721792833996,349.721792833996,349.7939958339848,349.7939958339848,349.7939958339848,350.58078366698464,z,1.3372264159843326,None,350.5809069169918,350.58095924998634,None,,,,,,,,,,,,21040099,1,2026-01-08_12h24.15.625,tilt_mocs,2024.2.4,120.82547964695175,2026-01-08 12h24.34.223250 -0500,
8,15.0,,74,74,0,,,,,100,0,,,,,c+8,poss,1.0,period,1.4609004580124747,None,None,,,,,,,,,,,0,74,74,236,350.5915330419957,,,,,,,,,,,,,,,,,,,,,,,,,,,,,,,,,,,,,,,,,,,,,,,,,,,,,,,,,,,,,,,,,,,,,,350.5832309589896,350.5915330419957,351.5807729999942,351.5807729999942,351.5807729999942,351.655665667,351.655665667,351.655665667,352.0577288749919,period,1.4609004580124747,None,352.05785883398494,352.0579117919842,None,,,,,,,,,,,,21040099,1,2026-01-08_12h24.15.625,tilt_mocs,2024.2.4,120.82547964695175,2026-01-08 12h24.34.223250 -0500,
2,15.0,,75,75,0,,,,,100,0,,,,,c+2,poss,0.5,z,1.2195153330103494,None,None,,,,,,,,,,,0,75,75,89,352.0692328749865,,,,,,,,,,,,,,,,,,,,,,,,,,,,,,,,,,,,,,,,,,,,,,,,,,,,,,,,,,,,,,,,,,,,,,352.0604449590028,352.0692328749865,352.5553156249807,352.5553156249807,352.5553156249807,352.62727895900025,352.62727895900025,352.62727895900025,353.29119541699765,z,1.2195153330103494,None,353.2913045419846,353.29134729198995,None,,,,,,,,,,,,21040099,1,2026-01-08_12h24.15.625,tilt_mocs,2024.2.4,120.82547964695175,2026-01-08 12h24.34.223250 -0500,
-4,-15.0,,76,76,0,,,,,100,0,,,,,c-4,negs,0.75,z,1.4802090000011958,None,None,,,,,,,,,,,0,76,76,356,353.3021625840047,,,,,,,,,,,,,,,,,,,,,,,,,,,,,,,,,,,,,,,,,,,,,,,,,,,,,,,,,,,,,,,,,,,,,,353.2933302919846,353.3021625840047,354.03777933400124,354.03777933400124,354.03777933400124,354.11068033400807,354.11068033400807,354.11068033400807,354.7913735419861,z,1.4802090000011958,None,354.79152795899427,354.79159058400546,None,,,,,,,,,,,,21040099,1,2026-01-08_12h24.15.625,tilt_mocs,2024.2.4,120.82547964695175,2026-01-08 12h24.34.223250 -0500,
2,0.0,,77,77,0,,,,,0,100,,,,,c+2,noss,0.75,period,1.3205970420094673,None,None,,,,,,,,,,,0,77,77,647,354.8040170419845,,,,,,,,,,,,,,,,,,,,,,,,,,,,,,,,,,,,,,,,,,,,,,,,,,,,,,,,,,,,,,,,,,,,,,354.7946708749805,354.8040170419845,355.538599624997,355.538599624997,355.538599624997,355.6115000419959,355.6115000419959,355.6115000419959,356.13104912498966,period,1.3205970420094673,None,356.13118204200873,356.13123537498177,None,,,,,,,,,,,,21040099,1,2026-01-08_12h24.15.625,tilt_mocs,2024.2.4,120.82547964695175,2026-01-08 12h24.34.223250 -0500,
4,15.0,,78,78,0,,,,,100,0,,,,,c+4,poss,0.5,z,1.1903236669895705,None,None,,,,,,,,,,,0,78,78,126,356.14196591699147,,,,,,,,,,,,,,,,,,,,,,,,,,,,,,,,,,,,,,,,,,,,,,,,,,,,,,,,,,,,,,,,,,,,,,356.1337312499818,356.14196591699147,356.63169141698745,356.63169141698745,356.63169141698745,356.7059401249862,356.7059401249862,356.7059401249862,357.3414460000058,z,1.1903236669895705,None,357.3416340420081,357.3416909590014,None,,,,,,,,,,,,21040099,1,2026-01-08_12h24.15.625,tilt_mocs,2024.2.4,120.82547964695175,2026-01-08 12h24.34.223250 -0500,
0,0.0,,79,79,0,,,,,0,100,,,,,c+0,noss,1.25,period,1.8984922080126125,None,None,,,,,,,,,,,0,79,79,627,357.3532098339929,,,,,,,,,,,,,,,,,,,,,,,,,,,,,,,,,,,,,,,,,,,,,,,,,,,,,,,,,,,,,,,,,,,,,,357.34435345898964,357.3532098339929,358.58876379198045,358.58876379198045,358.58876379198045,358.6609083339863,358.6609083339863,358.6609083339863,359.25811483399593,period,1.8984922080126125,None,359.25821833399823,359.25826004199916,None,,,,,,,,,,,,21040099,1,2026-01-08_12h24.15.625,tilt_mocs,2024.2.4,120.82547964695175,2026-01-08 12h24.34.223250 -0500,
8,15.0,,80,80,0,,,,,100,0,,,,,c+8,poss,0.5,period,1.0497075839957688,None,None,,,,,,,,,,,0,80,80,215,359.26883029198507,,,,,,,,,,,,,,,,,,,,,,,,,,,,,,,,,,,,,,,,,,,,,,,,,,,,,,,,,,,,,,,,,,,,,,359.2601859169954,359.26883029198507,359.7553387089865,359.7553387089865,359.7553387089865,359.8279987919959,359.8279987919959,359.8279987919959,360.32468704198254,period,1.0497075839957688,None,360.3247933749808,360.32483770899125,None,,,,,,,,,,,,21040099,1,2026-01-08_12h24.15.625,tilt_mocs,2024.2.4,120.82547964695175,2026-01-08 12h24.34.223250 -0500,
-8,-15.0,,81,81,0,,,,,100,0,,,,,c-8,negs,0.75,z,1.3883244580065366,None,None,,,,,,,,,,,0,81,81,271,360.3356226249889,,,,,,,,,,,,,,,,,,,,,,,,,,,,,,,,,,,,,,,,,,,,,,,,,,,,,,,,,,,,,,,,,,,,,,360.32682499999646,360.3356226249889,361.07207762499456,361.07207762499456,361.07207762499456,361.14403925000806,361.14403925000806,361.14403925000806,361.7359438749845,z,1.3883244580065366,None,361.7360475419846,361.73609116699663,None,,,,,,,,,,,,21040099,1,2026-01-08_12h24.15.625,tilt_mocs,2024.2.4,120.82547964695175,2026-01-08 12h24.34.223250 -0500,
-4,-15.0,,82,82,0,,,,,100,0,,,,,c-4,negs,1.0,z,1.7344530000118539,None,None,,,,,,,,,,,0,82,82,359,361.74254187499173,,,,,,,,,,,,,,,,,,,,,,,,,,,,,,,,,,,,,,,,,,,,,,,,,,,,,,,,,,,,,,,,,,,,,,361.7381201669923,361.74254187499173,362.73097137498553,362.73097137498553,362.73097137498553,362.80601966698305,362.80601966698305,362.80601966698305,363.48168283398263,z,1.7344530000118539,None,363.4818203749892,363.4818743339856,None,,,,,,,,,,,,21040099,1,2026-01-08_12h24.15.625,tilt_mocs,2024.2.4,120.82547964695175,2026-01-08 12h24.34.223250 -0500,
-2,15.0,,83,83,0,,,,,100,0,,,,,c-2,poss,0.5,z,4.273230124992551,None,None,,,,,,,,,,,0,83,83,0,363.49263749999227,,,,,,,,,,,,,,,,,,,,,,,,,,,,,,,,,,,,,,,,,,,,,,,,,,,,,,,,,,,,,,,,,,,,,,363.4843837090011,363.49263749999227,363.98142604198074,363.98142604198074,363.98142604198074,364.0560652499844,364.0560652499844,364.0560652499844,367.77491208398715,z,4.273230124992551,None,367.7750374589814,367.7750897500082,None,,,,,,,,,,,,21040099,1,2026-01-08_12h24.15.625,tilt_mocs,2024.2.4,120.82547964695175,2026-01-08 12h24.34.223250 -0500,
0,0.0,,84,84,0,,,,,0,100,,,,,c+0,noss,0.75,z,1.4095947910100222,None,None,,,,,,,,,,,0,84,84,606,367.7861103749892,,,,,,,,,,,,,,,,,,,,,,,,,,,,,,,,,,,,,,,,,,,,,,,,,,,,,,,,,,,,,,,,,,,,,,367.7775524999888,367.7861103749892,368.52236016700044,368.52236016700044,368.52236016700044,368.5945870419964,368.5945870419964,368.5945870419964,369.206795584003,z,1.4095947910100222,None,369.20690241700504,369.206962708995,None,,,,,,,,,,,,21040099,1,2026-01-08_12h24.15.625,tilt_mocs,2024.2.4,120.82547964695175,2026-01-08 12h24.34.223250 -0500,
6,15.0,,85,85,0,,,,,100,0,,,,,c+6,poss,1.25,z,1.8657797909982037,None,None,,,,,,,,,,,0,85,85,206,369.2140859999927,,,,,,,,,,,,,,,,,,,,,,,,,,,,,,,,,,,,,,,,,,,,,,,,,,,,,,,,,,,,,,,,,,,,,,369.2089427500032,369.2140859999927,370.4484181669832,370.4484181669832,370.4484181669832,370.5230429589865,370.5230429589865,370.5230429589865,371.1072269169963,z,1.8657797909982037,None,371.107353333995,371.10740645899205,None,,,,,,,,,,,,21040099,1,2026-01-08_12h24.15.625,tilt_mocs,2024.2.4,120.82547964695175,2026-01-08 12h24.34.223250 -0500,
8,15.0,,86,86,0,,,,,100,0,,,,,c+8,poss,0.5,z,1.5280602499842644,None,None,,,,,,,,,,,0,86,86,210,371.12305691698566,,,,,,,,,,,,,,,,,,,,,,,,,,,,,,,,,,,,,,,,,,,,,,,,,,,,,,,,,,,,,,,,,,,,,,371.1096849589958,371.12305691698566,371.5984059170005,371.5984059170005,371.5984059170005,371.67302266700426,371.67302266700426,371.67302266700426,372.6584258750081,z,1.5280602499842644,None,372.6585550419986,372.6586088339973,None,,,,,,,,,,,,21040099,1,2026-01-08_12h24.15.625,tilt_mocs,2024.2.4,120.82547964695175,2026-01-08 12h24.34.223250 -0500,
4,0.0,,87,87,0,,,,,0,100,,,,,c+4,noss,0.5,period,1.1657759590016212,None,None,,,,,,,,,,,0,87,87,673,372.66924066698994,,,,,,,,,,,,,,,,,,,,,,,,,,,,,,,,,,,,,,,,,,,,,,,,,,,,,,,,,,,,,,,,,,,,,,372.6606510419806,372.66924066698994,373.15587591700023,373.15587591700023,373.15587591700023,373.2278967500024,373.2278967500024,373.2278967500024,373.8418559169804,period,1.1657759590016212,None,373.84196454199264,373.84201349999057,None,,,,,,,,,,,,21040099,1,2026-01-08_12h24.15.625,tilt_mocs,2024.2.4,120.82547964695175,2026-01-08 12h24.34.223250 -0500,
-6,-15.0,,88,88,0,,,,,100,0,,,,,c-6,negs,1.25,z,1.8464554590173066,None,None,,,,,,,,,,,0,88,88,334,373.8526246249967,,,,,,,,,,,,,,,,,,,,,,,,,,,,,,,,,,,,,,,,,,,,,,,,,,,,,,,,,,,,,,,,,,,,,,373.8439811669814,373.8526246249967,375.0893341669871,375.0893341669871,375.0893341669871,375.1622126669972,375.1622126669972,375.1622126669972,375.7096989589918,z,1.8464554590173066,None,375.709856417001,375.70991458400385,None,,,,,,,,,,,,21040099,1,2026-01-08_12h24.15.625,tilt_mocs,2024.2.4,120.82547964695175,2026-01-08 12h24.34.223250 -0500,
-8,-15.0,,89,89,0,,,,,100,0,,,,,c-8,negs,1.0,z,1.4889754169853404,None,None,,,,,,,,,,,0,89,89,275,375.7218182919896,,,,,,,,,,,,,,,,,,,,,,,,,,,,,,,,,,,,,,,,,,,,,,,,,,,,,,,,,,,,,,,,,,,,,,375.712580041989,375.7218182919896,376.7061179589946,376.7061179589946,376.7061179589946,376.7785832500085,376.7785832500085,376.7785832500085,377.2147839999816,z,1.4889754169853404,None,377.2148861250025,377.21492804199806,None,,,,,,,,,,,,21040099,1,2026-01-08_12h24.15.625,tilt_mocs,2024.2.4,120.82547964695175,2026-01-08 12h24.34.223250 -0500,
4,15.0,,90,90,0,,,,,100,0,,,,,c+4,poss,1.25,z,1.6476847500016447,None,None,,,,,,,,,,,0,90,90,163,377.2257537920086,,,,,,,,,,,,,,,,,,,,,,,,,,,,,,,,,,,,,,,,,,,,,,,,,,,,,,,,,,,,,,,,,,,,,,377.21687366699916,377.2257537920086,378.46635512498324,378.46635512498324,378.46635512498324,378.53993345898925,378.53993345898925,378.53993345898925,378.87632370900246,z,1.6476847500016447,None,378.8764672499965,378.8765228749835,None,,,,,,,,,,,,21040099,1,2026-01-08_12h24.15.625,tilt_mocs,2024.2.4,120.82547964695175,2026-01-08 12h24.34.223250 -0500,
2,0.0,,91,91,0,,,,,0,100,,,,,c+2,noss,0.5,z,0.9192094999889378,None,None,,,,,,,,,,,0,91,91,638,378.8878776250058,,,,,,,,,,,,,,,,,,,,,,,,,,,,,,,,,,,,,,,,,,,,,,,,,,,,,,,,,,,,,,,,,,,,,,378.8789581669844,378.8878776250058,379.37273312499747,379.37273312499747,379.37273312499747,379.44498458399903,379.44498458399903,379.44498458399903,379.8098379999865,z,0.9192094999889378,None,379.810003666993,379.81006883399095,None,,,,,,,,,,,,21040099,1,2026-01-08_12h24.15.625,tilt_mocs,2024.2.4,120.82547964695175,2026-01-08 12h24.34.223250 -0500,
-6,-15.0,,92,92,0,,,,,100,0,,,,,c-6,negs,0.75,z,1.5040148330153897,None,None,,,,,,,,,,,0,92,92,309,379.82207420899067,,,,,,,,,,,,,,,,,,,,,,,,,,,,,,,,,,,,,,,,,,,,,,,,,,,,,,,,,,,,,,,,,,,,,,379.8130796669866,379.82207420899067,380.5561498749885,380.5561498749885,380.5561498749885,380.6282389170083,380.6282389170083,380.6282389170083,381.3304840839992,z,1.5040148330153897,None,381.33058516698657,381.3306285419967,None,,,,,,,,,,,,21040099,1,2026-01-08_12h24.15.625,tilt_mocs,2024.2.4,120.82547964695175,2026-01-08 12h24.34.223250 -0500,
-4,0.0,,93,93,0,,,,,0,100,,,,,c-4,noss,0.5,z,0.8659679589909501,None,None,,,,,,,,,,,0,93,93,504,381.3416234589822,,,,,,,,,,,,,,,,,,,,,,,,,,,,,,,,,,,,,,,,,,,,,,,,,,,,,,,,,,,,,,,,,,,,,,381.33266091698897,381.3416234589822,381.8325069590064,381.8325069590064,381.8325069590064,381.90673600000446,381.90673600000446,381.90673600000446,382.2194733340002,z,0.8659679589909501,None,382.2195770420076,382.2196193749842,None,,,,,,,,,,,,21040099,1,2026-01-08_12h24.15.625,tilt_mocs,2024.2.4,120.82547964695175,2026-01-08 12h24.34.223250 -0500,
2,0.0,,94,94,0,,,,,0,100,,,,,c+2,noss,0.5,period,1.047473499987973,None,None,,,,,,,,,,,0,94,94,637,382.22607358399546,,,,,,,,,,,,,,,,,,,,,,,,,,,,,,,,,,,,,,,,,,,,,,,,,,,,,,,,,,,,,,,,,,,,,,382.22165995900286,382.22607358399546,382.7155501669913,382.7155501669913,382.7155501669913,382.7900022499962,382.7900022499962,382.7900022499962,383.27622458399856,period,1.047473499987973,None,383.2763908749912,383.2764394590049,None,,,,,,,,,,,,21040099,1,2026-01-08_12h24.15.625,tilt_mocs,2024.2.4,120.82547964695175,2026-01-08 12h24.34.223250 -0500,
-4,-15.0,,95,95,0,,,,,100,0,,,,,c-4,negs,1.0,z,1.5871174590138253,None,None,,,,,,,,,,,0,95,95,367,383.28826166698127,,,,,,,,,,,,,,,,,,,,,,,,,,,,,,,,,,,,,,,,,,,,,,,,,,,,,,,,,,,,,,,,,,,,,,383.2792451669811,383.28826166698127,384.27292008398217,384.27292008398217,384.27292008398217,384.345756374998,384.345756374998,384.345756374998,384.8819195840042,z,1.5871174590138253,None,384.8820477919944,384.8821002499899,None,,,,,,,,,,,,21040099,1,2026-01-08_12h24.15.625,tilt_mocs,2024.2.4,120.82547964695175,2026-01-08 12h24.34.223250 -0500,
4,15.0,,96,96,0,,,,,100,0,,,,,c+4,poss,1.25,z,1.747312207997311,None,None,,,,,,,,,,,0,96,96,161,384.8928968749824,,,,,,,,,,,,,,,,,,,,,,,,,,,,,,,,,,,,,,,,,,,,,,,,,,,,,,,,,,,,,,,,,,,,,,384.88443820900284,384.8928968749824,386.1325522919942,386.1325522919942,386.1325522919942,386.20685670900275,386.20685670900275,386.20685670900275,386.64313449998735,z,1.747312207997311,None,386.6432814169966,386.643338208989,None,,,,,,,,,,,,21040099,1,2026-01-08_12h24.15.625,tilt_mocs,2024.2.4,120.82547964695175,2026-01-08 12h24.34.223250 -0500,
-2,-15.0,,97,97,0,,,,,100,0,,,,,c-2,negs,0.75,z,1.3029364999965765,None,None,,,,,,,,,,,0,97,97,396,386.65449049999006,,,,,,,,,,,,,,,,,,,,,,,,,,,,,,,,,,,,,,,,,,,,,,,,,,,,,,,,,,,,,,,,,,,,,,386.64551970898174,386.65449049999006,387.3898869169934,387.3898869169934,387.3898869169934,387.46203695898294,387.46203695898294,387.46203695898294,387.96041470899945,z,1.3029364999965765,None,387.96057695898344,387.96063791698543,None,,,,,,,,,,,,21040099,1,2026-01-08_12h24.15.625,tilt_mocs,2024.2.4,120.82547964695175,2026-01-08 12h24.34.223250 -0500,
0,15.0,,98,98,0,,,,,100,0,,,,,c+0,poss,1.0,z,1.3893264169746544,None,None,,,,,,,,,,,0,98,98,66,387.9712414999958,,,,,,,,,,,,,,,,,,,,,,,,,,,,,,,,,,,,,,,,,,,,,,,,,,,,,,,,,,,,,,,,,,,,,,387.9627854169812,387.9712414999958,388.9567937089887,388.9567937089887,388.9567937089887,389.02856391700334,389.02856391700334,389.02856391700334,389.36506399998325,z,1.3893264169746544,None,389.3651985419856,389.3652542089985,None,,,,,,,,,,,,21040099,1,2026-01-08_12h24.15.625,tilt_mocs,2024.2.4,120.82547964695175,2026-01-08 12h24.34.223250 -0500,
0,-15.0,,99,99,0,,,,,100,0,,,,,c+0,negs,1.25,period,2.015282665990526,None,None,,,,,,,,,,,0,99,99,460,389.37610925000627,,,,,,,,,,,,,,,,,,,,,,,,,,,,,,,,,,,,,,,,,,,,,,,,,,,,,,,,,,,,,,,,,,,,,,389.36747708398616,389.37610925000627,390.61642674999894,390.61642674999894,390.61642674999894,390.690344208997,390.690344208997,390.690344208997,391.4034185000055,period,2.015282665990526,None,391.4035401669971,391.40358424998703,None,,,,,,,,,,,,21040099,1,2026-01-08_12h24.15.625,tilt_mocs,2024.2.4,120.82547964695175,2026-01-08 12h24.34.223250 -0500,
-2,-15.0,,100,100,0,,,,,100,0,,,,,c-2,negs,0.5,z,1.0882794170174748,None,None,,,,,,,,,,,0,100,100,388,391.40991699998267,,,,,,,,,,,,,,,,,,,,,,,,,,,,,,,,,,,,,,,,,,,,,,,,,,,,,,,,,,,,,,,,,,,,,,391.40554179198807,391.40991699998267,391.8991550419887,391.8991550419887,391.8991550419887,391.9738398339832,391.9738398339832,391.9738398339832,392.5099298339919,z,1.0882794170174748,None,392.51007670900435,392.51013554199017,None,,,,,,,,,,,,21040099,1,2026-01-08_12h24.15.625,tilt_mocs,2024.2.4,120.82547964695175,2026-01-08 12h24.34.223250 -0500,
0,15.0,,101,101,0,,,,,100,0,,,,,c+0,poss,1.0,z,1.4693051670037676,None,None,,,,,,,,,,,0,101,101,69,392.52146195899695,,,,,,,,,,,,,,,,,,,,,,,,,,,,,,,,,,,,,,,,,,,,,,,,,,,,,,,,,,,,,,,,,,,,,,392.51250720900134,392.52146195899695,393.5066144169832,393.5066144169832,393.5066144169832,393.57878054198227,393.57878054198227,393.57878054198227,393.9933376669942,z,1.4693051670037676,None,393.99347970899544,393.99353416700615,None,,,,,,,,,,,,21040099,1,2026-01-08_12h24.15.625,tilt_mocs,2024.2.4,120.82547964695175,2026-01-08 12h24.34.223250 -0500,
0,-15.0,,102,102,0,,,,,100,0,,,,,c+0,negs,0.5,z,1.0728987499896903,None,None,,,,,,,,,,,0,102,102,427,394.0049435420078,,,,,,,,,,,,,,,,,,,,,,,,,,,,,,,,,,,,,,,,,,,,,,,,,,,,,,,,,,,,,,,,,,,,,,393.9959539170086,394.0049435420078,394.4900653749937,394.4900653749937,394.4900653749937,394.5618588340003,394.5618588340003,394.5618588340003,395.0822137919895,z,1.0728987499896903,None,395.08233333399403,395.0823846249841,None,,,,,,,,,,,,21040099,1,2026-01-08_12h24.15.625,tilt_mocs,2024.2.4,120.82547964695175,2026-01-08 12h24.34.223250 -0500,
8,15.0,,103,103,0,,,,,100,0,,,,,c+8,poss,0.5,period,0.36808829198707826,None,None,,,,,,,,,,,0,103,103,220,395.09317424998153,,,,,,,,,,,,,,,,,,,,,,,,,,,,,,,,,,,,,,,,,,,,,,,,,,,,,,,,,,,,,,,,,,,,,,395.0846447919903,395.09317424998153,,,,,,,395.46470841698465,period,0.36808829198707826,None,395.4648579589848,395.4649194999947,None,,,,,,,,,,,,21040099,1,2026-01-08_12h24.15.625,tilt_mocs,2024.2.4,120.82547964695175,2026-01-08 12h24.34.223250 -0500,
6,15.0,,104,104,0,,,,,100,0,,,,,c+6,poss,1.25,period,1.8358921250037383,None,None,,,,,,,,,,,0,104,104,203,395.476731792005,,,,,,,,,,,,,,,,,,,,,,,,,,,,,,,,,,,,,,,,,,,,,,,,,,,,,,,,,,,,,,,,,,,,,,395.4686247500067,395.476731792005,396.71636645900435,396.71636645900435,396.71636645900435,396.7906205839827,396.7906205839827,396.7906205839827,397.31638216698775,period,1.8358921250037383,None,397.31652820899035,397.31658124999376,None,,,,,,,,,,,,21040099,1,2026-01-08_12h24.15.625,tilt_mocs,2024.2.4,120.82547964695175,2026-01-08 12h24.34.223250 -0500,
-4,0.0,,105,105,0,,,,,0,100,,,,,c-4,noss,0.5,z,1.033247792016482,None,None,,,,,,,,,,,0,105,105,511,397.32700004198705,,,,,,,,,,,,,,,,,,,,,,,,,,,,,,,,,,,,,,,,,,,,,,,,,,,,,,,,,,,,,,,,,,,,,,397.3188447089924,397.32700004198705,397.8160055000044,397.8160055000044,397.8160055000044,397.89060495898593,397.89060495898593,397.89060495898593,398.3635114589997,z,1.033247792016482,None,398.36360808400786,398.3636495840037,None,,,,,,,,,,,,21040099,1,2026-01-08_12h24.15.625,tilt_mocs,2024.2.4,120.82547964695175,2026-01-08 12h24.34.223250 -0500,
-2,-15.0,,106,106,0,,,,,100,0,,,,,c-2,negs,1.25,period,1.914725583017571,None,None,,,,,,,,,,,0,106,106,411,398.39034462498967,,,,,,,,,,,,,,,,,,,,,,,,,,,,,,,,,,,,,,,,,,,,,,,,,,,,,,,,,,,,,,,,,,,,,,398.36559241698706,398.39034462498967,399.6064581249957,399.6064581249957,399.6064581249957,399.6790901249915,399.6790901249915,399.6790901249915,400.3095439169847,period,1.914725583017571,None,400.3096459590015,400.30968716699863,None,,,,,,,,,,,,21040099,1,2026-01-08_12h24.15.625,tilt_mocs,2024.2.4,120.82547964695175,2026-01-08 12h24.34.223250 -0500,
-4,-15.0,,107,107,0,,,,,100,0,,,,,c-4,negs,1.25,z,1.742258165992098,None,None,,,,,,,,,,,0,107,107,371,400.3204566249915,,,,,,,,,,,,,,,,,,,,,,,,,,,,,,,,,,,,,,,,,,,,,,,,,,,,,,,,,,,,,,,,,,,,,,400.3116281669936,400.3204566249915,401.5569152919925,401.5569152919925,401.5569152919925,401.6284411670058,401.6284411670058,401.6284411670058,402.0654388339899,z,1.742258165992098,None,402.0655926250038,402.06564620899735,None,,,,,,,,,,,,21040099,1,2026-01-08_12h24.15.625,tilt_mocs,2024.2.4,120.82547964695175,2026-01-08 12h24.34.223250 -0500,
-6,-15.0,,108,108,0,,,,,100,0,,,,,c-6,negs,0.5,period,1.0351863329997286,None,None,,,,,,,,,,,0,108,108,294,402.07660608398146,,,,,,,,,,,,,,,,,,,,,,,,,,,,,,,,,,,,,,,,,,,,,,,,,,,,,,,,,,,,,,,,,,,,,,402.0676683339989,402.07660608398146,402.56589029199677,402.56589029199677,402.56589029199677,402.6408941670088,402.6408941670088,402.6408941670088,403.1144452090084,period,1.0351863329997286,None,403.11456625000574,403.1146174999885,None,,,,,,,,,,,,21040099,1,2026-01-08_12h24.15.625,tilt_mocs,2024.2.4,120.82547964695175,2026-01-08 12h24.34.223250 -0500,
-4,0.0,,109,109,0,,,,,0,100,,,,,c-4,noss,0.75,z,1.3492519579885993,None,None,,,,,,,,,,,0,109,109,524,403.12561024999013,,,,,,,,,,,,,,,,,,,,,,,,,,,,,,,,,,,,,,,,,,,,,,,,,,,,,,,,,,,,,,,,,,,,,,403.11653604198364,403.12561024999013,403.8657857090002,403.8657857090002,403.8657857090002,403.9407638749981,403.9407638749981,403.9407638749981,404.4780365419865,z,1.3492519579885993,None,404.478190541995,404.4782493340026,None,,,,,,,,,,,,21040099,1,2026-01-08_12h24.15.625,tilt_mocs,2024.2.4,120.82547964695175,2026-01-08 12h24.34.223250 -0500,
0,15.0,,110,110,0,,,,,100,0,,,,,c+0,poss,0.5,z,0.9913502499985043,None,None,,,,,,,,,,,0,110,110,46,404.48935150000034,,,,,,,,,,,,,,,,,,,,,,,,,,,,,,,,,,,,,,,,,,,,,,,,,,,,,,,,,,,,,,,,,,,,,,404.48041399999056,404.48935150000034,404.9737614589976,404.9737614589976,404.9737614589976,405.04614624998067,405.04614624998067,405.04614624998067,405.4930786250043,z,0.9913502499985043,None,405.4932087920024,405.49326962500345,None,,,,,,,,,,,,21040099,1,2026-01-08_12h24.15.625,tilt_mocs,2024.2.4,120.82547964695175,2026-01-08 12h24.34.223250 -0500,
2,-15.0,,111,111,0,,,,,100,0,,,,,c+2,negs,1.0,period,1.5207735000003595,None,None,,,,,,,,,,,0,111,111,485,405.5044351249817,,,,,,,,,,,,,,,,,,,,,,,,,,,,,,,,,,,,,,,,,,,,,,,,,,,,,,,,,,,,,,,,,,,,,,405.4955336669809,405.5044351249817,406.49052829199354,406.49052829199354,406.49052829199354,406.56314241699874,406.56314241699874,406.56314241699874,407.0375056669873,period,1.5207735000003595,None,407.03761079200194,407.0376519589918,None,,,,,,,,,,,,21040099,1,2026-01-08_12h24.15.625,tilt_mocs,2024.2.4,120.82547964695175,2026-01-08 12h24.34.223250 -0500,
-2,0.0,,112,112,0,,,,,0,100,,,,,c-2,noss,0.75,period,1.1924352910136804,None,None,,,,,,,,,,,0,112,112,558,407.0442083340022,,,,,,,,,,,,,,,,,,,,,,,,,,,,,,,,,,,,,,,,,,,,,,,,,,,,,,,,,,,,,,,,,,,,,,407.0397292499838,407.0442083340022,407.78271758399205,407.78271758399205,407.78271758399205,407.8566053749819,407.8566053749819,407.8566053749819,408.24302745898603,period,1.1924352910136804,None,408.243132625008,408.243175584008,None,,,,,,,,,,,,21040099,1,2026-01-08_12h24.15.625,tilt_mocs,2024.2.4,120.82547964695175,2026-01-08 12h24.34.223250 -0500,
0,15.0,,113,113,0,,,,,100,0,,,,,c+0,poss,1.0,z,0.25992912499350496,None,None,,,,,,,,,,,0,113,113,70,408.2538902089873,,,,,,,,,,,,,,,,,,,,,,,,,,,,,,,,,,,,,,,,,,,,,,,,,,,,,,,,,,,,,,,,,,,,,,408.24510112500866,408.2538902089873,,,,,,,408.5165144169878,z,0.25992912499350496,None,408.51662095898064,408.5166740419809,None,,,,,,,,,,,,21040099,1,2026-01-08_12h24.15.625,tilt_mocs,2024.2.4,120.82547964695175,2026-01-08 12h24.34.223250 -0500,
-6,-15.0,,114,114,0,,,,,100,0,,,,,c-6,negs,1.25,z,1.859633375017438,None,None,,,,,,,,,,,0,114,114,329,408.52702529198723,,,,,,,,,,,,,,,,,,,,,,,,,,,,,,,,,,,,,,,,,,,,,,,,,,,,,,,,,,,,,,,,,,,,,,408.51864475000184,408.52702529198723,409.76661912500276,409.76661912500276,409.76661912500276,409.8410028750077,409.8410028750077,409.8410028750077,410.39302899999893,z,1.859633375017438,None,410.393137667008,410.3931802090083,None,,,,,,,,,,,,21040099,1,2026-01-08_12h24.15.625,tilt_mocs,2024.2.4,120.82547964695175,2026-01-08 12h24.34.223250 -0500,
-4,0.0,,115,115,0,,,,,0,100,,,,,c-4,noss,1.0,z,1.4460403330158442,None,None,,,,,,,,,,,0,115,115,532,410.4038059169834,,,,,,,,,,,,,,,,,,,,,,,,,,,,,,,,,,,,,,,,,,,,,,,,,,,,,,,,,,,,,,,,,,,,,,410.39511275000405,410.4038059169834,411.3905681250035,411.3905681250035,411.3905681250035,411.4629336250073,411.4629336250073,411.4629336250073,411.86025979198166,z,1.4460403330158442,None,411.86040191698703,411.8604844590009,None,,,,,,,,,,,,21040099,1,2026-01-08_12h24.15.625,tilt_mocs,2024.2.4,120.82547964695175,2026-01-08 12h24.34.223250 -0500,
-2,0.0,,116,116,0,,,,,0,100,,,,,c-2,noss,0.5,z,1.4697751670028083,None,None,,,,,,,,,,,0,116,116,548,411.8722740839876,,,,,,,,,,,,,,,,,,,,,,,,,,,,,,,,,,,,,,,,,,,,,,,,,,,,,,,,,,,,,,,,,,,,,,411.8628969999845,411.8722740839876,412.3573005000071,412.3573005000071,412.3573005000071,412.4295449589845,412.4295449589845,412.4295449589845,413.34517795898137,z,1.4697751670028083,None,413.3453302090056,413.34541520898347,None,,,,,,,,,,,,21040099,1,2026-01-08_12h24.15.625,tilt_mocs,2024.2.4,120.82547964695175,2026-01-08 12h24.34.223250 -0500,
8,15.0,,117,117,0,,,,,100,0,,,,,c+8,poss,1.0,period,1.6714190829952713,None,None,,,,,,,,,,,0,117,117,238,413.35682266700314,,,,,,,,,,,,,,,,,,,,,,,,,,,,,,,,,,,,,,,,,,,,,,,,,,,,,,,,,,,,,,,,,,,,,,413.34759995900095,413.35682266700314,414.34066295900266,414.34066295900266,414.34066295900266,414.41288166699815,414.41288166699815,414.41288166699815,415.03155579199665,period,1.6714190829952713,None,415.0316555419995,415.03171112498967,None,,,,,,,,,,,,21040099,1,2026-01-08_12h24.15.625,tilt_mocs,2024.2.4,120.82547964695175,2026-01-08 12h24.34.223250 -0500,
-2,15.0,,118,118,0,,,,,100,0,,,,,c-2,poss,0.5,z,1.1233776659937575,None,None,,,,,,,,,,,0,118,118,7,415.04272529200534,,,,,,,,,,,,,,,,,,,,,,,,,,,,,,,,,,,,,,,,,,,,,,,,,,,,,,,,,,,,,,,,,,,,,,415.033651500009,415.04272529200534,415.53321020898875,415.53321020898875,415.53321020898875,415.60795979198883,415.60795979198883,415.60795979198883,416.17726841699914,z,1.1233776659937575,None,416.1775004589872,416.1775959999941,None,,,,,,,,,,,,21040099,1,2026-01-08_12h24.15.625,tilt_mocs,2024.2.4,120.82547964695175,2026-01-08 12h24.34.223250 -0500,
-4,-15.0,,119,119,0,,,,,100,0,,,,,c-4,negs,0.5,period,1.2238737080188002,None,None,,,,,,,,,,,0,119,119,345,416.18943670898443,,,,,,,,,,,,,,,,,,,,,,,,,,,,,,,,,,,,,,,,,,,,,,,,,,,,,,,,,,,,,,,,,,,,,,416.18028804200003,416.18943670898443,416.6740620000055,416.6740620000055,416.6740620000055,416.7461542089877,416.7461542089877,416.7461542089877,417.4158818750002,period,1.2238737080188002,None,417.41601233399706,417.41607987499447,None,,,,,,,,,,,,21040099,1,2026-01-08_12h24.15.625,tilt_mocs,2024.2.4,120.82547964695175,2026-01-08 12h24.34.223250 -0500,
4,0.0,,120,120,0,,,,,0,100,,,,,c+4,noss,0.75,period,1.2324604999739677,None,None,,,,,,,,,,,0,120,120,688,417.4271846670017,,,,,,,,,,,,,,,,,,,,,,,,,,,,,,,,,,,,,,,,,,,,,,,,,,,,,,,,,,,,,,,,,,,,,,417.4183927089907,417.4271846670017,418.166369249986,418.166369249986,418.166369249986,418.2414619589981,418.2414619589981,418.2414619589981,418.6659067499859,period,1.2324604999739677,None,418.6660112919926,418.6660537919961,None,,,,,,,,,,,,21040099,1,2026-01-08_12h24.15.625,tilt_mocs,2024.2.4,120.82547964695175,2026-01-08 12h24.34.223250 -0500,
-4,-15.0,,121,121,0,,,,,100,0,,,,,c-4,negs,1.25,z,1.9321320420131087,None,None,,,,,,,,,,,0,121,121,368,418.67716108399327,,,,,,,,,,,,,,,,,,,,,,,,,,,,,,,,,,,,,,,,,,,,,,,,,,,,,,,,,,,,,,,,,,,,,,418.6682894169935,418.67716108399327,419.91703079198487,419.91703079198487,419.91703079198487,419.9912282919977,419.9912282919977,419.9912282919977,420.61637450000853,z,1.9321320420131087,None,420.61648958400474,420.61653249998926,None,,,,,,,,,,,,21040099,1,2026-01-08_12h24.15.625,tilt_mocs,2024.2.4,120.82547964695175,2026-01-08 12h24.34.223250 -0500,
2,0.0,,122,122,0,,,,,0,100,,,,,c+2,noss,1.25,z,1.9552450829942245,None,None,,,,,,,,,,,0,122,122,669,420.62728529199376,,,,,,,,,,,,,,,,,,,,,,,,,,,,,,,,,,,,,,,,,,,,,,,,,,,,,,,,,,,,,,,,,,,,,,420.61853683399386,420.62728529199376,421.8665168749867,421.8665168749867,421.8665168749867,421.94160895899404,421.94160895899404,421.94160895899404,422.5937330839806,z,1.9552450829942245,None,422.5938682089909,422.59392158398987,None,,,,,,,,,,,,21040099,1,2026-01-08_12h24.15.625,tilt_mocs,2024.2.4,120.82547964695175,2026-01-08 12h24.34.223250 -0500,
0,0.0,,123,123,0,,,,,0,100,,,,,c+0,noss,0.75,z,1.3614181669836398,None,None,,,,,,,,,,,0,123,123,603,422.6051335000084,,,,,,,,,,,,,,,,,,,,,,,,,,,,,,,,,,,,,,,,,,,,,,,,,,,,,,,,,,,,,,,,,,,,,,422.5960059170029,422.6051335000084,423.3410631669976,423.3410631669976,423.3410631669976,423.41413787499187,423.41413787499187,423.41413787499187,423.977025375003,z,1.3614181669836398,None,423.97715587500716,423.97720887500327,None,,,,,,,,,,,,21040099,1,2026-01-08_12h24.15.625,tilt_mocs,2024.2.4,120.82547964695175,2026-01-08 12h24.34.223250 -0500,
2,0.0,,124,124,0,,,,,0,100,,,,,c+2,noss,1.0,z,3.99257345800288,None,None,,,,,,,,,,,0,124,124,655,423.9889436670055,,,,,,,,,,,,,,,,,,,,,,,,,,,,,,,,,,,,,,,,,,,,,,,,,,,,,,,,,,,,,,,,,,,,,,423.97977183398325,423.9889436670055,424.97433254198404,424.97433254198404,424.97433254198404,425.04635037499247,425.04635037499247,425.04635037499247,427.9843340420048,z,3.99257345800288,None,427.9845379589824,427.9846288749832,None,,,,,,,,,,,,21040099,1,2026-01-08_12h24.15.625,tilt_mocs,2024.2.4,120.82547964695175,2026-01-08 12h24.34.223250 -0500,
-8,-15.0,,125,125,0,,,,,100,0,,,,,c-8,negs,0.5,z,1.1041120830050204,None,None,,,,,,,,,,,0,125,125,252,427.99510970900883,,,,,,,,,,,,,,,,,,,,,,,,,,,,,,,,,,,,,,,,,,,,,,,,,,,,,,,,,,,,,,,,,,,,,,427.9871339589881,427.99510970900883,428.48403824999696,428.48403824999696,428.48403824999696,428.5584324589872,428.5584324589872,428.5584324589872,429.1104704589816,z,1.1041120830050204,None,429.11057487499784,429.11062399999355,None,,,,,,,,,,,,21040099,1,2026-01-08_12h24.15.625,tilt_mocs,2024.2.4,120.82547964695175,2026-01-08 12h24.34.223250 -0500,
2,-15.0,,126,126,0,,,,,100,0,,,,,c+2,negs,0.5,period,0.9374114160018507,None,None,,,,,,,,,,,0,126,126,471,429.12121133398614,,,,,,,,,,,,,,,,,,,,,,,,,,,,,,,,,,,,,,,,,,,,,,,,,,,,,,,,,,,,,,,,,,,,,,429.11257445899537,429.12121133398614,429.6079681669944,429.6079681669944,429.6079681669944,429.6804287089908,429.6804287089908,429.6804287089908,430.06165891699493,period,0.9374114160018507,None,430.0618075839884,430.06186108398833,None,,,,,,,,,,,,21040099,1,2026-01-08_12h24.15.625,tilt_mocs,2024.2.4,120.82547964695175,2026-01-08 12h24.34.223250 -0500,
2,-15.0,,127,127,0,,,,,100,0,,,,,c+2,negs,0.5,period,0.9076852920115925,None,None,,,,,,,,,,,0,127,127,469,430.07282216698513,,,,,,,,,,,,,,,,,,,,,,,,,,,,,,,,,,,,,,,,,,,,,,,,,,,,,,,,,,,,,,,,,,,,,,430.063965874986,430.07282216698513,430.55802549998043,430.55802549998043,430.55802549998043,430.6299432090018,430.6299432090018,430.6299432090018,430.98319008399267,period,0.9076852920115925,None,430.9833200419962,430.98337316699326,None,,,,,,,,,,,,21040099,1,2026-01-08_12h24.15.625,tilt_mocs,2024.2.4,120.82547964695175,2026-01-08 12h24.34.223250 -0500,
0,-15.0,,128,128,0,,,,,100,0,,,,,c+0,negs,1.25,period,1.6718462919816375,None,None,,,,,,,,,,,0,128,128,461,430.9943607089808,,,,,,,,,,,,,,,,,,,,,,,,,,,,,,,,,,,,,,,,,,,,,,,,,,,,,,,,,,,,,,,,,,,,,,430.9854296669946,430.9943607089808,432.2341887920047,432.2341887920047,432.2341887920047,432.3085081249883,432.3085081249883,432.3085081249883,432.6775901670044,period,1.6718462919816375,None,432.6777222919918,432.6777757499949,None,,,,,,,,,,,,21040099,1,2026-01-08_12h24.15.625,tilt_mocs,2024.2.4,120.82547964695175,2026-01-08 12h24.34.223250 -0500,
0,0.0,,129,129,0,,,,,0,100,,,,,c+0,noss,1.0,z,1.6967850000073668,None,None,,,,,,,,,,,0,129,129,612,432.6891586249985,,,,,,,,,,,,,,,,,,,,,,,,,,,,,,,,,,,,,,,,,,,,,,,,,,,,,,,,,,,,,,,,,,,,,,432.68029124999885,432.6891586249985,433.6747263750003,433.6747263750003,433.6747263750003,433.7477549169853,433.7477549169853,433.7477549169853,434.3940688750008,z,1.6967850000073668,None,434.3942022919946,434.39425658399705,None,,,,,,,,,,,,21040099,1,2026-01-08_12h24.15.625,tilt_mocs,2024.2.4,120.82547964695175,2026-01-08 12h24.34.223250 -0500,
0,-15.0,,130,130,0,,,,,100,0,,,,,c+0,negs,1.0,period,1.4726436669880059,None,None,,,,,,,,,,,0,130,130,444,434.4054639590031,,,,,,,,,,,,,,,,,,,,,,,,,,,,,,,,,,,,,,,,,,,,,,,,,,,,,,,,,,,,,,,,,,,,,,434.39674137500697,434.4054639590031,435.39148316698265,435.39148316698265,435.39148316698265,435.4646915839985,435.4646915839985,435.4646915839985,435.88373137498274,period,1.4726436669880059,None,435.88386654198985,435.88392720898264,None,,,,,,,,,,,,21040099,1,2026-01-08_12h24.15.625,tilt_mocs,2024.2.4,120.82547964695175,2026-01-08 12h24.34.223250 -0500,
-2,15.0,,131,131,0,,,,,100,0,,,,,c-2,poss,1.25,z,1.8445119580137543,None,None,,,,,,,,,,,0,131,131,38,435.8945433339977,,,,,,,,,,,,,,,,,,,,,,,,,,,,,,,,,,,,,,,,,,,,,,,,,,,,,,,,,,,,,,,,,,,,,,435.8859604589816,435.8945433339977,437.13404791700304,437.13404791700304,437.13404791700304,437.20880233400385,437.20880233400385,437.20880233400385,437.744564749999,z,1.8445119580137543,None,437.7447243749921,437.74477604200365,None,,,,,,,,,,,,21040099,1,2026-01-08_12h24.15.625,tilt_mocs,2024.2.4,120.82547964695175,2026-01-08 12h24.34.223250 -0500,
-6,-15.0,,132,132,0,,,,,100,0,,,,,c-6,negs,1.25,period,1.9088005000085104,None,None,,,,,,,,,,,0,132,132,335,437.75689074999536,,,,,,,,,,,,,,,,,,,,,,,,,,,,,,,,,,,,,,,,,,,,,,,,,,,,,,,,,,,,,,,,,,,,,,437.7475307089917,437.75689074999536,438.9915596249921,438.9915596249921,438.9915596249921,439.0633070420008,439.0633070420008,439.0633070420008,439.668707542005,period,1.9088005000085104,None,439.66884695898625,439.6689032499853,None,,,,,,,,,,,,21040099,1,2026-01-08_12h24.15.625,tilt_mocs,2024.2.4,120.82547964695175,2026-01-08 12h24.34.223250 -0500,
8,15.0,,133,133,0,,,,,100,0,,,,,c+8,poss,1.25,period,1.764809874992352,None,None,,,,,,,,,,,0,133,133,246,439.6791629169893,,,,,,,,,,,,,,,,,,,,,,,,,,,,,,,,,,,,,,,,,,,,,,,,,,,,,,,,,,,,,,,,,,,,,,439.6709854590008,439.6791629169893,440.9176959999895,440.9176959999895,440.9176959999895,440.99218229198596,440.99218229198596,440.99218229198596,441.4503875839873,period,1.764809874992352,None,441.4505128749879,441.45056574998307,None,,,,,,,,,,,,21040099,1,2026-01-08_12h24.15.625,tilt_mocs,2024.2.4,120.82547964695175,2026-01-08 12h24.34.223250 -0500,
0,-15.0,,134,134,0,,,,,100,0,,,,,c+0,negs,1.0,period,2.0785634579951875,None,None,,,,,,,,,,,0,134,134,443,441.46125012499397,,,,,,,,,,,,,,,,,,,,,,,,,,,,,,,,,,,,,,,,,,,,,,,,,,,,,,,,,,,,,,,,,,,,,,441.4527085419977,441.46125012499397,442.45136812498095,442.45136812498095,442.45136812498095,442.5253898749943,442.5253898749943,442.5253898749943,443.54473108399543,period,2.0785634579951875,None,443.54485791700426,443.54491179200704,None,,,,,,,,,,,,21040099,1,2026-01-08_12h24.15.625,tilt_mocs,2024.2.4,120.82547964695175,2026-01-08 12h24.34.223250 -0500,
4,0.0,,135,135,0,,,,,0,100,,,,,c+4,noss,0.75,period,1.3030493329861201,None,None,,,,,,,,,,,0,135,135,692,443.5563624589995,,,,,,,,,,,,,,,,,,,,,,,,,,,,,,,,,,,,,,,,,,,,,,,,,,,,,,,,,,,,,,,,,,,,,,443.54722337500425,443.5563624589995,444.29175529198255,444.29175529198255,444.29175529198255,444.3636113749817,444.3636113749817,444.3636113749817,444.8621207920078,period,1.3030493329861201,None,444.86227462498937,444.8623302089982,None,,,,,,,,,,,,21040099,1,2026-01-08_12h24.15.625,tilt_mocs,2024.2.4,120.82547964695175,2026-01-08 12h24.34.223250 -0500,
-2,0.0,,136,136,0,,,,,0,100,,,,,c-2,noss,0.75,z,1.3158671249984764,None,None,,,,,,,,,,,0,136,136,560,444.8739590839832,,,,,,,,,,,,,,,,,,,,,,,,,,,,,,,,,,,,,,,,,,,,,,,,,,,,,,,,,,,,,,,,,,,,,,444.86506345900125,444.8739590839832,445.60837266698945,445.60837266698945,445.60837266698945,445.6807130840025,445.6807130840025,445.6807130840025,446.19474058400374,z,1.3158671249984764,None,446.1949037089944,446.19496024999535,None,,,,,,,,,,,,21040099,1,2026-01-08_12h24.15.625,tilt_mocs,2024.2.4,120.82547964695175,2026-01-08 12h24.34.223250 -0500,
-6,-15.0,,137,137,0,,,,,100,0,,,,,c-6,negs,0.75,z,1.3962489170080516,None,None,,,,,,,,,,,0,137,137,311,446.2067368749995,,,,,,,,,,,,,,,,,,,,,,,,,,,,,,,,,,,,,,,,,,,,,,,,,,,,,,,,,,,,,,,,,,,,,,446.1977268339833,446.2067368749995,446.9419164590072,446.9419164590072,446.9419164590072,447.0140459589893,447.0140459589893,447.0140459589893,447.61167745900457,z,1.3962489170080516,None,447.6118787919986,447.6119416669826,None,,,,,,,,,,,,21040099,1,2026-01-08_12h24.15.625,tilt_mocs,2024.2.4,120.82547964695175,2026-01-08 12h24.34.223250 -0500,
4,0.0,,138,138,0,,,,,0,100,,,,,c+4,noss,0.5,period,1.2201054589822888,None,None,,,,,,,,,,,0,138,138,682,447.6243663339992,,,,,,,,,,,,,,,,,,,,,,,,,,,,,,,,,,,,,,,,,,,,,,,,,,,,,,,,,,,,,,,,,,,,,,447.6154094999947,447.6243663339992,448.1085720419942,448.1085720419942,448.1085720419942,448.18210050000926,448.18210050000926,448.18210050000926,448.8510613339895,period,1.2201054589822888,None,448.85119212500285,448.85123508400284,None,,,,,,,,,,,,21040099,1,2026-01-08_12h24.15.625,tilt_mocs,2024.2.4,120.82547964695175,2026-01-08 12h24.34.223250 -0500,
-6,-15.0,,139,139,0,,,,,100,0,,,,,c-6,negs,1.0,period,1.6479534590034746,None,None,,,,,,,,,,,0,139,139,319,448.86183845900814,,,,,,,,,,,,,,,,,,,,,,,,,,,,,,,,,,,,,,,,,,,,,,,,,,,,,,,,,,,,,,,,,,,,,,448.8536160000076,448.86183845900814,449.8518783749896,449.8518783749896,449.8518783749896,449.9246909999929,449.9246909999929,449.9246909999929,450.5130007090047,period,1.6479534590034746,None,450.5131427499873,450.5131999999867,None,,,,,,,,,,,,21040099,1,2026-01-08_12h24.15.625,tilt_mocs,2024.2.4,120.82547964695175,2026-01-08 12h24.34.223250 -0500,
2,-15.0,,140,140,0,,,,,100,0,,,,,c+2,negs,0.75,period,1.253697000007378,None,None,,,,,,,,,,,0,140,140,473,450.5244219589804,,,,,,,,,,,,,,,,,,,,,,,,,,,,,,,,,,,,,,,,,,,,,,,,,,,,,,,,,,,,,,,,,,,,,,450.5153584590007,450.5244219589804,451.25867883398314,451.25867883398314,451.25867883398314,451.3321903749893,451.3321903749893,451.3321903749893,451.784310499992,period,1.253697000007378,None,451.78444195899647,451.7844995839987,None,,,,,,,,,,,,21040099,1,2026-01-08_12h24.15.625,tilt_mocs,2024.2.4,120.82547964695175,2026-01-08 12h24.34.223250 -0500,
2,-15.0,,141,141,0,,,,,100,0,,,,,c+2,negs,1.0,period,1.4230002920085099,None,None,,,,,,,,,,,0,141,141,484,451.79535100000794,,,,,,,,,,,,,,,,,,,,,,,,,,,,,,,,,,,,,,,,,,,,,,,,,,,,,,,,,,,,,,,,,,,,,,451.7871945000079,451.79535100000794,452.7851202499878,452.7851202499878,452.7851202499878,452.8593023339927,452.8593023339927,452.8593023339927,453.22870070900535,period,1.4230002920085099,None,453.2288775839843,453.2289402919996,None,,,,,,,,,,,,21040099,1,2026-01-08_12h24.15.625,tilt_mocs,2024.2.4,120.82547964695175,2026-01-08 12h24.34.223250 -0500,
0,0.0,,142,142,0,,,,,0,100,,,,,c+0,noss,1.25,period,1.9695821670175064,None,None,,,,,,,,,,,0,142,142,623,453.24075245900895,,,,,,,,,,,,,,,,,,,,,,,,,,,,,,,,,,,,,,,,,,,,,,,,,,,,,,,,,,,,,,,,,,,,,,453.2316208749835,453.24075245900895,454.47551829199074,454.47551829199074,454.47551829199074,454.5473271670053,454.5473271670053,454.5473271670053,455.22175983400666,period,1.9695821670175064,None,455.2218653339951,455.2219144999981,None,,,,,,,,,,,,21040099,1,2026-01-08_12h24.15.625,tilt_mocs,2024.2.4,120.82547964695175,2026-01-08 12h24.34.223250 -0500,
4,15.0,,143,143,0,,,,,100,0,,,,,c+4,poss,1.25,period,2.397369249985786,None,None,,,,,,,,,,,0,143,143,166,455.22852687499835,,,,,,,,,,,,,,,,,,,,,,,,,,,,,,,,,,,,,,,,,,,,,,,,,,,,,,,,,,,,,,,,,,,,,,455.22386091700173,455.22852687499835,456.4679898750037,456.4679898750037,456.4679898750037,456.5427097089996,456.5427097089996,456.5427097089996,457.6286343339889,period,2.397369249985786,None,457.6288084590051,457.6288629999908,None,,,,,,,,,,,,21040099,1,2026-01-08_12h24.15.625,tilt_mocs,2024.2.4,120.82547964695175,2026-01-08 12h24.34.223250 -0500,
0,0.0,,144,144,0,,,,,0,100,,,,,c+0,noss,0.75,period,1.180316583981039,None,None,,,,,,,,,,,0,144,144,609,457.64028233400313,,,,,,,,,,,,,,,,,,,,,,,,,,,,,,,,,,,,,,,,,,,,,,,,,,,,,,,,,,,,,,,,,,,,,,457.6311432920047,457.64028233400313,458.37556724998285,458.37556724998285,458.37556724998285,458.4492680419935,458.4492680419935,458.4492680419935,458.82845087500755,period,1.180316583981039,None,458.8286179169954,458.8286718750023,None,,,,,,,,,,,,21040099,1,2026-01-08_12h24.15.625,tilt_mocs,2024.2.4,120.82547964695175,2026-01-08 12h24.34.223250 -0500,
4,0.0,,145,145,0,,,,,0,100,,,,,c+4,noss,1.25,period,1.74359224998625,None,None,,,,,,,,,,,0,145,145,709,458.8401419169968,,,,,,,,,,,,,,,,,,,,,,,,,,,,,,,,,,,,,,,,,,,,,,,,,,,,,,,,,,,,,,,,,,,,,,458.8313327920041,458.8401419169968,460.0756145839987,460.0756145839987,460.0756145839987,460.148195124988,460.148195124988,460.148195124988,460.5962122500059,period,1.74359224998625,None,460.5963144999987,460.59635675000027,None,,,,,,,,,,,,21040099,1,2026-01-08_12h24.15.625,tilt_mocs,2024.2.4,120.82547964695175,2026-01-08 12h24.34.223250 -0500,
-2,0.0,,146,146,0,,,,,0,100,,,,,c-2,noss,0.5,z,1.3873508340038825,None,None,,,,,,,,,,,0,146,146,555,460.60971845898894,,,,,,,,,,,,,,,,,,,,,,,,,,,,,,,,,,,,,,,,,,,,,,,,,,,,,,,,,,,,,,,,,,,,,,460.5983456670074,460.60971845898894,461.0925397090032,461.0925397090032,461.0925397090032,461.16509258400765,461.16509258400765,461.16509258400765,462.00172004199703,z,1.3873508340038825,None,462.0018450419884,462.00189804198453,None,,,,,,,,,,,,21040099,1,2026-01-08_12h24.15.625,tilt_mocs,2024.2.4,120.82547964695175,2026-01-08 12h24.34.223250 -0500,
4,0.0,,147,147,0,,,,,0,100,,,,,c+4,noss,1.0,period,1.609357875015121,None,None,,,,,,,,,,,0,147,147,699,462.01228666698444,,,,,,,,,,,,,,,,,,,,,,,,,,,,,,,,,,,,,,,,,,,,,,,,,,,,,,,,,,,,,,,,,,,,,,462.004187249986,462.01228666698444,463.0019323340093,463.0019323340093,463.0019323340093,463.07618016700144,463.07618016700144,463.07618016700144,463.6275422920007,period,1.609357875015121,None,463.6276461670059,463.6276886249834,None,,,,,,,,,,,,21040099,1,2026-01-08_12h24.15.625,tilt_mocs,2024.2.4,120.82547964695175,2026-01-08 12h24.34.223250 -0500,
-2,-15.0,,148,148,0,,,,,100,0,,,,,c-2,negs,1.0,period,1.6218274580023717,None,None,,,,,,,,,,,0,148,148,400,463.6383344169881,,,,,,,,,,,,,,,,,,,,,,,,,,,,,,,,,,,,,,,,,,,,,,,,,,,,,,,,,,,,,,,,,,,,,,463.62969591698493,463.6383344169881,464.62581195900566,464.62581195900566,464.62581195900566,464.69861958399997,464.69861958399997,464.69861958399997,465.26309779199073,period,1.6218274580023717,None,465.2632547089888,465.26331599999685,None,,,,,,,,,,,,21040099,1,2026-01-08_12h24.15.625,tilt_mocs,2024.2.4,120.82547964695175,2026-01-08 12h24.34.223250 -0500,
-8,-15.0,,149,149,0,,,,,100,0,,,,,c-8,negs,0.75,z,1.7850279579870403,None,None,,,,,,,,,,,0,149,149,273,465.27469904199825,,,,,,,,,,,,,,,,,,,,,,,,,,,,,,,,,,,,,,,,,,,,,,,,,,,,,,,,,,,,,,,,,,,,,,465.2657884999935,465.27469904199825,466.0091650419927,466.0091650419927,466.0091650419927,466.0810041250079,466.0810041250079,466.0810041250079,467.0623957089847,z,1.7850279579870403,None,467.0625629169808,467.06261550000636,None,,,,,,,,,,,,21040099,1,2026-01-08_12h24.15.625,tilt_mocs,2024.2.4,120.82547964695175,2026-01-08 12h24.34.223250 -0500,
4,15.0,,150,150,0,,,,,100,0,,,,,c+4,poss,0.5,z,1.4563096250058152,None,space,135.74224658298772,None,,,,,,,,,0,150,150,132,467.07425999999396,,,,,,,,,,,,,,,,,,,,,,,,,,,,,,,,,,,,,,,,,,,,,,,,,,,,,,,,,,,,,,,,,,,,,,467.06529149998096,467.07425999999396,467.55933508399175,467.55933508399175,467.55933508399175,467.631457334006,467.631457334006,467.631457334006,468.5343465000042,z,1.4563096250058152,None,468.5344476249884,604.2907966249913,space,468.5452498749946,468.5452498749946,135.74224658298772,None,,,,,,,,21040099,1,2026-01-08_12h24.15.625,tilt_mocs,2024.2.4,120.82547964695175,2026-01-08 12h24.34.223250 -0500,
8,15.0,,151,151,0,,,,,100,0,,,,,c+8,poss,0.75,period,1.313320332992589,None,None,,,,,,,,,,,0,151,151,225,604.3015956669988,,,,,,,,,,,,,,,,,,,,,,,,,,,,,,,,,,,,,,,,,,,,,,,,,,,,,,,,,,,,,,,,,,,,,,604.2934370840085,604.3015956669988,605.0405682089913,605.0405682089913,605.0405682089913,605.1145223749918,605.1145223749918,605.1145223749918,605.6177650839963,period,1.313320332992589,None,605.6179344170087,605.6179987920041,None,,,,,,,,,,,,21040099,1,2026-01-08_12h24.15.625,tilt_mocs,2024.2.4,120.82547964695175,2026-01-08 12h24.34.223250 -0500,
-2,15.0,,152,152,0,,,,,100,0,,,,,c-2,poss,0.75,z,1.2437435830070172,None,None,,,,,,,,,,,0,152,152,17,605.6294292499952,,,,,,,,,,,,,,,,,,,,,,,,,,,,,,,,,,,,,,,,,,,,,,,,,,,,,,,,,,,,,,,,,,,,,,605.6204825000023,605.6294292499952,606.3634194589977,606.3634194589977,606.3634194589977,606.4361566249863,606.4361566249863,606.4361566249863,606.8843956670025,z,1.2437435830070172,None,606.8845388339832,606.8845900839951,None,,,,,,,,,,,,21040099,1,2026-01-08_12h24.15.625,tilt_mocs,2024.2.4,120.82547964695175,2026-01-08 12h24.34.223250 -0500,
2,0.0,,153,153,0,,,,,0,100,,,,,c+2,noss,0.75,period,1.191641959012486,None,None,,,,,,,,,,,0,153,153,651,606.8963141249842,,,,,,,,,,,,,,,,,,,,,,,,,,,,,,,,,,,,,,,,,,,,,,,,,,,,,,,,,,,,,,,,,,,,,,606.8871648339846,606.8963141249842,607.6307868339936,607.6307868339936,607.6307868339936,607.702489208983,607.702489208983,607.702489208983,608.1007009169844,period,1.191641959012486,None,608.1008059169981,608.1008704999986,None,,,,,,,,,,,,21040099,1,2026-01-08_12h24.15.625,tilt_mocs,2024.2.4,120.82547964695175,2026-01-08 12h24.34.223250 -0500,
2,15.0,,154,154,0,,,,,100,0,,,,,c+2,poss,1.0,z,1.6609426670183893,None,None,,,,,,,,,,,0,154,154,107,608.1147381250048,,,,,,,,,,,,,,,,,,,,,,,,,,,,,,,,,,,,,,,,,,,,,,,,,,,,,,,,,,,,,,,,,,,,,,608.1028839589853,608.1147381250048,609.0976711669937,609.0976711669937,609.0976711669937,609.1705287499935,609.1705287499935,609.1705287499935,609.783888624981,z,1.6609426670183893,None,609.7841160839889,609.7842473339988,None,,,,,,,,,,,,21040099,1,2026-01-08_12h24.15.625,tilt_mocs,2024.2.4,120.82547964695175,2026-01-08 12h24.34.223250 -0500,
-2,0.0,,155,155,0,,,,,0,100,,,,,c-2,noss,0.5,z,0.9369847920024768,None,None,,,,,,,,,,,0,155,155,550,609.7961394169834,,,,,,,,,,,,,,,,,,,,,,,,,,,,,,,,,,,,,,,,,,,,,,,,,,,,,,,,,,,,,,,,,,,,,,609.7867519169813,609.7961394169834,610.2811272089893,610.2811272089893,610.2811272089893,610.353719375009,610.353719375009,610.353719375009,610.7388512500038,z,0.9369847920024768,None,610.7389741670049,610.7390262919944,None,,,,,,,,,,,,21040099,1,2026-01-08_12h24.15.625,tilt_mocs,2024.2.4,120.82547964695175,2026-01-08 12h24.34.223250 -0500,
-2,-15.0,,156,156,0,,,,,100,0,,,,,c-2,negs,1.0,period,1.4978149170055985,None,None,,,,,,,,,,,0,156,156,406,610.7502745419915,,,,,,,,,,,,,,,,,,,,,,,,,,,,,,,,,,,,,,,,,,,,,,,,,,,,,,,,,,,,,,,,,,,,,,610.7414302919933,610.7502745419915,611.7406565419806,611.7406565419806,611.7406565419806,611.8148613749945,611.8148613749945,611.8148613749945,612.2505711249833,period,1.4978149170055985,None,612.2507274170057,612.250780250004,None,,,,,,,,,,,,21040099,1,2026-01-08_12h24.15.625,tilt_mocs,2024.2.4,120.82547964695175,2026-01-08 12h24.34.223250 -0500,
0,0.0,,157,157,0,,,,,0,100,,,,,c+0,noss,1.25,period,1.7058526659966446,None,None,,,,,,,,,,,0,157,157,621,612.2624008340063,,,,,,,,,,,,,,,,,,,,,,,,,,,,,,,,,,,,,,,,,,,,,,,,,,,,,,,,,,,,,,,,,,,,,,612.2535392499994,612.2624008340063,613.4976925420051,613.4976925420051,613.4976925420051,613.5696999169886,613.5696999169886,613.5696999169886,613.9724517919822,period,1.7058526659966446,None,613.9725532919983,613.9726015419874,None,,,,,,,,,,,,21040099,1,2026-01-08_12h24.15.625,tilt_mocs,2024.2.4,120.82547964695175,2026-01-08 12h24.34.223250 -0500,
6,15.0,,158,158,0,,,,,100,0,,,,,c+6,poss,0.75,period,1.1828122079896275,None,None,,,,,,,,,,,0,158,158,181,613.9834918749984,,,,,,,,,,,,,,,,,,,,,,,,,,,,,,,,,,,,,,,,,,,,,,,,,,,,,,,,,,,,,,,,,,,,,,613.974563041993,613.9834918749984,614.7238879170036,614.7238879170036,614.7238879170036,614.7982777089928,614.7982777089928,614.7982777089928,615.1726611669874,period,1.1828122079896275,None,615.1727900420083,615.1728413749952,None,,,,,,,,,,,,21040099,1,2026-01-08_12h24.15.625,tilt_mocs,2024.2.4,120.82547964695175,2026-01-08 12h24.34.223250 -0500,
-6,-15.0,,159,159,0,,,,,100,0,,,,,c-6,negs,0.5,period,0.9271057089790702,None,None,,,,,,,,,,,0,159,159,296,615.1840451250027,,,,,,,,,,,,,,,,,,,,,,,,,,,,,,,,,,,,,,,,,,,,,,,,,,,,,,,,,,,,,,,,,,,,,,615.1750282499997,615.1840451250027,615.6742365419923,615.6742365419923,615.6742365419923,615.7482960839989,615.7482960839989,615.7482960839989,616.1176676249888,period,0.9271057089790702,None,616.1178072920011,616.1178632089868,None,,,,,,,,,,,,21040099,1,2026-01-08_12h24.15.625,tilt_mocs,2024.2.4,120.82547964695175,2026-01-08 12h24.34.223250 -0500,
2,-15.0,,160,160,0,,,,,100,0,,,,,c+2,negs,0.5,z,0.23216787501587532,None,None,,,,,,,,,,,0,160,160,465,616.1289116670087,,,,,,,,,,,,,,,,,,,,,,,,,,,,,,,,,,,,,,,,,,,,,,,,,,,,,,,,,,,,,,,,,,,,,,616.1200519170088,616.1289116670087,,,,,,,616.3669416669873,z,0.23216787501587532,None,616.3670428750047,616.3670870419883,None,,,,,,,,,,,,21040099,1,2026-01-08_12h24.15.625,tilt_mocs,2024.2.4,120.82547964695175,2026-01-08 12h24.34.223250 -0500,
4,0.0,,161,161,0,,,,,0,100,,,,,c+4,noss,0.5,period,0.9621479169873055,None,None,,,,,,,,,,,0,161,161,672,616.377648291993,,,,,,,,,,,,,,,,,,,,,,,,,,,,,,,,,,,,,,,,,,,,,,,,,,,,,,,,,,,,,,,,,,,,,,616.3690856669855,616.377648291993,616.8644747920043,616.8644747920043,616.8644747920043,616.9367220840068,616.9367220840068,616.9367220840068,617.3504529589845,period,0.9621479169873055,None,617.3505612089939,617.3506035419996,None,,,,,,,,,,,,21040099,1,2026-01-08_12h24.15.625,tilt_mocs,2024.2.4,120.82547964695175,2026-01-08 12h24.34.223250 -0500,
-4,-15.0,,162,162,0,,,,,100,0,,,,,c-4,negs,0.5,period,1.4989869589917362,None,None,,,,,,,,,,,0,162,162,339,617.3611115420063,,,,,,,,,,,,,,,,,,,,,,,,,,,,,,,,,,,,,,,,,,,,,,,,,,,,,,,,,,,,,,,,,,,,,,617.3525479169912,617.3611115420063,617.8477769589808,617.8477769589808,617.8477769589808,617.9212677089963,617.9212677089963,617.9212677089963,618.8673609170073,period,1.4989869589917362,None,618.8674904170039,618.8675459589867,None,,,,,,,,,,,,21040099,1,2026-01-08_12h24.15.625,tilt_mocs,2024.2.4,120.82547964695175,2026-01-08 12h24.34.223250 -0500,
-2,-15.0,,163,163,0,,,,,100,0,,,,,c-2,negs,0.75,period,1.2536969590000808,None,None,,,,,,,,,,,0,163,163,393,618.8789497090038,,,,,,,,,,,,,,,,,,,,,,,,,,,,,,,,,,,,,,,,,,,,,,,,,,,,,,,,,,,,,,,,,,,,,,618.8697208749945,618.8789497090038,619.6147140839894,619.6147140839894,619.6147140839894,619.686826374993,619.686826374993,619.686826374993,620.1443971669942,period,1.2536969590000808,None,620.1444978750078,620.1445425419952,None,,,,,,,,,,,,21040099,1,2026-01-08_12h24.15.625,tilt_mocs,2024.2.4,120.82547964695175,2026-01-08 12h24.34.223250 -0500,
-2,0.0,,164,164,0,,,,,0,100,,,,,c-2,noss,1.25,z,1.8327654589957092,None,None,,,,,,,,,,,0,164,164,583,620.1509185000032,,,,,,,,,,,,,,,,,,,,,,,,,,,,,,,,,,,,,,,,,,,,,,,,,,,,,,,,,,,,,,,,,,,,,,620.1464935420081,620.1509185000032,621.391308249993,621.391308249993,621.391308249993,621.4651158750057,621.4651158750057,621.4651158750057,621.9893722499837,z,1.8327654589957092,None,621.9894937089994,621.9895503750013,None,,,,,,,,,,,,21040099,1,2026-01-08_12h24.15.625,tilt_mocs,2024.2.4,120.82547964695175,2026-01-08 12h24.34.223250 -0500,
-2,15.0,,165,165,0,,,,,100,0,,,,,c-2,poss,1.0,z,1.4736761250242125,None,None,,,,,,,,,,,0,165,165,29,622.0006875839899,,,,,,,,,,,,,,,,,,,,,,,,,,,,,,,,,,,,,,,,,,,,,,,,,,,,,,,,,,,,,,,,,,,,,,621.9916785839887,622.0006875839899,622.990493166988,622.990493166988,622.990493166988,623.0651750419929,623.0651750419929,623.0651750419929,623.4841000000015,z,1.4736761250242125,None,623.4842502920073,623.4843091249932,None,,,,,,,,,,,,21040099,1,2026-01-08_12h24.15.625,tilt_mocs,2024.2.4,120.82547964695175,2026-01-08 12h24.34.223250 -0500,
-8,-15.0,,166,166,0,,,,,100,0,,,,,c-8,negs,1.0,z,1.6673629999859259,None,None,,,,,,,,,,,0,166,166,280,623.4956039999961,,,,,,,,,,,,,,,,,,,,,,,,,,,,,,,,,,,,,,,,,,,,,,,,,,,,,,,,,,,,,,,,,,,,,,623.4867123340082,623.4956039999961,624.4804689169978,624.4804689169978,624.4804689169978,624.5532741250063,624.5532741250063,624.5532741250063,625.1679282499827,z,1.6673629999859259,None,625.1680302500026,625.1680711249937,None,,,,,,,,,,,,21040099,1,2026-01-08_12h24.15.625,tilt_mocs,2024.2.4,120.82547964695175,2026-01-08 12h24.34.223250 -0500,
-8,-15.0,,167,167,0,,,,,100,0,,,,,c-8,negs,1.0,z,1.4425555000198074,None,None,,,,,,,,,,,0,167,167,279,625.178708499996,,,,,,,,,,,,,,,,,,,,,,,,,,,,,,,,,,,,,,,,,,,,,,,,,,,,,,,,,,,,,,,,,,,,,,625.170037917007,625.178708499996,626.1641692089906,626.1641692089906,626.1641692089906,626.2377728749998,626.2377728749998,626.2377728749998,626.6239453750022,z,1.4425555000198074,None,626.6240737499902,626.6241256250069,None,,,,,,,,,,,,21040099,1,2026-01-08_12h24.15.625,tilt_mocs,2024.2.4,120.82547964695175,2026-01-08 12h24.34.223250 -0500,
0,-15.0,,168,168,0,,,,,100,0,,,,,c+0,negs,1.0,period,1.5040874580154195,None,None,,,,,,,,,,,0,168,168,449,626.6343825839867,,,,,,,,,,,,,,,,,,,,,,,,,,,,,,,,,,,,,,,,,,,,,,,,,,,,,,,,,,,,,,,,,,,,,,626.6263271670032,626.6343825839867,627.6247383340087,627.6247383340087,627.6247383340087,627.6987521669944,627.6987521669944,627.6987521669944,628.1413044999936,period,1.5040874580154195,None,628.1414389999991,628.1414957499946,None,,,,,,,,,,,,21040099,1,2026-01-08_12h24.15.625,tilt_mocs,2024.2.4,120.82547964695175,2026-01-08 12h24.34.223250 -0500,
-4,-15.0,,169,169,0,,,,,100,0,,,,,c-4,negs,0.5,period,1.0309090410009958,None,None,,,,,,,,,,,0,169,169,340,628.151655041991,,,,,,,,,,,,,,,,,,,,,,,,,,,,,,,,,,,,,,,,,,,,,,,,,,,,,,,,,,,,,,,,,,,,,,628.1435491669981,628.151655041991,628.6409518749861,628.6409518749861,628.6409518749861,628.7154681249813,628.7154681249813,628.7154681249813,629.1851908749959,period,1.0309090410009958,None,629.1853319169895,629.1853839999822,None,,,,,,,,,,,,21040099,1,2026-01-08_12h24.15.625,tilt_mocs,2024.2.4,120.82547964695175,2026-01-08 12h24.34.223250 -0500,
-6,-15.0,,170,170,0,,,,,100,0,,,,,c-6,negs,0.5,z,1.0379497910034843,None,None,,,,,,,,,,,0,170,170,304,629.1965407090029,,,,,,,,,,,,,,,,,,,,,,,,,,,,,,,,,,,,,,,,,,,,,,,,,,,,,,,,,,,,,,,,,,,,,,629.1877739169868,629.1965407090029,629.6816986670019,629.6816986670019,629.6816986670019,629.7534874999837,629.7534874999837,629.7534874999837,630.2411502919858,z,1.0379497910034843,None,630.2412752090022,630.241326333984,None,,,,,,,,,,,,21040099,1,2026-01-08_12h24.15.625,tilt_mocs,2024.2.4,120.82547964695175,2026-01-08 12h24.34.223250 -0500,
-8,-15.0,,171,171,0,,,,,100,0,,,,,c-8,negs,1.0,z,1.409298917016713,None,None,,,,,,,,,,,0,171,171,282,630.251867791987,,,,,,,,,,,,,,,,,,,,,,,,,,,,,,,,,,,,,,,,,,,,,,,,,,,,,,,,,,,,,,,,,,,,,,630.2435737919877,630.251867791987,631.2416559999983,631.2416559999983,631.2416559999983,631.3155609589885,631.3155609589885,631.3155609589885,631.6683099590009,z,1.409298917016713,None,631.6684214170091,631.6684640839812,None,,,,,,,,,,,,21040099,1,2026-01-08_12h24.15.625,tilt_mocs,2024.2.4,120.82547964695175,2026-01-08 12h24.34.223250 -0500,
-4,0.0,,172,172,0,,,,,0,100,,,,,c-4,noss,0.75,z,1.179750209004851,None,None,,,,,,,,,,,0,172,172,517,631.6791650840023,,,,,,,,,,,,,,,,,,,,,,,,,,,,,,,,,,,,,,,,,,,,,,,,,,,,,,,,,,,,,,,,,,,,,,631.6704387500067,631.6791650840023,632.415031749988,632.415031749988,632.415031749988,632.4869714170054,632.4869714170054,632.4869714170054,632.868318333989,z,1.179750209004851,None,632.8685799999803,632.8686761669815,None,,,,,,,,,,,,21040099,1,2026-01-08_12h24.15.625,tilt_mocs,2024.2.4,120.82547964695175,2026-01-08 12h24.34.223250 -0500,
2,-15.0,,173,173,0,,,,,100,0,,,,,c+2,negs,0.5,period,0.9637749170069583,None,None,,,,,,,,,,,0,173,173,468,632.8803850839904,,,,,,,,,,,,,,,,,,,,,,,,,,,,,,,,,,,,,,,,,,,,,,,,,,,,,,,,,,,,,,,,,,,,,,632.8713369999896,632.8803850839904,633.364454124996,633.364454124996,633.364454124996,633.4376627919846,633.4376627919846,633.4376627919846,633.8510079589905,period,0.9637749170069583,None,633.8511322499835,633.8511842089938,None,,,,,,,,,,,,21040099,1,2026-01-08_12h24.15.625,tilt_mocs,2024.2.4,120.82547964695175,2026-01-08 12h24.34.223250 -0500,
4,0.0,,174,174,0,,,,,0,100,,,,,c+4,noss,0.5,period,1.0645622920128517,None,None,,,,,,,,,,,0,174,174,678,633.8623867499991,,,,,,,,,,,,,,,,,,,,,,,,,,,,,,,,,,,,,,,,,,,,,,,,,,,,,,,,,,,,,,,,,,,,,,633.85369441699,633.8623867499991,634.3483637919999,634.3483637919999,634.3483637919999,634.420636291994,634.420636291994,634.420636291994,634.9344832499919,period,1.0645622920128517,None,634.9346236249839,634.9346781669883,None,,,,,,,,,,,,21040099,1,2026-01-08_12h24.15.625,tilt_mocs,2024.2.4,120.82547964695175,2026-01-08 12h24.34.223250 -0500,
-2,15.0,,175,175,0,,,,,100,0,,,,,c-2,poss,0.5,z,0.9877159169991501,None,None,,,,,,,,,,,0,175,175,8,634.9455954589939,,,,,,,,,,,,,,,,,,,,,,,,,,,,,,,,,,,,,,,,,,,,,,,,,,,,,,,,,,,,,,,,,,,,,,634.9367370840046,634.9455954589939,635.4318706670019,635.4318706670019,635.4318706670019,635.5041536669887,635.5041536669887,635.5041536669887,635.9457227920066,z,0.9877159169991501,None,635.9458227090072,635.9458645420091,None,,,,,,,,,,,,21040099,1,2026-01-08_12h24.15.625,tilt_mocs,2024.2.4,120.82547964695175,2026-01-08 12h24.34.223250 -0500,
0,-15.0,,176,176,0,,,,,100,0,,,,,c+0,negs,0.5,period,1.0139557500078809,None,None,,,,,,,,,,,0,176,176,428,635.9524366249971,,,,,,,,,,,,,,,,,,,,,,,,,,,,,,,,,,,,,,,,,,,,,,,,,,,,,,,,,,,,,,,,,,,,,,635.9479179589835,635.9524366249971,636.441405333986,636.441405333986,636.441405333986,636.5156932499958,636.5156932499958,636.5156932499958,636.969481624983,period,1.0139557500078809,None,636.9696185840003,636.9697132919973,None,,,,,,,,,,,,21040099,1,2026-01-08_12h24.15.625,tilt_mocs,2024.2.4,120.82547964695175,2026-01-08 12h24.34.223250 -0500,
-4,-15.0,,177,177,0,,,,,100,0,,,,,c-4,negs,0.75,period,1.3426894590083975,None,None,,,,,,,,,,,0,177,177,355,636.9807201249932,,,,,,,,,,,,,,,,,,,,,,,,,,,,,,,,,,,,,,,,,,,,,,,,,,,,,,,,,,,,,,,,,,,,,,636.9719152089965,636.9807201249932,637.7148603340029,637.7148603340029,637.7148603340029,637.7875783339841,637.7875783339841,637.7875783339841,638.3346052090055,period,1.3426894590083975,None,638.3347400839848,638.3347920000087,None,,,,,,,,,,,,21040099,1,2026-01-08_12h24.15.625,tilt_mocs,2024.2.4,120.82547964695175,2026-01-08 12h24.34.223250 -0500,
2,0.0,,178,178,0,,,,,0,100,,,,,c+2,noss,1.0,period,1.424189875018783,None,None,,,,,,,,,,,0,178,178,652,638.3457427090034,,,,,,,,,,,,,,,,,,,,,,,,,,,,,,,,,,,,,,,,,,,,,,,,,,,,,,,,,,,,,,,,,,,,,,638.3370067919896,638.3457427090034,639.3313095839985,639.3313095839985,639.3313095839985,639.4040675839933,639.4040675839933,639.4040675839933,639.7734717919957,period,1.424189875018783,None,639.773599209002,639.7736553750001,None,,,,,,,,,,,,21040099,1,2026-01-08_12h24.15.625,tilt_mocs,2024.2.4,120.82547964695175,2026-01-08 12h24.34.223250 -0500,
4,15.0,,179,179,0,,,,,100,0,,,,,c+4,poss,0.5,period,1.3090386670082808,None,None,,,,,,,,,,,0,179,179,130,639.7848215840058,,,,,,,,,,,,,,,,,,,,,,,,,,,,,,,,,,,,,,,,,,,,,,,,,,,,,,,,,,,,,,,,,,,,,,639.7759317089804,639.7848215840058,640.2750007499999,640.2750007499999,640.2750007499999,640.3493094169826,640.3493094169826,640.3493094169826,641.1015122499957,period,1.3090386670082808,None,641.1016699169995,641.1017267089919,None,,,,,,,,,,,,21040099,1,2026-01-08_12h24.15.625,tilt_mocs,2024.2.4,120.82547964695175,2026-01-08 12h24.34.223250 -0500,
-8,-15.0,,180,180,0,,,,,100,0,,,,,c-8,negs,0.5,z,1.016306582983816,None,None,,,,,,,,,,,0,180,180,254,641.1139043339936,,,,,,,,,,,,,,,,,,,,,,,,,,,,,,,,,,,,,,,,,,,,,,,,,,,,,,,,,,,,,,,,,,,,,,641.1045361669967,641.1139043339936,641.5986606669903,641.5986606669903,641.5986606669903,641.6719109590049,641.6719109590049,641.6719109590049,642.1347199589945,z,1.016306582983816,None,642.1348465839983,642.1348969590035,None,,,,,,,,,,,,21040099,1,2026-01-08_12h24.15.625,tilt_mocs,2024.2.4,120.82547964695175,2026-01-08 12h24.34.223250 -0500,
0,0.0,,181,181,0,,,,,0,100,,,,,c+0,noss,1.25,z,1.8868860410002526,None,None,,,,,,,,,,,0,181,181,622,642.1455330000026,,,,,,,,,,,,,,,,,,,,,,,,,,,,,,,,,,,,,,,,,,,,,,,,,,,,,,,,,,,,,,,,,,,,,,642.137011999992,642.1455330000026,643.3820150840038,643.3820150840038,643.3820150840038,643.4549629999965,643.4549629999965,643.4549629999965,644.0348973750079,z,1.8868860410002526,None,644.0350312500086,644.0350839589955,None,,,,,,,,,,,,21040099,1,2026-01-08_12h24.15.625,tilt_mocs,2024.2.4,120.82547964695175,2026-01-08 12h24.34.223250 -0500,
-6,-15.0,,182,182,0,,,,,100,0,,,,,c-6,negs,1.25,z,1.6870433329895604,None,None,,,,,,,,,,,0,182,182,332,644.0459225839877,,,,,,,,,,,,,,,,,,,,,,,,,,,,,,,,,,,,,,,,,,,,,,,,,,,,,,,,,,,,,,,,,,,,,,644.0372004169913,644.0459225839877,645.2822267919837,645.2822267919837,645.2822267919837,645.3544818749942,645.3544818749942,645.3544818749942,645.7359217499907,z,1.6870433329895604,None,645.7360827089869,645.7361346249818,None,,,,,,,,,,,,21040099,1,2026-01-08_12h24.15.625,tilt_mocs,2024.2.4,120.82547964695175,2026-01-08 12h24.34.223250 -0500,
-2,15.0,,183,183,0,,,,,100,0,,,,,c-2,poss,1.0,z,1.5037044170021545,None,None,,,,,,,,,,,0,183,183,31,645.7483973749913,,,,,,,,,,,,,,,,,,,,,,,,,,,,,,,,,,,,,,,,,,,,,,,,,,,,,,,,,,,,,,,,,,,,,,645.7394643749867,645.7483973749913,646.731551874982,646.731551874982,646.731551874982,646.8047217919957,646.8047217919957,646.8047217919957,647.2567944999901,z,1.5037044170021545,None,647.2569002920063,647.2569419170031,None,,,,,,,,,,,,21040099,1,2026-01-08_12h24.15.625,tilt_mocs,2024.2.4,120.82547964695175,2026-01-08 12h24.34.223250 -0500,
-4,-15.0,,184,184,0,,,,,100,0,,,,,c-4,negs,1.25,period,1.790458583011059,None,None,,,,,,,,,,,0,184,184,376,647.2680002499837,,,,,,,,,,,,,,,,,,,,,,,,,,,,,,,,,,,,,,,,,,,,,,,,,,,,,,,,,,,,,,,,,,,,,,647.2589178339986,647.2680002499837,648.5085480840062,648.5085480840062,648.5085480840062,648.5827781670087,648.5827781670087,648.5827781670087,649.0687450419937,period,1.790458583011059,None,649.0689052919915,649.0689664169913,None,,,,,,,,,,,,21040099,1,2026-01-08_12h24.15.625,tilt_mocs,2024.2.4,120.82547964695175,2026-01-08 12h24.34.223250 -0500,
2,-15.0,,185,185,0,,,,,100,0,,,,,c+2,negs,0.75,period,1.1523377080156934,None,None,,,,,,,,,,,0,185,185,475,649.0810070000007,,,,,,,,,,,,,,,,,,,,,,,,,,,,,,,,,,,,,,,,,,,,,,,,,,,,,,,,,,,,,,,,,,,,,,649.0718571250036,649.0810070000007,649.8156035839929,649.8156035839929,649.8156035839929,649.889350042009,649.889350042009,649.889350042009,650.2359705419804,period,1.1523377080156934,None,650.2361124589806,650.236167333991,None,,,,,,,,,,,,21040099,1,2026-01-08_12h24.15.625,tilt_mocs,2024.2.4,120.82547964695175,2026-01-08 12h24.34.223250 -0500,
2,15.0,,186,186,0,,,,,100,0,,,,,c+2,poss,1.0,z,1.5048767499974929,None,None,,,,,,,,,,,0,186,186,115,650.2472137500008,,,,,,,,,,,,,,,,,,,,,,,,,,,,,,,,,,,,,,,,,,,,,,,,,,,,,,,,,,,,,,,,,,,,,,650.2382714590058,650.2472137500008,651.2323572089954,651.2323572089954,651.2323572089954,651.3047934589849,651.3047934589849,651.3047934589849,651.7580677919905,z,1.5048767499974929,None,651.758180417004,651.7582247089886,None,,,,,,,,,,,,21040099,1,2026-01-08_12h24.15.625,tilt_mocs,2024.2.4,120.82547964695175,2026-01-08 12h24.34.223250 -0500,
2,0.0,,187,187,0,,,,,0,100,,,,,c+2,noss,0.75,period,1.4397905000078026,None,None,,,,,,,,,,,0,187,187,649,651.7686087919865,,,,,,,,,,,,,,,,,,,,,,,,,,,,,,,,,,,,,,,,,,,,,,,,,,,,,,,,,,,,,,,,,,,,,,651.7601908340002,651.7686087919865,652.5078515420028,652.5078515420028,652.5078515420028,652.583201625006,652.583201625006,652.583201625006,653.2185284589941,period,1.4397905000078026,None,653.2186619999993,653.2187150839891,None,,,,,,,,,,,,21040099,1,2026-01-08_12h24.15.625,tilt_mocs,2024.2.4,120.82547964695175,2026-01-08 12h24.34.223250 -0500,
-2,-15.0,,188,188,0,,,,,100,0,,,,,c-2,negs,1.25,period,1.7412914170126896,None,None,,,,,,,,,,,0,188,188,410,653.2300619589805,,,,,,,,,,,,,,,,,,,,,,,,,,,,,,,,,,,,,,,,,,,,,,,,,,,,,,,,,,,,,,,,,,,,,,653.2212202920055,653.2300619589805,654.465807583998,654.465807583998,654.465807583998,654.5379805839912,654.5379805839912,654.5379805839912,654.9739537919813,period,1.7412914170126896,None,654.9740814999968,654.9741342919879,None,,,,,,,,,,,,21040099,1,2026-01-08_12h24.15.625,tilt_mocs,2024.2.4,120.82547964695175,2026-01-08 12h24.34.223250 -0500,
0,15.0,,189,189,0,,,,,100,0,,,,,c+0,poss,0.5,z,1.032003333006287,None,None,,,,,,,,,,,0,189,189,51,654.984662709001,,,,,,,,,,,,,,,,,,,,,,,,,,,,,,,,,,,,,,,,,,,,,,,,,,,,,,,,,,,,,,,,,,,,,,654.9760911249905,654.984662709001,655.4756573750055,655.4756573750055,655.4756573750055,655.5497258749965,655.5497258749965,655.5497258749965,656.0192966669856,z,1.032003333006287,None,656.0195296669845,656.0196042919997,None,,,,,,,,,,,,21040099,1,2026-01-08_12h24.15.625,tilt_mocs,2024.2.4,120.82547964695175,2026-01-08 12h24.34.223250 -0500,
0,0.0,,190,190,0,,,,,0,100,,,,,c+0,noss,0.5,z,1.146869250020245,None,None,,,,,,,,,,,0,190,190,594,656.0309078749851,,,,,,,,,,,,,,,,,,,,,,,,,,,,,,,,,,,,,,,,,,,,,,,,,,,,,,,,,,,,,,,,,,,,,,656.0220543339965,656.0309078749851,656.5158724589855,656.5158724589855,656.5158724589855,656.5898131669965,656.5898131669965,656.5898131669965,657.1853900419956,z,1.146869250020245,None,657.1855190419883,657.185570667003,None,,,,,,,,,,,,21040099,1,2026-01-08_12h24.15.625,tilt_mocs,2024.2.4,120.82547964695175,2026-01-08 12h24.34.223250 -0500,
2,0.0,,191,191,0,,,,,0,100,,,,,c+2,noss,0.75,period,1.2602563750115223,None,None,,,,,,,,,,,0,191,191,645,657.1969406249991,,,,,,,,,,,,,,,,,,,,,,,,,,,,,,,,,,,,,,,,,,,,,,,,,,,,,,,,,,,,,,,,,,,,,,657.1880768339906,657.1969406249991,657.9325625420024,657.9325625420024,657.9325625420024,658.0047724589822,658.0047724589822,658.0047724589822,658.4686395839963,period,1.2602563750115223,None,658.4687781670073,658.468832249986,None,,,,,,,,,,,,21040099,1,2026-01-08_12h24.15.625,tilt_mocs,2024.2.4,120.82547964695175,2026-01-08 12h24.34.223250 -0500,
4,0.0,,192,192,0,,,,,0,100,,,,,c+4,noss,1.0,period,1.4313699579797685,None,None,,,,,,,,,,,0,192,192,701,658.4800832089968,,,,,,,,,,,,,,,,,,,,,,,,,,,,,,,,,,,,,,,,,,,,,,,,,,,,,,,,,,,,,,,,,,,,,,658.471019833989,658.4800832089968,659.4659697919851,659.4659697919851,659.4659697919851,659.5380686249991,659.5380686249991,659.5380686249991,659.919368584,period,1.4313699579797685,None,659.9195222919807,659.9195790840022,None,,,,,,,,,,,,21040099,1,2026-01-08_12h24.15.625,tilt_mocs,2024.2.4,120.82547964695175,2026-01-08 12h24.34.223250 -0500,
0,0.0,,193,193,0,,,,,0,100,,,,,c+0,noss,1.0,z,1.5625608329719398,None,None,,,,,,,,,,,0,193,193,617,659.9306698750006,,,,,,,,,,,,,,,,,,,,,,,,,,,,,,,,,,,,,,,,,,,,,,,,,,,,,,,,,,,,,,,,,,,,,,659.9218578340078,659.9306698750006,660.9160473750089,660.9160473750089,660.9160473750089,660.988741624984,660.988741624984,660.988741624984,661.5011447919824,z,1.5625608329719398,None,661.5013035419979,661.5013583340042,None,,,,,,,,,,,,21040099,1,2026-01-08_12h24.15.625,tilt_mocs,2024.2.4,120.82547964695175,2026-01-08 12h24.34.223250 -0500,
2,-15.0,,194,194,0,,,,,100,0,,,,,c+2,negs,0.75,period,1.2415828329976648,None,None,,,,,,,,,,,0,194,194,478,661.5130043749814,,,,,,,,,,,,,,,,,,,,,,,,,,,,,,,,,,,,,,,,,,,,,,,,,,,,,,,,,,,,,,,,,,,,,,661.5039247919922,661.5130043749814,662.2493942090077,662.2493942090077,662.2493942090077,662.3216390419984,662.3216390419984,662.3216390419984,662.7582870839979,period,1.2415828329976648,None,662.7584148749884,662.758456584008,None,,,,,,,,,,,,21040099,1,2026-01-08_12h24.15.625,tilt_mocs,2024.2.4,120.82547964695175,2026-01-08 12h24.34.223250 -0500,
-2,-15.0,,195,195,0,,,,,100,0,,,,,c-2,negs,0.75,period,1.1651190420088824,None,None,,,,,,,,,,,0,195,195,391,662.7691817499872,,,,,,,,,,,,,,,,,,,,,,,,,,,,,,,,,,,,,,,,,,,,,,,,,,,,,,,,,,,,,,,,,,,,,,662.7604046670021,662.7691817499872,663.5092746669834,663.5092746669834,663.5092746669834,663.5833716249908,663.5833716249908,663.5833716249908,663.9470703339903,period,1.1651190420088824,None,663.9471728749922,663.9472162089951,None,,,,,,,,,,,,21040099,1,2026-01-08_12h24.15.625,tilt_mocs,2024.2.4,120.82547964695175,2026-01-08 12h24.34.223250 -0500,
-6,-15.0,,196,196,0,,,,,100,0,,,,,c-6,negs,0.75,z,1.215413666999666,None,None,,,,,,,,,,,0,196,196,313,663.9540519590082,,,,,,,,,,,,,,,,,,,,,,,,,,,,,,,,,,,,,,,,,,,,,,,,,,,,,,,,,,,,,,,,,,,,,,663.9493062919937,663.9540519590082,664.6923065419833,664.6923065419833,664.6923065419833,664.7668502919842,664.7668502919842,664.7668502919842,665.1748544169823,z,1.215413666999666,None,665.1749585839862,665.1749998749874,None,,,,,,,,,,,,21040099,1,2026-01-08_12h24.15.625,tilt_mocs,2024.2.4,120.82547964695175,2026-01-08 12h24.34.223250 -0500,
4,15.0,,197,197,0,,,,,100,0,,,,,c+4,poss,1.0,z,1.5217466249887366,None,None,,,,,,,,,,,0,197,197,154,665.1858314590063,,,,,,,,,,,,,,,,,,,,,,,,,,,,,,,,,,,,,,,,,,,,,,,,,,,,,,,,,,,,,,,,,,,,,,665.1769230419886,665.1858314590063,666.1754022089881,666.1754022089881,666.1754022089881,666.2500749169849,666.2500749169849,666.2500749169849,666.7192290420062,z,1.5217466249887366,None,666.7194554999878,666.719553834002,None,,,,,,,,,,,,21040099,1,2026-01-08_12h24.15.625,tilt_mocs,2024.2.4,120.82547964695175,2026-01-08 12h24.34.223250 -0500,
-8,-15.0,,198,198,0,,,,,100,0,,,,,c-8,negs,1.0,z,1.3697482499992475,None,None,,,,,,,,,,,0,198,198,278,666.7309548339981,,,,,,,,,,,,,,,,,,,,,,,,,,,,,,,,,,,,,,,,,,,,,,,,,,,,,,,,,,,,,,,,,,,,,,666.7219814169803,666.7309548339981,667.716326083988,667.716326083988,667.716326083988,667.7882484589936,667.7882484589936,667.7882484589936,668.103650917008,z,1.3697482499992475,None,668.1037967090087,668.1038562920003,None,,,,,,,,,,,,21040099,1,2026-01-08_12h24.15.625,tilt_mocs,2024.2.4,120.82547964695175,2026-01-08 12h24.34.223250 -0500,
-2,-15.0,,199,199,0,,,,,100,0,,,,,c-2,negs,1.0,z,1.6085829170187935,None,None,,,,,,,,,,,0,199,199,407,668.1151453339844,,,,,,,,,,,,,,,,,,,,,,,,,,,,,,,,,,,,,,,,,,,,,,,,,,,,,,,,,,,,,,,,,,,,,,668.1061286669865,668.1151453339844,669.0996394999966,669.0996394999966,669.0996394999966,669.1714297499857,669.1714297499857,669.1714297499857,669.7359161670029,z,1.6085829170187935,None,669.73604870899,669.736101833987,None,,,,,,,,,,,,21040099,1,2026-01-08_12h24.15.625,tilt_mocs,2024.2.4,120.82547964695175,2026-01-08 12h24.34.223250 -0500,
-6,-15.0,,200,200,0,,,,,100,0,,,,,c-6,negs,1.0,period,1.7126320000097621,None,None,,,,,,,,,,,0,200,200,323,669.7469263749954,,,,,,,,,,,,,,,,,,,,,,,,,,,,,,,,,,,,,,,,,,,,,,,,,,,,,,,,,,,,,,,,,,,,,,669.7382098340022,669.7469263749954,670.7331256670004,670.7331256670004,670.7331256670004,670.806477459002,670.806477459002,670.806477459002,671.4687199589971,period,1.7126320000097621,None,671.4688524589874,671.4689093749912,None,,,,,,,,,,,,21040099,1,2026-01-08_12h24.15.625,tilt_mocs,2024.2.4,120.82547964695175,2026-01-08 12h24.34.223250 -0500,
2,-15.0,,201,201,0,,,,,100,0,,,,,c+2,negs,0.75,period,1.2741203340119682,None,None,,,,,,,,,,,0,201,201,482,671.479663709004,,,,,,,,,,,,,,,,,,,,,,,,,,,,,,,,,,,,,,,,,,,,,,,,,,,,,,,,,,,,,,,,,,,,,,671.4711034169886,671.479663709004,672.2165047090093,672.2165047090093,672.2165047090093,672.2882874170027,672.2882874170027,672.2882874170027,672.7579069169878,period,1.2741203340119682,None,672.7580346670002,672.7580900419853,None,,,,,,,,,,,,21040099,1,2026-01-08_12h24.15.625,tilt_mocs,2024.2.4,120.82547964695175,2026-01-08 12h24.34.223250 -0500,
2,0.0,,202,202,0,,,,,0,100,,,,,c+2,noss,0.5,period,0.9268003329925705,None,None,,,,,,,,,,,0,202,202,630,672.7692480839905,,,,,,,,,,,,,,,,,,,,,,,,,,,,,,,,,,,,,,,,,,,,,,,,,,,,,,,,,,,,,,,,,,,,,,672.7601600000053,672.7692480839905,673.2595819169946,673.2595819169946,673.2595819169946,673.3336854169902,673.3336854169902,673.3336854169902,673.702320249984,period,0.9268003329925705,None,673.7024221669999,673.7024688749807,None,,,,,,,,,,,,21040099,1,2026-01-08_12h24.15.625,tilt_mocs,2024.2.4,120.82547964695175,2026-01-08 12h24.34.223250 -0500,
2,0.0,,203,203,0,,,,,0,100,,,,,c+2,noss,1.0,z,1.6390287920075934,None,None,,,,,,,,,,,0,203,203,653,673.7129210419953,,,,,,,,,,,,,,,,,,,,,,,,,,,,,,,,,,,,,,,,,,,,,,,,,,,,,,,,,,,,,,,,,,,,,,673.7044335840037,673.7129210419953,674.6999151250056,674.6999151250056,674.6999151250056,674.7730815839896,674.7730815839896,674.7730815839896,675.3584657089959,z,1.6390287920075934,None,675.3585854170087,675.3586365419906,None,,,,,,,,,,,,21040099,1,2026-01-08_12h24.15.625,tilt_mocs,2024.2.4,120.82547964695175,2026-01-08 12h24.34.223250 -0500,
8,15.0,,204,204,0,,,,,100,0,,,,,c+8,poss,0.5,z,0.8885873330000322,None,None,,,,,,,,,,,0,204,204,212,675.3695582500077,,,,,,,,,,,,,,,,,,,,,,,,,,,,,,,,,,,,,,,,,,,,,,,,,,,,,,,,,,,,,,,,,,,,,,675.3607447920076,675.3695582500077,675.8601077499916,675.8601077499916,675.8601077499916,675.9337609169888,675.9337609169888,675.9337609169888,676.269618041988,z,0.8885873330000322,None,676.2697762919997,676.2698370839935,None,,,,,,,,,,,,21040099,1,2026-01-08_12h24.15.625,tilt_mocs,2024.2.4,120.82547964695175,2026-01-08 12h24.34.223250 -0500,
0,0.0,,205,205,0,,,,,0,100,,,,,c+0,noss,1.25,z,1.7353932919795625,None,None,,,,,,,,,,,0,205,205,628,676.2821498340054,,,,,,,,,,,,,,,,,,,,,,,,,,,,,,,,,,,,,,,,,,,,,,,,,,,,,,,,,,,,,,,,,,,,,,676.2727858340077,676.2821498340054,677.516683416994,677.516683416994,677.516683416994,677.5894288749842,677.5894288749842,677.5894288749842,678.020667292003,z,1.7353932919795625,None,678.0208313339972,678.0208870839851,None,,,,,,,,,,,,21040099,1,2026-01-08_12h24.15.625,tilt_mocs,2024.2.4,120.82547964695175,2026-01-08 12h24.34.223250 -0500,
4,0.0,,206,206,0,,,,,0,100,,,,,c+4,noss,1.25,period,1.8400963750027586,None,None,,,,,,,,,,,0,206,206,712,678.0337488749938,,,,,,,,,,,,,,,,,,,,,,,,,,,,,,,,,,,,,,,,,,,,,,,,,,,,,,,,,,,,,,,,,,,,,,678.0245656250045,678.0337488749938,679.2669067920069,679.2669067920069,679.2669067920069,679.3389485419902,679.3389485419902,679.3389485419902,679.8768066249904,period,1.8400963750027586,None,679.8769467920065,679.8770044999837,None,,,,,,,,,,,,21040099,1,2026-01-08_12h24.15.625,tilt_mocs,2024.2.4,120.82547964695175,2026-01-08 12h24.34.223250 -0500,
0,0.0,,207,207,0,,,,,0,100,,,,,c+0,noss,0.5,period,1.1392210420162883,None,None,,,,,,,,,,,0,207,207,588,679.8873386250052,,,,,,,,,,,,,,,,,,,,,,,,,,,,,,,,,,,,,,,,,,,,,,,,,,,,,,,,,,,,,,,,,,,,,,679.8793574169977,679.8873386250052,680.3765553749981,680.3765553749981,680.3765553749981,680.4506000840047,680.4506000840047,680.4506000840047,681.036227042001,period,1.1392210420162883,None,681.036371833994,681.036428499996,None,,,,,,,,,,,,21040099,1,2026-01-08_12h24.15.625,tilt_mocs,2024.2.4,120.82547964695175,2026-01-08 12h24.34.223250 -0500,
-4,-15.0,,208,208,0,,,,,100,0,,,,,c-4,negs,0.75,z,1.3882535839802586,None,None,,,,,,,,,,,0,208,208,357,681.0478292089829,,,,,,,,,,,,,,,,,,,,,,,,,,,,,,,,,,,,,,,,,,,,,,,,,,,,,,,,,,,,,,,,,,,,,,681.0386727500008,681.0478292089829,681.7835013339936,681.7835013339936,681.7835013339936,681.8555644169974,681.8555644169974,681.8555644169974,682.4420713750005,z,1.3882535839802586,None,682.4421974589932,682.4422484999814,None,,,,,,,,,,,,21040099,1,2026-01-08_12h24.15.625,tilt_mocs,2024.2.4,120.82547964695175,2026-01-08 12h24.34.223250 -0500,
4,15.0,,209,209,0,,,,,100,0,,,,,c+4,poss,0.75,z,1.2746895420132205,None,None,,,,,,,,,,,0,209,209,143,682.4532142090029,,,,,,,,,,,,,,,,,,,,,,,,,,,,,,,,,,,,,,,,,,,,,,,,,,,,,,,,,,,,,,,,,,,,,,682.4448045839963,682.4532142090029,683.1931514999887,683.1931514999887,683.1931514999887,683.2675093750004,683.2675093750004,683.2675093750004,683.7367870000016,z,1.2746895420132205,None,683.736936041998,683.7369922499929,None,,,,,,,,,,,,21040099,1,2026-01-08_12h24.15.625,tilt_mocs,2024.2.4,120.82547964695175,2026-01-08 12h24.34.223250 -0500,
-6,-15.0,,210,210,0,,,,,100,0,,,,,c-6,negs,1.25,z,1.6144669160130434,None,None,,,,,,,,,,,0,210,210,330,683.7481371669855,,,,,,,,,,,,,,,,,,,,,,,,,,,,,,,,,,,,,,,,,,,,,,,,,,,,,,,,,,,,,,,,,,,,,,683.7392563750036,683.7481371669855,684.9825011249923,684.9825011249923,684.9825011249923,685.0558674589847,685.0558674589847,685.0558674589847,685.3703547499899,z,1.6144669160130434,None,685.3705000419868,685.3705633339996,None,,,,,,,,,,,,21040099,1,2026-01-08_12h24.15.625,tilt_mocs,2024.2.4,120.82547964695175,2026-01-08 12h24.34.223250 -0500,
-4,-15.0,,211,211,0,,,,,100,0,,,,,c-4,negs,0.75,z,1.2561698339995928,None,None,,,,,,,,,,,0,211,211,352,685.3815728749905,,,,,,,,,,,,,,,,,,,,,,,,,,,,,,,,,,,,,,,,,,,,,,,,,,,,,,,,,,,,,,,,,,,,,,685.3727970839827,685.3815728749905,686.1168937089969,686.1168937089969,686.1168937089969,686.189538125007,686.189538125007,686.189538125007,686.6417041670065,z,1.2561698339995928,None,686.641826667008,686.6418775419879,None,,,,,,,,,,,,21040099,1,2026-01-08_12h24.15.625,tilt_mocs,2024.2.4,120.82547964695175,2026-01-08 12h24.34.223250 -0500,
2,0.0,,212,212,0,,,,,0,100,,,,,c+2,noss,0.75,z,1.1941294170101173,None,None,,,,,,,,,,,0,212,212,644,686.6529974589939,,,,,,,,,,,,,,,,,,,,,,,,,,,,,,,,,,,,,,,,,,,,,,,,,,,,,,,,,,,,,,,,,,,,,,686.6439922499994,686.6529974589939,687.3931910840038,687.3931910840038,687.3931910840038,687.4674654999981,687.4674654999981,687.4674654999981,687.8536470840045,z,1.1941294170101173,None,687.8538082499872,687.853871875006,None,,,,,,,,,,,,21040099,1,2026-01-08_12h24.15.625,tilt_mocs,2024.2.4,120.82547964695175,2026-01-08 12h24.34.223250 -0500,
6,15.0,,213,213,0,,,,,100,0,,,,,c+6,poss,0.5,z,0.925488792010583,None,None,,,,,,,,,,,0,213,213,177,687.8657305839879,,,,,,,,,,,,,,,,,,,,,,,,,,,,,,,,,,,,,,,,,,,,,,,,,,,,,,,,,,,,,,,,,,,,,,687.8565359589993,687.8657305839879,688.350282667001,688.350282667001,688.350282667001,688.4227219589811,688.4227219589811,688.4227219589811,688.802249750006,z,0.925488792010583,None,688.8023584999901,688.8024005419866,None,,,,,,,,,,,,21040099,1,2026-01-08_12h24.15.625,tilt_mocs,2024.2.4,120.82547964695175,2026-01-08 12h24.34.223250 -0500,
2,-15.0,,214,214,0,,,,,100,0,,,,,c+2,negs,1.0,z,1.6744836660218425,None,None,,,,,,,,,,,0,214,214,493,688.8095696670061,,,,,,,,,,,,,,,,,,,,,,,,,,,,,,,,,,,,,,,,,,,,,,,,,,,,,,,,,,,,,,,,,,,,,,688.8044320000045,688.8095696670061,689.7994285839959,689.7994285839959,689.7994285839959,689.8724927500007,689.8724927500007,689.8724927500007,690.4870282500051,z,1.6744836660218425,None,690.487170916982,690.4872245419829,None,,,,,,,,,,,,21040099,1,2026-01-08_12h24.15.625,tilt_mocs,2024.2.4,120.82547964695175,2026-01-08 12h24.34.223250 -0500,
4,15.0,,215,215,0,,,,,100,0,,,,,c+4,poss,1.0,z,1.4136012920062058,None,None,,,,,,,,,,,0,215,215,152,690.4987478749827,,,,,,,,,,,,,,,,,,,,,,,,,,,,,,,,,,,,,,,,,,,,,,,,,,,,,,,,,,,,,,,,,,,,,,690.4893009999942,690.4987478749827,691.4837735839828,691.4837735839828,691.4837735839828,691.5562217499828,691.5562217499828,691.5562217499828,691.920141791983,z,1.4136012920062058,None,691.9203093340038,691.9203660839994,None,,,,,,,,,,,,21040099,1,2026-01-08_12h24.15.625,tilt_mocs,2024.2.4,120.82547964695175,2026-01-08 12h24.34.223250 -0500,
-2,0.0,,216,216,0,,,,,0,100,,,,,c-2,noss,0.5,z,0.9082512499880977,None,None,,,,,,,,,,,0,216,216,546,691.9323459999869,,,,,,,,,,,,,,,,,,,,,,,,,,,,,,,,,,,,,,,,,,,,,,,,,,,,,,,,,,,,,,,,,,,,,,691.9233324590023,691.9323459999869,692.416812874988,692.416812874988,692.416812874988,692.4894286670024,692.4894286670024,692.4894286670024,692.8431350839965,z,0.9082512499880977,None,692.8432462089986,692.843286791991,None,,,,,,,,,,,,21040099,1,2026-01-08_12h24.15.625,tilt_mocs,2024.2.4,120.82547964695175,2026-01-08 12h24.34.223250 -0500,
-2,15.0,,217,217,0,,,,,100,0,,,,,c-2,poss,1.25,z,1.6726851249986794,None,None,,,,,,,,,,,0,217,217,32,692.8535028749902,,,,,,,,,,,,,,,,,,,,,,,,,,,,,,,,,,,,,,,,,,,,,,,,,,,,,,,,,,,,,,,,,,,,,,692.8452545419859,692.8535028749902,694.0930100840051,694.0930100840051,694.0930100840051,694.1675705419912,694.1675705419912,694.1675705419912,694.5365702919953,z,1.6726851249986794,None,694.5366952089826,694.5367477499822,None,,,,,,,,,,,,21040099,1,2026-01-08_12h24.15.625,tilt_mocs,2024.2.4,120.82547964695175,2026-01-08 12h24.34.223250 -0500,
-2,15.0,,218,218,0,,,,,100,0,,,,,c-2,poss,1.25,z,1.637559291004436,None,None,,,,,,,,,,,0,218,218,35,694.5478812090005,,,,,,,,,,,,,,,,,,,,,,,,,,,,,,,,,,,,,,,,,,,,,,,,,,,,,,,,,,,,,,,,,,,,,,694.5392241250083,694.5478812090005,695.7842941669805,695.7842941669805,695.7842941669805,695.8562635839917,695.8562635839917,695.8562635839917,696.1974313340033,z,1.637559291004436,None,696.1975427499856,696.1976257089991,None,,,,,,,,,,,,21040099,1,2026-01-08_12h24.15.625,tilt_mocs,2024.2.4,120.82547964695175,2026-01-08 12h24.34.223250 -0500,
0,15.0,,219,219,0,,,,,100,0,,,,,c+0,poss,0.75,z,1.130068124999525,None,None,,,,,,,,,,,0,219,219,58,696.2040234589949,,,,,,,,,,,,,,,,,,,,,,,,,,,,,,,,,,,,,,,,,,,,,,,,,,,,,,,,,,,,,,,,,,,,,,696.1995712500066,696.2040234589949,696.9440706669993,696.9440706669993,696.9440706669993,697.0179921250092,697.0179921250092,697.0179921250092,697.3367059169977,z,1.130068124999525,None,697.3368680419808,697.3370402919827,None,,,,,,,,,,,,21040099,1,2026-01-08_12h24.15.625,tilt_mocs,2024.2.4,120.82547964695175,2026-01-08 12h24.34.223250 -0500,
-6,-15.0,,220,220,0,,,,,100,0,,,,,c-6,negs,0.75,z,1.1230304589844309,None,None,,,,,,,,,,,0,220,220,314,697.3489416250086,,,,,,,,,,,,,,,,,,,,,,,,,,,,,,,,,,,,,,,,,,,,,,,,,,,,,,,,,,,,,,,,,,,,,,697.3395492499985,697.3489416250086,698.0837395839917,698.0837395839917,698.0837395839917,698.1558832919982,698.1558832919982,698.1558832919982,698.4752997499891,z,1.1230304589844309,None,698.4753975420026,698.475449916994,None,,,,,,,,,,,,21040099,1,2026-01-08_12h24.15.625,tilt_mocs,2024.2.4,120.82547964695175,2026-01-08 12h24.34.223250 -0500,
-2,15.0,,221,221,0,,,,,100,0,,,,,c-2,poss,1.0,z,1.343849708995549,None,None,,,,,,,,,,,0,221,221,24,698.4864050839969,,,,,,,,,,,,,,,,,,,,,,,,,,,,,,,,,,,,,,,,,,,,,,,,,,,,,,,,,,,,,,,,,,,,,,698.4773989999958,698.4864050839969,699.4767938749865,699.4767938749865,699.4767938749865,699.5514967920026,699.5514967920026,699.5514967920026,699.8364637499908,z,1.343849708995549,None,699.8365674589877,699.8366094589874,None,,,,,,,,,,,,21040099,1,2026-01-08_12h24.15.625,tilt_mocs,2024.2.4,120.82547964695175,2026-01-08 12h24.34.223250 -0500,
-2,0.0,,222,222,0,,,,,0,100,,,,,c-2,noss,0.5,z,0.8425225419923663,None,None,,,,,,,,,,,0,222,222,556,699.8472189169843,,,,,,,,,,,,,,,,,,,,,,,,,,,,,,,,,,,,,,,,,,,,,,,,,,,,,,,,,,,,,,,,,,,,,,699.8385827500024,699.8472189169843,700.3341777499882,700.3341777499882,700.3341777499882,700.4075713339844,700.4075713339844,700.4075713339844,700.6932310840057,z,0.8425225419923663,None,700.6933382919815,700.6934013339924,None,,,,,,,,,,,,21040099,1,2026-01-08_12h24.15.625,tilt_mocs,2024.2.4,120.82547964695175,2026-01-08 12h24.34.223250 -0500,
2,15.0,,223,223,0,,,,,100,0,,,,,c+2,poss,1.25,z,1.6545382090262137,None,None,,,,,,,,,,,0,223,223,121,700.7038705000014,,,,,,,,,,,,,,,,,,,,,,,,,,,,,,,,,,,,,,,,,,,,,,,,,,,,,,,,,,,,,,,,,,,,,,700.6953767919913,700.7038705000014,701.9430214169843,701.9430214169843,701.9430214169843,702.0180055839883,702.0180055839883,702.0180055839883,702.37034420899,z,1.6545382090262137,None,702.3704483750043,702.3704912920075,None,,,,,,,,,,,,21040099,1,2026-01-08_12h24.15.625,tilt_mocs,2024.2.4,120.82547964695175,2026-01-08 12h24.34.223250 -0500,
4,15.0,,224,224,0,,,,,100,0,,,,,c+4,poss,0.75,z,1.0594815000076778,None,None,,,,,,,,,,,0,224,224,137,702.3834762089828,,,,,,,,,,,,,,,,,,,,,,,,,,,,,,,,,,,,,,,,,,,,,,,,,,,,,,,,,,,,,,,,,,,,,,702.3724664589972,702.3834762089828,703.1175134170044,703.1175134170044,703.1175134170044,703.1896349589806,703.1896349589806,703.1896349589806,703.4537456670078,z,1.0594815000076778,None,703.4538839589804,703.4539556250093,None,,,,,,,,,,,,21040099,1,2026-01-08_12h24.15.625,tilt_mocs,2024.2.4,120.82547964695175,2026-01-08 12h24.34.223250 -0500,
-2,15.0,,225,225,0,,,,,100,0,,,,,c-2,poss,0.75,z,1.0369848329864908,None,None,,,,,,,,,,,0,225,225,13,703.4649795419828,,,,,,,,,,,,,,,,,,,,,,,,,,,,,,,,,,,,,,,,,,,,,,,,,,,,,,,,,,,,,,,,,,,,,,703.4562282499974,703.4649795419828,704.2009890839981,704.2009890839981,704.2009890839981,704.2741408750007,704.2741408750007,704.2741408750007,704.5037975419837,z,1.0369848329864908,None,704.5038480839867,704.5038634589873,None,,,,,,,,,,,,21040099,1,2026-01-08_12h24.15.625,tilt_mocs,2024.2.4,120.82547964695175,2026-01-08 12h24.34.223250 -0500,
2,15.0,,226,226,0,,,,,100,0,,,,,c+2,poss,1.25,z,1.5473517500213347,None,None,,,,,,,,,,,0,226,226,119,704.5109369169804,,,,,,,,,,,,,,,,,,,,,,,,,,,,,,,,,,,,,,,,,,,,,,,,,,,,,,,,,,,,,,,,,,,,,,704.5046221250086,704.5109369169804,705.7510673340003,705.7510673340003,705.7510673340003,705.8228356670006,705.8228356670006,705.8228356670006,706.0712019169878,z,1.5473517500213347,None,706.0713506669854,706.0714314589859,None,,,,,,,,,,,,21040099,1,2026-01-08_12h24.15.625,tilt_mocs,2024.2.4,120.82547964695175,2026-01-08 12h24.34.223250 -0500,
-2,0.0,,227,227,0,,,,,0,100,,,,,c-2,noss,0.5,z,0.8272427500050981,None,None,,,,,,,,,,,0,227,227,552,706.0828725839965,,,,,,,,,,,,,,,,,,,,,,,,,,,,,,,,,,,,,,,,,,,,,,,,,,,,,,,,,,,,,,,,,,,,,,706.0739968749986,706.0828725839965,706.5676490000042,706.5676490000042,706.5676490000042,706.6404500839999,706.6404500839999,706.6404500839999,706.9206484589959,z,0.8272427500050981,None,706.9208045419946,706.9208638749842,None,,,,,,,,,,,,21040099,1,2026-01-08_12h24.15.625,tilt_mocs,2024.2.4,120.82547964695175,2026-01-08 12h24.34.223250 -0500,
-8,-15.0,,228,228,0,,,,,100,0,,,,,c-8,negs,0.75,z,1.0925627909891773,None,None,,,,,,,,,,,0,228,228,268,706.9329930419917,,,,,,,,,,,,,,,,,,,,,,,,,,,,,,,,,,,,,,,,,,,,,,,,,,,,,,,,,,,,,,,,,,,,,,706.9236087499885,706.9329930419917,707.6676846249902,707.6676846249902,707.6676846249902,707.7397366669902,707.7397366669902,707.7397366669902,708.0371571669821,z,1.0925627909891773,None,708.0372817089956,708.037355916982,None,,,,,,,,,,,,21040099,1,2026-01-08_12h24.15.625,tilt_mocs,2024.2.4,120.82547964695175,2026-01-08 12h24.34.223250 -0500,
2,0.0,,229,229,0,,,,,0,100,,,,,c+2,noss,1.0,z,1.29436558301677,None,None,,,,,,,,,,,0,229,229,656,708.047879958991,,,,,,,,,,,,,,,,,,,,,,,,,,,,,,,,,,,,,,,,,,,,,,,,,,,,,,,,,,,,,,,,,,,,,,708.0393120840017,708.047879958991,709.0333947920008,709.0333947920008,709.0333947920008,709.107011583983,709.107011583983,709.107011583983,709.3554472499818,z,1.29436558301677,None,709.3555921670049,709.3556476249942,None,,,,,,,,,,,,21040099,1,2026-01-08_12h24.15.625,tilt_mocs,2024.2.4,120.82547964695175,2026-01-08 12h24.34.223250 -0500,
4,0.0,,230,230,0,,,,,0,100,,,,,c+4,noss,1.25,z,1.6366890410135966,None,None,,,,,,,,,,,0,230,230,711,709.3666015839844,,,,,,,,,,,,,,,,,,,,,,,,,,,,,,,,,,,,,,,,,,,,,,,,,,,,,,,,,,,,,,,,,,,,,,709.3577839169884,709.3666015839844,710.6011557919846,710.6011557919846,710.6011557919846,710.6733428750013,710.6733428750013,710.6733428750013,711.0077685419819,z,1.6366890410135966,None,711.0078863749804,711.007957083988,None,,,,,,,,,,,,21040099,1,2026-01-08_12h24.15.625,tilt_mocs,2024.2.4,120.82547964695175,2026-01-08 12h24.34.223250 -0500,
2,-15.0,,231,231,0,,,,,100,0,,,,,c+2,negs,0.5,z,0.8844291249988601,None,None,,,,,,,,,,,0,231,231,463,711.0185545840068,,,,,,,,,,,,,,,,,,,,,,,,,,,,,,,,,,,,,,,,,,,,,,,,,,,,,,,,,,,,,,,,,,,,,,711.0099623749848,711.0185545840068,711.5106587919872,711.5106587919872,711.5106587919872,711.5848138339934,711.5848138339934,711.5848138339934,711.9092965000018,z,0.8844291249988601,None,711.9095265420037,711.9096237089834,None,,,,,,,,,,,,21040099,1,2026-01-08_12h24.15.625,tilt_mocs,2024.2.4,120.82547964695175,2026-01-08 12h24.34.223250 -0500,
-6,-15.0,,232,232,0,,,,,100,0,,,,,c-6,negs,1.0,z,1.4719739580177702,None,None,,,,,,,,,,,0,232,232,325,711.9209650839912,,,,,,,,,,,,,,,,,,,,,,,,,,,,,,,,,,,,,,,,,,,,,,,,,,,,,,,,,,,,,,,,,,,,,,711.9119995000074,711.9209650839912,712.9107147089962,712.9107147089962,712.9107147089962,712.9849317499902,712.9849317499902,712.9849317499902,713.4039970839804,z,1.4719739580177702,None,713.4041265420092,713.404192499991,None,,,,,,,,,,,,21040099,1,2026-01-08_12h24.15.625,tilt_mocs,2024.2.4,120.82547964695175,2026-01-08 12h24.34.223250 -0500,
-4,0.0,,233,233,0,,,,,0,100,,,,,c-4,noss,0.75,z,1.0543462500208989,None,None,,,,,,,,,,,0,233,233,515,713.4149974999891,,,,,,,,,,,,,,,,,,,,,,,,,,,,,,,,,,,,,,,,,,,,,,,,,,,,,,,,,,,,,,,,,,,,,,713.4063470840047,713.4149974999891,714.1518941249815,714.1518941249815,714.1518941249815,714.2239015839878,714.2239015839878,714.2239015839878,714.4811960420047,z,1.0543462500208989,None,714.4812925840088,714.4813343749847,None,,,,,,,,,,,,21040099,1,2026-01-08_12h24.15.625,tilt_mocs,2024.2.4,120.82547964695175,2026-01-08 12h24.34.223250 -0500,
0,-15.0,,234,234,0,,,,,100,0,,,,,c+0,negs,1.0,z,1.3695895840064622,None,None,,,,,,,,,,,0,234,234,451,714.4877841249981,,,,,,,,,,,,,,,,,,,,,,,,,,,,,,,,,,,,,,,,,,,,,,,,,,,,,,,,,,,,,,,,,,,,,,714.483269208984,714.4877841249981,715.4772749999829,715.4772749999829,715.4772749999829,715.551614875003,715.551614875003,715.551614875003,715.8712539999979,z,1.3695895840064622,None,715.8714080000063,715.8714616250072,None,,,,,,,,,,,,21040099,1,2026-01-08_12h24.15.625,tilt_mocs,2024.2.4,120.82547964695175,2026-01-08 12h24.34.223250 -0500,
-2,-15.0,,235,235,0,,,,,100,0,,,,,c-2,negs,1.25,period,1.863975209009368,None,None,,,,,,,,,,,0,235,235,413,715.882718125009,,,,,,,,,,,,,,,,,,,,,,,,,,,,,,,,,,,,,,,,,,,,,,,,,,,,,,,,,,,,,,,,,,,,,,715.8737456249946,715.882718125009,717.1173111249809,717.1173111249809,717.1173111249809,717.1900267919991,717.1900267919991,717.1900267919991,717.7542771669978,period,1.863975209009368,None,717.7544092499884,717.7544626669842,None,,,,,,,,,,,,21040099,1,2026-01-08_12h24.15.625,tilt_mocs,2024.2.4,120.82547964695175,2026-01-08 12h24.34.223250 -0500,
-4,-15.0,,236,236,0,,,,,100,0,,,,,c-4,negs,0.5,z,1.044476000010036,None,None,,,,,,,,,,,0,236,236,341,717.7656163749925,,,,,,,,,,,,,,,,,,,,,,,,,,,,,,,,,,,,,,,,,,,,,,,,,,,,,,,,,,,,,,,,,,,,,,717.756796792004,717.7656163749925,718.2513312090014,718.2513312090014,718.2513312090014,718.3235024589812,718.3235024589812,718.3235024589812,718.8216629590024,z,1.044476000010036,None,718.8218124590057,718.8218699999852,None,,,,,,,,,,,,21040099,1,2026-01-08_12h24.15.625,tilt_mocs,2024.2.4,120.82547964695175,2026-01-08 12h24.34.223250 -0500,
2,-15.0,,237,237,0,,,,,100,0,,,,,c+2,negs,1.0,z,1.4198667499877047,None,None,,,,,,,,,,,0,237,237,486,718.8335782089853,,,,,,,,,,,,,,,,,,,,,,,,,,,,,,,,,,,,,,,,,,,,,,,,,,,,,,,,,,,,,,,,,,,,,,718.824266666983,718.8335782089853,719.818574874982,719.818574874982,719.818574874982,719.8901507919945,719.8901507919945,719.8901507919945,720.2602103340032,z,1.4198667499877047,None,720.2603660839959,720.2604241250083,None,,,,,,,,,,,,21040099,1,2026-01-08_12h24.15.625,tilt_mocs,2024.2.4,120.82547964695175,2026-01-08 12h24.34.223250 -0500,
-4,0.0,,238,238,0,,,,,0,100,,,,,c-4,noss,0.5,z,1.0411219170200638,None,None,,,,,,,,,,,0,238,238,508,720.271275209001,,,,,,,,,,,,,,,,,,,,,,,,,,,,,,,,,,,,,,,,,,,,,,,,,,,,,,,,,,,,,,,,,,,,,,720.2629752499925,720.271275209001,720.760683333996,720.760683333996,720.760683333996,720.8352757089888,720.8352757089888,720.8352757089888,721.322114791983,z,1.0411219170200638,None,721.3222551250074,721.3223118339956,None,,,,,,,,,,,,21040099,1,2026-01-08_12h24.15.625,tilt_mocs,2024.2.4,120.82547964695175,2026-01-08 12h24.34.223250 -0500,
-4,-15.0,,239,239,0,,,,,100,0,,,,,c-4,negs,1.25,period,2.15625275002094,None,None,,,,,,,,,,,0,239,239,372,721.3338709999807,,,,,,,,,,,,,,,,,,,,,,,,,,,,,,,,,,,,,,,,,,,,,,,,,,,,,,,,,,,,,,,,,,,,,,721.3248932919814,721.3338709999807,722.5681822089828,722.5681822089828,722.5681822089828,722.6405085840088,722.6405085840088,722.6405085840088,723.493117209,period,2.15625275002094,None,723.4932637089805,723.4933181669912,None,,,,,,,,,,,,21040099,1,2026-01-08_12h24.15.625,tilt_mocs,2024.2.4,120.82547964695175,2026-01-08 12h24.34.223250 -0500,
4,15.0,,240,240,0,,,,,100,0,,,,,c+4,poss,1.0,z,1.4856458339781966,None,None,,,,,,,,,,,0,240,240,148,723.5043833749951,,,,,,,,,,,,,,,,,,,,,,,,,,,,,,,,,,,,,,,,,,,,,,,,,,,,,,,,,,,,,,,,,,,,,,723.4955802919867,723.5043833749951,724.4944572499953,724.4944572499953,724.4944572499953,724.5687412919942,724.5687412919942,724.5687412919942,724.9938416249934,z,1.4856458339781966,None,724.9939767920005,724.9940319169837,None,,,,,,,,,,,,21040099,1,2026-01-08_12h24.15.625,tilt_mocs,2024.2.4,120.82547964695175,2026-01-08 12h24.34.223250 -0500,
-8,-15.0,,241,241,0,,,,,100,0,,,,,c-8,negs,1.25,z,1.7650832500075921,None,None,,,,,,,,,,,0,241,241,287,725.0048742090003,,,,,,,,,,,,,,,,,,,,,,,,,,,,,,,,,,,,,,,,,,,,,,,,,,,,,,,,,,,,,,,,,,,,,,724.9961229169858,725.0048742090003,726.2450024999853,726.2450024999853,726.2450024999853,726.3189714589971,726.3189714589971,726.3189714589971,726.7823665420001,z,1.7650832500075921,None,726.7824714999879,726.7825141249923,None,,,,,,,,,,,,21040099,1,2026-01-08_12h24.15.625,tilt_mocs,2024.2.4,120.82547964695175,2026-01-08 12h24.34.223250 -0500,
0,0.0,,242,242,0,,,,,0,100,,,,,c+0,noss,0.5,z,0.9220590839977376,None,None,,,,,,,,,,,0,242,242,590,726.7892083750048,,,,,,,,,,,,,,,,,,,,,,,,,,,,,,,,,,,,,,,,,,,,,,,,,,,,,,,,,,,,,,,,,,,,,,726.7845488750027,726.7892083750048,727.277643666981,727.277643666981,727.277643666981,727.3522218749858,727.3522218749858,727.3522218749858,727.7211479170073,z,0.9220590839977376,None,727.7212760419934,727.7213290839863,None,,,,,,,,,,,,21040099,1,2026-01-08_12h24.15.625,tilt_mocs,2024.2.4,120.82547964695175,2026-01-08 12h24.34.223250 -0500,
8,15.0,,243,243,0,,,,,100,0,,,,,c+8,poss,0.5,z,0.8616234169749077,None,None,,,,,,,,,,,0,243,243,211,727.7327170420031,,,,,,,,,,,,,,,,,,,,,,,,,,,,,,,,,,,,,,,,,,,,,,,,,,,,,,,,,,,,,,,,,,,,,,727.7237599999935,727.7327170420031,728.2184449170018,728.2184449170018,728.2184449170018,728.2914429999946,728.2914429999946,728.2914429999946,728.6059852920007,z,0.8616234169749077,None,728.6061206669838,728.6061742089805,None,,,,,,,,,,,,21040099,1,2026-01-08_12h24.15.625,tilt_mocs,2024.2.4,120.82547964695175,2026-01-08 12h24.34.223250 -0500,
2,0.0,,244,244,0,,,,,0,100,,,,,c+2,noss,0.75,z,1.2205319170025177,None,None,,,,,,,,,,,0,244,244,646,728.617230792006,,,,,,,,,,,,,,,,,,,,,,,,,,,,,,,,,,,,,,,,,,,,,,,,,,,,,,,,,,,,,,,,,,,,,,728.6084905419848,728.617230792006,729.3517576669983,729.3517576669983,729.3517576669983,729.4241369999945,729.4241369999945,729.4241369999945,729.8446278749907,z,1.2205319170025177,None,729.8447682920087,729.8448270839872,None,,,,,,,,,,,,21040099,1,2026-01-08_12h24.15.625,tilt_mocs,2024.2.4,120.82547964695175,2026-01-08 12h24.34.223250 -0500,
-2,15.0,,245,245,0,,,,,100,0,,,,,c-2,poss,0.75,z,1.313824749988271,None,None,,,,,,,,,,,0,245,245,14,729.8552880419884,,,,,,,,,,,,,,,,,,,,,,,,,,,,,,,,,,,,,,,,,,,,,,,,,,,,,,,,,,,,,,,,,,,,,,729.8470994999807,729.8552880419884,730.5947566249815,730.5947566249815,730.5947566249815,730.6690984169836,730.6690984169836,730.6690984169836,731.1720908340067,z,1.313824749988271,None,731.1722453339898,731.1722999589983,None,,,,,,,,,,,,21040099,1,2026-01-08_12h24.15.625,tilt_mocs,2024.2.4,120.82547964695175,2026-01-08 12h24.34.223250 -0500,
4,15.0,,246,246,0,,,,,100,0,,,,,c+4,poss,0.5,z,0.9863731249934062,None,None,,,,,,,,,,,0,246,246,127,731.1834536670067,,,,,,,,,,,,,,,,,,,,,,,,,,,,,,,,,,,,,,,,,,,,,,,,,,,,,,,,,,,,,,,,,,,,,,731.1745235839917,731.1834536670067,731.6676179589995,731.6676179589995,731.6676179589995,731.7406634170038,731.7406634170038,731.7406634170038,732.1728748749883,z,0.9863731249934062,None,732.1730298339971,732.173098875006,None,,,,,,,,,,,,21040099,1,2026-01-08_12h24.15.625,tilt_mocs,2024.2.4,120.82547964695175,2026-01-08 12h24.34.223250 -0500,
-2,-15.0,,247,247,0,,,,,100,0,,,,,c-2,negs,1.0,period,1.9762053750164341,None,None,,,,,,,,,,,0,247,247,409,732.1845184169943,,,,,,,,,,,,,,,,,,,,,,,,,,,,,,,,,,,,,,,,,,,,,,,,,,,,,,,,,,,,,,,,,,,,,,732.1754619999847,732.1845184169943,733.1686481249926,733.1686481249926,733.1686481249926,733.2403586249857,733.2403586249857,733.2403586249857,734.1717658340058,period,1.9762053750164341,None,734.1719209589937,734.1719732919883,None,,,,,,,,,,,,21040099,1,2026-01-08_12h24.15.625,tilt_mocs,2024.2.4,120.82547964695175,2026-01-08 12h24.34.223250 -0500,
-4,0.0,,248,248,0,,,,,0,100,,,,,c-4,noss,0.75,z,1.3401142079965211,None,None,,,,,,,,,,,0,248,248,522,734.1834541669814,,,,,,,,,,,,,,,,,,,,,,,,,,,,,,,,,,,,,,,,,,,,,,,,,,,,,,,,,,,,,,,,,,,,,,734.1743166249944,734.1834541669814,734.9179435420083,734.9179435420083,734.9179435420083,735.0028344589809,735.0028344589809,735.0028344589809,735.5268718340085,z,1.3401142079965211,None,735.5269742090022,735.5270153750025,None,,,,,,,,,,,,21040099,1,2026-01-08_12h24.15.625,tilt_mocs,2024.2.4,120.82547964695175,2026-01-08 12h24.34.223250 -0500,
0,15.0,,249,249,0,,,,,100,0,,,,,c+0,poss,1.0,z,1.5196263329999056,None,None,,,,,,,,,,,0,249,249,67,735.537937666988,,,,,,,,,,,,,,,,,,,,,,,,,,,,,,,,,,,,,,,,,,,,,,,,,,,,,,,,,,,,,,,,,,,,,,735.5289401249902,735.537937666988,736.5283797500015,736.5283797500015,736.5283797500015,736.6026162089838,736.6026162089838,736.6026162089838,737.061162375001,z,1.5196263329999056,None,737.0612663750071,737.0613089170074,None,,,,,,,,,,,,21040099,1,2026-01-08_12h24.15.625,tilt_mocs,2024.2.4,120.82547964695175,2026-01-08 12h24.34.223250 -0500,
6,15.0,,250,250,0,,,,,100,0,,,,,c+6,poss,1.25,z,1.7568000419996679,None,None,,,,,,,,,,,0,250,250,209,737.0718874589948,,,,,,,,,,,,,,,,,,,,,,,,,,,,,,,,,,,,,,,,,,,,,,,,,,,,,,,,,,,,,,,,,,,,,,737.0632527499984,737.0718874589948,738.3124039999966,738.3124039999966,738.3124039999966,738.3859020840027,738.3859020840027,738.3859020840027,738.8381233749969,z,1.7568000419996679,None,738.8382450419886,738.8382960419985,None,,,,,,,,,,,,21040099,1,2026-01-08_12h24.15.625,tilt_mocs,2024.2.4,120.82547964695175,2026-01-08 12h24.34.223250 -0500,
2,0.0,,251,251,0,,,,,0,100,,,,,c+2,noss,0.75,z,1.2644388749904465,None,None,,,,,,,,,,,0,251,251,648,738.8493882500043,,,,,,,,,,,,,,,,,,,,,,,,,,,,,,,,,,,,,,,,,,,,,,,,,,,,,,,,,,,,,,,,,,,,,,738.8404769589833,738.8493882500043,739.585512708989,739.585512708989,739.585512708989,739.6575024589838,739.6575024589838,739.6575024589838,740.1216599170002,z,1.2644388749904465,None,740.1217920839845,740.1218456249917,None,,,,,,,,,,,,21040099,1,2026-01-08_12h24.15.625,tilt_mocs,2024.2.4,120.82547964695175,2026-01-08 12h24.34.223250 -0500,
-2,0.0,,252,252,0,,,,,0,100,,,,,c-2,noss,1.0,z,1.6936382080020849,None,None,,,,,,,,,,,0,252,252,574,740.1329647499952,,,,,,,,,,,,,,,,,,,,,,,,,,,,,,,,,,,,,,,,,,,,,,,,,,,,,,,,,,,,,,,,,,,,,,740.1240743339877,740.1329647499952,741.1189070419932,741.1189070419932,741.1189070419932,741.1916827499808,741.1916827499808,741.1916827499808,741.8381536249944,z,1.6936382080020849,None,741.8382802499982,741.8383324169845,None,,,,,,,,,,,,21040099,1,2026-01-08_12h24.15.625,tilt_mocs,2024.2.4,120.82547964695175,2026-01-08 12h24.34.223250 -0500,
-2,0.0,,253,253,0,,,,,0,100,,,,,c-2,noss,1.25,z,1.7961829160049092,None,None,,,,,,,,,,,0,253,253,587,741.8489107500063,,,,,,,,,,,,,,,,,,,,,,,,,,,,,,,,,,,,,,,,,,,,,,,,,,,,,,,,,,,,,,,,,,,,,,741.8403542090091,741.8489107500063,743.0856503339892,743.0856503339892,743.0856503339892,743.1580436250078,743.1580436250078,743.1580436250078,743.6550967500079,z,1.7961829160049092,None,743.655262833985,743.6553167089878,None,,,,,,,,,,,,21040099,1,2026-01-08_12h24.15.625,tilt_mocs,2024.2.4,120.82547964695175,2026-01-08 12h24.34.223250 -0500,
0,15.0,,254,254,0,,,,,100,0,,,,,c+0,poss,1.25,z,1.789436624996597,None,None,,,,,,,,,,,0,254,254,80,743.6676534590079,,,,,,,,,,,,,,,,,,,,,,,,,,,,,,,,,,,,,,,,,,,,,,,,,,,,,,,,,,,,,,,,,,,,,,743.6584280839888,743.6676534590079,744.902355541999,744.902355541999,744.902355541999,744.9745651249832,744.9745651249832,744.9745651249832,745.4596668340091,z,1.789436624996597,None,745.459788749984,745.4598312499875,None,,,,,,,,,,,,21040099,1,2026-01-08_12h24.15.625,tilt_mocs,2024.2.4,120.82547964695175,2026-01-08 12h24.34.223250 -0500,
-2,15.0,,255,255,0,,,,,100,0,,,,,c-2,poss,0.75,z,1.2073965000163298,None,None,,,,,,,,,,,0,255,255,19,745.4711522090074,,,,,,,,,,,,,,,,,,,,,,,,,,,,,,,,,,,,,,,,,,,,,,,,,,,,,,,,,,,,,,,,,,,,,,745.461775542004,745.4711522090074,746.2117609590059,746.2117609590059,746.2117609590059,746.286377167009,746.286377167009,746.286377167009,746.6887096249848,z,1.2073965000163298,None,746.6888604999986,746.6889239590091,None,,,,,,,,,,,,21040099,1,2026-01-08_12h24.15.625,tilt_mocs,2024.2.4,120.82547964695175,2026-01-08 12h24.34.223250 -0500,
-8,-15.0,,256,256,0,,,,,100,0,,,,,c-8,negs,1.25,z,1.660336916014785,None,None,,,,,,,,,,,0,256,256,285,746.7003799589875,,,,,,,,,,,,,,,,,,,,,,,,,,,,,,,,,,,,,,,,,,,,,,,,,,,,,,,,,,,,,,,,,,,,,,746.6912380419963,746.7003799589875,747.9358283339825,747.9358283339825,747.9358283339825,748.008389249997,748.008389249997,748.008389249997,748.3703490000044,z,1.660336916014785,None,748.3703914170037,748.3704059169977,None,,,,,,,,,,,,21040099,1,2026-01-08_12h24.15.625,tilt_mocs,2024.2.4,120.82547964695175,2026-01-08 12h24.34.223250 -0500,
0,-15.0,,257,257,0,,,,,100,0,,,,,c+0,negs,1.25,z,1.9088751249946654,None,None,,,,,,,,,,,0,257,257,457,748.3774247920082,,,,,,,,,,,,,,,,,,,,,,,,,,,,,,,,,,,,,,,,,,,,,,,,,,,,,,,,,,,,,,,,,,,,,,748.3711204169958,748.3774247920082,749.6131045839866,749.6131045839866,749.6131045839866,749.6865722500079,749.6865722500079,749.6865722500079,750.2891039169917,z,1.9088751249946654,None,750.2892544170027,750.2893104169925,None,,,,,,,,,,,,21040099,1,2026-01-08_12h24.15.625,tilt_mocs,2024.2.4,120.82547964695175,2026-01-08 12h24.34.223250 -0500,
6,15.0,,258,258,0,,,,,100,0,,,,,c+6,poss,1.25,period,1.8731250000128057,None,None,,,,,,,,,,,0,258,258,202,750.3006230419851,,,,,,,,,,,,,,,,,,,,,,,,,,,,,,,,,,,,,,,,,,,,,,,,,,,,,,,,,,,,,,,,,,,,,,750.2915566249867,750.3006230419851,751.535928917001,751.535928917001,751.535928917001,751.6084972920071,751.6084972920071,751.6084972920071,752.1773163749895,period,1.8731250000128057,None,752.1774254589982,752.1774708339944,None,,,,,,,,,,,,21040099,1,2026-01-08_12h24.15.625,tilt_mocs,2024.2.4,120.82547964695175,2026-01-08 12h24.34.223250 -0500,
-6,-15.0,,259,259,0,,,,,100,0,,,,,c-6,negs,0.75,z,1.3735602920060046,None,None,,,,,,,,,,,0,259,259,306,752.1884751250036,,,,,,,,,,,,,,,,,,,,,,,,,,,,,,,,,,,,,,,,,,,,,,,,,,,,,,,,,,,,,,,,,,,,,,752.1794608339842,752.1884751250036,752.9292329169984,752.9292329169984,752.9292329169984,753.0031487499946,753.0031487499946,753.0031487499946,753.5725492089987,z,1.3735602920060046,None,753.5727040419879,753.5727562920074,None,,,,,,,,,,,,21040099,1,2026-01-08_12h24.15.625,tilt_mocs,2024.2.4,120.82547964695175,2026-01-08 12h24.34.223250 -0500,
8,15.0,,260,260,0,,,,,100,0,,,,,c+8,poss,1.25,period,1.9348215000063647,None,None,,,,,,,,,,,0,260,260,251,753.5853540840035,,,,,,,,,,,,,,,,,,,,,,,,,,,,,,,,,,,,,,,,,,,,,,,,,,,,,,,,,,,,,,,,,,,,,,753.5761902919912,753.5853540840035,754.8192982499895,754.8192982499895,754.8192982499895,754.8918666669924,754.8918666669924,754.8918666669924,755.5230806669861,period,1.9348215000063647,None,755.5232403749833,755.5232981669833,None,,,,,,,,,,,,21040099,1,2026-01-08_12h24.15.625,tilt_mocs,2024.2.4,120.82547964695175,2026-01-08 12h24.34.223250 -0500,
0,0.0,,261,261,0,,,,,0,100,,,,,c+0,noss,1.0,period,1.5413160419848282,None,None,,,,,,,,,,,0,261,261,611,755.5353313749947,,,,,,,,,,,,,,,,,,,,,,,,,,,,,,,,,,,,,,,,,,,,,,,,,,,,,,,,,,,,,,,,,,,,,,755.5262548339961,755.5353313749947,756.519395374984,756.519395374984,756.519395374984,756.592157209001,756.592157209001,756.592157209001,757.0797878750018,period,1.5413160419848282,None,757.0799557499995,757.080010375008,None,,,,,,,,,,,,21040099,1,2026-01-08_12h24.15.625,tilt_mocs,2024.2.4,120.82547964695175,2026-01-08 12h24.34.223250 -0500,
6,15.0,,262,262,0,,,,,100,0,,,,,c+6,poss,1.25,period,1.6676033750118222,None,None,,,,,,,,,,,0,262,262,207,757.0912850000022,,,,,,,,,,,,,,,,,,,,,,,,,,,,,,,,,,,,,,,,,,,,,,,,,,,,,,,,,,,,,,,,,,,,,,757.0833621670026,757.0912850000022,758.3284675419854,758.3284675419854,758.3284675419854,758.4032775840024,758.4032775840024,758.4032775840024,758.7611857499869,period,1.6676033750118222,None,758.7612922920089,758.7613345419813,None,,,,,,,,,,,,21040099,1,2026-01-08_12h24.15.625,tilt_mocs,2024.2.4,120.82547964695175,2026-01-08 12h24.34.223250 -0500,
2,15.0,,263,263,0,,,,,100,0,,,,,c+2,poss,0.5,z,1.232642000017222,None,None,,,,,,,,,,,0,263,263,86,758.7722137089877,,,,,,,,,,,,,,,,,,,,,,,,,,,,,,,,,,,,,,,,,,,,,,,,,,,,,,,,,,,,,,,,,,,,,,758.7633000419883,758.7722137089877,759.2620793340029,759.2620793340029,759.2620793340029,759.3366894999926,759.3366894999926,759.3366894999926,760.0106257089938,z,1.232642000017222,None,760.0107553339913,760.0108108340064,None,,,,,,,,,,,,21040099,1,2026-01-08_12h24.15.625,tilt_mocs,2024.2.4,120.82547964695175,2026-01-08 12h24.34.223250 -0500,
2,15.0,,264,264,0,,,,,100,0,,,,,c+2,poss,0.75,z,1.2427518340118695,None,None,,,,,,,,,,,0,264,264,95,760.0218471669941,,,,,,,,,,,,,,,,,,,,,,,,,,,,,,,,,,,,,,,,,,,,,,,,,,,,,,,,,,,,,,,,,,,,,,760.012954167003,760.0218471669941,760.7531417089922,760.7531417089922,760.7531417089922,760.8253972499806,760.8253972499806,760.8253972499806,761.2723170419922,z,1.2427518340118695,None,761.272496333986,761.2725457919878,None,,,,,,,,,,,,21040099,1,2026-01-08_12h24.15.625,tilt_mocs,2024.2.4,120.82547964695175,2026-01-08 12h24.34.223250 -0500,
8,15.0,,265,265,0,,,,,100,0,,,,,c+8,poss,0.5,z,1.3085958340088837,None,None,,,,,,,,,,,0,265,265,219,761.2848424589902,,,,,,,,,,,,,,,,,,,,,,,,,,,,,,,,,,,,,,,,,,,,,,,,,,,,,,,,,,,,,,,,,,,,,,761.275475041999,761.2848424589902,761.769521374983,761.769521374983,761.769521374983,761.8414374999993,761.8414374999993,761.8414374999993,762.6056509999908,z,1.3085958340088837,None,762.6057803749864,762.6058326250059,None,,,,,,,,,,,,21040099,1,2026-01-08_12h24.15.625,tilt_mocs,2024.2.4,120.82547964695175,2026-01-08 12h24.34.223250 -0500,
4,15.0,,266,266,0,,,,,100,0,,,,,c+4,poss,0.5,period,1.2654606249998324,None,None,,,,,,,,,,,0,266,266,134,762.6167641670036,,,,,,,,,,,,,,,,,,,,,,,,,,,,,,,,,,,,,,,,,,,,,,,,,,,,,,,,,,,,,,,,,,,,,,762.6079559169884,762.6167641670036,763.1031046669814,763.1031046669814,763.1031046669814,763.174804624985,763.174804624985,763.174804624985,763.8887401249958,period,1.2654606249998324,None,763.8888777919929,763.8889323339972,None,,,,,,,,,,,,21040099,1,2026-01-08_12h24.15.625,tilt_mocs,2024.2.4,120.82547964695175,2026-01-08 12h24.34.223250 -0500,
2,0.0,,267,267,0,,,,,0,100,,,,,c+2,noss,0.75,period,1.3300901250040624,None,None,,,,,,,,,,,0,267,267,642,763.9002413749986,,,,,,,,,,,,,,,,,,,,,,,,,,,,,,,,,,,,,,,,,,,,,,,,,,,,,,,,,,,,,,,,,,,,,,763.891540416982,763.9002413749986,764.6363274589821,764.6363274589821,764.6363274589821,764.7086233340087,764.7086233340087,764.7086233340087,765.2391539590026,period,1.3300901250040624,None,765.2392839999811,765.2393367920013,None,,,,,,,,,,,,21040099,1,2026-01-08_12h24.15.625,tilt_mocs,2024.2.4,120.82547964695175,2026-01-08 12h24.34.223250 -0500,
-2,0.0,,268,268,0,,,,,0,100,,,,,c-2,noss,1.25,z,2.0193579159968067,None,None,,,,,,,,,,,0,268,268,586,765.2506087500078,,,,,,,,,,,,,,,,,,,,,,,,,,,,,,,,,,,,,,,,,,,,,,,,,,,,,,,,,,,,,,,,,,,,,,765.241818999988,765.2506087500078,766.4864724999934,766.4864724999934,766.4864724999934,766.5584547919862,766.5584547919862,766.5584547919862,767.2729684590013,z,2.0193579159968067,None,767.2731161249976,767.2731728339859,None,,,,,,,,,,,,21040099,1,2026-01-08_12h24.15.625,tilt_mocs,2024.2.4,120.82547964695175,2026-01-08 12h24.34.223250 -0500,
-2,-15.0,,269,269,0,,,,,100,0,,,,,c-2,negs,1.25,period,1.8223609999986365,None,None,,,,,,,,,,,0,269,269,416,767.2845793750021,,,,,,,,,,,,,,,,,,,,,,,,,,,,,,,,,,,,,,,,,,,,,,,,,,,,,,,,,,,,,,,,,,,,,,767.2753882090037,767.2845793750021,768.5197582499823,768.5197582499823,768.5197582499823,768.5922443750023,768.5922443750023,768.5922443750023,769.1109242499806,period,1.8223609999986365,None,769.1110524999967,769.11110512499,None,,,,,,,,,,,,21040099,1,2026-01-08_12h24.15.625,tilt_mocs,2024.2.4,120.82547964695175,2026-01-08 12h24.34.223250 -0500,
-8,-15.0,,270,270,0,,,,,100,0,,,,,c-8,negs,0.75,z,1.2900161250145175,None,None,,,,,,,,,,,0,270,270,269,769.1223544999957,,,,,,,,,,,,,,,,,,,,,,,,,,,,,,,,,,,,,,,,,,,,,,,,,,,,,,,,,,,,,,,,,,,,,,769.1132998749963,769.1223544999957,769.863009541994,769.863009541994,769.863009541994,769.9370081670058,769.9370081670058,769.9370081670058,770.4226616669912,z,1.2900161250145175,None,770.4228194169991,770.4228781669808,None,,,,,,,,,,,,21040099,1,2026-01-08_12h24.15.625,tilt_mocs,2024.2.4,120.82547964695175,2026-01-08 12h24.34.223250 -0500,
-2,-15.0,,271,271,0,,,,,100,0,,,,,c-2,negs,1.25,z,1.623643250000896,None,None,,,,,,,,,,,0,271,271,412,770.4351221669931,,,,,,,,,,,,,,,,,,,,,,,,,,,,,,,,,,,,,,,,,,,,,,,,,,,,,,,,,,,,,,,,,,,,,,770.4259903749917,770.4351221669931,771.6698669999896,771.6698669999896,771.6698669999896,771.7419765419909,771.7419765419909,771.7419765419909,772.0614847499819,z,1.623643250000896,None,772.0616143750085,772.0616688749869,None,,,,,,,,,,,,21040099,1,2026-01-08_12h24.15.625,tilt_mocs,2024.2.4,120.82547964695175,2026-01-08 12h24.34.223250 -0500,
4,0.0,,272,272,0,,,,,0,100,,,,,c+4,noss,0.5,period,1.014699457999086,None,None,,,,,,,,,,,0,272,272,675,772.0726487920037,,,,,,,,,,,,,,,,,,,,,,,,,,,,,,,,,,,,,,,,,,,,,,,,,,,,,,,,,,,,,,,,,,,,,,772.0636430419981,772.0726487920037,772.562490042008,772.562490042008,772.562490042008,772.6372053750092,772.6372053750092,772.6372053750092,773.0904603340023,period,1.014699457999086,None,773.090604166995,773.0906642919872,None,,,,,,,,,,,,21040099,1,2026-01-08_12h24.15.625,tilt_mocs,2024.2.4,120.82547964695175,2026-01-08 12h24.34.223250 -0500,
0,-15.0,,273,273,0,,,,,100,0,,,,,c+0,negs,0.5,period,0.9158972910081502,None,None,,,,,,,,,,,0,273,273,424,773.1016603339813,,,,,,,,,,,,,,,,,,,,,,,,,,,,,,,,,,,,,,,,,,,,,,,,,,,,,,,,,,,,,,,,,,,,,,773.0929340840084,773.1016603339813,773.5866675839934,773.5866675839934,773.5866675839934,773.6589177499991,773.6589177499991,773.6589177499991,774.0234318340081,period,0.9158972910081502,None,774.0235731669818,774.0236330420012,None,,,,,,,,,,,,21040099,1,2026-01-08_12h24.15.625,tilt_mocs,2024.2.4,120.82547964695175,2026-01-08 12h24.34.223250 -0500,
2,-15.0,,274,274,0,,,,,100,0,,,,,c+2,negs,0.75,period,1.2266623330069706,None,None,,,,,,,,,,,0,274,274,483,774.0346662089869,,,,,,,,,,,,,,,,,,,,,,,,,,,,,,,,,,,,,,,,,,,,,,,,,,,,,,,,,,,,,,,,,,,,,,774.0260232499859,774.0346662089869,774.7700745839975,774.7700745839975,774.7700745839975,774.8433424170071,774.8433424170071,774.8433424170071,775.2728260000004,period,1.2266623330069706,None,775.2730624169926,775.2731852919969,None,,,,,,,,,,,,21040099,1,2026-01-08_12h24.15.625,tilt_mocs,2024.2.4,120.82547964695175,2026-01-08 12h24.34.223250 -0500,
0,-15.0,,275,275,0,,,,,100,0,,,,,c+0,negs,0.75,period,1.278836624987889,None,None,,,,,,,,,,,0,275,275,440,775.2848676669819,,,,,,,,,,,,,,,,,,,,,,,,,,,,,,,,,,,,,,,,,,,,,,,,,,,,,,,,,,,,,,,,,,,,,,775.2757255839824,775.2848676669819,776.0200547089917,776.0200547089917,776.0200547089917,776.0920767500065,776.0920767500065,776.0920767500065,776.572829666984,period,1.278836624987889,None,776.5729949169909,776.5731311249838,None,,,,,,,,,,,,21040099,1,2026-01-08_12h24.15.625,tilt_mocs,2024.2.4,120.82547964695175,2026-01-08 12h24.34.223250 -0500,
-4,-15.0,,276,276,0,,,,,100,0,,,,,c-4,negs,0.75,period,1.3821176670026034,None,None,,,,,,,,,,,0,276,276,349,776.5850311669928,,,,,,,,,,,,,,,,,,,,,,,,,,,,,,,,,,,,,,,,,,,,,,,,,,,,,,,,,,,,,,,,,,,,,,776.5756931249925,776.5850311669928,777.3201797920046,777.3201797920046,777.3201797920046,777.3921316250053,777.3921316250053,777.3921316250053,777.9726164999884,period,1.3821176670026034,None,777.9727429999912,777.9727959999873,None,,,,,,,,,,,,21040099,1,2026-01-08_12h24.15.625,tilt_mocs,2024.2.4,120.82547964695175,2026-01-08 12h24.34.223250 -0500,
-2,0.0,,277,277,0,,,,,0,100,,,,,c-2,noss,1.0,z,1.4439925409969874,None,None,,,,,,,,,,,0,277,277,572,777.9834025419841,,,,,,,,,,,,,,,,,,,,,,,,,,,,,,,,,,,,,,,,,,,,,,,,,,,,,,,,,,,,,,,,,,,,,,777.974909209006,777.9834025419841,778.9701952089963,778.9701952089963,778.9701952089963,779.0430771249812,779.0430771249812,779.0430771249812,779.4395510419854,z,1.4439925409969874,None,779.4397336670081,779.4397907920065,None,,,,,,,,,,,,21040099,1,2026-01-08_12h24.15.625,tilt_mocs,2024.2.4,120.82547964695175,2026-01-08 12h24.34.223250 -0500,
-2,-15.0,,278,278,0,,,,,100,0,,,,,c-2,negs,1.25,period,1.8774451249919366,None,None,,,,,,,,,,,0,278,278,414,779.4515449169849,,,,,,,,,,,,,,,,,,,,,,,,,,,,,,,,,,,,,,,,,,,,,,,,,,,,,,,,,,,,,,,,,,,,,,779.4424963750062,779.4515449169849,780.6868219169846,780.6868219169846,780.6868219169846,780.760108958988,780.760108958988,780.760108958988,781.339995708986,period,1.8774451249919366,None,781.3402309590019,781.3402821669879,None,,,,,,,,,,,,21040099,1,2026-01-08_12h24.15.625,tilt_mocs,2024.2.4,120.82547964695175,2026-01-08 12h24.34.223250 -0500,
-2,15.0,,279,279,0,,,,,100,0,,,,,c-2,poss,0.75,z,1.275817542016739,None,None,,,,,,,,,,,0,279,279,21,781.3475803750043,,,,,,,,,,,,,,,,,,,,,,,,,,,,,,,,,,,,,,,,,,,,,,,,,,,,,,,,,,,,,,,,,,,,,,781.3412439590029,781.3475803750043,782.0869127089973,782.0869127089973,782.0869127089973,782.1601501670084,782.1601501670084,782.1601501670084,782.6278985840036,z,1.275817542016739,None,782.6280223749927,782.6280752499879,None,,,,,,,,,,,,21040099,1,2026-01-08_12h24.15.625,tilt_mocs,2024.2.4,120.82547964695175,2026-01-08 12h24.34.223250 -0500,
-2,-15.0,,280,280,0,,,,,100,0,,,,,c-2,negs,0.5,z,1.0180402499972843,None,None,,,,,,,,,,,0,280,280,379,782.6391275839997,,,,,,,,,,,,,,,,,,,,,,,,,,,,,,,,,,,,,,,,,,,,,,,,,,,,,,,,,,,,,,,,,,,,,,782.6301866669965,782.6391275839997,783.1204522920016,783.1204522920016,783.1204522920016,783.1924385839957,783.1924385839957,783.1924385839957,783.6611596669827,z,1.0180402499972843,None,783.6613203339803,783.6613725420029,None,,,,,,,,,,,,21040099,1,2026-01-08_12h24.15.625,tilt_mocs,2024.2.4,120.82547964695175,2026-01-08 12h24.34.223250 -0500,
0,-15.0,,281,281,0,,,,,100,0,,,,,c+0,negs,0.5,period,1.2318527500028722,None,None,,,,,,,,,,,0,281,281,420,783.6731103750062,,,,,,,,,,,,,,,,,,,,,,,,,,,,,,,,,,,,,,,,,,,,,,,,,,,,,,,,,,,,,,,,,,,,,,783.6639805839804,783.6731103750062,784.1537390839949,784.1537390839949,784.1537390839949,784.2265372090042,784.2265372090042,784.2265372090042,784.9077791669988,period,1.2318527500028722,None,784.9080425839929,784.9081469590019,None,,,,,,,,,,,,21040099,1,2026-01-08_12h24.15.625,tilt_mocs,2024.2.4,120.82547964695175,2026-01-08 12h24.34.223250 -0500,
-6,-15.0,,282,282,0,,,,,100,0,,,,,c-6,negs,0.75,z,1.2377353330084588,None,None,,,,,,,,,,,0,282,282,307,784.9195886669913,,,,,,,,,,,,,,,,,,,,,,,,,,,,,,,,,,,,,,,,,,,,,,,,,,,,,,,,,,,,,,,,,,,,,,784.9106538339984,784.9195886669913,785.6537375839835,785.6537375839835,785.6537375839835,785.7257853749907,785.7257853749907,785.7257853749907,786.1626599589945,z,1.2377353330084588,None,786.1627887919894,786.1628426249954,None,,,,,,,,,,,,21040099,1,2026-01-08_12h24.15.625,tilt_mocs,2024.2.4,120.82547964695175,2026-01-08 12h24.34.223250 -0500,
0,0.0,,283,283,0,,,,,0,100,,,,,c+0,noss,0.5,z,0.9978842080163304,None,None,,,,,,,,,,,0,283,283,592,786.1733588339994,,,,,,,,,,,,,,,,,,,,,,,,,,,,,,,,,,,,,,,,,,,,,,,,,,,,,,,,,,,,,,,,,,,,,,786.1650298750028,786.1733588339994,786.6637480839854,786.6637480839854,786.6637480839854,786.7375871249824,786.7375871249824,786.7375871249824,787.1739592920057,z,0.9978842080163304,None,787.1741699590057,787.1742593339877,None,,,,,,,,,,,,21040099,1,2026-01-08_12h24.15.625,tilt_mocs,2024.2.4,120.82547964695175,2026-01-08 12h24.34.223250 -0500,
-4,0.0,,284,284,0,,,,,0,100,,,,,c-4,noss,1.0,z,1.4252031670184806,None,None,,,,,,,,,,,0,284,284,526,787.1859663749929,,,,,,,,,,,,,,,,,,,,,,,,,,,,,,,,,,,,,,,,,,,,,,,,,,,,,,,,,,,,,,,,,,,,,,787.1767308749841,787.1859663749929,788.1705687920039,788.1705687920039,788.1705687920039,788.2439629169821,788.2439629169821,788.2439629169821,788.6226724589942,z,1.4252031670184806,None,788.6227950419998,788.6228377920052,None,,,,,,,,,,,,21040099,1,2026-01-08_12h24.15.625,tilt_mocs,2024.2.4,120.82547964695175,2026-01-08 12h24.34.223250 -0500,
2,15.0,,285,285,0,,,,,100,0,,,,,c+2,poss,0.75,z,1.4908623750088736,None,None,,,,,,,,,,,0,285,285,101,788.6302244169929,,,,,,,,,,,,,,,,,,,,,,,,,,,,,,,,,,,,,,,,,,,,,,,,,,,,,,,,,,,,,,,,,,,,,,788.6248318339931,788.6302244169929,789.3704972089909,789.3704972089909,789.3704972089909,789.4423775839969,789.4423775839969,789.4423775839969,790.1240077920083,z,1.4908623750088736,None,790.1241593750019,790.1242151249899,None,,,,,,,,,,,,21040099,1,2026-01-08_12h24.15.625,tilt_mocs,2024.2.4,120.82547964695175,2026-01-08 12h24.34.223250 -0500,
0,0.0,,286,286,0,,,,,0,100,,,,,c+0,noss,1.25,z,1.6770480840059463,None,None,,,,,,,,,,,0,286,286,626,790.1359222089814,,,,,,,,,,,,,,,,,,,,,,,,,,,,,,,,,,,,,,,,,,,,,,,,,,,,,,,,,,,,,,,,,,,,,,790.1265902089945,790.1359222089814,791.3706479999819,791.3706479999819,791.3706479999819,791.4430017919804,791.4430017919804,791.4430017919804,791.8232708339929,z,1.6770480840059463,None,791.8234119169938,791.8234654589905,None,,,,,,,,,,,,21040099,1,2026-01-08_12h24.15.625,tilt_mocs,2024.2.4,120.82547964695175,2026-01-08 12h24.34.223250 -0500,
0,-15.0,,287,287,0,,,,,100,0,,,,,c+0,negs,0.5,period,1.0772142499918118,None,None,,,,,,,,,,,0,287,287,425,791.8346237090009,,,,,,,,,,,,,,,,,,,,,,,,,,,,,,,,,,,,,,,,,,,,,,,,,,,,,,,,,,,,,,,,,,,,,,791.8259408340091,791.8346237090009,792.3206933749898,792.3206933749898,792.3206933749898,792.3940454999974,792.3940454999974,792.3940454999974,792.9234038339928,period,1.0772142499918118,None,792.9235744589823,792.9236309590051,None,,,,,,,,,,,,21040099,1,2026-01-08_12h24.15.625,tilt_mocs,2024.2.4,120.82547964695175,2026-01-08 12h24.34.223250 -0500,
2,-15.0,,288,288,0,,,,,100,0,,,,,c+2,negs,1.25,period,1.7694652499922086,None,None,,,,,,,,,,,0,288,288,494,792.9354609999864,,,,,,,,,,,,,,,,,,,,,,,,,,,,,,,,,,,,,,,,,,,,,,,,,,,,,,,,,,,,,,,,,,,,,,792.9262245419959,792.9354609999864,794.1707574999891,794.1707574999891,794.1707574999891,794.2427582920063,794.2427582920063,794.2427582920063,794.7080514169938,period,1.7694652499922086,None,794.7081905000086,794.708247292001,None,,,,,,,,,,,,21040099,1,2026-01-08_12h24.15.625,tilt_mocs,2024.2.4,120.82547964695175,2026-01-08 12h24.34.223250 -0500,
4,15.0,,289,289,0,,,,,100,0,,,,,c+4,poss,0.5,z,1.3527937499748077,None,None,,,,,,,,,,,0,289,289,133,794.7197234999912,,,,,,,,,,,,,,,,,,,,,,,,,,,,,,,,,,,,,,,,,,,,,,,,,,,,,,,,,,,,,,,,,,,,,,794.7106159999967,794.7197234999912,795.2040594999853,795.2040594999853,795.2040594999853,795.2762808749976,795.2762808749976,795.2762808749976,796.0850115839858,z,1.3527937499748077,None,796.0851154999982,796.085158959002,None,,,,,,,,,,,,21040099,1,2026-01-08_12h24.15.625,tilt_mocs,2024.2.4,120.82547964695175,2026-01-08 12h24.34.223250 -0500,
-4,-15.0,,290,290,0,,,,,100,0,,,,,c-4,negs,1.0,z,1.4982686660077889,None,None,,,,,,,,,,,0,290,290,358,796.0928995419818,,,,,,,,,,,,,,,,,,,,,,,,,,,,,,,,,,,,,,,,,,,,,,,,,,,,,,,,,,,,,,,,,,,,,,796.0875886669965,796.0928995419818,797.080196416995,797.080196416995,797.080196416995,797.1547047499917,797.1547047499917,797.1547047499917,797.5961591250089,z,1.4982686660077889,None,797.5962620000064,797.5963046249817,None,,,,,,,,,,,,21040099,1,2026-01-08_12h24.15.625,tilt_mocs,2024.2.4,120.82547964695175,2026-01-08 12h24.34.223250 -0500,
-6,-15.0,,291,291,0,,,,,100,0,,,,,c-6,negs,0.75,z,1.2402443750179373,None,None,,,,,,,,,,,0,291,291,312,797.6071563340083,,,,,,,,,,,,,,,,,,,,,,,,,,,,,,,,,,,,,,,,,,,,,,,,,,,,,,,,,,,,,,,,,,,,,,797.5982438339852,797.6071563340083,798.3472985840053,798.3472985840053,798.3472985840053,798.4216249589808,798.4216249589808,798.4216249589808,798.8572142089834,z,1.2402443750179373,None,798.8574859999935,798.8575794589997,None,,,,,,,,,,,,21040099,1,2026-01-08_12h24.15.625,tilt_mocs,2024.2.4,120.82547964695175,2026-01-08 12h24.34.223250 -0500,
-4,-15.0,,292,292,0,,,,,100,0,,,,,c-4,negs,0.5,z,0.8773495000205003,None,None,,,,,,,,,,,0,292,292,338,798.8689412919921,,,,,,,,,,,,,,,,,,,,,,,,,,,,,,,,,,,,,,,,,,,,,,,,,,,,,,,,,,,,,,,,,,,,,,798.8600500839821,798.8689412919921,799.3542671249888,799.3542671249888,799.3542671249888,799.426842041983,799.426842041983,799.426842041983,799.757167208998,z,0.8773495000205003,None,799.7572989169857,799.7573533339892,None,,,,,,,,,,,,21040099,1,2026-01-08_12h24.15.625,tilt_mocs,2024.2.4,120.82547964695175,2026-01-08 12h24.34.223250 -0500,
-2,15.0,,293,293,0,,,,,100,0,,,,,c-2,poss,0.5,z,0.9385961660009343,None,None,,,,,,,,,,,0,293,293,4,799.7686044999864,,,,,,,,,,,,,,,,,,,,,,,,,,,,,,,,,,,,,,,,,,,,,,,,,,,,,,,,,,,,,,,,,,,,,,799.7599117500067,799.7686044999864,800.2534286250011,800.2534286250011,800.2534286250011,800.3272852920054,800.3272852920054,800.3272852920054,800.7113232499978,z,0.9385961660009343,None,800.7114225839905,800.7114637499908,None,,,,,,,,,,,,21040099,1,2026-01-08_12h24.15.625,tilt_mocs,2024.2.4,120.82547964695175,2026-01-08 12h24.34.223250 -0500,
0,0.0,,294,294,0,,,,,0,100,,,,,c+0,noss,0.75,z,0.13397124997572973,None,None,,,,,,,,,,,0,294,294,601,800.7378819999867,,,,,,,,,,,,,,,,,,,,,,,,,,,,,,,,,,,,,,,,,,,,,,,,,,,,,,,,,,,,,,,,,,,,,,800.7133768750064,800.7378819999867,,,,,,,800.8742492919846,z,0.13397124997572973,None,800.8743932500074,800.8744527499948,None,,,,,,,,,,,,21040099,1,2026-01-08_12h24.15.625,tilt_mocs,2024.2.4,120.82547964695175,2026-01-08 12h24.34.223250 -0500,
4,0.0,,295,295,0,,,,,0,100,,,,,c+4,noss,0.75,period,1.3270128750009462,None,None,,,,,,,,,,,0,295,295,687,800.8851466669876,,,,,,,,,,,,,,,,,,,,,,,,,,,,,,,,,,,,,,,,,,,,,,,,,,,,,,,,,,,,,,,,,,,,,,800.876703499991,800.8851466669876,801.6209140839928,801.6209140839928,801.6209140839928,801.6933162499918,801.6933162499918,801.6933162499918,802.2243173749885,period,1.3270128750009462,None,802.2244698340073,802.2245365419949,None,,,,,,,,,,,,21040099,1,2026-01-08_12h24.15.625,tilt_mocs,2024.2.4,120.82547964695175,2026-01-08 12h24.34.223250 -0500,
6,15.0,,296,296,0,,,,,100,0,,,,,c+6,poss,0.75,period,1.1973334999929648,None,None,,,,,,,,,,,0,296,296,180,802.2369297499827,,,,,,,,,,,,,,,,,,,,,,,,,,,,,,,,,,,,,,,,,,,,,,,,,,,,,,,,,,,,,,,,,,,,,,802.227114999987,802.2369297499827,802.9709723749838,802.9709723749838,802.9709723749838,803.0428550420038,803.0428550420038,803.0428550420038,803.4407991670014,period,1.1973334999929648,None,803.4409544169903,803.441013625008,None,,,,,,,,,,,,21040099,1,2026-01-08_12h24.15.625,tilt_mocs,2024.2.4,120.82547964695175,2026-01-08 12h24.34.223250 -0500,
0,15.0,,297,297,0,,,,,100,0,,,,,c+0,poss,1.0,period,1.385898249980528,None,None,,,,,,,,,,,0,297,297,65,803.4524105000019,,,,,,,,,,,,,,,,,,,,,,,,,,,,,,,,,,,,,,,,,,,,,,,,,,,,,,,,,,,,,,,,,,,,,,803.4433200839849,803.4524105000019,804.4378076669818,804.4378076669818,804.4378076669818,804.5095100839972,804.5095100839972,804.5095100839972,804.8413441249868,period,1.385898249980528,None,804.8414908749983,804.8415485419973,None,,,,,,,,,,,,21040099,1,2026-01-08_12h24.15.625,tilt_mocs,2024.2.4,120.82547964695175,2026-01-08 12h24.34.223250 -0500,
-2,0.0,,298,298,0,,,,,0,100,,,,,c-2,noss,1.0,z,1.6956811670097522,None,None,,,,,,,,,,,0,298,298,570,804.8527309589845,,,,,,,,,,,,,,,,,,,,,,,,,,,,,,,,,,,,,,,,,,,,,,,,,,,,,,,,,,,,,,,,,,,,,,804.8437619589968,804.8527309589845,805.837730750005,805.837730750005,805.837730750005,805.9099772089976,805.9099772089976,805.9099772089976,806.5574506669946,z,1.6956811670097522,None,806.5575834169867,806.5576357920072,None,,,,,,,,,,,,21040099,1,2026-01-08_12h24.15.625,tilt_mocs,2024.2.4,120.82547964695175,2026-01-08 12h24.34.223250 -0500,
2,0.0,,299,299,0,,,,,0,100,,,,,c+2,noss,1.0,z,1.5308380420028698,None,None,,,,,,,,,,,0,299,299,654,806.5689074590045,,,,,,,,,,,,,,,,,,,,,,,,,,,,,,,,,,,,,,,,,,,,,,,,,,,,,,,,,,,,,,,,,,,,,,806.5600237920007,806.5689074590045,807.5545908339845,807.5545908339845,807.5545908339845,807.6268790419854,807.6268790419854,807.6268790419854,808.1079183339898,z,1.5308380420028698,None,808.1080687089998,808.1081259170023,None,,,,,,,,,,,,21040099,1,2026-01-08_12h24.15.625,tilt_mocs,2024.2.4,120.82547964695175,2026-01-08 12h24.34.223250 -0500,
-2,-15.0,,300,300,0,,,,,100,0,,,,,c-2,negs,1.0,z,1.6864979169913568,None,space,33.58126016598544,None,,,,,,,,,0,300,300,405,808.1192543339857,,,,,,,,,,,,,,,,,,,,,,,,,,,,,,,,,,,,,,,,,,,,,,,,,,,,,,,,,,,,,,,,,,,,,,808.1103628340061,808.1192543339857,809.1045061250043,809.1045061250043,809.1045061250043,809.1767490000057,809.1767490000057,809.1767490000057,809.8083463750081,z,1.6864979169913568,None,809.8085168339894,843.4085662089929,space,809.8175290839863,809.8175290839863,33.58126016598544,None,,,,,,,,21040099,1,2026-01-08_12h24.15.625,tilt_mocs,2024.2.4,120.82547964695175,2026-01-08 12h24.34.223250 -0500,
2,-15.0,,301,301,0,,,,,100,0,,,,,c+2,negs,1.0,period,1.562633708002977,None,None,,,,,,,,,,,0,301,301,487,843.420680124982,,,,,,,,,,,,,,,,,,,,,,,,,,,,,,,,,,,,,,,,,,,,,,,,,,,,,,,,,,,,,,,,,,,,,,843.4115853749972,843.420680124982,844.4051469590049,844.4051469590049,844.4051469590049,844.4777636670042,844.4777636670042,844.4777636670042,844.9920719589863,period,1.562633708002977,None,844.9922536670056,844.9923121669854,None,,,,,,,,,,,,21040099,1,2026-01-08_12h24.15.625,tilt_mocs,2024.2.4,120.82547964695175,2026-01-08 12h24.34.223250 -0500,
8,15.0,,302,302,0,,,,,100,0,,,,,c+8,poss,0.75,period,1.2066876250028145,None,None,,,,,,,,,,,0,302,302,228,845.0042687919922,,,,,,,,,,,,,,,,,,,,,,,,,,,,,,,,,,,,,,,,,,,,,,,,,,,,,,,,,,,,,,,,,,,,,,844.9950788340066,845.0042687919922,845.7390939169854,845.7390939169854,845.7390939169854,845.811253708991,845.811253708991,845.811253708991,846.2149083749973,period,1.2066876250028145,None,846.2150134590047,846.2150770839944,None,,,,,,,,,,,,21040099,1,2026-01-08_12h24.15.625,tilt_mocs,2024.2.4,120.82547964695175,2026-01-08 12h24.34.223250 -0500,
2,-15.0,,303,303,0,,,,,100,0,,,,,c+2,negs,1.25,period,1.6757693749968894,None,None,,,,,,,,,,,0,303,303,495,846.2257237090089,,,,,,,,,,,,,,,,,,,,,,,,,,,,,,,,,,,,,,,,,,,,,,,,,,,,,,,,,,,,,,,,,,,,,,846.217313125002,846.2257237090089,847.4659132499946,847.4659132499946,847.4659132499946,847.538589667005,847.538589667005,847.538589667005,847.908988042007,period,1.6757693749968894,None,847.9091517500055,847.9092191669915,None,,,,,,,,,,,,21040099,1,2026-01-08_12h24.15.625,tilt_mocs,2024.2.4,120.82547964695175,2026-01-08 12h24.34.223250 -0500,
6,15.0,,304,304,0,,,,,100,0,,,,,c+6,poss,0.75,period,1.7970471660082694,None,None,,,,,,,,,,,0,304,304,185,847.9213381249865,,,,,,,,,,,,,,,,,,,,,,,,,,,,,,,,,,,,,,,,,,,,,,,,,,,,,,,,,,,,,,,,,,,,,,847.9121694589849,847.9213381249865,848.6559304999828,848.6559304999828,848.6559304999828,848.7282520000008,848.7282520000008,848.7282520000008,849.725527875009,period,1.7970471660082694,None,849.7256583340059,849.7257132089871,None,,,,,,,,,,,,21040099,1,2026-01-08_12h24.15.625,tilt_mocs,2024.2.4,120.82547964695175,2026-01-08 12h24.34.223250 -0500,
4,15.0,,305,305,0,,,,,100,0,,,,,c+4,poss,0.5,period,1.0399831669928972,None,None,,,,,,,,,,,0,305,305,135,849.7365004169988,,,,,,,,,,,,,,,,,,,,,,,,,,,,,,,,,,,,,,,,,,,,,,,,,,,,,,,,,,,,,,,,,,,,,,849.7277686249872,849.7365004169988,850.2216733749956,850.2216733749956,850.2216733749956,850.2948492089927,850.2948492089927,850.2948492089927,850.7807225419965,period,1.0399831669928972,None,850.7808567500033,850.7809114999836,None,,,,,,,,,,,,21040099,1,2026-01-08_12h24.15.625,tilt_mocs,2024.2.4,120.82547964695175,2026-01-08 12h24.34.223250 -0500,
0,-15.0,,306,306,0,,,,,100,0,,,,,c+0,negs,0.5,period,0.920561082981294,None,None,,,,,,,,,,,0,306,306,423,850.7921985419816,,,,,,,,,,,,,,,,,,,,,,,,,,,,,,,,,,,,,,,,,,,,,,,,,,,,,,,,,,,,,,,,,,,,,,850.7832187089953,850.7921985419816,851.2829293340037,851.2829293340037,851.2829293340037,851.3565400420048,851.3565400420048,851.3565400420048,851.7253591250046,period,0.920561082981294,None,851.7254879589891,851.7255414169922,None,,,,,,,,,,,,21040099,1,2026-01-08_12h24.15.625,tilt_mocs,2024.2.4,120.82547964695175,2026-01-08 12h24.34.223250 -0500,
8,15.0,,307,307,0,,,,,100,0,,,,,c+8,poss,1.25,period,1.6466863749956246,None,None,,,,,,,,,,,0,307,307,249,851.7368650419812,,,,,,,,,,,,,,,,,,,,,,,,,,,,,,,,,,,,,,,,,,,,,,,,,,,,,,,,,,,,,,,,,,,,,,851.7280247919844,851.7368650419812,852.9727292089956,852.9727292089956,852.9727292089956,853.044427374989,853.044427374989,853.044427374989,853.3929737919825,period,1.6466863749956246,None,853.3931073749845,853.393158958992,None,,,,,,,,,,,,21040099,1,2026-01-08_12h24.15.625,tilt_mocs,2024.2.4,120.82547964695175,2026-01-08 12h24.34.223250 -0500,
-4,-15.0,,308,308,0,,,,,100,0,,,,,c-4,negs,0.5,z,1.1551602920226287,None,None,,,,,,,,,,,0,308,308,343,853.4049641249876,,,,,,,,,,,,,,,,,,,,,,,,,,,,,,,,,,,,,,,,,,,,,,,,,,,,,,,,,,,,,,,,,,,,,,853.395684166986,853.4049641249876,853.8885518339812,853.8885518339812,853.8885518339812,853.9614995839947,853.9614995839947,853.9614995839947,854.5649219169863,z,1.1551602920226287,None,854.5650252499909,854.5650675839861,None,,,,,,,,,,,,21040099,1,2026-01-08_12h24.15.625,tilt_mocs,2024.2.4,120.82547964695175,2026-01-08 12h24.34.223250 -0500,
4,15.0,,309,309,0,,,,,100,0,,,,,c+4,poss,0.5,z,0.978143790998729,None,None,,,,,,,,,,,0,309,309,136,854.5757014589908,,,,,,,,,,,,,,,,,,,,,,,,,,,,,,,,,,,,,,,,,,,,,,,,,,,,,,,,,,,,,,,,,,,,,,854.5670378750074,854.5757014589908,855.0657335419965,855.0657335419965,855.0657335419965,855.1400505839847,855.1400505839847,855.1400505839847,855.559286083997,z,0.978143790998729,None,855.5594316670031,855.5594845839951,None,,,,,,,,,,,,21040099,1,2026-01-08_12h24.15.625,tilt_mocs,2024.2.4,120.82547964695175,2026-01-08 12h24.34.223250 -0500,
-6,-15.0,,310,310,0,,,,,100,0,,,,,c-6,negs,1.0,z,1.3954351659922395,None,None,,,,,,,,,,,0,310,310,317,855.5704185839859,,,,,,,,,,,,,,,,,,,,,,,,,,,,,,,,,,,,,,,,,,,,,,,,,,,,,,,,,,,,,,,,,,,,,,855.5615624999919,855.5704185839859,856.5561855419946,856.5561855419946,856.5561855419946,856.6282167499885,856.6282167499885,856.6282167499885,856.9755045000056,z,1.3954351659922395,None,856.9756322499888,856.9756862499926,None,,,,,,,,,,,,21040099,1,2026-01-08_12h24.15.625,tilt_mocs,2024.2.4,120.82547964695175,2026-01-08 12h24.34.223250 -0500,
-2,0.0,,311,311,0,,,,,0,100,,,,,c-2,noss,1.25,z,1.6695466250239406,None,None,,,,,,,,,,,0,311,311,580,856.9869418749877,,,,,,,,,,,,,,,,,,,,,,,,,,,,,,,,,,,,,,,,,,,,,,,,,,,,,,,,,,,,,,,,,,,,,,856.9780131669831,856.9869418749877,858.2230530839879,858.2230530839879,858.2230530839879,858.2950828339963,858.2950828339963,858.2950828339963,858.6590909590013,z,1.6695466250239406,None,858.6592225419881,858.659276624996,None,,,,,,,,,,,,21040099,1,2026-01-08_12h24.15.625,tilt_mocs,2024.2.4,120.82547964695175,2026-01-08 12h24.34.223250 -0500,
-2,-15.0,,312,312,0,,,,,100,0,,,,,c-2,negs,0.5,period,1.1626564170001075,None,None,,,,,,,,,,,0,312,312,386,858.6702448749857,,,,,,,,,,,,,,,,,,,,,,,,,,,,,,,,,,,,,,,,,,,,,,,,,,,,,,,,,,,,,,,,,,,,,,858.6613834169984,858.6702448749857,859.156509124994,859.156509124994,859.156509124994,859.2284895000048,859.2284895000048,859.2284895000048,859.8425081669993,period,1.1626564170001075,None,859.8426517089829,859.8427070420003,None,,,,,,,,,,,,21040099,1,2026-01-08_12h24.15.625,tilt_mocs,2024.2.4,120.82547964695175,2026-01-08 12h24.34.223250 -0500,
-6,-15.0,,313,313,0,,,,,100,0,,,,,c-6,negs,0.75,z,1.32852300000377,None,None,,,,,,,,,,,0,313,313,315,859.8538383340056,,,,,,,,,,,,,,,,,,,,,,,,,,,,,,,,,,,,,,,,,,,,,,,,,,,,,,,,,,,,,,,,,,,,,,859.8450387500052,859.8538383340056,860.589744041994,860.589744041994,860.589744041994,860.6618893749837,860.6618893749837,860.6618893749837,861.1922792499827,z,1.32852300000377,None,861.1924125840014,861.1924666249834,None,,,,,,,,,,,,21040099,1,2026-01-08_12h24.15.625,tilt_mocs,2024.2.4,120.82547964695175,2026-01-08 12h24.34.223250 -0500,
0,-15.0,,314,314,0,,,,,100,0,,,,,c+0,negs,0.75,period,1.2290699160075746,None,None,,,,,,,,,,,0,314,314,434,861.2038562500093,,,,,,,,,,,,,,,,,,,,,,,,,,,,,,,,,,,,,,,,,,,,,,,,,,,,,,,,,,,,,,,,,,,,,,861.194938583998,861.2038562500093,861.9397414170089,861.9397414170089,861.9397414170089,862.0125919169805,862.0125919169805,862.0125919169805,862.4428603340057,period,1.2290699160075746,None,862.4430879589927,862.4431911669963,None,,,,,,,,,,,,21040099,1,2026-01-08_12h24.15.625,tilt_mocs,2024.2.4,120.82547964695175,2026-01-08 12h24.34.223250 -0500,
2,15.0,,315,315,0,,,,,100,0,,,,,c+2,poss,0.75,z,1.3445767080120277,None,None,,,,,,,,,,,0,315,315,104,862.4546048750053,,,,,,,,,,,,,,,,,,,,,,,,,,,,,,,,,,,,,,,,,,,,,,,,,,,,,,,,,,,,,,,,,,,,,,862.4456505840062,862.4546048750053,863.1898395839962,863.1898395839962,863.1898395839962,863.2615689169907,863.2615689169907,863.2615689169907,863.8097875420062,z,1.3445767080120277,None,863.8099409169808,863.8100040419959,None,,,,,,,,,,,,21040099,1,2026-01-08_12h24.15.625,tilt_mocs,2024.2.4,120.82547964695175,2026-01-08 12h24.34.223250 -0500,
6,15.0,,316,316,0,,,,,100,0,,,,,c+6,poss,0.75,z,1.2309459160023835,None,None,,,,,,,,,,,0,316,316,186,863.821357125009,,,,,,,,,,,,,,,,,,,,,,,,,,,,,,,,,,,,,,,,,,,,,,,,,,,,,,,,,,,,,,,,,,,,,,863.8123876669852,863.821357125009,864.5565762500046,864.5565762500046,864.5565762500046,864.6284954590083,864.6284954590083,864.6284954590083,865.0598834590055,z,1.2309459160023835,None,865.0600322499813,865.0600885000022,None,,,,,,,,,,,,21040099,1,2026-01-08_12h24.15.625,tilt_mocs,2024.2.4,120.82547964695175,2026-01-08 12h24.34.223250 -0500,
2,-15.0,,317,317,0,,,,,100,0,,,,,c+2,negs,1.25,period,1.750491459009936,None,None,,,,,,,,,,,0,317,317,503,865.0707643339993,,,,,,,,,,,,,,,,,,,,,,,,,,,,,,,,,,,,,,,,,,,,,,,,,,,,,,,,,,,,,,,,,,,,,,865.0622550419939,865.0707643339993,866.306637458998,866.306637458998,866.306637458998,866.3784977920004,866.3784977920004,866.3784977920004,866.8260979589832,period,1.750491459009936,None,866.826202583994,866.8262442089908,None,,,,,,,,,,,,21040099,1,2026-01-08_12h24.15.625,tilt_mocs,2024.2.4,120.82547964695175,2026-01-08 12h24.34.223250 -0500,
6,15.0,,318,318,0,,,,,100,0,,,,,c+6,poss,1.0,z,1.676818459003698,None,None,,,,,,,,,,,0,318,318,199,866.8371263339941,,,,,,,,,,,,,,,,,,,,,,,,,,,,,,,,,,,,,,,,,,,,,,,,,,,,,,,,,,,,,,,,,,,,,,866.8281952920079,866.8371263339941,867.8228547920007,867.8228547920007,867.8228547920007,867.8951088339963,867.8951088339963,867.8951088339963,868.5260602089984,z,1.676818459003698,None,868.5261877090088,868.5262412499869,None,,,,,,,,,,,,21040099,1,2026-01-08_12h24.15.625,tilt_mocs,2024.2.4,120.82547964695175,2026-01-08 12h24.34.223250 -0500,
0,-15.0,,319,319,0,,,,,100,0,,,,,c+0,negs,0.75,period,1.2157944999926258,None,None,,,,,,,,,,,0,319,319,432,868.5373304589884,,,,,,,,,,,,,,,,,,,,,,,,,,,,,,,,,,,,,,,,,,,,,,,,,,,,,,,,,,,,,,,,,,,,,,868.5286821250047,868.5373304589884,869.2733221669914,869.2733221669914,869.2733221669914,869.3452340000076,869.3452340000076,869.3452340000076,869.7589890839881,period,1.2157944999926258,None,869.7590974589984,869.7591388750006,None,,,,,,,,,,,,21040099,1,2026-01-08_12h24.15.625,tilt_mocs,2024.2.4,120.82547964695175,2026-01-08 12h24.34.223250 -0500,
4,0.0,,320,320,0,,,,,0,100,,,,,c+4,noss,0.75,period,1.187853459006874,None,None,,,,,,,,,,,0,320,320,689,869.769402749982,,,,,,,,,,,,,,,,,,,,,,,,,,,,,,,,,,,,,,,,,,,,,,,,,,,,,,,,,,,,,,,,,,,,,,869.7610810000042,869.769402749982,870.5058835000091,870.5058835000091,870.5058835000091,870.5794066250091,870.5794066250091,870.5794066250091,870.9600372090063,period,1.187853459006874,None,870.960191124992,870.9602590840077,None,,,,,,,,,,,,21040099,1,2026-01-08_12h24.15.625,tilt_mocs,2024.2.4,120.82547964695175,2026-01-08 12h24.34.223250 -0500,
2,0.0,,321,321,0,,,,,0,100,,,,,c+2,noss,1.25,period,3.2434706249914598,None,None,,,,,,,,,,,0,321,321,666,870.9713236249809,,,,,,,,,,,,,,,,,,,,,,,,,,,,,,,,,,,,,,,,,,,,,,,,,,,,,,,,,,,,,,,,,,,,,,870.962514874991,870.9713236249809,872.206783458998,872.206783458998,872.206783458998,872.2793655419955,872.2793655419955,872.2793655419955,874.2264841669821,period,3.2434706249914598,None,874.2266749999835,874.226837958995,None,,,,,,,,,,,,21040099,1,2026-01-08_12h24.15.625,tilt_mocs,2024.2.4,120.82547964695175,2026-01-08 12h24.34.223250 -0500,
0,15.0,,322,322,0,,,,,100,0,,,,,c+0,poss,1.0,z,1.5199690000154078,None,None,,,,,,,,,,,0,322,322,72,874.2382077919901,,,,,,,,,,,,,,,,,,,,,,,,,,,,,,,,,,,,,,,,,,,,,,,,,,,,,,,,,,,,,,,,,,,,,,874.2293677499983,874.2382077919901,875.2235292499827,875.2235292499827,875.2235292499827,875.2960144999961,875.2960144999961,875.2960144999961,875.761202499998,z,1.5199690000154078,None,875.761406125006,875.7614724169835,None,,,,,,,,,,,,21040099,1,2026-01-08_12h24.15.625,tilt_mocs,2024.2.4,120.82547964695175,2026-01-08 12h24.34.223250 -0500,
2,15.0,,323,323,0,,,,,100,0,,,,,c+2,poss,1.25,period,1.993243540986441,None,None,,,,,,,,,,,0,323,323,120,875.7735095419921,,,,,,,,,,,,,,,,,,,,,,,,,,,,,,,,,,,,,,,,,,,,,,,,,,,,,,,,,,,,,,,,,,,,,,875.7644643749809,875.7735095419921,877.0069942919945,877.0069942919945,877.0069942919945,877.0788723749865,877.0788723749865,877.0788723749865,877.7764502089994,period,1.993243540986441,None,877.7765817919862,877.7766363749979,None,,,,,,,,,,,,21040099,1,2026-01-08_12h24.15.625,tilt_mocs,2024.2.4,120.82547964695175,2026-01-08 12h24.34.223250 -0500,
4,15.0,,324,324,0,,,,,100,0,,,,,c+4,poss,0.75,z,1.2769437079841737,None,None,,,,,,,,,,,0,324,324,144,877.787593874993,,,,,,,,,,,,,,,,,,,,,,,,,,,,,,,,,,,,,,,,,,,,,,,,,,,,,,,,,,,,,,,,,,,,,,877.7789159999811,877.787593874993,878.5238816250057,878.5238816250057,878.5238816250057,878.5970857089851,878.5970857089851,878.5970857089851,879.0767570419994,z,1.2769437079841737,None,879.0768196249846,879.076840166992,None,,,,,,,,,,,,21040099,1,2026-01-08_12h24.15.625,tilt_mocs,2024.2.4,120.82547964695175,2026-01-08 12h24.34.223250 -0500,
2,15.0,,325,325,0,,,,,100,0,,,,,c+2,poss,0.5,z,0.9516326670127455,None,None,,,,,,,,,,,0,325,325,88,879.0842459590058,,,,,,,,,,,,,,,,,,,,,,,,,,,,,,,,,,,,,,,,,,,,,,,,,,,,,,,,,,,,,,,,,,,,,,879.0776632920024,879.0842459590058,879.5736206249858,879.5736206249858,879.5736206249858,879.6459174589836,879.6459174589836,879.6459174589836,880.0426332920033,z,0.9516326670127455,None,880.0427447090042,880.0427880419884,None,,,,,,,,,,,,21040099,1,2026-01-08_12h24.15.625,tilt_mocs,2024.2.4,120.82547964695175,2026-01-08 12h24.34.223250 -0500,
-8,-15.0,,326,326,0,,,,,100,0,,,,,c-8,negs,1.25,z,1.7712732090149075,None,None,,,,,,,,,,,0,326,326,292,880.0538664170017,,,,,,,,,,,,,,,,,,,,,,,,,,,,,,,,,,,,,,,,,,,,,,,,,,,,,,,,,,,,,,,,,,,,,,880.0447304589907,880.0538664170017,881.2899577500066,881.2899577500066,881.2899577500066,881.3629151250061,881.3629151250061,881.3629151250061,881.8281819169933,z,1.7712732090149075,None,881.8283359589987,881.8283895839995,None,,,,,,,,,,,,21040099,1,2026-01-08_12h24.15.625,tilt_mocs,2024.2.4,120.82547964695175,2026-01-08 12h24.34.223250 -0500,
6,15.0,,327,327,0,,,,,100,0,,,,,c+6,poss,0.75,z,1.159788958990248,None,None,,,,,,,,,,,0,327,327,179,881.8393159999978,,,,,,,,,,,,,,,,,,,,,,,,,,,,,,,,,,,,,,,,,,,,,,,,,,,,,,,,,,,,,,,,,,,,,,881.8304886670085,881.8393159999978,882.573792042007,882.573792042007,882.573792042007,882.646060250001,882.646060250001,882.646060250001,883.0106657919823,z,1.159788958990248,None,883.0108107919805,883.0108696669922,None,,,,,,,,,,,,21040099,1,2026-01-08_12h24.15.625,tilt_mocs,2024.2.4,120.82547964695175,2026-01-08 12h24.34.223250 -0500,
6,15.0,,328,328,0,,,,,100,0,,,,,c+6,poss,0.5,z,0.9730363750131801,None,None,,,,,,,,,,,0,328,328,169,883.0219077919901,,,,,,,,,,,,,,,,,,,,,,,,,,,,,,,,,,,,,,,,,,,,,,,,,,,,,,,,,,,,,,,,,,,,,,883.0131104589964,883.0219077919901,883.5070860839915,883.5070860839915,883.5070860839915,883.5782064999803,883.5782064999803,883.5782064999803,883.998402208992,z,0.9730363750131801,None,883.9985250419995,883.998577499995,None,,,,,,,,,,,,21040099,1,2026-01-08_12h24.15.625,tilt_mocs,2024.2.4,120.82547964695175,2026-01-08 12h24.34.223250 -0500,
6,15.0,,329,329,0,,,,,100,0,,,,,c+6,poss,0.75,z,1.3220582919893786,None,None,,,,,,,,,,,0,329,329,182,884.0098150839913,,,,,,,,,,,,,,,,,,,,,,,,,,,,,,,,,,,,,,,,,,,,,,,,,,,,,,,,,,,,,,,,,,,,,,884.0009073749825,884.0098150839913,884.7504745839979,884.7504745839979,884.7504745839979,884.8243576249806,884.8243576249806,884.8243576249806,885.3432754999958,z,1.3220582919893786,None,885.3434062500019,885.3434617499879,None,,,,,,,,,,,,21040099,1,2026-01-08_12h24.15.625,tilt_mocs,2024.2.4,120.82547964695175,2026-01-08 12h24.34.223250 -0500,
2,-15.0,,330,330,0,,,,,100,0,,,,,c+2,negs,1.0,period,1.538493500003824,None,None,,,,,,,,,,,0,330,330,489,885.3548346250027,,,,,,,,,,,,,,,,,,,,,,,,,,,,,,,,,,,,,,,,,,,,,,,,,,,,,,,,,,,,,,,,,,,,,,885.3459349169862,885.3548346250027,886.3405340839818,886.3405340839818,886.3405340839818,886.4125208749902,886.4125208749902,886.4125208749902,886.8994310419948,period,1.538493500003824,None,886.8995579170005,886.899609916989,None,,,,,,,,,,,,21040099,1,2026-01-08_12h24.15.625,tilt_mocs,2024.2.4,120.82547964695175,2026-01-08 12h24.34.223250 -0500,
6,15.0,,331,331,0,,,,,100,0,,,,,c+6,poss,0.5,period,1.0640952919784468,None,None,,,,,,,,,,,0,331,331,178,886.9104639590078,,,,,,,,,,,,,,,,,,,,,,,,,,,,,,,,,,,,,,,,,,,,,,,,,,,,,,,,,,,,,,,,,,,,,,886.9020248340094,886.9104639590078,887.3999865840015,887.3999865840015,887.3999865840015,887.4745232499845,887.4745232499845,887.4745232499845,887.9773890840006,period,1.0640952919784468,None,887.9775418750069,887.9776244999957,None,,,,,,,,,,,,21040099,1,2026-01-08_12h24.15.625,tilt_mocs,2024.2.4,120.82547964695175,2026-01-08 12h24.34.223250 -0500,
-2,0.0,,332,332,0,,,,,0,100,,,,,c-2,noss,1.0,z,1.4487514999927953,None,None,,,,,,,,,,,0,332,332,573,887.9887005839846,,,,,,,,,,,,,,,,,,,,,,,,,,,,,,,,,,,,,,,,,,,,,,,,,,,,,,,,,,,,,,,,,,,,,,887.979879749997,887.9887005839846,888.974012791994,888.974012791994,888.974012791994,889.0464641249855,889.0464641249855,889.0464641249855,889.4437564999971,z,1.4487514999927953,None,889.4439240419888,889.4439801670087,None,,,,,,,,,,,,21040099,1,2026-01-08_12h24.15.625,tilt_mocs,2024.2.4,120.82547964695175,2026-01-08 12h24.34.223250 -0500,
-8,-15.0,,333,333,0,,,,,100,0,,,,,c-8,negs,0.5,z,0.9294397499761544,None,None,,,,,,,,,,,0,333,333,253,889.4557322500041,,,,,,,,,,,,,,,,,,,,,,,,,,,,,,,,,,,,,,,,,,,,,,,,,,,,,,,,,,,,,,,,,,,,,,889.4467751249904,889.4557322500041,889.9407673339883,889.9407673339883,889.9407673339883,890.0127941670071,890.0127941670071,890.0127941670071,890.3933890000044,z,0.9294397499761544,None,890.393512834009,890.3935814590077,None,,,,,,,,,,,,21040099,1,2026-01-08_12h24.15.625,tilt_mocs,2024.2.4,120.82547964695175,2026-01-08 12h24.34.223250 -0500,
2,15.0,,334,334,0,,,,,100,0,,,,,c+2,poss,0.75,z,1.2480727910005953,None,None,,,,,,,,,,,0,334,334,99,890.4045704589807,,,,,,,,,,,,,,,,,,,,,,,,,,,,,,,,,,,,,,,,,,,,,,,,,,,,,,,,,,,,,,,,,,,,,,890.3959610839956,890.4045704589807,891.1407090419962,891.1407090419962,891.1407090419962,891.2140525839932,891.2140525839932,891.2140525839932,891.6602443339943,z,1.2480727910005953,None,891.660412208992,891.660468083981,None,,,,,,,,,,,,21040099,1,2026-01-08_12h24.15.625,tilt_mocs,2024.2.4,120.82547964695175,2026-01-08 12h24.34.223250 -0500,
8,15.0,,335,335,0,,,,,100,0,,,,,c+8,poss,0.75,z,1.1240022090205457,None,None,,,,,,,,,,,0,335,335,230,891.6726347499934,,,,,,,,,,,,,,,,,,,,,,,,,,,,,,,,,,,,,,,,,,,,,,,,,,,,,,,,,,,,,,,,,,,,,,891.6634813339915,891.6726347499934,892.4075405839831,892.4075405839831,892.4075405839831,892.4799462090014,892.4799462090014,892.4799462090014,892.7992215839913,z,1.1240022090205457,None,892.7993568749807,892.7994273749937,None,,,,,,,,,,,,21040099,1,2026-01-08_12h24.15.625,tilt_mocs,2024.2.4,120.82547964695175,2026-01-08 12h24.34.223250 -0500,
4,15.0,,336,336,0,,,,,100,0,,,,,c+4,poss,1.25,period,0.4065156659926288,None,None,,,,,,,,,,,0,336,336,164,892.8103687499824,,,,,,,,,,,,,,,,,,,,,,,,,,,,,,,,,,,,,,,,,,,,,,,,,,,,,,,,,,,,,,,,,,,,,,892.8013829999836,892.8103687499824,,,,,,,893.2271682919818,period,0.4065156659926288,None,893.2273304999981,893.227390666987,None,,,,,,,,,,,,21040099,1,2026-01-08_12h24.15.625,tilt_mocs,2024.2.4,120.82547964695175,2026-01-08 12h24.34.223250 -0500,
2,15.0,,337,337,0,,,,,100,0,,,,,c+2,poss,0.75,z,1.3093935000069905,None,None,,,,,,,,,,,0,337,337,103,893.2395043750003,,,,,,,,,,,,,,,,,,,,,,,,,,,,,,,,,,,,,,,,,,,,,,,,,,,,,,,,,,,,,,,,,,,,,,893.2305596249935,893.2395043750003,893.9742167090008,893.9742167090008,893.9742167090008,894.0461197920085,894.0461197920085,894.0461197920085,894.5612232499989,z,1.3093935000069905,None,894.5613762499997,894.5614336669969,None,,,,,,,,,,,,21040099,1,2026-01-08_12h24.15.625,tilt_mocs,2024.2.4,120.82547964695175,2026-01-08 12h24.34.223250 -0500,
8,15.0,,338,338,0,,,,,100,0,,,,,c+8,poss,1.25,period,1.8666194999823347,None,None,,,,,,,,,,,0,338,338,245,894.5722551250074,,,,,,,,,,,,,,,,,,,,,,,,,,,,,,,,,,,,,,,,,,,,,,,,,,,,,,,,,,,,,,,,,,,,,,894.5636787090043,894.5722551250074,895.806567208987,895.806567208987,895.806567208987,895.8802805419837,895.8802805419837,895.8802805419837,896.4440525840037,period,1.8666194999823347,None,896.444241041987,896.4443004589994,None,,,,,,,,,,,,21040099,1,2026-01-08_12h24.15.625,tilt_mocs,2024.2.4,120.82547964695175,2026-01-08 12h24.34.223250 -0500,
-6,-15.0,,339,339,0,,,,,100,0,,,,,c-6,negs,0.5,z,1.151641042000847,None,None,,,,,,,,,,,0,339,339,303,896.4566409589897,,,,,,,,,,,,,,,,,,,,,,,,,,,,,,,,,,,,,,,,,,,,,,,,,,,,,,,,,,,,,,,,,,,,,,896.4471188749885,896.4566409589897,896.9409381249861,896.9409381249861,896.9409381249861,897.0130389999831,897.0130389999831,897.0130389999831,897.6111459170061,z,1.151641042000847,None,897.6113223340071,897.6113800419844,None,,,,,,,,,,,,21040099,1,2026-01-08_12h24.15.625,tilt_mocs,2024.2.4,120.82547964695175,2026-01-08 12h24.34.223250 -0500,
-4,0.0,,340,340,0,,,,,0,100,,,,,c-4,noss,0.5,z,0.9736873339861631,None,None,,,,,,,,,,,0,340,340,506,897.6226717089885,,,,,,,,,,,,,,,,,,,,,,,,,,,,,,,,,,,,,,,,,,,,,,,,,,,,,,,,,,,,,,,,,,,,,,897.6135788749962,897.6226717089885,898.1077641249867,898.1077641249867,898.1077641249867,898.1806720419845,898.1806720419845,898.1806720419845,898.599052125006,z,0.9736873339861631,None,898.5991735839925,898.5992247920076,None,,,,,,,,,,,,21040099,1,2026-01-08_12h24.15.625,tilt_mocs,2024.2.4,120.82547964695175,2026-01-08 12h24.34.223250 -0500,
-2,15.0,,341,341,0,,,,,100,0,,,,,c-2,poss,0.75,z,1.2491592089936603,None,None,,,,,,,,,,,0,341,341,12,898.6102203339979,,,,,,,,,,,,,,,,,,,,,,,,,,,,,,,,,,,,,,,,,,,,,,,,,,,,,,,,,,,,,,,,,,,,,,898.6011891670059,898.6102203339979,899.3510849589948,899.3510849589948,899.3510849589948,899.4249587919912,899.4249587919912,899.4249587919912,899.866653584002,z,1.2491592089936603,None,899.8667636669998,899.8668065420061,None,,,,,,,,,,,,21040099,1,2026-01-08_12h24.15.625,tilt_mocs,2024.2.4,120.82547964695175,2026-01-08 12h24.34.223250 -0500,
-2,0.0,,342,342,0,,,,,0,100,,,,,c-2,noss,0.75,z,1.3734431249904446,None,None,,,,,,,,,,,0,342,342,563,899.8774262499937,,,,,,,,,,,,,,,,,,,,,,,,,,,,,,,,,,,,,,,,,,,,,,,,,,,,,,,,,,,,,,,,,,,,,,899.8687752920086,899.8774262499937,900.6179609170067,900.6179609170067,900.6179609170067,900.6914406669966,900.6914406669966,900.6914406669966,901.260945749993,z,1.3734431249904446,None,901.2611141249945,901.2611769170035,None,,,,,,,,,,,,21040099,1,2026-01-08_12h24.15.625,tilt_mocs,2024.2.4,120.82547964695175,2026-01-08 12h24.34.223250 -0500,
-2,0.0,,343,343,0,,,,,0,100,,,,,c-2,noss,1.0,z,1.4912933750019874,None,None,,,,,,,,,,,0,343,343,575,901.2724804169848,,,,,,,,,,,,,,,,,,,,,,,,,,,,,,,,,,,,,,,,,,,,,,,,,,,,,,,,,,,,,,,,,,,,,,901.2636113339977,901.2724804169848,902.2577749170014,902.2577749170014,902.2577749170014,902.3308189169911,902.3308189169911,902.3308189169911,902.7671584170021,z,1.4912933750019874,None,902.7672875839926,902.7673434589815,None,,,,,,,,,,,,21040099,1,2026-01-08_12h24.15.625,tilt_mocs,2024.2.4,120.82547964695175,2026-01-08 12h24.34.223250 -0500,
-4,-15.0,,344,344,0,,,,,100,0,,,,,c-4,negs,1.0,period,1.533805916988058,None,None,,,,,,,,,,,0,344,344,361,902.7776287090092,,,,,,,,,,,,,,,,,,,,,,,,,,,,,,,,,,,,,,,,,,,,,,,,,,,,,,,,,,,,,,,,,,,,,,902.7694554170012,902.7776287090092,903.767672624992,903.767672624992,903.767672624992,903.841653334006,903.841653334006,903.841653334006,904.3167267089884,period,1.533805916988058,None,904.3168622920057,904.3169165419822,None,,,,,,,,,,,,21040099,1,2026-01-08_12h24.15.625,tilt_mocs,2024.2.4,120.82547964695175,2026-01-08 12h24.34.223250 -0500,
8,15.0,,345,345,0,,,,,100,0,,,,,c+8,poss,0.75,period,1.1639830409840215,None,None,,,,,,,,,,,0,345,345,227,904.327778042003,,,,,,,,,,,,,,,,,,,,,,,,,,,,,,,,,,,,,,,,,,,,,,,,,,,,,,,,,,,,,,,,,,,,,,904.3191280000028,904.327778042003,905.0680064589833,905.0680064589833,905.0680064589833,905.141741792002,905.141741792002,905.141741792002,905.4942737089877,period,1.1639830409840215,None,905.4944015000074,905.4944534589886,None,,,,,,,,,,,,21040099,1,2026-01-08_12h24.15.625,tilt_mocs,2024.2.4,120.82547964695175,2026-01-08 12h24.34.223250 -0500,
2,0.0,,346,346,0,,,,,0,100,,,,,c+2,noss,0.75,period,1.5060745000082534,None,None,,,,,,,,,,,0,346,346,641,905.5054477920057,,,,,,,,,,,,,,,,,,,,,,,,,,,,,,,,,,,,,,,,,,,,,,,,,,,,,,,,,,,,,,,,,,,,,,905.4969163339993,905.5054477920057,906.2412239589903,906.2412239589903,906.2412239589903,906.3134163339855,906.3134163339855,906.3134163339855,907.0165649589908,period,1.5060745000082534,None,907.0166699170077,907.0167117499805,None,,,,,,,,,,,,21040099,1,2026-01-08_12h24.15.625,tilt_mocs,2024.2.4,120.82547964695175,2026-01-08 12h24.34.223250 -0500,
-8,-15.0,,347,347,0,,,,,100,0,,,,,c-8,negs,0.75,period,1.3054907089972403,None,None,,,,,,,,,,,0,347,347,264,907.0275378339866,,,,,,,,,,,,,,,,,,,,,,,,,,,,,,,,,,,,,,,,,,,,,,,,,,,,,,,,,,,,,,,,,,,,,,907.0186140839942,907.0275378339866,907.7676104169805,907.7676104169805,907.7676104169805,907.8419032919919,907.8419032919919,907.8419032919919,908.3441972919973,period,1.3054907089972403,None,908.3443610419927,908.3444170840085,None,,,,,,,,,,,,21040099,1,2026-01-08_12h24.15.625,tilt_mocs,2024.2.4,120.82547964695175,2026-01-08 12h24.34.223250 -0500,
-4,-15.0,,348,348,0,,,,,100,0,,,,,c-4,negs,0.75,period,1.2439534580043983,None,None,,,,,,,,,,,0,348,348,348,908.3560064169869,,,,,,,,,,,,,,,,,,,,,,,,,,,,,,,,,,,,,,,,,,,,,,,,,,,,,,,,,,,,,,,,,,,,,,908.3471129999962,908.3560064169869,909.091454666981,909.091454666981,909.091454666981,909.1644158749841,909.1644158749841,909.1644158749841,909.6093092499941,period,1.2439534580043983,None,909.6093507089827,909.6093659589824,None,,,,,,,,,,,,21040099,1,2026-01-08_12h24.15.625,tilt_mocs,2024.2.4,120.82547964695175,2026-01-08 12h24.34.223250 -0500,
-4,0.0,,349,349,0,,,,,0,100,,,,,c-4,noss,1.0,z,1.5765400410164148,None,None,,,,,,,,,,,0,349,349,530,909.6164714169863,,,,,,,,,,,,,,,,,,,,,,,,,,,,,,,,,,,,,,,,,,,,,,,,,,,,,,,,,,,,,,,,,,,,,,909.6100774589868,909.6164714169863,910.6015944999817,910.6015944999817,910.6015944999817,910.6755364169949,910.6755364169949,910.6755364169949,911.204684708995,z,1.5765400410164148,None,911.2047926250088,911.204835209006,None,,,,,,,,,,,,21040099,1,2026-01-08_12h24.15.625,tilt_mocs,2024.2.4,120.82547964695175,2026-01-08 12h24.34.223250 -0500,
6,15.0,,350,350,0,,,,,100,0,,,,,c+6,poss,0.5,z,1.3424794579914305,None,None,,,,,,,,,,,0,350,350,173,911.2112191669876,,,,,,,,,,,,,,,,,,,,,,,,,,,,,,,,,,,,,,,,,,,,,,,,,,,,,,,,,,,,,,,,,,,,,,911.2067757920013,911.2112191669876,911.7018799590005,911.7018799590005,911.7018799590005,911.7751580839977,911.7751580839977,911.7751580839977,912.561530417006,z,1.3424794579914305,None,912.5617076669878,912.5617776250001,None,,,,,,,,,,,,21040099,1,2026-01-08_12h24.15.625,tilt_mocs,2024.2.4,120.82547964695175,2026-01-08 12h24.34.223250 -0500,
-8,-15.0,,351,351,0,,,,,100,0,,,,,c-8,negs,0.75,z,1.405242165987147,None,None,,,,,,,,,,,0,351,351,272,912.5737924169807,,,,,,,,,,,,,,,,,,,,,,,,,,,,,,,,,,,,,,,,,,,,,,,,,,,,,,,,,,,,,,,,,,,,,,912.5647285000014,912.5737924169807,913.3083398749877,913.3083398749877,913.3083398749877,913.3803745420009,913.3803745420009,913.3803745420009,913.982729374984,z,1.405242165987147,None,913.9828300839872,913.9828717919881,None,,,,,,,,,,,,21040099,1,2026-01-08_12h24.15.625,tilt_mocs,2024.2.4,120.82547964695175,2026-01-08 12h24.34.223250 -0500,
-4,-15.0,,352,352,0,,,,,100,0,,,,,c-4,negs,1.25,period,1.9257100420072675,None,None,,,,,,,,,,,0,352,352,369,913.9937362920027,,,,,,,,,,,,,,,,,,,,,,,,,,,,,,,,,,,,,,,,,,,,,,,,,,,,,,,,,,,,,,,,,,,,,,913.9848101249954,913.9937362920027,915.2341947089881,915.2341947089881,915.2341947089881,915.3088736250065,915.3088736250065,915.3088736250065,915.927598084003,period,1.9257100420072675,None,915.9277691669995,915.9278254589881,None,,,,,,,,,,,,21040099,1,2026-01-08_12h24.15.625,tilt_mocs,2024.2.4,120.82547964695175,2026-01-08 12h24.34.223250 -0500,
-2,0.0,,353,353,0,,,,,0,100,,,,,c-2,noss,1.25,z,1.794460542005254,None,None,,,,,,,,,,,0,353,353,579,915.9395618340059,,,,,,,,,,,,,,,,,,,,,,,,,,,,,,,,,,,,,,,,,,,,,,,,,,,,,,,,,,,,,,,,,,,,,,915.9306901670061,915.9395618340059,917.1750138750067,917.1750138750067,917.1750138750067,917.247077374981,917.247077374981,917.247077374981,917.7450698339962,z,1.794460542005254,None,917.7452094169857,917.7452666669851,None,,,,,,,,,,,,21040099,1,2026-01-08_12h24.15.625,tilt_mocs,2024.2.4,120.82547964695175,2026-01-08 12h24.34.223250 -0500,
-4,0.0,,354,354,0,,,,,0,100,,,,,c-4,noss,0.5,z,0.8998019159771502,None,None,,,,,,,,,,,0,354,354,513,917.7563753750001,,,,,,,,,,,,,,,,,,,,,,,,,,,,,,,,,,,,,,,,,,,,,,,,,,,,,,,,,,,,,,,,,,,,,,917.7474422499945,917.7563753750001,918.2417947089998,918.2417947089998,918.2417947089998,918.3137054590043,918.3137054590043,918.3137054590043,918.6612122500082,z,0.8998019159771502,None,918.6613420840004,918.6613951250038,None,,,,,,,,,,,,21040099,1,2026-01-08_12h24.15.625,tilt_mocs,2024.2.4,120.82547964695175,2026-01-08 12h24.34.223250 -0500,
0,-15.0,,355,355,0,,,,,100,0,,,,,c+0,negs,1.0,z,1.2755572499881964,None,None,,,,,,,,,,,0,355,355,442,918.6724438749952,,,,,,,,,,,,,,,,,,,,,,,,,,,,,,,,,,,,,,,,,,,,,,,,,,,,,,,,,,,,,,,,,,,,,,918.6637599589885,918.6724438749952,919.6576036250044,919.6576036250044,919.6576036250044,919.7315621669986,919.7315621669986,919.7315621669986,919.9505148750031,z,1.2755572499881964,None,919.9506449589971,919.9506978339923,None,,,,,,,,,,,,21040099,1,2026-01-08_12h24.15.625,tilt_mocs,2024.2.4,120.82547964695175,2026-01-08 12h24.34.223250 -0500,
-2,-15.0,,356,356,0,,,,,100,0,,,,,c-2,negs,0.5,period,0.2231494589941576,None,None,,,,,,,,,,,0,356,356,385,919.9614782499848,,,,,,,,,,,,,,,,,,,,,,,,,,,,,,,,,,,,,,,,,,,,,,,,,,,,,,,,,,,,,,,,,,,,,,919.9526383749908,919.9614782499848,,,,,,,920.1945859169937,period,0.2231494589941576,None,920.1947473339969,920.1948043750017,None,,,,,,,,,,,,21040099,1,2026-01-08_12h24.15.625,tilt_mocs,2024.2.4,120.82547964695175,2026-01-08 12h24.34.223250 -0500,
-2,0.0,,357,357,0,,,,,0,100,,,,,c-2,noss,0.75,z,1.2433311669738032,None,None,,,,,,,,,,,0,357,357,566,920.2063998749945,,,,,,,,,,,,,,,,,,,,,,,,,,,,,,,,,,,,,,,,,,,,,,,,,,,,,,,,,,,,,,,,,,,,,,920.1974969999865,920.2063998749945,920.9410463749955,920.9410463749955,920.9410463749955,921.0141353750078,921.0141353750078,921.0141353750078,921.4609688339988,z,1.2433311669738032,None,921.4611031249806,921.4611558339966,None,,,,,,,,,,,,21040099,1,2026-01-08_12h24.15.625,tilt_mocs,2024.2.4,120.82547964695175,2026-01-08 12h24.34.223250 -0500,
8,15.0,,358,358,0,,,,,100,0,,,,,c+8,poss,1.0,period,1.4625827919808216,None,None,,,,,,,,,,,0,358,358,234,921.4720770840067,,,,,,,,,,,,,,,,,,,,,,,,,,,,,,,,,,,,,,,,,,,,,,,,,,,,,,,,,,,,,,,,,,,,,,921.4633978339843,921.4720770840067,922.458438917005,922.458438917005,922.458438917005,922.5314514169877,922.5314514169877,922.5314514169877,922.9449687500019,period,1.4625827919808216,None,922.9451237089816,922.9451846669836,None,,,,,,,,,,,,21040099,1,2026-01-08_12h24.15.625,tilt_mocs,2024.2.4,120.82547964695175,2026-01-08 12h24.34.223250 -0500,
4,15.0,,359,359,0,,,,,100,0,,,,,c+4,poss,1.0,z,1.4458882909966633,None,None,,,,,,,,,,,0,359,359,151,922.9573137499974,,,,,,,,,,,,,,,,,,,,,,,,,,,,,,,,,,,,,,,,,,,,,,,,,,,,,,,,,,,,,,,,,,,,,,922.9479997919989,922.9573137499974,923.9419012090075,923.9419012090075,923.9419012090075,924.014216541982,924.014216541982,924.014216541982,924.4118386670016,z,1.4458882909966633,None,924.4120769999863,924.4121894589916,None,,,,,,,,,,,,21040099,1,2026-01-08_12h24.15.625,tilt_mocs,2024.2.4,120.82547964695175,2026-01-08 12h24.34.223250 -0500,
4,0.0,,360,360,0,,,,,0,100,,,,,c+4,noss,1.0,period,1.4773880419961642,None,None,,,,,,,,,,,0,360,360,696,924.4236524169974,,,,,,,,,,,,,,,,,,,,,,,,,,,,,,,,,,,,,,,,,,,,,,,,,,,,,,,,,,,,,,,,,,,,,,924.4146110419824,924.4236524169974,925.4085625000007,925.4085625000007,925.4085625000007,925.4811041670037,925.4811041670037,925.4811041670037,925.9113565839943,period,1.4773880419961642,None,925.9114804999845,925.9115331250068,None,,,,,,,,,,,,21040099,1,2026-01-08_12h24.15.625,tilt_mocs,2024.2.4,120.82547964695175,2026-01-08 12h24.34.223250 -0500,
4,0.0,,361,361,0,,,,,0,100,,,,,c+4,noss,1.25,z,1.7723292500013486,None,None,,,,,,,,,,,0,361,361,707,925.9223734170082,,,,,,,,,,,,,,,,,,,,,,,,,,,,,,,,,,,,,,,,,,,,,,,,,,,,,,,,,,,,,,,,,,,,,,925.9137180839898,925.9223734170082,927.1586626250064,927.1586626250064,927.1586626250064,927.2309816670022,927.2309816670022,927.2309816670022,927.7011312499817,z,1.7723292500013486,None,927.7012384590053,927.7012799590011,None,,,,,,,,,,,,21040099,1,2026-01-08_12h24.15.625,tilt_mocs,2024.2.4,120.82547964695175,2026-01-08 12h24.34.223250 -0500,
-2,0.0,,362,362,0,,,,,0,100,,,,,c-2,noss,0.5,z,0.9823703749862034,None,None,,,,,,,,,,,0,362,362,547,927.711683667003,,,,,,,,,,,,,,,,,,,,,,,,,,,,,,,,,,,,,,,,,,,,,,,,,,,,,,,,,,,,,,,,,,,,,,927.7032609999878,927.711683667003,928.2019778749964,928.2019778749964,928.2019778749964,928.2759312499838,928.2759312499838,928.2759312499838,928.7006951670046,z,0.9823703749862034,None,928.7008219170093,928.7008898339991,None,,,,,,,,,,,,21040099,1,2026-01-08_12h24.15.625,tilt_mocs,2024.2.4,120.82547964695175,2026-01-08 12h24.34.223250 -0500,
0,-15.0,,363,363,0,,,,,100,0,,,,,c+0,negs,1.25,period,1.7315859160153195,None,None,,,,,,,,,,,0,363,363,458,928.7118527919811,,,,,,,,,,,,,,,,,,,,,,,,,,,,,,,,,,,,,,,,,,,,,,,,,,,,,,,,,,,,,,,,,,,,,,928.7029795419949,928.7118527919811,929.9522226669942,929.9522226669942,929.9522226669942,930.0259632499947,930.0259632499947,930.0259632499947,930.4464304590074,period,1.7315859160153195,None,930.4466532089864,930.4467181669897,None,,,,,,,,,,,,21040099,1,2026-01-08_12h24.15.625,tilt_mocs,2024.2.4,120.82547964695175,2026-01-08 12h24.34.223250 -0500,
0,15.0,,364,364,0,,,,,100,0,,,,,c+0,poss,1.25,z,1.7289915829896927,None,None,,,,,,,,,,,0,364,364,74,930.4583350839966,,,,,,,,,,,,,,,,,,,,,,,,,,,,,,,,,,,,,,,,,,,,,,,,,,,,,,,,,,,,,,,,,,,,,,930.4494462090079,930.4583350839966,931.6922620839905,931.6922620839905,931.6922620839905,931.7649759589985,931.7649759589985,931.7649759589985,932.1951622919878,z,1.7289915829896927,None,932.1953193749941,932.1953748750093,None,,,,,,,,,,,,21040099,1,2026-01-08_12h24.15.625,tilt_mocs,2024.2.4,120.82547964695175,2026-01-08 12h24.34.223250 -0500,
0,0.0,,365,365,0,,,,,0,100,,,,,c+0,noss,0.5,z,0.9929695839819033,None,None,,,,,,,,,,,0,365,365,589,932.2074352919881,,,,,,,,,,,,,,,,,,,,,,,,,,,,,,,,,,,,,,,,,,,,,,,,,,,,,,,,,,,,,,,,,,,,,,932.1984535839874,932.2074352919881,932.692176624987,932.692176624987,932.692176624987,932.7646905419824,932.7646905419824,932.7646905419824,933.2126878749987,z,0.9929695839819033,None,933.2128289169923,933.2128904169949,None,,,,,,,,,,,,21040099,1,2026-01-08_12h24.15.625,tilt_mocs,2024.2.4,120.82547964695175,2026-01-08 12h24.34.223250 -0500,
-8,-15.0,,366,366,0,,,,,100,0,,,,,c-8,negs,0.5,z,0.8417980000085663,None,None,,,,,,,,,,,0,366,366,256,933.224243042001,,,,,,,,,,,,,,,,,,,,,,,,,,,,,,,,,,,,,,,,,,,,,,,,,,,,,,,,,,,,,,,,,,,,,,933.2152689590002,933.224243042001,933.7089018340048,933.7089018340048,933.7089018340048,933.7808588339831,933.7808588339831,933.7808588339831,934.0787983339978,z,0.8417980000085663,None,934.078965541994,934.079025458981,None,,,,,,,,,,,,21040099,1,2026-01-08_12h24.15.625,tilt_mocs,2024.2.4,120.82547964695175,2026-01-08 12h24.34.223250 -0500,
0,15.0,,367,367,0,,,,,100,0,,,,,c+0,poss,0.75,z,1.2197685829887632,None,None,,,,,,,,,,,0,367,367,62,934.0911069169815,,,,,,,,,,,,,,,,,,,,,,,,,,,,,,,,,,,,,,,,,,,,,,,,,,,,,,,,,,,,,,,,,,,,,,934.081965083984,934.0911069169815,934.8256951250078,934.8256951250078,934.8256951250078,934.8977139999915,934.8977139999915,934.8977139999915,935.3171069999808,z,1.2197685829887632,None,935.3172367920051,935.3172882089857,None,,,,,,,,,,,,21040099,1,2026-01-08_12h24.15.625,tilt_mocs,2024.2.4,120.82547964695175,2026-01-08 12h24.34.223250 -0500,
-4,0.0,,368,368,0,,,,,0,100,,,,,c-4,noss,0.75,z,1.247783792001428,None,None,,,,,,,,,,,0,368,368,525,935.3284091249807,,,,,,,,,,,,,,,,,,,,,,,,,,,,,,,,,,,,,,,,,,,,,,,,,,,,,,,,,,,,,,,,,,,,,,935.3192985419882,935.3284091249807,936.068460666982,936.068460666982,936.068460666982,936.1429047499842,936.1429047499842,936.1429047499842,936.5789253749826,z,1.247783792001428,None,936.5790904999885,936.5791599589866,None,,,,,,,,,,,,21040099,1,2026-01-08_12h24.15.625,tilt_mocs,2024.2.4,120.82547964695175,2026-01-08 12h24.34.223250 -0500,
-2,15.0,,369,369,0,,,,,100,0,,,,,c-2,poss,1.0,z,1.4192740000144113,None,None,,,,,,,,,,,0,369,369,23,936.5902899169887,,,,,,,,,,,,,,,,,,,,,,,,,,,,,,,,,,,,,,,,,,,,,,,,,,,,,,,,,,,,,,,,,,,,,,936.5815038750006,936.5902899169887,937.575771999982,937.575771999982,937.575771999982,937.648364291992,937.648364291992,937.648364291992,938.012242249999,z,1.4192740000144113,None,938.0124269590015,938.0126219170052,None,,,,,,,,,,,,21040099,1,2026-01-08_12h24.15.625,tilt_mocs,2024.2.4,120.82547964695175,2026-01-08 12h24.34.223250 -0500,
4,0.0,,370,370,0,,,,,0,100,,,,,c+4,noss,0.75,z,1.1481515420018695,None,None,,,,,,,,,,,0,370,370,690,938.0239568339894,,,,,,,,,,,,,,,,,,,,,,,,,,,,,,,,,,,,,,,,,,,,,,,,,,,,,,,,,,,,,,,,,,,,,,938.0150957499864,938.0239568339894,938.7590869590058,938.7590869590058,938.7590869590058,938.8312054589915,938.8312054589915,938.8312054589915,939.1783209169807,z,1.1481515420018695,None,939.1784234170045,939.1784648339963,None,,,,,,,,,,,,21040099,1,2026-01-08_12h24.15.625,tilt_mocs,2024.2.4,120.82547964695175,2026-01-08 12h24.34.223250 -0500,
4,0.0,,371,371,0,,,,,0,100,,,,,c+4,noss,0.5,z,1.3093968750035856,None,None,,,,,,,,,,,0,371,371,681,939.1890324169945,,,,,,,,,,,,,,,,,,,,,,,,,,,,,,,,,,,,,,,,,,,,,,,,,,,,,,,,,,,,,,,,,,,,,,939.1803957920056,939.1890324169945,939.6758878339897,939.6758878339897,939.6758878339897,939.747690624994,939.747690624994,939.747690624994,940.5009997499874,z,1.3093968750035856,None,940.5011322089995,940.501185000001,None,,,,,,,,,,,,21040099,1,2026-01-08_12h24.15.625,tilt_mocs,2024.2.4,120.82547964695175,2026-01-08 12h24.34.223250 -0500,
8,15.0,,372,372,0,,,,,100,0,,,,,c+8,poss,1.25,z,2.2439285829896107,None,None,,,,,,,,,,,0,372,372,244,940.5124215419928,,,,,,,,,,,,,,,,,,,,,,,,,,,,,,,,,,,,,,,,,,,,,,,,,,,,,,,,,,,,,,,,,,,,,,940.5039419999812,940.5124215419928,941.7520412500016,941.7520412500016,941.7520412500016,941.8252732919937,941.8252732919937,941.8252732919937,942.762062416994,z,2.2439285829896107,None,942.7621660419973,942.7622146249923,None,,,,,,,,,,,,21040099,1,2026-01-08_12h24.15.625,tilt_mocs,2024.2.4,120.82547964695175,2026-01-08 12h24.34.223250 -0500,
-2,15.0,,373,373,0,,,,,100,0,,,,,c-2,poss,0.75,z,1.2344004580227192,None,None,,,,,,,,,,,0,373,373,11,942.7723389169842,,,,,,,,,,,,,,,,,,,,,,,,,,,,,,,,,,,,,,,,,,,,,,,,,,,,,,,,,,,,,,,,,,,,,,942.7641764169966,942.7723389169842,943.5092461669992,943.5092461669992,943.5092461669992,943.5820283750072,943.5820283750072,943.5820283750072,944.0124587089813,z,1.2344004580227192,None,944.0126942500065,944.0127791670093,None,,,,,,,,,,,,21040099,1,2026-01-08_12h24.15.625,tilt_mocs,2024.2.4,120.82547964695175,2026-01-08 12h24.34.223250 -0500,
0,0.0,,374,374,0,,,,,0,100,,,,,c+0,noss,1.0,z,1.4358385840023402,None,None,,,,,,,,,,,0,374,374,610,944.0242069999804,,,,,,,,,,,,,,,,,,,,,,,,,,,,,,,,,,,,,,,,,,,,,,,,,,,,,,,,,,,,,,,,,,,,,,944.0151781250024,944.0242069999804,945.0093788339873,945.0093788339873,945.0093788339873,945.0810266670014,945.0810266670014,945.0810266670014,945.4631034589838,z,1.4358385840023402,None,945.4632509170042,945.4633359999862,None,,,,,,,,,,,,21040099,1,2026-01-08_12h24.15.625,tilt_mocs,2024.2.4,120.82547964695175,2026-01-08 12h24.34.223250 -0500,
2,-15.0,,375,375,0,,,,,100,0,,,,,c+2,negs,1.25,period,1.8247779160155915,None,None,,,,,,,,,,,0,375,375,502,945.4742691249994,,,,,,,,,,,,,,,,,,,,,,,,,,,,,,,,,,,,,,,,,,,,,,,,,,,,,,,,,,,,,,,,,,,,,,945.4655333749834,945.4742691249994,946.7094046249986,946.7094046249986,946.7094046249986,946.7814708749938,946.7814708749938,946.7814708749938,947.3100695419998,period,1.8247779160155915,None,947.3101774999814,947.3102216249972,None,,,,,,,,,,,,21040099,1,2026-01-08_12h24.15.625,tilt_mocs,2024.2.4,120.82547964695175,2026-01-08 12h24.34.223250 -0500,
2,15.0,,376,376,0,,,,,100,0,,,,,c+2,poss,0.5,z,0.9888679159921594,None,None,,,,,,,,,,,0,376,376,93,947.317385125003,,,,,,,,,,,,,,,,,,,,,,,,,,,,,,,,,,,,,,,,,,,,,,,,,,,,,,,,,,,,,,,,,,,,,,947.3122437919956,947.317385125003,947.8025421249913,947.8025421249913,947.8025421249913,947.8768256669864,947.8768256669864,947.8768256669864,948.3124748340051,z,0.9888679159921594,None,948.3126336249989,948.3127164589823,None,,,,,,,,,,,,21040099,1,2026-01-08_12h24.15.625,tilt_mocs,2024.2.4,120.82547964695175,2026-01-08 12h24.34.223250 -0500,
-2,-15.0,,377,377,0,,,,,100,0,,,,,c-2,negs,0.5,period,1.033386250026524,None,None,,,,,,,,,,,0,377,377,384,948.3238785419962,,,,,,,,,,,,,,,,,,,,,,,,,,,,,,,,,,,,,,,,,,,,,,,,,,,,,,,,,,,,,,,,,,,,,,948.3148977090023,948.3238785419962,948.8094552499824,948.8094552499824,948.8094552499824,948.8811183339858,948.8811183339858,948.8811183339858,949.3622191670001,period,1.033386250026524,None,949.3623254999984,949.3623674589908,None,,,,,,,,,,,,21040099,1,2026-01-08_12h24.15.625,tilt_mocs,2024.2.4,120.82547964695175,2026-01-08 12h24.34.223250 -0500,
0,0.0,,378,378,0,,,,,0,100,,,,,c+0,noss,0.5,period,1.0717722080007661,None,None,,,,,,,,,,,0,378,378,593,949.3725214590086,,,,,,,,,,,,,,,,,,,,,,,,,,,,,,,,,,,,,,,,,,,,,,,,,,,,,,,,,,,,,,,,,,,,,,949.3642700419878,949.3725214590086,949.8593825419957,949.8593825419957,949.8593825419957,949.9315166249871,949.9315166249871,949.9315166249871,950.4571016249829,period,1.0717722080007661,None,950.4572012919816,950.4572500000068,None,,,,,,,,,,,,21040099,1,2026-01-08_12h24.15.625,tilt_mocs,2024.2.4,120.82547964695175,2026-01-08 12h24.34.223250 -0500,
2,-15.0,,379,379,0,,,,,100,0,,,,,c+2,negs,0.75,period,4.681603166012792,None,None,,,,,,,,,,,0,379,379,481,950.4644444590085,,,,,,,,,,,,,,,,,,,,,,,,,,,,,,,,,,,,,,,,,,,,,,,,,,,,,,,,,,,,,,,,,,,,,,950.4592691669823,950.4644444590085,951.2028176669846,951.2028176669846,951.2028176669846,951.2768114999926,951.2768114999926,951.2768114999926,955.151464124996,period,4.681603166012792,None,955.1515941249963,955.1516543339822,None,,,,,,,,,,,,21040099,1,2026-01-08_12h24.15.625,tilt_mocs,2024.2.4,120.82547964695175,2026-01-08 12h24.34.223250 -0500,
0,-15.0,,380,380,0,,,,,100,0,,,,,c+0,negs,0.75,period,1.2544244999880902,None,None,,,,,,,,,,,0,380,380,431,955.1626936669927,,,,,,,,,,,,,,,,,,,,,,,,,,,,,,,,,,,,,,,,,,,,,,,,,,,,,,,,,,,,,,,,,,,,,,955.1537146249902,955.1626936669927,955.9024392919964,955.9024392919964,955.9024392919964,955.9768571250024,955.9768571250024,955.9768571250024,956.4289492089883,period,1.2544244999880902,None,956.4290901669883,956.4291454589984,None,,,,,,,,,,,,21040099,1,2026-01-08_12h24.15.625,tilt_mocs,2024.2.4,120.82547964695175,2026-01-08 12h24.34.223250 -0500,
0,0.0,,381,381,0,,,,,0,100,,,,,c+0,noss,1.0,z,1.4375958329765126,None,None,,,,,,,,,,,0,381,381,616,956.4397340840078,,,,,,,,,,,,,,,,,,,,,,,,,,,,,,,,,,,,,,,,,,,,,,,,,,,,,,,,,,,,,,,,,,,,,,956.4312012500013,956.4397340840078,957.4264325420081,957.4264325420081,957.4264325420081,957.4988866249914,957.4988866249914,957.4988866249914,957.8804515420052,z,1.4375958329765126,None,957.8805932499818,957.8806516249897,None,,,,,,,,,,,,21040099,1,2026-01-08_12h24.15.625,tilt_mocs,2024.2.4,120.82547964695175,2026-01-08 12h24.34.223250 -0500,
8,15.0,,382,382,0,,,,,100,0,,,,,c+8,poss,0.5,z,0.9065863330033608,None,None,,,,,,,,,,,0,382,382,217,957.8911976249947,,,,,,,,,,,,,,,,,,,,,,,,,,,,,,,,,,,,,,,,,,,,,,,,,,,,,,,,,,,,,,,,,,,,,,957.882773291989,957.8911976249947,958.3766826670035,958.3766826670035,958.3766826670035,958.4486108749988,958.4486108749988,958.4486108749988,958.8011388749874,z,0.9065863330033608,None,958.8012388339848,958.801280249987,None,,,,,,,,,,,,21040099,1,2026-01-08_12h24.15.625,tilt_mocs,2024.2.4,120.82547964695175,2026-01-08 12h24.34.223250 -0500,
2,0.0,,383,383,0,,,,,0,100,,,,,c+2,noss,1.25,period,0.31851066698436625,None,None,,,,,,,,,,,0,383,383,670,958.8122459590086,,,,,,,,,,,,,,,,,,,,,,,,,,,,,,,,,,,,,,,,,,,,,,,,,,,,,,,,,,,,,,,,,,,,,,958.803199624992,958.8122459590086,,,,,,,959.1345834999811,period,0.31851066698436625,None,959.1347181669844,959.1347771669971,None,,,,,,,,,,,,21040099,1,2026-01-08_12h24.15.625,tilt_mocs,2024.2.4,120.82547964695175,2026-01-08 12h24.34.223250 -0500,
4,15.0,,384,384,0,,,,,100,0,,,,,c+4,poss,1.0,z,1.5068779159919359,None,None,,,,,,,,,,,0,384,384,149,959.1458460839931,,,,,,,,,,,,,,,,,,,,,,,,,,,,,,,,,,,,,,,,,,,,,,,,,,,,,,,,,,,,,,,,,,,,,,959.1369446250028,959.1458460839931,960.1353702500055,960.1353702500055,960.1353702500055,960.2104076249816,960.2104076249816,960.2104076249816,960.6625807090022,z,1.5068779159919359,None,960.662717500003,960.6627722920093,None,,,,,,,,,,,,21040099,1,2026-01-08_12h24.15.625,tilt_mocs,2024.2.4,120.82547964695175,2026-01-08 12h24.34.223250 -0500,
0,-15.0,,385,385,0,,,,,100,0,,,,,c+0,negs,1.0,z,1.3614496670197695,None,None,,,,,,,,,,,0,385,385,445,960.6738746250048,,,,,,,,,,,,,,,,,,,,,,,,,,,,,,,,,,,,,,,,,,,,,,,,,,,,,,,,,,,,,,,,,,,,,,960.6650621249864,960.6738746250048,961.6599240840005,961.6599240840005,961.6599240840005,961.7318561669963,961.7318561669963,961.7318561669963,962.0459173340059,z,1.3614496670197695,None,962.0460414169938,962.0460941249912,None,,,,,,,,,,,,21040099,1,2026-01-08_12h24.15.625,tilt_mocs,2024.2.4,120.82547964695175,2026-01-08 12h24.34.223250 -0500,
-2,15.0,,386,386,0,,,,,100,0,,,,,c-2,poss,0.75,z,1.2864100830047391,None,None,,,,,,,,,,,0,386,386,20,962.0571697919804,,,,,,,,,,,,,,,,,,,,,,,,,,,,,,,,,,,,,,,,,,,,,,,,,,,,,,,,,,,,,,,,,,,,,,962.0485385840002,962.0571697919804,962.7924430419807,962.7924430419807,962.7924430419807,962.8654154170072,962.8654154170072,962.8654154170072,963.3463014590088,z,1.2864100830047391,None,963.3464520839916,963.3465066250064,None,,,,,,,,,,,,21040099,1,2026-01-08_12h24.15.625,tilt_mocs,2024.2.4,120.82547964695175,2026-01-08 12h24.34.223250 -0500,
-2,15.0,,387,387,0,,,,,100,0,,,,,c-2,poss,1.0,z,1.4534978339797817,None,None,,,,,,,,,,,0,387,387,26,963.3578004589945,,,,,,,,,,,,,,,,,,,,,,,,,,,,,,,,,,,,,,,,,,,,,,,,,,,,,,,,,,,,,,,,,,,,,,963.3489390419854,963.3578004589945,964.3423891249986,964.3423891249986,964.3423891249986,964.4153019590012,964.4153019590012,964.4153019590012,964.8142068749876,z,1.4534978339797817,None,964.8143451249925,964.8144054169825,None,,,,,,,,,,,,21040099,1,2026-01-08_12h24.15.625,tilt_mocs,2024.2.4,120.82547964695175,2026-01-08 12h24.34.223250 -0500,
-8,-15.0,,388,388,0,,,,,100,0,,,,,c-8,negs,0.75,z,1.1015121249947697,None,None,,,,,,,,,,,0,388,388,270,964.8259636669827,,,,,,,,,,,,,,,,,,,,,,,,,,,,,,,,,,,,,,,,,,,,,,,,,,,,,,,,,,,,,,,,,,,,,,964.8168197089981,964.8259636669827,965.5601722919964,965.5601722919964,965.5601722919964,965.6328157089883,965.6328157089883,965.6328157089883,965.9301863340079,z,1.1015121249947697,None,965.9303476669884,965.9304052499938,None,,,,,,,,,,,,21040099,1,2026-01-08_12h24.15.625,tilt_mocs,2024.2.4,120.82547964695175,2026-01-08 12h24.34.223250 -0500,
4,0.0,,389,389,0,,,,,0,100,,,,,c+4,noss,1.0,period,1.5227928330132272,None,None,,,,,,,,,,,0,389,389,697,965.9423517920077,,,,,,,,,,,,,,,,,,,,,,,,,,,,,,,,,,,,,,,,,,,,,,,,,,,,,,,,,,,,,,,,,,,,,,965.9330614999926,965.9423517920077,966.9257614999951,966.9257614999951,966.9257614999951,966.9986539999954,966.9986539999954,966.9986539999954,967.4680254170089,period,1.5227928330132272,None,967.4681259999925,967.4681670419814,None,,,,,,,,,,,,21040099,1,2026-01-08_12h24.15.625,tilt_mocs,2024.2.4,120.82547964695175,2026-01-08 12h24.34.223250 -0500,
0,15.0,,390,390,0,,,,,100,0,,,,,c+0,poss,0.5,z,1.070649749977747,None,None,,,,,,,,,,,0,390,390,50,967.4790920839878,,,,,,,,,,,,,,,,,,,,,,,,,,,,,,,,,,,,,,,,,,,,,,,,,,,,,,,,,,,,,,,,,,,,,,967.470082291984,967.4790920839878,967.9690648340038,967.9690648340038,967.9690648340038,968.0437335839961,968.0437335839961,968.0437335839961,968.5523277919856,z,1.070649749977747,None,968.5524602500082,968.5525274589891,None,,,,,,,,,,,,21040099,1,2026-01-08_12h24.15.625,tilt_mocs,2024.2.4,120.82547964695175,2026-01-08 12h24.34.223250 -0500,
-2,-15.0,,391,391,0,,,,,100,0,,,,,c-2,negs,0.75,z,1.4223552090115845,None,None,,,,,,,,,,,0,391,391,390,968.563262709009,,,,,,,,,,,,,,,,,,,,,,,,,,,,,,,,,,,,,,,,,,,,,,,,,,,,,,,,,,,,,,,,,,,,,,968.5547604169988,968.563262709009,969.3033334999927,969.3033334999927,969.3033334999927,969.377321042004,969.377321042004,969.377321042004,969.9965164589812,z,1.4223552090115845,None,969.9966586669907,969.9967134170001,None,,,,,,,,,,,,21040099,1,2026-01-08_12h24.15.625,tilt_mocs,2024.2.4,120.82547964695175,2026-01-08 12h24.34.223250 -0500,
-2,15.0,,392,392,0,,,,,100,0,,,,,c-2,poss,1.25,z,2.2268077499757055,None,None,,,,,,,,,,,0,392,392,33,970.0080382089945,,,,,,,,,,,,,,,,,,,,,,,,,,,,,,,,,,,,,,,,,,,,,,,,,,,,,,,,,,,,,,,,,,,,,,969.9990175419953,970.0080382089945,971.2437895839976,971.2437895839976,971.2437895839976,971.3160391669953,971.3160391669953,971.3160391669953,972.2462590840005,z,2.2268077499757055,None,972.2463828749896,972.2464363339823,None,,,,,,,,,,,,21040099,1,2026-01-08_12h24.15.625,tilt_mocs,2024.2.4,120.82547964695175,2026-01-08 12h24.34.223250 -0500,
0,15.0,,393,393,0,,,,,100,0,,,,,c+0,poss,1.25,z,1.7165880409884267,None,None,,,,,,,,,,,0,393,393,76,972.2573717089836,,,,,,,,,,,,,,,,,,,,,,,,,,,,,,,,,,,,,,,,,,,,,,,,,,,,,,,,,,,,,,,,,,,,,,972.2486549589958,972.2573717089836,973.4937401250063,973.4937401250063,973.4937401250063,973.5657002500084,973.5657002500084,973.5657002500084,973.9794479999982,z,1.7165880409884267,None,973.9795747919998,973.9796267089841,None,,,,,,,,,,,,21040099,1,2026-01-08_12h24.15.625,tilt_mocs,2024.2.4,120.82547964695175,2026-01-08 12h24.34.223250 -0500,
-4,-15.0,,394,394,0,,,,,100,0,,,,,c-4,negs,0.5,z,0.9742669579864014,None,None,,,,,,,,,,,0,394,394,346,973.9907222089823,,,,,,,,,,,,,,,,,,,,,,,,,,,,,,,,,,,,,,,,,,,,,,,,,,,,,,,,,,,,,,,,,,,,,,973.9820307919872,973.9907222089823,974.4769850419834,974.4769850419834,974.4769850419834,974.5490564589854,974.5490564589854,974.5490564589854,974.9685118339839,z,0.9742669579864014,None,974.9686108749884,974.968652334006,None,,,,,,,,,,,,21040099,1,2026-01-08_12h24.15.625,tilt_mocs,2024.2.4,120.82547964695175,2026-01-08 12h24.34.223250 -0500,
4,15.0,,395,395,0,,,,,100,0,,,,,c+4,poss,0.75,z,1.2742360409756657,None,None,,,,,,,,,,,0,395,395,138,974.9795600840007,,,,,,,,,,,,,,,,,,,,,,,,,,,,,,,,,,,,,,,,,,,,,,,,,,,,,,,,,,,,,,,,,,,,,,974.970562167,974.9795600840007,975.7203207919956,975.7203207919956,975.7203207919956,975.7942482919898,975.7942482919898,975.7942482919898,976.2633203339938,z,1.2742360409756657,None,976.263482874987,976.2635367089824,None,,,,,,,,,,,,21040099,1,2026-01-08_12h24.15.625,tilt_mocs,2024.2.4,120.82547964695175,2026-01-08 12h24.34.223250 -0500,
6,15.0,,396,396,0,,,,,100,0,,,,,c+6,poss,1.25,z,1.6213836249953602,None,None,,,,,,,,,,,0,396,396,201,976.2756121249986,,,,,,,,,,,,,,,,,,,,,,,,,,,,,,,,,,,,,,,,,,,,,,,,,,,,,,,,,,,,,,,,,,,,,,976.2666125840042,976.2756121249986,977.5104225839896,977.5104225839896,977.5104225839896,977.5826482090051,977.5826482090051,977.5826482090051,977.9021401669888,z,1.6213836249953602,None,977.9022464999871,977.9022886249877,None,,,,,,,,,,,,21040099,1,2026-01-08_12h24.15.625,tilt_mocs,2024.2.4,120.82547964695175,2026-01-08 12h24.34.223250 -0500,
0,0.0,,397,397,0,,,,,0,100,,,,,c+0,noss,1.25,z,1.6980709999916144,None,None,,,,,,,,,,,0,397,397,624,977.9132685000077,,,,,,,,,,,,,,,,,,,,,,,,,,,,,,,,,,,,,,,,,,,,,,,,,,,,,,,,,,,,,,,,,,,,,,977.9042507089907,977.9132685000077,979.1536843749927,979.1536843749927,979.1536843749927,979.2276620419871,979.2276620419871,979.2276620419871,979.6146019590087,z,1.6980709999916144,None,979.6147468749841,979.6148047499883,None,,,,,,,,,,,,21040099,1,2026-01-08_12h24.15.625,tilt_mocs,2024.2.4,120.82547964695175,2026-01-08 12h24.34.223250 -0500,
2,0.0,,398,398,0,,,,,0,100,,,,,c+2,noss,1.25,z,1.7796406249981374,None,None,,,,,,,,,,,0,398,398,664,979.6263977499912,,,,,,,,,,,,,,,,,,,,,,,,,,,,,,,,,,,,,,,,,,,,,,,,,,,,,,,,,,,,,,,,,,,,,,979.6174334999814,979.6263977499912,980.8606234169856,980.8606234169856,980.8606234169856,980.9338343749987,980.9338343749987,980.9338343749987,981.4136307500012,z,1.7796406249981374,None,981.4137615420041,981.4138147920021,None,,,,,,,,,,,,21040099,1,2026-01-08_12h24.15.625,tilt_mocs,2024.2.4,120.82547964695175,2026-01-08 12h24.34.223250 -0500,
-2,15.0,,399,399,0,,,,,100,0,,,,,c-2,poss,1.25,z,1.7179206660075579,None,None,,,,,,,,,,,0,399,399,41,981.4245779589983,,,,,,,,,,,,,,,,,,,,,,,,,,,,,,,,,,,,,,,,,,,,,,,,,,,,,,,,,,,,,,,,,,,,,,981.4158760840073,981.4245779589983,982.6606656250078,982.6606656250078,982.6606656250078,982.7334706670081,982.7334706670081,982.7334706670081,983.1470916669932,z,1.7179206660075579,None,983.1472641250002,983.1473287919944,None,,,,,,,,,,,,21040099,1,2026-01-08_12h24.15.625,tilt_mocs,2024.2.4,120.82547964695175,2026-01-08 12h24.34.223250 -0500,
-6,-15.0,,400,400,0,,,,,100,0,,,,,c-6,negs,0.5,z,1.0273767919861712,None,None,,,,,,,,,,,0,400,400,300,983.1600300839928,,,,,,,,,,,,,,,,,,,,,,,,,,,,,,,,,,,,,,,,,,,,,,,,,,,,,,,,,,,,,,,,,,,,,,983.1500927089946,983.1600300839928,983.6439885839936,983.6439885839936,983.6439885839936,983.716348499991,983.716348499991,983.716348499991,984.1968229170016,z,1.0273767919861712,None,984.1969859169913,984.197151291999,None,,,,,,,,,,,,21040099,1,2026-01-08_12h24.15.625,tilt_mocs,2024.2.4,120.82547964695175,2026-01-08 12h24.34.223250 -0500,
-4,-15.0,,401,401,0,,,,,100,0,,,,,c-4,negs,0.5,z,0.953550207981607,None,None,,,,,,,,,,,0,401,401,336,984.2083546670037,,,,,,,,,,,,,,,,,,,,,,,,,,,,,,,,,,,,,,,,,,,,,,,,,,,,,,,,,,,,,,,,,,,,,,984.1995699589897,984.2083546670037,984.6940815419948,984.6940815419948,984.6940815419948,984.766821792,984.766821792,984.766821792,985.1648273750034,z,0.953550207981607,None,985.1649674589862,985.1650236249843,None,,,,,,,,,,,,21040099,1,2026-01-08_12h24.15.625,tilt_mocs,2024.2.4,120.82547964695175,2026-01-08 12h24.34.223250 -0500,
4,15.0,,402,402,0,,,,,100,0,,,,,c+4,poss,0.5,z,1.0877912500000093,None,None,,,,,,,,,,,0,402,402,131,985.1760599169938,,,,,,,,,,,,,,,,,,,,,,,,,,,,,,,,,,,,,,,,,,,,,,,,,,,,,,,,,,,,,,,,,,,,,,985.167340541986,985.1760599169938,985.6603773749957,985.6603773749957,985.6603773749957,985.7329537089972,985.7329537089972,985.7329537089972,986.2690549999825,z,1.0877912500000093,None,986.2691908339912,986.2692439589882,None,,,,,,,,,,,,21040099,1,2026-01-08_12h24.15.625,tilt_mocs,2024.2.4,120.82547964695175,2026-01-08 12h24.34.223250 -0500,
2,15.0,,403,403,0,,,,,100,0,,,,,c+2,poss,0.5,z,0.9818887499859557,None,None,,,,,,,,,,,0,403,403,85,986.2803353339841,,,,,,,,,,,,,,,,,,,,,,,,,,,,,,,,,,,,,,,,,,,,,,,,,,,,,,,,,,,,,,,,,,,,,,986.2714281250082,986.2803353339841,986.7703676249948,986.7703676249948,986.7703676249948,986.8436677499849,986.8436677499849,986.8436677499849,987.2749574589834,z,0.9818887499859557,None,987.2750597919803,987.2751019169809,None,,,,,,,,,,,,21040099,1,2026-01-08_12h24.15.625,tilt_mocs,2024.2.4,120.82547964695175,2026-01-08 12h24.34.223250 -0500,
2,-15.0,,404,404,0,,,,,100,0,,,,,c+2,negs,0.5,period,1.0520810000016354,None,None,,,,,,,,,,,0,404,404,467,987.2820947089931,,,,,,,,,,,,,,,,,,,,,,,,,,,,,,,,,,,,,,,,,,,,,,,,,,,,,,,,,,,,,,,,,,,,,,987.2770843339968,987.2820947089931,987.7699351249903,987.7699351249903,987.7699351249903,987.8446804590058,987.8446804590058,987.8446804590058,988.3468058749859,period,1.0520810000016354,None,988.3469289999921,988.3469704169838,None,,,,,,,,,,,,21040099,1,2026-01-08_12h24.15.625,tilt_mocs,2024.2.4,120.82547964695175,2026-01-08 12h24.34.223250 -0500,
-2,15.0,,405,405,0,,,,,100,0,,,,,c-2,poss,0.5,z,0.9372558330069296,None,None,,,,,,,,,,,0,405,405,6,988.357882124983,,,,,,,,,,,,,,,,,,,,,,,,,,,,,,,,,,,,,,,,,,,,,,,,,,,,,,,,,,,,,,,,,,,,,,988.3489196669834,988.357882124983,988.8442068340082,988.8442068340082,988.8442068340082,988.9161062499916,988.9161062499916,988.9161062499916,989.298449458991,z,0.9372558330069296,None,989.2985972919851,989.2986519169935,None,,,,,,,,,,,,21040099,1,2026-01-08_12h24.15.625,tilt_mocs,2024.2.4,120.82547964695175,2026-01-08 12h24.34.223250 -0500,
4,0.0,,406,406,0,,,,,0,100,,,,,c+4,noss,1.0,period,1.4410265410260763,None,None,,,,,,,,,,,0,406,406,694,989.3100609589892,,,,,,,,,,,,,,,,,,,,,,,,,,,,,,,,,,,,,,,,,,,,,,,,,,,,,,,,,,,,,,,,,,,,,,989.3012802919839,989.3100609589892,990.2942859169852,990.2942859169852,990.2942859169852,990.3666217089922,990.3666217089922,990.3666217089922,990.7636837500031,period,1.4410265410260763,None,990.7638143750082,990.7638672920002,None,,,,,,,,,,,,21040099,1,2026-01-08_12h24.15.625,tilt_mocs,2024.2.4,120.82547964695175,2026-01-08 12h24.34.223250 -0500,
0,-15.0,,407,407,0,,,,,100,0,,,,,c+0,negs,0.75,period,1.1570578330138233,None,None,,,,,,,,,,,0,407,407,435,990.7752168340085,,,,,,,,,,,,,,,,,,,,,,,,,,,,,,,,,,,,,,,,,,,,,,,,,,,,,,,,,,,,,,,,,,,,,,990.7663855839928,990.7752168340085,991.5108903340006,991.5108903340006,991.5108903340006,991.5832217090065,991.5832217090065,991.5832217090065,991.9358537920052,period,1.1570578330138233,None,991.9359579590091,991.9360004999908,None,,,,,,,,,,,,21040099,1,2026-01-08_12h24.15.625,tilt_mocs,2024.2.4,120.82547964695175,2026-01-08 12h24.34.223250 -0500,
-2,15.0,,408,408,0,,,,,100,0,,,,,c-2,poss,1.25,z,1.773191999993287,None,None,,,,,,,,,,,0,408,408,37,991.9469897499948,,,,,,,,,,,,,,,,,,,,,,,,,,,,,,,,,,,,,,,,,,,,,,,,,,,,,,,,,,,,,,,,,,,,,,991.9379588339943,991.9469897499948,993.1876274170063,993.1876274170063,993.1876274170063,993.2615027919819,993.2615027919819,993.2615027919819,993.7310663340031,z,1.773191999993287,None,993.7312195840059,993.731280167005,None,,,,,,,,,,,,21040099,1,2026-01-08_12h24.15.625,tilt_mocs,2024.2.4,120.82547964695175,2026-01-08 12h24.34.223250 -0500,
0,15.0,,409,409,0,,,,,100,0,,,,,c+0,poss,0.5,z,0.9909437910246197,None,None,,,,,,,,,,,0,409,409,44,993.7429870839987,,,,,,,,,,,,,,,,,,,,,,,,,,,,,,,,,,,,,,,,,,,,,,,,,,,,,,,,,,,,,,,,,,,,,,993.7336650840007,993.7429870839987,994.2277015839936,994.2277015839936,994.2277015839936,994.2997532500012,994.2997532500012,994.2997532500012,994.7371532919933,z,0.9909437910246197,None,994.7372885000077,994.7373449589941,None,,,,,,,,,,,,21040099,1,2026-01-08_12h24.15.625,tilt_mocs,2024.2.4,120.82547964695175,2026-01-08 12h24.34.223250 -0500,
-4,0.0,,410,410,0,,,,,0,100,,,,,c-4,noss,1.25,z,2.947740374977002,None,None,,,,,,,,,,,0,410,410,538,994.7477260000014,,,,,,,,,,,,,,,,,,,,,,,,,,,,,,,,,,,,,,,,,,,,,,,,,,,,,,,,,,,,,,,,,,,,,,994.7394005419919,994.7477260000014,995.987190209009,995.987190209009,995.987190209009,996.0613641249947,996.0613641249947,996.0613641249947,997.6979912499955,z,2.947740374977002,None,997.6981302500062,997.6981856249913,None,,,,,,,,,,,,21040099,1,2026-01-08_12h24.15.625,tilt_mocs,2024.2.4,120.82547964695175,2026-01-08 12h24.34.223250 -0500,
2,15.0,,411,411,0,,,,,100,0,,,,,c+2,poss,1.25,z,1.7542501249990892,None,None,,,,,,,,,,,0,411,411,116,997.7091715839924,,,,,,,,,,,,,,,,,,,,,,,,,,,,,,,,,,,,,,,,,,,,,,,,,,,,,,,,,,,,,,,,,,,,,,997.7007505419897,997.7091715839924,998.9444744999928,998.9444744999928,998.9444744999928,999.018163834,999.018163834,999.018163834,999.4703674170014,z,1.7542501249990892,None,999.4705285000091,999.4707010419806,None,,,,,,,,,,,,21040099,1,2026-01-08_12h24.15.625,tilt_mocs,2024.2.4,120.82547964695175,2026-01-08 12h24.34.223250 -0500,
6,15.0,,412,412,0,,,,,100,0,,,,,c+6,poss,0.5,z,0.9340448750008363,None,None,,,,,,,,,,,0,412,412,168,999.4815570419887,,,,,,,,,,,,,,,,,,,,,,,,,,,,,,,,,,,,,,,,,,,,,,,,,,,,,,,,,,,,,,,,,,,,,,999.4731938749901,999.4815570419887,999.9707920420042,999.9707920420042,999.9707920420042,1000.0448768339993,1000.0448768339993,1000.0448768339993,1000.4195413340058,z,0.9340448750008363,None,1000.4196422919922,1000.4196848339925,None,,,,,,,,,,,,21040099,1,2026-01-08_12h24.15.625,tilt_mocs,2024.2.4,120.82547964695175,2026-01-08 12h24.34.223250 -0500,
-4,0.0,,413,413,0,,,,,0,100,,,,,c-4,noss,0.75,z,1.1809383750078268,None,None,,,,,,,,,,,0,413,413,516,1000.4305392499955,,,,,,,,,,,,,,,,,,,,,,,,,,,,,,,,,,,,,,,,,,,,,,,,,,,,,,,,,,,,,,,,,,,,,,1000.4216174999892,1000.4305392499955,1001.1706028339977,1001.1706028339977,1001.1706028339977,1001.2452987089928,1001.2452987089928,1001.2452987089928,1001.6142009999894,z,1.1809383750078268,None,1001.6144397500029,1001.6145227089874,None,,,,,,,,,,,,21040099,1,2026-01-08_12h24.15.625,tilt_mocs,2024.2.4,120.82547964695175,2026-01-08 12h24.34.223250 -0500,
-4,0.0,,414,414,0,,,,,0,100,,,,,c-4,noss,1.25,z,1.611640583985718,None,None,,,,,,,,,,,0,414,414,536,1001.6255084589939,,,,,,,,,,,,,,,,,,,,,,,,,,,,,,,,,,,,,,,,,,,,,,,,,,,,,,,,,,,,,,,,,,,,,,1001.6169707090012,1001.6255084589939,1002.8612954999844,1002.8612954999844,1002.8612954999844,1002.9343578749977,1002.9343578749977,1002.9343578749977,1003.2477188339981,z,1.611640583985718,None,1003.2478802090045,1003.2479346669861,None,,,,,,,,,,,,21040099,1,2026-01-08_12h24.15.625,tilt_mocs,2024.2.4,120.82547964695175,2026-01-08 12h24.34.223250 -0500,
4,15.0,,415,415,0,,,,,100,0,,,,,c+4,poss,1.0,z,1.3688903340080287,None,None,,,,,,,,,,,0,415,415,150,1003.2603137920087,,,,,,,,,,,,,,,,,,,,,,,,,,,,,,,,,,,,,,,,,,,,,,,,,,,,,,,,,,,,,,,,,,,,,,1003.2512475840049,1003.2603137920087,1004.2439108339895,1004.2439108339895,1004.2439108339895,1004.3167343339883,1004.3167343339883,1004.3167343339883,1004.6320129999949,z,1.3688903340080287,None,1004.6321728339826,1004.6322272919933,None,,,,,,,,,,,,21040099,1,2026-01-08_12h24.15.625,tilt_mocs,2024.2.4,120.82547964695175,2026-01-08 12h24.34.223250 -0500,
-2,-15.0,,416,416,0,,,,,100,0,,,,,c-2,negs,0.5,z,0.8978751669928897,None,None,,,,,,,,,,,0,416,416,380,1004.6441860419873,,,,,,,,,,,,,,,,,,,,,,,,,,,,,,,,,,,,,,,,,,,,,,,,,,,,,,,,,,,,,,,,,,,,,,1004.6348770420009,1004.6441860419873,1005.1281194589974,1005.1281194589974,1005.1281194589974,1005.2012710839917,1005.2012710839917,1005.2012710839917,1005.5475002499879,z,0.8978751669928897,None,1005.5476020420028,1005.5476447920082,None,,,,,,,,,,,,21040099,1,2026-01-08_12h24.15.625,tilt_mocs,2024.2.4,120.82547964695175,2026-01-08 12h24.34.223250 -0500,
2,0.0,,417,417,0,,,,,0,100,,,,,c+2,noss,1.0,period,0.12441670801490545,None,None,,,,,,,,,,,0,417,417,659,1005.5582132090058,,,,,,,,,,,,,,,,,,,,,,,,,,,,,,,,,,,,,,,,,,,,,,,,,,,,,,,,,,,,,,,,,,,,,,1005.5495904170093,1005.5582132090058,,,,,,,1005.6850751669845,period,0.12441670801490545,None,1005.6851762089937,1005.6852221669978,None,,,,,,,,,,,,21040099,1,2026-01-08_12h24.15.625,tilt_mocs,2024.2.4,120.82547964695175,2026-01-08 12h24.34.223250 -0500,
-2,-15.0,,418,418,0,,,,,100,0,,,,,c-2,negs,1.25,period,1.7355260420008563,None,None,,,,,,,,,,,0,418,418,417,1005.695403708989,,,,,,,,,,,,,,,,,,,,,,,,,,,,,,,,,,,,,,,,,,,,,,,,,,,,,,,,,,,,,,,,,,,,,,1005.6871206249925,1005.695403708989,1006.9375582920038,1006.9375582920038,1006.9375582920038,1007.0120110419812,1007.0120110419812,1007.0120110419812,1007.4376489999995,period,1.7355260420008563,None,1007.4377848340082,1007.437840958999,None,,,,,,,,,,,,21040099,1,2026-01-08_12h24.15.625,tilt_mocs,2024.2.4,120.82547964695175,2026-01-08 12h24.34.223250 -0500,
8,15.0,,419,419,0,,,,,100,0,,,,,c+8,poss,1.25,z,1.8353104579728097,None,None,,,,,,,,,,,0,419,419,243,1007.4483087919944,,,,,,,,,,,,,,,,,,,,,,,,,,,,,,,,,,,,,,,,,,,,,,,,,,,,,,,,,,,,,,,,,,,,,,1007.4400194170012,1007.4483087919944,1008.6881739590026,1008.6881739590026,1008.6881739590026,1008.7619437499961,1008.7619437499961,1008.7619437499961,1009.2870386249851,z,1.8353104579728097,None,1009.2871379590069,1009.2871799999848,None,,,,,,,,,,,,21040099,1,2026-01-08_12h24.15.625,tilt_mocs,2024.2.4,120.82547964695175,2026-01-08 12h24.34.223250 -0500,
-4,0.0,,420,420,0,,,,,0,100,,,,,c-4,noss,0.5,z,0.9538133750029374,None,None,,,,,,,,,,,0,420,420,509,1009.2979332919931,,,,,,,,,,,,,,,,,,,,,,,,,,,,,,,,,,,,,,,,,,,,,,,,,,,,,,,,,,,,,,,,,,,,,,1009.2891034169879,1009.2979332919931,1009.7882387919817,1009.7882387919817,1009.7882387919817,1009.8623171249928,1009.8623171249928,1009.8623171249928,1010.2649161669833,z,0.9538133750029374,None,1010.2650475419941,1010.2651057920011,None,,,,,,,,,,,,21040099,1,2026-01-08_12h24.15.625,tilt_mocs,2024.2.4,120.82547964695175,2026-01-08 12h24.34.223250 -0500,
2,15.0,,421,421,0,,,,,100,0,,,,,c+2,poss,1.0,z,1.4828209579864051,None,None,,,,,,,,,,,0,421,421,114,1010.2760574590066,,,,,,,,,,,,,,,,,,,,,,,,,,,,,,,,,,,,,,,,,,,,,,,,,,,,,,,,,,,,,,,,,,,,,,1010.2672568339913,1010.2760574590066,1011.2615603340091,1011.2615603340091,1011.2615603340091,1011.3334722500003,1011.3334722500003,1011.3334722500003,1011.7645742919995,z,1.4828209579864051,None,1011.7647406249889,1011.7648096249904,None,,,,,,,,,,,,21040099,1,2026-01-08_12h24.15.625,tilt_mocs,2024.2.4,120.82547964695175,2026-01-08 12h24.34.223250 -0500,
8,15.0,,422,422,0,,,,,100,0,,,,,c+8,poss,0.75,z,1.3395844999758992,None,None,,,,,,,,,,,0,422,422,226,1011.7769102089806,,,,,,,,,,,,,,,,,,,,,,,,,,,,,,,,,,,,,,,,,,,,,,,,,,,,,,,,,,,,,,,,,,,,,,1011.767766999983,1011.7769102089806,1012.5117554589815,1012.5117554589815,1012.5117554589815,1012.5836586669902,1012.5836586669902,1012.5836586669902,1013.1194932500075,z,1.3395844999758992,None,1013.119591041992,1013.1196340839961,None,,,,,,,,,,,,21040099,1,2026-01-08_12h24.15.625,tilt_mocs,2024.2.4,120.82547964695175,2026-01-08 12h24.34.223250 -0500,
-2,-15.0,,423,423,0,,,,,100,0,,,,,c-2,negs,0.75,z,1.2830660000036005,None,None,,,,,,,,,,,0,423,423,394,1013.1305123339989,,,,,,,,,,,,,,,,,,,,,,,,,,,,,,,,,,,,,,,,,,,,,,,,,,,,,,,,,,,,,,,,,,,,,,1013.1215309590043,1013.1305123339989,1013.8706542500004,1013.8706542500004,1013.8706542500004,1013.9457599169982,1013.9457599169982,1013.9457599169982,1014.4207009999955,z,1.2830660000036005,None,1014.4209400840045,1014.421055874991,None,,,,,,,,,,,,21040099,1,2026-01-08_12h24.15.625,tilt_mocs,2024.2.4,120.82547964695175,2026-01-08 12h24.34.223250 -0500,
6,15.0,,424,424,0,,,,,100,0,,,,,c+6,poss,0.5,z,1.0379525409953203,None,None,,,,,,,,,,,0,424,424,174,1014.4316589999944,,,,,,,,,,,,,,,,,,,,,,,,,,,,,,,,,,,,,,,,,,,,,,,,,,,,,,,,,,,,,,,,,,,,,,1014.4234459169966,1014.4316589999944,1014.9215561249875,1014.9215561249875,1014.9215561249875,1014.995214124996,1014.995214124996,1014.995214124996,1015.4811458750046,z,1.0379525409953203,None,1015.4812784589885,1015.481330916984,None,,,,,,,,,,,,21040099,1,2026-01-08_12h24.15.625,tilt_mocs,2024.2.4,120.82547964695175,2026-01-08 12h24.34.223250 -0500,
2,15.0,,425,425,0,,,,,100,0,,,,,c+2,poss,1.0,z,1.5587792500155047,None,None,,,,,,,,,,,0,425,425,108,1015.4923244169913,,,,,,,,,,,,,,,,,,,,,,,,,,,,,,,,,,,,,,,,,,,,,,,,,,,,,,,,,,,,,,,,,,,,,,1015.4836133749923,1015.4923244169913,1016.4785167500086,1016.4785167500086,1016.4785167500086,1016.5507412499865,1016.5507412499865,1016.5507412499865,1017.0536990420078,z,1.5587792500155047,None,1017.0538349169947,1017.0539018749841,None,,,,,,,,,,,,21040099,1,2026-01-08_12h24.15.625,tilt_mocs,2024.2.4,120.82547964695175,2026-01-08 12h24.34.223250 -0500,
6,15.0,,426,426,0,,,,,100,0,,,,,c+6,poss,1.0,period,1.6145273750007618,None,None,,,,,,,,,,,0,426,426,198,1017.0649091670057,,,,,,,,,,,,,,,,,,,,,,,,,,,,,,,,,,,,,,,,,,,,,,,,,,,,,,,,,,,,,,,,,,,,,,1017.0559558749956,1017.0649091670057,1018.0550789590052,1018.0550789590052,1018.0550789590052,1018.1290688340086,1018.1290688340086,1018.1290688340086,1018.682427666994,period,1.6145273750007618,None,1018.6825761669897,1018.6826335419901,None,,,,,,,,,,,,21040099,1,2026-01-08_12h24.15.625,tilt_mocs,2024.2.4,120.82547964695175,2026-01-08 12h24.34.223250 -0500,
-8,-15.0,,427,427,0,,,,,100,0,,,,,c-8,negs,1.0,z,1.5150963329942897,None,None,,,,,,,,,,,0,427,427,274,1018.6941679999873,,,,,,,,,,,,,,,,,,,,,,,,,,,,,,,,,,,,,,,,,,,,,,,,,,,,,,,,,,,,,,,,,,,,,,1018.6851109169947,1018.6941679999873,1019.6785952500068,1019.6785952500068,1019.6785952500068,1019.7504343749897,1019.7504343749897,1019.7504343749897,1020.2144957089913,z,1.5150963329942897,None,1020.214620416984,1020.2146856249892,None,,,,,,,,,,,,21040099,1,2026-01-08_12h24.15.625,tilt_mocs,2024.2.4,120.82547964695175,2026-01-08 12h24.34.223250 -0500,
2,0.0,,428,428,0,,,,,0,100,,,,,c+2,noss,1.25,period,1.9038866250193678,None,None,,,,,,,,,,,0,428,428,671,1020.225396541995,,,,,,,,,,,,,,,,,,,,,,,,,,,,,,,,,,,,,,,,,,,,,,,,,,,,,,,,,,,,,,,,,,,,,,1020.2167748750071,1020.225396541995,1021.4609787919908,1021.4609787919908,1021.4609787919908,1021.5343045420013,1021.5343045420013,1021.5343045420013,1022.1318145419937,period,1.9038866250193678,None,1022.1319418750063,1022.1319943749986,None,,,,,,,,,,,,21040099,1,2026-01-08_12h24.15.625,tilt_mocs,2024.2.4,120.82547964695175,2026-01-08 12h24.34.223250 -0500,
8,15.0,,429,429,0,,,,,100,0,,,,,c+8,poss,0.75,period,1.1366400420083664,None,None,,,,,,,,,,,0,429,429,229,1022.1429592919885,,,,,,,,,,,,,,,,,,,,,,,,,,,,,,,,,,,,,,,,,,,,,,,,,,,,,,,,,,,,,,,,,,,,,,1022.1342737920058,1022.1429592919885,1022.8786773339962,1022.8786773339962,1022.8786773339962,1022.9507098339964,1022.9507098339964,1022.9507098339964,1023.2821884590085,period,1.1366400420083664,None,1023.2823259999859,1023.2823800839833,None,,,,,,,,,,,,21040099,1,2026-01-08_12h24.15.625,tilt_mocs,2024.2.4,120.82547964695175,2026-01-08 12h24.34.223250 -0500,
0,0.0,,430,430,0,,,,,0,100,,,,,c+0,noss,0.75,z,1.2148756249807775,None,None,,,,,,,,,,,0,430,430,605,1023.293656541995,,,,,,,,,,,,,,,,,,,,,,,,,,,,,,,,,,,,,,,,,,,,,,,,,,,,,,,,,,,,,,,,,,,,,,1023.2848849589936,1023.293656541995,1024.0288161670032,1024.0288161670032,1024.0288161670032,1024.1011788749893,1024.1011788749893,1024.1011788749893,1024.515430917003,z,1.2148756249807775,None,1024.5156146670051,1024.515706834005,None,,,,,,,,,,,,21040099,1,2026-01-08_12h24.15.625,tilt_mocs,2024.2.4,120.82547964695175,2026-01-08 12h24.34.223250 -0500,
-2,-15.0,,431,431,0,,,,,100,0,,,,,c-2,negs,0.75,z,1.1584152079885826,None,None,,,,,,,,,,,0,431,431,395,1024.527822834003,,,,,,,,,,,,,,,,,,,,,,,,,,,,,,,,,,,,,,,,,,,,,,,,,,,,,,,,,,,,,,,,,,,,,,1024.5183430000034,1024.527822834003,1025.2620908340032,1025.2620908340032,1025.2620908340032,1025.3344858339988,1025.3344858339988,1025.3344858339988,1025.6983302090084,z,1.1584152079885826,None,1025.6984954999934,1025.6985550840036,None,,,,,,,,,,,,21040099,1,2026-01-08_12h24.15.625,tilt_mocs,2024.2.4,120.82547964695175,2026-01-08 12h24.34.223250 -0500,
2,15.0,,432,432,0,,,,,100,0,,,,,c+2,poss,1.0,z,1.3765400410047732,None,None,,,,,,,,,,,0,432,432,106,1025.7098841670086,,,,,,,,,,,,,,,,,,,,,,,,,,,,,,,,,,,,,,,,,,,,,,,,,,,,,,,,,,,,,,,,,,,,,,1025.700939041999,1025.7098841670086,1026.6957347090065,1026.6957347090065,1026.6957347090065,1026.7676827090036,1026.7676827090036,1026.7676827090036,1027.0974177919852,z,1.3765400410047732,None,1027.097529916995,1027.0975725419994,None,,,,,,,,,,,,21040099,1,2026-01-08_12h24.15.625,tilt_mocs,2024.2.4,120.82547964695175,2026-01-08 12h24.34.223250 -0500,
0,15.0,,433,433,0,,,,,100,0,,,,,c+0,poss,1.0,z,1.4547932920104358,None,None,,,,,,,,,,,0,433,433,64,1027.1046277919959,,,,,,,,,,,,,,,,,,,,,,,,,,,,,,,,,,,,,,,,,,,,,,,,,,,,,,,,,,,,,,,,,,,,,,1027.0995324169926,1027.1046277919959,1028.0955228749954,1028.0955228749954,1028.0955228749954,1028.1678323750093,1028.1678323750093,1028.1678323750093,1028.5654142090061,z,1.4547932920104358,None,1028.5655544170004,1028.5656124590023,None,,,,,,,,,,,,21040099,1,2026-01-08_12h24.15.625,tilt_mocs,2024.2.4,120.82547964695175,2026-01-08 12h24.34.223250 -0500,
-2,0.0,,434,434,0,,,,,0,100,,,,,c-2,noss,1.25,z,1.6592476250079926,None,None,,,,,,,,,,,0,434,434,585,1028.5767530839948,,,,,,,,,,,,,,,,,,,,,,,,,,,,,,,,,,,,,,,,,,,,,,,,,,,,,,,,,,,,,,,,,,,,,,1028.567811374989,1028.5767530839948,1029.8123312919925,1029.8123312919925,1029.8123312919925,1029.8844758750056,1029.8844758750056,1029.8844758750056,1030.263627584005,z,1.6592476250079926,None,1030.263753709005,1030.2638065420033,None,,,,,,,,,,,,21040099,1,2026-01-08_12h24.15.625,tilt_mocs,2024.2.4,120.82547964695175,2026-01-08 12h24.34.223250 -0500,
-2,-15.0,,435,435,0,,,,,100,0,,,,,c-2,negs,0.75,period,1.3206127920129802,None,None,,,,,,,,,,,0,435,435,399,1030.2795454169973,,,,,,,,,,,,,,,,,,,,,,,,,,,,,,,,,,,,,,,,,,,,,,,,,,,,,,,,,,,,,,,,,,,,,,1030.265920749982,1030.2795454169973,1031.0123273339996,1031.0123273339996,1031.0123273339996,1031.0841304589994,1031.0841304589994,1031.0841304589994,1031.604465291981,period,1.3206127920129802,None,1031.6045895419957,1031.6046414590091,None,,,,,,,,,,,,21040099,1,2026-01-08_12h24.15.625,tilt_mocs,2024.2.4,120.82547964695175,2026-01-08 12h24.34.223250 -0500,
-2,0.0,,436,436,0,,,,,0,100,,,,,c-2,noss,0.75,period,1.1873135830101091,None,None,,,,,,,,,,,0,436,436,559,1031.6155012919917,,,,,,,,,,,,,,,,,,,,,,,,,,,,,,,,,,,,,,,,,,,,,,,,,,,,,,,,,,,,,,,,,,,,,,1031.6066903749888,1031.6155012919917,1032.3554055419809,1032.3554055419809,1032.3554055419809,1032.4295127500081,1032.4295127500081,1032.4295127500081,1032.806005041988,period,1.1873135830101091,None,1032.8061552500003,1032.8062171670026,None,,,,,,,,,,,,21040099,1,2026-01-08_12h24.15.625,tilt_mocs,2024.2.4,120.82547964695175,2026-01-08 12h24.34.223250 -0500,
-2,0.0,,437,437,0,,,,,0,100,,,,,c-2,noss,0.5,period,1.0793263750092592,None,None,,,,,,,,,,,0,437,437,554,1032.8169791669934,,,,,,,,,,,,,,,,,,,,,,,,,,,,,,,,,,,,,,,,,,,,,,,,,,,,,,,,,,,,,,,,,,,,,,1032.808908334002,1032.8169791669934,1033.3053204589814,1033.3053204589814,1033.3053204589814,1033.3796519169991,1033.3796519169991,1033.3796519169991,1033.8993950419826,period,1.0793263750092592,None,1033.8995400419808,1033.8995972499833,None,,,,,,,,,,,,21040099,1,2026-01-08_12h24.15.625,tilt_mocs,2024.2.4,120.82547964695175,2026-01-08 12h24.34.223250 -0500,
4,0.0,,438,438,0,,,,,0,100,,,,,c+4,noss,0.5,period,0.9299468329991214,None,None,,,,,,,,,,,0,438,438,674,1033.9106169590086,,,,,,,,,,,,,,,,,,,,,,,,,,,,,,,,,,,,,,,,,,,,,,,,,,,,,,,,,,,,,,,,,,,,,,1033.9018407090043,1033.9106169590086,1034.395861625002,1034.395861625002,1034.395861625002,1034.4683881670062,1034.4683881670062,1034.4683881670062,1034.848647167004,period,0.9299468329991214,None,1034.8487997500051,1034.8488565419975,None,,,,,,,,,,,,21040099,1,2026-01-08_12h24.15.625,tilt_mocs,2024.2.4,120.82547964695175,2026-01-08 12h24.34.223250 -0500,
-4,0.0,,439,439,0,,,,,0,100,,,,,c-4,noss,1.25,z,1.7528897500014864,None,None,,,,,,,,,,,0,439,439,542,1034.8609356670058,,,,,,,,,,,,,,,,,,,,,,,,,,,,,,,,,,,,,,,,,,,,,,,,,,,,,,,,,,,,,,,,,,,,,,1034.8516477500089,1034.8609356670058,1036.0957654170052,1036.0957654170052,1036.0957654170052,1036.1680070000002,1036.1680070000002,1036.1680070000002,1036.6264244999911,z,1.7528897500014864,None,1036.6265212500002,1036.626563124999,None,,,,,,,,,,,,21040099,1,2026-01-08_12h24.15.625,tilt_mocs,2024.2.4,120.82547964695175,2026-01-08 12h24.34.223250 -0500,
0,-15.0,,440,440,0,,,,,100,0,,,,,c+0,negs,0.5,period,0.9927587919810321,None,None,,,,,,,,,,,0,440,440,430,1036.633022791997,,,,,,,,,,,,,,,,,,,,,,,,,,,,,,,,,,,,,,,,,,,,,,,,,,,,,,,,,,,,,,,,,,,,,,1036.628527208988,1036.633022791997,1037.1219782920089,1037.1219782920089,1037.1219782920089,1037.1952837919816,1037.1952837919816,1037.1952837919816,1037.631760999997,period,0.9927587919810321,None,1037.6318663340062,1037.6319073339982,None,,,,,,,,,,,,21040099,1,2026-01-08_12h24.15.625,tilt_mocs,2024.2.4,120.82547964695175,2026-01-08 12h24.34.223250 -0500,
-2,15.0,,441,441,0,,,,,100,0,,,,,c-2,poss,0.75,z,1.2295116249879356,None,None,,,,,,,,,,,0,441,441,15,1037.6425114590093,,,,,,,,,,,,,,,,,,,,,,,,,,,,,,,,,,,,,,,,,,,,,,,,,,,,,,,,,,,,,,,,,,,,,,1037.6338746669935,1037.6425114590093,1038.379298041982,1038.379298041982,1038.379298041982,1038.4511120840034,1038.4511120840034,1038.4511120840034,1038.8821520839992,z,1.2295116249879356,None,1038.882283666986,1038.8823449589836,None,,,,,,,,,,,,21040099,1,2026-01-08_12h24.15.625,tilt_mocs,2024.2.4,120.82547964695175,2026-01-08 12h24.34.223250 -0500,
-4,-15.0,,442,442,0,,,,,100,0,,,,,c-4,negs,1.25,z,1.59011108399136,None,None,,,,,,,,,,,0,442,442,373,1038.8940999589977,,,,,,,,,,,,,,,,,,,,,,,,,,,,,,,,,,,,,,,,,,,,,,,,,,,,,,,,,,,,,,,,,,,,,,1038.8853980419808,1038.8940999589977,1040.1293285840075,1040.1293285840075,1040.1293285840075,1040.2012999590079,1040.2012999590079,1040.2012999590079,1040.4873149589985,z,1.59011108399136,None,1040.487413166993,1040.4874536249845,None,,,,,,,,,,,,21040099,1,2026-01-08_12h24.15.625,tilt_mocs,2024.2.4,120.82547964695175,2026-01-08 12h24.34.223250 -0500,
-2,-15.0,,443,443,0,,,,,100,0,,,,,c-2,negs,0.5,period,1.0116815000073984,None,None,,,,,,,,,,,0,443,443,383,1040.4984556249983,,,,,,,,,,,,,,,,,,,,,,,,,,,,,,,,,,,,,,,,,,,,,,,,,,,,,,,,,,,,,,,,,,,,,,1040.4894034589815,1040.4984556249983,1040.9895427919982,1040.9895427919982,1040.9895427919982,1041.0631538339949,1041.0631538339949,1041.0631538339949,1041.515645959007,period,1.0116815000073984,None,1041.5157565840054,1041.5157997919887,None,,,,,,,,,,,,21040099,1,2026-01-08_12h24.15.625,tilt_mocs,2024.2.4,120.82547964695175,2026-01-08 12h24.34.223250 -0500,
-2,-15.0,,444,444,0,,,,,100,0,,,,,c-2,negs,1.25,period,1.7197537909960374,None,None,,,,,,,,,,,0,444,444,415,1041.526480542001,,,,,,,,,,,,,,,,,,,,,,,,,,,,,,,,,,,,,,,,,,,,,,,,,,,,,,,,,,,,,,,,,,,,,,1041.5177887089958,1041.526480542001,1042.7627723339829,1042.7627723339829,1042.7627723339829,1042.834822417004,1042.834822417004,1042.834822417004,1043.2487052920042,period,1.7197537909960374,None,1043.2488347500039,1043.2488885000057,None,,,,,,,,,,,,21040099,1,2026-01-08_12h24.15.625,tilt_mocs,2024.2.4,120.82547964695175,2026-01-08 12h24.34.223250 -0500,
2,15.0,,445,445,0,,,,,100,0,,,,,c+2,poss,0.75,z,1.2846026250044815,None,None,,,,,,,,,,,0,445,445,96,1043.2597254590073,,,,,,,,,,,,,,,,,,,,,,,,,,,,,,,,,,,,,,,,,,,,,,,,,,,,,,,,,,,,,,,,,,,,,,1043.2511913749913,1043.2597254590073,1043.996354834002,1043.996354834002,1043.996354834002,1044.0682387919805,1044.0682387919805,1044.0682387919805,1044.5493551249965,z,1.2846026250044815,None,1044.5494961249933,1044.5495448749862,None,,,,,,,,,,,,21040099,1,2026-01-08_12h24.15.625,tilt_mocs,2024.2.4,120.82547964695175,2026-01-08 12h24.34.223250 -0500,
4,15.0,,446,446,0,,,,,100,0,,,,,c+4,poss,1.0,z,1.6219496249977965,None,None,,,,,,,,,,,0,446,446,153,1044.5605171250063,,,,,,,,,,,,,,,,,,,,,,,,,,,,,,,,,,,,,,,,,,,,,,,,,,,,,,,,,,,,,,,,,,,,,,1044.5515355840034,1044.5605171250063,1045.5461322089832,1045.5461322089832,1045.5461322089832,1045.6189867089852,1045.6189867089852,1045.6189867089852,1046.1869675419875,z,1.6219496249977965,None,1046.1870864169905,1046.1871376250056,None,,,,,,,,,,,,21040099,1,2026-01-08_12h24.15.625,tilt_mocs,2024.2.4,120.82547964695175,2026-01-08 12h24.34.223250 -0500,
4,15.0,,447,447,0,,,,,100,0,,,,,c+4,poss,1.25,z,1.7926674580085091,None,None,,,,,,,,,,,0,447,447,158,1046.1982451250078,,,,,,,,,,,,,,,,,,,,,,,,,,,,,,,,,,,,,,,,,,,,,,,,,,,,,,,,,,,,,,,,,,,,,,1046.1890898339916,1046.1982451250078,1047.4392389999994,1047.4392389999994,1047.4392389999994,1047.513414541987,1047.513414541987,1047.513414541987,1047.9989423340012,z,1.7926674580085091,None,1047.999095792009,1047.9991485420032,None,,,,,,,,,,,,21040099,1,2026-01-08_12h24.15.625,tilt_mocs,2024.2.4,120.82547964695175,2026-01-08 12h24.34.223250 -0500,
-4,0.0,,448,448,0,,,,,0,100,,,,,c-4,noss,1.0,period,1.4379707089974545,None,None,,,,,,,,,,,0,448,448,529,1048.0109896670037,,,,,,,,,,,,,,,,,,,,,,,,,,,,,,,,,,,,,,,,,,,,,,,,,,,,,,,,,,,,,,,,,,,,,,1048.001836749987,1048.0109896670037,1048.9962550839991,1048.9962550839991,1048.9962550839991,1049.069231667003,1049.069231667003,1049.069231667003,1049.455283916992,period,1.4379707089974545,None,1049.4554835839954,1049.4555761670053,None,,,,,,,,,,,,21040099,1,2026-01-08_12h24.15.625,tilt_mocs,2024.2.4,120.82547964695175,2026-01-08 12h24.34.223250 -0500,
8,15.0,,449,449,0,,,,,100,0,,,,,c+8,poss,1.0,z,1.488636416994268,None,None,,,,,,,,,,,0,449,449,240,1049.466045374982,,,,,,,,,,,,,,,,,,,,,,,,,,,,,,,,,,,,,,,,,,,,,,,,,,,,,,,,,,,,,,,,,,,,,,1049.4579345420061,1049.466045374982,1050.4561123749882,1050.4561123749882,1050.4561123749882,1050.5303306249843,1050.5303306249843,1050.5303306249843,1050.9657967499807,z,1.488636416994268,None,1050.9659417090006,1050.9659967499902,None,,,,,,,,,,,,21040099,1,2026-01-08_12h24.15.625,tilt_mocs,2024.2.4,120.82547964695175,2026-01-08 12h24.34.223250 -0500,
2,0.0,,450,450,0,,,,,0,100,,,,,c+2,noss,0.5,z,0.858100250014104,None,None,,,,,,,,,,,0,450,450,633,1050.977442250005,,,,,,,,,,,,,,,,,,,,,,,,,,,,,,,,,,,,,,,,,,,,,,,,,,,,,,,,,,,,,,,,,,,,,,1050.9684260000067,1050.977442250005,1051.4629791250045,1051.4629791250045,1051.4629791250045,1051.535024708981,1051.535024708981,1051.535024708981,1051.8385573340056,z,0.858100250014104,None,1051.8386916669842,1051.838745791989,None,,,,,,,,,,,,21040099,1,2026-01-08_12h24.15.625,tilt_mocs,2024.2.4,120.82547964695175,2026-01-08 12h24.34.223250 -0500,
-4,0.0,,451,451,0,,,,,0,100,,,,,c-4,noss,1.25,z,1.7659023340092972,None,None,,,,,,,,,,,0,451,451,544,1051.8493222499965,,,,,,,,,,,,,,,,,,,,,,,,,,,,,,,,,,,,,,,,,,,,,,,,,,,,,,,,,,,,,,,,,,,,,,1051.8410514999996,1051.8493222499965,1053.0883013749844,1053.0883013749844,1053.0883013749844,1053.1633852089872,1053.1633852089872,1053.1633852089872,1053.6219709590077,z,1.7659023340092972,None,1053.6221343340003,1053.6221865839907,None,,,,,,,,,,,,21040099,1,2026-01-08_12h24.15.625,tilt_mocs,2024.2.4,120.82547964695175,2026-01-08 12h24.34.223250 -0500,
8,15.0,,452,452,0,,,,,100,0,,,,,c+8,poss,1.25,z,2.051278833008837,None,None,,,,,,,,,,,0,452,452,247,1053.633001084003,,,,,,,,,,,,,,,,,,,,,,,,,,,,,,,,,,,,,,,,,,,,,,,,,,,,,,,,,,,,,,,,,,,,,,1053.624800208985,1053.633001084003,1054.8728314589825,1054.8728314589825,1054.8728314589825,1054.9470725419815,1054.9470725419815,1054.9470725419815,1055.688412583986,z,2.051278833008837,None,1055.6885664589936,1055.6886231669923,None,,,,,,,,,,,,21040099,1,2026-01-08_12h24.15.625,tilt_mocs,2024.2.4,120.82547964695175,2026-01-08 12h24.34.223250 -0500,
-8,-15.0,,453,453,0,,,,,100,0,,,,,c-8,negs,1.25,period,1.7380929999926593,None,None,,,,,,,,,,,0,453,453,284,1055.6992170839803,,,,,,,,,,,,,,,,,,,,,,,,,,,,,,,,,,,,,,,,,,,,,,,,,,,,,,,,,,,,,,,,,,,,,,1055.690865291981,1055.6992170839803,1056.9393554999842,1056.9393554999842,1056.9393554999842,1057.0136933339818,1057.0136933339818,1057.0136933339818,1057.4493307920056,period,1.7380929999926593,None,1057.4494520419976,1057.4495033749845,None,,,,,,,,,,,,21040099,1,2026-01-08_12h24.15.625,tilt_mocs,2024.2.4,120.82547964695175,2026-01-08 12h24.34.223250 -0500,
-2,-15.0,,454,454,0,,,,,100,0,,,,,c-2,negs,1.0,z,0.6102186249918304,None,None,,,,,,,,,,,0,454,454,408,1057.4603619999834,,,,,,,,,,,,,,,,,,,,,,,,,,,,,,,,,,,,,,,,,,,,,,,,,,,,,,,,,,,,,,,,,,,,,,1057.4516636669869,1057.4603619999834,,,,,,,1058.0833671249857,z,0.6102186249918304,None,1058.0834858749877,1058.083543374989,None,,,,,,,,,,,,21040099,1,2026-01-08_12h24.15.625,tilt_mocs,2024.2.4,120.82547964695175,2026-01-08 12h24.34.223250 -0500,
4,15.0,,455,455,0,,,,,100,0,,,,,c+4,poss,0.75,z,1.2764759160054382,None,None,,,,,,,,,,,0,455,455,142,1058.095062459004,,,,,,,,,,,,,,,,,,,,,,,,,,,,,,,,,,,,,,,,,,,,,,,,,,,,,,,,,,,,,,,,,,,,,,1058.0860302500078,1058.095062459004,1058.8300263749843,1058.8300263749843,1058.8300263749843,1058.9022601670003,1058.9022601670003,1058.9022601670003,1059.3827749170014,z,1.2764759160054382,None,1059.3829061249853,1059.3829592090042,None,,,,,,,,,,,,21040099,1,2026-01-08_12h24.15.625,tilt_mocs,2024.2.4,120.82547964695175,2026-01-08 12h24.34.223250 -0500,
2,-15.0,,456,456,0,,,,,100,0,,,,,c+2,negs,1.0,z,1.3544288749981206,None,None,,,,,,,,,,,0,456,456,488,1059.3935859589837,,,,,,,,,,,,,,,,,,,,,,,,,,,,,,,,,,,,,,,,,,,,,,,,,,,,,,,,,,,,,,,,,,,,,,1059.3850792919984,1059.3935859589837,1060.3799564169894,1060.3799564169894,1060.3799564169894,1060.452315083996,1060.452315083996,1060.452315083996,1060.7605680419947,z,1.3544288749981206,None,1060.7606680000026,1060.7607093749975,None,,,,,,,,,,,,21040099,1,2026-01-08_12h24.15.625,tilt_mocs,2024.2.4,120.82547964695175,2026-01-08 12h24.34.223250 -0500,
2,15.0,,457,457,0,,,,,100,0,,,,,c+2,poss,1.25,period,0.1427985839836765,None,None,,,,,,,,,,,0,457,457,122,1060.7672443339834,,,,,,,,,,,,,,,,,,,,,,,,,,,,,,,,,,,,,,,,,,,,,,,,,,,,,,,,,,,,,,,,,,,,,,1060.762675459002,1060.7672443339834,,,,,,,1060.9163706249965,period,0.1427985839836765,None,1060.9165340419859,1060.9165930000017,None,,,,,,,,,,,,21040099,1,2026-01-08_12h24.15.625,tilt_mocs,2024.2.4,120.82547964695175,2026-01-08 12h24.34.223250 -0500,
0,15.0,,458,458,0,,,,,100,0,,,,,c+0,poss,0.75,z,1.1960308749985415,None,None,,,,,,,,,,,0,458,458,57,1060.9278121670068,,,,,,,,,,,,,,,,,,,,,,,,,,,,,,,,,,,,,,,,,,,,,,,,,,,,,,,,,,,,,,,,,,,,,,1060.9192048749828,1060.9278121670068,1061.663320083986,1061.663320083986,1061.663320083986,1061.7347360840067,1061.7347360840067,1061.7347360840067,1062.131430584006,z,1.1960308749985415,None,1062.131554666994,1062.1316157089896,None,,,,,,,,,,,,21040099,1,2026-01-08_12h24.15.625,tilt_mocs,2024.2.4,120.82547964695175,2026-01-08 12h24.34.223250 -0500,
4,15.0,,459,459,0,,,,,100,0,,,,,c+4,poss,1.25,period,2.0405990419967566,None,None,,,,,,,,,,,0,459,459,160,1062.1426179170085,,,,,,,,,,,,,,,,,,,,,,,,,,,,,,,,,,,,,,,,,,,,,,,,,,,,,,,,,,,,,,,,,,,,,,1062.1337782499904,1062.1426179170085,1063.3728782919934,1063.3728782919934,1063.3728782919934,1063.4474185,1063.4474185,1063.4474185,1064.1877642089967,period,2.0405990419967566,None,1064.1878837499826,1064.1879347089853,None,,,,,,,,,,,,21040099,1,2026-01-08_12h24.15.625,tilt_mocs,2024.2.4,120.82547964695175,2026-01-08 12h24.34.223250 -0500,
-2,0.0,,460,460,0,,,,,0,100,,,,,c-2,noss,1.0,period,1.491016165993642,None,None,,,,,,,,,,,0,460,460,569,1064.1985764589917,,,,,,,,,,,,,,,,,,,,,,,,,,,,,,,,,,,,,,,,,,,,,,,,,,,,,,,,,,,,,,,,,,,,,,1064.1898857089982,1064.1985764589917,1065.1894853749836,1065.1894853749836,1065.1894853749836,1065.2639666250034,1065.2639666250034,1065.2639666250034,1065.6998725839949,period,1.491016165993642,None,1065.700030292006,1065.7001652919862,None,,,,,,,,,,,,21040099,1,2026-01-08_12h24.15.625,tilt_mocs,2024.2.4,120.82547964695175,2026-01-08 12h24.34.223250 -0500,
2,15.0,,461,461,0,,,,,100,0,,,,,c+2,poss,0.75,z,1.349265833006939,None,None,,,,,,,,,,,0,461,461,105,1065.711467583984,,,,,,,,,,,,,,,,,,,,,,,,,,,,,,,,,,,,,,,,,,,,,,,,,,,,,,,,,,,,,,,,,,,,,,1065.7027581250004,1065.711467583984,1066.4469069589977,1066.4469069589977,1066.4469069589977,1066.5187859169964,1066.5187859169964,1066.5187859169964,1067.0663335419958,z,1.349265833006939,None,1067.0664419999812,1067.0664874170034,None,,,,,,,,,,,,21040099,1,2026-01-08_12h24.15.625,tilt_mocs,2024.2.4,120.82547964695175,2026-01-08 12h24.34.223250 -0500,
-4,0.0,,462,462,0,,,,,0,100,,,,,c-4,noss,0.5,z,1.0243702910083812,None,None,,,,,,,,,,,0,462,462,505,1067.0767002920038,,,,,,,,,,,,,,,,,,,,,,,,,,,,,,,,,,,,,,,,,,,,,,,,,,,,,,,,,,,,,,,,,,,,,,1067.0683991670085,1067.0767002920038,1067.5636754169827,1067.5636754169827,1067.5636754169827,1067.6358732919907,1067.6358732919907,1067.6358732919907,1068.1050081669819,z,1.0243702910083812,None,1068.1051379169803,1068.1051913340052,None,,,,,,,,,,,,21040099,1,2026-01-08_12h24.15.625,tilt_mocs,2024.2.4,120.82547964695175,2026-01-08 12h24.34.223250 -0500,
6,15.0,,463,463,0,,,,,100,0,,,,,c+6,poss,0.75,period,1.4881314160011243,None,None,,,,,,,,,,,0,463,463,184,1068.116183709004,,,,,,,,,,,,,,,,,,,,,,,,,,,,,,,,,,,,,,,,,,,,,,,,,,,,,,,,,,,,,,,,,,,,,,1068.1071685419884,1068.116183709004,1068.856107833999,1068.856107833999,1068.856107833999,1068.931005166989,1068.931005166989,1068.931005166989,1069.6166298339958,period,1.4881314160011243,None,1069.6167619169864,1069.6168154999905,None,,,,,,,,,,,,21040099,1,2026-01-08_12h24.15.625,tilt_mocs,2024.2.4,120.82547964695175,2026-01-08 12h24.34.223250 -0500,
6,15.0,,464,464,0,,,,,100,0,,,,,c+6,poss,0.75,period,1.5105389579839539,None,None,,,,,,,,,,,0,464,464,188,1069.6281045840005,,,,,,,,,,,,,,,,,,,,,,,,,,,,,,,,,,,,,,,,,,,,,,,,,,,,,,,,,,,,,,,,,,,,,,1069.6192801669822,1069.6281045840005,1070.3636746249977,1070.3636746249977,1070.3636746249977,1070.436612458987,1070.436612458987,1070.436612458987,1071.1497982919973,period,1.5105389579839539,None,1071.1499323750031,1071.1499853749992,None,,,,,,,,,,,,21040099,1,2026-01-08_12h24.15.625,tilt_mocs,2024.2.4,120.82547964695175,2026-01-08 12h24.34.223250 -0500,
4,15.0,,465,465,0,,,,,100,0,,,,,c+4,poss,1.0,z,1.7430651660251897,None,None,,,,,,,,,,,0,465,465,155,1071.1610031249875,,,,,,,,,,,,,,,,,,,,,,,,,,,,,,,,,,,,,,,,,,,,,,,,,,,,,,,,,,,,,,,,,,,,,,1071.1522165419883,1071.1610031249875,1072.1470427500026,1072.1470427500026,1072.1470427500026,1072.2194322090072,1072.2194322090072,1072.2194322090072,1072.917534584005,z,1.7430651660251897,None,1072.9177083749964,1072.9177623339929,None,,,,,,,,,,,,21040099,1,2026-01-08_12h24.15.625,tilt_mocs,2024.2.4,120.82547964695175,2026-01-08 12h24.34.223250 -0500,
0,15.0,,466,466,0,,,,,100,0,,,,,c+0,poss,1.0,z,1.5454601669916883,None,None,,,,,,,,,,,0,466,466,68,1072.9295207499817,,,,,,,,,,,,,,,,,,,,,,,,,,,,,,,,,,,,,,,,,,,,,,,,,,,,,,,,,,,,,,,,,,,,,,1072.9204460000037,1072.9295207499817,1073.9137682919973,1073.9137682919973,1073.9137682919973,1073.986386042001,1073.986386042001,1073.986386042001,1074.4832550839928,z,1.5454601669916883,None,1074.4834118750005,1074.483468749997,None,,,,,,,,,,,,21040099,1,2026-01-08_12h24.15.625,tilt_mocs,2024.2.4,120.82547964695175,2026-01-08 12h24.34.223250 -0500,
0,0.0,,467,467,0,,,,,0,100,,,,,c+0,noss,1.25,period,2.15195458297967,None,None,,,,,,,,,,,0,467,467,620,1074.4960337920056,,,,,,,,,,,,,,,,,,,,,,,,,,,,,,,,,,,,,,,,,,,,,,,,,,,,,,,,,,,,,,,,,,,,,,1074.486638041999,1074.4960337920056,1075.7297314169991,1075.7297314169991,1075.7297314169991,1075.8037449170079,1075.8037449170079,1075.8037449170079,1076.6507114169945,period,2.15195458297967,None,1076.650867749995,1076.6509232499811,None,,,,,,,,,,,,21040099,1,2026-01-08_12h24.15.625,tilt_mocs,2024.2.4,120.82547964695175,2026-01-08 12h24.34.223250 -0500,
0,15.0,,468,468,0,,,,,100,0,,,,,c+0,poss,0.75,z,1.45157916698372,None,None,,,,,,,,,,,0,468,468,53,1076.6629430419998,,,,,,,,,,,,,,,,,,,,,,,,,,,,,,,,,,,,,,,,,,,,,,,,,,,,,,,,,,,,,,,,,,,,,,1076.6536175000074,1076.6629430419998,1077.3972313749837,1077.3972313749837,1077.3972313749837,1077.4701761670003,1077.4701761670003,1077.4701761670003,1078.117397708993,z,1.45157916698372,None,1078.117557208985,1078.1176131249813,None,,,,,,,,,,,,21040099,1,2026-01-08_12h24.15.625,tilt_mocs,2024.2.4,120.82547964695175,2026-01-08 12h24.34.223250 -0500,
6,15.0,,469,469,0,,,,,100,0,,,,,c+6,poss,1.0,z,1.4969981250178535,None,None,,,,,,,,,,,0,469,469,192,1078.1287371249928,,,,,,,,,,,,,,,,,,,,,,,,,,,,,,,,,,,,,,,,,,,,,,,,,,,,,,,,,,,,,,,,,,,,,,1078.119816499995,1078.1287371249928,1079.1139057920082,1079.1139057920082,1079.1139057920082,1079.1858358339814,1079.1858358339814,1079.1858358339814,1079.633534166991,z,1.4969981250178535,None,1079.6336833339883,1079.6337363749917,None,,,,,,,,,,,,21040099,1,2026-01-08_12h24.15.625,tilt_mocs,2024.2.4,120.82547964695175,2026-01-08 12h24.34.223250 -0500,
4,15.0,,470,470,0,,,,,100,0,,,,,c+4,poss,1.25,z,1.7616030000208411,None,None,,,,,,,,,,,0,470,470,159,1079.646036249993,,,,,,,,,,,,,,,,,,,,,,,,,,,,,,,,,,,,,,,,,,,,,,,,,,,,,,,,,,,,,,,,,,,,,,1079.6366992089897,1079.646036249993,1080.8808694169857,1080.8808694169857,1080.8808694169857,1080.9530108339968,1080.9530108339968,1080.9530108339968,1081.4168486249982,z,1.7616030000208411,None,1081.4169912090001,1081.417064624984,None,,,,,,,,,,,,21040099,1,2026-01-08_12h24.15.625,tilt_mocs,2024.2.4,120.82547964695175,2026-01-08 12h24.34.223250 -0500,
4,15.0,,471,471,0,,,,,100,0,,,,,c+4,poss,0.75,z,1.1945036660181358,None,None,,,,,,,,,,,0,471,471,145,1081.4285350840073,,,,,,,,,,,,,,,,,,,,,,,,,,,,,,,,,,,,,,,,,,,,,,,,,,,,,,,,,,,,,,,,,,,,,,1081.419408249989,1081.4285350840073,1082.1641621669987,1082.1641621669987,1082.1641621669987,1082.2363637920062,1082.2363637920062,1082.2363637920062,1082.6336085840012,z,1.1945036660181358,None,1082.633783666999,1082.633842374984,None,,,,,,,,,,,,21040099,1,2026-01-08_12h24.15.625,tilt_mocs,2024.2.4,120.82547964695175,2026-01-08 12h24.34.223250 -0500,
-2,0.0,,472,472,0,,,,,0,100,,,,,c-2,noss,0.5,z,1.121057375014061,None,None,,,,,,,,,,,0,472,472,551,1082.6456029170076,,,,,,,,,,,,,,,,,,,,,,,,,,,,,,,,,,,,,,,,,,,,,,,,,,,,,,,,,,,,,,,,,,,,,,1082.6365302919876,1082.6456029170076,1083.130861416983,1083.130861416983,1083.130861416983,1083.2044811249943,1083.2044811249943,1083.2044811249943,1083.7730474589916,z,1.121057375014061,None,1083.7731769999955,1083.773242958996,None,,,,,,,,,,,,21040099,1,2026-01-08_12h24.15.625,tilt_mocs,2024.2.4,120.82547964695175,2026-01-08 12h24.34.223250 -0500,
2,15.0,,473,473,0,,,,,100,0,,,,,c+2,poss,0.75,z,1.3200527080043685,None,None,,,,,,,,,,,0,473,473,97,1083.7839832089958,,,,,,,,,,,,,,,,,,,,,,,,,,,,,,,,,,,,,,,,,,,,,,,,,,,,,,,,,,,,,,,,,,,,,,1083.775668583985,1083.7839832089958,1084.5244682089833,1084.5244682089833,1084.5244682089833,1084.598251791991,1084.598251791991,1084.598251791991,1085.1145150419907,z,1.3200527080043685,None,1085.1145560840087,1085.1145708340046,None,,,,,,,,,,,,21040099,1,2026-01-08_12h24.15.625,tilt_mocs,2024.2.4,120.82547964695175,2026-01-08 12h24.34.223250 -0500,
0,15.0,,474,474,0,,,,,100,0,,,,,c+0,poss,1.0,z,1.5087546660215594,None,None,,,,,,,,,,,0,474,474,73,1085.1190959170053,,,,,,,,,,,,,,,,,,,,,,,,,,,,,,,,,,,,,,,,,,,,,,,,,,,,,,,,,,,,,,,,,,,,,,1085.115273250005,1085.1190959170053,1086.1069933749968,1086.1069933749968,1086.1069933749968,1086.1813583750045,1086.1813583750045,1086.1813583750045,1086.6336786249885,z,1.5087546660215594,None,1086.6338265000086,1086.6339025000052,None,,,,,,,,,,,,21040099,1,2026-01-08_12h24.15.625,tilt_mocs,2024.2.4,120.82547964695175,2026-01-08 12h24.34.223250 -0500,
-8,-15.0,,475,475,0,,,,,100,0,,,,,c-8,negs,0.5,z,1.0260286660050042,None,None,,,,,,,,,,,0,475,475,257,1086.6457801249926,,,,,,,,,,,,,,,,,,,,,,,,,,,,,,,,,,,,,,,,,,,,,,,,,,,,,,,,,,,,,,,,,,,,,,1086.6365676249843,1086.6457801249926,1087.1309410420072,1087.1309410420072,1087.1309410420072,1087.202992000006,1087.202992000006,1087.202992000006,1087.6836497919867,z,1.0260286660050042,None,1087.6837755419838,1087.6838293749897,None,,,,,,,,,,,,21040099,1,2026-01-08_12h24.15.625,tilt_mocs,2024.2.4,120.82547964695175,2026-01-08 12h24.34.223250 -0500,
8,15.0,,476,476,0,,,,,100,0,,,,,c+8,poss,1.0,z,4.887396333011566,None,None,,,,,,,,,,,0,476,476,235,1087.6945281249937,,,,,,,,,,,,,,,,,,,,,,,,,,,,,,,,,,,,,,,,,,,,,,,,,,,,,,,,,,,,,,,,,,,,,,1087.6859424169816,1087.6945281249937,1088.681029083993,1088.681029083993,1088.681029083993,1088.7530224169896,1088.7530224169896,1088.7530224169896,1092.5878153340018,z,4.887396333011566,None,1092.5879421249847,1092.5880166669958,None,,,,,,,,,,,,21040099,1,2026-01-08_12h24.15.625,tilt_mocs,2024.2.4,120.82547964695175,2026-01-08 12h24.34.223250 -0500,
4,0.0,,477,477,0,,,,,0,100,,,,,c+4,noss,0.75,period,1.1891215840005316,None,None,,,,,,,,,,,0,477,477,683,1092.5996296670055,,,,,,,,,,,,,,,,,,,,,,,,,,,,,,,,,,,,,,,,,,,,,,,,,,,,,,,,,,,,,,,,,,,,,,1092.590713416983,1092.5996296670055,1093.330637334002,1093.330637334002,1093.330637334002,1093.4038158339972,1093.4038158339972,1093.4038158339972,1093.8011701669893,period,1.1891215840005316,None,1093.801316750003,1093.8013750840037,None,,,,,,,,,,,,21040099,1,2026-01-08_12h24.15.625,tilt_mocs,2024.2.4,120.82547964695175,2026-01-08 12h24.34.223250 -0500,
2,-15.0,,478,478,0,,,,,100,0,,,,,c+2,negs,0.75,period,1.0817847500147764,None,None,,,,,,,,,,,0,478,478,474,1093.8126262919977,,,,,,,,,,,,,,,,,,,,,,,,,,,,,,,,,,,,,,,,,,,,,,,,,,,,,,,,,,,,,,,,,,,,,,1093.8035706249939,1093.8126262919977,1094.547820250009,1094.547820250009,1094.547820250009,1094.6205541669915,1094.6205541669915,1094.6205541669915,1094.9012069589808,period,1.0817847500147764,None,1094.9013662500074,1094.901422750001,None,,,,,,,,,,,,21040099,1,2026-01-08_12h24.15.625,tilt_mocs,2024.2.4,120.82547964695175,2026-01-08 12h24.34.223250 -0500,
0,0.0,,479,479,0,,,,,0,100,,,,,c+0,noss,0.5,period,0.8618156670127064,None,None,,,,,,,,,,,0,479,479,597,1094.9123482499854,,,,,,,,,,,,,,,,,,,,,,,,,,,,,,,,,,,,,,,,,,,,,,,,,,,,,,,,,,,,,,,,,,,,,,1094.9035143340006,1094.9123482499854,1095.3972952920012,1095.3972952920012,1095.3972952920012,1095.4698484170076,1095.4698484170076,1095.4698484170076,1095.784157874994,period,0.8618156670127064,None,1095.7843179169868,1095.7843721669924,None,,,,,,,,,,,,21040099,1,2026-01-08_12h24.15.625,tilt_mocs,2024.2.4,120.82547964695175,2026-01-08 12h24.34.223250 -0500,
-4,0.0,,480,480,0,,,,,0,100,,,,,c-4,noss,0.5,z,1.0024510420043953,None,None,,,,,,,,,,,0,480,480,514,1095.7958841249929,,,,,,,,,,,,,,,,,,,,,,,,,,,,,,,,,,,,,,,,,,,,,,,,,,,,,,,,,,,,,,,,,,,,,,1095.7871673339978,1095.7958841249929,1096.2806202920037,1096.2806202920037,1096.2806202920037,1096.3550884590077,1096.3550884590077,1096.3550884590077,1096.8041459999804,z,1.0024510420043953,None,1096.8042475419934,1096.8042897089908,None,,,,,,,,,,,,21040099,1,2026-01-08_12h24.15.625,tilt_mocs,2024.2.4,120.82547964695175,2026-01-08 12h24.34.223250 -0500,
0,0.0,,481,481,0,,,,,0,100,,,,,c+0,noss,1.25,z,1.716636875004042,None,None,,,,,,,,,,,0,481,481,625,1096.8148773339926,,,,,,,,,,,,,,,,,,,,,,,,,,,,,,,,,,,,,,,,,,,,,,,,,,,,,,,,,,,,,,,,,,,,,,1096.806254791998,1096.8148773339926,1098.047945541999,1098.047945541999,1098.047945541999,1098.1203311249847,1098.1203311249847,1098.1203311249847,1098.533779624995,z,1.716636875004042,None,1098.533883541997,1098.533925374999,None,,,,,,,,,,,,21040099,1,2026-01-08_12h24.15.625,tilt_mocs,2024.2.4,120.82547964695175,2026-01-08 12h24.34.223250 -0500,
-2,15.0,,482,482,0,,,,,100,0,,,,,c-2,poss,0.75,z,1.2153303749801125,None,None,,,,,,,,,,,0,482,482,16,1098.5445015839941,,,,,,,,,,,,,,,,,,,,,,,,,,,,,,,,,,,,,,,,,,,,,,,,,,,,,,,,,,,,,,,,,,,,,,1098.5358293750032,1098.5445015839941,1099.280433374981,1099.280433374981,1099.280433374981,1099.3539828750072,1099.3539828750072,1099.3539828750072,1099.7678684999992,z,1.2153303749801125,None,1099.7680490420025,1099.7681112090067,None,,,,,,,,,,,,21040099,1,2026-01-08_12h24.15.625,tilt_mocs,2024.2.4,120.82547964695175,2026-01-08 12h24.34.223250 -0500,
2,15.0,,483,483,0,,,,,100,0,,,,,c+2,poss,1.25,z,1.6815773749840446,None,None,,,,,,,,,,,0,483,483,118,1099.7803440419957,,,,,,,,,,,,,,,,,,,,,,,,,,,,,,,,,,,,,,,,,,,,,,,,,,,,,,,,,,,,,,,,,,,,,,1099.770999500004,1099.7803440419957,1101.0146990839858,1101.0146990839858,1101.0146990839858,1101.0867428749916,1101.0867428749916,1101.0867428749916,1101.4673797499854,z,1.6815773749840446,None,1101.4675073339895,1101.4675602919888,None,,,,,,,,,,,,21040099,1,2026-01-08_12h24.15.625,tilt_mocs,2024.2.4,120.82547964695175,2026-01-08 12h24.34.223250 -0500,
-4,0.0,,484,484,0,,,,,0,100,,,,,c-4,noss,1.25,z,1.7393589169951156,None,None,,,,,,,,,,,0,484,484,543,1101.4782104589976,,,,,,,,,,,,,,,,,,,,,,,,,,,,,,,,,,,,,,,,,,,,,,,,,,,,,,,,,,,,,,,,,,,,,,1101.4695910419978,1101.4782104589976,1102.7147710419958,1102.7147710419958,1102.7147710419958,1102.7871204999974,1102.7871204999974,1102.7871204999974,1103.2226137499965,z,1.7393589169951156,None,1103.2227272919845,1103.2227697499911,None,,,,,,,,,,,,21040099,1,2026-01-08_12h24.15.625,tilt_mocs,2024.2.4,120.82547964695175,2026-01-08 12h24.34.223250 -0500,
-8,-15.0,,485,485,0,,,,,100,0,,,,,c-8,negs,0.5,z,0.9661485829856247,None,None,,,,,,,,,,,0,485,485,262,1103.234072249994,,,,,,,,,,,,,,,,,,,,,,,,,,,,,,,,,,,,,,,,,,,,,,,,,,,,,,,,,,,,,,,,,,,,,,1103.2247109589807,1103.234072249994,1103.7241400000057,1103.7241400000057,1103.7241400000057,1103.798760500009,1103.798760500009,1103.798760500009,1104.2064870839822,z,0.9661485829856247,None,1104.2066228339972,1104.2066760000016,None,,,,,,,,,,,,21040099,1,2026-01-08_12h24.15.625,tilt_mocs,2024.2.4,120.82547964695175,2026-01-08 12h24.34.223250 -0500,
2,-15.0,,486,486,0,,,,,100,0,,,,,c+2,negs,1.25,z,1.6167340830143075,None,None,,,,,,,,,,,0,486,486,498,1104.217758334009,,,,,,,,,,,,,,,,,,,,,,,,,,,,,,,,,,,,,,,,,,,,,,,,,,,,,,,,,,,,,,,,,,,,,,1104.2087682499841,1104.217758334009,1105.4581972500018,1105.4581972500018,1105.4581972500018,1105.5371617919882,1105.5371617919882,1105.5371617919882,1105.839569542004,z,1.6167340830143075,None,1105.8397059589915,1105.8397597089934,None,,,,,,,,,,,,21040099,1,2026-01-08_12h24.15.625,tilt_mocs,2024.2.4,120.82547964695175,2026-01-08 12h24.34.223250 -0500,
-4,0.0,,487,487,0,,,,,0,100,,,,,c-4,noss,1.0,period,0.16875795798841864,None,None,,,,,,,,,,,0,487,487,528,1105.8508593339939,,,,,,,,,,,,,,,,,,,,,,,,,,,,,,,,,,,,,,,,,,,,,,,,,,,,,,,,,,,,,,,,,,,,,,1105.8417481250071,1105.8508593339939,,,,,,,1106.0218936250021,period,0.16875795798841864,None,1106.0219960419927,1106.022041083983,None,,,,,,,,,,,,21040099,1,2026-01-08_12h24.15.625,tilt_mocs,2024.2.4,120.82547964695175,2026-01-08 12h24.34.223250 -0500,
0,15.0,,488,488,0,,,,,100,0,,,,,c+0,poss,1.25,z,1.632881625002483,None,None,,,,,,,,,,,0,488,488,75,1106.0325090420083,,,,,,,,,,,,,,,,,,,,,,,,,,,,,,,,,,,,,,,,,,,,,,,,,,,,,,,,,,,,,,,,,,,,,,1106.0239906249917,1106.0325090420083,1107.2646641669853,1107.2646641669853,1107.2646641669853,1107.336092374986,1107.336092374986,1107.336092374986,1107.6686529169965,z,1.632881625002483,None,1107.6687941249984,1107.6688484170008,None,,,,,,,,,,,,21040099,1,2026-01-08_12h24.15.625,tilt_mocs,2024.2.4,120.82547964695175,2026-01-08 12h24.34.223250 -0500,
-4,0.0,,489,489,0,,,,,0,100,,,,,c-4,noss,0.75,z,1.1711000000068452,None,None,,,,,,,,,,,0,489,489,523,1107.680660583981,,,,,,,,,,,,,,,,,,,,,,,,,,,,,,,,,,,,,,,,,,,,,,,,,,,,,,,,,,,,,,,,,,,,,,1107.6717276249838,1107.680660583981,1108.415061000007,1108.415061000007,1108.415061000007,1108.4868037919805,1108.4868037919805,1108.4868037919805,1108.8573522499937,z,1.1711000000068452,None,1108.8574655840057,1108.8575073340035,None,,,,,,,,,,,,21040099,1,2026-01-08_12h24.15.625,tilt_mocs,2024.2.4,120.82547964695175,2026-01-08 12h24.34.223250 -0500,
8,15.0,,490,490,0,,,,,100,0,,,,,c+8,poss,0.5,period,1.005886791012017,None,None,,,,,,,,,,,0,490,490,213,1108.8680664999993,,,,,,,,,,,,,,,,,,,,,,,,,,,,,,,,,,,,,,,,,,,,,,,,,,,,,,,,,,,,,,,,,,,,,,1108.8594341249845,1108.8680664999993,1109.3574860839872,1109.3574860839872,1109.3574860839872,1109.432155708986,1109.432155708986,1109.432155708986,1109.8843177499948,period,1.005886791012017,None,1109.884419042006,1109.8844606670027,None,,,,,,,,,,,,21040099,1,2026-01-08_12h24.15.625,tilt_mocs,2024.2.4,120.82547964695175,2026-01-08 12h24.34.223250 -0500,
6,15.0,,491,491,0,,,,,100,0,,,,,c+6,poss,0.5,z,0.9469715000013821,None,None,,,,,,,,,,,0,491,491,176,1109.8951262499904,,,,,,,,,,,,,,,,,,,,,,,,,,,,,,,,,,,,,,,,,,,,,,,,,,,,,,,,,,,,,,,,,,,,,,1109.8864302090078,1109.8951262499904,1110.3817070839868,1110.3817070839868,1110.3817070839868,1110.4539794169832,1110.4539794169832,1110.4539794169832,1110.8513936249947,z,0.9469715000013821,None,1110.8515345839842,1110.8515950419824,None,,,,,,,,,,,,21040099,1,2026-01-08_12h24.15.625,tilt_mocs,2024.2.4,120.82547964695175,2026-01-08 12h24.34.223250 -0500,
4,0.0,,492,492,0,,,,,0,100,,,,,c+4,noss,0.75,period,1.3361589999985881,None,None,,,,,,,,,,,0,492,492,686,1110.8630980419985,,,,,,,,,,,,,,,,,,,,,,,,,,,,,,,,,,,,,,,,,,,,,,,,,,,,,,,,,,,,,,,,,,,,,,1110.853892708983,1110.8630980419985,1111.5984566249826,1111.5984566249826,1111.5984566249826,1111.6717712499958,1111.6717712499958,1111.6717712499958,1112.202443208982,period,1.3361589999985881,None,1112.202579667006,1112.2026447499811,None,,,,,,,,,,,,21040099,1,2026-01-08_12h24.15.625,tilt_mocs,2024.2.4,120.82547964695175,2026-01-08 12h24.34.223250 -0500,
-4,0.0,,493,493,0,,,,,0,100,,,,,c-4,noss,1.0,z,1.4641538329888135,None,None,,,,,,,,,,,0,493,493,533,1112.2143225839827,,,,,,,,,,,,,,,,,,,,,,,,,,,,,,,,,,,,,,,,,,,,,,,,,,,,,,,,,,,,,,,,,,,,,,1112.2053789999918,1112.2143225839827,1113.1985948339861,1113.1985948339861,1113.1985948339861,1113.2707317089953,1113.2707317089953,1113.2707317089953,1113.6849625000032,z,1.4641538329888135,None,1113.6850906249892,1113.6851506670064,None,,,,,,,,,,,,21040099,1,2026-01-08_12h24.15.625,tilt_mocs,2024.2.4,120.82547964695175,2026-01-08 12h24.34.223250 -0500,
8,15.0,,494,494,0,,,,,100,0,,,,,c+8,poss,1.0,z,1.4134772079996765,None,None,,,,,,,,,,,0,494,494,233,1113.6958568749833,,,,,,,,,,,,,,,,,,,,,,,,,,,,,,,,,,,,,,,,,,,,,,,,,,,,,,,,,,,,,,,,,,,,,,1113.6871967089828,1113.6958568749833,1114.6818500419904,1114.6818500419904,1114.6818500419904,1114.7544168749882,1114.7544168749882,1114.7544168749882,1115.1184081249812,z,1.4134772079996765,None,1115.1185691669816,1115.1186224590056,None,,,,,,,,,,,,21040099,1,2026-01-08_12h24.15.625,tilt_mocs,2024.2.4,120.82547964695175,2026-01-08 12h24.34.223250 -0500,
-6,-15.0,,495,495,0,,,,,100,0,,,,,c-6,negs,1.0,period,0.26946316700195894,None,None,,,,,,,,,,,0,495,495,322,1115.1297734589898,,,,,,,,,,,,,,,,,,,,,,,,,,,,,,,,,,,,,,,,,,,,,,,,,,,,,,,,,,,,,,,,,,,,,,1115.1209317499888,1115.1297734589898,,,,,,,1115.4020942089846,period,0.26946316700195894,None,1115.4022543339815,1115.402312124992,None,,,,,,,,,,,,21040099,1,2026-01-08_12h24.15.625,tilt_mocs,2024.2.4,120.82547964695175,2026-01-08 12h24.34.223250 -0500,
0,15.0,,496,496,0,,,,,100,0,,,,,c+0,poss,0.75,z,1.1800376659957692,None,None,,,,,,,,,,,0,496,496,55,1115.4143619170063,,,,,,,,,,,,,,,,,,,,,,,,,,,,,,,,,,,,,,,,,,,,,,,,,,,,,,,,,,,,,,,,,,,,,,1115.4055008339928,1115.4143619170063,1116.1486587499967,1116.1486587499967,1116.1486587499967,1116.221685958997,1116.221685958997,1116.221685958997,1116.60080866699,z,1.1800376659957692,None,1116.6009132920008,1116.6009547919966,None,,,,,,,,,,,,21040099,1,2026-01-08_12h24.15.625,tilt_mocs,2024.2.4,120.82547964695175,2026-01-08 12h24.34.223250 -0500,
6,15.0,,497,497,0,,,,,100,0,,,,,c+6,poss,0.5,z,0.9877057500125375,None,None,,,,,,,,,,,0,497,497,175,1116.611591708992,,,,,,,,,,,,,,,,,,,,,,,,,,,,,,,,,,,,,,,,,,,,,,,,,,,,,,,,,,,,,,,,,,,,,,1116.602870875009,1116.611591708992,1117.0977352499904,1117.0977352499904,1117.0977352499904,1117.1827692500083,1117.1827692500083,1117.1827692500083,1117.6025497090013,z,0.9877057500125375,None,1117.6026970839885,1117.6027570840088,None,,,,,,,,,,,,21040099,1,2026-01-08_12h24.15.625,tilt_mocs,2024.2.4,120.82547964695175,2026-01-08 12h24.34.223250 -0500,
-2,0.0,,498,498,0,,,,,0,100,,,,,c-2,noss,1.0,z,1.3937899169977754,None,None,,,,,,,,,,,0,498,498,571,1117.6141815840092,,,,,,,,,,,,,,,,,,,,,,,,,,,,,,,,,,,,,,,,,,,,,,,,,,,,,,,,,,,,,,,,,,,,,,1117.6052911249863,1117.6141815840092,1118.5988102499978,1118.5988102499978,1118.5988102499978,1118.6715602089826,1118.6715602089826,1118.6715602089826,1119.0183522499865,z,1.3937899169977754,None,1119.0185698749847,1119.018682208989,None,,,,,,,,,,,,21040099,1,2026-01-08_12h24.15.625,tilt_mocs,2024.2.4,120.82547964695175,2026-01-08 12h24.34.223250 -0500,
8,15.0,,499,499,0,,,,,100,0,,,,,c+8,poss,0.5,z,1.0290563750022557,None,None,,,,,,,,,,,0,499,499,218,1119.0296262089978,,,,,,,,,,,,,,,,,,,,,,,,,,,,,,,,,,,,,,,,,,,,,,,,,,,,,,,,,,,,,,,,,,,,,,1119.0210578340048,1119.0296262089978,1119.51533366699,1119.51533366699,1119.51533366699,1119.5875332499854,1119.5875332499854,1119.5875332499854,1120.0672192919883,z,1.0290563750022557,None,1120.0673884589924,1120.067471833987,None,,,,,,,,,,,,21040099,1,2026-01-08_12h24.15.625,tilt_mocs,2024.2.4,120.82547964695175,2026-01-08 12h24.34.223250 -0500,
-6,-15.0,,500,500,0,,,,,100,0,,,,,c-6,negs,0.5,z,1.0210647080093622,None,space,86.22914775001118,None,,,,,,,,,0,500,500,298,1120.0789368340047,,,,,,,,,,,,,,,,,,,,,,,,,,,,,,,,,,,,,,,,,,,,,,,,,,,,,,,,,,,,,,,,,,,,,,1120.0700917089998,1120.0789368340047,1120.5654521670076,1120.5654521670076,1120.5654521670076,1120.6377251250087,1120.6377251250087,1120.6377251250087,1121.1028207089985,z,1.0210647080093622,None,1121.1029704590037,1207.3446314999892,space,1121.1123842500092,1121.1123842500092,86.22914775001118,None,,,,,,,,21040099,1,2026-01-08_12h24.15.625,tilt_mocs,2024.2.4,120.82547964695175,2026-01-08 12h24.34.223250 -0500,
-2,-15.0,,501,501,0,,,,,100,0,,,,,c-2,negs,0.75,z,1.617448000004515,None,None,,,,,,,,,,,0,501,501,389,1207.3550551249937,,,,,,,,,,,,,,,,,,,,,,,,,,,,,,,,,,,,,,,,,,,,,,,,,,,,,,,,,,,,,,,,,,,,,,1207.3469755839906,1207.3550551249937,1208.0949798749934,1208.0949798749934,1208.0949798749934,1208.1689849169925,1208.1689849169925,1208.1689849169925,1208.9777524170058,z,1.617448000004515,None,1208.977879708982,1208.9779373339843,None,,,,,,,,,,,,21040099,1,2026-01-08_12h24.15.625,tilt_mocs,2024.2.4,120.82547964695175,2026-01-08 12h24.34.223250 -0500,
-4,-15.0,,502,502,0,,,,,100,0,,,,,c-4,negs,1.0,period,1.566561959014507,None,None,,,,,,,,,,,0,502,502,364,1208.9885251669912,,,,,,,,,,,,,,,,,,,,,,,,,,,,,,,,,,,,,,,,,,,,,,,,,,,,,,,,,,,,,,,,,,,,,,1208.9799353340059,1208.9885251669912,1209.9777804999903,1209.9777804999903,1209.9777804999903,1210.052399624983,1210.052399624983,1210.052399624983,1210.560347083985,period,1.566561959014507,None,1210.5604718340037,1210.5605416249891,None,,,,,,,,,,,,21040099,1,2026-01-08_12h24.15.625,tilt_mocs,2024.2.4,120.82547964695175,2026-01-08 12h24.34.223250 -0500,
2,0.0,,503,503,0,,,,,0,100,,,,,c+2,noss,1.0,z,0.42364137500408106,None,None,,,,,,,,,,,0,503,503,658,1210.5714566249808,,,,,,,,,,,,,,,,,,,,,,,,,,,,,,,,,,,,,,,,,,,,,,,,,,,,,,,,,,,,,,,,,,,,,,1210.5625890420051,1210.5714566249808,,,,,,,1211.004920834006,z,0.42364137500408106,None,1211.0051022499974,1211.0051677500014,None,,,,,,,,,,,,21040099,1,2026-01-08_12h24.15.625,tilt_mocs,2024.2.4,120.82547964695175,2026-01-08 12h24.34.223250 -0500,
-4,0.0,,504,504,0,,,,,0,100,,,,,c-4,noss,1.25,z,1.7541587089945097,None,None,,,,,,,,,,,0,504,504,545,1211.0166001670004,,,,,,,,,,,,,,,,,,,,,,,,,,,,,,,,,,,,,,,,,,,,,,,,,,,,,,,,,,,,,,,,,,,,,,1211.0076097919955,1211.0166001670004,1212.251996624982,1212.251996624982,1212.251996624982,1212.3238897089905,1212.3238897089905,1212.3238897089905,1212.7777924170077,z,1.7541587089945097,None,1212.7779602500086,1212.7780172089988,None,,,,,,,,,,,,21040099,1,2026-01-08_12h24.15.625,tilt_mocs,2024.2.4,120.82547964695175,2026-01-08 12h24.34.223250 -0500,
-2,-15.0,,505,505,0,,,,,100,0,,,,,c-2,negs,0.5,period,0.9236694169812836,None,None,,,,,,,,,,,0,505,505,378,1212.7892565419897,,,,,,,,,,,,,,,,,,,,,,,,,,,,,,,,,,,,,,,,,,,,,,,,,,,,,,,,,,,,,,,,,,,,,,1212.7810136670014,1212.7892565419897,1213.278654499998,1213.278654499998,1213.278654499998,1213.352522250003,1213.352522250003,1213.352522250003,1213.721305583982,period,0.9236694169812836,None,1213.7213672919897,1213.7213847499806,None,,,,,,,,,,,,21040099,1,2026-01-08_12h24.15.625,tilt_mocs,2024.2.4,120.82547964695175,2026-01-08 12h24.34.223250 -0500,
0,-15.0,,506,506,0,,,,,100,0,,,,,c+0,negs,1.25,period,0.19082429198897444,None,None,,,,,,,,,,,0,506,506,454,1213.7281178339908,,,,,,,,,,,,,,,,,,,,,,,,,,,,,,,,,,,,,,,,,,,,,,,,,,,,,,,,,,,,,,,,,,,,,,1213.7222677920072,1213.7281178339908,,,,,,,1213.921474709001,period,0.19082429198897444,None,1213.921642500005,1213.9218054589874,None,,,,,,,,,,,,21040099,1,2026-01-08_12h24.15.625,tilt_mocs,2024.2.4,120.82547964695175,2026-01-08 12h24.34.223250 -0500,
-6,-15.0,,507,507,0,,,,,100,0,,,,,c-6,negs,0.5,z,1.1625742500182241,None,None,,,,,,,,,,,0,507,507,302,1213.9325765419926,,,,,,,,,,,,,,,,,,,,,,,,,,,,,,,,,,,,,,,,,,,,,,,,,,,,,,,,,,,,,,,,,,,,,,1213.9243214169983,1213.9325765419926,1214.4188616669853,1214.4188616669853,1214.4188616669853,1214.4914302919933,1214.4914302919933,1214.4914302919933,1215.105230458983,z,1.1625742500182241,None,1215.1054303339915,1215.1055182089913,None,,,,,,,,,,,,21040099,1,2026-01-08_12h24.15.625,tilt_mocs,2024.2.4,120.82547964695175,2026-01-08 12h24.34.223250 -0500,
2,-15.0,,508,508,0,,,,,100,0,,,,,c+2,negs,1.25,period,1.9033762080071028,None,None,,,,,,,,,,,0,508,508,500,1215.116726709006,,,,,,,,,,,,,,,,,,,,,,,,,,,,,,,,,,,,,,,,,,,,,,,,,,,,,,,,,,,,,,,,,,,,,,1215.1079189169977,1215.116726709006,1216.3519819999929,1216.3519819999929,1216.3519819999929,1216.4247862089833,1216.4247862089833,1216.4247862089833,1217.0264280420088,period,1.9033762080071028,None,1217.0265373750008,1217.026580167003,None,,,,,,,,,,,,21040099,1,2026-01-08_12h24.15.625,tilt_mocs,2024.2.4,120.82547964695175,2026-01-08 12h24.34.223250 -0500,
0,-15.0,,509,509,0,,,,,100,0,,,,,c+0,negs,1.25,period,1.7859487080131657,None,None,,,,,,,,,,,0,509,509,453,1217.037879416981,,,,,,,,,,,,,,,,,,,,,,,,,,,,,,,,,,,,,,,,,,,,,,,,,,,,,,,,,,,,,,,,,,,,,,1217.028532583994,1217.037879416981,1218.2780453340092,1218.2780453340092,1218.2780453340092,1218.3526463749877,1218.3526463749877,1218.3526463749877,1218.8267972499889,period,1.7859487080131657,None,1218.8269004999893,1218.8269427089836,None,,,,,,,,,,,,21040099,1,2026-01-08_12h24.15.625,tilt_mocs,2024.2.4,120.82547964695175,2026-01-08 12h24.34.223250 -0500,
0,0.0,,510,510,0,,,,,0,100,,,,,c+0,noss,0.5,z,0.9986675409891177,None,None,,,,,,,,,,,0,510,510,596,1218.838033084001,,,,,,,,,,,,,,,,,,,,,,,,,,,,,,,,,,,,,,,,,,,,,,,,,,,,,,,,,,,,,,,,,,,,,,1218.8288724169834,1218.838033084001,1219.3283594170061,1219.3283594170061,1219.3283594170061,1219.402716541983,1219.402716541983,1219.402716541983,1219.8398413340037,z,0.9986675409891177,None,1219.8399733339902,1219.8400325840048,None,,,,,,,,,,,,21040099,1,2026-01-08_12h24.15.625,tilt_mocs,2024.2.4,120.82547964695175,2026-01-08 12h24.34.223250 -0500,
0,-15.0,,511,511,0,,,,,100,0,,,,,c+0,negs,1.25,period,1.7185285830055363,None,None,,,,,,,,,,,0,511,511,452,1219.850878666999,,,,,,,,,,,,,,,,,,,,,,,,,,,,,,,,,,,,,,,,,,,,,,,,,,,,,,,,,,,,,,,,,,,,,,1219.842143124988,1219.850878666999,1221.0856115419883,1221.0856115419883,1221.0856115419883,1221.1579859589983,1221.1579859589983,1221.1579859589983,1221.572298916988,period,1.7185285830055363,None,1221.5724555839843,1221.572512999992,None,,,,,,,,,,,,21040099,1,2026-01-08_12h24.15.625,tilt_mocs,2024.2.4,120.82547964695175,2026-01-08 12h24.34.223250 -0500,
-8,-15.0,,512,512,0,,,,,100,0,,,,,c-8,negs,0.75,z,1.2097617919789627,None,None,,,,,,,,,,,0,512,512,266,1221.5836708749994,,,,,,,,,,,,,,,,,,,,,,,,,,,,,,,,,,,,,,,,,,,,,,,,,,,,,,,,,,,,,,,,,,,,,,1221.5748010420066,1221.5836708749994,1222.3190566670091,1222.3190566670091,1222.3190566670091,1222.391722208995,1222.391722208995,1222.391722208995,1222.8058349589992,z,1.2097617919789627,None,1222.8059870419966,1222.8060436249943,None,,,,,,,,,,,,21040099,1,2026-01-08_12h24.15.625,tilt_mocs,2024.2.4,120.82547964695175,2026-01-08 12h24.34.223250 -0500,
2,15.0,,513,513,0,,,,,100,0,,,,,c+2,poss,1.0,period,1.530316375021357,None,None,,,,,,,,,,,0,513,513,111,1222.817275709007,,,,,,,,,,,,,,,,,,,,,,,,,,,,,,,,,,,,,,,,,,,,,,,,,,,,,,,,,,,,,,,,,,,,,,1222.8083615420037,1222.817275709007,1223.802365999989,1223.802365999989,1223.802365999989,1223.8759901669982,1223.8759901669982,1223.8759901669982,1224.3551014589902,period,1.530316375021357,None,1224.3552204589942,1224.3552629170008,None,,,,,,,,,,,,21040099,1,2026-01-08_12h24.15.625,tilt_mocs,2024.2.4,120.82547964695175,2026-01-08 12h24.34.223250 -0500,
-4,-15.0,,514,514,0,,,,,100,0,,,,,c-4,negs,1.0,period,1.4533838749921415,None,None,,,,,,,,,,,0,514,514,365,1224.366925292008,,,,,,,,,,,,,,,,,,,,,,,,,,,,,,,,,,,,,,,,,,,,,,,,,,,,,,,,,,,,,,,,,,,,,,1224.3577243339969,1224.366925292008,1225.3524573339964,1225.3524573339964,1225.3524573339964,1225.4251135420054,1225.4251135420054,1225.4251135420054,1225.832530124986,period,1.4533838749921415,None,1225.832638958993,1225.8326813750027,None,,,,,,,,,,,,21040099,1,2026-01-08_12h24.15.625,tilt_mocs,2024.2.4,120.82547964695175,2026-01-08 12h24.34.223250 -0500,
-2,15.0,,515,515,0,,,,,100,0,,,,,c-2,poss,1.25,z,1.729773250001017,None,None,,,,,,,,,,,0,515,515,40,1225.8398057089944,,,,,,,,,,,,,,,,,,,,,,,,,,,,,,,,,,,,,,,,,,,,,,,,,,,,,,,,,,,,,,,,,,,,,,1225.8346398340072,1225.8398057089944,1227.0786476669891,1227.0786476669891,1227.0786476669891,1227.1530506249983,1227.1530506249983,1227.1530506249983,1227.5722734589945,z,1.729773250001017,None,1227.5724210419867,1227.5724785839848,None,,,,,,,,,,,,21040099,1,2026-01-08_12h24.15.625,tilt_mocs,2024.2.4,120.82547964695175,2026-01-08 12h24.34.223250 -0500,
-8,-15.0,,516,516,0,,,,,100,0,,,,,c-8,negs,0.75,z,1.629681291000452,None,None,,,,,,,,,,,0,516,516,265,1227.5838149169867,,,,,,,,,,,,,,,,,,,,,,,,,,,,,,,,,,,,,,,,,,,,,,,,,,,,,,,,,,,,,,,,,,,,,,1227.5748452919943,1227.5838149169867,1228.3192393750069,1228.3192393750069,1228.3192393750069,1228.3913204169949,1228.3913204169949,1228.3913204169949,1229.2225704590091,z,1.629681291000452,None,1229.2227397089882,1229.2228089169948,None,,,,,,,,,,,,21040099,1,2026-01-08_12h24.15.625,tilt_mocs,2024.2.4,120.82547964695175,2026-01-08 12h24.34.223250 -0500,
-2,0.0,,517,517,0,,,,,0,100,,,,,c-2,noss,1.25,z,1.790979540994158,None,None,,,,,,,,,,,0,517,517,584,1229.2350006669876,,,,,,,,,,,,,,,,,,,,,,,,,,,,,,,,,,,,,,,,,,,,,,,,,,,,,,,,,,,,,,,,,,,,,,1229.2258714589989,1229.2350006669876,1230.4693008750037,1230.4693008750037,1230.4693008750037,1230.5414728749893,1230.5414728749893,1230.5414728749893,1231.0540970840084,z,1.790979540994158,None,1231.0542255839973,1231.0542780419928,None,,,,,,,,,,,,21040099,1,2026-01-08_12h24.15.625,tilt_mocs,2024.2.4,120.82547964695175,2026-01-08 12h24.34.223250 -0500,
-2,0.0,,518,518,0,,,,,0,100,,,,,c-2,noss,1.0,z,1.4507551669958048,None,None,,,,,,,,,,,0,518,518,576,1231.0698447919858,,,,,,,,,,,,,,,,,,,,,,,,,,,,,,,,,,,,,,,,,,,,,,,,,,,,,,,,,,,,,,,,,,,,,,1231.0566648340027,1231.0698447919858,1232.0526482090063,1232.0526482090063,1232.0526482090063,1232.1258221669996,1232.1258221669996,1232.1258221669996,1232.5235093749943,z,1.4507551669958048,None,1232.5237134589988,1232.5237821250048,None,,,,,,,,,,,,21040099,1,2026-01-08_12h24.15.625,tilt_mocs,2024.2.4,120.82547964695175,2026-01-08 12h24.34.223250 -0500,
-4,-15.0,,519,519,0,,,,,100,0,,,,,c-4,negs,1.0,period,1.4849920000124257,None,None,,,,,,,,,,,0,519,519,360,1232.5357890839805,,,,,,,,,,,,,,,,,,,,,,,,,,,,,,,,,,,,,,,,,,,,,,,,,,,,,,,,,,,,,,,,,,,,,,1232.5269346669957,1232.5357890839805,1233.519363208994,1233.519363208994,1233.519363208994,1233.5912940840062,1233.5912940840062,1233.5912940840062,1234.0326663749875,period,1.4849920000124257,None,1234.0327641250042,1234.0328053749981,None,,,,,,,,,,,,21040099,1,2026-01-08_12h24.15.625,tilt_mocs,2024.2.4,120.82547964695175,2026-01-08 12h24.34.223250 -0500,
0,15.0,,520,520,0,,,,,100,0,,,,,c+0,poss,0.5,z,0.9988158339983784,None,None,,,,,,,,,,,0,520,520,48,1234.039268166991,,,,,,,,,,,,,,,,,,,,,,,,,,,,,,,,,,,,,,,,,,,,,,,,,,,,,,,,,,,,,,,,,,,,,,1234.0347428749956,1234.039268166991,1234.5284574999823,1234.5284574999823,1234.5284574999823,1234.6032567090006,1234.6032567090006,1234.6032567090006,1235.045398541988,z,0.9988158339983784,None,1235.0455581669812,1235.0456106670026,None,,,,,,,,,,,,21040099,1,2026-01-08_12h24.15.625,tilt_mocs,2024.2.4,120.82547964695175,2026-01-08 12h24.34.223250 -0500,
2,-15.0,,521,521,0,,,,,100,0,,,,,c+2,negs,0.75,period,1.217430416989373,None,None,,,,,,,,,,,0,521,521,476,1235.0565909169964,,,,,,,,,,,,,,,,,,,,,,,,,,,,,,,,,,,,,,,,,,,,,,,,,,,,,,,,,,,,,,,,,,,,,,1235.04829645899,1235.0565909169964,1235.7950942919997,1235.7950942919997,1235.7950942919997,1235.8699867090036,1235.8699867090036,1235.8699867090036,1236.2783361249894,period,1.217430416989373,None,1236.2784472089843,1236.2784885840083,None,,,,,,,,,,,,21040099,1,2026-01-08_12h24.15.625,tilt_mocs,2024.2.4,120.82547964695175,2026-01-08 12h24.34.223250 -0500,
-2,15.0,,522,522,0,,,,,100,0,,,,,c-2,poss,1.0,z,1.4726151660142932,None,None,,,,,,,,,,,0,522,522,25,1236.2891605839832,,,,,,,,,,,,,,,,,,,,,,,,,,,,,,,,,,,,,,,,,,,,,,,,,,,,,,,,,,,,,,,,,,,,,,1236.280399499985,1236.2891605839832,1237.2793645839847,1237.2793645839847,1237.2793645839847,1237.3534197919944,1237.3534197919944,1237.3534197919944,1237.7717902089935,z,1.4726151660142932,None,1237.7719242089952,1237.7719926249993,None,,,,,,,,,,,,21040099,1,2026-01-08_12h24.15.625,tilt_mocs,2024.2.4,120.82547964695175,2026-01-08 12h24.34.223250 -0500,
6,15.0,,523,523,0,,,,,100,0,,,,,c+6,poss,1.0,z,1.5480426670110319,None,None,,,,,,,,,,,0,523,523,195,1237.783154083998,,,,,,,,,,,,,,,,,,,,,,,,,,,,,,,,,,,,,,,,,,,,,,,,,,,,,,,,,,,,,,,,,,,,,,1237.7741257919988,1237.783154083998,1238.7694401250046,1238.7694401250046,1238.7694401250046,1238.8416054589907,1238.8416054589907,1238.8416054589907,1239.3387977090024,z,1.5480426670110319,None,1239.3389296249952,1239.338983249996,None,,,,,,,,,,,,21040099,1,2026-01-08_12h24.15.625,tilt_mocs,2024.2.4,120.82547964695175,2026-01-08 12h24.34.223250 -0500,
-4,0.0,,524,524,0,,,,,0,100,,,,,c-4,noss,1.25,z,1.7430607090063859,None,None,,,,,,,,,,,0,524,524,540,1239.349853666994,,,,,,,,,,,,,,,,,,,,,,,,,,,,,,,,,,,,,,,,,,,,,,,,,,,,,,,,,,,,,,,,,,,,,,1239.3413063749904,1239.349853666994,1240.5862137090007,1240.5862137090007,1240.5862137090007,1240.6583849589806,1240.6583849589806,1240.6583849589806,1241.0960820420005,z,1.7430607090063859,None,1241.0962154589943,1241.0962727089936,None,,,,,,,,,,,,21040099,1,2026-01-08_12h24.15.625,tilt_mocs,2024.2.4,120.82547964695175,2026-01-08 12h24.34.223250 -0500,
8,15.0,,525,525,0,,,,,100,0,,,,,c+8,poss,1.0,period,1.5193517919979058,None,None,,,,,,,,,,,0,525,525,232,1241.106844208989,,,,,,,,,,,,,,,,,,,,,,,,,,,,,,,,,,,,,,,,,,,,,,,,,,,,,,,,,,,,,,,,,,,,,,1241.098453124985,1241.106844208989,1242.0953404589964,1242.0953404589964,1242.0953404589964,1242.1703123339976,1242.1703123339976,1242.1703123339976,1242.6288241669827,period,1.5193517919979058,None,1242.6289634169952,1242.6290161249926,None,,,,,,,,,,,,21040099,1,2026-01-08_12h24.15.625,tilt_mocs,2024.2.4,120.82547964695175,2026-01-08 12h24.34.223250 -0500,
4,0.0,,526,526,0,,,,,0,100,,,,,c+4,noss,1.25,period,1.7480048329744022,None,None,,,,,,,,,,,0,526,526,706,1242.6395587919978,,,,,,,,,,,,,,,,,,,,,,,,,,,,,,,,,,,,,,,,,,,,,,,,,,,,,,,,,,,,,,,,,,,,,,1242.6312745419855,1242.6395587919978,1243.8810327499814,1243.8810327499814,1243.8810327499814,1243.9588088750024,1243.9588088750024,1243.9588088750024,1244.3992236249906,period,1.7480048329744022,None,1244.3993354589911,1244.3993809169915,None,,,,,,,,,,,,21040099,1,2026-01-08_12h24.15.625,tilt_mocs,2024.2.4,120.82547964695175,2026-01-08 12h24.34.223250 -0500,
8,15.0,,527,527,0,,,,,100,0,,,,,c+8,poss,0.5,period,0.8947282920125872,None,None,,,,,,,,,,,0,527,527,214,1244.4059965419874,,,,,,,,,,,,,,,,,,,,,,,,,,,,,,,,,,,,,,,,,,,,,,,,,,,,,,,,,,,,,,,,,,,,,,1244.4013056249823,1244.4059965419874,1244.8954209169897,1244.8954209169897,1244.8954209169897,1244.9702850419853,1244.9702850419853,1244.9702850419853,1245.3061466249928,period,0.8947282920125872,None,1245.306272249989,1245.306325499987,None,,,,,,,,,,,,21040099,1,2026-01-08_12h24.15.625,tilt_mocs,2024.2.4,120.82547964695175,2026-01-08 12h24.34.223250 -0500,
-2,-15.0,,528,528,0,,,,,100,0,,,,,c-2,negs,1.0,period,1.4554242079902906,None,None,,,,,,,,,,,0,528,528,403,1245.3176615840057,,,,,,,,,,,,,,,,,,,,,,,,,,,,,,,,,,,,,,,,,,,,,,,,,,,,,,,,,,,,,,,,,,,,,,1245.3086246250023,1245.3176615840057,1246.3031783750048,1246.3031783750048,1246.3031783750048,1246.3754415419826,1246.3754415419826,1246.3754415419826,1246.778561708983,period,1.4554242079902906,None,1246.7786906249821,1246.7787493339856,None,,,,,,,,,,,,21040099,1,2026-01-08_12h24.15.625,tilt_mocs,2024.2.4,120.82547964695175,2026-01-08 12h24.34.223250 -0500,
4,0.0,,529,529,0,,,,,0,100,,,,,c+4,noss,1.25,period,2.0177070839854423,None,None,,,,,,,,,,,0,529,529,705,1246.7895842090074,,,,,,,,,,,,,,,,,,,,,,,,,,,,,,,,,,,,,,,,,,,,,,,,,,,,,,,,,,,,,,,,,,,,,,1246.7811897089996,1246.7895842090074,1248.0291225840047,1248.0291225840047,1248.0291225840047,1248.1039768339833,1248.1039768339833,1248.1039768339833,1248.8112283750088,period,2.0177070839854423,None,1248.8113320840057,1248.8113736250089,None,,,,,,,,,,,,21040099,1,2026-01-08_12h24.15.625,tilt_mocs,2024.2.4,120.82547964695175,2026-01-08 12h24.34.223250 -0500,
2,15.0,,530,530,0,,,,,100,0,,,,,c+2,poss,1.25,z,1.8983156670001335,None,None,,,,,,,,,,,0,530,530,123,1248.8224608339951,,,,,,,,,,,,,,,,,,,,,,,,,,,,,,,,,,,,,,,,,,,,,,,,,,,,,,,,,,,,,,,,,,,,,,1248.8132995839987,1248.8224608339951,1250.062960042007,1250.062960042007,1250.062960042007,1250.1370982500084,1250.1370982500084,1250.1370982500084,1250.7237034169957,z,1.8983156670001335,None,1250.7238464999828,1250.7239044589805,None,,,,,,,,,,,,21040099,1,2026-01-08_12h24.15.625,tilt_mocs,2024.2.4,120.82547964695175,2026-01-08 12h24.34.223250 -0500,
4,0.0,,531,531,0,,,,,0,100,,,,,c+4,noss,0.75,period,1.4710929580032825,None,None,,,,,,,,,,,0,531,531,693,1250.7348207089817,,,,,,,,,,,,,,,,,,,,,,,,,,,,,,,,,,,,,,,,,,,,,,,,,,,,,,,,,,,,,,,,,,,,,,1250.7260975840036,1250.7348207089817,1251.469900458993,1251.469900458993,1251.469900458993,1251.5421173750074,1251.5421173750074,1251.5421173750074,1252.2116170839872,period,1.4710929580032825,None,1252.2117474999977,1252.211799791985,None,,,,,,,,,,,,21040099,1,2026-01-08_12h24.15.625,tilt_mocs,2024.2.4,120.82547964695175,2026-01-08 12h24.34.223250 -0500,
0,15.0,,532,532,0,,,,,100,0,,,,,c+0,poss,1.25,z,1.8020529170171358,None,None,,,,,,,,,,,0,532,532,82,1252.2228554169997,,,,,,,,,,,,,,,,,,,,,,,,,,,,,,,,,,,,,,,,,,,,,,,,,,,,,,,,,,,,,,,,,,,,,,1252.2138334589836,1252.2228554169997,1253.4629587499949,1253.4629587499949,1253.4629587499949,1253.5371990840067,1253.5371990840067,1253.5371990840067,1254.028792875004,z,1.8020529170171358,None,1254.0289317499846,1254.0289861249912,None,,,,,,,,,,,,21040099,1,2026-01-08_12h24.15.625,tilt_mocs,2024.2.4,120.82547964695175,2026-01-08 12h24.34.223250 -0500,
8,15.0,,533,533,0,,,,,100,0,,,,,c+8,poss,0.75,period,1.371151083993027,None,None,,,,,,,,,,,0,533,533,224,1254.0399504170055,,,,,,,,,,,,,,,,,,,,,,,,,,,,,,,,,,,,,,,,,,,,,,,,,,,,,,,,,,,,,,,,,,,,,,1254.031186584005,1254.0399504170055,1254.779587875004,1254.779587875004,1254.779587875004,1254.8529670419812,1254.8529670419812,1254.8529670419812,1255.4226972089964,period,1.371151083993027,None,1255.4228194169991,1255.4228710839816,None,,,,,,,,,,,,21040099,1,2026-01-08_12h24.15.625,tilt_mocs,2024.2.4,120.82547964695175,2026-01-08 12h24.34.223250 -0500,
-8,-15.0,,534,534,0,,,,,100,0,,,,,c-8,negs,1.0,z,1.5647387909993995,None,None,,,,,,,,,,,0,534,534,277,1255.4335433749948,,,,,,,,,,,,,,,,,,,,,,,,,,,,,,,,,,,,,,,,,,,,,,,,,,,,,,,,,,,,,,,,,,,,,,1255.4249558750016,1255.4335433749948,1256.4202637919807,1256.4202637919807,1256.4202637919807,1256.492417875008,1256.492417875008,1256.492417875008,1257.0066278339946,z,1.5647387909993995,None,1257.0068669999891,1257.0069609589991,None,,,,,,,,,,,,21040099,1,2026-01-08_12h24.15.625,tilt_mocs,2024.2.4,120.82547964695175,2026-01-08 12h24.34.223250 -0500,
8,15.0,,535,535,0,,,,,100,0,,,,,c+8,poss,1.25,period,1.7863547920132987,None,None,,,,,,,,,,,0,535,535,250,1257.0183973749809,,,,,,,,,,,,,,,,,,,,,,,,,,,,,,,,,,,,,,,,,,,,,,,,,,,,,,,,,,,,,,,,,,,,,,1257.0094007499865,1257.0183973749809,1258.2535219590063,1258.2535219590063,1258.2535219590063,1258.3265037919919,1258.3265037919919,1258.3265037919919,1258.8076004589966,period,1.7863547920132987,None,1258.8078873339982,1258.8079852089868,None,,,,,,,,,,,,21040099,1,2026-01-08_12h24.15.625,tilt_mocs,2024.2.4,120.82547964695175,2026-01-08 12h24.34.223250 -0500,
-4,-15.0,,536,536,0,,,,,100,0,,,,,c-4,negs,0.5,period,1.1291263749881182,None,None,,,,,,,,,,,0,536,536,344,1258.8193157920032,,,,,,,,,,,,,,,,,,,,,,,,,,,,,,,,,,,,,,,,,,,,,,,,,,,,,,,,,,,,,,,,,,,,,,1258.8104392919922,1258.8193157920032,1259.3035413339967,1259.3035413339967,1259.3035413339967,1259.3757531250012,1259.3757531250012,1259.3757531250012,1259.9562124999939,period,1.1291263749881182,None,1259.9563471669971,1259.9564003749983,None,,,,,,,,,,,,21040099,1,2026-01-08_12h24.15.625,tilt_mocs,2024.2.4,120.82547964695175,2026-01-08 12h24.34.223250 -0500,
-6,-15.0,,537,537,0,,,,,100,0,,,,,c-6,negs,0.75,period,1.1901125419826712,None,None,,,,,,,,,,,0,537,537,308,1259.9675019590068,,,,,,,,,,,,,,,,,,,,,,,,,,,,,,,,,,,,,,,,,,,,,,,,,,,,,,,,,,,,,,,,,,,,,,1259.9588114169892,1259.9675019590068,1260.7036728749808,1260.7036728749808,1260.7036728749808,1260.7759024589905,1260.7759024589905,1260.7759024589905,1261.161764666991,period,1.1901125419826712,None,1261.1618639999942,1261.161905084009,None,,,,,,,,,,,,21040099,1,2026-01-08_12h24.15.625,tilt_mocs,2024.2.4,120.82547964695175,2026-01-08 12h24.34.223250 -0500,
-4,0.0,,538,538,0,,,,,0,100,,,,,c-4,noss,0.75,z,1.3062247080088127,None,None,,,,,,,,,,,0,538,538,519,1261.1728783749859,,,,,,,,,,,,,,,,,,,,,,,,,,,,,,,,,,,,,,,,,,,,,,,,,,,,,,,,,,,,,,,,,,,,,,1261.1638037500088,1261.1728783749859,1261.9136417499976,1261.9136417499976,1261.9136417499976,1261.9875507499964,1261.9875507499964,1261.9875507499964,1262.4897249589849,z,1.3062247080088127,None,1262.4898752500012,1262.4899349589832,None,,,,,,,,,,,,21040099,1,2026-01-08_12h24.15.625,tilt_mocs,2024.2.4,120.82547964695175,2026-01-08 12h24.34.223250 -0500,
-2,15.0,,539,539,0,,,,,100,0,,,,,c-2,poss,0.5,z,0.9747343339840882,None,None,,,,,,,,,,,0,539,539,5,1262.502667666995,,,,,,,,,,,,,,,,,,,,,,,,,,,,,,,,,,,,,,,,,,,,,,,,,,,,,,,,,,,,,,,,,,,,,,1262.493311750004,1262.502667666995,1262.9870840419899,1262.9870840419899,1262.9870840419899,1263.0594088340004,1263.0594088340004,1263.0594088340004,1263.489216624992,z,0.9747343339840882,None,1263.4893390419893,1263.4893814169918,None,,,,,,,,,,,,21040099,1,2026-01-08_12h24.15.625,tilt_mocs,2024.2.4,120.82547964695175,2026-01-08 12h24.34.223250 -0500,
2,0.0,,540,540,0,,,,,0,100,,,,,c+2,noss,0.5,period,0.9978434589866083,None,None,,,,,,,,,,,0,540,540,636,1263.4968754169822,,,,,,,,,,,,,,,,,,,,,,,,,,,,,,,,,,,,,,,,,,,,,,,,,,,,,,,,,,,,,,,,,,,,,,1263.491333916987,1263.4968754169822,1263.9871285840054,1263.9871285840054,1263.9871285840054,1264.0602790419944,1264.0602790419944,1264.0602790419944,1264.5063957499806,period,0.9978434589866083,None,1264.5065176250064,1264.5065697089885,None,,,,,,,,,,,,21040099,1,2026-01-08_12h24.15.625,tilt_mocs,2024.2.4,120.82547964695175,2026-01-08 12h24.34.223250 -0500,
0,-15.0,,541,541,0,,,,,100,0,,,,,c+0,negs,1.0,period,1.4368834999913815,None,None,,,,,,,,,,,0,541,541,448,1264.5175293750071,,,,,,,,,,,,,,,,,,,,,,,,,,,,,,,,,,,,,,,,,,,,,,,,,,,,,,,,,,,,,,,,,,,,,,1264.5086814999813,1264.5175293750071,1265.5038420839992,1265.5038420839992,1265.5038420839992,1265.5761097919894,1265.5761097919894,1265.5761097919894,1265.957665916998,period,1.4368834999913815,None,1265.957796542003,1265.9578466249804,None,,,,,,,,,,,,21040099,1,2026-01-08_12h24.15.625,tilt_mocs,2024.2.4,120.82547964695175,2026-01-08 12h24.34.223250 -0500,
2,-15.0,,542,542,0,,,,,100,0,,,,,c+2,negs,0.5,period,0.8753939169982914,None,None,,,,,,,,,,,0,542,542,470,1265.9692154589866,,,,,,,,,,,,,,,,,,,,,,,,,,,,,,,,,,,,,,,,,,,,,,,,,,,,,,,,,,,,,,,,,,,,,,1265.960358042008,1265.9692154589866,1266.4538430839893,1266.4538430839893,1266.4538430839893,1266.5257278339996,1266.5257278339996,1266.5257278339996,1266.8474478340067,period,0.8753939169982914,None,1266.8476005840057,1266.8476567920006,None,,,,,,,,,,,,21040099,1,2026-01-08_12h24.15.625,tilt_mocs,2024.2.4,120.82547964695175,2026-01-08 12h24.34.223250 -0500,
-4,0.0,,543,543,0,,,,,0,100,,,,,c-4,noss,0.5,z,1.0796942080196459,None,None,,,,,,,,,,,0,543,543,507,1266.8579678749957,,,,,,,,,,,,,,,,,,,,,,,,,,,,,,,,,,,,,,,,,,,,,,,,,,,,,,,,,,,,,,,,,,,,,,1266.8499607919948,1266.8579678749957,1267.3468273339968,1267.3468273339968,1267.3468273339968,1267.4209957919957,1267.4209957919957,1267.4209957919957,1267.9494748750003,z,1.0796942080196459,None,1267.949575000006,1267.9496189589845,None,,,,,,,,,,,,21040099,1,2026-01-08_12h24.15.625,tilt_mocs,2024.2.4,120.82547964695175,2026-01-08 12h24.34.223250 -0500,
-6,-15.0,,544,544,0,,,,,100,0,,,,,c-6,negs,0.5,z,0.9812459160166327,None,None,,,,,,,,,,,0,544,544,299,1267.9563751670066,,,,,,,,,,,,,,,,,,,,,,,,,,,,,,,,,,,,,,,,,,,,,,,,,,,,,,,,,,,,,,,,,,,,,,1267.9515470839979,1267.9563751670066,1268.4470660419902,1268.4470660419902,1268.4470660419902,1268.5207519999822,1268.5207519999822,1268.5207519999822,1268.9401526250003,z,0.9812459160166327,None,1268.9402803340054,1268.940332750004,None,,,,,,,,,,,,21040099,1,2026-01-08_12h24.15.625,tilt_mocs,2024.2.4,120.82547964695175,2026-01-08 12h24.34.223250 -0500,
2,-15.0,,545,545,0,,,,,100,0,,,,,c+2,negs,1.25,period,1.7316525419882964,None,None,,,,,,,,,,,0,545,545,499,1268.9510494999995,,,,,,,,,,,,,,,,,,,,,,,,,,,,,,,,,,,,,,,,,,,,,,,,,,,,,,,,,,,,,,,,,,,,,,1268.9424244999827,1268.9510494999995,1270.187245374982,1270.187245374982,1270.187245374982,1270.2580679589882,1270.2580679589882,1270.2580679589882,1270.6901495420025,period,1.7316525419882964,None,1270.6902761670062,1270.6903277089878,None,,,,,,,,,,,,21040099,1,2026-01-08_12h24.15.625,tilt_mocs,2024.2.4,120.82547964695175,2026-01-08 12h24.34.223250 -0500,
-2,15.0,,546,546,0,,,,,100,0,,,,,c-2,poss,1.0,z,1.5057230830134358,None,None,,,,,,,,,,,0,546,546,22,1270.7015213749837,,,,,,,,,,,,,,,,,,,,,,,,,,,,,,,,,,,,,,,,,,,,,,,,,,,,,,,,,,,,,,,,,,,,,,1270.6927707089926,1270.7015213749837,1271.687354624999,1271.687354624999,1271.687354624999,1271.7610822090064,1271.7610822090064,1271.7610822090064,1272.2121498339984,z,1.5057230830134358,None,1272.212280000007,1272.212332916999,None,,,,,,,,,,,,21040099,1,2026-01-08_12h24.15.625,tilt_mocs,2024.2.4,120.82547964695175,2026-01-08 12h24.34.223250 -0500,
6,15.0,,547,547,0,,,,,100,0,,,,,c+6,poss,1.0,period,1.4218225000076927,None,None,,,,,,,,,,,0,547,547,197,1272.2234607919818,,,,,,,,,,,,,,,,,,,,,,,,,,,,,,,,,,,,,,,,,,,,,,,,,,,,,,,,,,,,,,,,,,,,,,1272.2143792499846,1272.2234607919818,1273.2140530000033,1273.2140530000033,1273.2140530000033,1273.287725000002,1273.287725000002,1273.287725000002,1273.6566392499954,period,1.4218225000076927,None,1273.6567482499813,1273.6567910419835,None,,,,,,,,,,,,21040099,1,2026-01-08_12h24.15.625,tilt_mocs,2024.2.4,120.82547964695175,2026-01-08 12h24.34.223250 -0500,
-2,0.0,,548,548,0,,,,,0,100,,,,,c-2,noss,1.25,z,1.747743707994232,None,None,,,,,,,,,,,0,548,548,578,1273.6672811250028,,,,,,,,,,,,,,,,,,,,,,,,,,,,,,,,,,,,,,,,,,,,,,,,,,,,,,,,,,,,,,,,,,,,,,1273.6587036249985,1273.6672811250028,1274.904122374981,1274.904122374981,1274.904122374981,1274.9763989589992,1274.9763989589992,1274.9763989589992,1275.4234770839976,z,1.747743707994232,None,1275.4236050839827,1275.4236583339807,None,,,,,,,,,,,,21040099,1,2026-01-08_12h24.15.625,tilt_mocs,2024.2.4,120.82547964695175,2026-01-08 12h24.34.223250 -0500,
0,-15.0,,549,549,0,,,,,100,0,,,,,c+0,negs,0.75,period,1.3145674580009654,None,None,,,,,,,,,,,0,549,549,433,1275.434181583987,,,,,,,,,,,,,,,,,,,,,,,,,,,,,,,,,,,,,,,,,,,,,,,,,,,,,,,,,,,,,,,,,,,,,,1275.4255684590025,1275.434181583987,1276.170757749991,1276.170757749991,1276.170757749991,1276.2429788750014,1276.2429788750014,1276.2429788750014,1276.756702084007,period,1.3145674580009654,None,1276.756801666983,1276.7568437499867,None,,,,,,,,,,,,21040099,1,2026-01-08_12h24.15.625,tilt_mocs,2024.2.4,120.82547964695175,2026-01-08 12h24.34.223250 -0500,
-8,-15.0,,550,550,0,,,,,100,0,,,,,c-8,negs,1.25,z,1.7223863749823067,None,None,,,,,,,,,,,0,550,550,291,1276.7674727920094,,,,,,,,,,,,,,,,,,,,,,,,,,,,,,,,,,,,,,,,,,,,,,,,,,,,,,,,,,,,,,,,,,,,,,1276.7587657920085,1276.7674727920094,1278.0041325420025,1278.0041325420025,1278.0041325420025,1278.0762807090068,1278.0762807090068,1278.0762807090068,1278.4964917089965,z,1.7223863749823067,None,1278.4966207919933,1278.496672624984,None,,,,,,,,,,,,21040099,1,2026-01-08_12h24.15.625,tilt_mocs,2024.2.4,120.82547964695175,2026-01-08 12h24.34.223250 -0500,
0,15.0,,551,551,0,,,,,100,0,,,,,c+0,poss,1.25,z,1.6756348329945467,None,None,,,,,,,,,,,0,551,551,77,1278.5073497089907,,,,,,,,,,,,,,,,,,,,,,,,,,,,,,,,,,,,,,,,,,,,,,,,,,,,,,,,,,,,,,,,,,,,,,1278.4990688749822,1278.5073497089907,1279.747552166984,1279.747552166984,1279.747552166984,1279.8212169999897,1279.8212169999897,1279.8212169999897,1280.1906223749975,z,1.6756348329945467,None,1280.190783750004,1280.1908382090041,None,,,,,,,,,,,,21040099,1,2026-01-08_12h24.15.625,tilt_mocs,2024.2.4,120.82547964695175,2026-01-08 12h24.34.223250 -0500,
-8,-15.0,,552,552,0,,,,,100,0,,,,,c-8,negs,1.25,z,1.635354333993746,None,None,,,,,,,,,,,0,552,552,290,1280.2026179170061,,,,,,,,,,,,,,,,,,,,,,,,,,,,,,,,,,,,,,,,,,,,,,,,,,,,,,,,,,,,,,,,,,,,,,1280.193639917008,1280.2026179170061,1281.4377889169846,1281.4377889169846,1281.4377889169846,1281.5097476250085,1281.5097476250085,1281.5097476250085,1281.8405081669916,z,1.635354333993746,None,1281.8406788340071,1281.8407358749828,None,,,,,,,,,,,,21040099,1,2026-01-08_12h24.15.625,tilt_mocs,2024.2.4,120.82547964695175,2026-01-08 12h24.34.223250 -0500,
4,0.0,,553,553,0,,,,,0,100,,,,,c+4,noss,0.75,period,1.2756055000063498,None,None,,,,,,,,,,,0,553,553,691,1281.852368791995,,,,,,,,,,,,,,,,,,,,,,,,,,,,,,,,,,,,,,,,,,,,,,,,,,,,,,,,,,,,,,,,,,,,,,1281.8434265840042,1281.852368791995,1282.5877604169946,1282.5877604169946,1282.5877604169946,1282.659886916983,1282.659886916983,1282.659886916983,1283.1306834999996,period,1.2756055000063498,None,1283.130824791995,1283.1308818339894,None,,,,,,,,,,,,21040099,1,2026-01-08_12h24.15.625,tilt_mocs,2024.2.4,120.82547964695175,2026-01-08 12h24.34.223250 -0500,
4,0.0,,554,554,0,,,,,0,100,,,,,c+4,noss,0.5,z,1.1309882909990847,None,None,,,,,,,,,,,0,554,554,677,1283.140926958993,,,,,,,,,,,,,,,,,,,,,,,,,,,,,,,,,,,,,,,,,,,,,,,,,,,,,,,,,,,,,,,,,,,,,,1283.1330554999877,1283.140926958993,1283.6306809170055,1283.6306809170055,1283.6306809170055,1283.7049197090091,1283.7049197090091,1283.7049197090091,1284.2745570839907,z,1.1309882909990847,None,1284.27470941699,1284.2747653340048,None,,,,,,,,,,,,21040099,1,2026-01-08_12h24.15.625,tilt_mocs,2024.2.4,120.82547964695175,2026-01-08 12h24.34.223250 -0500,
6,15.0,,555,555,0,,,,,100,0,,,,,c+6,poss,1.0,z,1.5157487079850398,None,None,,,,,,,,,,,0,555,555,193,1284.2864829169994,,,,,,,,,,,,,,,,,,,,,,,,,,,,,,,,,,,,,,,,,,,,,,,,,,,,,,,,,,,,,,,,,,,,,,1284.2774790840049,1284.2864829169994,1285.2710688340012,1285.2710688340012,1285.2710688340012,1285.3429698339896,1285.3429698339896,1285.3429698339896,1285.8080515839974,z,1.5157487079850398,None,1285.8082957919978,1285.8084014169872,None,,,,,,,,,,,,21040099,1,2026-01-08_12h24.15.625,tilt_mocs,2024.2.4,120.82547964695175,2026-01-08 12h24.34.223250 -0500,
4,0.0,,556,556,0,,,,,0,100,,,,,c+4,noss,1.0,period,1.4518307920079678,None,None,,,,,,,,,,,0,556,556,703,1285.820128041989,,,,,,,,,,,,,,,,,,,,,,,,,,,,,,,,,,,,,,,,,,,,,,,,,,,,,,,,,,,,,,,,,,,,,,1285.810817333986,1285.820128041989,1286.804468916991,1286.804468916991,1286.804468916991,1286.8763352090027,1286.8763352090027,1286.8763352090027,1287.2746833339916,period,1.4518307920079678,None,1287.2748490000085,1287.2749411670084,None,,,,,,,,,,,,21040099,1,2026-01-08_12h24.15.625,tilt_mocs,2024.2.4,120.82547964695175,2026-01-08 12h24.34.223250 -0500,
-4,0.0,,557,557,0,,,,,0,100,,,,,c-4,noss,0.5,period,1.3201019589905627,None,None,,,,,,,,,,,0,557,557,512,1287.2858223750081,,,,,,,,,,,,,,,,,,,,,,,,,,,,,,,,,,,,,,,,,,,,,,,,,,,,,,,,,,,,,,,,,,,,,,1287.2773763340083,1287.2858223750081,1287.7713746250083,1287.7713746250083,1287.7713746250083,1287.8435212089971,1287.8435212089971,1287.8435212089971,1288.6182514590037,period,1.3201019589905627,None,1288.6183519999904,1288.618394249992,None,,,,,,,,,,,,21040099,1,2026-01-08_12h24.15.625,tilt_mocs,2024.2.4,120.82547964695175,2026-01-08 12h24.34.223250 -0500,
0,0.0,,558,558,0,,,,,0,100,,,,,c+0,noss,1.0,z,1.7087615829950664,None,None,,,,,,,,,,,0,558,558,619,1288.6247968339885,,,,,,,,,,,,,,,,,,,,,,,,,,,,,,,,,,,,,,,,,,,,,,,,,,,,,,,,,,,,,,,,,,,,,,1288.6203822499956,1288.6247968339885,1289.6139944999886,1289.6139944999886,1289.6139944999886,1289.6886792919831,1289.6886792919831,1289.6886792919831,1290.3403260839987,z,1.7087615829950664,None,1290.3404339999834,1290.3404755420052,None,,,,,,,,,,,,21040099,1,2026-01-08_12h24.15.625,tilt_mocs,2024.2.4,120.82547964695175,2026-01-08 12h24.34.223250 -0500,
6,15.0,,559,559,0,,,,,100,0,,,,,c+6,poss,0.75,period,1.3289672499813605,None,None,,,,,,,,,,,0,559,559,183,1290.3513359589851,,,,,,,,,,,,,,,,,,,,,,,,,,,,,,,,,,,,,,,,,,,,,,,,,,,,,,,,,,,,,,,,,,,,,,1290.3423869170074,1290.3513359589851,1291.0870083339978,1291.0870083339978,1291.0870083339978,1291.1605297089845,1291.1605297089845,1291.1605297089845,1291.6914966669865,period,1.3289672499813605,None,1291.6916419169866,1291.691699499992,None,,,,,,,,,,,,21040099,1,2026-01-08_12h24.15.625,tilt_mocs,2024.2.4,120.82547964695175,2026-01-08 12h24.34.223250 -0500,
-8,-15.0,,560,560,0,,,,,100,0,,,,,c-8,negs,0.75,z,1.2768399579799734,None,None,,,,,,,,,,,0,560,560,263,1291.7036639589933,,,,,,,,,,,,,,,,,,,,,,,,,,,,,,,,,,,,,,,,,,,,,,,,,,,,,,,,,,,,,,,,,,,,,,1291.694289084,1291.7036639589933,1292.4381097499863,1292.4381097499863,1292.4381097499863,1292.5099885840027,1292.5099885840027,1292.5099885840027,1292.9908462089952,z,1.2768399579799734,None,1292.9910069589969,1292.9910595419933,None,,,,,,,,,,,,21040099,1,2026-01-08_12h24.15.625,tilt_mocs,2024.2.4,120.82547964695175,2026-01-08 12h24.34.223250 -0500,
4,15.0,,561,561,0,,,,,100,0,,,,,c+4,poss,0.75,z,1.2142475000000559,None,None,,,,,,,,,,,0,561,561,139,1293.0030660420016,,,,,,,,,,,,,,,,,,,,,,,,,,,,,,,,,,,,,,,,,,,,,,,,,,,,,,,,,,,,,,,,,,,,,,1292.9940829999978,1293.0030660420016,1293.7380708749988,1293.7380708749988,1293.7380708749988,1293.810764083988,1293.810764083988,1293.810764083988,1294.223976749985,z,1.2142475000000559,None,1294.2240847499925,1294.2241261249874,None,,,,,,,,,,,,21040099,1,2026-01-08_12h24.15.625,tilt_mocs,2024.2.4,120.82547964695175,2026-01-08 12h24.34.223250 -0500,
-4,0.0,,562,562,0,,,,,0,100,,,,,c-4,noss,1.0,z,1.4610964590101503,None,None,,,,,,,,,,,0,562,562,535,1294.2349698749895,,,,,,,,,,,,,,,,,,,,,,,,,,,,,,,,,,,,,,,,,,,,,,,,,,,,,,,,,,,,,,,,,,,,,,1294.225999208982,1294.2349698749895,1295.221606209001,1295.221606209001,1295.221606209001,1295.2934899590036,1295.2934899590036,1295.2934899590036,1295.7081997089845,z,1.4610964590101503,None,1295.7083018340054,1295.7083425839955,None,,,,,,,,,,,,21040099,1,2026-01-08_12h24.15.625,tilt_mocs,2024.2.4,120.82547964695175,2026-01-08 12h24.34.223250 -0500,
2,0.0,,563,563,0,,,,,0,100,,,,,c+2,noss,1.25,z,1.9347632499993779,None,None,,,,,,,,,,,0,563,563,668,1295.721977874986,,,,,,,,,,,,,,,,,,,,,,,,,,,,,,,,,,,,,,,,,,,,,,,,,,,,,,,,,,,,,,,,,,,,,,1295.7103026669938,1295.721977874986,1296.954925625003,1296.954925625003,1296.954925625003,1297.0270597499912,1297.0270597499912,1297.0270597499912,1297.663729916996,z,1.9347632499993779,None,1297.663834624982,1297.663875208993,None,,,,,,,,,,,,21040099,1,2026-01-08_12h24.15.625,tilt_mocs,2024.2.4,120.82547964695175,2026-01-08 12h24.34.223250 -0500,
-2,0.0,,564,564,0,,,,,0,100,,,,,c-2,noss,0.75,z,1.2440537079819478,None,None,,,,,,,,,,,0,564,564,567,1297.6745698339946,,,,,,,,,,,,,,,,,,,,,,,,,,,,,,,,,,,,,,,,,,,,,,,,,,,,,,,,,,,,,,,,,,,,,,1297.666310708999,1297.6745698339946,1298.412715124985,1298.412715124985,1298.412715124985,1298.488874999981,1298.488874999981,1298.488874999981,1298.924734500004,z,1.2440537079819478,None,1298.9248835420003,1298.9249420420092,None,,,,,,,,,,,,21040099,1,2026-01-08_12h24.15.625,tilt_mocs,2024.2.4,120.82547964695175,2026-01-08 12h24.34.223250 -0500,
0,0.0,,565,565,0,,,,,0,100,,,,,c+0,noss,0.75,z,1.6034231249941513,None,None,,,,,,,,,,,0,565,565,604,1298.9362586250063,,,,,,,,,,,,,,,,,,,,,,,,,,,,,,,,,,,,,,,,,,,,,,,,,,,,,,,,,,,,,,,,,,,,,,1298.9271922920016,1298.9362586250063,1299.6711974169884,1299.6711974169884,1299.6711974169884,1299.7451572919963,1299.7451572919963,1299.7451572919963,1300.5515679999953,z,1.6034231249941513,None,1300.5516717499995,1300.5517187500081,None,,,,,,,,,,,,21040099,1,2026-01-08_12h24.15.625,tilt_mocs,2024.2.4,120.82547964695175,2026-01-08 12h24.34.223250 -0500,
-4,-15.0,,566,566,0,,,,,100,0,,,,,c-4,negs,1.0,z,1.6907296669960488,None,None,,,,,,,,,,,0,566,566,362,1300.5582062499889,,,,,,,,,,,,,,,,,,,,,,,,,,,,,,,,,,,,,,,,,,,,,,,,,,,,,,,,,,,,,,,,,,,,,,1300.5536807089811,1300.5582062499889,1301.547318041994,1301.547318041994,1301.547318041994,1301.6223305839812,1301.6223305839812,1301.6223305839812,1302.2582493750087,z,1.6907296669960488,None,1302.2583932919952,1302.2584520840028,None,,,,,,,,,,,,21040099,1,2026-01-08_12h24.15.625,tilt_mocs,2024.2.4,120.82547964695175,2026-01-08 12h24.34.223250 -0500,
-2,0.0,,567,567,0,,,,,0,100,,,,,c-2,noss,0.75,z,1.2487905420130119,None,None,,,,,,,,,,,0,567,567,562,1302.2704475419887,,,,,,,,,,,,,,,,,,,,,,,,,,,,,,,,,,,,,,,,,,,,,,,,,,,,,,,,,,,,,,,,,,,,,,1302.2609899590025,1302.2704475419887,1303.0051007919828,1303.0051007919828,1303.0051007919828,1303.0771053750068,1303.0771053750068,1303.0771053750068,1303.5247203339823,z,1.2487905420130119,None,1303.5248917090066,1303.5249431249977,None,,,,,,,,,,,,21040099,1,2026-01-08_12h24.15.625,tilt_mocs,2024.2.4,120.82547964695175,2026-01-08 12h24.34.223250 -0500,
2,0.0,,568,568,0,,,,,0,100,,,,,c+2,noss,0.5,z,0.9885014159954153,None,None,,,,,,,,,,,0,568,568,632,1303.5370004590077,,,,,,,,,,,,,,,,,,,,,,,,,,,,,,,,,,,,,,,,,,,,,,,,,,,,,,,,,,,,,,,,,,,,,,1303.5278005419823,1303.5370004590077,1304.0218509999977,1304.0218509999977,1304.0218509999977,1304.093981833983,1304.093981833983,1304.093981833983,1304.531093958998,z,0.9885014159954153,None,1304.5312139589805,1304.5312656250026,None,,,,,,,,,,,,21040099,1,2026-01-08_12h24.15.625,tilt_mocs,2024.2.4,120.82547964695175,2026-01-08 12h24.34.223250 -0500,
4,15.0,,569,569,0,,,,,100,0,,,,,c+4,poss,1.25,z,1.6367380830051843,None,None,,,,,,,,,,,0,569,569,162,1304.5416098749847,,,,,,,,,,,,,,,,,,,,,,,,,,,,,,,,,,,,,,,,,,,,,,,,,,,,,,,,,,,,,,,,,,,,,,1304.5335777919972,1304.5416098749847,1305.781710249983,1305.781710249983,1305.781710249983,1305.8556058749964,1305.8556058749964,1305.8556058749964,1306.1815383750072,z,1.6367380830051843,None,1306.1816699169867,1306.1817315419903,None,,,,,,,,,,,,21040099,1,2026-01-08_12h24.15.625,tilt_mocs,2024.2.4,120.82547964695175,2026-01-08 12h24.34.223250 -0500,
-4,0.0,,570,570,0,,,,,0,100,,,,,c-4,noss,1.25,z,1.7192222920130007,None,None,,,,,,,,,,,0,570,570,541,1306.1922211670026,,,,,,,,,,,,,,,,,,,,,,,,,,,,,,,,,,,,,,,,,,,,,,,,,,,,,,,,,,,,,,,,,,,,,,1306.1839798750007,1306.1922211670026,1307.4315804590005,1307.4315804590005,1307.4315804590005,1307.5058672089945,1307.5058672089945,1307.5058672089945,1307.9140498339839,z,1.7192222920130007,None,1307.9141844999976,1307.914236624987,None,,,,,,,,,,,,21040099,1,2026-01-08_12h24.15.625,tilt_mocs,2024.2.4,120.82547964695175,2026-01-08 12h24.34.223250 -0500,
4,15.0,,571,571,0,,,,,100,0,,,,,c+4,poss,0.75,period,1.4676287499896716,None,None,,,,,,,,,,,0,571,571,141,1307.925013,,,,,,,,,,,,,,,,,,,,,,,,,,,,,,,,,,,,,,,,,,,,,,,,,,,,,,,,,,,,,,,,,,,,,,1307.916196917009,1307.925013,1308.664975541993,1308.664975541993,1308.664975541993,1308.7394090000016,1308.7394090000016,1308.7394090000016,1309.3967377920053,period,1.4676287499896716,None,1309.3968638340011,1309.396915541991,None,,,,,,,,,,,,21040099,1,2026-01-08_12h24.15.625,tilt_mocs,2024.2.4,120.82547964695175,2026-01-08 12h24.34.223250 -0500,
2,0.0,,572,572,0,,,,,0,100,,,,,c+2,noss,0.75,period,1.3184951659932267,None,None,,,,,,,,,,,0,572,572,643,1309.4079645419843,,,,,,,,,,,,,,,,,,,,,,,,,,,,,,,,,,,,,,,,,,,,,,,,,,,,,,,,,,,,,,,,,,,,,,1309.398837249988,1309.4079645419843,1310.1482967089978,1310.1482967089978,1310.1482967089978,1310.2224633749865,1310.2224633749865,1310.2224633749865,1310.7311800839962,period,1.3184951659932267,None,1310.731309875002,1310.7313673339959,None,,,,,,,,,,,,21040099,1,2026-01-08_12h24.15.625,tilt_mocs,2024.2.4,120.82547964695175,2026-01-08 12h24.34.223250 -0500,
4,0.0,,573,573,0,,,,,0,100,,,,,c+4,noss,1.0,period,1.4365576669806615,None,None,,,,,,,,,,,0,573,573,695,1310.7420945419872,,,,,,,,,,,,,,,,,,,,,,,,,,,,,,,,,,,,,,,,,,,,,,,,,,,,,,,,,,,,,,,,,,,,,,1310.733851750003,1310.7420945419872,1311.731796499982,1311.731796499982,1311.731796499982,1311.8061916249862,1311.8061916249862,1311.8061916249862,1312.190056374995,period,1.4365576669806615,None,1312.190175124997,1312.190220999997,None,,,,,,,,,,,,21040099,1,2026-01-08_12h24.15.625,tilt_mocs,2024.2.4,120.82547964695175,2026-01-08 12h24.34.223250 -0500,
0,15.0,,574,574,0,,,,,100,0,,,,,c+0,poss,0.5,period,1.2178474589891266,None,None,,,,,,,,,,,0,574,574,49,1312.197299041989,,,,,,,,,,,,,,,,,,,,,,,,,,,,,,,,,,,,,,,,,,,,,,,,,,,,,,,,,,,,,,,,,,,,,,1312.1921729589812,1312.197299041989,1312.6813734169991,1312.6813734169991,1312.6813734169991,1312.7559647090093,1312.7559647090093,1312.7559647090093,1313.4256167499989,period,1.2178474589891266,None,1313.425769124995,1313.425829499989,None,,,,,,,,,,,,21040099,1,2026-01-08_12h24.15.625,tilt_mocs,2024.2.4,120.82547964695175,2026-01-08 12h24.34.223250 -0500,
0,15.0,,575,575,0,,,,,100,0,,,,,c+0,poss,0.75,z,1.2621174159867223,None,None,,,,,,,,,,,0,575,575,54,1313.4369149169943,,,,,,,,,,,,,,,,,,,,,,,,,,,,,,,,,,,,,,,,,,,,,,,,,,,,,,,,,,,,,,,,,,,,,,1313.4280527090013,1313.4369149169943,1314.1720702919993,1314.1720702919993,1314.1720702919993,1314.2443897500052,1314.2443897500052,1314.2443897500052,1314.7086862089927,z,1.2621174159867223,None,1314.7088424169924,1314.7089019590057,None,,,,,,,,,,,,21040099,1,2026-01-08_12h24.15.625,tilt_mocs,2024.2.4,120.82547964695175,2026-01-08 12h24.34.223250 -0500,
0,0.0,,576,576,0,,,,,0,100,,,,,c+0,noss,0.5,z,1.0726233329914976,None,None,,,,,,,,,,,0,576,576,595,1314.720440709003,,,,,,,,,,,,,,,,,,,,,,,,,,,,,,,,,,,,,,,,,,,,,,,,,,,,,,,,,,,,,,,,,,,,,,1314.7113028339809,1314.720440709003,1315.2045232919918,1315.2045232919918,1315.2045232919918,1315.277810917003,1315.277810917003,1315.277810917003,1315.7962754170003,z,1.0726233329914976,None,1315.7963719170075,1315.7964132500056,None,,,,,,,,,,,,21040099,1,2026-01-08_12h24.15.625,tilt_mocs,2024.2.4,120.82547964695175,2026-01-08 12h24.34.223250 -0500,
-2,-15.0,,577,577,0,,,,,100,0,,,,,c-2,negs,0.5,z,1.1176674579910468,None,None,,,,,,,,,,,0,577,577,387,1315.8079923749901,,,,,,,,,,,,,,,,,,,,,,,,,,,,,,,,,,,,,,,,,,,,,,,,,,,,,,,,,,,,,,,,,,,,,,1315.7983518749825,1315.8079923749901,1316.2882693749852,1316.2882693749852,1316.2882693749852,1316.3611669169914,1316.3611669169914,1316.3611669169914,1316.9311090419942,z,1.1176674579910468,None,1316.9312400000053,1316.9312965839927,None,,,,,,,,,,,,21040099,1,2026-01-08_12h24.15.625,tilt_mocs,2024.2.4,120.82547964695175,2026-01-08 12h24.34.223250 -0500,
0,15.0,,578,578,0,,,,,100,0,,,,,c+0,poss,0.5,z,1.0682600000000093,None,None,,,,,,,,,,,0,578,578,43,1316.942110709002,,,,,,,,,,,,,,,,,,,,,,,,,,,,,,,,,,,,,,,,,,,,,,,,,,,,,,,,,,,,,,,,,,,,,,1316.9337794169842,1316.942110709002,1317.432064875,1317.432064875,1317.432064875,1317.5061150839902,1317.5061150839902,1317.5061150839902,1318.0133172500064,z,1.0682600000000093,None,1318.0134417089866,1318.013494541985,None,,,,,,,,,,,,21040099,1,2026-01-08_12h24.15.625,tilt_mocs,2024.2.4,120.82547964695175,2026-01-08 12h24.34.223250 -0500,
8,15.0,,579,579,0,,,,,100,0,,,,,c+8,poss,1.0,z,1.4361308329971507,None,None,,,,,,,,,,,0,579,579,237,1318.024796334008,,,,,,,,,,,,,,,,,,,,,,,,,,,,,,,,,,,,,,,,,,,,,,,,,,,,,,,,,,,,,,,,,,,,,,1318.0157547919953,1318.024796334008,1319.0155120419804,1319.0155120419804,1319.0155120419804,1319.089762958989,1319.089762958989,1319.089762958989,1319.463447666989,z,1.4361308329971507,None,1319.4635526250058,1319.463595084002,None,,,,,,,,,,,,21040099,1,2026-01-08_12h24.15.625,tilt_mocs,2024.2.4,120.82547964695175,2026-01-08 12h24.34.223250 -0500,
2,15.0,,580,580,0,,,,,100,0,,,,,c+2,poss,1.0,z,1.487679166981252,None,None,,,,,,,,,,,0,580,580,109,1319.4750642919971,,,,,,,,,,,,,,,,,,,,,,,,,,,,,,,,,,,,,,,,,,,,,,,,,,,,,,,,,,,,,,,,,,,,,,1319.4655200419948,1319.4750642919971,1320.4651817090053,1320.4651817090053,1320.4651817090053,1320.5396186669823,1320.5396186669823,1320.5396186669823,1320.9657779999834,z,1.487679166981252,None,1320.9659108750056,1320.9659648749803,None,,,,,,,,,,,,21040099,1,2026-01-08_12h24.15.625,tilt_mocs,2024.2.4,120.82547964695175,2026-01-08 12h24.34.223250 -0500,
-8,-15.0,,581,581,0,,,,,100,0,,,,,c-8,negs,0.75,z,1.2889968750241678,None,None,,,,,,,,,,,0,581,581,267,1320.9762431669806,,,,,,,,,,,,,,,,,,,,,,,,,,,,,,,,,,,,,,,,,,,,,,,,,,,,,,,,,,,,,,,,,,,,,,1320.9679527090047,1320.9762431669806,1321.7156177919824,1321.7156177919824,1321.7156177919824,1321.7897100840055,1321.7897100840055,1321.7897100840055,1322.2753615840047,z,1.2889968750241678,None,1322.2755067090038,1322.2755609999876,None,,,,,,,,,,,,21040099,1,2026-01-08_12h24.15.625,tilt_mocs,2024.2.4,120.82547964695175,2026-01-08 12h24.34.223250 -0500,
-8,-15.0,,582,582,0,,,,,100,0,,,,,c-8,negs,1.25,z,1.7259972910105716,None,None,,,,,,,,,,,0,582,582,288,1322.287072084,,,,,,,,,,,,,,,,,,,,,,,,,,,,,,,,,,,,,,,,,,,,,,,,,,,,,,,,,,,,,,,,,,,,,,1322.2782005839981,1322.287072084,1323.5225328750093,1323.5225328750093,1323.5225328750093,1323.594930249994,1323.594930249994,1323.594930249994,1324.0251969590026,z,1.7259972910105716,None,1324.0253271249821,1324.0253802500083,None,,,,,,,,,,,,21040099,1,2026-01-08_12h24.15.625,tilt_mocs,2024.2.4,120.82547964695175,2026-01-08 12h24.34.223250 -0500,
8,15.0,,583,583,0,,,,,100,0,,,,,c+8,poss,1.25,z,1.8349035840074066,None,None,,,,,,,,,,,0,583,583,242,1324.0359266669839,,,,,,,,,,,,,,,,,,,,,,,,,,,,,,,,,,,,,,,,,,,,,,,,,,,,,,,,,,,,,,,,,,,,,,1324.0273515000008,1324.0359266669839,1325.2725977090013,1325.2725977090013,1325.2725977090013,1325.3444317499816,1325.3444317499816,1325.3444317499816,1325.8756042919995,z,1.8349035840074066,None,1325.8757313749811,1325.8757837500016,None,,,,,,,,,,,,21040099,1,2026-01-08_12h24.15.625,tilt_mocs,2024.2.4,120.82547964695175,2026-01-08 12h24.34.223250 -0500,
2,0.0,,584,584,0,,,,,0,100,,,,,c+2,noss,1.25,period,1.720383458014112,None,None,,,,,,,,,,,0,584,584,667,1325.8870352499944,,,,,,,,,,,,,,,,,,,,,,,,,,,,,,,,,,,,,,,,,,,,,,,,,,,,,,,,,,,,,,,,,,,,,,1325.878086874989,1325.8870352499944,1327.1225910839858,1327.1225910839858,1327.1225910839858,1327.195619334001,1327.195619334001,1327.195619334001,1327.620157583995,period,1.720383458014112,None,1327.6202579590026,1327.6203143750026,None,,,,,,,,,,,,21040099,1,2026-01-08_12h24.15.625,tilt_mocs,2024.2.4,120.82547964695175,2026-01-08 12h24.34.223250 -0500,
0,-15.0,,585,585,0,,,,,100,0,,,,,c+0,negs,1.25,period,1.7336426250112709,None,None,,,,,,,,,,,0,585,585,456,1327.627498041984,,,,,,,,,,,,,,,,,,,,,,,,,,,,,,,,,,,,,,,,,,,,,,,,,,,,,,,,,,,,,,,,,,,,,,1327.6223212500045,1327.627498041984,1328.865143959003,1328.865143959003,1328.865143959003,1328.939867292007,1328.939867292007,1328.939867292007,1329.3651841249957,period,1.7336426250112709,None,1329.365345291997,1329.365488624986,None,,,,,,,,,,,,21040099,1,2026-01-08_12h24.15.625,tilt_mocs,2024.2.4,120.82547964695175,2026-01-08 12h24.34.223250 -0500,
-2,-15.0,,586,586,0,,,,,100,0,,,,,c-2,negs,0.75,z,1.4530823749955744,None,None,,,,,,,,,,,0,586,586,392,1329.376341708994,,,,,,,,,,,,,,,,,,,,,,,,,,,,,,,,,,,,,,,,,,,,,,,,,,,,,,,,,,,,,,,,,,,,,,1329.3679224170046,1329.376341708994,1330.1155332089984,1330.1155332089984,1330.1155332089984,1330.1897207919974,1330.1897207919974,1330.1897207919974,1330.840873167006,z,1.4530823749955744,None,1330.8409798750072,1330.8410528340028,None,,,,,,,,,,,,21040099,1,2026-01-08_12h24.15.625,tilt_mocs,2024.2.4,120.82547964695175,2026-01-08 12h24.34.223250 -0500,
0,0.0,,587,587,0,,,,,0,100,,,,,c+0,noss,1.0,z,1.5195027499867138,None,None,,,,,,,,,,,0,587,587,614,1330.8480960000015,,,,,,,,,,,,,,,,,,,,,,,,,,,,,,,,,,,,,,,,,,,,,,,,,,,,,,,,,,,,,,,,,,,,,,1330.8429730839853,1330.8480960000015,1331.8394422089914,1331.8394422089914,1331.8394422089914,1331.912312208995,1331.912312208995,1331.912312208995,1332.3756362919812,z,1.5195027499867138,None,1332.3758522499993,1332.3759092089895,None,,,,,,,,,,,,21040099,1,2026-01-08_12h24.15.625,tilt_mocs,2024.2.4,120.82547964695175,2026-01-08 12h24.34.223250 -0500,
8,15.0,,588,588,0,,,,,100,0,,,,,c+8,poss,0.5,z,0.9420403749973048,None,None,,,,,,,,,,,0,588,588,216,1332.3875009999902,,,,,,,,,,,,,,,,,,,,,,,,,,,,,,,,,,,,,,,,,,,,,,,,,,,,,,,,,,,,,,,,,,,,,,1332.3785017089976,1332.3875009999902,1332.8728578340088,1332.8728578340088,1332.8728578340088,1332.9453153339855,1332.9453153339855,1332.9453153339855,1333.3422165419906,z,0.9420403749973048,None,1333.3423767919885,1333.342453166988,None,,,,,,,,,,,,21040099,1,2026-01-08_12h24.15.625,tilt_mocs,2024.2.4,120.82547964695175,2026-01-08 12h24.34.223250 -0500,
0,-15.0,,589,589,0,,,,,100,0,,,,,c+0,negs,0.5,z,1.0686685830005445,None,None,,,,,,,,,,,0,589,589,422,1333.3545088339888,,,,,,,,,,,,,,,,,,,,,,,,,,,,,,,,,,,,,,,,,,,,,,,,,,,,,,,,,,,,,,,,,,,,,,1333.3457899589848,1333.3545088339888,1333.8395524589869,1333.8395524589869,1333.8395524589869,1333.912481709005,1333.912481709005,1333.912481709005,1334.4258542919997,z,1.0686685830005445,None,1334.4260077920044,1334.4260654590034,None,,,,,,,,,,,,21040099,1,2026-01-08_12h24.15.625,tilt_mocs,2024.2.4,120.82547964695175,2026-01-08 12h24.34.223250 -0500,
-8,-15.0,,590,590,0,,,,,100,0,,,,,c-8,negs,0.5,z,0.9950048330065329,None,None,,,,,,,,,,,0,590,590,261,1334.4372020419978,,,,,,,,,,,,,,,,,,,,,,,,,,,,,,,,,,,,,,,,,,,,,,,,,,,,,,,,,,,,,,,,,,,,,,1334.428334333992,1334.4372020419978,1334.9228202090017,1334.9228202090017,1334.9228202090017,1334.9949658339901,1334.9949658339901,1334.9949658339901,1335.4425111669989,z,0.9950048330065329,None,1335.442667958996,1335.4427469589864,None,,,,,,,,,,,,21040099,1,2026-01-08_12h24.15.625,tilt_mocs,2024.2.4,120.82547964695175,2026-01-08 12h24.34.223250 -0500,
-2,15.0,,591,591,0,,,,,100,0,,,,,c-2,poss,1.0,z,1.4335043750179466,None,None,,,,,,,,,,,0,591,591,27,1335.4540828749887,,,,,,,,,,,,,,,,,,,,,,,,,,,,,,,,,,,,,,,,,,,,,,,,,,,,,,,,,,,,,,,,,,,,,,1335.4451968339854,1335.4540828749887,1336.4394892090058,1336.4394892090058,1336.4394892090058,1336.5106595839898,1336.5106595839898,1336.5106595839898,1336.8924376670038,z,1.4335043750179466,None,1336.8925429999945,1336.8925842499884,None,,,,,,,,,,,,21040099,1,2026-01-08_12h24.15.625,tilt_mocs,2024.2.4,120.82547964695175,2026-01-08 12h24.34.223250 -0500,
0,-15.0,,592,592,0,,,,,100,0,,,,,c+0,negs,0.75,period,1.3098815839912277,None,None,,,,,,,,,,,0,592,592,436,1336.903084666992,,,,,,,,,,,,,,,,,,,,,,,,,,,,,,,,,,,,,,,,,,,,,,,,,,,,,,,,,,,,,,,,,,,,,,1336.8945230419922,1336.903084666992,1337.6396712090063,1337.6396712090063,1337.6396712090063,1337.7124824589991,1337.7124824589991,1337.7124824589991,1338.2157744590077,period,1.3098815839912277,None,1338.2159147920029,1338.2159682089987,None,,,,,,,,,,,,21040099,1,2026-01-08_12h24.15.625,tilt_mocs,2024.2.4,120.82547964695175,2026-01-08 12h24.34.223250 -0500,
-2,15.0,,593,593,0,,,,,100,0,,,,,c-2,poss,0.5,z,0.9142595840094145,None,None,,,,,,,,,,,0,593,593,2,1338.2265967499989,,,,,,,,,,,,,,,,,,,,,,,,,,,,,,,,,,,,,,,,,,,,,,,,,,,,,,,,,,,,,,,,,,,,,,1338.218212250009,1338.2265967499989,1338.7153293750016,1338.7153293750016,1338.7153293750016,1338.790191667009,1338.790191667009,1338.790191667009,1339.1439452919876,z,0.9142595840094145,None,1339.1440964170033,1339.1441534170008,None,,,,,,,,,,,,21040099,1,2026-01-08_12h24.15.625,tilt_mocs,2024.2.4,120.82547964695175,2026-01-08 12h24.34.223250 -0500,
2,0.0,,594,594,0,,,,,0,100,,,,,c+2,noss,0.5,z,1.0583322910242714,None,None,,,,,,,,,,,0,594,594,631,1339.1553964999912,,,,,,,,,,,,,,,,,,,,,,,,,,,,,,,,,,,,,,,,,,,,,,,,,,,,,,,,,,,,,,,,,,,,,,1339.1466144169972,1339.1553964999912,1339.6397339169926,1339.6397339169926,1339.6397339169926,1339.7116217089933,1339.7116217089933,1339.7116217089933,1340.2260146669869,z,1.0583322910242714,None,1340.226164791995,1340.2262179999962,None,,,,,,,,,,,,21040099,1,2026-01-08_12h24.15.625,tilt_mocs,2024.2.4,120.82547964695175,2026-01-08 12h24.34.223250 -0500,
-8,-15.0,,595,595,0,,,,,100,0,,,,,c-8,negs,0.5,z,0.9762425420049112,None,None,,,,,,,,,,,0,595,595,255,1340.2383098749851,,,,,,,,,,,,,,,,,,,,,,,,,,,,,,,,,,,,,,,,,,,,,,,,,,,,,,,,,,,,,,,,,,,,,,1340.2293165419833,1340.2383098749851,1340.723011458991,1340.723011458991,1340.723011458991,1340.7953789999883,1340.7953789999883,1340.7953789999883,1341.2261779999826,z,0.9762425420049112,None,1341.2263383340032,1341.2263930419867,None,,,,,,,,,,,,21040099,1,2026-01-08_12h24.15.625,tilt_mocs,2024.2.4,120.82547964695175,2026-01-08 12h24.34.223250 -0500,
0,-15.0,,596,596,0,,,,,100,0,,,,,c+0,negs,0.75,period,1.3634030419925693,None,None,,,,,,,,,,,0,596,596,437,1341.2371126250073,,,,,,,,,,,,,,,,,,,,,,,,,,,,,,,,,,,,,,,,,,,,,,,,,,,,,,,,,,,,,,,,,,,,,,1341.2287331249972,1341.2371126250073,1341.9721839999838,1341.9721839999838,1341.9721839999838,1342.0451282919967,1342.0451282919967,1342.0451282919967,1342.6091040419997,period,1.3634030419925693,None,1342.609239042009,1342.6092913339962,None,,,,,,,,,,,,21040099,1,2026-01-08_12h24.15.625,tilt_mocs,2024.2.4,120.82547964695175,2026-01-08 12h24.34.223250 -0500,
-4,-15.0,,597,597,0,,,,,100,0,,,,,c-4,negs,1.25,z,1.721616291004466,None,None,,,,,,,,,,,0,597,597,370,1342.6203387499845,,,,,,,,,,,,,,,,,,,,,,,,,,,,,,,,,,,,,,,,,,,,,,,,,,,,,,,,,,,,,,,,,,,,,,1342.611763708992,1342.6203387499845,1343.856544749986,1343.856544749986,1343.856544749986,1343.9285368339915,1343.9285368339915,1343.9285368339915,1344.3485107499873,z,1.721616291004466,None,1344.3486071249936,1344.3486475840036,None,,,,,,,,,,,,21040099,1,2026-01-08_12h24.15.625,tilt_mocs,2024.2.4,120.82547964695175,2026-01-08 12h24.34.223250 -0500,
4,0.0,,598,598,0,,,,,0,100,,,,,c+4,noss,1.25,z,1.7604549160168972,None,None,,,,,,,,,,,0,598,598,704,1344.3594896669965,,,,,,,,,,,,,,,,,,,,,,,,,,,,,,,,,,,,,,,,,,,,,,,,,,,,,,,,,,,,,,,,,,,,,,1344.3506264169991,1344.3594896669965,1345.599843959004,1345.599843959004,1345.599843959004,1345.6739917499945,1345.6739917499945,1345.6739917499945,1346.1265787919983,z,1.7604549160168972,None,1346.126725292008,1346.1267819170025,None,,,,,,,,,,,,21040099,1,2026-01-08_12h24.15.625,tilt_mocs,2024.2.4,120.82547964695175,2026-01-08 12h24.34.223250 -0500,
0,0.0,,599,599,0,,,,,0,100,,,,,c+0,noss,1.0,z,1.4772018329822458,None,None,,,,,,,,,,,0,599,599,615,1346.1376473339915,,,,,,,,,,,,,,,,,,,,,,,,,,,,,,,,,,,,,,,,,,,,,,,,,,,,,,,,,,,,,,,,,,,,,,1346.12892495899,1346.1376473339915,1347.1233812090068,1347.1233812090068,1347.1233812090068,1347.1958869170048,1347.1958869170048,1347.1958869170048,1347.6260348339856,z,1.4772018329822458,None,1347.6261630840017,1347.6262145839864,None,,,,,,,,,,,,21040099,1,2026-01-08_12h24.15.625,tilt_mocs,2024.2.4,120.82547964695175,2026-01-08 12h24.34.223250 -0500,
2,0.0,,600,600,0,,,,,0,100,,,,,c+2,noss,1.25,z,1.8036956249852665,None,None,,,,,,,,,,,0,600,600,663,1347.6372088339995,,,,,,,,,,,,,,,,,,,,,,,,,,,,,,,,,,,,,,,,,,,,,,,,,,,,,,,,,,,,,,,,,,,,,,1347.6286427500017,1347.6372088339995,1348.8735076669836,1348.8735076669836,1348.8735076669836,1348.9454591249814,1348.9454591249814,1348.9454591249814,1349.4438934999926,z,1.8036956249852665,None,1349.4440234169888,1349.4440778339922,None,,,,,,,,,,,,21040099,1,2026-01-08_12h24.15.625,tilt_mocs,2024.2.4,120.82547964695175,2026-01-08 12h24.34.223250 -0500,
-2,0.0,,601,601,0,,,,,0,100,,,,,c-2,noss,1.0,z,1.5000717910006642,None,None,,,,,,,,,,,0,601,601,577,1349.4551322920015,,,,,,,,,,,,,,,,,,,,,,,,,,,,,,,,,,,,,,,,,,,,,,,,,,,,,,,,,,,,,,,,,,,,,,1349.446234834002,1349.4551322920015,1350.4400046250084,1350.4400046250084,1350.4400046250084,1350.5119357919903,1350.5119357919903,1350.5119357919903,1350.9596672499902,z,1.5000717910006642,None,1350.9597966669826,1350.9598506669863,None,,,,,,,,,,,,21040099,1,2026-01-08_12h24.15.625,tilt_mocs,2024.2.4,120.82547964695175,2026-01-08 12h24.34.223250 -0500,
0,15.0,,602,602,0,,,,,100,0,,,,,c+0,poss,1.25,z,1.6970353329961654,None,None,,,,,,,,,,,0,602,602,81,1350.970967000001,,,,,,,,,,,,,,,,,,,,,,,,,,,,,,,,,,,,,,,,,,,,,,,,,,,,,,,,,,,,,,,,,,,,,,1350.9622646250064,1350.970967000001,1352.206754416984,1352.206754416984,1352.206754416984,1352.279119874991,1352.279119874991,1352.279119874991,1352.6763172500068,z,1.6970353329961654,None,1352.676447167003,1352.6765010420058,None,,,,,,,,,,,,21040099,1,2026-01-08_12h24.15.625,tilt_mocs,2024.2.4,120.82547964695175,2026-01-08 12h24.34.223250 -0500,
-4,0.0,,603,603,0,,,,,0,100,,,,,c-4,noss,1.0,z,1.4479555419820827,None,None,,,,,,,,,,,0,603,603,534,1352.6872201669903,,,,,,,,,,,,,,,,,,,,,,,,,,,,,,,,,,,,,,,,,,,,,,,,,,,,,,,,,,,,,,,,,,,,,,1352.678587167,1352.6872201669903,1353.6734323749843,1353.6734323749843,1353.6734323749843,1353.7457740840036,1353.7457740840036,1353.7457740840036,1354.1435139169917,z,1.4479555419820827,None,1354.1436738339835,1354.1437323749997,None,,,,,,,,,,,,21040099,1,2026-01-08_12h24.15.625,tilt_mocs,2024.2.4,120.82547964695175,2026-01-08 12h24.34.223250 -0500,
0,0.0,,604,604,0,,,,,0,100,,,,,c+0,noss,0.75,z,1.1612285409937613,None,None,,,,,,,,,,,0,604,604,600,1354.1551024999935,,,,,,,,,,,,,,,,,,,,,,,,,,,,,,,,,,,,,,,,,,,,,,,,,,,,,,,,,,,,,,,,,,,,,,1354.1461382090056,1354.1551024999935,1354.8901737499982,1354.8901737499982,1354.8901737499982,1354.9622723750072,1354.9622723750072,1354.9622723750072,1355.3270812089904,z,1.1612285409937613,None,1355.3272299999953,1355.327285709005,None,,,,,,,,,,,,21040099,1,2026-01-08_12h24.15.625,tilt_mocs,2024.2.4,120.82547964695175,2026-01-08 12h24.34.223250 -0500,
4,0.0,,605,605,0,,,,,0,100,,,,,c+4,noss,1.0,z,1.5727831670083106,None,None,,,,,,,,,,,0,605,605,700,1355.3387999589904,,,,,,,,,,,,,,,,,,,,,,,,,,,,,,,,,,,,,,,,,,,,,,,,,,,,,,,,,,,,,,,,,,,,,,1355.3295504589914,1355.3387999589904,1356.3235772500047,1356.3235772500047,1356.3235772500047,1356.3958992089902,1356.3958992089902,1356.3958992089902,1356.9163032500073,z,1.5727831670083106,None,1356.9164247500012,1356.9164942089992,None,,,,,,,,,,,,21040099,1,2026-01-08_12h24.15.625,tilt_mocs,2024.2.4,120.82547964695175,2026-01-08 12h24.34.223250 -0500,
-8,-15.0,,606,606,0,,,,,100,0,,,,,c-8,negs,1.0,z,1.4646668329951353,None,None,,,,,,,,,,,0,606,606,281,1356.9268364589952,,,,,,,,,,,,,,,,,,,,,,,,,,,,,,,,,,,,,,,,,,,,,,,,,,,,,,,,,,,,,,,,,,,,,,1356.918717249995,1356.9268364589952,1357.9170326250023,1357.9170326250023,1357.9170326250023,1357.9908701249806,1357.9908701249806,1357.9908701249806,1358.3945438750088,z,1.4646668329951353,None,1358.3946910419909,1358.3947451669956,None,,,,,,,,,,,,21040099,1,2026-01-08_12h24.15.625,tilt_mocs,2024.2.4,120.82547964695175,2026-01-08 12h24.34.223250 -0500,
-6,-15.0,,607,607,0,,,,,100,0,,,,,c-6,negs,1.0,z,1.5449331249983516,None,None,,,,,,,,,,,0,607,607,318,1358.4056172090059,,,,,,,,,,,,,,,,,,,,,,,,,,,,,,,,,,,,,,,,,,,,,,,,,,,,,,,,,,,,,,,,,,,,,,1358.39683516699,1358.4056172090059,1359.3904641249974,1359.3904641249974,1359.3904641249974,1359.4617472089885,1359.4617472089885,1359.4617472089885,1359.960377874988,z,1.5449331249983516,None,1359.9605397499981,1359.960609583999,None,,,,,,,,,,,,21040099,1,2026-01-08_12h24.15.625,tilt_mocs,2024.2.4,120.82547964695175,2026-01-08 12h24.34.223250 -0500,
0,-15.0,,608,608,0,,,,,100,0,,,,,c+0,negs,1.25,period,1.7956712910090573,None,None,,,,,,,,,,,0,608,608,459,1359.9720215839916,,,,,,,,,,,,,,,,,,,,,,,,,,,,,,,,,,,,,,,,,,,,,,,,,,,,,,,,,,,,,,,,,,,,,,1359.9629479169962,1359.9720215839916,1361.207130416995,1361.207130416995,1361.207130416995,1361.278795374994,1361.278795374994,1361.278795374994,1361.7765964169812,period,1.7956712910090573,None,1361.7767580839864,1361.7768128339958,None,,,,,,,,,,,,21040099,1,2026-01-08_12h24.15.625,tilt_mocs,2024.2.4,120.82547964695175,2026-01-08 12h24.34.223250 -0500,
6,15.0,,609,609,0,,,,,100,0,,,,,c+6,poss,1.0,period,1.4699312500015367,None,None,,,,,,,,,,,0,609,609,196,1361.7888257919985,,,,,,,,,,,,,,,,,,,,,,,,,,,,,,,,,,,,,,,,,,,,,,,,,,,,,,,,,,,,,,,,,,,,,,1361.7795760839945,1361.7888257919985,1362.773835,1362.773835,1362.773835,1362.8460963749967,1362.8460963749967,1362.8460963749967,1363.27070808399,period,1.4699312500015367,None,1363.2708048750064,1363.2708454589883,None,,,,,,,,,,,,21040099,1,2026-01-08_12h24.15.625,tilt_mocs,2024.2.4,120.82547964695175,2026-01-08 12h24.34.223250 -0500,
-8,-15.0,,610,610,0,,,,,100,0,,,,,c-8,negs,1.0,z,1.4417968339985237,None,None,,,,,,,,,,,0,610,610,283,1363.277187959,,,,,,,,,,,,,,,,,,,,,,,,,,,,,,,,,,,,,,,,,,,,,,,,,,,,,,,,,,,,,,,,,,,,,,1363.27281408399,1363.277187959,1364.2667672919924,1364.2667672919924,1364.2667672919924,1364.3411127919971,1364.3411127919971,1364.3411127919971,1364.7267788339814,z,1.4417968339985237,None,1364.727022417006,1364.727135833993,None,,,,,,,,,,,,21040099,1,2026-01-08_12h24.15.625,tilt_mocs,2024.2.4,120.82547964695175,2026-01-08 12h24.34.223250 -0500,
0,15.0,,611,611,0,,,,,100,0,,,,,c+0,poss,0.5,z,1.0590104580041952,None,None,,,,,,,,,,,0,611,611,42,1364.7389233339927,,,,,,,,,,,,,,,,,,,,,,,,,,,,,,,,,,,,,,,,,,,,,,,,,,,,,,,,,,,,,,,,,,,,,,1364.7296573749918,1364.7389233339927,1365.2239627919917,1365.2239627919917,1365.2239627919917,1365.2959594999847,1365.2959594999847,1365.2959594999847,1365.8006511249987,z,1.0590104580041952,None,1365.8008117919962,1365.800865208992,None,,,,,,,,,,,,21040099,1,2026-01-08_12h24.15.625,tilt_mocs,2024.2.4,120.82547964695175,2026-01-08 12h24.34.223250 -0500,
0,-15.0,,612,612,0,,,,,100,0,,,,,c+0,negs,1.0,period,1.530593208008213,None,None,,,,,,,,,,,0,612,612,450,1365.8114517499926,,,,,,,,,,,,,,,,,,,,,,,,,,,,,,,,,,,,,,,,,,,,,,,,,,,,,,,,,,,,,,,,,,,,,,1365.8033517499862,1365.8114517499926,1366.7986380420043,1366.7986380420043,1366.7986380420043,1366.874633667001,1366.874633667001,1366.874633667001,1367.353447166999,period,1.530593208008213,None,1367.3535507089982,1367.3535996669962,None,,,,,,,,,,,,21040099,1,2026-01-08_12h24.15.625,tilt_mocs,2024.2.4,120.82547964695175,2026-01-08 12h24.34.223250 -0500,
2,15.0,,613,613,0,,,,,100,0,,,,,c+2,poss,0.5,z,0.9404957499937154,None,None,,,,,,,,,,,0,613,613,90,1367.3601564169803,,,,,,,,,,,,,,,,,,,,,,,,,,,,,,,,,,,,,,,,,,,,,,,,,,,,,,,,,,,,,,,,,,,,,,1367.355552958994,1367.3601564169803,1367.8509248339979,1367.8509248339979,1367.8509248339979,1367.9246226249961,1367.9246226249961,1367.9246226249961,1368.3105297090078,z,0.9404957499937154,None,1368.310667999991,1368.3107212919858,None,,,,,,,,,,,,21040099,1,2026-01-08_12h24.15.625,tilt_mocs,2024.2.4,120.82547964695175,2026-01-08 12h24.34.223250 -0500,
-4,0.0,,614,614,0,,,,,0,100,,,,,c-4,noss,0.5,z,0.9370214999944437,None,None,,,,,,,,,,,0,614,614,510,1368.3218794169952,,,,,,,,,,,,,,,,,,,,,,,,,,,,,,,,,,,,,,,,,,,,,,,,,,,,,,,,,,,,,,,,,,,,,,1368.3131070839881,1368.3218794169952,1368.8073908340011,1368.8073908340011,1368.8073908340011,1368.880519792001,1368.880519792001,1368.880519792001,1369.2651179999812,z,0.9370214999944437,None,1369.2652182499878,1369.2652592920058,None,,,,,,,,,,,,21040099,1,2026-01-08_12h24.15.625,tilt_mocs,2024.2.4,120.82547964695175,2026-01-08 12h24.34.223250 -0500,
0,0.0,,615,615,0,,,,,0,100,,,,,c+0,noss,0.5,z,1.3058875830029137,None,None,,,,,,,,,,,0,615,615,598,1369.276225916983,,,,,,,,,,,,,,,,,,,,,,,,,,,,,,,,,,,,,,,,,,,,,,,,,,,,,,,,,,,,,,,,,,,,,,1369.2671957919956,1369.276225916983,1369.7575513749907,1369.7575513749907,1369.7575513749907,1369.8297178339853,1369.8297178339853,1369.8297178339853,1370.5935343339806,z,1.3058875830029137,None,1370.5937289169815,1370.5938594589825,None,,,,,,,,,,,,21040099,1,2026-01-08_12h24.15.625,tilt_mocs,2024.2.4,120.82547964695175,2026-01-08 12h24.34.223250 -0500,
-2,0.0,,616,616,0,,,,,0,100,,,,,c-2,noss,1.0,z,1.4751396250212565,None,None,,,,,,,,,,,0,616,616,568,1370.605129375006,,,,,,,,,,,,,,,,,,,,,,,,,,,,,,,,,,,,,,,,,,,,,,,,,,,,,,,,,,,,,,,,,,,,,,1370.5962965000072,1370.605129375006,1371.5908962920075,1371.5908962920075,1371.5908962920075,1371.6637190420006,1371.6637190420006,1371.6637190420006,1372.0831035419833,z,1.4751396250212565,None,1372.083235750004,1372.083288083988,None,,,,,,,,,,,,21040099,1,2026-01-08_12h24.15.625,tilt_mocs,2024.2.4,120.82547964695175,2026-01-08 12h24.34.223250 -0500,
2,15.0,,617,617,0,,,,,100,0,,,,,c+2,poss,0.5,z,1.0142092919850256,None,None,,,,,,,,,,,0,617,617,92,1372.0940570420062,,,,,,,,,,,,,,,,,,,,,,,,,,,,,,,,,,,,,,,,,,,,,,,,,,,,,,,,,,,,,,,,,,,,,,1372.0853662919835,1372.0940570420062,1372.5839302919921,1372.5839302919921,1372.5839302919921,1372.6580455419898,1372.6580455419898,1372.6580455419898,1373.1110447089886,z,1.0142092919850256,None,1373.1112484170008,1373.1113973339961,None,,,,,,,,,,,,21040099,1,2026-01-08_12h24.15.625,tilt_mocs,2024.2.4,120.82547964695175,2026-01-08 12h24.34.223250 -0500,
0,0.0,,618,618,0,,,,,0,100,,,,,c+0,noss,1.0,z,1.4431200420076493,None,None,,,,,,,,,,,0,618,618,613,1373.1231549170043,,,,,,,,,,,,,,,,,,,,,,,,,,,,,,,,,,,,,,,,,,,,,,,,,,,,,,,,,,,,,,,,,,,,,,1373.1138729169907,1373.1231549170043,1374.1075506249908,1374.1075506249908,1374.1075506249908,1374.1807533749961,1374.1807533749961,1374.1807533749961,1374.5771825420088,z,1.4431200420076493,None,1374.5773474589805,1374.577404584008,None,,,,,,,,,,,,21040099,1,2026-01-08_12h24.15.625,tilt_mocs,2024.2.4,120.82547964695175,2026-01-08 12h24.34.223250 -0500,
-4,-15.0,,619,619,0,,,,,100,0,,,,,c-4,negs,0.75,z,1.1385177909978665,None,None,,,,,,,,,,,0,619,619,347,1374.5892001249886,,,,,,,,,,,,,,,,,,,,,,,,,,,,,,,,,,,,,,,,,,,,,,,,,,,,,,,,,,,,,,,,,,,,,,1374.580451041984,1374.5892001249886,1375.3233855419967,1375.3233855419967,1375.3233855419967,1375.3964940840087,1375.3964940840087,1375.3964940840087,1375.7335654589988,z,1.1385177909978665,None,1375.733685833984,1375.7337362919934,None,,,,,,,,,,,,21040099,1,2026-01-08_12h24.15.625,tilt_mocs,2024.2.4,120.82547964695175,2026-01-08 12h24.34.223250 -0500,
2,-15.0,,620,620,0,,,,,100,0,,,,,c+2,negs,0.5,period,1.0394499590038322,None,None,,,,,,,,,,,0,620,620,472,1375.7441805840062,,,,,,,,,,,,,,,,,,,,,,,,,,,,,,,,,,,,,,,,,,,,,,,,,,,,,,,,,,,,,,,,,,,,,,1375.736095291999,1375.7441805840062,1376.234306917002,1376.234306917002,1376.234306917002,1376.308254167001,1376.308254167001,1376.308254167001,1376.7937444999989,period,1.0394499590038322,None,1376.7938762919803,1376.7939309589856,None,,,,,,,,,,,,21040099,1,2026-01-08_12h24.15.625,tilt_mocs,2024.2.4,120.82547964695175,2026-01-08 12h24.34.223250 -0500,
-4,-15.0,,621,621,0,,,,,100,0,,,,,c-4,negs,0.75,z,1.0916516249999404,None,None,,,,,,,,,,,0,621,621,353,1376.804752750002,,,,,,,,,,,,,,,,,,,,,,,,,,,,,,,,,,,,,,,,,,,,,,,,,,,,,,,,,,,,,,,,,,,,,,1376.7964202919975,1376.804752750002,1377.541024999984,1377.541024999984,1377.541024999984,1377.6134968340048,1377.6134968340048,1377.6134968340048,1377.8996741249866,z,1.0916516249999404,None,1377.8997968339827,1377.899848000001,None,,,,,,,,,,,,21040099,1,2026-01-08_12h24.15.625,tilt_mocs,2024.2.4,120.82547964695175,2026-01-08 12h24.34.223250 -0500,
-2,0.0,,622,622,0,,,,,0,100,,,,,c-2,noss,0.5,z,1.026956916990457,None,None,,,,,,,,,,,0,622,622,553,1377.9107559169934,,,,,,,,,,,,,,,,,,,,,,,,,,,,,,,,,,,,,,,,,,,,,,,,,,,,,,,,,,,,,,,,,,,,,,1377.9021820419875,1377.9107559169934,1378.400334542006,1378.400334542006,1378.400334542006,1378.4750037500053,1378.4750037500053,1378.4750037500053,1378.9443132919841,z,1.026956916990457,None,1378.9445663749939,1378.9446466669906,None,,,,,,,,,,,,21040099,1,2026-01-08_12h24.15.625,tilt_mocs,2024.2.4,120.82547964695175,2026-01-08 12h24.34.223250 -0500,
2,15.0,,623,623,0,,,,,100,0,,,,,c+2,poss,1.0,z,1.5077200410014484,None,None,,,,,,,,,,,0,623,623,113,1378.956508000003,,,,,,,,,,,,,,,,,,,,,,,,,,,,,,,,,,,,,,,,,,,,,,,,,,,,,,,,,,,,,,,,,,,,,,1378.9473216669867,1378.956508000003,1379.9413173339854,1379.9413173339854,1379.9413173339854,1380.0129559999914,1380.0129559999914,1380.0129559999914,1380.4666886669875,z,1.5077200410014484,None,1380.4667960419902,1380.4668519170082,None,,,,,,,,,,,,21040099,1,2026-01-08_12h24.15.625,tilt_mocs,2024.2.4,120.82547964695175,2026-01-08 12h24.34.223250 -0500,
8,15.0,,624,624,0,,,,,100,0,,,,,c+8,poss,0.75,z,1.148105083993869,None,None,,,,,,,,,,,0,624,624,221,1380.477507042,,,,,,,,,,,,,,,,,,,,,,,,,,,,,,,,,,,,,,,,,,,,,,,,,,,,,,,,,,,,,,,,,,,,,,1380.4688158339995,1380.477507042,1381.2175329589809,1381.2175329589809,1381.2175329589809,1381.2916782499815,1381.2916782499815,1381.2916782499815,1381.6282845840033,z,1.148105083993869,None,1381.6285113339836,1381.6286139590084,None,,,,,,,,,,,,21040099,1,2026-01-08_12h24.15.625,tilt_mocs,2024.2.4,120.82547964695175,2026-01-08 12h24.34.223250 -0500,
-4,0.0,,625,625,0,,,,,0,100,,,,,c-4,noss,1.0,z,1.4589140840107575,None,None,,,,,,,,,,,0,625,625,531,1381.6403684999968,,,,,,,,,,,,,,,,,,,,,,,,,,,,,,,,,,,,,,,,,,,,,,,,,,,,,,,,,,,,,,,,,,,,,,1381.6311798339884,1381.6403684999968,1382.6245121670072,1382.6245121670072,1382.6245121670072,1382.6978398339998,1382.6978398339998,1382.6978398339998,1383.1105565000034,z,1.4589140840107575,None,1383.1106869590003,1383.1107396669977,None,,,,,,,,,,,,21040099,1,2026-01-08_12h24.15.625,tilt_mocs,2024.2.4,120.82547964695175,2026-01-08 12h24.34.223250 -0500,
2,15.0,,626,626,0,,,,,100,0,,,,,c+2,poss,1.25,z,1.6781825830112211,None,None,,,,,,,,,,,0,626,626,124,1383.121754791995,,,,,,,,,,,,,,,,,,,,,,,,,,,,,,,,,,,,,,,,,,,,,,,,,,,,,,,,,,,,,,,,,,,,,,1383.1129659590079,1383.121754791995,1384.3574708749948,1384.3574708749948,1384.3574708749948,1384.430968583998,1384.430968583998,1384.430968583998,1384.810696333996,z,1.6781825830112211,None,1384.8108458339993,1384.8109014589863,None,,,,,,,,,,,,21040099,1,2026-01-08_12h24.15.625,tilt_mocs,2024.2.4,120.82547964695175,2026-01-08 12h24.34.223250 -0500,
0,0.0,,627,627,0,,,,,0,100,,,,,c+0,noss,1.25,z,1.7024379590002354,None,None,,,,,,,,,,,0,627,627,629,1384.8227977500064,,,,,,,,,,,,,,,,,,,,,,,,,,,,,,,,,,,,,,,,,,,,,,,,,,,,,,,,,,,,,,,,,,,,,,1384.8138192089973,1384.8227977500064,1386.058026416984,1386.058026416984,1386.058026416984,1386.1312502920046,1386.1312502920046,1386.1312502920046,1386.5282533749996,z,1.7024379590002354,None,1386.5283897499903,1386.528443624993,None,,,,,,,,,,,,21040099,1,2026-01-08_12h24.15.625,tilt_mocs,2024.2.4,120.82547964695175,2026-01-08 12h24.34.223250 -0500,
2,0.0,,628,628,0,,,,,0,100,,,,,c+2,noss,1.25,z,1.6525173329864629,None,None,,,,,,,,,,,0,628,628,665,1386.5394682500046,,,,,,,,,,,,,,,,,,,,,,,,,,,,,,,,,,,,,,,,,,,,,,,,,,,,,,,,,,,,,,,,,,,,,,1386.5307400419842,1386.5394682500046,1387.774634375004,1387.774634375004,1387.774634375004,1387.846860583988,1387.846860583988,1387.846860583988,1388.194649833982,z,1.6525173329864629,None,1388.194815499999,1388.1948726249975,None,,,,,,,,,,,,21040099,1,2026-01-08_12h24.15.625,tilt_mocs,2024.2.4,120.82547964695175,2026-01-08 12h24.34.223250 -0500,
-2,15.0,,629,629,0,,,,,100,0,,,,,c-2,poss,0.75,z,1.142392791021848,None,None,,,,,,,,,,,0,629,629,18,1388.2069028340047,,,,,,,,,,,,,,,,,,,,,,,,,,,,,,,,,,,,,,,,,,,,,,,,,,,,,,,,,,,,,,,,,,,,,,1388.1976709169976,1388.2069028340047,1388.9413894999889,1388.9413894999889,1388.9413894999889,1389.0137814169866,1389.0137814169866,1389.0137814169866,1389.3615139999893,z,1.142392791021848,None,1389.3616570000013,1389.361712583981,None,,,,,,,,,,,,21040099,1,2026-01-08_12h24.15.625,tilt_mocs,2024.2.4,120.82547964695175,2026-01-08 12h24.34.223250 -0500,
0,15.0,,630,630,0,,,,,100,0,,,,,c+0,poss,0.5,z,0.9699570830271114,None,None,,,,,,,,,,,0,630,630,45,1389.372632166982,,,,,,,,,,,,,,,,,,,,,,,,,,,,,,,,,,,,,,,,,,,,,,,,,,,,,,,,,,,,,,,,,,,,,,1389.363857666991,1389.372632166982,1389.8581261250074,1389.8581261250074,1389.8581261250074,1389.9303901669919,1389.9303901669919,1389.9303901669919,1390.3457479169883,z,0.9699570830271114,None,1390.3458874170028,1390.3459417090053,None,,,,,,,,,,,,21040099,1,2026-01-08_12h24.15.625,tilt_mocs,2024.2.4,120.82547964695175,2026-01-08 12h24.34.223250 -0500,
-4,0.0,,631,631,0,,,,,0,100,,,,,c-4,noss,1.25,z,1.7184714160102885,None,None,,,,,,,,,,,0,631,631,537,1390.3568247919902,,,,,,,,,,,,,,,,,,,,,,,,,,,,,,,,,,,,,,,,,,,,,,,,,,,,,,,,,,,,,,,,,,,,,,1390.348119125003,1390.3568247919902,1391.5915630839881,1391.5915630839881,1391.5915630839881,1391.6637921250076,1391.6637921250076,1391.6637921250076,1392.0779674589867,z,1.7184714160102885,None,1392.0781751250033,1392.078277083987,None,,,,,,,,,,,,21040099,1,2026-01-08_12h24.15.625,tilt_mocs,2024.2.4,120.82547964695175,2026-01-08 12h24.34.223250 -0500,
-2,15.0,,632,632,0,,,,,100,0,,,,,c-2,poss,1.25,z,1.7541675409884192,None,None,,,,,,,,,,,0,632,632,39,1392.0896429590066,,,,,,,,,,,,,,,,,,,,,,,,,,,,,,,,,,,,,,,,,,,,,,,,,,,,,,,,,,,,,,,,,,,,,,1392.0808161250025,1392.0896429590066,1393.3249077920045,1393.3249077920045,1393.3249077920045,1393.3976527919876,1393.3976527919876,1393.3976527919876,1393.8503844589868,z,1.7541675409884192,None,1393.850512709003,1393.8505653339962,None,,,,,,,,,,,,21040099,1,2026-01-08_12h24.15.625,tilt_mocs,2024.2.4,120.82547964695175,2026-01-08 12h24.34.223250 -0500,
2,0.0,,633,633,0,,,,,0,100,,,,,c+2,noss,0.5,z,1.04740758400294,None,None,,,,,,,,,,,0,633,633,640,1393.861276999989,,,,,,,,,,,,,,,,,,,,,,,,,,,,,,,,,,,,,,,,,,,,,,,,,,,,,,,,,,,,,,,,,,,,,,1393.8529684999958,1393.861276999989,1394.3515396669973,1394.3515396669973,1394.3515396669973,1394.4254450839944,1394.4254450839944,1394.4254450839944,1394.9115866670036,z,1.04740758400294,None,1394.9117146669887,1394.9117695000023,None,,,,,,,,,,,,21040099,1,2026-01-08_12h24.15.625,tilt_mocs,2024.2.4,120.82547964695175,2026-01-08 12h24.34.223250 -0500,
4,0.0,,634,634,0,,,,,0,100,,,,,c+4,noss,0.75,period,1.3553324999811593,None,None,,,,,,,,,,,0,634,634,685,1394.9229032089934,,,,,,,,,,,,,,,,,,,,,,,,,,,,,,,,,,,,,,,,,,,,,,,,,,,,,,,,,,,,,,,,,,,,,,1394.9138717919996,1394.9229032089934,1395.6582472499867,1395.6582472499867,1395.6582472499867,1395.7311957920028,1395.7311957920028,1395.7311957920028,1396.282478042005,period,1.3553324999811593,None,1396.2825737090025,1396.2826143339917,None,,,,,,,,,,,,21040099,1,2026-01-08_12h24.15.625,tilt_mocs,2024.2.4,120.82547964695175,2026-01-08 12h24.34.223250 -0500,
-6,-15.0,,635,635,0,,,,,100,0,,,,,c-6,negs,0.5,z,0.884353250003187,None,None,,,,,,,,,,,0,635,635,297,1396.2936997920042,,,,,,,,,,,,,,,,,,,,,,,,,,,,,,,,,,,,,,,,,,,,,,,,,,,,,,,,,,,,,,,,,,,,,,1396.2845345420064,1396.2936997920042,1396.7848417499918,1396.7848417499918,1396.7848417499918,1396.8588469589886,1396.8588469589886,1396.8588469589886,1397.183385374985,z,0.884353250003187,None,1397.1835284169938,1397.1835798340035,None,,,,,,,,,,,,21040099,1,2026-01-08_12h24.15.625,tilt_mocs,2024.2.4,120.82547964695175,2026-01-08 12h24.34.223250 -0500,
0,-15.0,,636,636,0,,,,,100,0,,,,,c+0,negs,1.0,period,1.602496917010285,None,None,,,,,,,,,,,0,636,636,446,1397.1946597500064,,,,,,,,,,,,,,,,,,,,,,,,,,,,,,,,,,,,,,,,,,,,,,,,,,,,,,,,,,,,,,,,,,,,,,1397.1856399590033,1397.1946597500064,1398.185080833995,1398.185080833995,1398.185080833995,1398.2589332089992,1398.2589332089992,1398.2589332089992,1398.8008787499857,period,1.602496917010285,None,1398.8010134589858,1398.8010688750073,None,,,,,,,,,,,,21040099,1,2026-01-08_12h24.15.625,tilt_mocs,2024.2.4,120.82547964695175,2026-01-08 12h24.34.223250 -0500,
2,15.0,,637,637,0,,,,,100,0,,,,,c+2,poss,0.75,z,1.2153524590248708,None,None,,,,,,,,,,,0,637,637,100,1398.8112601249886,,,,,,,,,,,,,,,,,,,,,,,,,,,,,,,,,,,,,,,,,,,,,,,,,,,,,,,,,,,,,,,,,,,,,,1398.8030710839957,1398.8112601249886,1399.5515962500067,1399.5515962500067,1399.5515962500067,1399.6255748340045,1399.6255748340045,1399.6255748340045,1400.0388837500068,z,1.2153524590248708,None,1400.0389864169993,1400.0390301249863,None,,,,,,,,,,,,21040099,1,2026-01-08_12h24.15.625,tilt_mocs,2024.2.4,120.82547964695175,2026-01-08 12h24.34.223250 -0500,
6,15.0,,638,638,0,,,,,100,0,,,,,c+6,poss,1.0,z,1.7568998750066385,None,None,,,,,,,,,,,0,638,638,190,1400.045451916987,,,,,,,,,,,,,,,,,,,,,,,,,,,,,,,,,,,,,,,,,,,,,,,,,,,,,,,,,,,,,,,,,,,,,,1400.040984249994,1400.045451916987,1401.035204041982,1401.035204041982,1401.035204041982,1401.1090074999956,1401.1090074999956,1401.1090074999956,1401.8115342920064,z,1.7568998750066385,None,1401.8117032090086,1401.8117614999937,None,,,,,,,,,,,,21040099,1,2026-01-08_12h24.15.625,tilt_mocs,2024.2.4,120.82547964695175,2026-01-08 12h24.34.223250 -0500,
-2,0.0,,639,639,0,,,,,0,100,,,,,c-2,noss,0.75,z,1.2553401670011226,None,None,,,,,,,,,,,0,639,639,557,1401.8238555839926,,,,,,,,,,,,,,,,,,,,,,,,,,,,,,,,,,,,,,,,,,,,,,,,,,,,,,,,,,,,,,,,,,,,,,1401.8144138339849,1401.8238555839926,1402.5585343749844,1402.5585343749844,1402.5585343749844,1402.6312377919967,1402.6312377919967,1402.6312377919967,1403.0828610000026,z,1.2553401670011226,None,1403.0829015419877,1403.0829162499867,None,,,,,,,,,,,,21040099,1,2026-01-08_12h24.15.625,tilt_mocs,2024.2.4,120.82547964695175,2026-01-08 12h24.34.223250 -0500,
-6,-15.0,,640,640,0,,,,,100,0,,,,,c-6,negs,0.5,period,1.0855481670005247,None,None,,,,,,,,,,,0,640,640,301,1403.0917814169952,,,,,,,,,,,,,,,,,,,,,,,,,,,,,,,,,,,,,,,,,,,,,,,,,,,,,,,,,,,,,,,,,,,,,,1403.083612708986,1403.0917814169952,1403.5836681250075,1403.5836681250075,1403.5836681250075,1403.6595306250092,1403.6595306250092,1403.6595306250092,1404.1834039999812,period,1.0855481670005247,None,1404.1835516669962,1404.183615041984,None,,,,,,,,,,,,21040099,1,2026-01-08_12h24.15.625,tilt_mocs,2024.2.4,120.82547964695175,2026-01-08 12h24.34.223250 -0500,
4,15.0,,641,641,0,,,,,100,0,,,,,c+4,poss,1.0,z,1.465713624987984,None,None,,,,,,,,,,,0,641,641,156,1404.1949495419976,,,,,,,,,,,,,,,,,,,,,,,,,,,,,,,,,,,,,,,,,,,,,,,,,,,,,,,,,,,,,,,,,,,,,,1404.186693249998,1404.1949495419976,1405.1844682089868,1405.1844682089868,1405.1844682089868,1405.2590280000004,1405.2590280000004,1405.2590280000004,1405.6672019590042,z,1.465713624987984,None,1405.6673437090067,1405.6673970840056,None,,,,,,,,,,,,21040099,1,2026-01-08_12h24.15.625,tilt_mocs,2024.2.4,120.82547964695175,2026-01-08 12h24.34.223250 -0500,
0,-15.0,,642,642,0,,,,,100,0,,,,,c+0,negs,1.25,period,1.7722527500009164,None,None,,,,,,,,,,,0,642,642,455,1405.6783819590055,,,,,,,,,,,,,,,,,,,,,,,,,,,,,,,,,,,,,,,,,,,,,,,,,,,,,,,,,,,,,,,,,,,,,,1405.669550458988,1405.6783819590055,1406.918743583985,1406.918743583985,1406.918743583985,1406.9925373340084,1406.9925373340084,1406.9925373340084,1407.461588584003,period,1.7722527500009164,None,1407.4617380419804,1407.461792541988,None,,,,,,,,,,,,21040099,1,2026-01-08_12h24.15.625,tilt_mocs,2024.2.4,120.82547964695175,2026-01-08 12h24.34.223250 -0500,
-2,-15.0,,643,643,0,,,,,100,0,,,,,c-2,negs,0.75,period,1.1761133339896332,None,None,,,,,,,,,,,0,643,643,398,1407.4732681669993,,,,,,,,,,,,,,,,,,,,,,,,,,,,,,,,,,,,,,,,,,,,,,,,,,,,,,,,,,,,,,,,,,,,,,1407.4642145840044,1407.4732681669993,1408.2076480420073,1408.2076480420073,1408.2076480420073,1408.2817191669892,1408.2817191669892,1408.2817191669892,1408.6522726249823,period,1.1761133339896332,None,1408.6524103340053,1408.652464874991,None,,,,,,,,,,,,21040099,1,2026-01-08_12h24.15.625,tilt_mocs,2024.2.4,120.82547964695175,2026-01-08 12h24.34.223250 -0500,
2,15.0,,644,644,0,,,,,100,0,,,,,c+2,poss,0.5,z,1.0829692500119563,None,None,,,,,,,,,,,0,644,644,94,1408.6627032090037,,,,,,,,,,,,,,,,,,,,,,,,,,,,,,,,,,,,,,,,,,,,,,,,,,,,,,,,,,,,,,,,,,,,,,1408.6545262500003,1408.6627032090037,1409.1511374999827,1409.1511374999827,1409.1511374999827,1409.2259723339812,1409.2259723339812,1409.2259723339812,1409.7516241249978,z,1.0829692500119563,None,1409.7517510000034,1409.7518102919857,None,,,,,,,,,,,,21040099,1,2026-01-08_12h24.15.625,tilt_mocs,2024.2.4,120.82547964695175,2026-01-08 12h24.34.223250 -0500,
6,15.0,,645,645,0,,,,,100,0,,,,,c+6,poss,1.0,period,1.9371782079979312,None,None,,,,,,,,,,,0,645,645,191,1409.762168458983,,,,,,,,,,,,,,,,,,,,,,,,,,,,,,,,,,,,,,,,,,,,,,,,,,,,,,,,,,,,,,,,,,,,,,1409.7540153340087,1409.762168458983,1410.750748499995,1410.750748499995,1410.750748499995,1410.8260292499908,1410.8260292499908,1410.8260292499908,1411.7018528339977,period,1.9371782079979312,None,1411.701993124996,1411.7020452499855,None,,,,,,,,,,,,21040099,1,2026-01-08_12h24.15.625,tilt_mocs,2024.2.4,120.82547964695175,2026-01-08 12h24.34.223250 -0500,
0,15.0,,646,646,0,,,,,100,0,,,,,c+0,poss,0.75,z,1.3275687090063002,None,None,,,,,,,,,,,0,646,646,63,1411.7120988339884,,,,,,,,,,,,,,,,,,,,,,,,,,,,,,,,,,,,,,,,,,,,,,,,,,,,,,,,,,,,,,,,,,,,,,1411.7041622920078,1411.7120988339884,1412.452189417003,1412.452189417003,1412.452189417003,1412.5260921669833,1412.5260921669833,1412.5260921669833,1413.0450683749805,z,1.3275687090063002,None,1413.0451957089826,1413.045248624985,None,,,,,,,,,,,,21040099,1,2026-01-08_12h24.15.625,tilt_mocs,2024.2.4,120.82547964695175,2026-01-08 12h24.34.223250 -0500,
4,15.0,,647,647,0,,,,,100,0,,,,,c+4,poss,0.75,z,1.3439083749835845,None,None,,,,,,,,,,,0,647,647,140,1413.0563650839904,,,,,,,,,,,,,,,,,,,,,,,,,,,,,,,,,,,,,,,,,,,,,,,,,,,,,,,,,,,,,,,,,,,,,,1413.0474951250071,1413.0563650839904,1413.7923486669897,1413.7923486669897,1413.7923486669897,1413.865090834006,1413.865090834006,1413.865090834006,1414.411694084003,z,1.3439083749835845,None,1414.411874249985,1414.4119313340052,None,,,,,,,,,,,,21040099,1,2026-01-08_12h24.15.625,tilt_mocs,2024.2.4,120.82547964695175,2026-01-08 12h24.34.223250 -0500,
4,15.0,,648,648,0,,,,,100,0,,,,,c+4,poss,0.75,period,1.2360949160065502,None,None,,,,,,,,,,,0,648,648,147,1414.423413416982,,,,,,,,,,,,,,,,,,,,,,,,,,,,,,,,,,,,,,,,,,,,,,,,,,,,,,,,,,,,,,,,,,,,,,1414.4144801670045,1414.423413416982,1415.1590624169912,1415.1590624169912,1415.1590624169912,1415.2318018339865,1415.2318018339865,1415.2318018339865,1415.6623636669829,period,1.2360949160065502,None,1415.662508584006,1415.6625606669986,None,,,,,,,,,,,,21040099,1,2026-01-08_12h24.15.625,tilt_mocs,2024.2.4,120.82547964695175,2026-01-08 12h24.34.223250 -0500,
-4,-15.0,,649,649,0,,,,,100,0,,,,,c-4,negs,1.0,period,1.3873911669943482,None,None,,,,,,,,,,,0,649,649,366,1415.6734138339816,,,,,,,,,,,,,,,,,,,,,,,,,,,,,,,,,,,,,,,,,,,,,,,,,,,,,,,,,,,,,,,,,,,,,,1415.6647566249885,1415.6734138339816,1416.6581151669961,1416.6581151669961,1416.6581151669961,1416.7308813339914,1416.7308813339914,1416.7308813339914,1417.067512834008,period,1.3873911669943482,None,1417.0676503340073,1417.067702542001,None,,,,,,,,,,,,21040099,1,2026-01-08_12h24.15.625,tilt_mocs,2024.2.4,120.82547964695175,2026-01-08 12h24.34.223250 -0500,
-2,0.0,,650,650,0,,,,,0,100,,,,,c-2,noss,0.75,period,1.733004792011343,None,None,,,,,,,,,,,0,650,650,564,1417.0784933340037,,,,,,,,,,,,,,,,,,,,,,,,,,,,,,,,,,,,,,,,,,,,,,,,,,,,,,,,,,,,,,,,,,,,,,1417.0699708339816,1417.0784933340037,1417.8180817499815,1417.8180817499815,1417.8180817499815,1417.892934042,1417.892934042,1417.892934042,1418.8170807499846,period,1.733004792011343,None,1418.8172041669895,1418.8172561249812,None,,,,,,,,,,,,21040099,1,2026-01-08_12h24.15.625,tilt_mocs,2024.2.4,120.82547964695175,2026-01-08 12h24.34.223250 -0500,
0,15.0,,651,651,0,,,,,100,0,,,,,c+0,poss,0.75,z,1.29412449998199,None,None,,,,,,,,,,,0,651,651,60,1418.8289504999993,,,,,,,,,,,,,,,,,,,,,,,,,,,,,,,,,,,,,,,,,,,,,,,,,,,,,,,,,,,,,,,,,,,,,,1418.8198122920003,1418.8289504999993,1419.5685864170082,1419.5685864170082,1419.5685864170082,1419.6429987919983,1419.6429987919983,1419.6429987919983,1420.1291521249805,z,1.29412449998199,None,1420.129288917,1420.1293454999977,None,,,,,,,,,,,,21040099,1,2026-01-08_12h24.15.625,tilt_mocs,2024.2.4,120.82547964695175,2026-01-08 12h24.34.223250 -0500,
-2,0.0,,652,652,0,,,,,0,100,,,,,c-2,noss,0.75,z,1.1920989580103196,None,None,,,,,,,,,,,0,652,652,565,1420.1410821249883,,,,,,,,,,,,,,,,,,,,,,,,,,,,,,,,,,,,,,,,,,,,,,,,,,,,,,,,,,,,,,,,,,,,,,1420.131784541998,1420.1410821249883,1420.8758647500072,1420.8758647500072,1420.8758647500072,1420.9481386249827,1420.9481386249827,1420.9481386249827,1421.3459433339885,z,1.1920989580103196,None,1421.346046333987,1421.3460970419983,None,,,,,,,,,,,,21040099,1,2026-01-08_12h24.15.625,tilt_mocs,2024.2.4,120.82547964695175,2026-01-08 12h24.34.223250 -0500,
8,15.0,,653,653,0,,,,,100,0,,,,,c+8,poss,0.75,z,1.437275584001327,None,None,,,,,,,,,,,0,653,653,223,1421.3598197499814,,,,,,,,,,,,,,,,,,,,,,,,,,,,,,,,,,,,,,,,,,,,,,,,,,,,,,,,,,,,,,,,,,,,,,1421.348097042006,1421.3598197499814,1422.092603875004,1422.092603875004,1422.092603875004,1422.1645468339848,1422.1645468339848,1422.1645468339848,1422.8005980000016,z,1.437275584001327,None,1422.8006959999911,1422.8007383749937,None,,,,,,,,,,,,21040099,1,2026-01-08_12h24.15.625,tilt_mocs,2024.2.4,120.82547964695175,2026-01-08 12h24.34.223250 -0500,
-2,-15.0,,654,654,0,,,,,100,0,,,,,c-2,negs,1.0,z,1.4897962080140132,None,None,,,,,,,,,,,0,654,654,402,1422.8116147499823,,,,,,,,,,,,,,,,,,,,,,,,,,,,,,,,,,,,,,,,,,,,,,,,,,,,,,,,,,,,,,,,,,,,,,1422.8026409999875,1422.8116147499823,1423.8028767500073,1423.8028767500073,1423.8028767500073,1423.876686083997,1423.876686083997,1423.876686083997,1424.312605583982,z,1.4897962080140132,None,1424.3128161669883,1424.3129666250024,None,,,,,,,,,,,,21040099,1,2026-01-08_12h24.15.625,tilt_mocs,2024.2.4,120.82547964695175,2026-01-08 12h24.34.223250 -0500,
-6,-15.0,,655,655,0,,,,,100,0,,,,,c-6,negs,0.75,period,1.3187228750030044,None,None,,,,,,,,,,,0,655,655,305,1424.3246253749821,,,,,,,,,,,,,,,,,,,,,,,,,,,,,,,,,,,,,,,,,,,,,,,,,,,,,,,,,,,,,,,,,,,,,,1424.3155161250033,1424.3246253749821,1425.059359167004,1425.059359167004,1425.059359167004,1425.132014917006,1425.132014917006,1425.132014917006,1425.6463399170025,period,1.3187228750030044,None,1425.6465065839875,1425.6465615839988,None,,,,,,,,,,,,21040099,1,2026-01-08_12h24.15.625,tilt_mocs,2024.2.4,120.82547964695175,2026-01-08 12h24.34.223250 -0500,
0,0.0,,656,656,0,,,,,0,100,,,,,c+0,noss,0.75,period,1.3772207500005607,None,None,,,,,,,,,,,0,656,656,599,1425.6591970839945,,,,,,,,,,,,,,,,,,,,,,,,,,,,,,,,,,,,,,,,,,,,,,,,,,,,,,,,,,,,,,,,,,,,,,1425.650126749999,1425.6591970839945,1426.3926255420083,1426.3926255420083,1426.3926255420083,1426.4651487089868,1426.4651487089868,1426.4651487089868,1427.0445091250003,period,1.3772207500005607,None,1427.0446072499908,1427.0446487090085,None,,,,,,,,,,,,21040099,1,2026-01-08_12h24.15.625,tilt_mocs,2024.2.4,120.82547964695175,2026-01-08 12h24.34.223250 -0500,
-2,15.0,,657,657,0,,,,,100,0,,,,,c-2,poss,1.25,period,2.93036724999547,None,None,,,,,,,,,,,0,657,657,36,1427.055142875004,,,,,,,,,,,,,,,,,,,,,,,,,,,,,,,,,,,,,,,,,,,,,,,,,,,,,,,,,,,,,,,,,,,,,,1427.0465911249921,1427.055142875004,1428.2924630419875,1428.2924630419875,1428.2924630419875,1428.366023584007,1428.366023584007,1428.366023584007,1429.9944884169963,period,2.93036724999547,None,1429.9946091249876,1429.9946618749818,None,,,,,,,,,,,,21040099,1,2026-01-08_12h24.15.625,tilt_mocs,2024.2.4,120.82547964695175,2026-01-08 12h24.34.223250 -0500,
8,15.0,,658,658,0,,,,,100,0,,,,,c+8,poss,1.25,period,1.7824275000020862,None,None,,,,,,,,,,,0,658,658,248,1430.0057880840031,,,,,,,,,,,,,,,,,,,,,,,,,,,,,,,,,,,,,,,,,,,,,,,,,,,,,,,,,,,,,,,,,,,,,,1429.9967206669971,1430.0057880840031,1431.2427231670008,1431.2427231670008,1431.2427231670008,1431.3156624170078,1431.3156624170078,1431.3156624170078,1431.7967629999912,period,1.7824275000020862,None,1431.7968978749996,1431.7969529999828,None,,,,,,,,,,,,21040099,1,2026-01-08_12h24.15.625,tilt_mocs,2024.2.4,120.82547964695175,2026-01-08 12h24.34.223250 -0500,
2,-15.0,,659,659,0,,,,,100,0,,,,,c+2,negs,1.25,period,1.9625965829764027,None,None,,,,,,,,,,,0,659,659,497,1431.8080341669847,,,,,,,,,,,,,,,,,,,,,,,,,,,,,,,,,,,,,,,,,,,,,,,,,,,,,,,,,,,,,,,,,,,,,,1431.7991341250017,1431.8080341669847,1433.0428973749804,1433.0428973749804,1433.0428973749804,1433.1153946669947,1433.1153946669947,1433.1153946669947,1433.7792974589975,period,1.9625965829764027,None,1433.7794541250041,1433.7795104589895,None,,,,,,,,,,,,21040099,1,2026-01-08_12h24.15.625,tilt_mocs,2024.2.4,120.82547964695175,2026-01-08 12h24.34.223250 -0500,
4,15.0,,660,660,0,,,,,100,0,,,,,c+4,poss,1.25,period,1.8853826249833219,None,None,,,,,,,,,,,0,660,660,167,1433.7913990840025,,,,,,,,,,,,,,,,,,,,,,,,,,,,,,,,,,,,,,,,,,,,,,,,,,,,,,,,,,,,,,,,,,,,,,1433.7824933340016,1433.7913990840025,1435.0262117089878,1435.0262117089878,1435.0262117089878,1435.0981784589821,1435.0981784589821,1435.0981784589821,1435.6792910840013,period,1.8853826249833219,None,1435.6794220840093,1435.679476041987,None,,,,,,,,,,,,21040099,1,2026-01-08_12h24.15.625,tilt_mocs,2024.2.4,120.82547964695175,2026-01-08 12h24.34.223250 -0500,
-2,0.0,,661,661,0,,,,,0,100,,,,,c-2,noss,1.25,z,1.74787279200973,None,None,,,,,,,,,,,0,661,661,581,1435.6909192919848,,,,,,,,,,,,,,,,,,,,,,,,,,,,,,,,,,,,,,,,,,,,,,,,,,,,,,,,,,,,,,,,,,,,,,1435.681984291994,1435.6909192919848,1436.9263073749898,1436.9263073749898,1436.9263073749898,1436.9984557499993,1436.9984557499993,1436.9984557499993,1437.4458394999965,z,1.74787279200973,None,1437.4459673749807,1437.4460204589996,None,,,,,,,,,,,,21040099,1,2026-01-08_12h24.15.625,tilt_mocs,2024.2.4,120.82547964695175,2026-01-08 12h24.34.223250 -0500,
-2,15.0,,662,662,0,,,,,100,0,,,,,c-2,poss,1.0,z,1.441804583009798,None,None,,,,,,,,,,,0,662,662,30,1437.45645662499,,,,,,,,,,,,,,,,,,,,,,,,,,,,,,,,,,,,,,,,,,,,,,,,,,,,,,,,,,,,,,,,,,,,,,1437.4480382089969,1437.45645662499,1438.443087666994,1438.443087666994,1438.443087666994,1438.5153364169819,1438.5153364169819,1438.5153364169819,1438.9014122920053,z,1.441804583009798,None,1438.901562458981,1438.9016459590057,None,,,,,,,,,,,,21040099,1,2026-01-08_12h24.15.625,tilt_mocs,2024.2.4,120.82547964695175,2026-01-08 12h24.34.223250 -0500,
2,-15.0,,663,663,0,,,,,100,0,,,,,c+2,negs,1.0,period,1.6220355830155313,None,None,,,,,,,,,,,0,663,663,492,1438.9128913749882,,,,,,,,,,,,,,,,,,,,,,,,,,,,,,,,,,,,,,,,,,,,,,,,,,,,,,,,,,,,,,,,,,,,,,1438.9040042090055,1438.9128913749882,1439.9021951670002,1439.9021951670002,1439.9021951670002,1439.977026959008,1439.977026959008,1439.977026959008,1440.5460710419866,period,1.6220355830155313,None,1440.5462215419975,1440.5463667089934,None,,,,,,,,,,,,21040099,1,2026-01-08_12h24.15.625,tilt_mocs,2024.2.4,120.82547964695175,2026-01-08 12h24.34.223250 -0500,
2,15.0,,664,664,0,,,,,100,0,,,,,c+2,poss,1.25,z,1.7237138329946902,None,None,,,,,,,,,,,0,664,664,125,1440.5580228339822,,,,,,,,,,,,,,,,,,,,,,,,,,,,,,,,,,,,,,,,,,,,,,,,,,,,,,,,,,,,,,,,,,,,,,1440.5489666670037,1440.5580228339822,1441.7923945419898,1441.7923945419898,1441.7923945419898,1441.8653439999907,1441.8653439999907,1441.8653439999907,1442.2849890420039,z,1.7237138329946902,None,1442.2851276669826,1442.2851891669852,None,,,,,,,,,,,,21040099,1,2026-01-08_12h24.15.625,tilt_mocs,2024.2.4,120.82547964695175,2026-01-08 12h24.34.223250 -0500,
2,15.0,,665,665,0,,,,,100,0,,,,,c+2,poss,0.5,z,1.0009021250007208,None,None,,,,,,,,,,,0,665,665,91,1442.2963841669844,,,,,,,,,,,,,,,,,,,,,,,,,,,,,,,,,,,,,,,,,,,,,,,,,,,,,,,,,,,,,,,,,,,,,,1442.287501334009,1442.2963841669844,1442.7856181669922,1442.7856181669922,1442.7856181669922,1442.860501208983,1442.860501208983,1442.860501208983,1443.3009032089903,z,1.0009021250007208,None,1443.3010049590084,1443.301047166984,None,,,,,,,,,,,,21040099,1,2026-01-08_12h24.15.625,tilt_mocs,2024.2.4,120.82547964695175,2026-01-08 12h24.34.223250 -0500,
-6,-15.0,,666,666,0,,,,,100,0,,,,,c-6,negs,1.0,z,1.383149791014148,None,None,,,,,,,,,,,0,666,666,320,1443.3120494169998,,,,,,,,,,,,,,,,,,,,,,,,,,,,,,,,,,,,,,,,,,,,,,,,,,,,,,,,,,,,,,,,,,,,,,1443.3029767090047,1443.3120494169998,1444.3029169999936,1444.3029169999936,1444.3029169999936,1444.3771680000063,1444.3771680000063,1444.3771680000063,1444.7013435839908,z,1.383149791014148,None,1444.7014469999995,1444.701488333987,None,,,,,,,,,,,,21040099,1,2026-01-08_12h24.15.625,tilt_mocs,2024.2.4,120.82547964695175,2026-01-08 12h24.34.223250 -0500,
-6,-15.0,,667,667,0,,,,,100,0,,,,,c-6,negs,1.0,z,1.5661090419744141,None,None,,,,,,,,,,,0,667,667,324,1444.7125131250068,,,,,,,,,,,,,,,,,,,,,,,,,,,,,,,,,,,,,,,,,,,,,,,,,,,,,,,,,,,,,,,,,,,,,,1444.7034326669818,1444.7125131250068,1445.7028056669806,1445.7028056669806,1445.7028056669806,1445.7772091669904,1445.7772091669904,1445.7772091669904,1446.2848347919935,z,1.5661090419744141,None,1446.2849353750062,1446.2849762499973,None,,,,,,,,,,,,21040099,1,2026-01-08_12h24.15.625,tilt_mocs,2024.2.4,120.82547964695175,2026-01-08 12h24.34.223250 -0500,
-2,15.0,,668,668,0,,,,,100,0,,,,,c-2,poss,0.5,z,1.0039006670122035,None,None,,,,,,,,,,,0,668,668,9,1446.2960815840052,,,,,,,,,,,,,,,,,,,,,,,,,,,,,,,,,,,,,,,,,,,,,,,,,,,,,,,,,,,,,,,,,,,,,,1446.2869345000072,1446.2960815840052,1446.7867570419912,1446.7867570419912,1446.7867570419912,1446.8657755839813,1446.8657755839813,1446.8657755839813,1447.3024109999824,z,1.0039006670122035,None,1447.3025178749813,1447.3025602090056,None,,,,,,,,,,,,21040099,1,2026-01-08_12h24.15.625,tilt_mocs,2024.2.4,120.82547964695175,2026-01-08 12h24.34.223250 -0500,
0,0.0,,669,669,0,,,,,0,100,,,,,c+0,noss,0.75,z,1.3649022089957725,None,None,,,,,,,,,,,0,669,669,602,1447.3132007090026,,,,,,,,,,,,,,,,,,,,,,,,,,,,,,,,,,,,,,,,,,,,,,,,,,,,,,,,,,,,,,,,,,,,,,1447.304507541994,1447.3132007090026,1448.0528269589995,1448.0528269589995,1448.0528269589995,1448.1273452499881,1448.1273452499881,1448.1273452499881,1448.6809990000038,z,1.3649022089957725,None,1448.6811551669962,1448.6812228749914,None,,,,,,,,,,,,21040099,1,2026-01-08_12h24.15.625,tilt_mocs,2024.2.4,120.82547964695175,2026-01-08 12h24.34.223250 -0500,
2,-15.0,,670,670,0,,,,,100,0,,,,,c+2,negs,0.75,period,1.2637995830154978,None,None,,,,,,,,,,,0,670,670,480,1448.692539666983,,,,,,,,,,,,,,,,,,,,,,,,,,,,,,,,,,,,,,,,,,,,,,,,,,,,,,,,,,,,,,,,,,,,,,1448.6836455839803,1448.692539666983,1449.4267824589915,1449.4267824589915,1449.4267824589915,1449.4987018749816,1449.4987018749816,1449.4987018749816,1449.962703875004,period,1.2637995830154978,None,1449.9628075420042,1449.962849042,None,,,,,,,,,,,,21040099,1,2026-01-08_12h24.15.625,tilt_mocs,2024.2.4,120.82547964695175,2026-01-08 12h24.34.223250 -0500,
4,0.0,,671,671,0,,,,,0,100,,,,,c+4,noss,1.0,period,1.4617959169845562,None,None,,,,,,,,,,,0,671,671,698,1449.9732569589978,,,,,,,,,,,,,,,,,,,,,,,,,,,,,,,,,,,,,,,,,,,,,,,,,,,,,,,,,,,,,,,,,,,,,,1449.9647579590091,1449.9732569589978,1450.9601852920023,1450.9601852920023,1450.9601852920023,1451.0321216250013,1451.0321216250013,1451.0321216250013,1451.446860416996,period,1.4617959169845562,None,1451.4470314999926,1451.4470945420035,None,,,,,,,,,,,,21040099,1,2026-01-08_12h24.15.625,tilt_mocs,2024.2.4,120.82547964695175,2026-01-08 12h24.34.223250 -0500,
2,0.0,,672,672,0,,,,,0,100,,,,,c+2,noss,1.0,period,1.7082771659770515,None,None,,,,,,,,,,,0,672,672,657,1451.4591598749976,,,,,,,,,,,,,,,,,,,,,,,,,,,,,,,,,,,,,,,,,,,,,,,,,,,,,,,,,,,,,,,,,,,,,,1451.4500878749823,1451.4591598749976,1452.4439052089874,1452.4439052089874,1452.4439052089874,1452.5155158340058,1452.5155158340058,1452.5155158340058,1453.1699220839946,period,1.7082771659770515,None,1453.1700531670067,1453.1701147919812,None,,,,,,,,,,,,21040099,1,2026-01-08_12h24.15.625,tilt_mocs,2024.2.4,120.82547964695175,2026-01-08 12h24.34.223250 -0500,
4,0.0,,673,673,0,,,,,0,100,,,,,c+4,noss,1.25,period,1.7552391250210349,None,None,,,,,,,,,,,0,673,673,708,1453.1802897499874,,,,,,,,,,,,,,,,,,,,,,,,,,,,,,,,,,,,,,,,,,,,,,,,,,,,,,,,,,,,,,,,,,,,,,1453.1723888340057,1453.1802897499874,1454.4199556669919,1454.4199556669919,1454.4199556669919,1454.4944370839803,1454.4944370839803,1454.4944370839803,1454.9469347090053,period,1.7552391250210349,None,1454.947106000007,1454.9471740000008,None,,,,,,,,,,,,21040099,1,2026-01-08_12h24.15.625,tilt_mocs,2024.2.4,120.82547964695175,2026-01-08 12h24.34.223250 -0500,
0,15.0,,674,674,0,,,,,100,0,,,,,c+0,poss,0.5,z,0.9807205420220271,None,None,,,,,,,,,,,0,674,674,47,1454.9590712499921,,,,,,,,,,,,,,,,,,,,,,,,,,,,,,,,,,,,,,,,,,,,,,,,,,,,,,,,,,,,,,,,,,,,,,1454.9500090839865,1454.9590712499921,1455.4437389170052,1455.4437389170052,1455.4437389170052,1455.5156675000035,1455.5156675000035,1455.5156675000035,1455.9460398750089,z,0.9807205420220271,None,1455.946145541995,1455.946187124995,None,,,,,,,,,,,,21040099,1,2026-01-08_12h24.15.625,tilt_mocs,2024.2.4,120.82547964695175,2026-01-08 12h24.34.223250 -0500,
-2,15.0,,675,675,0,,,,,100,0,,,,,c-2,poss,0.5,z,0.9406616250053048,None,None,,,,,,,,,,,0,675,675,3,1455.956624124985,,,,,,,,,,,,,,,,,,,,,,,,,,,,,,,,,,,,,,,,,,,,,,,,,,,,,,,,,,,,,,,,,,,,,,1455.9480945839896,1455.956624124985,1456.4436632919824,1456.4436632919824,1456.4436632919824,1456.5155075000075,1456.5155075000075,1456.5155075000075,1456.9027425420063,z,0.9406616250053048,None,1456.9028500419809,1456.9029019589943,None,,,,,,,,,,,,21040099,1,2026-01-08_12h24.15.625,tilt_mocs,2024.2.4,120.82547964695175,2026-01-08 12h24.34.223250 -0500,
2,0.0,,676,676,0,,,,,0,100,,,,,c+2,noss,1.0,z,1.4796900830115192,None,None,,,,,,,,,,,0,676,676,660,1456.9146396669967,,,,,,,,,,,,,,,,,,,,,,,,,,,,,,,,,,,,,,,,,,,,,,,,,,,,,,,,,,,,,,,,,,,,,,1456.9063572089945,1456.9146396669967,1457.9029717500089,1457.9029717500089,1457.9029717500089,1457.9776076669805,1457.9776076669805,1457.9776076669805,1458.397084833996,z,1.4796900830115192,None,1458.3972285419877,1458.3972826669924,None,,,,,,,,,,,,21040099,1,2026-01-08_12h24.15.625,tilt_mocs,2024.2.4,120.82547964695175,2026-01-08 12h24.34.223250 -0500,
8,15.0,,677,677,0,,,,,100,0,,,,,c+8,poss,1.0,period,1.6316274999990128,None,None,,,,,,,,,,,0,677,677,239,1458.4083524169982,,,,,,,,,,,,,,,,,,,,,,,,,,,,,,,,,,,,,,,,,,,,,,,,,,,,,,,,,,,,,,,,,,,,,,1458.3994752499857,1458.4083524169982,1459.3937807089824,1459.3937807089824,1459.3937807089824,1459.4661272499943,1459.4661272499943,1459.4661272499943,1460.046389791998,period,1.6316274999990128,None,1460.0464927919966,1460.0465340419905,None,,,,,,,,,,,,21040099,1,2026-01-08_12h24.15.625,tilt_mocs,2024.2.4,120.82547964695175,2026-01-08 12h24.34.223250 -0500,
-4,-15.0,,678,678,0,,,,,100,0,,,,,c-4,negs,0.75,z,1.2937206249916926,None,None,,,,,,,,,,,0,678,678,354,1460.0569498749974,,,,,,,,,,,,,,,,,,,,,,,,,,,,,,,,,,,,,,,,,,,,,,,,,,,,,,,,,,,,,,,,,,,,,,1460.0484369169862,1460.0569498749974,1460.7939185840078,1460.7939185840078,1460.7939185840078,1460.8664187499962,1460.8664187499962,1460.8664187499962,1461.361514874996,z,1.2937206249916926,None,1461.3616326669871,1461.361674499989,None,,,,,,,,,,,,21040099,1,2026-01-08_12h24.15.625,tilt_mocs,2024.2.4,120.82547964695175,2026-01-08 12h24.34.223250 -0500,
2,0.0,,679,679,0,,,,,0,100,,,,,c+2,noss,0.5,period,1.4430380839912686,None,None,,,,,,,,,,,0,679,679,635,1461.3687612089852,,,,,,,,,,,,,,,,,,,,,,,,,,,,,,,,,,,,,,,,,,,,,,,,,,,,,,,,,,,,,,,,,,,,,,1461.3636232090066,1461.3687612089852,1461.8527849169914,1461.8527849169914,1461.8527849169914,1461.9278153750056,1461.9278153750056,1461.9278153750056,1462.814908875007,period,1.4430380839912686,None,1462.8150500839984,1462.8151123340067,None,,,,,,,,,,,,21040099,1,2026-01-08_12h24.15.625,tilt_mocs,2024.2.4,120.82547964695175,2026-01-08 12h24.34.223250 -0500,
0,15.0,,680,680,0,,,,,100,0,,,,,c+0,poss,1.25,z,1.6888650420005433,None,None,,,,,,,,,,,0,680,680,83,1462.8262695419835,,,,,,,,,,,,,,,,,,,,,,,,,,,,,,,,,,,,,,,,,,,,,,,,,,,,,,,,,,,,,,,,,,,,,,1462.817290624982,1462.8262695419835,1464.0606281670043,1464.0606281670043,1464.0606281670043,1464.1328249590006,1464.1328249590006,1464.1328249590006,1464.5194175840006,z,1.6888650420005433,None,1464.5195635840064,1464.519617583981,None,,,,,,,,,,,,21040099,1,2026-01-08_12h24.15.625,tilt_mocs,2024.2.4,120.82547964695175,2026-01-08 12h24.34.223250 -0500,
-4,0.0,,681,681,0,,,,,0,100,,,,,c-4,noss,1.25,z,1.6240920000127517,None,None,,,,,,,,,,,0,681,681,539,1464.530510291981,,,,,,,,,,,,,,,,,,,,,,,,,,,,,,,,,,,,,,,,,,,,,,,,,,,,,,,,,,,,,,,,,,,,,,1464.5217897089897,1464.530510291981,1465.769739167008,1465.769739167008,1465.769739167008,1465.8445714589907,1465.8445714589907,1465.8445714589907,1466.1632217089937,z,1.6240920000127517,None,1466.1633480839955,1466.1634016250027,None,,,,,,,,,,,,21040099,1,2026-01-08_12h24.15.625,tilt_mocs,2024.2.4,120.82547964695175,2026-01-08 12h24.34.223250 -0500,
-4,0.0,,682,682,0,,,,,0,100,,,,,c-4,noss,0.75,z,1.1377398329786956,None,None,,,,,,,,,,,0,682,682,518,1466.174101416982,,,,,,,,,,,,,,,,,,,,,,,,,,,,,,,,,,,,,,,,,,,,,,,,,,,,,,,,,,,,,,,,,,,,,,1466.1654943339818,1466.174101416982,1466.9107189170027,1466.9107189170027,1466.9107189170027,1466.982813834009,1466.982813834009,1466.982813834009,1467.3147423339833,z,1.1377398329786956,None,1467.314945124992,1467.3150130840077,None,,,,,,,,,,,,21040099,1,2026-01-08_12h24.15.625,tilt_mocs,2024.2.4,120.82547964695175,2026-01-08 12h24.34.223250 -0500,
0,15.0,,683,683,0,,,,,100,0,,,,,c+0,poss,1.25,z,1.6070889169932343,None,None,,,,,,,,,,,0,683,683,78,1467.3268000840035,,,,,,,,,,,,,,,,,,,,,,,,,,,,,,,,,,,,,,,,,,,,,,,,,,,,,,,,,,,,,,,,,,,,,,1467.3176577499835,1467.3268000840035,1468.5601890420076,1468.5601890420076,1468.5601890420076,1468.6335885000008,1468.6335885000008,1468.6335885000008,1468.9365096669935,z,1.6070889169932343,None,1468.936639541993,1468.9366914590064,None,,,,,,,,,,,,21040099,1,2026-01-08_12h24.15.625,tilt_mocs,2024.2.4,120.82547964695175,2026-01-08 12h24.34.223250 -0500,
2,15.0,,684,684,0,,,,,100,0,,,,,c+2,poss,1.25,z,1.6708560420083813,None,None,,,,,,,,,,,0,684,684,117,1468.9473378339899,,,,,,,,,,,,,,,,,,,,,,,,,,,,,,,,,,,,,,,,,,,,,,,,,,,,,,,,,,,,,,,,,,,,,,1468.9388883339998,1468.9473378339899,1470.1873667089967,1470.1873667089967,1470.1873667089967,1470.261408249993,1470.261408249993,1470.261408249993,1470.6215847499843,z,1.6708560420083813,None,1470.621725667006,1470.6217844169878,None,,,,,,,,,,,,21040099,1,2026-01-08_12h24.15.625,tilt_mocs,2024.2.4,120.82547964695175,2026-01-08 12h24.34.223250 -0500,
2,-15.0,,685,685,0,,,,,100,0,,,,,c+2,negs,0.75,period,1.252862332999939,None,None,,,,,,,,,,,0,685,685,477,1470.6319174169912,,,,,,,,,,,,,,,,,,,,,,,,,,,,,,,,,,,,,,,,,,,,,,,,,,,,,,,,,,,,,,,,,,,,,,1470.6239086249843,1470.6319174169912,1471.3704494590056,1471.3704494590056,1471.3704494590056,1471.4447579589905,1471.4447579589905,1471.4447579589905,1471.897015249997,period,1.252862332999939,None,1471.8971383339958,1471.8971889999812,None,,,,,,,,,,,,21040099,1,2026-01-08_12h24.15.625,tilt_mocs,2024.2.4,120.82547964695175,2026-01-08 12h24.34.223250 -0500,
0,15.0,,686,686,0,,,,,100,0,,,,,c+0,poss,1.0,z,1.475362541998038,None,None,,,,,,,,,,,0,686,686,71,1471.9082543749828,,,,,,,,,,,,,,,,,,,,,,,,,,,,,,,,,,,,,,,,,,,,,,,,,,,,,,,,,,,,,,,,,,,,,,1471.8996196250082,1471.9082543749828,1472.8942336670007,1472.8942336670007,1472.8942336670007,1472.9671880420065,1472.9671880420065,1472.9671880420065,1473.387294833985,z,1.475362541998038,None,1473.3874269590015,1473.3874834589951,None,,,,,,,,,,,,21040099,1,2026-01-08_12h24.15.625,tilt_mocs,2024.2.4,120.82547964695175,2026-01-08 12h24.34.223250 -0500,
2,-15.0,,687,687,0,,,,,100,0,,,,,c+2,negs,0.5,period,1.0002677089942154,None,None,,,,,,,,,,,0,687,687,466,1473.3976741670049,,,,,,,,,,,,,,,,,,,,,,,,,,,,,,,,,,,,,,,,,,,,,,,,,,,,,,,,,,,,,,,,,,,,,,1473.3895714170067,1473.3976741670049,1473.8867637499934,1473.8867637499934,1473.8867637499934,1473.9617552919954,1473.9617552919954,1473.9617552919954,1474.4031273750006,period,1.0002677089942154,None,1474.403257500002,1474.40331075,None,,,,,,,,,,,,21040099,1,2026-01-08_12h24.15.625,tilt_mocs,2024.2.4,120.82547964695175,2026-01-08 12h24.34.223250 -0500,
2,15.0,,688,688,0,,,,,100,0,,,,,c+2,poss,1.0,z,1.3911547500174493,None,None,,,,,,,,,,,0,688,688,112,1474.4143240840058,,,,,,,,,,,,,,,,,,,,,,,,,,,,,,,,,,,,,,,,,,,,,,,,,,,,,,,,,,,,,,,,,,,,,,1474.4057340839936,1474.4143240840058,1475.4044599999906,1475.4044599999906,1475.4044599999906,1475.4782190420083,1475.4782190420083,1475.4782190420083,1475.813910041994,z,1.3911547500174493,None,1475.8140386669838,1475.8140922499879,None,,,,,,,,,,,,21040099,1,2026-01-08_12h24.15.625,tilt_mocs,2024.2.4,120.82547964695175,2026-01-08 12h24.34.223250 -0500,
-2,-15.0,,689,689,0,,,,,100,0,,,,,c-2,negs,0.5,z,1.0563660839980002,None,None,,,,,,,,,,,0,689,689,382,1475.8250292500015,,,,,,,,,,,,,,,,,,,,,,,,,,,,,,,,,,,,,,,,,,,,,,,,,,,,,,,,,,,,,,,,,,,,,,1475.816398541996,1475.8250292500015,1476.3103679589985,1476.3103679589985,1476.3103679589985,1476.3839880839805,1476.3839880839805,1476.3839880839805,1476.8860136669828,z,1.0563660839980002,None,1476.8861208749877,1476.8861617090006,None,,,,,,,,,,,,21040099,1,2026-01-08_12h24.15.625,tilt_mocs,2024.2.4,120.82547964695175,2026-01-08 12h24.34.223250 -0500,
6,15.0,,690,690,0,,,,,100,0,,,,,c+6,poss,1.0,z,1.3601288750069216,None,None,,,,,,,,,,,0,690,690,194,1476.897264166997,,,,,,,,,,,,,,,,,,,,,,,,,,,,,,,,,,,,,,,,,,,,,,,,,,,,,,,,,,,,,,,,,,,,,,1476.8881492500077,1476.897264166997,1477.8874347920064,1477.8874347920064,1477.8874347920064,1477.9616925419832,1477.9616925419832,1477.9616925419832,1478.2638061670004,z,1.3601288750069216,None,1478.2639146669826,1478.2639560420066,None,,,,,,,,,,,,21040099,1,2026-01-08_12h24.15.625,tilt_mocs,2024.2.4,120.82547964695175,2026-01-08 12h24.34.223250 -0500,
-8,-15.0,,691,691,0,,,,,100,0,,,,,c-8,negs,0.5,z,1.0058065420016646,None,None,,,,,,,,,,,0,691,691,258,1478.2741290419945,,,,,,,,,,,,,,,,,,,,,,,,,,,,,,,,,,,,,,,,,,,,,,,,,,,,,,,,,,,,,,,,,,,,,,1478.2658639999863,1478.2741290419945,1478.7611238340032,1478.7611238340032,1478.7611238340032,1478.833603209001,1478.833603209001,1478.833603209001,1479.2867604169878,z,1.0058065420016646,None,1479.2869129589817,1479.2869680000003,None,,,,,,,,,,,,21040099,1,2026-01-08_12h24.15.625,tilt_mocs,2024.2.4,120.82547964695175,2026-01-08 12h24.34.223250 -0500,
-4,-15.0,,692,692,0,,,,,100,0,,,,,c-4,negs,1.25,z,1.9019396659859922,None,None,,,,,,,,,,,0,692,692,375,1479.2977218340093,,,,,,,,,,,,,,,,,,,,,,,,,,,,,,,,,,,,,,,,,,,,,,,,,,,,,,,,,,,,,,,,,,,,,,1479.2895576669835,1479.2977218340093,1480.5381291249942,1480.5381291249942,1480.5381291249942,1480.611792666983,1480.611792666983,1480.611792666983,1481.2025197919866,z,1.9019396659859922,None,1481.202618042007,1481.2026593750052,None,,,,,,,,,,,,21040099,1,2026-01-08_12h24.15.625,tilt_mocs,2024.2.4,120.82547964695175,2026-01-08 12h24.34.223250 -0500,
0,15.0,,693,693,0,,,,,100,0,,,,,c+0,poss,0.75,z,1.3347789169929456,None,None,,,,,,,,,,,0,693,693,56,1481.2136139590002,,,,,,,,,,,,,,,,,,,,,,,,,,,,,,,,,,,,,,,,,,,,,,,,,,,,,,,,,,,,,,,,,,,,,,1481.204556334007,1481.2136139590002,1481.9548274999834,1481.9548274999834,1481.9548274999834,1482.0282877919963,1482.0282877919963,1482.0282877919963,1482.5537859589967,z,1.3347789169929456,None,1482.553915958997,1482.553967874992,None,,,,,,,,,,,,21040099,1,2026-01-08_12h24.15.625,tilt_mocs,2024.2.4,120.82547964695175,2026-01-08 12h24.34.223250 -0500,
-2,15.0,,694,694,0,,,,,100,0,,,,,c-2,poss,1.0,z,1.6143328750040382,None,None,,,,,,,,,,,0,694,694,28,1482.5648086669971,,,,,,,,,,,,,,,,,,,,,,,,,,,,,,,,,,,,,,,,,,,,,,,,,,,,,,,,,,,,,,,,,,,,,,1482.5563916669926,1482.5648086669971,1483.5542562089977,1483.5542562089977,1483.5542562089977,1483.628491209005,1483.628491209005,1483.628491209005,1484.1822233340063,z,1.6143328750040382,None,1484.1823762499844,1484.1824329590017,None,,,,,,,,,,,,21040099,1,2026-01-08_12h24.15.625,tilt_mocs,2024.2.4,120.82547964695175,2026-01-08 12h24.34.223250 -0500,
0,-15.0,,695,695,0,,,,,100,0,,,,,c+0,negs,0.5,period,0.9584002920018975,None,None,,,,,,,,,,,0,695,695,429,1484.1935480840039,,,,,,,,,,,,,,,,,,,,,,,,,,,,,,,,,,,,,,,,,,,,,,,,,,,,,,,,,,,,,,,,,,,,,,1484.1845340839936,1484.1935480840039,1484.6780274169869,1484.6780274169869,1484.6780274169869,1484.7506214999885,1484.7506214999885,1484.7506214999885,1485.1551647089946,period,0.9584002920018975,None,1485.1553150420077,1485.1553693749884,None,,,,,,,,,,,,21040099,1,2026-01-08_12h24.15.625,tilt_mocs,2024.2.4,120.82547964695175,2026-01-08 12h24.34.223250 -0500,
-4,0.0,,696,696,0,,,,,0,100,,,,,c-4,noss,1.0,z,1.4972919579886366,None,None,,,,,,,,,,,0,696,696,527,1485.1653310419933,,,,,,,,,,,,,,,,,,,,,,,,,,,,,,,,,,,,,,,,,,,,,,,,,,,,,,,,,,,,,,,,,,,,,,1485.157569709001,1485.1653310419933,1486.1536292920064,1486.1536292920064,1486.1536292920064,1486.228764792002,1486.228764792002,1486.228764792002,1486.6750305839814,z,1.4972919579886366,None,1486.675150916999,1486.6751919999951,None,,,,,,,,,,,,21040099,1,2026-01-08_12h24.15.625,tilt_mocs,2024.2.4,120.82547964695175,2026-01-08 12h24.34.223250 -0500,
-2,15.0,,697,697,0,,,,,100,0,,,,,c-2,poss,0.5,z,1.0091055409866385,None,None,,,,,,,,,,,0,697,697,10,1486.6815544590063,,,,,,,,,,,,,,,,,,,,,,,,,,,,,,,,,,,,,,,,,,,,,,,,,,,,,,,,,,,,,,,,,,,,,,1486.6771329589828,1486.6815544590063,1487.1709192919952,1487.1709192919952,1487.1709192919952,1487.2454839169804,1487.2454839169804,1487.2454839169804,1487.6976695419871,z,1.0091055409866385,None,1487.6977925419924,1487.6978450419847,None,,,,,,,,,,,,21040099,1,2026-01-08_12h24.15.625,tilt_mocs,2024.2.4,120.82547964695175,2026-01-08 12h24.34.223250 -0500,
2,-15.0,,698,698,0,,,,,100,0,,,,,c+2,negs,1.25,z,1.6218177919799928,None,None,,,,,,,,,,,0,698,698,496,1487.7090254589857,,,,,,,,,,,,,,,,,,,,,,,,,,,,,,,,,,,,,,,,,,,,,,,,,,,,,,,,,,,,,,,,,,,,,,1487.700115499989,1487.7090254589857,1488.9448161250039,1488.9448161250039,1488.9448161250039,1489.0183458339889,1489.0183458339889,1489.0183458339889,1489.337410667009,z,1.6218177919799928,None,1489.3375452499895,1489.3375997919939,None,,,,,,,,,,,,21040099,1,2026-01-08_12h24.15.625,tilt_mocs,2024.2.4,120.82547964695175,2026-01-08 12h24.34.223250 -0500,
2,0.0,,699,699,0,,,,,0,100,,,,,c+2,noss,0.75,period,0.3148102499835659,None,None,,,,,,,,,,,0,699,699,650,1489.3482485839922,,,,,,,,,,,,,,,,,,,,,,,,,,,,,,,,,,,,,,,,,,,,,,,,,,,,,,,,,,,,,,,,,,,,,,1489.339915916993,1489.3482485839922,,,,,,,1489.6751427089912,period,0.3148102499835659,None,1489.6752727919957,1489.6753187919967,None,,,,,,,,,,,,21040099,1,2026-01-08_12h24.15.625,tilt_mocs,2024.2.4,120.82547964695175,2026-01-08 12h24.34.223250 -0500,
4,0.0,,700,700,0,,,,,0,100,,,,,c+4,noss,1.25,period,1.90547070800676,None,None,,,,,,,,,,,0,700,700,713,1489.681674499996,,,,,,,,,,,,,,,,,,,,,,,,,,,,,,,,,,,,,,,,,,,,,,,,,,,,,,,,,,,,,,,,,,,,,,1489.677227084001,1489.681674499996,1490.9207297090034,1490.9207297090034,1490.9207297090034,1490.9954742499976,1490.9954742499976,1490.9954742499976,1491.5980226249958,period,1.90547070800676,None,1491.598184167,1491.5982356669847,None,,,,,,,,,,,,21040099,1,2026-01-08_12h24.15.625,tilt_mocs,2024.2.4,120.82547964695175,2026-01-08 12h24.34.223250 -0500,
-2,-15.0,,701,701,0,,,,,100,0,,,,,c-2,negs,1.25,z,1.9252439580159262,None,None,,,,,,,,,,,0,701,701,419,1491.6107614999928,,,,,,,,,,,,,,,,,,,,,,,,,,,,,,,,,,,,,,,,,,,,,,,,,,,,,,,,,,,,,,,,,,,,,,1491.6013544169837,1491.6107614999928,1492.844959042006,1492.844959042006,1492.844959042006,1492.9178246670053,1492.9178246670053,1492.9178246670053,1493.5465738750063,z,1.9252439580159262,None,1493.5466787089827,1493.5467209999915,None,,,,,,,,,,,,21040099,1,2026-01-08_12h24.15.625,tilt_mocs,2024.2.4,120.82547964695175,2026-01-08 12h24.34.223250 -0500,
2,-15.0,,702,702,0,,,,,100,0,,,,,c+2,negs,1.25,z,1.8390788340184372,None,None,,,,,,,,,,,0,702,702,501,1493.5572998340067,,,,,,,,,,,,,,,,,,,,,,,,,,,,,,,,,,,,,,,,,,,,,,,,,,,,,,,,,,,,,,,,,,,,,,1493.5486767090042,1493.5572998340067,1494.7951368750073,1494.7951368750073,1494.7951368750073,1494.8671302089933,1494.8671302089933,1494.8671302089933,1495.408224874991,z,1.8390788340184372,None,1495.4083227500087,1495.4083667919913,None,,,,,,,,,,,,21040099,1,2026-01-08_12h24.15.625,tilt_mocs,2024.2.4,120.82547964695175,2026-01-08 12h24.34.223250 -0500,
4,0.0,,703,703,0,,,,,0,100,,,,,c+4,noss,0.5,z,1.075937250017887,None,None,,,,,,,,,,,0,703,703,676,1495.4147705420037,,,,,,,,,,,,,,,,,,,,,,,,,,,,,,,,,,,,,,,,,,,,,,,,,,,,,,,,,,,,,,,,,,,,,,1495.4102814999933,1495.4147705420037,1495.9039797919977,1495.9039797919977,1495.9039797919977,1495.97896149999,1495.97896149999,1495.97896149999,1496.4979727499885,z,1.075937250017887,None,1496.4981033339864,1496.4981695419992,None,,,,,,,,,,,,21040099,1,2026-01-08_12h24.15.625,tilt_mocs,2024.2.4,120.82547964695175,2026-01-08 12h24.34.223250 -0500,
-2,-15.0,,704,704,0,,,,,100,0,,,,,c-2,negs,1.0,z,1.4848361669864971,None,None,,,,,,,,,,,0,704,704,401,1496.5085546250048,,,,,,,,,,,,,,,,,,,,,,,,,,,,,,,,,,,,,,,,,,,,,,,,,,,,,,,,,,,,,,,,,,,,,,1496.5003614589805,1496.5085546250048,1497.4942981670029,1497.4942981670029,1497.4942981670029,1497.5680460000003,1497.5680460000003,1497.5680460000003,1497.9980188749905,z,1.4848361669864971,None,1497.9981417499948,1497.998193959007,None,,,,,,,,,,,,21040099,1,2026-01-08_12h24.15.625,tilt_mocs,2024.2.4,120.82547964695175,2026-01-08 12h24.34.223250 -0500,
6,15.0,,705,705,0,,,,,100,0,,,,,c+6,poss,1.25,z,1.8210080420249142,None,None,,,,,,,,,,,0,705,705,208,1498.0091330419818,,,,,,,,,,,,,,,,,,,,,,,,,,,,,,,,,,,,,,,,,,,,,,,,,,,,,,,,,,,,,,,,,,,,,,1498.0001990000019,1498.0091330419818,1499.2454053339898,1499.2454053339898,1499.2454053339898,1499.317234749993,1499.317234749993,1499.317234749993,1499.842838334007,z,1.8210080420249142,None,1499.8429343749885,1499.8429756670084,None,,,,,,,,,,,,21040099,1,2026-01-08_12h24.15.625,tilt_mocs,2024.2.4,120.82547964695175,2026-01-08 12h24.34.223250 -0500,
8,15.0,,706,706,0,,,,,100,0,,,,,c+8,poss,0.75,z,1.391680707980413,None,None,,,,,,,,,,,0,706,706,231,1499.850052416994,,,,,,,,,,,,,,,,,,,,,,,,,,,,,,,,,,,,,,,,,,,,,,,,,,,,,,,,,,,,,,,,,,,,,,1499.8449620419997,1499.850052416994,1500.5877934589807,1500.5877934589807,1500.5877934589807,1500.6624572500004,1500.6624572500004,1500.6624572500004,1501.2488077089947,z,1.391680707980413,None,1501.2489483339887,1501.2490044169826,None,,,,,,,,,,,,21040099,1,2026-01-08_12h24.15.625,tilt_mocs,2024.2.4,120.82547964695175,2026-01-08 12h24.34.223250 -0500,
4,0.0,,707,707,0,,,,,0,100,,,,,c+4,noss,0.5,z,1.1197455410147086,None,None,,,,,,,,,,,0,707,707,679,1501.2604284590052,,,,,,,,,,,,,,,,,,,,,,,,,,,,,,,,,,,,,,,,,,,,,,,,,,,,,,,,,,,,,,,,,,,,,,1501.2515602089989,1501.2604284590052,1501.7444529589848,1501.7444529589848,1501.7444529589848,1501.817520874989,1501.817520874989,1501.817520874989,1502.392790583981,z,1.1197455410147086,None,1502.3928855840059,1502.392926458997,None,,,,,,,,,,,,21040099,1,2026-01-08_12h24.15.625,tilt_mocs,2024.2.4,120.82547964695175,2026-01-08 12h24.34.223250 -0500,
-8,-15.0,,708,708,0,,,,,100,0,,,,,c-8,negs,0.5,z,1.0472174999886192,None,None,,,,,,,,,,,0,708,708,259,1502.399905750004,,,,,,,,,,,,,,,,,,,,,,,,,,,,,,,,,,,,,,,,,,,,,,,,,,,,,,,,,,,,,,,,,,,,,,1502.3948905419966,1502.399905750004,1502.885962500004,1502.885962500004,1502.885962500004,1502.962589458999,1502.962589458999,1502.962589458999,1503.4544480839977,z,1.0472174999886192,None,1503.4546187919914,1503.4546762919927,None,,,,,,,,,,,,21040099,1,2026-01-08_12h24.15.625,tilt_mocs,2024.2.4,120.82547964695175,2026-01-08 12h24.34.223250 -0500,
-6,-15.0,,709,709,0,,,,,100,0,,,,,c-6,negs,1.0,z,1.4478051659825724,None,None,,,,,,,,,,,0,709,709,321,1503.4658397089806,,,,,,,,,,,,,,,,,,,,,,,,,,,,,,,,,,,,,,,,,,,,,,,,,,,,,,,,,,,,,,,,,,,,,,1503.4576742089994,1503.4658397089806,1504.4548518749943,1504.4548518749943,1504.4548518749943,1504.5280714590044,1504.5280714590044,1504.5280714590044,1504.9259348750056,z,1.4478051659825724,None,1504.9260361669876,1504.926076792006,None,,,,,,,,,,,,21040099,1,2026-01-08_12h24.15.625,tilt_mocs,2024.2.4,120.82547964695175,2026-01-08 12h24.34.223250 -0500,
0,-15.0,,710,710,0,,,,,100,0,,,,,c+0,negs,0.75,z,1.3858166669961065,None,None,,,,,,,,,,,0,710,710,441,1504.9325819170044,,,,,,,,,,,,,,,,,,,,,,,,,,,,,,,,,,,,,,,,,,,,,,,,,,,,,,,,,,,,,,,,,,,,,,1504.9280623749946,1504.9325819170044,1505.6718695839809,1505.6718695839809,1505.6718695839809,1505.745986916998,1505.745986916998,1505.745986916998,1506.3209839169867,z,1.3858166669961065,None,1506.3210907919856,1506.321133291989,None,,,,,,,,,,,,21040099,1,2026-01-08_12h24.15.625,tilt_mocs,2024.2.4,120.82547964695175,2026-01-08 12h24.34.223250 -0500,
-2,15.0,,711,711,0,,,,,100,0,,,,,c-2,poss,1.25,z,1.7274382499745116,None,None,,,,,,,,,,,0,711,711,34,1506.3316868339898,,,,,,,,,,,,,,,,,,,,,,,,,,,,,,,,,,,,,,,,,,,,,,,,,,,,,,,,,,,,,,,,,,,,,,1506.3230564999976,1506.3316868339898,1507.5719147089985,1507.5719147089985,1507.5719147089985,1507.6460100839904,1507.6460100839904,1507.6460100839904,1508.0649364169803,z,1.7274382499745116,None,1508.0650859589805,1508.0651419589994,None,,,,,,,,,,,,21040099,1,2026-01-08_12h24.15.625,tilt_mocs,2024.2.4,120.82547964695175,2026-01-08 12h24.34.223250 -0500,
2,15.0,,712,712,0,,,,,100,0,,,,,c+2,poss,0.5,z,0.9465583340206649,None,None,,,,,,,,,,,0,712,712,84,1508.0771557920089,,,,,,,,,,,,,,,,,,,,,,,,,,,,,,,,,,,,,,,,,,,,,,,,,,,,,,,,,,,,,,,,,,,,,,1508.0680187919934,1508.0771557920089,1508.5625056669815,1508.5625056669815,1508.5625056669815,1508.6351349169854,1508.6351349169854,1508.6351349169854,1509.0312834589859,z,0.9465583340206649,None,1509.0314133339853,1509.0314664999896,None,,,,,,,,,,,,21040099,1,2026-01-08_12h24.15.625,tilt_mocs,2024.2.4,120.82547964695175,2026-01-08 12h24.34.223250 -0500,
0,15.0,,713,713,0,,,,,100,0,,,,,c+0,poss,0.5,z,1.0809524579963181,None,None,,,,,,,,,,,0,713,713,52,1509.042532374995,,,,,,,,,,,,,,,,,,,,,,,,,,,,,,,,,,,,,,,,,,,,,,,,,,,,,,,,,,,,,,,,,,,,,,1509.0338194170035,1509.042532374995,1509.527985416993,1509.527985416993,1509.527985416993,1509.601023583993,1509.601023583993,1509.601023583993,1510.1318513340084,z,1.0809524579963181,None,1510.1319894999906,1510.1320450000057,None,,,,,,,,,,,,21040099,1,2026-01-08_12h24.15.625,tilt_mocs,2024.2.4,120.82547964695175,2026-01-08 12h24.34.223250 -0500,
,,,,,,,,,,,,,,,,,,,,,,,,,,,,,,,,,,,,,,,,,,,,,,,,,,,,,,,,,,,,,,,,,,,,,,,,,,,,,,,,,,,,,,,,,,,,,,,,,,,,,,,,,,,,,,,,,,,,,,,,,,,,,,1510.1322440000076,1510.1426880839863,1510.1426880839863,1570.723057583993,space,60.577621083997656,None,21040099,1,2026-01-08_12h24.15.625,tilt_mocs,2024.2.4,120.82547964695175,2026-01-08 12h24.34.223250 -0500,
