center,surround,correct,thisN,thisTrialN,thisRepN,key_resp_3.keys,key_resp_3.corr,key_resp_3.rt,key_resp_3.duration,orient_opacity,noise_opacity,key_resp_4.keys,key_resp_4.corr,key_resp_4.rt,key_resp_4.duration,type,surr_type,isi,resp.keys,resp.rt,resp.duration,key_resp_10.keys,key_resp_10.rt,key_resp_10.duration,practice_no_time.thisRepN,practice_no_time.thisTrialN,practice_no_time.thisN,practice_no_time.thisIndex,practice_timed.thisRepN,practice_timed.thisTrialN,practice_timed.thisN,practice_timed.thisIndex,trials.thisRepN,trials.thisTrialN,trials.thisN,trials.thisIndex,thisRow.t,notes,instr.started,text_5.started,key_resp_2.started,instr.stopped,key_resp_2.keys,key_resp_2.rt,key_resp_2.duration,instr_example.started,key_resp_11.started,surround_practice_example.started,center_practice_example.started,text_15.started,instr_example.stopped,key_resp_11.keys,key_resp_11.rt,key_resp_11.duration,instr2.started,text_6.started,key_resp_6.started,instr2.stopped,key_resp_6.keys,key_resp_6.rt,key_resp_6.duration,practice_trial.started,key_resp_3.started,surround_practice.started,center_practice.started,practice_trial.stopped,practice_no_time.key_resp_3.keys,practice_no_time.key_resp_3.corr,practice_no_time.key_resp_3.rt,practice_no_time.key_resp_3.duration,practice_feedback.started,text_7.started,practice_feedback.stopped,text_7.stopped,instr3.started,text_8.started,key_resp_5.started,instr3.stopped,key_resp_5.keys,key_resp_5.rt,key_resp_5.duration,practice_trial_timed.started,key_resp_4.started,noise_2.started,surround_practice_2.started,center_practice_2.started,noise_2.stopped,surround_practice_2.stopped,center_practice_2.stopped,text_12.started,practice_trial_timed.stopped,practice_timed.key_resp_4.keys,practice_timed.key_resp_4.corr,practice_timed.key_resp_4.rt,practice_timed.key_resp_4.duration,practice_feedback_timed.started,text_16.started,practice_feedback_timed.stopped,text_16.stopped,start_instr.started,text_13.started,key_resp_8.started,start_instr.stopped,key_resp_8.keys,key_resp_8.rt,key_resp_8.duration,trial.started,resp.started,noise_3.started,surround_grating.started,center_grating.started,noise_3.stopped,surround_grating.stopped,center_grating.stopped,trial.stopped,trials.resp.keys,trials.resp.rt,trials.resp.duration,break_2.started,break_2.stopped,trials.key_resp_10.keys,text_2.started,key_resp_10.started,trials.key_resp_10.rt,trials.key_resp_10.duration,end.started,text_14.started,key_resp.started,end.stopped,key_resp.keys,key_resp.rt,key_resp.duration,sub,ses,date,expName,psychopyVersion,frameRate,expStart,
,,,,,,,,,,,,,,,,,,,,,,,,,,,,,,,,,,,,,,,0.009156832995358855,0.016354790997866075,0.016354790997866075,48.49555962500017,space,48.43816579200211,None,,,,,,,,,,,,,,,,,,,,,,,,,,,,,,,,,,,,,,,,,,,,,,,,,,,,,,,,,,,,,,,,,,,,,,,,,,,,,,,,,,,,,,,,21040100,2,2026-02-26_12h56.31.216,tilt_mocs,2024.2.4,120.14790206418549,2026-02-26 12h56.44.896457 -0500,
,,,,,,,,,,,,,,,,,,,,,,,,,,,,,,,,,,,,,,,,,,,,,,48.49722158299846,48.51802520799538,48.51802520799538,48.51802520799538,48.51802520799538,53.442953540994495,period,4.915600291998999,None,,,,,,,,,,,,,,,,,,,,,,,,,,,,,,,,,,,,,,,,,,,,,,,,,,,,,,,,,,,,,,,,,,,,,,,,,,,,,,,21040100,2,2026-02-26_12h56.31.216,tilt_mocs,2024.2.4,120.14790206418549,2026-02-26 12h56.44.896457 -0500,
,,,,,,,,,,,,,,,,,,,,,,,,,,,,,,,,,,,,,,,,,,,,,,,,,,,,,,,53.44302170800074,53.453531832994486,53.453531832994486,66.81655791599769,space,13.360748291001073,None,,,,,,,,,,,,,,,,,,,,,,,,,,,,,,,,,,,,,,,,,,,,,,,,,,,,,,,,,,,,,,,,,,,,,,,,21040100,2,2026-02-26_12h56.31.216,tilt_mocs,2024.2.4,120.14790206418549,2026-02-26 12h56.44.896457 -0500,
30,0,period,0,0,0,period,1,1.2205966250039637,None,,,,,,,,,,,,,,,,0,0,0,0,,,,,,,,,66.83797691599466,,,,,,,,,,,,,,,,,,,,,,,,,66.82923637500062,66.83797691599466,67.3242130409999,67.3242130409999,68.06119670799671,period,1,1.2205966250039637,None,68.06603329099744,68.07672162499512,69.5636158749985,,,,,,,,,,,,,,,,,,,,,,,,,,,,,,,,,,,,,,,,,,,,,,,,,,,,,,,,,,,,21040100,2,2026-02-26_12h56.31.216,tilt_mocs,2024.2.4,120.14790206418549,2026-02-26 12h56.44.896457 -0500,
-30,0,z,1,1,0,z,1,0.9532149169972399,None,,,,,,,,,,,,,,,,0,1,1,1,,,,,,,,,69.57529395799793,,,,,,,,,,,,,,,,,,,,,,,,,69.565617207998,69.57529395799793,70.05813454099552,70.05813454099552,70.53366995800025,z,1,0.9532149169972399,None,70.53380895799637,70.54347766599676,72.03099941599794,72.04153574999509,,,,,,,,,,,,,,,,,,,,,,,,,,,,,,,,,,,,,,,,,,,,,,,,,,,,,,,,,,,21040100,2,2026-02-26_12h56.31.216,tilt_mocs,2024.2.4,120.14790206418549,2026-02-26 12h56.44.896457 -0500,
30,60,period,2,2,0,period,1,1.089313416996447,None,,,,,,,,,,,,,,,,0,2,2,2,,,,,,,,,72.04153574999509,,,,,,,,,,,,,,,,,,,,,,,,,72.03339091599628,72.04153574999509,72.53381929099851,72.53381929099851,73.1349514579997,period,1,1.089313416996447,None,73.13510879100068,73.14446695799415,74.63230170799943,74.64164879099553,,,,,,,,,,,,,,,,,,,,,,,,,,,,,,,,,,,,,,,,,,,,,,,,,,,,,,,,,,,21040100,2,2026-02-26_12h56.31.216,tilt_mocs,2024.2.4,120.14790206418549,2026-02-26 12h56.44.896457 -0500,
-30,-60,z,3,3,0,z,1,1.1311778750023223,None,,,,,,,,,,,,,,,,0,3,3,3,,,,,,,,,74.64164879099553,,,,,,,,,,,,,,,,,,,,,,,,,74.63472441599879,74.64164879099553,75.13432987499982,75.13432987499982,75.77766187499947,z,1,1.1311778750023223,None,75.77781733300071,75.78711562499666,77.27646970799833,77.28439704099583,,,,,,,,,,,,,,,,,,,,,,,,,,,,,,,,,,,,,,,,,,,,,,,,,,,,,,,,,,,21040100,2,2026-02-26_12h56.31.216,tilt_mocs,2024.2.4,120.14790206418549,2026-02-26 12h56.44.896457 -0500,
,,,,,,,,,,,,,,,,,,,,,,,,,,,,,,,,,,,,,,,,,,,,,,,,,,,,,,,,,,,,,,,,,,,,,,,,,,,77.27669474999857,77.28439704099583,77.28439704099583,112.20622187499976,space,34.90993045800133,None,,,,,,,,,,,,,,,,,,,,,,,,,,,,,,,,,,,,,,,,,,,,,,,,,,,,21040100,2,2026-02-26_12h56.31.216,tilt_mocs,2024.2.4,120.14790206418549,2026-02-26 12h56.44.896457 -0500,
-30,-60,z,0,0,0,,,,,100,0,z,1,1.60854120899603,None,,,,,,,,,,,,,,0,0,0,0,,,,,112.21904799999902,,,,,,,,,,,,,,,,,,,,,,,,,,,,,,,,,,,,,,,,,,,,,112.2134870000009,112.21904799999902,112.70837024999491,112.70837024999491,112.70837024999491,112.78447987500113,112.78447987500113,112.78447987500113,112.78447987500113,113.83939549999923,z,1,1.60854120899603,None,113.84255462500005,113.84913591599616,115.34399679099442,,,,,,,,,,,,,,,,,,,,,,,,,,,,,,,,,,,21040100,2,2026-02-26_12h56.31.216,tilt_mocs,2024.2.4,120.14790206418549,2026-02-26 12h56.44.896457 -0500,
-30,0,z,1,1,0,,,,,100,0,z,1,0.9792144579987507,None,,,,,,,,,,,,,,0,1,1,1,,,,,115.35164087500016,,,,,,,,,,,,,,,,,,,,,,,,,,,,,,,,,,,,,,,,,,,,,115.34577058300056,115.35164087500016,115.83657087499887,115.83657087499887,115.83657087499887,115.91037599999981,115.91037599999981,115.91037599999981,115.91760066599818,116.33458579099533,z,1,0.9792144579987507,None,116.33470599999418,116.3435534579985,117.82801237500098,117.83533895800065,,,,,,,,,,,,,,,,,,,,,,,,,,,,,,,,,,21040100,2,2026-02-26_12h56.31.216,tilt_mocs,2024.2.4,120.14790206418549,2026-02-26 12h56.44.896457 -0500,
30,60,period,2,2,0,,,,,100,0,period,1,0.9081716250002501,None,,,,,,,,,,,,,,0,2,2,2,,,,,117.83533895800065,,,,,,,,,,,,,,,,,,,,,,,,,,,,,,,,,,,,,,,,,,,,,117.8297432909967,117.83533895800065,118.33612499999435,118.33612499999435,118.33612499999435,118.41053258299507,118.41053258299507,118.41053258299507,118.41053258299507,118.74652999999671,period,1,0.9081716250002501,None,118.74671574999957,118.75556391599821,120.24438470799942,120.25260495799739,,,,,,,,,,,,,,,,,,,,,,,,,,,,,,,,,,21040100,2,2026-02-26_12h56.31.216,tilt_mocs,2024.2.4,120.14790206418549,2026-02-26 12h56.44.896457 -0500,
30,0,period,3,3,0,,,,,100,0,period,1,0.9167297909953049,None,,,,,,,,,,,,,,0,3,3,3,,,,,120.25260495799739,,,,,,,,,,,,,,,,,,,,,,,,,,,,,,,,,,,,,,,,,,,,,120.2467851659967,120.25260495799739,120.7433275000003,120.7433275000003,120.7433275000003,120.81632399999944,120.81632399999944,120.81632399999944,120.81632399999944,121.1794134160009,period,1,0.9167297909953049,None,121.17956904099992,121.18873924999934,122.67796716599696,122.68571487499867,,,,,,,,,,,,,,,,,,,,,,,,,,,,,,,,,,21040100,2,2026-02-26_12h56.31.216,tilt_mocs,2024.2.4,120.14790206418549,2026-02-26 12h56.44.896457 -0500,
-30,69,z,4,4,0,,,,,0,100,z,1,0.8618093340046471,None,,,,,,,,,,,,,,0,4,4,4,,,,,122.68571487499867,,,,,,,,,,,,,,,,,,,,,,,,,,,,,,,,,,,,,,,,,,,,,122.67970979099482,122.68571487499867,123.17671820800024,123.17671820800024,123.17671820800024,123.24983837499894,123.24983837499894,123.24983837499894,123.24983837499894,123.5532069999972,z,1,0.8618093340046471,None,123.55335995800124,123.56269966599939,125.05127004099631,125.06030020799517,,,,,,,,,,,,,,,,,,,,,,,,,,,,,,,,,,21040100,2,2026-02-26_12h56.31.216,tilt_mocs,2024.2.4,120.14790206418549,2026-02-26 12h56.44.896457 -0500,
30,69,period,5,5,0,,,,,0,100,period,1,0.8918360419993405,None,,,,,,,,,,,,,,0,5,5,5,,,,,125.06030020799517,,,,,,,,,,,,,,,,,,,,,,,,,,,,,,,,,,,,,,,,,,,,,125.05301949999557,125.06030020799517,125.55339704099606,125.55339704099606,125.55339704099606,125.62698224999622,125.62698224999622,125.62698224999622,125.62698224999622,125.96284529099648,period,1,0.8918360419993405,None,125.96296379099658,125.97171874999913,127.46171316599793,127.47014304099866,,,,,,,,,,,,,,,,,,,,,,,,,,,,,,,,,,21040100,2,2026-02-26_12h56.31.216,tilt_mocs,2024.2.4,120.14790206418549,2026-02-26 12h56.44.896457 -0500,
,,,,,,,,,,,,,,,,,,,,,,,,,,,,,,,,,,,,,,,,,,,,,,,,,,,,,,,,,,,,,,,,,,,,,,,,,,,,,,,,,,,,,,,,,,,,,,,,,,,,127.46190366600058,127.47014304099866,127.47014304099866,159.70521741599805,space,32.2322296659986,None,,,,,,,,,,,,,,,,,,,,,,,,,,,21040100,2,2026-02-26_12h56.31.216,tilt_mocs,2024.2.4,120.14790206418549,2026-02-26 12h56.44.896457 -0500,
2,0.0,,0,0,0,,,,,0,100,,,,,c+2,noss,1.0,period,1.8120569579987205,None,None,,,,,,,,,,,0,0,0,652,159.84106341599545,,,,,,,,,,,,,,,,,,,,,,,,,,,,,,,,,,,,,,,,,,,,,,,,,,,,,,,,,,,,,,,,,,,,,,159.83476187499764,159.84106341599545,160.70995987499919,160.70995987499919,160.70995987499919,160.78358799999842,160.78358799999842,160.78358799999842,161.66423566600133,period,1.8120569579987205,None,161.66437391599902,161.66443949999666,None,,,,,,,,,,,,21040100,2,2026-02-26_12h56.31.216,tilt_mocs,2024.2.4,120.14790206418549,2026-02-26 12h56.44.896457 -0500,
8,15.0,,1,1,0,,,,,100,0,,,,,c+8,poss,1.25,period,1.7542877499945462,None,None,,,,,,,,,,,0,1,1,250,161.67579833299533,,,,,,,,,,,,,,,,,,,,,,,,,,,,,,,,,,,,,,,,,,,,,,,,,,,,,,,,,,,,,,,,,,,,,,161.66690433299664,161.67579833299533,162.91160687500087,162.91160687500087,162.91160687500087,162.98354824999842,162.98354824999842,162.98354824999842,163.4365690409977,period,1.7542877499945462,None,163.43673754100018,163.43679187499947,None,,,,,,,,,,,,21040100,2,2026-02-26_12h56.31.216,tilt_mocs,2024.2.4,120.14790206418549,2026-02-26 12h56.44.896457 -0500,
2,-15.0,,2,2,0,,,,,100,0,,,,,c+2,negs,1.25,period,1.789759667000908,None,None,,,,,,,,,,,0,2,2,501,163.44808429099794,,,,,,,,,,,,,,,,,,,,,,,,,,,,,,,,,,,,,,,,,,,,,,,,,,,,,,,,,,,,,,,,,,,,,,163.43989466600033,163.44808429099794,164.68837104099657,164.68837104099657,164.68837104099657,164.76226058299653,164.76226058299653,164.76226058299653,165.24664979099907,period,1.789759667000908,None,165.24678295799822,165.24683699999878,None,,,,,,,,,,,,21040100,2,2026-02-26_12h56.31.216,tilt_mocs,2024.2.4,120.14790206418549,2026-02-26 12h56.44.896457 -0500,
2,-15.0,,3,3,0,,,,,100,0,,,,,c+2,negs,1.25,period,1.7603077919993666,None,None,,,,,,,,,,,0,3,3,499,165.25773974999902,,,,,,,,,,,,,,,,,,,,,,,,,,,,,,,,,,,,,,,,,,,,,,,,,,,,,,,,,,,,,,,,,,,,,,165.248987166,165.25773974999902,166.4944276249953,166.4944276249953,166.4944276249953,166.5674252079989,166.5674252079989,166.5674252079989,167.02064874999633,period,1.7603077919993666,None,167.02078983299725,167.02083424999728,None,,,,,,,,,,,,21040100,2,2026-02-26_12h56.31.216,tilt_mocs,2024.2.4,120.14790206418549,2026-02-26 12h56.44.896457 -0500,
-4,0.0,,4,4,0,,,,,0,100,,,,,c-4,noss,0.75,z,1.2600995000029798,None,None,,,,,,,,,,,0,4,4,519,167.0314512499972,,,,,,,,,,,,,,,,,,,,,,,,,,,,,,,,,,,,,,,,,,,,,,,,,,,,,,,,,,,,,,,,,,,,,,167.02282870799536,167.0314512499972,167.77210266600014,167.77210266600014,167.77210266600014,167.84570595799596,167.84570595799596,167.84570595799596,168.29751720799686,z,1.2600995000029798,None,168.29762633299833,168.29767012500088,None,,,,,,,,,,,,21040100,2,2026-02-26_12h56.31.216,tilt_mocs,2024.2.4,120.14790206418549,2026-02-26 12h56.44.896457 -0500,
-2,0.0,,5,5,0,,,,,0,100,,,,,c-2,noss,0.75,z,1.2340323329990497,None,None,,,,,,,,,,,0,5,5,561,168.30833666599938,,,,,,,,,,,,,,,,,,,,,,,,,,,,,,,,,,,,,,,,,,,,,,,,,,,,,,,,,,,,,,,,,,,,,,168.29969504099427,168.30833666599938,169.044242457996,169.044242457996,169.044242457996,169.11752470799547,169.11752470799547,169.11752470799547,169.54820054100128,z,1.2340323329990497,None,169.5483547909971,169.5484116660009,None,,,,,,,,,,,,21040100,2,2026-02-26_12h56.31.216,tilt_mocs,2024.2.4,120.14790206418549,2026-02-26 12h56.44.896457 -0500,
-2,0.0,,6,6,0,,,,,0,100,,,,,c-2,noss,0.5,z,3.839123749996361,None,None,,,,,,,,,,,0,6,6,547,169.56063933299447,,,,,,,,,,,,,,,,,,,,,,,,,,,,,,,,,,,,,,,,,,,,,,,,,,,,,,,,,,,,,,,,,,,,,,169.55157429099927,169.56063933299447,170.04521266599477,170.04521266599477,170.04521266599477,170.11758220799675,170.11758220799675,170.11758220799675,173.40461041600065,z,3.839123749996361,None,173.4047562909982,173.40481462499883,None,,,,,,,,,,,,21040100,2,2026-02-26_12h56.31.216,tilt_mocs,2024.2.4,120.14790206418549,2026-02-26 12h56.44.896457 -0500,
0,-15.0,,7,7,0,,,,,100,0,,,,,c+0,negs,0.75,period,1.2670283330007805,None,None,,,,,,,,,,,0,7,7,431,173.41553708299762,,,,,,,,,,,,,,,,,,,,,,,,,,,,,,,,,,,,,,,,,,,,,,,,,,,,,,,,,,,,,,,,,,,,,,173.4073274159964,173.41553708299762,174.15513537499646,174.15513537499646,174.15513537499646,174.2288207909951,174.2288207909951,174.2288207909951,174.68712304099608,period,1.2670283330007805,None,174.68726212500042,174.6873246249961,None,,,,,,,,,,,,21040100,2,2026-02-26_12h56.31.216,tilt_mocs,2024.2.4,120.14790206418549,2026-02-26 12h56.44.896457 -0500,
-2,-15.0,,8,8,0,,,,,100,0,,,,,c-2,negs,1.0,period,1.6036766670004,None,None,,,,,,,,,,,0,8,8,409,174.6981956249947,,,,,,,,,,,,,,,,,,,,,,,,,,,,,,,,,,,,,,,,,,,,,,,,,,,,,,,,,,,,,,,,,,,,,,174.68948391600134,174.6981956249947,175.68850741599454,175.68850741599454,175.68850741599454,175.7626553749942,175.7626553749942,175.7626553749942,176.3042050410004,period,1.6036766670004,None,176.3043162499962,176.30435979100002,None,,,,,,,,,,,,21040100,2,2026-02-26_12h56.31.216,tilt_mocs,2024.2.4,120.14790206418549,2026-02-26 12h56.44.896457 -0500,
0,15.0,,9,9,0,,,,,100,0,,,,,c+0,poss,1.0,z,1.691373207999277,None,None,,,,,,,,,,,0,9,9,70,176.31503204099863,,,,,,,,,,,,,,,,,,,,,,,,,,,,,,,,,,,,,,,,,,,,,,,,,,,,,,,,,,,,,,,,,,,,,,176.30638329099747,176.31503204099863,177.30542879099812,177.30542879099812,177.30542879099812,177.37933466599497,177.37933466599497,177.37933466599497,178.01506858300127,z,1.691373207999277,None,178.01523616600025,178.0153124999997,None,,,,,,,,,,,,21040100,2,2026-02-26_12h56.31.216,tilt_mocs,2024.2.4,120.14790206418549,2026-02-26 12h56.44.896457 -0500,
-2,0.0,,10,10,0,,,,,0,100,,,,,c-2,noss,1.25,z,1.8116975000011735,None,None,,,,,,,,,,,0,10,10,580,178.0272857079981,,,,,,,,,,,,,,,,,,,,,,,,,,,,,,,,,,,,,,,,,,,,,,,,,,,,,,,,,,,,,,,,,,,,,,178.01797074999922,178.0272857079981,179.26233566599694,179.26233566599694,179.26233566599694,179.33444420799788,179.33444420799788,179.33444420799788,179.84869099999923,z,1.8116975000011735,None,179.8488676249981,179.84893249999732,None,,,,,,,,,,,,21040100,2,2026-02-26_12h56.31.216,tilt_mocs,2024.2.4,120.14790206418549,2026-02-26 12h56.44.896457 -0500,
2,-15.0,,11,11,0,,,,,100,0,,,,,c+2,negs,0.75,period,1.288548709002498,None,None,,,,,,,,,,,0,11,11,475,179.86072699999932,,,,,,,,,,,,,,,,,,,,,,,,,,,,,,,,,,,,,,,,,,,,,,,,,,,,,,,,,,,,,,,,,,,,,,179.8514983749992,179.86072699999932,180.59562424999604,180.59562424999604,180.59562424999604,180.66762429099617,180.66762429099617,180.66762429099617,181.15454825000052,period,1.288548709002498,None,181.15470866599935,181.15478845799953,None,,,,,,,,,,,,21040100,2,2026-02-26_12h56.31.216,tilt_mocs,2024.2.4,120.14790206418549,2026-02-26 12h56.44.896457 -0500,
-4,0.0,,12,12,0,,,,,0,100,,,,,c-4,noss,1.0,z,1.4682027919989196,None,None,,,,,,,,,,,0,12,12,526,181.16561883299437,,,,,,,,,,,,,,,,,,,,,,,,,,,,,,,,,,,,,,,,,,,,,,,,,,,,,,,,,,,,,,,,,,,,,,181.1573902079981,181.16561883299437,182.15523929099436,182.15523929099436,182.15523929099436,182.22952745799557,182.22952745799557,182.22952745799557,182.63793041600002,z,1.4682027919989196,None,182.6380809580005,182.63814229099808,None,,,,,,,,,,,,21040100,2,2026-02-26_12h56.31.216,tilt_mocs,2024.2.4,120.14790206418549,2026-02-26 12h56.44.896457 -0500,
4,0.0,,13,13,0,,,,,0,100,,,,,c+4,noss,1.25,period,1.6868059580010595,None,None,,,,,,,,,,,0,13,13,706,182.64860770799714,,,,,,,,,,,,,,,,,,,,,,,,,,,,,,,,,,,,,,,,,,,,,,,,,,,,,,,,,,,,,,,,,,,,,,182.64035591599531,182.64860770799714,183.88822491599421,183.88822491599421,183.88822491599421,183.96293616599723,183.96293616599723,183.96293616599723,184.33787816599943,period,1.6868059580010595,None,184.3380175409984,184.3380837500008,None,,,,,,,,,,,,21040100,2,2026-02-26_12h56.31.216,tilt_mocs,2024.2.4,120.14790206418549,2026-02-26 12h56.44.896457 -0500,
0,15.0,,14,14,0,,,,,100,0,,,,,c+0,poss,0.75,z,1.2820810840057675,None,None,,,,,,,,,,,0,14,14,59,184.34877124999912,,,,,,,,,,,,,,,,,,,,,,,,,,,,,,,,,,,,,,,,,,,,,,,,,,,,,,,,,,,,,,,,,,,,,,184.34011612500035,184.34877124999912,185.08866495799884,185.08866495799884,185.08866495799884,185.16301045799628,185.16301045799628,185.16301045799628,185.63726579099603,z,1.2820810840057675,None,185.63740549999784,185.63748133299669,None,,,,,,,,,,,,21040100,2,2026-02-26_12h56.31.216,tilt_mocs,2024.2.4,120.14790206418549,2026-02-26 12h56.44.896457 -0500,
-6,-15.0,,15,15,0,,,,,100,0,,,,,c-6,negs,0.75,z,1.7766453750009532,None,None,,,,,,,,,,,0,15,15,309,185.64870516600058,,,,,,,,,,,,,,,,,,,,,,,,,,,,,,,,,,,,,,,,,,,,,,,,,,,,,,,,,,,,,,,,,,,,,,185.639861165997,185.64870516600058,186.38906674999453,186.38906674999453,186.38906674999453,186.46313845799887,186.46313845799887,186.46313845799887,187.43165091599803,z,1.7766453750009532,None,187.43175712499942,187.43180091599788,None,,,,,,,,,,,,21040100,2,2026-02-26_12h56.31.216,tilt_mocs,2024.2.4,120.14790206418549,2026-02-26 12h56.44.896457 -0500,
4,0.0,,16,16,0,,,,,0,100,,,,,c+4,noss,1.25,period,1.6945191659979173,None,None,,,,,,,,,,,0,16,16,704,187.4424352499991,,,,,,,,,,,,,,,,,,,,,,,,,,,,,,,,,,,,,,,,,,,,,,,,,,,,,,,,,,,,,,,,,,,,,,187.4338079579975,187.4424352499991,188.6784849159958,188.6784849159958,188.6784849159958,188.75178883299668,188.75178883299668,188.75178883299668,189.14850308300083,period,1.6945191659979173,None,189.14863529099966,189.14869045799423,None,,,,,,,,,,,,21040100,2,2026-02-26_12h56.31.216,tilt_mocs,2024.2.4,120.14790206418549,2026-02-26 12h56.44.896457 -0500,
-8,-15.0,,17,17,0,,,,,100,0,,,,,c-8,negs,1.0,z,1.4145347499943455,None,None,,,,,,,,,,,0,17,17,275,189.15963720799482,,,,,,,,,,,,,,,,,,,,,,,,,,,,,,,,,,,,,,,,,,,,,,,,,,,,,,,,,,,,,,,,,,,,,,189.1507460829962,189.15963720799482,190.14597129100002,190.14597129100002,190.14597129100002,190.2191532910001,190.2191532910001,190.2191532910001,190.58219779099454,z,1.4145347499943455,None,190.58236937499896,190.58242420799797,None,,,,,,,,,,,,21040100,2,2026-02-26_12h56.31.216,tilt_mocs,2024.2.4,120.14790206418549,2026-02-26 12h56.44.896457 -0500,
-2,0.0,,18,18,0,,,,,0,100,,,,,c-2,noss,1.0,z,1.5959765409934334,None,None,,,,,,,,,,,0,18,18,576,190.5942317079971,,,,,,,,,,,,,,,,,,,,,,,,,,,,,,,,,,,,,,,,,,,,,,,,,,,,,,,,,,,,,,,,,,,,,,190.58559462500125,190.5942317079971,191.57941587499954,191.57941587499954,191.57941587499954,191.65172874999553,191.65172874999553,191.65172874999553,192.1990312909984,z,1.5959765409934334,None,192.199199374998,192.1992594159965,None,,,,,,,,,,,,21040100,2,2026-02-26_12h56.31.216,tilt_mocs,2024.2.4,120.14790206418549,2026-02-26 12h56.44.896457 -0500,
0,0.0,,19,19,0,,,,,0,100,,,,,c+0,noss,0.75,period,1.4703737910022028,None,None,,,,,,,,,,,0,19,19,604,192.2116457499942,,,,,,,,,,,,,,,,,,,,,,,,,,,,,,,,,,,,,,,,,,,,,,,,,,,,,,,,,,,,,,,,,,,,,,192.20229466599994,192.2116457499942,192.94605066599615,192.94605066599615,192.94605066599615,193.01828837499488,193.01828837499488,193.01828837499488,193.68887600000016,period,1.4703737910022028,None,193.68902887500008,193.68908904099953,None,,,,,,,,,,,,21040100,2,2026-02-26_12h56.31.216,tilt_mocs,2024.2.4,120.14790206418549,2026-02-26 12h56.44.896457 -0500,
4,0.0,,20,20,0,,,,,0,100,,,,,c+4,noss,0.5,period,1.022659415997623,None,None,,,,,,,,,,,0,20,20,676,193.6995503329963,,,,,,,,,,,,,,,,,,,,,,,,,,,,,,,,,,,,,,,,,,,,,,,,,,,,,,,,,,,,,,,,,,,,,,193.6914442499983,193.6995503329963,194.18930266599637,194.18930266599637,194.18930266599637,194.26334583299467,194.26334583299467,194.26334583299467,194.73257433300023,period,1.022659415997623,None,194.73272445800103,194.7327894580012,None,,,,,,,,,,,,21040100,2,2026-02-26_12h56.31.216,tilt_mocs,2024.2.4,120.14790206418549,2026-02-26 12h56.44.896457 -0500,
-2,0.0,,21,21,0,,,,,0,100,,,,,c-2,noss,1.25,z,1.733535291001317,None,None,,,,,,,,,,,0,21,21,583,194.74404629099445,,,,,,,,,,,,,,,,,,,,,,,,,,,,,,,,,,,,,,,,,,,,,,,,,,,,,,,,,,,,,,,,,,,,,,194.7351992499971,194.74404629099445,195.97957920799672,195.97957920799672,195.97957920799672,196.05151604099956,196.05151604099956,196.05151604099956,196.48277483299898,z,1.733535291001317,None,196.4829336249968,196.4829925410013,None,,,,,,,,,,,,21040100,2,2026-02-26_12h56.31.216,tilt_mocs,2024.2.4,120.14790206418549,2026-02-26 12h56.44.896457 -0500,
-2,0.0,,22,22,0,,,,,0,100,,,,,c-2,noss,0.75,z,1.228618291002931,None,None,,,,,,,,,,,0,22,22,566,196.49427133299469,,,,,,,,,,,,,,,,,,,,,,,,,,,,,,,,,,,,,,,,,,,,,,,,,,,,,,,,,,,,,,,,,,,,,,196.48518845799845,196.49427133299469,197.22952695799904,197.22952695799904,197.22952695799904,197.3023835829954,197.3023835829954,197.3023835829954,197.7321705409995,z,1.228618291002931,None,197.73230458299804,197.73235829099576,None,,,,,,,,,,,,21040100,2,2026-02-26_12h56.31.216,tilt_mocs,2024.2.4,120.14790206418549,2026-02-26 12h56.44.896457 -0500,
2,0.0,,23,23,0,,,,,0,100,,,,,c+2,noss,1.25,period,1.7202144999973825,None,None,,,,,,,,,,,0,23,23,663,197.74347674999444,,,,,,,,,,,,,,,,,,,,,,,,,,,,,,,,,,,,,,,,,,,,,,,,,,,,,,,,,,,,,,,,,,,,,,197.73484345799807,197.74347674999444,198.97972074999416,198.97972074999416,198.97972074999416,199.05189904099825,199.05189904099825,199.05189904099825,199.46674625000014,period,1.7202144999973825,None,199.46690587500052,199.4669644999958,None,,,,,,,,,,,,21040100,2,2026-02-26_12h56.31.216,tilt_mocs,2024.2.4,120.14790206418549,2026-02-26 12h56.44.896457 -0500,
2,0.0,,24,24,0,,,,,0,100,,,,,c+2,noss,1.0,period,1.5018568750019767,None,None,,,,,,,,,,,0,24,24,656,199.47866970799805,,,,,,,,,,,,,,,,,,,,,,,,,,,,,,,,,,,,,,,,,,,,,,,,,,,,,,,,,,,,,,,,,,,,,,199.4694577909977,199.47866970799805,200.46220624999842,200.46220624999842,200.46220624999842,200.53629816600005,200.53629816600005,200.53629816600005,200.98377400000027,period,1.5018568750019767,None,200.98393741600012,200.9839937910001,None,,,,,,,,,,,,21040100,2,2026-02-26_12h56.31.216,tilt_mocs,2024.2.4,120.14790206418549,2026-02-26 12h56.44.896457 -0500,
6,15.0,,25,25,0,,,,,100,0,,,,,c+6,poss,1.25,period,1.7132146660005674,None,None,,,,,,,,,,,0,25,25,207,200.99528387499595,,,,,,,,,,,,,,,,,,,,,,,,,,,,,,,,,,,,,,,,,,,,,,,,,,,,,,,,,,,,,,,,,,,,,,200.98610262500006,200.99528387499595,202.22975845800102,202.22975845800102,202.22975845800102,202.30148079100036,202.30148079100036,202.30148079100036,202.7159266249946,period,1.7132146660005674,None,202.71606162499666,202.71611729099823,None,,,,,,,,,,,,21040100,2,2026-02-26_12h56.31.216,tilt_mocs,2024.2.4,120.14790206418549,2026-02-26 12h56.44.896457 -0500,
-8,-15.0,,26,26,0,,,,,100,0,,,,,c-8,negs,1.0,z,1.427404124995519,None,None,,,,,,,,,,,0,26,26,281,202.72683187499933,,,,,,,,,,,,,,,,,,,,,,,,,,,,,,,,,,,,,,,,,,,,,,,,,,,,,,,,,,,,,,,,,,,,,,202.71822991599765,202.72683187499933,203.71318887500092,203.71318887500092,203.71318887500092,203.78505487499933,203.78505487499933,203.78505487499933,204.16475849999551,z,1.427404124995519,None,204.16482433299825,204.16484887499973,None,,,,,,,,,,,,21040100,2,2026-02-26_12h56.31.216,tilt_mocs,2024.2.4,120.14790206418549,2026-02-26 12h56.44.896457 -0500,
-8,-15.0,,27,27,0,,,,,100,0,,,,,c-8,negs,0.5,z,1.112150583001494,None,None,,,,,,,,,,,0,27,27,259,204.17414733299665,,,,,,,,,,,,,,,,,,,,,,,,,,,,,,,,,,,,,,,,,,,,,,,,,,,,,,,,,,,,,,,,,,,,,,204.16611587499938,204.17414733299665,204.66316083299898,204.66316083299898,204.66316083299898,204.73566741599643,204.73566741599643,204.73566741599643,205.28949833299703,z,1.112150583001494,None,205.2896734159949,205.28974883299816,None,,,,,,,,,,,,21040100,2,2026-02-26_12h56.31.216,tilt_mocs,2024.2.4,120.14790206418549,2026-02-26 12h56.44.896457 -0500,
4,15.0,,28,28,0,,,,,100,0,,,,,c+4,poss,1.0,period,1.6902092500022263,None,None,,,,,,,,,,,0,28,28,153,205.3005059999996,,,,,,,,,,,,,,,,,,,,,,,,,,,,,,,,,,,,,,,,,,,,,,,,,,,,,,,,,,,,,,,,,,,,,,205.29222079099418,205.3005059999996,206.289845583,206.289845583,206.289845583,206.36373574999743,206.36373574999743,206.36373574999743,207.0001301250013,period,1.6902092500022263,None,207.00027083299938,207.00032945799467,None,,,,,,,,,,,,21040100,2,2026-02-26_12h56.31.216,tilt_mocs,2024.2.4,120.14790206418549,2026-02-26 12h56.44.896457 -0500,
2,15.0,,29,29,0,,,,,100,0,,,,,c+2,poss,1.25,period,2.578847292003047,None,None,,,,,,,,,,,0,29,29,118,207.01149729099416,,,,,,,,,,,,,,,,,,,,,,,,,,,,,,,,,,,,,,,,,,,,,,,,,,,,,,,,,,,,,,,,,,,,,,207.00263370799803,207.01149729099416,208.24665587499476,208.24665587499476,208.24665587499476,208.31868979099818,208.31868979099818,208.31868979099818,209.59958308299974,period,2.578847292003047,None,209.59974504099955,209.59980150000047,None,,,,,,,,,,,,21040100,2,2026-02-26_12h56.31.216,tilt_mocs,2024.2.4,120.14790206418549,2026-02-26 12h56.44.896457 -0500,
6,15.0,,30,30,0,,,,,100,0,,,,,c+6,poss,0.5,period,1.0199387079992448,None,None,,,,,,,,,,,0,30,30,173,209.61107504100073,,,,,,,,,,,,,,,,,,,,,,,,,,,,,,,,,,,,,,,,,,,,,,,,,,,,,,,,,,,,,,,,,,,,,,209.60286741599703,209.61107504100073,210.09686499999953,210.09686499999953,210.09686499999953,210.16874399999506,210.16874399999506,210.16874399999506,210.63387562499702,period,1.0199387079992448,None,210.63402720799786,210.6340905409961,None,,,,,,,,,,,,21040100,2,2026-02-26_12h56.31.216,tilt_mocs,2024.2.4,120.14790206418549,2026-02-26 12h56.44.896457 -0500,
-4,0.0,,31,31,0,,,,,0,100,,,,,c-4,noss,1.25,z,1.721149791002972,None,None,,,,,,,,,,,0,31,31,545,210.6456318749988,,,,,,,,,,,,,,,,,,,,,,,,,,,,,,,,,,,,,,,,,,,,,,,,,,,,,,,,,,,,,,,,,,,,,,210.6365492499972,210.6456318749988,211.88012112499564,211.88012112499564,211.88012112499564,211.96406512500107,211.96406512500107,211.96406512500107,212.37164179099636,z,1.721149791002972,None,212.3717719999986,212.3718326659946,None,,,,,,,,,,,,21040100,2,2026-02-26_12h56.31.216,tilt_mocs,2024.2.4,120.14790206418549,2026-02-26 12h56.44.896457 -0500,
0,0.0,,32,32,0,,,,,0,100,,,,,c+0,noss,1.0,period,1.7994797499995911,None,None,,,,,,,,,,,0,32,32,615,212.38293174999853,,,,,,,,,,,,,,,,,,,,,,,,,,,,,,,,,,,,,,,,,,,,,,,,,,,,,,,,,,,,,,,,,,,,,,212.37406304099568,212.38293174999853,213.37358312499418,213.37358312499418,213.37358312499418,213.4473283749976,213.4473283749976,213.4473283749976,214.18968424999912,period,1.7994797499995911,None,214.1898363329965,214.18989733299532,None,,,,,,,,,,,,21040100,2,2026-02-26_12h56.31.216,tilt_mocs,2024.2.4,120.14790206418549,2026-02-26 12h56.44.896457 -0500,
2,0.0,,33,33,0,,,,,0,100,,,,,c+2,noss,0.5,period,0.9849843329939176,None,None,,,,,,,,,,,0,33,33,634,214.20039320799697,,,,,,,,,,,,,,,,,,,,,,,,,,,,,,,,,,,,,,,,,,,,,,,,,,,,,,,,,,,,,,,,,,,,,,214.1922705409961,214.20039320799697,214.69038991599518,214.69038991599518,214.69038991599518,214.76400949999515,214.76400949999515,214.76400949999515,215.18844241599436,period,0.9849843329939176,None,215.18854658299824,215.1885907909964,None,,,,,,,,,,,,21040100,2,2026-02-26_12h56.31.216,tilt_mocs,2024.2.4,120.14790206418549,2026-02-26 12h56.44.896457 -0500,
-2,0.0,,34,34,0,,,,,0,100,,,,,c-2,noss,0.5,z,1.1215168749986333,None,None,,,,,,,,,,,0,34,34,546,215.19963754099444,,,,,,,,,,,,,,,,,,,,,,,,,,,,,,,,,,,,,,,,,,,,,,,,,,,,,,,,,,,,,,,,,,,,,,215.19059749999724,215.19963754099444,215.68940591599676,215.68940591599676,215.68940591599676,215.7640919159967,215.7640919159967,215.7640919159967,216.33275391599454,z,1.1215168749986333,None,216.33289270800014,216.33294870799728,None,,,,,,,,,,,,21040100,2,2026-02-26_12h56.31.216,tilt_mocs,2024.2.4,120.14790206418549,2026-02-26 12h56.44.896457 -0500,
8,15.0,,35,35,0,,,,,100,0,,,,,c+8,poss,0.5,period,0.9202767499955371,None,None,,,,,,,,,,,0,35,35,220,216.34388320799917,,,,,,,,,,,,,,,,,,,,,,,,,,,,,,,,,,,,,,,,,,,,,,,,,,,,,,,,,,,,,,,,,,,,,,216.3350354159993,216.34388320799917,216.82941662499798,216.82941662499798,216.82941662499798,216.90318387499428,216.90318387499428,216.90318387499428,217.26705341599882,period,0.9202767499955371,None,217.26720254099928,217.26729391599656,None,,,,,,,,,,,,21040100,2,2026-02-26_12h56.31.216,tilt_mocs,2024.2.4,120.14790206418549,2026-02-26 12h56.44.896457 -0500,
-8,-15.0,,36,36,0,,,,,100,0,,,,,c-8,negs,0.75,z,1.1225516670019715,None,None,,,,,,,,,,,0,36,36,269,217.2784215829961,,,,,,,,,,,,,,,,,,,,,,,,,,,,,,,,,,,,,,,,,,,,,,,,,,,,,,,,,,,,,,,,,,,,,,217.26963195799908,217.2784215829961,218.01368620799622,218.01368620799622,218.01368620799622,218.08576874999562,218.08576874999562,218.08576874999562,218.40573716599465,z,1.1225516670019715,None,218.40584404100082,218.40588945800118,None,,,,,,,,,,,,21040100,2,2026-02-26_12h56.31.216,tilt_mocs,2024.2.4,120.14790206418549,2026-02-26 12h56.44.896457 -0500,
2,-15.0,,37,37,0,,,,,100,0,,,,,c+2,negs,1.25,period,1.6981161660005455,None,None,,,,,,,,,,,0,37,37,495,218.41663933299424,,,,,,,,,,,,,,,,,,,,,,,,,,,,,,,,,,,,,,,,,,,,,,,,,,,,,,,,,,,,,,,,,,,,,,218.4078994579977,218.41663933299424,219.65667812500033,219.65667812500033,219.65667812500033,219.73106308299612,219.73106308299612,219.73106308299612,220.1176267080009,period,1.6981161660005455,None,220.1177738749975,220.1178386659958,None,,,,,,,,,,,,21040100,2,2026-02-26_12h56.31.216,tilt_mocs,2024.2.4,120.14790206418549,2026-02-26 12h56.44.896457 -0500,
2,15.0,,38,38,0,,,,,100,0,,,,,c+2,poss,0.5,period,3.1700185000008787,None,None,,,,,,,,,,,0,38,38,94,220.12920974999724,,,,,,,,,,,,,,,,,,,,,,,,,,,,,,,,,,,,,,,,,,,,,,,,,,,,,,,,,,,,,,,,,,,,,,220.12031204099912,220.12920974999724,220.61376679100067,220.61376679100067,220.61376679100067,220.68603095800063,220.68603095800063,220.68603095800063,223.30555320799613,period,3.1700185000008787,None,223.30569195799762,223.30574862499634,None,,,,,,,,,,,,21040100,2,2026-02-26_12h56.31.216,tilt_mocs,2024.2.4,120.14790206418549,2026-02-26 12h56.44.896457 -0500,
0,0.0,,39,39,0,,,,,0,100,,,,,c+0,noss,0.75,period,1.288614040997345,None,None,,,,,,,,,,,0,39,39,603,223.31695004100038,,,,,,,,,,,,,,,,,,,,,,,,,,,,,,,,,,,,,,,,,,,,,,,,,,,,,,,,,,,,,,,,,,,,,,223.3079452499951,223.31695004100038,224.0568123330013,224.0568123330013,224.0568123330013,224.13701804100128,224.13701804100128,224.13701804100128,224.61701583299873,period,1.288614040997345,None,224.6171867499943,224.61725316599768,None,,,,,,,,,,,,21040100,2,2026-02-26_12h56.31.216,tilt_mocs,2024.2.4,120.14790206418549,2026-02-26 12h56.44.896457 -0500,
2,-15.0,,40,40,0,,,,,100,0,,,,,c+2,negs,0.75,period,1.2275277500011725,None,None,,,,,,,,,,,0,40,40,481,224.62964799999463,,,,,,,,,,,,,,,,,,,,,,,,,,,,,,,,,,,,,,,,,,,,,,,,,,,,,,,,,,,,,,,,,,,,,,224.6202319160002,224.62964799999463,225.3639335409971,225.3639335409971,225.3639335409971,225.43595933300094,225.43595933300094,225.43595933300094,225.86664337499678,period,1.2275277500011725,None,225.86677475000033,225.866830166,None,,,,,,,,,,,,21040100,2,2026-02-26_12h56.31.216,tilt_mocs,2024.2.4,120.14790206418549,2026-02-26 12h56.44.896457 -0500,
0,15.0,,41,41,0,,,,,100,0,,,,,c+0,poss,0.5,z,1.047769042001164,None,None,,,,,,,,,,,0,41,41,51,225.87820875000034,,,,,,,,,,,,,,,,,,,,,,,,,,,,,,,,,,,,,,,,,,,,,,,,,,,,,,,,,,,,,,,,,,,,,,225.8693537500003,225.87820875000034,226.36409020800056,226.36409020800056,226.36409020800056,226.43691762499657,226.43691762499657,226.43691762499657,226.93352541599597,z,1.047769042001164,None,226.93366099999548,226.93371683299483,None,,,,,,,,,,,,21040100,2,2026-02-26_12h56.31.216,tilt_mocs,2024.2.4,120.14790206418549,2026-02-26 12h56.44.896457 -0500,
4,0.0,,42,42,0,,,,,0,100,,,,,c+4,noss,0.75,period,1.1453870000041206,None,None,,,,,,,,,,,0,42,42,689,226.94522616599716,,,,,,,,,,,,,,,,,,,,,,,,,,,,,,,,,,,,,,,,,,,,,,,,,,,,,,,,,,,,,,,,,,,,,,226.93627687499975,226.94522616599716,227.68076733299677,227.68076733299677,227.68076733299677,227.75314645799517,227.75314645799517,227.75314645799517,228.10019541599468,period,1.1453870000041206,None,228.1003071249943,228.10035095799685,None,,,,,,,,,,,,21040100,2,2026-02-26_12h56.31.216,tilt_mocs,2024.2.4,120.14790206418549,2026-02-26 12h56.44.896457 -0500,
2,0.0,,43,43,0,,,,,0,100,,,,,c+2,noss,1.25,period,1.7234045000004699,None,None,,,,,,,,,,,0,43,43,662,228.11094237499492,,,,,,,,,,,,,,,,,,,,,,,,,,,,,,,,,,,,,,,,,,,,,,,,,,,,,,,,,,,,,,,,,,,,,,228.1023653749944,228.11094237499492,229.34737858299923,229.34737858299923,229.34737858299923,229.419723291001,229.419723291001,229.419723291001,229.83930004099966,period,1.7234045000004699,None,229.83940445799817,229.83944754099502,None,,,,,,,,,,,,21040100,2,2026-02-26_12h56.31.216,tilt_mocs,2024.2.4,120.14790206418549,2026-02-26 12h56.44.896457 -0500,
-4,-15.0,,44,44,0,,,,,100,0,,,,,c-4,negs,0.75,period,1.321510458998091,None,None,,,,,,,,,,,0,44,44,347,229.85018433300138,,,,,,,,,,,,,,,,,,,,,,,,,,,,,,,,,,,,,,,,,,,,,,,,,,,,,,,,,,,,,,,,,,,,,,229.84146304099704,229.85018433300138,230.58992158299952,230.58992158299952,230.58992158299952,230.6645660409995,230.6645660409995,230.6645660409995,231.1833494159946,period,1.321510458998091,None,231.18348462499853,231.18354062499566,None,,,,,,,,,,,,21040100,2,2026-02-26_12h56.31.216,tilt_mocs,2024.2.4,120.14790206418549,2026-02-26 12h56.44.896457 -0500,
0,-15.0,,45,45,0,,,,,100,0,,,,,c+0,negs,1.25,period,1.8540258749999339,None,None,,,,,,,,,,,0,45,45,456,231.19437945800018,,,,,,,,,,,,,,,,,,,,,,,,,,,,,,,,,,,,,,,,,,,,,,,,,,,,,,,,,,,,,,,,,,,,,,231.18580604100134,231.19437945800018,232.43077362499753,232.43077362499753,232.43077362499753,232.50293299999612,232.50293299999612,232.50293299999612,233.05365129099664,period,1.8540258749999339,None,233.053757665999,233.05380175000028,None,,,,,,,,,,,,21040100,2,2026-02-26_12h56.31.216,tilt_mocs,2024.2.4,120.14790206418549,2026-02-26 12h56.44.896457 -0500,
2,15.0,,46,46,0,,,,,100,0,,,,,c+2,poss,0.5,period,1.2741695829972741,None,None,,,,,,,,,,,0,46,46,89,233.06453716599935,,,,,,,,,,,,,,,,,,,,,,,,,,,,,,,,,,,,,,,,,,,,,,,,,,,,,,,,,,,,,,,,,,,,,,233.05579170800047,233.06453716599935,233.5476364579954,233.5476364579954,233.5476364579954,233.62079670799721,233.62079670799721,233.62079670799721,234.35031612499733,period,1.2741695829972741,None,234.35045279099722,234.35050829099782,None,,,,,,,,,,,,21040100,2,2026-02-26_12h56.31.216,tilt_mocs,2024.2.4,120.14790206418549,2026-02-26 12h56.44.896457 -0500,
8,15.0,,47,47,0,,,,,100,0,,,,,c+8,poss,0.5,period,0.9089143340024748,None,None,,,,,,,,,,,0,47,47,219,234.36166275000141,,,,,,,,,,,,,,,,,,,,,,,,,,,,,,,,,,,,,,,,,,,,,,,,,,,,,,,,,,,,,,,,,,,,,,234.3530120409996,234.36166275000141,234.8477028749985,234.8477028749985,234.8477028749985,234.91884199999913,234.91884199999913,234.91884199999913,235.27366479099874,period,0.9089143340024748,None,235.2738204999987,235.27389095800027,None,,,,,,,,,,,,21040100,2,2026-02-26_12h56.31.216,tilt_mocs,2024.2.4,120.14790206418549,2026-02-26 12h56.44.896457 -0500,
-2,0.0,,48,48,0,,,,,0,100,,,,,c-2,noss,1.25,z,1.7176149170045392,None,None,,,,,,,,,,,0,48,48,578,235.28411591599433,,,,,,,,,,,,,,,,,,,,,,,,,,,,,,,,,,,,,,,,,,,,,,,,,,,,,,,,,,,,,,,,,,,,,,235.27606808299606,235.28411591599433,236.52347245800047,236.52347245800047,236.52347245800047,236.5982328329992,236.5982328329992,236.5982328329992,237.0062364999976,z,1.7176149170045392,None,237.00636187499913,237.0064161659975,None,,,,,,,,,,,,21040100,2,2026-02-26_12h56.31.216,tilt_mocs,2024.2.4,120.14790206418549,2026-02-26 12h56.44.896457 -0500,
-2,-15.0,,49,49,0,,,,,100,0,,,,,c-2,negs,1.25,period,1.7178209999983665,None,None,,,,,,,,,,,0,49,49,415,237.0173267909995,,,,,,,,,,,,,,,,,,,,,,,,,,,,,,,,,,,,,,,,,,,,,,,,,,,,,,,,,,,,,,,,,,,,,,237.00868708299822,237.0173267909995,238.25673399999505,238.25673399999505,238.25673399999505,238.33178475000022,238.33178475000022,238.33178475000022,238.74024408299738,period,1.7178209999983665,None,238.74035179099883,238.74039870799606,None,,,,,,,,,,,,21040100,2,2026-02-26_12h56.31.216,tilt_mocs,2024.2.4,120.14790206418549,2026-02-26 12h56.44.896457 -0500,
-4,0.0,,50,50,0,,,,,0,100,,,,,c-4,noss,0.5,z,0.9737560830035363,None,None,,,,,,,,,,,0,50,50,511,238.75064954099798,,,,,,,,,,,,,,,,,,,,,,,,,,,,,,,,,,,,,,,,,,,,,,,,,,,,,,,,,,,,,,,,,,,,,,238.7424483750001,238.75064954099798,239.24027062499954,239.24027062499954,239.24027062499954,239.31493170799513,239.31493170799513,239.31493170799513,239.73437416600063,z,0.9737560830035363,None,239.7345378329992,239.73459758299578,None,,,,,,,,,,,,21040100,2,2026-02-26_12h56.31.216,tilt_mocs,2024.2.4,120.14790206418549,2026-02-26 12h56.44.896457 -0500,
4,15.0,,51,51,0,,,,,100,0,,,,,c+4,poss,0.5,period,1.1026716659980593,None,None,,,,,,,,,,,0,51,51,135,239.74587433299894,,,,,,,,,,,,,,,,,,,,,,,,,,,,,,,,,,,,,,,,,,,,,,,,,,,,,,,,,,,,,,,,,,,,,,239.7369697499962,239.74587433299894,240.23121012499905,240.23121012499905,240.23121012499905,240.30324970799848,240.30324970799848,240.30324970799848,240.85084566599835,period,1.1026716659980593,None,240.8509536249985,240.85099741599697,None,,,,,,,,,,,,21040100,2,2026-02-26_12h56.31.216,tilt_mocs,2024.2.4,120.14790206418549,2026-02-26 12h56.44.896457 -0500,
6,15.0,,52,52,0,,,,,100,0,,,,,c+6,poss,1.25,period,1.7708256250043632,None,None,,,,,,,,,,,0,52,52,208,240.86162441600027,,,,,,,,,,,,,,,,,,,,,,,,,,,,,,,,,,,,,,,,,,,,,,,,,,,,,,,,,,,,,,,,,,,,,,240.85301374999835,240.86162441600027,242.09696779099613,242.09696779099613,242.09696779099613,242.17027791599685,242.17027791599685,242.17027791599685,242.63546895799664,period,1.7708256250043632,None,242.63561437499447,242.6356763750009,None,,,,,,,,,,,,21040100,2,2026-02-26_12h56.31.216,tilt_mocs,2024.2.4,120.14790206418549,2026-02-26 12h56.44.896457 -0500,
-6,-15.0,,53,53,0,,,,,100,0,,,,,c-6,negs,1.0,z,1.7262612500053365,None,None,,,,,,,,,,,0,53,53,317,242.64724958299485,,,,,,,,,,,,,,,,,,,,,,,,,,,,,,,,,,,,,,,,,,,,,,,,,,,,,,,,,,,,,,,,,,,,,,242.63820183299686,242.64724958299485,243.63149829099711,243.63149829099711,243.63149829099711,243.7035235000003,243.7035235000003,243.7035235000003,244.38410437499988,z,1.7262612500053365,None,244.3842794999946,244.38434058299754,None,,,,,,,,,,,,21040100,2,2026-02-26_12h56.31.216,tilt_mocs,2024.2.4,120.14790206418549,2026-02-26 12h56.44.896457 -0500,
6,15.0,,54,54,0,,,,,100,0,,,,,c+6,poss,0.5,period,0.9712621250000666,None,None,,,,,,,,,,,0,54,54,168,244.39611208299903,,,,,,,,,,,,,,,,,,,,,,,,,,,,,,,,,,,,,,,,,,,,,,,,,,,,,,,,,,,,,,,,,,,,,,244.38705729099456,244.39611208299903,244.88141604099656,244.88141604099656,244.88141604099656,244.95487399999547,244.95487399999547,244.95487399999547,245.37405999999464,period,0.9712621250000666,None,245.37420737499633,245.37426720799704,None,,,,,,,,,,,,21040100,2,2026-02-26_12h56.31.216,tilt_mocs,2024.2.4,120.14790206418549,2026-02-26 12h56.44.896457 -0500,
-4,-15.0,,55,55,0,,,,,100,0,,,,,c-4,negs,0.5,z,1.70162737499777,None,None,,,,,,,,,,,0,55,55,346,245.38489837499947,,,,,,,,,,,,,,,,,,,,,,,,,,,,,,,,,,,,,,,,,,,,,,,,,,,,,,,,,,,,,,,,,,,,,,245.37665608299721,245.38489837499947,245.87371108299703,245.87371108299703,245.87371108299703,245.94860808299563,245.94860808299563,245.94860808299563,247.0890303749984,z,1.70162737499777,None,247.08913604099507,247.08917929099698,None,,,,,,,,,,,,21040100,2,2026-02-26_12h56.31.216,tilt_mocs,2024.2.4,120.14790206418549,2026-02-26 12h56.44.896457 -0500,
-2,15.0,,56,56,0,,,,,100,0,,,,,c-2,poss,1.25,z,1.8242124169992167,None,None,,,,,,,,,,,0,56,56,41,247.10059316599654,,,,,,,,,,,,,,,,,,,,,,,,,,,,,,,,,,,,,,,,,,,,,,,,,,,,,,,,,,,,,,,,,,,,,,247.09150237499853,247.10059316599654,248.34070858299674,248.34070858299674,248.34070858299674,248.41512745799992,248.41512745799992,248.41512745799992,248.9347041660003,z,1.8242124169992167,None,248.93488666600024,248.93495179100137,None,,,,,,,,,,,,21040100,2,2026-02-26_12h56.31.216,tilt_mocs,2024.2.4,120.14790206418549,2026-02-26 12h56.44.896457 -0500,
-6,-15.0,,57,57,0,,,,,100,0,,,,,c-6,negs,1.0,z,1.4749551250060904,None,None,,,,,,,,,,,0,57,57,323,248.94674287499947,,,,,,,,,,,,,,,,,,,,,,,,,,,,,,,,,,,,,,,,,,,,,,,,,,,,,,,,,,,,,,,,,,,,,,248.93774099999428,248.94674287499947,249.9306030000007,249.9306030000007,249.9306030000007,250.00513495799532,250.00513495799532,250.00513495799532,250.4343338749968,z,1.4749551250060904,None,250.43444891599938,250.43449249999685,None,,,,,,,,,,,,21040100,2,2026-02-26_12h56.31.216,tilt_mocs,2024.2.4,120.14790206418549,2026-02-26 12h56.44.896457 -0500,
2,0.0,,58,58,0,,,,,0,100,,,,,c+2,noss,0.75,period,1.2373386660037795,None,None,,,,,,,,,,,0,58,58,646,250.44516854099493,,,,,,,,,,,,,,,,,,,,,,,,,,,,,,,,,,,,,,,,,,,,,,,,,,,,,,,,,,,,,,,,,,,,,,250.4365284999949,250.44516854099493,251.18158712500008,251.18158712500008,251.18158712500008,251.2544648749972,251.2544648749972,251.2544648749972,251.68547874999786,period,1.2373386660037795,None,251.68562812500022,251.68568737500027,None,,,,,,,,,,,,21040100,2,2026-02-26_12h56.31.216,tilt_mocs,2024.2.4,120.14790206418549,2026-02-26 12h56.44.896457 -0500,
8,15.0,,59,59,0,,,,,100,0,,,,,c+8,poss,0.75,period,1.2789967089993297,None,None,,,,,,,,,,,0,59,59,221,251.6969978749985,,,,,,,,,,,,,,,,,,,,,,,,,,,,,,,,,,,,,,,,,,,,,,,,,,,,,,,,,,,,,,,,,,,,,,251.68799545799993,251.6969978749985,252.4308031249966,252.4308031249966,252.4308031249966,252.50359879099415,252.50359879099415,252.50359879099415,252.98484695799561,period,1.2789967089993297,None,252.98499058299785,252.98504999999568,None,,,,,,,,,,,,21040100,2,2026-02-26_12h56.31.216,tilt_mocs,2024.2.4,120.14790206418549,2026-02-26 12h56.44.896457 -0500,
2,0.0,,60,60,0,,,,,0,100,,,,,c+2,noss,0.75,period,1.188681584004371,None,None,,,,,,,,,,,0,60,60,643,252.99616291599523,,,,,,,,,,,,,,,,,,,,,,,,,,,,,,,,,,,,,,,,,,,,,,,,,,,,,,,,,,,,,,,,,,,,,,252.98729574999743,252.99616291599523,253.73163374999422,253.73163374999422,253.73163374999422,253.8039692079983,253.8039692079983,253.8039692079983,254.19003874999908,period,1.188681584004371,None,254.19016987500072,254.19022495799436,None,,,,,,,,,,,,21040100,2,2026-02-26_12h56.31.216,tilt_mocs,2024.2.4,120.14790206418549,2026-02-26 12h56.44.896457 -0500,
8,15.0,,61,61,0,,,,,100,0,,,,,c+8,poss,0.75,period,1.164509125002951,None,None,,,,,,,,,,,0,61,61,231,254.2010942909983,,,,,,,,,,,,,,,,,,,,,,,,,,,,,,,,,,,,,,,,,,,,,,,,,,,,,,,,,,,,,,,,,,,,,,254.1922689579951,254.2010942909983,254.9412283749989,254.9412283749989,254.9412283749989,255.01573441599612,255.01573441599612,255.01573441599612,255.36820095800067,period,1.164509125002951,None,255.3683665829958,255.36842424999486,None,,,,,,,,,,,,21040100,2,2026-02-26_12h56.31.216,tilt_mocs,2024.2.4,120.14790206418549,2026-02-26 12h56.44.896457 -0500,
8,15.0,,62,62,0,,,,,100,0,,,,,c+8,poss,1.25,period,1.6358130000007804,None,None,,,,,,,,,,,0,62,62,249,255.38029604099574,,,,,,,,,,,,,,,,,,,,,,,,,,,,,,,,,,,,,,,,,,,,,,,,,,,,,,,,,,,,,,,,,,,,,,255.37116112499643,255.38029604099574,256.6151570000002,256.6151570000002,256.6151570000002,256.687391499996,256.687391499996,256.687391499996,257.01868541599833,period,1.6358130000007804,None,257.0188177499949,257.01887445800094,None,,,,,,,,,,,,21040100,2,2026-02-26_12h56.31.216,tilt_mocs,2024.2.4,120.14790206418549,2026-02-26 12h56.44.896457 -0500,
4,0.0,,63,63,0,,,,,0,100,,,,,c+4,noss,0.5,period,0.8804504579966306,None,None,,,,,,,,,,,0,63,63,673,257.02956216599705,,,,,,,,,,,,,,,,,,,,,,,,,,,,,,,,,,,,,,,,,,,,,,,,,,,,,,,,,,,,,,,,,,,,,,257.0210043749976,257.02956216599705,257.5151243750006,257.5151243750006,257.5151243750006,257.58706912499474,257.58706912499474,257.58706912499474,257.9177394579965,period,0.8804504579966306,None,257.9178716249953,257.91792879100103,None,,,,,,,,,,,,21040100,2,2026-02-26_12h56.31.216,tilt_mocs,2024.2.4,120.14790206418549,2026-02-26 12h56.44.896457 -0500,
-4,-15.0,,64,64,0,,,,,100,0,,,,,c-4,negs,1.0,period,1.6812425839962089,None,None,,,,,,,,,,,0,64,64,363,257.92896741599543,,,,,,,,,,,,,,,,,,,,,,,,,,,,,,,,,,,,,,,,,,,,,,,,,,,,,,,,,,,,,,,,,,,,,,257.9202909579981,257.92896741599543,258.91518070799793,258.91518070799793,258.91518070799793,258.9879298329979,258.9879298329979,258.9879298329979,259.6179657909961,period,1.6812425839962089,None,259.61812133299827,259.6181777909951,None,,,,,,,,,,,,21040100,2,2026-02-26_12h56.31.216,tilt_mocs,2024.2.4,120.14790206418549,2026-02-26 12h56.44.896457 -0500,
2,-15.0,,65,65,0,,,,,100,0,,,,,c+2,negs,1.0,period,1.4649407500037341,None,None,,,,,,,,,,,0,65,65,488,259.6300880409981,,,,,,,,,,,,,,,,,,,,,,,,,,,,,,,,,,,,,,,,,,,,,,,,,,,,,,,,,,,,,,,,,,,,,,259.62115954099863,259.6300880409981,260.61533391600096,260.61533391600096,260.61533391600096,260.6874920409973,260.6874920409973,260.6874920409973,261.10109649999504,period,1.4649407500037341,None,261.10120295799425,261.1012506659972,None,,,,,,,,,,,,21040100,2,2026-02-26_12h56.31.216,tilt_mocs,2024.2.4,120.14790206418549,2026-02-26 12h56.44.896457 -0500,
2,-15.0,,66,66,0,,,,,100,0,,,,,c+2,negs,1.0,period,1.5285939579989645,None,None,,,,,,,,,,,0,66,66,491,261.1120382500012,,,,,,,,,,,,,,,,,,,,,,,,,,,,,,,,,,,,,,,,,,,,,,,,,,,,,,,,,,,,,,,,,,,,,,261.10328537500027,261.1120382500012,262.098616999996,262.098616999996,262.098616999996,262.171422374995,262.171422374995,262.171422374995,262.651946375001,period,1.5285939579989645,None,262.6521267909993,262.65218962499785,None,,,,,,,,,,,,21040100,2,2026-02-26_12h56.31.216,tilt_mocs,2024.2.4,120.14790206418549,2026-02-26 12h56.44.896457 -0500,
2,15.0,,67,67,0,,,,,100,0,,,,,c+2,poss,0.75,period,1.8704876660049194,None,None,,,,,,,,,,,0,67,67,104,262.6632442909977,,,,,,,,,,,,,,,,,,,,,,,,,,,,,,,,,,,,,,,,,,,,,,,,,,,,,,,,,,,,,,,,,,,,,,262.6546553329972,262.6632442909977,263.3986528749956,263.3986528749956,263.3986528749956,263.47076662499603,263.47076662499603,263.47076662499603,264.54608104100043,period,1.8704876660049194,None,264.5461809999979,264.54622504099825,None,,,,,,,,,,,,21040100,2,2026-02-26_12h56.31.216,tilt_mocs,2024.2.4,120.14790206418549,2026-02-26 12h56.44.896457 -0500,
-2,-15.0,,68,68,0,,,,,100,0,,,,,c-2,negs,1.25,period,1.7194125410023844,None,None,,,,,,,,,,,0,68,68,411,264.5533250829976,,,,,,,,,,,,,,,,,,,,,,,,,,,,,,,,,,,,,,,,,,,,,,,,,,,,,,,,,,,,,,,,,,,,,,264.54830870799924,264.5533250829976,265.79210229100136,265.79210229100136,265.79210229100136,265.86593479099975,265.86593479099975,265.86593479099975,266.2755220409963,period,1.7194125410023844,None,266.2757606249943,266.27585562499735,None,,,,,,,,,,,,21040100,2,2026-02-26_12h56.31.216,tilt_mocs,2024.2.4,120.14790206418549,2026-02-26 12h56.44.896457 -0500,
0,0.0,,69,69,0,,,,,0,100,,,,,c+0,noss,0.5,period,1.0163790410006186,None,None,,,,,,,,,,,0,69,69,593,266.2863502909968,,,,,,,,,,,,,,,,,,,,,,,,,,,,,,,,,,,,,,,,,,,,,,,,,,,,,,,,,,,,,,,,,,,,,,266.27835079099896,266.2863502909968,266.774959082999,266.774959082999,266.774959082999,266.84939312499773,266.84939312499773,266.84939312499773,267.3059995000003,period,1.0163790410006186,None,267.3060994999978,267.30614299999434,None,,,,,,,,,,,,21040100,2,2026-02-26_12h56.31.216,tilt_mocs,2024.2.4,120.14790206418549,2026-02-26 12h56.44.896457 -0500,
0,-15.0,,70,70,0,,,,,100,0,,,,,c+0,negs,0.5,period,0.917725999999675,None,None,,,,,,,,,,,0,70,70,426,267.317785457999,,,,,,,,,,,,,,,,,,,,,,,,,,,,,,,,,,,,,,,,,,,,,,,,,,,,,,,,,,,,,,,,,,,,,,267.30815074999555,267.317785457999,267.80890274999547,267.80890274999547,267.80890274999547,267.88269133299764,267.88269133299764,267.88269133299764,268.2393613749955,period,0.917725999999675,None,268.23946474999684,268.239510374995,None,,,,,,,,,,,,21040100,2,2026-02-26_12h56.31.216,tilt_mocs,2024.2.4,120.14790206418549,2026-02-26 12h56.44.896457 -0500,
0,-15.0,,71,71,0,,,,,100,0,,,,,c+0,negs,0.75,period,1.1259852500006673,None,None,,,,,,,,,,,0,71,71,440,268.26569833299436,,,,,,,,,,,,,,,,,,,,,,,,,,,,,,,,,,,,,,,,,,,,,,,,,,,,,,,,,,,,,,,,,,,,,,268.2414835409945,268.26569833299436,268.9922812079967,268.9922812079967,268.9922812079967,269.06607945799624,269.06607945799624,269.06607945799624,269.4015989999971,period,1.1259852500006673,None,269.40172991599684,269.4017867079965,None,,,,,,,,,,,,21040100,2,2026-02-26_12h56.31.216,tilt_mocs,2024.2.4,120.14790206418549,2026-02-26 12h56.44.896457 -0500,
4,0.0,,72,72,0,,,,,0,100,,,,,c+4,noss,0.5,period,0.8798443339983351,None,None,,,,,,,,,,,0,72,72,681,269.41312412499974,,,,,,,,,,,,,,,,,,,,,,,,,,,,,,,,,,,,,,,,,,,,,,,,,,,,,,,,,,,,,,,,,,,,,,269.4042174999995,269.41312412499974,269.89906354100094,269.89906354100094,269.89906354100094,269.9710656249954,269.9710656249954,269.9710656249954,270.30257254099706,period,0.8798443339983351,None,270.3027137079989,270.30277579099493,None,,,,,,,,,,,,21040100,2,2026-02-26_12h56.31.216,tilt_mocs,2024.2.4,120.14790206418549,2026-02-26 12h56.44.896457 -0500,
2,0.0,,73,73,0,,,,,0,100,,,,,c+2,noss,0.75,period,1.1197008749950328,None,None,,,,,,,,,,,0,73,73,642,270.3139838329953,,,,,,,,,,,,,,,,,,,,,,,,,,,,,,,,,,,,,,,,,,,,,,,,,,,,,,,,,,,,,,,,,,,,,,270.3050318749956,270.3139838329953,271.04895716600004,271.04895716600004,271.04895716600004,271.121274582998,271.121274582998,271.121274582998,271.4455812499946,period,1.1197008749950328,None,271.4456871250004,271.44572883300134,None,,,,,,,,,,,,21040100,2,2026-02-26_12h56.31.216,tilt_mocs,2024.2.4,120.14790206418549,2026-02-26 12h56.44.896457 -0500,
-6,-15.0,,74,74,0,,,,,100,0,,,,,c-6,negs,0.5,period,1.039761041996826,None,None,,,,,,,,,,,0,74,74,299,271.4522206659967,,,,,,,,,,,,,,,,,,,,,,,,,,,,,,,,,,,,,,,,,,,,,,,,,,,,,,,,,,,,,,,,,,,,,,271.44774587499705,271.4522206659967,271.94177095800114,271.94177095800114,271.94177095800114,272.0161824999959,272.0161824999959,272.0161824999959,272.50170116599475,period,1.039761041996826,None,272.50183379100054,272.50189162499737,None,,,,,,,,,,,,21040100,2,2026-02-26_12h56.31.216,tilt_mocs,2024.2.4,120.14790206418549,2026-02-26 12h56.44.896457 -0500,
-4,-15.0,,75,75,0,,,,,100,0,,,,,c-4,negs,0.5,period,1.0051530420023482,None,None,,,,,,,,,,,0,75,75,340,272.5128983329996,,,,,,,,,,,,,,,,,,,,,,,,,,,,,,,,,,,,,,,,,,,,,,,,,,,,,,,,,,,,,,,,,,,,,,272.50438766599837,272.5128983329996,272.9990303749946,272.9990303749946,272.9990303749946,273.070942665996,273.070942665996,273.070942665996,273.52462354100135,period,1.0051530420023482,None,273.52475845799927,273.5248167499958,None,,,,,,,,,,,,21040100,2,2026-02-26_12h56.31.216,tilt_mocs,2024.2.4,120.14790206418549,2026-02-26 12h56.44.896457 -0500,
0,15.0,,76,76,0,,,,,100,0,,,,,c+0,poss,0.75,z,1.2806157500017434,None,None,,,,,,,,,,,0,76,76,56,273.53570495799795,,,,,,,,,,,,,,,,,,,,,,,,,,,,,,,,,,,,,,,,,,,,,,,,,,,,,,,,,,,,,,,,,,,,,,273.52733674999763,273.53570495799795,274.2756913330013,274.2756913330013,274.2756913330013,274.3497125829963,274.3497125829963,274.3497125829963,274.8188272499974,z,1.2806157500017434,None,274.8189962499964,274.8191227079951,None,,,,,,,,,,,,21040100,2,2026-02-26_12h56.31.216,tilt_mocs,2024.2.4,120.14790206418549,2026-02-26 12h56.44.896457 -0500,
4,0.0,,77,77,0,,,,,0,100,,,,,c+4,noss,0.5,period,0.9817166249995353,None,None,,,,,,,,,,,0,77,77,679,274.83072808299767,,,,,,,,,,,,,,,,,,,,,,,,,,,,,,,,,,,,,,,,,,,,,,,,,,,,,,,,,,,,,,,,,,,,,,274.82164479099447,274.83072808299767,275.3158223329956,275.3158223329956,275.3158223329956,275.38820633299474,275.38820633299474,275.38820633299474,275.81794341599743,period,0.9817166249995353,None,275.81804145799833,275.81808425000054,None,,,,,,,,,,,,21040100,2,2026-02-26_12h56.31.216,tilt_mocs,2024.2.4,120.14790206418549,2026-02-26 12h56.44.896457 -0500,
2,-15.0,,78,78,0,,,,,100,0,,,,,c+2,negs,0.75,period,1.232447416994546,None,None,,,,,,,,,,,0,78,78,480,275.8286182499942,,,,,,,,,,,,,,,,,,,,,,,,,,,,,,,,,,,,,,,,,,,,,,,,,,,,,,,,,,,,,,,,,,,,,,275.82007812499796,275.8286182499942,276.56593820799753,276.56593820799753,276.56593820799753,276.6390833330006,276.6390833330006,276.6390833330006,277.0690193749979,period,1.232447416994546,None,277.0691856659978,277.06924325,None,,,,,,,,,,,,21040100,2,2026-02-26_12h56.31.216,tilt_mocs,2024.2.4,120.14790206418549,2026-02-26 12h56.44.896457 -0500,
8,15.0,,79,79,0,,,,,100,0,,,,,c+8,poss,1.0,period,1.448228665998613,None,None,,,,,,,,,,,0,79,79,233,277.08203429100104,,,,,,,,,,,,,,,,,,,,,,,,,,,,,,,,,,,,,,,,,,,,,,,,,,,,,,,,,,,,,,,,,,,,,,277.0726684159963,277.08203429100104,278.0659813329985,278.0659813329985,278.0659813329985,278.1393583329991,278.1393583329991,278.1393583329991,278.53560849999485,period,1.448228665998613,None,278.5357200409999,278.535765749999,None,,,,,,,,,,,,21040100,2,2026-02-26_12h56.31.216,tilt_mocs,2024.2.4,120.14790206418549,2026-02-26 12h56.44.896457 -0500,
0,0.0,,80,80,0,,,,,0,100,,,,,c+0,noss,1.25,z,2.1703341660031583,None,None,,,,,,,,,,,0,80,80,623,278.54679458299506,,,,,,,,,,,,,,,,,,,,,,,,,,,,,,,,,,,,,,,,,,,,,,,,,,,,,,,,,,,,,,,,,,,,,,278.5377654999975,278.54679458299506,279.7826360830004,279.7826360830004,279.7826360830004,279.8549538329971,279.8549538329971,279.8549538329971,280.72010337499523,z,2.1703341660031583,None,280.72025562499766,280.72031729100127,None,,,,,,,,,,,,21040100,2,2026-02-26_12h56.31.216,tilt_mocs,2024.2.4,120.14790206418549,2026-02-26 12h56.44.896457 -0500,
0,15.0,,81,81,0,,,,,100,0,,,,,c+0,poss,0.5,z,1.0764325839991216,None,None,,,,,,,,,,,0,81,81,42,280.7316318749945,,,,,,,,,,,,,,,,,,,,,,,,,,,,,,,,,,,,,,,,,,,,,,,,,,,,,,,,,,,,,,,,,,,,,,280.72279012500076,280.7316318749945,281.21560941599455,281.21560941599455,281.21560941599455,281.28822420800134,281.28822420800134,281.28822420800134,281.8185783329973,z,1.0764325839991216,None,281.8187016660013,281.8187566659981,None,,,,,,,,,,,,21040100,2,2026-02-26_12h56.31.216,tilt_mocs,2024.2.4,120.14790206418549,2026-02-26 12h56.44.896457 -0500,
8,15.0,,82,82,0,,,,,100,0,,,,,c+8,poss,1.0,period,1.488393083003757,None,None,,,,,,,,,,,0,82,82,239,281.82990945799975,,,,,,,,,,,,,,,,,,,,,,,,,,,,,,,,,,,,,,,,,,,,,,,,,,,,,,,,,,,,,,,,,,,,,,281.82128445799754,281.82990945799975,282.8161384999985,282.8161384999985,282.8161384999985,282.8882563329971,282.8882563329971,282.8882563329971,283.3249849579952,period,1.488393083003757,None,283.3251052909982,283.3251585830003,None,,,,,,,,,,,,21040100,2,2026-02-26_12h56.31.216,tilt_mocs,2024.2.4,120.14790206418549,2026-02-26 12h56.44.896457 -0500,
-6,-15.0,,83,83,0,,,,,100,0,,,,,c-6,negs,1.0,z,1.473498125000333,None,None,,,,,,,,,,,0,83,83,320,283.3358248329969,,,,,,,,,,,,,,,,,,,,,,,,,,,,,,,,,,,,,,,,,,,,,,,,,,,,,,,,,,,,,,,,,,,,,,283.32762725000066,283.3358248329969,284.325579999997,284.325579999997,284.325579999997,284.39997520799807,284.39997520799807,284.39997520799807,284.8194506660002,z,1.473498125000333,None,284.81961429099465,284.8196739999985,None,,,,,,,,,,,,21040100,2,2026-02-26_12h56.31.216,tilt_mocs,2024.2.4,120.14790206418549,2026-02-26 12h56.44.896457 -0500,
4,15.0,,84,84,0,,,,,100,0,,,,,c+4,poss,0.75,period,1.1918382090007071,None,None,,,,,,,,,,,0,84,84,139,284.8317930829944,,,,,,,,,,,,,,,,,,,,,,,,,,,,,,,,,,,,,,,,,,,,,,,,,,,,,,,,,,,,,,,,,,,,,,284.8224609159952,284.8317930829944,285.56620575000125,285.56620575000125,285.56620575000125,285.63776349999534,285.63776349999534,285.63776349999534,286.03320387499843,period,1.1918382090007071,None,286.0332602079943,286.03327616599563,None,,,,,,,,,,,,21040100,2,2026-02-26_12h56.31.216,tilt_mocs,2024.2.4,120.14790206418549,2026-02-26 12h56.44.896457 -0500,
2,0.0,,85,85,0,,,,,0,100,,,,,c+2,noss,1.25,period,1.7601814169975114,None,None,,,,,,,,,,,0,85,85,664,286.04012795799645,,,,,,,,,,,,,,,,,,,,,,,,,,,,,,,,,,,,,,,,,,,,,,,,,,,,,,,,,,,,,,,,,,,,,,286.0340079999951,286.04012795799645,287.27591449999454,287.27591449999454,287.27591449999454,287.3502725829967,287.3502725829967,287.3502725829967,287.8038070409966,period,1.7601814169975114,None,287.80395745799615,287.80401591600094,None,,,,,,,,,,,,21040100,2,2026-02-26_12h56.31.216,tilt_mocs,2024.2.4,120.14790206418549,2026-02-26 12h56.44.896457 -0500,
-2,0.0,,86,86,0,,,,,0,100,,,,,c-2,noss,1.0,z,1.4581973749955068,None,None,,,,,,,,,,,0,86,86,568,287.81541508299415,,,,,,,,,,,,,,,,,,,,,,,,,,,,,,,,,,,,,,,,,,,,,,,,,,,,,,,,,,,,,,,,,,,,,,287.80618941599823,287.81541508299415,288.7997026660014,288.7997026660014,288.7997026660014,288.87200454100093,288.87200454100093,288.87200454100093,289.28614895799547,z,1.4581973749955068,None,289.28631545799726,289.2863760409964,None,,,,,,,,,,,,21040100,2,2026-02-26_12h56.31.216,tilt_mocs,2024.2.4,120.14790206418549,2026-02-26 12h56.44.896457 -0500,
-4,0.0,,87,87,0,,,,,0,100,,,,,c-4,noss,0.75,z,1.160157625003194,None,None,,,,,,,,,,,0,87,87,518,289.2978068329976,,,,,,,,,,,,,,,,,,,,,,,,,,,,,,,,,,,,,,,,,,,,,,,,,,,,,,,,,,,,,,,,,,,,,,289.2891926250013,289.2978068329976,290.0330250830011,290.0330250830011,290.0330250830011,290.10497162499814,290.10497162499814,290.10497162499814,290.46901049999724,z,1.160157625003194,None,290.46911624999484,290.4691600829974,None,,,,,,,,,,,,21040100,2,2026-02-26_12h56.31.216,tilt_mocs,2024.2.4,120.14790206418549,2026-02-26 12h56.44.896457 -0500,
4,15.0,,88,88,0,,,,,100,0,,,,,c+4,poss,1.0,period,1.4703815000029863,None,None,,,,,,,,,,,0,88,88,152,290.4800707079994,,,,,,,,,,,,,,,,,,,,,,,,,,,,,,,,,,,,,,,,,,,,,,,,,,,,,,,,,,,,,,,,,,,,,,290.471167124997,290.4800707079994,291.4663806249955,291.4663806249955,291.4663806249955,291.53850808299467,291.53850808299467,291.53850808299467,291.9531593329957,period,1.4703815000029863,None,291.95333599999867,291.95339070799673,None,,,,,,,,,,,,21040100,2,2026-02-26_12h56.31.216,tilt_mocs,2024.2.4,120.14790206418549,2026-02-26 12h56.44.896457 -0500,
2,15.0,,89,89,0,,,,,100,0,,,,,c+2,poss,0.75,period,1.3098332499939715,None,None,,,,,,,,,,,0,89,89,98,291.96487208300096,,,,,,,,,,,,,,,,,,,,,,,,,,,,,,,,,,,,,,,,,,,,,,,,,,,,,,,,,,,,,,,,,,,,,,291.95606541600137,291.96487208300096,292.7000532079983,292.7000532079983,292.7000532079983,292.7715922079951,292.7715922079951,292.7715922079951,293.2858483329983,period,1.3098332499939715,None,293.28597466599604,293.2860318749954,None,,,,,,,,,,,,21040100,2,2026-02-26_12h56.31.216,tilt_mocs,2024.2.4,120.14790206418549,2026-02-26 12h56.44.896457 -0500,
2,-15.0,,90,90,0,,,,,100,0,,,,,c+2,negs,0.5,period,0.9379570000019157,None,None,,,,,,,,,,,0,90,90,465,293.29664037499606,,,,,,,,,,,,,,,,,,,,,,,,,,,,,,,,,,,,,,,,,,,,,,,,,,,,,,,,,,,,,,,,,,,,,,293.2883011659942,293.29664037499606,293.7829836249948,293.7829836249948,293.7829836249948,293.85625429100037,293.85625429100037,293.85625429100037,294.24640116599767,period,0.9379570000019157,None,294.24650595799903,294.2465492909978,None,,,,,,,,,,,,21040100,2,2026-02-26_12h56.31.216,tilt_mocs,2024.2.4,120.14790206418549,2026-02-26 12h56.44.896457 -0500,
-2,-15.0,,91,91,0,,,,,100,0,,,,,c-2,negs,0.75,period,1.5474602079993929,None,None,,,,,,,,,,,0,91,91,394,294.25326579099783,,,,,,,,,,,,,,,,,,,,,,,,,,,,,,,,,,,,,,,,,,,,,,,,,,,,,,,,,,,,,,,,,,,,,,294.2488531249983,294.25326579099783,294.9921820829986,294.9921820829986,294.9921820829986,295.06715624999924,295.06715624999924,295.06715624999924,295.80342683300114,period,1.5474602079993929,None,295.80357374999585,295.80362862499896,None,,,,,,,,,,,,21040100,2,2026-02-26_12h56.31.216,tilt_mocs,2024.2.4,120.14790206418549,2026-02-26 12h56.44.896457 -0500,
4,15.0,,92,92,0,,,,,100,0,,,,,c+4,poss,0.75,period,1.1842206250003073,None,None,,,,,,,,,,,0,92,92,138,295.8157107079969,,,,,,,,,,,,,,,,,,,,,,,,,,,,,,,,,,,,,,,,,,,,,,,,,,,,,,,,,,,,,,,,,,,,,,295.80639524999424,295.8157107079969,296.5499392079946,296.5499392079946,296.5499392079946,296.62232779099577,296.62232779099577,296.62232779099577,297.0031699999963,period,1.1842206250003073,None,297.00330312499864,297.00336366600095,None,,,,,,,,,,,,21040100,2,2026-02-26_12h56.31.216,tilt_mocs,2024.2.4,120.14790206418549,2026-02-26 12h56.44.896457 -0500,
0,0.0,,93,93,0,,,,,0,100,,,,,c+0,noss,0.75,z,3.2977422089970787,None,None,,,,,,,,,,,0,93,93,600,297.0166887499945,,,,,,,,,,,,,,,,,,,,,,,,,,,,,,,,,,,,,,,,,,,,,,,,,,,,,,,,,,,,,,,,,,,,,,297.00564612499875,297.0166887499945,297.74998733299435,297.74998733299435,297.74998733299435,297.82326508299593,297.82326508299593,297.82326508299593,300.31980783299514,z,3.2977422089970787,None,300.3199379159996,300.31999437500053,None,,,,,,,,,,,,21040100,2,2026-02-26_12h56.31.216,tilt_mocs,2024.2.4,120.14790206418549,2026-02-26 12h56.44.896457 -0500,
-6,-15.0,,94,94,0,,,,,100,0,,,,,c-6,negs,0.75,z,1.187032874993747,None,None,,,,,,,,,,,0,94,94,305,300.33109333299944,,,,,,,,,,,,,,,,,,,,,,,,,,,,,,,,,,,,,,,,,,,,,,,,,,,,,,,,,,,,,,,,,,,,,,300.3224118750004,300.33109333299944,301.0667444579958,301.0667444579958,301.0667444579958,301.13887829099986,301.13887829099986,301.13887829099986,301.52095220799674,z,1.187032874993747,None,301.5211038749985,301.5211581659969,None,,,,,,,,,,,,21040100,2,2026-02-26_12h56.31.216,tilt_mocs,2024.2.4,120.14790206418549,2026-02-26 12h56.44.896457 -0500,
-2,-15.0,,95,95,0,,,,,100,0,,,,,c-2,negs,0.75,period,1.3966809159974218,None,None,,,,,,,,,,,0,95,95,395,301.5329649999985,,,,,,,,,,,,,,,,,,,,,,,,,,,,,,,,,,,,,,,,,,,,,,,,,,,,,,,,,,,,,,,,,,,,,,301.52385654099635,301.5329649999985,302.26674758299487,302.26674758299487,302.26674758299487,302.3387241659948,302.3387241659948,302.3387241659948,302.93614537499525,period,1.3966809159974218,None,302.936248082995,302.9362905409944,None,,,,,,,,,,,,21040100,2,2026-02-26_12h56.31.216,tilt_mocs,2024.2.4,120.14790206418549,2026-02-26 12h56.44.896457 -0500,
-4,-15.0,,96,96,0,,,,,100,0,,,,,c-4,negs,1.25,z,1.749196791999566,None,None,,,,,,,,,,,0,96,96,373,302.94689975000074,,,,,,,,,,,,,,,,,,,,,,,,,,,,,,,,,,,,,,,,,,,,,,,,,,,,,,,,,,,,,,,,,,,,,,302.9382692079962,302.94689975000074,304.1835525409988,304.1835525409988,304.1835525409988,304.25546058300097,304.25546058300097,304.25546058300097,304.7031382079949,z,1.749196791999566,None,304.7032927909968,304.70336574999965,None,,,,,,,,,,,,21040100,2,2026-02-26_12h56.31.216,tilt_mocs,2024.2.4,120.14790206418549,2026-02-26 12h56.44.896457 -0500,
-2,15.0,,97,97,0,,,,,100,0,,,,,c-2,poss,1.25,z,1.764860667004541,None,None,,,,,,,,,,,0,97,97,38,304.71472970800096,,,,,,,,,,,,,,,,,,,,,,,,,,,,,,,,,,,,,,,,,,,,,,,,,,,,,,,,,,,,,,,,,,,,,,304.70580791599787,304.71472970800096,305.95039883299614,305.95039883299614,305.95039883299614,306.02263395799673,306.02263395799673,306.02263395799673,306.4861639160008,z,1.764860667004541,None,306.48629204099416,306.4863480829954,None,,,,,,,,,,,,21040100,2,2026-02-26_12h56.31.216,tilt_mocs,2024.2.4,120.14790206418549,2026-02-26 12h56.44.896457 -0500,
-4,0.0,,98,98,0,,,,,0,100,,,,,c-4,noss,0.75,z,1.1874430829993798,None,None,,,,,,,,,,,0,98,98,520,306.4972801249969,,,,,,,,,,,,,,,,,,,,,,,,,,,,,,,,,,,,,,,,,,,,,,,,,,,,,,,,,,,,,,,,,,,,,,306.488491832999,306.4972801249969,307.23371570799645,307.23371570799645,307.23371570799645,307.305617375001,307.305617375001,307.305617375001,307.6874369579964,z,1.1874430829993798,None,307.6876345829951,307.6876885829988,None,,,,,,,,,,,,21040100,2,2026-02-26_12h56.31.216,tilt_mocs,2024.2.4,120.14790206418549,2026-02-26 12h56.44.896457 -0500,
-6,-15.0,,99,99,0,,,,,100,0,,,,,c-6,negs,0.5,z,0.9548721659957664,None,None,,,,,,,,,,,0,99,99,300,307.6991945830014,,,,,,,,,,,,,,,,,,,,,,,,,,,,,,,,,,,,,,,,,,,,,,,,,,,,,,,,,,,,,,,,,,,,,,307.6903161250011,307.6991945830014,308.18366641600005,308.18366641600005,308.18366641600005,308.2562055409944,308.2562055409944,308.2562055409944,308.6590894580004,z,0.9548721659957664,None,308.6592152909943,308.6592709159959,None,,,,,,,,,,,,21040100,2,2026-02-26_12h56.31.216,tilt_mocs,2024.2.4,120.14790206418549,2026-02-26 12h56.44.896457 -0500,
0,-15.0,,100,100,0,,,,,100,0,,,,,c+0,negs,1.25,period,1.7646866249997402,None,None,,,,,,,,,,,0,100,100,459,308.67004274999636,,,,,,,,,,,,,,,,,,,,,,,,,,,,,,,,,,,,,,,,,,,,,,,,,,,,,,,,,,,,,,,,,,,,,,308.66145737499755,308.67004274999636,309.91059783299715,309.91059783299715,309.91059783299715,309.9842153749996,309.9842153749996,309.9842153749996,310.43725124999764,period,1.7646866249997402,None,310.4373807499942,310.43742712499807,None,,,,,,,,,,,,21040100,2,2026-02-26_12h56.31.216,tilt_mocs,2024.2.4,120.14790206418549,2026-02-26 12h56.44.896457 -0500,
4,15.0,,101,101,0,,,,,100,0,,,,,c+4,poss,1.25,period,1.8714308330017957,None,None,,,,,,,,,,,0,101,101,161,310.4485242910014,,,,,,,,,,,,,,,,,,,,,,,,,,,,,,,,,,,,,,,,,,,,,,,,,,,,,,,,,,,,,,,,,,,,,,310.4395333749999,310.4485242910014,311.68383454099967,311.68383454099967,311.68383454099967,311.7561421249993,311.7561421249993,311.7561421249993,312.32567908299825,period,1.8714308330017957,None,312.32580170800065,312.3258579159956,None,,,,,,,,,,,,21040100,2,2026-02-26_12h56.31.216,tilt_mocs,2024.2.4,120.14790206418549,2026-02-26 12h56.44.896457 -0500,
0,15.0,,102,102,0,,,,,100,0,,,,,c+0,poss,0.5,z,0.9845365000001038,None,None,,,,,,,,,,,0,102,102,46,312.33666108299803,,,,,,,,,,,,,,,,,,,,,,,,,,,,,,,,,,,,,,,,,,,,,,,,,,,,,,,,,,,,,,,,,,,,,,312.32789329099614,312.33666108299803,312.8284515409978,312.8284515409978,312.8284515409978,312.90606495799875,312.90606495799875,312.90606495799875,313.3255677909983,z,0.9845365000001038,None,313.32568662500125,313.3257422499955,None,,,,,,,,,,,,21040100,2,2026-02-26_12h56.31.216,tilt_mocs,2024.2.4,120.14790206418549,2026-02-26 12h56.44.896457 -0500,
4,0.0,,103,103,0,,,,,0,100,,,,,c+4,noss,1.0,period,1.6813974999968195,None,None,,,,,,,,,,,0,103,103,702,313.33669916600047,,,,,,,,,,,,,,,,,,,,,,,,,,,,,,,,,,,,,,,,,,,,,,,,,,,,,,,,,,,,,,,,,,,,,,313.32771229100035,313.33669916600047,314.326471458,314.326471458,314.326471458,314.4011637910007,314.4011637910007,314.4011637910007,315.0214629159964,period,1.6813974999968195,None,315.02160699999513,315.0216626659967,None,,,,,,,,,,,,21040100,2,2026-02-26_12h56.31.216,tilt_mocs,2024.2.4,120.14790206418549,2026-02-26 12h56.44.896457 -0500,
-2,15.0,,104,104,0,,,,,100,0,,,,,c-2,poss,1.0,z,1.47980033299973,None,None,,,,,,,,,,,0,104,104,25,315.0332819999967,,,,,,,,,,,,,,,,,,,,,,,,,,,,,,,,,,,,,,,,,,,,,,,,,,,,,,,,,,,,,,,,,,,,,,315.0242713749976,315.0332819999967,316.01732895799796,316.01732895799796,316.01732895799796,316.08916624999983,316.08916624999983,316.08916624999983,316.52077204099623,z,1.47980033299973,None,316.5209152909956,316.5209782909951,None,,,,,,,,,,,,21040100,2,2026-02-26_12h56.31.216,tilt_mocs,2024.2.4,120.14790206418549,2026-02-26 12h56.44.896457 -0500,
2,15.0,,105,105,0,,,,,100,0,,,,,c+2,poss,0.5,z,1.4200694999963162,None,None,,,,,,,,,,,0,105,105,93,316.53249354099535,,,,,,,,,,,,,,,,,,,,,,,,,,,,,,,,,,,,,,,,,,,,,,,,,,,,,,,,,,,,,,,,,,,,,,316.5236647079946,316.53249354099535,317.0173426249967,317.0173426249967,317.0173426249967,317.09028216599836,317.09028216599836,317.09028216599836,317.9594867499982,z,1.4200694999963162,None,317.9596500409971,317.95970641599706,None,,,,,,,,,,,,21040100,2,2026-02-26_12h56.31.216,tilt_mocs,2024.2.4,120.14790206418549,2026-02-26 12h56.44.896457 -0500,
4,15.0,,106,106,0,,,,,100,0,,,,,c+4,poss,0.75,period,1.0592384580013459,None,None,,,,,,,,,,,0,106,106,143,317.9705239159957,,,,,,,,,,,,,,,,,,,,,,,,,,,,,,,,,,,,,,,,,,,,,,,,,,,,,,,,,,,,,,,,,,,,,,317.96231804099807,317.9705239159957,318.71058120799717,318.71058120799717,318.71058120799717,318.7844201659973,318.7844201659973,318.7844201659973,319.03685287499684,period,1.0592384580013459,None,319.03697637499863,319.0370301660005,None,,,,,,,,,,,,21040100,2,2026-02-26_12h56.31.216,tilt_mocs,2024.2.4,120.14790206418549,2026-02-26 12h56.44.896457 -0500,
2,-15.0,,107,107,0,,,,,100,0,,,,,c+2,negs,1.0,period,1.4366285829964909,None,None,,,,,,,,,,,0,107,107,487,319.0474908749966,,,,,,,,,,,,,,,,,,,,,,,,,,,,,,,,,,,,,,,,,,,,,,,,,,,,,,,,,,,,,,,,,,,,,,319.0390970829976,319.0474908749966,320.0340651250008,320.0340651250008,320.0340651250008,320.10635929099954,320.10635929099954,320.10635929099954,320.48702087499987,period,1.4366285829964909,None,320.48713449999923,320.4871787909942,None,,,,,,,,,,,,21040100,2,2026-02-26_12h56.31.216,tilt_mocs,2024.2.4,120.14790206418549,2026-02-26 12h56.44.896457 -0500,
6,15.0,,108,108,0,,,,,100,0,,,,,c+6,poss,0.75,period,1.1772270829969784,None,None,,,,,,,,,,,0,108,108,185,320.5009186659954,,,,,,,,,,,,,,,,,,,,,,,,,,,,,,,,,,,,,,,,,,,,,,,,,,,,,,,,,,,,,,,,,,,,,,320.4891855409951,320.5009186659954,321.2334126659989,321.2334126659989,321.2334126659989,321.30627749999985,321.30627749999985,321.30627749999985,321.68736174999503,period,1.1772270829969784,None,321.6875285829956,321.68758629099466,None,,,,,,,,,,,,21040100,2,2026-02-26_12h56.31.216,tilt_mocs,2024.2.4,120.14790206418549,2026-02-26 12h56.44.896457 -0500,
2,0.0,,109,109,0,,,,,0,100,,,,,c+2,noss,0.75,period,1.223117290996015,None,None,,,,,,,,,,,0,109,109,647,321.69870895799977,,,,,,,,,,,,,,,,,,,,,,,,,,,,,,,,,,,,,,,,,,,,,,,,,,,,,,,,,,,,,,,,,,,,,,321.6899467080002,321.69870895799977,322.43432441599725,322.43432441599725,322.43432441599725,322.5063951659977,322.5063951659977,322.5063951659977,322.92584395800077,period,1.223117290996015,None,322.9259863749976,322.9260421250001,None,,,,,,,,,,,,21040100,2,2026-02-26_12h56.31.216,tilt_mocs,2024.2.4,120.14790206418549,2026-02-26 12h56.44.896457 -0500,
2,0.0,,110,110,0,,,,,0,100,,,,,c+2,noss,1.25,period,1.7240675830034888,None,None,,,,,,,,,,,0,110,110,669,322.9371018749953,,,,,,,,,,,,,,,,,,,,,,,,,,,,,,,,,,,,,,,,,,,,,,,,,,,,,,,,,,,,,,,,,,,,,,322.92814912500035,322.9371018749953,324.177194625001,324.177194625001,324.177194625001,324.25139683299494,324.25139683299494,324.25139683299494,324.67092408299504,period,1.7240675830034888,None,324.6710725410012,324.6711337079978,None,,,,,,,,,,,,21040100,2,2026-02-26_12h56.31.216,tilt_mocs,2024.2.4,120.14790206418549,2026-02-26 12h56.44.896457 -0500,
2,-15.0,,111,111,0,,,,,100,0,,,,,c+2,negs,0.5,period,0.8801074999937555,None,None,,,,,,,,,,,0,111,111,469,324.68222616599815,,,,,,,,,,,,,,,,,,,,,,,,,,,,,,,,,,,,,,,,,,,,,,,,,,,,,,,,,,,,,,,,,,,,,,324.67338633300096,324.68222616599815,325.1675906659948,325.1675906659948,325.1675906659948,325.24014120799984,325.24014120799984,325.24014120799984,325.57073312499415,period,0.8801074999937555,None,325.5708918329983,325.570954625,None,,,,,,,,,,,,21040100,2,2026-02-26_12h56.31.216,tilt_mocs,2024.2.4,120.14790206418549,2026-02-26 12h56.44.896457 -0500,
2,15.0,,112,112,0,,,,,100,0,,,,,c+2,poss,0.5,period,0.9946533330003149,None,None,,,,,,,,,,,0,112,112,87,325.58285220799735,,,,,,,,,,,,,,,,,,,,,,,,,,,,,,,,,,,,,,,,,,,,,,,,,,,,,,,,,,,,,,,,,,,,,,325.5737403749954,325.58285220799735,326.06766662500013,326.06766662500013,326.06766662500013,326.13981170799525,326.13981170799525,326.13981170799525,326.58708370800014,period,0.9946533330003149,None,326.5872142500011,326.587270582997,None,,,,,,,,,,,,21040100,2,2026-02-26_12h56.31.216,tilt_mocs,2024.2.4,120.14790206418549,2026-02-26 12h56.44.896457 -0500,
-6,-15.0,,113,113,0,,,,,100,0,,,,,c-6,negs,1.25,z,1.6133238750044256,None,None,,,,,,,,,,,0,113,113,330,326.5981004999994,,,,,,,,,,,,,,,,,,,,,,,,,,,,,,,,,,,,,,,,,,,,,,,,,,,,,,,,,,,,,,,,,,,,,,326.58943966600054,326.5981004999994,327.8343867079966,327.8343867079966,327.8343867079966,327.9063350829965,327.9063350829965,327.9063350829965,328.22045233300014,z,1.6133238750044256,None,328.2205886660013,328.2206434999971,None,,,,,,,,,,,,21040100,2,2026-02-26_12h56.31.216,tilt_mocs,2024.2.4,120.14790206418549,2026-02-26 12h56.44.896457 -0500,
0,0.0,,114,114,0,,,,,0,100,,,,,c+0,noss,0.5,period,1.1482003749988507,None,None,,,,,,,,,,,0,114,114,598,328.2317398749947,,,,,,,,,,,,,,,,,,,,,,,,,,,,,,,,,,,,,,,,,,,,,,,,,,,,,,,,,,,,,,,,,,,,,,328.2230697080013,328.2317398749947,328.71773958300037,328.71773958300037,328.71773958300037,328.7897857499993,328.7897857499993,328.7897857499993,329.3873780829963,period,1.1482003749988507,None,329.3875093749957,329.3875732499946,None,,,,,,,,,,,,21040100,2,2026-02-26_12h56.31.216,tilt_mocs,2024.2.4,120.14790206418549,2026-02-26 12h56.44.896457 -0500,
-4,0.0,,115,115,0,,,,,0,100,,,,,c-4,noss,1.0,z,1.4176319999969564,None,None,,,,,,,,,,,0,115,115,535,329.39837075000105,,,,,,,,,,,,,,,,,,,,,,,,,,,,,,,,,,,,,,,,,,,,,,,,,,,,,,,,,,,,,,,,,,,,,,329.389619415997,329.39837075000105,330.383813290995,330.383813290995,330.383813290995,330.45773045799433,330.45773045799433,330.45773045799433,330.82072087499546,z,1.4176319999969564,None,330.82084012500127,330.8208872909963,None,,,,,,,,,,,,21040100,2,2026-02-26_12h56.31.216,tilt_mocs,2024.2.4,120.14790206418549,2026-02-26 12h56.44.896457 -0500,
0,-15.0,,116,116,0,,,,,100,0,,,,,c+0,negs,1.25,period,1.7364868750009919,None,None,,,,,,,,,,,0,116,116,461,330.8314709999977,,,,,,,,,,,,,,,,,,,,,,,,,,,,,,,,,,,,,,,,,,,,,,,,,,,,,,,,,,,,,,,,,,,,,,330.82297087500046,330.8314709999977,332.0679480830004,332.0679480830004,332.0679480830004,332.13989091599797,332.13989091599797,332.13989091599797,332.57071541599726,period,1.7364868750009919,None,332.57084579100047,332.570896833,None,,,,,,,,,,,,21040100,2,2026-02-26_12h56.31.216,tilt_mocs,2024.2.4,120.14790206418549,2026-02-26 12h56.44.896457 -0500,
0,0.0,,117,117,0,,,,,0,100,,,,,c+0,noss,1.25,period,1.8776724169947556,None,None,,,,,,,,,,,0,117,117,625,332.5816724999968,,,,,,,,,,,,,,,,,,,,,,,,,,,,,,,,,,,,,,,,,,,,,,,,,,,,,,,,,,,,,,,,,,,,,,332.5728917499946,332.5816724999968,333.8171413329983,333.8171413329983,333.8171413329983,333.89025295800093,333.89025295800093,333.89025295800093,334.471094374996,period,1.8776724169947556,None,334.4712664580002,334.4713291250009,None,,,,,,,,,,,,21040100,2,2026-02-26_12h56.31.216,tilt_mocs,2024.2.4,120.14790206418549,2026-02-26 12h56.44.896457 -0500,
6,15.0,,118,118,0,,,,,100,0,,,,,c+6,poss,1.0,period,1.4036176660010824,None,None,,,,,,,,,,,0,118,118,190,334.4833246659982,,,,,,,,,,,,,,,,,,,,,,,,,,,,,,,,,,,,,,,,,,,,,,,,,,,,,,,,,,,,,,,,,,,,,,334.474151082999,334.4833246659982,335.4680676659991,335.4680676659991,335.4680676659991,335.5409921659957,335.5409921659957,335.5409921659957,335.8944901249997,period,1.4036176660010824,None,335.89462116600043,335.8946759159953,None,,,,,,,,,,,,21040100,2,2026-02-26_12h56.31.216,tilt_mocs,2024.2.4,120.14790206418549,2026-02-26 12h56.44.896457 -0500,
0,15.0,,119,119,0,,,,,100,0,,,,,c+0,poss,1.0,z,1.5079795830024523,None,None,,,,,,,,,,,0,119,119,64,335.9050444999957,,,,,,,,,,,,,,,,,,,,,,,,,,,,,,,,,,,,,,,,,,,,,,,,,,,,,,,,,,,,,,,,,,,,,,335.89684175,335.9050444999957,336.89432779100025,336.89432779100025,336.89432779100025,336.96856654099975,336.96856654099975,336.96856654099975,337.420772999998,z,1.5079795830024523,None,337.4209094580001,337.42096508299437,None,,,,,,,,,,,,21040100,2,2026-02-26_12h56.31.216,tilt_mocs,2024.2.4,120.14790206418549,2026-02-26 12h56.44.896457 -0500,
-4,-15.0,,120,120,0,,,,,100,0,,,,,c-4,negs,1.0,period,1.4240275000047404,None,None,,,,,,,,,,,0,120,120,361,337.4320020000014,,,,,,,,,,,,,,,,,,,,,,,,,,,,,,,,,,,,,,,,,,,,,,,,,,,,,,,,,,,,,,,,,,,,,,337.42323120799847,337.4320020000014,338.41810504099703,338.41810504099703,338.41810504099703,338.4911839999986,338.4911839999986,338.4911839999986,338.85900954099634,period,1.4240275000047404,None,338.85911283300084,338.85915579099674,None,,,,,,,,,,,,21040100,2,2026-02-26_12h56.31.216,tilt_mocs,2024.2.4,120.14790206418549,2026-02-26 12h56.44.896457 -0500,
2,-15.0,,121,121,0,,,,,100,0,,,,,c+2,negs,1.0,period,1.4057279170010588,None,None,,,,,,,,,,,0,121,121,493,338.86996220799483,,,,,,,,,,,,,,,,,,,,,,,,,,,,,,,,,,,,,,,,,,,,,,,,,,,,,,,,,,,,,,,,,,,,,,338.86113241600106,338.86996220799483,339.8606466659985,339.8606466659985,339.8606466659985,339.93442337499437,339.93442337499437,339.93442337499437,340.3029558329945,period,1.4057279170010588,None,340.3030823329973,340.3031383329944,None,,,,,,,,,,,,21040100,2,2026-02-26_12h56.31.216,tilt_mocs,2024.2.4,120.14790206418549,2026-02-26 12h56.44.896457 -0500,
8,15.0,,122,122,0,,,,,100,0,,,,,c+8,poss,1.0,period,1.4194644589952077,None,None,,,,,,,,,,,0,122,122,234,340.3188130829949,,,,,,,,,,,,,,,,,,,,,,,,,,,,,,,,,,,,,,,,,,,,,,,,,,,,,,,,,,,,,,,,,,,,,,340.30542791599873,340.3188130829949,341.3015675409988,341.3015675409988,341.3015675409988,341.3741883749972,341.3741883749972,341.3741883749972,341.74324387499655,period,1.4194644589952077,None,341.7433700830006,341.7434259579968,None,,,,,,,,,,,,21040100,2,2026-02-26_12h56.31.216,tilt_mocs,2024.2.4,120.14790206418549,2026-02-26 12h56.44.896457 -0500,
0,0.0,,123,123,0,,,,,0,100,,,,,c+0,noss,0.75,period,1.414298667004914,None,None,,,,,,,,,,,0,123,123,605,341.75449591600045,,,,,,,,,,,,,,,,,,,,,,,,,,,,,,,,,,,,,,,,,,,,,,,,,,,,,,,,,,,,,,,,,,,,,,341.74559962499916,341.75449591600045,342.4940380830012,342.4940380830012,342.4940380830012,342.5688038750013,342.5688038750013,342.5688038750013,343.1717844160012,period,1.414298667004914,None,343.17204045799735,343.17213370799436,None,,,,,,,,,,,,21040100,2,2026-02-26_12h56.31.216,tilt_mocs,2024.2.4,120.14790206418549,2026-02-26 12h56.44.896457 -0500,
4,0.0,,124,124,0,,,,,0,100,,,,,c+4,noss,0.75,period,1.2050427499998477,None,None,,,,,,,,,,,0,124,124,687,343.18408987499424,,,,,,,,,,,,,,,,,,,,,,,,,,,,,,,,,,,,,,,,,,,,,,,,,,,,,,,,,,,,,,,,,,,,,,343.17477737499576,343.18408987499424,343.91832504099875,343.91832504099875,343.91832504099875,343.9903148749945,343.9903148749945,343.9903148749945,344.3920568329995,period,1.2050427499998477,None,344.39225958300085,344.39235670799826,None,,,,,,,,,,,,21040100,2,2026-02-26_12h56.31.216,tilt_mocs,2024.2.4,120.14790206418549,2026-02-26 12h56.44.896457 -0500,
2,0.0,,125,125,0,,,,,0,100,,,,,c+2,noss,1.0,period,1.4993199999953504,None,None,,,,,,,,,,,0,125,125,654,344.40402037499734,,,,,,,,,,,,,,,,,,,,,,,,,,,,,,,,,,,,,,,,,,,,,,,,,,,,,,,,,,,,,,,,,,,,,,344.3947717080009,344.40402037499734,345.39453704100015,345.39453704100015,345.39453704100015,345.4690619999965,345.4690619999965,345.4690619999965,345.9156866659978,period,1.4993199999953504,None,345.9157893329975,345.9158331660001,None,,,,,,,,,,,,21040100,2,2026-02-26_12h56.31.216,tilt_mocs,2024.2.4,120.14790206418549,2026-02-26 12h56.44.896457 -0500,
2,-15.0,,126,126,0,,,,,100,0,,,,,c+2,negs,1.25,period,1.7033202500024345,None,None,,,,,,,,,,,0,126,126,497,345.922658083,,,,,,,,,,,,,,,,,,,,,,,,,,,,,,,,,,,,,,,,,,,,,,,,,,,,,,,,,,,,,,,,,,,,,,345.9178900830011,345.922658083,347.16134733299987,347.16134733299987,347.16134733299987,347.235378915997,347.235378915997,347.235378915997,347.6387428329981,period,1.7033202500024345,None,347.638844041001,347.63888783299626,None,,,,,,,,,,,,21040100,2,2026-02-26_12h56.31.216,tilt_mocs,2024.2.4,120.14790206418549,2026-02-26 12h56.44.896457 -0500,
0,-15.0,,127,127,0,,,,,100,0,,,,,c+0,negs,1.0,period,1.5713457499950891,None,None,,,,,,,,,,,0,127,127,445,347.6522872909991,,,,,,,,,,,,,,,,,,,,,,,,,,,,,,,,,,,,,,,,,,,,,,,,,,,,,,,,,,,,,,,,,,,,,,347.6409232500009,347.6522872909991,348.63416408299963,348.63416408299963,348.63416408299963,348.70739208300074,348.70739208300074,348.70739208300074,349.22672270800103,period,1.5713457499950891,None,349.22684966599627,349.2269034159981,None,,,,,,,,,,,,21040100,2,2026-02-26_12h56.31.216,tilt_mocs,2024.2.4,120.14790206418549,2026-02-26 12h56.44.896457 -0500,
-4,-15.0,,128,128,0,,,,,100,0,,,,,c-4,negs,0.75,period,1.989910707998206,None,None,,,,,,,,,,,0,128,128,350,349.23803137499635,,,,,,,,,,,,,,,,,,,,,,,,,,,,,,,,,,,,,,,,,,,,,,,,,,,,,,,,,,,,,,,,,,,,,,349.2288840830006,349.23803137499635,349.9773728750006,349.9773728750006,349.9773728750006,350.0524900829987,350.0524900829987,350.0524900829987,351.2379389159978,period,1.989910707998206,None,351.23806908299593,351.2381249579994,None,,,,,,,,,,,,21040100,2,2026-02-26_12h56.31.216,tilt_mocs,2024.2.4,120.14790206418549,2026-02-26 12h56.44.896457 -0500,
6,15.0,,129,129,0,,,,,100,0,,,,,c+6,poss,1.0,period,1.5103517090028618,None,None,,,,,,,,,,,0,129,129,191,351.24940375000006,,,,,,,,,,,,,,,,,,,,,,,,,,,,,,,,,,,,,,,,,,,,,,,,,,,,,,,,,,,,,,,,,,,,,,351.2406169159949,351.24940375000006,352.23529629100085,352.23529629100085,352.23529629100085,352.3079284579944,352.3079284579944,352.3079284579944,352.77148170799774,period,1.5103517090028618,None,352.7717320829979,352.77183133299695,None,,,,,,,,,,,,21040100,2,2026-02-26_12h56.31.216,tilt_mocs,2024.2.4,120.14790206418549,2026-02-26 12h56.44.896457 -0500,
-2,-15.0,,130,130,0,,,,,100,0,,,,,c-2,negs,0.75,period,1.3535549590014853,None,None,,,,,,,,,,,0,130,130,396,352.7832048749988,,,,,,,,,,,,,,,,,,,,,,,,,,,,,,,,,,,,,,,,,,,,,,,,,,,,,,,,,,,,,,,,,,,,,,352.77433587500127,352.7832048749988,353.51861312500114,353.51861312500114,353.51861312500114,353.59078504100034,353.59078504100034,353.59078504100034,354.14850020800077,period,1.3535549590014853,None,354.14860795799905,354.1486536250013,None,,,,,,,,,,,,21040100,2,2026-02-26_12h56.31.216,tilt_mocs,2024.2.4,120.14790206418549,2026-02-26 12h56.44.896457 -0500,
-8,-15.0,,131,131,0,,,,,100,0,,,,,c-8,negs,0.5,z,0.947234582999954,None,None,,,,,,,,,,,0,131,131,253,354.15528541599633,,,,,,,,,,,,,,,,,,,,,,,,,,,,,,,,,,,,,,,,,,,,,,,,,,,,,,,,,,,,,,,,,,,,,,354.15068937499746,354.15528541599633,354.64557370799594,354.64557370799594,354.64557370799594,354.71936804099823,354.71936804099823,354.71936804099823,355.1053675000003,z,0.947234582999954,None,355.10551570799726,355.105575374997,None,,,,,,,,,,,,21040100,2,2026-02-26_12h56.31.216,tilt_mocs,2024.2.4,120.14790206418549,2026-02-26 12h56.44.896457 -0500,
-2,0.0,,132,132,0,,,,,0,100,,,,,c-2,noss,0.75,z,1.2370706250003423,None,None,,,,,,,,,,,0,132,132,558,355.1170295829943,,,,,,,,,,,,,,,,,,,,,,,,,,,,,,,,,,,,,,,,,,,,,,,,,,,,,,,,,,,,,,,,,,,,,,355.1078069159994,355.1170295829943,355.852020833001,355.852020833001,355.852020833001,355.9227458749956,355.9227458749956,355.9227458749956,356.36057279099623,z,1.2370706250003423,None,356.3606926249995,356.36074804099917,None,,,,,,,,,,,,21040100,2,2026-02-26_12h56.31.216,tilt_mocs,2024.2.4,120.14790206418549,2026-02-26 12h56.44.896457 -0500,
2,0.0,,133,133,0,,,,,0,100,,,,,c+2,noss,0.5,period,1.1841910000002827,None,None,,,,,,,,,,,0,133,133,630,356.3717856250005,,,,,,,,,,,,,,,,,,,,,,,,,,,,,,,,,,,,,,,,,,,,,,,,,,,,,,,,,,,,,,,,,,,,,,356.3628718330001,356.3717856250005,356.86151945799793,356.86151945799793,356.86151945799793,356.93480045799515,356.93480045799515,356.93480045799515,357.5608821249989,period,1.1841910000002827,None,357.5610087499954,357.5610799579954,None,,,,,,,,,,,,21040100,2,2026-02-26_12h56.31.216,tilt_mocs,2024.2.4,120.14790206418549,2026-02-26 12h56.44.896457 -0500,
4,0.0,,134,134,0,,,,,0,100,,,,,c+4,noss,0.5,period,0.9376508329951321,None,None,,,,,,,,,,,0,134,134,678,357.5715934159962,,,,,,,,,,,,,,,,,,,,,,,,,,,,,,,,,,,,,,,,,,,,,,,,,,,,,,,,,,,,,,,,,,,,,,357.5630982079965,357.5715934159962,358.0617769579985,358.0617769579985,358.0617769579985,358.135037,358.135037,358.135037,358.52065154099546,period,0.9376508329951321,None,358.52076145799947,358.5208041250007,None,,,,,,,,,,,,21040100,2,2026-02-26_12h56.31.216,tilt_mocs,2024.2.4,120.14790206418549,2026-02-26 12h56.44.896457 -0500,
6,15.0,,135,135,0,,,,,100,0,,,,,c+6,poss,1.25,period,1.6775340829990455,None,None,,,,,,,,,,,0,135,135,201,358.52830549999635,,,,,,,,,,,,,,,,,,,,,,,,,,,,,,,,,,,,,,,,,,,,,,,,,,,,,,,,,,,,,,,,,,,,,,358.5228199999983,358.52830549999635,359.76887087499927,359.76887087499927,359.76887087499927,359.85281658299937,359.85281658299937,359.85281658299937,360.21141245799663,period,1.6775340829990455,None,360.21153370799584,360.2115877499964,None,,,,,,,,,,,,21040100,2,2026-02-26_12h56.31.216,tilt_mocs,2024.2.4,120.14790206418549,2026-02-26 12h56.44.896457 -0500,
8,15.0,,136,136,0,,,,,100,0,,,,,c+8,poss,1.0,period,1.5004806249999092,None,None,,,,,,,,,,,0,136,136,237,360.2219581659956,,,,,,,,,,,,,,,,,,,,,,,,,,,,,,,,,,,,,,,,,,,,,,,,,,,,,,,,,,,,,,,,,,,,,,360.21400154099683,360.2219581659956,361.21108433300105,361.21108433300105,361.21108433300105,361.2861272079972,361.2861272079972,361.2861272079972,361.72757904099853,period,1.5004806249999092,None,361.72770737500105,361.72776608300046,None,,,,,,,,,,,,21040100,2,2026-02-26_12h56.31.216,tilt_mocs,2024.2.4,120.14790206418549,2026-02-26 12h56.44.896457 -0500,
0,0.0,,137,137,0,,,,,0,100,,,,,c+0,noss,1.0,z,2.1987461669996264,None,None,,,,,,,,,,,0,137,137,612,361.7386205829971,,,,,,,,,,,,,,,,,,,,,,,,,,,,,,,,,,,,,,,,,,,,,,,,,,,,,,,,,,,,,,,,,,,,,,361.7298095410006,361.7386205829971,362.72931795800105,362.72931795800105,362.72931795800105,362.80311208299827,362.80311208299827,362.80311208299827,363.9491750409943,z,2.1987461669996264,None,363.9492743749943,363.94931758299936,None,,,,,,,,,,,,21040100,2,2026-02-26_12h56.31.216,tilt_mocs,2024.2.4,120.14790206418549,2026-02-26 12h56.44.896457 -0500,
4,0.0,,138,138,0,,,,,0,100,,,,,c+4,noss,1.0,period,1.4226482919984846,None,None,,,,,,,,,,,0,138,138,694,363.9558246249944,,,,,,,,,,,,,,,,,,,,,,,,,,,,,,,,,,,,,,,,,,,,,,,,,,,,,,,,,,,,,,,,,,,,,,363.95129112499853,363.9558246249944,364.9449487909951,364.9449487909951,364.9449487909951,365.0196072079998,365.0196072079998,365.0196072079998,365.38845041599416,period,1.4226482919984846,None,365.3885792910005,365.38863445799507,None,,,,,,,,,,,,21040100,2,2026-02-26_12h56.31.216,tilt_mocs,2024.2.4,120.14790206418549,2026-02-26 12h56.44.896457 -0500,
-2,0.0,,139,139,0,,,,,0,100,,,,,c-2,noss,0.5,z,1.0049216249972233,None,None,,,,,,,,,,,0,139,139,552,365.39961695799866,,,,,,,,,,,,,,,,,,,,,,,,,,,,,,,,,,,,,,,,,,,,,,,,,,,,,,,,,,,,,,,,,,,,,,365.39115045799554,365.39961695799866,365.8848242499953,365.8848242499953,365.8848242499953,365.9586614159998,365.9586614159998,365.9586614159998,366.41092533299525,z,1.0049216249972233,None,366.4110517910012,366.4111074159955,None,,,,,,,,,,,,21040100,2,2026-02-26_12h56.31.216,tilt_mocs,2024.2.4,120.14790206418549,2026-02-26 12h56.44.896457 -0500,
2,15.0,,140,140,0,,,,,100,0,,,,,c+2,poss,1.25,z,1.8482744580032886,None,None,,,,,,,,,,,0,140,140,122,366.4220826659948,,,,,,,,,,,,,,,,,,,,,,,,,,,,,,,,,,,,,,,,,,,,,,,,,,,,,,,,,,,,,,,,,,,,,,366.41328749999957,366.4220826659948,367.66237033299694,367.66237033299694,367.66237033299694,367.73636712499865,367.73636712499865,367.73636712499865,368.27315483299753,z,1.8482744580032886,None,368.27338279099786,368.27349583299656,None,,,,,,,,,,,,21040100,2,2026-02-26_12h56.31.216,tilt_mocs,2024.2.4,120.14790206418549,2026-02-26 12h56.44.896457 -0500,
0,0.0,,141,141,0,,,,,0,100,,,,,c+0,noss,1.25,period,1.9112255410000216,None,None,,,,,,,,,,,0,141,141,628,368.28515383299964,,,,,,,,,,,,,,,,,,,,,,,,,,,,,,,,,,,,,,,,,,,,,,,,,,,,,,,,,,,,,,,,,,,,,,368.2760604579962,368.28515383299964,369.51922341599857,369.51922341599857,369.51922341599857,369.5914690409991,369.5914690409991,369.5914690409991,370.20538099999976,period,1.9112255410000216,None,370.20553241599555,370.2055949159985,None,,,,,,,,,,,,21040100,2,2026-02-26_12h56.31.216,tilt_mocs,2024.2.4,120.14790206418549,2026-02-26 12h56.44.896457 -0500,
-2,-15.0,,142,142,0,,,,,100,0,,,,,c-2,negs,0.5,period,1.131542625000293,None,None,,,,,,,,,,,0,142,142,382,370.2177052909974,,,,,,,,,,,,,,,,,,,,,,,,,,,,,,,,,,,,,,,,,,,,,,,,,,,,,,,,,,,,,,,,,,,,,,370.20855774999654,370.2177052909974,370.70268224999745,370.70268224999745,370.70268224999745,370.77430625000125,370.77430625000125,370.77430625000125,371.35495820800134,period,1.131542625000293,None,371.35506191599416,371.35510541599797,None,,,,,,,,,,,,21040100,2,2026-02-26_12h56.31.216,tilt_mocs,2024.2.4,120.14790206418549,2026-02-26 12h56.44.896457 -0500,
-4,0.0,,143,143,0,,,,,0,100,,,,,c-4,noss,0.75,z,1.228197459000512,None,None,,,,,,,,,,,0,143,143,515,371.3656812499976,,,,,,,,,,,,,,,,,,,,,,,,,,,,,,,,,,,,,,,,,,,,,,,,,,,,,,,,,,,,,,,,,,,,,,371.3570493329971,371.3656812499976,372.10323095799686,372.10323095799686,372.10323095799686,372.17510170799505,372.17510170799505,372.17510170799505,372.6053579159998,z,1.228197459000512,None,372.60548704100074,372.60554324999976,None,,,,,,,,,,,,21040100,2,2026-02-26_12h56.31.216,tilt_mocs,2024.2.4,120.14790206418549,2026-02-26 12h56.44.896457 -0500,
-8,-15.0,,144,144,0,,,,,100,0,,,,,c-8,negs,0.75,z,1.1470076670011622,None,None,,,,,,,,,,,0,144,144,268,372.61616495799535,,,,,,,,,,,,,,,,,,,,,,,,,,,,,,,,,,,,,,,,,,,,,,,,,,,,,,,,,,,,,,,,,,,,,,372.6077055409987,372.61616495799535,373.35267295799713,373.35267295799713,373.35267295799713,373.42512575,373.42512575,373.42512575,373.7719435830004,z,1.1470076670011622,None,373.77204787499795,373.7720924999958,None,,,,,,,,,,,,21040100,2,2026-02-26_12h56.31.216,tilt_mocs,2024.2.4,120.14790206418549,2026-02-26 12h56.44.896457 -0500,
2,15.0,,145,145,0,,,,,100,0,,,,,c+2,poss,0.75,z,1.3047628339991206,None,None,,,,,,,,,,,0,145,145,95,373.78298599999835,,,,,,,,,,,,,,,,,,,,,,,,,,,,,,,,,,,,,,,,,,,,,,,,,,,,,,,,,,,,,,,,,,,,,,373.7740748329961,373.78298599999835,374.5186627910007,374.5186627910007,374.5186627910007,374.5914842909988,374.5914842909988,374.5914842909988,375.0998666249943,z,1.3047628339991206,None,375.09996945799503,375.10001291599474,None,,,,,,,,,,,,21040100,2,2026-02-26_12h56.31.216,tilt_mocs,2024.2.4,120.14790206418549,2026-02-26 12h56.44.896457 -0500,
4,15.0,,146,146,0,,,,,100,0,,,,,c+4,poss,1.25,period,1.8258189160042093,None,None,,,,,,,,,,,0,146,146,158,375.1065121249994,,,,,,,,,,,,,,,,,,,,,,,,,,,,,,,,,,,,,,,,,,,,,,,,,,,,,,,,,,,,,,,,,,,,,,375.1020036659975,375.1065121249994,376.3452063329969,376.3452063329969,376.3452063329969,376.4367680409996,376.4367680409996,376.4367680409996,376.9386495409999,period,1.8258189160042093,None,376.9387827909959,376.9388400829994,None,,,,,,,,,,,,21040100,2,2026-02-26_12h56.31.216,tilt_mocs,2024.2.4,120.14790206418549,2026-02-26 12h56.44.896457 -0500,
-6,-15.0,,147,147,0,,,,,100,0,,,,,c-6,negs,0.75,z,1.22781308300182,None,None,,,,,,,,,,,0,147,147,308,376.94991149999987,,,,,,,,,,,,,,,,,,,,,,,,,,,,,,,,,,,,,,,,,,,,,,,,,,,,,,,,,,,,,,,,,,,,,,376.94106649999594,376.94991149999987,377.6858520409951,377.6858520409951,377.6858520409951,377.7595575410014,377.7595575410014,377.7595575410014,378.18919095800084,z,1.22781308300182,None,378.18940887499775,378.1895063330012,None,,,,,,,,,,,,21040100,2,2026-02-26_12h56.31.216,tilt_mocs,2024.2.4,120.14790206418549,2026-02-26 12h56.44.896457 -0500,
-8,-15.0,,148,148,0,,,,,100,0,,,,,c-8,negs,1.25,z,1.68588933400315,None,None,,,,,,,,,,,0,148,148,287,378.2008050000004,,,,,,,,,,,,,,,,,,,,,,,,,,,,,,,,,,,,,,,,,,,,,,,,,,,,,,,,,,,,,,,,,,,,,,378.19201683299616,378.2008050000004,379.4355470829978,379.4355470829978,379.4355470829978,379.5083472080005,379.5083472080005,379.5083472080005,379.88960454100015,z,1.68588933400315,None,379.8897477499995,379.889809332999,None,,,,,,,,,,,,21040100,2,2026-02-26_12h56.31.216,tilt_mocs,2024.2.4,120.14790206418549,2026-02-26 12h56.44.896457 -0500,
-8,-15.0,,149,149,0,,,,,100,0,,,,,c-8,negs,1.0,z,1.4278097089991206,None,None,,,,,,,,,,,0,149,149,278,379.9013882500003,,,,,,,,,,,,,,,,,,,,,,,,,,,,,,,,,,,,,,,,,,,,,,,,,,,,,,,,,,,,,,,,,,,,,,379.89239529099723,379.9013882500003,380.88643020799645,380.88643020799645,380.88643020799645,380.95826529099577,380.95826529099577,380.95826529099577,381.33908937499655,z,1.4278097089991206,None,381.3392169159997,381.3392739159972,None,,,,,,,,,,,,21040100,2,2026-02-26_12h56.31.216,tilt_mocs,2024.2.4,120.14790206418549,2026-02-26 12h56.44.896457 -0500,
-8,-15.0,,150,150,0,,,,,100,0,,,,,c-8,negs,0.75,z,1.1666762089953409,None,space,5.8899492919954355,None,,,,,,,,,0,150,150,267,381.3502394579991,,,,,,,,,,,,,,,,,,,,,,,,,,,,,,,,,,,,,,,,,,,,,,,,,,,,,,,,,,,,,,,,,,,,,,381.3415409999943,381.3502394579991,382.0863177909996,382.0863177909996,382.0863177909996,382.15827145799994,382.15827145799994,382.15827145799994,382.52251079100097,z,1.1666762089953409,None,382.52261324999563,388.42803424999875,space,382.5329818329992,382.5329818329992,5.8899492919954355,None,,,,,,,,21040100,2,2026-02-26_12h56.31.216,tilt_mocs,2024.2.4,120.14790206418549,2026-02-26 12h56.44.896457 -0500,
-2,0.0,,151,151,0,,,,,0,100,,,,,c-2,noss,1.25,z,1.7808765419977135,None,None,,,,,,,,,,,0,151,151,582,388.43917483299447,,,,,,,,,,,,,,,,,,,,,,,,,,,,,,,,,,,,,,,,,,,,,,,,,,,,,,,,,,,,,,,,,,,,,,388.430209457998,388.43917483299447,389.6794905409988,389.6794905409988,389.6794905409988,389.75269791599567,389.75269791599567,389.75269791599567,390.22259608299646,z,1.7808765419977135,None,390.2227223749942,390.22277916599705,None,,,,,,,,,,,,21040100,2,2026-02-26_12h56.31.216,tilt_mocs,2024.2.4,120.14790206418549,2026-02-26 12h56.44.896457 -0500,
-8,-15.0,,152,152,0,,,,,100,0,,,,,c-8,negs,1.0,z,1.5170005839972873,None,None,,,,,,,,,,,0,152,152,282,390.23382083299657,,,,,,,,,,,,,,,,,,,,,,,,,,,,,,,,,,,,,,,,,,,,,,,,,,,,,,,,,,,,,,,,,,,,,,390.2250151249973,390.23382083299657,391.2199977499986,391.2199977499986,391.2199977499986,391.2919016659944,391.2919016659944,391.2919016659944,391.7568425829959,z,1.5170005839972873,None,391.7569925409989,391.75705387500057,None,,,,,,,,,,,,21040100,2,2026-02-26_12h56.31.216,tilt_mocs,2024.2.4,120.14790206418549,2026-02-26 12h56.44.896457 -0500,
-2,-15.0,,153,153,0,,,,,100,0,,,,,c-2,negs,1.0,period,1.652871749996848,None,None,,,,,,,,,,,0,153,153,408,391.768377290995,,,,,,,,,,,,,,,,,,,,,,,,,,,,,,,,,,,,,,,,,,,,,,,,,,,,,,,,,,,,,,,,,,,,,,391.75926799999434,391.768377290995,392.7526293749979,392.7526293749979,392.7526293749979,392.8252429159984,392.8252429159984,392.8252429159984,393.4243489159999,period,1.652871749996848,None,393.42456699999457,393.4246405410013,None,,,,,,,,,,,,21040100,2,2026-02-26_12h56.31.216,tilt_mocs,2024.2.4,120.14790206418549,2026-02-26 12h56.44.896457 -0500,
2,15.0,,154,154,0,,,,,100,0,,,,,c+2,poss,0.75,z,1.312737250002101,None,None,,,,,,,,,,,0,154,154,105,393.43694483299623,,,,,,,,,,,,,,,,,,,,,,,,,,,,,,,,,,,,,,,,,,,,,,,,,,,,,,,,,,,,,,,,,,,,,,393.4278027499968,393.43694483299623,394.17016970799887,394.17016970799887,394.17016970799887,394.24308987499535,394.24308987499535,394.24308987499535,394.7560001249949,z,1.312737250002101,None,394.7561018749984,394.75615699999616,None,,,,,,,,,,,,21040100,2,2026-02-26_12h56.31.216,tilt_mocs,2024.2.4,120.14790206418549,2026-02-26 12h56.44.896457 -0500,
-4,0.0,,155,155,0,,,,,0,100,,,,,c-4,noss,0.5,z,0.9209666669994476,None,None,,,,,,,,,,,0,155,155,507,394.7670820409985,,,,,,,,,,,,,,,,,,,,,,,,,,,,,,,,,,,,,,,,,,,,,,,,,,,,,,,,,,,,,,,,,,,,,,394.75811216599686,394.7670820409985,395.25354633299867,395.25354633299867,395.25354633299867,395.32572845799587,395.32572845799587,395.32572845799587,395.69088795800053,z,0.9209666669994476,None,395.6910860409989,395.6911967499982,None,,,,,,,,,,,,21040100,2,2026-02-26_12h56.31.216,tilt_mocs,2024.2.4,120.14790206418549,2026-02-26 12h56.44.896457 -0500,
0,0.0,,156,156,0,,,,,0,100,,,,,c+0,noss,0.75,period,1.344720209002844,None,None,,,,,,,,,,,0,156,156,601,395.7029027499957,,,,,,,,,,,,,,,,,,,,,,,,,,,,,,,,,,,,,,,,,,,,,,,,,,,,,,,,,,,,,,,,,,,,,,395.69370208300097,395.7029027499957,396.4362254999942,396.4362254999942,396.4362254999942,396.50927620799484,396.50927620799484,396.50927620799484,397.05641437499435,period,1.344720209002844,None,397.0565503329999,397.05660687499767,None,,,,,,,,,,,,21040100,2,2026-02-26_12h56.31.216,tilt_mocs,2024.2.4,120.14790206418549,2026-02-26 12h56.44.896457 -0500,
2,-15.0,,157,157,0,,,,,100,0,,,,,c+2,negs,1.0,period,1.5388997090049088,None,None,,,,,,,,,,,0,157,157,484,397.0678441249984,,,,,,,,,,,,,,,,,,,,,,,,,,,,,,,,,,,,,,,,,,,,,,,,,,,,,,,,,,,,,,,,,,,,,,397.0590335829984,397.0678441249984,398.0538429579974,398.0538429579974,398.0538429579974,398.1255419999943,398.1255419999943,398.1255419999943,398.61272137500055,period,1.5388997090049088,None,398.6129729999957,398.6130684999953,None,,,,,,,,,,,,21040100,2,2026-02-26_12h56.31.216,tilt_mocs,2024.2.4,120.14790206418549,2026-02-26 12h56.44.896457 -0500,
6,15.0,,158,158,0,,,,,100,0,,,,,c+6,poss,1.25,period,1.8330297080028686,None,None,,,,,,,,,,,0,158,158,209,398.62378779099527,,,,,,,,,,,,,,,,,,,,,,,,,,,,,,,,,,,,,,,,,,,,,,,,,,,,,,,,,,,,,,,,,,,,,,398.6155209579956,398.62378779099527,399.86287920799805,399.86287920799805,399.86287920799805,399.9374633749976,399.9374633749976,399.9374633749976,400.46201075000135,period,1.8330297080028686,None,400.46214104099636,400.4621959159995,None,,,,,,,,,,,,21040100,2,2026-02-26_12h56.31.216,tilt_mocs,2024.2.4,120.14790206418549,2026-02-26 12h56.44.896457 -0500,
2,15.0,,159,159,0,,,,,100,0,,,,,c+2,poss,1.25,period,1.9867562909930712,None,None,,,,,,,,,,,0,159,159,123,400.4733271660007,,,,,,,,,,,,,,,,,,,,,,,,,,,,,,,,,,,,,,,,,,,,,,,,,,,,,,,,,,,,,,,,,,,,,,400.4643344579963,400.4733271660007,401.7130873329952,401.7130873329952,401.7130873329952,401.78766304099554,401.78766304099554,401.78766304099554,402.4627790000013,period,1.9867562909930712,None,402.46290804100136,402.4629631659991,None,,,,,,,,,,,,21040100,2,2026-02-26_12h56.31.216,tilt_mocs,2024.2.4,120.14790206418549,2026-02-26 12h56.44.896457 -0500,
0,-15.0,,160,160,0,,,,,100,0,,,,,c+0,negs,0.5,period,1.0065369169969927,None,None,,,,,,,,,,,0,160,160,424,402.47364354100137,,,,,,,,,,,,,,,,,,,,,,,,,,,,,,,,,,,,,,,,,,,,,,,,,,,,,,,,,,,,,,,,,,,,,,402.4654994579978,402.47364354100137,402.9632977079964,402.9632977079964,402.9632977079964,403.0376290829954,403.0376290829954,403.0376290829954,403.48987758300063,period,1.0065369169969927,None,403.49000066599547,403.4900721659942,None,,,,,,,,,,,,21040100,2,2026-02-26_12h56.31.216,tilt_mocs,2024.2.4,120.14790206418549,2026-02-26 12h56.44.896457 -0500,
2,-15.0,,161,161,0,,,,,100,0,,,,,c+2,negs,0.5,period,0.9208462090027751,None,None,,,,,,,,,,,0,161,161,468,403.5012496249983,,,,,,,,,,,,,,,,,,,,,,,,,,,,,,,,,,,,,,,,,,,,,,,,,,,,,,,,,,,,,,,,,,,,,,403.49222124999505,403.5012496249983,403.9870836659975,403.9870836659975,403.9870836659975,404.0591924159962,404.0591924159962,404.0591924159962,404.4348717909961,period,0.9208462090027751,None,404.43497445799585,404.43501970799844,None,,,,,,,,,,,,21040100,2,2026-02-26_12h56.31.216,tilt_mocs,2024.2.4,120.14790206418549,2026-02-26 12h56.44.896457 -0500,
-4,-15.0,,162,162,0,,,,,100,0,,,,,c-4,negs,1.25,period,2.413087083004939,None,None,,,,,,,,,,,0,162,162,376,404.44233866599825,,,,,,,,,,,,,,,,,,,,,,,,,,,,,,,,,,,,,,,,,,,,,,,,,,,,,,,,,,,,,,,,,,,,,,404.4371481249982,404.44233866599825,405.6798815410002,405.6798815410002,405.6798815410002,405.754463958001,405.754463958001,405.754463958001,406.86807620799664,period,2.413087083004939,None,406.8681762499982,406.8682414579962,None,,,,,,,,,,,,21040100,2,2026-02-26_12h56.31.216,tilt_mocs,2024.2.4,120.14790206418549,2026-02-26 12h56.44.896457 -0500,
4,0.0,,163,163,0,,,,,0,100,,,,,c+4,noss,1.25,period,1.6127097080025123,None,None,,,,,,,,,,,0,163,163,713,406.8755021249963,,,,,,,,,,,,,,,,,,,,,,,,,,,,,,,,,,,,,,,,,,,,,,,,,,,,,,,,,,,,,,,,,,,,,,406.8703064579968,406.8755021249963,408.11292833300104,408.11292833300104,408.11292833300104,408.1878338329989,408.1878338329989,408.1878338329989,408.49097524999524,period,1.6127097080025123,None,408.491102041,408.49116291599785,None,,,,,,,,,,,,21040100,2,2026-02-26_12h56.31.216,tilt_mocs,2024.2.4,120.14790206418549,2026-02-26 12h56.44.896457 -0500,
-8,-15.0,,164,164,0,,,,,100,0,,,,,c-8,negs,0.5,z,1.0021520840018638,None,None,,,,,,,,,,,0,164,164,256,408.50236329099425,,,,,,,,,,,,,,,,,,,,,,,,,,,,,,,,,,,,,,,,,,,,,,,,,,,,,,,,,,,,,,,,,,,,,,408.49348566599656,408.50236329099425,408.98742791599943,408.98742791599943,408.98742791599943,409.05905287499627,409.05905287499627,409.05905287499627,409.50759649999964,z,1.0021520840018638,None,409.50773345799826,409.50780462499824,None,,,,,,,,,,,,21040100,2,2026-02-26_12h56.31.216,tilt_mocs,2024.2.4,120.14790206418549,2026-02-26 12h56.44.896457 -0500,
2,15.0,,165,165,0,,,,,100,0,,,,,c+2,poss,0.75,period,1.4150529999969876,None,None,,,,,,,,,,,0,165,165,103,409.5187312909984,,,,,,,,,,,,,,,,,,,,,,,,,,,,,,,,,,,,,,,,,,,,,,,,,,,,,,,,,,,,,,,,,,,,,,409.50994725000055,409.5187312909984,410.2530876659948,410.2530876659948,410.2530876659948,410.32713458299986,410.32713458299986,410.32713458299986,410.93969366599777,period,1.4150529999969876,None,410.9397949159975,410.9398372079959,None,,,,,,,,,,,,21040100,2,2026-02-26_12h56.31.216,tilt_mocs,2024.2.4,120.14790206418549,2026-02-26 12h56.44.896457 -0500,
2,-15.0,,166,166,0,,,,,100,0,,,,,c+2,negs,0.75,period,1.188217832997907,None,None,,,,,,,,,,,0,166,166,479,410.9501744579975,,,,,,,,,,,,,,,,,,,,,,,,,,,,,,,,,,,,,,,,,,,,,,,,,,,,,,,,,,,,,,,,,,,,,,410.9418105829973,410.9501744579975,411.68751374999556,411.68751374999556,411.68751374999556,411.76012437499594,411.76012437499594,411.76012437499594,412.14092758300103,period,1.188217832997907,None,412.141071207996,412.141143832996,None,,,,,,,,,,,,21040100,2,2026-02-26_12h56.31.216,tilt_mocs,2024.2.4,120.14790206418549,2026-02-26 12h56.44.896457 -0500,
-4,0.0,,167,167,0,,,,,0,100,,,,,c-4,noss,1.0,z,1.4359396250001737,None,None,,,,,,,,,,,0,167,167,533,412.1523089580005,,,,,,,,,,,,,,,,,,,,,,,,,,,,,,,,,,,,,,,,,,,,,,,,,,,,,,,,,,,,,,,,,,,,,,412.1432754579946,412.1523089580005,413.1375189579994,413.1375189579994,413.1375189579994,413.2093184999976,413.2093184999976,413.2093184999976,413.5909450830004,z,1.4359396250001737,None,413.59110329100076,413.5911561659959,None,,,,,,,,,,,,21040100,2,2026-02-26_12h56.31.216,tilt_mocs,2024.2.4,120.14790206418549,2026-02-26 12h56.44.896457 -0500,
2,15.0,,168,168,0,,,,,100,0,,,,,c+2,poss,1.25,z,2.1848400000017136,None,None,,,,,,,,,,,0,168,168,116,413.6030643749982,,,,,,,,,,,,,,,,,,,,,,,,,,,,,,,,,,,,,,,,,,,,,,,,,,,,,,,,,,,,,,,,,,,,,,413.59391725000023,413.6030643749982,414.8375746659949,414.8375746659949,414.8375746659949,414.9100482499998,414.9100482499998,414.9100482499998,415.79046074999496,z,2.1848400000017136,None,415.7906041249953,415.7906650829973,None,,,,,,,,,,,,21040100,2,2026-02-26_12h56.31.216,tilt_mocs,2024.2.4,120.14790206418549,2026-02-26 12h56.44.896457 -0500,
-6,-15.0,,169,169,0,,,,,100,0,,,,,c-6,negs,0.5,z,0.9528127920057159,None,None,,,,,,,,,,,0,169,169,295,415.8022324159974,,,,,,,,,,,,,,,,,,,,,,,,,,,,,,,,,,,,,,,,,,,,,,,,,,,,,,,,,,,,,,,,,,,,,,415.7932619159983,415.8022324159974,416.28767241599417,416.28767241599417,416.28767241599417,416.35979949999455,416.35979949999455,416.35979949999455,416.7585578329963,z,0.9528127920057159,None,416.75871512499725,416.75877041599597,None,,,,,,,,,,,,21040100,2,2026-02-26_12h56.31.216,tilt_mocs,2024.2.4,120.14790206418549,2026-02-26 12h56.44.896457 -0500,
-8,-15.0,,170,170,0,,,,,100,0,,,,,c-8,negs,0.75,z,1.1685045000049286,None,None,,,,,,,,,,,0,170,170,272,416.7699934580014,,,,,,,,,,,,,,,,,,,,,,,,,,,,,,,,,,,,,,,,,,,,,,,,,,,,,,,,,,,,,,,,,,,,,,416.76099416599754,416.7699934580014,417.5034902499974,417.5034902499974,417.5034902499974,417.5766310830004,417.5766310830004,417.5766310830004,417.9412279159951,z,1.1685045000049286,None,417.94139816599636,417.9414499159975,None,,,,,,,,,,,,21040100,2,2026-02-26_12h56.31.216,tilt_mocs,2024.2.4,120.14790206418549,2026-02-26 12h56.44.896457 -0500,
-4,-15.0,,171,171,0,,,,,100,0,,,,,c-4,negs,1.25,z,1.6625294999976177,None,None,,,,,,,,,,,0,171,171,372,417.953301249996,,,,,,,,,,,,,,,,,,,,,,,,,,,,,,,,,,,,,,,,,,,,,,,,,,,,,,,,,,,,,,,,,,,,,,417.9441260409949,417.953301249996,419.1870815410002,419.1870815410002,419.1870815410002,419.2719408330013,419.2719408330013,419.2719408330013,419.62391991599725,z,1.6625294999976177,None,419.6241729579997,419.62426612499985,None,,,,,,,,,,,,21040100,2,2026-02-26_12h56.31.216,tilt_mocs,2024.2.4,120.14790206418549,2026-02-26 12h56.44.896457 -0500,
-8,-15.0,,172,172,0,,,,,100,0,,,,,c-8,negs,0.5,z,0.9407992920023389,None,None,,,,,,,,,,,0,172,172,260,419.63551329099573,,,,,,,,,,,,,,,,,,,,,,,,,,,,,,,,,,,,,,,,,,,,,,,,,,,,,,,,,,,,,,,,,,,,,,419.6267481659961,419.63551329099573,420.1210391659988,420.1210391659988,420.1210391659988,420.19321325000055,420.19321325000055,420.19321325000055,420.57947295800113,z,0.9407992920023389,None,420.5795705829951,420.579612249996,None,,,,,,,,,,,,21040100,2,2026-02-26_12h56.31.216,tilt_mocs,2024.2.4,120.14790206418549,2026-02-26 12h56.44.896457 -0500,
-2,-15.0,,173,173,0,,,,,100,0,,,,,c-2,negs,0.75,period,1.2552999580002506,None,None,,,,,,,,,,,0,173,173,397,420.590405582996,,,,,,,,,,,,,,,,,,,,,,,,,,,,,,,,,,,,,,,,,,,,,,,,,,,,,,,,,,,,,,,,,,,,,,420.5816014160009,420.590405582996,421.3307743749974,421.3307743749974,421.3307743749974,421.4050329579986,421.4050329579986,421.4050329579986,421.8580157499964,period,1.2552999580002506,None,421.8581622079946,421.8582194999981,None,,,,,,,,,,,,21040100,2,2026-02-26_12h56.31.216,tilt_mocs,2024.2.4,120.14790206418549,2026-02-26 12h56.44.896457 -0500,
-4,-15.0,,174,174,0,,,,,100,0,,,,,c-4,negs,1.25,period,1.8442819580013747,None,None,,,,,,,,,,,0,174,174,375,421.8698507500012,,,,,,,,,,,,,,,,,,,,,,,,,,,,,,,,,,,,,,,,,,,,,,,,,,,,,,,,,,,,,,,,,,,,,,421.86081512500095,421.8698507500012,423.104498875,423.104498875,423.104498875,423.1766885409961,423.1766885409961,423.1766885409961,423.7242036249954,period,1.8442819580013747,None,423.72436608299904,423.72442045799835,None,,,,,,,,,,,,21040100,2,2026-02-26_12h56.31.216,tilt_mocs,2024.2.4,120.14790206418549,2026-02-26 12h56.44.896457 -0500,
-6,-15.0,,175,175,0,,,,,100,0,,,,,c-6,negs,1.25,z,1.9262906250005472,None,None,,,,,,,,,,,0,175,175,327,423.7363694999949,,,,,,,,,,,,,,,,,,,,,,,,,,,,,,,,,,,,,,,,,,,,,,,,,,,,,,,,,,,,,,,,,,,,,,423.72721037500014,423.7363694999949,424.9713127499999,424.9713127499999,424.9713127499999,425.04322775000037,425.04322775000037,425.04322775000037,425.67415875000006,z,1.9262906250005472,None,425.6743231250002,425.67437429099664,None,,,,,,,,,,,,21040100,2,2026-02-26_12h56.31.216,tilt_mocs,2024.2.4,120.14790206418549,2026-02-26 12h56.44.896457 -0500,
0,0.0,,176,176,0,,,,,0,100,,,,,c+0,noss,0.5,z,1.310622417004197,None,None,,,,,,,,,,,0,176,176,591,425.68640945799416,,,,,,,,,,,,,,,,,,,,,,,,,,,,,,,,,,,,,,,,,,,,,,,,,,,,,,,,,,,,,,,,,,,,,,425.6771932909978,425.68640945799416,426.1703649159972,426.1703649159972,426.1703649159972,426.24473570799455,426.24473570799455,426.24473570799455,427.0075488329967,z,1.310622417004197,None,427.0077209999945,427.007782875,None,,,,,,,,,,,,21040100,2,2026-02-26_12h56.31.216,tilt_mocs,2024.2.4,120.14790206418549,2026-02-26 12h56.44.896457 -0500,
-2,0.0,,177,177,0,,,,,0,100,,,,,c-2,noss,0.75,z,1.2555810420017224,None,None,,,,,,,,,,,0,177,177,565,427.0195687079977,,,,,,,,,,,,,,,,,,,,,,,,,,,,,,,,,,,,,,,,,,,,,,,,,,,,,,,,,,,,,,,,,,,,,,427.0102883750005,427.0195687079977,427.7545567909983,427.7545567909983,427.7545567909983,427.82788941599574,427.82788941599574,427.82788941599574,428.28008258299815,z,1.2555810420017224,None,428.28021649999573,428.280272582997,None,,,,,,,,,,,,21040100,2,2026-02-26_12h56.31.216,tilt_mocs,2024.2.4,120.14790206418549,2026-02-26 12h56.44.896457 -0500,
-4,-15.0,,178,178,0,,,,,100,0,,,,,c-4,negs,1.0,z,1.5612817920045927,None,None,,,,,,,,,,,0,178,178,365,428.29120587500074,,,,,,,,,,,,,,,,,,,,,,,,,,,,,,,,,,,,,,,,,,,,,,,,,,,,,,,,,,,,,,,,,,,,,,428.2825339159972,428.29120587500074,429.28148070799944,429.28148070799944,429.28148070799944,429.3553425409991,429.3553425409991,429.3553425409991,429.8574849159995,z,1.5612817920045927,None,429.8575854160008,429.8576288749973,None,,,,,,,,,,,,21040100,2,2026-02-26_12h56.31.216,tilt_mocs,2024.2.4,120.14790206418549,2026-02-26 12h56.44.896457 -0500,
-6,-15.0,,179,179,0,,,,,100,0,,,,,c-6,negs,1.25,z,1.7251272080029594,None,None,,,,,,,,,,,0,179,179,328,429.86796641600085,,,,,,,,,,,,,,,,,,,,,,,,,,,,,,,,,,,,,,,,,,,,,,,,,,,,,,,,,,,,,,,,,,,,,,429.85964666599466,429.86796641600085,431.1039212079995,431.1039212079995,431.1039212079995,431.1768770829949,431.1768770829949,431.1768770829949,431.5969361249954,z,1.7251272080029594,None,431.59706274999917,431.5971171249985,None,,,,,,,,,,,,21040100,2,2026-02-26_12h56.31.216,tilt_mocs,2024.2.4,120.14790206418549,2026-02-26 12h56.44.896457 -0500,
4,0.0,,180,180,0,,,,,0,100,,,,,c+4,noss,1.0,period,1.5343562080015545,None,None,,,,,,,,,,,0,180,180,700,431.6077880410012,,,,,,,,,,,,,,,,,,,,,,,,,,,,,,,,,,,,,,,,,,,,,,,,,,,,,,,,,,,,,,,,,,,,,,431.5992516249971,431.6077880410012,432.59784054099873,432.59784054099873,432.59784054099873,432.6718603749978,432.6718603749978,432.6718603749978,433.14739129100053,period,1.5343562080015545,None,433.14751645799697,433.14757029099565,None,,,,,,,,,,,,21040100,2,2026-02-26_12h56.31.216,tilt_mocs,2024.2.4,120.14790206418549,2026-02-26 12h56.44.896457 -0500,
0,-15.0,,181,181,0,,,,,100,0,,,,,c+0,negs,1.25,period,1.7705420420024893,None,None,,,,,,,,,,,0,181,181,460,433.15815066600044,,,,,,,,,,,,,,,,,,,,,,,,,,,,,,,,,,,,,,,,,,,,,,,,,,,,,,,,,,,,,,,,,,,,,,433.14972266599943,433.15815066600044,434.3973781659952,434.3973781659952,434.3973781659952,434.4720922080014,434.4720922080014,434.4720922080014,434.9313833749984,period,1.7705420420024893,None,434.9315115829959,434.93156591599836,None,,,,,,,,,,,,21040100,2,2026-02-26_12h56.31.216,tilt_mocs,2024.2.4,120.14790206418549,2026-02-26 12h56.44.896457 -0500,
-8,-15.0,,182,182,0,,,,,100,0,,,,,c-8,negs,1.25,z,1.7082080830004998,None,None,,,,,,,,,,,0,182,182,289,434.9416800830004,,,,,,,,,,,,,,,,,,,,,,,,,,,,,,,,,,,,,,,,,,,,,,,,,,,,,,,,,,,,,,,,,,,,,,434.93375212499814,434.9416800830004,436.1810542079984,436.1810542079984,436.1810542079984,436.2555281249952,436.2555281249952,436.2555281249952,436.65800283299905,z,1.7082080830004998,None,436.6581487500007,436.65820683299535,None,,,,,,,,,,,,21040100,2,2026-02-26_12h56.31.216,tilt_mocs,2024.2.4,120.14790206418549,2026-02-26 12h56.44.896457 -0500,
-4,0.0,,183,183,0,,,,,0,100,,,,,c-4,noss,0.75,z,1.181799082994985,None,None,,,,,,,,,,,0,183,183,521,436.6691955829956,,,,,,,,,,,,,,,,,,,,,,,,,,,,,,,,,,,,,,,,,,,,,,,,,,,,,,,,,,,,,,,,,,,,,,436.6605039579954,436.6691955829956,437.4050296659989,437.4050296659989,437.4050296659989,437.4785329160004,437.4785329160004,437.4785329160004,437.8579923750003,z,1.181799082994985,None,437.85812004099716,437.85817574999965,None,,,,,,,,,,,,21040100,2,2026-02-26_12h56.31.216,tilt_mocs,2024.2.4,120.14790206418549,2026-02-26 12h56.44.896457 -0500,
-4,0.0,,184,184,0,,,,,0,100,,,,,c-4,noss,1.25,z,1.7148318749968894,None,None,,,,,,,,,,,0,184,184,541,437.8695827909978,,,,,,,,,,,,,,,,,,,,,,,,,,,,,,,,,,,,,,,,,,,,,,,,,,,,,,,,,,,,,,,,,,,,,,437.86039612499735,437.8695827909978,439.1051607909976,439.1051607909976,439.1051607909976,439.1782682080011,439.1782682080011,439.1782682080011,439.5910664999974,z,1.7148318749968894,None,439.5911739160001,439.59121649999724,None,,,,,,,,,,,,21040100,2,2026-02-26_12h56.31.216,tilt_mocs,2024.2.4,120.14790206418549,2026-02-26 12h56.44.896457 -0500,
8,15.0,,185,185,0,,,,,100,0,,,,,c+8,poss,0.5,period,0.9484290839973255,None,None,,,,,,,,,,,0,185,185,214,439.60185283299506,,,,,,,,,,,,,,,,,,,,,,,,,,,,,,,,,,,,,,,,,,,,,,,,,,,,,,,,,,,,,,,,,,,,,,439.5931993749982,439.60185283299506,440.08872270799475,440.08872270799475,440.08872270799475,440.1604132909997,440.1604132909997,440.1604132909997,440.5579565000007,period,0.9484290839973255,None,440.5581074579968,440.55817033299536,None,,,,,,,,,,,,21040100,2,2026-02-26_12h56.31.216,tilt_mocs,2024.2.4,120.14790206418549,2026-02-26 12h56.44.896457 -0500,
8,15.0,,186,186,0,,,,,100,0,,,,,c+8,poss,0.5,period,0.9700337079993915,None,None,,,,,,,,,,,0,186,186,212,440.5702349579951,,,,,,,,,,,,,,,,,,,,,,,,,,,,,,,,,,,,,,,,,,,,,,,,,,,,,,,,,,,,,,,,,,,,,,440.56097279099777,440.5702349579951,441.0551566659997,441.0551566659997,441.0551566659997,441.1273514159984,441.1273514159984,441.1273514159984,441.5466251659964,period,0.9700337079993915,None,441.54675066599884,441.54680458299845,None,,,,,,,,,,,,21040100,2,2026-02-26_12h56.31.216,tilt_mocs,2024.2.4,120.14790206418549,2026-02-26 12h56.44.896457 -0500,
4,0.0,,187,187,0,,,,,0,100,,,,,c+4,noss,0.5,period,0.8975111249965266,None,None,,,,,,,,,,,0,187,187,677,441.5580169579989,,,,,,,,,,,,,,,,,,,,,,,,,,,,,,,,,,,,,,,,,,,,,,,,,,,,,,,,,,,,,,,,,,,,,,441.5490307910004,441.5580169579989,442.0476837909955,442.0476837909955,442.0476837909955,442.1223776659972,442.1223776659972,442.1223776659972,442.45814191599493,period,0.8975111249965266,None,442.4582703749984,442.45832558300026,None,,,,,,,,,,,,21040100,2,2026-02-26_12h56.31.216,tilt_mocs,2024.2.4,120.14790206418549,2026-02-26 12h56.44.896457 -0500,
4,15.0,,188,188,0,,,,,100,0,,,,,c+4,poss,1.0,period,1.369228417002887,None,None,,,,,,,,,,,0,188,188,154,442.4697319159968,,,,,,,,,,,,,,,,,,,,,,,,,,,,,,,,,,,,,,,,,,,,,,,,,,,,,,,,,,,,,,,,,,,,,,442.46076133300085,442.4697319159968,443.4552900409981,443.4552900409981,443.4552900409981,443.52783241599536,443.52783241599536,443.52783241599536,443.84170345799794,period,1.369228417002887,None,443.84188929099764,443.84195591599564,None,,,,,,,,,,,,21040100,2,2026-02-26_12h56.31.216,tilt_mocs,2024.2.4,120.14790206418549,2026-02-26 12h56.44.896457 -0500,
-6,-15.0,,189,189,0,,,,,100,0,,,,,c-6,negs,1.0,z,1.43703087499307,None,None,,,,,,,,,,,0,189,189,321,443.85320749999664,,,,,,,,,,,,,,,,,,,,,,,,,,,,,,,,,,,,,,,,,,,,,,,,,,,,,,,,,,,,,,,,,,,,,,443.8442255830014,443.85320749999664,444.8384523749992,444.8384523749992,444.8384523749992,444.91074066599685,444.91074066599685,444.91074066599685,445.30273424999905,z,1.43703087499307,None,445.3028337079959,445.3028762499962,None,,,,,,,,,,,,21040100,2,2026-02-26_12h56.31.216,tilt_mocs,2024.2.4,120.14790206418549,2026-02-26 12h56.44.896457 -0500,
-2,15.0,,190,190,0,,,,,100,0,,,,,c-2,poss,1.25,z,1.8339162080010283,None,None,,,,,,,,,,,0,190,190,33,445.3095594580009,,,,,,,,,,,,,,,,,,,,,,,,,,,,,,,,,,,,,,,,,,,,,,,,,,,,,,,,,,,,,,,,,,,,,,445.3049346659973,445.3095594580009,446.5480913749998,446.5480913749998,446.5480913749998,446.62260641600005,446.62260641600005,446.62260641600005,447.14666074999695,z,1.8339162080010283,None,447.146758457995,447.14680129099725,None,,,,,,,,,,,,21040100,2,2026-02-26_12h56.31.216,tilt_mocs,2024.2.4,120.14790206418549,2026-02-26 12h56.44.896457 -0500,
0,-15.0,,191,191,0,,,,,100,0,,,,,c+0,negs,1.25,period,1.7318724169963389,None,None,,,,,,,,,,,0,191,191,458,447.1577841659964,,,,,,,,,,,,,,,,,,,,,,,,,,,,,,,,,,,,,,,,,,,,,,,,,,,,,,,,,,,,,,,,,,,,,,447.14876895799534,447.1577841659964,448.39794333299506,448.39794333299506,448.39794333299506,448.4725620829995,448.4725620829995,448.4725620829995,448.8927288329942,period,1.7318724169963389,None,448.89289691599697,448.89296787499916,None,,,,,,,,,,,,21040100,2,2026-02-26_12h56.31.216,tilt_mocs,2024.2.4,120.14790206418549,2026-02-26 12h56.44.896457 -0500,
0,15.0,,192,192,0,,,,,100,0,,,,,c+0,poss,1.0,z,1.567180375001044,None,None,,,,,,,,,,,0,192,192,65,448.90572537499975,,,,,,,,,,,,,,,,,,,,,,,,,,,,,,,,,,,,,,,,,,,,,,,,,,,,,,,,,,,,,,,,,,,,,,448.89668870799505,448.90572537499975,449.88884137499554,449.88884137499554,449.88884137499554,449.96108291600103,449.96108291600103,449.96108291600103,450.475930665998,z,1.567180375001044,None,450.47607354099455,450.47613158299646,None,,,,,,,,,,,,21040100,2,2026-02-26_12h56.31.216,tilt_mocs,2024.2.4,120.14790206418549,2026-02-26 12h56.44.896457 -0500,
-2,-15.0,,193,193,0,,,,,100,0,,,,,c-2,negs,0.75,period,1.2468654580006842,None,None,,,,,,,,,,,0,193,193,398,450.48723783299647,,,,,,,,,,,,,,,,,,,,,,,,,,,,,,,,,,,,,,,,,,,,,,,,,,,,,,,,,,,,,,,,,,,,,,450.4784387079999,450.48723783299647,451.22220279099565,451.22220279099565,451.22220279099565,451.2941840409985,451.2941840409985,451.2941840409985,451.74221966599725,period,1.2468654580006842,None,451.7423767910004,451.7424328749985,None,,,,,,,,,,,,21040100,2,2026-02-26_12h56.31.216,tilt_mocs,2024.2.4,120.14790206418549,2026-02-26 12h56.44.896457 -0500,
4,15.0,,194,194,0,,,,,100,0,,,,,c+4,poss,0.75,period,1.297440459005884,None,None,,,,,,,,,,,0,194,194,140,451.7546258329967,,,,,,,,,,,,,,,,,,,,,,,,,,,,,,,,,,,,,,,,,,,,,,,,,,,,,,,,,,,,,,,,,,,,,,451.74575333299435,451.7546258329967,452.488003790997,452.488003790997,452.488003790997,452.56117387500126,452.56117387500126,452.56117387500126,453.0582769159955,period,1.297440459005884,None,453.0583833329947,453.05842570799723,None,,,,,,,,,,,,21040100,2,2026-02-26_12h56.31.216,tilt_mocs,2024.2.4,120.14790206418549,2026-02-26 12h56.44.896457 -0500,
0,-15.0,,195,195,0,,,,,100,0,,,,,c+0,negs,1.0,period,1.5268237920026877,None,None,,,,,,,,,,,0,195,195,443,453.0690456250013,,,,,,,,,,,,,,,,,,,,,,,,,,,,,,,,,,,,,,,,,,,,,,,,,,,,,,,,,,,,,,,,,,,,,,453.0604096659954,453.0690456250013,454.0548099999942,454.0548099999942,454.0548099999942,454.1276187909971,454.1276187909971,454.1276187909971,454.62386400000105,period,1.5268237920026877,None,454.6239914999969,454.624046541001,None,,,,,,,,,,,,21040100,2,2026-02-26_12h56.31.216,tilt_mocs,2024.2.4,120.14790206418549,2026-02-26 12h56.44.896457 -0500,
-4,0.0,,196,196,0,,,,,0,100,,,,,c-4,noss,1.25,z,1.7346517499972833,None,None,,,,,,,,,,,0,196,196,539,454.6395091249942,,,,,,,,,,,,,,,,,,,,,,,,,,,,,,,,,,,,,,,,,,,,,,,,,,,,,,,,,,,,,,,,,,,,,,454.6261177080014,454.6395091249942,455.87242849999893,455.87242849999893,455.87242849999893,455.9453227080012,455.9453227080012,455.9453227080012,456.38149174999853,z,1.7346517499972833,None,456.3816343329963,456.3817060000001,None,,,,,,,,,,,,21040100,2,2026-02-26_12h56.31.216,tilt_mocs,2024.2.4,120.14790206418549,2026-02-26 12h56.44.896457 -0500,
0,0.0,,197,197,0,,,,,0,100,,,,,c+0,noss,1.0,period,1.5662123329966562,None,None,,,,,,,,,,,0,197,197,617,456.39229141599935,,,,,,,,,,,,,,,,,,,,,,,,,,,,,,,,,,,,,,,,,,,,,,,,,,,,,,,,,,,,,,,,,,,,,,456.383852166,456.39229141599935,457.381519124996,457.381519124996,457.381519124996,457.4564847079964,457.4564847079964,457.4564847079964,457.96492754099745,period,1.5662123329966562,None,457.96508695800003,457.96515654099494,None,,,,,,,,,,,,21040100,2,2026-02-26_12h56.31.216,tilt_mocs,2024.2.4,120.14790206418549,2026-02-26 12h56.44.896457 -0500,
0,0.0,,198,198,0,,,,,0,100,,,,,c+0,noss,0.5,period,0.9478041250040405,None,None,,,,,,,,,,,0,198,198,597,457.976046415999,,,,,,,,,,,,,,,,,,,,,,,,,,,,,,,,,,,,,,,,,,,,,,,,,,,,,,,,,,,,,,,,,,,,,,457.9677117079991,457.976046415999,458.4646835409949,458.4646835409949,458.4646835409949,458.5397901249962,458.5397901249962,458.5397901249962,458.9354217910004,period,0.9478041250040405,None,458.93552266599727,458.93556904100114,None,,,,,,,,,,,,21040100,2,2026-02-26_12h56.31.216,tilt_mocs,2024.2.4,120.14790206418549,2026-02-26 12h56.44.896457 -0500,
-2,15.0,,199,199,0,,,,,100,0,,,,,c-2,poss,1.25,z,1.7982897500041872,None,None,,,,,,,,,,,0,199,199,34,458.9424049999943,,,,,,,,,,,,,,,,,,,,,,,,,,,,,,,,,,,,,,,,,,,,,,,,,,,,,,,,,,,,,,,,,,,,,,458.93759220799984,458.9424049999943,460.1816187079967,460.1816187079967,460.1816187079967,460.2563781659992,460.2563781659992,460.2563781659992,460.7529841659998,z,1.7982897500041872,None,460.75308824999956,460.75313141600054,None,,,,,,,,,,,,21040100,2,2026-02-26_12h56.31.216,tilt_mocs,2024.2.4,120.14790206418549,2026-02-26 12h56.44.896457 -0500,
-8,-15.0,,200,200,0,,,,,100,0,,,,,c-8,negs,1.25,z,1.700051749998238,None,None,,,,,,,,,,,0,200,200,288,460.75965216599434,,,,,,,,,,,,,,,,,,,,,,,,,,,,,,,,,,,,,,,,,,,,,,,,,,,,,,,,,,,,,,,,,,,,,,460.7551715410009,460.75965216599434,461.99855708299583,461.99855708299583,461.99855708299583,462.0731042499974,462.0731042499974,462.0731042499974,462.464775415996,z,1.700051749998238,None,462.4649007909975,462.4649605829982,None,,,,,,,,,,,,21040100,2,2026-02-26_12h56.31.216,tilt_mocs,2024.2.4,120.14790206418549,2026-02-26 12h56.44.896457 -0500,
-4,0.0,,201,201,0,,,,,0,100,,,,,c-4,noss,1.25,z,1.7222704170053476,None,None,,,,,,,,,,,0,201,201,540,462.47573808299785,,,,,,,,,,,,,,,,,,,,,,,,,,,,,,,,,,,,,,,,,,,,,,,,,,,,,,,,,,,,,,,,,,,,,,462.46717887499835,462.47573808299785,463.71489208300045,463.71489208300045,463.71489208300045,463.78989208299754,463.78989208299754,463.78989208299754,464.20857529099885,z,1.7222704170053476,None,464.20869970799686,464.208752874998,None,,,,,,,,,,,,21040100,2,2026-02-26_12h56.31.216,tilt_mocs,2024.2.4,120.14790206418549,2026-02-26 12h56.44.896457 -0500,
0,-15.0,,202,202,0,,,,,100,0,,,,,c+0,negs,0.5,period,0.9818414170003962,None,None,,,,,,,,,,,0,202,202,427,464.2199072500007,,,,,,,,,,,,,,,,,,,,,,,,,,,,,,,,,,,,,,,,,,,,,,,,,,,,,,,,,,,,,,,,,,,,,,464.21128170799784,464.2199072500007,464.7060745409981,464.7060745409981,464.7060745409981,464.7780993749984,464.7780993749984,464.7780993749984,465.2080858749978,period,0.9818414170003962,None,465.2082138330006,465.2082742909988,None,,,,,,,,,,,,21040100,2,2026-02-26_12h56.31.216,tilt_mocs,2024.2.4,120.14790206418549,2026-02-26 12h56.44.896457 -0500,
-2,-15.0,,203,203,0,,,,,100,0,,,,,c-2,negs,0.75,period,1.2814609999986715,None,None,,,,,,,,,,,0,203,203,390,465.21905558299477,,,,,,,,,,,,,,,,,,,,,,,,,,,,,,,,,,,,,,,,,,,,,,,,,,,,,,,,,,,,,,,,,,,,,,465.2104874159995,465.21905558299477,465.95628254099574,465.95628254099574,465.95628254099574,466.0289324159967,466.0289324159967,466.0289324159967,466.5096664579978,period,1.2814609999986715,None,466.5098172500002,466.50987554099993,None,,,,,,,,,,,,21040100,2,2026-02-26_12h56.31.216,tilt_mocs,2024.2.4,120.14790206418549,2026-02-26 12h56.44.896457 -0500,
2,-15.0,,204,204,0,,,,,100,0,,,,,c+2,negs,1.25,period,1.769380125006137,None,None,,,,,,,,,,,0,204,204,498,466.5211322499963,,,,,,,,,,,,,,,,,,,,,,,,,,,,,,,,,,,,,,,,,,,,,,,,,,,,,,,,,,,,,,,,,,,,,,466.5121069579982,466.5211322499963,467.7560319999975,467.7560319999975,467.7560319999975,467.8287383749994,467.8287383749994,467.8287383749994,468.3020774159959,period,1.769380125006137,None,468.30218404100015,468.30222774999856,None,,,,,,,,,,,,21040100,2,2026-02-26_12h56.31.216,tilt_mocs,2024.2.4,120.14790206418549,2026-02-26 12h56.44.896457 -0500,
4,15.0,,205,205,0,,,,,100,0,,,,,c+4,poss,1.0,period,1.3988514169977861,None,None,,,,,,,,,,,0,205,205,151,468.30888316599885,,,,,,,,,,,,,,,,,,,,,,,,,,,,,,,,,,,,,,,,,,,,,,,,,,,,,,,,,,,,,,,,,,,,,,468.30420904099446,468.30888316599885,469.29794749999564,469.29794749999564,469.29794749999564,469.3733695409974,469.3733695409974,469.3733695409974,469.7191632499962,period,1.3988514169977861,None,469.7192670410004,469.71931120799854,None,,,,,,,,,,,,21040100,2,2026-02-26_12h56.31.216,tilt_mocs,2024.2.4,120.14790206418549,2026-02-26 12h56.44.896457 -0500,
2,0.0,,206,206,0,,,,,0,100,,,,,c+2,noss,1.25,period,1.6681513340008678,None,None,,,,,,,,,,,0,206,206,668,469.72592987499957,,,,,,,,,,,,,,,,,,,,,,,,,,,,,,,,,,,,,,,,,,,,,,,,,,,,,,,,,,,,,,,,,,,,,,469.7212944159983,469.72592987499957,470.965917290996,470.965917290996,470.965917290996,471.0401401659983,471.0401401659983,471.0401401659983,471.39788124999905,period,1.6681513340008678,None,471.3979861659973,471.3980285409998,None,,,,,,,,,,,,21040100,2,2026-02-26_12h56.31.216,tilt_mocs,2024.2.4,120.14790206418549,2026-02-26 12h56.44.896457 -0500,
0,0.0,,207,207,0,,,,,0,100,,,,,c+0,noss,0.5,period,0.9813083339977311,None,None,,,,,,,,,,,0,207,207,590,471.40923945800023,,,,,,,,,,,,,,,,,,,,,,,,,,,,,,,,,,,,,,,,,,,,,,,,,,,,,,,,,,,,,,,,,,,,,,471.4004126660002,471.40923945800023,471.8994589159993,471.8994589159993,471.8994589159993,471.97348445799435,471.97348445799435,471.97348445799435,472.3936632909972,period,0.9813083339977311,None,472.3938057080013,472.39386150000064,None,,,,,,,,,,,,21040100,2,2026-02-26_12h56.31.216,tilt_mocs,2024.2.4,120.14790206418549,2026-02-26 12h56.44.896457 -0500,
-6,-15.0,,208,208,0,,,,,100,0,,,,,c-6,negs,0.75,z,1.1924521249966347,None,None,,,,,,,,,,,0,208,208,311,472.40480737499456,,,,,,,,,,,,,,,,,,,,,,,,,,,,,,,,,,,,,,,,,,,,,,,,,,,,,,,,,,,,,,,,,,,,,,472.395993332997,472.40480737499456,473.1396126249965,473.1396126249965,473.1396126249965,473.2119182499955,473.2119182499955,473.2119182499955,473.6093902499997,z,1.1924521249966347,None,473.609548249995,473.6096065409947,None,,,,,,,,,,,,21040100,2,2026-02-26_12h56.31.216,tilt_mocs,2024.2.4,120.14790206418549,2026-02-26 12h56.44.896457 -0500,
-2,-15.0,,209,209,0,,,,,100,0,,,,,c-2,negs,1.0,period,1.4803900420010905,None,None,,,,,,,,,,,0,209,209,402,473.62152258299466,,,,,,,,,,,,,,,,,,,,,,,,,,,,,,,,,,,,,,,,,,,,,,,,,,,,,,,,,,,,,,,,,,,,,,473.6126604579986,473.62152258299466,474.6064663750003,474.6064663750003,474.6064663750003,474.67865112499567,474.67865112499567,474.67865112499567,475.10931683299714,period,1.4803900420010905,None,475.10949520799477,475.1095519160008,None,,,,,,,,,,,,21040100,2,2026-02-26_12h56.31.216,tilt_mocs,2024.2.4,120.14790206418549,2026-02-26 12h56.44.896457 -0500,
2,15.0,,210,210,0,,,,,100,0,,,,,c+2,poss,1.0,period,1.680740333002177,None,None,,,,,,,,,,,0,210,210,109,475.121147165999,,,,,,,,,,,,,,,,,,,,,,,,,,,,,,,,,,,,,,,,,,,,,,,,,,,,,,,,,,,,,,,,,,,,,,475.1120322909992,475.121147165999,476.1064808329975,476.1064808329975,476.1064808329975,476.17891970799974,476.17891970799974,476.17891970799974,476.8092101250004,period,1.680740333002177,None,476.8093322079949,476.8093853329992,None,,,,,,,,,,,,21040100,2,2026-02-26_12h56.31.216,tilt_mocs,2024.2.4,120.14790206418549,2026-02-26 12h56.44.896457 -0500,
-2,15.0,,211,211,0,,,,,100,0,,,,,c-2,poss,1.0,z,1.5817445829961798,None,None,,,,,,,,,,,0,211,211,31,476.82051433299785,,,,,,,,,,,,,,,,,,,,,,,,,,,,,,,,,,,,,,,,,,,,,,,,,,,,,,,,,,,,,,,,,,,,,,476.8118481249985,476.82051433299785,477.8065307500001,477.8065307500001,477.8065307500001,477.87873074999516,477.87873074999516,477.87873074999516,478.4093914999976,z,1.5817445829961798,None,478.4095423749968,478.4095994159943,None,,,,,,,,,,,,21040100,2,2026-02-26_12h56.31.216,tilt_mocs,2024.2.4,120.14790206418549,2026-02-26 12h56.44.896457 -0500,
2,0.0,,212,212,0,,,,,0,100,,,,,c+2,noss,0.75,period,1.1644982500001788,None,None,,,,,,,,,,,0,212,212,645,478.4215965409967,,,,,,,,,,,,,,,,,,,,,,,,,,,,,,,,,,,,,,,,,,,,,,,,,,,,,,,,,,,,,,,,,,,,,,478.4127327499955,478.4215965409967,479.1555471249958,479.1555471249958,479.1555471249958,479.2288140829987,479.2288140829987,479.2288140829987,479.59254795799643,period,1.1644982500001788,None,479.5926550000004,479.59269854099693,None,,,,,,,,,,,,21040100,2,2026-02-26_12h56.31.216,tilt_mocs,2024.2.4,120.14790206418549,2026-02-26 12h56.44.896457 -0500,
-4,-15.0,,213,213,0,,,,,100,0,,,,,c-4,negs,0.5,period,1.0672768329968676,None,None,,,,,,,,,,,0,213,213,345,479.60342749999836,,,,,,,,,,,,,,,,,,,,,,,,,,,,,,,,,,,,,,,,,,,,,,,,,,,,,,,,,,,,,,,,,,,,,,479.59470179100026,479.60342749999836,480.088980374996,480.088980374996,480.088980374996,480.1621586659967,480.1621586659967,480.1621586659967,480.6762254159985,period,1.0672768329968676,None,480.67635158299527,480.6764047079996,None,,,,,,,,,,,,21040100,2,2026-02-26_12h56.31.216,tilt_mocs,2024.2.4,120.14790206418549,2026-02-26 12h56.44.896457 -0500,
0,-15.0,,214,214,0,,,,,100,0,,,,,c+0,negs,0.75,period,1.289768708003976,None,None,,,,,,,,,,,0,214,214,438,480.6874289999978,,,,,,,,,,,,,,,,,,,,,,,,,,,,,,,,,,,,,,,,,,,,,,,,,,,,,,,,,,,,,,,,,,,,,,480.6787478749975,480.6874289999978,481.4233245409996,481.4233245409996,481.4233245409996,481.4952955409972,481.4952955409972,481.4952955409972,481.9817201659971,period,1.289768708003976,None,481.9818194999971,481.9818616659977,None,,,,,,,,,,,,21040100,2,2026-02-26_12h56.31.216,tilt_mocs,2024.2.4,120.14790206418549,2026-02-26 12h56.44.896457 -0500,
2,0.0,,215,215,0,,,,,0,100,,,,,c+2,noss,0.5,period,0.9473704170013661,None,None,,,,,,,,,,,0,215,215,636,481.99275691599905,,,,,,,,,,,,,,,,,,,,,,,,,,,,,,,,,,,,,,,,,,,,,,,,,,,,,,,,,,,,,,,,,,,,,,481.9838655409985,481.99275691599905,482.48322008299874,482.48322008299874,482.48322008299874,482.55743270799576,482.55743270799576,482.55743270799576,482.9427743329943,period,0.9473704170013661,None,482.94292004100134,482.9429801660008,None,,,,,,,,,,,,21040100,2,2026-02-26_12h56.31.216,tilt_mocs,2024.2.4,120.14790206418549,2026-02-26 12h56.44.896457 -0500,
-6,-15.0,,216,216,0,,,,,100,0,,,,,c-6,negs,1.25,z,1.7578109160021995,None,None,,,,,,,,,,,0,216,216,332,482.95410495800024,,,,,,,,,,,,,,,,,,,,,,,,,,,,,,,,,,,,,,,,,,,,,,,,,,,,,,,,,,,,,,,,,,,,,,482.94525912500103,482.95410495800024,484.190000290997,484.190000290997,484.190000290997,484.26196333299595,484.26196333299595,484.26196333299595,484.71536720799486,z,1.7578109160021995,None,484.7154984999943,484.715555499999,None,,,,,,,,,,,,21040100,2,2026-02-26_12h56.31.216,tilt_mocs,2024.2.4,120.14790206418549,2026-02-26 12h56.44.896457 -0500,
-4,0.0,,217,217,0,,,,,0,100,,,,,c-4,noss,1.25,z,1.7824224580035661,None,None,,,,,,,,,,,0,217,217,544,484.7264061659953,,,,,,,,,,,,,,,,,,,,,,,,,,,,,,,,,,,,,,,,,,,,,,,,,,,,,,,,,,,,,,,,,,,,,,484.7178151249973,484.7264061659953,485.9664620409967,485.9664620409967,485.9664620409967,486.040652124997,486.040652124997,486.040652124997,486.51580066599854,z,1.7824224580035661,None,486.51594508299604,486.51601016600034,None,,,,,,,,,,,,21040100,2,2026-02-26_12h56.31.216,tilt_mocs,2024.2.4,120.14790206418549,2026-02-26 12h56.44.896457 -0500,
-8,-15.0,,218,218,0,,,,,100,0,,,,,c-8,negs,1.0,z,1.4845284589973744,None,None,,,,,,,,,,,0,218,218,280,486.52679883299425,,,,,,,,,,,,,,,,,,,,,,,,,,,,,,,,,,,,,,,,,,,,,,,,,,,,,,,,,,,,,,,,,,,,,,486.5184247500001,486.52679883299425,487.5164991249985,487.5164991249985,487.5164991249985,487.5905724159966,487.5905724159966,487.5905724159966,488.0154307080011,z,1.4845284589973744,None,488.0155290409966,488.01557208300073,None,,,,,,,,,,,,21040100,2,2026-02-26_12h56.31.216,tilt_mocs,2024.2.4,120.14790206418549,2026-02-26 12h56.44.896457 -0500,
8,15.0,,219,219,0,,,,,100,0,,,,,c+8,poss,1.0,period,1.4638973330002045,None,None,,,,,,,,,,,0,219,219,238,488.0264723750006,,,,,,,,,,,,,,,,,,,,,,,,,,,,,,,,,,,,,,,,,,,,,,,,,,,,,,,,,,,,,,,,,,,,,,488.01755045799655,488.0264723750006,489.01624358299887,489.01624358299887,489.01624358299887,489.0906920829948,489.0906920829948,489.0906920829948,489.49336116599443,period,1.4638973330002045,None,489.49352474999614,489.49358754100103,None,,,,,,,,,,,,21040100,2,2026-02-26_12h56.31.216,tilt_mocs,2024.2.4,120.14790206418549,2026-02-26 12h56.44.896457 -0500,
0,15.0,,220,220,0,,,,,100,0,,,,,c+0,poss,1.25,z,1.7157961670018267,None,None,,,,,,,,,,,0,220,220,75,489.50511433299835,,,,,,,,,,,,,,,,,,,,,,,,,,,,,,,,,,,,,,,,,,,,,,,,,,,,,,,,,,,,,,,,,,,,,,489.49601175000134,489.50511433299835,490.7402782079953,490.7402782079953,490.7402782079953,490.81204587499815,490.81204587499815,490.81204587499815,491.2266448329974,z,1.7157961670018267,None,491.22679979099485,491.2268547499989,None,,,,,,,,,,,,21040100,2,2026-02-26_12h56.31.216,tilt_mocs,2024.2.4,120.14790206418549,2026-02-26 12h56.44.896457 -0500,
-6,-15.0,,221,221,0,,,,,100,0,,,,,c-6,negs,0.75,z,1.1585365419959999,None,None,,,,,,,,,,,0,221,221,314,491.23894749999454,,,,,,,,,,,,,,,,,,,,,,,,,,,,,,,,,,,,,,,,,,,,,,,,,,,,,,,,,,,,,,,,,,,,,,491.2297550410003,491.23894749999454,491.9737629999945,491.9737629999945,491.9737629999945,492.04591233300016,492.04591233300016,492.04591233300016,492.4100959579955,z,1.1585365419959999,None,492.41024758300046,492.41032104099577,None,,,,,,,,,,,,21040100,2,2026-02-26_12h56.31.216,tilt_mocs,2024.2.4,120.14790206418549,2026-02-26 12h56.44.896457 -0500,
-2,15.0,,222,222,0,,,,,100,0,,,,,c-2,poss,0.5,z,0.9370290000006207,None,None,,,,,,,,,,,0,222,222,1,492.4220457499978,,,,,,,,,,,,,,,,,,,,,,,,,,,,,,,,,,,,,,,,,,,,,,,,,,,,,,,,,,,,,,,,,,,,,,492.4127612499942,492.4220457499978,492.9069898749949,492.9069898749949,492.9069898749949,492.9790243749958,492.9790243749958,492.9790243749958,493.3657324999949,z,0.9370290000006207,None,493.3658646659969,493.3659208329991,None,,,,,,,,,,,,21040100,2,2026-02-26_12h56.31.216,tilt_mocs,2024.2.4,120.14790206418549,2026-02-26 12h56.44.896457 -0500,
-2,0.0,,223,223,0,,,,,0,100,,,,,c-2,noss,0.75,z,1.3524872080015484,None,None,,,,,,,,,,,0,223,223,563,493.376899457995,,,,,,,,,,,,,,,,,,,,,,,,,,,,,,,,,,,,,,,,,,,,,,,,,,,,,,,,,,,,,,,,,,,,,,493.36829662499804,493.376899457995,494.1161725829952,494.1161725829952,494.1161725829952,494.191039749996,494.191039749996,494.191039749996,494.7324919579987,z,1.3524872080015484,None,494.7325897499977,494.7326363749962,None,,,,,,,,,,,,21040100,2,2026-02-26_12h56.31.216,tilt_mocs,2024.2.4,120.14790206418549,2026-02-26 12h56.44.896457 -0500,
-2,15.0,,224,224,0,,,,,100,0,,,,,c-2,poss,0.75,z,1.236192000003939,None,None,,,,,,,,,,,0,224,224,11,494.74332387499453,,,,,,,,,,,,,,,,,,,,,,,,,,,,,,,,,,,,,,,,,,,,,,,,,,,,,,,,,,,,,,,,,,,,,,494.7346272079958,494.74332387499453,495.4830657079947,495.4830657079947,495.4830657079947,495.55774525000015,495.55774525000015,495.55774525000015,495.9829133329986,z,1.236192000003939,None,495.98304883299716,495.9831059579956,None,,,,,,,,,,,,21040100,2,2026-02-26_12h56.31.216,tilt_mocs,2024.2.4,120.14790206418549,2026-02-26 12h56.44.896457 -0500,
-4,0.0,,225,225,0,,,,,0,100,,,,,c-4,noss,1.25,z,1.7256445829989389,None,None,,,,,,,,,,,0,225,225,542,495.99350933299866,,,,,,,,,,,,,,,,,,,,,,,,,,,,,,,,,,,,,,,,,,,,,,,,,,,,,,,,,,,,,,,,,,,,,,495.98530174999905,495.99350933299866,497.2324857499989,497.2324857499989,497.2324857499989,497.3077130829988,497.3077130829988,497.3077130829988,497.7265599579987,z,1.7256445829989389,None,497.7266879999952,497.7267430409993,None,,,,,,,,,,,,21040100,2,2026-02-26_12h56.31.216,tilt_mocs,2024.2.4,120.14790206418549,2026-02-26 12h56.44.896457 -0500,
2,0.0,,226,226,0,,,,,0,100,,,,,c+2,noss,1.0,period,1.528717916997266,None,None,,,,,,,,,,,0,226,226,658,497.7378568749991,,,,,,,,,,,,,,,,,,,,,,,,,,,,,,,,,,,,,,,,,,,,,,,,,,,,,,,,,,,,,,,,,,,,,,497.72911966600077,497.7378568749991,498.72388866599795,498.72388866599795,498.72388866599795,498.79590754099627,498.79590754099627,498.79590754099627,499.276722290997,period,1.528717916997266,None,499.276861499995,499.2769141249955,None,,,,,,,,,,,,21040100,2,2026-02-26_12h56.31.216,tilt_mocs,2024.2.4,120.14790206418549,2026-02-26 12h56.44.896457 -0500,
-4,0.0,,227,227,0,,,,,0,100,,,,,c-4,noss,1.25,z,1.686266374999832,None,None,,,,,,,,,,,0,227,227,537,499.28890037499514,,,,,,,,,,,,,,,,,,,,,,,,,,,,,,,,,,,,,,,,,,,,,,,,,,,,,,,,,,,,,,,,,,,,,,499.2796739159967,499.28890037499514,500.52394983299746,500.52394983299746,500.52394983299746,500.5956951659973,500.5956951659973,500.5956951659973,500.977726582998,z,1.686266374999832,None,500.9778546249945,500.97790929099574,None,,,,,,,,,,,,21040100,2,2026-02-26_12h56.31.216,tilt_mocs,2024.2.4,120.14790206418549,2026-02-26 12h56.44.896457 -0500,
6,15.0,,228,228,0,,,,,100,0,,,,,c+6,poss,0.75,period,1.1859464169974672,None,None,,,,,,,,,,,0,228,228,187,500.9890377499978,,,,,,,,,,,,,,,,,,,,,,,,,,,,,,,,,,,,,,,,,,,,,,,,,,,,,,,,,,,,,,,,,,,,,,500.9803895410005,500.9890377499978,501.7240814999968,501.7240814999968,501.7240814999968,501.79595300000074,501.79595300000074,501.79595300000074,502.17810154099425,period,1.1859464169974672,None,502.17825258299854,502.1783127909948,None,,,,,,,,,,,,21040100,2,2026-02-26_12h56.31.216,tilt_mocs,2024.2.4,120.14790206418549,2026-02-26 12h56.44.896457 -0500,
-6,-15.0,,229,229,0,,,,,100,0,,,,,c-6,negs,0.75,z,1.1517474580032285,None,None,,,,,,,,,,,0,229,229,310,502.18934770800115,,,,,,,,,,,,,,,,,,,,,,,,,,,,,,,,,,,,,,,,,,,,,,,,,,,,,,,,,,,,,,,,,,,,,,502.180577207997,502.18934770800115,502.92403770799865,502.92403770799865,502.92403770799865,502.99646824999945,502.99646824999945,502.99646824999945,503.3441537499966,z,1.1517474580032285,None,503.3443106249979,503.3443686659957,None,,,,,,,,,,,,21040100,2,2026-02-26_12h56.31.216,tilt_mocs,2024.2.4,120.14790206418549,2026-02-26 12h56.44.896457 -0500,
0,0.0,,230,230,0,,,,,0,100,,,,,c+0,noss,1.25,period,1.8160118330051773,None,None,,,,,,,,,,,0,230,230,622,503.3553995409966,,,,,,,,,,,,,,,,,,,,,,,,,,,,,,,,,,,,,,,,,,,,,,,,,,,,,,,,,,,,,,,,,,,,,,503.34658116599894,503.3553995409966,504.5907217079948,504.5907217079948,504.5907217079948,504.6625745409983,504.6625745409983,504.6625745409983,505.17708458299603,period,1.8160118330051773,None,505.1772441659996,505.1773008749951,None,,,,,,,,,,,,21040100,2,2026-02-26_12h56.31.216,tilt_mocs,2024.2.4,120.14790206418549,2026-02-26 12h56.44.896457 -0500,
-2,15.0,,231,231,0,,,,,100,0,,,,,c-2,poss,0.5,z,0.9912043340009404,None,None,,,,,,,,,,,0,231,231,2,505.18954191599914,,,,,,,,,,,,,,,,,,,,,,,,,,,,,,,,,,,,,,,,,,,,,,,,,,,,,,,,,,,,,,,,,,,,,,505.18005945799814,505.18954191599914,505.67347287499433,505.67347287499433,505.67347287499433,505.74649758300075,505.74649758300075,505.74649758300075,506.1833403749988,z,0.9912043340009404,None,506.18344070799503,506.18348741599766,None,,,,,,,,,,,,21040100,2,2026-02-26_12h56.31.216,tilt_mocs,2024.2.4,120.14790206418549,2026-02-26 12h56.44.896457 -0500,
-2,0.0,,232,232,0,,,,,0,100,,,,,c-2,noss,1.25,period,1.6154377499988186,None,None,,,,,,,,,,,0,232,232,584,506.1937928749976,,,,,,,,,,,,,,,,,,,,,,,,,,,,,,,,,,,,,,,,,,,,,,,,,,,,,,,,,,,,,,,,,,,,,,506.1854815830011,506.1937928749976,507.4342440409964,507.4342440409964,507.4342440409964,507.508037874999,507.508037874999,507.508037874999,507.82098262499494,period,1.6154377499988186,None,507.8210859999963,507.8211319580005,None,,,,,,,,,,,,21040100,2,2026-02-26_12h56.31.216,tilt_mocs,2024.2.4,120.14790206418549,2026-02-26 12h56.44.896457 -0500,
0,-15.0,,233,233,0,,,,,100,0,,,,,c+0,negs,1.25,period,1.7332407080029952,None,None,,,,,,,,,,,0,233,233,454,507.8275377499958,,,,,,,,,,,,,,,,,,,,,,,,,,,,,,,,,,,,,,,,,,,,,,,,,,,,,,,,,,,,,,,,,,,,,,507.82316366599844,507.8275377499958,509.0677179999984,509.0677179999984,509.0677179999984,509.1414506660003,509.1414506660003,509.1414506660003,509.5654531659966,period,1.7332407080029952,None,509.5655528329953,509.56559570799436,None,,,,,,,,,,,,21040100,2,2026-02-26_12h56.31.216,tilt_mocs,2024.2.4,120.14790206418549,2026-02-26 12h56.44.896457 -0500,
-4,-15.0,,234,234,0,,,,,100,0,,,,,c-4,negs,1.25,period,1.9674144160017022,None,None,,,,,,,,,,,0,234,234,377,509.5766322079944,,,,,,,,,,,,,,,,,,,,,,,,,,,,,,,,,,,,,,,,,,,,,,,,,,,,,,,,,,,,,,,,,,,,,,509.56755566599895,509.5766322079944,510.81726450000133,510.81726450000133,510.81726450000133,510.8917254159969,510.8917254159969,510.8917254159969,511.55048174999683,period,1.9674144160017022,None,511.55063166599575,511.55068349999783,None,,,,,,,,,,,,21040100,2,2026-02-26_12h56.31.216,tilt_mocs,2024.2.4,120.14790206418549,2026-02-26 12h56.44.896457 -0500,
6,15.0,,235,235,0,,,,,100,0,,,,,c+6,poss,0.75,period,1.1798429999980726,None,None,,,,,,,,,,,0,235,235,184,511.5618301659997,,,,,,,,,,,,,,,,,,,,,,,,,,,,,,,,,,,,,,,,,,,,,,,,,,,,,,,,,,,,,,,,,,,,,,511.5537669580008,511.5618301659997,512.3010862079973,512.3010862079973,512.3010862079973,512.3749397499996,512.3749397499996,512.3749397499996,512.7443059159996,period,1.1798429999980726,None,512.7444642909977,512.7445182909942,None,,,,,,,,,,,,21040100,2,2026-02-26_12h56.31.216,tilt_mocs,2024.2.4,120.14790206418549,2026-02-26 12h56.44.896457 -0500,
4,15.0,,236,236,0,,,,,100,0,,,,,c+4,poss,1.0,period,1.7033534170041094,None,None,,,,,,,,,,,0,236,236,156,512.7563103749999,,,,,,,,,,,,,,,,,,,,,,,,,,,,,,,,,,,,,,,,,,,,,,,,,,,,,,,,,,,,,,,,,,,,,,512.7471781249988,512.7563103749999,513.7410604159959,513.7410604159959,513.7410604159959,513.8128971659971,513.8128971659971,513.8128971659971,514.4671469159948,period,1.7033534170041094,None,514.4672845829991,514.4673478330005,None,,,,,,,,,,,,21040100,2,2026-02-26_12h56.31.216,tilt_mocs,2024.2.4,120.14790206418549,2026-02-26 12h56.44.896457 -0500,
-4,-15.0,,237,237,0,,,,,100,0,,,,,c-4,negs,0.5,period,1.058445832997677,None,None,,,,,,,,,,,0,237,237,339,514.477800790999,,,,,,,,,,,,,,,,,,,,,,,,,,,,,,,,,,,,,,,,,,,,,,,,,,,,,,,,,,,,,,,,,,,,,,514.4697048329981,514.477800790999,514.9672330409958,514.9672330409958,514.9672330409958,515.0417591660007,515.0417591660007,515.0417591660007,515.5447494580003,period,1.058445832997677,None,515.5448926249956,515.5449551249985,None,,,,,,,,,,,,21040100,2,2026-02-26_12h56.31.216,tilt_mocs,2024.2.4,120.14790206418549,2026-02-26 12h56.44.896457 -0500,
0,15.0,,238,238,0,,,,,100,0,,,,,c+0,poss,0.75,z,1.372249959000328,None,None,,,,,,,,,,,0,238,238,62,515.5568807909949,,,,,,,,,,,,,,,,,,,,,,,,,,,,,,,,,,,,,,,,,,,,,,,,,,,,,,,,,,,,,,,,,,,,,,515.5475804999951,515.5568807909949,516.2912448329953,516.2912448329953,516.2912448329953,516.3641466659974,516.3641466659974,516.3641466659974,516.9334996249963,z,1.372249959000328,None,516.9336453329961,516.9337023749977,None,,,,,,,,,,,,21040100,2,2026-02-26_12h56.31.216,tilt_mocs,2024.2.4,120.14790206418549,2026-02-26 12h56.44.896457 -0500,
4,15.0,,239,239,0,,,,,100,0,,,,,c+4,poss,0.5,period,1.0199513330007903,None,None,,,,,,,,,,,0,239,239,136,516.9443714579975,,,,,,,,,,,,,,,,,,,,,,,,,,,,,,,,,,,,,,,,,,,,,,,,,,,,,,,,,,,,,,,,,,,,,,516.9359394159983,516.9443714579975,517.4337742079952,517.4337742079952,517.4337742079952,517.5085606249995,517.5085606249995,517.5085606249995,517.9666396249959,period,1.0199513330007903,None,517.9667437909957,517.9667873750004,None,,,,,,,,,,,,21040100,2,2026-02-26_12h56.31.216,tilt_mocs,2024.2.4,120.14790206418549,2026-02-26 12h56.44.896457 -0500,
8,15.0,,240,240,0,,,,,100,0,,,,,c+8,poss,0.75,period,1.13114066599519,None,None,,,,,,,,,,,0,240,240,229,517.9774507499969,,,,,,,,,,,,,,,,,,,,,,,,,,,,,,,,,,,,,,,,,,,,,,,,,,,,,,,,,,,,,,,,,,,,,,517.9687603329949,517.9774507499969,518.7167480409989,518.7167480409989,518.7167480409989,518.7907382080011,518.7907382080011,518.7907382080011,519.1112073330005,period,1.13114066599519,None,519.1113633749992,519.1114147499975,None,,,,,,,,,,,,21040100,2,2026-02-26_12h56.31.216,tilt_mocs,2024.2.4,120.14790206418549,2026-02-26 12h56.44.896457 -0500,
-4,-15.0,,241,241,0,,,,,100,0,,,,,c-4,negs,0.5,z,0.9194118750019697,None,None,,,,,,,,,,,0,241,241,336,519.1229376659976,,,,,,,,,,,,,,,,,,,,,,,,,,,,,,,,,,,,,,,,,,,,,,,,,,,,,,,,,,,,,,,,,,,,,,519.114089540999,519.1229376659976,519.6082056659943,519.6082056659943,519.6082056659943,519.6803270829987,519.6803270829987,519.6803270829987,520.0448005409999,z,0.9194118750019697,None,520.0449281249967,520.0449824579991,None,,,,,,,,,,,,21040100,2,2026-02-26_12h56.31.216,tilt_mocs,2024.2.4,120.14790206418549,2026-02-26 12h56.44.896457 -0500,
6,15.0,,242,242,0,,,,,100,0,,,,,c+6,poss,0.75,period,1.142731209001795,None,None,,,,,,,,,,,0,242,242,186,520.0578234999994,,,,,,,,,,,,,,,,,,,,,,,,,,,,,,,,,,,,,,,,,,,,,,,,,,,,,,,,,,,,,,,,,,,,,,520.0486830829977,520.0578234999994,520.7914318330004,520.7914318330004,520.7914318330004,520.863958957998,520.863958957998,520.863958957998,521.2107384159972,period,1.142731209001795,None,521.2108664159969,521.21092125,None,,,,,,,,,,,,21040100,2,2026-02-26_12h56.31.216,tilt_mocs,2024.2.4,120.14790206418549,2026-02-26 12h56.44.896457 -0500,
-2,-15.0,,243,243,0,,,,,100,0,,,,,c-2,negs,1.25,z,1.613174958001764,None,None,,,,,,,,,,,0,243,243,413,521.2220611660014,,,,,,,,,,,,,,,,,,,,,,,,,,,,,,,,,,,,,,,,,,,,,,,,,,,,,,,,,,,,,,,,,,,,,,521.2134137909961,521.2220611660014,522.4580638330008,522.4580638330008,522.4580638330008,522.5304745829999,522.5304745829999,522.5304745829999,522.8444063749994,z,1.613174958001764,None,522.8445658329947,522.8446194999997,None,,,,,,,,,,,,21040100,2,2026-02-26_12h56.31.216,tilt_mocs,2024.2.4,120.14790206418549,2026-02-26 12h56.44.896457 -0500,
-2,0.0,,244,244,0,,,,,0,100,,,,,c-2,noss,0.75,z,1.2916747920025955,None,None,,,,,,,,,,,0,244,244,564,522.8569084159972,,,,,,,,,,,,,,,,,,,,,,,,,,,,,,,,,,,,,,,,,,,,,,,,,,,,,,,,,,,,,,,,,,,,,,522.8476495829964,522.8569084159972,523.5914380409959,523.5914380409959,523.5914380409959,523.6638110829954,523.6638110829954,523.6638110829954,524.1609616659989,z,1.2916747920025955,None,524.1610891249948,524.1611449580014,None,,,,,,,,,,,,21040100,2,2026-02-26_12h56.31.216,tilt_mocs,2024.2.4,120.14790206418549,2026-02-26 12h56.44.896457 -0500,
-2,15.0,,245,245,0,,,,,100,0,,,,,c-2,poss,0.5,z,0.9555179170056363,None,None,,,,,,,,,,,0,245,245,5,524.1726141249965,,,,,,,,,,,,,,,,,,,,,,,,,,,,,,,,,,,,,,,,,,,,,,,,,,,,,,,,,,,,,,,,,,,,,,524.1636709999948,524.1726141249965,524.658167540998,524.658167540998,524.658167540998,524.7315464579951,524.7315464579951,524.7315464579951,525.1347583749957,z,0.9555179170056363,None,525.1349092079981,525.1349770409943,None,,,,,,,,,,,,21040100,2,2026-02-26_12h56.31.216,tilt_mocs,2024.2.4,120.14790206418549,2026-02-26 12h56.44.896457 -0500,
-2,-15.0,,246,246,0,,,,,100,0,,,,,c-2,negs,0.75,period,1.2801409999956377,None,None,,,,,,,,,,,0,246,246,389,525.1456655000002,,,,,,,,,,,,,,,,,,,,,,,,,,,,,,,,,,,,,,,,,,,,,,,,,,,,,,,,,,,,,,,,,,,,,,525.1375501660004,525.1456655000002,525.8844461659974,525.8844461659974,525.8844461659974,525.9587362499951,525.9587362499951,525.9587362499951,526.4285457910009,period,1.2801409999956377,None,526.4287493329975,526.4288921659972,None,,,,,,,,,,,,21040100,2,2026-02-26_12h56.31.216,tilt_mocs,2024.2.4,120.14790206418549,2026-02-26 12h56.44.896457 -0500,
8,15.0,,247,247,0,,,,,100,0,,,,,c+8,poss,1.25,period,1.7145521249985904,None,None,,,,,,,,,,,0,247,247,247,526.4402810829997,,,,,,,,,,,,,,,,,,,,,,,,,,,,,,,,,,,,,,,,,,,,,,,,,,,,,,,,,,,,,,,,,,,,,,526.4313882909992,526.4402810829997,527.674999457995,527.674999457995,527.674999457995,527.7470864159986,527.7470864159986,527.7470864159986,528.160771625,period,1.7145521249985904,None,528.1608727079947,528.1609162079985,None,,,,,,,,,,,,21040100,2,2026-02-26_12h56.31.216,tilt_mocs,2024.2.4,120.14790206418549,2026-02-26 12h56.44.896457 -0500,
6,15.0,,248,248,0,,,,,100,0,,,,,c+6,poss,0.5,period,0.9340215419942979,None,None,,,,,,,,,,,0,248,248,170,528.1715446659946,,,,,,,,,,,,,,,,,,,,,,,,,,,,,,,,,,,,,,,,,,,,,,,,,,,,,,,,,,,,,,,,,,,,,,528.1628819999969,528.1715446659946,528.6583488329998,528.6583488329998,528.6583488329998,528.7311325829942,528.7311325829942,528.7311325829942,529.1115229159986,period,0.9340215419942979,None,529.1116607500007,529.1117185830008,None,,,,,,,,,,,,21040100,2,2026-02-26_12h56.31.216,tilt_mocs,2024.2.4,120.14790206418549,2026-02-26 12h56.44.896457 -0500,
-2,-15.0,,249,249,0,,,,,100,0,,,,,c-2,negs,0.75,period,1.5947658749937546,None,None,,,,,,,,,,,0,249,249,393,529.1227637909979,,,,,,,,,,,,,,,,,,,,,,,,,,,,,,,,,,,,,,,,,,,,,,,,,,,,,,,,,,,,,,,,,,,,,,529.1138683329991,529.1227637909979,529.8585056250013,529.8585056250013,529.8585056250013,529.9313589999947,529.9313589999947,529.9313589999947,530.7276754159975,period,1.5947658749937546,None,530.7278032499962,530.7278574579977,None,,,,,,,,,,,,21040100,2,2026-02-26_12h56.31.216,tilt_mocs,2024.2.4,120.14790206418549,2026-02-26 12h56.44.896457 -0500,
6,15.0,,250,250,0,,,,,100,0,,,,,c+6,poss,0.75,period,1.1991785419959342,None,None,,,,,,,,,,,0,250,250,179,530.7389842909979,,,,,,,,,,,,,,,,,,,,,,,,,,,,,,,,,,,,,,,,,,,,,,,,,,,,,,,,,,,,,,,,,,,,,,530.7303779159993,530.7389842909979,531.475183333001,531.475183333001,531.475183333001,531.5469884579943,531.5469884579943,531.5469884579943,531.9444217909986,period,1.1991785419959342,None,531.9445263749949,531.9445689159984,None,,,,,,,,,,,,21040100,2,2026-02-26_12h56.31.216,tilt_mocs,2024.2.4,120.14790206418549,2026-02-26 12h56.44.896457 -0500,
6,15.0,,251,251,0,,,,,100,0,,,,,c+6,poss,0.5,period,0.9170582499937154,None,None,,,,,,,,,,,0,251,251,174,531.9555365829947,,,,,,,,,,,,,,,,,,,,,,,,,,,,,,,,,,,,,,,,,,,,,,,,,,,,,,,,,,,,,,,,,,,,,,531.9465342909971,531.9555365829947,532.441962541001,532.441962541001,532.441962541001,532.5137509579945,532.5137509579945,532.5137509579945,532.8776831249997,period,0.9170582499937154,None,532.8777855410008,532.8778283749998,None,,,,,,,,,,,,21040100,2,2026-02-26_12h56.31.216,tilt_mocs,2024.2.4,120.14790206418549,2026-02-26 12h56.44.896457 -0500,
-6,-15.0,,252,252,0,,,,,100,0,,,,,c-6,negs,0.5,z,1.2654504579986678,None,None,,,,,,,,,,,0,252,252,304,532.8883772909976,,,,,,,,,,,,,,,,,,,,,,,,,,,,,,,,,,,,,,,,,,,,,,,,,,,,,,,,,,,,,,,,,,,,,,532.8797714159955,532.8883772909976,533.3753691249949,533.3753691249949,533.3753691249949,533.4470624159949,533.4470624159949,533.4470624159949,534.1619304999986,z,1.2654504579986678,None,534.1620738749989,534.1621323750005,None,,,,,,,,,,,,21040100,2,2026-02-26_12h56.31.216,tilt_mocs,2024.2.4,120.14790206418549,2026-02-26 12h56.44.896457 -0500,
4,0.0,,253,253,0,,,,,0,100,,,,,c+4,noss,1.25,period,1.68584316700435,None,None,,,,,,,,,,,0,253,253,705,534.1737279160006,,,,,,,,,,,,,,,,,,,,,,,,,,,,,,,,,,,,,,,,,,,,,,,,,,,,,,,,,,,,,,,,,,,,,,534.1647262909974,534.1737279160006,535.4077588329965,535.4077588329965,535.4077588329965,535.4807672499956,535.4807672499956,535.4807672499956,535.8623151249994,period,1.68584316700435,None,535.862472832996,535.8625304160014,None,,,,,,,,,,,,21040100,2,2026-02-26_12h56.31.216,tilt_mocs,2024.2.4,120.14790206418549,2026-02-26 12h56.44.896457 -0500,
-2,-15.0,,254,254,0,,,,,100,0,,,,,c-2,negs,0.5,period,1.1134359579955344,None,None,,,,,,,,,,,0,254,254,378,535.8742372499983,,,,,,,,,,,,,,,,,,,,,,,,,,,,,,,,,,,,,,,,,,,,,,,,,,,,,,,,,,,,,,,,,,,,,,535.8653029159977,535.8742372499983,536.3585852079996,536.3585852079996,536.3585852079996,536.4315309999947,536.4315309999947,536.4315309999947,536.995024374999,period,1.1134359579955344,None,536.995185957996,536.9952397909947,None,,,,,,,,,,,,21040100,2,2026-02-26_12h56.31.216,tilt_mocs,2024.2.4,120.14790206418549,2026-02-26 12h56.44.896457 -0500,
2,15.0,,255,255,0,,,,,100,0,,,,,c+2,poss,1.0,period,1.418363832999603,None,None,,,,,,,,,,,0,255,255,113,537.0072820409987,,,,,,,,,,,,,,,,,,,,,,,,,,,,,,,,,,,,,,,,,,,,,,,,,,,,,,,,,,,,,,,,,,,,,,536.9983618330007,537.0072820409987,537.9920588749956,537.9920588749956,537.9920588749956,538.0639949999968,538.0639949999968,538.0639949999968,538.4285563749945,period,1.418363832999603,None,538.4286953749979,538.4287548749999,None,,,,,,,,,,,,21040100,2,2026-02-26_12h56.31.216,tilt_mocs,2024.2.4,120.14790206418549,2026-02-26 12h56.44.896457 -0500,
2,-15.0,,256,256,0,,,,,100,0,,,,,c+2,negs,1.25,period,1.7864852499988046,None,None,,,,,,,,,,,0,256,256,494,538.4396908749986,,,,,,,,,,,,,,,,,,,,,,,,,,,,,,,,,,,,,,,,,,,,,,,,,,,,,,,,,,,,,,,,,,,,,,538.4309522080002,538.4396908749986,539.6755237079997,539.6755237079997,539.6755237079997,539.7472122499967,539.7472122499967,539.7472122499967,540.2289235829958,period,1.7864852499988046,None,540.2290824999945,540.2291356659989,None,,,,,,,,,,,,21040100,2,2026-02-26_12h56.31.216,tilt_mocs,2024.2.4,120.14790206418549,2026-02-26 12h56.44.896457 -0500,
-4,0.0,,257,257,0,,,,,0,100,,,,,c-4,noss,0.75,z,1.2546564170042984,None,None,,,,,,,,,,,0,257,257,517,540.2409593330012,,,,,,,,,,,,,,,,,,,,,,,,,,,,,,,,,,,,,,,,,,,,,,,,,,,,,,,,,,,,,,,,,,,,,,540.2318422079989,540.2409593330012,540.975440999995,540.975440999995,540.975440999995,541.047413207998,541.047413207998,541.047413207998,541.5008002909963,z,1.2546564170042984,None,541.5009269579969,541.5009824160006,None,,,,,,,,,,,,21040100,2,2026-02-26_12h56.31.216,tilt_mocs,2024.2.4,120.14790206418549,2026-02-26 12h56.44.896457 -0500,
-4,0.0,,258,258,0,,,,,0,100,,,,,c-4,noss,0.75,z,1.1922830420007813,None,None,,,,,,,,,,,0,258,258,524,541.5117812499957,,,,,,,,,,,,,,,,,,,,,,,,,,,,,,,,,,,,,,,,,,,,,,,,,,,,,,,,,,,,,,,,,,,,,,541.5032009159986,541.5117812499957,542.2518910409999,542.2518910409999,542.2518910409999,542.325993790997,542.325993790997,542.325993790997,542.7118213329959,z,1.1922830420007813,None,542.7120590409977,542.7121523749956,None,,,,,,,,,,,,21040100,2,2026-02-26_12h56.31.216,tilt_mocs,2024.2.4,120.14790206418549,2026-02-26 12h56.44.896457 -0500,
-4,-15.0,,259,259,0,,,,,100,0,,,,,c-4,negs,0.75,z,1.1295327919942793,None,None,,,,,,,,,,,0,259,259,353,542.7234583329991,,,,,,,,,,,,,,,,,,,,,,,,,,,,,,,,,,,,,,,,,,,,,,,,,,,,,,,,,,,,,,,,,,,,,,542.7145578329946,542.7234583329991,543.4589000829947,543.4589000829947,543.4589000829947,543.5309092499956,543.5309092499956,543.5309092499956,543.8617176659973,z,1.1295327919942793,None,543.8618432910007,543.8618981659965,None,,,,,,,,,,,,21040100,2,2026-02-26_12h56.31.216,tilt_mocs,2024.2.4,120.14790206418549,2026-02-26 12h56.44.896457 -0500,
-6,-15.0,,260,260,0,,,,,100,0,,,,,c-6,negs,0.75,z,1.1567893749961513,None,None,,,,,,,,,,,0,260,260,312,543.8731623749991,,,,,,,,,,,,,,,,,,,,,,,,,,,,,,,,,,,,,,,,,,,,,,,,,,,,,,,,,,,,,,,,,,,,,,543.8644327079965,543.8731623749991,544.6089347079978,544.6089347079978,544.6089347079978,544.6810677079993,544.6810677079993,544.6810677079993,545.0338680829955,z,1.1567893749961513,None,545.0339863330009,545.0340324159988,None,,,,,,,,,,,,21040100,2,2026-02-26_12h56.31.216,tilt_mocs,2024.2.4,120.14790206418549,2026-02-26 12h56.44.896457 -0500,
2,15.0,,261,261,0,,,,,100,0,,,,,c+2,poss,0.75,z,1.257133958999475,None,None,,,,,,,,,,,0,261,261,102,545.0450367499943,,,,,,,,,,,,,,,,,,,,,,,,,,,,,,,,,,,,,,,,,,,,,,,,,,,,,,,,,,,,,,,,,,,,,,545.0360583329966,545.0450367499943,545.7856818750006,545.7856818750006,545.7856818750006,545.8595677080011,545.8595677080011,545.8595677080011,546.3124832079993,z,1.257133958999475,None,546.3126247079999,546.3126800829996,None,,,,,,,,,,,,21040100,2,2026-02-26_12h56.31.216,tilt_mocs,2024.2.4,120.14790206418549,2026-02-26 12h56.44.896457 -0500,
-4,0.0,,262,262,0,,,,,0,100,,,,,c-4,noss,0.75,z,1.1938905420029187,None,None,,,,,,,,,,,0,262,262,523,546.3242625829953,,,,,,,,,,,,,,,,,,,,,,,,,,,,,,,,,,,,,,,,,,,,,,,,,,,,,,,,,,,,,,,,,,,,,,546.3152349579977,546.3242625829953,547.0581360409997,547.0581360409997,547.0581360409997,547.132140665999,547.132140665999,547.132140665999,547.5289883750011,z,1.1938905420029187,None,547.5291401659997,547.5291992499988,None,,,,,,,,,,,,21040100,2,2026-02-26_12h56.31.216,tilt_mocs,2024.2.4,120.14790206418549,2026-02-26 12h56.44.896457 -0500,
-2,0.0,,263,263,0,,,,,0,100,,,,,c-2,noss,1.25,z,1.6700300419979612,None,None,,,,,,,,,,,0,263,263,586,547.5406923749979,,,,,,,,,,,,,,,,,,,,,,,,,,,,,,,,,,,,,,,,,,,,,,,,,,,,,,,,,,,,,,,,,,,,,,547.5314839159983,547.5406923749979,548.7758292500002,548.7758292500002,548.7758292500002,548.8476637909989,548.8476637909989,548.8476637909989,549.2174326659951,z,1.6700300419979612,None,549.217554582996,549.2176088329943,None,,,,,,,,,,,,21040100,2,2026-02-26_12h56.31.216,tilt_mocs,2024.2.4,120.14790206418549,2026-02-26 12h56.44.896457 -0500,
6,15.0,,264,264,0,,,,,100,0,,,,,c+6,poss,1.25,period,1.751582541000971,None,None,,,,,,,,,,,0,264,264,205,549.2289221249957,,,,,,,,,,,,,,,,,,,,,,,,,,,,,,,,,,,,,,,,,,,,,,,,,,,,,,,,,,,,,,,,,,,,,,549.2200968329998,549.2289221249957,550.4671075829974,550.4671075829974,550.4671075829974,550.5432204999961,550.5432204999961,550.5432204999961,550.9850384999954,period,1.751582541000971,None,550.9851704999965,550.9852242499983,None,,,,,,,,,,,,21040100,2,2026-02-26_12h56.31.216,tilt_mocs,2024.2.4,120.14790206418549,2026-02-26 12h56.44.896457 -0500,
-4,-15.0,,265,265,0,,,,,100,0,,,,,c-4,negs,0.75,z,1.3667831669954467,None,None,,,,,,,,,,,0,265,265,351,550.9953584579998,,,,,,,,,,,,,,,,,,,,,,,,,,,,,,,,,,,,,,,,,,,,,,,,,,,,,,,,,,,,,,,,,,,,,,550.9873934159987,550.9953584579998,551.7338763750013,551.7338763750013,551.7338763750013,551.809610874996,551.809610874996,551.809610874996,552.3673724159962,z,1.3667831669954467,None,552.3674893329953,552.3675417909981,None,,,,,,,,,,,,21040100,2,2026-02-26_12h56.31.216,tilt_mocs,2024.2.4,120.14790206418549,2026-02-26 12h56.44.896457 -0500,
2,-15.0,,266,266,0,,,,,100,0,,,,,c+2,negs,0.75,period,1.1679556669987505,None,None,,,,,,,,,,,0,266,266,474,552.3785005409954,,,,,,,,,,,,,,,,,,,,,,,,,,,,,,,,,,,,,,,,,,,,,,,,,,,,,,,,,,,,,,,,,,,,,,552.3695447909995,552.3785005409954,553.1184864999959,553.1184864999959,553.1184864999959,553.1930979159952,553.1930979159952,553.1930979159952,553.5504127909953,period,1.1679556669987505,None,553.5505166250005,553.5505589579989,None,,,,,,,,,,,,21040100,2,2026-02-26_12h56.31.216,tilt_mocs,2024.2.4,120.14790206418549,2026-02-26 12h56.44.896457 -0500,
-8,-15.0,,267,267,0,,,,,100,0,,,,,c-8,negs,0.5,z,0.9649507499998435,None,None,,,,,,,,,,,0,267,267,255,553.5617814159996,,,,,,,,,,,,,,,,,,,,,,,,,,,,,,,,,,,,,,,,,,,,,,,,,,,,,,,,,,,,,,,,,,,,,,553.5525232910004,553.5617814159996,554.0522348749946,554.0522348749946,554.0522348749946,554.1264247910003,554.1264247910003,554.1264247910003,554.5295953749956,z,0.9649507499998435,None,554.5297467499986,554.5298044160008,None,,,,,,,,,,,,21040100,2,2026-02-26_12h56.31.216,tilt_mocs,2024.2.4,120.14790206418549,2026-02-26 12h56.44.896457 -0500,
-8,-15.0,,268,268,0,,,,,100,0,,,,,c-8,negs,1.0,z,1.4150611250006477,None,None,,,,,,,,,,,0,268,268,279,554.5416154159975,,,,,,,,,,,,,,,,,,,,,,,,,,,,,,,,,,,,,,,,,,,,,,,,,,,,,,,,,,,,,,,,,,,,,,554.5323276659983,554.5416154159975,555.5258844999989,555.5258844999989,555.5258844999989,555.5981411659959,555.5981411659959,555.5981411659959,555.9622445829955,z,1.4150611250006477,None,555.9623997499948,555.9624594999987,None,,,,,,,,,,,,21040100,2,2026-02-26_12h56.31.216,tilt_mocs,2024.2.4,120.14790206418549,2026-02-26 12h56.44.896457 -0500,
-8,-15.0,,269,269,0,,,,,100,0,,,,,c-8,negs,0.75,z,1.1720792089981842,None,None,,,,,,,,,,,0,269,269,266,555.9742179159948,,,,,,,,,,,,,,,,,,,,,,,,,,,,,,,,,,,,,,,,,,,,,,,,,,,,,,,,,,,,,,,,,,,,,,555.965101875001,555.9742179159948,556.709269166,556.709269166,556.709269166,556.7810974999957,556.7810974999957,556.7810974999957,557.1511136249974,z,1.1720792089981842,None,557.1512157079997,557.1512607080003,None,,,,,,,,,,,,21040100,2,2026-02-26_12h56.31.216,tilt_mocs,2024.2.4,120.14790206418549,2026-02-26 12h56.44.896457 -0500,
-4,-15.0,,270,270,0,,,,,100,0,,,,,c-4,negs,0.75,z,1.5210261669999454,None,None,,,,,,,,,,,0,270,270,352,557.1619925829946,,,,,,,,,,,,,,,,,,,,,,,,,,,,,,,,,,,,,,,,,,,,,,,,,,,,,,,,,,,,,,,,,,,,,,557.1532235829945,557.1619925829946,557.9026631659945,557.9026631659945,557.9026631659945,557.9765439580005,557.9765439580005,557.9765439580005,558.6957027909957,z,1.5210261669999454,None,558.6958594159951,558.6959155000004,None,,,,,,,,,,,,21040100,2,2026-02-26_12h56.31.216,tilt_mocs,2024.2.4,120.14790206418549,2026-02-26 12h56.44.896457 -0500,
-4,-15.0,,271,271,0,,,,,100,0,,,,,c-4,negs,0.5,z,0.9096602080026059,None,None,,,,,,,,,,,0,271,271,338,558.7082715829965,,,,,,,,,,,,,,,,,,,,,,,,,,,,,,,,,,,,,,,,,,,,,,,,,,,,,,,,,,,,,,,,,,,,,,558.6989890409968,558.7082715829965,559.1927399999986,559.1927399999986,559.1927399999986,559.2650020410001,559.2650020410001,559.2650020410001,559.6288441659999,z,0.9096602080026059,None,559.6289750409996,559.6290300409964,None,,,,,,,,,,,,21040100,2,2026-02-26_12h56.31.216,tilt_mocs,2024.2.4,120.14790206418549,2026-02-26 12h56.44.896457 -0500,
-2,0.0,,272,272,0,,,,,0,100,,,,,c-2,noss,0.5,z,0.9586892500010435,None,None,,,,,,,,,,,0,272,272,556,559.6400443329985,,,,,,,,,,,,,,,,,,,,,,,,,,,,,,,,,,,,,,,,,,,,,,,,,,,,,,,,,,,,,,,,,,,,,,559.6315140829975,559.6400443329985,560.1260974999968,560.1260974999968,560.1260974999968,560.1986348329956,560.1986348329956,560.1986348329956,560.6020073749969,z,0.9586892500010435,None,560.602143707998,560.6022186249975,None,,,,,,,,,,,,21040100,2,2026-02-26_12h56.31.216,tilt_mocs,2024.2.4,120.14790206418549,2026-02-26 12h56.44.896457 -0500,
-2,15.0,,273,273,0,,,,,100,0,,,,,c-2,poss,1.0,z,1.4991901250032242,None,None,,,,,,,,,,,0,273,273,24,560.6124184159999,,,,,,,,,,,,,,,,,,,,,,,,,,,,,,,,,,,,,,,,,,,,,,,,,,,,,,,,,,,,,,,,,,,,,,560.6043502079992,560.6124184159999,561.6021562079986,561.6021562079986,561.6021562079986,561.6767274999947,561.6767274999947,561.6767274999947,562.1180158329953,z,1.4991901250032242,None,562.1181390829952,562.1181941659961,None,,,,,,,,,,,,21040100,2,2026-02-26_12h56.31.216,tilt_mocs,2024.2.4,120.14790206418549,2026-02-26 12h56.44.896457 -0500,
4,0.0,,274,274,0,,,,,0,100,,,,,c+4,noss,0.75,period,1.2216368330045952,None,None,,,,,,,,,,,0,274,274,688,562.1291799999963,,,,,,,,,,,,,,,,,,,,,,,,,,,,,,,,,,,,,,,,,,,,,,,,,,,,,,,,,,,,,,,,,,,,,,562.1203075829981,562.1291799999963,562.8693673749949,562.8693673749949,562.8693673749949,562.9436328329975,562.9436328329975,562.9436328329975,563.3625469580002,period,1.2216368330045952,None,563.3627065830005,563.3627600830005,None,,,,,,,,,,,,21040100,2,2026-02-26_12h56.31.216,tilt_mocs,2024.2.4,120.14790206418549,2026-02-26 12h56.44.896457 -0500,
0,-15.0,,275,275,0,,,,,100,0,,,,,c+0,negs,0.5,period,0.9747042500021053,None,None,,,,,,,,,,,0,275,275,420,563.3745913749954,,,,,,,,,,,,,,,,,,,,,,,,,,,,,,,,,,,,,,,,,,,,,,,,,,,,,,,,,,,,,,,,,,,,,,563.3653467499971,563.3745913749954,563.8593937080004,563.8593937080004,563.8593937080004,563.9318363329949,563.9318363329949,563.9318363329949,564.3609454580001,period,0.9747042500021053,None,564.3610519579961,564.3610951660012,None,,,,,,,,,,,,21040100,2,2026-02-26_12h56.31.216,tilt_mocs,2024.2.4,120.14790206418549,2026-02-26 12h56.44.896457 -0500,
-8,-15.0,,276,276,0,,,,,100,0,,,,,c-8,negs,1.25,z,1.6380200409985264,None,None,,,,,,,,,,,0,276,276,290,564.3685989160003,,,,,,,,,,,,,,,,,,,,,,,,,,,,,,,,,,,,,,,,,,,,,,,,,,,,,,,,,,,,,,,,,,,,,,564.3631007079966,564.3685989160003,565.6024957909976,565.6024957909976,565.6024957909976,565.6758655000012,565.6758655000012,565.6758655000012,566.0119016249955,z,1.6380200409985264,None,566.012024040996,566.0120772079972,None,,,,,,,,,,,,21040100,2,2026-02-26_12h56.31.216,tilt_mocs,2024.2.4,120.14790206418549,2026-02-26 12h56.44.896457 -0500,
2,0.0,,277,277,0,,,,,0,100,,,,,c+2,noss,0.5,period,0.9977252919998136,None,None,,,,,,,,,,,0,277,277,639,566.0232966659969,,,,,,,,,,,,,,,,,,,,,,,,,,,,,,,,,,,,,,,,,,,,,,,,,,,,,,,,,,,,,,,,,,,,,,566.014607457997,566.0232966659969,566.5097701659979,566.5097701659979,566.5097701659979,566.583243041001,566.583243041001,566.583243041001,567.0291032909954,period,0.9977252919998136,None,567.029268833001,567.0293238749946,None,,,,,,,,,,,,21040100,2,2026-02-26_12h56.31.216,tilt_mocs,2024.2.4,120.14790206418549,2026-02-26 12h56.44.896457 -0500,
-2,-15.0,,278,278,0,,,,,100,0,,,,,c-2,negs,1.0,period,1.4755757500024629,None,None,,,,,,,,,,,0,278,278,407,567.0409921249957,,,,,,,,,,,,,,,,,,,,,,,,,,,,,,,,,,,,,,,,,,,,,,,,,,,,,,,,,,,,,,,,,,,,,,567.0320350830007,567.0409921249957,568.0264664999995,568.0264664999995,568.0264664999995,568.0982556659947,568.0982556659947,568.0982556659947,568.5190528749954,period,1.4755757500024629,None,568.5191828749957,568.5192417910002,None,,,,,,,,,,,,21040100,2,2026-02-26_12h56.31.216,tilt_mocs,2024.2.4,120.14790206418549,2026-02-26 12h56.44.896457 -0500,
-2,15.0,,279,279,0,,,,,100,0,,,,,c-2,poss,0.5,z,1.175126417001593,None,None,,,,,,,,,,,0,279,279,6,568.5299351249996,,,,,,,,,,,,,,,,,,,,,,,,,,,,,,,,,,,,,,,,,,,,,,,,,,,,,,,,,,,,,,,,,,,,,,568.5217574579947,568.5299351249996,569.0193452499952,569.0193452499952,569.0193452499952,569.0926403749982,569.0926403749982,569.0926403749982,569.7128732909987,z,1.175126417001593,None,569.7130244579967,569.7130861249971,None,,,,,,,,,,,,21040100,2,2026-02-26_12h56.31.216,tilt_mocs,2024.2.4,120.14790206418549,2026-02-26 12h56.44.896457 -0500,
-2,-15.0,,280,280,0,,,,,100,0,,,,,c-2,negs,0.5,period,1.026063958001032,None,None,,,,,,,,,,,0,280,280,380,569.7251100409994,,,,,,,,,,,,,,,,,,,,,,,,,,,,,,,,,,,,,,,,,,,,,,,,,,,,,,,,,,,,,,,,,,,,,,569.7160613329979,569.7251100409994,570.2098962499949,570.2098962499949,570.2098962499949,570.2815056659965,570.2815056659965,570.2815056659965,570.7629186659979,period,1.026063958001032,None,570.7630789579998,570.7631350829979,None,,,,,,,,,,,,21040100,2,2026-02-26_12h56.31.216,tilt_mocs,2024.2.4,120.14790206418549,2026-02-26 12h56.44.896457 -0500,
2,0.0,,281,281,0,,,,,0,100,,,,,c+2,noss,0.75,period,1.3031179579993477,None,None,,,,,,,,,,,0,281,281,644,570.7754647499969,,,,,,,,,,,,,,,,,,,,,,,,,,,,,,,,,,,,,,,,,,,,,,,,,,,,,,,,,,,,,,,,,,,,,,570.766510124995,570.7754647499969,571.5098764159993,571.5098764159993,571.5098764159993,571.5821372079954,571.5821372079954,571.5821372079954,572.0848441659982,period,1.3031179579993477,None,572.084969083,572.0850260000007,None,,,,,,,,,,,,21040100,2,2026-02-26_12h56.31.216,tilt_mocs,2024.2.4,120.14790206418549,2026-02-26 12h56.44.896457 -0500,
2,0.0,,282,282,0,,,,,0,100,,,,,c+2,noss,1.25,period,1.7186410830036039,None,None,,,,,,,,,,,0,282,282,665,572.0961883749987,,,,,,,,,,,,,,,,,,,,,,,,,,,,,,,,,,,,,,,,,,,,,,,,,,,,,,,,,,,,,,,,,,,,,,572.0872357909975,572.0961883749987,573.3342861249985,573.3342861249985,573.3342861249985,573.4102973749978,573.4102973749978,573.4102973749978,573.8192187909954,period,1.7186410830036039,None,573.819352874998,573.8194129999974,None,,,,,,,,,,,,21040100,2,2026-02-26_12h56.31.216,tilt_mocs,2024.2.4,120.14790206418549,2026-02-26 12h56.44.896457 -0500,
4,0.0,,283,283,0,,,,,0,100,,,,,c+4,noss,1.25,period,1.7024098749971017,None,None,,,,,,,,,,,0,283,283,710,573.8300152499942,,,,,,,,,,,,,,,,,,,,,,,,,,,,,,,,,,,,,,,,,,,,,,,,,,,,,,,,,,,,,,,,,,,,,,573.8217609999992,573.8300152499942,575.0690624579947,575.0690624579947,575.0690624579947,575.1439013329946,575.1439013329946,575.1439013329946,575.5349864159944,period,1.7024098749971017,None,575.5351115410012,575.5351661249952,None,,,,,,,,,,,,21040100,2,2026-02-26_12h56.31.216,tilt_mocs,2024.2.4,120.14790206418549,2026-02-26 12h56.44.896457 -0500,
-4,-15.0,,284,284,0,,,,,100,0,,,,,c-4,negs,0.75,period,1.3751783749976312,None,None,,,,,,,,,,,0,284,284,348,575.546154290998,,,,,,,,,,,,,,,,,,,,,,,,,,,,,,,,,,,,,,,,,,,,,,,,,,,,,,,,,,,,,,,,,,,,,,575.537239790996,575.546154290998,576.2858753330001,576.2858753330001,576.2858753330001,576.3605368749995,576.3605368749995,576.3605368749995,576.9300555000009,period,1.3751783749976312,None,576.9301994579946,576.930258290995,None,,,,,,,,,,,,21040100,2,2026-02-26_12h56.31.216,tilt_mocs,2024.2.4,120.14790206418549,2026-02-26 12h56.44.896457 -0500,
0,0.0,,285,285,0,,,,,0,100,,,,,c+0,noss,1.25,period,1.7802671250028652,None,None,,,,,,,,,,,0,285,285,626,576.941501082998,,,,,,,,,,,,,,,,,,,,,,,,,,,,,,,,,,,,,,,,,,,,,,,,,,,,,,,,,,,,,,,,,,,,,,576.9324455409951,576.941501082998,578.1767537499982,578.1767537499982,578.1767537499982,578.2495537499999,578.2495537499999,578.2495537499999,578.7297952079971,period,1.7802671250028652,None,578.729971707995,578.7300395829952,None,,,,,,,,,,,,21040100,2,2026-02-26_12h56.31.216,tilt_mocs,2024.2.4,120.14790206418549,2026-02-26 12h56.44.896457 -0500,
2,15.0,,286,286,0,,,,,100,0,,,,,c+2,poss,1.0,period,1.5268051659950288,None,None,,,,,,,,,,,0,286,286,110,578.7420428330006,,,,,,,,,,,,,,,,,,,,,,,,,,,,,,,,,,,,,,,,,,,,,,,,,,,,,,,,,,,,,,,,,,,,,,578.7327516250007,578.7420428330006,579.7267744159981,579.7267744159981,579.7267744159981,579.7993463329985,579.7993463329985,579.7993463329985,580.2798208749955,period,1.5268051659950288,None,580.2799486660006,580.2800044999967,None,,,,,,,,,,,,21040100,2,2026-02-26_12h56.31.216,tilt_mocs,2024.2.4,120.14790206418549,2026-02-26 12h56.44.896457 -0500,
2,15.0,,287,287,0,,,,,100,0,,,,,c+2,poss,1.25,period,1.7314907920008409,None,None,,,,,,,,,,,0,287,287,117,580.2916144999981,,,,,,,,,,,,,,,,,,,,,,,,,,,,,,,,,,,,,,,,,,,,,,,,,,,,,,,,,,,,,,,,,,,,,,580.2825307079984,580.2916144999981,581.5269054999953,581.5269054999953,581.5269054999953,581.5998014159995,581.5998014159995,581.5998014159995,582.0293580829966,period,1.7314907920008409,None,582.0294617079999,582.0295050829955,None,,,,,,,,,,,,21040100,2,2026-02-26_12h56.31.216,tilt_mocs,2024.2.4,120.14790206418549,2026-02-26 12h56.44.896457 -0500,
4,0.0,,288,288,0,,,,,0,100,,,,,c+4,noss,0.75,period,1.1618417089994182,None,None,,,,,,,,,,,0,288,288,690,582.0400737079981,,,,,,,,,,,,,,,,,,,,,,,,,,,,,,,,,,,,,,,,,,,,,,,,,,,,,,,,,,,,,,,,,,,,,,582.0314407499973,582.0400737079981,582.7769113329996,582.7769113329996,582.7769113329996,582.8490293750001,582.8490293750001,582.8490293750001,583.213965582996,period,1.1618417089994182,None,583.2140895409975,583.214133165995,None,,,,,,,,,,,,21040100,2,2026-02-26_12h56.31.216,tilt_mocs,2024.2.4,120.14790206418549,2026-02-26 12h56.44.896457 -0500,
4,15.0,,289,289,0,,,,,100,0,,,,,c+4,poss,1.25,period,1.6759662500044215,None,None,,,,,,,,,,,0,289,289,167,583.2275625830007,,,,,,,,,,,,,,,,,,,,,,,,,,,,,,,,,,,,,,,,,,,,,,,,,,,,,,,,,,,,,,,,,,,,,,583.2161342499967,583.2275625830007,584.4604171249957,584.4604171249957,584.4604171249957,584.5326650409988,584.5326650409988,584.5326650409988,584.913260082998,period,1.6759662500044215,None,584.9134113749969,584.9134669999985,None,,,,,,,,,,,,21040100,2,2026-02-26_12h56.31.216,tilt_mocs,2024.2.4,120.14790206418549,2026-02-26 12h56.44.896457 -0500,
-2,-15.0,,290,290,0,,,,,100,0,,,,,c-2,negs,1.0,period,1.539707832998829,None,None,,,,,,,,,,,0,290,290,406,584.9251962079943,,,,,,,,,,,,,,,,,,,,,,,,,,,,,,,,,,,,,,,,,,,,,,,,,,,,,,,,,,,,,,,,,,,,,,584.9160338329966,584.9251962079943,585.9104195409964,585.9104195409964,585.9104195409964,585.9825783329943,585.9825783329943,585.9825783329943,586.4682730409986,period,1.539707832998829,None,586.4683720409957,586.4684150829999,None,,,,,,,,,,,,21040100,2,2026-02-26_12h56.31.216,tilt_mocs,2024.2.4,120.14790206418549,2026-02-26 12h56.44.896457 -0500,
0,-15.0,,291,291,0,,,,,100,0,,,,,c+0,negs,0.75,period,1.178549333999399,None,None,,,,,,,,,,,0,291,291,439,586.4796502499958,,,,,,,,,,,,,,,,,,,,,,,,,,,,,,,,,,,,,,,,,,,,,,,,,,,,,,,,,,,,,,,,,,,,,,586.4703870829981,586.4796502499958,587.2198678749992,587.2198678749992,587.2198678749992,587.2943242499969,587.2943242499969,587.2943242499969,587.6635450409958,period,1.178549333999399,None,587.6636892079987,587.6637488329943,None,,,,,,,,,,,,21040100,2,2026-02-26_12h56.31.216,tilt_mocs,2024.2.4,120.14790206418549,2026-02-26 12h56.44.896457 -0500,
-6,-15.0,,292,292,0,,,,,100,0,,,,,c-6,negs,0.75,period,1.1542094579999684,None,None,,,,,,,,,,,0,292,292,315,587.6749941249946,,,,,,,,,,,,,,,,,,,,,,,,,,,,,,,,,,,,,,,,,,,,,,,,,,,,,,,,,,,,,,,,,,,,,,587.6661497909954,587.6749941249946,588.410507624998,588.410507624998,588.410507624998,588.4823067909965,588.4823067909965,588.4823067909965,588.8356864579982,period,1.1542094579999684,None,588.8358104159997,588.8358676659991,None,,,,,,,,,,,,21040100,2,2026-02-26_12h56.31.216,tilt_mocs,2024.2.4,120.14790206418549,2026-02-26 12h56.44.896457 -0500,
-2,15.0,,293,293,0,,,,,100,0,,,,,c-2,poss,0.5,z,1.0814327499974752,None,None,,,,,,,,,,,0,293,293,3,588.8466927080008,,,,,,,,,,,,,,,,,,,,,,,,,,,,,,,,,,,,,,,,,,,,,,,,,,,,,,,,,,,,,,,,,,,,,,588.8379746659994,588.8466927080008,589.3366019999958,589.3366019999958,589.3366019999958,589.4109885829967,589.4109885829967,589.4109885829967,589.9308079999973,z,1.0814327499974752,None,589.9309696659984,589.931024999998,None,,,,,,,,,,,,21040100,2,2026-02-26_12h56.31.216,tilt_mocs,2024.2.4,120.14790206418549,2026-02-26 12h56.44.896457 -0500,
-6,-15.0,,294,294,0,,,,,100,0,,,,,c-6,negs,0.5,z,0.9128559169985238,None,None,,,,,,,,,,,0,294,294,298,589.942834165995,,,,,,,,,,,,,,,,,,,,,,,,,,,,,,,,,,,,,,,,,,,,,,,,,,,,,,,,,,,,,,,,,,,,,,589.9337027079964,589.942834165995,590.4273710829948,590.4273710829948,590.4273710829948,590.4996729159975,590.4996729159975,590.4996729159975,590.864074582998,z,0.9128559169985238,None,590.8642174579945,590.8642739159986,None,,,,,,,,,,,,21040100,2,2026-02-26_12h56.31.216,tilt_mocs,2024.2.4,120.14790206418549,2026-02-26 12h56.44.896457 -0500,
2,0.0,,295,295,0,,,,,0,100,,,,,c+2,noss,1.25,period,1.7134673750042566,None,None,,,,,,,,,,,0,295,295,670,590.8758484159989,,,,,,,,,,,,,,,,,,,,,,,,,,,,,,,,,,,,,,,,,,,,,,,,,,,,,,,,,,,,,,,,,,,,,,590.8669038329972,590.8758484159989,592.1105258749958,592.1105258749958,592.1105258749958,592.1825496659949,592.1825496659949,592.1825496659949,592.5968288329968,period,1.7134673750042566,None,592.5969582909966,592.5970144159946,None,,,,,,,,,,,,21040100,2,2026-02-26_12h56.31.216,tilt_mocs,2024.2.4,120.14790206418549,2026-02-26 12h56.44.896457 -0500,
4,0.0,,296,296,0,,,,,0,100,,,,,c+4,noss,1.0,period,1.4207454999996116,None,None,,,,,,,,,,,0,296,296,701,592.6079009159948,,,,,,,,,,,,,,,,,,,,,,,,,,,,,,,,,,,,,,,,,,,,,,,,,,,,,,,,,,,,,,,,,,,,,,592.5990700409966,592.6079009159948,593.5941006659996,593.5941006659996,593.5941006659996,593.6661545829993,593.6661545829993,593.6661545829993,594.0318217079985,period,1.4207454999996116,None,594.0319656659995,594.0320247499985,None,,,,,,,,,,,,21040100,2,2026-02-26_12h56.31.216,tilt_mocs,2024.2.4,120.14790206418549,2026-02-26 12h56.44.896457 -0500,
0,0.0,,297,297,0,,,,,0,100,,,,,c+0,noss,0.5,period,1.0765905000007479,None,None,,,,,,,,,,,0,297,297,592,594.0431299159973,,,,,,,,,,,,,,,,,,,,,,,,,,,,,,,,,,,,,,,,,,,,,,,,,,,,,,,,,,,,,,,,,,,,,,594.0342515410011,594.0431299159973,594.5274152079946,594.5274152079946,594.5274152079946,594.6003978750014,594.6003978750014,594.6003978750014,595.1300098329957,period,1.0765905000007479,None,595.1301407909996,595.1301951659989,None,,,,,,,,,,,,21040100,2,2026-02-26_12h56.31.216,tilt_mocs,2024.2.4,120.14790206418549,2026-02-26 12h56.44.896457 -0500,
0,-15.0,,298,298,0,,,,,100,0,,,,,c+0,negs,0.75,period,1.2647317500013742,None,None,,,,,,,,,,,0,298,298,441,595.1412264999963,,,,,,,,,,,,,,,,,,,,,,,,,,,,,,,,,,,,,,,,,,,,,,,,,,,,,,,,,,,,,,,,,,,,,,595.1323224160005,595.1412264999963,595.8773892499958,595.8773892499958,595.8773892499958,595.9495258749957,595.9495258749957,595.9495258749957,596.4134428749967,period,1.2647317500013742,None,596.4135728330002,596.4136276659992,None,,,,,,,,,,,,21040100,2,2026-02-26_12h56.31.216,tilt_mocs,2024.2.4,120.14790206418549,2026-02-26 12h56.44.896457 -0500,
4,0.0,,299,299,0,,,,,0,100,,,,,c+4,noss,1.25,period,1.693676791001053,None,None,,,,,,,,,,,0,299,299,711,596.4245963329959,,,,,,,,,,,,,,,,,,,,,,,,,,,,,,,,,,,,,,,,,,,,,,,,,,,,,,,,,,,,,,,,,,,,,,596.4156086250005,596.4245963329959,597.6599069160002,597.6599069160002,597.6599069160002,597.7333504579947,597.7333504579947,597.7333504579947,598.1300707909977,period,1.693676791001053,None,598.1301949580011,598.1302487909998,None,,,,,,,,,,,,21040100,2,2026-02-26_12h56.31.216,tilt_mocs,2024.2.4,120.14790206418549,2026-02-26 12h56.44.896457 -0500,
2,15.0,,300,300,0,,,,,100,0,,,,,c+2,poss,0.5,period,1.103906458003621,None,space,7.052894708001986,None,,,,,,,,,0,300,300,85,598.1418312909955,,,,,,,,,,,,,,,,,,,,,,,,,,,,,,,,,,,,,,,,,,,,,,,,,,,,,,,,,,,,,,,,,,,,,,598.1328786249942,598.1418312909955,598.6274923749952,598.6274923749952,598.6274923749952,598.6997812080008,598.6997812080008,598.6997812080008,599.2581086249993,period,1.103906458003621,None,599.2582070829958,606.3190695000012,space,599.2632211659948,599.2632211659948,7.052894708001986,None,,,,,,,,21040100,2,2026-02-26_12h56.31.216,tilt_mocs,2024.2.4,120.14790206418549,2026-02-26 12h56.44.896457 -0500,
4,0.0,,301,301,0,,,,,0,100,,,,,c+4,noss,0.5,period,1.7996218750049593,None,None,,,,,,,,,,,0,301,301,672,606.3302333749962,,,,,,,,,,,,,,,,,,,,,,,,,,,,,,,,,,,,,,,,,,,,,,,,,,,,,,,,,,,,,,,,,,,,,,606.3210916249955,606.3302333749962,606.8206463749957,606.8206463749957,606.8206463749957,606.8949721659956,606.8949721659956,606.8949721659956,608.1366447909968,period,1.7996218750049593,None,608.1367820000014,608.1368389999989,None,,,,,,,,,,,,21040100,2,2026-02-26_12h56.31.216,tilt_mocs,2024.2.4,120.14790206418549,2026-02-26 12h56.44.896457 -0500,
6,15.0,,302,302,0,,,,,100,0,,,,,c+6,poss,1.0,period,1.498147207996226,None,None,,,,,,,,,,,0,302,302,194,608.148447790998,,,,,,,,,,,,,,,,,,,,,,,,,,,,,,,,,,,,,,,,,,,,,,,,,,,,,,,,,,,,,,,,,,,,,,608.1399519159968,608.148447790998,609.138344125,609.138344125,609.138344125,609.2205687079986,609.2205687079986,609.2205687079986,609.6540728749969,period,1.498147207996226,None,609.6542163749982,609.6542781249955,None,,,,,,,,,,,,21040100,2,2026-02-26_12h56.31.216,tilt_mocs,2024.2.4,120.14790206418549,2026-02-26 12h56.44.896457 -0500,
2,15.0,,303,303,0,,,,,100,0,,,,,c+2,poss,1.0,z,1.8182355419994565,None,None,,,,,,,,,,,0,303,303,108,609.6650303329952,,,,,,,,,,,,,,,,,,,,,,,,,,,,,,,,,,,,,,,,,,,,,,,,,,,,,,,,,,,,,,,,,,,,,,609.656711040996,609.6650303329952,610.6538062909967,610.6538062909967,610.6538062909967,610.7285237079996,610.7285237079996,610.7285237079996,611.4861130829959,z,1.8182355419994565,None,611.4862128749955,611.4862565410003,None,,,,,,,,,,,,21040100,2,2026-02-26_12h56.31.216,tilt_mocs,2024.2.4,120.14790206418549,2026-02-26 12h56.44.896457 -0500,
-2,15.0,,304,304,0,,,,,100,0,,,,,c-2,poss,1.0,z,1.4990618329975405,None,None,,,,,,,,,,,0,304,304,29,611.4971895829949,,,,,,,,,,,,,,,,,,,,,,,,,,,,,,,,,,,,,,,,,,,,,,,,,,,,,,,,,,,,,,,,,,,,,,611.4882418329944,611.4971895829949,612.487640708001,612.487640708001,612.487640708001,612.5618527499973,612.5618527499973,612.5618527499973,613.0025849999947,z,1.4990618329975405,None,613.0027202079946,613.002780457995,None,,,,,,,,,,,,21040100,2,2026-02-26_12h56.31.216,tilt_mocs,2024.2.4,120.14790206418549,2026-02-26 12h56.44.896457 -0500,
0,0.0,,305,305,0,,,,,0,100,,,,,c+0,noss,0.75,period,1.4182651660012198,None,None,,,,,,,,,,,0,305,305,609,613.0139447909969,,,,,,,,,,,,,,,,,,,,,,,,,,,,,,,,,,,,,,,,,,,,,,,,,,,,,,,,,,,,,,,,,,,,,,613.0050172080009,613.0139447909969,613.7539806249988,613.7539806249988,613.7539806249988,613.8285764579996,613.8285764579996,613.8285764579996,614.4369901659957,period,1.4182651660012198,None,614.4371154159962,614.4371699159965,None,,,,,,,,,,,,21040100,2,2026-02-26_12h56.31.216,tilt_mocs,2024.2.4,120.14790206418549,2026-02-26 12h56.44.896457 -0500,
0,-15.0,,306,306,0,,,,,100,0,,,,,c+0,negs,0.5,period,0.9560760839958675,None,None,,,,,,,,,,,0,306,306,429,614.4477865829977,,,,,,,,,,,,,,,,,,,,,,,,,,,,,,,,,,,,,,,,,,,,,,,,,,,,,,,,,,,,,,,,,,,,,,614.4393217909965,614.4477865829977,614.9368317909975,614.9368317909975,614.9368317909975,615.0117418329974,615.0117418329974,615.0117418329974,615.4143544159961,period,0.9560760839958675,None,615.4145117500011,615.4145683329989,None,,,,,,,,,,,,21040100,2,2026-02-26_12h56.31.216,tilt_mocs,2024.2.4,120.14790206418549,2026-02-26 12h56.44.896457 -0500,
-6,-15.0,,307,307,0,,,,,100,0,,,,,c-6,negs,0.75,z,1.138415042005363,None,None,,,,,,,,,,,0,307,307,306,615.4257313329945,,,,,,,,,,,,,,,,,,,,,,,,,,,,,,,,,,,,,,,,,,,,,,,,,,,,,,,,,,,,,,,,,,,,,,615.4169553749962,615.4257313329945,616.1613864999963,616.1613864999963,616.1613864999963,616.2334907909972,616.2334907909972,616.2334907909972,616.5707669159965,z,1.138415042005363,None,616.5709216249961,616.5709928329961,None,,,,,,,,,,,,21040100,2,2026-02-26_12h56.31.216,tilt_mocs,2024.2.4,120.14790206418549,2026-02-26 12h56.44.896457 -0500,
2,15.0,,308,308,0,,,,,100,0,,,,,c+2,poss,0.5,z,1.1314361250042566,None,None,,,,,,,,,,,0,308,308,91,616.5815184999956,,,,,,,,,,,,,,,,,,,,,,,,,,,,,,,,,,,,,,,,,,,,,,,,,,,,,,,,,,,,,,,,,,,,,,616.5734410000005,616.5815184999956,617.0713416250001,617.0713416250001,617.0713416250001,617.1454657499999,617.1454657499999,617.1454657499999,617.7246338749974,z,1.1314361250042566,None,617.724748624998,617.7247939999943,None,,,,,,,,,,,,21040100,2,2026-02-26_12h56.31.216,tilt_mocs,2024.2.4,120.14790206418549,2026-02-26 12h56.44.896457 -0500,
-2,15.0,,309,309,0,,,,,100,0,,,,,c-2,poss,0.75,z,1.2147302910016151,None,None,,,,,,,,,,,0,309,309,20,617.7312306659951,,,,,,,,,,,,,,,,,,,,,,,,,,,,,,,,,,,,,,,,,,,,,,,,,,,,,,,,,,,,,,,,,,,,,,617.726798249998,617.7312306659951,618.4718314999991,618.4718314999991,618.4718314999991,618.5454685829973,618.5454685829973,618.5454685829973,618.9487309579999,z,1.2147302910016151,None,618.9488883749946,618.9490056249997,None,,,,,,,,,,,,21040100,2,2026-02-26_12h56.31.216,tilt_mocs,2024.2.4,120.14790206418549,2026-02-26 12h56.44.896457 -0500,
2,0.0,,310,310,0,,,,,0,100,,,,,c+2,noss,1.0,period,1.4792212079992169,None,None,,,,,,,,,,,0,310,310,653,618.9608223329997,,,,,,,,,,,,,,,,,,,,,,,,,,,,,,,,,,,,,,,,,,,,,,,,,,,,,,,,,,,,,,,,,,,,,,618.9516239579971,618.9608223329997,619.9449267909949,619.9449267909949,619.9449267909949,620.0177627909943,620.0177627909943,620.0177627909943,620.4477625,period,1.4792212079992169,None,620.4478971659992,620.4479522080001,None,,,,,,,,,,,,21040100,2,2026-02-26_12h56.31.216,tilt_mocs,2024.2.4,120.14790206418549,2026-02-26 12h56.44.896457 -0500,
4,15.0,,311,311,0,,,,,100,0,,,,,c+4,poss,0.75,period,1.2866916249986389,None,None,,,,,,,,,,,0,311,311,145,620.4596467079973,,,,,,,,,,,,,,,,,,,,,,,,,,,,,,,,,,,,,,,,,,,,,,,,,,,,,,,,,,,,,,,,,,,,,,620.4504278329987,620.4596467079973,621.1943284579975,621.1943284579975,621.1943284579975,621.2668870829948,621.2668870829948,621.2668870829948,621.7588527080006,period,1.2866916249986389,None,621.7589662909959,621.7590092909959,None,,,,,,,,,,,,21040100,2,2026-02-26_12h56.31.216,tilt_mocs,2024.2.4,120.14790206418549,2026-02-26 12h56.44.896457 -0500,
8,15.0,,312,312,0,,,,,100,0,,,,,c+8,poss,1.25,period,1.7027048750023823,None,None,,,,,,,,,,,0,312,312,242,621.7655799579952,,,,,,,,,,,,,,,,,,,,,,,,,,,,,,,,,,,,,,,,,,,,,,,,,,,,,,,,,,,,,,,,,,,,,,621.7610248329947,621.7655799579952,623.0048619999943,623.0048619999943,623.0048619999943,623.0789160409986,623.0789160409986,623.0789160409986,623.470952040996,period,1.7027048750023823,None,623.4710798329979,623.471136082997,None,,,,,,,,,,,,21040100,2,2026-02-26_12h56.31.216,tilt_mocs,2024.2.4,120.14790206418549,2026-02-26 12h56.44.896457 -0500,
-4,0.0,,313,313,0,,,,,0,100,,,,,c-4,noss,1.0,z,1.4977600409984007,None,None,,,,,,,,,,,0,313,313,528,623.4816606659952,,,,,,,,,,,,,,,,,,,,,,,,,,,,,,,,,,,,,,,,,,,,,,,,,,,,,,,,,,,,,,,,,,,,,,623.4734779999999,623.4816606659952,624.4693657499956,624.4693657499956,624.4693657499956,624.5456780829991,624.5456780829991,624.5456780829991,624.9820187910009,z,1.4977600409984007,None,624.982163749999,624.9822222910007,None,,,,,,,,,,,,21040100,2,2026-02-26_12h56.31.216,tilt_mocs,2024.2.4,120.14790206418549,2026-02-26 12h56.44.896457 -0500,
2,0.0,,314,314,0,,,,,0,100,,,,,c+2,noss,0.5,period,0.9634857089986326,None,None,,,,,,,,,,,0,314,314,637,624.9935586249994,,,,,,,,,,,,,,,,,,,,,,,,,,,,,,,,,,,,,,,,,,,,,,,,,,,,,,,,,,,,,,,,,,,,,,624.9847259159942,624.9935586249994,625.4784462909956,625.4784462909956,625.4784462909956,625.5505163329944,625.5505163329944,625.5505163329944,625.9649212079967,period,0.9634857089986326,None,625.9650782499957,625.9651310409972,None,,,,,,,,,,,,21040100,2,2026-02-26_12h56.31.216,tilt_mocs,2024.2.4,120.14790206418549,2026-02-26 12h56.44.896457 -0500,
-6,-15.0,,315,315,0,,,,,100,0,,,,,c-6,negs,1.25,z,1.6452184169975226,None,None,,,,,,,,,,,0,315,315,331,625.9770062909956,,,,,,,,,,,,,,,,,,,,,,,,,,,,,,,,,,,,,,,,,,,,,,,,,,,,,,,,,,,,,,,,,,,,,,625.9678709159998,625.9770062909956,627.2117894999974,627.2117894999974,627.2117894999974,627.2839825409974,627.2839825409974,627.2839825409974,627.6314299579972,z,1.6452184169975226,None,627.6316046249995,627.6316985000012,None,,,,,,,,,,,,21040100,2,2026-02-26_12h56.31.216,tilt_mocs,2024.2.4,120.14790206418549,2026-02-26 12h56.44.896457 -0500,
0,15.0,,316,316,0,,,,,100,0,,,,,c+0,poss,1.0,period,1.3979887500026962,None,None,,,,,,,,,,,0,316,316,72,627.6432440829958,,,,,,,,,,,,,,,,,,,,,,,,,,,,,,,,,,,,,,,,,,,,,,,,,,,,,,,,,,,,,,,,,,,,,,627.6344909999971,627.6432440829958,628.6281388749994,628.6281388749994,628.6281388749994,628.7004764999947,628.7004764999947,628.7004764999947,629.0480174159966,period,1.3979887500026962,None,629.0481417080009,629.0481943329942,None,,,,,,,,,,,,21040100,2,2026-02-26_12h56.31.216,tilt_mocs,2024.2.4,120.14790206418549,2026-02-26 12h56.44.896457 -0500,
2,-15.0,,317,317,0,,,,,100,0,,,,,c+2,negs,1.25,period,1.6910514170012902,None,None,,,,,,,,,,,0,317,317,496,629.0588902499949,,,,,,,,,,,,,,,,,,,,,,,,,,,,,,,,,,,,,,,,,,,,,,,,,,,,,,,,,,,,,,,,,,,,,,629.0503645829958,629.0588902499949,630.2952572079957,630.2952572079957,630.2952572079957,630.3676948329958,630.3676948329958,630.3676948329958,630.7547040829959,period,1.6910514170012902,None,630.7548351250007,630.7548942079957,None,,,,,,,,,,,,21040100,2,2026-02-26_12h56.31.216,tilt_mocs,2024.2.4,120.14790206418549,2026-02-26 12h56.44.896457 -0500,
-2,0.0,,318,318,0,,,,,0,100,,,,,c-2,noss,0.75,z,1.264523999998346,None,None,,,,,,,,,,,0,318,318,559,630.7657796249987,,,,,,,,,,,,,,,,,,,,,,,,,,,,,,,,,,,,,,,,,,,,,,,,,,,,,,,,,,,,,,,,,,,,,,630.7574228749945,630.7657796249987,631.5056257499964,631.5056257499964,631.5056257499964,631.5792010829973,631.5792010829973,631.5792010829973,632.0427686249968,z,1.264523999998346,None,632.0428680409968,632.0429104579962,None,,,,,,,,,,,,21040100,2,2026-02-26_12h56.31.216,tilt_mocs,2024.2.4,120.14790206418549,2026-02-26 12h56.44.896457 -0500,
-4,0.0,,319,319,0,,,,,0,100,,,,,c-4,noss,0.5,z,0.9626690000004601,None,None,,,,,,,,,,,0,319,319,504,632.0496162079944,,,,,,,,,,,,,,,,,,,,,,,,,,,,,,,,,,,,,,,,,,,,,,,,,,,,,,,,,,,,,,,,,,,,,,632.044949957999,632.0496162079944,632.5381750409942,632.5381750409942,632.5381750409942,632.6126181660002,632.6126181660002,632.6126181660002,633.0152061249973,z,0.9626690000004601,None,633.0153585410008,633.0154189159948,None,,,,,,,,,,,,21040100,2,2026-02-26_12h56.31.216,tilt_mocs,2024.2.4,120.14790206418549,2026-02-26 12h56.44.896457 -0500,
-2,15.0,,320,320,0,,,,,100,0,,,,,c-2,poss,1.0,z,1.4868022079972434,None,None,,,,,,,,,,,0,320,320,22,633.0270058329988,,,,,,,,,,,,,,,,,,,,,,,,,,,,,,,,,,,,,,,,,,,,,,,,,,,,,,,,,,,,,,,,,,,,,,633.0177547079948,633.0270058329988,634.0120161249943,634.0120161249943,634.0120161249943,634.0839177079979,634.0839177079979,634.0839177079979,634.5201697499942,z,1.4868022079972434,None,634.5203111660012,634.5203685829983,None,,,,,,,,,,,,21040100,2,2026-02-26_12h56.31.216,tilt_mocs,2024.2.4,120.14790206418549,2026-02-26 12h56.44.896457 -0500,
0,15.0,,321,321,0,,,,,100,0,,,,,c+0,poss,1.25,z,1.870876542001497,None,None,,,,,,,,,,,0,321,321,76,634.5314792909994,,,,,,,,,,,,,,,,,,,,,,,,,,,,,,,,,,,,,,,,,,,,,,,,,,,,,,,,,,,,,,,,,,,,,,634.5224987499969,634.5314792909994,635.7712535829996,635.7712535829996,635.7712535829996,635.8460423329961,635.8460423329961,635.8460423329961,636.4150910829994,z,1.870876542001497,None,636.4152201249963,636.4152924579976,None,,,,,,,,,,,,21040100,2,2026-02-26_12h56.31.216,tilt_mocs,2024.2.4,120.14790206418549,2026-02-26 12h56.44.896457 -0500,
-8,-15.0,,322,322,0,,,,,100,0,,,,,c-8,negs,0.75,z,1.1741636670049047,None,None,,,,,,,,,,,0,322,322,265,636.4262475409996,,,,,,,,,,,,,,,,,,,,,,,,,,,,,,,,,,,,,,,,,,,,,,,,,,,,,,,,,,,,,,,,,,,,,,636.4176546659946,636.4262475409996,637.1621315410011,637.1621315410011,637.1621315410011,637.2347002079987,637.2347002079987,637.2347002079987,637.6040672499948,z,1.1741636670049047,None,637.6041780000014,637.6042304160001,None,,,,,,,,,,,,21040100,2,2026-02-26_12h56.31.216,tilt_mocs,2024.2.4,120.14790206418549,2026-02-26 12h56.44.896457 -0500,
0,-15.0,,323,323,0,,,,,100,0,,,,,c+0,negs,0.75,period,1.2974999579964788,None,None,,,,,,,,,,,0,323,323,433,637.6151596659984,,,,,,,,,,,,,,,,,,,,,,,,,,,,,,,,,,,,,,,,,,,,,,,,,,,,,,,,,,,,,,,,,,,,,,637.606231040998,637.6151596659984,638.3557746250008,638.3557746250008,638.3557746250008,638.4294121249986,638.4294121249986,638.4294121249986,638.915128916,period,1.2974999579964788,None,638.9152337499982,638.9152907909956,None,,,,,,,,,,,,21040100,2,2026-02-26_12h56.31.216,tilt_mocs,2024.2.4,120.14790206418549,2026-02-26 12h56.44.896457 -0500,
4,15.0,,324,324,0,,,,,100,0,,,,,c+4,poss,0.75,period,1.1793932500004303,None,None,,,,,,,,,,,0,324,324,144,638.9262107909963,,,,,,,,,,,,,,,,,,,,,,,,,,,,,,,,,,,,,,,,,,,,,,,,,,,,,,,,,,,,,,,,,,,,,,638.9172638749951,638.9262107909963,639.662333207998,639.662333207998,639.662333207998,639.7348750829988,639.7348750829988,639.7348750829988,640.1150878749977,period,1.1793932500004303,None,640.1152129580005,640.1152660829976,None,,,,,,,,,,,,21040100,2,2026-02-26_12h56.31.216,tilt_mocs,2024.2.4,120.14790206418549,2026-02-26 12h56.44.896457 -0500,
-2,15.0,,325,325,0,,,,,100,0,,,,,c-2,poss,0.75,z,1.1781997080033761,None,None,,,,,,,,,,,0,325,325,21,640.1265354999996,,,,,,,,,,,,,,,,,,,,,,,,,,,,,,,,,,,,,,,,,,,,,,,,,,,,,,,,,,,,,,,,,,,,,,640.1178057500001,640.1265354999996,640.8614499579999,640.8614499579999,640.8614499579999,640.9348790410004,640.9348790410004,640.9348790410004,641.3160655829997,z,1.1781997080033761,None,641.3162089580001,641.3162858750002,None,,,,,,,,,,,,21040100,2,2026-02-26_12h56.31.216,tilt_mocs,2024.2.4,120.14790206418549,2026-02-26 12h56.44.896457 -0500,
-8,-15.0,,326,326,0,,,,,100,0,,,,,c-8,negs,0.5,z,0.9572818329979782,None,None,,,,,,,,,,,0,326,326,257,641.3277876249995,,,,,,,,,,,,,,,,,,,,,,,,,,,,,,,,,,,,,,,,,,,,,,,,,,,,,,,,,,,,,,,,,,,,,,641.3188515000002,641.3277876249995,641.8124432499972,641.8124432499972,641.8124432499972,641.8855550829976,641.8855550829976,641.8855550829976,642.2876714160011,z,0.9572818329979782,None,642.287782415995,642.2878293749964,None,,,,,,,,,,,,21040100,2,2026-02-26_12h56.31.216,tilt_mocs,2024.2.4,120.14790206418549,2026-02-26 12h56.44.896457 -0500,
-4,-15.0,,327,327,0,,,,,100,0,,,,,c-4,negs,0.75,period,1.528139583999291,None,None,,,,,,,,,,,0,327,327,354,642.2985061660002,,,,,,,,,,,,,,,,,,,,,,,,,,,,,,,,,,,,,,,,,,,,,,,,,,,,,,,,,,,,,,,,,,,,,,642.2897842909952,642.2985061660002,643.0382092500004,643.0382092500004,643.0382092500004,643.1119255410013,643.1119255410013,643.1119255410013,643.8317997080012,period,1.528139583999291,None,643.8319047499972,643.8319675409948,None,,,,,,,,,,,,21040100,2,2026-02-26_12h56.31.216,tilt_mocs,2024.2.4,120.14790206418549,2026-02-26 12h56.44.896457 -0500,
-2,15.0,,328,328,0,,,,,100,0,,,,,c-2,poss,0.75,z,1.2821753329990315,None,None,,,,,,,,,,,0,328,328,14,643.8427912499974,,,,,,,,,,,,,,,,,,,,,,,,,,,,,,,,,,,,,,,,,,,,,,,,,,,,,,,,,,,,,,,,,,,,,,643.8339097079952,643.8427912499974,644.5792278750014,644.5792278750014,644.5792278750014,644.651007415996,644.651007415996,644.651007415996,645.1313425830012,z,1.2821753329990315,None,645.1314429579943,645.1314935409973,None,,,,,,,,,,,,21040100,2,2026-02-26_12h56.31.216,tilt_mocs,2024.2.4,120.14790206418549,2026-02-26 12h56.44.896457 -0500,
2,15.0,,329,329,0,,,,,100,0,,,,,c+2,poss,1.25,period,2.0443370409993804,None,None,,,,,,,,,,,0,329,329,124,645.1420624999955,,,,,,,,,,,,,,,,,,,,,,,,,,,,,,,,,,,,,,,,,,,,,,,,,,,,,,,,,,,,,,,,,,,,,,645.1334967079965,645.1420624999955,646.3792065829984,646.3792065829984,646.3792065829984,646.4511705830009,646.4511705830009,646.4511705830009,647.1889998749975,period,2.0443370409993804,None,647.1891313749948,647.1891883749995,None,,,,,,,,,,,,21040100,2,2026-02-26_12h56.31.216,tilt_mocs,2024.2.4,120.14790206418549,2026-02-26 12h56.44.896457 -0500,
0,0.0,,330,330,0,,,,,0,100,,,,,c+0,noss,0.5,period,1.0054375420004362,None,None,,,,,,,,,,,0,330,330,588,647.1997292079977,,,,,,,,,,,,,,,,,,,,,,,,,,,,,,,,,,,,,,,,,,,,,,,,,,,,,,,,,,,,,,,,,,,,,,647.1914704160008,647.1997292079977,647.6881927079958,647.6881927079958,647.6881927079958,647.7629073749995,647.7629073749995,647.7629073749995,648.2156202909973,period,1.0054375420004362,None,648.2157597499972,648.2158151659969,None,,,,,,,,,,,,21040100,2,2026-02-26_12h56.31.216,tilt_mocs,2024.2.4,120.14790206418549,2026-02-26 12h56.44.896457 -0500,
-4,0.0,,331,331,0,,,,,0,100,,,,,c-4,noss,0.5,z,1.0732239580029272,None,None,,,,,,,,,,,0,331,331,509,648.2272147909971,,,,,,,,,,,,,,,,,,,,,,,,,,,,,,,,,,,,,,,,,,,,,,,,,,,,,,,,,,,,,,,,,,,,,,648.2181022910008,648.2272147909971,648.7127064579981,648.7127064579981,648.7127064579981,648.7844639579998,648.7844639579998,648.7844639579998,649.3049066659951,z,1.0732239580029272,None,649.305006249997,649.305053832999,None,,,,,,,,,,,,21040100,2,2026-02-26_12h56.31.216,tilt_mocs,2024.2.4,120.14790206418549,2026-02-26 12h56.44.896457 -0500,
0,0.0,,332,332,0,,,,,0,100,,,,,c+0,noss,1.0,period,1.726570458005881,None,None,,,,,,,,,,,0,332,332,616,649.3155099159994,,,,,,,,,,,,,,,,,,,,,,,,,,,,,,,,,,,,,,,,,,,,,,,,,,,,,,,,,,,,,,,,,,,,,,649.3070814159946,649.3155099159994,650.3057253750012,650.3057253750012,650.3057253750012,650.3798318330009,650.3798318330009,650.3798318330009,651.0484802909996,period,1.726570458005881,None,651.0485833329949,651.0486269579997,None,,,,,,,,,,,,21040100,2,2026-02-26_12h56.31.216,tilt_mocs,2024.2.4,120.14790206418549,2026-02-26 12h56.44.896457 -0500,
-8,-15.0,,333,333,0,,,,,100,0,,,,,c-8,negs,0.5,z,0.938370332994964,None,None,,,,,,,,,,,0,333,333,258,651.0595112079973,,,,,,,,,,,,,,,,,,,,,,,,,,,,,,,,,,,,,,,,,,,,,,,,,,,,,,,,,,,,,,,,,,,,,,651.0506117080004,651.0595112079973,651.5461419159983,651.5461419159983,651.5461419159983,651.6191874159995,651.6191874159995,651.6191874159995,652.0023494579946,z,0.938370332994964,None,652.0024460829954,652.0024891249996,None,,,,,,,,,,,,21040100,2,2026-02-26_12h56.31.216,tilt_mocs,2024.2.4,120.14790206418549,2026-02-26 12h56.44.896457 -0500,
2,15.0,,334,334,0,,,,,100,0,,,,,c+2,poss,1.25,period,2.347095791999891,None,None,,,,,,,,,,,0,334,334,121,652.0128260829952,,,,,,,,,,,,,,,,,,,,,,,,,,,,,,,,,,,,,,,,,,,,,,,,,,,,,,,,,,,,,,,,,,,,,,652.0044571659964,652.0128260829952,653.2562494579979,653.2562494579979,653.2562494579979,653.3300799159988,653.3300799159988,653.3300799159988,654.3651942910001,period,2.347095791999891,None,654.3653215829981,654.3653763749971,None,,,,,,,,,,,,21040100,2,2026-02-26_12h56.31.216,tilt_mocs,2024.2.4,120.14790206418549,2026-02-26 12h56.44.896457 -0500,
0,15.0,,335,335,0,,,,,100,0,,,,,c+0,poss,0.5,z,1.122391292003158,None,None,,,,,,,,,,,0,335,335,49,654.376192165997,,,,,,,,,,,,,,,,,,,,,,,,,,,,,,,,,,,,,,,,,,,,,,,,,,,,,,,,,,,,,,,,,,,,,,654.3675409159987,654.376192165997,654.862268541001,654.862268541001,654.862268541001,654.9358002079971,654.9358002079971,654.9358002079971,655.5037084579963,z,1.122391292003158,None,655.5038139579992,655.5038567499942,None,,,,,,,,,,,,21040100,2,2026-02-26_12h56.31.216,tilt_mocs,2024.2.4,120.14790206418549,2026-02-26 12h56.44.896457 -0500,
-2,0.0,,336,336,0,,,,,0,100,,,,,c-2,noss,0.75,z,1.2985887920003734,None,None,,,,,,,,,,,0,336,336,560,655.5152603749957,,,,,,,,,,,,,,,,,,,,,,,,,,,,,,,,,,,,,,,,,,,,,,,,,,,,,,,,,,,,,,,,,,,,,,655.5058827499961,655.5152603749957,656.2553400830002,656.2553400830002,656.2553400830002,656.3299203749993,656.3299203749993,656.3299203749993,656.816533833,z,1.2985887920003734,None,656.8166866249958,656.8167472079949,None,,,,,,,,,,,,21040100,2,2026-02-26_12h56.31.216,tilt_mocs,2024.2.4,120.14790206418549,2026-02-26 12h56.44.896457 -0500,
2,-15.0,,337,337,0,,,,,100,0,,,,,c+2,negs,0.5,period,0.9982312090069172,None,None,,,,,,,,,,,0,337,337,466,656.8284483749958,,,,,,,,,,,,,,,,,,,,,,,,,,,,,,,,,,,,,,,,,,,,,,,,,,,,,,,,,,,,,,,,,,,,,,656.8194859159994,656.8284483749958,657.3129497909977,657.3129497909977,657.3129497909977,657.3854443329983,657.3854443329983,657.3854443329983,657.8330033749953,period,0.9982312090069172,None,657.8331780000008,657.8332744579966,None,,,,,,,,,,,,21040100,2,2026-02-26_12h56.31.216,tilt_mocs,2024.2.4,120.14790206418549,2026-02-26 12h56.44.896457 -0500,
4,0.0,,338,338,0,,,,,0,100,,,,,c+4,noss,1.25,period,1.73883695800032,None,None,,,,,,,,,,,0,338,338,709,657.8449694579976,,,,,,,,,,,,,,,,,,,,,,,,,,,,,,,,,,,,,,,,,,,,,,,,,,,,,,,,,,,,,,,,,,,,,,657.8357300829957,657.8449694579976,659.0797170410005,659.0797170410005,659.0797170410005,659.1521530829996,659.1521530829996,659.1521530829996,659.5886122909942,period,1.73883695800032,None,659.5887161659994,659.5887617080007,None,,,,,,,,,,,,21040100,2,2026-02-26_12h56.31.216,tilt_mocs,2024.2.4,120.14790206418549,2026-02-26 12h56.44.896457 -0500,
-2,-15.0,,339,339,0,,,,,100,0,,,,,c-2,negs,0.5,period,1.0979261669999687,None,None,,,,,,,,,,,0,339,339,387,659.59939725,,,,,,,,,,,,,,,,,,,,,,,,,,,,,,,,,,,,,,,,,,,,,,,,,,,,,,,,,,,,,,,,,,,,,,659.5907361249992,659.59939725,660.0896179999982,660.0896179999982,660.0896179999982,660.1634520000007,660.1634520000007,660.1634520000007,660.7003181659966,period,1.0979261669999687,None,660.7004627909992,660.7005212910008,None,,,,,,,,,,,,21040100,2,2026-02-26_12h56.31.216,tilt_mocs,2024.2.4,120.14790206418549,2026-02-26 12h56.44.896457 -0500,
0,-15.0,,340,340,0,,,,,100,0,,,,,c+0,negs,0.75,period,1.2354709590072162,None,None,,,,,,,,,,,0,340,340,432,660.7117782909991,,,,,,,,,,,,,,,,,,,,,,,,,,,,,,,,,,,,,,,,,,,,,,,,,,,,,,,,,,,,,,,,,,,,,,660.7027633749967,660.7117782909991,661.4455348330011,661.4455348330011,661.4455348330011,661.5195273749996,661.5195273749996,661.5195273749996,661.9505788329989,period,1.2354709590072162,None,661.9507250409952,661.9507829579961,None,,,,,,,,,,,,21040100,2,2026-02-26_12h56.31.216,tilt_mocs,2024.2.4,120.14790206418549,2026-02-26 12h56.44.896457 -0500,
8,15.0,,341,341,0,,,,,100,0,,,,,c+8,poss,0.5,period,0.905969459003245,None,None,,,,,,,,,,,0,341,341,213,661.9624671249985,,,,,,,,,,,,,,,,,,,,,,,,,,,,,,,,,,,,,,,,,,,,,,,,,,,,,,,,,,,,,,,,,,,,,,661.9532675829978,661.9624671249985,662.4464964159997,662.4464964159997,662.4464964159997,662.5185744159971,662.5185744159971,662.5185744159971,662.8724117079983,period,0.905969459003245,None,662.8725421249983,662.872612332998,None,,,,,,,,,,,,21040100,2,2026-02-26_12h56.31.216,tilt_mocs,2024.2.4,120.14790206418549,2026-02-26 12h56.44.896457 -0500,
6,15.0,,342,342,0,,,,,100,0,,,,,c+6,poss,1.0,period,1.4304734999968787,None,None,,,,,,,,,,,0,342,342,199,662.8829412080013,,,,,,,,,,,,,,,,,,,,,,,,,,,,,,,,,,,,,,,,,,,,,,,,,,,,,,,,,,,,,,,,,,,,,,662.8747772079951,662.8829412080013,663.872477207995,663.872477207995,663.872477207995,663.9470499159943,663.9470499159943,663.9470499159943,664.3160634579981,period,1.4304734999968787,None,664.3161899580009,664.3162442079993,None,,,,,,,,,,,,21040100,2,2026-02-26_12h56.31.216,tilt_mocs,2024.2.4,120.14790206418549,2026-02-26 12h56.44.896457 -0500,
-8,-15.0,,343,343,0,,,,,100,0,,,,,c-8,negs,1.25,z,1.7275876670028083,None,None,,,,,,,,,,,0,343,343,285,664.3272322909979,,,,,,,,,,,,,,,,,,,,,,,,,,,,,,,,,,,,,,,,,,,,,,,,,,,,,,,,,,,,,,,,,,,,,,664.3185552079958,664.3272322909979,665.5630554579984,665.5630554579984,665.5630554579984,665.6357704999973,665.6357704999973,665.6357704999973,666.0658788750006,z,1.7275876670028083,None,666.0660082909963,666.0660622079959,None,,,,,,,,,,,,21040100,2,2026-02-26_12h56.31.216,tilt_mocs,2024.2.4,120.14790206418549,2026-02-26 12h56.44.896457 -0500,
4,15.0,,344,344,0,,,,,100,0,,,,,c+4,poss,1.0,period,1.5369776660008938,None,None,,,,,,,,,,,0,344,344,149,666.0769053330005,,,,,,,,,,,,,,,,,,,,,,,,,,,,,,,,,,,,,,,,,,,,,,,,,,,,,,,,,,,,,,,,,,,,,,666.0683255830008,666.0769053330005,667.0633101659987,667.0633101659987,667.0633101659987,667.1352036249955,667.1352036249955,667.1352036249955,667.6170639159973,period,1.5369776660008938,None,667.6172157909969,667.617276500001,None,,,,,,,,,,,,21040100,2,2026-02-26_12h56.31.216,tilt_mocs,2024.2.4,120.14790206418549,2026-02-26 12h56.44.896457 -0500,
-2,15.0,,345,345,0,,,,,100,0,,,,,c-2,poss,0.5,z,0.9728649999960908,None,None,,,,,,,,,,,0,345,345,0,667.6288391249982,,,,,,,,,,,,,,,,,,,,,,,,,,,,,,,,,,,,,,,,,,,,,,,,,,,,,,,,,,,,,,,,,,,,,,667.6196132499972,667.6288391249982,668.1134387909988,668.1134387909988,668.1134387909988,668.1854445829958,668.1854445829958,668.1854445829958,668.6045883749975,z,0.9728649999960908,None,668.6047214159989,668.6047769579964,None,,,,,,,,,,,,21040100,2,2026-02-26_12h56.31.216,tilt_mocs,2024.2.4,120.14790206418549,2026-02-26 12h56.44.896457 -0500,
0,0.0,,346,346,0,,,,,0,100,,,,,c+0,noss,0.75,period,1.3817539579977165,None,None,,,,,,,,,,,0,346,346,602,668.6161825829986,,,,,,,,,,,,,,,,,,,,,,,,,,,,,,,,,,,,,,,,,,,,,,,,,,,,,,,,,,,,,,,,,,,,,,668.6074769999977,668.6161825829986,669.356899665996,669.356899665996,669.356899665996,669.4304923749951,669.4304923749951,669.4304923749951,670.0096207909955,period,1.3817539579977165,None,670.0097157909986,670.0097584159957,None,,,,,,,,,,,,21040100,2,2026-02-26_12h56.31.216,tilt_mocs,2024.2.4,120.14790206418549,2026-02-26 12h56.44.896457 -0500,
2,-15.0,,347,347,0,,,,,100,0,,,,,c+2,negs,1.25,period,1.8263643339960254,None,None,,,,,,,,,,,0,347,347,503,670.016351708,,,,,,,,,,,,,,,,,,,,,,,,,,,,,,,,,,,,,,,,,,,,,,,,,,,,,,,,,,,,,,,,,,,,,,670.0116956659986,670.016351708,671.2566826249968,671.2566826249968,671.2566826249968,671.3306799999991,671.3306799999991,671.3306799999991,671.8498402909972,period,1.8263643339960254,None,671.8499671659956,671.8500222500006,None,,,,,,,,,,,,21040100,2,2026-02-26_12h56.31.216,tilt_mocs,2024.2.4,120.14790206418549,2026-02-26 12h56.44.896457 -0500,
0,15.0,,348,348,0,,,,,100,0,,,,,c+0,poss,1.25,z,1.8779903749964433,None,None,,,,,,,,,,,0,348,348,74,671.861431958001,,,,,,,,,,,,,,,,,,,,,,,,,,,,,,,,,,,,,,,,,,,,,,,,,,,,,,,,,,,,,,,,,,,,,,671.8523847079996,671.861431958001,673.0967859579978,673.0967859579978,673.0967859579978,673.1687260409963,673.1687260409963,673.1687260409963,673.7497402910012,z,1.8779903749964433,None,673.7498934159958,673.7499544159946,None,,,,,,,,,,,,21040100,2,2026-02-26_12h56.31.216,tilt_mocs,2024.2.4,120.14790206418549,2026-02-26 12h56.44.896457 -0500,
-6,-15.0,,349,349,0,,,,,100,0,,,,,c-6,negs,0.75,z,1.2648050419957144,None,None,,,,,,,,,,,0,349,349,313,673.7621720409952,,,,,,,,,,,,,,,,,,,,,,,,,,,,,,,,,,,,,,,,,,,,,,,,,,,,,,,,,,,,,,,,,,,,,,673.7530484999952,673.7621720409952,674.4969856659955,674.4969856659955,674.4969856659955,674.5685765829985,674.5685765829985,674.5685765829985,675.0331455409978,z,1.2648050419957144,None,675.0332992499971,675.0333546249967,None,,,,,,,,,,,,21040100,2,2026-02-26_12h56.31.216,tilt_mocs,2024.2.4,120.14790206418549,2026-02-26 12h56.44.896457 -0500,
8,15.0,,350,350,0,,,,,100,0,,,,,c+8,poss,0.5,period,0.9801801669964334,None,None,,,,,,,,,,,0,350,350,218,675.0450323749974,,,,,,,,,,,,,,,,,,,,,,,,,,,,,,,,,,,,,,,,,,,,,,,,,,,,,,,,,,,,,,,,,,,,,,675.0360645830006,675.0450323749974,675.5301766249977,675.5301766249977,675.5301766249977,675.6143636249981,675.6143636249981,675.6143636249981,676.0331975829977,period,0.9801801669964334,None,676.0333474159997,676.0334092499979,None,,,,,,,,,,,,21040100,2,2026-02-26_12h56.31.216,tilt_mocs,2024.2.4,120.14790206418549,2026-02-26 12h56.44.896457 -0500,
4,0.0,,351,351,0,,,,,0,100,,,,,c+4,noss,0.75,period,1.18651695799781,None,None,,,,,,,,,,,0,351,351,693,676.044607374999,,,,,,,,,,,,,,,,,,,,,,,,,,,,,,,,,,,,,,,,,,,,,,,,,,,,,,,,,,,,,,,,,,,,,,676.0356632080002,676.044607374999,676.7802197909987,676.7802197909987,676.7802197909987,676.8526251660005,676.8526251660005,676.8526251660005,677.2337013329961,period,1.18651695799781,None,677.2338041249968,677.2338476660007,None,,,,,,,,,,,,21040100,2,2026-02-26_12h56.31.216,tilt_mocs,2024.2.4,120.14790206418549,2026-02-26 12h56.44.896457 -0500,
2,-15.0,,352,352,0,,,,,100,0,,,,,c+2,negs,1.0,period,1.515065040999616,None,None,,,,,,,,,,,0,352,352,492,677.2448571249988,,,,,,,,,,,,,,,,,,,,,,,,,,,,,,,,,,,,,,,,,,,,,,,,,,,,,,,,,,,,,,,,,,,,,,677.2358677499942,677.2448571249988,678.2303268329997,678.2303268329997,678.2303268329997,678.3014404999994,678.3014404999994,678.3014404999994,678.7659419999982,period,1.515065040999616,None,678.7660418749947,678.766084457995,None,,,,,,,,,,,,21040100,2,2026-02-26_12h56.31.216,tilt_mocs,2024.2.4,120.14790206418549,2026-02-26 12h56.44.896457 -0500,
6,15.0,,353,353,0,,,,,100,0,,,,,c+6,poss,0.5,period,0.9619489169999724,None,None,,,,,,,,,,,0,353,353,172,678.7762289159946,,,,,,,,,,,,,,,,,,,,,,,,,,,,,,,,,,,,,,,,,,,,,,,,,,,,,,,,,,,,,,,,,,,,,,678.7681040829993,678.7762289159946,679.2637677909952,679.2637677909952,679.2637677909952,679.3367623749946,679.3367623749946,679.3367623749946,679.7413134159942,period,0.9619489169999724,None,679.7414447499978,679.7414939999944,None,,,,,,,,,,,,21040100,2,2026-02-26_12h56.31.216,tilt_mocs,2024.2.4,120.14790206418549,2026-02-26 12h56.44.896457 -0500,
0,15.0,,354,354,0,,,,,100,0,,,,,c+0,poss,0.5,period,1.183047999998962,None,None,,,,,,,,,,,0,354,354,50,679.7514908749945,,,,,,,,,,,,,,,,,,,,,,,,,,,,,,,,,,,,,,,,,,,,,,,,,,,,,,,,,,,,,,,,,,,,,,679.7435712079969,679.7514908749945,680.239713582996,680.239713582996,680.239713582996,680.3142139159972,680.3142139159972,680.3142139159972,680.9383357080005,period,1.183047999998962,None,680.9384394999943,680.9384853329975,None,,,,,,,,,,,,21040100,2,2026-02-26_12h56.31.216,tilt_mocs,2024.2.4,120.14790206418549,2026-02-26 12h56.44.896457 -0500,
0,0.0,,355,355,0,,,,,0,100,,,,,c+0,noss,0.75,period,1.2717793750052806,None,None,,,,,,,,,,,0,355,355,607,680.9495134159952,,,,,,,,,,,,,,,,,,,,,,,,,,,,,,,,,,,,,,,,,,,,,,,,,,,,,,,,,,,,,,,,,,,,,,680.9404341249974,680.9495134159952,681.680672040995,681.680672040995,681.680672040995,681.7531479579993,681.7531479579993,681.7531479579993,682.2337081660007,period,1.2717793750052806,None,682.2338649579979,682.2339237909982,None,,,,,,,,,,,,21040100,2,2026-02-26_12h56.31.216,tilt_mocs,2024.2.4,120.14790206418549,2026-02-26 12h56.44.896457 -0500,
0,-15.0,,356,356,0,,,,,100,0,,,,,c+0,negs,1.0,period,1.4796574159990996,None,None,,,,,,,,,,,0,356,356,451,682.2450711249985,,,,,,,,,,,,,,,,,,,,,,,,,,,,,,,,,,,,,,,,,,,,,,,,,,,,,,,,,,,,,,,,,,,,,,682.236184333,682.2450711249985,683.2305809999962,683.2305809999962,683.2305809999962,683.3024993329964,683.3024993329964,683.3024993329964,683.7334908749981,period,1.4796574159990996,None,683.7336580409974,683.7337206660013,None,,,,,,,,,,,,21040100,2,2026-02-26_12h56.31.216,tilt_mocs,2024.2.4,120.14790206418549,2026-02-26 12h56.44.896457 -0500,
-2,0.0,,357,357,0,,,,,0,100,,,,,c-2,noss,0.75,z,1.3808840839992627,None,None,,,,,,,,,,,0,357,357,562,683.7451748329986,,,,,,,,,,,,,,,,,,,,,,,,,,,,,,,,,,,,,,,,,,,,,,,,,,,,,,,,,,,,,,,,,,,,,,683.736081957999,683.7451748329986,684.4803170410014,684.4803170410014,684.4803170410014,684.5645207079942,684.5645207079942,684.5645207079942,685.1334763749983,z,1.3808840839992627,None,685.1336034999986,685.1336583329976,None,,,,,,,,,,,,21040100,2,2026-02-26_12h56.31.216,tilt_mocs,2024.2.4,120.14790206418549,2026-02-26 12h56.44.896457 -0500,
-4,0.0,,358,358,0,,,,,0,100,,,,,c-4,noss,0.5,z,0.9560565409992705,None,None,,,,,,,,,,,0,358,358,512,685.1448092499995,,,,,,,,,,,,,,,,,,,,,,,,,,,,,,,,,,,,,,,,,,,,,,,,,,,,,,,,,,,,,,,,,,,,,,685.1357336250003,685.1448092499995,685.6305603750006,685.6305603750006,685.6305603750006,685.7029228329993,685.7029228329993,685.7029228329993,686.1070430830005,z,0.9560565409992705,None,686.1071485829962,686.107196541001,None,,,,,,,,,,,,21040100,2,2026-02-26_12h56.31.216,tilt_mocs,2024.2.4,120.14790206418549,2026-02-26 12h56.44.896457 -0500,
0,15.0,,359,359,0,,,,,100,0,,,,,c+0,poss,1.25,z,1.9250528330012457,None,None,,,,,,,,,,,0,359,359,80,686.1173967909999,,,,,,,,,,,,,,,,,,,,,,,,,,,,,,,,,,,,,,,,,,,,,,,,,,,,,,,,,,,,,,,,,,,,,,686.1091838749999,686.1173967909999,687.357144249996,687.357144249996,687.357144249996,687.4311630410011,687.4311630410011,687.4311630410011,688.0501102079943,z,1.9250528330012457,None,688.050214750001,688.0502592909979,None,,,,,,,,,,,,21040100,2,2026-02-26_12h56.31.216,tilt_mocs,2024.2.4,120.14790206418549,2026-02-26 12h56.44.896457 -0500,
0,15.0,,360,360,0,,,,,100,0,,,,,c+0,poss,1.0,z,1.6067932919977466,None,None,,,,,,,,,,,0,360,360,67,688.0607732909994,,,,,,,,,,,,,,,,,,,,,,,,,,,,,,,,,,,,,,,,,,,,,,,,,,,,,,,,,,,,,,,,,,,,,,688.0522385000004,688.0607732909994,689.047355499999,689.047355499999,689.047355499999,689.119880582999,689.119880582999,689.119880582999,689.6729275830003,z,1.6067932919977466,None,689.6730400829983,689.6730908329992,None,,,,,,,,,,,,21040100,2,2026-02-26_12h56.31.216,tilt_mocs,2024.2.4,120.14790206418549,2026-02-26 12h56.44.896457 -0500,
4,15.0,,361,361,0,,,,,100,0,,,,,c+4,poss,0.5,period,1.2551691670014407,None,None,,,,,,,,,,,0,361,361,130,689.6834041659968,,,,,,,,,,,,,,,,,,,,,,,,,,,,,,,,,,,,,,,,,,,,,,,,,,,,,,,,,,,,,,,,,,,,,,689.6750479159964,689.6834041659968,690.1727622909966,690.1727622909966,690.1727622909966,690.2477729159946,690.2477729159946,690.2477729159946,690.9502785410004,period,1.2551691670014407,None,690.9504057079976,690.9504610000004,None,,,,,,,,,,,,21040100,2,2026-02-26_12h56.31.216,tilt_mocs,2024.2.4,120.14790206418549,2026-02-26 12h56.44.896457 -0500,
-2,-15.0,,362,362,0,,,,,100,0,,,,,c-2,negs,0.5,period,1.0426554169971496,None,None,,,,,,,,,,,0,362,362,383,690.9617541249972,,,,,,,,,,,,,,,,,,,,,,,,,,,,,,,,,,,,,,,,,,,,,,,,,,,,,,,,,,,,,,,,,,,,,,690.9528738750014,690.9617541249972,691.4474600829999,691.4474600829999,691.4474600829999,691.519594874997,691.519594874997,691.519594874997,692.0171714579992,period,1.0426554169971496,None,692.0173249159998,692.0174007079986,None,,,,,,,,,,,,21040100,2,2026-02-26_12h56.31.216,tilt_mocs,2024.2.4,120.14790206418549,2026-02-26 12h56.44.896457 -0500,
-2,0.0,,363,363,0,,,,,0,100,,,,,c-2,noss,1.0,z,1.5654575000007753,None,None,,,,,,,,,,,0,363,363,574,692.029292457999,,,,,,,,,,,,,,,,,,,,,,,,,,,,,,,,,,,,,,,,,,,,,,,,,,,,,,,,,,,,,,,,,,,,,,692.0201430409943,692.029292457999,693.0140562079978,693.0140562079978,693.0140562079978,693.0863427500008,693.0863427500008,693.0863427500008,693.6001169579977,z,1.5654575000007753,None,693.6002539580004,693.600310582995,None,,,,,,,,,,,,21040100,2,2026-02-26_12h56.31.216,tilt_mocs,2024.2.4,120.14790206418549,2026-02-26 12h56.44.896457 -0500,
-8,-15.0,,364,364,0,,,,,100,0,,,,,c-8,negs,1.0,z,1.4781230000007781,None,None,,,,,,,,,,,0,364,364,283,693.6113655410009,,,,,,,,,,,,,,,,,,,,,,,,,,,,,,,,,,,,,,,,,,,,,,,,,,,,,,,,,,,,,,,,,,,,,,693.6026740409943,693.6113655410009,694.5977597079982,694.5977597079982,694.5977597079982,694.6693262909976,694.6693262909976,694.6693262909976,695.1006733329996,z,1.4781230000007781,None,695.100803207999,695.1008582909999,None,,,,,,,,,,,,21040100,2,2026-02-26_12h56.31.216,tilt_mocs,2024.2.4,120.14790206418549,2026-02-26 12h56.44.896457 -0500,
0,15.0,,365,365,0,,,,,100,0,,,,,c+0,poss,0.5,z,1.0441124999997555,None,None,,,,,,,,,,,0,365,365,47,695.1115419579946,,,,,,,,,,,,,,,,,,,,,,,,,,,,,,,,,,,,,,,,,,,,,,,,,,,,,,,,,,,,,,,,,,,,,,695.103306207995,695.1115419579946,695.5975968329949,695.5975968329949,695.5975968329949,695.6708466249984,695.6708466249984,695.6708466249984,696.1669915409948,z,1.0441124999997555,None,696.1671231660002,696.1671779579992,None,,,,,,,,,,,,21040100,2,2026-02-26_12h56.31.216,tilt_mocs,2024.2.4,120.14790206418549,2026-02-26 12h56.44.896457 -0500,
6,15.0,,366,366,0,,,,,100,0,,,,,c+6,poss,1.0,period,1.5122232089997851,None,None,,,,,,,,,,,0,366,366,192,696.1778744159965,,,,,,,,,,,,,,,,,,,,,,,,,,,,,,,,,,,,,,,,,,,,,,,,,,,,,,,,,,,,,,,,,,,,,,696.1693674159978,696.1778744159965,697.164288041,697.164288041,697.164288041,697.2373971249981,697.2373971249981,697.2373971249981,697.7004356659963,period,1.5122232089997851,None,697.7005664579992,697.7006215410001,None,,,,,,,,,,,,21040100,2,2026-02-26_12h56.31.216,tilt_mocs,2024.2.4,120.14790206418549,2026-02-26 12h56.44.896457 -0500,
-4,0.0,,367,367,0,,,,,0,100,,,,,c-4,noss,1.25,z,1.7244424579985207,None,None,,,,,,,,,,,0,367,367,543,697.7112598329986,,,,,,,,,,,,,,,,,,,,,,,,,,,,,,,,,,,,,,,,,,,,,,,,,,,,,,,,,,,,,,,,,,,,,,697.7029448749963,697.7112598329986,698.9476748749948,698.9476748749948,698.9476748749948,699.0204896249998,699.0204896249998,699.0204896249998,699.4398817499969,z,1.7244424579985207,None,699.440006249999,699.4400604159964,None,,,,,,,,,,,,21040100,2,2026-02-26_12h56.31.216,tilt_mocs,2024.2.4,120.14790206418549,2026-02-26 12h56.44.896457 -0500,
0,-15.0,,368,368,0,,,,,100,0,,,,,c+0,negs,0.5,period,1.0261410829989472,None,None,,,,,,,,,,,0,368,368,430,699.4508598749962,,,,,,,,,,,,,,,,,,,,,,,,,,,,,,,,,,,,,,,,,,,,,,,,,,,,,,,,,,,,,,,,,,,,,,699.4421450000009,699.4508598749962,699.9403856249992,699.9403856249992,699.9403856249992,700.0149674159984,700.0149674159984,700.0149674159984,700.4836731659962,period,1.0261410829989472,None,700.4837958329954,700.4838499999969,None,,,,,,,,,,,,21040100,2,2026-02-26_12h56.31.216,tilt_mocs,2024.2.4,120.14790206418549,2026-02-26 12h56.44.896457 -0500,
-2,15.0,,369,369,0,,,,,100,0,,,,,c-2,poss,1.0,z,1.5540823749979609,None,None,,,,,,,,,,,0,369,369,23,700.4947852499972,,,,,,,,,,,,,,,,,,,,,,,,,,,,,,,,,,,,,,,,,,,,,,,,,,,,,,,,,,,,,,,,,,,,,,700.4862592499994,700.4947852499972,701.4812178329958,701.4812178329958,701.4812178329958,701.5530261249951,701.5530261249951,701.5530261249951,702.051469375001,z,1.5540823749979609,None,702.0515977909963,702.0516423750014,None,,,,,,,,,,,,21040100,2,2026-02-26_12h56.31.216,tilt_mocs,2024.2.4,120.14790206418549,2026-02-26 12h56.44.896457 -0500,
2,15.0,,370,370,0,,,,,100,0,,,,,c+2,poss,0.75,period,1.421878833003575,None,None,,,,,,,,,,,0,370,370,99,702.0626664579977,,,,,,,,,,,,,,,,,,,,,,,,,,,,,,,,,,,,,,,,,,,,,,,,,,,,,,,,,,,,,,,,,,,,,,702.053695124996,702.0626664579977,702.7979161659969,702.7979161659969,702.7979161659969,702.8698353329964,702.8698353329964,702.8698353329964,703.4898017909945,period,1.421878833003575,None,703.4899047079962,703.4899561659986,None,,,,,,,,,,,,21040100,2,2026-02-26_12h56.31.216,tilt_mocs,2024.2.4,120.14790206418549,2026-02-26 12h56.44.896457 -0500,
4,15.0,,371,371,0,,,,,100,0,,,,,c+4,poss,1.25,period,1.7518357090011705,None,None,,,,,,,,,,,0,371,371,166,703.5007793330005,,,,,,,,,,,,,,,,,,,,,,,,,,,,,,,,,,,,,,,,,,,,,,,,,,,,,,,,,,,,,,,,,,,,,,703.4919242499964,703.5007793330005,704.741435332995,704.741435332995,704.741435332995,704.8151806249953,704.8151806249953,704.8151806249953,705.2560745829978,period,1.7518357090011705,None,705.2562002499981,705.2562536659971,None,,,,,,,,,,,,21040100,2,2026-02-26_12h56.31.216,tilt_mocs,2024.2.4,120.14790206418549,2026-02-26 12h56.44.896457 -0500,
-2,0.0,,372,372,0,,,,,0,100,,,,,c-2,noss,1.0,period,1.7649884999991627,None,None,,,,,,,,,,,0,372,372,573,705.2674083329985,,,,,,,,,,,,,,,,,,,,,,,,,,,,,,,,,,,,,,,,,,,,,,,,,,,,,,,,,,,,,,,,,,,,,,705.258441375001,705.2674083329985,706.2579765409973,706.2579765409973,706.2579765409973,706.3317899999965,706.3317899999965,706.3317899999965,707.0356079999983,period,1.7649884999991627,None,707.0357493330011,707.035804207997,None,,,,,,,,,,,,21040100,2,2026-02-26_12h56.31.216,tilt_mocs,2024.2.4,120.14790206418549,2026-02-26 12h56.44.896457 -0500,
6,15.0,,373,373,0,,,,,100,0,,,,,c+6,poss,1.0,period,1.521246666998195,None,None,,,,,,,,,,,0,373,373,197,707.0468927080001,,,,,,,,,,,,,,,,,,,,,,,,,,,,,,,,,,,,,,,,,,,,,,,,,,,,,,,,,,,,,,,,,,,,,,707.0378957909998,707.0468927080001,708.0306643329968,708.0306643329968,708.0306643329968,708.1033514999945,708.1033514999945,708.1033514999945,708.5731009999945,period,1.521246666998195,None,708.5732319159943,708.5732899579962,None,,,,,,,,,,,,21040100,2,2026-02-26_12h56.31.216,tilt_mocs,2024.2.4,120.14790206418549,2026-02-26 12h56.44.896457 -0500,
2,-15.0,,374,374,0,,,,,100,0,,,,,c+2,negs,0.75,period,1.2096729160039104,None,None,,,,,,,,,,,0,374,374,473,708.5843468329986,,,,,,,,,,,,,,,,,,,,,,,,,,,,,,,,,,,,,,,,,,,,,,,,,,,,,,,,,,,,,,,,,,,,,,708.5755341249969,708.5843468329986,709.324392165996,709.324392165996,709.324392165996,709.3986167080002,709.3986167080002,709.3986167080002,709.8008507499981,period,1.2096729160039104,None,709.800975582999,709.8010300409951,None,,,,,,,,,,,,21040100,2,2026-02-26_12h56.31.216,tilt_mocs,2024.2.4,120.14790206418549,2026-02-26 12h56.44.896457 -0500,
2,0.0,,375,375,0,,,,,0,100,,,,,c+2,noss,0.5,period,1.0889757499971893,None,None,,,,,,,,,,,0,375,375,635,709.811939332998,,,,,,,,,,,,,,,,,,,,,,,,,,,,,,,,,,,,,,,,,,,,,,,,,,,,,,,,,,,,,,,,,,,,,,709.8033271249951,709.811939332998,710.2980929999976,710.2980929999976,710.2980929999976,710.3711883750002,710.3711883750002,710.3711883750002,710.9077369579973,period,1.0889757499971893,None,710.9078776249953,710.9079402499992,None,,,,,,,,,,,,21040100,2,2026-02-26_12h56.31.216,tilt_mocs,2024.2.4,120.14790206418549,2026-02-26 12h56.44.896457 -0500,
-2,0.0,,376,376,0,,,,,0,100,,,,,c-2,noss,0.5,z,1.0520582079989254,None,None,,,,,,,,,,,0,376,376,554,710.9183940000003,,,,,,,,,,,,,,,,,,,,,,,,,,,,,,,,,,,,,,,,,,,,,,,,,,,,,,,,,,,,,,,,,,,,,,710.9102284999972,710.9183940000003,711.4072659579979,711.4072659579979,711.4072659579979,711.4819942499962,711.4819942499962,711.4819942499962,711.9739089159993,z,1.0520582079989254,None,711.9740080829943,711.9740556659963,None,,,,,,,,,,,,21040100,2,2026-02-26_12h56.31.216,tilt_mocs,2024.2.4,120.14790206418549,2026-02-26 12h56.44.896457 -0500,
4,15.0,,377,377,0,,,,,100,0,,,,,c+4,poss,0.75,period,1.4619124160017236,None,None,,,,,,,,,,,0,377,377,142,711.9845029579956,,,,,,,,,,,,,,,,,,,,,,,,,,,,,,,,,,,,,,,,,,,,,,,,,,,,,,,,,,,,,,,,,,,,,,711.976015082997,711.9845029579956,712.7236431659985,712.7236431659985,712.7236431659985,712.7985104999971,712.7985104999971,712.7985104999971,713.4511847909962,period,1.4619124160017236,None,713.4513139159972,713.451370499999,None,,,,,,,,,,,,21040100,2,2026-02-26_12h56.31.216,tilt_mocs,2024.2.4,120.14790206418549,2026-02-26 12h56.44.896457 -0500,
8,15.0,,378,378,0,,,,,100,0,,,,,c+8,poss,0.75,period,1.1866864590047044,None,None,,,,,,,,,,,0,378,378,225,713.4616607909993,,,,,,,,,,,,,,,,,,,,,,,,,,,,,,,,,,,,,,,,,,,,,,,,,,,,,,,,,,,,,,,,,,,,,,713.4534545829956,713.4616607909993,714.198318374998,714.198318374998,714.198318374998,714.2709240409968,714.2709240409968,714.2709240409968,714.6508928330004,period,1.1866864590047044,None,714.6509936250004,714.6510364159985,None,,,,,,,,,,,,21040100,2,2026-02-26_12h56.31.216,tilt_mocs,2024.2.4,120.14790206418549,2026-02-26 12h56.44.896457 -0500,
-4,-15.0,,379,379,0,,,,,100,0,,,,,c-4,negs,1.0,z,1.6045858330035117,None,None,,,,,,,,,,,0,379,379,367,714.6614916249964,,,,,,,,,,,,,,,,,,,,,,,,,,,,,,,,,,,,,,,,,,,,,,,,,,,,,,,,,,,,,,,,,,,,,,714.6529999999984,714.6614916249964,715.6482629579987,715.6482629579987,715.6482629579987,715.721392624997,715.721392624997,715.721392624997,716.2692416659993,z,1.6045858330035117,None,716.2693809999982,716.2694359160014,None,,,,,,,,,,,,21040100,2,2026-02-26_12h56.31.216,tilt_mocs,2024.2.4,120.14790206418549,2026-02-26 12h56.44.896457 -0500,
4,0.0,,380,380,0,,,,,0,100,,,,,c+4,noss,1.0,period,1.3949170830019284,None,None,,,,,,,,,,,0,380,380,699,716.280707291,,,,,,,,,,,,,,,,,,,,,,,,,,,,,,,,,,,,,,,,,,,,,,,,,,,,,,,,,,,,,,,,,,,,,,716.2716985410007,716.280707291,717.2644124159997,717.2644124159997,717.2644124159997,717.3371717499977,717.3371717499977,717.3371717499977,717.6831916660012,period,1.3949170830019284,None,717.683320958,717.6833750829974,None,,,,,,,,,,,,21040100,2,2026-02-26_12h56.31.216,tilt_mocs,2024.2.4,120.14790206418549,2026-02-26 12h56.44.896457 -0500,
-4,-15.0,,381,381,0,,,,,100,0,,,,,c-4,negs,0.75,z,1.36052891700092,None,None,,,,,,,,,,,0,381,381,355,717.695993207999,,,,,,,,,,,,,,,,,,,,,,,,,,,,,,,,,,,,,,,,,,,,,,,,,,,,,,,,,,,,,,,,,,,,,,717.6868038329994,717.695993207999,718.4318065409971,718.4318065409971,718.4318065409971,718.504244415999,718.504244415999,718.504244415999,719.0678614579956,z,1.36052891700092,None,719.067990083,719.0680461250013,None,,,,,,,,,,,,21040100,2,2026-02-26_12h56.31.216,tilt_mocs,2024.2.4,120.14790206418549,2026-02-26 12h56.44.896457 -0500,
4,15.0,,382,382,0,,,,,100,0,,,,,c+4,poss,1.25,period,1.6895032499960507,None,None,,,,,,,,,,,0,382,382,164,719.0790449159977,,,,,,,,,,,,,,,,,,,,,,,,,,,,,,,,,,,,,,,,,,,,,,,,,,,,,,,,,,,,,,,,,,,,,,719.0703517910006,719.0790449159977,720.3151399159979,720.3151399159979,720.3151399159979,720.3870712079952,720.3870712079952,720.3870712079952,720.772638082999,period,1.6895032499960507,None,720.7727378329946,720.7727819579959,None,,,,,,,,,,,,21040100,2,2026-02-26_12h56.31.216,tilt_mocs,2024.2.4,120.14790206418549,2026-02-26 12h56.44.896457 -0500,
6,15.0,,383,383,0,,,,,100,0,,,,,c+6,poss,1.0,period,1.4582725840009516,None,None,,,,,,,,,,,0,383,383,196,720.7839880829997,,,,,,,,,,,,,,,,,,,,,,,,,,,,,,,,,,,,,,,,,,,,,,,,,,,,,,,,,,,,,,,,,,,,,,720.774708500001,720.7839880829997,721.773984665997,721.773984665997,721.773984665997,721.8490943750003,721.8490943750003,721.8490943750003,722.2513937080003,period,1.4582725840009516,None,722.2515442079966,722.2515994999994,None,,,,,,,,,,,,21040100,2,2026-02-26_12h56.31.216,tilt_mocs,2024.2.4,120.14790206418549,2026-02-26 12h56.44.896457 -0500,
-2,15.0,,384,384,0,,,,,100,0,,,,,c-2,poss,1.25,z,1.7971909589978168,None,None,,,,,,,,,,,0,384,384,39,722.2636356250005,,,,,,,,,,,,,,,,,,,,,,,,,,,,,,,,,,,,,,,,,,,,,,,,,,,,,,,,,,,,,,,,,,,,,,722.254650791001,722.2636356250005,723.4978920829963,723.4978920829963,723.4978920829963,723.5705697909943,723.5705697909943,723.5705697909943,724.0677288329971,z,1.7971909589978168,None,724.0678356659992,724.067878707996,None,,,,,,,,,,,,21040100,2,2026-02-26_12h56.31.216,tilt_mocs,2024.2.4,120.14790206418549,2026-02-26 12h56.44.896457 -0500,
-8,-15.0,,385,385,0,,,,,100,0,,,,,c-8,negs,1.25,z,1.6730645829957211,None,None,,,,,,,,,,,0,385,385,292,724.0785348749996,,,,,,,,,,,,,,,,,,,,,,,,,,,,,,,,,,,,,,,,,,,,,,,,,,,,,,,,,,,,,,,,,,,,,,724.0698533749965,724.0785348749996,725.3156035829961,725.3156035829961,725.3156035829961,725.3873071249982,725.3873071249982,725.3873071249982,725.7566506250005,z,1.6730645829957211,None,725.7567734580007,725.7568332910014,None,,,,,,,,,,,,21040100,2,2026-02-26_12h56.31.216,tilt_mocs,2024.2.4,120.14790206418549,2026-02-26 12h56.44.896457 -0500,
4,0.0,,386,386,0,,,,,0,100,,,,,c+4,noss,0.75,period,1.2152727909997338,None,None,,,,,,,,,,,0,386,386,684,725.7678859160005,,,,,,,,,,,,,,,,,,,,,,,,,,,,,,,,,,,,,,,,,,,,,,,,,,,,,,,,,,,,,,,,,,,,,,725.7590240409991,725.7678859160005,726.5084796660012,726.5084796660012,726.5084796660012,726.5825893750007,726.5825893750007,726.5825893750007,726.9856026249981,period,1.2152727909997338,None,726.9857167910013,726.9857635829976,None,,,,,,,,,,,,21040100,2,2026-02-26_12h56.31.216,tilt_mocs,2024.2.4,120.14790206418549,2026-02-26 12h56.44.896457 -0500,
-8,-15.0,,387,387,0,,,,,100,0,,,,,c-8,negs,0.5,z,0.9479547920054756,None,None,,,,,,,,,,,0,387,387,254,726.9967436250008,,,,,,,,,,,,,,,,,,,,,,,,,,,,,,,,,,,,,,,,,,,,,,,,,,,,,,,,,,,,,,,,,,,,,,726.9878355830006,726.9967436250008,727.4821357909968,727.4821357909968,727.4821357909968,727.555785083001,727.555785083001,727.555785083001,727.9515042079947,z,0.9479547920054756,None,727.9516369159974,727.951692290997,None,,,,,,,,,,,,21040100,2,2026-02-26_12h56.31.216,tilt_mocs,2024.2.4,120.14790206418549,2026-02-26 12h56.44.896457 -0500,
2,15.0,,388,388,0,,,,,100,0,,,,,c+2,poss,1.0,period,1.338855333000538,None,None,,,,,,,,,,,0,388,388,107,727.9625752499996,,,,,,,,,,,,,,,,,,,,,,,,,,,,,,,,,,,,,,,,,,,,,,,,,,,,,,,,,,,,,,,,,,,,,,727.9539054999987,727.9625752499996,728.948813832998,728.948813832998,728.948813832998,729.0208062909951,729.0208062909951,729.0208062909951,729.3079936659997,period,1.338855333000538,None,729.3081187909993,729.3081734999942,None,,,,,,,,,,,,21040100,2,2026-02-26_12h56.31.216,tilt_mocs,2024.2.4,120.14790206418549,2026-02-26 12h56.44.896457 -0500,
0,0.0,,389,389,0,,,,,0,100,,,,,c+0,noss,0.75,z,1.1939162079943344,None,None,,,,,,,,,,,0,389,389,599,729.3189259999999,,,,,,,,,,,,,,,,,,,,,,,,,,,,,,,,,,,,,,,,,,,,,,,,,,,,,,,,,,,,,,,,,,,,,,729.3106562079993,729.3189259999999,730.0584222079997,730.0584222079997,730.0584222079997,730.1327205829948,730.1327205829948,730.1327205829948,730.5182162079946,z,1.1939162079943344,None,730.5183432080012,730.5184068329982,None,,,,,,,,,,,,21040100,2,2026-02-26_12h56.31.216,tilt_mocs,2024.2.4,120.14790206418549,2026-02-26 12h56.44.896457 -0500,
-8,-15.0,,390,390,0,,,,,100,0,,,,,c-8,negs,1.25,z,1.6809440829965752,None,None,,,,,,,,,,,0,390,390,293,730.5295899159973,,,,,,,,,,,,,,,,,,,,,,,,,,,,,,,,,,,,,,,,,,,,,,,,,,,,,,,,,,,,,,,,,,,,,,730.5209056659951,730.5295899159973,731.7654706249959,731.7654706249959,731.7654706249959,731.8376199159975,731.8376199159975,731.8376199159975,732.2188211249959,z,1.6809440829965752,None,732.2189572499992,732.2190139160011,None,,,,,,,,,,,,21040100,2,2026-02-26_12h56.31.216,tilt_mocs,2024.2.4,120.14790206418549,2026-02-26 12h56.44.896457 -0500,
-2,0.0,,391,391,0,,,,,0,100,,,,,c-2,noss,1.25,z,1.7268515409959946,None,None,,,,,,,,,,,0,391,391,585,732.2302426659953,,,,,,,,,,,,,,,,,,,,,,,,,,,,,,,,,,,,,,,,,,,,,,,,,,,,,,,,,,,,,,,,,,,,,,732.2211429159943,732.2302426659953,733.4656710409981,733.4656710409981,733.4656710409981,733.5376112499944,733.5376112499944,733.5376112499944,733.968281165995,z,1.7268515409959946,None,733.9684103749969,733.9684655409947,None,,,,,,,,,,,,21040100,2,2026-02-26_12h56.31.216,tilt_mocs,2024.2.4,120.14790206418549,2026-02-26 12h56.44.896457 -0500,
-6,-15.0,,392,392,0,,,,,100,0,,,,,c-6,negs,1.25,z,1.6384525000030408,None,None,,,,,,,,,,,0,392,392,329,733.979297291,,,,,,,,,,,,,,,,,,,,,,,,,,,,,,,,,,,,,,,,,,,,,,,,,,,,,,,,,,,,,,,,,,,,,,733.9707407079986,733.979297291,735.2152174160001,735.2152174160001,735.2152174160001,735.287684457995,735.287684457995,735.287684457995,735.6224769159962,z,1.6384525000030408,None,735.622607624995,735.622662875001,None,,,,,,,,,,,,21040100,2,2026-02-26_12h56.31.216,tilt_mocs,2024.2.4,120.14790206418549,2026-02-26 12h56.44.896457 -0500,
0,15.0,,393,393,0,,,,,100,0,,,,,c+0,poss,1.25,z,1.7423896670006798,None,None,,,,,,,,,,,0,393,393,82,735.6492602500002,,,,,,,,,,,,,,,,,,,,,,,,,,,,,,,,,,,,,,,,,,,,,,,,,,,,,,,,,,,,,,,,,,,,,,735.6248171249972,735.6492602500002,736.8758800829964,736.8758800829964,736.8758800829964,736.9497504159954,736.9497504159954,736.9497504159954,737.401746083,z,1.7423896670006798,None,737.4018746250003,737.4019306249975,None,,,,,,,,,,,,21040100,2,2026-02-26_12h56.31.216,tilt_mocs,2024.2.4,120.14790206418549,2026-02-26 12h56.44.896457 -0500,
-2,-15.0,,394,394,0,,,,,100,0,,,,,c-2,negs,0.5,period,1.0818439159993432,None,None,,,,,,,,,,,0,394,394,379,737.4131949160001,,,,,,,,,,,,,,,,,,,,,,,,,,,,,,,,,,,,,,,,,,,,,,,,,,,,,,,,,,,,,,,,,,,,,,737.4044187079999,737.4131949160001,737.8991237079972,737.8991237079972,737.8991237079972,737.9708507079995,737.9708507079995,737.9708507079995,738.5014044579948,period,1.0818439159993432,None,738.5015048749992,738.5015535829953,None,,,,,,,,,,,,21040100,2,2026-02-26_12h56.31.216,tilt_mocs,2024.2.4,120.14790206418549,2026-02-26 12h56.44.896457 -0500,
6,15.0,,395,395,0,,,,,100,0,,,,,c+6,poss,0.75,period,1.2372769579960732,None,None,,,,,,,,,,,0,395,395,189,738.5124270409942,,,,,,,,,,,,,,,,,,,,,,,,,,,,,,,,,,,,,,,,,,,,,,,,,,,,,,,,,,,,,,,,,,,,,,738.5035195409946,738.5124270409942,739.2491334160004,739.2491334160004,739.2491334160004,739.3211939159955,739.3211939159955,739.3211939159955,739.7525953329969,period,1.2372769579960732,None,739.752728499996,739.7527862079951,None,,,,,,,,,,,,21040100,2,2026-02-26_12h56.31.216,tilt_mocs,2024.2.4,120.14790206418549,2026-02-26 12h56.44.896457 -0500,
4,0.0,,396,396,0,,,,,0,100,,,,,c+4,noss,0.75,period,1.1900301249988843,None,None,,,,,,,,,,,0,396,396,692,739.7640770829967,,,,,,,,,,,,,,,,,,,,,,,,,,,,,,,,,,,,,,,,,,,,,,,,,,,,,,,,,,,,,,,,,,,,,,739.7548886660006,739.7640770829967,740.4984008329993,740.4984008329993,740.4984008329993,740.5722099159975,740.5722099159975,740.5722099159975,740.9573301659984,period,1.1900301249988843,None,740.9574440829965,740.9574887079943,None,,,,,,,,,,,,21040100,2,2026-02-26_12h56.31.216,tilt_mocs,2024.2.4,120.14790206418549,2026-02-26 12h56.44.896457 -0500,
0,0.0,,397,397,0,,,,,0,100,,,,,c+0,noss,0.75,period,1.1981699590032804,None,None,,,,,,,,,,,0,397,397,608,740.9684697080011,,,,,,,,,,,,,,,,,,,,,,,,,,,,,,,,,,,,,,,,,,,,,,,,,,,,,,,,,,,,,,,,,,,,,,740.9594193329976,740.9684697080011,741.7087868329982,741.7087868329982,741.7087868329982,741.7831369579944,741.7831369579944,741.7831369579944,742.1691867909976,period,1.1981699590032804,None,742.1693264999994,742.169384832996,None,,,,,,,,,,,,21040100,2,2026-02-26_12h56.31.216,tilt_mocs,2024.2.4,120.14790206418549,2026-02-26 12h56.44.896457 -0500,
2,-15.0,,398,398,0,,,,,100,0,,,,,c+2,negs,0.75,period,1.2606958329997724,None,None,,,,,,,,,,,0,398,398,478,742.180638165999,,,,,,,,,,,,,,,,,,,,,,,,,,,,,,,,,,,,,,,,,,,,,,,,,,,,,,,,,,,,,,,,,,,,,,742.1715888749968,742.180638165999,742.9159390829955,742.9159390829955,742.9159390829955,742.9880690409991,742.9880690409991,742.9880690409991,743.4526311250011,period,1.2606958329997724,None,743.4527820829971,743.4528419999988,None,,,,,,,,,,,,21040100,2,2026-02-26_12h56.31.216,tilt_mocs,2024.2.4,120.14790206418549,2026-02-26 12h56.44.896457 -0500,
0,15.0,,399,399,0,,,,,100,0,,,,,c+0,poss,0.5,period,1.8916704169969307,None,None,,,,,,,,,,,0,399,399,43,743.4640714159978,,,,,,,,,,,,,,,,,,,,,,,,,,,,,,,,,,,,,,,,,,,,,,,,,,,,,,,,,,,,,,,,,,,,,,743.455077999999,743.4640714159978,743.949396707998,743.949396707998,743.949396707998,744.0217581249963,744.0217581249963,744.0217581249963,745.3689469579986,period,1.8916704169969307,None,745.3690475409967,745.3690899159992,None,,,,,,,,,,,,21040100,2,2026-02-26_12h56.31.216,tilt_mocs,2024.2.4,120.14790206418549,2026-02-26 12h56.44.896457 -0500,
4,15.0,,400,400,0,,,,,100,0,,,,,c+4,poss,1.25,period,1.7374771250033518,None,None,,,,,,,,,,,0,400,400,159,745.3796203749953,,,,,,,,,,,,,,,,,,,,,,,,,,,,,,,,,,,,,,,,,,,,,,,,,,,,,,,,,,,,,,,,,,,,,,745.3710643749946,745.3796203749953,746.616166957996,746.616166957996,746.616166957996,746.6879359999948,746.6879359999948,746.6879359999948,747.120243624995,period,1.7374771250033518,None,747.1204030829977,747.1204612079964,None,,,,,,,,,,,,21040100,2,2026-02-26_12h56.31.216,tilt_mocs,2024.2.4,120.14790206418549,2026-02-26 12h56.44.896457 -0500,
-2,15.0,,401,401,0,,,,,100,0,,,,,c-2,poss,1.25,z,1.7521109580047778,None,None,,,,,,,,,,,0,401,401,37,747.1318524999951,,,,,,,,,,,,,,,,,,,,,,,,,,,,,,,,,,,,,,,,,,,,,,,,,,,,,,,,,,,,,,,,,,,,,,747.1227969159954,747.1318524999951,748.3660859579977,748.3660859579977,748.3660859579977,748.4394081659993,748.4394081659993,748.4394081659993,748.8866929579963,z,1.7521109580047778,None,748.8868589579943,748.8870222499972,None,,,,,,,,,,,,21040100,2,2026-02-26_12h56.31.216,tilt_mocs,2024.2.4,120.14790206418549,2026-02-26 12h56.44.896457 -0500,
-2,0.0,,402,402,0,,,,,0,100,,,,,c-2,noss,0.5,z,1.1375158750015544,None,None,,,,,,,,,,,0,402,402,553,748.8988134579995,,,,,,,,,,,,,,,,,,,,,,,,,,,,,,,,,,,,,,,,,,,,,,,,,,,,,,,,,,,,,,,,,,,,,,748.889598582995,748.8988134579995,749.3829337499992,749.3829337499992,749.3829337499992,749.4536553329963,749.4536553329963,749.4536553329963,750.040432916001,z,1.1375158750015544,None,750.0405320829959,750.0405758329944,None,,,,,,,,,,,,21040100,2,2026-02-26_12h56.31.216,tilt_mocs,2024.2.4,120.14790206418549,2026-02-26 12h56.44.896457 -0500,
6,15.0,,403,403,0,,,,,100,0,,,,,c+6,poss,0.75,period,1.2392930409987457,None,None,,,,,,,,,,,0,403,403,183,750.0520430409961,,,,,,,,,,,,,,,,,,,,,,,,,,,,,,,,,,,,,,,,,,,,,,,,,,,,,,,,,,,,,,,,,,,,,,750.0425418329978,750.0520430409961,750.7921542909971,750.7921542909971,750.7921542909971,750.8670040829966,750.8670040829966,750.8670040829966,751.302495666001,period,1.2392930409987457,None,751.3026236660007,751.3026779159991,None,,,,,,,,,,,,21040100,2,2026-02-26_12h56.31.216,tilt_mocs,2024.2.4,120.14790206418549,2026-02-26 12h56.44.896457 -0500,
4,15.0,,404,404,0,,,,,100,0,,,,,c+4,poss,0.5,period,0.9529870000042138,None,None,,,,,,,,,,,0,404,404,127,751.3138522910012,,,,,,,,,,,,,,,,,,,,,,,,,,,,,,,,,,,,,,,,,,,,,,,,,,,,,,,,,,,,,,,,,,,,,,751.3049393330002,751.3138522910012,751.7995478329976,751.7995478329976,751.7995478329976,751.872421041,751.872421041,751.872421041,752.2699500409944,period,0.9529870000042138,None,752.2701140829959,752.270171832999,None,,,,,,,,,,,,21040100,2,2026-02-26_12h56.31.216,tilt_mocs,2024.2.4,120.14790206418549,2026-02-26 12h56.44.896457 -0500,
0,0.0,,405,405,0,,,,,0,100,,,,,c+0,noss,1.0,period,1.6472351659976994,None,None,,,,,,,,,,,0,405,405,618,752.2814112080014,,,,,,,,,,,,,,,,,,,,,,,,,,,,,,,,,,,,,,,,,,,,,,,,,,,,,,,,,,,,,,,,,,,,,,752.2723937909977,752.2814112080014,753.2662798329984,753.2662798329984,753.2662798329984,753.3382815000004,753.3382815000004,753.3382815000004,753.9357185409972,period,1.6472351659976994,None,753.9358399999983,753.935895290997,None,,,,,,,,,,,,21040100,2,2026-02-26_12h56.31.216,tilt_mocs,2024.2.4,120.14790206418549,2026-02-26 12h56.44.896457 -0500,
-2,15.0,,406,406,0,,,,,100,0,,,,,c-2,poss,1.25,z,1.737144332997559,None,None,,,,,,,,,,,0,406,406,36,753.9464304159992,,,,,,,,,,,,,,,,,,,,,,,,,,,,,,,,,,,,,,,,,,,,,,,,,,,,,,,,,,,,,,,,,,,,,,753.9378987499949,753.9464304159992,755.1830297080014,755.1830297080014,755.1830297080014,755.2551504579969,755.2551504579969,755.2551504579969,755.6863669999948,z,1.737144332997559,None,755.6866140829952,755.6867219579945,None,,,,,,,,,,,,21040100,2,2026-02-26_12h56.31.216,tilt_mocs,2024.2.4,120.14790206418549,2026-02-26 12h56.44.896457 -0500,
-2,-15.0,,407,407,0,,,,,100,0,,,,,c-2,negs,0.5,period,1.0857519170021988,None,None,,,,,,,,,,,0,407,407,385,755.6984242499966,,,,,,,,,,,,,,,,,,,,,,,,,,,,,,,,,,,,,,,,,,,,,,,,,,,,,,,,,,,,,,,,,,,,,,755.6891886659942,755.6984242499966,756.1830606250005,756.1830606250005,756.1830606250005,756.2553142499964,756.2553142499964,756.2553142499964,756.7874933329949,period,1.0857519170021988,None,756.7876417910011,756.7877004580005,None,,,,,,,,,,,,21040100,2,2026-02-26_12h56.31.216,tilt_mocs,2024.2.4,120.14790206418549,2026-02-26 12h56.44.896457 -0500,
4,0.0,,408,408,0,,,,,0,100,,,,,c+4,noss,1.0,period,1.4975070000000414,None,None,,,,,,,,,,,0,408,408,698,756.7987725409985,,,,,,,,,,,,,,,,,,,,,,,,,,,,,,,,,,,,,,,,,,,,,,,,,,,,,,,,,,,,,,,,,,,,,,756.7900491659966,756.7987725409985,757.783127540999,757.783127540999,757.783127540999,757.8553487079989,757.8553487079989,757.8553487079989,758.3022872910005,period,1.4975070000000414,None,758.3023926659953,758.3024387499972,None,,,,,,,,,,,,21040100,2,2026-02-26_12h56.31.216,tilt_mocs,2024.2.4,120.14790206418549,2026-02-26 12h56.44.896457 -0500,
-2,-15.0,,409,409,0,,,,,100,0,,,,,c-2,negs,1.0,period,1.5059896249949816,None,None,,,,,,,,,,,0,409,409,400,758.3129797500005,,,,,,,,,,,,,,,,,,,,,,,,,,,,,,,,,,,,,,,,,,,,,,,,,,,,,,,,,,,,,,,,,,,,,,758.3043977079942,758.3129797500005,759.299676249997,759.299676249997,759.299676249997,759.3720999579964,759.3720999579964,759.3720999579964,759.8242963749944,period,1.5059896249949816,None,759.8244185410003,759.8244790409954,None,,,,,,,,,,,,21040100,2,2026-02-26_12h56.31.216,tilt_mocs,2024.2.4,120.14790206418549,2026-02-26 12h56.44.896457 -0500,
2,-15.0,,410,410,0,,,,,100,0,,,,,c+2,negs,1.0,period,1.4986644579985295,None,None,,,,,,,,,,,0,410,410,489,759.8358457079958,,,,,,,,,,,,,,,,,,,,,,,,,,,,,,,,,,,,,,,,,,,,,,,,,,,,,,,,,,,,,,,,,,,,,,759.8268159579966,759.8358457079958,760.8258374579964,760.8258374579964,760.8258374579964,760.9003927079975,760.9003927079975,760.9003927079975,761.3463820830002,period,1.4986644579985295,None,761.3464831659949,761.3465259160002,None,,,,,,,,,,,,21040100,2,2026-02-26_12h56.31.216,tilt_mocs,2024.2.4,120.14790206418549,2026-02-26 12h56.44.896457 -0500,
0,-15.0,,411,411,0,,,,,100,0,,,,,c+0,negs,1.0,period,1.4404500419987016,None,None,,,,,,,,,,,0,411,411,448,761.3534198329944,,,,,,,,,,,,,,,,,,,,,,,,,,,,,,,,,,,,,,,,,,,,,,,,,,,,,,,,,,,,,,,,,,,,,,761.3484802909952,761.3534198329944,762.3437564579945,762.3437564579945,762.3437564579945,762.4171757910008,762.4171757910008,762.4171757910008,762.8025855829983,period,1.4404500419987016,None,762.8027218329953,762.8027777499956,None,,,,,,,,,,,,21040100,2,2026-02-26_12h56.31.216,tilt_mocs,2024.2.4,120.14790206418549,2026-02-26 12h56.44.896457 -0500,
0,15.0,,412,412,0,,,,,100,0,,,,,c+0,poss,1.0,z,1.627887082999223,None,None,,,,,,,,,,,0,412,412,71,762.8139916660002,,,,,,,,,,,,,,,,,,,,,,,,,,,,,,,,,,,,,,,,,,,,,,,,,,,,,,,,,,,,,,,,,,,,,,762.8052857079965,762.8139916660002,763.799151332998,763.799151332998,763.799151332998,763.8723947909966,763.8723947909966,763.8723947909966,764.4516672909958,z,1.627887082999223,None,764.4517284999965,764.451753207999,None,,,,,,,,,,,,21040100,2,2026-02-26_12h56.31.216,tilt_mocs,2024.2.4,120.14790206418549,2026-02-26 12h56.44.896457 -0500,
2,15.0,,413,413,0,,,,,100,0,,,,,c+2,poss,0.5,z,1.2630485420013429,None,None,,,,,,,,,,,0,413,413,92,764.4604735409957,,,,,,,,,,,,,,,,,,,,,,,,,,,,,,,,,,,,,,,,,,,,,,,,,,,,,,,,,,,,,,,,,,,,,,764.4528567499947,764.4604735409957,764.9501607079947,764.9501607079947,764.9501607079947,765.0228460829967,765.0228460829967,765.0228460829967,765.7349302079965,z,1.2630485420013429,None,765.7350455829946,765.7351037080007,None,,,,,,,,,,,,21040100,2,2026-02-26_12h56.31.216,tilt_mocs,2024.2.4,120.14790206418549,2026-02-26 12h56.44.896457 -0500,
-2,0.0,,414,414,0,,,,,0,100,,,,,c-2,noss,0.5,z,1.049082958001236,None,None,,,,,,,,,,,0,414,414,551,765.7425727079972,,,,,,,,,,,,,,,,,,,,,,,,,,,,,,,,,,,,,,,,,,,,,,,,,,,,,,,,,,,,,,,,,,,,,,765.7370747909954,765.7425727079972,766.2335241659966,766.2335241659966,766.2335241659966,766.3053115829971,766.3053115829971,766.3053115829971,766.8029412499964,z,1.049082958001236,None,766.8030631660004,766.8031175409997,None,,,,,,,,,,,,21040100,2,2026-02-26_12h56.31.216,tilt_mocs,2024.2.4,120.14790206418549,2026-02-26 12h56.44.896457 -0500,
2,15.0,,415,415,0,,,,,100,0,,,,,c+2,poss,1.0,z,1.7634949999992386,None,None,,,,,,,,,,,0,415,415,114,766.814241,,,,,,,,,,,,,,,,,,,,,,,,,,,,,,,,,,,,,,,,,,,,,,,,,,,,,,,,,,,,,,,,,,,,,,766.8055860829991,766.814241,767.8002288749994,767.8002288749994,767.8002288749994,767.872750040995,767.872750040995,767.872750040995,768.5866470830006,z,1.7634949999992386,None,768.5867876659977,768.5868476659962,None,,,,,,,,,,,,21040100,2,2026-02-26_12h56.31.216,tilt_mocs,2024.2.4,120.14790206418549,2026-02-26 12h56.44.896457 -0500,
-8,-15.0,,416,416,0,,,,,100,0,,,,,c-8,negs,0.5,z,0.9698553749985876,None,None,,,,,,,,,,,0,416,416,252,768.5981267499956,,,,,,,,,,,,,,,,,,,,,,,,,,,,,,,,,,,,,,,,,,,,,,,,,,,,,,,,,,,,,,,,,,,,,,768.5891232079957,768.5981267499956,769.0829144999952,769.0829144999952,769.0829144999952,769.155063582999,769.155063582999,769.155063582999,769.5704495409955,z,0.9698553749985876,None,769.5705648750009,769.5706091659958,None,,,,,,,,,,,,21040100,2,2026-02-26_12h56.31.216,tilt_mocs,2024.2.4,120.14790206418549,2026-02-26 12h56.44.896457 -0500,
2,-15.0,,417,417,0,,,,,100,0,,,,,c+2,negs,0.75,period,1.291436874998908,None,None,,,,,,,,,,,0,417,417,483,769.5813390830008,,,,,,,,,,,,,,,,,,,,,,,,,,,,,,,,,,,,,,,,,,,,,,,,,,,,,,,,,,,,,,,,,,,,,,769.5726549159954,769.5813390830008,770.3169064159956,770.3169064159956,770.3169064159956,770.3908619579961,770.3908619579961,770.3908619579961,770.875388290995,period,1.291436874998908,None,770.875513250001,770.8755677500012,None,,,,,,,,,,,,21040100,2,2026-02-26_12h56.31.216,tilt_mocs,2024.2.4,120.14790206418549,2026-02-26 12h56.44.896457 -0500,
0,15.0,,418,418,0,,,,,100,0,,,,,c+0,poss,1.0,z,1.6145155830017757,None,None,,,,,,,,,,,0,418,418,68,770.8864730829955,,,,,,,,,,,,,,,,,,,,,,,,,,,,,,,,,,,,,,,,,,,,,,,,,,,,,,,,,,,,,,,,,,,,,,770.8776004579995,770.8864730829955,771.8761559999984,771.8761559999984,771.8761559999984,771.9509267499961,771.9509267499961,771.9509267499961,772.5040804159944,z,1.6145155830017757,None,772.5042355409969,772.5042952500007,None,,,,,,,,,,,,21040100,2,2026-02-26_12h56.31.216,tilt_mocs,2024.2.4,120.14790206418549,2026-02-26 12h56.44.896457 -0500,
-8,-15.0,,419,419,0,,,,,100,0,,,,,c-8,negs,1.25,z,1.704828207999526,None,None,,,,,,,,,,,0,419,419,286,772.5152107079994,,,,,,,,,,,,,,,,,,,,,,,,,,,,,,,,,,,,,,,,,,,,,,,,,,,,,,,,,,,,,,,,,,,,,,772.5064665829996,772.5152107079994,773.7497419579959,773.7497419579959,773.7497419579959,773.8222004159979,773.8222004159979,773.8222004159979,774.2249515829972,z,1.704828207999526,None,774.2250559159947,774.2250993749985,None,,,,,,,,,,,,21040100,2,2026-02-26_12h56.31.216,tilt_mocs,2024.2.4,120.14790206418549,2026-02-26 12h56.44.896457 -0500,
0,0.0,,420,420,0,,,,,0,100,,,,,c+0,noss,1.0,z,1.6749867089965846,None,None,,,,,,,,,,,0,420,420,619,774.2357796249999,,,,,,,,,,,,,,,,,,,,,,,,,,,,,,,,,,,,,,,,,,,,,,,,,,,,,,,,,,,,,,,,,,,,,,774.2270831249989,774.2357796249999,775.2265073329982,775.2265073329982,775.2265073329982,775.3007926249993,775.3007926249993,775.3007926249993,775.9207987080008,z,1.6749867089965846,None,775.9209439999977,775.9210017079968,None,,,,,,,,,,,,21040100,2,2026-02-26_12h56.31.216,tilt_mocs,2024.2.4,120.14790206418549,2026-02-26 12h56.44.896457 -0500,
2,15.0,,421,421,0,,,,,100,0,,,,,c+2,poss,1.25,z,1.8691955000031157,None,None,,,,,,,,,,,0,421,421,119,775.9319741250001,,,,,,,,,,,,,,,,,,,,,,,,,,,,,,,,,,,,,,,,,,,,,,,,,,,,,,,,,,,,,,,,,,,,,,775.9231757079979,775.9319741250001,777.1665014999962,777.1665014999962,777.1665014999962,777.2393886659993,777.2393886659993,777.2393886659993,777.8040700829952,z,1.8691955000031157,None,777.8042130409958,777.8042701659942,None,,,,,,,,,,,,21040100,2,2026-02-26_12h56.31.216,tilt_mocs,2024.2.4,120.14790206418549,2026-02-26 12h56.44.896457 -0500,
2,-15.0,,422,422,0,,,,,100,0,,,,,c+2,negs,0.75,period,1.2192726249995758,None,None,,,,,,,,,,,0,422,422,476,777.8155693750014,,,,,,,,,,,,,,,,,,,,,,,,,,,,,,,,,,,,,,,,,,,,,,,,,,,,,,,,,,,,,,,,,,,,,,777.8066587079957,777.8155693750014,778.5506104579981,778.5506104579981,778.5506104579981,778.6344866250001,778.6344866250001,778.6344866250001,779.0379819999944,period,1.2192726249995758,None,779.0381314580009,779.0381932079981,None,,,,,,,,,,,,21040100,2,2026-02-26_12h56.31.216,tilt_mocs,2024.2.4,120.14790206418549,2026-02-26 12h56.44.896457 -0500,
4,15.0,,423,423,0,,,,,100,0,,,,,c+4,poss,0.75,period,1.264012667001225,None,None,,,,,,,,,,,0,423,423,137,779.0495963329959,,,,,,,,,,,,,,,,,,,,,,,,,,,,,,,,,,,,,,,,,,,,,,,,,,,,,,,,,,,,,,,,,,,,,,779.040508207996,779.0495963329959,779.7839451659966,779.7839451659966,779.7839451659966,779.8568236249994,779.8568236249994,779.8568236249994,780.3195872079959,period,1.264012667001225,None,780.3196952079961,780.3197391659996,None,,,,,,,,,,,,21040100,2,2026-02-26_12h56.31.216,tilt_mocs,2024.2.4,120.14790206418549,2026-02-26 12h56.44.896457 -0500,
-2,15.0,,424,424,0,,,,,100,0,,,,,c-2,poss,1.0,z,1.5138636250048876,None,None,,,,,,,,,,,0,424,424,28,780.3303023749977,,,,,,,,,,,,,,,,,,,,,,,,,,,,,,,,,,,,,,,,,,,,,,,,,,,,,,,,,,,,,,,,,,,,,,780.3217036249989,780.3303023749977,781.3173048749959,781.3173048749959,781.3173048749959,781.3905245409987,781.3905245409987,781.3905245409987,781.8535751659947,z,1.5138636250048876,None,781.8536773749947,781.853721499996,None,,,,,,,,,,,,21040100,2,2026-02-26_12h56.31.216,tilt_mocs,2024.2.4,120.14790206418549,2026-02-26 12h56.44.896457 -0500,
-8,-15.0,,425,425,0,,,,,100,0,,,,,c-8,negs,0.5,z,0.9612084580003284,None,None,,,,,,,,,,,0,425,425,262,781.8639637499946,,,,,,,,,,,,,,,,,,,,,,,,,,,,,,,,,,,,,,,,,,,,,,,,,,,,,,,,,,,,,,,,,,,,,,781.8556866250001,781.8639637499946,782.3506195000009,782.3506195000009,782.3506195000009,782.4220458329946,782.4220458329946,782.4220458329946,782.8521112909948,z,0.9612084580003284,None,782.852231249999,782.8522844580002,None,,,,,,,,,,,,21040100,2,2026-02-26_12h56.31.216,tilt_mocs,2024.2.4,120.14790206418549,2026-02-26 12h56.44.896457 -0500,
2,-15.0,,426,426,0,,,,,100,0,,,,,c+2,negs,0.5,period,0.9767519169981824,None,None,,,,,,,,,,,0,426,426,463,782.8668637079973,,,,,,,,,,,,,,,,,,,,,,,,,,,,,,,,,,,,,,,,,,,,,,,,,,,,,,,,,,,,,,,,,,,,,,782.8544353329999,782.8668637079973,783.344052583001,783.344052583001,783.344052583001,783.4179197080011,783.4179197080011,783.4179197080011,783.8537565829974,period,0.9767519169981824,None,783.8539113750012,783.8539719580003,None,,,,,,,,,,,,21040100,2,2026-02-26_12h56.31.216,tilt_mocs,2024.2.4,120.14790206418549,2026-02-26 12h56.44.896457 -0500,
-4,0.0,,427,427,0,,,,,0,100,,,,,c-4,noss,1.0,z,1.4585316669981694,None,None,,,,,,,,,,,0,427,427,532,783.8652658329956,,,,,,,,,,,,,,,,,,,,,,,,,,,,,,,,,,,,,,,,,,,,,,,,,,,,,,,,,,,,,,,,,,,,,,783.8564062500009,783.8652658329956,784.8507994579995,784.8507994579995,784.8507994579995,784.9225403749952,784.9225403749952,784.9225403749952,785.3271486249942,z,1.4585316669981694,None,785.327288540997,785.3273483749945,None,,,,,,,,,,,,21040100,2,2026-02-26_12h56.31.216,tilt_mocs,2024.2.4,120.14790206418549,2026-02-26 12h56.44.896457 -0500,
0,-15.0,,428,428,0,,,,,100,0,,,,,c+0,negs,0.75,period,1.2480596249952214,None,None,,,,,,,,,,,0,428,428,437,785.3374389159944,,,,,,,,,,,,,,,,,,,,,,,,,,,,,,,,,,,,,,,,,,,,,,,,,,,,,,,,,,,,,,,,,,,,,,785.3294343749949,785.3374389159944,786.0765483750001,786.0765483750001,786.0765483750001,786.1513065830004,786.1513065830004,786.1513065830004,786.5972852499981,period,1.2480596249952214,None,786.5973888329972,786.5974333330014,None,,,,,,,,,,,,21040100,2,2026-02-26_12h56.31.216,tilt_mocs,2024.2.4,120.14790206418549,2026-02-26 12h56.44.896457 -0500,
-8,-15.0,,429,429,0,,,,,100,0,,,,,c-8,negs,0.75,z,1.2692399589941488,None,None,,,,,,,,,,,0,429,429,264,786.6040494999979,,,,,,,,,,,,,,,,,,,,,,,,,,,,,,,,,,,,,,,,,,,,,,,,,,,,,,,,,,,,,,,,,,,,,,786.5994207499971,786.6040494999979,787.3431372080013,787.3431372080013,787.3431372080013,787.4182892499957,787.4182892499957,787.4182892499957,787.8765911250011,z,1.2692399589941488,None,787.8767295409998,787.876782583,None,,,,,,,,,,,,21040100,2,2026-02-26_12h56.31.216,tilt_mocs,2024.2.4,120.14790206418549,2026-02-26 12h56.44.896457 -0500,
-2,15.0,,430,430,0,,,,,100,0,,,,,c-2,poss,1.0,z,1.6274425830051769,None,None,,,,,,,,,,,0,430,430,27,787.886978040995,,,,,,,,,,,,,,,,,,,,,,,,,,,,,,,,,,,,,,,,,,,,,,,,,,,,,,,,,,,,,,,,,,,,,,787.8787857079951,787.886978040995,788.8772744579983,788.8772744579983,788.8772744579983,788.950325040998,788.950325040998,788.950325040998,789.5201472080007,z,1.6274425830051769,None,789.5202483329995,789.5202916249982,None,,,,,,,,,,,,21040100,2,2026-02-26_12h56.31.216,tilt_mocs,2024.2.4,120.14790206418549,2026-02-26 12h56.44.896457 -0500,
-4,0.0,,431,431,0,,,,,0,100,,,,,c-4,noss,1.0,z,1.5320883329986827,None,None,,,,,,,,,,,0,431,431,529,789.5309003750008,,,,,,,,,,,,,,,,,,,,,,,,,,,,,,,,,,,,,,,,,,,,,,,,,,,,,,,,,,,,,,,,,,,,,,789.5222583750001,789.5309003750008,790.5177459159968,790.5177459159968,790.5177459159968,790.589757916001,790.589757916001,790.589757916001,791.0703246659978,z,1.5320883329986827,None,791.0704549579968,791.0705098749968,None,,,,,,,,,,,,21040100,2,2026-02-26_12h56.31.216,tilt_mocs,2024.2.4,120.14790206418549,2026-02-26 12h56.44.896457 -0500,
4,0.0,,432,432,0,,,,,0,100,,,,,c+4,noss,0.75,period,1.294573582999874,None,None,,,,,,,,,,,0,432,432,691,791.0811362909953,,,,,,,,,,,,,,,,,,,,,,,,,,,,,,,,,,,,,,,,,,,,,,,,,,,,,,,,,,,,,,,,,,,,,,791.0726329999961,791.0811362909953,791.8177449159994,791.8177449159994,791.8177449159994,791.8895351249957,791.8895351249957,791.8895351249957,792.3869775409985,period,1.294573582999874,None,792.3871074579947,792.387163374995,None,,,,,,,,,,,,21040100,2,2026-02-26_12h56.31.216,tilt_mocs,2024.2.4,120.14790206418549,2026-02-26 12h56.44.896457 -0500,
2,15.0,,433,433,0,,,,,100,0,,,,,c+2,poss,0.5,period,1.2146514999985811,None,None,,,,,,,,,,,0,433,433,88,792.3981653749943,,,,,,,,,,,,,,,,,,,,,,,,,,,,,,,,,,,,,,,,,,,,,,,,,,,,,,,,,,,,,,,,,,,,,,792.3892647499961,792.3981653749943,792.8844795409968,792.8844795409968,792.8844795409968,792.9567021659968,792.9567021659968,792.9567021659968,793.6205178749951,period,1.2146514999985811,None,793.620620791,793.6206742909999,None,,,,,,,,,,,,21040100,2,2026-02-26_12h56.31.216,tilt_mocs,2024.2.4,120.14790206418549,2026-02-26 12h56.44.896457 -0500,
8,15.0,,434,434,0,,,,,100,0,,,,,c+8,poss,1.0,period,1.5062915840026108,None,None,,,,,,,,,,,0,434,434,232,793.6315048749966,,,,,,,,,,,,,,,,,,,,,,,,,,,,,,,,,,,,,,,,,,,,,,,,,,,,,,,,,,,,,,,,,,,,,,793.6226986659967,793.6315048749966,794.6178160409982,794.6178160409982,794.6178160409982,794.6891251249981,794.6891251249981,794.6891251249981,795.1416490829943,period,1.5062915840026108,None,795.1417486659993,795.1417988329995,None,,,,,,,,,,,,21040100,2,2026-02-26_12h56.31.216,tilt_mocs,2024.2.4,120.14790206418549,2026-02-26 12h56.44.896457 -0500,
2,15.0,,435,435,0,,,,,100,0,,,,,c+2,poss,0.5,z,1.2510381669999333,None,None,,,,,,,,,,,0,435,435,86,795.1679410409997,,,,,,,,,,,,,,,,,,,,,,,,,,,,,,,,,,,,,,,,,,,,,,,,,,,,,,,,,,,,,,,,,,,,,,795.1437676249989,795.1679410409997,795.6435947909995,795.6435947909995,795.6435947909995,795.7184699999998,795.7184699999998,795.7184699999998,796.430661665996,z,1.2510381669999333,None,796.4307613749988,796.4308056660011,None,,,,,,,,,,,,21040100,2,2026-02-26_12h56.31.216,tilt_mocs,2024.2.4,120.14790206418549,2026-02-26 12h56.44.896457 -0500,
4,0.0,,436,436,0,,,,,0,100,,,,,c+4,noss,0.5,period,0.9376009169936879,None,None,,,,,,,,,,,0,436,436,682,796.4374257909949,,,,,,,,,,,,,,,,,,,,,,,,,,,,,,,,,,,,,,,,,,,,,,,,,,,,,,,,,,,,,,,,,,,,,,796.4327506659974,796.4374257909949,796.9268225409978,796.9268225409978,796.9268225409978,797.001483,797.001483,797.001483,797.388014958,period,0.9376009169936879,None,797.3881827500009,797.3882498329986,None,,,,,,,,,,,,21040100,2,2026-02-26_12h56.31.216,tilt_mocs,2024.2.4,120.14790206418549,2026-02-26 12h56.44.896457 -0500,
0,-15.0,,437,437,0,,,,,100,0,,,,,c+0,negs,1.25,period,1.7418750420038123,None,None,,,,,,,,,,,0,437,437,457,797.4002691249989,,,,,,,,,,,,,,,,,,,,,,,,,,,,,,,,,,,,,,,,,,,,,,,,,,,,,,,,,,,,,,,,,,,,,,797.3911904999986,797.4002691249989,798.6339269999953,798.6339269999953,798.6339269999953,798.7070159159994,798.7070159159994,798.7070159159994,799.1538990830013,period,1.7418750420038123,None,799.1540232909974,799.1540776249967,None,,,,,,,,,,,,21040100,2,2026-02-26_12h56.31.216,tilt_mocs,2024.2.4,120.14790206418549,2026-02-26 12h56.44.896457 -0500,
0,-15.0,,438,438,0,,,,,100,0,,,,,c+0,negs,1.0,period,1.5176925419946201,None,None,,,,,,,,,,,0,438,438,442,799.1648338749947,,,,,,,,,,,,,,,,,,,,,,,,,,,,,,,,,,,,,,,,,,,,,,,,,,,,,,,,,,,,,,,,,,,,,,799.1562593329945,799.1648338749947,800.1513729159997,800.1513729159997,800.1513729159997,800.2234908329992,800.2234908329992,800.2234908329992,800.6881150830013,period,1.5176925419946201,None,800.6882545830013,800.688311291,None,,,,,,,,,,,,21040100,2,2026-02-26_12h56.31.216,tilt_mocs,2024.2.4,120.14790206418549,2026-02-26 12h56.44.896457 -0500,
-2,-15.0,,439,439,0,,,,,100,0,,,,,c-2,negs,1.25,period,1.6862521250004647,None,None,,,,,,,,,,,0,439,439,414,800.6999924580014,,,,,,,,,,,,,,,,,,,,,,,,,,,,,,,,,,,,,,,,,,,,,,,,,,,,,,,,,,,,,,,,,,,,,,800.6909421659948,800.6999924580014,801.9348031659974,801.9348031659974,801.9348031659974,802.0073295409966,802.0073295409966,802.0073295409966,802.3979070829955,period,1.6862521250004647,None,802.3980023749973,802.3980449160008,None,,,,,,,,,,,,21040100,2,2026-02-26_12h56.31.216,tilt_mocs,2024.2.4,120.14790206418549,2026-02-26 12h56.44.896457 -0500,
4,15.0,,440,440,0,,,,,100,0,,,,,c+4,poss,1.0,period,1.4347215829984634,None,None,,,,,,,,,,,0,440,440,157,802.4043950829946,,,,,,,,,,,,,,,,,,,,,,,,,,,,,,,,,,,,,,,,,,,,,,,,,,,,,,,,,,,,,,,,,,,,,,802.3999697079998,802.4043950829946,803.3944749579969,803.3944749579969,803.3944749579969,803.4687265409957,803.4687265409957,803.4687265409957,803.8438395409976,period,1.4347215829984634,None,803.8439439579961,803.8439874999967,None,,,,,,,,,,,,21040100,2,2026-02-26_12h56.31.216,tilt_mocs,2024.2.4,120.14790206418549,2026-02-26 12h56.44.896457 -0500,
2,-15.0,,441,441,0,,,,,100,0,,,,,c+2,negs,1.0,period,1.4604886669985717,None,None,,,,,,,,,,,0,441,441,486,803.8545412499952,,,,,,,,,,,,,,,,,,,,,,,,,,,,,,,,,,,,,,,,,,,,,,,,,,,,,,,,,,,,,,,,,,,,,,803.8459844579993,803.8545412499952,804.844740540997,804.844740540997,804.844740540997,804.9175908329998,804.9175908329998,804.9175908329998,805.3210280409985,period,1.4604886669985717,None,805.3211565409947,805.3212122080004,None,,,,,,,,,,,,21040100,2,2026-02-26_12h56.31.216,tilt_mocs,2024.2.4,120.14790206418549,2026-02-26 12h56.44.896457 -0500,
0,15.0,,442,442,0,,,,,100,0,,,,,c+0,poss,0.5,period,1.1977702919975854,None,None,,,,,,,,,,,0,442,442,44,805.33224625,,,,,,,,,,,,,,,,,,,,,,,,,,,,,,,,,,,,,,,,,,,,,,,,,,,,,,,,,,,,,,,,,,,,,,805.3233901659987,805.33224625,805.8172242910005,805.8172242910005,805.8172242910005,805.8905213329999,805.8905213329999,805.8905213329999,806.5376380829985,period,1.1977702919975854,None,806.5377642909953,806.5378192499993,None,,,,,,,,,,,,21040100,2,2026-02-26_12h56.31.216,tilt_mocs,2024.2.4,120.14790206418549,2026-02-26 12h56.44.896457 -0500,
2,0.0,,443,443,0,,,,,0,100,,,,,c+2,noss,1.0,period,1.5222139159959625,None,None,,,,,,,,,,,0,443,443,655,806.5488090829967,,,,,,,,,,,,,,,,,,,,,,,,,,,,,,,,,,,,,,,,,,,,,,,,,,,,,,,,,,,,,,,,,,,,,,806.5400360829954,806.5488090829967,807.5349270829975,807.5349270829975,807.5349270829975,807.6071457079961,807.6071457079961,807.6071457079961,808.0772271659953,period,1.5222139159959625,None,808.0773275409956,808.0773726249972,None,,,,,,,,,,,,21040100,2,2026-02-26_12h56.31.216,tilt_mocs,2024.2.4,120.14790206418549,2026-02-26 12h56.44.896457 -0500,
6,15.0,,444,444,0,,,,,100,0,,,,,c+6,poss,1.0,period,1.4832869589954498,None,None,,,,,,,,,,,0,444,444,195,808.0877072079966,,,,,,,,,,,,,,,,,,,,,,,,,,,,,,,,,,,,,,,,,,,,,,,,,,,,,,,,,,,,,,,,,,,,,,808.079343915997,808.0877072079966,809.0772534159987,809.0772534159987,809.0772534159987,809.152204207996,809.152204207996,809.152204207996,809.5768764579989,period,1.4832869589954498,None,809.5770101249946,809.5770654160006,None,,,,,,,,,,,,21040100,2,2026-02-26_12h56.31.216,tilt_mocs,2024.2.4,120.14790206418549,2026-02-26 12h56.44.896457 -0500,
4,0.0,,445,445,0,,,,,0,100,,,,,c+4,noss,1.25,period,1.714379375000135,None,None,,,,,,,,,,,0,445,445,712,809.5880246659945,,,,,,,,,,,,,,,,,,,,,,,,,,,,,,,,,,,,,,,,,,,,,,,,,,,,,,,,,,,,,,,,,,,,,,809.5791470409968,809.5880246659945,810.8279893329964,810.8279893329964,810.8279893329964,810.9023831249942,810.9023831249942,810.9023831249942,811.3052004579949,period,1.714379375000135,None,811.3053592910001,811.3054119160006,None,,,,,,,,,,,,21040100,2,2026-02-26_12h56.31.216,tilt_mocs,2024.2.4,120.14790206418549,2026-02-26 12h56.44.896457 -0500,
8,15.0,,446,446,0,,,,,100,0,,,,,c+8,poss,0.75,period,1.1218517090019304,None,None,,,,,,,,,,,0,446,446,224,811.317499165998,,,,,,,,,,,,,,,,,,,,,,,,,,,,,,,,,,,,,,,,,,,,,,,,,,,,,,,,,,,,,,,,,,,,,,811.3082091249962,811.317499165998,812.0517722079967,812.0517722079967,812.0517722079967,812.1238352910004,812.1238352910004,812.1238352910004,812.4433450409997,period,1.1218517090019304,None,812.4434704160012,812.443523957998,None,,,,,,,,,,,,21040100,2,2026-02-26_12h56.31.216,tilt_mocs,2024.2.4,120.14790206418549,2026-02-26 12h56.44.896457 -0500,
0,0.0,,447,447,0,,,,,0,100,,,,,c+0,noss,0.75,period,1.3638511249955627,None,None,,,,,,,,,,,0,447,447,606,812.4545999159964,,,,,,,,,,,,,,,,,,,,,,,,,,,,,,,,,,,,,,,,,,,,,,,,,,,,,,,,,,,,,,,,,,,,,,812.445668290995,812.4545999159964,813.1948282909943,813.1948282909943,813.1948282909943,813.2689988749989,813.2689988749989,813.2689988749989,813.8210365409977,period,1.3638511249955627,None,813.8211399159991,813.8211820829965,None,,,,,,,,,,,,21040100,2,2026-02-26_12h56.31.216,tilt_mocs,2024.2.4,120.14790206418549,2026-02-26 12h56.44.896457 -0500,
-4,0.0,,448,448,0,,,,,0,100,,,,,c-4,noss,1.25,z,1.7154537919996073,None,None,,,,,,,,,,,0,448,448,536,813.8319521250014,,,,,,,,,,,,,,,,,,,,,,,,,,,,,,,,,,,,,,,,,,,,,,,,,,,,,,,,,,,,,,,,,,,,,,813.8231522909991,813.8319521250014,815.0684991249946,815.0684991249946,815.0684991249946,815.1403470000005,815.1403470000005,815.1403470000005,815.554638540998,z,1.7154537919996073,None,815.554767665999,815.5548223750011,None,,,,,,,,,,,,21040100,2,2026-02-26_12h56.31.216,tilt_mocs,2024.2.4,120.14790206418549,2026-02-26 12h56.44.896457 -0500,
4,15.0,,449,449,0,,,,,100,0,,,,,c+4,poss,0.5,period,1.0158722919950378,None,None,,,,,,,,,,,0,449,449,131,815.5661323329987,,,,,,,,,,,,,,,,,,,,,,,,,,,,,,,,,,,,,,,,,,,,,,,,,,,,,,,,,,,,,,,,,,,,,,815.5571958750006,815.5661323329987,816.0518605830002,816.0518605830002,816.0518605830002,816.123626790999,816.123626790999,816.123626790999,816.5881808330014,period,1.0158722919950378,None,816.5883123329986,816.5883702079955,None,,,,,,,,,,,,21040100,2,2026-02-26_12h56.31.216,tilt_mocs,2024.2.4,120.14790206418549,2026-02-26 12h56.44.896457 -0500,
6,15.0,,450,450,0,,,,,100,0,,,,,c+6,poss,0.5,period,0.921108082999126,None,None,,,,,,,,,,,0,450,450,169,816.5996415830014,,,,,,,,,,,,,,,,,,,,,,,,,,,,,,,,,,,,,,,,,,,,,,,,,,,,,,,,,,,,,,,,,,,,,,816.5905982499971,816.5996415830014,817.0852287909947,817.0852287909947,817.0852287909947,817.1574400409954,817.1574400409954,817.1574400409954,817.5272293749949,period,0.921108082999126,None,817.5273559159978,817.5274109159946,None,,,,,,,,,,,,21040100,2,2026-02-26_12h56.31.216,tilt_mocs,2024.2.4,120.14790206418549,2026-02-26 12h56.44.896457 -0500,
2,0.0,,451,451,0,,,,,0,100,,,,,c+2,noss,1.0,period,1.4378257080024923,None,None,,,,,,,,,,,0,451,451,661,817.5384428329999,,,,,,,,,,,,,,,,,,,,,,,,,,,,,,,,,,,,,,,,,,,,,,,,,,,,,,,,,,,,,,,,,,,,,,817.5296430829985,817.5384428329999,818.5279069159951,818.5279069159951,818.5279069159951,818.6023029999997,818.6023029999997,818.6023029999997,818.9879482079996,period,1.4378257080024923,None,818.9880762909961,818.9881315409948,None,,,,,,,,,,,,21040100,2,2026-02-26_12h56.31.216,tilt_mocs,2024.2.4,120.14790206418549,2026-02-26 12h56.44.896457 -0500,
-4,0.0,,452,452,0,,,,,0,100,,,,,c-4,noss,0.5,z,1.019719374999113,None,None,,,,,,,,,,,0,452,452,514,818.9989057909988,,,,,,,,,,,,,,,,,,,,,,,,,,,,,,,,,,,,,,,,,,,,,,,,,,,,,,,,,,,,,,,,,,,,,,818.9901277079989,818.9989057909988,819.4853939579989,819.4853939579989,819.4853939579989,819.558312041001,819.558312041001,819.558312041001,820.021559832996,z,1.019719374999113,None,820.0216751659973,820.0217184159992,None,,,,,,,,,,,,21040100,2,2026-02-26_12h56.31.216,tilt_mocs,2024.2.4,120.14790206418549,2026-02-26 12h56.44.896457 -0500,
4,15.0,,453,453,0,,,,,100,0,,,,,c+4,poss,1.25,period,1.864113499999803,None,None,,,,,,,,,,,0,453,453,163,820.0354971249981,,,,,,,,,,,,,,,,,,,,,,,,,,,,,,,,,,,,,,,,,,,,,,,,,,,,,,,,,,,,,,,,,,,,,,820.0236728749951,820.0354971249981,821.2686696659948,821.2686696659948,821.2686696659948,821.340926290999,821.340926290999,821.340926290999,821.9036336659992,period,1.864113499999803,None,821.9037573329988,821.9038109159956,None,,,,,,,,,,,,21040100,2,2026-02-26_12h56.31.216,tilt_mocs,2024.2.4,120.14790206418549,2026-02-26 12h56.44.896457 -0500,
4,15.0,,454,454,0,,,,,100,0,,,,,c+4,poss,0.75,period,1.1793353329994716,None,None,,,,,,,,,,,0,454,454,147,821.9150534579967,,,,,,,,,,,,,,,,,,,,,,,,,,,,,,,,,,,,,,,,,,,,,,,,,,,,,,,,,,,,,,,,,,,,,,821.9061924159978,821.9150534579967,822.6520885409991,822.6520885409991,822.6520885409991,822.7244633329974,822.7244633329974,822.7244633329974,823.1047147909994,period,1.1793353329994716,None,823.1048221249948,823.1048661249952,None,,,,,,,,,,,,21040100,2,2026-02-26_12h56.31.216,tilt_mocs,2024.2.4,120.14790206418549,2026-02-26 12h56.44.896457 -0500,
-4,-15.0,,455,455,0,,,,,100,0,,,,,c-4,negs,1.0,z,1.6080305840005167,None,None,,,,,,,,,,,0,455,455,362,823.1156772909962,,,,,,,,,,,,,,,,,,,,,,,,,,,,,,,,,,,,,,,,,,,,,,,,,,,,,,,,,,,,,,,,,,,,,,823.1068937499949,823.1156772909962,824.1023819999973,824.1023819999973,824.1023819999973,824.1741697909965,824.1741697909965,824.1741697909965,824.7270344159988,z,1.6080305840005167,None,824.7271304159949,824.7271720829958,None,,,,,,,,,,,,21040100,2,2026-02-26_12h56.31.216,tilt_mocs,2024.2.4,120.14790206418549,2026-02-26 12h56.44.896457 -0500,
2,-15.0,,456,456,0,,,,,100,0,,,,,c+2,negs,0.5,period,1.0041179999971064,None,None,,,,,,,,,,,0,456,456,470,824.7380617909948,,,,,,,,,,,,,,,,,,,,,,,,,,,,,,,,,,,,,,,,,,,,,,,,,,,,,,,,,,,,,,,,,,,,,,824.7291273749943,824.7380617909948,825.2283323749944,825.2283323749944,825.2283323749944,825.3027339580003,825.3027339580003,825.3027339580003,825.7534262909976,period,1.0041179999971064,None,825.753544332998,825.7535968329976,None,,,,,,,,,,,,21040100,2,2026-02-26_12h56.31.216,tilt_mocs,2024.2.4,120.14790206418549,2026-02-26 12h56.44.896457 -0500,
0,-15.0,,457,457,0,,,,,100,0,,,,,c+0,negs,0.5,period,1.0258816669957014,None,None,,,,,,,,,,,0,457,457,428,825.7609009160005,,,,,,,,,,,,,,,,,,,,,,,,,,,,,,,,,,,,,,,,,,,,,,,,,,,,,,,,,,,,,,,,,,,,,,825.755580457997,825.7609009160005,826.2457152499992,826.2457152499992,826.2457152499992,826.3195972499961,826.3195972499961,826.3195972499961,826.798482457998,period,1.0258816669957014,None,826.798580415998,826.798623249997,None,,,,,,,,,,,,21040100,2,2026-02-26_12h56.31.216,tilt_mocs,2024.2.4,120.14790206418549,2026-02-26 12h56.44.896457 -0500,
4,15.0,,458,458,0,,,,,100,0,,,,,c+4,poss,1.25,period,1.7938224579993403,None,None,,,,,,,,,,,0,458,458,165,826.8054383749986,,,,,,,,,,,,,,,,,,,,,,,,,,,,,,,,,,,,,,,,,,,,,,,,,,,,,,,,,,,,,,,,,,,,,,826.8005849999972,826.8054383749986,828.0448775409968,828.0448775409968,828.0448775409968,828.1194787079949,828.1194787079949,828.1194787079949,828.6048587499972,period,1.7938224579993403,None,828.6049819999971,828.6050345830008,None,,,,,,,,,,,,21040100,2,2026-02-26_12h56.31.216,tilt_mocs,2024.2.4,120.14790206418549,2026-02-26 12h56.44.896457 -0500,
-6,-15.0,,459,459,0,,,,,100,0,,,,,c-6,negs,1.0,z,1.647040208998078,None,None,,,,,,,,,,,0,459,459,324,828.6160836659983,,,,,,,,,,,,,,,,,,,,,,,,,,,,,,,,,,,,,,,,,,,,,,,,,,,,,,,,,,,,,,,,,,,,,,828.6074340409978,828.6160836659983,829.6023420409983,829.6023420409983,829.6023420409983,829.6745927079974,829.6745927079974,829.6745927079974,830.2725438329944,z,1.647040208998078,None,830.2726860830007,830.2727434999979,None,,,,,,,,,,,,21040100,2,2026-02-26_12h56.31.216,tilt_mocs,2024.2.4,120.14790206418549,2026-02-26 12h56.44.896457 -0500,
-4,0.0,,460,460,0,,,,,0,100,,,,,c-4,noss,1.0,z,1.5940936670012888,None,None,,,,,,,,,,,0,460,460,527,830.2840282079997,,,,,,,,,,,,,,,,,,,,,,,,,,,,,,,,,,,,,,,,,,,,,,,,,,,,,,,,,,,,,,,,,,,,,,830.275024165996,830.2840282079997,831.2691700829964,831.2691700829964,831.2691700829964,831.3411320000014,831.3411320000014,831.3411320000014,831.8883538749942,z,1.5940936670012888,None,831.8884821249958,831.8885359159976,None,,,,,,,,,,,,21040100,2,2026-02-26_12h56.31.216,tilt_mocs,2024.2.4,120.14790206418549,2026-02-26 12h56.44.896457 -0500,
-4,-15.0,,461,461,0,,,,,100,0,,,,,c-4,negs,1.25,z,1.7298517500021262,None,None,,,,,,,,,,,0,461,461,369,831.8996457909961,,,,,,,,,,,,,,,,,,,,,,,,,,,,,,,,,,,,,,,,,,,,,,,,,,,,,,,,,,,,,,,,,,,,,,831.8910437079976,831.8996457909961,833.1359427499992,833.1359427499992,833.1359427499992,833.2084941249996,833.2084941249996,833.2084941249996,833.6384885410007,z,1.7298517500021262,None,833.6386180409972,833.6386799159955,None,,,,,,,,,,,,21040100,2,2026-02-26_12h56.31.216,tilt_mocs,2024.2.4,120.14790206418549,2026-02-26 12h56.44.896457 -0500,
0,0.0,,462,462,0,,,,,0,100,,,,,c+0,noss,0.5,period,1.1702280410027015,None,None,,,,,,,,,,,0,462,462,595,833.6499437499951,,,,,,,,,,,,,,,,,,,,,,,,,,,,,,,,,,,,,,,,,,,,,,,,,,,,,,,,,,,,,,,,,,,,,,833.6411757079986,833.6499437499951,834.1358950829963,834.1358950829963,834.1358950829963,834.208107790997,834.208107790997,834.208107790997,834.8227760829977,period,1.1702280410027015,None,834.8229248749994,834.8229818749969,None,,,,,,,,,,,,21040100,2,2026-02-26_12h56.31.216,tilt_mocs,2024.2.4,120.14790206418549,2026-02-26 12h56.44.896457 -0500,
-2,15.0,,463,463,0,,,,,100,0,,,,,c-2,poss,0.5,z,1.1358567919960478,None,None,,,,,,,,,,,0,463,463,7,834.8340403330003,,,,,,,,,,,,,,,,,,,,,,,,,,,,,,,,,,,,,,,,,,,,,,,,,,,,,,,,,,,,,,,,,,,,,,834.8252869999997,834.8340403330003,835.3192365829964,835.3192365829964,835.3192365829964,835.3917701249957,835.3917701249957,835.3917701249957,835.9727093749971,z,1.1358567919960478,None,835.9728615829954,835.9729229160002,None,,,,,,,,,,,,21040100,2,2026-02-26_12h56.31.216,tilt_mocs,2024.2.4,120.14790206418549,2026-02-26 12h56.44.896457 -0500,
2,-15.0,,464,464,0,,,,,100,0,,,,,c+2,negs,1.0,period,1.5636558750047698,None,None,,,,,,,,,,,0,464,464,485,835.9847874159968,,,,,,,,,,,,,,,,,,,,,,,,,,,,,,,,,,,,,,,,,,,,,,,,,,,,,,,,,,,,,,,,,,,,,,835.9756239999988,835.9847874159968,836.9692283749973,836.9692283749973,836.9692283749973,837.0412879159994,837.0412879159994,837.0412879159994,837.5553544159993,period,1.5636558750047698,None,837.5554805409993,837.5555342910011,None,,,,,,,,,,,,21040100,2,2026-02-26_12h56.31.216,tilt_mocs,2024.2.4,120.14790206418549,2026-02-26 12h56.44.896457 -0500,
-6,-15.0,,465,465,0,,,,,100,0,,,,,c-6,negs,1.0,z,1.4803126249971683,None,None,,,,,,,,,,,0,465,465,316,837.5661173330009,,,,,,,,,,,,,,,,,,,,,,,,,,,,,,,,,,,,,,,,,,,,,,,,,,,,,,,,,,,,,,,,,,,,,,837.5577009999979,837.5661173330009,838.552738499995,838.552738499995,838.552738499995,838.6257228329996,838.6257228329996,838.6257228329996,839.055368207999,z,1.4803126249971683,None,839.055495749999,839.0555499159964,None,,,,,,,,,,,,21040100,2,2026-02-26_12h56.31.216,tilt_mocs,2024.2.4,120.14790206418549,2026-02-26 12h56.44.896457 -0500,
6,15.0,,466,466,0,,,,,100,0,,,,,c+6,poss,1.0,period,1.4040304579975782,None,None,,,,,,,,,,,0,466,466,193,839.0666542499966,,,,,,,,,,,,,,,,,,,,,,,,,,,,,,,,,,,,,,,,,,,,,,,,,,,,,,,,,,,,,,,,,,,,,,839.0579327909945,839.0666542499966,840.052801124999,840.052801124999,840.052801124999,840.1366336249994,840.1366336249994,840.1366336249994,840.4826771660009,period,1.4040304579975782,None,840.4827774579971,840.4828350829994,None,,,,,,,,,,,,21040100,2,2026-02-26_12h56.31.216,tilt_mocs,2024.2.4,120.14790206418549,2026-02-26 12h56.44.896457 -0500,
4,0.0,,467,467,0,,,,,0,100,,,,,c+4,noss,0.5,period,1.0340313330016215,None,None,,,,,,,,,,,0,467,467,674,840.4892514579988,,,,,,,,,,,,,,,,,,,,,,,,,,,,,,,,,,,,,,,,,,,,,,,,,,,,,,,,,,,,,,,,,,,,,,840.4848040409997,840.4892514579988,840.9787754579957,840.9787754579957,840.9787754579957,841.053232833001,841.053232833001,841.053232833001,841.5273840000009,period,1.0340313330016215,None,841.5275047079995,841.527558791,None,,,,,,,,,,,,21040100,2,2026-02-26_12h56.31.216,tilt_mocs,2024.2.4,120.14790206418549,2026-02-26 12h56.44.896457 -0500,
-8,-15.0,,468,468,0,,,,,100,0,,,,,c-8,negs,1.25,z,1.790225458003988,None,None,,,,,,,,,,,0,468,468,284,841.5385337080006,,,,,,,,,,,,,,,,,,,,,,,,,,,,,,,,,,,,,,,,,,,,,,,,,,,,,,,,,,,,,,,,,,,,,,841.5295915829993,841.5385337080006,842.7791699579975,842.7791699579975,842.7791699579975,842.8533772500014,842.8533772500014,842.8533772500014,843.3391326249985,z,1.790225458003988,None,843.3392867910006,843.3393658329951,None,,,,,,,,,,,,21040100,2,2026-02-26_12h56.31.216,tilt_mocs,2024.2.4,120.14790206418549,2026-02-26 12h56.44.896457 -0500,
2,-15.0,,469,469,0,,,,,100,0,,,,,c+2,negs,0.5,period,0.920468707998225,None,None,,,,,,,,,,,0,469,469,464,843.3503457080005,,,,,,,,,,,,,,,,,,,,,,,,,,,,,,,,,,,,,,,,,,,,,,,,,,,,,,,,,,,,,,,,,,,,,,843.3416327079976,843.3503457080005,843.8361624579993,843.8361624579993,843.8361624579993,843.9084191660004,843.9084191660004,843.9084191660004,844.2738538330013,period,0.920468707998225,None,844.2740636659946,844.2741329579949,None,,,,,,,,,,,,21040100,2,2026-02-26_12h56.31.216,tilt_mocs,2024.2.4,120.14790206418549,2026-02-26 12h56.44.896457 -0500,
0,15.0,,470,470,0,,,,,100,0,,,,,c+0,poss,0.75,z,1.2177137499966193,None,None,,,,,,,,,,,0,470,470,61,844.2860220000002,,,,,,,,,,,,,,,,,,,,,,,,,,,,,,,,,,,,,,,,,,,,,,,,,,,,,,,,,,,,,,,,,,,,,,844.276872208,844.2860220000002,845.0195967499967,845.0195967499967,845.0195967499967,845.0915087499961,845.0915087499961,845.0915087499961,845.5067432079959,z,1.2177137499966193,None,845.5068920829945,845.5069685409981,None,,,,,,,,,,,,21040100,2,2026-02-26_12h56.31.216,tilt_mocs,2024.2.4,120.14790206418549,2026-02-26 12h56.44.896457 -0500,
-2,0.0,,471,471,0,,,,,0,100,,,,,c-2,noss,0.5,z,0.9815613750033663,None,None,,,,,,,,,,,0,471,471,548,845.5190857499983,,,,,,,,,,,,,,,,,,,,,,,,,,,,,,,,,,,,,,,,,,,,,,,,,,,,,,,,,,,,,,,,,,,,,,845.5102530000004,845.5190857499983,846.0029585000011,846.0029585000011,846.0029585000011,846.0760998330006,846.0760998330006,846.0760998330006,846.5058512909964,z,0.9815613750033663,None,846.5059809160011,846.506037082996,None,,,,,,,,,,,,21040100,2,2026-02-26_12h56.31.216,tilt_mocs,2024.2.4,120.14790206418549,2026-02-26 12h56.44.896457 -0500,
6,15.0,,472,472,0,,,,,100,0,,,,,c+6,poss,0.5,period,1.002661958002136,None,None,,,,,,,,,,,0,472,472,176,846.5171985829948,,,,,,,,,,,,,,,,,,,,,,,,,,,,,,,,,,,,,,,,,,,,,,,,,,,,,,,,,,,,,,,,,,,,,,846.5085185829957,846.5171985829948,847.0029142909989,847.0029142909989,847.0029142909989,847.0750697909971,847.0750697909971,847.0750697909971,847.5225873329982,period,1.002661958002136,None,847.5227349159977,847.5228184999942,None,,,,,,,,,,,,21040100,2,2026-02-26_12h56.31.216,tilt_mocs,2024.2.4,120.14790206418549,2026-02-26 12h56.44.896457 -0500,
-2,15.0,,473,473,0,,,,,100,0,,,,,c-2,poss,1.0,z,1.4804292499975418,None,None,,,,,,,,,,,0,473,473,30,847.5343410829955,,,,,,,,,,,,,,,,,,,,,,,,,,,,,,,,,,,,,,,,,,,,,,,,,,,,,,,,,,,,,,,,,,,,,,847.5250779159978,847.5343410829955,848.5196842079968,848.5196842079968,848.5196842079968,848.5932045410009,848.5932045410009,848.5932045410009,849.0224282909985,z,1.4804292499975418,None,849.0225565829969,849.0226105409965,None,,,,,,,,,,,,21040100,2,2026-02-26_12h56.31.216,tilt_mocs,2024.2.4,120.14790206418549,2026-02-26 12h56.44.896457 -0500,
-6,-15.0,,474,474,0,,,,,100,0,,,,,c-6,negs,0.75,z,1.1582957500068005,None,None,,,,,,,,,,,0,474,474,307,849.0338794999989,,,,,,,,,,,,,,,,,,,,,,,,,,,,,,,,,,,,,,,,,,,,,,,,,,,,,,,,,,,,,,,,,,,,,,849.025108916001,849.0338794999989,849.7687891249952,849.7687891249952,849.7687891249952,849.841744749996,849.841744749996,849.841744749996,850.1952100829949,z,1.1582957500068005,None,850.1953379159968,850.1953932499964,None,,,,,,,,,,,,21040100,2,2026-02-26_12h56.31.216,tilt_mocs,2024.2.4,120.14790206418549,2026-02-26 12h56.44.896457 -0500,
-4,-15.0,,475,475,0,,,,,100,0,,,,,c-4,negs,0.75,z,1.2035644170027808,None,None,,,,,,,,,,,0,475,475,349,850.2062328329994,,,,,,,,,,,,,,,,,,,,,,,,,,,,,,,,,,,,,,,,,,,,,,,,,,,,,,,,,,,,,,,,,,,,,,850.1974453329967,850.2062328329994,850.9461854999972,850.9461854999972,850.9461854999972,851.0201181250013,851.0201181250013,851.0201181250013,851.4128244159947,z,1.2035644170027808,None,851.4129609160009,851.4130184159949,None,,,,,,,,,,,,21040100,2,2026-02-26_12h56.31.216,tilt_mocs,2024.2.4,120.14790206418549,2026-02-26 12h56.44.896457 -0500,
4,0.0,,476,476,0,,,,,0,100,,,,,c+4,noss,1.0,period,1.3545085830046446,None,None,,,,,,,,,,,0,476,476,695,851.4234694580009,,,,,,,,,,,,,,,,,,,,,,,,,,,,,,,,,,,,,,,,,,,,,,,,,,,,,,,,,,,,,,,,,,,,,,851.415142040998,851.4234694580009,852.413288415999,852.413288415999,852.413288415999,852.4871143329947,852.4871143329947,852.4871143329947,852.7895998749955,period,1.3545085830046446,None,852.7897343329969,852.789790625,None,,,,,,,,,,,,21040100,2,2026-02-26_12h56.31.216,tilt_mocs,2024.2.4,120.14790206418549,2026-02-26 12h56.44.896457 -0500,
0,0.0,,477,477,0,,,,,0,100,,,,,c+0,noss,1.25,period,1.9430350420007017,None,None,,,,,,,,,,,0,477,477,621,852.8006753329973,,,,,,,,,,,,,,,,,,,,,,,,,,,,,,,,,,,,,,,,,,,,,,,,,,,,,,,,,,,,,,,,,,,,,,852.792057957995,852.8006753329973,854.0365914579961,854.0365914579961,854.0365914579961,854.1090475829988,854.1090475829988,854.1090475829988,854.7561574579959,period,1.9430350420007017,None,854.7562886659944,854.7563430829978,None,,,,,,,,,,,,21040100,2,2026-02-26_12h56.31.216,tilt_mocs,2024.2.4,120.14790206418549,2026-02-26 12h56.44.896457 -0500,
-2,0.0,,478,478,0,,,,,0,100,,,,,c-2,noss,1.25,z,1.7937466670045978,None,None,,,,,,,,,,,0,478,478,581,854.7666462079942,,,,,,,,,,,,,,,,,,,,,,,,,,,,,,,,,,,,,,,,,,,,,,,,,,,,,,,,,,,,,,,,,,,,,,854.7584191659989,854.7666462079942,856.0031615409971,856.0031615409971,856.0031615409971,856.0760683749977,856.0760683749977,856.0760683749977,856.5715688329947,z,1.7937466670045978,None,856.5716710409979,856.5717342909993,None,,,,,,,,,,,,21040100,2,2026-02-26_12h56.31.216,tilt_mocs,2024.2.4,120.14790206418549,2026-02-26 12h56.44.896457 -0500,
0,-15.0,,479,479,0,,,,,100,0,,,,,c+0,negs,0.5,period,0.9657578749975073,None,None,,,,,,,,,,,0,479,479,425,856.5791041659977,,,,,,,,,,,,,,,,,,,,,,,,,,,,,,,,,,,,,,,,,,,,,,,,,,,,,,,,,,,,,,,,,,,,,,856.5737525000004,856.5791041659977,857.0700424579991,857.0700424579991,857.0700424579991,857.1424794159975,857.1424794159975,857.1424794159975,857.5566824999987,period,0.9657578749975073,None,857.5568207079996,857.556895624999,None,,,,,,,,,,,,21040100,2,2026-02-26_12h56.31.216,tilt_mocs,2024.2.4,120.14790206418549,2026-02-26 12h56.44.896457 -0500,
0,-15.0,,480,480,0,,,,,100,0,,,,,c+0,negs,0.5,period,0.9200980839959811,None,None,,,,,,,,,,,0,480,480,423,857.5684288330012,,,,,,,,,,,,,,,,,,,,,,,,,,,,,,,,,,,,,,,,,,,,,,,,,,,,,,,,,,,,,,,,,,,,,,857.5592164159971,857.5684288330012,858.0525779999953,858.0525779999953,858.0525779999953,858.1250859159991,858.1250859159991,858.1250859159991,858.4958850830008,period,0.9200980839959811,None,858.4960125409998,858.4960724159973,None,,,,,,,,,,,,21040100,2,2026-02-26_12h56.31.216,tilt_mocs,2024.2.4,120.14790206418549,2026-02-26 12h56.44.896457 -0500,
-6,-15.0,,481,481,0,,,,,100,0,,,,,c-6,negs,1.0,z,1.5269752080057515,None,None,,,,,,,,,,,0,481,481,318,858.5064405000012,,,,,,,,,,,,,,,,,,,,,,,,,,,,,,,,,,,,,,,,,,,,,,,,,,,,,,,,,,,,,,,,,,,,,,858.4981857079983,858.5064405000012,859.4962224580013,859.4962224580013,859.4962224580013,859.5705742499995,859.5705742499995,859.5705742499995,860.0400090409967,z,1.5269752080057515,None,860.0401511249947,860.04021775,None,,,,,,,,,,,,21040100,2,2026-02-26_12h56.31.216,tilt_mocs,2024.2.4,120.14790206418549,2026-02-26 12h56.44.896457 -0500,
-2,-15.0,,482,482,0,,,,,100,0,,,,,c-2,negs,1.25,period,1.807775125002081,None,None,,,,,,,,,,,0,482,482,417,860.0522311249952,,,,,,,,,,,,,,,,,,,,,,,,,,,,,,,,,,,,,,,,,,,,,,,,,,,,,,,,,,,,,,,,,,,,,,860.0428824580013,860.0522311249952,861.2867789999946,861.2867789999946,861.2867789999946,861.3589840409986,861.3589840409986,861.3589840409986,861.8627998329976,period,1.807775125002081,None,861.8629262079994,861.8629816659959,None,,,,,,,,,,,,21040100,2,2026-02-26_12h56.31.216,tilt_mocs,2024.2.4,120.14790206418549,2026-02-26 12h56.44.896457 -0500,
2,15.0,,483,483,0,,,,,100,0,,,,,c+2,poss,1.0,period,1.5671876669948688,None,None,,,,,,,,,,,0,483,483,115,861.8735492909982,,,,,,,,,,,,,,,,,,,,,,,,,,,,,,,,,,,,,,,,,,,,,,,,,,,,,,,,,,,,,,,,,,,,,,861.8654149579961,861.8735492909982,862.8635722079998,862.8635722079998,862.8635722079998,862.9373421659984,862.9373421659984,862.9373421659984,863.445006957998,period,1.5671876669948688,None,863.445127291001,863.4451847079981,None,,,,,,,,,,,,21040100,2,2026-02-26_12h56.31.216,tilt_mocs,2024.2.4,120.14790206418549,2026-02-26 12h56.44.896457 -0500,
8,15.0,,484,484,0,,,,,100,0,,,,,c+8,poss,0.75,period,1.1920342910016188,None,None,,,,,,,,,,,0,484,484,223,863.4562264159977,,,,,,,,,,,,,,,,,,,,,,,,,,,,,,,,,,,,,,,,,,,,,,,,,,,,,,,,,,,,,,,,,,,,,,863.4474421249979,863.4562264159977,864.196740708001,864.196740708001,864.196740708001,864.2707514159993,864.2707514159993,864.2707514159993,864.6562642499994,period,1.1920342910016188,None,864.6563871659964,864.6564416249967,None,,,,,,,,,,,,21040100,2,2026-02-26_12h56.31.216,tilt_mocs,2024.2.4,120.14790206418549,2026-02-26 12h56.44.896457 -0500,
-4,0.0,,485,485,0,,,,,0,100,,,,,c-4,noss,0.75,z,1.2805404579994502,None,None,,,,,,,,,,,0,485,485,516,864.6670562079962,,,,,,,,,,,,,,,,,,,,,,,,,,,,,,,,,,,,,,,,,,,,,,,,,,,,,,,,,,,,,,,,,,,,,,864.6588607079975,864.6670562079962,865.4035177909973,865.4035177909973,865.4035177909973,865.4755079999959,865.4755079999959,865.4755079999959,865.9565484159975,z,1.2805404579994502,None,865.9567111249999,865.9567686250011,None,,,,,,,,,,,,21040100,2,2026-02-26_12h56.31.216,tilt_mocs,2024.2.4,120.14790206418549,2026-02-26 12h56.44.896457 -0500,
-8,-15.0,,486,486,0,,,,,100,0,,,,,c-8,negs,0.75,z,1.2132455410028342,None,None,,,,,,,,,,,0,486,486,263,865.9687992499967,,,,,,,,,,,,,,,,,,,,,,,,,,,,,,,,,,,,,,,,,,,,,,,,,,,,,,,,,,,,,,,,,,,,,,865.9594510829993,865.9687992499967,866.7027705829969,866.7027705829969,866.7027705829969,866.776324749997,866.776324749997,866.776324749997,867.1899475409955,z,1.2132455410028342,None,867.190077457999,867.1901337499949,None,,,,,,,,,,,,21040100,2,2026-02-26_12h56.31.216,tilt_mocs,2024.2.4,120.14790206418549,2026-02-26 12h56.44.896457 -0500,
2,15.0,,487,487,0,,,,,100,0,,,,,c+2,poss,0.75,z,1.4444485420026467,None,None,,,,,,,,,,,0,487,487,101,867.2014263749952,,,,,,,,,,,,,,,,,,,,,,,,,,,,,,,,,,,,,,,,,,,,,,,,,,,,,,,,,,,,,,,,,,,,,,867.192681499997,867.2014263749952,867.9370488749992,867.9370488749992,867.9370488749992,868.0090740829983,868.0090740829983,868.0090740829983,868.6563705410008,z,1.4444485420026467,None,868.6565311249942,868.6565844159995,None,,,,,,,,,,,,21040100,2,2026-02-26_12h56.31.216,tilt_mocs,2024.2.4,120.14790206418549,2026-02-26 12h56.44.896457 -0500,
-2,-15.0,,488,488,0,,,,,100,0,,,,,c-2,negs,0.75,period,1.3269917500001611,None,None,,,,,,,,,,,0,488,488,392,868.668391207997,,,,,,,,,,,,,,,,,,,,,,,,,,,,,,,,,,,,,,,,,,,,,,,,,,,,,,,,,,,,,,,,,,,,,,868.6592901659969,868.668391207997,869.4037162079985,869.4037162079985,869.4037162079985,869.4751063329968,869.4751063329968,869.4751063329968,870.0067159579994,period,1.3269917500001611,None,870.006856041,870.0069118329993,None,,,,,,,,,,,,21040100,2,2026-02-26_12h56.31.216,tilt_mocs,2024.2.4,120.14790206418549,2026-02-26 12h56.44.896457 -0500,
4,0.0,,489,489,0,,,,,0,100,,,,,c+4,noss,1.25,period,1.6942605410004035,None,None,,,,,,,,,,,0,489,489,708,870.0178373329982,,,,,,,,,,,,,,,,,,,,,,,,,,,,,,,,,,,,,,,,,,,,,,,,,,,,,,,,,,,,,,,,,,,,,,870.0089454999979,870.0178373329982,871.2529938750013,871.2529938750013,871.2529938750013,871.3258462079975,871.3258462079975,871.3258462079975,871.7233705830004,period,1.6942605410004035,None,871.7234788749993,871.7235216249974,None,,,,,,,,,,,,21040100,2,2026-02-26_12h56.31.216,tilt_mocs,2024.2.4,120.14790206418549,2026-02-26 12h56.44.896457 -0500,
-6,-15.0,,490,490,0,,,,,100,0,,,,,c-6,negs,1.0,z,1.5204002919999766,None,None,,,,,,,,,,,0,490,490,322,871.734357082998,,,,,,,,,,,,,,,,,,,,,,,,,,,,,,,,,,,,,,,,,,,,,,,,,,,,,,,,,,,,,,,,,,,,,,871.7254940409985,871.734357082998,872.7205529999992,872.7205529999992,872.7205529999992,872.7926711249966,872.7926711249966,872.7926711249966,873.2578364579967,z,1.5204002919999766,None,873.257985749995,873.2580468329979,None,,,,,,,,,,,,21040100,2,2026-02-26_12h56.31.216,tilt_mocs,2024.2.4,120.14790206418549,2026-02-26 12h56.44.896457 -0500,
2,15.0,,491,491,0,,,,,100,0,,,,,c+2,poss,1.0,period,1.4073999999964144,None,None,,,,,,,,,,,0,491,491,112,873.2691884160013,,,,,,,,,,,,,,,,,,,,,,,,,,,,,,,,,,,,,,,,,,,,,,,,,,,,,,,,,,,,,,,,,,,,,,873.2603401659944,873.2691884160013,874.2539023329955,874.2539023329955,874.2539023329955,874.3263684579942,874.3263684579942,874.3263684579942,874.6902068749987,period,1.4073999999964144,None,874.6903362499943,874.6903907079977,None,,,,,,,,,,,,21040100,2,2026-02-26_12h56.31.216,tilt_mocs,2024.2.4,120.14790206418549,2026-02-26 12h56.44.896457 -0500,
8,15.0,,492,492,0,,,,,100,0,,,,,c+8,poss,1.0,period,1.4048954169993522,None,None,,,,,,,,,,,0,492,492,235,874.7010010829981,,,,,,,,,,,,,,,,,,,,,,,,,,,,,,,,,,,,,,,,,,,,,,,,,,,,,,,,,,,,,,,,,,,,,,874.6924590829949,874.7010010829981,875.6872338329995,875.6872338329995,875.6872338329995,875.7593277909982,875.7593277909982,875.7593277909982,876.1178419159987,period,1.4048954169993522,None,876.1179425000009,876.1179860829943,None,,,,,,,,,,,,21040100,2,2026-02-26_12h56.31.216,tilt_mocs,2024.2.4,120.14790206418549,2026-02-26 12h56.44.896457 -0500,
0,15.0,,493,493,0,,,,,100,0,,,,,c+0,poss,0.75,z,1.2892807919997722,None,None,,,,,,,,,,,0,493,493,57,876.1246919999976,,,,,,,,,,,,,,,,,,,,,,,,,,,,,,,,,,,,,,,,,,,,,,,,,,,,,,,,,,,,,,,,,,,,,,876.1200378329959,876.1246919999976,876.863050041,876.863050041,876.863050041,876.9379458749972,876.9379458749972,876.9379458749972,877.423775874995,z,1.2892807919997722,None,877.4239337909967,877.4239915829967,None,,,,,,,,,,,,21040100,2,2026-02-26_12h56.31.216,tilt_mocs,2024.2.4,120.14790206418549,2026-02-26 12h56.44.896457 -0500,
-4,0.0,,494,494,0,,,,,0,100,,,,,c-4,noss,0.5,z,0.980533458001446,None,None,,,,,,,,,,,0,494,494,508,877.4359464579975,,,,,,,,,,,,,,,,,,,,,,,,,,,,,,,,,,,,,,,,,,,,,,,,,,,,,,,,,,,,,,,,,,,,,,877.4269470829968,877.4359464579975,877.9207780829965,877.9207780829965,877.9207780829965,877.993922499998,877.993922499998,877.993922499998,878.4237843329975,z,0.980533458001446,None,878.4239477079973,878.4240085409983,None,,,,,,,,,,,,21040100,2,2026-02-26_12h56.31.216,tilt_mocs,2024.2.4,120.14790206418549,2026-02-26 12h56.44.896457 -0500,
-2,0.0,,495,495,0,,,,,0,100,,,,,c-2,noss,1.0,z,1.5123755000022356,None,None,,,,,,,,,,,0,495,495,575,878.4355224159954,,,,,,,,,,,,,,,,,,,,,,,,,,,,,,,,,,,,,,,,,,,,,,,,,,,,,,,,,,,,,,,,,,,,,,878.4264027499958,878.4355224159954,879.4207796659975,879.4207796659975,879.4207796659975,879.492826665999,879.492826665999,879.492826665999,879.9578819159942,z,1.5123755000022356,None,879.9580249579958,879.9580796660011,None,,,,,,,,,,,,21040100,2,2026-02-26_12h56.31.216,tilt_mocs,2024.2.4,120.14790206418549,2026-02-26 12h56.44.896457 -0500,
2,-15.0,,496,496,0,,,,,100,0,,,,,c+2,negs,1.25,period,1.7186311670011492,None,None,,,,,,,,,,,0,496,496,500,879.9696744579996,,,,,,,,,,,,,,,,,,,,,,,,,,,,,,,,,,,,,,,,,,,,,,,,,,,,,,,,,,,,,,,,,,,,,,879.9606465830002,879.9696744579996,881.2042127499953,881.2042127499953,881.2042127499953,881.276302540995,881.276302540995,881.276302540995,881.6911291249999,period,1.7186311670011492,None,881.691342332997,881.6914337079943,None,,,,,,,,,,,,21040100,2,2026-02-26_12h56.31.216,tilt_mocs,2024.2.4,120.14790206418549,2026-02-26 12h56.44.896457 -0500,
-2,15.0,,497,497,0,,,,,100,0,,,,,c-2,poss,0.75,z,1.2009849169990048,None,None,,,,,,,,,,,0,497,497,17,881.7034113749978,,,,,,,,,,,,,,,,,,,,,,,,,,,,,,,,,,,,,,,,,,,,,,,,,,,,,,,,,,,,,,,,,,,,,,881.6944621660004,881.7034113749978,882.4375118749958,882.4375118749958,882.4375118749958,882.510465415995,882.510465415995,882.510465415995,882.9072314160003,z,1.2009849169990048,None,882.9073963749979,882.907454082997,None,,,,,,,,,,,,21040100,2,2026-02-26_12h56.31.216,tilt_mocs,2024.2.4,120.14790206418549,2026-02-26 12h56.44.896457 -0500,
0,0.0,,498,498,0,,,,,0,100,,,,,c+0,noss,1.25,z,1.8525537919995259,None,None,,,,,,,,,,,0,498,498,620,882.9191552909979,,,,,,,,,,,,,,,,,,,,,,,,,,,,,,,,,,,,,,,,,,,,,,,,,,,,,,,,,,,,,,,,,,,,,,882.9101547499959,882.9191552909979,884.1542523749958,884.1542523749958,884.1542523749958,884.2263561250002,884.2263561250002,884.2263561250002,884.7745699579973,z,1.8525537919995259,None,884.7747167079942,884.7747774579984,None,,,,,,,,,,,,21040100,2,2026-02-26_12h56.31.216,tilt_mocs,2024.2.4,120.14790206418549,2026-02-26 12h56.44.896457 -0500,
-8,-15.0,,499,499,0,,,,,100,0,,,,,c-8,negs,0.75,z,1.113428249998833,None,None,,,,,,,,,,,0,499,499,270,884.7861943749958,,,,,,,,,,,,,,,,,,,,,,,,,,,,,,,,,,,,,,,,,,,,,,,,,,,,,,,,,,,,,,,,,,,,,,884.7771220409995,884.7861943749958,885.5213947499942,885.5213947499942,885.5213947499942,885.5932055410012,885.5932055410012,885.5932055410012,885.9073124159986,z,1.113428249998833,None,885.9074520829963,885.907510457997,None,,,,,,,,,,,,21040100,2,2026-02-26_12h56.31.216,tilt_mocs,2024.2.4,120.14790206418549,2026-02-26 12h56.44.896457 -0500,
-2,15.0,,500,500,0,,,,,100,0,,,,,c-2,poss,0.5,z,0.9277270000020508,None,space,11.179815625000629,None,,,,,,,,,0,500,500,8,885.9186983749969,,,,,,,,,,,,,,,,,,,,,,,,,,,,,,,,,,,,,,,,,,,,,,,,,,,,,,,,,,,,,,,,,,,,,,885.9098954159999,885.9186983749969,886.4043779579952,886.4043779579952,886.4043779579952,886.4764366249947,886.4764366249947,886.4764366249947,886.8580490829991,z,0.9277270000020508,None,886.8582029999961,898.0576926659996,space,886.8676557079962,886.8676557079962,11.179815625000629,None,,,,,,,,21040100,2,2026-02-26_12h56.31.216,tilt_mocs,2024.2.4,120.14790206418549,2026-02-26 12h56.44.896457 -0500,
-6,-15.0,,501,501,0,,,,,100,0,,,,,c-6,negs,1.25,z,1.7211024170028395,None,None,,,,,,,,,,,0,501,501,326,898.0687730829959,,,,,,,,,,,,,,,,,,,,,,,,,,,,,,,,,,,,,,,,,,,,,,,,,,,,,,,,,,,,,,,,,,,,,,898.0598984159951,898.0687730829959,899.3047561659987,899.3047561659987,899.3047561659987,899.3770941659968,899.3770941659968,899.3770941659968,899.8019977910008,z,1.7211024170028395,None,899.8020966659969,899.8021415830008,None,,,,,,,,,,,,21040100,2,2026-02-26_12h56.31.216,tilt_mocs,2024.2.4,120.14790206418549,2026-02-26 12h56.44.896457 -0500,
-4,-15.0,,502,502,0,,,,,100,0,,,,,c-4,negs,1.25,z,1.739971458002401,None,None,,,,,,,,,,,0,502,502,370,899.808822250001,,,,,,,,,,,,,,,,,,,,,,,,,,,,,,,,,,,,,,,,,,,,,,,,,,,,,,,,,,,,,,,,,,,,,,899.8041556249955,899.808822250001,901.0471365829944,901.0471365829944,901.0471365829944,901.1221282499973,901.1221282499973,901.1221282499973,901.5579234999968,z,1.739971458002401,None,901.5580912079968,901.5581472080012,None,,,,,,,,,,,,21040100,2,2026-02-26_12h56.31.216,tilt_mocs,2024.2.4,120.14790206418549,2026-02-26 12h56.44.896457 -0500,
4,15.0,,503,503,0,,,,,100,0,,,,,c+4,poss,0.5,period,0.9561761250006384,None,None,,,,,,,,,,,0,503,503,128,901.5700618330011,,,,,,,,,,,,,,,,,,,,,,,,,,,,,,,,,,,,,,,,,,,,,,,,,,,,,,,,,,,,,,,,,,,,,,901.5609361659954,901.5700618330011,902.0549236660008,902.0549236660008,902.0549236660008,902.1272360829971,902.1272360829971,902.1272360829971,902.5306598329989,period,0.9561761250006384,None,902.530754415995,902.5308000829973,None,,,,,,,,,,,,21040100,2,2026-02-26_12h56.31.216,tilt_mocs,2024.2.4,120.14790206418549,2026-02-26 12h56.44.896457 -0500,
8,15.0,,504,504,0,,,,,100,0,,,,,c+8,poss,1.25,period,1.7144370830064872,None,None,,,,,,,,,,,0,504,504,243,902.5410582499971,,,,,,,,,,,,,,,,,,,,,,,,,,,,,,,,,,,,,,,,,,,,,,,,,,,,,,,,,,,,,,,,,,,,,,902.5327601249955,902.5410582499971,903.781293,903.781293,903.781293,903.8555146250001,903.8555146250001,903.8555146250001,904.2585101660006,period,1.7144370830064872,None,904.2586605409961,904.2587196659952,None,,,,,,,,,,,,21040100,2,2026-02-26_12h56.31.216,tilt_mocs,2024.2.4,120.14790206418549,2026-02-26 12h56.44.896457 -0500,
-4,-15.0,,505,505,0,,,,,100,0,,,,,c-4,negs,0.75,z,1.3686767090039211,None,None,,,,,,,,,,,0,505,505,356,904.2700702910006,,,,,,,,,,,,,,,,,,,,,,,,,,,,,,,,,,,,,,,,,,,,,,,,,,,,,,,,,,,,,,,,,,,,,,904.2609775829987,904.2700702910006,905.0050645829979,905.0050645829979,905.0050645829979,905.0769440829972,905.0769440829972,905.0769440829972,905.6414047079961,z,1.3686767090039211,None,905.6415366660003,905.641593332999,None,,,,,,,,,,,,21040100,2,2026-02-26_12h56.31.216,tilt_mocs,2024.2.4,120.14790206418549,2026-02-26 12h56.44.896457 -0500,
6,15.0,,506,506,0,,,,,100,0,,,,,c+6,poss,1.25,period,1.7380208329996094,None,None,,,,,,,,,,,0,506,506,206,905.652770875,,,,,,,,,,,,,,,,,,,,,,,,,,,,,,,,,,,,,,,,,,,,,,,,,,,,,,,,,,,,,,,,,,,,,,905.644096707998,905.652770875,906.8884327499982,906.8884327499982,906.8884327499982,906.9608961659978,906.9608961659978,906.9608961659978,907.3959181659957,period,1.7380208329996094,None,907.3960400829965,907.3960877909994,None,,,,,,,,,,,,21040100,2,2026-02-26_12h56.31.216,tilt_mocs,2024.2.4,120.14790206418549,2026-02-26 12h56.44.896457 -0500,
-4,0.0,,507,507,0,,,,,0,100,,,,,c-4,noss,1.0,z,1.4550364590031677,None,None,,,,,,,,,,,0,507,507,531,907.4070523749979,,,,,,,,,,,,,,,,,,,,,,,,,,,,,,,,,,,,,,,,,,,,,,,,,,,,,,,,,,,,,,,,,,,,,,907.3980484159983,907.4070523749979,908.398484749996,908.398484749996,908.398484749996,908.4724998749953,908.4724998749953,908.4724998749953,908.8737937499973,z,1.4550364590031677,None,908.8738940830008,908.8739527079961,None,,,,,,,,,,,,21040100,2,2026-02-26_12h56.31.216,tilt_mocs,2024.2.4,120.14790206418549,2026-02-26 12h56.44.896457 -0500,
-4,-15.0,,508,508,0,,,,,100,0,,,,,c-4,negs,0.5,z,1.079784165995079,None,None,,,,,,,,,,,0,508,508,344,908.8813092909986,,,,,,,,,,,,,,,,,,,,,,,,,,,,,,,,,,,,,,,,,,,,,,,,,,,,,,,,,,,,,,,,,,,,,,908.8759412910003,908.8813092909986,909.3717542909944,909.3717542909944,909.3717542909944,909.4452332079964,909.4452332079964,909.4452332079964,909.9637804160011,z,1.079784165995079,None,909.9639075410014,909.9639640829992,None,,,,,,,,,,,,21040100,2,2026-02-26_12h56.31.216,tilt_mocs,2024.2.4,120.14790206418549,2026-02-26 12h56.44.896457 -0500,
0,15.0,,509,509,0,,,,,100,0,,,,,c+0,poss,0.5,z,1.03842650000297,None,None,,,,,,,,,,,0,509,509,45,909.9750591659977,,,,,,,,,,,,,,,,,,,,,,,,,,,,,,,,,,,,,,,,,,,,,,,,,,,,,,,,,,,,,,,,,,,,,,909.966715040995,909.9750591659977,910.4648621659944,910.4648621659944,910.4648621659944,910.5390111249944,910.5390111249944,910.5390111249944,911.0247841659948,z,1.03842650000297,None,911.0249167079965,911.0249724999958,None,,,,,,,,,,,,21040100,2,2026-02-26_12h56.31.216,tilt_mocs,2024.2.4,120.14790206418549,2026-02-26 12h56.44.896457 -0500,
-4,-15.0,,510,510,0,,,,,100,0,,,,,c-4,negs,1.25,z,1.8707159160039737,None,None,,,,,,,,,,,0,510,510,374,911.0363367909958,,,,,,,,,,,,,,,,,,,,,,,,,,,,,,,,,,,,,,,,,,,,,,,,,,,,,,,,,,,,,,,,,,,,,,911.0274281659949,911.0363367909958,912.2720341249951,912.2720341249951,912.2720341249951,912.3439425830002,912.3439425830002,912.3439425830002,912.9191633749942,z,1.8707159160039737,None,912.919261832998,912.9193038329977,None,,,,,,,,,,,,21040100,2,2026-02-26_12h56.31.216,tilt_mocs,2024.2.4,120.14790206418549,2026-02-26 12h56.44.896457 -0500,
2,15.0,,511,511,0,,,,,100,0,,,,,c+2,poss,0.75,z,1.2525957920006476,None,None,,,,,,,,,,,0,511,511,100,912.92599625,,,,,,,,,,,,,,,,,,,,,,,,,,,,,,,,,,,,,,,,,,,,,,,,,,,,,,,,,,,,,,,,,,,,,,912.9212897079997,912.92599625,913.6650312499987,913.6650312499987,913.6650312499987,913.7393436249986,913.7393436249986,913.7393436249986,914.1920007910012,z,1.2525957920006476,None,914.1921512080007,914.1922122079995,None,,,,,,,,,,,,21040100,2,2026-02-26_12h56.31.216,tilt_mocs,2024.2.4,120.14790206418549,2026-02-26 12h56.44.896457 -0500,
4,0.0,,512,512,0,,,,,0,100,,,,,c+4,noss,0.5,period,1.0229246669987333,None,None,,,,,,,,,,,0,512,512,675,914.2035760829967,,,,,,,,,,,,,,,,,,,,,,,,,,,,,,,,,,,,,,,,,,,,,,,,,,,,,,,,,,,,,,,,,,,,,,914.194606582998,914.2035760829967,914.6879475829992,914.6879475829992,914.6879475829992,914.761671082997,914.761671082997,914.761671082997,915.2299249159987,period,1.0229246669987333,None,915.2300572499953,915.2301106249943,None,,,,,,,,,,,,21040100,2,2026-02-26_12h56.31.216,tilt_mocs,2024.2.4,120.14790206418549,2026-02-26 12h56.44.896457 -0500,
0,15.0,,513,513,0,,,,,100,0,,,,,c+0,poss,1.25,z,1.9341120000026422,None,None,,,,,,,,,,,0,513,513,79,915.2411745829959,,,,,,,,,,,,,,,,,,,,,,,,,,,,,,,,,,,,,,,,,,,,,,,,,,,,,,,,,,,,,,,,,,,,,,915.2323008329986,915.2411745829959,916.4819109579985,916.4819109579985,916.4819109579985,916.5549221249967,916.5549221249967,916.5549221249967,917.1809590409975,z,1.9341120000026422,None,917.181084374999,917.1811432079994,None,,,,,,,,,,,,21040100,2,2026-02-26_12h56.31.216,tilt_mocs,2024.2.4,120.14790206418549,2026-02-26 12h56.44.896457 -0500,
-8,-15.0,,514,514,0,,,,,100,0,,,,,c-8,negs,0.75,z,1.206304833998729,None,None,,,,,,,,,,,0,514,514,273,917.1920205829956,,,,,,,,,,,,,,,,,,,,,,,,,,,,,,,,,,,,,,,,,,,,,,,,,,,,,,,,,,,,,,,,,,,,,,917.1835969159947,917.1920205829956,917.9314445409982,917.9314445409982,917.9314445409982,918.0059945409957,918.0059945409957,918.0059945409957,918.4085007499962,z,1.206304833998729,None,918.4086514160008,918.408703041001,None,,,,,,,,,,,,21040100,2,2026-02-26_12h56.31.216,tilt_mocs,2024.2.4,120.14790206418549,2026-02-26 12h56.44.896457 -0500,
-4,0.0,,515,515,0,,,,,0,100,,,,,c-4,noss,0.5,z,0.9515733330044895,None,None,,,,,,,,,,,0,515,515,506,918.420820374995,,,,,,,,,,,,,,,,,,,,,,,,,,,,,,,,,,,,,,,,,,,,,,,,,,,,,,,,,,,,,,,,,,,,,,918.4116624999951,918.420820374995,918.905306875,918.905306875,918.905306875,918.9777501659992,918.9777501659992,918.9777501659992,919.3749070829945,z,0.9515733330044895,None,919.3750344159998,919.3750897909995,None,,,,,,,,,,,,21040100,2,2026-02-26_12h56.31.216,tilt_mocs,2024.2.4,120.14790206418549,2026-02-26 12h56.44.896457 -0500,
-2,0.0,,516,516,0,,,,,0,100,,,,,c-2,noss,1.0,z,1.4532295000026352,None,None,,,,,,,,,,,0,516,516,570,919.3860076659985,,,,,,,,,,,,,,,,,,,,,,,,,,,,,,,,,,,,,,,,,,,,,,,,,,,,,,,,,,,,,,,,,,,,,,919.3772329579951,919.3860076659985,920.3722008330005,920.3722008330005,920.3722008330005,920.4439302079991,920.4439302079991,920.4439302079991,920.8416826249959,z,1.4532295000026352,None,920.8417962499952,920.8418413749969,None,,,,,,,,,,,,21040100,2,2026-02-26_12h56.31.216,tilt_mocs,2024.2.4,120.14790206418549,2026-02-26 12h56.44.896457 -0500,
4,0.0,,517,517,0,,,,,0,100,,,,,c+4,noss,0.5,period,0.9377580000000307,None,None,,,,,,,,,,,0,517,517,680,920.8528562499996,,,,,,,,,,,,,,,,,,,,,,,,,,,,,,,,,,,,,,,,,,,,,,,,,,,,,,,,,,,,,,,,,,,,,,920.8439032079987,920.8528562499996,921.338904749995,921.338904749995,921.338904749995,921.4114964999972,921.4114964999972,921.4114964999972,921.7970368329989,period,0.9377580000000307,None,921.7971792499957,921.7972470829991,None,,,,,,,,,,,,21040100,2,2026-02-26_12h56.31.216,tilt_mocs,2024.2.4,120.14790206418549,2026-02-26 12h56.44.896457 -0500,
-4,-15.0,,518,518,0,,,,,100,0,,,,,c-4,negs,1.0,z,1.4892619579986786,None,None,,,,,,,,,,,0,518,518,360,921.8083441249983,,,,,,,,,,,,,,,,,,,,,,,,,,,,,,,,,,,,,,,,,,,,,,,,,,,,,,,,,,,,,,,,,,,,,,921.7996089160006,921.8083441249983,922.798921415997,922.798921415997,922.798921415997,922.8729672499976,922.8729672499976,922.8729672499976,923.3084668749943,z,1.4892619579986786,None,923.3085932079994,923.3086487909968,None,,,,,,,,,,,,21040100,2,2026-02-26_12h56.31.216,tilt_mocs,2024.2.4,120.14790206418549,2026-02-26 12h56.44.896457 -0500,
2,0.0,,519,519,0,,,,,0,100,,,,,c+2,noss,0.5,period,0.991386292000243,None,None,,,,,,,,,,,0,519,519,640,923.3198917499976,,,,,,,,,,,,,,,,,,,,,,,,,,,,,,,,,,,,,,,,,,,,,,,,,,,,,,,,,,,,,,,,,,,,,,923.3110738749965,923.3198917499976,923.8057326249982,923.8057326249982,923.8057326249982,923.8776644999962,923.8776644999962,923.8776644999962,924.3139756659948,period,0.991386292000243,None,924.3140728329963,924.3141144580004,None,,,,,,,,,,,,21040100,2,2026-02-26_12h56.31.216,tilt_mocs,2024.2.4,120.14790206418549,2026-02-26 12h56.44.896457 -0500,
2,15.0,,520,520,0,,,,,100,0,,,,,c+2,poss,0.5,z,1.124592666994431,None,None,,,,,,,,,,,0,520,520,84,924.3249160409978,,,,,,,,,,,,,,,,,,,,,,,,,,,,,,,,,,,,,,,,,,,,,,,,,,,,,,,,,,,,,,,,,,,,,,924.3160669159988,924.3249160409978,924.8155804159978,924.8155804159978,924.8155804159978,924.8894,924.8894,924.8894,925.4585076660005,z,1.124592666994431,None,925.4586693329984,925.4587289159972,None,,,,,,,,,,,,21040100,2,2026-02-26_12h56.31.216,tilt_mocs,2024.2.4,120.14790206418549,2026-02-26 12h56.44.896457 -0500,
-4,-15.0,,521,521,0,,,,,100,0,,,,,c-4,negs,1.0,z,1.5070073340029921,None,None,,,,,,,,,,,0,521,521,359,925.470562333001,,,,,,,,,,,,,,,,,,,,,,,,,,,,,,,,,,,,,,,,,,,,,,,,,,,,,,,,,,,,,,,,,,,,,,925.4614761659977,925.470562333001,926.4550463329942,926.4550463329942,926.4550463329942,926.5286060409999,926.5286060409999,926.5286060409999,926.9801386659965,z,1.5070073340029921,None,926.980237374999,926.980280374999,None,,,,,,,,,,,,21040100,2,2026-02-26_12h56.31.216,tilt_mocs,2024.2.4,120.14790206418549,2026-02-26 12h56.44.896457 -0500,
-2,-15.0,,522,522,0,,,,,100,0,,,,,c-2,negs,1.0,z,1.7647293749978417,None,None,,,,,,,,,,,0,522,522,405,926.9913548330005,,,,,,,,,,,,,,,,,,,,,,,,,,,,,,,,,,,,,,,,,,,,,,,,,,,,,,,,,,,,,,,,,,,,,,926.9822122909973,926.9913548330005,927.9814101660013,927.9814101660013,927.9814101660013,928.0563193749986,928.0563193749986,928.0563193749986,928.7587529579978,z,1.7647293749978417,None,928.7588791249946,928.7589349159971,None,,,,,,,,,,,,21040100,2,2026-02-26_12h56.31.216,tilt_mocs,2024.2.4,120.14790206418549,2026-02-26 12h56.44.896457 -0500,
6,15.0,,523,523,0,,,,,100,0,,,,,c+6,poss,0.5,period,0.9692466670021531,None,None,,,,,,,,,,,0,523,523,177,928.7700684160009,,,,,,,,,,,,,,,,,,,,,,,,,,,,,,,,,,,,,,,,,,,,,,,,,,,,,,,,,,,,,,,,,,,,,,928.7611261659986,928.7700684160009,929.2558852500006,929.2558852500006,929.2558852500006,929.328249457998,929.328249457998,929.328249457998,929.7418549159993,period,0.9692466670021531,None,929.7419558330002,929.7419992499999,None,,,,,,,,,,,,21040100,2,2026-02-26_12h56.31.216,tilt_mocs,2024.2.4,120.14790206418549,2026-02-26 12h56.44.896457 -0500,
-2,-15.0,,524,524,0,,,,,100,0,,,,,c-2,negs,1.25,period,1.7651698749978095,None,None,,,,,,,,,,,0,524,524,412,929.7525264579963,,,,,,,,,,,,,,,,,,,,,,,,,,,,,,,,,,,,,,,,,,,,,,,,,,,,,,,,,,,,,,,,,,,,,,929.7439251659962,929.7525264579963,930.9893035409987,930.9893035409987,930.9893035409987,931.0615724999952,931.0615724999952,931.0615724999952,931.5254425409948,period,1.7651698749978095,None,931.5255657499947,931.5256192079978,None,,,,,,,,,,,,21040100,2,2026-02-26_12h56.31.216,tilt_mocs,2024.2.4,120.14790206418549,2026-02-26 12h56.44.896457 -0500,
2,15.0,,525,525,0,,,,,100,0,,,,,c+2,poss,1.25,period,2.0756180829994264,None,None,,,,,,,,,,,0,525,525,125,931.5371126659957,,,,,,,,,,,,,,,,,,,,,,,,,,,,,,,,,,,,,,,,,,,,,,,,,,,,,,,,,,,,,,,,,,,,,,931.5281499999983,931.5371126659957,932.7726340410009,932.7726340410009,932.7726340410009,932.8447325409943,932.8447325409943,932.8447325409943,933.6241187909982,period,2.0756180829994264,None,933.6242350829998,933.6242872910007,None,,,,,,,,,,,,21040100,2,2026-02-26_12h56.31.216,tilt_mocs,2024.2.4,120.14790206418549,2026-02-26 12h56.44.896457 -0500,
6,15.0,,526,526,0,,,,,100,0,,,,,c+6,poss,0.5,period,0.9209548750004615,None,None,,,,,,,,,,,0,526,526,175,933.6316983329962,,,,,,,,,,,,,,,,,,,,,,,,,,,,,,,,,,,,,,,,,,,,,,,,,,,,,,,,,,,,,,,,,,,,,,933.6263136659982,933.6316983329962,934.1161615829988,934.1161615829988,934.1161615829988,934.1899152909973,934.1899152909973,934.1899152909973,934.5582655409962,period,0.9209548750004615,None,934.5583678330004,934.5584095829981,None,,,,,,,,,,,,21040100,2,2026-02-26_12h56.31.216,tilt_mocs,2024.2.4,120.14790206418549,2026-02-26 12h56.44.896457 -0500,
2,15.0,,527,527,0,,,,,100,0,,,,,c+2,poss,0.5,period,0.9650502919976134,None,None,,,,,,,,,,,0,527,527,90,934.568955666,,,,,,,,,,,,,,,,,,,,,,,,,,,,,,,,,,,,,,,,,,,,,,,,,,,,,,,,,,,,,,,,,,,,,,934.5603500409998,934.568955666,935.0561852499959,935.0561852499959,935.0561852499959,935.1281939159962,935.1281939159962,935.1281939159962,935.5421731659953,period,0.9650502919976134,None,935.5422926249958,935.542345832997,None,,,,,,,,,,,,21040100,2,2026-02-26_12h56.31.216,tilt_mocs,2024.2.4,120.14790206418549,2026-02-26 12h56.44.896457 -0500,
4,15.0,,528,528,0,,,,,100,0,,,,,c+4,poss,0.5,period,0.9255439160042442,None,None,,,,,,,,,,,0,528,528,132,935.553059291,,,,,,,,,,,,,,,,,,,,,,,,,,,,,,,,,,,,,,,,,,,,,,,,,,,,,,,,,,,,,,,,,,,,,,935.5444866659964,935.553059291,936.0395245409964,936.0395245409964,936.0395245409964,936.1124502079983,936.1124502079983,936.1124502079983,936.4821213329997,period,0.9255439160042442,None,936.4822473329987,936.4823059999981,None,,,,,,,,,,,,21040100,2,2026-02-26_12h56.31.216,tilt_mocs,2024.2.4,120.14790206418549,2026-02-26 12h56.44.896457 -0500,
6,15.0,,529,529,0,,,,,100,0,,,,,c+6,poss,1.25,period,1.6588406250011758,None,None,,,,,,,,,,,0,529,529,200,936.4926155829962,,,,,,,,,,,,,,,,,,,,,,,,,,,,,,,,,,,,,,,,,,,,,,,,,,,,,,,,,,,,,,,,,,,,,,936.4844539580008,936.4926155829962,937.7320897499958,937.7320897499958,937.7320897499958,937.8066870830007,937.8066870830007,937.8066870830007,938.1588106249983,period,1.6588406250011758,None,938.1589381659942,938.1589943329964,None,,,,,,,,,,,,21040100,2,2026-02-26_12h56.31.216,tilt_mocs,2024.2.4,120.14790206418549,2026-02-26 12h56.44.896457 -0500,
-2,-15.0,,530,530,0,,,,,100,0,,,,,c-2,negs,0.75,period,1.1199796660002903,None,None,,,,,,,,,,,0,530,530,399,938.1697665829997,,,,,,,,,,,,,,,,,,,,,,,,,,,,,,,,,,,,,,,,,,,,,,,,,,,,,,,,,,,,,,,,,,,,,,938.1612157909985,938.1697665829997,938.9061985829976,938.9061985829976,938.9061985829976,938.9789549159977,938.9789549159977,938.9789549159977,939.292657082995,period,1.1199796660002903,None,939.2928012499979,939.2928581249944,None,,,,,,,,,,,,21040100,2,2026-02-26_12h56.31.216,tilt_mocs,2024.2.4,120.14790206418549,2026-02-26 12h56.44.896457 -0500,
-2,0.0,,531,531,0,,,,,0,100,,,,,c-2,noss,1.25,period,1.7411217089975253,None,None,,,,,,,,,,,0,531,531,579,939.3042588749959,,,,,,,,,,,,,,,,,,,,,,,,,,,,,,,,,,,,,,,,,,,,,,,,,,,,,,,,,,,,,,,,,,,,,,939.2951517909969,939.3042588749959,940.5396026249946,940.5396026249946,940.5396026249946,940.6126537079981,940.6126537079981,940.6126537079981,941.0491876659944,period,1.7411217089975253,None,941.0493359999964,941.0493937909996,None,,,,,,,,,,,,21040100,2,2026-02-26_12h56.31.216,tilt_mocs,2024.2.4,120.14790206418549,2026-02-26 12h56.44.896457 -0500,
0,15.0,,532,532,0,,,,,100,0,,,,,c+0,poss,1.0,z,1.947817500004021,None,None,,,,,,,,,,,0,532,532,66,941.0597675829995,,,,,,,,,,,,,,,,,,,,,,,,,,,,,,,,,,,,,,,,,,,,,,,,,,,,,,,,,,,,,,,,,,,,,,941.0515840410008,941.0597675829995,942.0492867079956,942.0492867079956,942.0492867079956,942.1234465409943,942.1234465409943,942.1234465409943,943.0108784999975,z,1.947817500004021,None,943.0110165000006,943.0110720410012,None,,,,,,,,,,,,21040100,2,2026-02-26_12h56.31.216,tilt_mocs,2024.2.4,120.14790206418549,2026-02-26 12h56.44.896457 -0500,
-2,-15.0,,533,533,0,,,,,100,0,,,,,c-2,negs,0.75,period,1.2635832079977263,None,None,,,,,,,,,,,0,533,533,391,943.0222920409942,,,,,,,,,,,,,,,,,,,,,,,,,,,,,,,,,,,,,,,,,,,,,,,,,,,,,,,,,,,,,,,,,,,,,,943.0135965829977,943.0222920409942,943.7562614579947,943.7562614579947,943.7562614579947,943.8286892909964,943.8286892909964,943.8286892909964,944.2924484579999,period,1.2635832079977263,None,944.2925703329965,944.2926147499966,None,,,,,,,,,,,,21040100,2,2026-02-26_12h56.31.216,tilt_mocs,2024.2.4,120.14790206418549,2026-02-26 12h56.44.896457 -0500,
4,15.0,,534,534,0,,,,,100,0,,,,,c+4,poss,0.5,period,0.9702549170033308,None,None,,,,,,,,,,,0,534,534,126,944.3037060409988,,,,,,,,,,,,,,,,,,,,,,,,,,,,,,,,,,,,,,,,,,,,,,,,,,,,,,,,,,,,,,,,,,,,,,944.2950287079948,944.3037060409988,944.7897112909995,944.7897112909995,944.7897112909995,944.8625113329981,944.8625113329981,944.8625113329981,945.2769572079997,period,0.9702549170033308,None,945.2771124579958,945.2771737079966,None,,,,,,,,,,,,21040100,2,2026-02-26_12h56.31.216,tilt_mocs,2024.2.4,120.14790206418549,2026-02-26 12h56.44.896457 -0500,
6,15.0,,535,535,0,,,,,100,0,,,,,c+6,poss,0.5,period,1.289767624999513,None,None,,,,,,,,,,,0,535,535,171,945.2883880410009,,,,,,,,,,,,,,,,,,,,,,,,,,,,,,,,,,,,,,,,,,,,,,,,,,,,,,,,,,,,,,,,,,,,,,945.2793242080006,945.2883880410009,945.7725224159949,945.7725224159949,945.7725224159949,945.8461416659993,945.8461416659993,945.8461416659993,946.5818688329964,period,1.289767624999513,None,946.5819677079999,946.5820113749942,None,,,,,,,,,,,,21040100,2,2026-02-26_12h56.31.216,tilt_mocs,2024.2.4,120.14790206418549,2026-02-26 12h56.44.896457 -0500,
-2,0.0,,536,536,0,,,,,0,100,,,,,c-2,noss,0.75,z,1.724209708001581,None,None,,,,,,,,,,,0,536,536,557,946.5928398329997,,,,,,,,,,,,,,,,,,,,,,,,,,,,,,,,,,,,,,,,,,,,,,,,,,,,,,,,,,,,,,,,,,,,,,946.5840360410002,946.5928398329997,947.3321080409951,947.3321080409951,947.3321080409951,947.4070498750007,947.4070498750007,947.4070498750007,948.3262646250005,z,1.724209708001581,None,948.3264097079955,948.3264687909978,None,,,,,,,,,,,,21040100,2,2026-02-26_12h56.31.216,tilt_mocs,2024.2.4,120.14790206418549,2026-02-26 12h56.44.896457 -0500,
-4,-15.0,,537,537,0,,,,,100,0,,,,,c-4,negs,1.25,period,1.7914747499962687,None,None,,,,,,,,,,,0,537,537,371,948.3387731659968,,,,,,,,,,,,,,,,,,,,,,,,,,,,,,,,,,,,,,,,,,,,,,,,,,,,,,,,,,,,,,,,,,,,,,948.3293097499991,948.3387731659968,949.5733459999974,949.5733459999974,949.5733459999974,949.6454004159968,949.6454004159968,949.6454004159968,950.1583954579983,period,1.7914747499962687,None,950.1585209159966,950.1585830830008,None,,,,,,,,,,,,21040100,2,2026-02-26_12h56.31.216,tilt_mocs,2024.2.4,120.14790206418549,2026-02-26 12h56.44.896457 -0500,
-4,0.0,,538,538,0,,,,,0,100,,,,,c-4,noss,1.25,z,1.8073134579972248,None,None,,,,,,,,,,,0,538,538,538,950.1726588329984,,,,,,,,,,,,,,,,,,,,,,,,,,,,,,,,,,,,,,,,,,,,,,,,,,,,,,,,,,,,,,,,,,,,,,950.1609939159971,950.1726588329984,951.4067070409947,951.4067070409947,951.4067070409947,951.4795685829959,951.4795685829959,951.4795685829959,951.9910628329962,z,1.8073134579972248,None,951.9911711249952,951.991214624999,None,,,,,,,,,,,,21040100,2,2026-02-26_12h56.31.216,tilt_mocs,2024.2.4,120.14790206418549,2026-02-26 12h56.44.896457 -0500,
0,-15.0,,539,539,0,,,,,100,0,,,,,c+0,negs,0.5,period,0.9423437080040458,None,None,,,,,,,,,,,0,539,539,421,951.9983907909991,,,,,,,,,,,,,,,,,,,,,,,,,,,,,,,,,,,,,,,,,,,,,,,,,,,,,,,,,,,,,,,,,,,,,,951.9931962499977,951.9983907909991,952.4834151659961,952.4834151659961,952.4834151659961,952.5572517909968,952.5572517909968,952.5572517909968,952.9435256659999,period,0.9423437080040458,None,952.9436604579969,952.9437190409953,None,,,,,,,,,,,,21040100,2,2026-02-26_12h56.31.216,tilt_mocs,2024.2.4,120.14790206418549,2026-02-26 12h56.44.896457 -0500,
8,15.0,,540,540,0,,,,,100,0,,,,,c+8,poss,1.0,period,1.4431015419977484,None,None,,,,,,,,,,,0,540,540,236,952.9548777499949,,,,,,,,,,,,,,,,,,,,,,,,,,,,,,,,,,,,,,,,,,,,,,,,,,,,,,,,,,,,,,,,,,,,,,952.9460657499949,952.9548777499949,953.9401150829945,953.9401150829945,953.9401150829945,954.0131929159979,954.0131929159979,954.0131929159979,954.4095702080012,period,1.4431015419977484,None,954.4096969159946,954.409751207997,None,,,,,,,,,,,,21040100,2,2026-02-26_12h56.31.216,tilt_mocs,2024.2.4,120.14790206418549,2026-02-26 12h56.44.896457 -0500,
-6,-15.0,,541,541,0,,,,,100,0,,,,,c-6,negs,1.25,z,1.7938567090022843,None,None,,,,,,,,,,,0,541,541,333,954.4207124999957,,,,,,,,,,,,,,,,,,,,,,,,,,,,,,,,,,,,,,,,,,,,,,,,,,,,,,,,,,,,,,,,,,,,,,954.4121292909986,954.4207124999957,955.656043832998,955.656043832998,955.656043832998,955.7289538330006,955.7289538330006,955.7289538330006,956.2262758750003,z,1.7938567090022843,None,956.226385957998,956.226430374998,None,,,,,,,,,,,,21040100,2,2026-02-26_12h56.31.216,tilt_mocs,2024.2.4,120.14790206418549,2026-02-26 12h56.44.896457 -0500,
-4,0.0,,542,542,0,,,,,0,100,,,,,c-4,noss,0.75,z,1.29231716600043,None,None,,,,,,,,,,,0,542,542,522,956.2405852079974,,,,,,,,,,,,,,,,,,,,,,,,,,,,,,,,,,,,,,,,,,,,,,,,,,,,,,,,,,,,,,,,,,,,,,956.228357,956.2405852079974,956.9734122079972,956.9734122079972,956.9734122079972,957.045690166,957.045690166,957.045690166,957.5439348329965,z,1.29231716600043,None,957.5440787909974,957.5441399580013,None,,,,,,,,,,,,21040100,2,2026-02-26_12h56.31.216,tilt_mocs,2024.2.4,120.14790206418549,2026-02-26 12h56.44.896457 -0500,
8,15.0,,543,543,0,,,,,100,0,,,,,c+8,poss,0.75,period,1.2772682499999064,None,None,,,,,,,,,,,0,543,543,226,957.5557747499988,,,,,,,,,,,,,,,,,,,,,,,,,,,,,,,,,,,,,,,,,,,,,,,,,,,,,,,,,,,,,,,,,,,,,,957.5467016249968,957.5557747499988,958.2903147499965,958.2903147499965,958.2903147499965,958.3626006659979,958.3626006659979,958.3626006659979,958.8433279999954,period,1.2772682499999064,None,958.8434826660014,958.8435397909998,None,,,,,,,,,,,,21040100,2,2026-02-26_12h56.31.216,tilt_mocs,2024.2.4,120.14790206418549,2026-02-26 12h56.44.896457 -0500,
2,0.0,,544,544,0,,,,,0,100,,,,,c+2,noss,0.75,period,1.209392167002079,None,None,,,,,,,,,,,0,544,544,651,958.8553448329985,,,,,,,,,,,,,,,,,,,,,,,,,,,,,,,,,,,,,,,,,,,,,,,,,,,,,,,,,,,,,,,,,,,,,,958.8462657079945,958.8553448329985,959.5904477910008,959.5904477910008,959.5904477910008,959.6631377079975,959.6631377079975,959.6631377079975,960.0762433749987,period,1.209392167002079,None,960.0763697079965,960.076423749997,None,,,,,,,,,,,,21040100,2,2026-02-26_12h56.31.216,tilt_mocs,2024.2.4,120.14790206418549,2026-02-26 12h56.44.896457 -0500,
-2,-15.0,,545,545,0,,,,,100,0,,,,,c-2,negs,0.5,period,1.0537662080023438,None,None,,,,,,,,,,,0,545,545,381,960.0872624580006,,,,,,,,,,,,,,,,,,,,,,,,,,,,,,,,,,,,,,,,,,,,,,,,,,,,,,,,,,,,,,,,,,,,,,960.0784528329968,960.0872624580006,960.5736125830008,960.5736125830008,960.5736125830008,960.6459997079946,960.6459997079946,960.6459997079946,961.1437525000001,period,1.0537662080023438,None,961.1439224159985,961.1439797499988,None,,,,,,,,,,,,21040100,2,2026-02-26_12h56.31.216,tilt_mocs,2024.2.4,120.14790206418549,2026-02-26 12h56.44.896457 -0500,
6,15.0,,546,546,0,,,,,100,0,,,,,c+6,poss,1.25,period,1.7794967500012717,None,None,,,,,,,,,,,0,546,546,203,961.1558117499953,,,,,,,,,,,,,,,,,,,,,,,,,,,,,,,,,,,,,,,,,,,,,,,,,,,,,,,,,,,,,,,,,,,,,,961.1467026249957,961.1558117499953,962.3899539579943,962.3899539579943,962.3899539579943,962.4622706660011,962.4622706660011,962.4622706660011,962.9431865410006,period,1.7794967500012717,None,962.943351832997,962.9434090409995,None,,,,,,,,,,,,21040100,2,2026-02-26_12h56.31.216,tilt_mocs,2024.2.4,120.14790206418549,2026-02-26 12h56.44.896457 -0500,
6,15.0,,547,547,0,,,,,100,0,,,,,c+6,poss,1.25,period,1.6977097089984454,None,None,,,,,,,,,,,0,547,547,202,962.9556833749957,,,,,,,,,,,,,,,,,,,,,,,,,,,,,,,,,,,,,,,,,,,,,,,,,,,,,,,,,,,,,,,,,,,,,,962.9465921660012,962.9556833749957,964.1903639160009,964.1903639160009,964.1903639160009,964.2625588749943,964.2625588749943,964.2625588749943,964.6596470410004,period,1.6977097089984454,None,964.6597515409958,964.6597949999996,None,,,,,,,,,,,,21040100,2,2026-02-26_12h56.31.216,tilt_mocs,2024.2.4,120.14790206418549,2026-02-26 12h56.44.896457 -0500,
8,15.0,,548,548,0,,,,,100,0,,,,,c+8,poss,1.25,period,1.7932415830000537,None,None,,,,,,,,,,,0,548,548,244,964.6703224999947,,,,,,,,,,,,,,,,,,,,,,,,,,,,,,,,,,,,,,,,,,,,,,,,,,,,,,,,,,,,,,,,,,,,,,964.6617163330011,964.6703224999947,965.907218458,965.907218458,965.907218458,965.9802493329989,965.9802493329989,965.9802493329989,966.476442207997,period,1.7932415830000537,None,966.4765787910001,966.4766337909969,None,,,,,,,,,,,,21040100,2,2026-02-26_12h56.31.216,tilt_mocs,2024.2.4,120.14790206418549,2026-02-26 12h56.44.896457 -0500,
-2,15.0,,549,549,0,,,,,100,0,,,,,c-2,poss,0.75,period,1.1103549580002436,None,None,,,,,,,,,,,0,549,549,13,966.487720582998,,,,,,,,,,,,,,,,,,,,,,,,,,,,,,,,,,,,,,,,,,,,,,,,,,,,,,,,,,,,,,,,,,,,,,966.4790960409955,966.487720582998,967.22379525,967.22379525,967.22379525,967.2962273329977,967.2962273329977,967.2962273329977,967.6104420829943,period,1.1103549580002436,None,967.6106065409986,967.610663540996,None,,,,,,,,,,,,21040100,2,2026-02-26_12h56.31.216,tilt_mocs,2024.2.4,120.14790206418549,2026-02-26 12h56.44.896457 -0500,
0,0.0,,550,550,0,,,,,0,100,,,,,c+0,noss,1.0,period,1.6514866669967887,None,None,,,,,,,,,,,0,550,550,614,967.6230005830002,,,,,,,,,,,,,,,,,,,,,,,,,,,,,,,,,,,,,,,,,,,,,,,,,,,,,,,,,,,,,,,,,,,,,,967.6137500830009,967.6230005830002,968.6072749999948,968.6072749999948,968.6072749999948,968.6801290829972,968.6801290829972,968.6801290829972,969.2770964579977,period,1.6514866669967887,None,969.2772409999961,969.277299207999,None,,,,,,,,,,,,21040100,2,2026-02-26_12h56.31.216,tilt_mocs,2024.2.4,120.14790206418549,2026-02-26 12h56.44.896457 -0500,
-2,15.0,,551,551,0,,,,,100,0,,,,,c-2,poss,1.25,z,1.7858091250018333,None,None,,,,,,,,,,,0,551,551,32,969.2885634999984,,,,,,,,,,,,,,,,,,,,,,,,,,,,,,,,,,,,,,,,,,,,,,,,,,,,,,,,,,,,,,,,,,,,,,969.279830499996,969.2885634999984,970.5239009579964,970.5239009579964,970.5239009579964,970.5955392499964,970.5955392499964,970.5955392499964,971.0769704999984,z,1.7858091250018333,None,971.077098624999,971.0771534160012,None,,,,,,,,,,,,21040100,2,2026-02-26_12h56.31.216,tilt_mocs,2024.2.4,120.14790206418549,2026-02-26 12h56.44.896457 -0500,
2,15.0,,552,552,0,,,,,100,0,,,,,c+2,poss,1.0,z,1.5331043750047684,None,None,,,,,,,,,,,0,552,552,106,971.0882844579974,,,,,,,,,,,,,,,,,,,,,,,,,,,,,,,,,,,,,,,,,,,,,,,,,,,,,,,,,,,,,,,,,,,,,,971.0793346249993,971.0882844579974,972.0730093329985,972.0730093329985,972.0730093329985,972.1459402909968,972.1459402909968,972.1459402909968,972.6271363329943,z,1.5331043750047684,None,972.6273036249986,972.6273634579993,None,,,,,,,,,,,,21040100,2,2026-02-26_12h56.31.216,tilt_mocs,2024.2.4,120.14790206418549,2026-02-26 12h56.44.896457 -0500,
-2,-15.0,,553,553,0,,,,,100,0,,,,,c-2,negs,0.5,period,1.0599044999980833,None,None,,,,,,,,,,,0,553,553,384,972.6389933749961,,,,,,,,,,,,,,,,,,,,,,,,,,,,,,,,,,,,,,,,,,,,,,,,,,,,,,,,,,,,,,,,,,,,,,972.6298601659946,972.6389933749961,973.1239999159952,973.1239999159952,973.1239999159952,973.1961145829991,973.1961145829991,973.1961145829991,973.7101282910007,period,1.0599044999980833,None,973.7102572910007,973.7103155829973,None,,,,,,,,,,,,21040100,2,2026-02-26_12h56.31.216,tilt_mocs,2024.2.4,120.14790206418549,2026-02-26 12h56.44.896457 -0500,
8,15.0,,554,554,0,,,,,100,0,,,,,c+8,poss,0.5,period,0.9436402910068864,None,None,,,,,,,,,,,0,554,554,210,973.7212824999951,,,,,,,,,,,,,,,,,,,,,,,,,,,,,,,,,,,,,,,,,,,,,,,,,,,,,,,,,,,,,,,,,,,,,,973.7124552499954,973.7212824999951,974.2065114579964,974.2065114579964,974.2065114579964,974.2794534159984,974.2794534159984,974.2794534159984,974.677341290997,period,0.9436402910068864,None,974.6774443749964,974.6774905409984,None,,,,,,,,,,,,21040100,2,2026-02-26_12h56.31.216,tilt_mocs,2024.2.4,120.14790206418549,2026-02-26 12h56.44.896457 -0500,
0,0.0,,555,555,0,,,,,0,100,,,,,c+0,noss,1.0,z,2.601382583998202,None,None,,,,,,,,,,,0,555,555,613,974.691462625,,,,,,,,,,,,,,,,,,,,,,,,,,,,,,,,,,,,,,,,,,,,,,,,,,,,,,,,,,,,,,,,,,,,,,974.6794576659959,974.691462625,975.6731950409958,975.6731950409958,975.6731950409958,975.7473342499943,975.7473342499943,975.7473342499943,977.2993152079944,z,2.601382583998202,None,977.2994484579976,977.2995019999944,None,,,,,,,,,,,,21040100,2,2026-02-26_12h56.31.216,tilt_mocs,2024.2.4,120.14790206418549,2026-02-26 12h56.44.896457 -0500,
-2,-15.0,,556,556,0,,,,,100,0,,,,,c-2,negs,1.25,period,2.751806874999602,None,None,,,,,,,,,,,0,556,556,416,977.3104991660002,,,,,,,,,,,,,,,,,,,,,,,,,,,,,,,,,,,,,,,,,,,,,,,,,,,,,,,,,,,,,,,,,,,,,,977.3016332080006,977.3104991660002,978.5512367499978,978.5512367499978,978.5512367499978,978.6246807499992,978.6246807499992,978.6246807499992,980.0656180410006,period,2.751806874999602,None,980.0657170829945,980.0657588749964,None,,,,,,,,,,,,21040100,2,2026-02-26_12h56.31.216,tilt_mocs,2024.2.4,120.14790206418549,2026-02-26 12h56.44.896457 -0500,
-6,-15.0,,557,557,0,,,,,100,0,,,,,c-6,negs,0.5,z,1.1328220420036814,None,None,,,,,,,,,,,0,557,557,302,980.076642,,,,,,,,,,,,,,,,,,,,,,,,,,,,,,,,,,,,,,,,,,,,,,,,,,,,,,,,,,,,,,,,,,,,,,980.0677417080005,980.076642,980.5651579999976,980.5651579999976,980.5651579999976,980.6414530409966,980.6414530409966,980.6414530409966,981.2151712499981,z,1.1328220420036814,None,981.2152874159947,981.2153416660003,None,,,,,,,,,,,,21040100,2,2026-02-26_12h56.31.216,tilt_mocs,2024.2.4,120.14790206418549,2026-02-26 12h56.44.896457 -0500,
0,15.0,,558,558,0,,,,,100,0,,,,,c+0,poss,1.25,z,1.9375462919997517,None,None,,,,,,,,,,,0,558,558,81,981.2275119999977,,,,,,,,,,,,,,,,,,,,,,,,,,,,,,,,,,,,,,,,,,,,,,,,,,,,,,,,,,,,,,,,,,,,,,981.2173912500002,981.2275119999977,982.4578753749956,982.4578753749956,982.4578753749956,982.5298385829956,982.5298385829956,982.5298385829956,983.1775825829973,z,1.9375462919997517,None,983.1776881249971,983.1777317909946,None,,,,,,,,,,,,21040100,2,2026-02-26_12h56.31.216,tilt_mocs,2024.2.4,120.14790206418549,2026-02-26 12h56.44.896457 -0500,
4,15.0,,559,559,0,,,,,100,0,,,,,c+4,poss,1.25,period,1.926453499996569,None,None,,,,,,,,,,,0,559,559,162,983.1888155409979,,,,,,,,,,,,,,,,,,,,,,,,,,,,,,,,,,,,,,,,,,,,,,,,,,,,,,,,,,,,,,,,,,,,,,983.1797098749958,983.1888155409979,984.4244659159958,984.4244659159958,984.4244659159958,984.4966133749986,984.4966133749986,984.4966133749986,985.1272709580007,period,1.926453499996569,None,985.1273930829993,985.1274485409958,None,,,,,,,,,,,,21040100,2,2026-02-26_12h56.31.216,tilt_mocs,2024.2.4,120.14790206418549,2026-02-26 12h56.44.896457 -0500,
2,-15.0,,560,560,0,,,,,100,0,,,,,c+2,negs,1.0,period,1.4876143330038758,None,None,,,,,,,,,,,0,560,560,490,985.1384166249991,,,,,,,,,,,,,,,,,,,,,,,,,,,,,,,,,,,,,,,,,,,,,,,,,,,,,,,,,,,,,,,,,,,,,,985.1298314160013,985.1384166249991,986.1236921659947,986.1236921659947,986.1236921659947,986.1970427499982,986.1970427499982,986.1970427499982,986.6383628330004,period,1.4876143330038758,None,986.6384657499948,986.638508707998,None,,,,,,,,,,,,21040100,2,2026-02-26_12h56.31.216,tilt_mocs,2024.2.4,120.14790206418549,2026-02-26 12h56.44.896457 -0500,
0,15.0,,561,561,0,,,,,100,0,,,,,c+0,poss,0.5,z,1.0645952499980922,None,None,,,,,,,,,,,0,561,561,52,986.6450343329998,,,,,,,,,,,,,,,,,,,,,,,,,,,,,,,,,,,,,,,,,,,,,,,,,,,,,,,,,,,,,,,,,,,,,,986.6405421249947,986.6450343329998,987.1344773749952,987.1344773749952,987.1344773749952,987.2083249159987,987.2083249159987,987.2083249159987,987.716240916001,z,1.0645952499980922,None,987.716366916,987.7164208749964,None,,,,,,,,,,,,21040100,2,2026-02-26_12h56.31.216,tilt_mocs,2024.2.4,120.14790206418549,2026-02-26 12h56.44.896457 -0500,
-6,-15.0,,562,562,0,,,,,100,0,,,,,c-6,negs,1.0,z,1.4813377910031704,None,None,,,,,,,,,,,0,562,562,325,987.7275554160005,,,,,,,,,,,,,,,,,,,,,,,,,,,,,,,,,,,,,,,,,,,,,,,,,,,,,,,,,,,,,,,,,,,,,,987.7186275409986,987.7275554160005,988.7168532079959,988.7168532079959,988.7168532079959,988.7918482079986,988.7918482079986,988.7918482079986,989.2119160410002,z,1.4813377910031704,None,989.2120565829973,989.2121274579986,None,,,,,,,,,,,,21040100,2,2026-02-26_12h56.31.216,tilt_mocs,2024.2.4,120.14790206418549,2026-02-26 12h56.44.896457 -0500,
-4,0.0,,563,563,0,,,,,0,100,,,,,c-4,noss,1.0,z,1.470193166998797,None,None,,,,,,,,,,,0,563,563,530,989.2229440829979,,,,,,,,,,,,,,,,,,,,,,,,,,,,,,,,,,,,,,,,,,,,,,,,,,,,,,,,,,,,,,,,,,,,,,989.2141887079997,989.2229440829979,990.2073670829996,990.2073670829996,990.2073670829996,990.279870665996,990.279870665996,990.279870665996,990.7005506659989,z,1.470193166998797,None,990.7006839999958,990.7007414159962,None,,,,,,,,,,,,21040100,2,2026-02-26_12h56.31.216,tilt_mocs,2024.2.4,120.14790206418549,2026-02-26 12h56.44.896457 -0500,
4,0.0,,564,564,0,,,,,0,100,,,,,c+4,noss,0.75,period,1.2723218340033782,None,None,,,,,,,,,,,0,564,564,685,990.7112158749951,,,,,,,,,,,,,,,,,,,,,,,,,,,,,,,,,,,,,,,,,,,,,,,,,,,,,,,,,,,,,,,,,,,,,,990.703130832997,990.7112158749951,991.4500614579956,991.4500614579956,991.4500614579956,991.5253334579975,991.5253334579975,991.5253334579975,991.9941023329957,period,1.2723218340033782,None,991.9942329999976,991.9942931249971,None,,,,,,,,,,,,21040100,2,2026-02-26_12h56.31.216,tilt_mocs,2024.2.4,120.14790206418549,2026-02-26 12h56.44.896457 -0500,
8,15.0,,565,565,0,,,,,100,0,,,,,c+8,poss,1.25,period,1.7116951659991173,None,None,,,,,,,,,,,0,565,565,248,992.005293999995,,,,,,,,,,,,,,,,,,,,,,,,,,,,,,,,,,,,,,,,,,,,,,,,,,,,,,,,,,,,,,,,,,,,,,991.9965728329989,992.005293999995,993.2415648329988,993.2415648329988,993.2415648329988,993.3132341659948,993.3132341659948,993.3132341659948,993.7269479579991,period,1.7116951659991173,None,993.7270523330008,993.7270952909967,None,,,,,,,,,,,,21040100,2,2026-02-26_12h56.31.216,tilt_mocs,2024.2.4,120.14790206418549,2026-02-26 12h56.44.896457 -0500,
-2,-15.0,,566,566,0,,,,,100,0,,,,,c-2,negs,1.25,period,1.8007160420020227,None,None,,,,,,,,,,,0,566,566,419,993.7378924579971,,,,,,,,,,,,,,,,,,,,,,,,,,,,,,,,,,,,,,,,,,,,,,,,,,,,,,,,,,,,,,,,,,,,,,993.7290795829977,993.7378924579971,994.9748419159951,994.9748419159951,994.9748419159951,995.0468547909986,995.0468547909986,995.0468547909986,995.5442064999952,period,1.8007160420020227,None,995.5443657079959,995.5444282499957,None,,,,,,,,,,,,21040100,2,2026-02-26_12h56.31.216,tilt_mocs,2024.2.4,120.14790206418549,2026-02-26 12h56.44.896457 -0500,
2,0.0,,567,567,0,,,,,0,100,,,,,c+2,noss,0.75,period,1.153828832997533,None,None,,,,,,,,,,,0,567,567,648,995.5559381249986,,,,,,,,,,,,,,,,,,,,,,,,,,,,,,,,,,,,,,,,,,,,,,,,,,,,,,,,,,,,,,,,,,,,,,995.5468704160012,995.5559381249986,996.2906044580013,996.2906044580013,996.2906044580013,996.3644734580012,996.3644734580012,996.3644734580012,996.721140624999,period,1.153828832997533,None,996.7212443749959,996.7212996659946,None,,,,,,,,,,,,21040100,2,2026-02-26_12h56.31.216,tilt_mocs,2024.2.4,120.14790206418549,2026-02-26 12h56.44.896457 -0500,
0,15.0,,568,568,0,,,,,100,0,,,,,c+0,poss,1.25,z,1.8477060000004712,None,None,,,,,,,,,,,0,568,568,78,996.7279616249944,,,,,,,,,,,,,,,,,,,,,,,,,,,,,,,,,,,,,,,,,,,,,,,,,,,,,,,,,,,,,,,,,,,,,,996.7232564160004,996.7279616249944,997.9669694159966,997.9669694159966,997.9669694159966,998.0419932079967,998.0419932079967,998.0419932079967,998.578936165999,z,1.8477060000004712,None,998.5790714579998,998.5791305409948,None,,,,,,,,,,,,21040100,2,2026-02-26_12h56.31.216,tilt_mocs,2024.2.4,120.14790206418549,2026-02-26 12h56.44.896457 -0500,
0,-15.0,,569,569,0,,,,,100,0,,,,,c+0,negs,1.0,period,1.501866708000307,None,None,,,,,,,,,,,0,569,569,446,998.5903340410005,,,,,,,,,,,,,,,,,,,,,,,,,,,,,,,,,,,,,,,,,,,,,,,,,,,,,,,,,,,,,,,,,,,,,,998.5813321659953,998.5903340410005,999.5749625829994,999.5749625829994,999.5749625829994,999.6590645830001,999.6590645830001,999.6590645830001,1000.0954518750004,period,1.501866708000307,None,1000.0955924579976,1000.0956468329969,None,,,,,,,,,,,,21040100,2,2026-02-26_12h56.31.216,tilt_mocs,2024.2.4,120.14790206418549,2026-02-26 12h56.44.896457 -0500,
0,15.0,,570,570,0,,,,,100,0,,,,,c+0,poss,0.75,z,1.286612125004467,None,None,,,,,,,,,,,0,570,570,54,1000.1060810409981,,,,,,,,,,,,,,,,,,,,,,,,,,,,,,,,,,,,,,,,,,,,,,,,,,,,,,,,,,,,,,,,,,,,,,1000.0977235829996,1000.1060810409981,1000.8416076249996,1000.8416076249996,1000.8416076249996,1000.9147555409945,1000.9147555409945,1000.9147555409945,1001.3950745409966,z,1.286612125004467,None,1001.3951759580013,1001.3952200829954,None,,,,,,,,,,,,21040100,2,2026-02-26_12h56.31.216,tilt_mocs,2024.2.4,120.14790206418549,2026-02-26 12h56.44.896457 -0500,
-6,-15.0,,571,571,0,,,,,100,0,,,,,c-6,negs,0.5,z,0.936684125001193,None,None,,,,,,,,,,,0,571,571,301,1001.4057671659975,,,,,,,,,,,,,,,,,,,,,,,,,,,,,,,,,,,,,,,,,,,,,,,,,,,,,,,,,,,,,,,,,,,,,,1001.3971947909959,1001.4057671659975,1001.8917010000005,1001.8917010000005,1001.8917010000005,1001.9636330409994,1001.9636330409994,1001.9636330409994,1002.3457204579972,z,0.936684125001193,None,1002.3458628329972,1002.3459203749953,None,,,,,,,,,,,,21040100,2,2026-02-26_12h56.31.216,tilt_mocs,2024.2.4,120.14790206418549,2026-02-26 12h56.44.896457 -0500,
-6,-15.0,,572,572,0,,,,,100,0,,,,,c-6,negs,0.5,z,0.9042285420000553,None,None,,,,,,,,,,,0,572,572,294,1002.3574522909985,,,,,,,,,,,,,,,,,,,,,,,,,,,,,,,,,,,,,,,,,,,,,,,,,,,,,,,,,,,,,,,,,,,,,,1002.3484701659982,1002.3574522909985,1002.8418618750002,1002.8418618750002,1002.8418618750002,1002.9148219159979,1002.9148219159979,1002.9148219159979,1003.2663583749963,z,0.9042285420000553,None,1003.2664608329942,1003.2665050829964,None,,,,,,,,,,,,21040100,2,2026-02-26_12h56.31.216,tilt_mocs,2024.2.4,120.14790206418549,2026-02-26 12h56.44.896457 -0500,
2,-15.0,,573,573,0,,,,,100,0,,,,,c+2,negs,0.75,z,1.1179789589950815,None,None,,,,,,,,,,,0,573,573,477,1003.2773814159955,,,,,,,,,,,,,,,,,,,,,,,,,,,,,,,,,,,,,,,,,,,,,,,,,,,,,,,,,,,,,,,,,,,,,,1003.2684904159978,1003.2773814159955,1004.0187492909972,1004.0187492909972,1004.0187492909972,1004.0923242499994,1004.0923242499994,1004.0923242499994,1004.4005784999972,z,1.1179789589950815,None,1004.4007068749997,1004.4007616249946,None,,,,,,,,,,,,21040100,2,2026-02-26_12h56.31.216,tilt_mocs,2024.2.4,120.14790206418549,2026-02-26 12h56.44.896457 -0500,
0,15.0,,574,574,0,,,,,100,0,,,,,c+0,poss,1.0,z,1.5309452080036863,None,None,,,,,,,,,,,0,574,574,69,1004.4114372909971,,,,,,,,,,,,,,,,,,,,,,,,,,,,,,,,,,,,,,,,,,,,,,,,,,,,,,,,,,,,,,,,,,,,,,1004.4028193330014,1004.4114372909971,1005.4019622909982,1005.4019622909982,1005.4019622909982,1005.4756818749956,1005.4756818749956,1005.4756818749956,1005.9454437499953,z,1.5309452080036863,None,1005.9455762500002,1005.9456364579964,None,,,,,,,,,,,,21040100,2,2026-02-26_12h56.31.216,tilt_mocs,2024.2.4,120.14790206418549,2026-02-26 12h56.44.896457 -0500,
4,15.0,,575,575,0,,,,,100,0,,,,,c+4,poss,0.5,period,1.0253316660018754,None,None,,,,,,,,,,,0,575,575,133,1005.9566366660001,,,,,,,,,,,,,,,,,,,,,,,,,,,,,,,,,,,,,,,,,,,,,,,,,,,,,,,,,,,,,,,,,,,,,,1005.9478623329996,1005.9566366660001,1006.440968582996,1006.440968582996,1006.440968582996,1006.5154998750004,1006.5154998750004,1006.5154998750004,1006.9946564999991,period,1.0253316660018754,None,1006.9947875409998,1006.9948585829989,None,,,,,,,,,,,,21040100,2,2026-02-26_12h56.31.216,tilt_mocs,2024.2.4,120.14790206418549,2026-02-26 12h56.44.896457 -0500,
0,15.0,,576,576,0,,,,,100,0,,,,,c+0,poss,0.75,z,1.6264595000029658,None,None,,,,,,,,,,,0,576,576,58,1007.0057031249962,,,,,,,,,,,,,,,,,,,,,,,,,,,,,,,,,,,,,,,,,,,,,,,,,,,,,,,,,,,,,,,,,,,,,,1006.996866290996,1007.0057031249962,1007.7419137499965,1007.7419137499965,1007.7419137499965,1007.8146997500007,1007.8146997500007,1007.8146997500007,1008.6446536660005,z,1.6264595000029658,None,1008.644780415998,1008.6448359159986,None,,,,,,,,,,,,21040100,2,2026-02-26_12h56.31.216,tilt_mocs,2024.2.4,120.14790206418549,2026-02-26 12h56.44.896457 -0500,
8,15.0,,577,577,0,,,,,100,0,,,,,c+8,poss,0.75,period,1.1930688330030534,None,None,,,,,,,,,,,0,577,577,222,1008.6558722909976,,,,,,,,,,,,,,,,,,,,,,,,,,,,,,,,,,,,,,,,,,,,,,,,,,,,,,,,,,,,,,,,,,,,,,1008.6472915409977,1008.6558722909976,1009.3919893329949,1009.3919893329949,1009.3919893329949,1009.4642798749992,1009.4642798749992,1009.4642798749992,1009.8613980000009,period,1.1930688330030534,None,1009.8615247079942,1009.8615790409967,None,,,,,,,,,,,,21040100,2,2026-02-26_12h56.31.216,tilt_mocs,2024.2.4,120.14790206418549,2026-02-26 12h56.44.896457 -0500,
-6,-15.0,,578,578,0,,,,,100,0,,,,,c-6,negs,0.5,z,0.9291234159973101,None,None,,,,,,,,,,,0,578,578,297,1009.872745749999,,,,,,,,,,,,,,,,,,,,,,,,,,,,,,,,,,,,,,,,,,,,,,,,,,,,,,,,,,,,,,,,,,,,,,1009.8639202909981,1009.872745749999,1010.3586491249953,1010.3586491249953,1010.3586491249953,1010.4308349159983,1010.4308349159983,1010.4308349159983,1010.8117902499944,z,0.9291234159973101,None,1010.8119384579986,1010.812003291001,None,,,,,,,,,,,,21040100,2,2026-02-26_12h56.31.216,tilt_mocs,2024.2.4,120.14790206418549,2026-02-26 12h56.44.896457 -0500,
0,15.0,,579,579,0,,,,,100,0,,,,,c+0,poss,0.75,z,1.2629532499995548,None,None,,,,,,,,,,,0,579,579,63,1010.8240066660001,,,,,,,,,,,,,,,,,,,,,,,,,,,,,,,,,,,,,,,,,,,,,,,,,,,,,,,,,,,,,,,,,,,,,,1010.8146817499946,1010.8240066660001,1011.5587861659951,1011.5587861659951,1011.5587861659951,1011.6306450409975,1011.6306450409975,1011.6306450409975,1012.0948904159959,z,1.2629532499995548,None,1012.0950134160012,1012.095068165996,None,,,,,,,,,,,,21040100,2,2026-02-26_12h56.31.216,tilt_mocs,2024.2.4,120.14790206418549,2026-02-26 12h56.44.896457 -0500,
-8,-15.0,,580,580,0,,,,,100,0,,,,,c-8,negs,1.0,z,1.5107585000005201,None,None,,,,,,,,,,,0,580,580,276,1012.1059703749997,,,,,,,,,,,,,,,,,,,,,,,,,,,,,,,,,,,,,,,,,,,,,,,,,,,,,,,,,,,,,,,,,,,,,,1012.0970773329973,1012.1059703749997,1013.0921359579952,1013.0921359579952,1013.0921359579952,1013.1653973749999,1013.1653973749999,1013.1653973749999,1013.6280438749964,z,1.5107585000005201,None,1013.6281733750002,1013.6282294579942,None,,,,,,,,,,,,21040100,2,2026-02-26_12h56.31.216,tilt_mocs,2024.2.4,120.14790206418549,2026-02-26 12h56.44.896457 -0500,
0,-15.0,,581,581,0,,,,,100,0,,,,,c+0,negs,1.0,period,1.5303838749969145,None,None,,,,,,,,,,,0,581,581,449,1013.6388441659947,,,,,,,,,,,,,,,,,,,,,,,,,,,,,,,,,,,,,,,,,,,,,,,,,,,,,,,,,,,,,,,,,,,,,,1013.630300165998,1013.6388441659947,1014.6255224159977,1014.6255224159977,1014.6255224159977,1014.6975154999964,1014.6975154999964,1014.6975154999964,1015.1783923749972,period,1.5303838749969145,None,1015.1785448329974,1015.1785987080002,None,,,,,,,,,,,,21040100,2,2026-02-26_12h56.31.216,tilt_mocs,2024.2.4,120.14790206418549,2026-02-26 12h56.44.896457 -0500,
2,0.0,,582,582,0,,,,,0,100,,,,,c+2,noss,0.5,period,0.9964561250017141,None,None,,,,,,,,,,,0,582,582,633,1015.1907592079951,,,,,,,,,,,,,,,,,,,,,,,,,,,,,,,,,,,,,,,,,,,,,,,,,,,,,,,,,,,,,,,,,,,,,,1015.1815944159971,1015.1907592079951,1015.6754984159998,1015.6754984159998,1015.6754984159998,1015.7482602079981,1015.7482602079981,1015.7482602079981,1016.1948357079964,period,0.9964561250017141,None,1016.1949658749945,1016.1950227499983,None,,,,,,,,,,,,21040100,2,2026-02-26_12h56.31.216,tilt_mocs,2024.2.4,120.14790206418549,2026-02-26 12h56.44.896457 -0500,
-4,-15.0,,583,583,0,,,,,100,0,,,,,c-4,negs,0.75,z,1.636305790998449,None,None,,,,,,,,,,,0,583,583,357,1016.2063500829972,,,,,,,,,,,,,,,,,,,,,,,,,,,,,,,,,,,,,,,,,,,,,,,,,,,,,,,,,,,,,,,,,,,,,,1016.1973622079968,1016.2063500829972,1016.9422346249994,1016.9422346249994,1016.9422346249994,1017.0144560830013,1017.0144560830013,1017.0144560830013,1017.8459799159973,z,1.636305790998449,None,1017.8461276659946,1017.8461864159981,None,,,,,,,,,,,,21040100,2,2026-02-26_12h56.31.216,tilt_mocs,2024.2.4,120.14790206418549,2026-02-26 12h56.44.896457 -0500,
0,-15.0,,584,584,0,,,,,100,0,,,,,c+0,negs,1.25,period,1.7491571249993285,None,None,,,,,,,,,,,0,584,584,452,1017.8573994580001,,,,,,,,,,,,,,,,,,,,,,,,,,,,,,,,,,,,,,,,,,,,,,,,,,,,,,,,,,,,,,,,,,,,,,1017.8485525829965,1017.8573994580001,1019.092383874995,1019.092383874995,1019.092383874995,1019.1642859159983,1019.1642859159983,1019.1642859159983,1019.6120450409944,period,1.7491571249993285,None,1019.6121739160008,1019.6122344999967,None,,,,,,,,,,,,21040100,2,2026-02-26_12h56.31.216,tilt_mocs,2024.2.4,120.14790206418549,2026-02-26 12h56.44.896457 -0500,
0,15.0,,585,585,0,,,,,100,0,,,,,c+0,poss,1.25,z,2.005658583002514,None,None,,,,,,,,,,,0,585,585,83,1019.6226974159945,,,,,,,,,,,,,,,,,,,,,,,,,,,,,,,,,,,,,,,,,,,,,,,,,,,,,,,,,,,,,,,,,,,,,,1019.6142060829952,1019.6226974159945,1020.8590512910014,1020.8590512910014,1020.8590512910014,1020.9316218749955,1020.9316218749955,1020.9316218749955,1021.6347475410003,z,2.005658583002514,None,1021.634875249998,1021.6349317079948,None,,,,,,,,,,,,21040100,2,2026-02-26_12h56.31.216,tilt_mocs,2024.2.4,120.14790206418549,2026-02-26 12h56.44.896457 -0500,
0,15.0,,586,586,0,,,,,100,0,,,,,c+0,poss,0.75,z,1.3496077909949236,None,None,,,,,,,,,,,0,586,586,53,1021.6455301659953,,,,,,,,,,,,,,,,,,,,,,,,,,,,,,,,,,,,,,,,,,,,,,,,,,,,,,,,,,,,,,,,,,,,,,1021.636994415996,1021.6455301659953,1022.3857212910007,1022.3857212910007,1022.3857212910007,1022.4596911659974,1022.4596911659974,1022.4596911659974,1022.9999132079975,z,1.3496077909949236,None,1023.0000126249943,1023.0000562079949,None,,,,,,,,,,,,21040100,2,2026-02-26_12h56.31.216,tilt_mocs,2024.2.4,120.14790206418549,2026-02-26 12h56.44.896457 -0500,
4,0.0,,587,587,0,,,,,0,100,,,,,c+4,noss,0.75,period,1.2005259579964331,None,None,,,,,,,,,,,0,587,587,686,1023.0116848749967,,,,,,,,,,,,,,,,,,,,,,,,,,,,,,,,,,,,,,,,,,,,,,,,,,,,,,,,,,,,,,,,,,,,,,1023.0020220829974,1023.0116848749967,1023.7426697909978,1023.7426697909978,1023.7426697909978,1023.8148282499969,1023.8148282499969,1023.8148282499969,1024.2185622909965,period,1.2005259579964331,None,1024.2186952909979,1024.218751415996,None,,,,,,,,,,,,21040100,2,2026-02-26_12h56.31.216,tilt_mocs,2024.2.4,120.14790206418549,2026-02-26 12h56.44.896457 -0500,
8,15.0,,588,588,0,,,,,100,0,,,,,c+8,poss,1.25,period,1.7130137909989571,None,None,,,,,,,,,,,0,588,588,251,1024.2292754999944,,,,,,,,,,,,,,,,,,,,,,,,,,,,,,,,,,,,,,,,,,,,,,,,,,,,,,,,,,,,,,,,,,,,,,1024.2212404579986,1024.2292754999944,1025.468423540995,1025.468423540995,1025.468423540995,1025.5431249579997,1025.5431249579997,1025.5431249579997,1025.9450592079957,period,1.7130137909989571,None,1025.945177249996,1025.9452244159984,None,,,,,,,,,,,,21040100,2,2026-02-26_12h56.31.216,tilt_mocs,2024.2.4,120.14790206418549,2026-02-26 12h56.44.896457 -0500,
0,0.0,,589,589,0,,,,,0,100,,,,,c+0,noss,0.5,z,1.2833012499977485,None,None,,,,,,,,,,,0,589,589,594,1025.9557050000003,,,,,,,,,,,,,,,,,,,,,,,,,,,,,,,,,,,,,,,,,,,,,,,,,,,,,,,,,,,,,,,,,,,,,,1025.9471511660013,1025.9557050000003,1026.442629665995,1026.442629665995,1026.442629665995,1026.5147838330013,1026.5147838330013,1026.5147838330013,1027.2449338750012,z,1.2833012499977485,None,1027.2450367499987,1027.2450799159997,None,,,,,,,,,,,,21040100,2,2026-02-26_12h56.31.216,tilt_mocs,2024.2.4,120.14790206418549,2026-02-26 12h56.44.896457 -0500,
-2,-15.0,,590,590,0,,,,,100,0,,,,,c-2,negs,1.0,period,1.6109490000017104,None,None,,,,,,,,,,,0,590,590,403,1027.2557470829997,,,,,,,,,,,,,,,,,,,,,,,,,,,,,,,,,,,,,,,,,,,,,,,,,,,,,,,,,,,,,,,,,,,,,,1027.2470749579952,1027.2557470829997,1028.2427364579999,1028.2427364579999,1028.2427364579999,1028.314926082996,1028.314926082996,1028.314926082996,1028.8788501659947,period,1.6109490000017104,None,1028.878977458,1028.8790354579978,None,,,,,,,,,,,,21040100,2,2026-02-26_12h56.31.216,tilt_mocs,2024.2.4,120.14790206418549,2026-02-26 12h56.44.896457 -0500,
2,-15.0,,591,591,0,,,,,100,0,,,,,c+2,negs,1.25,period,1.6944402090011863,None,None,,,,,,,,,,,0,591,591,502,1028.8897549159956,,,,,,,,,,,,,,,,,,,,,,,,,,,,,,,,,,,,,,,,,,,,,,,,,,,,,,,,,,,,,,,,,,,,,,1028.8811705830012,1028.8897549159956,1030.125530958001,1030.125530958001,1030.125530958001,1030.1985050000003,1030.1985050000003,1030.1985050000003,1030.5956647499988,period,1.6944402090011863,None,1030.5958241659973,1030.5958871249968,None,,,,,,,,,,,,21040100,2,2026-02-26_12h56.31.216,tilt_mocs,2024.2.4,120.14790206418549,2026-02-26 12h56.44.896457 -0500,
0,-15.0,,592,592,0,,,,,100,0,,,,,c+0,negs,1.0,period,1.4981884580047335,None,None,,,,,,,,,,,0,592,592,444,1030.607291249995,,,,,,,,,,,,,,,,,,,,,,,,,,,,,,,,,,,,,,,,,,,,,,,,,,,,,,,,,,,,,,,,,,,,,,1030.5984765829999,1030.607291249995,1031.5926962499943,1031.5926962499943,1031.5926962499943,1031.6649351249944,1031.6649351249944,1031.6649351249944,1032.1123340829945,period,1.4981884580047335,None,1032.1124843329962,1032.1125401249956,None,,,,,,,,,,,,21040100,2,2026-02-26_12h56.31.216,tilt_mocs,2024.2.4,120.14790206418549,2026-02-26 12h56.44.896457 -0500,
-2,15.0,,593,593,0,,,,,100,0,,,,,c-2,poss,0.5,z,1.0473292079987004,None,None,,,,,,,,,,,0,593,593,9,1032.1242740409944,,,,,,,,,,,,,,,,,,,,,,,,,,,,,,,,,,,,,,,,,,,,,,,,,,,,,,,,,,,,,,,,,,,,,,1032.1154652909972,1032.1242740409944,1032.6095266249977,1032.6095266249977,1032.6095266249977,1032.6819939579946,1032.6819939579946,1032.6819939579946,1033.1790712910006,z,1.0473292079987004,None,1033.1792285409974,1033.1792843750009,None,,,,,,,,,,,,21040100,2,2026-02-26_12h56.31.216,tilt_mocs,2024.2.4,120.14790206418549,2026-02-26 12h56.44.896457 -0500,
-2,15.0,,594,594,0,,,,,100,0,,,,,c-2,poss,0.75,z,1.2813142079976387,None,None,,,,,,,,,,,0,594,594,15,1033.1914828750014,,,,,,,,,,,,,,,,,,,,,,,,,,,,,,,,,,,,,,,,,,,,,,,,,,,,,,,,,,,,,,,,,,,,,,1033.1822172079992,1033.1914828750014,1033.926149040999,1033.926149040999,1033.926149040999,1033.9985679999954,1033.9985679999954,1033.9985679999954,1034.4788073329983,z,1.2813142079976387,None,1034.4789106249955,1034.4789549159977,None,,,,,,,,,,,,21040100,2,2026-02-26_12h56.31.216,tilt_mocs,2024.2.4,120.14790206418549,2026-02-26 12h56.44.896457 -0500,
8,15.0,,595,595,0,,,,,100,0,,,,,c+8,poss,0.5,period,0.9207757910044165,None,None,,,,,,,,,,,0,595,595,217,1034.4894718750002,,,,,,,,,,,,,,,,,,,,,,,,,,,,,,,,,,,,,,,,,,,,,,,,,,,,,,,,,,,,,,,,,,,,,,1034.480903249998,1034.4894718750002,1034.9756922499946,1034.9756922499946,1034.9756922499946,1035.0480974579987,1035.0480974579987,1035.0480974579987,1035.4132762079971,period,0.9207757910044165,None,1035.4134095409972,1035.4134577079967,None,,,,,,,,,,,,21040100,2,2026-02-26_12h56.31.216,tilt_mocs,2024.2.4,120.14790206418549,2026-02-26 12h56.44.896457 -0500,
8,15.0,,596,596,0,,,,,100,0,,,,,c+8,poss,1.25,period,1.7551650000023074,None,None,,,,,,,,,,,0,596,596,245,1035.424332290997,,,,,,,,,,,,,,,,,,,,,,,,,,,,,,,,,,,,,,,,,,,,,,,,,,,,,,,,,,,,,,,,,,,,,,1035.4154629159966,1035.424332290997,1036.6595461659963,1036.6595461659963,1036.6595461659963,1036.7322270410004,1036.7322270410004,1036.7322270410004,1037.184203541001,period,1.7551650000023074,None,1037.1843285409996,1037.1843971249982,None,,,,,,,,,,,,21040100,2,2026-02-26_12h56.31.216,tilt_mocs,2024.2.4,120.14790206418549,2026-02-26 12h56.44.896457 -0500,
-8,-15.0,,597,597,0,,,,,100,0,,,,,c-8,negs,1.0,z,1.4808325830017566,None,None,,,,,,,,,,,0,597,597,274,1037.1955204159967,,,,,,,,,,,,,,,,,,,,,,,,,,,,,,,,,,,,,,,,,,,,,,,,,,,,,,,,,,,,,,,,,,,,,,1037.1866122079955,1037.1955204159967,1038.1861744999987,1038.1861744999987,1038.1861744999987,1038.2604014159951,1038.2604014159951,1038.2604014159951,1038.6790087080008,z,1.4808325830017566,None,1038.679132790996,1038.6791868329965,None,,,,,,,,,,,,21040100,2,2026-02-26_12h56.31.216,tilt_mocs,2024.2.4,120.14790206418549,2026-02-26 12h56.44.896457 -0500,
-2,15.0,,598,598,0,,,,,100,0,,,,,c-2,poss,1.0,z,1.50408674999926,None,None,,,,,,,,,,,0,598,598,26,1038.690172540999,,,,,,,,,,,,,,,,,,,,,,,,,,,,,,,,,,,,,,,,,,,,,,,,,,,,,,,,,,,,,,,,,,,,,,1038.6813374579942,1038.690172540999,1039.676420541,1039.676420541,1039.676420541,1039.7487218749957,1039.7487218749957,1039.7487218749957,1040.1972334579987,z,1.50408674999926,None,1040.1974171659967,1040.197489457998,None,,,,,,,,,,,,21040100,2,2026-02-26_12h56.31.216,tilt_mocs,2024.2.4,120.14790206418549,2026-02-26 12h56.44.896457 -0500,
-4,0.0,,599,599,0,,,,,0,100,,,,,c-4,noss,0.5,z,0.9596828330031713,None,None,,,,,,,,,,,0,599,599,513,1040.209126540998,,,,,,,,,,,,,,,,,,,,,,,,,,,,,,,,,,,,,,,,,,,,,,,,,,,,,,,,,,,,,,,,,,,,,,1040.2001572910012,1040.209126540998,1040.6930971249967,1040.6930971249967,1040.6930971249967,1040.7661755410008,1040.7661755410008,1040.7661755410008,1041.1792835829983,z,0.9596828330031713,None,1041.1794425409971,1041.179512666,None,,,,,,,,,,,,21040100,2,2026-02-26_12h56.31.216,tilt_mocs,2024.2.4,120.14790206418549,2026-02-26 12h56.44.896457 -0500,
0,-15.0,,600,600,0,,,,,100,0,,,,,c+0,negs,1.0,period,1.4537015419991803,None,None,,,,,,,,,,,0,600,600,447,1041.1903022080005,,,,,,,,,,,,,,,,,,,,,,,,,,,,,,,,,,,,,,,,,,,,,,,,,,,,,,,,,,,,,,,,,,,,,,1041.1819344159958,1041.1903022080005,1042.176503249997,1042.176503249997,1042.176503249997,1042.2484868329993,1042.2484868329993,1042.2484868329993,1042.6473510409996,period,1.4537015419991803,None,1042.6475064999977,1042.6475924580009,None,,,,,,,,,,,,21040100,2,2026-02-26_12h56.31.216,tilt_mocs,2024.2.4,120.14790206418549,2026-02-26 12h56.44.896457 -0500,
6,15.0,,601,601,0,,,,,100,0,,,,,c+6,poss,0.75,period,1.2381169579966809,None,None,,,,,,,,,,,0,601,601,180,1042.6592929580002,,,,,,,,,,,,,,,,,,,,,,,,,,,,,,,,,,,,,,,,,,,,,,,,,,,,,,,,,,,,,,,,,,,,,,1042.6500046660003,1042.6592929580002,1043.3932964579944,1043.3932964579944,1043.3932964579944,1043.4649850409987,1043.4649850409987,1043.4649850409987,1043.902281249997,period,1.2381169579966809,None,1043.9024024579994,1043.902457958,None,,,,,,,,,,,,21040100,2,2026-02-26_12h56.31.216,tilt_mocs,2024.2.4,120.14790206418549,2026-02-26 12h56.44.896457 -0500,
2,0.0,,602,602,0,,,,,0,100,,,,,c+2,noss,0.5,period,1.0439253750009811,None,None,,,,,,,,,,,0,602,602,632,1043.9128418330001,,,,,,,,,,,,,,,,,,,,,,,,,,,,,,,,,,,,,,,,,,,,,,,,,,,,,,,,,,,,,,,,,,,,,,1043.904631749996,1043.9128418330001,1044.4028727909972,1044.4028727909972,1044.4028727909972,1044.4770537079967,1044.4770537079967,1044.4770537079967,1044.963298666,period,1.0439253750009811,None,1044.9634361249991,1044.963493874995,None,,,,,,,,,,,,21040100,2,2026-02-26_12h56.31.216,tilt_mocs,2024.2.4,120.14790206418549,2026-02-26 12h56.44.896457 -0500,
2,-15.0,,603,603,0,,,,,100,0,,,,,c+2,negs,0.5,period,0.8945305829984136,None,None,,,,,,,,,,,0,603,603,467,1044.9746263749985,,,,,,,,,,,,,,,,,,,,,,,,,,,,,,,,,,,,,,,,,,,,,,,,,,,,,,,,,,,,,,,,,,,,,,1044.965652166,1044.9746263749985,1045.4598821659965,1045.4598821659965,1045.4598821659965,1045.5318508749988,1045.5318508749988,1045.5318508749988,1045.8796657079947,period,0.8945305829984136,None,1045.8798263749995,1045.879884832997,None,,,,,,,,,,,,21040100,2,2026-02-26_12h56.31.216,tilt_mocs,2024.2.4,120.14790206418549,2026-02-26 12h56.44.896457 -0500,
0,15.0,,604,604,0,,,,,100,0,,,,,c+0,poss,0.75,period,1.0852157920016907,None,None,,,,,,,,,,,0,604,604,60,1045.8920464999974,,,,,,,,,,,,,,,,,,,,,,,,,,,,,,,,,,,,,,,,,,,,,,,,,,,,,,,,,,,,,,,,,,,,,,1045.882859665995,1045.8920464999974,1046.6266293329973,1046.6266293329973,1046.6266293329973,1046.6991290410006,1046.6991290410006,1046.6991290410006,1046.9803012499979,period,1.0852157920016907,None,1046.9804518329984,1046.9805120829988,None,,,,,,,,,,,,21040100,2,2026-02-26_12h56.31.216,tilt_mocs,2024.2.4,120.14790206418549,2026-02-26 12h56.44.896457 -0500,
2,0.0,,605,605,0,,,,,0,100,,,,,c+2,noss,0.75,period,1.2524134580016835,None,None,,,,,,,,,,,0,605,605,650,1046.9910850829983,,,,,,,,,,,,,,,,,,,,,,,,,,,,,,,,,,,,,,,,,,,,,,,,,,,,,,,,,,,,,,,,,,,,,,1046.9826805829944,1046.9910850829983,1047.7265877499958,1047.7265877499958,1047.7265877499958,1047.7999068329955,1047.7999068329955,1047.7999068329955,1048.2548992909942,period,1.2524134580016835,None,1048.2550011249987,1048.2550459159975,None,,,,,,,,,,,,21040100,2,2026-02-26_12h56.31.216,tilt_mocs,2024.2.4,120.14790206418549,2026-02-26 12h56.44.896457 -0500,
2,0.0,,606,606,0,,,,,0,100,,,,,c+2,noss,0.5,period,1.0050102079985663,None,None,,,,,,,,,,,0,606,606,638,1048.2626779159982,,,,,,,,,,,,,,,,,,,,,,,,,,,,,,,,,,,,,,,,,,,,,,,,,,,,,,,,,,,,,,,,,,,,,,1048.2570272079975,1048.2626779159982,1048.7530923749946,1048.7530923749946,1048.7530923749946,1048.8270210409974,1048.8270210409974,1048.8270210409974,1049.2794500409946,period,1.0050102079985663,None,1049.2795737499982,1049.2796285410004,None,,,,,,,,,,,,21040100,2,2026-02-26_12h56.31.216,tilt_mocs,2024.2.4,120.14790206418549,2026-02-26 12h56.44.896457 -0500,
8,15.0,,607,607,0,,,,,100,0,,,,,c+8,poss,0.75,period,1.1636170000056154,None,None,,,,,,,,,,,0,607,607,230,1049.2908330409991,,,,,,,,,,,,,,,,,,,,,,,,,,,,,,,,,,,,,,,,,,,,,,,,,,,,,,,,,,,,,,,,,,,,,,1049.2820785829972,1049.2908330409991,1050.0267926659944,1050.0267926659944,1050.0267926659944,1050.098903082995,1050.098903082995,1050.098903082995,1050.4632399159964,period,1.1636170000056154,None,1050.4633857500012,1050.463439457999,None,,,,,,,,,,,,21040100,2,2026-02-26_12h56.31.216,tilt_mocs,2024.2.4,120.14790206418549,2026-02-26 12h56.44.896457 -0500,
0,-15.0,,608,608,0,,,,,100,0,,,,,c+0,negs,1.25,period,1.6863368339982117,None,None,,,,,,,,,,,0,608,608,453,1050.4746927499946,,,,,,,,,,,,,,,,,,,,,,,,,,,,,,,,,,,,,,,,,,,,,,,,,,,,,,,,,,,,,,,,,,,,,,1050.4656835409987,1050.4746927499946,1051.710189999998,1051.710189999998,1051.710189999998,1051.7823641249997,1051.7823641249997,1051.7823641249997,1052.1650084159992,period,1.6863368339982117,None,1052.1651488329953,1052.1652046249947,None,,,,,,,,,,,,21040100,2,2026-02-26_12h56.31.216,tilt_mocs,2024.2.4,120.14790206418549,2026-02-26 12h56.44.896457 -0500,
-2,-15.0,,609,609,0,,,,,100,0,,,,,c-2,negs,1.25,period,1.8136503750065458,None,None,,,,,,,,,,,0,609,609,410,1052.1765180000002,,,,,,,,,,,,,,,,,,,,,,,,,,,,,,,,,,,,,,,,,,,,,,,,,,,,,,,,,,,,,,,,,,,,,,1052.167655749996,1052.1765180000002,1053.4102327910005,1053.4102327910005,1053.4102327910005,1053.4823848749948,1053.4823848749948,1053.4823848749948,1053.9961122909954,period,1.8136503750065458,None,1053.9962394999966,1053.996293832999,None,,,,,,,,,,,,21040100,2,2026-02-26_12h56.31.216,tilt_mocs,2024.2.4,120.14790206418549,2026-02-26 12h56.44.896457 -0500,
2,0.0,,610,610,0,,,,,0,100,,,,,c+2,noss,0.5,period,1.0735658330013393,None,None,,,,,,,,,,,0,610,610,631,1054.0072539159955,,,,,,,,,,,,,,,,,,,,,,,,,,,,,,,,,,,,,,,,,,,,,,,,,,,,,,,,,,,,,,,,,,,,,,1053.9984623749988,1054.0072539159955,1054.4929693329977,1054.4929693329977,1054.4929693329977,1054.5649652909997,1054.5649652909997,1054.5649652909997,1055.0848231249984,period,1.0735658330013393,None,1055.0849533329965,1055.0850067499996,None,,,,,,,,,,,,21040100,2,2026-02-26_12h56.31.216,tilt_mocs,2024.2.4,120.14790206418549,2026-02-26 12h56.44.896457 -0500,
0,0.0,,611,611,0,,,,,0,100,,,,,c+0,noss,1.0,period,2.220978625002317,None,None,,,,,,,,,,,0,611,611,611,1055.0962467079953,,,,,,,,,,,,,,,,,,,,,,,,,,,,,,,,,,,,,,,,,,,,,,,,,,,,,,,,,,,,,,,,,,,,,,1055.0872878329974,1055.0962467079953,1056.0863907499952,1056.0863907499952,1056.0863907499952,1056.1608188329992,1056.1608188329992,1056.1608188329992,1057.329990332997,period,2.220978625002317,None,1057.330118291,1057.3301754159984,None,,,,,,,,,,,,21040100,2,2026-02-26_12h56.31.216,tilt_mocs,2024.2.4,120.14790206418549,2026-02-26 12h56.44.896457 -0500,
2,0.0,,612,612,0,,,,,0,100,,,,,c+2,noss,1.0,period,1.4198753329983447,None,None,,,,,,,,,,,0,612,612,657,1057.3415197499999,,,,,,,,,,,,,,,,,,,,,,,,,,,,,,,,,,,,,,,,,,,,,,,,,,,,,,,,,,,,,,,,,,,,,,1057.3327425829993,1057.3415197499999,1058.3270380409958,1058.3270380409958,1058.3270380409958,1058.399382124997,1058.399382124997,1058.399382124997,1058.7645341249954,period,1.4198753329983447,None,1058.764668249998,1058.7647241659943,None,,,,,,,,,,,,21040100,2,2026-02-26_12h56.31.216,tilt_mocs,2024.2.4,120.14790206418549,2026-02-26 12h56.44.896457 -0500,
0,0.0,,613,613,0,,,,,0,100,,,,,c+0,noss,1.25,period,1.6880845420018886,None,None,,,,,,,,,,,0,613,613,624,1058.7761430829996,,,,,,,,,,,,,,,,,,,,,,,,,,,,,,,,,,,,,,,,,,,,,,,,,,,,,,,,,,,,,,,,,,,,,,1058.7669900409965,1058.7761430829996,1060.0104545409995,1060.0104545409995,1060.0104545409995,1060.0824216659967,1060.0824216659967,1060.0824216659967,1060.468327415998,period,1.6880845420018886,None,1060.4684934999968,1060.4685478749961,None,,,,,,,,,,,,21040100,2,2026-02-26_12h56.31.216,tilt_mocs,2024.2.4,120.14790206418549,2026-02-26 12h56.44.896457 -0500,
0,15.0,,614,614,0,,,,,100,0,,,,,c+0,poss,0.5,z,1.1787789159934619,None,None,,,,,,,,,,,0,614,614,48,1060.4799075829942,,,,,,,,,,,,,,,,,,,,,,,,,,,,,,,,,,,,,,,,,,,,,,,,,,,,,,,,,,,,,,,,,,,,,,1060.471125958,1060.4799075829942,1060.9704530409945,1060.9704530409945,1060.9704530409945,1061.0442017909954,1061.0442017909954,1061.0442017909954,1061.6636169579942,z,1.1787789159934619,None,1061.663716707997,1061.6637589159945,None,,,,,,,,,,,,21040100,2,2026-02-26_12h56.31.216,tilt_mocs,2024.2.4,120.14790206418549,2026-02-26 12h56.44.896457 -0500,
0,0.0,,615,615,0,,,,,0,100,,,,,c+0,noss,0.5,z,1.2909538749954663,None,None,,,,,,,,,,,0,615,615,589,1061.674361624995,,,,,,,,,,,,,,,,,,,,,,,,,,,,,,,,,,,,,,,,,,,,,,,,,,,,,,,,,,,,,,,,,,,,,,1061.6656943329945,1061.674361624995,1062.1605375,1062.1605375,1062.1605375,1062.233032958,1062.233032958,1062.233032958,1062.969574249997,z,1.2909538749954663,None,1062.969693166,1062.9697461659962,None,,,,,,,,,,,,21040100,2,2026-02-26_12h56.31.216,tilt_mocs,2024.2.4,120.14790206418549,2026-02-26 12h56.44.896457 -0500,
0,15.0,,616,616,0,,,,,100,0,,,,,c+0,poss,1.25,z,1.859092958002293,None,None,,,,,,,,,,,0,616,616,77,1062.980459915998,,,,,,,,,,,,,,,,,,,,,,,,,,,,,,,,,,,,,,,,,,,,,,,,,,,,,,,,,,,,,,,,,,,,,,1062.9721655829999,1062.980459915998,1064.2196702910005,1064.2196702910005,1064.2196702910005,1064.2944178749967,1064.2944178749967,1064.2944178749967,1064.846698333,z,1.859092958002293,None,1064.8468187909966,1064.8468721659956,None,,,,,,,,,,,,21040100,2,2026-02-26_12h56.31.216,tilt_mocs,2024.2.4,120.14790206418549,2026-02-26 12h56.44.896457 -0500,
-2,15.0,,617,617,0,,,,,100,0,,,,,c-2,poss,0.5,z,0.9768229999972391,None,None,,,,,,,,,,,0,617,617,10,1064.857813374998,,,,,,,,,,,,,,,,,,,,,,,,,,,,,,,,,,,,,,,,,,,,,,,,,,,,,,,,,,,,,,,,,,,,,,1064.8489735409967,1064.857813374998,1065.3440621249974,1065.3440621249974,1065.3440621249974,1065.4166685829987,1065.4166685829987,1065.4166685829987,1065.846888125001,z,0.9768229999972391,None,1065.8470197909992,1065.8470743750004,None,,,,,,,,,,,,21040100,2,2026-02-26_12h56.31.216,tilt_mocs,2024.2.4,120.14790206418549,2026-02-26 12h56.44.896457 -0500,
0,0.0,,618,618,0,,,,,0,100,,,,,c+0,noss,1.0,z,1.5401225419991533,None,None,,,,,,,,,,,0,618,618,610,1065.8580307079974,,,,,,,,,,,,,,,,,,,,,,,,,,,,,,,,,,,,,,,,,,,,,,,,,,,,,,,,,,,,,,,,,,,,,,1065.8490855409982,1065.8580307079974,1066.844086833,1066.844086833,1066.844086833,1066.9174973749978,1066.9174973749978,1066.9174973749978,1067.4015673749964,z,1.5401225419991533,None,1067.4016638329995,1067.401705790995,None,,,,,,,,,,,,21040100,2,2026-02-26_12h56.31.216,tilt_mocs,2024.2.4,120.14790206418549,2026-02-26 12h56.44.896457 -0500,
-6,-15.0,,619,619,0,,,,,100,0,,,,,c-6,negs,0.5,z,1.0521419999931823,None,None,,,,,,,,,,,0,619,619,296,1067.4124338330003,,,,,,,,,,,,,,,,,,,,,,,,,,,,,,,,,,,,,,,,,,,,,,,,,,,,,,,,,,,,,,,,,,,,,,1067.4036504999967,1067.4124338330003,1067.9027987079971,1067.9027987079971,1067.9027987079971,1067.9781112079945,1067.9781112079945,1067.9781112079945,1068.4688548749982,z,1.0521419999931823,None,1068.4689729579986,1068.4690263749944,None,,,,,,,,,,,,21040100,2,2026-02-26_12h56.31.216,tilt_mocs,2024.2.4,120.14790206418549,2026-02-26 12h56.44.896457 -0500,
0,0.0,,620,620,0,,,,,0,100,,,,,c+0,noss,1.25,z,1.8476594159947126,None,None,,,,,,,,,,,0,620,620,627,1068.4801300409963,,,,,,,,,,,,,,,,,,,,,,,,,,,,,,,,,,,,,,,,,,,,,,,,,,,,,,,,,,,,,,,,,,,,,,1068.4713220409976,1068.4801300409963,1069.7197784999953,1069.7197784999953,1069.7197784999953,1069.7947914159959,1069.7947914159959,1069.7947914159959,1070.330711249997,z,1.8476594159947126,None,1070.330846416,1070.3309022909962,None,,,,,,,,,,,,21040100,2,2026-02-26_12h56.31.216,tilt_mocs,2024.2.4,120.14790206418549,2026-02-26 12h56.44.896457 -0500,
2,0.0,,621,621,0,,,,,0,100,,,,,c+2,noss,1.25,period,1.773992417001864,None,None,,,,,,,,,,,0,621,621,667,1070.342823250001,,,,,,,,,,,,,,,,,,,,,,,,,,,,,,,,,,,,,,,,,,,,,,,,,,,,,,,,,,,,,,,,,,,,,,1070.333629749999,1070.342823250001,1071.5775385829984,1071.5775385829984,1071.5775385829984,1071.6502413329945,1071.6502413329945,1071.6502413329945,1072.1194345830008,period,1.773992417001864,None,1072.1195607499976,1072.1196142499975,None,,,,,,,,,,,,21040100,2,2026-02-26_12h56.31.216,tilt_mocs,2024.2.4,120.14790206418549,2026-02-26 12h56.44.896457 -0500,
-2,15.0,,622,622,0,,,,,100,0,,,,,c-2,poss,0.75,z,1.302360208996106,None,None,,,,,,,,,,,0,622,622,12,1072.1305028329953,,,,,,,,,,,,,,,,,,,,,,,,,,,,,,,,,,,,,,,,,,,,,,,,,,,,,,,,,,,,,,,,,,,,,,1072.1215972079954,1072.1305028329953,1072.8708855000004,1072.8708855000004,1072.8708855000004,1072.9447395409952,1072.9447395409952,1072.9447395409952,1073.4356254160011,z,1.302360208996106,None,1073.4357496660014,1073.4358060410013,None,,,,,,,,,,,,21040100,2,2026-02-26_12h56.31.216,tilt_mocs,2024.2.4,120.14790206418549,2026-02-26 12h56.44.896457 -0500,
4,15.0,,623,623,0,,,,,100,0,,,,,c+4,poss,1.0,period,1.6316410840008757,None,None,,,,,,,,,,,0,623,623,150,1073.446798416,,,,,,,,,,,,,,,,,,,,,,,,,,,,,,,,,,,,,,,,,,,,,,,,,,,,,,,,,,,,,,,,,,,,,,1073.4377998329946,1073.446798416,1074.4380125829994,1074.4380125829994,1074.4380125829994,1074.5116202499994,1074.5116202499994,1074.5116202499994,1075.0807984159983,period,1.6316410840008757,None,1075.080861082999,1075.0808785409972,None,,,,,,,,,,,,21040100,2,2026-02-26_12h56.31.216,tilt_mocs,2024.2.4,120.14790206418549,2026-02-26 12h56.44.896457 -0500,
-6,-15.0,,624,624,0,,,,,100,0,,,,,c-6,negs,1.0,z,1.4708362500023213,None,None,,,,,,,,,,,0,624,624,319,1075.0875573749945,,,,,,,,,,,,,,,,,,,,,,,,,,,,,,,,,,,,,,,,,,,,,,,,,,,,,,,,,,,,,,,,,,,,,,1075.081684165998,1075.0875573749945,1076.0775786249942,1076.0775786249942,1076.0775786249942,1076.149216040998,1076.149216040998,1076.149216040998,1076.5638623329942,z,1.4708362500023213,None,1076.563963624998,1076.5640070410009,None,,,,,,,,,,,,21040100,2,2026-02-26_12h56.31.216,tilt_mocs,2024.2.4,120.14790206418549,2026-02-26 12h56.44.896457 -0500,
4,0.0,,625,625,0,,,,,0,100,,,,,c+4,noss,1.0,period,1.4429388330026995,None,None,,,,,,,,,,,0,625,625,703,1076.5748895829965,,,,,,,,,,,,,,,,,,,,,,,,,,,,,,,,,,,,,,,,,,,,,,,,,,,,,,,,,,,,,,,,,,,,,,1076.56597625,1076.5748895829965,1077.5610275829968,1077.5610275829968,1077.5610275829968,1077.6342579999982,1077.6342579999982,1077.6342579999982,1078.0305981249985,period,1.4429388330026995,None,1078.0307269999976,1078.030781290996,None,,,,,,,,,,,,21040100,2,2026-02-26_12h56.31.216,tilt_mocs,2024.2.4,120.14790206418549,2026-02-26 12h56.44.896457 -0500,
8,15.0,,626,626,0,,,,,100,0,,,,,c+8,poss,1.0,period,1.4371970829961356,None,None,,,,,,,,,,,0,626,626,241,1078.0417072909986,,,,,,,,,,,,,,,,,,,,,,,,,,,,,,,,,,,,,,,,,,,,,,,,,,,,,,,,,,,,,,,,,,,,,,1078.0327714160012,1078.0417072909986,1079.0279615409963,1079.0279615409963,1079.0279615409963,1079.1001689580007,1079.1001689580007,1079.1001689580007,1079.4816421249998,period,1.4371970829961356,None,1079.4818057909943,1079.4818620410006,None,,,,,,,,,,,,21040100,2,2026-02-26_12h56.31.216,tilt_mocs,2024.2.4,120.14790206418549,2026-02-26 12h56.44.896457 -0500,
-4,0.0,,627,627,0,,,,,0,100,,,,,c-4,noss,0.5,z,0.9737340409992612,None,None,,,,,,,,,,,0,627,627,505,1079.493768458,,,,,,,,,,,,,,,,,,,,,,,,,,,,,,,,,,,,,,,,,,,,,,,,,,,,,,,,,,,,,,,,,,,,,,1079.4845189999978,1079.493768458,1079.9777713329968,1079.9777713329968,1079.9777713329968,1080.0497328329948,1080.0497328329948,1080.0497328329948,1080.4703882079993,z,0.9737340409992612,None,1080.4705209579988,1080.4706071659966,None,,,,,,,,,,,,21040100,2,2026-02-26_12h56.31.216,tilt_mocs,2024.2.4,120.14790206418549,2026-02-26 12h56.44.896457 -0500,
4,0.0,,628,628,0,,,,,0,100,,,,,c+4,noss,1.25,period,1.7282654580048984,None,None,,,,,,,,,,,0,628,628,707,1080.481211790997,,,,,,,,,,,,,,,,,,,,,,,,,,,,,,,,,,,,,,,,,,,,,,,,,,,,,,,,,,,,,,,,,,,,,,1080.4728654579958,1080.481211790997,1081.7205139579964,1081.7205139579964,1081.7205139579964,1081.7950994999992,1081.7950994999992,1081.7950994999992,1082.2141722079978,period,1.7282654580048984,None,1082.2143004159952,1082.2143555410003,None,,,,,,,,,,,,21040100,2,2026-02-26_12h56.31.216,tilt_mocs,2024.2.4,120.14790206418549,2026-02-26 12h56.44.896457 -0500,
2,0.0,,629,629,0,,,,,0,100,,,,,c+2,noss,1.0,period,1.4537815410003532,None,None,,,,,,,,,,,0,629,629,660,1082.2253873329973,,,,,,,,,,,,,,,,,,,,,,,,,,,,,,,,,,,,,,,,,,,,,,,,,,,,,,,,,,,,,,,,,,,,,,1082.2164935409965,1082.2253873329973,1083.211285665995,1083.211285665995,1083.211285665995,1083.2841700829958,1083.2841700829958,1083.2841700829958,1083.682435499999,period,1.4537815410003532,None,1083.6825840829988,1083.6826447079948,None,,,,,,,,,,,,21040100,2,2026-02-26_12h56.31.216,tilt_mocs,2024.2.4,120.14790206418549,2026-02-26 12h56.44.896457 -0500,
6,15.0,,630,630,0,,,,,100,0,,,,,c+6,poss,0.75,period,1.1542198749957606,None,None,,,,,,,,,,,0,630,630,188,1083.6942335409985,,,,,,,,,,,,,,,,,,,,,,,,,,,,,,,,,,,,,,,,,,,,,,,,,,,,,,,,,,,,,,,,,,,,,,1083.6852898750003,1083.6942335409985,1084.4279683749992,1084.4279683749992,1084.4279683749992,1084.4997989159965,1084.4997989159965,1084.4997989159965,1084.8531636249973,period,1.1542198749957606,None,1084.8532579999955,1084.8532999999952,None,,,,,,,,,,,,21040100,2,2026-02-26_12h56.31.216,tilt_mocs,2024.2.4,120.14790206418549,2026-02-26 12h56.44.896457 -0500,
-4,0.0,,631,631,0,,,,,0,100,,,,,c-4,noss,0.5,z,1.0642386249965057,None,None,,,,,,,,,,,0,631,631,510,1084.8640622909952,,,,,,,,,,,,,,,,,,,,,,,,,,,,,,,,,,,,,,,,,,,,,,,,,,,,,,,,,,,,,,,,,,,,,,1084.8552302909957,1084.8640622909952,1085.3543153749997,1085.3543153749997,1085.3543153749997,1085.4285091659985,1085.4285091659985,1085.4285091659985,1085.9311848329962,z,1.0642386249965057,None,1085.9313319159992,1085.9314184159957,None,,,,,,,,,,,,21040100,2,2026-02-26_12h56.31.216,tilt_mocs,2024.2.4,120.14790206418549,2026-02-26 12h56.44.896457 -0500,
-4,-15.0,,632,632,0,,,,,100,0,,,,,c-4,negs,1.0,z,1.635411583003588,None,None,,,,,,,,,,,0,632,632,366,1085.944821332996,,,,,,,,,,,,,,,,,,,,,,,,,,,,,,,,,,,,,,,,,,,,,,,,,,,,,,,,,,,,,,,,,,,,,,1085.933700124995,1085.944821332996,1086.9283399159976,1086.9283399159976,1086.9283399159976,1087.000132000001,1087.000132000001,1087.000132000001,1087.5866876660002,z,1.635411583003588,None,1087.586790165995,1087.5868342079993,None,,,,,,,,,,,,21040100,2,2026-02-26_12h56.31.216,tilt_mocs,2024.2.4,120.14790206418549,2026-02-26 12h56.44.896457 -0500,
-4,-15.0,,633,633,0,,,,,100,0,,,,,c-4,negs,0.5,z,1.0070637500029989,None,None,,,,,,,,,,,0,633,633,341,1087.5975791249948,,,,,,,,,,,,,,,,,,,,,,,,,,,,,,,,,,,,,,,,,,,,,,,,,,,,,,,,,,,,,,,,,,,,,,1087.5888143330012,1087.5975791249948,1088.088047624995,1088.088047624995,1088.088047624995,1088.162074957996,1088.162074957996,1088.162074957996,1088.6142572909957,z,1.0070637500029989,None,1088.6144203329968,1088.614497290997,None,,,,,,,,,,,,21040100,2,2026-02-26_12h56.31.216,tilt_mocs,2024.2.4,120.14790206418549,2026-02-26 12h56.44.896457 -0500,
2,0.0,,634,634,0,,,,,0,100,,,,,c+2,noss,0.75,period,1.2284906249988126,None,None,,,,,,,,,,,0,634,634,649,1088.6264130409982,,,,,,,,,,,,,,,,,,,,,,,,,,,,,,,,,,,,,,,,,,,,,,,,,,,,,,,,,,,,,,,,,,,,,,1088.6170883329978,1088.6264130409982,1089.3614096659949,1089.3614096659949,1089.3614096659949,1089.4340519999969,1089.4340519999969,1089.4340519999969,1089.8645524159947,period,1.2284906249988126,None,1089.8647114999985,1089.8648349159994,None,,,,,,,,,,,,21040100,2,2026-02-26_12h56.31.216,tilt_mocs,2024.2.4,120.14790206418549,2026-02-26 12h56.44.896457 -0500,
-2,0.0,,635,635,0,,,,,0,100,,,,,c-2,noss,0.5,z,1.0255687079989002,None,None,,,,,,,,,,,0,635,635,549,1089.876718499996,,,,,,,,,,,,,,,,,,,,,,,,,,,,,,,,,,,,,,,,,,,,,,,,,,,,,,,,,,,,,,,,,,,,,,1089.8674582499953,1089.876718499996,1090.3614952909993,1090.3614952909993,1090.3614952909993,1090.4335642079968,1090.4335642079968,1090.4335642079968,1090.9140472079962,z,1.0255687079989002,None,1090.9141700830005,1090.9142260410008,None,,,,,,,,,,,,21040100,2,2026-02-26_12h56.31.216,tilt_mocs,2024.2.4,120.14790206418549,2026-02-26 12h56.44.896457 -0500,
4,0.0,,636,636,0,,,,,0,100,,,,,c+4,noss,1.0,period,1.4838970420023543,None,None,,,,,,,,,,,0,636,636,697,1090.9251069999955,,,,,,,,,,,,,,,,,,,,,,,,,,,,,,,,,,,,,,,,,,,,,,,,,,,,,,,,,,,,,,,,,,,,,,1090.9163840830006,1090.9251069999955,1091.911581207998,1091.911581207998,1091.911581207998,1091.9853183749947,1091.9853183749947,1091.9853183749947,1092.4145175000012,period,1.4838970420023543,None,1092.4146284579983,1092.414671790997,None,,,,,,,,,,,,21040100,2,2026-02-26_12h56.31.216,tilt_mocs,2024.2.4,120.14790206418549,2026-02-26 12h56.44.896457 -0500,
4,15.0,,637,637,0,,,,,100,0,,,,,c+4,poss,1.25,period,2.062066500002402,None,None,,,,,,,,,,,0,637,637,160,1092.425338000001,,,,,,,,,,,,,,,,,,,,,,,,,,,,,,,,,,,,,,,,,,,,,,,,,,,,,,,,,,,,,,,,,,,,,,1092.416620625001,1092.425338000001,1093.6615698329988,1093.6615698329988,1093.6615698329988,1093.7353514159986,1093.7353514159986,1093.7353514159986,1094.497561707998,period,2.062066500002402,None,1094.4976888329984,1094.4977440000002,None,,,,,,,,,,,,21040100,2,2026-02-26_12h56.31.216,tilt_mocs,2024.2.4,120.14790206418549,2026-02-26 12h56.44.896457 -0500,
8,15.0,,638,638,0,,,,,100,0,,,,,c+8,poss,0.5,period,0.9998730000006617,None,None,,,,,,,,,,,0,638,638,211,1094.5086286250007,,,,,,,,,,,,,,,,,,,,,,,,,,,,,,,,,,,,,,,,,,,,,,,,,,,,,,,,,,,,,,,,,,,,,,1094.4999234159986,1094.5086286250007,1094.9949179999967,1094.9949179999967,1094.9949179999967,1095.0668892499962,1095.0668892499962,1095.0668892499962,1095.513447790996,period,0.9998730000006617,None,1095.5135614159954,1095.5136047080014,None,,,,,,,,,,,,21040100,2,2026-02-26_12h56.31.216,tilt_mocs,2024.2.4,120.14790206418549,2026-02-26 12h56.44.896457 -0500,
2,15.0,,639,639,0,,,,,100,0,,,,,c+2,poss,0.75,z,1.2736522919949493,None,None,,,,,,,,,,,0,639,639,96,1095.5241324579983,,,,,,,,,,,,,,,,,,,,,,,,,,,,,,,,,,,,,,,,,,,,,,,,,,,,,,,,,,,,,,,,,,,,,,1095.515525666,1095.5241324579983,1096.261755874999,1096.261755874999,1096.261755874999,1096.3339585409994,1096.3339585409994,1096.3339585409994,1096.8042762499972,z,1.2736522919949493,None,1096.8044033749975,1096.804463665998,None,,,,,,,,,,,,21040100,2,2026-02-26_12h56.31.216,tilt_mocs,2024.2.4,120.14790206418549,2026-02-26 12h56.44.896457 -0500,
-8,-15.0,,640,640,0,,,,,100,0,,,,,c-8,negs,1.0,z,1.4607147499991697,None,None,,,,,,,,,,,0,640,640,277,1096.8149772499964,,,,,,,,,,,,,,,,,,,,,,,,,,,,,,,,,,,,,,,,,,,,,,,,,,,,,,,,,,,,,,,,,,,,,,1096.8066248749965,1096.8149772499964,1097.804008207997,1097.804008207997,1097.804008207997,1097.8789707079995,1097.8789707079995,1097.8789707079995,1098.281643082999,z,1.4607147499991697,None,1098.2817832079963,1098.2818407909945,None,,,,,,,,,,,,21040100,2,2026-02-26_12h56.31.216,tilt_mocs,2024.2.4,120.14790206418549,2026-02-26 12h56.44.896457 -0500,
-2,15.0,,641,641,0,,,,,100,0,,,,,c-2,poss,0.75,z,1.1694529169981251,None,None,,,,,,,,,,,0,641,641,16,1098.292764124999,,,,,,,,,,,,,,,,,,,,,,,,,,,,,,,,,,,,,,,,,,,,,,,,,,,,,,,,,,,,,,,,,,,,,,1098.284043915999,1098.292764124999,1099.0277384579967,1099.0277384579967,1099.0277384579967,1099.1004824580014,1099.1004824580014,1099.1004824580014,1099.4648485829966,z,1.1694529169981251,None,1099.4649982909978,1099.4650562909956,None,,,,,,,,,,,,21040100,2,2026-02-26_12h56.31.216,tilt_mocs,2024.2.4,120.14790206418549,2026-02-26 12h56.44.896457 -0500,
0,-15.0,,642,642,0,,,,,100,0,,,,,c+0,negs,0.75,period,1.2271411670008092,None,None,,,,,,,,,,,0,642,642,434,1099.476295583001,,,,,,,,,,,,,,,,,,,,,,,,,,,,,,,,,,,,,,,,,,,,,,,,,,,,,,,,,,,,,,,,,,,,,,1099.467308708001,1099.476295583001,1100.2118878330002,1100.2118878330002,1100.2118878330002,1100.2837022079984,1100.2837022079984,1100.2837022079984,1100.715181874999,period,1.2271411670008092,None,1100.715325707999,1100.7153835829959,None,,,,,,,,,,,,21040100,2,2026-02-26_12h56.31.216,tilt_mocs,2024.2.4,120.14790206418549,2026-02-26 12h56.44.896457 -0500,
-2,15.0,,643,643,0,,,,,100,0,,,,,c-2,poss,0.75,z,1.2800362919952022,None,None,,,,,,,,,,,0,643,643,18,1100.7267452909946,,,,,,,,,,,,,,,,,,,,,,,,,,,,,,,,,,,,,,,,,,,,,,,,,,,,,,,,,,,,,,,,,,,,,,1100.7177470409952,1100.7267452909946,1101.4612626249946,1101.4612626249946,1101.4612626249946,1101.5339900830004,1101.5339900830004,1101.5339900830004,1102.015057083001,z,1.2800362919952022,None,1102.0152070830009,1102.015264249996,None,,,,,,,,,,,,21040100,2,2026-02-26_12h56.31.216,tilt_mocs,2024.2.4,120.14790206418549,2026-02-26 12h56.44.896457 -0500,
6,15.0,,644,644,0,,,,,100,0,,,,,c+6,poss,1.0,period,1.4206509169962374,None,None,,,,,,,,,,,0,644,644,198,1102.0266631249979,,,,,,,,,,,,,,,,,,,,,,,,,,,,,,,,,,,,,,,,,,,,,,,,,,,,,,,,,,,,,,,,,,,,,,1102.0175732079952,1102.0266631249979,1103.0120145409965,1103.0120145409965,1103.0120145409965,1103.0847857499975,1103.0847857499975,1103.0847857499975,1103.4533272499975,period,1.4206509169962374,None,1103.4534517079956,1103.4535080829955,None,,,,,,,,,,,,21040100,2,2026-02-26_12h56.31.216,tilt_mocs,2024.2.4,120.14790206418549,2026-02-26 12h56.44.896457 -0500,
2,0.0,,645,645,0,,,,,0,100,,,,,c+2,noss,0.75,period,1.1841819580004085,None,None,,,,,,,,,,,0,645,645,641,1103.4645138329943,,,,,,,,,,,,,,,,,,,,,,,,,,,,,,,,,,,,,,,,,,,,,,,,,,,,,,,,,,,,,,,,,,,,,,1103.4555507080004,1103.4645138329943,1104.2047097079994,1104.2047097079994,1104.2047097079994,1104.2791379580012,1104.2791379580012,1104.2791379580012,1104.6539337909999,period,1.1841819580004085,None,1104.6540531249993,1104.6541078329974,None,,,,,,,,,,,,21040100,2,2026-02-26_12h56.31.216,tilt_mocs,2024.2.4,120.14790206418549,2026-02-26 12h56.44.896457 -0500,
-2,0.0,,646,646,0,,,,,0,100,,,,,c-2,noss,1.0,z,1.390485208001337,None,None,,,,,,,,,,,0,646,646,571,1104.6652362079985,,,,,,,,,,,,,,,,,,,,,,,,,,,,,,,,,,,,,,,,,,,,,,,,,,,,,,,,,,,,,,,,,,,,,,1104.656547957995,1104.6652362079985,1105.6547869579954,1105.6547869579954,1105.6547869579954,1105.729297416001,1105.729297416001,1105.729297416001,1106.065169249996,z,1.390485208001337,None,1106.0653233330013,1106.0653811250013,None,,,,,,,,,,,,21040100,2,2026-02-26_12h56.31.216,tilt_mocs,2024.2.4,120.14790206418549,2026-02-26 12h56.44.896457 -0500,
-4,0.0,,647,647,0,,,,,0,100,,,,,c-4,noss,1.0,z,1.3594182089946116,None,None,,,,,,,,,,,0,647,647,534,1106.077396707995,,,,,,,,,,,,,,,,,,,,,,,,,,,,,,,,,,,,,,,,,,,,,,,,,,,,,,,,,,,,,,,,,,,,,,1106.0684138750003,1106.077396707995,1107.062080124997,1107.062080124997,1107.062080124997,1107.133770583001,1107.133770583001,1107.133770583001,1107.4480950829966,z,1.3594182089946116,None,1107.4482248749991,1107.4482802079947,None,,,,,,,,,,,,21040100,2,2026-02-26_12h56.31.216,tilt_mocs,2024.2.4,120.14790206418549,2026-02-26 12h56.44.896457 -0500,
-4,-15.0,,648,648,0,,,,,100,0,,,,,c-4,negs,0.5,z,0.9027933329998632,None,None,,,,,,,,,,,0,648,648,342,1107.4593187499995,,,,,,,,,,,,,,,,,,,,,,,,,,,,,,,,,,,,,,,,,,,,,,,,,,,,,,,,,,,,,,,,,,,,,,1107.4507410410006,1107.4593187499995,1107.9454588329972,1107.9454588329972,1107.9454588329972,1108.0176434159948,1108.0176434159948,1108.0176434159948,1108.364612665995,z,0.9027933329998632,None,1108.3647136660002,1108.3647571659967,None,,,,,,,,,,,,21040100,2,2026-02-26_12h56.31.216,tilt_mocs,2024.2.4,120.14790206418549,2026-02-26 12h56.44.896457 -0500,
4,15.0,,649,649,0,,,,,100,0,,,,,c+4,poss,1.0,period,1.3876982500005397,None,None,,,,,,,,,,,0,649,649,155,1108.3752597499988,,,,,,,,,,,,,,,,,,,,,,,,,,,,,,,,,,,,,,,,,,,,,,,,,,,,,,,,,,,,,,,,,,,,,,1108.3666791659998,1108.3752597499988,1109.3621632499999,1109.3621632499999,1109.3621632499999,1109.4354303750006,1109.4354303750006,1109.4354303750006,1109.7658425409973,period,1.3876982500005397,None,1109.7660038749964,1109.7660657909946,None,,,,,,,,,,,,21040100,2,2026-02-26_12h56.31.216,tilt_mocs,2024.2.4,120.14790206418549,2026-02-26 12h56.44.896457 -0500,
0,15.0,,650,650,0,,,,,100,0,,,,,c+0,poss,0.75,z,1.2821460830018623,None,None,,,,,,,,,,,0,650,650,55,1109.7778462909992,,,,,,,,,,,,,,,,,,,,,,,,,,,,,,,,,,,,,,,,,,,,,,,,,,,,,,,,,,,,,,,,,,,,,,1109.7687755410007,1109.7778462909992,1110.5121985000005,1110.5121985000005,1110.5121985000005,1110.5859636659952,1110.5859636659952,1110.5859636659952,1111.0650816659982,z,1.2821460830018623,None,1111.0651972499982,1111.065243332996,None,,,,,,,,,,,,21040100,2,2026-02-26_12h56.31.216,tilt_mocs,2024.2.4,120.14790206418549,2026-02-26 12h56.44.896457 -0500,
0,15.0,,651,651,0,,,,,100,0,,,,,c+0,poss,1.0,z,1.5766389159980463,None,None,,,,,,,,,,,0,651,651,73,1111.076189665997,,,,,,,,,,,,,,,,,,,,,,,,,,,,,,,,,,,,,,,,,,,,,,,,,,,,,,,,,,,,,,,,,,,,,,1111.0672653750007,1111.076189665997,1112.0612880409972,1112.0612880409972,1112.0612880409972,1112.134362124998,1112.134362124998,1112.134362124998,1112.6554352909952,z,1.5766389159980463,None,1112.6555850829973,1112.655643375001,None,,,,,,,,,,,,21040100,2,2026-02-26_12h56.31.216,tilt_mocs,2024.2.4,120.14790206418549,2026-02-26 12h56.44.896457 -0500,
-4,-15.0,,652,652,0,,,,,100,0,,,,,c-4,negs,1.0,z,1.4408478749974165,None,None,,,,,,,,,,,0,652,652,364,1112.6663481249998,,,,,,,,,,,,,,,,,,,,,,,,,,,,,,,,,,,,,,,,,,,,,,,,,,,,,,,,,,,,,,,,,,,,,,1112.6581026249987,1112.6663481249998,1113.6547179580011,1113.6547179580011,1113.6547179580011,1113.7294895410014,1113.7294895410014,1113.7294895410014,1114.115149707999,z,1.4408478749974165,None,1114.115272707997,1114.115326457999,None,,,,,,,,,,,,21040100,2,2026-02-26_12h56.31.216,tilt_mocs,2024.2.4,120.14790206418549,2026-02-26 12h56.44.896457 -0500,
8,15.0,,653,653,0,,,,,100,0,,,,,c+8,poss,1.25,period,1.6195075419964269,None,None,,,,,,,,,,,0,653,653,246,1114.126503708001,,,,,,,,,,,,,,,,,,,,,,,,,,,,,,,,,,,,,,,,,,,,,,,,,,,,,,,,,,,,,,,,,,,,,,1114.1177602499956,1114.126503708001,1115.3623593749944,1115.3623593749944,1115.3623593749944,1115.4351778329947,1115.4351778329947,1115.4351778329947,1115.7487488330007,period,1.6195075419964269,None,1115.7488915409995,1115.7489462909944,None,,,,,,,,,,,,21040100,2,2026-02-26_12h56.31.216,tilt_mocs,2024.2.4,120.14790206418549,2026-02-26 12h56.44.896457 -0500,
-8,-15.0,,654,654,0,,,,,100,0,,,,,c-8,negs,0.75,period,1.1099585000047227,None,None,,,,,,,,,,,0,654,654,271,1115.7605592499967,,,,,,,,,,,,,,,,,,,,,,,,,,,,,,,,,,,,,,,,,,,,,,,,,,,,,,,,,,,,,,,,,,,,,,1115.751265040999,1115.7605592499967,1116.495786749998,1116.495786749998,1116.495786749998,1116.567871457999,1116.567871457999,1116.567871457999,1116.8821045829973,period,1.1099585000047227,None,1116.8823409159959,1116.8824345829998,None,,,,,,,,,,,,21040100,2,2026-02-26_12h56.31.216,tilt_mocs,2024.2.4,120.14790206418549,2026-02-26 12h56.44.896457 -0500,
-4,0.0,,655,655,0,,,,,0,100,,,,,c-4,noss,0.75,z,1.3814549579983577,None,None,,,,,,,,,,,0,655,655,525,1116.8940276249996,,,,,,,,,,,,,,,,,,,,,,,,,,,,,,,,,,,,,,,,,,,,,,,,,,,,,,,,,,,,,,,,,,,,,,1116.8849331659949,1116.8940276249996,1117.6291841249986,1117.6291841249986,1117.6291841249986,1117.701265165997,1117.701265165997,1117.701265165997,1118.281602832998,z,1.3814549579983577,None,1118.2817032499952,1118.281747041001,None,,,,,,,,,,,,21040100,2,2026-02-26_12h56.31.216,tilt_mocs,2024.2.4,120.14790206418549,2026-02-26 12h56.44.896457 -0500,
-2,0.0,,656,656,0,,,,,0,100,,,,,c-2,noss,0.5,z,0.9935730420038453,None,None,,,,,,,,,,,0,656,656,555,1118.2924014999953,,,,,,,,,,,,,,,,,,,,,,,,,,,,,,,,,,,,,,,,,,,,,,,,,,,,,,,,,,,,,,,,,,,,,,1118.283694165999,1118.2924014999953,1118.7790449159947,1118.7790449159947,1118.7790449159947,1118.851064040995,1118.851064040995,1118.851064040995,1119.2884195410006,z,0.9935730420038453,None,1119.2885243749988,1119.2885706659945,None,,,,,,,,,,,,21040100,2,2026-02-26_12h56.31.216,tilt_mocs,2024.2.4,120.14790206418549,2026-02-26 12h56.44.896457 -0500,
-2,0.0,,657,657,0,,,,,0,100,,,,,c-2,noss,1.0,z,1.4613007500011008,None,None,,,,,,,,,,,0,657,657,569,1119.298789249995,,,,,,,,,,,,,,,,,,,,,,,,,,,,,,,,,,,,,,,,,,,,,,,,,,,,,,,,,,,,,,,,,,,,,,1119.2905537909974,1119.298789249995,1120.2884525409972,1120.2884525409972,1120.2884525409972,1120.363309290995,1120.363309290995,1120.363309290995,1120.7653405829988,z,1.4613007500011008,None,1120.765464832999,1120.7655190410005,None,,,,,,,,,,,,21040100,2,2026-02-26_12h56.31.216,tilt_mocs,2024.2.4,120.14790206418549,2026-02-26 12h56.44.896457 -0500,
-2,0.0,,658,658,0,,,,,0,100,,,,,c-2,noss,1.0,z,1.6773027500021271,None,None,,,,,,,,,,,0,658,658,577,1120.7768743749984,,,,,,,,,,,,,,,,,,,,,,,,,,,,,,,,,,,,,,,,,,,,,,,,,,,,,,,,,,,,,,,,,,,,,,1120.7678735000009,1120.7768743749984,1121.7625509999998,1121.7625509999998,1121.7625509999998,1121.8349103329965,1121.8349103329965,1121.8349103329965,1122.4654395409962,z,1.6773027500021271,None,1122.4655670829961,1122.4656213329945,None,,,,,,,,,,,,21040100,2,2026-02-26_12h56.31.216,tilt_mocs,2024.2.4,120.14790206418549,2026-02-26 12h56.44.896457 -0500,
4,0.0,,659,659,0,,,,,0,100,,,,,c+4,noss,1.0,period,1.5265729590028059,None,None,,,,,,,,,,,0,659,659,696,1122.476679374995,,,,,,,,,,,,,,,,,,,,,,,,,,,,,,,,,,,,,,,,,,,,,,,,,,,,,,,,,,,,,,,,,,,,,,1122.467723707996,1122.476679374995,1123.4628169579955,1123.4628169579955,1123.4628169579955,1123.534772166,1123.534772166,1123.534772166,1124.0154716249963,period,1.5265729590028059,None,1124.0156050829974,1124.0156622499999,None,,,,,,,,,,,,21040100,2,2026-02-26_12h56.31.216,tilt_mocs,2024.2.4,120.14790206418549,2026-02-26 12h56.44.896457 -0500,
-8,-15.0,,660,660,0,,,,,100,0,,,,,c-8,negs,1.25,z,1.7392774170002667,None,None,,,,,,,,,,,0,660,660,291,1124.0266750829978,,,,,,,,,,,,,,,,,,,,,,,,,,,,,,,,,,,,,,,,,,,,,,,,,,,,,,,,,,,,,,,,,,,,,,1124.017733707995,1124.0266750829978,1125.2616943329995,1125.2616943329995,1125.2616943329995,1125.3342754580008,1125.3342754580008,1125.3342754580008,1125.770682208,z,1.7392774170002667,None,1125.7707939999964,1125.770836290998,None,,,,,,,,,,,,21040100,2,2026-02-26_12h56.31.216,tilt_mocs,2024.2.4,120.14790206418549,2026-02-26 12h56.44.896457 -0500,
0,-15.0,,661,661,0,,,,,100,0,,,,,c+0,negs,1.25,period,1.792435666997335,None,None,,,,,,,,,,,0,661,661,455,1125.7818142909964,,,,,,,,,,,,,,,,,,,,,,,,,,,,,,,,,,,,,,,,,,,,,,,,,,,,,,,,,,,,,,,,,,,,,,1125.7728170409973,1125.7818142909964,1127.022074290995,1127.022074290995,1127.022074290995,1127.0966642079948,1127.0966642079948,1127.0966642079948,1127.5830110409952,period,1.792435666997335,None,1127.583155249995,1127.5832156659962,None,,,,,,,,,,,,21040100,2,2026-02-26_12h56.31.216,tilt_mocs,2024.2.4,120.14790206418549,2026-02-26 12h56.44.896457 -0500,
4,15.0,,662,662,0,,,,,100,0,,,,,c+4,poss,0.5,period,1.2457724169944413,None,None,,,,,,,,,,,0,662,662,134,1127.594565665997,,,,,,,,,,,,,,,,,,,,,,,,,,,,,,,,,,,,,,,,,,,,,,,,,,,,,,,,,,,,,,,,,,,,,,1127.5855647079952,1127.594565665997,1128.0795222079978,1128.0795222079978,1128.0795222079978,1128.1527327500007,1128.1527327500007,1128.1527327500007,1128.8489708329944,period,1.2457724169944413,None,1128.849097624996,1128.8491534579953,None,,,,,,,,,,,,21040100,2,2026-02-26_12h56.31.216,tilt_mocs,2024.2.4,120.14790206418549,2026-02-26 12h56.44.896457 -0500,
-2,0.0,,663,663,0,,,,,0,100,,,,,c-2,noss,1.25,z,1.8542517500027316,None,None,,,,,,,,,,,0,663,663,587,1128.8600552499993,,,,,,,,,,,,,,,,,,,,,,,,,,,,,,,,,,,,,,,,,,,,,,,,,,,,,,,,,,,,,,,,,,,,,,1128.8515665000014,1128.8600552499993,1130.0965006249971,1130.0965006249971,1130.0965006249971,1130.1682256249987,1130.1682256249987,1130.1682256249987,1130.7177048329977,z,1.8542517500027316,None,1130.717854333001,1130.7179119159991,None,,,,,,,,,,,,21040100,2,2026-02-26_12h56.31.216,tilt_mocs,2024.2.4,120.14790206418549,2026-02-26 12h56.44.896457 -0500,
-2,15.0,,664,664,0,,,,,100,0,,,,,c-2,poss,0.5,z,1.0367579999947338,None,None,,,,,,,,,,,0,664,664,4,1130.7293911659945,,,,,,,,,,,,,,,,,,,,,,,,,,,,,,,,,,,,,,,,,,,,,,,,,,,,,,,,,,,,,,,,,,,,,,1130.7204009999987,1130.7293911659945,1131.2128530409973,1131.2128530409973,1131.2128530409973,1131.2862038749954,1131.2862038749954,1131.2862038749954,1131.7717058329945,z,1.0367579999947338,None,1131.771822499999,1131.7718715829978,None,,,,,,,,,,,,21040100,2,2026-02-26_12h56.31.216,tilt_mocs,2024.2.4,120.14790206418549,2026-02-26 12h56.44.896457 -0500,
-6,-15.0,,665,665,0,,,,,100,0,,,,,c-6,negs,1.25,z,1.7425559999974212,None,None,,,,,,,,,,,0,665,665,335,1131.7824400409954,,,,,,,,,,,,,,,,,,,,,,,,,,,,,,,,,,,,,,,,,,,,,,,,,,,,,,,,,,,,,,,,,,,,,,1131.7738336659968,1131.7824400409954,1133.0224454579948,1133.0224454579948,1133.0224454579948,1133.0969774999976,1133.0969774999976,1133.0969774999976,1133.5326449999993,z,1.7425559999974212,None,1133.532772957995,1133.532833790996,None,,,,,,,,,,,,21040100,2,2026-02-26_12h56.31.216,tilt_mocs,2024.2.4,120.14790206418549,2026-02-26 12h56.44.896457 -0500,
8,15.0,,666,666,0,,,,,100,0,,,,,c+8,poss,0.5,period,1.0368753329967149,None,None,,,,,,,,,,,0,666,666,216,1133.5437016249998,,,,,,,,,,,,,,,,,,,,,,,,,,,,,,,,,,,,,,,,,,,,,,,,,,,,,,,,,,,,,,,,,,,,,,1133.535010665997,1133.5437016249998,1134.029670625001,1134.029670625001,1134.029670625001,1134.1021372079995,1134.1021372079995,1134.1021372079995,1134.5832408329952,period,1.0368753329967149,None,1134.5833711659943,1134.5834261249984,None,,,,,,,,,,,,21040100,2,2026-02-26_12h56.31.216,tilt_mocs,2024.2.4,120.14790206418549,2026-02-26 12h56.44.896457 -0500,
-2,-15.0,,667,667,0,,,,,100,0,,,,,c-2,negs,1.0,period,1.6155340839977725,None,None,,,,,,,,,,,0,667,667,401,1134.5942160829945,,,,,,,,,,,,,,,,,,,,,,,,,,,,,,,,,,,,,,,,,,,,,,,,,,,,,,,,,,,,,,,,,,,,,,1134.585613874995,1134.5942160829945,1135.5798173329968,1135.5798173329968,1135.5798173329968,1135.6530944580009,1135.6530944580009,1135.6530944580009,1136.2154523749996,period,1.6155340839977725,None,1136.2155524580012,1136.215595540998,None,,,,,,,,,,,,21040100,2,2026-02-26_12h56.31.216,tilt_mocs,2024.2.4,120.14790206418549,2026-02-26 12h56.44.896457 -0500,
-2,0.0,,668,668,0,,,,,0,100,,,,,c-2,noss,0.5,z,1.074116083997069,None,None,,,,,,,,,,,0,668,668,550,1136.2262775409981,,,,,,,,,,,,,,,,,,,,,,,,,,,,,,,,,,,,,,,,,,,,,,,,,,,,,,,,,,,,,,,,,,,,,,1136.2176329159993,1136.2262775409981,1136.7132704999967,1136.7132704999967,1136.7132704999967,1136.7850831659962,1136.7850831659962,1136.7850831659962,1137.3046257079986,z,1.074116083997069,None,1137.3047393749948,1137.3047865830013,None,,,,,,,,,,,,21040100,2,2026-02-26_12h56.31.216,tilt_mocs,2024.2.4,120.14790206418549,2026-02-26 12h56.44.896457 -0500,
-4,-15.0,,669,669,0,,,,,100,0,,,,,c-4,negs,1.0,z,2.2787701660054154,None,None,,,,,,,,,,,0,669,669,358,1137.3157192079962,,,,,,,,,,,,,,,,,,,,,,,,,,,,,,,,,,,,,,,,,,,,,,,,,,,,,,,,,,,,,,,,,,,,,,1137.3067380409993,1137.3157192079962,1138.3058532079958,1138.3058532079958,1138.3058532079958,1138.3803516659973,1138.3803516659973,1138.3803516659973,1139.5990386659978,z,2.2787701660054154,None,1139.599136416,1139.5991787499952,None,,,,,,,,,,,,21040100,2,2026-02-26_12h56.31.216,tilt_mocs,2024.2.4,120.14790206418549,2026-02-26 12h56.44.896457 -0500,
8,15.0,,670,670,0,,,,,100,0,,,,,c+8,poss,1.0,period,1.51093637500162,None,None,,,,,,,,,,,0,670,670,240,1139.6098320829988,,,,,,,,,,,,,,,,,,,,,,,,,,,,,,,,,,,,,,,,,,,,,,,,,,,,,,,,,,,,,,,,,,,,,,1139.601170957998,1139.6098320829988,1140.5956560409977,1140.5956560409977,1140.5956560409977,1140.6687292499992,1140.6687292499992,1140.6687292499992,1141.1233104999992,period,1.51093637500162,None,1141.1234438329993,1141.123499082998,None,,,,,,,,,,,,21040100,2,2026-02-26_12h56.31.216,tilt_mocs,2024.2.4,120.14790206418549,2026-02-26 12h56.44.896457 -0500,
2,-15.0,,671,671,0,,,,,100,0,,,,,c+2,negs,0.5,period,0.9738622919976478,None,None,,,,,,,,,,,0,671,671,471,1141.1343110409944,,,,,,,,,,,,,,,,,,,,,,,,,,,,,,,,,,,,,,,,,,,,,,,,,,,,,,,,,,,,,,,,,,,,,,1141.1259610829948,1141.1343110409944,1141.622928375,1141.622928375,1141.622928375,1141.6971560409947,1141.6971560409947,1141.6971560409947,1142.1160257909942,period,0.9738622919976478,None,1142.1161602499997,1142.1162163749977,None,,,,,,,,,,,,21040100,2,2026-02-26_12h56.31.216,tilt_mocs,2024.2.4,120.14790206418549,2026-02-26 12h56.44.896457 -0500,
2,15.0,,672,672,0,,,,,100,0,,,,,c+2,poss,1.0,period,1.9213010000021313,None,None,,,,,,,,,,,0,672,672,111,1142.1274095409972,,,,,,,,,,,,,,,,,,,,,,,,,,,,,,,,,,,,,,,,,,,,,,,,,,,,,,,,,,,,,,,,,,,,,,1142.1187250410003,1142.1274095409972,1143.113358290997,1143.113358290997,1143.113358290997,1143.1859990410012,1143.1859990410012,1143.1859990410012,1144.0560891659989,period,1.9213010000021313,None,1144.0562165829979,1144.0562809159965,None,,,,,,,,,,,,21040100,2,2026-02-26_12h56.31.216,tilt_mocs,2024.2.4,120.14790206418549,2026-02-26 12h56.44.896457 -0500,
0,-15.0,,673,673,0,,,,,100,0,,,,,c+0,negs,0.5,period,1.060469666001154,None,None,,,,,,,,,,,0,673,673,422,1144.0666135409992,,,,,,,,,,,,,,,,,,,,,,,,,,,,,,,,,,,,,,,,,,,,,,,,,,,,,,,,,,,,,,,,,,,,,,1144.0583837909944,1144.0666135409992,1144.556683625,1144.556683625,1144.556683625,1144.6305811659986,1144.6305811659986,1144.6305811659986,1145.1331143329953,period,1.060469666001154,None,1145.133272207997,1145.1333289579998,None,,,,,,,,,,,,21040100,2,2026-02-26_12h56.31.216,tilt_mocs,2024.2.4,120.14790206418549,2026-02-26 12h56.44.896457 -0500,
-4,-15.0,,674,674,0,,,,,100,0,,,,,c-4,negs,1.25,z,1.9477756250053062,None,None,,,,,,,,,,,0,674,674,368,1145.145462540997,,,,,,,,,,,,,,,,,,,,,,,,,,,,,,,,,,,,,,,,,,,,,,,,,,,,,,,,,,,,,,,,,,,,,,1145.1365387080004,1145.145462540997,1146.3800767079956,1146.3800767079956,1146.3800767079956,1146.4526256249956,1146.4526256249956,1146.4526256249956,1147.0992955409965,z,1.9477756250053062,None,1147.0993935829974,1147.0994370830012,None,,,,,,,,,,,,21040100,2,2026-02-26_12h56.31.216,tilt_mocs,2024.2.4,120.14790206418549,2026-02-26 12h56.44.896457 -0500,
-2,0.0,,675,675,0,,,,,0,100,,,,,c-2,noss,1.0,z,1.5038325830028043,None,None,,,,,,,,,,,0,675,675,572,1147.1102119579955,,,,,,,,,,,,,,,,,,,,,,,,,,,,,,,,,,,,,,,,,,,,,,,,,,,,,,,,,,,,,,,,,,,,,,1147.1013991660002,1147.1102119579955,1148.096892249996,1148.096892249996,1148.096892249996,1148.1691582499989,1148.1691582499989,1148.1691582499989,1148.6170306659988,z,1.5038325830028043,None,1148.6171672909986,1148.6172240409942,None,,,,,,,,,,,,21040100,2,2026-02-26_12h56.31.216,tilt_mocs,2024.2.4,120.14790206418549,2026-02-26 12h56.44.896457 -0500,
4,15.0,,676,676,0,,,,,100,0,,,,,c+4,poss,0.75,period,1.314227041999402,None,None,,,,,,,,,,,0,676,676,141,1148.6283197909943,,,,,,,,,,,,,,,,,,,,,,,,,,,,,,,,,,,,,,,,,,,,,,,,,,,,,,,,,,,,,,,,,,,,,,1148.6194642499977,1148.6283197909943,1149.3626443329995,1149.3626443329995,1149.3626443329995,1149.4355556660012,1149.4355556660012,1149.4355556660012,1149.949479832998,period,1.314227041999402,None,1149.9495783329985,1149.949620540996,None,,,,,,,,,,,,21040100,2,2026-02-26_12h56.31.216,tilt_mocs,2024.2.4,120.14790206418549,2026-02-26 12h56.44.896457 -0500,
6,15.0,,677,677,0,,,,,100,0,,,,,c+6,poss,1.25,period,1.9544020829998772,None,None,,,,,,,,,,,0,677,677,204,1149.9601137499994,,,,,,,,,,,,,,,,,,,,,,,,,,,,,,,,,,,,,,,,,,,,,,,,,,,,,,,,,,,,,,,,,,,,,,1149.9515577499988,1149.9601137499994,1151.197098083001,1151.197098083001,1151.197098083001,1151.2694990829987,1151.2694990829987,1151.2694990829987,1151.9171666249968,period,1.9544020829998772,None,1151.917314540995,1151.9173717499943,None,,,,,,,,,,,,21040100,2,2026-02-26_12h56.31.216,tilt_mocs,2024.2.4,120.14790206418549,2026-02-26 12h56.44.896457 -0500,
0,-15.0,,678,678,0,,,,,100,0,,,,,c+0,negs,0.75,period,1.3701275000057649,None,None,,,,,,,,,,,0,678,678,435,1151.9285941249982,,,,,,,,,,,,,,,,,,,,,,,,,,,,,,,,,,,,,,,,,,,,,,,,,,,,,,,,,,,,,,,,,,,,,,1151.919933457997,1151.9285941249982,1152.663630957999,1152.663630957999,1152.663630957999,1152.7358126659965,1152.7358126659965,1152.7358126659965,1153.3052708749965,period,1.3701275000057649,None,1153.3053997909956,1153.305455791,None,,,,,,,,,,,,21040100,2,2026-02-26_12h56.31.216,tilt_mocs,2024.2.4,120.14790206418549,2026-02-26 12h56.44.896457 -0500,
2,0.0,,679,679,0,,,,,0,100,,,,,c+2,noss,1.25,period,1.8122535000002244,None,None,,,,,,,,,,,0,679,679,666,1153.316343999999,,,,,,,,,,,,,,,,,,,,,,,,,,,,,,,,,,,,,,,,,,,,,,,,,,,,,,,,,,,,,,,,,,,,,,1153.3074557500004,1153.316343999999,1154.5567452909963,1154.5567452909963,1154.5567452909963,1154.6309521250005,1154.6309521250005,1154.6309521250005,1155.1327927079983,period,1.8122535000002244,None,1155.1329200409964,1155.1329750829973,None,,,,,,,,,,,,21040100,2,2026-02-26_12h56.31.216,tilt_mocs,2024.2.4,120.14790206418549,2026-02-26 12h56.44.896457 -0500,
-2,15.0,,680,680,0,,,,,100,0,,,,,c-2,poss,0.75,z,1.237184999998135,None,None,,,,,,,,,,,0,680,680,19,1155.1440994160002,,,,,,,,,,,,,,,,,,,,,,,,,,,,,,,,,,,,,,,,,,,,,,,,,,,,,,,,,,,,,,,,,,,,,,1155.135394500001,1155.1440994160002,1155.8805194579982,1155.8805194579982,1155.8805194579982,1155.9526720409995,1155.9526720409995,1155.9526720409995,1156.3844770829965,z,1.237184999998135,None,1156.3846235409947,1156.3846807910013,None,,,,,,,,,,,,21040100,2,2026-02-26_12h56.31.216,tilt_mocs,2024.2.4,120.14790206418549,2026-02-26 12h56.44.896457 -0500,
-8,-15.0,,681,681,0,,,,,100,0,,,,,c-8,negs,0.5,z,0.9924047499953303,None,None,,,,,,,,,,,0,681,681,261,1156.3960991249987,,,,,,,,,,,,,,,,,,,,,,,,,,,,,,,,,,,,,,,,,,,,,,,,,,,,,,,,,,,,,,,,,,,,,,1156.386951415996,1156.3960991249987,1156.880540708,1156.880540708,1156.880540708,1156.9542627499977,1156.9542627499977,1156.9542627499977,1157.3999714999954,z,0.9924047499953303,None,1157.4001009159983,1157.4001567499945,None,,,,,,,,,,,,21040100,2,2026-02-26_12h56.31.216,tilt_mocs,2024.2.4,120.14790206418549,2026-02-26 12h56.44.896457 -0500,
8,15.0,,682,682,0,,,,,100,0,,,,,c+8,poss,0.75,period,1.269080790996668,None,None,,,,,,,,,,,0,682,682,227,1157.411617165999,,,,,,,,,,,,,,,,,,,,,,,,,,,,,,,,,,,,,,,,,,,,,,,,,,,,,,,,,,,,,,,,,,,,,,1157.4026285,1157.411617165999,1158.1471354159949,1158.1471354159949,1158.1471354159949,1158.2192826659957,1158.2192826659957,1158.2192826659957,1158.6919632079953,period,1.269080790996668,None,1158.6920638329975,1158.692113833,None,,,,,,,,,,,,21040100,2,2026-02-26_12h56.31.216,tilt_mocs,2024.2.4,120.14790206418549,2026-02-26 12h56.44.896457 -0500,
8,15.0,,683,683,0,,,,,100,0,,,,,c+8,poss,0.75,period,1.2149182920038584,None,None,,,,,,,,,,,0,683,683,228,1158.699749374995,,,,,,,,,,,,,,,,,,,,,,,,,,,,,,,,,,,,,,,,,,,,,,,,,,,,,,,,,,,,,,,,,,,,,,1158.6944867499988,1158.699749374995,1159.4394673749994,1159.4394673749994,1159.4394673749994,1159.5145055829998,1159.5145055829998,1159.5145055829998,1159.9171448749985,period,1.2149182920038584,None,1159.917257000001,1159.9173031249957,None,,,,,,,,,,,,21040100,2,2026-02-26_12h56.31.216,tilt_mocs,2024.2.4,120.14790206418549,2026-02-26 12h56.44.896457 -0500,
8,15.0,,684,684,0,,,,,100,0,,,,,c+8,poss,0.5,period,0.9694716249941848,None,None,,,,,,,,,,,0,684,684,215,1159.9282804579998,,,,,,,,,,,,,,,,,,,,,,,,,,,,,,,,,,,,,,,,,,,,,,,,,,,,,,,,,,,,,,,,,,,,,,1159.9194150830008,1159.9282804579998,1160.4138916250013,1160.4138916250013,1160.4138916250013,1160.486743165995,1160.486743165995,1160.486743165995,1160.9002292910009,period,0.9694716249941848,None,1160.9003329999978,1160.9003753750003,None,,,,,,,,,,,,21040100,2,2026-02-26_12h56.31.216,tilt_mocs,2024.2.4,120.14790206418549,2026-02-26 12h56.44.896457 -0500,
4,15.0,,685,685,0,,,,,100,0,,,,,c+4,poss,0.5,period,0.9202735830040183,None,None,,,,,,,,,,,0,685,685,129,1160.9112821249946,,,,,,,,,,,,,,,,,,,,,,,,,,,,,,,,,,,,,,,,,,,,,,,,,,,,,,,,,,,,,,,,,,,,,,1160.9023650409945,1160.9112821249946,1161.3973689579943,1161.3973689579943,1161.3973689579943,1161.4693176250003,1161.4693176250003,1161.4693176250003,1161.8351863329954,period,0.9202735830040183,None,1161.8353655409956,1161.8354219579996,None,,,,,,,,,,,,21040100,2,2026-02-26_12h56.31.216,tilt_mocs,2024.2.4,120.14790206418549,2026-02-26 12h56.44.896457 -0500,
-4,-15.0,,686,686,0,,,,,100,0,,,,,c-4,negs,0.5,z,1.2903086670048651,None,None,,,,,,,,,,,0,686,686,343,1161.8468826659955,,,,,,,,,,,,,,,,,,,,,,,,,,,,,,,,,,,,,,,,,,,,,,,,,,,,,,,,,,,,,,,,,,,,,,1161.8380115409964,1161.8468826659955,1162.3305667079985,1162.3305667079985,1162.3305667079985,1162.4027920000008,1162.4027920000008,1162.4027920000008,1163.1401616660005,z,1.2903086670048651,None,1163.1402981249994,1163.1403561659972,None,,,,,,,,,,,,21040100,2,2026-02-26_12h56.31.216,tilt_mocs,2024.2.4,120.14790206418549,2026-02-26 12h56.44.896457 -0500,
2,0.0,,687,687,0,,,,,0,100,,,,,c+2,noss,1.25,period,1.9085238330007996,None,None,,,,,,,,,,,0,687,687,671,1163.1509372079963,,,,,,,,,,,,,,,,,,,,,,,,,,,,,,,,,,,,,,,,,,,,,,,,,,,,,,,,,,,,,,,,,,,,,,1163.1427075409956,1163.1509372079963,1164.3884580410013,1164.3884580410013,1164.3884580410013,1164.4646052909957,1164.4646052909957,1164.4646052909957,1165.0672478749984,period,1.9085238330007996,None,1165.0674,1165.0674595829987,None,,,,,,,,,,,,21040100,2,2026-02-26_12h56.31.216,tilt_mocs,2024.2.4,120.14790206418549,2026-02-26 12h56.44.896457 -0500,
6,15.0,,688,688,0,,,,,100,0,,,,,c+6,poss,0.75,period,1.2691232910001418,None,None,,,,,,,,,,,0,688,688,181,1165.078822208001,,,,,,,,,,,,,,,,,,,,,,,,,,,,,,,,,,,,,,,,,,,,,,,,,,,,,,,,,,,,,,,,,,,,,,1165.069769624999,1165.078822208001,1165.8142476659996,1165.8142476659996,1165.8142476659996,1165.886597040997,1165.886597040997,1165.886597040997,1166.3503022500008,period,1.2691232910001418,None,1166.3504074579978,1166.3504524999953,None,,,,,,,,,,,,21040100,2,2026-02-26_12h56.31.216,tilt_mocs,2024.2.4,120.14790206418549,2026-02-26 12h56.44.896457 -0500,
-6,-15.0,,689,689,0,,,,,100,0,,,,,c-6,negs,0.5,z,1.030263417000242,None,None,,,,,,,,,,,0,689,689,303,1166.3613552079987,,,,,,,,,,,,,,,,,,,,,,,,,,,,,,,,,,,,,,,,,,,,,,,,,,,,,,,,,,,,,,,,,,,,,,1166.3524094999957,1166.3613552079987,1166.8474957500002,1166.8474957500002,1166.8474957500002,1166.9195327909983,1166.9195327909983,1166.9195327909983,1167.4007214579979,z,1.030263417000242,None,1167.4008513750014,1167.4009114159999,None,,,,,,,,,,,,21040100,2,2026-02-26_12h56.31.216,tilt_mocs,2024.2.4,120.14790206418549,2026-02-26 12h56.44.896457 -0500,
0,0.0,,690,690,0,,,,,0,100,,,,,c+0,noss,0.5,period,2.050327000004472,None,None,,,,,,,,,,,0,690,690,596,1167.4119392499997,,,,,,,,,,,,,,,,,,,,,,,,,,,,,,,,,,,,,,,,,,,,,,,,,,,,,,,,,,,,,,,,,,,,,,1167.403201041001,1167.4119392499997,1167.8975663749952,1167.8975663749952,1167.8975663749952,1167.969838500001,1167.969838500001,1167.969838500001,1169.4671807080013,period,2.050327000004472,None,1169.4672859999991,1169.4673297909976,None,,,,,,,,,,,,21040100,2,2026-02-26_12h56.31.216,tilt_mocs,2024.2.4,120.14790206418549,2026-02-26 12h56.44.896457 -0500,
0,-15.0,,691,691,0,,,,,100,0,,,,,c+0,negs,1.0,period,2.510472583002411,None,None,,,,,,,,,,,0,691,691,450,1169.478242582998,,,,,,,,,,,,,,,,,,,,,,,,,,,,,,,,,,,,,,,,,,,,,,,,,,,,,,,,,,,,,,,,,,,,,,1169.4692995000005,1169.478242582998,1170.4642912079944,1170.4642912079944,1170.4642912079944,1170.536493790998,1170.536493790998,1170.536493790998,1172.0004867499956,period,2.510472583002411,None,1172.0006101659965,1172.0006653749952,None,,,,,,,,,,,,21040100,2,2026-02-26_12h56.31.216,tilt_mocs,2024.2.4,120.14790206418549,2026-02-26 12h56.44.896457 -0500,
4,15.0,,692,692,0,,,,,100,0,,,,,c+4,poss,0.75,period,1.4593842089961981,None,None,,,,,,,,,,,0,692,692,146,1172.0112348749972,,,,,,,,,,,,,,,,,,,,,,,,,,,,,,,,,,,,,,,,,,,,,,,,,,,,,,,,,,,,,,,,,,,,,,1172.0026594999945,1172.0112348749972,1172.7477082080004,1172.7477082080004,1172.7477082080004,1172.8195721660013,1172.8195721660013,1172.8195721660013,1173.4731156659982,period,1.4593842089961981,None,1173.473221082997,1173.4732661249946,None,,,,,,,,,,,,21040100,2,2026-02-26_12h56.31.216,tilt_mocs,2024.2.4,120.14790206418549,2026-02-26 12h56.44.896457 -0500,
6,15.0,,693,693,0,,,,,100,0,,,,,c+6,poss,0.75,period,1.2318123750010272,None,None,,,,,,,,,,,0,693,693,182,1173.4837937909979,,,,,,,,,,,,,,,,,,,,,,,,,,,,,,,,,,,,,,,,,,,,,,,,,,,,,,,,,,,,,,,,,,,,,,1173.4752465829952,1173.4837937909979,1174.2244614579977,1174.2244614579977,1174.2244614579977,1174.298315,1174.298315,1174.298315,1174.7184579159948,period,1.2318123750010272,None,1174.718641708001,1174.7187352499968,None,,,,,,,,,,,,21040100,2,2026-02-26_12h56.31.216,tilt_mocs,2024.2.4,120.14790206418549,2026-02-26 12h56.44.896457 -0500,
2,15.0,,694,694,0,,,,,100,0,,,,,c+2,poss,0.75,period,1.213735125005769,None,None,,,,,,,,,,,0,694,694,97,1174.7302259999997,,,,,,,,,,,,,,,,,,,,,,,,,,,,,,,,,,,,,,,,,,,,,,,,,,,,,,,,,,,,,,,,,,,,,,1174.7211757080004,1174.7302259999997,1175.4644694579983,1175.4644694579983,1175.4644694579983,1175.537890624997,1175.537890624997,1175.537890624997,1175.9504004159971,period,1.213735125005769,None,1175.9505027499981,1175.9505464159956,None,,,,,,,,,,,,21040100,2,2026-02-26_12h56.31.216,tilt_mocs,2024.2.4,120.14790206418549,2026-02-26 12h56.44.896457 -0500,
2,-15.0,,695,695,0,,,,,100,0,,,,,c+2,negs,0.5,period,1.0097523340009502,None,None,,,,,,,,,,,0,695,695,472,1175.9611599579948,,,,,,,,,,,,,,,,,,,,,,,,,,,,,,,,,,,,,,,,,,,,,,,,,,,,,,,,,,,,,,,,,,,,,,1175.9524823329994,1175.9611599579948,1176.446881541,1176.446881541,1176.446881541,1176.5189248749957,1176.5189248749957,1176.5189248749957,1176.9740553329975,period,1.0097523340009502,None,1176.9741931659955,1176.974248915998,None,,,,,,,,,,,,21040100,2,2026-02-26_12h56.31.216,tilt_mocs,2024.2.4,120.14790206418549,2026-02-26 12h56.44.896457 -0500,
2,-15.0,,696,696,0,,,,,100,0,,,,,c+2,negs,0.75,period,1.2187739579967456,None,None,,,,,,,,,,,0,696,696,482,1176.9844054579953,,,,,,,,,,,,,,,,,,,,,,,,,,,,,,,,,,,,,,,,,,,,,,,,,,,,,,,,,,,,,,,,,,,,,,1176.976436500001,1176.9844054579953,1177.7242003749998,1177.7242003749998,1177.7242003749998,1177.7985110829977,1177.7985110829977,1177.7985110829977,1178.206200875,period,1.2187739579967456,None,1178.2063000829949,1178.206343416001,None,,,,,,,,,,,,21040100,2,2026-02-26_12h56.31.216,tilt_mocs,2024.2.4,120.14790206418549,2026-02-26 12h56.44.896457 -0500,
2,15.0,,697,697,0,,,,,100,0,,,,,c+2,poss,1.25,period,1.719597082999826,None,None,,,,,,,,,,,0,697,697,120,1178.2173791249952,,,,,,,,,,,,,,,,,,,,,,,,,,,,,,,,,,,,,,,,,,,,,,,,,,,,,,,,,,,,,,,,,,,,,,1178.208301999999,1178.2173791249952,1179.457554624998,1179.457554624998,1179.457554624998,1179.5319630410013,1179.5319630410013,1179.5319630410013,1179.9397193330005,period,1.719597082999826,None,1179.9398212079977,1179.9398648749993,None,,,,,,,,,,,,21040100,2,2026-02-26_12h56.31.216,tilt_mocs,2024.2.4,120.14790206418549,2026-02-26 12h56.44.896457 -0500,
-2,-15.0,,698,698,0,,,,,100,0,,,,,c-2,negs,0.5,period,1.0145198329992127,None,None,,,,,,,,,,,0,698,698,386,1179.9506886249947,,,,,,,,,,,,,,,,,,,,,,,,,,,,,,,,,,,,,,,,,,,,,,,,,,,,,,,,,,,,,,,,,,,,,,1179.9418357499962,1179.9506886249947,1180.4415230000013,1180.4415230000013,1180.4415230000013,1180.5151702910007,1180.5151702910007,1180.5151702910007,1180.9682447079977,period,1.0145198329992127,None,1180.968393874995,1180.9684572909973,None,,,,,,,,,,,,21040100,2,2026-02-26_12h56.31.216,tilt_mocs,2024.2.4,120.14790206418549,2026-02-26 12h56.44.896457 -0500,
0,-15.0,,699,699,0,,,,,100,0,,,,,c+0,negs,0.75,period,1.194810333996429,None,None,,,,,,,,,,,0,699,699,436,1180.979718374998,,,,,,,,,,,,,,,,,,,,,,,,,,,,,,,,,,,,,,,,,,,,,,,,,,,,,,,,,,,,,,,,,,,,,,1180.9707145829962,1180.979718374998,1181.7146113749986,1181.7146113749986,1181.7146113749986,1181.7867216659943,1181.7867216659943,1181.7867216659943,1182.184326165996,period,1.194810333996429,None,1182.1844836249948,1182.184541165996,None,,,,,,,,,,,,21040100,2,2026-02-26_12h56.31.216,tilt_mocs,2024.2.4,120.14790206418549,2026-02-26 12h56.44.896457 -0500,
-2,-15.0,,700,700,0,,,,,100,0,,,,,c-2,negs,1.0,period,1.4808632920030504,None,None,,,,,,,,,,,0,700,700,404,1182.1962994999994,,,,,,,,,,,,,,,,,,,,,,,,,,,,,,,,,,,,,,,,,,,,,,,,,,,,,,,,,,,,,,,,,,,,,,1182.187553374999,1182.1962994999994,1183.1816444579963,1183.1816444579963,1183.1816444579963,1183.2543252909963,1183.2543252909963,1183.2543252909963,1183.684816957997,period,1.4808632920030504,None,1183.6849671249947,1183.6850292499948,None,,,,,,,,,,,,21040100,2,2026-02-26_12h56.31.216,tilt_mocs,2024.2.4,120.14790206418549,2026-02-26 12h56.44.896457 -0500,
6,15.0,,701,701,0,,,,,100,0,,,,,c+6,poss,0.5,period,1.0124398330008262,None,None,,,,,,,,,,,0,701,701,178,1183.6963438329985,,,,,,,,,,,,,,,,,,,,,,,,,,,,,,,,,,,,,,,,,,,,,,,,,,,,,,,,,,,,,,,,,,,,,,1183.6872423749955,1183.6963438329985,1184.1814322499995,1184.1814322499995,1184.1814322499995,1184.2534339999984,1184.2534339999984,1184.2534339999984,1184.7178812079947,period,1.0124398330008262,None,1184.7180534579966,1184.7181129159944,None,,,,,,,,,,,,21040100,2,2026-02-26_12h56.31.216,tilt_mocs,2024.2.4,120.14790206418549,2026-02-26 12h56.44.896457 -0500,
0,0.0,,702,702,0,,,,,0,100,,,,,c+0,noss,1.25,period,1.887046833995555,None,None,,,,,,,,,,,0,702,702,629,1184.7298108749965,,,,,,,,,,,,,,,,,,,,,,,,,,,,,,,,,,,,,,,,,,,,,,,,,,,,,,,,,,,,,,,,,,,,,,1184.7209258750008,1184.7298108749965,1185.9647804159977,1185.9647804159977,1185.9647804159977,1186.0375158749957,1186.0375158749957,1186.0375158749957,1186.6237122499952,period,1.887046833995555,None,1186.623844582995,1186.623904166001,None,,,,,,,,,,,,21040100,2,2026-02-26_12h56.31.216,tilt_mocs,2024.2.4,120.14790206418549,2026-02-26 12h56.44.896457 -0500,
-4,-15.0,,703,703,0,,,,,100,0,,,,,c-4,negs,0.5,period,1.4642851669996162,None,None,,,,,,,,,,,0,703,703,337,1186.634646790997,,,,,,,,,,,,,,,,,,,,,,,,,,,,,,,,,,,,,,,,,,,,,,,,,,,,,,,,,,,,,,,,,,,,,,1186.6261799999993,1186.634646790997,1187.124696040999,1187.124696040999,1187.124696040999,1187.1988453329977,1187.1988453329977,1187.1988453329977,1188.1020911249943,period,1.4642851669996162,None,1188.1022759999978,1188.1023464159953,None,,,,,,,,,,,,21040100,2,2026-02-26_12h56.31.216,tilt_mocs,2024.2.4,120.14790206418549,2026-02-26 12h56.44.896457 -0500,
4,0.0,,704,704,0,,,,,0,100,,,,,c+4,noss,0.75,period,1.290631083000335,None,None,,,,,,,,,,,0,704,704,683,1188.1146622909946,,,,,,,,,,,,,,,,,,,,,,,,,,,,,,,,,,,,,,,,,,,,,,,,,,,,,,,,,,,,,,,,,,,,,,1188.105217790995,1188.1146622909946,1188.8482941249968,1188.8482941249968,1188.8482941249968,1188.9202522909982,1188.9202522909982,1188.9202522909982,1189.418084375,period,1.290631083000335,None,1189.4182238329959,1189.4182822079965,None,,,,,,,,,,,,21040100,2,2026-02-26_12h56.31.216,tilt_mocs,2024.2.4,120.14790206418549,2026-02-26 12h56.44.896457 -0500,
-2,15.0,,705,705,0,,,,,100,0,,,,,c-2,poss,1.25,z,1.7721056250011316,None,None,,,,,,,,,,,0,705,705,35,1189.429573333,,,,,,,,,,,,,,,,,,,,,,,,,,,,,,,,,,,,,,,,,,,,,,,,,,,,,,,,,,,,,,,,,,,,,,1189.4205411250005,1189.429573333,1190.6649880409968,1190.6649880409968,1190.6649880409968,1190.7368166249944,1190.7368166249944,1190.7368166249944,1191.2057760409953,z,1.7721056250011316,None,1191.2058712500002,1191.2059124999942,None,,,,,,,,,,,,21040100,2,2026-02-26_12h56.31.216,tilt_mocs,2024.2.4,120.14790206418549,2026-02-26 12h56.44.896457 -0500,
-2,-15.0,,706,706,0,,,,,100,0,,,,,c-2,negs,1.25,period,3.120686583999486,None,None,,,,,,,,,,,0,706,706,418,1191.217008832995,,,,,,,,,,,,,,,,,,,,,,,,,,,,,,,,,,,,,,,,,,,,,,,,,,,,,,,,,,,,,,,,,,,,,,1191.207851250001,1191.217008832995,1192.4577274580006,1192.4577274580006,1192.4577274580006,1192.5323481659943,1192.5323481659943,1192.5323481659943,1194.3406662079942,period,3.120686583999486,None,1194.3407843329987,1194.340837165997,None,,,,,,,,,,,,21040100,2,2026-02-26_12h56.31.216,tilt_mocs,2024.2.4,120.14790206418549,2026-02-26 12h56.44.896457 -0500,
-2,-15.0,,707,707,0,,,,,100,0,,,,,c-2,negs,0.5,period,0.9929457919934066,None,None,,,,,,,,,,,0,707,707,388,1194.3512544159967,,,,,,,,,,,,,,,,,,,,,,,,,,,,,,,,,,,,,,,,,,,,,,,,,,,,,,,,,,,,,,,,,,,,,,1194.3427872079992,1194.3512544159967,1194.841274499995,1194.841274499995,1194.841274499995,1194.9154967079958,1194.9154967079958,1194.9154967079958,1195.3512208329994,period,0.9929457919934066,None,1195.3513424159974,1195.3513959999982,None,,,,,,,,,,,,21040100,2,2026-02-26_12h56.31.216,tilt_mocs,2024.2.4,120.14790206418549,2026-02-26 12h56.44.896457 -0500,
2,0.0,,708,708,0,,,,,0,100,,,,,c+2,noss,1.0,period,1.4775427499989746,None,None,,,,,,,,,,,0,708,708,659,1195.3623319580001,,,,,,,,,,,,,,,,,,,,,,,,,,,,,,,,,,,,,,,,,,,,,,,,,,,,,,,,,,,,,,,,,,,,,,1195.3535679159977,1195.3623319580001,1196.3486451249992,1196.3486451249992,1196.3486451249992,1196.4208533329947,1196.4208533329947,1196.4208533329947,1196.8513075829978,period,1.4775427499989746,None,1196.8514343749994,1196.8514903749965,None,,,,,,,,,,,,21040100,2,2026-02-26_12h56.31.216,tilt_mocs,2024.2.4,120.14790206418549,2026-02-26 12h56.44.896457 -0500,
-6,-15.0,,709,709,0,,,,,100,0,,,,,c-6,negs,1.25,z,1.680318749997241,None,None,,,,,,,,,,,0,709,709,334,1196.8624344579948,,,,,,,,,,,,,,,,,,,,,,,,,,,,,,,,,,,,,,,,,,,,,,,,,,,,,,,,,,,,,,,,,,,,,,1196.853730457995,1196.8624344579948,1198.0985579999979,1198.0985579999979,1198.0985579999979,1198.1707482909987,1198.1707482909987,1198.1707482909987,1198.5515201249946,z,1.680318749997241,None,1198.5516792079943,1198.5517321660009,None,,,,,,,,,,,,21040100,2,2026-02-26_12h56.31.216,tilt_mocs,2024.2.4,120.14790206418549,2026-02-26 12h56.44.896457 -0500,
-2,15.0,,710,710,0,,,,,100,0,,,,,c-2,poss,1.25,z,1.8362476249967585,None,None,,,,,,,,,,,0,710,710,40,1198.5635787499996,,,,,,,,,,,,,,,,,,,,,,,,,,,,,,,,,,,,,,,,,,,,,,,,,,,,,,,,,,,,,,,,,,,,,,1198.5546357499989,1198.5635787499996,1199.7986793749951,1199.7986793749951,1199.7986793749951,1199.8708183329945,1199.8708183329945,1199.8708183329945,1200.402585249998,z,1.8362476249967585,None,1200.4028214579957,1200.4029291659972,None,,,,,,,,,,,,21040100,2,2026-02-26_12h56.31.216,tilt_mocs,2024.2.4,120.14790206418549,2026-02-26 12h56.44.896457 -0500,
4,15.0,,711,711,0,,,,,100,0,,,,,c+4,poss,1.0,period,1.441160750000563,None,None,,,,,,,,,,,0,711,711,148,1200.4145999999964,,,,,,,,,,,,,,,,,,,,,,,,,,,,,,,,,,,,,,,,,,,,,,,,,,,,,,,,,,,,,,,,,,,,,,1200.4054257499956,1200.4145999999964,1201.398708624998,1201.398708624998,1201.398708624998,1201.4713518749995,1201.4713518749995,1201.4713518749995,1201.8582187499997,period,1.441160750000563,None,1201.8583225830007,1201.858367875,None,,,,,,,,,,,,21040100,2,2026-02-26_12h56.31.216,tilt_mocs,2024.2.4,120.14790206418549,2026-02-26 12h56.44.896457 -0500,
-2,0.0,,712,712,0,,,,,0,100,,,,,c-2,noss,0.75,z,1.2524907919942052,None,None,,,,,,,,,,,0,712,712,567,1201.8684620829954,,,,,,,,,,,,,,,,,,,,,,,,,,,,,,,,,,,,,,,,,,,,,,,,,,,,,,,,,,,,,,,,,,,,,,1201.8603334159998,1201.8684620829954,1202.6087398329983,1202.6087398329983,1202.6087398329983,1202.682625124995,1202.682625124995,1202.682625124995,1203.1250774579967,z,1.2524907919942052,None,1203.1252095829987,1203.1252650409951,None,,,,,,,,,,,,21040100,2,2026-02-26_12h56.31.216,tilt_mocs,2024.2.4,120.14790206418549,2026-02-26 12h56.44.896457 -0500,
2,-15.0,,713,713,0,,,,,100,0,,,,,c+2,negs,0.5,period,0.9860390829999233,None,None,,,,,,,,,,,0,713,713,462,1203.1354736659996,,,,,,,,,,,,,,,,,,,,,,,,,,,,,,,,,,,,,,,,,,,,,,,,,,,,,,,,,,,,,,,,,,,,,,1203.1273040829983,1203.1354736659996,1203.6253184160014,1203.6253184160014,1203.6253184160014,1203.6993514159985,1203.6993514159985,1203.6993514159985,1204.1245414160003,period,0.9860390829999233,None,1204.1246896660014,1204.1247515829964,None,,,,,,,,,,,,21040100,2,2026-02-26_12h56.31.216,tilt_mocs,2024.2.4,120.14790206418549,2026-02-26 12h56.44.896457 -0500,
,,,,,,,,,,,,,,,,,,,,,,,,,,,,,,,,,,,,,,,,,,,,,,,,,,,,,,,,,,,,,,,,,,,,,,,,,,,,,,,,,,,,,,,,,,,,,,,,,,,,,,,,,,,,,,,,,,,,,,,,,,,,,,1204.1249652080005,1204.1350717499954,1204.1350717499954,1210.411711875,space,6.265073458002007,None,21040100,2,2026-02-26_12h56.31.216,tilt_mocs,2024.2.4,120.14790206418549,2026-02-26 12h56.44.896457 -0500,
