14.5331 	WARNING 	Font Manager failed to load file /System/Library/PrivateFrameworks/FontServices.framework/Resources/Reserved/PingFangUI.ttc
28.9615 	INFO 	Loaded monitor calibration from ['2025_09_15 11:13']
29.1974 	EXP 	Created window1 = Window(allowGUI=False, allowStencil=False, autoLog=True, backendConf=UNKNOWN, backgroundFit=<method-wrapper '__getattribute__' of attributeSetter object at 0x16268a8c0>, backgroundImage=<method-wrapper '__getattribute__' of attributeSetter object at 0x16268a920>, bitsMode=UNKNOWN, blendMode='avg', bpc=(8, 8, 8), color=array([0, 0, 0]), colorSpace='rgb', depthBits=8, fullscr=True, gamma=None, gammaErrorPolicy='raise', infoMsg=UNKNOWN, lms=UNKNOWN, monitor=<psychopy.monitors.calibTools.Monitor object at 0x1622d4850>, multiSample=False, name='window1', numSamples=2, pos=[0.0, 0.0], screen=0, size=array([2880, 1800]), stencilBits=0, stereo=False, title='PsychoPy', units='height', useFBO=True, useRetina=True, viewOri=0.0, viewPos=None, viewScale=None, waitBlanking=True, winType='pyglet')
29.1975 	EXP 	window1: backgroundImage = ''
29.1975 	EXP 	window1: backgroundFit = 'none'
29.2439 	EXP 	window1: Attempting to measure frame rate of screen (0) ...
29.2439 	EXP 	window1: recordFrameIntervals = False
29.3754 	EXP 	window1: recordFrameIntervals = True
30.0172 	EXP 	Screen (0) actual frame rate measured at 119.21Hz
30.0173 	EXP 	window1: recordFrameIntervals = False
32.9655 	INFO 	keyboard.Keyboard is using iohub backend.
32.9655 	INFO 	keyboard.Keyboard is using iohub backend.
32.9655 	INFO 	keyboard.Keyboard is using iohub backend.
32.9655 	INFO 	keyboard.Keyboard is using iohub backend.
32.9656 	INFO 	keyboard.Keyboard is using iohub backend.
32.9656 	INFO 	keyboard.Keyboard is using iohub backend.
32.9656 	INFO 	keyboard.Keyboard is using iohub backend.
32.9656 	INFO 	keyboard.Keyboard is using iohub backend.
32.9656 	INFO 	keyboard.Keyboard is using iohub backend.
32.9657 	INFO 	keyboard.Keyboard is using iohub backend.
32.9657 	EXP 	tilt_staircase: status = STARTED
33.0067 	EXP 	Created text_5 = TextStim(__class__=<class 'psychopy.visual.text.TextStim'>, alignHoriz=method-wrapper(...), alignText='center', alignVert=method-wrapper(...), anchorHoriz='center', anchorVert='center', antialias=True, autoDraw=False, autoLog=True, bold=False, color=array([1., 1., 1.]), colorSpace='rgb', contrast=1.0, depth=0.0, draggable=False, flipHoriz=False, flipVert=False, font='Arial', fontFiles=[], height=0.05, italic=False, languageStyle='LTR', name='text_5', opacity=1, ori=0.0, pos=array([0., 0.]), rgb=UNKNOWN, text=str(...), units='height', win=Window(...), wrapWidth=1)
33.0132 	EXP 	Created text_6 = TextStim(__class__=<class 'psychopy.visual.text.TextStim'>, alignHoriz=method-wrapper(...), alignText='center', alignVert=method-wrapper(...), anchorHoriz='center', anchorVert='center', antialias=True, autoDraw=False, autoLog=True, bold=False, color=array([1., 1., 1.]), colorSpace='rgb', contrast=1.0, depth=0.0, draggable=False, flipHoriz=False, flipVert=False, font='Arial', fontFiles=[], height=0.05, italic=False, languageStyle='LTR', name='text_6', opacity=1, ori=0.0, pos=array([0., 0.]), rgb=UNKNOWN, text=str(...), units='height', win=Window(...), wrapWidth=1)
33.0155 	EXP 	Created surround_practice = GratingStim(__class__=<class 'psychopy.visual.grating.GratingStim'>, anchor='center', autoDraw=False, autoLog=True, blendmode='avg', color=array([0.2, 0.2, 0.2]), colorSpace='rgb', contrast=0.2, depth=-1.0, draggable=False, interpolate=True, mask='circle', maskParams=None, name='surround_practice', opacity=1, ori=1.0, phase=array([1., 1.]), pos=array([0., 0.]), rgbPedestal=array([0., 0., 0.]), sf=array([2.5, 2.5]), size=array([6., 6.]), tex='sin', texRes=128.0, units='cm', win=Window(...))
33.0170 	EXP 	Created center_practice = GratingStim(__class__=<class 'psychopy.visual.grating.GratingStim'>, anchor='center', autoDraw=False, autoLog=True, blendmode='avg', color=array([1., 1., 1.]), colorSpace='rgb', contrast=1.0, depth=-2.0, draggable=False, interpolate=True, mask='circle', maskParams=None, name='center_practice', opacity=1, ori=1.0, phase=array([1., 1.]), pos=array([0., 0.]), rgbPedestal=array([0., 0., 0.]), sf=array([2.5, 2.5]), size=array([2., 2.]), tex='sin', texRes=128.0, units='cm', win=Window(...))
33.0205 	EXP 	Created text_11 = TextStim(__class__=<class 'psychopy.visual.text.TextStim'>, alignHoriz=method-wrapper(...), alignText='center', alignVert=method-wrapper(...), anchorHoriz='center', anchorVert='center', antialias=True, autoDraw=False, autoLog=True, bold=False, color=array([1., 1., 1.]), colorSpace='rgb', contrast=1.0, depth=-4.0, draggable=False, flipHoriz=False, flipVert=False, font='Arial', fontFiles=[], height=0.05, italic=False, languageStyle='LTR', name='text_11', opacity=1, ori=0.0, pos=array([0., 0.]), rgb=UNKNOWN, text=str(...), units='height', win=Window(...), wrapWidth=1)
33.0210 	EXP 	Created text_7 = TextStim(__class__=<class 'psychopy.visual.text.TextStim'>, alignHoriz=method-wrapper(...), alignText='center', alignVert=method-wrapper(...), anchorHoriz='center', anchorVert='center', antialias=True, autoDraw=False, autoLog=True, bold=False, color=array([1., 1., 1.]), colorSpace='rgb', contrast=1.0, depth=-1.0, draggable=False, flipHoriz=False, flipVert=False, font='Arial', fontFiles=[], height=0.05, italic=False, languageStyle='LTR', name='text_7', opacity=1, ori=0.0, pos=array([0., 0.]), rgb=UNKNOWN, text='', units='height', win=Window(...), wrapWidth=1)
33.0275 	EXP 	Created text_8 = TextStim(__class__=<class 'psychopy.visual.text.TextStim'>, alignHoriz=method-wrapper(...), alignText='center', alignVert=method-wrapper(...), anchorHoriz='center', anchorVert='center', antialias=True, autoDraw=False, autoLog=True, bold=False, color=array([1., 1., 1.]), colorSpace='rgb', contrast=1.0, depth=0.0, draggable=False, flipHoriz=False, flipVert=False, font='Arial', fontFiles=[], height=0.05, italic=False, languageStyle='LTR', name='text_8', opacity=1, ori=0.0, pos=array([0., 0.]), rgb=UNKNOWN, text=str(...), units='height', win=Window(...), wrapWidth=1)
33.0290 	EXP 	Created surround_practice_2 = GratingStim(__class__=<class 'psychopy.visual.grating.GratingStim'>, anchor='center', autoDraw=False, autoLog=True, blendmode='avg', color=array([0.2, 0.2, 0.2]), colorSpace='rgb', contrast=0.2, depth=0.0, draggable=False, interpolate=True, mask='circle', maskParams=None, name='surround_practice_2', opacity=1.0, ori=1.0, phase=array([0., 0.]), pos=array([0., 0.]), rgbPedestal=array([0., 0., 0.]), sf=array([2.5, 2.5]), size=array([6., 6.]), tex='sin', texRes=128.0, units='cm', win=Window(...))
33.0305 	EXP 	Created center_practice_2 = GratingStim(__class__=<class 'psychopy.visual.grating.GratingStim'>, anchor='center', autoDraw=False, autoLog=True, blendmode='avg', color=array([0.2, 0.2, 0.2]), colorSpace='rgb', contrast=0.2, depth=-1.0, draggable=False, interpolate=True, mask='circle', maskParams=None, name='center_practice_2', opacity=1, ori=1.0, phase=array([0., 0.]), pos=array([0., 0.]), rgbPedestal=array([0., 0., 0.]), sf=array([2.5, 2.5]), size=array([2., 2.]), tex='sin', texRes=128.0, units='cm', win=Window(...))
33.0329 	EXP 	Created text_12 = TextStim(__class__=<class 'psychopy.visual.text.TextStim'>, alignHoriz=method-wrapper(...), alignText='center', alignVert=method-wrapper(...), anchorHoriz='center', anchorVert='center', antialias=True, autoDraw=False, autoLog=True, bold=False, color=array([1., 1., 1.]), colorSpace='rgb', contrast=1.0, depth=-3.0, draggable=False, flipHoriz=False, flipVert=False, font='Arial', fontFiles=[], height=0.05, italic=False, languageStyle='LTR', name='text_12', opacity=1, ori=0.0, pos=array([0., 0.]), rgb=UNKNOWN, text=str(...), units='height', win=Window(...), wrapWidth=1)
33.0334 	EXP 	Created text_7 = TextStim(__class__=<class 'psychopy.visual.text.TextStim'>, alignHoriz=method-wrapper(...), alignText='center', alignVert=method-wrapper(...), anchorHoriz='center', anchorVert='center', antialias=True, autoDraw=False, autoLog=True, bold=False, color=array([1., 1., 1.]), colorSpace='rgb', contrast=1.0, depth=-1.0, draggable=False, flipHoriz=False, flipVert=False, font='Arial', fontFiles=[], height=0.05, italic=False, languageStyle='LTR', name='text_7', opacity=1, ori=0.0, pos=array([0., 0.]), rgb=UNKNOWN, text='', units='height', win=Window(...), wrapWidth=1)
33.0438 	EXP 	Created text_13 = TextStim(__class__=<class 'psychopy.visual.text.TextStim'>, alignHoriz=method-wrapper(...), alignText='center', alignVert=method-wrapper(...), anchorHoriz='center', anchorVert='center', antialias=True, autoDraw=False, autoLog=True, bold=False, color=array([1., 1., 1.]), colorSpace='rgb', contrast=1.0, depth=0.0, draggable=False, flipHoriz=False, flipVert=False, font='Arial', fontFiles=[], height=0.05, italic=False, languageStyle='LTR', name='text_13', opacity=1, ori=0.0, pos=array([0., 0.]), rgb=UNKNOWN, text=str(...), units='height', win=Window(...), wrapWidth=1)
33.0456 	EXP 	Created surround_grating = GratingStim(__class__=<class 'psychopy.visual.grating.GratingStim'>, anchor='center', autoDraw=False, autoLog=True, blendmode='avg', color=array([0.2, 0.2, 0.2]), colorSpace='rgb', contrast=0.2, depth=-2.0, draggable=False, interpolate=True, mask='circle', maskParams=None, name='surround_grating', opacity=1.0, ori=1.0, phase=array([1., 1.]), pos=array([0., 0.]), rgbPedestal=array([0., 0., 0.]), sf=array([2.5, 2.5]), size=array([6., 6.]), tex='sin', texRes=128.0, units='cm', win=Window(...))
33.0471 	EXP 	Created center_grating = GratingStim(__class__=<class 'psychopy.visual.grating.GratingStim'>, anchor='center', autoDraw=False, autoLog=True, blendmode='avg', color=array([0.2, 0.2, 0.2]), colorSpace='rgb', contrast=0.2, depth=-3.0, draggable=False, interpolate=True, mask='circle', maskParams=None, name='center_grating', opacity=1, ori=1.0, phase=array([1., 1.]), pos=array([0., 0.]), rgbPedestal=array([0., 0., 0.]), sf=array([2.5, 2.5]), size=array([2., 2.]), tex='sin', texRes=128.0, units='cm', win=Window(...))
33.0498 	EXP 	Created text_14 = TextStim(__class__=<class 'psychopy.visual.text.TextStim'>, alignHoriz=method-wrapper(...), alignText='center', alignVert=method-wrapper(...), anchorHoriz='center', anchorVert='center', antialias=True, autoDraw=False, autoLog=True, bold=False, color=array([1., 1., 1.]), colorSpace='rgb', contrast=1.0, depth=0.0, draggable=False, flipHoriz=False, flipVert=False, font='Arial', fontFiles=[], height=0.05, italic=False, languageStyle='LTR', name='text_14', opacity=1, ori=0.0, pos=array([0., 0.]), rgb=UNKNOWN, text=str(...), units='height', win=Window(...), wrapWidth=1)
33.0517 	EXP 	Created text_4 = TextStim(__class__=<class 'psychopy.visual.text.TextStim'>, alignHoriz=method-wrapper(...), alignText='center', alignVert=method-wrapper(...), anchorHoriz='center', anchorVert='center', antialias=True, autoDraw=False, autoLog=True, bold=False, color=array([1., 1., 1.]), colorSpace='rgb', contrast=1.0, depth=0.0, draggable=False, flipHoriz=False, flipVert=False, font='Arial', fontFiles=[], height=0.05, italic=False, languageStyle='LTR', name='text_4', opacity=1, ori=0.0, pos=array([0., 0.]), rgb=UNKNOWN, text='thank you and have a pleasant day ', units='height', win=Window(...), wrapWidth=1)
0.0190 	INFO 	Keyboard events cleared
0.0185 	EXP 	text_5: autoDraw = True
89.3974 	DATA 	Keypress: space
89.4046 	INFO 	Keyboard events cleared
89.4041 	EXP 	text_5: autoDraw = False
89.4041 	EXP 	text_6: autoDraw = True
120.3247 	EXP 	Imported tilt_practice_1.csv as conditions, 4 conditions, 3 params
120.3255 	EXP 	New trial (rep=0, index=0): <Trial 0 (0 in rep 0) data={'center': 30, 'surround': 0, 'correct': 'right', 'thisN': 0, 'thisTrialN': 0, 'thisRepN': 0}>
120.3297 	DATA 	Keypress: space
120.3355 	INFO 	Keyboard events cleared
120.3350 	EXP 	text_6: autoDraw = False
120.3350 	EXP 	surround_practice: ori = 0.0
120.3350 	EXP 	surround_practice: phase = array([0.31839369, 0.31839369])
120.3350 	EXP 	center_practice: ori = 30.0
120.3350 	EXP 	center_practice: phase = array([0.3425131, 0.3425131])
120.8187 	EXP 	surround_practice: autoDraw = True
120.8187 	EXP 	center_practice: autoDraw = True
120.8187 	EXP 	surround_practice: tex = 'sin'
120.8187 	EXP 	center_practice: tex = 'sin'
121.8115 	EXP 	surround_practice: autoDraw = False
121.8115 	EXP 	center_practice: autoDraw = False
121.8115 	EXP 	text_11: autoDraw = True
125.6105 	DATA 	Keypress: right
125.6152 	EXP 	surround_practice: autoDraw = False
125.6152 	EXP 	center_practice: autoDraw = False
125.6152 	EXP 	text_11: autoDraw = False
125.6152 	EXP 	text_7: height = 0.05
125.6152 	EXP 	text_7: height = 0.05
125.6152 	EXP 	text_7: height = 0.05
125.6152 	EXP 	text_7: text = 'Correct'
125.6152 	EXP 	text_7: autoDraw = True
127.0626 	EXP 	New trial (rep=0, index=1): <Trial 1 (1 in rep 0) data={'center': -30, 'surround': 0, 'correct': 'left', 'thisN': 1, 'thisTrialN': 1, 'thisRepN': 0}>
127.0695 	INFO 	Keyboard events cleared
127.0692 	EXP 	text_7: autoDraw = False
127.0692 	EXP 	surround_practice: ori = 0.0
127.0692 	EXP 	surround_practice: phase = array([0.92966481, 0.92966481])
127.0692 	EXP 	center_practice: ori = -30.0
127.0692 	EXP 	center_practice: phase = array([0.39373599, 0.39373599])
127.5540 	EXP 	surround_practice: autoDraw = True
127.5540 	EXP 	center_practice: autoDraw = True
128.5521 	EXP 	surround_practice: autoDraw = False
128.5521 	EXP 	center_practice: autoDraw = False
128.5521 	EXP 	text_11: autoDraw = True
134.8353 	DATA 	Keypress: left
134.8405 	EXP 	surround_practice: autoDraw = False
134.8405 	EXP 	center_practice: autoDraw = False
134.8405 	EXP 	text_11: autoDraw = False
134.8405 	EXP 	text_7: text = 'Correct'
134.8405 	EXP 	text_7: autoDraw = True
136.3302 	EXP 	New trial (rep=0, index=2): <Trial 2 (2 in rep 0) data={'center': 30, 'surround': 60, 'correct': 'right', 'thisN': 2, 'thisTrialN': 2, 'thisRepN': 0}>
136.3377 	INFO 	Keyboard events cleared
136.3372 	EXP 	text_7: autoDraw = False
136.3372 	EXP 	text_7: autoDraw = False
136.3372 	EXP 	surround_practice: ori = 60.0
136.3372 	EXP 	surround_practice: phase = array([0.96519869, 0.96519869])
136.3372 	EXP 	center_practice: ori = 30.0
136.3372 	EXP 	center_practice: phase = array([0.07261426, 0.07261426])
136.8290 	EXP 	surround_practice: autoDraw = True
136.8290 	EXP 	center_practice: autoDraw = True
137.8177 	EXP 	surround_practice: autoDraw = False
137.8177 	EXP 	center_practice: autoDraw = False
137.8294 	EXP 	text_11: autoDraw = True
138.5512 	DATA 	Keypress: right
138.5563 	EXP 	surround_practice: autoDraw = False
138.5563 	EXP 	center_practice: autoDraw = False
138.5563 	EXP 	text_11: autoDraw = False
138.5563 	EXP 	text_7: text = 'Correct'
138.5563 	EXP 	text_7: autoDraw = True
140.0468 	EXP 	New trial (rep=0, index=3): <Trial 3 (3 in rep 0) data={'center': -30, 'surround': -60, 'correct': 'left', 'thisN': 3, 'thisTrialN': 3, 'thisRepN': 0}>
140.0553 	INFO 	Keyboard events cleared
140.0549 	EXP 	text_7: autoDraw = False
140.0549 	EXP 	text_7: autoDraw = False
140.0549 	EXP 	surround_practice: ori = -60.0
140.0549 	EXP 	surround_practice: phase = array([0.61116232, 0.61116232])
140.0549 	EXP 	center_practice: ori = -30.0
140.0549 	EXP 	center_practice: phase = array([0.69254357, 0.69254357])
140.5456 	EXP 	surround_practice: autoDraw = True
140.5456 	EXP 	center_practice: autoDraw = True
141.5347 	EXP 	surround_practice: autoDraw = False
141.5347 	EXP 	center_practice: autoDraw = False
141.5461 	EXP 	text_11: autoDraw = True
141.7075 	DATA 	Keypress: left
141.7126 	EXP 	surround_practice: autoDraw = False
141.7126 	EXP 	center_practice: autoDraw = False
141.7126 	EXP 	text_11: autoDraw = False
141.7126 	EXP 	text_7: text = 'Correct'
141.7126 	EXP 	text_7: autoDraw = True
143.2053 	INFO 	Keyboard events cleared
143.2048 	EXP 	text_7: autoDraw = False
143.2048 	EXP 	text_7: autoDraw = False
143.2048 	EXP 	text_8: autoDraw = True
155.3716 	EXP 	Imported tilt_practice_2.csv as conditions, 6 conditions, 4 params
155.3720 	EXP 	New trial (rep=0, index=0): <Trial 0 (0 in rep 0) data={'center': -30, 'surround': -60, 'correct': 'left', 'opacity': 100, 'thisN': 0, 'thisTrialN': 0, 'thisRepN': 0}>
155.3762 	DATA 	Keypress: space
155.3822 	INFO 	Keyboard events cleared
155.3817 	EXP 	text_8: autoDraw = False
155.3817 	EXP 	surround_practice_2: ori = -60.0
155.3817 	EXP 	center_practice_2: ori = -30.0
155.8655 	EXP 	surround_practice_2: autoDraw = True
155.8655 	EXP 	center_practice_2: autoDraw = True
155.8655 	EXP 	surround_practice_2: tex = 'sin'
155.8655 	EXP 	center_practice_2: tex = 'sin'
155.9378 	EXP 	surround_practice_2: autoDraw = False
155.9378 	EXP 	center_practice_2: autoDraw = False
155.9378 	EXP 	text_12: autoDraw = True
156.9253 	DATA 	Keypress: left
156.9459 	EXP 	surround_practice_2: autoDraw = False
156.9459 	EXP 	center_practice_2: autoDraw = False
156.9459 	EXP 	text_12: autoDraw = False
156.9459 	EXP 	text_7: text = 'Correct'
156.9459 	EXP 	text_7: autoDraw = True
158.4303 	EXP 	New trial (rep=0, index=1): <Trial 1 (1 in rep 0) data={'center': -30, 'surround': 0, 'correct': 'left', 'opacity': 100, 'thisN': 1, 'thisTrialN': 1, 'thisRepN': 0}>
158.4368 	INFO 	Keyboard events cleared
158.4362 	EXP 	text_7: autoDraw = False
158.4362 	EXP 	surround_practice_2: ori = 0.0
158.4362 	EXP 	center_practice_2: ori = -30.0
158.9227 	EXP 	surround_practice_2: autoDraw = True
158.9227 	EXP 	center_practice_2: autoDraw = True
158.9968 	EXP 	surround_practice_2: autoDraw = False
158.9968 	EXP 	center_practice_2: autoDraw = False
158.9968 	EXP 	text_12: autoDraw = True
159.8033 	DATA 	Keypress: left
159.8081 	EXP 	surround_practice_2: autoDraw = False
159.8081 	EXP 	center_practice_2: autoDraw = False
159.8081 	EXP 	text_12: autoDraw = False
159.8081 	EXP 	text_7: text = 'Correct'
159.8081 	EXP 	text_7: autoDraw = True
161.2978 	EXP 	New trial (rep=0, index=2): <Trial 2 (2 in rep 0) data={'center': 30, 'surround': 60, 'correct': 'right', 'opacity': 100, 'thisN': 2, 'thisTrialN': 2, 'thisRepN': 0}>
161.3045 	INFO 	Keyboard events cleared
161.3040 	EXP 	text_7: autoDraw = False
161.3040 	EXP 	text_7: autoDraw = False
161.3040 	EXP 	surround_practice_2: ori = 60.0
161.3040 	EXP 	center_practice_2: ori = 30.0
161.7963 	EXP 	surround_practice_2: autoDraw = True
161.7963 	EXP 	center_practice_2: autoDraw = True
161.8699 	EXP 	surround_practice_2: autoDraw = False
161.8699 	EXP 	center_practice_2: autoDraw = False
161.8699 	EXP 	text_12: autoDraw = True
162.7025 	DATA 	Keypress: right
162.7076 	EXP 	surround_practice_2: autoDraw = False
162.7076 	EXP 	center_practice_2: autoDraw = False
162.7076 	EXP 	text_12: autoDraw = False
162.7076 	EXP 	text_7: text = 'Correct'
162.7076 	EXP 	text_7: autoDraw = True
164.1978 	EXP 	New trial (rep=0, index=3): <Trial 3 (3 in rep 0) data={'center': 30, 'surround': 0, 'correct': 'right', 'opacity': 100, 'thisN': 3, 'thisTrialN': 3, 'thisRepN': 0}>
164.2040 	INFO 	Keyboard events cleared
164.2036 	EXP 	text_7: autoDraw = False
164.2036 	EXP 	text_7: autoDraw = False
164.2036 	EXP 	surround_practice_2: ori = 0.0
164.2036 	EXP 	center_practice_2: ori = 30.0
164.6964 	EXP 	surround_practice_2: autoDraw = True
164.6964 	EXP 	center_practice_2: autoDraw = True
164.7696 	EXP 	surround_practice_2: autoDraw = False
164.7696 	EXP 	center_practice_2: autoDraw = False
164.7696 	EXP 	text_12: autoDraw = True
165.4520 	DATA 	Keypress: right
165.4573 	EXP 	surround_practice_2: autoDraw = False
165.4573 	EXP 	center_practice_2: autoDraw = False
165.4573 	EXP 	text_12: autoDraw = False
165.4573 	EXP 	text_7: text = 'Correct'
165.4573 	EXP 	text_7: autoDraw = True
166.9479 	EXP 	New trial (rep=0, index=4): <Trial 4 (4 in rep 0) data={'center': -30, 'surround': 69, 'correct': 'left', 'opacity': 0, 'thisN': 4, 'thisTrialN': 4, 'thisRepN': 0}>
166.9542 	INFO 	Keyboard events cleared
166.9536 	EXP 	text_7: autoDraw = False
166.9536 	EXP 	text_7: autoDraw = False
166.9536 	EXP 	surround_practice_2: ori = 69.0
166.9536 	EXP 	center_practice_2: ori = -30.0
167.4465 	EXP 	surround_practice_2: autoDraw = True
167.4465 	EXP 	center_practice_2: autoDraw = True
167.5199 	EXP 	surround_practice_2: autoDraw = False
167.5199 	EXP 	center_practice_2: autoDraw = False
167.5199 	EXP 	text_12: autoDraw = True
168.6704 	DATA 	Keypress: left
168.6755 	EXP 	surround_practice_2: autoDraw = False
168.6755 	EXP 	center_practice_2: autoDraw = False
168.6755 	EXP 	text_12: autoDraw = False
168.6755 	EXP 	text_7: text = 'Correct'
168.6755 	EXP 	text_7: autoDraw = True
170.1646 	EXP 	New trial (rep=0, index=5): <Trial 5 (5 in rep 0) data={'center': 30, 'surround': 69, 'correct': 'right', 'opacity': 0, 'thisN': 5, 'thisTrialN': 5, 'thisRepN': 0}>
170.1709 	INFO 	Keyboard events cleared
170.1705 	EXP 	text_7: autoDraw = False
170.1705 	EXP 	text_7: autoDraw = False
170.1705 	EXP 	surround_practice_2: ori = 69.0
170.1705 	EXP 	center_practice_2: ori = 30.0
170.6633 	EXP 	surround_practice_2: autoDraw = True
170.6633 	EXP 	center_practice_2: autoDraw = True
170.7356 	EXP 	surround_practice_2: autoDraw = False
170.7356 	EXP 	center_practice_2: autoDraw = False
170.7356 	EXP 	text_12: autoDraw = True
171.3419 	DATA 	Keypress: right
171.3471 	EXP 	surround_practice_2: autoDraw = False
171.3471 	EXP 	center_practice_2: autoDraw = False
171.3471 	EXP 	text_12: autoDraw = False
171.3471 	EXP 	text_7: text = 'Correct'
171.3471 	EXP 	text_7: autoDraw = True
172.8396 	INFO 	Keyboard events cleared
172.8392 	EXP 	text_7: autoDraw = False
172.8392 	EXP 	text_7: autoDraw = False
172.8392 	EXP 	text_13: autoDraw = True
212.8013 	EXP 	New trial (rep=0, index=0): <Trial 0 (0 in rep 0) data={'thisN': 0, 'thisTrialN': 0, 'thisRepN': 0}>
212.8086 	EXP 	Imported tilt_staircase.csv as conditions, 6 conditions, 10 params
212.9250 	DATA 	Keypress: space
212.9304 	INFO 	Keyboard events cleared
212.9300 	EXP 	text_13: autoDraw = False
212.9300 	EXP 	surround_grating: ori = 30.0
212.9300 	EXP 	surround_grating: phase = array([0.14300189, 0.14300189])
212.9300 	EXP 	center_grating: ori = -15.0
212.9300 	EXP 	center_grating: phase = array([0.83674683, 0.83674683])
213.3021 	EXP 	surround_grating: autoDraw = True
213.3021 	EXP 	center_grating: autoDraw = True
213.3021 	EXP 	surround_grating: tex = 'sin'
213.3021 	EXP 	center_grating: tex = 'sin'
213.3703 	EXP 	surround_grating: autoDraw = False
213.3703 	EXP 	center_grating: autoDraw = False
214.0793 	DATA 	Keypress: left
214.0849 	INFO 	Keyboard events cleared
214.0844 	EXP 	surround_grating: autoDraw = False
214.0844 	EXP 	center_grating: autoDraw = False
214.0844 	EXP 	surround_grating: ori = 30.0
214.0844 	EXP 	surround_grating: phase = array([0.07456006, 0.07456006])
214.0844 	EXP 	center_grating: ori = 15.0
214.0844 	EXP 	center_grating: phase = array([0.52933697, 0.52933697])
214.5743 	EXP 	surround_grating: autoDraw = True
214.5743 	EXP 	center_grating: autoDraw = True
214.6488 	EXP 	surround_grating: autoDraw = False
214.6488 	EXP 	center_grating: autoDraw = False
215.4396 	DATA 	Keypress: right
215.4454 	INFO 	Keyboard events cleared
215.4449 	EXP 	surround_grating: autoDraw = False
215.4449 	EXP 	center_grating: autoDraw = False
215.4449 	EXP 	surround_grating: ori = 69.0
215.4449 	EXP 	surround_grating: phase = array([0.37569684, 0.37569684])
215.4449 	EXP 	center_grating: ori = 15.0
215.4449 	EXP 	center_grating: phase = array([0.93097238, 0.93097238])
215.9315 	EXP 	surround_grating: autoDraw = True
215.9315 	EXP 	center_grating: autoDraw = True
216.0037 	EXP 	surround_grating: autoDraw = False
216.0037 	EXP 	center_grating: autoDraw = False
216.6891 	DATA 	Keypress: right
216.6946 	INFO 	Keyboard events cleared
216.6941 	EXP 	surround_grating: autoDraw = False
216.6941 	EXP 	center_grating: autoDraw = False
216.6941 	EXP 	surround_grating: ori = -30.0
216.6941 	EXP 	surround_grating: phase = array([0.5533005, 0.5533005])
216.6941 	EXP 	center_grating: ori = 15.0
216.6941 	EXP 	center_grating: phase = array([0.10753983, 0.10753983])
217.1816 	EXP 	surround_grating: autoDraw = True
217.1816 	EXP 	center_grating: autoDraw = True
217.2537 	EXP 	surround_grating: autoDraw = False
217.2537 	EXP 	center_grating: autoDraw = False
217.8051 	DATA 	Keypress: right
217.8108 	INFO 	Keyboard events cleared
217.8103 	EXP 	surround_grating: autoDraw = False
217.8103 	EXP 	center_grating: autoDraw = False
217.8103 	EXP 	surround_grating: ori = 69.0
217.8103 	EXP 	surround_grating: phase = array([0.72935774, 0.72935774])
217.8103 	EXP 	center_grating: ori = -15.0
217.8103 	EXP 	center_grating: phase = array([0.94902897, 0.94902897])
218.2985 	EXP 	surround_grating: autoDraw = True
218.2985 	EXP 	center_grating: autoDraw = True
218.3712 	EXP 	surround_grating: autoDraw = False
218.3712 	EXP 	center_grating: autoDraw = False
218.9053 	DATA 	Keypress: left
218.9175 	INFO 	Keyboard events cleared
218.9171 	EXP 	surround_grating: autoDraw = False
218.9171 	EXP 	center_grating: autoDraw = False
218.9171 	EXP 	surround_grating: ori = -30.0
218.9171 	EXP 	surround_grating: phase = array([0.89733447, 0.89733447])
218.9171 	EXP 	center_grating: ori = -15.0
218.9171 	EXP 	center_grating: phase = array([0.96672079, 0.96672079])
219.4074 	EXP 	surround_grating: autoDraw = True
219.4074 	EXP 	center_grating: autoDraw = True
219.4822 	EXP 	surround_grating: autoDraw = False
219.4822 	EXP 	center_grating: autoDraw = False
220.1547 	DATA 	Keypress: left
220.1605 	INFO 	Keyboard events cleared
220.1600 	EXP 	surround_grating: autoDraw = False
220.1600 	EXP 	center_grating: autoDraw = False
220.1600 	EXP 	surround_grating: ori = 69.0
220.1600 	EXP 	surround_grating: phase = array([0.47340551, 0.47340551])
220.1600 	EXP 	center_grating: ori = -10.0
220.1600 	EXP 	center_grating: phase = array([0.05489332, 0.05489332])
220.6479 	EXP 	surround_grating: autoDraw = True
220.6479 	EXP 	center_grating: autoDraw = True
220.7215 	EXP 	surround_grating: autoDraw = False
220.7215 	EXP 	center_grating: autoDraw = False
221.2115 	DATA 	Keypress: left
221.2173 	INFO 	Keyboard events cleared
221.2168 	EXP 	surround_grating: autoDraw = False
221.2168 	EXP 	center_grating: autoDraw = False
221.2168 	EXP 	surround_grating: ori = 30.0
221.2168 	EXP 	surround_grating: phase = array([0.01257781, 0.01257781])
221.2168 	EXP 	center_grating: ori = -10.0
221.2168 	EXP 	center_grating: phase = array([0.93726164, 0.93726164])
221.7078 	EXP 	surround_grating: autoDraw = True
221.7078 	EXP 	center_grating: autoDraw = True
221.7824 	EXP 	surround_grating: autoDraw = False
221.7824 	EXP 	center_grating: autoDraw = False
222.2734 	DATA 	Keypress: left
222.2793 	INFO 	Keyboard events cleared
222.2788 	EXP 	surround_grating: autoDraw = False
222.2788 	EXP 	center_grating: autoDraw = False
222.2788 	EXP 	surround_grating: ori = 69.0
222.2788 	EXP 	surround_grating: phase = array([0.09903437, 0.09903437])
222.2788 	EXP 	center_grating: ori = 10.0
222.2788 	EXP 	center_grating: phase = array([0.02203598, 0.02203598])
222.7650 	EXP 	surround_grating: autoDraw = True
222.7650 	EXP 	center_grating: autoDraw = True
222.8374 	EXP 	surround_grating: autoDraw = False
222.8374 	EXP 	center_grating: autoDraw = False
223.3564 	DATA 	Keypress: right
223.3621 	INFO 	Keyboard events cleared
223.3617 	EXP 	surround_grating: autoDraw = False
223.3617 	EXP 	center_grating: autoDraw = False
223.3617 	EXP 	surround_grating: ori = 30.0
223.3617 	EXP 	surround_grating: phase = array([0.20004241, 0.20004241])
223.3617 	EXP 	center_grating: ori = 10.0
223.3617 	EXP 	center_grating: phase = array([0.04705958, 0.04705958])
223.8485 	EXP 	surround_grating: autoDraw = True
223.8485 	EXP 	center_grating: autoDraw = True
223.9209 	EXP 	surround_grating: autoDraw = False
223.9209 	EXP 	center_grating: autoDraw = False
224.5897 	DATA 	Keypress: right
224.5953 	INFO 	Keyboard events cleared
224.5949 	EXP 	surround_grating: autoDraw = False
224.5949 	EXP 	center_grating: autoDraw = False
224.5949 	EXP 	surround_grating: ori = -30.0
224.5949 	EXP 	surround_grating: phase = array([0.31697593, 0.31697593])
224.5949 	EXP 	center_grating: ori = 10.0
224.5949 	EXP 	center_grating: phase = array([0.17720498, 0.17720498])
225.0820 	EXP 	surround_grating: autoDraw = True
225.0820 	EXP 	center_grating: autoDraw = True
225.1539 	EXP 	surround_grating: autoDraw = False
225.1539 	EXP 	center_grating: autoDraw = False
225.6075 	DATA 	Keypress: right
225.6132 	INFO 	Keyboard events cleared
225.6128 	EXP 	surround_grating: autoDraw = False
225.6128 	EXP 	center_grating: autoDraw = False
225.6128 	EXP 	surround_grating: ori = -30.0
225.6128 	EXP 	surround_grating: phase = array([0.0597102, 0.0597102])
225.6128 	EXP 	center_grating: ori = -10.0
225.6128 	EXP 	center_grating: phase = array([0.14243183, 0.14243183])
226.0979 	EXP 	surround_grating: autoDraw = True
226.0979 	EXP 	center_grating: autoDraw = True
226.1707 	EXP 	surround_grating: autoDraw = False
226.1707 	EXP 	center_grating: autoDraw = False
226.8285 	DATA 	Keypress: left
226.8495 	INFO 	Keyboard events cleared
226.8492 	EXP 	surround_grating: autoDraw = False
226.8492 	EXP 	center_grating: autoDraw = False
226.8492 	EXP 	surround_grating: ori = 30.0
226.8492 	EXP 	surround_grating: phase = array([0.19570005, 0.19570005])
226.8492 	EXP 	center_grating: ori = -5.0
226.8492 	EXP 	center_grating: phase = array([0.90783875, 0.90783875])
227.3321 	EXP 	surround_grating: autoDraw = True
227.3321 	EXP 	center_grating: autoDraw = True
227.4047 	EXP 	surround_grating: autoDraw = False
227.4047 	EXP 	center_grating: autoDraw = False
227.9948 	DATA 	Keypress: left
228.0160 	INFO 	Keyboard events cleared
228.0155 	EXP 	surround_grating: autoDraw = False
228.0155 	EXP 	center_grating: autoDraw = False
228.0155 	EXP 	surround_grating: ori = 69.0
228.0155 	EXP 	surround_grating: phase = array([0.88915361, 0.88915361])
228.0155 	EXP 	center_grating: ori = 5.0
228.0155 	EXP 	center_grating: phase = array([0.96404641, 0.96404641])
228.4909 	EXP 	surround_grating: autoDraw = True
228.4909 	EXP 	center_grating: autoDraw = True
228.5658 	EXP 	surround_grating: autoDraw = False
228.5658 	EXP 	center_grating: autoDraw = False
229.2880 	DATA 	Keypress: right
229.2937 	INFO 	Keyboard events cleared
229.2933 	EXP 	surround_grating: autoDraw = False
229.2933 	EXP 	center_grating: autoDraw = False
229.2933 	EXP 	surround_grating: ori = -30.0
229.2933 	EXP 	surround_grating: phase = array([0.42720077, 0.42720077])
229.2933 	EXP 	center_grating: ori = -5.0
229.2933 	EXP 	center_grating: phase = array([0.58082627, 0.58082627])
229.7820 	EXP 	surround_grating: autoDraw = True
229.7820 	EXP 	center_grating: autoDraw = True
229.8541 	EXP 	surround_grating: autoDraw = False
229.8541 	EXP 	center_grating: autoDraw = False
230.9272 	DATA 	Keypress: right
230.9328 	INFO 	Keyboard events cleared
230.9323 	EXP 	surround_grating: autoDraw = False
230.9323 	EXP 	center_grating: autoDraw = False
230.9323 	EXP 	surround_grating: ori = -30.0
230.9323 	EXP 	surround_grating: phase = array([0.96463065, 0.96463065])
230.9323 	EXP 	center_grating: ori = 5.0
230.9323 	EXP 	center_grating: phase = array([0.83642586, 0.83642586])
231.4244 	EXP 	surround_grating: autoDraw = True
231.4244 	EXP 	center_grating: autoDraw = True
231.4994 	EXP 	surround_grating: autoDraw = False
231.4994 	EXP 	center_grating: autoDraw = False
232.1950 	DATA 	Keypress: right
232.2161 	INFO 	Keyboard events cleared
232.2156 	EXP 	surround_grating: autoDraw = False
232.2156 	EXP 	center_grating: autoDraw = False
232.2156 	EXP 	surround_grating: ori = 30.0
232.2156 	EXP 	surround_grating: phase = array([0.30668558, 0.30668558])
232.2156 	EXP 	center_grating: ori = 5.0
232.2156 	EXP 	center_grating: phase = array([0.75025099, 0.75025099])
232.6910 	EXP 	surround_grating: autoDraw = True
232.6910 	EXP 	center_grating: autoDraw = True
232.7661 	EXP 	surround_grating: autoDraw = False
232.7661 	EXP 	center_grating: autoDraw = False
233.4782 	DATA 	Keypress: right
233.4998 	INFO 	Keyboard events cleared
233.4991 	EXP 	surround_grating: autoDraw = False
233.4991 	EXP 	center_grating: autoDraw = False
233.4991 	EXP 	surround_grating: ori = 69.0
233.4991 	EXP 	surround_grating: phase = array([0.10830157, 0.10830157])
233.4991 	EXP 	center_grating: ori = -5.0
233.4991 	EXP 	center_grating: phase = array([0.02781575, 0.02781575])
233.9749 	EXP 	surround_grating: autoDraw = True
233.9749 	EXP 	center_grating: autoDraw = True
234.0494 	EXP 	surround_grating: autoDraw = False
234.0494 	EXP 	center_grating: autoDraw = False
234.6070 	DATA 	Keypress: left
234.6127 	INFO 	Keyboard events cleared
234.6122 	EXP 	surround_grating: autoDraw = False
234.6122 	EXP 	center_grating: autoDraw = False
234.6122 	EXP 	surround_grating: ori = -30.0
234.6122 	EXP 	surround_grating: phase = array([0.04289342, 0.04289342])
234.6122 	EXP 	center_grating: ori = -7.0
234.6122 	EXP 	center_grating: phase = array([0.01276816, 0.01276816])
235.0992 	EXP 	surround_grating: autoDraw = True
235.0992 	EXP 	center_grating: autoDraw = True
235.1720 	EXP 	surround_grating: autoDraw = False
235.1720 	EXP 	center_grating: autoDraw = False
236.1222 	DATA 	Keypress: left
236.1278 	INFO 	Keyboard events cleared
236.1274 	EXP 	surround_grating: autoDraw = False
236.1274 	EXP 	center_grating: autoDraw = False
236.1274 	EXP 	surround_grating: ori = 30.0
236.1274 	EXP 	surround_grating: phase = array([0.01917823, 0.01917823])
236.1274 	EXP 	center_grating: ori = 0.0
236.1274 	EXP 	center_grating: phase = array([0.96275345, 0.96275345])
236.6157 	EXP 	surround_grating: autoDraw = True
236.6157 	EXP 	center_grating: autoDraw = True
236.6891 	EXP 	surround_grating: autoDraw = False
236.6891 	EXP 	center_grating: autoDraw = False
237.4397 	DATA 	Keypress: left
237.4455 	INFO 	Keyboard events cleared
237.4450 	EXP 	surround_grating: autoDraw = False
237.4450 	EXP 	center_grating: autoDraw = False
237.4450 	EXP 	surround_grating: ori = 69.0
237.4450 	EXP 	surround_grating: phase = array([0.42535429, 0.42535429])
237.4450 	EXP 	center_grating: ori = 0.0
237.4450 	EXP 	center_grating: phase = array([0.48228716, 0.48228716])
237.9324 	EXP 	surround_grating: autoDraw = True
237.9324 	EXP 	center_grating: autoDraw = True
238.0055 	EXP 	surround_grating: autoDraw = False
238.0055 	EXP 	center_grating: autoDraw = False
238.8729 	DATA 	Keypress: right
238.8786 	INFO 	Keyboard events cleared
238.8779 	EXP 	surround_grating: autoDraw = False
238.8779 	EXP 	center_grating: autoDraw = False
238.8779 	EXP 	surround_grating: ori = 30.0
238.8779 	EXP 	surround_grating: phase = array([0.67824587, 0.67824587])
238.8779 	EXP 	center_grating: ori = 0.0
238.8779 	EXP 	center_grating: phase = array([0.72190691, 0.72190691])
239.3657 	EXP 	surround_grating: autoDraw = True
239.3657 	EXP 	center_grating: autoDraw = True
239.4389 	EXP 	surround_grating: autoDraw = False
239.4389 	EXP 	center_grating: autoDraw = False
240.3396 	DATA 	Keypress: left
240.3454 	INFO 	Keyboard events cleared
240.3449 	EXP 	surround_grating: autoDraw = False
240.3449 	EXP 	center_grating: autoDraw = False
240.3449 	EXP 	surround_grating: ori = -30.0
240.3449 	EXP 	surround_grating: phase = array([0.05750626, 0.05750626])
240.3449 	EXP 	center_grating: ori = 0.0
240.3449 	EXP 	center_grating: phase = array([0.60475037, 0.60475037])
240.8324 	EXP 	surround_grating: autoDraw = True
240.8324 	EXP 	center_grating: autoDraw = True
240.9164 	EXP 	surround_grating: autoDraw = False
240.9164 	EXP 	center_grating: autoDraw = False
241.4895 	DATA 	Keypress: right
241.5016 	INFO 	Keyboard events cleared
241.5012 	EXP 	surround_grating: autoDraw = False
241.5012 	EXP 	center_grating: autoDraw = False
241.5012 	EXP 	surround_grating: ori = 69.0
241.5012 	EXP 	surround_grating: phase = array([0.01180335, 0.01180335])
241.5012 	EXP 	center_grating: ori = 0.0
241.5012 	EXP 	center_grating: phase = array([0.89865875, 0.89865875])
241.9914 	EXP 	surround_grating: autoDraw = True
241.9914 	EXP 	center_grating: autoDraw = True
242.0665 	EXP 	surround_grating: autoDraw = False
242.0665 	EXP 	center_grating: autoDraw = False
242.9274 	DATA 	Keypress: right
242.9329 	INFO 	Keyboard events cleared
242.9324 	EXP 	surround_grating: autoDraw = False
242.9324 	EXP 	center_grating: autoDraw = False
242.9324 	EXP 	surround_grating: ori = 30.0
242.9324 	EXP 	surround_grating: phase = array([0.32092989, 0.32092989])
242.9324 	EXP 	center_grating: ori = 5.0
242.9324 	EXP 	center_grating: phase = array([0.88275335, 0.88275335])
243.4251 	EXP 	surround_grating: autoDraw = True
243.4251 	EXP 	center_grating: autoDraw = True
243.4997 	EXP 	surround_grating: autoDraw = False
243.4997 	EXP 	center_grating: autoDraw = False
244.2113 	DATA 	Keypress: right
244.2167 	INFO 	Keyboard events cleared
244.2162 	EXP 	surround_grating: autoDraw = False
244.2162 	EXP 	center_grating: autoDraw = False
244.2162 	EXP 	surround_grating: ori = 69.0
244.2162 	EXP 	surround_grating: phase = array([0.25371893, 0.25371893])
244.2162 	EXP 	center_grating: ori = -2.0
244.2162 	EXP 	center_grating: phase = array([0.80264315, 0.80264315])
244.7079 	EXP 	surround_grating: autoDraw = True
244.7079 	EXP 	center_grating: autoDraw = True
244.7832 	EXP 	surround_grating: autoDraw = False
244.7832 	EXP 	center_grating: autoDraw = False
245.6442 	DATA 	Keypress: left
245.6496 	INFO 	Keyboard events cleared
245.6492 	EXP 	surround_grating: autoDraw = False
245.6492 	EXP 	center_grating: autoDraw = False
245.6492 	EXP 	surround_grating: ori = 30.0
245.6492 	EXP 	surround_grating: phase = array([0.43735805, 0.43735805])
245.6492 	EXP 	center_grating: ori = 2.0
245.6492 	EXP 	center_grating: phase = array([0.00159417, 0.00159417])
246.1416 	EXP 	surround_grating: autoDraw = True
246.1416 	EXP 	center_grating: autoDraw = True
246.2165 	EXP 	surround_grating: autoDraw = False
246.2165 	EXP 	center_grating: autoDraw = False
246.9904 	DATA 	Keypress: right
246.9960 	INFO 	Keyboard events cleared
246.9956 	EXP 	surround_grating: autoDraw = False
246.9956 	EXP 	center_grating: autoDraw = False
246.9956 	EXP 	surround_grating: ori = -30.0
246.9956 	EXP 	surround_grating: phase = array([0.08027389, 0.08027389])
246.9956 	EXP 	center_grating: ori = -5.0
246.9956 	EXP 	center_grating: phase = array([0.68510178, 0.68510178])
247.4827 	EXP 	surround_grating: autoDraw = True
247.4827 	EXP 	center_grating: autoDraw = True
247.5554 	EXP 	surround_grating: autoDraw = False
247.5554 	EXP 	center_grating: autoDraw = False
248.3609 	DATA 	Keypress: left
248.3663 	INFO 	Keyboard events cleared
248.3659 	EXP 	surround_grating: autoDraw = False
248.3659 	EXP 	center_grating: autoDraw = False
248.3659 	EXP 	surround_grating: ori = -30.0
248.3659 	EXP 	surround_grating: phase = array([0.25380485, 0.25380485])
248.3659 	EXP 	center_grating: ori = -6.0
248.3659 	EXP 	center_grating: phase = array([0.38869488, 0.38869488])
248.8494 	EXP 	surround_grating: autoDraw = True
248.8494 	EXP 	center_grating: autoDraw = True
248.9218 	EXP 	surround_grating: autoDraw = False
248.9218 	EXP 	center_grating: autoDraw = False
249.6298 	DATA 	Keypress: left
249.6358 	INFO 	Keyboard events cleared
249.6352 	EXP 	surround_grating: autoDraw = False
249.6352 	EXP 	center_grating: autoDraw = False
249.6352 	EXP 	surround_grating: ori = 69.0
249.6352 	EXP 	surround_grating: phase = array([0.36388321, 0.36388321])
249.6352 	EXP 	center_grating: ori = -5.0
249.6352 	EXP 	center_grating: phase = array([0.4747999, 0.4747999])
250.1253 	EXP 	surround_grating: autoDraw = True
250.1253 	EXP 	center_grating: autoDraw = True
250.1999 	EXP 	surround_grating: autoDraw = False
250.1999 	EXP 	center_grating: autoDraw = False
250.6566 	DATA 	Keypress: left
250.6623 	INFO 	Keyboard events cleared
250.6619 	EXP 	surround_grating: autoDraw = False
250.6619 	EXP 	center_grating: autoDraw = False
250.6619 	EXP 	surround_grating: ori = 30.0
250.6619 	EXP 	surround_grating: phase = array([0.35239169, 0.35239169])
250.6619 	EXP 	center_grating: ori = 3.0
250.6619 	EXP 	center_grating: phase = array([0.40569144, 0.40569144])
251.1495 	EXP 	surround_grating: autoDraw = True
251.1495 	EXP 	center_grating: autoDraw = True
251.2217 	EXP 	surround_grating: autoDraw = False
251.2217 	EXP 	center_grating: autoDraw = False
251.9903 	DATA 	Keypress: left
251.9961 	INFO 	Keyboard events cleared
251.9956 	EXP 	surround_grating: autoDraw = False
251.9956 	EXP 	center_grating: autoDraw = False
251.9956 	EXP 	surround_grating: ori = -30.0
251.9956 	EXP 	surround_grating: phase = array([0.91289121, 0.91289121])
251.9956 	EXP 	center_grating: ori = -3.0
251.9956 	EXP 	center_grating: phase = array([0.44205824, 0.44205824])
252.4829 	EXP 	surround_grating: autoDraw = True
252.4829 	EXP 	center_grating: autoDraw = True
252.5552 	EXP 	surround_grating: autoDraw = False
252.5552 	EXP 	center_grating: autoDraw = False
253.5241 	DATA 	Keypress: right
253.5296 	INFO 	Keyboard events cleared
253.5292 	EXP 	surround_grating: autoDraw = False
253.5292 	EXP 	center_grating: autoDraw = False
253.5292 	EXP 	surround_grating: ori = 69.0
253.5292 	EXP 	surround_grating: phase = array([0.4998847, 0.4998847])
253.5292 	EXP 	center_grating: ori = -3.0
253.5292 	EXP 	center_grating: phase = array([0.54973611, 0.54973611])
254.0163 	EXP 	surround_grating: autoDraw = True
254.0163 	EXP 	center_grating: autoDraw = True
254.0897 	EXP 	surround_grating: autoDraw = False
254.0897 	EXP 	center_grating: autoDraw = False
255.0245 	DATA 	Keypress: left
255.0304 	INFO 	Keyboard events cleared
255.0297 	EXP 	surround_grating: autoDraw = False
255.0297 	EXP 	center_grating: autoDraw = False
255.0297 	EXP 	surround_grating: ori = -30.0
255.0297 	EXP 	surround_grating: phase = array([0.51291271, 0.51291271])
255.0297 	EXP 	center_grating: ori = -5.0
255.0297 	EXP 	center_grating: phase = array([0.7662175, 0.7662175])
255.5162 	EXP 	surround_grating: autoDraw = True
255.5162 	EXP 	center_grating: autoDraw = True
255.5890 	EXP 	surround_grating: autoDraw = False
255.5890 	EXP 	center_grating: autoDraw = False
256.2402 	DATA 	Keypress: left
256.2457 	INFO 	Keyboard events cleared
256.2452 	EXP 	surround_grating: autoDraw = False
256.2452 	EXP 	center_grating: autoDraw = False
256.2452 	EXP 	surround_grating: ori = 30.0
256.2452 	EXP 	surround_grating: phase = array([0.06279381, 0.06279381])
256.2452 	EXP 	center_grating: ori = 1.0
256.2452 	EXP 	center_grating: phase = array([0.31659087, 0.31659087])
256.7332 	EXP 	surround_grating: autoDraw = True
256.7332 	EXP 	center_grating: autoDraw = True
256.8053 	EXP 	surround_grating: autoDraw = False
256.8053 	EXP 	center_grating: autoDraw = False
257.5948 	DATA 	Keypress: left
257.6004 	INFO 	Keyboard events cleared
257.5999 	EXP 	surround_grating: autoDraw = False
257.5999 	EXP 	center_grating: autoDraw = False
257.5999 	EXP 	surround_grating: ori = 69.0
257.5999 	EXP 	surround_grating: phase = array([0.2411247, 0.2411247])
257.5999 	EXP 	center_grating: ori = -1.0
257.5999 	EXP 	center_grating: phase = array([0.76940405, 0.76940405])
258.0831 	EXP 	surround_grating: autoDraw = True
258.0831 	EXP 	center_grating: autoDraw = True
258.1554 	EXP 	surround_grating: autoDraw = False
258.1554 	EXP 	center_grating: autoDraw = False
258.9574 	DATA 	Keypress: left
258.9631 	INFO 	Keyboard events cleared
258.9626 	EXP 	surround_grating: autoDraw = False
258.9626 	EXP 	center_grating: autoDraw = False
258.9626 	EXP 	surround_grating: ori = -30.0
258.9626 	EXP 	surround_grating: phase = array([0.02156518, 0.02156518])
258.9626 	EXP 	center_grating: ori = -4.0
258.9626 	EXP 	center_grating: phase = array([0.67835793, 0.67835793])
259.4498 	EXP 	surround_grating: autoDraw = True
259.4498 	EXP 	center_grating: autoDraw = True
259.5220 	EXP 	surround_grating: autoDraw = False
259.5220 	EXP 	center_grating: autoDraw = False
260.4397 	DATA 	Keypress: left
260.4451 	INFO 	Keyboard events cleared
260.4447 	EXP 	surround_grating: autoDraw = False
260.4447 	EXP 	center_grating: autoDraw = False
260.4447 	EXP 	surround_grating: ori = 69.0
260.4447 	EXP 	surround_grating: phase = array([0.61971852, 0.61971852])
260.4447 	EXP 	center_grating: ori = -1.0
260.4447 	EXP 	center_grating: phase = array([0.63736107, 0.63736107])
260.9332 	EXP 	surround_grating: autoDraw = True
260.9332 	EXP 	center_grating: autoDraw = True
261.0052 	EXP 	surround_grating: autoDraw = False
261.0052 	EXP 	center_grating: autoDraw = False
262.4234 	DATA 	Keypress: left
262.4289 	INFO 	Keyboard events cleared
262.4285 	EXP 	surround_grating: autoDraw = False
262.4285 	EXP 	center_grating: autoDraw = False
262.4285 	EXP 	surround_grating: ori = 69.0
262.4285 	EXP 	surround_grating: phase = array([0.07506094, 0.07506094])
262.4285 	EXP 	center_grating: ori = 0.0
262.4285 	EXP 	center_grating: phase = array([0.20871477, 0.20871477])
262.9165 	EXP 	surround_grating: autoDraw = True
262.9165 	EXP 	center_grating: autoDraw = True
262.9891 	EXP 	surround_grating: autoDraw = False
262.9891 	EXP 	center_grating: autoDraw = False
264.7949 	DATA 	Keypress: left
264.8005 	INFO 	Keyboard events cleared
264.8001 	EXP 	surround_grating: autoDraw = False
264.8001 	EXP 	center_grating: autoDraw = False
264.8001 	EXP 	surround_grating: ori = 30.0
264.8001 	EXP 	surround_grating: phase = array([0.31448304, 0.31448304])
264.8001 	EXP 	center_grating: ori = 1.5
264.8001 	EXP 	center_grating: phase = array([0.49492443, 0.49492443])
265.2919 	EXP 	surround_grating: autoDraw = True
265.2919 	EXP 	center_grating: autoDraw = True
265.3673 	EXP 	surround_grating: autoDraw = False
265.3673 	EXP 	center_grating: autoDraw = False
266.0242 	DATA 	Keypress: left
266.0299 	INFO 	Keyboard events cleared
266.0294 	EXP 	surround_grating: autoDraw = False
266.0294 	EXP 	center_grating: autoDraw = False
266.0294 	EXP 	surround_grating: ori = -30.0
266.0294 	EXP 	surround_grating: phase = array([0.23528913, 0.23528913])
266.0294 	EXP 	center_grating: ori = -4.0
266.0294 	EXP 	center_grating: phase = array([0.11320835, 0.11320835])
266.5167 	EXP 	surround_grating: autoDraw = True
266.5167 	EXP 	center_grating: autoDraw = True
266.5890 	EXP 	surround_grating: autoDraw = False
266.5890 	EXP 	center_grating: autoDraw = False
267.7801 	DATA 	Keypress: left
267.7862 	INFO 	Keyboard events cleared
267.7856 	EXP 	surround_grating: autoDraw = False
267.7856 	EXP 	center_grating: autoDraw = False
267.7856 	EXP 	surround_grating: ori = 30.0
267.7856 	EXP 	surround_grating: phase = array([0.62839156, 0.62839156])
267.7856 	EXP 	center_grating: ori = 4.0
267.7856 	EXP 	center_grating: phase = array([0.07153644, 0.07153644])
268.2761 	EXP 	surround_grating: autoDraw = True
268.2761 	EXP 	center_grating: autoDraw = True
268.3505 	EXP 	surround_grating: autoDraw = False
268.3505 	EXP 	center_grating: autoDraw = False
269.0401 	DATA 	Keypress: right
269.0456 	INFO 	Keyboard events cleared
269.0452 	EXP 	surround_grating: autoDraw = False
269.0452 	EXP 	center_grating: autoDraw = False
269.0452 	EXP 	surround_grating: ori = 30.0
269.0452 	EXP 	surround_grating: phase = array([0.56795802, 0.56795802])
269.0452 	EXP 	center_grating: ori = 2.0
269.0452 	EXP 	center_grating: phase = array([0.97746961, 0.97746961])
269.5326 	EXP 	surround_grating: autoDraw = True
269.5326 	EXP 	center_grating: autoDraw = True
269.6058 	EXP 	surround_grating: autoDraw = False
269.6058 	EXP 	center_grating: autoDraw = False
270.5742 	DATA 	Keypress: right
270.5799 	INFO 	Keyboard events cleared
270.5794 	EXP 	surround_grating: autoDraw = False
270.5794 	EXP 	center_grating: autoDraw = False
270.5794 	EXP 	surround_grating: ori = 30.0
270.5794 	EXP 	surround_grating: phase = array([0.0299952, 0.0299952])
270.5794 	EXP 	center_grating: ori = 3.5
270.5794 	EXP 	center_grating: phase = array([0.30806925, 0.30806925])
271.0670 	EXP 	surround_grating: autoDraw = True
271.0670 	EXP 	center_grating: autoDraw = True
271.1391 	EXP 	surround_grating: autoDraw = False
271.1391 	EXP 	center_grating: autoDraw = False
273.2300 	DATA 	Keypress: right
273.2360 	INFO 	Keyboard events cleared
273.2356 	EXP 	surround_grating: autoDraw = False
273.2356 	EXP 	center_grating: autoDraw = False
273.2356 	EXP 	surround_grating: ori = 69.0
273.2356 	EXP 	surround_grating: phase = array([0.6050517, 0.6050517])
273.2356 	EXP 	center_grating: ori = 1.0
273.2356 	EXP 	center_grating: phase = array([0.11836476, 0.11836476])
273.7258 	EXP 	surround_grating: autoDraw = True
273.7258 	EXP 	center_grating: autoDraw = True
273.8009 	EXP 	surround_grating: autoDraw = False
273.8009 	EXP 	center_grating: autoDraw = False
275.0119 	DATA 	Keypress: right
275.0242 	INFO 	Keyboard events cleared
275.0238 	EXP 	surround_grating: autoDraw = False
275.0238 	EXP 	center_grating: autoDraw = False
275.0238 	EXP 	surround_grating: ori = -30.0
275.0238 	EXP 	surround_grating: phase = array([0.41787454, 0.41787454])
275.0238 	EXP 	center_grating: ori = -3.0
275.0238 	EXP 	center_grating: phase = array([0.89783634, 0.89783634])
275.5092 	EXP 	surround_grating: autoDraw = True
275.5092 	EXP 	center_grating: autoDraw = True
275.5842 	EXP 	surround_grating: autoDraw = False
275.5842 	EXP 	center_grating: autoDraw = False
276.7066 	DATA 	Keypress: left
276.7121 	INFO 	Keyboard events cleared
276.7117 	EXP 	surround_grating: autoDraw = False
276.7117 	EXP 	center_grating: autoDraw = False
276.7117 	EXP 	surround_grating: ori = 69.0
276.7117 	EXP 	surround_grating: phase = array([0.52533508, 0.52533508])
276.7117 	EXP 	center_grating: ori = 1.0
276.7117 	EXP 	center_grating: phase = array([0.77062056, 0.77062056])
277.2006 	EXP 	surround_grating: autoDraw = True
277.2006 	EXP 	center_grating: autoDraw = True
277.2723 	EXP 	surround_grating: autoDraw = False
277.2723 	EXP 	center_grating: autoDraw = False
278.2631 	DATA 	Keypress: right
278.2844 	INFO 	Keyboard events cleared
278.2839 	EXP 	surround_grating: autoDraw = False
278.2839 	EXP 	center_grating: autoDraw = False
278.2839 	EXP 	surround_grating: ori = -30.0
278.2839 	EXP 	surround_grating: phase = array([0.140876, 0.140876])
278.2839 	EXP 	center_grating: ori = -3.5
278.2839 	EXP 	center_grating: phase = array([0.09593009, 0.09593009])
278.7601 	EXP 	surround_grating: autoDraw = True
278.7601 	EXP 	center_grating: autoDraw = True
278.8344 	EXP 	surround_grating: autoDraw = False
278.8344 	EXP 	center_grating: autoDraw = False
279.6798 	DATA 	Keypress: right
279.7013 	INFO 	Keyboard events cleared
279.7007 	EXP 	surround_grating: autoDraw = False
279.7007 	EXP 	center_grating: autoDraw = False
279.7007 	EXP 	surround_grating: ori = 30.0
279.7007 	EXP 	surround_grating: phase = array([0.09342514, 0.09342514])
279.7007 	EXP 	center_grating: ori = 1.5
279.7007 	EXP 	center_grating: phase = array([0.5078119, 0.5078119])
280.1770 	EXP 	surround_grating: autoDraw = True
280.1770 	EXP 	center_grating: autoDraw = True
280.2510 	EXP 	surround_grating: autoDraw = False
280.2510 	EXP 	center_grating: autoDraw = False
280.9468 	DATA 	Keypress: left
280.9679 	INFO 	Keyboard events cleared
280.9674 	EXP 	surround_grating: autoDraw = False
280.9674 	EXP 	center_grating: autoDraw = False
280.9674 	EXP 	surround_grating: ori = -30.0
280.9674 	EXP 	surround_grating: phase = array([0.07411716, 0.07411716])
280.9674 	EXP 	center_grating: ori = -4.0
280.9674 	EXP 	center_grating: phase = array([0.15360374, 0.15360374])
281.4425 	EXP 	surround_grating: autoDraw = True
281.4425 	EXP 	center_grating: autoDraw = True
281.5178 	EXP 	surround_grating: autoDraw = False
281.5178 	EXP 	center_grating: autoDraw = False
282.3627 	DATA 	Keypress: right
282.3682 	INFO 	Keyboard events cleared
282.3677 	EXP 	surround_grating: autoDraw = False
282.3677 	EXP 	center_grating: autoDraw = False
282.3677 	EXP 	surround_grating: ori = 30.0
282.3677 	EXP 	surround_grating: phase = array([0.59518838, 0.59518838])
282.3677 	EXP 	center_grating: ori = 3.0
282.3677 	EXP 	center_grating: phase = array([0.12601463, 0.12601463])
282.8593 	EXP 	surround_grating: autoDraw = True
282.8593 	EXP 	center_grating: autoDraw = True
282.9344 	EXP 	surround_grating: autoDraw = False
282.9344 	EXP 	center_grating: autoDraw = False
284.8740 	DATA 	Keypress: right
284.8869 	INFO 	Keyboard events cleared
284.8864 	EXP 	surround_grating: autoDraw = False
284.8864 	EXP 	center_grating: autoDraw = False
284.8864 	EXP 	surround_grating: ori = -30.0
284.8864 	EXP 	surround_grating: phase = array([0.86154514, 0.86154514])
284.8864 	EXP 	center_grating: ori = -2.0
284.8864 	EXP 	center_grating: phase = array([0.47919418, 0.47919418])
285.3761 	EXP 	surround_grating: autoDraw = True
285.3761 	EXP 	center_grating: autoDraw = True
285.4513 	EXP 	surround_grating: autoDraw = False
285.4513 	EXP 	center_grating: autoDraw = False
287.6742 	DATA 	Keypress: left
287.6799 	INFO 	Keyboard events cleared
287.6794 	EXP 	surround_grating: autoDraw = False
287.6794 	EXP 	center_grating: autoDraw = False
287.6794 	EXP 	surround_grating: ori = 69.0
287.6794 	EXP 	surround_grating: phase = array([0.92757746, 0.92757746])
287.6794 	EXP 	center_grating: ori = 0.5
287.6794 	EXP 	center_grating: phase = array([0.0473213, 0.0473213])
288.1675 	EXP 	surround_grating: autoDraw = True
288.1675 	EXP 	center_grating: autoDraw = True
288.2398 	EXP 	surround_grating: autoDraw = False
288.2398 	EXP 	center_grating: autoDraw = False
289.4815 	DATA 	Keypress: left
289.4874 	INFO 	Keyboard events cleared
289.4868 	EXP 	surround_grating: autoDraw = False
289.4868 	EXP 	center_grating: autoDraw = False
289.4868 	EXP 	surround_grating: ori = 69.0
289.4868 	EXP 	surround_grating: phase = array([0.22634742, 0.22634742])
289.4868 	EXP 	center_grating: ori = 0.0
289.4868 	EXP 	center_grating: phase = array([0.38689903, 0.38689903])
289.9763 	EXP 	surround_grating: autoDraw = True
289.9763 	EXP 	center_grating: autoDraw = True
290.0517 	EXP 	surround_grating: autoDraw = False
290.0517 	EXP 	center_grating: autoDraw = False
290.7424 	DATA 	Keypress: right
290.7480 	INFO 	Keyboard events cleared
290.7475 	EXP 	surround_grating: autoDraw = False
290.7475 	EXP 	center_grating: autoDraw = False
290.7475 	EXP 	surround_grating: ori = -30.0
290.7475 	EXP 	surround_grating: phase = array([0.28579758, 0.28579758])
290.7475 	EXP 	center_grating: ori = -1.0
290.7475 	EXP 	center_grating: phase = array([0.3201357, 0.3201357])
291.2342 	EXP 	surround_grating: autoDraw = True
291.2342 	EXP 	center_grating: autoDraw = True
291.3061 	EXP 	surround_grating: autoDraw = False
291.3061 	EXP 	center_grating: autoDraw = False
292.1745 	DATA 	Keypress: right
292.1803 	INFO 	Keyboard events cleared
292.1798 	EXP 	surround_grating: autoDraw = False
292.1798 	EXP 	center_grating: autoDraw = False
292.1798 	EXP 	surround_grating: ori = 30.0
292.1798 	EXP 	surround_grating: phase = array([0.21271605, 0.21271605])
292.1798 	EXP 	center_grating: ori = 2.5
292.1798 	EXP 	center_grating: phase = array([0.33455121, 0.33455121])
292.6676 	EXP 	surround_grating: autoDraw = True
292.6676 	EXP 	center_grating: autoDraw = True
292.7400 	EXP 	surround_grating: autoDraw = False
292.7400 	EXP 	center_grating: autoDraw = False
293.3632 	DATA 	Keypress: left
293.3688 	INFO 	Keyboard events cleared
293.3683 	EXP 	surround_grating: autoDraw = False
293.3683 	EXP 	center_grating: autoDraw = False
293.3683 	EXP 	surround_grating: ori = 69.0
293.3683 	EXP 	surround_grating: phase = array([0.08787873, 0.08787873])
293.3683 	EXP 	center_grating: ori = -1.0
293.3683 	EXP 	center_grating: phase = array([0.92113265, 0.92113265])
293.8604 	EXP 	surround_grating: autoDraw = True
293.8604 	EXP 	center_grating: autoDraw = True
293.9351 	EXP 	surround_grating: autoDraw = False
293.9351 	EXP 	center_grating: autoDraw = False
294.6731 	DATA 	Keypress: left
294.7017 	INFO 	Keyboard events cleared
294.7013 	EXP 	surround_grating: autoDraw = False
294.7013 	EXP 	center_grating: autoDraw = False
294.7013 	EXP 	surround_grating: ori = 69.0
294.7013 	EXP 	surround_grating: phase = array([0.75504472, 0.75504472])
294.7013 	EXP 	center_grating: ori = 1.0
294.7013 	EXP 	center_grating: phase = array([0.585936, 0.585936])
295.1764 	EXP 	surround_grating: autoDraw = True
295.1764 	EXP 	center_grating: autoDraw = True
295.2517 	EXP 	surround_grating: autoDraw = False
295.2517 	EXP 	center_grating: autoDraw = False
296.0411 	DATA 	Keypress: right
296.0467 	INFO 	Keyboard events cleared
296.0462 	EXP 	surround_grating: autoDraw = False
296.0462 	EXP 	center_grating: autoDraw = False
296.0462 	EXP 	surround_grating: ori = -30.0
296.0462 	EXP 	surround_grating: phase = array([0.09080341, 0.09080341])
296.0462 	EXP 	center_grating: ori = -4.5
296.0462 	EXP 	center_grating: phase = array([0.84164083, 0.84164083])
296.5345 	EXP 	surround_grating: autoDraw = True
296.5345 	EXP 	center_grating: autoDraw = True
296.6072 	EXP 	surround_grating: autoDraw = False
296.6072 	EXP 	center_grating: autoDraw = False
297.2580 	DATA 	Keypress: left
297.2637 	INFO 	Keyboard events cleared
297.2632 	EXP 	surround_grating: autoDraw = False
297.2632 	EXP 	center_grating: autoDraw = False
297.2632 	EXP 	surround_grating: ori = 30.0
297.2632 	EXP 	surround_grating: phase = array([0.23006486, 0.23006486])
297.2632 	EXP 	center_grating: ori = 2.0
297.2632 	EXP 	center_grating: phase = array([0.12605989, 0.12605989])
297.7513 	EXP 	surround_grating: autoDraw = True
297.7513 	EXP 	center_grating: autoDraw = True
297.8229 	EXP 	surround_grating: autoDraw = False
297.8229 	EXP 	center_grating: autoDraw = False
298.4913 	DATA 	Keypress: left
298.4964 	INFO 	Keyboard events cleared
298.4960 	EXP 	surround_grating: autoDraw = False
298.4960 	EXP 	center_grating: autoDraw = False
298.4960 	EXP 	surround_grating: ori = 69.0
298.4960 	EXP 	surround_grating: phase = array([0.80275815, 0.80275815])
298.4960 	EXP 	center_grating: ori = 0.5
298.4960 	EXP 	center_grating: phase = array([0.47741235, 0.47741235])
298.9844 	EXP 	surround_grating: autoDraw = True
298.9844 	EXP 	center_grating: autoDraw = True
299.0567 	EXP 	surround_grating: autoDraw = False
299.0567 	EXP 	center_grating: autoDraw = False
300.5932 	DATA 	Keypress: left
300.5988 	INFO 	Keyboard events cleared
300.5984 	EXP 	surround_grating: autoDraw = False
300.5984 	EXP 	center_grating: autoDraw = False
300.5984 	EXP 	surround_grating: ori = 30.0
300.5984 	EXP 	surround_grating: phase = array([0.80398038, 0.80398038])
300.5984 	EXP 	center_grating: ori = 3.0
300.5984 	EXP 	center_grating: phase = array([0.62690977, 0.62690977])
301.0846 	EXP 	surround_grating: autoDraw = True
301.0846 	EXP 	center_grating: autoDraw = True
301.1565 	EXP 	surround_grating: autoDraw = False
301.1565 	EXP 	center_grating: autoDraw = False
302.6635 	DATA 	Keypress: left
302.6691 	INFO 	Keyboard events cleared
302.6686 	EXP 	surround_grating: autoDraw = False
302.6686 	EXP 	center_grating: autoDraw = False
302.6686 	EXP 	surround_grating: ori = -30.0
302.6686 	EXP 	surround_grating: phase = array([0.5830693, 0.5830693])
302.6686 	EXP 	center_grating: ori = -1.5
302.6686 	EXP 	center_grating: phase = array([0.47200517, 0.47200517])
303.1605 	EXP 	surround_grating: autoDraw = True
303.1605 	EXP 	center_grating: autoDraw = True
303.2352 	EXP 	surround_grating: autoDraw = False
303.2352 	EXP 	center_grating: autoDraw = False
303.8746 	DATA 	Keypress: right
303.8801 	INFO 	Keyboard events cleared
303.8796 	EXP 	surround_grating: autoDraw = False
303.8796 	EXP 	center_grating: autoDraw = False
303.8796 	EXP 	surround_grating: ori = 69.0
303.8796 	EXP 	surround_grating: phase = array([0.03983866, 0.03983866])
303.8796 	EXP 	center_grating: ori = -0.5
303.8796 	EXP 	center_grating: phase = array([0.17299552, 0.17299552])
304.3681 	EXP 	surround_grating: autoDraw = True
304.3681 	EXP 	center_grating: autoDraw = True
304.4404 	EXP 	surround_grating: autoDraw = False
304.4404 	EXP 	center_grating: autoDraw = False
305.6296 	DATA 	Keypress: left
305.6417 	INFO 	Keyboard events cleared
305.6413 	EXP 	surround_grating: autoDraw = False
305.6413 	EXP 	center_grating: autoDraw = False
305.6413 	EXP 	surround_grating: ori = -30.0
305.6413 	EXP 	surround_grating: phase = array([0.65935781, 0.65935781])
305.6413 	EXP 	center_grating: ori = -4.0
305.6413 	EXP 	center_grating: phase = array([0.57599472, 0.57599472])
306.1265 	EXP 	surround_grating: autoDraw = True
306.1265 	EXP 	center_grating: autoDraw = True
306.2020 	EXP 	surround_grating: autoDraw = False
306.2020 	EXP 	center_grating: autoDraw = False
307.1084 	DATA 	Keypress: left
307.1139 	INFO 	Keyboard events cleared
307.1135 	EXP 	surround_grating: autoDraw = False
307.1135 	EXP 	center_grating: autoDraw = False
307.1135 	EXP 	surround_grating: ori = 30.0
307.1135 	EXP 	surround_grating: phase = array([0.74298902, 0.74298902])
307.1135 	EXP 	center_grating: ori = 2.5
307.1135 	EXP 	center_grating: phase = array([0.17616547, 0.17616547])
307.6015 	EXP 	surround_grating: autoDraw = True
307.6015 	EXP 	center_grating: autoDraw = True
307.6735 	EXP 	surround_grating: autoDraw = False
307.6735 	EXP 	center_grating: autoDraw = False
309.2643 	DATA 	Keypress: left
309.2856 	INFO 	Keyboard events cleared
309.2851 	EXP 	surround_grating: autoDraw = False
309.2851 	EXP 	center_grating: autoDraw = False
309.2851 	EXP 	surround_grating: ori = 69.0
309.2851 	EXP 	surround_grating: phase = array([0.75654256, 0.75654256])
309.2851 	EXP 	center_grating: ori = 0.0
309.2851 	EXP 	center_grating: phase = array([0.06427234, 0.06427234])
309.7614 	EXP 	surround_grating: autoDraw = True
309.7614 	EXP 	center_grating: autoDraw = True
309.8355 	EXP 	surround_grating: autoDraw = False
309.8355 	EXP 	center_grating: autoDraw = False
311.2256 	DATA 	Keypress: left
311.2314 	INFO 	Keyboard events cleared
311.2310 	EXP 	surround_grating: autoDraw = False
311.2310 	EXP 	center_grating: autoDraw = False
311.2310 	EXP 	surround_grating: ori = 30.0
311.2310 	EXP 	surround_grating: phase = array([0.28983798, 0.28983798])
311.2310 	EXP 	center_grating: ori = 3.0
311.2310 	EXP 	center_grating: phase = array([0.67793321, 0.67793321])
311.7184 	EXP 	surround_grating: autoDraw = True
311.7184 	EXP 	center_grating: autoDraw = True
311.7907 	EXP 	surround_grating: autoDraw = False
311.7907 	EXP 	center_grating: autoDraw = False
312.8096 	DATA 	Keypress: left
312.8153 	INFO 	Keyboard events cleared
312.8147 	EXP 	surround_grating: autoDraw = False
312.8147 	EXP 	center_grating: autoDraw = False
312.8147 	EXP 	surround_grating: ori = 69.0
312.8147 	EXP 	surround_grating: phase = array([0.81738471, 0.81738471])
312.8147 	EXP 	center_grating: ori = 1.0
312.8147 	EXP 	center_grating: phase = array([0.87668057, 0.87668057])
313.3018 	EXP 	surround_grating: autoDraw = True
313.3018 	EXP 	center_grating: autoDraw = True
313.3736 	EXP 	surround_grating: autoDraw = False
313.3736 	EXP 	center_grating: autoDraw = False
314.1617 	DATA 	Keypress: right
314.1764 	INFO 	Keyboard events cleared
314.1760 	EXP 	surround_grating: autoDraw = False
314.1760 	EXP 	center_grating: autoDraw = False
314.1760 	EXP 	surround_grating: ori = -30.0
314.1760 	EXP 	surround_grating: phase = array([0.89177261, 0.89177261])
314.1760 	EXP 	center_grating: ori = -3.5
314.1760 	EXP 	center_grating: phase = array([0.46627247, 0.46627247])
314.6617 	EXP 	surround_grating: autoDraw = True
314.6617 	EXP 	center_grating: autoDraw = True
314.7356 	EXP 	surround_grating: autoDraw = False
314.7356 	EXP 	center_grating: autoDraw = False
316.0144 	DATA 	Keypress: left
316.0357 	INFO 	Keyboard events cleared
316.0353 	EXP 	surround_grating: autoDraw = False
316.0353 	EXP 	center_grating: autoDraw = False
316.0353 	EXP 	surround_grating: ori = 30.0
316.0353 	EXP 	surround_grating: phase = array([0.73766432, 0.73766432])
316.0353 	EXP 	center_grating: ori = 3.5
316.0353 	EXP 	center_grating: phase = array([0.51200115, 0.51200115])
316.5118 	EXP 	surround_grating: autoDraw = True
316.5118 	EXP 	center_grating: autoDraw = True
316.5858 	EXP 	surround_grating: autoDraw = False
316.5858 	EXP 	center_grating: autoDraw = False
317.5301 	DATA 	Keypress: right
317.5356 	INFO 	Keyboard events cleared
317.5351 	EXP 	surround_grating: autoDraw = False
317.5351 	EXP 	center_grating: autoDraw = False
317.5351 	EXP 	surround_grating: ori = -30.0
317.5351 	EXP 	surround_grating: phase = array([0.58748397, 0.58748397])
317.5351 	EXP 	center_grating: ori = -2.0
317.5351 	EXP 	center_grating: phase = array([0.61373112, 0.61373112])
318.0273 	EXP 	surround_grating: autoDraw = True
318.0273 	EXP 	center_grating: autoDraw = True
318.1024 	EXP 	surround_grating: autoDraw = False
318.1024 	EXP 	center_grating: autoDraw = False
320.5084 	DATA 	Keypress: left
320.5141 	INFO 	Keyboard events cleared
320.5134 	EXP 	surround_grating: autoDraw = False
320.5134 	EXP 	center_grating: autoDraw = False
320.5134 	EXP 	surround_grating: ori = 30.0
320.5134 	EXP 	surround_grating: phase = array([0.76958044, 0.76958044])
320.5134 	EXP 	center_grating: ori = 3.0
320.5134 	EXP 	center_grating: phase = array([0.33256912, 0.33256912])
321.0020 	EXP 	surround_grating: autoDraw = True
321.0020 	EXP 	center_grating: autoDraw = True
321.0746 	EXP 	surround_grating: autoDraw = False
321.0746 	EXP 	center_grating: autoDraw = False
323.3773 	DATA 	Keypress: left
323.3829 	INFO 	Keyboard events cleared
323.3824 	EXP 	surround_grating: autoDraw = False
323.3824 	EXP 	center_grating: autoDraw = False
323.3824 	EXP 	surround_grating: ori = 69.0
323.3824 	EXP 	surround_grating: phase = array([0.44274816, 0.44274816])
323.3824 	EXP 	center_grating: ori = 0.5
323.3824 	EXP 	center_grating: phase = array([0.74409897, 0.74409897])
323.8688 	EXP 	surround_grating: autoDraw = True
323.8688 	EXP 	center_grating: autoDraw = True
323.9408 	EXP 	surround_grating: autoDraw = False
323.9408 	EXP 	center_grating: autoDraw = False
324.6606 	DATA 	Keypress: right
324.6664 	INFO 	Keyboard events cleared
324.6659 	EXP 	surround_grating: autoDraw = False
324.6659 	EXP 	center_grating: autoDraw = False
324.6659 	EXP 	surround_grating: ori = -30.0
324.6659 	EXP 	surround_grating: phase = array([0.6481313, 0.6481313])
324.6659 	EXP 	center_grating: ori = -1.5
324.6659 	EXP 	center_grating: phase = array([0.06685754, 0.06685754])
325.1522 	EXP 	surround_grating: autoDraw = True
325.1522 	EXP 	center_grating: autoDraw = True
325.2244 	EXP 	surround_grating: autoDraw = False
325.2244 	EXP 	center_grating: autoDraw = False
325.8994 	DATA 	Keypress: right
325.9051 	INFO 	Keyboard events cleared
325.9047 	EXP 	surround_grating: autoDraw = False
325.9047 	EXP 	center_grating: autoDraw = False
325.9047 	EXP 	surround_grating: ori = 69.0
325.9047 	EXP 	surround_grating: phase = array([0.9423649, 0.9423649])
325.9047 	EXP 	center_grating: ori = 0.5
325.9047 	EXP 	center_grating: phase = array([0.33078045, 0.33078045])
326.3952 	EXP 	surround_grating: autoDraw = True
326.3952 	EXP 	center_grating: autoDraw = True
326.4694 	EXP 	surround_grating: autoDraw = False
326.4694 	EXP 	center_grating: autoDraw = False
327.6653 	DATA 	Keypress: left
327.6716 	INFO 	Keyboard events cleared
327.6712 	EXP 	surround_grating: autoDraw = False
327.6712 	EXP 	center_grating: autoDraw = False
327.6712 	EXP 	surround_grating: ori = -30.0
327.6712 	EXP 	surround_grating: phase = array([0.27243405, 0.27243405])
327.6712 	EXP 	center_grating: ori = -3.0
327.6712 	EXP 	center_grating: phase = array([0.2557264, 0.2557264])
328.1617 	EXP 	surround_grating: autoDraw = True
328.1617 	EXP 	center_grating: autoDraw = True
328.2360 	EXP 	surround_grating: autoDraw = False
328.2360 	EXP 	center_grating: autoDraw = False
328.8250 	DATA 	Keypress: right
328.8308 	INFO 	Keyboard events cleared
328.8303 	EXP 	surround_grating: autoDraw = False
328.8303 	EXP 	center_grating: autoDraw = False
328.8303 	EXP 	surround_grating: ori = 30.0
328.8303 	EXP 	surround_grating: phase = array([0.4826705, 0.4826705])
328.8303 	EXP 	center_grating: ori = 3.5
328.8303 	EXP 	center_grating: phase = array([0.71062448, 0.71062448])
329.3189 	EXP 	surround_grating: autoDraw = True
329.3189 	EXP 	center_grating: autoDraw = True
329.3912 	EXP 	surround_grating: autoDraw = False
329.3912 	EXP 	center_grating: autoDraw = False
330.2937 	DATA 	Keypress: right
330.2995 	INFO 	Keyboard events cleared
330.2990 	EXP 	surround_grating: autoDraw = False
330.2990 	EXP 	center_grating: autoDraw = False
330.2990 	EXP 	surround_grating: ori = 69.0
330.2990 	EXP 	surround_grating: phase = array([0.59869144, 0.59869144])
330.2990 	EXP 	center_grating: ori = 1.0
330.2990 	EXP 	center_grating: phase = array([0.81100789, 0.81100789])
330.7857 	EXP 	surround_grating: autoDraw = True
330.7857 	EXP 	center_grating: autoDraw = True
330.8588 	EXP 	surround_grating: autoDraw = False
330.8588 	EXP 	center_grating: autoDraw = False
332.0941 	DATA 	Keypress: right
332.0997 	INFO 	Keyboard events cleared
332.0993 	EXP 	surround_grating: autoDraw = False
332.0993 	EXP 	center_grating: autoDraw = False
332.0993 	EXP 	surround_grating: ori = -30.0
332.0993 	EXP 	surround_grating: phase = array([0.75967811, 0.75967811])
332.0993 	EXP 	center_grating: ori = -2.0
332.0993 	EXP 	center_grating: phase = array([0.87828106, 0.87828106])
332.5858 	EXP 	surround_grating: autoDraw = True
332.5858 	EXP 	center_grating: autoDraw = True
332.6581 	EXP 	surround_grating: autoDraw = False
332.6581 	EXP 	center_grating: autoDraw = False
334.8088 	DATA 	Keypress: left
334.8144 	INFO 	Keyboard events cleared
334.8139 	EXP 	surround_grating: autoDraw = False
334.8139 	EXP 	center_grating: autoDraw = False
334.8139 	EXP 	surround_grating: ori = 30.0
334.8139 	EXP 	surround_grating: phase = array([0.04930328, 0.04930328])
334.8139 	EXP 	center_grating: ori = 3.0
334.8139 	EXP 	center_grating: phase = array([0.76819691, 0.76819691])
335.3025 	EXP 	surround_grating: autoDraw = True
335.3025 	EXP 	center_grating: autoDraw = True
335.3747 	EXP 	surround_grating: autoDraw = False
335.3747 	EXP 	center_grating: autoDraw = False
336.4940 	DATA 	Keypress: left
336.4996 	INFO 	Keyboard events cleared
336.4992 	EXP 	surround_grating: autoDraw = False
336.4992 	EXP 	center_grating: autoDraw = False
336.4992 	EXP 	surround_grating: ori = 30.0
336.4992 	EXP 	surround_grating: phase = array([0.50358676, 0.50358676])
336.4992 	EXP 	center_grating: ori = 3.5
336.4992 	EXP 	center_grating: phase = array([0.6511416, 0.6511416])
336.9858 	EXP 	surround_grating: autoDraw = True
336.9858 	EXP 	center_grating: autoDraw = True
337.0578 	EXP 	surround_grating: autoDraw = False
337.0578 	EXP 	center_grating: autoDraw = False
337.9930 	DATA 	Keypress: right
337.9988 	INFO 	Keyboard events cleared
337.9983 	EXP 	surround_grating: autoDraw = False
337.9983 	EXP 	center_grating: autoDraw = False
337.9983 	EXP 	surround_grating: ori = 69.0
337.9983 	EXP 	surround_grating: phase = array([0.86587208, 0.86587208])
337.9983 	EXP 	center_grating: ori = 0.0
337.9983 	EXP 	center_grating: phase = array([0.33740534, 0.33740534])
338.4859 	EXP 	surround_grating: autoDraw = True
338.4859 	EXP 	center_grating: autoDraw = True
338.5581 	EXP 	surround_grating: autoDraw = False
338.5581 	EXP 	center_grating: autoDraw = False
339.5265 	DATA 	Keypress: right
339.5320 	INFO 	Keyboard events cleared
339.5316 	EXP 	surround_grating: autoDraw = False
339.5316 	EXP 	center_grating: autoDraw = False
339.5316 	EXP 	surround_grating: ori = -30.0
339.5316 	EXP 	surround_grating: phase = array([0.76761577, 0.76761577])
339.5316 	EXP 	center_grating: ori = -3.5
339.5316 	EXP 	center_grating: phase = array([0.65793663, 0.65793663])
340.0197 	EXP 	surround_grating: autoDraw = True
340.0197 	EXP 	center_grating: autoDraw = True
340.0914 	EXP 	surround_grating: autoDraw = False
340.0914 	EXP 	center_grating: autoDraw = False
341.5986 	DATA 	Keypress: right
341.6201 	INFO 	Keyboard events cleared
341.6196 	EXP 	surround_grating: autoDraw = False
341.6196 	EXP 	center_grating: autoDraw = False
341.6196 	EXP 	surround_grating: ori = -30.0
341.6196 	EXP 	surround_grating: phase = array([0.94694016, 0.94694016])
341.6196 	EXP 	center_grating: ori = -1.5
341.6196 	EXP 	center_grating: phase = array([0.10589072, 0.10589072])
342.0952 	EXP 	surround_grating: autoDraw = True
342.0952 	EXP 	center_grating: autoDraw = True
342.1700 	EXP 	surround_grating: autoDraw = False
342.1700 	EXP 	center_grating: autoDraw = False
343.5643 	DATA 	Keypress: right
343.5699 	INFO 	Keyboard events cleared
343.5694 	EXP 	surround_grating: autoDraw = False
343.5694 	EXP 	center_grating: autoDraw = False
343.5694 	EXP 	surround_grating: ori = 69.0
343.5694 	EXP 	surround_grating: phase = array([0.49789253, 0.49789253])
343.5694 	EXP 	center_grating: ori = 0.5
343.5694 	EXP 	center_grating: phase = array([0.55222122, 0.55222122])
344.0617 	EXP 	surround_grating: autoDraw = True
344.0617 	EXP 	center_grating: autoDraw = True
344.1367 	EXP 	surround_grating: autoDraw = False
344.1367 	EXP 	center_grating: autoDraw = False
345.6933 	DATA 	Keypress: right
345.6992 	INFO 	Keyboard events cleared
345.6987 	EXP 	surround_grating: autoDraw = False
345.6987 	EXP 	center_grating: autoDraw = False
345.6987 	EXP 	surround_grating: ori = 69.0
345.6987 	EXP 	surround_grating: phase = array([0.79527519, 0.79527519])
345.6987 	EXP 	center_grating: ori = -0.5
345.6987 	EXP 	center_grating: phase = array([0.07195301, 0.07195301])
346.1862 	EXP 	surround_grating: autoDraw = True
346.1862 	EXP 	center_grating: autoDraw = True
346.2587 	EXP 	surround_grating: autoDraw = False
346.2587 	EXP 	center_grating: autoDraw = False
347.0492 	DATA 	Keypress: left
347.0704 	INFO 	Keyboard events cleared
347.0698 	EXP 	surround_grating: autoDraw = False
347.0698 	EXP 	center_grating: autoDraw = False
347.0698 	EXP 	surround_grating: ori = 30.0
347.0698 	EXP 	surround_grating: phase = array([0.5489243, 0.5489243])
347.0698 	EXP 	center_grating: ori = 3.0
347.0698 	EXP 	center_grating: phase = array([0.13135823, 0.13135823])
347.5453 	EXP 	surround_grating: autoDraw = True
347.5453 	EXP 	center_grating: autoDraw = True
347.6201 	EXP 	surround_grating: autoDraw = False
347.6201 	EXP 	center_grating: autoDraw = False
348.9611 	DATA 	Keypress: left
348.9668 	INFO 	Keyboard events cleared
348.9664 	EXP 	surround_grating: autoDraw = False
348.9664 	EXP 	center_grating: autoDraw = False
348.9664 	EXP 	surround_grating: ori = -30.0
348.9664 	EXP 	surround_grating: phase = array([0.6636794, 0.6636794])
348.9664 	EXP 	center_grating: ori = -4.0
348.9664 	EXP 	center_grating: phase = array([0.81223207, 0.81223207])
349.4531 	EXP 	surround_grating: autoDraw = True
349.4531 	EXP 	center_grating: autoDraw = True
349.5254 	EXP 	surround_grating: autoDraw = False
349.5254 	EXP 	center_grating: autoDraw = False
350.9763 	DATA 	Keypress: right
350.9822 	INFO 	Keyboard events cleared
350.9817 	EXP 	surround_grating: autoDraw = False
350.9817 	EXP 	center_grating: autoDraw = False
350.9817 	EXP 	surround_grating: ori = 30.0
350.9817 	EXP 	surround_grating: phase = array([0.08541622, 0.08541622])
350.9817 	EXP 	center_grating: ori = 3.5
350.9817 	EXP 	center_grating: phase = array([0.44763733, 0.44763733])
351.4697 	EXP 	surround_grating: autoDraw = True
351.4697 	EXP 	center_grating: autoDraw = True
351.5417 	EXP 	surround_grating: autoDraw = False
351.5417 	EXP 	center_grating: autoDraw = False
353.0450 	DATA 	Keypress: right
353.0506 	INFO 	Keyboard events cleared
353.0500 	EXP 	surround_grating: autoDraw = False
353.0500 	EXP 	center_grating: autoDraw = False
353.0500 	EXP 	surround_grating: ori = 69.0
353.0500 	EXP 	surround_grating: phase = array([0.84045613, 0.84045613])
353.0500 	EXP 	center_grating: ori = 0.0
353.0500 	EXP 	center_grating: phase = array([0.46172712, 0.46172712])
353.5365 	EXP 	surround_grating: autoDraw = True
353.5365 	EXP 	center_grating: autoDraw = True
353.6092 	EXP 	surround_grating: autoDraw = False
353.6092 	EXP 	center_grating: autoDraw = False
354.3620 	DATA 	Keypress: left
354.3676 	INFO 	Keyboard events cleared
354.3670 	EXP 	surround_grating: autoDraw = False
354.3670 	EXP 	center_grating: autoDraw = False
354.3670 	EXP 	surround_grating: ori = 30.0
354.3670 	EXP 	surround_grating: phase = array([0.6426199, 0.6426199])
354.3670 	EXP 	center_grating: ori = 3.0
354.3670 	EXP 	center_grating: phase = array([0.19570191, 0.19570191])
354.8533 	EXP 	surround_grating: autoDraw = True
354.8533 	EXP 	center_grating: autoDraw = True
354.9261 	EXP 	surround_grating: autoDraw = False
354.9261 	EXP 	center_grating: autoDraw = False
356.2328 	DATA 	Keypress: left
356.2541 	INFO 	Keyboard events cleared
356.2535 	EXP 	surround_grating: autoDraw = False
356.2535 	EXP 	center_grating: autoDraw = False
356.2535 	EXP 	surround_grating: ori = -30.0
356.2535 	EXP 	surround_grating: phase = array([0.03538297, 0.03538297])
356.2535 	EXP 	center_grating: ori = -4.5
356.2535 	EXP 	center_grating: phase = array([0.20119737, 0.20119737])
356.7288 	EXP 	surround_grating: autoDraw = True
356.7288 	EXP 	center_grating: autoDraw = True
356.8038 	EXP 	surround_grating: autoDraw = False
356.8038 	EXP 	center_grating: autoDraw = False
357.8436 	DATA 	Keypress: left
357.8494 	INFO 	Keyboard events cleared
357.8489 	EXP 	surround_grating: autoDraw = False
357.8489 	EXP 	center_grating: autoDraw = False
357.8489 	EXP 	surround_grating: ori = 69.0
357.8489 	EXP 	surround_grating: phase = array([0.62987907, 0.62987907])
357.8489 	EXP 	center_grating: ori = 0.0
357.8489 	EXP 	center_grating: phase = array([0.76293455, 0.76293455])
358.3368 	EXP 	surround_grating: autoDraw = True
358.3368 	EXP 	center_grating: autoDraw = True
358.4087 	EXP 	surround_grating: autoDraw = False
358.4087 	EXP 	center_grating: autoDraw = False
359.1117 	DATA 	Keypress: right
359.1172 	INFO 	Keyboard events cleared
359.1167 	EXP 	surround_grating: autoDraw = False
359.1167 	EXP 	center_grating: autoDraw = False
359.1167 	EXP 	surround_grating: ori = -30.0
359.1167 	EXP 	surround_grating: phase = array([0.04641033, 0.04641033])
359.1167 	EXP 	center_grating: ori = -2.0
359.1167 	EXP 	center_grating: phase = array([0.83748949, 0.83748949])
359.6036 	EXP 	surround_grating: autoDraw = True
359.6036 	EXP 	center_grating: autoDraw = True
359.6758 	EXP 	surround_grating: autoDraw = False
359.6758 	EXP 	center_grating: autoDraw = False
360.6265 	DATA 	Keypress: right
360.6321 	INFO 	Keyboard events cleared
360.6315 	EXP 	surround_grating: autoDraw = False
360.6315 	EXP 	center_grating: autoDraw = False
360.6315 	EXP 	surround_grating: ori = 30.0
360.6315 	EXP 	surround_grating: phase = array([0.84536748, 0.84536748])
360.6315 	EXP 	center_grating: ori = 3.5
360.6315 	EXP 	center_grating: phase = array([0.64788044, 0.64788044])
361.1201 	EXP 	surround_grating: autoDraw = True
361.1201 	EXP 	center_grating: autoDraw = True
361.1925 	EXP 	surround_grating: autoDraw = False
361.1925 	EXP 	center_grating: autoDraw = False
362.2118 	DATA 	Keypress: right
362.2173 	INFO 	Keyboard events cleared
362.2168 	EXP 	surround_grating: autoDraw = False
362.2168 	EXP 	center_grating: autoDraw = False
362.2168 	EXP 	surround_grating: ori = 69.0
362.2168 	EXP 	surround_grating: phase = array([0.75132506, 0.75132506])
362.2168 	EXP 	center_grating: ori = 0.5
362.2168 	EXP 	center_grating: phase = array([0.64607995, 0.64607995])
362.7036 	EXP 	surround_grating: autoDraw = True
362.7036 	EXP 	center_grating: autoDraw = True
362.7757 	EXP 	surround_grating: autoDraw = False
362.7757 	EXP 	center_grating: autoDraw = False
363.9330 	DATA 	Keypress: right
363.9538 	INFO 	Keyboard events cleared
363.9534 	EXP 	surround_grating: autoDraw = False
363.9534 	EXP 	center_grating: autoDraw = False
363.9534 	EXP 	surround_grating: ori = 69.0
363.9534 	EXP 	surround_grating: phase = array([0.06863367, 0.06863367])
363.9534 	EXP 	center_grating: ori = -0.5
363.9534 	EXP 	center_grating: phase = array([0.63243493, 0.63243493])
364.4294 	EXP 	surround_grating: autoDraw = True
364.4294 	EXP 	center_grating: autoDraw = True
364.5042 	EXP 	surround_grating: autoDraw = False
364.5042 	EXP 	center_grating: autoDraw = False
366.0446 	DATA 	Keypress: right
366.0502 	INFO 	Keyboard events cleared
366.0496 	EXP 	surround_grating: autoDraw = False
366.0496 	EXP 	center_grating: autoDraw = False
366.0496 	EXP 	surround_grating: ori = 30.0
366.0496 	EXP 	surround_grating: phase = array([0.64711933, 0.64711933])
366.0496 	EXP 	center_grating: ori = 3.0
366.0496 	EXP 	center_grating: phase = array([0.86534246, 0.86534246])
366.5368 	EXP 	surround_grating: autoDraw = True
366.5368 	EXP 	center_grating: autoDraw = True
366.6098 	EXP 	surround_grating: autoDraw = False
366.6098 	EXP 	center_grating: autoDraw = False
368.1948 	DATA 	Keypress: left
368.2006 	INFO 	Keyboard events cleared
368.2001 	EXP 	surround_grating: autoDraw = False
368.2001 	EXP 	center_grating: autoDraw = False
368.2001 	EXP 	surround_grating: ori = -30.0
368.2001 	EXP 	surround_grating: phase = array([0.15957698, 0.15957698])
368.2001 	EXP 	center_grating: ori = -2.5
368.2001 	EXP 	center_grating: phase = array([0.03915784, 0.03915784])
368.6871 	EXP 	surround_grating: autoDraw = True
368.6871 	EXP 	center_grating: autoDraw = True
368.7602 	EXP 	surround_grating: autoDraw = False
368.7602 	EXP 	center_grating: autoDraw = False
369.9096 	DATA 	Keypress: right
369.9227 	INFO 	Keyboard events cleared
369.9224 	EXP 	surround_grating: autoDraw = False
369.9224 	EXP 	center_grating: autoDraw = False
369.9224 	EXP 	surround_grating: ori = 30.0
369.9224 	EXP 	surround_grating: phase = array([0.90839302, 0.90839302])
369.9224 	EXP 	center_grating: ori = 3.5
369.9224 	EXP 	center_grating: phase = array([0.18811106, 0.18811106])
370.4129 	EXP 	surround_grating: autoDraw = True
370.4129 	EXP 	center_grating: autoDraw = True
370.4874 	EXP 	surround_grating: autoDraw = False
370.4874 	EXP 	center_grating: autoDraw = False
371.5449 	DATA 	Keypress: right
371.5507 	INFO 	Keyboard events cleared
371.5502 	EXP 	surround_grating: autoDraw = False
371.5502 	EXP 	center_grating: autoDraw = False
371.5502 	EXP 	surround_grating: ori = -30.0
371.5502 	EXP 	surround_grating: phase = array([0.07195242, 0.07195242])
371.5502 	EXP 	center_grating: ori = -4.0
371.5502 	EXP 	center_grating: phase = array([0.86753458, 0.86753458])
372.0373 	EXP 	surround_grating: autoDraw = True
372.0373 	EXP 	center_grating: autoDraw = True
372.1095 	EXP 	surround_grating: autoDraw = False
372.1095 	EXP 	center_grating: autoDraw = False
374.8333 	DATA 	Keypress: right
374.8546 	INFO 	Keyboard events cleared
374.8539 	EXP 	surround_grating: autoDraw = False
374.8539 	EXP 	center_grating: autoDraw = False
374.8539 	EXP 	surround_grating: ori = -30.0
374.8539 	EXP 	surround_grating: phase = array([0.04043189, 0.04043189])
374.8539 	EXP 	center_grating: ori = -3.0
374.8539 	EXP 	center_grating: phase = array([0.69226084, 0.69226084])
375.3295 	EXP 	surround_grating: autoDraw = True
375.3295 	EXP 	center_grating: autoDraw = True
375.4045 	EXP 	surround_grating: autoDraw = False
375.4045 	EXP 	center_grating: autoDraw = False
376.6831 	DATA 	Keypress: left
376.7047 	INFO 	Keyboard events cleared
376.7042 	EXP 	surround_grating: autoDraw = False
376.7042 	EXP 	center_grating: autoDraw = False
376.7042 	EXP 	surround_grating: ori = 69.0
376.7042 	EXP 	surround_grating: phase = array([0.83689043, 0.83689043])
376.7042 	EXP 	center_grating: ori = -1.0
376.7042 	EXP 	center_grating: phase = array([0.63154534, 0.63154534])
377.1706 	EXP 	surround_grating: autoDraw = True
377.1706 	EXP 	center_grating: autoDraw = True
377.2426 	EXP 	surround_grating: autoDraw = False
377.2426 	EXP 	center_grating: autoDraw = False
378.4174 	DATA 	Keypress: left
378.4230 	INFO 	Keyboard events cleared
378.4226 	EXP 	surround_grating: autoDraw = False
378.4226 	EXP 	center_grating: autoDraw = False
378.4226 	EXP 	surround_grating: ori = 69.0
378.4226 	EXP 	surround_grating: phase = array([0.8662547, 0.8662547])
378.4226 	EXP 	center_grating: ori = 0.0
378.4226 	EXP 	center_grating: phase = array([0.57493601, 0.57493601])
378.9132 	EXP 	surround_grating: autoDraw = True
378.9132 	EXP 	center_grating: autoDraw = True
378.9881 	EXP 	surround_grating: autoDraw = False
378.9881 	EXP 	center_grating: autoDraw = False
379.7495 	DATA 	Keypress: right
379.7549 	INFO 	Keyboard events cleared
379.7543 	EXP 	surround_grating: autoDraw = False
379.7543 	EXP 	center_grating: autoDraw = False
379.7543 	EXP 	surround_grating: ori = 30.0
379.7543 	EXP 	surround_grating: phase = array([0.72661841, 0.72661841])
379.7543 	EXP 	center_grating: ori = 3.0
379.7543 	EXP 	center_grating: phase = array([0.37061275, 0.37061275])
380.2467 	EXP 	surround_grating: autoDraw = True
380.2467 	EXP 	center_grating: autoDraw = True
380.3210 	EXP 	surround_grating: autoDraw = False
380.3210 	EXP 	center_grating: autoDraw = False
381.2108 	DATA 	Keypress: right
381.2165 	INFO 	Keyboard events cleared
381.2159 	EXP 	surround_grating: autoDraw = False
381.2159 	EXP 	center_grating: autoDraw = False
381.2159 	EXP 	surround_grating: ori = 30.0
381.2159 	EXP 	surround_grating: phase = array([0.09284995, 0.09284995])
381.2159 	EXP 	center_grating: ori = 3.5
381.2159 	EXP 	center_grating: phase = array([0.60664778, 0.60664778])
381.7044 	EXP 	surround_grating: autoDraw = True
381.7044 	EXP 	center_grating: autoDraw = True
381.7761 	EXP 	surround_grating: autoDraw = False
381.7761 	EXP 	center_grating: autoDraw = False
382.5109 	DATA 	Keypress: right
382.5163 	INFO 	Keyboard events cleared
382.5156 	EXP 	surround_grating: autoDraw = False
382.5156 	EXP 	center_grating: autoDraw = False
382.5156 	EXP 	surround_grating: ori = -30.0
382.5156 	EXP 	surround_grating: phase = array([0.84628043, 0.84628043])
382.5156 	EXP 	center_grating: ori = -4.5
382.5156 	EXP 	center_grating: phase = array([0.76055033, 0.76055033])
383.0042 	EXP 	surround_grating: autoDraw = True
383.0042 	EXP 	center_grating: autoDraw = True
383.0762 	EXP 	surround_grating: autoDraw = False
383.0762 	EXP 	center_grating: autoDraw = False
384.7119 	DATA 	Keypress: right
384.7177 	INFO 	Keyboard events cleared
384.7172 	EXP 	surround_grating: autoDraw = False
384.7172 	EXP 	center_grating: autoDraw = False
384.7172 	EXP 	surround_grating: ori = 69.0
384.7172 	EXP 	surround_grating: phase = array([0.0294715, 0.0294715])
384.7172 	EXP 	center_grating: ori = -0.5
384.7172 	EXP 	center_grating: phase = array([0.92359047, 0.92359047])
385.2043 	EXP 	surround_grating: autoDraw = True
385.2043 	EXP 	center_grating: autoDraw = True
385.2776 	EXP 	surround_grating: autoDraw = False
385.2776 	EXP 	center_grating: autoDraw = False
386.9110 	DATA 	Keypress: right
386.9166 	INFO 	Keyboard events cleared
386.9160 	EXP 	surround_grating: autoDraw = False
386.9160 	EXP 	center_grating: autoDraw = False
386.9160 	EXP 	surround_grating: ori = 30.0
386.9160 	EXP 	surround_grating: phase = array([0.09291107, 0.09291107])
386.9160 	EXP 	center_grating: ori = 3.0
386.9160 	EXP 	center_grating: phase = array([0.78612642, 0.78612642])
387.4043 	EXP 	surround_grating: autoDraw = True
387.4043 	EXP 	center_grating: autoDraw = True
387.4770 	EXP 	surround_grating: autoDraw = False
387.4770 	EXP 	center_grating: autoDraw = False
388.5496 	DATA 	Keypress: right
388.5550 	INFO 	Keyboard events cleared
388.5545 	EXP 	surround_grating: autoDraw = False
388.5545 	EXP 	center_grating: autoDraw = False
388.5545 	EXP 	surround_grating: ori = 30.0
388.5545 	EXP 	surround_grating: phase = array([0.82423799, 0.82423799])
388.5545 	EXP 	center_grating: ori = 2.5
388.5545 	EXP 	center_grating: phase = array([0.45353185, 0.45353185])
389.0470 	EXP 	surround_grating: autoDraw = True
389.0470 	EXP 	center_grating: autoDraw = True
389.1216 	EXP 	surround_grating: autoDraw = False
389.1216 	EXP 	center_grating: autoDraw = False
390.3786 	DATA 	Keypress: left
390.3844 	INFO 	Keyboard events cleared
390.3839 	EXP 	surround_grating: autoDraw = False
390.3839 	EXP 	center_grating: autoDraw = False
390.3839 	EXP 	surround_grating: ori = -30.0
390.3839 	EXP 	surround_grating: phase = array([0.091593, 0.091593])
390.3839 	EXP 	center_grating: ori = -5.0
390.3839 	EXP 	center_grating: phase = array([0.39929858, 0.39929858])
390.8713 	EXP 	surround_grating: autoDraw = True
390.8713 	EXP 	center_grating: autoDraw = True
390.9435 	EXP 	surround_grating: autoDraw = False
390.9435 	EXP 	center_grating: autoDraw = False
391.6117 	DATA 	Keypress: left
391.6173 	INFO 	Keyboard events cleared
391.6168 	EXP 	surround_grating: autoDraw = False
391.6168 	EXP 	center_grating: autoDraw = False
391.6168 	EXP 	surround_grating: ori = 69.0
391.6168 	EXP 	surround_grating: phase = array([0.8007623, 0.8007623])
391.6168 	EXP 	center_grating: ori = -0.5
391.6168 	EXP 	center_grating: phase = array([0.64987157, 0.64987157])
392.1045 	EXP 	surround_grating: autoDraw = True
392.1045 	EXP 	center_grating: autoDraw = True
392.1766 	EXP 	surround_grating: autoDraw = False
392.1766 	EXP 	center_grating: autoDraw = False
394.0519 	DATA 	Keypress: right
394.0578 	INFO 	Keyboard events cleared
394.0572 	EXP 	surround_grating: autoDraw = False
394.0572 	EXP 	center_grating: autoDraw = False
394.0572 	EXP 	surround_grating: ori = -30.0
394.0572 	EXP 	surround_grating: phase = array([0.11590119, 0.11590119])
394.0572 	EXP 	center_grating: ori = -2.5
394.0572 	EXP 	center_grating: phase = array([0.14497344, 0.14497344])
394.5471 	EXP 	surround_grating: autoDraw = True
394.5471 	EXP 	center_grating: autoDraw = True
394.6217 	EXP 	surround_grating: autoDraw = False
394.6217 	EXP 	center_grating: autoDraw = False
397.5343 	DATA 	Keypress: right
397.5554 	INFO 	Keyboard events cleared
397.5549 	EXP 	surround_grating: autoDraw = False
397.5549 	EXP 	center_grating: autoDraw = False
397.5549 	EXP 	surround_grating: ori = 69.0
397.5549 	EXP 	surround_grating: phase = array([0.4314975, 0.4314975])
397.5549 	EXP 	center_grating: ori = -1.0
397.5549 	EXP 	center_grating: phase = array([0.67927673, 0.67927673])
398.0304 	EXP 	surround_grating: autoDraw = True
398.0304 	EXP 	center_grating: autoDraw = True
398.1052 	EXP 	surround_grating: autoDraw = False
398.1052 	EXP 	center_grating: autoDraw = False
398.9615 	DATA 	Keypress: left
398.9742 	INFO 	Keyboard events cleared
398.9738 	EXP 	surround_grating: autoDraw = False
398.9738 	EXP 	center_grating: autoDraw = False
398.9738 	EXP 	surround_grating: ori = 69.0
398.9738 	EXP 	surround_grating: phase = array([0.29367581, 0.29367581])
398.9738 	EXP 	center_grating: ori = -1.0
398.9738 	EXP 	center_grating: phase = array([0.75541772, 0.75541772])
399.4643 	EXP 	surround_grating: autoDraw = True
399.4643 	EXP 	center_grating: autoDraw = True
399.5386 	EXP 	surround_grating: autoDraw = False
399.5386 	EXP 	center_grating: autoDraw = False
400.6503 	DATA 	Keypress: right
400.6560 	INFO 	Keyboard events cleared
400.6555 	EXP 	surround_grating: autoDraw = False
400.6555 	EXP 	center_grating: autoDraw = False
400.6555 	EXP 	surround_grating: ori = 30.0
400.6555 	EXP 	surround_grating: phase = array([0.08282151, 0.08282151])
400.6555 	EXP 	center_grating: ori = 2.5
400.6555 	EXP 	center_grating: phase = array([0.31416222, 0.31416222])
401.1471 	EXP 	surround_grating: autoDraw = True
401.1471 	EXP 	center_grating: autoDraw = True
401.2219 	EXP 	surround_grating: autoDraw = False
401.2219 	EXP 	center_grating: autoDraw = False
402.1828 	DATA 	Keypress: right
402.1884 	INFO 	Keyboard events cleared
402.1879 	EXP 	surround_grating: autoDraw = False
402.1879 	EXP 	center_grating: autoDraw = False
402.1879 	EXP 	surround_grating: ori = -30.0
402.1879 	EXP 	surround_grating: phase = array([0.00040891, 0.00040891])
402.1879 	EXP 	center_grating: ori = -3.0
402.1879 	EXP 	center_grating: phase = array([0.30164416, 0.30164416])
402.6716 	EXP 	surround_grating: autoDraw = True
402.6716 	EXP 	center_grating: autoDraw = True
402.7444 	EXP 	surround_grating: autoDraw = False
402.7444 	EXP 	center_grating: autoDraw = False
403.7277 	DATA 	Keypress: right
403.7407 	INFO 	Keyboard events cleared
403.7403 	EXP 	surround_grating: autoDraw = False
403.7403 	EXP 	center_grating: autoDraw = False
403.7403 	EXP 	surround_grating: ori = -30.0
403.7403 	EXP 	surround_grating: phase = array([0.81085002, 0.81085002])
403.7403 	EXP 	center_grating: ori = -4.5
403.7403 	EXP 	center_grating: phase = array([0.64499678, 0.64499678])
404.2308 	EXP 	surround_grating: autoDraw = True
404.2308 	EXP 	center_grating: autoDraw = True
404.3054 	EXP 	surround_grating: autoDraw = False
404.3054 	EXP 	center_grating: autoDraw = False
405.1128 	DATA 	Keypress: right
405.1183 	INFO 	Keyboard events cleared
405.1178 	EXP 	surround_grating: autoDraw = False
405.1178 	EXP 	center_grating: autoDraw = False
405.1178 	EXP 	surround_grating: ori = 30.0
405.1178 	EXP 	surround_grating: phase = array([0.96335366, 0.96335366])
405.1178 	EXP 	center_grating: ori = 3.0
405.1178 	EXP 	center_grating: phase = array([0.18922825, 0.18922825])
405.6052 	EXP 	surround_grating: autoDraw = True
405.6052 	EXP 	center_grating: autoDraw = True
405.6785 	EXP 	surround_grating: autoDraw = False
405.6785 	EXP 	center_grating: autoDraw = False
406.9683 	DATA 	Keypress: right
406.9739 	INFO 	Keyboard events cleared
406.9735 	EXP 	surround_grating: autoDraw = False
406.9735 	EXP 	center_grating: autoDraw = False
406.9735 	EXP 	surround_grating: ori = 30.0
406.9735 	EXP 	surround_grating: phase = array([0.61418178, 0.61418178])
406.9735 	EXP 	center_grating: ori = 2.5
406.9735 	EXP 	center_grating: phase = array([0.2122068, 0.2122068])
407.4648 	EXP 	surround_grating: autoDraw = True
407.4648 	EXP 	center_grating: autoDraw = True
407.5388 	EXP 	surround_grating: autoDraw = False
407.5388 	EXP 	center_grating: autoDraw = False
408.9018 	DATA 	Keypress: right
408.9075 	INFO 	Keyboard events cleared
408.9070 	EXP 	surround_grating: autoDraw = False
408.9070 	EXP 	center_grating: autoDraw = False
408.9070 	EXP 	surround_grating: ori = -30.0
408.9070 	EXP 	surround_grating: phase = array([0.63509423, 0.63509423])
408.9070 	EXP 	center_grating: ori = -5.0
408.9070 	EXP 	center_grating: phase = array([0.87175964, 0.87175964])
409.3976 	EXP 	surround_grating: autoDraw = True
409.3976 	EXP 	center_grating: autoDraw = True
409.4723 	EXP 	surround_grating: autoDraw = False
409.4723 	EXP 	center_grating: autoDraw = False
410.1025 	DATA 	Keypress: right
410.1082 	INFO 	Keyboard events cleared
410.1078 	EXP 	surround_grating: autoDraw = False
410.1078 	EXP 	center_grating: autoDraw = False
410.1078 	EXP 	surround_grating: ori = 69.0
410.1078 	EXP 	surround_grating: phase = array([0.47613335, 0.47613335])
410.1078 	EXP 	center_grating: ori = -0.5
410.1078 	EXP 	center_grating: phase = array([0.72682204, 0.72682204])
410.5972 	EXP 	surround_grating: autoDraw = True
410.5972 	EXP 	center_grating: autoDraw = True
410.6722 	EXP 	surround_grating: autoDraw = False
410.6722 	EXP 	center_grating: autoDraw = False
412.4790 	DATA 	Keypress: right
412.4845 	INFO 	Keyboard events cleared
412.4840 	EXP 	surround_grating: autoDraw = False
412.4840 	EXP 	center_grating: autoDraw = False
412.4840 	EXP 	surround_grating: ori = 30.0
412.4840 	EXP 	surround_grating: phase = array([0.68831843, 0.68831843])
412.4840 	EXP 	center_grating: ori = 2.0
412.4840 	EXP 	center_grating: phase = array([0.29975539, 0.29975539])
412.9720 	EXP 	surround_grating: autoDraw = True
412.9720 	EXP 	center_grating: autoDraw = True
413.0450 	EXP 	surround_grating: autoDraw = False
413.0450 	EXP 	center_grating: autoDraw = False
414.1288 	DATA 	Keypress: right
414.1343 	INFO 	Keyboard events cleared
414.1339 	EXP 	surround_grating: autoDraw = False
414.1339 	EXP 	center_grating: autoDraw = False
414.1339 	EXP 	surround_grating: ori = 69.0
414.1339 	EXP 	surround_grating: phase = array([0.27848735, 0.27848735])
414.1339 	EXP 	center_grating: ori = -1.5
414.1339 	EXP 	center_grating: phase = array([0.91169657, 0.91169657])
414.6220 	EXP 	surround_grating: autoDraw = True
414.6220 	EXP 	center_grating: autoDraw = True
414.6939 	EXP 	surround_grating: autoDraw = False
414.6939 	EXP 	center_grating: autoDraw = False
416.9293 	DATA 	Keypress: right
416.9344 	INFO 	Keyboard events cleared
416.9340 	EXP 	surround_grating: autoDraw = False
416.9340 	EXP 	center_grating: autoDraw = False
416.9340 	EXP 	surround_grating: ori = -30.0
416.9340 	EXP 	surround_grating: phase = array([0.7686787, 0.7686787])
416.9340 	EXP 	center_grating: ori = -3.5
416.9340 	EXP 	center_grating: phase = array([0.16420271, 0.16420271])
417.4222 	EXP 	surround_grating: autoDraw = True
417.4222 	EXP 	center_grating: autoDraw = True
417.4942 	EXP 	surround_grating: autoDraw = False
417.4942 	EXP 	center_grating: autoDraw = False
419.0976 	DATA 	Keypress: right
419.1032 	INFO 	Keyboard events cleared
419.1029 	EXP 	surround_grating: autoDraw = False
419.1029 	EXP 	center_grating: autoDraw = False
419.1029 	EXP 	surround_grating: ori = 69.0
419.1029 	EXP 	surround_grating: phase = array([0.09248333, 0.09248333])
419.1029 	EXP 	center_grating: ori = -1.0
419.1029 	EXP 	center_grating: phase = array([0.25924605, 0.25924605])
419.5889 	EXP 	surround_grating: autoDraw = True
419.5889 	EXP 	center_grating: autoDraw = True
419.6610 	EXP 	surround_grating: autoDraw = False
419.6610 	EXP 	center_grating: autoDraw = False
420.5627 	DATA 	Keypress: left
420.5682 	INFO 	Keyboard events cleared
420.5677 	EXP 	surround_grating: autoDraw = False
420.5677 	EXP 	center_grating: autoDraw = False
420.5677 	EXP 	surround_grating: ori = 69.0
420.5677 	EXP 	surround_grating: phase = array([0.24618092, 0.24618092])
420.5677 	EXP 	center_grating: ori = -2.0
420.5677 	EXP 	center_grating: phase = array([0.77957307, 0.77957307])
421.0556 	EXP 	surround_grating: autoDraw = True
421.0556 	EXP 	center_grating: autoDraw = True
421.1287 	EXP 	surround_grating: autoDraw = False
421.1287 	EXP 	center_grating: autoDraw = False
421.7863 	DATA 	Keypress: left
421.7921 	INFO 	Keyboard events cleared
421.7917 	EXP 	surround_grating: autoDraw = False
421.7917 	EXP 	center_grating: autoDraw = False
421.7917 	EXP 	surround_grating: ori = 30.0
421.7917 	EXP 	surround_grating: phase = array([0.78252061, 0.78252061])
421.7917 	EXP 	center_grating: ori = 1.5
421.7917 	EXP 	center_grating: phase = array([0.30259216, 0.30259216])
422.2817 	EXP 	surround_grating: autoDraw = True
422.2817 	EXP 	center_grating: autoDraw = True
422.3564 	EXP 	surround_grating: autoDraw = False
422.3564 	EXP 	center_grating: autoDraw = False
424.3016 	DATA 	Keypress: left
424.3228 	INFO 	Keyboard events cleared
424.3224 	EXP 	surround_grating: autoDraw = False
424.3224 	EXP 	center_grating: autoDraw = False
424.3224 	EXP 	surround_grating: ori = 30.0
424.3224 	EXP 	surround_grating: phase = array([0.11920357, 0.11920357])
424.3224 	EXP 	center_grating: ori = 2.0
424.3224 	EXP 	center_grating: phase = array([0.03007079, 0.03007079])
424.7991 	EXP 	surround_grating: autoDraw = True
424.7991 	EXP 	center_grating: autoDraw = True
424.8728 	EXP 	surround_grating: autoDraw = False
424.8728 	EXP 	center_grating: autoDraw = False
426.5126 	DATA 	Keypress: right
426.5183 	INFO 	Keyboard events cleared
426.5178 	EXP 	surround_grating: autoDraw = False
426.5178 	EXP 	center_grating: autoDraw = False
426.5178 	EXP 	surround_grating: ori = -30.0
426.5178 	EXP 	surround_grating: phase = array([0.32232401, 0.32232401])
426.5178 	EXP 	center_grating: ori = -4.0
426.5178 	EXP 	center_grating: phase = array([0.65634857, 0.65634857])
427.0059 	EXP 	surround_grating: autoDraw = True
427.0059 	EXP 	center_grating: autoDraw = True
427.0778 	EXP 	surround_grating: autoDraw = False
427.0778 	EXP 	center_grating: autoDraw = False
428.2521 	DATA 	Keypress: left
428.2733 	INFO 	Keyboard events cleared
428.2727 	EXP 	surround_grating: autoDraw = False
428.2727 	EXP 	center_grating: autoDraw = False
428.2727 	EXP 	surround_grating: ori = -30.0
428.2727 	EXP 	surround_grating: phase = array([0.99579301, 0.99579301])
428.2727 	EXP 	center_grating: ori = -5.5
428.2727 	EXP 	center_grating: phase = array([0.10472133, 0.10472133])
428.7483 	EXP 	surround_grating: autoDraw = True
428.7483 	EXP 	center_grating: autoDraw = True
428.8230 	EXP 	surround_grating: autoDraw = False
428.8230 	EXP 	center_grating: autoDraw = False
429.6817 	DATA 	Keypress: left
429.6875 	INFO 	Keyboard events cleared
429.6870 	EXP 	surround_grating: autoDraw = False
429.6870 	EXP 	center_grating: autoDraw = False
429.6870 	EXP 	surround_grating: ori = 69.0
429.6870 	EXP 	surround_grating: phase = array([0.83522394, 0.83522394])
429.6870 	EXP 	center_grating: ori = -0.5
429.6870 	EXP 	center_grating: phase = array([0.83790273, 0.83790273])
430.1726 	EXP 	surround_grating: autoDraw = True
430.1726 	EXP 	center_grating: autoDraw = True
430.2452 	EXP 	surround_grating: autoDraw = False
430.2452 	EXP 	center_grating: autoDraw = False
431.8478 	DATA 	Keypress: left
431.8535 	INFO 	Keyboard events cleared
431.8531 	EXP 	surround_grating: autoDraw = False
431.8531 	EXP 	center_grating: autoDraw = False
431.8531 	EXP 	surround_grating: ori = -30.0
431.8531 	EXP 	surround_grating: phase = array([0.18026349, 0.18026349])
431.8531 	EXP 	center_grating: ori = -5.0
431.8531 	EXP 	center_grating: phase = array([0.59481485, 0.59481485])
432.3392 	EXP 	surround_grating: autoDraw = True
432.3392 	EXP 	center_grating: autoDraw = True
432.4114 	EXP 	surround_grating: autoDraw = False
432.4114 	EXP 	center_grating: autoDraw = False
434.0977 	DATA 	Keypress: left
434.1035 	INFO 	Keyboard events cleared
434.1030 	EXP 	surround_grating: autoDraw = False
434.1030 	EXP 	center_grating: autoDraw = False
434.1030 	EXP 	surround_grating: ori = -30.0
434.1030 	EXP 	surround_grating: phase = array([0.80276063, 0.80276063])
434.1030 	EXP 	center_grating: ori = -3.5
434.1030 	EXP 	center_grating: phase = array([0.58462395, 0.58462395])
434.5893 	EXP 	surround_grating: autoDraw = True
434.5893 	EXP 	center_grating: autoDraw = True
434.6617 	EXP 	surround_grating: autoDraw = False
434.6617 	EXP 	center_grating: autoDraw = False
435.5465 	DATA 	Keypress: left
435.5523 	INFO 	Keyboard events cleared
435.5519 	EXP 	surround_grating: autoDraw = False
435.5519 	EXP 	center_grating: autoDraw = False
435.5519 	EXP 	surround_grating: ori = 30.0
435.5519 	EXP 	surround_grating: phase = array([0.23576818, 0.23576818])
435.5519 	EXP 	center_grating: ori = 2.0
435.5519 	EXP 	center_grating: phase = array([0.8989182, 0.8989182])
436.0387 	EXP 	surround_grating: autoDraw = True
436.0387 	EXP 	center_grating: autoDraw = True
436.1121 	EXP 	surround_grating: autoDraw = False
436.1121 	EXP 	center_grating: autoDraw = False
437.9536 	DATA 	Keypress: left
437.9592 	INFO 	Keyboard events cleared
437.9587 	EXP 	surround_grating: autoDraw = False
437.9587 	EXP 	center_grating: autoDraw = False
437.9587 	EXP 	surround_grating: ori = 69.0
437.9587 	EXP 	surround_grating: phase = array([0.75235754, 0.75235754])
437.9587 	EXP 	center_grating: ori = -1.5
437.9587 	EXP 	center_grating: phase = array([0.14740386, 0.14740386])
438.4484 	EXP 	surround_grating: autoDraw = True
438.4484 	EXP 	center_grating: autoDraw = True
438.5232 	EXP 	surround_grating: autoDraw = False
438.5232 	EXP 	center_grating: autoDraw = False
439.4138 	DATA 	Keypress: left
439.4195 	INFO 	Keyboard events cleared
439.4189 	EXP 	surround_grating: autoDraw = False
439.4189 	EXP 	center_grating: autoDraw = False
439.4189 	EXP 	surround_grating: ori = 30.0
439.4189 	EXP 	surround_grating: phase = array([0.13164781, 0.13164781])
439.4189 	EXP 	center_grating: ori = 1.5
439.4189 	EXP 	center_grating: phase = array([0.08919591, 0.08919591])
439.9052 	EXP 	surround_grating: autoDraw = True
439.9052 	EXP 	center_grating: autoDraw = True
439.9781 	EXP 	surround_grating: autoDraw = False
439.9781 	EXP 	center_grating: autoDraw = False
440.5980 	DATA 	Keypress: left
440.6035 	INFO 	Keyboard events cleared
440.6030 	EXP 	surround_grating: autoDraw = False
440.6030 	EXP 	center_grating: autoDraw = False
440.6030 	EXP 	surround_grating: ori = 69.0
440.6030 	EXP 	surround_grating: phase = array([0.44403494, 0.44403494])
440.6030 	EXP 	center_grating: ori = -1.0
440.6030 	EXP 	center_grating: phase = array([0.03753941, 0.03753941])
441.0896 	EXP 	surround_grating: autoDraw = True
441.0896 	EXP 	center_grating: autoDraw = True
441.1618 	EXP 	surround_grating: autoDraw = False
441.1618 	EXP 	center_grating: autoDraw = False
442.0014 	DATA 	Keypress: left
442.0070 	INFO 	Keyboard events cleared
442.0065 	EXP 	surround_grating: autoDraw = False
442.0065 	EXP 	center_grating: autoDraw = False
442.0065 	EXP 	surround_grating: ori = 69.0
442.0065 	EXP 	surround_grating: phase = array([0.81327805, 0.81327805])
442.0065 	EXP 	center_grating: ori = 0.0
442.0065 	EXP 	center_grating: phase = array([0.36867888, 0.36867888])
442.4993 	EXP 	surround_grating: autoDraw = True
442.4993 	EXP 	center_grating: autoDraw = True
442.5734 	EXP 	surround_grating: autoDraw = False
442.5734 	EXP 	center_grating: autoDraw = False
443.7300 	DATA 	Keypress: left
443.7355 	INFO 	Keyboard events cleared
443.7350 	EXP 	surround_grating: autoDraw = False
443.7350 	EXP 	center_grating: autoDraw = False
443.7350 	EXP 	surround_grating: ori = -30.0
443.7350 	EXP 	surround_grating: phase = array([0.40093182, 0.40093182])
443.7350 	EXP 	center_grating: ori = -3.0
443.7350 	EXP 	center_grating: phase = array([0.07300652, 0.07300652])
444.2232 	EXP 	surround_grating: autoDraw = True
444.2232 	EXP 	center_grating: autoDraw = True
444.2947 	EXP 	surround_grating: autoDraw = False
444.2947 	EXP 	center_grating: autoDraw = False
445.3808 	DATA 	Keypress: right
445.3864 	INFO 	Keyboard events cleared
445.3859 	EXP 	surround_grating: autoDraw = False
445.3859 	EXP 	center_grating: autoDraw = False
445.3859 	EXP 	surround_grating: ori = 30.0
445.3859 	EXP 	surround_grating: phase = array([0.5113654, 0.5113654])
445.3859 	EXP 	center_grating: ori = 2.5
445.3859 	EXP 	center_grating: phase = array([0.34106853, 0.34106853])
445.8732 	EXP 	surround_grating: autoDraw = True
445.8732 	EXP 	center_grating: autoDraw = True
445.9455 	EXP 	surround_grating: autoDraw = False
445.9455 	EXP 	center_grating: autoDraw = False
447.9799 	DATA 	Keypress: right
447.9855 	INFO 	Keyboard events cleared
447.9849 	EXP 	surround_grating: autoDraw = False
447.9849 	EXP 	center_grating: autoDraw = False
447.9849 	EXP 	surround_grating: ori = 30.0
447.9849 	EXP 	surround_grating: phase = array([0.82957087, 0.82957087])
447.9849 	EXP 	center_grating: ori = 2.0
447.9849 	EXP 	center_grating: phase = array([0.66234712, 0.66234712])
448.4733 	EXP 	surround_grating: autoDraw = True
448.4733 	EXP 	center_grating: autoDraw = True
448.5454 	EXP 	surround_grating: autoDraw = False
448.5454 	EXP 	center_grating: autoDraw = False
449.3970 	DATA 	Keypress: left
449.4026 	INFO 	Keyboard events cleared
449.4021 	EXP 	surround_grating: autoDraw = False
449.4021 	EXP 	center_grating: autoDraw = False
449.4021 	EXP 	surround_grating: ori = -30.0
449.4021 	EXP 	surround_grating: phase = array([0.90523982, 0.90523982])
449.4021 	EXP 	center_grating: ori = -4.5
449.4021 	EXP 	center_grating: phase = array([0.43032231, 0.43032231])
449.8899 	EXP 	surround_grating: autoDraw = True
449.8899 	EXP 	center_grating: autoDraw = True
449.9626 	EXP 	surround_grating: autoDraw = False
449.9626 	EXP 	center_grating: autoDraw = False
451.0192 	DATA 	Keypress: left
451.0407 	INFO 	Keyboard events cleared
451.0402 	EXP 	surround_grating: autoDraw = False
451.0402 	EXP 	center_grating: autoDraw = False
451.0402 	EXP 	surround_grating: ori = -30.0
451.0402 	EXP 	surround_grating: phase = array([0.01795999, 0.01795999])
451.0402 	EXP 	center_grating: ori = -4.0
451.0402 	EXP 	center_grating: phase = array([0.59452049, 0.59452049])
451.5153 	EXP 	surround_grating: autoDraw = True
451.5153 	EXP 	center_grating: autoDraw = True
451.5905 	EXP 	surround_grating: autoDraw = False
451.5905 	EXP 	center_grating: autoDraw = False
452.4808 	DATA 	Keypress: left
452.4863 	INFO 	Keyboard events cleared
452.4859 	EXP 	surround_grating: autoDraw = False
452.4859 	EXP 	center_grating: autoDraw = False
452.4859 	EXP 	surround_grating: ori = 69.0
452.4859 	EXP 	surround_grating: phase = array([0.52636655, 0.52636655])
452.4859 	EXP 	center_grating: ori = 0.5
452.4859 	EXP 	center_grating: phase = array([0.66445682, 0.66445682])
452.9734 	EXP 	surround_grating: autoDraw = True
452.9734 	EXP 	center_grating: autoDraw = True
453.0459 	EXP 	surround_grating: autoDraw = False
453.0459 	EXP 	center_grating: autoDraw = False
453.8867 	DATA 	Keypress: right
453.8924 	INFO 	Keyboard events cleared
453.8919 	EXP 	surround_grating: autoDraw = False
453.8919 	EXP 	center_grating: autoDraw = False
453.8919 	EXP 	surround_grating: ori = 30.0
453.8919 	EXP 	surround_grating: phase = array([0.10368383, 0.10368383])
453.8919 	EXP 	center_grating: ori = 2.0
453.8919 	EXP 	center_grating: phase = array([0.29889314, 0.29889314])
454.3830 	EXP 	surround_grating: autoDraw = True
454.3830 	EXP 	center_grating: autoDraw = True
454.4573 	EXP 	surround_grating: autoDraw = False
454.4573 	EXP 	center_grating: autoDraw = False
454.9825 	DATA 	Keypress: right
454.9884 	INFO 	Keyboard events cleared
454.9879 	EXP 	surround_grating: autoDraw = False
454.9879 	EXP 	center_grating: autoDraw = False
454.9879 	EXP 	surround_grating: ori = 30.0
454.9879 	EXP 	surround_grating: phase = array([0.21540413, 0.21540413])
454.9879 	EXP 	center_grating: ori = 2.5
454.9879 	EXP 	center_grating: phase = array([0.72799069, 0.72799069])
455.4735 	EXP 	surround_grating: autoDraw = True
455.4735 	EXP 	center_grating: autoDraw = True
455.5462 	EXP 	surround_grating: autoDraw = False
455.5462 	EXP 	center_grating: autoDraw = False
456.7643 	DATA 	Keypress: left
456.7699 	INFO 	Keyboard events cleared
456.7694 	EXP 	surround_grating: autoDraw = False
456.7694 	EXP 	center_grating: autoDraw = False
456.7694 	EXP 	surround_grating: ori = 69.0
456.7694 	EXP 	surround_grating: phase = array([0.96172357, 0.96172357])
456.7694 	EXP 	center_grating: ori = -0.5
456.7694 	EXP 	center_grating: phase = array([0.61379335, 0.61379335])
457.2569 	EXP 	surround_grating: autoDraw = True
457.2569 	EXP 	center_grating: autoDraw = True
457.3294 	EXP 	surround_grating: autoDraw = False
457.3294 	EXP 	center_grating: autoDraw = False
458.9522 	DATA 	Keypress: right
458.9577 	INFO 	Keyboard events cleared
458.9573 	EXP 	surround_grating: autoDraw = False
458.9573 	EXP 	center_grating: autoDraw = False
458.9573 	EXP 	surround_grating: ori = -30.0
458.9573 	EXP 	surround_grating: phase = array([0.90616043, 0.90616043])
458.9573 	EXP 	center_grating: ori = -3.5
458.9573 	EXP 	center_grating: phase = array([0.72560435, 0.72560435])
459.4497 	EXP 	surround_grating: autoDraw = True
459.4497 	EXP 	center_grating: autoDraw = True
459.5241 	EXP 	surround_grating: autoDraw = False
459.5241 	EXP 	center_grating: autoDraw = False
460.8315 	DATA 	Keypress: left
460.8367 	INFO 	Keyboard events cleared
460.8362 	EXP 	surround_grating: autoDraw = False
460.8362 	EXP 	center_grating: autoDraw = False
460.8362 	EXP 	text_14: autoDraw = True
483.1771 	EXP 	New trial (rep=1, index=0): <Trial 1 (0 in rep 1) data={'thisN': 1, 'thisTrialN': 0, 'thisRepN': 1}>
483.1845 	EXP 	Imported tilt_staircase.csv as conditions, 6 conditions, 10 params
483.1921 	DATA 	Keypress: space
483.1979 	INFO 	Keyboard events cleared
483.1975 	EXP 	text_14: autoDraw = False
483.1975 	EXP 	surround_grating: ori = -30.0
483.1975 	EXP 	surround_grating: phase = array([0.56531975, 0.56531975])
483.1975 	EXP 	center_grating: ori = -15.0
483.1975 	EXP 	center_grating: phase = array([0.26596424, 0.26596424])
483.6744 	EXP 	surround_grating: autoDraw = True
483.6744 	EXP 	center_grating: autoDraw = True
483.7473 	EXP 	surround_grating: autoDraw = False
483.7473 	EXP 	center_grating: autoDraw = False
484.8989 	DATA 	Keypress: left
484.9044 	INFO 	Keyboard events cleared
484.9040 	EXP 	surround_grating: autoDraw = False
484.9040 	EXP 	center_grating: autoDraw = False
484.9040 	EXP 	surround_grating: ori = 30.0
484.9040 	EXP 	surround_grating: phase = array([0.43721945, 0.43721945])
484.9040 	EXP 	center_grating: ori = -15.0
484.9040 	EXP 	center_grating: phase = array([0.77607056, 0.77607056])
485.3914 	EXP 	surround_grating: autoDraw = True
485.3914 	EXP 	center_grating: autoDraw = True
485.4633 	EXP 	surround_grating: autoDraw = False
485.4633 	EXP 	center_grating: autoDraw = False
486.0546 	DATA 	Keypress: left
486.0607 	INFO 	Keyboard events cleared
486.0601 	EXP 	surround_grating: autoDraw = False
486.0601 	EXP 	center_grating: autoDraw = False
486.0601 	EXP 	surround_grating: ori = 30.0
486.0601 	EXP 	surround_grating: phase = array([0.68892588, 0.68892588])
486.0601 	EXP 	center_grating: ori = 15.0
486.0601 	EXP 	center_grating: phase = array([0.67139399, 0.67139399])
486.5502 	EXP 	surround_grating: autoDraw = True
486.5502 	EXP 	center_grating: autoDraw = True
486.6249 	EXP 	surround_grating: autoDraw = False
486.6249 	EXP 	center_grating: autoDraw = False
487.1478 	DATA 	Keypress: right
487.1608 	INFO 	Keyboard events cleared
487.1603 	EXP 	surround_grating: autoDraw = False
487.1603 	EXP 	center_grating: autoDraw = False
487.1603 	EXP 	surround_grating: ori = 69.0
487.1603 	EXP 	surround_grating: phase = array([0.64799353, 0.64799353])
487.1603 	EXP 	center_grating: ori = -15.0
487.1603 	EXP 	center_grating: phase = array([0.36351974, 0.36351974])
487.6503 	EXP 	surround_grating: autoDraw = True
487.6503 	EXP 	center_grating: autoDraw = True
487.7252 	EXP 	surround_grating: autoDraw = False
487.7252 	EXP 	center_grating: autoDraw = False
488.1713 	DATA 	Keypress: left
488.1770 	INFO 	Keyboard events cleared
488.1765 	EXP 	surround_grating: autoDraw = False
488.1765 	EXP 	center_grating: autoDraw = False
488.1765 	EXP 	surround_grating: ori = -30.0
488.1765 	EXP 	surround_grating: phase = array([0.01387114, 0.01387114])
488.1765 	EXP 	center_grating: ori = 15.0
488.1765 	EXP 	center_grating: phase = array([0.36534912, 0.36534912])
488.6669 	EXP 	surround_grating: autoDraw = True
488.6669 	EXP 	center_grating: autoDraw = True
488.7418 	EXP 	surround_grating: autoDraw = False
488.7418 	EXP 	center_grating: autoDraw = False
489.1883 	DATA 	Keypress: right
489.1938 	INFO 	Keyboard events cleared
489.1934 	EXP 	surround_grating: autoDraw = False
489.1934 	EXP 	center_grating: autoDraw = False
489.1934 	EXP 	surround_grating: ori = 69.0
489.1934 	EXP 	surround_grating: phase = array([0.88309834, 0.88309834])
489.1934 	EXP 	center_grating: ori = 15.0
489.1934 	EXP 	center_grating: phase = array([0.77756438, 0.77756438])
489.6846 	EXP 	surround_grating: autoDraw = True
489.6846 	EXP 	center_grating: autoDraw = True
489.7587 	EXP 	surround_grating: autoDraw = False
489.7587 	EXP 	center_grating: autoDraw = False
490.1886 	DATA 	Keypress: right
490.1944 	INFO 	Keyboard events cleared
490.1939 	EXP 	surround_grating: autoDraw = False
490.1939 	EXP 	center_grating: autoDraw = False
490.1939 	EXP 	surround_grating: ori = 69.0
490.1939 	EXP 	surround_grating: phase = array([0.7897486, 0.7897486])
490.1939 	EXP 	center_grating: ori = -10.0
490.1939 	EXP 	center_grating: phase = array([0.29208757, 0.29208757])
490.6835 	EXP 	surround_grating: autoDraw = True
490.6835 	EXP 	center_grating: autoDraw = True
490.7589 	EXP 	surround_grating: autoDraw = False
490.7589 	EXP 	center_grating: autoDraw = False
491.2975 	DATA 	Keypress: left
491.3031 	INFO 	Keyboard events cleared
491.3026 	EXP 	surround_grating: autoDraw = False
491.3026 	EXP 	center_grating: autoDraw = False
491.3026 	EXP 	surround_grating: ori = 69.0
491.3026 	EXP 	surround_grating: phase = array([0.23387246, 0.23387246])
491.3026 	EXP 	center_grating: ori = 10.0
491.3026 	EXP 	center_grating: phase = array([0.79001923, 0.79001923])
491.7914 	EXP 	surround_grating: autoDraw = True
491.7914 	EXP 	center_grating: autoDraw = True
491.8649 	EXP 	surround_grating: autoDraw = False
491.8649 	EXP 	center_grating: autoDraw = False
492.2993 	DATA 	Keypress: right
492.3049 	INFO 	Keyboard events cleared
492.3044 	EXP 	surround_grating: autoDraw = False
492.3044 	EXP 	center_grating: autoDraw = False
492.3044 	EXP 	surround_grating: ori = -30.0
492.3044 	EXP 	surround_grating: phase = array([0.29938135, 0.29938135])
492.3044 	EXP 	center_grating: ori = 10.0
492.3044 	EXP 	center_grating: phase = array([0.63818283, 0.63818283])
492.7916 	EXP 	surround_grating: autoDraw = True
492.7916 	EXP 	center_grating: autoDraw = True
492.8639 	EXP 	surround_grating: autoDraw = False
492.8639 	EXP 	center_grating: autoDraw = False
493.2665 	DATA 	Keypress: right
493.2722 	INFO 	Keyboard events cleared
493.2716 	EXP 	surround_grating: autoDraw = False
493.2716 	EXP 	center_grating: autoDraw = False
493.2716 	EXP 	surround_grating: ori = 30.0
493.2716 	EXP 	surround_grating: phase = array([0.63862285, 0.63862285])
493.2716 	EXP 	center_grating: ori = 10.0
493.2716 	EXP 	center_grating: phase = array([0.9142759, 0.9142759])
493.7581 	EXP 	surround_grating: autoDraw = True
493.7581 	EXP 	center_grating: autoDraw = True
493.8305 	EXP 	surround_grating: autoDraw = False
493.8305 	EXP 	center_grating: autoDraw = False
494.3989 	DATA 	Keypress: right
494.4044 	INFO 	Keyboard events cleared
494.4040 	EXP 	surround_grating: autoDraw = False
494.4040 	EXP 	center_grating: autoDraw = False
494.4040 	EXP 	surround_grating: ori = -30.0
494.4040 	EXP 	surround_grating: phase = array([0.78172079, 0.78172079])
494.4040 	EXP 	center_grating: ori = -10.0
494.4040 	EXP 	center_grating: phase = array([0.73089425, 0.73089425])
494.8915 	EXP 	surround_grating: autoDraw = True
494.8915 	EXP 	center_grating: autoDraw = True
494.9636 	EXP 	surround_grating: autoDraw = False
494.9636 	EXP 	center_grating: autoDraw = False
495.5054 	DATA 	Keypress: left
495.5114 	INFO 	Keyboard events cleared
495.5108 	EXP 	surround_grating: autoDraw = False
495.5108 	EXP 	center_grating: autoDraw = False
495.5108 	EXP 	surround_grating: ori = 30.0
495.5108 	EXP 	surround_grating: phase = array([0.52161765, 0.52161765])
495.5108 	EXP 	center_grating: ori = -10.0
495.5108 	EXP 	center_grating: phase = array([0.67561131, 0.67561131])
496.0008 	EXP 	surround_grating: autoDraw = True
496.0008 	EXP 	center_grating: autoDraw = True
496.0755 	EXP 	surround_grating: autoDraw = False
496.0755 	EXP 	center_grating: autoDraw = False
496.5651 	DATA 	Keypress: left
496.5706 	INFO 	Keyboard events cleared
496.5702 	EXP 	surround_grating: autoDraw = False
496.5702 	EXP 	center_grating: autoDraw = False
496.5702 	EXP 	surround_grating: ori = -30.0
496.5702 	EXP 	surround_grating: phase = array([0.91802374, 0.91802374])
496.5702 	EXP 	center_grating: ori = 5.0
496.5702 	EXP 	center_grating: phase = array([0.7899046, 0.7899046])
497.0584 	EXP 	surround_grating: autoDraw = True
497.0584 	EXP 	center_grating: autoDraw = True
497.1313 	EXP 	surround_grating: autoDraw = False
497.1313 	EXP 	center_grating: autoDraw = False
497.5303 	DATA 	Keypress: right
497.5353 	INFO 	Keyboard events cleared
497.5350 	EXP 	surround_grating: autoDraw = False
497.5350 	EXP 	center_grating: autoDraw = False
497.5350 	EXP 	surround_grating: ori = -30.0
497.5350 	EXP 	surround_grating: phase = array([0.29053814, 0.29053814])
497.5350 	EXP 	center_grating: ori = -5.0
497.5350 	EXP 	center_grating: phase = array([0.05009367, 0.05009367])
498.0242 	EXP 	surround_grating: autoDraw = True
498.0242 	EXP 	center_grating: autoDraw = True
498.0977 	EXP 	surround_grating: autoDraw = False
498.0977 	EXP 	center_grating: autoDraw = False
498.9317 	DATA 	Keypress: right
498.9443 	INFO 	Keyboard events cleared
498.9440 	EXP 	surround_grating: autoDraw = False
498.9440 	EXP 	center_grating: autoDraw = False
498.9440 	EXP 	surround_grating: ori = 30.0
498.9440 	EXP 	surround_grating: phase = array([0.88987798, 0.88987798])
498.9440 	EXP 	center_grating: ori = 5.0
498.9440 	EXP 	center_grating: phase = array([0.52804864, 0.52804864])
499.4339 	EXP 	surround_grating: autoDraw = True
499.4339 	EXP 	center_grating: autoDraw = True
499.5089 	EXP 	surround_grating: autoDraw = False
499.5089 	EXP 	center_grating: autoDraw = False
500.1663 	DATA 	Keypress: right
500.1721 	INFO 	Keyboard events cleared
500.1716 	EXP 	surround_grating: autoDraw = False
500.1716 	EXP 	center_grating: autoDraw = False
500.1716 	EXP 	surround_grating: ori = 69.0
500.1716 	EXP 	surround_grating: phase = array([0.68670855, 0.68670855])
500.1716 	EXP 	center_grating: ori = -5.0
500.1716 	EXP 	center_grating: phase = array([0.25005225, 0.25005225])
500.6575 	EXP 	surround_grating: autoDraw = True
500.6575 	EXP 	center_grating: autoDraw = True
500.7306 	EXP 	surround_grating: autoDraw = False
500.7306 	EXP 	center_grating: autoDraw = False
501.2651 	DATA 	Keypress: left
501.2708 	INFO 	Keyboard events cleared
501.2704 	EXP 	surround_grating: autoDraw = False
501.2704 	EXP 	center_grating: autoDraw = False
501.2704 	EXP 	surround_grating: ori = 30.0
501.2704 	EXP 	surround_grating: phase = array([0.97788223, 0.97788223])
501.2704 	EXP 	center_grating: ori = -5.0
501.2704 	EXP 	center_grating: phase = array([0.53205375, 0.53205375])
501.7586 	EXP 	surround_grating: autoDraw = True
501.7586 	EXP 	center_grating: autoDraw = True
501.8306 	EXP 	surround_grating: autoDraw = False
501.8306 	EXP 	center_grating: autoDraw = False
502.2837 	DATA 	Keypress: left
502.2895 	INFO 	Keyboard events cleared
502.2890 	EXP 	surround_grating: autoDraw = False
502.2890 	EXP 	center_grating: autoDraw = False
502.2890 	EXP 	surround_grating: ori = 69.0
502.2890 	EXP 	surround_grating: phase = array([0.91561258, 0.91561258])
502.2890 	EXP 	center_grating: ori = 5.0
502.2890 	EXP 	center_grating: phase = array([0.24305978, 0.24305978])
502.7742 	EXP 	surround_grating: autoDraw = True
502.7742 	EXP 	center_grating: autoDraw = True
502.8475 	EXP 	surround_grating: autoDraw = False
502.8475 	EXP 	center_grating: autoDraw = False
503.6651 	DATA 	Keypress: right
503.6709 	INFO 	Keyboard events cleared
503.6704 	EXP 	surround_grating: autoDraw = False
503.6704 	EXP 	center_grating: autoDraw = False
503.6704 	EXP 	surround_grating: ori = 69.0
503.6704 	EXP 	surround_grating: phase = array([0.85486828, 0.85486828])
503.6704 	EXP 	center_grating: ori = 0.0
503.6704 	EXP 	center_grating: phase = array([0.78173651, 0.78173651])
504.1586 	EXP 	surround_grating: autoDraw = True
504.1586 	EXP 	center_grating: autoDraw = True
504.2316 	EXP 	surround_grating: autoDraw = False
504.2316 	EXP 	center_grating: autoDraw = False
504.6839 	DATA 	Keypress: left
504.6896 	INFO 	Keyboard events cleared
504.6890 	EXP 	surround_grating: autoDraw = False
504.6890 	EXP 	center_grating: autoDraw = False
504.6890 	EXP 	surround_grating: ori = 30.0
504.6890 	EXP 	surround_grating: phase = array([0.33782539, 0.33782539])
504.6890 	EXP 	center_grating: ori = 0.0
504.6890 	EXP 	center_grating: phase = array([0.35454007, 0.35454007])
505.1752 	EXP 	surround_grating: autoDraw = True
505.1752 	EXP 	center_grating: autoDraw = True
505.2468 	EXP 	surround_grating: autoDraw = False
505.2468 	EXP 	center_grating: autoDraw = False
505.7706 	DATA 	Keypress: left
505.7827 	INFO 	Keyboard events cleared
505.7824 	EXP 	surround_grating: autoDraw = False
505.7824 	EXP 	center_grating: autoDraw = False
505.7824 	EXP 	surround_grating: ori = 69.0
505.7824 	EXP 	surround_grating: phase = array([0.29030134, 0.29030134])
505.7824 	EXP 	center_grating: ori = 0.0
505.7824 	EXP 	center_grating: phase = array([0.3963445, 0.3963445])
506.2753 	EXP 	surround_grating: autoDraw = True
506.2753 	EXP 	center_grating: autoDraw = True
506.3474 	EXP 	surround_grating: autoDraw = False
506.3474 	EXP 	center_grating: autoDraw = False
507.4162 	DATA 	Keypress: left
507.4219 	INFO 	Keyboard events cleared
507.4215 	EXP 	surround_grating: autoDraw = False
507.4215 	EXP 	center_grating: autoDraw = False
507.4215 	EXP 	surround_grating: ori = -30.0
507.4215 	EXP 	surround_grating: phase = array([0.98189084, 0.98189084])
507.4215 	EXP 	center_grating: ori = 0.0
507.4215 	EXP 	center_grating: phase = array([0.80282113, 0.80282113])
507.9088 	EXP 	surround_grating: autoDraw = True
507.9088 	EXP 	center_grating: autoDraw = True
507.9809 	EXP 	surround_grating: autoDraw = False
507.9809 	EXP 	center_grating: autoDraw = False
508.5827 	DATA 	Keypress: right
508.5883 	INFO 	Keyboard events cleared
508.5878 	EXP 	surround_grating: autoDraw = False
508.5878 	EXP 	center_grating: autoDraw = False
508.5878 	EXP 	surround_grating: ori = 30.0
508.5878 	EXP 	surround_grating: phase = array([0.57139765, 0.57139765])
508.5878 	EXP 	center_grating: ori = 0.0
508.5878 	EXP 	center_grating: phase = array([0.72794542, 0.72794542])
509.0754 	EXP 	surround_grating: autoDraw = True
509.0754 	EXP 	center_grating: autoDraw = True
509.1475 	EXP 	surround_grating: autoDraw = False
509.1475 	EXP 	center_grating: autoDraw = False
509.6042 	DATA 	Keypress: left
509.6100 	INFO 	Keyboard events cleared
509.6096 	EXP 	surround_grating: autoDraw = False
509.6096 	EXP 	center_grating: autoDraw = False
509.6096 	EXP 	surround_grating: ori = -30.0
509.6096 	EXP 	surround_grating: phase = array([0.65029735, 0.65029735])
509.6096 	EXP 	center_grating: ori = -7.0
509.6096 	EXP 	center_grating: phase = array([0.87929459, 0.87929459])
510.1011 	EXP 	surround_grating: autoDraw = True
510.1011 	EXP 	center_grating: autoDraw = True
510.1760 	EXP 	surround_grating: autoDraw = False
510.1760 	EXP 	center_grating: autoDraw = False
511.1648 	DATA 	Keypress: left
511.1784 	INFO 	Keyboard events cleared
511.1779 	EXP 	surround_grating: autoDraw = False
511.1779 	EXP 	center_grating: autoDraw = False
511.1779 	EXP 	surround_grating: ori = -30.0
511.1779 	EXP 	surround_grating: phase = array([0.72111222, 0.72111222])
511.1779 	EXP 	center_grating: ori = -5.0
511.1779 	EXP 	center_grating: phase = array([0.67646933, 0.67646933])
511.6677 	EXP 	surround_grating: autoDraw = True
511.6677 	EXP 	center_grating: autoDraw = True
511.7428 	EXP 	surround_grating: autoDraw = False
511.7428 	EXP 	center_grating: autoDraw = False
512.2539 	DATA 	Keypress: left
512.2594 	INFO 	Keyboard events cleared
512.2589 	EXP 	surround_grating: autoDraw = False
512.2589 	EXP 	center_grating: autoDraw = False
512.2589 	EXP 	surround_grating: ori = 30.0
512.2589 	EXP 	surround_grating: phase = array([0.62915416, 0.62915416])
512.2589 	EXP 	center_grating: ori = 5.0
512.2589 	EXP 	center_grating: phase = array([0.50316432, 0.50316432])
512.7511 	EXP 	surround_grating: autoDraw = True
512.7511 	EXP 	center_grating: autoDraw = True
512.8262 	EXP 	surround_grating: autoDraw = False
512.8262 	EXP 	center_grating: autoDraw = False
514.3164 	DATA 	Keypress: right
514.3222 	INFO 	Keyboard events cleared
514.3217 	EXP 	surround_grating: autoDraw = False
514.3217 	EXP 	center_grating: autoDraw = False
514.3217 	EXP 	surround_grating: ori = -30.0
514.3217 	EXP 	surround_grating: phase = array([0.54738604, 0.54738604])
514.3217 	EXP 	center_grating: ori = -6.0
514.3217 	EXP 	center_grating: phase = array([0.77535211, 0.77535211])
514.8090 	EXP 	surround_grating: autoDraw = True
514.8090 	EXP 	center_grating: autoDraw = True
514.8818 	EXP 	surround_grating: autoDraw = False
514.8818 	EXP 	center_grating: autoDraw = False
515.5503 	DATA 	Keypress: left
515.5559 	INFO 	Keyboard events cleared
515.5554 	EXP 	surround_grating: autoDraw = False
515.5554 	EXP 	center_grating: autoDraw = False
515.5554 	EXP 	surround_grating: ori = 30.0
515.5554 	EXP 	surround_grating: phase = array([0.39492328, 0.39492328])
515.5554 	EXP 	center_grating: ori = 2.0
515.5554 	EXP 	center_grating: phase = array([0.71988842, 0.71988842])
516.0425 	EXP 	surround_grating: autoDraw = True
516.0425 	EXP 	center_grating: autoDraw = True
516.1145 	EXP 	surround_grating: autoDraw = False
516.1145 	EXP 	center_grating: autoDraw = False
516.6496 	DATA 	Keypress: left
516.6553 	INFO 	Keyboard events cleared
516.6549 	EXP 	surround_grating: autoDraw = False
516.6549 	EXP 	center_grating: autoDraw = False
516.6549 	EXP 	surround_grating: ori = 69.0
516.6549 	EXP 	surround_grating: phase = array([0.68989213, 0.68989213])
516.6549 	EXP 	center_grating: ori = 5.0
516.6549 	EXP 	center_grating: phase = array([0.78377682, 0.78377682])
517.1423 	EXP 	surround_grating: autoDraw = True
517.1423 	EXP 	center_grating: autoDraw = True
517.2145 	EXP 	surround_grating: autoDraw = False
517.2145 	EXP 	center_grating: autoDraw = False
517.6890 	DATA 	Keypress: right
517.6947 	INFO 	Keyboard events cleared
517.6942 	EXP 	surround_grating: autoDraw = False
517.6942 	EXP 	center_grating: autoDraw = False
517.6942 	EXP 	surround_grating: ori = 69.0
517.6942 	EXP 	surround_grating: phase = array([0.21732782, 0.21732782])
517.6942 	EXP 	center_grating: ori = 2.0
517.6942 	EXP 	center_grating: phase = array([0.55789465, 0.55789465])
518.1853 	EXP 	surround_grating: autoDraw = True
518.1853 	EXP 	center_grating: autoDraw = True
518.2597 	EXP 	surround_grating: autoDraw = False
518.2597 	EXP 	center_grating: autoDraw = False
518.9548 	DATA 	Keypress: right
518.9605 	INFO 	Keyboard events cleared
518.9600 	EXP 	surround_grating: autoDraw = False
518.9600 	EXP 	center_grating: autoDraw = False
518.9600 	EXP 	surround_grating: ori = 30.0
518.9600 	EXP 	surround_grating: phase = array([0.94301438, 0.94301438])
518.9600 	EXP 	center_grating: ori = 4.0
518.9600 	EXP 	center_grating: phase = array([0.50061904, 0.50061904])
519.4520 	EXP 	surround_grating: autoDraw = True
519.4520 	EXP 	center_grating: autoDraw = True
519.5263 	EXP 	surround_grating: autoDraw = False
519.5263 	EXP 	center_grating: autoDraw = False
520.1336 	DATA 	Keypress: right
520.1392 	INFO 	Keyboard events cleared
520.1388 	EXP 	surround_grating: autoDraw = False
520.1388 	EXP 	center_grating: autoDraw = False
520.1388 	EXP 	surround_grating: ori = 69.0
520.1388 	EXP 	surround_grating: phase = array([0.19152199, 0.19152199])
520.1388 	EXP 	center_grating: ori = 3.0
520.1388 	EXP 	center_grating: phase = array([0.85723214, 0.85723214])
520.6257 	EXP 	surround_grating: autoDraw = True
520.6257 	EXP 	center_grating: autoDraw = True
520.6981 	EXP 	surround_grating: autoDraw = False
520.6981 	EXP 	center_grating: autoDraw = False
521.1172 	DATA 	Keypress: right
521.1229 	INFO 	Keyboard events cleared
521.1223 	EXP 	surround_grating: autoDraw = False
521.1223 	EXP 	center_grating: autoDraw = False
521.1223 	EXP 	surround_grating: ori = -30.0
521.1223 	EXP 	surround_grating: phase = array([0.01890175, 0.01890175])
521.1223 	EXP 	center_grating: ori = -3.0
521.1223 	EXP 	center_grating: phase = array([0.32251819, 0.32251819])
521.6093 	EXP 	surround_grating: autoDraw = True
521.6093 	EXP 	center_grating: autoDraw = True
521.6814 	EXP 	surround_grating: autoDraw = False
521.6814 	EXP 	center_grating: autoDraw = False
522.1212 	DATA 	Keypress: right
522.1266 	INFO 	Keyboard events cleared
522.1261 	EXP 	surround_grating: autoDraw = False
522.1261 	EXP 	center_grating: autoDraw = False
522.1261 	EXP 	surround_grating: ori = 69.0
522.1261 	EXP 	surround_grating: phase = array([0.22925201, 0.22925201])
522.1261 	EXP 	center_grating: ori = 1.0
522.1261 	EXP 	center_grating: phase = array([0.2060697, 0.2060697])
522.6084 	EXP 	surround_grating: autoDraw = True
522.6084 	EXP 	center_grating: autoDraw = True
522.6814 	EXP 	surround_grating: autoDraw = False
522.6814 	EXP 	center_grating: autoDraw = False
523.5224 	DATA 	Keypress: right
523.5282 	INFO 	Keyboard events cleared
523.5278 	EXP 	surround_grating: autoDraw = False
523.5278 	EXP 	center_grating: autoDraw = False
523.5278 	EXP 	surround_grating: ori = -30.0
523.5278 	EXP 	surround_grating: phase = array([0.19314785, 0.19314785])
523.5278 	EXP 	center_grating: ori = -5.0
523.5278 	EXP 	center_grating: phase = array([0.84396282, 0.84396282])
524.0179 	EXP 	surround_grating: autoDraw = True
524.0179 	EXP 	center_grating: autoDraw = True
524.0932 	EXP 	surround_grating: autoDraw = False
524.0932 	EXP 	center_grating: autoDraw = False
524.6873 	DATA 	Keypress: left
524.7000 	INFO 	Keyboard events cleared
524.6996 	EXP 	surround_grating: autoDraw = False
524.6996 	EXP 	center_grating: autoDraw = False
524.6996 	EXP 	surround_grating: ori = 30.0
524.6996 	EXP 	surround_grating: phase = array([0.55718354, 0.55718354])
524.6996 	EXP 	center_grating: ori = 3.0
524.6996 	EXP 	center_grating: phase = array([0.57591345, 0.57591345])
525.1846 	EXP 	surround_grating: autoDraw = True
525.1846 	EXP 	center_grating: autoDraw = True
525.2599 	EXP 	surround_grating: autoDraw = False
525.2599 	EXP 	center_grating: autoDraw = False
525.7388 	DATA 	Keypress: left
525.7600 	INFO 	Keyboard events cleared
525.7595 	EXP 	surround_grating: autoDraw = False
525.7595 	EXP 	center_grating: autoDraw = False
525.7595 	EXP 	surround_grating: ori = 30.0
525.7595 	EXP 	surround_grating: phase = array([0.8628418, 0.8628418])
525.7595 	EXP 	center_grating: ori = 4.0
525.7595 	EXP 	center_grating: phase = array([0.38321311, 0.38321311])
526.2356 	EXP 	surround_grating: autoDraw = True
526.2356 	EXP 	center_grating: autoDraw = True
526.3098 	EXP 	surround_grating: autoDraw = False
526.3098 	EXP 	center_grating: autoDraw = False
527.1710 	DATA 	Keypress: left
527.1767 	INFO 	Keyboard events cleared
527.1762 	EXP 	surround_grating: autoDraw = False
527.1762 	EXP 	center_grating: autoDraw = False
527.1762 	EXP 	surround_grating: ori = 69.0
527.1762 	EXP 	surround_grating: phase = array([0.04594178, 0.04594178])
527.1762 	EXP 	center_grating: ori = 0.0
527.1762 	EXP 	center_grating: phase = array([0.59787278, 0.59787278])
527.6683 	EXP 	surround_grating: autoDraw = True
527.6683 	EXP 	center_grating: autoDraw = True
527.7430 	EXP 	surround_grating: autoDraw = False
527.7430 	EXP 	center_grating: autoDraw = False
528.2335 	DATA 	Keypress: right
528.2391 	INFO 	Keyboard events cleared
528.2386 	EXP 	surround_grating: autoDraw = False
528.2386 	EXP 	center_grating: autoDraw = False
528.2386 	EXP 	surround_grating: ori = 69.0
528.2386 	EXP 	surround_grating: phase = array([0.39032145, 0.39032145])
528.2386 	EXP 	center_grating: ori = 1.0
528.2386 	EXP 	center_grating: phase = array([0.17531495, 0.17531495])
528.7261 	EXP 	surround_grating: autoDraw = True
528.7261 	EXP 	center_grating: autoDraw = True
528.7990 	EXP 	surround_grating: autoDraw = False
528.7990 	EXP 	center_grating: autoDraw = False
529.2551 	DATA 	Keypress: right
529.2605 	INFO 	Keyboard events cleared
529.2600 	EXP 	surround_grating: autoDraw = False
529.2600 	EXP 	center_grating: autoDraw = False
529.2600 	EXP 	surround_grating: ori = -30.0
529.2600 	EXP 	surround_grating: phase = array([0.5080325, 0.5080325])
529.2600 	EXP 	center_grating: ori = -4.0
529.2600 	EXP 	center_grating: phase = array([0.2247762, 0.2247762])
529.7514 	EXP 	surround_grating: autoDraw = True
529.7514 	EXP 	center_grating: autoDraw = True
529.8267 	EXP 	surround_grating: autoDraw = False
529.8267 	EXP 	center_grating: autoDraw = False
530.7175 	DATA 	Keypress: right
530.7230 	INFO 	Keyboard events cleared
530.7226 	EXP 	surround_grating: autoDraw = False
530.7226 	EXP 	center_grating: autoDraw = False
530.7226 	EXP 	surround_grating: ori = -30.0
530.7226 	EXP 	surround_grating: phase = array([0.49658326, 0.49658326])
530.7226 	EXP 	center_grating: ori = -4.0
530.7226 	EXP 	center_grating: phase = array([0.94832868, 0.94832868])
531.2096 	EXP 	surround_grating: autoDraw = True
531.2096 	EXP 	center_grating: autoDraw = True
531.2813 	EXP 	surround_grating: autoDraw = False
531.2813 	EXP 	center_grating: autoDraw = False
532.1675 	DATA 	Keypress: right
532.1730 	INFO 	Keyboard events cleared
532.1726 	EXP 	surround_grating: autoDraw = False
532.1726 	EXP 	center_grating: autoDraw = False
532.1726 	EXP 	surround_grating: ori = 30.0
532.1726 	EXP 	surround_grating: phase = array([0.77149158, 0.77149158])
532.1726 	EXP 	center_grating: ori = 3.0
532.1726 	EXP 	center_grating: phase = array([0.70265299, 0.70265299])
532.6596 	EXP 	surround_grating: autoDraw = True
532.6596 	EXP 	center_grating: autoDraw = True
532.7332 	EXP 	surround_grating: autoDraw = False
532.7332 	EXP 	center_grating: autoDraw = False
533.3664 	DATA 	Keypress: right
533.3720 	INFO 	Keyboard events cleared
533.3715 	EXP 	surround_grating: autoDraw = False
533.3715 	EXP 	center_grating: autoDraw = False
533.3715 	EXP 	surround_grating: ori = -30.0
533.3715 	EXP 	surround_grating: phase = array([0.65792741, 0.65792741])
533.3715 	EXP 	center_grating: ori = -4.5
533.3715 	EXP 	center_grating: phase = array([0.294623, 0.294623])
533.8597 	EXP 	surround_grating: autoDraw = True
533.8597 	EXP 	center_grating: autoDraw = True
533.9330 	EXP 	surround_grating: autoDraw = False
533.9330 	EXP 	center_grating: autoDraw = False
534.5671 	DATA 	Keypress: right
534.5728 	INFO 	Keyboard events cleared
534.5723 	EXP 	surround_grating: autoDraw = False
534.5723 	EXP 	center_grating: autoDraw = False
534.5723 	EXP 	surround_grating: ori = -30.0
534.5723 	EXP 	surround_grating: phase = array([0.53972307, 0.53972307])
534.5723 	EXP 	center_grating: ori = -5.0
534.5723 	EXP 	center_grating: phase = array([0.86545897, 0.86545897])
535.0597 	EXP 	surround_grating: autoDraw = True
535.0597 	EXP 	center_grating: autoDraw = True
535.1331 	EXP 	surround_grating: autoDraw = False
535.1331 	EXP 	center_grating: autoDraw = False
536.0664 	DATA 	Keypress: right
536.0718 	INFO 	Keyboard events cleared
536.0714 	EXP 	surround_grating: autoDraw = False
536.0714 	EXP 	center_grating: autoDraw = False
536.0714 	EXP 	surround_grating: ori = 69.0
536.0714 	EXP 	surround_grating: phase = array([0.65583807, 0.65583807])
536.0714 	EXP 	center_grating: ori = -1.0
536.0714 	EXP 	center_grating: phase = array([0.75679944, 0.75679944])
536.5597 	EXP 	surround_grating: autoDraw = True
536.5597 	EXP 	center_grating: autoDraw = True
536.6320 	EXP 	surround_grating: autoDraw = False
536.6320 	EXP 	center_grating: autoDraw = False
537.5681 	DATA 	Keypress: right
537.5736 	INFO 	Keyboard events cleared
537.5731 	EXP 	surround_grating: autoDraw = False
537.5731 	EXP 	center_grating: autoDraw = False
537.5731 	EXP 	surround_grating: ori = 30.0
537.5731 	EXP 	surround_grating: phase = array([0.33209622, 0.33209622])
537.5731 	EXP 	center_grating: ori = 5.0
537.5731 	EXP 	center_grating: phase = array([0.38352034, 0.38352034])
538.0588 	EXP 	surround_grating: autoDraw = True
538.0588 	EXP 	center_grating: autoDraw = True
538.1328 	EXP 	surround_grating: autoDraw = False
538.1328 	EXP 	center_grating: autoDraw = False
538.8834 	DATA 	Keypress: right
538.8891 	INFO 	Keyboard events cleared
538.8887 	EXP 	surround_grating: autoDraw = False
538.8887 	EXP 	center_grating: autoDraw = False
538.8887 	EXP 	surround_grating: ori = 30.0
538.8887 	EXP 	surround_grating: phase = array([0.99163702, 0.99163702])
538.8887 	EXP 	center_grating: ori = 2.0
538.8887 	EXP 	center_grating: phase = array([0.67612097, 0.67612097])
539.3766 	EXP 	surround_grating: autoDraw = True
539.3766 	EXP 	center_grating: autoDraw = True
539.4486 	EXP 	surround_grating: autoDraw = False
539.4486 	EXP 	center_grating: autoDraw = False
540.2673 	DATA 	Keypress: right
540.2729 	INFO 	Keyboard events cleared
540.2724 	EXP 	surround_grating: autoDraw = False
540.2724 	EXP 	center_grating: autoDraw = False
540.2724 	EXP 	surround_grating: ori = 69.0
540.2724 	EXP 	surround_grating: phase = array([0.76300202, 0.76300202])
540.2724 	EXP 	center_grating: ori = -1.0
540.2724 	EXP 	center_grating: phase = array([0.30335073, 0.30335073])
540.7600 	EXP 	surround_grating: autoDraw = True
540.7600 	EXP 	center_grating: autoDraw = True
540.8323 	EXP 	surround_grating: autoDraw = False
540.8323 	EXP 	center_grating: autoDraw = False
541.7348 	DATA 	Keypress: right
541.7402 	INFO 	Keyboard events cleared
541.7398 	EXP 	surround_grating: autoDraw = False
541.7398 	EXP 	center_grating: autoDraw = False
541.7398 	EXP 	surround_grating: ori = 30.0
541.7398 	EXP 	surround_grating: phase = array([0.83373995, 0.83373995])
541.7398 	EXP 	center_grating: ori = 1.0
541.7398 	EXP 	center_grating: phase = array([0.29042754, 0.29042754])
542.2265 	EXP 	surround_grating: autoDraw = True
542.2265 	EXP 	center_grating: autoDraw = True
542.3001 	EXP 	surround_grating: autoDraw = False
542.3001 	EXP 	center_grating: autoDraw = False
543.4499 	DATA 	Keypress: left
543.4628 	INFO 	Keyboard events cleared
543.4624 	EXP 	surround_grating: autoDraw = False
543.4624 	EXP 	center_grating: autoDraw = False
543.4624 	EXP 	surround_grating: ori = 69.0
543.4624 	EXP 	surround_grating: phase = array([0.13840865, 0.13840865])
543.4624 	EXP 	center_grating: ori = -3.0
543.4624 	EXP 	center_grating: phase = array([0.37977981, 0.37977981])
543.9527 	EXP 	surround_grating: autoDraw = True
543.9527 	EXP 	center_grating: autoDraw = True
544.0272 	EXP 	surround_grating: autoDraw = False
544.0272 	EXP 	center_grating: autoDraw = False
544.4215 	DATA 	Keypress: left
544.4272 	INFO 	Keyboard events cleared
544.4266 	EXP 	surround_grating: autoDraw = False
544.4266 	EXP 	center_grating: autoDraw = False
544.4266 	EXP 	surround_grating: ori = -30.0
544.4266 	EXP 	surround_grating: phase = array([0.64018385, 0.64018385])
544.4266 	EXP 	center_grating: ori = -5.0
544.4266 	EXP 	center_grating: phase = array([0.1384402, 0.1384402])
544.9101 	EXP 	surround_grating: autoDraw = True
544.9101 	EXP 	center_grating: autoDraw = True
544.9834 	EXP 	surround_grating: autoDraw = False
544.9834 	EXP 	center_grating: autoDraw = False
545.6721 	DATA 	Keypress: left
545.6774 	INFO 	Keyboard events cleared
545.6769 	EXP 	surround_grating: autoDraw = False
545.6769 	EXP 	center_grating: autoDraw = False
545.6769 	EXP 	surround_grating: ori = 30.0
545.6769 	EXP 	surround_grating: phase = array([0.93221775, 0.93221775])
545.6769 	EXP 	center_grating: ori = 4.5
545.6769 	EXP 	center_grating: phase = array([0.36045819, 0.36045819])
546.1694 	EXP 	surround_grating: autoDraw = True
546.1694 	EXP 	center_grating: autoDraw = True
546.2440 	EXP 	surround_grating: autoDraw = False
546.2440 	EXP 	center_grating: autoDraw = False
546.9162 	DATA 	Keypress: right
546.9219 	INFO 	Keyboard events cleared
546.9214 	EXP 	surround_grating: autoDraw = False
546.9214 	EXP 	center_grating: autoDraw = False
546.9214 	EXP 	surround_grating: ori = -30.0
546.9214 	EXP 	surround_grating: phase = array([0.73195672, 0.73195672])
546.9214 	EXP 	center_grating: ori = -6.0
546.9214 	EXP 	center_grating: phase = array([0.85369245, 0.85369245])
547.4102 	EXP 	surround_grating: autoDraw = True
547.4102 	EXP 	center_grating: autoDraw = True
547.4820 	EXP 	surround_grating: autoDraw = False
547.4820 	EXP 	center_grating: autoDraw = False
548.4055 	DATA 	Keypress: left
548.4113 	INFO 	Keyboard events cleared
548.4109 	EXP 	surround_grating: autoDraw = False
548.4109 	EXP 	center_grating: autoDraw = False
548.4109 	EXP 	surround_grating: ori = 69.0
548.4109 	EXP 	surround_grating: phase = array([0.58750212, 0.58750212])
548.4109 	EXP 	center_grating: ori = -2.0
548.4109 	EXP 	center_grating: phase = array([0.04967846, 0.04967846])
548.9026 	EXP 	surround_grating: autoDraw = True
548.9026 	EXP 	center_grating: autoDraw = True
548.9773 	EXP 	surround_grating: autoDraw = False
548.9773 	EXP 	center_grating: autoDraw = False
549.7669 	DATA 	Keypress: left
549.7726 	INFO 	Keyboard events cleared
549.7720 	EXP 	surround_grating: autoDraw = False
549.7720 	EXP 	center_grating: autoDraw = False
549.7720 	EXP 	surround_grating: ori = 69.0
549.7720 	EXP 	surround_grating: phase = array([0.35508147, 0.35508147])
549.7720 	EXP 	center_grating: ori = -2.0
549.7720 	EXP 	center_grating: phase = array([0.18103665, 0.18103665])
550.2602 	EXP 	surround_grating: autoDraw = True
550.2602 	EXP 	center_grating: autoDraw = True
550.3325 	EXP 	surround_grating: autoDraw = False
550.3325 	EXP 	center_grating: autoDraw = False
550.8835 	DATA 	Keypress: right
550.8892 	INFO 	Keyboard events cleared
550.8888 	EXP 	surround_grating: autoDraw = False
550.8888 	EXP 	center_grating: autoDraw = False
550.8888 	EXP 	surround_grating: ori = -30.0
550.8888 	EXP 	surround_grating: phase = array([0.5210033, 0.5210033])
550.8888 	EXP 	center_grating: ori = -4.5
550.8888 	EXP 	center_grating: phase = array([0.93707347, 0.93707347])
551.3770 	EXP 	surround_grating: autoDraw = True
551.3770 	EXP 	center_grating: autoDraw = True
551.4499 	EXP 	surround_grating: autoDraw = False
551.4499 	EXP 	center_grating: autoDraw = False
552.6351 	DATA 	Keypress: left
552.6407 	INFO 	Keyboard events cleared
552.6401 	EXP 	surround_grating: autoDraw = False
552.6401 	EXP 	center_grating: autoDraw = False
552.6401 	EXP 	surround_grating: ori = 30.0
552.6401 	EXP 	surround_grating: phase = array([0.55169136, 0.55169136])
552.6401 	EXP 	center_grating: ori = 1.5
552.6401 	EXP 	center_grating: phase = array([0.42394789, 0.42394789])
553.1270 	EXP 	surround_grating: autoDraw = True
553.1270 	EXP 	center_grating: autoDraw = True
553.2004 	EXP 	surround_grating: autoDraw = False
553.2004 	EXP 	center_grating: autoDraw = False
554.4346 	DATA 	Keypress: right
554.4403 	INFO 	Keyboard events cleared
554.4398 	EXP 	surround_grating: autoDraw = False
554.4398 	EXP 	center_grating: autoDraw = False
554.4398 	EXP 	surround_grating: ori = 30.0
554.4398 	EXP 	surround_grating: phase = array([0.57024257, 0.57024257])
554.4398 	EXP 	center_grating: ori = 4.0
554.4398 	EXP 	center_grating: phase = array([0.00439724, 0.00439724])
554.9270 	EXP 	surround_grating: autoDraw = True
554.9270 	EXP 	center_grating: autoDraw = True
554.9994 	EXP 	surround_grating: autoDraw = False
554.9994 	EXP 	center_grating: autoDraw = False
555.6057 	DATA 	Keypress: right
555.6113 	INFO 	Keyboard events cleared
555.6108 	EXP 	surround_grating: autoDraw = False
555.6108 	EXP 	center_grating: autoDraw = False
555.6108 	EXP 	surround_grating: ori = 69.0
555.6108 	EXP 	surround_grating: phase = array([0.36462377, 0.36462377])
555.6108 	EXP 	center_grating: ori = -1.5
555.6108 	EXP 	center_grating: phase = array([0.91099078, 0.91099078])
556.1026 	EXP 	surround_grating: autoDraw = True
556.1026 	EXP 	center_grating: autoDraw = True
556.1774 	EXP 	surround_grating: autoDraw = False
556.1774 	EXP 	center_grating: autoDraw = False
556.7023 	DATA 	Keypress: right
556.7078 	INFO 	Keyboard events cleared
556.7075 	EXP 	surround_grating: autoDraw = False
556.7075 	EXP 	center_grating: autoDraw = False
556.7075 	EXP 	surround_grating: ori = -30.0
556.7075 	EXP 	surround_grating: phase = array([0.35317962, 0.35317962])
556.7075 	EXP 	center_grating: ori = -5.5
556.7075 	EXP 	center_grating: phase = array([0.7116745, 0.7116745])
557.1939 	EXP 	surround_grating: autoDraw = True
557.1939 	EXP 	center_grating: autoDraw = True
557.2661 	EXP 	surround_grating: autoDraw = False
557.2661 	EXP 	center_grating: autoDraw = False
558.5354 	DATA 	Keypress: right
558.5410 	INFO 	Keyboard events cleared
558.5406 	EXP 	surround_grating: autoDraw = False
558.5406 	EXP 	center_grating: autoDraw = False
558.5406 	EXP 	surround_grating: ori = 30.0
558.5406 	EXP 	surround_grating: phase = array([0.81882728, 0.81882728])
558.5406 	EXP 	center_grating: ori = 3.5
558.5406 	EXP 	center_grating: phase = array([0.41500035, 0.41500035])
559.0272 	EXP 	surround_grating: autoDraw = True
559.0272 	EXP 	center_grating: autoDraw = True
559.0993 	EXP 	surround_grating: autoDraw = False
559.0993 	EXP 	center_grating: autoDraw = False
559.6844 	DATA 	Keypress: right
559.6901 	INFO 	Keyboard events cleared
559.6894 	EXP 	surround_grating: autoDraw = False
559.6894 	EXP 	center_grating: autoDraw = False
559.6894 	EXP 	surround_grating: ori = 69.0
559.6894 	EXP 	surround_grating: phase = array([0.01065413, 0.01065413])
559.6894 	EXP 	center_grating: ori = -2.0
559.6894 	EXP 	center_grating: phase = array([0.39026488, 0.39026488])
560.1774 	EXP 	surround_grating: autoDraw = True
560.1774 	EXP 	center_grating: autoDraw = True
560.2491 	EXP 	surround_grating: autoDraw = False
560.2491 	EXP 	center_grating: autoDraw = False
560.9021 	DATA 	Keypress: right
560.9076 	INFO 	Keyboard events cleared
560.9072 	EXP 	surround_grating: autoDraw = False
560.9072 	EXP 	center_grating: autoDraw = False
560.9072 	EXP 	surround_grating: ori = 69.0
560.9072 	EXP 	surround_grating: phase = array([0.99588993, 0.99588993])
560.9072 	EXP 	center_grating: ori = -2.5
560.9072 	EXP 	center_grating: phase = array([0.81099794, 0.81099794])
561.3939 	EXP 	surround_grating: autoDraw = True
561.3939 	EXP 	center_grating: autoDraw = True
561.4664 	EXP 	surround_grating: autoDraw = False
561.4664 	EXP 	center_grating: autoDraw = False
562.3186 	DATA 	Keypress: right
562.3245 	INFO 	Keyboard events cleared
562.3240 	EXP 	surround_grating: autoDraw = False
562.3240 	EXP 	center_grating: autoDraw = False
562.3240 	EXP 	surround_grating: ori = -30.0
562.3240 	EXP 	surround_grating: phase = array([0.07773529, 0.07773529])
562.3240 	EXP 	center_grating: ori = -6.0
562.3240 	EXP 	center_grating: phase = array([0.78435708, 0.78435708])
562.8106 	EXP 	surround_grating: autoDraw = True
562.8106 	EXP 	center_grating: autoDraw = True
562.8830 	EXP 	surround_grating: autoDraw = False
562.8830 	EXP 	center_grating: autoDraw = False
564.0403 	DATA 	Keypress: left
564.0616 	INFO 	Keyboard events cleared
564.0609 	EXP 	surround_grating: autoDraw = False
564.0609 	EXP 	center_grating: autoDraw = False
564.0609 	EXP 	surround_grating: ori = 30.0
564.0609 	EXP 	surround_grating: phase = array([0.40617556, 0.40617556])
564.0609 	EXP 	center_grating: ori = 1.0
564.0609 	EXP 	center_grating: phase = array([0.8501346, 0.8501346])
564.5371 	EXP 	surround_grating: autoDraw = True
564.5371 	EXP 	center_grating: autoDraw = True
564.6113 	EXP 	surround_grating: autoDraw = False
564.6113 	EXP 	center_grating: autoDraw = False
565.3676 	DATA 	Keypress: right
565.3734 	INFO 	Keyboard events cleared
565.3728 	EXP 	surround_grating: autoDraw = False
565.3728 	EXP 	center_grating: autoDraw = False
565.3728 	EXP 	surround_grating: ori = -30.0
565.3728 	EXP 	surround_grating: phase = array([0.49607381, 0.49607381])
565.3728 	EXP 	center_grating: ori = -4.0
565.3728 	EXP 	center_grating: phase = array([0.24006569, 0.24006569])
565.8608 	EXP 	surround_grating: autoDraw = True
565.8608 	EXP 	center_grating: autoDraw = True
565.9339 	EXP 	surround_grating: autoDraw = False
565.9339 	EXP 	center_grating: autoDraw = False
567.2673 	DATA 	Keypress: right
567.2730 	INFO 	Keyboard events cleared
567.2725 	EXP 	surround_grating: autoDraw = False
567.2725 	EXP 	center_grating: autoDraw = False
567.2725 	EXP 	surround_grating: ori = 69.0
567.2725 	EXP 	surround_grating: phase = array([0.64338537, 0.64338537])
567.2725 	EXP 	center_grating: ori = -3.0
567.2725 	EXP 	center_grating: phase = array([0.15576299, 0.15576299])
567.7608 	EXP 	surround_grating: autoDraw = True
567.7608 	EXP 	center_grating: autoDraw = True
567.8328 	EXP 	surround_grating: autoDraw = False
567.8328 	EXP 	center_grating: autoDraw = False
569.1563 	DATA 	Keypress: left
569.1621 	INFO 	Keyboard events cleared
569.1616 	EXP 	surround_grating: autoDraw = False
569.1616 	EXP 	center_grating: autoDraw = False
569.1616 	EXP 	surround_grating: ori = 30.0
569.1616 	EXP 	surround_grating: phase = array([0.99866995, 0.99866995])
569.1616 	EXP 	center_grating: ori = 3.0
569.1616 	EXP 	center_grating: phase = array([0.79221266, 0.79221266])
569.6532 	EXP 	surround_grating: autoDraw = True
569.6532 	EXP 	center_grating: autoDraw = True
569.7281 	EXP 	surround_grating: autoDraw = False
569.7281 	EXP 	center_grating: autoDraw = False
570.5187 	DATA 	Keypress: right
570.5242 	INFO 	Keyboard events cleared
570.5238 	EXP 	surround_grating: autoDraw = False
570.5238 	EXP 	center_grating: autoDraw = False
570.5238 	EXP 	surround_grating: ori = 30.0
570.5238 	EXP 	surround_grating: phase = array([0.1302102, 0.1302102])
570.5238 	EXP 	center_grating: ori = 0.5
570.5238 	EXP 	center_grating: phase = array([0.98863549, 0.98863549])
571.0109 	EXP 	surround_grating: autoDraw = True
571.0109 	EXP 	center_grating: autoDraw = True
571.0834 	EXP 	surround_grating: autoDraw = False
571.0834 	EXP 	center_grating: autoDraw = False
571.7415 	DATA 	Keypress: right
571.7474 	INFO 	Keyboard events cleared
571.7469 	EXP 	surround_grating: autoDraw = False
571.7469 	EXP 	center_grating: autoDraw = False
571.7469 	EXP 	surround_grating: ori = -30.0
571.7469 	EXP 	surround_grating: phase = array([0.1458032, 0.1458032])
571.7469 	EXP 	center_grating: ori = -5.5
571.7469 	EXP 	center_grating: phase = array([0.64005166, 0.64005166])
572.2376 	EXP 	surround_grating: autoDraw = True
572.2376 	EXP 	center_grating: autoDraw = True
572.3115 	EXP 	surround_grating: autoDraw = False
572.3115 	EXP 	center_grating: autoDraw = False
573.1562 	DATA 	Keypress: left
573.1617 	INFO 	Keyboard events cleared
573.1613 	EXP 	surround_grating: autoDraw = False
573.1613 	EXP 	center_grating: autoDraw = False
573.1613 	EXP 	surround_grating: ori = 69.0
573.1613 	EXP 	surround_grating: phase = array([0.09709717, 0.09709717])
573.1613 	EXP 	center_grating: ori = -2.5
573.1613 	EXP 	center_grating: phase = array([0.68313385, 0.68313385])
573.6532 	EXP 	surround_grating: autoDraw = True
573.6532 	EXP 	center_grating: autoDraw = True
573.7282 	EXP 	surround_grating: autoDraw = False
573.7282 	EXP 	center_grating: autoDraw = False
574.7243 	DATA 	Keypress: left
574.7301 	INFO 	Keyboard events cleared
574.7296 	EXP 	surround_grating: autoDraw = False
574.7296 	EXP 	center_grating: autoDraw = False
574.7296 	EXP 	surround_grating: ori = -30.0
574.7296 	EXP 	surround_grating: phase = array([0.5611368, 0.5611368])
574.7296 	EXP 	center_grating: ori = -4.5
574.7296 	EXP 	center_grating: phase = array([0.49603515, 0.49603515])
575.2206 	EXP 	surround_grating: autoDraw = True
575.2206 	EXP 	center_grating: autoDraw = True
575.2949 	EXP 	surround_grating: autoDraw = False
575.2949 	EXP 	center_grating: autoDraw = False
575.7852 	DATA 	Keypress: right
575.7908 	INFO 	Keyboard events cleared
575.7903 	EXP 	surround_grating: autoDraw = False
575.7903 	EXP 	center_grating: autoDraw = False
575.7903 	EXP 	surround_grating: ori = 30.0
575.7903 	EXP 	surround_grating: phase = array([0.71008473, 0.71008473])
575.7903 	EXP 	center_grating: ori = 2.5
575.7903 	EXP 	center_grating: phase = array([0.99234071, 0.99234071])
576.2778 	EXP 	surround_grating: autoDraw = True
576.2778 	EXP 	center_grating: autoDraw = True
576.3502 	EXP 	surround_grating: autoDraw = False
576.3502 	EXP 	center_grating: autoDraw = False
577.2349 	DATA 	Keypress: right
577.2406 	INFO 	Keyboard events cleared
577.2402 	EXP 	surround_grating: autoDraw = False
577.2402 	EXP 	center_grating: autoDraw = False
577.2402 	EXP 	surround_grating: ori = 69.0
577.2402 	EXP 	surround_grating: phase = array([0.14749915, 0.14749915])
577.2402 	EXP 	center_grating: ori = -2.0
577.2402 	EXP 	center_grating: phase = array([0.9526364, 0.9526364])
577.7278 	EXP 	surround_grating: autoDraw = True
577.7278 	EXP 	center_grating: autoDraw = True
577.7997 	EXP 	surround_grating: autoDraw = False
577.7997 	EXP 	center_grating: autoDraw = False
578.5020 	DATA 	Keypress: right
578.5076 	INFO 	Keyboard events cleared
578.5071 	EXP 	surround_grating: autoDraw = False
578.5071 	EXP 	center_grating: autoDraw = False
578.5071 	EXP 	surround_grating: ori = 69.0
578.5071 	EXP 	surround_grating: phase = array([0.39657294, 0.39657294])
578.5071 	EXP 	center_grating: ori = -2.5
578.5071 	EXP 	center_grating: phase = array([0.81821129, 0.81821129])
578.9949 	EXP 	surround_grating: autoDraw = True
578.9949 	EXP 	center_grating: autoDraw = True
579.0669 	EXP 	surround_grating: autoDraw = False
579.0669 	EXP 	center_grating: autoDraw = False
579.6034 	DATA 	Keypress: left
579.6091 	INFO 	Keyboard events cleared
579.6087 	EXP 	surround_grating: autoDraw = False
579.6087 	EXP 	center_grating: autoDraw = False
579.6087 	EXP 	surround_grating: ori = -30.0
579.6087 	EXP 	surround_grating: phase = array([0.94315242, 0.94315242])
579.6087 	EXP 	center_grating: ori = -5.0
579.6087 	EXP 	center_grating: phase = array([0.80159747, 0.80159747])
580.0947 	EXP 	surround_grating: autoDraw = True
580.0947 	EXP 	center_grating: autoDraw = True
580.1687 	EXP 	surround_grating: autoDraw = False
580.1687 	EXP 	center_grating: autoDraw = False
580.7908 	DATA 	Keypress: left
580.8122 	INFO 	Keyboard events cleared
580.8116 	EXP 	surround_grating: autoDraw = False
580.8116 	EXP 	center_grating: autoDraw = False
580.8116 	EXP 	surround_grating: ori = -30.0
580.8116 	EXP 	surround_grating: phase = array([0.01272714, 0.01272714])
580.8116 	EXP 	center_grating: ori = -5.0
580.8116 	EXP 	center_grating: phase = array([0.04454992, 0.04454992])
581.2872 	EXP 	surround_grating: autoDraw = True
581.2872 	EXP 	center_grating: autoDraw = True
581.3617 	EXP 	surround_grating: autoDraw = False
581.3617 	EXP 	center_grating: autoDraw = False
581.9357 	DATA 	Keypress: left
581.9415 	INFO 	Keyboard events cleared
581.9411 	EXP 	surround_grating: autoDraw = False
581.9411 	EXP 	center_grating: autoDraw = False
581.9411 	EXP 	surround_grating: ori = 30.0
581.9411 	EXP 	surround_grating: phase = array([0.27926343, 0.27926343])
581.9411 	EXP 	center_grating: ori = 0.0
581.9411 	EXP 	center_grating: phase = array([0.87996327, 0.87996327])
582.4281 	EXP 	surround_grating: autoDraw = True
582.4281 	EXP 	center_grating: autoDraw = True
582.5002 	EXP 	surround_grating: autoDraw = False
582.5002 	EXP 	center_grating: autoDraw = False
582.9848 	DATA 	Keypress: left
582.9903 	INFO 	Keyboard events cleared
582.9899 	EXP 	surround_grating: autoDraw = False
582.9899 	EXP 	center_grating: autoDraw = False
582.9899 	EXP 	surround_grating: ori = 30.0
582.9899 	EXP 	surround_grating: phase = array([0.1877597, 0.1877597])
582.9899 	EXP 	center_grating: ori = 2.0
582.9899 	EXP 	center_grating: phase = array([0.22216659, 0.22216659])
583.4773 	EXP 	surround_grating: autoDraw = True
583.4773 	EXP 	center_grating: autoDraw = True
583.5511 	EXP 	surround_grating: autoDraw = False
583.5511 	EXP 	center_grating: autoDraw = False
584.1518 	DATA 	Keypress: left
584.1573 	INFO 	Keyboard events cleared
584.1569 	EXP 	surround_grating: autoDraw = False
584.1569 	EXP 	center_grating: autoDraw = False
584.1569 	EXP 	surround_grating: ori = -30.0
584.1569 	EXP 	surround_grating: phase = array([0.63571645, 0.63571645])
584.1569 	EXP 	center_grating: ori = -4.5
584.1569 	EXP 	center_grating: phase = array([0.68058472, 0.68058472])
584.6448 	EXP 	surround_grating: autoDraw = True
584.6448 	EXP 	center_grating: autoDraw = True
584.7173 	EXP 	surround_grating: autoDraw = False
584.7173 	EXP 	center_grating: autoDraw = False
585.4851 	DATA 	Keypress: left
585.4906 	INFO 	Keyboard events cleared
585.4901 	EXP 	surround_grating: autoDraw = False
585.4901 	EXP 	center_grating: autoDraw = False
585.4901 	EXP 	surround_grating: ori = 69.0
585.4901 	EXP 	surround_grating: phase = array([0.63598391, 0.63598391])
585.4901 	EXP 	center_grating: ori = -2.5
585.4901 	EXP 	center_grating: phase = array([0.34515205, 0.34515205])
585.9782 	EXP 	surround_grating: autoDraw = True
585.9782 	EXP 	center_grating: autoDraw = True
586.0503 	EXP 	surround_grating: autoDraw = False
586.0503 	EXP 	center_grating: autoDraw = False
586.5848 	DATA 	Keypress: left
586.5906 	INFO 	Keyboard events cleared
586.5901 	EXP 	surround_grating: autoDraw = False
586.5901 	EXP 	center_grating: autoDraw = False
586.5901 	EXP 	surround_grating: ori = 30.0
586.5901 	EXP 	surround_grating: phase = array([0.56624742, 0.56624742])
586.5901 	EXP 	center_grating: ori = 0.5
586.5901 	EXP 	center_grating: phase = array([0.49478672, 0.49478672])
587.0783 	EXP 	surround_grating: autoDraw = True
587.0783 	EXP 	center_grating: autoDraw = True
587.1509 	EXP 	surround_grating: autoDraw = False
587.1509 	EXP 	center_grating: autoDraw = False
587.6192 	DATA 	Keypress: left
587.6243 	INFO 	Keyboard events cleared
587.6239 	EXP 	surround_grating: autoDraw = False
587.6239 	EXP 	center_grating: autoDraw = False
587.6239 	EXP 	surround_grating: ori = -30.0
587.6239 	EXP 	surround_grating: phase = array([0.36661531, 0.36661531])
587.6239 	EXP 	center_grating: ori = -4.5
587.6239 	EXP 	center_grating: phase = array([0.47423078, 0.47423078])
588.1116 	EXP 	surround_grating: autoDraw = True
588.1116 	EXP 	center_grating: autoDraw = True
588.1843 	EXP 	surround_grating: autoDraw = False
588.1843 	EXP 	center_grating: autoDraw = False
588.7912 	DATA 	Keypress: left
588.8122 	INFO 	Keyboard events cleared
588.8117 	EXP 	surround_grating: autoDraw = False
588.8117 	EXP 	center_grating: autoDraw = False
588.8117 	EXP 	surround_grating: ori = 69.0
588.8117 	EXP 	surround_grating: phase = array([0.93170493, 0.93170493])
588.8117 	EXP 	center_grating: ori = -2.0
588.8117 	EXP 	center_grating: phase = array([0.77639168, 0.77639168])
589.2880 	EXP 	surround_grating: autoDraw = True
589.2880 	EXP 	center_grating: autoDraw = True
589.3622 	EXP 	surround_grating: autoDraw = False
589.3622 	EXP 	center_grating: autoDraw = False
589.8023 	DATA 	Keypress: left
589.8079 	INFO 	Keyboard events cleared
589.8075 	EXP 	surround_grating: autoDraw = False
589.8075 	EXP 	center_grating: autoDraw = False
589.8075 	EXP 	surround_grating: ori = 30.0
589.8075 	EXP 	surround_grating: phase = array([0.83066328, 0.83066328])
589.8075 	EXP 	center_grating: ori = 1.0
589.8075 	EXP 	center_grating: phase = array([0.38935958, 0.38935958])
590.2950 	EXP 	surround_grating: autoDraw = True
590.2950 	EXP 	center_grating: autoDraw = True
590.3673 	EXP 	surround_grating: autoDraw = False
590.3673 	EXP 	center_grating: autoDraw = False
590.8690 	DATA 	Keypress: left
590.8748 	INFO 	Keyboard events cleared
590.8743 	EXP 	surround_grating: autoDraw = False
590.8743 	EXP 	center_grating: autoDraw = False
590.8743 	EXP 	surround_grating: ori = -30.0
590.8743 	EXP 	surround_grating: phase = array([0.91046601, 0.91046601])
590.8743 	EXP 	center_grating: ori = -4.0
590.8743 	EXP 	center_grating: phase = array([0.67734747, 0.67734747])
591.3607 	EXP 	surround_grating: autoDraw = True
591.3607 	EXP 	center_grating: autoDraw = True
591.4343 	EXP 	surround_grating: autoDraw = False
591.4343 	EXP 	center_grating: autoDraw = False
592.2250 	DATA 	Keypress: left
592.2307 	INFO 	Keyboard events cleared
592.2303 	EXP 	surround_grating: autoDraw = False
592.2303 	EXP 	center_grating: autoDraw = False
592.2303 	EXP 	surround_grating: ori = 69.0
592.2303 	EXP 	surround_grating: phase = array([0.04249135, 0.04249135])
592.2303 	EXP 	center_grating: ori = -1.5
592.2303 	EXP 	center_grating: phase = array([0.23902551, 0.23902551])
592.7207 	EXP 	surround_grating: autoDraw = True
592.7207 	EXP 	center_grating: autoDraw = True
592.7956 	EXP 	surround_grating: autoDraw = False
592.7956 	EXP 	center_grating: autoDraw = False
594.0412 	DATA 	Keypress: left
594.0626 	INFO 	Keyboard events cleared
594.0620 	EXP 	surround_grating: autoDraw = False
594.0620 	EXP 	center_grating: autoDraw = False
594.0620 	EXP 	surround_grating: ori = -30.0
594.0620 	EXP 	surround_grating: phase = array([0.27052941, 0.27052941])
594.0620 	EXP 	center_grating: ori = -4.0
594.0620 	EXP 	center_grating: phase = array([0.50556648, 0.50556648])
594.5372 	EXP 	surround_grating: autoDraw = True
594.5372 	EXP 	center_grating: autoDraw = True
594.6123 	EXP 	surround_grating: autoDraw = False
594.6123 	EXP 	center_grating: autoDraw = False
595.5683 	DATA 	Keypress: right
595.5740 	INFO 	Keyboard events cleared
595.5735 	EXP 	surround_grating: autoDraw = False
595.5735 	EXP 	center_grating: autoDraw = False
595.5735 	EXP 	surround_grating: ori = 30.0
595.5735 	EXP 	surround_grating: phase = array([0.90806313, 0.90806313])
595.5735 	EXP 	center_grating: ori = 2.5
595.5735 	EXP 	center_grating: phase = array([0.20340922, 0.20340922])
596.0618 	EXP 	surround_grating: autoDraw = True
596.0618 	EXP 	center_grating: autoDraw = True
596.1342 	EXP 	surround_grating: autoDraw = False
596.1342 	EXP 	center_grating: autoDraw = False
597.5047 	DATA 	Keypress: left
597.5103 	INFO 	Keyboard events cleared
597.5100 	EXP 	surround_grating: autoDraw = False
597.5100 	EXP 	center_grating: autoDraw = False
597.5100 	EXP 	surround_grating: ori = 69.0
597.5100 	EXP 	surround_grating: phase = array([0.83449582, 0.83449582])
597.5100 	EXP 	center_grating: ori = -2.0
597.5100 	EXP 	center_grating: phase = array([0.65262903, 0.65262903])
597.9952 	EXP 	surround_grating: autoDraw = True
597.9952 	EXP 	center_grating: autoDraw = True
598.0675 	EXP 	surround_grating: autoDraw = False
598.0675 	EXP 	center_grating: autoDraw = False
598.6746 	DATA 	Keypress: left
598.6960 	INFO 	Keyboard events cleared
598.6955 	EXP 	surround_grating: autoDraw = False
598.6955 	EXP 	center_grating: autoDraw = False
598.6955 	EXP 	surround_grating: ori = 30.0
598.6955 	EXP 	surround_grating: phase = array([0.20377492, 0.20377492])
598.6955 	EXP 	center_grating: ori = 1.5
598.6955 	EXP 	center_grating: phase = array([0.04823974, 0.04823974])
599.1713 	EXP 	surround_grating: autoDraw = True
599.1713 	EXP 	center_grating: autoDraw = True
599.2459 	EXP 	surround_grating: autoDraw = False
599.2459 	EXP 	center_grating: autoDraw = False
599.6870 	DATA 	Keypress: left
599.6926 	INFO 	Keyboard events cleared
599.6922 	EXP 	surround_grating: autoDraw = False
599.6922 	EXP 	center_grating: autoDraw = False
599.6922 	EXP 	surround_grating: ori = 30.0
599.6922 	EXP 	surround_grating: phase = array([0.74902744, 0.74902744])
599.6922 	EXP 	center_grating: ori = 3.0
599.6922 	EXP 	center_grating: phase = array([0.63659374, 0.63659374])
600.1788 	EXP 	surround_grating: autoDraw = True
600.1788 	EXP 	center_grating: autoDraw = True
600.2507 	EXP 	surround_grating: autoDraw = False
600.2507 	EXP 	center_grating: autoDraw = False
600.6198 	DATA 	Keypress: left
600.6254 	INFO 	Keyboard events cleared
600.6249 	EXP 	surround_grating: autoDraw = False
600.6249 	EXP 	center_grating: autoDraw = False
600.6249 	EXP 	surround_grating: ori = 69.0
600.6249 	EXP 	surround_grating: phase = array([0.2117615, 0.2117615])
600.6249 	EXP 	center_grating: ori = -1.0
600.6249 	EXP 	center_grating: phase = array([0.77287241, 0.77287241])
601.1120 	EXP 	surround_grating: autoDraw = True
601.1120 	EXP 	center_grating: autoDraw = True
601.1850 	EXP 	surround_grating: autoDraw = False
601.1850 	EXP 	center_grating: autoDraw = False
601.8370 	DATA 	Keypress: left
601.8425 	INFO 	Keyboard events cleared
601.8421 	EXP 	surround_grating: autoDraw = False
601.8421 	EXP 	center_grating: autoDraw = False
601.8421 	EXP 	surround_grating: ori = 69.0
601.8421 	EXP 	surround_grating: phase = array([0.01262224, 0.01262224])
601.8421 	EXP 	center_grating: ori = -1.5
601.8421 	EXP 	center_grating: phase = array([0.99439231, 0.99439231])
602.3288 	EXP 	surround_grating: autoDraw = True
602.3288 	EXP 	center_grating: autoDraw = True
602.4010 	EXP 	surround_grating: autoDraw = False
602.4010 	EXP 	center_grating: autoDraw = False
603.3697 	DATA 	Keypress: left
603.3754 	INFO 	Keyboard events cleared
603.3750 	EXP 	surround_grating: autoDraw = False
603.3750 	EXP 	center_grating: autoDraw = False
603.3750 	EXP 	surround_grating: ori = -30.0
603.3750 	EXP 	surround_grating: phase = array([0.79301198, 0.79301198])
603.3750 	EXP 	center_grating: ori = -3.5
603.3750 	EXP 	center_grating: phase = array([0.40995969, 0.40995969])
603.8621 	EXP 	surround_grating: autoDraw = True
603.8621 	EXP 	center_grating: autoDraw = True
603.9342 	EXP 	surround_grating: autoDraw = False
603.9342 	EXP 	center_grating: autoDraw = False
604.7913 	DATA 	Keypress: left
604.8128 	INFO 	Keyboard events cleared
604.8124 	EXP 	surround_grating: autoDraw = False
604.8124 	EXP 	center_grating: autoDraw = False
604.8124 	EXP 	surround_grating: ori = -30.0
604.8124 	EXP 	surround_grating: phase = array([0.28109786, 0.28109786])
604.8124 	EXP 	center_grating: ori = -4.5
604.8124 	EXP 	center_grating: phase = array([0.36349876, 0.36349876])
605.2880 	EXP 	surround_grating: autoDraw = True
605.2880 	EXP 	center_grating: autoDraw = True
605.3627 	EXP 	surround_grating: autoDraw = False
605.3627 	EXP 	center_grating: autoDraw = False
606.1418 	DATA 	Keypress: left
606.1631 	INFO 	Keyboard events cleared
606.1625 	EXP 	surround_grating: autoDraw = False
606.1625 	EXP 	center_grating: autoDraw = False
606.1625 	EXP 	surround_grating: ori = -30.0
606.1625 	EXP 	surround_grating: phase = array([0.81791213, 0.81791213])
606.1625 	EXP 	center_grating: ori = -3.0
606.1625 	EXP 	center_grating: phase = array([0.19847193, 0.19847193])
606.6382 	EXP 	surround_grating: autoDraw = True
606.6382 	EXP 	center_grating: autoDraw = True
606.7128 	EXP 	surround_grating: autoDraw = False
606.7128 	EXP 	center_grating: autoDraw = False
607.5251 	DATA 	Keypress: left
607.5465 	INFO 	Keyboard events cleared
607.5458 	EXP 	surround_grating: autoDraw = False
607.5458 	EXP 	center_grating: autoDraw = False
607.5458 	EXP 	surround_grating: ori = 69.0
607.5458 	EXP 	surround_grating: phase = array([0.53411749, 0.53411749])
607.5458 	EXP 	center_grating: ori = -1.0
607.5458 	EXP 	center_grating: phase = array([0.14723116, 0.14723116])
608.0215 	EXP 	surround_grating: autoDraw = True
608.0215 	EXP 	center_grating: autoDraw = True
608.0958 	EXP 	surround_grating: autoDraw = False
608.0958 	EXP 	center_grating: autoDraw = False
608.6850 	DATA 	Keypress: left
608.6906 	INFO 	Keyboard events cleared
608.6901 	EXP 	surround_grating: autoDraw = False
608.6901 	EXP 	center_grating: autoDraw = False
608.6901 	EXP 	surround_grating: ori = 30.0
608.6901 	EXP 	surround_grating: phase = array([0.44568799, 0.44568799])
608.6901 	EXP 	center_grating: ori = 3.5
608.6901 	EXP 	center_grating: phase = array([0.38747936, 0.38747936])
609.1781 	EXP 	surround_grating: autoDraw = True
609.1781 	EXP 	center_grating: autoDraw = True
609.2516 	EXP 	surround_grating: autoDraw = False
609.2516 	EXP 	center_grating: autoDraw = False
609.9026 	DATA 	Keypress: left
609.9082 	INFO 	Keyboard events cleared
609.9077 	EXP 	surround_grating: autoDraw = False
609.9077 	EXP 	center_grating: autoDraw = False
609.9077 	EXP 	surround_grating: ori = 30.0
609.9077 	EXP 	surround_grating: phase = array([0.55558729, 0.55558729])
609.9077 	EXP 	center_grating: ori = 2.0
609.9077 	EXP 	center_grating: phase = array([0.7764103, 0.7764103])
610.3957 	EXP 	surround_grating: autoDraw = True
610.3957 	EXP 	center_grating: autoDraw = True
610.4681 	EXP 	surround_grating: autoDraw = False
610.4681 	EXP 	center_grating: autoDraw = False
611.1577 	DATA 	Keypress: left
611.1632 	INFO 	Keyboard events cleared
611.1628 	EXP 	surround_grating: autoDraw = False
611.1628 	EXP 	center_grating: autoDraw = False
611.1628 	EXP 	surround_grating: ori = 69.0
611.1628 	EXP 	surround_grating: phase = array([0.43326654, 0.43326654])
611.1628 	EXP 	center_grating: ori = -0.5
611.1628 	EXP 	center_grating: phase = array([0.3613231, 0.3613231])
611.6547 	EXP 	surround_grating: autoDraw = True
611.6547 	EXP 	center_grating: autoDraw = True
611.7295 	EXP 	surround_grating: autoDraw = False
611.7295 	EXP 	center_grating: autoDraw = False
612.4255 	DATA 	Keypress: left
612.4323 	INFO 	Keyboard events cleared
612.4317 	EXP 	surround_grating: autoDraw = False
612.4317 	EXP 	center_grating: autoDraw = False
612.4317 	EXP 	surround_grating: ori = -30.0
612.4317 	EXP 	surround_grating: phase = array([0.99313334, 0.99313334])
612.4317 	EXP 	center_grating: ori = -4.0
612.4317 	EXP 	center_grating: phase = array([0.27912478, 0.27912478])
612.9226 	EXP 	surround_grating: autoDraw = True
612.9226 	EXP 	center_grating: autoDraw = True
612.9962 	EXP 	surround_grating: autoDraw = False
612.9962 	EXP 	center_grating: autoDraw = False
613.7026 	DATA 	Keypress: left
613.7082 	INFO 	Keyboard events cleared
613.7077 	EXP 	surround_grating: autoDraw = False
613.7077 	EXP 	center_grating: autoDraw = False
613.7077 	EXP 	surround_grating: ori = 30.0
613.7077 	EXP 	surround_grating: phase = array([0.68904806, 0.68904806])
613.7077 	EXP 	center_grating: ori = 4.0
613.7077 	EXP 	center_grating: phase = array([0.52046904, 0.52046904])
614.1958 	EXP 	surround_grating: autoDraw = True
614.1958 	EXP 	center_grating: autoDraw = True
614.2681 	EXP 	surround_grating: autoDraw = False
614.2681 	EXP 	center_grating: autoDraw = False
615.0157 	DATA 	Keypress: right
615.0206 	INFO 	Keyboard events cleared
615.0203 	EXP 	surround_grating: autoDraw = False
615.0203 	EXP 	center_grating: autoDraw = False
615.0203 	EXP 	surround_grating: ori = 69.0
615.0203 	EXP 	surround_grating: phase = array([0.97743363, 0.97743363])
615.0203 	EXP 	center_grating: ori = -0.5
615.0203 	EXP 	center_grating: phase = array([0.62406307, 0.62406307])
615.5046 	EXP 	surround_grating: autoDraw = True
615.5046 	EXP 	center_grating: autoDraw = True
615.5798 	EXP 	surround_grating: autoDraw = False
615.5798 	EXP 	center_grating: autoDraw = False
616.2706 	DATA 	Keypress: left
616.2762 	INFO 	Keyboard events cleared
616.2757 	EXP 	surround_grating: autoDraw = False
616.2757 	EXP 	center_grating: autoDraw = False
616.2757 	EXP 	surround_grating: ori = 69.0
616.2757 	EXP 	surround_grating: phase = array([0.19300904, 0.19300904])
616.2757 	EXP 	center_grating: ori = 0.0
616.2757 	EXP 	center_grating: phase = array([0.63891713, 0.63891713])
616.7627 	EXP 	surround_grating: autoDraw = True
616.7627 	EXP 	center_grating: autoDraw = True
616.8349 	EXP 	surround_grating: autoDraw = False
616.8349 	EXP 	center_grating: autoDraw = False
618.5873 	DATA 	Keypress: left
618.5930 	INFO 	Keyboard events cleared
618.5926 	EXP 	surround_grating: autoDraw = False
618.5926 	EXP 	center_grating: autoDraw = False
618.5926 	EXP 	surround_grating: ori = 30.0
618.5926 	EXP 	surround_grating: phase = array([0.51333365, 0.51333365])
618.5926 	EXP 	center_grating: ori = 2.5
618.5926 	EXP 	center_grating: phase = array([0.02069169, 0.02069169])
619.0794 	EXP 	surround_grating: autoDraw = True
619.0794 	EXP 	center_grating: autoDraw = True
619.1516 	EXP 	surround_grating: autoDraw = False
619.1516 	EXP 	center_grating: autoDraw = False
619.8265 	DATA 	Keypress: left
619.8325 	INFO 	Keyboard events cleared
619.8318 	EXP 	surround_grating: autoDraw = False
619.8318 	EXP 	center_grating: autoDraw = False
619.8318 	EXP 	surround_grating: ori = -30.0
619.8318 	EXP 	surround_grating: phase = array([0.72652616, 0.72652616])
619.8318 	EXP 	center_grating: ori = -2.5
619.8318 	EXP 	center_grating: phase = array([0.22550899, 0.22550899])
620.3221 	EXP 	surround_grating: autoDraw = True
620.3221 	EXP 	center_grating: autoDraw = True
620.3966 	EXP 	surround_grating: autoDraw = False
620.3966 	EXP 	center_grating: autoDraw = False
620.9208 	DATA 	Keypress: left
620.9266 	INFO 	Keyboard events cleared
620.9261 	EXP 	surround_grating: autoDraw = False
620.9261 	EXP 	center_grating: autoDraw = False
620.9261 	EXP 	surround_grating: ori = -30.0
620.9261 	EXP 	surround_grating: phase = array([0.54510153, 0.54510153])
620.9261 	EXP 	center_grating: ori = -3.5
620.9261 	EXP 	center_grating: phase = array([0.22894461, 0.22894461])
621.4127 	EXP 	surround_grating: autoDraw = True
621.4127 	EXP 	center_grating: autoDraw = True
621.4859 	EXP 	surround_grating: autoDraw = False
621.4859 	EXP 	center_grating: autoDraw = False
622.1869 	DATA 	Keypress: right
622.1925 	INFO 	Keyboard events cleared
622.1919 	EXP 	surround_grating: autoDraw = False
622.1919 	EXP 	center_grating: autoDraw = False
622.1919 	EXP 	surround_grating: ori = 69.0
622.1919 	EXP 	surround_grating: phase = array([0.55856791, 0.55856791])
622.1919 	EXP 	center_grating: ori = 0.5
622.1919 	EXP 	center_grating: phase = array([0.41323519, 0.41323519])
622.6795 	EXP 	surround_grating: autoDraw = True
622.6795 	EXP 	center_grating: autoDraw = True
622.7515 	EXP 	surround_grating: autoDraw = False
622.7515 	EXP 	center_grating: autoDraw = False
623.3914 	DATA 	Keypress: right
623.3970 	INFO 	Keyboard events cleared
623.3965 	EXP 	surround_grating: autoDraw = False
623.3965 	EXP 	center_grating: autoDraw = False
623.3965 	EXP 	surround_grating: ori = 30.0
623.3965 	EXP 	surround_grating: phase = array([0.11430887, 0.11430887])
623.3965 	EXP 	center_grating: ori = 3.0
623.3965 	EXP 	center_grating: phase = array([0.94989194, 0.94989194])
623.8891 	EXP 	surround_grating: autoDraw = True
623.8891 	EXP 	center_grating: autoDraw = True
623.9633 	EXP 	surround_grating: autoDraw = False
623.9633 	EXP 	center_grating: autoDraw = False
624.6042 	DATA 	Keypress: right
624.6097 	INFO 	Keyboard events cleared
624.6093 	EXP 	surround_grating: autoDraw = False
624.6093 	EXP 	center_grating: autoDraw = False
624.6093 	EXP 	surround_grating: ori = 30.0
624.6093 	EXP 	surround_grating: phase = array([0.84733545, 0.84733545])
624.6093 	EXP 	center_grating: ori = 3.5
624.6093 	EXP 	center_grating: phase = array([0.28113668, 0.28113668])
625.0953 	EXP 	surround_grating: autoDraw = True
625.0953 	EXP 	center_grating: autoDraw = True
625.1686 	EXP 	surround_grating: autoDraw = False
625.1686 	EXP 	center_grating: autoDraw = False
625.8377 	DATA 	Keypress: right
625.8435 	INFO 	Keyboard events cleared
625.8430 	EXP 	surround_grating: autoDraw = False
625.8430 	EXP 	center_grating: autoDraw = False
625.8430 	EXP 	surround_grating: ori = -30.0
625.8430 	EXP 	surround_grating: phase = array([0.10170754, 0.10170754])
625.8430 	EXP 	center_grating: ori = -4.0
625.8430 	EXP 	center_grating: phase = array([0.42708792, 0.42708792])
626.3296 	EXP 	surround_grating: autoDraw = True
626.3296 	EXP 	center_grating: autoDraw = True
626.4017 	EXP 	surround_grating: autoDraw = False
626.4017 	EXP 	center_grating: autoDraw = False
627.0042 	DATA 	Keypress: right
627.0101 	INFO 	Keyboard events cleared
627.0095 	EXP 	surround_grating: autoDraw = False
627.0095 	EXP 	center_grating: autoDraw = False
627.0095 	EXP 	surround_grating: ori = 69.0
627.0095 	EXP 	surround_grating: phase = array([0.3126733, 0.3126733])
627.0095 	EXP 	center_grating: ori = 0.0
627.0095 	EXP 	center_grating: phase = array([0.6241801, 0.6241801])
627.4962 	EXP 	surround_grating: autoDraw = True
627.4962 	EXP 	center_grating: autoDraw = True
627.5683 	EXP 	surround_grating: autoDraw = False
627.5683 	EXP 	center_grating: autoDraw = False
628.0863 	DATA 	Keypress: right
628.0921 	INFO 	Keyboard events cleared
628.0916 	EXP 	surround_grating: autoDraw = False
628.0916 	EXP 	center_grating: autoDraw = False
628.0916 	EXP 	surround_grating: ori = -30.0
628.0916 	EXP 	surround_grating: phase = array([0.14392913, 0.14392913])
628.0916 	EXP 	center_grating: ori = -2.0
628.0916 	EXP 	center_grating: phase = array([0.77962852, 0.77962852])
628.5797 	EXP 	surround_grating: autoDraw = True
628.5797 	EXP 	center_grating: autoDraw = True
628.6521 	EXP 	surround_grating: autoDraw = False
628.6521 	EXP 	center_grating: autoDraw = False
629.4697 	DATA 	Keypress: right
629.4752 	INFO 	Keyboard events cleared
629.4747 	EXP 	surround_grating: autoDraw = False
629.4747 	EXP 	center_grating: autoDraw = False
629.4747 	EXP 	surround_grating: ori = -30.0
629.4747 	EXP 	surround_grating: phase = array([0.48735348, 0.48735348])
629.4747 	EXP 	center_grating: ori = -4.5
629.4747 	EXP 	center_grating: phase = array([0.78002694, 0.78002694])
629.9631 	EXP 	surround_grating: autoDraw = True
629.9631 	EXP 	center_grating: autoDraw = True
630.0358 	EXP 	surround_grating: autoDraw = False
630.0358 	EXP 	center_grating: autoDraw = False
630.5214 	DATA 	Keypress: right
630.5268 	INFO 	Keyboard events cleared
630.5264 	EXP 	surround_grating: autoDraw = False
630.5264 	EXP 	center_grating: autoDraw = False
630.5264 	EXP 	surround_grating: ori = 69.0
630.5264 	EXP 	surround_grating: phase = array([0.79920886, 0.79920886])
630.5264 	EXP 	center_grating: ori = 0.0
630.5264 	EXP 	center_grating: phase = array([0.91240134, 0.91240134])
631.0133 	EXP 	surround_grating: autoDraw = True
631.0133 	EXP 	center_grating: autoDraw = True
631.0850 	EXP 	surround_grating: autoDraw = False
631.0850 	EXP 	center_grating: autoDraw = False
631.7045 	DATA 	Keypress: right
631.7100 	INFO 	Keyboard events cleared
631.7095 	EXP 	surround_grating: autoDraw = False
631.7095 	EXP 	center_grating: autoDraw = False
631.7095 	EXP 	surround_grating: ori = 69.0
631.7095 	EXP 	surround_grating: phase = array([0.57031378, 0.57031378])
631.7095 	EXP 	center_grating: ori = -0.5
631.7095 	EXP 	center_grating: phase = array([0.31707626, 0.31707626])
632.1964 	EXP 	surround_grating: autoDraw = True
632.1964 	EXP 	center_grating: autoDraw = True
632.2697 	EXP 	surround_grating: autoDraw = False
632.2697 	EXP 	center_grating: autoDraw = False
632.7750 	DATA 	Keypress: right
632.7804 	INFO 	Keyboard events cleared
632.7800 	EXP 	surround_grating: autoDraw = False
632.7800 	EXP 	center_grating: autoDraw = False
632.7800 	EXP 	surround_grating: ori = 30.0
632.7800 	EXP 	surround_grating: phase = array([0.14030486, 0.14030486])
632.7800 	EXP 	center_grating: ori = 2.5
632.7800 	EXP 	center_grating: phase = array([0.80998486, 0.80998486])
633.2720 	EXP 	surround_grating: autoDraw = True
633.2720 	EXP 	center_grating: autoDraw = True
633.3471 	EXP 	surround_grating: autoDraw = False
633.3471 	EXP 	center_grating: autoDraw = False
633.9204 	DATA 	Keypress: right
633.9259 	INFO 	Keyboard events cleared
633.9254 	EXP 	surround_grating: autoDraw = False
633.9254 	EXP 	center_grating: autoDraw = False
633.9254 	EXP 	surround_grating: ori = -30.0
633.9254 	EXP 	surround_grating: phase = array([0.19805433, 0.19805433])
633.9254 	EXP 	center_grating: ori = -2.5
633.9254 	EXP 	center_grating: phase = array([0.10606042, 0.10606042])
634.4134 	EXP 	surround_grating: autoDraw = True
634.4134 	EXP 	center_grating: autoDraw = True
634.4852 	EXP 	surround_grating: autoDraw = False
634.4852 	EXP 	center_grating: autoDraw = False
635.1097 	DATA 	Keypress: right
635.1154 	INFO 	Keyboard events cleared
635.1150 	EXP 	surround_grating: autoDraw = False
635.1150 	EXP 	center_grating: autoDraw = False
635.1150 	EXP 	surround_grating: ori = 30.0
635.1150 	EXP 	surround_grating: phase = array([0.72876275, 0.72876275])
635.1150 	EXP 	center_grating: ori = 3.0
635.1150 	EXP 	center_grating: phase = array([0.58481955, 0.58481955])
635.6050 	EXP 	surround_grating: autoDraw = True
635.6050 	EXP 	center_grating: autoDraw = True
635.6804 	EXP 	surround_grating: autoDraw = False
635.6804 	EXP 	center_grating: autoDraw = False
636.4214 	DATA 	Keypress: right
636.4272 	INFO 	Keyboard events cleared
636.4268 	EXP 	surround_grating: autoDraw = False
636.4268 	EXP 	center_grating: autoDraw = False
636.4268 	EXP 	surround_grating: ori = 69.0
636.4268 	EXP 	surround_grating: phase = array([0.32959721, 0.32959721])
636.4268 	EXP 	center_grating: ori = -1.0
636.4268 	EXP 	center_grating: phase = array([0.03073438, 0.03073438])
636.9134 	EXP 	surround_grating: autoDraw = True
636.9134 	EXP 	center_grating: autoDraw = True
636.9857 	EXP 	surround_grating: autoDraw = False
636.9857 	EXP 	center_grating: autoDraw = False
637.5702 	DATA 	Keypress: right
637.5832 	INFO 	Keyboard events cleared
637.5828 	EXP 	surround_grating: autoDraw = False
637.5828 	EXP 	center_grating: autoDraw = False
637.5828 	EXP 	surround_grating: ori = 30.0
637.5828 	EXP 	surround_grating: phase = array([0.00506884, 0.00506884])
637.5828 	EXP 	center_grating: ori = 2.0
637.5828 	EXP 	center_grating: phase = array([0.25313034, 0.25313034])
638.0726 	EXP 	surround_grating: autoDraw = True
638.0726 	EXP 	center_grating: autoDraw = True
638.1473 	EXP 	surround_grating: autoDraw = False
638.1473 	EXP 	center_grating: autoDraw = False
638.8539 	DATA 	Keypress: right
638.8595 	INFO 	Keyboard events cleared
638.8590 	EXP 	surround_grating: autoDraw = False
638.8590 	EXP 	center_grating: autoDraw = False
638.8590 	EXP 	surround_grating: ori = -30.0
638.8590 	EXP 	surround_grating: phase = array([0.12776735, 0.12776735])
638.8590 	EXP 	center_grating: ori = -5.0
638.8590 	EXP 	center_grating: phase = array([0.62538919, 0.62538919])
639.3468 	EXP 	surround_grating: autoDraw = True
639.3468 	EXP 	center_grating: autoDraw = True
639.4203 	EXP 	surround_grating: autoDraw = False
639.4203 	EXP 	center_grating: autoDraw = False
640.0714 	DATA 	Keypress: left
640.0769 	INFO 	Keyboard events cleared
640.0765 	EXP 	surround_grating: autoDraw = False
640.0765 	EXP 	center_grating: autoDraw = False
640.0765 	EXP 	surround_grating: ori = 69.0
640.0765 	EXP 	surround_grating: phase = array([0.40716694, 0.40716694])
640.0765 	EXP 	center_grating: ori = -0.5
640.0765 	EXP 	center_grating: phase = array([0.6691967, 0.6691967])
640.5633 	EXP 	surround_grating: autoDraw = True
640.5633 	EXP 	center_grating: autoDraw = True
640.6354 	EXP 	surround_grating: autoDraw = False
640.6354 	EXP 	center_grating: autoDraw = False
640.9428 	DATA 	Keypress: left
640.9642 	INFO 	Keyboard events cleared
640.9637 	EXP 	surround_grating: autoDraw = False
640.9637 	EXP 	center_grating: autoDraw = False
640.9637 	EXP 	surround_grating: ori = -30.0
640.9637 	EXP 	surround_grating: phase = array([0.47881829, 0.47881829])
640.9637 	EXP 	center_grating: ori = -3.0
640.9637 	EXP 	center_grating: phase = array([0.62178013, 0.62178013])
641.4395 	EXP 	surround_grating: autoDraw = True
641.4395 	EXP 	center_grating: autoDraw = True
641.5140 	EXP 	surround_grating: autoDraw = False
641.5140 	EXP 	center_grating: autoDraw = False
641.9434 	DATA 	Keypress: left
641.9493 	INFO 	Keyboard events cleared
641.9488 	EXP 	surround_grating: autoDraw = False
641.9488 	EXP 	center_grating: autoDraw = False
641.9488 	EXP 	surround_grating: ori = 30.0
641.9488 	EXP 	surround_grating: phase = array([0.82600029, 0.82600029])
641.9488 	EXP 	center_grating: ori = 2.5
641.9488 	EXP 	center_grating: phase = array([0.87813571, 0.87813571])
642.4395 	EXP 	surround_grating: autoDraw = True
642.4395 	EXP 	center_grating: autoDraw = True
642.5141 	EXP 	surround_grating: autoDraw = False
642.5141 	EXP 	center_grating: autoDraw = False
643.7699 	DATA 	Keypress: right
643.7754 	INFO 	Keyboard events cleared
643.7749 	EXP 	surround_grating: autoDraw = False
643.7749 	EXP 	center_grating: autoDraw = False
643.7749 	EXP 	surround_grating: ori = -30.0
643.7749 	EXP 	surround_grating: phase = array([0.92193647, 0.92193647])
643.7749 	EXP 	center_grating: ori = -2.5
643.7749 	EXP 	center_grating: phase = array([0.00450878, 0.00450878])
644.2635 	EXP 	surround_grating: autoDraw = True
644.2635 	EXP 	center_grating: autoDraw = True
644.3360 	EXP 	surround_grating: autoDraw = False
644.3360 	EXP 	center_grating: autoDraw = False
644.8704 	DATA 	Keypress: right
644.8761 	INFO 	Keyboard events cleared
644.8755 	EXP 	surround_grating: autoDraw = False
644.8755 	EXP 	center_grating: autoDraw = False
644.8755 	EXP 	surround_grating: ori = -30.0
644.8755 	EXP 	surround_grating: phase = array([0.13818291, 0.13818291])
644.8755 	EXP 	center_grating: ori = -4.5
644.8755 	EXP 	center_grating: phase = array([0.67514145, 0.67514145])
645.3637 	EXP 	surround_grating: autoDraw = True
645.3637 	EXP 	center_grating: autoDraw = True
645.4361 	EXP 	surround_grating: autoDraw = False
645.4361 	EXP 	center_grating: autoDraw = False
645.8762 	DATA 	Keypress: right
645.8977 	INFO 	Keyboard events cleared
645.8971 	EXP 	surround_grating: autoDraw = False
645.8971 	EXP 	center_grating: autoDraw = False
645.8971 	EXP 	surround_grating: ori = 69.0
645.8971 	EXP 	surround_grating: phase = array([0.46119483, 0.46119483])
645.8971 	EXP 	center_grating: ori = -1.5
645.8971 	EXP 	center_grating: phase = array([0.74060467, 0.74060467])
646.3725 	EXP 	surround_grating: autoDraw = True
646.3725 	EXP 	center_grating: autoDraw = True
646.4477 	EXP 	surround_grating: autoDraw = False
646.4477 	EXP 	center_grating: autoDraw = False
647.1778 	DATA 	Keypress: right
647.1836 	INFO 	Keyboard events cleared
647.1831 	EXP 	surround_grating: autoDraw = False
647.1831 	EXP 	center_grating: autoDraw = False
647.1831 	EXP 	surround_grating: ori = 30.0
647.1831 	EXP 	surround_grating: phase = array([0.1530869, 0.1530869])
647.1831 	EXP 	center_grating: ori = 1.5
647.1831 	EXP 	center_grating: phase = array([0.22502162, 0.22502162])
647.6731 	EXP 	surround_grating: autoDraw = True
647.6731 	EXP 	center_grating: autoDraw = True
647.7476 	EXP 	surround_grating: autoDraw = False
647.7476 	EXP 	center_grating: autoDraw = False
648.3714 	DATA 	Keypress: left
648.3772 	INFO 	Keyboard events cleared
648.3767 	EXP 	surround_grating: autoDraw = False
648.3767 	EXP 	center_grating: autoDraw = False
648.3767 	EXP 	surround_grating: ori = 69.0
648.3767 	EXP 	surround_grating: phase = array([0.76720462, 0.76720462])
648.3767 	EXP 	center_grating: ori = 0.0
648.3767 	EXP 	center_grating: phase = array([0.85743321, 0.85743321])
648.8637 	EXP 	surround_grating: autoDraw = True
648.8637 	EXP 	center_grating: autoDraw = True
648.9361 	EXP 	surround_grating: autoDraw = False
648.9361 	EXP 	center_grating: autoDraw = False
649.5764 	DATA 	Keypress: right
649.5978 	INFO 	Keyboard events cleared
649.5973 	EXP 	surround_grating: autoDraw = False
649.5973 	EXP 	center_grating: autoDraw = False
649.5973 	EXP 	surround_grating: ori = 30.0
649.5973 	EXP 	surround_grating: phase = array([0.24191178, 0.24191178])
649.5973 	EXP 	center_grating: ori = 2.0
649.5973 	EXP 	center_grating: phase = array([0.90139865, 0.90139865])
650.0727 	EXP 	surround_grating: autoDraw = True
650.0727 	EXP 	center_grating: autoDraw = True
650.1476 	EXP 	surround_grating: autoDraw = False
650.1476 	EXP 	center_grating: autoDraw = False
650.5585 	DATA 	Keypress: left
650.5641 	INFO 	Keyboard events cleared
650.5637 	EXP 	surround_grating: autoDraw = False
650.5637 	EXP 	center_grating: autoDraw = False
650.5637 	EXP 	surround_grating: ori = 30.0
650.5637 	EXP 	surround_grating: phase = array([0.92183693, 0.92183693])
650.5637 	EXP 	center_grating: ori = 2.0
650.5637 	EXP 	center_grating: phase = array([0.66374284, 0.66374284])
651.0562 	EXP 	surround_grating: autoDraw = True
651.0562 	EXP 	center_grating: autoDraw = True
651.1310 	EXP 	surround_grating: autoDraw = False
651.1310 	EXP 	center_grating: autoDraw = False
651.9537 	DATA 	Keypress: left
651.9592 	INFO 	Keyboard events cleared
651.9588 	EXP 	surround_grating: autoDraw = False
651.9588 	EXP 	center_grating: autoDraw = False
651.9588 	EXP 	surround_grating: ori = 69.0
651.9588 	EXP 	surround_grating: phase = array([0.9127806, 0.9127806])
651.9588 	EXP 	center_grating: ori = -2.0
651.9588 	EXP 	center_grating: phase = array([0.9871295, 0.9871295])
652.4473 	EXP 	surround_grating: autoDraw = True
652.4473 	EXP 	center_grating: autoDraw = True
652.5192 	EXP 	surround_grating: autoDraw = False
652.5192 	EXP 	center_grating: autoDraw = False
653.1393 	DATA 	Keypress: left
653.1449 	INFO 	Keyboard events cleared
653.1446 	EXP 	surround_grating: autoDraw = False
653.1446 	EXP 	center_grating: autoDraw = False
653.1446 	EXP 	surround_grating: ori = -30.0
653.1446 	EXP 	surround_grating: phase = array([0.63063605, 0.63063605])
653.1446 	EXP 	center_grating: ori = -3.0
653.1446 	EXP 	center_grating: phase = array([0.66954238, 0.66954238])
653.6306 	EXP 	surround_grating: autoDraw = True
653.6306 	EXP 	center_grating: autoDraw = True
653.7031 	EXP 	surround_grating: autoDraw = False
653.7031 	EXP 	center_grating: autoDraw = False
654.2884 	DATA 	Keypress: right
654.2939 	INFO 	Keyboard events cleared
654.2934 	EXP 	surround_grating: autoDraw = False
654.2934 	EXP 	center_grating: autoDraw = False
654.2934 	EXP 	surround_grating: ori = 69.0
654.2934 	EXP 	surround_grating: phase = array([0.25207542, 0.25207542])
654.2934 	EXP 	center_grating: ori = -0.5
654.2934 	EXP 	center_grating: phase = array([0.10781978, 0.10781978])
654.7806 	EXP 	surround_grating: autoDraw = True
654.7806 	EXP 	center_grating: autoDraw = True
654.8537 	EXP 	surround_grating: autoDraw = False
654.8537 	EXP 	center_grating: autoDraw = False
655.4881 	DATA 	Keypress: left
655.4937 	INFO 	Keyboard events cleared
655.4932 	EXP 	surround_grating: autoDraw = False
655.4932 	EXP 	center_grating: autoDraw = False
655.4932 	EXP 	surround_grating: ori = -30.0
655.4932 	EXP 	surround_grating: phase = array([0.85562988, 0.85562988])
655.4932 	EXP 	center_grating: ori = -5.0
655.4932 	EXP 	center_grating: phase = array([0.4788218, 0.4788218])
655.9807 	EXP 	surround_grating: autoDraw = True
655.9807 	EXP 	center_grating: autoDraw = True
656.0539 	EXP 	surround_grating: autoDraw = False
656.0539 	EXP 	center_grating: autoDraw = False
657.7941 	DATA 	Keypress: right
657.8001 	INFO 	Keyboard events cleared
657.7996 	EXP 	surround_grating: autoDraw = False
657.7996 	EXP 	center_grating: autoDraw = False
657.7996 	EXP 	surround_grating: ori = 30.0
657.7996 	EXP 	surround_grating: phase = array([0.53710352, 0.53710352])
657.7996 	EXP 	center_grating: ori = 2.5
657.7996 	EXP 	center_grating: phase = array([0.10983359, 0.10983359])
658.2895 	EXP 	surround_grating: autoDraw = True
658.2895 	EXP 	center_grating: autoDraw = True
658.3646 	EXP 	surround_grating: autoDraw = False
658.3646 	EXP 	center_grating: autoDraw = False
658.9056 	DATA 	Keypress: left
658.9111 	INFO 	Keyboard events cleared
658.9107 	EXP 	surround_grating: autoDraw = False
658.9107 	EXP 	center_grating: autoDraw = False
658.9107 	EXP 	surround_grating: ori = 69.0
658.9107 	EXP 	surround_grating: phase = array([0.07128772, 0.07128772])
658.9107 	EXP 	center_grating: ori = 0.0
658.9107 	EXP 	center_grating: phase = array([0.51886769, 0.51886769])
659.3975 	EXP 	surround_grating: autoDraw = True
659.3975 	EXP 	center_grating: autoDraw = True
659.4696 	EXP 	surround_grating: autoDraw = False
659.4696 	EXP 	center_grating: autoDraw = False
660.4378 	DATA 	Keypress: right
660.4434 	INFO 	Keyboard events cleared
660.4429 	EXP 	surround_grating: autoDraw = False
660.4429 	EXP 	center_grating: autoDraw = False
660.4429 	EXP 	surround_grating: ori = 30.0
660.4429 	EXP 	surround_grating: phase = array([0.17722586, 0.17722586])
660.4429 	EXP 	center_grating: ori = 2.5
660.4429 	EXP 	center_grating: phase = array([0.78679058, 0.78679058])
660.9309 	EXP 	surround_grating: autoDraw = True
660.9309 	EXP 	center_grating: autoDraw = True
661.0029 	EXP 	surround_grating: autoDraw = False
661.0029 	EXP 	center_grating: autoDraw = False
661.5558 	DATA 	Keypress: left
661.5614 	INFO 	Keyboard events cleared
661.5609 	EXP 	surround_grating: autoDraw = False
661.5609 	EXP 	center_grating: autoDraw = False
661.5609 	EXP 	surround_grating: ori = -30.0
661.5609 	EXP 	surround_grating: phase = array([0.36480208, 0.36480208])
661.5609 	EXP 	center_grating: ori = -5.5
661.5609 	EXP 	center_grating: phase = array([0.40001013, 0.40001013])
662.0475 	EXP 	surround_grating: autoDraw = True
662.0475 	EXP 	center_grating: autoDraw = True
662.1199 	EXP 	surround_grating: autoDraw = False
662.1199 	EXP 	center_grating: autoDraw = False
662.9259 	DATA 	Keypress: left
662.9313 	INFO 	Keyboard events cleared
662.9308 	EXP 	surround_grating: autoDraw = False
662.9308 	EXP 	center_grating: autoDraw = False
662.9308 	EXP 	surround_grating: ori = 30.0
662.9308 	EXP 	surround_grating: phase = array([0.25349531, 0.25349531])
662.9308 	EXP 	center_grating: ori = 3.0
662.9308 	EXP 	center_grating: phase = array([0.39490133, 0.39490133])
663.4230 	EXP 	surround_grating: autoDraw = True
663.4230 	EXP 	center_grating: autoDraw = True
663.4981 	EXP 	surround_grating: autoDraw = False
663.4981 	EXP 	center_grating: autoDraw = False
664.0878 	DATA 	Keypress: left
664.1001 	INFO 	Keyboard events cleared
664.0998 	EXP 	surround_grating: autoDraw = False
664.0998 	EXP 	center_grating: autoDraw = False
664.0998 	EXP 	surround_grating: ori = 69.0
664.0998 	EXP 	surround_grating: phase = array([0.034547, 0.034547])
664.0998 	EXP 	center_grating: ori = -1.5
664.0998 	EXP 	center_grating: phase = array([0.2486737, 0.2486737])
664.5908 	EXP 	surround_grating: autoDraw = True
664.5908 	EXP 	center_grating: autoDraw = True
664.6650 	EXP 	surround_grating: autoDraw = False
664.6650 	EXP 	center_grating: autoDraw = False
665.2062 	DATA 	Keypress: left
665.2119 	INFO 	Keyboard events cleared
665.2115 	EXP 	surround_grating: autoDraw = False
665.2115 	EXP 	center_grating: autoDraw = False
665.2115 	EXP 	surround_grating: ori = -30.0
665.2115 	EXP 	surround_grating: phase = array([0.28821124, 0.28821124])
665.2115 	EXP 	center_grating: ori = -3.5
665.2115 	EXP 	center_grating: phase = array([0.24645544, 0.24645544])
665.6977 	EXP 	surround_grating: autoDraw = True
665.6977 	EXP 	center_grating: autoDraw = True
665.7710 	EXP 	surround_grating: autoDraw = False
665.7710 	EXP 	center_grating: autoDraw = False
666.3876 	DATA 	Keypress: right
666.3932 	INFO 	Keyboard events cleared
666.3926 	EXP 	surround_grating: autoDraw = False
666.3926 	EXP 	center_grating: autoDraw = False
666.3926 	EXP 	surround_grating: ori = 69.0
666.3926 	EXP 	surround_grating: phase = array([0.50055276, 0.50055276])
666.3926 	EXP 	center_grating: ori = -1.0
666.3926 	EXP 	center_grating: phase = array([0.44786729, 0.44786729])
666.8810 	EXP 	surround_grating: autoDraw = True
666.8810 	EXP 	center_grating: autoDraw = True
666.9652 	EXP 	surround_grating: autoDraw = False
666.9652 	EXP 	center_grating: autoDraw = False
668.0771 	DATA 	Keypress: right
668.0985 	INFO 	Keyboard events cleared
668.0980 	EXP 	surround_grating: autoDraw = False
668.0980 	EXP 	center_grating: autoDraw = False
668.0980 	EXP 	surround_grating: ori = 30.0
668.0980 	EXP 	surround_grating: phase = array([0.86654128, 0.86654128])
668.0980 	EXP 	center_grating: ori = 3.0
668.0980 	EXP 	center_grating: phase = array([0.18797506, 0.18797506])
668.5734 	EXP 	surround_grating: autoDraw = True
668.5734 	EXP 	center_grating: autoDraw = True
668.6485 	EXP 	surround_grating: autoDraw = False
668.6485 	EXP 	center_grating: autoDraw = False
669.4228 	DATA 	Keypress: right
669.4285 	INFO 	Keyboard events cleared
669.4281 	EXP 	surround_grating: autoDraw = False
669.4281 	EXP 	center_grating: autoDraw = False
669.4281 	EXP 	surround_grating: ori = -30.0
669.4281 	EXP 	surround_grating: phase = array([0.33744294, 0.33744294])
669.4281 	EXP 	center_grating: ori = -4.0
669.4281 	EXP 	center_grating: phase = array([0.81819615, 0.81819615])
669.9147 	EXP 	surround_grating: autoDraw = True
669.9147 	EXP 	center_grating: autoDraw = True
669.9869 	EXP 	surround_grating: autoDraw = False
669.9869 	EXP 	center_grating: autoDraw = False
670.6047 	DATA 	Keypress: left
670.6104 	INFO 	Keyboard events cleared
670.6100 	EXP 	surround_grating: autoDraw = False
670.6100 	EXP 	center_grating: autoDraw = False
670.6100 	EXP 	surround_grating: ori = 69.0
670.6100 	EXP 	surround_grating: phase = array([0.72335474, 0.72335474])
670.6100 	EXP 	center_grating: ori = -0.5
670.6100 	EXP 	center_grating: phase = array([0.43516548, 0.43516548])
671.0981 	EXP 	surround_grating: autoDraw = True
671.0981 	EXP 	center_grating: autoDraw = True
671.1698 	EXP 	surround_grating: autoDraw = False
671.1698 	EXP 	center_grating: autoDraw = False
671.7725 	DATA 	Keypress: right
671.7781 	INFO 	Keyboard events cleared
671.7776 	EXP 	surround_grating: autoDraw = False
671.7776 	EXP 	center_grating: autoDraw = False
671.7776 	EXP 	surround_grating: ori = 30.0
671.7776 	EXP 	surround_grating: phase = array([0.89976001, 0.89976001])
671.7776 	EXP 	center_grating: ori = 3.5
671.7776 	EXP 	center_grating: phase = array([0.5328616, 0.5328616])
672.2646 	EXP 	surround_grating: autoDraw = True
672.2646 	EXP 	center_grating: autoDraw = True
672.3380 	EXP 	surround_grating: autoDraw = False
672.3380 	EXP 	center_grating: autoDraw = False
673.6718 	DATA 	Keypress: right
673.6775 	INFO 	Keyboard events cleared
673.6770 	EXP 	surround_grating: autoDraw = False
673.6770 	EXP 	center_grating: autoDraw = False
673.6770 	EXP 	surround_grating: ori = -30.0
673.6770 	EXP 	surround_grating: phase = array([0.40387616, 0.40387616])
673.6770 	EXP 	center_grating: ori = -5.0
673.6770 	EXP 	center_grating: phase = array([0.50460065, 0.50460065])
674.1647 	EXP 	surround_grating: autoDraw = True
674.1647 	EXP 	center_grating: autoDraw = True
674.2370 	EXP 	surround_grating: autoDraw = False
674.2370 	EXP 	center_grating: autoDraw = False
674.7222 	DATA 	Keypress: left
674.7277 	INFO 	Keyboard events cleared
674.7272 	EXP 	surround_grating: autoDraw = False
674.7272 	EXP 	center_grating: autoDraw = False
674.7272 	EXP 	surround_grating: ori = 30.0
674.7272 	EXP 	surround_grating: phase = array([0.81144468, 0.81144468])
674.7272 	EXP 	center_grating: ori = 3.0
674.7272 	EXP 	center_grating: phase = array([0.41439755, 0.41439755])
675.2147 	EXP 	surround_grating: autoDraw = True
675.2147 	EXP 	center_grating: autoDraw = True
675.2876 	EXP 	surround_grating: autoDraw = False
675.2876 	EXP 	center_grating: autoDraw = False
675.7723 	DATA 	Keypress: left
675.7775 	INFO 	Keyboard events cleared
675.7770 	EXP 	surround_grating: autoDraw = False
675.7770 	EXP 	center_grating: autoDraw = False
675.7770 	EXP 	text_14: autoDraw = True
681.8783 	DATA 	Keypress: space
681.8845 	INFO 	Keyboard events cleared
681.8840 	EXP 	text_14: autoDraw = False
681.8840 	EXP 	text_4: autoDraw = True
700.2599 	DATA 	Keypress: space
700.2652 	EXP 	text_4: autoDraw = False
700.2654 	EXP 	tilt_staircase: status = STOPPED
700.3586 	INFO 	saved data to '/Users/cpcr/Documents/tilt/tilt_staircase/data/sub-21049996/ses-0/sub-21049996_ses-0_exp-tiltstaircase_2025-10-20_13h29.32.005.csv'
700.3615 	INFO 	saved data to /Users/cpcr/Documents/tilt/tilt_staircase/data/sub-21049996/ses-0/sub-21049996_ses-0_exp-tiltstaircase_2025-10-20_13h29.32.005.psydat
