14.7585 	WARNING 	Font Manager failed to load file /System/Library/PrivateFrameworks/FontServices.framework/Resources/Reserved/PingFangUI.ttc
19.0387 	INFO 	Loaded monitor calibration from ['2025_09_15 11:13']
19.2776 	EXP 	Created window1 = Window(allowGUI=False, allowStencil=False, autoLog=True, backendConf=UNKNOWN, backgroundFit=<method-wrapper '__getattribute__' of attributeSetter object at 0x16732e8c0>, backgroundImage=<method-wrapper '__getattribute__' of attributeSetter object at 0x16732e920>, bitsMode=UNKNOWN, blendMode='avg', bpc=(8, 8, 8), color=array([0, 0, 0]), colorSpace='rgb', depthBits=8, fullscr=True, gamma=None, gammaErrorPolicy='raise', infoMsg=UNKNOWN, lms=UNKNOWN, monitor=<psychopy.monitors.calibTools.Monitor object at 0x166f23730>, multiSample=False, name='window1', numSamples=2, pos=[0.0, 0.0], screen=0, size=array([2880, 1800]), stencilBits=0, stereo=False, title='PsychoPy', units='height', useFBO=True, useRetina=True, viewOri=0.0, viewPos=None, viewScale=None, waitBlanking=True, winType='pyglet')
19.2777 	EXP 	window1: backgroundImage = ''
19.2777 	EXP 	window1: backgroundFit = 'none'
19.3248 	EXP 	window1: Attempting to measure frame rate of screen (0) ...
19.3248 	EXP 	window1: recordFrameIntervals = False
19.4721 	EXP 	window1: recordFrameIntervals = True
20.3122 	WARNING 	Couldn't measure a consistent frame rate!
  - Is your graphics card set to sync to vertical blank?
  - Are you running other processes on your computer?

23.2596 	INFO 	keyboard.Keyboard is using iohub backend.
23.2597 	INFO 	keyboard.Keyboard is using iohub backend.
23.2597 	INFO 	keyboard.Keyboard is using iohub backend.
23.2597 	INFO 	keyboard.Keyboard is using iohub backend.
23.2597 	INFO 	keyboard.Keyboard is using iohub backend.
23.2598 	INFO 	keyboard.Keyboard is using iohub backend.
23.2598 	INFO 	keyboard.Keyboard is using iohub backend.
23.2598 	INFO 	keyboard.Keyboard is using iohub backend.
23.2598 	INFO 	keyboard.Keyboard is using iohub backend.
23.2598 	INFO 	keyboard.Keyboard is using iohub backend.
23.2599 	EXP 	tilt_staircase: status = STARTED
23.3011 	EXP 	Created text_5 = TextStim(__class__=<class 'psychopy.visual.text.TextStim'>, alignHoriz=method-wrapper(...), alignText='center', alignVert=method-wrapper(...), anchorHoriz='center', anchorVert='center', antialias=True, autoDraw=False, autoLog=True, bold=False, color=array([1., 1., 1.]), colorSpace='rgb', contrast=1.0, depth=0.0, draggable=False, flipHoriz=False, flipVert=False, font='Arial', fontFiles=[], height=0.05, italic=False, languageStyle='LTR', name='text_5', opacity=1, ori=0.0, pos=array([0., 0.]), rgb=UNKNOWN, text=str(...), units='height', win=Window(...), wrapWidth=1)
23.3074 	EXP 	Created text_6 = TextStim(__class__=<class 'psychopy.visual.text.TextStim'>, alignHoriz=method-wrapper(...), alignText='center', alignVert=method-wrapper(...), anchorHoriz='center', anchorVert='center', antialias=True, autoDraw=False, autoLog=True, bold=False, color=array([1., 1., 1.]), colorSpace='rgb', contrast=1.0, depth=0.0, draggable=False, flipHoriz=False, flipVert=False, font='Arial', fontFiles=[], height=0.05, italic=False, languageStyle='LTR', name='text_6', opacity=1, ori=0.0, pos=array([0., 0.]), rgb=UNKNOWN, text=str(...), units='height', win=Window(...), wrapWidth=1)
23.3097 	EXP 	Created surround_practice = GratingStim(__class__=<class 'psychopy.visual.grating.GratingStim'>, anchor='center', autoDraw=False, autoLog=True, blendmode='avg', color=array([0.2, 0.2, 0.2]), colorSpace='rgb', contrast=0.2, depth=-1.0, draggable=False, interpolate=True, mask='circle', maskParams=None, name='surround_practice', opacity=1, ori=1.0, phase=array([1., 1.]), pos=array([0., 0.]), rgbPedestal=array([0., 0., 0.]), sf=array([2.5, 2.5]), size=array([6., 6.]), tex='sin', texRes=128.0, units='cm', win=Window(...))
23.3113 	EXP 	Created center_practice = GratingStim(__class__=<class 'psychopy.visual.grating.GratingStim'>, anchor='center', autoDraw=False, autoLog=True, blendmode='avg', color=array([1., 1., 1.]), colorSpace='rgb', contrast=1.0, depth=-2.0, draggable=False, interpolate=True, mask='circle', maskParams=None, name='center_practice', opacity=1, ori=1.0, phase=array([1., 1.]), pos=array([0., 0.]), rgbPedestal=array([0., 0., 0.]), sf=array([2.5, 2.5]), size=array([2., 2.]), tex='sin', texRes=128.0, units='cm', win=Window(...))
23.3148 	EXP 	Created text_11 = TextStim(__class__=<class 'psychopy.visual.text.TextStim'>, alignHoriz=method-wrapper(...), alignText='center', alignVert=method-wrapper(...), anchorHoriz='center', anchorVert='center', antialias=True, autoDraw=False, autoLog=True, bold=False, color=array([1., 1., 1.]), colorSpace='rgb', contrast=1.0, depth=-4.0, draggable=False, flipHoriz=False, flipVert=False, font='Arial', fontFiles=[], height=0.05, italic=False, languageStyle='LTR', name='text_11', opacity=1, ori=0.0, pos=array([0., 0.]), rgb=UNKNOWN, text=str(...), units='height', win=Window(...), wrapWidth=1)
23.3153 	EXP 	Created text_7 = TextStim(__class__=<class 'psychopy.visual.text.TextStim'>, alignHoriz=method-wrapper(...), alignText='center', alignVert=method-wrapper(...), anchorHoriz='center', anchorVert='center', antialias=True, autoDraw=False, autoLog=True, bold=False, color=array([1., 1., 1.]), colorSpace='rgb', contrast=1.0, depth=-1.0, draggable=False, flipHoriz=False, flipVert=False, font='Arial', fontFiles=[], height=0.05, italic=False, languageStyle='LTR', name='text_7', opacity=1, ori=0.0, pos=array([0., 0.]), rgb=UNKNOWN, text='', units='height', win=Window(...), wrapWidth=1)
23.3219 	EXP 	Created text_8 = TextStim(__class__=<class 'psychopy.visual.text.TextStim'>, alignHoriz=method-wrapper(...), alignText='center', alignVert=method-wrapper(...), anchorHoriz='center', anchorVert='center', antialias=True, autoDraw=False, autoLog=True, bold=False, color=array([1., 1., 1.]), colorSpace='rgb', contrast=1.0, depth=0.0, draggable=False, flipHoriz=False, flipVert=False, font='Arial', fontFiles=[], height=0.05, italic=False, languageStyle='LTR', name='text_8', opacity=1, ori=0.0, pos=array([0., 0.]), rgb=UNKNOWN, text=str(...), units='height', win=Window(...), wrapWidth=1)
23.3234 	EXP 	Created surround_practice_2 = GratingStim(__class__=<class 'psychopy.visual.grating.GratingStim'>, anchor='center', autoDraw=False, autoLog=True, blendmode='avg', color=array([0.2, 0.2, 0.2]), colorSpace='rgb', contrast=0.2, depth=0.0, draggable=False, interpolate=True, mask='circle', maskParams=None, name='surround_practice_2', opacity=1.0, ori=1.0, phase=array([0., 0.]), pos=array([0., 0.]), rgbPedestal=array([0., 0., 0.]), sf=array([2.5, 2.5]), size=array([6., 6.]), tex='sin', texRes=128.0, units='cm', win=Window(...))
23.3249 	EXP 	Created center_practice_2 = GratingStim(__class__=<class 'psychopy.visual.grating.GratingStim'>, anchor='center', autoDraw=False, autoLog=True, blendmode='avg', color=array([0.2, 0.2, 0.2]), colorSpace='rgb', contrast=0.2, depth=-1.0, draggable=False, interpolate=True, mask='circle', maskParams=None, name='center_practice_2', opacity=1, ori=1.0, phase=array([0., 0.]), pos=array([0., 0.]), rgbPedestal=array([0., 0., 0.]), sf=array([2.5, 2.5]), size=array([2., 2.]), tex='sin', texRes=128.0, units='cm', win=Window(...))
23.3272 	EXP 	Created text_12 = TextStim(__class__=<class 'psychopy.visual.text.TextStim'>, alignHoriz=method-wrapper(...), alignText='center', alignVert=method-wrapper(...), anchorHoriz='center', anchorVert='center', antialias=True, autoDraw=False, autoLog=True, bold=False, color=array([1., 1., 1.]), colorSpace='rgb', contrast=1.0, depth=-3.0, draggable=False, flipHoriz=False, flipVert=False, font='Arial', fontFiles=[], height=0.05, italic=False, languageStyle='LTR', name='text_12', opacity=1, ori=0.0, pos=array([0., 0.]), rgb=UNKNOWN, text=str(...), units='height', win=Window(...), wrapWidth=1)
23.3277 	EXP 	Created text_7 = TextStim(__class__=<class 'psychopy.visual.text.TextStim'>, alignHoriz=method-wrapper(...), alignText='center', alignVert=method-wrapper(...), anchorHoriz='center', anchorVert='center', antialias=True, autoDraw=False, autoLog=True, bold=False, color=array([1., 1., 1.]), colorSpace='rgb', contrast=1.0, depth=-1.0, draggable=False, flipHoriz=False, flipVert=False, font='Arial', fontFiles=[], height=0.05, italic=False, languageStyle='LTR', name='text_7', opacity=1, ori=0.0, pos=array([0., 0.]), rgb=UNKNOWN, text='', units='height', win=Window(...), wrapWidth=1)
23.3382 	EXP 	Created text_13 = TextStim(__class__=<class 'psychopy.visual.text.TextStim'>, alignHoriz=method-wrapper(...), alignText='center', alignVert=method-wrapper(...), anchorHoriz='center', anchorVert='center', antialias=True, autoDraw=False, autoLog=True, bold=False, color=array([1., 1., 1.]), colorSpace='rgb', contrast=1.0, depth=0.0, draggable=False, flipHoriz=False, flipVert=False, font='Arial', fontFiles=[], height=0.05, italic=False, languageStyle='LTR', name='text_13', opacity=1, ori=0.0, pos=array([0., 0.]), rgb=UNKNOWN, text=str(...), units='height', win=Window(...), wrapWidth=1)
23.3397 	EXP 	Created surround_grating = GratingStim(__class__=<class 'psychopy.visual.grating.GratingStim'>, anchor='center', autoDraw=False, autoLog=True, blendmode='avg', color=array([0.2, 0.2, 0.2]), colorSpace='rgb', contrast=0.2, depth=-2.0, draggable=False, interpolate=True, mask='circle', maskParams=None, name='surround_grating', opacity=1.0, ori=1.0, phase=array([1., 1.]), pos=array([0., 0.]), rgbPedestal=array([0., 0., 0.]), sf=array([2.5, 2.5]), size=array([6., 6.]), tex='sin', texRes=128.0, units='cm', win=Window(...))
23.3412 	EXP 	Created center_grating = GratingStim(__class__=<class 'psychopy.visual.grating.GratingStim'>, anchor='center', autoDraw=False, autoLog=True, blendmode='avg', color=array([0.2, 0.2, 0.2]), colorSpace='rgb', contrast=0.2, depth=-3.0, draggable=False, interpolate=True, mask='circle', maskParams=None, name='center_grating', opacity=1, ori=1.0, phase=array([1., 1.]), pos=array([0., 0.]), rgbPedestal=array([0., 0., 0.]), sf=array([2.5, 2.5]), size=array([2., 2.]), tex='sin', texRes=128.0, units='cm', win=Window(...))
23.3440 	EXP 	Created text_14 = TextStim(__class__=<class 'psychopy.visual.text.TextStim'>, alignHoriz=method-wrapper(...), alignText='center', alignVert=method-wrapper(...), anchorHoriz='center', anchorVert='center', antialias=True, autoDraw=False, autoLog=True, bold=False, color=array([1., 1., 1.]), colorSpace='rgb', contrast=1.0, depth=0.0, draggable=False, flipHoriz=False, flipVert=False, font='Arial', fontFiles=[], height=0.05, italic=False, languageStyle='LTR', name='text_14', opacity=1, ori=0.0, pos=array([0., 0.]), rgb=UNKNOWN, text=str(...), units='height', win=Window(...), wrapWidth=1)
23.3458 	EXP 	Created text_4 = TextStim(__class__=<class 'psychopy.visual.text.TextStim'>, alignHoriz=method-wrapper(...), alignText='center', alignVert=method-wrapper(...), anchorHoriz='center', anchorVert='center', antialias=True, autoDraw=False, autoLog=True, bold=False, color=array([1., 1., 1.]), colorSpace='rgb', contrast=1.0, depth=0.0, draggable=False, flipHoriz=False, flipVert=False, font='Arial', fontFiles=[], height=0.05, italic=False, languageStyle='LTR', name='text_4', opacity=1, ori=0.0, pos=array([0., 0.]), rgb=UNKNOWN, text='thank you and have a pleasant day ', units='height', win=Window(...), wrapWidth=1)
0.0185 	INFO 	Keyboard events cleared
0.0180 	EXP 	text_5: autoDraw = True
436.5992 	DATA 	Keypress: space
436.6072 	INFO 	Keyboard events cleared
436.6067 	WARNING 	t of last frame was 57.78ms (=1/17)
436.6067 	EXP 	text_5: autoDraw = False
436.6067 	EXP 	text_6: autoDraw = True
444.3072 	EXP 	Imported tilt_practice_1.csv as conditions, 4 conditions, 3 params
444.3082 	EXP 	New trial (rep=0, index=0): <Trial 0 (0 in rep 0) data={'center': 30, 'surround': 0, 'correct': 'right', 'thisN': 0, 'thisTrialN': 0, 'thisRepN': 0}>
444.3126 	DATA 	Keypress: space
444.3185 	INFO 	Keyboard events cleared
444.3180 	WARNING 	t of last frame was 25.21ms (=1/39)
444.3180 	EXP 	text_6: autoDraw = False
444.3180 	EXP 	surround_practice: ori = 0.0
444.3180 	EXP 	surround_practice: phase = array([0.30873524, 0.30873524])
444.3180 	EXP 	center_practice: ori = 30.0
444.3180 	EXP 	center_practice: phase = array([0.5658603, 0.5658603])
444.8260 	WARNING 	t of last frame was 43.76ms (=1/22)
444.8260 	EXP 	surround_practice: autoDraw = True
444.8260 	EXP 	center_practice: autoDraw = True
444.8260 	EXP 	surround_practice: tex = 'sin'
444.8260 	EXP 	center_practice: tex = 'sin'
445.7956 	EXP 	text_11: autoDraw = True
445.8154 	EXP 	surround_practice: autoDraw = False
445.8154 	EXP 	center_practice: autoDraw = False
450.4543 	DATA 	Keypress: right
450.4590 	WARNING 	t of last frame was 65.92ms (=1/15)
450.4590 	EXP 	surround_practice: autoDraw = False
450.4590 	EXP 	center_practice: autoDraw = False
450.4590 	EXP 	text_11: autoDraw = False
450.4590 	EXP 	text_7: height = 0.05
450.4590 	EXP 	text_7: height = 0.05
450.4590 	EXP 	text_7: height = 0.05
450.4590 	EXP 	text_7: text = 'Correct'
450.4590 	EXP 	text_7: autoDraw = True
451.9004 	EXP 	New trial (rep=0, index=1): <Trial 1 (1 in rep 0) data={'center': -30, 'surround': 0, 'correct': 'left', 'thisN': 1, 'thisTrialN': 1, 'thisRepN': 0}>
451.9100 	INFO 	Keyboard events cleared
451.9095 	EXP 	text_7: autoDraw = False
451.9095 	EXP 	surround_practice: ori = 0.0
451.9095 	EXP 	surround_practice: phase = array([0.92822279, 0.92822279])
451.9095 	EXP 	center_practice: ori = -30.0
451.9095 	EXP 	center_practice: phase = array([0.93399671, 0.93399671])
452.3925 	EXP 	surround_practice: autoDraw = True
452.3925 	EXP 	center_practice: autoDraw = True
453.3810 	EXP 	surround_practice: autoDraw = False
453.3810 	EXP 	center_practice: autoDraw = False
453.3932 	EXP 	text_11: autoDraw = True
455.6060 	DATA 	Keypress: left
455.6113 	EXP 	surround_practice: autoDraw = False
455.6113 	EXP 	center_practice: autoDraw = False
455.6113 	EXP 	text_11: autoDraw = False
455.6113 	EXP 	text_7: text = 'Correct'
455.6113 	EXP 	text_7: autoDraw = True
457.0993 	EXP 	New trial (rep=0, index=2): <Trial 2 (2 in rep 0) data={'center': 30, 'surround': 60, 'correct': 'right', 'thisN': 2, 'thisTrialN': 2, 'thisRepN': 0}>
457.1104 	INFO 	Keyboard events cleared
457.1099 	EXP 	text_7: autoDraw = False
457.1099 	EXP 	text_7: autoDraw = False
457.1099 	EXP 	surround_practice: ori = 60.0
457.1099 	EXP 	surround_practice: phase = array([0.462451, 0.462451])
457.1099 	EXP 	center_practice: ori = 30.0
457.1099 	EXP 	center_practice: phase = array([0.89540122, 0.89540122])
457.6021 	EXP 	surround_practice: autoDraw = True
457.6021 	EXP 	center_practice: autoDraw = True
458.1895 	DATA 	Keypress: right
458.1951 	EXP 	surround_practice: autoDraw = False
458.1951 	EXP 	center_practice: autoDraw = False
458.1951 	EXP 	text_11: autoDraw = False
458.1951 	EXP 	text_7: text = 'Correct'
458.1951 	EXP 	text_7: autoDraw = True
459.6843 	EXP 	New trial (rep=0, index=3): <Trial 3 (3 in rep 0) data={'center': -30, 'surround': -60, 'correct': 'left', 'thisN': 3, 'thisTrialN': 3, 'thisRepN': 0}>
459.6934 	INFO 	Keyboard events cleared
459.6930 	EXP 	text_7: autoDraw = False
459.6930 	EXP 	text_7: autoDraw = False
459.6930 	EXP 	surround_practice: ori = -60.0
459.6930 	EXP 	surround_practice: phase = array([0.42460722, 0.42460722])
459.6930 	EXP 	center_practice: ori = -30.0
459.6930 	EXP 	center_practice: phase = array([0.27082994, 0.27082994])
460.1861 	EXP 	surround_practice: autoDraw = True
460.1861 	EXP 	center_practice: autoDraw = True
460.7175 	DATA 	Keypress: left
460.7226 	EXP 	surround_practice: autoDraw = False
460.7226 	EXP 	center_practice: autoDraw = False
460.7226 	EXP 	text_11: autoDraw = False
460.7226 	EXP 	text_7: text = 'Correct'
460.7226 	EXP 	text_7: autoDraw = True
462.2190 	INFO 	Keyboard events cleared
462.2185 	EXP 	text_7: autoDraw = False
462.2185 	EXP 	text_7: autoDraw = False
462.2185 	EXP 	text_8: autoDraw = True
476.2194 	EXP 	Imported tilt_practice_2.csv as conditions, 6 conditions, 4 params
476.2199 	EXP 	New trial (rep=0, index=0): <Trial 0 (0 in rep 0) data={'center': -30, 'surround': -60, 'correct': 'left', 'opacity': 100, 'thisN': 0, 'thisTrialN': 0, 'thisRepN': 0}>
476.2240 	DATA 	Keypress: space
476.2303 	INFO 	Keyboard events cleared
476.2298 	EXP 	text_8: autoDraw = False
476.2298 	EXP 	surround_practice_2: ori = -60.0
476.2298 	EXP 	center_practice_2: ori = -30.0
476.7142 	EXP 	surround_practice_2: autoDraw = True
476.7142 	EXP 	center_practice_2: autoDraw = True
476.7142 	EXP 	surround_practice_2: tex = 'sin'
476.7142 	EXP 	center_practice_2: tex = 'sin'
476.7857 	EXP 	surround_practice_2: autoDraw = False
476.7857 	EXP 	center_practice_2: autoDraw = False
476.7857 	EXP 	text_12: autoDraw = True
477.6896 	DATA 	Keypress: right
477.7105 	WARNING 	Multiple dropped frames have occurred - I'll stop bothering you about them!
477.7104 	EXP 	surround_practice_2: autoDraw = False
477.7104 	EXP 	center_practice_2: autoDraw = False
477.7104 	EXP 	text_12: autoDraw = False
477.7104 	EXP 	text_7: text = 'Correct'
477.7104 	EXP 	text_7: autoDraw = True
479.1943 	EXP 	New trial (rep=0, index=1): <Trial 1 (1 in rep 0) data={'center': -30, 'surround': 0, 'correct': 'left', 'opacity': 100, 'thisN': 1, 'thisTrialN': 1, 'thisRepN': 0}>
479.1999 	INFO 	Keyboard events cleared
479.1995 	EXP 	text_7: autoDraw = False
479.1995 	EXP 	surround_practice_2: ori = 0.0
479.1995 	EXP 	center_practice_2: ori = -30.0
479.6858 	EXP 	surround_practice_2: autoDraw = True
479.6858 	EXP 	center_practice_2: autoDraw = True
479.7606 	EXP 	surround_practice_2: autoDraw = False
479.7606 	EXP 	center_practice_2: autoDraw = False
479.7606 	EXP 	text_12: autoDraw = True
479.9898 	DATA 	Keypress: left
480.0106 	EXP 	surround_practice_2: autoDraw = False
480.0106 	EXP 	center_practice_2: autoDraw = False
480.0106 	EXP 	text_12: autoDraw = False
480.0106 	EXP 	text_7: text = 'Correct'
480.0106 	EXP 	text_7: autoDraw = True
481.4945 	EXP 	New trial (rep=0, index=2): <Trial 2 (2 in rep 0) data={'center': 30, 'surround': 60, 'correct': 'right', 'opacity': 100, 'thisN': 2, 'thisTrialN': 2, 'thisRepN': 0}>
481.5008 	INFO 	Keyboard events cleared
481.5001 	EXP 	text_7: autoDraw = False
481.5001 	EXP 	surround_practice_2: ori = 60.0
481.5001 	EXP 	center_practice_2: ori = 30.0
481.9861 	EXP 	surround_practice_2: autoDraw = True
481.9861 	EXP 	center_practice_2: autoDraw = True
482.0604 	EXP 	surround_practice_2: autoDraw = False
482.0604 	EXP 	center_practice_2: autoDraw = False
482.0604 	EXP 	text_12: autoDraw = True
482.2993 	DATA 	Keypress: right
482.3045 	EXP 	surround_practice_2: autoDraw = False
482.3045 	EXP 	center_practice_2: autoDraw = False
482.3045 	EXP 	text_12: autoDraw = False
482.3045 	EXP 	text_7: text = 'Correct'
482.3045 	EXP 	text_7: autoDraw = True
483.7952 	EXP 	New trial (rep=0, index=3): <Trial 3 (3 in rep 0) data={'center': 30, 'surround': 0, 'correct': 'right', 'opacity': 100, 'thisN': 3, 'thisTrialN': 3, 'thisRepN': 0}>
483.8015 	INFO 	Keyboard events cleared
483.8011 	EXP 	text_7: autoDraw = False
483.8011 	EXP 	text_7: autoDraw = False
483.8011 	EXP 	surround_practice_2: ori = 0.0
483.8011 	EXP 	center_practice_2: ori = 30.0
484.2939 	EXP 	surround_practice_2: autoDraw = True
484.2939 	EXP 	center_practice_2: autoDraw = True
484.3675 	EXP 	surround_practice_2: autoDraw = False
484.3675 	EXP 	center_practice_2: autoDraw = False
484.3675 	EXP 	text_12: autoDraw = True
484.7164 	DATA 	Keypress: right
484.7218 	EXP 	surround_practice_2: autoDraw = False
484.7218 	EXP 	center_practice_2: autoDraw = False
484.7218 	EXP 	text_12: autoDraw = False
484.7218 	EXP 	text_7: text = 'Correct'
484.7218 	EXP 	text_7: autoDraw = True
486.2118 	EXP 	New trial (rep=0, index=4): <Trial 4 (4 in rep 0) data={'center': -30, 'surround': 69, 'correct': 'left', 'opacity': 0, 'thisN': 4, 'thisTrialN': 4, 'thisRepN': 0}>
486.2178 	INFO 	Keyboard events cleared
486.2174 	EXP 	text_7: autoDraw = False
486.2174 	EXP 	text_7: autoDraw = False
486.2174 	EXP 	surround_practice_2: ori = 69.0
486.2174 	EXP 	center_practice_2: ori = -30.0
486.7106 	EXP 	surround_practice_2: autoDraw = True
486.7106 	EXP 	center_practice_2: autoDraw = True
486.7841 	EXP 	surround_practice_2: autoDraw = False
486.7841 	EXP 	center_practice_2: autoDraw = False
486.7841 	EXP 	text_12: autoDraw = True
487.1559 	DATA 	Keypress: right
487.1614 	EXP 	surround_practice_2: autoDraw = False
487.1614 	EXP 	center_practice_2: autoDraw = False
487.1614 	EXP 	text_12: autoDraw = False
487.1614 	EXP 	text_7: text = 'Correct'
487.1614 	EXP 	text_7: autoDraw = True
487.3490 	DATA 	Keypress: left
488.6452 	EXP 	New trial (rep=0, index=5): <Trial 5 (5 in rep 0) data={'center': 30, 'surround': 69, 'correct': 'right', 'opacity': 0, 'thisN': 5, 'thisTrialN': 5, 'thisRepN': 0}>
488.6515 	INFO 	Keyboard events cleared
488.6510 	EXP 	text_7: autoDraw = False
488.6510 	EXP 	text_7: autoDraw = False
488.6510 	EXP 	surround_practice_2: ori = 69.0
488.6510 	EXP 	center_practice_2: ori = 30.0
489.1535 	EXP 	surround_practice_2: autoDraw = True
489.1535 	EXP 	center_practice_2: autoDraw = True
489.2279 	EXP 	surround_practice_2: autoDraw = False
489.2279 	EXP 	center_practice_2: autoDraw = False
489.2279 	EXP 	text_12: autoDraw = True
489.6339 	DATA 	Keypress: right
489.6393 	EXP 	surround_practice_2: autoDraw = False
489.6393 	EXP 	center_practice_2: autoDraw = False
489.6393 	EXP 	text_12: autoDraw = False
489.6393 	EXP 	text_7: text = 'Correct'
489.6393 	EXP 	text_7: autoDraw = True
491.1382 	INFO 	Keyboard events cleared
491.1377 	EXP 	text_7: autoDraw = False
491.1377 	EXP 	text_7: autoDraw = False
491.1377 	EXP 	text_13: autoDraw = True
526.6214 	EXP 	New trial (rep=0, index=0): <Trial 0 (0 in rep 0) data={'thisN': 0, 'thisTrialN': 0, 'thisRepN': 0}>
526.6284 	EXP 	Imported tilt_staircase.csv as conditions, 6 conditions, 10 params
526.7413 	DATA 	Keypress: space
526.7464 	INFO 	Keyboard events cleared
526.7460 	EXP 	text_13: autoDraw = False
526.7460 	EXP 	surround_grating: ori = -30.0
526.7460 	EXP 	surround_grating: phase = array([0.05846582, 0.05846582])
526.7460 	EXP 	center_grating: ori = 15.0
526.7460 	EXP 	center_grating: phase = array([0.1515155, 0.1515155])
527.1261 	EXP 	surround_grating: autoDraw = True
527.1261 	EXP 	center_grating: autoDraw = True
527.1261 	EXP 	surround_grating: tex = 'sin'
527.1261 	EXP 	center_grating: tex = 'sin'
527.2010 	EXP 	surround_grating: autoDraw = False
527.2010 	EXP 	center_grating: autoDraw = False
527.7689 	DATA 	Keypress: right
527.7745 	INFO 	Keyboard events cleared
527.7740 	EXP 	surround_grating: autoDraw = False
527.7740 	EXP 	center_grating: autoDraw = False
527.7740 	EXP 	surround_grating: ori = 69.0
527.7740 	EXP 	surround_grating: phase = array([0.37801546, 0.37801546])
527.7740 	EXP 	center_grating: ori = -15.0
527.7740 	EXP 	center_grating: phase = array([0.57992253, 0.57992253])
528.2621 	EXP 	surround_grating: autoDraw = True
528.2621 	EXP 	center_grating: autoDraw = True
528.3353 	EXP 	surround_grating: autoDraw = False
528.3353 	EXP 	center_grating: autoDraw = False
528.7041 	DATA 	Keypress: left
528.7098 	INFO 	Keyboard events cleared
528.7094 	EXP 	surround_grating: autoDraw = False
528.7094 	EXP 	center_grating: autoDraw = False
528.7094 	EXP 	surround_grating: ori = 30.0
528.7094 	EXP 	surround_grating: phase = array([0.10140147, 0.10140147])
528.7094 	EXP 	center_grating: ori = -15.0
528.7094 	EXP 	center_grating: phase = array([0.48648462, 0.48648462])
529.1953 	EXP 	surround_grating: autoDraw = True
529.1953 	EXP 	center_grating: autoDraw = True
529.2679 	EXP 	surround_grating: autoDraw = False
529.2679 	EXP 	center_grating: autoDraw = False
529.7581 	DATA 	Keypress: left
529.7796 	INFO 	Keyboard events cleared
529.7790 	EXP 	surround_grating: autoDraw = False
529.7790 	EXP 	center_grating: autoDraw = False
529.7790 	EXP 	surround_grating: ori = 69.0
529.7790 	EXP 	surround_grating: phase = array([0.26603294, 0.26603294])
529.7790 	EXP 	center_grating: ori = 15.0
529.7790 	EXP 	center_grating: phase = array([0.41154436, 0.41154436])
530.2543 	EXP 	surround_grating: autoDraw = True
530.2543 	EXP 	center_grating: autoDraw = True
530.3292 	EXP 	surround_grating: autoDraw = False
530.3292 	EXP 	center_grating: autoDraw = False
530.6866 	DATA 	Keypress: right
530.6926 	INFO 	Keyboard events cleared
530.6920 	EXP 	surround_grating: autoDraw = False
530.6920 	EXP 	center_grating: autoDraw = False
530.6920 	EXP 	surround_grating: ori = -30.0
530.6920 	EXP 	surround_grating: phase = array([0.97455021, 0.97455021])
530.6920 	EXP 	center_grating: ori = -15.0
530.6920 	EXP 	center_grating: phase = array([0.30560264, 0.30560264])
531.1788 	EXP 	surround_grating: autoDraw = True
531.1788 	EXP 	center_grating: autoDraw = True
531.2516 	EXP 	surround_grating: autoDraw = False
531.2516 	EXP 	center_grating: autoDraw = False
531.6704 	DATA 	Keypress: left
531.6760 	INFO 	Keyboard events cleared
531.6755 	EXP 	surround_grating: autoDraw = False
531.6755 	EXP 	center_grating: autoDraw = False
531.6755 	EXP 	surround_grating: ori = 30.0
531.6755 	EXP 	surround_grating: phase = array([0.19278567, 0.19278567])
531.6755 	EXP 	center_grating: ori = 15.0
531.6755 	EXP 	center_grating: phase = array([0.17342416, 0.17342416])
532.1623 	EXP 	surround_grating: autoDraw = True
532.1623 	EXP 	center_grating: autoDraw = True
532.2346 	EXP 	surround_grating: autoDraw = False
532.2346 	EXP 	center_grating: autoDraw = False
532.6687 	DATA 	Keypress: right
532.6743 	INFO 	Keyboard events cleared
532.6738 	EXP 	surround_grating: autoDraw = False
532.6738 	EXP 	center_grating: autoDraw = False
532.6738 	EXP 	surround_grating: ori = -30.0
532.6738 	EXP 	surround_grating: phase = array([0.14173888, 0.14173888])
532.6738 	EXP 	center_grating: ori = 10.0
532.6738 	EXP 	center_grating: phase = array([0.96617563, 0.96617563])
533.1624 	EXP 	surround_grating: autoDraw = True
533.1624 	EXP 	center_grating: autoDraw = True
533.2349 	EXP 	surround_grating: autoDraw = False
533.2349 	EXP 	center_grating: autoDraw = False
533.6090 	DATA 	Keypress: left
533.6150 	INFO 	Keyboard events cleared
533.6145 	EXP 	surround_grating: autoDraw = False
533.6145 	EXP 	center_grating: autoDraw = False
533.6145 	EXP 	surround_grating: ori = 30.0
533.6145 	EXP 	surround_grating: phase = array([0.38594089, 0.38594089])
533.6145 	EXP 	center_grating: ori = -10.0
533.6145 	EXP 	center_grating: phase = array([0.27572795, 0.27572795])
534.1044 	EXP 	surround_grating: autoDraw = True
534.1044 	EXP 	center_grating: autoDraw = True
534.1794 	EXP 	surround_grating: autoDraw = False
534.1794 	EXP 	center_grating: autoDraw = False
534.5925 	DATA 	Keypress: left
534.5984 	INFO 	Keyboard events cleared
534.5979 	EXP 	surround_grating: autoDraw = False
534.5979 	EXP 	center_grating: autoDraw = False
534.5979 	EXP 	surround_grating: ori = 30.0
534.5979 	EXP 	surround_grating: phase = array([0.49501508, 0.49501508])
534.5979 	EXP 	center_grating: ori = 10.0
534.5979 	EXP 	center_grating: phase = array([0.54445474, 0.54445474])
535.0880 	EXP 	surround_grating: autoDraw = True
535.0880 	EXP 	center_grating: autoDraw = True
535.1627 	EXP 	surround_grating: autoDraw = False
535.1627 	EXP 	center_grating: autoDraw = False
535.5420 	DATA 	Keypress: left
535.5487 	INFO 	Keyboard events cleared
535.5482 	EXP 	surround_grating: autoDraw = False
535.5482 	EXP 	center_grating: autoDraw = False
535.5482 	EXP 	surround_grating: ori = 69.0
535.5482 	EXP 	surround_grating: phase = array([0.59918676, 0.59918676])
535.5482 	EXP 	center_grating: ori = -10.0
535.5482 	EXP 	center_grating: phase = array([0.28565493, 0.28565493])
536.0380 	EXP 	surround_grating: autoDraw = True
536.0380 	EXP 	center_grating: autoDraw = True
536.1130 	EXP 	surround_grating: autoDraw = False
536.1130 	EXP 	center_grating: autoDraw = False
536.5529 	DATA 	Keypress: left
536.5583 	INFO 	Keyboard events cleared
536.5578 	EXP 	surround_grating: autoDraw = False
536.5578 	EXP 	center_grating: autoDraw = False
536.5578 	EXP 	surround_grating: ori = 69.0
536.5578 	EXP 	surround_grating: phase = array([0.86089336, 0.86089336])
536.5578 	EXP 	center_grating: ori = 10.0
536.5578 	EXP 	center_grating: phase = array([0.83845888, 0.83845888])
537.0456 	EXP 	surround_grating: autoDraw = True
537.0456 	EXP 	center_grating: autoDraw = True
537.1178 	EXP 	surround_grating: autoDraw = False
537.1178 	EXP 	center_grating: autoDraw = False
537.4909 	DATA 	Keypress: right
537.4965 	INFO 	Keyboard events cleared
537.4960 	EXP 	surround_grating: autoDraw = False
537.4960 	EXP 	center_grating: autoDraw = False
537.4960 	EXP 	surround_grating: ori = -30.0
537.4960 	EXP 	surround_grating: phase = array([0.1550892, 0.1550892])
537.4960 	EXP 	center_grating: ori = -10.0
537.4960 	EXP 	center_grating: phase = array([0.68653939, 0.68653939])
537.9879 	EXP 	surround_grating: autoDraw = True
537.9879 	EXP 	center_grating: autoDraw = True
538.0629 	EXP 	surround_grating: autoDraw = False
538.0629 	EXP 	center_grating: autoDraw = False
538.5198 	DATA 	Keypress: left
538.5256 	INFO 	Keyboard events cleared
538.5251 	EXP 	surround_grating: autoDraw = False
538.5251 	EXP 	center_grating: autoDraw = False
538.5251 	EXP 	surround_grating: ori = -30.0
538.5251 	EXP 	surround_grating: phase = array([0.05976944, 0.05976944])
538.5251 	EXP 	center_grating: ori = -5.0
538.5251 	EXP 	center_grating: phase = array([0.3677813, 0.3677813])
539.0124 	EXP 	surround_grating: autoDraw = True
539.0124 	EXP 	center_grating: autoDraw = True
539.0854 	EXP 	surround_grating: autoDraw = False
539.0854 	EXP 	center_grating: autoDraw = False
539.6213 	DATA 	Keypress: left
539.6270 	INFO 	Keyboard events cleared
539.6266 	EXP 	surround_grating: autoDraw = False
539.6266 	EXP 	center_grating: autoDraw = False
539.6266 	EXP 	surround_grating: ori = 30.0
539.6266 	EXP 	surround_grating: phase = array([0.13522803, 0.13522803])
539.6266 	EXP 	center_grating: ori = 12.0
539.6266 	EXP 	center_grating: phase = array([0.09389857, 0.09389857])
540.1126 	EXP 	surround_grating: autoDraw = True
540.1126 	EXP 	center_grating: autoDraw = True
540.1857 	EXP 	surround_grating: autoDraw = False
540.1857 	EXP 	center_grating: autoDraw = False
540.6026 	DATA 	Keypress: right
540.6082 	INFO 	Keyboard events cleared
540.6078 	EXP 	surround_grating: autoDraw = False
540.6078 	EXP 	center_grating: autoDraw = False
540.6078 	EXP 	surround_grating: ori = 69.0
540.6078 	EXP 	surround_grating: phase = array([0.98653713, 0.98653713])
540.6078 	EXP 	center_grating: ori = 5.0
540.6078 	EXP 	center_grating: phase = array([0.75321062, 0.75321062])
541.0958 	EXP 	surround_grating: autoDraw = True
541.0958 	EXP 	center_grating: autoDraw = True
541.1688 	EXP 	surround_grating: autoDraw = False
541.1688 	EXP 	center_grating: autoDraw = False
541.7032 	DATA 	Keypress: right
541.7090 	INFO 	Keyboard events cleared
541.7085 	EXP 	surround_grating: autoDraw = False
541.7085 	EXP 	center_grating: autoDraw = False
541.7085 	EXP 	surround_grating: ori = 69.0
541.7085 	EXP 	surround_grating: phase = array([0.37012914, 0.37012914])
541.7085 	EXP 	center_grating: ori = -5.0
541.7085 	EXP 	center_grating: phase = array([0.38669144, 0.38669144])
542.1958 	EXP 	surround_grating: autoDraw = True
542.1958 	EXP 	center_grating: autoDraw = True
542.2688 	EXP 	surround_grating: autoDraw = False
542.2688 	EXP 	center_grating: autoDraw = False
542.7420 	DATA 	Keypress: left
542.7632 	INFO 	Keyboard events cleared
542.7627 	EXP 	surround_grating: autoDraw = False
542.7627 	EXP 	center_grating: autoDraw = False
542.7627 	EXP 	surround_grating: ori = -30.0
542.7627 	EXP 	surround_grating: phase = array([0.7313463, 0.7313463])
542.7627 	EXP 	center_grating: ori = 12.0
542.7627 	EXP 	center_grating: phase = array([0.9693838, 0.9693838])
543.2382 	EXP 	surround_grating: autoDraw = True
543.2382 	EXP 	center_grating: autoDraw = True
543.3134 	EXP 	surround_grating: autoDraw = False
543.3134 	EXP 	center_grating: autoDraw = False
543.6709 	DATA 	Keypress: right
543.6766 	INFO 	Keyboard events cleared
543.6761 	EXP 	surround_grating: autoDraw = False
543.6761 	EXP 	center_grating: autoDraw = False
543.6761 	EXP 	surround_grating: ori = 30.0
543.6761 	EXP 	surround_grating: phase = array([0.96068811, 0.96068811])
543.6761 	EXP 	center_grating: ori = -5.0
543.6761 	EXP 	center_grating: phase = array([0.16256424, 0.16256424])
544.1626 	EXP 	surround_grating: autoDraw = True
544.1626 	EXP 	center_grating: autoDraw = True
544.2359 	EXP 	surround_grating: autoDraw = False
544.2359 	EXP 	center_grating: autoDraw = False
544.6873 	DATA 	Keypress: left
544.6928 	INFO 	Keyboard events cleared
544.6923 	EXP 	surround_grating: autoDraw = False
544.6923 	EXP 	center_grating: autoDraw = False
544.6923 	EXP 	surround_grating: ori = 30.0
544.6923 	EXP 	surround_grating: phase = array([0.02740334, 0.02740334])
544.6923 	EXP 	center_grating: ori = 0.0
544.6923 	EXP 	center_grating: phase = array([0.99765019, 0.99765019])
545.1793 	EXP 	surround_grating: autoDraw = True
545.1793 	EXP 	center_grating: autoDraw = True
545.2522 	EXP 	surround_grating: autoDraw = False
545.2522 	EXP 	center_grating: autoDraw = False
545.7373 	DATA 	Keypress: right
545.7430 	INFO 	Keyboard events cleared
545.7425 	EXP 	surround_grating: autoDraw = False
545.7425 	EXP 	center_grating: autoDraw = False
545.7425 	EXP 	surround_grating: ori = -30.0
545.7425 	EXP 	surround_grating: phase = array([0.49131297, 0.49131297])
545.7425 	EXP 	center_grating: ori = 11.0
545.7425 	EXP 	center_grating: phase = array([0.89806028, 0.89806028])
546.2284 	EXP 	surround_grating: autoDraw = True
546.2284 	EXP 	center_grating: autoDraw = True
546.3012 	EXP 	surround_grating: autoDraw = False
546.3012 	EXP 	center_grating: autoDraw = False
546.6206 	DATA 	Keypress: right
546.6265 	INFO 	Keyboard events cleared
546.6259 	EXP 	surround_grating: autoDraw = False
546.6259 	EXP 	center_grating: autoDraw = False
546.6259 	EXP 	surround_grating: ori = 30.0
546.6259 	EXP 	surround_grating: phase = array([0.58827971, 0.58827971])
546.6259 	EXP 	center_grating: ori = 11.0
546.6259 	EXP 	center_grating: phase = array([0.99533684, 0.99533684])
547.1127 	EXP 	surround_grating: autoDraw = True
547.1127 	EXP 	center_grating: autoDraw = True
547.1846 	EXP 	surround_grating: autoDraw = False
547.1846 	EXP 	center_grating: autoDraw = False
547.6699 	DATA 	Keypress: right
547.6756 	INFO 	Keyboard events cleared
547.6751 	EXP 	surround_grating: autoDraw = False
547.6751 	EXP 	center_grating: autoDraw = False
547.6751 	EXP 	surround_grating: ori = -30.0
547.6751 	EXP 	surround_grating: phase = array([0.77464609, 0.77464609])
547.6751 	EXP 	center_grating: ori = 0.0
547.6751 	EXP 	center_grating: phase = array([0.14489401, 0.14489401])
548.1627 	EXP 	surround_grating: autoDraw = True
548.1627 	EXP 	center_grating: autoDraw = True
548.2347 	EXP 	surround_grating: autoDraw = False
548.2347 	EXP 	center_grating: autoDraw = False
548.9212 	DATA 	Keypress: right
548.9269 	INFO 	Keyboard events cleared
548.9265 	EXP 	surround_grating: autoDraw = False
548.9265 	EXP 	center_grating: autoDraw = False
548.9265 	EXP 	surround_grating: ori = 69.0
548.9265 	EXP 	surround_grating: phase = array([0.26759586, 0.26759586])
548.9265 	EXP 	center_grating: ori = 0.0
548.9265 	EXP 	center_grating: phase = array([0.61433834, 0.61433834])
549.4127 	EXP 	surround_grating: autoDraw = True
549.4127 	EXP 	center_grating: autoDraw = True
549.4850 	EXP 	surround_grating: autoDraw = False
549.4850 	EXP 	center_grating: autoDraw = False
549.8700 	DATA 	Keypress: left
549.8755 	INFO 	Keyboard events cleared
549.8751 	EXP 	surround_grating: autoDraw = False
549.8751 	EXP 	center_grating: autoDraw = False
549.8751 	EXP 	surround_grating: ori = 69.0
549.8751 	EXP 	surround_grating: phase = array([0.76057031, 0.76057031])
549.8751 	EXP 	center_grating: ori = 0.0
549.8751 	EXP 	center_grating: phase = array([0.45305823, 0.45305823])
550.3621 	EXP 	surround_grating: autoDraw = True
550.3621 	EXP 	center_grating: autoDraw = True
550.4357 	EXP 	surround_grating: autoDraw = False
550.4357 	EXP 	center_grating: autoDraw = False
550.9033 	DATA 	Keypress: right
550.9091 	INFO 	Keyboard events cleared
550.9086 	EXP 	surround_grating: autoDraw = False
550.9086 	EXP 	center_grating: autoDraw = False
550.9086 	EXP 	surround_grating: ori = 69.0
550.9086 	EXP 	surround_grating: phase = array([0.14791478, 0.14791478])
550.9086 	EXP 	center_grating: ori = 2.0
550.9086 	EXP 	center_grating: phase = array([0.02495968, 0.02495968])
550.9919 	DATA 	Keypress: left
550.9975 	INFO 	Keyboard events cleared
550.9970 	EXP 	surround_grating: autoDraw = False
550.9970 	EXP 	center_grating: autoDraw = False
550.9970 	EXP 	surround_grating: ori = -30.0
550.9970 	EXP 	surround_grating: phase = array([0.98416772, 0.98416772])
550.9970 	EXP 	center_grating: ori = 10.0
550.9970 	EXP 	center_grating: phase = array([0.36889672, 0.36889672])
551.4884 	EXP 	surround_grating: autoDraw = True
551.4884 	EXP 	center_grating: autoDraw = True
551.5636 	EXP 	surround_grating: autoDraw = False
551.5636 	EXP 	center_grating: autoDraw = False
551.9035 	DATA 	Keypress: left
551.9092 	INFO 	Keyboard events cleared
551.9086 	EXP 	surround_grating: autoDraw = False
551.9086 	EXP 	center_grating: autoDraw = False
551.9086 	EXP 	surround_grating: ori = 30.0
551.9086 	EXP 	surround_grating: phase = array([0.80683959, 0.80683959])
551.9086 	EXP 	center_grating: ori = 10.0
551.9086 	EXP 	center_grating: phase = array([0.45525253, 0.45525253])
552.0588 	DATA 	Keypress: right
552.0803 	INFO 	Keyboard events cleared
552.0798 	EXP 	surround_grating: autoDraw = False
552.0798 	EXP 	center_grating: autoDraw = False
552.0798 	EXP 	surround_grating: ori = 30.0
552.0798 	EXP 	surround_grating: phase = array([0.77598682, 0.77598682])
552.0798 	EXP 	center_grating: ori = -2.0
552.0798 	EXP 	center_grating: phase = array([0.58065078, 0.58065078])
552.5559 	EXP 	surround_grating: autoDraw = True
552.5559 	EXP 	center_grating: autoDraw = True
552.6301 	EXP 	surround_grating: autoDraw = False
552.6301 	EXP 	center_grating: autoDraw = False
553.1030 	DATA 	Keypress: left
553.1088 	INFO 	Keyboard events cleared
553.1083 	EXP 	surround_grating: autoDraw = False
553.1083 	EXP 	center_grating: autoDraw = False
553.1083 	EXP 	surround_grating: ori = -30.0
553.1083 	EXP 	surround_grating: phase = array([0.57774775, 0.57774775])
553.1083 	EXP 	center_grating: ori = -2.0
553.1083 	EXP 	center_grating: phase = array([0.91227873, 0.91227873])
553.5965 	EXP 	surround_grating: autoDraw = True
553.5965 	EXP 	center_grating: autoDraw = True
553.6683 	EXP 	surround_grating: autoDraw = False
553.6683 	EXP 	center_grating: autoDraw = False
554.4355 	DATA 	Keypress: down
556.3425 	DATA 	Keypress: left
556.3638 	INFO 	Keyboard events cleared
556.3633 	EXP 	surround_grating: autoDraw = False
556.3633 	EXP 	center_grating: autoDraw = False
556.3633 	EXP 	surround_grating: ori = 69.0
556.3633 	EXP 	surround_grating: phase = array([0.81289438, 0.81289438])
556.3633 	EXP 	center_grating: ori = -2.0
556.3633 	EXP 	center_grating: phase = array([0.44167081, 0.44167081])
556.8394 	EXP 	surround_grating: autoDraw = True
556.8394 	EXP 	center_grating: autoDraw = True
556.9136 	EXP 	surround_grating: autoDraw = False
556.9136 	EXP 	center_grating: autoDraw = False
557.6199 	DATA 	Keypress: left
557.6256 	INFO 	Keyboard events cleared
557.6251 	EXP 	surround_grating: autoDraw = False
557.6251 	EXP 	center_grating: autoDraw = False
557.6251 	EXP 	surround_grating: ori = 30.0
557.6251 	EXP 	surround_grating: phase = array([0.63744239, 0.63744239])
557.6251 	EXP 	center_grating: ori = -1.0
557.6251 	EXP 	center_grating: phase = array([0.51217366, 0.51217366])
558.1130 	EXP 	surround_grating: autoDraw = True
558.1130 	EXP 	center_grating: autoDraw = True
558.1860 	EXP 	surround_grating: autoDraw = False
558.1860 	EXP 	center_grating: autoDraw = False
558.6921 	DATA 	Keypress: left
558.6978 	INFO 	Keyboard events cleared
558.6974 	EXP 	surround_grating: autoDraw = False
558.6974 	EXP 	center_grating: autoDraw = False
558.6974 	EXP 	surround_grating: ori = 30.0
558.6974 	EXP 	surround_grating: phase = array([0.35722547, 0.35722547])
558.6974 	EXP 	center_grating: ori = 9.0
558.6974 	EXP 	center_grating: phase = array([0.85402113, 0.85402113])
559.1889 	EXP 	surround_grating: autoDraw = True
559.1889 	EXP 	center_grating: autoDraw = True
559.2637 	EXP 	surround_grating: autoDraw = False
559.2637 	EXP 	center_grating: autoDraw = False
559.7033 	DATA 	Keypress: right
559.7088 	INFO 	Keyboard events cleared
559.7084 	EXP 	surround_grating: autoDraw = False
559.7084 	EXP 	center_grating: autoDraw = False
559.7084 	EXP 	surround_grating: ori = -30.0
559.7084 	EXP 	surround_grating: phase = array([0.00251934, 0.00251934])
559.7084 	EXP 	center_grating: ori = -1.0
559.7084 	EXP 	center_grating: phase = array([0.92123783, 0.92123783])
560.1964 	EXP 	surround_grating: autoDraw = True
560.1964 	EXP 	center_grating: autoDraw = True
560.2687 	EXP 	surround_grating: autoDraw = False
560.2687 	EXP 	center_grating: autoDraw = False
561.0374 	DATA 	Keypress: left
561.0431 	INFO 	Keyboard events cleared
561.0427 	EXP 	surround_grating: autoDraw = False
561.0427 	EXP 	center_grating: autoDraw = False
561.0427 	EXP 	surround_grating: ori = 69.0
561.0427 	EXP 	surround_grating: phase = array([0.3740344, 0.3740344])
561.0427 	EXP 	center_grating: ori = 4.0
561.0427 	EXP 	center_grating: phase = array([0.79877799, 0.79877799])
561.5298 	EXP 	surround_grating: autoDraw = True
561.5298 	EXP 	center_grating: autoDraw = True
561.6019 	EXP 	surround_grating: autoDraw = False
561.6019 	EXP 	center_grating: autoDraw = False
562.1763 	DATA 	Keypress: right
562.1822 	INFO 	Keyboard events cleared
562.1817 	EXP 	surround_grating: autoDraw = False
562.1817 	EXP 	center_grating: autoDraw = False
562.1817 	EXP 	surround_grating: ori = -30.0
562.1817 	EXP 	surround_grating: phase = array([0.71442186, 0.71442186])
562.1817 	EXP 	center_grating: ori = 10.5
562.1817 	EXP 	center_grating: phase = array([0.32522347, 0.32522347])
562.6730 	EXP 	surround_grating: autoDraw = True
562.6730 	EXP 	center_grating: autoDraw = True
562.7474 	EXP 	surround_grating: autoDraw = False
562.7474 	EXP 	center_grating: autoDraw = False
563.2367 	DATA 	Keypress: right
563.2425 	INFO 	Keyboard events cleared
563.2420 	EXP 	surround_grating: autoDraw = False
563.2420 	EXP 	center_grating: autoDraw = False
563.2420 	EXP 	surround_grating: ori = 69.0
563.2420 	EXP 	surround_grating: phase = array([0.80662779, 0.80662779])
563.2420 	EXP 	center_grating: ori = -1.0
563.2420 	EXP 	center_grating: phase = array([0.09591606, 0.09591606])
563.7299 	EXP 	surround_grating: autoDraw = True
563.7299 	EXP 	center_grating: autoDraw = True
563.8019 	EXP 	surround_grating: autoDraw = False
563.8019 	EXP 	center_grating: autoDraw = False
564.7371 	DATA 	Keypress: left
564.7428 	INFO 	Keyboard events cleared
564.7423 	EXP 	surround_grating: autoDraw = False
564.7423 	EXP 	center_grating: autoDraw = False
564.7423 	EXP 	surround_grating: ori = 69.0
564.7423 	EXP 	surround_grating: phase = array([0.04467039, 0.04467039])
564.7423 	EXP 	center_grating: ori = 0.0
564.7423 	EXP 	center_grating: phase = array([0.62395837, 0.62395837])
565.2301 	EXP 	surround_grating: autoDraw = True
565.2301 	EXP 	center_grating: autoDraw = True
565.3022 	EXP 	surround_grating: autoDraw = False
565.3022 	EXP 	center_grating: autoDraw = False
565.9880 	DATA 	Keypress: left
565.9973 	INFO 	Keyboard events cleared
565.9969 	EXP 	surround_grating: autoDraw = False
565.9969 	EXP 	center_grating: autoDraw = False
565.9969 	EXP 	surround_grating: ori = -30.0
565.9969 	EXP 	surround_grating: phase = array([0.61023581, 0.61023581])
565.9969 	EXP 	center_grating: ori = 0.0
565.9969 	EXP 	center_grating: phase = array([0.63420858, 0.63420858])
566.4800 	EXP 	surround_grating: autoDraw = True
566.4800 	EXP 	center_grating: autoDraw = True
566.5640 	EXP 	surround_grating: autoDraw = False
566.5640 	EXP 	center_grating: autoDraw = False
567.4208 	DATA 	Keypress: left
567.4266 	INFO 	Keyboard events cleared
567.4261 	EXP 	surround_grating: autoDraw = False
567.4261 	EXP 	center_grating: autoDraw = False
567.4261 	EXP 	surround_grating: ori = 30.0
567.4261 	EXP 	surround_grating: phase = array([0.20357076, 0.20357076])
567.4261 	EXP 	center_grating: ori = 0.0
567.4261 	EXP 	center_grating: phase = array([0.56945621, 0.56945621])
567.9134 	EXP 	surround_grating: autoDraw = True
567.9134 	EXP 	center_grating: autoDraw = True
567.9857 	EXP 	surround_grating: autoDraw = False
567.9857 	EXP 	center_grating: autoDraw = False
568.4710 	DATA 	Keypress: left
568.4834 	INFO 	Keyboard events cleared
568.4829 	EXP 	surround_grating: autoDraw = False
568.4829 	EXP 	center_grating: autoDraw = False
568.4829 	EXP 	surround_grating: ori = 30.0
568.4829 	EXP 	surround_grating: phase = array([0.4004697, 0.4004697])
568.4829 	EXP 	center_grating: ori = 8.0
568.4829 	EXP 	center_grating: phase = array([0.37778523, 0.37778523])
568.9724 	EXP 	surround_grating: autoDraw = True
568.9724 	EXP 	center_grating: autoDraw = True
569.0474 	EXP 	surround_grating: autoDraw = False
569.0474 	EXP 	center_grating: autoDraw = False
569.5207 	DATA 	Keypress: right
569.5264 	INFO 	Keyboard events cleared
569.5260 	EXP 	surround_grating: autoDraw = False
569.5260 	EXP 	center_grating: autoDraw = False
569.5260 	EXP 	surround_grating: ori = -30.0
569.5260 	EXP 	surround_grating: phase = array([0.1013972, 0.1013972])
569.5260 	EXP 	center_grating: ori = 10.0
569.5260 	EXP 	center_grating: phase = array([0.14360107, 0.14360107])
570.0136 	EXP 	surround_grating: autoDraw = True
570.0136 	EXP 	center_grating: autoDraw = True
570.0857 	EXP 	surround_grating: autoDraw = False
570.0857 	EXP 	center_grating: autoDraw = False
570.5280 	DATA 	Keypress: right
570.5336 	INFO 	Keyboard events cleared
570.5331 	EXP 	surround_grating: autoDraw = False
570.5331 	EXP 	center_grating: autoDraw = False
570.5331 	EXP 	surround_grating: ori = 69.0
570.5331 	EXP 	surround_grating: phase = array([0.54325277, 0.54325277])
570.5331 	EXP 	center_grating: ori = 3.0
570.5331 	EXP 	center_grating: phase = array([0.76161976, 0.76161976])
571.0229 	EXP 	surround_grating: autoDraw = True
571.0229 	EXP 	center_grating: autoDraw = True
571.0975 	EXP 	surround_grating: autoDraw = False
571.0975 	EXP 	center_grating: autoDraw = False
571.5039 	DATA 	Keypress: right
571.5095 	INFO 	Keyboard events cleared
571.5089 	EXP 	surround_grating: autoDraw = False
571.5089 	EXP 	center_grating: autoDraw = False
571.5089 	EXP 	surround_grating: ori = 30.0
571.5089 	EXP 	surround_grating: phase = array([0.80337145, 0.80337145])
571.5089 	EXP 	center_grating: ori = 7.0
571.5089 	EXP 	center_grating: phase = array([0.78867428, 0.78867428])
571.9971 	EXP 	surround_grating: autoDraw = True
571.9971 	EXP 	center_grating: autoDraw = True
572.0699 	EXP 	surround_grating: autoDraw = False
572.0699 	EXP 	center_grating: autoDraw = False
572.5371 	DATA 	Keypress: right
572.5428 	INFO 	Keyboard events cleared
572.5422 	EXP 	surround_grating: autoDraw = False
572.5422 	EXP 	center_grating: autoDraw = False
572.5422 	EXP 	surround_grating: ori = 69.0
572.5422 	EXP 	surround_grating: phase = array([0.48566941, 0.48566941])
572.5422 	EXP 	center_grating: ori = 2.0
572.5422 	EXP 	center_grating: phase = array([0.23888378, 0.23888378])
573.0303 	EXP 	surround_grating: autoDraw = True
573.0303 	EXP 	center_grating: autoDraw = True
573.1019 	EXP 	surround_grating: autoDraw = False
573.1019 	EXP 	center_grating: autoDraw = False
573.4195 	DATA 	Keypress: right
573.4329 	INFO 	Keyboard events cleared
573.4325 	EXP 	surround_grating: autoDraw = False
573.4325 	EXP 	center_grating: autoDraw = False
573.4325 	EXP 	surround_grating: ori = -30.0
573.4325 	EXP 	surround_grating: phase = array([0.73506592, 0.73506592])
573.4325 	EXP 	center_grating: ori = 9.5
573.4325 	EXP 	center_grating: phase = array([0.83100987, 0.83100987])
573.9226 	EXP 	surround_grating: autoDraw = True
573.9226 	EXP 	center_grating: autoDraw = True
573.9975 	EXP 	surround_grating: autoDraw = False
573.9975 	EXP 	center_grating: autoDraw = False
574.3056 	DATA 	Keypress: right
574.3113 	INFO 	Keyboard events cleared
574.3109 	EXP 	surround_grating: autoDraw = False
574.3109 	EXP 	center_grating: autoDraw = False
574.3109 	EXP 	surround_grating: ori = 30.0
574.3109 	EXP 	surround_grating: phase = array([0.25226814, 0.25226814])
574.3109 	EXP 	center_grating: ori = 1.0
574.3109 	EXP 	center_grating: phase = array([0.53821566, 0.53821566])
574.7971 	EXP 	surround_grating: autoDraw = True
574.7971 	EXP 	center_grating: autoDraw = True
574.8689 	EXP 	surround_grating: autoDraw = False
574.8689 	EXP 	center_grating: autoDraw = False
575.4049 	DATA 	Keypress: right
575.4106 	INFO 	Keyboard events cleared
575.4100 	EXP 	surround_grating: autoDraw = False
575.4100 	EXP 	center_grating: autoDraw = False
575.4100 	EXP 	surround_grating: ori = 69.0
575.4100 	EXP 	surround_grating: phase = array([0.48555488, 0.48555488])
575.4100 	EXP 	center_grating: ori = 1.0
575.4100 	EXP 	center_grating: phase = array([0.94949174, 0.94949174])
575.8970 	EXP 	surround_grating: autoDraw = True
575.8970 	EXP 	center_grating: autoDraw = True
575.9690 	EXP 	surround_grating: autoDraw = False
575.9690 	EXP 	center_grating: autoDraw = False
576.9923 	DATA 	Keypress: left
576.9983 	INFO 	Keyboard events cleared
576.9978 	EXP 	surround_grating: autoDraw = False
576.9978 	EXP 	center_grating: autoDraw = False
576.9978 	EXP 	surround_grating: ori = -30.0
576.9978 	EXP 	surround_grating: phase = array([0.68940205, 0.68940205])
576.9978 	EXP 	center_grating: ori = 1.0
576.9978 	EXP 	center_grating: phase = array([0.70011506, 0.70011506])
577.4897 	EXP 	surround_grating: autoDraw = True
577.4897 	EXP 	center_grating: autoDraw = True
577.5644 	EXP 	surround_grating: autoDraw = False
577.5644 	EXP 	center_grating: autoDraw = False
578.0044 	DATA 	Keypress: right
578.0101 	INFO 	Keyboard events cleared
578.0097 	EXP 	surround_grating: autoDraw = False
578.0097 	EXP 	center_grating: autoDraw = False
578.0097 	EXP 	surround_grating: ori = -30.0
578.0097 	EXP 	surround_grating: phase = array([0.70709001, 0.70709001])
578.0097 	EXP 	center_grating: ori = 9.0
578.0097 	EXP 	center_grating: phase = array([0.45913802, 0.45913802])
578.4971 	EXP 	surround_grating: autoDraw = True
578.4971 	EXP 	center_grating: autoDraw = True
578.5696 	EXP 	surround_grating: autoDraw = False
578.5696 	EXP 	center_grating: autoDraw = False
578.9050 	DATA 	Keypress: right
578.9109 	INFO 	Keyboard events cleared
578.9104 	EXP 	surround_grating: autoDraw = False
578.9104 	EXP 	center_grating: autoDraw = False
578.9104 	EXP 	surround_grating: ori = 69.0
578.9104 	EXP 	surround_grating: phase = array([0.92873851, 0.92873851])
578.9104 	EXP 	center_grating: ori = 1.0
578.9104 	EXP 	center_grating: phase = array([0.86159332, 0.86159332])
579.3973 	EXP 	surround_grating: autoDraw = True
579.3973 	EXP 	center_grating: autoDraw = True
579.4696 	EXP 	surround_grating: autoDraw = False
579.4696 	EXP 	center_grating: autoDraw = False
580.0200 	DATA 	Keypress: right
580.0252 	INFO 	Keyboard events cleared
580.0247 	EXP 	surround_grating: autoDraw = False
580.0247 	EXP 	center_grating: autoDraw = False
580.0247 	EXP 	surround_grating: ori = 30.0
580.0247 	EXP 	surround_grating: phase = array([0.70172088, 0.70172088])
580.0247 	EXP 	center_grating: ori = 6.0
580.0247 	EXP 	center_grating: phase = array([0.49460231, 0.49460231])
580.5139 	EXP 	surround_grating: autoDraw = True
580.5139 	EXP 	center_grating: autoDraw = True
580.5861 	EXP 	surround_grating: autoDraw = False
580.5861 	EXP 	center_grating: autoDraw = False
580.9923 	DATA 	Keypress: right
580.9977 	INFO 	Keyboard events cleared
580.9972 	EXP 	surround_grating: autoDraw = False
580.9972 	EXP 	center_grating: autoDraw = False
580.9972 	EXP 	surround_grating: ori = -30.0
580.9972 	EXP 	surround_grating: phase = array([0.8033584, 0.8033584])
580.9972 	EXP 	center_grating: ori = 0.5
580.9972 	EXP 	center_grating: phase = array([0.37904069, 0.37904069])
581.4806 	EXP 	surround_grating: autoDraw = True
581.4806 	EXP 	center_grating: autoDraw = True
581.5528 	EXP 	surround_grating: autoDraw = False
581.5528 	EXP 	center_grating: autoDraw = False
581.9211 	DATA 	Keypress: right
581.9269 	INFO 	Keyboard events cleared
581.9264 	EXP 	surround_grating: autoDraw = False
581.9264 	EXP 	center_grating: autoDraw = False
581.9264 	EXP 	surround_grating: ori = 69.0
581.9264 	EXP 	surround_grating: phase = array([0.31773686, 0.31773686])
581.9264 	EXP 	center_grating: ori = 2.0
581.9264 	EXP 	center_grating: phase = array([0.76185514, 0.76185514])
582.4139 	EXP 	surround_grating: autoDraw = True
582.4139 	EXP 	center_grating: autoDraw = True
582.4860 	EXP 	surround_grating: autoDraw = False
582.4860 	EXP 	center_grating: autoDraw = False
582.8045 	DATA 	Keypress: right
582.8102 	INFO 	Keyboard events cleared
582.8098 	EXP 	surround_grating: autoDraw = False
582.8098 	EXP 	center_grating: autoDraw = False
582.8098 	EXP 	surround_grating: ori = 30.0
582.8098 	EXP 	surround_grating: phase = array([0.38628356, 0.38628356])
582.8098 	EXP 	center_grating: ori = 0.5
582.8098 	EXP 	center_grating: phase = array([0.05654571, 0.05654571])
583.2973 	EXP 	surround_grating: autoDraw = True
583.2973 	EXP 	center_grating: autoDraw = True
583.3697 	EXP 	surround_grating: autoDraw = False
583.3697 	EXP 	center_grating: autoDraw = False
583.7379 	DATA 	Keypress: right
583.7437 	INFO 	Keyboard events cleared
583.7432 	EXP 	surround_grating: autoDraw = False
583.7432 	EXP 	center_grating: autoDraw = False
583.7432 	EXP 	surround_grating: ori = -30.0
583.7432 	EXP 	surround_grating: phase = array([0.25244671, 0.25244671])
583.7432 	EXP 	center_grating: ori = 8.5
583.7432 	EXP 	center_grating: phase = array([0.22284103, 0.22284103])
584.2306 	EXP 	surround_grating: autoDraw = True
584.2306 	EXP 	center_grating: autoDraw = True
584.3026 	EXP 	surround_grating: autoDraw = False
584.3026 	EXP 	center_grating: autoDraw = False
584.7593 	DATA 	Keypress: right
584.7652 	INFO 	Keyboard events cleared
584.7647 	EXP 	surround_grating: autoDraw = False
584.7647 	EXP 	center_grating: autoDraw = False
584.7647 	EXP 	surround_grating: ori = 30.0
584.7647 	EXP 	surround_grating: phase = array([0.66151283, 0.66151283])
584.7647 	EXP 	center_grating: ori = 0.0
584.7647 	EXP 	center_grating: phase = array([0.3029696, 0.3029696])
585.2561 	EXP 	surround_grating: autoDraw = True
585.2561 	EXP 	center_grating: autoDraw = True
585.3313 	EXP 	surround_grating: autoDraw = False
585.3313 	EXP 	center_grating: autoDraw = False
585.6877 	DATA 	Keypress: left
585.6932 	INFO 	Keyboard events cleared
585.6927 	EXP 	surround_grating: autoDraw = False
585.6927 	EXP 	center_grating: autoDraw = False
585.6927 	EXP 	surround_grating: ori = 30.0
585.6927 	EXP 	surround_grating: phase = array([0.4353447, 0.4353447])
585.6927 	EXP 	center_grating: ori = 5.0
585.6927 	EXP 	center_grating: phase = array([0.00466948, 0.00466948])
586.1807 	EXP 	surround_grating: autoDraw = True
586.1807 	EXP 	center_grating: autoDraw = True
586.2524 	EXP 	surround_grating: autoDraw = False
586.2524 	EXP 	center_grating: autoDraw = False
586.7047 	DATA 	Keypress: right
586.7104 	INFO 	Keyboard events cleared
586.7099 	EXP 	surround_grating: autoDraw = False
586.7099 	EXP 	center_grating: autoDraw = False
586.7099 	EXP 	surround_grating: ori = 69.0
586.7099 	EXP 	surround_grating: phase = array([0.40386048, 0.40386048])
586.7099 	EXP 	center_grating: ori = 1.5
586.7099 	EXP 	center_grating: phase = array([0.12021688, 0.12021688])
587.1974 	EXP 	surround_grating: autoDraw = True
587.1974 	EXP 	center_grating: autoDraw = True
587.2695 	EXP 	surround_grating: autoDraw = False
587.2695 	EXP 	center_grating: autoDraw = False
587.5873 	DATA 	Keypress: left
587.5929 	INFO 	Keyboard events cleared
587.5924 	EXP 	surround_grating: autoDraw = False
587.5924 	EXP 	center_grating: autoDraw = False
587.5924 	EXP 	surround_grating: ori = -30.0
587.5924 	EXP 	surround_grating: phase = array([0.1204704, 0.1204704])
587.5924 	EXP 	center_grating: ori = 0.0
587.5924 	EXP 	center_grating: phase = array([0.00537747, 0.00537747])
588.0808 	EXP 	surround_grating: autoDraw = True
588.0808 	EXP 	center_grating: autoDraw = True
588.1522 	EXP 	surround_grating: autoDraw = False
588.1522 	EXP 	center_grating: autoDraw = False
588.7599 	DATA 	Keypress: right
588.7816 	INFO 	Keyboard events cleared
588.7810 	EXP 	surround_grating: autoDraw = False
588.7810 	EXP 	center_grating: autoDraw = False
588.7810 	EXP 	surround_grating: ori = 69.0
588.7810 	EXP 	surround_grating: phase = array([0.81013837, 0.81013837])
588.7810 	EXP 	center_grating: ori = 0.0
588.7810 	EXP 	center_grating: phase = array([0.51082188, 0.51082188])
589.2563 	EXP 	surround_grating: autoDraw = True
589.2563 	EXP 	center_grating: autoDraw = True
589.3314 	EXP 	surround_grating: autoDraw = False
589.3314 	EXP 	center_grating: autoDraw = False
589.8436 	DATA 	Keypress: left
589.8650 	INFO 	Keyboard events cleared
589.8645 	EXP 	surround_grating: autoDraw = False
589.8645 	EXP 	center_grating: autoDraw = False
589.8645 	EXP 	surround_grating: ori = -30.0
589.8645 	EXP 	surround_grating: phase = array([0.6190558, 0.6190558])
589.8645 	EXP 	center_grating: ori = -0.5
589.8645 	EXP 	center_grating: phase = array([0.45664252, 0.45664252])
590.3398 	EXP 	surround_grating: autoDraw = True
590.3398 	EXP 	center_grating: autoDraw = True
590.4148 	EXP 	surround_grating: autoDraw = False
590.4148 	EXP 	center_grating: autoDraw = False
590.8431 	DATA 	Keypress: right
590.8487 	INFO 	Keyboard events cleared
590.8483 	EXP 	surround_grating: autoDraw = False
590.8483 	EXP 	center_grating: autoDraw = False
590.8483 	EXP 	surround_grating: ori = 69.0
590.8483 	EXP 	surround_grating: phase = array([0.72808409, 0.72808409])
590.8483 	EXP 	center_grating: ori = 2.0
590.8483 	EXP 	center_grating: phase = array([0.87298331, 0.87298331])
591.3409 	EXP 	surround_grating: autoDraw = True
591.3409 	EXP 	center_grating: autoDraw = True
591.4149 	EXP 	surround_grating: autoDraw = False
591.4149 	EXP 	center_grating: autoDraw = False
591.6785 	DATA 	Keypress: right
591.6842 	INFO 	Keyboard events cleared
591.6837 	EXP 	surround_grating: autoDraw = False
591.6837 	EXP 	center_grating: autoDraw = False
591.6837 	EXP 	surround_grating: ori = 69.0
591.6837 	EXP 	surround_grating: phase = array([0.16059146, 0.16059146])
591.6837 	EXP 	center_grating: ori = 0.5
591.6837 	EXP 	center_grating: phase = array([0.62674735, 0.62674735])
592.1743 	EXP 	surround_grating: autoDraw = True
592.1743 	EXP 	center_grating: autoDraw = True
592.2482 	EXP 	surround_grating: autoDraw = False
592.2482 	EXP 	center_grating: autoDraw = False
598.5436 	DATA 	Keypress: left
598.5651 	INFO 	Keyboard events cleared
598.5646 	EXP 	surround_grating: autoDraw = False
598.5646 	EXP 	center_grating: autoDraw = False
598.5646 	EXP 	surround_grating: ori = 30.0
598.5646 	EXP 	surround_grating: phase = array([0.23534573, 0.23534573])
598.5646 	EXP 	center_grating: ori = 4.0
598.5646 	EXP 	center_grating: phase = array([0.05009748, 0.05009748])
599.0399 	EXP 	surround_grating: autoDraw = True
599.0399 	EXP 	center_grating: autoDraw = True
599.1151 	EXP 	surround_grating: autoDraw = False
599.1151 	EXP 	center_grating: autoDraw = False
599.7890 	DATA 	Keypress: left
599.7947 	INFO 	Keyboard events cleared
599.7941 	EXP 	surround_grating: autoDraw = False
599.7941 	EXP 	center_grating: autoDraw = False
599.7941 	EXP 	surround_grating: ori = -30.0
599.7941 	EXP 	surround_grating: phase = array([0.90411399, 0.90411399])
599.7941 	EXP 	center_grating: ori = 8.0
599.7941 	EXP 	center_grating: phase = array([0.01725555, 0.01725555])
600.2812 	EXP 	surround_grating: autoDraw = True
600.2812 	EXP 	center_grating: autoDraw = True
600.3537 	EXP 	surround_grating: autoDraw = False
600.3537 	EXP 	center_grating: autoDraw = False
600.7548 	DATA 	Keypress: right
600.7605 	INFO 	Keyboard events cleared
600.7601 	EXP 	surround_grating: autoDraw = False
600.7601 	EXP 	center_grating: autoDraw = False
600.7601 	EXP 	surround_grating: ori = 30.0
600.7601 	EXP 	surround_grating: phase = array([0.65760029, 0.65760029])
600.7601 	EXP 	center_grating: ori = 0.5
600.7601 	EXP 	center_grating: phase = array([0.89594722, 0.89594722])
601.2480 	EXP 	surround_grating: autoDraw = True
601.2480 	EXP 	center_grating: autoDraw = True
601.3201 	EXP 	surround_grating: autoDraw = False
601.3201 	EXP 	center_grating: autoDraw = False
601.9381 	DATA 	Keypress: left
601.9440 	INFO 	Keyboard events cleared
601.9435 	EXP 	surround_grating: autoDraw = False
601.9435 	EXP 	center_grating: autoDraw = False
601.9435 	EXP 	surround_grating: ori = -30.0
601.9435 	EXP 	surround_grating: phase = array([0.14073405, 0.14073405])
601.9435 	EXP 	center_grating: ori = 7.5
601.9435 	EXP 	center_grating: phase = array([0.36147332, 0.36147332])
602.4314 	EXP 	surround_grating: autoDraw = True
602.4314 	EXP 	center_grating: autoDraw = True
602.5033 	EXP 	surround_grating: autoDraw = False
602.5033 	EXP 	center_grating: autoDraw = False
602.9882 	DATA 	Keypress: right
602.9939 	INFO 	Keyboard events cleared
602.9934 	EXP 	surround_grating: autoDraw = False
602.9934 	EXP 	center_grating: autoDraw = False
602.9934 	EXP 	surround_grating: ori = 69.0
602.9934 	EXP 	surround_grating: phase = array([0.59919332, 0.59919332])
602.9934 	EXP 	center_grating: ori = 1.5
602.9934 	EXP 	center_grating: phase = array([0.92318595, 0.92318595])
603.4815 	EXP 	surround_grating: autoDraw = True
603.4815 	EXP 	center_grating: autoDraw = True
603.5535 	EXP 	surround_grating: autoDraw = False
603.5535 	EXP 	center_grating: autoDraw = False
604.1556 	DATA 	Keypress: right
604.1610 	INFO 	Keyboard events cleared
604.1605 	EXP 	surround_grating: autoDraw = False
604.1605 	EXP 	center_grating: autoDraw = False
604.1605 	EXP 	surround_grating: ori = -30.0
604.1605 	EXP 	surround_grating: phase = array([0.2441185, 0.2441185])
604.1605 	EXP 	center_grating: ori = -1.0
604.1605 	EXP 	center_grating: phase = array([0.39882905, 0.39882905])
604.6480 	EXP 	surround_grating: autoDraw = True
604.6480 	EXP 	center_grating: autoDraw = True
604.7203 	EXP 	surround_grating: autoDraw = False
604.7203 	EXP 	center_grating: autoDraw = False
605.1553 	DATA 	Keypress: right
605.1611 	INFO 	Keyboard events cleared
605.1607 	EXP 	surround_grating: autoDraw = False
605.1607 	EXP 	center_grating: autoDraw = False
605.1607 	EXP 	surround_grating: ori = 30.0
605.1607 	EXP 	surround_grating: phase = array([0.19538239, 0.19538239])
605.1607 	EXP 	center_grating: ori = 1.0
605.1607 	EXP 	center_grating: phase = array([0.78015774, 0.78015774])
605.6481 	EXP 	surround_grating: autoDraw = True
605.6481 	EXP 	center_grating: autoDraw = True
605.7202 	EXP 	surround_grating: autoDraw = False
605.7202 	EXP 	center_grating: autoDraw = False
606.4550 	DATA 	Keypress: left
606.4607 	INFO 	Keyboard events cleared
606.4603 	EXP 	surround_grating: autoDraw = False
606.4603 	EXP 	center_grating: autoDraw = False
606.4603 	EXP 	surround_grating: ori = 69.0
606.4603 	EXP 	surround_grating: phase = array([0.20682004, 0.20682004])
606.4603 	EXP 	center_grating: ori = 1.0
606.4603 	EXP 	center_grating: phase = array([0.02769515, 0.02769515])
606.9481 	EXP 	surround_grating: autoDraw = True
606.9481 	EXP 	center_grating: autoDraw = True
607.0211 	EXP 	surround_grating: autoDraw = False
607.0211 	EXP 	center_grating: autoDraw = False
607.6233 	DATA 	Keypress: right
607.6289 	INFO 	Keyboard events cleared
607.6284 	EXP 	surround_grating: autoDraw = False
607.6284 	EXP 	center_grating: autoDraw = False
607.6284 	EXP 	surround_grating: ori = 30.0
607.6284 	EXP 	surround_grating: phase = array([0.84033798, 0.84033798])
607.6284 	EXP 	center_grating: ori = 4.5
607.6284 	EXP 	center_grating: phase = array([0.93450751, 0.93450751])
608.1149 	EXP 	surround_grating: autoDraw = True
608.1149 	EXP 	center_grating: autoDraw = True
608.1872 	EXP 	surround_grating: autoDraw = False
608.1872 	EXP 	center_grating: autoDraw = False
608.7679 	DATA 	Keypress: right
608.7729 	INFO 	Keyboard events cleared
608.7725 	EXP 	surround_grating: autoDraw = False
608.7725 	EXP 	center_grating: autoDraw = False
608.7725 	EXP 	surround_grating: ori = 69.0
608.7725 	EXP 	surround_grating: phase = array([0.6222396, 0.6222396])
608.7725 	EXP 	center_grating: ori = 1.0
608.7725 	EXP 	center_grating: phase = array([0.77978514, 0.77978514])
609.2574 	EXP 	surround_grating: autoDraw = True
609.2574 	EXP 	center_grating: autoDraw = True
609.3321 	EXP 	surround_grating: autoDraw = False
609.3321 	EXP 	center_grating: autoDraw = False
609.7392 	DATA 	Keypress: right
609.7447 	INFO 	Keyboard events cleared
609.7443 	EXP 	surround_grating: autoDraw = False
609.7443 	EXP 	center_grating: autoDraw = False
609.7443 	EXP 	surround_grating: ori = 30.0
609.7443 	EXP 	surround_grating: phase = array([0.58443013, 0.58443013])
609.7443 	EXP 	center_grating: ori = 4.0
609.7443 	EXP 	center_grating: phase = array([0.74130379, 0.74130379])
610.2317 	EXP 	surround_grating: autoDraw = True
610.2317 	EXP 	center_grating: autoDraw = True
610.3038 	EXP 	surround_grating: autoDraw = False
610.3038 	EXP 	center_grating: autoDraw = False
610.7218 	DATA 	Keypress: right
610.7276 	INFO 	Keyboard events cleared
610.7271 	EXP 	surround_grating: autoDraw = False
610.7271 	EXP 	center_grating: autoDraw = False
610.7271 	EXP 	surround_grating: ori = -30.0
610.7271 	EXP 	surround_grating: phase = array([0.67762734, 0.67762734])
610.7271 	EXP 	center_grating: ori = 7.0
610.7271 	EXP 	center_grating: phase = array([0.0203034, 0.0203034])
611.2150 	EXP 	surround_grating: autoDraw = True
611.2150 	EXP 	center_grating: autoDraw = True
611.2876 	EXP 	surround_grating: autoDraw = False
611.2876 	EXP 	center_grating: autoDraw = False
611.7051 	DATA 	Keypress: right
611.7107 	INFO 	Keyboard events cleared
611.7103 	EXP 	surround_grating: autoDraw = False
611.7103 	EXP 	center_grating: autoDraw = False
611.7103 	EXP 	surround_grating: ori = -30.0
611.7103 	EXP 	surround_grating: phase = array([0.39413457, 0.39413457])
611.7103 	EXP 	center_grating: ori = -1.5
611.7103 	EXP 	center_grating: phase = array([0.91203336, 0.91203336])
612.1983 	EXP 	surround_grating: autoDraw = True
612.1983 	EXP 	center_grating: autoDraw = True
612.2709 	EXP 	surround_grating: autoDraw = False
612.2709 	EXP 	center_grating: autoDraw = False
612.8561 	DATA 	Keypress: right
612.8617 	INFO 	Keyboard events cleared
612.8612 	EXP 	surround_grating: autoDraw = False
612.8612 	EXP 	center_grating: autoDraw = False
612.8612 	EXP 	surround_grating: ori = 69.0
612.8612 	EXP 	surround_grating: phase = array([0.21685137, 0.21685137])
612.8612 	EXP 	center_grating: ori = 0.5
612.8612 	EXP 	center_grating: phase = array([0.68811325, 0.68811325])
613.3483 	EXP 	surround_grating: autoDraw = True
613.3483 	EXP 	center_grating: autoDraw = True
613.4203 	EXP 	surround_grating: autoDraw = False
613.4203 	EXP 	center_grating: autoDraw = False
613.7405 	DATA 	Keypress: right
613.7463 	INFO 	Keyboard events cleared
613.7458 	EXP 	surround_grating: autoDraw = False
613.7458 	EXP 	center_grating: autoDraw = False
613.7458 	EXP 	surround_grating: ori = 30.0
613.7458 	EXP 	surround_grating: phase = array([0.8950109, 0.8950109])
613.7458 	EXP 	center_grating: ori = 1.5
613.7458 	EXP 	center_grating: phase = array([0.69809494, 0.69809494])
614.2320 	EXP 	surround_grating: autoDraw = True
614.2320 	EXP 	center_grating: autoDraw = True
614.3157 	EXP 	surround_grating: autoDraw = False
614.3157 	EXP 	center_grating: autoDraw = False
614.9105 	DATA 	Keypress: right
614.9163 	INFO 	Keyboard events cleared
614.9158 	EXP 	surround_grating: autoDraw = False
614.9158 	EXP 	center_grating: autoDraw = False
614.9158 	EXP 	surround_grating: ori = 30.0
614.9158 	EXP 	surround_grating: phase = array([0.42362759, 0.42362759])
614.9158 	EXP 	center_grating: ori = 3.5
614.9158 	EXP 	center_grating: phase = array([0.32639136, 0.32639136])
615.4077 	EXP 	surround_grating: autoDraw = True
615.4077 	EXP 	center_grating: autoDraw = True
615.4826 	EXP 	surround_grating: autoDraw = False
615.4826 	EXP 	center_grating: autoDraw = False
615.8288 	DATA 	Keypress: right
615.8348 	INFO 	Keyboard events cleared
615.8343 	EXP 	surround_grating: autoDraw = False
615.8343 	EXP 	center_grating: autoDraw = False
615.8343 	EXP 	surround_grating: ori = 69.0
615.8343 	EXP 	surround_grating: phase = array([0.2989165, 0.2989165])
615.8343 	EXP 	center_grating: ori = 0.5
615.8343 	EXP 	center_grating: phase = array([0.55243348, 0.55243348])
616.3247 	EXP 	surround_grating: autoDraw = True
616.3247 	EXP 	center_grating: autoDraw = True
616.3993 	EXP 	surround_grating: autoDraw = False
616.3993 	EXP 	center_grating: autoDraw = False
616.7455 	DATA 	Keypress: right
616.7515 	INFO 	Keyboard events cleared
616.7509 	EXP 	surround_grating: autoDraw = False
616.7509 	EXP 	center_grating: autoDraw = False
616.7509 	EXP 	surround_grating: ori = 69.0
616.7509 	EXP 	surround_grating: phase = array([0.28724041, 0.28724041])
616.7509 	EXP 	center_grating: ori = 0.0
616.7509 	EXP 	center_grating: phase = array([0.60252749, 0.60252749])
617.2410 	EXP 	surround_grating: autoDraw = True
617.2410 	EXP 	center_grating: autoDraw = True
617.3154 	EXP 	surround_grating: autoDraw = False
617.3154 	EXP 	center_grating: autoDraw = False
617.7944 	DATA 	Keypress: left
617.8159 	INFO 	Keyboard events cleared
617.8154 	EXP 	surround_grating: autoDraw = False
617.8154 	EXP 	center_grating: autoDraw = False
617.8154 	EXP 	surround_grating: ori = -30.0
617.8154 	EXP 	surround_grating: phase = array([0.40752061, 0.40752061])
617.8154 	EXP 	center_grating: ori = -2.0
617.8154 	EXP 	center_grating: phase = array([0.53516191, 0.53516191])
618.2915 	EXP 	surround_grating: autoDraw = True
618.2915 	EXP 	center_grating: autoDraw = True
618.3660 	EXP 	surround_grating: autoDraw = False
618.3660 	EXP 	center_grating: autoDraw = False
618.9061 	DATA 	Keypress: left
618.9118 	INFO 	Keyboard events cleared
618.9112 	EXP 	surround_grating: autoDraw = False
618.9112 	EXP 	center_grating: autoDraw = False
618.9112 	EXP 	surround_grating: ori = 30.0
618.9112 	EXP 	surround_grating: phase = array([0.98765025, 0.98765025])
618.9112 	EXP 	center_grating: ori = 1.0
618.9112 	EXP 	center_grating: phase = array([0.87570241, 0.87570241])
619.3986 	EXP 	surround_grating: autoDraw = True
619.3986 	EXP 	center_grating: autoDraw = True
619.4718 	EXP 	surround_grating: autoDraw = False
619.4718 	EXP 	center_grating: autoDraw = False
619.8724 	DATA 	Keypress: left
619.8782 	INFO 	Keyboard events cleared
619.8778 	EXP 	surround_grating: autoDraw = False
619.8778 	EXP 	center_grating: autoDraw = False
619.8778 	EXP 	surround_grating: ori = -30.0
619.8778 	EXP 	surround_grating: phase = array([0.65407499, 0.65407499])
619.8778 	EXP 	center_grating: ori = 6.5
619.8778 	EXP 	center_grating: phase = array([0.32139135, 0.32139135])
620.3653 	EXP 	surround_grating: autoDraw = True
620.3653 	EXP 	center_grating: autoDraw = True
620.4375 	EXP 	surround_grating: autoDraw = False
620.4375 	EXP 	center_grating: autoDraw = False
620.8396 	DATA 	Keypress: right
620.8453 	INFO 	Keyboard events cleared
620.8449 	EXP 	surround_grating: autoDraw = False
620.8449 	EXP 	center_grating: autoDraw = False
620.8449 	EXP 	surround_grating: ori = 30.0
620.8449 	EXP 	surround_grating: phase = array([0.90383711, 0.90383711])
620.8449 	EXP 	center_grating: ori = 1.5
620.8449 	EXP 	center_grating: phase = array([0.73594915, 0.73594915])
621.3321 	EXP 	surround_grating: autoDraw = True
621.3321 	EXP 	center_grating: autoDraw = True
621.4039 	EXP 	surround_grating: autoDraw = False
621.4039 	EXP 	center_grating: autoDraw = False
621.9230 	DATA 	Keypress: left
621.9285 	INFO 	Keyboard events cleared
621.9281 	EXP 	surround_grating: autoDraw = False
621.9281 	EXP 	center_grating: autoDraw = False
621.9281 	EXP 	surround_grating: ori = -30.0
621.9281 	EXP 	surround_grating: phase = array([0.19045586, 0.19045586])
621.9281 	EXP 	center_grating: ori = 6.0
621.9281 	EXP 	center_grating: phase = array([0.25683294, 0.25683294])
622.4154 	EXP 	surround_grating: autoDraw = True
622.4154 	EXP 	center_grating: autoDraw = True
622.4878 	EXP 	surround_grating: autoDraw = False
622.4878 	EXP 	center_grating: autoDraw = False
622.9899 	DATA 	Keypress: right
622.9956 	INFO 	Keyboard events cleared
622.9950 	EXP 	surround_grating: autoDraw = False
622.9950 	EXP 	center_grating: autoDraw = False
622.9950 	EXP 	surround_grating: ori = -30.0
622.9950 	EXP 	surround_grating: phase = array([0.35824683, 0.35824683])
622.9950 	EXP 	center_grating: ori = -1.5
622.9950 	EXP 	center_grating: phase = array([0.07016843, 0.07016843])
623.4822 	EXP 	surround_grating: autoDraw = True
623.4822 	EXP 	center_grating: autoDraw = True
623.5548 	EXP 	surround_grating: autoDraw = False
623.5548 	EXP 	center_grating: autoDraw = False
623.9568 	DATA 	Keypress: right
623.9624 	INFO 	Keyboard events cleared
623.9618 	EXP 	surround_grating: autoDraw = False
623.9618 	EXP 	center_grating: autoDraw = False
623.9618 	EXP 	surround_grating: ori = 30.0
623.9618 	EXP 	surround_grating: phase = array([0.15524522, 0.15524522])
623.9618 	EXP 	center_grating: ori = 3.0
623.9618 	EXP 	center_grating: phase = array([0.77790989, 0.77790989])
624.4487 	EXP 	surround_grating: autoDraw = True
624.4487 	EXP 	center_grating: autoDraw = True
624.5210 	EXP 	surround_grating: autoDraw = False
624.5210 	EXP 	center_grating: autoDraw = False
624.9893 	DATA 	Keypress: right
624.9946 	INFO 	Keyboard events cleared
624.9941 	EXP 	surround_grating: autoDraw = False
624.9941 	EXP 	center_grating: autoDraw = False
624.9941 	EXP 	surround_grating: ori = 69.0
624.9941 	EXP 	surround_grating: phase = array([0.93513581, 0.93513581])
624.9941 	EXP 	center_grating: ori = 0.5
624.9941 	EXP 	center_grating: phase = array([0.2643077, 0.2643077])
625.4821 	EXP 	surround_grating: autoDraw = True
625.4821 	EXP 	center_grating: autoDraw = True
625.5543 	EXP 	surround_grating: autoDraw = False
625.5543 	EXP 	center_grating: autoDraw = False
626.1736 	DATA 	Keypress: left
626.1794 	INFO 	Keyboard events cleared
626.1790 	EXP 	surround_grating: autoDraw = False
626.1790 	EXP 	center_grating: autoDraw = False
626.1790 	EXP 	surround_grating: ori = 69.0
626.1790 	EXP 	surround_grating: phase = array([0.06909259, 0.06909259])
626.1790 	EXP 	center_grating: ori = 0.0
626.1790 	EXP 	center_grating: phase = array([0.75895822, 0.75895822])
626.6655 	EXP 	surround_grating: autoDraw = True
626.6655 	EXP 	center_grating: autoDraw = True
626.7376 	EXP 	surround_grating: autoDraw = False
626.7376 	EXP 	center_grating: autoDraw = False
627.3720 	DATA 	Keypress: right
627.3775 	INFO 	Keyboard events cleared
627.3770 	EXP 	surround_grating: autoDraw = False
627.3770 	EXP 	center_grating: autoDraw = False
627.3770 	EXP 	surround_grating: ori = -30.0
627.3770 	EXP 	surround_grating: phase = array([0.67544221, 0.67544221])
627.3770 	EXP 	center_grating: ori = 5.5
627.3770 	EXP 	center_grating: phase = array([0.02447926, 0.02447926])
627.8657 	EXP 	surround_grating: autoDraw = True
627.8657 	EXP 	center_grating: autoDraw = True
627.9379 	EXP 	surround_grating: autoDraw = False
627.9379 	EXP 	center_grating: autoDraw = False
628.2287 	DATA 	Keypress: right
628.2349 	INFO 	Keyboard events cleared
628.2343 	EXP 	surround_grating: autoDraw = False
628.2343 	EXP 	center_grating: autoDraw = False
628.2343 	EXP 	surround_grating: ori = -30.0
628.2343 	EXP 	surround_grating: phase = array([0.74476011, 0.74476011])
628.2343 	EXP 	center_grating: ori = -2.0
628.2343 	EXP 	center_grating: phase = array([0.25458542, 0.25458542])
628.7246 	EXP 	surround_grating: autoDraw = True
628.7246 	EXP 	center_grating: autoDraw = True
628.7995 	EXP 	surround_grating: autoDraw = False
628.7995 	EXP 	center_grating: autoDraw = False
629.1232 	DATA 	Keypress: right
629.1289 	INFO 	Keyboard events cleared
629.1284 	EXP 	surround_grating: autoDraw = False
629.1284 	EXP 	center_grating: autoDraw = False
629.1284 	EXP 	surround_grating: ori = 69.0
629.1284 	EXP 	surround_grating: phase = array([0.65702954, 0.65702954])
629.1284 	EXP 	center_grating: ori = 1.0
629.1284 	EXP 	center_grating: phase = array([0.6826809, 0.6826809])
629.6159 	EXP 	surround_grating: autoDraw = True
629.6159 	EXP 	center_grating: autoDraw = True
629.6876 	EXP 	surround_grating: autoDraw = False
629.6876 	EXP 	center_grating: autoDraw = False
630.0226 	DATA 	Keypress: left
630.0282 	INFO 	Keyboard events cleared
630.0276 	EXP 	surround_grating: autoDraw = False
630.0276 	EXP 	center_grating: autoDraw = False
630.0276 	EXP 	surround_grating: ori = 30.0
630.0276 	EXP 	surround_grating: phase = array([0.98307234, 0.98307234])
630.0276 	EXP 	center_grating: ori = 2.0
630.0276 	EXP 	center_grating: phase = array([0.11320826, 0.11320826])
630.5156 	EXP 	surround_grating: autoDraw = True
630.5156 	EXP 	center_grating: autoDraw = True
630.5881 	EXP 	surround_grating: autoDraw = False
630.5881 	EXP 	center_grating: autoDraw = False
631.2072 	DATA 	Keypress: left
631.2128 	INFO 	Keyboard events cleared
631.2123 	EXP 	surround_grating: autoDraw = False
631.2123 	EXP 	center_grating: autoDraw = False
631.2123 	EXP 	surround_grating: ori = 30.0
631.2123 	EXP 	surround_grating: phase = array([0.36351642, 0.36351642])
631.2123 	EXP 	center_grating: ori = 2.5
631.2123 	EXP 	center_grating: phase = array([0.24158175, 0.24158175])
631.6991 	EXP 	surround_grating: autoDraw = True
631.6991 	EXP 	center_grating: autoDraw = True
631.7714 	EXP 	surround_grating: autoDraw = False
631.7714 	EXP 	center_grating: autoDraw = False
632.0617 	DATA 	Keypress: right
632.0831 	INFO 	Keyboard events cleared
632.0826 	EXP 	surround_grating: autoDraw = False
632.0826 	EXP 	center_grating: autoDraw = False
632.0826 	EXP 	surround_grating: ori = 69.0
632.0826 	EXP 	surround_grating: phase = array([0.76559988, 0.76559988])
632.0826 	EXP 	center_grating: ori = -0.5
632.0826 	EXP 	center_grating: phase = array([0.06112584, 0.06112584])
632.5588 	EXP 	surround_grating: autoDraw = True
632.5588 	EXP 	center_grating: autoDraw = True
632.6329 	EXP 	surround_grating: autoDraw = False
632.6329 	EXP 	center_grating: autoDraw = False
633.0404 	DATA 	Keypress: right
633.0464 	INFO 	Keyboard events cleared
633.0458 	EXP 	surround_grating: autoDraw = False
633.0458 	EXP 	center_grating: autoDraw = False
633.0458 	EXP 	surround_grating: ori = 30.0
633.0458 	EXP 	surround_grating: phase = array([0.28419954, 0.28419954])
633.0458 	EXP 	center_grating: ori = 2.5
633.0458 	EXP 	center_grating: phase = array([0.32989513, 0.32989513])
633.5324 	EXP 	surround_grating: autoDraw = True
633.5324 	EXP 	center_grating: autoDraw = True
633.6048 	EXP 	surround_grating: autoDraw = False
633.6048 	EXP 	center_grating: autoDraw = False
633.9786 	DATA 	Keypress: left
633.9997 	INFO 	Keyboard events cleared
633.9993 	EXP 	surround_grating: autoDraw = False
633.9993 	EXP 	center_grating: autoDraw = False
633.9993 	EXP 	surround_grating: ori = 69.0
633.9993 	EXP 	surround_grating: phase = array([0.86630099, 0.86630099])
633.9993 	EXP 	center_grating: ori = 1.5
633.9993 	EXP 	center_grating: phase = array([0.6069548, 0.6069548])
634.4744 	EXP 	surround_grating: autoDraw = True
634.4744 	EXP 	center_grating: autoDraw = True
634.5497 	EXP 	surround_grating: autoDraw = False
634.5497 	EXP 	center_grating: autoDraw = False
635.3612 	DATA 	Keypress: left
635.3664 	INFO 	Keyboard events cleared
635.3660 	EXP 	surround_grating: autoDraw = False
635.3660 	EXP 	center_grating: autoDraw = False
635.3660 	EXP 	surround_grating: ori = -30.0
635.3660 	EXP 	surround_grating: phase = array([0.34409452, 0.34409452])
635.3660 	EXP 	center_grating: ori = 5.0
635.3660 	EXP 	center_grating: phase = array([0.704597, 0.704597])
635.8589 	EXP 	surround_grating: autoDraw = True
635.8589 	EXP 	center_grating: autoDraw = True
635.9330 	EXP 	surround_grating: autoDraw = False
635.9330 	EXP 	center_grating: autoDraw = False
636.3441 	DATA 	Keypress: right
636.3499 	INFO 	Keyboard events cleared
636.3493 	EXP 	surround_grating: autoDraw = False
636.3493 	EXP 	center_grating: autoDraw = False
636.3493 	EXP 	surround_grating: ori = -30.0
636.3493 	EXP 	surround_grating: phase = array([0.55257293, 0.55257293])
636.3493 	EXP 	center_grating: ori = -2.5
636.3493 	EXP 	center_grating: phase = array([0.41229113, 0.41229113])
636.8427 	EXP 	surround_grating: autoDraw = True
636.8427 	EXP 	center_grating: autoDraw = True
636.9166 	EXP 	surround_grating: autoDraw = False
636.9166 	EXP 	center_grating: autoDraw = False
637.6729 	DATA 	Keypress: left
637.6786 	INFO 	Keyboard events cleared
637.6782 	EXP 	surround_grating: autoDraw = False
637.6782 	EXP 	center_grating: autoDraw = False
637.6782 	EXP 	surround_grating: ori = 69.0
637.6782 	EXP 	surround_grating: phase = array([0.29051195, 0.29051195])
637.6782 	EXP 	center_grating: ori = -1.0
637.6782 	EXP 	center_grating: phase = array([0.63952589, 0.63952589])
638.1659 	EXP 	surround_grating: autoDraw = True
638.1659 	EXP 	center_grating: autoDraw = True
638.2388 	EXP 	surround_grating: autoDraw = False
638.2388 	EXP 	center_grating: autoDraw = False
638.8249 	DATA 	Keypress: left
638.8304 	INFO 	Keyboard events cleared
638.8300 	EXP 	surround_grating: autoDraw = False
638.8300 	EXP 	center_grating: autoDraw = False
638.8300 	EXP 	surround_grating: ori = 30.0
638.8300 	EXP 	surround_grating: phase = array([0.21507662, 0.21507662])
638.8300 	EXP 	center_grating: ori = 2.0
638.8300 	EXP 	center_grating: phase = array([0.30441212, 0.30441212])
639.3254 	EXP 	surround_grating: autoDraw = True
639.3254 	EXP 	center_grating: autoDraw = True
639.3996 	EXP 	surround_grating: autoDraw = False
639.3996 	EXP 	center_grating: autoDraw = False
639.9230 	DATA 	Keypress: right
639.9287 	INFO 	Keyboard events cleared
639.9283 	EXP 	surround_grating: autoDraw = False
639.9283 	EXP 	center_grating: autoDraw = False
639.9283 	EXP 	surround_grating: ori = 30.0
639.9283 	EXP 	surround_grating: phase = array([0.35448104, 0.35448104])
639.9283 	EXP 	center_grating: ori = 1.5
639.9283 	EXP 	center_grating: phase = array([0.9012584, 0.9012584])
640.4153 	EXP 	surround_grating: autoDraw = True
640.4153 	EXP 	center_grating: autoDraw = True
640.4888 	EXP 	surround_grating: autoDraw = False
640.4888 	EXP 	center_grating: autoDraw = False
641.2229 	DATA 	Keypress: right
641.2284 	INFO 	Keyboard events cleared
641.2280 	EXP 	surround_grating: autoDraw = False
641.2280 	EXP 	center_grating: autoDraw = False
641.2280 	EXP 	surround_grating: ori = 30.0
641.2280 	EXP 	surround_grating: phase = array([0.37768334, 0.37768334])
641.2280 	EXP 	center_grating: ori = 3.0
641.2280 	EXP 	center_grating: phase = array([0.63524638, 0.63524638])
641.7161 	EXP 	surround_grating: autoDraw = True
641.7161 	EXP 	center_grating: autoDraw = True
641.7881 	EXP 	surround_grating: autoDraw = False
641.7881 	EXP 	center_grating: autoDraw = False
642.0942 	DATA 	Keypress: right
642.1000 	INFO 	Keyboard events cleared
642.0993 	EXP 	surround_grating: autoDraw = False
642.0993 	EXP 	center_grating: autoDraw = False
642.0993 	EXP 	surround_grating: ori = 69.0
642.0993 	EXP 	surround_grating: phase = array([0.9205554, 0.9205554])
642.0993 	EXP 	center_grating: ori = -0.5
642.0993 	EXP 	center_grating: phase = array([0.03527546, 0.03527546])
642.5926 	EXP 	surround_grating: autoDraw = True
642.5926 	EXP 	center_grating: autoDraw = True
642.6666 	EXP 	surround_grating: autoDraw = False
642.6666 	EXP 	center_grating: autoDraw = False
643.0062 	DATA 	Keypress: right
643.0119 	INFO 	Keyboard events cleared
643.0112 	EXP 	surround_grating: autoDraw = False
643.0112 	EXP 	center_grating: autoDraw = False
643.0112 	EXP 	surround_grating: ori = -30.0
643.0112 	EXP 	surround_grating: phase = array([0.50964788, 0.50964788])
643.0112 	EXP 	center_grating: ori = 4.5
643.0112 	EXP 	center_grating: phase = array([0.44266576, 0.44266576])
643.4995 	EXP 	surround_grating: autoDraw = True
643.4995 	EXP 	center_grating: autoDraw = True
643.5717 	EXP 	surround_grating: autoDraw = False
643.5717 	EXP 	center_grating: autoDraw = False
643.8069 	DATA 	Keypress: right
643.8127 	INFO 	Keyboard events cleared
643.8122 	EXP 	surround_grating: autoDraw = False
643.8122 	EXP 	center_grating: autoDraw = False
643.8122 	EXP 	surround_grating: ori = 69.0
643.8122 	EXP 	surround_grating: phase = array([0.54035187, 0.54035187])
643.8122 	EXP 	center_grating: ori = 2.0
643.8122 	EXP 	center_grating: phase = array([0.08562324, 0.08562324])
644.2996 	EXP 	surround_grating: autoDraw = True
644.2996 	EXP 	center_grating: autoDraw = True
644.3722 	EXP 	surround_grating: autoDraw = False
644.3722 	EXP 	center_grating: autoDraw = False
644.7746 	DATA 	Keypress: right
644.7803 	INFO 	Keyboard events cleared
644.7799 	EXP 	surround_grating: autoDraw = False
644.7799 	EXP 	center_grating: autoDraw = False
644.7799 	EXP 	surround_grating: ori = -30.0
644.7799 	EXP 	surround_grating: phase = array([0.5698615, 0.5698615])
644.7799 	EXP 	center_grating: ori = -2.0
644.7799 	EXP 	center_grating: phase = array([0.16290468, 0.16290468])
645.2662 	EXP 	surround_grating: autoDraw = True
645.2662 	EXP 	center_grating: autoDraw = True
645.3384 	EXP 	surround_grating: autoDraw = False
645.3384 	EXP 	center_grating: autoDraw = False
645.6563 	DATA 	Keypress: right
645.6618 	INFO 	Keyboard events cleared
645.6614 	EXP 	surround_grating: autoDraw = False
645.6614 	EXP 	center_grating: autoDraw = False
645.6614 	EXP 	surround_grating: ori = 69.0
645.6614 	EXP 	surround_grating: phase = array([0.32299512, 0.32299512])
645.6614 	EXP 	center_grating: ori = 1.5
645.6614 	EXP 	center_grating: phase = array([0.03040497, 0.03040497])
646.1496 	EXP 	surround_grating: autoDraw = True
646.1496 	EXP 	center_grating: autoDraw = True
646.2225 	EXP 	surround_grating: autoDraw = False
646.2225 	EXP 	center_grating: autoDraw = False
646.5241 	DATA 	Keypress: right
646.5299 	INFO 	Keyboard events cleared
646.5294 	EXP 	surround_grating: autoDraw = False
646.5294 	EXP 	center_grating: autoDraw = False
646.5294 	EXP 	surround_grating: ori = 69.0
646.5294 	EXP 	surround_grating: phase = array([0.65701196, 0.65701196])
646.5294 	EXP 	center_grating: ori = -1.0
646.5294 	EXP 	center_grating: phase = array([0.69685313, 0.69685313])
647.0163 	EXP 	surround_grating: autoDraw = True
647.0163 	EXP 	center_grating: autoDraw = True
647.0886 	EXP 	surround_grating: autoDraw = False
647.0886 	EXP 	center_grating: autoDraw = False
647.3289 	DATA 	Keypress: right
647.3503 	INFO 	Keyboard events cleared
647.3498 	EXP 	surround_grating: autoDraw = False
647.3498 	EXP 	center_grating: autoDraw = False
647.3498 	EXP 	surround_grating: ori = -30.0
647.3498 	EXP 	surround_grating: phase = array([0.45925084, 0.45925084])
647.3498 	EXP 	center_grating: ori = 4.0
647.3498 	EXP 	center_grating: phase = array([0.08333773, 0.08333773])
647.8259 	EXP 	surround_grating: autoDraw = True
647.8259 	EXP 	center_grating: autoDraw = True
647.9002 	EXP 	surround_grating: autoDraw = False
647.9002 	EXP 	center_grating: autoDraw = False
648.2911 	DATA 	Keypress: right
648.2968 	INFO 	Keyboard events cleared
648.2964 	EXP 	surround_grating: autoDraw = False
648.2964 	EXP 	center_grating: autoDraw = False
648.2964 	EXP 	surround_grating: ori = 30.0
648.2964 	EXP 	surround_grating: phase = array([0.50253208, 0.50253208])
648.2964 	EXP 	center_grating: ori = 1.0
648.2964 	EXP 	center_grating: phase = array([0.5822151, 0.5822151])
648.7831 	EXP 	surround_grating: autoDraw = True
648.7831 	EXP 	center_grating: autoDraw = True
648.8552 	EXP 	surround_grating: autoDraw = False
648.8552 	EXP 	center_grating: autoDraw = False
649.1617 	DATA 	Keypress: right
649.1675 	INFO 	Keyboard events cleared
649.1671 	EXP 	surround_grating: autoDraw = False
649.1671 	EXP 	center_grating: autoDraw = False
649.1671 	EXP 	surround_grating: ori = -30.0
649.1671 	EXP 	surround_grating: phase = array([0.59960947, 0.59960947])
649.1671 	EXP 	center_grating: ori = -2.5
649.1671 	EXP 	center_grating: phase = array([0.0948243, 0.0948243])
649.6584 	EXP 	surround_grating: autoDraw = True
649.6584 	EXP 	center_grating: autoDraw = True
649.7335 	EXP 	surround_grating: autoDraw = False
649.7335 	EXP 	center_grating: autoDraw = False
650.2238 	DATA 	Keypress: left
650.2294 	INFO 	Keyboard events cleared
650.2289 	EXP 	surround_grating: autoDraw = False
650.2289 	EXP 	center_grating: autoDraw = False
650.2289 	EXP 	surround_grating: ori = 30.0
650.2289 	EXP 	surround_grating: phase = array([0.70830523, 0.70830523])
650.2289 	EXP 	center_grating: ori = 2.5
650.2289 	EXP 	center_grating: phase = array([0.5666954, 0.5666954])
650.7165 	EXP 	surround_grating: autoDraw = True
650.7165 	EXP 	center_grating: autoDraw = True
650.7886 	EXP 	surround_grating: autoDraw = False
650.7886 	EXP 	center_grating: autoDraw = False
651.4567 	DATA 	Keypress: right
651.4622 	INFO 	Keyboard events cleared
651.4618 	EXP 	surround_grating: autoDraw = False
651.4618 	EXP 	center_grating: autoDraw = False
651.4618 	EXP 	surround_grating: ori = -30.0
651.4618 	EXP 	surround_grating: phase = array([0.9730585, 0.9730585])
651.4618 	EXP 	center_grating: ori = 3.5
651.4618 	EXP 	center_grating: phase = array([0.49988495, 0.49988495])
651.9488 	EXP 	surround_grating: autoDraw = True
651.9488 	EXP 	center_grating: autoDraw = True
652.0225 	EXP 	surround_grating: autoDraw = False
652.0225 	EXP 	center_grating: autoDraw = False
652.4236 	DATA 	Keypress: right
652.4294 	INFO 	Keyboard events cleared
652.4289 	EXP 	surround_grating: autoDraw = False
652.4289 	EXP 	center_grating: autoDraw = False
652.4289 	EXP 	surround_grating: ori = 69.0
652.4289 	EXP 	surround_grating: phase = array([0.21151338, 0.21151338])
652.4289 	EXP 	center_grating: ori = -1.5
652.4289 	EXP 	center_grating: phase = array([0.54690554, 0.54690554])
652.9167 	EXP 	surround_grating: autoDraw = True
652.9167 	EXP 	center_grating: autoDraw = True
652.9895 	EXP 	surround_grating: autoDraw = False
652.9895 	EXP 	center_grating: autoDraw = False
653.5241 	DATA 	Keypress: left
653.5299 	INFO 	Keyboard events cleared
653.5295 	EXP 	surround_grating: autoDraw = False
653.5295 	EXP 	center_grating: autoDraw = False
653.5295 	EXP 	surround_grating: ori = 69.0
653.5295 	EXP 	surround_grating: phase = array([0.15590693, 0.15590693])
653.5295 	EXP 	center_grating: ori = 1.0
653.5295 	EXP 	center_grating: phase = array([0.70792084, 0.70792084])
654.0166 	EXP 	surround_grating: autoDraw = True
654.0166 	EXP 	center_grating: autoDraw = True
654.0897 	EXP 	surround_grating: autoDraw = False
654.0897 	EXP 	center_grating: autoDraw = False
655.2296 	DATA 	Keypress: right
655.2362 	INFO 	Keyboard events cleared
655.2357 	EXP 	surround_grating: autoDraw = False
655.2357 	EXP 	center_grating: autoDraw = False
655.2357 	EXP 	surround_grating: ori = 30.0
655.2357 	EXP 	surround_grating: phase = array([0.35369786, 0.35369786])
655.2357 	EXP 	center_grating: ori = 0.5
655.2357 	EXP 	center_grating: phase = array([0.70383842, 0.70383842])
655.7261 	EXP 	surround_grating: autoDraw = True
655.7261 	EXP 	center_grating: autoDraw = True
655.8004 	EXP 	surround_grating: autoDraw = False
655.8004 	EXP 	center_grating: autoDraw = False
656.5403 	DATA 	Keypress: right
656.5459 	INFO 	Keyboard events cleared
656.5454 	EXP 	surround_grating: autoDraw = False
656.5454 	EXP 	center_grating: autoDraw = False
656.5454 	EXP 	surround_grating: ori = -30.0
656.5454 	EXP 	surround_grating: phase = array([0.67174791, 0.67174791])
656.5454 	EXP 	center_grating: ori = -2.0
656.5454 	EXP 	center_grating: phase = array([0.00034596, 0.00034596])
657.0332 	EXP 	surround_grating: autoDraw = True
657.0332 	EXP 	center_grating: autoDraw = True
657.1057 	EXP 	surround_grating: autoDraw = False
657.1057 	EXP 	center_grating: autoDraw = False
657.4461 	DATA 	Keypress: right
657.4675 	INFO 	Keyboard events cleared
657.4669 	EXP 	surround_grating: autoDraw = False
657.4669 	EXP 	center_grating: autoDraw = False
657.4669 	EXP 	surround_grating: ori = 30.0
657.4669 	EXP 	surround_grating: phase = array([0.76540027, 0.76540027])
657.4669 	EXP 	center_grating: ori = 2.0
657.4669 	EXP 	center_grating: phase = array([0.36185484, 0.36185484])
657.9425 	EXP 	surround_grating: autoDraw = True
657.9425 	EXP 	center_grating: autoDraw = True
658.0173 	EXP 	surround_grating: autoDraw = False
658.0173 	EXP 	center_grating: autoDraw = False
658.3130 	DATA 	Keypress: right
658.3340 	INFO 	Keyboard events cleared
658.3335 	EXP 	surround_grating: autoDraw = False
658.3335 	EXP 	center_grating: autoDraw = False
658.3335 	EXP 	surround_grating: ori = 69.0
658.3335 	EXP 	surround_grating: phase = array([0.56601098, 0.56601098])
658.3335 	EXP 	center_grating: ori = 0.5
658.3335 	EXP 	center_grating: phase = array([0.46758496, 0.46758496])
658.8090 	EXP 	surround_grating: autoDraw = True
658.8090 	EXP 	center_grating: autoDraw = True
658.8840 	EXP 	surround_grating: autoDraw = False
658.8840 	EXP 	center_grating: autoDraw = False
659.3911 	DATA 	Keypress: right
659.3963 	INFO 	Keyboard events cleared
659.3958 	EXP 	surround_grating: autoDraw = False
659.3958 	EXP 	center_grating: autoDraw = False
659.3958 	EXP 	surround_grating: ori = 30.0
659.3958 	EXP 	surround_grating: phase = array([0.12511727, 0.12511727])
659.3958 	EXP 	center_grating: ori = 0.0
659.3958 	EXP 	center_grating: phase = array([0.78428619, 0.78428619])
659.8835 	EXP 	surround_grating: autoDraw = True
659.8835 	EXP 	center_grating: autoDraw = True
659.9556 	EXP 	surround_grating: autoDraw = False
659.9556 	EXP 	center_grating: autoDraw = False
660.2404 	DATA 	Keypress: right
660.2455 	INFO 	Keyboard events cleared
660.2451 	EXP 	surround_grating: autoDraw = False
660.2451 	EXP 	center_grating: autoDraw = False
660.2451 	EXP 	surround_grating: ori = -30.0
660.2451 	EXP 	surround_grating: phase = array([0.29353891, 0.29353891])
660.2451 	EXP 	center_grating: ori = -2.5
660.2451 	EXP 	center_grating: phase = array([0.23643671, 0.23643671])
660.7338 	EXP 	surround_grating: autoDraw = True
660.7338 	EXP 	center_grating: autoDraw = True
660.8067 	EXP 	surround_grating: autoDraw = False
660.8067 	EXP 	center_grating: autoDraw = False
661.2753 	DATA 	Keypress: right
661.2812 	INFO 	Keyboard events cleared
661.2807 	EXP 	surround_grating: autoDraw = False
661.2807 	EXP 	center_grating: autoDraw = False
661.2807 	EXP 	surround_grating: ori = 69.0
661.2807 	EXP 	surround_grating: phase = array([0.18849531, 0.18849531])
661.2807 	EXP 	center_grating: ori = -1.0
661.2807 	EXP 	center_grating: phase = array([0.76051904, 0.76051904])
661.7668 	EXP 	surround_grating: autoDraw = True
661.7668 	EXP 	center_grating: autoDraw = True
661.8395 	EXP 	surround_grating: autoDraw = False
661.8395 	EXP 	center_grating: autoDraw = False
662.1973 	DATA 	Keypress: left
662.2031 	INFO 	Keyboard events cleared
662.2027 	EXP 	surround_grating: autoDraw = False
662.2027 	EXP 	center_grating: autoDraw = False
662.2027 	EXP 	surround_grating: ori = -30.0
662.2027 	EXP 	surround_grating: phase = array([0.6805011, 0.6805011])
662.2027 	EXP 	center_grating: ori = 3.0
662.2027 	EXP 	center_grating: phase = array([0.74397768, 0.74397768])
662.6921 	EXP 	surround_grating: autoDraw = True
662.6921 	EXP 	center_grating: autoDraw = True
662.7673 	EXP 	surround_grating: autoDraw = False
662.7673 	EXP 	center_grating: autoDraw = False
663.1243 	DATA 	Keypress: right
663.1302 	INFO 	Keyboard events cleared
663.1297 	EXP 	surround_grating: autoDraw = False
663.1297 	EXP 	center_grating: autoDraw = False
663.1297 	EXP 	surround_grating: ori = 30.0
663.1297 	EXP 	surround_grating: phase = array([0.67254509, 0.67254509])
663.1297 	EXP 	center_grating: ori = 1.5
663.1297 	EXP 	center_grating: phase = array([0.11183795, 0.11183795])
663.6172 	EXP 	surround_grating: autoDraw = True
663.6172 	EXP 	center_grating: autoDraw = True
663.6891 	EXP 	surround_grating: autoDraw = False
663.6891 	EXP 	center_grating: autoDraw = False
664.1797 	DATA 	Keypress: right
664.2009 	INFO 	Keyboard events cleared
664.2004 	EXP 	surround_grating: autoDraw = False
664.2004 	EXP 	center_grating: autoDraw = False
664.2004 	EXP 	surround_grating: ori = 69.0
664.2004 	EXP 	surround_grating: phase = array([0.22752569, 0.22752569])
664.2004 	EXP 	center_grating: ori = -0.5
664.2004 	EXP 	center_grating: phase = array([0.67912706, 0.67912706])
664.6757 	EXP 	surround_grating: autoDraw = True
664.6757 	EXP 	center_grating: autoDraw = True
664.7508 	EXP 	surround_grating: autoDraw = False
664.7508 	EXP 	center_grating: autoDraw = False
665.1241 	DATA 	Keypress: left
665.1297 	INFO 	Keyboard events cleared
665.1291 	EXP 	surround_grating: autoDraw = False
665.1291 	EXP 	center_grating: autoDraw = False
665.1291 	EXP 	surround_grating: ori = -30.0
665.1291 	EXP 	surround_grating: phase = array([0.93303248, 0.93303248])
665.1291 	EXP 	center_grating: ori = 2.5
665.1291 	EXP 	center_grating: phase = array([0.21299734, 0.21299734])
665.6170 	EXP 	surround_grating: autoDraw = True
665.6170 	EXP 	center_grating: autoDraw = True
665.6902 	EXP 	surround_grating: autoDraw = False
665.6902 	EXP 	center_grating: autoDraw = False
666.0125 	DATA 	Keypress: right
666.0249 	INFO 	Keyboard events cleared
666.0246 	EXP 	surround_grating: autoDraw = False
666.0246 	EXP 	center_grating: autoDraw = False
666.0246 	EXP 	surround_grating: ori = -30.0
666.0246 	EXP 	surround_grating: phase = array([0.67603123, 0.67603123])
666.0246 	EXP 	center_grating: ori = -3.0
666.0246 	EXP 	center_grating: phase = array([0.11802057, 0.11802057])
666.5171 	EXP 	surround_grating: autoDraw = True
666.5171 	EXP 	center_grating: autoDraw = True
666.5899 	EXP 	surround_grating: autoDraw = False
666.5899 	EXP 	center_grating: autoDraw = False
666.8240 	DATA 	Keypress: right
666.8296 	INFO 	Keyboard events cleared
666.8291 	EXP 	surround_grating: autoDraw = False
666.8291 	EXP 	center_grating: autoDraw = False
666.8291 	EXP 	surround_grating: ori = 30.0
666.8291 	EXP 	surround_grating: phase = array([0.48553485, 0.48553485])
666.8291 	EXP 	center_grating: ori = -0.5
666.8291 	EXP 	center_grating: phase = array([0.66296608, 0.66296608])
667.3165 	EXP 	surround_grating: autoDraw = True
667.3165 	EXP 	center_grating: autoDraw = True
667.3900 	EXP 	surround_grating: autoDraw = False
667.3900 	EXP 	center_grating: autoDraw = False
667.6249 	DATA 	Keypress: right
667.6308 	INFO 	Keyboard events cleared
667.6303 	EXP 	surround_grating: autoDraw = False
667.6303 	EXP 	center_grating: autoDraw = False
667.6303 	EXP 	surround_grating: ori = 69.0
667.6303 	EXP 	surround_grating: phase = array([0.20386427, 0.20386427])
667.6303 	EXP 	center_grating: ori = 0.0
667.6303 	EXP 	center_grating: phase = array([0.08082928, 0.08082928])
668.1170 	EXP 	surround_grating: autoDraw = True
668.1170 	EXP 	center_grating: autoDraw = True
668.1892 	EXP 	surround_grating: autoDraw = False
668.1892 	EXP 	center_grating: autoDraw = False
668.7075 	DATA 	Keypress: left
668.7130 	INFO 	Keyboard events cleared
668.7126 	EXP 	surround_grating: autoDraw = False
668.7126 	EXP 	center_grating: autoDraw = False
668.7126 	EXP 	surround_grating: ori = 30.0
668.7126 	EXP 	surround_grating: phase = array([0.45029154, 0.45029154])
668.7126 	EXP 	center_grating: ori = 1.0
668.7126 	EXP 	center_grating: phase = array([0.48705599, 0.48705599])
669.2008 	EXP 	surround_grating: autoDraw = True
669.2008 	EXP 	center_grating: autoDraw = True
669.2726 	EXP 	surround_grating: autoDraw = False
669.2726 	EXP 	center_grating: autoDraw = False
669.5914 	DATA 	Keypress: right
669.5970 	INFO 	Keyboard events cleared
669.5965 	EXP 	surround_grating: autoDraw = False
669.5965 	EXP 	center_grating: autoDraw = False
669.5965 	EXP 	surround_grating: ori = 30.0
669.5965 	EXP 	surround_grating: phase = array([0.65452674, 0.65452674])
669.5965 	EXP 	center_grating: ori = -1.0
669.5965 	EXP 	center_grating: phase = array([0.49432971, 0.49432971])
670.0837 	EXP 	surround_grating: autoDraw = True
670.0837 	EXP 	center_grating: autoDraw = True
670.1560 	EXP 	surround_grating: autoDraw = False
670.1560 	EXP 	center_grating: autoDraw = False
670.5289 	DATA 	Keypress: left
670.5343 	INFO 	Keyboard events cleared
670.5338 	EXP 	surround_grating: autoDraw = False
670.5338 	EXP 	center_grating: autoDraw = False
670.5338 	EXP 	surround_grating: ori = -30.0
670.5338 	EXP 	surround_grating: phase = array([0.40145131, 0.40145131])
670.5338 	EXP 	center_grating: ori = -3.5
670.5338 	EXP 	center_grating: phase = array([0.2772233, 0.2772233])
671.0258 	EXP 	surround_grating: autoDraw = True
671.0258 	EXP 	center_grating: autoDraw = True
671.1011 	EXP 	surround_grating: autoDraw = False
671.1011 	EXP 	center_grating: autoDraw = False
671.3635 	DATA 	Keypress: left
671.3845 	INFO 	Keyboard events cleared
671.3840 	EXP 	surround_grating: autoDraw = False
671.3840 	EXP 	center_grating: autoDraw = False
671.3840 	EXP 	surround_grating: ori = 30.0
671.3840 	EXP 	surround_grating: phase = array([0.56570769, 0.56570769])
671.3840 	EXP 	center_grating: ori = 0.5
671.3840 	EXP 	center_grating: phase = array([0.4194181, 0.4194181])
671.8603 	EXP 	surround_grating: autoDraw = True
671.8603 	EXP 	center_grating: autoDraw = True
671.9344 	EXP 	surround_grating: autoDraw = False
671.9344 	EXP 	center_grating: autoDraw = False
672.2132 	DATA 	Keypress: left
672.2347 	INFO 	Keyboard events cleared
672.2341 	EXP 	surround_grating: autoDraw = False
672.2341 	EXP 	center_grating: autoDraw = False
672.2341 	EXP 	surround_grating: ori = 69.0
672.2341 	EXP 	surround_grating: phase = array([0.69830705, 0.69830705])
672.2341 	EXP 	center_grating: ori = 0.5
672.2341 	EXP 	center_grating: phase = array([0.28473358, 0.28473358])
672.7100 	EXP 	surround_grating: autoDraw = True
672.7100 	EXP 	center_grating: autoDraw = True
672.7843 	EXP 	surround_grating: autoDraw = False
672.7843 	EXP 	center_grating: autoDraw = False
673.0817 	DATA 	Keypress: left
673.0873 	INFO 	Keyboard events cleared
673.0868 	EXP 	surround_grating: autoDraw = False
673.0868 	EXP 	center_grating: autoDraw = False
673.0868 	EXP 	surround_grating: ori = -30.0
673.0868 	EXP 	surround_grating: phase = array([0.09694986, 0.09694986])
673.0868 	EXP 	center_grating: ori = 2.0
673.0868 	EXP 	center_grating: phase = array([0.54343761, 0.54343761])
673.5771 	EXP 	surround_grating: autoDraw = True
673.5771 	EXP 	center_grating: autoDraw = True
673.6511 	EXP 	surround_grating: autoDraw = False
673.6511 	EXP 	center_grating: autoDraw = False
673.9406 	DATA 	Keypress: left
673.9462 	INFO 	Keyboard events cleared
673.9457 	EXP 	surround_grating: autoDraw = False
673.9457 	EXP 	center_grating: autoDraw = False
673.9457 	EXP 	surround_grating: ori = 69.0
673.9457 	EXP 	surround_grating: phase = array([0.21401569, 0.21401569])
673.9457 	EXP 	center_grating: ori = 0.0
673.9457 	EXP 	center_grating: phase = array([0.54557743, 0.54557743])
674.4343 	EXP 	surround_grating: autoDraw = True
674.4343 	EXP 	center_grating: autoDraw = True
674.5059 	EXP 	surround_grating: autoDraw = False
674.5059 	EXP 	center_grating: autoDraw = False
674.8465 	DATA 	Keypress: left
674.8678 	INFO 	Keyboard events cleared
674.8675 	EXP 	surround_grating: autoDraw = False
674.8675 	EXP 	center_grating: autoDraw = False
674.8675 	EXP 	surround_grating: ori = 30.0
674.8675 	EXP 	surround_grating: phase = array([0.2960245, 0.2960245])
674.8675 	EXP 	center_grating: ori = 1.0
674.8675 	EXP 	center_grating: phase = array([0.19600058, 0.19600058])
675.3424 	EXP 	surround_grating: autoDraw = True
675.3424 	EXP 	center_grating: autoDraw = True
675.4178 	EXP 	surround_grating: autoDraw = False
675.4178 	EXP 	center_grating: autoDraw = False
675.9124 	DATA 	Keypress: right
675.9181 	INFO 	Keyboard events cleared
675.9175 	EXP 	surround_grating: autoDraw = False
675.9175 	EXP 	center_grating: autoDraw = False
675.9175 	EXP 	surround_grating: ori = 69.0
675.9175 	EXP 	surround_grating: phase = array([0.80078529, 0.80078529])
675.9175 	EXP 	center_grating: ori = 1.0
675.9175 	EXP 	center_grating: phase = array([0.01794731, 0.01794731])
676.4093 	EXP 	surround_grating: autoDraw = True
676.4093 	EXP 	center_grating: autoDraw = True
676.4848 	EXP 	surround_grating: autoDraw = False
676.4848 	EXP 	center_grating: autoDraw = False
676.8417 	DATA 	Keypress: right
676.8473 	INFO 	Keyboard events cleared
676.8468 	EXP 	surround_grating: autoDraw = False
676.8468 	EXP 	center_grating: autoDraw = False
676.8468 	EXP 	surround_grating: ori = 69.0
676.8468 	EXP 	surround_grating: phase = array([0.76899482, 0.76899482])
676.8468 	EXP 	center_grating: ori = 0.5
676.8468 	EXP 	center_grating: phase = array([0.83520562, 0.83520562])
677.3342 	EXP 	surround_grating: autoDraw = True
677.3342 	EXP 	center_grating: autoDraw = True
677.4070 	EXP 	surround_grating: autoDraw = False
677.4070 	EXP 	center_grating: autoDraw = False
677.7407 	DATA 	Keypress: right
677.7464 	INFO 	Keyboard events cleared
677.7459 	EXP 	surround_grating: autoDraw = False
677.7459 	EXP 	center_grating: autoDraw = False
677.7459 	EXP 	surround_grating: ori = 30.0
677.7459 	EXP 	surround_grating: phase = array([0.87039934, 0.87039934])
677.7459 	EXP 	center_grating: ori = -0.5
677.7459 	EXP 	center_grating: phase = array([0.19938836, 0.19938836])
678.2341 	EXP 	surround_grating: autoDraw = True
678.2341 	EXP 	center_grating: autoDraw = True
678.3068 	EXP 	surround_grating: autoDraw = False
678.3068 	EXP 	center_grating: autoDraw = False
678.5592 	DATA 	Keypress: right
678.5649 	INFO 	Keyboard events cleared
678.5645 	EXP 	surround_grating: autoDraw = False
678.5645 	EXP 	center_grating: autoDraw = False
678.5645 	EXP 	surround_grating: ori = -30.0
678.5645 	EXP 	surround_grating: phase = array([0.82751588, 0.82751588])
678.5645 	EXP 	center_grating: ori = 2.5
678.5645 	EXP 	center_grating: phase = array([0.74457915, 0.74457915])
679.0507 	EXP 	surround_grating: autoDraw = True
679.0507 	EXP 	center_grating: autoDraw = True
679.1229 	EXP 	surround_grating: autoDraw = False
679.1229 	EXP 	center_grating: autoDraw = False
679.4410 	DATA 	Keypress: right
679.4463 	INFO 	Keyboard events cleared
679.4457 	EXP 	surround_grating: autoDraw = False
679.4457 	EXP 	center_grating: autoDraw = False
679.4457 	EXP 	surround_grating: ori = -30.0
679.4457 	EXP 	surround_grating: phase = array([0.60120668, 0.60120668])
679.4457 	EXP 	center_grating: ori = -3.0
679.4457 	EXP 	center_grating: phase = array([0.14449696, 0.14449696])
679.9332 	EXP 	surround_grating: autoDraw = True
679.9332 	EXP 	center_grating: autoDraw = True
680.0070 	EXP 	surround_grating: autoDraw = False
680.0070 	EXP 	center_grating: autoDraw = False
680.3816 	DATA 	Keypress: right
680.3874 	INFO 	Keyboard events cleared
680.3869 	EXP 	surround_grating: autoDraw = False
680.3869 	EXP 	center_grating: autoDraw = False
680.3869 	EXP 	surround_grating: ori = 30.0
680.3869 	EXP 	surround_grating: phase = array([0.11964462, 0.11964462])
680.3869 	EXP 	center_grating: ori = 0.5
680.3869 	EXP 	center_grating: phase = array([0.559224, 0.559224])
680.8766 	EXP 	surround_grating: autoDraw = True
680.8766 	EXP 	center_grating: autoDraw = True
680.9574 	EXP 	surround_grating: autoDraw = False
680.9574 	EXP 	center_grating: autoDraw = False
681.2578 	DATA 	Keypress: right
681.2636 	INFO 	Keyboard events cleared
681.2631 	EXP 	surround_grating: autoDraw = False
681.2631 	EXP 	center_grating: autoDraw = False
681.2631 	EXP 	surround_grating: ori = 69.0
681.2631 	EXP 	surround_grating: phase = array([0.11758017, 0.11758017])
681.2631 	EXP 	center_grating: ori = 0.5
681.2631 	EXP 	center_grating: phase = array([0.90778706, 0.90778706])
681.7508 	EXP 	surround_grating: autoDraw = True
681.7508 	EXP 	center_grating: autoDraw = True
681.8230 	EXP 	surround_grating: autoDraw = False
681.8230 	EXP 	center_grating: autoDraw = False
682.1743 	DATA 	Keypress: right
682.1800 	INFO 	Keyboard events cleared
682.1795 	EXP 	surround_grating: autoDraw = False
682.1795 	EXP 	center_grating: autoDraw = False
682.1795 	EXP 	surround_grating: ori = -30.0
682.1795 	EXP 	surround_grating: phase = array([0.42258955, 0.42258955])
682.1795 	EXP 	center_grating: ori = -3.5
682.1795 	EXP 	center_grating: phase = array([0.55375791, 0.55375791])
682.6677 	EXP 	surround_grating: autoDraw = True
682.6677 	EXP 	center_grating: autoDraw = True
682.7398 	EXP 	surround_grating: autoDraw = False
682.7398 	EXP 	center_grating: autoDraw = False
683.0757 	DATA 	Keypress: right
683.0813 	INFO 	Keyboard events cleared
683.0808 	EXP 	surround_grating: autoDraw = False
683.0808 	EXP 	center_grating: autoDraw = False
683.0808 	EXP 	surround_grating: ori = 30.0
683.0808 	EXP 	surround_grating: phase = array([0.35767773, 0.35767773])
683.0808 	EXP 	center_grating: ori = -1.0
683.0808 	EXP 	center_grating: phase = array([0.47995143, 0.47995143])
683.5675 	EXP 	surround_grating: autoDraw = True
683.5675 	EXP 	center_grating: autoDraw = True
683.6401 	EXP 	surround_grating: autoDraw = False
683.6401 	EXP 	center_grating: autoDraw = False
684.0405 	DATA 	Keypress: left
684.0538 	INFO 	Keyboard events cleared
684.0533 	EXP 	surround_grating: autoDraw = False
684.0533 	EXP 	center_grating: autoDraw = False
684.0533 	EXP 	surround_grating: ori = -30.0
684.0533 	EXP 	surround_grating: phase = array([0.68931898, 0.68931898])
684.0533 	EXP 	center_grating: ori = 2.0
684.0533 	EXP 	center_grating: phase = array([0.04173367, 0.04173367])
684.5433 	EXP 	surround_grating: autoDraw = True
684.5433 	EXP 	center_grating: autoDraw = True
684.6180 	EXP 	surround_grating: autoDraw = False
684.6180 	EXP 	center_grating: autoDraw = False
685.0586 	DATA 	Keypress: right
685.0644 	INFO 	Keyboard events cleared
685.0640 	EXP 	surround_grating: autoDraw = False
685.0640 	EXP 	center_grating: autoDraw = False
685.0640 	EXP 	surround_grating: ori = 69.0
685.0640 	EXP 	surround_grating: phase = array([0.20945261, 0.20945261])
685.0640 	EXP 	center_grating: ori = 0.0
685.0640 	EXP 	center_grating: phase = array([0.53111455, 0.53111455])
685.5509 	EXP 	surround_grating: autoDraw = True
685.5509 	EXP 	center_grating: autoDraw = True
685.6350 	EXP 	surround_grating: autoDraw = False
685.6350 	EXP 	center_grating: autoDraw = False
685.9631 	DATA 	Keypress: right
685.9690 	INFO 	Keyboard events cleared
685.9685 	EXP 	surround_grating: autoDraw = False
685.9685 	EXP 	center_grating: autoDraw = False
685.9685 	EXP 	surround_grating: ori = -30.0
685.9685 	EXP 	surround_grating: phase = array([0.62412137, 0.62412137])
685.9685 	EXP 	center_grating: ori = 1.5
685.9685 	EXP 	center_grating: phase = array([0.0890334, 0.0890334])
686.4599 	EXP 	surround_grating: autoDraw = True
686.4599 	EXP 	center_grating: autoDraw = True
686.5350 	EXP 	surround_grating: autoDraw = False
686.5350 	EXP 	center_grating: autoDraw = False
686.9429 	DATA 	Keypress: right
686.9485 	INFO 	Keyboard events cleared
686.9481 	EXP 	surround_grating: autoDraw = False
686.9481 	EXP 	center_grating: autoDraw = False
686.9481 	EXP 	surround_grating: ori = 30.0
686.9481 	EXP 	surround_grating: phase = array([0.8826027, 0.8826027])
686.9481 	EXP 	center_grating: ori = -0.5
686.9481 	EXP 	center_grating: phase = array([0.44945066, 0.44945066])
687.4343 	EXP 	surround_grating: autoDraw = True
687.4343 	EXP 	center_grating: autoDraw = True
687.5076 	EXP 	surround_grating: autoDraw = False
687.5076 	EXP 	center_grating: autoDraw = False
687.7904 	DATA 	Keypress: right
687.8040 	INFO 	Keyboard events cleared
687.8037 	EXP 	surround_grating: autoDraw = False
687.8037 	EXP 	center_grating: autoDraw = False
687.8037 	EXP 	surround_grating: ori = -30.0
687.8037 	EXP 	surround_grating: phase = array([0.34778681, 0.34778681])
687.8037 	EXP 	center_grating: ori = 1.0
687.8037 	EXP 	center_grating: phase = array([0.93293453, 0.93293453])
688.2942 	EXP 	surround_grating: autoDraw = True
688.2942 	EXP 	center_grating: autoDraw = True
688.3684 	EXP 	surround_grating: autoDraw = False
688.3684 	EXP 	center_grating: autoDraw = False
688.6419 	DATA 	Keypress: right
688.6474 	INFO 	Keyboard events cleared
688.6470 	EXP 	surround_grating: autoDraw = False
688.6470 	EXP 	center_grating: autoDraw = False
688.6470 	EXP 	surround_grating: ori = -30.0
688.6470 	EXP 	surround_grating: phase = array([0.65316649, 0.65316649])
688.6470 	EXP 	center_grating: ori = 0.5
688.6470 	EXP 	center_grating: phase = array([0.57906058, 0.57906058])
689.1344 	EXP 	surround_grating: autoDraw = True
689.1344 	EXP 	center_grating: autoDraw = True
689.2070 	EXP 	surround_grating: autoDraw = False
689.2070 	EXP 	center_grating: autoDraw = False
689.3805 	DATA 	Keypress: right
689.4020 	INFO 	Keyboard events cleared
689.4014 	EXP 	surround_grating: autoDraw = False
689.4014 	EXP 	center_grating: autoDraw = False
689.4014 	EXP 	surround_grating: ori = -30.0
689.4014 	EXP 	surround_grating: phase = array([0.59794695, 0.59794695])
689.4014 	EXP 	center_grating: ori = 0.0
689.4014 	EXP 	center_grating: phase = array([0.89741835, 0.89741835])
689.8762 	EXP 	surround_grating: autoDraw = True
689.8762 	EXP 	center_grating: autoDraw = True
689.9517 	EXP 	surround_grating: autoDraw = False
689.9517 	EXP 	center_grating: autoDraw = False
690.1304 	DATA 	Keypress: right
690.1519 	INFO 	Keyboard events cleared
690.1514 	EXP 	surround_grating: autoDraw = False
690.1514 	EXP 	center_grating: autoDraw = False
690.1514 	EXP 	surround_grating: ori = -30.0
690.1514 	EXP 	surround_grating: phase = array([0.28486267, 0.28486267])
690.1514 	EXP 	center_grating: ori = -0.5
690.1514 	EXP 	center_grating: phase = array([0.52546317, 0.52546317])
690.6268 	EXP 	surround_grating: autoDraw = True
690.6268 	EXP 	center_grating: autoDraw = True
690.7017 	EXP 	surround_grating: autoDraw = False
690.7017 	EXP 	center_grating: autoDraw = False
691.0131 	DATA 	Keypress: right
691.0189 	INFO 	Keyboard events cleared
691.0185 	EXP 	surround_grating: autoDraw = False
691.0185 	EXP 	center_grating: autoDraw = False
691.0185 	EXP 	surround_grating: ori = -30.0
691.0185 	EXP 	surround_grating: phase = array([0.77585071, 0.77585071])
691.0185 	EXP 	center_grating: ori = -1.0
691.0185 	EXP 	center_grating: phase = array([0.40647765, 0.40647765])
691.5103 	EXP 	surround_grating: autoDraw = True
691.5103 	EXP 	center_grating: autoDraw = True
691.5852 	EXP 	surround_grating: autoDraw = False
691.5852 	EXP 	center_grating: autoDraw = False
691.9241 	DATA 	Keypress: right
691.9298 	INFO 	Keyboard events cleared
691.9293 	EXP 	surround_grating: autoDraw = False
691.9293 	EXP 	center_grating: autoDraw = False
691.9293 	EXP 	surround_grating: ori = -30.0
691.9293 	EXP 	surround_grating: phase = array([0.5757993, 0.5757993])
691.9293 	EXP 	center_grating: ori = -1.5
691.9293 	EXP 	center_grating: phase = array([0.7772917, 0.7772917])
692.4179 	EXP 	surround_grating: autoDraw = True
692.4179 	EXP 	center_grating: autoDraw = True
692.4908 	EXP 	surround_grating: autoDraw = False
692.4908 	EXP 	center_grating: autoDraw = False
692.6922 	DATA 	Keypress: right
692.6981 	INFO 	Keyboard events cleared
692.6975 	EXP 	surround_grating: autoDraw = False
692.6975 	EXP 	center_grating: autoDraw = False
692.6975 	EXP 	surround_grating: ori = -30.0
692.6975 	EXP 	surround_grating: phase = array([0.21313713, 0.21313713])
692.6975 	EXP 	center_grating: ori = -2.0
692.6975 	EXP 	center_grating: phase = array([0.5389397, 0.5389397])
693.1846 	EXP 	surround_grating: autoDraw = True
693.1846 	EXP 	center_grating: autoDraw = True
693.2687 	EXP 	surround_grating: autoDraw = False
693.2687 	EXP 	center_grating: autoDraw = False
693.4076 	DATA 	Keypress: right
693.4132 	INFO 	Keyboard events cleared
693.4127 	EXP 	surround_grating: autoDraw = False
693.4127 	EXP 	center_grating: autoDraw = False
693.4127 	EXP 	surround_grating: ori = -30.0
693.4127 	EXP 	surround_grating: phase = array([0.73799699, 0.73799699])
693.4127 	EXP 	center_grating: ori = -2.5
693.4127 	EXP 	center_grating: phase = array([0.92284306, 0.92284306])
693.9018 	EXP 	surround_grating: autoDraw = True
693.9018 	EXP 	center_grating: autoDraw = True
693.9734 	EXP 	surround_grating: autoDraw = False
693.9734 	EXP 	center_grating: autoDraw = False
694.1594 	DATA 	Keypress: right
694.1654 	INFO 	Keyboard events cleared
694.1649 	EXP 	surround_grating: autoDraw = False
694.1649 	EXP 	center_grating: autoDraw = False
694.1649 	EXP 	surround_grating: ori = -30.0
694.1649 	EXP 	surround_grating: phase = array([0.89773951, 0.89773951])
694.1649 	EXP 	center_grating: ori = -3.0
694.1649 	EXP 	center_grating: phase = array([0.09451785, 0.09451785])
694.6505 	EXP 	surround_grating: autoDraw = True
694.6505 	EXP 	center_grating: autoDraw = True
694.7237 	EXP 	surround_grating: autoDraw = False
694.7237 	EXP 	center_grating: autoDraw = False
694.9140 	DATA 	Keypress: right
694.9354 	INFO 	Keyboard events cleared
694.9349 	EXP 	surround_grating: autoDraw = False
694.9349 	EXP 	center_grating: autoDraw = False
694.9349 	EXP 	surround_grating: ori = -30.0
694.9349 	EXP 	surround_grating: phase = array([0.29246985, 0.29246985])
694.9349 	EXP 	center_grating: ori = -3.5
694.9349 	EXP 	center_grating: phase = array([0.99436474, 0.99436474])
695.4102 	EXP 	surround_grating: autoDraw = True
695.4102 	EXP 	center_grating: autoDraw = True
695.4853 	EXP 	surround_grating: autoDraw = False
695.4853 	EXP 	center_grating: autoDraw = False
695.6433 	DATA 	Keypress: right
695.6489 	INFO 	Keyboard events cleared
695.6485 	EXP 	surround_grating: autoDraw = False
695.6485 	EXP 	center_grating: autoDraw = False
695.6485 	EXP 	surround_grating: ori = -30.0
695.6485 	EXP 	surround_grating: phase = array([0.28108977, 0.28108977])
695.6485 	EXP 	center_grating: ori = -4.0
695.6485 	EXP 	center_grating: phase = array([0.81169533, 0.81169533])
696.1348 	EXP 	surround_grating: autoDraw = True
696.1348 	EXP 	center_grating: autoDraw = True
696.2081 	EXP 	surround_grating: autoDraw = False
696.2081 	EXP 	center_grating: autoDraw = False
696.3964 	DATA 	Keypress: right
696.4018 	INFO 	Keyboard events cleared
696.4013 	EXP 	surround_grating: autoDraw = False
696.4013 	EXP 	center_grating: autoDraw = False
696.4013 	EXP 	surround_grating: ori = -30.0
696.4013 	EXP 	surround_grating: phase = array([0.06992347, 0.06992347])
696.4013 	EXP 	center_grating: ori = -4.5
696.4013 	EXP 	center_grating: phase = array([0.70076883, 0.70076883])
696.8935 	EXP 	surround_grating: autoDraw = True
696.8935 	EXP 	center_grating: autoDraw = True
696.9687 	EXP 	surround_grating: autoDraw = False
696.9687 	EXP 	center_grating: autoDraw = False
697.2127 	DATA 	Keypress: right
697.2183 	INFO 	Keyboard events cleared
697.2179 	EXP 	surround_grating: autoDraw = False
697.2179 	EXP 	center_grating: autoDraw = False
697.2179 	EXP 	surround_grating: ori = -30.0
697.2179 	EXP 	surround_grating: phase = array([0.09851129, 0.09851129])
697.2179 	EXP 	center_grating: ori = -5.0
697.2179 	EXP 	center_grating: phase = array([0.89290339, 0.89290339])
697.7108 	EXP 	surround_grating: autoDraw = True
697.7108 	EXP 	center_grating: autoDraw = True
697.7853 	EXP 	surround_grating: autoDraw = False
697.7853 	EXP 	center_grating: autoDraw = False
698.0254 	DATA 	Keypress: left
698.0376 	INFO 	Keyboard events cleared
698.0372 	EXP 	surround_grating: autoDraw = False
698.0372 	EXP 	center_grating: autoDraw = False
698.0372 	EXP 	surround_grating: ori = -30.0
698.0372 	EXP 	surround_grating: phase = array([0.16727357, 0.16727357])
698.0372 	EXP 	center_grating: ori = -4.5
698.0372 	EXP 	center_grating: phase = array([0.70689826, 0.70689826])
698.5279 	EXP 	surround_grating: autoDraw = True
698.5279 	EXP 	center_grating: autoDraw = True
698.6021 	EXP 	surround_grating: autoDraw = False
698.6021 	EXP 	center_grating: autoDraw = False
698.7633 	DATA 	Keypress: left
698.7686 	INFO 	Keyboard events cleared
698.7682 	EXP 	surround_grating: autoDraw = False
698.7682 	EXP 	center_grating: autoDraw = False
698.7682 	EXP 	surround_grating: ori = -30.0
698.7682 	EXP 	surround_grating: phase = array([0.71689762, 0.71689762])
698.7682 	EXP 	center_grating: ori = -4.0
698.7682 	EXP 	center_grating: phase = array([0.31859421, 0.31859421])
699.2610 	EXP 	surround_grating: autoDraw = True
699.2610 	EXP 	center_grating: autoDraw = True
699.3353 	EXP 	surround_grating: autoDraw = False
699.3353 	EXP 	center_grating: autoDraw = False
699.4474 	DATA 	Keypress: left
699.4690 	INFO 	Keyboard events cleared
699.4684 	EXP 	surround_grating: autoDraw = False
699.4684 	EXP 	center_grating: autoDraw = False
699.4684 	EXP 	surround_grating: ori = -30.0
699.4684 	EXP 	surround_grating: phase = array([0.66129974, 0.66129974])
699.4684 	EXP 	center_grating: ori = -3.5
699.4684 	EXP 	center_grating: phase = array([0.60853689, 0.60853689])
699.9438 	EXP 	surround_grating: autoDraw = True
699.9438 	EXP 	center_grating: autoDraw = True
700.0187 	EXP 	surround_grating: autoDraw = False
700.0187 	EXP 	center_grating: autoDraw = False
700.2416 	DATA 	Keypress: left
700.2473 	INFO 	Keyboard events cleared
700.2469 	EXP 	surround_grating: autoDraw = False
700.2469 	EXP 	center_grating: autoDraw = False
700.2469 	EXP 	surround_grating: ori = -30.0
700.2469 	EXP 	surround_grating: phase = array([0.89272299, 0.89272299])
700.2469 	EXP 	center_grating: ori = -3.0
700.2469 	EXP 	center_grating: phase = array([0.41710809, 0.41710809])
700.7348 	EXP 	surround_grating: autoDraw = True
700.7348 	EXP 	center_grating: autoDraw = True
700.8073 	EXP 	surround_grating: autoDraw = False
700.8073 	EXP 	center_grating: autoDraw = False
701.0591 	DATA 	Keypress: left
701.0648 	INFO 	Keyboard events cleared
701.0642 	EXP 	surround_grating: autoDraw = False
701.0642 	EXP 	center_grating: autoDraw = False
701.0642 	EXP 	surround_grating: ori = -30.0
701.0642 	EXP 	surround_grating: phase = array([0.62567223, 0.62567223])
701.0642 	EXP 	center_grating: ori = -2.5
701.0642 	EXP 	center_grating: phase = array([0.64536732, 0.64536732])
701.5515 	EXP 	surround_grating: autoDraw = True
701.5515 	EXP 	center_grating: autoDraw = True
701.6238 	EXP 	surround_grating: autoDraw = False
701.6238 	EXP 	center_grating: autoDraw = False
702.0460 	DATA 	Keypress: left
702.0583 	INFO 	Keyboard events cleared
702.0579 	EXP 	surround_grating: autoDraw = False
702.0579 	EXP 	center_grating: autoDraw = False
702.0579 	EXP 	surround_grating: ori = -30.0
702.0579 	EXP 	surround_grating: phase = array([0.19734626, 0.19734626])
702.0579 	EXP 	center_grating: ori = -2.0
702.0579 	EXP 	center_grating: phase = array([0.82416057, 0.82416057])
702.5446 	EXP 	surround_grating: autoDraw = True
702.5446 	EXP 	center_grating: autoDraw = True
702.6188 	EXP 	surround_grating: autoDraw = False
702.6188 	EXP 	center_grating: autoDraw = False
702.9752 	DATA 	Keypress: left
702.9810 	INFO 	Keyboard events cleared
702.9805 	EXP 	surround_grating: autoDraw = False
702.9805 	EXP 	center_grating: autoDraw = False
702.9805 	EXP 	surround_grating: ori = -30.0
702.9805 	EXP 	surround_grating: phase = array([0.49895495, 0.49895495])
702.9805 	EXP 	center_grating: ori = -1.5
702.9805 	EXP 	center_grating: phase = array([0.66389155, 0.66389155])
703.4684 	EXP 	surround_grating: autoDraw = True
703.4684 	EXP 	center_grating: autoDraw = True
703.5404 	EXP 	surround_grating: autoDraw = False
703.5404 	EXP 	center_grating: autoDraw = False
703.7931 	DATA 	Keypress: left
703.7987 	INFO 	Keyboard events cleared
703.7983 	EXP 	surround_grating: autoDraw = False
703.7983 	EXP 	center_grating: autoDraw = False
703.7983 	EXP 	surround_grating: ori = -30.0
703.7983 	EXP 	surround_grating: phase = array([0.73813457, 0.73813457])
703.7983 	EXP 	center_grating: ori = -1.0
703.7983 	EXP 	center_grating: phase = array([0.75581532, 0.75581532])
703.8429 	DATA 	Keypress: right
703.8483 	INFO 	Keyboard events cleared
703.8478 	EXP 	surround_grating: autoDraw = False
703.8478 	EXP 	center_grating: autoDraw = False
703.8478 	EXP 	text_14: autoDraw = True
705.6713 	EXP 	New trial (rep=1, index=0): <Trial 1 (0 in rep 1) data={'thisN': 1, 'thisTrialN': 0, 'thisRepN': 1}>
705.6802 	EXP 	Imported tilt_staircase.csv as conditions, 6 conditions, 10 params
705.6888 	DATA 	Keypress: space
705.6947 	INFO 	Keyboard events cleared
705.6942 	EXP 	text_14: autoDraw = False
705.6942 	EXP 	surround_grating: ori = -30.0
705.6942 	EXP 	surround_grating: phase = array([0.00800664, 0.00800664])
705.6942 	EXP 	center_grating: ori = -15.0
705.6942 	EXP 	center_grating: phase = array([0.67661165, 0.67661165])
706.1685 	EXP 	surround_grating: autoDraw = True
706.1685 	EXP 	center_grating: autoDraw = True
706.2410 	EXP 	surround_grating: autoDraw = False
706.2410 	EXP 	center_grating: autoDraw = False
706.7088 	DATA 	Keypress: left
706.7143 	INFO 	Keyboard events cleared
706.7138 	EXP 	surround_grating: autoDraw = False
706.7138 	EXP 	center_grating: autoDraw = False
706.7138 	EXP 	surround_grating: ori = 30.0
706.7138 	EXP 	surround_grating: phase = array([0.62142721, 0.62142721])
706.7138 	EXP 	center_grating: ori = -15.0
706.7138 	EXP 	center_grating: phase = array([0.4005193, 0.4005193])
707.2019 	EXP 	surround_grating: autoDraw = True
707.2019 	EXP 	center_grating: autoDraw = True
707.2750 	EXP 	surround_grating: autoDraw = False
707.2750 	EXP 	center_grating: autoDraw = False
707.5588 	DATA 	Keypress: left
707.5643 	INFO 	Keyboard events cleared
707.5638 	EXP 	surround_grating: autoDraw = False
707.5638 	EXP 	center_grating: autoDraw = False
707.5638 	EXP 	surround_grating: ori = 69.0
707.5638 	EXP 	surround_grating: phase = array([0.88534556, 0.88534556])
707.5638 	EXP 	center_grating: ori = 15.0
707.5638 	EXP 	center_grating: phase = array([0.32466401, 0.32466401])
708.0521 	EXP 	surround_grating: autoDraw = True
708.0521 	EXP 	center_grating: autoDraw = True
708.1246 	EXP 	surround_grating: autoDraw = False
708.1246 	EXP 	center_grating: autoDraw = False
708.3148 	DATA 	Keypress: left
708.3358 	INFO 	Keyboard events cleared
708.3354 	EXP 	surround_grating: autoDraw = False
708.3354 	EXP 	center_grating: autoDraw = False
708.3354 	EXP 	surround_grating: ori = 69.0
708.3354 	EXP 	surround_grating: phase = array([0.49905417, 0.49905417])
708.3354 	EXP 	center_grating: ori = -15.0
708.3354 	EXP 	center_grating: phase = array([0.09191955, 0.09191955])
708.8109 	EXP 	surround_grating: autoDraw = True
708.8109 	EXP 	center_grating: autoDraw = True
708.8858 	EXP 	surround_grating: autoDraw = False
708.8858 	EXP 	center_grating: autoDraw = False
709.2311 	DATA 	Keypress: left
709.2527 	INFO 	Keyboard events cleared
709.2521 	EXP 	surround_grating: autoDraw = False
709.2521 	EXP 	center_grating: autoDraw = False
709.2521 	EXP 	surround_grating: ori = 30.0
709.2521 	EXP 	surround_grating: phase = array([0.94991769, 0.94991769])
709.2521 	EXP 	center_grating: ori = 15.0
709.2521 	EXP 	center_grating: phase = array([0.78296395, 0.78296395])
709.7274 	EXP 	surround_grating: autoDraw = True
709.7274 	EXP 	center_grating: autoDraw = True
709.8025 	EXP 	surround_grating: autoDraw = False
709.8025 	EXP 	center_grating: autoDraw = False
710.0309 	DATA 	Keypress: right
710.0366 	INFO 	Keyboard events cleared
710.0362 	EXP 	surround_grating: autoDraw = False
710.0362 	EXP 	center_grating: autoDraw = False
710.0362 	EXP 	surround_grating: ori = -30.0
710.0362 	EXP 	surround_grating: phase = array([0.5308066, 0.5308066])
710.0362 	EXP 	center_grating: ori = 15.0
710.0362 	EXP 	center_grating: phase = array([0.99335098, 0.99335098])
710.5275 	EXP 	surround_grating: autoDraw = True
710.5275 	EXP 	center_grating: autoDraw = True
710.6024 	EXP 	surround_grating: autoDraw = False
710.6024 	EXP 	center_grating: autoDraw = False
710.9653 	DATA 	Keypress: right
710.9710 	INFO 	Keyboard events cleared
710.9705 	EXP 	surround_grating: autoDraw = False
710.9705 	EXP 	center_grating: autoDraw = False
710.9705 	EXP 	surround_grating: ori = 69.0
710.9705 	EXP 	surround_grating: phase = array([0.72172025, 0.72172025])
710.9705 	EXP 	center_grating: ori = 15.0
710.9705 	EXP 	center_grating: phase = array([0.21973329, 0.21973329])
711.4619 	EXP 	surround_grating: autoDraw = True
711.4619 	EXP 	center_grating: autoDraw = True
711.5358 	EXP 	surround_grating: autoDraw = False
711.5358 	EXP 	center_grating: autoDraw = False
711.6921 	DATA 	Keypress: right
711.6977 	INFO 	Keyboard events cleared
711.6972 	EXP 	surround_grating: autoDraw = False
711.6972 	EXP 	center_grating: autoDraw = False
711.6972 	EXP 	surround_grating: ori = 69.0
711.6972 	EXP 	surround_grating: phase = array([0.36232957, 0.36232957])
711.6972 	EXP 	center_grating: ori = -10.0
711.6972 	EXP 	center_grating: phase = array([0.75696027, 0.75696027])
712.1854 	EXP 	surround_grating: autoDraw = True
712.1854 	EXP 	center_grating: autoDraw = True
712.2577 	EXP 	surround_grating: autoDraw = False
712.2577 	EXP 	center_grating: autoDraw = False
712.4643 	DATA 	Keypress: right
712.4700 	INFO 	Keyboard events cleared
712.4695 	EXP 	surround_grating: autoDraw = False
712.4695 	EXP 	center_grating: autoDraw = False
712.4695 	EXP 	surround_grating: ori = -30.0
712.4695 	EXP 	surround_grating: phase = array([0.97477301, 0.97477301])
712.4695 	EXP 	center_grating: ori = 10.0
712.4695 	EXP 	center_grating: phase = array([0.4570348, 0.4570348])
712.9615 	EXP 	surround_grating: autoDraw = True
712.9615 	EXP 	center_grating: autoDraw = True
713.0358 	EXP 	surround_grating: autoDraw = False
713.0358 	EXP 	center_grating: autoDraw = False
713.3418 	DATA 	Keypress: right
713.3475 	INFO 	Keyboard events cleared
713.3471 	EXP 	surround_grating: autoDraw = False
713.3471 	EXP 	center_grating: autoDraw = False
713.3471 	EXP 	surround_grating: ori = 30.0
713.3471 	EXP 	surround_grating: phase = array([0.00686137, 0.00686137])
713.3471 	EXP 	center_grating: ori = -10.0
713.3471 	EXP 	center_grating: phase = array([0.00498163, 0.00498163])
713.8355 	EXP 	surround_grating: autoDraw = True
713.8355 	EXP 	center_grating: autoDraw = True
713.9075 	EXP 	surround_grating: autoDraw = False
713.9075 	EXP 	center_grating: autoDraw = False
714.2934 	DATA 	Keypress: left
714.2988 	INFO 	Keyboard events cleared
714.2984 	EXP 	surround_grating: autoDraw = False
714.2984 	EXP 	center_grating: autoDraw = False
714.2984 	EXP 	surround_grating: ori = -30.0
714.2984 	EXP 	surround_grating: phase = array([0.88715079, 0.88715079])
714.2984 	EXP 	center_grating: ori = -10.0
714.2984 	EXP 	center_grating: phase = array([0.50442861, 0.50442861])
714.7854 	EXP 	surround_grating: autoDraw = True
714.7854 	EXP 	center_grating: autoDraw = True
714.8586 	EXP 	surround_grating: autoDraw = False
714.8586 	EXP 	center_grating: autoDraw = False
715.1666 	DATA 	Keypress: left
715.1722 	INFO 	Keyboard events cleared
715.1716 	EXP 	surround_grating: autoDraw = False
715.1716 	EXP 	center_grating: autoDraw = False
715.1716 	EXP 	surround_grating: ori = 30.0
715.1716 	EXP 	surround_grating: phase = array([0.31110192, 0.31110192])
715.1716 	EXP 	center_grating: ori = 10.0
715.1716 	EXP 	center_grating: phase = array([0.16604691, 0.16604691])
715.6614 	EXP 	surround_grating: autoDraw = True
715.6614 	EXP 	center_grating: autoDraw = True
715.7360 	EXP 	surround_grating: autoDraw = False
715.7360 	EXP 	center_grating: autoDraw = False
716.0254 	DATA 	Keypress: left
716.0384 	INFO 	Keyboard events cleared
716.0379 	EXP 	surround_grating: autoDraw = False
716.0379 	EXP 	center_grating: autoDraw = False
716.0379 	EXP 	surround_grating: ori = -30.0
716.0379 	EXP 	surround_grating: phase = array([0.44493791, 0.44493791])
716.0379 	EXP 	center_grating: ori = 5.0
716.0379 	EXP 	center_grating: phase = array([0.09940735, 0.09940735])
716.5277 	EXP 	surround_grating: autoDraw = True
716.5277 	EXP 	center_grating: autoDraw = True
716.6026 	EXP 	surround_grating: autoDraw = False
716.6026 	EXP 	center_grating: autoDraw = False
716.9256 	DATA 	Keypress: left
716.9311 	INFO 	Keyboard events cleared
716.9307 	EXP 	surround_grating: autoDraw = False
716.9307 	EXP 	center_grating: autoDraw = False
716.9307 	EXP 	surround_grating: ori = -30.0
716.9307 	EXP 	surround_grating: phase = array([0.15318889, 0.15318889])
716.9307 	EXP 	center_grating: ori = -5.0
716.9307 	EXP 	center_grating: phase = array([0.86894942, 0.86894942])
717.4188 	EXP 	surround_grating: autoDraw = True
717.4188 	EXP 	center_grating: autoDraw = True
717.4921 	EXP 	surround_grating: autoDraw = False
717.4921 	EXP 	center_grating: autoDraw = False
717.9267 	DATA 	Keypress: left
717.9322 	INFO 	Keyboard events cleared
717.9318 	EXP 	surround_grating: autoDraw = False
717.9318 	EXP 	center_grating: autoDraw = False
717.9318 	EXP 	surround_grating: ori = 30.0
717.9318 	EXP 	surround_grating: phase = array([0.21971983, 0.21971983])
717.9318 	EXP 	center_grating: ori = 12.0
717.9318 	EXP 	center_grating: phase = array([0.27051921, 0.27051921])
718.4189 	EXP 	surround_grating: autoDraw = True
718.4189 	EXP 	center_grating: autoDraw = True
718.4915 	EXP 	surround_grating: autoDraw = False
718.4915 	EXP 	center_grating: autoDraw = False
718.7925 	DATA 	Keypress: right
718.7983 	INFO 	Keyboard events cleared
718.7978 	EXP 	surround_grating: autoDraw = False
718.7978 	EXP 	center_grating: autoDraw = False
718.7978 	EXP 	surround_grating: ori = 69.0
718.7978 	EXP 	surround_grating: phase = array([0.57998272, 0.57998272])
718.7978 	EXP 	center_grating: ori = 13.0
718.7978 	EXP 	center_grating: phase = array([0.05330792, 0.05330792])
719.2856 	EXP 	surround_grating: autoDraw = True
719.2856 	EXP 	center_grating: autoDraw = True
719.3590 	EXP 	surround_grating: autoDraw = False
719.3590 	EXP 	center_grating: autoDraw = False
719.6257 	DATA 	Keypress: right
719.6315 	INFO 	Keyboard events cleared
719.6310 	EXP 	surround_grating: autoDraw = False
719.6310 	EXP 	center_grating: autoDraw = False
719.6310 	EXP 	surround_grating: ori = 30.0
719.6310 	EXP 	surround_grating: phase = array([0.29523639, 0.29523639])
719.6310 	EXP 	center_grating: ori = -5.0
719.6310 	EXP 	center_grating: phase = array([0.69088021, 0.69088021])
720.1190 	EXP 	surround_grating: autoDraw = True
720.1190 	EXP 	center_grating: autoDraw = True
720.2030 	EXP 	surround_grating: autoDraw = False
720.2030 	EXP 	center_grating: autoDraw = False
720.4636 	DATA 	Keypress: right
720.4693 	INFO 	Keyboard events cleared
720.4688 	EXP 	surround_grating: autoDraw = False
720.4688 	EXP 	center_grating: autoDraw = False
720.4688 	EXP 	surround_grating: ori = 69.0
720.4688 	EXP 	surround_grating: phase = array([0.49317155, 0.49317155])
720.4688 	EXP 	center_grating: ori = -12.0
720.4688 	EXP 	center_grating: phase = array([0.84936199, 0.84936199])
720.9610 	EXP 	surround_grating: autoDraw = True
720.9610 	EXP 	center_grating: autoDraw = True
721.0362 	EXP 	surround_grating: autoDraw = False
721.0362 	EXP 	center_grating: autoDraw = False
721.6935 	DATA 	Keypress: left
721.6991 	INFO 	Keyboard events cleared
721.6986 	EXP 	surround_grating: autoDraw = False
721.6986 	EXP 	center_grating: autoDraw = False
721.6986 	EXP 	surround_grating: ori = 69.0
721.6986 	EXP 	surround_grating: phase = array([0.81002172, 0.81002172])
721.6986 	EXP 	center_grating: ori = -11.0
721.6986 	EXP 	center_grating: phase = array([0.60098107, 0.60098107])
722.1857 	EXP 	surround_grating: autoDraw = True
722.1857 	EXP 	center_grating: autoDraw = True
722.2574 	EXP 	surround_grating: autoDraw = False
722.2574 	EXP 	center_grating: autoDraw = False
722.7601 	DATA 	Keypress: left
722.7660 	INFO 	Keyboard events cleared
722.7655 	EXP 	surround_grating: autoDraw = False
722.7655 	EXP 	center_grating: autoDraw = False
722.7655 	EXP 	surround_grating: ori = 30.0
722.7655 	EXP 	surround_grating: phase = array([0.94039708, 0.94039708])
722.7655 	EXP 	center_grating: ori = -7.0
722.7655 	EXP 	center_grating: phase = array([0.49755744, 0.49755744])
723.2524 	EXP 	surround_grating: autoDraw = True
723.2524 	EXP 	center_grating: autoDraw = True
723.3251 	EXP 	surround_grating: autoDraw = False
723.3251 	EXP 	center_grating: autoDraw = False
723.8608 	DATA 	Keypress: left
723.8663 	INFO 	Keyboard events cleared
723.8659 	EXP 	surround_grating: autoDraw = False
723.8659 	EXP 	center_grating: autoDraw = False
723.8659 	EXP 	surround_grating: ori = -30.0
723.8659 	EXP 	surround_grating: phase = array([0.33367471, 0.33367471])
723.8659 	EXP 	center_grating: ori = 0.0
723.8659 	EXP 	center_grating: phase = array([0.05877577, 0.05877577])
724.3525 	EXP 	surround_grating: autoDraw = True
724.3525 	EXP 	center_grating: autoDraw = True
724.4248 	EXP 	surround_grating: autoDraw = False
724.4248 	EXP 	center_grating: autoDraw = False
724.9101 	DATA 	Keypress: right
724.9159 	INFO 	Keyboard events cleared
724.9154 	EXP 	surround_grating: autoDraw = False
724.9154 	EXP 	center_grating: autoDraw = False
724.9154 	EXP 	surround_grating: ori = 69.0
724.9154 	EXP 	surround_grating: phase = array([0.95017462, 0.95017462])
724.9154 	EXP 	center_grating: ori = 11.0
724.9154 	EXP 	center_grating: phase = array([0.98570426, 0.98570426])
725.4027 	EXP 	surround_grating: autoDraw = True
725.4027 	EXP 	center_grating: autoDraw = True
725.4746 	EXP 	surround_grating: autoDraw = False
725.4746 	EXP 	center_grating: autoDraw = False
725.8595 	DATA 	Keypress: right
725.8649 	INFO 	Keyboard events cleared
725.8644 	EXP 	surround_grating: autoDraw = False
725.8644 	EXP 	center_grating: autoDraw = False
725.8644 	EXP 	surround_grating: ori = 30.0
725.8644 	EXP 	surround_grating: phase = array([0.12818955, 0.12818955])
725.8644 	EXP 	center_grating: ori = 11.0
725.8644 	EXP 	center_grating: phase = array([0.43889765, 0.43889765])
726.3525 	EXP 	surround_grating: autoDraw = True
726.3525 	EXP 	center_grating: autoDraw = True
726.4244 	EXP 	surround_grating: autoDraw = False
726.4244 	EXP 	center_grating: autoDraw = False
726.7430 	DATA 	Keypress: right
726.7488 	INFO 	Keyboard events cleared
726.7484 	EXP 	surround_grating: autoDraw = False
726.7484 	EXP 	center_grating: autoDraw = False
726.7484 	EXP 	surround_grating: ori = -30.0
726.7484 	EXP 	surround_grating: phase = array([0.75528893, 0.75528893])
726.7484 	EXP 	center_grating: ori = 7.0
726.7484 	EXP 	center_grating: phase = array([0.7159307, 0.7159307])
727.2358 	EXP 	surround_grating: autoDraw = True
727.2358 	EXP 	center_grating: autoDraw = True
727.3093 	EXP 	surround_grating: autoDraw = False
727.3093 	EXP 	center_grating: autoDraw = False
727.6757 	DATA 	Keypress: right
727.6812 	INFO 	Keyboard events cleared
727.6807 	EXP 	surround_grating: autoDraw = False
727.6807 	EXP 	center_grating: autoDraw = False
727.6807 	EXP 	surround_grating: ori = -30.0
727.6807 	EXP 	surround_grating: phase = array([0.23075275, 0.23075275])
727.6807 	EXP 	center_grating: ori = 6.0
727.6807 	EXP 	center_grating: phase = array([0.13144906, 0.13144906])
728.1693 	EXP 	surround_grating: autoDraw = True
728.1693 	EXP 	center_grating: autoDraw = True
728.2419 	EXP 	surround_grating: autoDraw = False
728.2419 	EXP 	center_grating: autoDraw = False
728.6108 	DATA 	Keypress: right
728.6165 	INFO 	Keyboard events cleared
728.6159 	EXP 	surround_grating: autoDraw = False
728.6159 	EXP 	center_grating: autoDraw = False
728.6159 	EXP 	surround_grating: ori = 30.0
728.6159 	EXP 	surround_grating: phase = array([0.09192694, 0.09192694])
728.6159 	EXP 	center_grating: ori = -6.0
728.6159 	EXP 	center_grating: phase = array([0.09969975, 0.09969975])
729.1026 	EXP 	surround_grating: autoDraw = True
729.1026 	EXP 	center_grating: autoDraw = True
729.1866 	EXP 	surround_grating: autoDraw = False
729.1866 	EXP 	center_grating: autoDraw = False
729.4479 	DATA 	Keypress: right
729.4533 	INFO 	Keyboard events cleared
729.4528 	EXP 	surround_grating: autoDraw = False
729.4528 	EXP 	center_grating: autoDraw = False
729.4528 	EXP 	surround_grating: ori = -30.0
729.4528 	EXP 	surround_grating: phase = array([0.26133737, 0.26133737])
729.4528 	EXP 	center_grating: ori = -2.0
729.4528 	EXP 	center_grating: phase = array([0.38355707, 0.38355707])
729.9456 	EXP 	surround_grating: autoDraw = True
729.9456 	EXP 	center_grating: autoDraw = True
730.0198 	EXP 	surround_grating: autoDraw = False
730.0198 	EXP 	center_grating: autoDraw = False
730.5642 	DATA 	Keypress: right
730.5696 	INFO 	Keyboard events cleared
730.5691 	EXP 	surround_grating: autoDraw = False
730.5691 	EXP 	center_grating: autoDraw = False
730.5691 	EXP 	surround_grating: ori = 69.0
730.5691 	EXP 	surround_grating: phase = array([0.26688937, 0.26688937])
730.5691 	EXP 	center_grating: ori = -10.0
730.5691 	EXP 	center_grating: phase = array([0.90482274, 0.90482274])
731.0615 	EXP 	surround_grating: autoDraw = True
731.0615 	EXP 	center_grating: autoDraw = True
731.1367 	EXP 	surround_grating: autoDraw = False
731.1367 	EXP 	center_grating: autoDraw = False
731.4925 	DATA 	Keypress: left
731.4981 	INFO 	Keyboard events cleared
731.4976 	EXP 	surround_grating: autoDraw = False
731.4976 	EXP 	center_grating: autoDraw = False
731.4976 	EXP 	surround_grating: ori = 69.0
731.4976 	EXP 	surround_grating: phase = array([0.71707743, 0.71707743])
731.4976 	EXP 	center_grating: ori = 9.0
731.4976 	EXP 	center_grating: phase = array([0.28399708, 0.28399708])
731.9860 	EXP 	surround_grating: autoDraw = True
731.9860 	EXP 	center_grating: autoDraw = True
732.0592 	EXP 	surround_grating: autoDraw = False
732.0592 	EXP 	center_grating: autoDraw = False
732.3100 	DATA 	Keypress: right
732.3156 	INFO 	Keyboard events cleared
732.3151 	EXP 	surround_grating: autoDraw = False
732.3151 	EXP 	center_grating: autoDraw = False
732.3151 	EXP 	surround_grating: ori = 30.0
732.3151 	EXP 	surround_grating: phase = array([0.39105064, 0.39105064])
732.3151 	EXP 	center_grating: ori = 10.0
732.3151 	EXP 	center_grating: phase = array([0.34151257, 0.34151257])
732.8028 	EXP 	surround_grating: autoDraw = True
732.8028 	EXP 	center_grating: autoDraw = True
732.8751 	EXP 	surround_grating: autoDraw = False
732.8751 	EXP 	center_grating: autoDraw = False
733.2316 	DATA 	Keypress: right
733.2369 	INFO 	Keyboard events cleared
733.2364 	EXP 	surround_grating: autoDraw = False
733.2364 	EXP 	center_grating: autoDraw = False
733.2364 	EXP 	surround_grating: ori = -30.0
733.2364 	EXP 	surround_grating: phase = array([0.90849559, 0.90849559])
733.2364 	EXP 	center_grating: ori = 5.0
733.2364 	EXP 	center_grating: phase = array([0.42638038, 0.42638038])
733.7292 	EXP 	surround_grating: autoDraw = True
733.7292 	EXP 	center_grating: autoDraw = True
733.8032 	EXP 	surround_grating: autoDraw = False
733.8032 	EXP 	center_grating: autoDraw = False
734.0112 	DATA 	Keypress: right
734.0168 	INFO 	Keyboard events cleared
734.0164 	EXP 	surround_grating: autoDraw = False
734.0164 	EXP 	center_grating: autoDraw = False
734.0164 	EXP 	surround_grating: ori = 30.0
734.0164 	EXP 	surround_grating: phase = array([0.22658204, 0.22658204])
734.0164 	EXP 	center_grating: ori = 9.0
734.0164 	EXP 	center_grating: phase = array([0.64138181, 0.64138181])
734.5028 	EXP 	surround_grating: autoDraw = True
734.5028 	EXP 	center_grating: autoDraw = True
734.5747 	EXP 	surround_grating: autoDraw = False
734.5747 	EXP 	center_grating: autoDraw = False
734.7976 	DATA 	Keypress: right
734.8031 	INFO 	Keyboard events cleared
734.8027 	EXP 	surround_grating: autoDraw = False
734.8027 	EXP 	center_grating: autoDraw = False
734.8027 	EXP 	surround_grating: ori = -30.0
734.8027 	EXP 	surround_grating: phase = array([0.45028648, 0.45028648])
734.8027 	EXP 	center_grating: ori = -4.0
734.8027 	EXP 	center_grating: phase = array([0.46358115, 0.46358115])
735.2862 	EXP 	surround_grating: autoDraw = True
735.2862 	EXP 	center_grating: autoDraw = True
735.3594 	EXP 	surround_grating: autoDraw = False
735.3594 	EXP 	center_grating: autoDraw = False
735.6152 	DATA 	Keypress: right
735.6209 	INFO 	Keyboard events cleared
735.6204 	EXP 	surround_grating: autoDraw = False
735.6204 	EXP 	center_grating: autoDraw = False
735.6204 	EXP 	surround_grating: ori = 69.0
735.6204 	EXP 	surround_grating: phase = array([0.52358972, 0.52358972])
735.6204 	EXP 	center_grating: ori = -9.0
735.6204 	EXP 	center_grating: phase = array([0.33504882, 0.33504882])
736.1118 	EXP 	surround_grating: autoDraw = True
736.1118 	EXP 	center_grating: autoDraw = True
736.1867 	EXP 	surround_grating: autoDraw = False
736.1867 	EXP 	center_grating: autoDraw = False
736.4267 	DATA 	Keypress: left
736.4325 	INFO 	Keyboard events cleared
736.4321 	EXP 	surround_grating: autoDraw = False
736.4321 	EXP 	center_grating: autoDraw = False
736.4321 	EXP 	surround_grating: ori = 30.0
736.4321 	EXP 	surround_grating: phase = array([0.93468977, 0.93468977])
736.4321 	EXP 	center_grating: ori = -6.5
736.4321 	EXP 	center_grating: phase = array([0.04399207, 0.04399207])
736.9195 	EXP 	surround_grating: autoDraw = True
736.9195 	EXP 	center_grating: autoDraw = True
736.9920 	EXP 	surround_grating: autoDraw = False
736.9920 	EXP 	center_grating: autoDraw = False
737.2096 	DATA 	Keypress: left
737.2220 	INFO 	Keyboard events cleared
737.2216 	EXP 	surround_grating: autoDraw = False
737.2216 	EXP 	center_grating: autoDraw = False
737.2216 	EXP 	surround_grating: ori = 69.0
737.2216 	EXP 	surround_grating: phase = array([0.2376717, 0.2376717])
737.2216 	EXP 	center_grating: ori = 7.0
737.2216 	EXP 	center_grating: phase = array([0.62921485, 0.62921485])
737.7120 	EXP 	surround_grating: autoDraw = True
737.7120 	EXP 	center_grating: autoDraw = True
737.7867 	EXP 	surround_grating: autoDraw = False
737.7867 	EXP 	center_grating: autoDraw = False
738.1610 	DATA 	Keypress: right
738.1666 	INFO 	Keyboard events cleared
738.1660 	EXP 	surround_grating: autoDraw = False
738.1660 	EXP 	center_grating: autoDraw = False
738.1660 	EXP 	surround_grating: ori = -30.0
738.1660 	EXP 	surround_grating: phase = array([0.88275937, 0.88275937])
738.1660 	EXP 	center_grating: ori = 4.0
738.1660 	EXP 	center_grating: phase = array([0.58774343, 0.58774343])
738.6531 	EXP 	surround_grating: autoDraw = True
738.6531 	EXP 	center_grating: autoDraw = True
738.7248 	EXP 	surround_grating: autoDraw = False
738.7248 	EXP 	center_grating: autoDraw = False
739.1448 	DATA 	Keypress: right
739.1505 	INFO 	Keyboard events cleared
739.1498 	EXP 	surround_grating: autoDraw = False
739.1498 	EXP 	center_grating: autoDraw = False
739.1498 	EXP 	surround_grating: ori = 30.0
739.1498 	EXP 	surround_grating: phase = array([0.89693924, 0.89693924])
739.1498 	EXP 	center_grating: ori = -6.0
739.1498 	EXP 	center_grating: phase = array([0.50227146, 0.50227146])
739.6365 	EXP 	surround_grating: autoDraw = True
739.6365 	EXP 	center_grating: autoDraw = True
739.7084 	EXP 	surround_grating: autoDraw = False
739.7084 	EXP 	center_grating: autoDraw = False
740.1267 	DATA 	Keypress: left
740.1324 	INFO 	Keyboard events cleared
740.1319 	EXP 	surround_grating: autoDraw = False
740.1319 	EXP 	center_grating: autoDraw = False
740.1319 	EXP 	surround_grating: ori = 69.0
740.1319 	EXP 	surround_grating: phase = array([0.61325963, 0.61325963])
740.1319 	EXP 	center_grating: ori = -8.0
740.1319 	EXP 	center_grating: phase = array([0.30758741, 0.30758741])
740.6197 	EXP 	surround_grating: autoDraw = True
740.6197 	EXP 	center_grating: autoDraw = True
740.6916 	EXP 	surround_grating: autoDraw = False
740.6916 	EXP 	center_grating: autoDraw = False
741.2766 	DATA 	Keypress: left
741.2824 	INFO 	Keyboard events cleared
741.2820 	EXP 	surround_grating: autoDraw = False
741.2820 	EXP 	center_grating: autoDraw = False
741.2820 	EXP 	surround_grating: ori = 69.0
741.2820 	EXP 	surround_grating: phase = array([0.89814209, 0.89814209])
741.2820 	EXP 	center_grating: ori = 5.0
741.2820 	EXP 	center_grating: phase = array([0.20899281, 0.20899281])
741.7697 	EXP 	surround_grating: autoDraw = True
741.7697 	EXP 	center_grating: autoDraw = True
741.8419 	EXP 	surround_grating: autoDraw = False
741.8419 	EXP 	center_grating: autoDraw = False
742.2157 	DATA 	Keypress: right
742.2372 	INFO 	Keyboard events cleared
742.2366 	EXP 	surround_grating: autoDraw = False
742.2366 	EXP 	center_grating: autoDraw = False
742.2366 	EXP 	surround_grating: ori = -30.0
742.2366 	EXP 	surround_grating: phase = array([0.43632621, 0.43632621])
742.2366 	EXP 	center_grating: ori = -6.0
742.2366 	EXP 	center_grating: phase = array([0.43766194, 0.43766194])
742.7128 	EXP 	surround_grating: autoDraw = True
742.7128 	EXP 	center_grating: autoDraw = True
742.7868 	EXP 	surround_grating: autoDraw = False
742.7868 	EXP 	center_grating: autoDraw = False
743.3279 	DATA 	Keypress: left
743.3338 	INFO 	Keyboard events cleared
743.3332 	EXP 	surround_grating: autoDraw = False
743.3332 	EXP 	center_grating: autoDraw = False
743.3332 	EXP 	surround_grating: ori = 30.0
743.3332 	EXP 	surround_grating: phase = array([0.36919383, 0.36919383])
743.3332 	EXP 	center_grating: ori = 8.0
743.3332 	EXP 	center_grating: phase = array([0.99322808, 0.99322808])
743.8199 	EXP 	surround_grating: autoDraw = True
743.8199 	EXP 	center_grating: autoDraw = True
743.8934 	EXP 	surround_grating: autoDraw = False
743.8934 	EXP 	center_grating: autoDraw = False
744.1940 	DATA 	Keypress: right
744.1993 	INFO 	Keyboard events cleared
744.1988 	EXP 	surround_grating: autoDraw = False
744.1988 	EXP 	center_grating: autoDraw = False
744.1988 	EXP 	surround_grating: ori = -30.0
744.1988 	EXP 	surround_grating: phase = array([0.51510975, 0.51510975])
744.1988 	EXP 	center_grating: ori = -5.0
744.1988 	EXP 	center_grating: phase = array([0.40828811, 0.40828811])
744.6865 	EXP 	surround_grating: autoDraw = True
744.6865 	EXP 	center_grating: autoDraw = True
744.7588 	EXP 	surround_grating: autoDraw = False
744.7588 	EXP 	center_grating: autoDraw = False
744.9956 	DATA 	Keypress: left
745.0011 	INFO 	Keyboard events cleared
745.0007 	EXP 	surround_grating: autoDraw = False
745.0007 	EXP 	center_grating: autoDraw = False
745.0007 	EXP 	surround_grating: ori = 69.0
745.0007 	EXP 	surround_grating: phase = array([0.39499233, 0.39499233])
745.0007 	EXP 	center_grating: ori = -7.0
745.0007 	EXP 	center_grating: phase = array([0.44202288, 0.44202288])
745.4865 	EXP 	surround_grating: autoDraw = True
745.4865 	EXP 	center_grating: autoDraw = True
745.5595 	EXP 	surround_grating: autoDraw = False
745.5595 	EXP 	center_grating: autoDraw = False
745.7153 	DATA 	Keypress: left
745.7209 	INFO 	Keyboard events cleared
745.7204 	EXP 	surround_grating: autoDraw = False
745.7204 	EXP 	center_grating: autoDraw = False
745.7204 	EXP 	surround_grating: ori = 69.0
745.7204 	EXP 	surround_grating: phase = array([0.97327156, 0.97327156])
745.7204 	EXP 	center_grating: ori = 3.0
745.7204 	EXP 	center_grating: phase = array([0.64177183, 0.64177183])
746.2126 	EXP 	surround_grating: autoDraw = True
746.2126 	EXP 	center_grating: autoDraw = True
746.2871 	EXP 	surround_grating: autoDraw = False
746.2871 	EXP 	center_grating: autoDraw = False
746.6814 	DATA 	Keypress: left
746.6939 	INFO 	Keyboard events cleared
746.6934 	EXP 	surround_grating: autoDraw = False
746.6934 	EXP 	center_grating: autoDraw = False
746.6934 	EXP 	surround_grating: ori = 30.0
746.6934 	EXP 	surround_grating: phase = array([0.60095949, 0.60095949])
746.6934 	EXP 	center_grating: ori = -5.5
746.6934 	EXP 	center_grating: phase = array([0.90902112, 0.90902112])
747.1790 	EXP 	surround_grating: autoDraw = True
747.1790 	EXP 	center_grating: autoDraw = True
747.2541 	EXP 	surround_grating: autoDraw = False
747.2541 	EXP 	center_grating: autoDraw = False
747.4598 	DATA 	Keypress: left
747.4653 	INFO 	Keyboard events cleared
747.4649 	EXP 	surround_grating: autoDraw = False
747.4649 	EXP 	center_grating: autoDraw = False
747.4649 	EXP 	surround_grating: ori = -30.0
747.4649 	EXP 	surround_grating: phase = array([0.91788861, 0.91788861])
747.4649 	EXP 	center_grating: ori = 3.0
747.4649 	EXP 	center_grating: phase = array([0.01652019, 0.01652019])
747.9533 	EXP 	surround_grating: autoDraw = True
747.9533 	EXP 	center_grating: autoDraw = True
748.0256 	EXP 	surround_grating: autoDraw = False
748.0256 	EXP 	center_grating: autoDraw = False
748.3161 	DATA 	Keypress: left
748.3374 	INFO 	Keyboard events cleared
748.3369 	EXP 	surround_grating: autoDraw = False
748.3369 	EXP 	center_grating: autoDraw = False
748.3369 	EXP 	surround_grating: ori = 30.0
748.3369 	EXP 	surround_grating: phase = array([0.95960706, 0.95960706])
748.3369 	EXP 	center_grating: ori = 7.0
748.3369 	EXP 	center_grating: phase = array([0.56613186, 0.56613186])
748.8132 	EXP 	surround_grating: autoDraw = True
748.8132 	EXP 	center_grating: autoDraw = True
748.8870 	EXP 	surround_grating: autoDraw = False
748.8870 	EXP 	center_grating: autoDraw = False
749.2669 	DATA 	Keypress: right
749.2728 	INFO 	Keyboard events cleared
749.2723 	EXP 	surround_grating: autoDraw = False
749.2723 	EXP 	center_grating: autoDraw = False
749.2723 	EXP 	surround_grating: ori = -30.0
749.2723 	EXP 	surround_grating: phase = array([0.93874885, 0.93874885])
749.2723 	EXP 	center_grating: ori = 3.5
749.2723 	EXP 	center_grating: phase = array([0.41926001, 0.41926001])
749.7626 	EXP 	surround_grating: autoDraw = True
749.7626 	EXP 	center_grating: autoDraw = True
749.8373 	EXP 	surround_grating: autoDraw = False
749.8373 	EXP 	center_grating: autoDraw = False
750.0490 	DATA 	Keypress: right
750.0547 	INFO 	Keyboard events cleared
750.0542 	EXP 	surround_grating: autoDraw = False
750.0542 	EXP 	center_grating: autoDraw = False
750.0542 	EXP 	surround_grating: ori = 69.0
750.0542 	EXP 	surround_grating: phase = array([0.22192916, 0.22192916])
750.0542 	EXP 	center_grating: ori = -6.0
750.0542 	EXP 	center_grating: phase = array([0.88864892, 0.88864892])
750.5456 	EXP 	surround_grating: autoDraw = True
750.5456 	EXP 	center_grating: autoDraw = True
750.6206 	EXP 	surround_grating: autoDraw = False
750.6206 	EXP 	center_grating: autoDraw = False
750.8653 	DATA 	Keypress: right
750.8712 	INFO 	Keyboard events cleared
750.8708 	EXP 	surround_grating: autoDraw = False
750.8708 	EXP 	center_grating: autoDraw = False
750.8708 	EXP 	surround_grating: ori = 30.0
750.8708 	EXP 	surround_grating: phase = array([0.61350014, 0.61350014])
750.8708 	EXP 	center_grating: ori = -5.0
750.8708 	EXP 	center_grating: phase = array([0.3142042, 0.3142042])
751.3535 	EXP 	surround_grating: autoDraw = True
751.3535 	EXP 	center_grating: autoDraw = True
751.4268 	EXP 	surround_grating: autoDraw = False
751.4268 	EXP 	center_grating: autoDraw = False
751.4781 	DATA 	Keypress: right
751.4837 	INFO 	Keyboard events cleared
751.4833 	EXP 	surround_grating: autoDraw = False
751.4833 	EXP 	center_grating: autoDraw = False
751.4833 	EXP 	surround_grating: ori = 30.0
751.4833 	EXP 	surround_grating: phase = array([0.04031016, 0.04031016])
751.4833 	EXP 	center_grating: ori = 6.0
751.4833 	EXP 	center_grating: phase = array([0.39501066, 0.39501066])
751.8769 	DATA 	Keypress: left
751.8827 	INFO 	Keyboard events cleared
751.8823 	EXP 	surround_grating: autoDraw = False
751.8823 	EXP 	center_grating: autoDraw = False
751.8823 	EXP 	surround_grating: ori = -30.0
751.8823 	EXP 	surround_grating: phase = array([0.51423845, 0.51423845])
751.8823 	EXP 	center_grating: ori = -4.0
751.8823 	EXP 	center_grating: phase = array([0.45029698, 0.45029698])
752.3704 	EXP 	surround_grating: autoDraw = True
752.3704 	EXP 	center_grating: autoDraw = True
752.4429 	EXP 	surround_grating: autoDraw = False
752.4429 	EXP 	center_grating: autoDraw = False
752.6150 	DATA 	Keypress: right
752.6279 	INFO 	Keyboard events cleared
752.6276 	EXP 	surround_grating: autoDraw = False
752.6276 	EXP 	center_grating: autoDraw = False
752.6276 	EXP 	surround_grating: ori = 69.0
752.6276 	EXP 	surround_grating: phase = array([0.17720712, 0.17720712])
752.6276 	EXP 	center_grating: ori = 4.0
752.6276 	EXP 	center_grating: phase = array([0.48655326, 0.48655326])
753.1122 	EXP 	surround_grating: autoDraw = True
753.1122 	EXP 	center_grating: autoDraw = True
753.1874 	EXP 	surround_grating: autoDraw = False
753.1874 	EXP 	center_grating: autoDraw = False
753.9671 	DATA 	Keypress: left
753.9730 	INFO 	Keyboard events cleared
753.9725 	EXP 	surround_grating: autoDraw = False
753.9725 	EXP 	center_grating: autoDraw = False
753.9725 	EXP 	surround_grating: ori = -30.0
753.9725 	EXP 	surround_grating: phase = array([0.02416614, 0.02416614])
753.9725 	EXP 	center_grating: ori = 3.0
753.9725 	EXP 	center_grating: phase = array([0.12953305, 0.12953305])
754.4627 	EXP 	surround_grating: autoDraw = True
754.4627 	EXP 	center_grating: autoDraw = True
754.5375 	EXP 	surround_grating: autoDraw = False
754.5375 	EXP 	center_grating: autoDraw = False
755.0489 	DATA 	Keypress: right
755.0544 	INFO 	Keyboard events cleared
755.0540 	EXP 	surround_grating: autoDraw = False
755.0540 	EXP 	center_grating: autoDraw = False
755.0540 	EXP 	surround_grating: ori = 69.0
755.0540 	EXP 	surround_grating: phase = array([0.65988335, 0.65988335])
755.0540 	EXP 	center_grating: ori = -6.5
755.0540 	EXP 	center_grating: phase = array([0.2852683, 0.2852683])
755.5457 	EXP 	surround_grating: autoDraw = True
755.5457 	EXP 	center_grating: autoDraw = True
755.6208 	EXP 	surround_grating: autoDraw = False
755.6208 	EXP 	center_grating: autoDraw = False
756.0469 	DATA 	Keypress: left
756.0615 	INFO 	Keyboard events cleared
756.0611 	EXP 	surround_grating: autoDraw = False
756.0611 	EXP 	center_grating: autoDraw = False
756.0611 	EXP 	surround_grating: ori = -30.0
756.0611 	EXP 	surround_grating: phase = array([0.33219343, 0.33219343])
756.0611 	EXP 	center_grating: ori = -4.5
756.0611 	EXP 	center_grating: phase = array([0.04748355, 0.04748355])
756.5457 	EXP 	surround_grating: autoDraw = True
756.5457 	EXP 	center_grating: autoDraw = True
756.6207 	EXP 	surround_grating: autoDraw = False
756.6207 	EXP 	center_grating: autoDraw = False
756.9661 	DATA 	Keypress: right
756.9877 	INFO 	Keyboard events cleared
756.9871 	EXP 	surround_grating: autoDraw = False
756.9871 	EXP 	center_grating: autoDraw = False
756.9871 	EXP 	surround_grating: ori = 30.0
756.9871 	EXP 	surround_grating: phase = array([0.34718154, 0.34718154])
756.9871 	EXP 	center_grating: ori = 6.5
756.9871 	EXP 	center_grating: phase = array([0.68366906, 0.68366906])
757.4636 	EXP 	surround_grating: autoDraw = True
757.4636 	EXP 	center_grating: autoDraw = True
757.5375 	EXP 	surround_grating: autoDraw = False
757.5375 	EXP 	center_grating: autoDraw = False
757.9777 	DATA 	Keypress: right
757.9833 	INFO 	Keyboard events cleared
757.9828 	EXP 	surround_grating: autoDraw = False
757.9828 	EXP 	center_grating: autoDraw = False
757.9828 	EXP 	surround_grating: ori = 69.0
757.9828 	EXP 	surround_grating: phase = array([0.81576567, 0.81576567])
757.9828 	EXP 	center_grating: ori = 5.0
757.9828 	EXP 	center_grating: phase = array([0.29549794, 0.29549794])
758.4703 	EXP 	surround_grating: autoDraw = True
758.4703 	EXP 	center_grating: autoDraw = True
758.5429 	EXP 	surround_grating: autoDraw = False
758.5429 	EXP 	center_grating: autoDraw = False
758.8292 	DATA 	Keypress: right
758.8351 	INFO 	Keyboard events cleared
758.8347 	EXP 	surround_grating: autoDraw = False
758.8347 	EXP 	center_grating: autoDraw = False
758.8347 	EXP 	surround_grating: ori = 30.0
758.8347 	EXP 	surround_grating: phase = array([0.904599, 0.904599])
758.8347 	EXP 	center_grating: ori = -5.5
758.8347 	EXP 	center_grating: phase = array([0.61941607, 0.61941607])
759.3203 	EXP 	surround_grating: autoDraw = True
759.3203 	EXP 	center_grating: autoDraw = True
759.3924 	EXP 	surround_grating: autoDraw = False
759.3924 	EXP 	center_grating: autoDraw = False
759.8283 	DATA 	Keypress: left
759.8339 	INFO 	Keyboard events cleared
759.8333 	EXP 	surround_grating: autoDraw = False
759.8333 	EXP 	center_grating: autoDraw = False
759.8333 	EXP 	surround_grating: ori = -30.0
759.8333 	EXP 	surround_grating: phase = array([0.63724608, 0.63724608])
759.8333 	EXP 	center_grating: ori = 2.5
759.8333 	EXP 	center_grating: phase = array([0.06082009, 0.06082009])
760.3197 	EXP 	surround_grating: autoDraw = True
760.3197 	EXP 	center_grating: autoDraw = True
760.3934 	EXP 	surround_grating: autoDraw = False
760.3934 	EXP 	center_grating: autoDraw = False
760.8005 	DATA 	Keypress: right
760.8065 	INFO 	Keyboard events cleared
760.8059 	EXP 	surround_grating: autoDraw = False
760.8059 	EXP 	center_grating: autoDraw = False
760.8059 	EXP 	surround_grating: ori = 69.0
760.8059 	EXP 	surround_grating: phase = array([0.7213277, 0.7213277])
760.8059 	EXP 	center_grating: ori = -6.0
760.8059 	EXP 	center_grating: phase = array([0.0055663, 0.0055663])
761.2964 	EXP 	surround_grating: autoDraw = True
761.2964 	EXP 	center_grating: autoDraw = True
761.3710 	EXP 	surround_grating: autoDraw = False
761.3710 	EXP 	center_grating: autoDraw = False
761.9287 	DATA 	Keypress: left
761.9344 	INFO 	Keyboard events cleared
761.9338 	EXP 	surround_grating: autoDraw = False
761.9338 	EXP 	center_grating: autoDraw = False
761.9338 	EXP 	surround_grating: ori = 30.0
761.9338 	EXP 	surround_grating: phase = array([0.22879157, 0.22879157])
761.9338 	EXP 	center_grating: ori = 6.0
761.9338 	EXP 	center_grating: phase = array([0.92296684, 0.92296684])
762.4206 	EXP 	surround_grating: autoDraw = True
762.4206 	EXP 	center_grating: autoDraw = True
762.4927 	EXP 	surround_grating: autoDraw = False
762.4927 	EXP 	center_grating: autoDraw = False
762.9153 	DATA 	Keypress: right
762.9210 	INFO 	Keyboard events cleared
762.9204 	EXP 	surround_grating: autoDraw = False
762.9204 	EXP 	center_grating: autoDraw = False
762.9204 	EXP 	surround_grating: ori = 30.0
762.9204 	EXP 	surround_grating: phase = array([0.61219831, 0.61219831])
762.9204 	EXP 	center_grating: ori = -5.0
762.9204 	EXP 	center_grating: phase = array([0.51821304, 0.51821304])
763.4124 	EXP 	surround_grating: autoDraw = True
763.4124 	EXP 	center_grating: autoDraw = True
763.4877 	EXP 	surround_grating: autoDraw = False
763.4877 	EXP 	center_grating: autoDraw = False
763.9477 	DATA 	Keypress: left
763.9608 	INFO 	Keyboard events cleared
763.9604 	EXP 	surround_grating: autoDraw = False
763.9604 	EXP 	center_grating: autoDraw = False
763.9604 	EXP 	surround_grating: ori = -30.0
763.9604 	EXP 	surround_grating: phase = array([0.46730153, 0.46730153])
763.9604 	EXP 	center_grating: ori = -5.0
763.9604 	EXP 	center_grating: phase = array([0.60724334, 0.60724334])
764.4471 	EXP 	surround_grating: autoDraw = True
764.4471 	EXP 	center_grating: autoDraw = True
764.5211 	EXP 	surround_grating: autoDraw = False
764.5211 	EXP 	center_grating: autoDraw = False
765.0605 	DATA 	Keypress: left
765.0663 	INFO 	Keyboard events cleared
765.0658 	EXP 	surround_grating: autoDraw = False
765.0658 	EXP 	center_grating: autoDraw = False
765.0658 	EXP 	surround_grating: ori = 69.0
765.0658 	EXP 	surround_grating: phase = array([0.72174219, 0.72174219])
765.0658 	EXP 	center_grating: ori = 4.5
765.0658 	EXP 	center_grating: phase = array([0.48858675, 0.48858675])
765.5540 	EXP 	surround_grating: autoDraw = True
765.5540 	EXP 	center_grating: autoDraw = True
765.6275 	EXP 	surround_grating: autoDraw = False
765.6275 	EXP 	center_grating: autoDraw = False
765.9833 	DATA 	Keypress: right
766.0045 	INFO 	Keyboard events cleared
766.0041 	EXP 	surround_grating: autoDraw = False
766.0041 	EXP 	center_grating: autoDraw = False
766.0041 	EXP 	surround_grating: ori = 30.0
766.0041 	EXP 	surround_grating: phase = array([0.48461656, 0.48461656])
766.0041 	EXP 	center_grating: ori = 5.5
766.0041 	EXP 	center_grating: phase = array([0.31623672, 0.31623672])
766.4800 	EXP 	surround_grating: autoDraw = True
766.4800 	EXP 	center_grating: autoDraw = True
766.5545 	EXP 	surround_grating: autoDraw = False
766.5545 	EXP 	center_grating: autoDraw = False
766.9169 	DATA 	Keypress: left
766.9378 	INFO 	Keyboard events cleared
766.9374 	EXP 	surround_grating: autoDraw = False
766.9374 	EXP 	center_grating: autoDraw = False
766.9374 	EXP 	surround_grating: ori = -30.0
766.9374 	EXP 	surround_grating: phase = array([0.43425534, 0.43425534])
766.9374 	EXP 	center_grating: ori = 2.0
766.9374 	EXP 	center_grating: phase = array([0.42088532, 0.42088532])
767.4132 	EXP 	surround_grating: autoDraw = True
767.4132 	EXP 	center_grating: autoDraw = True
767.4877 	EXP 	surround_grating: autoDraw = False
767.4877 	EXP 	center_grating: autoDraw = False
767.9506 	DATA 	Keypress: right
767.9566 	INFO 	Keyboard events cleared
767.9561 	EXP 	surround_grating: autoDraw = False
767.9561 	EXP 	center_grating: autoDraw = False
767.9561 	EXP 	surround_grating: ori = 69.0
767.9561 	EXP 	surround_grating: phase = array([0.77683275, 0.77683275])
767.9561 	EXP 	center_grating: ori = 4.0
767.9561 	EXP 	center_grating: phase = array([0.01914259, 0.01914259])
768.4463 	EXP 	surround_grating: autoDraw = True
768.4463 	EXP 	center_grating: autoDraw = True
768.5201 	EXP 	surround_grating: autoDraw = False
768.5201 	EXP 	center_grating: autoDraw = False
768.9447 	DATA 	Keypress: right
768.9502 	INFO 	Keyboard events cleared
768.9497 	EXP 	surround_grating: autoDraw = False
768.9497 	EXP 	center_grating: autoDraw = False
768.9497 	EXP 	surround_grating: ori = 30.0
768.9497 	EXP 	surround_grating: phase = array([0.15677346, 0.15677346])
768.9497 	EXP 	center_grating: ori = -4.5
768.9497 	EXP 	center_grating: phase = array([0.00415476, 0.00415476])
769.4373 	EXP 	surround_grating: autoDraw = True
769.4373 	EXP 	center_grating: autoDraw = True
769.5097 	EXP 	surround_grating: autoDraw = False
769.5097 	EXP 	center_grating: autoDraw = False
769.8119 	DATA 	Keypress: right
769.8174 	INFO 	Keyboard events cleared
769.8170 	EXP 	surround_grating: autoDraw = False
769.8170 	EXP 	center_grating: autoDraw = False
769.8170 	EXP 	surround_grating: ori = 69.0
769.8170 	EXP 	surround_grating: phase = array([0.78158544, 0.78158544])
769.8170 	EXP 	center_grating: ori = -5.5
769.8170 	EXP 	center_grating: phase = array([0.33572001, 0.33572001])
770.3042 	EXP 	surround_grating: autoDraw = True
770.3042 	EXP 	center_grating: autoDraw = True
770.3768 	EXP 	surround_grating: autoDraw = False
770.3768 	EXP 	center_grating: autoDraw = False
770.6983 	DATA 	Keypress: left
770.7106 	INFO 	Keyboard events cleared
770.7102 	EXP 	surround_grating: autoDraw = False
770.7102 	EXP 	center_grating: autoDraw = False
770.7102 	EXP 	surround_grating: ori = -30.0
770.7102 	EXP 	surround_grating: phase = array([0.32442425, 0.32442425])
770.7102 	EXP 	center_grating: ori = -4.5
770.7102 	EXP 	center_grating: phase = array([0.54569847, 0.54569847])
771.1969 	EXP 	surround_grating: autoDraw = True
771.1969 	EXP 	center_grating: autoDraw = True
771.2713 	EXP 	surround_grating: autoDraw = False
771.2713 	EXP 	center_grating: autoDraw = False
771.5506 	DATA 	Keypress: left
771.5566 	INFO 	Keyboard events cleared
771.5561 	EXP 	surround_grating: autoDraw = False
771.5561 	EXP 	center_grating: autoDraw = False
771.5561 	EXP 	surround_grating: ori = -30.0
771.5561 	EXP 	surround_grating: phase = array([0.90560729, 0.90560729])
771.5561 	EXP 	center_grating: ori = 1.5
771.5561 	EXP 	center_grating: phase = array([0.7515469, 0.7515469])
772.0465 	EXP 	surround_grating: autoDraw = True
772.0465 	EXP 	center_grating: autoDraw = True
772.1215 	EXP 	surround_grating: autoDraw = False
772.1215 	EXP 	center_grating: autoDraw = False
772.3958 	DATA 	Keypress: left
772.4015 	INFO 	Keyboard events cleared
772.4011 	EXP 	surround_grating: autoDraw = False
772.4011 	EXP 	center_grating: autoDraw = False
772.4011 	EXP 	surround_grating: ori = -30.0
772.4011 	EXP 	surround_grating: phase = array([0.47836896, 0.47836896])
772.4011 	EXP 	center_grating: ori = -4.0
772.4011 	EXP 	center_grating: phase = array([0.13794659, 0.13794659])
772.8876 	EXP 	surround_grating: autoDraw = True
772.8876 	EXP 	center_grating: autoDraw = True
772.9610 	EXP 	surround_grating: autoDraw = False
772.9610 	EXP 	center_grating: autoDraw = False
773.2849 	DATA 	Keypress: left
773.2907 	INFO 	Keyboard events cleared
773.2902 	EXP 	surround_grating: autoDraw = False
773.2902 	EXP 	center_grating: autoDraw = False
773.2902 	EXP 	surround_grating: ori = 69.0
773.2902 	EXP 	surround_grating: phase = array([0.95655375, 0.95655375])
773.2902 	EXP 	center_grating: ori = -5.0
773.2902 	EXP 	center_grating: phase = array([0.06777549, 0.06777549])
773.7805 	EXP 	surround_grating: autoDraw = True
773.7805 	EXP 	center_grating: autoDraw = True
773.8548 	EXP 	surround_grating: autoDraw = False
773.8548 	EXP 	center_grating: autoDraw = False
774.1450 	DATA 	Keypress: left
774.1506 	INFO 	Keyboard events cleared
774.1501 	EXP 	surround_grating: autoDraw = False
774.1501 	EXP 	center_grating: autoDraw = False
774.1501 	EXP 	surround_grating: ori = 30.0
774.1501 	EXP 	surround_grating: phase = array([0.36391606, 0.36391606])
774.1501 	EXP 	center_grating: ori = 6.0
774.1501 	EXP 	center_grating: phase = array([0.07131236, 0.07131236])
774.6376 	EXP 	surround_grating: autoDraw = True
774.6376 	EXP 	center_grating: autoDraw = True
774.7097 	EXP 	surround_grating: autoDraw = False
774.7097 	EXP 	center_grating: autoDraw = False
775.0770 	DATA 	Keypress: left
775.0902 	INFO 	Keyboard events cleared
775.0897 	EXP 	surround_grating: autoDraw = False
775.0897 	EXP 	center_grating: autoDraw = False
775.0897 	EXP 	surround_grating: ori = 69.0
775.0897 	EXP 	surround_grating: phase = array([0.81449643, 0.81449643])
775.0897 	EXP 	center_grating: ori = 3.5
775.0897 	EXP 	center_grating: phase = array([0.0745871, 0.0745871])
775.5799 	EXP 	surround_grating: autoDraw = True
775.5799 	EXP 	center_grating: autoDraw = True
775.6549 	EXP 	surround_grating: autoDraw = False
775.6549 	EXP 	center_grating: autoDraw = False
775.9619 	DATA 	Keypress: left
775.9676 	INFO 	Keyboard events cleared
775.9671 	EXP 	surround_grating: autoDraw = False
775.9671 	EXP 	center_grating: autoDraw = False
775.9671 	EXP 	surround_grating: ori = 30.0
775.9671 	EXP 	surround_grating: phase = array([0.47428872, 0.47428872])
775.9671 	EXP 	center_grating: ori = -5.0
775.9671 	EXP 	center_grating: phase = array([0.18381299, 0.18381299])
776.4543 	EXP 	surround_grating: autoDraw = True
776.4543 	EXP 	center_grating: autoDraw = True
776.5273 	EXP 	surround_grating: autoDraw = False
776.5273 	EXP 	center_grating: autoDraw = False
777.1782 	DATA 	Keypress: left
777.1838 	INFO 	Keyboard events cleared
777.1834 	EXP 	surround_grating: autoDraw = False
777.1834 	EXP 	center_grating: autoDraw = False
777.1834 	EXP 	surround_grating: ori = 69.0
777.1834 	EXP 	surround_grating: phase = array([0.86163846, 0.86163846])
777.1834 	EXP 	center_grating: ori = 4.0
777.1834 	EXP 	center_grating: phase = array([0.55366615, 0.55366615])
777.6710 	EXP 	surround_grating: autoDraw = True
777.6710 	EXP 	center_grating: autoDraw = True
777.7441 	EXP 	surround_grating: autoDraw = False
777.7441 	EXP 	center_grating: autoDraw = False
777.9518 	DATA 	Keypress: left
777.9574 	INFO 	Keyboard events cleared
777.9570 	EXP 	surround_grating: autoDraw = False
777.9570 	EXP 	center_grating: autoDraw = False
777.9570 	EXP 	surround_grating: ori = 30.0
777.9570 	EXP 	surround_grating: phase = array([0.00920394, 0.00920394])
777.9570 	EXP 	center_grating: ori = 6.5
777.9570 	EXP 	center_grating: phase = array([0.78146666, 0.78146666])
778.4467 	EXP 	surround_grating: autoDraw = True
778.4467 	EXP 	center_grating: autoDraw = True
778.5217 	EXP 	surround_grating: autoDraw = False
778.5217 	EXP 	center_grating: autoDraw = False
779.1154 	DATA 	Keypress: right
779.1211 	INFO 	Keyboard events cleared
779.1206 	EXP 	surround_grating: autoDraw = False
779.1206 	EXP 	center_grating: autoDraw = False
779.1206 	EXP 	surround_grating: ori = 69.0
779.1206 	EXP 	surround_grating: phase = array([0.35098875, 0.35098875])
779.1206 	EXP 	center_grating: ori = -4.5
779.1206 	EXP 	center_grating: phase = array([0.51608049, 0.51608049])
779.6130 	EXP 	surround_grating: autoDraw = True
779.6130 	EXP 	center_grating: autoDraw = True
779.6883 	EXP 	surround_grating: autoDraw = False
779.6883 	EXP 	center_grating: autoDraw = False
780.1334 	DATA 	Keypress: left
780.1389 	INFO 	Keyboard events cleared
780.1384 	EXP 	surround_grating: autoDraw = False
780.1384 	EXP 	center_grating: autoDraw = False
780.1384 	EXP 	surround_grating: ori = -30.0
780.1384 	EXP 	surround_grating: phase = array([0.00427245, 0.00427245])
780.1384 	EXP 	center_grating: ori = 2.0
780.1384 	EXP 	center_grating: phase = array([0.34386062, 0.34386062])
780.6308 	EXP 	surround_grating: autoDraw = True
780.6308 	EXP 	center_grating: autoDraw = True
780.7050 	EXP 	surround_grating: autoDraw = False
780.7050 	EXP 	center_grating: autoDraw = False
781.4278 	DATA 	Keypress: right
781.4334 	INFO 	Keyboard events cleared
781.4328 	EXP 	surround_grating: autoDraw = False
781.4328 	EXP 	center_grating: autoDraw = False
781.4328 	EXP 	surround_grating: ori = 30.0
781.4328 	EXP 	surround_grating: phase = array([0.48074279, 0.48074279])
781.4328 	EXP 	center_grating: ori = -4.5
781.4328 	EXP 	center_grating: phase = array([0.95251273, 0.95251273])
781.9210 	EXP 	surround_grating: autoDraw = True
781.9210 	EXP 	center_grating: autoDraw = True
781.9936 	EXP 	surround_grating: autoDraw = False
781.9936 	EXP 	center_grating: autoDraw = False
782.8957 	DATA 	Keypress: left
782.9016 	INFO 	Keyboard events cleared
782.9010 	EXP 	surround_grating: autoDraw = False
782.9010 	EXP 	center_grating: autoDraw = False
782.9010 	EXP 	surround_grating: ori = -30.0
782.9010 	EXP 	surround_grating: phase = array([0.13761287, 0.13761287])
782.9010 	EXP 	center_grating: ori = -3.5
782.9010 	EXP 	center_grating: phase = array([0.41415519, 0.41415519])
783.3879 	EXP 	surround_grating: autoDraw = True
783.3879 	EXP 	center_grating: autoDraw = True
783.4602 	EXP 	surround_grating: autoDraw = False
783.4602 	EXP 	center_grating: autoDraw = False
784.0503 	DATA 	Keypress: left
784.0560 	INFO 	Keyboard events cleared
784.0555 	EXP 	surround_grating: autoDraw = False
784.0555 	EXP 	center_grating: autoDraw = False
784.0555 	EXP 	surround_grating: ori = -30.0
784.0555 	EXP 	surround_grating: phase = array([0.53380568, 0.53380568])
784.0555 	EXP 	center_grating: ori = -3.0
784.0555 	EXP 	center_grating: phase = array([0.68808307, 0.68808307])
784.5480 	EXP 	surround_grating: autoDraw = True
784.5480 	EXP 	center_grating: autoDraw = True
784.6219 	EXP 	surround_grating: autoDraw = False
784.6219 	EXP 	center_grating: autoDraw = False
785.2449 	DATA 	Keypress: left
785.2506 	INFO 	Keyboard events cleared
785.2502 	EXP 	surround_grating: autoDraw = False
785.2502 	EXP 	center_grating: autoDraw = False
785.2502 	EXP 	surround_grating: ori = 30.0
785.2502 	EXP 	surround_grating: phase = array([0.72641255, 0.72641255])
785.2502 	EXP 	center_grating: ori = 6.0
785.2502 	EXP 	center_grating: phase = array([0.74137477, 0.74137477])
785.7380 	EXP 	surround_grating: autoDraw = True
785.7380 	EXP 	center_grating: autoDraw = True
785.8102 	EXP 	surround_grating: autoDraw = False
785.8102 	EXP 	center_grating: autoDraw = False
786.3619 	DATA 	Keypress: right
786.3676 	INFO 	Keyboard events cleared
786.3669 	EXP 	surround_grating: autoDraw = False
786.3669 	EXP 	center_grating: autoDraw = False
786.3669 	EXP 	surround_grating: ori = 69.0
786.3669 	EXP 	surround_grating: phase = array([0.61699739, 0.61699739])
786.3669 	EXP 	center_grating: ori = 4.5
786.3669 	EXP 	center_grating: phase = array([0.47751836, 0.47751836])
786.8549 	EXP 	surround_grating: autoDraw = True
786.8549 	EXP 	center_grating: autoDraw = True
786.9272 	EXP 	surround_grating: autoDraw = False
786.9272 	EXP 	center_grating: autoDraw = False
787.2452 	DATA 	Keypress: right
787.2508 	INFO 	Keyboard events cleared
787.2504 	EXP 	surround_grating: autoDraw = False
787.2504 	EXP 	center_grating: autoDraw = False
787.2504 	EXP 	surround_grating: ori = 69.0
787.2504 	EXP 	surround_grating: phase = array([0.95005089, 0.95005089])
787.2504 	EXP 	center_grating: ori = -4.0
787.2504 	EXP 	center_grating: phase = array([0.1908057, 0.1908057])
787.7381 	EXP 	surround_grating: autoDraw = True
787.7381 	EXP 	center_grating: autoDraw = True
787.8112 	EXP 	surround_grating: autoDraw = False
787.8112 	EXP 	center_grating: autoDraw = False
788.2783 	DATA 	Keypress: left
788.2839 	INFO 	Keyboard events cleared
788.2834 	EXP 	surround_grating: autoDraw = False
788.2834 	EXP 	center_grating: autoDraw = False
788.2834 	EXP 	surround_grating: ori = 30.0
788.2834 	EXP 	surround_grating: phase = array([0.83798975, 0.83798975])
788.2834 	EXP 	center_grating: ori = -4.0
788.2834 	EXP 	center_grating: phase = array([0.06319006, 0.06319006])
788.7714 	EXP 	surround_grating: autoDraw = True
788.7714 	EXP 	center_grating: autoDraw = True
788.8444 	EXP 	surround_grating: autoDraw = False
788.8444 	EXP 	center_grating: autoDraw = False
789.3446 	DATA 	Keypress: left
789.3500 	INFO 	Keyboard events cleared
789.3496 	EXP 	surround_grating: autoDraw = False
789.3496 	EXP 	center_grating: autoDraw = False
789.3496 	EXP 	surround_grating: ori = -30.0
789.3496 	EXP 	surround_grating: phase = array([0.59142196, 0.59142196])
789.3496 	EXP 	center_grating: ori = 1.5
789.3496 	EXP 	center_grating: phase = array([0.74147413, 0.74147413])
789.8382 	EXP 	surround_grating: autoDraw = True
789.8382 	EXP 	center_grating: autoDraw = True
789.9110 	EXP 	surround_grating: autoDraw = False
789.9110 	EXP 	center_grating: autoDraw = False
790.3343 	DATA 	Keypress: right
790.3556 	INFO 	Keyboard events cleared
790.3550 	EXP 	surround_grating: autoDraw = False
790.3550 	EXP 	center_grating: autoDraw = False
790.3550 	EXP 	surround_grating: ori = 69.0
790.3550 	EXP 	surround_grating: phase = array([0.40524852, 0.40524852])
790.3550 	EXP 	center_grating: ori = 4.0
790.3550 	EXP 	center_grating: phase = array([0.50478519, 0.50478519])
790.8306 	EXP 	surround_grating: autoDraw = True
790.8306 	EXP 	center_grating: autoDraw = True
790.9054 	EXP 	surround_grating: autoDraw = False
790.9054 	EXP 	center_grating: autoDraw = False
791.3662 	DATA 	Keypress: right
791.3719 	INFO 	Keyboard events cleared
791.3714 	EXP 	surround_grating: autoDraw = False
791.3714 	EXP 	center_grating: autoDraw = False
791.3714 	EXP 	surround_grating: ori = -30.0
791.3714 	EXP 	surround_grating: phase = array([0.80943313, 0.80943313])
791.3714 	EXP 	center_grating: ori = 1.0
791.3714 	EXP 	center_grating: phase = array([0.83551251, 0.83551251])
791.8637 	EXP 	surround_grating: autoDraw = True
791.8637 	EXP 	center_grating: autoDraw = True
791.9388 	EXP 	surround_grating: autoDraw = False
791.9388 	EXP 	center_grating: autoDraw = False
792.1782 	DATA 	Keypress: right
792.1838 	INFO 	Keyboard events cleared
792.1833 	EXP 	surround_grating: autoDraw = False
792.1833 	EXP 	center_grating: autoDraw = False
792.1833 	EXP 	surround_grating: ori = -30.0
792.1833 	EXP 	surround_grating: phase = array([0.03383251, 0.03383251])
792.1833 	EXP 	center_grating: ori = -2.5
792.1833 	EXP 	center_grating: phase = array([0.03432427, 0.03432427])
792.6716 	EXP 	surround_grating: autoDraw = True
792.6716 	EXP 	center_grating: autoDraw = True
792.7440 	EXP 	surround_grating: autoDraw = False
792.7440 	EXP 	center_grating: autoDraw = False
793.0114 	DATA 	Keypress: right
793.0169 	INFO 	Keyboard events cleared
793.0165 	EXP 	surround_grating: autoDraw = False
793.0165 	EXP 	center_grating: autoDraw = False
793.0165 	EXP 	surround_grating: ori = 30.0
793.0165 	EXP 	surround_grating: phase = array([0.38918232, 0.38918232])
793.0165 	EXP 	center_grating: ori = -3.5
793.0165 	EXP 	center_grating: phase = array([0.25104897, 0.25104897])
793.5049 	EXP 	surround_grating: autoDraw = True
793.5049 	EXP 	center_grating: autoDraw = True
793.5772 	EXP 	surround_grating: autoDraw = False
793.5772 	EXP 	center_grating: autoDraw = False
793.9519 	DATA 	Keypress: left
793.9580 	INFO 	Keyboard events cleared
793.9574 	EXP 	surround_grating: autoDraw = False
793.9574 	EXP 	center_grating: autoDraw = False
793.9574 	EXP 	surround_grating: ori = 30.0
793.9574 	EXP 	surround_grating: phase = array([0.61131041, 0.61131041])
793.9574 	EXP 	center_grating: ori = 5.5
793.9574 	EXP 	center_grating: phase = array([0.75870853, 0.75870853])
794.4477 	EXP 	surround_grating: autoDraw = True
794.4477 	EXP 	center_grating: autoDraw = True
794.5221 	EXP 	surround_grating: autoDraw = False
794.5221 	EXP 	center_grating: autoDraw = False
795.0676 	DATA 	Keypress: right
795.0891 	INFO 	Keyboard events cleared
795.0886 	EXP 	surround_grating: autoDraw = False
795.0886 	EXP 	center_grating: autoDraw = False
795.0886 	EXP 	surround_grating: ori = 69.0
795.0886 	EXP 	surround_grating: phase = array([0.22737607, 0.22737607])
795.0886 	EXP 	center_grating: ori = -3.5
795.0886 	EXP 	center_grating: phase = array([0.58201542, 0.58201542])
795.5649 	EXP 	surround_grating: autoDraw = True
795.5649 	EXP 	center_grating: autoDraw = True
795.6388 	EXP 	surround_grating: autoDraw = False
795.6388 	EXP 	center_grating: autoDraw = False
796.1842 	DATA 	Keypress: left
796.2057 	INFO 	Keyboard events cleared
796.2052 	EXP 	surround_grating: autoDraw = False
796.2052 	EXP 	center_grating: autoDraw = False
796.2052 	EXP 	surround_grating: ori = 30.0
796.2052 	EXP 	surround_grating: phase = array([0.51461636, 0.51461636])
796.2052 	EXP 	center_grating: ori = 5.0
796.2052 	EXP 	center_grating: phase = array([0.87799294, 0.87799294])
796.6801 	EXP 	surround_grating: autoDraw = True
796.6801 	EXP 	center_grating: autoDraw = True
796.7556 	EXP 	surround_grating: autoDraw = False
796.7556 	EXP 	center_grating: autoDraw = False
797.0131 	DATA 	Keypress: right
797.0188 	INFO 	Keyboard events cleared
797.0182 	EXP 	surround_grating: autoDraw = False
797.0182 	EXP 	center_grating: autoDraw = False
797.0182 	EXP 	surround_grating: ori = 69.0
797.0182 	EXP 	surround_grating: phase = array([0.11589592, 0.11589592])
797.0182 	EXP 	center_grating: ori = -3.0
797.0182 	EXP 	center_grating: phase = array([0.50650511, 0.50650511])
797.5050 	EXP 	surround_grating: autoDraw = True
797.5050 	EXP 	center_grating: autoDraw = True
797.5778 	EXP 	surround_grating: autoDraw = False
797.5778 	EXP 	center_grating: autoDraw = False
798.1010 	DATA 	Keypress: left
798.1225 	INFO 	Keyboard events cleared
798.1220 	EXP 	surround_grating: autoDraw = False
798.1220 	EXP 	center_grating: autoDraw = False
798.1220 	EXP 	surround_grating: ori = -30.0
798.1220 	EXP 	surround_grating: phase = array([0.16498513, 0.16498513])
798.1220 	EXP 	center_grating: ori = 0.5
798.1220 	EXP 	center_grating: phase = array([0.89441383, 0.89441383])
798.5974 	EXP 	surround_grating: autoDraw = True
798.5974 	EXP 	center_grating: autoDraw = True
798.6723 	EXP 	surround_grating: autoDraw = False
798.6723 	EXP 	center_grating: autoDraw = False
799.1523 	DATA 	Keypress: right
799.1582 	INFO 	Keyboard events cleared
799.1577 	EXP 	surround_grating: autoDraw = False
799.1577 	EXP 	center_grating: autoDraw = False
799.1577 	EXP 	surround_grating: ori = 30.0
799.1577 	EXP 	surround_grating: phase = array([0.7829081, 0.7829081])
799.1577 	EXP 	center_grating: ori = -3.0
799.1577 	EXP 	center_grating: phase = array([0.06599928, 0.06599928])
799.6474 	EXP 	surround_grating: autoDraw = True
799.6474 	EXP 	center_grating: autoDraw = True
799.7223 	EXP 	surround_grating: autoDraw = False
799.7223 	EXP 	center_grating: autoDraw = False
800.0182 	DATA 	Keypress: left
800.0394 	INFO 	Keyboard events cleared
800.0391 	EXP 	surround_grating: autoDraw = False
800.0391 	EXP 	center_grating: autoDraw = False
800.0391 	EXP 	surround_grating: ori = -30.0
800.0391 	EXP 	surround_grating: phase = array([0.91740338, 0.91740338])
800.0391 	EXP 	center_grating: ori = -3.0
800.0391 	EXP 	center_grating: phase = array([0.89371989, 0.89371989])
800.5219 	EXP 	surround_grating: autoDraw = True
800.5219 	EXP 	center_grating: autoDraw = True
800.5944 	EXP 	surround_grating: autoDraw = False
800.5944 	EXP 	center_grating: autoDraw = False
800.7258 	DATA 	Keypress: left
800.7314 	INFO 	Keyboard events cleared
800.7306 	EXP 	surround_grating: autoDraw = False
800.7306 	EXP 	center_grating: autoDraw = False
800.7306 	EXP 	surround_grating: ori = 69.0
800.7306 	EXP 	surround_grating: phase = array([0.54125806, 0.54125806])
800.7306 	EXP 	center_grating: ori = 3.5
800.7306 	EXP 	center_grating: phase = array([0.26737463, 0.26737463])
801.2219 	EXP 	surround_grating: autoDraw = True
801.2219 	EXP 	center_grating: autoDraw = True
801.2938 	EXP 	surround_grating: autoDraw = False
801.2938 	EXP 	center_grating: autoDraw = False
801.4621 	DATA 	Keypress: left
801.4678 	INFO 	Keyboard events cleared
801.4673 	EXP 	surround_grating: autoDraw = False
801.4673 	EXP 	center_grating: autoDraw = False
801.4673 	EXP 	surround_grating: ori = 69.0
801.4673 	EXP 	surround_grating: phase = array([0.38834148, 0.38834148])
801.4673 	EXP 	center_grating: ori = 4.0
801.4673 	EXP 	center_grating: phase = array([0.05729719, 0.05729719])
801.9553 	EXP 	surround_grating: autoDraw = True
801.9553 	EXP 	center_grating: autoDraw = True
802.0276 	EXP 	surround_grating: autoDraw = False
802.0276 	EXP 	center_grating: autoDraw = False
802.2967 	DATA 	Keypress: right
802.3023 	INFO 	Keyboard events cleared
802.3017 	EXP 	surround_grating: autoDraw = False
802.3017 	EXP 	center_grating: autoDraw = False
802.3017 	EXP 	surround_grating: ori = 69.0
802.3017 	EXP 	surround_grating: phase = array([0.60287717, 0.60287717])
802.3017 	EXP 	center_grating: ori = -2.5
802.3017 	EXP 	center_grating: phase = array([0.40465953, 0.40465953])
802.7879 	EXP 	surround_grating: autoDraw = True
802.7879 	EXP 	center_grating: autoDraw = True
802.8619 	EXP 	surround_grating: autoDraw = False
802.8619 	EXP 	center_grating: autoDraw = False
803.0301 	DATA 	Keypress: right
803.0358 	INFO 	Keyboard events cleared
803.0353 	EXP 	surround_grating: autoDraw = False
803.0353 	EXP 	center_grating: autoDraw = False
803.0353 	EXP 	surround_grating: ori = 30.0
803.0353 	EXP 	surround_grating: phase = array([0.94917608, 0.94917608])
803.0353 	EXP 	center_grating: ori = 4.5
803.0353 	EXP 	center_grating: phase = array([0.34255365, 0.34255365])
803.3784 	DATA 	Keypress: left
803.3840 	INFO 	Keyboard events cleared
803.3835 	EXP 	surround_grating: autoDraw = False
803.3835 	EXP 	center_grating: autoDraw = False
803.3835 	EXP 	surround_grating: ori = -30.0
803.3835 	EXP 	surround_grating: phase = array([0.30828766, 0.30828766])
803.3835 	EXP 	center_grating: ori = -2.5
803.3835 	EXP 	center_grating: phase = array([0.30306777, 0.30306777])
803.8710 	EXP 	surround_grating: autoDraw = True
803.8710 	EXP 	center_grating: autoDraw = True
803.9452 	EXP 	surround_grating: autoDraw = False
803.9452 	EXP 	center_grating: autoDraw = False
804.5965 	DATA 	Keypress: right
804.6021 	INFO 	Keyboard events cleared
804.6017 	EXP 	surround_grating: autoDraw = False
804.6017 	EXP 	center_grating: autoDraw = False
804.6017 	EXP 	surround_grating: ori = -30.0
804.6017 	EXP 	surround_grating: phase = array([0.58689379, 0.58689379])
804.6017 	EXP 	center_grating: ori = 0.0
804.6017 	EXP 	center_grating: phase = array([0.22663828, 0.22663828])
805.0889 	EXP 	surround_grating: autoDraw = True
805.0889 	EXP 	center_grating: autoDraw = True
805.1611 	EXP 	surround_grating: autoDraw = False
805.1611 	EXP 	center_grating: autoDraw = False
805.7795 	DATA 	Keypress: right
805.7851 	INFO 	Keyboard events cleared
805.7845 	EXP 	surround_grating: autoDraw = False
805.7845 	EXP 	center_grating: autoDraw = False
805.7845 	EXP 	surround_grating: ori = 30.0
805.7845 	EXP 	surround_grating: phase = array([0.92199932, 0.92199932])
805.7845 	EXP 	center_grating: ori = -2.5
805.7845 	EXP 	center_grating: phase = array([0.36992817, 0.36992817])
806.2720 	EXP 	surround_grating: autoDraw = True
806.2720 	EXP 	center_grating: autoDraw = True
806.3453 	EXP 	surround_grating: autoDraw = False
806.3453 	EXP 	center_grating: autoDraw = False
806.7521 	DATA 	Keypress: right
806.7580 	INFO 	Keyboard events cleared
806.7573 	EXP 	surround_grating: autoDraw = False
806.7573 	EXP 	center_grating: autoDraw = False
806.7573 	EXP 	surround_grating: ori = -30.0
806.7573 	EXP 	surround_grating: phase = array([0.78848597, 0.78848597])
806.7573 	EXP 	center_grating: ori = -0.5
806.7573 	EXP 	center_grating: phase = array([0.48916782, 0.48916782])
807.2475 	EXP 	surround_grating: autoDraw = True
807.2475 	EXP 	center_grating: autoDraw = True
807.3225 	EXP 	surround_grating: autoDraw = False
807.3225 	EXP 	center_grating: autoDraw = False
808.1284 	DATA 	Keypress: right
808.1340 	INFO 	Keyboard events cleared
808.1334 	EXP 	surround_grating: autoDraw = False
808.1334 	EXP 	center_grating: autoDraw = False
808.1334 	EXP 	surround_grating: ori = -30.0
808.1334 	EXP 	surround_grating: phase = array([0.57498139, 0.57498139])
808.1334 	EXP 	center_grating: ori = -3.0
808.1334 	EXP 	center_grating: phase = array([0.49721115, 0.49721115])
808.6222 	EXP 	surround_grating: autoDraw = True
808.6222 	EXP 	center_grating: autoDraw = True
808.6943 	EXP 	surround_grating: autoDraw = False
808.6943 	EXP 	center_grating: autoDraw = False
809.1457 	DATA 	Keypress: right
809.1512 	INFO 	Keyboard events cleared
809.1507 	EXP 	surround_grating: autoDraw = False
809.1507 	EXP 	center_grating: autoDraw = False
809.1507 	EXP 	surround_grating: ori = 69.0
809.1507 	EXP 	surround_grating: phase = array([0.60546869, 0.60546869])
809.1507 	EXP 	center_grating: ori = -3.0
809.1507 	EXP 	center_grating: phase = array([0.41136655, 0.41136655])
809.6388 	EXP 	surround_grating: autoDraw = True
809.6388 	EXP 	center_grating: autoDraw = True
809.7127 	EXP 	surround_grating: autoDraw = False
809.7127 	EXP 	center_grating: autoDraw = False
810.0465 	DATA 	Keypress: right
810.0520 	INFO 	Keyboard events cleared
810.0515 	EXP 	surround_grating: autoDraw = False
810.0515 	EXP 	center_grating: autoDraw = False
810.0515 	EXP 	surround_grating: ori = 69.0
810.0515 	EXP 	surround_grating: phase = array([0.40946083, 0.40946083])
810.0515 	EXP 	center_grating: ori = 3.5
810.0515 	EXP 	center_grating: phase = array([0.74967198, 0.74967198])
810.5388 	EXP 	surround_grating: autoDraw = True
810.5388 	EXP 	center_grating: autoDraw = True
810.6114 	EXP 	surround_grating: autoDraw = False
810.6114 	EXP 	center_grating: autoDraw = False
811.0304 	DATA 	Keypress: right
811.0360 	INFO 	Keyboard events cleared
811.0356 	EXP 	surround_grating: autoDraw = False
811.0356 	EXP 	center_grating: autoDraw = False
811.0356 	EXP 	surround_grating: ori = 30.0
811.0356 	EXP 	surround_grating: phase = array([0.72091942, 0.72091942])
811.0356 	EXP 	center_grating: ori = 5.0
811.0356 	EXP 	center_grating: phase = array([0.65844044, 0.65844044])
811.5223 	EXP 	surround_grating: autoDraw = True
811.5223 	EXP 	center_grating: autoDraw = True
811.5949 	EXP 	surround_grating: autoDraw = False
811.5949 	EXP 	center_grating: autoDraw = False
812.0174 	DATA 	Keypress: right
812.0229 	INFO 	Keyboard events cleared
812.0224 	EXP 	surround_grating: autoDraw = False
812.0224 	EXP 	center_grating: autoDraw = False
812.0224 	EXP 	surround_grating: ori = 30.0
812.0224 	EXP 	surround_grating: phase = array([0.13156728, 0.13156728])
812.0224 	EXP 	center_grating: ori = -3.0
812.0224 	EXP 	center_grating: phase = array([0.93020538, 0.93020538])
812.5155 	EXP 	surround_grating: autoDraw = True
812.5155 	EXP 	center_grating: autoDraw = True
812.5895 	EXP 	surround_grating: autoDraw = False
812.5895 	EXP 	center_grating: autoDraw = False
812.9350 	DATA 	Keypress: left
812.9563 	INFO 	Keyboard events cleared
812.9559 	EXP 	surround_grating: autoDraw = False
812.9559 	EXP 	center_grating: autoDraw = False
812.9559 	EXP 	surround_grating: ori = -30.0
812.9559 	EXP 	surround_grating: phase = array([0.31422349, 0.31422349])
812.9559 	EXP 	center_grating: ori = -3.5
812.9559 	EXP 	center_grating: phase = array([0.97952973, 0.97952973])
813.4313 	EXP 	surround_grating: autoDraw = True
813.4313 	EXP 	center_grating: autoDraw = True
813.5063 	EXP 	surround_grating: autoDraw = False
813.5063 	EXP 	center_grating: autoDraw = False
814.1465 	DATA 	Keypress: left
814.1521 	INFO 	Keyboard events cleared
814.1516 	EXP 	surround_grating: autoDraw = False
814.1516 	EXP 	center_grating: autoDraw = False
814.1516 	EXP 	surround_grating: ori = -30.0
814.1516 	EXP 	surround_grating: phase = array([0.34686616, 0.34686616])
814.1516 	EXP 	center_grating: ori = -1.0
814.1516 	EXP 	center_grating: phase = array([0.64024253, 0.64024253])
814.6391 	EXP 	surround_grating: autoDraw = True
814.6391 	EXP 	center_grating: autoDraw = True
814.7111 	EXP 	surround_grating: autoDraw = False
814.7111 	EXP 	center_grating: autoDraw = False
815.0996 	DATA 	Keypress: right
815.1119 	INFO 	Keyboard events cleared
815.1115 	EXP 	surround_grating: autoDraw = False
815.1115 	EXP 	center_grating: autoDraw = False
815.1115 	EXP 	surround_grating: ori = 30.0
815.1115 	EXP 	surround_grating: phase = array([0.83773423, 0.83773423])
815.1115 	EXP 	center_grating: ori = 4.5
815.1115 	EXP 	center_grating: phase = array([0.47231549, 0.47231549])
815.5978 	EXP 	surround_grating: autoDraw = True
815.5978 	EXP 	center_grating: autoDraw = True
815.6730 	EXP 	surround_grating: autoDraw = False
815.6730 	EXP 	center_grating: autoDraw = False
816.0350 	DATA 	Keypress: right
816.0736 	INFO 	Keyboard events cleared
816.0730 	EXP 	surround_grating: autoDraw = False
816.0730 	EXP 	center_grating: autoDraw = False
816.0730 	EXP 	surround_grating: ori = 69.0
816.0730 	EXP 	surround_grating: phase = array([0.17867801, 0.17867801])
816.0730 	EXP 	center_grating: ori = 3.0
816.0730 	EXP 	center_grating: phase = array([0.5475845, 0.5475845])
816.5480 	EXP 	surround_grating: autoDraw = True
816.5480 	EXP 	center_grating: autoDraw = True
816.6231 	EXP 	surround_grating: autoDraw = False
816.6231 	EXP 	center_grating: autoDraw = False
816.8974 	DATA 	Keypress: right
816.9032 	INFO 	Keyboard events cleared
816.9025 	EXP 	surround_grating: autoDraw = False
816.9025 	EXP 	center_grating: autoDraw = False
816.9025 	EXP 	surround_grating: ori = 30.0
816.9025 	EXP 	surround_grating: phase = array([0.14718801, 0.14718801])
816.9025 	EXP 	center_grating: ori = -2.5
816.9025 	EXP 	center_grating: phase = array([0.42331021, 0.42331021])
817.3891 	EXP 	surround_grating: autoDraw = True
817.3891 	EXP 	center_grating: autoDraw = True
817.4617 	EXP 	surround_grating: autoDraw = False
817.4617 	EXP 	center_grating: autoDraw = False
817.6640 	DATA 	Keypress: right
817.6698 	INFO 	Keyboard events cleared
817.6694 	EXP 	surround_grating: autoDraw = False
817.6694 	EXP 	center_grating: autoDraw = False
817.6694 	EXP 	surround_grating: ori = 69.0
817.6694 	EXP 	surround_grating: phase = array([0.89287356, 0.89287356])
817.6694 	EXP 	center_grating: ori = -3.5
817.6694 	EXP 	center_grating: phase = array([0.06516985, 0.06516985])
818.1558 	EXP 	surround_grating: autoDraw = True
818.1558 	EXP 	center_grating: autoDraw = True
818.2275 	EXP 	surround_grating: autoDraw = False
818.2275 	EXP 	center_grating: autoDraw = False
818.5180 	DATA 	Keypress: right
818.5237 	INFO 	Keyboard events cleared
818.5232 	EXP 	surround_grating: autoDraw = False
818.5232 	EXP 	center_grating: autoDraw = False
818.5232 	EXP 	surround_grating: ori = -30.0
818.5232 	EXP 	surround_grating: phase = array([0.78723237, 0.78723237])
818.5232 	EXP 	center_grating: ori = -3.0
818.5232 	EXP 	center_grating: phase = array([0.89691044, 0.89691044])
819.0158 	EXP 	surround_grating: autoDraw = True
819.0158 	EXP 	center_grating: autoDraw = True
819.0897 	EXP 	surround_grating: autoDraw = False
819.0897 	EXP 	center_grating: autoDraw = False
819.4799 	DATA 	Keypress: right
819.4856 	INFO 	Keyboard events cleared
819.4851 	EXP 	surround_grating: autoDraw = False
819.4851 	EXP 	center_grating: autoDraw = False
819.4851 	EXP 	surround_grating: ori = 30.0
819.4851 	EXP 	surround_grating: phase = array([0.57130733, 0.57130733])
819.4851 	EXP 	center_grating: ori = 4.0
819.4851 	EXP 	center_grating: phase = array([0.69496498, 0.69496498])
819.9719 	EXP 	surround_grating: autoDraw = True
819.9719 	EXP 	center_grating: autoDraw = True
820.0451 	EXP 	surround_grating: autoDraw = False
820.0451 	EXP 	center_grating: autoDraw = False
820.7343 	DATA 	Keypress: right
820.7400 	INFO 	Keyboard events cleared
820.7394 	EXP 	surround_grating: autoDraw = False
820.7394 	EXP 	center_grating: autoDraw = False
820.7394 	EXP 	surround_grating: ori = 30.0
820.7394 	EXP 	surround_grating: phase = array([0.93191182, 0.93191182])
820.7394 	EXP 	center_grating: ori = -3.0
820.7394 	EXP 	center_grating: phase = array([0.78698639, 0.78698639])
821.2322 	EXP 	surround_grating: autoDraw = True
821.2322 	EXP 	center_grating: autoDraw = True
821.3065 	EXP 	surround_grating: autoDraw = False
821.3065 	EXP 	center_grating: autoDraw = False
821.8294 	DATA 	Keypress: left
821.8349 	INFO 	Keyboard events cleared
821.8345 	EXP 	surround_grating: autoDraw = False
821.8345 	EXP 	center_grating: autoDraw = False
821.8345 	EXP 	surround_grating: ori = -30.0
821.8345 	EXP 	surround_grating: phase = array([0.14476756, 0.14476756])
821.8345 	EXP 	center_grating: ori = -1.5
821.8345 	EXP 	center_grating: phase = array([0.19613345, 0.19613345])
822.3230 	EXP 	surround_grating: autoDraw = True
822.3230 	EXP 	center_grating: autoDraw = True
822.3954 	EXP 	surround_grating: autoDraw = False
822.3954 	EXP 	center_grating: autoDraw = False
823.0306 	DATA 	Keypress: right
823.0364 	INFO 	Keyboard events cleared
823.0360 	EXP 	surround_grating: autoDraw = False
823.0360 	EXP 	center_grating: autoDraw = False
823.0360 	EXP 	surround_grating: ori = 69.0
823.0360 	EXP 	surround_grating: phase = array([0.01924439, 0.01924439])
823.0360 	EXP 	center_grating: ori = 2.5
823.0360 	EXP 	center_grating: phase = array([0.20198604, 0.20198604])
823.5228 	EXP 	surround_grating: autoDraw = True
823.5228 	EXP 	center_grating: autoDraw = True
823.5954 	EXP 	surround_grating: autoDraw = False
823.5954 	EXP 	center_grating: autoDraw = False
824.0144 	DATA 	Keypress: left
824.0201 	INFO 	Keyboard events cleared
824.0197 	EXP 	surround_grating: autoDraw = False
824.0197 	EXP 	center_grating: autoDraw = False
824.0197 	EXP 	surround_grating: ori = 69.0
824.0197 	EXP 	surround_grating: phase = array([0.05723532, 0.05723532])
824.0197 	EXP 	center_grating: ori = -4.0
824.0197 	EXP 	center_grating: phase = array([0.26604732, 0.26604732])
824.5061 	EXP 	surround_grating: autoDraw = True
824.5061 	EXP 	center_grating: autoDraw = True
824.5794 	EXP 	surround_grating: autoDraw = False
824.5794 	EXP 	center_grating: autoDraw = False
824.9796 	DATA 	Keypress: left
824.9850 	INFO 	Keyboard events cleared
824.9844 	EXP 	surround_grating: autoDraw = False
824.9844 	EXP 	center_grating: autoDraw = False
824.9844 	EXP 	surround_grating: ori = 69.0
824.9844 	EXP 	surround_grating: phase = array([0.34551701, 0.34551701])
824.9844 	EXP 	center_grating: ori = 3.0
824.9844 	EXP 	center_grating: phase = array([0.87268575, 0.87268575])
825.4728 	EXP 	surround_grating: autoDraw = True
825.4728 	EXP 	center_grating: autoDraw = True
825.5449 	EXP 	surround_grating: autoDraw = False
825.5449 	EXP 	center_grating: autoDraw = False
825.8632 	DATA 	Keypress: left
825.8689 	INFO 	Keyboard events cleared
825.8684 	EXP 	surround_grating: autoDraw = False
825.8684 	EXP 	center_grating: autoDraw = False
825.8684 	EXP 	surround_grating: ori = 69.0
825.8684 	EXP 	surround_grating: phase = array([0.83538604, 0.83538604])
825.8684 	EXP 	center_grating: ori = -3.5
825.8684 	EXP 	center_grating: phase = array([0.72791362, 0.72791362])
826.3561 	EXP 	surround_grating: autoDraw = True
826.3561 	EXP 	center_grating: autoDraw = True
826.4284 	EXP 	surround_grating: autoDraw = False
826.4284 	EXP 	center_grating: autoDraw = False
826.8475 	DATA 	Keypress: left
826.8530 	INFO 	Keyboard events cleared
826.8526 	EXP 	surround_grating: autoDraw = False
826.8526 	EXP 	center_grating: autoDraw = False
826.8526 	EXP 	surround_grating: ori = -30.0
826.8526 	EXP 	surround_grating: phase = array([0.87449976, 0.87449976])
826.8526 	EXP 	center_grating: ori = -2.0
826.8526 	EXP 	center_grating: phase = array([0.70040945, 0.70040945])
827.3395 	EXP 	surround_grating: autoDraw = True
827.3395 	EXP 	center_grating: autoDraw = True
827.4130 	EXP 	surround_grating: autoDraw = False
827.4130 	EXP 	center_grating: autoDraw = False
828.0150 	DATA 	Keypress: right
828.0206 	INFO 	Keyboard events cleared
828.0202 	EXP 	surround_grating: autoDraw = False
828.0202 	EXP 	center_grating: autoDraw = False
828.0202 	EXP 	surround_grating: ori = -30.0
828.0202 	EXP 	surround_grating: phase = array([0.45206735, 0.45206735])
828.0202 	EXP 	center_grating: ori = -3.5
828.0202 	EXP 	center_grating: phase = array([0.59665028, 0.59665028])
828.5061 	EXP 	surround_grating: autoDraw = True
828.5061 	EXP 	center_grating: autoDraw = True
828.5782 	EXP 	surround_grating: autoDraw = False
828.5782 	EXP 	center_grating: autoDraw = False
828.8365 	DATA 	Keypress: right
828.8420 	INFO 	Keyboard events cleared
828.8416 	EXP 	surround_grating: autoDraw = False
828.8416 	EXP 	center_grating: autoDraw = False
828.8416 	EXP 	surround_grating: ori = 30.0
828.8416 	EXP 	surround_grating: phase = array([0.64530714, 0.64530714])
828.8416 	EXP 	center_grating: ori = 3.5
828.8416 	EXP 	center_grating: phase = array([0.44878174, 0.44878174])
829.3320 	EXP 	surround_grating: autoDraw = True
829.3320 	EXP 	center_grating: autoDraw = True
829.4067 	EXP 	surround_grating: autoDraw = False
829.4067 	EXP 	center_grating: autoDraw = False
829.6347 	DATA 	Keypress: right
829.6402 	INFO 	Keyboard events cleared
829.6397 	EXP 	surround_grating: autoDraw = False
829.6397 	EXP 	center_grating: autoDraw = False
829.6397 	EXP 	surround_grating: ori = 30.0
829.6397 	EXP 	surround_grating: phase = array([0.11574278, 0.11574278])
829.6397 	EXP 	center_grating: ori = -2.5
829.6397 	EXP 	center_grating: phase = array([0.66147993, 0.66147993])
830.1230 	EXP 	surround_grating: autoDraw = True
830.1230 	EXP 	center_grating: autoDraw = True
830.1948 	EXP 	surround_grating: autoDraw = False
830.1948 	EXP 	center_grating: autoDraw = False
830.4142 	DATA 	Keypress: right
830.4199 	INFO 	Keyboard events cleared
830.4194 	EXP 	surround_grating: autoDraw = False
830.4194 	EXP 	center_grating: autoDraw = False
830.4194 	EXP 	surround_grating: ori = -30.0
830.4194 	EXP 	surround_grating: phase = array([0.30482485, 0.30482485])
830.4194 	EXP 	center_grating: ori = -4.0
830.4194 	EXP 	center_grating: phase = array([0.552776, 0.552776])
830.9064 	EXP 	surround_grating: autoDraw = True
830.9064 	EXP 	center_grating: autoDraw = True
830.9787 	EXP 	surround_grating: autoDraw = False
830.9787 	EXP 	center_grating: autoDraw = False
831.3128 	DATA 	Keypress: left
831.3186 	INFO 	Keyboard events cleared
831.3180 	EXP 	surround_grating: autoDraw = False
831.3180 	EXP 	center_grating: autoDraw = False
831.3180 	EXP 	surround_grating: ori = 69.0
831.3180 	EXP 	surround_grating: phase = array([0.12200786, 0.12200786])
831.3180 	EXP 	center_grating: ori = -3.0
831.3180 	EXP 	center_grating: phase = array([0.75665302, 0.75665302])
831.8065 	EXP 	surround_grating: autoDraw = True
831.8065 	EXP 	center_grating: autoDraw = True
831.8785 	EXP 	surround_grating: autoDraw = False
831.8785 	EXP 	center_grating: autoDraw = False
832.0972 	DATA 	Keypress: right
832.1030 	INFO 	Keyboard events cleared
832.1026 	EXP 	surround_grating: autoDraw = False
832.1026 	EXP 	center_grating: autoDraw = False
832.1026 	EXP 	surround_grating: ori = 30.0
832.1026 	EXP 	surround_grating: phase = array([0.88632375, 0.88632375])
832.1026 	EXP 	center_grating: ori = 3.0
832.1026 	EXP 	center_grating: phase = array([0.10374898, 0.10374898])
832.5898 	EXP 	surround_grating: autoDraw = True
832.5898 	EXP 	center_grating: autoDraw = True
832.6623 	EXP 	surround_grating: autoDraw = False
832.6623 	EXP 	center_grating: autoDraw = False
832.9131 	DATA 	Keypress: left
832.9189 	INFO 	Keyboard events cleared
832.9184 	EXP 	surround_grating: autoDraw = False
832.9184 	EXP 	center_grating: autoDraw = False
832.9184 	EXP 	surround_grating: ori = 30.0
832.9184 	EXP 	surround_grating: phase = array([0.331593, 0.331593])
832.9184 	EXP 	center_grating: ori = -3.0
832.9184 	EXP 	center_grating: phase = array([0.49820735, 0.49820735])
833.4063 	EXP 	surround_grating: autoDraw = True
833.4063 	EXP 	center_grating: autoDraw = True
833.4789 	EXP 	surround_grating: autoDraw = False
833.4789 	EXP 	center_grating: autoDraw = False
833.8189 	DATA 	Keypress: right
833.8404 	INFO 	Keyboard events cleared
833.8399 	EXP 	surround_grating: autoDraw = False
833.8399 	EXP 	center_grating: autoDraw = False
833.8399 	EXP 	surround_grating: ori = 69.0
833.8399 	EXP 	surround_grating: phase = array([0.62743237, 0.62743237])
833.8399 	EXP 	center_grating: ori = 3.5
833.8399 	EXP 	center_grating: phase = array([0.75263586, 0.75263586])
834.3158 	EXP 	surround_grating: autoDraw = True
834.3158 	EXP 	center_grating: autoDraw = True
834.3902 	EXP 	surround_grating: autoDraw = False
834.3902 	EXP 	center_grating: autoDraw = False
834.6345 	DATA 	Keypress: right
834.6467 	INFO 	Keyboard events cleared
834.6463 	EXP 	surround_grating: autoDraw = False
834.6463 	EXP 	center_grating: autoDraw = False
834.6463 	EXP 	surround_grating: ori = -30.0
834.6463 	EXP 	surround_grating: phase = array([0.33106176, 0.33106176])
834.6463 	EXP 	center_grating: ori = -2.5
834.6463 	EXP 	center_grating: phase = array([0.96731305, 0.96731305])
835.1323 	EXP 	surround_grating: autoDraw = True
835.1323 	EXP 	center_grating: autoDraw = True
835.2069 	EXP 	surround_grating: autoDraw = False
835.2069 	EXP 	center_grating: autoDraw = False
835.4633 	DATA 	Keypress: right
835.4693 	INFO 	Keyboard events cleared
835.4687 	EXP 	surround_grating: autoDraw = False
835.4687 	EXP 	center_grating: autoDraw = False
835.4687 	EXP 	surround_grating: ori = -30.0
835.4687 	EXP 	surround_grating: phase = array([0.00120733, 0.00120733])
835.4687 	EXP 	center_grating: ori = -3.0
835.4687 	EXP 	center_grating: phase = array([0.18509475, 0.18509475])
835.9564 	EXP 	surround_grating: autoDraw = True
835.9564 	EXP 	center_grating: autoDraw = True
836.0283 	EXP 	surround_grating: autoDraw = False
836.0283 	EXP 	center_grating: autoDraw = False
836.2632 	DATA 	Keypress: right
836.2688 	INFO 	Keyboard events cleared
836.2683 	EXP 	surround_grating: autoDraw = False
836.2683 	EXP 	center_grating: autoDraw = False
836.2683 	EXP 	surround_grating: ori = 69.0
836.2683 	EXP 	surround_grating: phase = array([0.81736402, 0.81736402])
836.2683 	EXP 	center_grating: ori = 3.0
836.2683 	EXP 	center_grating: phase = array([0.75, 0.75])
836.7565 	EXP 	surround_grating: autoDraw = True
836.7565 	EXP 	center_grating: autoDraw = True
836.8287 	EXP 	surround_grating: autoDraw = False
836.8287 	EXP 	center_grating: autoDraw = False
837.0482 	DATA 	Keypress: right
837.0539 	INFO 	Keyboard events cleared
837.0535 	EXP 	surround_grating: autoDraw = False
837.0535 	EXP 	center_grating: autoDraw = False
837.0535 	EXP 	surround_grating: ori = 69.0
837.0535 	EXP 	surround_grating: phase = array([0.26703696, 0.26703696])
837.0535 	EXP 	center_grating: ori = -3.5
837.0535 	EXP 	center_grating: phase = array([0.76347888, 0.76347888])
837.5400 	EXP 	surround_grating: autoDraw = True
837.5400 	EXP 	center_grating: autoDraw = True
837.6120 	EXP 	surround_grating: autoDraw = False
837.6120 	EXP 	center_grating: autoDraw = False
837.9314 	DATA 	Keypress: right
837.9372 	INFO 	Keyboard events cleared
837.9368 	EXP 	surround_grating: autoDraw = False
837.9368 	EXP 	center_grating: autoDraw = False
837.9368 	EXP 	surround_grating: ori = 30.0
837.9368 	EXP 	surround_grating: phase = array([0.12132904, 0.12132904])
837.9368 	EXP 	center_grating: ori = 3.5
837.9368 	EXP 	center_grating: phase = array([0.65165212, 0.65165212])
838.4232 	EXP 	surround_grating: autoDraw = True
838.4232 	EXP 	center_grating: autoDraw = True
838.4956 	EXP 	surround_grating: autoDraw = False
838.4956 	EXP 	center_grating: autoDraw = False
838.9350 	DATA 	Keypress: right
838.9407 	INFO 	Keyboard events cleared
838.9401 	EXP 	surround_grating: autoDraw = False
838.9401 	EXP 	center_grating: autoDraw = False
838.9401 	EXP 	surround_grating: ori = -30.0
838.9401 	EXP 	surround_grating: phase = array([0.12953899, 0.12953899])
838.9401 	EXP 	center_grating: ori = -3.5
838.9401 	EXP 	center_grating: phase = array([0.88013501, 0.88013501])
839.4331 	EXP 	surround_grating: autoDraw = True
839.4331 	EXP 	center_grating: autoDraw = True
839.5072 	EXP 	surround_grating: autoDraw = False
839.5072 	EXP 	center_grating: autoDraw = False
839.8023 	DATA 	Keypress: right
839.8081 	INFO 	Keyboard events cleared
839.8077 	EXP 	surround_grating: autoDraw = False
839.8077 	EXP 	center_grating: autoDraw = False
839.8077 	EXP 	surround_grating: ori = 30.0
839.8077 	EXP 	surround_grating: phase = array([0.88633359, 0.88633359])
839.8077 	EXP 	center_grating: ori = -3.5
839.8077 	EXP 	center_grating: phase = array([0.39416395, 0.39416395])
840.2901 	EXP 	surround_grating: autoDraw = True
840.2901 	EXP 	center_grating: autoDraw = True
840.3621 	EXP 	surround_grating: autoDraw = False
840.3621 	EXP 	center_grating: autoDraw = False
840.5526 	DATA 	Keypress: right
840.5740 	INFO 	Keyboard events cleared
840.5736 	EXP 	surround_grating: autoDraw = False
840.5736 	EXP 	center_grating: autoDraw = False
840.5736 	EXP 	surround_grating: ori = 69.0
840.5736 	EXP 	surround_grating: phase = array([0.37599769, 0.37599769])
840.5736 	EXP 	center_grating: ori = 2.5
840.5736 	EXP 	center_grating: phase = array([0.59834878, 0.59834878])
841.0487 	EXP 	surround_grating: autoDraw = True
841.0487 	EXP 	center_grating: autoDraw = True
841.1239 	EXP 	surround_grating: autoDraw = False
841.1239 	EXP 	center_grating: autoDraw = False
841.3532 	DATA 	Keypress: right
841.3589 	INFO 	Keyboard events cleared
841.3584 	EXP 	surround_grating: autoDraw = False
841.3584 	EXP 	center_grating: autoDraw = False
841.3584 	EXP 	surround_grating: ori = -30.0
841.3584 	EXP 	surround_grating: phase = array([0.98869904, 0.98869904])
841.3584 	EXP 	center_grating: ori = -4.0
841.3584 	EXP 	center_grating: phase = array([0.22641695, 0.22641695])
841.8492 	EXP 	surround_grating: autoDraw = True
841.8492 	EXP 	center_grating: autoDraw = True
841.9238 	EXP 	surround_grating: autoDraw = False
841.9238 	EXP 	center_grating: autoDraw = False
842.1634 	DATA 	Keypress: right
842.1691 	INFO 	Keyboard events cleared
842.1687 	EXP 	surround_grating: autoDraw = False
842.1687 	EXP 	center_grating: autoDraw = False
842.1687 	EXP 	surround_grating: ori = 69.0
842.1687 	EXP 	surround_grating: phase = array([0.50453872, 0.50453872])
842.1687 	EXP 	center_grating: ori = -4.0
842.1687 	EXP 	center_grating: phase = array([0.97237077, 0.97237077])
842.6567 	EXP 	surround_grating: autoDraw = True
842.6567 	EXP 	center_grating: autoDraw = True
842.7287 	EXP 	surround_grating: autoDraw = False
842.7287 	EXP 	center_grating: autoDraw = False
842.9532 	DATA 	Keypress: right
842.9590 	INFO 	Keyboard events cleared
842.9585 	EXP 	surround_grating: autoDraw = False
842.9585 	EXP 	center_grating: autoDraw = False
842.9585 	EXP 	surround_grating: ori = 30.0
842.9585 	EXP 	surround_grating: phase = array([0.59212954, 0.59212954])
842.9585 	EXP 	center_grating: ori = -4.0
842.9585 	EXP 	center_grating: phase = array([0.25526147, 0.25526147])
843.4497 	EXP 	surround_grating: autoDraw = True
843.4497 	EXP 	center_grating: autoDraw = True
843.5242 	EXP 	surround_grating: autoDraw = False
843.5242 	EXP 	center_grating: autoDraw = False
844.0318 	DATA 	Keypress: left
844.0409 	INFO 	Keyboard events cleared
844.0403 	EXP 	surround_grating: autoDraw = False
844.0403 	EXP 	center_grating: autoDraw = False
844.0403 	EXP 	surround_grating: ori = 30.0
844.0403 	EXP 	surround_grating: phase = array([0.87584232, 0.87584232])
844.0403 	EXP 	center_grating: ori = 3.0
844.0403 	EXP 	center_grating: phase = array([0.1375948, 0.1375948])
844.5236 	EXP 	surround_grating: autoDraw = True
844.5236 	EXP 	center_grating: autoDraw = True
844.5954 	EXP 	surround_grating: autoDraw = False
844.5954 	EXP 	center_grating: autoDraw = False
845.0146 	DATA 	Keypress: right
845.0203 	INFO 	Keyboard events cleared
845.0197 	EXP 	surround_grating: autoDraw = False
845.0197 	EXP 	center_grating: autoDraw = False
845.0197 	EXP 	surround_grating: ori = -30.0
845.0197 	EXP 	surround_grating: phase = array([0.24933563, 0.24933563])
845.0197 	EXP 	center_grating: ori = -3.5
845.0197 	EXP 	center_grating: phase = array([0.62045405, 0.62045405])
845.5068 	EXP 	surround_grating: autoDraw = True
845.5068 	EXP 	center_grating: autoDraw = True
845.5909 	EXP 	surround_grating: autoDraw = False
845.5909 	EXP 	center_grating: autoDraw = False
846.1651 	DATA 	Keypress: left
846.1711 	INFO 	Keyboard events cleared
846.1704 	EXP 	surround_grating: autoDraw = False
846.1704 	EXP 	center_grating: autoDraw = False
846.1704 	EXP 	surround_grating: ori = -30.0
846.1704 	EXP 	surround_grating: phase = array([0.25568437, 0.25568437])
846.1704 	EXP 	center_grating: ori = -3.0
846.1704 	EXP 	center_grating: phase = array([0.25150825, 0.25150825])
846.6562 	EXP 	surround_grating: autoDraw = True
846.6562 	EXP 	center_grating: autoDraw = True
846.7292 	EXP 	surround_grating: autoDraw = False
846.7292 	EXP 	center_grating: autoDraw = False
847.2993 	DATA 	Keypress: right
847.3050 	INFO 	Keyboard events cleared
847.3045 	EXP 	surround_grating: autoDraw = False
847.3045 	EXP 	center_grating: autoDraw = False
847.3045 	EXP 	surround_grating: ori = 69.0
847.3045 	EXP 	surround_grating: phase = array([0.44055064, 0.44055064])
847.3045 	EXP 	center_grating: ori = -4.5
847.3045 	EXP 	center_grating: phase = array([0.14292775, 0.14292775])
847.7903 	EXP 	surround_grating: autoDraw = True
847.7903 	EXP 	center_grating: autoDraw = True
847.8634 	EXP 	surround_grating: autoDraw = False
847.8634 	EXP 	center_grating: autoDraw = False
848.5630 	DATA 	Keypress: left
848.5684 	INFO 	Keyboard events cleared
848.5679 	EXP 	surround_grating: autoDraw = False
848.5679 	EXP 	center_grating: autoDraw = False
848.5679 	EXP 	text_14: autoDraw = True
858.9873 	DATA 	Keypress: space
858.9937 	INFO 	Keyboard events cleared
858.9931 	EXP 	text_14: autoDraw = False
858.9931 	EXP 	text_4: autoDraw = True
861.6628 	DATA 	Keypress: space
861.6682 	EXP 	text_4: autoDraw = False
861.6683 	EXP 	tilt_staircase: status = STOPPED
861.7663 	INFO 	saved data to '/Users/cpcr/Documents/tilt/tilt_staircase/data/sub-21049995/ses-0/sub-21049995_ses-0_exp-tiltstaircase_2025-10-20_13h59.33.505.csv'
861.7693 	INFO 	saved data to /Users/cpcr/Documents/tilt/tilt_staircase/data/sub-21049995/ses-0/sub-21049995_ses-0_exp-tiltstaircase_2025-10-20_13h59.33.505.psydat
