14.5816 	WARNING 	Font Manager failed to load file /System/Library/PrivateFrameworks/FontServices.framework/Resources/Reserved/PingFangUI.ttc
42.6266 	INFO 	Loaded monitor calibration from ['2025_09_15 11:13']
42.8781 	EXP 	Created window1 = Window(allowGUI=False, allowStencil=False, autoLog=True, backendConf=UNKNOWN, backgroundFit=<method-wrapper '__getattribute__' of attributeSetter object at 0x1626aa890>, backgroundImage=<method-wrapper '__getattribute__' of attributeSetter object at 0x1626aa8f0>, bitsMode=UNKNOWN, blendMode='avg', bpc=(8, 8, 8), color=array([0, 0, 0]), colorSpace='rgb', depthBits=8, fullscr=True, gamma=None, gammaErrorPolicy='raise', infoMsg=UNKNOWN, lms=UNKNOWN, monitor=<psychopy.monitors.calibTools.Monitor object at 0x162340970>, multiSample=False, name='window1', numSamples=2, pos=[0.0, 0.0], screen=0, size=array([2880, 1800]), stencilBits=0, stereo=False, title='PsychoPy', units='height', useFBO=True, useRetina=True, viewOri=0.0, viewPos=None, viewScale=None, waitBlanking=True, winType='pyglet')
42.8782 	EXP 	window1: backgroundImage = ''
42.8782 	EXP 	window1: backgroundFit = 'none'
42.9243 	EXP 	window1: Attempting to measure frame rate of screen (0) ...
42.9243 	EXP 	window1: recordFrameIntervals = False
43.0685 	EXP 	window1: recordFrameIntervals = True
43.5192 	EXP 	Screen (0) actual frame rate measured at 120.10Hz
43.5192 	EXP 	window1: recordFrameIntervals = False
46.4729 	INFO 	keyboard.Keyboard is using iohub backend.
46.4730 	INFO 	keyboard.Keyboard is using iohub backend.
46.4730 	INFO 	keyboard.Keyboard is using iohub backend.
46.4730 	INFO 	keyboard.Keyboard is using iohub backend.
46.4730 	INFO 	keyboard.Keyboard is using iohub backend.
46.4730 	INFO 	keyboard.Keyboard is using iohub backend.
46.4730 	INFO 	keyboard.Keyboard is using iohub backend.
46.4731 	INFO 	keyboard.Keyboard is using iohub backend.
46.4731 	INFO 	keyboard.Keyboard is using iohub backend.
46.4731 	INFO 	keyboard.Keyboard is using iohub backend.
46.4731 	EXP 	tilt_staircase: status = STARTED
46.5143 	EXP 	Created text_5 = TextStim(__class__=<class 'psychopy.visual.text.TextStim'>, alignHoriz=method-wrapper(...), alignText='center', alignVert=method-wrapper(...), anchorHoriz='center', anchorVert='center', antialias=True, autoDraw=False, autoLog=True, bold=False, color=array([1., 1., 1.]), colorSpace='rgb', contrast=1.0, depth=0.0, draggable=False, flipHoriz=False, flipVert=False, font='Arial', fontFiles=[], height=0.05, italic=False, languageStyle='LTR', name='text_5', opacity=1, ori=0.0, pos=array([0., 0.]), rgb=UNKNOWN, text=str(...), units='height', win=Window(...), wrapWidth=1)
46.5208 	EXP 	Created text_6 = TextStim(__class__=<class 'psychopy.visual.text.TextStim'>, alignHoriz=method-wrapper(...), alignText='center', alignVert=method-wrapper(...), anchorHoriz='center', anchorVert='center', antialias=True, autoDraw=False, autoLog=True, bold=False, color=array([1., 1., 1.]), colorSpace='rgb', contrast=1.0, depth=0.0, draggable=False, flipHoriz=False, flipVert=False, font='Arial', fontFiles=[], height=0.05, italic=False, languageStyle='LTR', name='text_6', opacity=1, ori=0.0, pos=array([0., 0.]), rgb=UNKNOWN, text=str(...), units='height', win=Window(...), wrapWidth=1)
46.5232 	EXP 	Created surround_practice = GratingStim(__class__=<class 'psychopy.visual.grating.GratingStim'>, anchor='center', autoDraw=False, autoLog=True, blendmode='avg', color=array([0.2, 0.2, 0.2]), colorSpace='rgb', contrast=0.2, depth=-1.0, draggable=False, interpolate=True, mask='circle', maskParams=None, name='surround_practice', opacity=1, ori=1.0, phase=array([1., 1.]), pos=array([0., 0.]), rgbPedestal=array([0., 0., 0.]), sf=array([2.5, 2.5]), size=array([6., 6.]), tex='sin', texRes=128.0, units='cm', win=Window(...))
46.5247 	EXP 	Created center_practice = GratingStim(__class__=<class 'psychopy.visual.grating.GratingStim'>, anchor='center', autoDraw=False, autoLog=True, blendmode='avg', color=array([1., 1., 1.]), colorSpace='rgb', contrast=1.0, depth=-2.0, draggable=False, interpolate=True, mask='circle', maskParams=None, name='center_practice', opacity=1, ori=1.0, phase=array([1., 1.]), pos=array([0., 0.]), rgbPedestal=array([0., 0., 0.]), sf=array([2.5, 2.5]), size=array([2., 2.]), tex='sin', texRes=128.0, units='cm', win=Window(...))
46.5282 	EXP 	Created text_11 = TextStim(__class__=<class 'psychopy.visual.text.TextStim'>, alignHoriz=method-wrapper(...), alignText='center', alignVert=method-wrapper(...), anchorHoriz='center', anchorVert='center', antialias=True, autoDraw=False, autoLog=True, bold=False, color=array([1., 1., 1.]), colorSpace='rgb', contrast=1.0, depth=-4.0, draggable=False, flipHoriz=False, flipVert=False, font='Arial', fontFiles=[], height=0.05, italic=False, languageStyle='LTR', name='text_11', opacity=1, ori=0.0, pos=array([0., 0.]), rgb=UNKNOWN, text=str(...), units='height', win=Window(...), wrapWidth=1)
46.5287 	EXP 	Created text_7 = TextStim(__class__=<class 'psychopy.visual.text.TextStim'>, alignHoriz=method-wrapper(...), alignText='center', alignVert=method-wrapper(...), anchorHoriz='center', anchorVert='center', antialias=True, autoDraw=False, autoLog=True, bold=False, color=array([1., 1., 1.]), colorSpace='rgb', contrast=1.0, depth=-1.0, draggable=False, flipHoriz=False, flipVert=False, font='Arial', fontFiles=[], height=0.05, italic=False, languageStyle='LTR', name='text_7', opacity=1, ori=0.0, pos=array([0., 0.]), rgb=UNKNOWN, text='', units='height', win=Window(...), wrapWidth=1)
46.5353 	EXP 	Created text_8 = TextStim(__class__=<class 'psychopy.visual.text.TextStim'>, alignHoriz=method-wrapper(...), alignText='center', alignVert=method-wrapper(...), anchorHoriz='center', anchorVert='center', antialias=True, autoDraw=False, autoLog=True, bold=False, color=array([1., 1., 1.]), colorSpace='rgb', contrast=1.0, depth=0.0, draggable=False, flipHoriz=False, flipVert=False, font='Arial', fontFiles=[], height=0.05, italic=False, languageStyle='LTR', name='text_8', opacity=1, ori=0.0, pos=array([0., 0.]), rgb=UNKNOWN, text=str(...), units='height', win=Window(...), wrapWidth=1)
46.5368 	EXP 	Created surround_practice_2 = GratingStim(__class__=<class 'psychopy.visual.grating.GratingStim'>, anchor='center', autoDraw=False, autoLog=True, blendmode='avg', color=array([0.2, 0.2, 0.2]), colorSpace='rgb', contrast=0.2, depth=0.0, draggable=False, interpolate=True, mask='circle', maskParams=None, name='surround_practice_2', opacity=1.0, ori=1.0, phase=array([0., 0.]), pos=array([0., 0.]), rgbPedestal=array([0., 0., 0.]), sf=array([2.5, 2.5]), size=array([6., 6.]), tex='sin', texRes=128.0, units='cm', win=Window(...))
46.5383 	EXP 	Created center_practice_2 = GratingStim(__class__=<class 'psychopy.visual.grating.GratingStim'>, anchor='center', autoDraw=False, autoLog=True, blendmode='avg', color=array([0.2, 0.2, 0.2]), colorSpace='rgb', contrast=0.2, depth=-1.0, draggable=False, interpolate=True, mask='circle', maskParams=None, name='center_practice_2', opacity=1, ori=1.0, phase=array([0., 0.]), pos=array([0., 0.]), rgbPedestal=array([0., 0., 0.]), sf=array([2.5, 2.5]), size=array([2., 2.]), tex='sin', texRes=128.0, units='cm', win=Window(...))
46.5407 	EXP 	Created text_12 = TextStim(__class__=<class 'psychopy.visual.text.TextStim'>, alignHoriz=method-wrapper(...), alignText='center', alignVert=method-wrapper(...), anchorHoriz='center', anchorVert='center', antialias=True, autoDraw=False, autoLog=True, bold=False, color=array([1., 1., 1.]), colorSpace='rgb', contrast=1.0, depth=-3.0, draggable=False, flipHoriz=False, flipVert=False, font='Arial', fontFiles=[], height=0.05, italic=False, languageStyle='LTR', name='text_12', opacity=1, ori=0.0, pos=array([0., 0.]), rgb=UNKNOWN, text=str(...), units='height', win=Window(...), wrapWidth=1)
46.5412 	EXP 	Created text_7 = TextStim(__class__=<class 'psychopy.visual.text.TextStim'>, alignHoriz=method-wrapper(...), alignText='center', alignVert=method-wrapper(...), anchorHoriz='center', anchorVert='center', antialias=True, autoDraw=False, autoLog=True, bold=False, color=array([1., 1., 1.]), colorSpace='rgb', contrast=1.0, depth=-1.0, draggable=False, flipHoriz=False, flipVert=False, font='Arial', fontFiles=[], height=0.05, italic=False, languageStyle='LTR', name='text_7', opacity=1, ori=0.0, pos=array([0., 0.]), rgb=UNKNOWN, text='', units='height', win=Window(...), wrapWidth=1)
46.5516 	EXP 	Created text_13 = TextStim(__class__=<class 'psychopy.visual.text.TextStim'>, alignHoriz=method-wrapper(...), alignText='center', alignVert=method-wrapper(...), anchorHoriz='center', anchorVert='center', antialias=True, autoDraw=False, autoLog=True, bold=False, color=array([1., 1., 1.]), colorSpace='rgb', contrast=1.0, depth=0.0, draggable=False, flipHoriz=False, flipVert=False, font='Arial', fontFiles=[], height=0.05, italic=False, languageStyle='LTR', name='text_13', opacity=1, ori=0.0, pos=array([0., 0.]), rgb=UNKNOWN, text=str(...), units='height', win=Window(...), wrapWidth=1)
46.5532 	EXP 	Created surround_grating = GratingStim(__class__=<class 'psychopy.visual.grating.GratingStim'>, anchor='center', autoDraw=False, autoLog=True, blendmode='avg', color=array([0.2, 0.2, 0.2]), colorSpace='rgb', contrast=0.2, depth=-2.0, draggable=False, interpolate=True, mask='circle', maskParams=None, name='surround_grating', opacity=1.0, ori=1.0, phase=array([1., 1.]), pos=array([0., 0.]), rgbPedestal=array([0., 0., 0.]), sf=array([2.5, 2.5]), size=array([6., 6.]), tex='sin', texRes=128.0, units='cm', win=Window(...))
46.5547 	EXP 	Created center_grating = GratingStim(__class__=<class 'psychopy.visual.grating.GratingStim'>, anchor='center', autoDraw=False, autoLog=True, blendmode='avg', color=array([0.2, 0.2, 0.2]), colorSpace='rgb', contrast=0.2, depth=-3.0, draggable=False, interpolate=True, mask='circle', maskParams=None, name='center_grating', opacity=1, ori=1.0, phase=array([1., 1.]), pos=array([0., 0.]), rgbPedestal=array([0., 0., 0.]), sf=array([2.5, 2.5]), size=array([2., 2.]), tex='sin', texRes=128.0, units='cm', win=Window(...))
46.5575 	EXP 	Created text_14 = TextStim(__class__=<class 'psychopy.visual.text.TextStim'>, alignHoriz=method-wrapper(...), alignText='center', alignVert=method-wrapper(...), anchorHoriz='center', anchorVert='center', antialias=True, autoDraw=False, autoLog=True, bold=False, color=array([1., 1., 1.]), colorSpace='rgb', contrast=1.0, depth=0.0, draggable=False, flipHoriz=False, flipVert=False, font='Arial', fontFiles=[], height=0.05, italic=False, languageStyle='LTR', name='text_14', opacity=1, ori=0.0, pos=array([0., 0.]), rgb=UNKNOWN, text=str(...), units='height', win=Window(...), wrapWidth=1)
46.5594 	EXP 	Created text_4 = TextStim(__class__=<class 'psychopy.visual.text.TextStim'>, alignHoriz=method-wrapper(...), alignText='center', alignVert=method-wrapper(...), anchorHoriz='center', anchorVert='center', antialias=True, autoDraw=False, autoLog=True, bold=False, color=array([1., 1., 1.]), colorSpace='rgb', contrast=1.0, depth=0.0, draggable=False, flipHoriz=False, flipVert=False, font='Arial', fontFiles=[], height=0.05, italic=False, languageStyle='LTR', name='text_4', opacity=1, ori=0.0, pos=array([0., 0.]), rgb=UNKNOWN, text='thank you and have a pleasant day ', units='height', win=Window(...), wrapWidth=1)
0.0176 	INFO 	Keyboard events cleared
0.0171 	EXP 	text_5: autoDraw = True
284.2109 	DATA 	Keypress: space
284.2184 	INFO 	Keyboard events cleared
284.2178 	EXP 	text_5: autoDraw = False
284.2178 	EXP 	text_6: autoDraw = True
290.7157 	DATA 	Keypress: space
290.7320 	EXP 	Imported tilt_practice_1.csv as conditions, 4 conditions, 3 params
290.7328 	EXP 	New trial (rep=0, index=0): <Trial 0 (0 in rep 0) data={'center': 30, 'surround': 0, 'correct': 'right', 'thisN': 0, 'thisTrialN': 0, 'thisRepN': 0}>
290.7394 	INFO 	Keyboard events cleared
290.7390 	EXP 	text_6: autoDraw = False
290.7390 	EXP 	surround_practice: ori = 0.0
290.7390 	EXP 	surround_practice: phase = array([0.79788339, 0.79788339])
290.7390 	EXP 	center_practice: ori = 30.0
290.7390 	EXP 	center_practice: phase = array([0.41691417, 0.41691417])
291.2288 	EXP 	surround_practice: autoDraw = True
291.2288 	EXP 	center_practice: autoDraw = True
291.2288 	EXP 	surround_practice: tex = 'sin'
291.2288 	EXP 	center_practice: tex = 'sin'
292.2196 	EXP 	text_11: autoDraw = True
292.2259 	EXP 	surround_practice: autoDraw = False
292.2259 	EXP 	center_practice: autoDraw = False
295.9624 	DATA 	Keypress: right
295.9671 	EXP 	surround_practice: autoDraw = False
295.9671 	EXP 	center_practice: autoDraw = False
295.9671 	EXP 	text_11: autoDraw = False
295.9671 	EXP 	text_7: height = 0.05
295.9671 	EXP 	text_7: height = 0.05
295.9671 	EXP 	text_7: height = 0.05
295.9671 	EXP 	text_7: text = 'Correct'
295.9671 	EXP 	text_7: autoDraw = True
297.4092 	EXP 	New trial (rep=0, index=1): <Trial 1 (1 in rep 0) data={'center': -30, 'surround': 0, 'correct': 'left', 'thisN': 1, 'thisTrialN': 1, 'thisRepN': 0}>
297.4208 	INFO 	Keyboard events cleared
297.4204 	EXP 	text_7: autoDraw = False
297.4204 	EXP 	surround_practice: ori = 0.0
297.4204 	EXP 	surround_practice: phase = array([0.95882691, 0.95882691])
297.4204 	EXP 	center_practice: ori = -30.0
297.4204 	EXP 	center_practice: phase = array([0.87293272, 0.87293272])
297.9031 	EXP 	surround_practice: autoDraw = True
297.9031 	EXP 	center_practice: autoDraw = True
298.8926 	EXP 	surround_practice: autoDraw = False
298.8926 	EXP 	center_practice: autoDraw = False
298.9039 	EXP 	text_11: autoDraw = True
299.6597 	DATA 	Keypress: left
299.6648 	EXP 	surround_practice: autoDraw = False
299.6648 	EXP 	center_practice: autoDraw = False
299.6648 	EXP 	text_11: autoDraw = False
299.6648 	EXP 	text_7: text = 'Correct'
299.6648 	EXP 	text_7: autoDraw = True
301.1546 	EXP 	New trial (rep=0, index=2): <Trial 2 (2 in rep 0) data={'center': 30, 'surround': 60, 'correct': 'right', 'thisN': 2, 'thisTrialN': 2, 'thisRepN': 0}>
301.1619 	INFO 	Keyboard events cleared
301.1615 	EXP 	text_7: autoDraw = False
301.1615 	EXP 	text_7: autoDraw = False
301.1615 	EXP 	surround_practice: ori = 60.0
301.1615 	EXP 	surround_practice: phase = array([0.17166569, 0.17166569])
301.1615 	EXP 	center_practice: ori = 30.0
301.1615 	EXP 	center_practice: phase = array([0.46817402, 0.46817402])
301.6533 	EXP 	surround_practice: autoDraw = True
301.6533 	EXP 	center_practice: autoDraw = True
302.6431 	EXP 	surround_practice: autoDraw = False
302.6431 	EXP 	center_practice: autoDraw = False
302.6539 	EXP 	text_11: autoDraw = True
302.7938 	DATA 	Keypress: right
302.7991 	EXP 	surround_practice: autoDraw = False
302.7991 	EXP 	center_practice: autoDraw = False
302.7991 	EXP 	text_11: autoDraw = False
302.7991 	EXP 	text_7: text = 'Correct'
302.7991 	EXP 	text_7: autoDraw = True
304.2882 	EXP 	New trial (rep=0, index=3): <Trial 3 (3 in rep 0) data={'center': -30, 'surround': -60, 'correct': 'left', 'thisN': 3, 'thisTrialN': 3, 'thisRepN': 0}>
304.2979 	INFO 	Keyboard events cleared
304.2974 	EXP 	text_7: autoDraw = False
304.2974 	EXP 	text_7: autoDraw = False
304.2974 	EXP 	surround_practice: ori = -60.0
304.2974 	EXP 	surround_practice: phase = array([0.16661128, 0.16661128])
304.2974 	EXP 	center_practice: ori = -30.0
304.2974 	EXP 	center_practice: phase = array([0.67448927, 0.67448927])
304.7868 	EXP 	surround_practice: autoDraw = True
304.7868 	EXP 	center_practice: autoDraw = True
305.6154 	DATA 	Keypress: left
305.6208 	EXP 	surround_practice: autoDraw = False
305.6208 	EXP 	center_practice: autoDraw = False
305.6208 	EXP 	text_11: autoDraw = False
305.6208 	EXP 	text_7: text = 'Correct'
305.6208 	EXP 	text_7: autoDraw = True
307.1135 	INFO 	Keyboard events cleared
307.1130 	EXP 	text_7: autoDraw = False
307.1130 	EXP 	text_7: autoDraw = False
307.1130 	EXP 	text_8: autoDraw = True
325.3174 	EXP 	Imported tilt_practice_2.csv as conditions, 6 conditions, 4 params
325.3178 	EXP 	New trial (rep=0, index=0): <Trial 0 (0 in rep 0) data={'center': -30, 'surround': -60, 'correct': 'left', 'opacity': 100, 'thisN': 0, 'thisTrialN': 0, 'thisRepN': 0}>
325.3217 	DATA 	Keypress: space
325.3270 	INFO 	Keyboard events cleared
325.3264 	EXP 	text_8: autoDraw = False
325.3264 	EXP 	surround_practice_2: ori = -60.0
325.3264 	EXP 	center_practice_2: ori = -30.0
325.8174 	EXP 	surround_practice_2: autoDraw = True
325.8174 	EXP 	center_practice_2: autoDraw = True
325.8174 	EXP 	surround_practice_2: tex = 'sin'
325.8174 	EXP 	center_practice_2: tex = 'sin'
325.8875 	EXP 	text_12: autoDraw = True
325.8927 	EXP 	surround_practice_2: autoDraw = False
325.8927 	EXP 	center_practice_2: autoDraw = False
327.3267 	DATA 	Keypress: right
327.3320 	EXP 	surround_practice_2: autoDraw = False
327.3320 	EXP 	center_practice_2: autoDraw = False
327.3320 	EXP 	text_12: autoDraw = False
327.3320 	EXP 	text_7: text = 'Correct'
327.3320 	EXP 	text_7: autoDraw = True
328.8225 	EXP 	New trial (rep=0, index=1): <Trial 1 (1 in rep 0) data={'center': -30, 'surround': 0, 'correct': 'left', 'opacity': 100, 'thisN': 1, 'thisTrialN': 1, 'thisRepN': 0}>
328.8290 	INFO 	Keyboard events cleared
328.8284 	EXP 	text_7: autoDraw = False
328.8284 	EXP 	text_7: autoDraw = False
328.8284 	EXP 	surround_practice_2: ori = 0.0
328.8284 	EXP 	center_practice_2: ori = -30.0
329.3210 	EXP 	surround_practice_2: autoDraw = True
329.3210 	EXP 	center_practice_2: autoDraw = True
329.3945 	EXP 	surround_practice_2: autoDraw = False
329.3945 	EXP 	center_practice_2: autoDraw = False
329.3945 	EXP 	text_12: autoDraw = True
330.0109 	DATA 	Keypress: left
330.0162 	EXP 	surround_practice_2: autoDraw = False
330.0162 	EXP 	center_practice_2: autoDraw = False
330.0162 	EXP 	text_12: autoDraw = False
330.0162 	EXP 	text_7: text = 'Correct'
330.0162 	EXP 	text_7: autoDraw = True
331.5058 	EXP 	New trial (rep=0, index=2): <Trial 2 (2 in rep 0) data={'center': 30, 'surround': 60, 'correct': 'right', 'opacity': 100, 'thisN': 2, 'thisTrialN': 2, 'thisRepN': 0}>
331.5119 	INFO 	Keyboard events cleared
331.5115 	EXP 	text_7: autoDraw = False
331.5115 	EXP 	text_7: autoDraw = False
331.5115 	EXP 	surround_practice_2: ori = 60.0
331.5115 	EXP 	center_practice_2: ori = 30.0
332.0044 	EXP 	surround_practice_2: autoDraw = True
332.0044 	EXP 	center_practice_2: autoDraw = True
332.0780 	EXP 	surround_practice_2: autoDraw = False
332.0780 	EXP 	center_practice_2: autoDraw = False
332.0780 	EXP 	text_12: autoDraw = True
332.6775 	DATA 	Keypress: right
332.6826 	EXP 	surround_practice_2: autoDraw = False
332.6826 	EXP 	center_practice_2: autoDraw = False
332.6826 	EXP 	text_12: autoDraw = False
332.6826 	EXP 	text_7: text = 'Correct'
332.6826 	EXP 	text_7: autoDraw = True
334.1726 	EXP 	New trial (rep=0, index=3): <Trial 3 (3 in rep 0) data={'center': 30, 'surround': 0, 'correct': 'right', 'opacity': 100, 'thisN': 3, 'thisTrialN': 3, 'thisRepN': 0}>
334.1785 	INFO 	Keyboard events cleared
334.1779 	EXP 	text_7: autoDraw = False
334.1779 	EXP 	text_7: autoDraw = False
334.1779 	EXP 	surround_practice_2: ori = 0.0
334.1779 	EXP 	center_practice_2: ori = 30.0
334.6712 	EXP 	surround_practice_2: autoDraw = True
334.6712 	EXP 	center_practice_2: autoDraw = True
334.7449 	EXP 	surround_practice_2: autoDraw = False
334.7449 	EXP 	center_practice_2: autoDraw = False
334.7449 	EXP 	text_12: autoDraw = True
335.3331 	DATA 	Keypress: right
335.3381 	EXP 	surround_practice_2: autoDraw = False
335.3381 	EXP 	center_practice_2: autoDraw = False
335.3381 	EXP 	text_12: autoDraw = False
335.3381 	EXP 	text_7: text = 'Correct'
335.3381 	EXP 	text_7: autoDraw = True
336.8228 	EXP 	New trial (rep=0, index=4): <Trial 4 (4 in rep 0) data={'center': -30, 'surround': 69, 'correct': 'left', 'opacity': 0, 'thisN': 4, 'thisTrialN': 4, 'thisRepN': 0}>
336.8291 	INFO 	Keyboard events cleared
336.8287 	EXP 	text_7: autoDraw = False
336.8287 	EXP 	text_7: autoDraw = False
336.8287 	EXP 	surround_practice_2: ori = 69.0
336.8287 	EXP 	center_practice_2: ori = -30.0
337.3301 	EXP 	surround_practice_2: autoDraw = True
337.3301 	EXP 	center_practice_2: autoDraw = True
337.4048 	EXP 	surround_practice_2: autoDraw = False
337.4048 	EXP 	center_practice_2: autoDraw = False
337.4048 	EXP 	text_12: autoDraw = True
337.7778 	DATA 	Keypress: left
337.7832 	EXP 	surround_practice_2: autoDraw = False
337.7832 	EXP 	center_practice_2: autoDraw = False
337.7832 	EXP 	text_12: autoDraw = False
337.7832 	EXP 	text_7: text = 'Correct'
337.7832 	EXP 	text_7: autoDraw = True
339.2729 	EXP 	New trial (rep=0, index=5): <Trial 5 (5 in rep 0) data={'center': 30, 'surround': 69, 'correct': 'right', 'opacity': 0, 'thisN': 5, 'thisTrialN': 5, 'thisRepN': 0}>
339.2791 	INFO 	Keyboard events cleared
339.2787 	EXP 	text_7: autoDraw = False
339.2787 	EXP 	text_7: autoDraw = False
339.2787 	EXP 	surround_practice_2: ori = 69.0
339.2787 	EXP 	center_practice_2: ori = 30.0
339.7715 	EXP 	surround_practice_2: autoDraw = True
339.7715 	EXP 	center_practice_2: autoDraw = True
339.8446 	EXP 	surround_practice_2: autoDraw = False
339.8446 	EXP 	center_practice_2: autoDraw = False
339.8446 	EXP 	text_12: autoDraw = True
340.2496 	DATA 	Keypress: right
340.2548 	EXP 	surround_practice_2: autoDraw = False
340.2548 	EXP 	center_practice_2: autoDraw = False
340.2548 	EXP 	text_12: autoDraw = False
340.2548 	EXP 	text_7: text = 'Correct'
340.2548 	EXP 	text_7: autoDraw = True
341.7481 	INFO 	Keyboard events cleared
341.7477 	EXP 	text_7: autoDraw = False
341.7477 	EXP 	text_7: autoDraw = False
341.7477 	EXP 	text_13: autoDraw = True
388.6496 	EXP 	New trial (rep=0, index=0): <Trial 0 (0 in rep 0) data={'thisN': 0, 'thisTrialN': 0, 'thisRepN': 0}>
388.6572 	EXP 	Imported tilt_staircase.csv as conditions, 6 conditions, 10 params
388.7726 	DATA 	Keypress: space
388.7772 	INFO 	Keyboard events cleared
388.7769 	EXP 	text_13: autoDraw = False
388.7769 	EXP 	surround_grating: ori = -30.0
388.7769 	EXP 	surround_grating: phase = array([0.74236389, 0.74236389])
388.7769 	EXP 	center_grating: ori = -15.0
388.7769 	EXP 	center_grating: phase = array([0.3564353, 0.3564353])
389.1541 	EXP 	surround_grating: autoDraw = True
389.1541 	EXP 	center_grating: autoDraw = True
389.1541 	EXP 	surround_grating: tex = 'sin'
389.1541 	EXP 	center_grating: tex = 'sin'
389.2288 	EXP 	surround_grating: autoDraw = False
389.2288 	EXP 	center_grating: autoDraw = False
389.8648 	DATA 	Keypress: left
389.8708 	INFO 	Keyboard events cleared
389.8703 	EXP 	surround_grating: autoDraw = False
389.8703 	EXP 	center_grating: autoDraw = False
389.8703 	EXP 	surround_grating: ori = 30.0
389.8703 	EXP 	surround_grating: phase = array([0.56623438, 0.56623438])
389.8703 	EXP 	center_grating: ori = -15.0
389.8703 	EXP 	center_grating: phase = array([0.52430325, 0.52430325])
390.3565 	EXP 	surround_grating: autoDraw = True
390.3565 	EXP 	center_grating: autoDraw = True
390.4294 	EXP 	surround_grating: autoDraw = False
390.4294 	EXP 	center_grating: autoDraw = False
391.0460 	DATA 	Keypress: left
391.0518 	INFO 	Keyboard events cleared
391.0513 	EXP 	surround_grating: autoDraw = False
391.0513 	EXP 	center_grating: autoDraw = False
391.0513 	EXP 	surround_grating: ori = 69.0
391.0513 	EXP 	surround_grating: phase = array([0.22546005, 0.22546005])
391.0513 	EXP 	center_grating: ori = 15.0
391.0513 	EXP 	center_grating: phase = array([0.86017551, 0.86017551])
391.5400 	EXP 	surround_grating: autoDraw = True
391.5400 	EXP 	center_grating: autoDraw = True
391.6119 	EXP 	surround_grating: autoDraw = False
391.6119 	EXP 	center_grating: autoDraw = False
392.0685 	DATA 	Keypress: right
392.0740 	INFO 	Keyboard events cleared
392.0734 	EXP 	surround_grating: autoDraw = False
392.0734 	EXP 	center_grating: autoDraw = False
392.0734 	EXP 	surround_grating: ori = 69.0
392.0734 	EXP 	surround_grating: phase = array([0.3163952, 0.3163952])
392.0734 	EXP 	center_grating: ori = -15.0
392.0734 	EXP 	center_grating: phase = array([0.11402914, 0.11402914])
392.5567 	EXP 	surround_grating: autoDraw = True
392.5567 	EXP 	center_grating: autoDraw = True
392.6290 	EXP 	surround_grating: autoDraw = False
392.6290 	EXP 	center_grating: autoDraw = False
393.5817 	DATA 	Keypress: right
393.5875 	INFO 	Keyboard events cleared
393.5870 	EXP 	surround_grating: autoDraw = False
393.5870 	EXP 	center_grating: autoDraw = False
393.5870 	EXP 	surround_grating: ori = -30.0
393.5870 	EXP 	surround_grating: phase = array([0.3657175, 0.3657175])
393.5870 	EXP 	center_grating: ori = 15.0
393.5870 	EXP 	center_grating: phase = array([0.48534994, 0.48534994])
394.0734 	EXP 	surround_grating: autoDraw = True
394.0734 	EXP 	center_grating: autoDraw = True
394.1460 	EXP 	surround_grating: autoDraw = False
394.1460 	EXP 	center_grating: autoDraw = False
394.8142 	DATA 	Keypress: right
394.8199 	INFO 	Keyboard events cleared
394.8195 	EXP 	surround_grating: autoDraw = False
394.8195 	EXP 	center_grating: autoDraw = False
394.8195 	EXP 	surround_grating: ori = 30.0
394.8195 	EXP 	surround_grating: phase = array([0.61817181, 0.61817181])
394.8195 	EXP 	center_grating: ori = 15.0
394.8195 	EXP 	center_grating: phase = array([0.68253039, 0.68253039])
395.3067 	EXP 	surround_grating: autoDraw = True
395.3067 	EXP 	center_grating: autoDraw = True
395.3790 	EXP 	surround_grating: autoDraw = False
395.3790 	EXP 	center_grating: autoDraw = False
396.0144 	DATA 	Keypress: right
396.0202 	INFO 	Keyboard events cleared
396.0195 	EXP 	surround_grating: autoDraw = False
396.0195 	EXP 	center_grating: autoDraw = False
396.0195 	EXP 	surround_grating: ori = -30.0
396.0195 	EXP 	surround_grating: phase = array([0.63995024, 0.63995024])
396.0195 	EXP 	center_grating: ori = 10.0
396.0195 	EXP 	center_grating: phase = array([0.85850311, 0.85850311])
396.5067 	EXP 	surround_grating: autoDraw = True
396.5067 	EXP 	center_grating: autoDraw = True
396.5789 	EXP 	surround_grating: autoDraw = False
396.5789 	EXP 	center_grating: autoDraw = False
397.1475 	DATA 	Keypress: right
397.1532 	INFO 	Keyboard events cleared
397.1528 	EXP 	surround_grating: autoDraw = False
397.1528 	EXP 	center_grating: autoDraw = False
397.1528 	EXP 	surround_grating: ori = 30.0
397.1528 	EXP 	surround_grating: phase = array([0.97556091, 0.97556091])
397.1528 	EXP 	center_grating: ori = -10.0
397.1528 	EXP 	center_grating: phase = array([0.90680332, 0.90680332])
397.6401 	EXP 	surround_grating: autoDraw = True
397.6401 	EXP 	center_grating: autoDraw = True
397.7131 	EXP 	surround_grating: autoDraw = False
397.7131 	EXP 	center_grating: autoDraw = False
398.7627 	DATA 	Keypress: right
398.7759 	INFO 	Keyboard events cleared
398.7755 	EXP 	surround_grating: autoDraw = False
398.7755 	EXP 	center_grating: autoDraw = False
398.7755 	EXP 	surround_grating: ori = 69.0
398.7755 	EXP 	surround_grating: phase = array([0.30634288, 0.30634288])
398.7755 	EXP 	center_grating: ori = 10.0
398.7755 	EXP 	center_grating: phase = array([0.40975064, 0.40975064])
399.2656 	EXP 	surround_grating: autoDraw = True
399.2656 	EXP 	center_grating: autoDraw = True
399.3407 	EXP 	surround_grating: autoDraw = False
399.3407 	EXP 	center_grating: autoDraw = False
400.1635 	DATA 	Keypress: right
400.1691 	INFO 	Keyboard events cleared
400.1686 	EXP 	surround_grating: autoDraw = False
400.1686 	EXP 	center_grating: autoDraw = False
400.1686 	EXP 	surround_grating: ori = -30.0
400.1686 	EXP 	surround_grating: phase = array([0.50114442, 0.50114442])
400.1686 	EXP 	center_grating: ori = -10.0
400.1686 	EXP 	center_grating: phase = array([0.27099767, 0.27099767])
400.6570 	EXP 	surround_grating: autoDraw = True
400.6570 	EXP 	center_grating: autoDraw = True
400.7292 	EXP 	surround_grating: autoDraw = False
400.7292 	EXP 	center_grating: autoDraw = False
403.3814 	DATA 	Keypress: right
403.3870 	INFO 	Keyboard events cleared
403.3865 	EXP 	surround_grating: autoDraw = False
403.3865 	EXP 	center_grating: autoDraw = False
403.3865 	EXP 	surround_grating: ori = 30.0
403.3865 	EXP 	surround_grating: phase = array([0.9106239, 0.9106239])
403.3865 	EXP 	center_grating: ori = 10.0
403.3865 	EXP 	center_grating: phase = array([0.76517538, 0.76517538])
403.8737 	EXP 	surround_grating: autoDraw = True
403.8737 	EXP 	center_grating: autoDraw = True
403.9461 	EXP 	surround_grating: autoDraw = False
403.9461 	EXP 	center_grating: autoDraw = False
405.0150 	DATA 	Keypress: right
405.0205 	INFO 	Keyboard events cleared
405.0201 	EXP 	surround_grating: autoDraw = False
405.0201 	EXP 	center_grating: autoDraw = False
405.0201 	EXP 	surround_grating: ori = 69.0
405.0201 	EXP 	surround_grating: phase = array([0.05792384, 0.05792384])
405.0201 	EXP 	center_grating: ori = -15.0
405.0201 	EXP 	center_grating: phase = array([0.05560805, 0.05560805])
405.5071 	EXP 	surround_grating: autoDraw = True
405.5071 	EXP 	center_grating: autoDraw = True
405.5801 	EXP 	surround_grating: autoDraw = False
405.5801 	EXP 	center_grating: autoDraw = False
406.0816 	DATA 	Keypress: left
406.0872 	INFO 	Keyboard events cleared
406.0868 	EXP 	surround_grating: autoDraw = False
406.0868 	EXP 	center_grating: autoDraw = False
406.0868 	EXP 	surround_grating: ori = 30.0
406.0868 	EXP 	surround_grating: phase = array([0.55592978, 0.55592978])
406.0868 	EXP 	center_grating: ori = 5.0
406.0868 	EXP 	center_grating: phase = array([0.27216864, 0.27216864])
406.5738 	EXP 	surround_grating: autoDraw = True
406.5738 	EXP 	center_grating: autoDraw = True
406.6461 	EXP 	surround_grating: autoDraw = False
406.6461 	EXP 	center_grating: autoDraw = False
407.7805 	DATA 	Keypress: left
407.7860 	INFO 	Keyboard events cleared
407.7856 	EXP 	surround_grating: autoDraw = False
407.7856 	EXP 	center_grating: autoDraw = False
407.7856 	EXP 	surround_grating: ori = -30.0
407.7856 	EXP 	surround_grating: phase = array([0.30075082, 0.30075082])
407.7856 	EXP 	center_grating: ori = -12.0
407.7856 	EXP 	center_grating: phase = array([0.73421578, 0.73421578])
408.2734 	EXP 	surround_grating: autoDraw = True
408.2734 	EXP 	center_grating: autoDraw = True
408.3462 	EXP 	surround_grating: autoDraw = False
408.3462 	EXP 	center_grating: autoDraw = False
409.0656 	DATA 	Keypress: left
409.0712 	INFO 	Keyboard events cleared
409.0707 	EXP 	surround_grating: autoDraw = False
409.0707 	EXP 	center_grating: autoDraw = False
409.0707 	EXP 	surround_grating: ori = 30.0
409.0707 	EXP 	surround_grating: phase = array([0.49172472, 0.49172472])
409.0707 	EXP 	center_grating: ori = -12.0
409.0707 	EXP 	center_grating: phase = array([0.17558922, 0.17558922])
409.5573 	EXP 	surround_grating: autoDraw = True
409.5573 	EXP 	center_grating: autoDraw = True
409.6295 	EXP 	surround_grating: autoDraw = False
409.6295 	EXP 	center_grating: autoDraw = False
410.3365 	DATA 	Keypress: left
410.3578 	INFO 	Keyboard events cleared
410.3574 	EXP 	surround_grating: autoDraw = False
410.3574 	EXP 	center_grating: autoDraw = False
410.3574 	EXP 	surround_grating: ori = -30.0
410.3574 	EXP 	surround_grating: phase = array([0.40654578, 0.40654578])
410.3574 	EXP 	center_grating: ori = 5.0
410.3574 	EXP 	center_grating: phase = array([0.14969726, 0.14969726])
410.8334 	EXP 	surround_grating: autoDraw = True
410.8334 	EXP 	center_grating: autoDraw = True
410.9080 	EXP 	surround_grating: autoDraw = False
410.9080 	EXP 	center_grating: autoDraw = False
411.4312 	DATA 	Keypress: right
411.4368 	INFO 	Keyboard events cleared
411.4364 	EXP 	surround_grating: autoDraw = False
411.4364 	EXP 	center_grating: autoDraw = False
411.4364 	EXP 	surround_grating: ori = 69.0
411.4364 	EXP 	surround_grating: phase = array([0.38225307, 0.38225307])
411.4364 	EXP 	center_grating: ori = 5.0
411.4364 	EXP 	center_grating: phase = array([0.72491763, 0.72491763])
411.9239 	EXP 	surround_grating: autoDraw = True
411.9239 	EXP 	center_grating: autoDraw = True
411.9962 	EXP 	surround_grating: autoDraw = False
411.9962 	EXP 	center_grating: autoDraw = False
412.5209 	DATA 	Keypress: right
412.5268 	INFO 	Keyboard events cleared
412.5263 	EXP 	surround_grating: autoDraw = False
412.5263 	EXP 	center_grating: autoDraw = False
412.5263 	EXP 	surround_grating: ori = 69.0
412.5263 	EXP 	surround_grating: phase = array([0.25449557, 0.25449557])
412.5263 	EXP 	center_grating: ori = -13.0
412.5263 	EXP 	center_grating: phase = array([0.40696233, 0.40696233])
413.0162 	EXP 	surround_grating: autoDraw = True
413.0162 	EXP 	center_grating: autoDraw = True
413.0912 	EXP 	surround_grating: autoDraw = False
413.0912 	EXP 	center_grating: autoDraw = False
413.5831 	DATA 	Keypress: left
413.5888 	INFO 	Keyboard events cleared
413.5884 	EXP 	surround_grating: autoDraw = False
413.5884 	EXP 	center_grating: autoDraw = False
413.5884 	EXP 	surround_grating: ori = 30.0
413.5884 	EXP 	surround_grating: phase = array([0.98857637, 0.98857637])
413.5884 	EXP 	center_grating: ori = 7.0
413.5884 	EXP 	center_grating: phase = array([0.91673731, 0.91673731])
414.0741 	EXP 	surround_grating: autoDraw = True
414.0741 	EXP 	center_grating: autoDraw = True
414.1464 	EXP 	surround_grating: autoDraw = False
414.1464 	EXP 	center_grating: autoDraw = False
414.9855 	DATA 	Keypress: right
414.9984 	INFO 	Keyboard events cleared
414.9981 	EXP 	surround_grating: autoDraw = False
414.9981 	EXP 	center_grating: autoDraw = False
414.9981 	EXP 	surround_grating: ori = -30.0
414.9981 	EXP 	surround_grating: phase = array([0.60495197, 0.60495197])
414.9981 	EXP 	center_grating: ori = -11.0
414.9981 	EXP 	center_grating: phase = array([0.63383706, 0.63383706])
415.4830 	EXP 	surround_grating: autoDraw = True
415.4830 	EXP 	center_grating: autoDraw = True
415.5579 	EXP 	surround_grating: autoDraw = False
415.5579 	EXP 	center_grating: autoDraw = False
416.8634 	DATA 	Keypress: left
416.8765 	INFO 	Keyboard events cleared
416.8762 	EXP 	surround_grating: autoDraw = False
416.8762 	EXP 	center_grating: autoDraw = False
416.8762 	EXP 	surround_grating: ori = 30.0
416.8762 	EXP 	surround_grating: phase = array([0.57611042, 0.57611042])
416.8762 	EXP 	center_grating: ori = -11.0
416.8762 	EXP 	center_grating: phase = array([0.74902111, 0.74902111])
417.3668 	EXP 	surround_grating: autoDraw = True
417.3668 	EXP 	center_grating: autoDraw = True
417.4414 	EXP 	surround_grating: autoDraw = False
417.4414 	EXP 	center_grating: autoDraw = False
417.9988 	DATA 	Keypress: left
418.0045 	INFO 	Keyboard events cleared
418.0039 	EXP 	surround_grating: autoDraw = False
418.0039 	EXP 	center_grating: autoDraw = False
418.0039 	EXP 	surround_grating: ori = 69.0
418.0039 	EXP 	surround_grating: phase = array([0.21917562, 0.21917562])
418.0039 	EXP 	center_grating: ori = -11.0
418.0039 	EXP 	center_grating: phase = array([0.23384884, 0.23384884])
418.4912 	EXP 	surround_grating: autoDraw = True
418.4912 	EXP 	center_grating: autoDraw = True
418.5631 	EXP 	surround_grating: autoDraw = False
418.5631 	EXP 	center_grating: autoDraw = False
419.0147 	DATA 	Keypress: left
419.0202 	INFO 	Keyboard events cleared
419.0197 	EXP 	surround_grating: autoDraw = False
419.0197 	EXP 	center_grating: autoDraw = False
419.0197 	EXP 	surround_grating: ori = 69.0
419.0197 	EXP 	surround_grating: phase = array([0.61336516, 0.61336516])
419.0197 	EXP 	center_grating: ori = 0.0
419.0197 	EXP 	center_grating: phase = array([0.69387782, 0.69387782])
419.5075 	EXP 	surround_grating: autoDraw = True
419.5075 	EXP 	center_grating: autoDraw = True
419.5795 	EXP 	surround_grating: autoDraw = False
419.5795 	EXP 	center_grating: autoDraw = False
420.8196 	DATA 	Keypress: right
420.8250 	INFO 	Keyboard events cleared
420.8244 	EXP 	surround_grating: autoDraw = False
420.8244 	EXP 	center_grating: autoDraw = False
420.8244 	EXP 	surround_grating: ori = -30.0
420.8244 	EXP 	surround_grating: phase = array([0.33716193, 0.33716193])
420.8244 	EXP 	center_grating: ori = 0.0
420.8244 	EXP 	center_grating: phase = array([0.36252248, 0.36252248])
421.3173 	EXP 	surround_grating: autoDraw = True
421.3173 	EXP 	center_grating: autoDraw = True
421.3915 	EXP 	surround_grating: autoDraw = False
421.3915 	EXP 	center_grating: autoDraw = False
421.7979 	DATA 	Keypress: right
421.8037 	INFO 	Keyboard events cleared
421.8032 	EXP 	surround_grating: autoDraw = False
421.8032 	EXP 	center_grating: autoDraw = False
421.8032 	EXP 	surround_grating: ori = 69.0
421.8032 	EXP 	surround_grating: phase = array([0.49780767, 0.49780767])
421.8032 	EXP 	center_grating: ori = -9.0
421.8032 	EXP 	center_grating: phase = array([0.36710884, 0.36710884])
422.2911 	EXP 	surround_grating: autoDraw = True
422.2911 	EXP 	center_grating: autoDraw = True
422.3634 	EXP 	surround_grating: autoDraw = False
422.3634 	EXP 	center_grating: autoDraw = False
422.8483 	DATA 	Keypress: left
422.8540 	INFO 	Keyboard events cleared
422.8534 	EXP 	surround_grating: autoDraw = False
422.8534 	EXP 	center_grating: autoDraw = False
422.8534 	EXP 	surround_grating: ori = 30.0
422.8534 	EXP 	surround_grating: phase = array([0.41651653, 0.41651653])
422.8534 	EXP 	center_grating: ori = 6.0
422.8534 	EXP 	center_grating: phase = array([0.13785879, 0.13785879])
423.3410 	EXP 	surround_grating: autoDraw = True
423.3410 	EXP 	center_grating: autoDraw = True
423.4132 	EXP 	surround_grating: autoDraw = False
423.4132 	EXP 	center_grating: autoDraw = False
424.2655 	DATA 	Keypress: right
424.2712 	INFO 	Keyboard events cleared
424.2708 	EXP 	surround_grating: autoDraw = False
424.2708 	EXP 	center_grating: autoDraw = False
424.2708 	EXP 	surround_grating: ori = 30.0
424.2708 	EXP 	surround_grating: phase = array([0.45147739, 0.45147739])
424.2708 	EXP 	center_grating: ori = -10.0
424.2708 	EXP 	center_grating: phase = array([0.97892674, 0.97892674])
424.7577 	EXP 	surround_grating: autoDraw = True
424.7577 	EXP 	center_grating: autoDraw = True
424.8299 	EXP 	surround_grating: autoDraw = False
424.8299 	EXP 	center_grating: autoDraw = False
425.3365 	DATA 	Keypress: left
425.3423 	INFO 	Keyboard events cleared
425.3418 	EXP 	surround_grating: autoDraw = False
425.3418 	EXP 	center_grating: autoDraw = False
425.3418 	EXP 	surround_grating: ori = -30.0
425.3418 	EXP 	surround_grating: phase = array([0.36874077, 0.36874077])
425.3418 	EXP 	center_grating: ori = -5.0
425.3418 	EXP 	center_grating: phase = array([0.662619, 0.662619])
425.8344 	EXP 	surround_grating: autoDraw = True
425.8344 	EXP 	center_grating: autoDraw = True
425.9084 	EXP 	surround_grating: autoDraw = False
425.9084 	EXP 	center_grating: autoDraw = False
426.6372 	DATA 	Keypress: left
426.6585 	INFO 	Keyboard events cleared
426.6580 	EXP 	surround_grating: autoDraw = False
426.6580 	EXP 	center_grating: autoDraw = False
426.6580 	EXP 	surround_grating: ori = 69.0
426.6580 	EXP 	surround_grating: phase = array([0.35198552, 0.35198552])
426.6580 	EXP 	center_grating: ori = -5.0
426.6580 	EXP 	center_grating: phase = array([0.30521157, 0.30521157])
427.1336 	EXP 	surround_grating: autoDraw = True
427.1336 	EXP 	center_grating: autoDraw = True
427.2080 	EXP 	surround_grating: autoDraw = False
427.2080 	EXP 	center_grating: autoDraw = False
427.7652 	DATA 	Keypress: left
427.7709 	INFO 	Keyboard events cleared
427.7704 	EXP 	surround_grating: autoDraw = False
427.7704 	EXP 	center_grating: autoDraw = False
427.7704 	EXP 	surround_grating: ori = -30.0
427.7704 	EXP 	surround_grating: phase = array([0.76222134, 0.76222134])
427.7704 	EXP 	center_grating: ori = -10.0
427.7704 	EXP 	center_grating: phase = array([0.75999983, 0.75999983])
428.2579 	EXP 	surround_grating: autoDraw = True
428.2579 	EXP 	center_grating: autoDraw = True
428.3310 	EXP 	surround_grating: autoDraw = False
428.3310 	EXP 	center_grating: autoDraw = False
429.1828 	DATA 	Keypress: left
429.1885 	INFO 	Keyboard events cleared
429.1881 	EXP 	surround_grating: autoDraw = False
429.1881 	EXP 	center_grating: autoDraw = False
429.1881 	EXP 	surround_grating: ori = 69.0
429.1881 	EXP 	surround_grating: phase = array([0.61826455, 0.61826455])
429.1881 	EXP 	center_grating: ori = -7.0
429.1881 	EXP 	center_grating: phase = array([0.70287499, 0.70287499])
429.6747 	EXP 	surround_grating: autoDraw = True
429.6747 	EXP 	center_grating: autoDraw = True
429.7471 	EXP 	surround_grating: autoDraw = False
429.7471 	EXP 	center_grating: autoDraw = False
430.2650 	DATA 	Keypress: left
430.2707 	INFO 	Keyboard events cleared
430.2703 	EXP 	surround_grating: autoDraw = False
430.2703 	EXP 	center_grating: autoDraw = False
430.2703 	EXP 	surround_grating: ori = 30.0
430.2703 	EXP 	surround_grating: phase = array([0.45724058, 0.45724058])
430.2703 	EXP 	center_grating: ori = -9.0
430.2703 	EXP 	center_grating: phase = array([0.29456062, 0.29456062])
430.7582 	EXP 	surround_grating: autoDraw = True
430.7582 	EXP 	center_grating: autoDraw = True
430.8309 	EXP 	surround_grating: autoDraw = False
430.8309 	EXP 	center_grating: autoDraw = False
431.2988 	DATA 	Keypress: left
431.3046 	INFO 	Keyboard events cleared
431.3041 	EXP 	surround_grating: autoDraw = False
431.3041 	EXP 	center_grating: autoDraw = False
431.3041 	EXP 	surround_grating: ori = 30.0
431.3041 	EXP 	surround_grating: phase = array([0.86918984, 0.86918984])
431.3041 	EXP 	center_grating: ori = 5.0
431.3041 	EXP 	center_grating: phase = array([0.42915585, 0.42915585])
431.7914 	EXP 	surround_grating: autoDraw = True
431.7914 	EXP 	center_grating: autoDraw = True
431.8636 	EXP 	surround_grating: autoDraw = False
431.8636 	EXP 	center_grating: autoDraw = False
432.6316 	DATA 	Keypress: right
432.6372 	INFO 	Keyboard events cleared
432.6367 	EXP 	surround_grating: autoDraw = False
432.6367 	EXP 	center_grating: autoDraw = False
432.6367 	EXP 	surround_grating: ori = -30.0
432.6367 	EXP 	surround_grating: phase = array([0.75022809, 0.75022809])
432.6367 	EXP 	center_grating: ori = -3.0
432.6367 	EXP 	center_grating: phase = array([0.65438763, 0.65438763])
433.1247 	EXP 	surround_grating: autoDraw = True
433.1247 	EXP 	center_grating: autoDraw = True
433.1981 	EXP 	surround_grating: autoDraw = False
433.1981 	EXP 	center_grating: autoDraw = False
433.7819 	DATA 	Keypress: right
433.7876 	INFO 	Keyboard events cleared
433.7872 	EXP 	surround_grating: autoDraw = False
433.7872 	EXP 	center_grating: autoDraw = False
433.7872 	EXP 	surround_grating: ori = 69.0
433.7872 	EXP 	surround_grating: phase = array([0.43010578, 0.43010578])
433.7872 	EXP 	center_grating: ori = -3.0
433.7872 	EXP 	center_grating: phase = array([0.23273885, 0.23273885])
434.2748 	EXP 	surround_grating: autoDraw = True
434.2748 	EXP 	center_grating: autoDraw = True
434.3470 	EXP 	surround_grating: autoDraw = False
434.3470 	EXP 	center_grating: autoDraw = False
435.1163 	DATA 	Keypress: right
435.1220 	INFO 	Keyboard events cleared
435.1214 	EXP 	surround_grating: autoDraw = False
435.1214 	EXP 	center_grating: autoDraw = False
435.1214 	EXP 	surround_grating: ori = -30.0
435.1214 	EXP 	surround_grating: phase = array([0.90076573, 0.90076573])
435.1214 	EXP 	center_grating: ori = -9.0
435.1214 	EXP 	center_grating: phase = array([0.5949289, 0.5949289])
435.6082 	EXP 	surround_grating: autoDraw = True
435.6082 	EXP 	center_grating: autoDraw = True
435.6802 	EXP 	surround_grating: autoDraw = False
435.6802 	EXP 	center_grating: autoDraw = False
436.3874 	DATA 	Keypress: left
436.4261 	INFO 	Keyboard events cleared
436.4256 	EXP 	surround_grating: autoDraw = False
436.4256 	EXP 	center_grating: autoDraw = False
436.4256 	EXP 	surround_grating: ori = 69.0
436.4256 	EXP 	surround_grating: phase = array([0.61065536, 0.61065536])
436.4256 	EXP 	center_grating: ori = -5.0
436.4256 	EXP 	center_grating: phase = array([0.58391556, 0.58391556])
436.9003 	EXP 	surround_grating: autoDraw = True
436.9003 	EXP 	center_grating: autoDraw = True
436.9755 	EXP 	surround_grating: autoDraw = False
436.9755 	EXP 	center_grating: autoDraw = False
437.4655 	DATA 	Keypress: left
437.4713 	INFO 	Keyboard events cleared
437.4708 	EXP 	surround_grating: autoDraw = False
437.4708 	EXP 	center_grating: autoDraw = False
437.4708 	EXP 	surround_grating: ori = 69.0
437.4708 	EXP 	surround_grating: phase = array([0.60048404, 0.60048404])
437.4708 	EXP 	center_grating: ori = -4.0
437.4708 	EXP 	center_grating: phase = array([0.11073425, 0.11073425])
437.9583 	EXP 	surround_grating: autoDraw = True
437.9583 	EXP 	center_grating: autoDraw = True
438.0303 	EXP 	surround_grating: autoDraw = False
438.0303 	EXP 	center_grating: autoDraw = False
438.4816 	DATA 	Keypress: left
438.4873 	INFO 	Keyboard events cleared
438.4869 	EXP 	surround_grating: autoDraw = False
438.4869 	EXP 	center_grating: autoDraw = False
438.4869 	EXP 	surround_grating: ori = 30.0
438.4869 	EXP 	surround_grating: phase = array([0.72919927, 0.72919927])
438.4869 	EXP 	center_grating: ori = 4.0
438.4869 	EXP 	center_grating: phase = array([0.3999928, 0.3999928])
438.9750 	EXP 	surround_grating: autoDraw = True
438.9750 	EXP 	center_grating: autoDraw = True
439.0469 	EXP 	surround_grating: autoDraw = False
439.0469 	EXP 	center_grating: autoDraw = False
439.5317 	DATA 	Keypress: right
439.5375 	INFO 	Keyboard events cleared
439.5370 	EXP 	surround_grating: autoDraw = False
439.5370 	EXP 	center_grating: autoDraw = False
439.5370 	EXP 	surround_grating: ori = -30.0
439.5370 	EXP 	surround_grating: phase = array([0.9581854, 0.9581854])
439.5370 	EXP 	center_grating: ori = -4.0
439.5370 	EXP 	center_grating: phase = array([0.18816741, 0.18816741])
440.0250 	EXP 	surround_grating: autoDraw = True
440.0250 	EXP 	center_grating: autoDraw = True
440.0982 	EXP 	surround_grating: autoDraw = False
440.0982 	EXP 	center_grating: autoDraw = False
440.5999 	DATA 	Keypress: right
440.6057 	INFO 	Keyboard events cleared
440.6052 	EXP 	surround_grating: autoDraw = False
440.6052 	EXP 	center_grating: autoDraw = False
440.6052 	EXP 	surround_grating: ori = 30.0
440.6052 	EXP 	surround_grating: phase = array([0.50036962, 0.50036962])
440.6052 	EXP 	center_grating: ori = -8.0
440.6052 	EXP 	center_grating: phase = array([0.75746168, 0.75746168])
441.0916 	EXP 	surround_grating: autoDraw = True
441.0916 	EXP 	center_grating: autoDraw = True
441.1650 	EXP 	surround_grating: autoDraw = False
441.1650 	EXP 	center_grating: autoDraw = False
441.5996 	DATA 	Keypress: left
441.6053 	INFO 	Keyboard events cleared
441.6047 	EXP 	surround_grating: autoDraw = False
441.6047 	EXP 	center_grating: autoDraw = False
441.6047 	EXP 	surround_grating: ori = -30.0
441.6047 	EXP 	surround_grating: phase = array([0.82377269, 0.82377269])
441.6047 	EXP 	center_grating: ori = -8.0
441.6047 	EXP 	center_grating: phase = array([0.48879351, 0.48879351])
442.0917 	EXP 	surround_grating: autoDraw = True
442.0917 	EXP 	center_grating: autoDraw = True
442.1635 	EXP 	surround_grating: autoDraw = False
442.1635 	EXP 	center_grating: autoDraw = False
442.9055 	DATA 	Keypress: left
442.9115 	INFO 	Keyboard events cleared
442.9109 	EXP 	surround_grating: autoDraw = False
442.9109 	EXP 	center_grating: autoDraw = False
442.9109 	EXP 	surround_grating: ori = -30.0
442.9109 	EXP 	surround_grating: phase = array([0.60349956, 0.60349956])
442.9109 	EXP 	center_grating: ori = -5.0
442.9109 	EXP 	center_grating: phase = array([0.60979048, 0.60979048])
443.4013 	EXP 	surround_grating: autoDraw = True
443.4013 	EXP 	center_grating: autoDraw = True
443.4757 	EXP 	surround_grating: autoDraw = False
443.4757 	EXP 	center_grating: autoDraw = False
444.0714 	DATA 	Keypress: left
444.0925 	INFO 	Keyboard events cleared
444.0919 	EXP 	surround_grating: autoDraw = False
444.0919 	EXP 	center_grating: autoDraw = False
444.0919 	EXP 	surround_grating: ori = 30.0
444.0919 	EXP 	surround_grating: phase = array([0.1633768, 0.1633768])
444.0919 	EXP 	center_grating: ori = -7.0
444.0919 	EXP 	center_grating: phase = array([0.57385027, 0.57385027])
444.5683 	EXP 	surround_grating: autoDraw = True
444.5683 	EXP 	center_grating: autoDraw = True
444.6423 	EXP 	surround_grating: autoDraw = False
444.6423 	EXP 	center_grating: autoDraw = False
445.1378 	DATA 	Keypress: left
445.1593 	INFO 	Keyboard events cleared
445.1586 	EXP 	surround_grating: autoDraw = False
445.1586 	EXP 	center_grating: autoDraw = False
445.1586 	EXP 	surround_grating: ori = 69.0
445.1586 	EXP 	surround_grating: phase = array([0.7716632, 0.7716632])
445.1586 	EXP 	center_grating: ori = -3.0
445.1586 	EXP 	center_grating: phase = array([0.35779115, 0.35779115])
445.6350 	EXP 	surround_grating: autoDraw = True
445.6350 	EXP 	center_grating: autoDraw = True
445.7091 	EXP 	surround_grating: autoDraw = False
445.7091 	EXP 	center_grating: autoDraw = False
446.1485 	DATA 	Keypress: left
446.1541 	INFO 	Keyboard events cleared
446.1535 	EXP 	surround_grating: autoDraw = False
446.1535 	EXP 	center_grating: autoDraw = False
446.1535 	EXP 	surround_grating: ori = 30.0
446.1535 	EXP 	surround_grating: phase = array([0.13887047, 0.13887047])
446.1535 	EXP 	center_grating: ori = 3.0
446.1535 	EXP 	center_grating: phase = array([0.40504617, 0.40504617])
446.6420 	EXP 	surround_grating: autoDraw = True
446.6420 	EXP 	center_grating: autoDraw = True
446.7139 	EXP 	surround_grating: autoDraw = False
446.7139 	EXP 	center_grating: autoDraw = False
447.2342 	DATA 	Keypress: left
447.2398 	INFO 	Keyboard events cleared
447.2395 	EXP 	surround_grating: autoDraw = False
447.2395 	EXP 	center_grating: autoDraw = False
447.2395 	EXP 	surround_grating: ori = -30.0
447.2395 	EXP 	surround_grating: phase = array([0.15710563, 0.15710563])
447.2395 	EXP 	center_grating: ori = -7.0
447.2395 	EXP 	center_grating: phase = array([0.58922504, 0.58922504])
447.7253 	EXP 	surround_grating: autoDraw = True
447.7253 	EXP 	center_grating: autoDraw = True
447.7979 	EXP 	surround_grating: autoDraw = False
447.7979 	EXP 	center_grating: autoDraw = False
448.3161 	DATA 	Keypress: right
448.3217 	INFO 	Keyboard events cleared
448.3212 	EXP 	surround_grating: autoDraw = False
448.3212 	EXP 	center_grating: autoDraw = False
448.3212 	EXP 	surround_grating: ori = 69.0
448.3212 	EXP 	surround_grating: phase = array([0.99183887, 0.99183887])
448.3212 	EXP 	center_grating: ori = -3.5
448.3212 	EXP 	center_grating: phase = array([0.09329509, 0.09329509])
448.8087 	EXP 	surround_grating: autoDraw = True
448.8087 	EXP 	center_grating: autoDraw = True
448.8807 	EXP 	surround_grating: autoDraw = False
448.8807 	EXP 	center_grating: autoDraw = False
449.4333 	DATA 	Keypress: left
449.4392 	INFO 	Keyboard events cleared
449.4387 	EXP 	surround_grating: autoDraw = False
449.4387 	EXP 	center_grating: autoDraw = False
449.4387 	EXP 	surround_grating: ori = 69.0
449.4387 	EXP 	surround_grating: phase = array([0.36579407, 0.36579407])
449.4387 	EXP 	center_grating: ori = -1.0
449.4387 	EXP 	center_grating: phase = array([0.20681171, 0.20681171])
449.9254 	EXP 	surround_grating: autoDraw = True
449.9254 	EXP 	center_grating: autoDraw = True
449.9982 	EXP 	surround_grating: autoDraw = False
449.9982 	EXP 	center_grating: autoDraw = False
450.6215 	DATA 	Keypress: left
450.6599 	INFO 	Keyboard events cleared
450.6593 	EXP 	surround_grating: autoDraw = False
450.6593 	EXP 	center_grating: autoDraw = False
450.6593 	EXP 	surround_grating: ori = 69.0
450.6593 	EXP 	surround_grating: phase = array([0.81893103, 0.81893103])
450.6593 	EXP 	center_grating: ori = -3.0
450.6593 	EXP 	center_grating: phase = array([0.95795196, 0.95795196])
451.1348 	EXP 	surround_grating: autoDraw = True
451.1348 	EXP 	center_grating: autoDraw = True
451.2092 	EXP 	surround_grating: autoDraw = False
451.2092 	EXP 	center_grating: autoDraw = False
451.6324 	DATA 	Keypress: left
451.6382 	INFO 	Keyboard events cleared
451.6377 	EXP 	surround_grating: autoDraw = False
451.6377 	EXP 	center_grating: autoDraw = False
451.6377 	EXP 	surround_grating: ori = -30.0
451.6377 	EXP 	surround_grating: phase = array([0.7262546, 0.7262546])
451.6377 	EXP 	center_grating: ori = -7.5
451.6377 	EXP 	center_grating: phase = array([0.88915164, 0.88915164])
452.1244 	EXP 	surround_grating: autoDraw = True
452.1244 	EXP 	center_grating: autoDraw = True
452.1979 	EXP 	surround_grating: autoDraw = False
452.1979 	EXP 	center_grating: autoDraw = False
452.6991 	DATA 	Keypress: left
452.7047 	INFO 	Keyboard events cleared
452.7043 	EXP 	surround_grating: autoDraw = False
452.7043 	EXP 	center_grating: autoDraw = False
452.7043 	EXP 	surround_grating: ori = 30.0
452.7043 	EXP 	surround_grating: phase = array([0.51746173, 0.51746173])
452.7043 	EXP 	center_grating: ori = -6.0
452.7043 	EXP 	center_grating: phase = array([0.60881714, 0.60881714])
453.1922 	EXP 	surround_grating: autoDraw = True
453.1922 	EXP 	center_grating: autoDraw = True
453.2641 	EXP 	surround_grating: autoDraw = False
453.2641 	EXP 	center_grating: autoDraw = False
453.9230 	DATA 	Keypress: left
453.9288 	INFO 	Keyboard events cleared
453.9283 	EXP 	surround_grating: autoDraw = False
453.9283 	EXP 	center_grating: autoDraw = False
453.9283 	EXP 	surround_grating: ori = 30.0
453.9283 	EXP 	surround_grating: phase = array([0.1314246, 0.1314246])
453.9283 	EXP 	center_grating: ori = 3.5
453.9283 	EXP 	center_grating: phase = array([0.04729072, 0.04729072])
454.4176 	EXP 	surround_grating: autoDraw = True
454.4176 	EXP 	center_grating: autoDraw = True
454.4927 	EXP 	surround_grating: autoDraw = False
454.4927 	EXP 	center_grating: autoDraw = False
455.0000 	DATA 	Keypress: left
455.0056 	INFO 	Keyboard events cleared
455.0051 	EXP 	surround_grating: autoDraw = False
455.0051 	EXP 	center_grating: autoDraw = False
455.0051 	EXP 	surround_grating: ori = -30.0
455.0051 	EXP 	surround_grating: phase = array([0.54134212, 0.54134212])
455.0051 	EXP 	center_grating: ori = -4.5
455.0051 	EXP 	center_grating: phase = array([0.5699145, 0.5699145])
455.4923 	EXP 	surround_grating: autoDraw = True
455.4923 	EXP 	center_grating: autoDraw = True
455.5646 	EXP 	surround_grating: autoDraw = False
455.5646 	EXP 	center_grating: autoDraw = False
456.4897 	DATA 	Keypress: left
456.4954 	INFO 	Keyboard events cleared
456.4950 	EXP 	surround_grating: autoDraw = False
456.4950 	EXP 	center_grating: autoDraw = False
456.4950 	EXP 	surround_grating: ori = -30.0
456.4950 	EXP 	surround_grating: phase = array([0.18918113, 0.18918113])
456.4950 	EXP 	center_grating: ori = -4.0
456.4950 	EXP 	center_grating: phase = array([0.87332846, 0.87332846])
456.9845 	EXP 	surround_grating: autoDraw = True
456.9845 	EXP 	center_grating: autoDraw = True
457.0593 	EXP 	surround_grating: autoDraw = False
457.0593 	EXP 	center_grating: autoDraw = False
457.6178 	DATA 	Keypress: left
457.6235 	INFO 	Keyboard events cleared
457.6231 	EXP 	surround_grating: autoDraw = False
457.6231 	EXP 	center_grating: autoDraw = False
457.6231 	EXP 	surround_grating: ori = -30.0
457.6231 	EXP 	surround_grating: phase = array([0.30589805, 0.30589805])
457.6231 	EXP 	center_grating: ori = -7.0
457.6231 	EXP 	center_grating: phase = array([0.41727807, 0.41727807])
458.1091 	EXP 	surround_grating: autoDraw = True
458.1091 	EXP 	center_grating: autoDraw = True
458.1814 	EXP 	surround_grating: autoDraw = False
458.1814 	EXP 	center_grating: autoDraw = False
458.8504 	DATA 	Keypress: left
458.8559 	INFO 	Keyboard events cleared
458.8554 	EXP 	surround_grating: autoDraw = False
458.8554 	EXP 	center_grating: autoDraw = False
458.8554 	EXP 	surround_grating: ori = 69.0
458.8554 	EXP 	surround_grating: phase = array([0.4628886, 0.4628886])
458.8554 	EXP 	center_grating: ori = 1.0
458.8554 	EXP 	center_grating: phase = array([0.04962109, 0.04962109])
459.3423 	EXP 	surround_grating: autoDraw = True
459.3423 	EXP 	center_grating: autoDraw = True
459.4154 	EXP 	surround_grating: autoDraw = False
459.4154 	EXP 	center_grating: autoDraw = False
459.9042 	DATA 	Keypress: right
459.9099 	INFO 	Keyboard events cleared
459.9094 	EXP 	surround_grating: autoDraw = False
459.9094 	EXP 	center_grating: autoDraw = False
459.9094 	EXP 	surround_grating: ori = 30.0
459.9094 	EXP 	surround_grating: phase = array([0.64932164, 0.64932164])
459.9094 	EXP 	center_grating: ori = -5.0
459.9094 	EXP 	center_grating: phase = array([0.44248583, 0.44248583])
460.4012 	EXP 	surround_grating: autoDraw = True
460.4012 	EXP 	center_grating: autoDraw = True
460.4817 	EXP 	surround_grating: autoDraw = False
460.4817 	EXP 	center_grating: autoDraw = False
461.0663 	DATA 	Keypress: left
461.0719 	INFO 	Keyboard events cleared
461.0714 	EXP 	surround_grating: autoDraw = False
461.0714 	EXP 	center_grating: autoDraw = False
461.0714 	EXP 	surround_grating: ori = 69.0
461.0714 	EXP 	surround_grating: phase = array([0.71220916, 0.71220916])
461.0714 	EXP 	center_grating: ori = -2.5
461.0714 	EXP 	center_grating: phase = array([0.4068196, 0.4068196])
461.5591 	EXP 	surround_grating: autoDraw = True
461.5591 	EXP 	center_grating: autoDraw = True
461.6310 	EXP 	surround_grating: autoDraw = False
461.6310 	EXP 	center_grating: autoDraw = False
462.6992 	DATA 	Keypress: left
462.7049 	INFO 	Keyboard events cleared
462.7043 	EXP 	surround_grating: autoDraw = False
462.7043 	EXP 	center_grating: autoDraw = False
462.7043 	EXP 	surround_grating: ori = 30.0
462.7043 	EXP 	surround_grating: phase = array([0.98863261, 0.98863261])
462.7043 	EXP 	center_grating: ori = 4.0
462.7043 	EXP 	center_grating: phase = array([0.14511842, 0.14511842])
463.1925 	EXP 	surround_grating: autoDraw = True
463.1925 	EXP 	center_grating: autoDraw = True
463.2643 	EXP 	surround_grating: autoDraw = False
463.2643 	EXP 	center_grating: autoDraw = False
464.0675 	DATA 	Keypress: right
464.0733 	INFO 	Keyboard events cleared
464.0728 	EXP 	surround_grating: autoDraw = False
464.0728 	EXP 	center_grating: autoDraw = False
464.0728 	EXP 	surround_grating: ori = 69.0
464.0728 	EXP 	surround_grating: phase = array([0.31889995, 0.31889995])
464.0728 	EXP 	center_grating: ori = -2.0
464.0728 	EXP 	center_grating: phase = array([0.27634489, 0.27634489])
464.5592 	EXP 	surround_grating: autoDraw = True
464.5592 	EXP 	center_grating: autoDraw = True
464.6311 	EXP 	surround_grating: autoDraw = False
464.6311 	EXP 	center_grating: autoDraw = False
465.4332 	DATA 	Keypress: left
465.4388 	INFO 	Keyboard events cleared
465.4384 	EXP 	surround_grating: autoDraw = False
465.4384 	EXP 	center_grating: autoDraw = False
465.4384 	EXP 	surround_grating: ori = 69.0
465.4384 	EXP 	surround_grating: phase = array([0.70367346, 0.70367346])
465.4384 	EXP 	center_grating: ori = 0.0
465.4384 	EXP 	center_grating: phase = array([0.90014579, 0.90014579])
465.9259 	EXP 	surround_grating: autoDraw = True
465.9259 	EXP 	center_grating: autoDraw = True
465.9982 	EXP 	surround_grating: autoDraw = False
465.9982 	EXP 	center_grating: autoDraw = False
466.8162 	DATA 	Keypress: right
466.8287 	INFO 	Keyboard events cleared
466.8283 	EXP 	surround_grating: autoDraw = False
466.8283 	EXP 	center_grating: autoDraw = False
466.8283 	EXP 	surround_grating: ori = -30.0
466.8283 	EXP 	surround_grating: phase = array([0.14075641, 0.14075641])
466.8283 	EXP 	center_grating: ori = -6.5
466.8283 	EXP 	center_grating: phase = array([0.19385267, 0.19385267])
467.3180 	EXP 	surround_grating: autoDraw = True
467.3180 	EXP 	center_grating: autoDraw = True
467.3934 	EXP 	surround_grating: autoDraw = False
467.3934 	EXP 	center_grating: autoDraw = False
467.9205 	DATA 	Keypress: right
467.9263 	INFO 	Keyboard events cleared
467.9258 	EXP 	surround_grating: autoDraw = False
467.9258 	EXP 	center_grating: autoDraw = False
467.9258 	EXP 	surround_grating: ori = -30.0
467.9258 	EXP 	surround_grating: phase = array([0.24994199, 0.24994199])
467.9258 	EXP 	center_grating: ori = -3.5
467.9258 	EXP 	center_grating: phase = array([0.44603688, 0.44603688])
468.4180 	EXP 	surround_grating: autoDraw = True
468.4180 	EXP 	center_grating: autoDraw = True
468.4934 	EXP 	surround_grating: autoDraw = False
468.4934 	EXP 	center_grating: autoDraw = False
469.1328 	DATA 	Keypress: right
469.1385 	INFO 	Keyboard events cleared
469.1379 	EXP 	surround_grating: autoDraw = False
469.1379 	EXP 	center_grating: autoDraw = False
469.1379 	EXP 	surround_grating: ori = 30.0
469.1379 	EXP 	surround_grating: phase = array([0.26206416, 0.26206416])
469.1379 	EXP 	center_grating: ori = -4.0
469.1379 	EXP 	center_grating: phase = array([0.68286918, 0.68286918])
469.6261 	EXP 	surround_grating: autoDraw = True
469.6261 	EXP 	center_grating: autoDraw = True
469.7001 	EXP 	surround_grating: autoDraw = False
469.7001 	EXP 	center_grating: autoDraw = False
470.2508 	DATA 	Keypress: left
470.2565 	INFO 	Keyboard events cleared
470.2560 	EXP 	surround_grating: autoDraw = False
470.2560 	EXP 	center_grating: autoDraw = False
470.2560 	EXP 	surround_grating: ori = 30.0
470.2560 	EXP 	surround_grating: phase = array([0.17864287, 0.17864287])
470.2560 	EXP 	center_grating: ori = 3.5
470.2560 	EXP 	center_grating: phase = array([0.27022799, 0.27022799])
470.7427 	EXP 	surround_grating: autoDraw = True
470.7427 	EXP 	center_grating: autoDraw = True
470.8150 	EXP 	surround_grating: autoDraw = False
470.8150 	EXP 	center_grating: autoDraw = False
471.4058 	DATA 	Keypress: left
471.4120 	INFO 	Keyboard events cleared
471.4117 	EXP 	surround_grating: autoDraw = False
471.4117 	EXP 	center_grating: autoDraw = False
471.4117 	EXP 	surround_grating: ori = 30.0
471.4117 	EXP 	surround_grating: phase = array([0.43664524, 0.43664524])
471.4117 	EXP 	center_grating: ori = 4.0
471.4117 	EXP 	center_grating: phase = array([0.59255841, 0.59255841])
471.9021 	EXP 	surround_grating: autoDraw = True
471.9021 	EXP 	center_grating: autoDraw = True
471.9766 	EXP 	surround_grating: autoDraw = False
471.9766 	EXP 	center_grating: autoDraw = False
472.4659 	DATA 	Keypress: left
472.4716 	INFO 	Keyboard events cleared
472.4710 	EXP 	surround_grating: autoDraw = False
472.4710 	EXP 	center_grating: autoDraw = False
472.4710 	EXP 	surround_grating: ori = 69.0
472.4710 	EXP 	surround_grating: phase = array([0.88232621, 0.88232621])
472.4710 	EXP 	center_grating: ori = -1.0
472.4710 	EXP 	center_grating: phase = array([0.46295151, 0.46295151])
472.9595 	EXP 	surround_grating: autoDraw = True
472.9595 	EXP 	center_grating: autoDraw = True
473.0324 	EXP 	surround_grating: autoDraw = False
473.0324 	EXP 	center_grating: autoDraw = False
474.7550 	DATA 	Keypress: left
474.7602 	INFO 	Keyboard events cleared
474.7597 	EXP 	surround_grating: autoDraw = False
474.7597 	EXP 	center_grating: autoDraw = False
474.7597 	EXP 	surround_grating: ori = -30.0
474.7597 	EXP 	surround_grating: phase = array([0.72675421, 0.72675421])
474.7597 	EXP 	center_grating: ori = -7.0
474.7597 	EXP 	center_grating: phase = array([0.12075011, 0.12075011])
475.2524 	EXP 	surround_grating: autoDraw = True
475.2524 	EXP 	center_grating: autoDraw = True
475.3268 	EXP 	surround_grating: autoDraw = False
475.3268 	EXP 	center_grating: autoDraw = False
475.9508 	DATA 	Keypress: left
475.9563 	INFO 	Keyboard events cleared
475.9558 	EXP 	surround_grating: autoDraw = False
475.9558 	EXP 	center_grating: autoDraw = False
475.9558 	EXP 	surround_grating: ori = 69.0
475.9558 	EXP 	surround_grating: phase = array([0.45265786, 0.45265786])
475.9558 	EXP 	center_grating: ori = -1.5
475.9558 	EXP 	center_grating: phase = array([0.81439074, 0.81439074])
476.4430 	EXP 	surround_grating: autoDraw = True
476.4430 	EXP 	center_grating: autoDraw = True
476.5154 	EXP 	surround_grating: autoDraw = False
476.5154 	EXP 	center_grating: autoDraw = False
476.9831 	DATA 	Keypress: left
476.9888 	INFO 	Keyboard events cleared
476.9882 	EXP 	surround_grating: autoDraw = False
476.9882 	EXP 	center_grating: autoDraw = False
476.9882 	EXP 	surround_grating: ori = 30.0
476.9882 	EXP 	surround_grating: phase = array([0.91977417, 0.91977417])
476.9882 	EXP 	center_grating: ori = -3.0
476.9882 	EXP 	center_grating: phase = array([0.69390993, 0.69390993])
477.4762 	EXP 	surround_grating: autoDraw = True
477.4762 	EXP 	center_grating: autoDraw = True
477.5485 	EXP 	surround_grating: autoDraw = False
477.5485 	EXP 	center_grating: autoDraw = False
478.0662 	DATA 	Keypress: left
478.0720 	INFO 	Keyboard events cleared
478.0715 	EXP 	surround_grating: autoDraw = False
478.0715 	EXP 	center_grating: autoDraw = False
478.0715 	EXP 	surround_grating: ori = -30.0
478.0715 	EXP 	surround_grating: phase = array([0.94901005, 0.94901005])
478.0715 	EXP 	center_grating: ori = -4.0
478.0715 	EXP 	center_grating: phase = array([0.12354003, 0.12354003])
478.5598 	EXP 	surround_grating: autoDraw = True
478.5598 	EXP 	center_grating: autoDraw = True
478.6322 	EXP 	surround_grating: autoDraw = False
478.6322 	EXP 	center_grating: autoDraw = False
479.0687 	DATA 	Keypress: left
479.0743 	INFO 	Keyboard events cleared
479.0739 	EXP 	surround_grating: autoDraw = False
479.0739 	EXP 	center_grating: autoDraw = False
479.0739 	EXP 	surround_grating: ori = -30.0
479.0739 	EXP 	surround_grating: phase = array([0.62579128, 0.62579128])
479.0739 	EXP 	center_grating: ori = -6.5
479.0739 	EXP 	center_grating: phase = array([0.71070117, 0.71070117])
479.5599 	EXP 	surround_grating: autoDraw = True
479.5599 	EXP 	center_grating: autoDraw = True
479.6321 	EXP 	surround_grating: autoDraw = False
479.6321 	EXP 	center_grating: autoDraw = False
480.1727 	DATA 	Keypress: left
480.1937 	INFO 	Keyboard events cleared
480.1932 	EXP 	surround_grating: autoDraw = False
480.1932 	EXP 	center_grating: autoDraw = False
480.1932 	EXP 	surround_grating: ori = 30.0
480.1932 	EXP 	surround_grating: phase = array([0.60110185, 0.60110185])
480.1932 	EXP 	center_grating: ori = -2.0
480.1932 	EXP 	center_grating: phase = array([0.59349996, 0.59349996])
480.6687 	EXP 	surround_grating: autoDraw = True
480.6687 	EXP 	center_grating: autoDraw = True
480.7426 	EXP 	surround_grating: autoDraw = False
480.7426 	EXP 	center_grating: autoDraw = False
481.2011 	DATA 	Keypress: left
481.2067 	INFO 	Keyboard events cleared
481.2063 	EXP 	surround_grating: autoDraw = False
481.2063 	EXP 	center_grating: autoDraw = False
481.2063 	EXP 	surround_grating: ori = 69.0
481.2063 	EXP 	surround_grating: phase = array([0.06491678, 0.06491678])
481.2063 	EXP 	center_grating: ori = -0.5
481.2063 	EXP 	center_grating: phase = array([0.70085617, 0.70085617])
481.6932 	EXP 	surround_grating: autoDraw = True
481.6932 	EXP 	center_grating: autoDraw = True
481.7654 	EXP 	surround_grating: autoDraw = False
481.7654 	EXP 	center_grating: autoDraw = False
482.2398 	DATA 	Keypress: left
482.2461 	INFO 	Keyboard events cleared
482.2457 	EXP 	surround_grating: autoDraw = False
482.2457 	EXP 	center_grating: autoDraw = False
482.2457 	EXP 	surround_grating: ori = 69.0
482.2457 	EXP 	surround_grating: phase = array([0.54275419, 0.54275419])
482.2457 	EXP 	center_grating: ori = -1.0
482.2457 	EXP 	center_grating: phase = array([0.25612725, 0.25612725])
482.7354 	EXP 	surround_grating: autoDraw = True
482.7354 	EXP 	center_grating: autoDraw = True
482.8104 	EXP 	surround_grating: autoDraw = False
482.8104 	EXP 	center_grating: autoDraw = False
483.4401 	DATA 	Keypress: left
483.4461 	INFO 	Keyboard events cleared
483.4456 	EXP 	surround_grating: autoDraw = False
483.4456 	EXP 	center_grating: autoDraw = False
483.4456 	EXP 	surround_grating: ori = -30.0
483.4456 	EXP 	surround_grating: phase = array([0.37155233, 0.37155233])
483.4456 	EXP 	center_grating: ori = -3.5
483.4456 	EXP 	center_grating: phase = array([0.57901524, 0.57901524])
483.9354 	EXP 	surround_grating: autoDraw = True
483.9354 	EXP 	center_grating: autoDraw = True
484.0104 	EXP 	surround_grating: autoDraw = False
484.0104 	EXP 	center_grating: autoDraw = False
484.6338 	DATA 	Keypress: right
484.6396 	INFO 	Keyboard events cleared
484.6391 	EXP 	surround_grating: autoDraw = False
484.6391 	EXP 	center_grating: autoDraw = False
484.6391 	EXP 	surround_grating: ori = 30.0
484.6391 	EXP 	surround_grating: phase = array([0.45135083, 0.45135083])
484.6391 	EXP 	center_grating: ori = 4.5
484.6391 	EXP 	center_grating: phase = array([0.89945414, 0.89945414])
485.1268 	EXP 	surround_grating: autoDraw = True
485.1268 	EXP 	center_grating: autoDraw = True
485.1993 	EXP 	surround_grating: autoDraw = False
485.1993 	EXP 	center_grating: autoDraw = False
485.7850 	DATA 	Keypress: right
485.7908 	INFO 	Keyboard events cleared
485.7904 	EXP 	surround_grating: autoDraw = False
485.7904 	EXP 	center_grating: autoDraw = False
485.7904 	EXP 	surround_grating: ori = 69.0
485.7904 	EXP 	surround_grating: phase = array([0.91015871, 0.91015871])
485.7904 	EXP 	center_grating: ori = -0.5
485.7904 	EXP 	center_grating: phase = array([0.40156326, 0.40156326])
486.2767 	EXP 	surround_grating: autoDraw = True
486.2767 	EXP 	center_grating: autoDraw = True
486.3497 	EXP 	surround_grating: autoDraw = False
486.3497 	EXP 	center_grating: autoDraw = False
487.2227 	DATA 	Keypress: right
487.2441 	INFO 	Keyboard events cleared
487.2436 	EXP 	surround_grating: autoDraw = False
487.2436 	EXP 	center_grating: autoDraw = False
487.2436 	EXP 	surround_grating: ori = 69.0
487.2436 	EXP 	surround_grating: phase = array([0.28875475, 0.28875475])
487.2436 	EXP 	center_grating: ori = 0.0
487.2436 	EXP 	center_grating: phase = array([0.98067742, 0.98067742])
487.7199 	EXP 	surround_grating: autoDraw = True
487.7199 	EXP 	center_grating: autoDraw = True
487.7940 	EXP 	surround_grating: autoDraw = False
487.7940 	EXP 	center_grating: autoDraw = False
488.2840 	DATA 	Keypress: right
488.2900 	INFO 	Keyboard events cleared
488.2893 	EXP 	surround_grating: autoDraw = False
488.2893 	EXP 	center_grating: autoDraw = False
488.2893 	EXP 	surround_grating: ori = -30.0
488.2893 	EXP 	surround_grating: phase = array([0.93793088, 0.93793088])
488.2893 	EXP 	center_grating: ori = -4.0
488.2893 	EXP 	center_grating: phase = array([0.90599017, 0.90599017])
488.7767 	EXP 	surround_grating: autoDraw = True
488.7767 	EXP 	center_grating: autoDraw = True
488.8490 	EXP 	surround_grating: autoDraw = False
488.8490 	EXP 	center_grating: autoDraw = False
489.5222 	DATA 	Keypress: right
489.5277 	INFO 	Keyboard events cleared
489.5272 	EXP 	surround_grating: autoDraw = False
489.5272 	EXP 	center_grating: autoDraw = False
489.5272 	EXP 	surround_grating: ori = 30.0
489.5272 	EXP 	surround_grating: phase = array([0.80644993, 0.80644993])
489.5272 	EXP 	center_grating: ori = 4.0
489.5272 	EXP 	center_grating: phase = array([0.50332335, 0.50332335])
490.0191 	EXP 	surround_grating: autoDraw = True
490.0191 	EXP 	center_grating: autoDraw = True
490.0941 	EXP 	surround_grating: autoDraw = False
490.0941 	EXP 	center_grating: autoDraw = False
490.7685 	DATA 	Keypress: right
490.7742 	INFO 	Keyboard events cleared
490.7737 	EXP 	surround_grating: autoDraw = False
490.7737 	EXP 	center_grating: autoDraw = False
490.7737 	EXP 	surround_grating: ori = -30.0
490.7737 	EXP 	surround_grating: phase = array([0.65700525, 0.65700525])
490.7737 	EXP 	center_grating: ori = -6.0
490.7737 	EXP 	center_grating: phase = array([0.3070933, 0.3070933])
491.2603 	EXP 	surround_grating: autoDraw = True
491.2603 	EXP 	center_grating: autoDraw = True
491.3321 	EXP 	surround_grating: autoDraw = False
491.3321 	EXP 	center_grating: autoDraw = False
492.0671 	DATA 	Keypress: right
492.0728 	INFO 	Keyboard events cleared
492.0724 	EXP 	surround_grating: autoDraw = False
492.0724 	EXP 	center_grating: autoDraw = False
492.0724 	EXP 	surround_grating: ori = 30.0
492.0724 	EXP 	surround_grating: phase = array([0.87617938, 0.87617938])
492.0724 	EXP 	center_grating: ori = -1.0
492.0724 	EXP 	center_grating: phase = array([0.98268402, 0.98268402])
492.5603 	EXP 	surround_grating: autoDraw = True
492.5603 	EXP 	center_grating: autoDraw = True
492.6338 	EXP 	surround_grating: autoDraw = False
492.6338 	EXP 	center_grating: autoDraw = False
493.3899 	DATA 	Keypress: right
493.4106 	INFO 	Keyboard events cleared
493.4101 	EXP 	surround_grating: autoDraw = False
493.4101 	EXP 	center_grating: autoDraw = False
493.4101 	EXP 	surround_grating: ori = 30.0
493.4101 	EXP 	surround_grating: phase = array([0.60084342, 0.60084342])
493.4101 	EXP 	center_grating: ori = 3.5
493.4101 	EXP 	center_grating: phase = array([0.9659726, 0.9659726])
493.8863 	EXP 	surround_grating: autoDraw = True
493.8863 	EXP 	center_grating: autoDraw = True
493.9608 	EXP 	surround_grating: autoDraw = False
493.9608 	EXP 	center_grating: autoDraw = False
494.5387 	DATA 	Keypress: right
494.5442 	INFO 	Keyboard events cleared
494.5438 	EXP 	surround_grating: autoDraw = False
494.5438 	EXP 	center_grating: autoDraw = False
494.5438 	EXP 	surround_grating: ori = 69.0
494.5438 	EXP 	surround_grating: phase = array([0.26443992, 0.26443992])
494.5438 	EXP 	center_grating: ori = -1.0
494.5438 	EXP 	center_grating: phase = array([0.78814473, 0.78814473])
495.0357 	EXP 	surround_grating: autoDraw = True
495.0357 	EXP 	center_grating: autoDraw = True
495.1109 	EXP 	surround_grating: autoDraw = False
495.1109 	EXP 	center_grating: autoDraw = False
495.5353 	DATA 	Keypress: right
495.5410 	INFO 	Keyboard events cleared
495.5406 	EXP 	surround_grating: autoDraw = False
495.5406 	EXP 	center_grating: autoDraw = False
495.5406 	EXP 	surround_grating: ori = 69.0
495.5406 	EXP 	surround_grating: phase = array([0.5953068, 0.5953068])
495.5406 	EXP 	center_grating: ori = -0.5
495.5406 	EXP 	center_grating: phase = array([0.16189704, 0.16189704])
496.0271 	EXP 	surround_grating: autoDraw = True
496.0271 	EXP 	center_grating: autoDraw = True
496.1006 	EXP 	surround_grating: autoDraw = False
496.1006 	EXP 	center_grating: autoDraw = False
496.6173 	DATA 	Keypress: right
496.6230 	INFO 	Keyboard events cleared
496.6225 	EXP 	surround_grating: autoDraw = False
496.6225 	EXP 	center_grating: autoDraw = False
496.6225 	EXP 	surround_grating: ori = -30.0
496.6225 	EXP 	surround_grating: phase = array([0.22715086, 0.22715086])
496.6225 	EXP 	center_grating: ori = -6.5
496.6225 	EXP 	center_grating: phase = array([0.70246507, 0.70246507])
497.1104 	EXP 	surround_grating: autoDraw = True
497.1104 	EXP 	center_grating: autoDraw = True
497.1829 	EXP 	surround_grating: autoDraw = False
497.1829 	EXP 	center_grating: autoDraw = False
497.9190 	DATA 	Keypress: left
497.9246 	INFO 	Keyboard events cleared
497.9242 	EXP 	surround_grating: autoDraw = False
497.9242 	EXP 	center_grating: autoDraw = False
497.9242 	EXP 	surround_grating: ori = -30.0
497.9242 	EXP 	surround_grating: phase = array([0.00452792, 0.00452792])
497.9242 	EXP 	center_grating: ori = -4.5
497.9242 	EXP 	center_grating: phase = array([0.60008577, 0.60008577])
498.4105 	EXP 	surround_grating: autoDraw = True
498.4105 	EXP 	center_grating: autoDraw = True
498.4827 	EXP 	surround_grating: autoDraw = False
498.4827 	EXP 	center_grating: autoDraw = False
499.2152 	DATA 	Keypress: left
499.2200 	INFO 	Keyboard events cleared
499.2197 	EXP 	surround_grating: autoDraw = False
499.2197 	EXP 	center_grating: autoDraw = False
499.2197 	EXP 	surround_grating: ori = 30.0
499.2197 	EXP 	surround_grating: phase = array([0.85332335, 0.85332335])
499.2197 	EXP 	center_grating: ori = -1.5
499.2197 	EXP 	center_grating: phase = array([0.51228092, 0.51228092])
499.7104 	EXP 	surround_grating: autoDraw = True
499.7104 	EXP 	center_grating: autoDraw = True
499.7824 	EXP 	surround_grating: autoDraw = False
499.7824 	EXP 	center_grating: autoDraw = False
500.3846 	DATA 	Keypress: left
500.3903 	INFO 	Keyboard events cleared
500.3899 	EXP 	surround_grating: autoDraw = False
500.3899 	EXP 	center_grating: autoDraw = False
500.3899 	EXP 	surround_grating: ori = 30.0
500.3899 	EXP 	surround_grating: phase = array([0.86483249, 0.86483249])
500.3899 	EXP 	center_grating: ori = -1.0
500.3899 	EXP 	center_grating: phase = array([0.73361433, 0.73361433])
500.8772 	EXP 	surround_grating: autoDraw = True
500.8772 	EXP 	center_grating: autoDraw = True
500.9492 	EXP 	surround_grating: autoDraw = False
500.9492 	EXP 	center_grating: autoDraw = False
501.4838 	DATA 	Keypress: left
501.4895 	INFO 	Keyboard events cleared
501.4889 	EXP 	surround_grating: autoDraw = False
501.4889 	EXP 	center_grating: autoDraw = False
501.4889 	EXP 	surround_grating: ori = 30.0
501.4889 	EXP 	surround_grating: phase = array([0.79049959, 0.79049959])
501.4889 	EXP 	center_grating: ori = 3.0
501.4889 	EXP 	center_grating: phase = array([0.64915661, 0.64915661])
501.9772 	EXP 	surround_grating: autoDraw = True
501.9772 	EXP 	center_grating: autoDraw = True
502.0494 	EXP 	surround_grating: autoDraw = False
502.0494 	EXP 	center_grating: autoDraw = False
502.5683 	DATA 	Keypress: left
502.5741 	INFO 	Keyboard events cleared
502.5737 	EXP 	surround_grating: autoDraw = False
502.5737 	EXP 	center_grating: autoDraw = False
502.5737 	EXP 	surround_grating: ori = -30.0
502.5737 	EXP 	surround_grating: phase = array([0.73139291, 0.73139291])
502.5737 	EXP 	center_grating: ori = -6.0
502.5737 	EXP 	center_grating: phase = array([0.41709177, 0.41709177])
503.0608 	EXP 	surround_grating: autoDraw = True
503.0608 	EXP 	center_grating: autoDraw = True
503.1328 	EXP 	surround_grating: autoDraw = False
503.1328 	EXP 	center_grating: autoDraw = False
503.9350 	DATA 	Keypress: left
503.9408 	INFO 	Keyboard events cleared
503.9403 	EXP 	surround_grating: autoDraw = False
503.9403 	EXP 	center_grating: autoDraw = False
503.9403 	EXP 	surround_grating: ori = 69.0
503.9403 	EXP 	surround_grating: phase = array([0.29001488, 0.29001488])
503.9403 	EXP 	center_grating: ori = -1.0
503.9403 	EXP 	center_grating: phase = array([0.87891342, 0.87891342])
504.4274 	EXP 	surround_grating: autoDraw = True
504.4274 	EXP 	center_grating: autoDraw = True
504.4995 	EXP 	surround_grating: autoDraw = False
504.4995 	EXP 	center_grating: autoDraw = False
505.3065 	DATA 	Keypress: left
505.3281 	INFO 	Keyboard events cleared
505.3276 	EXP 	surround_grating: autoDraw = False
505.3276 	EXP 	center_grating: autoDraw = False
505.3276 	EXP 	surround_grating: ori = 69.0
505.3276 	EXP 	surround_grating: phase = array([0.77896146, 0.77896146])
505.3276 	EXP 	center_grating: ori = -1.5
505.3276 	EXP 	center_grating: phase = array([0.69703968, 0.69703968])
505.8034 	EXP 	surround_grating: autoDraw = True
505.8034 	EXP 	center_grating: autoDraw = True
505.8843 	EXP 	surround_grating: autoDraw = False
505.8843 	EXP 	center_grating: autoDraw = False
506.9028 	DATA 	Keypress: left
506.9082 	INFO 	Keyboard events cleared
506.9078 	EXP 	surround_grating: autoDraw = False
506.9078 	EXP 	center_grating: autoDraw = False
506.9078 	EXP 	surround_grating: ori = -30.0
506.9078 	EXP 	surround_grating: phase = array([0.49309504, 0.49309504])
506.9078 	EXP 	center_grating: ori = -4.0
506.9078 	EXP 	center_grating: phase = array([0.62826762, 0.62826762])
507.3940 	EXP 	surround_grating: autoDraw = True
507.3940 	EXP 	center_grating: autoDraw = True
507.4663 	EXP 	surround_grating: autoDraw = False
507.4663 	EXP 	center_grating: autoDraw = False
508.1583 	DATA 	Keypress: right
508.1639 	INFO 	Keyboard events cleared
508.1635 	EXP 	surround_grating: autoDraw = False
508.1635 	EXP 	center_grating: autoDraw = False
508.1635 	EXP 	surround_grating: ori = 69.0
508.1635 	EXP 	surround_grating: phase = array([0.61042608, 0.61042608])
508.1635 	EXP 	center_grating: ori = -1.0
508.1635 	EXP 	center_grating: phase = array([0.36896779, 0.36896779])
508.6530 	EXP 	surround_grating: autoDraw = True
508.6530 	EXP 	center_grating: autoDraw = True
508.7281 	EXP 	surround_grating: autoDraw = False
508.7281 	EXP 	center_grating: autoDraw = False
509.5070 	DATA 	Keypress: right
509.5282 	INFO 	Keyboard events cleared
509.5277 	EXP 	surround_grating: autoDraw = False
509.5277 	EXP 	center_grating: autoDraw = False
509.5277 	EXP 	surround_grating: ori = -30.0
509.5277 	EXP 	surround_grating: phase = array([0.50209562, 0.50209562])
509.5277 	EXP 	center_grating: ori = -5.5
509.5277 	EXP 	center_grating: phase = array([0.98923269, 0.98923269])
510.0036 	EXP 	surround_grating: autoDraw = True
510.0036 	EXP 	center_grating: autoDraw = True
510.0781 	EXP 	surround_grating: autoDraw = False
510.0781 	EXP 	center_grating: autoDraw = False
510.8896 	DATA 	Keypress: right
510.8954 	INFO 	Keyboard events cleared
510.8949 	EXP 	surround_grating: autoDraw = False
510.8949 	EXP 	center_grating: autoDraw = False
510.8949 	EXP 	surround_grating: ori = 30.0
510.8949 	EXP 	surround_grating: phase = array([0.43349103, 0.43349103])
510.8949 	EXP 	center_grating: ori = -0.5
510.8949 	EXP 	center_grating: phase = array([0.07177623, 0.07177623])
511.3868 	EXP 	surround_grating: autoDraw = True
511.3868 	EXP 	center_grating: autoDraw = True
511.4616 	EXP 	surround_grating: autoDraw = False
511.4616 	EXP 	center_grating: autoDraw = False
512.6355 	DATA 	Keypress: right
512.6409 	INFO 	Keyboard events cleared
512.6404 	EXP 	surround_grating: autoDraw = False
512.6404 	EXP 	center_grating: autoDraw = False
512.6404 	EXP 	surround_grating: ori = -30.0
512.6404 	EXP 	surround_grating: phase = array([0.70011111, 0.70011111])
512.6404 	EXP 	center_grating: ori = -4.5
512.6404 	EXP 	center_grating: phase = array([0.42776793, 0.42776793])
513.1275 	EXP 	surround_grating: autoDraw = True
513.1275 	EXP 	center_grating: autoDraw = True
513.1998 	EXP 	surround_grating: autoDraw = False
513.1998 	EXP 	center_grating: autoDraw = False
514.2666 	DATA 	Keypress: left
514.2807 	INFO 	Keyboard events cleared
514.2802 	EXP 	surround_grating: autoDraw = False
514.2802 	EXP 	center_grating: autoDraw = False
514.2802 	EXP 	surround_grating: ori = 69.0
514.2802 	EXP 	surround_grating: phase = array([0.564856, 0.564856])
514.2802 	EXP 	center_grating: ori = -0.5
514.2802 	EXP 	center_grating: phase = array([0.00753652, 0.00753652])
514.7709 	EXP 	surround_grating: autoDraw = True
514.7709 	EXP 	center_grating: autoDraw = True
514.8449 	EXP 	surround_grating: autoDraw = False
514.8449 	EXP 	center_grating: autoDraw = False
515.8575 	DATA 	Keypress: right
515.8639 	INFO 	Keyboard events cleared
515.8635 	EXP 	surround_grating: autoDraw = False
515.8635 	EXP 	center_grating: autoDraw = False
515.8635 	EXP 	surround_grating: ori = 30.0
515.8635 	EXP 	surround_grating: phase = array([0.70042, 0.70042])
515.8635 	EXP 	center_grating: ori = 3.5
515.8635 	EXP 	center_grating: phase = array([0.89960471, 0.89960471])
516.3533 	EXP 	surround_grating: autoDraw = True
516.3533 	EXP 	center_grating: autoDraw = True
516.4284 	EXP 	surround_grating: autoDraw = False
516.4284 	EXP 	center_grating: autoDraw = False
518.1064 	DATA 	Keypress: right
518.1119 	INFO 	Keyboard events cleared
518.1114 	EXP 	surround_grating: autoDraw = False
518.1114 	EXP 	center_grating: autoDraw = False
518.1114 	EXP 	surround_grating: ori = 69.0
518.1114 	EXP 	surround_grating: phase = array([0.51731585, 0.51731585])
518.1114 	EXP 	center_grating: ori = -1.5
518.1114 	EXP 	center_grating: phase = array([0.77881682, 0.77881682])
518.6036 	EXP 	surround_grating: autoDraw = True
518.6036 	EXP 	center_grating: autoDraw = True
518.6784 	EXP 	surround_grating: autoDraw = False
518.6784 	EXP 	center_grating: autoDraw = False
519.2729 	DATA 	Keypress: right
519.2784 	INFO 	Keyboard events cleared
519.2779 	EXP 	surround_grating: autoDraw = False
519.2779 	EXP 	center_grating: autoDraw = False
519.2779 	EXP 	surround_grating: ori = -30.0
519.2779 	EXP 	surround_grating: phase = array([0.51512946, 0.51512946])
519.2779 	EXP 	center_grating: ori = -6.0
519.2779 	EXP 	center_grating: phase = array([0.71866811, 0.71866811])
519.7606 	EXP 	surround_grating: autoDraw = True
519.7606 	EXP 	center_grating: autoDraw = True
519.8337 	EXP 	surround_grating: autoDraw = False
519.8337 	EXP 	center_grating: autoDraw = False
520.5027 	DATA 	Keypress: right
520.5084 	INFO 	Keyboard events cleared
520.5078 	EXP 	surround_grating: autoDraw = False
520.5078 	EXP 	center_grating: autoDraw = False
520.5078 	EXP 	surround_grating: ori = 30.0
520.5078 	EXP 	surround_grating: phase = array([0.74147564, 0.74147564])
520.5078 	EXP 	center_grating: ori = 3.0
520.5078 	EXP 	center_grating: phase = array([0.58724188, 0.58724188])
520.9945 	EXP 	surround_grating: autoDraw = True
520.9945 	EXP 	center_grating: autoDraw = True
521.0674 	EXP 	surround_grating: autoDraw = False
521.0674 	EXP 	center_grating: autoDraw = False
521.9518 	DATA 	Keypress: right
521.9576 	INFO 	Keyboard events cleared
521.9570 	EXP 	surround_grating: autoDraw = False
521.9570 	EXP 	center_grating: autoDraw = False
521.9570 	EXP 	surround_grating: ori = 30.0
521.9570 	EXP 	surround_grating: phase = array([0.59619567, 0.59619567])
521.9570 	EXP 	center_grating: ori = -1.0
521.9570 	EXP 	center_grating: phase = array([0.77687989, 0.77687989])
522.4447 	EXP 	surround_grating: autoDraw = True
522.4447 	EXP 	center_grating: autoDraw = True
522.5169 	EXP 	surround_grating: autoDraw = False
522.5169 	EXP 	center_grating: autoDraw = False
523.2020 	DATA 	Keypress: right
523.2078 	INFO 	Keyboard events cleared
523.2074 	EXP 	surround_grating: autoDraw = False
523.2074 	EXP 	center_grating: autoDraw = False
523.2074 	EXP 	surround_grating: ori = -30.0
523.2074 	EXP 	surround_grating: phase = array([0.32684685, 0.32684685])
523.2074 	EXP 	center_grating: ori = -4.0
523.2074 	EXP 	center_grating: phase = array([0.30113237, 0.30113237])
523.6946 	EXP 	surround_grating: autoDraw = True
523.6946 	EXP 	center_grating: autoDraw = True
523.7676 	EXP 	surround_grating: autoDraw = False
523.7676 	EXP 	center_grating: autoDraw = False
524.5033 	DATA 	Keypress: right
524.5089 	INFO 	Keyboard events cleared
524.5085 	EXP 	surround_grating: autoDraw = False
524.5085 	EXP 	center_grating: autoDraw = False
524.5085 	EXP 	surround_grating: ori = 69.0
524.5085 	EXP 	surround_grating: phase = array([0.77939781, 0.77939781])
524.5085 	EXP 	center_grating: ori = -1.0
524.5085 	EXP 	center_grating: phase = array([0.84424802, 0.84424802])
524.9949 	EXP 	surround_grating: autoDraw = True
524.9949 	EXP 	center_grating: autoDraw = True
525.0668 	EXP 	surround_grating: autoDraw = False
525.0668 	EXP 	center_grating: autoDraw = False
525.7230 	DATA 	Keypress: right
525.7284 	INFO 	Keyboard events cleared
525.7279 	EXP 	surround_grating: autoDraw = False
525.7279 	EXP 	center_grating: autoDraw = False
525.7279 	EXP 	surround_grating: ori = 69.0
525.7279 	EXP 	surround_grating: phase = array([0.30214643, 0.30214643])
525.7279 	EXP 	center_grating: ori = -2.0
525.7279 	EXP 	center_grating: phase = array([0.10430524, 0.10430524])
526.2115 	EXP 	surround_grating: autoDraw = True
526.2115 	EXP 	center_grating: autoDraw = True
526.2839 	EXP 	surround_grating: autoDraw = False
526.2839 	EXP 	center_grating: autoDraw = False
526.8012 	DATA 	Keypress: right
526.8067 	INFO 	Keyboard events cleared
526.8063 	EXP 	surround_grating: autoDraw = False
526.8063 	EXP 	center_grating: autoDraw = False
526.8063 	EXP 	surround_grating: ori = 30.0
526.8063 	EXP 	surround_grating: phase = array([0.75135126, 0.75135126])
526.8063 	EXP 	center_grating: ori = -1.5
526.8063 	EXP 	center_grating: phase = array([0.53198583, 0.53198583])
527.2949 	EXP 	surround_grating: autoDraw = True
527.2949 	EXP 	center_grating: autoDraw = True
527.3673 	EXP 	surround_grating: autoDraw = False
527.3673 	EXP 	center_grating: autoDraw = False
527.8522 	DATA 	Keypress: left
527.8579 	INFO 	Keyboard events cleared
527.8575 	EXP 	surround_grating: autoDraw = False
527.8575 	EXP 	center_grating: autoDraw = False
527.8575 	EXP 	surround_grating: ori = -30.0
527.8575 	EXP 	surround_grating: phase = array([0.76951713, 0.76951713])
527.8575 	EXP 	center_grating: ori = -6.5
527.8575 	EXP 	center_grating: phase = array([0.47951119, 0.47951119])
528.3448 	EXP 	surround_grating: autoDraw = True
528.3448 	EXP 	center_grating: autoDraw = True
528.4172 	EXP 	surround_grating: autoDraw = False
528.4172 	EXP 	center_grating: autoDraw = False
529.0031 	DATA 	Keypress: left
529.0086 	INFO 	Keyboard events cleared
529.0082 	EXP 	surround_grating: autoDraw = False
529.0082 	EXP 	center_grating: autoDraw = False
529.0082 	EXP 	surround_grating: ori = 69.0
529.0082 	EXP 	surround_grating: phase = array([0.56454561, 0.56454561])
529.0082 	EXP 	center_grating: ori = -1.5
529.0082 	EXP 	center_grating: phase = array([0.16596525, 0.16596525])
529.4942 	EXP 	surround_grating: autoDraw = True
529.4942 	EXP 	center_grating: autoDraw = True
529.5672 	EXP 	surround_grating: autoDraw = False
529.5672 	EXP 	center_grating: autoDraw = False
530.6241 	DATA 	Keypress: left
530.6457 	INFO 	Keyboard events cleared
530.6452 	EXP 	surround_grating: autoDraw = False
530.6452 	EXP 	center_grating: autoDraw = False
530.6452 	EXP 	surround_grating: ori = 30.0
530.6452 	EXP 	surround_grating: phase = array([0.68951487, 0.68951487])
530.6452 	EXP 	center_grating: ori = 2.5
530.6452 	EXP 	center_grating: phase = array([0.74497153, 0.74497153])
531.1216 	EXP 	surround_grating: autoDraw = True
531.1216 	EXP 	center_grating: autoDraw = True
531.1955 	EXP 	surround_grating: autoDraw = False
531.1955 	EXP 	center_grating: autoDraw = False
532.0700 	DATA 	Keypress: left
532.0759 	INFO 	Keyboard events cleared
532.0753 	EXP 	surround_grating: autoDraw = False
532.0753 	EXP 	center_grating: autoDraw = False
532.0753 	EXP 	surround_grating: ori = -30.0
532.0753 	EXP 	surround_grating: phase = array([0.07223569, 0.07223569])
532.0753 	EXP 	center_grating: ori = -4.5
532.0753 	EXP 	center_grating: phase = array([0.21566587, 0.21566587])
532.5617 	EXP 	surround_grating: autoDraw = True
532.5617 	EXP 	center_grating: autoDraw = True
532.6338 	EXP 	surround_grating: autoDraw = False
532.6338 	EXP 	center_grating: autoDraw = False
533.7358 	DATA 	Keypress: right
533.7415 	INFO 	Keyboard events cleared
533.7410 	EXP 	surround_grating: autoDraw = False
533.7410 	EXP 	center_grating: autoDraw = False
533.7410 	EXP 	surround_grating: ori = 30.0
533.7410 	EXP 	surround_grating: phase = array([0.7360698, 0.7360698])
533.7410 	EXP 	center_grating: ori = 3.0
533.7410 	EXP 	center_grating: phase = array([0.1134829, 0.1134829])
534.2285 	EXP 	surround_grating: autoDraw = True
534.2285 	EXP 	center_grating: autoDraw = True
534.3006 	EXP 	surround_grating: autoDraw = False
534.3006 	EXP 	center_grating: autoDraw = False
534.8033 	DATA 	Keypress: right
534.8091 	INFO 	Keyboard events cleared
534.8087 	EXP 	surround_grating: autoDraw = False
534.8087 	EXP 	center_grating: autoDraw = False
534.8087 	EXP 	surround_grating: ori = 30.0
534.8087 	EXP 	surround_grating: phase = array([0.0260919, 0.0260919])
534.8087 	EXP 	center_grating: ori = -1.0
534.8087 	EXP 	center_grating: phase = array([0.7863533, 0.7863533])
535.2951 	EXP 	surround_grating: autoDraw = True
535.2951 	EXP 	center_grating: autoDraw = True
535.3671 	EXP 	surround_grating: autoDraw = False
535.3671 	EXP 	center_grating: autoDraw = False
536.2030 	DATA 	Keypress: left
536.2087 	INFO 	Keyboard events cleared
536.2080 	EXP 	surround_grating: autoDraw = False
536.2080 	EXP 	center_grating: autoDraw = False
536.2080 	EXP 	surround_grating: ori = 69.0
536.2080 	EXP 	surround_grating: phase = array([0.04444157, 0.04444157])
536.2080 	EXP 	center_grating: ori = -1.0
536.2080 	EXP 	center_grating: phase = array([0.95365028, 0.95365028])
536.6953 	EXP 	surround_grating: autoDraw = True
536.6953 	EXP 	center_grating: autoDraw = True
536.7680 	EXP 	surround_grating: autoDraw = False
536.7680 	EXP 	center_grating: autoDraw = False
537.4223 	DATA 	Keypress: right
537.4346 	INFO 	Keyboard events cleared
537.4342 	EXP 	surround_grating: autoDraw = False
537.4342 	EXP 	center_grating: autoDraw = False
537.4342 	EXP 	surround_grating: ori = -30.0
537.4342 	EXP 	surround_grating: phase = array([0.92525715, 0.92525715])
537.4342 	EXP 	center_grating: ori = -6.0
537.4342 	EXP 	center_grating: phase = array([0.46434837, 0.46434837])
537.9215 	EXP 	surround_grating: autoDraw = True
537.9215 	EXP 	center_grating: autoDraw = True
537.9958 	EXP 	surround_grating: autoDraw = False
537.9958 	EXP 	center_grating: autoDraw = False
538.7027 	DATA 	Keypress: right
538.7084 	INFO 	Keyboard events cleared
538.7078 	EXP 	surround_grating: autoDraw = False
538.7078 	EXP 	center_grating: autoDraw = False
538.7078 	EXP 	surround_grating: ori = 69.0
538.7078 	EXP 	surround_grating: phase = array([0.49110535, 0.49110535])
538.7078 	EXP 	center_grating: ori = -2.5
538.7078 	EXP 	center_grating: phase = array([0.24739385, 0.24739385])
539.1954 	EXP 	surround_grating: autoDraw = True
539.1954 	EXP 	center_grating: autoDraw = True
539.2671 	EXP 	surround_grating: autoDraw = False
539.2671 	EXP 	center_grating: autoDraw = False
539.7597 	DATA 	Keypress: right
539.7653 	INFO 	Keyboard events cleared
539.7649 	EXP 	surround_grating: autoDraw = False
539.7649 	EXP 	center_grating: autoDraw = False
539.7649 	EXP 	surround_grating: ori = -30.0
539.7649 	EXP 	surround_grating: phase = array([0.25508376, 0.25508376])
539.7649 	EXP 	center_grating: ori = -5.0
539.7649 	EXP 	center_grating: phase = array([0.24336599, 0.24336599])
540.2543 	EXP 	surround_grating: autoDraw = True
540.2543 	EXP 	center_grating: autoDraw = True
540.3292 	EXP 	surround_grating: autoDraw = False
540.3292 	EXP 	center_grating: autoDraw = False
540.8020 	DATA 	Keypress: left
540.8147 	INFO 	Keyboard events cleared
540.8143 	EXP 	surround_grating: autoDraw = False
540.8143 	EXP 	center_grating: autoDraw = False
540.8143 	EXP 	surround_grating: ori = -30.0
540.8143 	EXP 	surround_grating: phase = array([0.53042035, 0.53042035])
540.8143 	EXP 	center_grating: ori = -6.5
540.8143 	EXP 	center_grating: phase = array([0.29584442, 0.29584442])
541.3048 	EXP 	surround_grating: autoDraw = True
541.3048 	EXP 	center_grating: autoDraw = True
541.3792 	EXP 	surround_grating: autoDraw = False
541.3792 	EXP 	center_grating: autoDraw = False
542.0365 	DATA 	Keypress: left
542.0423 	INFO 	Keyboard events cleared
542.0418 	EXP 	surround_grating: autoDraw = False
542.0418 	EXP 	center_grating: autoDraw = False
542.0418 	EXP 	surround_grating: ori = 30.0
542.0418 	EXP 	surround_grating: phase = array([0.14217224, 0.14217224])
542.0418 	EXP 	center_grating: ori = -0.5
542.0418 	EXP 	center_grating: phase = array([0.74851734, 0.74851734])
542.5288 	EXP 	surround_grating: autoDraw = True
542.5288 	EXP 	center_grating: autoDraw = True
542.6009 	EXP 	surround_grating: autoDraw = False
542.6009 	EXP 	center_grating: autoDraw = False
543.1861 	DATA 	Keypress: left
543.1917 	INFO 	Keyboard events cleared
543.1912 	EXP 	surround_grating: autoDraw = False
543.1912 	EXP 	center_grating: autoDraw = False
543.1912 	EXP 	surround_grating: ori = 30.0
543.1912 	EXP 	surround_grating: phase = array([0.51048589, 0.51048589])
543.1912 	EXP 	center_grating: ori = 2.5
543.1912 	EXP 	center_grating: phase = array([0.29124889, 0.29124889])
543.6787 	EXP 	surround_grating: autoDraw = True
543.6787 	EXP 	center_grating: autoDraw = True
543.7511 	EXP 	surround_grating: autoDraw = False
543.7511 	EXP 	center_grating: autoDraw = False
544.2590 	DATA 	Keypress: left
544.2646 	INFO 	Keyboard events cleared
544.2641 	EXP 	surround_grating: autoDraw = False
544.2641 	EXP 	center_grating: autoDraw = False
544.2641 	EXP 	surround_grating: ori = -30.0
544.2641 	EXP 	surround_grating: phase = array([0.86567721, 0.86567721])
544.2641 	EXP 	center_grating: ori = -4.5
544.2641 	EXP 	center_grating: phase = array([0.3697714, 0.3697714])
544.7546 	EXP 	surround_grating: autoDraw = True
544.7546 	EXP 	center_grating: autoDraw = True
544.8294 	EXP 	surround_grating: autoDraw = False
544.8294 	EXP 	center_grating: autoDraw = False
545.4927 	DATA 	Keypress: left
545.4985 	INFO 	Keyboard events cleared
545.4980 	EXP 	surround_grating: autoDraw = False
545.4980 	EXP 	center_grating: autoDraw = False
545.4980 	EXP 	surround_grating: ori = 69.0
545.4980 	EXP 	surround_grating: phase = array([0.09067462, 0.09067462])
545.4980 	EXP 	center_grating: ori = -1.5
545.4980 	EXP 	center_grating: phase = array([0.16360728, 0.16360728])
545.9880 	EXP 	surround_grating: autoDraw = True
545.9880 	EXP 	center_grating: autoDraw = True
546.0627 	EXP 	surround_grating: autoDraw = False
546.0627 	EXP 	center_grating: autoDraw = False
546.7533 	DATA 	Keypress: left
546.7591 	INFO 	Keyboard events cleared
546.7586 	EXP 	surround_grating: autoDraw = False
546.7586 	EXP 	center_grating: autoDraw = False
546.7586 	EXP 	surround_grating: ori = 69.0
546.7586 	EXP 	surround_grating: phase = array([0.76958155, 0.76958155])
546.7586 	EXP 	center_grating: ori = -3.0
546.7586 	EXP 	center_grating: phase = array([0.46033136, 0.46033136])
547.2454 	EXP 	surround_grating: autoDraw = True
547.2454 	EXP 	center_grating: autoDraw = True
547.3176 	EXP 	surround_grating: autoDraw = False
547.3176 	EXP 	center_grating: autoDraw = False
548.1861 	DATA 	Keypress: left
548.1918 	INFO 	Keyboard events cleared
548.1913 	EXP 	surround_grating: autoDraw = False
548.1913 	EXP 	center_grating: autoDraw = False
548.1913 	EXP 	surround_grating: ori = -30.0
548.1913 	EXP 	surround_grating: phase = array([0.33503984, 0.33503984])
548.1913 	EXP 	center_grating: ori = -4.0
548.1913 	EXP 	center_grating: phase = array([0.37164197, 0.37164197])
548.6789 	EXP 	surround_grating: autoDraw = True
548.6789 	EXP 	center_grating: autoDraw = True
548.7520 	EXP 	surround_grating: autoDraw = False
548.7520 	EXP 	center_grating: autoDraw = False
550.8703 	DATA 	Keypress: right
550.8757 	INFO 	Keyboard events cleared
550.8753 	EXP 	surround_grating: autoDraw = False
550.8753 	EXP 	center_grating: autoDraw = False
550.8753 	EXP 	surround_grating: ori = -30.0
550.8753 	EXP 	surround_grating: phase = array([0.2862615, 0.2862615])
550.8753 	EXP 	center_grating: ori = -6.0
550.8753 	EXP 	center_grating: phase = array([0.42251335, 0.42251335])
551.3624 	EXP 	surround_grating: autoDraw = True
551.3624 	EXP 	center_grating: autoDraw = True
551.4356 	EXP 	surround_grating: autoDraw = False
551.4356 	EXP 	center_grating: autoDraw = False
552.5422 	DATA 	Keypress: left
552.5481 	INFO 	Keyboard events cleared
552.5475 	EXP 	surround_grating: autoDraw = False
552.5475 	EXP 	center_grating: autoDraw = False
552.5475 	EXP 	surround_grating: ori = 30.0
552.5475 	EXP 	surround_grating: phase = array([0.76659917, 0.76659917])
552.5475 	EXP 	center_grating: ori = 3.0
552.5475 	EXP 	center_grating: phase = array([0.96444091, 0.96444091])
553.0378 	EXP 	surround_grating: autoDraw = True
553.0378 	EXP 	center_grating: autoDraw = True
553.1131 	EXP 	surround_grating: autoDraw = False
553.1131 	EXP 	center_grating: autoDraw = False
553.7526 	DATA 	Keypress: left
553.7583 	INFO 	Keyboard events cleared
553.7579 	EXP 	surround_grating: autoDraw = False
553.7579 	EXP 	center_grating: autoDraw = False
553.7579 	EXP 	surround_grating: ori = 69.0
553.7579 	EXP 	surround_grating: phase = array([0.14601834, 0.14601834])
553.7579 	EXP 	center_grating: ori = -2.5
553.7579 	EXP 	center_grating: phase = array([0.71266471, 0.71266471])
554.2453 	EXP 	surround_grating: autoDraw = True
554.2453 	EXP 	center_grating: autoDraw = True
554.3177 	EXP 	surround_grating: autoDraw = False
554.3177 	EXP 	center_grating: autoDraw = False
554.9255 	DATA 	Keypress: left
554.9467 	INFO 	Keyboard events cleared
554.9461 	EXP 	surround_grating: autoDraw = False
554.9461 	EXP 	center_grating: autoDraw = False
554.9461 	EXP 	surround_grating: ori = 30.0
554.9461 	EXP 	surround_grating: phase = array([0.22924784, 0.22924784])
554.9461 	EXP 	center_grating: ori = 0.0
554.9461 	EXP 	center_grating: phase = array([0.44695251, 0.44695251])
555.4219 	EXP 	surround_grating: autoDraw = True
555.4219 	EXP 	center_grating: autoDraw = True
555.4964 	EXP 	surround_grating: autoDraw = False
555.4964 	EXP 	center_grating: autoDraw = False
555.9586 	DATA 	Keypress: left
555.9800 	INFO 	Keyboard events cleared
555.9794 	EXP 	surround_grating: autoDraw = False
555.9794 	EXP 	center_grating: autoDraw = False
555.9794 	EXP 	surround_grating: ori = 69.0
555.9794 	EXP 	surround_grating: phase = array([0.5850521, 0.5850521])
555.9794 	EXP 	center_grating: ori = -1.0
555.9794 	EXP 	center_grating: phase = array([0.64797252, 0.64797252])
556.4551 	EXP 	surround_grating: autoDraw = True
556.4551 	EXP 	center_grating: autoDraw = True
556.5298 	EXP 	surround_grating: autoDraw = False
556.5298 	EXP 	center_grating: autoDraw = False
557.4709 	DATA 	Keypress: left
557.4767 	INFO 	Keyboard events cleared
557.4762 	EXP 	surround_grating: autoDraw = False
557.4762 	EXP 	center_grating: autoDraw = False
557.4762 	EXP 	surround_grating: ori = 30.0
557.4762 	EXP 	surround_grating: phase = array([0.41662016, 0.41662016])
557.4762 	EXP 	center_grating: ori = 3.5
557.4762 	EXP 	center_grating: phase = array([0.41086902, 0.41086902])
557.9627 	EXP 	surround_grating: autoDraw = True
557.9627 	EXP 	center_grating: autoDraw = True
558.0347 	EXP 	surround_grating: autoDraw = False
558.0347 	EXP 	center_grating: autoDraw = False
558.7770 	DATA 	Keypress: left
558.7828 	INFO 	Keyboard events cleared
558.7823 	EXP 	surround_grating: autoDraw = False
558.7823 	EXP 	center_grating: autoDraw = False
558.7823 	EXP 	surround_grating: ori = 69.0
558.7823 	EXP 	surround_grating: phase = array([0.99439364, 0.99439364])
558.7823 	EXP 	center_grating: ori = -0.5
558.7823 	EXP 	center_grating: phase = array([0.15643003, 0.15643003])
559.2726 	EXP 	surround_grating: autoDraw = True
559.2726 	EXP 	center_grating: autoDraw = True
559.3466 	EXP 	surround_grating: autoDraw = False
559.3466 	EXP 	center_grating: autoDraw = False
559.8699 	DATA 	Keypress: left
559.8755 	INFO 	Keyboard events cleared
559.8749 	EXP 	surround_grating: autoDraw = False
559.8749 	EXP 	center_grating: autoDraw = False
559.8749 	EXP 	surround_grating: ori = 30.0
559.8749 	EXP 	surround_grating: phase = array([0.71411779, 0.71411779])
559.8749 	EXP 	center_grating: ori = 0.5
559.8749 	EXP 	center_grating: phase = array([0.24860686, 0.24860686])
560.3628 	EXP 	surround_grating: autoDraw = True
560.3628 	EXP 	center_grating: autoDraw = True
560.4351 	EXP 	surround_grating: autoDraw = False
560.4351 	EXP 	center_grating: autoDraw = False
560.9549 	DATA 	Keypress: left
560.9606 	INFO 	Keyboard events cleared
560.9602 	EXP 	surround_grating: autoDraw = False
560.9602 	EXP 	center_grating: autoDraw = False
560.9602 	EXP 	surround_grating: ori = 69.0
560.9602 	EXP 	surround_grating: phase = array([0.65331942, 0.65331942])
560.9602 	EXP 	center_grating: ori = -2.0
560.9602 	EXP 	center_grating: phase = array([0.02716324, 0.02716324])
561.4463 	EXP 	surround_grating: autoDraw = True
561.4463 	EXP 	center_grating: autoDraw = True
561.5182 	EXP 	surround_grating: autoDraw = False
561.5182 	EXP 	center_grating: autoDraw = False
562.0759 	DATA 	Keypress: left
562.0817 	INFO 	Keyboard events cleared
562.0812 	EXP 	surround_grating: autoDraw = False
562.0812 	EXP 	center_grating: autoDraw = False
562.0812 	EXP 	surround_grating: ori = -30.0
562.0812 	EXP 	surround_grating: phase = array([0.18146918, 0.18146918])
562.0812 	EXP 	center_grating: ori = -5.5
562.0812 	EXP 	center_grating: phase = array([0.41293345, 0.41293345])
562.5724 	EXP 	surround_grating: autoDraw = True
562.5724 	EXP 	center_grating: autoDraw = True
562.6469 	EXP 	surround_grating: autoDraw = False
562.6469 	EXP 	center_grating: autoDraw = False
563.7527 	DATA 	Keypress: left
563.7658 	INFO 	Keyboard events cleared
563.7653 	EXP 	surround_grating: autoDraw = False
563.7653 	EXP 	center_grating: autoDraw = False
563.7653 	EXP 	surround_grating: ori = -30.0
563.7653 	EXP 	surround_grating: phase = array([0.35202236, 0.35202236])
563.7653 	EXP 	center_grating: ori = -4.5
563.7653 	EXP 	center_grating: phase = array([0.84535691, 0.84535691])
564.2552 	EXP 	surround_grating: autoDraw = True
564.2552 	EXP 	center_grating: autoDraw = True
564.3299 	EXP 	surround_grating: autoDraw = False
564.3299 	EXP 	center_grating: autoDraw = False
565.5875 	DATA 	Keypress: left
565.5932 	INFO 	Keyboard events cleared
565.5928 	EXP 	surround_grating: autoDraw = False
565.5928 	EXP 	center_grating: autoDraw = False
565.5928 	EXP 	surround_grating: ori = 69.0
565.5928 	EXP 	surround_grating: phase = array([0.96730641, 0.96730641])
565.5928 	EXP 	center_grating: ori = -1.5
565.5928 	EXP 	center_grating: phase = array([0.41461164, 0.41461164])
566.0789 	EXP 	surround_grating: autoDraw = True
566.0789 	EXP 	center_grating: autoDraw = True
566.1526 	EXP 	surround_grating: autoDraw = False
566.1526 	EXP 	center_grating: autoDraw = False
566.5701 	DATA 	Keypress: right
566.5752 	INFO 	Keyboard events cleared
566.5748 	EXP 	surround_grating: autoDraw = False
566.5748 	EXP 	center_grating: autoDraw = False
566.5748 	EXP 	surround_grating: ori = -30.0
566.5748 	EXP 	surround_grating: phase = array([0.536751, 0.536751])
566.5748 	EXP 	center_grating: ori = -5.0
566.5748 	EXP 	center_grating: phase = array([0.75021926, 0.75021926])
567.0630 	EXP 	surround_grating: autoDraw = True
567.0630 	EXP 	center_grating: autoDraw = True
567.1349 	EXP 	surround_grating: autoDraw = False
567.1349 	EXP 	center_grating: autoDraw = False
567.7040 	DATA 	Keypress: right
567.7097 	INFO 	Keyboard events cleared
567.7093 	EXP 	surround_grating: autoDraw = False
567.7093 	EXP 	center_grating: autoDraw = False
567.7093 	EXP 	surround_grating: ori = 69.0
567.7093 	EXP 	surround_grating: phase = array([0.02456409, 0.02456409])
567.7093 	EXP 	center_grating: ori = 0.0
567.7093 	EXP 	center_grating: phase = array([0.73876207, 0.73876207])
568.1962 	EXP 	surround_grating: autoDraw = True
568.1962 	EXP 	center_grating: autoDraw = True
568.2689 	EXP 	surround_grating: autoDraw = False
568.2689 	EXP 	center_grating: autoDraw = False
568.7700 	DATA 	Keypress: right
568.7758 	INFO 	Keyboard events cleared
568.7754 	EXP 	surround_grating: autoDraw = False
568.7754 	EXP 	center_grating: autoDraw = False
568.7754 	EXP 	surround_grating: ori = 30.0
568.7754 	EXP 	surround_grating: phase = array([0.89451357, 0.89451357])
568.7754 	EXP 	center_grating: ori = 1.0
568.7754 	EXP 	center_grating: phase = array([0.83353117, 0.83353117])
569.2630 	EXP 	surround_grating: autoDraw = True
569.2630 	EXP 	center_grating: autoDraw = True
569.3354 	EXP 	surround_grating: autoDraw = False
569.3354 	EXP 	center_grating: autoDraw = False
570.1261 	DATA 	Keypress: left
570.1327 	INFO 	Keyboard events cleared
570.1323 	EXP 	surround_grating: autoDraw = False
570.1323 	EXP 	center_grating: autoDraw = False
570.1323 	EXP 	surround_grating: ori = 30.0
570.1323 	EXP 	surround_grating: phase = array([0.3191035, 0.3191035])
570.1323 	EXP 	center_grating: ori = 4.0
570.1323 	EXP 	center_grating: phase = array([0.98000265, 0.98000265])
570.6228 	EXP 	surround_grating: autoDraw = True
570.6228 	EXP 	center_grating: autoDraw = True
570.6972 	EXP 	surround_grating: autoDraw = False
570.6972 	EXP 	center_grating: autoDraw = False
571.5217 	DATA 	Keypress: left
571.5271 	INFO 	Keyboard events cleared
571.5268 	EXP 	surround_grating: autoDraw = False
571.5268 	EXP 	center_grating: autoDraw = False
571.5268 	EXP 	surround_grating: ori = -30.0
571.5268 	EXP 	surround_grating: phase = array([0.06292974, 0.06292974])
571.5268 	EXP 	center_grating: ori = -4.0
571.5268 	EXP 	center_grating: phase = array([0.23774265, 0.23774265])
572.0132 	EXP 	surround_grating: autoDraw = True
572.0132 	EXP 	center_grating: autoDraw = True
572.0854 	EXP 	surround_grating: autoDraw = False
572.0854 	EXP 	center_grating: autoDraw = False
572.6596 	DATA 	Keypress: left
572.6660 	INFO 	Keyboard events cleared
572.6657 	EXP 	surround_grating: autoDraw = False
572.6657 	EXP 	center_grating: autoDraw = False
572.6657 	EXP 	surround_grating: ori = 69.0
572.6657 	EXP 	surround_grating: phase = array([0.71520192, 0.71520192])
572.6657 	EXP 	center_grating: ori = -2.0
572.6657 	EXP 	center_grating: phase = array([0.71590477, 0.71590477])
573.1556 	EXP 	surround_grating: autoDraw = True
573.1556 	EXP 	center_grating: autoDraw = True
573.2305 	EXP 	surround_grating: autoDraw = False
573.2305 	EXP 	center_grating: autoDraw = False
573.7207 	DATA 	Keypress: left
573.7266 	INFO 	Keyboard events cleared
573.7260 	EXP 	surround_grating: autoDraw = False
573.7260 	EXP 	center_grating: autoDraw = False
573.7260 	EXP 	surround_grating: ori = 30.0
573.7260 	EXP 	surround_grating: phase = array([0.37303272, 0.37303272])
573.7260 	EXP 	center_grating: ori = 1.5
573.7260 	EXP 	center_grating: phase = array([0.38542465, 0.38542465])
574.2132 	EXP 	surround_grating: autoDraw = True
574.2132 	EXP 	center_grating: autoDraw = True
574.2850 	EXP 	surround_grating: autoDraw = False
574.2850 	EXP 	center_grating: autoDraw = False
574.7700 	DATA 	Keypress: right
574.7755 	INFO 	Keyboard events cleared
574.7751 	EXP 	surround_grating: autoDraw = False
574.7751 	EXP 	center_grating: autoDraw = False
574.7751 	EXP 	surround_grating: ori = -30.0
574.7751 	EXP 	surround_grating: phase = array([0.23145146, 0.23145146])
574.7751 	EXP 	center_grating: ori = -3.5
574.7751 	EXP 	center_grating: phase = array([0.8759232, 0.8759232])
575.2632 	EXP 	surround_grating: autoDraw = True
575.2632 	EXP 	center_grating: autoDraw = True
575.3360 	EXP 	surround_grating: autoDraw = False
575.3360 	EXP 	center_grating: autoDraw = False
575.9208 	DATA 	Keypress: left
575.9265 	INFO 	Keyboard events cleared
575.9260 	EXP 	surround_grating: autoDraw = False
575.9260 	EXP 	center_grating: autoDraw = False
575.9260 	EXP 	surround_grating: ori = 30.0
575.9260 	EXP 	surround_grating: phase = array([0.18868104, 0.18868104])
575.9260 	EXP 	center_grating: ori = 4.5
575.9260 	EXP 	center_grating: phase = array([0.28574297, 0.28574297])
576.4132 	EXP 	surround_grating: autoDraw = True
576.4132 	EXP 	center_grating: autoDraw = True
576.4854 	EXP 	surround_grating: autoDraw = False
576.4854 	EXP 	center_grating: autoDraw = False
577.3713 	DATA 	Keypress: right
577.3768 	INFO 	Keyboard events cleared
577.3764 	EXP 	surround_grating: autoDraw = False
577.3764 	EXP 	center_grating: autoDraw = False
577.3764 	EXP 	surround_grating: ori = 69.0
577.3764 	EXP 	surround_grating: phase = array([0.55907291, 0.55907291])
577.3764 	EXP 	center_grating: ori = -0.5
577.3764 	EXP 	center_grating: phase = array([0.17149248, 0.17149248])
577.8633 	EXP 	surround_grating: autoDraw = True
577.8633 	EXP 	center_grating: autoDraw = True
577.9364 	EXP 	surround_grating: autoDraw = False
577.9364 	EXP 	center_grating: autoDraw = False
578.5377 	DATA 	Keypress: right
578.5434 	INFO 	Keyboard events cleared
578.5429 	EXP 	surround_grating: autoDraw = False
578.5429 	EXP 	center_grating: autoDraw = False
578.5429 	EXP 	surround_grating: ori = -30.0
578.5429 	EXP 	surround_grating: phase = array([0.41992086, 0.41992086])
578.5429 	EXP 	center_grating: ori = -5.5
578.5429 	EXP 	center_grating: phase = array([0.85762113, 0.85762113])
579.0301 	EXP 	surround_grating: autoDraw = True
579.0301 	EXP 	center_grating: autoDraw = True
579.1024 	EXP 	surround_grating: autoDraw = False
579.1024 	EXP 	center_grating: autoDraw = False
579.9035 	DATA 	Keypress: right
579.9090 	INFO 	Keyboard events cleared
579.9085 	EXP 	surround_grating: autoDraw = False
579.9085 	EXP 	center_grating: autoDraw = False
579.9085 	EXP 	surround_grating: ori = 30.0
579.9085 	EXP 	surround_grating: phase = array([0.0242338, 0.0242338])
579.9085 	EXP 	center_grating: ori = 1.0
579.9085 	EXP 	center_grating: phase = array([0.517263, 0.517263])
580.3967 	EXP 	surround_grating: autoDraw = True
580.3967 	EXP 	center_grating: autoDraw = True
580.4690 	EXP 	surround_grating: autoDraw = False
580.4690 	EXP 	center_grating: autoDraw = False
581.7588 	DATA 	Keypress: right
581.7647 	INFO 	Keyboard events cleared
581.7642 	EXP 	surround_grating: autoDraw = False
581.7642 	EXP 	center_grating: autoDraw = False
581.7642 	EXP 	surround_grating: ori = 30.0
581.7642 	EXP 	surround_grating: phase = array([0.80334338, 0.80334338])
581.7642 	EXP 	center_grating: ori = 0.5
581.7642 	EXP 	center_grating: phase = array([0.91284046, 0.91284046])
582.2566 	EXP 	surround_grating: autoDraw = True
582.2566 	EXP 	center_grating: autoDraw = True
582.3295 	EXP 	surround_grating: autoDraw = False
582.3295 	EXP 	center_grating: autoDraw = False
583.3391 	DATA 	Keypress: left
583.3446 	INFO 	Keyboard events cleared
583.3441 	EXP 	surround_grating: autoDraw = False
583.3441 	EXP 	center_grating: autoDraw = False
583.3441 	EXP 	text_14: autoDraw = True
592.1057 	EXP 	New trial (rep=1, index=0): <Trial 1 (0 in rep 1) data={'thisN': 1, 'thisTrialN': 0, 'thisRepN': 1}>
592.1125 	EXP 	Imported tilt_staircase.csv as conditions, 6 conditions, 10 params
592.1206 	DATA 	Keypress: space
592.1265 	INFO 	Keyboard events cleared
592.1258 	EXP 	text_14: autoDraw = False
592.1258 	EXP 	surround_grating: ori = 69.0
592.1258 	EXP 	surround_grating: phase = array([0.95607282, 0.95607282])
592.1258 	EXP 	center_grating: ori = -15.0
592.1258 	EXP 	center_grating: phase = array([0.54912991, 0.54912991])
592.6065 	EXP 	surround_grating: autoDraw = True
592.6065 	EXP 	center_grating: autoDraw = True
592.6812 	EXP 	surround_grating: autoDraw = False
592.6812 	EXP 	center_grating: autoDraw = False
593.2546 	DATA 	Keypress: left
593.2669 	INFO 	Keyboard events cleared
593.2665 	EXP 	surround_grating: autoDraw = False
593.2665 	EXP 	center_grating: autoDraw = False
593.2665 	EXP 	surround_grating: ori = -30.0
593.2665 	EXP 	surround_grating: phase = array([0.70972582, 0.70972582])
593.2665 	EXP 	center_grating: ori = 15.0
593.2665 	EXP 	center_grating: phase = array([0.86754756, 0.86754756])
593.7562 	EXP 	surround_grating: autoDraw = True
593.7562 	EXP 	center_grating: autoDraw = True
593.8309 	EXP 	surround_grating: autoDraw = False
593.8309 	EXP 	center_grating: autoDraw = False
594.3710 	DATA 	Keypress: right
594.3768 	INFO 	Keyboard events cleared
594.3763 	EXP 	surround_grating: autoDraw = False
594.3763 	EXP 	center_grating: autoDraw = False
594.3763 	EXP 	surround_grating: ori = 30.0
594.3763 	EXP 	surround_grating: phase = array([0.75361448, 0.75361448])
594.3763 	EXP 	center_grating: ori = 15.0
594.3763 	EXP 	center_grating: phase = array([0.39844306, 0.39844306])
594.8639 	EXP 	surround_grating: autoDraw = True
594.8639 	EXP 	center_grating: autoDraw = True
594.9359 	EXP 	surround_grating: autoDraw = False
594.9359 	EXP 	center_grating: autoDraw = False
595.4551 	DATA 	Keypress: right
595.4607 	INFO 	Keyboard events cleared
595.4603 	EXP 	surround_grating: autoDraw = False
595.4603 	EXP 	center_grating: autoDraw = False
595.4603 	EXP 	surround_grating: ori = 30.0
595.4603 	EXP 	surround_grating: phase = array([0.91034793, 0.91034793])
595.4603 	EXP 	center_grating: ori = -15.0
595.4603 	EXP 	center_grating: phase = array([0.92380091, 0.92380091])
595.9474 	EXP 	surround_grating: autoDraw = True
595.9474 	EXP 	center_grating: autoDraw = True
596.0195 	EXP 	surround_grating: autoDraw = False
596.0195 	EXP 	center_grating: autoDraw = False
596.7206 	DATA 	Keypress: left
596.7264 	INFO 	Keyboard events cleared
596.7259 	EXP 	surround_grating: autoDraw = False
596.7259 	EXP 	center_grating: autoDraw = False
596.7259 	EXP 	surround_grating: ori = -30.0
596.7259 	EXP 	surround_grating: phase = array([0.82485829, 0.82485829])
596.7259 	EXP 	center_grating: ori = -15.0
596.7259 	EXP 	center_grating: phase = array([0.62787179, 0.62787179])
597.2142 	EXP 	surround_grating: autoDraw = True
597.2142 	EXP 	center_grating: autoDraw = True
597.2863 	EXP 	surround_grating: autoDraw = False
597.2863 	EXP 	center_grating: autoDraw = False
597.7588 	DATA 	Keypress: left
597.7645 	INFO 	Keyboard events cleared
597.7640 	EXP 	surround_grating: autoDraw = False
597.7640 	EXP 	center_grating: autoDraw = False
597.7640 	EXP 	surround_grating: ori = 69.0
597.7640 	EXP 	surround_grating: phase = array([0.06600388, 0.06600388])
597.7640 	EXP 	center_grating: ori = 15.0
597.7640 	EXP 	center_grating: phase = array([0.43884704, 0.43884704])
598.2570 	EXP 	surround_grating: autoDraw = True
598.2570 	EXP 	center_grating: autoDraw = True
598.3314 	EXP 	surround_grating: autoDraw = False
598.3314 	EXP 	center_grating: autoDraw = False
598.9053 	DATA 	Keypress: right
598.9109 	INFO 	Keyboard events cleared
598.9104 	EXP 	surround_grating: autoDraw = False
598.9104 	EXP 	center_grating: autoDraw = False
598.9104 	EXP 	surround_grating: ori = -30.0
598.9104 	EXP 	surround_grating: phase = array([0.04934614, 0.04934614])
598.9104 	EXP 	center_grating: ori = 10.0
598.9104 	EXP 	center_grating: phase = array([0.46464593, 0.46464593])
599.3976 	EXP 	surround_grating: autoDraw = True
599.3976 	EXP 	center_grating: autoDraw = True
599.4703 	EXP 	surround_grating: autoDraw = False
599.4703 	EXP 	center_grating: autoDraw = False
600.0729 	DATA 	Keypress: right
600.0789 	INFO 	Keyboard events cleared
600.0783 	EXP 	surround_grating: autoDraw = False
600.0783 	EXP 	center_grating: autoDraw = False
600.0783 	EXP 	surround_grating: ori = 69.0
600.0783 	EXP 	surround_grating: phase = array([0.15735836, 0.15735836])
600.0783 	EXP 	center_grating: ori = 10.0
600.0783 	EXP 	center_grating: phase = array([0.08315982, 0.08315982])
600.5641 	EXP 	surround_grating: autoDraw = True
600.5641 	EXP 	center_grating: autoDraw = True
600.6376 	EXP 	surround_grating: autoDraw = False
600.6376 	EXP 	center_grating: autoDraw = False
601.0883 	DATA 	Keypress: right
601.0941 	INFO 	Keyboard events cleared
601.0936 	EXP 	surround_grating: autoDraw = False
601.0936 	EXP 	center_grating: autoDraw = False
601.0936 	EXP 	surround_grating: ori = 69.0
601.0936 	EXP 	surround_grating: phase = array([0.74949885, 0.74949885])
601.0936 	EXP 	center_grating: ori = -10.0
601.0936 	EXP 	center_grating: phase = array([0.70067057, 0.70067057])
601.5809 	EXP 	surround_grating: autoDraw = True
601.5809 	EXP 	center_grating: autoDraw = True
601.6530 	EXP 	surround_grating: autoDraw = False
601.6530 	EXP 	center_grating: autoDraw = False
602.1212 	DATA 	Keypress: left
602.1270 	INFO 	Keyboard events cleared
602.1265 	EXP 	surround_grating: autoDraw = False
602.1265 	EXP 	center_grating: autoDraw = False
602.1265 	EXP 	surround_grating: ori = 30.0
602.1265 	EXP 	surround_grating: phase = array([0.96323698, 0.96323698])
602.1265 	EXP 	center_grating: ori = -10.0
602.1265 	EXP 	center_grating: phase = array([0.4376754, 0.4376754])
602.6143 	EXP 	surround_grating: autoDraw = True
602.6143 	EXP 	center_grating: autoDraw = True
602.6872 	EXP 	surround_grating: autoDraw = False
602.6872 	EXP 	center_grating: autoDraw = False
603.6227 	DATA 	Keypress: left
603.6282 	INFO 	Keyboard events cleared
603.6278 	EXP 	surround_grating: autoDraw = False
603.6278 	EXP 	center_grating: autoDraw = False
603.6278 	EXP 	surround_grating: ori = -30.0
603.6278 	EXP 	surround_grating: phase = array([0.83838078, 0.83838078])
603.6278 	EXP 	center_grating: ori = -10.0
603.6278 	EXP 	center_grating: phase = array([0.06007421, 0.06007421])
604.1143 	EXP 	surround_grating: autoDraw = True
604.1143 	EXP 	center_grating: autoDraw = True
604.1863 	EXP 	surround_grating: autoDraw = False
604.1863 	EXP 	center_grating: autoDraw = False
605.1888 	DATA 	Keypress: left
605.1945 	INFO 	Keyboard events cleared
605.1941 	EXP 	surround_grating: autoDraw = False
605.1941 	EXP 	center_grating: autoDraw = False
605.1941 	EXP 	surround_grating: ori = 30.0
605.1941 	EXP 	surround_grating: phase = array([0.56503665, 0.56503665])
605.1941 	EXP 	center_grating: ori = 10.0
605.1941 	EXP 	center_grating: phase = array([0.76202247, 0.76202247])
605.6805 	EXP 	surround_grating: autoDraw = True
605.6805 	EXP 	center_grating: autoDraw = True
605.7530 	EXP 	surround_grating: autoDraw = False
605.7530 	EXP 	center_grating: autoDraw = False
606.3546 	DATA 	Keypress: right
606.3601 	INFO 	Keyboard events cleared
606.3597 	EXP 	surround_grating: autoDraw = False
606.3597 	EXP 	center_grating: autoDraw = False
606.3597 	EXP 	surround_grating: ori = 30.0
606.3597 	EXP 	surround_grating: phase = array([0.2058271, 0.2058271])
606.3597 	EXP 	center_grating: ori = -5.0
606.3597 	EXP 	center_grating: phase = array([0.30421012, 0.30421012])
606.8478 	EXP 	surround_grating: autoDraw = True
606.8478 	EXP 	center_grating: autoDraw = True
606.9199 	EXP 	surround_grating: autoDraw = False
606.9199 	EXP 	center_grating: autoDraw = False
608.0056 	DATA 	Keypress: left
608.0113 	INFO 	Keyboard events cleared
608.0108 	EXP 	surround_grating: autoDraw = False
608.0108 	EXP 	center_grating: autoDraw = False
608.0108 	EXP 	surround_grating: ori = 30.0
608.0108 	EXP 	surround_grating: phase = array([0.7747387, 0.7747387])
608.0108 	EXP 	center_grating: ori = 5.0
608.0108 	EXP 	center_grating: phase = array([0.74053594, 0.74053594])
608.4978 	EXP 	surround_grating: autoDraw = True
608.4978 	EXP 	center_grating: autoDraw = True
608.5706 	EXP 	surround_grating: autoDraw = False
608.5706 	EXP 	center_grating: autoDraw = False
611.5561 	DATA 	Keypress: right
611.5616 	INFO 	Keyboard events cleared
611.5612 	EXP 	surround_grating: autoDraw = False
611.5612 	EXP 	center_grating: autoDraw = False
611.5612 	EXP 	surround_grating: ori = 69.0
611.5612 	EXP 	surround_grating: phase = array([0.48870077, 0.48870077])
611.5612 	EXP 	center_grating: ori = 5.0
611.5612 	EXP 	center_grating: phase = array([0.64424432, 0.64424432])
612.0478 	EXP 	surround_grating: autoDraw = True
612.0478 	EXP 	center_grating: autoDraw = True
612.1203 	EXP 	surround_grating: autoDraw = False
612.1203 	EXP 	center_grating: autoDraw = False
612.6714 	DATA 	Keypress: right
612.6766 	INFO 	Keyboard events cleared
612.6761 	EXP 	surround_grating: autoDraw = False
612.6761 	EXP 	center_grating: autoDraw = False
612.6761 	EXP 	surround_grating: ori = 69.0
612.6761 	EXP 	surround_grating: phase = array([0.85837893, 0.85837893])
612.6761 	EXP 	center_grating: ori = -5.0
612.6761 	EXP 	center_grating: phase = array([0.0926163, 0.0926163])
613.1646 	EXP 	surround_grating: autoDraw = True
613.1646 	EXP 	center_grating: autoDraw = True
613.2370 	EXP 	surround_grating: autoDraw = False
613.2370 	EXP 	center_grating: autoDraw = False
613.7720 	DATA 	Keypress: left
613.7779 	INFO 	Keyboard events cleared
613.7774 	EXP 	surround_grating: autoDraw = False
613.7774 	EXP 	center_grating: autoDraw = False
613.7774 	EXP 	surround_grating: ori = -30.0
613.7774 	EXP 	surround_grating: phase = array([0.36879198, 0.36879198])
613.7774 	EXP 	center_grating: ori = -5.0
613.7774 	EXP 	center_grating: phase = array([0.94280143, 0.94280143])
614.2647 	EXP 	surround_grating: autoDraw = True
614.2647 	EXP 	center_grating: autoDraw = True
614.3368 	EXP 	surround_grating: autoDraw = False
614.3368 	EXP 	center_grating: autoDraw = False
614.9614 	DATA 	Keypress: right
614.9675 	INFO 	Keyboard events cleared
614.9669 	EXP 	surround_grating: autoDraw = False
614.9669 	EXP 	center_grating: autoDraw = False
614.9669 	EXP 	surround_grating: ori = -30.0
614.9669 	EXP 	surround_grating: phase = array([0.37881491, 0.37881491])
614.9669 	EXP 	center_grating: ori = 5.0
614.9669 	EXP 	center_grating: phase = array([0.64400818, 0.64400818])
615.4576 	EXP 	surround_grating: autoDraw = True
615.4576 	EXP 	center_grating: autoDraw = True
615.5319 	EXP 	surround_grating: autoDraw = False
615.5319 	EXP 	center_grating: autoDraw = False
616.0934 	DATA 	Keypress: right
616.0994 	INFO 	Keyboard events cleared
616.0988 	EXP 	surround_grating: autoDraw = False
616.0988 	EXP 	center_grating: autoDraw = False
616.0988 	EXP 	surround_grating: ori = 69.0
616.0988 	EXP 	surround_grating: phase = array([0.0227482, 0.0227482])
616.0988 	EXP 	center_grating: ori = 0.0
616.0988 	EXP 	center_grating: phase = array([0.32773891, 0.32773891])
616.5901 	EXP 	surround_grating: autoDraw = True
616.5901 	EXP 	center_grating: autoDraw = True
616.6653 	EXP 	surround_grating: autoDraw = False
616.6653 	EXP 	center_grating: autoDraw = False
617.0883 	DATA 	Keypress: right
617.1012 	INFO 	Keyboard events cleared
617.1008 	EXP 	surround_grating: autoDraw = False
617.1008 	EXP 	center_grating: autoDraw = False
617.1008 	EXP 	surround_grating: ori = 69.0
617.1008 	EXP 	surround_grating: phase = array([0.80068921, 0.80068921])
617.1008 	EXP 	center_grating: ori = 0.0
617.1008 	EXP 	center_grating: phase = array([0.39938396, 0.39938396])
617.5908 	EXP 	surround_grating: autoDraw = True
617.5908 	EXP 	center_grating: autoDraw = True
617.6653 	EXP 	surround_grating: autoDraw = False
617.6653 	EXP 	center_grating: autoDraw = False
618.4893 	DATA 	Keypress: right
618.4952 	INFO 	Keyboard events cleared
618.4947 	EXP 	surround_grating: autoDraw = False
618.4947 	EXP 	center_grating: autoDraw = False
618.4947 	EXP 	surround_grating: ori = 30.0
618.4947 	EXP 	surround_grating: phase = array([0.14244023, 0.14244023])
618.4947 	EXP 	center_grating: ori = 0.0
618.4947 	EXP 	center_grating: phase = array([0.28182891, 0.28182891])
618.9815 	EXP 	surround_grating: autoDraw = True
618.9815 	EXP 	center_grating: autoDraw = True
619.0536 	EXP 	surround_grating: autoDraw = False
619.0536 	EXP 	center_grating: autoDraw = False
619.5956 	DATA 	Keypress: left
619.6016 	INFO 	Keyboard events cleared
619.6010 	EXP 	surround_grating: autoDraw = False
619.6010 	EXP 	center_grating: autoDraw = False
619.6010 	EXP 	surround_grating: ori = -30.0
619.6010 	EXP 	surround_grating: phase = array([0.75469621, 0.75469621])
619.6010 	EXP 	center_grating: ori = -7.0
619.6010 	EXP 	center_grating: phase = array([0.99060107, 0.99060107])
620.0905 	EXP 	surround_grating: autoDraw = True
620.0905 	EXP 	center_grating: autoDraw = True
620.1654 	EXP 	surround_grating: autoDraw = False
620.1654 	EXP 	center_grating: autoDraw = False
621.2457 	DATA 	Keypress: left
621.2514 	INFO 	Keyboard events cleared
621.2509 	EXP 	surround_grating: autoDraw = False
621.2509 	EXP 	center_grating: autoDraw = False
621.2509 	EXP 	surround_grating: ori = -30.0
621.2509 	EXP 	surround_grating: phase = array([0.54798926, 0.54798926])
621.2509 	EXP 	center_grating: ori = 0.0
621.2509 	EXP 	center_grating: phase = array([0.38181466, 0.38181466])
621.7406 	EXP 	surround_grating: autoDraw = True
621.7406 	EXP 	center_grating: autoDraw = True
621.8155 	EXP 	surround_grating: autoDraw = False
621.8155 	EXP 	center_grating: autoDraw = False
622.4723 	DATA 	Keypress: right
622.4779 	INFO 	Keyboard events cleared
622.4773 	EXP 	surround_grating: autoDraw = False
622.4773 	EXP 	center_grating: autoDraw = False
622.4773 	EXP 	surround_grating: ori = 30.0
622.4773 	EXP 	surround_grating: phase = array([0.67058961, 0.67058961])
622.4773 	EXP 	center_grating: ori = 0.0
622.4773 	EXP 	center_grating: phase = array([0.05046304, 0.05046304])
622.9650 	EXP 	surround_grating: autoDraw = True
622.9650 	EXP 	center_grating: autoDraw = True
623.0374 	EXP 	surround_grating: autoDraw = False
623.0374 	EXP 	center_grating: autoDraw = False
623.7733 	DATA 	Keypress: left
623.7789 	INFO 	Keyboard events cleared
623.7783 	EXP 	surround_grating: autoDraw = False
623.7783 	EXP 	center_grating: autoDraw = False
623.7783 	EXP 	surround_grating: ori = -30.0
623.7783 	EXP 	surround_grating: phase = array([0.64454122, 0.64454122])
623.7783 	EXP 	center_grating: ori = -6.0
623.7783 	EXP 	center_grating: phase = array([0.63011883, 0.63011883])
624.2652 	EXP 	surround_grating: autoDraw = True
624.2652 	EXP 	center_grating: autoDraw = True
624.3374 	EXP 	surround_grating: autoDraw = False
624.3374 	EXP 	center_grating: autoDraw = False
625.1062 	DATA 	Keypress: right
625.1117 	INFO 	Keyboard events cleared
625.1112 	EXP 	surround_grating: autoDraw = False
625.1112 	EXP 	center_grating: autoDraw = False
625.1112 	EXP 	surround_grating: ori = -30.0
625.1112 	EXP 	surround_grating: phase = array([0.52661105, 0.52661105])
625.1112 	EXP 	center_grating: ori = -5.0
625.1112 	EXP 	center_grating: phase = array([0.31747351, 0.31747351])
625.5984 	EXP 	surround_grating: autoDraw = True
625.5984 	EXP 	center_grating: autoDraw = True
625.6712 	EXP 	surround_grating: autoDraw = False
625.6712 	EXP 	center_grating: autoDraw = False
626.1584 	DATA 	Keypress: right
626.1642 	INFO 	Keyboard events cleared
626.1638 	EXP 	surround_grating: autoDraw = False
626.1638 	EXP 	center_grating: autoDraw = False
626.1638 	EXP 	surround_grating: ori = 69.0
626.1638 	EXP 	surround_grating: phase = array([0.09099276, 0.09099276])
626.1638 	EXP 	center_grating: ori = -5.0
626.1638 	EXP 	center_grating: phase = array([0.80840974, 0.80840974])
626.6485 	EXP 	surround_grating: autoDraw = True
626.6485 	EXP 	center_grating: autoDraw = True
626.7208 	EXP 	surround_grating: autoDraw = False
626.7208 	EXP 	center_grating: autoDraw = False
627.2958 	DATA 	Keypress: left
627.3015 	INFO 	Keyboard events cleared
627.3010 	EXP 	surround_grating: autoDraw = False
627.3010 	EXP 	center_grating: autoDraw = False
627.3010 	EXP 	surround_grating: ori = 69.0
627.3010 	EXP 	surround_grating: phase = array([0.57426116, 0.57426116])
627.3010 	EXP 	center_grating: ori = -2.0
627.3010 	EXP 	center_grating: phase = array([0.20346603, 0.20346603])
627.7916 	EXP 	surround_grating: autoDraw = True
627.7916 	EXP 	center_grating: autoDraw = True
627.8657 	EXP 	surround_grating: autoDraw = False
627.8657 	EXP 	center_grating: autoDraw = False
628.5056 	DATA 	Keypress: right
628.5113 	INFO 	Keyboard events cleared
628.5109 	EXP 	surround_grating: autoDraw = False
628.5109 	EXP 	center_grating: autoDraw = False
628.5109 	EXP 	surround_grating: ori = 30.0
628.5109 	EXP 	surround_grating: phase = array([0.7207959, 0.7207959])
628.5109 	EXP 	center_grating: ori = 5.0
628.5109 	EXP 	center_grating: phase = array([0.21181958, 0.21181958])
628.9986 	EXP 	surround_grating: autoDraw = True
628.9986 	EXP 	center_grating: autoDraw = True
629.0716 	EXP 	surround_grating: autoDraw = False
629.0716 	EXP 	center_grating: autoDraw = False
629.7728 	DATA 	Keypress: right
629.7786 	INFO 	Keyboard events cleared
629.7781 	EXP 	surround_grating: autoDraw = False
629.7781 	EXP 	center_grating: autoDraw = False
629.7781 	EXP 	surround_grating: ori = 30.0
629.7781 	EXP 	surround_grating: phase = array([0.80009263, 0.80009263])
629.7781 	EXP 	center_grating: ori = 2.0
629.7781 	EXP 	center_grating: phase = array([0.28247285, 0.28247285])
630.2652 	EXP 	surround_grating: autoDraw = True
630.2652 	EXP 	center_grating: autoDraw = True
630.3380 	EXP 	surround_grating: autoDraw = False
630.3380 	EXP 	center_grating: autoDraw = False
630.9135 	DATA 	Keypress: left
630.9187 	INFO 	Keyboard events cleared
630.9183 	EXP 	surround_grating: autoDraw = False
630.9183 	EXP 	center_grating: autoDraw = False
630.9183 	EXP 	surround_grating: ori = 30.0
630.9183 	EXP 	surround_grating: phase = array([0.15960095, 0.15960095])
630.9183 	EXP 	center_grating: ori = 4.0
630.9183 	EXP 	center_grating: phase = array([0.86903142, 0.86903142])
631.4084 	EXP 	surround_grating: autoDraw = True
631.4084 	EXP 	center_grating: autoDraw = True
631.4825 	EXP 	surround_grating: autoDraw = False
631.4825 	EXP 	center_grating: autoDraw = False
632.3062 	DATA 	Keypress: right
632.3116 	INFO 	Keyboard events cleared
632.3112 	EXP 	surround_grating: autoDraw = False
632.3112 	EXP 	center_grating: autoDraw = False
632.3112 	EXP 	surround_grating: ori = -30.0
632.3112 	EXP 	surround_grating: phase = array([0.49251344, 0.49251344])
632.3112 	EXP 	center_grating: ori = -10.0
632.3112 	EXP 	center_grating: phase = array([0.7437552, 0.7437552])
632.7987 	EXP 	surround_grating: autoDraw = True
632.7987 	EXP 	center_grating: autoDraw = True
632.8710 	EXP 	surround_grating: autoDraw = False
632.8710 	EXP 	center_grating: autoDraw = False
633.4720 	DATA 	Keypress: left
633.4775 	INFO 	Keyboard events cleared
633.4770 	EXP 	surround_grating: autoDraw = False
633.4770 	EXP 	center_grating: autoDraw = False
633.4770 	EXP 	surround_grating: ori = 30.0
633.4770 	EXP 	surround_grating: phase = array([0.86936062, 0.86936062])
633.4770 	EXP 	center_grating: ori = 3.0
633.4770 	EXP 	center_grating: phase = array([0.32798698, 0.32798698])
633.9655 	EXP 	surround_grating: autoDraw = True
633.9655 	EXP 	center_grating: autoDraw = True
634.0381 	EXP 	surround_grating: autoDraw = False
634.0381 	EXP 	center_grating: autoDraw = False
634.6561 	DATA 	Keypress: right
634.6616 	INFO 	Keyboard events cleared
634.6611 	EXP 	surround_grating: autoDraw = False
634.6611 	EXP 	center_grating: autoDraw = False
634.6611 	EXP 	surround_grating: ori = 69.0
634.6611 	EXP 	surround_grating: phase = array([0.70116202, 0.70116202])
634.6611 	EXP 	center_grating: ori = -4.0
634.6611 	EXP 	center_grating: phase = array([0.47520014, 0.47520014])
635.1487 	EXP 	surround_grating: autoDraw = True
635.1487 	EXP 	center_grating: autoDraw = True
635.2224 	EXP 	surround_grating: autoDraw = False
635.2224 	EXP 	center_grating: autoDraw = False
635.7230 	DATA 	Keypress: left
635.7286 	INFO 	Keyboard events cleared
635.7281 	EXP 	surround_grating: autoDraw = False
635.7281 	EXP 	center_grating: autoDraw = False
635.7281 	EXP 	surround_grating: ori = -30.0
635.7281 	EXP 	surround_grating: phase = array([0.60342216, 0.60342216])
635.7281 	EXP 	center_grating: ori = -6.5
635.7281 	EXP 	center_grating: phase = array([0.78753781, 0.78753781])
636.2154 	EXP 	surround_grating: autoDraw = True
636.2154 	EXP 	center_grating: autoDraw = True
636.2886 	EXP 	surround_grating: autoDraw = False
636.2886 	EXP 	center_grating: autoDraw = False
637.3106 	DATA 	Keypress: right
637.3163 	INFO 	Keyboard events cleared
637.3157 	EXP 	surround_grating: autoDraw = False
637.3157 	EXP 	center_grating: autoDraw = False
637.3157 	EXP 	surround_grating: ori = 69.0
637.3157 	EXP 	surround_grating: phase = array([0.87580366, 0.87580366])
637.3157 	EXP 	center_grating: ori = -3.0
637.3157 	EXP 	center_grating: phase = array([0.94376412, 0.94376412])
637.8072 	EXP 	surround_grating: autoDraw = True
637.8072 	EXP 	center_grating: autoDraw = True
637.8827 	EXP 	surround_grating: autoDraw = False
637.8827 	EXP 	center_grating: autoDraw = False
638.3558 	DATA 	Keypress: left
638.3616 	INFO 	Keyboard events cleared
638.3612 	EXP 	surround_grating: autoDraw = False
638.3612 	EXP 	center_grating: autoDraw = False
638.3612 	EXP 	surround_grating: ori = -30.0
638.3612 	EXP 	surround_grating: phase = array([0.63801883, 0.63801883])
638.3612 	EXP 	center_grating: ori = -8.0
638.3612 	EXP 	center_grating: phase = array([0.52959117, 0.52959117])
638.8490 	EXP 	surround_grating: autoDraw = True
638.8490 	EXP 	center_grating: autoDraw = True
638.9214 	EXP 	surround_grating: autoDraw = False
638.9214 	EXP 	center_grating: autoDraw = False
639.7280 	DATA 	Keypress: left
639.7496 	INFO 	Keyboard events cleared
639.7491 	EXP 	surround_grating: autoDraw = False
639.7491 	EXP 	center_grating: autoDraw = False
639.7491 	EXP 	surround_grating: ori = 69.0
639.7491 	EXP 	surround_grating: phase = array([0.23571029, 0.23571029])
639.7491 	EXP 	center_grating: ori = -1.0
639.7491 	EXP 	center_grating: phase = array([0.82798753, 0.82798753])
640.2244 	EXP 	surround_grating: autoDraw = True
640.2244 	EXP 	center_grating: autoDraw = True
640.2995 	EXP 	surround_grating: autoDraw = False
640.2995 	EXP 	center_grating: autoDraw = False
641.6240 	DATA 	Keypress: left
641.6296 	INFO 	Keyboard events cleared
641.6292 	EXP 	surround_grating: autoDraw = False
641.6292 	EXP 	center_grating: autoDraw = False
641.6292 	EXP 	surround_grating: ori = -30.0
641.6292 	EXP 	surround_grating: phase = array([0.55581018, 0.55581018])
641.6292 	EXP 	center_grating: ori = -7.0
641.6292 	EXP 	center_grating: phase = array([0.38742052, 0.38742052])
642.1158 	EXP 	surround_grating: autoDraw = True
642.1158 	EXP 	center_grating: autoDraw = True
642.1870 	EXP 	surround_grating: autoDraw = False
642.1870 	EXP 	center_grating: autoDraw = False
642.6572 	DATA 	Keypress: left
642.6629 	INFO 	Keyboard events cleared
642.6624 	EXP 	surround_grating: autoDraw = False
642.6624 	EXP 	center_grating: autoDraw = False
642.6624 	EXP 	surround_grating: ori = 30.0
642.6624 	EXP 	surround_grating: phase = array([0.12118952, 0.12118952])
642.6624 	EXP 	center_grating: ori = 1.0
642.6624 	EXP 	center_grating: phase = array([0.52075025, 0.52075025])
643.1490 	EXP 	surround_grating: autoDraw = True
643.1490 	EXP 	center_grating: autoDraw = True
643.2221 	EXP 	surround_grating: autoDraw = False
643.2221 	EXP 	center_grating: autoDraw = False
643.8069 	DATA 	Keypress: left
643.8126 	INFO 	Keyboard events cleared
643.8122 	EXP 	surround_grating: autoDraw = False
643.8122 	EXP 	center_grating: autoDraw = False
643.8122 	EXP 	surround_grating: ori = 30.0
643.8122 	EXP 	surround_grating: phase = array([0.00772456, 0.00772456])
643.8122 	EXP 	center_grating: ori = 3.0
643.8122 	EXP 	center_grating: phase = array([0.64194607, 0.64194607])
644.2990 	EXP 	surround_grating: autoDraw = True
644.2990 	EXP 	center_grating: autoDraw = True
644.3728 	EXP 	surround_grating: autoDraw = False
644.3728 	EXP 	center_grating: autoDraw = False
645.3073 	DATA 	Keypress: right
645.3128 	INFO 	Keyboard events cleared
645.3124 	EXP 	surround_grating: autoDraw = False
645.3124 	EXP 	center_grating: autoDraw = False
645.3124 	EXP 	surround_grating: ori = 69.0
645.3124 	EXP 	surround_grating: phase = array([0.32675354, 0.32675354])
645.3124 	EXP 	center_grating: ori = -3.0
645.3124 	EXP 	center_grating: phase = array([0.88632813, 0.88632813])
645.7991 	EXP 	surround_grating: autoDraw = True
645.7991 	EXP 	center_grating: autoDraw = True
645.8710 	EXP 	surround_grating: autoDraw = False
645.8710 	EXP 	center_grating: autoDraw = False
646.5230 	DATA 	Keypress: left
646.5287 	INFO 	Keyboard events cleared
646.5281 	EXP 	surround_grating: autoDraw = False
646.5281 	EXP 	center_grating: autoDraw = False
646.5281 	EXP 	surround_grating: ori = 30.0
646.5281 	EXP 	surround_grating: phase = array([0.38488259, 0.38488259])
646.5281 	EXP 	center_grating: ori = 2.0
646.5281 	EXP 	center_grating: phase = array([0.70735056, 0.70735056])
647.0159 	EXP 	surround_grating: autoDraw = True
647.0159 	EXP 	center_grating: autoDraw = True
647.0877 	EXP 	surround_grating: autoDraw = False
647.0877 	EXP 	center_grating: autoDraw = False
648.1553 	DATA 	Keypress: right
648.1685 	INFO 	Keyboard events cleared
648.1681 	EXP 	surround_grating: autoDraw = False
648.1681 	EXP 	center_grating: autoDraw = False
648.1681 	EXP 	surround_grating: ori = -30.0
648.1681 	EXP 	surround_grating: phase = array([0.93471247, 0.93471247])
648.1681 	EXP 	center_grating: ori = -6.0
648.1681 	EXP 	center_grating: phase = array([0.89168645, 0.89168645])
648.6584 	EXP 	surround_grating: autoDraw = True
648.6584 	EXP 	center_grating: autoDraw = True
648.7330 	EXP 	surround_grating: autoDraw = False
648.7330 	EXP 	center_grating: autoDraw = False
649.3248 	DATA 	Keypress: left
649.3306 	INFO 	Keyboard events cleared
649.3301 	EXP 	surround_grating: autoDraw = False
649.3301 	EXP 	center_grating: autoDraw = False
649.3301 	EXP 	surround_grating: ori = 69.0
649.3301 	EXP 	surround_grating: phase = array([0.78518359, 0.78518359])
649.3301 	EXP 	center_grating: ori = -2.0
649.3301 	EXP 	center_grating: phase = array([0.41221108, 0.41221108])
649.8160 	EXP 	surround_grating: autoDraw = True
649.8160 	EXP 	center_grating: autoDraw = True
649.8881 	EXP 	surround_grating: autoDraw = False
649.8881 	EXP 	center_grating: autoDraw = False
650.7232 	DATA 	Keypress: left
650.7288 	INFO 	Keyboard events cleared
650.7283 	EXP 	surround_grating: autoDraw = False
650.7283 	EXP 	center_grating: autoDraw = False
650.7283 	EXP 	surround_grating: ori = 30.0
650.7283 	EXP 	surround_grating: phase = array([0.9201505, 0.9201505])
650.7283 	EXP 	center_grating: ori = 2.0
650.7283 	EXP 	center_grating: phase = array([0.7358521, 0.7358521])
651.2160 	EXP 	surround_grating: autoDraw = True
651.2160 	EXP 	center_grating: autoDraw = True
651.2888 	EXP 	surround_grating: autoDraw = False
651.2888 	EXP 	center_grating: autoDraw = False
651.7620 	DATA 	Keypress: left
651.7833 	INFO 	Keyboard events cleared
651.7829 	EXP 	surround_grating: autoDraw = False
651.7829 	EXP 	center_grating: autoDraw = False
651.7829 	EXP 	surround_grating: ori = -30.0
651.7829 	EXP 	surround_grating: phase = array([0.88310997, 0.88310997])
651.7829 	EXP 	center_grating: ori = -6.5
651.7829 	EXP 	center_grating: phase = array([0.49429003, 0.49429003])
652.2595 	EXP 	surround_grating: autoDraw = True
652.2595 	EXP 	center_grating: autoDraw = True
652.3333 	EXP 	surround_grating: autoDraw = False
652.3333 	EXP 	center_grating: autoDraw = False
653.2908 	DATA 	Keypress: left
653.2960 	INFO 	Keyboard events cleared
653.2955 	EXP 	surround_grating: autoDraw = False
653.2955 	EXP 	center_grating: autoDraw = False
653.2955 	EXP 	surround_grating: ori = 69.0
653.2955 	EXP 	surround_grating: phase = array([0.31657691, 0.31657691])
653.2955 	EXP 	center_grating: ori = 1.0
653.2955 	EXP 	center_grating: phase = array([0.72226006, 0.72226006])
653.7828 	EXP 	surround_grating: autoDraw = True
653.7828 	EXP 	center_grating: autoDraw = True
653.8558 	EXP 	surround_grating: autoDraw = False
653.8558 	EXP 	center_grating: autoDraw = False
654.3460 	DATA 	Keypress: right
654.3520 	INFO 	Keyboard events cleared
654.3514 	EXP 	surround_grating: autoDraw = False
654.3514 	EXP 	center_grating: autoDraw = False
654.3514 	EXP 	surround_grating: ori = 69.0
654.3514 	EXP 	surround_grating: phase = array([0.38252937, 0.38252937])
654.3514 	EXP 	center_grating: ori = 0.0
654.3514 	EXP 	center_grating: phase = array([0.99355421, 0.99355421])
654.8422 	EXP 	surround_grating: autoDraw = True
654.8422 	EXP 	center_grating: autoDraw = True
654.9166 	EXP 	surround_grating: autoDraw = False
654.9166 	EXP 	center_grating: autoDraw = False
655.4526 	DATA 	Keypress: right
655.4575 	INFO 	Keyboard events cleared
655.4572 	EXP 	surround_grating: autoDraw = False
655.4572 	EXP 	center_grating: autoDraw = False
655.4572 	EXP 	surround_grating: ori = 30.0
655.4572 	EXP 	surround_grating: phase = array([0.44498111, 0.44498111])
655.4572 	EXP 	center_grating: ori = 2.5
655.4572 	EXP 	center_grating: phase = array([0.90593958, 0.90593958])
655.9419 	EXP 	surround_grating: autoDraw = True
655.9419 	EXP 	center_grating: autoDraw = True
656.0168 	EXP 	surround_grating: autoDraw = False
656.0168 	EXP 	center_grating: autoDraw = False
656.5743 	DATA 	Keypress: right
656.5800 	INFO 	Keyboard events cleared
656.5796 	EXP 	surround_grating: autoDraw = False
656.5796 	EXP 	center_grating: autoDraw = False
656.5796 	EXP 	surround_grating: ori = 69.0
656.5796 	EXP 	surround_grating: phase = array([0.78874195, 0.78874195])
656.5796 	EXP 	center_grating: ori = -1.0
656.5796 	EXP 	center_grating: phase = array([0.97592895, 0.97592895])
657.0661 	EXP 	surround_grating: autoDraw = True
657.0661 	EXP 	center_grating: autoDraw = True
657.1381 	EXP 	surround_grating: autoDraw = False
657.1381 	EXP 	center_grating: autoDraw = False
657.6915 	DATA 	Keypress: right
657.6965 	INFO 	Keyboard events cleared
657.6962 	EXP 	surround_grating: autoDraw = False
657.6962 	EXP 	center_grating: autoDraw = False
657.6962 	EXP 	surround_grating: ori = 30.0
657.6962 	EXP 	surround_grating: phase = array([0.45989628, 0.45989628])
657.6962 	EXP 	center_grating: ori = 1.5
657.6962 	EXP 	center_grating: phase = array([0.58142114, 0.58142114])
658.1828 	EXP 	surround_grating: autoDraw = True
658.1828 	EXP 	center_grating: autoDraw = True
658.2552 	EXP 	surround_grating: autoDraw = False
658.2552 	EXP 	center_grating: autoDraw = False
658.8057 	DATA 	Keypress: right
658.8192 	INFO 	Keyboard events cleared
658.8187 	EXP 	surround_grating: autoDraw = False
658.8187 	EXP 	center_grating: autoDraw = False
658.8187 	EXP 	surround_grating: ori = -30.0
658.8187 	EXP 	surround_grating: phase = array([0.42117365, 0.42117365])
658.8187 	EXP 	center_grating: ori = -4.0
658.8187 	EXP 	center_grating: phase = array([0.14499107, 0.14499107])
659.3085 	EXP 	surround_grating: autoDraw = True
659.3085 	EXP 	center_grating: autoDraw = True
659.3836 	EXP 	surround_grating: autoDraw = False
659.3836 	EXP 	center_grating: autoDraw = False
659.8899 	DATA 	Keypress: right
659.8954 	INFO 	Keyboard events cleared
659.8949 	EXP 	surround_grating: autoDraw = False
659.8949 	EXP 	center_grating: autoDraw = False
659.8949 	EXP 	surround_grating: ori = -30.0
659.8949 	EXP 	surround_grating: phase = array([0.84432343, 0.84432343])
659.8949 	EXP 	center_grating: ori = -6.0
659.8949 	EXP 	center_grating: phase = array([0.2491309, 0.2491309])
660.3832 	EXP 	surround_grating: autoDraw = True
660.3832 	EXP 	center_grating: autoDraw = True
660.4552 	EXP 	surround_grating: autoDraw = False
660.4552 	EXP 	center_grating: autoDraw = False
660.9072 	DATA 	Keypress: right
660.9130 	INFO 	Keyboard events cleared
660.9125 	EXP 	surround_grating: autoDraw = False
660.9125 	EXP 	center_grating: autoDraw = False
660.9125 	EXP 	surround_grating: ori = 30.0
660.9125 	EXP 	surround_grating: phase = array([0.08056862, 0.08056862])
660.9125 	EXP 	center_grating: ori = 1.0
660.9125 	EXP 	center_grating: phase = array([0.30679421, 0.30679421])
661.3998 	EXP 	surround_grating: autoDraw = True
661.3998 	EXP 	center_grating: autoDraw = True
661.4719 	EXP 	surround_grating: autoDraw = False
661.4719 	EXP 	center_grating: autoDraw = False
662.2405 	DATA 	Keypress: right
662.2462 	INFO 	Keyboard events cleared
662.2457 	EXP 	surround_grating: autoDraw = False
662.2457 	EXP 	center_grating: autoDraw = False
662.2457 	EXP 	surround_grating: ori = -30.0
662.2457 	EXP 	surround_grating: phase = array([0.68717554, 0.68717554])
662.2457 	EXP 	center_grating: ori = -5.0
662.2457 	EXP 	center_grating: phase = array([0.75027503, 0.75027503])
662.7331 	EXP 	surround_grating: autoDraw = True
662.7331 	EXP 	center_grating: autoDraw = True
662.8052 	EXP 	surround_grating: autoDraw = False
662.8052 	EXP 	center_grating: autoDraw = False
663.4907 	DATA 	Keypress: right
663.4964 	INFO 	Keyboard events cleared
663.4960 	EXP 	surround_grating: autoDraw = False
663.4960 	EXP 	center_grating: autoDraw = False
663.4960 	EXP 	surround_grating: ori = 69.0
663.4960 	EXP 	surround_grating: phase = array([0.46184562, 0.46184562])
663.4960 	EXP 	center_grating: ori = -1.0
663.4960 	EXP 	center_grating: phase = array([0.78554223, 0.78554223])
663.9832 	EXP 	surround_grating: autoDraw = True
663.9832 	EXP 	center_grating: autoDraw = True
664.0563 	EXP 	surround_grating: autoDraw = False
664.0563 	EXP 	center_grating: autoDraw = False
664.7750 	DATA 	Keypress: right
664.7807 	INFO 	Keyboard events cleared
664.7803 	EXP 	surround_grating: autoDraw = False
664.7803 	EXP 	center_grating: autoDraw = False
664.7803 	EXP 	surround_grating: ori = 30.0
664.7803 	EXP 	surround_grating: phase = array([0.43254727, 0.43254727])
664.7803 	EXP 	center_grating: ori = 2.0
664.7803 	EXP 	center_grating: phase = array([0.91659138, 0.91659138])
665.2666 	EXP 	surround_grating: autoDraw = True
665.2666 	EXP 	center_grating: autoDraw = True
665.3398 	EXP 	surround_grating: autoDraw = False
665.3398 	EXP 	center_grating: autoDraw = False
666.2252 	DATA 	Keypress: right
666.2308 	INFO 	Keyboard events cleared
666.2304 	EXP 	surround_grating: autoDraw = False
666.2304 	EXP 	center_grating: autoDraw = False
666.2304 	EXP 	surround_grating: ori = -30.0
666.2304 	EXP 	surround_grating: phase = array([0.38767531, 0.38767531])
666.2304 	EXP 	center_grating: ori = -6.5
666.2304 	EXP 	center_grating: phase = array([0.03473943, 0.03473943])
666.7165 	EXP 	surround_grating: autoDraw = True
666.7165 	EXP 	center_grating: autoDraw = True
666.7897 	EXP 	surround_grating: autoDraw = False
666.7897 	EXP 	center_grating: autoDraw = False
667.7748 	DATA 	Keypress: right
667.7805 	INFO 	Keyboard events cleared
667.7800 	EXP 	surround_grating: autoDraw = False
667.7800 	EXP 	center_grating: autoDraw = False
667.7800 	EXP 	surround_grating: ori = 69.0
667.7800 	EXP 	surround_grating: phase = array([0.76406962, 0.76406962])
667.7800 	EXP 	center_grating: ori = -1.5
667.7800 	EXP 	center_grating: phase = array([0.82588883, 0.82588883])
668.2668 	EXP 	surround_grating: autoDraw = True
668.2668 	EXP 	center_grating: autoDraw = True
668.3391 	EXP 	surround_grating: autoDraw = False
668.3391 	EXP 	center_grating: autoDraw = False
668.8401 	DATA 	Keypress: right
668.8458 	INFO 	Keyboard events cleared
668.8451 	EXP 	surround_grating: autoDraw = False
668.8451 	EXP 	center_grating: autoDraw = False
668.8451 	EXP 	surround_grating: ori = 30.0
668.8451 	EXP 	surround_grating: phase = array([0.94939167, 0.94939167])
668.8451 	EXP 	center_grating: ori = 0.5
668.8451 	EXP 	center_grating: phase = array([0.64238448, 0.64238448])
669.3336 	EXP 	surround_grating: autoDraw = True
669.3336 	EXP 	center_grating: autoDraw = True
669.4062 	EXP 	surround_grating: autoDraw = False
669.4062 	EXP 	center_grating: autoDraw = False
669.8067 	DATA 	Keypress: left
669.8125 	INFO 	Keyboard events cleared
669.8120 	EXP 	surround_grating: autoDraw = False
669.8120 	EXP 	center_grating: autoDraw = False
669.8120 	EXP 	surround_grating: ori = 30.0
669.8120 	EXP 	surround_grating: phase = array([0.06978777, 0.06978777])
669.8120 	EXP 	center_grating: ori = 1.5
669.8120 	EXP 	center_grating: phase = array([0.47466951, 0.47466951])
670.3000 	EXP 	surround_grating: autoDraw = True
670.3000 	EXP 	center_grating: autoDraw = True
670.3730 	EXP 	surround_grating: autoDraw = False
670.3730 	EXP 	center_grating: autoDraw = False
671.4073 	DATA 	Keypress: right
671.4129 	INFO 	Keyboard events cleared
671.4124 	EXP 	surround_grating: autoDraw = False
671.4124 	EXP 	center_grating: autoDraw = False
671.4124 	EXP 	surround_grating: ori = -30.0
671.4124 	EXP 	surround_grating: phase = array([0.80882045, 0.80882045])
671.4124 	EXP 	center_grating: ori = -7.0
671.4124 	EXP 	center_grating: phase = array([0.38825699, 0.38825699])
671.9001 	EXP 	surround_grating: autoDraw = True
671.9001 	EXP 	center_grating: autoDraw = True
671.9725 	EXP 	surround_grating: autoDraw = False
671.9725 	EXP 	center_grating: autoDraw = False
673.7566 	DATA 	Keypress: right
673.7623 	INFO 	Keyboard events cleared
673.7617 	EXP 	surround_grating: autoDraw = False
673.7617 	EXP 	center_grating: autoDraw = False
673.7617 	EXP 	surround_grating: ori = 69.0
673.7617 	EXP 	surround_grating: phase = array([0.60933125, 0.60933125])
673.7617 	EXP 	center_grating: ori = -2.0
673.7617 	EXP 	center_grating: phase = array([0.95682099, 0.95682099])
674.2502 	EXP 	surround_grating: autoDraw = True
674.2502 	EXP 	center_grating: autoDraw = True
674.3231 	EXP 	surround_grating: autoDraw = False
674.3231 	EXP 	center_grating: autoDraw = False
674.9075 	DATA 	Keypress: right
674.9133 	INFO 	Keyboard events cleared
674.9128 	EXP 	surround_grating: autoDraw = False
674.9128 	EXP 	center_grating: autoDraw = False
674.9128 	EXP 	surround_grating: ori = -30.0
674.9128 	EXP 	surround_grating: phase = array([0.83351652, 0.83351652])
674.9128 	EXP 	center_grating: ori = -6.0
674.9128 	EXP 	center_grating: phase = array([0.1310287, 0.1310287])
675.4002 	EXP 	surround_grating: autoDraw = True
675.4002 	EXP 	center_grating: autoDraw = True
675.4724 	EXP 	surround_grating: autoDraw = False
675.4724 	EXP 	center_grating: autoDraw = False
675.9742 	DATA 	Keypress: left
675.9799 	INFO 	Keyboard events cleared
675.9794 	EXP 	surround_grating: autoDraw = False
675.9794 	EXP 	center_grating: autoDraw = False
675.9794 	EXP 	surround_grating: ori = 69.0
675.9794 	EXP 	surround_grating: phase = array([0.25608536, 0.25608536])
675.9794 	EXP 	center_grating: ori = -2.0
675.9794 	EXP 	center_grating: phase = array([0.23632647, 0.23632647])
676.4670 	EXP 	surround_grating: autoDraw = True
676.4670 	EXP 	center_grating: autoDraw = True
676.5390 	EXP 	surround_grating: autoDraw = False
676.5390 	EXP 	center_grating: autoDraw = False
677.1092 	DATA 	Keypress: right
677.1149 	INFO 	Keyboard events cleared
677.1145 	EXP 	surround_grating: autoDraw = False
677.1145 	EXP 	center_grating: autoDraw = False
677.1145 	EXP 	surround_grating: ori = 30.0
677.1145 	EXP 	surround_grating: phase = array([0.44513758, 0.44513758])
677.1145 	EXP 	center_grating: ori = 1.0
677.1145 	EXP 	center_grating: phase = array([0.78817503, 0.78817503])
677.6004 	EXP 	surround_grating: autoDraw = True
677.6004 	EXP 	center_grating: autoDraw = True
677.6739 	EXP 	surround_grating: autoDraw = False
677.6739 	EXP 	center_grating: autoDraw = False
678.3970 	DATA 	Keypress: left
678.4031 	INFO 	Keyboard events cleared
678.4025 	EXP 	surround_grating: autoDraw = False
678.4025 	EXP 	center_grating: autoDraw = False
678.4025 	EXP 	surround_grating: ori = 30.0
678.4025 	EXP 	surround_grating: phase = array([0.36708517, 0.36708517])
678.4025 	EXP 	center_grating: ori = 1.0
678.4025 	EXP 	center_grating: phase = array([0.33066003, 0.33066003])
678.8926 	EXP 	surround_grating: autoDraw = True
678.8926 	EXP 	center_grating: autoDraw = True
678.9675 	EXP 	surround_grating: autoDraw = False
678.9675 	EXP 	center_grating: autoDraw = False
679.9084 	DATA 	Keypress: right
679.9140 	INFO 	Keyboard events cleared
679.9134 	EXP 	surround_grating: autoDraw = False
679.9134 	EXP 	center_grating: autoDraw = False
679.9134 	EXP 	surround_grating: ori = -30.0
679.9134 	EXP 	surround_grating: phase = array([0.11106544, 0.11106544])
679.9134 	EXP 	center_grating: ori = -5.5
679.9134 	EXP 	center_grating: phase = array([0.45375246, 0.45375246])
680.4004 	EXP 	surround_grating: autoDraw = True
680.4004 	EXP 	center_grating: autoDraw = True
680.4733 	EXP 	surround_grating: autoDraw = False
680.4733 	EXP 	center_grating: autoDraw = False
681.1297 	DATA 	Keypress: right
681.1511 	INFO 	Keyboard events cleared
681.1507 	EXP 	surround_grating: autoDraw = False
681.1507 	EXP 	center_grating: autoDraw = False
681.1507 	EXP 	surround_grating: ori = -30.0
681.1507 	EXP 	surround_grating: phase = array([0.76719393, 0.76719393])
681.1507 	EXP 	center_grating: ori = -7.5
681.1507 	EXP 	center_grating: phase = array([0.21727892, 0.21727892])
681.6260 	EXP 	surround_grating: autoDraw = True
681.6260 	EXP 	center_grating: autoDraw = True
681.7010 	EXP 	surround_grating: autoDraw = False
681.7010 	EXP 	center_grating: autoDraw = False
682.8580 	DATA 	Keypress: right
682.8636 	INFO 	Keyboard events cleared
682.8632 	EXP 	surround_grating: autoDraw = False
682.8632 	EXP 	center_grating: autoDraw = False
682.8632 	EXP 	surround_grating: ori = 69.0
682.8632 	EXP 	surround_grating: phase = array([0.28091095, 0.28091095])
682.8632 	EXP 	center_grating: ori = -3.0
682.8632 	EXP 	center_grating: phase = array([0.2211499, 0.2211499])
683.3505 	EXP 	surround_grating: autoDraw = True
683.3505 	EXP 	center_grating: autoDraw = True
683.4235 	EXP 	surround_grating: autoDraw = False
683.4235 	EXP 	center_grating: autoDraw = False
684.2909 	DATA 	Keypress: right
684.2968 	INFO 	Keyboard events cleared
684.2963 	EXP 	surround_grating: autoDraw = False
684.2963 	EXP 	center_grating: autoDraw = False
684.2963 	EXP 	surround_grating: ori = 69.0
684.2963 	EXP 	surround_grating: phase = array([0.20023983, 0.20023983])
684.2963 	EXP 	center_grating: ori = -2.5
684.2963 	EXP 	center_grating: phase = array([0.17891305, 0.17891305])
684.7839 	EXP 	surround_grating: autoDraw = True
684.7839 	EXP 	center_grating: autoDraw = True
684.8560 	EXP 	surround_grating: autoDraw = False
684.8560 	EXP 	center_grating: autoDraw = False
685.6419 	DATA 	Keypress: right
685.6476 	INFO 	Keyboard events cleared
685.6472 	EXP 	surround_grating: autoDraw = False
685.6472 	EXP 	center_grating: autoDraw = False
685.6472 	EXP 	surround_grating: ori = -30.0
685.6472 	EXP 	surround_grating: phase = array([0.61536159, 0.61536159])
685.6472 	EXP 	center_grating: ori = -6.0
685.6472 	EXP 	center_grating: phase = array([0.10095014, 0.10095014])
686.1339 	EXP 	surround_grating: autoDraw = True
686.1339 	EXP 	center_grating: autoDraw = True
686.2065 	EXP 	surround_grating: autoDraw = False
686.2065 	EXP 	center_grating: autoDraw = False
687.5259 	DATA 	Keypress: right
687.5315 	INFO 	Keyboard events cleared
687.5311 	EXP 	surround_grating: autoDraw = False
687.5311 	EXP 	center_grating: autoDraw = False
687.5311 	EXP 	surround_grating: ori = 30.0
687.5311 	EXP 	surround_grating: phase = array([0.9922616, 0.9922616])
687.5311 	EXP 	center_grating: ori = 1.5
687.5311 	EXP 	center_grating: phase = array([0.41006351, 0.41006351])
688.0174 	EXP 	surround_grating: autoDraw = True
688.0174 	EXP 	center_grating: autoDraw = True
688.0893 	EXP 	surround_grating: autoDraw = False
688.0893 	EXP 	center_grating: autoDraw = False
688.8626 	DATA 	Keypress: right
688.8682 	INFO 	Keyboard events cleared
688.8677 	EXP 	surround_grating: autoDraw = False
688.8677 	EXP 	center_grating: autoDraw = False
688.8677 	EXP 	surround_grating: ori = -30.0
688.8677 	EXP 	surround_grating: phase = array([0.95491435, 0.95491435])
688.8677 	EXP 	center_grating: ori = -8.0
688.8677 	EXP 	center_grating: phase = array([0.40372373, 0.40372373])
689.3594 	EXP 	surround_grating: autoDraw = True
689.3594 	EXP 	center_grating: autoDraw = True
689.4344 	EXP 	surround_grating: autoDraw = False
689.4344 	EXP 	center_grating: autoDraw = False
691.5641 	DATA 	Keypress: right
691.5702 	INFO 	Keyboard events cleared
691.5696 	EXP 	surround_grating: autoDraw = False
691.5696 	EXP 	center_grating: autoDraw = False
691.5696 	EXP 	surround_grating: ori = 30.0
691.5696 	EXP 	surround_grating: phase = array([0.14495649, 0.14495649])
691.5696 	EXP 	center_grating: ori = 0.5
691.5696 	EXP 	center_grating: phase = array([0.62203012, 0.62203012])
692.0612 	EXP 	surround_grating: autoDraw = True
692.0612 	EXP 	center_grating: autoDraw = True
692.1350 	EXP 	surround_grating: autoDraw = False
692.1350 	EXP 	center_grating: autoDraw = False
693.0977 	DATA 	Keypress: left
693.1038 	INFO 	Keyboard events cleared
693.1032 	EXP 	surround_grating: autoDraw = False
693.1032 	EXP 	center_grating: autoDraw = False
693.1032 	EXP 	surround_grating: ori = 69.0
693.1032 	EXP 	surround_grating: phase = array([0.69332517, 0.69332517])
693.1032 	EXP 	center_grating: ori = -3.0
693.1032 	EXP 	center_grating: phase = array([0.71978955, 0.71978955])
693.5931 	EXP 	surround_grating: autoDraw = True
693.5931 	EXP 	center_grating: autoDraw = True
693.6681 	EXP 	surround_grating: autoDraw = False
693.6681 	EXP 	center_grating: autoDraw = False
694.3305 	DATA 	Keypress: left
694.3516 	INFO 	Keyboard events cleared
694.3512 	EXP 	surround_grating: autoDraw = False
694.3512 	EXP 	center_grating: autoDraw = False
694.3512 	EXP 	surround_grating: ori = 69.0
694.3512 	EXP 	surround_grating: phase = array([0.61052016, 0.61052016])
694.3512 	EXP 	center_grating: ori = -4.0
694.3512 	EXP 	center_grating: phase = array([0.48617716, 0.48617716])
694.8267 	EXP 	surround_grating: autoDraw = True
694.8267 	EXP 	center_grating: autoDraw = True
694.9015 	EXP 	surround_grating: autoDraw = False
694.9015 	EXP 	center_grating: autoDraw = False
695.6301 	DATA 	Keypress: left
695.6517 	INFO 	Keyboard events cleared
695.6512 	EXP 	surround_grating: autoDraw = False
695.6512 	EXP 	center_grating: autoDraw = False
695.6512 	EXP 	surround_grating: ori = 69.0
695.6512 	EXP 	surround_grating: phase = array([0.28864126, 0.28864126])
695.6512 	EXP 	center_grating: ori = -2.5
695.6512 	EXP 	center_grating: phase = array([0.90304744, 0.90304744])
696.1265 	EXP 	surround_grating: autoDraw = True
696.1265 	EXP 	center_grating: autoDraw = True
696.2015 	EXP 	surround_grating: autoDraw = False
696.2015 	EXP 	center_grating: autoDraw = False
697.1257 	DATA 	Keypress: right
697.1312 	INFO 	Keyboard events cleared
697.1307 	EXP 	surround_grating: autoDraw = False
697.1307 	EXP 	center_grating: autoDraw = False
697.1307 	EXP 	surround_grating: ori = 30.0
697.1307 	EXP 	surround_grating: phase = array([0.90081398, 0.90081398])
697.1307 	EXP 	center_grating: ori = 1.0
697.1307 	EXP 	center_grating: phase = array([0.57971307, 0.57971307])
697.6173 	EXP 	surround_grating: autoDraw = True
697.6173 	EXP 	center_grating: autoDraw = True
697.6901 	EXP 	surround_grating: autoDraw = False
697.6901 	EXP 	center_grating: autoDraw = False
698.5089 	DATA 	Keypress: left
698.5146 	INFO 	Keyboard events cleared
698.5141 	EXP 	surround_grating: autoDraw = False
698.5141 	EXP 	center_grating: autoDraw = False
698.5141 	EXP 	surround_grating: ori = 69.0
698.5141 	EXP 	surround_grating: phase = array([0.10292257, 0.10292257])
698.5141 	EXP 	center_grating: ori = -3.5
698.5141 	EXP 	center_grating: phase = array([0.32952985, 0.32952985])
699.0004 	EXP 	surround_grating: autoDraw = True
699.0004 	EXP 	center_grating: autoDraw = True
699.0730 	EXP 	surround_grating: autoDraw = False
699.0730 	EXP 	center_grating: autoDraw = False
699.7755 	DATA 	Keypress: left
699.7812 	INFO 	Keyboard events cleared
699.7808 	EXP 	surround_grating: autoDraw = False
699.7808 	EXP 	center_grating: autoDraw = False
699.7808 	EXP 	surround_grating: ori = 30.0
699.7808 	EXP 	surround_grating: phase = array([0.24387967, 0.24387967])
699.7808 	EXP 	center_grating: ori = 1.0
699.7808 	EXP 	center_grating: phase = array([0.21639121, 0.21639121])
700.2678 	EXP 	surround_grating: autoDraw = True
700.2678 	EXP 	center_grating: autoDraw = True
700.3398 	EXP 	surround_grating: autoDraw = False
700.3398 	EXP 	center_grating: autoDraw = False
700.8479 	DATA 	Keypress: left
700.8538 	INFO 	Keyboard events cleared
700.8533 	EXP 	surround_grating: autoDraw = False
700.8533 	EXP 	center_grating: autoDraw = False
700.8533 	EXP 	surround_grating: ori = -30.0
700.8533 	EXP 	surround_grating: phase = array([0.69339342, 0.69339342])
700.8533 	EXP 	center_grating: ori = -6.5
700.8533 	EXP 	center_grating: phase = array([0.92729912, 0.92729912])
701.3436 	EXP 	surround_grating: autoDraw = True
701.3436 	EXP 	center_grating: autoDraw = True
701.4183 	EXP 	surround_grating: autoDraw = False
701.4183 	EXP 	center_grating: autoDraw = False
702.2747 	DATA 	Keypress: right
702.2805 	INFO 	Keyboard events cleared
702.2800 	EXP 	surround_grating: autoDraw = False
702.2800 	EXP 	center_grating: autoDraw = False
702.2800 	EXP 	surround_grating: ori = -30.0
702.2800 	EXP 	surround_grating: phase = array([0.11659062, 0.11659062])
702.2800 	EXP 	center_grating: ori = -8.5
702.2800 	EXP 	center_grating: phase = array([0.0243916, 0.0243916])
702.7678 	EXP 	surround_grating: autoDraw = True
702.7678 	EXP 	center_grating: autoDraw = True
702.8400 	EXP 	surround_grating: autoDraw = False
702.8400 	EXP 	center_grating: autoDraw = False
703.6763 	DATA 	Keypress: left
703.6820 	INFO 	Keyboard events cleared
703.6815 	EXP 	surround_grating: autoDraw = False
703.6815 	EXP 	center_grating: autoDraw = False
703.6815 	EXP 	surround_grating: ori = 69.0
703.6815 	EXP 	surround_grating: phase = array([0.56113178, 0.56113178])
703.6815 	EXP 	center_grating: ori = -3.0
703.6815 	EXP 	center_grating: phase = array([0.84547967, 0.84547967])
704.1680 	EXP 	surround_grating: autoDraw = True
704.1680 	EXP 	center_grating: autoDraw = True
704.2403 	EXP 	surround_grating: autoDraw = False
704.2403 	EXP 	center_grating: autoDraw = False
707.5079 	DATA 	Keypress: right
707.5136 	INFO 	Keyboard events cleared
707.5130 	EXP 	surround_grating: autoDraw = False
707.5130 	EXP 	center_grating: autoDraw = False
707.5130 	EXP 	surround_grating: ori = -30.0
707.5130 	EXP 	surround_grating: phase = array([0.89054725, 0.89054725])
707.5130 	EXP 	center_grating: ori = -7.0
707.5130 	EXP 	center_grating: phase = array([0.13010985, 0.13010985])
708.0014 	EXP 	surround_grating: autoDraw = True
708.0014 	EXP 	center_grating: autoDraw = True
708.0734 	EXP 	surround_grating: autoDraw = False
708.0734 	EXP 	center_grating: autoDraw = False
709.0434 	DATA 	Keypress: left
709.0490 	INFO 	Keyboard events cleared
709.0486 	EXP 	surround_grating: autoDraw = False
709.0486 	EXP 	center_grating: autoDraw = False
709.0486 	EXP 	surround_grating: ori = 30.0
709.0486 	EXP 	surround_grating: phase = array([0.28397307, 0.28397307])
709.0486 	EXP 	center_grating: ori = 1.5
709.0486 	EXP 	center_grating: phase = array([0.8864962, 0.8864962])
709.5350 	EXP 	surround_grating: autoDraw = True
709.5350 	EXP 	center_grating: autoDraw = True
709.6072 	EXP 	surround_grating: autoDraw = False
709.6072 	EXP 	center_grating: autoDraw = False
710.1262 	DATA 	Keypress: left
710.1317 	INFO 	Keyboard events cleared
710.1313 	EXP 	surround_grating: autoDraw = False
710.1313 	EXP 	center_grating: autoDraw = False
710.1313 	EXP 	surround_grating: ori = 69.0
710.1313 	EXP 	surround_grating: phase = array([0.86655255, 0.86655255])
710.1313 	EXP 	center_grating: ori = -3.0
710.1313 	EXP 	center_grating: phase = array([0.3723062, 0.3723062])
710.6182 	EXP 	surround_grating: autoDraw = True
710.6182 	EXP 	center_grating: autoDraw = True
710.6904 	EXP 	surround_grating: autoDraw = False
710.6904 	EXP 	center_grating: autoDraw = False
711.5133 	DATA 	Keypress: right
711.5254 	INFO 	Keyboard events cleared
711.5249 	EXP 	surround_grating: autoDraw = False
711.5249 	EXP 	center_grating: autoDraw = False
711.5249 	EXP 	surround_grating: ori = -30.0
711.5249 	EXP 	surround_grating: phase = array([0.21564145, 0.21564145])
711.5249 	EXP 	center_grating: ori = -8.0
711.5249 	EXP 	center_grating: phase = array([0.11761252, 0.11761252])
712.0115 	EXP 	surround_grating: autoDraw = True
712.0115 	EXP 	center_grating: autoDraw = True
712.0855 	EXP 	surround_grating: autoDraw = False
712.0855 	EXP 	center_grating: autoDraw = False
712.8585 	DATA 	Keypress: left
712.8643 	INFO 	Keyboard events cleared
712.8639 	EXP 	surround_grating: autoDraw = False
712.8639 	EXP 	center_grating: autoDraw = False
712.8639 	EXP 	surround_grating: ori = 30.0
712.8639 	EXP 	surround_grating: phase = array([0.16905983, 0.16905983])
712.8639 	EXP 	center_grating: ori = 1.5
712.8639 	EXP 	center_grating: phase = array([0.87174761, 0.87174761])
713.3516 	EXP 	surround_grating: autoDraw = True
713.3516 	EXP 	center_grating: autoDraw = True
713.4247 	EXP 	surround_grating: autoDraw = False
713.4247 	EXP 	center_grating: autoDraw = False
715.2590 	DATA 	Keypress: left
715.2642 	INFO 	Keyboard events cleared
715.2638 	EXP 	surround_grating: autoDraw = False
715.2638 	EXP 	center_grating: autoDraw = False
715.2638 	EXP 	surround_grating: ori = -30.0
715.2638 	EXP 	surround_grating: phase = array([0.95851551, 0.95851551])
715.2638 	EXP 	center_grating: ori = -6.5
715.2638 	EXP 	center_grating: phase = array([0.95123291, 0.95123291])
715.7518 	EXP 	surround_grating: autoDraw = True
715.7518 	EXP 	center_grating: autoDraw = True
715.8249 	EXP 	surround_grating: autoDraw = False
715.8249 	EXP 	center_grating: autoDraw = False
716.4266 	DATA 	Keypress: left
716.4321 	INFO 	Keyboard events cleared
716.4316 	EXP 	surround_grating: autoDraw = False
716.4316 	EXP 	center_grating: autoDraw = False
716.4316 	EXP 	surround_grating: ori = 69.0
716.4316 	EXP 	surround_grating: phase = array([0.37431856, 0.37431856])
716.4316 	EXP 	center_grating: ori = -3.5
716.4316 	EXP 	center_grating: phase = array([0.06388018, 0.06388018])
716.9185 	EXP 	surround_grating: autoDraw = True
716.9185 	EXP 	center_grating: autoDraw = True
716.9912 	EXP 	surround_grating: autoDraw = False
716.9912 	EXP 	center_grating: autoDraw = False
717.5592 	DATA 	Keypress: left
717.5647 	INFO 	Keyboard events cleared
717.5642 	EXP 	surround_grating: autoDraw = False
717.5642 	EXP 	center_grating: autoDraw = False
717.5642 	EXP 	surround_grating: ori = -30.0
717.5642 	EXP 	surround_grating: phase = array([0.8931622, 0.8931622])
717.5642 	EXP 	center_grating: ori = -7.5
717.5642 	EXP 	center_grating: phase = array([0.34086289, 0.34086289])
718.0519 	EXP 	surround_grating: autoDraw = True
718.0519 	EXP 	center_grating: autoDraw = True
718.1242 	EXP 	surround_grating: autoDraw = False
718.1242 	EXP 	center_grating: autoDraw = False
718.6260 	DATA 	Keypress: left
718.6315 	INFO 	Keyboard events cleared
718.6310 	EXP 	surround_grating: autoDraw = False
718.6310 	EXP 	center_grating: autoDraw = False
718.6310 	EXP 	surround_grating: ori = 30.0
718.6310 	EXP 	surround_grating: phase = array([0.49293001, 0.49293001])
718.6310 	EXP 	center_grating: ori = 2.0
718.6310 	EXP 	center_grating: phase = array([0.53952271, 0.53952271])
719.1186 	EXP 	surround_grating: autoDraw = True
719.1186 	EXP 	center_grating: autoDraw = True
719.1916 	EXP 	surround_grating: autoDraw = False
719.1916 	EXP 	center_grating: autoDraw = False
719.7980 	DATA 	Keypress: left
719.8191 	INFO 	Keyboard events cleared
719.8186 	EXP 	surround_grating: autoDraw = False
719.8186 	EXP 	center_grating: autoDraw = False
719.8186 	EXP 	surround_grating: ori = 69.0
719.8186 	EXP 	surround_grating: phase = array([0.77623495, 0.77623495])
719.8186 	EXP 	center_grating: ori = -3.5
719.8186 	EXP 	center_grating: phase = array([0.56443242, 0.56443242])
720.2950 	EXP 	surround_grating: autoDraw = True
720.2950 	EXP 	center_grating: autoDraw = True
720.3690 	EXP 	surround_grating: autoDraw = False
720.3690 	EXP 	center_grating: autoDraw = False
720.9082 	DATA 	Keypress: left
720.9209 	INFO 	Keyboard events cleared
720.9205 	EXP 	surround_grating: autoDraw = False
720.9205 	EXP 	center_grating: autoDraw = False
720.9205 	EXP 	surround_grating: ori = 30.0
720.9205 	EXP 	surround_grating: phase = array([0.33636696, 0.33636696])
720.9205 	EXP 	center_grating: ori = 2.0
720.9205 	EXP 	center_grating: phase = array([0.35495747, 0.35495747])
721.4106 	EXP 	surround_grating: autoDraw = True
721.4106 	EXP 	center_grating: autoDraw = True
721.4859 	EXP 	surround_grating: autoDraw = False
721.4859 	EXP 	center_grating: autoDraw = False
722.1422 	DATA 	Keypress: left
722.1473 	INFO 	Keyboard events cleared
722.1469 	EXP 	surround_grating: autoDraw = False
722.1469 	EXP 	center_grating: autoDraw = False
722.1469 	EXP 	surround_grating: ori = 30.0
722.1469 	EXP 	surround_grating: phase = array([0.88260818, 0.88260818])
722.1469 	EXP 	center_grating: ori = 2.5
722.1469 	EXP 	center_grating: phase = array([0.95175342, 0.95175342])
722.6353 	EXP 	surround_grating: autoDraw = True
722.6353 	EXP 	center_grating: autoDraw = True
722.7074 	EXP 	surround_grating: autoDraw = False
722.7074 	EXP 	center_grating: autoDraw = False
723.1978 	DATA 	Keypress: left
723.2193 	INFO 	Keyboard events cleared
723.2188 	EXP 	surround_grating: autoDraw = False
723.2188 	EXP 	center_grating: autoDraw = False
723.2188 	EXP 	surround_grating: ori = -30.0
723.2188 	EXP 	surround_grating: phase = array([0.02957608, 0.02957608])
723.2188 	EXP 	center_grating: ori = -6.0
723.2188 	EXP 	center_grating: phase = array([0.92428736, 0.92428736])
723.6942 	EXP 	surround_grating: autoDraw = True
723.6942 	EXP 	center_grating: autoDraw = True
723.7692 	EXP 	surround_grating: autoDraw = False
723.7692 	EXP 	center_grating: autoDraw = False
724.1148 	DATA 	Keypress: left
724.1360 	INFO 	Keyboard events cleared
724.1355 	EXP 	surround_grating: autoDraw = False
724.1355 	EXP 	center_grating: autoDraw = False
724.1355 	EXP 	surround_grating: ori = 30.0
724.1355 	EXP 	surround_grating: phase = array([0.57923318, 0.57923318])
724.1355 	EXP 	center_grating: ori = 2.5
724.1355 	EXP 	center_grating: phase = array([0.78750735, 0.78750735])
724.6109 	EXP 	surround_grating: autoDraw = True
724.6109 	EXP 	center_grating: autoDraw = True
724.6859 	EXP 	surround_grating: autoDraw = False
724.6859 	EXP 	center_grating: autoDraw = False
725.0588 	DATA 	Keypress: left
725.0646 	INFO 	Keyboard events cleared
725.0641 	EXP 	surround_grating: autoDraw = False
725.0641 	EXP 	center_grating: autoDraw = False
725.0641 	EXP 	surround_grating: ori = -30.0
725.0641 	EXP 	surround_grating: phase = array([0.0684091, 0.0684091])
725.0641 	EXP 	center_grating: ori = -7.0
725.0641 	EXP 	center_grating: phase = array([0.66577274, 0.66577274])
725.5521 	EXP 	surround_grating: autoDraw = True
725.5521 	EXP 	center_grating: autoDraw = True
725.6240 	EXP 	surround_grating: autoDraw = False
725.6240 	EXP 	center_grating: autoDraw = False
726.0423 	DATA 	Keypress: left
726.0481 	INFO 	Keyboard events cleared
726.0476 	EXP 	surround_grating: autoDraw = False
726.0476 	EXP 	center_grating: autoDraw = False
726.0476 	EXP 	surround_grating: ori = 69.0
726.0476 	EXP 	surround_grating: phase = array([0.36567943, 0.36567943])
726.0476 	EXP 	center_grating: ori = -3.0
726.0476 	EXP 	center_grating: phase = array([0.52711836, 0.52711836])
726.5354 	EXP 	surround_grating: autoDraw = True
726.5354 	EXP 	center_grating: autoDraw = True
726.6083 	EXP 	surround_grating: autoDraw = False
726.6083 	EXP 	center_grating: autoDraw = False
726.9135 	DATA 	Keypress: left
726.9254 	INFO 	Keyboard events cleared
726.9250 	EXP 	surround_grating: autoDraw = False
726.9250 	EXP 	center_grating: autoDraw = False
726.9250 	EXP 	surround_grating: ori = 69.0
726.9250 	EXP 	surround_grating: phase = array([0.67826021, 0.67826021])
726.9250 	EXP 	center_grating: ori = -3.0
726.9250 	EXP 	center_grating: phase = array([0.60775874, 0.60775874])
727.4107 	EXP 	surround_grating: autoDraw = True
727.4107 	EXP 	center_grating: autoDraw = True
727.4860 	EXP 	surround_grating: autoDraw = False
727.4860 	EXP 	center_grating: autoDraw = False
727.8266 	DATA 	Keypress: left
727.8323 	INFO 	Keyboard events cleared
727.8318 	EXP 	surround_grating: autoDraw = False
727.8318 	EXP 	center_grating: autoDraw = False
727.8318 	EXP 	surround_grating: ori = -30.0
727.8318 	EXP 	surround_grating: phase = array([0.75867159, 0.75867159])
727.8318 	EXP 	center_grating: ori = -6.5
727.8318 	EXP 	center_grating: phase = array([0.52428846, 0.52428846])
728.3181 	EXP 	surround_grating: autoDraw = True
728.3181 	EXP 	center_grating: autoDraw = True
728.3913 	EXP 	surround_grating: autoDraw = False
728.3913 	EXP 	center_grating: autoDraw = False
728.8091 	DATA 	Keypress: left
728.8148 	INFO 	Keyboard events cleared
728.8144 	EXP 	surround_grating: autoDraw = False
728.8144 	EXP 	center_grating: autoDraw = False
728.8144 	EXP 	surround_grating: ori = 30.0
728.8144 	EXP 	surround_grating: phase = array([0.59939259, 0.59939259])
728.8144 	EXP 	center_grating: ori = 3.0
728.8144 	EXP 	center_grating: phase = array([0.2503204, 0.2503204])
729.3022 	EXP 	surround_grating: autoDraw = True
729.3022 	EXP 	center_grating: autoDraw = True
729.3743 	EXP 	surround_grating: autoDraw = False
729.3743 	EXP 	center_grating: autoDraw = False
729.8478 	DATA 	Keypress: left
729.8536 	INFO 	Keyboard events cleared
729.8531 	EXP 	surround_grating: autoDraw = False
729.8531 	EXP 	center_grating: autoDraw = False
729.8531 	EXP 	surround_grating: ori = 69.0
729.8531 	EXP 	surround_grating: phase = array([0.04912223, 0.04912223])
729.8531 	EXP 	center_grating: ori = -2.5
729.8531 	EXP 	center_grating: phase = array([0.0019547, 0.0019547])
730.3455 	EXP 	surround_grating: autoDraw = True
730.3455 	EXP 	center_grating: autoDraw = True
730.4195 	EXP 	surround_grating: autoDraw = False
730.4195 	EXP 	center_grating: autoDraw = False
730.8942 	DATA 	Keypress: left
730.9001 	INFO 	Keyboard events cleared
730.8995 	EXP 	surround_grating: autoDraw = False
730.8995 	EXP 	center_grating: autoDraw = False
730.8995 	EXP 	surround_grating: ori = 69.0
730.8995 	EXP 	surround_grating: phase = array([0.73206245, 0.73206245])
730.8995 	EXP 	center_grating: ori = -2.5
730.8995 	EXP 	center_grating: phase = array([0.50985273, 0.50985273])
731.3854 	EXP 	surround_grating: autoDraw = True
731.3854 	EXP 	center_grating: autoDraw = True
731.4586 	EXP 	surround_grating: autoDraw = False
731.4586 	EXP 	center_grating: autoDraw = False
731.8428 	DATA 	Keypress: left
731.8484 	INFO 	Keyboard events cleared
731.8477 	EXP 	surround_grating: autoDraw = False
731.8477 	EXP 	center_grating: autoDraw = False
731.8477 	EXP 	surround_grating: ori = 30.0
731.8477 	EXP 	surround_grating: phase = array([0.08352013, 0.08352013])
731.8477 	EXP 	center_grating: ori = 3.0
731.8477 	EXP 	center_grating: phase = array([0.52212342, 0.52212342])
732.3358 	EXP 	surround_grating: autoDraw = True
732.3358 	EXP 	center_grating: autoDraw = True
732.4076 	EXP 	surround_grating: autoDraw = False
732.4076 	EXP 	center_grating: autoDraw = False
733.0431 	DATA 	Keypress: left
733.0487 	INFO 	Keyboard events cleared
733.0483 	EXP 	surround_grating: autoDraw = False
733.0483 	EXP 	center_grating: autoDraw = False
733.0483 	EXP 	surround_grating: ori = -30.0
733.0483 	EXP 	surround_grating: phase = array([0.3156831, 0.3156831])
733.0483 	EXP 	center_grating: ori = -5.5
733.0483 	EXP 	center_grating: phase = array([0.82010098, 0.82010098])
733.5359 	EXP 	surround_grating: autoDraw = True
733.5359 	EXP 	center_grating: autoDraw = True
733.6081 	EXP 	surround_grating: autoDraw = False
733.6081 	EXP 	center_grating: autoDraw = False
734.0973 	DATA 	Keypress: right
734.1029 	INFO 	Keyboard events cleared
734.1025 	EXP 	surround_grating: autoDraw = False
734.1025 	EXP 	center_grating: autoDraw = False
734.1025 	EXP 	surround_grating: ori = 30.0
734.1025 	EXP 	surround_grating: phase = array([0.26617579, 0.26617579])
734.1025 	EXP 	center_grating: ori = 3.5
734.1025 	EXP 	center_grating: phase = array([0.24451118, 0.24451118])
734.5946 	EXP 	surround_grating: autoDraw = True
734.5946 	EXP 	center_grating: autoDraw = True
734.6696 	EXP 	surround_grating: autoDraw = False
734.6696 	EXP 	center_grating: autoDraw = False
735.2921 	DATA 	Keypress: left
735.2977 	INFO 	Keyboard events cleared
735.2971 	EXP 	surround_grating: autoDraw = False
735.2971 	EXP 	center_grating: autoDraw = False
735.2971 	EXP 	surround_grating: ori = -30.0
735.2971 	EXP 	surround_grating: phase = array([0.34567867, 0.34567867])
735.2971 	EXP 	center_grating: ori = -6.0
735.2971 	EXP 	center_grating: phase = array([0.03939447, 0.03939447])
735.7859 	EXP 	surround_grating: autoDraw = True
735.7859 	EXP 	center_grating: autoDraw = True
735.8587 	EXP 	surround_grating: autoDraw = False
735.8587 	EXP 	center_grating: autoDraw = False
736.6599 	DATA 	Keypress: right
736.6657 	INFO 	Keyboard events cleared
736.6653 	EXP 	surround_grating: autoDraw = False
736.6653 	EXP 	center_grating: autoDraw = False
736.6653 	EXP 	surround_grating: ori = 69.0
736.6653 	EXP 	surround_grating: phase = array([0.24180352, 0.24180352])
736.6653 	EXP 	center_grating: ori = -2.0
736.6653 	EXP 	center_grating: phase = array([0.59824974, 0.59824974])
737.1525 	EXP 	surround_grating: autoDraw = True
737.1525 	EXP 	center_grating: autoDraw = True
737.2248 	EXP 	surround_grating: autoDraw = False
737.2248 	EXP 	center_grating: autoDraw = False
737.6926 	DATA 	Keypress: left
737.6984 	INFO 	Keyboard events cleared
737.6979 	EXP 	surround_grating: autoDraw = False
737.6979 	EXP 	center_grating: autoDraw = False
737.6979 	EXP 	surround_grating: ori = 69.0
737.6979 	EXP 	surround_grating: phase = array([0.57931116, 0.57931116])
737.6979 	EXP 	center_grating: ori = -2.0
737.6979 	EXP 	center_grating: phase = array([0.20109045, 0.20109045])
738.1859 	EXP 	surround_grating: autoDraw = True
738.1859 	EXP 	center_grating: autoDraw = True
738.2583 	EXP 	surround_grating: autoDraw = False
738.2583 	EXP 	center_grating: autoDraw = False
738.7607 	DATA 	Keypress: left
738.7665 	INFO 	Keyboard events cleared
738.7660 	EXP 	surround_grating: autoDraw = False
738.7660 	EXP 	center_grating: autoDraw = False
738.7660 	EXP 	surround_grating: ori = 30.0
738.7660 	EXP 	surround_grating: phase = array([0.72129834, 0.72129834])
738.7660 	EXP 	center_grating: ori = 3.5
738.7660 	EXP 	center_grating: phase = array([0.29499742, 0.29499742])
739.2526 	EXP 	surround_grating: autoDraw = True
739.2526 	EXP 	center_grating: autoDraw = True
739.3251 	EXP 	surround_grating: autoDraw = False
739.3251 	EXP 	center_grating: autoDraw = False
739.7592 	DATA 	Keypress: left
739.7703 	INFO 	Keyboard events cleared
739.7698 	EXP 	surround_grating: autoDraw = False
739.7698 	EXP 	center_grating: autoDraw = False
739.7698 	EXP 	surround_grating: ori = -30.0
739.7698 	EXP 	surround_grating: phase = array([0.57826704, 0.57826704])
739.7698 	EXP 	center_grating: ori = -6.0
739.7698 	EXP 	center_grating: phase = array([0.47530295, 0.47530295])
740.2526 	EXP 	surround_grating: autoDraw = True
740.2526 	EXP 	center_grating: autoDraw = True
740.3246 	EXP 	surround_grating: autoDraw = False
740.3246 	EXP 	center_grating: autoDraw = False
740.8447 	DATA 	Keypress: left
740.8503 	INFO 	Keyboard events cleared
740.8499 	EXP 	surround_grating: autoDraw = False
740.8499 	EXP 	center_grating: autoDraw = False
740.8499 	EXP 	surround_grating: ori = 30.0
740.8499 	EXP 	surround_grating: phase = array([0.58137801, 0.58137801])
740.8499 	EXP 	center_grating: ori = 4.0
740.8499 	EXP 	center_grating: phase = array([0.92416714, 0.92416714])
741.3361 	EXP 	surround_grating: autoDraw = True
741.3361 	EXP 	center_grating: autoDraw = True
741.4083 	EXP 	surround_grating: autoDraw = False
741.4083 	EXP 	center_grating: autoDraw = False
741.8105 	DATA 	Keypress: left
741.8163 	INFO 	Keyboard events cleared
741.8158 	EXP 	surround_grating: autoDraw = False
741.8158 	EXP 	center_grating: autoDraw = False
741.8158 	EXP 	surround_grating: ori = 30.0
741.8158 	EXP 	surround_grating: phase = array([0.51062319, 0.51062319])
741.8158 	EXP 	center_grating: ori = 4.0
741.8158 	EXP 	center_grating: phase = array([0.18827014, 0.18827014])
742.3026 	EXP 	surround_grating: autoDraw = True
742.3026 	EXP 	center_grating: autoDraw = True
742.3748 	EXP 	surround_grating: autoDraw = False
742.3748 	EXP 	center_grating: autoDraw = False
742.8141 	DATA 	Keypress: left
742.8264 	INFO 	Keyboard events cleared
742.8259 	EXP 	surround_grating: autoDraw = False
742.8259 	EXP 	center_grating: autoDraw = False
742.8259 	EXP 	surround_grating: ori = 69.0
742.8259 	EXP 	surround_grating: phase = array([0.90804129, 0.90804129])
742.8259 	EXP 	center_grating: ori = -1.5
742.8259 	EXP 	center_grating: phase = array([0.25507425, 0.25507425])
743.3117 	EXP 	surround_grating: autoDraw = True
743.3117 	EXP 	center_grating: autoDraw = True
743.3866 	EXP 	surround_grating: autoDraw = False
743.3866 	EXP 	center_grating: autoDraw = False
743.9138 	DATA 	Keypress: left
743.9259 	INFO 	Keyboard events cleared
743.9256 	EXP 	surround_grating: autoDraw = False
743.9256 	EXP 	center_grating: autoDraw = False
743.9256 	EXP 	surround_grating: ori = -30.0
743.9256 	EXP 	surround_grating: phase = array([0.39442161, 0.39442161])
743.9256 	EXP 	center_grating: ori = -6.5
743.9256 	EXP 	center_grating: phase = array([0.23368061, 0.23368061])
744.4113 	EXP 	surround_grating: autoDraw = True
744.4113 	EXP 	center_grating: autoDraw = True
744.4866 	EXP 	surround_grating: autoDraw = False
744.4866 	EXP 	center_grating: autoDraw = False
745.0272 	DATA 	Keypress: left
745.0329 	INFO 	Keyboard events cleared
745.0324 	EXP 	surround_grating: autoDraw = False
745.0324 	EXP 	center_grating: autoDraw = False
745.0324 	EXP 	surround_grating: ori = 69.0
745.0324 	EXP 	surround_grating: phase = array([0.30538978, 0.30538978])
745.0324 	EXP 	center_grating: ori = -1.5
745.0324 	EXP 	center_grating: phase = array([0.76232846, 0.76232846])
745.5196 	EXP 	surround_grating: autoDraw = True
745.5196 	EXP 	center_grating: autoDraw = True
745.5913 	EXP 	surround_grating: autoDraw = False
745.5913 	EXP 	center_grating: autoDraw = False
745.9312 	DATA 	Keypress: left
745.9367 	INFO 	Keyboard events cleared
745.9362 	EXP 	surround_grating: autoDraw = False
745.9362 	EXP 	center_grating: autoDraw = False
745.9362 	EXP 	surround_grating: ori = -30.0
745.9362 	EXP 	surround_grating: phase = array([0.43905938, 0.43905938])
745.9362 	EXP 	center_grating: ori = -5.5
745.9362 	EXP 	center_grating: phase = array([0.06007267, 0.06007267])
746.4283 	EXP 	surround_grating: autoDraw = True
746.4283 	EXP 	center_grating: autoDraw = True
746.5034 	EXP 	surround_grating: autoDraw = False
746.5034 	EXP 	center_grating: autoDraw = False
746.8157 	DATA 	Keypress: left
746.8370 	INFO 	Keyboard events cleared
746.8364 	EXP 	surround_grating: autoDraw = False
746.8364 	EXP 	center_grating: autoDraw = False
746.8364 	EXP 	surround_grating: ori = 69.0
746.8364 	EXP 	surround_grating: phase = array([0.51032868, 0.51032868])
746.8364 	EXP 	center_grating: ori = -1.0
746.8364 	EXP 	center_grating: phase = array([0.84719634, 0.84719634])
747.3117 	EXP 	surround_grating: autoDraw = True
747.3117 	EXP 	center_grating: autoDraw = True
747.3867 	EXP 	surround_grating: autoDraw = False
747.3867 	EXP 	center_grating: autoDraw = False
747.8610 	DATA 	Keypress: left
747.8667 	INFO 	Keyboard events cleared
747.8662 	EXP 	surround_grating: autoDraw = False
747.8662 	EXP 	center_grating: autoDraw = False
747.8662 	EXP 	surround_grating: ori = -30.0
747.8662 	EXP 	surround_grating: phase = array([0.31350901, 0.31350901])
747.8662 	EXP 	center_grating: ori = -6.0
747.8662 	EXP 	center_grating: phase = array([0.93170672, 0.93170672])
748.3530 	EXP 	surround_grating: autoDraw = True
748.3530 	EXP 	center_grating: autoDraw = True
748.4258 	EXP 	surround_grating: autoDraw = False
748.4258 	EXP 	center_grating: autoDraw = False
749.4819 	DATA 	Keypress: left
749.4877 	INFO 	Keyboard events cleared
749.4871 	EXP 	surround_grating: autoDraw = False
749.4871 	EXP 	center_grating: autoDraw = False
749.4871 	EXP 	surround_grating: ori = 30.0
749.4871 	EXP 	surround_grating: phase = array([0.31246703, 0.31246703])
749.4871 	EXP 	center_grating: ori = 4.5
749.4871 	EXP 	center_grating: phase = array([0.18153289, 0.18153289])
749.9785 	EXP 	surround_grating: autoDraw = True
749.9785 	EXP 	center_grating: autoDraw = True
750.0536 	EXP 	surround_grating: autoDraw = False
750.0536 	EXP 	center_grating: autoDraw = False
750.7940 	DATA 	Keypress: left
750.7997 	INFO 	Keyboard events cleared
750.7992 	EXP 	surround_grating: autoDraw = False
750.7992 	EXP 	center_grating: autoDraw = False
750.7992 	EXP 	surround_grating: ori = 30.0
750.7992 	EXP 	surround_grating: phase = array([0.11144703, 0.11144703])
750.7992 	EXP 	center_grating: ori = 4.5
750.7992 	EXP 	center_grating: phase = array([0.32296612, 0.32296612])
751.2863 	EXP 	surround_grating: autoDraw = True
751.2863 	EXP 	center_grating: autoDraw = True
751.3589 	EXP 	surround_grating: autoDraw = False
751.3589 	EXP 	center_grating: autoDraw = False
751.8494 	DATA 	Keypress: left
751.8556 	INFO 	Keyboard events cleared
751.8552 	EXP 	surround_grating: autoDraw = False
751.8552 	EXP 	center_grating: autoDraw = False
751.8552 	EXP 	surround_grating: ori = -30.0
751.8552 	EXP 	surround_grating: phase = array([0.03763073, 0.03763073])
751.8552 	EXP 	center_grating: ori = -5.0
751.8552 	EXP 	center_grating: phase = array([0.67520126, 0.67520126])
752.3452 	EXP 	surround_grating: autoDraw = True
752.3452 	EXP 	center_grating: autoDraw = True
752.4200 	EXP 	surround_grating: autoDraw = False
752.4200 	EXP 	center_grating: autoDraw = False
752.8605 	DATA 	Keypress: left
752.8661 	INFO 	Keyboard events cleared
752.8656 	EXP 	surround_grating: autoDraw = False
752.8656 	EXP 	center_grating: autoDraw = False
752.8656 	EXP 	surround_grating: ori = 69.0
752.8656 	EXP 	surround_grating: phase = array([0.200993, 0.200993])
752.8656 	EXP 	center_grating: ori = -1.0
752.8656 	EXP 	center_grating: phase = array([0.78489934, 0.78489934])
753.3532 	EXP 	surround_grating: autoDraw = True
753.3532 	EXP 	center_grating: autoDraw = True
753.4248 	EXP 	surround_grating: autoDraw = False
753.4248 	EXP 	center_grating: autoDraw = False
753.9436 	DATA 	Keypress: left
753.9494 	INFO 	Keyboard events cleared
753.9489 	EXP 	surround_grating: autoDraw = False
753.9489 	EXP 	center_grating: autoDraw = False
753.9489 	EXP 	surround_grating: ori = 30.0
753.9489 	EXP 	surround_grating: phase = array([7.31358112e-05, 7.31358112e-05])
753.9489 	EXP 	center_grating: ori = 5.0
753.9489 	EXP 	center_grating: phase = array([0.12650569, 0.12650569])
754.4365 	EXP 	surround_grating: autoDraw = True
754.4365 	EXP 	center_grating: autoDraw = True
754.5089 	EXP 	surround_grating: autoDraw = False
754.5089 	EXP 	center_grating: autoDraw = False
754.9949 	DATA 	Keypress: left
755.0005 	INFO 	Keyboard events cleared
755.0000 	EXP 	surround_grating: autoDraw = False
755.0000 	EXP 	center_grating: autoDraw = False
755.0000 	EXP 	surround_grating: ori = -30.0
755.0000 	EXP 	surround_grating: phase = array([0.32270538, 0.32270538])
755.0000 	EXP 	center_grating: ori = -5.5
755.0000 	EXP 	center_grating: phase = array([0.77939023, 0.77939023])
755.4865 	EXP 	surround_grating: autoDraw = True
755.4865 	EXP 	center_grating: autoDraw = True
755.5589 	EXP 	surround_grating: autoDraw = False
755.5589 	EXP 	center_grating: autoDraw = False
756.0770 	DATA 	Keypress: left
756.0821 	INFO 	Keyboard events cleared
756.0816 	EXP 	surround_grating: autoDraw = False
756.0816 	EXP 	center_grating: autoDraw = False
756.0816 	EXP 	surround_grating: ori = 30.0
756.0816 	EXP 	surround_grating: phase = array([0.00301874, 0.00301874])
756.0816 	EXP 	center_grating: ori = 5.0
756.0816 	EXP 	center_grating: phase = array([0.25028841, 0.25028841])
756.5699 	EXP 	surround_grating: autoDraw = True
756.5699 	EXP 	center_grating: autoDraw = True
756.6423 	EXP 	surround_grating: autoDraw = False
756.6423 	EXP 	center_grating: autoDraw = False
757.0478 	DATA 	Keypress: left
757.0535 	INFO 	Keyboard events cleared
757.0530 	EXP 	surround_grating: autoDraw = False
757.0530 	EXP 	center_grating: autoDraw = False
757.0530 	EXP 	surround_grating: ori = 69.0
757.0530 	EXP 	surround_grating: phase = array([0.72684867, 0.72684867])
757.0530 	EXP 	center_grating: ori = -0.5
757.0530 	EXP 	center_grating: phase = array([0.02705697, 0.02705697])
757.5460 	EXP 	surround_grating: autoDraw = True
757.5460 	EXP 	center_grating: autoDraw = True
757.6205 	EXP 	surround_grating: autoDraw = False
757.6205 	EXP 	center_grating: autoDraw = False
758.2767 	DATA 	Keypress: right
758.2824 	INFO 	Keyboard events cleared
758.2819 	EXP 	surround_grating: autoDraw = False
758.2819 	EXP 	center_grating: autoDraw = False
758.2819 	EXP 	surround_grating: ori = 69.0
758.2819 	EXP 	surround_grating: phase = array([0.83985985, 0.83985985])
758.2819 	EXP 	center_grating: ori = -0.5
758.2819 	EXP 	center_grating: phase = array([0.60469854, 0.60469854])
758.7700 	EXP 	surround_grating: autoDraw = True
758.7700 	EXP 	center_grating: autoDraw = True
758.8430 	EXP 	surround_grating: autoDraw = False
758.8430 	EXP 	center_grating: autoDraw = False
759.3773 	DATA 	Keypress: right
759.3830 	INFO 	Keyboard events cleared
759.3825 	EXP 	surround_grating: autoDraw = False
759.3825 	EXP 	center_grating: autoDraw = False
759.3825 	EXP 	surround_grating: ori = -30.0
759.3825 	EXP 	surround_grating: phase = array([0.65460103, 0.65460103])
759.3825 	EXP 	center_grating: ori = -4.5
759.3825 	EXP 	center_grating: phase = array([0.85218503, 0.85218503])
759.8702 	EXP 	surround_grating: autoDraw = True
759.8702 	EXP 	center_grating: autoDraw = True
759.9421 	EXP 	surround_grating: autoDraw = False
759.9421 	EXP 	center_grating: autoDraw = False
760.4843 	DATA 	Keypress: right
760.4901 	INFO 	Keyboard events cleared
760.4896 	EXP 	surround_grating: autoDraw = False
760.4896 	EXP 	center_grating: autoDraw = False
760.4896 	EXP 	surround_grating: ori = -30.0
760.4896 	EXP 	surround_grating: phase = array([0.34973474, 0.34973474])
760.4896 	EXP 	center_grating: ori = -5.0
760.4896 	EXP 	center_grating: phase = array([0.31657826, 0.31657826])
760.9792 	EXP 	surround_grating: autoDraw = True
760.9792 	EXP 	center_grating: autoDraw = True
761.0539 	EXP 	surround_grating: autoDraw = False
761.0539 	EXP 	center_grating: autoDraw = False
761.5107 	DATA 	Keypress: right
761.5164 	INFO 	Keyboard events cleared
761.5160 	EXP 	surround_grating: autoDraw = False
761.5160 	EXP 	center_grating: autoDraw = False
761.5160 	EXP 	surround_grating: ori = -30.0
761.5160 	EXP 	surround_grating: phase = array([0.95708049, 0.95708049])
761.5160 	EXP 	center_grating: ori = -5.0
761.5160 	EXP 	center_grating: phase = array([0.53363195, 0.53363195])
762.0034 	EXP 	surround_grating: autoDraw = True
762.0034 	EXP 	center_grating: autoDraw = True
762.0770 	EXP 	surround_grating: autoDraw = False
762.0770 	EXP 	center_grating: autoDraw = False
762.7435 	DATA 	Keypress: left
762.7491 	INFO 	Keyboard events cleared
762.7486 	EXP 	surround_grating: autoDraw = False
762.7486 	EXP 	center_grating: autoDraw = False
762.7486 	EXP 	surround_grating: ori = 30.0
762.7486 	EXP 	surround_grating: phase = array([0.99579267, 0.99579267])
762.7486 	EXP 	center_grating: ori = 5.5
762.7486 	EXP 	center_grating: phase = array([0.6229019, 0.6229019])
763.2368 	EXP 	surround_grating: autoDraw = True
763.2368 	EXP 	center_grating: autoDraw = True
763.3101 	EXP 	surround_grating: autoDraw = False
763.3101 	EXP 	center_grating: autoDraw = False
763.8104 	DATA 	Keypress: left
763.8162 	INFO 	Keyboard events cleared
763.8158 	EXP 	surround_grating: autoDraw = False
763.8158 	EXP 	center_grating: autoDraw = False
763.8158 	EXP 	surround_grating: ori = 69.0
763.8158 	EXP 	surround_grating: phase = array([0.09000356, 0.09000356])
763.8158 	EXP 	center_grating: ori = -1.0
763.8158 	EXP 	center_grating: phase = array([0.66750603, 0.66750603])
764.3035 	EXP 	surround_grating: autoDraw = True
764.3035 	EXP 	center_grating: autoDraw = True
764.3755 	EXP 	surround_grating: autoDraw = False
764.3755 	EXP 	center_grating: autoDraw = False
764.7822 	DATA 	Keypress: left
764.7877 	INFO 	Keyboard events cleared
764.7873 	EXP 	surround_grating: autoDraw = False
764.7873 	EXP 	center_grating: autoDraw = False
764.7873 	EXP 	surround_grating: ori = 69.0
764.7873 	EXP 	surround_grating: phase = array([0.20339474, 0.20339474])
764.7873 	EXP 	center_grating: ori = -1.0
764.7873 	EXP 	center_grating: phase = array([0.84872663, 0.84872663])
765.2796 	EXP 	surround_grating: autoDraw = True
765.2796 	EXP 	center_grating: autoDraw = True
765.3541 	EXP 	surround_grating: autoDraw = False
765.3541 	EXP 	center_grating: autoDraw = False
765.9094 	DATA 	Keypress: left
765.9226 	INFO 	Keyboard events cleared
765.9221 	EXP 	surround_grating: autoDraw = False
765.9221 	EXP 	center_grating: autoDraw = False
765.9221 	EXP 	surround_grating: ori = 30.0
765.9221 	EXP 	surround_grating: phase = array([0.64114266, 0.64114266])
765.9221 	EXP 	center_grating: ori = 5.5
765.9221 	EXP 	center_grating: phase = array([0.32294399, 0.32294399])
766.4125 	EXP 	surround_grating: autoDraw = True
766.4125 	EXP 	center_grating: autoDraw = True
766.4872 	EXP 	surround_grating: autoDraw = False
766.4872 	EXP 	center_grating: autoDraw = False
766.9997 	DATA 	Keypress: left
767.0209 	INFO 	Keyboard events cleared
767.0205 	EXP 	surround_grating: autoDraw = False
767.0205 	EXP 	center_grating: autoDraw = False
767.0205 	EXP 	surround_grating: ori = -30.0
767.0205 	EXP 	surround_grating: phase = array([0.34134535, 0.34134535])
767.0205 	EXP 	center_grating: ori = -4.5
767.0205 	EXP 	center_grating: phase = array([0.69210802, 0.69210802])
767.4958 	EXP 	surround_grating: autoDraw = True
767.4958 	EXP 	center_grating: autoDraw = True
767.5709 	EXP 	surround_grating: autoDraw = False
767.5709 	EXP 	center_grating: autoDraw = False
768.1272 	DATA 	Keypress: left
768.1327 	INFO 	Keyboard events cleared
768.1321 	EXP 	surround_grating: autoDraw = False
768.1321 	EXP 	center_grating: autoDraw = False
768.1321 	EXP 	surround_grating: ori = 69.0
768.1321 	EXP 	surround_grating: phase = array([0.20113275, 0.20113275])
768.1321 	EXP 	center_grating: ori = -0.5
768.1321 	EXP 	center_grating: phase = array([0.6080555, 0.6080555])
768.6202 	EXP 	surround_grating: autoDraw = True
768.6202 	EXP 	center_grating: autoDraw = True
768.6927 	EXP 	surround_grating: autoDraw = False
768.6927 	EXP 	center_grating: autoDraw = False
769.0990 	DATA 	Keypress: left
769.1045 	INFO 	Keyboard events cleared
769.1039 	EXP 	surround_grating: autoDraw = False
769.1039 	EXP 	center_grating: autoDraw = False
769.1039 	EXP 	surround_grating: ori = -30.0
769.1039 	EXP 	surround_grating: phase = array([0.95254868, 0.95254868])
769.1039 	EXP 	center_grating: ori = -5.5
769.1039 	EXP 	center_grating: phase = array([0.84043135, 0.84043135])
769.5961 	EXP 	surround_grating: autoDraw = True
769.5961 	EXP 	center_grating: autoDraw = True
769.6709 	EXP 	surround_grating: autoDraw = False
769.6709 	EXP 	center_grating: autoDraw = False
770.1617 	DATA 	Keypress: left
770.1673 	INFO 	Keyboard events cleared
770.1669 	EXP 	surround_grating: autoDraw = False
770.1669 	EXP 	center_grating: autoDraw = False
770.1669 	EXP 	surround_grating: ori = 30.0
770.1669 	EXP 	surround_grating: phase = array([0.15068813, 0.15068813])
770.1669 	EXP 	center_grating: ori = 6.0
770.1669 	EXP 	center_grating: phase = array([0.21308038, 0.21308038])
770.6537 	EXP 	surround_grating: autoDraw = True
770.6537 	EXP 	center_grating: autoDraw = True
770.7261 	EXP 	surround_grating: autoDraw = False
770.7261 	EXP 	center_grating: autoDraw = False
771.0446 	DATA 	Keypress: left
771.0502 	INFO 	Keyboard events cleared
771.0497 	EXP 	surround_grating: autoDraw = False
771.0497 	EXP 	center_grating: autoDraw = False
771.0497 	EXP 	surround_grating: ori = 30.0
771.0497 	EXP 	surround_grating: phase = array([0.99370199, 0.99370199])
771.0497 	EXP 	center_grating: ori = 6.0
771.0497 	EXP 	center_grating: phase = array([0.71545307, 0.71545307])
771.5371 	EXP 	surround_grating: autoDraw = True
771.5371 	EXP 	center_grating: autoDraw = True
771.6103 	EXP 	surround_grating: autoDraw = False
771.6103 	EXP 	center_grating: autoDraw = False
771.8278 	DATA 	Keypress: left
771.8334 	INFO 	Keyboard events cleared
771.8330 	EXP 	surround_grating: autoDraw = False
771.8330 	EXP 	center_grating: autoDraw = False
771.8330 	EXP 	surround_grating: ori = 69.0
771.8330 	EXP 	surround_grating: phase = array([0.85783724, 0.85783724])
771.8330 	EXP 	center_grating: ori = -0.5
771.8330 	EXP 	center_grating: phase = array([0.84186054, 0.84186054])
772.3205 	EXP 	surround_grating: autoDraw = True
772.3205 	EXP 	center_grating: autoDraw = True
772.3928 	EXP 	surround_grating: autoDraw = False
772.3928 	EXP 	center_grating: autoDraw = False
772.7331 	DATA 	Keypress: left
772.7546 	INFO 	Keyboard events cleared
772.7540 	EXP 	surround_grating: autoDraw = False
772.7540 	EXP 	center_grating: autoDraw = False
772.7540 	EXP 	surround_grating: ori = 69.0
772.7540 	EXP 	surround_grating: phase = array([0.84825161, 0.84825161])
772.7540 	EXP 	center_grating: ori = 0.0
772.7540 	EXP 	center_grating: phase = array([0.30307085, 0.30307085])
773.2294 	EXP 	surround_grating: autoDraw = True
773.2294 	EXP 	center_grating: autoDraw = True
773.3046 	EXP 	surround_grating: autoDraw = False
773.3046 	EXP 	center_grating: autoDraw = False
773.7665 	DATA 	Keypress: left
773.7879 	INFO 	Keyboard events cleared
773.7874 	EXP 	surround_grating: autoDraw = False
773.7874 	EXP 	center_grating: autoDraw = False
773.7874 	EXP 	surround_grating: ori = -30.0
773.7874 	EXP 	surround_grating: phase = array([0.55917983, 0.55917983])
773.7874 	EXP 	center_grating: ori = -5.0
773.7874 	EXP 	center_grating: phase = array([0.8503886, 0.8503886])
774.2630 	EXP 	surround_grating: autoDraw = True
774.2630 	EXP 	center_grating: autoDraw = True
774.3377 	EXP 	surround_grating: autoDraw = False
774.3377 	EXP 	center_grating: autoDraw = False
774.9333 	DATA 	Keypress: left
774.9545 	INFO 	Keyboard events cleared
774.9541 	EXP 	surround_grating: autoDraw = False
774.9541 	EXP 	center_grating: autoDraw = False
774.9541 	EXP 	surround_grating: ori = 30.0
774.9541 	EXP 	surround_grating: phase = array([0.31056514, 0.31056514])
774.9541 	EXP 	center_grating: ori = 6.5
774.9541 	EXP 	center_grating: phase = array([0.37614754, 0.37614754])
775.4305 	EXP 	surround_grating: autoDraw = True
775.4305 	EXP 	center_grating: autoDraw = True
775.5042 	EXP 	surround_grating: autoDraw = False
775.5042 	EXP 	center_grating: autoDraw = False
776.0439 	DATA 	Keypress: left
776.0497 	INFO 	Keyboard events cleared
776.0493 	EXP 	surround_grating: autoDraw = False
776.0493 	EXP 	center_grating: autoDraw = False
776.0493 	EXP 	surround_grating: ori = -30.0
776.0493 	EXP 	surround_grating: phase = array([0.75420032, 0.75420032])
776.0493 	EXP 	center_grating: ori = -4.0
776.0493 	EXP 	center_grating: phase = array([0.48554151, 0.48554151])
776.5372 	EXP 	surround_grating: autoDraw = True
776.5372 	EXP 	center_grating: autoDraw = True
776.6101 	EXP 	surround_grating: autoDraw = False
776.6101 	EXP 	center_grating: autoDraw = False
777.0273 	DATA 	Keypress: left
777.0329 	INFO 	Keyboard events cleared
777.0325 	EXP 	surround_grating: autoDraw = False
777.0325 	EXP 	center_grating: autoDraw = False
777.0325 	EXP 	surround_grating: ori = 30.0
777.0325 	EXP 	surround_grating: phase = array([0.16536926, 0.16536926])
777.0325 	EXP 	center_grating: ori = 6.5
777.0325 	EXP 	center_grating: phase = array([0.66607445, 0.66607445])
777.5206 	EXP 	surround_grating: autoDraw = True
777.5206 	EXP 	center_grating: autoDraw = True
777.5930 	EXP 	surround_grating: autoDraw = False
777.5930 	EXP 	center_grating: autoDraw = False
777.9501 	DATA 	Keypress: left
777.9714 	INFO 	Keyboard events cleared
777.9709 	EXP 	surround_grating: autoDraw = False
777.9709 	EXP 	center_grating: autoDraw = False
777.9709 	EXP 	surround_grating: ori = 69.0
777.9709 	EXP 	surround_grating: phase = array([0.2667377, 0.2667377])
777.9709 	EXP 	center_grating: ori = 0.0
777.9709 	EXP 	center_grating: phase = array([0.59742085, 0.59742085])
778.4464 	EXP 	surround_grating: autoDraw = True
778.4464 	EXP 	center_grating: autoDraw = True
778.5212 	EXP 	surround_grating: autoDraw = False
778.5212 	EXP 	center_grating: autoDraw = False
780.4941 	DATA 	Keypress: left
780.5070 	INFO 	Keyboard events cleared
780.5065 	EXP 	surround_grating: autoDraw = False
780.5065 	EXP 	center_grating: autoDraw = False
780.5065 	EXP 	surround_grating: ori = 30.0
780.5065 	EXP 	surround_grating: phase = array([0.74465818, 0.74465818])
780.5065 	EXP 	center_grating: ori = 7.0
780.5065 	EXP 	center_grating: phase = array([0.9495997, 0.9495997])
780.9966 	EXP 	surround_grating: autoDraw = True
780.9966 	EXP 	center_grating: autoDraw = True
781.0712 	EXP 	surround_grating: autoDraw = False
781.0712 	EXP 	center_grating: autoDraw = False
781.3503 	DATA 	Keypress: left
781.3714 	INFO 	Keyboard events cleared
781.3709 	EXP 	surround_grating: autoDraw = False
781.3709 	EXP 	center_grating: autoDraw = False
781.3709 	EXP 	surround_grating: ori = 69.0
781.3709 	EXP 	surround_grating: phase = array([0.42090321, 0.42090321])
781.3709 	EXP 	center_grating: ori = 0.5
781.3709 	EXP 	center_grating: phase = array([0.38109058, 0.38109058])
781.8462 	EXP 	surround_grating: autoDraw = True
781.8462 	EXP 	center_grating: autoDraw = True
781.9212 	EXP 	surround_grating: autoDraw = False
781.9212 	EXP 	center_grating: autoDraw = False
782.2351 	DATA 	Keypress: left
782.2409 	INFO 	Keyboard events cleared
782.2404 	EXP 	surround_grating: autoDraw = False
782.2404 	EXP 	center_grating: autoDraw = False
782.2404 	EXP 	surround_grating: ori = 30.0
782.2404 	EXP 	surround_grating: phase = array([0.28895238, 0.28895238])
782.2404 	EXP 	center_grating: ori = 7.0
782.2404 	EXP 	center_grating: phase = array([0.52553837, 0.52553837])
782.7303 	EXP 	surround_grating: autoDraw = True
782.7303 	EXP 	center_grating: autoDraw = True
782.8047 	EXP 	surround_grating: autoDraw = False
782.8047 	EXP 	center_grating: autoDraw = False
783.0286 	DATA 	Keypress: left
783.0341 	INFO 	Keyboard events cleared
783.0336 	EXP 	surround_grating: autoDraw = False
783.0336 	EXP 	center_grating: autoDraw = False
783.0336 	EXP 	surround_grating: ori = 30.0
783.0336 	EXP 	surround_grating: phase = array([0.52513388, 0.52513388])
783.0336 	EXP 	center_grating: ori = 7.5
783.0336 	EXP 	center_grating: phase = array([0.66909531, 0.66909531])
783.5209 	EXP 	surround_grating: autoDraw = True
783.5209 	EXP 	center_grating: autoDraw = True
783.5926 	EXP 	surround_grating: autoDraw = False
783.5926 	EXP 	center_grating: autoDraw = False
783.9624 	DATA 	Keypress: left
783.9681 	INFO 	Keyboard events cleared
783.9677 	EXP 	surround_grating: autoDraw = False
783.9677 	EXP 	center_grating: autoDraw = False
783.9677 	EXP 	surround_grating: ori = 69.0
783.9677 	EXP 	surround_grating: phase = array([0.93522708, 0.93522708])
783.9677 	EXP 	center_grating: ori = 1.0
783.9677 	EXP 	center_grating: phase = array([0.47159891, 0.47159891])
784.1777 	DATA 	Keypress: right
784.1834 	INFO 	Keyboard events cleared
784.1829 	EXP 	surround_grating: autoDraw = False
784.1829 	EXP 	center_grating: autoDraw = False
784.1829 	EXP 	surround_grating: ori = 30.0
784.1829 	EXP 	surround_grating: phase = array([0.19203058, 0.19203058])
784.1829 	EXP 	center_grating: ori = 7.5
784.1829 	EXP 	center_grating: phase = array([0.24613822, 0.24613822])
784.6709 	EXP 	surround_grating: autoDraw = True
784.6709 	EXP 	center_grating: autoDraw = True
784.7433 	EXP 	surround_grating: autoDraw = False
784.7433 	EXP 	center_grating: autoDraw = False
785.4513 	DATA 	Keypress: right
785.4572 	INFO 	Keyboard events cleared
785.4567 	EXP 	surround_grating: autoDraw = False
785.4567 	EXP 	center_grating: autoDraw = False
785.4567 	EXP 	surround_grating: ori = 30.0
785.4567 	EXP 	surround_grating: phase = array([0.64997834, 0.64997834])
785.4567 	EXP 	center_grating: ori = 8.0
785.4567 	EXP 	center_grating: phase = array([0.56702851, 0.56702851])
785.9464 	EXP 	surround_grating: autoDraw = True
785.9464 	EXP 	center_grating: autoDraw = True
786.0216 	EXP 	surround_grating: autoDraw = False
786.0216 	EXP 	center_grating: autoDraw = False
786.3947 	DATA 	Keypress: right
786.4069 	INFO 	Keyboard events cleared
786.4065 	EXP 	surround_grating: autoDraw = False
786.4065 	EXP 	center_grating: autoDraw = False
786.4065 	EXP 	surround_grating: ori = 30.0
786.4065 	EXP 	surround_grating: phase = array([0.50683691, 0.50683691])
786.4065 	EXP 	center_grating: ori = 7.0
786.4065 	EXP 	center_grating: phase = array([0.22194677, 0.22194677])
786.8972 	EXP 	surround_grating: autoDraw = True
786.8972 	EXP 	center_grating: autoDraw = True
786.9715 	EXP 	surround_grating: autoDraw = False
786.9715 	EXP 	center_grating: autoDraw = False
787.2498 	DATA 	Keypress: right
787.2629 	INFO 	Keyboard events cleared
787.2625 	EXP 	surround_grating: autoDraw = False
787.2625 	EXP 	center_grating: autoDraw = False
787.2625 	EXP 	surround_grating: ori = 30.0
787.2625 	EXP 	surround_grating: phase = array([0.30217709, 0.30217709])
787.2625 	EXP 	center_grating: ori = 6.5
787.2625 	EXP 	center_grating: phase = array([0.18309665, 0.18309665])
787.7545 	EXP 	surround_grating: autoDraw = True
787.7545 	EXP 	center_grating: autoDraw = True
787.8270 	EXP 	surround_grating: autoDraw = False
787.8270 	EXP 	center_grating: autoDraw = False
788.3670 	DATA 	Keypress: right
788.3884 	INFO 	Keyboard events cleared
788.3879 	EXP 	surround_grating: autoDraw = False
788.3879 	EXP 	center_grating: autoDraw = False
788.3879 	EXP 	surround_grating: ori = 30.0
788.3879 	EXP 	surround_grating: phase = array([0.38221803, 0.38221803])
788.3879 	EXP 	center_grating: ori = 7.5
788.3879 	EXP 	center_grating: phase = array([0.28206739, 0.28206739])
788.8635 	EXP 	surround_grating: autoDraw = True
788.8635 	EXP 	center_grating: autoDraw = True
788.9385 	EXP 	surround_grating: autoDraw = False
788.9385 	EXP 	center_grating: autoDraw = False
789.4444 	DATA 	Keypress: right
789.4501 	INFO 	Keyboard events cleared
789.4496 	EXP 	surround_grating: autoDraw = False
789.4496 	EXP 	center_grating: autoDraw = False
789.4496 	EXP 	surround_grating: ori = 30.0
789.4496 	EXP 	surround_grating: phase = array([0.23013807, 0.23013807])
789.4496 	EXP 	center_grating: ori = 7.0
789.4496 	EXP 	center_grating: phase = array([0.56548796, 0.56548796])
789.9379 	EXP 	surround_grating: autoDraw = True
789.9379 	EXP 	center_grating: autoDraw = True
790.0103 	EXP 	surround_grating: autoDraw = False
790.0103 	EXP 	center_grating: autoDraw = False
790.3276 	DATA 	Keypress: right
790.3332 	INFO 	Keyboard events cleared
790.3328 	EXP 	surround_grating: autoDraw = False
790.3328 	EXP 	center_grating: autoDraw = False
790.3328 	EXP 	surround_grating: ori = 30.0
790.3328 	EXP 	surround_grating: phase = array([0.24802694, 0.24802694])
790.3328 	EXP 	center_grating: ori = 6.0
790.3328 	EXP 	center_grating: phase = array([0.48238777, 0.48238777])
790.8212 	EXP 	surround_grating: autoDraw = True
790.8212 	EXP 	center_grating: autoDraw = True
790.8932 	EXP 	surround_grating: autoDraw = False
790.8932 	EXP 	center_grating: autoDraw = False
791.2621 	DATA 	Keypress: right
791.2678 	INFO 	Keyboard events cleared
791.2671 	EXP 	surround_grating: autoDraw = False
791.2671 	EXP 	center_grating: autoDraw = False
791.2671 	EXP 	surround_grating: ori = 30.0
791.2671 	EXP 	surround_grating: phase = array([0.18206568, 0.18206568])
791.2671 	EXP 	center_grating: ori = 5.5
791.2671 	EXP 	center_grating: phase = array([0.95050683, 0.95050683])
791.7545 	EXP 	surround_grating: autoDraw = True
791.7545 	EXP 	center_grating: autoDraw = True
791.8268 	EXP 	surround_grating: autoDraw = False
791.8268 	EXP 	center_grating: autoDraw = False
792.2279 	DATA 	Keypress: right
792.2332 	INFO 	Keyboard events cleared
792.2327 	EXP 	surround_grating: autoDraw = False
792.2327 	EXP 	center_grating: autoDraw = False
792.2327 	EXP 	surround_grating: ori = 30.0
792.2327 	EXP 	surround_grating: phase = array([0.21433853, 0.21433853])
792.2327 	EXP 	center_grating: ori = 6.5
792.2327 	EXP 	center_grating: phase = array([0.96249762, 0.96249762])
792.7212 	EXP 	surround_grating: autoDraw = True
792.7212 	EXP 	center_grating: autoDraw = True
792.7937 	EXP 	surround_grating: autoDraw = False
792.7937 	EXP 	center_grating: autoDraw = False
793.1114 	DATA 	Keypress: right
793.1170 	INFO 	Keyboard events cleared
793.1164 	EXP 	surround_grating: autoDraw = False
793.1164 	EXP 	center_grating: autoDraw = False
793.1164 	EXP 	surround_grating: ori = 30.0
793.1164 	EXP 	surround_grating: phase = array([0.46586468, 0.46586468])
793.1164 	EXP 	center_grating: ori = 5.0
793.1164 	EXP 	center_grating: phase = array([0.19473579, 0.19473579])
793.6047 	EXP 	surround_grating: autoDraw = True
793.6047 	EXP 	center_grating: autoDraw = True
793.6766 	EXP 	surround_grating: autoDraw = False
793.6766 	EXP 	center_grating: autoDraw = False
793.9279 	DATA 	Keypress: right
793.9336 	INFO 	Keyboard events cleared
793.9331 	EXP 	surround_grating: autoDraw = False
793.9331 	EXP 	center_grating: autoDraw = False
793.9331 	EXP 	surround_grating: ori = 30.0
793.9331 	EXP 	surround_grating: phase = array([0.03339177, 0.03339177])
793.9331 	EXP 	center_grating: ori = 6.0
793.9331 	EXP 	center_grating: phase = array([0.83690807, 0.83690807])
794.4213 	EXP 	surround_grating: autoDraw = True
794.4213 	EXP 	center_grating: autoDraw = True
794.4932 	EXP 	surround_grating: autoDraw = False
794.4932 	EXP 	center_grating: autoDraw = False
794.8791 	DATA 	Keypress: right
794.8847 	INFO 	Keyboard events cleared
794.8843 	EXP 	surround_grating: autoDraw = False
794.8843 	EXP 	center_grating: autoDraw = False
794.8843 	EXP 	surround_grating: ori = 30.0
794.8843 	EXP 	surround_grating: phase = array([0.33158949, 0.33158949])
794.8843 	EXP 	center_grating: ori = 5.5
794.8843 	EXP 	center_grating: phase = array([0.08188906, 0.08188906])
795.3712 	EXP 	surround_grating: autoDraw = True
795.3712 	EXP 	center_grating: autoDraw = True
795.4434 	EXP 	surround_grating: autoDraw = False
795.4434 	EXP 	center_grating: autoDraw = False
795.8003 	DATA 	Keypress: right
795.8062 	INFO 	Keyboard events cleared
795.8056 	EXP 	surround_grating: autoDraw = False
795.8056 	EXP 	center_grating: autoDraw = False
795.8056 	EXP 	surround_grating: ori = 30.0
795.8056 	EXP 	surround_grating: phase = array([0.02738668, 0.02738668])
795.8056 	EXP 	center_grating: ori = 4.5
795.8056 	EXP 	center_grating: phase = array([0.5418675, 0.5418675])
796.2977 	EXP 	surround_grating: autoDraw = True
796.2977 	EXP 	center_grating: autoDraw = True
796.3718 	EXP 	surround_grating: autoDraw = False
796.3718 	EXP 	center_grating: autoDraw = False
796.6281 	DATA 	Keypress: right
796.6336 	INFO 	Keyboard events cleared
796.6331 	EXP 	surround_grating: autoDraw = False
796.6331 	EXP 	center_grating: autoDraw = False
796.6331 	EXP 	surround_grating: ori = 30.0
796.6331 	EXP 	surround_grating: phase = array([0.92199446, 0.92199446])
796.6331 	EXP 	center_grating: ori = 4.0
796.6331 	EXP 	center_grating: phase = array([0.50397586, 0.50397586])
797.1213 	EXP 	surround_grating: autoDraw = True
797.1213 	EXP 	center_grating: autoDraw = True
797.1944 	EXP 	surround_grating: autoDraw = False
797.1944 	EXP 	center_grating: autoDraw = False
797.9290 	DATA 	Keypress: right
797.9346 	INFO 	Keyboard events cleared
797.9341 	EXP 	surround_grating: autoDraw = False
797.9341 	EXP 	center_grating: autoDraw = False
797.9341 	EXP 	surround_grating: ori = 30.0
797.9341 	EXP 	surround_grating: phase = array([0.06370981, 0.06370981])
797.9341 	EXP 	center_grating: ori = 5.0
797.9341 	EXP 	center_grating: phase = array([0.34435697, 0.34435697])
798.4216 	EXP 	surround_grating: autoDraw = True
798.4216 	EXP 	center_grating: autoDraw = True
798.4941 	EXP 	surround_grating: autoDraw = False
798.4941 	EXP 	center_grating: autoDraw = False
799.0113 	DATA 	Keypress: right
799.0243 	INFO 	Keyboard events cleared
799.0239 	EXP 	surround_grating: autoDraw = False
799.0239 	EXP 	center_grating: autoDraw = False
799.0239 	EXP 	surround_grating: ori = 30.0
799.0239 	EXP 	surround_grating: phase = array([0.32462693, 0.32462693])
799.0239 	EXP 	center_grating: ori = 4.5
799.0239 	EXP 	center_grating: phase = array([0.10153491, 0.10153491])
799.5145 	EXP 	surround_grating: autoDraw = True
799.5145 	EXP 	center_grating: autoDraw = True
799.5886 	EXP 	surround_grating: autoDraw = False
799.5886 	EXP 	center_grating: autoDraw = False
799.9667 	DATA 	Keypress: left
799.9722 	INFO 	Keyboard events cleared
799.9717 	EXP 	surround_grating: autoDraw = False
799.9717 	EXP 	center_grating: autoDraw = False
799.9717 	EXP 	surround_grating: ori = 30.0
799.9717 	EXP 	surround_grating: phase = array([0.42774749, 0.42774749])
799.9717 	EXP 	center_grating: ori = 3.5
799.9717 	EXP 	center_grating: phase = array([0.38775202, 0.38775202])
800.4647 	EXP 	surround_grating: autoDraw = True
800.4647 	EXP 	center_grating: autoDraw = True
800.5390 	EXP 	surround_grating: autoDraw = False
800.5390 	EXP 	center_grating: autoDraw = False
800.9665 	DATA 	Keypress: left
800.9718 	INFO 	Keyboard events cleared
800.9714 	EXP 	surround_grating: autoDraw = False
800.9714 	EXP 	center_grating: autoDraw = False
800.9714 	EXP 	surround_grating: ori = 30.0
800.9714 	EXP 	surround_grating: phase = array([0.92734182, 0.92734182])
800.9714 	EXP 	center_grating: ori = 4.0
800.9714 	EXP 	center_grating: phase = array([0.55475764, 0.55475764])
801.4646 	EXP 	surround_grating: autoDraw = True
801.4646 	EXP 	center_grating: autoDraw = True
801.5387 	EXP 	surround_grating: autoDraw = False
801.5387 	EXP 	center_grating: autoDraw = False
802.3275 	DATA 	Keypress: right
802.3556 	INFO 	Keyboard events cleared
802.3551 	EXP 	surround_grating: autoDraw = False
802.3551 	EXP 	center_grating: autoDraw = False
802.3551 	EXP 	text_14: autoDraw = True
810.8626 	DATA 	Keypress: space
810.8688 	INFO 	Keyboard events cleared
810.8681 	EXP 	text_14: autoDraw = False
810.8681 	EXP 	text_4: autoDraw = True
826.9176 	DATA 	Keypress: space
826.9228 	EXP 	text_4: autoDraw = False
826.9229 	EXP 	tilt_staircase: status = STOPPED
827.0169 	INFO 	saved data to '/Users/cpcr/Documents/tilt/tilt_staircase/data/sub-21049997/ses-0/sub-21049997_ses-0_exp-tiltstaircase_2025-10-20_12h56.33.344.csv'
827.0198 	INFO 	saved data to /Users/cpcr/Documents/tilt/tilt_staircase/data/sub-21049997/ses-0/sub-21049997_ses-0_exp-tiltstaircase_2025-10-20_12h56.33.344.psydat
