center,surround,correct,thisN,thisTrialN,thisRepN,key_resp_3.keys,key_resp_3.corr,key_resp_3.rt,key_resp_3.duration,orient_opacity,noise_opacity,key_resp_4.keys,key_resp_4.corr,key_resp_4.rt,key_resp_4.duration,type,surr_type,isi,resp.keys,resp.rt,resp.duration,key_resp_10.keys,key_resp_10.rt,key_resp_10.duration,practice_no_time.thisRepN,practice_no_time.thisTrialN,practice_no_time.thisN,practice_no_time.thisIndex,practice_timed.thisRepN,practice_timed.thisTrialN,practice_timed.thisN,practice_timed.thisIndex,trials.thisRepN,trials.thisTrialN,trials.thisN,trials.thisIndex,thisRow.t,notes,instr.started,text_5.started,key_resp_2.started,instr.stopped,key_resp_2.keys,key_resp_2.rt,key_resp_2.duration,instr_example.started,key_resp_11.started,surround_practice_example.started,center_practice_example.started,text_15.started,instr_example.stopped,key_resp_11.keys,key_resp_11.rt,key_resp_11.duration,instr2.started,text_6.started,key_resp_6.started,instr2.stopped,key_resp_6.keys,key_resp_6.rt,key_resp_6.duration,practice_trial.started,key_resp_3.started,surround_practice.started,center_practice.started,practice_trial.stopped,practice_no_time.key_resp_3.keys,practice_no_time.key_resp_3.corr,practice_no_time.key_resp_3.rt,practice_no_time.key_resp_3.duration,practice_feedback.started,text_7.started,practice_feedback.stopped,text_7.stopped,instr3.started,text_8.started,key_resp_5.started,instr3.stopped,key_resp_5.keys,key_resp_5.rt,key_resp_5.duration,practice_trial_timed.started,key_resp_4.started,noise_2.started,surround_practice_2.started,center_practice_2.started,noise_2.stopped,surround_practice_2.stopped,center_practice_2.stopped,text_12.started,practice_trial_timed.stopped,practice_timed.key_resp_4.keys,practice_timed.key_resp_4.corr,practice_timed.key_resp_4.rt,practice_timed.key_resp_4.duration,practice_feedback_timed.started,text_16.started,text_16.stopped,practice_feedback_timed.stopped,start_instr.started,text_13.started,key_resp_8.started,start_instr.stopped,key_resp_8.keys,key_resp_8.rt,key_resp_8.duration,trial.started,resp.started,noise_3.started,surround_grating.started,center_grating.started,noise_3.stopped,surround_grating.stopped,center_grating.stopped,trial.stopped,trials.resp.keys,trials.resp.rt,trials.resp.duration,break_2.started,break_2.stopped,trials.key_resp_10.keys,text_2.started,key_resp_10.started,trials.key_resp_10.rt,trials.key_resp_10.duration,end.started,text_14.started,key_resp.started,end.stopped,key_resp.keys,key_resp.rt,key_resp.duration,sub,ses,date,expName,psychopyVersion,frameRate,expStart,
,,,,,,,,,,,,,,,,,,,,,,,,,,,,,,,,,,,,,,,0.00975199998356402,0.01709645800292492,0.01709645800292492,46.89701445799437,space,46.83909920899896,None,,,,,,,,,,,,,,,,,,,,,,,,,,,,,,,,,,,,,,,,,,,,,,,,,,,,,,,,,,,,,,,,,,,,,,,,,,,,,,,,,,,,,,,,21049980,0,2025-12-19_13h26.19.902,tilt_mocs,2024.2.4,118.6912514243581,2025-12-19 13h27.13.083545 -0500,
,,,,,,,,,,,,,,,,,,,,,,,,,,,,,,,,,,,,,,,,,,,,,,46.8985379159858,46.91853174997959,46.91853174997959,46.91853174997959,46.91853174997959,50.83090658299625,period,3.905806083988864,None,,,,,,,,,,,,,,,,,,,,,,,,,,,,,,,,,,,,,,,,,,,,,,,,,,,,,,,,,,,,,,,,,,,,,,,,,,,,,,,21049980,0,2025-12-19_13h26.19.902,tilt_mocs,2024.2.4,118.6912514243581,2025-12-19 13h27.13.083545 -0500,
,,,,,,,,,,,,,,,,,,,,,,,,,,,,,,,,,,,,,,,,,,,,,,,,,,,,,,,50.83098487497773,50.841276249993825,50.841276249993825,53.93794066598639,space,3.0912383329996374,None,,,,,,,,,,,,,,,,,,,,,,,,,,,,,,,,,,,,,,,,,,,,,,,,,,,,,,,,,,,,,,,,,,,,,,,,21049980,0,2025-12-19_13h26.19.902,tilt_mocs,2024.2.4,118.6912514243581,2025-12-19 13h27.13.083545 -0500,
30,0,period,0,0,0,period,1,1.058214874996338,None,,,,,,,,,,,,,,,,0,0,0,0,,,,,,,,,53.95939899998484,,,,,,,,,,,,,,,,,,,,,,,,,53.95058358297683,53.95939899998484,54.44373224998708,54.44373224998708,55.021976082993206,period,1,1.058214874996338,None,55.02732391600148,55.03718691598624,56.52990666599362,,,,,,,,,,,,,,,,,,,,,,,,,,,,,,,,,,,,,,,,,,,,,,,,,,,,,,,,,,,,21049980,0,2025-12-19_13h26.19.902,tilt_mocs,2024.2.4,118.6912514243581,2025-12-19 13h27.13.083545 -0500,
-30,0,z,1,1,0,z,1,0.9413336249999702,None,,,,,,,,,,,,,,,,0,1,1,1,,,,,,,,,56.53829520798172,,,,,,,,,,,,,,,,,,,,,,,,,56.53246062499238,56.53829520798172,57.0214289999858,57.0214289999858,57.48253179099993,z,1,0.9413336249999702,None,57.482686665985966,57.49252912498196,58.98043075000169,58.98836870800005,,,,,,,,,,,,,,,,,,,,,,,,,,,,,,,,,,,,,,,,,,,,,,,,,,,,,,,,,,,21049980,0,2025-12-19_13h26.19.902,tilt_mocs,2024.2.4,118.6912514243581,2025-12-19 13h27.13.083545 -0500,
30,60,period,2,2,0,period,1,1.0072136250091717,None,,,,,,,,,,,,,,,,0,2,2,2,,,,,,,,,58.98836870800005,,,,,,,,,,,,,,,,,,,,,,,,,58.982813749986235,58.98836870800005,59.479335415991955,59.479335415991955,59.998651499976404,period,1,1.0072136250091717,None,59.99876116600353,60.007836915989174,61.49733416599338,61.50595574997715,,,,,,,,,,,,,,,,,,,,,,,,,,,,,,,,,,,,,,,,,,,,,,,,,,,,,,,,,,,21049980,0,2025-12-19_13h26.19.902,tilt_mocs,2024.2.4,118.6912514243581,2025-12-19 13h27.13.083545 -0500,
-30,-60,z,3,3,0,z,1,0.9239328330149874,None,,,,,,,,,,,,,,,,0,3,3,3,,,,,,,,,61.50595574997715,,,,,,,,,,,,,,,,,,,,,,,,,61.500309499999275,61.50595574997715,61.99596933298744,61.99596933298744,62.433215165976435,z,1,0.9239328330149874,None,62.43335737500456,62.44253924998338,63.93069404098787,63.93826316599734,,,,,,,,,,,,,,,,,,,,,,,,,,,,,,,,,,,,,,,,,,,,,,,,,,,,,,,,,,,21049980,0,2025-12-19_13h26.19.902,tilt_mocs,2024.2.4,118.6912514243581,2025-12-19 13h27.13.083545 -0500,
,,,,,,,,,,,,,,,,,,,,,,,,,,,,,,,,,,,,,,,,,,,,,,,,,,,,,,,,,,,,,,,,,,,,,,,,,,,63.93086983298417,63.93826316599734,63.93826316599734,72.79908695799531,space,8.85288487499929,None,,,,,,,,,,,,,,,,,,,,,,,,,,,,,,,,,,,,,,,,,,,,,,,,,,,,21049980,0,2025-12-19_13h26.19.902,tilt_mocs,2024.2.4,118.6912514243581,2025-12-19 13h27.13.083545 -0500,
-30,-60,z,0,0,0,,,,,100,0,z,1,2.0481004169851076,None,,,,,,,,,,,,,,0,0,0,0,,,,,72.81557866599178,,,,,,,,,,,,,,,,,,,,,,,,,,,,,,,,,,,,,,,,,,,,,72.80673149999348,72.81557866599178,73.29933570799767,73.29933570799767,73.29933570799767,73.37144195797737,73.37144195797737,73.37144195797737,73.37144195797737,74.86666450000484,z,1,2.0481004169851076,None,74.8702862909995,74.88079858297715,76.37187054098467,76.36449158299365,,,,,,,,,,,,,,,,,,,,,,,,,,,,,,,,,,21049980,0,2025-12-19_13h26.19.902,tilt_mocs,2024.2.4,118.6912514243581,2025-12-19 13h27.13.083545 -0500,
-30,0,z,1,1,0,,,,,100,0,z,1,0.9942553750006482,None,,,,,,,,,,,,,,0,1,1,1,,,,,76.37187054098467,,,,,,,,,,,,,,,,,,,,,,,,,,,,,,,,,,,,,,,,,,,,,76.3662317499984,76.37187054098467,76.86328287498327,76.86328287498327,76.86328287498327,76.93737733300077,76.93737733300077,76.93737733300077,76.93737733300077,77.37295641598757,z,1,0.9942553750006482,None,77.3730724999914,77.38258074998157,78.88028074998874,78.86940337499254,,,,,,,,,,,,,,,,,,,,,,,,,,,,,,,,,,21049980,0,2025-12-19_13h26.19.902,tilt_mocs,2024.2.4,118.6912514243581,2025-12-19 13h27.13.083545 -0500,
30,60,period,2,2,0,,,,,100,0,period,1,0.9050631670106668,None,,,,,,,,,,,,,,0,2,2,2,,,,,78.88028074998874,,,,,,,,,,,,,,,,,,,,,,,,,,,,,,,,,,,,,,,,,,,,,78.87080216599861,78.88028074998874,79.37297329099965,79.37297329099965,79.37297329099965,79.44736420799745,79.44736420799745,79.44736420799745,79.44736420799745,79.78799620800419,period,1,0.9050631670106668,None,79.78811254099128,79.79679574997863,81.29138624999905,81.28150729098707,,,,,,,,,,,,,,,,,,,,,,,,,,,,,,,,,,21049980,0,2025-12-19_13h26.19.902,tilt_mocs,2024.2.4,118.6912514243581,2025-12-19 13h27.13.083545 -0500,
30,0,period,3,3,0,,,,,100,0,period,1,0.8965540830104146,None,,,,,,,,,,,,,,0,3,3,3,,,,,81.29138624999905,,,,,,,,,,,,,,,,,,,,,,,,,,,,,,,,,,,,,,,,,,,,,81.28582074999576,81.29138624999905,81.78934883300099,81.78934883300099,81.78934883300099,81.86387050000485,81.86387050000485,81.86387050000485,81.86387050000485,82.19929004099686,period,1,0.8965540830104146,None,82.19943854099256,82.20877058297629,83.70694391598227,83.69843929097988,,,,,,,,,,,,,,,,,,,,,,,,,,,,,,,,,,21049980,0,2025-12-19_13h26.19.902,tilt_mocs,2024.2.4,118.6912514243581,2025-12-19 13h27.13.083545 -0500,
-30,69,z,4,4,0,,,,,0,100,z,1,0.8643270829925314,None,,,,,,,,,,,,,,0,4,4,4,,,,,83.70694391598227,,,,,,,,,,,,,,,,,,,,,,,,,,,,,,,,,,,,,,,,,,,,,83.70094345798134,83.70694391598227,84.19690174999414,84.19690174999414,84.19690174999414,84.2704243749904,84.2704243749904,84.2704243749904,84.2704243749904,84.58295708298101,z,1,0.8643270829925314,None,84.58311620799941,84.59222766599851,86.08962737498223,86.08172104100231,,,,,,,,,,,,,,,,,,,,,,,,,,,,,,,,,,21049980,0,2025-12-19_13h26.19.902,tilt_mocs,2024.2.4,118.6912514243581,2025-12-19 13h27.13.083545 -0500,
30,69,period,5,5,0,,,,,0,100,period,1,0.8944871250132564,None,,,,,,,,,,,,,,0,5,5,5,,,,,86.08962737498223,,,,,,,,,,,,,,,,,,,,,,,,,,,,,,,,,,,,,,,,,,,,,86.08377941598883,86.08962737498223,86.58030845798203,86.58030845798203,86.58030845798203,86.65333254099824,86.65333254099824,86.65333254099824,86.65333254099824,86.98954700000468,period,1,0.8944871250132564,None,86.98968737499672,86.9988348329789,88.49696841600235,88.48689470798126,,,,,,,,,,,,,,,,,,,,,,,,,,,,,,,,,,21049980,0,2025-12-19_13h26.19.902,tilt_mocs,2024.2.4,118.6912514243581,2025-12-19 13h27.13.083545 -0500,
,,,,,,,,,,,,,,,,,,,,,,,,,,,,,,,,,,,,,,,,,,,,,,,,,,,,,,,,,,,,,,,,,,,,,,,,,,,,,,,,,,,,,,,,,,,,,,,,,,,,88.48710137497983,88.49696841600235,88.49696841600235,104.59407824999653,space,16.085173958010273,None,,,,,,,,,,,,,,,,,,,,,,,,,,,21049980,0,2025-12-19_13h26.19.902,tilt_mocs,2024.2.4,118.6912514243581,2025-12-19 13h27.13.083545 -0500,
4,15.0,,0,0,0,,,,,100,0,,,,,c+4,poss,0.5,z,1.1432362089981325,None,None,,,,,,,,,,,0,0,0,130,104.72581999999238,,,,,,,,,,,,,,,,,,,,,,,,,,,,,,,,,,,,,,,,,,,,,,,,,,,,,,,,,,,,,,,,,,,,,,104.72053770799539,104.72581999999238,105.09654433297692,105.09654433297692,105.09654433297692,105.1701513750013,105.1701513750013,105.1701513750013,105.87375854098354,z,1.1432362089981325,None,105.87388804098009,105.8739591249905,None,,,,,,,,,,,,21049980,0,2025-12-19_13h26.19.902,tilt_mocs,2024.2.4,118.6912514243581,2025-12-19 13h27.13.083545 -0500,
2,0.0,,1,1,0,,,,,0,100,,,,,c+2,noss,0.75,period,1.3375349160050973,None,None,,,,,,,,,,,0,1,1,646,105.88501616599387,,,,,,,,,,,,,,,,,,,,,,,,,,,,,,,,,,,,,,,,,,,,,,,,,,,,,,,,,,,,,,,,,,,,,,105.87654524997924,105.88501616599387,106.62378524997621,106.62378524997621,106.62378524997621,106.69834158298909,106.69834158298909,106.69834158298909,107.23410691600293,period,1.3375349160050973,None,107.2342768329836,107.23433966599987,None,,,,,,,,,,,,21049980,0,2025-12-19_13h26.19.902,tilt_mocs,2024.2.4,118.6912514243581,2025-12-19 13h27.13.083545 -0500,
-8,-15.0,,2,2,0,,,,,100,0,,,,,c-8,negs,1.0,period,0.1223915420123376,None,None,,,,,,,,,,,0,2,2,276,107.24611312500201,,,,,,,,,,,,,,,,,,,,,,,,,,,,,,,,,,,,,,,,,,,,,,,,,,,,,,,,,,,,,,,,,,,,,,107.23682191598346,107.24611312500201,,,,,,,107.37159545798204,period,0.1223915420123376,None,107.37169574998552,107.37174187498749,None,,,,,,,,,,,,21049980,0,2025-12-19_13h26.19.902,tilt_mocs,2024.2.4,118.6912514243581,2025-12-19 13h27.13.083545 -0500,
8,15.0,,3,3,0,,,,,100,0,,,,,c+8,poss,0.5,period,0.9399028749903664,None,None,,,,,,,,,,,0,3,3,215,107.39796616599779,,,,,,,,,,,,,,,,,,,,,,,,,,,,,,,,,,,,,,,,,,,,,,,,,,,,,,,,,,,,,,,,,,,,,,107.37374074998661,107.39796616599779,107.86456466600066,107.86456466600066,107.86456466600066,107.93706683299388,107.93706683299388,107.93706683299388,108.35110579099273,period,0.9399028749903664,None,108.3512740409933,108.35135129099945,None,,,,,,,,,,,,21049980,0,2025-12-19_13h26.19.902,tilt_mocs,2024.2.4,118.6912514243581,2025-12-19 13h27.13.083545 -0500,
-4,-15.0,,4,4,0,,,,,100,0,,,,,c-4,negs,1.25,z,1.7758712499926332,None,None,,,,,,,,,,,0,4,4,374,108.36282816599123,,,,,,,,,,,,,,,,,,,,,,,,,,,,,,,,,,,,,,,,,,,,,,,,,,,,,,,,,,,,,,,,,,,,,,108.35383291597827,108.36282816599123,109.59791474998929,109.59791474998929,109.59791474998929,109.67078762498568,109.67078762498568,109.67078762498568,110.15066791599384,z,1.7758712499926332,None,110.15083366600447,110.1508943749941,None,,,,,,,,,,,,21049980,0,2025-12-19_13h26.19.902,tilt_mocs,2024.2.4,118.6912514243581,2025-12-19 13h27.13.083545 -0500,
4,0.0,,5,5,0,,,,,0,100,,,,,c+4,noss,1.0,period,1.4853199170029256,None,None,,,,,,,,,,,0,5,5,697,110.16300954099279,,,,,,,,,,,,,,,,,,,,,,,,,,,,,,,,,,,,,,,,,,,,,,,,,,,,,,,,,,,,,,,,,,,,,,110.1540231249819,110.16300954099279,111.1480150409916,111.1480150409916,111.1480150409916,111.22121779099689,111.22121779099689,111.22121779099689,111.65087933299947,period,1.4853199170029256,None,111.65101570799015,111.65106933299103,None,,,,,,,,,,,,21049980,0,2025-12-19_13h26.19.902,tilt_mocs,2024.2.4,118.6912514243581,2025-12-19 13h27.13.083545 -0500,
0,0.0,,6,6,0,,,,,0,100,,,,,c+0,noss,1.0,z,1.4217738750157878,None,None,,,,,,,,,,,0,6,6,612,111.66220324998721,,,,,,,,,,,,,,,,,,,,,,,,,,,,,,,,,,,,,,,,,,,,,,,,,,,,,,,,,,,,,,,,,,,,,,111.65350145800039,111.66220324998721,112.64716037499602,112.64716037499602,112.64716037499602,112.7200651250023,112.7200651250023,112.7200651250023,113.09039116598433,z,1.4217738750157878,None,113.09052954099025,113.09060991599108,None,,,,,,,,,,,,21049980,0,2025-12-19_13h26.19.902,tilt_mocs,2024.2.4,118.6912514243581,2025-12-19 13h27.13.083545 -0500,
6,15.0,,7,7,0,,,,,100,0,,,,,c+6,poss,1.0,period,1.3839630839938764,None,None,,,,,,,,,,,0,7,7,191,113.10128383297706,,,,,,,,,,,,,,,,,,,,,,,,,,,,,,,,,,,,,,,,,,,,,,,,,,,,,,,,,,,,,,,,,,,,,,113.09317520799232,113.10128383297706,114.09141266599181,114.09141266599181,114.09141266599181,114.16523204097757,114.16523204097757,114.16523204097757,114.48905095798546,period,1.3839630839938764,None,114.48915529099759,114.489200290991,None,,,,,,,,,,,,21049980,0,2025-12-19_13h26.19.902,tilt_mocs,2024.2.4,118.6912514243581,2025-12-19 13h27.13.083545 -0500,
-2,0.0,,8,8,0,,,,,0,100,,,,,c-2,noss,1.0,z,1.3736609169864096,None,None,,,,,,,,,,,0,8,8,573,114.50033004098805,,,,,,,,,,,,,,,,,,,,,,,,,,,,,,,,,,,,,,,,,,,,,,,,,,,,,,,,,,,,,,,,,,,,,,114.49120291598956,114.50033004098805,115.4914590829867,115.4914590829867,115.4914590829867,115.56521804098156,115.56521804098156,115.56521804098156,115.88415837500361,z,1.3736609169864096,None,115.88433074997738,115.88438970799325,None,,,,,,,,,,,,21049980,0,2025-12-19_13h26.19.902,tilt_mocs,2024.2.4,118.6912514243581,2025-12-19 13h27.13.083545 -0500,
6,15.0,,9,9,0,,,,,100,0,,,,,c+6,poss,0.75,period,1.1406787089945283,None,None,,,,,,,,,,,0,9,9,187,115.89659966598265,,,,,,,,,,,,,,,,,,,,,,,,,,,,,,,,,,,,,,,,,,,,,,,,,,,,,,,,,,,,,,,,,,,,,,115.88725124998018,115.89659966598265,116.63143662500079,116.63143662500079,116.63143662500079,116.70382233298733,116.70382233298733,116.70382233298733,117.04100804097834,period,1.1406787089945283,None,117.04114791599568,117.04119524999987,None,,,,,,,,,,,,21049980,0,2025-12-19_13h26.19.902,tilt_mocs,2024.2.4,118.6912514243581,2025-12-19 13h27.13.083545 -0500,
8,15.0,,10,10,0,,,,,100,0,,,,,c+8,poss,0.75,period,1.2502160840085708,None,None,,,,,,,,,,,0,10,10,225,117.05156233298476,,,,,,,,,,,,,,,,,,,,,,,,,,,,,,,,,,,,,,,,,,,,,,,,,,,,,,,,,,,,,,,,,,,,,,117.04321033298038,117.05156233298476,117.79050745800487,117.79050745800487,117.79050745800487,117.86525966599584,117.86525966599584,117.86525966599584,118.30596958298702,period,1.2502160840085708,None,118.30607291599154,118.30611787497764,None,,,,,,,,,,,,21049980,0,2025-12-19_13h26.19.902,tilt_mocs,2024.2.4,118.6912514243581,2025-12-19 13h27.13.083545 -0500,
-2,-15.0,,11,11,0,,,,,100,0,,,,,c-2,negs,1.25,period,1.7432546659838408,None,None,,,,,,,,,,,0,11,11,414,118.31729099998483,,,,,,,,,,,,,,,,,,,,,,,,,,,,,,,,,,,,,,,,,,,,,,,,,,,,,,,,,,,,,,,,,,,,,,118.30813212497742,118.31729099998483,119.5580116249912,119.5580116249912,119.5580116249912,119.63189412499196,119.63189412499196,119.63189412499196,120.06796029099496,period,1.7432546659838408,None,120.06806849999703,120.06811191598536,None,,,,,,,,,,,,21049980,0,2025-12-19_13h26.19.902,tilt_mocs,2024.2.4,118.6912514243581,2025-12-19 13h27.13.083545 -0500,
-2,15.0,,12,12,0,,,,,100,0,,,,,c-2,poss,1.25,z,1.7318807080155239,None,None,,,,,,,,,,,0,12,12,38,120.0787835829833,,,,,,,,,,,,,,,,,,,,,,,,,,,,,,,,,,,,,,,,,,,,,,,,,,,,,,,,,,,,,,,,,,,,,,120.070169832994,120.0787835829833,121.31416470799013,121.31416470799013,121.31416470799013,121.38685474998783,121.38685474998783,121.38685474998783,121.81840745799127,z,1.7318807080155239,None,121.8185816250043,121.81863933298155,None,,,,,,,,,,,,21049980,0,2025-12-19_13h26.19.902,tilt_mocs,2024.2.4,118.6912514243581,2025-12-19 13h27.13.083545 -0500,
-4,-15.0,,13,13,0,,,,,100,0,,,,,c-4,negs,1.0,z,1.4808517079800367,None,None,,,,,,,,,,,0,13,13,360,121.83022770797834,,,,,,,,,,,,,,,,,,,,,,,,,,,,,,,,,,,,,,,,,,,,,,,,,,,,,,,,,,,,,,,,,,,,,,121.8211210409936,121.83022770797834,122.8149320409866,122.8149320409866,122.8149320409866,122.88767104098224,122.88767104098224,122.88767104098224,123.31779104098678,z,1.4808517079800367,None,123.31789841598948,123.31794199999422,None,,,,,,,,,,,,21049980,0,2025-12-19_13h26.19.902,tilt_mocs,2024.2.4,118.6912514243581,2025-12-19 13h27.13.083545 -0500,
2,15.0,,14,14,0,,,,,100,0,,,,,c+2,poss,1.25,z,1.699573915975634,None,None,,,,,,,,,,,0,14,14,125,123.32880437499261,,,,,,,,,,,,,,,,,,,,,,,,,,,,,,,,,,,,,,,,,,,,,,,,,,,,,,,,,,,,,,,,,,,,,,123.31994354099152,123.32880437499261,124.56422570798895,124.56422570798895,124.56422570798895,124.63809420799953,124.63809420799953,124.63809420799953,125.03502149999258,z,1.699573915975634,None,125.03517779099639,125.03523745798157,None,,,,,,,,,,,,21049980,0,2025-12-19_13h26.19.902,tilt_mocs,2024.2.4,118.6912514243581,2025-12-19 13h27.13.083545 -0500,
0,0.0,,15,15,0,,,,,0,100,,,,,c+0,noss,0.75,z,1.1876381660113111,None,None,,,,,,,,,,,0,15,15,600,125.0461003749806,,,,,,,,,,,,,,,,,,,,,,,,,,,,,,,,,,,,,,,,,,,,,,,,,,,,,,,,,,,,,,,,,,,,,,125.03742291597882,125.0461003749806,125.78184445798979,125.78184445798979,125.78184445798979,125.85361370799365,125.85361370799365,125.85361370799365,126.23926237499109,z,1.1876381660113111,None,126.23942845797865,126.23951274997671,None,,,,,,,,,,,,21049980,0,2025-12-19_13h26.19.902,tilt_mocs,2024.2.4,118.6912514243581,2025-12-19 13h27.13.083545 -0500,
-2,15.0,,16,16,0,,,,,100,0,,,,,c-2,poss,0.5,z,0.8563772499910556,None,None,,,,,,,,,,,0,16,16,10,126.25139562500408,,,,,,,,,,,,,,,,,,,,,,,,,,,,,,,,,,,,,,,,,,,,,,,,,,,,,,,,,,,,,,,,,,,,,,126.24228458298603,126.25139562500408,126.73117066599661,126.73117066599661,126.73117066599661,126.8039629579871,126.8039629579871,126.8039629579871,127.11855641598231,z,0.8563772499910556,None,127.11872220798978,127.11882049997803,None,,,,,,,,,,,,21049980,0,2025-12-19_13h26.19.902,tilt_mocs,2024.2.4,118.6912514243581,2025-12-19 13h27.13.083545 -0500,
0,-15.0,,17,17,0,,,,,100,0,,,,,c+0,negs,0.5,period,0.9088847919774707,None,None,,,,,,,,,,,0,17,17,420,127.13061404100154,,,,,,,,,,,,,,,,,,,,,,,,,,,,,,,,,,,,,,,,,,,,,,,,,,,,,,,,,,,,,,,,,,,,,,127.12144362498657,127.13061404100154,127.61517629100126,127.61517629100126,127.61517629100126,127.68706516598468,127.68706516598468,127.68706516598468,128.05114691599738,period,0.9088847919774707,None,128.05138212497695,128.0515019579907,None,,,,,,,,,,,,21049980,0,2025-12-19_13h26.19.902,tilt_mocs,2024.2.4,118.6912514243581,2025-12-19 13h27.13.083545 -0500,
-8,-15.0,,18,18,0,,,,,100,0,,,,,c-8,negs,1.0,z,1.3429350829974283,None,None,,,,,,,,,,,0,18,18,278,128.0630758329935,,,,,,,,,,,,,,,,,,,,,,,,,,,,,,,,,,,,,,,,,,,,,,,,,,,,,,,,,,,,,,,,,,,,,,128.05397083298885,128.0630758329935,129.0487324159767,129.0487324159767,129.0487324159767,129.12057737499708,129.12057737499708,129.12057737499708,129.41797720798058,z,1.3429350829974283,None,129.4180836250016,129.4181269579858,None,,,,,,,,,,,,21049980,0,2025-12-19_13h26.19.902,tilt_mocs,2024.2.4,118.6912514243581,2025-12-19 13h27.13.083545 -0500,
8,15.0,,19,19,0,,,,,100,0,,,,,c+8,poss,0.75,period,1.1319073750055395,None,None,,,,,,,,,,,0,19,19,224,129.4289047079801,,,,,,,,,,,,,,,,,,,,,,,,,,,,,,,,,,,,,,,,,,,,,,,,,,,,,,,,,,,,,,,,,,,,,,129.42021279098117,129.4289047079801,130.1652482909849,130.1652482909849,130.1652482909849,130.23772933299188,130.23772933299188,130.23772933299188,130.56854941599886,period,1.1319073750055395,None,130.5687076659815,130.56877612500102,None,,,,,,,,,,,,21049980,0,2025-12-19_13h26.19.902,tilt_mocs,2024.2.4,118.6912514243581,2025-12-19 13h27.13.083545 -0500,
2,-15.0,,20,20,0,,,,,100,0,,,,,c+2,negs,1.25,period,1.719626749982126,None,None,,,,,,,,,,,0,20,20,498,130.5802336249908,,,,,,,,,,,,,,,,,,,,,,,,,,,,,,,,,,,,,,,,,,,,,,,,,,,,,,,,,,,,,,,,,,,,,,130.5711161659856,130.5802336249908,131.8153337079857,131.8153337079857,131.8153337079857,131.88855924998643,131.88855924998643,131.88855924998643,132.31187358297757,period,1.719626749982126,None,132.3119805829774,132.31202516600024,None,,,,,,,,,,,,21049980,0,2025-12-19_13h26.19.902,tilt_mocs,2024.2.4,118.6912514243581,2025-12-19 13h27.13.083545 -0500,
0,15.0,,21,21,0,,,,,100,0,,,,,c+0,poss,1.0,period,1.282614541996736,None,None,,,,,,,,,,,0,21,21,73,132.31842904098448,,,,,,,,,,,,,,,,,,,,,,,,,,,,,,,,,,,,,,,,,,,,,,,,,,,,,,,,,,,,,,,,,,,,,,132.3140478330024,132.31842904098448,133.30879491599626,133.30879491599626,133.30879491599626,133.38261945798877,133.38261945798877,133.38261945798877,133.60765208298108,period,1.282614541996736,None,133.60777804098325,133.6078354579804,None,,,,,,,,,,,,21049980,0,2025-12-19_13h26.19.902,tilt_mocs,2024.2.4,118.6912514243581,2025-12-19 13h27.13.083545 -0500,
-4,0.0,,22,22,0,,,,,0,100,,,,,c-4,noss,1.25,z,1.6774225829867646,None,None,,,,,,,,,,,0,22,22,545,133.61862183298217,,,,,,,,,,,,,,,,,,,,,,,,,,,,,,,,,,,,,,,,,,,,,,,,,,,,,,,,,,,,,,,,,,,,,,133.61034087499138,133.61862183298217,134.8585421250027,134.8585421250027,134.8585421250027,134.93247541598976,134.93247541598976,134.93247541598976,135.3016409999982,z,1.6774225829867646,None,135.30180879100226,135.30186700000195,None,,,,,,,,,,,,21049980,0,2025-12-19_13h26.19.902,tilt_mocs,2024.2.4,118.6912514243581,2025-12-19 13h27.13.083545 -0500,
-8,-15.0,,23,23,0,,,,,100,0,,,,,c-8,negs,0.5,z,0.902273542014882,None,None,,,,,,,,,,,0,23,23,260,135.31391970798722,,,,,,,,,,,,,,,,,,,,,,,,,,,,,,,,,,,,,,,,,,,,,,,,,,,,,,,,,,,,,,,,,,,,,,135.304936874978,135.31391970798722,135.79889554099645,135.79889554099645,135.79889554099645,135.87108620800427,135.87108620800427,135.87108620800427,136.21917366600246,z,0.902273542014882,None,136.21931879100157,136.21937429098762,None,,,,,,,,,,,,21049980,0,2025-12-19_13h26.19.902,tilt_mocs,2024.2.4,118.6912514243581,2025-12-19 13h27.13.083545 -0500,
2,0.0,,24,24,0,,,,,0,100,,,,,c+2,noss,1.0,period,1.315479500015499,None,None,,,,,,,,,,,0,24,24,657,136.23045637499308,,,,,,,,,,,,,,,,,,,,,,,,,,,,,,,,,,,,,,,,,,,,,,,,,,,,,,,,,,,,,,,,,,,,,,136.22162141598528,136.23045637499308,137.21552233299008,137.21552233299008,137.21552233299008,137.28762124999776,137.28762124999776,137.28762124999776,137.5514744159882,period,1.315479500015499,None,137.55160795798292,137.55166195798665,None,,,,,,,,,,,,21049980,0,2025-12-19_13h26.19.902,tilt_mocs,2024.2.4,118.6912514243581,2025-12-19 13h27.13.083545 -0500,
0,-15.0,,25,25,0,,,,,100,0,,,,,c+0,negs,1.25,period,1.6867562920087948,None,None,,,,,,,,,,,0,25,25,456,137.5630736250023,,,,,,,,,,,,,,,,,,,,,,,,,,,,,,,,,,,,,,,,,,,,,,,,,,,,,,,,,,,,,,,,,,,,,,137.554161499982,137.5630736250023,138.79890949997935,138.79890949997935,138.79890949997935,138.87099479098106,138.87099479098106,138.87099479098106,139.25283891599975,period,1.6867562920087948,None,139.2529944999842,139.25305941599072,None,,,,,,,,,,,,21049980,0,2025-12-19_13h26.19.902,tilt_mocs,2024.2.4,118.6912514243581,2025-12-19 13h27.13.083545 -0500,
-2,15.0,,26,26,0,,,,,100,0,,,,,c-2,poss,1.25,period,1.5350035000010394,None,None,,,,,,,,,,,0,26,26,35,139.26463358299225,,,,,,,,,,,,,,,,,,,,,,,,,,,,,,,,,,,,,,,,,,,,,,,,,,,,,,,,,,,,,,,,,,,,,,139.2554339999915,139.26463358299225,140.4990786659764,140.4990786659764,140.4990786659764,140.57080862499424,140.57080862499424,140.57080862499424,140.80264595799963,period,1.5350035000010394,None,140.80279499999597,140.80285899998853,None,,,,,,,,,,,,21049980,0,2025-12-19_13h26.19.902,tilt_mocs,2024.2.4,118.6912514243581,2025-12-19 13h27.13.083545 -0500,
-2,0.0,,27,27,0,,,,,0,100,,,,,c-2,noss,0.5,z,1.035560832999181,None,None,,,,,,,,,,,0,27,27,556,140.8141077499895,,,,,,,,,,,,,,,,,,,,,,,,,,,,,,,,,,,,,,,,,,,,,,,,,,,,,,,,,,,,,,,,,,,,,,140.80507549998583,140.8141077499895,141.29897862498183,141.29897862498183,141.29897862498183,141.3711629579775,141.3711629579775,141.3711629579775,141.85232387497672,z,1.035560832999181,None,141.85249175000354,141.85255741598667,None,,,,,,,,,,,,21049980,0,2025-12-19_13h26.19.902,tilt_mocs,2024.2.4,118.6912514243581,2025-12-19 13h27.13.083545 -0500,
2,15.0,,28,28,0,,,,,100,0,,,,,c+2,poss,1.25,period,1.6876597089867573,None,None,,,,,,,,,,,0,28,28,116,141.86455387499882,,,,,,,,,,,,,,,,,,,,,,,,,,,,,,,,,,,,,,,,,,,,,,,,,,,,,,,,,,,,,,,,,,,,,,141.85523341599037,141.86455387499882,143.09918458299944,143.09918458299944,143.09918458299944,143.18313633298385,143.18313633298385,143.18313633298385,143.55772033298854,period,1.6876597089867573,None,143.55784687498817,143.5579040409939,None,,,,,,,,,,,,21049980,0,2025-12-19_13h26.19.902,tilt_mocs,2024.2.4,118.6912514243581,2025-12-19 13h27.13.083545 -0500,
-2,15.0,,29,29,0,,,,,100,0,,,,,c-2,poss,0.75,z,1.1413123340171296,None,None,,,,,,,,,,,0,29,29,14,143.56894499997725,,,,,,,,,,,,,,,,,,,,,,,,,,,,,,,,,,,,,,,,,,,,,,,,,,,,,,,,,,,,,,,,,,,,,,143.5599984159926,143.56894499997725,144.30908145799185,144.30908145799185,144.30908145799185,144.3829644159996,144.3829644159996,144.3829644159996,144.7186653749959,z,1.1413123340171296,None,144.71880433298065,144.71886258298764,None,,,,,,,,,,,,21049980,0,2025-12-19_13h26.19.902,tilt_mocs,2024.2.4,118.6912514243581,2025-12-19 13h27.13.083545 -0500,
8,15.0,,30,30,0,,,,,100,0,,,,,c+8,poss,0.75,period,1.1495478749857284,None,None,,,,,,,,,,,0,30,30,223,144.73030416597612,,,,,,,,,,,,,,,,,,,,,,,,,,,,,,,,,,,,,,,,,,,,,,,,,,,,,,,,,,,,,,,,,,,,,,144.7214719579788,144.73030416597612,145.46503016600036,145.46503016600036,145.46503016600036,145.53876041597687,145.53876041597687,145.53876041597687,145.8855293749948,period,1.1495478749857284,None,145.88570904100197,145.88576862498303,None,,,,,,,,,,,,21049980,0,2025-12-19_13h26.19.902,tilt_mocs,2024.2.4,118.6912514243581,2025-12-19 13h27.13.083545 -0500,
-8,-15.0,,31,31,0,,,,,100,0,,,,,c-8,negs,0.5,z,1.0187302500125952,None,None,,,,,,,,,,,0,31,31,255,145.89704795798752,,,,,,,,,,,,,,,,,,,,,,,,,,,,,,,,,,,,,,,,,,,,,,,,,,,,,,,,,,,,,,,,,,,,,,145.88818974999595,145.89704795798752,146.38274841598468,146.38274841598468,146.38274841598468,146.45436824997887,146.45436824997887,146.45436824997887,146.91856391599867,z,1.0187302500125952,None,146.91869900000165,146.91876170798787,None,,,,,,,,,,,,21049980,0,2025-12-19_13h26.19.902,tilt_mocs,2024.2.4,118.6912514243581,2025-12-19 13h27.13.083545 -0500,
0,-15.0,,32,32,0,,,,,100,0,,,,,c+0,negs,1.0,period,1.4038126659870613,None,None,,,,,,,,,,,0,32,32,447,146.9297073329799,,,,,,,,,,,,,,,,,,,,,,,,,,,,,,,,,,,,,,,,,,,,,,,,,,,,,,,,,,,,,,,,,,,,,,146.9210090409906,146.9297073329799,147.91600212498452,147.91600212498452,147.91600212498452,147.98827887498192,147.98827887498192,147.98827887498192,148.33639579100418,period,1.4038126659870613,None,148.33655670800363,148.33661129098618,None,,,,,,,,,,,,21049980,0,2025-12-19_13h26.19.902,tilt_mocs,2024.2.4,118.6912514243581,2025-12-19 13h27.13.083545 -0500,
-8,-15.0,,33,33,0,,,,,100,0,,,,,c-8,negs,1.25,z,1.6080127909954172,None,None,,,,,,,,,,,0,33,33,285,148.34827341599157,,,,,,,,,,,,,,,,,,,,,,,,,,,,,,,,,,,,,,,,,,,,,,,,,,,,,,,,,,,,,,,,,,,,,,148.3393719579908,148.34827341599157,149.58272316597868,149.58272316597868,149.58272316597868,149.65504454099573,149.65504454099573,149.65504454099573,149.9686832909938,z,1.6080127909954172,None,149.96881720799138,149.96887229097774,None,,,,,,,,,,,,21049980,0,2025-12-19_13h26.19.902,tilt_mocs,2024.2.4,118.6912514243581,2025-12-19 13h27.13.083545 -0500,
0,-15.0,,34,34,0,,,,,100,0,,,,,c+0,negs,1.0,period,1.4053359160025138,None,None,,,,,,,,,,,0,34,34,451,149.98025045800023,,,,,,,,,,,,,,,,,,,,,,,,,,,,,,,,,,,,,,,,,,,,,,,,,,,,,,,,,,,,,,,,,,,,,,149.97129020799184,149.98025045800023,150.9660305409925,150.9660305409925,150.9660305409925,151.03820004098816,151.03820004098816,151.03820004098816,151.39226024999516,period,1.4053359160025138,None,151.39239062499837,151.39244833300472,None,,,,,,,,,,,,21049980,0,2025-12-19_13h26.19.902,tilt_mocs,2024.2.4,118.6912514243581,2025-12-19 13h27.13.083545 -0500,
4,15.0,,35,35,0,,,,,100,0,,,,,c+4,poss,1.25,period,1.5867352499917615,None,None,,,,,,,,,,,0,35,35,163,151.403156165994,,,,,,,,,,,,,,,,,,,,,,,,,,,,,,,,,,,,,,,,,,,,,,,,,,,,,,,,,,,,,,,,,,,,,,151.39477929100394,151.403156165994,152.6417805829842,152.6417805829842,152.6417805829842,152.71664737499668,152.71664737499668,152.71664737499668,152.99300854100147,period,1.5867352499917615,None,152.9931628749764,152.99321899999632,None,,,,,,,,,,,,21049980,0,2025-12-19_13h26.19.902,tilt_mocs,2024.2.4,118.6912514243581,2025-12-19 13h27.13.083545 -0500,
-4,-15.0,,36,36,0,,,,,100,0,,,,,c-4,negs,1.0,z,1.440393833006965,None,None,,,,,,,,,,,0,36,36,367,153.00323595799273,,,,,,,,,,,,,,,,,,,,,,,,,,,,,,,,,,,,,,,,,,,,,,,,,,,,,,,,,,,,,,,,,,,,,,152.99548641598085,153.00323595799273,153.99166816598154,153.99166816598154,153.99166816598154,154.06669970799703,154.06669970799703,154.06669970799703,154.45231266599149,z,1.440393833006965,None,154.45244795799954,154.45250237500295,None,,,,,,,,,,,,21049980,0,2025-12-19_13h26.19.902,tilt_mocs,2024.2.4,118.6912514243581,2025-12-19 13h27.13.083545 -0500,
-2,15.0,,37,37,0,,,,,100,0,,,,,c-2,poss,1.25,period,1.5292418329918291,None,None,,,,,,,,,,,0,37,37,41,154.46354320799583,,,,,,,,,,,,,,,,,,,,,,,,,,,,,,,,,,,,,,,,,,,,,,,,,,,,,,,,,,,,,,,,,,,,,,154.45481774999644,154.46354320799583,155.6995887910016,155.6995887910016,155.6995887910016,155.77157562499633,155.77157562499633,155.77157562499633,156.0029335829895,period,1.5292418329918291,None,156.00310104098753,156.0031715829973,None,,,,,,,,,,,,21049980,0,2025-12-19_13h26.19.902,tilt_mocs,2024.2.4,118.6912514243581,2025-12-19 13h27.13.083545 -0500,
2,-15.0,,38,38,0,,,,,100,0,,,,,c+2,negs,1.0,period,1.39673291699728,None,None,,,,,,,,,,,0,38,38,488,156.01553304097615,,,,,,,,,,,,,,,,,,,,,,,,,,,,,,,,,,,,,,,,,,,,,,,,,,,,,,,,,,,,,,,,,,,,,,156.00577966598212,156.01553304097615,156.99912699998822,156.99912699998822,156.99912699998822,157.07266824998078,157.07266824998078,157.07266824998078,157.41915537498426,period,1.39673291699728,None,157.4192863329954,157.41934475000016,None,,,,,,,,,,,,21049980,0,2025-12-19_13h26.19.902,tilt_mocs,2024.2.4,118.6912514243581,2025-12-19 13h27.13.083545 -0500,
-4,0.0,,39,39,0,,,,,0,100,,,,,c-4,noss,0.5,z,1.0067490420187823,None,None,,,,,,,,,,,0,39,39,513,157.4298193329887,,,,,,,,,,,,,,,,,,,,,,,,,,,,,,,,,,,,,,,,,,,,,,,,,,,,,,,,,,,,,,,,,,,,,,157.4214778750029,157.4298193329887,157.91637983298278,157.91637983298278,157.91637983298278,157.98878154100385,157.98878154100385,157.98878154100385,158.44097233298817,z,1.0067490420187823,None,158.4410758749873,158.4411198750022,None,,,,,,,,,,,,21049980,0,2025-12-19_13h26.19.902,tilt_mocs,2024.2.4,118.6912514243581,2025-12-19 13h27.13.083545 -0500,
-8,-15.0,,40,40,0,,,,,100,0,,,,,c-8,negs,0.5,z,0.9255202499916777,None,None,,,,,,,,,,,0,40,40,257,158.4521793749882,,,,,,,,,,,,,,,,,,,,,,,,,,,,,,,,,,,,,,,,,,,,,,,,,,,,,,,,,,,,,,,,,,,,,,158.44310566599597,158.4521793749882,158.94171199999982,158.94171199999982,158.94171199999982,159.01686787497601,159.01686787497601,159.01686787497601,159.38618000000133,z,0.9255202499916777,None,159.3863758329826,159.3864372909884,None,,,,,,,,,,,,21049980,0,2025-12-19_13h26.19.902,tilt_mocs,2024.2.4,118.6912514243581,2025-12-19 13h27.13.083545 -0500,
-2,0.0,,41,41,0,,,,,0,100,,,,,c-2,noss,1.0,z,1.443880042003002,None,None,,,,,,,,,,,0,41,41,577,159.39841125000385,,,,,,,,,,,,,,,,,,,,,,,,,,,,,,,,,,,,,,,,,,,,,,,,,,,,,,,,,,,,,,,,,,,,,,159.3894428749918,159.39841125000385,160.38305379098165,160.38305379098165,160.38305379098165,160.4553971659916,160.4553971659916,160.4553971659916,160.85317504100385,z,1.443880042003002,None,160.85335495800246,160.8534443329845,None,,,,,,,,,,,,21049980,0,2025-12-19_13h26.19.902,tilt_mocs,2024.2.4,118.6912514243581,2025-12-19 13h27.13.083545 -0500,
2,15.0,,42,42,0,,,,,100,0,,,,,c+2,poss,1.25,period,1.8523765410063788,None,None,,,,,,,,,,,0,42,42,122,160.8652677499922,,,,,,,,,,,,,,,,,,,,,,,,,,,,,,,,,,,,,,,,,,,,,,,,,,,,,,,,,,,,,,,,,,,,,,160.85620849998668,160.8652677499922,162.09980141598498,162.09980141598498,162.09980141598498,162.17343895797967,162.17343895797967,162.17343895797967,162.7212513749837,period,1.8523765410063788,None,162.72140529099852,162.7214898749953,None,,,,,,,,,,,,21049980,0,2025-12-19_13h26.19.902,tilt_mocs,2024.2.4,118.6912514243581,2025-12-19 13h27.13.083545 -0500,
-2,0.0,,43,43,0,,,,,0,100,,,,,c-2,noss,0.5,z,0.019070667010964826,None,None,,,,,,,,,,,0,43,43,550,162.73282379098237,,,,,,,,,,,,,,,,,,,,,,,,,,,,,,,,,,,,,,,,,,,,,,,,,,,,,,,,,,,,,,,,,,,,,,162.72378195798956,162.73282379098237,,,,,,,162.75698995799758,z,0.019070667010964826,None,162.75709491598536,162.75714233299368,None,,,,,,,,,,,,21049980,0,2025-12-19_13h26.19.902,tilt_mocs,2024.2.4,118.6912514243581,2025-12-19 13h27.13.083545 -0500,
-4,-15.0,,44,44,0,,,,,100,0,,,,,c-4,negs,0.5,period,1.0740104169817641,None,None,,,,,,,,,,,0,44,44,339,162.7833584159962,,,,,,,,,,,,,,,,,,,,,,,,,,,,,,,,,,,,,,,,,,,,,,,,,,,,,,,,,,,,,,,,,,,,,,162.75912674999563,162.7833584159962,163.25884491598117,163.25884491598117,163.25884491598117,163.33368929100106,163.33368929100106,163.33368929100106,163.86924374999944,period,1.0740104169817641,None,163.8693728329963,163.86942616599845,None,,,,,,,,,,,,21049980,0,2025-12-19_13h26.19.902,tilt_mocs,2024.2.4,118.6912514243581,2025-12-19 13h27.13.083545 -0500,
0,0.0,,45,45,0,,,,,0,100,,,,,c+0,noss,1.0,period,1.4159882500243839,None,None,,,,,,,,,,,0,45,45,614,163.88009816600243,,,,,,,,,,,,,,,,,,,,,,,,,,,,,,,,,,,,,,,,,,,,,,,,,,,,,,,,,,,,,,,,,,,,,,163.8715360829956,163.88009816600243,164.86667683298583,164.86667683298583,164.86667683298583,164.93857945798663,164.93857945798663,164.93857945798663,165.30243858299218,period,1.4159882500243839,None,165.30254612499266,165.30259141599527,None,,,,,,,,,,,,21049980,0,2025-12-19_13h26.19.902,tilt_mocs,2024.2.4,118.6912514243581,2025-12-19 13h27.13.083545 -0500,
0,-15.0,,46,46,0,,,,,100,0,,,,,c+0,negs,0.75,period,1.183415416016942,None,None,,,,,,,,,,,0,46,46,434,165.31332049999037,,,,,,,,,,,,,,,,,,,,,,,,,,,,,,,,,,,,,,,,,,,,,,,,,,,,,,,,,,,,,,,,,,,,,,165.30458916598582,165.31332049999037,166.04907995800022,166.04907995800022,166.04907995800022,166.12186658298015,166.12186658298015,166.12186658298015,166.503090290993,period,1.183415416016942,None,166.50325287500164,166.50331504098722,None,,,,,,,,,,,,21049980,0,2025-12-19_13h26.19.902,tilt_mocs,2024.2.4,118.6912514243581,2025-12-19 13h27.13.083545 -0500,
6,15.0,,47,47,0,,,,,100,0,,,,,c+6,poss,0.75,period,1.1015099580108654,None,None,,,,,,,,,,,0,47,47,180,166.51591320798616,,,,,,,,,,,,,,,,,,,,,,,,,,,,,,,,,,,,,,,,,,,,,,,,,,,,,,,,,,,,,,,,,,,,,,166.50672916599433,166.51591320798616,167.250053708005,167.250053708005,167.250053708005,167.32196924998425,167.32196924998425,167.32196924998425,167.62037287498242,period,1.1015099580108654,None,167.62054545799037,167.62060445800307,None,,,,,,,,,,,,21049980,0,2025-12-19_13h26.19.902,tilt_mocs,2024.2.4,118.6912514243581,2025-12-19 13h27.13.083545 -0500,
-2,0.0,,48,48,0,,,,,0,100,,,,,c-2,noss,0.75,period,1.0958916659874376,None,None,,,,,,,,,,,0,48,48,566,167.6327363329765,,,,,,,,,,,,,,,,,,,,,,,,,,,,,,,,,,,,,,,,,,,,,,,,,,,,,,,,,,,,,,,,,,,,,,167.62346708300174,167.6327363329765,168.3657930829795,168.3657930829795,168.3657930829795,168.43978408299154,168.43978408299154,168.43978408299154,168.73632974998327,period,1.0958916659874376,None,168.73649641597876,168.73655779098044,None,,,,,,,,,,,,21049980,0,2025-12-19_13h26.19.902,tilt_mocs,2024.2.4,118.6912514243581,2025-12-19 13h27.13.083545 -0500,
-4,0.0,,49,49,0,,,,,0,100,,,,,c-4,noss,1.0,z,1.337854832992889,None,None,,,,,,,,,,,0,49,49,526,168.74787795799784,,,,,,,,,,,,,,,,,,,,,,,,,,,,,,,,,,,,,,,,,,,,,,,,,,,,,,,,,,,,,,,,,,,,,,168.73899929100298,168.74787795799784,169.73340833297698,169.73340833297698,169.73340833297698,169.80545649997657,169.80545649997657,169.80545649997657,170.09235974997864,z,1.337854832992889,None,170.09249300000374,170.09255549998488,None,,,,,,,,,,,,21049980,0,2025-12-19_13h26.19.902,tilt_mocs,2024.2.4,118.6912514243581,2025-12-19 13h27.13.083545 -0500,
2,15.0,,50,50,0,,,,,100,0,,,,,c+2,poss,0.5,z,0.9059549999947194,None,None,,,,,,,,,,,0,50,50,86,170.10319129098207,,,,,,,,,,,,,,,,,,,,,,,,,,,,,,,,,,,,,,,,,,,,,,,,,,,,,,,,,,,,,,,,,,,,,,170.0949031659984,170.10319129098207,170.5933877909847,170.5933877909847,170.5933877909847,170.66732320797746,170.66732320797746,170.66732320797746,171.01868420798564,z,0.9059549999947194,None,171.01880595798139,171.01884866598994,None,,,,,,,,,,,,21049980,0,2025-12-19_13h26.19.902,tilt_mocs,2024.2.4,118.6912514243581,2025-12-19 13h27.13.083545 -0500,
8,15.0,,51,51,0,,,,,100,0,,,,,c+8,poss,0.75,period,1.0830665419925936,None,None,,,,,,,,,,,0,51,51,222,171.0295218329993,,,,,,,,,,,,,,,,,,,,,,,,,,,,,,,,,,,,,,,,,,,,,,,,,,,,,,,,,,,,,,,,,,,,,,171.0208365409926,171.0295218329993,171.7669398750004,171.7669398750004,171.7669398750004,171.83981750000385,171.83981750000385,171.83981750000385,172.12001774998498,period,1.0830665419925936,None,172.12030166600016,172.12040562499897,None,,,,,,,,,,,,21049980,0,2025-12-19_13h26.19.902,tilt_mocs,2024.2.4,118.6912514243581,2025-12-19 13h27.13.083545 -0500,
4,15.0,,52,52,0,,,,,100,0,,,,,c+4,poss,1.0,period,1.2953452080255374,None,None,,,,,,,,,,,0,52,52,149,172.13186733299517,,,,,,,,,,,,,,,,,,,,,,,,,,,,,,,,,,,,,,,,,,,,,,,,,,,,,,,,,,,,,,,,,,,,,,172.12290316598956,172.13186733299517,173.11689604099956,173.11689604099956,173.11689604099956,173.19009745799121,173.19009745799121,173.19009745799121,173.43681354098953,period,1.2953452080255374,None,173.4369849159848,173.43705245800084,None,,,,,,,,,,,,21049980,0,2025-12-19_13h26.19.902,tilt_mocs,2024.2.4,118.6912514243581,2025-12-19 13h27.13.083545 -0500,
-6,-15.0,,53,53,0,,,,,100,0,,,,,c-6,negs,0.75,z,1.1020774170174263,None,None,,,,,,,,,,,0,53,53,307,173.44892270799028,,,,,,,,,,,,,,,,,,,,,,,,,,,,,,,,,,,,,,,,,,,,,,,,,,,,,,,,,,,,,,,,,,,,,,173.44004183300422,173.44892270799028,174.1829722909897,174.1829722909897,174.1829722909897,174.2558149159886,174.2558149159886,174.2558149159886,174.55393416600418,z,1.1020774170174263,None,174.55408958299085,174.5541464999842,None,,,,,,,,,,,,21049980,0,2025-12-19_13h26.19.902,tilt_mocs,2024.2.4,118.6912514243581,2025-12-19 13h27.13.083545 -0500,
4,15.0,,54,54,0,,,,,100,0,,,,,c+4,poss,0.75,period,1.1870432079886086,None,None,,,,,,,,,,,0,54,54,143,174.56629079100094,,,,,,,,,,,,,,,,,,,,,,,,,,,,,,,,,,,,,,,,,,,,,,,,,,,,,,,,,,,,,,,,,,,,,,174.55745508297696,174.56629079100094,175.300318374997,175.300318374997,175.300318374997,175.3725244999805,175.3725244999805,175.3725244999805,175.75893504099804,period,1.1870432079886086,None,175.75906420798856,175.75911962499958,None,,,,,,,,,,,,21049980,0,2025-12-19_13h26.19.902,tilt_mocs,2024.2.4,118.6912514243581,2025-12-19 13h27.13.083545 -0500,
4,0.0,,55,55,0,,,,,0,100,,,,,c+4,noss,1.25,period,1.681320790987229,None,None,,,,,,,,,,,0,55,55,705,175.76984720799373,,,,,,,,,,,,,,,,,,,,,,,,,,,,,,,,,,,,,,,,,,,,,,,,,,,,,,,,,,,,,,,,,,,,,,175.76112979100435,175.76984720799373,177.00979599999846,177.00979599999846,177.00979599999846,177.0842293750029,177.0842293750029,177.0842293750029,177.45391037498484,period,1.681320790987229,None,177.45406449999427,177.4541231659823,None,,,,,,,,,,,,21049980,0,2025-12-19_13h26.19.902,tilt_mocs,2024.2.4,118.6912514243581,2025-12-19 13h27.13.083545 -0500,
-2,-15.0,,56,56,0,,,,,100,0,,,,,c-2,negs,1.0,period,1.4134557080105878,None,None,,,,,,,,,,,0,56,56,400,177.46603187499568,,,,,,,,,,,,,,,,,,,,,,,,,,,,,,,,,,,,,,,,,,,,,,,,,,,,,,,,,,,,,,,,,,,,,,177.45681154099293,177.46603187499568,178.4504797499976,178.4504797499976,178.4504797499976,178.52333599998383,178.52333599998383,178.52333599998383,178.88654712500283,period,1.4134557080105878,None,178.88667566599906,178.88672979100375,None,,,,,,,,,,,,21049980,0,2025-12-19_13h26.19.902,tilt_mocs,2024.2.4,118.6912514243581,2025-12-19 13h27.13.083545 -0500,
-2,-15.0,,57,57,0,,,,,100,0,,,,,c-2,negs,1.0,z,1.4905609590059612,None,None,,,,,,,,,,,0,57,57,405,178.89730337497895,,,,,,,,,,,,,,,,,,,,,,,,,,,,,,,,,,,,,,,,,,,,,,,,,,,,,,,,,,,,,,,,,,,,,,178.88884012500057,178.89730337497895,179.8838057910034,179.8838057910034,179.8838057910034,179.9560679999995,179.9560679999995,179.9560679999995,180.39275920798536,z,1.4905609590059612,None,180.39289095799904,180.39294833299937,None,,,,,,,,,,,,21049980,0,2025-12-19_13h26.19.902,tilt_mocs,2024.2.4,118.6912514243581,2025-12-19 13h27.13.083545 -0500,
0,0.0,,58,58,0,,,,,0,100,,,,,c+0,noss,0.75,z,1.3826582909969147,None,None,,,,,,,,,,,0,58,58,609,180.40353654097999,,,,,,,,,,,,,,,,,,,,,,,,,,,,,,,,,,,,,,,,,,,,,,,,,,,,,,,,,,,,,,,,,,,,,,180.39515362499515,180.40353654097999,181.14278554098564,181.14278554098564,181.14278554098564,181.2176716660033,181.2176716660033,181.2176716660033,181.7929513749841,z,1.3826582909969147,None,181.79316691600252,181.79327679099515,None,,,,,,,,,,,,21049980,0,2025-12-19_13h26.19.902,tilt_mocs,2024.2.4,118.6912514243581,2025-12-19 13h27.13.083545 -0500,
2,15.0,,59,59,0,,,,,100,0,,,,,c+2,poss,0.5,period,0.9981915839889552,None,None,,,,,,,,,,,0,59,59,89,181.80387091598823,,,,,,,,,,,,,,,,,,,,,,,,,,,,,,,,,,,,,,,,,,,,,,,,,,,,,,,,,,,,,,,,,,,,,,181.79572500000359,181.80387091598823,182.2929073330015,182.2929073330015,182.2929073330015,182.3675444999826,182.3675444999826,182.3675444999826,182.80785416599247,period,0.9981915839889552,None,182.80795445799595,182.80799695799942,None,,,,,,,,,,,,21049980,0,2025-12-19_13h26.19.902,tilt_mocs,2024.2.4,118.6912514243581,2025-12-19 13h27.13.083545 -0500,
4,0.0,,60,60,0,,,,,0,100,,,,,c+4,noss,1.25,period,1.69461258299998,None,None,,,,,,,,,,,0,60,60,711,182.83409883300192,,,,,,,,,,,,,,,,,,,,,,,,,,,,,,,,,,,,,,,,,,,,,,,,,,,,,,,,,,,,,,,,,,,,,,182.809975207987,182.83409883300192,184.06043595800293,184.06043595800293,184.06043595800293,184.1344502909924,184.1344502909924,184.1344502909924,184.53660020799725,period,1.69461258299998,None,184.53672479098896,184.53677804098697,None,,,,,,,,,,,,21049980,0,2025-12-19_13h26.19.902,tilt_mocs,2024.2.4,118.6912514243581,2025-12-19 13h27.13.083545 -0500,
6,15.0,,61,61,0,,,,,100,0,,,,,c+6,poss,1.0,period,1.4316694579902105,None,None,,,,,,,,,,,0,61,61,190,184.5473967079888,,,,,,,,,,,,,,,,,,,,,,,,,,,,,,,,,,,,,,,,,,,,,,,,,,,,,,,,,,,,,,,,,,,,,,184.5388213749975,184.5473967079888,185.53340370798833,185.53340370798833,185.53340370798833,185.60633462498663,185.60633462498663,185.60633462498663,185.98681220799335,period,1.4316694579902105,None,185.98696837498574,185.98702283299644,None,,,,,,,,,,,,21049980,0,2025-12-19_13h26.19.902,tilt_mocs,2024.2.4,118.6912514243581,2025-12-19 13h27.13.083545 -0500,
6,15.0,,62,62,0,,,,,100,0,,,,,c+6,poss,0.5,period,0.8832569580117706,None,None,,,,,,,,,,,0,62,62,172,185.9988829579961,,,,,,,,,,,,,,,,,,,,,,,,,,,,,,,,,,,,,,,,,,,,,,,,,,,,,,,,,,,,,,,,,,,,,,185.990108375001,185.9988829579961,186.4840367079887,186.4840367079887,186.4840367079887,186.55606662499486,186.55606662499486,186.55606662499486,186.88705904097878,period,0.8832569580117706,None,186.88718954098294,186.88724516599905,None,,,,,,,,,,,,21049980,0,2025-12-19_13h26.19.902,tilt_mocs,2024.2.4,118.6912514243581,2025-12-19 13h27.13.083545 -0500,
-8,-15.0,,63,63,0,,,,,100,0,,,,,c-8,negs,1.25,period,1.5314302920014597,None,None,,,,,,,,,,,0,63,63,292,186.89860820799368,,,,,,,,,,,,,,,,,,,,,,,,,,,,,,,,,,,,,,,,,,,,,,,,,,,,,,,,,,,,,,,,,,,,,,186.88973283299129,186.89860820799368,188.13420874997973,188.13420874997973,188.13420874997973,188.20579566599918,188.20579566599918,188.20579566599918,188.4368891659833,period,1.5314302920014597,None,188.43701062499895,188.4370640409761,None,,,,,,,,,,,,21049980,0,2025-12-19_13h26.19.902,tilt_mocs,2024.2.4,118.6912514243581,2025-12-19 13h27.13.083545 -0500,
0,0.0,,64,64,0,,,,,0,100,,,,,c+0,noss,0.75,period,1.1774891660024878,None,None,,,,,,,,,,,0,64,64,605,188.44792354098172,,,,,,,,,,,,,,,,,,,,,,,,,,,,,,,,,,,,,,,,,,,,,,,,,,,,,,,,,,,,,,,,,,,,,,188.43925299998955,188.44792354098172,189.1842239999969,189.1842239999969,189.1842239999969,189.25694779100013,189.25694779100013,189.25694779100013,189.63674087499385,period,1.1774891660024878,None,189.63687108299928,189.6369354579947,None,,,,,,,,,,,,21049980,0,2025-12-19_13h26.19.902,tilt_mocs,2024.2.4,118.6912514243581,2025-12-19 13h27.13.083545 -0500,
0,0.0,,65,65,0,,,,,0,100,,,,,c+0,noss,0.5,period,0.8540126250009052,None,None,,,,,,,,,,,0,65,65,596,189.64814887498505,,,,,,,,,,,,,,,,,,,,,,,,,,,,,,,,,,,,,,,,,,,,,,,,,,,,,,,,,,,,,,,,,,,,,,189.63920187499025,189.64814887498505,190.13422916599666,190.13422916599666,190.13422916599666,190.20650354100508,190.20650354100508,190.20650354100508,190.51419254098437,period,0.8540126250009052,None,190.51429299998563,190.51433512498625,None,,,,,,,,,,,,21049980,0,2025-12-19_13h26.19.902,tilt_mocs,2024.2.4,118.6912514243581,2025-12-19 13h27.13.083545 -0500,
-2,-15.0,,66,66,0,,,,,100,0,,,,,c-2,negs,0.75,z,1.1246350840083323,None,None,,,,,,,,,,,0,66,66,389,190.52077183299116,,,,,,,,,,,,,,,,,,,,,,,,,,,,,,,,,,,,,,,,,,,,,,,,,,,,,,,,,,,,,,,,,,,,,,190.51637058297638,190.52077183299116,191.26047333297902,191.26047333297902,191.26047333297902,191.33473245799541,191.33473245799541,191.33473245799541,191.65365208298317,z,1.1246350840083323,None,191.65378270798828,191.65385462497943,None,,,,,,,,,,,,21049980,0,2025-12-19_13h26.19.902,tilt_mocs,2024.2.4,118.6912514243581,2025-12-19 13h27.13.083545 -0500,
2,0.0,,67,67,0,,,,,0,100,,,,,c+2,noss,1.0,period,1.284625625004992,None,None,,,,,,,,,,,0,67,67,661,191.66509845800465,,,,,,,,,,,,,,,,,,,,,,,,,,,,,,,,,,,,,,,,,,,,,,,,,,,,,,,,,,,,,,,,,,,,,,191.65632929099957,191.66509845800465,192.65093199998955,192.65093199998955,192.65093199998955,192.72281045798445,192.72281045798445,192.72281045798445,192.9542123329884,period,1.284625625004992,None,192.95436099998187,192.95442062499933,None,,,,,,,,,,,,21049980,0,2025-12-19_13h26.19.902,tilt_mocs,2024.2.4,118.6912514243581,2025-12-19 13h27.13.083545 -0500,
-4,-15.0,,68,68,0,,,,,100,0,,,,,c-4,negs,1.25,period,1.5940019580011722,None,None,,,,,,,,,,,0,68,68,372,192.9654416249832,,,,,,,,,,,,,,,,,,,,,,,,,,,,,,,,,,,,,,,,,,,,,,,,,,,,,,,,,,,,,,,,,,,,,,192.95663224998862,192.9654416249832,194.2001600409858,194.2001600409858,194.2001600409858,194.2736394579988,194.2736394579988,194.2736394579988,194.5707797499781,period,1.5940019580011722,None,194.57093366599292,194.57100633298978,None,,,,,,,,,,,,21049980,0,2025-12-19_13h26.19.902,tilt_mocs,2024.2.4,118.6912514243581,2025-12-19 13h27.13.083545 -0500,
-2,0.0,,69,69,0,,,,,0,100,,,,,c-2,noss,0.5,period,0.933420124987606,None,None,,,,,,,,,,,0,69,69,551,194.5817473329953,,,,,,,,,,,,,,,,,,,,,,,,,,,,,,,,,,,,,,,,,,,,,,,,,,,,,,,,,,,,,,,,,,,,,,194.57329137498164,194.5817473329953,195.06770433299243,195.06770433299243,195.06770433299243,195.1399935829977,195.1399935829977,195.1399935829977,195.52067179098958,period,0.933420124987606,None,195.5208002080035,195.52085691600223,None,,,,,,,,,,,,21049980,0,2025-12-19_13h26.19.902,tilt_mocs,2024.2.4,118.6912514243581,2025-12-19 13h27.13.083545 -0500,
-2,15.0,,70,70,0,,,,,100,0,,,,,c-2,poss,1.0,z,1.4772257499862462,None,None,,,,,,,,,,,0,70,70,29,195.53198237498873,,,,,,,,,,,,,,,,,,,,,,,,,,,,,,,,,,,,,,,,,,,,,,,,,,,,,,,,,,,,,,,,,,,,,,195.52326537499903,195.53198237498873,196.51780395797687,196.51780395797687,196.51780395797687,196.59051216600346,196.59051216600346,196.59051216600346,197.0205881249858,z,1.4772257499862462,None,197.02076020798995,197.0208362499834,None,,,,,,,,,,,,21049980,0,2025-12-19_13h26.19.902,tilt_mocs,2024.2.4,118.6912514243581,2025-12-19 13h27.13.083545 -0500,
-2,0.0,,71,71,0,,,,,0,100,,,,,c-2,noss,1.25,z,1.8039408340118825,None,None,,,,,,,,,,,0,71,71,584,197.03223387498292,,,,,,,,,,,,,,,,,,,,,,,,,,,,,,,,,,,,,,,,,,,,,,,,,,,,,,,,,,,,,,,,,,,,,,197.02351329100202,197.03223387498292,198.26715387500008,198.26715387500008,198.26715387500008,198.3402034159808,198.3402034159808,198.3402034159808,198.84186133299954,z,1.8039408340118825,None,198.84202499999083,198.84208491598838,None,,,,,,,,,,,,21049980,0,2025-12-19_13h26.19.902,tilt_mocs,2024.2.4,118.6912514243581,2025-12-19 13h27.13.083545 -0500,
-4,0.0,,72,72,0,,,,,0,100,,,,,c-4,noss,0.5,z,1.0172792910016142,None,None,,,,,,,,,,,0,72,72,514,198.85407304100227,,,,,,,,,,,,,,,,,,,,,,,,,,,,,,,,,,,,,,,,,,,,,,,,,,,,,,,,,,,,,,,,,,,,,,198.84470849999343,198.85407304100227,199.34396949998336,199.34396949998336,199.34396949998336,199.41839579099906,199.41839579099906,199.41839579099906,199.87675204098923,z,1.0172792910016142,None,199.87689620797755,199.8769565410039,None,,,,,,,,,,,,21049980,0,2025-12-19_13h26.19.902,tilt_mocs,2024.2.4,118.6912514243581,2025-12-19 13h27.13.083545 -0500,
4,0.0,,73,73,0,,,,,0,100,,,,,c+4,noss,0.5,period,1.015164917014772,None,None,,,,,,,,,,,0,73,73,682,199.88791920797667,,,,,,,,,,,,,,,,,,,,,,,,,,,,,,,,,,,,,,,,,,,,,,,,,,,,,,,,,,,,,,,,,,,,,,199.8796736660006,199.88791920797667,200.37622529099463,200.37622529099463,200.37622529099463,200.4518717909814,200.4518717909814,200.4518717909814,200.9087838330015,period,1.015164917014772,None,200.9089216659777,200.90897570797824,None,,,,,,,,,,,,21049980,0,2025-12-19_13h26.19.902,tilt_mocs,2024.2.4,118.6912514243581,2025-12-19 13h27.13.083545 -0500,
-2,15.0,,74,74,0,,,,,100,0,,,,,c-2,poss,1.25,z,1.7614365000044927,None,None,,,,,,,,,,,0,74,74,40,200.9204975409957,,,,,,,,,,,,,,,,,,,,,,,,,,,,,,,,,,,,,,,,,,,,,,,,,,,,,,,,,,,,,,,,,,,,,,200.9115872499824,200.9204975409957,202.1611054999812,202.1611054999812,202.1611054999812,202.23517612498836,202.23517612498836,202.23517612498836,202.68798991598305,z,1.7614365000044927,None,202.6881627079856,202.6882446249947,None,,,,,,,,,,,,21049980,0,2025-12-19_13h26.19.902,tilt_mocs,2024.2.4,118.6912514243581,2025-12-19 13h27.13.083545 -0500,
2,15.0,,75,75,0,,,,,100,0,,,,,c+2,poss,1.25,period,1.832342791982228,None,None,,,,,,,,,,,0,75,75,124,202.69977558299433,,,,,,,,,,,,,,,,,,,,,,,,,,,,,,,,,,,,,,,,,,,,,,,,,,,,,,,,,,,,,,,,,,,,,,202.69086687499657,202.69977558299433,203.93477583298227,203.93477583298227,203.93477583298227,204.00655533297686,204.00655533297686,204.00655533297686,204.53761112497887,period,1.832342791982228,None,204.5377168749983,204.53776008298155,None,,,,,,,,,,,,21049980,0,2025-12-19_13h26.19.902,tilt_mocs,2024.2.4,118.6912514243581,2025-12-19 13h27.13.083545 -0500,
4,15.0,,76,76,0,,,,,100,0,,,,,c+4,poss,1.25,period,1.6550459590216633,None,None,,,,,,,,,,,0,76,76,162,204.5484602499928,,,,,,,,,,,,,,,,,,,,,,,,,,,,,,,,,,,,,,,,,,,,,,,,,,,,,,,,,,,,,,,,,,,,,,204.53977845798363,204.5484602499928,205.7848029579909,205.7848029579909,205.7848029579909,205.8577628749772,205.8577628749772,205.8577628749772,206.2107109159988,period,1.6550459590216633,None,206.21085154099273,206.21091208298458,None,,,,,,,,,,,,21049980,0,2025-12-19_13h26.19.902,tilt_mocs,2024.2.4,118.6912514243581,2025-12-19 13h27.13.083545 -0500,
-2,-15.0,,77,77,0,,,,,100,0,,,,,c-2,negs,0.75,period,1.0922184160153847,None,None,,,,,,,,,,,0,77,77,396,206.22130420798203,,,,,,,,,,,,,,,,,,,,,,,,,,,,,,,,,,,,,,,,,,,,,,,,,,,,,,,,,,,,,,,,,,,,,,206.21321449999232,206.22130420798203,206.95940699998755,206.95940699998755,206.95940699998755,207.03535779099911,207.03535779099911,207.03535779099911,207.32082191598602,period,1.0922184160153847,None,207.32095116598066,207.32100520798122,None,,,,,,,,,,,,21049980,0,2025-12-19_13h26.19.902,tilt_mocs,2024.2.4,118.6912514243581,2025-12-19 13h27.13.083545 -0500,
-4,-15.0,,78,78,0,,,,,100,0,,,,,c-4,negs,1.0,period,1.420947917009471,None,None,,,,,,,,,,,0,78,78,363,207.33163070798037,,,,,,,,,,,,,,,,,,,,,,,,,,,,,,,,,,,,,,,,,,,,,,,,,,,,,,,,,,,,,,,,,,,,,,207.32307124999352,207.33163070798037,208.31758704100503,208.31758704100503,208.31758704100503,208.3902874159976,208.3902874159976,208.3902874159976,208.7551650829846,period,1.420947917009471,None,208.75530345799052,208.75536049998482,None,,,,,,,,,,,,21049980,0,2025-12-19_13h26.19.902,tilt_mocs,2024.2.4,118.6912514243581,2025-12-19 13h27.13.083545 -0500,
-6,-15.0,,79,79,0,,,,,100,0,,,,,c-6,negs,1.0,period,1.4042421659978572,None,None,,,,,,,,,,,0,79,79,323,208.7668997499859,,,,,,,,,,,,,,,,,,,,,,,,,,,,,,,,,,,,,,,,,,,,,,,,,,,,,,,,,,,,,,,,,,,,,,208.75779966599657,208.7668997499859,209.75181175000034,209.75181175000034,209.75181175000034,209.82372424998903,209.82372424998903,209.82372424998903,210.17590741597814,period,1.4042421659978572,None,210.17601504098275,210.1760588749894,None,,,,,,,,,,,,21049980,0,2025-12-19_13h26.19.902,tilt_mocs,2024.2.4,118.6912514243581,2025-12-19 13h27.13.083545 -0500,
0,-15.0,,80,80,0,,,,,100,0,,,,,c+0,negs,0.5,period,0.9443283340078779,None,None,,,,,,,,,,,0,80,80,428,210.18680758299888,,,,,,,,,,,,,,,,,,,,,,,,,,,,,,,,,,,,,,,,,,,,,,,,,,,,,,,,,,,,,,,,,,,,,,210.178040083003,210.18680758299888,210.6776870409958,210.6776870409958,210.6776870409958,210.75200812498224,210.75200812498224,210.75200812498224,211.13739283298492,period,0.9443283340078779,None,211.1374948330049,211.1375412499765,None,,,,,,,,,,,,21049980,0,2025-12-19_13h26.19.902,tilt_mocs,2024.2.4,118.6912514243581,2025-12-19 13h27.13.083545 -0500,
2,0.0,,81,81,0,,,,,0,100,,,,,c+2,noss,1.0,period,1.9622366249968763,None,None,,,,,,,,,,,0,81,81,656,211.14809133298695,,,,,,,,,,,,,,,,,,,,,,,,,,,,,,,,,,,,,,,,,,,,,,,,,,,,,,,,,,,,,,,,,,,,,,211.13954583299346,211.14809133298695,212.13515691598877,212.13515691598877,212.13515691598877,212.20693920800113,212.20693920800113,212.20693920800113,213.12105799998972,period,1.9622366249968763,None,213.12118124999688,213.1212350409769,None,,,,,,,,,,,,21049980,0,2025-12-19_13h26.19.902,tilt_mocs,2024.2.4,118.6912514243581,2025-12-19 13h27.13.083545 -0500,
2,0.0,,82,82,0,,,,,0,100,,,,,c+2,noss,1.25,period,1.7390483749913983,None,None,,,,,,,,,,,0,82,82,669,213.13208137499169,,,,,,,,,,,,,,,,,,,,,,,,,,,,,,,,,,,,,,,,,,,,,,,,,,,,,,,,,,,,,,,,,,,,,,213.12358808299177,213.13208137499169,214.36836104097893,214.36836104097893,214.36836104097893,214.44098600000143,214.44098600000143,214.44098600000143,214.87747749997652,period,1.7390483749913983,None,214.8776153329818,214.87766958298744,None,,,,,,,,,,,,21049980,0,2025-12-19_13h26.19.902,tilt_mocs,2024.2.4,118.6912514243581,2025-12-19 13h27.13.083545 -0500,
0,15.0,,83,83,0,,,,,100,0,,,,,c+0,poss,0.5,z,1.0176657080010045,None,None,,,,,,,,,,,0,83,83,48,214.88814500000444,,,,,,,,,,,,,,,,,,,,,,,,,,,,,,,,,,,,,,,,,,,,,,,,,,,,,,,,,,,,,,,,,,,,,,214.87986129100318,214.88814500000444,215.3785549159802,215.3785549159802,215.3785549159802,215.45236274998751,215.45236274998751,215.45236274998751,215.91083054099,z,1.0176657080010045,None,215.9109318749979,215.91097720799735,None,,,,,,,,,,,,21049980,0,2025-12-19_13h26.19.902,tilt_mocs,2024.2.4,118.6912514243581,2025-12-19 13h27.13.083545 -0500,
6,15.0,,84,84,0,,,,,100,0,,,,,c+6,poss,0.5,period,0.9502421659999527,None,None,,,,,,,,,,,0,84,84,170,215.9214529999881,,,,,,,,,,,,,,,,,,,,,,,,,,,,,,,,,,,,,,,,,,,,,,,,,,,,,,,,,,,,,,,,,,,,,,215.9130581249774,215.9214529999881,216.4121435409761,216.4121435409761,216.4121435409761,216.48583483300172,216.48583483300172,216.48583483300172,216.87761149997823,period,0.9502421659999527,None,216.87787112497608,216.87798670798657,None,,,,,,,,,,,,21049980,0,2025-12-19_13h26.19.902,tilt_mocs,2024.2.4,118.6912514243581,2025-12-19 13h27.13.083545 -0500,
-2,-15.0,,85,85,0,,,,,100,0,,,,,c-2,negs,1.25,z,1.6745825840043835,None,None,,,,,,,,,,,0,85,85,412,216.88861412499682,,,,,,,,,,,,,,,,,,,,,,,,,,,,,,,,,,,,,,,,,,,,,,,,,,,,,,,,,,,,,,,,,,,,,,216.8804119580018,216.88861412499682,218.12782708299346,218.12782708299346,218.12782708299346,218.20241187498323,218.20241187498323,218.20241187498323,218.57146291597746,z,1.6745825840043835,None,218.57163341599517,218.57169191600406,None,,,,,,,,,,,,21049980,0,2025-12-19_13h26.19.902,tilt_mocs,2024.2.4,118.6912514243581,2025-12-19 13h27.13.083545 -0500,
-8,-15.0,,86,86,0,,,,,100,0,,,,,c-8,negs,0.5,z,1.0985130000044592,None,None,,,,,,,,,,,0,86,86,261,218.58428608300164,,,,,,,,,,,,,,,,,,,,,,,,,,,,,,,,,,,,,,,,,,,,,,,,,,,,,,,,,,,,,,,,,,,,,,218.57492812498822,218.58428608300164,219.0687913330039,219.0687913330039,219.0687913330039,219.14082929099095,219.14082929099095,219.14082929099095,219.68806949999998,z,1.0985130000044592,None,219.6881755409995,219.6882182910049,None,,,,,,,,,,,,21049980,0,2025-12-19_13h26.19.902,tilt_mocs,2024.2.4,118.6912514243581,2025-12-19 13h27.13.083545 -0500,
0,15.0,,87,87,0,,,,,100,0,,,,,c+0,poss,1.0,period,1.5911948750144802,None,None,,,,,,,,,,,0,87,87,69,219.69885754099232,,,,,,,,,,,,,,,,,,,,,,,,,,,,,,,,,,,,,,,,,,,,,,,,,,,,,,,,,,,,,,,,,,,,,,219.69025174999842,219.69885754099232,220.6853324160038,220.6853324160038,220.6853324160038,220.7576826250006,220.7576826250006,220.7576826250006,221.29461441599415,period,1.5911948750144802,None,221.2947371249902,221.29479208300472,None,,,,,,,,,,,,21049980,0,2025-12-19_13h26.19.902,tilt_mocs,2024.2.4,118.6912514243581,2025-12-19 13h27.13.083545 -0500,
-8,-15.0,,88,88,0,,,,,100,0,,,,,c-8,negs,1.0,period,1.6246445830038283,None,None,,,,,,,,,,,0,88,88,275,221.30524195797625,,,,,,,,,,,,,,,,,,,,,,,,,,,,,,,,,,,,,,,,,,,,,,,,,,,,,,,,,,,,,,,,,,,,,,221.29708320798818,221.30524195797625,222.2941765409778,222.2941765409778,222.2941765409778,222.36926370798028,222.36926370798028,222.36926370798028,222.93849512498127,period,1.6246445830038283,None,222.93864045798546,222.9387024579919,None,,,,,,,,,,,,21049980,0,2025-12-19_13h26.19.902,tilt_mocs,2024.2.4,118.6912514243581,2025-12-19 13h27.13.083545 -0500,
-2,15.0,,89,89,0,,,,,100,0,,,,,c-2,poss,1.25,period,1.5944727919995785,None,None,,,,,,,,,,,0,89,89,37,222.950171125005,,,,,,,,,,,,,,,,,,,,,,,,,,,,,,,,,,,,,,,,,,,,,,,,,,,,,,,,,,,,,,,,,,,,,,222.94094595799106,222.950171125005,224.18546645800234,224.18546645800234,224.18546645800234,224.25816324999323,224.25816324999323,224.25816324999323,224.55495237497962,period,1.5944727919995785,None,224.55509275000077,224.55515183298849,None,,,,,,,,,,,,21049980,0,2025-12-19_13h26.19.902,tilt_mocs,2024.2.4,118.6912514243581,2025-12-19 13h27.13.083545 -0500,
0,15.0,,90,90,0,,,,,100,0,,,,,c+0,poss,0.75,period,1.102973250002833,None,None,,,,,,,,,,,0,90,90,57,224.56599279100192,,,,,,,,,,,,,,,,,,,,,,,,,,,,,,,,,,,,,,,,,,,,,,,,,,,,,,,,,,,,,,,,,,,,,,224.5575144579925,224.56599279100192,225.3012109999836,225.3012109999836,225.3012109999836,225.37510616600048,225.37510616600048,225.37510616600048,225.6716878330044,period,1.102973250002833,None,225.6718230409897,225.67188054099097,None,,,,,,,,,,,,21049980,0,2025-12-19_13h26.19.902,tilt_mocs,2024.2.4,118.6912514243581,2025-12-19 13h27.13.083545 -0500,
8,15.0,,91,91,0,,,,,100,0,,,,,c+8,poss,0.5,period,0.8457033330050763,None,None,,,,,,,,,,,0,91,91,220,225.68326062499546,,,,,,,,,,,,,,,,,,,,,,,,,,,,,,,,,,,,,,,,,,,,,,,,,,,,,,,,,,,,,,,,,,,,,,225.6741137909994,225.68326062499546,226.16889245799393,226.16889245799393,226.16889245799393,226.24157604097854,226.24157604097854,226.24157604097854,226.53740416598157,period,0.8457033330050763,None,226.53752783298842,226.53758224999183,None,,,,,,,,,,,,21049980,0,2025-12-19_13h26.19.902,tilt_mocs,2024.2.4,118.6912514243581,2025-12-19 13h27.13.083545 -0500,
-2,-15.0,,92,92,0,,,,,100,0,,,,,c-2,negs,1.0,period,1.2388478750071954,None,None,,,,,,,,,,,0,92,92,408,226.54878308298066,,,,,,,,,,,,,,,,,,,,,,,,,,,,,,,,,,,,,,,,,,,,,,,,,,,,,,,,,,,,,,,,,,,,,,226.53999733299133,226.54878308298066,227.53578524998738,227.53578524998738,227.53578524998738,227.60880637497758,227.60880637497758,227.60880637497758,227.7938582909992,period,1.2388478750071954,None,227.7939608329907,227.7940082080022,None,,,,,,,,,,,,21049980,0,2025-12-19_13h26.19.902,tilt_mocs,2024.2.4,118.6912514243581,2025-12-19 13h27.13.083545 -0500,
0,-15.0,,93,93,0,,,,,100,0,,,,,c+0,negs,1.0,period,1.1876575000060257,None,None,,,,,,,,,,,0,93,93,443,227.80506712498027,,,,,,,,,,,,,,,,,,,,,,,,,,,,,,,,,,,,,,,,,,,,,,,,,,,,,,,,,,,,,,,,,,,,,,227.7960547079856,227.80506712498027,228.79525670799194,228.79525670799194,228.79525670799194,228.86959524999838,228.86959524999838,228.86959524999838,229.0050088329881,period,1.1876575000060257,None,229.0051561250002,229.00521274999483,None,,,,,,,,,,,,21049980,0,2025-12-19_13h26.19.902,tilt_mocs,2024.2.4,118.6912514243581,2025-12-19 13h27.13.083545 -0500,
4,0.0,,94,94,0,,,,,0,100,,,,,c+4,noss,0.5,period,1.205984875006834,None,None,,,,,,,,,,,0,94,94,672,229.01615916599985,,,,,,,,,,,,,,,,,,,,,,,,,,,,,,,,,,,,,,,,,,,,,,,,,,,,,,,,,,,,,,,,,,,,,,229.00737279097666,229.01615916599985,229.50236391599174,229.50236391599174,229.50236391599174,229.5762630829995,229.5762630829995,229.5762630829995,230.22727554099401,period,1.205984875006834,None,230.2274147909775,230.22747049998725,None,,,,,,,,,,,,21049980,0,2025-12-19_13h26.19.902,tilt_mocs,2024.2.4,118.6912514243581,2025-12-19 13h27.13.083545 -0500,
-2,0.0,,95,95,0,,,,,0,100,,,,,c-2,noss,0.5,period,1.2486966669966932,None,None,,,,,,,,,,,0,95,95,555,230.23843470797874,,,,,,,,,,,,,,,,,,,,,,,,,,,,,,,,,,,,,,,,,,,,,,,,,,,,,,,,,,,,,,,,,,,,,,230.22951812497922,230.23843470797874,230.72854520799592,230.72854520799592,230.72854520799592,230.80289412499405,230.80289412499405,230.80289412499405,231.49884412498795,period,1.2486966669966932,None,231.49895158299478,231.49899779100087,None,,,,,,,,,,,,21049980,0,2025-12-19_13h26.19.902,tilt_mocs,2024.2.4,118.6912514243581,2025-12-19 13h27.13.083545 -0500,
-4,-15.0,,96,96,0,,,,,100,0,,,,,c-4,negs,1.25,period,1.6643264580052346,None,None,,,,,,,,,,,0,96,96,377,231.50554833299248,,,,,,,,,,,,,,,,,,,,,,,,,,,,,,,,,,,,,,,,,,,,,,,,,,,,,,,,,,,,,,,,,,,,,,231.5009712909814,231.50554833299248,232.7459899999958,232.7459899999958,232.7459899999958,232.82594983300078,232.82594983300078,232.82594983300078,233.17239558298024,period,1.6643264580052346,None,233.1725335829833,233.1725914159906,None,,,,,,,,,,,,21049980,0,2025-12-19_13h26.19.902,tilt_mocs,2024.2.4,118.6912514243581,2025-12-19 13h27.13.083545 -0500,
4,0.0,,97,97,0,,,,,0,100,,,,,c+4,noss,0.75,z,1.3096526250010356,None,None,,,,,,,,,,,0,97,97,688,233.18400608299999,,,,,,,,,,,,,,,,,,,,,,,,,,,,,,,,,,,,,,,,,,,,,,,,,,,,,,,,,,,,,,,,,,,,,,233.17506208299892,233.18400608299999,233.9182694159972,233.9182694159972,233.9182694159972,233.99152374998084,233.99152374998084,233.99152374998084,234.50616424999316,z,1.3096526250010356,None,234.5062664579891,234.5063097079983,None,,,,,,,,,,,,21049980,0,2025-12-19_13h26.19.902,tilt_mocs,2024.2.4,118.6912514243581,2025-12-19 13h27.13.083545 -0500,
8,15.0,,98,98,0,,,,,100,0,,,,,c+8,poss,1.25,period,1.6167259170033503,None,None,,,,,,,,,,,0,98,98,251,234.51967049998348,,,,,,,,,,,,,,,,,,,,,,,,,,,,,,,,,,,,,,,,,,,,,,,,,,,,,,,,,,,,,,,,,,,,,,234.50835487499717,234.51967049998348,235.75253195798723,235.75253195798723,235.75253195798723,235.82430712500354,235.82430712500354,235.82430712500354,236.13908558298135,period,1.6167259170033503,None,236.1392237499822,236.13927945800242,None,,,,,,,,,,,,21049980,0,2025-12-19_13h26.19.902,tilt_mocs,2024.2.4,118.6912514243581,2025-12-19 13h27.13.083545 -0500,
2,-15.0,,99,99,0,,,,,100,0,,,,,c+2,negs,1.0,period,1.4714246669900604,None,None,,,,,,,,,,,0,99,99,485,236.1504034579848,,,,,,,,,,,,,,,,,,,,,,,,,,,,,,,,,,,,,,,,,,,,,,,,,,,,,,,,,,,,,,,,,,,,,,236.14153958298266,236.1504034579848,237.13600520798354,237.13600520798354,237.13600520798354,237.20828745799372,237.20828745799372,237.20828745799372,237.6270777079917,period,1.4714246669900604,None,237.62717787499423,237.6272206659778,None,,,,,,,,,,,,21049980,0,2025-12-19_13h26.19.902,tilt_mocs,2024.2.4,118.6912514243581,2025-12-19 13h27.13.083545 -0500,
-2,-15.0,,100,100,0,,,,,100,0,,,,,c-2,negs,1.25,period,1.8485428330022842,None,None,,,,,,,,,,,0,100,100,413,237.63863254099851,,,,,,,,,,,,,,,,,,,,,,,,,,,,,,,,,,,,,,,,,,,,,,,,,,,,,,,,,,,,,,,,,,,,,,237.62919520799187,237.63863254099851,238.87852937498246,238.87852937498246,238.87852937498246,238.9532800829911,238.9532800829911,238.9532800829911,239.49036833300488,period,1.8485428330022842,None,239.49051004098146,239.49057429100503,None,,,,,,,,,,,,21049980,0,2025-12-19_13h26.19.902,tilt_mocs,2024.2.4,118.6912514243581,2025-12-19 13h27.13.083545 -0500,
-2,-15.0,,101,101,0,,,,,100,0,,,,,c-2,negs,1.25,period,1.6185361669922713,None,None,,,,,,,,,,,0,101,101,415,239.50196266599232,,,,,,,,,,,,,,,,,,,,,,,,,,,,,,,,,,,,,,,,,,,,,,,,,,,,,,,,,,,,,,,,,,,,,,239.49279904097784,239.50196266599232,240.73568641598104,240.73568641598104,240.73568641598104,240.80823533298098,240.80823533298098,240.80823533298098,241.12659287499264,period,1.6185361669922713,None,241.1267376249889,241.1267957079981,None,,,,,,,,,,,,21049980,0,2025-12-19_13h26.19.902,tilt_mocs,2024.2.4,118.6912514243581,2025-12-19 13h27.13.083545 -0500,
4,0.0,,102,102,0,,,,,0,100,,,,,c+4,noss,1.25,period,1.7490455000079237,None,None,,,,,,,,,,,0,102,102,712,241.13872237497708,,,,,,,,,,,,,,,,,,,,,,,,,,,,,,,,,,,,,,,,,,,,,,,,,,,,,,,,,,,,,,,,,,,,,,241.12882070799242,241.13872237497708,242.379255790991,242.379255790991,242.379255790991,242.45367975000408,242.45367975000408,242.45367975000408,242.8996791249956,period,1.7490455000079237,None,242.89978049998172,242.8998397079995,None,,,,,,,,,,,,21049980,0,2025-12-19_13h26.19.902,tilt_mocs,2024.2.4,118.6912514243581,2025-12-19 13h27.13.083545 -0500,
-4,-15.0,,103,103,0,,,,,100,0,,,,,c-4,negs,1.0,period,1.4773255000181962,None,None,,,,,,,,,,,0,103,103,358,242.9063290829945,,,,,,,,,,,,,,,,,,,,,,,,,,,,,,,,,,,,,,,,,,,,,,,,,,,,,,,,,,,,,,,,,,,,,,242.90182829098194,242.9063290829945,243.89526925000246,243.89526925000246,243.89526925000246,243.97004274997744,243.97004274997744,243.97004274997744,244.3891870410007,period,1.4773255000181962,None,244.3893543749873,244.3894131249981,None,,,,,,,,,,,,21049980,0,2025-12-19_13h26.19.902,tilt_mocs,2024.2.4,118.6912514243581,2025-12-19 13h27.13.083545 -0500,
0,15.0,,104,104,0,,,,,100,0,,,,,c+0,poss,0.5,period,0.9202287920052186,None,None,,,,,,,,,,,0,104,104,44,244.4014146660047,,,,,,,,,,,,,,,,,,,,,,,,,,,,,,,,,,,,,,,,,,,,,,,,,,,,,,,,,,,,,,,,,,,,,,244.39226770799723,244.4014146660047,244.88627466600155,244.88627466600155,244.88627466600155,244.9591282909969,244.9591282909969,244.9591282909969,245.32854383299127,period,0.9202287920052186,None,245.32866529098828,245.32871841598535,None,,,,,,,,,,,,21049980,0,2025-12-19_13h26.19.902,tilt_mocs,2024.2.4,118.6912514243581,2025-12-19 13h27.13.083545 -0500,
4,15.0,,105,105,0,,,,,100,0,,,,,c+4,poss,1.0,period,1.3827451249817386,None,None,,,,,,,,,,,0,105,105,155,245.33941691598739,,,,,,,,,,,,,,,,,,,,,,,,,,,,,,,,,,,,,,,,,,,,,,,,,,,,,,,,,,,,,,,,,,,,,,245.33096708299126,245.33941691598739,246.32878979100497,246.32878979100497,246.32878979100497,246.40369062498212,246.40369062498212,246.40369062498212,246.7275524159777,period,1.3827451249817386,None,246.72765195800457,246.7276982079784,None,,,,,,,,,,,,21049980,0,2025-12-19_13h26.19.902,tilt_mocs,2024.2.4,118.6912514243581,2025-12-19 13h27.13.083545 -0500,
-8,-15.0,,106,106,0,,,,,100,0,,,,,c-8,negs,1.25,z,1.665040209016297,None,None,,,,,,,,,,,0,106,106,284,246.73886179100373,,,,,,,,,,,,,,,,,,,,,,,,,,,,,,,,,,,,,,,,,,,,,,,,,,,,,,,,,,,,,,,,,,,,,,246.72966650000308,246.73886179100373,247.97883449998335,247.97883449998335,247.97883449998335,248.0535206249915,248.0535206249915,248.0535206249915,248.4069864579942,z,1.665040209016297,None,248.40713316597976,248.40719741600333,None,,,,,,,,,,,,21049980,0,2025-12-19_13h26.19.902,tilt_mocs,2024.2.4,118.6912514243581,2025-12-19 13h27.13.083545 -0500,
4,0.0,,107,107,0,,,,,0,100,,,,,c+4,noss,0.75,period,1.2663147919811308,None,None,,,,,,,,,,,0,107,107,689,248.4185114580032,,,,,,,,,,,,,,,,,,,,,,,,,,,,,,,,,,,,,,,,,,,,,,,,,,,,,,,,,,,,,,,,,,,,,,248.4094992079772,248.4185114580032,249.15303670798312,249.15303670798312,249.15303670798312,249.22628499998245,249.22628499998245,249.22628499998245,249.68931370798964,period,1.2663147919811308,None,249.6894451249973,249.6895373330044,None,,,,,,,,,,,,21049980,0,2025-12-19_13h26.19.902,tilt_mocs,2024.2.4,118.6912514243581,2025-12-19 13h27.13.083545 -0500,
0,15.0,,108,108,0,,,,,100,0,,,,,c+0,poss,1.25,period,1.7271142919780686,None,None,,,,,,,,,,,0,108,108,74,249.70053379097953,,,,,,,,,,,,,,,,,,,,,,,,,,,,,,,,,,,,,,,,,,,,,,,,,,,,,,,,,,,,,,,,,,,,,,249.69198679100373,249.70053379097953,250.93667475000257,250.93667475000257,250.93667475000257,251.00863583298633,251.00863583298633,251.00863583298633,251.44031358297798,period,1.7271142919780686,None,251.44041795798694,251.44046804099344,None,,,,,,,,,,,,21049980,0,2025-12-19_13h26.19.902,tilt_mocs,2024.2.4,118.6912514243581,2025-12-19 13h27.13.083545 -0500,
-2,15.0,,109,109,0,,,,,100,0,,,,,c-2,poss,0.5,period,0.9513236659986433,None,None,,,,,,,,,,,0,109,109,2,251.45372354099527,,,,,,,,,,,,,,,,,,,,,,,,,,,,,,,,,,,,,,,,,,,,,,,,,,,,,,,,,,,,,,,,,,,,,,251.44248475000495,251.45372354099527,251.93657995798276,251.93657995798276,251.93657995798276,252.0085968329804,252.0085968329804,252.0085968329804,252.41215420799563,period,0.9513236659986433,None,252.41226699997787,252.41231004099245,None,,,,,,,,,,,,21049980,0,2025-12-19_13h26.19.902,tilt_mocs,2024.2.4,118.6912514243581,2025-12-19 13h27.13.083545 -0500,
0,15.0,,110,110,0,,,,,100,0,,,,,c+0,poss,0.75,period,1.086408457980724,None,None,,,,,,,,,,,0,110,110,54,252.42276204098016,,,,,,,,,,,,,,,,,,,,,,,,,,,,,,,,,,,,,,,,,,,,,,,,,,,,,,,,,,,,,,,,,,,,,,252.4142792079947,252.42276204098016,253.1631021659996,253.1631021659996,253.1631021659996,253.23683012498077,253.23683012498077,253.23683012498077,253.51169837499037,period,1.086408457980724,None,253.51182966597844,253.51188429098693,None,,,,,,,,,,,,21049980,0,2025-12-19_13h26.19.902,tilt_mocs,2024.2.4,118.6912514243581,2025-12-19 13h27.13.083545 -0500,
8,15.0,,111,111,0,,,,,100,0,,,,,c+8,poss,1.25,period,1.6886815000034403,None,None,,,,,,,,,,,0,111,111,244,253.52291749999858,,,,,,,,,,,,,,,,,,,,,,,,,,,,,,,,,,,,,,,,,,,,,,,,,,,,,,,,,,,,,,,,,,,,,,253.513989457977,253.52291749999858,254.76316104098805,254.76316104098805,254.76316104098805,254.83733112498885,254.83733112498885,254.83733112498885,255.22268787497887,period,1.6886815000034403,None,255.2227950829838,255.2228388749936,None,,,,,,,,,,,,21049980,0,2025-12-19_13h26.19.902,tilt_mocs,2024.2.4,118.6912514243581,2025-12-19 13h27.13.083545 -0500,
4,0.0,,112,112,0,,,,,0,100,,,,,c+4,noss,1.25,period,1.5868126249988563,None,None,,,,,,,,,,,0,112,112,704,255.23379149998073,,,,,,,,,,,,,,,,,,,,,,,,,,,,,,,,,,,,,,,,,,,,,,,,,,,,,,,,,,,,,,,,,,,,,,255.2248560829903,255.23379149998073,256.4701439999917,256.4701439999917,256.4701439999917,256.54047645800165,256.54047645800165,256.54047645800165,256.82369845799985,period,1.5868126249988563,None,256.8238402909774,256.82390158300404,None,,,,,,,,,,,,21049980,0,2025-12-19_13h26.19.902,tilt_mocs,2024.2.4,118.6912514243581,2025-12-19 13h27.13.083545 -0500,
4,0.0,,113,113,0,,,,,0,100,,,,,c+4,noss,0.75,period,1.0441086670034565,None,None,,,,,,,,,,,0,113,113,690,256.8352392909874,,,,,,,,,,,,,,,,,,,,,,,,,,,,,,,,,,,,,,,,,,,,,,,,,,,,,,,,,,,,,,,,,,,,,,256.82616570798564,256.8352392909874,257.5701387079898,257.5701387079898,257.5701387079898,257.64247266598977,257.64247266598977,257.64247266598977,257.8897618749761,period,1.0441086670034565,None,257.8899060830008,257.8899618749856,None,,,,,,,,,,,,21049980,0,2025-12-19_13h26.19.902,tilt_mocs,2024.2.4,118.6912514243581,2025-12-19 13h27.13.083545 -0500,
4,15.0,,114,114,0,,,,,100,0,,,,,c+4,poss,1.0,period,1.2561952499963809,None,None,,,,,,,,,,,0,114,114,148,257.9010263749806,,,,,,,,,,,,,,,,,,,,,,,,,,,,,,,,,,,,,,,,,,,,,,,,,,,,,,,,,,,,,,,,,,,,,,257.89228387500043,257.9010263749806,258.88675954099745,258.88675954099745,258.88675954099745,258.95979545798036,258.95979545798036,258.95979545798036,259.1612124159874,period,1.2561952499963809,None,259.16132091599866,259.161363791005,None,,,,,,,,,,,,21049980,0,2025-12-19_13h26.19.902,tilt_mocs,2024.2.4,118.6912514243581,2025-12-19 13h27.13.083545 -0500,
0,15.0,,115,115,0,,,,,100,0,,,,,c+0,poss,1.25,period,1.4982389169745147,None,None,,,,,,,,,,,0,115,115,83,259.1724869159807,,,,,,,,,,,,,,,,,,,,,,,,,,,,,,,,,,,,,,,,,,,,,,,,,,,,,,,,,,,,,,,,,,,,,,259.1633467079955,259.1724869159807,260.41253099997994,260.41253099997994,260.41253099997994,260.48732033299166,260.48732033299166,260.48732033299166,260.6734955830034,period,1.4982389169745147,None,260.67363187498995,260.6736896660004,None,,,,,,,,,,,,21049980,0,2025-12-19_13h26.19.902,tilt_mocs,2024.2.4,118.6912514243581,2025-12-19 13h27.13.083545 -0500,
-8,-15.0,,116,116,0,,,,,100,0,,,,,c-8,negs,1.0,z,1.360532291000709,None,None,,,,,,,,,,,0,116,116,277,260.68493154097814,,,,,,,,,,,,,,,,,,,,,,,,,,,,,,,,,,,,,,,,,,,,,,,,,,,,,,,,,,,,,,,,,,,,,,260.67601554098655,260.68493154097814,261.6702022909885,261.6702022909885,261.6702022909885,261.7427440409956,261.7427440409956,261.7427440409956,262.05536479098373,z,1.360532291000709,None,262.05548762498074,262.05554037500406,None,,,,,,,,,,,,21049980,0,2025-12-19_13h26.19.902,tilt_mocs,2024.2.4,118.6912514243581,2025-12-19 13h27.13.083545 -0500,
8,15.0,,117,117,0,,,,,100,0,,,,,c+8,poss,0.5,period,0.9661770829989109,None,None,,,,,,,,,,,0,117,117,212,262.0669378329767,,,,,,,,,,,,,,,,,,,,,,,,,,,,,,,,,,,,,,,,,,,,,,,,,,,,,,,,,,,,,,,,,,,,,,262.0579367079772,262.0669378329767,262.55361987499055,262.55361987499055,262.55361987499055,262.6256559579924,262.6256559579924,262.6256559579924,263.03961325000273,period,0.9661770829989109,None,263.03971445799107,263.03977391598164,None,,,,,,,,,,,,21049980,0,2025-12-19_13h26.19.902,tilt_mocs,2024.2.4,118.6912514243581,2025-12-19 13h27.13.083545 -0500,
8,15.0,,118,118,0,,,,,100,0,,,,,c+8,poss,1.0,period,1.4328383329848293,None,None,,,,,,,,,,,0,118,118,232,263.0503906660015,,,,,,,,,,,,,,,,,,,,,,,,,,,,,,,,,,,,,,,,,,,,,,,,,,,,,,,,,,,,,,,,,,,,,,263.04175633299747,263.0503906660015,264.0361081659794,264.0361081659794,264.0361081659794,264.1089564579888,264.1089564579888,264.1089564579888,264.490112999978,period,1.4328383329848293,None,264.490251249983,264.4903077079798,None,,,,,,,,,,,,21049980,0,2025-12-19_13h26.19.902,tilt_mocs,2024.2.4,118.6912514243581,2025-12-19 13h27.13.083545 -0500,
2,-15.0,,119,119,0,,,,,100,0,,,,,c+2,negs,1.25,period,1.58661724999547,None,None,,,,,,,,,,,0,119,119,497,264.5011642079917,,,,,,,,,,,,,,,,,,,,,,,,,,,,,,,,,,,,,,,,,,,,,,,,,,,,,,,,,,,,,,,,,,,,,,264.4924082910002,264.5011642079917,265.73707045798074,265.73707045798074,265.73707045798074,265.80925366599695,265.80925366599695,265.80925366599695,266.0910136659804,period,1.58661724999547,None,266.0911606659938,266.09122820798075,None,,,,,,,,,,,,21049980,0,2025-12-19_13h26.19.902,tilt_mocs,2024.2.4,118.6912514243581,2025-12-19 13h27.13.083545 -0500,
6,15.0,,120,120,0,,,,,100,0,,,,,c+6,poss,1.25,period,1.5245718749938533,None,None,,,,,,,,,,,0,120,120,207,266.1020957909932,,,,,,,,,,,,,,,,,,,,,,,,,,,,,,,,,,,,,,,,,,,,,,,,,,,,,,,,,,,,,,,,,,,,,,266.0933545829903,266.1020957909932,267.33707216600305,267.33707216600305,267.33707216600305,267.40952208297676,267.40952208297676,267.40952208297676,267.6301722909848,period,1.5245718749938533,None,267.6303137909854,267.6303700830031,None,,,,,,,,,,,,21049980,0,2025-12-19_13h26.19.902,tilt_mocs,2024.2.4,118.6912514243581,2025-12-19 13h27.13.083545 -0500,
8,15.0,,121,121,0,,,,,100,0,,,,,c+8,poss,1.25,period,1.5222157090029214,None,None,,,,,,,,,,,0,121,121,242,267.6411825410032,,,,,,,,,,,,,,,,,,,,,,,,,,,,,,,,,,,,,,,,,,,,,,,,,,,,,,,,,,,,,,,,,,,,,,267.6328649579955,267.6411825410032,268.8800351249811,268.8800351249811,268.8800351249811,268.95438104099594,268.95438104099594,268.95438104099594,269.1732839579927,period,1.5222157090029214,None,269.1733977079857,269.1734426250041,None,,,,,,,,,,,,21049980,0,2025-12-19_13h26.19.902,tilt_mocs,2024.2.4,118.6912514243581,2025-12-19 13h27.13.083545 -0500,
2,0.0,,122,122,0,,,,,0,100,,,,,c+2,noss,1.0,period,1.2905641249963082,None,None,,,,,,,,,,,0,122,122,654,269.1841802909912,,,,,,,,,,,,,,,,,,,,,,,,,,,,,,,,,,,,,,,,,,,,,,,,,,,,,,,,,,,,,,,,,,,,,,269.17554341600044,269.1841802909912,270.1706287499983,270.1706287499983,270.1706287499983,270.24371587499627,270.24371587499627,270.24371587499627,270.47886066598585,period,1.2905641249963082,None,270.478962291003,270.479005125002,None,,,,,,,,,,,,21049980,0,2025-12-19_13h26.19.902,tilt_mocs,2024.2.4,118.6912514243581,2025-12-19 13h27.13.083545 -0500,
0,15.0,,123,123,0,,,,,100,0,,,,,c+0,poss,1.0,period,1.2503363750001881,None,None,,,,,,,,,,,0,123,123,68,270.490050665976,,,,,,,,,,,,,,,,,,,,,,,,,,,,,,,,,,,,,,,,,,,,,,,,,,,,,,,,,,,,,,,,,,,,,,270.4809860829846,270.490050665976,271.4799982080003,271.4799982080003,271.4799982080003,271.5544590409845,271.5544590409845,271.5544590409845,271.74668199999724,period,1.2503363750001881,None,271.74680900000385,271.74686699997983,None,,,,,,,,,,,,21049980,0,2025-12-19_13h26.19.902,tilt_mocs,2024.2.4,118.6912514243581,2025-12-19 13h27.13.083545 -0500,
8,15.0,,124,124,0,,,,,100,0,,,,,c+8,poss,1.25,period,1.5538411250163335,None,None,,,,,,,,,,,0,124,124,245,271.7573994580016,,,,,,,,,,,,,,,,,,,,,,,,,,,,,,,,,,,,,,,,,,,,,,,,,,,,,,,,,,,,,,,,,,,,,,271.74930724999285,271.7573994580016,272.99652070799493,272.99652070799493,272.99652070799493,273.07115816598525,273.07115816598525,273.07115816598525,273.323509290989,period,1.5538411250163335,None,273.3236371660023,273.3236939999915,None,,,,,,,,,,,,21049980,0,2025-12-19_13h26.19.902,tilt_mocs,2024.2.4,118.6912514243581,2025-12-19 13h27.13.083545 -0500,
2,-15.0,,125,125,0,,,,,100,0,,,,,c+2,negs,1.25,period,1.539291916997172,None,None,,,,,,,,,,,0,125,125,500,273.33503049999126,,,,,,,,,,,,,,,,,,,,,,,,,,,,,,,,,,,,,,,,,,,,,,,,,,,,,,,,,,,,,,,,,,,,,,273.3262301249779,273.33503049999126,274.57069162497646,274.57069162497646,274.57069162497646,274.6425584999961,274.6425584999961,274.6425584999961,274.8792281659844,period,1.539291916997172,None,274.8793531660049,274.8794110000017,None,,,,,,,,,,,,21049980,0,2025-12-19_13h26.19.902,tilt_mocs,2024.2.4,118.6912514243581,2025-12-19 13h27.13.083545 -0500,
2,0.0,,126,126,0,,,,,0,100,,,,,c+2,noss,1.25,period,1.568205667019356,None,None,,,,,,,,,,,0,126,126,670,274.89049012499163,,,,,,,,,,,,,,,,,,,,,,,,,,,,,,,,,,,,,,,,,,,,,,,,,,,,,,,,,,,,,,,,,,,,,,274.8816074159986,274.89049012499163,276.13039562499034,276.13039562499034,276.13039562499034,276.20440274997964,276.20440274997964,276.20440274997964,276.4617612909933,period,1.568205667019356,None,276.46185833300115,276.46190383299836,None,,,,,,,,,,,,21049980,0,2025-12-19_13h26.19.902,tilt_mocs,2024.2.4,118.6912514243581,2025-12-19 13h27.13.083545 -0500,
8,15.0,,127,127,0,,,,,100,0,,,,,c+8,poss,1.25,period,1.5347916670143604,None,None,,,,,,,,,,,0,127,127,248,276.47310166599345,,,,,,,,,,,,,,,,,,,,,,,,,,,,,,,,,,,,,,,,,,,,,,,,,,,,,,,,,,,,,,,,,,,,,,276.4639075829764,276.47310166599345,277.71415641598287,277.71415641598287,277.71415641598287,277.7881043749803,277.7881043749803,277.7881043749803,278.0132080829935,period,1.5347916670143604,None,278.01333279098617,278.01337604099535,None,,,,,,,,,,,,21049980,0,2025-12-19_13h26.19.902,tilt_mocs,2024.2.4,118.6912514243581,2025-12-19 13h27.13.083545 -0500,
4,15.0,,128,128,0,,,,,100,0,,,,,c+4,poss,1.25,period,1.5274142500129528,None,None,,,,,,,,,,,0,128,128,166,278.0240767499781,,,,,,,,,,,,,,,,,,,,,,,,,,,,,,,,,,,,,,,,,,,,,,,,,,,,,,,,,,,,,,,,,,,,,,278.015365750005,278.0240767499781,279.26317312498577,279.26317312498577,279.26317312498577,279.3381250409875,279.3381250409875,279.3381250409875,279.55728166599874,period,1.5274142500129528,None,279.5574297909916,279.55748841600143,None,,,,,,,,,,,,21049980,0,2025-12-19_13h26.19.902,tilt_mocs,2024.2.4,118.6912514243581,2025-12-19 13h27.13.083545 -0500,
4,0.0,,129,129,0,,,,,0,100,,,,,c+4,noss,0.5,period,0.8077754580008332,None,None,,,,,,,,,,,0,129,129,675,279.56927149998955,,,,,,,,,,,,,,,,,,,,,,,,,,,,,,,,,,,,,,,,,,,,,,,,,,,,,,,,,,,,,,,,,,,,,,279.56029045800096,279.56927149998955,280.05413399997633,280.05413399997633,280.05413399997633,280.1264634160034,280.1264634160034,280.1264634160034,280.38053087500157,period,0.8077754580008332,None,280.38062733298284,280.3806698329863,None,,,,,,,,,,,,21049980,0,2025-12-19_13h26.19.902,tilt_mocs,2024.2.4,118.6912514243581,2025-12-19 13h27.13.083545 -0500,
0,15.0,,130,130,0,,,,,100,0,,,,,c+0,poss,1.0,period,1.3556144589965697,None,None,,,,,,,,,,,0,130,130,70,280.3906583749922,,,,,,,,,,,,,,,,,,,,,,,,,,,,,,,,,,,,,,,,,,,,,,,,,,,,,,,,,,,,,,,,,,,,,,280.38262916597887,280.3906583749922,281.3806117079803,281.3806117079803,281.3806117079803,281.4547857909929,281.4547857909929,281.4547857909929,281.7571179159859,period,1.3556144589965697,None,281.75728445799905,281.7573441659915,None,,,,,,,,,,,,21049980,0,2025-12-19_13h26.19.902,tilt_mocs,2024.2.4,118.6912514243581,2025-12-19 13h27.13.083545 -0500,
-4,-15.0,,131,131,0,,,,,100,0,,,,,c-4,negs,0.75,period,1.1219441659923177,None,None,,,,,,,,,,,0,131,131,356,281.7696329159953,,,,,,,,,,,,,,,,,,,,,,,,,,,,,,,,,,,,,,,,,,,,,,,,,,,,,,,,,,,,,,,,,,,,,,281.76039962499635,281.7696329159953,282.50431079100235,282.50431079100235,282.50431079100235,282.57678391598165,282.57678391598165,282.57678391598165,282.8968421249883,period,1.1219441659923177,None,282.8969809580012,282.89704220800195,None,,,,,,,,,,,,21049980,0,2025-12-19_13h26.19.902,tilt_mocs,2024.2.4,118.6912514243581,2025-12-19 13h27.13.083545 -0500,
-2,0.0,,132,132,0,,,,,0,100,,,,,c-2,noss,0.5,period,1.2534329170011915,None,None,,,,,,,,,,,0,132,132,549,282.9074149579974,,,,,,,,,,,,,,,,,,,,,,,,,,,,,,,,,,,,,,,,,,,,,,,,,,,,,,,,,,,,,,,,,,,,,,282.8992384999874,282.9074149579974,283.3973845829896,283.3973845829896,283.3973845829896,283.4716804579948,283.4716804579948,283.4716804579948,284.1637918749766,period,1.2534329170011915,None,284.16403458299465,284.16412212498835,None,,,,,,,,,,,,21049980,0,2025-12-19_13h26.19.902,tilt_mocs,2024.2.4,118.6912514243581,2025-12-19 13h27.13.083545 -0500,
-2,0.0,,133,133,0,,,,,0,100,,,,,c-2,noss,0.75,z,1.3506902090157382,None,None,,,,,,,,,,,0,133,133,557,284.1749583329947,,,,,,,,,,,,,,,,,,,,,,,,,,,,,,,,,,,,,,,,,,,,,,,,,,,,,,,,,,,,,,,,,,,,,,284.16656062498805,284.1749583329947,284.9140646249871,284.9140646249871,284.9140646249871,284.988300832978,284.988300832978,284.988300832978,285.5302001249802,z,1.3506902090157382,None,285.53032049999456,285.5303737499926,None,,,,,,,,,,,,21049980,0,2025-12-19_13h26.19.902,tilt_mocs,2024.2.4,118.6912514243581,2025-12-19 13h27.13.083545 -0500,
-6,-15.0,,134,134,0,,,,,100,0,,,,,c-6,negs,0.5,z,1.1648751249886118,None,None,,,,,,,,,,,0,134,134,296,285.54091445798986,,,,,,,,,,,,,,,,,,,,,,,,,,,,,,,,,,,,,,,,,,,,,,,,,,,,,,,,,,,,,,,,,,,,,,285.5325226249988,285.54091445798986,286.0311892500031,286.0311892500031,286.0311892500031,286.10499954098486,286.10499954098486,286.10499954098486,286.71789187498507,z,1.1648751249886118,None,286.71799533299054,286.71804016598617,None,,,,,,,,,,,,21049980,0,2025-12-19_13h26.19.902,tilt_mocs,2024.2.4,118.6912514243581,2025-12-19 13h27.13.083545 -0500,
-4,-15.0,,135,135,0,,,,,100,0,,,,,c-4,negs,0.75,z,1.4982852919783909,None,None,,,,,,,,,,,0,135,135,355,286.7245358329965,,,,,,,,,,,,,,,,,,,,,,,,,,,,,,,,,,,,,,,,,,,,,,,,,,,,,,,,,,,,,,,,,,,,,,286.7200770409836,286.7245358329965,287.4642444579804,287.4642444579804,287.4642444579804,287.53849408298265,287.53849408298265,287.53849408298265,288.23515262498404,z,1.4982852919783909,None,288.2352541250002,288.2352965409809,None,,,,,,,,,,,,21049980,0,2025-12-19_13h26.19.902,tilt_mocs,2024.2.4,118.6912514243581,2025-12-19 13h27.13.083545 -0500,
2,0.0,,136,136,0,,,,,0,100,,,,,c+2,noss,0.75,period,1.253986708004959,None,None,,,,,,,,,,,0,136,136,648,288.2418924579979,,,,,,,,,,,,,,,,,,,,,,,,,,,,,,,,,,,,,,,,,,,,,,,,,,,,,,,,,,,,,,,,,,,,,,288.2373562909779,288.2418924579979,288.9808309999935,288.9808309999935,288.9808309999935,289.0551322909887,289.0551322909887,289.0551322909887,289.5072582080029,period,1.253986708004959,None,289.50738529098453,289.50743979099207,None,,,,,,,,,,,,21049980,0,2025-12-19_13h26.19.902,tilt_mocs,2024.2.4,118.6912514243581,2025-12-19 13h27.13.083545 -0500,
4,15.0,,137,137,0,,,,,100,0,,,,,c+4,poss,0.5,period,1.080574915977195,None,None,,,,,,,,,,,0,137,137,134,289.51844308298314,,,,,,,,,,,,,,,,,,,,,,,,,,,,,,,,,,,,,,,,,,,,,,,,,,,,,,,,,,,,,,,,,,,,,,289.5096723329916,289.51844308298314,290.0045861249964,290.0045861249964,290.0045861249964,290.07776812498923,290.07776812498923,290.07776812498923,290.6074605829781,period,1.080574915977195,None,290.60761020798236,290.60766654097824,None,,,,,,,,,,,,21049980,0,2025-12-19_13h26.19.902,tilt_mocs,2024.2.4,118.6912514243581,2025-12-19 13h27.13.083545 -0500,
6,15.0,,138,138,0,,,,,100,0,,,,,c+6,poss,0.75,period,1.0358279999927618,None,None,,,,,,,,,,,0,138,138,183,290.6195672079921,,,,,,,,,,,,,,,,,,,,,,,,,,,,,,,,,,,,,,,,,,,,,,,,,,,,,,,,,,,,,,,,,,,,,,290.6103925409843,290.6195672079921,291.35471408299054,291.35471408299054,291.35471408299054,291.42718704100116,291.42718704100116,291.42718704100116,291.6581770829798,period,1.0358279999927618,None,291.65834404100315,291.65839966599015,None,,,,,,,,,,,,21049980,0,2025-12-19_13h26.19.902,tilt_mocs,2024.2.4,118.6912514243581,2025-12-19 13h27.13.083545 -0500,
-6,-15.0,,139,139,0,,,,,100,0,,,,,c-6,negs,0.75,period,1.118591375008691,None,None,,,,,,,,,,,0,139,139,313,291.6702382910007,,,,,,,,,,,,,,,,,,,,,,,,,,,,,,,,,,,,,,,,,,,,,,,,,,,,,,,,,,,,,,,,,,,,,,291.66112112498377,291.6702382910007,292.40477829097654,292.40477829097654,292.40477829097654,292.4769351659925,292.4769351659925,292.4769351659925,292.79158137500053,period,1.118591375008691,None,292.7917413749965,292.7917945829977,None,,,,,,,,,,,,21049980,0,2025-12-19_13h26.19.902,tilt_mocs,2024.2.4,118.6912514243581,2025-12-19 13h27.13.083545 -0500,
2,-15.0,,140,140,0,,,,,100,0,,,,,c+2,negs,0.5,period,0.9477345829945989,None,None,,,,,,,,,,,0,140,140,463,292.803735665977,,,,,,,,,,,,,,,,,,,,,,,,,,,,,,,,,,,,,,,,,,,,,,,,,,,,,,,,,,,,,,,,,,,,,,292.79455004099873,292.803735665977,293.28748129098676,293.28748129098676,293.28748129098676,293.36007966598845,293.36007966598845,293.36007966598845,293.75810358297895,period,0.9477345829945989,None,293.7582510409993,293.75830745798885,None,,,,,,,,,,,,21049980,0,2025-12-19_13h26.19.902,tilt_mocs,2024.2.4,118.6912514243581,2025-12-19 13h27.13.083545 -0500,
-4,-15.0,,141,141,0,,,,,100,0,,,,,c-4,negs,1.25,period,1.9945350830093957,None,None,,,,,,,,,,,0,141,141,376,293.76944695800194,,,,,,,,,,,,,,,,,,,,,,,,,,,,,,,,,,,,,,,,,,,,,,,,,,,,,,,,,,,,,,,,,,,,,,293.76062333298614,293.76944695800194,295.00476570799947,295.00476570799947,295.00476570799947,295.0767574579804,295.0767574579804,295.0767574579804,295.77413170799264,period,1.9945350830093957,None,295.7742612079892,295.7743168329762,None,,,,,,,,,,,,21049980,0,2025-12-19_13h26.19.902,tilt_mocs,2024.2.4,118.6912514243581,2025-12-19 13h27.13.083545 -0500,
2,0.0,,142,142,0,,,,,0,100,,,,,c+2,noss,0.5,period,0.9566715000255499,None,None,,,,,,,,,,,0,142,142,631,295.78505704097915,,,,,,,,,,,,,,,,,,,,,,,,,,,,,,,,,,,,,,,,,,,,,,,,,,,,,,,,,,,,,,,,,,,,,,295.7763826659939,295.78505704097915,296.27158000000054,296.27158000000054,296.27158000000054,296.3435754159873,296.3435754159873,296.3435754159873,296.74729583298904,period,0.9566715000255499,None,296.74739737500204,296.7474393330049,None,,,,,,,,,,,,21049980,0,2025-12-19_13h26.19.902,tilt_mocs,2024.2.4,118.6912514243581,2025-12-19 13h27.13.083545 -0500,
-4,-15.0,,143,143,0,,,,,100,0,,,,,c-4,negs,0.75,period,1.1110275420069229,None,None,,,,,,,,,,,0,143,143,350,296.7576451659843,,,,,,,,,,,,,,,,,,,,,,,,,,,,,,,,,,,,,,,,,,,,,,,,,,,,,,,,,,,,,,,,,,,,,,296.7494851659867,296.7576451659843,297.4979485409858,297.4979485409858,297.4979485409858,297.572163749981,297.572163749981,297.572163749981,297.8744372910005,period,1.1110275420069229,None,297.87460041599115,297.87465524999425,None,,,,,,,,,,,,21049980,0,2025-12-19_13h26.19.902,tilt_mocs,2024.2.4,118.6912514243581,2025-12-19 13h27.13.083545 -0500,
2,-15.0,,144,144,0,,,,,100,0,,,,,c+2,negs,0.75,period,2.6907762910122983,None,None,,,,,,,,,,,0,144,144,477,297.88735816598637,,,,,,,,,,,,,,,,,,,,,,,,,,,,,,,,,,,,,,,,,,,,,,,,,,,,,,,,,,,,,,,,,,,,,,297.87811262498144,297.88735816598637,298.6215629579965,298.6215629579965,298.6215629579965,298.69394599998486,298.69394599998486,298.69394599998486,300.5806998749904,period,2.6907762910122983,None,300.5808209159877,300.58086595797795,None,,,,,,,,,,,,21049980,0,2025-12-19_13h26.19.902,tilt_mocs,2024.2.4,118.6912514243581,2025-12-19 13h27.13.083545 -0500,
0,0.0,,145,145,0,,,,,0,100,,,,,c+0,noss,1.25,period,1.7271337090060115,None,None,,,,,,,,,,,0,145,145,628,300.59159416597686,,,,,,,,,,,,,,,,,,,,,,,,,,,,,,,,,,,,,,,,,,,,,,,,,,,,,,,,,,,,,,,,,,,,,,300.5829023749975,300.59159416597686,301.8312590409769,301.8312590409769,301.8312590409769,301.90563249998377,301.90563249998377,301.90563249998377,302.324797749985,period,1.7271337090060115,None,302.32494954098365,302.3250141250028,None,,,,,,,,,,,,21049980,0,2025-12-19_13h26.19.902,tilt_mocs,2024.2.4,118.6912514243581,2025-12-19 13h27.13.083545 -0500,
-2,0.0,,146,146,0,,,,,0,100,,,,,c-2,noss,0.75,period,1.206356542010326,None,None,,,,,,,,,,,0,146,146,560,302.3363801660016,,,,,,,,,,,,,,,,,,,,,,,,,,,,,,,,,,,,,,,,,,,,,,,,,,,,,,,,,,,,,,,,,,,,,,302.3274461659894,302.3363801660016,303.07179562500096,303.07179562500096,303.07179562500096,303.14401120800176,303.14401120800176,303.14401120800176,303.54760987497866,period,1.206356542010326,None,303.54776124999626,303.5478256249917,None,,,,,,,,,,,,21049980,0,2025-12-19_13h26.19.902,tilt_mocs,2024.2.4,118.6912514243581,2025-12-19 13h27.13.083545 -0500,
6,15.0,,147,147,0,,,,,100,0,,,,,c+6,poss,0.5,period,1.0550956249935552,None,None,,,,,,,,,,,0,147,147,178,303.558998915978,,,,,,,,,,,,,,,,,,,,,,,,,,,,,,,,,,,,,,,,,,,,,,,,,,,,,,,,,,,,,,,,,,,,,,303.5509137909976,303.558998915978,304.0488405409851,304.0488405409851,304.0488405409851,304.1222824159777,304.1222824159777,304.1222824159777,304.6247264999838,period,1.0550956249935552,None,304.6248941659869,304.62495783300255,None,,,,,,,,,,,,21049980,0,2025-12-19_13h26.19.902,tilt_mocs,2024.2.4,118.6912514243581,2025-12-19 13h27.13.083545 -0500,
-2,-15.0,,148,148,0,,,,,100,0,,,,,c-2,negs,0.5,period,0.9532426670193672,None,None,,,,,,,,,,,0,148,148,381,304.636821291002,,,,,,,,,,,,,,,,,,,,,,,,,,,,,,,,,,,,,,,,,,,,,,,,,,,,,,,,,,,,,,,,,,,,,,304.62787958298577,304.636821291002,305.1218183749879,305.1218183749879,305.1218183749879,305.19395641598385,305.19395641598385,305.19395641598385,305.6025834159809,period,0.9532426670193672,None,305.602681999997,305.60272512497613,None,,,,,,,,,,,,21049980,0,2025-12-19_13h26.19.902,tilt_mocs,2024.2.4,118.6912514243581,2025-12-19 13h27.13.083545 -0500,
-6,-15.0,,149,149,0,,,,,100,0,,,,,c-6,negs,1.0,period,1.4531223750091158,None,None,,,,,,,,,,,0,149,149,320,305.60936941599357,,,,,,,,,,,,,,,,,,,,,,,,,,,,,,,,,,,,,,,,,,,,,,,,,,,,,,,,,,,,,,,,,,,,,,305.6047693750006,305.60936941599357,306.5986362079857,306.5986362079857,306.5986362079857,306.6723240829888,306.6723240829888,306.6723240829888,307.06558987498283,period,1.4531223750091158,None,307.0657269159856,307.0657879159844,None,,,,,,,,,,,,21049980,0,2025-12-19_13h26.19.902,tilt_mocs,2024.2.4,118.6912514243581,2025-12-19 13h27.13.083545 -0500,
-2,15.0,,150,150,0,,,,,100,0,,,,,c-2,poss,1.0,period,1.1517437909787986,None,space,2.0926975829934236,None,,,,,,,,,0,150,150,22,307.07579524998437,,,,,,,,,,,,,,,,,,,,,,,,,,,,,,,,,,,,,,,,,,,,,,,,,,,,,,,,,,,,,,,,,,,,,,307.0679728749965,307.07579524998437,308.06540441600373,308.06540441600373,308.06540441600373,308.1392167499871,308.1392167499871,308.1392167499871,308.2301867909846,period,1.1517437909787986,None,308.2303148749925,310.34159870797885,space,308.2409774999833,308.2409774999833,2.0926975829934236,None,,,,,,,,21049980,0,2025-12-19_13h26.19.902,tilt_mocs,2024.2.4,118.6912514243581,2025-12-19 13h27.13.083545 -0500,
0,0.0,,151,151,0,,,,,0,100,,,,,c+0,noss,1.25,z,1.6645701249944977,None,None,,,,,,,,,,,0,151,151,624,310.3533166249981,,,,,,,,,,,,,,,,,,,,,,,,,,,,,,,,,,,,,,,,,,,,,,,,,,,,,,,,,,,,,,,,,,,,,,310.34457054099767,310.3533166249981,311.58781704099965,311.58781704099965,311.58781704099965,311.6606916250021,311.6606916250021,311.6606916250021,312.0246774579864,z,1.6645701249944977,None,312.0247997909901,312.0248542909976,None,,,,,,,,,,,,21049980,0,2025-12-19_13h26.19.902,tilt_mocs,2024.2.4,118.6912514243581,2025-12-19 13h27.13.083545 -0500,
6,15.0,,152,152,0,,,,,100,0,,,,,c+6,poss,1.0,period,1.3279694590019062,None,None,,,,,,,,,,,0,152,152,195,312.0354931659822,,,,,,,,,,,,,,,,,,,,,,,,,,,,,,,,,,,,,,,,,,,,,,,,,,,,,,,,,,,,,,,,,,,,,,312.0269055829849,312.0354931659822,313.02206541597843,313.02206541597843,313.02206541597843,313.09419470798457,313.09419470798457,313.09419470798457,313.3748552079778,period,1.3279694590019062,None,313.37498566598515,313.3750479579903,None,,,,,,,,,,,,21049980,0,2025-12-19_13h26.19.902,tilt_mocs,2024.2.4,118.6912514243581,2025-12-19 13h27.13.083545 -0500,
2,15.0,,153,153,0,,,,,100,0,,,,,c+2,poss,1.0,period,1.2970680000144057,None,None,,,,,,,,,,,0,153,153,106,313.3861859999888,,,,,,,,,,,,,,,,,,,,,,,,,,,,,,,,,,,,,,,,,,,,,,,,,,,,,,,,,,,,,,,,,,,,,,313.3773207909835,313.3861859999888,314.3717638749804,314.3717638749804,314.3717638749804,314.4440893330029,314.4440893330029,314.4440893330029,314.69197520799935,period,1.2970680000144057,None,314.6921286659781,314.6921891660022,None,,,,,,,,,,,,21049980,0,2025-12-19_13h26.19.902,tilt_mocs,2024.2.4,118.6912514243581,2025-12-19 13h27.13.083545 -0500,
4,0.0,,154,154,0,,,,,0,100,,,,,c+4,noss,0.5,period,1.0131019999971613,None,None,,,,,,,,,,,0,154,154,676,314.7044566659897,,,,,,,,,,,,,,,,,,,,,,,,,,,,,,,,,,,,,,,,,,,,,,,,,,,,,,,,,,,,,,,,,,,,,,314.69515808299184,314.7044566659897,315.18814170800033,315.18814170800033,315.18814170800033,315.26171670798794,315.26171670798794,315.26171670798794,315.72498991599423,period,1.0131019999971613,None,315.7250968749868,315.72514324999065,None,,,,,,,,,,,,21049980,0,2025-12-19_13h26.19.902,tilt_mocs,2024.2.4,118.6912514243581,2025-12-19 13h27.13.083545 -0500,
2,15.0,,155,155,0,,,,,100,0,,,,,c+2,poss,0.75,period,1.0490899590076879,None,None,,,,,,,,,,,0,155,155,105,315.7361726659874,,,,,,,,,,,,,,,,,,,,,,,,,,,,,,,,,,,,,,,,,,,,,,,,,,,,,,,,,,,,,,,,,,,,,,315.72714554099366,315.7361726659874,316.47219620799297,316.47219620799297,316.47219620799297,316.5448406249925,316.5448406249925,316.5448406249925,316.7914540829952,period,1.0490899590076879,None,316.7915576660016,316.7916019159893,None,,,,,,,,,,,,21049980,0,2025-12-19_13h26.19.902,tilt_mocs,2024.2.4,118.6912514243581,2025-12-19 13h27.13.083545 -0500,
0,-15.0,,156,156,0,,,,,100,0,,,,,c+0,negs,0.75,period,1.1900598329957575,None,None,,,,,,,,,,,0,156,156,438,316.8027957500017,,,,,,,,,,,,,,,,,,,,,,,,,,,,,,,,,,,,,,,,,,,,,,,,,,,,,,,,,,,,,,,,,,,,,,316.79357037498266,316.8027957500017,317.5390812080004,317.5390812080004,317.5390812080004,317.61212583299493,317.61212583299493,317.61212583299493,317.99676012498094,period,1.1900598329957575,None,317.9968869579898,317.99694224999985,None,,,,,,,,,,,,21049980,0,2025-12-19_13h26.19.902,tilt_mocs,2024.2.4,118.6912514243581,2025-12-19 13h27.13.083545 -0500,
6,15.0,,157,157,0,,,,,100,0,,,,,c+6,poss,0.75,period,1.1410245000151917,None,None,,,,,,,,,,,0,157,157,186,318.0081656659895,,,,,,,,,,,,,,,,,,,,,,,,,,,,,,,,,,,,,,,,,,,,,,,,,,,,,,,,,,,,,,,,,,,,,,317.9991315410007,318.0081656659895,318.7485746250022,318.7485746250022,318.7485746250022,318.82290666599874,318.82290666599874,318.82290666599874,319.158196082979,period,1.1410245000151917,None,319.15832154097734,319.1583796659834,None,,,,,,,,,,,,21049980,0,2025-12-19_13h26.19.902,tilt_mocs,2024.2.4,118.6912514243581,2025-12-19 13h27.13.083545 -0500,
4,0.0,,158,158,0,,,,,0,100,,,,,c+4,noss,1.25,period,1.6141299169976264,None,None,,,,,,,,,,,0,158,158,713,319.1698394159903,,,,,,,,,,,,,,,,,,,,,,,,,,,,,,,,,,,,,,,,,,,,,,,,,,,,,,,,,,,,,,,,,,,,,,319.16080937499646,319.1698394159903,320.4057245409931,320.4057245409931,320.4057245409931,320.47787699999753,320.47787699999753,320.47787699999753,320.7919237909955,period,1.6141299169976264,None,320.79205374998855,320.7921111659962,None,,,,,,,,,,,,21049980,0,2025-12-19_13h26.19.902,tilt_mocs,2024.2.4,118.6912514243581,2025-12-19 13h27.13.083545 -0500,
6,15.0,,159,159,0,,,,,100,0,,,,,c+6,poss,1.25,period,1.502779542002827,None,None,,,,,,,,,,,0,159,159,201,320.803897374979,,,,,,,,,,,,,,,,,,,,,,,,,,,,,,,,,,,,,,,,,,,,,,,,,,,,,,,,,,,,,,,,,,,,,,320.79448966600467,320.803897374979,322.0391161250009,322.0391161250009,322.0391161250009,322.1113537909987,322.1113537909987,322.1113537909987,322.3092257499811,period,1.502779542002827,None,322.3093644999899,322.30942312499974,None,,,,,,,,,,,,21049980,0,2025-12-19_13h26.19.902,tilt_mocs,2024.2.4,118.6912514243581,2025-12-19 13h27.13.083545 -0500,
-2,0.0,,160,160,0,,,,,0,100,,,,,c-2,noss,0.75,period,1.0933620830182917,None,None,,,,,,,,,,,0,160,160,562,322.3208477909793,,,,,,,,,,,,,,,,,,,,,,,,,,,,,,,,,,,,,,,,,,,,,,,,,,,,,,,,,,,,,,,,,,,,,,322.3119154579763,322.3208477909793,323.055872582976,323.055872582976,323.055872582976,323.1284418749856,323.1284418749856,323.1284418749856,323.42516949999845,period,1.0933620830182917,None,323.42527308300487,323.42531491597765,None,,,,,,,,,,,,21049980,0,2025-12-19_13h26.19.902,tilt_mocs,2024.2.4,118.6912514243581,2025-12-19 13h27.13.083545 -0500,
-2,0.0,,161,161,0,,,,,0,100,,,,,c-2,noss,1.0,z,1.4964739159913734,None,None,,,,,,,,,,,0,161,161,569,323.4359038749826,,,,,,,,,,,,,,,,,,,,,,,,,,,,,,,,,,,,,,,,,,,,,,,,,,,,,,,,,,,,,,,,,,,,,,323.427322582982,323.4359038749826,324.42258908299846,324.42258908299846,324.42258908299846,324.4950042499986,324.4950042499986,324.4950042499986,324.94168787499075,z,1.4964739159913734,None,324.9418140829948,324.94186875000014,None,,,,,,,,,,,,21049980,0,2025-12-19_13h26.19.902,tilt_mocs,2024.2.4,118.6912514243581,2025-12-19 13h27.13.083545 -0500,
2,-15.0,,162,162,0,,,,,100,0,,,,,c+2,negs,1.25,period,1.6657981660100631,None,None,,,,,,,,,,,0,162,162,494,324.95274066599086,,,,,,,,,,,,,,,,,,,,,,,,,,,,,,,,,,,,,,,,,,,,,,,,,,,,,,,,,,,,,,,,,,,,,,324.94385604097624,324.95274066599086,326.1892141249846,326.1892141249846,326.1892141249846,326.2614056659804,326.2614056659804,326.2614056659804,326.6254541249946,period,1.6657981660100631,None,326.62557795798057,326.6256321659894,None,,,,,,,,,,,,21049980,0,2025-12-19_13h26.19.902,tilt_mocs,2024.2.4,118.6912514243581,2025-12-19 13h27.13.083545 -0500,
-4,-15.0,,163,163,0,,,,,100,0,,,,,c-4,negs,1.25,period,1.7253311660024337,None,None,,,,,,,,,,,0,163,163,370,326.6363634580048,,,,,,,,,,,,,,,,,,,,,,,,,,,,,,,,,,,,,,,,,,,,,,,,,,,,,,,,,,,,,,,,,,,,,,326.6277780410019,326.6363634580048,327.87200924998615,327.87200924998615,327.87200924998615,327.94469908298925,327.94469908298925,327.94469908298925,328.36421299999347,period,1.7253311660024337,None,328.3643362909788,328.36439674999565,None,,,,,,,,,,,,21049980,0,2025-12-19_13h26.19.902,tilt_mocs,2024.2.4,118.6912514243581,2025-12-19 13h27.13.083545 -0500,
-8,-15.0,,164,164,0,,,,,100,0,,,,,c-8,negs,0.5,z,0.9651812080119271,None,None,,,,,,,,,,,0,164,164,252,328.37555495798006,,,,,,,,,,,,,,,,,,,,,,,,,,,,,,,,,,,,,,,,,,,,,,,,,,,,,,,,,,,,,,,,,,,,,,328.36662054099725,328.37555495798006,328.86540458298987,328.86540458298987,328.86540458298987,328.9394220410031,328.9394220410031,328.9394220410031,329.3529086659837,z,0.9651812080119271,None,329.3530179579975,329.3530781659938,None,,,,,,,,,,,,21049980,0,2025-12-19_13h26.19.902,tilt_mocs,2024.2.4,118.6912514243581,2025-12-19 13h27.13.083545 -0500,
8,15.0,,165,165,0,,,,,100,0,,,,,c+8,poss,1.0,period,1.4147429160075262,None,None,,,,,,,,,,,0,165,165,241,329.3594807499903,,,,,,,,,,,,,,,,,,,,,,,,,,,,,,,,,,,,,,,,,,,,,,,,,,,,,,,,,,,,,,,,,,,,,,329.3550769999856,329.3594807499903,330.3484079579939,330.3484079579939,330.3484079579939,330.42345179099357,330.42345179099357,330.42345179099357,330.7865577079938,period,1.4147429160075262,None,330.7866617499967,330.78670445797616,None,,,,,,,,,,,,21049980,0,2025-12-19_13h26.19.902,tilt_mocs,2024.2.4,118.6912514243581,2025-12-19 13h27.13.083545 -0500,
0,-15.0,,166,166,0,,,,,100,0,,,,,c+0,negs,0.75,period,1.1632775000180118,None,None,,,,,,,,,,,0,166,166,441,330.7930730409862,,,,,,,,,,,,,,,,,,,,,,,,,,,,,,,,,,,,,,,,,,,,,,,,,,,,,,,,,,,,,,,,,,,,,,330.788665665983,330.7930730409862,331.53267579097883,331.53267579097883,331.53267579097883,331.60659412498353,331.60659412498353,331.60659412498353,331.9589767080033,period,1.1632775000180118,None,331.95907883299515,331.9591220000002,None,,,,,,,,,,,,21049980,0,2025-12-19_13h26.19.902,tilt_mocs,2024.2.4,118.6912514243581,2025-12-19 13h27.13.083545 -0500,
-2,15.0,,167,167,0,,,,,100,0,,,,,c-2,poss,1.0,z,1.4068808750016615,None,None,,,,,,,,,,,0,167,167,30,331.9704493749887,,,,,,,,,,,,,,,,,,,,,,,,,,,,,,,,,,,,,,,,,,,,,,,,,,,,,,,,,,,,,,,,,,,,,,331.9614656250051,331.9704493749887,332.9562469579978,332.9562469579978,332.9562469579978,333.0284653749841,333.0284653749841,333.0284653749841,333.3817895409884,z,1.4068808750016615,None,333.3819092499907,333.3819631660008,None,,,,,,,,,,,,21049980,0,2025-12-19_13h26.19.902,tilt_mocs,2024.2.4,118.6912514243581,2025-12-19 13h27.13.083545 -0500,
-2,0.0,,168,168,0,,,,,0,100,,,,,c-2,noss,0.75,period,1.1137061250046827,None,None,,,,,,,,,,,0,168,168,564,333.3924782910035,,,,,,,,,,,,,,,,,,,,,,,,,,,,,,,,,,,,,,,,,,,,,,,,,,,,,,,,,,,,,,,,,,,,,,333.38434666598914,333.3924782910035,334.1324485829973,334.1324485829973,334.1324485829973,334.2067137080012,334.2067137080012,334.2067137080012,334.50905933298054,period,1.1137061250046827,None,334.5091707909887,334.50921437499346,None,,,,,,,,,,,,21049980,0,2025-12-19_13h26.19.902,tilt_mocs,2024.2.4,118.6912514243581,2025-12-19 13h27.13.083545 -0500,
2,-15.0,,169,169,0,,,,,100,0,,,,,c+2,negs,0.5,period,0.9469289580010809,None,None,,,,,,,,,,,0,169,169,471,334.5200789999799,,,,,,,,,,,,,,,,,,,,,,,,,,,,,,,,,,,,,,,,,,,,,,,,,,,,,,,,,,,,,,,,,,,,,,334.51119287498295,334.5200789999799,335.0065682499844,335.0065682499844,335.0065682499844,335.0781022500014,335.0781022500014,335.0781022500014,335.47571404097835,period,0.9469289580010809,None,335.47587799999746,335.47593170800246,None,,,,,,,,,,,,21049980,0,2025-12-19_13h26.19.902,tilt_mocs,2024.2.4,118.6912514243581,2025-12-19 13h27.13.083545 -0500,
2,-15.0,,170,170,0,,,,,100,0,,,,,c+2,negs,1.0,period,2.764422417007154,None,None,,,,,,,,,,,0,170,170,492,335.48834258300485,,,,,,,,,,,,,,,,,,,,,,,,,,,,,,,,,,,,,,,,,,,,,,,,,,,,,,,,,,,,,,,,,,,,,,335.47909424998215,335.48834258300485,336.47228950000135,336.47228950000135,336.47228950000135,336.54600016598124,336.54600016598124,336.54600016598124,338.25982208299683,period,2.764422417007154,None,338.2599687909824,338.2600234999845,None,,,,,,,,,,,,21049980,0,2025-12-19_13h26.19.902,tilt_mocs,2024.2.4,118.6912514243581,2025-12-19 13h27.13.083545 -0500,
2,-15.0,,171,171,0,,,,,100,0,,,,,c+2,negs,0.5,period,2.5773551250167657,None,None,,,,,,,,,,,0,171,171,465,338.27151445799973,,,,,,,,,,,,,,,,,,,,,,,,,,,,,,,,,,,,,,,,,,,,,,,,,,,,,,,,,,,,,,,,,,,,,,338.2621013750031,338.27151445799973,338.75643608300015,338.75643608300015,338.75643608300015,338.82906404099776,338.82906404099776,338.82906404099776,340.8592098329973,period,2.5773551250167657,None,340.8593387079891,340.8593940830033,None,,,,,,,,,,,,21049980,0,2025-12-19_13h26.19.902,tilt_mocs,2024.2.4,118.6912514243581,2025-12-19 13h27.13.083545 -0500,
-6,-15.0,,172,172,0,,,,,100,0,,,,,c-6,negs,1.25,z,1.6785070839978289,None,None,,,,,,,,,,,0,172,172,329,340.87032608297886,,,,,,,,,,,,,,,,,,,,,,,,,,,,,,,,,,,,,,,,,,,,,,,,,,,,,,,,,,,,,,,,,,,,,,340.86151012498885,340.87032608297886,342.10656299997936,342.10656299997936,342.10656299997936,342.1784620829858,342.1784620829858,342.1784620829858,342.55934524998884,z,1.6785070839978289,None,342.55949474999215,342.55955058298423,None,,,,,,,,,,,,21049980,0,2025-12-19_13h26.19.902,tilt_mocs,2024.2.4,118.6912514243581,2025-12-19 13h27.13.083545 -0500,
-6,-15.0,,173,173,0,,,,,100,0,,,,,c-6,negs,1.25,z,1.6229899580066558,None,None,,,,,,,,,,,0,173,173,327,342.57154624999384,,,,,,,,,,,,,,,,,,,,,,,,,,,,,,,,,,,,,,,,,,,,,,,,,,,,,,,,,,,,,,,,,,,,,,342.5624927909812,342.57154624999384,343.80655824998394,343.80655824998394,343.80655824998394,343.8786007500021,343.8786007500021,343.8786007500021,344.1987664999906,z,1.6229899580066558,None,344.1988876659889,344.1989418749872,None,,,,,,,,,,,,21049980,0,2025-12-19_13h26.19.902,tilt_mocs,2024.2.4,118.6912514243581,2025-12-19 13h27.13.083545 -0500,
2,-15.0,,174,174,0,,,,,100,0,,,,,c+2,negs,0.75,period,1.164246792002814,None,None,,,,,,,,,,,0,174,174,475,344.20972458299366,,,,,,,,,,,,,,,,,,,,,,,,,,,,,,,,,,,,,,,,,,,,,,,,,,,,,,,,,,,,,,,,,,,,,,344.2013240410015,344.20972458299366,344.95003854099195,344.95003854099195,344.95003854099195,345.0240278329875,345.0240278329875,345.0240278329875,345.37719174998347,period,1.164246792002814,None,345.37733779099653,345.3773969159811,None,,,,,,,,,,,,21049980,0,2025-12-19_13h26.19.902,tilt_mocs,2024.2.4,118.6912514243581,2025-12-19 13h27.13.083545 -0500,
8,15.0,,175,175,0,,,,,100,0,,,,,c+8,poss,0.5,period,0.9241919170017354,None,None,,,,,,,,,,,0,175,175,217,345.3878926250036,,,,,,,,,,,,,,,,,,,,,,,,,,,,,,,,,,,,,,,,,,,,,,,,,,,,,,,,,,,,,,,,,,,,,,345.3795152499806,345.3878926250036,345.87328474997776,345.87328474997776,345.87328474997776,345.94532158298534,345.94532158298534,345.94532158298534,346.3158942500013,period,0.9241919170017354,None,346.3160227499902,346.3160790409893,None,,,,,,,,,,,,21049980,0,2025-12-19_13h26.19.902,tilt_mocs,2024.2.4,118.6912514243581,2025-12-19 13h27.13.083545 -0500,
6,15.0,,176,176,0,,,,,100,0,,,,,c+6,poss,0.5,period,0.797534291021293,None,None,,,,,,,,,,,0,176,176,174,346.3266954999999,,,,,,,,,,,,,,,,,,,,,,,,,,,,,,,,,,,,,,,,,,,,,,,,,,,,,,,,,,,,,,,,,,,,,,346.31821387499804,346.3266954999999,346.81628166598966,346.81628166598966,346.81628166598966,346.8906424579909,346.8906424579909,346.8906424579909,347.12716704097693,period,0.797534291021293,None,347.1273207499762,347.1273832079896,None,,,,,,,,,,,,21049980,0,2025-12-19_13h26.19.902,tilt_mocs,2024.2.4,118.6912514243581,2025-12-19 13h27.13.083545 -0500,
0,15.0,,177,177,0,,,,,100,0,,,,,c+0,poss,0.75,period,1.0418161250127014,None,None,,,,,,,,,,,0,177,177,58,347.1388661660021,,,,,,,,,,,,,,,,,,,,,,,,,,,,,,,,,,,,,,,,,,,,,,,,,,,,,,,,,,,,,,,,,,,,,,347.12974449998,347.1388661660021,347.87257520799176,347.87257520799176,347.87257520799176,347.9455324159935,347.9455324159935,347.9455324159935,348.1925576659851,period,1.0418161250127014,None,348.1926558749983,348.1926983750018,None,,,,,,,,,,,,21049980,0,2025-12-19_13h26.19.902,tilt_mocs,2024.2.4,118.6912514243581,2025-12-19 13h27.13.083545 -0500,
-2,0.0,,178,178,0,,,,,0,100,,,,,c-2,noss,1.0,z,1.4843393329938408,None,None,,,,,,,,,,,0,178,178,575,348.2034682910016,,,,,,,,,,,,,,,,,,,,,,,,,,,,,,,,,,,,,,,,,,,,,,,,,,,,,,,,,,,,,,,,,,,,,,348.1946734999947,348.2034682910016,349.1902311249869,349.1902311249869,349.1902311249869,349.26216724998085,349.26216724998085,349.26216724998085,349.6919047499832,z,1.4843393329938408,None,349.69203154099523,349.6920864159765,None,,,,,,,,,,,,21049980,0,2025-12-19_13h26.19.902,tilt_mocs,2024.2.4,118.6912514243581,2025-12-19 13h27.13.083545 -0500,
-6,-15.0,,179,179,0,,,,,100,0,,,,,c-6,negs,0.75,z,1.1297697089903522,None,None,,,,,,,,,,,0,179,179,314,349.7033140829881,,,,,,,,,,,,,,,,,,,,,,,,,,,,,,,,,,,,,,,,,,,,,,,,,,,,,,,,,,,,,,,,,,,,,,349.6946028749808,349.7033140829881,350.44019449999905,350.44019449999905,350.44019449999905,350.5123625409906,350.5123625409906,350.5123625409906,350.84316391599714,z,1.1297697089903522,None,350.84331887497683,350.8434387909947,None,,,,,,,,,,,,21049980,0,2025-12-19_13h26.19.902,tilt_mocs,2024.2.4,118.6912514243581,2025-12-19 13h27.13.083545 -0500,
-2,-15.0,,180,180,0,,,,,100,0,,,,,c-2,negs,0.75,z,1.1260695419914555,None,None,,,,,,,,,,,0,180,180,399,350.85463166597765,,,,,,,,,,,,,,,,,,,,,,,,,,,,,,,,,,,,,,,,,,,,,,,,,,,,,,,,,,,,,,,,,,,,,,350.84608462499455,350.85463166597765,351.59040495799854,351.59040495799854,351.59040495799854,351.6636325409927,351.6636325409927,351.6636325409927,351.99303458299255,z,1.1260695419914555,None,351.99316250000265,351.99321766599314,None,,,,,,,,,,,,21049980,0,2025-12-19_13h26.19.902,tilt_mocs,2024.2.4,118.6912514243581,2025-12-19 13h27.13.083545 -0500,
2,0.0,,181,181,0,,,,,0,100,,,,,c+2,noss,0.5,period,0.8869380000105593,None,None,,,,,,,,,,,0,181,181,638,352.004320832988,,,,,,,,,,,,,,,,,,,,,,,,,,,,,,,,,,,,,,,,,,,,,,,,,,,,,,,,,,,,,,,,,,,,,,351.9956508750038,352.004320832988,352.49031337499036,352.49031337499036,352.49031337499036,352.5628308329906,352.5628308329906,352.5628308329906,352.8938205409795,period,0.8869380000105593,None,352.8939315409807,352.89397741598077,None,,,,,,,,,,,,21049980,0,2025-12-19_13h26.19.902,tilt_mocs,2024.2.4,118.6912514243581,2025-12-19 13h27.13.083545 -0500,
-6,-15.0,,182,182,0,,,,,100,0,,,,,c-6,negs,0.75,z,1.32461445798981,None,None,,,,,,,,,,,0,182,182,310,352.90563149997615,,,,,,,,,,,,,,,,,,,,,,,,,,,,,,,,,,,,,,,,,,,,,,,,,,,,,,,,,,,,,,,,,,,,,,352.8961313329928,352.90563149997615,353.6404230000044,353.6404230000044,353.6404230000044,353.71222175,353.71222175,353.71222175,354.23283516598167,z,1.32461445798981,None,354.2329643330013,354.23302200000035,None,,,,,,,,,,,,21049980,0,2025-12-19_13h26.19.902,tilt_mocs,2024.2.4,118.6912514243581,2025-12-19 13h27.13.083545 -0500,
0,0.0,,183,183,0,,,,,0,100,,,,,c+0,noss,1.25,z,1.5681827919906937,None,None,,,,,,,,,,,0,183,183,629,354.2434957079822,,,,,,,,,,,,,,,,,,,,,,,,,,,,,,,,,,,,,,,,,,,,,,,,,,,,,,,,,,,,,,,,,,,,,,354.2353354579827,354.2434957079822,355.48373449998326,355.48373449998326,355.48373449998326,355.55772283297847,355.55772283297847,355.55772283297847,355.81617404098506,z,1.5681827919906937,None,355.81630654100445,355.8163627499889,None,,,,,,,,,,,,21049980,0,2025-12-19_13h26.19.902,tilt_mocs,2024.2.4,118.6912514243581,2025-12-19 13h27.13.083545 -0500,
0,-15.0,,184,184,0,,,,,100,0,,,,,c+0,negs,0.5,period,0.983437083021272,None,None,,,,,,,,,,,0,184,184,422,355.8269482079777,,,,,,,,,,,,,,,,,,,,,,,,,,,,,,,,,,,,,,,,,,,,,,,,,,,,,,,,,,,,,,,,,,,,,,355.8186742909893,355.8269482079777,356.31657174997963,356.31657174997963,356.31657174997963,356.39091491600266,356.39091491600266,356.39091491600266,356.81599070798256,period,0.983437083021272,None,356.81612025000504,356.8161741249787,None,,,,,,,,,,,,21049980,0,2025-12-19_13h26.19.902,tilt_mocs,2024.2.4,118.6912514243581,2025-12-19 13h27.13.083545 -0500,
0,-15.0,,185,185,0,,,,,100,0,,,,,c+0,negs,0.75,period,1.0817857079964597,None,None,,,,,,,,,,,0,185,185,440,356.8270679159905,,,,,,,,,,,,,,,,,,,,,,,,,,,,,,,,,,,,,,,,,,,,,,,,,,,,,,,,,,,,,,,,,,,,,,356.8186858329864,356.8270679159905,357.56556937500136,357.56556937500136,357.56556937500136,357.641054540989,357.641054540989,357.641054540989,357.9146654159995,period,1.0817857079964597,None,357.914789707982,357.91484524999396,None,,,,,,,,,,,,21049980,0,2025-12-19_13h26.19.902,tilt_mocs,2024.2.4,118.6912514243581,2025-12-19 13h27.13.083545 -0500,
2,-15.0,,186,186,0,,,,,100,0,,,,,c+2,negs,0.75,period,1.1647336250171065,None,None,,,,,,,,,,,0,186,186,482,357.9259863329935,,,,,,,,,,,,,,,,,,,,,,,,,,,,,,,,,,,,,,,,,,,,,,,,,,,,,,,,,,,,,,,,,,,,,,357.91690424998524,357.9259863329935,358.66650191598455,358.66650191598455,358.66650191598455,358.74036054097814,358.74036054097814,358.74036054097814,359.0939224579779,period,1.1647336250171065,None,359.0940499579883,359.0941111659922,None,,,,,,,,,,,,21049980,0,2025-12-19_13h26.19.902,tilt_mocs,2024.2.4,118.6912514243581,2025-12-19 13h27.13.083545 -0500,
4,15.0,,187,187,0,,,,,100,0,,,,,c+4,poss,0.5,period,0.7415232910134364,None,None,,,,,,,,,,,0,187,187,131,359.1050966249895,,,,,,,,,,,,,,,,,,,,,,,,,,,,,,,,,,,,,,,,,,,,,,,,,,,,,,,,,,,,,,,,,,,,,,359.096413124993,359.1050966249895,359.5903944579768,359.5903944579768,359.5903944579768,359.66254674998345,359.66254674998345,359.66254674998345,359.8493748329929,period,0.7415232910134364,None,359.84949854097795,359.8495521659788,None,,,,,,,,,,,,21049980,0,2025-12-19_13h26.19.902,tilt_mocs,2024.2.4,118.6912514243581,2025-12-19 13h27.13.083545 -0500,
0,15.0,,188,188,0,,,,,100,0,,,,,c+0,poss,0.5,period,0.9824301670014393,None,None,,,,,,,,,,,0,188,188,45,359.8603263749974,,,,,,,,,,,,,,,,,,,,,,,,,,,,,,,,,,,,,,,,,,,,,,,,,,,,,,,,,,,,,,,,,,,,,,359.8516775829776,359.8603263749974,360.35107237499324,360.35107237499324,360.35107237499324,360.42448849999346,360.42448849999346,360.42448849999346,360.8486457079998,period,0.9824301670014393,None,360.8488039999793,360.8489777079958,None,,,,,,,,,,,,21049980,0,2025-12-19_13h26.19.902,tilt_mocs,2024.2.4,118.6912514243581,2025-12-19 13h27.13.083545 -0500,
-6,-15.0,,189,189,0,,,,,100,0,,,,,c-6,negs,0.5,z,0.9368527909973636,None,None,,,,,,,,,,,0,189,189,297,360.8603759580001,,,,,,,,,,,,,,,,,,,,,,,,,,,,,,,,,,,,,,,,,,,,,,,,,,,,,,,,,,,,,,,,,,,,,,360.85150220798096,360.8603759580001,361.35034329097834,361.35034329097834,361.35034329097834,361.4245205000043,361.4245205000043,361.4245205000043,361.80988729099045,z,0.9368527909973636,None,361.8100134159904,361.8100670829881,None,,,,,,,,,,,,21049980,0,2025-12-19_13h26.19.902,tilt_mocs,2024.2.4,118.6912514243581,2025-12-19 13h27.13.083545 -0500,
-6,-15.0,,190,190,0,,,,,100,0,,,,,c-6,negs,1.25,period,1.5594537500001024,None,None,,,,,,,,,,,0,190,190,334,361.82120145799126,,,,,,,,,,,,,,,,,,,,,,,,,,,,,,,,,,,,,,,,,,,,,,,,,,,,,,,,,,,,,,,,,,,,,,361.81251608298044,361.82120145799126,363.05721229099436,363.05721229099436,363.05721229099436,363.12888824997935,363.12888824997935,363.12888824997935,363.39340079098474,period,1.5594537500001024,None,363.39353158298763,363.39361920798547,None,,,,,,,,,,,,21049980,0,2025-12-19_13h26.19.902,tilt_mocs,2024.2.4,118.6912514243581,2025-12-19 13h27.13.083545 -0500,
-8,-15.0,,191,191,0,,,,,100,0,,,,,c-8,negs,1.25,z,1.6461899999994785,None,None,,,,,,,,,,,0,191,191,287,363.4046939999971,,,,,,,,,,,,,,,,,,,,,,,,,,,,,,,,,,,,,,,,,,,,,,,,,,,,,,,,,,,,,,,,,,,,,,363.3958730829763,363.4046939999971,364.6406884579919,364.6406884579919,364.6406884579919,364.71232387499185,364.71232387499185,364.71232387499185,365.06000241599395,z,1.6461899999994785,None,365.06015637499513,365.06022120799753,None,,,,,,,,,,,,21049980,0,2025-12-19_13h26.19.902,tilt_mocs,2024.2.4,118.6912514243581,2025-12-19 13h27.13.083545 -0500,
-2,15.0,,192,192,0,,,,,100,0,,,,,c-2,poss,0.75,z,1.035889999999199,None,None,,,,,,,,,,,0,192,192,11,365.07235937498626,,,,,,,,,,,,,,,,,,,,,,,,,,,,,,,,,,,,,,,,,,,,,,,,,,,,,,,,,,,,,,,,,,,,,,365.06336866598576,365.07235937498626,365.8073347499885,365.8073347499885,365.8073347499885,365.8793756249943,365.8793756249943,365.8793756249943,366.111549416004,z,1.035889999999199,None,366.11169683298795,366.11175675000413,None,,,,,,,,,,,,21049980,0,2025-12-19_13h26.19.902,tilt_mocs,2024.2.4,118.6912514243581,2025-12-19 13h27.13.083545 -0500,
8,15.0,,193,193,0,,,,,100,0,,,,,c+8,poss,0.5,z,0.8908656660059933,None,None,,,,,,,,,,,0,193,193,218,366.1234364580014,,,,,,,,,,,,,,,,,,,,,,,,,,,,,,,,,,,,,,,,,,,,,,,,,,,,,,,,,,,,,,,,,,,,,,366.1144326659851,366.1234364580014,366.6077426660049,366.6077426660049,366.6077426660049,366.67946749998373,366.67946749998373,366.67946749998373,367.02520454098703,z,0.8908656660059933,None,367.0253139580018,367.0253582079895,None,,,,,,,,,,,,21049980,0,2025-12-19_13h26.19.902,tilt_mocs,2024.2.4,118.6912514243581,2025-12-19 13h27.13.083545 -0500,
-4,-15.0,,194,194,0,,,,,100,0,,,,,c-4,negs,0.75,period,1.3305463749857154,None,None,,,,,,,,,,,0,194,194,352,367.03271883298294,,,,,,,,,,,,,,,,,,,,,,,,,,,,,,,,,,,,,,,,,,,,,,,,,,,,,,,,,,,,,,,,,,,,,,367.02738333298475,367.03271883298294,367.7670656660048,367.7670656660048,367.7670656660048,367.8414504159882,367.8414504159882,367.8414504159882,368.36592116599786,period,1.3305463749857154,None,368.3660249999957,368.3660834579787,None,,,,,,,,,,,,21049980,0,2025-12-19_13h26.19.902,tilt_mocs,2024.2.4,118.6912514243581,2025-12-19 13h27.13.083545 -0500,
-2,15.0,,195,195,0,,,,,100,0,,,,,c-2,poss,1.0,z,1.436663000000408,None,None,,,,,,,,,,,0,195,195,24,368.3770222909807,,,,,,,,,,,,,,,,,,,,,,,,,,,,,,,,,,,,,,,,,,,,,,,,,,,,,,,,,,,,,,,,,,,,,,368.3680898329767,368.3770222909807,369.36761741599184,369.36761741599184,369.36761741599184,369.44134233298246,369.44134233298246,369.44134233298246,369.81629033299396,z,1.436663000000408,None,369.81640183299896,369.8164449579781,None,,,,,,,,,,,,21049980,0,2025-12-19_13h26.19.902,tilt_mocs,2024.2.4,118.6912514243581,2025-12-19 13h27.13.083545 -0500,
-2,15.0,,196,196,0,,,,,100,0,,,,,c-2,poss,0.5,z,0.8731997080030851,None,None,,,,,,,,,,,0,196,196,8,369.82720541598974,,,,,,,,,,,,,,,,,,,,,,,,,,,,,,,,,,,,,,,,,,,,,,,,,,,,,,,,,,,,,,,,,,,,,,369.81842258299,369.82720541598974,370.31760974999634,370.31760974999634,370.31760974999634,370.39126704097725,370.39126704097725,370.39126704097725,370.71037783299107,z,0.8731997080030851,None,370.7105053749983,370.710559707979,None,,,,,,,,,,,,21049980,0,2025-12-19_13h26.19.902,tilt_mocs,2024.2.4,118.6912514243581,2025-12-19 13h27.13.083545 -0500,
-4,-15.0,,197,197,0,,,,,100,0,,,,,c-4,negs,1.25,z,1.394430915999692,None,None,,,,,,,,,,,0,197,197,375,370.72175483297906,,,,,,,,,,,,,,,,,,,,,,,,,,,,,,,,,,,,,,,,,,,,,,,,,,,,,,,,,,,,,,,,,,,,,,370.7129358329985,370.72175483297906,371.9575597909861,371.9575597909861,371.9575597909861,372.02995050000027,372.02995050000027,372.02995050000027,372.1270798329788,z,1.394430915999692,None,372.12720820799586,372.12726433298667,None,,,,,,,,,,,,21049980,0,2025-12-19_13h26.19.902,tilt_mocs,2024.2.4,118.6912514243581,2025-12-19 13h27.13.083545 -0500,
2,15.0,,198,198,0,,,,,100,0,,,,,c+2,poss,0.75,z,0.986103750008624,None,None,,,,,,,,,,,0,198,198,98,372.13866425000015,,,,,,,,,,,,,,,,,,,,,,,,,,,,,,,,,,,,,,,,,,,,,,,,,,,,,,,,,,,,,,,,,,,,,,372.1298123750021,372.13866425000015,372.87490895797964,372.87490895797964,372.87490895797964,372.94632912499947,372.94632912499947,372.94632912499947,373.1275977079931,z,0.986103750008624,None,373.12772862499696,373.1277897079999,None,,,,,,,,,,,,21049980,0,2025-12-19_13h26.19.902,tilt_mocs,2024.2.4,118.6912514243581,2025-12-19 13h27.13.083545 -0500,
-2,-15.0,,199,199,0,,,,,100,0,,,,,c-2,negs,0.5,z,0.827070333994925,None,None,,,,,,,,,,,0,199,199,387,373.1389916659973,,,,,,,,,,,,,,,,,,,,,,,,,,,,,,,,,,,,,,,,,,,,,,,,,,,,,,,,,,,,,,,,,,,,,,373.1298912909988,373.1389916659973,373.6239223330049,373.6239223330049,373.6239223330049,373.69772424999974,373.69772424999974,373.69772424999974,373.9771320830041,z,0.827070333994925,None,373.9772609999927,373.9773153330025,None,,,,,,,,,,,,21049980,0,2025-12-19_13h26.19.902,tilt_mocs,2024.2.4,118.6912514243581,2025-12-19 13h27.13.083545 -0500,
6,15.0,,200,200,0,,,,,100,0,,,,,c+6,poss,0.75,period,1.1111125420138706,None,None,,,,,,,,,,,0,200,200,182,373.9883939999854,,,,,,,,,,,,,,,,,,,,,,,,,,,,,,,,,,,,,,,,,,,,,,,,,,,,,,,,,,,,,,,,,,,,,,373.97948483299115,373.9883939999854,374.7244432909938,374.7244432909938,374.7244432909938,374.79737166597624,374.79737166597624,374.79737166597624,375.1105928749894,period,1.1111125420138706,None,375.110715791001,375.11076966600376,None,,,,,,,,,,,,21049980,0,2025-12-19_13h26.19.902,tilt_mocs,2024.2.4,118.6912514243581,2025-12-19 13h27.13.083545 -0500,
2,0.0,,201,201,0,,,,,0,100,,,,,c+2,noss,1.0,period,1.361421416979283,None,None,,,,,,,,,,,0,201,201,658,375.12183054100024,,,,,,,,,,,,,,,,,,,,,,,,,,,,,,,,,,,,,,,,,,,,,,,,,,,,,,,,,,,,,,,,,,,,,,375.11325216598925,375.12183054100024,376.1077520829858,376.1077520829858,376.1077520829858,376.1794072499906,376.1794072499906,376.1794072499906,376.48638845799724,period,1.361421416979283,None,376.4864901659894,376.48653479097993,None,,,,,,,,,,,,21049980,0,2025-12-19_13h26.19.902,tilt_mocs,2024.2.4,118.6912514243581,2025-12-19 13h27.13.083545 -0500,
2,0.0,,202,202,0,,,,,0,100,,,,,c+2,noss,0.75,period,1.0680628330155741,None,None,,,,,,,,,,,0,202,202,641,376.4982620829833,,,,,,,,,,,,,,,,,,,,,,,,,,,,,,,,,,,,,,,,,,,,,,,,,,,,,,,,,,,,,,,,,,,,,,376.48895858298056,376.4982620829833,377.2339812909777,377.2339812909777,377.2339812909777,377.307409290981,377.307409290981,377.307409290981,377.5773852499842,period,1.0680628330155741,None,377.57751420798013,377.5775702910032,None,,,,,,,,,,,,21049980,0,2025-12-19_13h26.19.902,tilt_mocs,2024.2.4,118.6912514243581,2025-12-19 13h27.13.083545 -0500,
4,15.0,,203,203,0,,,,,100,0,,,,,c+4,poss,0.5,period,1.0484445409965701,None,None,,,,,,,,,,,0,203,203,128,377.58854537497973,,,,,,,,,,,,,,,,,,,,,,,,,,,,,,,,,,,,,,,,,,,,,,,,,,,,,,,,,,,,,,,,,,,,,,377.5796847079764,377.58854537497973,378.0744359579985,378.0744359579985,378.0744359579985,378.146530500002,378.146530500002,378.146530500002,378.64408479098347,period,1.0484445409965701,None,378.64421583298827,378.6442717909813,None,,,,,,,,,,,,21049980,0,2025-12-19_13h26.19.902,tilt_mocs,2024.2.4,118.6912514243581,2025-12-19 13h27.13.083545 -0500,
4,0.0,,204,204,0,,,,,0,100,,,,,c+4,noss,1.0,period,1.3373003329907078,None,None,,,,,,,,,,,0,204,204,703,378.65538991597714,,,,,,,,,,,,,,,,,,,,,,,,,,,,,,,,,,,,,,,,,,,,,,,,,,,,,,,,,,,,,,,,,,,,,,378.64653695799643,378.65538991597714,379.6412153329875,379.6412153329875,379.6412153329875,379.7145182499953,379.7145182499953,379.7145182499953,380.0045494159858,period,1.3373003329907078,None,380.0046532499837,380.0046956659935,None,,,,,,,,,,,,21049980,0,2025-12-19_13h26.19.902,tilt_mocs,2024.2.4,118.6912514243581,2025-12-19 13h27.13.083545 -0500,
-8,-15.0,,205,205,0,,,,,100,0,,,,,c-8,negs,1.25,period,1.5760139589838218,None,None,,,,,,,,,,,0,205,205,288,380.0114996659977,,,,,,,,,,,,,,,,,,,,,,,,,,,,,,,,,,,,,,,,,,,,,,,,,,,,,,,,,,,,,,,,,,,,,,380.006652415992,380.0114996659977,381.25060037500225,381.25060037500225,381.25060037500225,381.32516504099476,381.32516504099476,381.32516504099476,381.5936058329826,period,1.5760139589838218,None,381.59371358298813,381.59375833297963,None,,,,,,,,,,,,21049980,0,2025-12-19_13h26.19.902,tilt_mocs,2024.2.4,118.6912514243581,2025-12-19 13h27.13.083545 -0500,
-2,0.0,,206,206,0,,,,,0,100,,,,,c-2,noss,0.5,z,0.9921522919903509,None,None,,,,,,,,,,,0,206,206,547,381.60421958297957,,,,,,,,,,,,,,,,,,,,,,,,,,,,,,,,,,,,,,,,,,,,,,,,,,,,,,,,,,,,,,,,,,,,,,381.59571920798044,381.60421958297957,382.0913640409999,382.0913640409999,382.0913640409999,382.1636721660034,382.1636721660034,382.1636721660034,382.6004284999799,z,0.9921522919903509,None,382.6005491249962,382.6006031659781,None,,,,,,,,,,,,21049980,0,2025-12-19_13h26.19.902,tilt_mocs,2024.2.4,118.6912514243581,2025-12-19 13h27.13.083545 -0500,
-8,-15.0,,207,207,0,,,,,100,0,,,,,c-8,negs,1.25,period,1.6152794590161648,None,None,,,,,,,,,,,0,207,207,289,382.6108837079955,,,,,,,,,,,,,,,,,,,,,,,,,,,,,,,,,,,,,,,,,,,,,,,,,,,,,,,,,,,,,,,,,,,,,,382.602658541,382.6108837079955,383.8512128329894,383.8512128329894,383.8512128329894,383.92531220798264,383.92531220798264,383.92531220798264,384.2388276659767,period,1.6152794590161648,None,384.23892716597766,384.23897383298026,None,,,,,,,,,,,,21049980,0,2025-12-19_13h26.19.902,tilt_mocs,2024.2.4,118.6912514243581,2025-12-19 13h27.13.083545 -0500,
0,0.0,,208,208,0,,,,,0,100,,,,,c+0,noss,1.25,period,1.7009244590008166,None,None,,,,,,,,,,,0,208,208,621,384.2457659159845,,,,,,,,,,,,,,,,,,,,,,,,,,,,,,,,,,,,,,,,,,,,,,,,,,,,,,,,,,,,,,,,,,,,,,384.2410370830039,384.2457659159845,385.4845346660004,385.4845346660004,385.4845346660004,385.5575249159883,385.5575249159883,385.5575249159883,385.9504846659838,period,1.7009244590008166,None,385.95060516599915,385.9506582909962,None,,,,,,,,,,,,21049980,0,2025-12-19_13h26.19.902,tilt_mocs,2024.2.4,118.6912514243581,2025-12-19 13h27.13.083545 -0500,
-2,0.0,,209,209,0,,,,,0,100,,,,,c-2,noss,0.75,z,1.1308629999984987,None,None,,,,,,,,,,,0,209,209,561,385.9614035830018,,,,,,,,,,,,,,,,,,,,,,,,,,,,,,,,,,,,,,,,,,,,,,,,,,,,,,,,,,,,,,,,,,,,,,385.95270112500293,385.9614035830018,386.7001636659843,386.7001636659843,386.7001636659843,386.7742477909778,386.7742477909778,386.7742477909778,387.09519612498116,z,1.1308629999984987,None,387.0953483749763,387.09540887500043,None,,,,,,,,,,,,21049980,0,2025-12-19_13h26.19.902,tilt_mocs,2024.2.4,118.6912514243581,2025-12-19 13h27.13.083545 -0500,
-2,0.0,,210,210,0,,,,,0,100,,,,,c-2,noss,0.5,z,0.8782752499973867,None,None,,,,,,,,,,,0,210,210,552,387.10666887499974,,,,,,,,,,,,,,,,,,,,,,,,,,,,,,,,,,,,,,,,,,,,,,,,,,,,,,,,,,,,,,,,,,,,,,387.09779662499204,387.10666887499974,387.59079499999643,387.59079499999643,387.59079499999643,387.66399933298817,387.66399933298817,387.66399933298817,387.99410545799765,z,0.8782752499973867,None,387.99422854097793,387.994283499982,None,,,,,,,,,,,,21049980,0,2025-12-19_13h26.19.902,tilt_mocs,2024.2.4,118.6912514243581,2025-12-19 13h27.13.083545 -0500,
-2,-15.0,,211,211,0,,,,,100,0,,,,,c-2,negs,0.75,z,0.9702691669808701,None,None,,,,,,,,,,,0,211,211,394,388.00527112500276,,,,,,,,,,,,,,,,,,,,,,,,,,,,,,,,,,,,,,,,,,,,,,,,,,,,,,,,,,,,,,,,,,,,,,387.9965588329942,388.00527112500276,388.74153487497824,388.74153487497824,388.74153487497824,388.8136202909809,388.8136202909809,388.8136202909809,388.97827974997927,z,0.9702691669808701,None,388.97843595797895,388.97849325000425,None,,,,,,,,,,,,21049980,0,2025-12-19_13h26.19.902,tilt_mocs,2024.2.4,118.6912514243581,2025-12-19 13h27.13.083545 -0500,
0,0.0,,212,212,0,,,,,0,100,,,,,c+0,noss,1.0,z,1.4119248749921098,None,None,,,,,,,,,,,0,212,212,613,388.9899311249901,,,,,,,,,,,,,,,,,,,,,,,,,,,,,,,,,,,,,,,,,,,,,,,,,,,,,,,,,,,,,,,,,,,,,,388.98088070799713,388.9899311249901,389.9748486249882,389.9748486249882,389.9748486249882,390.04728333299863,390.04728333299863,390.04728333299863,390.411589041003,z,1.4119248749921098,None,390.4117328749853,390.4117906249885,None,,,,,,,,,,,,21049980,0,2025-12-19_13h26.19.902,tilt_mocs,2024.2.4,118.6912514243581,2025-12-19 13h27.13.083545 -0500,
-2,15.0,,213,213,0,,,,,100,0,,,,,c-2,poss,0.5,z,0.8327225420216564,None,None,,,,,,,,,,,0,213,213,7,390.42320745799225,,,,,,,,,,,,,,,,,,,,,,,,,,,,,,,,,,,,,,,,,,,,,,,,,,,,,,,,,,,,,,,,,,,,,,390.4140666250023,390.42320745799225,390.9073472500022,390.9073472500022,390.9073472500022,390.9804880829761,390.9804880829761,390.9804880829761,391.26192012499087,z,0.8327225420216564,None,391.2620752499788,391.262141040992,None,,,,,,,,,,,,21049980,0,2025-12-19_13h26.19.902,tilt_mocs,2024.2.4,118.6912514243581,2025-12-19 13h27.13.083545 -0500,
-4,0.0,,214,214,0,,,,,0,100,,,,,c-4,noss,0.5,z,0.8038848330033943,None,None,,,,,,,,,,,0,214,214,504,391.2724424999906,,,,,,,,,,,,,,,,,,,,,,,,,,,,,,,,,,,,,,,,,,,,,,,,,,,,,,,,,,,,,,,,,,,,,,391.26436491598724,391.2724424999906,391.7575196659891,391.7575196659891,391.7575196659891,391.8317567499762,391.8317567499762,391.8317567499762,392.07949274999555,z,0.8038848330033943,None,392.0796351250028,392.0796948329953,None,,,,,,,,,,,,21049980,0,2025-12-19_13h26.19.902,tilt_mocs,2024.2.4,118.6912514243581,2025-12-19 13h27.13.083545 -0500,
4,15.0,,215,215,0,,,,,100,0,,,,,c+4,poss,1.25,period,1.6768740420229733,None,None,,,,,,,,,,,0,215,215,165,392.09112108297995,,,,,,,,,,,,,,,,,,,,,,,,,,,,,,,,,,,,,,,,,,,,,,,,,,,,,,,,,,,,,,,,,,,,,,392.0823265829822,392.09112108297995,393.32498337500147,393.32498337500147,393.32498337500147,393.3981862499786,393.3981862499786,393.3981862499786,393.7778017910023,period,1.6768740420229733,None,393.77792991598835,393.77802512497874,None,,,,,,,,,,,,21049980,0,2025-12-19_13h26.19.902,tilt_mocs,2024.2.4,118.6912514243581,2025-12-19 13h27.13.083545 -0500,
2,0.0,,216,216,0,,,,,0,100,,,,,c+2,noss,0.5,period,0.9047570420079865,None,None,,,,,,,,,,,0,216,216,630,393.7889773749921,,,,,,,,,,,,,,,,,,,,,,,,,,,,,,,,,,,,,,,,,,,,,,,,,,,,,,,,,,,,,,,,,,,,,,393.7802773749863,393.7889773749921,394.2751089159865,394.2751089159865,394.2751089159865,394.3482603330049,394.3482603330049,394.3482603330049,394.70079170799,period,0.9047570420079865,None,394.7009223329951,394.7009851659823,None,,,,,,,,,,,,21049980,0,2025-12-19_13h26.19.902,tilt_mocs,2024.2.4,118.6912514243581,2025-12-19 13h27.13.083545 -0500,
2,-15.0,,217,217,0,,,,,100,0,,,,,c+2,negs,1.0,period,1.4119684580073226,None,None,,,,,,,,,,,0,217,217,484,394.7117250409792,,,,,,,,,,,,,,,,,,,,,,,,,,,,,,,,,,,,,,,,,,,,,,,,,,,,,,,,,,,,,,,,,,,,,,394.7032314579992,394.7117250409792,395.7018998329877,395.7018998329877,395.7018998329877,395.7757208329858,395.7757208329858,395.7757208329858,396.1278122079966,period,1.4119684580073226,None,396.12792108298163,396.1279729999951,None,,,,,,,,,,,,21049980,0,2025-12-19_13h26.19.902,tilt_mocs,2024.2.4,118.6912514243581,2025-12-19 13h27.13.083545 -0500,
6,15.0,,218,218,0,,,,,100,0,,,,,c+6,poss,1.25,period,1.2632740419940092,None,None,,,,,,,,,,,0,218,218,209,396.1387301249779,,,,,,,,,,,,,,,,,,,,,,,,,,,,,,,,,,,,,,,,,,,,,,,,,,,,,,,,,,,,,,,,,,,,,,396.13002295797924,396.1387301249779,397.3743930409837,397.3743930409837,397.3743930409837,,,,397.4109864999773,period,1.2632740419940092,None,397.4111055409885,397.41115474997787,None,,,,,,,,,,,,21049980,0,2025-12-19_13h26.19.902,tilt_mocs,2024.2.4,118.6912514243581,2025-12-19 13h27.13.083545 -0500,
0,0.0,,219,219,0,,,,,0,100,,,,,c+0,noss,0.5,period,1.2784173330001067,None,None,,,,,,,,,,,0,219,219,595,397.421683958004,,,,,,,,,,,,,,,,,,,,,,,,,,,,,,,,,,,,,,,,,,,,,,,,,,,,,,,,,,,,,,,,,,,,,,397.41316712499247,397.421683958004,397.9085570409952,397.9085570409952,397.9085570409952,397.9810988329991,397.9810988329991,397.9810988329991,398.7116352079902,period,1.2784173330001067,None,398.71180808299687,398.71187258299324,None,,,,,,,,,,,,21049980,0,2025-12-19_13h26.19.902,tilt_mocs,2024.2.4,118.6912514243581,2025-12-19 13h27.13.083545 -0500,
0,0.0,,220,220,0,,,,,0,100,,,,,c+0,noss,1.25,period,1.5265507500153035,None,None,,,,,,,,,,,0,220,220,622,398.72360274998937,,,,,,,,,,,,,,,,,,,,,,,,,,,,,,,,,,,,,,,,,,,,,,,,,,,,,,,,,,,,,,,,,,,,,,398.71453862500493,398.72360274998937,399.9586234999879,399.9586234999879,399.9586234999879,400.03073374999803,400.03073374999803,400.03073374999803,400.2621719999879,period,1.5265507500153035,None,400.2623090829875,400.26239683298627,None,,,,,,,,,,,,21049980,0,2025-12-19_13h26.19.902,tilt_mocs,2024.2.4,118.6912514243581,2025-12-19 13h27.13.083545 -0500,
-6,-15.0,,221,221,0,,,,,100,0,,,,,c-6,negs,1.0,period,1.1573424579983111,None,None,,,,,,,,,,,0,221,221,316,400.27392395798233,,,,,,,,,,,,,,,,,,,,,,,,,,,,,,,,,,,,,,,,,,,,,,,,,,,,,,,,,,,,,,,,,,,,,,400.2646888329764,400.27392395798233,401.25861483300105,401.25861483300105,401.25861483300105,401.33201470799395,401.33201470799395,401.33201470799395,401.433930625004,period,1.1573424579983111,None,401.4340564159793,401.43411045797984,None,,,,,,,,,,,,21049980,0,2025-12-19_13h26.19.902,tilt_mocs,2024.2.4,118.6912514243581,2025-12-19 13h27.13.083545 -0500,
-4,0.0,,222,222,0,,,,,0,100,,,,,c-4,noss,1.25,z,1.7000296250043903,None,None,,,,,,,,,,,0,222,222,537,401.44504545797827,,,,,,,,,,,,,,,,,,,,,,,,,,,,,,,,,,,,,,,,,,,,,,,,,,,,,,,,,,,,,,,,,,,,,,401.4361742909823,401.44504545797827,402.6851872910047,402.6851872910047,402.6851872910047,402.75931520797894,402.75931520797894,402.75931520797894,403.14987829097663,z,1.7000296250043903,None,403.1499780829763,403.1500210829836,None,,,,,,,,,,,,21049980,0,2025-12-19_13h26.19.902,tilt_mocs,2024.2.4,118.6912514243581,2025-12-19 13h27.13.083545 -0500,
-2,-15.0,,223,223,0,,,,,100,0,,,,,c-2,negs,0.75,z,1.0332602919952478,None,None,,,,,,,,,,,0,223,223,398,403.16091029098607,,,,,,,,,,,,,,,,,,,,,,,,,,,,,,,,,,,,,,,,,,,,,,,,,,,,,,,,,,,,,,,,,,,,,,403.15207662500325,403.16091029098607,403.90141137500177,403.90141137500177,403.90141137500177,403.9760035829968,403.9760035829968,403.9760035829968,404.2009064159938,z,1.0332602919952478,None,404.2010334160004,404.2010870410013,None,,,,,,,,,,,,21049980,0,2025-12-19_13h26.19.902,tilt_mocs,2024.2.4,118.6912514243581,2025-12-19 13h27.13.083545 -0500,
2,0.0,,224,224,0,,,,,0,100,,,,,c+2,noss,1.0,z,1.4256736669922248,None,None,,,,,,,,,,,0,224,224,660,404.21191516600084,,,,,,,,,,,,,,,,,,,,,,,,,,,,,,,,,,,,,,,,,,,,,,,,,,,,,,,,,,,,,,,,,,,,,,404.20339574999525,404.21191516600084,405.2012696249876,405.2012696249876,405.2012696249876,405.27608337497804,405.27608337497804,405.27608337497804,405.6454418329813,z,1.4256736669922248,None,405.64560183297726,405.6456563749816,None,,,,,,,,,,,,21049980,0,2025-12-19_13h26.19.902,tilt_mocs,2024.2.4,118.6912514243581,2025-12-19 13h27.13.083545 -0500,
0,15.0,,225,225,0,,,,,100,0,,,,,c+0,poss,0.5,z,1.001800958008971,None,None,,,,,,,,,,,0,225,225,51,405.65767020799103,,,,,,,,,,,,,,,,,,,,,,,,,,,,,,,,,,,,,,,,,,,,,,,,,,,,,,,,,,,,,,,,,,,,,,405.64853508298984,405.65767020799103,406.14213229098823,406.14213229098823,406.14213229098823,406.2144827499869,406.2144827499869,406.2144827499869,406.66241833299864,z,1.001800958008971,None,406.66256758300005,406.6626271249843,None,,,,,,,,,,,,21049980,0,2025-12-19_13h26.19.902,tilt_mocs,2024.2.4,118.6912514243581,2025-12-19 13h27.13.083545 -0500,
0,0.0,,226,226,0,,,,,0,100,,,,,c+0,noss,0.5,z,1.0737697079894133,None,None,,,,,,,,,,,0,226,226,591,406.6737429579953,,,,,,,,,,,,,,,,,,,,,,,,,,,,,,,,,,,,,,,,,,,,,,,,,,,,,,,,,,,,,,,,,,,,,,406.6649321249861,406.6737429579953,407.1588962499809,407.1588962499809,407.1588962499809,407.2309532079962,407.2309532079962,407.2309532079962,407.75156395797967,z,1.0737697079894133,None,407.75169041598565,407.7517452079919,None,,,,,,,,,,,,21049980,0,2025-12-19_13h26.19.902,tilt_mocs,2024.2.4,118.6912514243581,2025-12-19 13h27.13.083545 -0500,
-4,0.0,,227,227,0,,,,,0,100,,,,,c-4,noss,0.5,z,0.8707974579883739,None,None,,,,,,,,,,,0,227,227,509,407.76216291598394,,,,,,,,,,,,,,,,,,,,,,,,,,,,,,,,,,,,,,,,,,,,,,,,,,,,,,,,,,,,,,,,,,,,,,407.7540529999824,407.76216291598394,408.2517742079799,408.2517742079799,408.2517742079799,408.32623779098503,408.32623779098503,408.32623779098503,408.63538199997856,z,0.8707974579883739,None,408.63548425000045,408.63552733298275,None,,,,,,,,,,,,21049980,0,2025-12-19_13h26.19.902,tilt_mocs,2024.2.4,118.6912514243581,2025-12-19 13h27.13.083545 -0500,
-8,-15.0,,228,228,0,,,,,100,0,,,,,c-8,negs,1.25,z,1.6467427499883343,None,None,,,,,,,,,,,0,228,228,290,408.64571449998766,,,,,,,,,,,,,,,,,,,,,,,,,,,,,,,,,,,,,,,,,,,,,,,,,,,,,,,,,,,,,,,,,,,,,,408.63752399999066,408.64571449998766,409.88503033298184,409.88503033298184,409.88503033298184,409.959675332997,409.959675332997,409.959675332997,410.29507849999936,z,1.6467427499883343,None,410.2952297079901,410.2952856250049,None,,,,,,,,,,,,21049980,0,2025-12-19_13h26.19.902,tilt_mocs,2024.2.4,118.6912514243581,2025-12-19 13h27.13.083545 -0500,
0,-15.0,,229,229,0,,,,,100,0,,,,,c+0,negs,1.25,period,1.7630718750006054,None,None,,,,,,,,,,,0,229,229,458,410.30607854097616,,,,,,,,,,,,,,,,,,,,,,,,,,,,,,,,,,,,,,,,,,,,,,,,,,,,,,,,,,,,,,,,,,,,,,410.29755787499016,410.30607854097616,411.5423583749798,411.5423583749798,411.5423583749798,411.6151120409777,411.6151120409777,411.6151120409777,412.0784875410027,period,1.7630718750006054,None,412.0786154579837,412.078670124989,None,,,,,,,,,,,,21049980,0,2025-12-19_13h26.19.902,tilt_mocs,2024.2.4,118.6912514243581,2025-12-19 13h27.13.083545 -0500,
-2,0.0,,230,230,0,,,,,0,100,,,,,c-2,noss,1.25,z,1.7370014579792041,None,None,,,,,,,,,,,0,230,230,586,412.08949462499004,,,,,,,,,,,,,,,,,,,,,,,,,,,,,,,,,,,,,,,,,,,,,,,,,,,,,,,,,,,,,,,,,,,,,,412.0808491249918,412.08949462499004,413.3257765409944,413.3257765409944,413.3257765409944,413.39867591598886,413.39867591598886,413.39867591598886,413.8292026659765,z,1.7370014579792041,None,413.82933799998136,413.82940333298757,None,,,,,,,,,,,,21049980,0,2025-12-19_13h26.19.902,tilt_mocs,2024.2.4,118.6912514243581,2025-12-19 13h27.13.083545 -0500,
-6,-15.0,,231,231,0,,,,,100,0,,,,,c-6,negs,0.75,z,1.0668023749894928,None,None,,,,,,,,,,,0,231,231,308,413.84061979097896,,,,,,,,,,,,,,,,,,,,,,,,,,,,,,,,,,,,,,,,,,,,,,,,,,,,,,,,,,,,,,,,,,,,,,413.8317618749861,413.84061979097896,414.5760932909907,414.5760932909907,414.5760932909907,414.6478691659868,414.6478691659868,414.6478691659868,414.9123100829893,z,1.0668023749894928,None,414.9124740829866,414.91252745798556,None,,,,,,,,,,,,21049980,0,2025-12-19_13h26.19.902,tilt_mocs,2024.2.4,118.6912514243581,2025-12-19 13h27.13.083545 -0500,
0,0.0,,232,232,0,,,,,0,100,,,,,c+0,noss,0.5,z,0.8601171670015901,None,None,,,,,,,,,,,0,232,232,592,414.92358808298013,,,,,,,,,,,,,,,,,,,,,,,,,,,,,,,,,,,,,,,,,,,,,,,,,,,,,,,,,,,,,,,,,,,,,,414.9149126249831,414.92358808298013,415.40917258299305,415.40917258299305,415.40917258299305,415.48207112497767,415.48207112497767,415.48207112497767,415.7955832500011,z,0.8601171670015901,None,415.79574645799585,415.79589520799345,None,,,,,,,,,,,,21049980,0,2025-12-19_13h26.19.902,tilt_mocs,2024.2.4,118.6912514243581,2025-12-19 13h27.13.083545 -0500,
-6,-15.0,,233,233,0,,,,,100,0,,,,,c-6,negs,0.75,z,1.2024034589994699,None,None,,,,,,,,,,,0,233,233,305,415.8073086660006,,,,,,,,,,,,,,,,,,,,,,,,,,,,,,,,,,,,,,,,,,,,,,,,,,,,,,,,,,,,,,,,,,,,,,415.79840450000484,415.8073086660006,416.5416001249978,416.5416001249978,416.5416001249978,416.61467024998274,416.61467024998274,416.61467024998274,417.01244949997636,z,1.2024034589994699,None,417.01258687500376,417.01264462497784,None,,,,,,,,,,,,21049980,0,2025-12-19_13h26.19.902,tilt_mocs,2024.2.4,118.6912514243581,2025-12-19 13h27.13.083545 -0500,
-4,-15.0,,234,234,0,,,,,100,0,,,,,c-4,negs,0.5,z,0.8414532500028145,None,None,,,,,,,,,,,0,234,234,341,417.02406637498643,,,,,,,,,,,,,,,,,,,,,,,,,,,,,,,,,,,,,,,,,,,,,,,,,,,,,,,,,,,,,,,,,,,,,,417.01502337498823,417.02406637498643,417.50927937499364,417.50927937499364,417.50927937499364,417.5814491659985,417.5814491659985,417.5814491659985,417.86815620798734,z,0.8414532500028145,None,417.86825512498035,417.8682973749819,None,,,,,,,,,,,,21049980,0,2025-12-19_13h26.19.902,tilt_mocs,2024.2.4,118.6912514243581,2025-12-19 13h27.13.083545 -0500,
0,0.0,,235,235,0,,,,,0,100,,,,,c+0,noss,0.75,period,1.2522307090112008,None,None,,,,,,,,,,,0,235,235,601,417.87916562499595,,,,,,,,,,,,,,,,,,,,,,,,,,,,,,,,,,,,,,,,,,,,,,,,,,,,,,,,,,,,,,,,,,,,,,417.8702310829831,417.87916562499595,418.61829212500015,418.61829212500015,418.61829212500015,418.6932369580027,418.6932369580027,418.6932369580027,419.1340882499935,period,1.2522307090112008,None,419.1341857909865,419.134237249993,None,,,,,,,,,,,,21049980,0,2025-12-19_13h26.19.902,tilt_mocs,2024.2.4,118.6912514243581,2025-12-19 13h27.13.083545 -0500,
8,15.0,,236,236,0,,,,,100,0,,,,,c+8,poss,1.25,period,1.5409586669993587,None,None,,,,,,,,,,,0,236,236,249,419.1452785409929,,,,,,,,,,,,,,,,,,,,,,,,,,,,,,,,,,,,,,,,,,,,,,,,,,,,,,,,,,,,,,,,,,,,,,419.1362584999879,419.1452785409929,420.38566612498835,420.38566612498835,420.38566612498835,420.4600085830025,420.4600085830025,420.4600085830025,420.6955543749791,period,1.5409586669993587,None,420.695674165996,420.69572933297604,None,,,,,,,,,,,,21049980,0,2025-12-19_13h26.19.902,tilt_mocs,2024.2.4,118.6912514243581,2025-12-19 13h27.13.083545 -0500,
-6,-15.0,,237,237,0,,,,,100,0,,,,,c-6,negs,1.25,z,1.6678272909775842,None,None,,,,,,,,,,,0,237,237,326,420.70921037500375,,,,,,,,,,,,,,,,,,,,,,,,,,,,,,,,,,,,,,,,,,,,,,,,,,,,,,,,,,,,,,,,,,,,,,420.69970216599177,420.70921037500375,421.94231112499256,421.94231112499256,421.94231112499256,422.015137874987,422.015137874987,422.015137874987,422.3796507079969,z,1.6678272909775842,None,422.37978575000307,422.37984333297936,None,,,,,,,,,,,,21049980,0,2025-12-19_13h26.19.902,tilt_mocs,2024.2.4,118.6912514243581,2025-12-19 13h27.13.083545 -0500,
-2,15.0,,238,238,0,,,,,100,0,,,,,c-2,poss,0.5,z,0.8336590000253636,None,None,,,,,,,,,,,0,238,238,5,422.3907454999862,,,,,,,,,,,,,,,,,,,,,,,,,,,,,,,,,,,,,,,,,,,,,,,,,,,,,,,,,,,,,,,,,,,,,,422.3820136249997,422.3907454999862,422.8754054159799,422.8754054159799,422.8754054159799,422.94796562500414,422.94796562500414,422.94796562500414,423.2287942910043,z,0.8336590000253636,None,423.2288949159847,423.2289386249904,None,,,,,,,,,,,,21049980,0,2025-12-19_13h26.19.902,tilt_mocs,2024.2.4,118.6912514243581,2025-12-19 13h27.13.083545 -0500,
2,15.0,,239,239,0,,,,,100,0,,,,,c+2,poss,0.75,z,1.331651749991579,None,None,,,,,,,,,,,0,239,239,95,423.2397179999971,,,,,,,,,,,,,,,,,,,,,,,,,,,,,,,,,,,,,,,,,,,,,,,,,,,,,,,,,,,,,,,,,,,,,,423.2308798749873,423.2397179999971,423.97626179098734,423.97626179098734,423.97626179098734,424.04786191598396,424.04786191598396,424.04786191598396,424.57912641597795,z,1.331651749991579,None,424.579254124983,424.579307707987,None,,,,,,,,,,,,21049980,0,2025-12-19_13h26.19.902,tilt_mocs,2024.2.4,118.6912514243581,2025-12-19 13h27.13.083545 -0500,
0,15.0,,240,240,0,,,,,100,0,,,,,c+0,poss,0.5,z,0.9475344170059543,None,None,,,,,,,,,,,0,240,240,46,424.59074020799017,,,,,,,,,,,,,,,,,,,,,,,,,,,,,,,,,,,,,,,,,,,,,,,,,,,,,,,,,,,,,,,,,,,,,,424.5818295829813,424.59074020799017,425.07635708298767,425.07635708298767,425.07635708298767,425.1492458329885,425.1492458329885,425.1492458329885,425.5457850410021,z,0.9475344170059543,None,425.5459151660034,425.54597037498024,None,,,,,,,,,,,,21049980,0,2025-12-19_13h26.19.902,tilt_mocs,2024.2.4,118.6912514243581,2025-12-19 13h27.13.083545 -0500,
4,0.0,,241,241,0,,,,,0,100,,,,,c+4,noss,0.5,z,0.7908121249929536,None,None,,,,,,,,,,,0,241,241,681,425.5569272499997,,,,,,,,,,,,,,,,,,,,,,,,,,,,,,,,,,,,,,,,,,,,,,,,,,,,,,,,,,,,,,,,,,,,,,425.5481437080016,425.5569272499997,426.0429071660037,426.0429071660037,426.0429071660037,426.1150338749867,426.1150338749867,426.1150338749867,426.3516447079892,z,0.7908121249929536,None,426.3517710409942,426.35182549999445,None,,,,,,,,,,,,21049980,0,2025-12-19_13h26.19.902,tilt_mocs,2024.2.4,118.6912514243581,2025-12-19 13h27.13.083545 -0500,
4,15.0,,242,242,0,,,,,100,0,,,,,c+4,poss,1.0,z,1.4988604999962263,None,None,,,,,,,,,,,0,242,242,154,426.3626595409878,,,,,,,,,,,,,,,,,,,,,,,,,,,,,,,,,,,,,,,,,,,,,,,,,,,,,,,,,,,,,,,,,,,,,,426.35390724998433,426.3626595409878,427.353002541,427.353002541,427.353002541,427.4269726659986,427.4269726659986,427.4269726659986,427.86866316598025,z,1.4988604999962263,None,427.86878183297813,427.8688352079771,None,,,,,,,,,,,,21049980,0,2025-12-19_13h26.19.902,tilt_mocs,2024.2.4,118.6912514243581,2025-12-19 13h27.13.083545 -0500,
-8,-15.0,,243,243,0,,,,,100,0,,,,,c-8,negs,1.0,z,1.4039407499949448,None,None,,,,,,,,,,,0,243,243,280,427.8792727079999,,,,,,,,,,,,,,,,,,,,,,,,,,,,,,,,,,,,,,,,,,,,,,,,,,,,,,,,,,,,,,,,,,,,,,427.8710363749997,427.8792727079999,428.86868849999155,428.86868849999155,428.86868849999155,428.9434346249909,428.9434346249909,428.9434346249909,429.2956478749984,z,1.4039407499949448,None,429.29578083299566,429.29583570797695,None,,,,,,,,,,,,21049980,0,2025-12-19_13h26.19.902,tilt_mocs,2024.2.4,118.6912514243581,2025-12-19 13h27.13.083545 -0500,
-4,-15.0,,244,244,0,,,,,100,0,,,,,c-4,negs,1.0,period,1.5145997079962399,None,None,,,,,,,,,,,0,244,244,362,429.3070337079989,,,,,,,,,,,,,,,,,,,,,,,,,,,,,,,,,,,,,,,,,,,,,,,,,,,,,,,,,,,,,,,,,,,,,,429.298239249998,429.3070337079989,430.2930025829992,430.2930025829992,430.2930025829992,430.36539004099905,430.36539004099905,430.36539004099905,430.82914762498694,period,1.5145997079962399,None,430.8293027909822,430.829356540984,None,,,,,,,,,,,,21049980,0,2025-12-19_13h26.19.902,tilt_mocs,2024.2.4,118.6912514243581,2025-12-19 13h27.13.083545 -0500,
2,0.0,,245,245,0,,,,,0,100,,,,,c+2,noss,1.25,period,1.6385464170016348,None,None,,,,,,,,,,,0,245,245,671,430.84128895797767,,,,,,,,,,,,,,,,,,,,,,,,,,,,,,,,,,,,,,,,,,,,,,,,,,,,,,,,,,,,,,,,,,,,,,430.8321315829817,430.84128895797767,432.07649174999096,432.07649174999096,432.07649174999096,432.1484656659886,432.1484656659886,432.1484656659886,432.4847566249955,period,1.6385464170016348,None,432.48487645798014,432.48492987500504,None,,,,,,,,,,,,21049980,0,2025-12-19_13h26.19.902,tilt_mocs,2024.2.4,118.6912514243581,2025-12-19 13h27.13.083545 -0500,
-4,-15.0,,246,246,0,,,,,100,0,,,,,c-4,negs,0.75,period,1.0976249999948777,None,None,,,,,,,,,,,0,246,246,351,432.49611537499004,,,,,,,,,,,,,,,,,,,,,,,,,,,,,,,,,,,,,,,,,,,,,,,,,,,,,,,,,,,,,,,,,,,,,,432.48710237498744,432.49611537499004,433.2364652499964,433.2364652499964,433.2364652499964,433.3104211659811,433.3104211659811,433.3104211659811,433.5968052079843,period,1.0976249999948777,None,433.59693616599543,433.5970209579973,None,,,,,,,,,,,,21049980,0,2025-12-19_13h26.19.902,tilt_mocs,2024.2.4,118.6912514243581,2025-12-19 13h27.13.083545 -0500,
2,0.0,,247,247,0,,,,,0,100,,,,,c+2,noss,0.75,z,1.1363462079898454,None,None,,,,,,,,,,,0,247,247,644,433.60806341600255,,,,,,,,,,,,,,,,,,,,,,,,,,,,,,,,,,,,,,,,,,,,,,,,,,,,,,,,,,,,,,,,,,,,,,433.59927137498744,433.60806341600255,434.34326479097945,434.34326479097945,434.34326479097945,434.41598029099987,434.41598029099987,434.41598029099987,434.74709466600325,z,1.1363462079898454,None,434.74726487498265,434.7474232079985,None,,,,,,,,,,,,21049980,0,2025-12-19_13h26.19.902,tilt_mocs,2024.2.4,118.6912514243581,2025-12-19 13h27.13.083545 -0500,
-2,15.0,,248,248,0,,,,,100,0,,,,,c-2,poss,1.25,z,1.795637999981409,None,None,,,,,,,,,,,0,248,248,34,434.75925529099186,,,,,,,,,,,,,,,,,,,,,,,,,,,,,,,,,,,,,,,,,,,,,,,,,,,,,,,,,,,,,,,,,,,,,,434.75003645799006,434.75925529099186,435.99323458300205,435.99323458300205,435.99323458300205,436.0666259159916,436.0666259159916,436.0666259159916,436.56295191598474,z,1.795637999981409,None,436.56314149999525,436.5632102499949,None,,,,,,,,,,,,21049980,0,2025-12-19_13h26.19.902,tilt_mocs,2024.2.4,118.6912514243581,2025-12-19 13h27.13.083545 -0500,
-6,-15.0,,249,249,0,,,,,100,0,,,,,c-6,negs,0.75,z,1.1749133330013137,None,None,,,,,,,,,,,0,249,249,311,436.575289624976,,,,,,,,,,,,,,,,,,,,,,,,,,,,,,,,,,,,,,,,,,,,,,,,,,,,,,,,,,,,,,,,,,,,,,436.56593524999334,436.575289624976,437.30998783299583,437.30998783299583,437.30998783299583,437.3826751250017,437.3826751250017,437.3826751250017,437.762686165981,z,1.1749133330013137,None,437.76284275000216,437.76289641598123,None,,,,,,,,,,,,21049980,0,2025-12-19_13h26.19.902,tilt_mocs,2024.2.4,118.6912514243581,2025-12-19 13h27.13.083545 -0500,
-2,15.0,,250,250,0,,,,,100,0,,,,,c-2,poss,0.75,period,1.1125669159810059,None,None,,,,,,,,,,,0,250,250,12,437.77422879097867,,,,,,,,,,,,,,,,,,,,,,,,,,,,,,,,,,,,,,,,,,,,,,,,,,,,,,,,,,,,,,,,,,,,,,437.76541999998153,437.77422879097867,438.51014695799677,438.51014695799677,438.51014695799677,438.5823222909821,438.5823222909821,438.5823222909821,438.89653574998374,period,1.1125669159810059,None,438.89678033298696,438.89687387499725,None,,,,,,,,,,,,21049980,0,2025-12-19_13h26.19.902,tilt_mocs,2024.2.4,118.6912514243581,2025-12-19 13h27.13.083545 -0500,
4,0.0,,251,251,0,,,,,0,100,,,,,c+4,noss,1.25,z,1.381490792002296,None,None,,,,,,,,,,,0,251,251,706,438.9085729159997,,,,,,,,,,,,,,,,,,,,,,,,,,,,,,,,,,,,,,,,,,,,,,,,,,,,,,,,,,,,,,,,,,,,,,438.8992869159847,438.9085729159997,440.1434388749767,440.1434388749767,440.1434388749767,440.21581058300217,440.21581058300217,440.21581058300217,440.29582895798376,z,1.381490792002296,None,440.295930666005,440.2959731659794,None,,,,,,,,,,,,21049980,0,2025-12-19_13h26.19.902,tilt_mocs,2024.2.4,118.6912514243581,2025-12-19 13h27.13.083545 -0500,
-8,-15.0,,252,252,0,,,,,100,0,,,,,c-8,negs,0.5,period,0.4411581660096999,None,None,,,,,,,,,,,0,252,252,262,440.3064300410042,,,,,,,,,,,,,,,,,,,,,,,,,,,,,,,,,,,,,,,,,,,,,,,,,,,,,,,,,,,,,,,,,,,,,,440.29793904098915,440.3064300410042,,,,,,,440.7523524579883,period,0.4411581660096999,None,440.752474790992,440.75254137499724,None,,,,,,,,,,,,21049980,0,2025-12-19_13h26.19.902,tilt_mocs,2024.2.4,118.6912514243581,2025-12-19 13h27.13.083545 -0500,
2,-15.0,,253,253,0,,,,,100,0,,,,,c+2,negs,1.0,period,1.4482307499856688,None,None,,,,,,,,,,,0,253,253,490,440.76306520798244,,,,,,,,,,,,,,,,,,,,,,,,,,,,,,,,,,,,,,,,,,,,,,,,,,,,,,,,,,,,,,,,,,,,,,440.75457433299744,440.76306520798244,441.75344712499646,441.75344712499646,441.75344712499646,441.8276180829853,441.8276180829853,441.8276180829853,442.2144163749763,period,1.4482307499856688,None,442.21460174999083,442.2146712499962,None,,,,,,,,,,,,21049980,0,2025-12-19_13h26.19.902,tilt_mocs,2024.2.4,118.6912514243581,2025-12-19 13h27.13.083545 -0500,
8,15.0,,254,254,0,,,,,100,0,,,,,c+8,poss,1.0,period,1.3231655419804156,None,None,,,,,,,,,,,0,254,254,233,442.226736874989,,,,,,,,,,,,,,,,,,,,,,,,,,,,,,,,,,,,,,,,,,,,,,,,,,,,,,,,,,,,,,,,,,,,,,442.21767008298775,442.226736874989,443.2101988749928,443.2101988749928,443.2101988749928,443.2823975829815,443.2823975829815,443.2823975829815,443.55305354099255,period,1.3231655419804156,None,443.55318962500314,443.5532497910026,None,,,,,,,,,,,,21049980,0,2025-12-19_13h26.19.902,tilt_mocs,2024.2.4,118.6912514243581,2025-12-19 13h27.13.083545 -0500,
4,15.0,,255,255,0,,,,,100,0,,,,,c+4,poss,0.75,period,1.082001583010424,None,None,,,,,,,,,,,0,255,255,147,443.56364308297634,,,,,,,,,,,,,,,,,,,,,,,,,,,,,,,,,,,,,,,,,,,,,,,,,,,,,,,,,,,,,,,,,,,,,,443.5555436249997,443.56364308297634,444.30277904099785,444.30277904099785,444.30277904099785,444.37634258298203,444.37634258298203,444.37634258298203,444.6523944159853,period,1.082001583010424,None,444.6525205409853,444.652576915978,None,,,,,,,,,,,,21049980,0,2025-12-19_13h26.19.902,tilt_mocs,2024.2.4,118.6912514243581,2025-12-19 13h27.13.083545 -0500,
-4,0.0,,256,256,0,,,,,0,100,,,,,c-4,noss,0.75,period,1.014404084009584,None,None,,,,,,,,,,,0,256,256,517,444.6636197079788,,,,,,,,,,,,,,,,,,,,,,,,,,,,,,,,,,,,,,,,,,,,,,,,,,,,,,,,,,,,,,,,,,,,,,444.6550129579846,444.6636197079788,445.40304574999027,445.40304574999027,445.40304574999027,445.4773233329761,445.4773233329761,445.4773233329761,445.68042383299326,period,1.014404084009584,None,445.68053749998217,445.68058295798255,None,,,,,,,,,,,,21049980,0,2025-12-19_13h26.19.902,tilt_mocs,2024.2.4,118.6912514243581,2025-12-19 13h27.13.083545 -0500,
-2,0.0,,257,257,0,,,,,0,100,,,,,c-2,noss,1.25,period,1.5725752089929301,None,None,,,,,,,,,,,0,257,257,580,445.6914822499966,,,,,,,,,,,,,,,,,,,,,,,,,,,,,,,,,,,,,,,,,,,,,,,,,,,,,,,,,,,,,,,,,,,,,,445.68264874999295,445.6914822499966,446.92706408299273,446.92706408299273,446.92706408299273,446.9986541660037,446.9986541660037,446.9986541660037,447.2693302909902,period,1.5725752089929301,None,447.269478082977,447.2695359159843,None,,,,,,,,,,,,21049980,0,2025-12-19_13h26.19.902,tilt_mocs,2024.2.4,118.6912514243581,2025-12-19 13h27.13.083545 -0500,
-6,-15.0,,258,258,0,,,,,100,0,,,,,c-6,negs,1.0,z,1.9979615419870242,None,None,,,,,,,,,,,0,258,258,317,447.28008691599825,,,,,,,,,,,,,,,,,,,,,,,,,,,,,,,,,,,,,,,,,,,,,,,,,,,,,,,,,,,,,,,,,,,,,,447.27155512498575,447.28008691599825,448.26937566598644,448.26937566598644,448.26937566598644,448.34421300000395,448.34421300000395,448.34421300000395,449.28095625000424,z,1.9979615419870242,None,449.28111012498266,449.28116762498394,None,,,,,,,,,,,,21049980,0,2025-12-19_13h26.19.902,tilt_mocs,2024.2.4,118.6912514243581,2025-12-19 13h27.13.083545 -0500,
0,0.0,,259,259,0,,,,,0,100,,,,,c+0,noss,0.75,period,1.29339045798406,None,None,,,,,,,,,,,0,259,259,603,449.2932608749834,,,,,,,,,,,,,,,,,,,,,,,,,,,,,,,,,,,,,,,,,,,,,,,,,,,,,,,,,,,,,,,,,,,,,,449.2839359579957,449.2932608749834,450.0272212080017,450.0272212080017,450.0272212080017,450.0995426249865,450.0995426249865,450.0995426249865,450.5965663329989,period,1.29339045798406,None,450.59667766597704,450.5967214999837,None,,,,,,,,,,,,21049980,0,2025-12-19_13h26.19.902,tilt_mocs,2024.2.4,118.6912514243581,2025-12-19 13h27.13.083545 -0500,
6,15.0,,260,260,0,,,,,100,0,,,,,c+6,poss,1.0,period,1.3594232499890495,None,None,,,,,,,,,,,0,260,260,196,450.6072362079867,,,,,,,,,,,,,,,,,,,,,,,,,,,,,,,,,,,,,,,,,,,,,,,,,,,,,,,,,,,,,,,,,,,,,,450.59869312497904,450.6072362079867,451.59383454098133,451.59383454098133,451.59383454098133,451.66606624997803,451.66606624997803,451.66606624997803,451.96949816599954,period,1.3594232499890495,None,451.9696683329821,451.96971829098766,None,,,,,,,,,,,,21049980,0,2025-12-19_13h26.19.902,tilt_mocs,2024.2.4,118.6912514243581,2025-12-19 13h27.13.083545 -0500,
-2,0.0,,261,261,0,,,,,0,100,,,,,c-2,noss,1.25,z,1.6650013749895152,None,None,,,,,,,,,,,0,261,261,583,451.98102204099996,,,,,,,,,,,,,,,,,,,,,,,,,,,,,,,,,,,,,,,,,,,,,,,,,,,,,,,,,,,,,,,,,,,,,,451.97234658300295,451.98102204099996,453.2202663329954,453.2202663329954,453.2202663329954,453.294507374987,453.294507374987,453.294507374987,453.6515614159871,z,1.6650013749895152,None,453.65168229097617,453.6517369579815,None,,,,,,,,,,,,21049980,0,2025-12-19_13h26.19.902,tilt_mocs,2024.2.4,118.6912514243581,2025-12-19 13h27.13.083545 -0500,
-8,-15.0,,262,262,0,,,,,100,0,,,,,c-8,negs,1.0,z,1.3654557089903392,None,None,,,,,,,,,,,0,262,262,282,453.66294195799856,,,,,,,,,,,,,,,,,,,,,,,,,,,,,,,,,,,,,,,,,,,,,,,,,,,,,,,,,,,,,,,,,,,,,,453.65387479099445,453.66294195799856,454.6440304159769,454.6440304159769,454.6440304159769,454.71568570798263,454.71568570798263,454.71568570798263,455.03119454099215,z,1.3654557089903392,None,455.0313297910034,455.03139070799807,None,,,,,,,,,,,,21049980,0,2025-12-19_13h26.19.902,tilt_mocs,2024.2.4,118.6912514243581,2025-12-19 13h27.13.083545 -0500,
2,15.0,,263,263,0,,,,,100,0,,,,,c+2,poss,0.5,z,0.8964093330141623,None,None,,,,,,,,,,,0,263,263,87,455.0430245829921,,,,,,,,,,,,,,,,,,,,,,,,,,,,,,,,,,,,,,,,,,,,,,,,,,,,,,,,,,,,,,,,,,,,,,455.03385912498925,455.0430245829921,455.5273691249895,455.5273691249895,455.5273691249895,455.60062216597726,455.60062216597726,455.60062216597726,455.946965790994,z,0.8964093330141623,None,455.94713149999734,455.94719104099204,None,,,,,,,,,,,,21049980,0,2025-12-19_13h26.19.902,tilt_mocs,2024.2.4,118.6912514243581,2025-12-19 13h27.13.083545 -0500,
4,15.0,,264,264,0,,,,,100,0,,,,,c+4,poss,1.25,period,1.6694044999894686,None,None,,,,,,,,,,,0,264,264,160,455.95932137500495,,,,,,,,,,,,,,,,,,,,,,,,,,,,,,,,,,,,,,,,,,,,,,,,,,,,,,,,,,,,,,,,,,,,,,455.9502070409944,455.95932137500495,457.19405720799114,457.19405720799114,457.19405720799114,457.2661819999921,457.2661819999921,457.2661819999921,457.63176595797995,period,1.6694044999894686,None,457.6319173749944,457.63197362498613,None,,,,,,,,,,,,21049980,0,2025-12-19_13h26.19.902,tilt_mocs,2024.2.4,118.6912514243581,2025-12-19 13h27.13.083545 -0500,
-8,-15.0,,265,265,0,,,,,100,0,,,,,c-8,negs,0.75,z,1.1581386250036303,None,None,,,,,,,,,,,0,265,265,264,457.64296862500487,,,,,,,,,,,,,,,,,,,,,,,,,,,,,,,,,,,,,,,,,,,,,,,,,,,,,,,,,,,,,,,,,,,,,,457.6341752909939,457.64296862500487,458.3774041249999,458.3774041249999,458.3774041249999,458.4497566659993,458.4497566659993,458.4497566659993,458.8135450829868,z,1.1581386250036303,None,458.81367041598423,458.81372383298003,None,,,,,,,,,,,,21049980,0,2025-12-19_13h26.19.902,tilt_mocs,2024.2.4,118.6912514243581,2025-12-19 13h27.13.083545 -0500,
4,0.0,,266,266,0,,,,,0,100,,,,,c+4,noss,1.25,period,1.6944581670104526,None,None,,,,,,,,,,,0,266,266,707,458.82505758298794,,,,,,,,,,,,,,,,,,,,,,,,,,,,,,,,,,,,,,,,,,,,,,,,,,,,,,,,,,,,,,,,,,,,,,458.8162520409969,458.82505758298794,460.0609312079905,460.0609312079905,460.0609312079905,460.1326959159924,460.1326959159924,460.1326959159924,460.53006362498854,period,1.6944581670104526,None,460.5301924579835,460.53024816600373,None,,,,,,,,,,,,21049980,0,2025-12-19_13h26.19.902,tilt_mocs,2024.2.4,118.6912514243581,2025-12-19 13h27.13.083545 -0500,
-2,0.0,,267,267,0,,,,,0,100,,,,,c-2,noss,0.75,period,1.190094332996523,None,None,,,,,,,,,,,0,267,267,559,460.5414113329898,,,,,,,,,,,,,,,,,,,,,,,,,,,,,,,,,,,,,,,,,,,,,,,,,,,,,,,,,,,,,,,,,,,,,,460.53275254098116,460.5414113329898,461.27753616598784,461.27753616598784,461.27753616598784,461.3498703749792,461.3498703749792,461.3498703749792,461.73538433297654,period,1.190094332996523,None,461.73550554100075,461.7355669160024,None,,,,,,,,,,,,21049980,0,2025-12-19_13h26.19.902,tilt_mocs,2024.2.4,118.6912514243581,2025-12-19 13h27.13.083545 -0500,
2,-15.0,,268,268,0,,,,,100,0,,,,,c+2,negs,1.25,z,0.1312518749909941,None,None,,,,,,,,,,,0,268,268,499,461.7470134579926,,,,,,,,,,,,,,,,,,,,,,,,,,,,,,,,,,,,,,,,,,,,,,,,,,,,,,,,,,,,,,,,,,,,,,461.7378724159789,461.7470134579926,,,,,,,461.88070325000444,z,0.1312518749909941,None,461.88083079099306,461.8808884579921,None,,,,,,,,,,,,21049980,0,2025-12-19_13h26.19.902,tilt_mocs,2024.2.4,118.6912514243581,2025-12-19 13h27.13.083545 -0500,
8,15.0,,269,269,0,,,,,100,0,,,,,c+8,poss,1.0,period,1.497991040989291,None,None,,,,,,,,,,,0,269,269,240,461.8922497500025,,,,,,,,,,,,,,,,,,,,,,,,,,,,,,,,,,,,,,,,,,,,,,,,,,,,,,,,,,,,,,,,,,,,,,461.8833776249958,461.8922497500025,462.8776870830043,462.8776870830043,462.8776870830043,462.9499862079974,462.9499862079974,462.9499862079974,463.3969528329908,period,1.497991040989291,None,463.39707995799836,463.3971349579806,None,,,,,,,,,,,,21049980,0,2025-12-19_13h26.19.902,tilt_mocs,2024.2.4,118.6912514243581,2025-12-19 13h27.13.083545 -0500,
4,15.0,,270,270,0,,,,,100,0,,,,,c+4,poss,0.5,period,0.8058899579918943,None,None,,,,,,,,,,,0,270,270,126,463.40819458299666,,,,,,,,,,,,,,,,,,,,,,,,,,,,,,,,,,,,,,,,,,,,,,,,,,,,,,,,,,,,,,,,,,,,,,463.39946720798616,463.40819458299666,463.8943355829979,463.8943355829979,463.8943355829979,463.96747154099285,463.96747154099285,463.96747154099285,464.219375457993,period,0.8058899579918943,None,464.2195062499959,464.21956437500194,None,,,,,,,,,,,,21049980,0,2025-12-19_13h26.19.902,tilt_mocs,2024.2.4,118.6912514243581,2025-12-19 13h27.13.083545 -0500,
-4,-15.0,,271,271,0,,,,,100,0,,,,,c-4,negs,0.75,period,1.0282106669910718,None,None,,,,,,,,,,,0,271,271,349,464.2306227909867,,,,,,,,,,,,,,,,,,,,,,,,,,,,,,,,,,,,,,,,,,,,,,,,,,,,,,,,,,,,,,,,,,,,,,464.22167133298353,464.2306227909867,464.97119008298614,464.97119008298614,464.97119008298614,465.044827582984,465.044827582984,465.044827582984,465.2637265409867,period,1.0282106669910718,None,465.26382879097946,465.26387158298166,None,,,,,,,,,,,,21049980,0,2025-12-19_13h26.19.902,tilt_mocs,2024.2.4,118.6912514243581,2025-12-19 13h27.13.083545 -0500,
4,0.0,,272,272,0,,,,,0,100,,,,,c+4,noss,0.5,period,0.8076717079966329,None,None,,,,,,,,,,,0,272,272,680,465.27424608299043,,,,,,,,,,,,,,,,,,,,,,,,,,,,,,,,,,,,,,,,,,,,,,,,,,,,,,,,,,,,,,,,,,,,,,465.2658357079781,465.27424608299043,465.7599840829789,465.7599840829789,465.7599840829789,465.8335060410027,465.8335060410027,465.8335060410027,466.08723387500504,period,0.8076717079966329,None,466.0873591659765,466.08741383298184,None,,,,,,,,,,,,21049980,0,2025-12-19_13h26.19.902,tilt_mocs,2024.2.4,118.6912514243581,2025-12-19 13h27.13.083545 -0500,
0,15.0,,273,273,0,,,,,100,0,,,,,c+0,poss,0.5,period,0.7643286249949597,None,None,,,,,,,,,,,0,273,273,50,466.0979126659804,,,,,,,,,,,,,,,,,,,,,,,,,,,,,,,,,,,,,,,,,,,,,,,,,,,,,,,,,,,,,,,,,,,,,,466.08977470800164,466.0979126659804,466.58763924997766,466.58763924997766,466.58763924997766,466.6615818749997,466.6615818749997,466.6615818749997,466.87439629097935,period,0.7643286249949597,None,466.87449404099607,466.87453579099383,None,,,,,,,,,,,,21049980,0,2025-12-19_13h26.19.902,tilt_mocs,2024.2.4,118.6912514243581,2025-12-19 13h27.13.083545 -0500,
-8,-15.0,,274,274,0,,,,,100,0,,,,,c-8,negs,1.25,z,1.6782607909990475,None,None,,,,,,,,,,,0,274,274,286,466.88095337498817,,,,,,,,,,,,,,,,,,,,,,,,,,,,,,,,,,,,,,,,,,,,,,,,,,,,,,,,,,,,,,,,,,,,,,466.8764959159889,466.88095337498817,468.1203774159949,468.1203774159949,468.1203774159949,468.194998166,468.194998166,468.194998166,468.5644724579761,z,1.6782607909990475,None,468.56461145798676,468.5646682079823,None,,,,,,,,,,,,21049980,0,2025-12-19_13h26.19.902,tilt_mocs,2024.2.4,118.6912514243581,2025-12-19 13h27.13.083545 -0500,
-2,15.0,,275,275,0,,,,,100,0,,,,,c-2,poss,0.5,z,0.929461416992126,None,None,,,,,,,,,,,0,275,275,3,468.5761322909966,,,,,,,,,,,,,,,,,,,,,,,,,,,,,,,,,,,,,,,,,,,,,,,,,,,,,,,,,,,,,,,,,,,,,,468.5668203329842,468.5761322909966,469.06109091598773,469.06109091598773,469.06109091598773,469.13375491599436,469.13375491599436,469.13375491599436,469.51507329099695,z,0.929461416992126,None,469.51521258297726,469.51527274999535,None,,,,,,,,,,,,21049980,0,2025-12-19_13h26.19.902,tilt_mocs,2024.2.4,118.6912514243581,2025-12-19 13h27.13.083545 -0500,
-6,-15.0,,276,276,0,,,,,100,0,,,,,c-6,negs,1.0,z,1.852012791991001,None,None,,,,,,,,,,,0,276,276,322,469.5263096249837,,,,,,,,,,,,,,,,,,,,,,,,,,,,,,,,,,,,,,,,,,,,,,,,,,,,,,,,,,,,,,,,,,,,,,469.5175024999771,469.5263096249837,470.51144824997755,470.51144824997755,470.51144824997755,470.58324954099953,470.58324954099953,470.58324954099953,471.3808225829853,z,1.852012791991001,None,471.3809576659987,471.3810144159943,None,,,,,,,,,,,,21049980,0,2025-12-19_13h26.19.902,tilt_mocs,2024.2.4,118.6912514243581,2025-12-19 13h27.13.083545 -0500,
4,0.0,,277,277,0,,,,,0,100,,,,,c+4,noss,0.5,z,0.8913119159988128,None,None,,,,,,,,,,,0,277,277,678,471.3926019159844,,,,,,,,,,,,,,,,,,,,,,,,,,,,,,,,,,,,,,,,,,,,,,,,,,,,,,,,,,,,,,,,,,,,,,471.38362166599836,471.3926019159844,471.878036915994,471.878036915994,471.878036915994,471.9499280829914,471.9499280829914,471.9499280829914,472.28699995798524,z,0.8913119159988128,None,472.2870965409966,472.28714154099,None,,,,,,,,,,,,21049980,0,2025-12-19_13h26.19.902,tilt_mocs,2024.2.4,118.6912514243581,2025-12-19 13h27.13.083545 -0500,
4,0.0,,278,278,0,,,,,0,100,,,,,c+4,noss,0.75,period,0.16501516601420008,None,None,,,,,,,,,,,0,278,278,687,472.297669874999,,,,,,,,,,,,,,,,,,,,,,,,,,,,,,,,,,,,,,,,,,,,,,,,,,,,,,,,,,,,,,,,,,,,,,472.28910933298175,472.297669874999,,,,,,,472.4680999160046,period,0.16501516601420008,None,472.4682397909928,472.4683222079766,None,,,,,,,,,,,,21049980,0,2025-12-19_13h26.19.902,tilt_mocs,2024.2.4,118.6912514243581,2025-12-19 13h27.13.083545 -0500,
0,0.0,,279,279,0,,,,,0,100,,,,,c+0,noss,0.5,period,0.8784141249780077,None,None,,,,,,,,,,,0,279,279,593,472.49482687498676,,,,,,,,,,,,,,,,,,,,,,,,,,,,,,,,,,,,,,,,,,,,,,,,,,,,,,,,,,,,,,,,,,,,,,472.4707391659904,472.49482687498676,472.97022666598787,472.97022666598787,472.97022666598787,473.0451409579837,473.0451409579837,473.0451409579837,473.38109804099076,period,0.8784141249780077,None,473.38126483297674,473.38132704098825,None,,,,,,,,,,,,21049980,0,2025-12-19_13h26.19.902,tilt_mocs,2024.2.4,118.6912514243581,2025-12-19 13h27.13.083545 -0500,
6,15.0,,280,280,0,,,,,100,0,,,,,c+6,poss,0.5,period,1.0023072079929989,None,None,,,,,,,,,,,0,280,280,171,473.3928212909959,,,,,,,,,,,,,,,,,,,,,,,,,,,,,,,,,,,,,,,,,,,,,,,,,,,,,,,,,,,,,,,,,,,,,,473.38403254098375,473.3928212909959,473.87800795800285,473.87800795800285,473.87800795800285,473.95129145798273,473.95129145798273,473.95129145798273,474.3978636660031,period,1.0023072079929989,None,474.398011332989,474.39806783298263,None,,,,,,,,,,,,21049980,0,2025-12-19_13h26.19.902,tilt_mocs,2024.2.4,118.6912514243581,2025-12-19 13h27.13.083545 -0500,
4,15.0,,281,281,0,,,,,100,0,,,,,c+4,poss,0.75,period,1.1066384580044542,None,None,,,,,,,,,,,0,281,281,144,474.4094320409931,,,,,,,,,,,,,,,,,,,,,,,,,,,,,,,,,,,,,,,,,,,,,,,,,,,,,,,,,,,,,,,,,,,,,,474.40038041598746,474.4094320409931,475.1446910829982,475.1446910829982,475.1446910829982,475.2168056249793,475.2168056249793,475.2168056249793,475.5194072079903,period,1.1066384580044542,None,475.5195055829827,475.51954758298234,None,,,,,,,,,,,,21049980,0,2025-12-19_13h26.19.902,tilt_mocs,2024.2.4,118.6912514243581,2025-12-19 13h27.13.083545 -0500,
0,15.0,,282,282,0,,,,,100,0,,,,,c+0,poss,1.0,period,1.2096823749889154,None,None,,,,,,,,,,,0,282,282,64,475.53013645799365,,,,,,,,,,,,,,,,,,,,,,,,,,,,,,,,,,,,,,,,,,,,,,,,,,,,,,,,,,,,,,,,,,,,,,475.5214639999904,475.53013645799365,476.5205997909943,476.5205997909943,476.5205997909943,476.5955513329827,476.5955513329827,476.5955513329827,476.74820016598096,period,1.2096823749889154,None,476.7483392499853,476.7483990000037,None,,,,,,,,,,,,21049980,0,2025-12-19_13h26.19.902,tilt_mocs,2024.2.4,118.6912514243581,2025-12-19 13h27.13.083545 -0500,
4,0.0,,283,283,0,,,,,0,100,,,,,c+4,noss,0.75,period,1.0716745420068037,None,None,,,,,,,,,,,0,283,283,691,476.7595849579957,,,,,,,,,,,,,,,,,,,,,,,,,,,,,,,,,,,,,,,,,,,,,,,,,,,,,,,,,,,,,,,,,,,,,,476.75061925000045,476.7595849579957,477.49475554100354,477.49475554100354,477.49475554100354,477.56737662499654,477.56737662499654,477.56737662499654,477.83588649999,period,1.0716745420068037,None,477.8360120829893,477.8360667079978,None,,,,,,,,,,,,21049980,0,2025-12-19_13h26.19.902,tilt_mocs,2024.2.4,118.6912514243581,2025-12-19 13h27.13.083545 -0500,
2,-15.0,,284,284,0,,,,,100,0,,,,,c+2,negs,0.75,period,1.0224217920040246,None,None,,,,,,,,,,,0,284,284,483,477.84709408300114,,,,,,,,,,,,,,,,,,,,,,,,,,,,,,,,,,,,,,,,,,,,,,,,,,,,,,,,,,,,,,,,,,,,,,477.8382712499879,477.84709408300114,478.57819795797695,478.57819795797695,478.57819795797695,478.65002845798153,478.65002845798153,478.65002845798153,478.879757082992,period,1.0224217920040246,None,478.87986804099637,478.87991154097836,None,,,,,,,,,,,,21049980,0,2025-12-19_13h26.19.902,tilt_mocs,2024.2.4,118.6912514243581,2025-12-19 13h27.13.083545 -0500,
-4,-15.0,,285,285,0,,,,,100,0,,,,,c-4,negs,0.5,period,0.7833508330222685,None,None,,,,,,,,,,,0,285,285,344,478.8902555409877,,,,,,,,,,,,,,,,,,,,,,,,,,,,,,,,,,,,,,,,,,,,,,,,,,,,,,,,,,,,,,,,,,,,,,478.8818308329792,478.8902555409877,479.37830158299766,479.37830158299766,479.37830158299766,479.4502543749986,479.4502543749986,479.4502543749986,479.68116266597644,period,0.7833508330222685,None,479.6812890409783,479.68134379098774,None,,,,,,,,,,,,21049980,0,2025-12-19_13h26.19.902,tilt_mocs,2024.2.4,118.6912514243581,2025-12-19 13h27.13.083545 -0500,
6,15.0,,286,286,0,,,,,100,0,,,,,c+6,poss,1.0,period,1.314167834003456,None,None,,,,,,,,,,,0,286,286,194,479.69214091598406,,,,,,,,,,,,,,,,,,,,,,,,,,,,,,,,,,,,,,,,,,,,,,,,,,,,,,,,,,,,,,,,,,,,,,479.68342699998175,479.69214091598406,480.678222165996,480.678222165996,480.678222165996,480.7505652499967,480.7505652499967,480.7505652499967,481.0142816249863,period,1.314167834003456,None,481.01443645800464,481.01449375000084,None,,,,,,,,,,,,21049980,0,2025-12-19_13h26.19.902,tilt_mocs,2024.2.4,118.6912514243581,2025-12-19 13h27.13.083545 -0500,
-4,-15.0,,287,287,0,,,,,100,0,,,,,c-4,negs,0.75,period,1.0029856250039302,None,None,,,,,,,,,,,0,287,287,347,481.02659079097793,,,,,,,,,,,,,,,,,,,,,,,,,,,,,,,,,,,,,,,,,,,,,,,,,,,,,,,,,,,,,,,,,,,,,,481.0172303750005,481.02659079097793,481.76168162497925,481.76168162497925,481.76168162497925,481.8339982079924,481.8339982079924,481.8339982079924,482.0408316249959,period,1.0029856250039302,None,482.04093133300194,482.0409752499836,None,,,,,,,,,,,,21049980,0,2025-12-19_13h26.19.902,tilt_mocs,2024.2.4,118.6912514243581,2025-12-19 13h27.13.083545 -0500,
8,15.0,,288,288,0,,,,,100,0,,,,,c+8,poss,0.75,period,1.2076609999930952,None,None,,,,,,,,,,,0,288,288,226,482.04761249999865,,,,,,,,,,,,,,,,,,,,,,,,,,,,,,,,,,,,,,,,,,,,,,,,,,,,,,,,,,,,,,,,,,,,,,482.04296787499334,482.04761249999865,482.787574957998,482.787574957998,482.787574957998,482.862210124993,482.862210124993,482.862210124993,483.2643836249772,period,1.2076609999930952,None,483.26450304099126,483.2645558329823,None,,,,,,,,,,,,21049980,0,2025-12-19_13h26.19.902,tilt_mocs,2024.2.4,118.6912514243581,2025-12-19 13h27.13.083545 -0500,
0,-15.0,,289,289,0,,,,,100,0,,,,,c+0,negs,0.75,period,1.1042460830067284,None,None,,,,,,,,,,,0,289,289,433,483.27554579099524,,,,,,,,,,,,,,,,,,,,,,,,,,,,,,,,,,,,,,,,,,,,,,,,,,,,,,,,,,,,,,,,,,,,,,483.2666122499795,483.27554579099524,484.01089637499535,484.01089637499535,484.01089637499535,484.0839527079952,484.0839527079952,484.0839527079952,484.3916394999833,period,1.1042460830067284,None,484.3917363329965,484.39177749998635,None,,,,,,,,,,,,21049980,0,2025-12-19_13h26.19.902,tilt_mocs,2024.2.4,118.6912514243581,2025-12-19 13h27.13.083545 -0500,
-2,-15.0,,290,290,0,,,,,100,0,,,,,c-2,negs,1.25,period,1.597764666978037,None,None,,,,,,,,,,,0,290,290,417,484.39820091598085,,,,,,,,,,,,,,,,,,,,,,,,,,,,,,,,,,,,,,,,,,,,,,,,,,,,,,,,,,,,,,,,,,,,,,484.39372679099324,484.39820091598085,485.6374793330033,485.6374793330033,485.6374793330033,485.71232674998464,485.71232674998464,485.71232674998464,485.99858149999636,period,1.597764666978037,None,485.998808290984,485.998890124989,None,,,,,,,,,,,,21049980,0,2025-12-19_13h26.19.902,tilt_mocs,2024.2.4,118.6912514243581,2025-12-19 13h27.13.083545 -0500,
-2,15.0,,291,291,0,,,,,100,0,,,,,c-2,poss,0.75,period,1.0444369589968119,None,None,,,,,,,,,,,0,291,291,13,486.0102824579808,,,,,,,,,,,,,,,,,,,,,,,,,,,,,,,,,,,,,,,,,,,,,,,,,,,,,,,,,,,,,,,,,,,,,,486.0014532909845,486.0102824579808,486.74532829099917,486.74532829099917,486.74532829099917,486.8170130829967,486.8170130829967,486.8170130829967,487.06489262499963,period,1.0444369589968119,None,487.0650526660029,487.0651117079833,None,,,,,,,,,,,,21049980,0,2025-12-19_13h26.19.902,tilt_mocs,2024.2.4,118.6912514243581,2025-12-19 13h27.13.083545 -0500,
4,15.0,,292,292,0,,,,,100,0,,,,,c+4,poss,0.75,period,1.1019659169833176,None,None,,,,,,,,,,,0,292,292,139,487.07729004099383,,,,,,,,,,,,,,,,,,,,,,,,,,,,,,,,,,,,,,,,,,,,,,,,,,,,,,,,,,,,,,,,,,,,,,487.0681458329782,487.07729004099383,487.81181191597716,487.81181191597716,487.81181191597716,487.88404870798695,487.88404870798695,487.88404870798695,488.1820314579818,period,1.1019659169833176,None,488.18218929099385,488.1822527079785,None,,,,,,,,,,,,21049980,0,2025-12-19_13h26.19.902,tilt_mocs,2024.2.4,118.6912514243581,2025-12-19 13h27.13.083545 -0500,
2,0.0,,293,293,0,,,,,0,100,,,,,c+2,noss,0.5,period,1.0371710000035819,None,None,,,,,,,,,,,0,293,293,634,488.1942374999926,,,,,,,,,,,,,,,,,,,,,,,,,,,,,,,,,,,,,,,,,,,,,,,,,,,,,,,,,,,,,,,,,,,,,,488.1850001249986,488.1942374999926,488.6785712080018,488.6785712080018,488.6785712080018,488.75057479098905,488.75057479098905,488.75057479098905,489.2376103749848,period,1.0371710000035819,None,489.23777379098465,489.23782937499345,None,,,,,,,,,,,,21049980,0,2025-12-19_13h26.19.902,tilt_mocs,2024.2.4,118.6912514243581,2025-12-19 13h27.13.083545 -0500,
-2,-15.0,,294,294,0,,,,,100,0,,,,,c-2,negs,1.0,period,1.2660432500124443,None,None,,,,,,,,,,,0,294,294,402,489.24864879099187,,,,,,,,,,,,,,,,,,,,,,,,,,,,,,,,,,,,,,,,,,,,,,,,,,,,,,,,,,,,,,,,,,,,,,489.2403454579762,489.24864879099187,490.2377670829883,490.2377670829883,490.2377670829883,490.31224812500295,490.31224812500295,490.31224812500295,490.5209141660016,period,1.2660432500124443,None,490.5210472079925,490.52110524999443,None,,,,,,,,,,,,21049980,0,2025-12-19_13h26.19.902,tilt_mocs,2024.2.4,118.6912514243581,2025-12-19 13h27.13.083545 -0500,
0,15.0,,295,295,0,,,,,100,0,,,,,c+0,poss,1.0,z,1.5365159589855466,None,None,,,,,,,,,,,0,295,295,71,490.5317971659824,,,,,,,,,,,,,,,,,,,,,,,,,,,,,,,,,,,,,,,,,,,,,,,,,,,,,,,,,,,,,,,,,,,,,,490.52326429099776,490.5317971659824,491.52229041600367,491.52229041600367,491.52229041600367,491.59473183299997,491.59473183299997,491.59473183299997,492.081615040981,z,1.5365159589855466,None,492.08174166598474,492.08179779100465,None,,,,,,,,,,,,21049980,0,2025-12-19_13h26.19.902,tilt_mocs,2024.2.4,118.6912514243581,2025-12-19 13h27.13.083545 -0500,
6,15.0,,296,296,0,,,,,100,0,,,,,c+6,poss,0.5,period,0.9963448329945095,None,None,,,,,,,,,,,0,296,296,175,492.0936589159828,,,,,,,,,,,,,,,,,,,,,,,,,,,,,,,,,,,,,,,,,,,,,,,,,,,,,,,,,,,,,,,,,,,,,,492.0846278749814,492.0936589159828,492.57868745797896,492.57868745797896,492.57868745797896,492.6504857079999,492.6504857079999,492.6504857079999,493.0984671659826,period,0.9963448329945095,None,493.09874354099156,493.0988509999879,None,,,,,,,,,,,,21049980,0,2025-12-19_13h26.19.902,tilt_mocs,2024.2.4,118.6912514243581,2025-12-19 13h27.13.083545 -0500,
-2,15.0,,297,297,0,,,,,100,0,,,,,c-2,poss,1.25,period,1.555936707998626,None,None,,,,,,,,,,,0,297,297,36,493.1102730409766,,,,,,,,,,,,,,,,,,,,,,,,,,,,,,,,,,,,,,,,,,,,,,,,,,,,,,,,,,,,,,,,,,,,,,493.1013947079773,493.1102730409766,494.3455077910039,494.3455077910039,494.3455077910039,494.4175992909877,494.4175992909877,494.4175992909877,494.6701935000019,period,1.555936707998626,None,494.6703200409829,494.67037325000274,None,,,,,,,,,,,,21049980,0,2025-12-19_13h26.19.902,tilt_mocs,2024.2.4,118.6912514243581,2025-12-19 13h27.13.083545 -0500,
-6,-15.0,,298,298,0,,,,,100,0,,,,,c-6,negs,0.5,z,1.131119708006736,None,None,,,,,,,,,,,0,298,298,300,494.6813797079958,,,,,,,,,,,,,,,,,,,,,,,,,,,,,,,,,,,,,,,,,,,,,,,,,,,,,,,,,,,,,,,,,,,,,,494.67233170798863,494.6813797079958,495.1719831249793,495.1719831249793,495.1719831249793,495.24606533299084,495.24606533299084,495.24606533299084,495.81511758299894,z,1.131119708006736,None,495.81524287498905,495.81529583298834,None,,,,,,,,,,,,21049980,0,2025-12-19_13h26.19.902,tilt_mocs,2024.2.4,118.6912514243581,2025-12-19 13h27.13.083545 -0500,
-2,15.0,,299,299,0,,,,,100,0,,,,,c-2,poss,1.25,z,1.699531374993967,None,None,,,,,,,,,,,0,299,299,39,495.8263088329986,,,,,,,,,,,,,,,,,,,,,,,,,,,,,,,,,,,,,,,,,,,,,,,,,,,,,,,,,,,,,,,,,,,,,,495.81778195800143,495.8263088329986,497.0621786249976,497.0621786249976,497.0621786249976,497.13430729098036,497.13430729098036,497.13430729098036,497.53155195800355,z,1.699531374993967,None,497.53167579098954,497.53172995799105,None,,,,,,,,,,,,21049980,0,2025-12-19_13h26.19.902,tilt_mocs,2024.2.4,118.6912514243581,2025-12-19 13h27.13.083545 -0500,
-2,0.0,,300,300,0,,,,,0,100,,,,,c-2,noss,0.5,z,0.8889414580189623,None,space,1.2920412500097882,None,,,,,,,,,0,300,300,548,497.5427205829765,,,,,,,,,,,,,,,,,,,,,,,,,,,,,,,,,,,,,,,,,,,,,,,,,,,,,,,,,,,,,,,,,,,,,,497.5342457079969,497.5427205829765,498.0282129579864,498.0282129579864,498.0282129579864,498.10159095798736,498.10159095798736,498.10159095798736,498.4379684999876,z,0.8889414580189623,None,498.4381042079767,499.7482271659828,space,498.4478112499928,498.4478112499928,1.2920412500097882,None,,,,,,,,21049980,0,2025-12-19_13h26.19.902,tilt_mocs,2024.2.4,118.6912514243581,2025-12-19 13h27.13.083545 -0500,
-4,0.0,,301,301,0,,,,,0,100,,,,,c-4,noss,1.0,z,1.3280327919928823,None,None,,,,,,,,,,,0,301,301,527,499.75902020800277,,,,,,,,,,,,,,,,,,,,,,,,,,,,,,,,,,,,,,,,,,,,,,,,,,,,,,,,,,,,,,,,,,,,,,499.7504599999811,499.75902020800277,500.7457832499931,500.7457832499931,500.7457832499931,500.8180263329996,500.8180263329996,500.8180263329996,501.0983697499905,z,1.3280327919928823,None,501.0984995409963,501.09855608298676,None,,,,,,,,,,,,21049980,0,2025-12-19_13h26.19.902,tilt_mocs,2024.2.4,118.6912514243581,2025-12-19 13h27.13.083545 -0500,
-4,-15.0,,302,302,0,,,,,100,0,,,,,c-4,negs,0.75,z,1.010369208001066,None,None,,,,,,,,,,,0,302,302,348,501.1094872909889,,,,,,,,,,,,,,,,,,,,,,,,,,,,,,,,,,,,,,,,,,,,,,,,,,,,,,,,,,,,,,,,,,,,,,501.1009559999802,501.1094872909889,501.84576199998264,501.84576199998264,501.84576199998264,501.9179583329824,501.9179583329824,501.9179583329824,502.13188129098853,z,1.010369208001066,None,502.13200379099,502.1320589160023,None,,,,,,,,,,,,21049980,0,2025-12-19_13h26.19.902,tilt_mocs,2024.2.4,118.6912514243581,2025-12-19 13h27.13.083545 -0500,
2,0.0,,303,303,0,,,,,0,100,,,,,c+2,noss,1.25,z,1.6156450000125915,None,None,,,,,,,,,,,0,303,303,665,502.1427191249968,,,,,,,,,,,,,,,,,,,,,,,,,,,,,,,,,,,,,,,,,,,,,,,,,,,,,,,,,,,,,,,,,,,,,,502.13419599999906,502.1427191249968,503.37904591599363,503.37904591599363,503.37904591599363,503.45155508298194,503.45155508298194,503.45155508298194,503.7651137909852,z,1.6156450000125915,None,503.7652438329824,503.76529762498103,None,,,,,,,,,,,,21049980,0,2025-12-19_13h26.19.902,tilt_mocs,2024.2.4,118.6912514243581,2025-12-19 13h27.13.083545 -0500,
-6,-15.0,,304,304,0,,,,,100,0,,,,,c-6,negs,0.5,period,0.03693320800084621,None,None,,,,,,,,,,,0,304,304,295,503.7760581249895,,,,,,,,,,,,,,,,,,,,,,,,,,,,,,,,,,,,,,,,,,,,,,,,,,,,,,,,,,,,,,,,,,,,,,503.7677943329909,503.7760581249895,,,,,,,503.8154486659914,period,0.03693320800084621,None,503.8155469579797,503.8155922909791,None,,,,,,,,,,,,21049980,0,2025-12-19_13h26.19.902,tilt_mocs,2024.2.4,118.6912514243581,2025-12-19 13h27.13.083545 -0500,
-4,0.0,,305,305,0,,,,,0,100,,,,,c-4,noss,1.0,z,1.3925050420220941,None,None,,,,,,,,,,,0,305,305,533,503.82572699998855,,,,,,,,,,,,,,,,,,,,,,,,,,,,,,,,,,,,,,,,,,,,,,,,,,,,,,,,,,,,,,,,,,,,,,503.81753079098416,503.82572699998855,504.812473915983,504.812473915983,504.812473915983,504.88439062499674,504.88439062499674,504.88439062499674,505.220715457981,z,1.3925050420220941,None,505.2208443330019,505.22089945798507,None,,,,,,,,,,,,21049980,0,2025-12-19_13h26.19.902,tilt_mocs,2024.2.4,118.6912514243581,2025-12-19 13h27.13.083545 -0500,
-2,0.0,,306,306,0,,,,,0,100,,,,,c-2,noss,1.25,z,1.6020667089906055,None,None,,,,,,,,,,,0,306,306,585,505.2319004999881,,,,,,,,,,,,,,,,,,,,,,,,,,,,,,,,,,,,,,,,,,,,,,,,,,,,,,,,,,,,,,,,,,,,,,505.2230279999785,505.2319004999881,506.47166937499424,506.47166937499424,506.47166937499424,506.54637554098736,506.54637554098736,506.54637554098736,506.83799087497755,z,1.6020667089906055,None,506.8381450409943,506.8382067909988,None,,,,,,,,,,,,21049980,0,2025-12-19_13h26.19.902,tilt_mocs,2024.2.4,118.6912514243581,2025-12-19 13h27.13.083545 -0500,
-2,15.0,,307,307,0,,,,,100,0,,,,,c-2,poss,1.25,z,1.6415652910072822,None,None,,,,,,,,,,,0,307,307,32,506.848703458003,,,,,,,,,,,,,,,,,,,,,,,,,,,,,,,,,,,,,,,,,,,,,,,,,,,,,,,,,,,,,,,,,,,,,,506.84043595800176,506.848703458003,508.0891982500034,508.0891982500034,508.0891982500034,508.1631243749871,508.1631243749871,508.1631243749871,508.4990723329829,z,1.6415652910072822,None,508.49924654100323,508.49932666600216,None,,,,,,,,,,,,21049980,0,2025-12-19_13h26.19.902,tilt_mocs,2024.2.4,118.6912514243581,2025-12-19 13h27.13.083545 -0500,
-2,15.0,,308,308,0,,,,,100,0,,,,,c-2,poss,0.75,z,1.6019577920087613,None,None,,,,,,,,,,,0,308,308,17,508.51146379098645,,,,,,,,,,,,,,,,,,,,,,,,,,,,,,,,,,,,,,,,,,,,,,,,,,,,,,,,,,,,,,,,,,,,,,508.5023190829961,508.51146379098645,509.24522154100123,509.24522154100123,509.24522154100123,509.3186654159799,509.3186654159799,509.3186654159799,510.1163507079764,z,1.6019577920087613,None,510.11648966599023,510.11654649997945,None,,,,,,,,,,,,21049980,0,2025-12-19_13h26.19.902,tilt_mocs,2024.2.4,118.6912514243581,2025-12-19 13h27.13.083545 -0500,
-2,-15.0,,309,309,0,,,,,100,0,,,,,c-2,negs,0.5,period,0.9359515419928357,None,None,,,,,,,,,,,0,309,309,386,510.1276305829815,,,,,,,,,,,,,,,,,,,,,,,,,,,,,,,,,,,,,,,,,,,,,,,,,,,,,,,,,,,,,,,,,,,,,,510.1187389160041,510.1276305829815,510.61205987498397,510.61205987498397,510.61205987498397,510.68576104097883,510.68576104097883,510.68576104097883,511.06667054098216,period,0.9359515419928357,None,511.06682454099064,511.06691308299196,None,,,,,,,,,,,,21049980,0,2025-12-19_13h26.19.902,tilt_mocs,2024.2.4,118.6912514243581,2025-12-19 13h27.13.083545 -0500,
2,15.0,,310,310,0,,,,,100,0,,,,,c+2,poss,0.75,period,1.1047423330019228,None,None,,,,,,,,,,,0,310,310,97,511.0781876249821,,,,,,,,,,,,,,,,,,,,,,,,,,,,,,,,,,,,,,,,,,,,,,,,,,,,,,,,,,,,,,,,,,,,,,511.06923449999886,511.0781876249821,511.8126767909853,511.8126767909853,511.8126767909853,511.884860457998,511.884860457998,511.884860457998,512.1887658329797,period,1.1047423330019228,None,512.1888827499934,512.1889384579845,None,,,,,,,,,,,,21049980,0,2025-12-19_13h26.19.902,tilt_mocs,2024.2.4,118.6912514243581,2025-12-19 13h27.13.083545 -0500,
0,15.0,,311,311,0,,,,,100,0,,,,,c+0,poss,0.75,z,1.3060044999874663,None,None,,,,,,,,,,,0,311,311,59,512.1995628330042,,,,,,,,,,,,,,,,,,,,,,,,,,,,,,,,,,,,,,,,,,,,,,,,,,,,,,,,,,,,,,,,,,,,,,512.1913825410011,512.1995628330042,512.9383970829949,512.9383970829949,512.9383970829949,513.012181832979,513.012181832979,513.012181832979,513.5154984160035,z,1.3060044999874663,None,513.5156286249985,513.5157009999966,None,,,,,,,,,,,,21049980,0,2025-12-19_13h26.19.902,tilt_mocs,2024.2.4,118.6912514243581,2025-12-19 13h27.13.083545 -0500,
0,-15.0,,312,312,0,,,,,100,0,,,,,c+0,negs,0.75,z,1.1046214170055464,None,None,,,,,,,,,,,0,312,312,436,513.5264891659899,,,,,,,,,,,,,,,,,,,,,,,,,,,,,,,,,,,,,,,,,,,,,,,,,,,,,,,,,,,,,,,,,,,,,,513.5178219160007,513.5264891659899,514.262818999996,514.262818999996,514.262818999996,514.3362497909984,514.3362497909984,514.3362497909984,514.6373319999839,z,1.1046214170055464,None,514.6374393749866,514.6374814579904,None,,,,,,,,,,,,21049980,0,2025-12-19_13h26.19.902,tilt_mocs,2024.2.4,118.6912514243581,2025-12-19 13h27.13.083545 -0500,
-2,15.0,,313,313,0,,,,,100,0,,,,,c-2,poss,0.75,z,1.1816757500055246,None,None,,,,,,,,,,,0,313,313,15,514.6487754999835,,,,,,,,,,,,,,,,,,,,,,,,,,,,,,,,,,,,,,,,,,,,,,,,,,,,,,,,,,,,,,,,,,,,,,514.6394599579799,514.6487754999835,515.3892165409925,515.3892165409925,515.3892165409925,515.4634771249839,515.4634771249839,515.4634771249839,515.8333302910032,z,1.1816757500055246,None,515.8334692079807,515.8335473329935,None,,,,,,,,,,,,21049980,0,2025-12-19_13h26.19.902,tilt_mocs,2024.2.4,118.6912514243581,2025-12-19 13h27.13.083545 -0500,
0,15.0,,314,314,0,,,,,100,0,,,,,c+0,poss,0.75,z,1.2107448750175536,None,None,,,,,,,,,,,0,314,314,63,515.845056332997,,,,,,,,,,,,,,,,,,,,,,,,,,,,,,,,,,,,,,,,,,,,,,,,,,,,,,,,,,,,,,,,,,,,,,515.8359214160009,515.845056332997,516.579482125002,516.579482125002,516.579482125002,516.6518743329798,516.6518743329798,516.6518743329798,517.0656732499774,z,1.2107448750175536,None,517.065801040997,517.0658557909774,None,,,,,,,,,,,,21049980,0,2025-12-19_13h26.19.902,tilt_mocs,2024.2.4,118.6912514243581,2025-12-19 13h27.13.083545 -0500,
0,-15.0,,315,315,0,,,,,100,0,,,,,c+0,negs,0.75,period,1.1803534580103587,None,None,,,,,,,,,,,0,315,315,432,517.0768189159862,,,,,,,,,,,,,,,,,,,,,,,,,,,,,,,,,,,,,,,,,,,,,,,,,,,,,,,,,,,,,,,,,,,,,,517.0681340409792,517.0768189159862,517.8129649159964,517.8129649159964,517.8129649159964,517.8852668329782,517.8852668329782,517.8852668329782,518.2657960829965,period,1.1803534580103587,None,518.2659243749804,518.265978957992,None,,,,,,,,,,,,21049980,0,2025-12-19_13h26.19.902,tilt_mocs,2024.2.4,118.6912514243581,2025-12-19 13h27.13.083545 -0500,
-8,-15.0,,316,316,0,,,,,100,0,,,,,c-8,negs,0.75,z,1.0603007500176318,None,None,,,,,,,,,,,0,316,316,269,518.2768978749809,,,,,,,,,,,,,,,,,,,,,,,,,,,,,,,,,,,,,,,,,,,,,,,,,,,,,,,,,,,,,,,,,,,,,,518.268206290988,518.2768978749809,519.0130379579787,519.0130379579787,519.0130379579787,519.0860610409873,519.0860610409873,519.0860610409873,519.3402333749982,z,1.0603007500176318,None,519.3403998749855,519.3404577079928,None,,,,,,,,,,,,21049980,0,2025-12-19_13h26.19.902,tilt_mocs,2024.2.4,118.6912514243581,2025-12-19 13h27.13.083545 -0500,
-4,0.0,,317,317,0,,,,,0,100,,,,,c-4,noss,0.5,z,0.889491750014713,None,None,,,,,,,,,,,0,317,317,508,519.3520544999919,,,,,,,,,,,,,,,,,,,,,,,,,,,,,,,,,,,,,,,,,,,,,,,,,,,,,,,,,,,,,,,,,,,,,,519.3438117909827,519.3520544999919,519.8396162909921,519.8396162909921,519.8396162909921,519.9135474159848,519.9135474159848,519.9135474159848,520.2493501249992,z,0.889491750014713,None,520.2494998329785,520.249554457987,None,,,,,,,,,,,,21049980,0,2025-12-19_13h26.19.902,tilt_mocs,2024.2.4,118.6912514243581,2025-12-19 13h27.13.083545 -0500,
-2,15.0,,318,318,0,,,,,100,0,,,,,c-2,poss,0.75,period,1.1142192500119563,None,None,,,,,,,,,,,0,318,318,20,520.2602954579925,,,,,,,,,,,,,,,,,,,,,,,,,,,,,,,,,,,,,,,,,,,,,,,,,,,,,,,,,,,,,,,,,,,,,,520.2518193330034,520.2602954579925,520.9964275829843,520.9964275829843,520.9964275829843,521.06823325,521.06823325,521.06823325,521.3822576660023,period,1.1142192500119563,None,521.3823846659798,521.3824309999763,None,,,,,,,,,,,,21049980,0,2025-12-19_13h26.19.902,tilt_mocs,2024.2.4,118.6912514243581,2025-12-19 13h27.13.083545 -0500,
2,0.0,,319,319,0,,,,,0,100,,,,,c+2,noss,1.0,period,1.5151472500001546,None,None,,,,,,,,,,,0,319,319,652,521.3931027909857,,,,,,,,,,,,,,,,,,,,,,,,,,,,,,,,,,,,,,,,,,,,,,,,,,,,,,,,,,,,,,,,,,,,,,521.3844012079935,521.3931027909857,522.3797927499982,522.3797927499982,522.3797927499982,522.4524609999789,522.4524609999789,522.4524609999789,522.9159596659883,period,1.5151472500001546,None,522.9161704159924,522.916260790982,None,,,,,,,,,,,,21049980,0,2025-12-19_13h26.19.902,tilt_mocs,2024.2.4,118.6912514243581,2025-12-19 13h27.13.083545 -0500,
0,0.0,,320,320,0,,,,,0,100,,,,,c+0,noss,0.5,z,0.9783812919922639,None,None,,,,,,,,,,,0,320,320,590,522.927684166003,,,,,,,,,,,,,,,,,,,,,,,,,,,,,,,,,,,,,,,,,,,,,,,,,,,,,,,,,,,,,,,,,,,,,,522.918749082979,522.927684166003,523.4134145829885,523.4134145829885,523.4134145829885,523.4852723329968,523.4852723329968,523.4852723329968,523.9160413329955,z,0.9783812919922639,None,523.9161680410034,523.9162217080011,None,,,,,,,,,,,,21049980,0,2025-12-19_13h26.19.902,tilt_mocs,2024.2.4,118.6912514243581,2025-12-19 13h27.13.083545 -0500,
0,-15.0,,321,321,0,,,,,100,0,,,,,c+0,negs,1.0,period,1.4288329579867423,None,None,,,,,,,,,,,0,321,321,446,523.9276445409923,,,,,,,,,,,,,,,,,,,,,,,,,,,,,,,,,,,,,,,,,,,,,,,,,,,,,,,,,,,,,,,,,,,,,,523.9188280829985,523.9276445409923,524.9132135410036,524.9132135410036,524.9132135410036,524.9868995829893,524.9868995829893,524.9868995829893,525.3657995829999,period,1.4288329579867423,None,525.3659233329818,525.3659775409906,None,,,,,,,,,,,,21049980,0,2025-12-19_13h26.19.902,tilt_mocs,2024.2.4,118.6912514243581,2025-12-19 13h27.13.083545 -0500,
8,15.0,,322,322,0,,,,,100,0,,,,,c+8,poss,0.75,period,1.1535577080212533,None,None,,,,,,,,,,,0,322,322,228,525.3775109999988,,,,,,,,,,,,,,,,,,,,,,,,,,,,,,,,,,,,,,,,,,,,,,,,,,,,,,,,,,,,,,,,,,,,,,525.3684808329854,525.3775109999988,526.1132588329783,526.1132588329783,526.1132588329783,526.1856773329782,526.1856773329782,526.1856773329782,526.5339021249965,period,1.1535577080212533,None,526.5341573749902,526.5342557499825,None,,,,,,,,,,,,21049980,0,2025-12-19_13h26.19.902,tilt_mocs,2024.2.4,118.6912514243581,2025-12-19 13h27.13.083545 -0500,
-2,-15.0,,323,323,0,,,,,100,0,,,,,c-2,negs,0.5,period,0.9458870840026066,None,None,,,,,,,,,,,0,323,323,382,526.5459621659829,,,,,,,,,,,,,,,,,,,,,,,,,,,,,,,,,,,,,,,,,,,,,,,,,,,,,,,,,,,,,,,,,,,,,,526.5367716659966,526.5459621659829,527.0299953329959,527.0299953329959,527.0299953329959,527.102236665989,527.102236665989,527.102236665989,527.4993230410037,period,0.9458870840026066,None,527.4994797499967,527.4995417909813,None,,,,,,,,,,,,21049980,0,2025-12-19_13h26.19.902,tilt_mocs,2024.2.4,118.6912514243581,2025-12-19 13h27.13.083545 -0500,
4,0.0,,324,324,0,,,,,0,100,,,,,c+4,noss,0.5,period,0.8528809580020607,None,None,,,,,,,,,,,0,324,324,674,527.5114557499764,,,,,,,,,,,,,,,,,,,,,,,,,,,,,,,,,,,,,,,,,,,,,,,,,,,,,,,,,,,,,,,,,,,,,,527.502287499985,527.5114557499764,527.9966038329876,527.9966038329876,527.9966038329876,528.0695957499847,528.0695957499847,528.0695957499847,528.3673760409874,period,0.8528809580020607,None,528.3675186659966,528.3675878329959,None,,,,,,,,,,,,21049980,0,2025-12-19_13h26.19.902,tilt_mocs,2024.2.4,118.6912514243581,2025-12-19 13h27.13.083545 -0500,
0,-15.0,,325,325,0,,,,,100,0,,,,,c+0,negs,1.25,period,1.611739750020206,None,None,,,,,,,,,,,0,325,325,452,528.3782538329833,,,,,,,,,,,,,,,,,,,,,,,,,,,,,,,,,,,,,,,,,,,,,,,,,,,,,,,,,,,,,,,,,,,,,,528.3699184999859,528.3782538329833,529.6134072909772,529.6134072909772,529.6134072909772,529.6855412079894,529.6855412079894,529.6855412079894,529.9994655000046,period,1.611739750020206,None,529.999614957982,529.9996687079838,None,,,,,,,,,,,,21049980,0,2025-12-19_13h26.19.902,tilt_mocs,2024.2.4,118.6912514243581,2025-12-19 13h27.13.083545 -0500,
-8,-15.0,,326,326,0,,,,,100,0,,,,,c-8,negs,1.0,z,1.3752674999996088,None,None,,,,,,,,,,,0,326,326,279,530.0112337079772,,,,,,,,,,,,,,,,,,,,,,,,,,,,,,,,,,,,,,,,,,,,,,,,,,,,,,,,,,,,,,,,,,,,,,530.0023127079767,530.0112337079772,530.996401832992,530.996401832992,530.996401832992,531.0688018329965,531.0688018329965,531.0688018329965,531.3888045829954,z,1.3752674999996088,None,531.3889062079834,531.3889607079909,None,,,,,,,,,,,,21049980,0,2025-12-19_13h26.19.902,tilt_mocs,2024.2.4,118.6912514243581,2025-12-19 13h27.13.083545 -0500,
4,0.0,,327,327,0,,,,,0,100,,,,,c+4,noss,0.75,period,1.1416103329975158,None,None,,,,,,,,,,,0,327,327,683,531.3997769579873,,,,,,,,,,,,,,,,,,,,,,,,,,,,,,,,,,,,,,,,,,,,,,,,,,,,,,,,,,,,,,,,,,,,,,531.3909772079787,531.3997769579873,532.1399886249856,532.1399886249856,532.1399886249856,532.2139795830008,532.2139795830008,532.2139795830008,532.5495226659987,period,1.1416103329975158,None,532.5496448749909,532.549698916002,None,,,,,,,,,,,,21049980,0,2025-12-19_13h26.19.902,tilt_mocs,2024.2.4,118.6912514243581,2025-12-19 13h27.13.083545 -0500,
0,-15.0,,328,328,0,,,,,100,0,,,,,c+0,negs,1.25,period,1.6772652499785181,None,None,,,,,,,,,,,0,328,328,455,532.5609805409913,,,,,,,,,,,,,,,,,,,,,,,,,,,,,,,,,,,,,,,,,,,,,,,,,,,,,,,,,,,,,,,,,,,,,,532.5522240409919,532.5609805409913,533.7968589999946,533.7968589999946,533.7968589999946,533.8689711659972,533.8689711659972,533.8689711659972,534.2497934580024,period,1.6772652499785181,None,534.2499190410017,534.2499733330042,None,,,,,,,,,,,,21049980,0,2025-12-19_13h26.19.902,tilt_mocs,2024.2.4,118.6912514243581,2025-12-19 13h27.13.083545 -0500,
0,15.0,,329,329,0,,,,,100,0,,,,,c+0,poss,0.5,z,0.9503664170042612,None,None,,,,,,,,,,,0,329,329,52,534.2611219999962,,,,,,,,,,,,,,,,,,,,,,,,,,,,,,,,,,,,,,,,,,,,,,,,,,,,,,,,,,,,,,,,,,,,,,534.2523788329854,534.2611219999962,534.7469283749815,534.7469283749815,534.7469283749815,534.8185412499879,534.8185412499879,534.8185412499879,535.2164599579992,z,0.9503664170042612,None,535.2165651249816,535.2166085829958,None,,,,,,,,,,,,21049980,0,2025-12-19_13h26.19.902,tilt_mocs,2024.2.4,118.6912514243581,2025-12-19 13h27.13.083545 -0500,
2,0.0,,330,330,0,,,,,0,100,,,,,c+2,noss,0.5,period,0.8569147500093095,None,None,,,,,,,,,,,0,330,330,636,535.2273665409884,,,,,,,,,,,,,,,,,,,,,,,,,,,,,,,,,,,,,,,,,,,,,,,,,,,,,,,,,,,,,,,,,,,,,,535.2186185409955,535.2273665409884,535.7135595,535.7135595,535.7135595,535.7854787909891,535.7854787909891,535.7854787909891,536.0881568749901,period,0.8569147500093095,None,536.088280875003,536.0883357079874,None,,,,,,,,,,,,21049980,0,2025-12-19_13h26.19.902,tilt_mocs,2024.2.4,118.6912514243581,2025-12-19 13h27.13.083545 -0500,
-2,-15.0,,331,331,0,,,,,100,0,,,,,c-2,negs,1.25,period,1.804451790987514,None,None,,,,,,,,,,,0,331,331,419,536.0999627499841,,,,,,,,,,,,,,,,,,,,,,,,,,,,,,,,,,,,,,,,,,,,,,,,,,,,,,,,,,,,,,,,,,,,,,536.0909843329864,536.0999627499841,537.3405391659762,537.3405391659762,537.3405391659762,537.4143477079924,537.4143477079924,537.4143477079924,537.9074014579819,period,1.804451790987514,None,537.9075700409885,537.9076315409911,None,,,,,,,,,,,,21049980,0,2025-12-19_13h26.19.902,tilt_mocs,2024.2.4,118.6912514243581,2025-12-19 13h27.13.083545 -0500,
6,15.0,,332,332,0,,,,,100,0,,,,,c+6,poss,1.25,period,1.6626812919857912,None,None,,,,,,,,,,,0,332,332,203,537.9182410829817,,,,,,,,,,,,,,,,,,,,,,,,,,,,,,,,,,,,,,,,,,,,,,,,,,,,,,,,,,,,,,,,,,,,,,537.9102028329798,537.9182410829817,539.1570876250044,539.1570876250044,539.1570876250044,539.2309309160046,539.2309309160046,539.2309309160046,539.5836542079924,period,1.6626812919857912,None,539.5838479999802,539.5839357079822,None,,,,,,,,,,,,21049980,0,2025-12-19_13h26.19.902,tilt_mocs,2024.2.4,118.6912514243581,2025-12-19 13h27.13.083545 -0500,
-8,-15.0,,333,333,0,,,,,100,0,,,,,c-8,negs,0.75,z,1.1550464169995394,None,None,,,,,,,,,,,0,333,333,272,539.5957222080033,,,,,,,,,,,,,,,,,,,,,,,,,,,,,,,,,,,,,,,,,,,,,,,,,,,,,,,,,,,,,,,,,,,,,,539.5863680829934,539.5957222080033,540.3304813329887,540.3304813329887,540.3304813329887,540.4024087909784,540.4024087909784,540.4024087909784,540.756140707992,z,1.1550464169995394,None,540.7562657909875,540.7563235829875,None,,,,,,,,,,,,21049980,0,2025-12-19_13h26.19.902,tilt_mocs,2024.2.4,118.6912514243581,2025-12-19 13h27.13.083545 -0500,
2,15.0,,334,334,0,,,,,100,0,,,,,c+2,poss,0.5,z,1.1152752500202041,None,None,,,,,,,,,,,0,334,334,88,540.7670821249776,,,,,,,,,,,,,,,,,,,,,,,,,,,,,,,,,,,,,,,,,,,,,,,,,,,,,,,,,,,,,,,,,,,,,,540.7588607909856,540.7670821249776,541.2569035409833,541.2569035409833,541.2569035409833,541.3312000829901,541.3312000829901,541.3312000829901,541.8894724579877,z,1.1152752500202041,None,541.8895964580006,541.8896517079847,None,,,,,,,,,,,,21049980,0,2025-12-19_13h26.19.902,tilt_mocs,2024.2.4,118.6912514243581,2025-12-19 13h27.13.083545 -0500,
-4,0.0,,335,335,0,,,,,0,100,,,,,c-4,noss,1.25,z,1.6753661659895442,None,None,,,,,,,,,,,0,335,335,536,541.9005034999864,,,,,,,,,,,,,,,,,,,,,,,,,,,,,,,,,,,,,,,,,,,,,,,,,,,,,,,,,,,,,,,,,,,,,,541.8919405829802,541.9005034999864,543.139791790978,543.139791790978,543.139791790978,543.2143341249903,543.2143341249903,543.2143341249903,543.5833441249852,z,1.6753661659895442,None,543.5834521249926,543.5834962909867,None,,,,,,,,,,,,21049980,0,2025-12-19_13h26.19.902,tilt_mocs,2024.2.4,118.6912514243581,2025-12-19 13h27.13.083545 -0500,
0,0.0,,336,336,0,,,,,0,100,,,,,c+0,noss,0.75,z,1.0964948330074549,None,None,,,,,,,,,,,0,336,336,608,543.5942616249959,,,,,,,,,,,,,,,,,,,,,,,,,,,,,,,,,,,,,,,,,,,,,,,,,,,,,,,,,,,,,,,,,,,,,,543.5855141249776,543.5942616249959,544.3298322499904,544.3298322499904,544.3298322499904,544.4025795829948,544.4025795829948,544.4025795829948,544.7006749580032,z,1.0964948330074549,None,544.7008516249771,544.7009227910021,None,,,,,,,,,,,,21049980,0,2025-12-19_13h26.19.902,tilt_mocs,2024.2.4,118.6912514243581,2025-12-19 13h27.13.083545 -0500,
-2,15.0,,337,337,0,,,,,100,0,,,,,c-2,poss,1.0,z,1.4398712499823887,None,None,,,,,,,,,,,0,337,337,26,544.7129474579997,,,,,,,,,,,,,,,,,,,,,,,,,,,,,,,,,,,,,,,,,,,,,,,,,,,,,,,,,,,,,,,,,,,,,,544.7037485409819,544.7129474579997,545.6975716659799,545.6975716659799,545.6975716659799,545.7697729579813,545.7697729579813,545.7697729579813,546.1553499999864,z,1.4398712499823887,None,546.1554487909889,546.155491707992,None,,,,,,,,,,,,21049980,0,2025-12-19_13h26.19.902,tilt_mocs,2024.2.4,118.6912514243581,2025-12-19 13h27.13.083545 -0500,
4,15.0,,338,338,0,,,,,100,0,,,,,c+4,poss,0.75,period,1.1539036670001224,None,None,,,,,,,,,,,0,338,338,146,546.1665208749764,,,,,,,,,,,,,,,,,,,,,,,,,,,,,,,,,,,,,,,,,,,,,,,,,,,,,,,,,,,,,,,,,,,,,,546.1574723329977,546.1665208749764,546.9067625829775,546.9067625829775,546.9067625829775,546.9814016659802,546.9814016659802,546.9814016659802,547.3232004159945,period,1.1539036670001224,None,547.3234775000019,547.3235749999876,None,,,,,,,,,,,,21049980,0,2025-12-19_13h26.19.902,tilt_mocs,2024.2.4,118.6912514243581,2025-12-19 13h27.13.083545 -0500,
2,15.0,,339,339,0,,,,,100,0,,,,,c+2,poss,1.25,period,1.6560013330017682,None,None,,,,,,,,,,,0,339,339,121,547.3345199159812,,,,,,,,,,,,,,,,,,,,,,,,,,,,,,,,,,,,,,,,,,,,,,,,,,,,,,,,,,,,,,,,,,,,,,547.3260786249884,547.3345199159812,548.5733367909852,548.5733367909852,548.5733367909852,548.6479027909809,548.6479027909809,548.6479027909809,549.000142874982,period,1.6560013330017682,None,549.0002852909965,549.0003409999772,None,,,,,,,,,,,,21049980,0,2025-12-19_13h26.19.902,tilt_mocs,2024.2.4,118.6912514243581,2025-12-19 13h27.13.083545 -0500,
0,-15.0,,340,340,0,,,,,100,0,,,,,c+0,negs,1.25,period,1.67953574997955,None,None,,,,,,,,,,,0,340,340,457,549.011683040997,,,,,,,,,,,,,,,,,,,,,,,,,,,,,,,,,,,,,,,,,,,,,,,,,,,,,,,,,,,,,,,,,,,,,,549.0025324999879,549.011683040997,550.246561124979,550.246561124979,550.246561124979,550.3195874159865,550.3195874159865,550.3195874159865,550.700196040998,period,1.67953574997955,None,550.7003452909994,550.7004087499809,None,,,,,,,,,,,,21049980,0,2025-12-19_13h26.19.902,tilt_mocs,2024.2.4,118.6912514243581,2025-12-19 13h27.13.083545 -0500,
8,15.0,,341,341,0,,,,,100,0,,,,,c+8,poss,0.75,period,1.0810897089831997,None,None,,,,,,,,,,,0,341,341,230,550.7124345829943,,,,,,,,,,,,,,,,,,,,,,,,,,,,,,,,,,,,,,,,,,,,,,,,,,,,,,,,,,,,,,,,,,,,,,550.703246582998,550.7124345829943,551.4474692499789,551.4474692499789,551.4474692499789,551.5195469579776,551.5195469579776,551.5195469579776,551.800335582986,period,1.0810897089831997,None,551.8004648749775,551.8005192079872,None,,,,,,,,,,,,21049980,0,2025-12-19_13h26.19.902,tilt_mocs,2024.2.4,118.6912514243581,2025-12-19 13h27.13.083545 -0500,
2,0.0,,342,342,0,,,,,0,100,,,,,c+2,noss,1.0,period,1.4707551249885,None,None,,,,,,,,,,,0,342,342,659,551.8113939579925,,,,,,,,,,,,,,,,,,,,,,,,,,,,,,,,,,,,,,,,,,,,,,,,,,,,,,,,,,,,,,,,,,,,,,551.8027327909949,551.8113939579925,552.797592582996,552.797592582996,552.797592582996,552.8697225829819,552.8697225829819,552.8697225829819,553.2852360410034,period,1.4707551249885,None,553.285382165981,553.2854378329939,None,,,,,,,,,,,,21049980,0,2025-12-19_13h26.19.902,tilt_mocs,2024.2.4,118.6912514243581,2025-12-19 13h27.13.083545 -0500,
-2,0.0,,343,343,0,,,,,0,100,,,,,c-2,noss,0.5,z,1.0351587499899324,None,None,,,,,,,,,,,0,343,343,546,553.2964928330039,,,,,,,,,,,,,,,,,,,,,,,,,,,,,,,,,,,,,,,,,,,,,,,,,,,,,,,,,,,,,,,,,,,,,,553.2875917499769,553.2964928330039,553.7809759159863,553.7809759159863,553.7809759159863,553.8531257080031,553.8531257080031,553.8531257080031,554.3346835830016,z,1.0351587499899324,None,554.334871250001,554.3349285830045,None,,,,,,,,,,,,21049980,0,2025-12-19_13h26.19.902,tilt_mocs,2024.2.4,118.6912514243581,2025-12-19 13h27.13.083545 -0500,
-4,-15.0,,344,344,0,,,,,100,0,,,,,c-4,negs,1.25,z,1.5399687080061994,None,None,,,,,,,,,,,0,344,344,368,554.3462844159803,,,,,,,,,,,,,,,,,,,,,,,,,,,,,,,,,,,,,,,,,,,,,,,,,,,,,,,,,,,,,,,,,,,,,,554.3372234999842,554.3462844159803,555.5808838749945,555.5808838749945,555.5808838749945,555.6529663330002,555.6529663330002,555.6529663330002,555.8891983749927,z,1.5399687080061994,None,555.8892942499951,555.8893372079765,None,,,,,,,,,,,,21049980,0,2025-12-19_13h26.19.902,tilt_mocs,2024.2.4,118.6912514243581,2025-12-19 13h27.13.083545 -0500,
-2,-15.0,,345,345,0,,,,,100,0,,,,,c-2,negs,1.25,period,1.81876366600045,None,None,,,,,,,,,,,0,345,345,410,555.9004213750013,,,,,,,,,,,,,,,,,,,,,,,,,,,,,,,,,,,,,,,,,,,,,,,,,,,,,,,,,,,,,,,,,,,,,,555.8912812499912,555.9004213750013,557.1407429160026,557.1407429160026,557.1407429160026,557.214911499992,557.214911499992,557.214911499992,557.7226426249836,period,1.81876366600045,None,557.722683415981,557.7226987500035,None,,,,,,,,,,,,21049980,0,2025-12-19_13h26.19.902,tilt_mocs,2024.2.4,118.6912514243581,2025-12-19 13h27.13.083545 -0500,
2,15.0,,346,346,0,,,,,100,0,,,,,c+2,poss,1.0,z,1.508171166991815,None,None,,,,,,,,,,,0,346,346,107,557.7308660409763,,,,,,,,,,,,,,,,,,,,,,,,,,,,,,,,,,,,,,,,,,,,,,,,,,,,,,,,,,,,,,,,,,,,,,557.7234093750012,557.7308660409763,558.7244152079802,558.7244152079802,558.7244152079802,558.7983429159794,558.7983429159794,558.7983429159794,559.2511519579857,z,1.508171166991815,None,559.2512516659917,559.2512932909885,None,,,,,,,,,,,,21049980,0,2025-12-19_13h26.19.902,tilt_mocs,2024.2.4,118.6912514243581,2025-12-19 13h27.13.083545 -0500,
4,15.0,,347,347,0,,,,,100,0,,,,,c+4,poss,1.25,period,1.6430389999877661,None,None,,,,,,,,,,,0,347,347,167,559.2648164579878,,,,,,,,,,,,,,,,,,,,,,,,,,,,,,,,,,,,,,,,,,,,,,,,,,,,,,,,,,,,,,,,,,,,,,559.2533370000019,559.2648164579878,560.497060624999,560.497060624999,560.497060624999,560.5705805409816,560.5705805409816,560.5705805409816,560.9173499579774,period,1.6430389999877661,None,560.9175097910047,560.9175651659898,None,,,,,,,,,,,,21049980,0,2025-12-19_13h26.19.902,tilt_mocs,2024.2.4,118.6912514243581,2025-12-19 13h27.13.083545 -0500,
0,0.0,,348,348,0,,,,,0,100,,,,,c+0,noss,1.25,period,1.635152625007322,None,None,,,,,,,,,,,0,348,348,627,560.9297123329889,,,,,,,,,,,,,,,,,,,,,,,,,,,,,,,,,,,,,,,,,,,,,,,,,,,,,,,,,,,,,,,,,,,,,,560.9205632079975,560.9297123329889,562.1645302499819,562.1645302499819,562.1645302499819,562.2364662909822,562.2364662909822,562.2364662909822,562.5675837909803,period,1.635152625007322,None,562.5677469579969,562.567809332977,None,,,,,,,,,,,,21049980,0,2025-12-19_13h26.19.902,tilt_mocs,2024.2.4,118.6912514243581,2025-12-19 13h27.13.083545 -0500,
-6,-15.0,,349,349,0,,,,,100,0,,,,,c-6,negs,0.75,z,1.1552129999909084,None,None,,,,,,,,,,,0,349,349,312,562.5796705829853,,,,,,,,,,,,,,,,,,,,,,,,,,,,,,,,,,,,,,,,,,,,,,,,,,,,,,,,,,,,,,,,,,,,,,562.570491749997,562.5796705829853,563.3145203749882,563.3145203749882,563.3145203749882,563.3869166660006,563.3869166660006,563.3869166660006,563.7398172079993,z,1.1552129999909084,None,563.7399197499908,563.7399636250047,None,,,,,,,,,,,,21049980,0,2025-12-19_13h26.19.902,tilt_mocs,2024.2.4,118.6912514243581,2025-12-19 13h27.13.083545 -0500,
0,0.0,,350,350,0,,,,,0,100,,,,,c+0,noss,1.25,period,1.5987674580246676,None,None,,,,,,,,,,,0,350,350,623,563.7508529579791,,,,,,,,,,,,,,,,,,,,,,,,,,,,,,,,,,,,,,,,,,,,,,,,,,,,,,,,,,,,,,,,,,,,,,563.7419212909881,563.7508529579791,564.9910627079953,564.9910627079953,564.9910627079953,565.065355040977,565.065355040977,565.065355040977,565.3603211659938,period,1.5987674580246676,None,565.360421874997,565.3604659999837,None,,,,,,,,,,,,21049980,0,2025-12-19_13h26.19.902,tilt_mocs,2024.2.4,118.6912514243581,2025-12-19 13h27.13.083545 -0500,
-2,15.0,,351,351,0,,,,,100,0,,,,,c-2,poss,0.5,period,1.2248047499742825,None,None,,,,,,,,,,,0,351,351,0,565.3677160409861,,,,,,,,,,,,,,,,,,,,,,,,,,,,,,,,,,,,,,,,,,,,,,,,,,,,,,,,,,,,,,,,,,,,,,565.3625054580043,565.3677160409861,565.8572827079915,565.8572827079915,565.8572827079915,565.931807874993,565.931807874993,565.931807874993,566.600828249997,period,1.2248047499742825,None,566.6009554999764,566.6010093749792,None,,,,,,,,,,,,21049980,0,2025-12-19_13h26.19.902,tilt_mocs,2024.2.4,118.6912514243581,2025-12-19 13h27.13.083545 -0500,
0,0.0,,352,352,0,,,,,0,100,,,,,c+0,noss,0.75,z,1.180928749992745,None,None,,,,,,,,,,,0,352,352,607,566.6124533749826,,,,,,,,,,,,,,,,,,,,,,,,,,,,,,,,,,,,,,,,,,,,,,,,,,,,,,,,,,,,,,,,,,,,,,566.6035412079946,566.6124533749826,567.3471775409998,567.3471775409998,567.3471775409998,567.4213729579933,567.4213729579933,567.4213729579933,567.8011147499783,z,1.180928749992745,None,567.8012434580014,567.8012964160007,None,,,,,,,,,,,,21049980,0,2025-12-19_13h26.19.902,tilt_mocs,2024.2.4,118.6912514243581,2025-12-19 13h27.13.083545 -0500,
2,15.0,,353,353,0,,,,,100,0,,,,,c+2,poss,1.0,period,1.4123735839966685,None,None,,,,,,,,,,,0,353,353,115,567.8124474999786,,,,,,,,,,,,,,,,,,,,,,,,,,,,,,,,,,,,,,,,,,,,,,,,,,,,,,,,,,,,,,,,,,,,,,567.8035894579953,567.8124474999786,568.7981069579837,568.7981069579837,568.7981069579837,568.8699653329968,568.8699653329968,568.8699653329968,569.234494290984,period,1.4123735839966685,None,569.2346794579935,569.2347359159903,None,,,,,,,,,,,,21049980,0,2025-12-19_13h26.19.902,tilt_mocs,2024.2.4,118.6912514243581,2025-12-19 13h27.13.083545 -0500,
0,-15.0,,354,354,0,,,,,100,0,,,,,c+0,negs,1.25,z,1.8258089589944575,None,None,,,,,,,,,,,0,354,354,459,569.2465564159793,,,,,,,,,,,,,,,,,,,,,,,,,,,,,,,,,,,,,,,,,,,,,,,,,,,,,,,,,,,,,,,,,,,,,,569.237627333001,569.2465564159793,570.4815335829917,570.4815335829917,570.4815335829917,570.5534929999849,570.5534929999849,570.5534929999849,571.0847434999887,z,1.8258089589944575,None,571.0848920409917,571.0849483749771,None,,,,,,,,,,,,21049980,0,2025-12-19_13h26.19.902,tilt_mocs,2024.2.4,118.6912514243581,2025-12-19 13h27.13.083545 -0500,
6,15.0,,355,355,0,,,,,100,0,,,,,c+6,poss,1.0,z,1.869755833002273,None,None,,,,,,,,,,,0,355,355,198,571.0962583749788,,,,,,,,,,,,,,,,,,,,,,,,,,,,,,,,,,,,,,,,,,,,,,,,,,,,,,,,,,,,,,,,,,,,,,571.0872790409776,571.0962583749788,572.0815259160008,572.0815259160008,572.0815259160008,572.1532772499777,572.1532772499777,572.1532772499777,572.9774826249923,z,1.869755833002273,None,572.9775825410034,572.9776269579888,None,,,,,,,,,,,,21049980,0,2025-12-19_13h26.19.902,tilt_mocs,2024.2.4,118.6912514243581,2025-12-19 13h27.13.083545 -0500,
0,0.0,,356,356,0,,,,,0,100,,,,,c+0,noss,1.0,z,1.5419049999909475,None,None,,,,,,,,,,,0,356,356,619,572.9845181249839,,,,,,,,,,,,,,,,,,,,,,,,,,,,,,,,,,,,,,,,,,,,,,,,,,,,,,,,,,,,,,,,,,,,,,572.9796507909778,572.9845181249839,573.9743732499774,573.9743732499774,573.9743732499774,574.0488477500039,574.0488477500039,574.0488477500039,574.5346926249913,z,1.5419049999909475,None,574.5348470000026,574.534904790984,None,,,,,,,,,,,,21049980,0,2025-12-19_13h26.19.902,tilt_mocs,2024.2.4,118.6912514243581,2025-12-19 13h27.13.083545 -0500,
2,-15.0,,357,357,0,,,,,100,0,,,,,c+2,negs,0.75,period,1.2967030419968069,None,None,,,,,,,,,,,0,357,357,480,574.5468817079964,,,,,,,,,,,,,,,,,,,,,,,,,,,,,,,,,,,,,,,,,,,,,,,,,,,,,,,,,,,,,,,,,,,,,,574.5380022079917,574.5468817079964,575.2816612909955,575.2816612909955,575.2816612909955,575.3557541659975,575.3557541659975,575.3557541659975,575.8518969579891,period,1.2967030419968069,None,575.8520357499947,575.8521080409992,None,,,,,,,,,,,,21049980,0,2025-12-19_13h26.19.902,tilt_mocs,2024.2.4,118.6912514243581,2025-12-19 13h27.13.083545 -0500,
-2,0.0,,358,358,0,,,,,0,100,,,,,c-2,noss,1.0,z,1.3966374160081614,None,None,,,,,,,,,,,0,358,358,572,575.8632901249803,,,,,,,,,,,,,,,,,,,,,,,,,,,,,,,,,,,,,,,,,,,,,,,,,,,,,,,,,,,,,,,,,,,,,,575.8544965829933,575.8632901249803,576.84847579099,576.84847579099,576.84847579099,576.9207124160021,576.9207124160021,576.9207124160021,577.2683000830002,z,1.3966374160081614,None,577.2684542079805,577.2685127499863,None,,,,,,,,,,,,21049980,0,2025-12-19_13h26.19.902,tilt_mocs,2024.2.4,118.6912514243581,2025-12-19 13h27.13.083545 -0500,
-2,-15.0,,359,359,0,,,,,100,0,,,,,c-2,negs,0.75,period,1.5081039590004366,None,None,,,,,,,,,,,0,359,359,395,577.2809409159818,,,,,,,,,,,,,,,,,,,,,,,,,,,,,,,,,,,,,,,,,,,,,,,,,,,,,,,,,,,,,,,,,,,,,,577.2717309999862,577.2809409159818,578.0146916660015,578.0146916660015,578.0146916660015,578.0872627079953,578.0872627079953,578.0872627079953,578.8167626659852,period,1.5081039590004366,None,578.8168947079976,578.8169497909839,None,,,,,,,,,,,,21049980,0,2025-12-19_13h26.19.902,tilt_mocs,2024.2.4,118.6912514243581,2025-12-19 13h27.13.083545 -0500,
6,15.0,,360,360,0,,,,,100,0,,,,,c+6,poss,1.25,period,2.2443921249941923,None,None,,,,,,,,,,,0,360,360,202,578.8313543330005,,,,,,,,,,,,,,,,,,,,,,,,,,,,,,,,,,,,,,,,,,,,,,,,,,,,,,,,,,,,,,,,,,,,,,578.819015999994,578.8313543330005,580.065308374993,580.065308374993,580.065308374993,580.1368927079893,580.1368927079893,580.1368927079893,581.0845689999987,period,2.2443921249941923,None,581.0847110409813,581.0847662909946,None,,,,,,,,,,,,21049980,0,2025-12-19_13h26.19.902,tilt_mocs,2024.2.4,118.6912514243581,2025-12-19 13h27.13.083545 -0500,
2,15.0,,361,361,0,,,,,100,0,,,,,c+2,poss,0.75,period,1.58701524999924,None,None,,,,,,,,,,,0,361,361,101,581.095965415996,,,,,,,,,,,,,,,,,,,,,,,,,,,,,,,,,,,,,,,,,,,,,,,,,,,,,,,,,,,,,,,,,,,,,,581.0872511659982,581.095965415996,581.8318957499869,581.8318957499869,581.8318957499869,581.9052021660027,581.9052021660027,581.9052021660027,582.6857077500026,period,1.58701524999924,None,582.6858724999765,582.6859312499873,None,,,,,,,,,,,,21049980,0,2025-12-19_13h26.19.902,tilt_mocs,2024.2.4,118.6912514243581,2025-12-19 13h27.13.083545 -0500,
8,15.0,,362,362,0,,,,,100,0,,,,,c+8,poss,0.75,period,1.6124987080111168,None,None,,,,,,,,,,,0,362,362,227,582.6974171659967,,,,,,,,,,,,,,,,,,,,,,,,,,,,,,,,,,,,,,,,,,,,,,,,,,,,,,,,,,,,,,,,,,,,,,582.6886625829793,582.6974171659967,583.4319625409844,583.4319625409844,583.4319625409844,583.5040254999767,583.5040254999767,583.5040254999767,584.3189334159833,period,1.6124987080111168,None,584.3190771249938,584.319137582992,None,,,,,,,,,,,,21049980,0,2025-12-19_13h26.19.902,tilt_mocs,2024.2.4,118.6912514243581,2025-12-19 13h27.13.083545 -0500,
8,15.0,,363,363,0,,,,,100,0,,,,,c+8,poss,0.5,period,0.987567666976247,None,None,,,,,,,,,,,0,363,363,214,584.3305835829815,,,,,,,,,,,,,,,,,,,,,,,,,,,,,,,,,,,,,,,,,,,,,,,,,,,,,,,,,,,,,,,,,,,,,,584.3214585410024,584.3305835829815,584.8153782080044,584.8153782080044,584.8153782080044,584.8879270000034,584.8879270000034,584.8879270000034,585.3236647909798,period,0.987567666976247,None,585.3237626659975,585.3238056660048,None,,,,,,,,,,,,21049980,0,2025-12-19_13h26.19.902,tilt_mocs,2024.2.4,118.6912514243581,2025-12-19 13h27.13.083545 -0500,
-4,-15.0,,364,364,0,,,,,100,0,,,,,c-4,negs,0.5,period,1.165117750002537,None,None,,,,,,,,,,,0,364,364,340,585.3347556249937,,,,,,,,,,,,,,,,,,,,,,,,,,,,,,,,,,,,,,,,,,,,,,,,,,,,,,,,,,,,,,,,,,,,,,585.3258715409902,585.3347556249937,585.824643083004,585.824643083004,585.824643083004,585.8992780410044,585.8992780410044,585.8992780410044,586.5028032079863,period,1.165117750002537,None,586.5029423749947,586.5030015829834,None,,,,,,,,,,,,21049980,0,2025-12-19_13h26.19.902,tilt_mocs,2024.2.4,118.6912514243581,2025-12-19 13h27.13.083545 -0500,
8,15.0,,365,365,0,,,,,100,0,,,,,c+8,poss,1.25,period,1.6478045840049163,None,None,,,,,,,,,,,0,365,365,246,586.514062082977,,,,,,,,,,,,,,,,,,,,,,,,,,,,,,,,,,,,,,,,,,,,,,,,,,,,,,,,,,,,,,,,,,,,,,586.5051240409957,586.514062082977,587.7484447500028,587.7484447500028,587.7484447500028,587.8209826249804,587.8209826249804,587.8209826249804,588.1681799999787,period,1.6478045840049163,None,588.1682860409783,588.168332332978,None,,,,,,,,,,,,21049980,0,2025-12-19_13h26.19.902,tilt_mocs,2024.2.4,118.6912514243581,2025-12-19 13h27.13.083545 -0500,
0,0.0,,366,366,0,,,,,0,100,,,,,c+0,noss,0.75,period,1.2918139160028659,None,None,,,,,,,,,,,0,366,366,599,588.1795022909937,,,,,,,,,,,,,,,,,,,,,,,,,,,,,,,,,,,,,,,,,,,,,,,,,,,,,,,,,,,,,,,,,,,,,,588.1707707909809,588.1795022909937,588.9158879999886,588.9158879999886,588.9158879999886,588.9996272079879,588.9996272079879,588.9996272079879,589.4851499159995,period,1.2918139160028659,None,589.4852737079782,589.4853267909784,None,,,,,,,,,,,,21049980,0,2025-12-19_13h26.19.902,tilt_mocs,2024.2.4,118.6912514243581,2025-12-19 13h27.13.083545 -0500,
-4,-15.0,,367,367,0,,,,,100,0,,,,,c-4,negs,0.75,period,1.138982083008159,None,None,,,,,,,,,,,0,367,367,354,589.4961294579844,,,,,,,,,,,,,,,,,,,,,,,,,,,,,,,,,,,,,,,,,,,,,,,,,,,,,,,,,,,,,,,,,,,,,,589.4873105830047,589.4961294579844,590.2322948749934,590.2322948749934,590.2322948749934,590.3045434159867,590.3045434159867,590.3045434159867,590.6409280409862,period,1.138982083008159,None,590.6410502909857,590.6411045409914,None,,,,,,,,,,,,21049980,0,2025-12-19_13h26.19.902,tilt_mocs,2024.2.4,118.6912514243581,2025-12-19 13h27.13.083545 -0500,
-4,0.0,,368,368,0,,,,,0,100,,,,,c-4,noss,0.75,z,1.2177079170069192,None,None,,,,,,,,,,,0,368,368,520,590.6521353329881,,,,,,,,,,,,,,,,,,,,,,,,,,,,,,,,,,,,,,,,,,,,,,,,,,,,,,,,,,,,,,,,,,,,,,590.6432765829959,590.6521353329881,591.3915117909783,591.3915117909783,591.3915117909783,591.4662693330029,591.4662693330029,591.4662693330029,591.8746784579998,z,1.2177079170069192,None,591.8748061659862,591.874864124984,None,,,,,,,,,,,,21049980,0,2025-12-19_13h26.19.902,tilt_mocs,2024.2.4,118.6912514243581,2025-12-19 13h27.13.083545 -0500,
0,-15.0,,369,369,0,,,,,100,0,,,,,c+0,negs,1.25,period,1.751372833008645,None,None,,,,,,,,,,,0,369,369,453,591.8856247499934,,,,,,,,,,,,,,,,,,,,,,,,,,,,,,,,,,,,,,,,,,,,,,,,,,,,,,,,,,,,,,,,,,,,,,591.8773437079799,591.8856247499934,593.1249990829965,593.1249990829965,593.1249990829965,593.1997891659848,593.1997891659848,593.1997891659848,593.6414268329972,period,1.751372833008645,None,593.6415442079888,593.6416004159837,None,,,,,,,,,,,,21049980,0,2025-12-19_13h26.19.902,tilt_mocs,2024.2.4,118.6912514243581,2025-12-19 13h27.13.083545 -0500,
-6,-15.0,,370,370,0,,,,,100,0,,,,,c-6,negs,0.5,z,1.0495439999795053,None,None,,,,,,,,,,,0,370,370,303,593.6522112499806,,,,,,,,,,,,,,,,,,,,,,,,,,,,,,,,,,,,,,,,,,,,,,,,,,,,,,,,,,,,,,,,,,,,,,593.6439119159768,593.6522112499806,594.1414378749905,594.1414378749905,594.1414378749905,594.216355624987,594.216355624987,594.216355624987,594.7063853750005,z,1.0495439999795053,None,594.70648587498,594.7065288329904,None,,,,,,,,,,,,21049980,0,2025-12-19_13h26.19.902,tilt_mocs,2024.2.4,118.6912514243581,2025-12-19 13h27.13.083545 -0500,
8,15.0,,371,371,0,,,,,100,0,,,,,c+8,poss,1.25,period,1.6607257919968106,None,None,,,,,,,,,,,0,371,371,250,594.7177834159811,,,,,,,,,,,,,,,,,,,,,,,,,,,,,,,,,,,,,,,,,,,,,,,,,,,,,,,,,,,,,,,,,,,,,,594.7084937909967,594.7177834159811,595.9587924999942,595.9587924999942,595.9587924999942,596.0330047909811,596.0330047909811,596.0330047909811,596.3849918749765,period,1.6607257919968106,None,596.385112916003,596.385177499993,None,,,,,,,,,,,,21049980,0,2025-12-19_13h26.19.902,tilt_mocs,2024.2.4,118.6912514243581,2025-12-19 13h27.13.083545 -0500,
0,15.0,,372,372,0,,,,,100,0,,,,,c+0,poss,1.0,z,1.6251189580070786,None,None,,,,,,,,,,,0,372,372,66,596.3959867079975,,,,,,,,,,,,,,,,,,,,,,,,,,,,,,,,,,,,,,,,,,,,,,,,,,,,,,,,,,,,,,,,,,,,,,596.3874949159799,596.3959867079975,597.3824904159992,597.3824904159992,597.3824904159992,597.4547713329957,597.4547713329957,597.4547713329957,598.0250781249779,z,1.6251189580070786,None,598.0251960829773,598.0252475829911,None,,,,,,,,,,,,21049980,0,2025-12-19_13h26.19.902,tilt_mocs,2024.2.4,118.6912514243581,2025-12-19 13h27.13.083545 -0500,
2,-15.0,,373,373,0,,,,,100,0,,,,,c+2,negs,1.25,period,1.5605450840084814,None,None,,,,,,,,,,,0,373,373,501,598.0358373749768,,,,,,,,,,,,,,,,,,,,,,,,,,,,,,,,,,,,,,,,,,,,,,,,,,,,,,,,,,,,,,,,,,,,,,598.0273450409877,598.0358373749768,599.2761917499884,599.2761917499884,599.2761917499884,599.3499434579862,599.3499434579862,599.3499434579862,599.6020319160016,period,1.5605450840084814,None,599.6021868749813,599.6022480409883,None,,,,,,,,,,,,21049980,0,2025-12-19_13h26.19.902,tilt_mocs,2024.2.4,118.6912514243581,2025-12-19 13h27.13.083545 -0500,
8,15.0,,374,374,0,,,,,100,0,,,,,c+8,poss,0.75,period,1.2052031659986824,None,None,,,,,,,,,,,0,374,374,221,599.6140876249992,,,,,,,,,,,,,,,,,,,,,,,,,,,,,,,,,,,,,,,,,,,,,,,,,,,,,,,,,,,,,,,,,,,,,,599.6049457500048,599.6140876249992,600.3493407909991,600.3493407909991,600.3493407909991,600.4213870409876,600.4213870409876,600.4213870409876,600.8235632499855,period,1.2052031659986824,None,600.823663749994,600.8237069579773,None,,,,,,,,,,,,21049980,0,2025-12-19_13h26.19.902,tilt_mocs,2024.2.4,118.6912514243581,2025-12-19 13h27.13.083545 -0500,
-4,0.0,,375,375,0,,,,,0,100,,,,,c-4,noss,1.25,z,1.7375417499861214,None,None,,,,,,,,,,,0,375,375,540,600.8349714999786,,,,,,,,,,,,,,,,,,,,,,,,,,,,,,,,,,,,,,,,,,,,,,,,,,,,,,,,,,,,,,,,,,,,,,600.8256970829971,600.8349714999786,602.0762214159768,602.0762214159768,602.0762214159768,602.1499601249816,602.1499601249816,602.1499601249816,602.5753739579814,z,1.7375417499861214,None,602.5755350829859,602.5755880409852,None,,,,,,,,,,,,21049980,0,2025-12-19_13h26.19.902,tilt_mocs,2024.2.4,118.6912514243581,2025-12-19 13h27.13.083545 -0500,
4,0.0,,376,376,0,,,,,0,100,,,,,c+4,noss,1.25,period,1.6988896659750026,None,None,,,,,,,,,,,0,376,376,710,602.5864417080011,,,,,,,,,,,,,,,,,,,,,,,,,,,,,,,,,,,,,,,,,,,,,,,,,,,,,,,,,,,,,,,,,,,,,,602.5783154579985,602.5864417080011,603.8252314580022,603.8252314580022,603.8252314580022,603.8999289999774,603.8999289999774,603.8999289999774,604.2917319579865,period,1.6988896659750026,None,604.291859207995,604.2919160829915,None,,,,,,,,,,,,21049980,0,2025-12-19_13h26.19.902,tilt_mocs,2024.2.4,118.6912514243581,2025-12-19 13h27.13.083545 -0500,
0,0.0,,377,377,0,,,,,0,100,,,,,c+0,noss,1.0,period,1.342220708989771,None,None,,,,,,,,,,,0,377,377,616,604.3023619999876,,,,,,,,,,,,,,,,,,,,,,,,,,,,,,,,,,,,,,,,,,,,,,,,,,,,,,,,,,,,,,,,,,,,,,604.2941532080004,604.3023619999876,605.2939271249925,605.2939271249925,605.2939271249925,605.3667174580041,605.3667174580041,605.3667174580041,605.6523379579885,period,1.342220708989771,None,605.652499082993,605.6525613749982,None,,,,,,,,,,,,21049980,0,2025-12-19_13h26.19.902,tilt_mocs,2024.2.4,118.6912514243581,2025-12-19 13h27.13.083545 -0500,
4,15.0,,378,378,0,,,,,100,0,,,,,c+4,poss,1.25,period,1.5161885840061586,None,None,,,,,,,,,,,0,378,378,164,605.6646042499924,,,,,,,,,,,,,,,,,,,,,,,,,,,,,,,,,,,,,,,,,,,,,,,,,,,,,,,,,,,,,,,,,,,,,,605.6554857080046,605.6646042499924,606.8998562499764,606.8998562499764,606.8998562499764,606.9720359999919,606.9720359999919,606.9720359999919,607.1863477079896,period,1.5161885840061586,None,607.1865037909884,607.1865666249942,None,,,,,,,,,,,,21049980,0,2025-12-19_13h26.19.902,tilt_mocs,2024.2.4,118.6912514243581,2025-12-19 13h27.13.083545 -0500,
-8,-15.0,,379,379,0,,,,,100,0,,,,,c-8,negs,0.5,period,0.8694515420065727,None,None,,,,,,,,,,,0,379,379,259,607.1973569580005,,,,,,,,,,,,,,,,,,,,,,,,,,,,,,,,,,,,,,,,,,,,,,,,,,,,,,,,,,,,,,,,,,,,,,607.188733707997,607.1973569580005,607.6830174579809,607.6830174579809,607.6830174579809,607.7545793750032,607.7545793750032,607.7545793750032,608.06992291598,period,0.8694515420065727,None,608.0700770829862,608.0701333750039,None,,,,,,,,,,,,21049980,0,2025-12-19_13h26.19.902,tilt_mocs,2024.2.4,118.6912514243581,2025-12-19 13h27.13.083545 -0500,
-4,-15.0,,380,380,0,,,,,100,0,,,,,c-4,negs,1.0,period,1.6290928749949671,None,None,,,,,,,,,,,0,380,380,365,608.0815780409903,,,,,,,,,,,,,,,,,,,,,,,,,,,,,,,,,,,,,,,,,,,,,,,,,,,,,,,,,,,,,,,,,,,,,,608.072300165979,608.0815780409903,609.0662210829905,609.0662210829905,609.0662210829905,609.1392330829985,609.1392330829985,609.1392330829985,609.7192519159871,period,1.6290928749949671,None,609.7194077909808,609.7194664579874,None,,,,,,,,,,,,21049980,0,2025-12-19_13h26.19.902,tilt_mocs,2024.2.4,118.6912514243581,2025-12-19 13h27.13.083545 -0500,
-4,0.0,,381,381,0,,,,,0,100,,,,,c-4,noss,1.25,z,1.6547317079966888,None,None,,,,,,,,,,,0,381,381,544,609.7309806249978,,,,,,,,,,,,,,,,,,,,,,,,,,,,,,,,,,,,,,,,,,,,,,,,,,,,,,,,,,,,,,,,,,,,,,609.7219062499935,609.7309806249978,610.9662660829781,610.9662660829781,610.9662660829781,611.0384481659858,611.0384481659858,611.0384481659858,611.3921205829829,z,1.6547317079966888,None,611.3922226249997,611.3922673329944,None,,,,,,,,,,,,21049980,0,2025-12-19_13h26.19.902,tilt_mocs,2024.2.4,118.6912514243581,2025-12-19 13h27.13.083545 -0500,
-4,0.0,,382,382,0,,,,,0,100,,,,,c-4,noss,0.75,z,1.220296709012473,None,None,,,,,,,,,,,0,382,382,519,611.4026686659781,,,,,,,,,,,,,,,,,,,,,,,,,,,,,,,,,,,,,,,,,,,,,,,,,,,,,,,,,,,,,,,,,,,,,,611.3942451250041,611.4026686659781,612.1423910409794,612.1423910409794,612.1423910409794,612.2168078749964,612.2168078749964,612.2168078749964,612.6339894999983,z,1.220296709012473,None,612.6341024999856,612.634145707998,None,,,,,,,,,,,,21049980,0,2025-12-19_13h26.19.902,tilt_mocs,2024.2.4,118.6912514243581,2025-12-19 13h27.13.083545 -0500,
2,0.0,,383,383,0,,,,,0,100,,,,,c+2,noss,1.25,period,1.6923936670063995,None,None,,,,,,,,,,,0,383,383,666,612.6412977909786,,,,,,,,,,,,,,,,,,,,,,,,,,,,,,,,,,,,,,,,,,,,,,,,,,,,,,,,,,,,,,,,,,,,,,612.6361771659867,612.6412977909786,613.8759514160047,613.8759514160047,613.8759514160047,613.950399207999,613.950399207999,613.950399207999,614.3362489159917,period,1.6923936670063995,None,614.3363754579914,614.3364304580027,None,,,,,,,,,,,,21049980,0,2025-12-19_13h26.19.902,tilt_mocs,2024.2.4,118.6912514243581,2025-12-19 13h27.13.083545 -0500,
-6,-15.0,,384,384,0,,,,,100,0,,,,,c-6,negs,0.5,z,1.169709249981679,None,None,,,,,,,,,,,0,384,384,298,614.3475445410004,,,,,,,,,,,,,,,,,,,,,,,,,,,,,,,,,,,,,,,,,,,,,,,,,,,,,,,,,,,,,,,,,,,,,,614.338775332988,614.3475445410004,614.8330872079823,614.8330872079823,614.8330872079823,614.905319832993,614.905319832993,614.905319832993,615.5201290409896,z,1.169709249981679,None,615.520280540979,615.5203399159946,None,,,,,,,,,,,,21049980,0,2025-12-19_13h26.19.902,tilt_mocs,2024.2.4,118.6912514243581,2025-12-19 13h27.13.083545 -0500,
6,15.0,,385,385,0,,,,,100,0,,,,,c+6,poss,0.5,period,0.9804669999866746,None,None,,,,,,,,,,,0,385,385,176,615.5310653749912,,,,,,,,,,,,,,,,,,,,,,,,,,,,,,,,,,,,,,,,,,,,,,,,,,,,,,,,,,,,,,,,,,,,,,615.5225060829835,615.5310653749912,616.0164319159812,616.0164319159812,616.0164319159812,616.0884591659997,616.0884591659997,616.0884591659997,616.5198468329909,period,0.9804669999866746,None,616.5199853329977,616.5200405409851,None,,,,,,,,,,,,21049980,0,2025-12-19_13h26.19.902,tilt_mocs,2024.2.4,118.6912514243581,2025-12-19 13h27.13.083545 -0500,
-2,-15.0,,386,386,0,,,,,100,0,,,,,c-2,negs,1.25,period,1.8596148749929853,None,None,,,,,,,,,,,0,386,386,416,616.5312496249971,,,,,,,,,,,,,,,,,,,,,,,,,,,,,,,,,,,,,,,,,,,,,,,,,,,,,,,,,,,,,,,,,,,,,,616.522320374992,616.5312496249971,617.7665250409918,617.7665250409918,617.7665250409918,617.8389460409817,617.8389460409817,617.8389460409817,618.4027140830003,period,1.8596148749929853,None,618.4028667910025,618.4029238329967,None,,,,,,,,,,,,21049980,0,2025-12-19_13h26.19.902,tilt_mocs,2024.2.4,118.6912514243581,2025-12-19 13h27.13.083545 -0500,
-2,15.0,,387,387,0,,,,,100,0,,,,,c-2,poss,0.75,z,1.3094162500055972,None,None,,,,,,,,,,,0,387,387,21,618.4152771249937,,,,,,,,,,,,,,,,,,,,,,,,,,,,,,,,,,,,,,,,,,,,,,,,,,,,,,,,,,,,,,,,,,,,,,618.4060914159927,618.4152771249937,619.149925707985,619.149925707985,619.149925707985,619.2225919159828,619.2225919159828,619.2225919159828,619.7350164160016,z,1.3094162500055972,None,619.7351430409763,619.7351942909881,None,,,,,,,,,,,,21049980,0,2025-12-19_13h26.19.902,tilt_mocs,2024.2.4,118.6912514243581,2025-12-19 13h27.13.083545 -0500,
2,-15.0,,388,388,0,,,,,100,0,,,,,c+2,negs,0.75,period,1.1763220420107245,None,None,,,,,,,,,,,0,388,388,474,619.7461210000038,,,,,,,,,,,,,,,,,,,,,,,,,,,,,,,,,,,,,,,,,,,,,,,,,,,,,,,,,,,,,,,,,,,,,,619.7372231659829,619.7461210000038,620.4834188749956,620.4834188749956,620.4834188749956,620.5555475830042,620.5555475830042,620.5555475830042,620.9250145409897,period,1.1763220420107245,None,620.9251389159763,620.9251935409848,None,,,,,,,,,,,,21049980,0,2025-12-19_13h26.19.902,tilt_mocs,2024.2.4,118.6912514243581,2025-12-19 13h27.13.083545 -0500,
6,15.0,,389,389,0,,,,,100,0,,,,,c+6,poss,1.25,period,1.7488968749821652,None,None,,,,,,,,,,,0,389,389,208,620.9360753749788,,,,,,,,,,,,,,,,,,,,,,,,,,,,,,,,,,,,,,,,,,,,,,,,,,,,,,,,,,,,,,,,,,,,,,620.9272736659914,620.9360753749788,622.1764573330001,622.1764573330001,622.1764573330001,622.2494594159944,622.2494594159944,622.2494594159944,622.690018541005,period,1.7488968749821652,None,622.6901458329812,622.6902014579973,None,,,,,,,,,,,,21049980,0,2025-12-19_13h26.19.902,tilt_mocs,2024.2.4,118.6912514243581,2025-12-19 13h27.13.083545 -0500,
-2,0.0,,390,390,0,,,,,0,100,,,,,c-2,noss,0.5,period,0.9229070830042474,None,None,,,,,,,,,,,0,390,390,553,622.7007743330032,,,,,,,,,,,,,,,,,,,,,,,,,,,,,,,,,,,,,,,,,,,,,,,,,,,,,,,,,,,,,,,,,,,,,,622.6921476659772,622.7007743330032,623.1835140409821,623.1835140409821,623.1835140409821,623.2552506249922,623.2552506249922,623.2552506249922,623.6514124159876,period,0.9229070830042474,None,623.6515407499974,623.651599499979,None,,,,,,,,,,,,21049980,0,2025-12-19_13h26.19.902,tilt_mocs,2024.2.4,118.6912514243581,2025-12-19 13h27.13.083545 -0500,
4,0.0,,391,391,0,,,,,0,100,,,,,c+4,noss,0.75,period,1.1331872079754248,None,None,,,,,,,,,,,0,391,391,692,623.6674078329816,,,,,,,,,,,,,,,,,,,,,,,,,,,,,,,,,,,,,,,,,,,,,,,,,,,,,,,,,,,,,,,,,,,,,,623.6537631249812,623.6674078329816,624.3926831249846,624.3926831249846,624.3926831249846,624.4673314579995,624.4673314579995,624.4673314579995,624.8031345409981,period,1.1331872079754248,None,624.8032754999876,624.8033294999914,None,,,,,,,,,,,,21049980,0,2025-12-19_13h26.19.902,tilt_mocs,2024.2.4,118.6912514243581,2025-12-19 13h27.13.083545 -0500,
-2,15.0,,392,392,0,,,,,100,0,,,,,c-2,poss,0.5,period,0.8632913749897853,None,None,,,,,,,,,,,0,392,392,4,624.814444040996,,,,,,,,,,,,,,,,,,,,,,,,,,,,,,,,,,,,,,,,,,,,,,,,,,,,,,,,,,,,,,,,,,,,,,624.8057915829995,624.814444040996,625.3001922910044,625.3001922910044,625.3001922910044,625.3720769999782,625.3720769999782,625.3720769999782,625.6852262079774,period,0.8632913749897853,None,625.6853593330015,625.6854149159917,None,,,,,,,,,,,,21049980,0,2025-12-19_13h26.19.902,tilt_mocs,2024.2.4,118.6912514243581,2025-12-19 13h27.13.083545 -0500,
-4,0.0,,393,393,0,,,,,0,100,,,,,c-4,noss,1.25,z,0.18421558302361518,None,None,,,,,,,,,,,0,393,393,538,625.6966049159819,,,,,,,,,,,,,,,,,,,,,,,,,,,,,,,,,,,,,,,,,,,,,,,,,,,,,,,,,,,,,,,,,,,,,,625.687863375002,625.6966049159819,,,,,,,625.8865352080029,z,0.18421558302361518,None,625.8866425829765,625.8866892909864,None,,,,,,,,,,,,21049980,0,2025-12-19_13h26.19.902,tilt_mocs,2024.2.4,118.6912514243581,2025-12-19 13h27.13.083545 -0500,
-4,-15.0,,394,394,0,,,,,100,0,,,,,c-4,negs,0.5,z,1.0399150410084985,None,None,,,,,,,,,,,0,394,394,342,625.8980800409918,,,,,,,,,,,,,,,,,,,,,,,,,,,,,,,,,,,,,,,,,,,,,,,,,,,,,,,,,,,,,,,,,,,,,,625.8887182500039,625.8980800409918,626.3835714159941,626.3835714159941,626.3835714159941,626.4559078329767,626.4559078329767,626.4559078329767,626.9418264999986,z,1.0399150410084985,None,626.9419548329897,626.9420178750006,None,,,,,,,,,,,,21049980,0,2025-12-19_13h26.19.902,tilt_mocs,2024.2.4,118.6912514243581,2025-12-19 13h27.13.083545 -0500,
0,-15.0,,395,395,0,,,,,100,0,,,,,c+0,negs,0.5,period,0.9046033750055358,None,None,,,,,,,,,,,0,395,395,426,626.9529622909904,,,,,,,,,,,,,,,,,,,,,,,,,,,,,,,,,,,,,,,,,,,,,,,,,,,,,,,,,,,,,,,,,,,,,,626.9440352910024,626.9529622909904,627.4427743330016,627.4427743330016,627.4427743330016,627.517738665978,627.517738665978,627.517738665978,627.8701989999972,period,0.9046033750055358,None,627.8703764999809,627.870437000005,None,,,,,,,,,,,,21049980,0,2025-12-19_13h26.19.902,tilt_mocs,2024.2.4,118.6912514243581,2025-12-19 13h27.13.083545 -0500,
-8,-15.0,,396,396,0,,,,,100,0,,,,,c-8,negs,1.0,z,1.4531525829806924,None,None,,,,,,,,,,,0,396,396,283,627.8818475829903,,,,,,,,,,,,,,,,,,,,,,,,,,,,,,,,,,,,,,,,,,,,,,,,,,,,,,,,,,,,,,,,,,,,,,627.873090374982,627.8818475829903,628.8670437499823,628.8670437499823,628.8670437499823,628.9396948749782,628.9396948749782,628.9396948749782,629.3469940409996,z,1.4531525829806924,None,629.347096499987,629.3471388749895,None,,,,,,,,,,,,21049980,0,2025-12-19_13h26.19.902,tilt_mocs,2024.2.4,118.6912514243581,2025-12-19 13h27.13.083545 -0500,
-2,0.0,,397,397,0,,,,,0,100,,,,,c-2,noss,1.0,z,1.534286708018044,None,None,,,,,,,,,,,0,397,397,574,629.3536450410029,,,,,,,,,,,,,,,,,,,,,,,,,,,,,,,,,,,,,,,,,,,,,,,,,,,,,,,,,,,,,,,,,,,,,,629.3491328329837,629.3536450410029,630.3427877909853,630.3427877909853,630.3427877909853,630.4175565000041,630.4175565000041,630.4175565000041,630.8929507499852,z,1.534286708018044,None,630.8930563750037,630.8931007909996,None,,,,,,,,,,,,21049980,0,2025-12-19_13h26.19.902,tilt_mocs,2024.2.4,118.6912514243581,2025-12-19 13h27.13.083545 -0500,
6,15.0,,398,398,0,,,,,100,0,,,,,c+6,poss,1.25,period,1.6714341250190046,None,None,,,,,,,,,,,0,398,398,206,630.9033245409955,,,,,,,,,,,,,,,,,,,,,,,,,,,,,,,,,,,,,,,,,,,,,,,,,,,,,,,,,,,,,,,,,,,,,,630.8950747499766,630.9033245409955,632.1430173330009,632.1430173330009,632.1430173330009,632.2178170830011,632.2178170830011,632.2178170830011,632.5866243749915,period,1.6714341250190046,None,632.5867956659931,632.5868504579994,None,,,,,,,,,,,,21049980,0,2025-12-19_13h26.19.902,tilt_mocs,2024.2.4,118.6912514243581,2025-12-19 13h27.13.083545 -0500,
-2,15.0,,399,399,0,,,,,100,0,,,,,c-2,poss,0.75,z,1.2026087919948623,None,None,,,,,,,,,,,0,399,399,16,632.5986568329972,,,,,,,,,,,,,,,,,,,,,,,,,,,,,,,,,,,,,,,,,,,,,,,,,,,,,,,,,,,,,,,,,,,,,,632.5895057079906,632.5986568329972,633.3339100829908,633.3339100829908,633.3339100829908,633.4060132500017,633.4060132500017,633.4060132500017,633.8037606249854,z,1.2026087919948623,None,633.8038964580046,633.8039527079964,None,,,,,,,,,,,,21049980,0,2025-12-19_13h26.19.902,tilt_mocs,2024.2.4,118.6912514243581,2025-12-19 13h27.13.083545 -0500,
4,15.0,,400,400,0,,,,,100,0,,,,,c+4,poss,0.5,period,1.0282292499905452,None,None,,,,,,,,,,,0,400,400,129,633.8148665409826,,,,,,,,,,,,,,,,,,,,,,,,,,,,,,,,,,,,,,,,,,,,,,,,,,,,,,,,,,,,,,,,,,,,,,633.8062588750036,633.8148665409826,634.2996456660039,634.2996456660039,634.2996456660039,634.3729119579948,634.3729119579948,634.3729119579948,634.853178624995,period,1.0282292499905452,None,634.8533312079962,634.8533951249847,None,,,,,,,,,,,,21049980,0,2025-12-19_13h26.19.902,tilt_mocs,2024.2.4,118.6912514243581,2025-12-19 13h27.13.083545 -0500,
2,15.0,,401,401,0,,,,,100,0,,,,,c+2,poss,1.0,period,1.4741611659992486,None,None,,,,,,,,,,,0,401,401,114,634.8653394159919,,,,,,,,,,,,,,,,,,,,,,,,,,,,,,,,,,,,,,,,,,,,,,,,,,,,,,,,,,,,,,,,,,,,,,634.8560186660034,634.8653394159919,635.8506006249809,635.8506006249809,635.8506006249809,635.9227733750013,635.9227733750013,635.9227733750013,636.3425504579791,period,1.4741611659992486,None,636.342645333003,636.3426882079802,None,,,,,,,,,,,,21049980,0,2025-12-19_13h26.19.902,tilt_mocs,2024.2.4,118.6912514243581,2025-12-19 13h27.13.083545 -0500,
8,15.0,,402,402,0,,,,,100,0,,,,,c+8,poss,0.75,period,1.13194433299941,None,None,,,,,,,,,,,0,402,402,231,636.3536441249889,,,,,,,,,,,,,,,,,,,,,,,,,,,,,,,,,,,,,,,,,,,,,,,,,,,,,,,,,,,,,,,,,,,,,,636.3446225409862,636.3536441249889,637.1015172500047,637.1015172500047,637.1015172500047,637.1726789999811,637.1726789999811,637.1726789999811,637.4976527079998,period,1.13194433299941,None,637.4977534159843,637.4977976660011,None,,,,,,,,,,,,21049980,0,2025-12-19_13h26.19.902,tilt_mocs,2024.2.4,118.6912514243581,2025-12-19 13h27.13.083545 -0500,
2,-15.0,,403,403,0,,,,,100,0,,,,,c+2,negs,0.5,period,1.016945167008089,None,None,,,,,,,,,,,0,403,403,470,637.5045303749794,,,,,,,,,,,,,,,,,,,,,,,,,,,,,,,,,,,,,,,,,,,,,,,,,,,,,,,,,,,,,,,,,,,,,,637.4998233749939,637.5045303749794,637.9933862909966,637.9933862909966,637.9933862909966,638.0678748749779,638.0678748749779,638.0678748749779,638.5253271659894,period,1.016945167008089,None,638.525448624976,638.5255039159965,None,,,,,,,,,,,,21049980,0,2025-12-19_13h26.19.902,tilt_mocs,2024.2.4,118.6912514243581,2025-12-19 13h27.13.083545 -0500,
-2,-15.0,,404,404,0,,,,,100,0,,,,,c-2,negs,0.75,period,1.5986512079834938,None,None,,,,,,,,,,,0,404,404,392,638.5366597499815,,,,,,,,,,,,,,,,,,,,,,,,,,,,,,,,,,,,,,,,,,,,,,,,,,,,,,,,,,,,,,,,,,,,,,638.5276064579957,638.5366597499815,639.2776041250036,639.2776041250036,639.2776041250036,639.3514037499845,639.3514037499845,639.3514037499845,640.1478389579861,period,1.5986512079834938,None,640.1479479580012,640.1480050829996,None,,,,,,,,,,,,21049980,0,2025-12-19_13h26.19.902,tilt_mocs,2024.2.4,118.6912514243581,2025-12-19 13h27.13.083545 -0500,
-2,0.0,,405,405,0,,,,,0,100,,,,,c-2,noss,0.75,z,1.2052584160119295,None,None,,,,,,,,,,,0,405,405,558,640.1545591249887,,,,,,,,,,,,,,,,,,,,,,,,,,,,,,,,,,,,,,,,,,,,,,,,,,,,,,,,,,,,,,,,,,,,,,640.1500087500026,640.1545591249887,640.8936806659913,640.8936806659913,640.8936806659913,640.9679654999927,640.9679654999927,640.9679654999927,641.3699487909907,z,1.2052584160119295,None,641.3700747079856,641.3701287079894,None,,,,,,,,,,,,21049980,0,2025-12-19_13h26.19.902,tilt_mocs,2024.2.4,118.6912514243581,2025-12-19 13h27.13.083545 -0500,
2,15.0,,406,406,0,,,,,100,0,,,,,c+2,poss,0.75,period,1.303636833006749,None,None,,,,,,,,,,,0,406,406,96,641.381135707983,,,,,,,,,,,,,,,,,,,,,,,,,,,,,,,,,,,,,,,,,,,,,,,,,,,,,,,,,,,,,,,,,,,,,,641.3724975409859,641.381135707983,642.117468499986,642.117468499986,642.117468499986,642.1893157500017,642.1893157500017,642.1893157500017,642.6879975409829,period,1.303636833006749,None,642.688140290993,642.6882316659903,None,,,,,,,,,,,,21049980,0,2025-12-19_13h26.19.902,tilt_mocs,2024.2.4,118.6912514243581,2025-12-19 13h27.13.083545 -0500,
2,0.0,,407,407,0,,,,,0,100,,,,,c+2,noss,0.75,period,1.2525220829993486,None,None,,,,,,,,,,,0,407,407,645,642.699750040978,,,,,,,,,,,,,,,,,,,,,,,,,,,,,,,,,,,,,,,,,,,,,,,,,,,,,,,,,,,,,,,,,,,,,,642.6908113749814,642.699750040978,643.4341219159833,643.4341219159833,643.4341219159833,643.5064392499917,643.5064392499917,643.5064392499917,643.9582270410028,period,1.2525220829993486,None,643.9583289999864,643.958373499976,None,,,,,,,,,,,,21049980,0,2025-12-19_13h26.19.902,tilt_mocs,2024.2.4,118.6912514243581,2025-12-19 13h27.13.083545 -0500,
0,-15.0,,408,408,0,,,,,100,0,,,,,c+0,negs,0.75,period,1.2214065410080366,None,None,,,,,,,,,,,0,408,408,439,643.9699454999936,,,,,,,,,,,,,,,,,,,,,,,,,,,,,,,,,,,,,,,,,,,,,,,,,,,,,,,,,,,,,,,,,,,,,,643.9603561660042,643.9699454999936,644.7098635409784,644.7098635409784,644.7098635409784,644.784748999984,644.784748999984,644.784748999984,645.2028300829988,period,1.2214065410080366,None,645.2029382079781,645.2029937079933,None,,,,,,,,,,,,21049980,0,2025-12-19_13h26.19.902,tilt_mocs,2024.2.4,118.6912514243581,2025-12-19 13h27.13.083545 -0500,
-4,0.0,,409,409,0,,,,,0,100,,,,,c-4,noss,1.0,z,1.4313194580026902,None,None,,,,,,,,,,,0,409,409,534,645.2103844999801,,,,,,,,,,,,,,,,,,,,,,,,,,,,,,,,,,,,,,,,,,,,,,,,,,,,,,,,,,,,,,,,,,,,,,645.2049753329775,645.2103844999801,646.2008092500037,646.2008092500037,646.2008092500037,646.273035708,646.273035708,646.273035708,646.6526091659907,z,1.4313194580026902,None,646.652734540985,646.6527772909903,None,,,,,,,,,,,,21049980,0,2025-12-19_13h26.19.902,tilt_mocs,2024.2.4,118.6912514243581,2025-12-19 13h27.13.083545 -0500,
-8,-15.0,,410,410,0,,,,,100,0,,,,,c-8,negs,0.75,z,1.0922575000149664,None,None,,,,,,,,,,,0,410,410,268,646.6633641249791,,,,,,,,,,,,,,,,,,,,,,,,,,,,,,,,,,,,,,,,,,,,,,,,,,,,,,,,,,,,,,,,,,,,,,646.6547568329843,646.6633641249791,647.4009470829915,647.4009470829915,647.4009470829915,647.4729856659833,647.4729856659833,647.4729856659833,647.7595041659952,z,1.0922575000149664,None,647.7596402499767,647.7597122909792,None,,,,,,,,,,,,21049980,0,2025-12-19_13h26.19.902,tilt_mocs,2024.2.4,118.6912514243581,2025-12-19 13h27.13.083545 -0500,
-6,-15.0,,411,411,0,,,,,100,0,,,,,c-6,negs,0.5,z,0.9065174580027815,None,None,,,,,,,,,,,0,411,411,304,647.7707948329917,,,,,,,,,,,,,,,,,,,,,,,,,,,,,,,,,,,,,,,,,,,,,,,,,,,,,,,,,,,,,,,,,,,,,,647.7619122079923,647.7707948329917,648.2603886249999,648.2603886249999,648.2603886249999,648.3348255409801,648.3348255409801,648.3348255409801,648.6875138749892,z,0.9065174580027815,None,648.687650332984,648.6877041249827,None,,,,,,,,,,,,21049980,0,2025-12-19_13h26.19.902,tilt_mocs,2024.2.4,118.6912514243581,2025-12-19 13h27.13.083545 -0500,
-2,15.0,,412,412,0,,,,,100,0,,,,,c-2,poss,0.75,z,1.1533550830208696,None,None,,,,,,,,,,,0,412,412,19,648.6986506249814,,,,,,,,,,,,,,,,,,,,,,,,,,,,,,,,,,,,,,,,,,,,,,,,,,,,,,,,,,,,,,,,,,,,,,648.6899586659856,648.6986506249814,649.4343154999951,649.4343154999951,649.4343154999951,649.5064398749964,649.5064398749964,649.5064398749964,649.8551626249973,z,1.1533550830208696,None,649.8553010409814,649.8553632909898,None,,,,,,,,,,,,21049980,0,2025-12-19_13h26.19.902,tilt_mocs,2024.2.4,118.6912514243581,2025-12-19 13h27.13.083545 -0500,
2,0.0,,413,413,0,,,,,0,100,,,,,c+2,noss,0.5,period,0.9744993750064168,None,None,,,,,,,,,,,0,413,413,632,649.867139332986,,,,,,,,,,,,,,,,,,,,,,,,,,,,,,,,,,,,,,,,,,,,,,,,,,,,,,,,,,,,,,,,,,,,,,649.8581672080036,649.867139332986,650.3512181660044,650.3512181660044,650.3512181660044,650.4230766659894,650.4230766659894,650.4230766659894,650.8442197080003,period,0.9744993750064168,None,650.844353790977,650.8444109999982,None,,,,,,,,,,,,21049980,0,2025-12-19_13h26.19.902,tilt_mocs,2024.2.4,118.6912514243581,2025-12-19 13h27.13.083545 -0500,
6,15.0,,414,414,0,,,,,100,0,,,,,c+6,poss,0.75,period,1.1799680000112858,None,None,,,,,,,,,,,0,414,414,181,650.8551250000019,,,,,,,,,,,,,,,,,,,,,,,,,,,,,,,,,,,,,,,,,,,,,,,,,,,,,,,,,,,,,,,,,,,,,,650.8469298749988,650.8551250000019,651.5939099579991,651.5939099579991,651.5939099579991,651.6683139159868,651.6683139159868,651.6683139159868,652.0378237499972,period,1.1799680000112858,None,652.0379967079789,652.0380540829792,None,,,,,,,,,,,,21049980,0,2025-12-19_13h26.19.902,tilt_mocs,2024.2.4,118.6912514243581,2025-12-19 13h27.13.083545 -0500,
2,15.0,,415,415,0,,,,,100,0,,,,,c+2,poss,1.0,z,1.4279577500128653,None,None,,,,,,,,,,,0,415,415,109,652.0498525409785,,,,,,,,,,,,,,,,,,,,,,,,,,,,,,,,,,,,,,,,,,,,,,,,,,,,,,,,,,,,,,,,,,,,,,652.0407264579844,652.0498525409785,653.0345267499797,653.0345267499797,653.0345267499797,653.106714374997,653.106714374997,653.106714374997,653.4877423330036,z,1.4279577500128653,None,653.4879153329821,653.4879792080028,None,,,,,,,,,,,,21049980,0,2025-12-19_13h26.19.902,tilt_mocs,2024.2.4,118.6912514243581,2025-12-19 13h27.13.083545 -0500,
-6,-15.0,,416,416,0,,,,,100,0,,,,,c-6,negs,1.0,z,1.5528251659998205,None,None,,,,,,,,,,,0,416,416,319,653.4994849159848,,,,,,,,,,,,,,,,,,,,,,,,,,,,,,,,,,,,,,,,,,,,,,,,,,,,,,,,,,,,,,,,,,,,,,653.4906431659765,653.4994849159848,654.4845836249879,654.4845836249879,654.4845836249879,654.5572156249837,654.5572156249837,654.5572156249837,655.0552435409918,z,1.5528251659998205,None,655.0554138750012,655.0554797909863,None,,,,,,,,,,,,21049980,0,2025-12-19_13h26.19.902,tilt_mocs,2024.2.4,118.6912514243581,2025-12-19 13h27.13.083545 -0500,
2,15.0,,417,417,0,,,,,100,0,,,,,c+2,poss,0.5,z,0.9754977080156095,None,None,,,,,,,,,,,0,417,417,91,655.0677799579862,,,,,,,,,,,,,,,,,,,,,,,,,,,,,,,,,,,,,,,,,,,,,,,,,,,,,,,,,,,,,,,,,,,,,,655.0585867909831,655.0677799579862,655.551302124979,655.551302124979,655.551302124979,655.6234826659784,655.6234826659784,655.6234826659784,656.0546397079888,z,0.9754977080156095,None,656.0548267079866,656.0548936659761,None,,,,,,,,,,,,21049980,0,2025-12-19_13h26.19.902,tilt_mocs,2024.2.4,118.6912514243581,2025-12-19 13h27.13.083545 -0500,
-6,-15.0,,418,418,0,,,,,100,0,,,,,c-6,negs,0.75,z,1.145694042003015,None,None,,,,,,,,,,,0,418,418,315,656.0668003329774,,,,,,,,,,,,,,,,,,,,,,,,,,,,,,,,,,,,,,,,,,,,,,,,,,,,,,,,,,,,,,,,,,,,,,656.0576148330001,656.0668003329774,656.800466790999,656.800466790999,656.800466790999,656.8734134999977,656.8734134999977,656.8734134999977,657.2210585830035,z,1.145694042003015,None,657.2212407079933,657.2213075409818,None,,,,,,,,,,,,21049980,0,2025-12-19_13h26.19.902,tilt_mocs,2024.2.4,118.6912514243581,2025-12-19 13h27.13.083545 -0500,
-4,-15.0,,419,419,0,,,,,100,0,,,,,c-4,negs,0.5,z,1.0250731249980163,None,None,,,,,,,,,,,0,419,419,343,657.233234290994,,,,,,,,,,,,,,,,,,,,,,,,,,,,,,,,,,,,,,,,,,,,,,,,,,,,,,,,,,,,,,,,,,,,,,657.2241349160031,657.233234290994,657.7180377909972,657.7180377909972,657.7180377909972,657.7901460409921,657.7901460409921,657.7901460409921,658.2707841660012,z,1.0250731249980163,None,658.2709451660048,658.2710034159827,None,,,,,,,,,,,,21049980,0,2025-12-19_13h26.19.902,tilt_mocs,2024.2.4,118.6912514243581,2025-12-19 13h27.13.083545 -0500,
0,15.0,,420,420,0,,,,,100,0,,,,,c+0,poss,1.25,z,1.9410008749982808,None,None,,,,,,,,,,,0,420,420,79,658.282263540983,,,,,,,,,,,,,,,,,,,,,,,,,,,,,,,,,,,,,,,,,,,,,,,,,,,,,,,,,,,,,,,,,,,,,,658.2736458329891,658.282263540983,659.5181485409848,659.5181485409848,659.5181485409848,659.5899729999946,659.5899729999946,659.5899729999946,660.2263063330029,z,1.9410008749982808,None,660.2264020000002,660.2264442500018,None,,,,,,,,,,,,21049980,0,2025-12-19_13h26.19.902,tilt_mocs,2024.2.4,118.6912514243581,2025-12-19 13h27.13.083545 -0500,
6,15.0,,421,421,0,,,,,100,0,,,,,c+6,poss,0.5,period,0.9231700410018675,None,None,,,,,,,,,,,0,421,421,177,660.2375262499845,,,,,,,,,,,,,,,,,,,,,,,,,,,,,,,,,,,,,,,,,,,,,,,,,,,,,,,,,,,,,,,,,,,,,,660.2283804999897,660.2375262499845,660.727716333,660.727716333,660.727716333,660.8019646659959,660.8019646659959,660.8019646659959,661.1711457909842,period,0.9231700410018675,None,661.1712829579774,661.1713398749998,None,,,,,,,,,,,,21049980,0,2025-12-19_13h26.19.902,tilt_mocs,2024.2.4,118.6912514243581,2025-12-19 13h27.13.083545 -0500,
2,0.0,,422,422,0,,,,,0,100,,,,,c+2,noss,0.75,period,1.1914642920019105,None,None,,,,,,,,,,,0,422,422,647,661.1823631250008,,,,,,,,,,,,,,,,,,,,,,,,,,,,,,,,,,,,,,,,,,,,,,,,,,,,,,,,,,,,,,,,,,,,,,661.1735316249833,661.1823631250008,661.9181298750045,661.9181298750045,661.9181298750045,661.9898126659973,661.9898126659973,661.9898126659973,662.3763535000035,period,1.1914642920019105,None,662.3764527500025,662.3764966249873,None,,,,,,,,,,,,21049980,0,2025-12-19_13h26.19.902,tilt_mocs,2024.2.4,118.6912514243581,2025-12-19 13h27.13.083545 -0500,
8,15.0,,423,423,0,,,,,100,0,,,,,c+8,poss,1.0,period,1.3177656669868156,None,None,,,,,,,,,,,0,423,423,238,662.3870233749913,,,,,,,,,,,,,,,,,,,,,,,,,,,,,,,,,,,,,,,,,,,,,,,,,,,,,,,,,,,,,,,,,,,,,,662.3784165410034,662.3870233749913,663.3781942499918,663.3781942499918,663.3781942499918,663.4520411659905,663.4520411659905,663.4520411659905,663.7094051250024,period,1.3177656669868156,None,663.709507874999,663.7095499159768,None,,,,,,,,,,,,21049980,0,2025-12-19_13h26.19.902,tilt_mocs,2024.2.4,118.6912514243581,2025-12-19 13h27.13.083545 -0500,
0,15.0,,424,424,0,,,,,100,0,,,,,c+0,poss,0.75,period,1.0485508749843575,None,None,,,,,,,,,,,0,424,424,56,663.7205822499818,,,,,,,,,,,,,,,,,,,,,,,,,,,,,,,,,,,,,,,,,,,,,,,,,,,,,,,,,,,,,,,,,,,,,,663.7115742909955,663.7205822499818,664.4619937909883,664.4619937909883,664.4619937909883,664.535452207987,664.535452207987,664.535452207987,664.7719531659968,period,1.0485508749843575,None,664.7721752499929,664.7722602499998,None,,,,,,,,,,,,21049980,0,2025-12-19_13h26.19.902,tilt_mocs,2024.2.4,118.6912514243581,2025-12-19 13h27.13.083545 -0500,
2,0.0,,425,425,0,,,,,0,100,,,,,c+2,noss,0.5,z,1.609510832990054,None,None,,,,,,,,,,,0,425,425,640,664.7835501660011,,,,,,,,,,,,,,,,,,,,,,,,,,,,,,,,,,,,,,,,,,,,,,,,,,,,,,,,,,,,,,,,,,,,,,664.7747306249803,664.7835501660011,665.2683404159907,665.2683404159907,665.2683404159907,665.3408705829934,665.3408705829934,665.3408705829934,666.4043180829904,z,1.609510832990054,None,666.4044465829793,666.4045015409938,None,,,,,,,,,,,,21049980,0,2025-12-19_13h26.19.902,tilt_mocs,2024.2.4,118.6912514243581,2025-12-19 13h27.13.083545 -0500,
-8,-15.0,,426,426,0,,,,,100,0,,,,,c-8,negs,1.25,period,0.053092749993084,None,None,,,,,,,,,,,0,426,426,293,666.4155639999954,,,,,,,,,,,,,,,,,,,,,,,,,,,,,,,,,,,,,,,,,,,,,,,,,,,,,,,,,,,,,,,,,,,,,,666.4066879999882,666.4155639999954,,,,,,,666.4710981659882,period,0.053092749993084,None,666.4712176249886,666.4712747079902,None,,,,,,,,,,,,21049980,0,2025-12-19_13h26.19.902,tilt_mocs,2024.2.4,118.6912514243581,2025-12-19 13h27.13.083545 -0500,
0,-15.0,,427,427,0,,,,,100,0,,,,,c+0,negs,1.25,period,1.7103854170127306,None,None,,,,,,,,,,,0,427,427,460,666.4817685409798,,,,,,,,,,,,,,,,,,,,,,,,,,,,,,,,,,,,,,,,,,,,,,,,,,,,,,,,,,,,,,,,,,,,,,666.4734769999923,666.4817685409798,667.71833366598,667.71833366598,667.71833366598,667.7903083749989,667.7903083749989,667.7903083749989,668.2047938749893,period,1.7103854170127306,None,668.2049504579918,668.2050051660044,None,,,,,,,,,,,,21049980,0,2025-12-19_13h26.19.902,tilt_mocs,2024.2.4,118.6912514243581,2025-12-19 13h27.13.083545 -0500,
-8,-15.0,,428,428,0,,,,,100,0,,,,,c-8,negs,1.25,z,1.7787692080019042,None,None,,,,,,,,,,,0,428,428,291,668.2173132909811,,,,,,,,,,,,,,,,,,,,,,,,,,,,,,,,,,,,,,,,,,,,,,,,,,,,,,,,,,,,,,,,,,,,,,668.207971374999,668.2173132909811,669.4517240409914,669.4517240409914,669.4517240409914,669.5252639160026,669.5252639160026,669.5252639160026,670.0049809579796,z,1.7787692080019042,None,670.005161832989,670.0052314999921,None,,,,,,,,,,,,21049980,0,2025-12-19_13h26.19.902,tilt_mocs,2024.2.4,118.6912514243581,2025-12-19 13h27.13.083545 -0500,
6,15.0,,429,429,0,,,,,100,0,,,,,c+6,poss,0.75,period,1.2915821250062436,None,None,,,,,,,,,,,0,429,429,179,670.0176716659917,,,,,,,,,,,,,,,,,,,,,,,,,,,,,,,,,,,,,,,,,,,,,,,,,,,,,,,,,,,,,,,,,,,,,,670.0083194579929,670.0176716659917,670.7519445409998,670.7519445409998,670.7519445409998,670.8239706659806,670.8239706659806,670.8239706659806,671.3212783329946,period,1.2915821250062436,None,671.3214018330036,671.321456790989,None,,,,,,,,,,,,21049980,0,2025-12-19_13h26.19.902,tilt_mocs,2024.2.4,118.6912514243581,2025-12-19 13h27.13.083545 -0500,
8,15.0,,430,430,0,,,,,100,0,,,,,c+8,poss,1.25,period,1.7371001669962425,None,None,,,,,,,,,,,0,430,430,243,671.3321126249793,,,,,,,,,,,,,,,,,,,,,,,,,,,,,,,,,,,,,,,,,,,,,,,,,,,,,,,,,,,,,,,,,,,,,,671.3235628749826,671.3321126249793,672.5686230830033,672.5686230830033,672.5686230830033,672.6413446659863,672.6413446659863,672.6413446659863,673.0718482499942,period,1.7371001669962425,None,673.0720065409841,673.072064374981,None,,,,,,,,,,,,21049980,0,2025-12-19_13h26.19.902,tilt_mocs,2024.2.4,118.6912514243581,2025-12-19 13h27.13.083545 -0500,
8,15.0,,431,431,0,,,,,100,0,,,,,c+8,poss,1.0,period,1.3402310000092257,None,None,,,,,,,,,,,0,431,431,237,673.083822790999,,,,,,,,,,,,,,,,,,,,,,,,,,,,,,,,,,,,,,,,,,,,,,,,,,,,,,,,,,,,,,,,,,,,,,673.0748976249888,673.083822790999,674.0685306660016,674.0685306660016,674.0685306660016,674.1415486249898,674.1415486249898,674.1415486249898,674.4379194159992,period,1.3402310000092257,None,674.4380520409904,674.4381061249878,None,,,,,,,,,,,,21049980,0,2025-12-19_13h26.19.902,tilt_mocs,2024.2.4,118.6912514243581,2025-12-19 13h27.13.083545 -0500,
4,15.0,,432,432,0,,,,,100,0,,,,,c+4,poss,0.5,period,0.9712580000050366,None,None,,,,,,,,,,,0,432,432,136,674.448814540985,,,,,,,,,,,,,,,,,,,,,,,,,,,,,,,,,,,,,,,,,,,,,,,,,,,,,,,,,,,,,,,,,,,,,,674.4401294159761,674.448814540985,674.9343339999905,674.9343339999905,674.9343339999905,675.0079323749815,675.0079323749815,675.0079323749815,675.4232092909806,period,0.9712580000050366,None,675.4233678329911,675.4234246659908,None,,,,,,,,,,,,21049980,0,2025-12-19_13h26.19.902,tilt_mocs,2024.2.4,118.6912514243581,2025-12-19 13h27.13.083545 -0500,
0,15.0,,433,433,0,,,,,100,0,,,,,c+0,poss,1.25,period,1.2521469579951372,None,None,,,,,,,,,,,0,433,433,75,675.4347392499913,,,,,,,,,,,,,,,,,,,,,,,,,,,,,,,,,,,,,,,,,,,,,,,,,,,,,,,,,,,,,,,,,,,,,,675.42596545798,675.4347392499913,676.6687367499981,676.6687367499981,676.6687367499981,,,,676.693650457979,period,1.2521469579951372,None,676.6937523749948,676.6937952909793,None,,,,,,,,,,,,21049980,0,2025-12-19_13h26.19.902,tilt_mocs,2024.2.4,118.6912514243581,2025-12-19 13h27.13.083545 -0500,
2,-15.0,,434,434,0,,,,,100,0,,,,,c+2,negs,0.5,z,2.6094478750019334,None,None,,,,,,,,,,,0,434,434,469,676.7046273329761,,,,,,,,,,,,,,,,,,,,,,,,,,,,,,,,,,,,,,,,,,,,,,,,,,,,,,,,,,,,,,,,,,,,,,676.6956777909945,676.7046273329761,677.1945840829867,677.1945840829867,677.1945840829867,677.2691612499766,677.2691612499766,677.2691612499766,679.3219082079886,z,2.6094478750019334,None,679.3220674579788,679.322118082986,None,,,,,,,,,,,,21049980,0,2025-12-19_13h26.19.902,tilt_mocs,2024.2.4,118.6912514243581,2025-12-19 13h27.13.083545 -0500,
6,15.0,,435,435,0,,,,,100,0,,,,,c+6,poss,0.5,period,0.8724137090030126,None,None,,,,,,,,,,,0,435,435,169,679.3343852079997,,,,,,,,,,,,,,,,,,,,,,,,,,,,,,,,,,,,,,,,,,,,,,,,,,,,,,,,,,,,,,,,,,,,,,679.3253177079896,679.3343852079997,679.818756875,679.818756875,679.818756875,679.8912535409909,679.8912535409909,679.8912535409909,680.2105312909989,period,0.8724137090030126,None,680.2106460829964,680.2106936249766,None,,,,,,,,,,,,21049980,0,2025-12-19_13h26.19.902,tilt_mocs,2024.2.4,118.6912514243581,2025-12-19 13h27.13.083545 -0500,
4,15.0,,436,436,0,,,,,100,0,,,,,c+4,poss,1.0,period,1.3213837500079535,None,None,,,,,,,,,,,0,436,436,153,680.2216560829838,,,,,,,,,,,,,,,,,,,,,,,,,,,,,,,,,,,,,,,,,,,,,,,,,,,,,,,,,,,,,,,,,,,,,,680.2126891659864,680.2216560829838,681.2125630409864,681.2125630409864,681.2125630409864,681.2861017079849,681.2861017079849,681.2861017079849,681.5552507909888,period,1.3213837500079535,None,681.5553917909856,681.5554481250001,None,,,,,,,,,,,,21049980,0,2025-12-19_13h26.19.902,tilt_mocs,2024.2.4,118.6912514243581,2025-12-19 13h27.13.083545 -0500,
0,0.0,,437,437,0,,,,,0,100,,,,,c+0,noss,1.0,period,1.2549803339934442,None,None,,,,,,,,,,,0,437,437,617,681.567269541003,,,,,,,,,,,,,,,,,,,,,,,,,,,,,,,,,,,,,,,,,,,,,,,,,,,,,,,,,,,,,,,,,,,,,,681.5576544579817,681.567269541003,682.5514728749986,682.5514728749986,682.5514728749986,682.6252945829765,682.6252945829765,682.6252945829765,682.8271810409788,period,1.2549803339934442,None,682.8273150409805,682.82737408299,None,,,,,,,,,,,,21049980,0,2025-12-19_13h26.19.902,tilt_mocs,2024.2.4,118.6912514243581,2025-12-19 13h27.13.083545 -0500,
0,15.0,,438,438,0,,,,,100,0,,,,,c+0,poss,1.25,period,1.5975337920244783,None,None,,,,,,,,,,,0,438,438,81,682.8385797499795,,,,,,,,,,,,,,,,,,,,,,,,,,,,,,,,,,,,,,,,,,,,,,,,,,,,,,,,,,,,,,,,,,,,,,682.8296045829775,682.8385797499795,684.0779287909972,684.0779287909972,684.0779287909972,684.152811374981,684.152811374981,684.152811374981,684.4389476659999,period,1.5975337920244783,None,684.4390923749888,684.4391705000016,None,,,,,,,,,,,,21049980,0,2025-12-19_13h26.19.902,tilt_mocs,2024.2.4,118.6912514243581,2025-12-19 13h27.13.083545 -0500,
-4,0.0,,439,439,0,,,,,0,100,,,,,c-4,noss,1.0,z,1.4624405000067782,None,None,,,,,,,,,,,0,439,439,529,684.4505354159919,,,,,,,,,,,,,,,,,,,,,,,,,,,,,,,,,,,,,,,,,,,,,,,,,,,,,,,,,,,,,,,,,,,,,,684.4412607080012,684.4505354159919,685.4357577909832,685.4357577909832,685.4357577909832,685.5079340410011,685.5079340410011,685.5079340410011,685.9219819999998,z,1.4624405000067782,None,685.9221394999768,685.9222026659991,None,,,,,,,,,,,,21049980,0,2025-12-19_13h26.19.902,tilt_mocs,2024.2.4,118.6912514243581,2025-12-19 13h27.13.083545 -0500,
4,0.0,,440,440,0,,,,,0,100,,,,,c+4,noss,0.5,z,0.8699406670057215,None,None,,,,,,,,,,,0,440,440,673,685.9341889579955,,,,,,,,,,,,,,,,,,,,,,,,,,,,,,,,,,,,,,,,,,,,,,,,,,,,,,,,,,,,,,,,,,,,,,685.9252752499888,685.9341889579955,686.4195763749885,686.4195763749885,686.4195763749885,686.4911757079826,686.4911757079826,686.4911757079826,686.8112671249837,z,0.8699406670057215,None,686.8113875830022,686.8114408749971,None,,,,,,,,,,,,21049980,0,2025-12-19_13h26.19.902,tilt_mocs,2024.2.4,118.6912514243581,2025-12-19 13h27.13.083545 -0500,
-2,0.0,,441,441,0,,,,,0,100,,,,,c-2,noss,1.0,period,1.3806424580106977,None,None,,,,,,,,,,,0,441,441,570,686.8224309579819,,,,,,,,,,,,,,,,,,,,,,,,,,,,,,,,,,,,,,,,,,,,,,,,,,,,,,,,,,,,,,,,,,,,,,686.8139357079926,686.8224309579819,687.8114062499953,687.8114062499953,687.8114062499953,687.8861735409882,687.8861735409882,687.8861735409882,688.2055494579836,period,1.3806424580106977,None,688.2056749579788,688.2057304999908,None,,,,,,,,,,,,21049980,0,2025-12-19_13h26.19.902,tilt_mocs,2024.2.4,118.6912514243581,2025-12-19 13h27.13.083545 -0500,
-4,0.0,,442,442,0,,,,,0,100,,,,,c-4,noss,1.0,period,1.4557158329989761,None,None,,,,,,,,,,,0,442,442,530,688.216666666005,,,,,,,,,,,,,,,,,,,,,,,,,,,,,,,,,,,,,,,,,,,,,,,,,,,,,,,,,,,,,,,,,,,,,,688.2080730829912,688.216666666005,689.2025258329813,689.2025258329813,689.2025258329813,689.2755057909817,689.2755057909817,689.2755057909817,689.6776193330006,period,1.4557158329989761,None,689.6777437079872,689.6777943329944,None,,,,,,,,,,,,21049980,0,2025-12-19_13h26.19.902,tilt_mocs,2024.2.4,118.6912514243581,2025-12-19 13h27.13.083545 -0500,
-4,0.0,,443,443,0,,,,,0,100,,,,,c-4,noss,0.75,period,1.151525124994805,None,None,,,,,,,,,,,0,443,443,525,689.6886869159935,,,,,,,,,,,,,,,,,,,,,,,,,,,,,,,,,,,,,,,,,,,,,,,,,,,,,,,,,,,,,,,,,,,,,,689.6797395409958,689.6886869159935,690.4289527910005,690.4289527910005,690.4289527910005,690.5030212079873,690.5030212079873,690.5030212079873,690.8433499579842,period,1.151525124994805,None,690.8434449999768,690.8434869159828,None,,,,,,,,,,,,21049980,0,2025-12-19_13h26.19.902,tilt_mocs,2024.2.4,118.6912514243581,2025-12-19 13h27.13.083545 -0500,
2,-15.0,,444,444,0,,,,,100,0,,,,,c+2,negs,1.25,period,1.5658303330128547,None,None,,,,,,,,,,,0,444,444,503,690.8545393329987,,,,,,,,,,,,,,,,,,,,,,,,,,,,,,,,,,,,,,,,,,,,,,,,,,,,,,,,,,,,,,,,,,,,,,690.8454257079866,690.8545393329987,692.0956036249991,692.0956036249991,692.0956036249991,692.1698011659901,692.1698011659901,692.1698011659901,692.4233758749906,period,1.5658303330128547,None,692.4235950830043,692.4236683749768,None,,,,,,,,,,,,21049980,0,2025-12-19_13h26.19.902,tilt_mocs,2024.2.4,118.6912514243581,2025-12-19 13h27.13.083545 -0500,
-2,-15.0,,445,445,0,,,,,100,0,,,,,c-2,negs,0.5,period,0.9349949159950484,None,None,,,,,,,,,,,0,445,445,384,692.4349082910048,,,,,,,,,,,,,,,,,,,,,,,,,,,,,,,,,,,,,,,,,,,,,,,,,,,,,,,,,,,,,,,,,,,,,,692.4260585829907,692.4349082910048,692.919306374999,692.919306374999,692.919306374999,692.990663915989,692.990663915989,692.990663915989,693.3825596249953,period,0.9349949159950484,None,693.3826576249849,693.3826992079848,None,,,,,,,,,,,,21049980,0,2025-12-19_13h26.19.902,tilt_mocs,2024.2.4,118.6912514243581,2025-12-19 13h27.13.083545 -0500,
-8,-15.0,,446,446,0,,,,,100,0,,,,,c-8,negs,0.75,z,1.214367125008721,None,None,,,,,,,,,,,0,446,446,270,693.389323624986,,,,,,,,,,,,,,,,,,,,,,,,,,,,,,,,,,,,,,,,,,,,,,,,,,,,,,,,,,,,,,,,,,,,,,693.3846241659776,693.389323624986,694.1288869159762,694.1288869159762,694.1288869159762,694.2031906659831,694.2031906659831,694.2031906659831,694.6062147499761,z,1.214367125008721,None,694.6063388749899,694.6064052500005,None,,,,,,,,,,,,21049980,0,2025-12-19_13h26.19.902,tilt_mocs,2024.2.4,118.6912514243581,2025-12-19 13h27.13.083545 -0500,
4,15.0,,447,447,0,,,,,100,0,,,,,c+4,poss,0.5,period,0.9364095840137452,None,None,,,,,,,,,,,0,447,447,127,694.6177705829905,,,,,,,,,,,,,,,,,,,,,,,,,,,,,,,,,,,,,,,,,,,,,,,,,,,,,,,,,,,,,,,,,,,,,,694.6089811659767,694.6177705829905,695.102711332991,695.102711332991,695.102711332991,695.1756554159801,695.1756554159801,695.1756554159801,695.5599524579884,period,0.9364095840137452,None,695.5600708749844,695.5601244999852,None,,,,,,,,,,,,21049980,0,2025-12-19_13h26.19.902,tilt_mocs,2024.2.4,118.6912514243581,2025-12-19 13h27.13.083545 -0500,
2,-15.0,,448,448,0,,,,,100,0,,,,,c+2,negs,1.0,period,1.4005247500026599,None,None,,,,,,,,,,,0,448,448,493,695.5862757079885,,,,,,,,,,,,,,,,,,,,,,,,,,,,,,,,,,,,,,,,,,,,,,,,,,,,,,,,,,,,,,,,,,,,,,695.5621614579868,695.5862757079885,696.5630104579905,696.5630104579905,696.5630104579905,696.6365211249795,696.6365211249795,696.6365211249795,696.9893887910002,period,1.4005247500026599,None,696.9895306249964,696.9895875410002,None,,,,,,,,,,,,21049980,0,2025-12-19_13h26.19.902,tilt_mocs,2024.2.4,118.6912514243581,2025-12-19 13h27.13.083545 -0500,
2,15.0,,449,449,0,,,,,100,0,,,,,c+2,poss,1.25,z,1.7909537910018116,None,None,,,,,,,,,,,0,449,449,118,697.0004756249837,,,,,,,,,,,,,,,,,,,,,,,,,,,,,,,,,,,,,,,,,,,,,,,,,,,,,,,,,,,,,,,,,,,,,,696.9919890829769,697.0004756249837,698.2361455409846,698.2361455409846,698.2361455409846,698.3084597080015,698.3084597080015,698.3084597080015,698.7946429580043,z,1.7909537910018116,None,698.7947922079766,698.7948562910024,None,,,,,,,,,,,,21049980,0,2025-12-19_13h26.19.902,tilt_mocs,2024.2.4,118.6912514243581,2025-12-19 13h27.13.083545 -0500,
-2,15.0,,450,450,0,,,,,100,0,,,,,c-2,poss,1.0,period,1.5042748329869937,None,None,,,,,,,,,,,0,450,450,27,698.8058268329769,,,,,,,,,,,,,,,,,,,,,,,,,,,,,,,,,,,,,,,,,,,,,,,,,,,,,,,,,,,,,,,,,,,,,,698.7972932079865,698.8058268329769,699.796043624985,699.796043624985,699.796043624985,699.8701084159839,699.8701084159839,699.8701084159839,700.3220139579789,period,1.5042748329869937,None,700.3221177909872,700.3221608749882,None,,,,,,,,,,,,21049980,0,2025-12-19_13h26.19.902,tilt_mocs,2024.2.4,118.6912514243581,2025-12-19 13h27.13.083545 -0500,
0,0.0,,451,451,0,,,,,0,100,,,,,c+0,noss,0.5,z,0.920960167015437,None,None,,,,,,,,,,,0,451,451,597,700.332753708004,,,,,,,,,,,,,,,,,,,,,,,,,,,,,,,,,,,,,,,,,,,,,,,,,,,,,,,,,,,,,,,,,,,,,,700.3241176249867,700.332753708004,700.8196116659965,700.8196116659965,700.8196116659965,700.8933039999974,700.8933039999974,700.8933039999974,701.2568402499892,z,0.920960167015437,None,701.2569824160018,701.2570405000006,None,,,,,,,,,,,,21049980,0,2025-12-19_13h26.19.902,tilt_mocs,2024.2.4,118.6912514243581,2025-12-19 13h27.13.083545 -0500,
0,15.0,,452,452,0,,,,,100,0,,,,,c+0,poss,1.0,period,1.4027445000247099,None,None,,,,,,,,,,,0,452,452,67,701.2684537909809,,,,,,,,,,,,,,,,,,,,,,,,,,,,,,,,,,,,,,,,,,,,,,,,,,,,,,,,,,,,,,,,,,,,,,701.2596317499992,701.2684537909809,702.2529695410049,702.2529695410049,702.2529695410049,702.3250004579895,702.3250004579895,702.3250004579895,702.6833620409889,period,1.4027445000247099,None,702.6834618329885,702.6835059159785,None,,,,,,,,,,,,21049980,0,2025-12-19_13h26.19.902,tilt_mocs,2024.2.4,118.6912514243581,2025-12-19 13h27.13.083545 -0500,
0,-15.0,,453,453,0,,,,,100,0,,,,,c+0,negs,1.0,period,1.4632974580163136,None,None,,,,,,,,,,,0,453,453,445,702.6899967499776,,,,,,,,,,,,,,,,,,,,,,,,,,,,,,,,,,,,,,,,,,,,,,,,,,,,,,,,,,,,,,,,,,,,,,702.6855023749813,702.6899967499776,703.679992749996,703.679992749996,703.679992749996,703.7536421660043,703.7536421660043,703.7536421660043,704.1560261249833,period,1.4632974580163136,None,704.1561653329991,704.1562282499799,None,,,,,,,,,,,,21049980,0,2025-12-19_13h26.19.902,tilt_mocs,2024.2.4,118.6912514243581,2025-12-19 13h27.13.083545 -0500,
0,-15.0,,454,454,0,,,,,100,0,,,,,c+0,negs,0.5,period,0.9858889169991016,None,None,,,,,,,,,,,0,454,454,423,704.1677065829863,,,,,,,,,,,,,,,,,,,,,,,,,,,,,,,,,,,,,,,,,,,,,,,,,,,,,,,,,,,,,,,,,,,,,,704.158421375003,704.1677065829863,704.6529897500004,704.6529897500004,704.6529897500004,704.7255284999846,704.7255284999846,704.7255284999846,705.1561040829984,period,0.9858889169991016,None,705.1562404999859,705.156296540983,None,,,,,,,,,,,,21049980,0,2025-12-19_13h26.19.902,tilt_mocs,2024.2.4,118.6912514243581,2025-12-19 13h27.13.083545 -0500,
0,-15.0,,455,455,0,,,,,100,0,,,,,c+0,negs,0.5,period,0.8557677500066347,None,None,,,,,,,,,,,0,455,455,421,705.1670212079771,,,,,,,,,,,,,,,,,,,,,,,,,,,,,,,,,,,,,,,,,,,,,,,,,,,,,,,,,,,,,,,,,,,,,,705.1584299579845,705.1670212079771,705.6532359159901,705.6532359159901,705.6532359159901,705.7254027909948,705.7254027909948,705.7254027909948,706.0269135409908,period,0.8557677500066347,None,706.0270116250031,706.0270548329863,None,,,,,,,,,,,,21049980,0,2025-12-19_13h26.19.902,tilt_mocs,2024.2.4,118.6912514243581,2025-12-19 13h27.13.083545 -0500,
-4,-15.0,,456,456,0,,,,,100,0,,,,,c-4,negs,0.75,period,1.0096058749768417,None,None,,,,,,,,,,,0,456,456,353,706.0532785829855,,,,,,,,,,,,,,,,,,,,,,,,,,,,,,,,,,,,,,,,,,,,,,,,,,,,,,,,,,,,,,,,,,,,,,706.0289867910033,706.0532785829855,706.7692277079914,706.7692277079914,706.7692277079914,706.8420842079795,706.8420842079795,706.8420842079795,707.0725281249906,period,1.0096058749768417,None,707.0726543329947,707.0727092500019,None,,,,,,,,,,,,21049980,0,2025-12-19_13h26.19.902,tilt_mocs,2024.2.4,118.6912514243581,2025-12-19 13h27.13.083545 -0500,
0,0.0,,457,457,0,,,,,0,100,,,,,c+0,noss,1.0,period,1.2634492499928456,None,None,,,,,,,,,,,0,457,457,615,707.0837794159888,,,,,,,,,,,,,,,,,,,,,,,,,,,,,,,,,,,,,,,,,,,,,,,,,,,,,,,,,,,,,,,,,,,,,,707.074951290997,707.0837794159888,708.0699076250021,708.0699076250021,708.0699076250021,708.1427386249998,708.1427386249998,708.1427386249998,708.3563764999853,period,1.2634492499928456,None,708.3565218749864,708.3565819579817,None,,,,,,,,,,,,21049980,0,2025-12-19_13h26.19.902,tilt_mocs,2024.2.4,118.6912514243581,2025-12-19 13h27.13.083545 -0500,
2,15.0,,458,458,0,,,,,100,0,,,,,c+2,poss,0.75,z,1.2892870409996249,None,None,,,,,,,,,,,0,458,458,104,708.3673263329838,,,,,,,,,,,,,,,,,,,,,,,,,,,,,,,,,,,,,,,,,,,,,,,,,,,,,,,,,,,,,,,,,,,,,,708.3589309999952,708.3673263329838,709.1031689159863,709.1031689159863,709.1031689159863,709.175607082987,709.175607082987,709.175607082987,709.6596146659867,z,1.2892870409996249,None,709.659711040993,709.6597535829933,None,,,,,,,,,,,,21049980,0,2025-12-19_13h26.19.902,tilt_mocs,2024.2.4,118.6912514243581,2025-12-19 13h27.13.083545 -0500,
2,-15.0,,459,459,0,,,,,100,0,,,,,c+2,negs,1.0,period,1.367890041001374,None,None,,,,,,,,,,,0,459,459,489,709.6702315830044,,,,,,,,,,,,,,,,,,,,,,,,,,,,,,,,,,,,,,,,,,,,,,,,,,,,,,,,,,,,,,,,,,,,,,709.6617194999999,709.6702315830044,710.6534348329878,710.6534348329878,710.6534348329878,710.7256197079842,710.7256197079842,710.7256197079842,711.0503034580033,period,1.367890041001374,None,711.050401540997,711.0504437499912,None,,,,,,,,,,,,21049980,0,2025-12-19_13h26.19.902,tilt_mocs,2024.2.4,118.6912514243581,2025-12-19 13h27.13.083545 -0500,
4,0.0,,460,460,0,,,,,0,100,,,,,c+4,noss,1.0,period,1.4242320420162287,None,None,,,,,,,,,,,0,460,460,696,711.0573805829918,,,,,,,,,,,,,,,,,,,,,,,,,,,,,,,,,,,,,,,,,,,,,,,,,,,,,,,,,,,,,,,,,,,,,,711.0529099580017,711.0573805829918,712.0454202079854,712.0454202079854,712.0454202079854,712.1205019999761,712.1205019999761,712.1205019999761,712.4891551659966,period,1.4242320420162287,None,712.4892803749826,712.4893342499854,None,,,,,,,,,,,,21049980,0,2025-12-19_13h26.19.902,tilt_mocs,2024.2.4,118.6912514243581,2025-12-19 13h27.13.083545 -0500,
2,15.0,,461,461,0,,,,,100,0,,,,,c+2,poss,1.0,period,1.3727627909975126,None,None,,,,,,,,,,,0,461,461,108,712.5005949579936,,,,,,,,,,,,,,,,,,,,,,,,,,,,,,,,,,,,,,,,,,,,,,,,,,,,,,,,,,,,,,,,,,,,,,712.4917720409867,712.5005949579936,713.4866497500043,713.4866497500043,713.4866497500043,713.5588961250032,713.5588961250032,713.5588961250032,713.879735540977,period,1.3727627909975126,None,713.879872999998,713.8799381249992,None,,,,,,,,,,,,21049980,0,2025-12-19_13h26.19.902,tilt_mocs,2024.2.4,118.6912514243581,2025-12-19 13h27.13.083545 -0500,
-8,-15.0,,462,462,0,,,,,100,0,,,,,c-8,negs,0.5,z,0.9146194170170929,None,None,,,,,,,,,,,0,462,462,258,713.8901086660044,,,,,,,,,,,,,,,,,,,,,,,,,,,,,,,,,,,,,,,,,,,,,,,,,,,,,,,,,,,,,,,,,,,,,,713.8821326659818,713.8901086660044,714.3790222909884,714.3790222909884,714.3790222909884,714.453900833003,714.453900833003,714.453900833003,714.8167727079999,z,0.9146194170170929,None,714.8168763330032,714.8169245829922,None,,,,,,,,,,,,21049980,0,2025-12-19_13h26.19.902,tilt_mocs,2024.2.4,118.6912514243581,2025-12-19 13h27.13.083545 -0500,
4,0.0,,463,463,0,,,,,0,100,,,,,c+4,noss,0.75,period,1.2302614169893786,None,None,,,,,,,,,,,0,463,463,685,714.8235366659937,,,,,,,,,,,,,,,,,,,,,,,,,,,,,,,,,,,,,,,,,,,,,,,,,,,,,,,,,,,,,,,,,,,,,,714.8189252500015,714.8235366659937,715.5632840829785,715.5632840829785,715.5632840829785,715.6373124579841,715.6373124579841,715.6373124579841,716.0563025829906,period,1.2302614169893786,None,716.0564279999817,716.0564832499949,None,,,,,,,,,,,,21049980,0,2025-12-19_13h26.19.902,tilt_mocs,2024.2.4,118.6912514243581,2025-12-19 13h27.13.083545 -0500,
0,0.0,,464,464,0,,,,,0,100,,,,,c+0,noss,1.0,period,1.3203830000129528,None,None,,,,,,,,,,,0,464,464,618,716.0671259579831,,,,,,,,,,,,,,,,,,,,,,,,,,,,,,,,,,,,,,,,,,,,,,,,,,,,,,,,,,,,,,,,,,,,,,716.0585796249798,716.0671259579831,717.0529992909869,717.0529992909869,717.0529992909869,717.1259557080048,717.1259557080048,717.1259557080048,717.3905037909863,period,1.3203830000129528,None,717.3906770409958,717.3907497909968,None,,,,,,,,,,,,21049980,0,2025-12-19_13h26.19.902,tilt_mocs,2024.2.4,118.6912514243581,2025-12-19 13h27.13.083545 -0500,
-2,-15.0,,465,465,0,,,,,100,0,,,,,c-2,negs,0.75,period,1.1688573750143405,None,None,,,,,,,,,,,0,465,465,393,717.4021835829772,,,,,,,,,,,,,,,,,,,,,,,,,,,,,,,,,,,,,,,,,,,,,,,,,,,,,,,,,,,,,,,,,,,,,,717.393368457997,717.4021835829772,718.1372019159899,718.1372019159899,718.1372019159899,718.2086482500017,718.2086482500017,718.2086482500017,718.5741234159796,period,1.1688573750143405,None,718.574262707989,718.5743252079992,None,,,,,,,,,,,,21049980,0,2025-12-19_13h26.19.902,tilt_mocs,2024.2.4,118.6912514243581,2025-12-19 13h27.13.083545 -0500,
-2,0.0,,466,466,0,,,,,0,100,,,,,c-2,noss,1.25,period,1.1276779160252772,None,None,,,,,,,,,,,0,466,466,582,718.5852801250003,,,,,,,,,,,,,,,,,,,,,,,,,,,,,,,,,,,,,,,,,,,,,,,,,,,,,,,,,,,,,,,,,,,,,,718.5764226659958,718.5852801250003,,,,,,,719.7232914579799,period,1.1276779160252772,None,719.7234519579797,719.7235137079842,None,,,,,,,,,,,,21049980,0,2025-12-19_13h26.19.902,tilt_mocs,2024.2.4,118.6912514243581,2025-12-19 13h27.13.083545 -0500,
6,15.0,,467,467,0,,,,,100,0,,,,,c+6,poss,0.75,period,1.0596927079895977,None,None,,,,,,,,,,,0,467,467,184,719.7353860829899,,,,,,,,,,,,,,,,,,,,,,,,,,,,,,,,,,,,,,,,,,,,,,,,,,,,,,,,,,,,,,,,,,,,,,719.7262536659837,719.7353860829899,720.4703234999906,720.4703234999906,720.4703234999906,720.5424622079881,720.5424622079881,720.5424622079881,720.8062960829993,period,1.0596927079895977,None,720.8064019999874,720.8064459159796,None,,,,,,,,,,,,21049980,0,2025-12-19_13h26.19.902,tilt_mocs,2024.2.4,118.6912514243581,2025-12-19 13h27.13.083545 -0500,
2,-15.0,,468,468,0,,,,,100,0,,,,,c+2,negs,1.0,period,1.304202958010137,None,None,,,,,,,,,,,0,468,468,491,720.8169744579936,,,,,,,,,,,,,,,,,,,,,,,,,,,,,,,,,,,,,,,,,,,,,,,,,,,,,,,,,,,,,,,,,,,,,,720.8084232079855,720.8169744579936,721.8037346659985,721.8037346659985,721.8037346659985,721.8768099159934,721.8768099159934,721.8768099159934,722.1242414159933,period,1.304202958010137,None,722.1244264580018,722.1244968749816,None,,,,,,,,,,,,21049980,0,2025-12-19_13h26.19.902,tilt_mocs,2024.2.4,118.6912514243581,2025-12-19 13h27.13.083545 -0500,
6,15.0,,469,469,0,,,,,100,0,,,,,c+6,poss,1.0,period,1.375478458008729,None,None,,,,,,,,,,,0,469,469,192,722.136645999999,,,,,,,,,,,,,,,,,,,,,,,,,,,,,,,,,,,,,,,,,,,,,,,,,,,,,,,,,,,,,,,,,,,,,,722.1275409999944,722.136645999999,723.1203389159928,723.1203389159928,723.1203389159928,723.192611040984,723.192611040984,723.192611040984,723.5243147909932,period,1.375478458008729,None,723.5244435829809,723.5244991660002,None,,,,,,,,,,,,21049980,0,2025-12-19_13h26.19.902,tilt_mocs,2024.2.4,118.6912514243581,2025-12-19 13h27.13.083545 -0500,
-8,-15.0,,470,470,0,,,,,100,0,,,,,c-8,negs,0.75,z,1.176045875006821,None,None,,,,,,,,,,,0,470,470,271,723.5358988749795,,,,,,,,,,,,,,,,,,,,,,,,,,,,,,,,,,,,,,,,,,,,,,,,,,,,,,,,,,,,,,,,,,,,,,723.5267691249901,723.5358988749795,724.270372332976,724.270372332976,724.270372332976,724.3426159159862,724.3426159159862,724.3426159159862,724.7232682909817,z,1.176045875006821,None,724.7233966249914,724.7234507910034,None,,,,,,,,,,,,21049980,0,2025-12-19_13h26.19.902,tilt_mocs,2024.2.4,118.6912514243581,2025-12-19 13h27.13.083545 -0500,
-6,-15.0,,471,471,0,,,,,100,0,,,,,c-6,negs,0.75,z,1.138773915998172,None,None,,,,,,,,,,,0,471,471,309,724.7343532909872,,,,,,,,,,,,,,,,,,,,,,,,,,,,,,,,,,,,,,,,,,,,,,,,,,,,,,,,,,,,,,,,,,,,,,724.7256390409893,724.7343532909872,725.4703948749811,725.4703948749811,725.4703948749811,725.54245304098,725.54245304098,725.54245304098,725.8796996659948,z,1.138773915998172,None,725.8798204579798,725.8798733330041,None,,,,,,,,,,,,21049980,0,2025-12-19_13h26.19.902,tilt_mocs,2024.2.4,118.6912514243581,2025-12-19 13h27.13.083545 -0500,
2,0.0,,472,472,0,,,,,0,100,,,,,c+2,noss,0.75,period,1.2085038340010215,None,None,,,,,,,,,,,0,472,472,642,725.8904482499929,,,,,,,,,,,,,,,,,,,,,,,,,,,,,,,,,,,,,,,,,,,,,,,,,,,,,,,,,,,,,,,,,,,,,,725.882224290981,725.8904482499929,726.6294699999853,726.6294699999853,726.6294699999853,726.7043502499873,726.7043502499873,726.7043502499873,727.1065076249943,period,1.2085038340010215,None,727.106630166003,727.1066838330007,None,,,,,,,,,,,,21049980,0,2025-12-19_13h26.19.902,tilt_mocs,2024.2.4,118.6912514243581,2025-12-19 13h27.13.083545 -0500,
0,15.0,,473,473,0,,,,,100,0,,,,,c+0,poss,1.25,period,1.6900194580084644,None,None,,,,,,,,,,,0,473,473,80,727.1178687499778,,,,,,,,,,,,,,,,,,,,,,,,,,,,,,,,,,,,,,,,,,,,,,,,,,,,,,,,,,,,,,,,,,,,,,727.1091424159822,727.1178687499778,728.3538210410043,728.3538210410043,728.3538210410043,728.4263232910016,728.4263232910016,728.4263232910016,728.8113110830018,period,1.6900194580084644,None,728.8114088329894,728.8114523330005,None,,,,,,,,,,,,21049980,0,2025-12-19_13h26.19.902,tilt_mocs,2024.2.4,118.6912514243581,2025-12-19 13h27.13.083545 -0500,
-2,-15.0,,474,474,0,,,,,100,0,,,,,c-2,negs,1.0,period,1.524724208022235,None,None,,,,,,,,,,,0,474,474,406,728.8228788749839,,,,,,,,,,,,,,,,,,,,,,,,,,,,,,,,,,,,,,,,,,,,,,,,,,,,,,,,,,,,,,,,,,,,,,728.8133977499965,728.8228788749839,729.8039166659873,729.8039166659873,729.8039166659873,729.8770232909883,729.8770232909883,729.8770232909883,730.3566620409838,period,1.524724208022235,None,730.3567849999818,730.356838082982,None,,,,,,,,,,,,21049980,0,2025-12-19_13h26.19.902,tilt_mocs,2024.2.4,118.6912514243581,2025-12-19 13h27.13.083545 -0500,
8,15.0,,475,475,0,,,,,100,0,,,,,c+8,poss,0.5,period,0.8478411250107456,None,None,,,,,,,,,,,0,475,475,216,730.3682359579834,,,,,,,,,,,,,,,,,,,,,,,,,,,,,,,,,,,,,,,,,,,,,,,,,,,,,,,,,,,,,,,,,,,,,,730.3592970409954,730.3682359579834,730.8539710409823,730.8539710409823,730.8539710409823,730.9263532909972,730.9263532909972,730.9263532909972,731.2239827500016,period,0.8478411250107456,None,731.2241194160015,731.2241799999902,None,,,,,,,,,,,,21049980,0,2025-12-19_13h26.19.902,tilt_mocs,2024.2.4,118.6912514243581,2025-12-19 13h27.13.083545 -0500,
-4,0.0,,476,476,0,,,,,0,100,,,,,c-4,noss,1.0,period,1.330767042003572,None,None,,,,,,,,,,,0,476,476,528,731.2356250000012,,,,,,,,,,,,,,,,,,,,,,,,,,,,,,,,,,,,,,,,,,,,,,,,,,,,,,,,,,,,,,,,,,,,,,731.2268309999781,731.2356250000012,732.220724999992,732.220724999992,732.220724999992,732.292842875002,732.292842875002,732.292842875002,732.573680957983,period,1.330767042003572,None,732.5738134159765,732.5738698329951,None,,,,,,,,,,,,21049980,0,2025-12-19_13h26.19.902,tilt_mocs,2024.2.4,118.6912514243581,2025-12-19 13h27.13.083545 -0500,
2,-15.0,,477,477,0,,,,,100,0,,,,,c+2,negs,1.0,period,1.3816638330172282,None,None,,,,,,,,,,,0,477,477,487,732.5845196659793,,,,,,,,,,,,,,,,,,,,,,,,,,,,,,,,,,,,,,,,,,,,,,,,,,,,,,,,,,,,,,,,,,,,,,732.5759297499899,732.5845196659793,733.5707234579895,733.5707234579895,733.5707234579895,733.6443030829832,733.6443030829832,733.6443030829832,733.9731747909973,period,1.3816638330172282,None,733.9732831659785,733.9733251659782,None,,,,,,,,,,,,21049980,0,2025-12-19_13h26.19.902,tilt_mocs,2024.2.4,118.6912514243581,2025-12-19 13h27.13.083545 -0500,
6,15.0,,478,478,0,,,,,100,0,,,,,c+6,poss,0.5,period,0.9714757920010015,None,None,,,,,,,,,,,0,478,478,168,733.984040374984,,,,,,,,,,,,,,,,,,,,,,,,,,,,,,,,,,,,,,,,,,,,,,,,,,,,,,,,,,,,,,,,,,,,,,733.9752876659913,733.984040374984,734.4702470409975,734.4702470409975,734.4702470409975,734.542212625005,734.542212625005,734.542212625005,734.958395624999,period,0.9714757920010015,None,734.9585644579784,734.9586230409914,None,,,,,,,,,,,,21049980,0,2025-12-19_13h26.19.902,tilt_mocs,2024.2.4,118.6912514243581,2025-12-19 13h27.13.083545 -0500,
0,-15.0,,479,479,0,,,,,100,0,,,,,c+0,negs,0.5,period,0.8468207079858985,None,None,,,,,,,,,,,0,479,479,425,734.969906665996,,,,,,,,,,,,,,,,,,,,,,,,,,,,,,,,,,,,,,,,,,,,,,,,,,,,,,,,,,,,,,,,,,,,,,734.9610415829811,734.969906665996,735.4543334999762,735.4543334999762,735.4543334999762,735.5269948329951,735.5269948329951,735.5269948329951,735.8239488749823,period,0.8468207079858985,None,735.8240922080004,735.824148707994,None,,,,,,,,,,,,21049980,0,2025-12-19_13h26.19.902,tilt_mocs,2024.2.4,118.6912514243581,2025-12-19 13h27.13.083545 -0500,
2,-15.0,,480,480,0,,,,,100,0,,,,,c+2,negs,1.25,period,1.5405728750047274,None,None,,,,,,,,,,,0,480,480,495,735.835603332991,,,,,,,,,,,,,,,,,,,,,,,,,,,,,,,,,,,,,,,,,,,,,,,,,,,,,,,,,,,,,,,,,,,,,,735.8263978750037,735.835603332991,737.0708497909945,737.0708497909945,737.0708497909945,737.1431252500042,737.1431252500042,737.1431252500042,737.3797347499931,period,1.5405728750047274,None,737.3798332909937,737.3798792079906,None,,,,,,,,,,,,21049980,0,2025-12-19_13h26.19.902,tilt_mocs,2024.2.4,118.6912514243581,2025-12-19 13h27.13.083545 -0500,
0,0.0,,481,481,0,,,,,0,100,,,,,c+0,noss,1.0,period,1.2837383339938242,None,None,,,,,,,,,,,0,481,481,611,737.3906193749863,,,,,,,,,,,,,,,,,,,,,,,,,,,,,,,,,,,,,,,,,,,,,,,,,,,,,,,,,,,,,,,,,,,,,,737.3818757499976,737.3906193749863,738.3805974159914,738.3805974159914,738.3805974159914,738.4547897079901,738.4547897079901,738.4547897079901,738.6795088329818,period,1.2837383339938242,None,738.6796319159912,738.6796884999785,None,,,,,,,,,,,,21049980,0,2025-12-19_13h26.19.902,tilt_mocs,2024.2.4,118.6912514243581,2025-12-19 13h27.13.083545 -0500,
4,0.0,,482,482,0,,,,,0,100,,,,,c+4,noss,1.0,period,1.2867684999946505,None,None,,,,,,,,,,,0,482,482,694,738.6905863749853,,,,,,,,,,,,,,,,,,,,,,,,,,,,,,,,,,,,,,,,,,,,,,,,,,,,,,,,,,,,,,,,,,,,,,738.6817176250042,738.6905863749853,739.6798544579942,739.6798544579942,739.6798544579942,739.7547667909821,739.7547667909821,739.7547667909821,739.9797736659821,period,1.2867684999946505,None,739.9799024579988,739.9799542499823,None,,,,,,,,,,,,21049980,0,2025-12-19_13h26.19.902,tilt_mocs,2024.2.4,118.6912514243581,2025-12-19 13h27.13.083545 -0500,
-8,-15.0,,483,483,0,,,,,100,0,,,,,c-8,negs,1.0,period,1.3053693750116508,None,None,,,,,,,,,,,0,483,483,281,739.990712165978,,,,,,,,,,,,,,,,,,,,,,,,,,,,,,,,,,,,,,,,,,,,,,,,,,,,,,,,,,,,,,,,,,,,,,739.9819264579855,739.990712165978,740.9805999579839,740.9805999579839,740.9805999579839,741.0548724579858,741.0548724579858,741.0548724579858,741.3072482909774,period,1.3053693750116508,None,741.3073756659869,741.3074297499843,None,,,,,,,,,,,,21049980,0,2025-12-19_13h26.19.902,tilt_mocs,2024.2.4,118.6912514243581,2025-12-19 13h27.13.083545 -0500,
0,-15.0,,484,484,0,,,,,100,0,,,,,c+0,negs,1.0,period,1.3602266249945387,None,None,,,,,,,,,,,0,484,484,450,741.3182707499946,,,,,,,,,,,,,,,,,,,,,,,,,,,,,,,,,,,,,,,,,,,,,,,,,,,,,,,,,,,,,,,,,,,,,,741.3094714999897,741.3182707499946,742.3045925409824,742.3045925409824,742.3045925409824,742.3765542909969,742.3765542909969,742.3765542909969,742.7063594579813,period,1.3602266249945387,None,742.7064797499916,742.7065324579889,None,,,,,,,,,,,,21049980,0,2025-12-19_13h26.19.902,tilt_mocs,2024.2.4,118.6912514243581,2025-12-19 13h27.13.083545 -0500,
6,15.0,,485,485,0,,,,,100,0,,,,,c+6,poss,1.25,period,1.5729740409879014,None,None,,,,,,,,,,,0,485,485,200,742.7149151249905,,,,,,,,,,,,,,,,,,,,,,,,,,,,,,,,,,,,,,,,,,,,,,,,,,,,,,,,,,,,,,,,,,,,,,742.7087277910032,742.7149151249905,743.954506332986,743.954506332986,743.954506332986,744.0266096659761,744.0266096659761,744.0266096659761,744.2989199580043,period,1.5729740409879014,None,744.2990203749796,744.2990632499859,None,,,,,,,,,,,,21049980,0,2025-12-19_13h26.19.902,tilt_mocs,2024.2.4,118.6912514243581,2025-12-19 13h27.13.083545 -0500,
-4,0.0,,486,486,0,,,,,0,100,,,,,c-4,noss,0.75,period,1.0319801250007004,None,None,,,,,,,,,,,0,486,486,522,744.3066258750041,,,,,,,,,,,,,,,,,,,,,,,,,,,,,,,,,,,,,,,,,,,,,,,,,,,,,,,,,,,,,,,,,,,,,,744.3010416659818,744.3066258750041,745.0468746249971,745.0468746249971,745.0468746249971,745.1216894160025,745.1216894160025,745.1216894160025,745.3418002910039,period,1.0319801250007004,None,745.3419557499874,745.3420120829833,None,,,,,,,,,,,,21049980,0,2025-12-19_13h26.19.902,tilt_mocs,2024.2.4,118.6912514243581,2025-12-19 13h27.13.083545 -0500,
4,15.0,,487,487,0,,,,,100,0,,,,,c+4,poss,1.25,period,1.5948330420069396,None,None,,,,,,,,,,,0,487,487,158,745.353513790993,,,,,,,,,,,,,,,,,,,,,,,,,,,,,,,,,,,,,,,,,,,,,,,,,,,,,,,,,,,,,,,,,,,,,,745.3443115410046,745.353513790993,746.5880249159818,746.5880249159818,746.5880249159818,746.6602160409966,746.6602160409966,746.6602160409966,746.9575350410014,period,1.5948330420069396,None,746.9576918749954,746.9577495410049,None,,,,,,,,,,,,21049980,0,2025-12-19_13h26.19.902,tilt_mocs,2024.2.4,118.6912514243581,2025-12-19 13h27.13.083545 -0500,
-2,-15.0,,488,488,0,,,,,100,0,,,,,c-2,negs,1.0,period,1.47050749999471,None,None,,,,,,,,,,,0,488,488,409,746.9698689999932,,,,,,,,,,,,,,,,,,,,,,,,,,,,,,,,,,,,,,,,,,,,,,,,,,,,,,,,,,,,,,,,,,,,,,746.96072933299,746.9698689999932,747.9547358749842,747.9547358749842,747.9547358749842,748.0266227079846,748.0266227079846,748.0266227079846,748.4459472079761,period,1.47050749999471,None,748.4460669999826,748.4461218329961,None,,,,,,,,,,,,21049980,0,2025-12-19_13h26.19.902,tilt_mocs,2024.2.4,118.6912514243581,2025-12-19 13h27.13.083545 -0500,
-2,0.0,,489,489,0,,,,,0,100,,,,,c-2,noss,1.25,z,1.7431258750148118,None,None,,,,,,,,,,,0,489,489,587,748.4573167079943,,,,,,,,,,,,,,,,,,,,,,,,,,,,,,,,,,,,,,,,,,,,,,,,,,,,,,,,,,,,,,,,,,,,,,748.448174124991,748.4573167079943,749.6973380409763,749.6973380409763,749.6973380409763,749.7719519579841,749.7719519579841,749.7719519579841,750.2075200410036,z,1.7431258750148118,None,750.2076478749805,750.2077015409886,None,,,,,,,,,,,,21049980,0,2025-12-19_13h26.19.902,tilt_mocs,2024.2.4,118.6912514243581,2025-12-19 13h27.13.083545 -0500,
-8,-15.0,,490,490,0,,,,,100,0,,,,,c-8,negs,0.75,z,1.1379654579795897,None,None,,,,,,,,,,,0,490,490,263,750.2188472499838,,,,,,,,,,,,,,,,,,,,,,,,,,,,,,,,,,,,,,,,,,,,,,,,,,,,,,,,,,,,,,,,,,,,,,750.2098861249979,750.2188472499838,750.9547611250018,750.9547611250018,750.9547611250018,751.0279779160046,751.0279779160046,751.0279779160046,751.3638109999883,z,1.1379654579795897,None,751.3639385830029,751.3640015829878,None,,,,,,,,,,,,21049980,0,2025-12-19_13h26.19.902,tilt_mocs,2024.2.4,118.6912514243581,2025-12-19 13h27.13.083545 -0500,
-4,0.0,,491,491,0,,,,,0,100,,,,,c-4,noss,0.75,z,1.127542958012782,None,None,,,,,,,,,,,0,491,491,515,751.3743332499871,,,,,,,,,,,,,,,,,,,,,,,,,,,,,,,,,,,,,,,,,,,,,,,,,,,,,,,,,,,,,,,,,,,,,,751.3661720409873,751.3743332499871,752.11434791598,752.11434791598,752.11434791598,752.1885599999805,752.1885599999805,752.1885599999805,752.5071868329833,z,1.127542958012782,None,752.5073111660022,752.5073726660048,None,,,,,,,,,,,,21049980,0,2025-12-19_13h26.19.902,tilt_mocs,2024.2.4,118.6912514243581,2025-12-19 13h27.13.083545 -0500,
4,15.0,,492,492,0,,,,,100,0,,,,,c+4,poss,0.75,period,1.2880627500126138,None,None,,,,,,,,,,,0,492,492,138,752.518494791002,,,,,,,,,,,,,,,,,,,,,,,,,,,,,,,,,,,,,,,,,,,,,,,,,,,,,,,,,,,,,,,,,,,,,,752.5097992910014,752.518494791002,753.2548185829946,753.2548185829946,753.2548185829946,753.3272681249946,753.3272681249946,753.3272681249946,753.8132336249982,period,1.2880627500126138,None,753.8133568329795,753.8134012079972,None,,,,,,,,,,,,21049980,0,2025-12-19_13h26.19.902,tilt_mocs,2024.2.4,118.6912514243581,2025-12-19 13h27.13.083545 -0500,
2,15.0,,493,493,0,,,,,100,0,,,,,c+2,poss,1.0,period,1.3551489160163328,None,None,,,,,,,,,,,0,493,493,110,753.8243941249966,,,,,,,,,,,,,,,,,,,,,,,,,,,,,,,,,,,,,,,,,,,,,,,,,,,,,,,,,,,,,,,,,,,,,,753.8153486659867,753.8243941249966,754.8150155000039,754.8150155000039,754.8150155000039,754.8886297499994,754.8886297499994,754.8886297499994,755.1910007080005,period,1.3551489160163328,None,755.1911651660048,755.1912229159789,None,,,,,,,,,,,,21049980,0,2025-12-19_13h26.19.902,tilt_mocs,2024.2.4,118.6912514243581,2025-12-19 13h27.13.083545 -0500,
2,-15.0,,494,494,0,,,,,100,0,,,,,c+2,negs,1.25,period,1.5373806250281632,None,None,,,,,,,,,,,0,494,494,496,755.203554540989,,,,,,,,,,,,,,,,,,,,,,,,,,,,,,,,,,,,,,,,,,,,,,,,,,,,,,,,,,,,,,,,,,,,,,755.1942329579906,755.203554540989,756.4381377910031,756.4381377910031,756.4381377910031,756.5101810829947,756.5101810829947,756.5101810829947,756.7477465409902,period,1.5373806250281632,None,756.7478853329958,756.7479408329818,None,,,,,,,,,,,,21049980,0,2025-12-19_13h26.19.902,tilt_mocs,2024.2.4,118.6912514243581,2025-12-19 13h27.13.083545 -0500,
-4,-15.0,,495,495,0,,,,,100,0,,,,,c-4,negs,1.0,period,1.3178031250135973,None,None,,,,,,,,,,,0,495,495,359,756.7590449159907,,,,,,,,,,,,,,,,,,,,,,,,,,,,,,,,,,,,,,,,,,,,,,,,,,,,,,,,,,,,,,,,,,,,,,756.7509620829951,756.7590449159907,757.7479817499989,757.7479817499989,757.7479817499989,757.8220999579935,757.8220999579935,757.8220999579935,758.0809711249894,period,1.3178031250135973,None,758.0811102500011,758.0811680000043,None,,,,,,,,,,,,21049980,0,2025-12-19_13h26.19.902,tilt_mocs,2024.2.4,118.6912514243581,2025-12-19 13h27.13.083545 -0500,
-2,0.0,,496,496,0,,,,,0,100,,,,,c-2,noss,1.0,z,1.4879686249769293,None,None,,,,,,,,,,,0,496,496,571,758.0914587909938,,,,,,,,,,,,,,,,,,,,,,,,,,,,,,,,,,,,,,,,,,,,,,,,,,,,,,,,,,,,,,,,,,,,,,758.083352207992,758.0914587909938,759.0808551249793,759.0808551249793,759.0808551249793,759.1555004999973,759.1555004999973,759.1555004999973,759.5912342910015,z,1.4879686249769293,None,759.5914024579979,759.5914574159833,None,,,,,,,,,,,,21049980,0,2025-12-19_13h26.19.902,tilt_mocs,2024.2.4,118.6912514243581,2025-12-19 13h27.13.083545 -0500,
4,15.0,,497,497,0,,,,,100,0,,,,,c+4,poss,0.75,period,1.091755417000968,None,None,,,,,,,,,,,0,497,497,142,759.6030323749874,,,,,,,,,,,,,,,,,,,,,,,,,,,,,,,,,,,,,,,,,,,,,,,,,,,,,,,,,,,,,,,,,,,,,,759.5941167909768,759.6030323749874,760.3383071249991,760.3383071249991,760.3383071249991,760.4101650409866,760.4101650409866,760.4101650409866,760.697200708004,period,1.091755417000968,None,760.6973289999878,760.6973845409811,None,,,,,,,,,,,,21049980,0,2025-12-19_13h26.19.902,tilt_mocs,2024.2.4,118.6912514243581,2025-12-19 13h27.13.083545 -0500,
0,-15.0,,498,498,0,,,,,100,0,,,,,c+0,negs,0.75,z,1.2282113329856656,None,None,,,,,,,,,,,0,498,498,437,760.7082364999806,,,,,,,,,,,,,,,,,,,,,,,,,,,,,,,,,,,,,,,,,,,,,,,,,,,,,,,,,,,,,,,,,,,,,,760.699410207977,760.7082364999806,761.4482316659996,761.4482316659996,761.4482316659996,761.5222546659934,761.5222546659934,761.5222546659934,761.9412098329922,z,1.2282113329856656,None,761.9413355409924,761.9413912500022,None,,,,,,,,,,,,21049980,0,2025-12-19_13h26.19.902,tilt_mocs,2024.2.4,118.6912514243581,2025-12-19 13h27.13.083545 -0500,
2,15.0,,499,499,0,,,,,100,0,,,,,c+2,poss,0.5,period,0.09658558299997821,None,None,,,,,,,,,,,0,499,499,84,761.9525204999954,,,,,,,,,,,,,,,,,,,,,,,,,,,,,,,,,,,,,,,,,,,,,,,,,,,,,,,,,,,,,,,,,,,,,,761.9438818329945,761.9525204999954,,,,,,,762.0573536249867,period,0.09658558299997821,None,762.0574587080046,762.0575045000005,None,,,,,,,,,,,,21049980,0,2025-12-19_13h26.19.902,tilt_mocs,2024.2.4,118.6912514243581,2025-12-19 13h27.13.083545 -0500,
2,15.0,,500,500,0,,,,,100,0,,,,,c+2,poss,1.0,period,1.2884457079926506,None,space,2.16728670799057,None,,,,,,,,,0,500,500,112,762.067710415984,,,,,,,,,,,,,,,,,,,,,,,,,,,,,,,,,,,,,,,,,,,,,,,,,,,,,,,,,,,,,,,,,,,,,,762.0594242499792,762.067710415984,763.0553747499944,763.0553747499944,763.0553747499944,763.1274662499782,763.1274662499782,763.1274662499782,763.3674446249788,period,1.2884457079926506,None,763.367544415989,765.5585219579807,space,763.3887066250027,763.3887066250027,2.16728670799057,None,,,,,,,,21049980,0,2025-12-19_13h26.19.902,tilt_mocs,2024.2.4,118.6912514243581,2025-12-19 13h27.13.083545 -0500,
-6,-15.0,,501,501,0,,,,,100,0,,,,,c-6,negs,1.0,z,1.3782614579831716,None,None,,,,,,,,,,,0,501,501,325,765.5699481249903,,,,,,,,,,,,,,,,,,,,,,,,,,,,,,,,,,,,,,,,,,,,,,,,,,,,,,,,,,,,,,,,,,,,,,765.5611557079828,765.5699481249903,766.5552435829886,766.5552435829886,766.5552435829886,766.6272125410032,766.6272125410032,766.6272125410032,766.9581321659789,z,1.3782614579831716,None,766.9582972909848,766.9583685410034,None,,,,,,,,,,,,21049980,0,2025-12-19_13h26.19.902,tilt_mocs,2024.2.4,118.6912514243581,2025-12-19 13h27.13.083545 -0500,
-4,-15.0,,502,502,0,,,,,100,0,,,,,c-4,negs,1.0,z,1.3416667089913972,None,None,,,,,,,,,,,0,502,502,366,766.9656007500016,,,,,,,,,,,,,,,,,,,,,,,,,,,,,,,,,,,,,,,,,,,,,,,,,,,,,,,,,,,,,,,,,,,,,,766.9595363749831,766.9656007500016,767.955585165997,767.955585165997,767.955585165997,768.0284663749917,768.0284663749917,768.0284663749917,768.313609957986,z,1.3416667089913972,None,768.313734291005,768.3137963329791,None,,,,,,,,,,,,21049980,0,2025-12-19_13h26.19.902,tilt_mocs,2024.2.4,118.6912514243581,2025-12-19 13h27.13.083545 -0500,
2,15.0,,503,503,0,,,,,100,0,,,,,c+2,poss,0.5,period,1.0216427920095157,None,None,,,,,,,,,,,0,503,503,90,768.3250029159826,,,,,,,,,,,,,,,,,,,,,,,,,,,,,,,,,,,,,,,,,,,,,,,,,,,,,,,,,,,,,,,,,,,,,,768.3159937909804,768.3250029159826,768.8149242499785,768.8149242499785,768.8149242499785,768.8891644999967,768.8891644999967,768.8891644999967,769.3583368329855,period,1.0216427920095157,None,769.3584397499799,769.3584820829856,None,,,,,,,,,,,,21049980,0,2025-12-19_13h26.19.902,tilt_mocs,2024.2.4,118.6912514243581,2025-12-19 13h27.13.083545 -0500,
4,0.0,,504,504,0,,,,,0,100,,,,,c+4,noss,1.25,period,1.6834277500165626,None,None,,,,,,,,,,,0,504,504,708,769.3725642909994,,,,,,,,,,,,,,,,,,,,,,,,,,,,,,,,,,,,,,,,,,,,,,,,,,,,,,,,,,,,,,,,,,,,,,769.3604427499813,769.3725642909994,770.6054093749844,770.6054093749844,770.6054093749844,770.6772139999957,770.6772139999957,770.6772139999957,771.0587717909948,period,1.6834277500165626,None,771.0589302500011,771.0589925829845,None,,,,,,,,,,,,21049980,0,2025-12-19_13h26.19.902,tilt_mocs,2024.2.4,118.6912514243581,2025-12-19 13h27.13.083545 -0500,
2,0.0,,505,505,0,,,,,0,100,,,,,c+2,noss,1.25,period,1.6912864170153625,None,None,,,,,,,,,,,0,505,505,667,771.0704821659892,,,,,,,,,,,,,,,,,,,,,,,,,,,,,,,,,,,,,,,,,,,,,,,,,,,,,,,,,,,,,,,,,,,,,,771.0613635409973,771.0704821659892,772.3055274579965,772.3055274579965,772.3055274579965,772.3773921660031,772.3773921660031,772.3773921660031,772.7643667079974,period,1.6912864170153625,None,772.7644918749866,772.764544582984,None,,,,,,,,,,,,21049980,0,2025-12-19_13h26.19.902,tilt_mocs,2024.2.4,118.6912514243581,2025-12-19 13h27.13.083545 -0500,
2,0.0,,506,506,0,,,,,0,100,,,,,c+2,noss,0.75,period,1.08796862498275,None,None,,,,,,,,,,,0,506,506,643,772.7750368749839,,,,,,,,,,,,,,,,,,,,,,,,,,,,,,,,,,,,,,,,,,,,,,,,,,,,,,,,,,,,,,,,,,,,,,772.7668625410006,772.7750368749839,773.5157357909775,773.5157357909775,773.5157357909775,773.5893401249778,773.5893401249778,773.5893401249778,773.8756126249791,period,1.08796862498275,None,773.8757134159969,773.8757569159789,None,,,,,,,,,,,,21049980,0,2025-12-19_13h26.19.902,tilt_mocs,2024.2.4,118.6912514243581,2025-12-19 13h27.13.083545 -0500,
-4,0.0,,507,507,0,,,,,0,100,,,,,c-4,noss,1.25,period,1.528309666988207,None,None,,,,,,,,,,,0,507,507,543,773.8893012499902,,,,,,,,,,,,,,,,,,,,,,,,,,,,,,,,,,,,,,,,,,,,,,,,,,,,,,,,,,,,,,,,,,,,,,773.8777326249983,773.8893012499902,775.1222952079843,775.1222952079843,775.1222952079843,775.1955240829848,775.1955240829848,775.1955240829848,775.4251351249986,period,1.528309666988207,None,775.4252614159777,775.4253199999803,None,,,,,,,,,,,,21049980,0,2025-12-19_13h26.19.902,tilt_mocs,2024.2.4,118.6912514243581,2025-12-19 13h27.13.083545 -0500,
0,0.0,,508,508,0,,,,,0,100,,,,,c+0,noss,0.5,period,1.1422613330068998,None,None,,,,,,,,,,,0,508,508,594,775.4366602909868,,,,,,,,,,,,,,,,,,,,,,,,,,,,,,,,,,,,,,,,,,,,,,,,,,,,,,,,,,,,,,,,,,,,,,775.4277557079913,775.4366602909868,775.9222300830006,775.9222300830006,775.9222300830006,775.9944418749947,775.9944418749947,775.9944418749947,776.581863874977,period,1.1422613330068998,None,776.5820009579766,776.5820593329845,None,,,,,,,,,,,,21049980,0,2025-12-19_13h26.19.902,tilt_mocs,2024.2.4,118.6912514243581,2025-12-19 13h27.13.083545 -0500,
0,-15.0,,509,509,0,,,,,100,0,,,,,c+0,negs,0.5,period,0.882063291996019,None,None,,,,,,,,,,,0,509,509,427,776.5926585829875,,,,,,,,,,,,,,,,,,,,,,,,,,,,,,,,,,,,,,,,,,,,,,,,,,,,,,,,,,,,,,,,,,,,,,776.5843175829796,776.5926585829875,777.0816211659985,777.0816211659985,777.0816211659985,777.1562497909763,777.1562497909763,777.1562497909763,777.4809176249837,period,0.882063291996019,None,777.4810448329954,777.4811069999996,None,,,,,,,,,,,,21049980,0,2025-12-19_13h26.19.902,tilt_mocs,2024.2.4,118.6912514243581,2025-12-19 13h27.13.083545 -0500,
-4,-15.0,,510,510,0,,,,,100,0,,,,,c-4,negs,0.75,period,1.0386390420026146,None,None,,,,,,,,,,,0,510,510,357,777.4921256249945,,,,,,,,,,,,,,,,,,,,,,,,,,,,,,,,,,,,,,,,,,,,,,,,,,,,,,,,,,,,,,,,,,,,,,777.4832435409771,777.4921256249945,778.231869124982,778.231869124982,778.231869124982,778.3061940000043,778.3061940000043,778.3061940000043,778.5414768329938,period,1.0386390420026146,None,778.5415798749891,778.5416217499878,None,,,,,,,,,,,,21049980,0,2025-12-19_13h26.19.902,tilt_mocs,2024.2.4,118.6912514243581,2025-12-19 13h27.13.083545 -0500,
8,15.0,,511,511,0,,,,,100,0,,,,,c+8,poss,1.0,period,1.3787166659894865,None,None,,,,,,,,,,,0,511,511,235,778.5523773329915,,,,,,,,,,,,,,,,,,,,,,,,,,,,,,,,,,,,,,,,,,,,,,,,,,,,,,,,,,,,,,,,,,,,,,778.5435746659932,778.5523773329915,779.5389931249956,779.5389931249956,779.5389931249956,779.6112610409909,779.6112610409909,779.6112610409909,779.9418044159829,period,1.3787166659894865,None,779.9419264159806,779.9419797080045,None,,,,,,,,,,,,21049980,0,2025-12-19_13h26.19.902,tilt_mocs,2024.2.4,118.6912514243581,2025-12-19 13h27.13.083545 -0500,
8,15.0,,512,512,0,,,,,100,0,,,,,c+8,poss,1.0,period,1.3628366669872776,None,None,,,,,,,,,,,0,512,512,234,779.9531644999806,,,,,,,,,,,,,,,,,,,,,,,,,,,,,,,,,,,,,,,,,,,,,,,,,,,,,,,,,,,,,,,,,,,,,,779.9444798329787,779.9531644999806,780.939301165985,780.939301165985,780.939301165985,781.0116484579921,781.0116484579921,781.0116484579921,781.3255285409978,period,1.3628366669872776,None,781.325668540987,781.3257311659981,None,,,,,,,,,,,,21049980,0,2025-12-19_13h26.19.902,tilt_mocs,2024.2.4,118.6912514243581,2025-12-19 13h27.13.083545 -0500,
-4,0.0,,513,513,0,,,,,0,100,,,,,c-4,noss,0.5,period,0.9498435420100577,None,None,,,,,,,,,,,0,513,513,507,781.3369741659844,,,,,,,,,,,,,,,,,,,,,,,,,,,,,,,,,,,,,,,,,,,,,,,,,,,,,,,,,,,,,,,,,,,,,,781.3280839999788,781.3369741659844,781.8225779999921,781.8225779999921,781.8225779999921,781.894657583005,781.894657583005,781.894657583005,782.2923280829855,period,0.9498435420100577,None,782.2924946659768,782.2925644579809,None,,,,,,,,,,,,21049980,0,2025-12-19_13h26.19.902,tilt_mocs,2024.2.4,118.6912514243581,2025-12-19 13h27.13.083545 -0500,
2,-15.0,,514,514,0,,,,,100,0,,,,,c+2,negs,0.75,period,1.229507583018858,None,None,,,,,,,,,,,0,514,514,478,782.3044970409828,,,,,,,,,,,,,,,,,,,,,,,,,,,,,,,,,,,,,,,,,,,,,,,,,,,,,,,,,,,,,,,,,,,,,,782.2953467909829,782.3044970409828,783.0385660829779,783.0385660829779,783.0385660829779,783.1131145829859,783.1131145829859,783.1131145829859,783.5422370409942,period,1.229507583018858,None,783.542380540981,783.5424424579833,None,,,,,,,,,,,,21049980,0,2025-12-19_13h26.19.902,tilt_mocs,2024.2.4,118.6912514243581,2025-12-19 13h27.13.083545 -0500,
4,0.0,,515,515,0,,,,,0,100,,,,,c+4,noss,0.75,period,1.1797621670120861,None,None,,,,,,,,,,,0,515,515,693,783.5538513329811,,,,,,,,,,,,,,,,,,,,,,,,,,,,,,,,,,,,,,,,,,,,,,,,,,,,,,,,,,,,,,,,,,,,,,783.5448738749838,783.5538513329811,784.289230416005,784.289230416005,784.289230416005,784.3616063749942,784.3616063749942,784.3616063749942,784.7419903749833,period,1.1797621670120861,None,784.7421264580043,784.7421844999772,None,,,,,,,,,,,,21049980,0,2025-12-19_13h26.19.902,tilt_mocs,2024.2.4,118.6912514243581,2025-12-19 13h27.13.083545 -0500,
0,0.0,,516,516,0,,,,,0,100,,,,,c+0,noss,1.25,period,1.9048060410132166,None,None,,,,,,,,,,,0,516,516,625,784.7534630409791,,,,,,,,,,,,,,,,,,,,,,,,,,,,,,,,,,,,,,,,,,,,,,,,,,,,,,,,,,,,,,,,,,,,,,784.7446706659975,784.7534630409791,785.9894069999864,785.9894069999864,785.9894069999864,786.061448374996,786.061448374996,786.061448374996,786.6651734159968,period,1.9048060410132166,None,786.6653247079812,786.6654065409966,None,,,,,,,,,,,,21049980,0,2025-12-19_13h26.19.902,tilt_mocs,2024.2.4,118.6912514243581,2025-12-19 13h27.13.083545 -0500,
6,15.0,,517,517,0,,,,,100,0,,,,,c+6,poss,0.75,period,1.2314237499958836,None,None,,,,,,,,,,,0,517,517,185,786.676011915988,,,,,,,,,,,,,,,,,,,,,,,,,,,,,,,,,,,,,,,,,,,,,,,,,,,,,,,,,,,,,,,,,,,,,,786.6677687909978,786.676011915988,787.4154703749809,787.4154703749809,787.4154703749809,787.4898909579788,787.4898909579788,787.4898909579788,787.9195599999803,period,1.2314237499958836,None,787.9196608329949,787.9197235829779,None,,,,,,,,,,,,21049980,0,2025-12-19_13h26.19.902,tilt_mocs,2024.2.4,118.6912514243581,2025-12-19 13h27.13.083545 -0500,
-4,0.0,,518,518,0,,,,,0,100,,,,,c-4,noss,1.0,z,1.4583636659954209,None,None,,,,,,,,,,,0,518,518,535,787.9261168749945,,,,,,,,,,,,,,,,,,,,,,,,,,,,,,,,,,,,,,,,,,,,,,,,,,,,,,,,,,,,,,,,,,,,,,787.9217304159829,787.9261168749945,788.9157356659998,788.9157356659998,788.9157356659998,788.9897889159911,788.9897889159911,788.9897889159911,789.3923864579992,z,1.4583636659954209,None,789.3925488329842,789.3926249159849,None,,,,,,,,,,,,21049980,0,2025-12-19_13h26.19.902,tilt_mocs,2024.2.4,118.6912514243581,2025-12-19 13h27.13.083545 -0500,
-2,15.0,,519,519,0,,,,,100,0,,,,,c-2,poss,1.0,z,1.4483443330100272,None,None,,,,,,,,,,,0,519,519,28,789.404231833003,,,,,,,,,,,,,,,,,,,,,,,,,,,,,,,,,,,,,,,,,,,,,,,,,,,,,,,,,,,,,,,,,,,,,,789.3951140829886,789.404231833003,790.3894407079788,790.3894407079788,790.3894407079788,790.4621119159856,790.4621119159856,790.4621119159856,790.8586342079798,z,1.4483443330100272,None,790.858737374976,790.858781582996,None,,,,,,,,,,,,21049980,0,2025-12-19_13h26.19.902,tilt_mocs,2024.2.4,118.6912514243581,2025-12-19 13h27.13.083545 -0500,
-8,-15.0,,520,520,0,,,,,100,0,,,,,c-8,negs,0.5,z,0.9743919169995934,None,None,,,,,,,,,,,0,520,520,254,790.8693696660048,,,,,,,,,,,,,,,,,,,,,,,,,,,,,,,,,,,,,,,,,,,,,,,,,,,,,,,,,,,,,,,,,,,,,,790.8608154579997,790.8693696660048,791.3560939999879,791.3560939999879,791.3560939999879,791.4284467909893,791.4284467909893,791.4284467909893,791.8483065000037,z,0.9743919169995934,None,791.8483999579912,791.8484448329837,None,,,,,,,,,,,,21049980,0,2025-12-19_13h26.19.902,tilt_mocs,2024.2.4,118.6912514243581,2025-12-19 13h27.13.083545 -0500,
-2,15.0,,521,521,0,,,,,100,0,,,,,c-2,poss,1.0,z,1.254040542000439,None,None,,,,,,,,,,,0,521,521,23,791.8592171659984,,,,,,,,,,,,,,,,,,,,,,,,,,,,,,,,,,,,,,,,,,,,,,,,,,,,,,,,,,,,,,,,,,,,,,791.8504516249814,791.8592171659984,792.8488730409881,792.8488730409881,792.8488730409881,792.9234958750021,792.9234958750021,792.9234958750021,793.1256410829956,z,1.254040542000439,None,793.1258037909865,793.1258597080014,None,,,,,,,,,,,,21049980,0,2025-12-19_13h26.19.902,tilt_mocs,2024.2.4,118.6912514243581,2025-12-19 13h27.13.083545 -0500,
4,0.0,,522,522,0,,,,,0,100,,,,,c+4,noss,1.0,z,1.2438664159853943,None,None,,,,,,,,,,,0,522,522,701,793.1380977910012,,,,,,,,,,,,,,,,,,,,,,,,,,,,,,,,,,,,,,,,,,,,,,,,,,,,,,,,,,,,,,,,,,,,,,793.1289566659834,793.1380977910012,794.1229469999962,794.1229469999962,794.1229469999962,794.1950404160016,794.1950404160016,794.1950404160016,794.3924626249936,z,1.2438664159853943,None,794.3926204579766,794.392680082994,None,,,,,,,,,,,,21049980,0,2025-12-19_13h26.19.902,tilt_mocs,2024.2.4,118.6912514243581,2025-12-19 13h27.13.083545 -0500,
0,0.0,,523,523,0,,,,,0,100,,,,,c+0,noss,1.0,z,1.3824787079938687,None,None,,,,,,,,,,,0,523,523,610,794.4045631249901,,,,,,,,,,,,,,,,,,,,,,,,,,,,,,,,,,,,,,,,,,,,,,,,,,,,,,,,,,,,,,,,,,,,,,794.3953934999881,794.4045631249901,795.3896783749806,795.3896783749806,795.3896783749806,795.461635707994,795.461635707994,795.461635707994,795.792336457991,z,1.3824787079938687,None,795.7924642500002,795.7925196249853,None,,,,,,,,,,,,21049980,0,2025-12-19_13h26.19.902,tilt_mocs,2024.2.4,118.6912514243581,2025-12-19 13h27.13.083545 -0500,
8,15.0,,524,524,0,,,,,100,0,,,,,c+8,poss,0.5,period,0.9552059169800486,None,None,,,,,,,,,,,0,524,524,210,795.8037483749795,,,,,,,,,,,,,,,,,,,,,,,,,,,,,,,,,,,,,,,,,,,,,,,,,,,,,,,,,,,,,,,,,,,,,,795.794975583005,795.8037483749795,796.2895701249945,796.2895701249945,796.2895701249945,796.3622785409971,796.3622785409971,796.3622785409971,796.7643424579874,period,0.9552059169800486,None,796.7644417909905,796.7644840409921,None,,,,,,,,,,,,21049980,0,2025-12-19_13h26.19.902,tilt_mocs,2024.2.4,118.6912514243581,2025-12-19 13h27.13.083545 -0500,
2,0.0,,525,525,0,,,,,0,100,,,,,c+2,noss,1.0,period,1.4171577090164647,None,None,,,,,,,,,,,0,525,525,653,796.7754814579966,,,,,,,,,,,,,,,,,,,,,,,,,,,,,,,,,,,,,,,,,,,,,,,,,,,,,,,,,,,,,,,,,,,,,,796.766405332979,796.7754814579966,797.765312707983,797.765312707983,797.765312707983,797.840263791004,797.840263791004,797.840263791004,798.19699966599,period,1.4171577090164647,None,798.1970949159877,798.1971379579918,None,,,,,,,,,,,,21049980,0,2025-12-19_13h26.19.902,tilt_mocs,2024.2.4,118.6912514243581,2025-12-19 13h27.13.083545 -0500,
2,15.0,,526,526,0,,,,,100,0,,,,,c+2,poss,0.5,period,0.9674517500097863,None,None,,,,,,,,,,,0,526,526,94,798.2231594579935,,,,,,,,,,,,,,,,,,,,,,,,,,,,,,,,,,,,,,,,,,,,,,,,,,,,,,,,,,,,,,,,,,,,,,798.1990869159927,798.2231594579935,798.6993827499973,798.6993827499973,798.6993827499973,798.7739763330028,798.7739763330028,798.7739763330028,799.1936447079934,period,0.9674517500097863,None,799.1937914159789,799.1938536659873,None,,,,,,,,,,,,21049980,0,2025-12-19_13h26.19.902,tilt_mocs,2024.2.4,118.6912514243581,2025-12-19 13h27.13.083545 -0500,
4,0.0,,527,527,0,,,,,0,100,,,,,c+4,noss,0.75,period,1.1287327090103645,None,None,,,,,,,,,,,0,527,527,684,799.2047298329999,,,,,,,,,,,,,,,,,,,,,,,,,,,,,,,,,,,,,,,,,,,,,,,,,,,,,,,,,,,,,,,,,,,,,,799.195984541002,799.2047298329999,799.9398126250017,799.9398126250017,799.9398126250017,800.0118043329858,800.0118043329858,800.0118043329858,800.3432739159907,period,1.1287327090103645,None,800.3434280410002,800.3434911249788,None,,,,,,,,,,,,21049980,0,2025-12-19_13h26.19.902,tilt_mocs,2024.2.4,118.6912514243581,2025-12-19 13h27.13.083545 -0500,
0,-15.0,,528,528,0,,,,,100,0,,,,,c+0,negs,1.0,period,1.3415610409865621,None,None,,,,,,,,,,,0,528,528,444,800.3548573330045,,,,,,,,,,,,,,,,,,,,,,,,,,,,,,,,,,,,,,,,,,,,,,,,,,,,,,,,,,,,,,,,,,,,,,800.3458172079991,800.3548573330045,801.3398993329902,801.3398993329902,801.3398993329902,801.4126025000005,801.4126025000005,801.4126025000005,801.709469540976,period,1.3415610409865621,None,801.7096368329949,801.709697082988,None,,,,,,,,,,,,21049980,0,2025-12-19_13h26.19.902,tilt_mocs,2024.2.4,118.6912514243581,2025-12-19 13h27.13.083545 -0500,
-4,0.0,,529,529,0,,,,,0,100,,,,,c-4,noss,0.5,z,1.176901041995734,None,None,,,,,,,,,,,0,529,529,506,801.7218044159818,,,,,,,,,,,,,,,,,,,,,,,,,,,,,,,,,,,,,,,,,,,,,,,,,,,,,,,,,,,,,,,,,,,,,,801.7127082909865,801.7218044159818,802.2064744999807,802.2064744999807,802.2064744999807,802.279556124995,802.279556124995,802.279556124995,802.9095025830029,z,1.176901041995734,None,802.9096331659821,802.9096892499947,None,,,,,,,,,,,,21049980,0,2025-12-19_13h26.19.902,tilt_mocs,2024.2.4,118.6912514243581,2025-12-19 13h27.13.083545 -0500,
-8,-15.0,,530,530,0,,,,,100,0,,,,,c-8,negs,0.75,z,1.1055637079989538,None,None,,,,,,,,,,,0,530,530,265,802.9202308329986,,,,,,,,,,,,,,,,,,,,,,,,,,,,,,,,,,,,,,,,,,,,,,,,,,,,,,,,,,,,,,,,,,,,,,802.9117184999923,802.9202308329986,803.6558067909791,803.6558067909791,803.6558067909791,803.7291482909932,803.7291482909932,803.7291482909932,804.0306080000009,z,1.1055637079989538,None,804.0307050409901,804.0307602910034,None,,,,,,,,,,,,21049980,0,2025-12-19_13h26.19.902,tilt_mocs,2024.2.4,118.6912514243581,2025-12-19 13h27.13.083545 -0500,
-4,-15.0,,531,531,0,,,,,100,0,,,,,c-4,negs,0.5,z,0.8547720000206027,None,None,,,,,,,,,,,0,531,531,338,804.0426202499948,,,,,,,,,,,,,,,,,,,,,,,,,,,,,,,,,,,,,,,,,,,,,,,,,,,,,,,,,,,,,,,,,,,,,,804.0327218750026,804.0426202499948,804.5325435409904,804.5325435409904,804.5325435409904,804.607163040986,804.607163040986,804.607163040986,804.9007054159883,z,0.8547720000206027,None,804.9008442499908,804.9009054999915,None,,,,,,,,,,,,21049980,0,2025-12-19_13h26.19.902,tilt_mocs,2024.2.4,118.6912514243581,2025-12-19 13h27.13.083545 -0500,
-2,-15.0,,532,532,0,,,,,100,0,,,,,c-2,negs,1.0,z,1.6504943750042003,None,None,,,,,,,,,,,0,532,532,403,804.9109462909983,,,,,,,,,,,,,,,,,,,,,,,,,,,,,,,,,,,,,,,,,,,,,,,,,,,,,,,,,,,,,,,,,,,,,,804.9030285409826,804.9109462909983,805.8999229579931,805.8999229579931,805.8999229579931,805.9739389999886,805.9739389999886,805.9739389999886,806.5649419160036,z,1.6504943750042003,None,806.5650350409851,806.5650767079787,None,,,,,,,,,,,,21049980,0,2025-12-19_13h26.19.902,tilt_mocs,2024.2.4,118.6912514243581,2025-12-19 13h27.13.083545 -0500,
0,0.0,,533,533,0,,,,,0,100,,,,,c+0,noss,1.25,z,1.866765208018478,None,None,,,,,,,,,,,0,533,533,620,806.5763934159768,,,,,,,,,,,,,,,,,,,,,,,,,,,,,,,,,,,,,,,,,,,,,,,,,,,,,,,,,,,,,,,,,,,,,,806.5674511249817,806.5763934159768,807.8166408749821,807.8166408749821,807.8166408749821,807.8905325829983,807.8905325829983,807.8905325829983,808.4475065409788,z,1.866765208018478,None,808.4476237909985,808.4476755829819,None,,,,,,,,,,,,21049980,0,2025-12-19_13h26.19.902,tilt_mocs,2024.2.4,118.6912514243581,2025-12-19 13h27.13.083545 -0500,
-4,-15.0,,534,534,0,,,,,100,0,,,,,c-4,negs,0.5,z,0.9168555839860346,None,None,,,,,,,,,,,0,534,534,337,808.4594262909959,,,,,,,,,,,,,,,,,,,,,,,,,,,,,,,,,,,,,,,,,,,,,,,,,,,,,,,,,,,,,,,,,,,,,,808.4497085409821,808.4594262909959,808.9495975000027,808.9495975000027,808.9495975000027,809.0240298749995,809.0240298749995,809.0240298749995,809.3815137909842,z,0.9168555839860346,None,809.3816449159931,809.3817019579874,None,,,,,,,,,,,,21049980,0,2025-12-19_13h26.19.902,tilt_mocs,2024.2.4,118.6912514243581,2025-12-19 13h27.13.083545 -0500,
-4,-15.0,,535,535,0,,,,,100,0,,,,,c-4,negs,0.5,z,0.9096124579955358,None,None,,,,,,,,,,,0,535,535,346,809.3928250829922,,,,,,,,,,,,,,,,,,,,,,,,,,,,,,,,,,,,,,,,,,,,,,,,,,,,,,,,,,,,,,,,,,,,,,809.3837135829963,809.3928250829922,809.8826090829971,809.8826090829971,809.8826090829971,809.9572727909836,809.9572727909836,809.9572727909836,810.3097072079836,z,0.9096124579955358,None,810.3098362079763,810.3098894159775,None,,,,,,,,,,,,21049980,0,2025-12-19_13h26.19.902,tilt_mocs,2024.2.4,118.6912514243581,2025-12-19 13h27.13.083545 -0500,
-2,0.0,,536,536,0,,,,,0,100,,,,,c-2,noss,1.0,z,1.4410464169923216,None,None,,,,,,,,,,,0,536,536,576,810.320729375002,,,,,,,,,,,,,,,,,,,,,,,,,,,,,,,,,,,,,,,,,,,,,,,,,,,,,,,,,,,,,,,,,,,,,,810.3121492079808,810.320729375002,811.3069450409967,811.3069450409967,811.3069450409967,811.3791588329768,811.3791588329768,811.3791588329768,811.7656209580018,z,1.4410464169923216,None,811.765743957978,811.7657979159849,None,,,,,,,,,,,,21049980,0,2025-12-19_13h26.19.902,tilt_mocs,2024.2.4,118.6912514243581,2025-12-19 13h27.13.083545 -0500,
0,-15.0,,537,537,0,,,,,100,0,,,,,c+0,negs,0.5,z,0.8672527919989079,None,None,,,,,,,,,,,0,537,537,424,811.7766952079837,,,,,,,,,,,,,,,,,,,,,,,,,,,,,,,,,,,,,,,,,,,,,,,,,,,,,,,,,,,,,,,,,,,,,,811.76775262499,811.7766952079837,812.2660653749772,812.2660653749772,812.2660653749772,812.3405239580024,812.3405239580024,812.3405239580024,812.6492045829946,z,0.8672527919989079,None,812.649297957978,812.6493406659865,None,,,,,,,,,,,,21049980,0,2025-12-19_13h26.19.902,tilt_mocs,2024.2.4,118.6912514243581,2025-12-19 13h27.13.083545 -0500,
-2,-15.0,,538,538,0,,,,,100,0,,,,,c-2,negs,1.25,period,1.709969750023447,None,None,,,,,,,,,,,0,538,538,418,812.6600999159855,,,,,,,,,,,,,,,,,,,,,,,,,,,,,,,,,,,,,,,,,,,,,,,,,,,,,,,,,,,,,,,,,,,,,,812.6513335409982,812.6600999159855,813.9005907909886,813.9005907909886,813.9005907909886,813.9744416250032,813.9744416250032,813.9744416250032,814.3760814580019,period,1.709969750023447,None,814.3761845410045,814.376228832989,None,,,,,,,,,,,,21049980,0,2025-12-19_13h26.19.902,tilt_mocs,2024.2.4,118.6912514243581,2025-12-19 13h27.13.083545 -0500,
4,15.0,,539,539,0,,,,,100,0,,,,,c+4,poss,0.75,period,1.1427427089947741,None,None,,,,,,,,,,,0,539,539,137,814.3867463749775,,,,,,,,,,,,,,,,,,,,,,,,,,,,,,,,,,,,,,,,,,,,,,,,,,,,,,,,,,,,,,,,,,,,,,814.3782066659769,814.3867463749775,815.1236790409894,815.1236790409894,815.1236790409894,815.1958362500009,815.1958362500009,815.1958362500009,815.5327708330005,period,1.1427427089947741,None,815.5329027079861,815.5329612499918,None,,,,,,,,,,,,21049980,0,2025-12-19_13h26.19.902,tilt_mocs,2024.2.4,118.6912514243581,2025-12-19 13h27.13.083545 -0500,
-2,15.0,,540,540,0,,,,,100,0,,,,,c-2,poss,1.0,z,1.5594893750094343,None,None,,,,,,,,,,,0,540,540,31,815.5436779999873,,,,,,,,,,,,,,,,,,,,,,,,,,,,,,,,,,,,,,,,,,,,,,,,,,,,,,,,,,,,,,,,,,,,,,815.5351090829936,815.5436779999873,816.533344291005,816.533344291005,816.533344291005,816.6077396659821,816.6077396659821,816.6077396659821,817.1095932909811,z,1.5594893750094343,None,817.1097195829789,817.1097749999899,None,,,,,,,,,,,,21049980,0,2025-12-19_13h26.19.902,tilt_mocs,2024.2.4,118.6912514243581,2025-12-19 13h27.13.083545 -0500,
2,15.0,,541,541,0,,,,,100,0,,,,,c+2,poss,0.75,period,1.1849034589831717,None,None,,,,,,,,,,,0,541,541,102,817.1205780000018,,,,,,,,,,,,,,,,,,,,,,,,,,,,,,,,,,,,,,,,,,,,,,,,,,,,,,,,,,,,,,,,,,,,,,817.1119260409905,817.1205780000018,817.8571411659941,817.8571411659941,817.8571411659941,817.9299633329792,817.9299633329792,817.9299633329792,818.3095604160044,period,1.1849034589831717,None,818.3096707079967,818.3097144159838,None,,,,,,,,,,,,21049980,0,2025-12-19_13h26.19.902,tilt_mocs,2024.2.4,118.6912514243581,2025-12-19 13h27.13.083545 -0500,
2,15.0,,542,542,0,,,,,100,0,,,,,c+2,poss,0.5,z,1.1151246660156175,None,None,,,,,,,,,,,0,542,542,93,818.3203065829875,,,,,,,,,,,,,,,,,,,,,,,,,,,,,,,,,,,,,,,,,,,,,,,,,,,,,,,,,,,,,,,,,,,,,,818.3116502499906,818.3203065829875,818.8071854999871,818.8071854999871,818.8071854999871,818.8795796659833,818.8795796659833,818.8795796659833,819.4433549160021,z,1.1151246660156175,None,819.4434787079808,819.4435452909966,None,,,,,,,,,,,,21049980,0,2025-12-19_13h26.19.902,tilt_mocs,2024.2.4,118.6912514243581,2025-12-19 13h27.13.083545 -0500,
-6,-15.0,,543,543,0,,,,,100,0,,,,,c-6,negs,0.5,z,0.9893707080045715,None,None,,,,,,,,,,,0,543,543,294,819.4548207909975,,,,,,,,,,,,,,,,,,,,,,,,,,,,,,,,,,,,,,,,,,,,,,,,,,,,,,,,,,,,,,,,,,,,,,819.4459217499825,819.4548207909975,819.9405640829937,819.9405640829937,819.9405640829937,820.0124383329821,820.0124383329821,820.0124383329821,820.4501542910002,z,0.9893707080045715,None,820.45028541598,820.4503414999926,None,,,,,,,,,,,,21049980,0,2025-12-19_13h26.19.902,tilt_mocs,2024.2.4,118.6912514243581,2025-12-19 13h27.13.083545 -0500,
0,0.0,,544,544,0,,,,,0,100,,,,,c+0,noss,0.5,z,0.9506872079800814,None,None,,,,,,,,,,,0,544,544,588,820.4609177910024,,,,,,,,,,,,,,,,,,,,,,,,,,,,,,,,,,,,,,,,,,,,,,,,,,,,,,,,,,,,,,,,,,,,,,820.4525430829963,820.4609177910024,820.9494718749775,820.9494718749775,820.9494718749775,821.0244924580038,821.0244924580038,821.0244924580038,821.4154386250011,z,0.9506872079800814,None,821.4155641249963,821.4156350409903,None,,,,,,,,,,,,21049980,0,2025-12-19_13h26.19.902,tilt_mocs,2024.2.4,118.6912514243581,2025-12-19 13h27.13.083545 -0500,
6,15.0,,545,545,0,,,,,100,0,,,,,c+6,poss,0.75,period,1.1651868330081925,None,None,,,,,,,,,,,0,545,545,188,821.4266966659925,,,,,,,,,,,,,,,,,,,,,,,,,,,,,,,,,,,,,,,,,,,,,,,,,,,,,,,,,,,,,,,,,,,,,,821.4176419159921,821.4266966659925,822.1668319999881,822.1668319999881,822.1668319999881,822.2411569159885,822.2411569159885,822.2411569159885,822.5947912499832,period,1.1651868330081925,None,822.594932832988,822.594996040978,None,,,,,,,,,,,,21049980,0,2025-12-19_13h26.19.902,tilt_mocs,2024.2.4,118.6912514243581,2025-12-19 13h27.13.083545 -0500,
-2,-15.0,,546,546,0,,,,,100,0,,,,,c-2,negs,1.25,period,1.685469332995126,None,None,,,,,,,,,,,0,546,546,411,822.6059957910038,,,,,,,,,,,,,,,,,,,,,,,,,,,,,,,,,,,,,,,,,,,,,,,,,,,,,,,,,,,,,,,,,,,,,,822.597222249984,822.6059957910038,823.8405732910032,823.8405732910032,823.8405732910032,823.913658000005,823.913658000005,823.913658000005,824.2942111659795,period,1.685469332995126,None,824.2943487500015,824.2944319160015,None,,,,,,,,,,,,21049980,0,2025-12-19_13h26.19.902,tilt_mocs,2024.2.4,118.6912514243581,2025-12-19 13h27.13.083545 -0500,
-6,-15.0,,547,547,0,,,,,100,0,,,,,c-6,negs,0.75,period,1.0210243750188965,None,None,,,,,,,,,,,0,547,547,306,824.3056586250023,,,,,,,,,,,,,,,,,,,,,,,,,,,,,,,,,,,,,,,,,,,,,,,,,,,,,,,,,,,,,,,,,,,,,,824.296793415997,824.3056586250023,825.0407964159967,825.0407964159967,825.0407964159967,825.1127144999919,825.1127144999919,825.1127144999919,825.3336012079963,period,1.0210243750188965,None,825.3337225409923,825.3337799579895,None,,,,,,,,,,,,21049980,0,2025-12-19_13h26.19.902,tilt_mocs,2024.2.4,118.6912514243581,2025-12-19 13h27.13.083545 -0500,
0,-15.0,,548,548,0,,,,,100,0,,,,,c+0,negs,0.75,period,1.2590105409908574,None,None,,,,,,,,,,,0,548,548,431,825.3444949580007,,,,,,,,,,,,,,,,,,,,,,,,,,,,,,,,,,,,,,,,,,,,,,,,,,,,,,,,,,,,,,,,,,,,,,825.3359479999926,825.3444949580007,826.0838511659822,826.0838511659822,826.0838511659822,826.1579894579772,826.1579894579772,826.1579894579772,826.6101468749985,period,1.2590105409908574,None,826.6102671249828,826.6103336660017,None,,,,,,,,,,,,21049980,0,2025-12-19_13h26.19.902,tilt_mocs,2024.2.4,118.6912514243581,2025-12-19 13h27.13.083545 -0500,
0,0.0,,549,549,0,,,,,0,100,,,,,c+0,noss,1.25,period,1.6541736669896636,None,None,,,,,,,,,,,0,549,549,626,826.6214440829935,,,,,,,,,,,,,,,,,,,,,,,,,,,,,,,,,,,,,,,,,,,,,,,,,,,,,,,,,,,,,,,,,,,,,,826.6125721249846,826.6214440829935,827.8574698749871,827.8574698749871,827.8574698749871,827.9293341249868,827.9293341249868,827.9293341249868,828.2876593330002,period,1.6541736669896636,None,828.2877612909942,828.2878219999839,None,,,,,,,,,,,,21049980,0,2025-12-19_13h26.19.902,tilt_mocs,2024.2.4,118.6912514243581,2025-12-19 13h27.13.083545 -0500,
0,15.0,,550,550,0,,,,,100,0,,,,,c+0,poss,0.75,period,1.1552628329955041,None,None,,,,,,,,,,,0,550,550,61,828.2941540829779,,,,,,,,,,,,,,,,,,,,,,,,,,,,,,,,,,,,,,,,,,,,,,,,,,,,,,,,,,,,,,,,,,,,,,828.2898037080013,828.2941540829779,829.033765457978,829.033765457978,829.033765457978,829.1081045409956,829.1081045409956,829.1081045409956,829.4600360829791,period,1.1552628329955041,None,829.4601619579771,829.4602155409812,None,,,,,,,,,,,,21049980,0,2025-12-19_13h26.19.902,tilt_mocs,2024.2.4,118.6912514243581,2025-12-19 13h27.13.083545 -0500,
8,15.0,,551,551,0,,,,,100,0,,,,,c+8,poss,0.75,period,1.0873535409918986,None,None,,,,,,,,,,,0,551,551,229,829.4713462909858,,,,,,,,,,,,,,,,,,,,,,,,,,,,,,,,,,,,,,,,,,,,,,,,,,,,,,,,,,,,,,,,,,,,,,829.4625947079912,829.4713462909858,830.2076305829978,830.2076305829978,830.2076305829978,830.2810890830006,830.2810890830006,830.2810890830006,830.5615894160001,period,1.0873535409918986,None,830.5617303749896,830.5617970829771,None,,,,,,,,,,,,21049980,0,2025-12-19_13h26.19.902,tilt_mocs,2024.2.4,118.6912514243581,2025-12-19 13h27.13.083545 -0500,
0,-15.0,,552,552,0,,,,,100,0,,,,,c+0,negs,0.75,period,1.0645512920164037,None,None,,,,,,,,,,,0,552,552,435,830.5729568329989,,,,,,,,,,,,,,,,,,,,,,,,,,,,,,,,,,,,,,,,,,,,,,,,,,,,,,,,,,,,,,,,,,,,,,830.5641061659844,830.5729568329989,831.3075678329915,831.3075678329915,831.3075678329915,831.379774083005,831.379774083005,831.379774083005,831.6435737909924,period,1.0645512920164037,None,831.6436857910012,831.6437302909908,None,,,,,,,,,,,,21049980,0,2025-12-19_13h26.19.902,tilt_mocs,2024.2.4,118.6912514243581,2025-12-19 13h27.13.083545 -0500,
0,15.0,,553,553,0,,,,,100,0,,,,,c+0,poss,1.0,period,1.4294235419947654,None,None,,,,,,,,,,,0,553,553,72,831.655009249982,,,,,,,,,,,,,,,,,,,,,,,,,,,,,,,,,,,,,,,,,,,,,,,,,,,,,,,,,,,,,,,,,,,,,,831.6457339999906,831.655009249982,832.6401822500047,832.6401822500047,832.6401822500047,832.7129825000011,832.7129825000011,832.7129825000011,833.0938625409908,period,1.4294235419947654,None,833.0940008329926,833.094058082992,None,,,,,,,,,,,,21049980,0,2025-12-19_13h26.19.902,tilt_mocs,2024.2.4,118.6912514243581,2025-12-19 13h27.13.083545 -0500,
-6,-15.0,,554,554,0,,,,,100,0,,,,,c-6,negs,1.25,z,1.7113085419987328,None,None,,,,,,,,,,,0,554,554,330,833.1059617909777,,,,,,,,,,,,,,,,,,,,,,,,,,,,,,,,,,,,,,,,,,,,,,,,,,,,,,,,,,,,,,,,,,,,,,833.0963715830003,833.1059617909777,834.3409842909896,834.3409842909896,834.3409842909896,834.4130329159962,834.4130329159962,834.4130329159962,834.8274233329867,z,1.7113085419987328,None,834.8275985829823,834.8276620830002,None,,,,,,,,,,,,21049980,0,2025-12-19_13h26.19.902,tilt_mocs,2024.2.4,118.6912514243581,2025-12-19 13h27.13.083545 -0500,
-2,0.0,,555,555,0,,,,,0,100,,,,,c-2,noss,0.75,z,1.0550750000111293,None,None,,,,,,,,,,,0,555,555,567,834.839405207982,,,,,,,,,,,,,,,,,,,,,,,,,,,,,,,,,,,,,,,,,,,,,,,,,,,,,,,,,,,,,,,,,,,,,,834.8306304579892,834.839405207982,835.5745411249809,835.5745411249809,835.5745411249809,835.6463347499957,835.6463347499957,835.6463347499957,835.8996262080036,z,1.0550750000111293,None,835.8997294159781,835.8997721249762,None,,,,,,,,,,,,21049980,0,2025-12-19_13h26.19.902,tilt_mocs,2024.2.4,118.6912514243581,2025-12-19 13h27.13.083545 -0500,
-4,0.0,,556,556,0,,,,,0,100,,,,,c-4,noss,0.5,z,1.0001324999902863,None,None,,,,,,,,,,,0,556,556,510,835.9105602499912,,,,,,,,,,,,,,,,,,,,,,,,,,,,,,,,,,,,,,,,,,,,,,,,,,,,,,,,,,,,,,,,,,,,,,835.9016759579827,835.9105602499912,836.4007320829842,836.4007320829842,836.4007320829842,836.4751445830043,836.4751445830043,836.4751445830043,836.9155790410005,z,1.0001324999902863,None,836.9156830409775,836.915730415989,None,,,,,,,,,,,,21049980,0,2025-12-19_13h26.19.902,tilt_mocs,2024.2.4,118.6912514243581,2025-12-19 13h27.13.083545 -0500,
-4,0.0,,557,557,0,,,,,0,100,,,,,c-4,noss,0.75,z,1.0265845830144826,None,None,,,,,,,,,,,0,557,557,524,836.9267137080024,,,,,,,,,,,,,,,,,,,,,,,,,,,,,,,,,,,,,,,,,,,,,,,,,,,,,,,,,,,,,,,,,,,,,,836.9176655409974,836.9267137080024,837.6568503750023,837.6568503750023,837.6568503750023,837.7299281659944,837.7299281659944,837.7299281659944,837.9608365409949,z,1.0265845830144826,None,837.9609630829946,837.9610174580012,None,,,,,,,,,,,,21049980,0,2025-12-19_13h26.19.902,tilt_mocs,2024.2.4,118.6912514243581,2025-12-19 13h27.13.083545 -0500,
-4,-15.0,,558,558,0,,,,,100,0,,,,,c-4,negs,1.25,z,1.5318300829967484,None,None,,,,,,,,,,,0,558,558,371,837.9717879999953,,,,,,,,,,,,,,,,,,,,,,,,,,,,,,,,,,,,,,,,,,,,,,,,,,,,,,,,,,,,,,,,,,,,,,837.9629935830017,837.9717879999953,839.2078421659826,839.2078421659826,839.2078421659826,839.2813360829896,839.2813360829896,839.2813360829896,839.5095832499792,z,1.5318300829967484,None,839.5096822499763,839.5097251249827,None,,,,,,,,,,,,21049980,0,2025-12-19_13h26.19.902,tilt_mocs,2024.2.4,118.6912514243581,2025-12-19 13h27.13.083545 -0500,
-2,15.0,,559,559,0,,,,,100,0,,,,,c-2,poss,0.75,z,1.1017257919884287,None,None,,,,,,,,,,,0,559,559,18,839.5202837499965,,,,,,,,,,,,,,,,,,,,,,,,,,,,,,,,,,,,,,,,,,,,,,,,,,,,,,,,,,,,,,,,,,,,,,839.511682124983,839.5202837499965,840.2580844579788,840.2580844579788,840.2580844579788,840.3299432499916,840.3299432499916,840.3299432499916,840.6282551249897,z,1.1017257919884287,None,840.6283849159954,840.6284399580036,None,,,,,,,,,,,,21049980,0,2025-12-19_13h26.19.902,tilt_mocs,2024.2.4,118.6912514243581,2025-12-19 13h27.13.083545 -0500,
4,15.0,,560,560,0,,,,,100,0,,,,,c+4,poss,0.5,z,0.9001332500192802,None,None,,,,,,,,,,,0,560,560,135,840.6393869159801,,,,,,,,,,,,,,,,,,,,,,,,,,,,,,,,,,,,,,,,,,,,,,,,,,,,,,,,,,,,,,,,,,,,,,840.6306205409928,840.6393869159801,841.1237687079993,841.1237687079993,841.1237687079993,841.1966878329986,841.1966878329986,841.1966878329986,841.5441656659823,z,0.9001332500192802,None,841.5442845829821,841.544350207987,None,,,,,,,,,,,,21049980,0,2025-12-19_13h26.19.902,tilt_mocs,2024.2.4,118.6912514243581,2025-12-19 13h27.13.083545 -0500,
2,-15.0,,561,561,0,,,,,100,0,,,,,c+2,negs,0.75,period,1.2481849160103593,None,None,,,,,,,,,,,0,561,561,476,841.5554310409934,,,,,,,,,,,,,,,,,,,,,,,,,,,,,,,,,,,,,,,,,,,,,,,,,,,,,,,,,,,,,,,,,,,,,,841.5466440409946,841.5554310409934,842.2915120410034,842.2915120410034,842.2915120410034,842.3638110409956,842.3638110409956,842.3638110409956,842.8110210409795,period,1.2481849160103593,None,842.8111495829944,842.8112044159789,None,,,,,,,,,,,,21049980,0,2025-12-19_13h26.19.902,tilt_mocs,2024.2.4,118.6912514243581,2025-12-19 13h27.13.083545 -0500,
4,0.0,,562,562,0,,,,,0,100,,,,,c+4,noss,1.0,period,1.3628949169942643,None,None,,,,,,,,,,,0,562,562,702,842.8221720829897,,,,,,,,,,,,,,,,,,,,,,,,,,,,,,,,,,,,,,,,,,,,,,,,,,,,,,,,,,,,,,,,,,,,,,842.8133660829917,842.8221720829897,843.8079622079968,843.8079622079968,843.8079622079968,843.8803863749781,843.8803863749781,843.8803863749781,844.1939274159959,period,1.3628949169942643,None,844.1940307079931,844.1940748329798,None,,,,,,,,,,,,21049980,0,2025-12-19_13h26.19.902,tilt_mocs,2024.2.4,118.6912514243581,2025-12-19 13h27.13.083545 -0500,
2,15.0,,563,563,0,,,,,100,0,,,,,c+2,poss,0.5,period,0.8209611249912996,None,None,,,,,,,,,,,0,563,563,92,844.2049562079774,,,,,,,,,,,,,,,,,,,,,,,,,,,,,,,,,,,,,,,,,,,,,,,,,,,,,,,,,,,,,,,,,,,,,,844.1961525829975,844.2049562079774,844.6913339579769,844.6913339579769,844.6913339579769,844.7638438330032,844.7638438330032,844.7638438330032,845.0283560829994,period,0.8209611249912996,None,845.0284574999823,845.0284995829861,None,,,,,,,,,,,,21049980,0,2025-12-19_13h26.19.902,tilt_mocs,2024.2.4,118.6912514243581,2025-12-19 13h27.13.083545 -0500,
0,15.0,,564,564,0,,,,,100,0,,,,,c+0,poss,0.5,period,0.9529068339907099,None,None,,,,,,,,,,,0,564,564,43,845.0393884579826,,,,,,,,,,,,,,,,,,,,,,,,,,,,,,,,,,,,,,,,,,,,,,,,,,,,,,,,,,,,,,,,,,,,,,845.0305471250031,845.0393884579826,845.524692957988,845.524692957988,845.524692957988,845.5972816249996,845.5972816249996,845.5972816249996,845.9952624159923,period,0.9529068339907099,None,845.9954323330021,845.9955993329932,None,,,,,,,,,,,,21049980,0,2025-12-19_13h26.19.902,tilt_mocs,2024.2.4,118.6912514243581,2025-12-19 13h27.13.083545 -0500,
2,-15.0,,565,565,0,,,,,100,0,,,,,c+2,negs,0.5,period,0.858108667016495,None,None,,,,,,,,,,,0,565,565,462,846.0072433329769,,,,,,,,,,,,,,,,,,,,,,,,,,,,,,,,,,,,,,,,,,,,,,,,,,,,,,,,,,,,,,,,,,,,,,845.9981767909776,846.0072433329769,846.4913659579761,846.4913659579761,846.4913659579761,846.5631261249946,846.5631261249946,846.5631261249946,846.8777834579814,period,0.858108667016495,None,846.8779169579793,846.8779790829867,None,,,,,,,,,,,,21049980,0,2025-12-19_13h26.19.902,tilt_mocs,2024.2.4,118.6912514243581,2025-12-19 13h27.13.083545 -0500,
-4,-15.0,,566,566,0,,,,,100,0,,,,,c-4,negs,1.25,period,1.536723917000927,None,None,,,,,,,,,,,0,566,566,373,846.8893578749849,,,,,,,,,,,,,,,,,,,,,,,,,,,,,,,,,,,,,,,,,,,,,,,,,,,,,,,,,,,,,,,,,,,,,,846.8802692909958,846.8893578749849,848.1248952079914,848.1248952079914,848.1248952079914,848.1980334999971,848.1980334999971,848.1980334999971,848.4289428749762,period,1.536723917000927,None,848.429084790987,848.4291439999943,None,,,,,,,,,,,,21049980,0,2025-12-19_13h26.19.902,tilt_mocs,2024.2.4,118.6912514243581,2025-12-19 13h27.13.083545 -0500,
-8,-15.0,,567,567,0,,,,,100,0,,,,,c-8,negs,0.75,z,1.1013410839950666,None,None,,,,,,,,,,,0,567,567,267,848.4407587909955,,,,,,,,,,,,,,,,,,,,,,,,,,,,,,,,,,,,,,,,,,,,,,,,,,,,,,,,,,,,,,,,,,,,,,848.431510208,848.4407587909955,849.1748875829799,849.1748875829799,849.1748875829799,849.247557708004,849.247557708004,849.247557708004,849.5447344580025,z,1.1013410839950666,None,849.5448787499918,849.5449336659804,None,,,,,,,,,,,,21049980,0,2025-12-19_13h26.19.902,tilt_mocs,2024.2.4,118.6912514243581,2025-12-19 13h27.13.083545 -0500,
4,15.0,,568,568,0,,,,,100,0,,,,,c+4,poss,1.0,z,1.2719439580105245,None,None,,,,,,,,,,,0,568,568,156,849.5562063749821,,,,,,,,,,,,,,,,,,,,,,,,,,,,,,,,,,,,,,,,,,,,,,,,,,,,,,,,,,,,,,,,,,,,,,849.5471549579815,849.5562063749821,850.5407263329835,850.5407263329835,850.5407263329835,850.6135941660032,850.6135941660032,850.6135941660032,850.8330196659954,z,1.2719439580105245,None,850.8331200829998,850.8331637909869,None,,,,,,,,,,,,21049980,0,2025-12-19_13h26.19.902,tilt_mocs,2024.2.4,118.6912514243581,2025-12-19 13h27.13.083545 -0500,
-2,0.0,,569,569,0,,,,,0,100,,,,,c-2,noss,1.25,period,1.7100741670001298,None,None,,,,,,,,,,,0,569,569,581,850.8442173329822,,,,,,,,,,,,,,,,,,,,,,,,,,,,,,,,,,,,,,,,,,,,,,,,,,,,,,,,,,,,,,,,,,,,,,850.8351336249907,850.8442173329822,852.0843904999783,852.0843904999783,852.0843904999783,852.1589818329958,852.1589818329958,852.1589818329958,852.5612386249995,period,1.7100741670001298,None,852.5613654999761,852.5614202079887,None,,,,,,,,,,,,21049980,0,2025-12-19_13h26.19.902,tilt_mocs,2024.2.4,118.6912514243581,2025-12-19 13h27.13.083545 -0500,
-2,0.0,,570,570,0,,,,,0,100,,,,,c-2,noss,1.25,z,0.009852582996245474,None,None,,,,,,,,,,,0,570,570,579,852.5721687499899,,,,,,,,,,,,,,,,,,,,,,,,,,,,,,,,,,,,,,,,,,,,,,,,,,,,,,,,,,,,,,,,,,,,,,852.5635127909773,852.5721687499899,,,,,,,852.5941322909785,z,0.009852582996245474,None,852.5942289159866,852.5942752499832,None,,,,,,,,,,,,21049980,0,2025-12-19_13h26.19.902,tilt_mocs,2024.2.4,118.6912514243581,2025-12-19 13h27.13.083545 -0500,
0,0.0,,571,571,0,,,,,0,100,,,,,c+0,noss,0.75,z,1.0400804590026382,None,None,,,,,,,,,,,0,571,571,604,852.604625582986,,,,,,,,,,,,,,,,,,,,,,,,,,,,,,,,,,,,,,,,,,,,,,,,,,,,,,,,,,,,,,,,,,,,,,852.5963182909763,852.604625582986,853.3417237499962,853.3417237499962,853.3417237499962,853.4141790409922,853.4141790409922,853.4141790409922,853.6497587499907,z,1.0400804590026382,None,853.6498927909997,853.6499470830022,None,,,,,,,,,,,,21049980,0,2025-12-19_13h26.19.902,tilt_mocs,2024.2.4,118.6912514243581,2025-12-19 13h27.13.083545 -0500,
-6,-15.0,,572,572,0,,,,,100,0,,,,,c-6,negs,1.0,z,1.3150144169921987,None,None,,,,,,,,,,,0,572,572,324,853.6609845829953,,,,,,,,,,,,,,,,,,,,,,,,,,,,,,,,,,,,,,,,,,,,,,,,,,,,,,,,,,,,,,,,,,,,,,853.6519179999887,853.6609845829953,854.651018790988,854.651018790988,854.651018790988,854.7257330409775,854.7257330409775,854.7257330409775,854.9784937079821,z,1.3150144169921987,None,854.9786287499883,854.9786860829918,None,,,,,,,,,,,,21049980,0,2025-12-19_13h26.19.902,tilt_mocs,2024.2.4,118.6912514243581,2025-12-19 13h27.13.083545 -0500,
4,15.0,,573,573,0,,,,,100,0,,,,,c+4,poss,1.0,z,1.2687383329903241,None,None,,,,,,,,,,,0,573,573,150,854.989786916005,,,,,,,,,,,,,,,,,,,,,,,,,,,,,,,,,,,,,,,,,,,,,,,,,,,,,,,,,,,,,,,,,,,,,,854.9807925409987,854.989786916005,855.9742683749937,855.9742683749937,855.9742683749937,856.0484143329959,856.0484143329959,856.0484143329959,856.2607839579869,z,1.2687383329903241,None,856.26088329099,856.2609258749872,None,,,,,,,,,,,,21049980,0,2025-12-19_13h26.19.902,tilt_mocs,2024.2.4,118.6912514243581,2025-12-19 13h27.13.083545 -0500,
-4,-15.0,,574,574,0,,,,,100,0,,,,,c-4,negs,0.5,z,0.9630407500080764,None,None,,,,,,,,,,,0,574,574,345,856.2713734580029,,,,,,,,,,,,,,,,,,,,,,,,,,,,,,,,,,,,,,,,,,,,,,,,,,,,,,,,,,,,,,,,,,,,,,856.2628658750036,856.2713734580029,856.7584363329806,856.7584363329806,856.7584363329806,856.8308431250043,856.8308431250043,856.8308431250043,857.2447452499764,z,0.9630407500080764,None,857.2448918749869,857.2449472080043,None,,,,,,,,,,,,21049980,0,2025-12-19_13h26.19.902,tilt_mocs,2024.2.4,118.6912514243581,2025-12-19 13h27.13.083545 -0500,
4,0.0,,575,575,0,,,,,0,100,,,,,c+4,noss,0.75,z,1.0146394580078777,None,None,,,,,,,,,,,0,575,575,686,857.2570678329794,,,,,,,,,,,,,,,,,,,,,,,,,,,,,,,,,,,,,,,,,,,,,,,,,,,,,,,,,,,,,,,,,,,,,,857.2478374999773,857.2570678329794,857.9918998329958,857.9918998329958,857.9918998329958,858.0651920409873,858.0651920409873,858.0651920409873,858.2782784999872,z,1.0146394580078777,None,858.2784097499971,858.2784646249784,None,,,,,,,,,,,,21049980,0,2025-12-19_13h26.19.902,tilt_mocs,2024.2.4,118.6912514243581,2025-12-19 13h27.13.083545 -0500,
-2,0.0,,576,576,0,,,,,0,100,,,,,c-2,noss,0.5,z,0.989658500009682,None,None,,,,,,,,,,,0,576,576,554,858.2887110000011,,,,,,,,,,,,,,,,,,,,,,,,,,,,,,,,,,,,,,,,,,,,,,,,,,,,,,,,,,,,,,,,,,,,,,858.2804575829941,858.2887110000011,858.7752921249776,858.7752921249776,858.7752921249776,858.8483039999846,858.8483039999846,858.8483039999846,859.2845444999984,z,0.989658500009682,None,859.2846864159801,859.2847482909856,None,,,,,,,,,,,,21049980,0,2025-12-19_13h26.19.902,tilt_mocs,2024.2.4,118.6912514243581,2025-12-19 13h27.13.083545 -0500,
-4,0.0,,577,577,0,,,,,0,100,,,,,c-4,noss,0.5,z,0.9229950000008103,None,None,,,,,,,,,,,0,577,577,512,859.2951539579954,,,,,,,,,,,,,,,,,,,,,,,,,,,,,,,,,,,,,,,,,,,,,,,,,,,,,,,,,,,,,,,,,,,,,,859.2869096659997,859.2951539579954,859.7833423329866,859.7833423329866,859.7833423329866,859.8590955830005,859.8590955830005,859.8590955830005,860.2285311250016,z,0.9229950000008103,None,860.2286760830029,860.2287318329909,None,,,,,,,,,,,,21049980,0,2025-12-19_13h26.19.902,tilt_mocs,2024.2.4,118.6912514243581,2025-12-19 13h27.13.083545 -0500,
6,15.0,,578,578,0,,,,,100,0,,,,,c+6,poss,1.25,z,1.6325238329882268,None,None,,,,,,,,,,,0,578,578,205,860.2397035409813,,,,,,,,,,,,,,,,,,,,,,,,,,,,,,,,,,,,,,,,,,,,,,,,,,,,,,,,,,,,,,,,,,,,,,860.2310504999768,860.2397035409813,861.4753322909819,861.4753322909819,861.4753322909819,861.5478369579941,861.5478369579941,861.5478369579941,861.8781877500005,z,1.6325238329882268,None,861.8784442079777,861.8785322500044,None,,,,,,,,,,,,21049980,0,2025-12-19_13h26.19.902,tilt_mocs,2024.2.4,118.6912514243581,2025-12-19 13h27.13.083545 -0500,
2,-15.0,,579,579,0,,,,,100,0,,,,,c+2,negs,0.5,period,1.0207424169930164,None,None,,,,,,,,,,,0,579,579,472,861.890038957994,,,,,,,,,,,,,,,,,,,,,,,,,,,,,,,,,,,,,,,,,,,,,,,,,,,,,,,,,,,,,,,,,,,,,,861.8810095409863,861.890038957994,862.3752964579908,862.3752964579908,862.3752964579908,862.4472053749778,862.4472053749778,862.4472053749778,862.9165967909794,period,1.0207424169930164,None,862.9167167079868,862.9167747499887,None,,,,,,,,,,,,21049980,0,2025-12-19_13h26.19.902,tilt_mocs,2024.2.4,118.6912514243581,2025-12-19 13h27.13.083545 -0500,
4,0.0,,580,580,0,,,,,0,100,,,,,c+4,noss,1.0,period,1.3667692920134868,None,None,,,,,,,,,,,0,580,580,700,862.9279691249831,,,,,,,,,,,,,,,,,,,,,,,,,,,,,,,,,,,,,,,,,,,,,,,,,,,,,,,,,,,,,,,,,,,,,,862.919125165994,862.9279691249831,863.917811708001,863.917811708001,863.917811708001,863.9928271659883,863.9928271659883,863.9928271659883,864.3011402499978,period,1.3667692920134868,None,864.3012607079872,864.3013138749811,None,,,,,,,,,,,,21049980,0,2025-12-19_13h26.19.902,tilt_mocs,2024.2.4,118.6912514243581,2025-12-19 13h27.13.083545 -0500,
-4,0.0,,581,581,0,,,,,0,100,,,,,c-4,noss,0.75,z,1.1425593339954503,None,None,,,,,,,,,,,0,581,581,516,864.3118949999916,,,,,,,,,,,,,,,,,,,,,,,,,,,,,,,,,,,,,,,,,,,,,,,,,,,,,,,,,,,,,,,,,,,,,,864.3036737499933,864.3118949999916,865.0519287079806,865.0519287079806,865.0519287079806,865.1318157079804,865.1318157079804,865.1318157079804,865.4617607499822,z,1.1425593339954503,None,865.4619209579832,865.4619806660048,None,,,,,,,,,,,,21049980,0,2025-12-19_13h26.19.902,tilt_mocs,2024.2.4,118.6912514243581,2025-12-19 13h27.13.083545 -0500,
-8,-15.0,,582,582,0,,,,,100,0,,,,,c-8,negs,0.5,z,0.8618310829915572,None,None,,,,,,,,,,,0,582,582,256,865.4736810409813,,,,,,,,,,,,,,,,,,,,,,,,,,,,,,,,,,,,,,,,,,,,,,,,,,,,,,,,,,,,,,,,,,,,,,865.4648889999953,865.4736810409813,865.9588568329928,865.9588568329928,865.9588568329928,866.0312209999829,866.0312209999829,866.0312209999829,866.3449210829858,z,0.8618310829915572,None,866.3450529999973,866.3451114159834,None,,,,,,,,,,,,21049980,0,2025-12-19_13h26.19.902,tilt_mocs,2024.2.4,118.6912514243581,2025-12-19 13h27.13.083545 -0500,
8,15.0,,583,583,0,,,,,100,0,,,,,c+8,poss,0.5,z,0.8214194999891333,None,None,,,,,,,,,,,0,583,583,213,866.3570359580044,,,,,,,,,,,,,,,,,,,,,,,,,,,,,,,,,,,,,,,,,,,,,,,,,,,,,,,,,,,,,,,,,,,,,,866.348259499995,866.3570359580044,866.8413197909831,866.8413197909831,866.8413197909831,866.9152328749769,866.9152328749769,866.9152328749769,867.1836042499926,z,0.8214194999891333,None,867.1837287909875,867.1837740000046,None,,,,,,,,,,,,21049980,0,2025-12-19_13h26.19.902,tilt_mocs,2024.2.4,118.6912514243581,2025-12-19 13h27.13.083545 -0500,
0,0.0,,584,584,0,,,,,0,100,,,,,c+0,noss,0.5,z,0.894966583000496,None,None,,,,,,,,,,,0,584,584,598,867.1947914159973,,,,,,,,,,,,,,,,,,,,,,,,,,,,,,,,,,,,,,,,,,,,,,,,,,,,,,,,,,,,,,,,,,,,,,867.1857299999974,867.1947914159973,867.6855586250022,867.6855586250022,867.6855586250022,867.7594932909997,867.7594932909997,867.7594932909997,868.0950544579828,z,0.894966583000496,None,868.0951819579932,868.095236041001,None,,,,,,,,,,,,21049980,0,2025-12-19_13h26.19.902,tilt_mocs,2024.2.4,118.6912514243581,2025-12-19 13h27.13.083545 -0500,
4,15.0,,585,585,0,,,,,100,0,,,,,c+4,poss,0.75,period,1.2122429579903837,None,None,,,,,,,,,,,0,585,585,140,868.1062603750033,,,,,,,,,,,,,,,,,,,,,,,,,,,,,,,,,,,,,,,,,,,,,,,,,,,,,,,,,,,,,,,,,,,,,,868.0974627499818,868.1062603750033,868.8421911659825,868.8421911659825,868.8421911659825,868.9145350409963,868.9145350409963,868.9145350409963,869.3291824159969,period,1.2122429579903837,None,869.3293397079979,869.3294046660012,None,,,,,,,,,,,,21049980,0,2025-12-19_13h26.19.902,tilt_mocs,2024.2.4,118.6912514243581,2025-12-19 13h27.13.083545 -0500,
2,0.0,,586,586,0,,,,,0,100,,,,,c+2,noss,0.75,z,1.1482384169939905,None,None,,,,,,,,,,,0,586,586,649,869.3406595829874,,,,,,,,,,,,,,,,,,,,,,,,,,,,,,,,,,,,,,,,,,,,,,,,,,,,,,,,,,,,,,,,,,,,,,869.3316791249963,869.3406595829874,870.0757029999804,870.0757029999804,870.0757029999804,870.1473653749854,870.1473653749854,870.1473653749854,870.4953878749802,z,1.1482384169939905,None,870.49553645798,870.4955950409931,None,,,,,,,,,,,,21049980,0,2025-12-19_13h26.19.902,tilt_mocs,2024.2.4,118.6912514243581,2025-12-19 13h27.13.083545 -0500,
2,0.0,,587,587,0,,,,,0,100,,,,,c+2,noss,1.25,period,0.07047329202760011,None,None,,,,,,,,,,,0,587,587,668,870.5071408329823,,,,,,,,,,,,,,,,,,,,,,,,,,,,,,,,,,,,,,,,,,,,,,,,,,,,,,,,,,,,,,,,,,,,,,870.4981498749985,870.5071408329823,,,,,,,870.5848525829788,period,0.07047329202760011,None,870.5849537909962,870.5850044580002,None,,,,,,,,,,,,21049980,0,2025-12-19_13h26.19.902,tilt_mocs,2024.2.4,118.6912514243581,2025-12-19 13h27.13.083545 -0500,
-2,0.0,,588,588,0,,,,,0,100,,,,,c-2,noss,1.25,z,1.7677181249891873,None,None,,,,,,,,,,,0,588,588,578,870.5952682909847,,,,,,,,,,,,,,,,,,,,,,,,,,,,,,,,,,,,,,,,,,,,,,,,,,,,,,,,,,,,,,,,,,,,,,870.5870163749787,870.5952682909847,871.8348344159895,871.8348344159895,871.8348344159895,871.9096402080031,871.9096402080031,871.9096402080031,872.3679060409777,z,1.7677181249891873,None,872.3680314999947,872.3680910409894,None,,,,,,,,,,,,21049980,0,2025-12-19_13h26.19.902,tilt_mocs,2024.2.4,118.6912514243581,2025-12-19 13h27.13.083545 -0500,
2,15.0,,589,589,0,,,,,100,0,,,,,c+2,poss,1.25,z,1.671662999986438,None,None,,,,,,,,,,,0,589,589,119,872.3790176659822,,,,,,,,,,,,,,,,,,,,,,,,,,,,,,,,,,,,,,,,,,,,,,,,,,,,,,,,,,,,,,,,,,,,,,872.3703747499967,872.3790176659822,873.6181598329858,873.6181598329858,873.6181598329858,873.6920157079876,873.6920157079876,873.6920157079876,874.0619270409807,z,1.671662999986438,None,874.0621019579994,874.0622939579771,None,,,,,,,,,,,,21049980,0,2025-12-19_13h26.19.902,tilt_mocs,2024.2.4,118.6912514243581,2025-12-19 13h27.13.083545 -0500,
0,15.0,,590,590,0,,,,,100,0,,,,,c+0,poss,0.75,period,1.1654638749896549,None,None,,,,,,,,,,,0,590,590,55,874.0739347079943,,,,,,,,,,,,,,,,,,,,,,,,,,,,,,,,,,,,,,,,,,,,,,,,,,,,,,,,,,,,,,,,,,,,,,874.0648875829938,874.0739347079943,874.8090971249912,874.8090971249912,874.8090971249912,874.8831202909932,874.8831202909932,874.8831202909932,875.2452939159994,period,1.1654638749896549,None,875.2453993329837,875.2454442909802,None,,,,,,,,,,,,21049980,0,2025-12-19_13h26.19.902,tilt_mocs,2024.2.4,118.6912514243581,2025-12-19 13h27.13.083545 -0500,
0,15.0,,591,591,0,,,,,100,0,,,,,c+0,poss,1.25,z,1.580359083978692,None,None,,,,,,,,,,,0,591,591,76,875.2559236249945,,,,,,,,,,,,,,,,,,,,,,,,,,,,,,,,,,,,,,,,,,,,,,,,,,,,,,,,,,,,,,,,,,,,,,875.2474378329935,875.2559236249945,876.4928944999992,876.4928944999992,876.4928944999992,876.5647965410026,876.5647965410026,876.5647965410026,876.8453901250032,z,1.580359083978692,None,876.8455507909821,876.8456212499877,None,,,,,,,,,,,,21049980,0,2025-12-19_13h26.19.902,tilt_mocs,2024.2.4,118.6912514243581,2025-12-19 13h27.13.083545 -0500,
-6,-15.0,,592,592,0,,,,,100,0,,,,,c-6,negs,0.5,z,0.9040213339903858,None,None,,,,,,,,,,,0,592,592,299,876.8577497499937,,,,,,,,,,,,,,,,,,,,,,,,,,,,,,,,,,,,,,,,,,,,,,,,,,,,,,,,,,,,,,,,,,,,,,876.8485859159846,876.8577497499937,877.342872749985,877.342872749985,877.342872749985,877.414603665995,877.414603665995,877.414603665995,877.7684007079806,z,0.9040213339903858,None,877.7685361249896,877.7685915000038,None,,,,,,,,,,,,21049980,0,2025-12-19_13h26.19.902,tilt_mocs,2024.2.4,118.6912514243581,2025-12-19 13h27.13.083545 -0500,
2,-15.0,,593,593,0,,,,,100,0,,,,,c+2,negs,1.0,z,1.3255249159992673,None,None,,,,,,,,,,,0,593,593,486,877.7791085829958,,,,,,,,,,,,,,,,,,,,,,,,,,,,,,,,,,,,,,,,,,,,,,,,,,,,,,,,,,,,,,,,,,,,,,877.7709514999879,877.7791085829958,878.7683869159955,878.7683869159955,878.7683869159955,878.842913749977,878.842913749977,878.842913749977,879.1121172499843,z,1.3255249159992673,None,879.112244791002,879.1123159999843,None,,,,,,,,,,,,21049980,0,2025-12-19_13h26.19.902,tilt_mocs,2024.2.4,118.6912514243581,2025-12-19 13h27.13.083545 -0500,
0,15.0,,594,594,0,,,,,100,0,,,,,c+0,poss,1.25,z,1.593866084003821,None,None,,,,,,,,,,,0,594,594,78,879.1238784999878,,,,,,,,,,,,,,,,,,,,,,,,,,,,,,,,,,,,,,,,,,,,,,,,,,,,,,,,,,,,,,,,,,,,,,879.1149697079964,879.1238784999878,880.3593163329933,880.3593163329933,880.3593163329933,880.4314149999991,880.4314149999991,880.4314149999991,880.7292183329992,z,1.593866084003821,None,880.7293937909999,880.7294615829887,None,,,,,,,,,,,,21049980,0,2025-12-19_13h26.19.902,tilt_mocs,2024.2.4,118.6912514243581,2025-12-19 13h27.13.083545 -0500,
0,15.0,,595,595,0,,,,,100,0,,,,,c+0,poss,0.75,z,1.1722188749990892,None,None,,,,,,,,,,,0,595,595,62,880.7412266249885,,,,,,,,,,,,,,,,,,,,,,,,,,,,,,,,,,,,,,,,,,,,,,,,,,,,,,,,,,,,,,,,,,,,,,880.7321309160034,880.7412266249885,881.4760264159995,881.4760264159995,881.4760264159995,881.5485179579991,881.5485179579991,881.5485179579991,881.9173967909883,z,1.1722188749990892,None,881.9175004999852,881.9175546249899,None,,,,,,,,,,,,21049980,0,2025-12-19_13h26.19.902,tilt_mocs,2024.2.4,118.6912514243581,2025-12-19 13h27.13.083545 -0500,
2,15.0,,596,596,0,,,,,100,0,,,,,c+2,poss,0.75,z,1.1044878750108182,None,None,,,,,,,,,,,0,596,596,100,881.928592457989,,,,,,,,,,,,,,,,,,,,,,,,,,,,,,,,,,,,,,,,,,,,,,,,,,,,,,,,,,,,,,,,,,,,,,881.919476332987,881.928592457989,882.6586939579865,882.6586939579865,882.6586939579865,882.7313462909951,882.7313462909951,882.7313462909951,883.045608290995,z,1.1044878750108182,None,883.0457365000038,883.0457930830016,None,,,,,,,,,,,,21049980,0,2025-12-19_13h26.19.902,tilt_mocs,2024.2.4,118.6912514243581,2025-12-19 13h27.13.083545 -0500,
-4,0.0,,597,597,0,,,,,0,100,,,,,c-4,noss,0.5,z,0.9721300420060288,None,None,,,,,,,,,,,0,597,597,511,883.0566602909821,,,,,,,,,,,,,,,,,,,,,,,,,,,,,,,,,,,,,,,,,,,,,,,,,,,,,,,,,,,,,,,,,,,,,,883.0478787499887,883.0566602909821,883.5427769160015,883.5427769160015,883.5427769160015,883.615442624985,883.615442624985,883.615442624985,884.0343097499863,z,0.9721300420060288,None,884.0344317079871,884.0344955000037,None,,,,,,,,,,,,21049980,0,2025-12-19_13h26.19.902,tilt_mocs,2024.2.4,118.6912514243581,2025-12-19 13h27.13.083545 -0500,
0,15.0,,598,598,0,,,,,100,0,,,,,c+0,poss,0.75,z,1.1720953329931945,None,None,,,,,,,,,,,0,598,598,53,884.0455484580016,,,,,,,,,,,,,,,,,,,,,,,,,,,,,,,,,,,,,,,,,,,,,,,,,,,,,,,,,,,,,,,,,,,,,,884.0364853749925,884.0455484580016,884.7852630830021,884.7852630830021,884.7852630830021,884.860079999984,884.860079999984,884.860079999984,885.2288730829896,z,1.1720953329931945,None,885.229000124993,885.2290568749886,None,,,,,,,,,,,,21049980,0,2025-12-19_13h26.19.902,tilt_mocs,2024.2.4,118.6912514243581,2025-12-19 13h27.13.083545 -0500,
-6,-15.0,,599,599,0,,,,,100,0,,,,,c-6,negs,1.25,z,1.6126684579940047,None,None,,,,,,,,,,,0,599,599,335,885.2402473749826,,,,,,,,,,,,,,,,,,,,,,,,,,,,,,,,,,,,,,,,,,,,,,,,,,,,,,,,,,,,,,,,,,,,,,885.2314663750003,885.2402473749826,886.4762832909764,886.4762832909764,886.4762832909764,886.5493197909964,886.5493197909964,886.5493197909964,886.8626726660004,z,1.6126684579940047,None,886.8628943749936,886.8629558749963,None,,,,,,,,,,,,21049980,0,2025-12-19_13h26.19.902,tilt_mocs,2024.2.4,118.6912514243581,2025-12-19 13h27.13.083545 -0500,
8,15.0,,600,600,0,,,,,100,0,,,,,c+8,poss,1.25,z,1.6220565419935156,None,None,,,,,,,,,,,0,600,600,247,886.874534957984,,,,,,,,,,,,,,,,,,,,,,,,,,,,,,,,,,,,,,,,,,,,,,,,,,,,,,,,,,,,,,,,,,,,,,886.8654086659953,886.874534957984,888.1096097079862,888.1096097079862,888.1096097079862,888.181665082986,888.181665082986,888.181665082986,888.5018697499763,z,1.6220565419935156,None,888.5019900829939,888.5020431659941,None,,,,,,,,,,,,21049980,0,2025-12-19_13h26.19.902,tilt_mocs,2024.2.4,118.6912514243581,2025-12-19 13h27.13.083545 -0500,
6,15.0,,601,601,0,,,,,100,0,,,,,c+6,poss,1.0,period,1.364741083001718,None,None,,,,,,,,,,,0,601,601,199,888.5128577909782,,,,,,,,,,,,,,,,,,,,,,,,,,,,,,,,,,,,,,,,,,,,,,,,,,,,,,,,,,,,,,,,,,,,,,888.504141249985,888.5128577909782,889.502600207983,889.502600207983,889.502600207983,889.5769579999906,889.5769579999906,889.5769579999906,889.8803499999922,period,1.364741083001718,None,889.8804623329779,889.8805088329827,None,,,,,,,,,,,,21049980,0,2025-12-19_13h26.19.902,tilt_mocs,2024.2.4,118.6912514243581,2025-12-19 13h27.13.083545 -0500,
-6,-15.0,,602,602,0,,,,,100,0,,,,,c-6,negs,0.5,period,0.8277834159962367,None,None,,,,,,,,,,,0,602,602,302,889.8920464999974,,,,,,,,,,,,,,,,,,,,,,,,,,,,,,,,,,,,,,,,,,,,,,,,,,,,,,,,,,,,,,,,,,,,,,889.8826691659924,889.8920464999974,890.3763666659943,890.3763666659943,890.3763666659943,890.4492258329992,890.4492258329992,890.4492258329992,890.7288419159886,period,0.8277834159962367,None,890.7289704159775,890.7290251249797,None,,,,,,,,,,,,21049980,0,2025-12-19_13h26.19.902,tilt_mocs,2024.2.4,118.6912514243581,2025-12-19 13h27.13.083545 -0500,
0,0.0,,603,603,0,,,,,0,100,,,,,c+0,noss,0.75,period,1.0808104590105359,None,None,,,,,,,,,,,0,603,603,602,890.7398853329942,,,,,,,,,,,,,,,,,,,,,,,,,,,,,,,,,,,,,,,,,,,,,,,,,,,,,,,,,,,,,,,,,,,,,,890.7311162079859,890.7398853329942,891.4765975409828,891.4765975409828,891.4765975409828,891.5500407499785,891.5500407499785,891.5500407499785,891.8292161249847,period,1.0808104590105359,None,891.8293462909933,891.8294017500011,None,,,,,,,,,,,,21049980,0,2025-12-19_13h26.19.902,tilt_mocs,2024.2.4,118.6912514243581,2025-12-19 13h27.13.083545 -0500,
4,15.0,,604,604,0,,,,,100,0,,,,,c+4,poss,0.5,period,0.8361112920101732,None,None,,,,,,,,,,,0,604,604,133,891.8407429159852,,,,,,,,,,,,,,,,,,,,,,,,,,,,,,,,,,,,,,,,,,,,,,,,,,,,,,,,,,,,,,,,,,,,,,891.8319630409824,891.8407429159852,892.3257002079918,892.3257002079918,892.3257002079918,892.3995543329802,892.3995543329802,892.3995543329802,892.6794913749909,period,0.8361112920101732,None,892.6796660409891,892.6798492499802,None,,,,,,,,,,,,21049980,0,2025-12-19_13h26.19.902,tilt_mocs,2024.2.4,118.6912514243581,2025-12-19 13h27.13.083545 -0500,
2,0.0,,605,605,0,,,,,0,100,,,,,c+2,noss,0.75,period,0.9711326249816921,None,None,,,,,,,,,,,0,605,605,651,892.6914742910012,,,,,,,,,,,,,,,,,,,,,,,,,,,,,,,,,,,,,,,,,,,,,,,,,,,,,,,,,,,,,,,,,,,,,,892.6824040409992,892.6914742910012,893.4264324579854,893.4264324579854,893.4264324579854,893.4989047909912,893.4989047909912,893.4989047909912,893.6685258749931,period,0.9711326249816921,None,893.6686314579856,893.6686781659955,None,,,,,,,,,,,,21049980,0,2025-12-19_13h26.19.902,tilt_mocs,2024.2.4,118.6912514243581,2025-12-19 13h27.13.083545 -0500,
-2,-15.0,,606,606,0,,,,,100,0,,,,,c-2,negs,1.0,period,1.2868994160089642,None,None,,,,,,,,,,,0,606,606,407,893.6794655830017,,,,,,,,,,,,,,,,,,,,,,,,,,,,,,,,,,,,,,,,,,,,,,,,,,,,,,,,,,,,,,,,,,,,,,893.670680124982,893.6794655830017,894.6687504579895,894.6687504579895,894.6687504579895,894.7437076249917,894.7437076249917,894.7437076249917,894.9691346249892,period,1.2868994160089642,None,894.9692625409807,894.9693173749838,None,,,,,,,,,,,,21049980,0,2025-12-19_13h26.19.902,tilt_mocs,2024.2.4,118.6912514243581,2025-12-19 13h27.13.083545 -0500,
-2,0.0,,607,607,0,,,,,0,100,,,,,c-2,noss,1.0,period,1.2681745419977233,None,None,,,,,,,,,,,0,607,607,568,894.9799174579966,,,,,,,,,,,,,,,,,,,,,,,,,,,,,,,,,,,,,,,,,,,,,,,,,,,,,,,,,,,,,,,,,,,,,,894.9713520829973,894.9799174579966,895.9697165410034,895.9697165410034,895.9697165410034,896.0440898329834,896.0440898329834,896.0440898329834,896.2523354580044,period,1.2681745419977233,None,896.2524624999787,896.2525162499805,None,,,,,,,,,,,,21049980,0,2025-12-19_13h26.19.902,tilt_mocs,2024.2.4,118.6912514243581,2025-12-19 13h27.13.083545 -0500,
-2,0.0,,608,608,0,,,,,0,100,,,,,c-2,noss,0.75,z,1.148072834010236,None,None,,,,,,,,,,,0,608,608,565,896.2630147909804,,,,,,,,,,,,,,,,,,,,,,,,,,,,,,,,,,,,,,,,,,,,,,,,,,,,,,,,,,,,,,,,,,,,,,896.2546651659941,896.2630147909804,897.0032222080044,897.0032222080044,897.0032222080044,897.0772508329828,897.0772508329828,897.0772508329828,897.4222430829832,z,1.148072834010236,None,897.4223426659883,897.4223854999873,None,,,,,,,,,,,,21049980,0,2025-12-19_13h26.19.902,tilt_mocs,2024.2.4,118.6912514243581,2025-12-19 13h27.13.083545 -0500,
0,0.0,,609,609,0,,,,,0,100,,,,,c+0,noss,0.75,z,1.0343540419999044,None,None,,,,,,,,,,,0,609,609,606,897.429266207997,,,,,,,,,,,,,,,,,,,,,,,,,,,,,,,,,,,,,,,,,,,,,,,,,,,,,,,,,,,,,,,,,,,,,,897.4243508749933,897.429266207997,898.1694666660042,898.1694666660042,898.1694666660042,898.2438538330025,898.2438538330025,898.2438538330025,898.4682688750036,z,1.0343540419999044,None,898.468398707977,898.4684574999847,None,,,,,,,,,,,,21049980,0,2025-12-19_13h26.19.902,tilt_mocs,2024.2.4,118.6912514243581,2025-12-19 13h27.13.083545 -0500,
4,15.0,,610,610,0,,,,,100,0,,,,,c+4,poss,0.5,z,0.8643349169869907,None,None,,,,,,,,,,,0,610,610,132,898.4796577499947,,,,,,,,,,,,,,,,,,,,,,,,,,,,,,,,,,,,,,,,,,,,,,,,,,,,,,,,,,,,,,,,,,,,,,898.4707013749867,898.4796577499947,898.9688140409999,898.9688140409999,898.9688140409999,899.0439973329776,899.0439973329776,899.0439973329776,899.3468531660037,z,0.8643349169869907,None,899.3469942499942,899.347074749996,None,,,,,,,,,,,,21049980,0,2025-12-19_13h26.19.902,tilt_mocs,2024.2.4,118.6912514243581,2025-12-19 13h27.13.083545 -0500,
-8,-15.0,,611,611,0,,,,,100,0,,,,,c-8,negs,0.75,z,1.0139599170070142,None,None,,,,,,,,,,,0,611,611,273,899.3580655829865,,,,,,,,,,,,,,,,,,,,,,,,,,,,,,,,,,,,,,,,,,,,,,,,,,,,,,,,,,,,,,,,,,,,,,899.3493417909776,899.3580655829865,900.0933695829881,900.0933695829881,900.0933695829881,900.1664367499761,900.1664367499761,900.1664367499761,900.3794903749949,z,1.0139599170070142,None,900.3796175829775,900.3796718329831,None,,,,,,,,,,,,21049980,0,2025-12-19_13h26.19.902,tilt_mocs,2024.2.4,118.6912514243581,2025-12-19 13h27.13.083545 -0500,
-2,15.0,,612,612,0,,,,,100,0,,,,,c-2,poss,1.0,z,0.7750048750021961,None,None,,,,,,,,,,,0,612,612,25,900.3909507909848,,,,,,,,,,,,,,,,,,,,,,,,,,,,,,,,,,,,,,,,,,,,,,,,,,,,,,,,,,,,,,,,,,,,,,900.3821673749771,900.3909507909848,,,,,,,901.1683949159924,z,0.7750048750021961,None,901.1685198329797,901.1685765409784,None,,,,,,,,,,,,21049980,0,2025-12-19_13h26.19.902,tilt_mocs,2024.2.4,118.6912514243581,2025-12-19 13h27.13.083545 -0500,
6,15.0,,613,613,0,,,,,100,0,,,,,c+6,poss,1.25,z,1.4752940420003142,None,None,,,,,,,,,,,0,613,613,204,901.1795167909877,,,,,,,,,,,,,,,,,,,,,,,,,,,,,,,,,,,,,,,,,,,,,,,,,,,,,,,,,,,,,,,,,,,,,,901.1707368329808,901.1795167909877,902.4199110409827,902.4199110409827,902.4199110409827,902.4938052079815,902.4938052079815,902.4938052079815,902.6633166249958,z,1.4752940420003142,None,902.6634747909848,902.6635289999831,None,,,,,,,,,,,,21049980,0,2025-12-19_13h26.19.902,tilt_mocs,2024.2.4,118.6912514243581,2025-12-19 13h27.13.083545 -0500,
2,-15.0,,614,614,0,,,,,100,0,,,,,c+2,negs,0.5,period,0.974972500000149,None,None,,,,,,,,,,,0,614,614,466,902.6757230410003,,,,,,,,,,,,,,,,,,,,,,,,,,,,,,,,,,,,,,,,,,,,,,,,,,,,,,,,,,,,,,,,,,,,,,902.666551790986,902.6757230410003,903.1601069159806,903.1601069159806,903.1601069159806,903.2324899999949,903.2324899999949,903.2324899999949,903.652842874988,period,0.974972500000149,None,903.6529400830041,903.6529813749949,None,,,,,,,,,,,,21049980,0,2025-12-19_13h26.19.902,tilt_mocs,2024.2.4,118.6912514243581,2025-12-19 13h27.13.083545 -0500,
2,0.0,,615,615,0,,,,,0,100,,,,,c+2,noss,1.0,z,1.2877657499921042,None,None,,,,,,,,,,,0,615,615,655,903.6636084999773,,,,,,,,,,,,,,,,,,,,,,,,,,,,,,,,,,,,,,,,,,,,,,,,,,,,,,,,,,,,,,,,,,,,,,903.6549644579936,903.6636084999773,904.653214082995,904.653214082995,904.653214082995,904.7271809579979,904.7271809579979,904.7271809579979,904.9635380409891,z,1.2877657499921042,None,904.96370475,904.9637693330005,None,,,,,,,,,,,,21049980,0,2025-12-19_13h26.19.902,tilt_mocs,2024.2.4,118.6912514243581,2025-12-19 13h27.13.083545 -0500,
2,0.0,,616,616,0,,,,,0,100,,,,,c+2,noss,1.25,period,1.664260290999664,None,None,,,,,,,,,,,0,616,616,662,904.9753189999901,,,,,,,,,,,,,,,,,,,,,,,,,,,,,,,,,,,,,,,,,,,,,,,,,,,,,,,,,,,,,,,,,,,,,,904.9662628329825,904.9753189999901,906.2101872909989,906.2101872909989,906.2101872909989,906.2826679999998,906.2826679999998,906.2826679999998,906.6468183749821,period,1.664260290999664,None,906.6469632909866,906.6470212909917,None,,,,,,,,,,,,21049980,0,2025-12-19_13h26.19.902,tilt_mocs,2024.2.4,118.6912514243581,2025-12-19 13h27.13.083545 -0500,
6,15.0,,617,617,0,,,,,100,0,,,,,c+6,poss,0.5,period,0.8438871660036966,None,None,,,,,,,,,,,0,617,617,173,906.659460957977,,,,,,,,,,,,,,,,,,,,,,,,,,,,,,,,,,,,,,,,,,,,,,,,,,,,,,,,,,,,,,,,,,,,,,906.6504401659768,906.659460957977,907.1437534159923,907.1437534159923,907.1437534159923,907.2157800409768,907.2157800409768,907.2157800409768,907.5129988330009,period,0.8438871660036966,None,907.5131561250018,907.513212165999,None,,,,,,,,,,,,21049980,0,2025-12-19_13h26.19.902,tilt_mocs,2024.2.4,118.6912514243581,2025-12-19 13h27.13.083545 -0500,
4,0.0,,618,618,0,,,,,0,100,,,,,c+4,noss,0.5,period,0.7998630410002079,None,None,,,,,,,,,,,0,618,618,677,907.5252522079973,,,,,,,,,,,,,,,,,,,,,,,,,,,,,,,,,,,,,,,,,,,,,,,,,,,,,,,,,,,,,,,,,,,,,,907.5158994999947,907.5252522079973,908.0103026659926,908.0103026659926,908.0103026659926,908.0835092079942,908.0835092079942,908.0835092079942,908.329894540977,period,0.7998630410002079,None,908.329995624983,908.3300389159995,None,,,,,,,,,,,,21049980,0,2025-12-19_13h26.19.902,tilt_mocs,2024.2.4,118.6912514243581,2025-12-19 13h27.13.083545 -0500,
2,-15.0,,619,619,0,,,,,100,0,,,,,c+2,negs,0.5,period,0.7878647919860668,None,None,,,,,,,,,,,0,619,619,464,908.3405575829966,,,,,,,,,,,,,,,,,,,,,,,,,,,,,,,,,,,,,,,,,,,,,,,,,,,,,,,,,,,,,,,,,,,,,,908.3319902499788,908.3405575829966,908.8270840409969,908.8270840409969,908.8270840409969,908.9000308329996,908.9000308329996,908.9000308329996,909.140695457987,period,0.7878647919860668,None,909.1408157910046,909.1408592909866,None,,,,,,,,,,,,21049980,0,2025-12-19_13h26.19.902,tilt_mocs,2024.2.4,118.6912514243581,2025-12-19 13h27.13.083545 -0500,
-2,-15.0,,620,620,0,,,,,100,0,,,,,c-2,negs,0.5,period,0.8546830420091283,None,None,,,,,,,,,,,0,620,620,379,909.1474105829839,,,,,,,,,,,,,,,,,,,,,,,,,,,,,,,,,,,,,,,,,,,,,,,,,,,,,,,,,,,,,,,,,,,,,,909.1428393329843,909.1474105829839,909.637213665992,909.637213665992,909.637213665992,909.7109197079844,909.7109197079844,909.7109197079844,910.0131627079973,period,0.8546830420091283,None,910.0132954999863,910.013339875004,None,,,,,,,,,,,,21049980,0,2025-12-19_13h26.19.902,tilt_mocs,2024.2.4,118.6912514243581,2025-12-19 13h27.13.083545 -0500,
4,15.0,,621,621,0,,,,,100,0,,,,,c+4,poss,1.0,period,0.8387059580127243,None,None,,,,,,,,,,,0,621,621,157,910.0245457499987,,,,,,,,,,,,,,,,,,,,,,,,,,,,,,,,,,,,,,,,,,,,,,,,,,,,,,,,,,,,,,,,,,,,,,910.0158052909828,910.0245457499987,,,,,,,910.8680500829942,period,0.8387059580127243,None,910.8681474579789,910.8681931659812,None,,,,,,,,,,,,21049980,0,2025-12-19_13h26.19.902,tilt_mocs,2024.2.4,118.6912514243581,2025-12-19 13h27.13.083545 -0500,
0,15.0,,622,622,0,,,,,100,0,,,,,c+0,poss,0.5,period,0.46105391599121504,None,None,,,,,,,,,,,0,622,622,42,910.8790616249898,,,,,,,,,,,,,,,,,,,,,,,,,,,,,,,,,,,,,,,,,,,,,,,,,,,,,,,,,,,,,,,,,,,,,,910.8701524159987,910.8790616249898,,,,,,,911.3461022499832,period,0.46105391599121504,None,911.3462000409781,911.346246000001,None,,,,,,,,,,,,21049980,0,2025-12-19_13h26.19.902,tilt_mocs,2024.2.4,118.6912514243581,2025-12-19 13h27.13.083545 -0500,
-4,0.0,,623,623,0,,,,,0,100,,,,,c-4,noss,1.0,z,1.5243462499929592,None,None,,,,,,,,,,,0,623,623,531,911.3569520000019,,,,,,,,,,,,,,,,,,,,,,,,,,,,,,,,,,,,,,,,,,,,,,,,,,,,,,,,,,,,,,,,,,,,,,911.3482666659984,911.3569520000019,912.3441540829954,912.3441540829954,912.3441540829954,912.416044499987,912.416044499987,912.416044499987,912.8859733330028,z,1.5243462499929592,None,912.8860986249929,912.886153999978,None,,,,,,,,,,,,21049980,0,2025-12-19_13h26.19.902,tilt_mocs,2024.2.4,118.6912514243581,2025-12-19 13h27.13.083545 -0500,
-6,-15.0,,624,624,0,,,,,100,0,,,,,c-6,negs,1.0,z,1.4677857919887174,None,None,,,,,,,,,,,0,624,624,321,912.8971965409874,,,,,,,,,,,,,,,,,,,,,,,,,,,,,,,,,,,,,,,,,,,,,,,,,,,,,,,,,,,,,,,,,,,,,,912.888640249992,912.8971965409874,913.8861005409854,913.8861005409854,913.8861005409854,913.9611860000005,913.9611860000005,913.9611860000005,914.3687122080009,z,1.4677857919887174,None,914.3688510409847,914.36891762499,None,,,,,,,,,,,,21049980,0,2025-12-19_13h26.19.902,tilt_mocs,2024.2.4,118.6912514243581,2025-12-19 13h27.13.083545 -0500,
0,-15.0,,625,625,0,,,,,100,0,,,,,c+0,negs,1.0,z,1.4009510409960058,None,None,,,,,,,,,,,0,625,625,448,914.3801695409929,,,,,,,,,,,,,,,,,,,,,,,,,,,,,,,,,,,,,,,,,,,,,,,,,,,,,,,,,,,,,,,,,,,,,,914.3711834159913,914.3801695409929,915.3705986249843,915.3705986249843,915.3705986249843,915.4444999579864,915.4444999579864,915.4444999579864,915.784901624982,z,1.4009510409960058,None,915.7849998750025,915.7850434579886,None,,,,,,,,,,,,21049980,0,2025-12-19_13h26.19.902,tilt_mocs,2024.2.4,118.6912514243581,2025-12-19 13h27.13.083545 -0500,
4,0.0,,626,626,0,,,,,0,100,,,,,c+4,noss,1.0,period,1.3742788340023253,None,None,,,,,,,,,,,0,626,626,699,915.7957931249985,,,,,,,,,,,,,,,,,,,,,,,,,,,,,,,,,,,,,,,,,,,,,,,,,,,,,,,,,,,,,,,,,,,,,,915.7869954999769,915.7957931249985,916.7874816249823,916.7874816249823,916.7874816249823,916.8611814999895,916.8611814999895,916.8611814999895,917.1802205409913,period,1.3742788340023253,None,917.1803580409905,917.1804138750012,None,,,,,,,,,,,,21049980,0,2025-12-19_13h26.19.902,tilt_mocs,2024.2.4,118.6912514243581,2025-12-19 13h27.13.083545 -0500,
-6,-15.0,,627,627,0,,,,,100,0,,,,,c-6,negs,0.5,z,0.9474958329810761,None,None,,,,,,,,,,,0,627,627,301,917.1915576659958,,,,,,,,,,,,,,,,,,,,,,,,,,,,,,,,,,,,,,,,,,,,,,,,,,,,,,,,,,,,,,,,,,,,,,917.1826718749944,917.1915576659958,917.6773074579833,917.6773074579833,917.6773074579833,917.7493402499822,917.7493402499822,917.7493402499822,918.1468901659828,z,0.9474958329810761,None,918.1470478329866,918.147112082981,None,,,,,,,,,,,,21049980,0,2025-12-19_13h26.19.902,tilt_mocs,2024.2.4,118.6912514243581,2025-12-19 13h27.13.083545 -0500,
6,15.0,,628,628,0,,,,,100,0,,,,,c+6,poss,0.75,period,1.1879294170066714,None,None,,,,,,,,,,,0,628,628,189,918.1588095829939,,,,,,,,,,,,,,,,,,,,,,,,,,,,,,,,,,,,,,,,,,,,,,,,,,,,,,,,,,,,,,,,,,,,,,918.1499034579901,918.1588095829939,918.894047290989,918.894047290989,918.894047290989,918.9663575829763,918.9663575829763,918.9663575829763,919.3529822079872,period,1.1879294170066714,None,919.353082207992,919.353125499998,None,,,,,,,,,,,,21049980,0,2025-12-19_13h26.19.902,tilt_mocs,2024.2.4,118.6912514243581,2025-12-19 13h27.13.083545 -0500,
2,15.0,,629,629,0,,,,,100,0,,,,,c+2,poss,0.75,period,1.098110666993307,None,None,,,,,,,,,,,0,629,629,103,919.3636551249947,,,,,,,,,,,,,,,,,,,,,,,,,,,,,,,,,,,,,,,,,,,,,,,,,,,,,,,,,,,,,,,,,,,,,,919.3551334579824,919.3636551249947,920.1041113749961,920.1041113749961,920.1041113749961,920.1779679579777,920.1779679579777,920.1779679579777,920.4741473750037,period,1.098110666993307,None,920.474250750005,920.474294915999,None,,,,,,,,,,,,21049980,0,2025-12-19_13h26.19.902,tilt_mocs,2024.2.4,118.6912514243581,2025-12-19 13h27.13.083545 -0500,
2,15.0,,630,630,0,,,,,100,0,,,,,c+2,poss,1.25,period,1.630820374994073,None,None,,,,,,,,,,,0,630,630,120,920.4806934999942,,,,,,,,,,,,,,,,,,,,,,,,,,,,,,,,,,,,,,,,,,,,,,,,,,,,,,,,,,,,,,,,,,,,,,920.4762833749992,920.4806934999942,921.7205099579878,921.7205099579878,921.7205099579878,921.7947587079834,921.7947587079834,921.7947587079834,922.1147132909973,period,1.630820374994073,None,922.1148520830029,922.1149132499995,None,,,,,,,,,,,,21049980,0,2025-12-19_13h26.19.902,tilt_mocs,2024.2.4,118.6912514243581,2025-12-19 13h27.13.083545 -0500,
2,-15.0,,631,631,0,,,,,100,0,,,,,c+2,negs,0.75,period,1.0064753330079839,None,None,,,,,,,,,,,0,631,631,479,922.1268899579882,,,,,,,,,,,,,,,,,,,,,,,,,,,,,,,,,,,,,,,,,,,,,,,,,,,,,,,,,,,,,,,,,,,,,,922.117638124997,922.1268899579882,922.8609285409912,922.8609285409912,922.8609285409912,922.9337426659768,922.9337426659768,922.9337426659768,923.1361559159996,period,1.0064753330079839,None,923.1362597080006,923.1363027909829,None,,,,,,,,,,,,21049980,0,2025-12-19_13h26.19.902,tilt_mocs,2024.2.4,118.6912514243581,2025-12-19 13h27.13.083545 -0500,
0,-15.0,,632,632,0,,,,,100,0,,,,,c+0,negs,0.5,period,0.8062446669791825,None,None,,,,,,,,,,,0,632,632,429,923.147316290997,,,,,,,,,,,,,,,,,,,,,,,,,,,,,,,,,,,,,,,,,,,,,,,,,,,,,,,,,,,,,,,,,,,,,,923.1382771659992,923.147316290997,923.6372942499875,923.6372942499875,923.6372942499875,923.711451582989,923.711451582989,923.711451582989,923.9638847500028,period,0.8062446669791825,None,923.9640372499998,923.9640969999891,None,,,,,,,,,,,,21049980,0,2025-12-19_13h26.19.902,tilt_mocs,2024.2.4,118.6912514243581,2025-12-19 13h27.13.083545 -0500,
-4,0.0,,633,633,0,,,,,0,100,,,,,c-4,noss,0.75,period,0.979474541003583,None,None,,,,,,,,,,,0,633,633,521,923.9763021249964,,,,,,,,,,,,,,,,,,,,,,,,,,,,,,,,,,,,,,,,,,,,,,,,,,,,,,,,,,,,,,,,,,,,,,923.9670489580021,923.9763021249964,924.7109669999918,924.7109669999918,924.7109669999918,924.7828073329874,924.7828073329874,924.7828073329874,924.9641002909921,period,0.979474541003583,None,924.9642526249809,924.9643169579795,None,,,,,,,,,,,,21049980,0,2025-12-19_13h26.19.902,tilt_mocs,2024.2.4,118.6912514243581,2025-12-19 13h27.13.083545 -0500,
0,-15.0,,634,634,0,,,,,100,0,,,,,c+0,negs,1.0,period,1.3967464999877848,None,None,,,,,,,,,,,0,634,634,449,924.9763367080013,,,,,,,,,,,,,,,,,,,,,,,,,,,,,,,,,,,,,,,,,,,,,,,,,,,,,,,,,,,,,,,,,,,,,,924.9672109579842,924.9763367080013,925.9600550829782,925.9600550829782,925.9600550829782,926.0338742909953,926.0338742909953,926.0338742909953,926.3805040000007,period,1.3967464999877848,None,926.3806327079947,926.3806855829898,None,,,,,,,,,,,,21049980,0,2025-12-19_13h26.19.902,tilt_mocs,2024.2.4,118.6912514243581,2025-12-19 13h27.13.083545 -0500,
-2,15.0,,635,635,0,,,,,100,0,,,,,c-2,poss,0.5,period,0.8045098749862518,None,None,,,,,,,,,,,0,635,635,1,926.3919482909841,,,,,,,,,,,,,,,,,,,,,,,,,,,,,,,,,,,,,,,,,,,,,,,,,,,,,,,,,,,,,,,,,,,,,,926.383239791001,926.3919482909841,926.8776235409896,926.8776235409896,926.8776235409896,926.9492539579805,926.9492539579805,926.9492539579805,927.2024309579865,period,0.8045098749862518,None,927.2025543749915,927.202621000004,None,,,,,,,,,,,,21049980,0,2025-12-19_13h26.19.902,tilt_mocs,2024.2.4,118.6912514243581,2025-12-19 13h27.13.083545 -0500,
6,15.0,,636,636,0,,,,,100,0,,,,,c+6,poss,1.0,period,1.334595749998698,None,None,,,,,,,,,,,0,636,636,193,927.2133170829911,,,,,,,,,,,,,,,,,,,,,,,,,,,,,,,,,,,,,,,,,,,,,,,,,,,,,,,,,,,,,,,,,,,,,,927.204627375002,927.2133170829911,928.2036334580043,928.2036334580043,928.2036334580043,928.2781828749867,928.2781828749867,928.2781828749867,928.5538838329958,period,1.334595749998698,None,928.5539813749783,928.5540234579821,None,,,,,,,,,,,,21049980,0,2025-12-19_13h26.19.902,tilt_mocs,2024.2.4,118.6912514243581,2025-12-19 13h27.13.083545 -0500,
2,0.0,,637,637,0,,,,,0,100,,,,,c+2,noss,0.5,period,0.8554016250127461,None,None,,,,,,,,,,,0,637,637,639,928.5640495409898,,,,,,,,,,,,,,,,,,,,,,,,,,,,,,,,,,,,,,,,,,,,,,,,,,,,,,,,,,,,,,,,,,,,,,928.5560452499776,928.5640495409898,929.0542535829882,929.0542535829882,929.0542535829882,929.1283792079776,929.1283792079776,929.1283792079776,929.431396540982,period,0.8554016250127461,None,929.4315361659974,929.4316020410042,None,,,,,,,,,,,,21049980,0,2025-12-19_13h26.19.902,tilt_mocs,2024.2.4,118.6912514243581,2025-12-19 13h27.13.083545 -0500,
2,-15.0,,638,638,0,,,,,100,0,,,,,c+2,negs,0.5,period,0.8917315420112573,None,None,,,,,,,,,,,0,638,638,468,929.4428967909771,,,,,,,,,,,,,,,,,,,,,,,,,,,,,,,,,,,,,,,,,,,,,,,,,,,,,,,,,,,,,,,,,,,,,,929.433916790993,929.4428967909771,929.9277619579807,929.9277619579807,929.9277619579807,930.0001802500046,930.0001802500046,930.0001802500046,930.3470403749961,period,0.8917315420112573,None,930.3471458749846,930.3471900830045,None,,,,,,,,,,,,21049980,0,2025-12-19_13h26.19.902,tilt_mocs,2024.2.4,118.6912514243581,2025-12-19 13h27.13.083545 -0500,
0,15.0,,639,639,0,,,,,100,0,,,,,c+0,poss,1.25,period,1.5233689169981517,None,None,,,,,,,,,,,0,639,639,77,930.357795791002,,,,,,,,,,,,,,,,,,,,,,,,,,,,,,,,,,,,,,,,,,,,,,,,,,,,,,,,,,,,,,,,,,,,,,930.3492508749769,930.357795791002,931.594464957976,931.594464957976,931.594464957976,931.6666451659985,931.6666451659985,931.6666451659985,931.8866557909932,period,1.5233689169981517,None,931.8867799580039,931.8868338329776,None,,,,,,,,,,,,21049980,0,2025-12-19_13h26.19.902,tilt_mocs,2024.2.4,118.6912514243581,2025-12-19 13h27.13.083545 -0500,
0,15.0,,640,640,0,,,,,100,0,,,,,c+0,poss,0.75,period,1.0894473750086036,None,None,,,,,,,,,,,0,640,640,60,931.8976912910002,,,,,,,,,,,,,,,,,,,,,,,,,,,,,,,,,,,,,,,,,,,,,,,,,,,,,,,,,,,,,,,,,,,,,,931.8889058329805,931.8976912910002,932.6380760000029,932.6380760000029,932.6380760000029,932.7118554999761,932.7118554999761,932.7118554999761,932.9961294579844,period,1.0894473750086036,None,932.9962548750045,932.9963087499782,None,,,,,,,,,,,,21049980,0,2025-12-19_13h26.19.902,tilt_mocs,2024.2.4,118.6912514243581,2025-12-19 13h27.13.083545 -0500,
-4,0.0,,641,641,0,,,,,0,100,,,,,c-4,noss,1.0,z,1.4778647499915678,None,None,,,,,,,,,,,0,641,641,532,933.0077730409976,,,,,,,,,,,,,,,,,,,,,,,,,,,,,,,,,,,,,,,,,,,,,,,,,,,,,,,,,,,,,,,,,,,,,,932.9987441249832,933.0077730409976,933.9945687909785,933.9945687909785,933.9945687909785,934.0667219579918,934.0667219579918,934.0667219579918,934.4974493329937,z,1.4778647499915678,None,934.4975489999924,934.4975930409855,None,,,,,,,,,,,,21049980,0,2025-12-19_13h26.19.902,tilt_mocs,2024.2.4,118.6912514243581,2025-12-19 13h27.13.083545 -0500,
-4,-15.0,,642,642,0,,,,,100,0,,,,,c-4,negs,1.25,z,1.573746291018324,None,None,,,,,,,,,,,0,642,642,369,934.5118005409895,,,,,,,,,,,,,,,,,,,,,,,,,,,,,,,,,,,,,,,,,,,,,,,,,,,,,,,,,,,,,,,,,,,,,,934.4996298750048,934.5118005409895,935.7447549579956,935.7447549579956,935.7447549579956,935.8177212909795,935.8177212909795,935.8177212909795,936.0972829579841,z,1.573746291018324,None,936.0974080000015,936.0974613750004,None,,,,,,,,,,,,21049980,0,2025-12-19_13h26.19.902,tilt_mocs,2024.2.4,118.6912514243581,2025-12-19 13h27.13.083545 -0500,
2,15.0,,643,643,0,,,,,100,0,,,,,c+2,poss,0.75,period,1.0636274999997113,None,None,,,,,,,,,,,0,643,643,99,936.1082547499973,,,,,,,,,,,,,,,,,,,,,,,,,,,,,,,,,,,,,,,,,,,,,,,,,,,,,,,,,,,,,,,,,,,,,,936.0995647499803,936.1082547499973,936.8446851659974,936.8446851659974,936.8446851659974,936.916953707987,936.916953707987,936.916953707987,937.1806553749775,period,1.0636274999997113,None,937.180783082993,937.1808443749906,None,,,,,,,,,,,,21049980,0,2025-12-19_13h26.19.902,tilt_mocs,2024.2.4,118.6912514243581,2025-12-19 13h27.13.083545 -0500,
-4,0.0,,644,644,0,,,,,0,100,,,,,c-4,noss,1.25,z,1.6557838750013616,None,None,,,,,,,,,,,0,644,644,539,937.1917232080013,,,,,,,,,,,,,,,,,,,,,,,,,,,,,,,,,,,,,,,,,,,,,,,,,,,,,,,,,,,,,,,,,,,,,,937.182964415988,937.1917232080013,938.428173207998,938.428173207998,938.428173207998,938.5002850409946,938.5002850409946,938.5002850409946,938.8537959999812,z,1.6557838750013616,None,938.8538983750041,938.8539415409905,None,,,,,,,,,,,,21049980,0,2025-12-19_13h26.19.902,tilt_mocs,2024.2.4,118.6912514243581,2025-12-19 13h27.13.083545 -0500,
-2,-15.0,,645,645,0,,,,,100,0,,,,,c-2,negs,0.5,period,1.0318604159983806,None,None,,,,,,,,,,,0,645,645,378,938.8642593749973,,,,,,,,,,,,,,,,,,,,,,,,,,,,,,,,,,,,,,,,,,,,,,,,,,,,,,,,,,,,,,,,,,,,,,938.8559358749771,938.8642593749973,939.354196500004,939.354196500004,939.354196500004,939.4287226659944,939.4287226659944,939.4287226659944,939.9079947079881,period,1.0318604159983806,None,939.9080935409875,939.9081350829802,None,,,,,,,,,,,,21049980,0,2025-12-19_13h26.19.902,tilt_mocs,2024.2.4,118.6912514243581,2025-12-19 13h27.13.083545 -0500,
0,15.0,,646,646,0,,,,,100,0,,,,,c+0,poss,1.25,z,1.7382665839977562,None,None,,,,,,,,,,,0,646,646,82,939.9146207909798,,,,,,,,,,,,,,,,,,,,,,,,,,,,,,,,,,,,,,,,,,,,,,,,,,,,,,,,,,,,,,,,,,,,,,939.9101339159824,939.9146207909798,941.1548644579889,941.1548644579889,941.1548644579889,941.2287429579883,941.2287429579883,941.2287429579883,941.6641252079862,z,1.7382665839977562,None,941.6642287499853,941.6642725830025,None,,,,,,,,,,,,21049980,0,2025-12-19_13h26.19.902,tilt_mocs,2024.2.4,118.6912514243581,2025-12-19 13h27.13.083545 -0500,
-2,-15.0,,647,647,0,,,,,100,0,,,,,c-2,negs,0.5,period,1.103517625015229,None,None,,,,,,,,,,,0,647,647,380,941.6748919579841,,,,,,,,,,,,,,,,,,,,,,,,,,,,,,,,,,,,,,,,,,,,,,,,,,,,,,,,,,,,,,,,,,,,,,941.666272707982,941.6748919579841,942.1615315829986,942.1615315829986,942.1615315829986,942.2333992909989,942.2333992909989,942.2333992909989,942.7810247909802,period,1.103517625015229,None,942.7811501249962,942.7812051249784,None,,,,,,,,,,,,21049980,0,2025-12-19_13h26.19.902,tilt_mocs,2024.2.4,118.6912514243581,2025-12-19 13h27.13.083545 -0500,
4,0.0,,648,648,0,,,,,0,100,,,,,c+4,noss,1.0,period,1.3743848749727476,None,None,,,,,,,,,,,0,648,648,695,942.7921866249817,,,,,,,,,,,,,,,,,,,,,,,,,,,,,,,,,,,,,,,,,,,,,,,,,,,,,,,,,,,,,,,,,,,,,,942.7832436249882,942.7921866249817,943.7779954579892,943.7779954579892,943.7779954579892,943.8499135409947,943.8499135409947,943.8499135409947,944.1694428329938,period,1.3743848749727476,None,944.1695709579799,944.1696248749795,None,,,,,,,,,,,,21049980,0,2025-12-19_13h26.19.902,tilt_mocs,2024.2.4,118.6912514243581,2025-12-19 13h27.13.083545 -0500,
2,0.0,,649,649,0,,,,,0,100,,,,,c+2,noss,0.75,period,1.1399300829798449,None,None,,,,,,,,,,,0,649,649,650,944.1806943329866,,,,,,,,,,,,,,,,,,,,,,,,,,,,,,,,,,,,,,,,,,,,,,,,,,,,,,,,,,,,,,,,,,,,,,944.171649832977,944.1806943329866,944.9206550829986,944.9206550829986,944.9206550829986,944.9955634579819,944.9955634579819,944.9955634579819,945.3314277079771,period,1.1399300829798449,None,945.3315781249839,945.3316379159805,None,,,,,,,,,,,,21049980,0,2025-12-19_13h26.19.902,tilt_mocs,2024.2.4,118.6912514243581,2025-12-19 13h27.13.083545 -0500,
6,15.0,,650,650,0,,,,,100,0,,,,,c+6,poss,1.0,period,1.3384278749872465,None,None,,,,,,,,,,,0,650,650,197,945.342593874986,,,,,,,,,,,,,,,,,,,,,,,,,,,,,,,,,,,,,,,,,,,,,,,,,,,,,,,,,,,,,,,,,,,,,,945.3338862909877,945.342593874986,946.3282833329868,946.3282833329868,946.3282833329868,946.4012214159884,946.4012214159884,946.4012214159884,946.6877030000032,period,1.3384278749872465,None,946.6878570409899,946.6879095409822,None,,,,,,,,,,,,21049980,0,2025-12-19_13h26.19.902,tilt_mocs,2024.2.4,118.6912514243581,2025-12-19 13h27.13.083545 -0500,
4,0.0,,651,651,0,,,,,0,100,,,,,c+4,noss,1.0,period,1.3805787500168663,None,None,,,,,,,,,,,0,651,651,698,946.698940207978,,,,,,,,,,,,,,,,,,,,,,,,,,,,,,,,,,,,,,,,,,,,,,,,,,,,,,,,,,,,,,,,,,,,,,946.6908238749893,946.698940207978,947.6877724999795,947.6877724999795,947.6877724999795,947.762167332985,947.762167332985,947.762167332985,948.0827597909956,period,1.3805787500168663,None,948.0829004999832,948.0829617909912,None,,,,,,,,,,,,21049980,0,2025-12-19_13h26.19.902,tilt_mocs,2024.2.4,118.6912514243581,2025-12-19 13h27.13.083545 -0500,
-2,-15.0,,652,652,0,,,,,100,0,,,,,c-2,negs,0.5,period,0.857951417012373,None,None,,,,,,,,,,,0,652,652,388,948.0938831660023,,,,,,,,,,,,,,,,,,,,,,,,,,,,,,,,,,,,,,,,,,,,,,,,,,,,,,,,,,,,,,,,,,,,,,948.0851305410033,948.0938831660023,948.5784967079817,948.5784967079817,948.5784967079817,948.6505913329893,948.6505913329893,948.6505913329893,948.9629546659999,period,0.857951417012373,None,948.9630614999915,948.9631040410022,None,,,,,,,,,,,,21049980,0,2025-12-19_13h26.19.902,tilt_mocs,2024.2.4,118.6912514243581,2025-12-19 13h27.13.083545 -0500,
8,15.0,,653,653,0,,,,,100,0,,,,,c+8,poss,1.0,period,1.1767922500148416,None,None,,,,,,,,,,,0,653,653,236,948.970245332981,,,,,,,,,,,,,,,,,,,,,,,,,,,,,,,,,,,,,,,,,,,,,,,,,,,,,,,,,,,,,,,,,,,,,,948.965113415994,948.970245332981,949.9538476250018,949.9538476250018,949.9538476250018,950.0290092079958,950.0290092079958,950.0290092079958,950.1530036249897,period,1.1767922500148416,None,950.1531035410007,950.1531461659761,None,,,,,,,,,,,,21049980,0,2025-12-19_13h26.19.902,tilt_mocs,2024.2.4,118.6912514243581,2025-12-19 13h27.13.083545 -0500,
-2,-15.0,,654,654,0,,,,,100,0,,,,,c-2,negs,0.5,period,2.2656939580047037,None,None,,,,,,,,,,,0,654,654,383,950.1641065409931,,,,,,,,,,,,,,,,,,,,,,,,,,,,,,,,,,,,,,,,,,,,,,,,,,,,,,,,,,,,,,,,,,,,,,950.1551267079776,950.1641065409931,950.6549793329905,950.6549793329905,950.6549793329905,950.7290788329847,950.7290788329847,950.7290788329847,952.4422369579843,period,2.2656939580047037,None,952.4423550409847,952.4423983749875,None,,,,,,,,,,,,21049980,0,2025-12-19_13h26.19.902,tilt_mocs,2024.2.4,118.6912514243581,2025-12-19 13h27.13.083545 -0500,
0,15.0,,655,655,0,,,,,100,0,,,,,c+0,poss,1.0,period,1.6187595000083093,None,None,,,,,,,,,,,0,655,655,65,952.4488222909858,,,,,,,,,,,,,,,,,,,,,,,,,,,,,,,,,,,,,,,,,,,,,,,,,,,,,,,,,,,,,,,,,,,,,,952.4443657079828,952.4488222909858,953.4376567909785,953.4376567909785,953.4376567909785,953.5124564159778,953.5124564159778,953.5124564159778,954.0707909999765,period,1.6187595000083093,None,954.0709230409993,954.0709798749886,None,,,,,,,,,,,,21049980,0,2025-12-19_13h26.19.902,tilt_mocs,2024.2.4,118.6912514243581,2025-12-19 13h27.13.083545 -0500,
-4,0.0,,656,656,0,,,,,0,100,,,,,c-4,noss,1.25,period,1.4110956660006195,None,None,,,,,,,,,,,0,656,656,541,954.0816052079899,,,,,,,,,,,,,,,,,,,,,,,,,,,,,,,,,,,,,,,,,,,,,,,,,,,,,,,,,,,,,,,,,,,,,,954.0732028749771,954.0816052079899,955.3208229159936,955.3208229159936,955.3208229159936,955.3959120829822,955.3959120829822,955.3959120829822,955.4985107499815,period,1.4110956660006195,None,955.4986656249966,955.4987278329791,None,,,,,,,,,,,,21049980,0,2025-12-19_13h26.19.902,tilt_mocs,2024.2.4,118.6912514243581,2025-12-19 13h27.13.083545 -0500,
2,15.0,,657,657,0,,,,,100,0,,,,,c+2,poss,1.0,period,1.4190762500220444,None,None,,,,,,,,,,,0,657,657,111,955.5107210409769,,,,,,,,,,,,,,,,,,,,,,,,,,,,,,,,,,,,,,,,,,,,,,,,,,,,,,,,,,,,,,,,,,,,,,955.5015238329943,955.5107210409769,956.495459208003,956.495459208003,956.495459208003,956.5670180409797,956.5670180409797,956.5670180409797,956.9323577079922,period,1.4190762500220444,None,956.9324714159884,956.9325169999793,None,,,,,,,,,,,,21049980,0,2025-12-19_13h26.19.902,tilt_mocs,2024.2.4,118.6912514243581,2025-12-19 13h27.13.083545 -0500,
-6,-15.0,,658,658,0,,,,,100,0,,,,,c-6,negs,1.25,period,1.5811005409923382,None,None,,,,,,,,,,,0,658,658,332,956.9433773749915,,,,,,,,,,,,,,,,,,,,,,,,,,,,,,,,,,,,,,,,,,,,,,,,,,,,,,,,,,,,,,,,,,,,,,956.9346039579832,956.9433773749915,958.1787735410035,958.1787735410035,958.1787735410035,958.2509330409812,958.2509330409812,958.2509330409812,958.5305801249924,period,1.5811005409923382,None,958.5306783749838,958.5307217079971,None,,,,,,,,,,,,21049980,0,2025-12-19_13h26.19.902,tilt_mocs,2024.2.4,118.6912514243581,2025-12-19 13h27.13.083545 -0500,
-8,-15.0,,659,659,0,,,,,100,0,,,,,c-8,negs,0.75,z,1.099994374992093,None,None,,,,,,,,,,,0,659,659,266,958.5413477499969,,,,,,,,,,,,,,,,,,,,,,,,,,,,,,,,,,,,,,,,,,,,,,,,,,,,,,,,,,,,,,,,,,,,,,958.5327095829998,958.5413477499969,959.2787379999936,959.2787379999936,959.2787379999936,959.351370999997,959.351370999997,959.351370999997,959.6481834999868,z,1.099994374992093,None,959.6484214579978,959.6485158329888,None,,,,,,,,,,,,21049980,0,2025-12-19_13h26.19.902,tilt_mocs,2024.2.4,118.6912514243581,2025-12-19 13h27.13.083545 -0500,
-2,-15.0,,660,660,0,,,,,100,0,,,,,c-2,negs,1.0,z,1.2641792919894215,None,None,,,,,,,,,,,0,660,660,404,959.6601770409907,,,,,,,,,,,,,,,,,,,,,,,,,,,,,,,,,,,,,,,,,,,,,,,,,,,,,,,,,,,,,,,,,,,,,,959.6510371659824,959.6601770409907,960.6455526659847,960.6455526659847,960.6455526659847,960.7181252499868,960.7181252499868,960.7181252499868,960.9316431659972,z,1.2641792919894215,None,960.9317675829807,960.9318218329863,None,,,,,,,,,,,,21049980,0,2025-12-19_13h26.19.902,tilt_mocs,2024.2.4,118.6912514243581,2025-12-19 13h27.13.083545 -0500,
-4,-15.0,,661,661,0,,,,,100,0,,,,,c-4,negs,1.0,period,1.3786344170221128,None,None,,,,,,,,,,,0,661,661,364,960.943184874981,,,,,,,,,,,,,,,,,,,,,,,,,,,,,,,,,,,,,,,,,,,,,,,,,,,,,,,,,,,,,,,,,,,,,,960.9343519579852,960.943184874981,961.9288432079775,961.9288432079775,961.9288432079775,962.0011627909844,962.0011627909844,962.0011627909844,962.3305901659769,period,1.3786344170221128,None,962.3306885829952,962.3307318750012,None,,,,,,,,,,,,21049980,0,2025-12-19_13h26.19.902,tilt_mocs,2024.2.4,118.6912514243581,2025-12-19 13h27.13.083545 -0500,
2,0.0,,662,662,0,,,,,0,100,,,,,c+2,noss,0.5,period,0.8964908329944592,None,None,,,,,,,,,,,0,662,662,633,962.3412532910006,,,,,,,,,,,,,,,,,,,,,,,,,,,,,,,,,,,,,,,,,,,,,,,,,,,,,,,,,,,,,,,,,,,,,,962.332712125004,962.3412532910006,962.8289801659994,962.8289801659994,962.8289801659994,962.9020205409906,962.9020205409906,962.9020205409906,963.2483423329832,period,0.8964908329944592,None,963.2484621659969,963.2485158329946,None,,,,,,,,,,,,21049980,0,2025-12-19_13h26.19.902,tilt_mocs,2024.2.4,118.6912514243581,2025-12-19 13h27.13.083545 -0500,
2,15.0,,663,663,0,,,,,100,0,,,,,c+2,poss,0.5,period,0.7989983329898678,None,None,,,,,,,,,,,0,663,663,85,963.2585826659924,,,,,,,,,,,,,,,,,,,,,,,,,,,,,,,,,,,,,,,,,,,,,,,,,,,,,,,,,,,,,,,,,,,,,,963.2505131249782,963.2585826659924,963.7448680409871,963.7448680409871,963.7448680409871,963.8174501250032,963.8174501250032,963.8174501250032,964.0650747499894,period,0.7989983329898678,None,964.065204249986,964.0652607909869,None,,,,,,,,,,,,21049980,0,2025-12-19_13h26.19.902,tilt_mocs,2024.2.4,118.6912514243581,2025-12-19 13h27.13.083545 -0500,
8,15.0,,664,664,0,,,,,100,0,,,,,c+8,poss,0.5,period,0.7710743329953402,None,None,,,,,,,,,,,0,664,664,211,964.0763349579938,,,,,,,,,,,,,,,,,,,,,,,,,,,,,,,,,,,,,,,,,,,,,,,,,,,,,,,,,,,,,,,,,,,,,,964.0674735409848,964.0763349579938,964.5623923749954,964.5623923749954,964.5623923749954,964.6348449159996,964.6348449159996,964.6348449159996,964.8599454999785,period,0.7710743329953402,None,964.8600412079832,964.8600837909908,None,,,,,,,,,,,,21049980,0,2025-12-19_13h26.19.902,tilt_mocs,2024.2.4,118.6912514243581,2025-12-19 13h27.13.083545 -0500,
-2,0.0,,665,665,0,,,,,0,100,,,,,c-2,noss,0.75,period,0.9455322920111939,None,None,,,,,,,,,,,0,665,665,563,964.8680077499885,,,,,,,,,,,,,,,,,,,,,,,,,,,,,,,,,,,,,,,,,,,,,,,,,,,,,,,,,,,,,,,,,,,,,,964.8621292079915,964.8680077499885,965.604598624981,965.604598624981,965.604598624981,965.6797411659791,965.6797411659791,965.6797411659791,965.8166034579917,period,0.9455322920111939,None,965.8167427909793,965.8168029999943,None,,,,,,,,,,,,21049980,0,2025-12-19_13h26.19.902,tilt_mocs,2024.2.4,118.6912514243581,2025-12-19 13h27.13.083545 -0500,
4,0.0,,666,666,0,,,,,0,100,,,,,c+4,noss,1.25,period,1.6429268329811748,None,None,,,,,,,,,,,0,666,666,709,965.8282989579893,,,,,,,,,,,,,,,,,,,,,,,,,,,,,,,,,,,,,,,,,,,,,,,,,,,,,,,,,,,,,,,,,,,,,,965.8189786659786,965.8282989579893,967.0624077079992,967.0624077079992,967.0624077079992,967.1353167909838,967.1353167909838,967.1353167909838,967.4826272079954,period,1.6429268329811748,None,967.4827594999806,967.4828149579989,None,,,,,,,,,,,,21049980,0,2025-12-19_13h26.19.902,tilt_mocs,2024.2.4,118.6912514243581,2025-12-19 13h27.13.083545 -0500,
-6,-15.0,,667,667,0,,,,,100,0,,,,,c-6,negs,1.0,z,1.3698945000069216,None,None,,,,,,,,,,,0,667,667,318,967.4941191249818,,,,,,,,,,,,,,,,,,,,,,,,,,,,,,,,,,,,,,,,,,,,,,,,,,,,,,,,,,,,,,,,,,,,,,967.4849247079983,967.4941191249818,968.4791632079869,968.4791632079869,968.4791632079869,968.552271499997,968.552271499997,968.552271499997,968.8760898750043,z,1.3698945000069216,None,968.876187832997,968.8762296659988,None,,,,,,,,,,,,21049980,0,2025-12-19_13h26.19.902,tilt_mocs,2024.2.4,118.6912514243581,2025-12-19 13h27.13.083545 -0500,
-6,-15.0,,668,668,0,,,,,100,0,,,,,c-6,negs,1.25,z,1.6671658330014907,None,None,,,,,,,,,,,0,668,668,331,968.8829784159898,,,,,,,,,,,,,,,,,,,,,,,,,,,,,,,,,,,,,,,,,,,,,,,,,,,,,,,,,,,,,,,,,,,,,,968.8782113749767,968.8829784159898,970.1216494999826,970.1216494999826,970.1216494999826,970.1964349579939,970.1964349579939,970.1964349579939,970.5542230829888,z,1.6671658330014907,None,970.5543458329921,970.5544052079786,None,,,,,,,,,,,,21049980,0,2025-12-19_13h26.19.902,tilt_mocs,2024.2.4,118.6912514243581,2025-12-19 13h27.13.083545 -0500,
-6,-15.0,,669,669,0,,,,,100,0,,,,,c-6,negs,1.25,z,1.621591958013596,None,None,,,,,,,,,,,0,669,669,328,970.5656691659824,,,,,,,,,,,,,,,,,,,,,,,,,,,,,,,,,,,,,,,,,,,,,,,,,,,,,,,,,,,,,,,,,,,,,,970.5566036659875,970.5656691659824,971.8049245409784,971.8049245409784,971.8049245409784,971.8798299999908,971.8798299999908,971.8798299999908,972.199359582999,z,1.621591958013596,None,972.1995255409856,972.1995897500019,None,,,,,,,,,,,,21049980,0,2025-12-19_13h26.19.902,tilt_mocs,2024.2.4,118.6912514243581,2025-12-19 13h27.13.083545 -0500,
4,15.0,,670,670,0,,,,,100,0,,,,,c+4,poss,0.75,z,1.0303767920122482,None,None,,,,,,,,,,,0,670,670,145,972.2114015829866,,,,,,,,,,,,,,,,,,,,,,,,,,,,,,,,,,,,,,,,,,,,,,,,,,,,,,,,,,,,,,,,,,,,,,972.2021779579809,972.2114015829866,972.9449485410005,972.9449485410005,972.9449485410005,973.018104540999,973.018104540999,973.018104540999,973.2491789159831,z,1.0303767920122482,None,973.2493209159875,973.2493797909992,None,,,,,,,,,,,,21049980,0,2025-12-19_13h26.19.902,tilt_mocs,2024.2.4,118.6912514243581,2025-12-19 13h27.13.083545 -0500,
-2,15.0,,671,671,0,,,,,100,0,,,,,c-2,poss,0.5,z,1.0563384169945493,None,None,,,,,,,,,,,0,671,671,9,973.2620606659912,,,,,,,,,,,,,,,,,,,,,,,,,,,,,,,,,,,,,,,,,,,,,,,,,,,,,,,,,,,,,,,,,,,,,,973.2530980409938,973.2620606659912,973.7459928749886,973.7459928749886,973.7459928749886,973.8181401249894,973.8181401249894,973.8181401249894,974.3210020829865,z,1.0563384169945493,None,974.321109499986,974.3211576250033,None,,,,,,,,,,,,21049980,0,2025-12-19_13h26.19.902,tilt_mocs,2024.2.4,118.6912514243581,2025-12-19 13h27.13.083545 -0500,
2,15.0,,672,672,0,,,,,100,0,,,,,c+2,poss,1.25,z,1.6981285419897176,None,None,,,,,,,,,,,0,672,672,117,974.3321290829917,,,,,,,,,,,,,,,,,,,,,,,,,,,,,,,,,,,,,,,,,,,,,,,,,,,,,,,,,,,,,,,,,,,,,,974.3231338750047,974.3321290829917,975.5719349999854,975.5719349999854,975.5719349999854,975.6466115829826,975.6466115829826,975.6466115829826,976.0329391659761,z,1.6981285419897176,None,976.0330744579842,976.0331509159878,None,,,,,,,,,,,,21049980,0,2025-12-19_13h26.19.902,tilt_mocs,2024.2.4,118.6912514243581,2025-12-19 13h27.13.083545 -0500,
2,0.0,,673,673,0,,,,,0,100,,,,,c+2,noss,1.25,period,1.7311330829979852,None,None,,,,,,,,,,,0,673,673,663,976.0447188329999,,,,,,,,,,,,,,,,,,,,,,,,,,,,,,,,,,,,,,,,,,,,,,,,,,,,,,,,,,,,,,,,,,,,,,976.035505457985,976.0447188329999,977.2793841660023,977.2793841660023,977.2793841660023,977.3525684159831,977.3525684159831,977.3525684159831,977.7817979999818,period,1.7311330829979852,None,977.7818987909995,977.781942874979,None,,,,,,,,,,,,21049980,0,2025-12-19_13h26.19.902,tilt_mocs,2024.2.4,118.6912514243581,2025-12-19 13h27.13.083545 -0500,
-6,-15.0,,674,674,0,,,,,100,0,,,,,c-6,negs,1.25,z,1.624090208002599,None,None,,,,,,,,,,,0,674,674,333,977.7926129160041,,,,,,,,,,,,,,,,,,,,,,,,,,,,,,,,,,,,,,,,,,,,,,,,,,,,,,,,,,,,,,,,,,,,,,977.7839307499817,977.7926129160041,979.0295023749932,979.0295023749932,979.0295023749932,979.1019377499761,979.1019377499761,979.1019377499761,979.420833540993,z,1.624090208002599,None,979.4209326659911,979.4209757079952,None,,,,,,,,,,,,21049980,0,2025-12-19_13h26.19.902,tilt_mocs,2024.2.4,118.6912514243581,2025-12-19 13h27.13.083545 -0500,
2,15.0,,675,675,0,,,,,100,0,,,,,c+2,poss,1.25,period,1.8108747500227764,None,None,,,,,,,,,,,0,675,675,123,979.4319406249851,,,,,,,,,,,,,,,,,,,,,,,,,,,,,,,,,,,,,,,,,,,,,,,,,,,,,,,,,,,,,,,,,,,,,,979.4229404579964,979.4319406249851,980.6731122909987,980.6731122909987,980.6731122909987,980.7464879159816,980.7464879159816,980.7464879159816,981.2486650409992,period,1.8108747500227764,None,981.2487674999866,981.248812374979,None,,,,,,,,,,,,21049980,0,2025-12-19_13h26.19.902,tilt_mocs,2024.2.4,118.6912514243581,2025-12-19 13h27.13.083545 -0500,
8,15.0,,676,676,0,,,,,100,0,,,,,c+8,poss,0.5,period,0.8791104999836534,None,None,,,,,,,,,,,0,676,676,219,981.2594042499841,,,,,,,,,,,,,,,,,,,,,,,,,,,,,,,,,,,,,,,,,,,,,,,,,,,,,,,,,,,,,,,,,,,,,,981.2508093329961,981.2594042499841,981.7458861249906,981.7458861249906,981.7458861249906,981.8189373749774,981.8189373749774,981.8189373749774,982.1491541659925,period,0.8791104999836534,None,982.1492777910025,982.149331749999,None,,,,,,,,,,,,21049980,0,2025-12-19_13h26.19.902,tilt_mocs,2024.2.4,118.6912514243581,2025-12-19 13h27.13.083545 -0500,
-2,-15.0,,677,677,0,,,,,100,0,,,,,c-2,negs,0.75,period,1.2079937910020817,None,None,,,,,,,,,,,0,677,677,390,982.1600342079764,,,,,,,,,,,,,,,,,,,,,,,,,,,,,,,,,,,,,,,,,,,,,,,,,,,,,,,,,,,,,,,,,,,,,,982.1515041659877,982.1600342079764,982.8965134579921,982.8965134579921,982.8965134579921,982.9686326249794,982.9686326249794,982.9686326249794,983.3711699999985,period,1.2079937910020817,None,983.3712709159881,983.3713141659973,None,,,,,,,,,,,,21049980,0,2025-12-19_13h26.19.902,tilt_mocs,2024.2.4,118.6912514243581,2025-12-19 13h27.13.083545 -0500,
4,15.0,,678,678,0,,,,,100,0,,,,,c+4,poss,1.25,period,1.5290378750069067,None,None,,,,,,,,,,,0,678,678,159,983.3824794579996,,,,,,,,,,,,,,,,,,,,,,,,,,,,,,,,,,,,,,,,,,,,,,,,,,,,,,,,,,,,,,,,,,,,,,983.3732664579875,983.3824794579996,984.6229665409774,984.6229665409774,984.6229665409774,984.69722516599,984.69722516599,984.69722516599,984.9159205000033,period,1.5290378750069067,None,984.9160231659771,984.9160674999875,None,,,,,,,,,,,,21049980,0,2025-12-19_13h26.19.902,tilt_mocs,2024.2.4,118.6912514243581,2025-12-19 13h27.13.083545 -0500,
0,-15.0,,679,679,0,,,,,100,0,,,,,c+0,negs,0.5,period,1.6128602500248235,None,None,,,,,,,,,,,0,679,679,430,984.9268785409804,,,,,,,,,,,,,,,,,,,,,,,,,,,,,,,,,,,,,,,,,,,,,,,,,,,,,,,,,,,,,,,,,,,,,,984.91803195799,984.9268785409804,985.4131620829867,985.4131620829867,985.4131620829867,985.4847221249947,985.4847221249947,985.4847221249947,986.5497159159859,period,1.6128602500248235,None,986.5498647079803,986.5499339159869,None,,,,,,,,,,,,21049980,0,2025-12-19_13h26.19.902,tilt_mocs,2024.2.4,118.6912514243581,2025-12-19 13h27.13.083545 -0500,
-2,15.0,,680,680,0,,,,,100,0,,,,,c-2,poss,0.5,period,0.8237955420045182,None,None,,,,,,,,,,,0,680,680,6,986.5609701659996,,,,,,,,,,,,,,,,,,,,,,,,,,,,,,,,,,,,,,,,,,,,,,,,,,,,,,,,,,,,,,,,,,,,,,986.5521481249889,986.5609701659996,987.0464202909789,987.0464202909789,987.0464202909789,987.1185637079761,987.1185637079761,987.1185637079761,987.3886696249829,period,0.8237955420045182,None,987.3887994159886,987.3888537499879,None,,,,,,,,,,,,21049980,0,2025-12-19_13h26.19.902,tilt_mocs,2024.2.4,118.6912514243581,2025-12-19 13h27.13.083545 -0500,
2,-15.0,,681,681,0,,,,,100,0,,,,,c+2,negs,0.5,period,0.9407862499938346,None,None,,,,,,,,,,,0,681,681,467,987.3996653749782,,,,,,,,,,,,,,,,,,,,,,,,,,,,,,,,,,,,,,,,,,,,,,,,,,,,,,,,,,,,,,,,,,,,,,987.3909854579833,987.3996653749782,987.889517374977,987.889517374977,987.889517374977,987.9639981660002,987.9639981660002,987.9639981660002,988.3498494579981,period,0.9407862499938346,None,988.349987915979,988.3500446660037,None,,,,,,,,,,,,21049980,0,2025-12-19_13h26.19.902,tilt_mocs,2024.2.4,118.6912514243581,2025-12-19 13h27.13.083545 -0500,
-4,0.0,,682,682,0,,,,,0,100,,,,,c-4,noss,0.75,z,1.196961041976465,None,None,,,,,,,,,,,0,682,682,523,988.3614073749923,,,,,,,,,,,,,,,,,,,,,,,,,,,,,,,,,,,,,,,,,,,,,,,,,,,,,,,,,,,,,,,,,,,,,,988.3523633329896,988.3614073749923,989.0960454999877,989.0960454999877,989.0960454999877,989.1687989999773,989.1687989999773,989.1687989999773,989.564938083,z,1.196961041976465,None,989.5650572080049,989.5651112909836,None,,,,,,,,,,,,21049980,0,2025-12-19_13h26.19.902,tilt_mocs,2024.2.4,118.6912514243581,2025-12-19 13h27.13.083545 -0500,
4,15.0,,683,683,0,,,,,100,0,,,,,c+4,poss,1.0,period,1.388165249984013,None,None,,,,,,,,,,,0,683,683,152,989.5763879159931,,,,,,,,,,,,,,,,,,,,,,,,,,,,,,,,,,,,,,,,,,,,,,,,,,,,,,,,,,,,,,,,,,,,,,989.567491875001,989.5763879159931,990.5632059999916,990.5632059999916,990.5632059999916,990.6366109160008,990.6366109160008,990.6366109160008,990.9676295829995,period,1.388165249984013,None,990.9678083749895,990.9678652079892,None,,,,,,,,,,,,21049980,0,2025-12-19_13h26.19.902,tilt_mocs,2024.2.4,118.6912514243581,2025-12-19 13h27.13.083545 -0500,
2,0.0,,684,684,0,,,,,0,100,,,,,c+2,noss,0.5,period,0.9355375409941189,None,None,,,,,,,,,,,0,684,684,635,990.979046583001,,,,,,,,,,,,,,,,,,,,,,,,,,,,,,,,,,,,,,,,,,,,,,,,,,,,,,,,,,,,,,,,,,,,,,990.9703324159782,990.979046583001,991.463266915991,991.463266915991,991.463266915991,991.5355498749996,991.5355498749996,991.5355498749996,991.9259927499807,period,0.9355375409941189,None,991.9260923749825,991.9261410829786,None,,,,,,,,,,,,21049980,0,2025-12-19_13h26.19.902,tilt_mocs,2024.2.4,118.6912514243581,2025-12-19 13h27.13.083545 -0500,
-2,-15.0,,685,685,0,,,,,100,0,,,,,c-2,negs,0.75,period,1.2500025829940569,None,None,,,,,,,,,,,0,685,685,391,991.9327899579948,,,,,,,,,,,,,,,,,,,,,,,,,,,,,,,,,,,,,,,,,,,,,,,,,,,,,,,,,,,,,,,,,,,,,,991.9281034999876,991.9327899579948,992.6724526250036,992.6724526250036,992.6724526250036,992.7474350410048,992.7474350410048,992.7474350410048,993.189773207996,period,1.2500025829940569,None,993.1899114999978,993.1899750829907,None,,,,,,,,,,,,21049980,0,2025-12-19_13h26.19.902,tilt_mocs,2024.2.4,118.6912514243581,2025-12-19 13h27.13.083545 -0500,
-4,-15.0,,686,686,0,,,,,100,0,,,,,c-4,negs,1.0,z,1.3333845000015572,None,None,,,,,,,,,,,0,686,686,361,993.2004689159803,,,,,,,,,,,,,,,,,,,,,,,,,,,,,,,,,,,,,,,,,,,,,,,,,,,,,,,,,,,,,,,,,,,,,,993.1922521249799,993.2004689159803,994.1894082079816,994.1894082079816,994.1894082079816,994.2639700830041,994.2639700830041,994.2639700830041,994.5385387080023,z,1.3333845000015572,None,994.5386623329832,994.5387167499866,None,,,,,,,,,,,,21049980,0,2025-12-19_13h26.19.902,tilt_mocs,2024.2.4,118.6912514243581,2025-12-19 13h27.13.083545 -0500,
0,-15.0,,687,687,0,,,,,100,0,,,,,c+0,negs,1.25,z,1.5815891250094865,None,None,,,,,,,,,,,0,687,687,461,994.5496700829826,,,,,,,,,,,,,,,,,,,,,,,,,,,,,,,,,,,,,,,,,,,,,,,,,,,,,,,,,,,,,,,,,,,,,,994.5408179159858,994.5496700829826,995.7896960829967,995.7896960829967,995.7896960829967,995.8639440409897,995.8639440409897,995.8639440409897,996.1342698329827,z,1.5815891250094865,None,996.134407207981,996.1344647079823,None,,,,,,,,,,,,21049980,0,2025-12-19_13h26.19.902,tilt_mocs,2024.2.4,118.6912514243581,2025-12-19 13h27.13.083545 -0500,
-2,-15.0,,688,688,0,,,,,100,0,,,,,c-2,negs,0.75,period,1.1244481250178069,None,None,,,,,,,,,,,0,688,688,397,996.1457189159992,,,,,,,,,,,,,,,,,,,,,,,,,,,,,,,,,,,,,,,,,,,,,,,,,,,,,,,,,,,,,,,,,,,,,,996.1365452499886,996.1457189159992,996.8791480829823,996.8791480829823,996.8791480829823,996.9531557909795,996.9531557909795,996.9531557909795,997.2727726659796,period,1.1244481250178069,None,997.2728962909896,997.2729492499784,None,,,,,,,,,,,,21049980,0,2025-12-19_13h26.19.902,tilt_mocs,2024.2.4,118.6912514243581,2025-12-19 13h27.13.083545 -0500,
2,-15.0,,689,689,0,,,,,100,0,,,,,c+2,negs,0.75,period,1.0535064169962425,None,None,,,,,,,,,,,0,689,689,481,997.2835624580039,,,,,,,,,,,,,,,,,,,,,,,,,,,,,,,,,,,,,,,,,,,,,,,,,,,,,,,,,,,,,,,,,,,,,,997.2753764999798,997.2835624580039,998.0226462499995,998.0226462499995,998.0226462499995,998.0973505409784,998.0973505409784,998.0973505409784,998.3398329999764,period,1.0535064169962425,None,998.339977665979,998.3400359159859,None,,,,,,,,,,,,21049980,0,2025-12-19_13h26.19.902,tilt_mocs,2024.2.4,118.6912514243581,2025-12-19 13h27.13.083545 -0500,
4,15.0,,690,690,0,,,,,100,0,,,,,c+4,poss,1.0,period,1.2763228330004495,None,None,,,,,,,,,,,0,690,690,151,998.3505020409939,,,,,,,,,,,,,,,,,,,,,,,,,,,,,,,,,,,,,,,,,,,,,,,,,,,,,,,,,,,,,,,,,,,,,,998.342286790983,998.3505020409939,999.340415957995,999.340415957995,999.340415957995,999.4141366659896,999.4141366659896,999.4141366659896,999.6329331659945,period,1.2763228330004495,None,999.6330318749824,999.6330759580014,None,,,,,,,,,,,,21049980,0,2025-12-19_13h26.19.902,tilt_mocs,2024.2.4,118.6912514243581,2025-12-19 13h27.13.083545 -0500,
0,15.0,,691,691,0,,,,,100,0,,,,,c+0,poss,0.5,period,0.8347963750129566,None,None,,,,,,,,,,,0,691,691,49,999.6437028749788,,,,,,,,,,,,,,,,,,,,,,,,,,,,,,,,,,,,,,,,,,,,,,,,,,,,,,,,,,,,,,,,,,,,,,999.6350869579765,999.6437028749788,1000.1302735829959,1000.1302735829959,1000.1302735829959,1000.2037754159828,1000.2037754159828,1000.2037754159828,1000.4826878329914,period,0.8347963750129566,None,1000.4827898749791,1000.4828327499854,None,,,,,,,,,,,,21049980,0,2025-12-19_13h26.19.902,tilt_mocs,2024.2.4,118.6912514243581,2025-12-19 13h27.13.083545 -0500,
-2,15.0,,692,692,0,,,,,100,0,,,,,c-2,poss,1.25,period,1.6377791250124574,None,None,,,,,,,,,,,0,692,692,33,1000.4939667499857,,,,,,,,,,,,,,,,,,,,,,,,,,,,,,,,,,,,,,,,,,,,,,,,,,,,,,,,,,,,,,,,,,,,,,1000.4848760829773,1000.4939667499857,1001.7303679579927,1001.7303679579927,1001.7303679579927,1001.8023384579865,1001.8023384579865,1001.8023384579865,1002.1385618749773,period,1.6377791250124574,None,1002.138660165976,1002.1387101250002,None,,,,,,,,,,,,21049980,0,2025-12-19_13h26.19.902,tilt_mocs,2024.2.4,118.6912514243581,2025-12-19 13h27.13.083545 -0500,
2,15.0,,693,693,0,,,,,100,0,,,,,c+2,poss,1.0,period,1.4644647499953862,None,None,,,,,,,,,,,0,693,693,113,1002.1497180830047,,,,,,,,,,,,,,,,,,,,,,,,,,,,,,,,,,,,,,,,,,,,,,,,,,,,,,,,,,,,,,,,,,,,,,1002.1406382499845,1002.1497180830047,1003.1405808749842,1003.1405808749842,1003.1405808749842,1003.214192665997,1003.214192665997,1003.214192665997,1003.6168373749824,period,1.4644647499953862,None,1003.6170629999833,1003.6171461659833,None,,,,,,,,,,,,21049980,0,2025-12-19_13h26.19.902,tilt_mocs,2024.2.4,118.6912514243581,2025-12-19 13h27.13.083545 -0500,
-4,0.0,,694,694,0,,,,,0,100,,,,,c-4,noss,0.75,period,1.1635220409953035,None,None,,,,,,,,,,,0,694,694,518,1003.6284250829776,,,,,,,,,,,,,,,,,,,,,,,,,,,,,,,,,,,,,,,,,,,,,,,,,,,,,,,,,,,,,,,,,,,,,,1003.6195661249803,1003.6284250829776,1004.3638319579768,1004.3638319579768,1004.3638319579768,1004.4360154159949,1004.4360154159949,1004.4360154159949,1004.8001384160016,period,1.1635220409953035,None,1004.8002622499771,1004.8003162499808,None,,,,,,,,,,,,21049980,0,2025-12-19_13h26.19.902,tilt_mocs,2024.2.4,118.6912514243581,2025-12-19 13h27.13.083545 -0500,
0,-15.0,,695,695,0,,,,,100,0,,,,,c+0,negs,1.25,period,1.6711322499904782,None,None,,,,,,,,,,,0,695,695,454,1004.8120769159868,,,,,,,,,,,,,,,,,,,,,,,,,,,,,,,,,,,,,,,,,,,,,,,,,,,,,,,,,,,,,,,,,,,,,,1004.802754415985,1004.8120769159868,1006.0462191249826,1006.0462191249826,1006.0462191249826,1006.1191427499871,1006.1191427499871,1006.1191427499871,1006.4898816659988,period,1.6711322499904782,None,1006.490014082985,1006.490070083004,None,,,,,,,,,,,,21049980,0,2025-12-19_13h26.19.902,tilt_mocs,2024.2.4,118.6912514243581,2025-12-19 13h27.13.083545 -0500,
-4,-15.0,,696,696,0,,,,,100,0,,,,,c-4,negs,0.5,period,1.0553194579842966,None,None,,,,,,,,,,,0,696,696,336,1006.501168332994,,,,,,,,,,,,,,,,,,,,,,,,,,,,,,,,,,,,,,,,,,,,,,,,,,,,,,,,,,,,,,,,,,,,,,1006.492747790995,1006.501168332994,1006.9899763749854,1006.9899763749854,1006.9899763749854,1007.0644998329808,1007.0644998329808,1007.0644998329808,1007.566796500003,period,1.0553194579842966,None,1007.5669564580021,1007.5670121249859,None,,,,,,,,,,,,21049980,0,2025-12-19_13h26.19.902,tilt_mocs,2024.2.4,118.6912514243581,2025-12-19 13h27.13.083545 -0500,
-2,-15.0,,697,697,0,,,,,100,0,,,,,c-2,negs,1.0,period,1.2784478329995181,None,None,,,,,,,,,,,0,697,697,401,1007.5788529159909,,,,,,,,,,,,,,,,,,,,,,,,,,,,,,,,,,,,,,,,,,,,,,,,,,,,,,,,,,,,,,,,,,,,,,1007.5700860829966,1007.5788529159909,1008.5640679999779,1008.5640679999779,1008.5640679999779,1008.6354356659867,1008.6354356659867,1008.6354356659867,1008.8667857910041,period,1.2784478329995181,None,1008.8669036249921,1008.8669585829775,None,,,,,,,,,,,,21049980,0,2025-12-19_13h26.19.902,tilt_mocs,2024.2.4,118.6912514243581,2025-12-19 13h27.13.083545 -0500,
-2,-15.0,,698,698,0,,,,,100,0,,,,,c-2,negs,0.5,period,0.8802980420005042,None,None,,,,,,,,,,,0,698,698,385,1008.8775104160013,,,,,,,,,,,,,,,,,,,,,,,,,,,,,,,,,,,,,,,,,,,,,,,,,,,,,,,,,,,,,,,,,,,,,,1008.8689620409859,1008.8775104160013,1009.3638730829989,1009.3638730829989,1009.3638730829989,1009.4364853329898,1009.4364853329898,1009.4364853329898,1009.7666224999994,period,0.8802980420005042,None,1009.7667420829821,1009.7668109999795,None,,,,,,,,,,,,21049980,0,2025-12-19_13h26.19.902,tilt_mocs,2024.2.4,118.6912514243581,2025-12-19 13h27.13.083545 -0500,
-8,-15.0,,699,699,0,,,,,100,0,,,,,c-8,negs,0.5,period,0.8550881249830127,None,None,,,,,,,,,,,0,699,699,253,1009.7779461659957,,,,,,,,,,,,,,,,,,,,,,,,,,,,,,,,,,,,,,,,,,,,,,,,,,,,,,,,,,,,,,,,,,,,,,1009.7692883749842,1009.7779461659957,1010.2639374579885,1010.2639374579885,1010.2639374579885,1010.3363455829967,1010.3363455829967,1010.3363455829967,1010.6405790830031,period,0.8550881249830127,None,1010.6407248750038,1010.640794957988,None,,,,,,,,,,,,21049980,0,2025-12-19_13h26.19.902,tilt_mocs,2024.2.4,118.6912514243581,2025-12-19 13h27.13.083545 -0500,
-4,0.0,,700,700,0,,,,,0,100,,,,,c-4,noss,1.25,period,1.6562416249944363,None,None,,,,,,,,,,,0,700,700,542,1010.651565624983,,,,,,,,,,,,,,,,,,,,,,,,,,,,,,,,,,,,,,,,,,,,,,,,,,,,,,,,,,,,,,,,,,,,,,1010.643536040996,1010.651565624983,1011.8899042079865,1011.8899042079865,1011.8899042079865,1011.964623457985,1011.964623457985,1011.964623457985,1012.3170432079933,period,1.6562416249944363,None,1012.3172208750038,1012.3172774160048,None,,,,,,,,,,,,21049980,0,2025-12-19_13h26.19.902,tilt_mocs,2024.2.4,118.6912514243581,2025-12-19 13h27.13.083545 -0500,
0,15.0,,701,701,0,,,,,100,0,,,,,c+0,poss,0.5,z,1.1061748329957481,None,None,,,,,,,,,,,0,701,701,47,1012.330396040983,,,,,,,,,,,,,,,,,,,,,,,,,,,,,,,,,,,,,,,,,,,,,,,,,,,,,,,,,,,,,,,,,,,,,,1012.3202245409775,1012.330396040983,1012.8143837499956,1012.8143837499956,1012.8143837499956,1012.8860407079919,1012.8860407079919,1012.8860407079919,1013.4391257079842,z,1.1061748329957481,None,1013.4392546250019,1013.4393303329998,None,,,,,,,,,,,,21049980,0,2025-12-19_13h26.19.902,tilt_mocs,2024.2.4,118.6912514243581,2025-12-19 13h27.13.083545 -0500,
2,-15.0,,702,702,0,,,,,100,0,,,,,c+2,negs,1.25,z,1.5700992500060238,None,None,,,,,,,,,,,0,702,702,502,1013.4505771249824,,,,,,,,,,,,,,,,,,,,,,,,,,,,,,,,,,,,,,,,,,,,,,,,,,,,,,,,,,,,,,,,,,,,,,1013.4416203750006,1013.4505771249824,1014.6899883330043,1014.6899883330043,1014.6899883330043,1014.7647550829861,1014.7647550829861,1014.7647550829861,1015.0335834159923,z,1.5700992500060238,None,1015.0337674579932,1015.033823832986,None,,,,,,,,,,,,21049980,0,2025-12-19_13h26.19.902,tilt_mocs,2024.2.4,118.6912514243581,2025-12-19 13h27.13.083545 -0500,
-4,0.0,,703,703,0,,,,,0,100,,,,,c-4,noss,0.5,period,0.9878376660053618,None,None,,,,,,,,,,,0,703,703,505,1015.0456638750038,,,,,,,,,,,,,,,,,,,,,,,,,,,,,,,,,,,,,,,,,,,,,,,,,,,,,,,,,,,,,,,,,,,,,,1015.0365384579927,1015.0456638750038,1015.5302025830024,1015.5302025830024,1015.5302025830024,1015.6030217910011,1015.6030217910011,1015.6030217910011,1016.0400482499972,period,0.9878376660053618,None,1016.0401759579836,1016.0402342499874,None,,,,,,,,,,,,21049980,0,2025-12-19_13h26.19.902,tilt_mocs,2024.2.4,118.6912514243581,2025-12-19 13h27.13.083545 -0500,
4,0.0,,704,704,0,,,,,0,100,,,,,c+4,noss,0.5,period,0.9061319169995841,None,None,,,,,,,,,,,0,704,704,679,1016.0505997909931,,,,,,,,,,,,,,,,,,,,,,,,,,,,,,,,,,,,,,,,,,,,,,,,,,,,,,,,,,,,,,,,,,,,,,1016.042418832978,1016.0505997909931,1016.5401333329792,1016.5401333329792,1016.5401333329792,1016.6146903329936,1016.6146903329936,1016.6146903329936,1016.9666849999921,period,0.9061319169995841,None,1016.9668397909845,1016.9668932499771,None,,,,,,,,,,,,21049980,0,2025-12-19_13h26.19.902,tilt_mocs,2024.2.4,118.6912514243581,2025-12-19 13h27.13.083545 -0500,
4,15.0,,705,705,0,,,,,100,0,,,,,c+4,poss,0.75,period,1.0876493749965448,None,None,,,,,,,,,,,0,705,705,141,1016.9783937079774,,,,,,,,,,,,,,,,,,,,,,,,,,,,,,,,,,,,,,,,,,,,,,,,,,,,,,,,,,,,,,,,,,,,,,1016.969067707978,1016.9783937079774,1017.7143841249926,1017.7143841249926,1017.7143841249926,1017.7864001659909,1017.7864001659909,1017.7864001659909,1018.0730614159838,period,1.0876493749965448,None,1018.0731549159973,1018.0731967079919,None,,,,,,,,,,,,21049980,0,2025-12-19_13h26.19.902,tilt_mocs,2024.2.4,118.6912514243581,2025-12-19 13h27.13.083545 -0500,
0,-15.0,,706,706,0,,,,,100,0,,,,,c+0,negs,1.0,period,1.4015362090140115,None,None,,,,,,,,,,,0,706,706,442,1018.0840561660007,,,,,,,,,,,,,,,,,,,,,,,,,,,,,,,,,,,,,,,,,,,,,,,,,,,,,,,,,,,,,,,,,,,,,,1018.0751542079961,1018.0840561660007,1019.0736163329857,1019.0736163329857,1019.0736163329857,1019.1482041249983,1019.1482041249983,1019.1482041249983,1019.4903170409962,period,1.4015362090140115,None,1019.4904154579854,1019.4904582079907,None,,,,,,,,,,,,21049980,0,2025-12-19_13h26.19.902,tilt_mocs,2024.2.4,118.6912514243581,2025-12-19 13h27.13.083545 -0500,
2,0.0,,707,707,0,,,,,0,100,,,,,c+2,noss,1.25,period,1.5332892920123413,None,None,,,,,,,,,,,0,707,707,664,1019.5008099160041,,,,,,,,,,,,,,,,,,,,,,,,,,,,,,,,,,,,,,,,,,,,,,,,,,,,,,,,,,,,,,,,,,,,,,1019.4924166249984,1019.5008099160041,1020.7411612499855,1020.7411612499855,1020.7411612499855,1020.813857125002,1020.813857125002,1020.813857125002,1021.0395395410014,period,1.5332892920123413,None,1021.0396604999842,1021.0397177499835,None,,,,,,,,,,,,21049980,0,2025-12-19_13h26.19.902,tilt_mocs,2024.2.4,118.6912514243581,2025-12-19 13h27.13.083545 -0500,
-8,-15.0,,708,708,0,,,,,100,0,,,,,c-8,negs,1.0,period,1.3222810000006575,None,None,,,,,,,,,,,0,708,708,274,1021.05068979098,,,,,,,,,,,,,,,,,,,,,,,,,,,,,,,,,,,,,,,,,,,,,,,,,,,,,,,,,,,,,,,,,,,,,,1021.041840291,1021.05068979098,1022.0420890410023,1022.0420890410023,1022.0420890410023,1022.1150358750019,1022.1150358750019,1022.1150358750019,1022.3843734159891,period,1.3222810000006575,None,1022.3845224579854,1022.3845812499931,None,,,,,,,,,,,,21049980,0,2025-12-19_13h26.19.902,tilt_mocs,2024.2.4,118.6912514243581,2025-12-19 13h27.13.083545 -0500,
2,-15.0,,709,709,0,,,,,100,0,,,,,c+2,negs,0.75,period,1.1121435000095516,None,None,,,,,,,,,,,0,709,709,473,1022.395971416001,,,,,,,,,,,,,,,,,,,,,,,,,,,,,,,,,,,,,,,,,,,,,,,,,,,,,,,,,,,,,,,,,,,,,,1022.3869031249778,1022.395971416001,1023.1311629579868,1023.1311629579868,1023.1311629579868,1023.2151876249991,1023.2151876249991,1023.2151876249991,1023.5173097079969,period,1.1121435000095516,None,1023.5174700409989,1023.5175296249799,None,,,,,,,,,,,,21049980,0,2025-12-19_13h26.19.902,tilt_mocs,2024.2.4,118.6912514243581,2025-12-19 13h27.13.083545 -0500,
0,0.0,,710,710,0,,,,,0,100,,,,,c+0,noss,0.5,period,1.1400863330054563,None,None,,,,,,,,,,,0,710,710,589,1023.5293873329938,,,,,,,,,,,,,,,,,,,,,,,,,,,,,,,,,,,,,,,,,,,,,,,,,,,,,,,,,,,,,,,,,,,,,,1023.5205744160048,1023.5293873329938,1024.0144974580035,1024.0144974580035,1024.0144974580035,1024.0878508749884,1024.0878508749884,1024.0878508749884,1024.671850832994,period,1.1400863330054563,None,1024.67195304099,1024.6719955409935,None,,,,,,,,,,,,21049980,0,2025-12-19_13h26.19.902,tilt_mocs,2024.2.4,118.6912514243581,2025-12-19 13h27.13.083545 -0500,
2,0.0,,711,711,0,,,,,0,100,,,,,c+2,noss,0.5,period,0.9390516669955105,None,None,,,,,,,,,,,0,711,711,637,1024.68349687499,,,,,,,,,,,,,,,,,,,,,,,,,,,,,,,,,,,,,,,,,,,,,,,,,,,,,,,,,,,,,,,,,,,,,,1024.6739604579925,1024.68349687499,1025.1735478329938,1025.1735478329938,1025.1735478329938,1025.2484419159882,1025.2484419159882,1025.2484419159882,1025.6347410829912,period,0.9390516669955105,None,1025.634887082997,1025.634942249977,None,,,,,,,,,,,,21049980,0,2025-12-19_13h26.19.902,tilt_mocs,2024.2.4,118.6912514243581,2025-12-19 13h27.13.083545 -0500,
4,15.0,,712,712,0,,,,,100,0,,,,,c+4,poss,1.25,period,1.5932326249894686,None,None,,,,,,,,,,,0,712,712,161,1025.6462335409888,,,,,,,,,,,,,,,,,,,,,,,,,,,,,,,,,,,,,,,,,,,,,,,,,,,,,,,,,,,,,,,,,,,,,,1025.6372336249915,1025.6462335409888,1026.881417415978,1026.881417415978,1026.881417415978,1026.9532976250048,1026.9532976250048,1026.9532976250048,1027.2505671659892,period,1.5932326249894686,None,1027.2506649159768,1027.2507072080043,None,,,,,,,,,,,,21049980,0,2025-12-19_13h26.19.902,tilt_mocs,2024.2.4,118.6912514243581,2025-12-19 13h27.13.083545 -0500,
8,15.0,,713,713,0,,,,,100,0,,,,,c+8,poss,1.0,period,1.3732869169907644,None,None,,,,,,,,,,,0,713,713,239,1027.2613954159897,,,,,,,,,,,,,,,,,,,,,,,,,,,,,,,,,,,,,,,,,,,,,,,,,,,,,,,,,,,,,,,,,,,,,,1027.252658582991,1027.2613954159897,1028.2480015829788,1028.2480015829788,1028.2480015829788,1028.321708790987,1028.321708790987,1028.321708790987,1028.6390927909815,period,1.3732869169907644,None,1028.639193082985,1028.6392372499977,None,,,,,,,,,,,,21049980,0,2025-12-19_13h26.19.902,tilt_mocs,2024.2.4,118.6912514243581,2025-12-19 13h27.13.083545 -0500,
,,,,,,,,,,,,,,,,,,,,,,,,,,,,,,,,,,,,,,,,,,,,,,,,,,,,,,,,,,,,,,,,,,,,,,,,,,,,,,,,,,,,,,,,,,,,,,,,,,,,,,,,,,,,,,,,,,,,,,,,,,,,,,1028.6393954999803,1028.6503864999977,1028.6503864999977,1046.284630374983,space,17.6253318329982,None,21049980,0,2025-12-19_13h26.19.902,tilt_mocs,2024.2.4,118.6912514243581,2025-12-19 13h27.13.083545 -0500,
