12.8498 	WARNING 	Font Manager failed to load file /System/Library/PrivateFrameworks/FontServices.framework/Resources/Reserved/PingFangUI.ttc
13.6605 	WARNING 	Font Manager failed to load file /System/Library/PrivateFrameworks/FontServices.framework/Resources/Reserved/PingFangUI.ttc
14.2979 	WARNING 	Requested audio device '27B2' that is not available on this hardware. The 'audioDevice' preference should be one of ['MacBook Air Speakers']
18.8726 	INFO 	Loaded monitor calibration from ['2025_09_15 11:13']
19.1088 	EXP 	Created window1 = Window(allowGUI=False, allowStencil=False, autoLog=True, backendConf=UNKNOWN, backgroundFit=<method-wrapper '__getattribute__' of attributeSetter object at 0x1602b38e0>, backgroundImage=<method-wrapper '__getattribute__' of attributeSetter object at 0x1602b3940>, bitsMode=UNKNOWN, blendMode='avg', bpc=(8, 8, 8), color=array([0, 0, 0]), colorSpace='rgb', depthBits=8, fullscr=True, gamma=None, gammaErrorPolicy='raise', infoMsg=UNKNOWN, lms=UNKNOWN, monitor=<psychopy.monitors.calibTools.Monitor object at 0x163d3b880>, multiSample=False, name='window1', numSamples=2, pos=[0.0, 0.0], screen=0, size=array([2880, 1800]), stencilBits=0, stereo=False, title='PsychoPy', units='height', useFBO=True, useRetina=True, viewOri=0.0, viewPos=None, viewScale=None, waitBlanking=True, winType='pyglet')
19.1088 	EXP 	window1: backgroundImage = ''
19.1089 	EXP 	window1: backgroundFit = 'none'
19.1530 	EXP 	window1: Attempting to measure frame rate of screen (0) ...
19.1530 	EXP 	window1: recordFrameIntervals = False
19.2861 	EXP 	window1: recordFrameIntervals = True
19.9713 	EXP 	Screen (0) actual frame rate measured at 120.34Hz
19.9713 	EXP 	window1: recordFrameIntervals = False
22.9239 	INFO 	keyboard.Keyboard is using iohub backend.
22.9240 	INFO 	keyboard.Keyboard is using iohub backend.
22.9240 	INFO 	keyboard.Keyboard is using iohub backend.
22.9240 	INFO 	keyboard.Keyboard is using iohub backend.
22.9240 	INFO 	keyboard.Keyboard is using iohub backend.
22.9240 	INFO 	keyboard.Keyboard is using iohub backend.
22.9241 	INFO 	keyboard.Keyboard is using iohub backend.
22.9241 	INFO 	keyboard.Keyboard is using iohub backend.
22.9241 	INFO 	keyboard.Keyboard is using iohub backend.
22.9241 	INFO 	keyboard.Keyboard is using iohub backend.
22.9241 	INFO 	keyboard.Keyboard is using iohub backend.
22.9242 	EXP 	tilt_mocs: status = STARTED
22.9644 	EXP 	Created text_5 = TextStim(__class__=<class 'psychopy.visual.text.TextStim'>, alignHoriz=method-wrapper(...), alignText='center', alignVert=method-wrapper(...), anchorHoriz='center', anchorVert='center', antialias=True, autoDraw=False, autoLog=True, bold=False, color=array([1., 1., 1.]), colorSpace='rgb', contrast=1.0, depth=-1.0, draggable=False, flipHoriz=False, flipVert=False, font='Arial', fontFiles=[], height=0.05, italic=False, languageStyle='LTR', name='text_5', opacity=1, ori=0.0, pos=array([0., 0.]), rgb=UNKNOWN, text=str(...), units='height', win=Window(...), wrapWidth=1)
22.9668 	EXP 	Created surround_practice_example = GratingStim(__class__=<class 'psychopy.visual.grating.GratingStim'>, anchor='center', autoDraw=False, autoLog=True, blendmode='avg', color=array([0.2, 0.2, 0.2]), colorSpace='rgb', contrast=0.2, depth=-1.0, draggable=False, interpolate=True, mask='circle', maskParams=None, name='surround_practice_example', opacity=1, ori=1.0, phase=array([1., 1.]), pos=array([0., 0.]), rgbPedestal=array([0., 0., 0.]), sf=array([1., 1.]), size=array([1., 1.]), tex='sin', texRes=128.0, units='cm', win=Window(...))
22.9683 	EXP 	Created center_practice_example = GratingStim(__class__=<class 'psychopy.visual.grating.GratingStim'>, anchor='center', autoDraw=False, autoLog=True, blendmode='avg', color=array([1., 1., 1.]), colorSpace='rgb', contrast=1.0, depth=-2.0, draggable=False, interpolate=True, mask='circle', maskParams=None, name='center_practice_example', opacity=1, ori=1.0, phase=array([1., 1.]), pos=array([0., 0.]), rgbPedestal=array([0., 0., 0.]), sf=array([1., 1.]), size=array([1., 1.]), tex='sin', texRes=128.0, units='cm', win=Window(...))
22.9715 	EXP 	Created text_15 = TextStim(__class__=<class 'psychopy.visual.text.TextStim'>, alignHoriz=method-wrapper(...), alignText='center', alignVert=method-wrapper(...), anchorHoriz='center', anchorVert='center', antialias=True, autoDraw=False, autoLog=True, bold=False, color=array([1., 1., 1.]), colorSpace='rgb', contrast=1.0, depth=-3.0, draggable=False, flipHoriz=False, flipVert=False, font='Arial', fontFiles=[], height=0.05, italic=False, languageStyle='LTR', name='text_15', opacity=1, ori=0.0, pos=array([ 0. , -0.4]), rgb=UNKNOWN, text=str(...), units='height', win=Window(...), wrapWidth=1)
22.9768 	EXP 	Created text_6 = TextStim(__class__=<class 'psychopy.visual.text.TextStim'>, alignHoriz=method-wrapper(...), alignText='center', alignVert=method-wrapper(...), anchorHoriz='center', anchorVert='center', antialias=True, autoDraw=False, autoLog=True, bold=False, color=array([1., 1., 1.]), colorSpace='rgb', contrast=1.0, depth=0.0, draggable=False, flipHoriz=False, flipVert=False, font='Arial', fontFiles=[], height=0.05, italic=False, languageStyle='LTR', name='text_6', opacity=1, ori=0.0, pos=array([0., 0.]), rgb=UNKNOWN, text=str(...), units='height', win=Window(...), wrapWidth=1)
22.9783 	EXP 	Created surround_practice = GratingStim(__class__=<class 'psychopy.visual.grating.GratingStim'>, anchor='center', autoDraw=False, autoLog=True, blendmode='avg', color=array([0.2, 0.2, 0.2]), colorSpace='rgb', contrast=0.2, depth=-1.0, draggable=False, interpolate=True, mask='circle', maskParams=None, name='surround_practice', opacity=1, ori=1.0, phase=array([1., 1.]), pos=array([0., 0.]), rgbPedestal=array([0., 0., 0.]), sf=array([1., 1.]), size=array([1., 1.]), tex='sin', texRes=128.0, units='cm', win=Window(...))
22.9798 	EXP 	Created center_practice = GratingStim(__class__=<class 'psychopy.visual.grating.GratingStim'>, anchor='center', autoDraw=False, autoLog=True, blendmode='avg', color=array([1., 1., 1.]), colorSpace='rgb', contrast=1.0, depth=-2.0, draggable=False, interpolate=True, mask='circle', maskParams=None, name='center_practice', opacity=1, ori=1.0, phase=array([1., 1.]), pos=array([0., 0.]), rgbPedestal=array([0., 0., 0.]), sf=array([1., 1.]), size=array([1., 1.]), tex='sin', texRes=128.0, units='cm', win=Window(...))
22.9830 	EXP 	Created text_11 = TextStim(__class__=<class 'psychopy.visual.text.TextStim'>, alignHoriz=method-wrapper(...), alignText='center', alignVert=method-wrapper(...), anchorHoriz='center', anchorVert='center', antialias=True, autoDraw=False, autoLog=True, bold=False, color=array([1., 1., 1.]), colorSpace='rgb', contrast=1.0, depth=-4.0, draggable=False, flipHoriz=False, flipVert=False, font='Arial', fontFiles=[], height=0.05, italic=False, languageStyle='LTR', name='text_11', opacity=1, ori=0.0, pos=array([0., 0.]), rgb=UNKNOWN, text=str(...), units='height', win=Window(...), wrapWidth=1)
22.9835 	EXP 	Created text_7 = TextStim(__class__=<class 'psychopy.visual.text.TextStim'>, alignHoriz=method-wrapper(...), alignText='center', alignVert=method-wrapper(...), anchorHoriz='center', anchorVert='center', antialias=True, autoDraw=False, autoLog=True, bold=False, color=array([1., 1., 1.]), colorSpace='rgb', contrast=1.0, depth=-1.0, draggable=False, flipHoriz=False, flipVert=False, font='Arial', fontFiles=[], height=0.05, italic=False, languageStyle='LTR', name='text_7', opacity=1, ori=0.0, pos=array([0., 0.]), rgb=UNKNOWN, text='', units='height', win=Window(...), wrapWidth=1)
22.9900 	EXP 	Created text_8 = TextStim(__class__=<class 'psychopy.visual.text.TextStim'>, alignHoriz=method-wrapper(...), alignText='center', alignVert=method-wrapper(...), anchorHoriz='center', anchorVert='center', antialias=True, autoDraw=False, autoLog=True, bold=False, color=array([1., 1., 1.]), colorSpace='rgb', contrast=1.0, depth=0.0, draggable=False, flipHoriz=False, flipVert=False, font='Arial', fontFiles=[], height=0.05, italic=False, languageStyle='LTR', name='text_8', opacity=1, ori=0.0, pos=array([0., 0.]), rgb=UNKNOWN, text=str(...), units='height', win=Window(...), wrapWidth=1)
22.9909 	EXP 	Created noise_2 = NoiseStim(__class__=<class 'psychopy_visionscience.noise.NoiseStim'>, anchor='center', autoDraw=False, autoLog=True, blendmode='avg', color=array([0.15, 0.15, 0.15]), colorSpace='rgb', contrast=0.15, depth=0.0, draggable=False, interpolate=False, mask='none', maskParams=None, name='noise_2', opacity=1.0, ori=0.0, phase=array([0., 0.]), pos=array([0., 0.]), rgbPedestal=array([0., 0., 0.]), sf=array([0.1, 0.1]), size=array([6., 6.]), tex='sin', texRes=128, units='cm', win=Window(...))
22.9940 	DEPRECATION 	Requiring a square power of two (e.g. 16 x 16, 256 x 256) texture but didn't receive one
22.9943 	DEPRECATION 	Requiring a square power of two (e.g. 16 x 16, 256 x 256) texture but didn't receive one
22.9960 	EXP 	Created surround_practice_2 = GratingStim(__class__=<class 'psychopy.visual.grating.GratingStim'>, anchor='center', autoDraw=False, autoLog=True, blendmode='avg', color=array([0.2, 0.2, 0.2]), colorSpace='rgb', contrast=0.2, depth=-1.0, draggable=False, interpolate=True, mask='circle', maskParams=None, name='surround_practice_2', opacity=1.0, ori=1.0, phase=array([0., 0.]), pos=array([0., 0.]), rgbPedestal=array([0., 0., 0.]), sf=array([1., 1.]), size=array([1., 1.]), tex='sin', texRes=128.0, units='cm', win=Window(...))
22.9975 	EXP 	Created center_practice_2 = GratingStim(__class__=<class 'psychopy.visual.grating.GratingStim'>, anchor='center', autoDraw=False, autoLog=True, blendmode='avg', color=array([0.2, 0.2, 0.2]), colorSpace='rgb', contrast=0.2, depth=-2.0, draggable=False, interpolate=True, mask='circle', maskParams=None, name='center_practice_2', opacity=1, ori=1.0, phase=array([0., 0.]), pos=array([0., 0.]), rgbPedestal=array([0., 0., 0.]), sf=array([1., 1.]), size=array([2., 2.]), tex='sin', texRes=128.0, units='cm', win=Window(...))
22.9998 	EXP 	Created text_12 = TextStim(__class__=<class 'psychopy.visual.text.TextStim'>, alignHoriz=method-wrapper(...), alignText='center', alignVert=method-wrapper(...), anchorHoriz='center', anchorVert='center', antialias=True, autoDraw=False, autoLog=True, bold=False, color=array([1., 1., 1.]), colorSpace='rgb', contrast=1.0, depth=-4.0, draggable=False, flipHoriz=False, flipVert=False, font='Arial', fontFiles=[], height=0.05, italic=False, languageStyle='LTR', name='text_12', opacity=1, ori=0.0, pos=array([0., 0.]), rgb=UNKNOWN, text=str(...), units='height', win=Window(...), wrapWidth=1)
23.0003 	EXP 	Created text_16 = TextStim(__class__=<class 'psychopy.visual.text.TextStim'>, alignHoriz=method-wrapper(...), alignText='center', alignVert=method-wrapper(...), anchorHoriz='center', anchorVert='center', antialias=True, autoDraw=False, autoLog=True, bold=False, color=array([1., 1., 1.]), colorSpace='rgb', contrast=1.0, depth=-1.0, draggable=False, flipHoriz=False, flipVert=False, font='Arial', fontFiles=[], height=0.05, italic=False, languageStyle='LTR', name='text_16', opacity=1, ori=0.0, pos=array([0., 0.]), rgb=UNKNOWN, text='', units='height', win=Window(...), wrapWidth=1)
23.0100 	EXP 	Created text_13 = TextStim(__class__=<class 'psychopy.visual.text.TextStim'>, alignHoriz=method-wrapper(...), alignText='center', alignVert=method-wrapper(...), anchorHoriz='center', anchorVert='center', antialias=True, autoDraw=False, autoLog=True, bold=False, color=array([1., 1., 1.]), colorSpace='rgb', contrast=1.0, depth=0.0, draggable=False, flipHoriz=False, flipVert=False, font='Arial', fontFiles=[], height=0.05, italic=False, languageStyle='LTR', name='text_13', opacity=1, ori=0.0, pos=array([0., 0.]), rgb=UNKNOWN, text=str(...), units='height', win=Window(...), wrapWidth=1)
23.0107 	EXP 	Created noise_3 = NoiseStim(__class__=<class 'psychopy_visionscience.noise.NoiseStim'>, anchor='center', autoDraw=False, autoLog=True, blendmode='avg', color=array([0.15, 0.15, 0.15]), colorSpace='rgb', contrast=0.15, depth=0.0, draggable=False, interpolate=False, mask='none', maskParams=None, name='noise_3', opacity=1.0, ori=0.0, phase=array([0., 0.]), pos=array([0., 0.]), rgbPedestal=array([0., 0., 0.]), sf=array([0.1, 0.1]), size=array([6., 6.]), tex='sin', texRes=128, units='cm', win=Window(...))
23.0131 	DEPRECATION 	Requiring a square power of two (e.g. 16 x 16, 256 x 256) texture but didn't receive one
23.0133 	DEPRECATION 	Requiring a square power of two (e.g. 16 x 16, 256 x 256) texture but didn't receive one
23.0150 	EXP 	Created surround_grating = GratingStim(__class__=<class 'psychopy.visual.grating.GratingStim'>, anchor='center', autoDraw=False, autoLog=True, blendmode='avg', color=array([0.2, 0.2, 0.2]), colorSpace='rgb', contrast=0.2, depth=-2.0, draggable=False, interpolate=True, mask='circle', maskParams=None, name='surround_grating', opacity=1.0, ori=1.0, phase=array([1., 1.]), pos=array([0., 0.]), rgbPedestal=array([0., 0., 0.]), sf=array([1., 1.]), size=array([1., 1.]), tex='sin', texRes=128.0, units='cm', win=Window(...))
23.0165 	EXP 	Created center_grating = GratingStim(__class__=<class 'psychopy.visual.grating.GratingStim'>, anchor='center', autoDraw=False, autoLog=True, blendmode='avg', color=array([0.2, 0.2, 0.2]), colorSpace='rgb', contrast=0.2, depth=-3.0, draggable=False, interpolate=True, mask='circle', maskParams=None, name='center_grating', opacity=1, ori=1.0, phase=array([1., 1.]), pos=array([0., 0.]), rgbPedestal=array([0., 0., 0.]), sf=array([1., 1.]), size=array([1., 1.]), tex='sin', texRes=128.0, units='cm', win=Window(...))
23.0203 	EXP 	Created text_2 = TextStim(__class__=<class 'psychopy.visual.text.TextStim'>, alignHoriz=method-wrapper(...), alignText='center', alignVert=method-wrapper(...), anchorHoriz='center', anchorVert='center', antialias=True, autoDraw=False, autoLog=True, bold=False, color=array([1., 1., 1.]), colorSpace='rgb', contrast=1.0, depth=0.0, draggable=False, flipHoriz=False, flipVert=False, font='Arial', fontFiles=[], height=0.05, italic=False, languageStyle='LTR', name='text_2', opacity=1, ori=0.0, pos=array([0., 0.]), rgb=UNKNOWN, text=str(...), units='height', win=Window(...), wrapWidth=1)
23.0223 	EXP 	Created text_14 = TextStim(__class__=<class 'psychopy.visual.text.TextStim'>, alignHoriz=method-wrapper(...), alignText='center', alignVert=method-wrapper(...), anchorHoriz='center', anchorVert='center', antialias=True, autoDraw=False, autoLog=True, bold=False, color=array([1., 1., 1.]), colorSpace='rgb', contrast=1.0, depth=0.0, draggable=False, flipHoriz=False, flipVert=False, font='Arial', fontFiles=[], height=0.05, italic=False, languageStyle='LTR', name='text_14', opacity=1, ori=0.0, pos=array([0., 0.]), rgb=UNKNOWN, text='done!\n\nthank you and have a pleasant day ', units='height', win=Window(...), wrapWidth=1)
0.0089 	EXP 	noise_2: blendmode = 'avg'
0.0089 	EXP 	noise_2: mask = 'circle'
0.0089 	EXP 	noise_2: texRes = 128
0.0089 	EXP 	noise_2: noiseType = 'Binary'
0.0089 	EXP 	noise_2: noiseImage = None
0.0089 	EXP 	noise_2: noiseElementSize = [0.1]
0.0089 	EXP 	noise_2: noiseBaseSf = 8.0
0.0089 	EXP 	noise_2: noiseBW = 1.0
0.0089 	EXP 	noise_2: noiseBWO = 30.0
0.0089 	EXP 	noise_2: noiseFractalPower = 0.0
0.0089 	EXP 	noise_2: noiseFilterUpper = 8.0
0.0089 	EXP 	noise_2: noiseFilterLower = 1.0
0.0089 	EXP 	noise_2: noiseFilterOrder = 0.0
0.0089 	EXP 	noise_2: noiseClip = 3.0
0.0089 	EXP 	noise_2: filter = None
0.0089 	EXP 	noise_2: tex = <class 'numpy.ndarray'>
0.0089 	EXP 	noise_2: tex = <class 'numpy.ndarray'>
0.0089 	EXP 	noise_3: blendmode = 'avg'
0.0089 	EXP 	noise_3: mask = 'circle'
0.0089 	EXP 	noise_3: texRes = 128
0.0089 	EXP 	noise_3: noiseType = 'Binary'
0.0089 	EXP 	noise_3: noiseImage = None
0.0089 	EXP 	noise_3: noiseElementSize = [0.1]
0.0089 	EXP 	noise_3: noiseBaseSf = 8.0
0.0089 	EXP 	noise_3: noiseBW = 1.0
0.0089 	EXP 	noise_3: noiseBWO = 30.0
0.0089 	EXP 	noise_3: noiseFractalPower = 0.0
0.0089 	EXP 	noise_3: noiseFilterUpper = 8.0
0.0089 	EXP 	noise_3: noiseFilterLower = 1.0
0.0089 	EXP 	noise_3: noiseFilterOrder = 0.0
0.0089 	EXP 	noise_3: noiseClip = 3.0
0.0089 	EXP 	noise_3: filter = None
0.0089 	EXP 	noise_3: tex = <class 'numpy.ndarray'>
0.0089 	EXP 	noise_3: tex = <class 'numpy.ndarray'>
0.0203 	INFO 	Keyboard events cleared
0.0200 	EXP 	text_5: autoDraw = True
40.6621 	DATA 	Keypress: space
40.6696 	INFO 	Keyboard events cleared
40.6690 	EXP 	text_5: autoDraw = False
40.6690 	EXP 	surround_practice_example: ori = -30.0
40.6690 	EXP 	surround_practice_example: sf = array([2.5, 2.5])
40.6690 	EXP 	surround_practice_example: phase = array([0., 0.])
40.6690 	EXP 	center_practice_example: ori = 15.0
40.6690 	EXP 	center_practice_example: sf = array([2.5, 2.5])
40.6690 	EXP 	center_practice_example: phase = array([0., 0.])
40.6690 	EXP 	surround_practice_example: autoDraw = True
40.6690 	EXP 	center_practice_example: autoDraw = True
40.6690 	EXP 	text_15: autoDraw = True
40.6690 	EXP 	surround_practice_example: tex = 'sin'
40.6690 	EXP 	center_practice_example: tex = 'sin'
47.1575 	DATA 	Keypress: period
47.1633 	INFO 	Keyboard events cleared
47.1627 	EXP 	surround_practice_example: autoDraw = False
47.1627 	EXP 	center_practice_example: autoDraw = False
47.1627 	EXP 	text_15: autoDraw = False
47.1627 	EXP 	text_6: autoDraw = True
63.9043 	EXP 	Imported tilt_practice_1.csv as conditions, 4 conditions, 3 params
63.9052 	EXP 	New trial (rep=0, index=0): <Trial 0 (0 in rep 0) data={'center': 30, 'surround': 0, 'correct': 'period', 'thisN': 0, 'thisTrialN': 0, 'thisRepN': 0}>
63.9104 	DATA 	Keypress: space
63.9164 	INFO 	Keyboard events cleared
63.9159 	EXP 	text_6: autoDraw = False
63.9159 	EXP 	surround_practice: ori = 0.0
63.9159 	EXP 	surround_practice: sf = array([2.5, 2.5])
63.9159 	EXP 	surround_practice: phase = array([0.8945597, 0.8945597])
63.9159 	EXP 	center_practice: ori = 30.0
63.9159 	EXP 	center_practice: sf = array([2.5, 2.5])
63.9159 	EXP 	center_practice: phase = array([0.7618378, 0.7618378])
64.3989 	EXP 	surround_practice: autoDraw = True
64.3989 	EXP 	center_practice: autoDraw = True
64.3989 	EXP 	surround_practice: tex = 'sin'
64.3989 	EXP 	center_practice: tex = 'sin'
65.3465 	DATA 	Keypress: period
65.3519 	EXP 	surround_practice: autoDraw = False
65.3519 	EXP 	center_practice: autoDraw = False
65.3519 	EXP 	text_11: autoDraw = False
65.3519 	EXP 	text_7: height = 0.05
65.3519 	EXP 	text_7: height = 0.05
65.3519 	EXP 	text_7: height = 0.05
65.3519 	EXP 	text_7: text = 'Correct'
65.3519 	EXP 	text_7: autoDraw = True
66.8361 	EXP 	New trial (rep=0, index=1): <Trial 1 (1 in rep 0) data={'center': -30, 'surround': 0, 'correct': 'z', 'thisN': 1, 'thisTrialN': 1, 'thisRepN': 0}>
66.8452 	INFO 	Keyboard events cleared
66.8447 	EXP 	text_7: autoDraw = False
66.8447 	EXP 	text_7: autoDraw = False
66.8447 	EXP 	surround_practice: ori = 0.0
66.8447 	EXP 	surround_practice: sf = array([2.5, 2.5])
66.8447 	EXP 	surround_practice: phase = array([0.02829366, 0.02829366])
66.8447 	EXP 	center_practice: ori = -30.0
66.8447 	EXP 	center_practice: sf = array([2.5, 2.5])
66.8447 	EXP 	center_practice: phase = array([0.64056234, 0.64056234])
67.3343 	EXP 	surround_practice: autoDraw = True
67.3343 	EXP 	center_practice: autoDraw = True
67.9570 	DATA 	Keypress: z
67.9621 	EXP 	surround_practice: autoDraw = False
67.9621 	EXP 	center_practice: autoDraw = False
67.9621 	EXP 	text_11: autoDraw = False
67.9621 	EXP 	text_7: text = 'Correct'
67.9621 	EXP 	text_7: autoDraw = True
69.4524 	EXP 	New trial (rep=0, index=2): <Trial 2 (2 in rep 0) data={'center': 30, 'surround': 60, 'correct': 'period', 'thisN': 2, 'thisTrialN': 2, 'thisRepN': 0}>
69.4611 	INFO 	Keyboard events cleared
69.4607 	EXP 	text_7: autoDraw = False
69.4607 	EXP 	text_7: autoDraw = False
69.4607 	EXP 	surround_practice: ori = 60.0
69.4607 	EXP 	surround_practice: sf = array([2.5, 2.5])
69.4607 	EXP 	surround_practice: phase = array([0.07643408, 0.07643408])
69.4607 	EXP 	center_practice: ori = 30.0
69.4607 	EXP 	center_practice: sf = array([2.5, 2.5])
69.4607 	EXP 	center_practice: phase = array([0.94518192, 0.94518192])
69.9511 	EXP 	surround_practice: autoDraw = True
69.9511 	EXP 	center_practice: autoDraw = True
70.7901 	DATA 	Keypress: period
70.7956 	EXP 	surround_practice: autoDraw = False
70.7956 	EXP 	center_practice: autoDraw = False
70.7956 	EXP 	text_11: autoDraw = False
70.7956 	EXP 	text_7: text = 'Correct'
70.7956 	EXP 	text_7: autoDraw = True
72.2860 	EXP 	New trial (rep=0, index=3): <Trial 3 (3 in rep 0) data={'center': -30, 'surround': -60, 'correct': 'z', 'thisN': 3, 'thisTrialN': 3, 'thisRepN': 0}>
72.2942 	INFO 	Keyboard events cleared
72.2937 	EXP 	text_7: autoDraw = False
72.2937 	EXP 	text_7: autoDraw = False
72.2937 	EXP 	surround_practice: ori = -60.0
72.2937 	EXP 	surround_practice: sf = array([2.5, 2.5])
72.2937 	EXP 	surround_practice: phase = array([0.60065316, 0.60065316])
72.2937 	EXP 	center_practice: ori = -30.0
72.2937 	EXP 	center_practice: sf = array([2.5, 2.5])
72.2937 	EXP 	center_practice: phase = array([0.23975073, 0.23975073])
72.7846 	EXP 	surround_practice: autoDraw = True
72.7846 	EXP 	center_practice: autoDraw = True
73.5082 	DATA 	Keypress: z
73.5137 	EXP 	surround_practice: autoDraw = False
73.5137 	EXP 	center_practice: autoDraw = False
73.5137 	EXP 	text_11: autoDraw = False
73.5137 	EXP 	text_7: text = 'Correct'
73.5137 	EXP 	text_7: autoDraw = True
75.0106 	INFO 	Keyboard events cleared
75.0102 	EXP 	text_7: autoDraw = False
75.0102 	EXP 	text_7: autoDraw = False
75.0102 	EXP 	text_8: autoDraw = True
94.8621 	EXP 	Imported tilt_practice_2.csv as conditions, 6 conditions, 5 params
94.8625 	EXP 	New trial (rep=0, index=0): <Trial 0 (0 in rep 0) data={'center': -30, 'surround': -60, 'correct': 'z', 'orient_opacity': 100, 'noise_opacity': 0, 'thisN': 0, 'thisTrialN': 0, 'thisRepN': 0}>
94.8671 	DATA 	Keypress: space
94.8730 	INFO 	Keyboard events cleared
94.8725 	EXP 	text_8: autoDraw = False
94.8725 	EXP 	surround_practice_2: ori = -60.0
94.8725 	EXP 	surround_practice_2: sf = array([2.5, 2.5])
94.8725 	EXP 	center_practice_2: ori = -30.0
94.8725 	EXP 	center_practice_2: sf = array([2.5, 2.5])
95.3552 	EXP 	noise_2: autoDraw = True
95.3552 	EXP 	surround_practice_2: autoDraw = True
95.3552 	EXP 	center_practice_2: autoDraw = True
95.3552 	EXP 	surround_practice_2: tex = 'sin'
95.3552 	EXP 	center_practice_2: tex = 'sin'
95.4275 	EXP 	noise_2: autoDraw = False
95.4275 	EXP 	surround_practice_2: autoDraw = False
95.4275 	EXP 	center_practice_2: autoDraw = False
95.4275 	EXP 	text_12: autoDraw = True
102.7978 	DATA 	Keypress: period
102.8033 	EXP 	noise_2: autoDraw = False
102.8033 	EXP 	surround_practice_2: autoDraw = False
102.8033 	EXP 	center_practice_2: autoDraw = False
102.8033 	EXP 	text_12: autoDraw = False
102.8033 	EXP 	text_16: height = 0.05
102.8033 	EXP 	text_16: height = 0.05
102.8033 	EXP 	text_16: height = 0.05
102.8033 	EXP 	text_16: text = 'Incorrect'
102.8033 	EXP 	text_16: autoDraw = True
104.2870 	EXP 	New trial (rep=0, index=1): <Trial 1 (1 in rep 0) data={'center': -30, 'surround': 0, 'correct': 'z', 'orient_opacity': 100, 'noise_opacity': 0, 'thisN': 1, 'thisTrialN': 1, 'thisRepN': 0}>
104.2946 	INFO 	Keyboard events cleared
104.2942 	EXP 	text_16: autoDraw = False
104.2942 	EXP 	text_16: autoDraw = False
104.2942 	EXP 	surround_practice_2: ori = 0.0
104.2942 	EXP 	surround_practice_2: sf = array([2.5, 2.5])
104.2942 	EXP 	center_practice_2: ori = -30.0
104.2942 	EXP 	center_practice_2: sf = array([2.5, 2.5])
104.7856 	EXP 	noise_2: autoDraw = True
104.7856 	EXP 	surround_practice_2: autoDraw = True
104.7856 	EXP 	center_practice_2: autoDraw = True
104.8591 	EXP 	noise_2: autoDraw = False
104.8591 	EXP 	surround_practice_2: autoDraw = False
104.8591 	EXP 	center_practice_2: autoDraw = False
104.8591 	EXP 	text_12: autoDraw = True
105.2615 	DATA 	Keypress: z
105.2670 	EXP 	noise_2: autoDraw = False
105.2670 	EXP 	surround_practice_2: autoDraw = False
105.2670 	EXP 	center_practice_2: autoDraw = False
105.2670 	EXP 	text_12: autoDraw = False
105.2670 	EXP 	text_16: height = 0.05
105.2670 	EXP 	text_16: height = 0.05
105.2670 	EXP 	text_16: height = 0.05
105.2670 	EXP 	text_16: text = 'Correct'
105.2670 	EXP 	text_16: autoDraw = True
106.7542 	EXP 	New trial (rep=0, index=2): <Trial 2 (2 in rep 0) data={'center': 30, 'surround': 60, 'correct': 'period', 'orient_opacity': 100, 'noise_opacity': 0, 'thisN': 2, 'thisTrialN': 2, 'thisRepN': 0}>
106.7624 	INFO 	Keyboard events cleared
106.7618 	EXP 	text_16: autoDraw = False
106.7618 	EXP 	text_16: autoDraw = False
106.7618 	EXP 	surround_practice_2: ori = 60.0
106.7618 	EXP 	surround_practice_2: sf = array([2.5, 2.5])
106.7618 	EXP 	center_practice_2: ori = 30.0
106.7618 	EXP 	center_practice_2: sf = array([2.5, 2.5])
107.2526 	EXP 	noise_2: autoDraw = True
107.2526 	EXP 	surround_practice_2: autoDraw = True
107.2526 	EXP 	center_practice_2: autoDraw = True
107.3257 	EXP 	noise_2: autoDraw = False
107.3257 	EXP 	surround_practice_2: autoDraw = False
107.3257 	EXP 	center_practice_2: autoDraw = False
107.3257 	EXP 	text_12: autoDraw = True
107.5759 	DATA 	Keypress: period
107.5813 	EXP 	noise_2: autoDraw = False
107.5813 	EXP 	surround_practice_2: autoDraw = False
107.5813 	EXP 	center_practice_2: autoDraw = False
107.5813 	EXP 	text_12: autoDraw = False
107.5813 	EXP 	text_16: text = 'Correct'
107.5813 	EXP 	text_16: autoDraw = True
109.0706 	EXP 	New trial (rep=0, index=3): <Trial 3 (3 in rep 0) data={'center': 30, 'surround': 0, 'correct': 'period', 'orient_opacity': 100, 'noise_opacity': 0, 'thisN': 3, 'thisTrialN': 3, 'thisRepN': 0}>
109.0781 	INFO 	Keyboard events cleared
109.0776 	EXP 	text_16: autoDraw = False
109.0776 	EXP 	text_16: autoDraw = False
109.0776 	EXP 	surround_practice_2: ori = 0.0
109.0776 	EXP 	surround_practice_2: sf = array([2.5, 2.5])
109.0776 	EXP 	center_practice_2: ori = 30.0
109.0776 	EXP 	center_practice_2: sf = array([2.5, 2.5])
109.5693 	EXP 	noise_2: autoDraw = True
109.5693 	EXP 	surround_practice_2: autoDraw = True
109.5693 	EXP 	center_practice_2: autoDraw = True
109.6430 	EXP 	noise_2: autoDraw = False
109.6430 	EXP 	surround_practice_2: autoDraw = False
109.6430 	EXP 	center_practice_2: autoDraw = False
109.6430 	EXP 	text_12: autoDraw = True
110.1562 	DATA 	Keypress: period
110.1610 	EXP 	noise_2: autoDraw = False
110.1610 	EXP 	surround_practice_2: autoDraw = False
110.1610 	EXP 	center_practice_2: autoDraw = False
110.1610 	EXP 	text_12: autoDraw = False
110.1610 	EXP 	text_16: text = 'Correct'
110.1610 	EXP 	text_16: autoDraw = True
111.6535 	EXP 	New trial (rep=0, index=4): <Trial 4 (4 in rep 0) data={'center': -30, 'surround': 69, 'correct': 'z', 'orient_opacity': 0, 'noise_opacity': 100, 'thisN': 4, 'thisTrialN': 4, 'thisRepN': 0}>
111.6609 	INFO 	Keyboard events cleared
111.6605 	EXP 	text_16: autoDraw = False
111.6605 	EXP 	surround_practice_2: ori = 69.0
111.6605 	EXP 	surround_practice_2: sf = array([2.5, 2.5])
111.6605 	EXP 	center_practice_2: ori = -30.0
111.6605 	EXP 	center_practice_2: sf = array([2.5, 2.5])
112.1452 	EXP 	noise_2: autoDraw = True
112.1452 	EXP 	surround_practice_2: autoDraw = True
112.1452 	EXP 	center_practice_2: autoDraw = True
112.2199 	EXP 	noise_2: autoDraw = False
112.2199 	EXP 	surround_practice_2: autoDraw = False
112.2199 	EXP 	center_practice_2: autoDraw = False
112.2199 	EXP 	text_12: autoDraw = True
112.5988 	DATA 	Keypress: z
112.6046 	EXP 	noise_2: autoDraw = False
112.6046 	EXP 	surround_practice_2: autoDraw = False
112.6046 	EXP 	center_practice_2: autoDraw = False
112.6046 	EXP 	text_12: autoDraw = False
112.6046 	EXP 	text_16: text = 'Correct'
112.6046 	EXP 	text_16: autoDraw = True
114.0942 	EXP 	New trial (rep=0, index=5): <Trial 5 (5 in rep 0) data={'center': 30, 'surround': 69, 'correct': 'period', 'orient_opacity': 0, 'noise_opacity': 100, 'thisN': 5, 'thisTrialN': 5, 'thisRepN': 0}>
114.1035 	INFO 	Keyboard events cleared
114.1029 	EXP 	text_16: autoDraw = False
114.1029 	EXP 	text_16: autoDraw = False
114.1029 	EXP 	surround_practice_2: ori = 69.0
114.1029 	EXP 	surround_practice_2: sf = array([2.5, 2.5])
114.1029 	EXP 	center_practice_2: ori = 30.0
114.1029 	EXP 	center_practice_2: sf = array([2.5, 2.5])
114.5959 	EXP 	noise_2: autoDraw = True
114.5959 	EXP 	surround_practice_2: autoDraw = True
114.5959 	EXP 	center_practice_2: autoDraw = True
114.6697 	EXP 	noise_2: autoDraw = False
114.6697 	EXP 	surround_practice_2: autoDraw = False
114.6697 	EXP 	center_practice_2: autoDraw = False
114.6697 	EXP 	text_12: autoDraw = True
115.1424 	DATA 	Keypress: period
115.1479 	EXP 	noise_2: autoDraw = False
115.1479 	EXP 	surround_practice_2: autoDraw = False
115.1479 	EXP 	center_practice_2: autoDraw = False
115.1479 	EXP 	text_12: autoDraw = False
115.1479 	EXP 	text_16: text = 'Correct'
115.1479 	EXP 	text_16: autoDraw = True
116.6461 	INFO 	Keyboard events cleared
116.6456 	EXP 	text_16: autoDraw = False
116.6456 	EXP 	text_16: autoDraw = False
116.6456 	EXP 	text_13: autoDraw = True
146.8852 	EXP 	Imported mocs_stims_fixed_42.csv as conditions, 714 conditions, 7 params
146.8888 	EXP 	New trial (rep=0, index=0): <Trial 0 (0 in rep 0) data={'center': 8, 'surround': 15.0, 'type': 'c+8', 'surr_type': 'poss', 'orient_opacity': 100, 'noise_opacity': 0, 'isi': 1.0, 'thisN': 0, 'thisTrialN': 0, 'thisRepN': 0}>
146.8913 	DATA 	Keypress: space
146.8960 	INFO 	Keyboard events cleared
146.8956 	EXP 	text_13: autoDraw = False
146.8956 	EXP 	surround_grating: ori = 15.0
146.8956 	EXP 	surround_grating: sf = array([2.5, 2.5])
146.8956 	EXP 	surround_grating: phase = array([0.88093386, 0.88093386])
146.8956 	EXP 	center_grating: ori = 8.0
146.8956 	EXP 	center_grating: sf = array([2.5, 2.5])
146.8956 	EXP 	center_grating: phase = array([0.98453973, 0.98453973])
147.7574 	EXP 	noise_3: autoDraw = True
147.7574 	EXP 	surround_grating: autoDraw = True
147.7574 	EXP 	center_grating: autoDraw = True
147.7574 	EXP 	surround_grating: tex = 'sin'
147.7574 	EXP 	center_grating: tex = 'sin'
147.8270 	EXP 	noise_3: autoDraw = False
147.8270 	EXP 	surround_grating: autoDraw = False
147.8270 	EXP 	center_grating: autoDraw = False
148.3460 	EXP 	New trial (rep=0, index=1): <Trial 1 (1 in rep 0) data={'center': 2, 'surround': -15.0, 'type': 'c+2', 'surr_type': 'negs', 'orient_opacity': 100, 'noise_opacity': 0, 'isi': 0.75, 'thisN': 1, 'thisTrialN': 1, 'thisRepN': 0}>
148.3510 	DATA 	Keypress: period
148.3574 	INFO 	Keyboard events cleared
148.3568 	EXP 	noise_3: autoDraw = False
148.3568 	EXP 	surround_grating: autoDraw = False
148.3568 	EXP 	center_grating: autoDraw = False
148.3568 	EXP 	text_2: autoDraw = False
148.3568 	EXP 	surround_grating: ori = -15.0
148.3568 	EXP 	surround_grating: sf = array([2.5, 2.5])
148.3568 	EXP 	surround_grating: phase = array([0.73739055, 0.73739055])
148.3568 	EXP 	center_grating: ori = 2.0
148.3568 	EXP 	center_grating: sf = array([2.5, 2.5])
148.3568 	EXP 	center_grating: phase = array([0.02365543, 0.02365543])
149.0962 	EXP 	noise_3: autoDraw = True
149.0962 	EXP 	surround_grating: autoDraw = True
149.0962 	EXP 	center_grating: autoDraw = True
149.1713 	EXP 	noise_3: autoDraw = False
149.1713 	EXP 	surround_grating: autoDraw = False
149.1713 	EXP 	center_grating: autoDraw = False
149.6412 	EXP 	New trial (rep=0, index=2): <Trial 2 (2 in rep 0) data={'center': 2, 'surround': 0.0, 'type': 'c+2', 'surr_type': 'noss', 'orient_opacity': 0, 'noise_opacity': 100, 'isi': 1.25, 'thisN': 2, 'thisTrialN': 2, 'thisRepN': 0}>
149.6468 	DATA 	Keypress: period
149.6527 	INFO 	Keyboard events cleared
149.6523 	EXP 	noise_3: autoDraw = False
149.6523 	EXP 	surround_grating: autoDraw = False
149.6523 	EXP 	center_grating: autoDraw = False
149.6523 	EXP 	text_2: autoDraw = False
149.6523 	EXP 	surround_grating: ori = 0.0
149.6523 	EXP 	surround_grating: sf = array([2.5, 2.5])
149.6523 	EXP 	surround_grating: phase = array([0.68792337, 0.68792337])
149.6523 	EXP 	center_grating: ori = 2.0
149.6523 	EXP 	center_grating: sf = array([2.5, 2.5])
149.6523 	EXP 	center_grating: phase = array([0.57359348, 0.57359348])
150.8876 	EXP 	noise_3: autoDraw = True
150.8876 	EXP 	surround_grating: autoDraw = True
150.8876 	EXP 	center_grating: autoDraw = True
150.9598 	EXP 	noise_3: autoDraw = False
150.9598 	EXP 	surround_grating: autoDraw = False
150.9598 	EXP 	center_grating: autoDraw = False
151.3656 	DATA 	Keypress: period
151.3725 	EXP 	New trial (rep=0, index=3): <Trial 3 (3 in rep 0) data={'center': 8, 'surround': 15.0, 'type': 'c+8', 'surr_type': 'poss', 'orient_opacity': 100, 'noise_opacity': 0, 'isi': 1.25, 'thisN': 3, 'thisTrialN': 3, 'thisRepN': 0}>
151.3801 	INFO 	Keyboard events cleared
151.3797 	EXP 	noise_3: autoDraw = False
151.3797 	EXP 	surround_grating: autoDraw = False
151.3797 	EXP 	center_grating: autoDraw = False
151.3797 	EXP 	text_2: autoDraw = False
151.3797 	EXP 	surround_grating: ori = 15.0
151.3797 	EXP 	surround_grating: sf = array([2.5, 2.5])
151.3797 	EXP 	surround_grating: phase = array([0.25239197, 0.25239197])
151.3797 	EXP 	center_grating: ori = 8.0
151.3797 	EXP 	center_grating: sf = array([2.5, 2.5])
151.3797 	EXP 	center_grating: phase = array([0.46401627, 0.46401627])
152.6137 	EXP 	noise_3: autoDraw = True
152.6137 	EXP 	surround_grating: autoDraw = True
152.6137 	EXP 	center_grating: autoDraw = True
152.6881 	EXP 	noise_3: autoDraw = False
152.6881 	EXP 	surround_grating: autoDraw = False
152.6881 	EXP 	center_grating: autoDraw = False
153.0919 	EXP 	New trial (rep=0, index=4): <Trial 4 (4 in rep 0) data={'center': 2, 'surround': 0.0, 'type': 'c+2', 'surr_type': 'noss', 'orient_opacity': 0, 'noise_opacity': 100, 'isi': 0.75, 'thisN': 4, 'thisTrialN': 4, 'thisRepN': 0}>
153.0974 	DATA 	Keypress: period
153.1034 	INFO 	Keyboard events cleared
153.1029 	EXP 	noise_3: autoDraw = False
153.1029 	EXP 	surround_grating: autoDraw = False
153.1029 	EXP 	center_grating: autoDraw = False
153.1029 	EXP 	text_2: autoDraw = False
153.1029 	EXP 	surround_grating: ori = 0.0
153.1029 	EXP 	surround_grating: sf = array([2.5, 2.5])
153.1029 	EXP 	surround_grating: phase = array([0.36533746, 0.36533746])
153.1029 	EXP 	center_grating: ori = 2.0
153.1029 	EXP 	center_grating: sf = array([2.5, 2.5])
153.1029 	EXP 	center_grating: phase = array([0.78234753, 0.78234753])
153.8378 	EXP 	noise_3: autoDraw = True
153.8378 	EXP 	surround_grating: autoDraw = True
153.8378 	EXP 	center_grating: autoDraw = True
153.9100 	EXP 	noise_3: autoDraw = False
153.9100 	EXP 	surround_grating: autoDraw = False
153.9100 	EXP 	center_grating: autoDraw = False
154.3574 	EXP 	New trial (rep=0, index=5): <Trial 5 (5 in rep 0) data={'center': 0, 'surround': -15.0, 'type': 'c+0', 'surr_type': 'negs', 'orient_opacity': 100, 'noise_opacity': 0, 'isi': 0.5, 'thisN': 5, 'thisTrialN': 5, 'thisRepN': 0}>
154.3627 	DATA 	Keypress: period
154.3690 	INFO 	Keyboard events cleared
154.3686 	EXP 	noise_3: autoDraw = False
154.3686 	EXP 	surround_grating: autoDraw = False
154.3686 	EXP 	center_grating: autoDraw = False
154.3686 	EXP 	text_2: autoDraw = False
154.3686 	EXP 	surround_grating: ori = -15.0
154.3686 	EXP 	surround_grating: sf = array([2.5, 2.5])
154.3686 	EXP 	surround_grating: phase = array([0.39048953, 0.39048953])
154.3686 	EXP 	center_grating: ori = 0.0
154.3686 	EXP 	center_grating: sf = array([2.5, 2.5])
154.3686 	EXP 	center_grating: phase = array([0.19106944, 0.19106944])
154.8543 	EXP 	noise_3: autoDraw = True
154.8543 	EXP 	surround_grating: autoDraw = True
154.8543 	EXP 	center_grating: autoDraw = True
154.9263 	EXP 	noise_3: autoDraw = False
154.9263 	EXP 	surround_grating: autoDraw = False
154.9263 	EXP 	center_grating: autoDraw = False
155.5451 	DATA 	Keypress: period
155.5522 	EXP 	New trial (rep=0, index=6): <Trial 6 (6 in rep 0) data={'center': -2, 'surround': -15.0, 'type': 'c-2', 'surr_type': 'negs', 'orient_opacity': 100, 'noise_opacity': 0, 'isi': 0.5, 'thisN': 6, 'thisTrialN': 6, 'thisRepN': 0}>
155.5598 	INFO 	Keyboard events cleared
155.5593 	EXP 	noise_3: autoDraw = False
155.5593 	EXP 	surround_grating: autoDraw = False
155.5593 	EXP 	center_grating: autoDraw = False
155.5593 	EXP 	text_2: autoDraw = False
155.5593 	EXP 	surround_grating: ori = -15.0
155.5593 	EXP 	surround_grating: sf = array([2.5, 2.5])
155.5593 	EXP 	surround_grating: phase = array([0.61528226, 0.61528226])
155.5593 	EXP 	center_grating: ori = -2.0
155.5593 	EXP 	center_grating: sf = array([2.5, 2.5])
155.5593 	EXP 	center_grating: phase = array([0.75450399, 0.75450399])
156.0473 	EXP 	noise_3: autoDraw = True
156.0473 	EXP 	surround_grating: autoDraw = True
156.0473 	EXP 	center_grating: autoDraw = True
156.1217 	EXP 	noise_3: autoDraw = False
156.1217 	EXP 	surround_grating: autoDraw = False
156.1217 	EXP 	center_grating: autoDraw = False
156.6475 	EXP 	New trial (rep=0, index=7): <Trial 7 (7 in rep 0) data={'center': -4, 'surround': -15.0, 'type': 'c-4', 'surr_type': 'negs', 'orient_opacity': 100, 'noise_opacity': 0, 'isi': 1.0, 'thisN': 7, 'thisTrialN': 7, 'thisRepN': 0}>
156.6532 	DATA 	Keypress: z
156.6588 	INFO 	Keyboard events cleared
156.6582 	EXP 	noise_3: autoDraw = False
156.6582 	EXP 	surround_grating: autoDraw = False
156.6582 	EXP 	center_grating: autoDraw = False
156.6582 	EXP 	text_2: autoDraw = False
156.6582 	EXP 	surround_grating: ori = -15.0
156.6582 	EXP 	surround_grating: sf = array([2.5, 2.5])
156.6582 	EXP 	surround_grating: phase = array([0.04465841, 0.04465841])
156.6582 	EXP 	center_grating: ori = -4.0
156.6582 	EXP 	center_grating: sf = array([2.5, 2.5])
156.6582 	EXP 	center_grating: phase = array([0.07396813, 0.07396813])
157.6472 	EXP 	noise_3: autoDraw = True
157.6472 	EXP 	surround_grating: autoDraw = True
157.6472 	EXP 	center_grating: autoDraw = True
157.7214 	EXP 	noise_3: autoDraw = False
157.7214 	EXP 	surround_grating: autoDraw = False
157.7214 	EXP 	center_grating: autoDraw = False
158.2914 	EXP 	New trial (rep=0, index=8): <Trial 8 (8 in rep 0) data={'center': 6, 'surround': 15.0, 'type': 'c+6', 'surr_type': 'poss', 'orient_opacity': 100, 'noise_opacity': 0, 'isi': 0.75, 'thisN': 8, 'thisTrialN': 8, 'thisRepN': 0}>
158.2968 	DATA 	Keypress: period
158.3031 	INFO 	Keyboard events cleared
158.3025 	EXP 	noise_3: autoDraw = False
158.3025 	EXP 	surround_grating: autoDraw = False
158.3025 	EXP 	center_grating: autoDraw = False
158.3025 	EXP 	text_2: autoDraw = False
158.3025 	EXP 	surround_grating: ori = 15.0
158.3025 	EXP 	surround_grating: sf = array([2.5, 2.5])
158.3025 	EXP 	surround_grating: phase = array([0.84317284, 0.84317284])
158.3025 	EXP 	center_grating: ori = 6.0
158.3025 	EXP 	center_grating: sf = array([2.5, 2.5])
158.3025 	EXP 	center_grating: phase = array([0.45859621, 0.45859621])
159.0378 	EXP 	noise_3: autoDraw = True
159.0378 	EXP 	surround_grating: autoDraw = True
159.0378 	EXP 	center_grating: autoDraw = True
159.1098 	EXP 	noise_3: autoDraw = False
159.1098 	EXP 	surround_grating: autoDraw = False
159.1098 	EXP 	center_grating: autoDraw = False
159.4143 	EXP 	New trial (rep=0, index=9): <Trial 9 (9 in rep 0) data={'center': -2, 'surround': -15.0, 'type': 'c-2', 'surr_type': 'negs', 'orient_opacity': 100, 'noise_opacity': 0, 'isi': 1.25, 'thisN': 9, 'thisTrialN': 9, 'thisRepN': 0}>
159.4197 	DATA 	Keypress: period
159.4252 	INFO 	Keyboard events cleared
159.4246 	EXP 	noise_3: autoDraw = False
159.4246 	EXP 	surround_grating: autoDraw = False
159.4246 	EXP 	center_grating: autoDraw = False
159.4246 	EXP 	text_2: autoDraw = False
159.4246 	EXP 	surround_grating: ori = -15.0
159.4246 	EXP 	surround_grating: sf = array([2.5, 2.5])
159.4246 	EXP 	surround_grating: phase = array([0.15954268, 0.15954268])
159.4246 	EXP 	center_grating: ori = -2.0
159.4246 	EXP 	center_grating: sf = array([2.5, 2.5])
159.4246 	EXP 	center_grating: phase = array([0.38974859, 0.38974859])
160.6641 	EXP 	noise_3: autoDraw = True
160.6641 	EXP 	surround_grating: autoDraw = True
160.6641 	EXP 	center_grating: autoDraw = True
160.7384 	EXP 	noise_3: autoDraw = False
160.7384 	EXP 	surround_grating: autoDraw = False
160.7384 	EXP 	center_grating: autoDraw = False
161.2417 	EXP 	New trial (rep=0, index=10): <Trial 10 (10 in rep 0) data={'center': 6, 'surround': 15.0, 'type': 'c+6', 'surr_type': 'poss', 'orient_opacity': 100, 'noise_opacity': 0, 'isi': 1.25, 'thisN': 10, 'thisTrialN': 10, 'thisRepN': 0}>
161.2484 	DATA 	Keypress: period
161.2544 	INFO 	Keyboard events cleared
161.2539 	EXP 	noise_3: autoDraw = False
161.2539 	EXP 	surround_grating: autoDraw = False
161.2539 	EXP 	center_grating: autoDraw = False
161.2539 	EXP 	text_2: autoDraw = False
161.2539 	EXP 	surround_grating: ori = 15.0
161.2539 	EXP 	surround_grating: sf = array([2.5, 2.5])
161.2539 	EXP 	surround_grating: phase = array([0.71000459, 0.71000459])
161.2539 	EXP 	center_grating: ori = 6.0
161.2539 	EXP 	center_grating: sf = array([2.5, 2.5])
161.2539 	EXP 	center_grating: phase = array([0.20836182, 0.20836182])
162.4879 	EXP 	noise_3: autoDraw = True
162.4879 	EXP 	surround_grating: autoDraw = True
162.4879 	EXP 	center_grating: autoDraw = True
162.5599 	EXP 	noise_3: autoDraw = False
162.5599 	EXP 	surround_grating: autoDraw = False
162.5599 	EXP 	center_grating: autoDraw = False
163.1646 	EXP 	New trial (rep=0, index=11): <Trial 11 (11 in rep 0) data={'center': 4, 'surround': 15.0, 'type': 'c+4', 'surr_type': 'poss', 'orient_opacity': 100, 'noise_opacity': 0, 'isi': 0.5, 'thisN': 11, 'thisTrialN': 11, 'thisRepN': 0}>
163.1707 	DATA 	Keypress: z
163.1759 	INFO 	Keyboard events cleared
163.1754 	EXP 	noise_3: autoDraw = False
163.1754 	EXP 	surround_grating: autoDraw = False
163.1754 	EXP 	center_grating: autoDraw = False
163.1754 	EXP 	text_2: autoDraw = False
163.1754 	EXP 	surround_grating: ori = 15.0
163.1754 	EXP 	surround_grating: sf = array([2.5, 2.5])
163.1754 	EXP 	surround_grating: phase = array([0.64676528, 0.64676528])
163.1754 	EXP 	center_grating: ori = 4.0
163.1754 	EXP 	center_grating: sf = array([2.5, 2.5])
163.1754 	EXP 	center_grating: phase = array([0.75000863, 0.75000863])
163.6641 	EXP 	noise_3: autoDraw = True
163.6641 	EXP 	surround_grating: autoDraw = True
163.6641 	EXP 	center_grating: autoDraw = True
163.7385 	EXP 	noise_3: autoDraw = False
163.7385 	EXP 	surround_grating: autoDraw = False
163.7385 	EXP 	center_grating: autoDraw = False
164.3585 	EXP 	New trial (rep=0, index=12): <Trial 12 (12 in rep 0) data={'center': -2, 'surround': 0.0, 'type': 'c-2', 'surr_type': 'noss', 'orient_opacity': 0, 'noise_opacity': 100, 'isi': 1.0, 'thisN': 12, 'thisTrialN': 12, 'thisRepN': 0}>
164.3635 	DATA 	Keypress: period
164.3697 	INFO 	Keyboard events cleared
164.3693 	EXP 	noise_3: autoDraw = False
164.3693 	EXP 	surround_grating: autoDraw = False
164.3693 	EXP 	center_grating: autoDraw = False
164.3693 	EXP 	text_2: autoDraw = False
164.3693 	EXP 	surround_grating: ori = 0.0
164.3693 	EXP 	surround_grating: sf = array([2.5, 2.5])
164.3693 	EXP 	surround_grating: phase = array([0.44170847, 0.44170847])
164.3693 	EXP 	center_grating: ori = -2.0
164.3693 	EXP 	center_grating: sf = array([2.5, 2.5])
164.3693 	EXP 	center_grating: phase = array([0.75702627, 0.75702627])
165.3550 	EXP 	noise_3: autoDraw = True
165.3550 	EXP 	surround_grating: autoDraw = True
165.3550 	EXP 	center_grating: autoDraw = True
165.4270 	EXP 	noise_3: autoDraw = False
165.4270 	EXP 	surround_grating: autoDraw = False
165.4270 	EXP 	center_grating: autoDraw = False
165.9751 	EXP 	New trial (rep=0, index=13): <Trial 13 (13 in rep 0) data={'center': -8, 'surround': -15.0, 'type': 'c-8', 'surr_type': 'negs', 'orient_opacity': 100, 'noise_opacity': 0, 'isi': 0.75, 'thisN': 13, 'thisTrialN': 13, 'thisRepN': 0}>
165.9808 	DATA 	Keypress: period
165.9871 	INFO 	Keyboard events cleared
165.9867 	EXP 	noise_3: autoDraw = False
165.9867 	EXP 	surround_grating: autoDraw = False
165.9867 	EXP 	center_grating: autoDraw = False
165.9867 	EXP 	text_2: autoDraw = False
165.9867 	EXP 	surround_grating: ori = -15.0
165.9867 	EXP 	surround_grating: sf = array([2.5, 2.5])
165.9867 	EXP 	surround_grating: phase = array([0.54166681, 0.54166681])
165.9867 	EXP 	center_grating: ori = -8.0
165.9867 	EXP 	center_grating: sf = array([2.5, 2.5])
165.9867 	EXP 	center_grating: phase = array([0.28021971, 0.28021971])
166.7215 	EXP 	noise_3: autoDraw = True
166.7215 	EXP 	surround_grating: autoDraw = True
166.7215 	EXP 	center_grating: autoDraw = True
166.7938 	EXP 	noise_3: autoDraw = False
166.7938 	EXP 	surround_grating: autoDraw = False
166.7938 	EXP 	center_grating: autoDraw = False
167.3921 	EXP 	New trial (rep=0, index=14): <Trial 14 (14 in rep 0) data={'center': 2, 'surround': -15.0, 'type': 'c+2', 'surr_type': 'negs', 'orient_opacity': 100, 'noise_opacity': 0, 'isi': 1.25, 'thisN': 14, 'thisTrialN': 14, 'thisRepN': 0}>
167.3974 	DATA 	Keypress: z
167.4036 	INFO 	Keyboard events cleared
167.4031 	EXP 	noise_3: autoDraw = False
167.4031 	EXP 	surround_grating: autoDraw = False
167.4031 	EXP 	center_grating: autoDraw = False
167.4031 	EXP 	text_2: autoDraw = False
167.4031 	EXP 	surround_grating: ori = -15.0
167.4031 	EXP 	surround_grating: sf = array([2.5, 2.5])
167.4031 	EXP 	surround_grating: phase = array([0.09237848, 0.09237848])
167.4031 	EXP 	center_grating: ori = 2.0
167.4031 	EXP 	center_grating: sf = array([2.5, 2.5])
167.4031 	EXP 	center_grating: phase = array([0.45869082, 0.45869082])
168.6382 	EXP 	noise_3: autoDraw = True
168.6382 	EXP 	surround_grating: autoDraw = True
168.6382 	EXP 	center_grating: autoDraw = True
168.7105 	EXP 	noise_3: autoDraw = False
168.7105 	EXP 	surround_grating: autoDraw = False
168.7105 	EXP 	center_grating: autoDraw = False
169.2581 	EXP 	New trial (rep=0, index=15): <Trial 15 (15 in rep 0) data={'center': 2, 'surround': 15.0, 'type': 'c+2', 'surr_type': 'poss', 'orient_opacity': 100, 'noise_opacity': 0, 'isi': 1.25, 'thisN': 15, 'thisTrialN': 15, 'thisRepN': 0}>
169.2632 	DATA 	Keypress: period
169.2694 	INFO 	Keyboard events cleared
169.2689 	EXP 	noise_3: autoDraw = False
169.2689 	EXP 	surround_grating: autoDraw = False
169.2689 	EXP 	center_grating: autoDraw = False
169.2689 	EXP 	text_2: autoDraw = False
169.2689 	EXP 	surround_grating: ori = 15.0
169.2689 	EXP 	surround_grating: sf = array([2.5, 2.5])
169.2689 	EXP 	surround_grating: phase = array([0.23559787, 0.23559787])
169.2689 	EXP 	center_grating: ori = 2.0
169.2689 	EXP 	center_grating: sf = array([2.5, 2.5])
169.2689 	EXP 	center_grating: phase = array([0.11731325, 0.11731325])
170.5052 	EXP 	noise_3: autoDraw = True
170.5052 	EXP 	surround_grating: autoDraw = True
170.5052 	EXP 	center_grating: autoDraw = True
170.5772 	EXP 	noise_3: autoDraw = False
170.5772 	EXP 	surround_grating: autoDraw = False
170.5772 	EXP 	center_grating: autoDraw = False
171.1587 	EXP 	New trial (rep=0, index=16): <Trial 16 (16 in rep 0) data={'center': -4, 'surround': 0.0, 'type': 'c-4', 'surr_type': 'noss', 'orient_opacity': 0, 'noise_opacity': 100, 'isi': 1.25, 'thisN': 16, 'thisTrialN': 16, 'thisRepN': 0}>
171.1642 	DATA 	Keypress: z
171.1704 	INFO 	Keyboard events cleared
171.1699 	EXP 	noise_3: autoDraw = False
171.1699 	EXP 	surround_grating: autoDraw = False
171.1699 	EXP 	center_grating: autoDraw = False
171.1699 	EXP 	text_2: autoDraw = False
171.1699 	EXP 	surround_grating: ori = 0.0
171.1699 	EXP 	surround_grating: sf = array([2.5, 2.5])
171.1699 	EXP 	surround_grating: phase = array([0.78153453, 0.78153453])
171.1699 	EXP 	center_grating: ori = -4.0
171.1699 	EXP 	center_grating: sf = array([2.5, 2.5])
171.1699 	EXP 	center_grating: phase = array([0.8841885, 0.8841885])
172.4049 	EXP 	noise_3: autoDraw = True
172.4049 	EXP 	surround_grating: autoDraw = True
172.4049 	EXP 	center_grating: autoDraw = True
172.4786 	EXP 	noise_3: autoDraw = False
172.4786 	EXP 	surround_grating: autoDraw = False
172.4786 	EXP 	center_grating: autoDraw = False
173.1481 	EXP 	New trial (rep=0, index=17): <Trial 17 (17 in rep 0) data={'center': 4, 'surround': 15.0, 'type': 'c+4', 'surr_type': 'poss', 'orient_opacity': 100, 'noise_opacity': 0, 'isi': 1.25, 'thisN': 17, 'thisTrialN': 17, 'thisRepN': 0}>
173.1532 	DATA 	Keypress: period
173.1585 	INFO 	Keyboard events cleared
173.1580 	EXP 	noise_3: autoDraw = False
173.1580 	EXP 	surround_grating: autoDraw = False
173.1580 	EXP 	center_grating: autoDraw = False
173.1580 	EXP 	text_2: autoDraw = False
173.1580 	EXP 	surround_grating: ori = 15.0
173.1580 	EXP 	surround_grating: sf = array([2.5, 2.5])
173.1580 	EXP 	surround_grating: phase = array([0.33489697, 0.33489697])
173.1580 	EXP 	center_grating: ori = 4.0
173.1580 	EXP 	center_grating: sf = array([2.5, 2.5])
173.1580 	EXP 	center_grating: phase = array([0.43527779, 0.43527779])
174.3971 	EXP 	noise_3: autoDraw = True
174.3971 	EXP 	surround_grating: autoDraw = True
174.3971 	EXP 	center_grating: autoDraw = True
174.4723 	EXP 	noise_3: autoDraw = False
174.4723 	EXP 	surround_grating: autoDraw = False
174.4723 	EXP 	center_grating: autoDraw = False
175.0747 	EXP 	New trial (rep=0, index=18): <Trial 18 (18 in rep 0) data={'center': 2, 'surround': 0.0, 'type': 'c+2', 'surr_type': 'noss', 'orient_opacity': 0, 'noise_opacity': 100, 'isi': 1.25, 'thisN': 18, 'thisTrialN': 18, 'thisRepN': 0}>
175.0797 	DATA 	Keypress: z
175.0858 	INFO 	Keyboard events cleared
175.0852 	EXP 	noise_3: autoDraw = False
175.0852 	EXP 	surround_grating: autoDraw = False
175.0852 	EXP 	center_grating: autoDraw = False
175.0852 	EXP 	text_2: autoDraw = False
175.0852 	EXP 	surround_grating: ori = 0.0
175.0852 	EXP 	surround_grating: sf = array([2.5, 2.5])
175.0852 	EXP 	surround_grating: phase = array([0.98209847, 0.98209847])
175.0852 	EXP 	center_grating: ori = 2.0
175.0852 	EXP 	center_grating: sf = array([2.5, 2.5])
175.0852 	EXP 	center_grating: phase = array([0.41495679, 0.41495679])
176.3219 	EXP 	noise_3: autoDraw = True
176.3219 	EXP 	surround_grating: autoDraw = True
176.3219 	EXP 	center_grating: autoDraw = True
176.3942 	EXP 	noise_3: autoDraw = False
176.3942 	EXP 	surround_grating: autoDraw = False
176.3942 	EXP 	center_grating: autoDraw = False
177.3276 	DATA 	Keypress: period
177.3349 	EXP 	New trial (rep=0, index=19): <Trial 19 (19 in rep 0) data={'center': 4, 'surround': 0.0, 'type': 'c+4', 'surr_type': 'noss', 'orient_opacity': 0, 'noise_opacity': 100, 'isi': 0.75, 'thisN': 19, 'thisTrialN': 19, 'thisRepN': 0}>
177.3418 	INFO 	Keyboard events cleared
177.3414 	EXP 	noise_3: autoDraw = False
177.3414 	EXP 	surround_grating: autoDraw = False
177.3414 	EXP 	center_grating: autoDraw = False
177.3414 	EXP 	text_2: autoDraw = False
177.3414 	EXP 	surround_grating: ori = 0.0
177.3414 	EXP 	surround_grating: sf = array([2.5, 2.5])
177.3414 	EXP 	surround_grating: phase = array([0.00761098, 0.00761098])
177.3414 	EXP 	center_grating: ori = 4.0
177.3414 	EXP 	center_grating: sf = array([2.5, 2.5])
177.3414 	EXP 	center_grating: phase = array([0.41297556, 0.41297556])
178.0810 	EXP 	noise_3: autoDraw = True
178.0810 	EXP 	surround_grating: autoDraw = True
178.0810 	EXP 	center_grating: autoDraw = True
178.1559 	EXP 	noise_3: autoDraw = False
178.1559 	EXP 	surround_grating: autoDraw = False
178.1559 	EXP 	center_grating: autoDraw = False
178.6816 	EXP 	New trial (rep=0, index=20): <Trial 20 (20 in rep 0) data={'center': 0, 'surround': -15.0, 'type': 'c+0', 'surr_type': 'negs', 'orient_opacity': 100, 'noise_opacity': 0, 'isi': 0.75, 'thisN': 20, 'thisTrialN': 20, 'thisRepN': 0}>
178.6868 	DATA 	Keypress: period
178.6921 	INFO 	Keyboard events cleared
178.6916 	EXP 	noise_3: autoDraw = False
178.6916 	EXP 	surround_grating: autoDraw = False
178.6916 	EXP 	center_grating: autoDraw = False
178.6916 	EXP 	text_2: autoDraw = False
178.6916 	EXP 	surround_grating: ori = -15.0
178.6916 	EXP 	surround_grating: sf = array([2.5, 2.5])
178.6916 	EXP 	surround_grating: phase = array([0.54659412, 0.54659412])
178.6916 	EXP 	center_grating: ori = 0.0
178.6916 	EXP 	center_grating: sf = array([2.5, 2.5])
178.6916 	EXP 	center_grating: phase = array([0.13059734, 0.13059734])
179.4321 	EXP 	noise_3: autoDraw = True
179.4321 	EXP 	surround_grating: autoDraw = True
179.4321 	EXP 	center_grating: autoDraw = True
179.5056 	EXP 	noise_3: autoDraw = False
179.5056 	EXP 	surround_grating: autoDraw = False
179.5056 	EXP 	center_grating: autoDraw = False
180.0415 	EXP 	New trial (rep=0, index=21): <Trial 21 (21 in rep 0) data={'center': 6, 'surround': 15.0, 'type': 'c+6', 'surr_type': 'poss', 'orient_opacity': 100, 'noise_opacity': 0, 'isi': 1.25, 'thisN': 21, 'thisTrialN': 21, 'thisRepN': 0}>
180.0465 	DATA 	Keypress: period
180.0526 	INFO 	Keyboard events cleared
180.0520 	EXP 	noise_3: autoDraw = False
180.0520 	EXP 	surround_grating: autoDraw = False
180.0520 	EXP 	center_grating: autoDraw = False
180.0520 	EXP 	text_2: autoDraw = False
180.0520 	EXP 	surround_grating: ori = 15.0
180.0520 	EXP 	surround_grating: sf = array([2.5, 2.5])
180.0520 	EXP 	surround_grating: phase = array([0.46615979, 0.46615979])
180.0520 	EXP 	center_grating: ori = 6.0
180.0520 	EXP 	center_grating: sf = array([2.5, 2.5])
180.0520 	EXP 	center_grating: phase = array([0.95823884, 0.95823884])
181.2886 	EXP 	noise_3: autoDraw = True
181.2886 	EXP 	surround_grating: autoDraw = True
181.2886 	EXP 	center_grating: autoDraw = True
181.3612 	EXP 	noise_3: autoDraw = False
181.3612 	EXP 	surround_grating: autoDraw = False
181.3612 	EXP 	center_grating: autoDraw = False
181.9767 	EXP 	New trial (rep=0, index=22): <Trial 22 (22 in rep 0) data={'center': -6, 'surround': -15.0, 'type': 'c-6', 'surr_type': 'negs', 'orient_opacity': 100, 'noise_opacity': 0, 'isi': 0.75, 'thisN': 22, 'thisTrialN': 22, 'thisRepN': 0}>
181.9820 	DATA 	Keypress: z
181.9882 	INFO 	Keyboard events cleared
181.9876 	EXP 	noise_3: autoDraw = False
181.9876 	EXP 	surround_grating: autoDraw = False
181.9876 	EXP 	center_grating: autoDraw = False
181.9876 	EXP 	text_2: autoDraw = False
181.9876 	EXP 	surround_grating: ori = -15.0
181.9876 	EXP 	surround_grating: sf = array([2.5, 2.5])
181.9876 	EXP 	surround_grating: phase = array([0.70539719, 0.70539719])
181.9876 	EXP 	center_grating: ori = -6.0
181.9876 	EXP 	center_grating: sf = array([2.5, 2.5])
181.9876 	EXP 	center_grating: phase = array([0.47417926, 0.47417926])
182.7220 	EXP 	noise_3: autoDraw = True
182.7220 	EXP 	surround_grating: autoDraw = True
182.7220 	EXP 	center_grating: autoDraw = True
182.7943 	EXP 	noise_3: autoDraw = False
182.7943 	EXP 	surround_grating: autoDraw = False
182.7943 	EXP 	center_grating: autoDraw = False
183.7594 	EXP 	New trial (rep=0, index=23): <Trial 23 (23 in rep 0) data={'center': -6, 'surround': -15.0, 'type': 'c-6', 'surr_type': 'negs', 'orient_opacity': 100, 'noise_opacity': 0, 'isi': 0.5, 'thisN': 23, 'thisTrialN': 23, 'thisRepN': 0}>
183.7653 	DATA 	Keypress: period
183.7717 	INFO 	Keyboard events cleared
183.7711 	EXP 	noise_3: autoDraw = False
183.7711 	EXP 	surround_grating: autoDraw = False
183.7711 	EXP 	center_grating: autoDraw = False
183.7711 	EXP 	text_2: autoDraw = False
183.7711 	EXP 	surround_grating: ori = -15.0
183.7711 	EXP 	surround_grating: sf = array([2.5, 2.5])
183.7711 	EXP 	surround_grating: phase = array([0.84804499, 0.84804499])
183.7711 	EXP 	center_grating: ori = -6.0
183.7711 	EXP 	center_grating: sf = array([2.5, 2.5])
183.7711 	EXP 	center_grating: phase = array([0.68314637, 0.68314637])
184.2555 	EXP 	noise_3: autoDraw = True
184.2555 	EXP 	surround_grating: autoDraw = True
184.2555 	EXP 	center_grating: autoDraw = True
184.3280 	EXP 	noise_3: autoDraw = False
184.3280 	EXP 	surround_grating: autoDraw = False
184.3280 	EXP 	center_grating: autoDraw = False
184.9990 	EXP 	New trial (rep=0, index=24): <Trial 24 (24 in rep 0) data={'center': -8, 'surround': -15.0, 'type': 'c-8', 'surr_type': 'negs', 'orient_opacity': 100, 'noise_opacity': 0, 'isi': 0.5, 'thisN': 24, 'thisTrialN': 24, 'thisRepN': 0}>
185.0041 	DATA 	Keypress: period
185.0094 	INFO 	Keyboard events cleared
185.0089 	EXP 	noise_3: autoDraw = False
185.0089 	EXP 	surround_grating: autoDraw = False
185.0089 	EXP 	center_grating: autoDraw = False
185.0089 	EXP 	text_2: autoDraw = False
185.0089 	EXP 	surround_grating: ori = -15.0
185.0089 	EXP 	surround_grating: sf = array([2.5, 2.5])
185.0089 	EXP 	surround_grating: phase = array([0.27430726, 0.27430726])
185.0089 	EXP 	center_grating: ori = -8.0
185.0089 	EXP 	center_grating: sf = array([2.5, 2.5])
185.0089 	EXP 	center_grating: phase = array([0.7683441, 0.7683441])
185.4990 	EXP 	noise_3: autoDraw = True
185.4990 	EXP 	surround_grating: autoDraw = True
185.4990 	EXP 	center_grating: autoDraw = True
185.5726 	EXP 	noise_3: autoDraw = False
185.5726 	EXP 	surround_grating: autoDraw = False
185.5726 	EXP 	center_grating: autoDraw = False
186.4087 	EXP 	New trial (rep=0, index=25): <Trial 25 (25 in rep 0) data={'center': -2, 'surround': 15.0, 'type': 'c-2', 'surr_type': 'poss', 'orient_opacity': 100, 'noise_opacity': 0, 'isi': 0.5, 'thisN': 25, 'thisTrialN': 25, 'thisRepN': 0}>
186.4138 	DATA 	Keypress: z
186.4196 	INFO 	Keyboard events cleared
186.4191 	EXP 	noise_3: autoDraw = False
186.4191 	EXP 	surround_grating: autoDraw = False
186.4191 	EXP 	center_grating: autoDraw = False
186.4191 	EXP 	text_2: autoDraw = False
186.4191 	EXP 	surround_grating: ori = 15.0
186.4191 	EXP 	surround_grating: sf = array([2.5, 2.5])
186.4191 	EXP 	surround_grating: phase = array([0.36121734, 0.36121734])
186.4191 	EXP 	center_grating: ori = -2.0
186.4191 	EXP 	center_grating: sf = array([2.5, 2.5])
186.4191 	EXP 	center_grating: phase = array([0.93703478, 0.93703478])
186.9047 	EXP 	noise_3: autoDraw = True
186.9047 	EXP 	surround_grating: autoDraw = True
186.9047 	EXP 	center_grating: autoDraw = True
186.9776 	EXP 	noise_3: autoDraw = False
186.9776 	EXP 	surround_grating: autoDraw = False
186.9776 	EXP 	center_grating: autoDraw = False
187.5324 	EXP 	New trial (rep=0, index=26): <Trial 26 (26 in rep 0) data={'center': 2, 'surround': 0.0, 'type': 'c+2', 'surr_type': 'noss', 'orient_opacity': 0, 'noise_opacity': 100, 'isi': 0.75, 'thisN': 26, 'thisTrialN': 26, 'thisRepN': 0}>
187.5375 	DATA 	Keypress: z
187.5430 	INFO 	Keyboard events cleared
187.5424 	EXP 	noise_3: autoDraw = False
187.5424 	EXP 	surround_grating: autoDraw = False
187.5424 	EXP 	center_grating: autoDraw = False
187.5424 	EXP 	text_2: autoDraw = False
187.5424 	EXP 	surround_grating: ori = 0.0
187.5424 	EXP 	surround_grating: sf = array([2.5, 2.5])
187.5424 	EXP 	surround_grating: phase = array([0.68365407, 0.68365407])
187.5424 	EXP 	center_grating: ori = 2.0
187.5424 	EXP 	center_grating: sf = array([2.5, 2.5])
187.5424 	EXP 	center_grating: phase = array([0.23711695, 0.23711695])
188.2825 	EXP 	noise_3: autoDraw = True
188.2825 	EXP 	surround_grating: autoDraw = True
188.2825 	EXP 	center_grating: autoDraw = True
188.3561 	EXP 	noise_3: autoDraw = False
188.3561 	EXP 	surround_grating: autoDraw = False
188.3561 	EXP 	center_grating: autoDraw = False
188.9096 	EXP 	New trial (rep=0, index=27): <Trial 27 (27 in rep 0) data={'center': 4, 'surround': 0.0, 'type': 'c+4', 'surr_type': 'noss', 'orient_opacity': 0, 'noise_opacity': 100, 'isi': 1.25, 'thisN': 27, 'thisTrialN': 27, 'thisRepN': 0}>
188.9153 	DATA 	Keypress: period
188.9215 	INFO 	Keyboard events cleared
188.9209 	EXP 	noise_3: autoDraw = False
188.9209 	EXP 	surround_grating: autoDraw = False
188.9209 	EXP 	center_grating: autoDraw = False
188.9209 	EXP 	text_2: autoDraw = False
188.9209 	EXP 	surround_grating: ori = 0.0
188.9209 	EXP 	surround_grating: sf = array([2.5, 2.5])
188.9209 	EXP 	surround_grating: phase = array([0.61551194, 0.61551194])
188.9209 	EXP 	center_grating: ori = 4.0
188.9209 	EXP 	center_grating: sf = array([2.5, 2.5])
188.9209 	EXP 	center_grating: phase = array([0.0117095, 0.0117095])
190.1556 	EXP 	noise_3: autoDraw = True
190.1556 	EXP 	surround_grating: autoDraw = True
190.1556 	EXP 	center_grating: autoDraw = True
190.2276 	EXP 	noise_3: autoDraw = False
190.2276 	EXP 	surround_grating: autoDraw = False
190.2276 	EXP 	center_grating: autoDraw = False
190.7095 	EXP 	New trial (rep=0, index=28): <Trial 28 (28 in rep 0) data={'center': 2, 'surround': 15.0, 'type': 'c+2', 'surr_type': 'poss', 'orient_opacity': 100, 'noise_opacity': 0, 'isi': 0.5, 'thisN': 28, 'thisTrialN': 28, 'thisRepN': 0}>
190.7155 	DATA 	Keypress: period
190.7219 	INFO 	Keyboard events cleared
190.7213 	EXP 	noise_3: autoDraw = False
190.7213 	EXP 	surround_grating: autoDraw = False
190.7213 	EXP 	center_grating: autoDraw = False
190.7213 	EXP 	text_2: autoDraw = False
190.7213 	EXP 	surround_grating: ori = 15.0
190.7213 	EXP 	surround_grating: sf = array([2.5, 2.5])
190.7213 	EXP 	surround_grating: phase = array([0.36684134, 0.36684134])
190.7213 	EXP 	center_grating: ori = 2.0
190.7213 	EXP 	center_grating: sf = array([2.5, 2.5])
190.7213 	EXP 	center_grating: phase = array([0.80649844, 0.80649844])
191.2057 	EXP 	noise_3: autoDraw = True
191.2057 	EXP 	surround_grating: autoDraw = True
191.2057 	EXP 	center_grating: autoDraw = True
191.2777 	EXP 	noise_3: autoDraw = False
191.2777 	EXP 	surround_grating: autoDraw = False
191.2777 	EXP 	center_grating: autoDraw = False
191.7802 	EXP 	New trial (rep=0, index=29): <Trial 29 (29 in rep 0) data={'center': -4, 'surround': -15.0, 'type': 'c-4', 'surr_type': 'negs', 'orient_opacity': 100, 'noise_opacity': 0, 'isi': 1.25, 'thisN': 29, 'thisTrialN': 29, 'thisRepN': 0}>
191.7853 	DATA 	Keypress: z
191.7919 	INFO 	Keyboard events cleared
191.7914 	EXP 	noise_3: autoDraw = False
191.7914 	EXP 	surround_grating: autoDraw = False
191.7914 	EXP 	center_grating: autoDraw = False
191.7914 	EXP 	text_2: autoDraw = False
191.7914 	EXP 	surround_grating: ori = -15.0
191.7914 	EXP 	surround_grating: sf = array([2.5, 2.5])
191.7914 	EXP 	surround_grating: phase = array([0.42430776, 0.42430776])
191.7914 	EXP 	center_grating: ori = -4.0
191.7914 	EXP 	center_grating: sf = array([2.5, 2.5])
191.7914 	EXP 	center_grating: phase = array([0.40763262, 0.40763262])
193.0215 	EXP 	noise_3: autoDraw = True
193.0215 	EXP 	surround_grating: autoDraw = True
193.0215 	EXP 	center_grating: autoDraw = True
193.0945 	EXP 	noise_3: autoDraw = False
193.0945 	EXP 	surround_grating: autoDraw = False
193.0945 	EXP 	center_grating: autoDraw = False
194.2817 	EXP 	New trial (rep=0, index=30): <Trial 30 (30 in rep 0) data={'center': -6, 'surround': -15.0, 'type': 'c-6', 'surr_type': 'negs', 'orient_opacity': 100, 'noise_opacity': 0, 'isi': 1.0, 'thisN': 30, 'thisTrialN': 30, 'thisRepN': 0}>
194.2870 	DATA 	Keypress: period
194.2923 	INFO 	Keyboard events cleared
194.2918 	EXP 	noise_3: autoDraw = False
194.2918 	EXP 	surround_grating: autoDraw = False
194.2918 	EXP 	center_grating: autoDraw = False
194.2918 	EXP 	text_2: autoDraw = False
194.2918 	EXP 	surround_grating: ori = -15.0
194.2918 	EXP 	surround_grating: sf = array([2.5, 2.5])
194.2918 	EXP 	surround_grating: phase = array([0.18512694, 0.18512694])
194.2918 	EXP 	center_grating: ori = -6.0
194.2918 	EXP 	center_grating: sf = array([2.5, 2.5])
194.2918 	EXP 	center_grating: phase = array([0.58944146, 0.58944146])
195.2822 	EXP 	noise_3: autoDraw = True
195.2822 	EXP 	surround_grating: autoDraw = True
195.2822 	EXP 	center_grating: autoDraw = True
195.3566 	EXP 	noise_3: autoDraw = False
195.3566 	EXP 	surround_grating: autoDraw = False
195.3566 	EXP 	center_grating: autoDraw = False
196.0423 	EXP 	New trial (rep=0, index=31): <Trial 31 (31 in rep 0) data={'center': 4, 'surround': 15.0, 'type': 'c+4', 'surr_type': 'poss', 'orient_opacity': 100, 'noise_opacity': 0, 'isi': 1.0, 'thisN': 31, 'thisTrialN': 31, 'thisRepN': 0}>
196.0473 	DATA 	Keypress: z
196.0532 	INFO 	Keyboard events cleared
196.0527 	EXP 	noise_3: autoDraw = False
196.0527 	EXP 	surround_grating: autoDraw = False
196.0527 	EXP 	center_grating: autoDraw = False
196.0527 	EXP 	text_2: autoDraw = False
196.0527 	EXP 	surround_grating: ori = 15.0
196.0527 	EXP 	surround_grating: sf = array([2.5, 2.5])
196.0527 	EXP 	surround_grating: phase = array([0.87249449, 0.87249449])
196.0527 	EXP 	center_grating: ori = 4.0
196.0527 	EXP 	center_grating: sf = array([2.5, 2.5])
196.0527 	EXP 	center_grating: phase = array([0.80876678, 0.80876678])
197.0393 	EXP 	noise_3: autoDraw = True
197.0393 	EXP 	surround_grating: autoDraw = True
197.0393 	EXP 	center_grating: autoDraw = True
197.1115 	EXP 	noise_3: autoDraw = False
197.1115 	EXP 	surround_grating: autoDraw = False
197.1115 	EXP 	center_grating: autoDraw = False
197.6933 	EXP 	New trial (rep=0, index=32): <Trial 32 (32 in rep 0) data={'center': -6, 'surround': -15.0, 'type': 'c-6', 'surr_type': 'negs', 'orient_opacity': 100, 'noise_opacity': 0, 'isi': 1.25, 'thisN': 32, 'thisTrialN': 32, 'thisRepN': 0}>
197.6992 	DATA 	Keypress: period
197.7054 	INFO 	Keyboard events cleared
197.7049 	EXP 	noise_3: autoDraw = False
197.7049 	EXP 	surround_grating: autoDraw = False
197.7049 	EXP 	center_grating: autoDraw = False
197.7049 	EXP 	text_2: autoDraw = False
197.7049 	EXP 	surround_grating: ori = -15.0
197.7049 	EXP 	surround_grating: sf = array([2.5, 2.5])
197.7049 	EXP 	surround_grating: phase = array([0.36269496, 0.36269496])
197.7049 	EXP 	center_grating: ori = -6.0
197.7049 	EXP 	center_grating: sf = array([2.5, 2.5])
197.7049 	EXP 	center_grating: phase = array([0.15657465, 0.15657465])
198.9393 	EXP 	noise_3: autoDraw = True
198.9393 	EXP 	surround_grating: autoDraw = True
198.9393 	EXP 	center_grating: autoDraw = True
199.0114 	EXP 	noise_3: autoDraw = False
199.0114 	EXP 	surround_grating: autoDraw = False
199.0114 	EXP 	center_grating: autoDraw = False
199.5979 	EXP 	New trial (rep=0, index=33): <Trial 33 (33 in rep 0) data={'center': 8, 'surround': 15.0, 'type': 'c+8', 'surr_type': 'poss', 'orient_opacity': 100, 'noise_opacity': 0, 'isi': 1.0, 'thisN': 33, 'thisTrialN': 33, 'thisRepN': 0}>
199.6032 	DATA 	Keypress: z
199.6093 	INFO 	Keyboard events cleared
199.6088 	EXP 	noise_3: autoDraw = False
199.6088 	EXP 	surround_grating: autoDraw = False
199.6088 	EXP 	center_grating: autoDraw = False
199.6088 	EXP 	text_2: autoDraw = False
199.6088 	EXP 	surround_grating: ori = 15.0
199.6088 	EXP 	surround_grating: sf = array([2.5, 2.5])
199.6088 	EXP 	surround_grating: phase = array([0.65677857, 0.65677857])
199.6088 	EXP 	center_grating: ori = 8.0
199.6088 	EXP 	center_grating: sf = array([2.5, 2.5])
199.6088 	EXP 	center_grating: phase = array([0.15938317, 0.15938317])
200.5993 	EXP 	noise_3: autoDraw = True
200.5993 	EXP 	surround_grating: autoDraw = True
200.5993 	EXP 	center_grating: autoDraw = True
200.6732 	EXP 	noise_3: autoDraw = False
200.6732 	EXP 	surround_grating: autoDraw = False
200.6732 	EXP 	center_grating: autoDraw = False
201.3631 	EXP 	New trial (rep=0, index=34): <Trial 34 (34 in rep 0) data={'center': -4, 'surround': -15.0, 'type': 'c-4', 'surr_type': 'negs', 'orient_opacity': 100, 'noise_opacity': 0, 'isi': 0.5, 'thisN': 34, 'thisTrialN': 34, 'thisRepN': 0}>
201.3681 	DATA 	Keypress: z
201.3741 	INFO 	Keyboard events cleared
201.3735 	EXP 	noise_3: autoDraw = False
201.3735 	EXP 	surround_grating: autoDraw = False
201.3735 	EXP 	center_grating: autoDraw = False
201.3735 	EXP 	text_2: autoDraw = False
201.3735 	EXP 	surround_grating: ori = -15.0
201.3735 	EXP 	surround_grating: sf = array([2.5, 2.5])
201.3735 	EXP 	surround_grating: phase = array([0.0187496, 0.0187496])
201.3735 	EXP 	center_grating: ori = -4.0
201.3735 	EXP 	center_grating: sf = array([2.5, 2.5])
201.3735 	EXP 	center_grating: phase = array([0.56332482, 0.56332482])
201.8562 	EXP 	noise_3: autoDraw = True
201.8562 	EXP 	surround_grating: autoDraw = True
201.8562 	EXP 	center_grating: autoDraw = True
201.9283 	EXP 	noise_3: autoDraw = False
201.9283 	EXP 	surround_grating: autoDraw = False
201.9283 	EXP 	center_grating: autoDraw = False
203.1095 	EXP 	New trial (rep=0, index=35): <Trial 35 (35 in rep 0) data={'center': 0, 'surround': 15.0, 'type': 'c+0', 'surr_type': 'poss', 'orient_opacity': 100, 'noise_opacity': 0, 'isi': 1.0, 'thisN': 35, 'thisTrialN': 35, 'thisRepN': 0}>
203.1153 	DATA 	Keypress: z
203.1216 	INFO 	Keyboard events cleared
203.1210 	EXP 	noise_3: autoDraw = False
203.1210 	EXP 	surround_grating: autoDraw = False
203.1210 	EXP 	center_grating: autoDraw = False
203.1210 	EXP 	text_2: autoDraw = False
203.1210 	EXP 	surround_grating: ori = 15.0
203.1210 	EXP 	surround_grating: sf = array([2.5, 2.5])
203.1210 	EXP 	surround_grating: phase = array([0.10075048, 0.10075048])
203.1210 	EXP 	center_grating: ori = 0.0
203.1210 	EXP 	center_grating: sf = array([2.5, 2.5])
203.1210 	EXP 	center_grating: phase = array([0.29555423, 0.29555423])
204.1062 	EXP 	noise_3: autoDraw = True
204.1062 	EXP 	surround_grating: autoDraw = True
204.1062 	EXP 	center_grating: autoDraw = True
204.1781 	EXP 	noise_3: autoDraw = False
204.1781 	EXP 	surround_grating: autoDraw = False
204.1781 	EXP 	center_grating: autoDraw = False
205.1814 	EXP 	New trial (rep=0, index=36): <Trial 36 (36 in rep 0) data={'center': -2, 'surround': -15.0, 'type': 'c-2', 'surr_type': 'negs', 'orient_opacity': 100, 'noise_opacity': 0, 'isi': 0.75, 'thisN': 36, 'thisTrialN': 36, 'thisRepN': 0}>
205.1867 	DATA 	Keypress: z
205.1930 	INFO 	Keyboard events cleared
205.1924 	EXP 	noise_3: autoDraw = False
205.1924 	EXP 	surround_grating: autoDraw = False
205.1924 	EXP 	center_grating: autoDraw = False
205.1924 	EXP 	text_2: autoDraw = False
205.1924 	EXP 	surround_grating: ori = -15.0
205.1924 	EXP 	surround_grating: sf = array([2.5, 2.5])
205.1924 	EXP 	surround_grating: phase = array([0.87923415, 0.87923415])
205.1924 	EXP 	center_grating: ori = -2.0
205.1924 	EXP 	center_grating: sf = array([2.5, 2.5])
205.1924 	EXP 	center_grating: phase = array([0.74771629, 0.74771629])
205.9327 	EXP 	noise_3: autoDraw = True
205.9327 	EXP 	surround_grating: autoDraw = True
205.9327 	EXP 	center_grating: autoDraw = True
206.0070 	EXP 	noise_3: autoDraw = False
206.0070 	EXP 	surround_grating: autoDraw = False
206.0070 	EXP 	center_grating: autoDraw = False
206.5488 	EXP 	New trial (rep=0, index=37): <Trial 37 (37 in rep 0) data={'center': -6, 'surround': -15.0, 'type': 'c-6', 'surr_type': 'negs', 'orient_opacity': 100, 'noise_opacity': 0, 'isi': 0.75, 'thisN': 37, 'thisTrialN': 37, 'thisRepN': 0}>
206.5539 	DATA 	Keypress: period
206.5596 	INFO 	Keyboard events cleared
206.5591 	EXP 	noise_3: autoDraw = False
206.5591 	EXP 	surround_grating: autoDraw = False
206.5591 	EXP 	center_grating: autoDraw = False
206.5591 	EXP 	text_2: autoDraw = False
206.5591 	EXP 	surround_grating: ori = -15.0
206.5591 	EXP 	surround_grating: sf = array([2.5, 2.5])
206.5591 	EXP 	surround_grating: phase = array([0.52754829, 0.52754829])
206.5591 	EXP 	center_grating: ori = -6.0
206.5591 	EXP 	center_grating: sf = array([2.5, 2.5])
206.5591 	EXP 	center_grating: phase = array([0.47630579, 0.47630579])
207.2999 	EXP 	noise_3: autoDraw = True
207.2999 	EXP 	surround_grating: autoDraw = True
207.2999 	EXP 	center_grating: autoDraw = True
207.3735 	EXP 	noise_3: autoDraw = False
207.3735 	EXP 	surround_grating: autoDraw = False
207.3735 	EXP 	center_grating: autoDraw = False
208.0264 	EXP 	New trial (rep=0, index=38): <Trial 38 (38 in rep 0) data={'center': -8, 'surround': -15.0, 'type': 'c-8', 'surr_type': 'negs', 'orient_opacity': 100, 'noise_opacity': 0, 'isi': 0.75, 'thisN': 38, 'thisTrialN': 38, 'thisRepN': 0}>
208.0322 	DATA 	Keypress: period
208.0386 	INFO 	Keyboard events cleared
208.0381 	EXP 	noise_3: autoDraw = False
208.0381 	EXP 	surround_grating: autoDraw = False
208.0381 	EXP 	center_grating: autoDraw = False
208.0381 	EXP 	text_2: autoDraw = False
208.0381 	EXP 	surround_grating: ori = -15.0
208.0381 	EXP 	surround_grating: sf = array([2.5, 2.5])
208.0381 	EXP 	surround_grating: phase = array([0.52256436, 0.52256436])
208.0381 	EXP 	center_grating: ori = -8.0
208.0381 	EXP 	center_grating: sf = array([2.5, 2.5])
208.0381 	EXP 	center_grating: phase = array([0.41801296, 0.41801296])
208.7730 	EXP 	noise_3: autoDraw = True
208.7730 	EXP 	surround_grating: autoDraw = True
208.7730 	EXP 	center_grating: autoDraw = True
208.8453 	EXP 	noise_3: autoDraw = False
208.8453 	EXP 	surround_grating: autoDraw = False
208.8453 	EXP 	center_grating: autoDraw = False
209.3101 	EXP 	New trial (rep=0, index=39): <Trial 39 (39 in rep 0) data={'center': -4, 'surround': -15.0, 'type': 'c-4', 'surr_type': 'negs', 'orient_opacity': 100, 'noise_opacity': 0, 'isi': 0.5, 'thisN': 39, 'thisTrialN': 39, 'thisRepN': 0}>
209.3155 	DATA 	Keypress: z
209.3214 	INFO 	Keyboard events cleared
209.3209 	EXP 	noise_3: autoDraw = False
209.3209 	EXP 	surround_grating: autoDraw = False
209.3209 	EXP 	center_grating: autoDraw = False
209.3209 	EXP 	text_2: autoDraw = False
209.3209 	EXP 	surround_grating: ori = -15.0
209.3209 	EXP 	surround_grating: sf = array([2.5, 2.5])
209.3209 	EXP 	surround_grating: phase = array([0.14956601, 0.14956601])
209.3209 	EXP 	center_grating: ori = -4.0
209.3209 	EXP 	center_grating: sf = array([2.5, 2.5])
209.3209 	EXP 	center_grating: phase = array([0.49251708, 0.49251708])
209.8064 	EXP 	noise_3: autoDraw = True
209.8064 	EXP 	surround_grating: autoDraw = True
209.8064 	EXP 	center_grating: autoDraw = True
209.8785 	EXP 	noise_3: autoDraw = False
209.8785 	EXP 	surround_grating: autoDraw = False
209.8785 	EXP 	center_grating: autoDraw = False
210.4771 	EXP 	New trial (rep=0, index=40): <Trial 40 (40 in rep 0) data={'center': 0, 'surround': -15.0, 'type': 'c+0', 'surr_type': 'negs', 'orient_opacity': 100, 'noise_opacity': 0, 'isi': 0.5, 'thisN': 40, 'thisTrialN': 40, 'thisRepN': 0}>
210.4826 	DATA 	Keypress: period
210.4886 	INFO 	Keyboard events cleared
210.4882 	EXP 	noise_3: autoDraw = False
210.4882 	EXP 	surround_grating: autoDraw = False
210.4882 	EXP 	center_grating: autoDraw = False
210.4882 	EXP 	text_2: autoDraw = False
210.4882 	EXP 	surround_grating: ori = -15.0
210.4882 	EXP 	surround_grating: sf = array([2.5, 2.5])
210.4882 	EXP 	surround_grating: phase = array([0.46813856, 0.46813856])
210.4882 	EXP 	center_grating: ori = 0.0
210.4882 	EXP 	center_grating: sf = array([2.5, 2.5])
210.4882 	EXP 	center_grating: phase = array([0.53707296, 0.53707296])
210.9732 	EXP 	noise_3: autoDraw = True
210.9732 	EXP 	surround_grating: autoDraw = True
210.9732 	EXP 	center_grating: autoDraw = True
211.0457 	EXP 	noise_3: autoDraw = False
211.0457 	EXP 	surround_grating: autoDraw = False
211.0457 	EXP 	center_grating: autoDraw = False
211.6102 	EXP 	New trial (rep=0, index=41): <Trial 41 (41 in rep 0) data={'center': -6, 'surround': -15.0, 'type': 'c-6', 'surr_type': 'negs', 'orient_opacity': 100, 'noise_opacity': 0, 'isi': 0.75, 'thisN': 41, 'thisTrialN': 41, 'thisRepN': 0}>
211.6155 	DATA 	Keypress: period
211.6214 	INFO 	Keyboard events cleared
211.6210 	EXP 	noise_3: autoDraw = False
211.6210 	EXP 	surround_grating: autoDraw = False
211.6210 	EXP 	center_grating: autoDraw = False
211.6210 	EXP 	text_2: autoDraw = False
211.6210 	EXP 	surround_grating: ori = -15.0
211.6210 	EXP 	surround_grating: sf = array([2.5, 2.5])
211.6210 	EXP 	surround_grating: phase = array([0.93596579, 0.93596579])
211.6210 	EXP 	center_grating: ori = -6.0
211.6210 	EXP 	center_grating: sf = array([2.5, 2.5])
211.6210 	EXP 	center_grating: phase = array([0.55610907, 0.55610907])
212.3565 	EXP 	noise_3: autoDraw = True
212.3565 	EXP 	surround_grating: autoDraw = True
212.3565 	EXP 	center_grating: autoDraw = True
212.4286 	EXP 	noise_3: autoDraw = False
212.4286 	EXP 	surround_grating: autoDraw = False
212.4286 	EXP 	center_grating: autoDraw = False
213.0269 	EXP 	New trial (rep=0, index=42): <Trial 42 (42 in rep 0) data={'center': -2, 'surround': -15.0, 'type': 'c-2', 'surr_type': 'negs', 'orient_opacity': 100, 'noise_opacity': 0, 'isi': 1.25, 'thisN': 42, 'thisTrialN': 42, 'thisRepN': 0}>
213.0324 	DATA 	Keypress: period
213.0382 	INFO 	Keyboard events cleared
213.0378 	EXP 	noise_3: autoDraw = False
213.0378 	EXP 	surround_grating: autoDraw = False
213.0378 	EXP 	center_grating: autoDraw = False
213.0378 	EXP 	text_2: autoDraw = False
213.0378 	EXP 	surround_grating: ori = -15.0
213.0378 	EXP 	surround_grating: sf = array([2.5, 2.5])
213.0378 	EXP 	surround_grating: phase = array([0.75483043, 0.75483043])
213.0378 	EXP 	center_grating: ori = -2.0
213.0378 	EXP 	center_grating: sf = array([2.5, 2.5])
213.0378 	EXP 	center_grating: phase = array([0.85533676, 0.85533676])
214.2732 	EXP 	noise_3: autoDraw = True
214.2732 	EXP 	surround_grating: autoDraw = True
214.2732 	EXP 	center_grating: autoDraw = True
214.3449 	EXP 	noise_3: autoDraw = False
214.3449 	EXP 	surround_grating: autoDraw = False
214.3449 	EXP 	center_grating: autoDraw = False
215.1592 	EXP 	New trial (rep=0, index=43): <Trial 43 (43 in rep 0) data={'center': 0, 'surround': -15.0, 'type': 'c+0', 'surr_type': 'negs', 'orient_opacity': 100, 'noise_opacity': 0, 'isi': 0.5, 'thisN': 43, 'thisTrialN': 43, 'thisRepN': 0}>
215.1643 	DATA 	Keypress: period
215.1702 	INFO 	Keyboard events cleared
215.1697 	EXP 	noise_3: autoDraw = False
215.1697 	EXP 	surround_grating: autoDraw = False
215.1697 	EXP 	center_grating: autoDraw = False
215.1697 	EXP 	text_2: autoDraw = False
215.1697 	EXP 	surround_grating: ori = -15.0
215.1697 	EXP 	surround_grating: sf = array([2.5, 2.5])
215.1697 	EXP 	surround_grating: phase = array([0.98997232, 0.98997232])
215.1697 	EXP 	center_grating: ori = 0.0
215.1697 	EXP 	center_grating: sf = array([2.5, 2.5])
215.1697 	EXP 	center_grating: phase = array([0.21291246, 0.21291246])
215.6567 	EXP 	noise_3: autoDraw = True
215.6567 	EXP 	surround_grating: autoDraw = True
215.6567 	EXP 	center_grating: autoDraw = True
215.7303 	EXP 	noise_3: autoDraw = False
215.7303 	EXP 	surround_grating: autoDraw = False
215.7303 	EXP 	center_grating: autoDraw = False
216.5821 	EXP 	New trial (rep=0, index=44): <Trial 44 (44 in rep 0) data={'center': -4, 'surround': 0.0, 'type': 'c-4', 'surr_type': 'noss', 'orient_opacity': 0, 'noise_opacity': 100, 'isi': 1.0, 'thisN': 44, 'thisTrialN': 44, 'thisRepN': 0}>
216.5877 	DATA 	Keypress: period
216.5936 	INFO 	Keyboard events cleared
216.5931 	EXP 	noise_3: autoDraw = False
216.5931 	EXP 	surround_grating: autoDraw = False
216.5931 	EXP 	center_grating: autoDraw = False
216.5931 	EXP 	text_2: autoDraw = False
216.5931 	EXP 	surround_grating: ori = 0.0
216.5931 	EXP 	surround_grating: sf = array([2.5, 2.5])
216.5931 	EXP 	surround_grating: phase = array([0.38680293, 0.38680293])
216.5931 	EXP 	center_grating: ori = -4.0
216.5931 	EXP 	center_grating: sf = array([2.5, 2.5])
216.5931 	EXP 	center_grating: phase = array([0.16630364, 0.16630364])
217.5832 	EXP 	noise_3: autoDraw = True
217.5832 	EXP 	surround_grating: autoDraw = True
217.5832 	EXP 	center_grating: autoDraw = True
217.6574 	EXP 	noise_3: autoDraw = False
217.6574 	EXP 	surround_grating: autoDraw = False
217.6574 	EXP 	center_grating: autoDraw = False
218.1319 	EXP 	New trial (rep=0, index=45): <Trial 45 (45 in rep 0) data={'center': 4, 'surround': 15.0, 'type': 'c+4', 'surr_type': 'poss', 'orient_opacity': 100, 'noise_opacity': 0, 'isi': 0.5, 'thisN': 45, 'thisTrialN': 45, 'thisRepN': 0}>
218.1370 	DATA 	Keypress: z
218.1434 	INFO 	Keyboard events cleared
218.1429 	EXP 	noise_3: autoDraw = False
218.1429 	EXP 	surround_grating: autoDraw = False
218.1429 	EXP 	center_grating: autoDraw = False
218.1429 	EXP 	text_2: autoDraw = False
218.1429 	EXP 	surround_grating: ori = 15.0
218.1429 	EXP 	surround_grating: sf = array([2.5, 2.5])
218.1429 	EXP 	surround_grating: phase = array([0.56785045, 0.56785045])
218.1429 	EXP 	center_grating: ori = 4.0
218.1429 	EXP 	center_grating: sf = array([2.5, 2.5])
218.1429 	EXP 	center_grating: phase = array([0.23793421, 0.23793421])
218.6326 	EXP 	noise_3: autoDraw = True
218.6326 	EXP 	surround_grating: autoDraw = True
218.6326 	EXP 	center_grating: autoDraw = True
218.7073 	EXP 	noise_3: autoDraw = False
218.7073 	EXP 	surround_grating: autoDraw = False
218.7073 	EXP 	center_grating: autoDraw = False
219.3598 	EXP 	New trial (rep=0, index=46): <Trial 46 (46 in rep 0) data={'center': 2, 'surround': -15.0, 'type': 'c+2', 'surr_type': 'negs', 'orient_opacity': 100, 'noise_opacity': 0, 'isi': 1.0, 'thisN': 46, 'thisTrialN': 46, 'thisRepN': 0}>
219.3653 	DATA 	Keypress: z
219.3709 	INFO 	Keyboard events cleared
219.3703 	EXP 	noise_3: autoDraw = False
219.3703 	EXP 	surround_grating: autoDraw = False
219.3703 	EXP 	center_grating: autoDraw = False
219.3703 	EXP 	text_2: autoDraw = False
219.3703 	EXP 	surround_grating: ori = -15.0
219.3703 	EXP 	surround_grating: sf = array([2.5, 2.5])
219.3703 	EXP 	surround_grating: phase = array([0.83541582, 0.83541582])
219.3703 	EXP 	center_grating: ori = 2.0
219.3703 	EXP 	center_grating: sf = array([2.5, 2.5])
219.3703 	EXP 	center_grating: phase = array([0.19507109, 0.19507109])
220.3568 	EXP 	noise_3: autoDraw = True
220.3568 	EXP 	surround_grating: autoDraw = True
220.3568 	EXP 	center_grating: autoDraw = True
220.4291 	EXP 	noise_3: autoDraw = False
220.4291 	EXP 	surround_grating: autoDraw = False
220.4291 	EXP 	center_grating: autoDraw = False
220.9318 	EXP 	New trial (rep=0, index=47): <Trial 47 (47 in rep 0) data={'center': 0, 'surround': 15.0, 'type': 'c+0', 'surr_type': 'poss', 'orient_opacity': 100, 'noise_opacity': 0, 'isi': 0.75, 'thisN': 47, 'thisTrialN': 47, 'thisRepN': 0}>
220.9368 	DATA 	Keypress: period
220.9432 	INFO 	Keyboard events cleared
220.9425 	EXP 	noise_3: autoDraw = False
220.9425 	EXP 	surround_grating: autoDraw = False
220.9425 	EXP 	center_grating: autoDraw = False
220.9425 	EXP 	text_2: autoDraw = False
220.9425 	EXP 	surround_grating: ori = 15.0
220.9425 	EXP 	surround_grating: sf = array([2.5, 2.5])
220.9425 	EXP 	surround_grating: phase = array([0.80221144, 0.80221144])
220.9425 	EXP 	center_grating: ori = 0.0
220.9425 	EXP 	center_grating: sf = array([2.5, 2.5])
220.9425 	EXP 	center_grating: phase = array([0.54345935, 0.54345935])
221.6827 	EXP 	noise_3: autoDraw = True
221.6827 	EXP 	surround_grating: autoDraw = True
221.6827 	EXP 	center_grating: autoDraw = True
221.7574 	EXP 	noise_3: autoDraw = False
221.7574 	EXP 	surround_grating: autoDraw = False
221.7574 	EXP 	center_grating: autoDraw = False
222.3603 	EXP 	New trial (rep=0, index=48): <Trial 48 (48 in rep 0) data={'center': 6, 'surround': 15.0, 'type': 'c+6', 'surr_type': 'poss', 'orient_opacity': 100, 'noise_opacity': 0, 'isi': 1.25, 'thisN': 48, 'thisTrialN': 48, 'thisRepN': 0}>
222.3658 	DATA 	Keypress: z
222.3723 	INFO 	Keyboard events cleared
222.3717 	EXP 	noise_3: autoDraw = False
222.3717 	EXP 	surround_grating: autoDraw = False
222.3717 	EXP 	center_grating: autoDraw = False
222.3717 	EXP 	text_2: autoDraw = False
222.3717 	EXP 	surround_grating: ori = 15.0
222.3717 	EXP 	surround_grating: sf = array([2.5, 2.5])
222.3717 	EXP 	surround_grating: phase = array([0.18134488, 0.18134488])
222.3717 	EXP 	center_grating: ori = 6.0
222.3717 	EXP 	center_grating: sf = array([2.5, 2.5])
222.3717 	EXP 	center_grating: phase = array([0.10519872, 0.10519872])
223.6062 	EXP 	noise_3: autoDraw = True
223.6062 	EXP 	surround_grating: autoDraw = True
223.6062 	EXP 	center_grating: autoDraw = True
223.6799 	EXP 	noise_3: autoDraw = False
223.6799 	EXP 	surround_grating: autoDraw = False
223.6799 	EXP 	center_grating: autoDraw = False
224.1642 	DATA 	Keypress: period
224.1714 	EXP 	New trial (rep=0, index=49): <Trial 49 (49 in rep 0) data={'center': 8, 'surround': 15.0, 'type': 'c+8', 'surr_type': 'poss', 'orient_opacity': 100, 'noise_opacity': 0, 'isi': 1.0, 'thisN': 49, 'thisTrialN': 49, 'thisRepN': 0}>
224.1782 	INFO 	Keyboard events cleared
224.1778 	EXP 	noise_3: autoDraw = False
224.1778 	EXP 	surround_grating: autoDraw = False
224.1778 	EXP 	center_grating: autoDraw = False
224.1778 	EXP 	text_2: autoDraw = False
224.1778 	EXP 	surround_grating: ori = 15.0
224.1778 	EXP 	surround_grating: sf = array([2.5, 2.5])
224.1778 	EXP 	surround_grating: phase = array([0.03173569, 0.03173569])
224.1778 	EXP 	center_grating: ori = 8.0
224.1778 	EXP 	center_grating: sf = array([2.5, 2.5])
224.1778 	EXP 	center_grating: phase = array([0.71101755, 0.71101755])
225.1667 	EXP 	noise_3: autoDraw = True
225.1667 	EXP 	surround_grating: autoDraw = True
225.1667 	EXP 	center_grating: autoDraw = True
225.2406 	EXP 	noise_3: autoDraw = False
225.2406 	EXP 	surround_grating: autoDraw = False
225.2406 	EXP 	center_grating: autoDraw = False
225.7988 	EXP 	New trial (rep=0, index=50): <Trial 50 (50 in rep 0) data={'center': 2, 'surround': 15.0, 'type': 'c+2', 'surr_type': 'poss', 'orient_opacity': 100, 'noise_opacity': 0, 'isi': 1.25, 'thisN': 50, 'thisTrialN': 50, 'thisRepN': 0}>
225.8041 	DATA 	Keypress: period
225.8103 	INFO 	Keyboard events cleared
225.8098 	EXP 	noise_3: autoDraw = False
225.8098 	EXP 	surround_grating: autoDraw = False
225.8098 	EXP 	center_grating: autoDraw = False
225.8098 	EXP 	text_2: autoDraw = False
225.8098 	EXP 	surround_grating: ori = 15.0
225.8098 	EXP 	surround_grating: sf = array([2.5, 2.5])
225.8098 	EXP 	surround_grating: phase = array([0.45968832, 0.45968832])
225.8098 	EXP 	center_grating: ori = 2.0
225.8098 	EXP 	center_grating: sf = array([2.5, 2.5])
225.8098 	EXP 	center_grating: phase = array([0.97756072, 0.97756072])
227.0500 	EXP 	noise_3: autoDraw = True
227.0500 	EXP 	surround_grating: autoDraw = True
227.0500 	EXP 	center_grating: autoDraw = True
227.1244 	EXP 	noise_3: autoDraw = False
227.1244 	EXP 	surround_grating: autoDraw = False
227.1244 	EXP 	center_grating: autoDraw = False
227.5932 	EXP 	New trial (rep=0, index=51): <Trial 51 (51 in rep 0) data={'center': 4, 'surround': 15.0, 'type': 'c+4', 'surr_type': 'poss', 'orient_opacity': 100, 'noise_opacity': 0, 'isi': 0.5, 'thisN': 51, 'thisTrialN': 51, 'thisRepN': 0}>
227.5984 	DATA 	Keypress: z
227.6044 	INFO 	Keyboard events cleared
227.6038 	EXP 	noise_3: autoDraw = False
227.6038 	EXP 	surround_grating: autoDraw = False
227.6038 	EXP 	center_grating: autoDraw = False
227.6038 	EXP 	text_2: autoDraw = False
227.6038 	EXP 	surround_grating: ori = 15.0
227.6038 	EXP 	surround_grating: sf = array([2.5, 2.5])
227.6038 	EXP 	surround_grating: phase = array([0.59630733, 0.59630733])
227.6038 	EXP 	center_grating: ori = 4.0
227.6038 	EXP 	center_grating: sf = array([2.5, 2.5])
227.6038 	EXP 	center_grating: phase = array([0.74113462, 0.74113462])
228.0904 	EXP 	noise_3: autoDraw = True
228.0904 	EXP 	surround_grating: autoDraw = True
228.0904 	EXP 	center_grating: autoDraw = True
228.1625 	EXP 	noise_3: autoDraw = False
228.1625 	EXP 	surround_grating: autoDraw = False
228.1625 	EXP 	center_grating: autoDraw = False
228.8271 	EXP 	New trial (rep=0, index=52): <Trial 52 (52 in rep 0) data={'center': 4, 'surround': 0.0, 'type': 'c+4', 'surr_type': 'noss', 'orient_opacity': 0, 'noise_opacity': 100, 'isi': 1.0, 'thisN': 52, 'thisTrialN': 52, 'thisRepN': 0}>
228.8325 	DATA 	Keypress: z
228.8384 	INFO 	Keyboard events cleared
228.8379 	EXP 	noise_3: autoDraw = False
228.8379 	EXP 	surround_grating: autoDraw = False
228.8379 	EXP 	center_grating: autoDraw = False
228.8379 	EXP 	text_2: autoDraw = False
228.8379 	EXP 	surround_grating: ori = 0.0
228.8379 	EXP 	surround_grating: sf = array([2.5, 2.5])
228.8379 	EXP 	surround_grating: phase = array([0.59875114, 0.59875114])
228.8379 	EXP 	center_grating: ori = 4.0
228.8379 	EXP 	center_grating: sf = array([2.5, 2.5])
228.8379 	EXP 	center_grating: phase = array([0.67922203, 0.67922203])
229.8229 	EXP 	noise_3: autoDraw = True
229.8229 	EXP 	surround_grating: autoDraw = True
229.8229 	EXP 	center_grating: autoDraw = True
229.8968 	EXP 	noise_3: autoDraw = False
229.8968 	EXP 	surround_grating: autoDraw = False
229.8968 	EXP 	center_grating: autoDraw = False
230.3166 	EXP 	New trial (rep=0, index=53): <Trial 53 (53 in rep 0) data={'center': -4, 'surround': 0.0, 'type': 'c-4', 'surr_type': 'noss', 'orient_opacity': 0, 'noise_opacity': 100, 'isi': 0.5, 'thisN': 53, 'thisTrialN': 53, 'thisRepN': 0}>
230.3217 	DATA 	Keypress: period
230.3275 	INFO 	Keyboard events cleared
230.3270 	EXP 	noise_3: autoDraw = False
230.3270 	EXP 	surround_grating: autoDraw = False
230.3270 	EXP 	center_grating: autoDraw = False
230.3270 	EXP 	text_2: autoDraw = False
230.3270 	EXP 	surround_grating: ori = 0.0
230.3270 	EXP 	surround_grating: sf = array([2.5, 2.5])
230.3270 	EXP 	surround_grating: phase = array([0.67967969, 0.67967969])
230.3270 	EXP 	center_grating: ori = -4.0
230.3270 	EXP 	center_grating: sf = array([2.5, 2.5])
230.3270 	EXP 	center_grating: phase = array([0.144338, 0.144338])
230.8169 	EXP 	noise_3: autoDraw = True
230.8169 	EXP 	surround_grating: autoDraw = True
230.8169 	EXP 	center_grating: autoDraw = True
230.8911 	EXP 	noise_3: autoDraw = False
230.8911 	EXP 	surround_grating: autoDraw = False
230.8911 	EXP 	center_grating: autoDraw = False
231.6488 	EXP 	New trial (rep=0, index=54): <Trial 54 (54 in rep 0) data={'center': -8, 'surround': -15.0, 'type': 'c-8', 'surr_type': 'negs', 'orient_opacity': 100, 'noise_opacity': 0, 'isi': 0.5, 'thisN': 54, 'thisTrialN': 54, 'thisRepN': 0}>
231.6546 	DATA 	Keypress: period
231.6606 	INFO 	Keyboard events cleared
231.6599 	EXP 	noise_3: autoDraw = False
231.6599 	EXP 	surround_grating: autoDraw = False
231.6599 	EXP 	center_grating: autoDraw = False
231.6599 	EXP 	text_2: autoDraw = False
231.6599 	EXP 	surround_grating: ori = -15.0
231.6599 	EXP 	surround_grating: sf = array([2.5, 2.5])
231.6599 	EXP 	surround_grating: phase = array([0.85004058, 0.85004058])
231.6599 	EXP 	center_grating: ori = -8.0
231.6599 	EXP 	center_grating: sf = array([2.5, 2.5])
231.6599 	EXP 	center_grating: phase = array([0.86990628, 0.86990628])
232.1499 	EXP 	noise_3: autoDraw = True
232.1499 	EXP 	surround_grating: autoDraw = True
232.1499 	EXP 	center_grating: autoDraw = True
232.2245 	EXP 	noise_3: autoDraw = False
232.2245 	EXP 	surround_grating: autoDraw = False
232.2245 	EXP 	center_grating: autoDraw = False
233.3144 	DATA 	Keypress: period
233.3214 	EXP 	New trial (rep=0, index=55): <Trial 55 (55 in rep 0) data={'center': 0, 'surround': 0.0, 'type': 'c+0', 'surr_type': 'noss', 'orient_opacity': 0, 'noise_opacity': 100, 'isi': 0.5, 'thisN': 55, 'thisTrialN': 55, 'thisRepN': 0}>
233.3282 	INFO 	Keyboard events cleared
233.3278 	EXP 	noise_3: autoDraw = False
233.3278 	EXP 	surround_grating: autoDraw = False
233.3278 	EXP 	center_grating: autoDraw = False
233.3278 	EXP 	text_2: autoDraw = False
233.3278 	EXP 	surround_grating: ori = 0.0
233.3278 	EXP 	surround_grating: sf = array([2.5, 2.5])
233.3278 	EXP 	surround_grating: phase = array([0.40358899, 0.40358899])
233.3278 	EXP 	center_grating: ori = 0.0
233.3278 	EXP 	center_grating: sf = array([2.5, 2.5])
233.3278 	EXP 	center_grating: phase = array([0.22556454, 0.22556454])
233.8171 	EXP 	noise_3: autoDraw = True
233.8171 	EXP 	surround_grating: autoDraw = True
233.8171 	EXP 	center_grating: autoDraw = True
233.8913 	EXP 	noise_3: autoDraw = False
233.8913 	EXP 	surround_grating: autoDraw = False
233.8913 	EXP 	center_grating: autoDraw = False
234.6372 	DATA 	Keypress: z
234.6444 	EXP 	New trial (rep=0, index=56): <Trial 56 (56 in rep 0) data={'center': 2, 'surround': -15.0, 'type': 'c+2', 'surr_type': 'negs', 'orient_opacity': 100, 'noise_opacity': 0, 'isi': 1.0, 'thisN': 56, 'thisTrialN': 56, 'thisRepN': 0}>
234.6582 	INFO 	Keyboard events cleared
234.6578 	EXP 	noise_3: autoDraw = False
234.6578 	EXP 	surround_grating: autoDraw = False
234.6578 	EXP 	center_grating: autoDraw = False
234.6578 	EXP 	text_2: autoDraw = False
234.6578 	EXP 	surround_grating: ori = -15.0
234.6578 	EXP 	surround_grating: sf = array([2.5, 2.5])
234.6578 	EXP 	surround_grating: phase = array([0.82569793, 0.82569793])
234.6578 	EXP 	center_grating: ori = 2.0
234.6578 	EXP 	center_grating: sf = array([2.5, 2.5])
234.6578 	EXP 	center_grating: phase = array([0.03566388, 0.03566388])
235.6409 	EXP 	noise_3: autoDraw = True
235.6409 	EXP 	surround_grating: autoDraw = True
235.6409 	EXP 	center_grating: autoDraw = True
235.7128 	EXP 	noise_3: autoDraw = False
235.7128 	EXP 	surround_grating: autoDraw = False
235.7128 	EXP 	center_grating: autoDraw = False
236.1840 	EXP 	New trial (rep=0, index=57): <Trial 57 (57 in rep 0) data={'center': 8, 'surround': 15.0, 'type': 'c+8', 'surr_type': 'poss', 'orient_opacity': 100, 'noise_opacity': 0, 'isi': 1.0, 'thisN': 57, 'thisTrialN': 57, 'thisRepN': 0}>
236.1890 	DATA 	Keypress: period
236.1947 	INFO 	Keyboard events cleared
236.1940 	EXP 	noise_3: autoDraw = False
236.1940 	EXP 	surround_grating: autoDraw = False
236.1940 	EXP 	center_grating: autoDraw = False
236.1940 	EXP 	text_2: autoDraw = False
236.1940 	EXP 	surround_grating: ori = 15.0
236.1940 	EXP 	surround_grating: sf = array([2.5, 2.5])
236.1940 	EXP 	surround_grating: phase = array([0.26312029, 0.26312029])
236.1940 	EXP 	center_grating: ori = 8.0
236.1940 	EXP 	center_grating: sf = array([2.5, 2.5])
236.1940 	EXP 	center_grating: phase = array([0.39974307, 0.39974307])
237.1834 	EXP 	noise_3: autoDraw = True
237.1834 	EXP 	surround_grating: autoDraw = True
237.1834 	EXP 	center_grating: autoDraw = True
237.2578 	EXP 	noise_3: autoDraw = False
237.2578 	EXP 	surround_grating: autoDraw = False
237.2578 	EXP 	center_grating: autoDraw = False
237.8620 	EXP 	New trial (rep=0, index=58): <Trial 58 (58 in rep 0) data={'center': 2, 'surround': 15.0, 'type': 'c+2', 'surr_type': 'poss', 'orient_opacity': 100, 'noise_opacity': 0, 'isi': 0.75, 'thisN': 58, 'thisTrialN': 58, 'thisRepN': 0}>
237.8673 	DATA 	Keypress: z
237.8736 	INFO 	Keyboard events cleared
237.8731 	EXP 	noise_3: autoDraw = False
237.8731 	EXP 	surround_grating: autoDraw = False
237.8731 	EXP 	center_grating: autoDraw = False
237.8731 	EXP 	text_2: autoDraw = False
237.8731 	EXP 	surround_grating: ori = 15.0
237.8731 	EXP 	surround_grating: sf = array([2.5, 2.5])
237.8731 	EXP 	surround_grating: phase = array([0.92271302, 0.92271302])
237.8731 	EXP 	center_grating: ori = 2.0
237.8731 	EXP 	center_grating: sf = array([2.5, 2.5])
237.8731 	EXP 	center_grating: phase = array([0.71143599, 0.71143599])
238.6069 	EXP 	noise_3: autoDraw = True
238.6069 	EXP 	surround_grating: autoDraw = True
238.6069 	EXP 	center_grating: autoDraw = True
238.6794 	EXP 	noise_3: autoDraw = False
238.6794 	EXP 	surround_grating: autoDraw = False
238.6794 	EXP 	center_grating: autoDraw = False
239.2453 	EXP 	New trial (rep=0, index=59): <Trial 59 (59 in rep 0) data={'center': 6, 'surround': 15.0, 'type': 'c+6', 'surr_type': 'poss', 'orient_opacity': 100, 'noise_opacity': 0, 'isi': 1.25, 'thisN': 59, 'thisTrialN': 59, 'thisRepN': 0}>
239.2508 	DATA 	Keypress: z
239.2573 	INFO 	Keyboard events cleared
239.2567 	EXP 	noise_3: autoDraw = False
239.2567 	EXP 	surround_grating: autoDraw = False
239.2567 	EXP 	center_grating: autoDraw = False
239.2567 	EXP 	text_2: autoDraw = False
239.2567 	EXP 	surround_grating: ori = 15.0
239.2567 	EXP 	surround_grating: sf = array([2.5, 2.5])
239.2567 	EXP 	surround_grating: phase = array([0.32884557, 0.32884557])
239.2567 	EXP 	center_grating: ori = 6.0
239.2567 	EXP 	center_grating: sf = array([2.5, 2.5])
239.2567 	EXP 	center_grating: phase = array([0.48776554, 0.48776554])
240.4909 	EXP 	noise_3: autoDraw = True
240.4909 	EXP 	surround_grating: autoDraw = True
240.4909 	EXP 	center_grating: autoDraw = True
240.5631 	EXP 	noise_3: autoDraw = False
240.5631 	EXP 	surround_grating: autoDraw = False
240.5631 	EXP 	center_grating: autoDraw = False
241.1107 	EXP 	New trial (rep=0, index=60): <Trial 60 (60 in rep 0) data={'center': 6, 'surround': 15.0, 'type': 'c+6', 'surr_type': 'poss', 'orient_opacity': 100, 'noise_opacity': 0, 'isi': 0.75, 'thisN': 60, 'thisTrialN': 60, 'thisRepN': 0}>
241.1158 	DATA 	Keypress: period
241.1218 	INFO 	Keyboard events cleared
241.1212 	EXP 	noise_3: autoDraw = False
241.1212 	EXP 	surround_grating: autoDraw = False
241.1212 	EXP 	center_grating: autoDraw = False
241.1212 	EXP 	text_2: autoDraw = False
241.1212 	EXP 	surround_grating: ori = 15.0
241.1212 	EXP 	surround_grating: sf = array([2.5, 2.5])
241.1212 	EXP 	surround_grating: phase = array([0.67479392, 0.67479392])
241.1212 	EXP 	center_grating: ori = 6.0
241.1212 	EXP 	center_grating: sf = array([2.5, 2.5])
241.1212 	EXP 	center_grating: phase = array([0.47500304, 0.47500304])
241.8576 	EXP 	noise_3: autoDraw = True
241.8576 	EXP 	surround_grating: autoDraw = True
241.8576 	EXP 	center_grating: autoDraw = True
241.9300 	EXP 	noise_3: autoDraw = False
241.9300 	EXP 	surround_grating: autoDraw = False
241.9300 	EXP 	center_grating: autoDraw = False
242.5445 	EXP 	New trial (rep=0, index=61): <Trial 61 (61 in rep 0) data={'center': -2, 'surround': 0.0, 'type': 'c-2', 'surr_type': 'noss', 'orient_opacity': 0, 'noise_opacity': 100, 'isi': 1.25, 'thisN': 61, 'thisTrialN': 61, 'thisRepN': 0}>
242.5506 	DATA 	Keypress: period
242.5565 	INFO 	Keyboard events cleared
242.5561 	EXP 	noise_3: autoDraw = False
242.5561 	EXP 	surround_grating: autoDraw = False
242.5561 	EXP 	center_grating: autoDraw = False
242.5561 	EXP 	text_2: autoDraw = False
242.5561 	EXP 	surround_grating: ori = 0.0
242.5561 	EXP 	surround_grating: sf = array([2.5, 2.5])
242.5561 	EXP 	surround_grating: phase = array([0.04501212, 0.04501212])
242.5561 	EXP 	center_grating: ori = -2.0
242.5561 	EXP 	center_grating: sf = array([2.5, 2.5])
242.5561 	EXP 	center_grating: phase = array([0.62904315, 0.62904315])
243.7911 	EXP 	noise_3: autoDraw = True
243.7911 	EXP 	surround_grating: autoDraw = True
243.7911 	EXP 	center_grating: autoDraw = True
243.8627 	EXP 	noise_3: autoDraw = False
243.8627 	EXP 	surround_grating: autoDraw = False
243.8627 	EXP 	center_grating: autoDraw = False
244.4448 	EXP 	New trial (rep=0, index=62): <Trial 62 (62 in rep 0) data={'center': 4, 'surround': 0.0, 'type': 'c+4', 'surr_type': 'noss', 'orient_opacity': 0, 'noise_opacity': 100, 'isi': 1.25, 'thisN': 62, 'thisTrialN': 62, 'thisRepN': 0}>
244.4515 	DATA 	Keypress: z
244.4573 	INFO 	Keyboard events cleared
244.4566 	EXP 	noise_3: autoDraw = False
244.4566 	EXP 	surround_grating: autoDraw = False
244.4566 	EXP 	center_grating: autoDraw = False
244.4566 	EXP 	text_2: autoDraw = False
244.4566 	EXP 	surround_grating: ori = 0.0
244.4566 	EXP 	surround_grating: sf = array([2.5, 2.5])
244.4566 	EXP 	surround_grating: phase = array([0.0743595, 0.0743595])
244.4566 	EXP 	center_grating: ori = 4.0
244.4566 	EXP 	center_grating: sf = array([2.5, 2.5])
244.4566 	EXP 	center_grating: phase = array([0.50704018, 0.50704018])
245.6911 	EXP 	noise_3: autoDraw = True
245.6911 	EXP 	surround_grating: autoDraw = True
245.6911 	EXP 	center_grating: autoDraw = True
245.7630 	EXP 	noise_3: autoDraw = False
245.7630 	EXP 	surround_grating: autoDraw = False
245.7630 	EXP 	center_grating: autoDraw = False
246.2444 	EXP 	New trial (rep=0, index=63): <Trial 63 (63 in rep 0) data={'center': -8, 'surround': -15.0, 'type': 'c-8', 'surr_type': 'negs', 'orient_opacity': 100, 'noise_opacity': 0, 'isi': 0.5, 'thisN': 63, 'thisTrialN': 63, 'thisRepN': 0}>
246.2498 	DATA 	Keypress: period
246.2561 	INFO 	Keyboard events cleared
246.2556 	EXP 	noise_3: autoDraw = False
246.2556 	EXP 	surround_grating: autoDraw = False
246.2556 	EXP 	center_grating: autoDraw = False
246.2556 	EXP 	text_2: autoDraw = False
246.2556 	EXP 	surround_grating: ori = -15.0
246.2556 	EXP 	surround_grating: sf = array([2.5, 2.5])
246.2556 	EXP 	surround_grating: phase = array([0.62523742, 0.62523742])
246.2556 	EXP 	center_grating: ori = -8.0
246.2556 	EXP 	center_grating: sf = array([2.5, 2.5])
246.2556 	EXP 	center_grating: phase = array([0.4594946, 0.4594946])
246.7402 	EXP 	noise_3: autoDraw = True
246.7402 	EXP 	surround_grating: autoDraw = True
246.7402 	EXP 	center_grating: autoDraw = True
246.8138 	EXP 	noise_3: autoDraw = False
246.8138 	EXP 	surround_grating: autoDraw = False
246.8138 	EXP 	center_grating: autoDraw = False
247.5149 	DATA 	Keypress: period
247.5220 	EXP 	New trial (rep=0, index=64): <Trial 64 (64 in rep 0) data={'center': 6, 'surround': 15.0, 'type': 'c+6', 'surr_type': 'poss', 'orient_opacity': 100, 'noise_opacity': 0, 'isi': 0.5, 'thisN': 64, 'thisTrialN': 64, 'thisRepN': 0}>
247.5287 	INFO 	Keyboard events cleared
247.5284 	EXP 	noise_3: autoDraw = False
247.5284 	EXP 	surround_grating: autoDraw = False
247.5284 	EXP 	center_grating: autoDraw = False
247.5284 	EXP 	text_2: autoDraw = False
247.5284 	EXP 	surround_grating: ori = 15.0
247.5284 	EXP 	surround_grating: sf = array([2.5, 2.5])
247.5284 	EXP 	surround_grating: phase = array([0.67192576, 0.67192576])
247.5284 	EXP 	center_grating: ori = 6.0
247.5284 	EXP 	center_grating: sf = array([2.5, 2.5])
247.5284 	EXP 	center_grating: phase = array([0.81250952, 0.81250952])
248.0174 	EXP 	noise_3: autoDraw = True
248.0174 	EXP 	surround_grating: autoDraw = True
248.0174 	EXP 	center_grating: autoDraw = True
248.0919 	EXP 	noise_3: autoDraw = False
248.0919 	EXP 	surround_grating: autoDraw = False
248.0919 	EXP 	center_grating: autoDraw = False
248.6113 	EXP 	New trial (rep=0, index=65): <Trial 65 (65 in rep 0) data={'center': 0, 'surround': 0.0, 'type': 'c+0', 'surr_type': 'noss', 'orient_opacity': 0, 'noise_opacity': 100, 'isi': 1.25, 'thisN': 65, 'thisTrialN': 65, 'thisRepN': 0}>
248.6176 	DATA 	Keypress: z
248.6237 	INFO 	Keyboard events cleared
248.6231 	EXP 	noise_3: autoDraw = False
248.6231 	EXP 	surround_grating: autoDraw = False
248.6231 	EXP 	center_grating: autoDraw = False
248.6231 	EXP 	text_2: autoDraw = False
248.6231 	EXP 	surround_grating: ori = 0.0
248.6231 	EXP 	surround_grating: sf = array([2.5, 2.5])
248.6231 	EXP 	surround_grating: phase = array([0.26218523, 0.26218523])
248.6231 	EXP 	center_grating: ori = 0.0
248.6231 	EXP 	center_grating: sf = array([2.5, 2.5])
248.6231 	EXP 	center_grating: phase = array([0.10879897, 0.10879897])
249.8572 	EXP 	noise_3: autoDraw = True
249.8572 	EXP 	surround_grating: autoDraw = True
249.8572 	EXP 	center_grating: autoDraw = True
249.9303 	EXP 	noise_3: autoDraw = False
249.9303 	EXP 	surround_grating: autoDraw = False
249.9303 	EXP 	center_grating: autoDraw = False
250.1954 	EXP 	New trial (rep=0, index=66): <Trial 66 (66 in rep 0) data={'center': -2, 'surround': 0.0, 'type': 'c-2', 'surr_type': 'noss', 'orient_opacity': 0, 'noise_opacity': 100, 'isi': 1.25, 'thisN': 66, 'thisTrialN': 66, 'thisRepN': 0}>
250.2012 	DATA 	Keypress: period
250.2072 	INFO 	Keyboard events cleared
250.2067 	EXP 	noise_3: autoDraw = False
250.2067 	EXP 	surround_grating: autoDraw = False
250.2067 	EXP 	center_grating: autoDraw = False
250.2067 	EXP 	text_2: autoDraw = False
250.2067 	EXP 	surround_grating: ori = 0.0
250.2067 	EXP 	surround_grating: sf = array([2.5, 2.5])
250.2067 	EXP 	surround_grating: phase = array([0.08330738, 0.08330738])
250.2067 	EXP 	center_grating: ori = -2.0
250.2067 	EXP 	center_grating: sf = array([2.5, 2.5])
250.2067 	EXP 	center_grating: phase = array([0.70725242, 0.70725242])
251.4404 	EXP 	noise_3: autoDraw = True
251.4404 	EXP 	surround_grating: autoDraw = True
251.4404 	EXP 	center_grating: autoDraw = True
251.5134 	EXP 	noise_3: autoDraw = False
251.5134 	EXP 	surround_grating: autoDraw = False
251.5134 	EXP 	center_grating: autoDraw = False
251.7277 	EXP 	New trial (rep=0, index=67): <Trial 67 (67 in rep 0) data={'center': -6, 'surround': -15.0, 'type': 'c-6', 'surr_type': 'negs', 'orient_opacity': 100, 'noise_opacity': 0, 'isi': 0.5, 'thisN': 67, 'thisTrialN': 67, 'thisRepN': 0}>
251.7329 	DATA 	Keypress: period
251.7388 	INFO 	Keyboard events cleared
251.7382 	EXP 	noise_3: autoDraw = False
251.7382 	EXP 	surround_grating: autoDraw = False
251.7382 	EXP 	center_grating: autoDraw = False
251.7382 	EXP 	text_2: autoDraw = False
251.7382 	EXP 	surround_grating: ori = -15.0
251.7382 	EXP 	surround_grating: sf = array([2.5, 2.5])
251.7382 	EXP 	surround_grating: phase = array([0.38783344, 0.38783344])
251.7382 	EXP 	center_grating: ori = -6.0
251.7382 	EXP 	center_grating: sf = array([2.5, 2.5])
251.7382 	EXP 	center_grating: phase = array([0.84513208, 0.84513208])
252.2244 	EXP 	noise_3: autoDraw = True
252.2244 	EXP 	surround_grating: autoDraw = True
252.2244 	EXP 	center_grating: autoDraw = True
252.2983 	EXP 	noise_3: autoDraw = False
252.2983 	EXP 	surround_grating: autoDraw = False
252.2983 	EXP 	center_grating: autoDraw = False
252.9003 	EXP 	New trial (rep=0, index=68): <Trial 68 (68 in rep 0) data={'center': -6, 'surround': -15.0, 'type': 'c-6', 'surr_type': 'negs', 'orient_opacity': 100, 'noise_opacity': 0, 'isi': 0.75, 'thisN': 68, 'thisTrialN': 68, 'thisRepN': 0}>
252.9055 	DATA 	Keypress: period
252.9115 	INFO 	Keyboard events cleared
252.9110 	EXP 	noise_3: autoDraw = False
252.9110 	EXP 	surround_grating: autoDraw = False
252.9110 	EXP 	center_grating: autoDraw = False
252.9110 	EXP 	text_2: autoDraw = False
252.9110 	EXP 	surround_grating: ori = -15.0
252.9110 	EXP 	surround_grating: sf = array([2.5, 2.5])
252.9110 	EXP 	surround_grating: phase = array([0.28861528, 0.28861528])
252.9110 	EXP 	center_grating: ori = -6.0
252.9110 	EXP 	center_grating: sf = array([2.5, 2.5])
252.9110 	EXP 	center_grating: phase = array([0.08775139, 0.08775139])
253.6511 	EXP 	noise_3: autoDraw = True
253.6511 	EXP 	surround_grating: autoDraw = True
253.6511 	EXP 	center_grating: autoDraw = True
253.7251 	EXP 	noise_3: autoDraw = False
253.7251 	EXP 	surround_grating: autoDraw = False
253.7251 	EXP 	center_grating: autoDraw = False
254.1919 	EXP 	New trial (rep=0, index=69): <Trial 69 (69 in rep 0) data={'center': 4, 'surround': 15.0, 'type': 'c+4', 'surr_type': 'poss', 'orient_opacity': 100, 'noise_opacity': 0, 'isi': 0.5, 'thisN': 69, 'thisTrialN': 69, 'thisRepN': 0}>
254.1942 	DATA 	Keypress: z
254.1994 	INFO 	Keyboard events cleared
254.1990 	EXP 	noise_3: autoDraw = False
254.1990 	EXP 	surround_grating: autoDraw = False
254.1990 	EXP 	center_grating: autoDraw = False
254.1990 	EXP 	text_2: autoDraw = False
254.1990 	EXP 	surround_grating: ori = 15.0
254.1990 	EXP 	surround_grating: sf = array([2.5, 2.5])
254.1990 	EXP 	surround_grating: phase = array([0.00521665, 0.00521665])
254.1990 	EXP 	center_grating: ori = 4.0
254.1990 	EXP 	center_grating: sf = array([2.5, 2.5])
254.1990 	EXP 	center_grating: phase = array([0.21947794, 0.21947794])
254.6851 	EXP 	noise_3: autoDraw = True
254.6851 	EXP 	surround_grating: autoDraw = True
254.6851 	EXP 	center_grating: autoDraw = True
254.7586 	EXP 	noise_3: autoDraw = False
254.7586 	EXP 	surround_grating: autoDraw = False
254.7586 	EXP 	center_grating: autoDraw = False
255.2170 	EXP 	New trial (rep=0, index=70): <Trial 70 (70 in rep 0) data={'center': 2, 'surround': 0.0, 'type': 'c+2', 'surr_type': 'noss', 'orient_opacity': 0, 'noise_opacity': 100, 'isi': 1.0, 'thisN': 70, 'thisTrialN': 70, 'thisRepN': 0}>
255.2220 	DATA 	Keypress: z
255.2280 	INFO 	Keyboard events cleared
255.2276 	EXP 	noise_3: autoDraw = False
255.2276 	EXP 	surround_grating: autoDraw = False
255.2276 	EXP 	center_grating: autoDraw = False
255.2276 	EXP 	text_2: autoDraw = False
255.2276 	EXP 	surround_grating: ori = 0.0
255.2276 	EXP 	surround_grating: sf = array([2.5, 2.5])
255.2276 	EXP 	surround_grating: phase = array([0.75937525, 0.75937525])
255.2276 	EXP 	center_grating: ori = 2.0
255.2276 	EXP 	center_grating: sf = array([2.5, 2.5])
255.2276 	EXP 	center_grating: phase = array([0.70211514, 0.70211514])
256.2180 	EXP 	noise_3: autoDraw = True
256.2180 	EXP 	surround_grating: autoDraw = True
256.2180 	EXP 	center_grating: autoDraw = True
256.2922 	EXP 	noise_3: autoDraw = False
256.2922 	EXP 	surround_grating: autoDraw = False
256.2922 	EXP 	center_grating: autoDraw = False
256.8944 	EXP 	New trial (rep=0, index=71): <Trial 71 (71 in rep 0) data={'center': 4, 'surround': 0.0, 'type': 'c+4', 'surr_type': 'noss', 'orient_opacity': 0, 'noise_opacity': 100, 'isi': 0.75, 'thisN': 71, 'thisTrialN': 71, 'thisRepN': 0}>
256.8994 	DATA 	Keypress: z
256.9052 	INFO 	Keyboard events cleared
256.9047 	EXP 	noise_3: autoDraw = False
256.9047 	EXP 	surround_grating: autoDraw = False
256.9047 	EXP 	center_grating: autoDraw = False
256.9047 	EXP 	text_2: autoDraw = False
256.9047 	EXP 	surround_grating: ori = 0.0
256.9047 	EXP 	surround_grating: sf = array([2.5, 2.5])
256.9047 	EXP 	surround_grating: phase = array([0.72543745, 0.72543745])
256.9047 	EXP 	center_grating: ori = 4.0
256.9047 	EXP 	center_grating: sf = array([2.5, 2.5])
256.9047 	EXP 	center_grating: phase = array([0.7836044, 0.7836044])
257.6415 	EXP 	noise_3: autoDraw = True
257.6415 	EXP 	surround_grating: autoDraw = True
257.6415 	EXP 	center_grating: autoDraw = True
257.7137 	EXP 	noise_3: autoDraw = False
257.7137 	EXP 	surround_grating: autoDraw = False
257.7137 	EXP 	center_grating: autoDraw = False
258.1284 	EXP 	New trial (rep=0, index=72): <Trial 72 (72 in rep 0) data={'center': -2, 'surround': -15.0, 'type': 'c-2', 'surr_type': 'negs', 'orient_opacity': 100, 'noise_opacity': 0, 'isi': 1.25, 'thisN': 72, 'thisTrialN': 72, 'thisRepN': 0}>
258.1340 	DATA 	Keypress: period
258.1401 	INFO 	Keyboard events cleared
258.1397 	EXP 	noise_3: autoDraw = False
258.1397 	EXP 	surround_grating: autoDraw = False
258.1397 	EXP 	center_grating: autoDraw = False
258.1397 	EXP 	text_2: autoDraw = False
258.1397 	EXP 	surround_grating: ori = -15.0
258.1397 	EXP 	surround_grating: sf = array([2.5, 2.5])
258.1397 	EXP 	surround_grating: phase = array([0.76864327, 0.76864327])
258.1397 	EXP 	center_grating: ori = -2.0
258.1397 	EXP 	center_grating: sf = array([2.5, 2.5])
258.1397 	EXP 	center_grating: phase = array([0.42836108, 0.42836108])
259.3750 	EXP 	noise_3: autoDraw = True
259.3750 	EXP 	surround_grating: autoDraw = True
259.3750 	EXP 	center_grating: autoDraw = True
259.4472 	EXP 	noise_3: autoDraw = False
259.4472 	EXP 	surround_grating: autoDraw = False
259.4472 	EXP 	center_grating: autoDraw = False
259.8616 	EXP 	New trial (rep=0, index=73): <Trial 73 (73 in rep 0) data={'center': 0, 'surround': 0.0, 'type': 'c+0', 'surr_type': 'noss', 'orient_opacity': 0, 'noise_opacity': 100, 'isi': 1.0, 'thisN': 73, 'thisTrialN': 73, 'thisRepN': 0}>
259.8677 	DATA 	Keypress: period
259.8739 	INFO 	Keyboard events cleared
259.8735 	EXP 	noise_3: autoDraw = False
259.8735 	EXP 	surround_grating: autoDraw = False
259.8735 	EXP 	center_grating: autoDraw = False
259.8735 	EXP 	text_2: autoDraw = False
259.8735 	EXP 	surround_grating: ori = 0.0
259.8735 	EXP 	surround_grating: sf = array([2.5, 2.5])
259.8735 	EXP 	surround_grating: phase = array([0.43429303, 0.43429303])
259.8735 	EXP 	center_grating: ori = 0.0
259.8735 	EXP 	center_grating: sf = array([2.5, 2.5])
259.8735 	EXP 	center_grating: phase = array([0.1592445, 0.1592445])
260.8584 	EXP 	noise_3: autoDraw = True
260.8584 	EXP 	surround_grating: autoDraw = True
260.8584 	EXP 	center_grating: autoDraw = True
260.9304 	EXP 	noise_3: autoDraw = False
260.9304 	EXP 	surround_grating: autoDraw = False
260.9304 	EXP 	center_grating: autoDraw = False
261.4525 	DATA 	Keypress: z
261.4596 	EXP 	New trial (rep=0, index=74): <Trial 74 (74 in rep 0) data={'center': 0, 'surround': -15.0, 'type': 'c+0', 'surr_type': 'negs', 'orient_opacity': 100, 'noise_opacity': 0, 'isi': 0.75, 'thisN': 74, 'thisTrialN': 74, 'thisRepN': 0}>
261.4673 	INFO 	Keyboard events cleared
261.4668 	EXP 	noise_3: autoDraw = False
261.4668 	EXP 	surround_grating: autoDraw = False
261.4668 	EXP 	center_grating: autoDraw = False
261.4668 	EXP 	text_2: autoDraw = False
261.4668 	EXP 	surround_grating: ori = -15.0
261.4668 	EXP 	surround_grating: sf = array([2.5, 2.5])
261.4668 	EXP 	surround_grating: phase = array([0.35227006, 0.35227006])
261.4668 	EXP 	center_grating: ori = 0.0
261.4668 	EXP 	center_grating: sf = array([2.5, 2.5])
261.4668 	EXP 	center_grating: phase = array([0.50574863, 0.50574863])
262.2006 	EXP 	noise_3: autoDraw = True
262.2006 	EXP 	surround_grating: autoDraw = True
262.2006 	EXP 	center_grating: autoDraw = True
262.2756 	EXP 	noise_3: autoDraw = False
262.2756 	EXP 	surround_grating: autoDraw = False
262.2756 	EXP 	center_grating: autoDraw = False
262.7843 	EXP 	New trial (rep=0, index=75): <Trial 75 (75 in rep 0) data={'center': -2, 'surround': 15.0, 'type': 'c-2', 'surr_type': 'poss', 'orient_opacity': 100, 'noise_opacity': 0, 'isi': 0.75, 'thisN': 75, 'thisTrialN': 75, 'thisRepN': 0}>
262.7900 	DATA 	Keypress: period
262.7954 	INFO 	Keyboard events cleared
262.7948 	EXP 	noise_3: autoDraw = False
262.7948 	EXP 	surround_grating: autoDraw = False
262.7948 	EXP 	center_grating: autoDraw = False
262.7948 	EXP 	text_2: autoDraw = False
262.7948 	EXP 	surround_grating: ori = 15.0
262.7948 	EXP 	surround_grating: sf = array([2.5, 2.5])
262.7948 	EXP 	surround_grating: phase = array([0.49371439, 0.49371439])
262.7948 	EXP 	center_grating: ori = -2.0
262.7948 	EXP 	center_grating: sf = array([2.5, 2.5])
262.7948 	EXP 	center_grating: phase = array([0.86791504, 0.86791504])
263.5352 	EXP 	noise_3: autoDraw = True
263.5352 	EXP 	surround_grating: autoDraw = True
263.5352 	EXP 	center_grating: autoDraw = True
263.6089 	EXP 	noise_3: autoDraw = False
263.6089 	EXP 	surround_grating: autoDraw = False
263.6089 	EXP 	center_grating: autoDraw = False
264.1283 	EXP 	New trial (rep=0, index=76): <Trial 76 (76 in rep 0) data={'center': 0, 'surround': -15.0, 'type': 'c+0', 'surr_type': 'negs', 'orient_opacity': 100, 'noise_opacity': 0, 'isi': 1.0, 'thisN': 76, 'thisTrialN': 76, 'thisRepN': 0}>
264.1337 	DATA 	Keypress: z
264.1395 	INFO 	Keyboard events cleared
264.1390 	EXP 	noise_3: autoDraw = False
264.1390 	EXP 	surround_grating: autoDraw = False
264.1390 	EXP 	center_grating: autoDraw = False
264.1390 	EXP 	text_2: autoDraw = False
264.1390 	EXP 	surround_grating: ori = -15.0
264.1390 	EXP 	surround_grating: sf = array([2.5, 2.5])
264.1390 	EXP 	surround_grating: phase = array([0.94634834, 0.94634834])
264.1390 	EXP 	center_grating: ori = 0.0
264.1390 	EXP 	center_grating: sf = array([2.5, 2.5])
264.1390 	EXP 	center_grating: phase = array([0.73168865, 0.73168865])
265.1252 	EXP 	noise_3: autoDraw = True
265.1252 	EXP 	surround_grating: autoDraw = True
265.1252 	EXP 	center_grating: autoDraw = True
265.1987 	EXP 	noise_3: autoDraw = False
265.1987 	EXP 	surround_grating: autoDraw = False
265.1987 	EXP 	center_grating: autoDraw = False
265.6507 	EXP 	New trial (rep=0, index=77): <Trial 77 (77 in rep 0) data={'center': 0, 'surround': -15.0, 'type': 'c+0', 'surr_type': 'negs', 'orient_opacity': 100, 'noise_opacity': 0, 'isi': 1.25, 'thisN': 77, 'thisTrialN': 77, 'thisRepN': 0}>
265.6560 	DATA 	Keypress: period
265.6621 	INFO 	Keyboard events cleared
265.6616 	EXP 	noise_3: autoDraw = False
265.6616 	EXP 	surround_grating: autoDraw = False
265.6616 	EXP 	center_grating: autoDraw = False
265.6616 	EXP 	text_2: autoDraw = False
265.6616 	EXP 	surround_grating: ori = -15.0
265.6616 	EXP 	surround_grating: sf = array([2.5, 2.5])
265.6616 	EXP 	surround_grating: phase = array([0.39211004, 0.39211004])
265.6616 	EXP 	center_grating: ori = 0.0
265.6616 	EXP 	center_grating: sf = array([2.5, 2.5])
265.6616 	EXP 	center_grating: phase = array([0.51313226, 0.51313226])
266.8995 	EXP 	noise_3: autoDraw = True
266.8995 	EXP 	surround_grating: autoDraw = True
266.8995 	EXP 	center_grating: autoDraw = True
266.9757 	EXP 	noise_3: autoDraw = False
266.9757 	EXP 	surround_grating: autoDraw = False
266.9757 	EXP 	center_grating: autoDraw = False
267.4624 	EXP 	New trial (rep=0, index=78): <Trial 78 (78 in rep 0) data={'center': -2, 'surround': 0.0, 'type': 'c-2', 'surr_type': 'noss', 'orient_opacity': 0, 'noise_opacity': 100, 'isi': 1.0, 'thisN': 78, 'thisTrialN': 78, 'thisRepN': 0}>
267.4679 	DATA 	Keypress: period
267.4738 	INFO 	Keyboard events cleared
267.4734 	EXP 	noise_3: autoDraw = False
267.4734 	EXP 	surround_grating: autoDraw = False
267.4734 	EXP 	center_grating: autoDraw = False
267.4734 	EXP 	text_2: autoDraw = False
267.4734 	EXP 	surround_grating: ori = 0.0
267.4734 	EXP 	surround_grating: sf = array([2.5, 2.5])
267.4734 	EXP 	surround_grating: phase = array([0.17861595, 0.17861595])
267.4734 	EXP 	center_grating: ori = -2.0
267.4734 	EXP 	center_grating: sf = array([2.5, 2.5])
267.4734 	EXP 	center_grating: phase = array([0.79592455, 0.79592455])
268.4590 	EXP 	noise_3: autoDraw = True
268.4590 	EXP 	surround_grating: autoDraw = True
268.4590 	EXP 	center_grating: autoDraw = True
268.5307 	EXP 	noise_3: autoDraw = False
268.5307 	EXP 	surround_grating: autoDraw = False
268.5307 	EXP 	center_grating: autoDraw = False
269.0950 	EXP 	New trial (rep=0, index=79): <Trial 79 (79 in rep 0) data={'center': 0, 'surround': 0.0, 'type': 'c+0', 'surr_type': 'noss', 'orient_opacity': 0, 'noise_opacity': 100, 'isi': 0.75, 'thisN': 79, 'thisTrialN': 79, 'thisRepN': 0}>
269.1005 	DATA 	Keypress: z
269.1064 	INFO 	Keyboard events cleared
269.1058 	EXP 	noise_3: autoDraw = False
269.1058 	EXP 	surround_grating: autoDraw = False
269.1058 	EXP 	center_grating: autoDraw = False
269.1058 	EXP 	text_2: autoDraw = False
269.1058 	EXP 	surround_grating: ori = 0.0
269.1058 	EXP 	surround_grating: sf = array([2.5, 2.5])
269.1058 	EXP 	surround_grating: phase = array([0.37346795, 0.37346795])
269.1058 	EXP 	center_grating: ori = 0.0
269.1058 	EXP 	center_grating: sf = array([2.5, 2.5])
269.1058 	EXP 	center_grating: phase = array([0.16549845, 0.16549845])
269.8421 	EXP 	noise_3: autoDraw = True
269.8421 	EXP 	surround_grating: autoDraw = True
269.8421 	EXP 	center_grating: autoDraw = True
269.9145 	EXP 	noise_3: autoDraw = False
269.9145 	EXP 	surround_grating: autoDraw = False
269.9145 	EXP 	center_grating: autoDraw = False
270.5180 	EXP 	New trial (rep=0, index=80): <Trial 80 (80 in rep 0) data={'center': 4, 'surround': 0.0, 'type': 'c+4', 'surr_type': 'noss', 'orient_opacity': 0, 'noise_opacity': 100, 'isi': 0.75, 'thisN': 80, 'thisTrialN': 80, 'thisRepN': 0}>
270.5232 	DATA 	Keypress: z
270.5289 	INFO 	Keyboard events cleared
270.5283 	EXP 	noise_3: autoDraw = False
270.5283 	EXP 	surround_grating: autoDraw = False
270.5283 	EXP 	center_grating: autoDraw = False
270.5283 	EXP 	text_2: autoDraw = False
270.5283 	EXP 	surround_grating: ori = 0.0
270.5283 	EXP 	surround_grating: sf = array([2.5, 2.5])
270.5283 	EXP 	surround_grating: phase = array([0.24720995, 0.24720995])
270.5283 	EXP 	center_grating: ori = 4.0
270.5283 	EXP 	center_grating: sf = array([2.5, 2.5])
270.5283 	EXP 	center_grating: phase = array([0.86180526, 0.86180526])
271.2680 	EXP 	noise_3: autoDraw = True
271.2680 	EXP 	surround_grating: autoDraw = True
271.2680 	EXP 	center_grating: autoDraw = True
271.3426 	EXP 	noise_3: autoDraw = False
271.3426 	EXP 	surround_grating: autoDraw = False
271.3426 	EXP 	center_grating: autoDraw = False
271.9458 	EXP 	New trial (rep=0, index=81): <Trial 81 (81 in rep 0) data={'center': -8, 'surround': -15.0, 'type': 'c-8', 'surr_type': 'negs', 'orient_opacity': 100, 'noise_opacity': 0, 'isi': 0.75, 'thisN': 81, 'thisTrialN': 81, 'thisRepN': 0}>
271.9510 	DATA 	Keypress: period
271.9572 	INFO 	Keyboard events cleared
271.9568 	EXP 	noise_3: autoDraw = False
271.9568 	EXP 	surround_grating: autoDraw = False
271.9568 	EXP 	center_grating: autoDraw = False
271.9568 	EXP 	text_2: autoDraw = False
271.9568 	EXP 	surround_grating: ori = -15.0
271.9568 	EXP 	surround_grating: sf = array([2.5, 2.5])
271.9568 	EXP 	surround_grating: phase = array([0.31821181, 0.31821181])
271.9568 	EXP 	center_grating: ori = -8.0
271.9568 	EXP 	center_grating: sf = array([2.5, 2.5])
271.9568 	EXP 	center_grating: phase = array([0.0832373, 0.0832373])
272.6922 	EXP 	noise_3: autoDraw = True
272.6922 	EXP 	surround_grating: autoDraw = True
272.6922 	EXP 	center_grating: autoDraw = True
272.7641 	EXP 	noise_3: autoDraw = False
272.7641 	EXP 	surround_grating: autoDraw = False
272.7641 	EXP 	center_grating: autoDraw = False
273.3796 	EXP 	New trial (rep=0, index=82): <Trial 82 (82 in rep 0) data={'center': -2, 'surround': 15.0, 'type': 'c-2', 'surr_type': 'poss', 'orient_opacity': 100, 'noise_opacity': 0, 'isi': 1.0, 'thisN': 82, 'thisTrialN': 82, 'thisRepN': 0}>
273.3866 	DATA 	Keypress: z
273.3925 	INFO 	Keyboard events cleared
273.3920 	EXP 	noise_3: autoDraw = False
273.3920 	EXP 	surround_grating: autoDraw = False
273.3920 	EXP 	center_grating: autoDraw = False
273.3920 	EXP 	text_2: autoDraw = False
273.3920 	EXP 	surround_grating: ori = 15.0
273.3920 	EXP 	surround_grating: sf = array([2.5, 2.5])
273.3920 	EXP 	surround_grating: phase = array([0.95116631, 0.95116631])
273.3920 	EXP 	center_grating: ori = -2.0
273.3920 	EXP 	center_grating: sf = array([2.5, 2.5])
273.3920 	EXP 	center_grating: phase = array([0.37002246, 0.37002246])
274.3756 	EXP 	noise_3: autoDraw = True
274.3756 	EXP 	surround_grating: autoDraw = True
274.3756 	EXP 	center_grating: autoDraw = True
274.4485 	EXP 	noise_3: autoDraw = False
274.4485 	EXP 	surround_grating: autoDraw = False
274.4485 	EXP 	center_grating: autoDraw = False
274.8957 	EXP 	New trial (rep=0, index=83): <Trial 83 (83 in rep 0) data={'center': -6, 'surround': -15.0, 'type': 'c-6', 'surr_type': 'negs', 'orient_opacity': 100, 'noise_opacity': 0, 'isi': 0.5, 'thisN': 83, 'thisTrialN': 83, 'thisRepN': 0}>
274.9011 	DATA 	Keypress: z
274.9070 	INFO 	Keyboard events cleared
274.9066 	EXP 	noise_3: autoDraw = False
274.9066 	EXP 	surround_grating: autoDraw = False
274.9066 	EXP 	center_grating: autoDraw = False
274.9066 	EXP 	text_2: autoDraw = False
274.9066 	EXP 	surround_grating: ori = -15.0
274.9066 	EXP 	surround_grating: sf = array([2.5, 2.5])
274.9066 	EXP 	surround_grating: phase = array([0.71726607, 0.71726607])
274.9066 	EXP 	center_grating: ori = -6.0
274.9066 	EXP 	center_grating: sf = array([2.5, 2.5])
274.9066 	EXP 	center_grating: phase = array([0.71892799, 0.71892799])
275.3923 	EXP 	noise_3: autoDraw = True
275.3923 	EXP 	surround_grating: autoDraw = True
275.3923 	EXP 	center_grating: autoDraw = True
275.4656 	EXP 	noise_3: autoDraw = False
275.4656 	EXP 	surround_grating: autoDraw = False
275.4656 	EXP 	center_grating: autoDraw = False
276.0507 	EXP 	New trial (rep=0, index=84): <Trial 84 (84 in rep 0) data={'center': 0, 'surround': 0.0, 'type': 'c+0', 'surr_type': 'noss', 'orient_opacity': 0, 'noise_opacity': 100, 'isi': 1.25, 'thisN': 84, 'thisTrialN': 84, 'thisRepN': 0}>
276.0558 	DATA 	Keypress: z
276.0619 	INFO 	Keyboard events cleared
276.0614 	EXP 	noise_3: autoDraw = False
276.0614 	EXP 	surround_grating: autoDraw = False
276.0614 	EXP 	center_grating: autoDraw = False
276.0614 	EXP 	text_2: autoDraw = False
276.0614 	EXP 	surround_grating: ori = 0.0
276.0614 	EXP 	surround_grating: sf = array([2.5, 2.5])
276.0614 	EXP 	surround_grating: phase = array([0.39594333, 0.39594333])
276.0614 	EXP 	center_grating: ori = 0.0
276.0614 	EXP 	center_grating: sf = array([2.5, 2.5])
276.0614 	EXP 	center_grating: phase = array([0.19201696, 0.19201696])
277.3015 	EXP 	noise_3: autoDraw = True
277.3015 	EXP 	surround_grating: autoDraw = True
277.3015 	EXP 	center_grating: autoDraw = True
277.3761 	EXP 	noise_3: autoDraw = False
277.3761 	EXP 	surround_grating: autoDraw = False
277.3761 	EXP 	center_grating: autoDraw = False
277.7962 	EXP 	New trial (rep=0, index=85): <Trial 85 (85 in rep 0) data={'center': -4, 'surround': 0.0, 'type': 'c-4', 'surr_type': 'noss', 'orient_opacity': 0, 'noise_opacity': 100, 'isi': 1.25, 'thisN': 85, 'thisTrialN': 85, 'thisRepN': 0}>
277.8027 	DATA 	Keypress: period
277.8090 	INFO 	Keyboard events cleared
277.8085 	EXP 	noise_3: autoDraw = False
277.8085 	EXP 	surround_grating: autoDraw = False
277.8085 	EXP 	center_grating: autoDraw = False
277.8085 	EXP 	text_2: autoDraw = False
277.8085 	EXP 	surround_grating: ori = 0.0
277.8085 	EXP 	surround_grating: sf = array([2.5, 2.5])
277.8085 	EXP 	surround_grating: phase = array([0.350399, 0.350399])
277.8085 	EXP 	center_grating: ori = -4.0
277.8085 	EXP 	center_grating: sf = array([2.5, 2.5])
277.8085 	EXP 	center_grating: phase = array([0.39154734, 0.39154734])
279.0423 	EXP 	noise_3: autoDraw = True
279.0423 	EXP 	surround_grating: autoDraw = True
279.0423 	EXP 	center_grating: autoDraw = True
279.1146 	EXP 	noise_3: autoDraw = False
279.1146 	EXP 	surround_grating: autoDraw = False
279.1146 	EXP 	center_grating: autoDraw = False
279.7294 	EXP 	New trial (rep=0, index=86): <Trial 86 (86 in rep 0) data={'center': 0, 'surround': 0.0, 'type': 'c+0', 'surr_type': 'noss', 'orient_opacity': 0, 'noise_opacity': 100, 'isi': 0.75, 'thisN': 86, 'thisTrialN': 86, 'thisRepN': 0}>
279.7357 	DATA 	Keypress: z
279.7422 	INFO 	Keyboard events cleared
279.7416 	EXP 	noise_3: autoDraw = False
279.7416 	EXP 	surround_grating: autoDraw = False
279.7416 	EXP 	center_grating: autoDraw = False
279.7416 	EXP 	text_2: autoDraw = False
279.7416 	EXP 	surround_grating: ori = 0.0
279.7416 	EXP 	surround_grating: sf = array([2.5, 2.5])
279.7416 	EXP 	surround_grating: phase = array([0.0220573, 0.0220573])
279.7416 	EXP 	center_grating: ori = 0.0
279.7416 	EXP 	center_grating: sf = array([2.5, 2.5])
279.7416 	EXP 	center_grating: phase = array([0.61243506, 0.61243506])
280.4758 	EXP 	noise_3: autoDraw = True
280.4758 	EXP 	surround_grating: autoDraw = True
280.4758 	EXP 	center_grating: autoDraw = True
280.5481 	EXP 	noise_3: autoDraw = False
280.5481 	EXP 	surround_grating: autoDraw = False
280.5481 	EXP 	center_grating: autoDraw = False
281.0175 	EXP 	New trial (rep=0, index=87): <Trial 87 (87 in rep 0) data={'center': 2, 'surround': 0.0, 'type': 'c+2', 'surr_type': 'noss', 'orient_opacity': 0, 'noise_opacity': 100, 'isi': 0.75, 'thisN': 87, 'thisTrialN': 87, 'thisRepN': 0}>
281.0226 	DATA 	Keypress: period
281.0290 	INFO 	Keyboard events cleared
281.0286 	EXP 	noise_3: autoDraw = False
281.0286 	EXP 	surround_grating: autoDraw = False
281.0286 	EXP 	center_grating: autoDraw = False
281.0286 	EXP 	text_2: autoDraw = False
281.0286 	EXP 	surround_grating: ori = 0.0
281.0286 	EXP 	surround_grating: sf = array([2.5, 2.5])
281.0286 	EXP 	surround_grating: phase = array([0.47299351, 0.47299351])
281.0286 	EXP 	center_grating: ori = 2.0
281.0286 	EXP 	center_grating: sf = array([2.5, 2.5])
281.0286 	EXP 	center_grating: phase = array([0.01048279, 0.01048279])
281.7688 	EXP 	noise_3: autoDraw = True
281.7688 	EXP 	surround_grating: autoDraw = True
281.7688 	EXP 	center_grating: autoDraw = True
281.8432 	EXP 	noise_3: autoDraw = False
281.8432 	EXP 	surround_grating: autoDraw = False
281.8432 	EXP 	center_grating: autoDraw = False
282.3805 	EXP 	New trial (rep=0, index=88): <Trial 88 (88 in rep 0) data={'center': -8, 'surround': -15.0, 'type': 'c-8', 'surr_type': 'negs', 'orient_opacity': 100, 'noise_opacity': 0, 'isi': 1.25, 'thisN': 88, 'thisTrialN': 88, 'thisRepN': 0}>
282.3859 	DATA 	Keypress: period
282.3919 	INFO 	Keyboard events cleared
282.3914 	EXP 	noise_3: autoDraw = False
282.3914 	EXP 	surround_grating: autoDraw = False
282.3914 	EXP 	center_grating: autoDraw = False
282.3914 	EXP 	text_2: autoDraw = False
282.3914 	EXP 	surround_grating: ori = -15.0
282.3914 	EXP 	surround_grating: sf = array([2.5, 2.5])
282.3914 	EXP 	surround_grating: phase = array([0.8550064, 0.8550064])
282.3914 	EXP 	center_grating: ori = -8.0
282.3914 	EXP 	center_grating: sf = array([2.5, 2.5])
282.3914 	EXP 	center_grating: phase = array([0.01775083, 0.01775083])
283.6259 	EXP 	noise_3: autoDraw = True
283.6259 	EXP 	surround_grating: autoDraw = True
283.6259 	EXP 	center_grating: autoDraw = True
283.6977 	EXP 	noise_3: autoDraw = False
283.6977 	EXP 	surround_grating: autoDraw = False
283.6977 	EXP 	center_grating: autoDraw = False
284.3355 	EXP 	New trial (rep=0, index=89): <Trial 89 (89 in rep 0) data={'center': 0, 'surround': 0.0, 'type': 'c+0', 'surr_type': 'noss', 'orient_opacity': 0, 'noise_opacity': 100, 'isi': 0.75, 'thisN': 89, 'thisTrialN': 89, 'thisRepN': 0}>
284.3409 	DATA 	Keypress: period
284.3465 	INFO 	Keyboard events cleared
284.3458 	EXP 	noise_3: autoDraw = False
284.3458 	EXP 	surround_grating: autoDraw = False
284.3458 	EXP 	center_grating: autoDraw = False
284.3458 	EXP 	text_2: autoDraw = False
284.3458 	EXP 	surround_grating: ori = 0.0
284.3458 	EXP 	surround_grating: sf = array([2.5, 2.5])
284.3458 	EXP 	surround_grating: phase = array([0.22451247, 0.22451247])
284.3458 	EXP 	center_grating: ori = 0.0
284.3458 	EXP 	center_grating: sf = array([2.5, 2.5])
284.3458 	EXP 	center_grating: phase = array([0.31957055, 0.31957055])
285.0837 	EXP 	noise_3: autoDraw = True
285.0837 	EXP 	surround_grating: autoDraw = True
285.0837 	EXP 	center_grating: autoDraw = True
285.1597 	EXP 	noise_3: autoDraw = False
285.1597 	EXP 	surround_grating: autoDraw = False
285.1597 	EXP 	center_grating: autoDraw = False
285.6794 	EXP 	New trial (rep=0, index=90): <Trial 90 (90 in rep 0) data={'center': 2, 'surround': -15.0, 'type': 'c+2', 'surr_type': 'negs', 'orient_opacity': 100, 'noise_opacity': 0, 'isi': 0.75, 'thisN': 90, 'thisTrialN': 90, 'thisRepN': 0}>
285.6852 	DATA 	Keypress: z
285.6910 	INFO 	Keyboard events cleared
285.6904 	EXP 	noise_3: autoDraw = False
285.6904 	EXP 	surround_grating: autoDraw = False
285.6904 	EXP 	center_grating: autoDraw = False
285.6904 	EXP 	text_2: autoDraw = False
285.6904 	EXP 	surround_grating: ori = -15.0
285.6904 	EXP 	surround_grating: sf = array([2.5, 2.5])
285.6904 	EXP 	surround_grating: phase = array([0.38403217, 0.38403217])
285.6904 	EXP 	center_grating: ori = 2.0
285.6904 	EXP 	center_grating: sf = array([2.5, 2.5])
285.6904 	EXP 	center_grating: phase = array([0.43003176, 0.43003176])
286.4260 	EXP 	noise_3: autoDraw = True
286.4260 	EXP 	surround_grating: autoDraw = True
286.4260 	EXP 	center_grating: autoDraw = True
286.4978 	EXP 	noise_3: autoDraw = False
286.4978 	EXP 	surround_grating: autoDraw = False
286.4978 	EXP 	center_grating: autoDraw = False
287.0130 	EXP 	New trial (rep=0, index=91): <Trial 91 (91 in rep 0) data={'center': 8, 'surround': 15.0, 'type': 'c+8', 'surr_type': 'poss', 'orient_opacity': 100, 'noise_opacity': 0, 'isi': 0.5, 'thisN': 91, 'thisTrialN': 91, 'thisRepN': 0}>
287.0183 	DATA 	Keypress: period
287.0242 	INFO 	Keyboard events cleared
287.0237 	EXP 	noise_3: autoDraw = False
287.0237 	EXP 	surround_grating: autoDraw = False
287.0237 	EXP 	center_grating: autoDraw = False
287.0237 	EXP 	text_2: autoDraw = False
287.0237 	EXP 	surround_grating: ori = 15.0
287.0237 	EXP 	surround_grating: sf = array([2.5, 2.5])
287.0237 	EXP 	surround_grating: phase = array([0.10977109, 0.10977109])
287.0237 	EXP 	center_grating: ori = 8.0
287.0237 	EXP 	center_grating: sf = array([2.5, 2.5])
287.0237 	EXP 	center_grating: phase = array([0.62687458, 0.62687458])
287.5094 	EXP 	noise_3: autoDraw = True
287.5094 	EXP 	surround_grating: autoDraw = True
287.5094 	EXP 	center_grating: autoDraw = True
287.5800 	EXP 	noise_3: autoDraw = False
287.5800 	EXP 	surround_grating: autoDraw = False
287.5800 	EXP 	center_grating: autoDraw = False
288.4132 	EXP 	New trial (rep=0, index=92): <Trial 92 (92 in rep 0) data={'center': -4, 'surround': 0.0, 'type': 'c-4', 'surr_type': 'noss', 'orient_opacity': 0, 'noise_opacity': 100, 'isi': 1.0, 'thisN': 92, 'thisTrialN': 92, 'thisRepN': 0}>
288.4186 	DATA 	Keypress: period
288.4247 	INFO 	Keyboard events cleared
288.4242 	EXP 	noise_3: autoDraw = False
288.4242 	EXP 	surround_grating: autoDraw = False
288.4242 	EXP 	center_grating: autoDraw = False
288.4242 	EXP 	text_2: autoDraw = False
288.4242 	EXP 	surround_grating: ori = 0.0
288.4242 	EXP 	surround_grating: sf = array([2.5, 2.5])
288.4242 	EXP 	surround_grating: phase = array([0.72840963, 0.72840963])
288.4242 	EXP 	center_grating: ori = -4.0
288.4242 	EXP 	center_grating: sf = array([2.5, 2.5])
288.4242 	EXP 	center_grating: phase = array([0.18124577, 0.18124577])
289.4094 	EXP 	noise_3: autoDraw = True
289.4094 	EXP 	surround_grating: autoDraw = True
289.4094 	EXP 	center_grating: autoDraw = True
289.4831 	EXP 	noise_3: autoDraw = False
289.4831 	EXP 	surround_grating: autoDraw = False
289.4831 	EXP 	center_grating: autoDraw = False
289.9460 	EXP 	New trial (rep=0, index=93): <Trial 93 (93 in rep 0) data={'center': 2, 'surround': 15.0, 'type': 'c+2', 'surr_type': 'poss', 'orient_opacity': 100, 'noise_opacity': 0, 'isi': 0.5, 'thisN': 93, 'thisTrialN': 93, 'thisRepN': 0}>
289.9512 	DATA 	Keypress: z
289.9574 	INFO 	Keyboard events cleared
289.9569 	EXP 	noise_3: autoDraw = False
289.9569 	EXP 	surround_grating: autoDraw = False
289.9569 	EXP 	center_grating: autoDraw = False
289.9569 	EXP 	text_2: autoDraw = False
289.9569 	EXP 	surround_grating: ori = 15.0
289.9569 	EXP 	surround_grating: sf = array([2.5, 2.5])
289.9569 	EXP 	surround_grating: phase = array([0.00294514, 0.00294514])
289.9569 	EXP 	center_grating: ori = 2.0
289.9569 	EXP 	center_grating: sf = array([2.5, 2.5])
289.9569 	EXP 	center_grating: phase = array([0.49100767, 0.49100767])
290.4428 	EXP 	noise_3: autoDraw = True
290.4428 	EXP 	surround_grating: autoDraw = True
290.4428 	EXP 	center_grating: autoDraw = True
290.5157 	EXP 	noise_3: autoDraw = False
290.5157 	EXP 	surround_grating: autoDraw = False
290.5157 	EXP 	center_grating: autoDraw = False
291.0851 	EXP 	New trial (rep=0, index=94): <Trial 94 (94 in rep 0) data={'center': -2, 'surround': 0.0, 'type': 'c-2', 'surr_type': 'noss', 'orient_opacity': 0, 'noise_opacity': 100, 'isi': 1.25, 'thisN': 94, 'thisTrialN': 94, 'thisRepN': 0}>
291.0903 	DATA 	Keypress: z
291.0960 	INFO 	Keyboard events cleared
291.0955 	EXP 	noise_3: autoDraw = False
291.0955 	EXP 	surround_grating: autoDraw = False
291.0955 	EXP 	center_grating: autoDraw = False
291.0955 	EXP 	text_2: autoDraw = False
291.0955 	EXP 	surround_grating: ori = 0.0
291.0955 	EXP 	surround_grating: sf = array([2.5, 2.5])
291.0955 	EXP 	surround_grating: phase = array([0.20154674, 0.20154674])
291.0955 	EXP 	center_grating: ori = -2.0
291.0955 	EXP 	center_grating: sf = array([2.5, 2.5])
291.0955 	EXP 	center_grating: phase = array([0.06606945, 0.06606945])
292.3358 	EXP 	noise_3: autoDraw = True
292.3358 	EXP 	surround_grating: autoDraw = True
292.3358 	EXP 	center_grating: autoDraw = True
292.4100 	EXP 	noise_3: autoDraw = False
292.4100 	EXP 	surround_grating: autoDraw = False
292.4100 	EXP 	center_grating: autoDraw = False
293.1295 	EXP 	New trial (rep=0, index=95): <Trial 95 (95 in rep 0) data={'center': -2, 'surround': 0.0, 'type': 'c-2', 'surr_type': 'noss', 'orient_opacity': 0, 'noise_opacity': 100, 'isi': 1.25, 'thisN': 95, 'thisTrialN': 95, 'thisRepN': 0}>
293.1355 	DATA 	Keypress: period
293.1419 	INFO 	Keyboard events cleared
293.1413 	EXP 	noise_3: autoDraw = False
293.1413 	EXP 	surround_grating: autoDraw = False
293.1413 	EXP 	center_grating: autoDraw = False
293.1413 	EXP 	text_2: autoDraw = False
293.1413 	EXP 	surround_grating: ori = 0.0
293.1413 	EXP 	surround_grating: sf = array([2.5, 2.5])
293.1413 	EXP 	surround_grating: phase = array([0.10414213, 0.10414213])
293.1413 	EXP 	center_grating: ori = -2.0
293.1413 	EXP 	center_grating: sf = array([2.5, 2.5])
293.1413 	EXP 	center_grating: phase = array([0.43469484, 0.43469484])
294.3763 	EXP 	noise_3: autoDraw = True
294.3763 	EXP 	surround_grating: autoDraw = True
294.3763 	EXP 	center_grating: autoDraw = True
294.4486 	EXP 	noise_3: autoDraw = False
294.4486 	EXP 	surround_grating: autoDraw = False
294.4486 	EXP 	center_grating: autoDraw = False
294.9846 	EXP 	New trial (rep=0, index=96): <Trial 96 (96 in rep 0) data={'center': 2, 'surround': 15.0, 'type': 'c+2', 'surr_type': 'poss', 'orient_opacity': 100, 'noise_opacity': 0, 'isi': 1.0, 'thisN': 96, 'thisTrialN': 96, 'thisRepN': 0}>
294.9901 	DATA 	Keypress: z
294.9962 	INFO 	Keyboard events cleared
294.9958 	EXP 	noise_3: autoDraw = False
294.9958 	EXP 	surround_grating: autoDraw = False
294.9958 	EXP 	center_grating: autoDraw = False
294.9958 	EXP 	text_2: autoDraw = False
294.9958 	EXP 	surround_grating: ori = 15.0
294.9958 	EXP 	surround_grating: sf = array([2.5, 2.5])
294.9958 	EXP 	surround_grating: phase = array([0.52091386, 0.52091386])
294.9958 	EXP 	center_grating: ori = 2.0
294.9958 	EXP 	center_grating: sf = array([2.5, 2.5])
294.9958 	EXP 	center_grating: phase = array([0.52839417, 0.52839417])
295.9858 	EXP 	noise_3: autoDraw = True
295.9858 	EXP 	surround_grating: autoDraw = True
295.9858 	EXP 	center_grating: autoDraw = True
296.0603 	EXP 	noise_3: autoDraw = False
296.0603 	EXP 	surround_grating: autoDraw = False
296.0603 	EXP 	center_grating: autoDraw = False
296.5128 	EXP 	New trial (rep=0, index=97): <Trial 97 (97 in rep 0) data={'center': 2, 'surround': 15.0, 'type': 'c+2', 'surr_type': 'poss', 'orient_opacity': 100, 'noise_opacity': 0, 'isi': 1.0, 'thisN': 97, 'thisTrialN': 97, 'thisRepN': 0}>
296.5178 	DATA 	Keypress: z
296.5237 	INFO 	Keyboard events cleared
296.5232 	EXP 	noise_3: autoDraw = False
296.5232 	EXP 	surround_grating: autoDraw = False
296.5232 	EXP 	center_grating: autoDraw = False
296.5232 	EXP 	text_2: autoDraw = False
296.5232 	EXP 	surround_grating: ori = 15.0
296.5232 	EXP 	surround_grating: sf = array([2.5, 2.5])
296.5232 	EXP 	surround_grating: phase = array([0.27000127, 0.27000127])
296.5232 	EXP 	center_grating: ori = 2.0
296.5232 	EXP 	center_grating: sf = array([2.5, 2.5])
296.5232 	EXP 	center_grating: phase = array([0.36873452, 0.36873452])
297.5096 	EXP 	noise_3: autoDraw = True
297.5096 	EXP 	surround_grating: autoDraw = True
297.5096 	EXP 	center_grating: autoDraw = True
297.5817 	EXP 	noise_3: autoDraw = False
297.5817 	EXP 	surround_grating: autoDraw = False
297.5817 	EXP 	center_grating: autoDraw = False
298.2130 	EXP 	New trial (rep=0, index=98): <Trial 98 (98 in rep 0) data={'center': -2, 'surround': 15.0, 'type': 'c-2', 'surr_type': 'poss', 'orient_opacity': 100, 'noise_opacity': 0, 'isi': 0.75, 'thisN': 98, 'thisTrialN': 98, 'thisRepN': 0}>
298.2184 	DATA 	Keypress: z
298.2247 	INFO 	Keyboard events cleared
298.2240 	EXP 	noise_3: autoDraw = False
298.2240 	EXP 	surround_grating: autoDraw = False
298.2240 	EXP 	center_grating: autoDraw = False
298.2240 	EXP 	text_2: autoDraw = False
298.2240 	EXP 	surround_grating: ori = 15.0
298.2240 	EXP 	surround_grating: sf = array([2.5, 2.5])
298.2240 	EXP 	surround_grating: phase = array([0.90957054, 0.90957054])
298.2240 	EXP 	center_grating: ori = -2.0
298.2240 	EXP 	center_grating: sf = array([2.5, 2.5])
298.2240 	EXP 	center_grating: phase = array([0.91828745, 0.91828745])
298.9588 	EXP 	noise_3: autoDraw = True
298.9588 	EXP 	surround_grating: autoDraw = True
298.9588 	EXP 	center_grating: autoDraw = True
299.0323 	EXP 	noise_3: autoDraw = False
299.0323 	EXP 	surround_grating: autoDraw = False
299.0323 	EXP 	center_grating: autoDraw = False
299.6692 	EXP 	New trial (rep=0, index=99): <Trial 99 (99 in rep 0) data={'center': -8, 'surround': -15.0, 'type': 'c-8', 'surr_type': 'negs', 'orient_opacity': 100, 'noise_opacity': 0, 'isi': 0.5, 'thisN': 99, 'thisTrialN': 99, 'thisRepN': 0}>
299.6744 	DATA 	Keypress: z
299.6796 	INFO 	Keyboard events cleared
299.6791 	EXP 	noise_3: autoDraw = False
299.6791 	EXP 	surround_grating: autoDraw = False
299.6791 	EXP 	center_grating: autoDraw = False
299.6791 	EXP 	text_2: autoDraw = False
299.6791 	EXP 	surround_grating: ori = -15.0
299.6791 	EXP 	surround_grating: sf = array([2.5, 2.5])
299.6791 	EXP 	surround_grating: phase = array([0.32839431, 0.32839431])
299.6791 	EXP 	center_grating: ori = -8.0
299.6791 	EXP 	center_grating: sf = array([2.5, 2.5])
299.6791 	EXP 	center_grating: phase = array([0.5641564, 0.5641564])
300.1690 	EXP 	noise_3: autoDraw = True
300.1690 	EXP 	surround_grating: autoDraw = True
300.1690 	EXP 	center_grating: autoDraw = True
300.2437 	EXP 	noise_3: autoDraw = False
300.2437 	EXP 	surround_grating: autoDraw = False
300.2437 	EXP 	center_grating: autoDraw = False
300.8630 	EXP 	New trial (rep=0, index=100): <Trial 100 (100 in rep 0) data={'center': 4, 'surround': 15.0, 'type': 'c+4', 'surr_type': 'poss', 'orient_opacity': 100, 'noise_opacity': 0, 'isi': 1.0, 'thisN': 100, 'thisTrialN': 100, 'thisRepN': 0}>
300.8681 	DATA 	Keypress: z
300.8744 	INFO 	Keyboard events cleared
300.8738 	EXP 	noise_3: autoDraw = False
300.8738 	EXP 	surround_grating: autoDraw = False
300.8738 	EXP 	center_grating: autoDraw = False
300.8738 	EXP 	text_2: autoDraw = False
300.8738 	EXP 	surround_grating: ori = 15.0
300.8738 	EXP 	surround_grating: sf = array([2.5, 2.5])
300.8738 	EXP 	surround_grating: phase = array([0.74986963, 0.74986963])
300.8738 	EXP 	center_grating: ori = 4.0
300.8738 	EXP 	center_grating: sf = array([2.5, 2.5])
300.8738 	EXP 	center_grating: phase = array([0.5610858, 0.5610858])
301.8599 	EXP 	noise_3: autoDraw = True
301.8599 	EXP 	surround_grating: autoDraw = True
301.8599 	EXP 	center_grating: autoDraw = True
301.9318 	EXP 	noise_3: autoDraw = False
301.9318 	EXP 	surround_grating: autoDraw = False
301.9318 	EXP 	center_grating: autoDraw = False
302.4127 	EXP 	New trial (rep=0, index=101): <Trial 101 (101 in rep 0) data={'center': -6, 'surround': -15.0, 'type': 'c-6', 'surr_type': 'negs', 'orient_opacity': 100, 'noise_opacity': 0, 'isi': 1.25, 'thisN': 101, 'thisTrialN': 101, 'thisRepN': 0}>
302.4178 	DATA 	Keypress: period
302.4239 	INFO 	Keyboard events cleared
302.4233 	EXP 	noise_3: autoDraw = False
302.4233 	EXP 	surround_grating: autoDraw = False
302.4233 	EXP 	center_grating: autoDraw = False
302.4233 	EXP 	text_2: autoDraw = False
302.4233 	EXP 	surround_grating: ori = -15.0
302.4233 	EXP 	surround_grating: sf = array([2.5, 2.5])
302.4233 	EXP 	surround_grating: phase = array([0.65331833, 0.65331833])
302.4233 	EXP 	center_grating: ori = -6.0
302.4233 	EXP 	center_grating: sf = array([2.5, 2.5])
302.4233 	EXP 	center_grating: phase = array([0.24433367, 0.24433367])
303.6599 	EXP 	noise_3: autoDraw = True
303.6599 	EXP 	surround_grating: autoDraw = True
303.6599 	EXP 	center_grating: autoDraw = True
303.7317 	EXP 	noise_3: autoDraw = False
303.7317 	EXP 	surround_grating: autoDraw = False
303.7317 	EXP 	center_grating: autoDraw = False
304.3191 	EXP 	New trial (rep=0, index=102): <Trial 102 (102 in rep 0) data={'center': -6, 'surround': -15.0, 'type': 'c-6', 'surr_type': 'negs', 'orient_opacity': 100, 'noise_opacity': 0, 'isi': 0.75, 'thisN': 102, 'thisTrialN': 102, 'thisRepN': 0}>
304.3243 	DATA 	Keypress: z
304.3302 	INFO 	Keyboard events cleared
304.3297 	EXP 	noise_3: autoDraw = False
304.3297 	EXP 	surround_grating: autoDraw = False
304.3297 	EXP 	center_grating: autoDraw = False
304.3297 	EXP 	text_2: autoDraw = False
304.3297 	EXP 	surround_grating: ori = -15.0
304.3297 	EXP 	surround_grating: sf = array([2.5, 2.5])
304.3297 	EXP 	surround_grating: phase = array([0.90131604, 0.90131604])
304.3297 	EXP 	center_grating: ori = -6.0
304.3297 	EXP 	center_grating: sf = array([2.5, 2.5])
304.3297 	EXP 	center_grating: phase = array([0.14812958, 0.14812958])
305.0695 	EXP 	noise_3: autoDraw = True
305.0695 	EXP 	surround_grating: autoDraw = True
305.0695 	EXP 	center_grating: autoDraw = True
305.1440 	EXP 	noise_3: autoDraw = False
305.1440 	EXP 	surround_grating: autoDraw = False
305.1440 	EXP 	center_grating: autoDraw = False
305.6798 	EXP 	New trial (rep=0, index=103): <Trial 103 (103 in rep 0) data={'center': 4, 'surround': 0.0, 'type': 'c+4', 'surr_type': 'noss', 'orient_opacity': 0, 'noise_opacity': 100, 'isi': 1.25, 'thisN': 103, 'thisTrialN': 103, 'thisRepN': 0}>
305.6854 	DATA 	Keypress: z
305.6913 	INFO 	Keyboard events cleared
305.6908 	EXP 	noise_3: autoDraw = False
305.6908 	EXP 	surround_grating: autoDraw = False
305.6908 	EXP 	center_grating: autoDraw = False
305.6908 	EXP 	text_2: autoDraw = False
305.6908 	EXP 	surround_grating: ori = 0.0
305.6908 	EXP 	surround_grating: sf = array([2.5, 2.5])
305.6908 	EXP 	surround_grating: phase = array([0.63490857, 0.63490857])
305.6908 	EXP 	center_grating: ori = 4.0
305.6908 	EXP 	center_grating: sf = array([2.5, 2.5])
305.6908 	EXP 	center_grating: phase = array([0.65567451, 0.65567451])
306.9259 	EXP 	noise_3: autoDraw = True
306.9259 	EXP 	surround_grating: autoDraw = True
306.9259 	EXP 	center_grating: autoDraw = True
306.9990 	EXP 	noise_3: autoDraw = False
306.9990 	EXP 	surround_grating: autoDraw = False
306.9990 	EXP 	center_grating: autoDraw = False
307.4634 	EXP 	New trial (rep=0, index=104): <Trial 104 (104 in rep 0) data={'center': -2, 'surround': -15.0, 'type': 'c-2', 'surr_type': 'negs', 'orient_opacity': 100, 'noise_opacity': 0, 'isi': 1.25, 'thisN': 104, 'thisTrialN': 104, 'thisRepN': 0}>
307.4691 	DATA 	Keypress: period
307.4750 	INFO 	Keyboard events cleared
307.4745 	EXP 	noise_3: autoDraw = False
307.4745 	EXP 	surround_grating: autoDraw = False
307.4745 	EXP 	center_grating: autoDraw = False
307.4745 	EXP 	text_2: autoDraw = False
307.4745 	EXP 	surround_grating: ori = -15.0
307.4745 	EXP 	surround_grating: sf = array([2.5, 2.5])
307.4745 	EXP 	surround_grating: phase = array([0.04715129, 0.04715129])
307.4745 	EXP 	center_grating: ori = -2.0
307.4745 	EXP 	center_grating: sf = array([2.5, 2.5])
307.4745 	EXP 	center_grating: phase = array([0.24677359, 0.24677359])
308.7095 	EXP 	noise_3: autoDraw = True
308.7095 	EXP 	surround_grating: autoDraw = True
308.7095 	EXP 	center_grating: autoDraw = True
308.7822 	EXP 	noise_3: autoDraw = False
308.7822 	EXP 	surround_grating: autoDraw = False
308.7822 	EXP 	center_grating: autoDraw = False
309.2839 	DATA 	Keypress: period
309.2908 	EXP 	New trial (rep=0, index=105): <Trial 105 (105 in rep 0) data={'center': 4, 'surround': 15.0, 'type': 'c+4', 'surr_type': 'poss', 'orient_opacity': 100, 'noise_opacity': 0, 'isi': 0.5, 'thisN': 105, 'thisTrialN': 105, 'thisRepN': 0}>
309.2977 	INFO 	Keyboard events cleared
309.2971 	EXP 	noise_3: autoDraw = False
309.2971 	EXP 	surround_grating: autoDraw = False
309.2971 	EXP 	center_grating: autoDraw = False
309.2971 	EXP 	text_2: autoDraw = False
309.2971 	EXP 	surround_grating: ori = 15.0
309.2971 	EXP 	surround_grating: sf = array([2.5, 2.5])
309.2971 	EXP 	surround_grating: phase = array([0.98274867, 0.98274867])
309.2971 	EXP 	center_grating: ori = 4.0
309.2971 	EXP 	center_grating: sf = array([2.5, 2.5])
309.2971 	EXP 	center_grating: phase = array([0.52503107, 0.52503107])
309.7868 	EXP 	noise_3: autoDraw = True
309.7868 	EXP 	surround_grating: autoDraw = True
309.7868 	EXP 	center_grating: autoDraw = True
309.8607 	EXP 	noise_3: autoDraw = False
309.8607 	EXP 	surround_grating: autoDraw = False
309.8607 	EXP 	center_grating: autoDraw = False
310.4967 	EXP 	New trial (rep=0, index=106): <Trial 106 (106 in rep 0) data={'center': 0, 'surround': 0.0, 'type': 'c+0', 'surr_type': 'noss', 'orient_opacity': 0, 'noise_opacity': 100, 'isi': 0.75, 'thisN': 106, 'thisTrialN': 106, 'thisRepN': 0}>
310.5030 	DATA 	Keypress: period
310.5090 	INFO 	Keyboard events cleared
310.5085 	EXP 	noise_3: autoDraw = False
310.5085 	EXP 	surround_grating: autoDraw = False
310.5085 	EXP 	center_grating: autoDraw = False
310.5085 	EXP 	text_2: autoDraw = False
310.5085 	EXP 	surround_grating: ori = 0.0
310.5085 	EXP 	surround_grating: sf = array([2.5, 2.5])
310.5085 	EXP 	surround_grating: phase = array([0.83364484, 0.83364484])
310.5085 	EXP 	center_grating: ori = 0.0
310.5085 	EXP 	center_grating: sf = array([2.5, 2.5])
310.5085 	EXP 	center_grating: phase = array([0.69404025, 0.69404025])
311.2436 	EXP 	noise_3: autoDraw = True
311.2436 	EXP 	surround_grating: autoDraw = True
311.2436 	EXP 	center_grating: autoDraw = True
311.3160 	EXP 	noise_3: autoDraw = False
311.3160 	EXP 	surround_grating: autoDraw = False
311.3160 	EXP 	center_grating: autoDraw = False
311.7314 	EXP 	New trial (rep=0, index=107): <Trial 107 (107 in rep 0) data={'center': 0, 'surround': 0.0, 'type': 'c+0', 'surr_type': 'noss', 'orient_opacity': 0, 'noise_opacity': 100, 'isi': 1.25, 'thisN': 107, 'thisTrialN': 107, 'thisRepN': 0}>
311.7370 	DATA 	Keypress: z
311.7433 	INFO 	Keyboard events cleared
311.7429 	EXP 	noise_3: autoDraw = False
311.7429 	EXP 	surround_grating: autoDraw = False
311.7429 	EXP 	center_grating: autoDraw = False
311.7429 	EXP 	text_2: autoDraw = False
311.7429 	EXP 	surround_grating: ori = 0.0
311.7429 	EXP 	surround_grating: sf = array([2.5, 2.5])
311.7429 	EXP 	surround_grating: phase = array([0.01035705, 0.01035705])
311.7429 	EXP 	center_grating: ori = 0.0
311.7429 	EXP 	center_grating: sf = array([2.5, 2.5])
311.7429 	EXP 	center_grating: phase = array([0.52270397, 0.52270397])
312.9770 	EXP 	noise_3: autoDraw = True
312.9770 	EXP 	surround_grating: autoDraw = True
312.9770 	EXP 	center_grating: autoDraw = True
313.0499 	EXP 	noise_3: autoDraw = False
313.0499 	EXP 	surround_grating: autoDraw = False
313.0499 	EXP 	center_grating: autoDraw = False
313.4632 	EXP 	New trial (rep=0, index=108): <Trial 108 (108 in rep 0) data={'center': -2, 'surround': -15.0, 'type': 'c-2', 'surr_type': 'negs', 'orient_opacity': 100, 'noise_opacity': 0, 'isi': 1.25, 'thisN': 108, 'thisTrialN': 108, 'thisRepN': 0}>
313.4683 	DATA 	Keypress: z
313.4746 	INFO 	Keyboard events cleared
313.4740 	EXP 	noise_3: autoDraw = False
313.4740 	EXP 	surround_grating: autoDraw = False
313.4740 	EXP 	center_grating: autoDraw = False
313.4740 	EXP 	text_2: autoDraw = False
313.4740 	EXP 	surround_grating: ori = -15.0
313.4740 	EXP 	surround_grating: sf = array([2.5, 2.5])
313.4740 	EXP 	surround_grating: phase = array([0.05602133, 0.05602133])
313.4740 	EXP 	center_grating: ori = -2.0
313.4740 	EXP 	center_grating: sf = array([2.5, 2.5])
313.4740 	EXP 	center_grating: phase = array([0.93484596, 0.93484596])
314.7104 	EXP 	noise_3: autoDraw = True
314.7104 	EXP 	surround_grating: autoDraw = True
314.7104 	EXP 	center_grating: autoDraw = True
314.7824 	EXP 	noise_3: autoDraw = False
314.7824 	EXP 	surround_grating: autoDraw = False
314.7824 	EXP 	center_grating: autoDraw = False
315.5145 	EXP 	New trial (rep=0, index=109): <Trial 109 (109 in rep 0) data={'center': 8, 'surround': 15.0, 'type': 'c+8', 'surr_type': 'poss', 'orient_opacity': 100, 'noise_opacity': 0, 'isi': 0.75, 'thisN': 109, 'thisTrialN': 109, 'thisRepN': 0}>
315.5201 	DATA 	Keypress: period
315.5265 	INFO 	Keyboard events cleared
315.5260 	EXP 	noise_3: autoDraw = False
315.5260 	EXP 	surround_grating: autoDraw = False
315.5260 	EXP 	center_grating: autoDraw = False
315.5260 	EXP 	text_2: autoDraw = False
315.5260 	EXP 	surround_grating: ori = 15.0
315.5260 	EXP 	surround_grating: sf = array([2.5, 2.5])
315.5260 	EXP 	surround_grating: phase = array([0.72724754, 0.72724754])
315.5260 	EXP 	center_grating: ori = 8.0
315.5260 	EXP 	center_grating: sf = array([2.5, 2.5])
315.5260 	EXP 	center_grating: phase = array([0.98105154, 0.98105154])
316.2605 	EXP 	noise_3: autoDraw = True
316.2605 	EXP 	surround_grating: autoDraw = True
316.2605 	EXP 	center_grating: autoDraw = True
316.3322 	EXP 	noise_3: autoDraw = False
316.3322 	EXP 	surround_grating: autoDraw = False
316.3322 	EXP 	center_grating: autoDraw = False
316.8472 	EXP 	New trial (rep=0, index=110): <Trial 110 (110 in rep 0) data={'center': -2, 'surround': -15.0, 'type': 'c-2', 'surr_type': 'negs', 'orient_opacity': 100, 'noise_opacity': 0, 'isi': 0.75, 'thisN': 110, 'thisTrialN': 110, 'thisRepN': 0}>
316.8530 	DATA 	Keypress: period
316.8590 	INFO 	Keyboard events cleared
316.8585 	EXP 	noise_3: autoDraw = False
316.8585 	EXP 	surround_grating: autoDraw = False
316.8585 	EXP 	center_grating: autoDraw = False
316.8585 	EXP 	text_2: autoDraw = False
316.8585 	EXP 	surround_grating: ori = -15.0
316.8585 	EXP 	surround_grating: sf = array([2.5, 2.5])
316.8585 	EXP 	surround_grating: phase = array([0.48565672, 0.48565672])
316.8585 	EXP 	center_grating: ori = -2.0
316.8585 	EXP 	center_grating: sf = array([2.5, 2.5])
316.8585 	EXP 	center_grating: phase = array([0.34661093, 0.34661093])
317.5938 	EXP 	noise_3: autoDraw = True
317.5938 	EXP 	surround_grating: autoDraw = True
317.5938 	EXP 	center_grating: autoDraw = True
317.6670 	EXP 	noise_3: autoDraw = False
317.6670 	EXP 	surround_grating: autoDraw = False
317.6670 	EXP 	center_grating: autoDraw = False
318.2136 	EXP 	New trial (rep=0, index=111): <Trial 111 (111 in rep 0) data={'center': 0, 'surround': 0.0, 'type': 'c+0', 'surr_type': 'noss', 'orient_opacity': 0, 'noise_opacity': 100, 'isi': 0.5, 'thisN': 111, 'thisTrialN': 111, 'thisRepN': 0}>
318.2194 	DATA 	Keypress: period
318.2256 	INFO 	Keyboard events cleared
318.2251 	EXP 	noise_3: autoDraw = False
318.2251 	EXP 	surround_grating: autoDraw = False
318.2251 	EXP 	center_grating: autoDraw = False
318.2251 	EXP 	text_2: autoDraw = False
318.2251 	EXP 	surround_grating: ori = 0.0
318.2251 	EXP 	surround_grating: sf = array([2.5, 2.5])
318.2251 	EXP 	surround_grating: phase = array([0.53482079, 0.53482079])
318.2251 	EXP 	center_grating: ori = 0.0
318.2251 	EXP 	center_grating: sf = array([2.5, 2.5])
318.2251 	EXP 	center_grating: phase = array([0.92497452, 0.92497452])
318.7111 	EXP 	noise_3: autoDraw = True
318.7111 	EXP 	surround_grating: autoDraw = True
318.7111 	EXP 	center_grating: autoDraw = True
318.7821 	EXP 	noise_3: autoDraw = False
318.7821 	EXP 	surround_grating: autoDraw = False
318.7821 	EXP 	center_grating: autoDraw = False
319.6476 	EXP 	New trial (rep=0, index=112): <Trial 112 (112 in rep 0) data={'center': 2, 'surround': 15.0, 'type': 'c+2', 'surr_type': 'poss', 'orient_opacity': 100, 'noise_opacity': 0, 'isi': 0.5, 'thisN': 112, 'thisTrialN': 112, 'thisRepN': 0}>
319.6529 	DATA 	Keypress: period
319.6587 	INFO 	Keyboard events cleared
319.6583 	EXP 	noise_3: autoDraw = False
319.6583 	EXP 	surround_grating: autoDraw = False
319.6583 	EXP 	center_grating: autoDraw = False
319.6583 	EXP 	text_2: autoDraw = False
319.6583 	EXP 	surround_grating: ori = 15.0
319.6583 	EXP 	surround_grating: sf = array([2.5, 2.5])
319.6583 	EXP 	surround_grating: phase = array([0.75733728, 0.75733728])
319.6583 	EXP 	center_grating: ori = 2.0
319.6583 	EXP 	center_grating: sf = array([2.5, 2.5])
319.6583 	EXP 	center_grating: phase = array([0.79144338, 0.79144338])
320.1439 	EXP 	noise_3: autoDraw = True
320.1439 	EXP 	surround_grating: autoDraw = True
320.1439 	EXP 	center_grating: autoDraw = True
320.2165 	EXP 	noise_3: autoDraw = False
320.2165 	EXP 	surround_grating: autoDraw = False
320.2165 	EXP 	center_grating: autoDraw = False
320.6809 	EXP 	New trial (rep=0, index=113): <Trial 113 (113 in rep 0) data={'center': -2, 'surround': 0.0, 'type': 'c-2', 'surr_type': 'noss', 'orient_opacity': 0, 'noise_opacity': 100, 'isi': 0.75, 'thisN': 113, 'thisTrialN': 113, 'thisRepN': 0}>
320.6861 	DATA 	Keypress: z
320.6923 	INFO 	Keyboard events cleared
320.6918 	EXP 	noise_3: autoDraw = False
320.6918 	EXP 	surround_grating: autoDraw = False
320.6918 	EXP 	center_grating: autoDraw = False
320.6918 	EXP 	text_2: autoDraw = False
320.6918 	EXP 	surround_grating: ori = 0.0
320.6918 	EXP 	surround_grating: sf = array([2.5, 2.5])
320.6918 	EXP 	surround_grating: phase = array([0.78030855, 0.78030855])
320.6918 	EXP 	center_grating: ori = -2.0
320.6918 	EXP 	center_grating: sf = array([2.5, 2.5])
320.6918 	EXP 	center_grating: phase = array([0.50713562, 0.50713562])
321.4273 	EXP 	noise_3: autoDraw = True
321.4273 	EXP 	surround_grating: autoDraw = True
321.4273 	EXP 	center_grating: autoDraw = True
321.4996 	EXP 	noise_3: autoDraw = False
321.4996 	EXP 	surround_grating: autoDraw = False
321.4996 	EXP 	center_grating: autoDraw = False
322.0471 	EXP 	New trial (rep=0, index=114): <Trial 114 (114 in rep 0) data={'center': -6, 'surround': -15.0, 'type': 'c-6', 'surr_type': 'negs', 'orient_opacity': 100, 'noise_opacity': 0, 'isi': 1.25, 'thisN': 114, 'thisTrialN': 114, 'thisRepN': 0}>
322.0532 	DATA 	Keypress: z
322.0591 	INFO 	Keyboard events cleared
322.0587 	EXP 	noise_3: autoDraw = False
322.0587 	EXP 	surround_grating: autoDraw = False
322.0587 	EXP 	center_grating: autoDraw = False
322.0587 	EXP 	text_2: autoDraw = False
322.0587 	EXP 	surround_grating: ori = -15.0
322.0587 	EXP 	surround_grating: sf = array([2.5, 2.5])
322.0587 	EXP 	surround_grating: phase = array([0.21259531, 0.21259531])
322.0587 	EXP 	center_grating: ori = -6.0
322.0587 	EXP 	center_grating: sf = array([2.5, 2.5])
322.0587 	EXP 	center_grating: phase = array([0.46396069, 0.46396069])
323.2940 	EXP 	noise_3: autoDraw = True
323.2940 	EXP 	surround_grating: autoDraw = True
323.2940 	EXP 	center_grating: autoDraw = True
323.3664 	EXP 	noise_3: autoDraw = False
323.3664 	EXP 	surround_grating: autoDraw = False
323.3664 	EXP 	center_grating: autoDraw = False
323.9369 	EXP 	New trial (rep=0, index=115): <Trial 115 (115 in rep 0) data={'center': 0, 'surround': -15.0, 'type': 'c+0', 'surr_type': 'negs', 'orient_opacity': 100, 'noise_opacity': 0, 'isi': 1.25, 'thisN': 115, 'thisTrialN': 115, 'thisRepN': 0}>
323.9424 	DATA 	Keypress: z
323.9479 	INFO 	Keyboard events cleared
323.9473 	EXP 	noise_3: autoDraw = False
323.9473 	EXP 	surround_grating: autoDraw = False
323.9473 	EXP 	center_grating: autoDraw = False
323.9473 	EXP 	text_2: autoDraw = False
323.9473 	EXP 	surround_grating: ori = -15.0
323.9473 	EXP 	surround_grating: sf = array([2.5, 2.5])
323.9473 	EXP 	surround_grating: phase = array([0.58307074, 0.58307074])
323.9473 	EXP 	center_grating: ori = 0.0
323.9473 	EXP 	center_grating: sf = array([2.5, 2.5])
323.9473 	EXP 	center_grating: phase = array([0.57919515, 0.57919515])
325.1866 	EXP 	noise_3: autoDraw = True
325.1866 	EXP 	surround_grating: autoDraw = True
325.1866 	EXP 	center_grating: autoDraw = True
325.2613 	EXP 	noise_3: autoDraw = False
325.2613 	EXP 	surround_grating: autoDraw = False
325.2613 	EXP 	center_grating: autoDraw = False
325.5471 	EXP 	New trial (rep=0, index=116): <Trial 116 (116 in rep 0) data={'center': 0, 'surround': 0.0, 'type': 'c+0', 'surr_type': 'noss', 'orient_opacity': 0, 'noise_opacity': 100, 'isi': 0.75, 'thisN': 116, 'thisTrialN': 116, 'thisRepN': 0}>
325.5526 	DATA 	Keypress: z
325.5585 	INFO 	Keyboard events cleared
325.5581 	EXP 	noise_3: autoDraw = False
325.5581 	EXP 	surround_grating: autoDraw = False
325.5581 	EXP 	center_grating: autoDraw = False
325.5581 	EXP 	text_2: autoDraw = False
325.5581 	EXP 	surround_grating: ori = 0.0
325.5581 	EXP 	surround_grating: sf = array([2.5, 2.5])
325.5581 	EXP 	surround_grating: phase = array([0.01884303, 0.01884303])
325.5581 	EXP 	center_grating: ori = 0.0
325.5581 	EXP 	center_grating: sf = array([2.5, 2.5])
325.5581 	EXP 	center_grating: phase = array([0.18914641, 0.18914641])
326.2943 	EXP 	noise_3: autoDraw = True
326.2943 	EXP 	surround_grating: autoDraw = True
326.2943 	EXP 	center_grating: autoDraw = True
326.3661 	EXP 	noise_3: autoDraw = False
326.3661 	EXP 	surround_grating: autoDraw = False
326.3661 	EXP 	center_grating: autoDraw = False
326.9656 	EXP 	New trial (rep=0, index=117): <Trial 117 (117 in rep 0) data={'center': -4, 'surround': 0.0, 'type': 'c-4', 'surr_type': 'noss', 'orient_opacity': 0, 'noise_opacity': 100, 'isi': 1.0, 'thisN': 117, 'thisTrialN': 117, 'thisRepN': 0}>
326.9710 	DATA 	Keypress: period
326.9770 	INFO 	Keyboard events cleared
326.9765 	EXP 	noise_3: autoDraw = False
326.9765 	EXP 	surround_grating: autoDraw = False
326.9765 	EXP 	center_grating: autoDraw = False
326.9765 	EXP 	text_2: autoDraw = False
326.9765 	EXP 	surround_grating: ori = 0.0
326.9765 	EXP 	surround_grating: sf = array([2.5, 2.5])
326.9765 	EXP 	surround_grating: phase = array([0.77527804, 0.77527804])
326.9765 	EXP 	center_grating: ori = -4.0
326.9765 	EXP 	center_grating: sf = array([2.5, 2.5])
326.9765 	EXP 	center_grating: phase = array([0.96938542, 0.96938542])
327.9602 	EXP 	noise_3: autoDraw = True
327.9602 	EXP 	surround_grating: autoDraw = True
327.9602 	EXP 	center_grating: autoDraw = True
328.0344 	EXP 	noise_3: autoDraw = False
328.0344 	EXP 	surround_grating: autoDraw = False
328.0344 	EXP 	center_grating: autoDraw = False
328.5316 	EXP 	New trial (rep=0, index=118): <Trial 118 (118 in rep 0) data={'center': 0, 'surround': 0.0, 'type': 'c+0', 'surr_type': 'noss', 'orient_opacity': 0, 'noise_opacity': 100, 'isi': 1.0, 'thisN': 118, 'thisTrialN': 118, 'thisRepN': 0}>
328.5369 	DATA 	Keypress: z
328.5428 	INFO 	Keyboard events cleared
328.5424 	EXP 	noise_3: autoDraw = False
328.5424 	EXP 	surround_grating: autoDraw = False
328.5424 	EXP 	center_grating: autoDraw = False
328.5424 	EXP 	text_2: autoDraw = False
328.5424 	EXP 	surround_grating: ori = 0.0
328.5424 	EXP 	surround_grating: sf = array([2.5, 2.5])
328.5424 	EXP 	surround_grating: phase = array([0.24528886, 0.24528886])
328.5424 	EXP 	center_grating: ori = 0.0
328.5424 	EXP 	center_grating: sf = array([2.5, 2.5])
328.5424 	EXP 	center_grating: phase = array([0.45353144, 0.45353144])
329.5276 	EXP 	noise_3: autoDraw = True
329.5276 	EXP 	surround_grating: autoDraw = True
329.5276 	EXP 	center_grating: autoDraw = True
329.5994 	EXP 	noise_3: autoDraw = False
329.5994 	EXP 	surround_grating: autoDraw = False
329.5994 	EXP 	center_grating: autoDraw = False
330.1534 	EXP 	New trial (rep=0, index=119): <Trial 119 (119 in rep 0) data={'center': 2, 'surround': 15.0, 'type': 'c+2', 'surr_type': 'poss', 'orient_opacity': 100, 'noise_opacity': 0, 'isi': 1.0, 'thisN': 119, 'thisTrialN': 119, 'thisRepN': 0}>
330.1585 	DATA 	Keypress: period
330.1645 	INFO 	Keyboard events cleared
330.1640 	EXP 	noise_3: autoDraw = False
330.1640 	EXP 	surround_grating: autoDraw = False
330.1640 	EXP 	center_grating: autoDraw = False
330.1640 	EXP 	text_2: autoDraw = False
330.1640 	EXP 	surround_grating: ori = 15.0
330.1640 	EXP 	surround_grating: sf = array([2.5, 2.5])
330.1640 	EXP 	surround_grating: phase = array([0.60636042, 0.60636042])
330.1640 	EXP 	center_grating: ori = 2.0
330.1640 	EXP 	center_grating: sf = array([2.5, 2.5])
330.1640 	EXP 	center_grating: phase = array([0.03190772, 0.03190772])
331.1536 	EXP 	noise_3: autoDraw = True
331.1536 	EXP 	surround_grating: autoDraw = True
331.1536 	EXP 	center_grating: autoDraw = True
331.2280 	EXP 	noise_3: autoDraw = False
331.2280 	EXP 	surround_grating: autoDraw = False
331.2280 	EXP 	center_grating: autoDraw = False
331.7642 	EXP 	New trial (rep=0, index=120): <Trial 120 (120 in rep 0) data={'center': -4, 'surround': -15.0, 'type': 'c-4', 'surr_type': 'negs', 'orient_opacity': 100, 'noise_opacity': 0, 'isi': 0.5, 'thisN': 120, 'thisTrialN': 120, 'thisRepN': 0}>
331.7698 	DATA 	Keypress: z
331.7757 	INFO 	Keyboard events cleared
331.7753 	EXP 	noise_3: autoDraw = False
331.7753 	EXP 	surround_grating: autoDraw = False
331.7753 	EXP 	center_grating: autoDraw = False
331.7753 	EXP 	text_2: autoDraw = False
331.7753 	EXP 	surround_grating: ori = -15.0
331.7753 	EXP 	surround_grating: sf = array([2.5, 2.5])
331.7753 	EXP 	surround_grating: phase = array([0.95396036, 0.95396036])
331.7753 	EXP 	center_grating: ori = -4.0
331.7753 	EXP 	center_grating: sf = array([2.5, 2.5])
331.7753 	EXP 	center_grating: phase = array([0.72772031, 0.72772031])
332.2612 	EXP 	noise_3: autoDraw = True
332.2612 	EXP 	surround_grating: autoDraw = True
332.2612 	EXP 	center_grating: autoDraw = True
332.3331 	EXP 	noise_3: autoDraw = False
332.3331 	EXP 	surround_grating: autoDraw = False
332.3331 	EXP 	center_grating: autoDraw = False
332.8871 	EXP 	New trial (rep=0, index=121): <Trial 121 (121 in rep 0) data={'center': -4, 'surround': 0.0, 'type': 'c-4', 'surr_type': 'noss', 'orient_opacity': 0, 'noise_opacity': 100, 'isi': 1.25, 'thisN': 121, 'thisTrialN': 121, 'thisRepN': 0}>
332.8921 	DATA 	Keypress: period
332.8979 	INFO 	Keyboard events cleared
332.8973 	EXP 	noise_3: autoDraw = False
332.8973 	EXP 	surround_grating: autoDraw = False
332.8973 	EXP 	center_grating: autoDraw = False
332.8973 	EXP 	text_2: autoDraw = False
332.8973 	EXP 	surround_grating: ori = 0.0
332.8973 	EXP 	surround_grating: sf = array([2.5, 2.5])
332.8973 	EXP 	surround_grating: phase = array([0.76585909, 0.76585909])
332.8973 	EXP 	center_grating: ori = -4.0
332.8973 	EXP 	center_grating: sf = array([2.5, 2.5])
332.8973 	EXP 	center_grating: phase = array([0.82657236, 0.82657236])
334.1379 	EXP 	noise_3: autoDraw = True
334.1379 	EXP 	surround_grating: autoDraw = True
334.1379 	EXP 	center_grating: autoDraw = True
334.2114 	EXP 	noise_3: autoDraw = False
334.2114 	EXP 	surround_grating: autoDraw = False
334.2114 	EXP 	center_grating: autoDraw = False
334.8872 	EXP 	New trial (rep=0, index=122): <Trial 122 (122 in rep 0) data={'center': 0, 'surround': 0.0, 'type': 'c+0', 'surr_type': 'noss', 'orient_opacity': 0, 'noise_opacity': 100, 'isi': 1.0, 'thisN': 122, 'thisTrialN': 122, 'thisRepN': 0}>
334.8926 	DATA 	Keypress: z
334.8978 	INFO 	Keyboard events cleared
334.8973 	EXP 	noise_3: autoDraw = False
334.8973 	EXP 	surround_grating: autoDraw = False
334.8973 	EXP 	center_grating: autoDraw = False
334.8973 	EXP 	text_2: autoDraw = False
334.8973 	EXP 	surround_grating: ori = 0.0
334.8973 	EXP 	surround_grating: sf = array([2.5, 2.5])
334.8973 	EXP 	surround_grating: phase = array([0.1902723, 0.1902723])
334.8973 	EXP 	center_grating: ori = 0.0
334.8973 	EXP 	center_grating: sf = array([2.5, 2.5])
334.8973 	EXP 	center_grating: phase = array([0.47127847, 0.47127847])
335.8871 	EXP 	noise_3: autoDraw = True
335.8871 	EXP 	surround_grating: autoDraw = True
335.8871 	EXP 	center_grating: autoDraw = True
335.9617 	EXP 	noise_3: autoDraw = False
335.9617 	EXP 	surround_grating: autoDraw = False
335.9617 	EXP 	center_grating: autoDraw = False
336.6794 	EXP 	New trial (rep=0, index=123): <Trial 123 (123 in rep 0) data={'center': -4, 'surround': -15.0, 'type': 'c-4', 'surr_type': 'negs', 'orient_opacity': 100, 'noise_opacity': 0, 'isi': 0.5, 'thisN': 123, 'thisTrialN': 123, 'thisRepN': 0}>
336.6843 	DATA 	Keypress: period
336.6905 	INFO 	Keyboard events cleared
336.6899 	EXP 	noise_3: autoDraw = False
336.6899 	EXP 	surround_grating: autoDraw = False
336.6899 	EXP 	center_grating: autoDraw = False
336.6899 	EXP 	text_2: autoDraw = False
336.6899 	EXP 	surround_grating: ori = -15.0
336.6899 	EXP 	surround_grating: sf = array([2.5, 2.5])
336.6899 	EXP 	surround_grating: phase = array([0.27696062, 0.27696062])
336.6899 	EXP 	center_grating: ori = -4.0
336.6899 	EXP 	center_grating: sf = array([2.5, 2.5])
336.6899 	EXP 	center_grating: phase = array([0.52420776, 0.52420776])
337.1710 	EXP 	noise_3: autoDraw = True
337.1710 	EXP 	surround_grating: autoDraw = True
337.1710 	EXP 	center_grating: autoDraw = True
337.2451 	EXP 	noise_3: autoDraw = False
337.2451 	EXP 	surround_grating: autoDraw = False
337.2451 	EXP 	center_grating: autoDraw = False
338.1812 	EXP 	New trial (rep=0, index=124): <Trial 124 (124 in rep 0) data={'center': 4, 'surround': 15.0, 'type': 'c+4', 'surr_type': 'poss', 'orient_opacity': 100, 'noise_opacity': 0, 'isi': 0.5, 'thisN': 124, 'thisTrialN': 124, 'thisRepN': 0}>
338.1866 	DATA 	Keypress: period
338.1930 	INFO 	Keyboard events cleared
338.1925 	EXP 	noise_3: autoDraw = False
338.1925 	EXP 	surround_grating: autoDraw = False
338.1925 	EXP 	center_grating: autoDraw = False
338.1925 	EXP 	text_2: autoDraw = False
338.1925 	EXP 	surround_grating: ori = 15.0
338.1925 	EXP 	surround_grating: sf = array([2.5, 2.5])
338.1925 	EXP 	surround_grating: phase = array([0.54417033, 0.54417033])
338.1925 	EXP 	center_grating: ori = 4.0
338.1925 	EXP 	center_grating: sf = array([2.5, 2.5])
338.1925 	EXP 	center_grating: phase = array([0.81647032, 0.81647032])
338.6780 	EXP 	noise_3: autoDraw = True
338.6780 	EXP 	surround_grating: autoDraw = True
338.6780 	EXP 	center_grating: autoDraw = True
338.7511 	EXP 	noise_3: autoDraw = False
338.7511 	EXP 	surround_grating: autoDraw = False
338.7511 	EXP 	center_grating: autoDraw = False
339.5198 	EXP 	New trial (rep=0, index=125): <Trial 125 (125 in rep 0) data={'center': -8, 'surround': -15.0, 'type': 'c-8', 'surr_type': 'negs', 'orient_opacity': 100, 'noise_opacity': 0, 'isi': 1.0, 'thisN': 125, 'thisTrialN': 125, 'thisRepN': 0}>
339.5251 	DATA 	Keypress: z
339.5312 	INFO 	Keyboard events cleared
339.5307 	EXP 	noise_3: autoDraw = False
339.5307 	EXP 	surround_grating: autoDraw = False
339.5307 	EXP 	center_grating: autoDraw = False
339.5307 	EXP 	text_2: autoDraw = False
339.5307 	EXP 	surround_grating: ori = -15.0
339.5307 	EXP 	surround_grating: sf = array([2.5, 2.5])
339.5307 	EXP 	surround_grating: phase = array([0.39675368, 0.39675368])
339.5307 	EXP 	center_grating: ori = -8.0
339.5307 	EXP 	center_grating: sf = array([2.5, 2.5])
339.5307 	EXP 	center_grating: phase = array([0.60532584, 0.60532584])
340.5217 	EXP 	noise_3: autoDraw = True
340.5217 	EXP 	surround_grating: autoDraw = True
340.5217 	EXP 	center_grating: autoDraw = True
340.6015 	EXP 	noise_3: autoDraw = False
340.6015 	EXP 	surround_grating: autoDraw = False
340.6015 	EXP 	center_grating: autoDraw = False
341.0652 	EXP 	New trial (rep=0, index=126): <Trial 126 (126 in rep 0) data={'center': 8, 'surround': 15.0, 'type': 'c+8', 'surr_type': 'poss', 'orient_opacity': 100, 'noise_opacity': 0, 'isi': 0.5, 'thisN': 126, 'thisTrialN': 126, 'thisRepN': 0}>
341.0710 	DATA 	Keypress: z
341.0769 	INFO 	Keyboard events cleared
341.0765 	EXP 	noise_3: autoDraw = False
341.0765 	EXP 	surround_grating: autoDraw = False
341.0765 	EXP 	center_grating: autoDraw = False
341.0765 	EXP 	text_2: autoDraw = False
341.0765 	EXP 	surround_grating: ori = 15.0
341.0765 	EXP 	surround_grating: sf = array([2.5, 2.5])
341.0765 	EXP 	surround_grating: phase = array([0.41532286, 0.41532286])
341.0765 	EXP 	center_grating: ori = 8.0
341.0765 	EXP 	center_grating: sf = array([2.5, 2.5])
341.0765 	EXP 	center_grating: phase = array([0.24212459, 0.24212459])
341.5614 	EXP 	noise_3: autoDraw = True
341.5614 	EXP 	surround_grating: autoDraw = True
341.5614 	EXP 	center_grating: autoDraw = True
341.6344 	EXP 	noise_3: autoDraw = False
341.6344 	EXP 	surround_grating: autoDraw = False
341.6344 	EXP 	center_grating: autoDraw = False
342.2646 	EXP 	New trial (rep=0, index=127): <Trial 127 (127 in rep 0) data={'center': 0, 'surround': 0.0, 'type': 'c+0', 'surr_type': 'noss', 'orient_opacity': 0, 'noise_opacity': 100, 'isi': 0.5, 'thisN': 127, 'thisTrialN': 127, 'thisRepN': 0}>
342.2696 	DATA 	Keypress: period
342.2757 	INFO 	Keyboard events cleared
342.2752 	EXP 	noise_3: autoDraw = False
342.2752 	EXP 	surround_grating: autoDraw = False
342.2752 	EXP 	center_grating: autoDraw = False
342.2752 	EXP 	text_2: autoDraw = False
342.2752 	EXP 	surround_grating: ori = 0.0
342.2752 	EXP 	surround_grating: sf = array([2.5, 2.5])
342.2752 	EXP 	surround_grating: phase = array([0.00292334, 0.00292334])
342.2752 	EXP 	center_grating: ori = 0.0
342.2752 	EXP 	center_grating: sf = array([2.5, 2.5])
342.2752 	EXP 	center_grating: phase = array([0.05067577, 0.05067577])
342.7614 	EXP 	noise_3: autoDraw = True
342.7614 	EXP 	surround_grating: autoDraw = True
342.7614 	EXP 	center_grating: autoDraw = True
342.8338 	EXP 	noise_3: autoDraw = False
342.8338 	EXP 	surround_grating: autoDraw = False
342.8338 	EXP 	center_grating: autoDraw = False
343.4979 	EXP 	New trial (rep=0, index=128): <Trial 128 (128 in rep 0) data={'center': 0, 'surround': -15.0, 'type': 'c+0', 'surr_type': 'negs', 'orient_opacity': 100, 'noise_opacity': 0, 'isi': 0.5, 'thisN': 128, 'thisTrialN': 128, 'thisRepN': 0}>
343.5033 	DATA 	Keypress: period
343.5093 	INFO 	Keyboard events cleared
343.5088 	EXP 	noise_3: autoDraw = False
343.5088 	EXP 	surround_grating: autoDraw = False
343.5088 	EXP 	center_grating: autoDraw = False
343.5088 	EXP 	text_2: autoDraw = False
343.5088 	EXP 	surround_grating: ori = -15.0
343.5088 	EXP 	surround_grating: sf = array([2.5, 2.5])
343.5088 	EXP 	surround_grating: phase = array([0.11743433, 0.11743433])
343.5088 	EXP 	center_grating: ori = 0.0
343.5088 	EXP 	center_grating: sf = array([2.5, 2.5])
343.5088 	EXP 	center_grating: phase = array([0.86867057, 0.86867057])
343.9949 	EXP 	noise_3: autoDraw = True
343.9949 	EXP 	surround_grating: autoDraw = True
343.9949 	EXP 	center_grating: autoDraw = True
344.0667 	EXP 	noise_3: autoDraw = False
344.0667 	EXP 	surround_grating: autoDraw = False
344.0667 	EXP 	center_grating: autoDraw = False
344.6200 	EXP 	New trial (rep=0, index=129): <Trial 129 (129 in rep 0) data={'center': 0, 'surround': -15.0, 'type': 'c+0', 'surr_type': 'negs', 'orient_opacity': 100, 'noise_opacity': 0, 'isi': 0.5, 'thisN': 129, 'thisTrialN': 129, 'thisRepN': 0}>
344.6249 	DATA 	Keypress: period
344.6312 	INFO 	Keyboard events cleared
344.6306 	EXP 	noise_3: autoDraw = False
344.6306 	EXP 	surround_grating: autoDraw = False
344.6306 	EXP 	center_grating: autoDraw = False
344.6306 	EXP 	text_2: autoDraw = False
344.6306 	EXP 	surround_grating: ori = -15.0
344.6306 	EXP 	surround_grating: sf = array([2.5, 2.5])
344.6306 	EXP 	surround_grating: phase = array([0.35851654, 0.35851654])
344.6306 	EXP 	center_grating: ori = 0.0
344.6306 	EXP 	center_grating: sf = array([2.5, 2.5])
344.6306 	EXP 	center_grating: phase = array([0.51295029, 0.51295029])
345.1214 	EXP 	noise_3: autoDraw = True
345.1214 	EXP 	surround_grating: autoDraw = True
345.1214 	EXP 	center_grating: autoDraw = True
345.1953 	EXP 	noise_3: autoDraw = False
345.1953 	EXP 	surround_grating: autoDraw = False
345.1953 	EXP 	center_grating: autoDraw = False
345.7984 	EXP 	New trial (rep=0, index=130): <Trial 130 (130 in rep 0) data={'center': -4, 'surround': -15.0, 'type': 'c-4', 'surr_type': 'negs', 'orient_opacity': 100, 'noise_opacity': 0, 'isi': 0.75, 'thisN': 130, 'thisTrialN': 130, 'thisRepN': 0}>
345.8045 	DATA 	Keypress: period
345.8104 	INFO 	Keyboard events cleared
345.8100 	EXP 	noise_3: autoDraw = False
345.8100 	EXP 	surround_grating: autoDraw = False
345.8100 	EXP 	center_grating: autoDraw = False
345.8100 	EXP 	text_2: autoDraw = False
345.8100 	EXP 	surround_grating: ori = -15.0
345.8100 	EXP 	surround_grating: sf = array([2.5, 2.5])
345.8100 	EXP 	surround_grating: phase = array([0.71139771, 0.71139771])
345.8100 	EXP 	center_grating: ori = -4.0
345.8100 	EXP 	center_grating: sf = array([2.5, 2.5])
345.8100 	EXP 	center_grating: phase = array([0.01759025, 0.01759025])
346.5450 	EXP 	noise_3: autoDraw = True
346.5450 	EXP 	surround_grating: autoDraw = True
346.5450 	EXP 	center_grating: autoDraw = True
346.6179 	EXP 	noise_3: autoDraw = False
346.6179 	EXP 	surround_grating: autoDraw = False
346.6179 	EXP 	center_grating: autoDraw = False
347.2693 	EXP 	New trial (rep=0, index=131): <Trial 131 (131 in rep 0) data={'center': -4, 'surround': 0.0, 'type': 'c-4', 'surr_type': 'noss', 'orient_opacity': 0, 'noise_opacity': 100, 'isi': 0.75, 'thisN': 131, 'thisTrialN': 131, 'thisRepN': 0}>
347.2741 	DATA 	Keypress: z
347.2956 	INFO 	Keyboard events cleared
347.2952 	EXP 	noise_3: autoDraw = False
347.2952 	EXP 	surround_grating: autoDraw = False
347.2952 	EXP 	center_grating: autoDraw = False
347.2952 	EXP 	text_2: autoDraw = False
347.2952 	EXP 	surround_grating: ori = 0.0
347.2952 	EXP 	surround_grating: sf = array([2.5, 2.5])
347.2952 	EXP 	surround_grating: phase = array([0.58141161, 0.58141161])
347.2952 	EXP 	center_grating: ori = -4.0
347.2952 	EXP 	center_grating: sf = array([2.5, 2.5])
347.2952 	EXP 	center_grating: phase = array([0.82724567, 0.82724567])
348.0207 	EXP 	noise_3: autoDraw = True
348.0207 	EXP 	surround_grating: autoDraw = True
348.0207 	EXP 	center_grating: autoDraw = True
348.0954 	EXP 	noise_3: autoDraw = False
348.0954 	EXP 	surround_grating: autoDraw = False
348.0954 	EXP 	center_grating: autoDraw = False
348.5648 	EXP 	New trial (rep=0, index=132): <Trial 132 (132 in rep 0) data={'center': -4, 'surround': 0.0, 'type': 'c-4', 'surr_type': 'noss', 'orient_opacity': 0, 'noise_opacity': 100, 'isi': 1.0, 'thisN': 132, 'thisTrialN': 132, 'thisRepN': 0}>
348.5700 	DATA 	Keypress: z
348.5762 	INFO 	Keyboard events cleared
348.5756 	EXP 	noise_3: autoDraw = False
348.5756 	EXP 	surround_grating: autoDraw = False
348.5756 	EXP 	center_grating: autoDraw = False
348.5756 	EXP 	text_2: autoDraw = False
348.5756 	EXP 	surround_grating: ori = 0.0
348.5756 	EXP 	surround_grating: sf = array([2.5, 2.5])
348.5756 	EXP 	surround_grating: phase = array([0.83848387, 0.83848387])
348.5756 	EXP 	center_grating: ori = -4.0
348.5756 	EXP 	center_grating: sf = array([2.5, 2.5])
348.5756 	EXP 	center_grating: phase = array([0.14108374, 0.14108374])
349.5617 	EXP 	noise_3: autoDraw = True
349.5617 	EXP 	surround_grating: autoDraw = True
349.5617 	EXP 	center_grating: autoDraw = True
349.6338 	EXP 	noise_3: autoDraw = False
349.6338 	EXP 	surround_grating: autoDraw = False
349.6338 	EXP 	center_grating: autoDraw = False
350.3644 	EXP 	New trial (rep=0, index=133): <Trial 133 (133 in rep 0) data={'center': 6, 'surround': 15.0, 'type': 'c+6', 'surr_type': 'poss', 'orient_opacity': 100, 'noise_opacity': 0, 'isi': 0.5, 'thisN': 133, 'thisTrialN': 133, 'thisRepN': 0}>
350.3694 	DATA 	Keypress: z
350.3752 	INFO 	Keyboard events cleared
350.3748 	EXP 	noise_3: autoDraw = False
350.3748 	EXP 	surround_grating: autoDraw = False
350.3748 	EXP 	center_grating: autoDraw = False
350.3748 	EXP 	text_2: autoDraw = False
350.3748 	EXP 	surround_grating: ori = 15.0
350.3748 	EXP 	surround_grating: sf = array([2.5, 2.5])
350.3748 	EXP 	surround_grating: phase = array([0.2458894, 0.2458894])
350.3748 	EXP 	center_grating: ori = 6.0
350.3748 	EXP 	center_grating: sf = array([2.5, 2.5])
350.3748 	EXP 	center_grating: phase = array([0.63440445, 0.63440445])
350.8618 	EXP 	noise_3: autoDraw = True
350.8618 	EXP 	surround_grating: autoDraw = True
350.8618 	EXP 	center_grating: autoDraw = True
350.9341 	EXP 	noise_3: autoDraw = False
350.9341 	EXP 	surround_grating: autoDraw = False
350.9341 	EXP 	center_grating: autoDraw = False
351.8158 	EXP 	New trial (rep=0, index=134): <Trial 134 (134 in rep 0) data={'center': -6, 'surround': -15.0, 'type': 'c-6', 'surr_type': 'negs', 'orient_opacity': 100, 'noise_opacity': 0, 'isi': 0.5, 'thisN': 134, 'thisTrialN': 134, 'thisRepN': 0}>
351.8216 	DATA 	Keypress: period
351.8276 	INFO 	Keyboard events cleared
351.8271 	EXP 	noise_3: autoDraw = False
351.8271 	EXP 	surround_grating: autoDraw = False
351.8271 	EXP 	center_grating: autoDraw = False
351.8271 	EXP 	text_2: autoDraw = False
351.8271 	EXP 	surround_grating: ori = -15.0
351.8271 	EXP 	surround_grating: sf = array([2.5, 2.5])
351.8271 	EXP 	surround_grating: phase = array([0.99399421, 0.99399421])
351.8271 	EXP 	center_grating: ori = -6.0
351.8271 	EXP 	center_grating: sf = array([2.5, 2.5])
351.8271 	EXP 	center_grating: phase = array([0.61479048, 0.61479048])
352.3119 	EXP 	noise_3: autoDraw = True
352.3119 	EXP 	surround_grating: autoDraw = True
352.3119 	EXP 	center_grating: autoDraw = True
352.3839 	EXP 	noise_3: autoDraw = False
352.3839 	EXP 	surround_grating: autoDraw = False
352.3839 	EXP 	center_grating: autoDraw = False
352.9824 	EXP 	New trial (rep=0, index=135): <Trial 135 (135 in rep 0) data={'center': 2, 'surround': 15.0, 'type': 'c+2', 'surr_type': 'poss', 'orient_opacity': 100, 'noise_opacity': 0, 'isi': 0.5, 'thisN': 135, 'thisTrialN': 135, 'thisRepN': 0}>
352.9890 	DATA 	Keypress: period
352.9951 	INFO 	Keyboard events cleared
352.9946 	EXP 	noise_3: autoDraw = False
352.9946 	EXP 	surround_grating: autoDraw = False
352.9946 	EXP 	center_grating: autoDraw = False
352.9946 	EXP 	text_2: autoDraw = False
352.9946 	EXP 	surround_grating: ori = 15.0
352.9946 	EXP 	surround_grating: sf = array([2.5, 2.5])
352.9946 	EXP 	surround_grating: phase = array([0.14038904, 0.14038904])
352.9946 	EXP 	center_grating: ori = 2.0
352.9946 	EXP 	center_grating: sf = array([2.5, 2.5])
352.9946 	EXP 	center_grating: phase = array([0.22448127, 0.22448127])
353.4786 	EXP 	noise_3: autoDraw = True
353.4786 	EXP 	surround_grating: autoDraw = True
353.4786 	EXP 	center_grating: autoDraw = True
353.5511 	EXP 	noise_3: autoDraw = False
353.5511 	EXP 	surround_grating: autoDraw = False
353.5511 	EXP 	center_grating: autoDraw = False
354.1325 	EXP 	New trial (rep=0, index=136): <Trial 136 (136 in rep 0) data={'center': 6, 'surround': 15.0, 'type': 'c+6', 'surr_type': 'poss', 'orient_opacity': 100, 'noise_opacity': 0, 'isi': 0.75, 'thisN': 136, 'thisTrialN': 136, 'thisRepN': 0}>
354.1382 	DATA 	Keypress: z
354.1442 	INFO 	Keyboard events cleared
354.1437 	EXP 	noise_3: autoDraw = False
354.1437 	EXP 	surround_grating: autoDraw = False
354.1437 	EXP 	center_grating: autoDraw = False
354.1437 	EXP 	text_2: autoDraw = False
354.1437 	EXP 	surround_grating: ori = 15.0
354.1437 	EXP 	surround_grating: sf = array([2.5, 2.5])
354.1437 	EXP 	surround_grating: phase = array([0.90822674, 0.90822674])
354.1437 	EXP 	center_grating: ori = 6.0
354.1437 	EXP 	center_grating: sf = array([2.5, 2.5])
354.1437 	EXP 	center_grating: phase = array([0.02445766, 0.02445766])
354.8781 	EXP 	noise_3: autoDraw = True
354.8781 	EXP 	surround_grating: autoDraw = True
354.8781 	EXP 	center_grating: autoDraw = True
354.9508 	EXP 	noise_3: autoDraw = False
354.9508 	EXP 	surround_grating: autoDraw = False
354.9508 	EXP 	center_grating: autoDraw = False
355.6887 	DATA 	Keypress: z
355.6959 	EXP 	New trial (rep=0, index=137): <Trial 137 (137 in rep 0) data={'center': -2, 'surround': 15.0, 'type': 'c-2', 'surr_type': 'poss', 'orient_opacity': 100, 'noise_opacity': 0, 'isi': 1.25, 'thisN': 137, 'thisTrialN': 137, 'thisRepN': 0}>
355.7029 	INFO 	Keyboard events cleared
355.7025 	EXP 	noise_3: autoDraw = False
355.7025 	EXP 	surround_grating: autoDraw = False
355.7025 	EXP 	center_grating: autoDraw = False
355.7025 	EXP 	text_2: autoDraw = False
355.7025 	EXP 	surround_grating: ori = 15.0
355.7025 	EXP 	surround_grating: sf = array([2.5, 2.5])
355.7025 	EXP 	surround_grating: phase = array([0.59884606, 0.59884606])
355.7025 	EXP 	center_grating: ori = -2.0
355.7025 	EXP 	center_grating: sf = array([2.5, 2.5])
355.7025 	EXP 	center_grating: phase = array([0.3536107, 0.3536107])
356.9381 	EXP 	noise_3: autoDraw = True
356.9381 	EXP 	surround_grating: autoDraw = True
356.9381 	EXP 	center_grating: autoDraw = True
357.0124 	EXP 	noise_3: autoDraw = False
357.0124 	EXP 	surround_grating: autoDraw = False
357.0124 	EXP 	center_grating: autoDraw = False
357.6485 	EXP 	New trial (rep=0, index=138): <Trial 138 (138 in rep 0) data={'center': -4, 'surround': 0.0, 'type': 'c-4', 'surr_type': 'noss', 'orient_opacity': 0, 'noise_opacity': 100, 'isi': 1.0, 'thisN': 138, 'thisTrialN': 138, 'thisRepN': 0}>
357.6545 	DATA 	Keypress: z
357.6604 	INFO 	Keyboard events cleared
357.6600 	EXP 	noise_3: autoDraw = False
357.6600 	EXP 	surround_grating: autoDraw = False
357.6600 	EXP 	center_grating: autoDraw = False
357.6600 	EXP 	text_2: autoDraw = False
357.6600 	EXP 	surround_grating: ori = 0.0
357.6600 	EXP 	surround_grating: sf = array([2.5, 2.5])
357.6600 	EXP 	surround_grating: phase = array([0.32581379, 0.32581379])
357.6600 	EXP 	center_grating: ori = -4.0
357.6600 	EXP 	center_grating: sf = array([2.5, 2.5])
357.6600 	EXP 	center_grating: phase = array([0.27733664, 0.27733664])
358.6450 	EXP 	noise_3: autoDraw = True
358.6450 	EXP 	surround_grating: autoDraw = True
358.6450 	EXP 	center_grating: autoDraw = True
358.7183 	EXP 	noise_3: autoDraw = False
358.7183 	EXP 	surround_grating: autoDraw = False
358.7183 	EXP 	center_grating: autoDraw = False
359.3205 	EXP 	New trial (rep=0, index=139): <Trial 139 (139 in rep 0) data={'center': 6, 'surround': 15.0, 'type': 'c+6', 'surr_type': 'poss', 'orient_opacity': 100, 'noise_opacity': 0, 'isi': 1.0, 'thisN': 139, 'thisTrialN': 139, 'thisRepN': 0}>
359.3257 	DATA 	Keypress: z
359.3319 	INFO 	Keyboard events cleared
359.3314 	EXP 	noise_3: autoDraw = False
359.3314 	EXP 	surround_grating: autoDraw = False
359.3314 	EXP 	center_grating: autoDraw = False
359.3314 	EXP 	text_2: autoDraw = False
359.3314 	EXP 	surround_grating: ori = 15.0
359.3314 	EXP 	surround_grating: sf = array([2.5, 2.5])
359.3314 	EXP 	surround_grating: phase = array([0.82744079, 0.82744079])
359.3314 	EXP 	center_grating: ori = 6.0
359.3314 	EXP 	center_grating: sf = array([2.5, 2.5])
359.3314 	EXP 	center_grating: phase = array([0.64211126, 0.64211126])
360.3218 	EXP 	noise_3: autoDraw = True
360.3218 	EXP 	surround_grating: autoDraw = True
360.3218 	EXP 	center_grating: autoDraw = True
360.3959 	EXP 	noise_3: autoDraw = False
360.3959 	EXP 	surround_grating: autoDraw = False
360.3959 	EXP 	center_grating: autoDraw = False
360.9826 	EXP 	New trial (rep=0, index=140): <Trial 140 (140 in rep 0) data={'center': 2, 'surround': -15.0, 'type': 'c+2', 'surr_type': 'negs', 'orient_opacity': 100, 'noise_opacity': 0, 'isi': 1.0, 'thisN': 140, 'thisTrialN': 140, 'thisRepN': 0}>
360.9885 	DATA 	Keypress: period
360.9946 	INFO 	Keyboard events cleared
360.9940 	EXP 	noise_3: autoDraw = False
360.9940 	EXP 	surround_grating: autoDraw = False
360.9940 	EXP 	center_grating: autoDraw = False
360.9940 	EXP 	text_2: autoDraw = False
360.9940 	EXP 	surround_grating: ori = -15.0
360.9940 	EXP 	surround_grating: sf = array([2.5, 2.5])
360.9940 	EXP 	surround_grating: phase = array([0.94766042, 0.94766042])
360.9940 	EXP 	center_grating: ori = 2.0
360.9940 	EXP 	center_grating: sf = array([2.5, 2.5])
360.9940 	EXP 	center_grating: phase = array([0.32011361, 0.32011361])
361.9788 	EXP 	noise_3: autoDraw = True
361.9788 	EXP 	surround_grating: autoDraw = True
361.9788 	EXP 	center_grating: autoDraw = True
362.0516 	EXP 	noise_3: autoDraw = False
362.0516 	EXP 	surround_grating: autoDraw = False
362.0516 	EXP 	center_grating: autoDraw = False
362.5251 	DATA 	Keypress: period
362.5321 	EXP 	New trial (rep=0, index=141): <Trial 141 (141 in rep 0) data={'center': -6, 'surround': -15.0, 'type': 'c-6', 'surr_type': 'negs', 'orient_opacity': 100, 'noise_opacity': 0, 'isi': 1.0, 'thisN': 141, 'thisTrialN': 141, 'thisRepN': 0}>
362.5464 	INFO 	Keyboard events cleared
362.5460 	EXP 	noise_3: autoDraw = False
362.5460 	EXP 	surround_grating: autoDraw = False
362.5460 	EXP 	center_grating: autoDraw = False
362.5460 	EXP 	text_2: autoDraw = False
362.5460 	EXP 	surround_grating: ori = -15.0
362.5460 	EXP 	surround_grating: sf = array([2.5, 2.5])
362.5460 	EXP 	surround_grating: phase = array([0.6352496, 0.6352496])
362.5460 	EXP 	center_grating: ori = -6.0
362.5460 	EXP 	center_grating: sf = array([2.5, 2.5])
362.5460 	EXP 	center_grating: phase = array([0.8687257, 0.8687257])
363.5289 	EXP 	noise_3: autoDraw = True
363.5289 	EXP 	surround_grating: autoDraw = True
363.5289 	EXP 	center_grating: autoDraw = True
363.6011 	EXP 	noise_3: autoDraw = False
363.6011 	EXP 	surround_grating: autoDraw = False
363.6011 	EXP 	center_grating: autoDraw = False
364.1658 	EXP 	New trial (rep=0, index=142): <Trial 142 (142 in rep 0) data={'center': 6, 'surround': 15.0, 'type': 'c+6', 'surr_type': 'poss', 'orient_opacity': 100, 'noise_opacity': 0, 'isi': 0.5, 'thisN': 142, 'thisTrialN': 142, 'thisRepN': 0}>
364.1713 	DATA 	Keypress: z
364.1772 	INFO 	Keyboard events cleared
364.1768 	EXP 	noise_3: autoDraw = False
364.1768 	EXP 	surround_grating: autoDraw = False
364.1768 	EXP 	center_grating: autoDraw = False
364.1768 	EXP 	text_2: autoDraw = False
364.1768 	EXP 	surround_grating: ori = 15.0
364.1768 	EXP 	surround_grating: sf = array([2.5, 2.5])
364.1768 	EXP 	surround_grating: phase = array([0.23400825, 0.23400825])
364.1768 	EXP 	center_grating: ori = 6.0
364.1768 	EXP 	center_grating: sf = array([2.5, 2.5])
364.1768 	EXP 	center_grating: phase = array([0.32995595, 0.32995595])
364.6625 	EXP 	noise_3: autoDraw = True
364.6625 	EXP 	surround_grating: autoDraw = True
364.6625 	EXP 	center_grating: autoDraw = True
364.7346 	EXP 	noise_3: autoDraw = False
364.7346 	EXP 	surround_grating: autoDraw = False
364.7346 	EXP 	center_grating: autoDraw = False
365.4164 	EXP 	New trial (rep=0, index=143): <Trial 143 (143 in rep 0) data={'center': 2, 'surround': 0.0, 'type': 'c+2', 'surr_type': 'noss', 'orient_opacity': 0, 'noise_opacity': 100, 'isi': 1.0, 'thisN': 143, 'thisTrialN': 143, 'thisRepN': 0}>
365.4216 	DATA 	Keypress: period
365.4276 	INFO 	Keyboard events cleared
365.4272 	EXP 	noise_3: autoDraw = False
365.4272 	EXP 	surround_grating: autoDraw = False
365.4272 	EXP 	center_grating: autoDraw = False
365.4272 	EXP 	text_2: autoDraw = False
365.4272 	EXP 	surround_grating: ori = 0.0
365.4272 	EXP 	surround_grating: sf = array([2.5, 2.5])
365.4272 	EXP 	surround_grating: phase = array([0.79449357, 0.79449357])
365.4272 	EXP 	center_grating: ori = 2.0
365.4272 	EXP 	center_grating: sf = array([2.5, 2.5])
365.4272 	EXP 	center_grating: phase = array([0.35525195, 0.35525195])
366.4115 	EXP 	noise_3: autoDraw = True
366.4115 	EXP 	surround_grating: autoDraw = True
366.4115 	EXP 	center_grating: autoDraw = True
366.4852 	EXP 	noise_3: autoDraw = False
366.4852 	EXP 	surround_grating: autoDraw = False
366.4852 	EXP 	center_grating: autoDraw = False
367.0825 	EXP 	New trial (rep=0, index=144): <Trial 144 (144 in rep 0) data={'center': 8, 'surround': 15.0, 'type': 'c+8', 'surr_type': 'poss', 'orient_opacity': 100, 'noise_opacity': 0, 'isi': 0.75, 'thisN': 144, 'thisTrialN': 144, 'thisRepN': 0}>
367.0888 	DATA 	Keypress: period
367.0951 	INFO 	Keyboard events cleared
367.0946 	EXP 	noise_3: autoDraw = False
367.0946 	EXP 	surround_grating: autoDraw = False
367.0946 	EXP 	center_grating: autoDraw = False
367.0946 	EXP 	text_2: autoDraw = False
367.0946 	EXP 	surround_grating: ori = 15.0
367.0946 	EXP 	surround_grating: sf = array([2.5, 2.5])
367.0946 	EXP 	surround_grating: phase = array([0.38180798, 0.38180798])
367.0946 	EXP 	center_grating: ori = 8.0
367.0946 	EXP 	center_grating: sf = array([2.5, 2.5])
367.0946 	EXP 	center_grating: phase = array([0.34263697, 0.34263697])
367.8290 	EXP 	noise_3: autoDraw = True
367.8290 	EXP 	surround_grating: autoDraw = True
367.8290 	EXP 	center_grating: autoDraw = True
367.9009 	EXP 	noise_3: autoDraw = False
367.9009 	EXP 	surround_grating: autoDraw = False
367.9009 	EXP 	center_grating: autoDraw = False
368.3159 	EXP 	New trial (rep=0, index=145): <Trial 145 (145 in rep 0) data={'center': 2, 'surround': -15.0, 'type': 'c+2', 'surr_type': 'negs', 'orient_opacity': 100, 'noise_opacity': 0, 'isi': 0.75, 'thisN': 145, 'thisTrialN': 145, 'thisRepN': 0}>
368.3217 	DATA 	Keypress: z
368.3276 	INFO 	Keyboard events cleared
368.3272 	EXP 	noise_3: autoDraw = False
368.3272 	EXP 	surround_grating: autoDraw = False
368.3272 	EXP 	center_grating: autoDraw = False
368.3272 	EXP 	text_2: autoDraw = False
368.3272 	EXP 	surround_grating: ori = -15.0
368.3272 	EXP 	surround_grating: sf = array([2.5, 2.5])
368.3272 	EXP 	surround_grating: phase = array([0.06154061, 0.06154061])
368.3272 	EXP 	center_grating: ori = 2.0
368.3272 	EXP 	center_grating: sf = array([2.5, 2.5])
368.3272 	EXP 	center_grating: phase = array([0.50174386, 0.50174386])
369.0625 	EXP 	noise_3: autoDraw = True
369.0625 	EXP 	surround_grating: autoDraw = True
369.0625 	EXP 	center_grating: autoDraw = True
369.1464 	EXP 	noise_3: autoDraw = False
369.1464 	EXP 	surround_grating: autoDraw = False
369.1464 	EXP 	center_grating: autoDraw = False
369.6657 	EXP 	New trial (rep=0, index=146): <Trial 146 (146 in rep 0) data={'center': 2, 'surround': 15.0, 'type': 'c+2', 'surr_type': 'poss', 'orient_opacity': 100, 'noise_opacity': 0, 'isi': 0.5, 'thisN': 146, 'thisTrialN': 146, 'thisRepN': 0}>
369.6708 	DATA 	Keypress: period
369.6772 	INFO 	Keyboard events cleared
369.6766 	EXP 	noise_3: autoDraw = False
369.6766 	EXP 	surround_grating: autoDraw = False
369.6766 	EXP 	center_grating: autoDraw = False
369.6766 	EXP 	text_2: autoDraw = False
369.6766 	EXP 	surround_grating: ori = 15.0
369.6766 	EXP 	surround_grating: sf = array([2.5, 2.5])
369.6766 	EXP 	surround_grating: phase = array([0.90925265, 0.90925265])
369.6766 	EXP 	center_grating: ori = 2.0
369.6766 	EXP 	center_grating: sf = array([2.5, 2.5])
369.6766 	EXP 	center_grating: phase = array([0.1374797, 0.1374797])
370.1624 	EXP 	noise_3: autoDraw = True
370.1624 	EXP 	surround_grating: autoDraw = True
370.1624 	EXP 	center_grating: autoDraw = True
370.2347 	EXP 	noise_3: autoDraw = False
370.2347 	EXP 	surround_grating: autoDraw = False
370.2347 	EXP 	center_grating: autoDraw = False
371.1833 	EXP 	New trial (rep=0, index=147): <Trial 147 (147 in rep 0) data={'center': 0, 'surround': 15.0, 'type': 'c+0', 'surr_type': 'poss', 'orient_opacity': 100, 'noise_opacity': 0, 'isi': 0.75, 'thisN': 147, 'thisTrialN': 147, 'thisRepN': 0}>
371.1885 	DATA 	Keypress: period
371.1948 	INFO 	Keyboard events cleared
371.1942 	EXP 	noise_3: autoDraw = False
371.1942 	EXP 	surround_grating: autoDraw = False
371.1942 	EXP 	center_grating: autoDraw = False
371.1942 	EXP 	text_2: autoDraw = False
371.1942 	EXP 	surround_grating: ori = 15.0
371.1942 	EXP 	surround_grating: sf = array([2.5, 2.5])
371.1942 	EXP 	surround_grating: phase = array([0.83164288, 0.83164288])
371.1942 	EXP 	center_grating: ori = 0.0
371.1942 	EXP 	center_grating: sf = array([2.5, 2.5])
371.1942 	EXP 	center_grating: phase = array([0.28847881, 0.28847881])
371.9292 	EXP 	noise_3: autoDraw = True
371.9292 	EXP 	surround_grating: autoDraw = True
371.9292 	EXP 	center_grating: autoDraw = True
372.0021 	EXP 	noise_3: autoDraw = False
372.0021 	EXP 	surround_grating: autoDraw = False
372.0021 	EXP 	center_grating: autoDraw = False
372.4992 	EXP 	New trial (rep=0, index=148): <Trial 148 (148 in rep 0) data={'center': 2, 'surround': -15.0, 'type': 'c+2', 'surr_type': 'negs', 'orient_opacity': 100, 'noise_opacity': 0, 'isi': 1.25, 'thisN': 148, 'thisTrialN': 148, 'thisRepN': 0}>
372.5042 	DATA 	Keypress: z
372.5100 	INFO 	Keyboard events cleared
372.5095 	EXP 	noise_3: autoDraw = False
372.5095 	EXP 	surround_grating: autoDraw = False
372.5095 	EXP 	center_grating: autoDraw = False
372.5095 	EXP 	text_2: autoDraw = False
372.5095 	EXP 	surround_grating: ori = -15.0
372.5095 	EXP 	surround_grating: sf = array([2.5, 2.5])
372.5095 	EXP 	surround_grating: phase = array([0.23219346, 0.23219346])
372.5095 	EXP 	center_grating: ori = 2.0
372.5095 	EXP 	center_grating: sf = array([2.5, 2.5])
372.5095 	EXP 	center_grating: phase = array([0.75613433, 0.75613433])
373.7459 	EXP 	noise_3: autoDraw = True
373.7459 	EXP 	surround_grating: autoDraw = True
373.7459 	EXP 	center_grating: autoDraw = True
373.8185 	EXP 	noise_3: autoDraw = False
373.8185 	EXP 	surround_grating: autoDraw = False
373.8185 	EXP 	center_grating: autoDraw = False
374.3497 	EXP 	New trial (rep=0, index=149): <Trial 149 (149 in rep 0) data={'center': 2, 'surround': -15.0, 'type': 'c+2', 'surr_type': 'negs', 'orient_opacity': 100, 'noise_opacity': 0, 'isi': 1.25, 'thisN': 149, 'thisTrialN': 149, 'thisRepN': 0}>
374.3563 	DATA 	Keypress: period
374.3622 	INFO 	Keyboard events cleared
374.3617 	EXP 	noise_3: autoDraw = False
374.3617 	EXP 	surround_grating: autoDraw = False
374.3617 	EXP 	center_grating: autoDraw = False
374.3617 	EXP 	text_2: autoDraw = False
374.3617 	EXP 	surround_grating: ori = -15.0
374.3617 	EXP 	surround_grating: sf = array([2.5, 2.5])
374.3617 	EXP 	surround_grating: phase = array([0.80491653, 0.80491653])
374.3617 	EXP 	center_grating: ori = 2.0
374.3617 	EXP 	center_grating: sf = array([2.5, 2.5])
374.3617 	EXP 	center_grating: phase = array([0.1998626, 0.1998626])
375.5953 	EXP 	noise_3: autoDraw = True
375.5953 	EXP 	surround_grating: autoDraw = True
375.5953 	EXP 	center_grating: autoDraw = True
375.6684 	EXP 	noise_3: autoDraw = False
375.6684 	EXP 	surround_grating: autoDraw = False
375.6684 	EXP 	center_grating: autoDraw = False
376.2163 	EXP 	New trial (rep=0, index=150): <Trial 150 (150 in rep 0) data={'center': -2, 'surround': 15.0, 'type': 'c-2', 'surr_type': 'poss', 'orient_opacity': 100, 'noise_opacity': 0, 'isi': 0.5, 'thisN': 150, 'thisTrialN': 150, 'thisRepN': 0}>
376.2214 	DATA 	Keypress: period
376.2278 	INFO 	Keyboard events cleared
376.2273 	EXP 	noise_3: autoDraw = False
376.2273 	EXP 	surround_grating: autoDraw = False
376.2273 	EXP 	center_grating: autoDraw = False
376.2273 	EXP 	text_2: autoDraw = False
376.2273 	EXP 	surround_grating: ori = 15.0
376.2273 	EXP 	surround_grating: sf = array([2.5, 2.5])
376.2273 	EXP 	surround_grating: phase = array([0.78977536, 0.78977536])
376.2273 	EXP 	center_grating: ori = -2.0
376.2273 	EXP 	center_grating: sf = array([2.5, 2.5])
376.2273 	EXP 	center_grating: phase = array([0.23690758, 0.23690758])
376.7120 	EXP 	noise_3: autoDraw = True
376.7120 	EXP 	surround_grating: autoDraw = True
376.7120 	EXP 	center_grating: autoDraw = True
376.7846 	EXP 	noise_3: autoDraw = False
376.7846 	EXP 	surround_grating: autoDraw = False
376.7846 	EXP 	center_grating: autoDraw = False
377.4083 	DATA 	Keypress: z
377.4299 	INFO 	Keyboard events cleared
377.4295 	EXP 	noise_3: autoDraw = False
377.4295 	EXP 	surround_grating: autoDraw = False
377.4295 	EXP 	center_grating: autoDraw = False
377.4295 	EXP 	text_2: autoDraw = True
382.4159 	EXP 	New trial (rep=0, index=151): <Trial 151 (151 in rep 0) data={'center': 4, 'surround': 15.0, 'type': 'c+4', 'surr_type': 'poss', 'orient_opacity': 100, 'noise_opacity': 0, 'isi': 1.0, 'thisN': 151, 'thisTrialN': 151, 'thisRepN': 0}>
382.4211 	DATA 	Keypress: space
382.4271 	INFO 	Keyboard events cleared
382.4265 	EXP 	text_2: autoDraw = False
382.4265 	EXP 	surround_grating: ori = 15.0
382.4265 	EXP 	surround_grating: sf = array([2.5, 2.5])
382.4265 	EXP 	surround_grating: phase = array([0.92329929, 0.92329929])
382.4265 	EXP 	center_grating: ori = 4.0
382.4265 	EXP 	center_grating: sf = array([2.5, 2.5])
382.4265 	EXP 	center_grating: phase = array([0.22673323, 0.22673323])
383.4129 	EXP 	noise_3: autoDraw = True
383.4129 	EXP 	surround_grating: autoDraw = True
383.4129 	EXP 	center_grating: autoDraw = True
383.4971 	EXP 	noise_3: autoDraw = False
383.4971 	EXP 	surround_grating: autoDraw = False
383.4971 	EXP 	center_grating: autoDraw = False
384.1662 	EXP 	New trial (rep=0, index=152): <Trial 152 (152 in rep 0) data={'center': -2, 'surround': 0.0, 'type': 'c-2', 'surr_type': 'noss', 'orient_opacity': 0, 'noise_opacity': 100, 'isi': 0.75, 'thisN': 152, 'thisTrialN': 152, 'thisRepN': 0}>
384.1712 	DATA 	Keypress: period
384.1771 	INFO 	Keyboard events cleared
384.1766 	EXP 	noise_3: autoDraw = False
384.1766 	EXP 	surround_grating: autoDraw = False
384.1766 	EXP 	center_grating: autoDraw = False
384.1766 	EXP 	text_2: autoDraw = False
384.1766 	EXP 	surround_grating: ori = 0.0
384.1766 	EXP 	surround_grating: sf = array([2.5, 2.5])
384.1766 	EXP 	surround_grating: phase = array([0.10311583, 0.10311583])
384.1766 	EXP 	center_grating: ori = -2.0
384.1766 	EXP 	center_grating: sf = array([2.5, 2.5])
384.1766 	EXP 	center_grating: phase = array([0.13514455, 0.13514455])
384.9124 	EXP 	noise_3: autoDraw = True
384.9124 	EXP 	surround_grating: autoDraw = True
384.9124 	EXP 	center_grating: autoDraw = True
384.9855 	EXP 	noise_3: autoDraw = False
384.9855 	EXP 	surround_grating: autoDraw = False
384.9855 	EXP 	center_grating: autoDraw = False
385.4381 	EXP 	New trial (rep=0, index=153): <Trial 153 (153 in rep 0) data={'center': -2, 'surround': 0.0, 'type': 'c-2', 'surr_type': 'noss', 'orient_opacity': 0, 'noise_opacity': 100, 'isi': 1.25, 'thisN': 153, 'thisTrialN': 153, 'thisRepN': 0}>
385.4431 	DATA 	Keypress: period
385.4494 	INFO 	Keyboard events cleared
385.4488 	EXP 	noise_3: autoDraw = False
385.4488 	EXP 	surround_grating: autoDraw = False
385.4488 	EXP 	center_grating: autoDraw = False
385.4488 	EXP 	text_2: autoDraw = False
385.4488 	EXP 	surround_grating: ori = 0.0
385.4488 	EXP 	surround_grating: sf = array([2.5, 2.5])
385.4488 	EXP 	surround_grating: phase = array([0.91181241, 0.91181241])
385.4488 	EXP 	center_grating: ori = -2.0
385.4488 	EXP 	center_grating: sf = array([2.5, 2.5])
385.4488 	EXP 	center_grating: phase = array([0.76155175, 0.76155175])
386.6892 	EXP 	noise_3: autoDraw = True
386.6892 	EXP 	surround_grating: autoDraw = True
386.6892 	EXP 	center_grating: autoDraw = True
386.7637 	EXP 	noise_3: autoDraw = False
386.7637 	EXP 	surround_grating: autoDraw = False
386.7637 	EXP 	center_grating: autoDraw = False
387.2001 	EXP 	New trial (rep=0, index=154): <Trial 154 (154 in rep 0) data={'center': 4, 'surround': 0.0, 'type': 'c+4', 'surr_type': 'noss', 'orient_opacity': 0, 'noise_opacity': 100, 'isi': 0.5, 'thisN': 154, 'thisTrialN': 154, 'thisRepN': 0}>
387.2063 	DATA 	Keypress: period
387.2125 	INFO 	Keyboard events cleared
387.2121 	EXP 	noise_3: autoDraw = False
387.2121 	EXP 	surround_grating: autoDraw = False
387.2121 	EXP 	center_grating: autoDraw = False
387.2121 	EXP 	text_2: autoDraw = False
387.2121 	EXP 	surround_grating: ori = 0.0
387.2121 	EXP 	surround_grating: sf = array([2.5, 2.5])
387.2121 	EXP 	surround_grating: phase = array([0.89162652, 0.89162652])
387.2121 	EXP 	center_grating: ori = 4.0
387.2121 	EXP 	center_grating: sf = array([2.5, 2.5])
387.2121 	EXP 	center_grating: phase = array([0.69595809, 0.69595809])
387.6965 	EXP 	noise_3: autoDraw = True
387.6965 	EXP 	surround_grating: autoDraw = True
387.6965 	EXP 	center_grating: autoDraw = True
387.7692 	EXP 	noise_3: autoDraw = False
387.7692 	EXP 	surround_grating: autoDraw = False
387.7692 	EXP 	center_grating: autoDraw = False
388.1332 	EXP 	New trial (rep=0, index=155): <Trial 155 (155 in rep 0) data={'center': 6, 'surround': 15.0, 'type': 'c+6', 'surr_type': 'poss', 'orient_opacity': 100, 'noise_opacity': 0, 'isi': 1.0, 'thisN': 155, 'thisTrialN': 155, 'thisRepN': 0}>
388.1395 	DATA 	Keypress: period
388.1459 	INFO 	Keyboard events cleared
388.1454 	EXP 	noise_3: autoDraw = False
388.1454 	EXP 	surround_grating: autoDraw = False
388.1454 	EXP 	center_grating: autoDraw = False
388.1454 	EXP 	text_2: autoDraw = False
388.1454 	EXP 	surround_grating: ori = 15.0
388.1454 	EXP 	surround_grating: sf = array([2.5, 2.5])
388.1454 	EXP 	surround_grating: phase = array([0.02682838, 0.02682838])
388.1454 	EXP 	center_grating: ori = 6.0
388.1454 	EXP 	center_grating: sf = array([2.5, 2.5])
388.1454 	EXP 	center_grating: phase = array([0.80361525, 0.80361525])
389.1298 	EXP 	noise_3: autoDraw = True
389.1298 	EXP 	surround_grating: autoDraw = True
389.1298 	EXP 	center_grating: autoDraw = True
389.2018 	EXP 	noise_3: autoDraw = False
389.2018 	EXP 	surround_grating: autoDraw = False
389.2018 	EXP 	center_grating: autoDraw = False
389.7496 	EXP 	New trial (rep=0, index=156): <Trial 156 (156 in rep 0) data={'center': 4, 'surround': 0.0, 'type': 'c+4', 'surr_type': 'noss', 'orient_opacity': 0, 'noise_opacity': 100, 'isi': 1.25, 'thisN': 156, 'thisTrialN': 156, 'thisRepN': 0}>
389.7547 	DATA 	Keypress: z
389.7606 	INFO 	Keyboard events cleared
389.7601 	EXP 	noise_3: autoDraw = False
389.7601 	EXP 	surround_grating: autoDraw = False
389.7601 	EXP 	center_grating: autoDraw = False
389.7601 	EXP 	text_2: autoDraw = False
389.7601 	EXP 	surround_grating: ori = 0.0
389.7601 	EXP 	surround_grating: sf = array([2.5, 2.5])
389.7601 	EXP 	surround_grating: phase = array([0.17885208, 0.17885208])
389.7601 	EXP 	center_grating: ori = 4.0
389.7601 	EXP 	center_grating: sf = array([2.5, 2.5])
389.7601 	EXP 	center_grating: phase = array([0.45117179, 0.45117179])
390.9966 	EXP 	noise_3: autoDraw = True
390.9966 	EXP 	surround_grating: autoDraw = True
390.9966 	EXP 	center_grating: autoDraw = True
391.0684 	EXP 	noise_3: autoDraw = False
391.0684 	EXP 	surround_grating: autoDraw = False
391.0684 	EXP 	center_grating: autoDraw = False
391.5252 	DATA 	Keypress: period
391.5323 	EXP 	New trial (rep=0, index=157): <Trial 157 (157 in rep 0) data={'center': 6, 'surround': 15.0, 'type': 'c+6', 'surr_type': 'poss', 'orient_opacity': 100, 'noise_opacity': 0, 'isi': 0.75, 'thisN': 157, 'thisTrialN': 157, 'thisRepN': 0}>
391.5397 	INFO 	Keyboard events cleared
391.5393 	EXP 	noise_3: autoDraw = False
391.5393 	EXP 	surround_grating: autoDraw = False
391.5393 	EXP 	center_grating: autoDraw = False
391.5393 	EXP 	text_2: autoDraw = False
391.5393 	EXP 	surround_grating: ori = 15.0
391.5393 	EXP 	surround_grating: sf = array([2.5, 2.5])
391.5393 	EXP 	surround_grating: phase = array([0.83251089, 0.83251089])
391.5393 	EXP 	center_grating: ori = 6.0
391.5393 	EXP 	center_grating: sf = array([2.5, 2.5])
391.5393 	EXP 	center_grating: phase = array([0.89480077, 0.89480077])
392.2793 	EXP 	noise_3: autoDraw = True
392.2793 	EXP 	surround_grating: autoDraw = True
392.2793 	EXP 	center_grating: autoDraw = True
392.3526 	EXP 	noise_3: autoDraw = False
392.3526 	EXP 	surround_grating: autoDraw = False
392.3526 	EXP 	center_grating: autoDraw = False
392.8998 	EXP 	New trial (rep=0, index=158): <Trial 158 (158 in rep 0) data={'center': -2, 'surround': -15.0, 'type': 'c-2', 'surr_type': 'negs', 'orient_opacity': 100, 'noise_opacity': 0, 'isi': 1.0, 'thisN': 158, 'thisTrialN': 158, 'thisRepN': 0}>
392.9055 	DATA 	Keypress: period
392.9114 	INFO 	Keyboard events cleared
392.9109 	EXP 	noise_3: autoDraw = False
392.9109 	EXP 	surround_grating: autoDraw = False
392.9109 	EXP 	center_grating: autoDraw = False
392.9109 	EXP 	text_2: autoDraw = False
392.9109 	EXP 	surround_grating: ori = -15.0
392.9109 	EXP 	surround_grating: sf = array([2.5, 2.5])
392.9109 	EXP 	surround_grating: phase = array([0.98792863, 0.98792863])
392.9109 	EXP 	center_grating: ori = -2.0
392.9109 	EXP 	center_grating: sf = array([2.5, 2.5])
392.9109 	EXP 	center_grating: phase = array([0.19033526, 0.19033526])
393.8960 	EXP 	noise_3: autoDraw = True
393.8960 	EXP 	surround_grating: autoDraw = True
393.8960 	EXP 	center_grating: autoDraw = True
393.9703 	EXP 	noise_3: autoDraw = False
393.9703 	EXP 	surround_grating: autoDraw = False
393.9703 	EXP 	center_grating: autoDraw = False
394.4163 	EXP 	New trial (rep=0, index=159): <Trial 159 (159 in rep 0) data={'center': -4, 'surround': -15.0, 'type': 'c-4', 'surr_type': 'negs', 'orient_opacity': 100, 'noise_opacity': 0, 'isi': 1.0, 'thisN': 159, 'thisTrialN': 159, 'thisRepN': 0}>
394.4220 	DATA 	Keypress: period
394.4281 	INFO 	Keyboard events cleared
394.4275 	EXP 	noise_3: autoDraw = False
394.4275 	EXP 	surround_grating: autoDraw = False
394.4275 	EXP 	center_grating: autoDraw = False
394.4275 	EXP 	text_2: autoDraw = False
394.4275 	EXP 	surround_grating: ori = -15.0
394.4275 	EXP 	surround_grating: sf = array([2.5, 2.5])
394.4275 	EXP 	surround_grating: phase = array([0.75418016, 0.75418016])
394.4275 	EXP 	center_grating: ori = -4.0
394.4275 	EXP 	center_grating: sf = array([2.5, 2.5])
394.4275 	EXP 	center_grating: phase = array([0.51176365, 0.51176365])
395.4134 	EXP 	noise_3: autoDraw = True
395.4134 	EXP 	surround_grating: autoDraw = True
395.4134 	EXP 	center_grating: autoDraw = True
395.4857 	EXP 	noise_3: autoDraw = False
395.4857 	EXP 	surround_grating: autoDraw = False
395.4857 	EXP 	center_grating: autoDraw = False
396.0665 	EXP 	New trial (rep=0, index=160): <Trial 160 (160 in rep 0) data={'center': -2, 'surround': -15.0, 'type': 'c-2', 'surr_type': 'negs', 'orient_opacity': 100, 'noise_opacity': 0, 'isi': 0.75, 'thisN': 160, 'thisTrialN': 160, 'thisRepN': 0}>
396.0726 	DATA 	Keypress: period
396.0788 	INFO 	Keyboard events cleared
396.0784 	EXP 	noise_3: autoDraw = False
396.0784 	EXP 	surround_grating: autoDraw = False
396.0784 	EXP 	center_grating: autoDraw = False
396.0784 	EXP 	text_2: autoDraw = False
396.0784 	EXP 	surround_grating: ori = -15.0
396.0784 	EXP 	surround_grating: sf = array([2.5, 2.5])
396.0784 	EXP 	surround_grating: phase = array([0.57913887, 0.57913887])
396.0784 	EXP 	center_grating: ori = -2.0
396.0784 	EXP 	center_grating: sf = array([2.5, 2.5])
396.0784 	EXP 	center_grating: phase = array([0.29718556, 0.29718556])
396.8136 	EXP 	noise_3: autoDraw = True
396.8136 	EXP 	surround_grating: autoDraw = True
396.8136 	EXP 	center_grating: autoDraw = True
396.8865 	EXP 	noise_3: autoDraw = False
396.8865 	EXP 	surround_grating: autoDraw = False
396.8865 	EXP 	center_grating: autoDraw = False
397.2005 	EXP 	New trial (rep=0, index=161): <Trial 161 (161 in rep 0) data={'center': -2, 'surround': 15.0, 'type': 'c-2', 'surr_type': 'poss', 'orient_opacity': 100, 'noise_opacity': 0, 'isi': 0.5, 'thisN': 161, 'thisTrialN': 161, 'thisRepN': 0}>
397.2064 	DATA 	Keypress: z
397.2123 	INFO 	Keyboard events cleared
397.2118 	EXP 	noise_3: autoDraw = False
397.2118 	EXP 	surround_grating: autoDraw = False
397.2118 	EXP 	center_grating: autoDraw = False
397.2118 	EXP 	text_2: autoDraw = False
397.2118 	EXP 	surround_grating: ori = 15.0
397.2118 	EXP 	surround_grating: sf = array([2.5, 2.5])
397.2118 	EXP 	surround_grating: phase = array([0.77389157, 0.77389157])
397.2118 	EXP 	center_grating: ori = -2.0
397.2118 	EXP 	center_grating: sf = array([2.5, 2.5])
397.2118 	EXP 	center_grating: phase = array([0.34976576, 0.34976576])
397.6969 	EXP 	noise_3: autoDraw = True
397.6969 	EXP 	surround_grating: autoDraw = True
397.6969 	EXP 	center_grating: autoDraw = True
397.7691 	EXP 	noise_3: autoDraw = False
397.7691 	EXP 	surround_grating: autoDraw = False
397.7691 	EXP 	center_grating: autoDraw = False
398.3155 	EXP 	New trial (rep=0, index=162): <Trial 162 (162 in rep 0) data={'center': 0, 'surround': 15.0, 'type': 'c+0', 'surr_type': 'poss', 'orient_opacity': 100, 'noise_opacity': 0, 'isi': 1.0, 'thisN': 162, 'thisTrialN': 162, 'thisRepN': 0}>
398.3202 	DATA 	Keypress: z
398.3262 	INFO 	Keyboard events cleared
398.3258 	EXP 	noise_3: autoDraw = False
398.3258 	EXP 	surround_grating: autoDraw = False
398.3258 	EXP 	center_grating: autoDraw = False
398.3258 	EXP 	text_2: autoDraw = False
398.3258 	EXP 	surround_grating: ori = 15.0
398.3258 	EXP 	surround_grating: sf = array([2.5, 2.5])
398.3258 	EXP 	surround_grating: phase = array([0.23230741, 0.23230741])
398.3258 	EXP 	center_grating: ori = 0.0
398.3258 	EXP 	center_grating: sf = array([2.5, 2.5])
398.3258 	EXP 	center_grating: phase = array([0.14358537, 0.14358537])
399.3129 	EXP 	noise_3: autoDraw = True
399.3129 	EXP 	surround_grating: autoDraw = True
399.3129 	EXP 	center_grating: autoDraw = True
399.3851 	EXP 	noise_3: autoDraw = False
399.3851 	EXP 	surround_grating: autoDraw = False
399.3851 	EXP 	center_grating: autoDraw = False
399.9834 	EXP 	New trial (rep=0, index=163): <Trial 163 (163 in rep 0) data={'center': -4, 'surround': 0.0, 'type': 'c-4', 'surr_type': 'noss', 'orient_opacity': 0, 'noise_opacity': 100, 'isi': 0.5, 'thisN': 163, 'thisTrialN': 163, 'thisRepN': 0}>
399.9885 	DATA 	Keypress: z
399.9944 	INFO 	Keyboard events cleared
399.9939 	EXP 	noise_3: autoDraw = False
399.9939 	EXP 	surround_grating: autoDraw = False
399.9939 	EXP 	center_grating: autoDraw = False
399.9939 	EXP 	text_2: autoDraw = False
399.9939 	EXP 	surround_grating: ori = 0.0
399.9939 	EXP 	surround_grating: sf = array([2.5, 2.5])
399.9939 	EXP 	surround_grating: phase = array([0.88591781, 0.88591781])
399.9939 	EXP 	center_grating: ori = -4.0
399.9939 	EXP 	center_grating: sf = array([2.5, 2.5])
399.9939 	EXP 	center_grating: phase = array([0.33182178, 0.33182178])
400.4803 	EXP 	noise_3: autoDraw = True
400.4803 	EXP 	surround_grating: autoDraw = True
400.4803 	EXP 	center_grating: autoDraw = True
400.5526 	EXP 	noise_3: autoDraw = False
400.5526 	EXP 	surround_grating: autoDraw = False
400.5526 	EXP 	center_grating: autoDraw = False
401.5050 	EXP 	New trial (rep=0, index=164): <Trial 164 (164 in rep 0) data={'center': 2, 'surround': 15.0, 'type': 'c+2', 'surr_type': 'poss', 'orient_opacity': 100, 'noise_opacity': 0, 'isi': 1.25, 'thisN': 164, 'thisTrialN': 164, 'thisRepN': 0}>
401.5100 	DATA 	Keypress: z
401.5163 	INFO 	Keyboard events cleared
401.5158 	EXP 	noise_3: autoDraw = False
401.5158 	EXP 	surround_grating: autoDraw = False
401.5158 	EXP 	center_grating: autoDraw = False
401.5158 	EXP 	text_2: autoDraw = False
401.5158 	EXP 	surround_grating: ori = 15.0
401.5158 	EXP 	surround_grating: sf = array([2.5, 2.5])
401.5158 	EXP 	surround_grating: phase = array([0.50491054, 0.50491054])
401.5158 	EXP 	center_grating: ori = 2.0
401.5158 	EXP 	center_grating: sf = array([2.5, 2.5])
401.5158 	EXP 	center_grating: phase = array([0.02817928, 0.02817928])
402.7562 	EXP 	noise_3: autoDraw = True
402.7562 	EXP 	surround_grating: autoDraw = True
402.7562 	EXP 	center_grating: autoDraw = True
402.8298 	EXP 	noise_3: autoDraw = False
402.8298 	EXP 	surround_grating: autoDraw = False
402.8298 	EXP 	center_grating: autoDraw = False
403.4890 	EXP 	New trial (rep=0, index=165): <Trial 165 (165 in rep 0) data={'center': -2, 'surround': -15.0, 'type': 'c-2', 'surr_type': 'negs', 'orient_opacity': 100, 'noise_opacity': 0, 'isi': 0.75, 'thisN': 165, 'thisTrialN': 165, 'thisRepN': 0}>
403.4940 	DATA 	Keypress: period
403.5002 	INFO 	Keyboard events cleared
403.4997 	EXP 	noise_3: autoDraw = False
403.4997 	EXP 	surround_grating: autoDraw = False
403.4997 	EXP 	center_grating: autoDraw = False
403.4997 	EXP 	text_2: autoDraw = False
403.4997 	EXP 	surround_grating: ori = -15.0
403.4997 	EXP 	surround_grating: sf = array([2.5, 2.5])
403.4997 	EXP 	surround_grating: phase = array([0.9923574, 0.9923574])
403.4997 	EXP 	center_grating: ori = -2.0
403.4997 	EXP 	center_grating: sf = array([2.5, 2.5])
403.4997 	EXP 	center_grating: phase = array([0.49579501, 0.49579501])
404.2402 	EXP 	noise_3: autoDraw = True
404.2402 	EXP 	surround_grating: autoDraw = True
404.2402 	EXP 	center_grating: autoDraw = True
404.3145 	EXP 	noise_3: autoDraw = False
404.3145 	EXP 	surround_grating: autoDraw = False
404.3145 	EXP 	center_grating: autoDraw = False
404.7676 	EXP 	New trial (rep=0, index=166): <Trial 166 (166 in rep 0) data={'center': -4, 'surround': 0.0, 'type': 'c-4', 'surr_type': 'noss', 'orient_opacity': 0, 'noise_opacity': 100, 'isi': 1.25, 'thisN': 166, 'thisTrialN': 166, 'thisRepN': 0}>
404.7730 	DATA 	Keypress: period
404.7792 	INFO 	Keyboard events cleared
404.7787 	EXP 	noise_3: autoDraw = False
404.7787 	EXP 	surround_grating: autoDraw = False
404.7787 	EXP 	center_grating: autoDraw = False
404.7787 	EXP 	text_2: autoDraw = False
404.7787 	EXP 	surround_grating: ori = 0.0
404.7787 	EXP 	surround_grating: sf = array([2.5, 2.5])
404.7787 	EXP 	surround_grating: phase = array([0.75302856, 0.75302856])
404.7787 	EXP 	center_grating: ori = -4.0
404.7787 	EXP 	center_grating: sf = array([2.5, 2.5])
404.7787 	EXP 	center_grating: phase = array([0.06080706, 0.06080706])
406.0138 	EXP 	noise_3: autoDraw = True
406.0138 	EXP 	surround_grating: autoDraw = True
406.0138 	EXP 	center_grating: autoDraw = True
406.0860 	EXP 	noise_3: autoDraw = False
406.0860 	EXP 	surround_grating: autoDraw = False
406.0860 	EXP 	center_grating: autoDraw = False
407.0837 	EXP 	New trial (rep=0, index=167): <Trial 167 (167 in rep 0) data={'center': 2, 'surround': 0.0, 'type': 'c+2', 'surr_type': 'noss', 'orient_opacity': 0, 'noise_opacity': 100, 'isi': 0.75, 'thisN': 167, 'thisTrialN': 167, 'thisRepN': 0}>
407.0895 	DATA 	Keypress: period
407.0954 	INFO 	Keyboard events cleared
407.0950 	EXP 	noise_3: autoDraw = False
407.0950 	EXP 	surround_grating: autoDraw = False
407.0950 	EXP 	center_grating: autoDraw = False
407.0950 	EXP 	text_2: autoDraw = False
407.0950 	EXP 	surround_grating: ori = 0.0
407.0950 	EXP 	surround_grating: sf = array([2.5, 2.5])
407.0950 	EXP 	surround_grating: phase = array([0.6249811, 0.6249811])
407.0950 	EXP 	center_grating: ori = 2.0
407.0950 	EXP 	center_grating: sf = array([2.5, 2.5])
407.0950 	EXP 	center_grating: phase = array([0.40979377, 0.40979377])
407.8306 	EXP 	noise_3: autoDraw = True
407.8306 	EXP 	surround_grating: autoDraw = True
407.8306 	EXP 	center_grating: autoDraw = True
407.9040 	EXP 	noise_3: autoDraw = False
407.9040 	EXP 	surround_grating: autoDraw = False
407.9040 	EXP 	center_grating: autoDraw = False
408.5904 	EXP 	New trial (rep=0, index=168): <Trial 168 (168 in rep 0) data={'center': 0, 'surround': -15.0, 'type': 'c+0', 'surr_type': 'negs', 'orient_opacity': 100, 'noise_opacity': 0, 'isi': 1.25, 'thisN': 168, 'thisTrialN': 168, 'thisRepN': 0}>
408.5955 	DATA 	Keypress: period
408.6008 	INFO 	Keyboard events cleared
408.6003 	EXP 	noise_3: autoDraw = False
408.6003 	EXP 	surround_grating: autoDraw = False
408.6003 	EXP 	center_grating: autoDraw = False
408.6003 	EXP 	text_2: autoDraw = False
408.6003 	EXP 	surround_grating: ori = -15.0
408.6003 	EXP 	surround_grating: sf = array([2.5, 2.5])
408.6003 	EXP 	surround_grating: phase = array([0.48044529, 0.48044529])
408.6003 	EXP 	center_grating: ori = 0.0
408.6003 	EXP 	center_grating: sf = array([2.5, 2.5])
408.6003 	EXP 	center_grating: phase = array([0.0819319, 0.0819319])
409.8400 	EXP 	noise_3: autoDraw = True
409.8400 	EXP 	surround_grating: autoDraw = True
409.8400 	EXP 	center_grating: autoDraw = True
409.9145 	EXP 	noise_3: autoDraw = False
409.9145 	EXP 	surround_grating: autoDraw = False
409.9145 	EXP 	center_grating: autoDraw = False
410.6567 	EXP 	New trial (rep=0, index=169): <Trial 169 (169 in rep 0) data={'center': -4, 'surround': 0.0, 'type': 'c-4', 'surr_type': 'noss', 'orient_opacity': 0, 'noise_opacity': 100, 'isi': 0.5, 'thisN': 169, 'thisTrialN': 169, 'thisRepN': 0}>
410.6620 	DATA 	Keypress: period
410.6678 	INFO 	Keyboard events cleared
410.6672 	EXP 	noise_3: autoDraw = False
410.6672 	EXP 	surround_grating: autoDraw = False
410.6672 	EXP 	center_grating: autoDraw = False
410.6672 	EXP 	text_2: autoDraw = False
410.6672 	EXP 	surround_grating: ori = 0.0
410.6672 	EXP 	surround_grating: sf = array([2.5, 2.5])
410.6672 	EXP 	surround_grating: phase = array([0.50077233, 0.50077233])
410.6672 	EXP 	center_grating: ori = -4.0
410.6672 	EXP 	center_grating: sf = array([2.5, 2.5])
410.6672 	EXP 	center_grating: phase = array([0.48891204, 0.48891204])
411.1564 	EXP 	noise_3: autoDraw = True
411.1564 	EXP 	surround_grating: autoDraw = True
411.1564 	EXP 	center_grating: autoDraw = True
411.2312 	EXP 	noise_3: autoDraw = False
411.2312 	EXP 	surround_grating: autoDraw = False
411.2312 	EXP 	center_grating: autoDraw = False
411.8007 	EXP 	New trial (rep=0, index=170): <Trial 170 (170 in rep 0) data={'center': 8, 'surround': 15.0, 'type': 'c+8', 'surr_type': 'poss', 'orient_opacity': 100, 'noise_opacity': 0, 'isi': 0.75, 'thisN': 170, 'thisTrialN': 170, 'thisRepN': 0}>
411.8057 	DATA 	Keypress: z
411.8119 	INFO 	Keyboard events cleared
411.8113 	EXP 	noise_3: autoDraw = False
411.8113 	EXP 	surround_grating: autoDraw = False
411.8113 	EXP 	center_grating: autoDraw = False
411.8113 	EXP 	text_2: autoDraw = False
411.8113 	EXP 	surround_grating: ori = 15.0
411.8113 	EXP 	surround_grating: sf = array([2.5, 2.5])
411.8113 	EXP 	surround_grating: phase = array([0.94451429, 0.94451429])
411.8113 	EXP 	center_grating: ori = 8.0
411.8113 	EXP 	center_grating: sf = array([2.5, 2.5])
411.8113 	EXP 	center_grating: phase = array([0.62131325, 0.62131325])
412.5474 	EXP 	noise_3: autoDraw = True
412.5474 	EXP 	surround_grating: autoDraw = True
412.5474 	EXP 	center_grating: autoDraw = True
412.6197 	EXP 	noise_3: autoDraw = False
412.6197 	EXP 	surround_grating: autoDraw = False
412.6197 	EXP 	center_grating: autoDraw = False
413.2174 	EXP 	New trial (rep=0, index=171): <Trial 171 (171 in rep 0) data={'center': 4, 'surround': 15.0, 'type': 'c+4', 'surr_type': 'poss', 'orient_opacity': 100, 'noise_opacity': 0, 'isi': 1.25, 'thisN': 171, 'thisTrialN': 171, 'thisRepN': 0}>
413.2235 	DATA 	Keypress: z
413.2299 	INFO 	Keyboard events cleared
413.2294 	EXP 	noise_3: autoDraw = False
413.2294 	EXP 	surround_grating: autoDraw = False
413.2294 	EXP 	center_grating: autoDraw = False
413.2294 	EXP 	text_2: autoDraw = False
413.2294 	EXP 	surround_grating: ori = 15.0
413.2294 	EXP 	surround_grating: sf = array([2.5, 2.5])
413.2294 	EXP 	surround_grating: phase = array([0.25272111, 0.25272111])
413.2294 	EXP 	center_grating: ori = 4.0
413.2294 	EXP 	center_grating: sf = array([2.5, 2.5])
413.2294 	EXP 	center_grating: phase = array([0.37884622, 0.37884622])
414.4632 	EXP 	noise_3: autoDraw = True
414.4632 	EXP 	surround_grating: autoDraw = True
414.4632 	EXP 	center_grating: autoDraw = True
414.5355 	EXP 	noise_3: autoDraw = False
414.5355 	EXP 	surround_grating: autoDraw = False
414.5355 	EXP 	center_grating: autoDraw = False
415.1228 	EXP 	New trial (rep=0, index=172): <Trial 172 (172 in rep 0) data={'center': -2, 'surround': 15.0, 'type': 'c-2', 'surr_type': 'poss', 'orient_opacity': 100, 'noise_opacity': 0, 'isi': 1.25, 'thisN': 172, 'thisTrialN': 172, 'thisRepN': 0}>
415.1281 	DATA 	Keypress: period
415.1342 	INFO 	Keyboard events cleared
415.1337 	EXP 	noise_3: autoDraw = False
415.1337 	EXP 	surround_grating: autoDraw = False
415.1337 	EXP 	center_grating: autoDraw = False
415.1337 	EXP 	text_2: autoDraw = False
415.1337 	EXP 	surround_grating: ori = 15.0
415.1337 	EXP 	surround_grating: sf = array([2.5, 2.5])
415.1337 	EXP 	surround_grating: phase = array([0.75935666, 0.75935666])
415.1337 	EXP 	center_grating: ori = -2.0
415.1337 	EXP 	center_grating: sf = array([2.5, 2.5])
415.1337 	EXP 	center_grating: phase = array([0.92225331, 0.92225331])
416.3742 	EXP 	noise_3: autoDraw = True
416.3742 	EXP 	surround_grating: autoDraw = True
416.3742 	EXP 	center_grating: autoDraw = True
416.4480 	EXP 	noise_3: autoDraw = False
416.4480 	EXP 	surround_grating: autoDraw = False
416.4480 	EXP 	center_grating: autoDraw = False
416.9340 	EXP 	New trial (rep=0, index=173): <Trial 173 (173 in rep 0) data={'center': -4, 'surround': -15.0, 'type': 'c-4', 'surr_type': 'negs', 'orient_opacity': 100, 'noise_opacity': 0, 'isi': 0.75, 'thisN': 173, 'thisTrialN': 173, 'thisRepN': 0}>
416.9395 	DATA 	Keypress: z
416.9454 	INFO 	Keyboard events cleared
416.9449 	EXP 	noise_3: autoDraw = False
416.9449 	EXP 	surround_grating: autoDraw = False
416.9449 	EXP 	center_grating: autoDraw = False
416.9449 	EXP 	text_2: autoDraw = False
416.9449 	EXP 	surround_grating: ori = -15.0
416.9449 	EXP 	surround_grating: sf = array([2.5, 2.5])
416.9449 	EXP 	surround_grating: phase = array([0.3389735, 0.3389735])
416.9449 	EXP 	center_grating: ori = -4.0
416.9449 	EXP 	center_grating: sf = array([2.5, 2.5])
416.9449 	EXP 	center_grating: phase = array([0.7482685, 0.7482685])
417.6800 	EXP 	noise_3: autoDraw = True
417.6800 	EXP 	surround_grating: autoDraw = True
417.6800 	EXP 	center_grating: autoDraw = True
417.7531 	EXP 	noise_3: autoDraw = False
417.7531 	EXP 	surround_grating: autoDraw = False
417.7531 	EXP 	center_grating: autoDraw = False
418.4232 	EXP 	New trial (rep=0, index=174): <Trial 174 (174 in rep 0) data={'center': -2, 'surround': 0.0, 'type': 'c-2', 'surr_type': 'noss', 'orient_opacity': 0, 'noise_opacity': 100, 'isi': 1.25, 'thisN': 174, 'thisTrialN': 174, 'thisRepN': 0}>
418.4283 	DATA 	Keypress: period
418.4344 	INFO 	Keyboard events cleared
418.4339 	EXP 	noise_3: autoDraw = False
418.4339 	EXP 	surround_grating: autoDraw = False
418.4339 	EXP 	center_grating: autoDraw = False
418.4339 	EXP 	text_2: autoDraw = False
418.4339 	EXP 	surround_grating: ori = 0.0
418.4339 	EXP 	surround_grating: sf = array([2.5, 2.5])
418.4339 	EXP 	surround_grating: phase = array([0.39611488, 0.39611488])
418.4339 	EXP 	center_grating: ori = -2.0
418.4339 	EXP 	center_grating: sf = array([2.5, 2.5])
418.4339 	EXP 	center_grating: phase = array([0.58422799, 0.58422799])
419.6734 	EXP 	noise_3: autoDraw = True
419.6734 	EXP 	surround_grating: autoDraw = True
419.6734 	EXP 	center_grating: autoDraw = True
419.7484 	EXP 	noise_3: autoDraw = False
419.7484 	EXP 	surround_grating: autoDraw = False
419.7484 	EXP 	center_grating: autoDraw = False
420.5401 	EXP 	New trial (rep=0, index=175): <Trial 175 (175 in rep 0) data={'center': -6, 'surround': -15.0, 'type': 'c-6', 'surr_type': 'negs', 'orient_opacity': 100, 'noise_opacity': 0, 'isi': 0.5, 'thisN': 175, 'thisTrialN': 175, 'thisRepN': 0}>
420.5451 	DATA 	Keypress: z
420.5511 	INFO 	Keyboard events cleared
420.5506 	EXP 	noise_3: autoDraw = False
420.5506 	EXP 	surround_grating: autoDraw = False
420.5506 	EXP 	center_grating: autoDraw = False
420.5506 	EXP 	text_2: autoDraw = False
420.5506 	EXP 	surround_grating: ori = -15.0
420.5506 	EXP 	surround_grating: sf = array([2.5, 2.5])
420.5506 	EXP 	surround_grating: phase = array([0.23392544, 0.23392544])
420.5506 	EXP 	center_grating: ori = -6.0
420.5506 	EXP 	center_grating: sf = array([2.5, 2.5])
420.5506 	EXP 	center_grating: phase = array([0.57462685, 0.57462685])
421.0410 	EXP 	noise_3: autoDraw = True
421.0410 	EXP 	surround_grating: autoDraw = True
421.0410 	EXP 	center_grating: autoDraw = True
421.1149 	EXP 	noise_3: autoDraw = False
421.1149 	EXP 	surround_grating: autoDraw = False
421.1149 	EXP 	center_grating: autoDraw = False
422.0570 	EXP 	New trial (rep=0, index=176): <Trial 176 (176 in rep 0) data={'center': -2, 'surround': 15.0, 'type': 'c-2', 'surr_type': 'poss', 'orient_opacity': 100, 'noise_opacity': 0, 'isi': 0.5, 'thisN': 176, 'thisTrialN': 176, 'thisRepN': 0}>
422.0621 	DATA 	Keypress: period
422.0680 	INFO 	Keyboard events cleared
422.0675 	EXP 	noise_3: autoDraw = False
422.0675 	EXP 	surround_grating: autoDraw = False
422.0675 	EXP 	center_grating: autoDraw = False
422.0675 	EXP 	text_2: autoDraw = False
422.0675 	EXP 	surround_grating: ori = 15.0
422.0675 	EXP 	surround_grating: sf = array([2.5, 2.5])
422.0675 	EXP 	surround_grating: phase = array([0.82436363, 0.82436363])
422.0675 	EXP 	center_grating: ori = -2.0
422.0675 	EXP 	center_grating: sf = array([2.5, 2.5])
422.0675 	EXP 	center_grating: phase = array([0.72331714, 0.72331714])
422.5573 	EXP 	noise_3: autoDraw = True
422.5573 	EXP 	surround_grating: autoDraw = True
422.5573 	EXP 	center_grating: autoDraw = True
422.6316 	EXP 	noise_3: autoDraw = False
422.6316 	EXP 	surround_grating: autoDraw = False
422.6316 	EXP 	center_grating: autoDraw = False
423.0841 	EXP 	New trial (rep=0, index=177): <Trial 177 (177 in rep 0) data={'center': 2, 'surround': 15.0, 'type': 'c+2', 'surr_type': 'poss', 'orient_opacity': 100, 'noise_opacity': 0, 'isi': 1.25, 'thisN': 177, 'thisTrialN': 177, 'thisRepN': 0}>
423.0890 	DATA 	Keypress: z
423.0951 	INFO 	Keyboard events cleared
423.0946 	EXP 	noise_3: autoDraw = False
423.0946 	EXP 	surround_grating: autoDraw = False
423.0946 	EXP 	center_grating: autoDraw = False
423.0946 	EXP 	text_2: autoDraw = False
423.0946 	EXP 	surround_grating: ori = 15.0
423.0946 	EXP 	surround_grating: sf = array([2.5, 2.5])
423.0946 	EXP 	surround_grating: phase = array([0.53881263, 0.53881263])
423.0946 	EXP 	center_grating: ori = 2.0
423.0946 	EXP 	center_grating: sf = array([2.5, 2.5])
423.0946 	EXP 	center_grating: phase = array([0.00267573, 0.00267573])
424.3311 	EXP 	noise_3: autoDraw = True
424.3311 	EXP 	surround_grating: autoDraw = True
424.3311 	EXP 	center_grating: autoDraw = True
424.4030 	EXP 	noise_3: autoDraw = False
424.4030 	EXP 	surround_grating: autoDraw = False
424.4030 	EXP 	center_grating: autoDraw = False
424.9187 	EXP 	New trial (rep=0, index=178): <Trial 178 (178 in rep 0) data={'center': 0, 'surround': -15.0, 'type': 'c+0', 'surr_type': 'negs', 'orient_opacity': 100, 'noise_opacity': 0, 'isi': 0.5, 'thisN': 178, 'thisTrialN': 178, 'thisRepN': 0}>
424.9253 	DATA 	Keypress: z
424.9315 	INFO 	Keyboard events cleared
424.9309 	EXP 	noise_3: autoDraw = False
424.9309 	EXP 	surround_grating: autoDraw = False
424.9309 	EXP 	center_grating: autoDraw = False
424.9309 	EXP 	text_2: autoDraw = False
424.9309 	EXP 	surround_grating: ori = -15.0
424.9309 	EXP 	surround_grating: sf = array([2.5, 2.5])
424.9309 	EXP 	surround_grating: phase = array([0.31108241, 0.31108241])
424.9309 	EXP 	center_grating: ori = 0.0
424.9309 	EXP 	center_grating: sf = array([2.5, 2.5])
424.9309 	EXP 	center_grating: phase = array([0.18737411, 0.18737411])
425.4146 	EXP 	noise_3: autoDraw = True
425.4146 	EXP 	surround_grating: autoDraw = True
425.4146 	EXP 	center_grating: autoDraw = True
425.4866 	EXP 	noise_3: autoDraw = False
425.4866 	EXP 	surround_grating: autoDraw = False
425.4866 	EXP 	center_grating: autoDraw = False
426.0016 	EXP 	New trial (rep=0, index=179): <Trial 179 (179 in rep 0) data={'center': 0, 'surround': 15.0, 'type': 'c+0', 'surr_type': 'poss', 'orient_opacity': 100, 'noise_opacity': 0, 'isi': 1.25, 'thisN': 179, 'thisTrialN': 179, 'thisRepN': 0}>
426.0075 	DATA 	Keypress: period
426.0133 	INFO 	Keyboard events cleared
426.0126 	EXP 	noise_3: autoDraw = False
426.0126 	EXP 	surround_grating: autoDraw = False
426.0126 	EXP 	center_grating: autoDraw = False
426.0126 	EXP 	text_2: autoDraw = False
426.0126 	EXP 	surround_grating: ori = 15.0
426.0126 	EXP 	surround_grating: sf = array([2.5, 2.5])
426.0126 	EXP 	surround_grating: phase = array([0.88822939, 0.88822939])
426.0126 	EXP 	center_grating: ori = 0.0
426.0126 	EXP 	center_grating: sf = array([2.5, 2.5])
426.0126 	EXP 	center_grating: phase = array([0.38905501, 0.38905501])
427.2479 	EXP 	noise_3: autoDraw = True
427.2479 	EXP 	surround_grating: autoDraw = True
427.2479 	EXP 	center_grating: autoDraw = True
427.3197 	EXP 	noise_3: autoDraw = False
427.3197 	EXP 	surround_grating: autoDraw = False
427.3197 	EXP 	center_grating: autoDraw = False
427.8343 	EXP 	New trial (rep=0, index=180): <Trial 180 (180 in rep 0) data={'center': 2, 'surround': 0.0, 'type': 'c+2', 'surr_type': 'noss', 'orient_opacity': 0, 'noise_opacity': 100, 'isi': 1.0, 'thisN': 180, 'thisTrialN': 180, 'thisRepN': 0}>
427.8393 	DATA 	Keypress: z
427.8457 	INFO 	Keyboard events cleared
427.8451 	EXP 	noise_3: autoDraw = False
427.8451 	EXP 	surround_grating: autoDraw = False
427.8451 	EXP 	center_grating: autoDraw = False
427.8451 	EXP 	text_2: autoDraw = False
427.8451 	EXP 	surround_grating: ori = 0.0
427.8451 	EXP 	surround_grating: sf = array([2.5, 2.5])
427.8451 	EXP 	surround_grating: phase = array([0.37870964, 0.37870964])
427.8451 	EXP 	center_grating: ori = 2.0
427.8451 	EXP 	center_grating: sf = array([2.5, 2.5])
427.8451 	EXP 	center_grating: phase = array([0.93351758, 0.93351758])
428.8306 	EXP 	noise_3: autoDraw = True
428.8306 	EXP 	surround_grating: autoDraw = True
428.8306 	EXP 	center_grating: autoDraw = True
428.9036 	EXP 	noise_3: autoDraw = False
428.9036 	EXP 	surround_grating: autoDraw = False
428.9036 	EXP 	center_grating: autoDraw = False
429.3510 	EXP 	New trial (rep=0, index=181): <Trial 181 (181 in rep 0) data={'center': 2, 'surround': -15.0, 'type': 'c+2', 'surr_type': 'negs', 'orient_opacity': 100, 'noise_opacity': 0, 'isi': 1.25, 'thisN': 181, 'thisTrialN': 181, 'thisRepN': 0}>
429.3561 	DATA 	Keypress: z
429.3619 	INFO 	Keyboard events cleared
429.3614 	EXP 	noise_3: autoDraw = False
429.3614 	EXP 	surround_grating: autoDraw = False
429.3614 	EXP 	center_grating: autoDraw = False
429.3614 	EXP 	text_2: autoDraw = False
429.3614 	EXP 	surround_grating: ori = -15.0
429.3614 	EXP 	surround_grating: sf = array([2.5, 2.5])
429.3614 	EXP 	surround_grating: phase = array([0.29073334, 0.29073334])
429.3614 	EXP 	center_grating: ori = 2.0
429.3614 	EXP 	center_grating: sf = array([2.5, 2.5])
429.3614 	EXP 	center_grating: phase = array([0.66406728, 0.66406728])
430.5980 	EXP 	noise_3: autoDraw = True
430.5980 	EXP 	surround_grating: autoDraw = True
430.5980 	EXP 	center_grating: autoDraw = True
430.6691 	EXP 	noise_3: autoDraw = False
430.6691 	EXP 	surround_grating: autoDraw = False
430.6691 	EXP 	center_grating: autoDraw = False
430.9232 	EXP 	New trial (rep=0, index=182): <Trial 182 (182 in rep 0) data={'center': -4, 'surround': 0.0, 'type': 'c-4', 'surr_type': 'noss', 'orient_opacity': 0, 'noise_opacity': 100, 'isi': 1.25, 'thisN': 182, 'thisTrialN': 182, 'thisRepN': 0}>
430.9282 	DATA 	Keypress: period
430.9344 	INFO 	Keyboard events cleared
430.9339 	EXP 	noise_3: autoDraw = False
430.9339 	EXP 	surround_grating: autoDraw = False
430.9339 	EXP 	center_grating: autoDraw = False
430.9339 	EXP 	text_2: autoDraw = False
430.9339 	EXP 	surround_grating: ori = 0.0
430.9339 	EXP 	surround_grating: sf = array([2.5, 2.5])
430.9339 	EXP 	surround_grating: phase = array([0.7030138, 0.7030138])
430.9339 	EXP 	center_grating: ori = -4.0
430.9339 	EXP 	center_grating: sf = array([2.5, 2.5])
430.9339 	EXP 	center_grating: phase = array([0.33162203, 0.33162203])
432.1747 	EXP 	noise_3: autoDraw = True
432.1747 	EXP 	surround_grating: autoDraw = True
432.1747 	EXP 	center_grating: autoDraw = True
432.2488 	EXP 	noise_3: autoDraw = False
432.2488 	EXP 	surround_grating: autoDraw = False
432.2488 	EXP 	center_grating: autoDraw = False
432.7066 	EXP 	New trial (rep=0, index=183): <Trial 183 (183 in rep 0) data={'center': -2, 'surround': -15.0, 'type': 'c-2', 'surr_type': 'negs', 'orient_opacity': 100, 'noise_opacity': 0, 'isi': 0.75, 'thisN': 183, 'thisTrialN': 183, 'thisRepN': 0}>
432.7116 	DATA 	Keypress: z
432.7179 	INFO 	Keyboard events cleared
432.7174 	EXP 	noise_3: autoDraw = False
432.7174 	EXP 	surround_grating: autoDraw = False
432.7174 	EXP 	center_grating: autoDraw = False
432.7174 	EXP 	text_2: autoDraw = False
432.7174 	EXP 	surround_grating: ori = -15.0
432.7174 	EXP 	surround_grating: sf = array([2.5, 2.5])
432.7174 	EXP 	surround_grating: phase = array([0.26348455, 0.26348455])
432.7174 	EXP 	center_grating: ori = -2.0
432.7174 	EXP 	center_grating: sf = array([2.5, 2.5])
432.7174 	EXP 	center_grating: phase = array([0.43294343, 0.43294343])
433.4574 	EXP 	noise_3: autoDraw = True
433.4574 	EXP 	surround_grating: autoDraw = True
433.4574 	EXP 	center_grating: autoDraw = True
433.5323 	EXP 	noise_3: autoDraw = False
433.5323 	EXP 	surround_grating: autoDraw = False
433.5323 	EXP 	center_grating: autoDraw = False
434.0390 	EXP 	New trial (rep=0, index=184): <Trial 184 (184 in rep 0) data={'center': -6, 'surround': -15.0, 'type': 'c-6', 'surr_type': 'negs', 'orient_opacity': 100, 'noise_opacity': 0, 'isi': 0.5, 'thisN': 184, 'thisTrialN': 184, 'thisRepN': 0}>
434.0444 	DATA 	Keypress: period
434.0511 	INFO 	Keyboard events cleared
434.0506 	EXP 	noise_3: autoDraw = False
434.0506 	EXP 	surround_grating: autoDraw = False
434.0506 	EXP 	center_grating: autoDraw = False
434.0506 	EXP 	text_2: autoDraw = False
434.0506 	EXP 	surround_grating: ori = -15.0
434.0506 	EXP 	surround_grating: sf = array([2.5, 2.5])
434.0506 	EXP 	surround_grating: phase = array([0.81676886, 0.81676886])
434.0506 	EXP 	center_grating: ori = -6.0
434.0506 	EXP 	center_grating: sf = array([2.5, 2.5])
434.0506 	EXP 	center_grating: phase = array([0.80167711, 0.80167711])
434.5316 	EXP 	noise_3: autoDraw = True
434.5316 	EXP 	surround_grating: autoDraw = True
434.5316 	EXP 	center_grating: autoDraw = True
434.6045 	EXP 	noise_3: autoDraw = False
434.6045 	EXP 	surround_grating: autoDraw = False
434.6045 	EXP 	center_grating: autoDraw = False
435.5352 	EXP 	New trial (rep=0, index=185): <Trial 185 (185 in rep 0) data={'center': 6, 'surround': 15.0, 'type': 'c+6', 'surr_type': 'poss', 'orient_opacity': 100, 'noise_opacity': 0, 'isi': 0.75, 'thisN': 185, 'thisTrialN': 185, 'thisRepN': 0}>
435.5406 	DATA 	Keypress: period
435.5471 	INFO 	Keyboard events cleared
435.5465 	EXP 	noise_3: autoDraw = False
435.5465 	EXP 	surround_grating: autoDraw = False
435.5465 	EXP 	center_grating: autoDraw = False
435.5465 	EXP 	text_2: autoDraw = False
435.5465 	EXP 	surround_grating: ori = 15.0
435.5465 	EXP 	surround_grating: sf = array([2.5, 2.5])
435.5465 	EXP 	surround_grating: phase = array([0.77156798, 0.77156798])
435.5465 	EXP 	center_grating: ori = 6.0
435.5465 	EXP 	center_grating: sf = array([2.5, 2.5])
435.5465 	EXP 	center_grating: phase = array([0.21600138, 0.21600138])
436.2816 	EXP 	noise_3: autoDraw = True
436.2816 	EXP 	surround_grating: autoDraw = True
436.2816 	EXP 	center_grating: autoDraw = True
436.3537 	EXP 	noise_3: autoDraw = False
436.3537 	EXP 	surround_grating: autoDraw = False
436.3537 	EXP 	center_grating: autoDraw = False
437.1514 	EXP 	New trial (rep=0, index=186): <Trial 186 (186 in rep 0) data={'center': 8, 'surround': 15.0, 'type': 'c+8', 'surr_type': 'poss', 'orient_opacity': 100, 'noise_opacity': 0, 'isi': 0.5, 'thisN': 186, 'thisTrialN': 186, 'thisRepN': 0}>
437.1568 	DATA 	Keypress: z
437.1627 	INFO 	Keyboard events cleared
437.1622 	EXP 	noise_3: autoDraw = False
437.1622 	EXP 	surround_grating: autoDraw = False
437.1622 	EXP 	center_grating: autoDraw = False
437.1622 	EXP 	text_2: autoDraw = False
437.1622 	EXP 	surround_grating: ori = 15.0
437.1622 	EXP 	surround_grating: sf = array([2.5, 2.5])
437.1622 	EXP 	surround_grating: phase = array([0.90988459, 0.90988459])
437.1622 	EXP 	center_grating: ori = 8.0
437.1622 	EXP 	center_grating: sf = array([2.5, 2.5])
437.1622 	EXP 	center_grating: phase = array([0.04634203, 0.04634203])
437.6483 	EXP 	noise_3: autoDraw = True
437.6483 	EXP 	surround_grating: autoDraw = True
437.6483 	EXP 	center_grating: autoDraw = True
437.7206 	EXP 	noise_3: autoDraw = False
437.7206 	EXP 	surround_grating: autoDraw = False
437.7206 	EXP 	center_grating: autoDraw = False
438.4913 	EXP 	New trial (rep=0, index=187): <Trial 187 (187 in rep 0) data={'center': 4, 'surround': 15.0, 'type': 'c+4', 'surr_type': 'poss', 'orient_opacity': 100, 'noise_opacity': 0, 'isi': 1.0, 'thisN': 187, 'thisTrialN': 187, 'thisRepN': 0}>
438.4969 	DATA 	Keypress: period
438.5023 	INFO 	Keyboard events cleared
438.5018 	EXP 	noise_3: autoDraw = False
438.5018 	EXP 	surround_grating: autoDraw = False
438.5018 	EXP 	center_grating: autoDraw = False
438.5018 	EXP 	text_2: autoDraw = False
438.5018 	EXP 	surround_grating: ori = 15.0
438.5018 	EXP 	surround_grating: sf = array([2.5, 2.5])
438.5018 	EXP 	surround_grating: phase = array([0.05417238, 0.05417238])
438.5018 	EXP 	center_grating: ori = 4.0
438.5018 	EXP 	center_grating: sf = array([2.5, 2.5])
438.5018 	EXP 	center_grating: phase = array([0.27760189, 0.27760189])
439.4909 	EXP 	noise_3: autoDraw = True
439.4909 	EXP 	surround_grating: autoDraw = True
439.4909 	EXP 	center_grating: autoDraw = True
439.5656 	EXP 	noise_3: autoDraw = False
439.5656 	EXP 	surround_grating: autoDraw = False
439.5656 	EXP 	center_grating: autoDraw = False
440.5004 	EXP 	New trial (rep=0, index=188): <Trial 188 (188 in rep 0) data={'center': 0, 'surround': 0.0, 'type': 'c+0', 'surr_type': 'noss', 'orient_opacity': 0, 'noise_opacity': 100, 'isi': 1.0, 'thisN': 188, 'thisTrialN': 188, 'thisRepN': 0}>
440.5055 	DATA 	Keypress: period
440.5114 	INFO 	Keyboard events cleared
440.5107 	EXP 	noise_3: autoDraw = False
440.5107 	EXP 	surround_grating: autoDraw = False
440.5107 	EXP 	center_grating: autoDraw = False
440.5107 	EXP 	text_2: autoDraw = False
440.5107 	EXP 	surround_grating: ori = 0.0
440.5107 	EXP 	surround_grating: sf = array([2.5, 2.5])
440.5107 	EXP 	surround_grating: phase = array([0.37745369, 0.37745369])
440.5107 	EXP 	center_grating: ori = 0.0
440.5107 	EXP 	center_grating: sf = array([2.5, 2.5])
440.5107 	EXP 	center_grating: phase = array([0.85515401, 0.85515401])
441.4985 	EXP 	noise_3: autoDraw = True
441.4985 	EXP 	surround_grating: autoDraw = True
441.4985 	EXP 	center_grating: autoDraw = True
441.5705 	EXP 	noise_3: autoDraw = False
441.5705 	EXP 	surround_grating: autoDraw = False
441.5705 	EXP 	center_grating: autoDraw = False
442.1934 	DATA 	Keypress: period
442.2002 	EXP 	New trial (rep=0, index=189): <Trial 189 (189 in rep 0) data={'center': -8, 'surround': -15.0, 'type': 'c-8', 'surr_type': 'negs', 'orient_opacity': 100, 'noise_opacity': 0, 'isi': 1.25, 'thisN': 189, 'thisTrialN': 189, 'thisRepN': 0}>
442.2075 	INFO 	Keyboard events cleared
442.2071 	EXP 	noise_3: autoDraw = False
442.2071 	EXP 	surround_grating: autoDraw = False
442.2071 	EXP 	center_grating: autoDraw = False
442.2071 	EXP 	text_2: autoDraw = False
442.2071 	EXP 	surround_grating: ori = -15.0
442.2071 	EXP 	surround_grating: sf = array([2.5, 2.5])
442.2071 	EXP 	surround_grating: phase = array([0.4782239, 0.4782239])
442.2071 	EXP 	center_grating: ori = -8.0
442.2071 	EXP 	center_grating: sf = array([2.5, 2.5])
442.2071 	EXP 	center_grating: phase = array([0.12658784, 0.12658784])
443.4418 	EXP 	noise_3: autoDraw = True
443.4418 	EXP 	surround_grating: autoDraw = True
443.4418 	EXP 	center_grating: autoDraw = True
443.5157 	EXP 	noise_3: autoDraw = False
443.5157 	EXP 	surround_grating: autoDraw = False
443.5157 	EXP 	center_grating: autoDraw = False
444.0690 	EXP 	New trial (rep=0, index=190): <Trial 190 (190 in rep 0) data={'center': -8, 'surround': -15.0, 'type': 'c-8', 'surr_type': 'negs', 'orient_opacity': 100, 'noise_opacity': 0, 'isi': 0.5, 'thisN': 190, 'thisTrialN': 190, 'thisRepN': 0}>
444.0745 	DATA 	Keypress: z
444.0803 	INFO 	Keyboard events cleared
444.0799 	EXP 	noise_3: autoDraw = False
444.0799 	EXP 	surround_grating: autoDraw = False
444.0799 	EXP 	center_grating: autoDraw = False
444.0799 	EXP 	text_2: autoDraw = False
444.0799 	EXP 	surround_grating: ori = -15.0
444.0799 	EXP 	surround_grating: sf = array([2.5, 2.5])
444.0799 	EXP 	surround_grating: phase = array([0.19960286, 0.19960286])
444.0799 	EXP 	center_grating: ori = -8.0
444.0799 	EXP 	center_grating: sf = array([2.5, 2.5])
444.0799 	EXP 	center_grating: phase = array([0.35383241, 0.35383241])
444.5654 	EXP 	noise_3: autoDraw = True
444.5654 	EXP 	surround_grating: autoDraw = True
444.5654 	EXP 	center_grating: autoDraw = True
444.6373 	EXP 	noise_3: autoDraw = False
444.6373 	EXP 	surround_grating: autoDraw = False
444.6373 	EXP 	center_grating: autoDraw = False
445.4722 	DATA 	Keypress: z
445.4792 	EXP 	New trial (rep=0, index=191): <Trial 191 (191 in rep 0) data={'center': -6, 'surround': -15.0, 'type': 'c-6', 'surr_type': 'negs', 'orient_opacity': 100, 'noise_opacity': 0, 'isi': 1.0, 'thisN': 191, 'thisTrialN': 191, 'thisRepN': 0}>
445.4859 	INFO 	Keyboard events cleared
445.4855 	EXP 	noise_3: autoDraw = False
445.4855 	EXP 	surround_grating: autoDraw = False
445.4855 	EXP 	center_grating: autoDraw = False
445.4855 	EXP 	text_2: autoDraw = False
445.4855 	EXP 	surround_grating: ori = -15.0
445.4855 	EXP 	surround_grating: sf = array([2.5, 2.5])
445.4855 	EXP 	surround_grating: phase = array([0.35649213, 0.35649213])
445.4855 	EXP 	center_grating: ori = -6.0
445.4855 	EXP 	center_grating: sf = array([2.5, 2.5])
445.4855 	EXP 	center_grating: phase = array([0.61182384, 0.61182384])
446.4750 	EXP 	noise_3: autoDraw = True
446.4750 	EXP 	surround_grating: autoDraw = True
446.4750 	EXP 	center_grating: autoDraw = True
446.5493 	EXP 	noise_3: autoDraw = False
446.5493 	EXP 	surround_grating: autoDraw = False
446.5493 	EXP 	center_grating: autoDraw = False
447.1018 	EXP 	New trial (rep=0, index=192): <Trial 192 (192 in rep 0) data={'center': -4, 'surround': -15.0, 'type': 'c-4', 'surr_type': 'negs', 'orient_opacity': 100, 'noise_opacity': 0, 'isi': 1.25, 'thisN': 192, 'thisTrialN': 192, 'thisRepN': 0}>
447.1069 	DATA 	Keypress: period
447.1129 	INFO 	Keyboard events cleared
447.1122 	EXP 	noise_3: autoDraw = False
447.1122 	EXP 	surround_grating: autoDraw = False
447.1122 	EXP 	center_grating: autoDraw = False
447.1122 	EXP 	text_2: autoDraw = False
447.1122 	EXP 	surround_grating: ori = -15.0
447.1122 	EXP 	surround_grating: sf = array([2.5, 2.5])
447.1122 	EXP 	surround_grating: phase = array([0.58057244, 0.58057244])
447.1122 	EXP 	center_grating: ori = -4.0
447.1122 	EXP 	center_grating: sf = array([2.5, 2.5])
447.1122 	EXP 	center_grating: phase = array([0.73826724, 0.73826724])
448.3488 	EXP 	noise_3: autoDraw = True
448.3488 	EXP 	surround_grating: autoDraw = True
448.3488 	EXP 	center_grating: autoDraw = True
448.4211 	EXP 	noise_3: autoDraw = False
448.4211 	EXP 	surround_grating: autoDraw = False
448.4211 	EXP 	center_grating: autoDraw = False
449.1522 	EXP 	New trial (rep=0, index=193): <Trial 193 (193 in rep 0) data={'center': 2, 'surround': 0.0, 'type': 'c+2', 'surr_type': 'noss', 'orient_opacity': 0, 'noise_opacity': 100, 'isi': 0.5, 'thisN': 193, 'thisTrialN': 193, 'thisRepN': 0}>
449.1573 	DATA 	Keypress: period
449.1637 	INFO 	Keyboard events cleared
449.1631 	EXP 	noise_3: autoDraw = False
449.1631 	EXP 	surround_grating: autoDraw = False
449.1631 	EXP 	center_grating: autoDraw = False
449.1631 	EXP 	text_2: autoDraw = False
449.1631 	EXP 	surround_grating: ori = 0.0
449.1631 	EXP 	surround_grating: sf = array([2.5, 2.5])
449.1631 	EXP 	surround_grating: phase = array([0.26440418, 0.26440418])
449.1631 	EXP 	center_grating: ori = 2.0
449.1631 	EXP 	center_grating: sf = array([2.5, 2.5])
449.1631 	EXP 	center_grating: phase = array([0.54972387, 0.54972387])
449.6489 	EXP 	noise_3: autoDraw = True
449.6489 	EXP 	surround_grating: autoDraw = True
449.6489 	EXP 	center_grating: autoDraw = True
449.7206 	EXP 	noise_3: autoDraw = False
449.7206 	EXP 	surround_grating: autoDraw = False
449.7206 	EXP 	center_grating: autoDraw = False
450.6078 	EXP 	New trial (rep=0, index=194): <Trial 194 (194 in rep 0) data={'center': -4, 'surround': 0.0, 'type': 'c-4', 'surr_type': 'noss', 'orient_opacity': 0, 'noise_opacity': 100, 'isi': 1.25, 'thisN': 194, 'thisTrialN': 194, 'thisRepN': 0}>
450.6128 	DATA 	Keypress: period
450.6190 	INFO 	Keyboard events cleared
450.6185 	EXP 	noise_3: autoDraw = False
450.6185 	EXP 	surround_grating: autoDraw = False
450.6185 	EXP 	center_grating: autoDraw = False
450.6185 	EXP 	text_2: autoDraw = False
450.6185 	EXP 	surround_grating: ori = 0.0
450.6185 	EXP 	surround_grating: sf = array([2.5, 2.5])
450.6185 	EXP 	surround_grating: phase = array([0.58321808, 0.58321808])
450.6185 	EXP 	center_grating: ori = -4.0
450.6185 	EXP 	center_grating: sf = array([2.5, 2.5])
450.6185 	EXP 	center_grating: phase = array([0.11088816, 0.11088816])
451.8579 	EXP 	noise_3: autoDraw = True
451.8579 	EXP 	surround_grating: autoDraw = True
451.8579 	EXP 	center_grating: autoDraw = True
451.9327 	EXP 	noise_3: autoDraw = False
451.9327 	EXP 	surround_grating: autoDraw = False
451.9327 	EXP 	center_grating: autoDraw = False
452.5523 	EXP 	New trial (rep=0, index=195): <Trial 195 (195 in rep 0) data={'center': 0, 'surround': -15.0, 'type': 'c+0', 'surr_type': 'negs', 'orient_opacity': 100, 'noise_opacity': 0, 'isi': 1.25, 'thisN': 195, 'thisTrialN': 195, 'thisRepN': 0}>
452.5580 	DATA 	Keypress: z
452.5639 	INFO 	Keyboard events cleared
452.5634 	EXP 	noise_3: autoDraw = False
452.5634 	EXP 	surround_grating: autoDraw = False
452.5634 	EXP 	center_grating: autoDraw = False
452.5634 	EXP 	text_2: autoDraw = False
452.5634 	EXP 	surround_grating: ori = -15.0
452.5634 	EXP 	surround_grating: sf = array([2.5, 2.5])
452.5634 	EXP 	surround_grating: phase = array([0.33636931, 0.33636931])
452.5634 	EXP 	center_grating: ori = 0.0
452.5634 	EXP 	center_grating: sf = array([2.5, 2.5])
452.5634 	EXP 	center_grating: phase = array([0.93871202, 0.93871202])
453.7985 	EXP 	noise_3: autoDraw = True
453.7985 	EXP 	surround_grating: autoDraw = True
453.7985 	EXP 	center_grating: autoDraw = True
453.8718 	EXP 	noise_3: autoDraw = False
453.8718 	EXP 	surround_grating: autoDraw = False
453.8718 	EXP 	center_grating: autoDraw = False
454.1864 	EXP 	New trial (rep=0, index=196): <Trial 196 (196 in rep 0) data={'center': 2, 'surround': 15.0, 'type': 'c+2', 'surr_type': 'poss', 'orient_opacity': 100, 'noise_opacity': 0, 'isi': 1.0, 'thisN': 196, 'thisTrialN': 196, 'thisRepN': 0}>
454.1923 	DATA 	Keypress: period
454.1988 	INFO 	Keyboard events cleared
454.1982 	EXP 	noise_3: autoDraw = False
454.1982 	EXP 	surround_grating: autoDraw = False
454.1982 	EXP 	center_grating: autoDraw = False
454.1982 	EXP 	text_2: autoDraw = False
454.1982 	EXP 	surround_grating: ori = 15.0
454.1982 	EXP 	surround_grating: sf = array([2.5, 2.5])
454.1982 	EXP 	surround_grating: phase = array([0.28080926, 0.28080926])
454.1982 	EXP 	center_grating: ori = 2.0
454.1982 	EXP 	center_grating: sf = array([2.5, 2.5])
454.1982 	EXP 	center_grating: phase = array([0.50885758, 0.50885758])
455.1823 	EXP 	noise_3: autoDraw = True
455.1823 	EXP 	surround_grating: autoDraw = True
455.1823 	EXP 	center_grating: autoDraw = True
455.2553 	EXP 	noise_3: autoDraw = False
455.2553 	EXP 	surround_grating: autoDraw = False
455.2553 	EXP 	center_grating: autoDraw = False
455.8023 	EXP 	New trial (rep=0, index=197): <Trial 197 (197 in rep 0) data={'center': -8, 'surround': -15.0, 'type': 'c-8', 'surr_type': 'negs', 'orient_opacity': 100, 'noise_opacity': 0, 'isi': 1.0, 'thisN': 197, 'thisTrialN': 197, 'thisRepN': 0}>
455.8084 	DATA 	Keypress: period
455.8147 	INFO 	Keyboard events cleared
455.8141 	EXP 	noise_3: autoDraw = False
455.8141 	EXP 	surround_grating: autoDraw = False
455.8141 	EXP 	center_grating: autoDraw = False
455.8141 	EXP 	text_2: autoDraw = False
455.8141 	EXP 	surround_grating: ori = -15.0
455.8141 	EXP 	surround_grating: sf = array([2.5, 2.5])
455.8141 	EXP 	surround_grating: phase = array([0.26859778, 0.26859778])
455.8141 	EXP 	center_grating: ori = -8.0
455.8141 	EXP 	center_grating: sf = array([2.5, 2.5])
455.8141 	EXP 	center_grating: phase = array([0.75796401, 0.75796401])
456.7991 	EXP 	noise_3: autoDraw = True
456.7991 	EXP 	surround_grating: autoDraw = True
456.7991 	EXP 	center_grating: autoDraw = True
456.8722 	EXP 	noise_3: autoDraw = False
456.8722 	EXP 	surround_grating: autoDraw = False
456.8722 	EXP 	center_grating: autoDraw = False
457.1900 	EXP 	New trial (rep=0, index=198): <Trial 198 (198 in rep 0) data={'center': 0, 'surround': -15.0, 'type': 'c+0', 'surr_type': 'negs', 'orient_opacity': 100, 'noise_opacity': 0, 'isi': 1.0, 'thisN': 198, 'thisTrialN': 198, 'thisRepN': 0}>
457.1951 	DATA 	Keypress: period
457.2012 	INFO 	Keyboard events cleared
457.2008 	EXP 	noise_3: autoDraw = False
457.2008 	EXP 	surround_grating: autoDraw = False
457.2008 	EXP 	center_grating: autoDraw = False
457.2008 	EXP 	text_2: autoDraw = False
457.2008 	EXP 	surround_grating: ori = -15.0
457.2008 	EXP 	surround_grating: sf = array([2.5, 2.5])
457.2008 	EXP 	surround_grating: phase = array([0.73918998, 0.73918998])
457.2008 	EXP 	center_grating: ori = 0.0
457.2008 	EXP 	center_grating: sf = array([2.5, 2.5])
457.2008 	EXP 	center_grating: phase = array([0.14739896, 0.14739896])
458.1820 	EXP 	noise_3: autoDraw = True
458.1820 	EXP 	surround_grating: autoDraw = True
458.1820 	EXP 	center_grating: autoDraw = True
458.2545 	EXP 	noise_3: autoDraw = False
458.2545 	EXP 	surround_grating: autoDraw = False
458.2545 	EXP 	center_grating: autoDraw = False
458.8584 	EXP 	New trial (rep=0, index=199): <Trial 199 (199 in rep 0) data={'center': 2, 'surround': 0.0, 'type': 'c+2', 'surr_type': 'noss', 'orient_opacity': 0, 'noise_opacity': 100, 'isi': 1.25, 'thisN': 199, 'thisTrialN': 199, 'thisRepN': 0}>
458.8635 	DATA 	Keypress: period
458.8692 	INFO 	Keyboard events cleared
458.8687 	EXP 	noise_3: autoDraw = False
458.8687 	EXP 	surround_grating: autoDraw = False
458.8687 	EXP 	center_grating: autoDraw = False
458.8687 	EXP 	text_2: autoDraw = False
458.8687 	EXP 	surround_grating: ori = 0.0
458.8687 	EXP 	surround_grating: sf = array([2.5, 2.5])
458.8687 	EXP 	surround_grating: phase = array([0.82376263, 0.82376263])
458.8687 	EXP 	center_grating: ori = 2.0
458.8687 	EXP 	center_grating: sf = array([2.5, 2.5])
458.8687 	EXP 	center_grating: phase = array([0.22037541, 0.22037541])
460.1081 	EXP 	noise_3: autoDraw = True
460.1081 	EXP 	surround_grating: autoDraw = True
460.1081 	EXP 	center_grating: autoDraw = True
460.1830 	EXP 	noise_3: autoDraw = False
460.1830 	EXP 	surround_grating: autoDraw = False
460.1830 	EXP 	center_grating: autoDraw = False
460.7875 	EXP 	New trial (rep=0, index=200): <Trial 200 (200 in rep 0) data={'center': -4, 'surround': 0.0, 'type': 'c-4', 'surr_type': 'noss', 'orient_opacity': 0, 'noise_opacity': 100, 'isi': 0.5, 'thisN': 200, 'thisTrialN': 200, 'thisRepN': 0}>
460.7927 	DATA 	Keypress: z
460.7988 	INFO 	Keyboard events cleared
460.7983 	EXP 	noise_3: autoDraw = False
460.7983 	EXP 	surround_grating: autoDraw = False
460.7983 	EXP 	center_grating: autoDraw = False
460.7983 	EXP 	text_2: autoDraw = False
460.7983 	EXP 	surround_grating: ori = 0.0
460.7983 	EXP 	surround_grating: sf = array([2.5, 2.5])
460.7983 	EXP 	surround_grating: phase = array([0.66931407, 0.66931407])
460.7983 	EXP 	center_grating: ori = -4.0
460.7983 	EXP 	center_grating: sf = array([2.5, 2.5])
460.7983 	EXP 	center_grating: phase = array([0.64608567, 0.64608567])
461.2825 	EXP 	noise_3: autoDraw = True
461.2825 	EXP 	surround_grating: autoDraw = True
461.2825 	EXP 	center_grating: autoDraw = True
461.3551 	EXP 	noise_3: autoDraw = False
461.3551 	EXP 	surround_grating: autoDraw = False
461.3551 	EXP 	center_grating: autoDraw = False
461.7252 	EXP 	New trial (rep=0, index=201): <Trial 201 (201 in rep 0) data={'center': 2, 'surround': 0.0, 'type': 'c+2', 'surr_type': 'noss', 'orient_opacity': 0, 'noise_opacity': 100, 'isi': 1.25, 'thisN': 201, 'thisTrialN': 201, 'thisRepN': 0}>
461.7304 	DATA 	Keypress: z
461.7359 	INFO 	Keyboard events cleared
461.7354 	EXP 	noise_3: autoDraw = False
461.7354 	EXP 	surround_grating: autoDraw = False
461.7354 	EXP 	center_grating: autoDraw = False
461.7354 	EXP 	text_2: autoDraw = False
461.7354 	EXP 	surround_grating: ori = 0.0
461.7354 	EXP 	surround_grating: sf = array([2.5, 2.5])
461.7354 	EXP 	surround_grating: phase = array([0.81285195, 0.81285195])
461.7354 	EXP 	center_grating: ori = 2.0
461.7354 	EXP 	center_grating: sf = array([2.5, 2.5])
461.7354 	EXP 	center_grating: phase = array([0.89760304, 0.89760304])
462.9757 	EXP 	noise_3: autoDraw = True
462.9757 	EXP 	surround_grating: autoDraw = True
462.9757 	EXP 	center_grating: autoDraw = True
463.0498 	EXP 	noise_3: autoDraw = False
463.0498 	EXP 	surround_grating: autoDraw = False
463.0498 	EXP 	center_grating: autoDraw = False
463.5875 	EXP 	New trial (rep=0, index=202): <Trial 202 (202 in rep 0) data={'center': 6, 'surround': 15.0, 'type': 'c+6', 'surr_type': 'poss', 'orient_opacity': 100, 'noise_opacity': 0, 'isi': 0.5, 'thisN': 202, 'thisTrialN': 202, 'thisRepN': 0}>
463.5935 	DATA 	Keypress: z
463.5997 	INFO 	Keyboard events cleared
463.5992 	EXP 	noise_3: autoDraw = False
463.5992 	EXP 	surround_grating: autoDraw = False
463.5992 	EXP 	center_grating: autoDraw = False
463.5992 	EXP 	text_2: autoDraw = False
463.5992 	EXP 	surround_grating: ori = 15.0
463.5992 	EXP 	surround_grating: sf = array([2.5, 2.5])
463.5992 	EXP 	surround_grating: phase = array([0.27948623, 0.27948623])
463.5992 	EXP 	center_grating: ori = 6.0
463.5992 	EXP 	center_grating: sf = array([2.5, 2.5])
463.5992 	EXP 	center_grating: phase = array([0.27318138, 0.27318138])
464.0826 	EXP 	noise_3: autoDraw = True
464.0826 	EXP 	surround_grating: autoDraw = True
464.0826 	EXP 	center_grating: autoDraw = True
464.1544 	EXP 	noise_3: autoDraw = False
464.1544 	EXP 	surround_grating: autoDraw = False
464.1544 	EXP 	center_grating: autoDraw = False
464.5872 	EXP 	New trial (rep=0, index=203): <Trial 203 (203 in rep 0) data={'center': -2, 'surround': 15.0, 'type': 'c-2', 'surr_type': 'poss', 'orient_opacity': 100, 'noise_opacity': 0, 'isi': 0.75, 'thisN': 203, 'thisTrialN': 203, 'thisRepN': 0}>
464.5927 	DATA 	Keypress: z
464.5991 	INFO 	Keyboard events cleared
464.5986 	EXP 	noise_3: autoDraw = False
464.5986 	EXP 	surround_grating: autoDraw = False
464.5986 	EXP 	center_grating: autoDraw = False
464.5986 	EXP 	text_2: autoDraw = False
464.5986 	EXP 	surround_grating: ori = 15.0
464.5986 	EXP 	surround_grating: sf = array([2.5, 2.5])
464.5986 	EXP 	surround_grating: phase = array([0.02697748, 0.02697748])
464.5986 	EXP 	center_grating: ori = -2.0
464.5986 	EXP 	center_grating: sf = array([2.5, 2.5])
464.5986 	EXP 	center_grating: phase = array([0.32562187, 0.32562187])
465.3327 	EXP 	noise_3: autoDraw = True
465.3327 	EXP 	surround_grating: autoDraw = True
465.3327 	EXP 	center_grating: autoDraw = True
465.4061 	EXP 	noise_3: autoDraw = False
465.4061 	EXP 	surround_grating: autoDraw = False
465.4061 	EXP 	center_grating: autoDraw = False
465.9252 	EXP 	New trial (rep=0, index=204): <Trial 204 (204 in rep 0) data={'center': -6, 'surround': -15.0, 'type': 'c-6', 'surr_type': 'negs', 'orient_opacity': 100, 'noise_opacity': 0, 'isi': 0.75, 'thisN': 204, 'thisTrialN': 204, 'thisRepN': 0}>
465.9303 	DATA 	Keypress: z
465.9362 	INFO 	Keyboard events cleared
465.9356 	EXP 	noise_3: autoDraw = False
465.9356 	EXP 	surround_grating: autoDraw = False
465.9356 	EXP 	center_grating: autoDraw = False
465.9356 	EXP 	text_2: autoDraw = False
465.9356 	EXP 	surround_grating: ori = -15.0
465.9356 	EXP 	surround_grating: sf = array([2.5, 2.5])
465.9356 	EXP 	surround_grating: phase = array([0.30426021, 0.30426021])
465.9356 	EXP 	center_grating: ori = -6.0
465.9356 	EXP 	center_grating: sf = array([2.5, 2.5])
465.9356 	EXP 	center_grating: phase = array([0.13293595, 0.13293595])
466.6755 	EXP 	noise_3: autoDraw = True
466.6755 	EXP 	surround_grating: autoDraw = True
466.6755 	EXP 	center_grating: autoDraw = True
466.7499 	EXP 	noise_3: autoDraw = False
466.7499 	EXP 	surround_grating: autoDraw = False
466.7499 	EXP 	center_grating: autoDraw = False
467.3702 	EXP 	New trial (rep=0, index=205): <Trial 205 (205 in rep 0) data={'center': -2, 'surround': 15.0, 'type': 'c-2', 'surr_type': 'poss', 'orient_opacity': 100, 'noise_opacity': 0, 'isi': 1.0, 'thisN': 205, 'thisTrialN': 205, 'thisRepN': 0}>
467.3756 	DATA 	Keypress: period
467.3812 	INFO 	Keyboard events cleared
467.3806 	EXP 	noise_3: autoDraw = False
467.3806 	EXP 	surround_grating: autoDraw = False
467.3806 	EXP 	center_grating: autoDraw = False
467.3806 	EXP 	text_2: autoDraw = False
467.3806 	EXP 	surround_grating: ori = 15.0
467.3806 	EXP 	surround_grating: sf = array([2.5, 2.5])
467.3806 	EXP 	surround_grating: phase = array([0.10628211, 0.10628211])
467.3806 	EXP 	center_grating: ori = -2.0
467.3806 	EXP 	center_grating: sf = array([2.5, 2.5])
467.3806 	EXP 	center_grating: phase = array([0.11069553, 0.11069553])
468.3662 	EXP 	noise_3: autoDraw = True
468.3662 	EXP 	surround_grating: autoDraw = True
468.3662 	EXP 	center_grating: autoDraw = True
468.4385 	EXP 	noise_3: autoDraw = False
468.4385 	EXP 	surround_grating: autoDraw = False
468.4385 	EXP 	center_grating: autoDraw = False
468.9449 	DATA 	Keypress: z
468.9681 	EXP 	New trial (rep=0, index=206): <Trial 206 (206 in rep 0) data={'center': -4, 'surround': 0.0, 'type': 'c-4', 'surr_type': 'noss', 'orient_opacity': 0, 'noise_opacity': 100, 'isi': 1.0, 'thisN': 206, 'thisTrialN': 206, 'thisRepN': 0}>
468.9838 	INFO 	Keyboard events cleared
468.9833 	EXP 	noise_3: autoDraw = False
468.9833 	EXP 	surround_grating: autoDraw = False
468.9833 	EXP 	center_grating: autoDraw = False
468.9833 	EXP 	text_2: autoDraw = False
468.9833 	EXP 	surround_grating: ori = 0.0
468.9833 	EXP 	surround_grating: sf = array([2.5, 2.5])
468.9833 	EXP 	surround_grating: phase = array([0.83607689, 0.83607689])
468.9833 	EXP 	center_grating: ori = -4.0
468.9833 	EXP 	center_grating: sf = array([2.5, 2.5])
468.9833 	EXP 	center_grating: phase = array([0.94792668, 0.94792668])
469.9661 	EXP 	noise_3: autoDraw = True
469.9661 	EXP 	surround_grating: autoDraw = True
469.9661 	EXP 	center_grating: autoDraw = True
470.0385 	EXP 	noise_3: autoDraw = False
470.0385 	EXP 	surround_grating: autoDraw = False
470.0385 	EXP 	center_grating: autoDraw = False
470.5860 	EXP 	New trial (rep=0, index=207): <Trial 207 (207 in rep 0) data={'center': 4, 'surround': 15.0, 'type': 'c+4', 'surr_type': 'poss', 'orient_opacity': 100, 'noise_opacity': 0, 'isi': 0.5, 'thisN': 207, 'thisTrialN': 207, 'thisRepN': 0}>
470.5911 	DATA 	Keypress: period
470.5970 	INFO 	Keyboard events cleared
470.5965 	EXP 	noise_3: autoDraw = False
470.5965 	EXP 	surround_grating: autoDraw = False
470.5965 	EXP 	center_grating: autoDraw = False
470.5965 	EXP 	text_2: autoDraw = False
470.5965 	EXP 	surround_grating: ori = 15.0
470.5965 	EXP 	surround_grating: sf = array([2.5, 2.5])
470.5965 	EXP 	surround_grating: phase = array([0.18134571, 0.18134571])
470.5965 	EXP 	center_grating: ori = 4.0
470.5965 	EXP 	center_grating: sf = array([2.5, 2.5])
470.5965 	EXP 	center_grating: phase = array([0.53403269, 0.53403269])
471.0829 	EXP 	noise_3: autoDraw = True
471.0829 	EXP 	surround_grating: autoDraw = True
471.0829 	EXP 	center_grating: autoDraw = True
471.1553 	EXP 	noise_3: autoDraw = False
471.1553 	EXP 	surround_grating: autoDraw = False
471.1553 	EXP 	center_grating: autoDraw = False
471.4026 	EXP 	New trial (rep=0, index=208): <Trial 208 (208 in rep 0) data={'center': 4, 'surround': 0.0, 'type': 'c+4', 'surr_type': 'noss', 'orient_opacity': 0, 'noise_opacity': 100, 'isi': 1.0, 'thisN': 208, 'thisTrialN': 208, 'thisRepN': 0}>
471.4077 	DATA 	Keypress: period
471.4139 	INFO 	Keyboard events cleared
471.4134 	EXP 	noise_3: autoDraw = False
471.4134 	EXP 	surround_grating: autoDraw = False
471.4134 	EXP 	center_grating: autoDraw = False
471.4134 	EXP 	text_2: autoDraw = False
471.4134 	EXP 	surround_grating: ori = 0.0
471.4134 	EXP 	surround_grating: sf = array([2.5, 2.5])
471.4134 	EXP 	surround_grating: phase = array([0.21542565, 0.21542565])
471.4134 	EXP 	center_grating: ori = 4.0
471.4134 	EXP 	center_grating: sf = array([2.5, 2.5])
471.4134 	EXP 	center_grating: phase = array([0.26763626, 0.26763626])
472.3997 	EXP 	noise_3: autoDraw = True
472.3997 	EXP 	surround_grating: autoDraw = True
472.3997 	EXP 	center_grating: autoDraw = True
472.4715 	EXP 	noise_3: autoDraw = False
472.4715 	EXP 	surround_grating: autoDraw = False
472.4715 	EXP 	center_grating: autoDraw = False
472.6866 	EXP 	New trial (rep=0, index=209): <Trial 209 (209 in rep 0) data={'center': 4, 'surround': 15.0, 'type': 'c+4', 'surr_type': 'poss', 'orient_opacity': 100, 'noise_opacity': 0, 'isi': 0.75, 'thisN': 209, 'thisTrialN': 209, 'thisRepN': 0}>
472.6919 	DATA 	Keypress: z
472.6978 	INFO 	Keyboard events cleared
472.6973 	EXP 	noise_3: autoDraw = False
472.6973 	EXP 	surround_grating: autoDraw = False
472.6973 	EXP 	center_grating: autoDraw = False
472.6973 	EXP 	text_2: autoDraw = False
472.6973 	EXP 	surround_grating: ori = 15.0
472.6973 	EXP 	surround_grating: sf = array([2.5, 2.5])
472.6973 	EXP 	surround_grating: phase = array([0.38350204, 0.38350204])
472.6973 	EXP 	center_grating: ori = 4.0
472.6973 	EXP 	center_grating: sf = array([2.5, 2.5])
472.6973 	EXP 	center_grating: phase = array([0.65318705, 0.65318705])
473.4331 	EXP 	noise_3: autoDraw = True
473.4331 	EXP 	surround_grating: autoDraw = True
473.4331 	EXP 	center_grating: autoDraw = True
473.5052 	EXP 	noise_3: autoDraw = False
473.5052 	EXP 	surround_grating: autoDraw = False
473.5052 	EXP 	center_grating: autoDraw = False
474.0377 	EXP 	New trial (rep=0, index=210): <Trial 210 (210 in rep 0) data={'center': 4, 'surround': 0.0, 'type': 'c+4', 'surr_type': 'noss', 'orient_opacity': 0, 'noise_opacity': 100, 'isi': 1.0, 'thisN': 210, 'thisTrialN': 210, 'thisRepN': 0}>
474.0431 	DATA 	Keypress: period
474.0494 	INFO 	Keyboard events cleared
474.0489 	EXP 	noise_3: autoDraw = False
474.0489 	EXP 	surround_grating: autoDraw = False
474.0489 	EXP 	center_grating: autoDraw = False
474.0489 	EXP 	text_2: autoDraw = False
474.0489 	EXP 	surround_grating: ori = 0.0
474.0489 	EXP 	surround_grating: sf = array([2.5, 2.5])
474.0489 	EXP 	surround_grating: phase = array([0.36778611, 0.36778611])
474.0489 	EXP 	center_grating: ori = 4.0
474.0489 	EXP 	center_grating: sf = array([2.5, 2.5])
474.0489 	EXP 	center_grating: phase = array([0.79150543, 0.79150543])
475.0330 	EXP 	noise_3: autoDraw = True
475.0330 	EXP 	surround_grating: autoDraw = True
475.0330 	EXP 	center_grating: autoDraw = True
475.1060 	EXP 	noise_3: autoDraw = False
475.1060 	EXP 	surround_grating: autoDraw = False
475.1060 	EXP 	center_grating: autoDraw = False
475.6363 	EXP 	New trial (rep=0, index=211): <Trial 211 (211 in rep 0) data={'center': 8, 'surround': 15.0, 'type': 'c+8', 'surr_type': 'poss', 'orient_opacity': 100, 'noise_opacity': 0, 'isi': 1.25, 'thisN': 211, 'thisTrialN': 211, 'thisRepN': 0}>
475.6417 	DATA 	Keypress: period
475.6481 	INFO 	Keyboard events cleared
475.6474 	EXP 	noise_3: autoDraw = False
475.6474 	EXP 	surround_grating: autoDraw = False
475.6474 	EXP 	center_grating: autoDraw = False
475.6474 	EXP 	text_2: autoDraw = False
475.6474 	EXP 	surround_grating: ori = 15.0
475.6474 	EXP 	surround_grating: sf = array([2.5, 2.5])
475.6474 	EXP 	surround_grating: phase = array([0.01698719, 0.01698719])
475.6474 	EXP 	center_grating: ori = 8.0
475.6474 	EXP 	center_grating: sf = array([2.5, 2.5])
475.6474 	EXP 	center_grating: phase = array([0.23977254, 0.23977254])
476.8832 	EXP 	noise_3: autoDraw = True
476.8832 	EXP 	surround_grating: autoDraw = True
476.8832 	EXP 	center_grating: autoDraw = True
476.9567 	EXP 	noise_3: autoDraw = False
476.9567 	EXP 	surround_grating: autoDraw = False
476.9567 	EXP 	center_grating: autoDraw = False
477.5700 	EXP 	New trial (rep=0, index=212): <Trial 212 (212 in rep 0) data={'center': 4, 'surround': 0.0, 'type': 'c+4', 'surr_type': 'noss', 'orient_opacity': 0, 'noise_opacity': 100, 'isi': 0.75, 'thisN': 212, 'thisTrialN': 212, 'thisRepN': 0}>
477.5762 	DATA 	Keypress: period
477.5822 	INFO 	Keyboard events cleared
477.5817 	EXP 	noise_3: autoDraw = False
477.5817 	EXP 	surround_grating: autoDraw = False
477.5817 	EXP 	center_grating: autoDraw = False
477.5817 	EXP 	text_2: autoDraw = False
477.5817 	EXP 	surround_grating: ori = 0.0
477.5817 	EXP 	surround_grating: sf = array([2.5, 2.5])
477.5817 	EXP 	surround_grating: phase = array([0.54810463, 0.54810463])
477.5817 	EXP 	center_grating: ori = 4.0
477.5817 	EXP 	center_grating: sf = array([2.5, 2.5])
477.5817 	EXP 	center_grating: phase = array([0.14107013, 0.14107013])
478.3172 	EXP 	noise_3: autoDraw = True
478.3172 	EXP 	surround_grating: autoDraw = True
478.3172 	EXP 	center_grating: autoDraw = True
478.3885 	EXP 	noise_3: autoDraw = False
478.3885 	EXP 	surround_grating: autoDraw = False
478.3885 	EXP 	center_grating: autoDraw = False
478.8365 	EXP 	New trial (rep=0, index=213): <Trial 213 (213 in rep 0) data={'center': 0, 'surround': -15.0, 'type': 'c+0', 'surr_type': 'negs', 'orient_opacity': 100, 'noise_opacity': 0, 'isi': 0.75, 'thisN': 213, 'thisTrialN': 213, 'thisRepN': 0}>
478.8421 	DATA 	Keypress: period
478.8482 	INFO 	Keyboard events cleared
478.8478 	EXP 	noise_3: autoDraw = False
478.8478 	EXP 	surround_grating: autoDraw = False
478.8478 	EXP 	center_grating: autoDraw = False
478.8478 	EXP 	text_2: autoDraw = False
478.8478 	EXP 	surround_grating: ori = -15.0
478.8478 	EXP 	surround_grating: sf = array([2.5, 2.5])
478.8478 	EXP 	surround_grating: phase = array([0.36547386, 0.36547386])
478.8478 	EXP 	center_grating: ori = 0.0
478.8478 	EXP 	center_grating: sf = array([2.5, 2.5])
478.8478 	EXP 	center_grating: phase = array([0.37460356, 0.37460356])
479.5833 	EXP 	noise_3: autoDraw = True
479.5833 	EXP 	surround_grating: autoDraw = True
479.5833 	EXP 	center_grating: autoDraw = True
479.6553 	EXP 	noise_3: autoDraw = False
479.6553 	EXP 	surround_grating: autoDraw = False
479.6553 	EXP 	center_grating: autoDraw = False
480.1931 	EXP 	New trial (rep=0, index=214): <Trial 214 (214 in rep 0) data={'center': 4, 'surround': 15.0, 'type': 'c+4', 'surr_type': 'poss', 'orient_opacity': 100, 'noise_opacity': 0, 'isi': 0.75, 'thisN': 214, 'thisTrialN': 214, 'thisRepN': 0}>
480.1992 	DATA 	Keypress: period
480.2045 	INFO 	Keyboard events cleared
480.2040 	EXP 	noise_3: autoDraw = False
480.2040 	EXP 	surround_grating: autoDraw = False
480.2040 	EXP 	center_grating: autoDraw = False
480.2040 	EXP 	text_2: autoDraw = False
480.2040 	EXP 	surround_grating: ori = 15.0
480.2040 	EXP 	surround_grating: sf = array([2.5, 2.5])
480.2040 	EXP 	surround_grating: phase = array([0.1156543, 0.1156543])
480.2040 	EXP 	center_grating: ori = 4.0
480.2040 	EXP 	center_grating: sf = array([2.5, 2.5])
480.2040 	EXP 	center_grating: phase = array([0.65942074, 0.65942074])
480.9419 	EXP 	noise_3: autoDraw = True
480.9419 	EXP 	surround_grating: autoDraw = True
480.9419 	EXP 	center_grating: autoDraw = True
481.0171 	EXP 	noise_3: autoDraw = False
481.0171 	EXP 	surround_grating: autoDraw = False
481.0171 	EXP 	center_grating: autoDraw = False
481.4580 	EXP 	New trial (rep=0, index=215): <Trial 215 (215 in rep 0) data={'center': -6, 'surround': -15.0, 'type': 'c-6', 'surr_type': 'negs', 'orient_opacity': 100, 'noise_opacity': 0, 'isi': 0.75, 'thisN': 215, 'thisTrialN': 215, 'thisRepN': 0}>
481.4629 	DATA 	Keypress: z
481.4691 	INFO 	Keyboard events cleared
481.4686 	EXP 	noise_3: autoDraw = False
481.4686 	EXP 	surround_grating: autoDraw = False
481.4686 	EXP 	center_grating: autoDraw = False
481.4686 	EXP 	text_2: autoDraw = False
481.4686 	EXP 	surround_grating: ori = -15.0
481.4686 	EXP 	surround_grating: sf = array([2.5, 2.5])
481.4686 	EXP 	surround_grating: phase = array([0.30967481, 0.30967481])
481.4686 	EXP 	center_grating: ori = -6.0
481.4686 	EXP 	center_grating: sf = array([2.5, 2.5])
481.4686 	EXP 	center_grating: phase = array([0.40666317, 0.40666317])
482.2092 	EXP 	noise_3: autoDraw = True
482.2092 	EXP 	surround_grating: autoDraw = True
482.2092 	EXP 	center_grating: autoDraw = True
482.2838 	EXP 	noise_3: autoDraw = False
482.2838 	EXP 	surround_grating: autoDraw = False
482.2838 	EXP 	center_grating: autoDraw = False
482.8755 	EXP 	New trial (rep=0, index=216): <Trial 216 (216 in rep 0) data={'center': -2, 'surround': -15.0, 'type': 'c-2', 'surr_type': 'negs', 'orient_opacity': 100, 'noise_opacity': 0, 'isi': 0.5, 'thisN': 216, 'thisTrialN': 216, 'thisRepN': 0}>
482.8806 	DATA 	Keypress: z
482.8867 	INFO 	Keyboard events cleared
482.8863 	EXP 	noise_3: autoDraw = False
482.8863 	EXP 	surround_grating: autoDraw = False
482.8863 	EXP 	center_grating: autoDraw = False
482.8863 	EXP 	text_2: autoDraw = False
482.8863 	EXP 	surround_grating: ori = -15.0
482.8863 	EXP 	surround_grating: sf = array([2.5, 2.5])
482.8863 	EXP 	surround_grating: phase = array([0.47037565, 0.47037565])
482.8863 	EXP 	center_grating: ori = -2.0
482.8863 	EXP 	center_grating: sf = array([2.5, 2.5])
482.8863 	EXP 	center_grating: phase = array([0.60019889, 0.60019889])
483.3767 	EXP 	noise_3: autoDraw = True
483.3767 	EXP 	surround_grating: autoDraw = True
483.3767 	EXP 	center_grating: autoDraw = True
483.4505 	EXP 	noise_3: autoDraw = False
483.4505 	EXP 	surround_grating: autoDraw = False
483.4505 	EXP 	center_grating: autoDraw = False
483.7201 	EXP 	New trial (rep=0, index=217): <Trial 217 (217 in rep 0) data={'center': 0, 'surround': 0.0, 'type': 'c+0', 'surr_type': 'noss', 'orient_opacity': 0, 'noise_opacity': 100, 'isi': 0.5, 'thisN': 217, 'thisTrialN': 217, 'thisRepN': 0}>
483.7259 	DATA 	Keypress: period
483.7319 	INFO 	Keyboard events cleared
483.7314 	EXP 	noise_3: autoDraw = False
483.7314 	EXP 	surround_grating: autoDraw = False
483.7314 	EXP 	center_grating: autoDraw = False
483.7314 	EXP 	text_2: autoDraw = False
483.7314 	EXP 	surround_grating: ori = 0.0
483.7314 	EXP 	surround_grating: sf = array([2.5, 2.5])
483.7314 	EXP 	surround_grating: phase = array([0.74805725, 0.74805725])
483.7314 	EXP 	center_grating: ori = 0.0
483.7314 	EXP 	center_grating: sf = array([2.5, 2.5])
483.7314 	EXP 	center_grating: phase = array([0.72444932, 0.72444932])
484.2168 	EXP 	noise_3: autoDraw = True
484.2168 	EXP 	surround_grating: autoDraw = True
484.2168 	EXP 	center_grating: autoDraw = True
484.2891 	EXP 	noise_3: autoDraw = False
484.2891 	EXP 	surround_grating: autoDraw = False
484.2891 	EXP 	center_grating: autoDraw = False
484.9033 	EXP 	New trial (rep=0, index=218): <Trial 218 (218 in rep 0) data={'center': 0, 'surround': -15.0, 'type': 'c+0', 'surr_type': 'negs', 'orient_opacity': 100, 'noise_opacity': 0, 'isi': 0.75, 'thisN': 218, 'thisTrialN': 218, 'thisRepN': 0}>
484.9085 	DATA 	Keypress: period
484.9146 	INFO 	Keyboard events cleared
484.9140 	EXP 	noise_3: autoDraw = False
484.9140 	EXP 	surround_grating: autoDraw = False
484.9140 	EXP 	center_grating: autoDraw = False
484.9140 	EXP 	text_2: autoDraw = False
484.9140 	EXP 	surround_grating: ori = -15.0
484.9140 	EXP 	surround_grating: sf = array([2.5, 2.5])
484.9140 	EXP 	surround_grating: phase = array([0.91959394, 0.91959394])
484.9140 	EXP 	center_grating: ori = 0.0
484.9140 	EXP 	center_grating: sf = array([2.5, 2.5])
484.9140 	EXP 	center_grating: phase = array([0.04916495, 0.04916495])
485.6493 	EXP 	noise_3: autoDraw = True
485.6493 	EXP 	surround_grating: autoDraw = True
485.6493 	EXP 	center_grating: autoDraw = True
485.7223 	EXP 	noise_3: autoDraw = False
485.7223 	EXP 	surround_grating: autoDraw = False
485.7223 	EXP 	center_grating: autoDraw = False
486.4374 	EXP 	New trial (rep=0, index=219): <Trial 219 (219 in rep 0) data={'center': -4, 'surround': -15.0, 'type': 'c-4', 'surr_type': 'negs', 'orient_opacity': 100, 'noise_opacity': 0, 'isi': 1.0, 'thisN': 219, 'thisTrialN': 219, 'thisRepN': 0}>
486.4435 	DATA 	Keypress: period
486.4500 	INFO 	Keyboard events cleared
486.4493 	EXP 	noise_3: autoDraw = False
486.4493 	EXP 	surround_grating: autoDraw = False
486.4493 	EXP 	center_grating: autoDraw = False
486.4493 	EXP 	text_2: autoDraw = False
486.4493 	EXP 	surround_grating: ori = -15.0
486.4493 	EXP 	surround_grating: sf = array([2.5, 2.5])
486.4493 	EXP 	surround_grating: phase = array([0.97485025, 0.97485025])
486.4493 	EXP 	center_grating: ori = -4.0
486.4493 	EXP 	center_grating: sf = array([2.5, 2.5])
486.4493 	EXP 	center_grating: phase = array([0.38457152, 0.38457152])
487.4334 	EXP 	noise_3: autoDraw = True
487.4334 	EXP 	surround_grating: autoDraw = True
487.4334 	EXP 	center_grating: autoDraw = True
487.5065 	EXP 	noise_3: autoDraw = False
487.5065 	EXP 	surround_grating: autoDraw = False
487.5065 	EXP 	center_grating: autoDraw = False
488.1200 	EXP 	New trial (rep=0, index=220): <Trial 220 (220 in rep 0) data={'center': 0, 'surround': 0.0, 'type': 'c+0', 'surr_type': 'noss', 'orient_opacity': 0, 'noise_opacity': 100, 'isi': 0.5, 'thisN': 220, 'thisTrialN': 220, 'thisRepN': 0}>
488.1250 	DATA 	Keypress: period
488.1310 	INFO 	Keyboard events cleared
488.1305 	EXP 	noise_3: autoDraw = False
488.1305 	EXP 	surround_grating: autoDraw = False
488.1305 	EXP 	center_grating: autoDraw = False
488.1305 	EXP 	text_2: autoDraw = False
488.1305 	EXP 	surround_grating: ori = 0.0
488.1305 	EXP 	surround_grating: sf = array([2.5, 2.5])
488.1305 	EXP 	surround_grating: phase = array([0.43902875, 0.43902875])
488.1305 	EXP 	center_grating: ori = 0.0
488.1305 	EXP 	center_grating: sf = array([2.5, 2.5])
488.1305 	EXP 	center_grating: phase = array([0.17180497, 0.17180497])
488.6170 	EXP 	noise_3: autoDraw = True
488.6170 	EXP 	surround_grating: autoDraw = True
488.6170 	EXP 	center_grating: autoDraw = True
488.6891 	EXP 	noise_3: autoDraw = False
488.6891 	EXP 	surround_grating: autoDraw = False
488.6891 	EXP 	center_grating: autoDraw = False
489.2259 	EXP 	New trial (rep=0, index=221): <Trial 221 (221 in rep 0) data={'center': -4, 'surround': 0.0, 'type': 'c-4', 'surr_type': 'noss', 'orient_opacity': 0, 'noise_opacity': 100, 'isi': 0.5, 'thisN': 221, 'thisTrialN': 221, 'thisRepN': 0}>
489.2315 	DATA 	Keypress: z
489.2370 	INFO 	Keyboard events cleared
489.2365 	EXP 	noise_3: autoDraw = False
489.2365 	EXP 	surround_grating: autoDraw = False
489.2365 	EXP 	center_grating: autoDraw = False
489.2365 	EXP 	text_2: autoDraw = False
489.2365 	EXP 	surround_grating: ori = 0.0
489.2365 	EXP 	surround_grating: sf = array([2.5, 2.5])
489.2365 	EXP 	surround_grating: phase = array([0.01159371, 0.01159371])
489.2365 	EXP 	center_grating: ori = -4.0
489.2365 	EXP 	center_grating: sf = array([2.5, 2.5])
489.2365 	EXP 	center_grating: phase = array([0.03237168, 0.03237168])
489.7266 	EXP 	noise_3: autoDraw = True
489.7266 	EXP 	surround_grating: autoDraw = True
489.7266 	EXP 	center_grating: autoDraw = True
489.8008 	EXP 	noise_3: autoDraw = False
489.8008 	EXP 	surround_grating: autoDraw = False
489.8008 	EXP 	center_grating: autoDraw = False
490.2882 	EXP 	New trial (rep=0, index=222): <Trial 222 (222 in rep 0) data={'center': 2, 'surround': 15.0, 'type': 'c+2', 'surr_type': 'poss', 'orient_opacity': 100, 'noise_opacity': 0, 'isi': 0.75, 'thisN': 222, 'thisTrialN': 222, 'thisRepN': 0}>
490.2938 	DATA 	Keypress: z
490.3003 	INFO 	Keyboard events cleared
490.2996 	EXP 	noise_3: autoDraw = False
490.2996 	EXP 	surround_grating: autoDraw = False
490.2996 	EXP 	center_grating: autoDraw = False
490.2996 	EXP 	text_2: autoDraw = False
490.2996 	EXP 	surround_grating: ori = 15.0
490.2996 	EXP 	surround_grating: sf = array([2.5, 2.5])
490.2996 	EXP 	surround_grating: phase = array([0.94532164, 0.94532164])
490.2996 	EXP 	center_grating: ori = 2.0
490.2996 	EXP 	center_grating: sf = array([2.5, 2.5])
490.2996 	EXP 	center_grating: phase = array([0.87294754, 0.87294754])
491.0336 	EXP 	noise_3: autoDraw = True
491.0336 	EXP 	surround_grating: autoDraw = True
491.0336 	EXP 	center_grating: autoDraw = True
491.1059 	EXP 	noise_3: autoDraw = False
491.1059 	EXP 	surround_grating: autoDraw = False
491.1059 	EXP 	center_grating: autoDraw = False
491.6368 	EXP 	New trial (rep=0, index=223): <Trial 223 (223 in rep 0) data={'center': -4, 'surround': -15.0, 'type': 'c-4', 'surr_type': 'negs', 'orient_opacity': 100, 'noise_opacity': 0, 'isi': 0.75, 'thisN': 223, 'thisTrialN': 223, 'thisRepN': 0}>
491.6419 	DATA 	Keypress: z
491.6482 	INFO 	Keyboard events cleared
491.6476 	EXP 	noise_3: autoDraw = False
491.6476 	EXP 	surround_grating: autoDraw = False
491.6476 	EXP 	center_grating: autoDraw = False
491.6476 	EXP 	text_2: autoDraw = False
491.6476 	EXP 	surround_grating: ori = -15.0
491.6476 	EXP 	surround_grating: sf = array([2.5, 2.5])
491.6476 	EXP 	surround_grating: phase = array([0.00638748, 0.00638748])
491.6476 	EXP 	center_grating: ori = -4.0
491.6476 	EXP 	center_grating: sf = array([2.5, 2.5])
491.6476 	EXP 	center_grating: phase = array([0.09247078, 0.09247078])
492.3838 	EXP 	noise_3: autoDraw = True
492.3838 	EXP 	surround_grating: autoDraw = True
492.3838 	EXP 	center_grating: autoDraw = True
492.4561 	EXP 	noise_3: autoDraw = False
492.4561 	EXP 	surround_grating: autoDraw = False
492.4561 	EXP 	center_grating: autoDraw = False
493.1097 	EXP 	New trial (rep=0, index=224): <Trial 224 (224 in rep 0) data={'center': 0, 'surround': 15.0, 'type': 'c+0', 'surr_type': 'poss', 'orient_opacity': 100, 'noise_opacity': 0, 'isi': 1.25, 'thisN': 224, 'thisTrialN': 224, 'thisRepN': 0}>
493.1150 	DATA 	Keypress: period
493.1206 	INFO 	Keyboard events cleared
493.1201 	EXP 	noise_3: autoDraw = False
493.1201 	EXP 	surround_grating: autoDraw = False
493.1201 	EXP 	center_grating: autoDraw = False
493.1201 	EXP 	text_2: autoDraw = False
493.1201 	EXP 	surround_grating: ori = 15.0
493.1201 	EXP 	surround_grating: sf = array([2.5, 2.5])
493.1201 	EXP 	surround_grating: phase = array([0.89295142, 0.89295142])
493.1201 	EXP 	center_grating: ori = 0.0
493.1201 	EXP 	center_grating: sf = array([2.5, 2.5])
493.1201 	EXP 	center_grating: phase = array([0.15974817, 0.15974817])
494.3600 	EXP 	noise_3: autoDraw = True
494.3600 	EXP 	surround_grating: autoDraw = True
494.3600 	EXP 	center_grating: autoDraw = True
494.4346 	EXP 	noise_3: autoDraw = False
494.4346 	EXP 	surround_grating: autoDraw = False
494.4346 	EXP 	center_grating: autoDraw = False
495.0703 	EXP 	New trial (rep=0, index=225): <Trial 225 (225 in rep 0) data={'center': -2, 'surround': 0.0, 'type': 'c-2', 'surr_type': 'noss', 'orient_opacity': 0, 'noise_opacity': 100, 'isi': 0.5, 'thisN': 225, 'thisTrialN': 225, 'thisRepN': 0}>
495.0755 	DATA 	Keypress: period
495.0818 	INFO 	Keyboard events cleared
495.0813 	EXP 	noise_3: autoDraw = False
495.0813 	EXP 	surround_grating: autoDraw = False
495.0813 	EXP 	center_grating: autoDraw = False
495.0813 	EXP 	text_2: autoDraw = False
495.0813 	EXP 	surround_grating: ori = 0.0
495.0813 	EXP 	surround_grating: sf = array([2.5, 2.5])
495.0813 	EXP 	surround_grating: phase = array([0.32518253, 0.32518253])
495.0813 	EXP 	center_grating: ori = -2.0
495.0813 	EXP 	center_grating: sf = array([2.5, 2.5])
495.0813 	EXP 	center_grating: phase = array([0.44931666, 0.44931666])
495.5672 	EXP 	noise_3: autoDraw = True
495.5672 	EXP 	surround_grating: autoDraw = True
495.5672 	EXP 	center_grating: autoDraw = True
495.6398 	EXP 	noise_3: autoDraw = False
495.6398 	EXP 	surround_grating: autoDraw = False
495.6398 	EXP 	center_grating: autoDraw = False
496.3536 	EXP 	New trial (rep=0, index=226): <Trial 226 (226 in rep 0) data={'center': -8, 'surround': -15.0, 'type': 'c-8', 'surr_type': 'negs', 'orient_opacity': 100, 'noise_opacity': 0, 'isi': 1.25, 'thisN': 226, 'thisTrialN': 226, 'thisRepN': 0}>
496.3585 	DATA 	Keypress: z
496.3639 	INFO 	Keyboard events cleared
496.3635 	EXP 	noise_3: autoDraw = False
496.3635 	EXP 	surround_grating: autoDraw = False
496.3635 	EXP 	center_grating: autoDraw = False
496.3635 	EXP 	text_2: autoDraw = False
496.3635 	EXP 	surround_grating: ori = -15.0
496.3635 	EXP 	surround_grating: sf = array([2.5, 2.5])
496.3635 	EXP 	surround_grating: phase = array([0.19730785, 0.19730785])
496.3635 	EXP 	center_grating: ori = -8.0
496.3635 	EXP 	center_grating: sf = array([2.5, 2.5])
496.3635 	EXP 	center_grating: phase = array([0.13243483, 0.13243483])
497.6006 	EXP 	noise_3: autoDraw = True
497.6006 	EXP 	surround_grating: autoDraw = True
497.6006 	EXP 	center_grating: autoDraw = True
497.6728 	EXP 	noise_3: autoDraw = False
497.6728 	EXP 	surround_grating: autoDraw = False
497.6728 	EXP 	center_grating: autoDraw = False
498.2212 	EXP 	New trial (rep=0, index=227): <Trial 227 (227 in rep 0) data={'center': 6, 'surround': 15.0, 'type': 'c+6', 'surr_type': 'poss', 'orient_opacity': 100, 'noise_opacity': 0, 'isi': 1.0, 'thisN': 227, 'thisTrialN': 227, 'thisRepN': 0}>
498.2268 	DATA 	Keypress: z
498.2327 	INFO 	Keyboard events cleared
498.2323 	EXP 	noise_3: autoDraw = False
498.2323 	EXP 	surround_grating: autoDraw = False
498.2323 	EXP 	center_grating: autoDraw = False
498.2323 	EXP 	text_2: autoDraw = False
498.2323 	EXP 	surround_grating: ori = 15.0
498.2323 	EXP 	surround_grating: sf = array([2.5, 2.5])
498.2323 	EXP 	surround_grating: phase = array([0.49471725, 0.49471725])
498.2323 	EXP 	center_grating: ori = 6.0
498.2323 	EXP 	center_grating: sf = array([2.5, 2.5])
498.2323 	EXP 	center_grating: phase = array([0.13046877, 0.13046877])
499.2173 	EXP 	noise_3: autoDraw = True
499.2173 	EXP 	surround_grating: autoDraw = True
499.2173 	EXP 	center_grating: autoDraw = True
499.2894 	EXP 	noise_3: autoDraw = False
499.2894 	EXP 	surround_grating: autoDraw = False
499.2894 	EXP 	center_grating: autoDraw = False
499.6273 	EXP 	New trial (rep=0, index=228): <Trial 228 (228 in rep 0) data={'center': 0, 'surround': 15.0, 'type': 'c+0', 'surr_type': 'poss', 'orient_opacity': 100, 'noise_opacity': 0, 'isi': 1.0, 'thisN': 228, 'thisTrialN': 228, 'thisRepN': 0}>
499.6324 	DATA 	Keypress: period
499.6378 	INFO 	Keyboard events cleared
499.6372 	EXP 	noise_3: autoDraw = False
499.6372 	EXP 	surround_grating: autoDraw = False
499.6372 	EXP 	center_grating: autoDraw = False
499.6372 	EXP 	text_2: autoDraw = False
499.6372 	EXP 	surround_grating: ori = 15.0
499.6372 	EXP 	surround_grating: sf = array([2.5, 2.5])
499.6372 	EXP 	surround_grating: phase = array([0.85798695, 0.85798695])
499.6372 	EXP 	center_grating: ori = 0.0
499.6372 	EXP 	center_grating: sf = array([2.5, 2.5])
499.6372 	EXP 	center_grating: phase = array([0.56805777, 0.56805777])
500.6271 	EXP 	noise_3: autoDraw = True
500.6271 	EXP 	surround_grating: autoDraw = True
500.6271 	EXP 	center_grating: autoDraw = True
500.7012 	EXP 	noise_3: autoDraw = False
500.7012 	EXP 	surround_grating: autoDraw = False
500.7012 	EXP 	center_grating: autoDraw = False
501.2873 	EXP 	New trial (rep=0, index=229): <Trial 229 (229 in rep 0) data={'center': 4, 'surround': 15.0, 'type': 'c+4', 'surr_type': 'poss', 'orient_opacity': 100, 'noise_opacity': 0, 'isi': 0.75, 'thisN': 229, 'thisTrialN': 229, 'thisRepN': 0}>
501.2929 	DATA 	Keypress: z
501.2989 	INFO 	Keyboard events cleared
501.2983 	EXP 	noise_3: autoDraw = False
501.2983 	EXP 	surround_grating: autoDraw = False
501.2983 	EXP 	center_grating: autoDraw = False
501.2983 	EXP 	text_2: autoDraw = False
501.2983 	EXP 	surround_grating: ori = 15.0
501.2983 	EXP 	surround_grating: sf = array([2.5, 2.5])
501.2983 	EXP 	surround_grating: phase = array([0.90639054, 0.90639054])
501.2983 	EXP 	center_grating: ori = 4.0
501.2983 	EXP 	center_grating: sf = array([2.5, 2.5])
501.2983 	EXP 	center_grating: phase = array([0.4961315, 0.4961315])
502.0340 	EXP 	noise_3: autoDraw = True
502.0340 	EXP 	surround_grating: autoDraw = True
502.0340 	EXP 	center_grating: autoDraw = True
502.1070 	EXP 	noise_3: autoDraw = False
502.1070 	EXP 	surround_grating: autoDraw = False
502.1070 	EXP 	center_grating: autoDraw = False
502.5872 	EXP 	New trial (rep=0, index=230): <Trial 230 (230 in rep 0) data={'center': -2, 'surround': 0.0, 'type': 'c-2', 'surr_type': 'noss', 'orient_opacity': 0, 'noise_opacity': 100, 'isi': 1.0, 'thisN': 230, 'thisTrialN': 230, 'thisRepN': 0}>
502.5923 	DATA 	Keypress: z
502.5981 	INFO 	Keyboard events cleared
502.5976 	EXP 	noise_3: autoDraw = False
502.5976 	EXP 	surround_grating: autoDraw = False
502.5976 	EXP 	center_grating: autoDraw = False
502.5976 	EXP 	text_2: autoDraw = False
502.5976 	EXP 	surround_grating: ori = 0.0
502.5976 	EXP 	surround_grating: sf = array([2.5, 2.5])
502.5976 	EXP 	surround_grating: phase = array([0.20166167, 0.20166167])
502.5976 	EXP 	center_grating: ori = -2.0
502.5976 	EXP 	center_grating: sf = array([2.5, 2.5])
502.5976 	EXP 	center_grating: phase = array([0.56899097, 0.56899097])
503.5842 	EXP 	noise_3: autoDraw = True
503.5842 	EXP 	surround_grating: autoDraw = True
503.5842 	EXP 	center_grating: autoDraw = True
503.6576 	EXP 	noise_3: autoDraw = False
503.6576 	EXP 	surround_grating: autoDraw = False
503.6576 	EXP 	center_grating: autoDraw = False
504.1874 	EXP 	New trial (rep=0, index=231): <Trial 231 (231 in rep 0) data={'center': -4, 'surround': 0.0, 'type': 'c-4', 'surr_type': 'noss', 'orient_opacity': 0, 'noise_opacity': 100, 'isi': 0.75, 'thisN': 231, 'thisTrialN': 231, 'thisRepN': 0}>
504.1933 	DATA 	Keypress: period
504.1994 	INFO 	Keyboard events cleared
504.1988 	EXP 	noise_3: autoDraw = False
504.1988 	EXP 	surround_grating: autoDraw = False
504.1988 	EXP 	center_grating: autoDraw = False
504.1988 	EXP 	text_2: autoDraw = False
504.1988 	EXP 	surround_grating: ori = 0.0
504.1988 	EXP 	surround_grating: sf = array([2.5, 2.5])
504.1988 	EXP 	surround_grating: phase = array([0.33121636, 0.33121636])
504.1988 	EXP 	center_grating: ori = -4.0
504.1988 	EXP 	center_grating: sf = array([2.5, 2.5])
504.1988 	EXP 	center_grating: phase = array([0.51464747, 0.51464747])
504.9342 	EXP 	noise_3: autoDraw = True
504.9342 	EXP 	surround_grating: autoDraw = True
504.9342 	EXP 	center_grating: autoDraw = True
505.0066 	EXP 	noise_3: autoDraw = False
505.0066 	EXP 	surround_grating: autoDraw = False
505.0066 	EXP 	center_grating: autoDraw = False
505.3875 	EXP 	New trial (rep=0, index=232): <Trial 232 (232 in rep 0) data={'center': -4, 'surround': -15.0, 'type': 'c-4', 'surr_type': 'negs', 'orient_opacity': 100, 'noise_opacity': 0, 'isi': 1.0, 'thisN': 232, 'thisTrialN': 232, 'thisRepN': 0}>
505.3933 	DATA 	Keypress: period
505.3995 	INFO 	Keyboard events cleared
505.3991 	EXP 	noise_3: autoDraw = False
505.3991 	EXP 	surround_grating: autoDraw = False
505.3991 	EXP 	center_grating: autoDraw = False
505.3991 	EXP 	text_2: autoDraw = False
505.3991 	EXP 	surround_grating: ori = -15.0
505.3991 	EXP 	surround_grating: sf = array([2.5, 2.5])
505.3991 	EXP 	surround_grating: phase = array([0.98781186, 0.98781186])
505.3991 	EXP 	center_grating: ori = -4.0
505.3991 	EXP 	center_grating: sf = array([2.5, 2.5])
505.3991 	EXP 	center_grating: phase = array([0.01035339, 0.01035339])
506.3842 	EXP 	noise_3: autoDraw = True
506.3842 	EXP 	surround_grating: autoDraw = True
506.3842 	EXP 	center_grating: autoDraw = True
506.4570 	EXP 	noise_3: autoDraw = False
506.4570 	EXP 	surround_grating: autoDraw = False
506.4570 	EXP 	center_grating: autoDraw = False
506.9721 	EXP 	New trial (rep=0, index=233): <Trial 233 (233 in rep 0) data={'center': 4, 'surround': 15.0, 'type': 'c+4', 'surr_type': 'poss', 'orient_opacity': 100, 'noise_opacity': 0, 'isi': 0.5, 'thisN': 233, 'thisTrialN': 233, 'thisRepN': 0}>
506.9773 	DATA 	Keypress: period
506.9836 	INFO 	Keyboard events cleared
506.9831 	EXP 	noise_3: autoDraw = False
506.9831 	EXP 	surround_grating: autoDraw = False
506.9831 	EXP 	center_grating: autoDraw = False
506.9831 	EXP 	text_2: autoDraw = False
506.9831 	EXP 	surround_grating: ori = 15.0
506.9831 	EXP 	surround_grating: sf = array([2.5, 2.5])
506.9831 	EXP 	surround_grating: phase = array([0.68094823, 0.68094823])
506.9831 	EXP 	center_grating: ori = 4.0
506.9831 	EXP 	center_grating: sf = array([2.5, 2.5])
506.9831 	EXP 	center_grating: phase = array([0.68794066, 0.68794066])
507.4676 	EXP 	noise_3: autoDraw = True
507.4676 	EXP 	surround_grating: autoDraw = True
507.4676 	EXP 	center_grating: autoDraw = True
507.5397 	EXP 	noise_3: autoDraw = False
507.5397 	EXP 	surround_grating: autoDraw = False
507.5397 	EXP 	center_grating: autoDraw = False
508.1049 	EXP 	New trial (rep=0, index=234): <Trial 234 (234 in rep 0) data={'center': -2, 'surround': -15.0, 'type': 'c-2', 'surr_type': 'negs', 'orient_opacity': 100, 'noise_opacity': 0, 'isi': 0.75, 'thisN': 234, 'thisTrialN': 234, 'thisRepN': 0}>
508.1105 	DATA 	Keypress: period
508.1182 	INFO 	Keyboard events cleared
508.1177 	EXP 	noise_3: autoDraw = False
508.1177 	EXP 	surround_grating: autoDraw = False
508.1177 	EXP 	center_grating: autoDraw = False
508.1177 	EXP 	text_2: autoDraw = False
508.1177 	EXP 	surround_grating: ori = -15.0
508.1177 	EXP 	surround_grating: sf = array([2.5, 2.5])
508.1177 	EXP 	surround_grating: phase = array([0.336602, 0.336602])
508.1177 	EXP 	center_grating: ori = -2.0
508.1177 	EXP 	center_grating: sf = array([2.5, 2.5])
508.1177 	EXP 	center_grating: phase = array([0.97912788, 0.97912788])
508.8510 	EXP 	noise_3: autoDraw = True
508.8510 	EXP 	surround_grating: autoDraw = True
508.8510 	EXP 	center_grating: autoDraw = True
508.9234 	EXP 	noise_3: autoDraw = False
508.9234 	EXP 	surround_grating: autoDraw = False
508.9234 	EXP 	center_grating: autoDraw = False
509.5541 	EXP 	New trial (rep=0, index=235): <Trial 235 (235 in rep 0) data={'center': -2, 'surround': 15.0, 'type': 'c-2', 'surr_type': 'poss', 'orient_opacity': 100, 'noise_opacity': 0, 'isi': 1.25, 'thisN': 235, 'thisTrialN': 235, 'thisRepN': 0}>
509.5593 	DATA 	Keypress: period
509.5654 	INFO 	Keyboard events cleared
509.5648 	EXP 	noise_3: autoDraw = False
509.5648 	EXP 	surround_grating: autoDraw = False
509.5648 	EXP 	center_grating: autoDraw = False
509.5648 	EXP 	text_2: autoDraw = False
509.5648 	EXP 	surround_grating: ori = 15.0
509.5648 	EXP 	surround_grating: sf = array([2.5, 2.5])
509.5648 	EXP 	surround_grating: phase = array([0.78322557, 0.78322557])
509.5648 	EXP 	center_grating: ori = -2.0
509.5648 	EXP 	center_grating: sf = array([2.5, 2.5])
509.5648 	EXP 	center_grating: phase = array([0.91841486, 0.91841486])
510.8011 	EXP 	noise_3: autoDraw = True
510.8011 	EXP 	surround_grating: autoDraw = True
510.8011 	EXP 	center_grating: autoDraw = True
510.8727 	EXP 	noise_3: autoDraw = False
510.8727 	EXP 	surround_grating: autoDraw = False
510.8727 	EXP 	center_grating: autoDraw = False
511.3374 	EXP 	New trial (rep=0, index=236): <Trial 236 (236 in rep 0) data={'center': -2, 'surround': 15.0, 'type': 'c-2', 'surr_type': 'poss', 'orient_opacity': 100, 'noise_opacity': 0, 'isi': 1.25, 'thisN': 236, 'thisTrialN': 236, 'thisRepN': 0}>
511.3424 	DATA 	Keypress: z
511.3484 	INFO 	Keyboard events cleared
511.3477 	EXP 	noise_3: autoDraw = False
511.3477 	EXP 	surround_grating: autoDraw = False
511.3477 	EXP 	center_grating: autoDraw = False
511.3477 	EXP 	text_2: autoDraw = False
511.3477 	EXP 	surround_grating: ori = 15.0
511.3477 	EXP 	surround_grating: sf = array([2.5, 2.5])
511.3477 	EXP 	surround_grating: phase = array([0.73410847, 0.73410847])
511.3477 	EXP 	center_grating: ori = -2.0
511.3477 	EXP 	center_grating: sf = array([2.5, 2.5])
511.3477 	EXP 	center_grating: phase = array([0.21375776, 0.21375776])
512.5845 	EXP 	noise_3: autoDraw = True
512.5845 	EXP 	surround_grating: autoDraw = True
512.5845 	EXP 	center_grating: autoDraw = True
512.6568 	EXP 	noise_3: autoDraw = False
512.6568 	EXP 	surround_grating: autoDraw = False
512.6568 	EXP 	center_grating: autoDraw = False
513.1263 	EXP 	New trial (rep=0, index=237): <Trial 237 (237 in rep 0) data={'center': -6, 'surround': -15.0, 'type': 'c-6', 'surr_type': 'negs', 'orient_opacity': 100, 'noise_opacity': 0, 'isi': 1.25, 'thisN': 237, 'thisTrialN': 237, 'thisRepN': 0}>
513.1314 	DATA 	Keypress: z
513.1377 	INFO 	Keyboard events cleared
513.1372 	EXP 	noise_3: autoDraw = False
513.1372 	EXP 	surround_grating: autoDraw = False
513.1372 	EXP 	center_grating: autoDraw = False
513.1372 	EXP 	text_2: autoDraw = False
513.1372 	EXP 	surround_grating: ori = -15.0
513.1372 	EXP 	surround_grating: sf = array([2.5, 2.5])
513.1372 	EXP 	surround_grating: phase = array([0.33082068, 0.33082068])
513.1372 	EXP 	center_grating: ori = -6.0
513.1372 	EXP 	center_grating: sf = array([2.5, 2.5])
513.1372 	EXP 	center_grating: phase = array([0.98381891, 0.98381891])
514.3770 	EXP 	noise_3: autoDraw = True
514.3770 	EXP 	surround_grating: autoDraw = True
514.3770 	EXP 	center_grating: autoDraw = True
514.4519 	EXP 	noise_3: autoDraw = False
514.4519 	EXP 	surround_grating: autoDraw = False
514.4519 	EXP 	center_grating: autoDraw = False
514.7879 	EXP 	New trial (rep=0, index=238): <Trial 238 (238 in rep 0) data={'center': 0, 'surround': 15.0, 'type': 'c+0', 'surr_type': 'poss', 'orient_opacity': 100, 'noise_opacity': 0, 'isi': 0.5, 'thisN': 238, 'thisTrialN': 238, 'thisRepN': 0}>
514.7936 	DATA 	Keypress: z
514.7997 	INFO 	Keyboard events cleared
514.7993 	EXP 	noise_3: autoDraw = False
514.7993 	EXP 	surround_grating: autoDraw = False
514.7993 	EXP 	center_grating: autoDraw = False
514.7993 	EXP 	text_2: autoDraw = False
514.7993 	EXP 	surround_grating: ori = 15.0
514.7993 	EXP 	surround_grating: sf = array([2.5, 2.5])
514.7993 	EXP 	surround_grating: phase = array([0.8691835, 0.8691835])
514.7993 	EXP 	center_grating: ori = 0.0
514.7993 	EXP 	center_grating: sf = array([2.5, 2.5])
514.7993 	EXP 	center_grating: phase = array([0.13891496, 0.13891496])
515.2848 	EXP 	noise_3: autoDraw = True
515.2848 	EXP 	surround_grating: autoDraw = True
515.2848 	EXP 	center_grating: autoDraw = True
515.3565 	EXP 	noise_3: autoDraw = False
515.3565 	EXP 	surround_grating: autoDraw = False
515.3565 	EXP 	center_grating: autoDraw = False
515.9608 	EXP 	New trial (rep=0, index=239): <Trial 239 (239 in rep 0) data={'center': 4, 'surround': 0.0, 'type': 'c+4', 'surr_type': 'noss', 'orient_opacity': 0, 'noise_opacity': 100, 'isi': 0.5, 'thisN': 239, 'thisTrialN': 239, 'thisRepN': 0}>
515.9664 	DATA 	Keypress: period
515.9720 	INFO 	Keyboard events cleared
515.9713 	EXP 	noise_3: autoDraw = False
515.9713 	EXP 	surround_grating: autoDraw = False
515.9713 	EXP 	center_grating: autoDraw = False
515.9713 	EXP 	text_2: autoDraw = False
515.9713 	EXP 	surround_grating: ori = 0.0
515.9713 	EXP 	surround_grating: sf = array([2.5, 2.5])
515.9713 	EXP 	surround_grating: phase = array([0.04578784, 0.04578784])
515.9713 	EXP 	center_grating: ori = 4.0
515.9713 	EXP 	center_grating: sf = array([2.5, 2.5])
515.9713 	EXP 	center_grating: phase = array([0.57047683, 0.57047683])
516.4603 	EXP 	noise_3: autoDraw = True
516.4603 	EXP 	surround_grating: autoDraw = True
516.4603 	EXP 	center_grating: autoDraw = True
516.5352 	EXP 	noise_3: autoDraw = False
516.5352 	EXP 	surround_grating: autoDraw = False
516.5352 	EXP 	center_grating: autoDraw = False
517.2710 	EXP 	New trial (rep=0, index=240): <Trial 240 (240 in rep 0) data={'center': 0, 'surround': 15.0, 'type': 'c+0', 'surr_type': 'poss', 'orient_opacity': 100, 'noise_opacity': 0, 'isi': 1.25, 'thisN': 240, 'thisTrialN': 240, 'thisRepN': 0}>
517.2762 	DATA 	Keypress: period
517.2821 	INFO 	Keyboard events cleared
517.2817 	EXP 	noise_3: autoDraw = False
517.2817 	EXP 	surround_grating: autoDraw = False
517.2817 	EXP 	center_grating: autoDraw = False
517.2817 	EXP 	text_2: autoDraw = False
517.2817 	EXP 	surround_grating: ori = 15.0
517.2817 	EXP 	surround_grating: sf = array([2.5, 2.5])
517.2817 	EXP 	surround_grating: phase = array([0.55225937, 0.55225937])
517.2817 	EXP 	center_grating: ori = 0.0
517.2817 	EXP 	center_grating: sf = array([2.5, 2.5])
517.2817 	EXP 	center_grating: phase = array([0.6240614, 0.6240614])
518.5180 	EXP 	noise_3: autoDraw = True
518.5180 	EXP 	surround_grating: autoDraw = True
518.5180 	EXP 	center_grating: autoDraw = True
518.5904 	EXP 	noise_3: autoDraw = False
518.5904 	EXP 	surround_grating: autoDraw = False
518.5904 	EXP 	center_grating: autoDraw = False
519.1372 	EXP 	New trial (rep=0, index=241): <Trial 241 (241 in rep 0) data={'center': 0, 'surround': 15.0, 'type': 'c+0', 'surr_type': 'poss', 'orient_opacity': 100, 'noise_opacity': 0, 'isi': 1.25, 'thisN': 241, 'thisTrialN': 241, 'thisRepN': 0}>
519.1422 	DATA 	Keypress: z
519.1484 	INFO 	Keyboard events cleared
519.1479 	EXP 	noise_3: autoDraw = False
519.1479 	EXP 	surround_grating: autoDraw = False
519.1479 	EXP 	center_grating: autoDraw = False
519.1479 	EXP 	text_2: autoDraw = False
519.1479 	EXP 	surround_grating: ori = 15.0
519.1479 	EXP 	surround_grating: sf = array([2.5, 2.5])
519.1479 	EXP 	surround_grating: phase = array([0.70787695, 0.70787695])
519.1479 	EXP 	center_grating: ori = 0.0
519.1479 	EXP 	center_grating: sf = array([2.5, 2.5])
519.1479 	EXP 	center_grating: phase = array([0.58968789, 0.58968789])
520.3848 	EXP 	noise_3: autoDraw = True
520.3848 	EXP 	surround_grating: autoDraw = True
520.3848 	EXP 	center_grating: autoDraw = True
520.4687 	EXP 	noise_3: autoDraw = False
520.4687 	EXP 	surround_grating: autoDraw = False
520.4687 	EXP 	center_grating: autoDraw = False
520.7103 	EXP 	New trial (rep=0, index=242): <Trial 242 (242 in rep 0) data={'center': -6, 'surround': -15.0, 'type': 'c-6', 'surr_type': 'negs', 'orient_opacity': 100, 'noise_opacity': 0, 'isi': 1.0, 'thisN': 242, 'thisTrialN': 242, 'thisRepN': 0}>
520.7156 	DATA 	Keypress: period
520.7215 	INFO 	Keyboard events cleared
520.7210 	EXP 	noise_3: autoDraw = False
520.7210 	EXP 	surround_grating: autoDraw = False
520.7210 	EXP 	center_grating: autoDraw = False
520.7210 	EXP 	text_2: autoDraw = False
520.7210 	EXP 	surround_grating: ori = -15.0
520.7210 	EXP 	surround_grating: sf = array([2.5, 2.5])
520.7210 	EXP 	surround_grating: phase = array([0.41565006, 0.41565006])
520.7210 	EXP 	center_grating: ori = -6.0
520.7210 	EXP 	center_grating: sf = array([2.5, 2.5])
520.7210 	EXP 	center_grating: phase = array([0.3742446, 0.3742446])
521.7114 	EXP 	noise_3: autoDraw = True
521.7114 	EXP 	surround_grating: autoDraw = True
521.7114 	EXP 	center_grating: autoDraw = True
521.7852 	EXP 	noise_3: autoDraw = False
521.7852 	EXP 	surround_grating: autoDraw = False
521.7852 	EXP 	center_grating: autoDraw = False
522.0552 	EXP 	New trial (rep=0, index=243): <Trial 243 (243 in rep 0) data={'center': 0, 'surround': -15.0, 'type': 'c+0', 'surr_type': 'negs', 'orient_opacity': 100, 'noise_opacity': 0, 'isi': 1.25, 'thisN': 243, 'thisTrialN': 243, 'thisRepN': 0}>
522.0606 	DATA 	Keypress: period
522.0667 	INFO 	Keyboard events cleared
522.0663 	EXP 	noise_3: autoDraw = False
522.0663 	EXP 	surround_grating: autoDraw = False
522.0663 	EXP 	center_grating: autoDraw = False
522.0663 	EXP 	text_2: autoDraw = False
522.0663 	EXP 	surround_grating: ori = -15.0
522.0663 	EXP 	surround_grating: sf = array([2.5, 2.5])
522.0663 	EXP 	surround_grating: phase = array([0.59037693, 0.59037693])
522.0663 	EXP 	center_grating: ori = 0.0
522.0663 	EXP 	center_grating: sf = array([2.5, 2.5])
522.0663 	EXP 	center_grating: phase = array([0.02546314, 0.02546314])
523.3015 	EXP 	noise_3: autoDraw = True
523.3015 	EXP 	surround_grating: autoDraw = True
523.3015 	EXP 	center_grating: autoDraw = True
523.3737 	EXP 	noise_3: autoDraw = False
523.3737 	EXP 	surround_grating: autoDraw = False
523.3737 	EXP 	center_grating: autoDraw = False
524.2110 	EXP 	New trial (rep=0, index=244): <Trial 244 (244 in rep 0) data={'center': 0, 'surround': 0.0, 'type': 'c+0', 'surr_type': 'noss', 'orient_opacity': 0, 'noise_opacity': 100, 'isi': 0.5, 'thisN': 244, 'thisTrialN': 244, 'thisRepN': 0}>
524.2161 	DATA 	Keypress: period
524.2219 	INFO 	Keyboard events cleared
524.2214 	EXP 	noise_3: autoDraw = False
524.2214 	EXP 	surround_grating: autoDraw = False
524.2214 	EXP 	center_grating: autoDraw = False
524.2214 	EXP 	text_2: autoDraw = False
524.2214 	EXP 	surround_grating: ori = 0.0
524.2214 	EXP 	surround_grating: sf = array([2.5, 2.5])
524.2214 	EXP 	surround_grating: phase = array([0.21826704, 0.21826704])
524.2214 	EXP 	center_grating: ori = 0.0
524.2214 	EXP 	center_grating: sf = array([2.5, 2.5])
524.2214 	EXP 	center_grating: phase = array([0.57955609, 0.57955609])
524.7116 	EXP 	noise_3: autoDraw = True
524.7116 	EXP 	surround_grating: autoDraw = True
524.7116 	EXP 	center_grating: autoDraw = True
524.7856 	EXP 	noise_3: autoDraw = False
524.7856 	EXP 	surround_grating: autoDraw = False
524.7856 	EXP 	center_grating: autoDraw = False
525.3560 	EXP 	New trial (rep=0, index=245): <Trial 245 (245 in rep 0) data={'center': 0, 'surround': 15.0, 'type': 'c+0', 'surr_type': 'poss', 'orient_opacity': 100, 'noise_opacity': 0, 'isi': 1.25, 'thisN': 245, 'thisTrialN': 245, 'thisRepN': 0}>
525.3617 	DATA 	Keypress: period
525.3680 	INFO 	Keyboard events cleared
525.3675 	EXP 	noise_3: autoDraw = False
525.3675 	EXP 	surround_grating: autoDraw = False
525.3675 	EXP 	center_grating: autoDraw = False
525.3675 	EXP 	text_2: autoDraw = False
525.3675 	EXP 	surround_grating: ori = 15.0
525.3675 	EXP 	surround_grating: sf = array([2.5, 2.5])
525.3675 	EXP 	surround_grating: phase = array([0.49064028, 0.49064028])
525.3675 	EXP 	center_grating: ori = 0.0
525.3675 	EXP 	center_grating: sf = array([2.5, 2.5])
525.3675 	EXP 	center_grating: phase = array([0.68194838, 0.68194838])
526.6010 	EXP 	noise_3: autoDraw = True
526.6010 	EXP 	surround_grating: autoDraw = True
526.6010 	EXP 	center_grating: autoDraw = True
526.6738 	EXP 	noise_3: autoDraw = False
526.6738 	EXP 	surround_grating: autoDraw = False
526.6738 	EXP 	center_grating: autoDraw = False
526.9223 	EXP 	New trial (rep=0, index=246): <Trial 246 (246 in rep 0) data={'center': 0, 'surround': 15.0, 'type': 'c+0', 'surr_type': 'poss', 'orient_opacity': 100, 'noise_opacity': 0, 'isi': 0.5, 'thisN': 246, 'thisTrialN': 246, 'thisRepN': 0}>
526.9276 	DATA 	Keypress: z
526.9338 	INFO 	Keyboard events cleared
526.9333 	EXP 	noise_3: autoDraw = False
526.9333 	EXP 	surround_grating: autoDraw = False
526.9333 	EXP 	center_grating: autoDraw = False
526.9333 	EXP 	text_2: autoDraw = False
526.9333 	EXP 	surround_grating: ori = 15.0
526.9333 	EXP 	surround_grating: sf = array([2.5, 2.5])
526.9333 	EXP 	surround_grating: phase = array([0.80702742, 0.80702742])
526.9333 	EXP 	center_grating: ori = 0.0
526.9333 	EXP 	center_grating: sf = array([2.5, 2.5])
526.9333 	EXP 	center_grating: phase = array([0.229253, 0.229253])
527.4182 	EXP 	noise_3: autoDraw = True
527.4182 	EXP 	surround_grating: autoDraw = True
527.4182 	EXP 	center_grating: autoDraw = True
527.4905 	EXP 	noise_3: autoDraw = False
527.4905 	EXP 	surround_grating: autoDraw = False
527.4905 	EXP 	center_grating: autoDraw = False
530.5051 	EXP 	New trial (rep=0, index=247): <Trial 247 (247 in rep 0) data={'center': -6, 'surround': -15.0, 'type': 'c-6', 'surr_type': 'negs', 'orient_opacity': 100, 'noise_opacity': 0, 'isi': 0.5, 'thisN': 247, 'thisTrialN': 247, 'thisRepN': 0}>
530.5107 	DATA 	Keypress: z
530.5171 	INFO 	Keyboard events cleared
530.5166 	EXP 	noise_3: autoDraw = False
530.5166 	EXP 	surround_grating: autoDraw = False
530.5166 	EXP 	center_grating: autoDraw = False
530.5166 	EXP 	text_2: autoDraw = False
530.5166 	EXP 	surround_grating: ori = -15.0
530.5166 	EXP 	surround_grating: sf = array([2.5, 2.5])
530.5166 	EXP 	surround_grating: phase = array([0.35093689, 0.35093689])
530.5166 	EXP 	center_grating: ori = -6.0
530.5166 	EXP 	center_grating: sf = array([2.5, 2.5])
530.5166 	EXP 	center_grating: phase = array([0.06805711, 0.06805711])
531.0019 	EXP 	noise_3: autoDraw = True
531.0019 	EXP 	surround_grating: autoDraw = True
531.0019 	EXP 	center_grating: autoDraw = True
531.0737 	EXP 	noise_3: autoDraw = False
531.0737 	EXP 	surround_grating: autoDraw = False
531.0737 	EXP 	center_grating: autoDraw = False
531.6382 	EXP 	New trial (rep=0, index=248): <Trial 248 (248 in rep 0) data={'center': -6, 'surround': -15.0, 'type': 'c-6', 'surr_type': 'negs', 'orient_opacity': 100, 'noise_opacity': 0, 'isi': 1.0, 'thisN': 248, 'thisTrialN': 248, 'thisRepN': 0}>
531.6438 	DATA 	Keypress: z
531.6498 	INFO 	Keyboard events cleared
531.6493 	EXP 	noise_3: autoDraw = False
531.6493 	EXP 	surround_grating: autoDraw = False
531.6493 	EXP 	center_grating: autoDraw = False
531.6493 	EXP 	text_2: autoDraw = False
531.6493 	EXP 	surround_grating: ori = -15.0
531.6493 	EXP 	surround_grating: sf = array([2.5, 2.5])
531.6493 	EXP 	surround_grating: phase = array([0.26279991, 0.26279991])
531.6493 	EXP 	center_grating: ori = -6.0
531.6493 	EXP 	center_grating: sf = array([2.5, 2.5])
531.6493 	EXP 	center_grating: phase = array([0.76293413, 0.76293413])
532.6353 	EXP 	noise_3: autoDraw = True
532.6353 	EXP 	surround_grating: autoDraw = True
532.6353 	EXP 	center_grating: autoDraw = True
532.7086 	EXP 	noise_3: autoDraw = False
532.7086 	EXP 	surround_grating: autoDraw = False
532.7086 	EXP 	center_grating: autoDraw = False
533.2438 	EXP 	New trial (rep=0, index=249): <Trial 249 (249 in rep 0) data={'center': 2, 'surround': 15.0, 'type': 'c+2', 'surr_type': 'poss', 'orient_opacity': 100, 'noise_opacity': 0, 'isi': 0.75, 'thisN': 249, 'thisTrialN': 249, 'thisRepN': 0}>
533.2490 	DATA 	Keypress: period
533.2552 	INFO 	Keyboard events cleared
533.2547 	EXP 	noise_3: autoDraw = False
533.2547 	EXP 	surround_grating: autoDraw = False
533.2547 	EXP 	center_grating: autoDraw = False
533.2547 	EXP 	text_2: autoDraw = False
533.2547 	EXP 	surround_grating: ori = 15.0
533.2547 	EXP 	surround_grating: sf = array([2.5, 2.5])
533.2547 	EXP 	surround_grating: phase = array([0.81516202, 0.81516202])
533.2547 	EXP 	center_grating: ori = 2.0
533.2547 	EXP 	center_grating: sf = array([2.5, 2.5])
533.2547 	EXP 	center_grating: phase = array([0.17039561, 0.17039561])
533.9942 	EXP 	noise_3: autoDraw = True
533.9942 	EXP 	surround_grating: autoDraw = True
533.9942 	EXP 	center_grating: autoDraw = True
534.0691 	EXP 	noise_3: autoDraw = False
534.0691 	EXP 	surround_grating: autoDraw = False
534.0691 	EXP 	center_grating: autoDraw = False
534.7937 	EXP 	New trial (rep=0, index=250): <Trial 250 (250 in rep 0) data={'center': 4, 'surround': 15.0, 'type': 'c+4', 'surr_type': 'poss', 'orient_opacity': 100, 'noise_opacity': 0, 'isi': 0.75, 'thisN': 250, 'thisTrialN': 250, 'thisRepN': 0}>
534.7988 	DATA 	Keypress: period
534.8051 	INFO 	Keyboard events cleared
534.8045 	EXP 	noise_3: autoDraw = False
534.8045 	EXP 	surround_grating: autoDraw = False
534.8045 	EXP 	center_grating: autoDraw = False
534.8045 	EXP 	text_2: autoDraw = False
534.8045 	EXP 	surround_grating: ori = 15.0
534.8045 	EXP 	surround_grating: sf = array([2.5, 2.5])
534.8045 	EXP 	surround_grating: phase = array([0.48233874, 0.48233874])
534.8045 	EXP 	center_grating: ori = 4.0
534.8045 	EXP 	center_grating: sf = array([2.5, 2.5])
534.8045 	EXP 	center_grating: phase = array([0.87299247, 0.87299247])
535.5450 	EXP 	noise_3: autoDraw = True
535.5450 	EXP 	surround_grating: autoDraw = True
535.5450 	EXP 	center_grating: autoDraw = True
535.6192 	EXP 	noise_3: autoDraw = False
535.6192 	EXP 	surround_grating: autoDraw = False
535.6192 	EXP 	center_grating: autoDraw = False
536.5774 	EXP 	New trial (rep=0, index=251): <Trial 251 (251 in rep 0) data={'center': -2, 'surround': -15.0, 'type': 'c-2', 'surr_type': 'negs', 'orient_opacity': 100, 'noise_opacity': 0, 'isi': 0.75, 'thisN': 251, 'thisTrialN': 251, 'thisRepN': 0}>
536.5824 	DATA 	Keypress: z
536.5885 	INFO 	Keyboard events cleared
536.5881 	EXP 	noise_3: autoDraw = False
536.5881 	EXP 	surround_grating: autoDraw = False
536.5881 	EXP 	center_grating: autoDraw = False
536.5881 	EXP 	text_2: autoDraw = False
536.5881 	EXP 	surround_grating: ori = -15.0
536.5881 	EXP 	surround_grating: sf = array([2.5, 2.5])
536.5881 	EXP 	surround_grating: phase = array([0.16123502, 0.16123502])
536.5881 	EXP 	center_grating: ori = -2.0
536.5881 	EXP 	center_grating: sf = array([2.5, 2.5])
536.5881 	EXP 	center_grating: phase = array([0.47587269, 0.47587269])
537.3287 	EXP 	noise_3: autoDraw = True
537.3287 	EXP 	surround_grating: autoDraw = True
537.3287 	EXP 	center_grating: autoDraw = True
537.4026 	EXP 	noise_3: autoDraw = False
537.4026 	EXP 	surround_grating: autoDraw = False
537.4026 	EXP 	center_grating: autoDraw = False
538.0282 	EXP 	New trial (rep=0, index=252): <Trial 252 (252 in rep 0) data={'center': 2, 'surround': 0.0, 'type': 'c+2', 'surr_type': 'noss', 'orient_opacity': 0, 'noise_opacity': 100, 'isi': 0.5, 'thisN': 252, 'thisTrialN': 252, 'thisRepN': 0}>
538.0335 	DATA 	Keypress: period
538.0389 	INFO 	Keyboard events cleared
538.0384 	EXP 	noise_3: autoDraw = False
538.0384 	EXP 	surround_grating: autoDraw = False
538.0384 	EXP 	center_grating: autoDraw = False
538.0384 	EXP 	text_2: autoDraw = False
538.0384 	EXP 	surround_grating: ori = 0.0
538.0384 	EXP 	surround_grating: sf = array([2.5, 2.5])
538.0384 	EXP 	surround_grating: phase = array([0.36765751, 0.36765751])
538.0384 	EXP 	center_grating: ori = 2.0
538.0384 	EXP 	center_grating: sf = array([2.5, 2.5])
538.0384 	EXP 	center_grating: phase = array([0.42486462, 0.42486462])
538.5263 	EXP 	noise_3: autoDraw = True
538.5263 	EXP 	surround_grating: autoDraw = True
538.5263 	EXP 	center_grating: autoDraw = True
538.6026 	EXP 	noise_3: autoDraw = False
538.6026 	EXP 	surround_grating: autoDraw = False
538.6026 	EXP 	center_grating: autoDraw = False
539.2052 	EXP 	New trial (rep=0, index=253): <Trial 253 (253 in rep 0) data={'center': 8, 'surround': 15.0, 'type': 'c+8', 'surr_type': 'poss', 'orient_opacity': 100, 'noise_opacity': 0, 'isi': 1.25, 'thisN': 253, 'thisTrialN': 253, 'thisRepN': 0}>
539.2105 	DATA 	Keypress: period
539.2164 	INFO 	Keyboard events cleared
539.2159 	EXP 	noise_3: autoDraw = False
539.2159 	EXP 	surround_grating: autoDraw = False
539.2159 	EXP 	center_grating: autoDraw = False
539.2159 	EXP 	text_2: autoDraw = False
539.2159 	EXP 	surround_grating: ori = 15.0
539.2159 	EXP 	surround_grating: sf = array([2.5, 2.5])
539.2159 	EXP 	surround_grating: phase = array([0.291397, 0.291397])
539.2159 	EXP 	center_grating: ori = 8.0
539.2159 	EXP 	center_grating: sf = array([2.5, 2.5])
539.2159 	EXP 	center_grating: phase = array([0.57962544, 0.57962544])
540.4522 	EXP 	noise_3: autoDraw = True
540.4522 	EXP 	surround_grating: autoDraw = True
540.4522 	EXP 	center_grating: autoDraw = True
540.5235 	EXP 	noise_3: autoDraw = False
540.5235 	EXP 	surround_grating: autoDraw = False
540.5235 	EXP 	center_grating: autoDraw = False
541.1050 	EXP 	New trial (rep=0, index=254): <Trial 254 (254 in rep 0) data={'center': -4, 'surround': 0.0, 'type': 'c-4', 'surr_type': 'noss', 'orient_opacity': 0, 'noise_opacity': 100, 'isi': 0.75, 'thisN': 254, 'thisTrialN': 254, 'thisRepN': 0}>
541.1103 	DATA 	Keypress: period
541.1162 	INFO 	Keyboard events cleared
541.1157 	EXP 	noise_3: autoDraw = False
541.1157 	EXP 	surround_grating: autoDraw = False
541.1157 	EXP 	center_grating: autoDraw = False
541.1157 	EXP 	text_2: autoDraw = False
541.1157 	EXP 	surround_grating: ori = 0.0
541.1157 	EXP 	surround_grating: sf = array([2.5, 2.5])
541.1157 	EXP 	surround_grating: phase = array([0.17687486, 0.17687486])
541.1157 	EXP 	center_grating: ori = -4.0
541.1157 	EXP 	center_grating: sf = array([2.5, 2.5])
541.1157 	EXP 	center_grating: phase = array([0.89617973, 0.89617973])
541.8522 	EXP 	noise_3: autoDraw = True
541.8522 	EXP 	surround_grating: autoDraw = True
541.8522 	EXP 	center_grating: autoDraw = True
541.9243 	EXP 	noise_3: autoDraw = False
541.9243 	EXP 	surround_grating: autoDraw = False
541.9243 	EXP 	center_grating: autoDraw = False
543.1794 	EXP 	New trial (rep=0, index=255): <Trial 255 (255 in rep 0) data={'center': 0, 'surround': 15.0, 'type': 'c+0', 'surr_type': 'poss', 'orient_opacity': 100, 'noise_opacity': 0, 'isi': 0.5, 'thisN': 255, 'thisTrialN': 255, 'thisRepN': 0}>
543.1855 	DATA 	Keypress: z
543.1907 	INFO 	Keyboard events cleared
543.1902 	EXP 	noise_3: autoDraw = False
543.1902 	EXP 	surround_grating: autoDraw = False
543.1902 	EXP 	center_grating: autoDraw = False
543.1902 	EXP 	text_2: autoDraw = False
543.1902 	EXP 	surround_grating: ori = 15.0
543.1902 	EXP 	surround_grating: sf = array([2.5, 2.5])
543.1902 	EXP 	surround_grating: phase = array([0.02083117, 0.02083117])
543.1902 	EXP 	center_grating: ori = 0.0
543.1902 	EXP 	center_grating: sf = array([2.5, 2.5])
543.1902 	EXP 	center_grating: phase = array([0.32297897, 0.32297897])
543.6782 	EXP 	noise_3: autoDraw = True
543.6782 	EXP 	surround_grating: autoDraw = True
543.6782 	EXP 	center_grating: autoDraw = True
543.7528 	EXP 	noise_3: autoDraw = False
543.7528 	EXP 	surround_grating: autoDraw = False
543.7528 	EXP 	center_grating: autoDraw = False
544.4225 	EXP 	New trial (rep=0, index=256): <Trial 256 (256 in rep 0) data={'center': 6, 'surround': 15.0, 'type': 'c+6', 'surr_type': 'poss', 'orient_opacity': 100, 'noise_opacity': 0, 'isi': 0.5, 'thisN': 256, 'thisTrialN': 256, 'thisRepN': 0}>
544.4286 	DATA 	Keypress: z
544.4345 	INFO 	Keyboard events cleared
544.4341 	EXP 	noise_3: autoDraw = False
544.4341 	EXP 	surround_grating: autoDraw = False
544.4341 	EXP 	center_grating: autoDraw = False
544.4341 	EXP 	text_2: autoDraw = False
544.4341 	EXP 	surround_grating: ori = 15.0
544.4341 	EXP 	surround_grating: sf = array([2.5, 2.5])
544.4341 	EXP 	surround_grating: phase = array([0.25491374, 0.25491374])
544.4341 	EXP 	center_grating: ori = 6.0
544.4341 	EXP 	center_grating: sf = array([2.5, 2.5])
544.4341 	EXP 	center_grating: phase = array([0.62049422, 0.62049422])
544.9192 	EXP 	noise_3: autoDraw = True
544.9192 	EXP 	surround_grating: autoDraw = True
544.9192 	EXP 	center_grating: autoDraw = True
544.9910 	EXP 	noise_3: autoDraw = False
544.9910 	EXP 	surround_grating: autoDraw = False
544.9910 	EXP 	center_grating: autoDraw = False
545.4563 	EXP 	New trial (rep=0, index=257): <Trial 257 (257 in rep 0) data={'center': 8, 'surround': 15.0, 'type': 'c+8', 'surr_type': 'poss', 'orient_opacity': 100, 'noise_opacity': 0, 'isi': 1.25, 'thisN': 257, 'thisTrialN': 257, 'thisRepN': 0}>
545.4621 	DATA 	Keypress: z
545.4682 	INFO 	Keyboard events cleared
545.4677 	EXP 	noise_3: autoDraw = False
545.4677 	EXP 	surround_grating: autoDraw = False
545.4677 	EXP 	center_grating: autoDraw = False
545.4677 	EXP 	text_2: autoDraw = False
545.4677 	EXP 	surround_grating: ori = 15.0
545.4677 	EXP 	surround_grating: sf = array([2.5, 2.5])
545.4677 	EXP 	surround_grating: phase = array([0.51850891, 0.51850891])
545.4677 	EXP 	center_grating: ori = 8.0
545.4677 	EXP 	center_grating: sf = array([2.5, 2.5])
545.4677 	EXP 	center_grating: phase = array([0.37564843, 0.37564843])
546.7024 	EXP 	noise_3: autoDraw = True
546.7024 	EXP 	surround_grating: autoDraw = True
546.7024 	EXP 	center_grating: autoDraw = True
546.7753 	EXP 	noise_3: autoDraw = False
546.7753 	EXP 	surround_grating: autoDraw = False
546.7753 	EXP 	center_grating: autoDraw = False
547.7556 	EXP 	New trial (rep=0, index=258): <Trial 258 (258 in rep 0) data={'center': 0, 'surround': -15.0, 'type': 'c+0', 'surr_type': 'negs', 'orient_opacity': 100, 'noise_opacity': 0, 'isi': 0.5, 'thisN': 258, 'thisTrialN': 258, 'thisRepN': 0}>
547.7605 	DATA 	Keypress: period
547.7664 	INFO 	Keyboard events cleared
547.7659 	EXP 	noise_3: autoDraw = False
547.7659 	EXP 	surround_grating: autoDraw = False
547.7659 	EXP 	center_grating: autoDraw = False
547.7659 	EXP 	text_2: autoDraw = False
547.7659 	EXP 	surround_grating: ori = -15.0
547.7659 	EXP 	surround_grating: sf = array([2.5, 2.5])
547.7659 	EXP 	surround_grating: phase = array([0.72174998, 0.72174998])
547.7659 	EXP 	center_grating: ori = 0.0
547.7659 	EXP 	center_grating: sf = array([2.5, 2.5])
547.7659 	EXP 	center_grating: phase = array([0.88543019, 0.88543019])
548.2524 	EXP 	noise_3: autoDraw = True
548.2524 	EXP 	surround_grating: autoDraw = True
548.2524 	EXP 	center_grating: autoDraw = True
548.3244 	EXP 	noise_3: autoDraw = False
548.3244 	EXP 	surround_grating: autoDraw = False
548.3244 	EXP 	center_grating: autoDraw = False
548.7724 	EXP 	New trial (rep=0, index=259): <Trial 259 (259 in rep 0) data={'center': 0, 'surround': -15.0, 'type': 'c+0', 'surr_type': 'negs', 'orient_opacity': 100, 'noise_opacity': 0, 'isi': 1.0, 'thisN': 259, 'thisTrialN': 259, 'thisRepN': 0}>
548.7775 	DATA 	Keypress: period
548.7835 	INFO 	Keyboard events cleared
548.7830 	EXP 	noise_3: autoDraw = False
548.7830 	EXP 	surround_grating: autoDraw = False
548.7830 	EXP 	center_grating: autoDraw = False
548.7830 	EXP 	text_2: autoDraw = False
548.7830 	EXP 	surround_grating: ori = -15.0
548.7830 	EXP 	surround_grating: sf = array([2.5, 2.5])
548.7830 	EXP 	surround_grating: phase = array([0.24720994, 0.24720994])
548.7830 	EXP 	center_grating: ori = 0.0
548.7830 	EXP 	center_grating: sf = array([2.5, 2.5])
548.7830 	EXP 	center_grating: phase = array([0.06547113, 0.06547113])
549.7691 	EXP 	noise_3: autoDraw = True
549.7691 	EXP 	surround_grating: autoDraw = True
549.7691 	EXP 	center_grating: autoDraw = True
549.8416 	EXP 	noise_3: autoDraw = False
549.8416 	EXP 	surround_grating: autoDraw = False
549.8416 	EXP 	center_grating: autoDraw = False
550.3388 	EXP 	New trial (rep=0, index=260): <Trial 260 (260 in rep 0) data={'center': -4, 'surround': 0.0, 'type': 'c-4', 'surr_type': 'noss', 'orient_opacity': 0, 'noise_opacity': 100, 'isi': 0.75, 'thisN': 260, 'thisTrialN': 260, 'thisRepN': 0}>
550.3439 	DATA 	Keypress: period
550.3500 	INFO 	Keyboard events cleared
550.3494 	EXP 	noise_3: autoDraw = False
550.3494 	EXP 	surround_grating: autoDraw = False
550.3494 	EXP 	center_grating: autoDraw = False
550.3494 	EXP 	text_2: autoDraw = False
550.3494 	EXP 	surround_grating: ori = 0.0
550.3494 	EXP 	surround_grating: sf = array([2.5, 2.5])
550.3494 	EXP 	surround_grating: phase = array([0.21641269, 0.21641269])
550.3494 	EXP 	center_grating: ori = -4.0
550.3494 	EXP 	center_grating: sf = array([2.5, 2.5])
550.3494 	EXP 	center_grating: phase = array([0.85536145, 0.85536145])
551.0858 	EXP 	noise_3: autoDraw = True
551.0858 	EXP 	surround_grating: autoDraw = True
551.0858 	EXP 	center_grating: autoDraw = True
551.1581 	EXP 	noise_3: autoDraw = False
551.1581 	EXP 	surround_grating: autoDraw = False
551.1581 	EXP 	center_grating: autoDraw = False
551.8714 	EXP 	New trial (rep=0, index=261): <Trial 261 (261 in rep 0) data={'center': -2, 'surround': 0.0, 'type': 'c-2', 'surr_type': 'noss', 'orient_opacity': 0, 'noise_opacity': 100, 'isi': 0.75, 'thisN': 261, 'thisTrialN': 261, 'thisRepN': 0}>
551.8766 	DATA 	Keypress: z
551.8830 	INFO 	Keyboard events cleared
551.8824 	EXP 	noise_3: autoDraw = False
551.8824 	EXP 	surround_grating: autoDraw = False
551.8824 	EXP 	center_grating: autoDraw = False
551.8824 	EXP 	text_2: autoDraw = False
551.8824 	EXP 	surround_grating: ori = 0.0
551.8824 	EXP 	surround_grating: sf = array([2.5, 2.5])
551.8824 	EXP 	surround_grating: phase = array([0.10999998, 0.10999998])
551.8824 	EXP 	center_grating: ori = -2.0
551.8824 	EXP 	center_grating: sf = array([2.5, 2.5])
551.8824 	EXP 	center_grating: phase = array([0.12462768, 0.12462768])
552.6193 	EXP 	noise_3: autoDraw = True
552.6193 	EXP 	surround_grating: autoDraw = True
552.6193 	EXP 	center_grating: autoDraw = True
552.6923 	EXP 	noise_3: autoDraw = False
552.6923 	EXP 	surround_grating: autoDraw = False
552.6923 	EXP 	center_grating: autoDraw = False
553.2563 	EXP 	New trial (rep=0, index=262): <Trial 262 (262 in rep 0) data={'center': 6, 'surround': 15.0, 'type': 'c+6', 'surr_type': 'poss', 'orient_opacity': 100, 'noise_opacity': 0, 'isi': 1.25, 'thisN': 262, 'thisTrialN': 262, 'thisRepN': 0}>
553.2612 	DATA 	Keypress: period
553.2671 	INFO 	Keyboard events cleared
553.2666 	EXP 	noise_3: autoDraw = False
553.2666 	EXP 	surround_grating: autoDraw = False
553.2666 	EXP 	center_grating: autoDraw = False
553.2666 	EXP 	text_2: autoDraw = False
553.2666 	EXP 	surround_grating: ori = 15.0
553.2666 	EXP 	surround_grating: sf = array([2.5, 2.5])
553.2666 	EXP 	surround_grating: phase = array([0.99284402, 0.99284402])
553.2666 	EXP 	center_grating: ori = 6.0
553.2666 	EXP 	center_grating: sf = array([2.5, 2.5])
553.2666 	EXP 	center_grating: phase = array([0.39120734, 0.39120734])
554.5026 	EXP 	noise_3: autoDraw = True
554.5026 	EXP 	surround_grating: autoDraw = True
554.5026 	EXP 	center_grating: autoDraw = True
554.5751 	EXP 	noise_3: autoDraw = False
554.5751 	EXP 	surround_grating: autoDraw = False
554.5751 	EXP 	center_grating: autoDraw = False
555.0892 	EXP 	New trial (rep=0, index=263): <Trial 263 (263 in rep 0) data={'center': 2, 'surround': 15.0, 'type': 'c+2', 'surr_type': 'poss', 'orient_opacity': 100, 'noise_opacity': 0, 'isi': 0.5, 'thisN': 263, 'thisTrialN': 263, 'thisRepN': 0}>
555.0946 	DATA 	Keypress: period
555.1006 	INFO 	Keyboard events cleared
555.1001 	EXP 	noise_3: autoDraw = False
555.1001 	EXP 	surround_grating: autoDraw = False
555.1001 	EXP 	center_grating: autoDraw = False
555.1001 	EXP 	text_2: autoDraw = False
555.1001 	EXP 	surround_grating: ori = 15.0
555.1001 	EXP 	surround_grating: sf = array([2.5, 2.5])
555.1001 	EXP 	surround_grating: phase = array([0.00291317, 0.00291317])
555.1001 	EXP 	center_grating: ori = 2.0
555.1001 	EXP 	center_grating: sf = array([2.5, 2.5])
555.1001 	EXP 	center_grating: phase = array([0.66495005, 0.66495005])
555.5861 	EXP 	noise_3: autoDraw = True
555.5861 	EXP 	surround_grating: autoDraw = True
555.5861 	EXP 	center_grating: autoDraw = True
555.6595 	EXP 	noise_3: autoDraw = False
555.6595 	EXP 	surround_grating: autoDraw = False
555.6595 	EXP 	center_grating: autoDraw = False
556.4724 	EXP 	New trial (rep=0, index=264): <Trial 264 (264 in rep 0) data={'center': -2, 'surround': 15.0, 'type': 'c-2', 'surr_type': 'poss', 'orient_opacity': 100, 'noise_opacity': 0, 'isi': 1.0, 'thisN': 264, 'thisTrialN': 264, 'thisRepN': 0}>
556.4779 	DATA 	Keypress: z
556.4838 	INFO 	Keyboard events cleared
556.4833 	EXP 	noise_3: autoDraw = False
556.4833 	EXP 	surround_grating: autoDraw = False
556.4833 	EXP 	center_grating: autoDraw = False
556.4833 	EXP 	text_2: autoDraw = False
556.4833 	EXP 	surround_grating: ori = 15.0
556.4833 	EXP 	surround_grating: sf = array([2.5, 2.5])
556.4833 	EXP 	surround_grating: phase = array([0.87695374, 0.87695374])
556.4833 	EXP 	center_grating: ori = -2.0
556.4833 	EXP 	center_grating: sf = array([2.5, 2.5])
556.4833 	EXP 	center_grating: phase = array([0.75633876, 0.75633876])
557.4694 	EXP 	noise_3: autoDraw = True
557.4694 	EXP 	surround_grating: autoDraw = True
557.4694 	EXP 	center_grating: autoDraw = True
557.5424 	EXP 	noise_3: autoDraw = False
557.5424 	EXP 	surround_grating: autoDraw = False
557.5424 	EXP 	center_grating: autoDraw = False
558.1256 	DATA 	Keypress: z
558.1321 	EXP 	New trial (rep=0, index=265): <Trial 265 (265 in rep 0) data={'center': -2, 'surround': -15.0, 'type': 'c-2', 'surr_type': 'negs', 'orient_opacity': 100, 'noise_opacity': 0, 'isi': 1.0, 'thisN': 265, 'thisTrialN': 265, 'thisRepN': 0}>
558.1392 	INFO 	Keyboard events cleared
558.1388 	EXP 	noise_3: autoDraw = False
558.1388 	EXP 	surround_grating: autoDraw = False
558.1388 	EXP 	center_grating: autoDraw = False
558.1388 	EXP 	text_2: autoDraw = False
558.1388 	EXP 	surround_grating: ori = -15.0
558.1388 	EXP 	surround_grating: sf = array([2.5, 2.5])
558.1388 	EXP 	surround_grating: phase = array([0.20914967, 0.20914967])
558.1388 	EXP 	center_grating: ori = -2.0
558.1388 	EXP 	center_grating: sf = array([2.5, 2.5])
558.1388 	EXP 	center_grating: phase = array([0.34505967, 0.34505967])
559.1295 	EXP 	noise_3: autoDraw = True
559.1295 	EXP 	surround_grating: autoDraw = True
559.1295 	EXP 	center_grating: autoDraw = True
559.2033 	EXP 	noise_3: autoDraw = False
559.2033 	EXP 	surround_grating: autoDraw = False
559.2033 	EXP 	center_grating: autoDraw = False
559.8903 	EXP 	New trial (rep=0, index=266): <Trial 266 (266 in rep 0) data={'center': 4, 'surround': 15.0, 'type': 'c+4', 'surr_type': 'poss', 'orient_opacity': 100, 'noise_opacity': 0, 'isi': 0.75, 'thisN': 266, 'thisTrialN': 266, 'thisRepN': 0}>
559.8968 	DATA 	Keypress: period
559.9027 	INFO 	Keyboard events cleared
559.9022 	EXP 	noise_3: autoDraw = False
559.9022 	EXP 	surround_grating: autoDraw = False
559.9022 	EXP 	center_grating: autoDraw = False
559.9022 	EXP 	text_2: autoDraw = False
559.9022 	EXP 	surround_grating: ori = 15.0
559.9022 	EXP 	surround_grating: sf = array([2.5, 2.5])
559.9022 	EXP 	surround_grating: phase = array([0.53441754, 0.53441754])
559.9022 	EXP 	center_grating: ori = 4.0
559.9022 	EXP 	center_grating: sf = array([2.5, 2.5])
559.9022 	EXP 	center_grating: phase = array([0.73936128, 0.73936128])
560.6362 	EXP 	noise_3: autoDraw = True
560.6362 	EXP 	surround_grating: autoDraw = True
560.6362 	EXP 	center_grating: autoDraw = True
560.7082 	EXP 	noise_3: autoDraw = False
560.7082 	EXP 	surround_grating: autoDraw = False
560.7082 	EXP 	center_grating: autoDraw = False
562.1963 	EXP 	New trial (rep=0, index=267): <Trial 267 (267 in rep 0) data={'center': 4, 'surround': 0.0, 'type': 'c+4', 'surr_type': 'noss', 'orient_opacity': 0, 'noise_opacity': 100, 'isi': 0.75, 'thisN': 267, 'thisTrialN': 267, 'thisRepN': 0}>
562.2018 	DATA 	Keypress: period
562.2073 	INFO 	Keyboard events cleared
562.2067 	EXP 	noise_3: autoDraw = False
562.2067 	EXP 	surround_grating: autoDraw = False
562.2067 	EXP 	center_grating: autoDraw = False
562.2067 	EXP 	text_2: autoDraw = False
562.2067 	EXP 	surround_grating: ori = 0.0
562.2067 	EXP 	surround_grating: sf = array([2.5, 2.5])
562.2067 	EXP 	surround_grating: phase = array([0.25045249, 0.25045249])
562.2067 	EXP 	center_grating: ori = 4.0
562.2067 	EXP 	center_grating: sf = array([2.5, 2.5])
562.2067 	EXP 	center_grating: phase = array([0.51187605, 0.51187605])
562.9462 	EXP 	noise_3: autoDraw = True
562.9462 	EXP 	surround_grating: autoDraw = True
562.9462 	EXP 	center_grating: autoDraw = True
563.0202 	EXP 	noise_3: autoDraw = False
563.0202 	EXP 	surround_grating: autoDraw = False
563.0202 	EXP 	center_grating: autoDraw = False
563.7239 	EXP 	New trial (rep=0, index=268): <Trial 268 (268 in rep 0) data={'center': -2, 'surround': 0.0, 'type': 'c-2', 'surr_type': 'noss', 'orient_opacity': 0, 'noise_opacity': 100, 'isi': 0.75, 'thisN': 268, 'thisTrialN': 268, 'thisRepN': 0}>
563.7292 	DATA 	Keypress: period
563.7355 	INFO 	Keyboard events cleared
563.7349 	EXP 	noise_3: autoDraw = False
563.7349 	EXP 	surround_grating: autoDraw = False
563.7349 	EXP 	center_grating: autoDraw = False
563.7349 	EXP 	text_2: autoDraw = False
563.7349 	EXP 	surround_grating: ori = 0.0
563.7349 	EXP 	surround_grating: sf = array([2.5, 2.5])
563.7349 	EXP 	surround_grating: phase = array([0.53836303, 0.53836303])
563.7349 	EXP 	center_grating: ori = -2.0
563.7349 	EXP 	center_grating: sf = array([2.5, 2.5])
563.7349 	EXP 	center_grating: phase = array([0.0694056, 0.0694056])
564.4697 	EXP 	noise_3: autoDraw = True
564.4697 	EXP 	surround_grating: autoDraw = True
564.4697 	EXP 	center_grating: autoDraw = True
564.5418 	EXP 	noise_3: autoDraw = False
564.5418 	EXP 	surround_grating: autoDraw = False
564.5418 	EXP 	center_grating: autoDraw = False
565.0389 	EXP 	New trial (rep=0, index=269): <Trial 269 (269 in rep 0) data={'center': -2, 'surround': 15.0, 'type': 'c-2', 'surr_type': 'poss', 'orient_opacity': 100, 'noise_opacity': 0, 'isi': 1.25, 'thisN': 269, 'thisTrialN': 269, 'thisRepN': 0}>
565.0439 	DATA 	Keypress: period
565.0500 	INFO 	Keyboard events cleared
565.0496 	EXP 	noise_3: autoDraw = False
565.0496 	EXP 	surround_grating: autoDraw = False
565.0496 	EXP 	center_grating: autoDraw = False
565.0496 	EXP 	text_2: autoDraw = False
565.0496 	EXP 	surround_grating: ori = 15.0
565.0496 	EXP 	surround_grating: sf = array([2.5, 2.5])
565.0496 	EXP 	surround_grating: phase = array([0.02258364, 0.02258364])
565.0496 	EXP 	center_grating: ori = -2.0
565.0496 	EXP 	center_grating: sf = array([2.5, 2.5])
565.0496 	EXP 	center_grating: phase = array([0.96403556, 0.96403556])
566.2865 	EXP 	noise_3: autoDraw = True
566.2865 	EXP 	surround_grating: autoDraw = True
566.2865 	EXP 	center_grating: autoDraw = True
566.3584 	EXP 	noise_3: autoDraw = False
566.3584 	EXP 	surround_grating: autoDraw = False
566.3584 	EXP 	center_grating: autoDraw = False
566.8958 	EXP 	New trial (rep=0, index=270): <Trial 270 (270 in rep 0) data={'center': 4, 'surround': 0.0, 'type': 'c+4', 'surr_type': 'noss', 'orient_opacity': 0, 'noise_opacity': 100, 'isi': 0.5, 'thisN': 270, 'thisTrialN': 270, 'thisRepN': 0}>
566.9008 	DATA 	Keypress: z
566.9067 	INFO 	Keyboard events cleared
566.9061 	EXP 	noise_3: autoDraw = False
566.9061 	EXP 	surround_grating: autoDraw = False
566.9061 	EXP 	center_grating: autoDraw = False
566.9061 	EXP 	text_2: autoDraw = False
566.9061 	EXP 	surround_grating: ori = 0.0
566.9061 	EXP 	surround_grating: sf = array([2.5, 2.5])
566.9061 	EXP 	surround_grating: phase = array([0.18810632, 0.18810632])
566.9061 	EXP 	center_grating: ori = 4.0
566.9061 	EXP 	center_grating: sf = array([2.5, 2.5])
566.9061 	EXP 	center_grating: phase = array([0.69834704, 0.69834704])
567.3964 	EXP 	noise_3: autoDraw = True
567.3964 	EXP 	surround_grating: autoDraw = True
567.3964 	EXP 	center_grating: autoDraw = True
567.4691 	EXP 	noise_3: autoDraw = False
567.4691 	EXP 	surround_grating: autoDraw = False
567.4691 	EXP 	center_grating: autoDraw = False
568.0291 	EXP 	New trial (rep=0, index=271): <Trial 271 (271 in rep 0) data={'center': 4, 'surround': 0.0, 'type': 'c+4', 'surr_type': 'noss', 'orient_opacity': 0, 'noise_opacity': 100, 'isi': 0.75, 'thisN': 271, 'thisTrialN': 271, 'thisRepN': 0}>
568.0349 	DATA 	Keypress: z
568.0406 	INFO 	Keyboard events cleared
568.0399 	EXP 	noise_3: autoDraw = False
568.0399 	EXP 	surround_grating: autoDraw = False
568.0399 	EXP 	center_grating: autoDraw = False
568.0399 	EXP 	text_2: autoDraw = False
568.0399 	EXP 	surround_grating: ori = 0.0
568.0399 	EXP 	surround_grating: sf = array([2.5, 2.5])
568.0399 	EXP 	surround_grating: phase = array([0.15152936, 0.15152936])
568.0399 	EXP 	center_grating: ori = 4.0
568.0399 	EXP 	center_grating: sf = array([2.5, 2.5])
568.0399 	EXP 	center_grating: phase = array([0.37281398, 0.37281398])
568.7795 	EXP 	noise_3: autoDraw = True
568.7795 	EXP 	surround_grating: autoDraw = True
568.7795 	EXP 	center_grating: autoDraw = True
568.8538 	EXP 	noise_3: autoDraw = False
568.8538 	EXP 	surround_grating: autoDraw = False
568.8538 	EXP 	center_grating: autoDraw = False
569.5112 	EXP 	New trial (rep=0, index=272): <Trial 272 (272 in rep 0) data={'center': 4, 'surround': 15.0, 'type': 'c+4', 'surr_type': 'poss', 'orient_opacity': 100, 'noise_opacity': 0, 'isi': 0.75, 'thisN': 272, 'thisTrialN': 272, 'thisRepN': 0}>
569.5165 	DATA 	Keypress: period
569.5228 	INFO 	Keyboard events cleared
569.5223 	EXP 	noise_3: autoDraw = False
569.5223 	EXP 	surround_grating: autoDraw = False
569.5223 	EXP 	center_grating: autoDraw = False
569.5223 	EXP 	text_2: autoDraw = False
569.5223 	EXP 	surround_grating: ori = 15.0
569.5223 	EXP 	surround_grating: sf = array([2.5, 2.5])
569.5223 	EXP 	surround_grating: phase = array([0.48275868, 0.48275868])
569.5223 	EXP 	center_grating: ori = 4.0
569.5223 	EXP 	center_grating: sf = array([2.5, 2.5])
569.5223 	EXP 	center_grating: phase = array([0.37093654, 0.37093654])
570.2616 	EXP 	noise_3: autoDraw = True
570.2616 	EXP 	surround_grating: autoDraw = True
570.2616 	EXP 	center_grating: autoDraw = True
570.3371 	EXP 	noise_3: autoDraw = False
570.3371 	EXP 	surround_grating: autoDraw = False
570.3371 	EXP 	center_grating: autoDraw = False
571.1289 	EXP 	New trial (rep=0, index=273): <Trial 273 (273 in rep 0) data={'center': -2, 'surround': -15.0, 'type': 'c-2', 'surr_type': 'negs', 'orient_opacity': 100, 'noise_opacity': 0, 'isi': 0.75, 'thisN': 273, 'thisTrialN': 273, 'thisRepN': 0}>
571.1340 	DATA 	Keypress: period
571.1402 	INFO 	Keyboard events cleared
571.1395 	EXP 	noise_3: autoDraw = False
571.1395 	EXP 	surround_grating: autoDraw = False
571.1395 	EXP 	center_grating: autoDraw = False
571.1395 	EXP 	text_2: autoDraw = False
571.1395 	EXP 	surround_grating: ori = -15.0
571.1395 	EXP 	surround_grating: sf = array([2.5, 2.5])
571.1395 	EXP 	surround_grating: phase = array([0.91922929, 0.91922929])
571.1395 	EXP 	center_grating: ori = -2.0
571.1395 	EXP 	center_grating: sf = array([2.5, 2.5])
571.1395 	EXP 	center_grating: phase = array([0.97684259, 0.97684259])
571.8797 	EXP 	noise_3: autoDraw = True
571.8797 	EXP 	surround_grating: autoDraw = True
571.8797 	EXP 	center_grating: autoDraw = True
571.9540 	EXP 	noise_3: autoDraw = False
571.9540 	EXP 	surround_grating: autoDraw = False
571.9540 	EXP 	center_grating: autoDraw = False
572.8563 	EXP 	New trial (rep=0, index=274): <Trial 274 (274 in rep 0) data={'center': -2, 'surround': -15.0, 'type': 'c-2', 'surr_type': 'negs', 'orient_opacity': 100, 'noise_opacity': 0, 'isi': 1.25, 'thisN': 274, 'thisTrialN': 274, 'thisRepN': 0}>
572.8613 	DATA 	Keypress: period
572.8673 	INFO 	Keyboard events cleared
572.8667 	EXP 	noise_3: autoDraw = False
572.8667 	EXP 	surround_grating: autoDraw = False
572.8667 	EXP 	center_grating: autoDraw = False
572.8667 	EXP 	text_2: autoDraw = False
572.8667 	EXP 	surround_grating: ori = -15.0
572.8667 	EXP 	surround_grating: sf = array([2.5, 2.5])
572.8667 	EXP 	surround_grating: phase = array([0.61941708, 0.61941708])
572.8667 	EXP 	center_grating: ori = -2.0
572.8667 	EXP 	center_grating: sf = array([2.5, 2.5])
572.8667 	EXP 	center_grating: phase = array([0.59029439, 0.59029439])
574.1035 	EXP 	noise_3: autoDraw = True
574.1035 	EXP 	surround_grating: autoDraw = True
574.1035 	EXP 	center_grating: autoDraw = True
574.1755 	EXP 	noise_3: autoDraw = False
574.1755 	EXP 	surround_grating: autoDraw = False
574.1755 	EXP 	center_grating: autoDraw = False
574.7726 	EXP 	New trial (rep=0, index=275): <Trial 275 (275 in rep 0) data={'center': -2, 'surround': 15.0, 'type': 'c-2', 'surr_type': 'poss', 'orient_opacity': 100, 'noise_opacity': 0, 'isi': 1.0, 'thisN': 275, 'thisTrialN': 275, 'thisRepN': 0}>
574.7776 	DATA 	Keypress: period
574.7835 	INFO 	Keyboard events cleared
574.7830 	EXP 	noise_3: autoDraw = False
574.7830 	EXP 	surround_grating: autoDraw = False
574.7830 	EXP 	center_grating: autoDraw = False
574.7830 	EXP 	text_2: autoDraw = False
574.7830 	EXP 	surround_grating: ori = 15.0
574.7830 	EXP 	surround_grating: sf = array([2.5, 2.5])
574.7830 	EXP 	surround_grating: phase = array([0.15984366, 0.15984366])
574.7830 	EXP 	center_grating: ori = -2.0
574.7830 	EXP 	center_grating: sf = array([2.5, 2.5])
574.7830 	EXP 	center_grating: phase = array([0.00080767, 0.00080767])
575.7702 	EXP 	noise_3: autoDraw = True
575.7702 	EXP 	surround_grating: autoDraw = True
575.7702 	EXP 	center_grating: autoDraw = True
575.8430 	EXP 	noise_3: autoDraw = False
575.8430 	EXP 	surround_grating: autoDraw = False
575.8430 	EXP 	center_grating: autoDraw = False
576.2896 	EXP 	New trial (rep=0, index=276): <Trial 276 (276 in rep 0) data={'center': 4, 'surround': 0.0, 'type': 'c+4', 'surr_type': 'noss', 'orient_opacity': 0, 'noise_opacity': 100, 'isi': 1.0, 'thisN': 276, 'thisTrialN': 276, 'thisRepN': 0}>
576.2946 	DATA 	Keypress: z
576.3009 	INFO 	Keyboard events cleared
576.3004 	EXP 	noise_3: autoDraw = False
576.3004 	EXP 	surround_grating: autoDraw = False
576.3004 	EXP 	center_grating: autoDraw = False
576.3004 	EXP 	text_2: autoDraw = False
576.3004 	EXP 	surround_grating: ori = 0.0
576.3004 	EXP 	surround_grating: sf = array([2.5, 2.5])
576.3004 	EXP 	surround_grating: phase = array([0.66377407, 0.66377407])
576.3004 	EXP 	center_grating: ori = 4.0
576.3004 	EXP 	center_grating: sf = array([2.5, 2.5])
576.3004 	EXP 	center_grating: phase = array([0.2629474, 0.2629474])
577.2869 	EXP 	noise_3: autoDraw = True
577.2869 	EXP 	surround_grating: autoDraw = True
577.2869 	EXP 	center_grating: autoDraw = True
577.3599 	EXP 	noise_3: autoDraw = False
577.3599 	EXP 	surround_grating: autoDraw = False
577.3599 	EXP 	center_grating: autoDraw = False
577.8734 	EXP 	New trial (rep=0, index=277): <Trial 277 (277 in rep 0) data={'center': 0, 'surround': 15.0, 'type': 'c+0', 'surr_type': 'poss', 'orient_opacity': 100, 'noise_opacity': 0, 'isi': 1.0, 'thisN': 277, 'thisTrialN': 277, 'thisRepN': 0}>
577.8796 	DATA 	Keypress: period
577.8858 	INFO 	Keyboard events cleared
577.8854 	EXP 	noise_3: autoDraw = False
577.8854 	EXP 	surround_grating: autoDraw = False
577.8854 	EXP 	center_grating: autoDraw = False
577.8854 	EXP 	text_2: autoDraw = False
577.8854 	EXP 	surround_grating: ori = 15.0
577.8854 	EXP 	surround_grating: sf = array([2.5, 2.5])
577.8854 	EXP 	surround_grating: phase = array([0.4346551, 0.4346551])
577.8854 	EXP 	center_grating: ori = 0.0
577.8854 	EXP 	center_grating: sf = array([2.5, 2.5])
577.8854 	EXP 	center_grating: phase = array([0.51753648, 0.51753648])
578.8704 	EXP 	noise_3: autoDraw = True
578.8704 	EXP 	surround_grating: autoDraw = True
578.8704 	EXP 	center_grating: autoDraw = True
578.9425 	EXP 	noise_3: autoDraw = False
578.9425 	EXP 	surround_grating: autoDraw = False
578.9425 	EXP 	center_grating: autoDraw = False
579.5800 	EXP 	New trial (rep=0, index=278): <Trial 278 (278 in rep 0) data={'center': -2, 'surround': 0.0, 'type': 'c-2', 'surr_type': 'noss', 'orient_opacity': 0, 'noise_opacity': 100, 'isi': 0.5, 'thisN': 278, 'thisTrialN': 278, 'thisRepN': 0}>
579.5853 	DATA 	Keypress: z
579.5909 	INFO 	Keyboard events cleared
579.5903 	EXP 	noise_3: autoDraw = False
579.5903 	EXP 	surround_grating: autoDraw = False
579.5903 	EXP 	center_grating: autoDraw = False
579.5903 	EXP 	text_2: autoDraw = False
579.5903 	EXP 	surround_grating: ori = 0.0
579.5903 	EXP 	surround_grating: sf = array([2.5, 2.5])
579.5903 	EXP 	surround_grating: phase = array([0.739396, 0.739396])
579.5903 	EXP 	center_grating: ori = -2.0
579.5903 	EXP 	center_grating: sf = array([2.5, 2.5])
579.5903 	EXP 	center_grating: phase = array([0.21357853, 0.21357853])
580.0791 	EXP 	noise_3: autoDraw = True
580.0791 	EXP 	surround_grating: autoDraw = True
580.0791 	EXP 	center_grating: autoDraw = True
580.1540 	EXP 	noise_3: autoDraw = False
580.1540 	EXP 	surround_grating: autoDraw = False
580.1540 	EXP 	center_grating: autoDraw = False
580.8719 	EXP 	New trial (rep=0, index=279): <Trial 279 (279 in rep 0) data={'center': -2, 'surround': 0.0, 'type': 'c-2', 'surr_type': 'noss', 'orient_opacity': 0, 'noise_opacity': 100, 'isi': 1.0, 'thisN': 279, 'thisTrialN': 279, 'thisRepN': 0}>
580.8769 	DATA 	Keypress: period
580.8831 	INFO 	Keyboard events cleared
580.8826 	EXP 	noise_3: autoDraw = False
580.8826 	EXP 	surround_grating: autoDraw = False
580.8826 	EXP 	center_grating: autoDraw = False
580.8826 	EXP 	text_2: autoDraw = False
580.8826 	EXP 	surround_grating: ori = 0.0
580.8826 	EXP 	surround_grating: sf = array([2.5, 2.5])
580.8826 	EXP 	surround_grating: phase = array([0.56459541, 0.56459541])
580.8826 	EXP 	center_grating: ori = -2.0
580.8826 	EXP 	center_grating: sf = array([2.5, 2.5])
580.8826 	EXP 	center_grating: phase = array([0.45751853, 0.45751853])
581.8637 	EXP 	noise_3: autoDraw = True
581.8637 	EXP 	surround_grating: autoDraw = True
581.8637 	EXP 	center_grating: autoDraw = True
581.9373 	EXP 	noise_3: autoDraw = False
581.9373 	EXP 	surround_grating: autoDraw = False
581.9373 	EXP 	center_grating: autoDraw = False
582.4902 	EXP 	New trial (rep=0, index=280): <Trial 280 (280 in rep 0) data={'center': -2, 'surround': -15.0, 'type': 'c-2', 'surr_type': 'negs', 'orient_opacity': 100, 'noise_opacity': 0, 'isi': 0.5, 'thisN': 280, 'thisTrialN': 280, 'thisRepN': 0}>
582.4952 	DATA 	Keypress: period
582.5011 	INFO 	Keyboard events cleared
582.5006 	EXP 	noise_3: autoDraw = False
582.5006 	EXP 	surround_grating: autoDraw = False
582.5006 	EXP 	center_grating: autoDraw = False
582.5006 	EXP 	text_2: autoDraw = False
582.5006 	EXP 	surround_grating: ori = -15.0
582.5006 	EXP 	surround_grating: sf = array([2.5, 2.5])
582.5006 	EXP 	surround_grating: phase = array([0.79028883, 0.79028883])
582.5006 	EXP 	center_grating: ori = -2.0
582.5006 	EXP 	center_grating: sf = array([2.5, 2.5])
582.5006 	EXP 	center_grating: phase = array([0.64974017, 0.64974017])
582.9871 	EXP 	noise_3: autoDraw = True
582.9871 	EXP 	surround_grating: autoDraw = True
582.9871 	EXP 	center_grating: autoDraw = True
583.0711 	EXP 	noise_3: autoDraw = False
583.0711 	EXP 	surround_grating: autoDraw = False
583.0711 	EXP 	center_grating: autoDraw = False
583.6578 	EXP 	New trial (rep=0, index=281): <Trial 281 (281 in rep 0) data={'center': -4, 'surround': 0.0, 'type': 'c-4', 'surr_type': 'noss', 'orient_opacity': 0, 'noise_opacity': 100, 'isi': 1.0, 'thisN': 281, 'thisTrialN': 281, 'thisRepN': 0}>
583.6634 	DATA 	Keypress: period
583.6698 	INFO 	Keyboard events cleared
583.6692 	EXP 	noise_3: autoDraw = False
583.6692 	EXP 	surround_grating: autoDraw = False
583.6692 	EXP 	center_grating: autoDraw = False
583.6692 	EXP 	text_2: autoDraw = False
583.6692 	EXP 	surround_grating: ori = 0.0
583.6692 	EXP 	surround_grating: sf = array([2.5, 2.5])
583.6692 	EXP 	surround_grating: phase = array([0.9806875, 0.9806875])
583.6692 	EXP 	center_grating: ori = -4.0
583.6692 	EXP 	center_grating: sf = array([2.5, 2.5])
583.6692 	EXP 	center_grating: phase = array([0.24834433, 0.24834433])
584.6529 	EXP 	noise_3: autoDraw = True
584.6529 	EXP 	surround_grating: autoDraw = True
584.6529 	EXP 	center_grating: autoDraw = True
584.7260 	EXP 	noise_3: autoDraw = False
584.7260 	EXP 	surround_grating: autoDraw = False
584.7260 	EXP 	center_grating: autoDraw = False
585.2791 	EXP 	New trial (rep=0, index=282): <Trial 282 (282 in rep 0) data={'center': 0, 'surround': 15.0, 'type': 'c+0', 'surr_type': 'poss', 'orient_opacity': 100, 'noise_opacity': 0, 'isi': 0.5, 'thisN': 282, 'thisTrialN': 282, 'thisRepN': 0}>
585.2842 	DATA 	Keypress: z
585.2903 	INFO 	Keyboard events cleared
585.2899 	EXP 	noise_3: autoDraw = False
585.2899 	EXP 	surround_grating: autoDraw = False
585.2899 	EXP 	center_grating: autoDraw = False
585.2899 	EXP 	text_2: autoDraw = False
585.2899 	EXP 	surround_grating: ori = 15.0
585.2899 	EXP 	surround_grating: sf = array([2.5, 2.5])
585.2899 	EXP 	surround_grating: phase = array([0.60196767, 0.60196767])
585.2899 	EXP 	center_grating: ori = 0.0
585.2899 	EXP 	center_grating: sf = array([2.5, 2.5])
585.2899 	EXP 	center_grating: phase = array([0.86305981, 0.86305981])
585.7806 	EXP 	noise_3: autoDraw = True
585.7806 	EXP 	surround_grating: autoDraw = True
585.7806 	EXP 	center_grating: autoDraw = True
585.8544 	EXP 	noise_3: autoDraw = False
585.8544 	EXP 	surround_grating: autoDraw = False
585.8544 	EXP 	center_grating: autoDraw = False
586.2909 	EXP 	New trial (rep=0, index=283): <Trial 283 (283 in rep 0) data={'center': 2, 'surround': 15.0, 'type': 'c+2', 'surr_type': 'poss', 'orient_opacity': 100, 'noise_opacity': 0, 'isi': 0.5, 'thisN': 283, 'thisTrialN': 283, 'thisRepN': 0}>
586.2963 	DATA 	Keypress: z
586.3026 	INFO 	Keyboard events cleared
586.3021 	EXP 	noise_3: autoDraw = False
586.3021 	EXP 	surround_grating: autoDraw = False
586.3021 	EXP 	center_grating: autoDraw = False
586.3021 	EXP 	text_2: autoDraw = False
586.3021 	EXP 	surround_grating: ori = 15.0
586.3021 	EXP 	surround_grating: sf = array([2.5, 2.5])
586.3021 	EXP 	surround_grating: phase = array([0.80487122, 0.80487122])
586.3021 	EXP 	center_grating: ori = 2.0
586.3021 	EXP 	center_grating: sf = array([2.5, 2.5])
586.3021 	EXP 	center_grating: phase = array([0.94853415, 0.94853415])
586.7863 	EXP 	noise_3: autoDraw = True
586.7863 	EXP 	surround_grating: autoDraw = True
586.7863 	EXP 	center_grating: autoDraw = True
586.8595 	EXP 	noise_3: autoDraw = False
586.8595 	EXP 	surround_grating: autoDraw = False
586.8595 	EXP 	center_grating: autoDraw = False
587.3403 	EXP 	New trial (rep=0, index=284): <Trial 284 (284 in rep 0) data={'center': 0, 'surround': 15.0, 'type': 'c+0', 'surr_type': 'poss', 'orient_opacity': 100, 'noise_opacity': 0, 'isi': 0.5, 'thisN': 284, 'thisTrialN': 284, 'thisRepN': 0}>
587.3454 	DATA 	Keypress: z
587.3517 	INFO 	Keyboard events cleared
587.3511 	EXP 	noise_3: autoDraw = False
587.3511 	EXP 	surround_grating: autoDraw = False
587.3511 	EXP 	center_grating: autoDraw = False
587.3511 	EXP 	text_2: autoDraw = False
587.3511 	EXP 	surround_grating: ori = 15.0
587.3511 	EXP 	surround_grating: sf = array([2.5, 2.5])
587.3511 	EXP 	surround_grating: phase = array([0.83038166, 0.83038166])
587.3511 	EXP 	center_grating: ori = 0.0
587.3511 	EXP 	center_grating: sf = array([2.5, 2.5])
587.3511 	EXP 	center_grating: phase = array([0.44105881, 0.44105881])
587.8373 	EXP 	noise_3: autoDraw = True
587.8373 	EXP 	surround_grating: autoDraw = True
587.8373 	EXP 	center_grating: autoDraw = True
587.9101 	EXP 	noise_3: autoDraw = False
587.9101 	EXP 	surround_grating: autoDraw = False
587.9101 	EXP 	center_grating: autoDraw = False
588.3107 	DATA 	Keypress: period
588.3177 	EXP 	New trial (rep=0, index=285): <Trial 285 (285 in rep 0) data={'center': 0, 'surround': -15.0, 'type': 'c+0', 'surr_type': 'negs', 'orient_opacity': 100, 'noise_opacity': 0, 'isi': 0.5, 'thisN': 285, 'thisTrialN': 285, 'thisRepN': 0}>
588.3243 	INFO 	Keyboard events cleared
588.3240 	EXP 	noise_3: autoDraw = False
588.3240 	EXP 	surround_grating: autoDraw = False
588.3240 	EXP 	center_grating: autoDraw = False
588.3240 	EXP 	text_2: autoDraw = False
588.3240 	EXP 	surround_grating: ori = -15.0
588.3240 	EXP 	surround_grating: sf = array([2.5, 2.5])
588.3240 	EXP 	surround_grating: phase = array([0.74339991, 0.74339991])
588.3240 	EXP 	center_grating: ori = 0.0
588.3240 	EXP 	center_grating: sf = array([2.5, 2.5])
588.3240 	EXP 	center_grating: phase = array([0.41484706, 0.41484706])
588.8134 	EXP 	noise_3: autoDraw = True
588.8134 	EXP 	surround_grating: autoDraw = True
588.8134 	EXP 	center_grating: autoDraw = True
588.8878 	EXP 	noise_3: autoDraw = False
588.8878 	EXP 	surround_grating: autoDraw = False
588.8878 	EXP 	center_grating: autoDraw = False
589.6904 	EXP 	New trial (rep=0, index=286): <Trial 286 (286 in rep 0) data={'center': -6, 'surround': -15.0, 'type': 'c-6', 'surr_type': 'negs', 'orient_opacity': 100, 'noise_opacity': 0, 'isi': 0.5, 'thisN': 286, 'thisTrialN': 286, 'thisRepN': 0}>
589.6954 	DATA 	Keypress: period
589.7013 	INFO 	Keyboard events cleared
589.7008 	EXP 	noise_3: autoDraw = False
589.7008 	EXP 	surround_grating: autoDraw = False
589.7008 	EXP 	center_grating: autoDraw = False
589.7008 	EXP 	text_2: autoDraw = False
589.7008 	EXP 	surround_grating: ori = -15.0
589.7008 	EXP 	surround_grating: sf = array([2.5, 2.5])
589.7008 	EXP 	surround_grating: phase = array([0.15094517, 0.15094517])
589.7008 	EXP 	center_grating: ori = -6.0
589.7008 	EXP 	center_grating: sf = array([2.5, 2.5])
589.7008 	EXP 	center_grating: phase = array([0.33048141, 0.33048141])
590.1875 	EXP 	noise_3: autoDraw = True
590.1875 	EXP 	surround_grating: autoDraw = True
590.1875 	EXP 	center_grating: autoDraw = True
590.2596 	EXP 	noise_3: autoDraw = False
590.2596 	EXP 	surround_grating: autoDraw = False
590.2596 	EXP 	center_grating: autoDraw = False
591.3965 	EXP 	New trial (rep=0, index=287): <Trial 287 (287 in rep 0) data={'center': 8, 'surround': 15.0, 'type': 'c+8', 'surr_type': 'poss', 'orient_opacity': 100, 'noise_opacity': 0, 'isi': 1.0, 'thisN': 287, 'thisTrialN': 287, 'thisRepN': 0}>
591.4016 	DATA 	Keypress: z
591.4073 	INFO 	Keyboard events cleared
591.4068 	EXP 	noise_3: autoDraw = False
591.4068 	EXP 	surround_grating: autoDraw = False
591.4068 	EXP 	center_grating: autoDraw = False
591.4068 	EXP 	text_2: autoDraw = False
591.4068 	EXP 	surround_grating: ori = 15.0
591.4068 	EXP 	surround_grating: sf = array([2.5, 2.5])
591.4068 	EXP 	surround_grating: phase = array([0.4143877, 0.4143877])
591.4068 	EXP 	center_grating: ori = 8.0
591.4068 	EXP 	center_grating: sf = array([2.5, 2.5])
591.4068 	EXP 	center_grating: phase = array([0.07767861, 0.07767861])
592.3969 	EXP 	noise_3: autoDraw = True
592.3969 	EXP 	surround_grating: autoDraw = True
592.3969 	EXP 	center_grating: autoDraw = True
592.4712 	EXP 	noise_3: autoDraw = False
592.4712 	EXP 	surround_grating: autoDraw = False
592.4712 	EXP 	center_grating: autoDraw = False
593.0073 	EXP 	New trial (rep=0, index=288): <Trial 288 (288 in rep 0) data={'center': -2, 'surround': -15.0, 'type': 'c-2', 'surr_type': 'negs', 'orient_opacity': 100, 'noise_opacity': 0, 'isi': 1.0, 'thisN': 288, 'thisTrialN': 288, 'thisRepN': 0}>
593.0135 	DATA 	Keypress: period
593.0198 	INFO 	Keyboard events cleared
593.0192 	EXP 	noise_3: autoDraw = False
593.0192 	EXP 	surround_grating: autoDraw = False
593.0192 	EXP 	center_grating: autoDraw = False
593.0192 	EXP 	text_2: autoDraw = False
593.0192 	EXP 	surround_grating: ori = -15.0
593.0192 	EXP 	surround_grating: sf = array([2.5, 2.5])
593.0192 	EXP 	surround_grating: phase = array([0.63590156, 0.63590156])
593.0192 	EXP 	center_grating: ori = -2.0
593.0192 	EXP 	center_grating: sf = array([2.5, 2.5])
593.0192 	EXP 	center_grating: phase = array([0.47806249, 0.47806249])
594.0041 	EXP 	noise_3: autoDraw = True
594.0041 	EXP 	surround_grating: autoDraw = True
594.0041 	EXP 	center_grating: autoDraw = True
594.0763 	EXP 	noise_3: autoDraw = False
594.0763 	EXP 	surround_grating: autoDraw = False
594.0763 	EXP 	center_grating: autoDraw = False
594.5581 	EXP 	New trial (rep=0, index=289): <Trial 289 (289 in rep 0) data={'center': -2, 'surround': -15.0, 'type': 'c-2', 'surr_type': 'negs', 'orient_opacity': 100, 'noise_opacity': 0, 'isi': 1.25, 'thisN': 289, 'thisTrialN': 289, 'thisRepN': 0}>
594.5647 	DATA 	Keypress: period
594.5709 	INFO 	Keyboard events cleared
594.5704 	EXP 	noise_3: autoDraw = False
594.5704 	EXP 	surround_grating: autoDraw = False
594.5704 	EXP 	center_grating: autoDraw = False
594.5704 	EXP 	text_2: autoDraw = False
594.5704 	EXP 	surround_grating: ori = -15.0
594.5704 	EXP 	surround_grating: sf = array([2.5, 2.5])
594.5704 	EXP 	surround_grating: phase = array([0.12795233, 0.12795233])
594.5704 	EXP 	center_grating: ori = -2.0
594.5704 	EXP 	center_grating: sf = array([2.5, 2.5])
594.5704 	EXP 	center_grating: phase = array([0.01338653, 0.01338653])
595.8043 	EXP 	noise_3: autoDraw = True
595.8043 	EXP 	surround_grating: autoDraw = True
595.8043 	EXP 	center_grating: autoDraw = True
595.8768 	EXP 	noise_3: autoDraw = False
595.8768 	EXP 	surround_grating: autoDraw = False
595.8768 	EXP 	center_grating: autoDraw = False
596.4078 	EXP 	New trial (rep=0, index=290): <Trial 290 (290 in rep 0) data={'center': 8, 'surround': 15.0, 'type': 'c+8', 'surr_type': 'poss', 'orient_opacity': 100, 'noise_opacity': 0, 'isi': 0.75, 'thisN': 290, 'thisTrialN': 290, 'thisRepN': 0}>
596.4141 	DATA 	Keypress: period
596.4203 	INFO 	Keyboard events cleared
596.4199 	EXP 	noise_3: autoDraw = False
596.4199 	EXP 	surround_grating: autoDraw = False
596.4199 	EXP 	center_grating: autoDraw = False
596.4199 	EXP 	text_2: autoDraw = False
596.4199 	EXP 	surround_grating: ori = 15.0
596.4199 	EXP 	surround_grating: sf = array([2.5, 2.5])
596.4199 	EXP 	surround_grating: phase = array([0.34911607, 0.34911607])
596.4199 	EXP 	center_grating: ori = 8.0
596.4199 	EXP 	center_grating: sf = array([2.5, 2.5])
596.4199 	EXP 	center_grating: phase = array([0.14083797, 0.14083797])
597.1542 	EXP 	noise_3: autoDraw = True
597.1542 	EXP 	surround_grating: autoDraw = True
597.1542 	EXP 	center_grating: autoDraw = True
597.2262 	EXP 	noise_3: autoDraw = False
597.2262 	EXP 	surround_grating: autoDraw = False
597.2262 	EXP 	center_grating: autoDraw = False
597.8404 	EXP 	New trial (rep=0, index=291): <Trial 291 (291 in rep 0) data={'center': 0, 'surround': 15.0, 'type': 'c+0', 'surr_type': 'poss', 'orient_opacity': 100, 'noise_opacity': 0, 'isi': 0.5, 'thisN': 291, 'thisTrialN': 291, 'thisRepN': 0}>
597.8454 	DATA 	Keypress: period
597.8512 	INFO 	Keyboard events cleared
597.8508 	EXP 	noise_3: autoDraw = False
597.8508 	EXP 	surround_grating: autoDraw = False
597.8508 	EXP 	center_grating: autoDraw = False
597.8508 	EXP 	text_2: autoDraw = False
597.8508 	EXP 	surround_grating: ori = 15.0
597.8508 	EXP 	surround_grating: sf = array([2.5, 2.5])
597.8508 	EXP 	surround_grating: phase = array([0.35039598, 0.35039598])
597.8508 	EXP 	center_grating: ori = 0.0
597.8508 	EXP 	center_grating: sf = array([2.5, 2.5])
597.8508 	EXP 	center_grating: phase = array([0.37297381, 0.37297381])
598.3368 	EXP 	noise_3: autoDraw = True
598.3368 	EXP 	surround_grating: autoDraw = True
598.3368 	EXP 	center_grating: autoDraw = True
598.4099 	EXP 	noise_3: autoDraw = False
598.4099 	EXP 	surround_grating: autoDraw = False
598.4099 	EXP 	center_grating: autoDraw = False
598.9908 	EXP 	New trial (rep=0, index=292): <Trial 292 (292 in rep 0) data={'center': -2, 'surround': 0.0, 'type': 'c-2', 'surr_type': 'noss', 'orient_opacity': 0, 'noise_opacity': 100, 'isi': 0.5, 'thisN': 292, 'thisTrialN': 292, 'thisRepN': 0}>
598.9962 	DATA 	Keypress: z
599.0024 	INFO 	Keyboard events cleared
599.0019 	EXP 	noise_3: autoDraw = False
599.0019 	EXP 	surround_grating: autoDraw = False
599.0019 	EXP 	center_grating: autoDraw = False
599.0019 	EXP 	text_2: autoDraw = False
599.0019 	EXP 	surround_grating: ori = 0.0
599.0019 	EXP 	surround_grating: sf = array([2.5, 2.5])
599.0019 	EXP 	surround_grating: phase = array([0.78312116, 0.78312116])
599.0019 	EXP 	center_grating: ori = -2.0
599.0019 	EXP 	center_grating: sf = array([2.5, 2.5])
599.0019 	EXP 	center_grating: phase = array([0.30033497, 0.30033497])
599.4877 	EXP 	noise_3: autoDraw = True
599.4877 	EXP 	surround_grating: autoDraw = True
599.4877 	EXP 	center_grating: autoDraw = True
599.5599 	EXP 	noise_3: autoDraw = False
599.5599 	EXP 	surround_grating: autoDraw = False
599.5599 	EXP 	center_grating: autoDraw = False
600.8643 	EXP 	New trial (rep=0, index=293): <Trial 293 (293 in rep 0) data={'center': 6, 'surround': 15.0, 'type': 'c+6', 'surr_type': 'poss', 'orient_opacity': 100, 'noise_opacity': 0, 'isi': 0.75, 'thisN': 293, 'thisTrialN': 293, 'thisRepN': 0}>
600.8694 	DATA 	Keypress: z
600.8749 	INFO 	Keyboard events cleared
600.8744 	EXP 	noise_3: autoDraw = False
600.8744 	EXP 	surround_grating: autoDraw = False
600.8744 	EXP 	center_grating: autoDraw = False
600.8744 	EXP 	text_2: autoDraw = False
600.8744 	EXP 	surround_grating: ori = 15.0
600.8744 	EXP 	surround_grating: sf = array([2.5, 2.5])
600.8744 	EXP 	surround_grating: phase = array([0.22599574, 0.22599574])
600.8744 	EXP 	center_grating: ori = 6.0
600.8744 	EXP 	center_grating: sf = array([2.5, 2.5])
600.8744 	EXP 	center_grating: phase = array([0.35540663, 0.35540663])
601.6140 	EXP 	noise_3: autoDraw = True
601.6140 	EXP 	surround_grating: autoDraw = True
601.6140 	EXP 	center_grating: autoDraw = True
601.6936 	EXP 	noise_3: autoDraw = False
601.6936 	EXP 	surround_grating: autoDraw = False
601.6936 	EXP 	center_grating: autoDraw = False
602.1643 	EXP 	New trial (rep=0, index=294): <Trial 294 (294 in rep 0) data={'center': 0, 'surround': 0.0, 'type': 'c+0', 'surr_type': 'noss', 'orient_opacity': 0, 'noise_opacity': 100, 'isi': 0.5, 'thisN': 294, 'thisTrialN': 294, 'thisRepN': 0}>
602.1701 	DATA 	Keypress: period
602.1756 	INFO 	Keyboard events cleared
602.1750 	EXP 	noise_3: autoDraw = False
602.1750 	EXP 	surround_grating: autoDraw = False
602.1750 	EXP 	center_grating: autoDraw = False
602.1750 	EXP 	text_2: autoDraw = False
602.1750 	EXP 	surround_grating: ori = 0.0
602.1750 	EXP 	surround_grating: sf = array([2.5, 2.5])
602.1750 	EXP 	surround_grating: phase = array([0.40660823, 0.40660823])
602.1750 	EXP 	center_grating: ori = 0.0
602.1750 	EXP 	center_grating: sf = array([2.5, 2.5])
602.1750 	EXP 	center_grating: phase = array([0.34632932, 0.34632932])
602.6634 	EXP 	noise_3: autoDraw = True
602.6634 	EXP 	surround_grating: autoDraw = True
602.6634 	EXP 	center_grating: autoDraw = True
602.7382 	EXP 	noise_3: autoDraw = False
602.7382 	EXP 	surround_grating: autoDraw = False
602.7382 	EXP 	center_grating: autoDraw = False
603.2579 	EXP 	New trial (rep=0, index=295): <Trial 295 (295 in rep 0) data={'center': 6, 'surround': 15.0, 'type': 'c+6', 'surr_type': 'poss', 'orient_opacity': 100, 'noise_opacity': 0, 'isi': 0.75, 'thisN': 295, 'thisTrialN': 295, 'thisRepN': 0}>
603.2632 	DATA 	Keypress: period
603.2692 	INFO 	Keyboard events cleared
603.2687 	EXP 	noise_3: autoDraw = False
603.2687 	EXP 	surround_grating: autoDraw = False
603.2687 	EXP 	center_grating: autoDraw = False
603.2687 	EXP 	text_2: autoDraw = False
603.2687 	EXP 	surround_grating: ori = 15.0
603.2687 	EXP 	surround_grating: sf = array([2.5, 2.5])
603.2687 	EXP 	surround_grating: phase = array([0.39179802, 0.39179802])
603.2687 	EXP 	center_grating: ori = 6.0
603.2687 	EXP 	center_grating: sf = array([2.5, 2.5])
603.2687 	EXP 	center_grating: phase = array([0.33428817, 0.33428817])
604.0044 	EXP 	noise_3: autoDraw = True
604.0044 	EXP 	surround_grating: autoDraw = True
604.0044 	EXP 	center_grating: autoDraw = True
604.0768 	EXP 	noise_3: autoDraw = False
604.0768 	EXP 	surround_grating: autoDraw = False
604.0768 	EXP 	center_grating: autoDraw = False
604.7913 	EXP 	New trial (rep=0, index=296): <Trial 296 (296 in rep 0) data={'center': 2, 'surround': -15.0, 'type': 'c+2', 'surr_type': 'negs', 'orient_opacity': 100, 'noise_opacity': 0, 'isi': 0.5, 'thisN': 296, 'thisTrialN': 296, 'thisRepN': 0}>
604.7967 	DATA 	Keypress: period
604.8029 	INFO 	Keyboard events cleared
604.8024 	EXP 	noise_3: autoDraw = False
604.8024 	EXP 	surround_grating: autoDraw = False
604.8024 	EXP 	center_grating: autoDraw = False
604.8024 	EXP 	text_2: autoDraw = False
604.8024 	EXP 	surround_grating: ori = -15.0
604.8024 	EXP 	surround_grating: sf = array([2.5, 2.5])
604.8024 	EXP 	surround_grating: phase = array([0.67552576, 0.67552576])
604.8024 	EXP 	center_grating: ori = 2.0
604.8024 	EXP 	center_grating: sf = array([2.5, 2.5])
604.8024 	EXP 	center_grating: phase = array([0.71742847, 0.71742847])
605.2871 	EXP 	noise_3: autoDraw = True
605.2871 	EXP 	surround_grating: autoDraw = True
605.2871 	EXP 	center_grating: autoDraw = True
605.3600 	EXP 	noise_3: autoDraw = False
605.3600 	EXP 	surround_grating: autoDraw = False
605.3600 	EXP 	center_grating: autoDraw = False
606.0251 	EXP 	New trial (rep=0, index=297): <Trial 297 (297 in rep 0) data={'center': -8, 'surround': -15.0, 'type': 'c-8', 'surr_type': 'negs', 'orient_opacity': 100, 'noise_opacity': 0, 'isi': 0.5, 'thisN': 297, 'thisTrialN': 297, 'thisRepN': 0}>
606.0303 	DATA 	Keypress: period
606.0363 	INFO 	Keyboard events cleared
606.0358 	EXP 	noise_3: autoDraw = False
606.0358 	EXP 	surround_grating: autoDraw = False
606.0358 	EXP 	center_grating: autoDraw = False
606.0358 	EXP 	text_2: autoDraw = False
606.0358 	EXP 	surround_grating: ori = -15.0
606.0358 	EXP 	surround_grating: sf = array([2.5, 2.5])
606.0358 	EXP 	surround_grating: phase = array([0.88984896, 0.88984896])
606.0358 	EXP 	center_grating: ori = -8.0
606.0358 	EXP 	center_grating: sf = array([2.5, 2.5])
606.0358 	EXP 	center_grating: phase = array([0.76941539, 0.76941539])
606.5212 	EXP 	noise_3: autoDraw = True
606.5212 	EXP 	surround_grating: autoDraw = True
606.5212 	EXP 	center_grating: autoDraw = True
606.5938 	EXP 	noise_3: autoDraw = False
606.5938 	EXP 	surround_grating: autoDraw = False
606.5938 	EXP 	center_grating: autoDraw = False
607.1750 	EXP 	New trial (rep=0, index=298): <Trial 298 (298 in rep 0) data={'center': 2, 'surround': 15.0, 'type': 'c+2', 'surr_type': 'poss', 'orient_opacity': 100, 'noise_opacity': 0, 'isi': 1.25, 'thisN': 298, 'thisTrialN': 298, 'thisRepN': 0}>
607.1811 	DATA 	Keypress: z
607.1874 	INFO 	Keyboard events cleared
607.1870 	EXP 	noise_3: autoDraw = False
607.1870 	EXP 	surround_grating: autoDraw = False
607.1870 	EXP 	center_grating: autoDraw = False
607.1870 	EXP 	text_2: autoDraw = False
607.1870 	EXP 	surround_grating: ori = 15.0
607.1870 	EXP 	surround_grating: sf = array([2.5, 2.5])
607.1870 	EXP 	surround_grating: phase = array([0.09651946, 0.09651946])
607.1870 	EXP 	center_grating: ori = 2.0
607.1870 	EXP 	center_grating: sf = array([2.5, 2.5])
607.1870 	EXP 	center_grating: phase = array([0.65854671, 0.65854671])
608.4213 	EXP 	noise_3: autoDraw = True
608.4213 	EXP 	surround_grating: autoDraw = True
608.4213 	EXP 	center_grating: autoDraw = True
608.4933 	EXP 	noise_3: autoDraw = False
608.4933 	EXP 	surround_grating: autoDraw = False
608.4933 	EXP 	center_grating: autoDraw = False
608.9963 	EXP 	New trial (rep=0, index=299): <Trial 299 (299 in rep 0) data={'center': 0, 'surround': 0.0, 'type': 'c+0', 'surr_type': 'noss', 'orient_opacity': 0, 'noise_opacity': 100, 'isi': 1.25, 'thisN': 299, 'thisTrialN': 299, 'thisRepN': 0}>
609.0012 	DATA 	Keypress: z
609.0075 	INFO 	Keyboard events cleared
609.0070 	EXP 	noise_3: autoDraw = False
609.0070 	EXP 	surround_grating: autoDraw = False
609.0070 	EXP 	center_grating: autoDraw = False
609.0070 	EXP 	text_2: autoDraw = False
609.0070 	EXP 	surround_grating: ori = 0.0
609.0070 	EXP 	surround_grating: sf = array([2.5, 2.5])
609.0070 	EXP 	surround_grating: phase = array([0.94969367, 0.94969367])
609.0070 	EXP 	center_grating: ori = 0.0
609.0070 	EXP 	center_grating: sf = array([2.5, 2.5])
609.0070 	EXP 	center_grating: phase = array([0.43029115, 0.43029115])
610.2481 	EXP 	noise_3: autoDraw = True
610.2481 	EXP 	surround_grating: autoDraw = True
610.2481 	EXP 	center_grating: autoDraw = True
610.3219 	EXP 	noise_3: autoDraw = False
610.3219 	EXP 	surround_grating: autoDraw = False
610.3219 	EXP 	center_grating: autoDraw = False
610.8246 	EXP 	New trial (rep=0, index=300): <Trial 300 (300 in rep 0) data={'center': 6, 'surround': 15.0, 'type': 'c+6', 'surr_type': 'poss', 'orient_opacity': 100, 'noise_opacity': 0, 'isi': 0.75, 'thisN': 300, 'thisTrialN': 300, 'thisRepN': 0}>
610.8296 	DATA 	Keypress: period
610.8357 	INFO 	Keyboard events cleared
610.8353 	EXP 	noise_3: autoDraw = False
610.8353 	EXP 	surround_grating: autoDraw = False
610.8353 	EXP 	center_grating: autoDraw = False
610.8353 	EXP 	text_2: autoDraw = False
610.8353 	EXP 	surround_grating: ori = 15.0
610.8353 	EXP 	surround_grating: sf = array([2.5, 2.5])
610.8353 	EXP 	surround_grating: phase = array([0.33196364, 0.33196364])
610.8353 	EXP 	center_grating: ori = 6.0
610.8353 	EXP 	center_grating: sf = array([2.5, 2.5])
610.8353 	EXP 	center_grating: phase = array([0.23873908, 0.23873908])
611.5716 	EXP 	noise_3: autoDraw = True
611.5716 	EXP 	surround_grating: autoDraw = True
611.5716 	EXP 	center_grating: autoDraw = True
611.6433 	EXP 	noise_3: autoDraw = False
611.6433 	EXP 	surround_grating: autoDraw = False
611.6433 	EXP 	center_grating: autoDraw = False
612.1104 	DATA 	Keypress: period
612.1163 	INFO 	Keyboard events cleared
612.1158 	EXP 	noise_3: autoDraw = False
612.1158 	EXP 	surround_grating: autoDraw = False
612.1158 	EXP 	center_grating: autoDraw = False
612.1158 	EXP 	text_2: autoDraw = True
626.2639 	EXP 	New trial (rep=0, index=301): <Trial 301 (301 in rep 0) data={'center': 0, 'surround': -15.0, 'type': 'c+0', 'surr_type': 'negs', 'orient_opacity': 100, 'noise_opacity': 0, 'isi': 1.25, 'thisN': 301, 'thisTrialN': 301, 'thisRepN': 0}>
626.2692 	DATA 	Keypress: space
626.2754 	INFO 	Keyboard events cleared
626.2749 	EXP 	text_2: autoDraw = False
626.2749 	EXP 	surround_grating: ori = -15.0
626.2749 	EXP 	surround_grating: sf = array([2.5, 2.5])
626.2749 	EXP 	surround_grating: phase = array([0.76871466, 0.76871466])
626.2749 	EXP 	center_grating: ori = 0.0
626.2749 	EXP 	center_grating: sf = array([2.5, 2.5])
626.2749 	EXP 	center_grating: phase = array([0.22055705, 0.22055705])
627.5153 	EXP 	noise_3: autoDraw = True
627.5153 	EXP 	surround_grating: autoDraw = True
627.5153 	EXP 	center_grating: autoDraw = True
627.5892 	EXP 	noise_3: autoDraw = False
627.5892 	EXP 	surround_grating: autoDraw = False
627.5892 	EXP 	center_grating: autoDraw = False
628.0315 	EXP 	New trial (rep=0, index=302): <Trial 302 (302 in rep 0) data={'center': 8, 'surround': 15.0, 'type': 'c+8', 'surr_type': 'poss', 'orient_opacity': 100, 'noise_opacity': 0, 'isi': 1.0, 'thisN': 302, 'thisTrialN': 302, 'thisRepN': 0}>
628.0367 	DATA 	Keypress: period
628.0424 	INFO 	Keyboard events cleared
628.0419 	EXP 	noise_3: autoDraw = False
628.0419 	EXP 	surround_grating: autoDraw = False
628.0419 	EXP 	center_grating: autoDraw = False
628.0419 	EXP 	text_2: autoDraw = False
628.0419 	EXP 	surround_grating: ori = 15.0
628.0419 	EXP 	surround_grating: sf = array([2.5, 2.5])
628.0419 	EXP 	surround_grating: phase = array([0.72160002, 0.72160002])
628.0419 	EXP 	center_grating: ori = 8.0
628.0419 	EXP 	center_grating: sf = array([2.5, 2.5])
628.0419 	EXP 	center_grating: phase = array([0.88915673, 0.88915673])
629.0311 	EXP 	noise_3: autoDraw = True
629.0311 	EXP 	surround_grating: autoDraw = True
629.0311 	EXP 	center_grating: autoDraw = True
629.1060 	EXP 	noise_3: autoDraw = False
629.1060 	EXP 	surround_grating: autoDraw = False
629.1060 	EXP 	center_grating: autoDraw = False
629.6591 	EXP 	New trial (rep=0, index=303): <Trial 303 (303 in rep 0) data={'center': 4, 'surround': 15.0, 'type': 'c+4', 'surr_type': 'poss', 'orient_opacity': 100, 'noise_opacity': 0, 'isi': 1.0, 'thisN': 303, 'thisTrialN': 303, 'thisRepN': 0}>
629.6645 	DATA 	Keypress: period
629.6704 	INFO 	Keyboard events cleared
629.6699 	EXP 	noise_3: autoDraw = False
629.6699 	EXP 	surround_grating: autoDraw = False
629.6699 	EXP 	center_grating: autoDraw = False
629.6699 	EXP 	text_2: autoDraw = False
629.6699 	EXP 	surround_grating: ori = 15.0
629.6699 	EXP 	surround_grating: sf = array([2.5, 2.5])
629.6699 	EXP 	surround_grating: phase = array([0.75501973, 0.75501973])
629.6699 	EXP 	center_grating: ori = 4.0
629.6699 	EXP 	center_grating: sf = array([2.5, 2.5])
629.6699 	EXP 	center_grating: phase = array([0.40342382, 0.40342382])
630.6554 	EXP 	noise_3: autoDraw = True
630.6554 	EXP 	surround_grating: autoDraw = True
630.6554 	EXP 	center_grating: autoDraw = True
630.7288 	EXP 	noise_3: autoDraw = False
630.7288 	EXP 	surround_grating: autoDraw = False
630.7288 	EXP 	center_grating: autoDraw = False
631.2176 	DATA 	Keypress: z
631.2245 	EXP 	New trial (rep=0, index=304): <Trial 304 (304 in rep 0) data={'center': -4, 'surround': -15.0, 'type': 'c-4', 'surr_type': 'negs', 'orient_opacity': 100, 'noise_opacity': 0, 'isi': 0.75, 'thisN': 304, 'thisTrialN': 304, 'thisRepN': 0}>
631.2320 	INFO 	Keyboard events cleared
631.2314 	EXP 	noise_3: autoDraw = False
631.2314 	EXP 	surround_grating: autoDraw = False
631.2314 	EXP 	center_grating: autoDraw = False
631.2314 	EXP 	text_2: autoDraw = False
631.2314 	EXP 	surround_grating: ori = -15.0
631.2314 	EXP 	surround_grating: sf = array([2.5, 2.5])
631.2314 	EXP 	surround_grating: phase = array([0.52613165, 0.52613165])
631.2314 	EXP 	center_grating: ori = -4.0
631.2314 	EXP 	center_grating: sf = array([2.5, 2.5])
631.2314 	EXP 	center_grating: phase = array([0.51167658, 0.51167658])
631.9722 	EXP 	noise_3: autoDraw = True
631.9722 	EXP 	surround_grating: autoDraw = True
631.9722 	EXP 	center_grating: autoDraw = True
632.0442 	EXP 	noise_3: autoDraw = False
632.0442 	EXP 	surround_grating: autoDraw = False
632.0442 	EXP 	center_grating: autoDraw = False
632.4923 	EXP 	New trial (rep=0, index=305): <Trial 305 (305 in rep 0) data={'center': -2, 'surround': 15.0, 'type': 'c-2', 'surr_type': 'poss', 'orient_opacity': 100, 'noise_opacity': 0, 'isi': 1.0, 'thisN': 305, 'thisTrialN': 305, 'thisRepN': 0}>
632.4983 	DATA 	Keypress: period
632.5042 	INFO 	Keyboard events cleared
632.5037 	EXP 	noise_3: autoDraw = False
632.5037 	EXP 	surround_grating: autoDraw = False
632.5037 	EXP 	center_grating: autoDraw = False
632.5037 	EXP 	text_2: autoDraw = False
632.5037 	EXP 	surround_grating: ori = 15.0
632.5037 	EXP 	surround_grating: sf = array([2.5, 2.5])
632.5037 	EXP 	surround_grating: phase = array([0.38035908, 0.38035908])
632.5037 	EXP 	center_grating: ori = -2.0
632.5037 	EXP 	center_grating: sf = array([2.5, 2.5])
632.5037 	EXP 	center_grating: phase = array([0.53491923, 0.53491923])
633.4888 	EXP 	noise_3: autoDraw = True
633.4888 	EXP 	surround_grating: autoDraw = True
633.4888 	EXP 	center_grating: autoDraw = True
633.5610 	EXP 	noise_3: autoDraw = False
633.5610 	EXP 	surround_grating: autoDraw = False
633.5610 	EXP 	center_grating: autoDraw = False
634.3626 	DATA 	Keypress: z
634.3694 	EXP 	New trial (rep=0, index=306): <Trial 306 (306 in rep 0) data={'center': 2, 'surround': 15.0, 'type': 'c+2', 'surr_type': 'poss', 'orient_opacity': 100, 'noise_opacity': 0, 'isi': 0.5, 'thisN': 306, 'thisTrialN': 306, 'thisRepN': 0}>
634.3759 	INFO 	Keyboard events cleared
634.3755 	EXP 	noise_3: autoDraw = False
634.3755 	EXP 	surround_grating: autoDraw = False
634.3755 	EXP 	center_grating: autoDraw = False
634.3755 	EXP 	text_2: autoDraw = False
634.3755 	EXP 	surround_grating: ori = 15.0
634.3755 	EXP 	surround_grating: sf = array([2.5, 2.5])
634.3755 	EXP 	surround_grating: phase = array([0.40047671, 0.40047671])
634.3755 	EXP 	center_grating: ori = 2.0
634.3755 	EXP 	center_grating: sf = array([2.5, 2.5])
634.3755 	EXP 	center_grating: phase = array([0.00709302, 0.00709302])
634.8654 	EXP 	noise_3: autoDraw = True
634.8654 	EXP 	surround_grating: autoDraw = True
634.8654 	EXP 	center_grating: autoDraw = True
634.9397 	EXP 	noise_3: autoDraw = False
634.9397 	EXP 	surround_grating: autoDraw = False
634.9397 	EXP 	center_grating: autoDraw = False
635.4482 	EXP 	New trial (rep=0, index=307): <Trial 307 (307 in rep 0) data={'center': -6, 'surround': -15.0, 'type': 'c-6', 'surr_type': 'negs', 'orient_opacity': 100, 'noise_opacity': 0, 'isi': 0.75, 'thisN': 307, 'thisTrialN': 307, 'thisRepN': 0}>
635.4530 	DATA 	Keypress: period
635.4590 	INFO 	Keyboard events cleared
635.4585 	EXP 	noise_3: autoDraw = False
635.4585 	EXP 	surround_grating: autoDraw = False
635.4585 	EXP 	center_grating: autoDraw = False
635.4585 	EXP 	text_2: autoDraw = False
635.4585 	EXP 	surround_grating: ori = -15.0
635.4585 	EXP 	surround_grating: sf = array([2.5, 2.5])
635.4585 	EXP 	surround_grating: phase = array([0.62579702, 0.62579702])
635.4585 	EXP 	center_grating: ori = -6.0
635.4585 	EXP 	center_grating: sf = array([2.5, 2.5])
635.4585 	EXP 	center_grating: phase = array([0.09644159, 0.09644159])
636.1987 	EXP 	noise_3: autoDraw = True
636.1987 	EXP 	surround_grating: autoDraw = True
636.1987 	EXP 	center_grating: autoDraw = True
636.2728 	EXP 	noise_3: autoDraw = False
636.2728 	EXP 	surround_grating: autoDraw = False
636.2728 	EXP 	center_grating: autoDraw = False
636.5090 	EXP 	New trial (rep=0, index=308): <Trial 308 (308 in rep 0) data={'center': 4, 'surround': 15.0, 'type': 'c+4', 'surr_type': 'poss', 'orient_opacity': 100, 'noise_opacity': 0, 'isi': 0.75, 'thisN': 308, 'thisTrialN': 308, 'thisRepN': 0}>
636.5141 	DATA 	Keypress: period
636.5199 	INFO 	Keyboard events cleared
636.5194 	EXP 	noise_3: autoDraw = False
636.5194 	EXP 	surround_grating: autoDraw = False
636.5194 	EXP 	center_grating: autoDraw = False
636.5194 	EXP 	text_2: autoDraw = False
636.5194 	EXP 	surround_grating: ori = 15.0
636.5194 	EXP 	surround_grating: sf = array([2.5, 2.5])
636.5194 	EXP 	surround_grating: phase = array([0.28773478, 0.28773478])
636.5194 	EXP 	center_grating: ori = 4.0
636.5194 	EXP 	center_grating: sf = array([2.5, 2.5])
636.5194 	EXP 	center_grating: phase = array([0.61482994, 0.61482994])
637.2558 	EXP 	noise_3: autoDraw = True
637.2558 	EXP 	surround_grating: autoDraw = True
637.2558 	EXP 	center_grating: autoDraw = True
637.3274 	EXP 	noise_3: autoDraw = False
637.3274 	EXP 	surround_grating: autoDraw = False
637.3274 	EXP 	center_grating: autoDraw = False
637.5259 	EXP 	New trial (rep=0, index=309): <Trial 309 (309 in rep 0) data={'center': -8, 'surround': -15.0, 'type': 'c-8', 'surr_type': 'negs', 'orient_opacity': 100, 'noise_opacity': 0, 'isi': 0.5, 'thisN': 309, 'thisTrialN': 309, 'thisRepN': 0}>
637.5309 	DATA 	Keypress: period
637.5368 	INFO 	Keyboard events cleared
637.5363 	EXP 	noise_3: autoDraw = False
637.5363 	EXP 	surround_grating: autoDraw = False
637.5363 	EXP 	center_grating: autoDraw = False
637.5363 	EXP 	text_2: autoDraw = False
637.5363 	EXP 	surround_grating: ori = -15.0
637.5363 	EXP 	surround_grating: sf = array([2.5, 2.5])
637.5363 	EXP 	surround_grating: phase = array([0.69464069, 0.69464069])
637.5363 	EXP 	center_grating: ori = -8.0
637.5363 	EXP 	center_grating: sf = array([2.5, 2.5])
637.5363 	EXP 	center_grating: phase = array([0.64733697, 0.64733697])
638.0216 	EXP 	noise_3: autoDraw = True
638.0216 	EXP 	surround_grating: autoDraw = True
638.0216 	EXP 	center_grating: autoDraw = True
638.0953 	EXP 	noise_3: autoDraw = False
638.0953 	EXP 	surround_grating: autoDraw = False
638.0953 	EXP 	center_grating: autoDraw = False
638.5589 	EXP 	New trial (rep=0, index=310): <Trial 310 (310 in rep 0) data={'center': -2, 'surround': 15.0, 'type': 'c-2', 'surr_type': 'poss', 'orient_opacity': 100, 'noise_opacity': 0, 'isi': 0.75, 'thisN': 310, 'thisTrialN': 310, 'thisRepN': 0}>
638.5644 	DATA 	Keypress: period
638.5704 	INFO 	Keyboard events cleared
638.5698 	EXP 	noise_3: autoDraw = False
638.5698 	EXP 	surround_grating: autoDraw = False
638.5698 	EXP 	center_grating: autoDraw = False
638.5698 	EXP 	text_2: autoDraw = False
638.5698 	EXP 	surround_grating: ori = 15.0
638.5698 	EXP 	surround_grating: sf = array([2.5, 2.5])
638.5698 	EXP 	surround_grating: phase = array([0.05134721, 0.05134721])
638.5698 	EXP 	center_grating: ori = -2.0
638.5698 	EXP 	center_grating: sf = array([2.5, 2.5])
638.5698 	EXP 	center_grating: phase = array([0.17904358, 0.17904358])
639.3059 	EXP 	noise_3: autoDraw = True
639.3059 	EXP 	surround_grating: autoDraw = True
639.3059 	EXP 	center_grating: autoDraw = True
639.3782 	EXP 	noise_3: autoDraw = False
639.3782 	EXP 	surround_grating: autoDraw = False
639.3782 	EXP 	center_grating: autoDraw = False
639.8764 	EXP 	New trial (rep=0, index=311): <Trial 311 (311 in rep 0) data={'center': -6, 'surround': -15.0, 'type': 'c-6', 'surr_type': 'negs', 'orient_opacity': 100, 'noise_opacity': 0, 'isi': 1.25, 'thisN': 311, 'thisTrialN': 311, 'thisRepN': 0}>
639.8817 	DATA 	Keypress: z
639.8879 	INFO 	Keyboard events cleared
639.8874 	EXP 	noise_3: autoDraw = False
639.8874 	EXP 	surround_grating: autoDraw = False
639.8874 	EXP 	center_grating: autoDraw = False
639.8874 	EXP 	text_2: autoDraw = False
639.8874 	EXP 	surround_grating: ori = -15.0
639.8874 	EXP 	surround_grating: sf = array([2.5, 2.5])
639.8874 	EXP 	surround_grating: phase = array([0.51279058, 0.51279058])
639.8874 	EXP 	center_grating: ori = -6.0
639.8874 	EXP 	center_grating: sf = array([2.5, 2.5])
639.8874 	EXP 	center_grating: phase = array([0.5990736, 0.5990736])
641.1225 	EXP 	noise_3: autoDraw = True
641.1225 	EXP 	surround_grating: autoDraw = True
641.1225 	EXP 	center_grating: autoDraw = True
641.1945 	EXP 	noise_3: autoDraw = False
641.1945 	EXP 	surround_grating: autoDraw = False
641.1945 	EXP 	center_grating: autoDraw = False
641.7590 	EXP 	New trial (rep=0, index=312): <Trial 312 (312 in rep 0) data={'center': -2, 'surround': 0.0, 'type': 'c-2', 'surr_type': 'noss', 'orient_opacity': 0, 'noise_opacity': 100, 'isi': 0.75, 'thisN': 312, 'thisTrialN': 312, 'thisRepN': 0}>
641.7644 	DATA 	Keypress: period
641.7703 	INFO 	Keyboard events cleared
641.7698 	EXP 	noise_3: autoDraw = False
641.7698 	EXP 	surround_grating: autoDraw = False
641.7698 	EXP 	center_grating: autoDraw = False
641.7698 	EXP 	text_2: autoDraw = False
641.7698 	EXP 	surround_grating: ori = 0.0
641.7698 	EXP 	surround_grating: sf = array([2.5, 2.5])
641.7698 	EXP 	surround_grating: phase = array([0.1045843, 0.1045843])
641.7698 	EXP 	center_grating: ori = -2.0
641.7698 	EXP 	center_grating: sf = array([2.5, 2.5])
641.7698 	EXP 	center_grating: phase = array([0.15161252, 0.15161252])
642.5059 	EXP 	noise_3: autoDraw = True
642.5059 	EXP 	surround_grating: autoDraw = True
642.5059 	EXP 	center_grating: autoDraw = True
642.5784 	EXP 	noise_3: autoDraw = False
642.5784 	EXP 	surround_grating: autoDraw = False
642.5784 	EXP 	center_grating: autoDraw = False
642.8761 	EXP 	New trial (rep=0, index=313): <Trial 313 (313 in rep 0) data={'center': -2, 'surround': -15.0, 'type': 'c-2', 'surr_type': 'negs', 'orient_opacity': 100, 'noise_opacity': 0, 'isi': 1.25, 'thisN': 313, 'thisTrialN': 313, 'thisRepN': 0}>
642.8818 	DATA 	Keypress: period
642.8880 	INFO 	Keyboard events cleared
642.8876 	EXP 	noise_3: autoDraw = False
642.8876 	EXP 	surround_grating: autoDraw = False
642.8876 	EXP 	center_grating: autoDraw = False
642.8876 	EXP 	text_2: autoDraw = False
642.8876 	EXP 	surround_grating: ori = -15.0
642.8876 	EXP 	surround_grating: sf = array([2.5, 2.5])
642.8876 	EXP 	surround_grating: phase = array([0.41543426, 0.41543426])
642.8876 	EXP 	center_grating: ori = -2.0
642.8876 	EXP 	center_grating: sf = array([2.5, 2.5])
642.8876 	EXP 	center_grating: phase = array([0.64725854, 0.64725854])
644.1223 	EXP 	noise_3: autoDraw = True
644.1223 	EXP 	surround_grating: autoDraw = True
644.1223 	EXP 	center_grating: autoDraw = True
644.1946 	EXP 	noise_3: autoDraw = False
644.1946 	EXP 	surround_grating: autoDraw = False
644.1946 	EXP 	center_grating: autoDraw = False
644.6489 	EXP 	New trial (rep=0, index=314): <Trial 314 (314 in rep 0) data={'center': -4, 'surround': -15.0, 'type': 'c-4', 'surr_type': 'negs', 'orient_opacity': 100, 'noise_opacity': 0, 'isi': 0.75, 'thisN': 314, 'thisTrialN': 314, 'thisRepN': 0}>
644.6541 	DATA 	Keypress: period
644.6596 	INFO 	Keyboard events cleared
644.6591 	EXP 	noise_3: autoDraw = False
644.6591 	EXP 	surround_grating: autoDraw = False
644.6591 	EXP 	center_grating: autoDraw = False
644.6591 	EXP 	text_2: autoDraw = False
644.6591 	EXP 	surround_grating: ori = -15.0
644.6591 	EXP 	surround_grating: sf = array([2.5, 2.5])
644.6591 	EXP 	surround_grating: phase = array([0.25962082, 0.25962082])
644.6591 	EXP 	center_grating: ori = -4.0
644.6591 	EXP 	center_grating: sf = array([2.5, 2.5])
644.6591 	EXP 	center_grating: phase = array([0.25371065, 0.25371065])
645.3993 	EXP 	noise_3: autoDraw = True
645.3993 	EXP 	surround_grating: autoDraw = True
645.3993 	EXP 	center_grating: autoDraw = True
645.4732 	EXP 	noise_3: autoDraw = False
645.4732 	EXP 	surround_grating: autoDraw = False
645.4732 	EXP 	center_grating: autoDraw = False
645.8333 	EXP 	New trial (rep=0, index=315): <Trial 315 (315 in rep 0) data={'center': -2, 'surround': 0.0, 'type': 'c-2', 'surr_type': 'noss', 'orient_opacity': 0, 'noise_opacity': 100, 'isi': 0.75, 'thisN': 315, 'thisTrialN': 315, 'thisRepN': 0}>
645.8388 	DATA 	Keypress: period
645.8441 	INFO 	Keyboard events cleared
645.8435 	EXP 	noise_3: autoDraw = False
645.8435 	EXP 	surround_grating: autoDraw = False
645.8435 	EXP 	center_grating: autoDraw = False
645.8435 	EXP 	text_2: autoDraw = False
645.8435 	EXP 	surround_grating: ori = 0.0
645.8435 	EXP 	surround_grating: sf = array([2.5, 2.5])
645.8435 	EXP 	surround_grating: phase = array([0.78561684, 0.78561684])
645.8435 	EXP 	center_grating: ori = -2.0
645.8435 	EXP 	center_grating: sf = array([2.5, 2.5])
645.8435 	EXP 	center_grating: phase = array([0.82993227, 0.82993227])
646.5828 	EXP 	noise_3: autoDraw = True
646.5828 	EXP 	surround_grating: autoDraw = True
646.5828 	EXP 	center_grating: autoDraw = True
646.6565 	EXP 	noise_3: autoDraw = False
646.6565 	EXP 	surround_grating: autoDraw = False
646.6565 	EXP 	center_grating: autoDraw = False
646.9594 	EXP 	New trial (rep=0, index=316): <Trial 316 (316 in rep 0) data={'center': 2, 'surround': 0.0, 'type': 'c+2', 'surr_type': 'noss', 'orient_opacity': 0, 'noise_opacity': 100, 'isi': 1.0, 'thisN': 316, 'thisTrialN': 316, 'thisRepN': 0}>
646.9652 	DATA 	Keypress: period
646.9715 	INFO 	Keyboard events cleared
646.9710 	EXP 	noise_3: autoDraw = False
646.9710 	EXP 	surround_grating: autoDraw = False
646.9710 	EXP 	center_grating: autoDraw = False
646.9710 	EXP 	text_2: autoDraw = False
646.9710 	EXP 	surround_grating: ori = 0.0
646.9710 	EXP 	surround_grating: sf = array([2.5, 2.5])
646.9710 	EXP 	surround_grating: phase = array([0.61258229, 0.61258229])
646.9710 	EXP 	center_grating: ori = 2.0
646.9710 	EXP 	center_grating: sf = array([2.5, 2.5])
646.9710 	EXP 	center_grating: phase = array([0.38586197, 0.38586197])
647.9562 	EXP 	noise_3: autoDraw = True
647.9562 	EXP 	surround_grating: autoDraw = True
647.9562 	EXP 	center_grating: autoDraw = True
648.0281 	EXP 	noise_3: autoDraw = False
648.0281 	EXP 	surround_grating: autoDraw = False
648.0281 	EXP 	center_grating: autoDraw = False
648.5924 	EXP 	New trial (rep=0, index=317): <Trial 317 (317 in rep 0) data={'center': 8, 'surround': 15.0, 'type': 'c+8', 'surr_type': 'poss', 'orient_opacity': 100, 'noise_opacity': 0, 'isi': 0.5, 'thisN': 317, 'thisTrialN': 317, 'thisRepN': 0}>
648.5980 	DATA 	Keypress: period
648.6040 	INFO 	Keyboard events cleared
648.6035 	EXP 	noise_3: autoDraw = False
648.6035 	EXP 	surround_grating: autoDraw = False
648.6035 	EXP 	center_grating: autoDraw = False
648.6035 	EXP 	text_2: autoDraw = False
648.6035 	EXP 	surround_grating: ori = 15.0
648.6035 	EXP 	surround_grating: sf = array([2.5, 2.5])
648.6035 	EXP 	surround_grating: phase = array([0.94738369, 0.94738369])
648.6035 	EXP 	center_grating: ori = 8.0
648.6035 	EXP 	center_grating: sf = array([2.5, 2.5])
648.6035 	EXP 	center_grating: phase = array([0.64923259, 0.64923259])
649.0891 	EXP 	noise_3: autoDraw = True
649.0891 	EXP 	surround_grating: autoDraw = True
649.0891 	EXP 	center_grating: autoDraw = True
649.1628 	EXP 	noise_3: autoDraw = False
649.1628 	EXP 	surround_grating: autoDraw = False
649.1628 	EXP 	center_grating: autoDraw = False
649.7118 	DATA 	Keypress: period
649.7188 	EXP 	New trial (rep=0, index=318): <Trial 318 (318 in rep 0) data={'center': 2, 'surround': 15.0, 'type': 'c+2', 'surr_type': 'poss', 'orient_opacity': 100, 'noise_opacity': 0, 'isi': 0.75, 'thisN': 318, 'thisTrialN': 318, 'thisRepN': 0}>
649.7262 	INFO 	Keyboard events cleared
649.7258 	EXP 	noise_3: autoDraw = False
649.7258 	EXP 	surround_grating: autoDraw = False
649.7258 	EXP 	center_grating: autoDraw = False
649.7258 	EXP 	text_2: autoDraw = False
649.7258 	EXP 	surround_grating: ori = 15.0
649.7258 	EXP 	surround_grating: sf = array([2.5, 2.5])
649.7258 	EXP 	surround_grating: phase = array([0.16006291, 0.16006291])
649.7258 	EXP 	center_grating: ori = 2.0
649.7258 	EXP 	center_grating: sf = array([2.5, 2.5])
649.7258 	EXP 	center_grating: phase = array([0.47909472, 0.47909472])
650.4654 	EXP 	noise_3: autoDraw = True
650.4654 	EXP 	surround_grating: autoDraw = True
650.4654 	EXP 	center_grating: autoDraw = True
650.5401 	EXP 	noise_3: autoDraw = False
650.5401 	EXP 	surround_grating: autoDraw = False
650.5401 	EXP 	center_grating: autoDraw = False
650.9100 	EXP 	New trial (rep=0, index=319): <Trial 319 (319 in rep 0) data={'center': 0, 'surround': 15.0, 'type': 'c+0', 'surr_type': 'poss', 'orient_opacity': 100, 'noise_opacity': 0, 'isi': 0.5, 'thisN': 319, 'thisTrialN': 319, 'thisRepN': 0}>
650.9153 	DATA 	Keypress: z
650.9212 	INFO 	Keyboard events cleared
650.9207 	EXP 	noise_3: autoDraw = False
650.9207 	EXP 	surround_grating: autoDraw = False
650.9207 	EXP 	center_grating: autoDraw = False
650.9207 	EXP 	text_2: autoDraw = False
650.9207 	EXP 	surround_grating: ori = 15.0
650.9207 	EXP 	surround_grating: sf = array([2.5, 2.5])
650.9207 	EXP 	surround_grating: phase = array([0.35613425, 0.35613425])
650.9207 	EXP 	center_grating: ori = 0.0
650.9207 	EXP 	center_grating: sf = array([2.5, 2.5])
650.9207 	EXP 	center_grating: phase = array([0.43442453, 0.43442453])
651.4063 	EXP 	noise_3: autoDraw = True
651.4063 	EXP 	surround_grating: autoDraw = True
651.4063 	EXP 	center_grating: autoDraw = True
651.4787 	EXP 	noise_3: autoDraw = False
651.4787 	EXP 	surround_grating: autoDraw = False
651.4787 	EXP 	center_grating: autoDraw = False
651.8594 	EXP 	New trial (rep=0, index=320): <Trial 320 (320 in rep 0) data={'center': -2, 'surround': -15.0, 'type': 'c-2', 'surr_type': 'negs', 'orient_opacity': 100, 'noise_opacity': 0, 'isi': 1.25, 'thisN': 320, 'thisTrialN': 320, 'thisRepN': 0}>
651.8649 	DATA 	Keypress: z
651.8708 	INFO 	Keyboard events cleared
651.8703 	EXP 	noise_3: autoDraw = False
651.8703 	EXP 	surround_grating: autoDraw = False
651.8703 	EXP 	center_grating: autoDraw = False
651.8703 	EXP 	text_2: autoDraw = False
651.8703 	EXP 	surround_grating: ori = -15.0
651.8703 	EXP 	surround_grating: sf = array([2.5, 2.5])
651.8703 	EXP 	surround_grating: phase = array([0.8057095, 0.8057095])
651.8703 	EXP 	center_grating: ori = -2.0
651.8703 	EXP 	center_grating: sf = array([2.5, 2.5])
651.8703 	EXP 	center_grating: phase = array([0.21455118, 0.21455118])
653.1063 	EXP 	noise_3: autoDraw = True
653.1063 	EXP 	surround_grating: autoDraw = True
653.1063 	EXP 	center_grating: autoDraw = True
653.1787 	EXP 	noise_3: autoDraw = False
653.1787 	EXP 	surround_grating: autoDraw = False
653.1787 	EXP 	center_grating: autoDraw = False
653.7420 	EXP 	New trial (rep=0, index=321): <Trial 321 (321 in rep 0) data={'center': 2, 'surround': -15.0, 'type': 'c+2', 'surr_type': 'negs', 'orient_opacity': 100, 'noise_opacity': 0, 'isi': 1.0, 'thisN': 321, 'thisTrialN': 321, 'thisRepN': 0}>
653.7470 	DATA 	Keypress: period
653.7532 	INFO 	Keyboard events cleared
653.7526 	EXP 	noise_3: autoDraw = False
653.7526 	EXP 	surround_grating: autoDraw = False
653.7526 	EXP 	center_grating: autoDraw = False
653.7526 	EXP 	text_2: autoDraw = False
653.7526 	EXP 	surround_grating: ori = -15.0
653.7526 	EXP 	surround_grating: sf = array([2.5, 2.5])
653.7526 	EXP 	surround_grating: phase = array([0.5966983, 0.5966983])
653.7526 	EXP 	center_grating: ori = 2.0
653.7526 	EXP 	center_grating: sf = array([2.5, 2.5])
653.7526 	EXP 	center_grating: phase = array([0.81097786, 0.81097786])
654.7397 	EXP 	noise_3: autoDraw = True
654.7397 	EXP 	surround_grating: autoDraw = True
654.7397 	EXP 	center_grating: autoDraw = True
654.8118 	EXP 	noise_3: autoDraw = False
654.8118 	EXP 	surround_grating: autoDraw = False
654.8118 	EXP 	center_grating: autoDraw = False
655.1926 	EXP 	New trial (rep=0, index=322): <Trial 322 (322 in rep 0) data={'center': 0, 'surround': 0.0, 'type': 'c+0', 'surr_type': 'noss', 'orient_opacity': 0, 'noise_opacity': 100, 'isi': 0.75, 'thisN': 322, 'thisTrialN': 322, 'thisRepN': 0}>
655.1982 	DATA 	Keypress: period
655.2042 	INFO 	Keyboard events cleared
655.2037 	EXP 	noise_3: autoDraw = False
655.2037 	EXP 	surround_grating: autoDraw = False
655.2037 	EXP 	center_grating: autoDraw = False
655.2037 	EXP 	text_2: autoDraw = False
655.2037 	EXP 	surround_grating: ori = 0.0
655.2037 	EXP 	surround_grating: sf = array([2.5, 2.5])
655.2037 	EXP 	surround_grating: phase = array([0.17001484, 0.17001484])
655.2037 	EXP 	center_grating: ori = 0.0
655.2037 	EXP 	center_grating: sf = array([2.5, 2.5])
655.2037 	EXP 	center_grating: phase = array([0.27623771, 0.27623771])
655.9398 	EXP 	noise_3: autoDraw = True
655.9398 	EXP 	surround_grating: autoDraw = True
655.9398 	EXP 	center_grating: autoDraw = True
656.0131 	EXP 	noise_3: autoDraw = False
656.0131 	EXP 	surround_grating: autoDraw = False
656.0131 	EXP 	center_grating: autoDraw = False
656.5497 	EXP 	New trial (rep=0, index=323): <Trial 323 (323 in rep 0) data={'center': 0, 'surround': 0.0, 'type': 'c+0', 'surr_type': 'noss', 'orient_opacity': 0, 'noise_opacity': 100, 'isi': 1.25, 'thisN': 323, 'thisTrialN': 323, 'thisRepN': 0}>
656.5548 	DATA 	Keypress: z
656.5604 	INFO 	Keyboard events cleared
656.5598 	EXP 	noise_3: autoDraw = False
656.5598 	EXP 	surround_grating: autoDraw = False
656.5598 	EXP 	center_grating: autoDraw = False
656.5598 	EXP 	text_2: autoDraw = False
656.5598 	EXP 	surround_grating: ori = 0.0
656.5598 	EXP 	surround_grating: sf = array([2.5, 2.5])
656.5598 	EXP 	surround_grating: phase = array([0.78430976, 0.78430976])
656.5598 	EXP 	center_grating: ori = 0.0
656.5598 	EXP 	center_grating: sf = array([2.5, 2.5])
656.5598 	EXP 	center_grating: phase = array([0.2678673, 0.2678673])
657.7995 	EXP 	noise_3: autoDraw = True
657.7995 	EXP 	surround_grating: autoDraw = True
657.7995 	EXP 	center_grating: autoDraw = True
657.8738 	EXP 	noise_3: autoDraw = False
657.8738 	EXP 	surround_grating: autoDraw = False
657.8738 	EXP 	center_grating: autoDraw = False
658.4159 	EXP 	New trial (rep=0, index=324): <Trial 324 (324 in rep 0) data={'center': -4, 'surround': -15.0, 'type': 'c-4', 'surr_type': 'negs', 'orient_opacity': 100, 'noise_opacity': 0, 'isi': 1.25, 'thisN': 324, 'thisTrialN': 324, 'thisRepN': 0}>
658.4212 	DATA 	Keypress: period
658.4268 	INFO 	Keyboard events cleared
658.4262 	EXP 	noise_3: autoDraw = False
658.4262 	EXP 	surround_grating: autoDraw = False
658.4262 	EXP 	center_grating: autoDraw = False
658.4262 	EXP 	text_2: autoDraw = False
658.4262 	EXP 	surround_grating: ori = -15.0
658.4262 	EXP 	surround_grating: sf = array([2.5, 2.5])
658.4262 	EXP 	surround_grating: phase = array([0.93018845, 0.93018845])
658.4262 	EXP 	center_grating: ori = -4.0
658.4262 	EXP 	center_grating: sf = array([2.5, 2.5])
658.4262 	EXP 	center_grating: phase = array([0.33223816, 0.33223816])
659.6657 	EXP 	noise_3: autoDraw = True
659.6657 	EXP 	surround_grating: autoDraw = True
659.6657 	EXP 	center_grating: autoDraw = True
659.7403 	EXP 	noise_3: autoDraw = False
659.7403 	EXP 	surround_grating: autoDraw = False
659.7403 	EXP 	center_grating: autoDraw = False
660.2638 	DATA 	Keypress: period
660.2705 	EXP 	New trial (rep=0, index=325): <Trial 325 (325 in rep 0) data={'center': 0, 'surround': -15.0, 'type': 'c+0', 'surr_type': 'negs', 'orient_opacity': 100, 'noise_opacity': 0, 'isi': 0.5, 'thisN': 325, 'thisTrialN': 325, 'thisRepN': 0}>
660.2773 	INFO 	Keyboard events cleared
660.2769 	EXP 	noise_3: autoDraw = False
660.2769 	EXP 	surround_grating: autoDraw = False
660.2769 	EXP 	center_grating: autoDraw = False
660.2769 	EXP 	text_2: autoDraw = False
660.2769 	EXP 	surround_grating: ori = -15.0
660.2769 	EXP 	surround_grating: sf = array([2.5, 2.5])
660.2769 	EXP 	surround_grating: phase = array([0.15485058, 0.15485058])
660.2769 	EXP 	center_grating: ori = 0.0
660.2769 	EXP 	center_grating: sf = array([2.5, 2.5])
660.2769 	EXP 	center_grating: phase = array([0.51942134, 0.51942134])
660.7660 	EXP 	noise_3: autoDraw = True
660.7660 	EXP 	surround_grating: autoDraw = True
660.7660 	EXP 	center_grating: autoDraw = True
660.8404 	EXP 	noise_3: autoDraw = False
660.8404 	EXP 	surround_grating: autoDraw = False
660.8404 	EXP 	center_grating: autoDraw = False
661.3769 	EXP 	New trial (rep=0, index=326): <Trial 326 (326 in rep 0) data={'center': -2, 'surround': 15.0, 'type': 'c-2', 'surr_type': 'poss', 'orient_opacity': 100, 'noise_opacity': 0, 'isi': 1.0, 'thisN': 326, 'thisTrialN': 326, 'thisRepN': 0}>
661.3818 	DATA 	Keypress: period
661.3877 	INFO 	Keyboard events cleared
661.3872 	EXP 	noise_3: autoDraw = False
661.3872 	EXP 	surround_grating: autoDraw = False
661.3872 	EXP 	center_grating: autoDraw = False
661.3872 	EXP 	text_2: autoDraw = False
661.3872 	EXP 	surround_grating: ori = 15.0
661.3872 	EXP 	surround_grating: sf = array([2.5, 2.5])
661.3872 	EXP 	surround_grating: phase = array([0.98730817, 0.98730817])
661.3872 	EXP 	center_grating: ori = -2.0
661.3872 	EXP 	center_grating: sf = array([2.5, 2.5])
661.3872 	EXP 	center_grating: phase = array([0.00789636, 0.00789636])
662.3738 	EXP 	noise_3: autoDraw = True
662.3738 	EXP 	surround_grating: autoDraw = True
662.3738 	EXP 	center_grating: autoDraw = True
662.4459 	EXP 	noise_3: autoDraw = False
662.4459 	EXP 	surround_grating: autoDraw = False
662.4459 	EXP 	center_grating: autoDraw = False
663.2506 	DATA 	Keypress: period
663.2577 	EXP 	New trial (rep=0, index=327): <Trial 327 (327 in rep 0) data={'center': 0, 'surround': 0.0, 'type': 'c+0', 'surr_type': 'noss', 'orient_opacity': 0, 'noise_opacity': 100, 'isi': 1.0, 'thisN': 327, 'thisTrialN': 327, 'thisRepN': 0}>
663.2652 	INFO 	Keyboard events cleared
663.2647 	EXP 	noise_3: autoDraw = False
663.2647 	EXP 	surround_grating: autoDraw = False
663.2647 	EXP 	center_grating: autoDraw = False
663.2647 	EXP 	text_2: autoDraw = False
663.2647 	EXP 	surround_grating: ori = 0.0
663.2647 	EXP 	surround_grating: sf = array([2.5, 2.5])
663.2647 	EXP 	surround_grating: phase = array([0.79341188, 0.79341188])
663.2647 	EXP 	center_grating: ori = 0.0
663.2647 	EXP 	center_grating: sf = array([2.5, 2.5])
663.2647 	EXP 	center_grating: phase = array([0.69942177, 0.69942177])
664.2497 	EXP 	noise_3: autoDraw = True
664.2497 	EXP 	surround_grating: autoDraw = True
664.2497 	EXP 	center_grating: autoDraw = True
664.3241 	EXP 	noise_3: autoDraw = False
664.3241 	EXP 	surround_grating: autoDraw = False
664.3241 	EXP 	center_grating: autoDraw = False
664.9662 	EXP 	New trial (rep=0, index=328): <Trial 328 (328 in rep 0) data={'center': 4, 'surround': 0.0, 'type': 'c+4', 'surr_type': 'noss', 'orient_opacity': 0, 'noise_opacity': 100, 'isi': 1.25, 'thisN': 328, 'thisTrialN': 328, 'thisRepN': 0}>
664.9713 	DATA 	Keypress: period
664.9770 	INFO 	Keyboard events cleared
664.9765 	EXP 	noise_3: autoDraw = False
664.9765 	EXP 	surround_grating: autoDraw = False
664.9765 	EXP 	center_grating: autoDraw = False
664.9765 	EXP 	text_2: autoDraw = False
664.9765 	EXP 	surround_grating: ori = 0.0
664.9765 	EXP 	surround_grating: sf = array([2.5, 2.5])
664.9765 	EXP 	surround_grating: phase = array([0.09317193, 0.09317193])
664.9765 	EXP 	center_grating: ori = 4.0
664.9765 	EXP 	center_grating: sf = array([2.5, 2.5])
664.9765 	EXP 	center_grating: phase = array([0.10540339, 0.10540339])
666.2157 	EXP 	noise_3: autoDraw = True
666.2157 	EXP 	surround_grating: autoDraw = True
666.2157 	EXP 	center_grating: autoDraw = True
666.2907 	EXP 	noise_3: autoDraw = False
666.2907 	EXP 	surround_grating: autoDraw = False
666.2907 	EXP 	center_grating: autoDraw = False
666.8269 	EXP 	New trial (rep=0, index=329): <Trial 329 (329 in rep 0) data={'center': 4, 'surround': 15.0, 'type': 'c+4', 'surr_type': 'poss', 'orient_opacity': 100, 'noise_opacity': 0, 'isi': 1.0, 'thisN': 329, 'thisTrialN': 329, 'thisRepN': 0}>
666.8321 	DATA 	Keypress: period
666.8380 	INFO 	Keyboard events cleared
666.8376 	EXP 	noise_3: autoDraw = False
666.8376 	EXP 	surround_grating: autoDraw = False
666.8376 	EXP 	center_grating: autoDraw = False
666.8376 	EXP 	text_2: autoDraw = False
666.8376 	EXP 	surround_grating: ori = 15.0
666.8376 	EXP 	surround_grating: sf = array([2.5, 2.5])
666.8376 	EXP 	surround_grating: phase = array([0.01718894, 0.01718894])
666.8376 	EXP 	center_grating: ori = 4.0
666.8376 	EXP 	center_grating: sf = array([2.5, 2.5])
666.8376 	EXP 	center_grating: phase = array([0.63272616, 0.63272616])
667.8234 	EXP 	noise_3: autoDraw = True
667.8234 	EXP 	surround_grating: autoDraw = True
667.8234 	EXP 	center_grating: autoDraw = True
667.8959 	EXP 	noise_3: autoDraw = False
667.8959 	EXP 	surround_grating: autoDraw = False
667.8959 	EXP 	center_grating: autoDraw = False
668.8147 	EXP 	New trial (rep=0, index=330): <Trial 330 (330 in rep 0) data={'center': 2, 'surround': 0.0, 'type': 'c+2', 'surr_type': 'noss', 'orient_opacity': 0, 'noise_opacity': 100, 'isi': 1.25, 'thisN': 330, 'thisTrialN': 330, 'thisRepN': 0}>
668.8198 	DATA 	Keypress: z
668.8261 	INFO 	Keyboard events cleared
668.8256 	EXP 	noise_3: autoDraw = False
668.8256 	EXP 	surround_grating: autoDraw = False
668.8256 	EXP 	center_grating: autoDraw = False
668.8256 	EXP 	text_2: autoDraw = False
668.8256 	EXP 	surround_grating: ori = 0.0
668.8256 	EXP 	surround_grating: sf = array([2.5, 2.5])
668.8256 	EXP 	surround_grating: phase = array([0.63176987, 0.63176987])
668.8256 	EXP 	center_grating: ori = 2.0
668.8256 	EXP 	center_grating: sf = array([2.5, 2.5])
668.8256 	EXP 	center_grating: phase = array([0.09002238, 0.09002238])
670.0559 	EXP 	noise_3: autoDraw = True
670.0559 	EXP 	surround_grating: autoDraw = True
670.0559 	EXP 	center_grating: autoDraw = True
670.1290 	EXP 	noise_3: autoDraw = False
670.1290 	EXP 	surround_grating: autoDraw = False
670.1290 	EXP 	center_grating: autoDraw = False
670.6647 	EXP 	New trial (rep=0, index=331): <Trial 331 (331 in rep 0) data={'center': -8, 'surround': -15.0, 'type': 'c-8', 'surr_type': 'negs', 'orient_opacity': 100, 'noise_opacity': 0, 'isi': 1.0, 'thisN': 331, 'thisTrialN': 331, 'thisRepN': 0}>
670.6667 	DATA 	Keypress: period
670.6736 	INFO 	Keyboard events cleared
670.6734 	EXP 	noise_3: autoDraw = False
670.6734 	EXP 	surround_grating: autoDraw = False
670.6734 	EXP 	center_grating: autoDraw = False
670.6734 	EXP 	text_2: autoDraw = False
670.6734 	EXP 	surround_grating: ori = -15.0
670.6734 	EXP 	surround_grating: sf = array([2.5, 2.5])
670.6734 	EXP 	surround_grating: phase = array([0.98405169, 0.98405169])
670.6734 	EXP 	center_grating: ori = -8.0
670.6734 	EXP 	center_grating: sf = array([2.5, 2.5])
670.6734 	EXP 	center_grating: phase = array([0.51064334, 0.51064334])
671.6670 	EXP 	noise_3: autoDraw = True
671.6670 	EXP 	surround_grating: autoDraw = True
671.6670 	EXP 	center_grating: autoDraw = True
671.7407 	EXP 	noise_3: autoDraw = False
671.7407 	EXP 	surround_grating: autoDraw = False
671.7407 	EXP 	center_grating: autoDraw = False
672.4608 	EXP 	New trial (rep=0, index=332): <Trial 332 (332 in rep 0) data={'center': 2, 'surround': 15.0, 'type': 'c+2', 'surr_type': 'poss', 'orient_opacity': 100, 'noise_opacity': 0, 'isi': 1.25, 'thisN': 332, 'thisTrialN': 332, 'thisRepN': 0}>
672.4669 	DATA 	Keypress: z
672.4734 	INFO 	Keyboard events cleared
672.4728 	EXP 	noise_3: autoDraw = False
672.4728 	EXP 	surround_grating: autoDraw = False
672.4728 	EXP 	center_grating: autoDraw = False
672.4728 	EXP 	text_2: autoDraw = False
672.4728 	EXP 	surround_grating: ori = 15.0
672.4728 	EXP 	surround_grating: sf = array([2.5, 2.5])
672.4728 	EXP 	surround_grating: phase = array([0.02837763, 0.02837763])
672.4728 	EXP 	center_grating: ori = 2.0
672.4728 	EXP 	center_grating: sf = array([2.5, 2.5])
672.4728 	EXP 	center_grating: phase = array([0.69423866, 0.69423866])
673.7072 	EXP 	noise_3: autoDraw = True
673.7072 	EXP 	surround_grating: autoDraw = True
673.7072 	EXP 	center_grating: autoDraw = True
673.7800 	EXP 	noise_3: autoDraw = False
673.7800 	EXP 	surround_grating: autoDraw = False
673.7800 	EXP 	center_grating: autoDraw = False
674.3820 	EXP 	New trial (rep=0, index=333): <Trial 333 (333 in rep 0) data={'center': 6, 'surround': 15.0, 'type': 'c+6', 'surr_type': 'poss', 'orient_opacity': 100, 'noise_opacity': 0, 'isi': 1.0, 'thisN': 333, 'thisTrialN': 333, 'thisRepN': 0}>
674.3869 	DATA 	Keypress: period
674.3932 	INFO 	Keyboard events cleared
674.3927 	EXP 	noise_3: autoDraw = False
674.3927 	EXP 	surround_grating: autoDraw = False
674.3927 	EXP 	center_grating: autoDraw = False
674.3927 	EXP 	text_2: autoDraw = False
674.3927 	EXP 	surround_grating: ori = 15.0
674.3927 	EXP 	surround_grating: sf = array([2.5, 2.5])
674.3927 	EXP 	surround_grating: phase = array([0.31877292, 0.31877292])
674.3927 	EXP 	center_grating: ori = 6.0
674.3927 	EXP 	center_grating: sf = array([2.5, 2.5])
674.3927 	EXP 	center_grating: phase = array([0.88637731, 0.88637731])
675.3828 	EXP 	noise_3: autoDraw = True
675.3828 	EXP 	surround_grating: autoDraw = True
675.3828 	EXP 	center_grating: autoDraw = True
675.4577 	EXP 	noise_3: autoDraw = False
675.4577 	EXP 	surround_grating: autoDraw = False
675.4577 	EXP 	center_grating: autoDraw = False
675.8441 	EXP 	New trial (rep=0, index=334): <Trial 334 (334 in rep 0) data={'center': -4, 'surround': -15.0, 'type': 'c-4', 'surr_type': 'negs', 'orient_opacity': 100, 'noise_opacity': 0, 'isi': 1.25, 'thisN': 334, 'thisTrialN': 334, 'thisRepN': 0}>
675.8495 	DATA 	Keypress: period
675.8555 	INFO 	Keyboard events cleared
675.8550 	EXP 	noise_3: autoDraw = False
675.8550 	EXP 	surround_grating: autoDraw = False
675.8550 	EXP 	center_grating: autoDraw = False
675.8550 	EXP 	text_2: autoDraw = False
675.8550 	EXP 	surround_grating: ori = -15.0
675.8550 	EXP 	surround_grating: sf = array([2.5, 2.5])
675.8550 	EXP 	surround_grating: phase = array([0.83904781, 0.83904781])
675.8550 	EXP 	center_grating: ori = -4.0
675.8550 	EXP 	center_grating: sf = array([2.5, 2.5])
675.8550 	EXP 	center_grating: phase = array([0.35813254, 0.35813254])
677.0901 	EXP 	noise_3: autoDraw = True
677.0901 	EXP 	surround_grating: autoDraw = True
677.0901 	EXP 	center_grating: autoDraw = True
677.1628 	EXP 	noise_3: autoDraw = False
677.1628 	EXP 	surround_grating: autoDraw = False
677.1628 	EXP 	center_grating: autoDraw = False
677.9438 	EXP 	New trial (rep=0, index=335): <Trial 335 (335 in rep 0) data={'center': -2, 'surround': 15.0, 'type': 'c-2', 'surr_type': 'poss', 'orient_opacity': 100, 'noise_opacity': 0, 'isi': 0.5, 'thisN': 335, 'thisTrialN': 335, 'thisRepN': 0}>
677.9498 	DATA 	Keypress: period
677.9559 	INFO 	Keyboard events cleared
677.9554 	EXP 	noise_3: autoDraw = False
677.9554 	EXP 	surround_grating: autoDraw = False
677.9554 	EXP 	center_grating: autoDraw = False
677.9554 	EXP 	text_2: autoDraw = False
677.9554 	EXP 	surround_grating: ori = 15.0
677.9554 	EXP 	surround_grating: sf = array([2.5, 2.5])
677.9554 	EXP 	surround_grating: phase = array([0.61806451, 0.61806451])
677.9554 	EXP 	center_grating: ori = -2.0
677.9554 	EXP 	center_grating: sf = array([2.5, 2.5])
677.9554 	EXP 	center_grating: phase = array([0.18217223, 0.18217223])
678.4406 	EXP 	noise_3: autoDraw = True
678.4406 	EXP 	surround_grating: autoDraw = True
678.4406 	EXP 	center_grating: autoDraw = True
678.5246 	EXP 	noise_3: autoDraw = False
678.5246 	EXP 	surround_grating: autoDraw = False
678.5246 	EXP 	center_grating: autoDraw = False
679.0613 	EXP 	New trial (rep=0, index=336): <Trial 336 (336 in rep 0) data={'center': -8, 'surround': -15.0, 'type': 'c-8', 'surr_type': 'negs', 'orient_opacity': 100, 'noise_opacity': 0, 'isi': 1.0, 'thisN': 336, 'thisTrialN': 336, 'thisRepN': 0}>
679.0666 	DATA 	Keypress: z
679.0726 	INFO 	Keyboard events cleared
679.0721 	EXP 	noise_3: autoDraw = False
679.0721 	EXP 	surround_grating: autoDraw = False
679.0721 	EXP 	center_grating: autoDraw = False
679.0721 	EXP 	text_2: autoDraw = False
679.0721 	EXP 	surround_grating: ori = -15.0
679.0721 	EXP 	surround_grating: sf = array([2.5, 2.5])
679.0721 	EXP 	surround_grating: phase = array([0.9417076, 0.9417076])
679.0721 	EXP 	center_grating: ori = -8.0
679.0721 	EXP 	center_grating: sf = array([2.5, 2.5])
679.0721 	EXP 	center_grating: phase = array([0.73706945, 0.73706945])
680.0573 	EXP 	noise_3: autoDraw = True
680.0573 	EXP 	surround_grating: autoDraw = True
680.0573 	EXP 	center_grating: autoDraw = True
680.1292 	EXP 	noise_3: autoDraw = False
680.1292 	EXP 	surround_grating: autoDraw = False
680.1292 	EXP 	center_grating: autoDraw = False
680.9769 	EXP 	New trial (rep=0, index=337): <Trial 337 (337 in rep 0) data={'center': 2, 'surround': 0.0, 'type': 'c+2', 'surr_type': 'noss', 'orient_opacity': 0, 'noise_opacity': 100, 'isi': 0.5, 'thisN': 337, 'thisTrialN': 337, 'thisRepN': 0}>
680.9820 	DATA 	Keypress: z
680.9883 	INFO 	Keyboard events cleared
680.9878 	EXP 	noise_3: autoDraw = False
680.9878 	EXP 	surround_grating: autoDraw = False
680.9878 	EXP 	center_grating: autoDraw = False
680.9878 	EXP 	text_2: autoDraw = False
680.9878 	EXP 	surround_grating: ori = 0.0
680.9878 	EXP 	surround_grating: sf = array([2.5, 2.5])
680.9878 	EXP 	surround_grating: phase = array([0.33351382, 0.33351382])
680.9878 	EXP 	center_grating: ori = 2.0
680.9878 	EXP 	center_grating: sf = array([2.5, 2.5])
680.9878 	EXP 	center_grating: phase = array([0.28269173, 0.28269173])
681.4740 	EXP 	noise_3: autoDraw = True
681.4740 	EXP 	surround_grating: autoDraw = True
681.4740 	EXP 	center_grating: autoDraw = True
681.5460 	EXP 	noise_3: autoDraw = False
681.5460 	EXP 	surround_grating: autoDraw = False
681.5460 	EXP 	center_grating: autoDraw = False
682.0273 	EXP 	New trial (rep=0, index=338): <Trial 338 (338 in rep 0) data={'center': -2, 'surround': 0.0, 'type': 'c-2', 'surr_type': 'noss', 'orient_opacity': 0, 'noise_opacity': 100, 'isi': 1.0, 'thisN': 338, 'thisTrialN': 338, 'thisRepN': 0}>
682.0328 	DATA 	Keypress: period
682.0388 	INFO 	Keyboard events cleared
682.0382 	EXP 	noise_3: autoDraw = False
682.0382 	EXP 	surround_grating: autoDraw = False
682.0382 	EXP 	center_grating: autoDraw = False
682.0382 	EXP 	text_2: autoDraw = False
682.0382 	EXP 	surround_grating: ori = 0.0
682.0382 	EXP 	surround_grating: sf = array([2.5, 2.5])
682.0382 	EXP 	surround_grating: phase = array([0.83794479, 0.83794479])
682.0382 	EXP 	center_grating: ori = -2.0
682.0382 	EXP 	center_grating: sf = array([2.5, 2.5])
682.0382 	EXP 	center_grating: phase = array([0.96922401, 0.96922401])
683.0241 	EXP 	noise_3: autoDraw = True
683.0241 	EXP 	surround_grating: autoDraw = True
683.0241 	EXP 	center_grating: autoDraw = True
683.0960 	EXP 	noise_3: autoDraw = False
683.0960 	EXP 	surround_grating: autoDraw = False
683.0960 	EXP 	center_grating: autoDraw = False
683.5779 	EXP 	New trial (rep=0, index=339): <Trial 339 (339 in rep 0) data={'center': -2, 'surround': -15.0, 'type': 'c-2', 'surr_type': 'negs', 'orient_opacity': 100, 'noise_opacity': 0, 'isi': 0.75, 'thisN': 339, 'thisTrialN': 339, 'thisRepN': 0}>
683.5831 	DATA 	Keypress: z
683.5890 	INFO 	Keyboard events cleared
683.5886 	EXP 	noise_3: autoDraw = False
683.5886 	EXP 	surround_grating: autoDraw = False
683.5886 	EXP 	center_grating: autoDraw = False
683.5886 	EXP 	text_2: autoDraw = False
683.5886 	EXP 	surround_grating: ori = -15.0
683.5886 	EXP 	surround_grating: sf = array([2.5, 2.5])
683.5886 	EXP 	surround_grating: phase = array([0.88674154, 0.88674154])
683.5886 	EXP 	center_grating: ori = -2.0
683.5886 	EXP 	center_grating: sf = array([2.5, 2.5])
683.5886 	EXP 	center_grating: phase = array([0.14682766, 0.14682766])
684.3241 	EXP 	noise_3: autoDraw = True
684.3241 	EXP 	surround_grating: autoDraw = True
684.3241 	EXP 	center_grating: autoDraw = True
684.3960 	EXP 	noise_3: autoDraw = False
684.3960 	EXP 	surround_grating: autoDraw = False
684.3960 	EXP 	center_grating: autoDraw = False
684.8173 	EXP 	New trial (rep=0, index=340): <Trial 340 (340 in rep 0) data={'center': 2, 'surround': 0.0, 'type': 'c+2', 'surr_type': 'noss', 'orient_opacity': 0, 'noise_opacity': 100, 'isi': 0.5, 'thisN': 340, 'thisTrialN': 340, 'thisRepN': 0}>
684.8224 	DATA 	Keypress: period
684.8277 	INFO 	Keyboard events cleared
684.8272 	EXP 	noise_3: autoDraw = False
684.8272 	EXP 	surround_grating: autoDraw = False
684.8272 	EXP 	center_grating: autoDraw = False
684.8272 	EXP 	text_2: autoDraw = False
684.8272 	EXP 	surround_grating: ori = 0.0
684.8272 	EXP 	surround_grating: sf = array([2.5, 2.5])
684.8272 	EXP 	surround_grating: phase = array([0.98256286, 0.98256286])
684.8272 	EXP 	center_grating: ori = 2.0
684.8272 	EXP 	center_grating: sf = array([2.5, 2.5])
684.8272 	EXP 	center_grating: phase = array([0.67721049, 0.67721049])
685.3178 	EXP 	noise_3: autoDraw = True
685.3178 	EXP 	surround_grating: autoDraw = True
685.3178 	EXP 	center_grating: autoDraw = True
685.3914 	EXP 	noise_3: autoDraw = False
685.3914 	EXP 	surround_grating: autoDraw = False
685.3914 	EXP 	center_grating: autoDraw = False
685.8107 	EXP 	New trial (rep=0, index=341): <Trial 341 (341 in rep 0) data={'center': -8, 'surround': -15.0, 'type': 'c-8', 'surr_type': 'negs', 'orient_opacity': 100, 'noise_opacity': 0, 'isi': 1.0, 'thisN': 341, 'thisTrialN': 341, 'thisRepN': 0}>
685.8158 	DATA 	Keypress: period
685.8220 	INFO 	Keyboard events cleared
685.8214 	EXP 	noise_3: autoDraw = False
685.8214 	EXP 	surround_grating: autoDraw = False
685.8214 	EXP 	center_grating: autoDraw = False
685.8214 	EXP 	text_2: autoDraw = False
685.8214 	EXP 	surround_grating: ori = -15.0
685.8214 	EXP 	surround_grating: sf = array([2.5, 2.5])
685.8214 	EXP 	surround_grating: phase = array([0.6751264, 0.6751264])
685.8214 	EXP 	center_grating: ori = -8.0
685.8214 	EXP 	center_grating: sf = array([2.5, 2.5])
685.8214 	EXP 	center_grating: phase = array([0.20557085, 0.20557085])
686.8065 	EXP 	noise_3: autoDraw = True
686.8065 	EXP 	surround_grating: autoDraw = True
686.8065 	EXP 	center_grating: autoDraw = True
686.8793 	EXP 	noise_3: autoDraw = False
686.8793 	EXP 	surround_grating: autoDraw = False
686.8793 	EXP 	center_grating: autoDraw = False
687.2775 	EXP 	New trial (rep=0, index=342): <Trial 342 (342 in rep 0) data={'center': -2, 'surround': -15.0, 'type': 'c-2', 'surr_type': 'negs', 'orient_opacity': 100, 'noise_opacity': 0, 'isi': 0.5, 'thisN': 342, 'thisTrialN': 342, 'thisRepN': 0}>
687.2831 	DATA 	Keypress: z
687.2890 	INFO 	Keyboard events cleared
687.2886 	EXP 	noise_3: autoDraw = False
687.2886 	EXP 	surround_grating: autoDraw = False
687.2886 	EXP 	center_grating: autoDraw = False
687.2886 	EXP 	text_2: autoDraw = False
687.2886 	EXP 	surround_grating: ori = -15.0
687.2886 	EXP 	surround_grating: sf = array([2.5, 2.5])
687.2886 	EXP 	surround_grating: phase = array([0.34865442, 0.34865442])
687.2886 	EXP 	center_grating: ori = -2.0
687.2886 	EXP 	center_grating: sf = array([2.5, 2.5])
687.2886 	EXP 	center_grating: phase = array([0.82483444, 0.82483444])
687.7743 	EXP 	noise_3: autoDraw = True
687.7743 	EXP 	surround_grating: autoDraw = True
687.7743 	EXP 	center_grating: autoDraw = True
687.8465 	EXP 	noise_3: autoDraw = False
687.8465 	EXP 	surround_grating: autoDraw = False
687.8465 	EXP 	center_grating: autoDraw = False
688.1775 	EXP 	New trial (rep=0, index=343): <Trial 343 (343 in rep 0) data={'center': 0, 'surround': 15.0, 'type': 'c+0', 'surr_type': 'poss', 'orient_opacity': 100, 'noise_opacity': 0, 'isi': 1.25, 'thisN': 343, 'thisTrialN': 343, 'thisRepN': 0}>
688.1825 	DATA 	Keypress: period
688.1883 	INFO 	Keyboard events cleared
688.1879 	EXP 	noise_3: autoDraw = False
688.1879 	EXP 	surround_grating: autoDraw = False
688.1879 	EXP 	center_grating: autoDraw = False
688.1879 	EXP 	text_2: autoDraw = False
688.1879 	EXP 	surround_grating: ori = 15.0
688.1879 	EXP 	surround_grating: sf = array([2.5, 2.5])
688.1879 	EXP 	surround_grating: phase = array([0.81830976, 0.81830976])
688.1879 	EXP 	center_grating: ori = 0.0
688.1879 	EXP 	center_grating: sf = array([2.5, 2.5])
688.1879 	EXP 	center_grating: phase = array([0.38409035, 0.38409035])
689.4244 	EXP 	noise_3: autoDraw = True
689.4244 	EXP 	surround_grating: autoDraw = True
689.4244 	EXP 	center_grating: autoDraw = True
689.4964 	EXP 	noise_3: autoDraw = False
689.4964 	EXP 	surround_grating: autoDraw = False
689.4964 	EXP 	center_grating: autoDraw = False
689.8941 	EXP 	New trial (rep=0, index=344): <Trial 344 (344 in rep 0) data={'center': 0, 'surround': 15.0, 'type': 'c+0', 'surr_type': 'poss', 'orient_opacity': 100, 'noise_opacity': 0, 'isi': 0.75, 'thisN': 344, 'thisTrialN': 344, 'thisRepN': 0}>
689.8993 	DATA 	Keypress: z
689.9054 	INFO 	Keyboard events cleared
689.9049 	EXP 	noise_3: autoDraw = False
689.9049 	EXP 	surround_grating: autoDraw = False
689.9049 	EXP 	center_grating: autoDraw = False
689.9049 	EXP 	text_2: autoDraw = False
689.9049 	EXP 	surround_grating: ori = 15.0
689.9049 	EXP 	surround_grating: sf = array([2.5, 2.5])
689.9049 	EXP 	surround_grating: phase = array([0.59101727, 0.59101727])
689.9049 	EXP 	center_grating: ori = 0.0
689.9049 	EXP 	center_grating: sf = array([2.5, 2.5])
689.9049 	EXP 	center_grating: phase = array([0.11219263, 0.11219263])
690.6410 	EXP 	noise_3: autoDraw = True
690.6410 	EXP 	surround_grating: autoDraw = True
690.6410 	EXP 	center_grating: autoDraw = True
690.7139 	EXP 	noise_3: autoDraw = False
690.7139 	EXP 	surround_grating: autoDraw = False
690.7139 	EXP 	center_grating: autoDraw = False
691.0604 	EXP 	New trial (rep=0, index=345): <Trial 345 (345 in rep 0) data={'center': 2, 'surround': -15.0, 'type': 'c+2', 'surr_type': 'negs', 'orient_opacity': 100, 'noise_opacity': 0, 'isi': 0.5, 'thisN': 345, 'thisTrialN': 345, 'thisRepN': 0}>
691.0654 	DATA 	Keypress: z
691.0751 	INFO 	Keyboard events cleared
691.0747 	EXP 	noise_3: autoDraw = False
691.0747 	EXP 	surround_grating: autoDraw = False
691.0747 	EXP 	center_grating: autoDraw = False
691.0747 	EXP 	text_2: autoDraw = False
691.0747 	EXP 	surround_grating: ori = -15.0
691.0747 	EXP 	surround_grating: sf = array([2.5, 2.5])
691.0747 	EXP 	surround_grating: phase = array([0.49509077, 0.49509077])
691.0747 	EXP 	center_grating: ori = 2.0
691.0747 	EXP 	center_grating: sf = array([2.5, 2.5])
691.0747 	EXP 	center_grating: phase = array([0.66171373, 0.66171373])
691.5578 	EXP 	noise_3: autoDraw = True
691.5578 	EXP 	surround_grating: autoDraw = True
691.5578 	EXP 	center_grating: autoDraw = True
691.6301 	EXP 	noise_3: autoDraw = False
691.6301 	EXP 	surround_grating: autoDraw = False
691.6301 	EXP 	center_grating: autoDraw = False
692.1498 	EXP 	New trial (rep=0, index=346): <Trial 346 (346 in rep 0) data={'center': 8, 'surround': 15.0, 'type': 'c+8', 'surr_type': 'poss', 'orient_opacity': 100, 'noise_opacity': 0, 'isi': 1.25, 'thisN': 346, 'thisTrialN': 346, 'thisRepN': 0}>
692.1549 	DATA 	Keypress: period
692.1613 	INFO 	Keyboard events cleared
692.1606 	EXP 	noise_3: autoDraw = False
692.1606 	EXP 	surround_grating: autoDraw = False
692.1606 	EXP 	center_grating: autoDraw = False
692.1606 	EXP 	text_2: autoDraw = False
692.1606 	EXP 	surround_grating: ori = 15.0
692.1606 	EXP 	surround_grating: sf = array([2.5, 2.5])
692.1606 	EXP 	surround_grating: phase = array([0.3348822, 0.3348822])
692.1606 	EXP 	center_grating: ori = 8.0
692.1606 	EXP 	center_grating: sf = array([2.5, 2.5])
692.1606 	EXP 	center_grating: phase = array([0.73195706, 0.73195706])
693.4010 	EXP 	noise_3: autoDraw = True
693.4010 	EXP 	surround_grating: autoDraw = True
693.4010 	EXP 	center_grating: autoDraw = True
693.4749 	EXP 	noise_3: autoDraw = False
693.4749 	EXP 	surround_grating: autoDraw = False
693.4749 	EXP 	center_grating: autoDraw = False
693.9616 	EXP 	New trial (rep=0, index=347): <Trial 347 (347 in rep 0) data={'center': 2, 'surround': -15.0, 'type': 'c+2', 'surr_type': 'negs', 'orient_opacity': 100, 'noise_opacity': 0, 'isi': 0.5, 'thisN': 347, 'thisTrialN': 347, 'thisRepN': 0}>
693.9673 	DATA 	Keypress: period
693.9733 	INFO 	Keyboard events cleared
693.9728 	EXP 	noise_3: autoDraw = False
693.9728 	EXP 	surround_grating: autoDraw = False
693.9728 	EXP 	center_grating: autoDraw = False
693.9728 	EXP 	text_2: autoDraw = False
693.9728 	EXP 	surround_grating: ori = -15.0
693.9728 	EXP 	surround_grating: sf = array([2.5, 2.5])
693.9728 	EXP 	surround_grating: phase = array([0.11316276, 0.11316276])
693.9728 	EXP 	center_grating: ori = 2.0
693.9728 	EXP 	center_grating: sf = array([2.5, 2.5])
693.9728 	EXP 	center_grating: phase = array([0.8016619, 0.8016619])
694.4578 	EXP 	noise_3: autoDraw = True
694.4578 	EXP 	surround_grating: autoDraw = True
694.4578 	EXP 	center_grating: autoDraw = True
694.5307 	EXP 	noise_3: autoDraw = False
694.5307 	EXP 	surround_grating: autoDraw = False
694.5307 	EXP 	center_grating: autoDraw = False
694.9610 	EXP 	New trial (rep=0, index=348): <Trial 348 (348 in rep 0) data={'center': 2, 'surround': 15.0, 'type': 'c+2', 'surr_type': 'poss', 'orient_opacity': 100, 'noise_opacity': 0, 'isi': 1.25, 'thisN': 348, 'thisTrialN': 348, 'thisRepN': 0}>
694.9667 	DATA 	Keypress: period
694.9729 	INFO 	Keyboard events cleared
694.9724 	EXP 	noise_3: autoDraw = False
694.9724 	EXP 	surround_grating: autoDraw = False
694.9724 	EXP 	center_grating: autoDraw = False
694.9724 	EXP 	text_2: autoDraw = False
694.9724 	EXP 	surround_grating: ori = 15.0
694.9724 	EXP 	surround_grating: sf = array([2.5, 2.5])
694.9724 	EXP 	surround_grating: phase = array([0.65363968, 0.65363968])
694.9724 	EXP 	center_grating: ori = 2.0
694.9724 	EXP 	center_grating: sf = array([2.5, 2.5])
694.9724 	EXP 	center_grating: phase = array([0.65462779, 0.65462779])
696.2079 	EXP 	noise_3: autoDraw = True
696.2079 	EXP 	surround_grating: autoDraw = True
696.2079 	EXP 	center_grating: autoDraw = True
696.2799 	EXP 	noise_3: autoDraw = False
696.2799 	EXP 	surround_grating: autoDraw = False
696.2799 	EXP 	center_grating: autoDraw = False
696.8990 	EXP 	New trial (rep=0, index=349): <Trial 349 (349 in rep 0) data={'center': 8, 'surround': 15.0, 'type': 'c+8', 'surr_type': 'poss', 'orient_opacity': 100, 'noise_opacity': 0, 'isi': 1.25, 'thisN': 349, 'thisTrialN': 349, 'thisRepN': 0}>
696.9040 	DATA 	Keypress: z
696.9103 	INFO 	Keyboard events cleared
696.9098 	EXP 	noise_3: autoDraw = False
696.9098 	EXP 	surround_grating: autoDraw = False
696.9098 	EXP 	center_grating: autoDraw = False
696.9098 	EXP 	text_2: autoDraw = False
696.9098 	EXP 	surround_grating: ori = 15.0
696.9098 	EXP 	surround_grating: sf = array([2.5, 2.5])
696.9098 	EXP 	surround_grating: phase = array([0.67271928, 0.67271928])
696.9098 	EXP 	center_grating: ori = 8.0
696.9098 	EXP 	center_grating: sf = array([2.5, 2.5])
696.9098 	EXP 	center_grating: phase = array([0.07664605, 0.07664605])
698.1413 	EXP 	noise_3: autoDraw = True
698.1413 	EXP 	surround_grating: autoDraw = True
698.1413 	EXP 	center_grating: autoDraw = True
698.2254 	EXP 	noise_3: autoDraw = False
698.2254 	EXP 	surround_grating: autoDraw = False
698.2254 	EXP 	center_grating: autoDraw = False
698.7169 	EXP 	New trial (rep=0, index=350): <Trial 350 (350 in rep 0) data={'center': 0, 'surround': 0.0, 'type': 'c+0', 'surr_type': 'noss', 'orient_opacity': 0, 'noise_opacity': 100, 'isi': 1.0, 'thisN': 350, 'thisTrialN': 350, 'thisRepN': 0}>
698.7220 	DATA 	Keypress: period
698.7282 	INFO 	Keyboard events cleared
698.7276 	EXP 	noise_3: autoDraw = False
698.7276 	EXP 	surround_grating: autoDraw = False
698.7276 	EXP 	center_grating: autoDraw = False
698.7276 	EXP 	text_2: autoDraw = False
698.7276 	EXP 	surround_grating: ori = 0.0
698.7276 	EXP 	surround_grating: sf = array([2.5, 2.5])
698.7276 	EXP 	surround_grating: phase = array([0.21773338, 0.21773338])
698.7276 	EXP 	center_grating: ori = 0.0
698.7276 	EXP 	center_grating: sf = array([2.5, 2.5])
698.7276 	EXP 	center_grating: phase = array([0.44802632, 0.44802632])
699.7174 	EXP 	noise_3: autoDraw = True
699.7174 	EXP 	surround_grating: autoDraw = True
699.7174 	EXP 	center_grating: autoDraw = True
699.7920 	EXP 	noise_3: autoDraw = False
699.7920 	EXP 	surround_grating: autoDraw = False
699.7920 	EXP 	center_grating: autoDraw = False
700.2954 	EXP 	New trial (rep=0, index=351): <Trial 351 (351 in rep 0) data={'center': -2, 'surround': 15.0, 'type': 'c-2', 'surr_type': 'poss', 'orient_opacity': 100, 'noise_opacity': 0, 'isi': 1.25, 'thisN': 351, 'thisTrialN': 351, 'thisRepN': 0}>
700.3013 	DATA 	Keypress: period
700.3078 	INFO 	Keyboard events cleared
700.3071 	EXP 	noise_3: autoDraw = False
700.3071 	EXP 	surround_grating: autoDraw = False
700.3071 	EXP 	center_grating: autoDraw = False
700.3071 	EXP 	text_2: autoDraw = False
700.3071 	EXP 	surround_grating: ori = 15.0
700.3071 	EXP 	surround_grating: sf = array([2.5, 2.5])
700.3071 	EXP 	surround_grating: phase = array([0.56838948, 0.56838948])
700.3071 	EXP 	center_grating: ori = -2.0
700.3071 	EXP 	center_grating: sf = array([2.5, 2.5])
700.3071 	EXP 	center_grating: phase = array([0.67820611, 0.67820611])
701.5413 	EXP 	noise_3: autoDraw = True
701.5413 	EXP 	surround_grating: autoDraw = True
701.5413 	EXP 	center_grating: autoDraw = True
701.6129 	EXP 	noise_3: autoDraw = False
701.6129 	EXP 	surround_grating: autoDraw = False
701.6129 	EXP 	center_grating: autoDraw = False
702.0781 	EXP 	New trial (rep=0, index=352): <Trial 352 (352 in rep 0) data={'center': -2, 'surround': -15.0, 'type': 'c-2', 'surr_type': 'negs', 'orient_opacity': 100, 'noise_opacity': 0, 'isi': 0.5, 'thisN': 352, 'thisTrialN': 352, 'thisRepN': 0}>
702.0842 	DATA 	Keypress: z
702.0902 	INFO 	Keyboard events cleared
702.0897 	EXP 	noise_3: autoDraw = False
702.0897 	EXP 	surround_grating: autoDraw = False
702.0897 	EXP 	center_grating: autoDraw = False
702.0897 	EXP 	text_2: autoDraw = False
702.0897 	EXP 	surround_grating: ori = -15.0
702.0897 	EXP 	surround_grating: sf = array([2.5, 2.5])
702.0897 	EXP 	surround_grating: phase = array([0.39032191, 0.39032191])
702.0897 	EXP 	center_grating: ori = -2.0
702.0897 	EXP 	center_grating: sf = array([2.5, 2.5])
702.0897 	EXP 	center_grating: phase = array([0.33908118, 0.33908118])
702.5748 	EXP 	noise_3: autoDraw = True
702.5748 	EXP 	surround_grating: autoDraw = True
702.5748 	EXP 	center_grating: autoDraw = True
702.6470 	EXP 	noise_3: autoDraw = False
702.6470 	EXP 	surround_grating: autoDraw = False
702.6470 	EXP 	center_grating: autoDraw = False
703.0447 	EXP 	New trial (rep=0, index=353): <Trial 353 (353 in rep 0) data={'center': 4, 'surround': 15.0, 'type': 'c+4', 'surr_type': 'poss', 'orient_opacity': 100, 'noise_opacity': 0, 'isi': 1.25, 'thisN': 353, 'thisTrialN': 353, 'thisRepN': 0}>
703.0500 	DATA 	Keypress: period
703.0559 	INFO 	Keyboard events cleared
703.0554 	EXP 	noise_3: autoDraw = False
703.0554 	EXP 	surround_grating: autoDraw = False
703.0554 	EXP 	center_grating: autoDraw = False
703.0554 	EXP 	text_2: autoDraw = False
703.0554 	EXP 	surround_grating: ori = 15.0
703.0554 	EXP 	surround_grating: sf = array([2.5, 2.5])
703.0554 	EXP 	surround_grating: phase = array([0.98880267, 0.98880267])
703.0554 	EXP 	center_grating: ori = 4.0
703.0554 	EXP 	center_grating: sf = array([2.5, 2.5])
703.0554 	EXP 	center_grating: phase = array([0.1215981, 0.1215981])
704.2917 	EXP 	noise_3: autoDraw = True
704.2917 	EXP 	surround_grating: autoDraw = True
704.2917 	EXP 	center_grating: autoDraw = True
704.3643 	EXP 	noise_3: autoDraw = False
704.3643 	EXP 	surround_grating: autoDraw = False
704.3643 	EXP 	center_grating: autoDraw = False
704.9786 	EXP 	New trial (rep=0, index=354): <Trial 354 (354 in rep 0) data={'center': 4, 'surround': 0.0, 'type': 'c+4', 'surr_type': 'noss', 'orient_opacity': 0, 'noise_opacity': 100, 'isi': 0.5, 'thisN': 354, 'thisTrialN': 354, 'thisRepN': 0}>
704.9844 	DATA 	Keypress: period
704.9904 	INFO 	Keyboard events cleared
704.9899 	EXP 	noise_3: autoDraw = False
704.9899 	EXP 	surround_grating: autoDraw = False
704.9899 	EXP 	center_grating: autoDraw = False
704.9899 	EXP 	text_2: autoDraw = False
704.9899 	EXP 	surround_grating: ori = 0.0
704.9899 	EXP 	surround_grating: sf = array([2.5, 2.5])
704.9899 	EXP 	surround_grating: phase = array([0.42423964, 0.42423964])
704.9899 	EXP 	center_grating: ori = 4.0
704.9899 	EXP 	center_grating: sf = array([2.5, 2.5])
704.9899 	EXP 	center_grating: phase = array([0.37624907, 0.37624907])
705.4749 	EXP 	noise_3: autoDraw = True
705.4749 	EXP 	surround_grating: autoDraw = True
705.4749 	EXP 	center_grating: autoDraw = True
705.5469 	EXP 	noise_3: autoDraw = False
705.5469 	EXP 	surround_grating: autoDraw = False
705.5469 	EXP 	center_grating: autoDraw = False
706.0954 	EXP 	New trial (rep=0, index=355): <Trial 355 (355 in rep 0) data={'center': -2, 'surround': 0.0, 'type': 'c-2', 'surr_type': 'noss', 'orient_opacity': 0, 'noise_opacity': 100, 'isi': 0.75, 'thisN': 355, 'thisTrialN': 355, 'thisRepN': 0}>
706.1012 	DATA 	Keypress: period
706.1074 	INFO 	Keyboard events cleared
706.1069 	EXP 	noise_3: autoDraw = False
706.1069 	EXP 	surround_grating: autoDraw = False
706.1069 	EXP 	center_grating: autoDraw = False
706.1069 	EXP 	text_2: autoDraw = False
706.1069 	EXP 	surround_grating: ori = 0.0
706.1069 	EXP 	surround_grating: sf = array([2.5, 2.5])
706.1069 	EXP 	surround_grating: phase = array([0.48191957, 0.48191957])
706.1069 	EXP 	center_grating: ori = -2.0
706.1069 	EXP 	center_grating: sf = array([2.5, 2.5])
706.1069 	EXP 	center_grating: phase = array([0.65712002, 0.65712002])
706.8416 	EXP 	noise_3: autoDraw = True
706.8416 	EXP 	surround_grating: autoDraw = True
706.8416 	EXP 	center_grating: autoDraw = True
706.9256 	EXP 	noise_3: autoDraw = False
706.9256 	EXP 	surround_grating: autoDraw = False
706.9256 	EXP 	center_grating: autoDraw = False
707.4111 	EXP 	New trial (rep=0, index=356): <Trial 356 (356 in rep 0) data={'center': -2, 'surround': 15.0, 'type': 'c-2', 'surr_type': 'poss', 'orient_opacity': 100, 'noise_opacity': 0, 'isi': 1.25, 'thisN': 356, 'thisTrialN': 356, 'thisRepN': 0}>
707.4161 	DATA 	Keypress: period
707.4220 	INFO 	Keyboard events cleared
707.4215 	EXP 	noise_3: autoDraw = False
707.4215 	EXP 	surround_grating: autoDraw = False
707.4215 	EXP 	center_grating: autoDraw = False
707.4215 	EXP 	text_2: autoDraw = False
707.4215 	EXP 	surround_grating: ori = 15.0
707.4215 	EXP 	surround_grating: sf = array([2.5, 2.5])
707.4215 	EXP 	surround_grating: phase = array([0.77389839, 0.77389839])
707.4215 	EXP 	center_grating: ori = -2.0
707.4215 	EXP 	center_grating: sf = array([2.5, 2.5])
707.4215 	EXP 	center_grating: phase = array([0.44395283, 0.44395283])
708.6584 	EXP 	noise_3: autoDraw = True
708.6584 	EXP 	surround_grating: autoDraw = True
708.6584 	EXP 	center_grating: autoDraw = True
708.7314 	EXP 	noise_3: autoDraw = False
708.7314 	EXP 	surround_grating: autoDraw = False
708.7314 	EXP 	center_grating: autoDraw = False
709.2285 	EXP 	New trial (rep=0, index=357): <Trial 357 (357 in rep 0) data={'center': 2, 'surround': 15.0, 'type': 'c+2', 'surr_type': 'poss', 'orient_opacity': 100, 'noise_opacity': 0, 'isi': 1.25, 'thisN': 357, 'thisTrialN': 357, 'thisRepN': 0}>
709.2341 	DATA 	Keypress: z
709.2403 	INFO 	Keyboard events cleared
709.2398 	EXP 	noise_3: autoDraw = False
709.2398 	EXP 	surround_grating: autoDraw = False
709.2398 	EXP 	center_grating: autoDraw = False
709.2398 	EXP 	text_2: autoDraw = False
709.2398 	EXP 	surround_grating: ori = 15.0
709.2398 	EXP 	surround_grating: sf = array([2.5, 2.5])
709.2398 	EXP 	surround_grating: phase = array([0.89811058, 0.89811058])
709.2398 	EXP 	center_grating: ori = 2.0
709.2398 	EXP 	center_grating: sf = array([2.5, 2.5])
709.2398 	EXP 	center_grating: phase = array([0.83518222, 0.83518222])
710.4750 	EXP 	noise_3: autoDraw = True
710.4750 	EXP 	surround_grating: autoDraw = True
710.4750 	EXP 	center_grating: autoDraw = True
710.5473 	EXP 	noise_3: autoDraw = False
710.5473 	EXP 	surround_grating: autoDraw = False
710.5473 	EXP 	center_grating: autoDraw = False
711.1508 	EXP 	New trial (rep=0, index=358): <Trial 358 (358 in rep 0) data={'center': 0, 'surround': -15.0, 'type': 'c+0', 'surr_type': 'negs', 'orient_opacity': 100, 'noise_opacity': 0, 'isi': 1.0, 'thisN': 358, 'thisTrialN': 358, 'thisRepN': 0}>
711.1562 	DATA 	Keypress: period
711.1621 	INFO 	Keyboard events cleared
711.1616 	EXP 	noise_3: autoDraw = False
711.1616 	EXP 	surround_grating: autoDraw = False
711.1616 	EXP 	center_grating: autoDraw = False
711.1616 	EXP 	text_2: autoDraw = False
711.1616 	EXP 	surround_grating: ori = -15.0
711.1616 	EXP 	surround_grating: sf = array([2.5, 2.5])
711.1616 	EXP 	surround_grating: phase = array([0.5546489, 0.5546489])
711.1616 	EXP 	center_grating: ori = 0.0
711.1616 	EXP 	center_grating: sf = array([2.5, 2.5])
711.1616 	EXP 	center_grating: phase = array([0.12806676, 0.12806676])
712.1514 	EXP 	noise_3: autoDraw = True
712.1514 	EXP 	surround_grating: autoDraw = True
712.1514 	EXP 	center_grating: autoDraw = True
712.2258 	EXP 	noise_3: autoDraw = False
712.2258 	EXP 	surround_grating: autoDraw = False
712.2258 	EXP 	center_grating: autoDraw = False
712.8619 	EXP 	New trial (rep=0, index=359): <Trial 359 (359 in rep 0) data={'center': 2, 'surround': -15.0, 'type': 'c+2', 'surr_type': 'negs', 'orient_opacity': 100, 'noise_opacity': 0, 'isi': 0.5, 'thisN': 359, 'thisTrialN': 359, 'thisRepN': 0}>
712.8673 	DATA 	Keypress: period
712.8735 	INFO 	Keyboard events cleared
712.8730 	EXP 	noise_3: autoDraw = False
712.8730 	EXP 	surround_grating: autoDraw = False
712.8730 	EXP 	center_grating: autoDraw = False
712.8730 	EXP 	text_2: autoDraw = False
712.8730 	EXP 	surround_grating: ori = -15.0
712.8730 	EXP 	surround_grating: sf = array([2.5, 2.5])
712.8730 	EXP 	surround_grating: phase = array([0.68197491, 0.68197491])
712.8730 	EXP 	center_grating: ori = 2.0
712.8730 	EXP 	center_grating: sf = array([2.5, 2.5])
712.8730 	EXP 	center_grating: phase = array([0.28151273, 0.28151273])
713.3579 	EXP 	noise_3: autoDraw = True
713.3579 	EXP 	surround_grating: autoDraw = True
713.3579 	EXP 	center_grating: autoDraw = True
713.4302 	EXP 	noise_3: autoDraw = False
713.4302 	EXP 	surround_grating: autoDraw = False
713.4302 	EXP 	center_grating: autoDraw = False
713.8840 	EXP 	New trial (rep=0, index=360): <Trial 360 (360 in rep 0) data={'center': 4, 'surround': 15.0, 'type': 'c+4', 'surr_type': 'poss', 'orient_opacity': 100, 'noise_opacity': 0, 'isi': 0.5, 'thisN': 360, 'thisTrialN': 360, 'thisRepN': 0}>
713.8890 	DATA 	Keypress: period
713.8952 	INFO 	Keyboard events cleared
713.8945 	EXP 	noise_3: autoDraw = False
713.8945 	EXP 	surround_grating: autoDraw = False
713.8945 	EXP 	center_grating: autoDraw = False
713.8945 	EXP 	text_2: autoDraw = False
713.8945 	EXP 	surround_grating: ori = 15.0
713.8945 	EXP 	surround_grating: sf = array([2.5, 2.5])
713.8945 	EXP 	surround_grating: phase = array([0.20456291, 0.20456291])
713.8945 	EXP 	center_grating: ori = 4.0
713.8945 	EXP 	center_grating: sf = array([2.5, 2.5])
713.8945 	EXP 	center_grating: phase = array([0.10354279, 0.10354279])
714.3830 	EXP 	noise_3: autoDraw = True
714.3830 	EXP 	surround_grating: autoDraw = True
714.3830 	EXP 	center_grating: autoDraw = True
714.4591 	EXP 	noise_3: autoDraw = False
714.4591 	EXP 	surround_grating: autoDraw = False
714.4591 	EXP 	center_grating: autoDraw = False
715.1452 	EXP 	New trial (rep=0, index=361): <Trial 361 (361 in rep 0) data={'center': 8, 'surround': 15.0, 'type': 'c+8', 'surr_type': 'poss', 'orient_opacity': 100, 'noise_opacity': 0, 'isi': 0.75, 'thisN': 361, 'thisTrialN': 361, 'thisRepN': 0}>
715.1508 	DATA 	Keypress: period
715.1567 	INFO 	Keyboard events cleared
715.1562 	EXP 	noise_3: autoDraw = False
715.1562 	EXP 	surround_grating: autoDraw = False
715.1562 	EXP 	center_grating: autoDraw = False
715.1562 	EXP 	text_2: autoDraw = False
715.1562 	EXP 	surround_grating: ori = 15.0
715.1562 	EXP 	surround_grating: sf = array([2.5, 2.5])
715.1562 	EXP 	surround_grating: phase = array([0.04948973, 0.04948973])
715.1562 	EXP 	center_grating: ori = 8.0
715.1562 	EXP 	center_grating: sf = array([2.5, 2.5])
715.1562 	EXP 	center_grating: phase = array([0.12549347, 0.12549347])
715.8919 	EXP 	noise_3: autoDraw = True
715.8919 	EXP 	surround_grating: autoDraw = True
715.8919 	EXP 	center_grating: autoDraw = True
715.9639 	EXP 	noise_3: autoDraw = False
715.9639 	EXP 	surround_grating: autoDraw = False
715.9639 	EXP 	center_grating: autoDraw = False
716.6786 	EXP 	New trial (rep=0, index=362): <Trial 362 (362 in rep 0) data={'center': -2, 'surround': -15.0, 'type': 'c-2', 'surr_type': 'negs', 'orient_opacity': 100, 'noise_opacity': 0, 'isi': 0.75, 'thisN': 362, 'thisTrialN': 362, 'thisRepN': 0}>
716.6845 	DATA 	Keypress: period
716.6909 	INFO 	Keyboard events cleared
716.6903 	EXP 	noise_3: autoDraw = False
716.6903 	EXP 	surround_grating: autoDraw = False
716.6903 	EXP 	center_grating: autoDraw = False
716.6903 	EXP 	text_2: autoDraw = False
716.6903 	EXP 	surround_grating: ori = -15.0
716.6903 	EXP 	surround_grating: sf = array([2.5, 2.5])
716.6903 	EXP 	surround_grating: phase = array([0.17010332, 0.17010332])
716.6903 	EXP 	center_grating: ori = -2.0
716.6903 	EXP 	center_grating: sf = array([2.5, 2.5])
716.6903 	EXP 	center_grating: phase = array([0.76894961, 0.76894961])
717.4253 	EXP 	noise_3: autoDraw = True
717.4253 	EXP 	surround_grating: autoDraw = True
717.4253 	EXP 	center_grating: autoDraw = True
717.4977 	EXP 	noise_3: autoDraw = False
717.4977 	EXP 	surround_grating: autoDraw = False
717.4977 	EXP 	center_grating: autoDraw = False
717.9466 	EXP 	New trial (rep=0, index=363): <Trial 363 (363 in rep 0) data={'center': -4, 'surround': -15.0, 'type': 'c-4', 'surr_type': 'negs', 'orient_opacity': 100, 'noise_opacity': 0, 'isi': 1.25, 'thisN': 363, 'thisTrialN': 363, 'thisRepN': 0}>
717.9518 	DATA 	Keypress: period
717.9578 	INFO 	Keyboard events cleared
717.9573 	EXP 	noise_3: autoDraw = False
717.9573 	EXP 	surround_grating: autoDraw = False
717.9573 	EXP 	center_grating: autoDraw = False
717.9573 	EXP 	text_2: autoDraw = False
717.9573 	EXP 	surround_grating: ori = -15.0
717.9573 	EXP 	surround_grating: sf = array([2.5, 2.5])
717.9573 	EXP 	surround_grating: phase = array([0.54307517, 0.54307517])
717.9573 	EXP 	center_grating: ori = -4.0
717.9573 	EXP 	center_grating: sf = array([2.5, 2.5])
717.9573 	EXP 	center_grating: phase = array([0.64317058, 0.64317058])
719.1921 	EXP 	noise_3: autoDraw = True
719.1921 	EXP 	surround_grating: autoDraw = True
719.1921 	EXP 	center_grating: autoDraw = True
719.2650 	EXP 	noise_3: autoDraw = False
719.2650 	EXP 	surround_grating: autoDraw = False
719.2650 	EXP 	center_grating: autoDraw = False
719.7621 	EXP 	New trial (rep=0, index=364): <Trial 364 (364 in rep 0) data={'center': 4, 'surround': 15.0, 'type': 'c+4', 'surr_type': 'poss', 'orient_opacity': 100, 'noise_opacity': 0, 'isi': 1.25, 'thisN': 364, 'thisTrialN': 364, 'thisRepN': 0}>
719.7679 	DATA 	Keypress: period
719.7742 	INFO 	Keyboard events cleared
719.7737 	EXP 	noise_3: autoDraw = False
719.7737 	EXP 	surround_grating: autoDraw = False
719.7737 	EXP 	center_grating: autoDraw = False
719.7737 	EXP 	text_2: autoDraw = False
719.7737 	EXP 	surround_grating: ori = 15.0
719.7737 	EXP 	surround_grating: sf = array([2.5, 2.5])
719.7737 	EXP 	surround_grating: phase = array([0.26355801, 0.26355801])
719.7737 	EXP 	center_grating: ori = 4.0
719.7737 	EXP 	center_grating: sf = array([2.5, 2.5])
719.7737 	EXP 	center_grating: phase = array([0.44210757, 0.44210757])
721.0088 	EXP 	noise_3: autoDraw = True
721.0088 	EXP 	surround_grating: autoDraw = True
721.0088 	EXP 	center_grating: autoDraw = True
721.0808 	EXP 	noise_3: autoDraw = False
721.0808 	EXP 	surround_grating: autoDraw = False
721.0808 	EXP 	center_grating: autoDraw = False
721.5626 	EXP 	New trial (rep=0, index=365): <Trial 365 (365 in rep 0) data={'center': -4, 'surround': -15.0, 'type': 'c-4', 'surr_type': 'negs', 'orient_opacity': 100, 'noise_opacity': 0, 'isi': 0.5, 'thisN': 365, 'thisTrialN': 365, 'thisRepN': 0}>
721.5688 	DATA 	Keypress: z
721.5747 	INFO 	Keyboard events cleared
721.5742 	EXP 	noise_3: autoDraw = False
721.5742 	EXP 	surround_grating: autoDraw = False
721.5742 	EXP 	center_grating: autoDraw = False
721.5742 	EXP 	text_2: autoDraw = False
721.5742 	EXP 	surround_grating: ori = -15.0
721.5742 	EXP 	surround_grating: sf = array([2.5, 2.5])
721.5742 	EXP 	surround_grating: phase = array([0.71619134, 0.71619134])
721.5742 	EXP 	center_grating: ori = -4.0
721.5742 	EXP 	center_grating: sf = array([2.5, 2.5])
721.5742 	EXP 	center_grating: phase = array([0.25551219, 0.25551219])
722.0589 	EXP 	noise_3: autoDraw = True
722.0589 	EXP 	surround_grating: autoDraw = True
722.0589 	EXP 	center_grating: autoDraw = True
722.1313 	EXP 	noise_3: autoDraw = False
722.1313 	EXP 	surround_grating: autoDraw = False
722.1313 	EXP 	center_grating: autoDraw = False
722.4961 	EXP 	New trial (rep=0, index=366): <Trial 366 (366 in rep 0) data={'center': 8, 'surround': 15.0, 'type': 'c+8', 'surr_type': 'poss', 'orient_opacity': 100, 'noise_opacity': 0, 'isi': 0.75, 'thisN': 366, 'thisTrialN': 366, 'thisRepN': 0}>
722.5013 	DATA 	Keypress: period
722.5074 	INFO 	Keyboard events cleared
722.5068 	EXP 	noise_3: autoDraw = False
722.5068 	EXP 	surround_grating: autoDraw = False
722.5068 	EXP 	center_grating: autoDraw = False
722.5068 	EXP 	text_2: autoDraw = False
722.5068 	EXP 	surround_grating: ori = 15.0
722.5068 	EXP 	surround_grating: sf = array([2.5, 2.5])
722.5068 	EXP 	surround_grating: phase = array([0.45778007, 0.45778007])
722.5068 	EXP 	center_grating: ori = 8.0
722.5068 	EXP 	center_grating: sf = array([2.5, 2.5])
722.5068 	EXP 	center_grating: phase = array([0.74309018, 0.74309018])
723.2423 	EXP 	noise_3: autoDraw = True
723.2423 	EXP 	surround_grating: autoDraw = True
723.2423 	EXP 	center_grating: autoDraw = True
723.3155 	EXP 	noise_3: autoDraw = False
723.3155 	EXP 	surround_grating: autoDraw = False
723.3155 	EXP 	center_grating: autoDraw = False
723.6351 	EXP 	New trial (rep=0, index=367): <Trial 367 (367 in rep 0) data={'center': 8, 'surround': 15.0, 'type': 'c+8', 'surr_type': 'poss', 'orient_opacity': 100, 'noise_opacity': 0, 'isi': 1.0, 'thisN': 367, 'thisTrialN': 367, 'thisRepN': 0}>
723.6403 	DATA 	Keypress: period
723.6459 	INFO 	Keyboard events cleared
723.6454 	EXP 	noise_3: autoDraw = False
723.6454 	EXP 	surround_grating: autoDraw = False
723.6454 	EXP 	center_grating: autoDraw = False
723.6454 	EXP 	text_2: autoDraw = False
723.6454 	EXP 	surround_grating: ori = 15.0
723.6454 	EXP 	surround_grating: sf = array([2.5, 2.5])
723.6454 	EXP 	surround_grating: phase = array([0.4596511, 0.4596511])
723.6454 	EXP 	center_grating: ori = 8.0
723.6454 	EXP 	center_grating: sf = array([2.5, 2.5])
723.6454 	EXP 	center_grating: phase = array([0.83837458, 0.83837458])
724.6349 	EXP 	noise_3: autoDraw = True
724.6349 	EXP 	surround_grating: autoDraw = True
724.6349 	EXP 	center_grating: autoDraw = True
724.7093 	EXP 	noise_3: autoDraw = False
724.7093 	EXP 	surround_grating: autoDraw = False
724.7093 	EXP 	center_grating: autoDraw = False
725.0188 	EXP 	New trial (rep=0, index=368): <Trial 368 (368 in rep 0) data={'center': 0, 'surround': 0.0, 'type': 'c+0', 'surr_type': 'noss', 'orient_opacity': 0, 'noise_opacity': 100, 'isi': 0.75, 'thisN': 368, 'thisTrialN': 368, 'thisRepN': 0}>
725.0247 	DATA 	Keypress: period
725.0300 	INFO 	Keyboard events cleared
725.0295 	EXP 	noise_3: autoDraw = False
725.0295 	EXP 	surround_grating: autoDraw = False
725.0295 	EXP 	center_grating: autoDraw = False
725.0295 	EXP 	text_2: autoDraw = False
725.0295 	EXP 	surround_grating: ori = 0.0
725.0295 	EXP 	surround_grating: sf = array([2.5, 2.5])
725.0295 	EXP 	surround_grating: phase = array([0.80974826, 0.80974826])
725.0295 	EXP 	center_grating: ori = 0.0
725.0295 	EXP 	center_grating: sf = array([2.5, 2.5])
725.0295 	EXP 	center_grating: phase = array([0.12078631, 0.12078631])
725.7682 	EXP 	noise_3: autoDraw = True
725.7682 	EXP 	surround_grating: autoDraw = True
725.7682 	EXP 	center_grating: autoDraw = True
725.8429 	EXP 	noise_3: autoDraw = False
725.8429 	EXP 	surround_grating: autoDraw = False
725.8429 	EXP 	center_grating: autoDraw = False
726.1123 	EXP 	New trial (rep=0, index=369): <Trial 369 (369 in rep 0) data={'center': 2, 'surround': -15.0, 'type': 'c+2', 'surr_type': 'negs', 'orient_opacity': 100, 'noise_opacity': 0, 'isi': 1.25, 'thisN': 369, 'thisTrialN': 369, 'thisRepN': 0}>
726.1173 	DATA 	Keypress: period
726.1237 	INFO 	Keyboard events cleared
726.1231 	EXP 	noise_3: autoDraw = False
726.1231 	EXP 	surround_grating: autoDraw = False
726.1231 	EXP 	center_grating: autoDraw = False
726.1231 	EXP 	text_2: autoDraw = False
726.1231 	EXP 	surround_grating: ori = -15.0
726.1231 	EXP 	surround_grating: sf = array([2.5, 2.5])
726.1231 	EXP 	surround_grating: phase = array([0.8078577, 0.8078577])
726.1231 	EXP 	center_grating: ori = 2.0
726.1231 	EXP 	center_grating: sf = array([2.5, 2.5])
726.1231 	EXP 	center_grating: phase = array([0.73159682, 0.73159682])
727.3581 	EXP 	noise_3: autoDraw = True
727.3581 	EXP 	surround_grating: autoDraw = True
727.3581 	EXP 	center_grating: autoDraw = True
727.4319 	EXP 	noise_3: autoDraw = False
727.4319 	EXP 	surround_grating: autoDraw = False
727.4319 	EXP 	center_grating: autoDraw = False
727.9007 	EXP 	New trial (rep=0, index=370): <Trial 370 (370 in rep 0) data={'center': 4, 'surround': 0.0, 'type': 'c+4', 'surr_type': 'noss', 'orient_opacity': 0, 'noise_opacity': 100, 'isi': 0.5, 'thisN': 370, 'thisTrialN': 370, 'thisRepN': 0}>
727.9064 	DATA 	Keypress: period
727.9126 	INFO 	Keyboard events cleared
727.9120 	EXP 	noise_3: autoDraw = False
727.9120 	EXP 	surround_grating: autoDraw = False
727.9120 	EXP 	center_grating: autoDraw = False
727.9120 	EXP 	text_2: autoDraw = False
727.9120 	EXP 	surround_grating: ori = 0.0
727.9120 	EXP 	surround_grating: sf = array([2.5, 2.5])
727.9120 	EXP 	surround_grating: phase = array([0.29792767, 0.29792767])
727.9120 	EXP 	center_grating: ori = 4.0
727.9120 	EXP 	center_grating: sf = array([2.5, 2.5])
727.9120 	EXP 	center_grating: phase = array([0.01738324, 0.01738324])
728.4022 	EXP 	noise_3: autoDraw = True
728.4022 	EXP 	surround_grating: autoDraw = True
728.4022 	EXP 	center_grating: autoDraw = True
728.4763 	EXP 	noise_3: autoDraw = False
728.4763 	EXP 	surround_grating: autoDraw = False
728.4763 	EXP 	center_grating: autoDraw = False
728.9130 	EXP 	New trial (rep=0, index=371): <Trial 371 (371 in rep 0) data={'center': -2, 'surround': 15.0, 'type': 'c-2', 'surr_type': 'poss', 'orient_opacity': 100, 'noise_opacity': 0, 'isi': 0.5, 'thisN': 371, 'thisTrialN': 371, 'thisRepN': 0}>
728.9183 	DATA 	Keypress: period
728.9242 	INFO 	Keyboard events cleared
728.9238 	EXP 	noise_3: autoDraw = False
728.9238 	EXP 	surround_grating: autoDraw = False
728.9238 	EXP 	center_grating: autoDraw = False
728.9238 	EXP 	text_2: autoDraw = False
728.9238 	EXP 	surround_grating: ori = 15.0
728.9238 	EXP 	surround_grating: sf = array([2.5, 2.5])
728.9238 	EXP 	surround_grating: phase = array([0.32501736, 0.32501736])
728.9238 	EXP 	center_grating: ori = -2.0
728.9238 	EXP 	center_grating: sf = array([2.5, 2.5])
728.9238 	EXP 	center_grating: phase = array([0.5842447, 0.5842447])
729.4091 	EXP 	noise_3: autoDraw = True
729.4091 	EXP 	surround_grating: autoDraw = True
729.4091 	EXP 	center_grating: autoDraw = True
729.4813 	EXP 	noise_3: autoDraw = False
729.4813 	EXP 	surround_grating: autoDraw = False
729.4813 	EXP 	center_grating: autoDraw = False
729.9839 	EXP 	New trial (rep=0, index=372): <Trial 372 (372 in rep 0) data={'center': -4, 'surround': -15.0, 'type': 'c-4', 'surr_type': 'negs', 'orient_opacity': 100, 'noise_opacity': 0, 'isi': 1.0, 'thisN': 372, 'thisTrialN': 372, 'thisRepN': 0}>
729.9890 	DATA 	Keypress: z
729.9954 	INFO 	Keyboard events cleared
729.9949 	EXP 	noise_3: autoDraw = False
729.9949 	EXP 	surround_grating: autoDraw = False
729.9949 	EXP 	center_grating: autoDraw = False
729.9949 	EXP 	text_2: autoDraw = False
729.9949 	EXP 	surround_grating: ori = -15.0
729.9949 	EXP 	surround_grating: sf = array([2.5, 2.5])
729.9949 	EXP 	surround_grating: phase = array([0.74374225, 0.74374225])
729.9949 	EXP 	center_grating: ori = -4.0
729.9949 	EXP 	center_grating: sf = array([2.5, 2.5])
729.9949 	EXP 	center_grating: phase = array([0.1024917, 0.1024917])
730.9851 	EXP 	noise_3: autoDraw = True
730.9851 	EXP 	surround_grating: autoDraw = True
730.9851 	EXP 	center_grating: autoDraw = True
731.0596 	EXP 	noise_3: autoDraw = False
731.0596 	EXP 	surround_grating: autoDraw = False
731.0596 	EXP 	center_grating: autoDraw = False
731.5124 	EXP 	New trial (rep=0, index=373): <Trial 373 (373 in rep 0) data={'center': 0, 'surround': -15.0, 'type': 'c+0', 'surr_type': 'negs', 'orient_opacity': 100, 'noise_opacity': 0, 'isi': 0.5, 'thisN': 373, 'thisTrialN': 373, 'thisRepN': 0}>
731.5187 	DATA 	Keypress: period
731.5246 	INFO 	Keyboard events cleared
731.5242 	EXP 	noise_3: autoDraw = False
731.5242 	EXP 	surround_grating: autoDraw = False
731.5242 	EXP 	center_grating: autoDraw = False
731.5242 	EXP 	text_2: autoDraw = False
731.5242 	EXP 	surround_grating: ori = -15.0
731.5242 	EXP 	surround_grating: sf = array([2.5, 2.5])
731.5242 	EXP 	surround_grating: phase = array([0.20379696, 0.20379696])
731.5242 	EXP 	center_grating: ori = 0.0
731.5242 	EXP 	center_grating: sf = array([2.5, 2.5])
731.5242 	EXP 	center_grating: phase = array([0.54347212, 0.54347212])
732.0092 	EXP 	noise_3: autoDraw = True
732.0092 	EXP 	surround_grating: autoDraw = True
732.0092 	EXP 	center_grating: autoDraw = True
732.0816 	EXP 	noise_3: autoDraw = False
732.0816 	EXP 	surround_grating: autoDraw = False
732.0816 	EXP 	center_grating: autoDraw = False
732.5515 	EXP 	New trial (rep=0, index=374): <Trial 374 (374 in rep 0) data={'center': -4, 'surround': 0.0, 'type': 'c-4', 'surr_type': 'noss', 'orient_opacity': 0, 'noise_opacity': 100, 'isi': 0.5, 'thisN': 374, 'thisTrialN': 374, 'thisRepN': 0}>
732.5567 	DATA 	Keypress: period
732.5625 	INFO 	Keyboard events cleared
732.5620 	EXP 	noise_3: autoDraw = False
732.5620 	EXP 	surround_grating: autoDraw = False
732.5620 	EXP 	center_grating: autoDraw = False
732.5620 	EXP 	text_2: autoDraw = False
732.5620 	EXP 	surround_grating: ori = 0.0
732.5620 	EXP 	surround_grating: sf = array([2.5, 2.5])
732.5620 	EXP 	surround_grating: phase = array([0.84465787, 0.84465787])
732.5620 	EXP 	center_grating: ori = -4.0
732.5620 	EXP 	center_grating: sf = array([2.5, 2.5])
732.5620 	EXP 	center_grating: phase = array([0.8189612, 0.8189612])
733.0511 	EXP 	noise_3: autoDraw = True
733.0511 	EXP 	surround_grating: autoDraw = True
733.0511 	EXP 	center_grating: autoDraw = True
733.1264 	EXP 	noise_3: autoDraw = False
733.1264 	EXP 	surround_grating: autoDraw = False
733.1264 	EXP 	center_grating: autoDraw = False
733.7299 	EXP 	New trial (rep=0, index=375): <Trial 375 (375 in rep 0) data={'center': 2, 'surround': -15.0, 'type': 'c+2', 'surr_type': 'negs', 'orient_opacity': 100, 'noise_opacity': 0, 'isi': 0.5, 'thisN': 375, 'thisTrialN': 375, 'thisRepN': 0}>
733.7354 	DATA 	Keypress: z
733.7413 	INFO 	Keyboard events cleared
733.7409 	EXP 	noise_3: autoDraw = False
733.7409 	EXP 	surround_grating: autoDraw = False
733.7409 	EXP 	center_grating: autoDraw = False
733.7409 	EXP 	text_2: autoDraw = False
733.7409 	EXP 	surround_grating: ori = -15.0
733.7409 	EXP 	surround_grating: sf = array([2.5, 2.5])
733.7409 	EXP 	surround_grating: phase = array([0.72355917, 0.72355917])
733.7409 	EXP 	center_grating: ori = 2.0
733.7409 	EXP 	center_grating: sf = array([2.5, 2.5])
733.7409 	EXP 	center_grating: phase = array([0.54575241, 0.54575241])
734.2260 	EXP 	noise_3: autoDraw = True
734.2260 	EXP 	surround_grating: autoDraw = True
734.2260 	EXP 	center_grating: autoDraw = True
734.2981 	EXP 	noise_3: autoDraw = False
734.2981 	EXP 	surround_grating: autoDraw = False
734.2981 	EXP 	center_grating: autoDraw = False
734.7187 	EXP 	New trial (rep=0, index=376): <Trial 376 (376 in rep 0) data={'center': 0, 'surround': -15.0, 'type': 'c+0', 'surr_type': 'negs', 'orient_opacity': 100, 'noise_opacity': 0, 'isi': 0.75, 'thisN': 376, 'thisTrialN': 376, 'thisRepN': 0}>
734.7243 	DATA 	Keypress: period
734.7296 	INFO 	Keyboard events cleared
734.7291 	EXP 	noise_3: autoDraw = False
734.7291 	EXP 	surround_grating: autoDraw = False
734.7291 	EXP 	center_grating: autoDraw = False
734.7291 	EXP 	text_2: autoDraw = False
734.7291 	EXP 	surround_grating: ori = -15.0
734.7291 	EXP 	surround_grating: sf = array([2.5, 2.5])
734.7291 	EXP 	surround_grating: phase = array([0.28031948, 0.28031948])
734.7291 	EXP 	center_grating: ori = 0.0
734.7291 	EXP 	center_grating: sf = array([2.5, 2.5])
734.7291 	EXP 	center_grating: phase = array([0.11162013, 0.11162013])
735.4687 	EXP 	noise_3: autoDraw = True
735.4687 	EXP 	surround_grating: autoDraw = True
735.4687 	EXP 	center_grating: autoDraw = True
735.5433 	EXP 	noise_3: autoDraw = False
735.5433 	EXP 	surround_grating: autoDraw = False
735.5433 	EXP 	center_grating: autoDraw = False
735.9125 	EXP 	New trial (rep=0, index=377): <Trial 377 (377 in rep 0) data={'center': 0, 'surround': 15.0, 'type': 'c+0', 'surr_type': 'poss', 'orient_opacity': 100, 'noise_opacity': 0, 'isi': 1.0, 'thisN': 377, 'thisTrialN': 377, 'thisRepN': 0}>
735.9175 	DATA 	Keypress: period
735.9237 	INFO 	Keyboard events cleared
735.9232 	EXP 	noise_3: autoDraw = False
735.9232 	EXP 	surround_grating: autoDraw = False
735.9232 	EXP 	center_grating: autoDraw = False
735.9232 	EXP 	text_2: autoDraw = False
735.9232 	EXP 	surround_grating: ori = 15.0
735.9232 	EXP 	surround_grating: sf = array([2.5, 2.5])
735.9232 	EXP 	surround_grating: phase = array([0.56546328, 0.56546328])
735.9232 	EXP 	center_grating: ori = 0.0
735.9232 	EXP 	center_grating: sf = array([2.5, 2.5])
735.9232 	EXP 	center_grating: phase = array([0.81861404, 0.81861404])
736.9094 	EXP 	noise_3: autoDraw = True
736.9094 	EXP 	surround_grating: autoDraw = True
736.9094 	EXP 	center_grating: autoDraw = True
736.9825 	EXP 	noise_3: autoDraw = False
736.9825 	EXP 	surround_grating: autoDraw = False
736.9825 	EXP 	center_grating: autoDraw = False
737.5027 	EXP 	New trial (rep=0, index=378): <Trial 378 (378 in rep 0) data={'center': 4, 'surround': 15.0, 'type': 'c+4', 'surr_type': 'poss', 'orient_opacity': 100, 'noise_opacity': 0, 'isi': 1.25, 'thisN': 378, 'thisTrialN': 378, 'thisRepN': 0}>
737.5082 	DATA 	Keypress: z
737.5136 	INFO 	Keyboard events cleared
737.5131 	EXP 	noise_3: autoDraw = False
737.5131 	EXP 	surround_grating: autoDraw = False
737.5131 	EXP 	center_grating: autoDraw = False
737.5131 	EXP 	text_2: autoDraw = False
737.5131 	EXP 	surround_grating: ori = 15.0
737.5131 	EXP 	surround_grating: sf = array([2.5, 2.5])
737.5131 	EXP 	surround_grating: phase = array([0.63144306, 0.63144306])
737.5131 	EXP 	center_grating: ori = 4.0
737.5131 	EXP 	center_grating: sf = array([2.5, 2.5])
737.5131 	EXP 	center_grating: phase = array([0.0486421, 0.0486421])
738.7526 	EXP 	noise_3: autoDraw = True
738.7526 	EXP 	surround_grating: autoDraw = True
738.7526 	EXP 	center_grating: autoDraw = True
738.8266 	EXP 	noise_3: autoDraw = False
738.8266 	EXP 	surround_grating: autoDraw = False
738.8266 	EXP 	center_grating: autoDraw = False
739.4003 	DATA 	Keypress: period
739.4073 	EXP 	New trial (rep=0, index=379): <Trial 379 (379 in rep 0) data={'center': 0, 'surround': 15.0, 'type': 'c+0', 'surr_type': 'poss', 'orient_opacity': 100, 'noise_opacity': 0, 'isi': 1.0, 'thisN': 379, 'thisTrialN': 379, 'thisRepN': 0}>
739.4148 	INFO 	Keyboard events cleared
739.4143 	EXP 	noise_3: autoDraw = False
739.4143 	EXP 	surround_grating: autoDraw = False
739.4143 	EXP 	center_grating: autoDraw = False
739.4143 	EXP 	text_2: autoDraw = False
739.4143 	EXP 	surround_grating: ori = 15.0
739.4143 	EXP 	surround_grating: sf = array([2.5, 2.5])
739.4143 	EXP 	surround_grating: phase = array([0.5155738, 0.5155738])
739.4143 	EXP 	center_grating: ori = 0.0
739.4143 	EXP 	center_grating: sf = array([2.5, 2.5])
739.4143 	EXP 	center_grating: phase = array([0.15605308, 0.15605308])
740.4024 	EXP 	noise_3: autoDraw = True
740.4024 	EXP 	surround_grating: autoDraw = True
740.4024 	EXP 	center_grating: autoDraw = True
740.4767 	EXP 	noise_3: autoDraw = False
740.4767 	EXP 	surround_grating: autoDraw = False
740.4767 	EXP 	center_grating: autoDraw = False
740.9804 	EXP 	New trial (rep=0, index=380): <Trial 380 (380 in rep 0) data={'center': 4, 'surround': 0.0, 'type': 'c+4', 'surr_type': 'noss', 'orient_opacity': 0, 'noise_opacity': 100, 'isi': 1.0, 'thisN': 380, 'thisTrialN': 380, 'thisRepN': 0}>
740.9860 	DATA 	Keypress: z
740.9920 	INFO 	Keyboard events cleared
740.9915 	EXP 	noise_3: autoDraw = False
740.9915 	EXP 	surround_grating: autoDraw = False
740.9915 	EXP 	center_grating: autoDraw = False
740.9915 	EXP 	text_2: autoDraw = False
740.9915 	EXP 	surround_grating: ori = 0.0
740.9915 	EXP 	surround_grating: sf = array([2.5, 2.5])
740.9915 	EXP 	surround_grating: phase = array([0.80669762, 0.80669762])
740.9915 	EXP 	center_grating: ori = 4.0
740.9915 	EXP 	center_grating: sf = array([2.5, 2.5])
740.9915 	EXP 	center_grating: phase = array([0.27291501, 0.27291501])
741.9763 	EXP 	noise_3: autoDraw = True
741.9763 	EXP 	surround_grating: autoDraw = True
741.9763 	EXP 	center_grating: autoDraw = True
742.0488 	EXP 	noise_3: autoDraw = False
742.0488 	EXP 	surround_grating: autoDraw = False
742.0488 	EXP 	center_grating: autoDraw = False
742.4300 	EXP 	New trial (rep=0, index=381): <Trial 381 (381 in rep 0) data={'center': -6, 'surround': -15.0, 'type': 'c-6', 'surr_type': 'negs', 'orient_opacity': 100, 'noise_opacity': 0, 'isi': 1.25, 'thisN': 381, 'thisTrialN': 381, 'thisRepN': 0}>
742.4351 	DATA 	Keypress: period
742.4408 	INFO 	Keyboard events cleared
742.4402 	EXP 	noise_3: autoDraw = False
742.4402 	EXP 	surround_grating: autoDraw = False
742.4402 	EXP 	center_grating: autoDraw = False
742.4402 	EXP 	text_2: autoDraw = False
742.4402 	EXP 	surround_grating: ori = -15.0
742.4402 	EXP 	surround_grating: sf = array([2.5, 2.5])
742.4402 	EXP 	surround_grating: phase = array([0.77959457, 0.77959457])
742.4402 	EXP 	center_grating: ori = -6.0
742.4402 	EXP 	center_grating: sf = array([2.5, 2.5])
742.4402 	EXP 	center_grating: phase = array([0.0735104, 0.0735104])
743.6766 	EXP 	noise_3: autoDraw = True
743.6766 	EXP 	surround_grating: autoDraw = True
743.6766 	EXP 	center_grating: autoDraw = True
743.7484 	EXP 	noise_3: autoDraw = False
743.7484 	EXP 	surround_grating: autoDraw = False
743.7484 	EXP 	center_grating: autoDraw = False
744.0459 	EXP 	New trial (rep=0, index=382): <Trial 382 (382 in rep 0) data={'center': -8, 'surround': -15.0, 'type': 'c-8', 'surr_type': 'negs', 'orient_opacity': 100, 'noise_opacity': 0, 'isi': 1.25, 'thisN': 382, 'thisTrialN': 382, 'thisRepN': 0}>
744.0513 	DATA 	Keypress: z
744.0570 	INFO 	Keyboard events cleared
744.0563 	EXP 	noise_3: autoDraw = False
744.0563 	EXP 	surround_grating: autoDraw = False
744.0563 	EXP 	center_grating: autoDraw = False
744.0563 	EXP 	text_2: autoDraw = False
744.0563 	EXP 	surround_grating: ori = -15.0
744.0563 	EXP 	surround_grating: sf = array([2.5, 2.5])
744.0563 	EXP 	surround_grating: phase = array([0.08935828, 0.08935828])
744.0563 	EXP 	center_grating: ori = -8.0
744.0563 	EXP 	center_grating: sf = array([2.5, 2.5])
744.0563 	EXP 	center_grating: phase = array([0.69106167, 0.69106167])
745.2930 	EXP 	noise_3: autoDraw = True
745.2930 	EXP 	surround_grating: autoDraw = True
745.2930 	EXP 	center_grating: autoDraw = True
745.3652 	EXP 	noise_3: autoDraw = False
745.3652 	EXP 	surround_grating: autoDraw = False
745.3652 	EXP 	center_grating: autoDraw = False
745.8294 	EXP 	New trial (rep=0, index=383): <Trial 383 (383 in rep 0) data={'center': -2, 'surround': 0.0, 'type': 'c-2', 'surr_type': 'noss', 'orient_opacity': 0, 'noise_opacity': 100, 'isi': 0.5, 'thisN': 383, 'thisTrialN': 383, 'thisRepN': 0}>
745.8346 	DATA 	Keypress: z
745.8406 	INFO 	Keyboard events cleared
745.8401 	EXP 	noise_3: autoDraw = False
745.8401 	EXP 	surround_grating: autoDraw = False
745.8401 	EXP 	center_grating: autoDraw = False
745.8401 	EXP 	text_2: autoDraw = False
745.8401 	EXP 	surround_grating: ori = 0.0
745.8401 	EXP 	surround_grating: sf = array([2.5, 2.5])
745.8401 	EXP 	surround_grating: phase = array([0.3363673, 0.3363673])
745.8401 	EXP 	center_grating: ori = -2.0
745.8401 	EXP 	center_grating: sf = array([2.5, 2.5])
745.8401 	EXP 	center_grating: phase = array([0.95886118, 0.95886118])
746.3264 	EXP 	noise_3: autoDraw = True
746.3264 	EXP 	surround_grating: autoDraw = True
746.3264 	EXP 	center_grating: autoDraw = True
746.3987 	EXP 	noise_3: autoDraw = False
746.3987 	EXP 	surround_grating: autoDraw = False
746.3987 	EXP 	center_grating: autoDraw = False
746.8460 	EXP 	New trial (rep=0, index=384): <Trial 384 (384 in rep 0) data={'center': -4, 'surround': -15.0, 'type': 'c-4', 'surr_type': 'negs', 'orient_opacity': 100, 'noise_opacity': 0, 'isi': 0.75, 'thisN': 384, 'thisTrialN': 384, 'thisRepN': 0}>
746.8511 	DATA 	Keypress: z
746.8571 	INFO 	Keyboard events cleared
746.8566 	EXP 	noise_3: autoDraw = False
746.8566 	EXP 	surround_grating: autoDraw = False
746.8566 	EXP 	center_grating: autoDraw = False
746.8566 	EXP 	text_2: autoDraw = False
746.8566 	EXP 	surround_grating: ori = -15.0
746.8566 	EXP 	surround_grating: sf = array([2.5, 2.5])
746.8566 	EXP 	surround_grating: phase = array([0.39922582, 0.39922582])
746.8566 	EXP 	center_grating: ori = -4.0
746.8566 	EXP 	center_grating: sf = array([2.5, 2.5])
746.8566 	EXP 	center_grating: phase = array([0.97310935, 0.97310935])
747.5931 	EXP 	noise_3: autoDraw = True
747.5931 	EXP 	surround_grating: autoDraw = True
747.5931 	EXP 	center_grating: autoDraw = True
747.6655 	EXP 	noise_3: autoDraw = False
747.6655 	EXP 	surround_grating: autoDraw = False
747.6655 	EXP 	center_grating: autoDraw = False
748.1178 	EXP 	New trial (rep=0, index=385): <Trial 385 (385 in rep 0) data={'center': 4, 'surround': 0.0, 'type': 'c+4', 'surr_type': 'noss', 'orient_opacity': 0, 'noise_opacity': 100, 'isi': 1.0, 'thisN': 385, 'thisTrialN': 385, 'thisRepN': 0}>
748.1229 	DATA 	Keypress: period
748.1292 	INFO 	Keyboard events cleared
748.1286 	EXP 	noise_3: autoDraw = False
748.1286 	EXP 	surround_grating: autoDraw = False
748.1286 	EXP 	center_grating: autoDraw = False
748.1286 	EXP 	text_2: autoDraw = False
748.1286 	EXP 	surround_grating: ori = 0.0
748.1286 	EXP 	surround_grating: sf = array([2.5, 2.5])
748.1286 	EXP 	surround_grating: phase = array([0.50995579, 0.50995579])
748.1286 	EXP 	center_grating: ori = 4.0
748.1286 	EXP 	center_grating: sf = array([2.5, 2.5])
748.1286 	EXP 	center_grating: phase = array([0.42333998, 0.42333998])
749.1189 	EXP 	noise_3: autoDraw = True
749.1189 	EXP 	surround_grating: autoDraw = True
749.1189 	EXP 	center_grating: autoDraw = True
749.1938 	EXP 	noise_3: autoDraw = False
749.1938 	EXP 	surround_grating: autoDraw = False
749.1938 	EXP 	center_grating: autoDraw = False
749.6965 	EXP 	New trial (rep=0, index=386): <Trial 386 (386 in rep 0) data={'center': 0, 'surround': -15.0, 'type': 'c+0', 'surr_type': 'negs', 'orient_opacity': 100, 'noise_opacity': 0, 'isi': 0.75, 'thisN': 386, 'thisTrialN': 386, 'thisRepN': 0}>
749.7023 	DATA 	Keypress: period
749.7082 	INFO 	Keyboard events cleared
749.7077 	EXP 	noise_3: autoDraw = False
749.7077 	EXP 	surround_grating: autoDraw = False
749.7077 	EXP 	center_grating: autoDraw = False
749.7077 	EXP 	text_2: autoDraw = False
749.7077 	EXP 	surround_grating: ori = -15.0
749.7077 	EXP 	surround_grating: sf = array([2.5, 2.5])
749.7077 	EXP 	surround_grating: phase = array([0.11900394, 0.11900394])
749.7077 	EXP 	center_grating: ori = 0.0
749.7077 	EXP 	center_grating: sf = array([2.5, 2.5])
749.7077 	EXP 	center_grating: phase = array([0.42663747, 0.42663747])
750.4432 	EXP 	noise_3: autoDraw = True
750.4432 	EXP 	surround_grating: autoDraw = True
750.4432 	EXP 	center_grating: autoDraw = True
750.5152 	EXP 	noise_3: autoDraw = False
750.5152 	EXP 	surround_grating: autoDraw = False
750.5152 	EXP 	center_grating: autoDraw = False
750.8470 	EXP 	New trial (rep=0, index=387): <Trial 387 (387 in rep 0) data={'center': 6, 'surround': 15.0, 'type': 'c+6', 'surr_type': 'poss', 'orient_opacity': 100, 'noise_opacity': 0, 'isi': 1.25, 'thisN': 387, 'thisTrialN': 387, 'thisRepN': 0}>
750.8525 	DATA 	Keypress: z
750.8584 	INFO 	Keyboard events cleared
750.8580 	EXP 	noise_3: autoDraw = False
750.8580 	EXP 	surround_grating: autoDraw = False
750.8580 	EXP 	center_grating: autoDraw = False
750.8580 	EXP 	text_2: autoDraw = False
750.8580 	EXP 	surround_grating: ori = 15.0
750.8580 	EXP 	surround_grating: sf = array([2.5, 2.5])
750.8580 	EXP 	surround_grating: phase = array([0.74704935, 0.74704935])
750.8580 	EXP 	center_grating: ori = 6.0
750.8580 	EXP 	center_grating: sf = array([2.5, 2.5])
750.8580 	EXP 	center_grating: phase = array([0.57170566, 0.57170566])
752.0933 	EXP 	noise_3: autoDraw = True
752.0933 	EXP 	surround_grating: autoDraw = True
752.0933 	EXP 	center_grating: autoDraw = True
752.1658 	EXP 	noise_3: autoDraw = False
752.1658 	EXP 	surround_grating: autoDraw = False
752.1658 	EXP 	center_grating: autoDraw = False
752.5636 	EXP 	New trial (rep=0, index=388): <Trial 388 (388 in rep 0) data={'center': 2, 'surround': 0.0, 'type': 'c+2', 'surr_type': 'noss', 'orient_opacity': 0, 'noise_opacity': 100, 'isi': 0.5, 'thisN': 388, 'thisTrialN': 388, 'thisRepN': 0}>
752.5691 	DATA 	Keypress: period
752.5750 	INFO 	Keyboard events cleared
752.5746 	EXP 	noise_3: autoDraw = False
752.5746 	EXP 	surround_grating: autoDraw = False
752.5746 	EXP 	center_grating: autoDraw = False
752.5746 	EXP 	text_2: autoDraw = False
752.5746 	EXP 	surround_grating: ori = 0.0
752.5746 	EXP 	surround_grating: sf = array([2.5, 2.5])
752.5746 	EXP 	surround_grating: phase = array([0.75431729, 0.75431729])
752.5746 	EXP 	center_grating: ori = 2.0
752.5746 	EXP 	center_grating: sf = array([2.5, 2.5])
752.5746 	EXP 	center_grating: phase = array([0.10207037, 0.10207037])
753.0599 	EXP 	noise_3: autoDraw = True
753.0599 	EXP 	surround_grating: autoDraw = True
753.0599 	EXP 	center_grating: autoDraw = True
753.1329 	EXP 	noise_3: autoDraw = False
753.1329 	EXP 	surround_grating: autoDraw = False
753.1329 	EXP 	center_grating: autoDraw = False
753.5009 	EXP 	New trial (rep=0, index=389): <Trial 389 (389 in rep 0) data={'center': 2, 'surround': 15.0, 'type': 'c+2', 'surr_type': 'poss', 'orient_opacity': 100, 'noise_opacity': 0, 'isi': 0.75, 'thisN': 389, 'thisTrialN': 389, 'thisRepN': 0}>
753.5060 	DATA 	Keypress: period
753.5123 	INFO 	Keyboard events cleared
753.5119 	EXP 	noise_3: autoDraw = False
753.5119 	EXP 	surround_grating: autoDraw = False
753.5119 	EXP 	center_grating: autoDraw = False
753.5119 	EXP 	text_2: autoDraw = False
753.5119 	EXP 	surround_grating: ori = 15.0
753.5119 	EXP 	surround_grating: sf = array([2.5, 2.5])
753.5119 	EXP 	surround_grating: phase = array([0.95642159, 0.95642159])
753.5119 	EXP 	center_grating: ori = 2.0
753.5119 	EXP 	center_grating: sf = array([2.5, 2.5])
753.5119 	EXP 	center_grating: phase = array([0.48134714, 0.48134714])
754.2425 	EXP 	noise_3: autoDraw = True
754.2425 	EXP 	surround_grating: autoDraw = True
754.2425 	EXP 	center_grating: autoDraw = True
754.3155 	EXP 	noise_3: autoDraw = False
754.3155 	EXP 	surround_grating: autoDraw = False
754.3155 	EXP 	center_grating: autoDraw = False
754.8139 	EXP 	New trial (rep=0, index=390): <Trial 390 (390 in rep 0) data={'center': 0, 'surround': 0.0, 'type': 'c+0', 'surr_type': 'noss', 'orient_opacity': 0, 'noise_opacity': 100, 'isi': 1.0, 'thisN': 390, 'thisTrialN': 390, 'thisRepN': 0}>
754.8190 	DATA 	Keypress: period
754.8252 	INFO 	Keyboard events cleared
754.8248 	EXP 	noise_3: autoDraw = False
754.8248 	EXP 	surround_grating: autoDraw = False
754.8248 	EXP 	center_grating: autoDraw = False
754.8248 	EXP 	text_2: autoDraw = False
754.8248 	EXP 	surround_grating: ori = 0.0
754.8248 	EXP 	surround_grating: sf = array([2.5, 2.5])
754.8248 	EXP 	surround_grating: phase = array([0.51382581, 0.51382581])
754.8248 	EXP 	center_grating: ori = 0.0
754.8248 	EXP 	center_grating: sf = array([2.5, 2.5])
754.8248 	EXP 	center_grating: phase = array([0.92136272, 0.92136272])
755.8100 	EXP 	noise_3: autoDraw = True
755.8100 	EXP 	surround_grating: autoDraw = True
755.8100 	EXP 	center_grating: autoDraw = True
755.8820 	EXP 	noise_3: autoDraw = False
755.8820 	EXP 	surround_grating: autoDraw = False
755.8820 	EXP 	center_grating: autoDraw = False
756.6198 	EXP 	New trial (rep=0, index=391): <Trial 391 (391 in rep 0) data={'center': 2, 'surround': 0.0, 'type': 'c+2', 'surr_type': 'noss', 'orient_opacity': 0, 'noise_opacity': 100, 'isi': 0.5, 'thisN': 391, 'thisTrialN': 391, 'thisRepN': 0}>
756.6249 	DATA 	Keypress: period
756.6303 	INFO 	Keyboard events cleared
756.6298 	EXP 	noise_3: autoDraw = False
756.6298 	EXP 	surround_grating: autoDraw = False
756.6298 	EXP 	center_grating: autoDraw = False
756.6298 	EXP 	text_2: autoDraw = False
756.6298 	EXP 	surround_grating: ori = 0.0
756.6298 	EXP 	surround_grating: sf = array([2.5, 2.5])
756.6298 	EXP 	surround_grating: phase = array([0.67847794, 0.67847794])
756.6298 	EXP 	center_grating: ori = 2.0
756.6298 	EXP 	center_grating: sf = array([2.5, 2.5])
756.6298 	EXP 	center_grating: phase = array([0.61339375, 0.61339375])
757.1196 	EXP 	noise_3: autoDraw = True
757.1196 	EXP 	surround_grating: autoDraw = True
757.1196 	EXP 	center_grating: autoDraw = True
757.1940 	EXP 	noise_3: autoDraw = False
757.1940 	EXP 	surround_grating: autoDraw = False
757.1940 	EXP 	center_grating: autoDraw = False
757.5800 	EXP 	New trial (rep=0, index=392): <Trial 392 (392 in rep 0) data={'center': -4, 'surround': 0.0, 'type': 'c-4', 'surr_type': 'noss', 'orient_opacity': 0, 'noise_opacity': 100, 'isi': 0.75, 'thisN': 392, 'thisTrialN': 392, 'thisRepN': 0}>
757.5852 	DATA 	Keypress: period
757.5914 	INFO 	Keyboard events cleared
757.5909 	EXP 	noise_3: autoDraw = False
757.5909 	EXP 	surround_grating: autoDraw = False
757.5909 	EXP 	center_grating: autoDraw = False
757.5909 	EXP 	text_2: autoDraw = False
757.5909 	EXP 	surround_grating: ori = 0.0
757.5909 	EXP 	surround_grating: sf = array([2.5, 2.5])
757.5909 	EXP 	surround_grating: phase = array([0.17339915, 0.17339915])
757.5909 	EXP 	center_grating: ori = -4.0
757.5909 	EXP 	center_grating: sf = array([2.5, 2.5])
757.5909 	EXP 	center_grating: phase = array([0.42074838, 0.42074838])
758.3268 	EXP 	noise_3: autoDraw = True
758.3268 	EXP 	surround_grating: autoDraw = True
758.3268 	EXP 	center_grating: autoDraw = True
758.3987 	EXP 	noise_3: autoDraw = False
758.3987 	EXP 	surround_grating: autoDraw = False
758.3987 	EXP 	center_grating: autoDraw = False
758.8525 	EXP 	New trial (rep=0, index=393): <Trial 393 (393 in rep 0) data={'center': 0, 'surround': 0.0, 'type': 'c+0', 'surr_type': 'noss', 'orient_opacity': 0, 'noise_opacity': 100, 'isi': 1.0, 'thisN': 393, 'thisTrialN': 393, 'thisRepN': 0}>
758.8579 	DATA 	Keypress: z
758.8639 	INFO 	Keyboard events cleared
758.8634 	EXP 	noise_3: autoDraw = False
758.8634 	EXP 	surround_grating: autoDraw = False
758.8634 	EXP 	center_grating: autoDraw = False
758.8634 	EXP 	text_2: autoDraw = False
758.8634 	EXP 	surround_grating: ori = 0.0
758.8634 	EXP 	surround_grating: sf = array([2.5, 2.5])
758.8634 	EXP 	surround_grating: phase = array([0.97270888, 0.97270888])
758.8634 	EXP 	center_grating: ori = 0.0
758.8634 	EXP 	center_grating: sf = array([2.5, 2.5])
758.8634 	EXP 	center_grating: phase = array([0.68732208, 0.68732208])
759.8513 	EXP 	noise_3: autoDraw = True
759.8513 	EXP 	surround_grating: autoDraw = True
759.8513 	EXP 	center_grating: autoDraw = True
759.9274 	EXP 	noise_3: autoDraw = False
759.9274 	EXP 	surround_grating: autoDraw = False
759.9274 	EXP 	center_grating: autoDraw = False
760.3635 	EXP 	New trial (rep=0, index=394): <Trial 394 (394 in rep 0) data={'center': 2, 'surround': 0.0, 'type': 'c+2', 'surr_type': 'noss', 'orient_opacity': 0, 'noise_opacity': 100, 'isi': 1.25, 'thisN': 394, 'thisTrialN': 394, 'thisRepN': 0}>
760.3696 	DATA 	Keypress: period
760.3755 	INFO 	Keyboard events cleared
760.3751 	EXP 	noise_3: autoDraw = False
760.3751 	EXP 	surround_grating: autoDraw = False
760.3751 	EXP 	center_grating: autoDraw = False
760.3751 	EXP 	text_2: autoDraw = False
760.3751 	EXP 	surround_grating: ori = 0.0
760.3751 	EXP 	surround_grating: sf = array([2.5, 2.5])
760.3751 	EXP 	surround_grating: phase = array([0.00270573, 0.00270573])
760.3751 	EXP 	center_grating: ori = 2.0
760.3751 	EXP 	center_grating: sf = array([2.5, 2.5])
760.3751 	EXP 	center_grating: phase = array([0.67748852, 0.67748852])
761.6103 	EXP 	noise_3: autoDraw = True
761.6103 	EXP 	surround_grating: autoDraw = True
761.6103 	EXP 	center_grating: autoDraw = True
761.6821 	EXP 	noise_3: autoDraw = False
761.6821 	EXP 	surround_grating: autoDraw = False
761.6821 	EXP 	center_grating: autoDraw = False
762.2305 	EXP 	New trial (rep=0, index=395): <Trial 395 (395 in rep 0) data={'center': -8, 'surround': -15.0, 'type': 'c-8', 'surr_type': 'negs', 'orient_opacity': 100, 'noise_opacity': 0, 'isi': 1.0, 'thisN': 395, 'thisTrialN': 395, 'thisRepN': 0}>
762.2359 	DATA 	Keypress: period
762.2418 	INFO 	Keyboard events cleared
762.2413 	EXP 	noise_3: autoDraw = False
762.2413 	EXP 	surround_grating: autoDraw = False
762.2413 	EXP 	center_grating: autoDraw = False
762.2413 	EXP 	text_2: autoDraw = False
762.2413 	EXP 	surround_grating: ori = -15.0
762.2413 	EXP 	surround_grating: sf = array([2.5, 2.5])
762.2413 	EXP 	surround_grating: phase = array([0.05732528, 0.05732528])
762.2413 	EXP 	center_grating: ori = -8.0
762.2413 	EXP 	center_grating: sf = array([2.5, 2.5])
762.2413 	EXP 	center_grating: phase = array([0.58274328, 0.58274328])
763.2270 	EXP 	noise_3: autoDraw = True
763.2270 	EXP 	surround_grating: autoDraw = True
763.2270 	EXP 	center_grating: autoDraw = True
763.2993 	EXP 	noise_3: autoDraw = False
763.2993 	EXP 	surround_grating: autoDraw = False
763.2993 	EXP 	center_grating: autoDraw = False
763.7296 	EXP 	New trial (rep=0, index=396): <Trial 396 (396 in rep 0) data={'center': 2, 'surround': 15.0, 'type': 'c+2', 'surr_type': 'poss', 'orient_opacity': 100, 'noise_opacity': 0, 'isi': 1.0, 'thisN': 396, 'thisTrialN': 396, 'thisRepN': 0}>
763.7345 	DATA 	Keypress: z
763.7406 	INFO 	Keyboard events cleared
763.7402 	EXP 	noise_3: autoDraw = False
763.7402 	EXP 	surround_grating: autoDraw = False
763.7402 	EXP 	center_grating: autoDraw = False
763.7402 	EXP 	text_2: autoDraw = False
763.7402 	EXP 	surround_grating: ori = 15.0
763.7402 	EXP 	surround_grating: sf = array([2.5, 2.5])
763.7402 	EXP 	surround_grating: phase = array([0.26390225, 0.26390225])
763.7402 	EXP 	center_grating: ori = 2.0
763.7402 	EXP 	center_grating: sf = array([2.5, 2.5])
763.7402 	EXP 	center_grating: phase = array([0.14682569, 0.14682569])
764.7270 	EXP 	noise_3: autoDraw = True
764.7270 	EXP 	surround_grating: autoDraw = True
764.7270 	EXP 	center_grating: autoDraw = True
764.7994 	EXP 	noise_3: autoDraw = False
764.7994 	EXP 	surround_grating: autoDraw = False
764.7994 	EXP 	center_grating: autoDraw = False
765.3196 	EXP 	New trial (rep=0, index=397): <Trial 397 (397 in rep 0) data={'center': -2, 'surround': 0.0, 'type': 'c-2', 'surr_type': 'noss', 'orient_opacity': 0, 'noise_opacity': 100, 'isi': 1.0, 'thisN': 397, 'thisTrialN': 397, 'thisRepN': 0}>
765.3246 	DATA 	Keypress: period
765.3305 	INFO 	Keyboard events cleared
765.3301 	EXP 	noise_3: autoDraw = False
765.3301 	EXP 	surround_grating: autoDraw = False
765.3301 	EXP 	center_grating: autoDraw = False
765.3301 	EXP 	text_2: autoDraw = False
765.3301 	EXP 	surround_grating: ori = 0.0
765.3301 	EXP 	surround_grating: sf = array([2.5, 2.5])
765.3301 	EXP 	surround_grating: phase = array([0.85489233, 0.85489233])
765.3301 	EXP 	center_grating: ori = -2.0
765.3301 	EXP 	center_grating: sf = array([2.5, 2.5])
765.3301 	EXP 	center_grating: phase = array([0.78100784, 0.78100784])
766.3199 	EXP 	noise_3: autoDraw = True
766.3199 	EXP 	surround_grating: autoDraw = True
766.3199 	EXP 	center_grating: autoDraw = True
766.3943 	EXP 	noise_3: autoDraw = False
766.3943 	EXP 	surround_grating: autoDraw = False
766.3943 	EXP 	center_grating: autoDraw = False
766.9135 	EXP 	New trial (rep=0, index=398): <Trial 398 (398 in rep 0) data={'center': 0, 'surround': 15.0, 'type': 'c+0', 'surr_type': 'poss', 'orient_opacity': 100, 'noise_opacity': 0, 'isi': 1.25, 'thisN': 398, 'thisTrialN': 398, 'thisRepN': 0}>
766.9188 	DATA 	Keypress: period
766.9248 	INFO 	Keyboard events cleared
766.9243 	EXP 	noise_3: autoDraw = False
766.9243 	EXP 	surround_grating: autoDraw = False
766.9243 	EXP 	center_grating: autoDraw = False
766.9243 	EXP 	text_2: autoDraw = False
766.9243 	EXP 	surround_grating: ori = 15.0
766.9243 	EXP 	surround_grating: sf = array([2.5, 2.5])
766.9243 	EXP 	surround_grating: phase = array([0.03697807, 0.03697807])
766.9243 	EXP 	center_grating: ori = 0.0
766.9243 	EXP 	center_grating: sf = array([2.5, 2.5])
766.9243 	EXP 	center_grating: phase = array([0.39591907, 0.39591907])
768.1607 	EXP 	noise_3: autoDraw = True
768.1607 	EXP 	surround_grating: autoDraw = True
768.1607 	EXP 	center_grating: autoDraw = True
768.2325 	EXP 	noise_3: autoDraw = False
768.2325 	EXP 	surround_grating: autoDraw = False
768.2325 	EXP 	center_grating: autoDraw = False
768.9346 	DATA 	Keypress: z
768.9416 	EXP 	New trial (rep=0, index=399): <Trial 399 (399 in rep 0) data={'center': 2, 'surround': -15.0, 'type': 'c+2', 'surr_type': 'negs', 'orient_opacity': 100, 'noise_opacity': 0, 'isi': 1.25, 'thisN': 399, 'thisTrialN': 399, 'thisRepN': 0}>
768.9488 	INFO 	Keyboard events cleared
768.9485 	EXP 	noise_3: autoDraw = False
768.9485 	EXP 	surround_grating: autoDraw = False
768.9485 	EXP 	center_grating: autoDraw = False
768.9485 	EXP 	text_2: autoDraw = False
768.9485 	EXP 	surround_grating: ori = -15.0
768.9485 	EXP 	surround_grating: sf = array([2.5, 2.5])
768.9485 	EXP 	surround_grating: phase = array([0.40977366, 0.40977366])
768.9485 	EXP 	center_grating: ori = 2.0
768.9485 	EXP 	center_grating: sf = array([2.5, 2.5])
768.9485 	EXP 	center_grating: phase = array([0.84749417, 0.84749417])
770.1867 	EXP 	noise_3: autoDraw = True
770.1867 	EXP 	surround_grating: autoDraw = True
770.1867 	EXP 	center_grating: autoDraw = True
770.2610 	EXP 	noise_3: autoDraw = False
770.2610 	EXP 	surround_grating: autoDraw = False
770.2610 	EXP 	center_grating: autoDraw = False
770.7970 	EXP 	New trial (rep=0, index=400): <Trial 400 (400 in rep 0) data={'center': -4, 'surround': -15.0, 'type': 'c-4', 'surr_type': 'negs', 'orient_opacity': 100, 'noise_opacity': 0, 'isi': 0.5, 'thisN': 400, 'thisTrialN': 400, 'thisRepN': 0}>
770.8021 	DATA 	Keypress: period
770.8083 	INFO 	Keyboard events cleared
770.8077 	EXP 	noise_3: autoDraw = False
770.8077 	EXP 	surround_grating: autoDraw = False
770.8077 	EXP 	center_grating: autoDraw = False
770.8077 	EXP 	text_2: autoDraw = False
770.8077 	EXP 	surround_grating: ori = -15.0
770.8077 	EXP 	surround_grating: sf = array([2.5, 2.5])
770.8077 	EXP 	surround_grating: phase = array([0.24402499, 0.24402499])
770.8077 	EXP 	center_grating: ori = -4.0
770.8077 	EXP 	center_grating: sf = array([2.5, 2.5])
770.8077 	EXP 	center_grating: phase = array([0.27150232, 0.27150232])
771.2940 	EXP 	noise_3: autoDraw = True
771.2940 	EXP 	surround_grating: autoDraw = True
771.2940 	EXP 	center_grating: autoDraw = True
771.3660 	EXP 	noise_3: autoDraw = False
771.3660 	EXP 	surround_grating: autoDraw = False
771.3660 	EXP 	center_grating: autoDraw = False
771.9021 	EXP 	New trial (rep=0, index=401): <Trial 401 (401 in rep 0) data={'center': 2, 'surround': -15.0, 'type': 'c+2', 'surr_type': 'negs', 'orient_opacity': 100, 'noise_opacity': 0, 'isi': 1.0, 'thisN': 401, 'thisTrialN': 401, 'thisRepN': 0}>
771.9078 	DATA 	Keypress: period
771.9141 	INFO 	Keyboard events cleared
771.9134 	EXP 	noise_3: autoDraw = False
771.9134 	EXP 	surround_grating: autoDraw = False
771.9134 	EXP 	center_grating: autoDraw = False
771.9134 	EXP 	text_2: autoDraw = False
771.9134 	EXP 	surround_grating: ori = -15.0
771.9134 	EXP 	surround_grating: sf = array([2.5, 2.5])
771.9134 	EXP 	surround_grating: phase = array([0.96355877, 0.96355877])
771.9134 	EXP 	center_grating: ori = 2.0
771.9134 	EXP 	center_grating: sf = array([2.5, 2.5])
771.9134 	EXP 	center_grating: phase = array([0.86916447, 0.86916447])
772.9041 	EXP 	noise_3: autoDraw = True
772.9041 	EXP 	surround_grating: autoDraw = True
772.9041 	EXP 	center_grating: autoDraw = True
772.9781 	EXP 	noise_3: autoDraw = False
772.9781 	EXP 	surround_grating: autoDraw = False
772.9781 	EXP 	center_grating: autoDraw = False
773.4527 	EXP 	New trial (rep=0, index=402): <Trial 402 (402 in rep 0) data={'center': -2, 'surround': 15.0, 'type': 'c-2', 'surr_type': 'poss', 'orient_opacity': 100, 'noise_opacity': 0, 'isi': 1.25, 'thisN': 402, 'thisTrialN': 402, 'thisRepN': 0}>
773.4579 	DATA 	Keypress: period
773.4639 	INFO 	Keyboard events cleared
773.4634 	EXP 	noise_3: autoDraw = False
773.4634 	EXP 	surround_grating: autoDraw = False
773.4634 	EXP 	center_grating: autoDraw = False
773.4634 	EXP 	text_2: autoDraw = False
773.4634 	EXP 	surround_grating: ori = 15.0
773.4634 	EXP 	surround_grating: sf = array([2.5, 2.5])
773.4634 	EXP 	surround_grating: phase = array([0.69237691, 0.69237691])
773.4634 	EXP 	center_grating: ori = -2.0
773.4634 	EXP 	center_grating: sf = array([2.5, 2.5])
773.4634 	EXP 	center_grating: phase = array([0.149833, 0.149833])
774.7029 	EXP 	noise_3: autoDraw = True
774.7029 	EXP 	surround_grating: autoDraw = True
774.7029 	EXP 	center_grating: autoDraw = True
774.7780 	EXP 	noise_3: autoDraw = False
774.7780 	EXP 	surround_grating: autoDraw = False
774.7780 	EXP 	center_grating: autoDraw = False
775.2475 	EXP 	New trial (rep=0, index=403): <Trial 403 (403 in rep 0) data={'center': 2, 'surround': 0.0, 'type': 'c+2', 'surr_type': 'noss', 'orient_opacity': 0, 'noise_opacity': 100, 'isi': 0.75, 'thisN': 403, 'thisTrialN': 403, 'thisRepN': 0}>
775.2531 	DATA 	Keypress: z
775.2590 	INFO 	Keyboard events cleared
775.2585 	EXP 	noise_3: autoDraw = False
775.2585 	EXP 	surround_grating: autoDraw = False
775.2585 	EXP 	center_grating: autoDraw = False
775.2585 	EXP 	text_2: autoDraw = False
775.2585 	EXP 	surround_grating: ori = 0.0
775.2585 	EXP 	surround_grating: sf = array([2.5, 2.5])
775.2585 	EXP 	surround_grating: phase = array([0.44370181, 0.44370181])
775.2585 	EXP 	center_grating: ori = 2.0
775.2585 	EXP 	center_grating: sf = array([2.5, 2.5])
775.2585 	EXP 	center_grating: phase = array([0.6718093, 0.6718093])
775.9942 	EXP 	noise_3: autoDraw = True
775.9942 	EXP 	surround_grating: autoDraw = True
775.9942 	EXP 	center_grating: autoDraw = True
776.0662 	EXP 	noise_3: autoDraw = False
776.0662 	EXP 	surround_grating: autoDraw = False
776.0662 	EXP 	center_grating: autoDraw = False
776.5714 	EXP 	New trial (rep=0, index=404): <Trial 404 (404 in rep 0) data={'center': -4, 'surround': -15.0, 'type': 'c-4', 'surr_type': 'negs', 'orient_opacity': 100, 'noise_opacity': 0, 'isi': 1.0, 'thisN': 404, 'thisTrialN': 404, 'thisRepN': 0}>
776.5764 	DATA 	Keypress: period
776.5818 	INFO 	Keyboard events cleared
776.5813 	EXP 	noise_3: autoDraw = False
776.5813 	EXP 	surround_grating: autoDraw = False
776.5813 	EXP 	center_grating: autoDraw = False
776.5813 	EXP 	text_2: autoDraw = False
776.5813 	EXP 	surround_grating: ori = -15.0
776.5813 	EXP 	surround_grating: sf = array([2.5, 2.5])
776.5813 	EXP 	surround_grating: phase = array([0.19364681, 0.19364681])
776.5813 	EXP 	center_grating: ori = -4.0
776.5813 	EXP 	center_grating: sf = array([2.5, 2.5])
776.5813 	EXP 	center_grating: phase = array([0.92793739, 0.92793739])
777.5703 	EXP 	noise_3: autoDraw = True
777.5703 	EXP 	surround_grating: autoDraw = True
777.5703 	EXP 	center_grating: autoDraw = True
777.6447 	EXP 	noise_3: autoDraw = False
777.6447 	EXP 	surround_grating: autoDraw = False
777.6447 	EXP 	center_grating: autoDraw = False
778.2038 	EXP 	New trial (rep=0, index=405): <Trial 405 (405 in rep 0) data={'center': 0, 'surround': 15.0, 'type': 'c+0', 'surr_type': 'poss', 'orient_opacity': 100, 'noise_opacity': 0, 'isi': 0.75, 'thisN': 405, 'thisTrialN': 405, 'thisRepN': 0}>
778.2089 	DATA 	Keypress: period
778.2143 	INFO 	Keyboard events cleared
778.2137 	EXP 	noise_3: autoDraw = False
778.2137 	EXP 	surround_grating: autoDraw = False
778.2137 	EXP 	center_grating: autoDraw = False
778.2137 	EXP 	text_2: autoDraw = False
778.2137 	EXP 	surround_grating: ori = 15.0
778.2137 	EXP 	surround_grating: sf = array([2.5, 2.5])
778.2137 	EXP 	surround_grating: phase = array([0.44168798, 0.44168798])
778.2137 	EXP 	center_grating: ori = 0.0
778.2137 	EXP 	center_grating: sf = array([2.5, 2.5])
778.2137 	EXP 	center_grating: phase = array([0.92082483, 0.92082483])
778.9535 	EXP 	noise_3: autoDraw = True
778.9535 	EXP 	surround_grating: autoDraw = True
778.9535 	EXP 	center_grating: autoDraw = True
779.0281 	EXP 	noise_3: autoDraw = False
779.0281 	EXP 	surround_grating: autoDraw = False
779.0281 	EXP 	center_grating: autoDraw = False
779.5140 	EXP 	New trial (rep=0, index=406): <Trial 406 (406 in rep 0) data={'center': -2, 'surround': 0.0, 'type': 'c-2', 'surr_type': 'noss', 'orient_opacity': 0, 'noise_opacity': 100, 'isi': 1.25, 'thisN': 406, 'thisTrialN': 406, 'thisRepN': 0}>
779.5195 	DATA 	Keypress: z
779.5254 	INFO 	Keyboard events cleared
779.5248 	EXP 	noise_3: autoDraw = False
779.5248 	EXP 	surround_grating: autoDraw = False
779.5248 	EXP 	center_grating: autoDraw = False
779.5248 	EXP 	text_2: autoDraw = False
779.5248 	EXP 	surround_grating: ori = 0.0
779.5248 	EXP 	surround_grating: sf = array([2.5, 2.5])
779.5248 	EXP 	surround_grating: phase = array([0.62209878, 0.62209878])
779.5248 	EXP 	center_grating: ori = -2.0
779.5248 	EXP 	center_grating: sf = array([2.5, 2.5])
779.5248 	EXP 	center_grating: phase = array([0.89339213, 0.89339213])
780.7609 	EXP 	noise_3: autoDraw = True
780.7609 	EXP 	surround_grating: autoDraw = True
780.7609 	EXP 	center_grating: autoDraw = True
780.8333 	EXP 	noise_3: autoDraw = False
780.8333 	EXP 	surround_grating: autoDraw = False
780.8333 	EXP 	center_grating: autoDraw = False
781.2306 	EXP 	New trial (rep=0, index=407): <Trial 407 (407 in rep 0) data={'center': -2, 'surround': -15.0, 'type': 'c-2', 'surr_type': 'negs', 'orient_opacity': 100, 'noise_opacity': 0, 'isi': 1.0, 'thisN': 407, 'thisTrialN': 407, 'thisRepN': 0}>
781.2356 	DATA 	Keypress: period
781.2417 	INFO 	Keyboard events cleared
781.2413 	EXP 	noise_3: autoDraw = False
781.2413 	EXP 	surround_grating: autoDraw = False
781.2413 	EXP 	center_grating: autoDraw = False
781.2413 	EXP 	text_2: autoDraw = False
781.2413 	EXP 	surround_grating: ori = -15.0
781.2413 	EXP 	surround_grating: sf = array([2.5, 2.5])
781.2413 	EXP 	surround_grating: phase = array([0.28177942, 0.28177942])
781.2413 	EXP 	center_grating: ori = -2.0
781.2413 	EXP 	center_grating: sf = array([2.5, 2.5])
781.2413 	EXP 	center_grating: phase = array([0.42284549, 0.42284549])
782.2277 	EXP 	noise_3: autoDraw = True
782.2277 	EXP 	surround_grating: autoDraw = True
782.2277 	EXP 	center_grating: autoDraw = True
782.2994 	EXP 	noise_3: autoDraw = False
782.2994 	EXP 	surround_grating: autoDraw = False
782.2994 	EXP 	center_grating: autoDraw = False
782.7855 	EXP 	New trial (rep=0, index=408): <Trial 408 (408 in rep 0) data={'center': 6, 'surround': 15.0, 'type': 'c+6', 'surr_type': 'poss', 'orient_opacity': 100, 'noise_opacity': 0, 'isi': 0.75, 'thisN': 408, 'thisTrialN': 408, 'thisRepN': 0}>
782.7907 	DATA 	Keypress: period
782.7966 	INFO 	Keyboard events cleared
782.7962 	EXP 	noise_3: autoDraw = False
782.7962 	EXP 	surround_grating: autoDraw = False
782.7962 	EXP 	center_grating: autoDraw = False
782.7962 	EXP 	text_2: autoDraw = False
782.7962 	EXP 	surround_grating: ori = 15.0
782.7962 	EXP 	surround_grating: sf = array([2.5, 2.5])
782.7962 	EXP 	surround_grating: phase = array([0.27029789, 0.27029789])
782.7962 	EXP 	center_grating: ori = 6.0
782.7962 	EXP 	center_grating: sf = array([2.5, 2.5])
782.7962 	EXP 	center_grating: phase = array([0.64893942, 0.64893942])
783.5376 	EXP 	noise_3: autoDraw = True
783.5376 	EXP 	surround_grating: autoDraw = True
783.5376 	EXP 	center_grating: autoDraw = True
783.6117 	EXP 	noise_3: autoDraw = False
783.6117 	EXP 	surround_grating: autoDraw = False
783.6117 	EXP 	center_grating: autoDraw = False
783.9970 	EXP 	New trial (rep=0, index=409): <Trial 409 (409 in rep 0) data={'center': -4, 'surround': 0.0, 'type': 'c-4', 'surr_type': 'noss', 'orient_opacity': 0, 'noise_opacity': 100, 'isi': 0.5, 'thisN': 409, 'thisTrialN': 409, 'thisRepN': 0}>
784.0020 	DATA 	Keypress: period
784.0078 	INFO 	Keyboard events cleared
784.0071 	EXP 	noise_3: autoDraw = False
784.0071 	EXP 	surround_grating: autoDraw = False
784.0071 	EXP 	center_grating: autoDraw = False
784.0071 	EXP 	text_2: autoDraw = False
784.0071 	EXP 	surround_grating: ori = 0.0
784.0071 	EXP 	surround_grating: sf = array([2.5, 2.5])
784.0071 	EXP 	surround_grating: phase = array([0.745763, 0.745763])
784.0071 	EXP 	center_grating: ori = -4.0
784.0071 	EXP 	center_grating: sf = array([2.5, 2.5])
784.0071 	EXP 	center_grating: phase = array([0.30564538, 0.30564538])
784.4937 	EXP 	noise_3: autoDraw = True
784.4937 	EXP 	surround_grating: autoDraw = True
784.4937 	EXP 	center_grating: autoDraw = True
784.5675 	EXP 	noise_3: autoDraw = False
784.5675 	EXP 	surround_grating: autoDraw = False
784.5675 	EXP 	center_grating: autoDraw = False
785.0147 	EXP 	New trial (rep=0, index=410): <Trial 410 (410 in rep 0) data={'center': 0, 'surround': -15.0, 'type': 'c+0', 'surr_type': 'negs', 'orient_opacity': 100, 'noise_opacity': 0, 'isi': 1.0, 'thisN': 410, 'thisTrialN': 410, 'thisRepN': 0}>
785.0202 	DATA 	Keypress: z
785.0261 	INFO 	Keyboard events cleared
785.0256 	EXP 	noise_3: autoDraw = False
785.0256 	EXP 	surround_grating: autoDraw = False
785.0256 	EXP 	center_grating: autoDraw = False
785.0256 	EXP 	text_2: autoDraw = False
785.0256 	EXP 	surround_grating: ori = -15.0
785.0256 	EXP 	surround_grating: sf = array([2.5, 2.5])
785.0256 	EXP 	surround_grating: phase = array([0.22811802, 0.22811802])
785.0256 	EXP 	center_grating: ori = 0.0
785.0256 	EXP 	center_grating: sf = array([2.5, 2.5])
785.0256 	EXP 	center_grating: phase = array([0.78217945, 0.78217945])
786.0112 	EXP 	noise_3: autoDraw = True
786.0112 	EXP 	surround_grating: autoDraw = True
786.0112 	EXP 	center_grating: autoDraw = True
786.0828 	EXP 	noise_3: autoDraw = False
786.0828 	EXP 	surround_grating: autoDraw = False
786.0828 	EXP 	center_grating: autoDraw = False
786.5556 	DATA 	Keypress: period
786.5626 	EXP 	New trial (rep=0, index=411): <Trial 411 (411 in rep 0) data={'center': 6, 'surround': 15.0, 'type': 'c+6', 'surr_type': 'poss', 'orient_opacity': 100, 'noise_opacity': 0, 'isi': 0.75, 'thisN': 411, 'thisTrialN': 411, 'thisRepN': 0}>
786.5699 	INFO 	Keyboard events cleared
786.5695 	EXP 	noise_3: autoDraw = False
786.5695 	EXP 	surround_grating: autoDraw = False
786.5695 	EXP 	center_grating: autoDraw = False
786.5695 	EXP 	text_2: autoDraw = False
786.5695 	EXP 	surround_grating: ori = 15.0
786.5695 	EXP 	surround_grating: sf = array([2.5, 2.5])
786.5695 	EXP 	surround_grating: phase = array([0.39067064, 0.39067064])
786.5695 	EXP 	center_grating: ori = 6.0
786.5695 	EXP 	center_grating: sf = array([2.5, 2.5])
786.5695 	EXP 	center_grating: phase = array([0.94502781, 0.94502781])
787.3041 	EXP 	noise_3: autoDraw = True
787.3041 	EXP 	surround_grating: autoDraw = True
787.3041 	EXP 	center_grating: autoDraw = True
787.3786 	EXP 	noise_3: autoDraw = False
787.3786 	EXP 	surround_grating: autoDraw = False
787.3786 	EXP 	center_grating: autoDraw = False
788.0031 	EXP 	New trial (rep=0, index=412): <Trial 412 (412 in rep 0) data={'center': -8, 'surround': -15.0, 'type': 'c-8', 'surr_type': 'negs', 'orient_opacity': 100, 'noise_opacity': 0, 'isi': 0.75, 'thisN': 412, 'thisTrialN': 412, 'thisRepN': 0}>
788.0082 	DATA 	Keypress: z
788.0143 	INFO 	Keyboard events cleared
788.0139 	EXP 	noise_3: autoDraw = False
788.0139 	EXP 	surround_grating: autoDraw = False
788.0139 	EXP 	center_grating: autoDraw = False
788.0139 	EXP 	text_2: autoDraw = False
788.0139 	EXP 	surround_grating: ori = -15.0
788.0139 	EXP 	surround_grating: sf = array([2.5, 2.5])
788.0139 	EXP 	surround_grating: phase = array([0.31756896, 0.31756896])
788.0139 	EXP 	center_grating: ori = -8.0
788.0139 	EXP 	center_grating: sf = array([2.5, 2.5])
788.0139 	EXP 	center_grating: phase = array([0.15601601, 0.15601601])
788.7543 	EXP 	noise_3: autoDraw = True
788.7543 	EXP 	surround_grating: autoDraw = True
788.7543 	EXP 	center_grating: autoDraw = True
788.8284 	EXP 	noise_3: autoDraw = False
788.8284 	EXP 	surround_grating: autoDraw = False
788.8284 	EXP 	center_grating: autoDraw = False
789.2375 	EXP 	New trial (rep=0, index=413): <Trial 413 (413 in rep 0) data={'center': 4, 'surround': 0.0, 'type': 'c+4', 'surr_type': 'noss', 'orient_opacity': 0, 'noise_opacity': 100, 'isi': 0.5, 'thisN': 413, 'thisTrialN': 413, 'thisRepN': 0}>
789.2427 	DATA 	Keypress: z
789.2480 	INFO 	Keyboard events cleared
789.2475 	EXP 	noise_3: autoDraw = False
789.2475 	EXP 	surround_grating: autoDraw = False
789.2475 	EXP 	center_grating: autoDraw = False
789.2475 	EXP 	text_2: autoDraw = False
789.2475 	EXP 	surround_grating: ori = 0.0
789.2475 	EXP 	surround_grating: sf = array([2.5, 2.5])
789.2475 	EXP 	surround_grating: phase = array([0.8053173, 0.8053173])
789.2475 	EXP 	center_grating: ori = 4.0
789.2475 	EXP 	center_grating: sf = array([2.5, 2.5])
789.2475 	EXP 	center_grating: phase = array([0.76222423, 0.76222423])
789.7377 	EXP 	noise_3: autoDraw = True
789.7377 	EXP 	surround_grating: autoDraw = True
789.7377 	EXP 	center_grating: autoDraw = True
789.8119 	EXP 	noise_3: autoDraw = False
789.8119 	EXP 	surround_grating: autoDraw = False
789.8119 	EXP 	center_grating: autoDraw = False
790.2821 	EXP 	New trial (rep=0, index=414): <Trial 414 (414 in rep 0) data={'center': 0, 'surround': 15.0, 'type': 'c+0', 'surr_type': 'poss', 'orient_opacity': 100, 'noise_opacity': 0, 'isi': 0.75, 'thisN': 414, 'thisTrialN': 414, 'thisRepN': 0}>
790.2876 	DATA 	Keypress: period
790.2936 	INFO 	Keyboard events cleared
790.2932 	EXP 	noise_3: autoDraw = False
790.2932 	EXP 	surround_grating: autoDraw = False
790.2932 	EXP 	center_grating: autoDraw = False
790.2932 	EXP 	text_2: autoDraw = False
790.2932 	EXP 	surround_grating: ori = 15.0
790.2932 	EXP 	surround_grating: sf = array([2.5, 2.5])
790.2932 	EXP 	surround_grating: phase = array([0.62308153, 0.62308153])
790.2932 	EXP 	center_grating: ori = 0.0
790.2932 	EXP 	center_grating: sf = array([2.5, 2.5])
790.2932 	EXP 	center_grating: phase = array([0.04633524, 0.04633524])
791.0281 	EXP 	noise_3: autoDraw = True
791.0281 	EXP 	surround_grating: autoDraw = True
791.0281 	EXP 	center_grating: autoDraw = True
791.1011 	EXP 	noise_3: autoDraw = False
791.1011 	EXP 	surround_grating: autoDraw = False
791.1011 	EXP 	center_grating: autoDraw = False
791.5698 	EXP 	New trial (rep=0, index=415): <Trial 415 (415 in rep 0) data={'center': 0, 'surround': 0.0, 'type': 'c+0', 'surr_type': 'noss', 'orient_opacity': 0, 'noise_opacity': 100, 'isi': 0.75, 'thisN': 415, 'thisTrialN': 415, 'thisRepN': 0}>
791.5748 	DATA 	Keypress: z
791.5812 	INFO 	Keyboard events cleared
791.5807 	EXP 	noise_3: autoDraw = False
791.5807 	EXP 	surround_grating: autoDraw = False
791.5807 	EXP 	center_grating: autoDraw = False
791.5807 	EXP 	text_2: autoDraw = False
791.5807 	EXP 	surround_grating: ori = 0.0
791.5807 	EXP 	surround_grating: sf = array([2.5, 2.5])
791.5807 	EXP 	surround_grating: phase = array([0.88869772, 0.88869772])
791.5807 	EXP 	center_grating: ori = 0.0
791.5807 	EXP 	center_grating: sf = array([2.5, 2.5])
791.5807 	EXP 	center_grating: phase = array([0.93036087, 0.93036087])
792.3213 	EXP 	noise_3: autoDraw = True
792.3213 	EXP 	surround_grating: autoDraw = True
792.3213 	EXP 	center_grating: autoDraw = True
792.4010 	EXP 	noise_3: autoDraw = False
792.4010 	EXP 	surround_grating: autoDraw = False
792.4010 	EXP 	center_grating: autoDraw = False
792.8692 	EXP 	New trial (rep=0, index=416): <Trial 416 (416 in rep 0) data={'center': -8, 'surround': -15.0, 'type': 'c-8', 'surr_type': 'negs', 'orient_opacity': 100, 'noise_opacity': 0, 'isi': 0.5, 'thisN': 416, 'thisTrialN': 416, 'thisRepN': 0}>
792.8745 	DATA 	Keypress: period
792.8805 	INFO 	Keyboard events cleared
792.8800 	EXP 	noise_3: autoDraw = False
792.8800 	EXP 	surround_grating: autoDraw = False
792.8800 	EXP 	center_grating: autoDraw = False
792.8800 	EXP 	text_2: autoDraw = False
792.8800 	EXP 	surround_grating: ori = -15.0
792.8800 	EXP 	surround_grating: sf = array([2.5, 2.5])
792.8800 	EXP 	surround_grating: phase = array([0.92024959, 0.92024959])
792.8800 	EXP 	center_grating: ori = -8.0
792.8800 	EXP 	center_grating: sf = array([2.5, 2.5])
792.8800 	EXP 	center_grating: phase = array([0.23999603, 0.23999603])
793.3709 	EXP 	noise_3: autoDraw = True
793.3709 	EXP 	surround_grating: autoDraw = True
793.3709 	EXP 	center_grating: autoDraw = True
793.4453 	EXP 	noise_3: autoDraw = False
793.4453 	EXP 	surround_grating: autoDraw = False
793.4453 	EXP 	center_grating: autoDraw = False
793.8372 	EXP 	New trial (rep=0, index=417): <Trial 417 (417 in rep 0) data={'center': 6, 'surround': 15.0, 'type': 'c+6', 'surr_type': 'poss', 'orient_opacity': 100, 'noise_opacity': 0, 'isi': 1.0, 'thisN': 417, 'thisTrialN': 417, 'thisRepN': 0}>
793.8424 	DATA 	Keypress: z
793.8482 	INFO 	Keyboard events cleared
793.8477 	EXP 	noise_3: autoDraw = False
793.8477 	EXP 	surround_grating: autoDraw = False
793.8477 	EXP 	center_grating: autoDraw = False
793.8477 	EXP 	text_2: autoDraw = False
793.8477 	EXP 	surround_grating: ori = 15.0
793.8477 	EXP 	surround_grating: sf = array([2.5, 2.5])
793.8477 	EXP 	surround_grating: phase = array([0.6422012, 0.6422012])
793.8477 	EXP 	center_grating: ori = 6.0
793.8477 	EXP 	center_grating: sf = array([2.5, 2.5])
793.8477 	EXP 	center_grating: phase = array([0.8009137, 0.8009137])
794.8378 	EXP 	noise_3: autoDraw = True
794.8378 	EXP 	surround_grating: autoDraw = True
794.8378 	EXP 	center_grating: autoDraw = True
794.9120 	EXP 	noise_3: autoDraw = False
794.9120 	EXP 	surround_grating: autoDraw = False
794.9120 	EXP 	center_grating: autoDraw = False
795.5166 	EXP 	New trial (rep=0, index=418): <Trial 418 (418 in rep 0) data={'center': -2, 'surround': 0.0, 'type': 'c-2', 'surr_type': 'noss', 'orient_opacity': 0, 'noise_opacity': 100, 'isi': 1.0, 'thisN': 418, 'thisTrialN': 418, 'thisRepN': 0}>
795.5220 	DATA 	Keypress: period
795.5285 	INFO 	Keyboard events cleared
795.5278 	EXP 	noise_3: autoDraw = False
795.5278 	EXP 	surround_grating: autoDraw = False
795.5278 	EXP 	center_grating: autoDraw = False
795.5278 	EXP 	text_2: autoDraw = False
795.5278 	EXP 	surround_grating: ori = 0.0
795.5278 	EXP 	surround_grating: sf = array([2.5, 2.5])
795.5278 	EXP 	surround_grating: phase = array([0.75500191, 0.75500191])
795.5278 	EXP 	center_grating: ori = -2.0
795.5278 	EXP 	center_grating: sf = array([2.5, 2.5])
795.5278 	EXP 	center_grating: phase = array([0.29173434, 0.29173434])
796.5116 	EXP 	noise_3: autoDraw = True
796.5116 	EXP 	surround_grating: autoDraw = True
796.5116 	EXP 	center_grating: autoDraw = True
796.5840 	EXP 	noise_3: autoDraw = False
796.5840 	EXP 	surround_grating: autoDraw = False
796.5840 	EXP 	center_grating: autoDraw = False
797.0981 	EXP 	New trial (rep=0, index=419): <Trial 419 (419 in rep 0) data={'center': -2, 'surround': 15.0, 'type': 'c-2', 'surr_type': 'poss', 'orient_opacity': 100, 'noise_opacity': 0, 'isi': 0.5, 'thisN': 419, 'thisTrialN': 419, 'thisRepN': 0}>
797.1038 	DATA 	Keypress: period
797.1098 	INFO 	Keyboard events cleared
797.1093 	EXP 	noise_3: autoDraw = False
797.1093 	EXP 	surround_grating: autoDraw = False
797.1093 	EXP 	center_grating: autoDraw = False
797.1093 	EXP 	text_2: autoDraw = False
797.1093 	EXP 	surround_grating: ori = 15.0
797.1093 	EXP 	surround_grating: sf = array([2.5, 2.5])
797.1093 	EXP 	surround_grating: phase = array([0.99795497, 0.99795497])
797.1093 	EXP 	center_grating: ori = -2.0
797.1093 	EXP 	center_grating: sf = array([2.5, 2.5])
797.1093 	EXP 	center_grating: phase = array([0.76992364, 0.76992364])
797.5950 	EXP 	noise_3: autoDraw = True
797.5950 	EXP 	surround_grating: autoDraw = True
797.5950 	EXP 	center_grating: autoDraw = True
797.6675 	EXP 	noise_3: autoDraw = False
797.6675 	EXP 	surround_grating: autoDraw = False
797.6675 	EXP 	center_grating: autoDraw = False
798.1184 	DATA 	Keypress: z
798.1253 	EXP 	New trial (rep=0, index=420): <Trial 420 (420 in rep 0) data={'center': -2, 'surround': 15.0, 'type': 'c-2', 'surr_type': 'poss', 'orient_opacity': 100, 'noise_opacity': 0, 'isi': 0.75, 'thisN': 420, 'thisTrialN': 420, 'thisRepN': 0}>
798.1320 	INFO 	Keyboard events cleared
798.1316 	EXP 	noise_3: autoDraw = False
798.1316 	EXP 	surround_grating: autoDraw = False
798.1316 	EXP 	center_grating: autoDraw = False
798.1316 	EXP 	text_2: autoDraw = False
798.1316 	EXP 	surround_grating: ori = 15.0
798.1316 	EXP 	surround_grating: sf = array([2.5, 2.5])
798.1316 	EXP 	surround_grating: phase = array([0.58783131, 0.58783131])
798.1316 	EXP 	center_grating: ori = -2.0
798.1316 	EXP 	center_grating: sf = array([2.5, 2.5])
798.1316 	EXP 	center_grating: phase = array([0.5781754, 0.5781754])
798.8710 	EXP 	noise_3: autoDraw = True
798.8710 	EXP 	surround_grating: autoDraw = True
798.8710 	EXP 	center_grating: autoDraw = True
798.9455 	EXP 	noise_3: autoDraw = False
798.9455 	EXP 	surround_grating: autoDraw = False
798.9455 	EXP 	center_grating: autoDraw = False
799.4023 	DATA 	Keypress: z
799.4094 	EXP 	New trial (rep=0, index=421): <Trial 421 (421 in rep 0) data={'center': -6, 'surround': -15.0, 'type': 'c-6', 'surr_type': 'negs', 'orient_opacity': 100, 'noise_opacity': 0, 'isi': 0.5, 'thisN': 421, 'thisTrialN': 421, 'thisRepN': 0}>
799.4163 	INFO 	Keyboard events cleared
799.4159 	EXP 	noise_3: autoDraw = False
799.4159 	EXP 	surround_grating: autoDraw = False
799.4159 	EXP 	center_grating: autoDraw = False
799.4159 	EXP 	text_2: autoDraw = False
799.4159 	EXP 	surround_grating: ori = -15.0
799.4159 	EXP 	surround_grating: sf = array([2.5, 2.5])
799.4159 	EXP 	surround_grating: phase = array([0.48850664, 0.48850664])
799.4159 	EXP 	center_grating: ori = -6.0
799.4159 	EXP 	center_grating: sf = array([2.5, 2.5])
799.4159 	EXP 	center_grating: phase = array([0.02754807, 0.02754807])
799.9051 	EXP 	noise_3: autoDraw = True
799.9051 	EXP 	surround_grating: autoDraw = True
799.9051 	EXP 	center_grating: autoDraw = True
799.9789 	EXP 	noise_3: autoDraw = False
799.9789 	EXP 	surround_grating: autoDraw = False
799.9789 	EXP 	center_grating: autoDraw = False
800.5480 	EXP 	New trial (rep=0, index=422): <Trial 422 (422 in rep 0) data={'center': 0, 'surround': 0.0, 'type': 'c+0', 'surr_type': 'noss', 'orient_opacity': 0, 'noise_opacity': 100, 'isi': 1.25, 'thisN': 422, 'thisTrialN': 422, 'thisRepN': 0}>
800.5534 	DATA 	Keypress: z
800.5592 	INFO 	Keyboard events cleared
800.5587 	EXP 	noise_3: autoDraw = False
800.5587 	EXP 	surround_grating: autoDraw = False
800.5587 	EXP 	center_grating: autoDraw = False
800.5587 	EXP 	text_2: autoDraw = False
800.5587 	EXP 	surround_grating: ori = 0.0
800.5587 	EXP 	surround_grating: sf = array([2.5, 2.5])
800.5587 	EXP 	surround_grating: phase = array([0.49216502, 0.49216502])
800.5587 	EXP 	center_grating: ori = 0.0
800.5587 	EXP 	center_grating: sf = array([2.5, 2.5])
800.5587 	EXP 	center_grating: phase = array([0.35425269, 0.35425269])
801.7940 	EXP 	noise_3: autoDraw = True
801.7940 	EXP 	surround_grating: autoDraw = True
801.7940 	EXP 	center_grating: autoDraw = True
801.8671 	EXP 	noise_3: autoDraw = False
801.8671 	EXP 	surround_grating: autoDraw = False
801.8671 	EXP 	center_grating: autoDraw = False
802.2852 	EXP 	New trial (rep=0, index=423): <Trial 423 (423 in rep 0) data={'center': -4, 'surround': -15.0, 'type': 'c-4', 'surr_type': 'negs', 'orient_opacity': 100, 'noise_opacity': 0, 'isi': 1.25, 'thisN': 423, 'thisTrialN': 423, 'thisRepN': 0}>
802.2906 	DATA 	Keypress: period
802.3126 	INFO 	Keyboard events cleared
802.3120 	EXP 	noise_3: autoDraw = False
802.3120 	EXP 	surround_grating: autoDraw = False
802.3120 	EXP 	center_grating: autoDraw = False
802.3120 	EXP 	text_2: autoDraw = False
802.3120 	EXP 	surround_grating: ori = -15.0
802.3120 	EXP 	surround_grating: sf = array([2.5, 2.5])
802.3120 	EXP 	surround_grating: phase = array([0.67819564, 0.67819564])
802.3120 	EXP 	center_grating: ori = -4.0
802.3120 	EXP 	center_grating: sf = array([2.5, 2.5])
802.3120 	EXP 	center_grating: phase = array([0.28292849, 0.28292849])
803.5285 	EXP 	noise_3: autoDraw = True
803.5285 	EXP 	surround_grating: autoDraw = True
803.5285 	EXP 	center_grating: autoDraw = True
803.6010 	EXP 	noise_3: autoDraw = False
803.6010 	EXP 	surround_grating: autoDraw = False
803.6010 	EXP 	center_grating: autoDraw = False
804.0984 	EXP 	New trial (rep=0, index=424): <Trial 424 (424 in rep 0) data={'center': 2, 'surround': 15.0, 'type': 'c+2', 'surr_type': 'poss', 'orient_opacity': 100, 'noise_opacity': 0, 'isi': 0.75, 'thisN': 424, 'thisTrialN': 424, 'thisRepN': 0}>
804.1040 	DATA 	Keypress: period
804.1098 	INFO 	Keyboard events cleared
804.1093 	EXP 	noise_3: autoDraw = False
804.1093 	EXP 	surround_grating: autoDraw = False
804.1093 	EXP 	center_grating: autoDraw = False
804.1093 	EXP 	text_2: autoDraw = False
804.1093 	EXP 	surround_grating: ori = 15.0
804.1093 	EXP 	surround_grating: sf = array([2.5, 2.5])
804.1093 	EXP 	surround_grating: phase = array([0.68343051, 0.68343051])
804.1093 	EXP 	center_grating: ori = 2.0
804.1093 	EXP 	center_grating: sf = array([2.5, 2.5])
804.1093 	EXP 	center_grating: phase = array([0.52224056, 0.52224056])
804.8453 	EXP 	noise_3: autoDraw = True
804.8453 	EXP 	surround_grating: autoDraw = True
804.8453 	EXP 	center_grating: autoDraw = True
804.9173 	EXP 	noise_3: autoDraw = False
804.9173 	EXP 	surround_grating: autoDraw = False
804.9173 	EXP 	center_grating: autoDraw = False
805.4196 	EXP 	New trial (rep=0, index=425): <Trial 425 (425 in rep 0) data={'center': 4, 'surround': 0.0, 'type': 'c+4', 'surr_type': 'noss', 'orient_opacity': 0, 'noise_opacity': 100, 'isi': 1.25, 'thisN': 425, 'thisTrialN': 425, 'thisRepN': 0}>
805.4247 	DATA 	Keypress: z
805.4307 	INFO 	Keyboard events cleared
805.4302 	EXP 	noise_3: autoDraw = False
805.4302 	EXP 	surround_grating: autoDraw = False
805.4302 	EXP 	center_grating: autoDraw = False
805.4302 	EXP 	text_2: autoDraw = False
805.4302 	EXP 	surround_grating: ori = 0.0
805.4302 	EXP 	surround_grating: sf = array([2.5, 2.5])
805.4302 	EXP 	surround_grating: phase = array([0.16237319, 0.16237319])
805.4302 	EXP 	center_grating: ori = 4.0
805.4302 	EXP 	center_grating: sf = array([2.5, 2.5])
805.4302 	EXP 	center_grating: phase = array([0.52783795, 0.52783795])
806.6620 	EXP 	noise_3: autoDraw = True
806.6620 	EXP 	surround_grating: autoDraw = True
806.6620 	EXP 	center_grating: autoDraw = True
806.7342 	EXP 	noise_3: autoDraw = False
806.7342 	EXP 	surround_grating: autoDraw = False
806.7342 	EXP 	center_grating: autoDraw = False
807.1316 	EXP 	New trial (rep=0, index=426): <Trial 426 (426 in rep 0) data={'center': 8, 'surround': 15.0, 'type': 'c+8', 'surr_type': 'poss', 'orient_opacity': 100, 'noise_opacity': 0, 'isi': 0.5, 'thisN': 426, 'thisTrialN': 426, 'thisRepN': 0}>
807.1372 	DATA 	Keypress: period
807.1433 	INFO 	Keyboard events cleared
807.1426 	EXP 	noise_3: autoDraw = False
807.1426 	EXP 	surround_grating: autoDraw = False
807.1426 	EXP 	center_grating: autoDraw = False
807.1426 	EXP 	text_2: autoDraw = False
807.1426 	EXP 	surround_grating: ori = 15.0
807.1426 	EXP 	surround_grating: sf = array([2.5, 2.5])
807.1426 	EXP 	surround_grating: phase = array([0.88425785, 0.88425785])
807.1426 	EXP 	center_grating: ori = 8.0
807.1426 	EXP 	center_grating: sf = array([2.5, 2.5])
807.1426 	EXP 	center_grating: phase = array([0.90138431, 0.90138431])
807.6287 	EXP 	noise_3: autoDraw = True
807.6287 	EXP 	surround_grating: autoDraw = True
807.6287 	EXP 	center_grating: autoDraw = True
807.7006 	EXP 	noise_3: autoDraw = False
807.7006 	EXP 	surround_grating: autoDraw = False
807.7006 	EXP 	center_grating: autoDraw = False
808.0715 	EXP 	New trial (rep=0, index=427): <Trial 427 (427 in rep 0) data={'center': 2, 'surround': -15.0, 'type': 'c+2', 'surr_type': 'negs', 'orient_opacity': 100, 'noise_opacity': 0, 'isi': 1.0, 'thisN': 427, 'thisTrialN': 427, 'thisRepN': 0}>
808.0766 	DATA 	Keypress: period
808.0822 	INFO 	Keyboard events cleared
808.0817 	EXP 	noise_3: autoDraw = False
808.0817 	EXP 	surround_grating: autoDraw = False
808.0817 	EXP 	center_grating: autoDraw = False
808.0817 	EXP 	text_2: autoDraw = False
808.0817 	EXP 	surround_grating: ori = -15.0
808.0817 	EXP 	surround_grating: sf = array([2.5, 2.5])
808.0817 	EXP 	surround_grating: phase = array([0.16490191, 0.16490191])
808.0817 	EXP 	center_grating: ori = 2.0
808.0817 	EXP 	center_grating: sf = array([2.5, 2.5])
808.0817 	EXP 	center_grating: phase = array([0.81451899, 0.81451899])
809.0717 	EXP 	noise_3: autoDraw = True
809.0717 	EXP 	surround_grating: autoDraw = True
809.0717 	EXP 	center_grating: autoDraw = True
809.1459 	EXP 	noise_3: autoDraw = False
809.1459 	EXP 	surround_grating: autoDraw = False
809.1459 	EXP 	center_grating: autoDraw = False
809.5824 	EXP 	New trial (rep=0, index=428): <Trial 428 (428 in rep 0) data={'center': 4, 'surround': 15.0, 'type': 'c+4', 'surr_type': 'poss', 'orient_opacity': 100, 'noise_opacity': 0, 'isi': 0.75, 'thisN': 428, 'thisTrialN': 428, 'thisRepN': 0}>
809.5884 	DATA 	Keypress: period
809.5949 	INFO 	Keyboard events cleared
809.5943 	EXP 	noise_3: autoDraw = False
809.5943 	EXP 	surround_grating: autoDraw = False
809.5943 	EXP 	center_grating: autoDraw = False
809.5943 	EXP 	text_2: autoDraw = False
809.5943 	EXP 	surround_grating: ori = 15.0
809.5943 	EXP 	surround_grating: sf = array([2.5, 2.5])
809.5943 	EXP 	surround_grating: phase = array([0.39128435, 0.39128435])
809.5943 	EXP 	center_grating: ori = 4.0
809.5943 	EXP 	center_grating: sf = array([2.5, 2.5])
809.5943 	EXP 	center_grating: phase = array([0.6085067, 0.6085067])
810.3288 	EXP 	noise_3: autoDraw = True
810.3288 	EXP 	surround_grating: autoDraw = True
810.3288 	EXP 	center_grating: autoDraw = True
810.4021 	EXP 	noise_3: autoDraw = False
810.4021 	EXP 	surround_grating: autoDraw = False
810.4021 	EXP 	center_grating: autoDraw = False
811.0873 	EXP 	New trial (rep=0, index=429): <Trial 429 (429 in rep 0) data={'center': -4, 'surround': 0.0, 'type': 'c-4', 'surr_type': 'noss', 'orient_opacity': 0, 'noise_opacity': 100, 'isi': 0.5, 'thisN': 429, 'thisTrialN': 429, 'thisRepN': 0}>
811.0925 	DATA 	Keypress: z
811.0988 	INFO 	Keyboard events cleared
811.0983 	EXP 	noise_3: autoDraw = False
811.0983 	EXP 	surround_grating: autoDraw = False
811.0983 	EXP 	center_grating: autoDraw = False
811.0983 	EXP 	text_2: autoDraw = False
811.0983 	EXP 	surround_grating: ori = 0.0
811.0983 	EXP 	surround_grating: sf = array([2.5, 2.5])
811.0983 	EXP 	surround_grating: phase = array([0.54314426, 0.54314426])
811.0983 	EXP 	center_grating: ori = -4.0
811.0983 	EXP 	center_grating: sf = array([2.5, 2.5])
811.0983 	EXP 	center_grating: phase = array([0.8327454, 0.8327454])
811.5884 	EXP 	noise_3: autoDraw = True
811.5884 	EXP 	surround_grating: autoDraw = True
811.5884 	EXP 	center_grating: autoDraw = True
811.6626 	EXP 	noise_3: autoDraw = False
811.6626 	EXP 	surround_grating: autoDraw = False
811.6626 	EXP 	center_grating: autoDraw = False
812.0819 	EXP 	New trial (rep=0, index=430): <Trial 430 (430 in rep 0) data={'center': -4, 'surround': 0.0, 'type': 'c-4', 'surr_type': 'noss', 'orient_opacity': 0, 'noise_opacity': 100, 'isi': 0.75, 'thisN': 430, 'thisTrialN': 430, 'thisRepN': 0}>
812.0874 	DATA 	Keypress: period
812.0937 	INFO 	Keyboard events cleared
812.0931 	EXP 	noise_3: autoDraw = False
812.0931 	EXP 	surround_grating: autoDraw = False
812.0931 	EXP 	center_grating: autoDraw = False
812.0931 	EXP 	text_2: autoDraw = False
812.0931 	EXP 	surround_grating: ori = 0.0
812.0931 	EXP 	surround_grating: sf = array([2.5, 2.5])
812.0931 	EXP 	surround_grating: phase = array([0.29803324, 0.29803324])
812.0931 	EXP 	center_grating: ori = -4.0
812.0931 	EXP 	center_grating: sf = array([2.5, 2.5])
812.0931 	EXP 	center_grating: phase = array([0.4108474, 0.4108474])
812.8288 	EXP 	noise_3: autoDraw = True
812.8288 	EXP 	surround_grating: autoDraw = True
812.8288 	EXP 	center_grating: autoDraw = True
812.9011 	EXP 	noise_3: autoDraw = False
812.9011 	EXP 	surround_grating: autoDraw = False
812.9011 	EXP 	center_grating: autoDraw = False
813.5160 	EXP 	New trial (rep=0, index=431): <Trial 431 (431 in rep 0) data={'center': 4, 'surround': 15.0, 'type': 'c+4', 'surr_type': 'poss', 'orient_opacity': 100, 'noise_opacity': 0, 'isi': 1.0, 'thisN': 431, 'thisTrialN': 431, 'thisRepN': 0}>
813.5212 	DATA 	Keypress: period
813.5273 	INFO 	Keyboard events cleared
813.5268 	EXP 	noise_3: autoDraw = False
813.5268 	EXP 	surround_grating: autoDraw = False
813.5268 	EXP 	center_grating: autoDraw = False
813.5268 	EXP 	text_2: autoDraw = False
813.5268 	EXP 	surround_grating: ori = 15.0
813.5268 	EXP 	surround_grating: sf = array([2.5, 2.5])
813.5268 	EXP 	surround_grating: phase = array([0.21801019, 0.21801019])
813.5268 	EXP 	center_grating: ori = 4.0
813.5268 	EXP 	center_grating: sf = array([2.5, 2.5])
813.5268 	EXP 	center_grating: phase = array([0.72058346, 0.72058346])
814.5112 	EXP 	noise_3: autoDraw = True
814.5112 	EXP 	surround_grating: autoDraw = True
814.5112 	EXP 	center_grating: autoDraw = True
814.5844 	EXP 	noise_3: autoDraw = False
814.5844 	EXP 	surround_grating: autoDraw = False
814.5844 	EXP 	center_grating: autoDraw = False
815.0550 	EXP 	New trial (rep=0, index=432): <Trial 432 (432 in rep 0) data={'center': 4, 'surround': 15.0, 'type': 'c+4', 'surr_type': 'poss', 'orient_opacity': 100, 'noise_opacity': 0, 'isi': 1.0, 'thisN': 432, 'thisTrialN': 432, 'thisRepN': 0}>
815.0601 	DATA 	Keypress: period
815.0655 	INFO 	Keyboard events cleared
815.0651 	EXP 	noise_3: autoDraw = False
815.0651 	EXP 	surround_grating: autoDraw = False
815.0651 	EXP 	center_grating: autoDraw = False
815.0651 	EXP 	text_2: autoDraw = False
815.0651 	EXP 	surround_grating: ori = 15.0
815.0651 	EXP 	surround_grating: sf = array([2.5, 2.5])
815.0651 	EXP 	surround_grating: phase = array([0.56037316, 0.56037316])
815.0651 	EXP 	center_grating: ori = 4.0
815.0651 	EXP 	center_grating: sf = array([2.5, 2.5])
815.0651 	EXP 	center_grating: phase = array([0.88427227, 0.88427227])
816.0547 	EXP 	noise_3: autoDraw = True
816.0547 	EXP 	surround_grating: autoDraw = True
816.0547 	EXP 	center_grating: autoDraw = True
816.1295 	EXP 	noise_3: autoDraw = False
816.1295 	EXP 	surround_grating: autoDraw = False
816.1295 	EXP 	center_grating: autoDraw = False
816.4650 	EXP 	New trial (rep=0, index=433): <Trial 433 (433 in rep 0) data={'center': -2, 'surround': 0.0, 'type': 'c-2', 'surr_type': 'noss', 'orient_opacity': 0, 'noise_opacity': 100, 'isi': 0.5, 'thisN': 433, 'thisTrialN': 433, 'thisRepN': 0}>
816.4700 	DATA 	Keypress: period
816.4759 	INFO 	Keyboard events cleared
816.4755 	EXP 	noise_3: autoDraw = False
816.4755 	EXP 	surround_grating: autoDraw = False
816.4755 	EXP 	center_grating: autoDraw = False
816.4755 	EXP 	text_2: autoDraw = False
816.4755 	EXP 	surround_grating: ori = 0.0
816.4755 	EXP 	surround_grating: sf = array([2.5, 2.5])
816.4755 	EXP 	surround_grating: phase = array([0.48398189, 0.48398189])
816.4755 	EXP 	center_grating: ori = -2.0
816.4755 	EXP 	center_grating: sf = array([2.5, 2.5])
816.4755 	EXP 	center_grating: phase = array([0.05781654, 0.05781654])
816.9613 	EXP 	noise_3: autoDraw = True
816.9613 	EXP 	surround_grating: autoDraw = True
816.9613 	EXP 	center_grating: autoDraw = True
817.0351 	EXP 	noise_3: autoDraw = False
817.0351 	EXP 	surround_grating: autoDraw = False
817.0351 	EXP 	center_grating: autoDraw = False
817.3487 	EXP 	New trial (rep=0, index=434): <Trial 434 (434 in rep 0) data={'center': 2, 'surround': 15.0, 'type': 'c+2', 'surr_type': 'poss', 'orient_opacity': 100, 'noise_opacity': 0, 'isi': 0.5, 'thisN': 434, 'thisTrialN': 434, 'thisRepN': 0}>
817.3537 	DATA 	Keypress: period
817.3602 	INFO 	Keyboard events cleared
817.3595 	EXP 	noise_3: autoDraw = False
817.3595 	EXP 	surround_grating: autoDraw = False
817.3595 	EXP 	center_grating: autoDraw = False
817.3595 	EXP 	text_2: autoDraw = False
817.3595 	EXP 	surround_grating: ori = 15.0
817.3595 	EXP 	surround_grating: sf = array([2.5, 2.5])
817.3595 	EXP 	surround_grating: phase = array([0.88626423, 0.88626423])
817.3595 	EXP 	center_grating: ori = 2.0
817.3595 	EXP 	center_grating: sf = array([2.5, 2.5])
817.3595 	EXP 	center_grating: phase = array([0.66790953, 0.66790953])
817.8453 	EXP 	noise_3: autoDraw = True
817.8453 	EXP 	surround_grating: autoDraw = True
817.8453 	EXP 	center_grating: autoDraw = True
817.9175 	EXP 	noise_3: autoDraw = False
817.9175 	EXP 	surround_grating: autoDraw = False
817.9175 	EXP 	center_grating: autoDraw = False
818.1491 	EXP 	New trial (rep=0, index=435): <Trial 435 (435 in rep 0) data={'center': -2, 'surround': 0.0, 'type': 'c-2', 'surr_type': 'noss', 'orient_opacity': 0, 'noise_opacity': 100, 'isi': 1.25, 'thisN': 435, 'thisTrialN': 435, 'thisRepN': 0}>
818.1544 	DATA 	Keypress: period
818.1607 	INFO 	Keyboard events cleared
818.1601 	EXP 	noise_3: autoDraw = False
818.1601 	EXP 	surround_grating: autoDraw = False
818.1601 	EXP 	center_grating: autoDraw = False
818.1601 	EXP 	text_2: autoDraw = False
818.1601 	EXP 	surround_grating: ori = 0.0
818.1601 	EXP 	surround_grating: sf = array([2.5, 2.5])
818.1601 	EXP 	surround_grating: phase = array([0.01883502, 0.01883502])
818.1601 	EXP 	center_grating: ori = -2.0
818.1601 	EXP 	center_grating: sf = array([2.5, 2.5])
818.1601 	EXP 	center_grating: phase = array([0.77768365, 0.77768365])
819.3956 	EXP 	noise_3: autoDraw = True
819.3956 	EXP 	surround_grating: autoDraw = True
819.3956 	EXP 	center_grating: autoDraw = True
819.4682 	EXP 	noise_3: autoDraw = False
819.4682 	EXP 	surround_grating: autoDraw = False
819.4682 	EXP 	center_grating: autoDraw = False
819.6831 	EXP 	New trial (rep=0, index=436): <Trial 436 (436 in rep 0) data={'center': 0, 'surround': 15.0, 'type': 'c+0', 'surr_type': 'poss', 'orient_opacity': 100, 'noise_opacity': 0, 'isi': 0.75, 'thisN': 436, 'thisTrialN': 436, 'thisRepN': 0}>
819.6890 	DATA 	Keypress: period
819.6950 	INFO 	Keyboard events cleared
819.6945 	EXP 	noise_3: autoDraw = False
819.6945 	EXP 	surround_grating: autoDraw = False
819.6945 	EXP 	center_grating: autoDraw = False
819.6945 	EXP 	text_2: autoDraw = False
819.6945 	EXP 	surround_grating: ori = 15.0
819.6945 	EXP 	surround_grating: sf = array([2.5, 2.5])
819.6945 	EXP 	surround_grating: phase = array([0.77323067, 0.77323067])
819.6945 	EXP 	center_grating: ori = 0.0
819.6945 	EXP 	center_grating: sf = array([2.5, 2.5])
819.6945 	EXP 	center_grating: phase = array([0.80046524, 0.80046524])
820.4293 	EXP 	noise_3: autoDraw = True
820.4293 	EXP 	surround_grating: autoDraw = True
820.4293 	EXP 	center_grating: autoDraw = True
820.5012 	EXP 	noise_3: autoDraw = False
820.5012 	EXP 	surround_grating: autoDraw = False
820.5012 	EXP 	center_grating: autoDraw = False
820.7549 	EXP 	New trial (rep=0, index=437): <Trial 437 (437 in rep 0) data={'center': -2, 'surround': 15.0, 'type': 'c-2', 'surr_type': 'poss', 'orient_opacity': 100, 'noise_opacity': 0, 'isi': 0.5, 'thisN': 437, 'thisTrialN': 437, 'thisRepN': 0}>
820.7599 	DATA 	Keypress: period
820.7658 	INFO 	Keyboard events cleared
820.7653 	EXP 	noise_3: autoDraw = False
820.7653 	EXP 	surround_grating: autoDraw = False
820.7653 	EXP 	center_grating: autoDraw = False
820.7653 	EXP 	text_2: autoDraw = False
820.7653 	EXP 	surround_grating: ori = 15.0
820.7653 	EXP 	surround_grating: sf = array([2.5, 2.5])
820.7653 	EXP 	surround_grating: phase = array([0.89385224, 0.89385224])
820.7653 	EXP 	center_grating: ori = -2.0
820.7653 	EXP 	center_grating: sf = array([2.5, 2.5])
820.7653 	EXP 	center_grating: phase = array([0.53099788, 0.53099788])
821.2548 	EXP 	noise_3: autoDraw = True
821.2548 	EXP 	surround_grating: autoDraw = True
821.2548 	EXP 	center_grating: autoDraw = True
821.3298 	EXP 	noise_3: autoDraw = False
821.3298 	EXP 	surround_grating: autoDraw = False
821.3298 	EXP 	center_grating: autoDraw = False
821.6498 	EXP 	New trial (rep=0, index=438): <Trial 438 (438 in rep 0) data={'center': 4, 'surround': 15.0, 'type': 'c+4', 'surr_type': 'poss', 'orient_opacity': 100, 'noise_opacity': 0, 'isi': 0.75, 'thisN': 438, 'thisTrialN': 438, 'thisRepN': 0}>
821.6556 	DATA 	Keypress: period
821.6614 	INFO 	Keyboard events cleared
821.6609 	EXP 	noise_3: autoDraw = False
821.6609 	EXP 	surround_grating: autoDraw = False
821.6609 	EXP 	center_grating: autoDraw = False
821.6609 	EXP 	text_2: autoDraw = False
821.6609 	EXP 	surround_grating: ori = 15.0
821.6609 	EXP 	surround_grating: sf = array([2.5, 2.5])
821.6609 	EXP 	surround_grating: phase = array([0.03139393, 0.03139393])
821.6609 	EXP 	center_grating: ori = 4.0
821.6609 	EXP 	center_grating: sf = array([2.5, 2.5])
821.6609 	EXP 	center_grating: phase = array([0.15703257, 0.15703257])
822.3958 	EXP 	noise_3: autoDraw = True
822.3958 	EXP 	surround_grating: autoDraw = True
822.3958 	EXP 	center_grating: autoDraw = True
822.4682 	EXP 	noise_3: autoDraw = False
822.4682 	EXP 	surround_grating: autoDraw = False
822.4682 	EXP 	center_grating: autoDraw = False
822.6546 	EXP 	New trial (rep=0, index=439): <Trial 439 (439 in rep 0) data={'center': 0, 'surround': -15.0, 'type': 'c+0', 'surr_type': 'negs', 'orient_opacity': 100, 'noise_opacity': 0, 'isi': 1.0, 'thisN': 439, 'thisTrialN': 439, 'thisRepN': 0}>
822.6595 	DATA 	Keypress: z
822.6657 	INFO 	Keyboard events cleared
822.6652 	EXP 	noise_3: autoDraw = False
822.6652 	EXP 	surround_grating: autoDraw = False
822.6652 	EXP 	center_grating: autoDraw = False
822.6652 	EXP 	text_2: autoDraw = False
822.6652 	EXP 	surround_grating: ori = -15.0
822.6652 	EXP 	surround_grating: sf = array([2.5, 2.5])
822.6652 	EXP 	surround_grating: phase = array([0.09889038, 0.09889038])
822.6652 	EXP 	center_grating: ori = 0.0
822.6652 	EXP 	center_grating: sf = array([2.5, 2.5])
822.6652 	EXP 	center_grating: phase = array([0.29386874, 0.29386874])
823.6557 	EXP 	noise_3: autoDraw = True
823.6557 	EXP 	surround_grating: autoDraw = True
823.6557 	EXP 	center_grating: autoDraw = True
823.7298 	EXP 	noise_3: autoDraw = False
823.7298 	EXP 	surround_grating: autoDraw = False
823.7298 	EXP 	center_grating: autoDraw = False
823.9326 	EXP 	New trial (rep=0, index=440): <Trial 440 (440 in rep 0) data={'center': -4, 'surround': 0.0, 'type': 'c-4', 'surr_type': 'noss', 'orient_opacity': 0, 'noise_opacity': 100, 'isi': 0.5, 'thisN': 440, 'thisTrialN': 440, 'thisRepN': 0}>
823.9377 	DATA 	Keypress: period
823.9439 	INFO 	Keyboard events cleared
823.9435 	EXP 	noise_3: autoDraw = False
823.9435 	EXP 	surround_grating: autoDraw = False
823.9435 	EXP 	center_grating: autoDraw = False
823.9435 	EXP 	text_2: autoDraw = False
823.9435 	EXP 	surround_grating: ori = 0.0
823.9435 	EXP 	surround_grating: sf = array([2.5, 2.5])
823.9435 	EXP 	surround_grating: phase = array([0.14016123, 0.14016123])
823.9435 	EXP 	center_grating: ori = -4.0
823.9435 	EXP 	center_grating: sf = array([2.5, 2.5])
823.9435 	EXP 	center_grating: phase = array([0.06973711, 0.06973711])
824.4293 	EXP 	noise_3: autoDraw = True
824.4293 	EXP 	surround_grating: autoDraw = True
824.4293 	EXP 	center_grating: autoDraw = True
824.5021 	EXP 	noise_3: autoDraw = False
824.5021 	EXP 	surround_grating: autoDraw = False
824.5021 	EXP 	center_grating: autoDraw = False
825.0993 	EXP 	New trial (rep=0, index=441): <Trial 441 (441 in rep 0) data={'center': -4, 'surround': 0.0, 'type': 'c-4', 'surr_type': 'noss', 'orient_opacity': 0, 'noise_opacity': 100, 'isi': 0.5, 'thisN': 441, 'thisTrialN': 441, 'thisRepN': 0}>
825.1048 	DATA 	Keypress: z
825.1108 	INFO 	Keyboard events cleared
825.1103 	EXP 	noise_3: autoDraw = False
825.1103 	EXP 	surround_grating: autoDraw = False
825.1103 	EXP 	center_grating: autoDraw = False
825.1103 	EXP 	text_2: autoDraw = False
825.1103 	EXP 	surround_grating: ori = 0.0
825.1103 	EXP 	surround_grating: sf = array([2.5, 2.5])
825.1103 	EXP 	surround_grating: phase = array([0.13045166, 0.13045166])
825.1103 	EXP 	center_grating: ori = -4.0
825.1103 	EXP 	center_grating: sf = array([2.5, 2.5])
825.1103 	EXP 	center_grating: phase = array([0.65672128, 0.65672128])
825.5961 	EXP 	noise_3: autoDraw = True
825.5961 	EXP 	surround_grating: autoDraw = True
825.5961 	EXP 	center_grating: autoDraw = True
825.6800 	EXP 	noise_3: autoDraw = False
825.6800 	EXP 	surround_grating: autoDraw = False
825.6800 	EXP 	center_grating: autoDraw = False
825.9910 	DATA 	Keypress: period
825.9983 	EXP 	New trial (rep=0, index=442): <Trial 442 (442 in rep 0) data={'center': 2, 'surround': 0.0, 'type': 'c+2', 'surr_type': 'noss', 'orient_opacity': 0, 'noise_opacity': 100, 'isi': 1.25, 'thisN': 442, 'thisTrialN': 442, 'thisRepN': 0}>
826.0058 	INFO 	Keyboard events cleared
826.0055 	EXP 	noise_3: autoDraw = False
826.0055 	EXP 	surround_grating: autoDraw = False
826.0055 	EXP 	center_grating: autoDraw = False
826.0055 	EXP 	text_2: autoDraw = False
826.0055 	EXP 	surround_grating: ori = 0.0
826.0055 	EXP 	surround_grating: sf = array([2.5, 2.5])
826.0055 	EXP 	surround_grating: phase = array([0.79397741, 0.79397741])
826.0055 	EXP 	center_grating: ori = 2.0
826.0055 	EXP 	center_grating: sf = array([2.5, 2.5])
826.0055 	EXP 	center_grating: phase = array([0.33160523, 0.33160523])
827.2461 	EXP 	noise_3: autoDraw = True
827.2461 	EXP 	surround_grating: autoDraw = True
827.2461 	EXP 	center_grating: autoDraw = True
827.3182 	EXP 	noise_3: autoDraw = False
827.3182 	EXP 	surround_grating: autoDraw = False
827.3182 	EXP 	center_grating: autoDraw = False
827.8741 	DATA 	Keypress: period
827.8811 	EXP 	New trial (rep=0, index=443): <Trial 443 (443 in rep 0) data={'center': 0, 'surround': 0.0, 'type': 'c+0', 'surr_type': 'noss', 'orient_opacity': 0, 'noise_opacity': 100, 'isi': 0.75, 'thisN': 443, 'thisTrialN': 443, 'thisRepN': 0}>
827.8885 	INFO 	Keyboard events cleared
827.8880 	EXP 	noise_3: autoDraw = False
827.8880 	EXP 	surround_grating: autoDraw = False
827.8880 	EXP 	center_grating: autoDraw = False
827.8880 	EXP 	text_2: autoDraw = False
827.8880 	EXP 	surround_grating: ori = 0.0
827.8880 	EXP 	surround_grating: sf = array([2.5, 2.5])
827.8880 	EXP 	surround_grating: phase = array([0.3023857, 0.3023857])
827.8880 	EXP 	center_grating: ori = 0.0
827.8880 	EXP 	center_grating: sf = array([2.5, 2.5])
827.8880 	EXP 	center_grating: phase = array([0.91485302, 0.91485302])
828.6217 	EXP 	noise_3: autoDraw = True
828.6217 	EXP 	surround_grating: autoDraw = True
828.6217 	EXP 	center_grating: autoDraw = True
828.6956 	EXP 	noise_3: autoDraw = False
828.6956 	EXP 	surround_grating: autoDraw = False
828.6956 	EXP 	center_grating: autoDraw = False
829.3380 	EXP 	New trial (rep=0, index=444): <Trial 444 (444 in rep 0) data={'center': -4, 'surround': -15.0, 'type': 'c-4', 'surr_type': 'negs', 'orient_opacity': 100, 'noise_opacity': 0, 'isi': 0.5, 'thisN': 444, 'thisTrialN': 444, 'thisRepN': 0}>
829.3431 	DATA 	Keypress: z
829.3491 	INFO 	Keyboard events cleared
829.3486 	EXP 	noise_3: autoDraw = False
829.3486 	EXP 	surround_grating: autoDraw = False
829.3486 	EXP 	center_grating: autoDraw = False
829.3486 	EXP 	text_2: autoDraw = False
829.3486 	EXP 	surround_grating: ori = -15.0
829.3486 	EXP 	surround_grating: sf = array([2.5, 2.5])
829.3486 	EXP 	surround_grating: phase = array([0.23680458, 0.23680458])
829.3486 	EXP 	center_grating: ori = -4.0
829.3486 	EXP 	center_grating: sf = array([2.5, 2.5])
829.3486 	EXP 	center_grating: phase = array([0.63410629, 0.63410629])
829.8385 	EXP 	noise_3: autoDraw = True
829.8385 	EXP 	surround_grating: autoDraw = True
829.8385 	EXP 	center_grating: autoDraw = True
829.9135 	EXP 	noise_3: autoDraw = False
829.9135 	EXP 	surround_grating: autoDraw = False
829.9135 	EXP 	center_grating: autoDraw = False
830.4379 	EXP 	New trial (rep=0, index=445): <Trial 445 (445 in rep 0) data={'center': 2, 'surround': -15.0, 'type': 'c+2', 'surr_type': 'negs', 'orient_opacity': 100, 'noise_opacity': 0, 'isi': 0.75, 'thisN': 445, 'thisTrialN': 445, 'thisRepN': 0}>
830.4430 	DATA 	Keypress: period
830.4493 	INFO 	Keyboard events cleared
830.4488 	EXP 	noise_3: autoDraw = False
830.4488 	EXP 	surround_grating: autoDraw = False
830.4488 	EXP 	center_grating: autoDraw = False
830.4488 	EXP 	text_2: autoDraw = False
830.4488 	EXP 	surround_grating: ori = -15.0
830.4488 	EXP 	surround_grating: sf = array([2.5, 2.5])
830.4488 	EXP 	surround_grating: phase = array([0.16021172, 0.16021172])
830.4488 	EXP 	center_grating: ori = 2.0
830.4488 	EXP 	center_grating: sf = array([2.5, 2.5])
830.4488 	EXP 	center_grating: phase = array([0.11995, 0.11995])
831.1899 	EXP 	noise_3: autoDraw = True
831.1899 	EXP 	surround_grating: autoDraw = True
831.1899 	EXP 	center_grating: autoDraw = True
831.2633 	EXP 	noise_3: autoDraw = False
831.2633 	EXP 	surround_grating: autoDraw = False
831.2633 	EXP 	center_grating: autoDraw = False
831.7060 	EXP 	New trial (rep=0, index=446): <Trial 446 (446 in rep 0) data={'center': -2, 'surround': 15.0, 'type': 'c-2', 'surr_type': 'poss', 'orient_opacity': 100, 'noise_opacity': 0, 'isi': 0.75, 'thisN': 446, 'thisTrialN': 446, 'thisRepN': 0}>
831.7112 	DATA 	Keypress: period
831.7170 	INFO 	Keyboard events cleared
831.7163 	EXP 	noise_3: autoDraw = False
831.7163 	EXP 	surround_grating: autoDraw = False
831.7163 	EXP 	center_grating: autoDraw = False
831.7163 	EXP 	text_2: autoDraw = False
831.7163 	EXP 	surround_grating: ori = 15.0
831.7163 	EXP 	surround_grating: sf = array([2.5, 2.5])
831.7163 	EXP 	surround_grating: phase = array([0.89743358, 0.89743358])
831.7163 	EXP 	center_grating: ori = -2.0
831.7163 	EXP 	center_grating: sf = array([2.5, 2.5])
831.7163 	EXP 	center_grating: phase = array([0.07366293, 0.07366293])
832.4556 	EXP 	noise_3: autoDraw = True
832.4556 	EXP 	surround_grating: autoDraw = True
832.4556 	EXP 	center_grating: autoDraw = True
832.5301 	EXP 	noise_3: autoDraw = False
832.5301 	EXP 	surround_grating: autoDraw = False
832.5301 	EXP 	center_grating: autoDraw = False
832.9665 	EXP 	New trial (rep=0, index=447): <Trial 447 (447 in rep 0) data={'center': -4, 'surround': 0.0, 'type': 'c-4', 'surr_type': 'noss', 'orient_opacity': 0, 'noise_opacity': 100, 'isi': 1.0, 'thisN': 447, 'thisTrialN': 447, 'thisRepN': 0}>
832.9717 	DATA 	Keypress: z
832.9781 	INFO 	Keyboard events cleared
832.9775 	EXP 	noise_3: autoDraw = False
832.9775 	EXP 	surround_grating: autoDraw = False
832.9775 	EXP 	center_grating: autoDraw = False
832.9775 	EXP 	text_2: autoDraw = False
832.9775 	EXP 	surround_grating: ori = 0.0
832.9775 	EXP 	surround_grating: sf = array([2.5, 2.5])
832.9775 	EXP 	surround_grating: phase = array([0.20796826, 0.20796826])
832.9775 	EXP 	center_grating: ori = -4.0
832.9775 	EXP 	center_grating: sf = array([2.5, 2.5])
832.9775 	EXP 	center_grating: phase = array([0.70855039, 0.70855039])
833.9629 	EXP 	noise_3: autoDraw = True
833.9629 	EXP 	surround_grating: autoDraw = True
833.9629 	EXP 	center_grating: autoDraw = True
834.0358 	EXP 	noise_3: autoDraw = False
834.0358 	EXP 	surround_grating: autoDraw = False
834.0358 	EXP 	center_grating: autoDraw = False
834.4571 	EXP 	New trial (rep=0, index=448): <Trial 448 (448 in rep 0) data={'center': 2, 'surround': 15.0, 'type': 'c+2', 'surr_type': 'poss', 'orient_opacity': 100, 'noise_opacity': 0, 'isi': 0.5, 'thisN': 448, 'thisTrialN': 448, 'thisRepN': 0}>
834.4621 	DATA 	Keypress: z
834.4673 	INFO 	Keyboard events cleared
834.4668 	EXP 	noise_3: autoDraw = False
834.4668 	EXP 	surround_grating: autoDraw = False
834.4668 	EXP 	center_grating: autoDraw = False
834.4668 	EXP 	text_2: autoDraw = False
834.4668 	EXP 	surround_grating: ori = 15.0
834.4668 	EXP 	surround_grating: sf = array([2.5, 2.5])
834.4668 	EXP 	surround_grating: phase = array([0.78912598, 0.78912598])
834.4668 	EXP 	center_grating: ori = 2.0
834.4668 	EXP 	center_grating: sf = array([2.5, 2.5])
834.4668 	EXP 	center_grating: phase = array([0.09315669, 0.09315669])
834.9555 	EXP 	noise_3: autoDraw = True
834.9555 	EXP 	surround_grating: autoDraw = True
834.9555 	EXP 	center_grating: autoDraw = True
835.0302 	EXP 	noise_3: autoDraw = False
835.0302 	EXP 	surround_grating: autoDraw = False
835.0302 	EXP 	center_grating: autoDraw = False
835.3217 	EXP 	New trial (rep=0, index=449): <Trial 449 (449 in rep 0) data={'center': 2, 'surround': -15.0, 'type': 'c+2', 'surr_type': 'negs', 'orient_opacity': 100, 'noise_opacity': 0, 'isi': 0.5, 'thisN': 449, 'thisTrialN': 449, 'thisRepN': 0}>
835.3270 	DATA 	Keypress: z
835.3330 	INFO 	Keyboard events cleared
835.3325 	EXP 	noise_3: autoDraw = False
835.3325 	EXP 	surround_grating: autoDraw = False
835.3325 	EXP 	center_grating: autoDraw = False
835.3325 	EXP 	text_2: autoDraw = False
835.3325 	EXP 	surround_grating: ori = -15.0
835.3325 	EXP 	surround_grating: sf = array([2.5, 2.5])
835.3325 	EXP 	surround_grating: phase = array([0.78362235, 0.78362235])
835.3325 	EXP 	center_grating: ori = 2.0
835.3325 	EXP 	center_grating: sf = array([2.5, 2.5])
835.3325 	EXP 	center_grating: phase = array([0.13439495, 0.13439495])
835.8221 	EXP 	noise_3: autoDraw = True
835.8221 	EXP 	surround_grating: autoDraw = True
835.8221 	EXP 	center_grating: autoDraw = True
835.8969 	EXP 	noise_3: autoDraw = False
835.8969 	EXP 	surround_grating: autoDraw = False
835.8969 	EXP 	center_grating: autoDraw = False
836.1585 	DATA 	Keypress: z
836.1815 	EXP 	New trial (rep=0, index=450): <Trial 450 (450 in rep 0) data={'center': -8, 'surround': -15.0, 'type': 'c-8', 'surr_type': 'negs', 'orient_opacity': 100, 'noise_opacity': 0, 'isi': 0.75, 'thisN': 450, 'thisTrialN': 450, 'thisRepN': 0}>
836.1973 	INFO 	Keyboard events cleared
836.1969 	EXP 	noise_3: autoDraw = False
836.1969 	EXP 	surround_grating: autoDraw = False
836.1969 	EXP 	center_grating: autoDraw = False
836.1969 	EXP 	text_2: autoDraw = False
836.1969 	EXP 	surround_grating: ori = -15.0
836.1969 	EXP 	surround_grating: sf = array([2.5, 2.5])
836.1969 	EXP 	surround_grating: phase = array([0.21470113, 0.21470113])
836.1969 	EXP 	center_grating: ori = -8.0
836.1969 	EXP 	center_grating: sf = array([2.5, 2.5])
836.1969 	EXP 	center_grating: phase = array([0.67108692, 0.67108692])
836.9222 	EXP 	noise_3: autoDraw = True
836.9222 	EXP 	surround_grating: autoDraw = True
836.9222 	EXP 	center_grating: autoDraw = True
836.9969 	EXP 	noise_3: autoDraw = False
836.9969 	EXP 	surround_grating: autoDraw = False
836.9969 	EXP 	center_grating: autoDraw = False
837.3219 	EXP 	New trial (rep=0, index=451): <Trial 451 (451 in rep 0) data={'center': -6, 'surround': -15.0, 'type': 'c-6', 'surr_type': 'negs', 'orient_opacity': 100, 'noise_opacity': 0, 'isi': 0.5, 'thisN': 451, 'thisTrialN': 451, 'thisRepN': 0}>
837.3270 	DATA 	Keypress: z
837.3331 	INFO 	Keyboard events cleared
837.3326 	EXP 	noise_3: autoDraw = False
837.3326 	EXP 	surround_grating: autoDraw = False
837.3326 	EXP 	center_grating: autoDraw = False
837.3326 	EXP 	text_2: autoDraw = False
837.3326 	EXP 	surround_grating: ori = -15.0
837.3326 	EXP 	surround_grating: sf = array([2.5, 2.5])
837.3326 	EXP 	surround_grating: phase = array([0.15666251, 0.15666251])
837.3326 	EXP 	center_grating: ori = -6.0
837.3326 	EXP 	center_grating: sf = array([2.5, 2.5])
837.3326 	EXP 	center_grating: phase = array([0.99998121, 0.99998121])
837.8222 	EXP 	noise_3: autoDraw = True
837.8222 	EXP 	surround_grating: autoDraw = True
837.8222 	EXP 	center_grating: autoDraw = True
837.8968 	EXP 	noise_3: autoDraw = False
837.8968 	EXP 	surround_grating: autoDraw = False
837.8968 	EXP 	center_grating: autoDraw = False
838.2095 	DATA 	Keypress: period
838.2167 	EXP 	New trial (rep=0, index=452): <Trial 452 (452 in rep 0) data={'center': 0, 'surround': -15.0, 'type': 'c+0', 'surr_type': 'negs', 'orient_opacity': 100, 'noise_opacity': 0, 'isi': 0.75, 'thisN': 452, 'thisTrialN': 452, 'thisRepN': 0}>
838.2306 	INFO 	Keyboard events cleared
838.2302 	EXP 	noise_3: autoDraw = False
838.2302 	EXP 	surround_grating: autoDraw = False
838.2302 	EXP 	center_grating: autoDraw = False
838.2302 	EXP 	text_2: autoDraw = False
838.2302 	EXP 	surround_grating: ori = -15.0
838.2302 	EXP 	surround_grating: sf = array([2.5, 2.5])
838.2302 	EXP 	surround_grating: phase = array([0.50731126, 0.50731126])
838.2302 	EXP 	center_grating: ori = 0.0
838.2302 	EXP 	center_grating: sf = array([2.5, 2.5])
838.2302 	EXP 	center_grating: phase = array([0.7763427, 0.7763427])
838.9631 	EXP 	noise_3: autoDraw = True
838.9631 	EXP 	surround_grating: autoDraw = True
838.9631 	EXP 	center_grating: autoDraw = True
839.0354 	EXP 	noise_3: autoDraw = False
839.0354 	EXP 	surround_grating: autoDraw = False
839.0354 	EXP 	center_grating: autoDraw = False
839.3668 	EXP 	New trial (rep=0, index=453): <Trial 453 (453 in rep 0) data={'center': 4, 'surround': 0.0, 'type': 'c+4', 'surr_type': 'noss', 'orient_opacity': 0, 'noise_opacity': 100, 'isi': 0.5, 'thisN': 453, 'thisTrialN': 453, 'thisRepN': 0}>
839.3725 	DATA 	Keypress: period
839.3784 	INFO 	Keyboard events cleared
839.3779 	EXP 	noise_3: autoDraw = False
839.3779 	EXP 	surround_grating: autoDraw = False
839.3779 	EXP 	center_grating: autoDraw = False
839.3779 	EXP 	text_2: autoDraw = False
839.3779 	EXP 	surround_grating: ori = 0.0
839.3779 	EXP 	surround_grating: sf = array([2.5, 2.5])
839.3779 	EXP 	surround_grating: phase = array([0.96298263, 0.96298263])
839.3779 	EXP 	center_grating: ori = 4.0
839.3779 	EXP 	center_grating: sf = array([2.5, 2.5])
839.3779 	EXP 	center_grating: phase = array([0.52575012, 0.52575012])
839.8631 	EXP 	noise_3: autoDraw = True
839.8631 	EXP 	surround_grating: autoDraw = True
839.8631 	EXP 	center_grating: autoDraw = True
839.9357 	EXP 	noise_3: autoDraw = False
839.9357 	EXP 	surround_grating: autoDraw = False
839.9357 	EXP 	center_grating: autoDraw = False
840.4834 	EXP 	New trial (rep=0, index=454): <Trial 454 (454 in rep 0) data={'center': 8, 'surround': 15.0, 'type': 'c+8', 'surr_type': 'poss', 'orient_opacity': 100, 'noise_opacity': 0, 'isi': 1.25, 'thisN': 454, 'thisTrialN': 454, 'thisRepN': 0}>
840.4885 	DATA 	Keypress: period
840.4949 	INFO 	Keyboard events cleared
840.4943 	EXP 	noise_3: autoDraw = False
840.4943 	EXP 	surround_grating: autoDraw = False
840.4943 	EXP 	center_grating: autoDraw = False
840.4943 	EXP 	text_2: autoDraw = False
840.4943 	EXP 	surround_grating: ori = 15.0
840.4943 	EXP 	surround_grating: sf = array([2.5, 2.5])
840.4943 	EXP 	surround_grating: phase = array([0.54864236, 0.54864236])
840.4943 	EXP 	center_grating: ori = 8.0
840.4943 	EXP 	center_grating: sf = array([2.5, 2.5])
840.4943 	EXP 	center_grating: phase = array([0.5984422, 0.5984422])
841.7299 	EXP 	noise_3: autoDraw = True
841.7299 	EXP 	surround_grating: autoDraw = True
841.7299 	EXP 	center_grating: autoDraw = True
841.8025 	EXP 	noise_3: autoDraw = False
841.8025 	EXP 	surround_grating: autoDraw = False
841.8025 	EXP 	center_grating: autoDraw = False
842.2560 	EXP 	New trial (rep=0, index=455): <Trial 455 (455 in rep 0) data={'center': 2, 'surround': 15.0, 'type': 'c+2', 'surr_type': 'poss', 'orient_opacity': 100, 'noise_opacity': 0, 'isi': 1.25, 'thisN': 455, 'thisTrialN': 455, 'thisRepN': 0}>
842.2611 	DATA 	Keypress: period
842.2669 	INFO 	Keyboard events cleared
842.2664 	EXP 	noise_3: autoDraw = False
842.2664 	EXP 	surround_grating: autoDraw = False
842.2664 	EXP 	center_grating: autoDraw = False
842.2664 	EXP 	text_2: autoDraw = False
842.2664 	EXP 	surround_grating: ori = 15.0
842.2664 	EXP 	surround_grating: sf = array([2.5, 2.5])
842.2664 	EXP 	surround_grating: phase = array([0.662008, 0.662008])
842.2664 	EXP 	center_grating: ori = 2.0
842.2664 	EXP 	center_grating: sf = array([2.5, 2.5])
842.2664 	EXP 	center_grating: phase = array([0.55506057, 0.55506057])
843.5071 	EXP 	noise_3: autoDraw = True
843.5071 	EXP 	surround_grating: autoDraw = True
843.5071 	EXP 	center_grating: autoDraw = True
843.5806 	EXP 	noise_3: autoDraw = False
843.5806 	EXP 	surround_grating: autoDraw = False
843.5806 	EXP 	center_grating: autoDraw = False
844.3894 	EXP 	New trial (rep=0, index=456): <Trial 456 (456 in rep 0) data={'center': -4, 'surround': 0.0, 'type': 'c-4', 'surr_type': 'noss', 'orient_opacity': 0, 'noise_opacity': 100, 'isi': 1.25, 'thisN': 456, 'thisTrialN': 456, 'thisRepN': 0}>
844.3945 	DATA 	Keypress: period
844.4002 	INFO 	Keyboard events cleared
844.3997 	EXP 	noise_3: autoDraw = False
844.3997 	EXP 	surround_grating: autoDraw = False
844.3997 	EXP 	center_grating: autoDraw = False
844.3997 	EXP 	text_2: autoDraw = False
844.3997 	EXP 	surround_grating: ori = 0.0
844.3997 	EXP 	surround_grating: sf = array([2.5, 2.5])
844.3997 	EXP 	surround_grating: phase = array([0.98554389, 0.98554389])
844.3997 	EXP 	center_grating: ori = -4.0
844.3997 	EXP 	center_grating: sf = array([2.5, 2.5])
844.3997 	EXP 	center_grating: phase = array([0.39660488, 0.39660488])
845.6391 	EXP 	noise_3: autoDraw = True
845.6391 	EXP 	surround_grating: autoDraw = True
845.6391 	EXP 	center_grating: autoDraw = True
845.7127 	EXP 	noise_3: autoDraw = False
845.7127 	EXP 	surround_grating: autoDraw = False
845.7127 	EXP 	center_grating: autoDraw = False
845.9008 	EXP 	New trial (rep=0, index=457): <Trial 457 (457 in rep 0) data={'center': 6, 'surround': 15.0, 'type': 'c+6', 'surr_type': 'poss', 'orient_opacity': 100, 'noise_opacity': 0, 'isi': 0.5, 'thisN': 457, 'thisTrialN': 457, 'thisRepN': 0}>
845.9064 	DATA 	Keypress: z
845.9126 	INFO 	Keyboard events cleared
845.9122 	EXP 	noise_3: autoDraw = False
845.9122 	EXP 	surround_grating: autoDraw = False
845.9122 	EXP 	center_grating: autoDraw = False
845.9122 	EXP 	text_2: autoDraw = False
845.9122 	EXP 	surround_grating: ori = 15.0
845.9122 	EXP 	surround_grating: sf = array([2.5, 2.5])
845.9122 	EXP 	surround_grating: phase = array([0.61096571, 0.61096571])
845.9122 	EXP 	center_grating: ori = 6.0
845.9122 	EXP 	center_grating: sf = array([2.5, 2.5])
845.9122 	EXP 	center_grating: phase = array([0.8387899, 0.8387899])
846.3967 	EXP 	noise_3: autoDraw = True
846.3967 	EXP 	surround_grating: autoDraw = True
846.3967 	EXP 	center_grating: autoDraw = True
846.4689 	EXP 	noise_3: autoDraw = False
846.4689 	EXP 	surround_grating: autoDraw = False
846.4689 	EXP 	center_grating: autoDraw = False
846.9169 	EXP 	New trial (rep=0, index=458): <Trial 458 (458 in rep 0) data={'center': 4, 'surround': 0.0, 'type': 'c+4', 'surr_type': 'noss', 'orient_opacity': 0, 'noise_opacity': 100, 'isi': 0.5, 'thisN': 458, 'thisTrialN': 458, 'thisRepN': 0}>
846.9225 	DATA 	Keypress: period
846.9287 	INFO 	Keyboard events cleared
846.9282 	EXP 	noise_3: autoDraw = False
846.9282 	EXP 	surround_grating: autoDraw = False
846.9282 	EXP 	center_grating: autoDraw = False
846.9282 	EXP 	text_2: autoDraw = False
846.9282 	EXP 	surround_grating: ori = 0.0
846.9282 	EXP 	surround_grating: sf = array([2.5, 2.5])
846.9282 	EXP 	surround_grating: phase = array([0.10888823, 0.10888823])
846.9282 	EXP 	center_grating: ori = 4.0
846.9282 	EXP 	center_grating: sf = array([2.5, 2.5])
846.9282 	EXP 	center_grating: phase = array([0.62839913, 0.62839913])
847.4134 	EXP 	noise_3: autoDraw = True
847.4134 	EXP 	surround_grating: autoDraw = True
847.4134 	EXP 	center_grating: autoDraw = True
847.4859 	EXP 	noise_3: autoDraw = False
847.4859 	EXP 	surround_grating: autoDraw = False
847.4859 	EXP 	center_grating: autoDraw = False
847.9832 	EXP 	New trial (rep=0, index=459): <Trial 459 (459 in rep 0) data={'center': -6, 'surround': -15.0, 'type': 'c-6', 'surr_type': 'negs', 'orient_opacity': 100, 'noise_opacity': 0, 'isi': 1.0, 'thisN': 459, 'thisTrialN': 459, 'thisRepN': 0}>
847.9885 	DATA 	Keypress: period
847.9946 	INFO 	Keyboard events cleared
847.9942 	EXP 	noise_3: autoDraw = False
847.9942 	EXP 	surround_grating: autoDraw = False
847.9942 	EXP 	center_grating: autoDraw = False
847.9942 	EXP 	text_2: autoDraw = False
847.9942 	EXP 	surround_grating: ori = -15.0
847.9942 	EXP 	surround_grating: sf = array([2.5, 2.5])
847.9942 	EXP 	surround_grating: phase = array([0.43090676, 0.43090676])
847.9942 	EXP 	center_grating: ori = -6.0
847.9942 	EXP 	center_grating: sf = array([2.5, 2.5])
847.9942 	EXP 	center_grating: phase = array([0.69742217, 0.69742217])
848.9802 	EXP 	noise_3: autoDraw = True
848.9802 	EXP 	surround_grating: autoDraw = True
848.9802 	EXP 	center_grating: autoDraw = True
849.0522 	EXP 	noise_3: autoDraw = False
849.0522 	EXP 	surround_grating: autoDraw = False
849.0522 	EXP 	center_grating: autoDraw = False
849.8053 	EXP 	New trial (rep=0, index=460): <Trial 460 (460 in rep 0) data={'center': -2, 'surround': 0.0, 'type': 'c-2', 'surr_type': 'noss', 'orient_opacity': 0, 'noise_opacity': 100, 'isi': 0.5, 'thisN': 460, 'thisTrialN': 460, 'thisRepN': 0}>
849.8104 	DATA 	Keypress: period
849.8166 	INFO 	Keyboard events cleared
849.8161 	EXP 	noise_3: autoDraw = False
849.8161 	EXP 	surround_grating: autoDraw = False
849.8161 	EXP 	center_grating: autoDraw = False
849.8161 	EXP 	text_2: autoDraw = False
849.8161 	EXP 	surround_grating: ori = 0.0
849.8161 	EXP 	surround_grating: sf = array([2.5, 2.5])
849.8161 	EXP 	surround_grating: phase = array([0.57748624, 0.57748624])
849.8161 	EXP 	center_grating: ori = -2.0
849.8161 	EXP 	center_grating: sf = array([2.5, 2.5])
849.8161 	EXP 	center_grating: phase = array([0.25100386, 0.25100386])
850.2963 	EXP 	noise_3: autoDraw = True
850.2963 	EXP 	surround_grating: autoDraw = True
850.2963 	EXP 	center_grating: autoDraw = True
850.3693 	EXP 	noise_3: autoDraw = False
850.3693 	EXP 	surround_grating: autoDraw = False
850.3693 	EXP 	center_grating: autoDraw = False
850.8009 	EXP 	New trial (rep=0, index=461): <Trial 461 (461 in rep 0) data={'center': -4, 'surround': 0.0, 'type': 'c-4', 'surr_type': 'noss', 'orient_opacity': 0, 'noise_opacity': 100, 'isi': 0.5, 'thisN': 461, 'thisTrialN': 461, 'thisRepN': 0}>
850.8063 	DATA 	Keypress: period
850.8126 	INFO 	Keyboard events cleared
850.8122 	EXP 	noise_3: autoDraw = False
850.8122 	EXP 	surround_grating: autoDraw = False
850.8122 	EXP 	center_grating: autoDraw = False
850.8122 	EXP 	text_2: autoDraw = False
850.8122 	EXP 	surround_grating: ori = 0.0
850.8122 	EXP 	surround_grating: sf = array([2.5, 2.5])
850.8122 	EXP 	surround_grating: phase = array([0.99392371, 0.99392371])
850.8122 	EXP 	center_grating: ori = -4.0
850.8122 	EXP 	center_grating: sf = array([2.5, 2.5])
850.8122 	EXP 	center_grating: phase = array([0.94994809, 0.94994809])
851.2959 	EXP 	noise_3: autoDraw = True
851.2959 	EXP 	surround_grating: autoDraw = True
851.2959 	EXP 	center_grating: autoDraw = True
851.3703 	EXP 	noise_3: autoDraw = False
851.3703 	EXP 	surround_grating: autoDraw = False
851.3703 	EXP 	center_grating: autoDraw = False
851.6396 	EXP 	New trial (rep=0, index=462): <Trial 462 (462 in rep 0) data={'center': -2, 'surround': -15.0, 'type': 'c-2', 'surr_type': 'negs', 'orient_opacity': 100, 'noise_opacity': 0, 'isi': 0.5, 'thisN': 462, 'thisTrialN': 462, 'thisRepN': 0}>
851.6448 	DATA 	Keypress: z
851.6504 	INFO 	Keyboard events cleared
851.6497 	EXP 	noise_3: autoDraw = False
851.6497 	EXP 	surround_grating: autoDraw = False
851.6497 	EXP 	center_grating: autoDraw = False
851.6497 	EXP 	text_2: autoDraw = False
851.6497 	EXP 	surround_grating: ori = -15.0
851.6497 	EXP 	surround_grating: sf = array([2.5, 2.5])
851.6497 	EXP 	surround_grating: phase = array([0.93455074, 0.93455074])
851.6497 	EXP 	center_grating: ori = -2.0
851.6497 	EXP 	center_grating: sf = array([2.5, 2.5])
851.6497 	EXP 	center_grating: phase = array([0.7083866, 0.7083866])
852.1401 	EXP 	noise_3: autoDraw = True
852.1401 	EXP 	surround_grating: autoDraw = True
852.1401 	EXP 	center_grating: autoDraw = True
852.2141 	EXP 	noise_3: autoDraw = False
852.2141 	EXP 	surround_grating: autoDraw = False
852.2141 	EXP 	center_grating: autoDraw = False
852.6578 	EXP 	New trial (rep=0, index=463): <Trial 463 (463 in rep 0) data={'center': -2, 'surround': 15.0, 'type': 'c-2', 'surr_type': 'poss', 'orient_opacity': 100, 'noise_opacity': 0, 'isi': 0.75, 'thisN': 463, 'thisTrialN': 463, 'thisRepN': 0}>
852.6635 	DATA 	Keypress: period
852.6688 	INFO 	Keyboard events cleared
852.6682 	EXP 	noise_3: autoDraw = False
852.6682 	EXP 	surround_grating: autoDraw = False
852.6682 	EXP 	center_grating: autoDraw = False
852.6682 	EXP 	text_2: autoDraw = False
852.6682 	EXP 	surround_grating: ori = 15.0
852.6682 	EXP 	surround_grating: sf = array([2.5, 2.5])
852.6682 	EXP 	surround_grating: phase = array([0.64127879, 0.64127879])
852.6682 	EXP 	center_grating: ori = -2.0
852.6682 	EXP 	center_grating: sf = array([2.5, 2.5])
852.6682 	EXP 	center_grating: phase = array([0.31432601, 0.31432601])
853.4067 	EXP 	noise_3: autoDraw = True
853.4067 	EXP 	surround_grating: autoDraw = True
853.4067 	EXP 	center_grating: autoDraw = True
853.4807 	EXP 	noise_3: autoDraw = False
853.4807 	EXP 	surround_grating: autoDraw = False
853.4807 	EXP 	center_grating: autoDraw = False
853.9008 	EXP 	New trial (rep=0, index=464): <Trial 464 (464 in rep 0) data={'center': 2, 'surround': -15.0, 'type': 'c+2', 'surr_type': 'negs', 'orient_opacity': 100, 'noise_opacity': 0, 'isi': 0.5, 'thisN': 464, 'thisTrialN': 464, 'thisRepN': 0}>
853.9073 	DATA 	Keypress: z
853.9136 	INFO 	Keyboard events cleared
853.9131 	EXP 	noise_3: autoDraw = False
853.9131 	EXP 	surround_grating: autoDraw = False
853.9131 	EXP 	center_grating: autoDraw = False
853.9131 	EXP 	text_2: autoDraw = False
853.9131 	EXP 	surround_grating: ori = -15.0
853.9131 	EXP 	surround_grating: sf = array([2.5, 2.5])
853.9131 	EXP 	surround_grating: phase = array([0.81761066, 0.81761066])
853.9131 	EXP 	center_grating: ori = 2.0
853.9131 	EXP 	center_grating: sf = array([2.5, 2.5])
853.9131 	EXP 	center_grating: phase = array([0.46763527, 0.46763527])
854.3969 	EXP 	noise_3: autoDraw = True
854.3969 	EXP 	surround_grating: autoDraw = True
854.3969 	EXP 	center_grating: autoDraw = True
854.4693 	EXP 	noise_3: autoDraw = False
854.4693 	EXP 	surround_grating: autoDraw = False
854.4693 	EXP 	center_grating: autoDraw = False
854.9001 	EXP 	New trial (rep=0, index=465): <Trial 465 (465 in rep 0) data={'center': 4, 'surround': 15.0, 'type': 'c+4', 'surr_type': 'poss', 'orient_opacity': 100, 'noise_opacity': 0, 'isi': 1.25, 'thisN': 465, 'thisTrialN': 465, 'thisRepN': 0}>
854.9056 	DATA 	Keypress: period
854.9114 	INFO 	Keyboard events cleared
854.9107 	EXP 	noise_3: autoDraw = False
854.9107 	EXP 	surround_grating: autoDraw = False
854.9107 	EXP 	center_grating: autoDraw = False
854.9107 	EXP 	text_2: autoDraw = False
854.9107 	EXP 	surround_grating: ori = 15.0
854.9107 	EXP 	surround_grating: sf = array([2.5, 2.5])
854.9107 	EXP 	surround_grating: phase = array([0.98557626, 0.98557626])
854.9107 	EXP 	center_grating: ori = 4.0
854.9107 	EXP 	center_grating: sf = array([2.5, 2.5])
854.9107 	EXP 	center_grating: phase = array([0.68084341, 0.68084341])
856.1472 	EXP 	noise_3: autoDraw = True
856.1472 	EXP 	surround_grating: autoDraw = True
856.1472 	EXP 	center_grating: autoDraw = True
856.2191 	EXP 	noise_3: autoDraw = False
856.2191 	EXP 	surround_grating: autoDraw = False
856.2191 	EXP 	center_grating: autoDraw = False
856.9736 	EXP 	New trial (rep=0, index=466): <Trial 466 (466 in rep 0) data={'center': -4, 'surround': 0.0, 'type': 'c-4', 'surr_type': 'noss', 'orient_opacity': 0, 'noise_opacity': 100, 'isi': 0.75, 'thisN': 466, 'thisTrialN': 466, 'thisRepN': 0}>
856.9789 	DATA 	Keypress: z
856.9842 	INFO 	Keyboard events cleared
856.9836 	EXP 	noise_3: autoDraw = False
856.9836 	EXP 	surround_grating: autoDraw = False
856.9836 	EXP 	center_grating: autoDraw = False
856.9836 	EXP 	text_2: autoDraw = False
856.9836 	EXP 	surround_grating: ori = 0.0
856.9836 	EXP 	surround_grating: sf = array([2.5, 2.5])
856.9836 	EXP 	surround_grating: phase = array([0.96718733, 0.96718733])
856.9836 	EXP 	center_grating: ori = -4.0
856.9836 	EXP 	center_grating: sf = array([2.5, 2.5])
856.9836 	EXP 	center_grating: phase = array([0.61826148, 0.61826148])
857.7233 	EXP 	noise_3: autoDraw = True
857.7233 	EXP 	surround_grating: autoDraw = True
857.7233 	EXP 	center_grating: autoDraw = True
857.7976 	EXP 	noise_3: autoDraw = False
857.7976 	EXP 	surround_grating: autoDraw = False
857.7976 	EXP 	center_grating: autoDraw = False
858.2667 	EXP 	New trial (rep=0, index=467): <Trial 467 (467 in rep 0) data={'center': -2, 'surround': -15.0, 'type': 'c-2', 'surr_type': 'negs', 'orient_opacity': 100, 'noise_opacity': 0, 'isi': 0.5, 'thisN': 467, 'thisTrialN': 467, 'thisRepN': 0}>
858.2717 	DATA 	Keypress: z
858.2780 	INFO 	Keyboard events cleared
858.2775 	EXP 	noise_3: autoDraw = False
858.2775 	EXP 	surround_grating: autoDraw = False
858.2775 	EXP 	center_grating: autoDraw = False
858.2775 	EXP 	text_2: autoDraw = False
858.2775 	EXP 	surround_grating: ori = -15.0
858.2775 	EXP 	surround_grating: sf = array([2.5, 2.5])
858.2775 	EXP 	surround_grating: phase = array([0.72251137, 0.72251137])
858.2775 	EXP 	center_grating: ori = -2.0
858.2775 	EXP 	center_grating: sf = array([2.5, 2.5])
858.2775 	EXP 	center_grating: phase = array([0.32984943, 0.32984943])
858.7638 	EXP 	noise_3: autoDraw = True
858.7638 	EXP 	surround_grating: autoDraw = True
858.7638 	EXP 	center_grating: autoDraw = True
858.8360 	EXP 	noise_3: autoDraw = False
858.8360 	EXP 	surround_grating: autoDraw = False
858.8360 	EXP 	center_grating: autoDraw = False
859.1337 	EXP 	New trial (rep=0, index=468): <Trial 468 (468 in rep 0) data={'center': 8, 'surround': 15.0, 'type': 'c+8', 'surr_type': 'poss', 'orient_opacity': 100, 'noise_opacity': 0, 'isi': 0.5, 'thisN': 468, 'thisTrialN': 468, 'thisRepN': 0}>
859.1394 	DATA 	Keypress: period
859.1457 	INFO 	Keyboard events cleared
859.1451 	EXP 	noise_3: autoDraw = False
859.1451 	EXP 	surround_grating: autoDraw = False
859.1451 	EXP 	center_grating: autoDraw = False
859.1451 	EXP 	text_2: autoDraw = False
859.1451 	EXP 	surround_grating: ori = 15.0
859.1451 	EXP 	surround_grating: sf = array([2.5, 2.5])
859.1451 	EXP 	surround_grating: phase = array([0.69117598, 0.69117598])
859.1451 	EXP 	center_grating: ori = 8.0
859.1451 	EXP 	center_grating: sf = array([2.5, 2.5])
859.1451 	EXP 	center_grating: phase = array([0.32174263, 0.32174263])
859.6306 	EXP 	noise_3: autoDraw = True
859.6306 	EXP 	surround_grating: autoDraw = True
859.6306 	EXP 	center_grating: autoDraw = True
859.7030 	EXP 	noise_3: autoDraw = False
859.7030 	EXP 	surround_grating: autoDraw = False
859.7030 	EXP 	center_grating: autoDraw = False
860.0670 	EXP 	New trial (rep=0, index=469): <Trial 469 (469 in rep 0) data={'center': 0, 'surround': 0.0, 'type': 'c+0', 'surr_type': 'noss', 'orient_opacity': 0, 'noise_opacity': 100, 'isi': 1.0, 'thisN': 469, 'thisTrialN': 469, 'thisRepN': 0}>
860.0720 	DATA 	Keypress: period
860.0779 	INFO 	Keyboard events cleared
860.0774 	EXP 	noise_3: autoDraw = False
860.0774 	EXP 	surround_grating: autoDraw = False
860.0774 	EXP 	center_grating: autoDraw = False
860.0774 	EXP 	text_2: autoDraw = False
860.0774 	EXP 	surround_grating: ori = 0.0
860.0774 	EXP 	surround_grating: sf = array([2.5, 2.5])
860.0774 	EXP 	surround_grating: phase = array([0.13311408, 0.13311408])
860.0774 	EXP 	center_grating: ori = 0.0
860.0774 	EXP 	center_grating: sf = array([2.5, 2.5])
860.0774 	EXP 	center_grating: phase = array([0.21199207, 0.21199207])
861.0639 	EXP 	noise_3: autoDraw = True
861.0639 	EXP 	surround_grating: autoDraw = True
861.0639 	EXP 	center_grating: autoDraw = True
861.1361 	EXP 	noise_3: autoDraw = False
861.1361 	EXP 	surround_grating: autoDraw = False
861.1361 	EXP 	center_grating: autoDraw = False
861.7001 	EXP 	New trial (rep=0, index=470): <Trial 470 (470 in rep 0) data={'center': 4, 'surround': 0.0, 'type': 'c+4', 'surr_type': 'noss', 'orient_opacity': 0, 'noise_opacity': 100, 'isi': 0.5, 'thisN': 470, 'thisTrialN': 470, 'thisRepN': 0}>
861.7050 	DATA 	Keypress: z
861.7110 	INFO 	Keyboard events cleared
861.7105 	EXP 	noise_3: autoDraw = False
861.7105 	EXP 	surround_grating: autoDraw = False
861.7105 	EXP 	center_grating: autoDraw = False
861.7105 	EXP 	text_2: autoDraw = False
861.7105 	EXP 	surround_grating: ori = 0.0
861.7105 	EXP 	surround_grating: sf = array([2.5, 2.5])
861.7105 	EXP 	surround_grating: phase = array([0.3897947, 0.3897947])
861.7105 	EXP 	center_grating: ori = 4.0
861.7105 	EXP 	center_grating: sf = array([2.5, 2.5])
861.7105 	EXP 	center_grating: phase = array([0.10886195, 0.10886195])
862.1974 	EXP 	noise_3: autoDraw = True
862.1974 	EXP 	surround_grating: autoDraw = True
862.1974 	EXP 	center_grating: autoDraw = True
862.2690 	EXP 	noise_3: autoDraw = False
862.2690 	EXP 	surround_grating: autoDraw = False
862.2690 	EXP 	center_grating: autoDraw = False
862.5167 	EXP 	New trial (rep=0, index=471): <Trial 471 (471 in rep 0) data={'center': -4, 'surround': -15.0, 'type': 'c-4', 'surr_type': 'negs', 'orient_opacity': 100, 'noise_opacity': 0, 'isi': 1.25, 'thisN': 471, 'thisTrialN': 471, 'thisRepN': 0}>
862.5216 	DATA 	Keypress: z
862.5275 	INFO 	Keyboard events cleared
862.5270 	EXP 	noise_3: autoDraw = False
862.5270 	EXP 	surround_grating: autoDraw = False
862.5270 	EXP 	center_grating: autoDraw = False
862.5270 	EXP 	text_2: autoDraw = False
862.5270 	EXP 	surround_grating: ori = -15.0
862.5270 	EXP 	surround_grating: sf = array([2.5, 2.5])
862.5270 	EXP 	surround_grating: phase = array([0.50705864, 0.50705864])
862.5270 	EXP 	center_grating: ori = -4.0
862.5270 	EXP 	center_grating: sf = array([2.5, 2.5])
862.5270 	EXP 	center_grating: phase = array([0.05454337, 0.05454337])
863.7640 	EXP 	noise_3: autoDraw = True
863.7640 	EXP 	surround_grating: autoDraw = True
863.7640 	EXP 	center_grating: autoDraw = True
863.8356 	EXP 	noise_3: autoDraw = False
863.8356 	EXP 	surround_grating: autoDraw = False
863.8356 	EXP 	center_grating: autoDraw = False
863.8570 	EXP 	New trial (rep=0, index=472): <Trial 472 (472 in rep 0) data={'center': -4, 'surround': 0.0, 'type': 'c-4', 'surr_type': 'noss', 'orient_opacity': 0, 'noise_opacity': 100, 'isi': 1.25, 'thisN': 472, 'thisTrialN': 472, 'thisRepN': 0}>
863.8622 	DATA 	Keypress: z
863.8676 	INFO 	Keyboard events cleared
863.8671 	EXP 	noise_3: autoDraw = False
863.8671 	EXP 	surround_grating: autoDraw = False
863.8671 	EXP 	center_grating: autoDraw = False
863.8671 	EXP 	text_2: autoDraw = False
863.8671 	EXP 	surround_grating: ori = 0.0
863.8671 	EXP 	surround_grating: sf = array([2.5, 2.5])
863.8671 	EXP 	surround_grating: phase = array([0.96159052, 0.96159052])
863.8671 	EXP 	center_grating: ori = -4.0
863.8671 	EXP 	center_grating: sf = array([2.5, 2.5])
863.8671 	EXP 	center_grating: phase = array([0.91062442, 0.91062442])
865.1074 	EXP 	noise_3: autoDraw = True
865.1074 	EXP 	surround_grating: autoDraw = True
865.1074 	EXP 	center_grating: autoDraw = True
865.1812 	EXP 	noise_3: autoDraw = False
865.1812 	EXP 	surround_grating: autoDraw = False
865.1812 	EXP 	center_grating: autoDraw = False
865.3895 	EXP 	New trial (rep=0, index=473): <Trial 473 (473 in rep 0) data={'center': -2, 'surround': 0.0, 'type': 'c-2', 'surr_type': 'noss', 'orient_opacity': 0, 'noise_opacity': 100, 'isi': 0.5, 'thisN': 473, 'thisTrialN': 473, 'thisRepN': 0}>
865.3947 	DATA 	Keypress: period
865.4007 	INFO 	Keyboard events cleared
865.4002 	EXP 	noise_3: autoDraw = False
865.4002 	EXP 	surround_grating: autoDraw = False
865.4002 	EXP 	center_grating: autoDraw = False
865.4002 	EXP 	text_2: autoDraw = False
865.4002 	EXP 	surround_grating: ori = 0.0
865.4002 	EXP 	surround_grating: sf = array([2.5, 2.5])
865.4002 	EXP 	surround_grating: phase = array([0.92222879, 0.92222879])
865.4002 	EXP 	center_grating: ori = -2.0
865.4002 	EXP 	center_grating: sf = array([2.5, 2.5])
865.4002 	EXP 	center_grating: phase = array([0.66885903, 0.66885903])
865.8907 	EXP 	noise_3: autoDraw = True
865.8907 	EXP 	surround_grating: autoDraw = True
865.8907 	EXP 	center_grating: autoDraw = True
865.9646 	EXP 	noise_3: autoDraw = False
865.9646 	EXP 	surround_grating: autoDraw = False
865.9646 	EXP 	center_grating: autoDraw = False
866.3339 	EXP 	New trial (rep=0, index=474): <Trial 474 (474 in rep 0) data={'center': 2, 'surround': 0.0, 'type': 'c+2', 'surr_type': 'noss', 'orient_opacity': 0, 'noise_opacity': 100, 'isi': 0.5, 'thisN': 474, 'thisTrialN': 474, 'thisRepN': 0}>
866.3398 	DATA 	Keypress: z
866.3457 	INFO 	Keyboard events cleared
866.3452 	EXP 	noise_3: autoDraw = False
866.3452 	EXP 	surround_grating: autoDraw = False
866.3452 	EXP 	center_grating: autoDraw = False
866.3452 	EXP 	text_2: autoDraw = False
866.3452 	EXP 	surround_grating: ori = 0.0
866.3452 	EXP 	surround_grating: sf = array([2.5, 2.5])
866.3452 	EXP 	surround_grating: phase = array([0.15111305, 0.15111305])
866.3452 	EXP 	center_grating: ori = 2.0
866.3452 	EXP 	center_grating: sf = array([2.5, 2.5])
866.3452 	EXP 	center_grating: phase = array([0.10528943, 0.10528943])
866.8298 	EXP 	noise_3: autoDraw = True
866.8298 	EXP 	surround_grating: autoDraw = True
866.8298 	EXP 	center_grating: autoDraw = True
866.9033 	EXP 	noise_3: autoDraw = False
866.9033 	EXP 	surround_grating: autoDraw = False
866.9033 	EXP 	center_grating: autoDraw = False
867.1901 	EXP 	New trial (rep=0, index=475): <Trial 475 (475 in rep 0) data={'center': 8, 'surround': 15.0, 'type': 'c+8', 'surr_type': 'poss', 'orient_opacity': 100, 'noise_opacity': 0, 'isi': 0.75, 'thisN': 475, 'thisTrialN': 475, 'thisRepN': 0}>
867.1958 	DATA 	Keypress: period
867.2013 	INFO 	Keyboard events cleared
867.2007 	EXP 	noise_3: autoDraw = False
867.2007 	EXP 	surround_grating: autoDraw = False
867.2007 	EXP 	center_grating: autoDraw = False
867.2007 	EXP 	text_2: autoDraw = False
867.2007 	EXP 	surround_grating: ori = 15.0
867.2007 	EXP 	surround_grating: sf = array([2.5, 2.5])
867.2007 	EXP 	surround_grating: phase = array([0.67741051, 0.67741051])
867.2007 	EXP 	center_grating: ori = 8.0
867.2007 	EXP 	center_grating: sf = array([2.5, 2.5])
867.2007 	EXP 	center_grating: phase = array([0.65350819, 0.65350819])
867.9398 	EXP 	noise_3: autoDraw = True
867.9398 	EXP 	surround_grating: autoDraw = True
867.9398 	EXP 	center_grating: autoDraw = True
868.0136 	EXP 	noise_3: autoDraw = False
868.0136 	EXP 	surround_grating: autoDraw = False
868.0136 	EXP 	center_grating: autoDraw = False
868.3239 	EXP 	New trial (rep=0, index=476): <Trial 476 (476 in rep 0) data={'center': 2, 'surround': 0.0, 'type': 'c+2', 'surr_type': 'noss', 'orient_opacity': 0, 'noise_opacity': 100, 'isi': 1.25, 'thisN': 476, 'thisTrialN': 476, 'thisRepN': 0}>
868.3292 	DATA 	Keypress: period
868.3345 	INFO 	Keyboard events cleared
868.3340 	EXP 	noise_3: autoDraw = False
868.3340 	EXP 	surround_grating: autoDraw = False
868.3340 	EXP 	center_grating: autoDraw = False
868.3340 	EXP 	text_2: autoDraw = False
868.3340 	EXP 	surround_grating: ori = 0.0
868.3340 	EXP 	surround_grating: sf = array([2.5, 2.5])
868.3340 	EXP 	surround_grating: phase = array([0.11529861, 0.11529861])
868.3340 	EXP 	center_grating: ori = 2.0
868.3340 	EXP 	center_grating: sf = array([2.5, 2.5])
868.3340 	EXP 	center_grating: phase = array([0.22137183, 0.22137183])
869.5743 	EXP 	noise_3: autoDraw = True
869.5743 	EXP 	surround_grating: autoDraw = True
869.5743 	EXP 	center_grating: autoDraw = True
869.6481 	EXP 	noise_3: autoDraw = False
869.6481 	EXP 	surround_grating: autoDraw = False
869.6481 	EXP 	center_grating: autoDraw = False
870.1357 	EXP 	New trial (rep=0, index=477): <Trial 477 (477 in rep 0) data={'center': 4, 'surround': 0.0, 'type': 'c+4', 'surr_type': 'noss', 'orient_opacity': 0, 'noise_opacity': 100, 'isi': 1.0, 'thisN': 477, 'thisTrialN': 477, 'thisRepN': 0}>
870.1408 	DATA 	Keypress: period
870.1471 	INFO 	Keyboard events cleared
870.1467 	EXP 	noise_3: autoDraw = False
870.1467 	EXP 	surround_grating: autoDraw = False
870.1467 	EXP 	center_grating: autoDraw = False
870.1467 	EXP 	text_2: autoDraw = False
870.1467 	EXP 	surround_grating: ori = 0.0
870.1467 	EXP 	surround_grating: sf = array([2.5, 2.5])
870.1467 	EXP 	surround_grating: phase = array([0.91355183, 0.91355183])
870.1467 	EXP 	center_grating: ori = 4.0
870.1467 	EXP 	center_grating: sf = array([2.5, 2.5])
870.1467 	EXP 	center_grating: phase = array([0.87952795, 0.87952795])
871.1309 	EXP 	noise_3: autoDraw = True
871.1309 	EXP 	surround_grating: autoDraw = True
871.1309 	EXP 	center_grating: autoDraw = True
871.2028 	EXP 	noise_3: autoDraw = False
871.2028 	EXP 	surround_grating: autoDraw = False
871.2028 	EXP 	center_grating: autoDraw = False
871.5516 	EXP 	New trial (rep=0, index=478): <Trial 478 (478 in rep 0) data={'center': -2, 'surround': -15.0, 'type': 'c-2', 'surr_type': 'negs', 'orient_opacity': 100, 'noise_opacity': 0, 'isi': 1.0, 'thisN': 478, 'thisTrialN': 478, 'thisRepN': 0}>
871.5574 	DATA 	Keypress: period
871.5634 	INFO 	Keyboard events cleared
871.5629 	EXP 	noise_3: autoDraw = False
871.5629 	EXP 	surround_grating: autoDraw = False
871.5629 	EXP 	center_grating: autoDraw = False
871.5629 	EXP 	text_2: autoDraw = False
871.5629 	EXP 	surround_grating: ori = -15.0
871.5629 	EXP 	surround_grating: sf = array([2.5, 2.5])
871.5629 	EXP 	surround_grating: phase = array([0.58438242, 0.58438242])
871.5629 	EXP 	center_grating: ori = -2.0
871.5629 	EXP 	center_grating: sf = array([2.5, 2.5])
871.5629 	EXP 	center_grating: phase = array([0.89056276, 0.89056276])
872.5470 	EXP 	noise_3: autoDraw = True
872.5470 	EXP 	surround_grating: autoDraw = True
872.5470 	EXP 	center_grating: autoDraw = True
872.6199 	EXP 	noise_3: autoDraw = False
872.6199 	EXP 	surround_grating: autoDraw = False
872.6199 	EXP 	center_grating: autoDraw = False
873.0010 	EXP 	New trial (rep=0, index=479): <Trial 479 (479 in rep 0) data={'center': -6, 'surround': -15.0, 'type': 'c-6', 'surr_type': 'negs', 'orient_opacity': 100, 'noise_opacity': 0, 'isi': 1.25, 'thisN': 479, 'thisTrialN': 479, 'thisRepN': 0}>
873.0065 	DATA 	Keypress: period
873.0125 	INFO 	Keyboard events cleared
873.0120 	EXP 	noise_3: autoDraw = False
873.0120 	EXP 	surround_grating: autoDraw = False
873.0120 	EXP 	center_grating: autoDraw = False
873.0120 	EXP 	text_2: autoDraw = False
873.0120 	EXP 	surround_grating: ori = -15.0
873.0120 	EXP 	surround_grating: sf = array([2.5, 2.5])
873.0120 	EXP 	surround_grating: phase = array([0.37955103, 0.37955103])
873.0120 	EXP 	center_grating: ori = -6.0
873.0120 	EXP 	center_grating: sf = array([2.5, 2.5])
873.0120 	EXP 	center_grating: phase = array([0.58244265, 0.58244265])
874.2477 	EXP 	noise_3: autoDraw = True
874.2477 	EXP 	surround_grating: autoDraw = True
874.2477 	EXP 	center_grating: autoDraw = True
874.3196 	EXP 	noise_3: autoDraw = False
874.3196 	EXP 	surround_grating: autoDraw = False
874.3196 	EXP 	center_grating: autoDraw = False
874.5894 	EXP 	New trial (rep=0, index=480): <Trial 480 (480 in rep 0) data={'center': -2, 'surround': 0.0, 'type': 'c-2', 'surr_type': 'noss', 'orient_opacity': 0, 'noise_opacity': 100, 'isi': 0.75, 'thisN': 480, 'thisTrialN': 480, 'thisRepN': 0}>
874.5945 	DATA 	Keypress: period
874.6006 	INFO 	Keyboard events cleared
874.6002 	EXP 	noise_3: autoDraw = False
874.6002 	EXP 	surround_grating: autoDraw = False
874.6002 	EXP 	center_grating: autoDraw = False
874.6002 	EXP 	text_2: autoDraw = False
874.6002 	EXP 	surround_grating: ori = 0.0
874.6002 	EXP 	surround_grating: sf = array([2.5, 2.5])
874.6002 	EXP 	surround_grating: phase = array([0.16845412, 0.16845412])
874.6002 	EXP 	center_grating: ori = -2.0
874.6002 	EXP 	center_grating: sf = array([2.5, 2.5])
874.6002 	EXP 	center_grating: phase = array([0.89854018, 0.89854018])
875.3405 	EXP 	noise_3: autoDraw = True
875.3405 	EXP 	surround_grating: autoDraw = True
875.3405 	EXP 	center_grating: autoDraw = True
875.4150 	EXP 	noise_3: autoDraw = False
875.4150 	EXP 	surround_grating: autoDraw = False
875.4150 	EXP 	center_grating: autoDraw = False
875.7191 	EXP 	New trial (rep=0, index=481): <Trial 481 (481 in rep 0) data={'center': -8, 'surround': -15.0, 'type': 'c-8', 'surr_type': 'negs', 'orient_opacity': 100, 'noise_opacity': 0, 'isi': 0.75, 'thisN': 481, 'thisTrialN': 481, 'thisRepN': 0}>
875.7248 	DATA 	Keypress: period
875.7308 	INFO 	Keyboard events cleared
875.7302 	EXP 	noise_3: autoDraw = False
875.7302 	EXP 	surround_grating: autoDraw = False
875.7302 	EXP 	center_grating: autoDraw = False
875.7302 	EXP 	text_2: autoDraw = False
875.7302 	EXP 	surround_grating: ori = -15.0
875.7302 	EXP 	surround_grating: sf = array([2.5, 2.5])
875.7302 	EXP 	surround_grating: phase = array([0.79885478, 0.79885478])
875.7302 	EXP 	center_grating: ori = -8.0
875.7302 	EXP 	center_grating: sf = array([2.5, 2.5])
875.7302 	EXP 	center_grating: phase = array([0.50754822, 0.50754822])
876.4647 	EXP 	noise_3: autoDraw = True
876.4647 	EXP 	surround_grating: autoDraw = True
876.4647 	EXP 	center_grating: autoDraw = True
876.5368 	EXP 	noise_3: autoDraw = False
876.5368 	EXP 	surround_grating: autoDraw = False
876.5368 	EXP 	center_grating: autoDraw = False
876.6852 	EXP 	New trial (rep=0, index=482): <Trial 482 (482 in rep 0) data={'center': 2, 'surround': -15.0, 'type': 'c+2', 'surr_type': 'negs', 'orient_opacity': 100, 'noise_opacity': 0, 'isi': 0.75, 'thisN': 482, 'thisTrialN': 482, 'thisRepN': 0}>
876.6903 	DATA 	Keypress: z
876.6960 	INFO 	Keyboard events cleared
876.6954 	EXP 	noise_3: autoDraw = False
876.6954 	EXP 	surround_grating: autoDraw = False
876.6954 	EXP 	center_grating: autoDraw = False
876.6954 	EXP 	text_2: autoDraw = False
876.6954 	EXP 	surround_grating: ori = -15.0
876.6954 	EXP 	surround_grating: sf = array([2.5, 2.5])
876.6954 	EXP 	surround_grating: phase = array([0.56743983, 0.56743983])
876.6954 	EXP 	center_grating: ori = 2.0
876.6954 	EXP 	center_grating: sf = array([2.5, 2.5])
876.6954 	EXP 	center_grating: phase = array([0.50744375, 0.50744375])
877.4312 	EXP 	noise_3: autoDraw = True
877.4312 	EXP 	surround_grating: autoDraw = True
877.4312 	EXP 	center_grating: autoDraw = True
877.5035 	EXP 	noise_3: autoDraw = False
877.5035 	EXP 	surround_grating: autoDraw = False
877.5035 	EXP 	center_grating: autoDraw = False
877.7250 	EXP 	New trial (rep=0, index=483): <Trial 483 (483 in rep 0) data={'center': 0, 'surround': -15.0, 'type': 'c+0', 'surr_type': 'negs', 'orient_opacity': 100, 'noise_opacity': 0, 'isi': 1.0, 'thisN': 483, 'thisTrialN': 483, 'thisRepN': 0}>
877.7302 	DATA 	Keypress: z
877.7355 	INFO 	Keyboard events cleared
877.7350 	EXP 	noise_3: autoDraw = False
877.7350 	EXP 	surround_grating: autoDraw = False
877.7350 	EXP 	center_grating: autoDraw = False
877.7350 	EXP 	text_2: autoDraw = False
877.7350 	EXP 	surround_grating: ori = -15.0
877.7350 	EXP 	surround_grating: sf = array([2.5, 2.5])
877.7350 	EXP 	surround_grating: phase = array([0.81885788, 0.81885788])
877.7350 	EXP 	center_grating: ori = 0.0
877.7350 	EXP 	center_grating: sf = array([2.5, 2.5])
877.7350 	EXP 	center_grating: phase = array([0.25046023, 0.25046023])
878.7244 	EXP 	noise_3: autoDraw = True
878.7244 	EXP 	surround_grating: autoDraw = True
878.7244 	EXP 	center_grating: autoDraw = True
878.7984 	EXP 	noise_3: autoDraw = False
878.7984 	EXP 	surround_grating: autoDraw = False
878.7984 	EXP 	center_grating: autoDraw = False
878.9512 	EXP 	New trial (rep=0, index=484): <Trial 484 (484 in rep 0) data={'center': 4, 'surround': 15.0, 'type': 'c+4', 'surr_type': 'poss', 'orient_opacity': 100, 'noise_opacity': 0, 'isi': 1.0, 'thisN': 484, 'thisTrialN': 484, 'thisRepN': 0}>
878.9564 	DATA 	Keypress: period
878.9623 	INFO 	Keyboard events cleared
878.9618 	EXP 	noise_3: autoDraw = False
878.9618 	EXP 	surround_grating: autoDraw = False
878.9618 	EXP 	center_grating: autoDraw = False
878.9618 	EXP 	text_2: autoDraw = False
878.9618 	EXP 	surround_grating: ori = 15.0
878.9618 	EXP 	surround_grating: sf = array([2.5, 2.5])
878.9618 	EXP 	surround_grating: phase = array([0.61471089, 0.61471089])
878.9618 	EXP 	center_grating: ori = 4.0
878.9618 	EXP 	center_grating: sf = array([2.5, 2.5])
878.9618 	EXP 	center_grating: phase = array([0.81332554, 0.81332554])
879.9479 	EXP 	noise_3: autoDraw = True
879.9479 	EXP 	surround_grating: autoDraw = True
879.9479 	EXP 	center_grating: autoDraw = True
880.0198 	EXP 	noise_3: autoDraw = False
880.0198 	EXP 	surround_grating: autoDraw = False
880.0198 	EXP 	center_grating: autoDraw = False
880.3185 	EXP 	New trial (rep=0, index=485): <Trial 485 (485 in rep 0) data={'center': -2, 'surround': -15.0, 'type': 'c-2', 'surr_type': 'negs', 'orient_opacity': 100, 'noise_opacity': 0, 'isi': 1.25, 'thisN': 485, 'thisTrialN': 485, 'thisRepN': 0}>
880.3238 	DATA 	Keypress: period
880.3298 	INFO 	Keyboard events cleared
880.3293 	EXP 	noise_3: autoDraw = False
880.3293 	EXP 	surround_grating: autoDraw = False
880.3293 	EXP 	center_grating: autoDraw = False
880.3293 	EXP 	text_2: autoDraw = False
880.3293 	EXP 	surround_grating: ori = -15.0
880.3293 	EXP 	surround_grating: sf = array([2.5, 2.5])
880.3293 	EXP 	surround_grating: phase = array([0.98032634, 0.98032634])
880.3293 	EXP 	center_grating: ori = -2.0
880.3293 	EXP 	center_grating: sf = array([2.5, 2.5])
880.3293 	EXP 	center_grating: phase = array([0.29297517, 0.29297517])
881.5650 	EXP 	noise_3: autoDraw = True
881.5650 	EXP 	surround_grating: autoDraw = True
881.5650 	EXP 	center_grating: autoDraw = True
881.6369 	EXP 	noise_3: autoDraw = False
881.6369 	EXP 	surround_grating: autoDraw = False
881.6369 	EXP 	center_grating: autoDraw = False
881.9010 	EXP 	New trial (rep=0, index=486): <Trial 486 (486 in rep 0) data={'center': -2, 'surround': -15.0, 'type': 'c-2', 'surr_type': 'negs', 'orient_opacity': 100, 'noise_opacity': 0, 'isi': 0.5, 'thisN': 486, 'thisTrialN': 486, 'thisRepN': 0}>
881.9059 	DATA 	Keypress: z
881.9119 	INFO 	Keyboard events cleared
881.9114 	EXP 	noise_3: autoDraw = False
881.9114 	EXP 	surround_grating: autoDraw = False
881.9114 	EXP 	center_grating: autoDraw = False
881.9114 	EXP 	text_2: autoDraw = False
881.9114 	EXP 	surround_grating: ori = -15.0
881.9114 	EXP 	surround_grating: sf = array([2.5, 2.5])
881.9114 	EXP 	surround_grating: phase = array([0.2763671, 0.2763671])
881.9114 	EXP 	center_grating: ori = -2.0
881.9114 	EXP 	center_grating: sf = array([2.5, 2.5])
881.9114 	EXP 	center_grating: phase = array([0.88534189, 0.88534189])
882.3970 	EXP 	noise_3: autoDraw = True
882.3970 	EXP 	surround_grating: autoDraw = True
882.3970 	EXP 	center_grating: autoDraw = True
882.4712 	EXP 	noise_3: autoDraw = False
882.4712 	EXP 	surround_grating: autoDraw = False
882.4712 	EXP 	center_grating: autoDraw = False
882.7344 	EXP 	New trial (rep=0, index=487): <Trial 487 (487 in rep 0) data={'center': 4, 'surround': 15.0, 'type': 'c+4', 'surr_type': 'poss', 'orient_opacity': 100, 'noise_opacity': 0, 'isi': 0.5, 'thisN': 487, 'thisTrialN': 487, 'thisRepN': 0}>
882.7399 	DATA 	Keypress: period
882.7458 	INFO 	Keyboard events cleared
882.7452 	EXP 	noise_3: autoDraw = False
882.7452 	EXP 	surround_grating: autoDraw = False
882.7452 	EXP 	center_grating: autoDraw = False
882.7452 	EXP 	text_2: autoDraw = False
882.7452 	EXP 	surround_grating: ori = 15.0
882.7452 	EXP 	surround_grating: sf = array([2.5, 2.5])
882.7452 	EXP 	surround_grating: phase = array([0.27575437, 0.27575437])
882.7452 	EXP 	center_grating: ori = 4.0
882.7452 	EXP 	center_grating: sf = array([2.5, 2.5])
882.7452 	EXP 	center_grating: phase = array([0.97285972, 0.97285972])
883.2314 	EXP 	noise_3: autoDraw = True
883.2314 	EXP 	surround_grating: autoDraw = True
883.2314 	EXP 	center_grating: autoDraw = True
883.3034 	EXP 	noise_3: autoDraw = False
883.3034 	EXP 	surround_grating: autoDraw = False
883.3034 	EXP 	center_grating: autoDraw = False
883.6167 	EXP 	New trial (rep=0, index=488): <Trial 488 (488 in rep 0) data={'center': -2, 'surround': 0.0, 'type': 'c-2', 'surr_type': 'noss', 'orient_opacity': 0, 'noise_opacity': 100, 'isi': 1.0, 'thisN': 488, 'thisTrialN': 488, 'thisRepN': 0}>
883.6219 	DATA 	Keypress: period
883.6279 	INFO 	Keyboard events cleared
883.6273 	EXP 	noise_3: autoDraw = False
883.6273 	EXP 	surround_grating: autoDraw = False
883.6273 	EXP 	center_grating: autoDraw = False
883.6273 	EXP 	text_2: autoDraw = False
883.6273 	EXP 	surround_grating: ori = 0.0
883.6273 	EXP 	surround_grating: sf = array([2.5, 2.5])
883.6273 	EXP 	surround_grating: phase = array([0.83075909, 0.83075909])
883.6273 	EXP 	center_grating: ori = -2.0
883.6273 	EXP 	center_grating: sf = array([2.5, 2.5])
883.6273 	EXP 	center_grating: phase = array([0.55317275, 0.55317275])
884.6148 	EXP 	noise_3: autoDraw = True
884.6148 	EXP 	surround_grating: autoDraw = True
884.6148 	EXP 	center_grating: autoDraw = True
884.6871 	EXP 	noise_3: autoDraw = False
884.6871 	EXP 	surround_grating: autoDraw = False
884.6871 	EXP 	center_grating: autoDraw = False
884.8847 	EXP 	New trial (rep=0, index=489): <Trial 489 (489 in rep 0) data={'center': 2, 'surround': -15.0, 'type': 'c+2', 'surr_type': 'negs', 'orient_opacity': 100, 'noise_opacity': 0, 'isi': 0.5, 'thisN': 489, 'thisTrialN': 489, 'thisRepN': 0}>
884.8900 	DATA 	Keypress: z
884.8965 	INFO 	Keyboard events cleared
884.8959 	EXP 	noise_3: autoDraw = False
884.8959 	EXP 	surround_grating: autoDraw = False
884.8959 	EXP 	center_grating: autoDraw = False
884.8959 	EXP 	text_2: autoDraw = False
884.8959 	EXP 	surround_grating: ori = -15.0
884.8959 	EXP 	surround_grating: sf = array([2.5, 2.5])
884.8959 	EXP 	surround_grating: phase = array([0.22034245, 0.22034245])
884.8959 	EXP 	center_grating: ori = 2.0
884.8959 	EXP 	center_grating: sf = array([2.5, 2.5])
884.8959 	EXP 	center_grating: phase = array([0.16697294, 0.16697294])
885.3806 	EXP 	noise_3: autoDraw = True
885.3806 	EXP 	surround_grating: autoDraw = True
885.3806 	EXP 	center_grating: autoDraw = True
885.4537 	EXP 	noise_3: autoDraw = False
885.4537 	EXP 	surround_grating: autoDraw = False
885.4537 	EXP 	center_grating: autoDraw = False
885.9522 	EXP 	New trial (rep=0, index=490): <Trial 490 (490 in rep 0) data={'center': 0, 'surround': -15.0, 'type': 'c+0', 'surr_type': 'negs', 'orient_opacity': 100, 'noise_opacity': 0, 'isi': 1.25, 'thisN': 490, 'thisTrialN': 490, 'thisRepN': 0}>
885.9586 	DATA 	Keypress: period
885.9647 	INFO 	Keyboard events cleared
885.9641 	EXP 	noise_3: autoDraw = False
885.9641 	EXP 	surround_grating: autoDraw = False
885.9641 	EXP 	center_grating: autoDraw = False
885.9641 	EXP 	text_2: autoDraw = False
885.9641 	EXP 	surround_grating: ori = -15.0
885.9641 	EXP 	surround_grating: sf = array([2.5, 2.5])
885.9641 	EXP 	surround_grating: phase = array([0.8306221, 0.8306221])
885.9641 	EXP 	center_grating: ori = 0.0
885.9641 	EXP 	center_grating: sf = array([2.5, 2.5])
885.9641 	EXP 	center_grating: phase = array([0.20472112, 0.20472112])
887.1978 	EXP 	noise_3: autoDraw = True
887.1978 	EXP 	surround_grating: autoDraw = True
887.1978 	EXP 	center_grating: autoDraw = True
887.2715 	EXP 	noise_3: autoDraw = False
887.2715 	EXP 	surround_grating: autoDraw = False
887.2715 	EXP 	center_grating: autoDraw = False
887.7022 	EXP 	New trial (rep=0, index=491): <Trial 491 (491 in rep 0) data={'center': -8, 'surround': -15.0, 'type': 'c-8', 'surr_type': 'negs', 'orient_opacity': 100, 'noise_opacity': 0, 'isi': 1.25, 'thisN': 491, 'thisTrialN': 491, 'thisRepN': 0}>
887.7089 	DATA 	Keypress: period
887.7149 	INFO 	Keyboard events cleared
887.7144 	EXP 	noise_3: autoDraw = False
887.7144 	EXP 	surround_grating: autoDraw = False
887.7144 	EXP 	center_grating: autoDraw = False
887.7144 	EXP 	text_2: autoDraw = False
887.7144 	EXP 	surround_grating: ori = -15.0
887.7144 	EXP 	surround_grating: sf = array([2.5, 2.5])
887.7144 	EXP 	surround_grating: phase = array([0.54011867, 0.54011867])
887.7144 	EXP 	center_grating: ori = -8.0
887.7144 	EXP 	center_grating: sf = array([2.5, 2.5])
887.7144 	EXP 	center_grating: phase = array([0.32073216, 0.32073216])
888.9481 	EXP 	noise_3: autoDraw = True
888.9481 	EXP 	surround_grating: autoDraw = True
888.9481 	EXP 	center_grating: autoDraw = True
889.0211 	EXP 	noise_3: autoDraw = False
889.0211 	EXP 	surround_grating: autoDraw = False
889.0211 	EXP 	center_grating: autoDraw = False
889.7517 	EXP 	New trial (rep=0, index=492): <Trial 492 (492 in rep 0) data={'center': -8, 'surround': -15.0, 'type': 'c-8', 'surr_type': 'negs', 'orient_opacity': 100, 'noise_opacity': 0, 'isi': 0.75, 'thisN': 492, 'thisTrialN': 492, 'thisRepN': 0}>
889.7577 	DATA 	Keypress: z
889.7641 	INFO 	Keyboard events cleared
889.7634 	EXP 	noise_3: autoDraw = False
889.7634 	EXP 	surround_grating: autoDraw = False
889.7634 	EXP 	center_grating: autoDraw = False
889.7634 	EXP 	text_2: autoDraw = False
889.7634 	EXP 	surround_grating: ori = -15.0
889.7634 	EXP 	surround_grating: sf = array([2.5, 2.5])
889.7634 	EXP 	surround_grating: phase = array([0.73234114, 0.73234114])
889.7634 	EXP 	center_grating: ori = -8.0
889.7634 	EXP 	center_grating: sf = array([2.5, 2.5])
889.7634 	EXP 	center_grating: phase = array([0.79708182, 0.79708182])
890.4983 	EXP 	noise_3: autoDraw = True
890.4983 	EXP 	surround_grating: autoDraw = True
890.4983 	EXP 	center_grating: autoDraw = True
890.5702 	EXP 	noise_3: autoDraw = False
890.5702 	EXP 	surround_grating: autoDraw = False
890.5702 	EXP 	center_grating: autoDraw = False
891.0243 	EXP 	New trial (rep=0, index=493): <Trial 493 (493 in rep 0) data={'center': -4, 'surround': -15.0, 'type': 'c-4', 'surr_type': 'negs', 'orient_opacity': 100, 'noise_opacity': 0, 'isi': 1.25, 'thisN': 493, 'thisTrialN': 493, 'thisRepN': 0}>
891.0296 	DATA 	Keypress: z
891.0351 	INFO 	Keyboard events cleared
891.0346 	EXP 	noise_3: autoDraw = False
891.0346 	EXP 	surround_grating: autoDraw = False
891.0346 	EXP 	center_grating: autoDraw = False
891.0346 	EXP 	text_2: autoDraw = False
891.0346 	EXP 	surround_grating: ori = -15.0
891.0346 	EXP 	surround_grating: sf = array([2.5, 2.5])
891.0346 	EXP 	surround_grating: phase = array([0.86236116, 0.86236116])
891.0346 	EXP 	center_grating: ori = -4.0
891.0346 	EXP 	center_grating: sf = array([2.5, 2.5])
891.0346 	EXP 	center_grating: phase = array([0.74414979, 0.74414979])
892.2740 	EXP 	noise_3: autoDraw = True
892.2740 	EXP 	surround_grating: autoDraw = True
892.2740 	EXP 	center_grating: autoDraw = True
892.3491 	EXP 	noise_3: autoDraw = False
892.3491 	EXP 	surround_grating: autoDraw = False
892.3491 	EXP 	center_grating: autoDraw = False
892.8413 	EXP 	New trial (rep=0, index=494): <Trial 494 (494 in rep 0) data={'center': -8, 'surround': -15.0, 'type': 'c-8', 'surr_type': 'negs', 'orient_opacity': 100, 'noise_opacity': 0, 'isi': 1.0, 'thisN': 494, 'thisTrialN': 494, 'thisRepN': 0}>
892.8465 	DATA 	Keypress: period
892.8521 	INFO 	Keyboard events cleared
892.8516 	EXP 	noise_3: autoDraw = False
892.8516 	EXP 	surround_grating: autoDraw = False
892.8516 	EXP 	center_grating: autoDraw = False
892.8516 	EXP 	text_2: autoDraw = False
892.8516 	EXP 	surround_grating: ori = -15.0
892.8516 	EXP 	surround_grating: sf = array([2.5, 2.5])
892.8516 	EXP 	surround_grating: phase = array([0.53351954, 0.53351954])
892.8516 	EXP 	center_grating: ori = -8.0
892.8516 	EXP 	center_grating: sf = array([2.5, 2.5])
892.8516 	EXP 	center_grating: phase = array([0.72936741, 0.72936741])
893.8419 	EXP 	noise_3: autoDraw = True
893.8419 	EXP 	surround_grating: autoDraw = True
893.8419 	EXP 	center_grating: autoDraw = True
893.9156 	EXP 	noise_3: autoDraw = False
893.9156 	EXP 	surround_grating: autoDraw = False
893.9156 	EXP 	center_grating: autoDraw = False
894.4836 	EXP 	New trial (rep=0, index=495): <Trial 495 (495 in rep 0) data={'center': 6, 'surround': 15.0, 'type': 'c+6', 'surr_type': 'poss', 'orient_opacity': 100, 'noise_opacity': 0, 'isi': 1.0, 'thisN': 495, 'thisTrialN': 495, 'thisRepN': 0}>
894.4870 	DATA 	Keypress: z
894.4924 	INFO 	Keyboard events cleared
894.4918 	EXP 	noise_3: autoDraw = False
894.4918 	EXP 	surround_grating: autoDraw = False
894.4918 	EXP 	center_grating: autoDraw = False
894.4918 	EXP 	text_2: autoDraw = False
894.4918 	EXP 	surround_grating: ori = 15.0
894.4918 	EXP 	surround_grating: sf = array([2.5, 2.5])
894.4918 	EXP 	surround_grating: phase = array([0.51236838, 0.51236838])
894.4918 	EXP 	center_grating: ori = 6.0
894.4918 	EXP 	center_grating: sf = array([2.5, 2.5])
894.4918 	EXP 	center_grating: phase = array([0.31831102, 0.31831102])
895.4818 	EXP 	noise_3: autoDraw = True
895.4818 	EXP 	surround_grating: autoDraw = True
895.4818 	EXP 	center_grating: autoDraw = True
895.5529 	EXP 	noise_3: autoDraw = False
895.5529 	EXP 	surround_grating: autoDraw = False
895.5529 	EXP 	center_grating: autoDraw = False
895.9184 	EXP 	New trial (rep=0, index=496): <Trial 496 (496 in rep 0) data={'center': -2, 'surround': 15.0, 'type': 'c-2', 'surr_type': 'poss', 'orient_opacity': 100, 'noise_opacity': 0, 'isi': 0.5, 'thisN': 496, 'thisTrialN': 496, 'thisRepN': 0}>
895.9238 	DATA 	Keypress: period
895.9301 	INFO 	Keyboard events cleared
895.9296 	EXP 	noise_3: autoDraw = False
895.9296 	EXP 	surround_grating: autoDraw = False
895.9296 	EXP 	center_grating: autoDraw = False
895.9296 	EXP 	text_2: autoDraw = False
895.9296 	EXP 	surround_grating: ori = 15.0
895.9296 	EXP 	surround_grating: sf = array([2.5, 2.5])
895.9296 	EXP 	surround_grating: phase = array([0.11940334, 0.11940334])
895.9296 	EXP 	center_grating: ori = -2.0
895.9296 	EXP 	center_grating: sf = array([2.5, 2.5])
895.9296 	EXP 	center_grating: phase = array([0.5900724, 0.5900724])
896.4152 	EXP 	noise_3: autoDraw = True
896.4152 	EXP 	surround_grating: autoDraw = True
896.4152 	EXP 	center_grating: autoDraw = True
896.4874 	EXP 	noise_3: autoDraw = False
896.4874 	EXP 	surround_grating: autoDraw = False
896.4874 	EXP 	center_grating: autoDraw = False
896.8694 	EXP 	New trial (rep=0, index=497): <Trial 497 (497 in rep 0) data={'center': -2, 'surround': -15.0, 'type': 'c-2', 'surr_type': 'negs', 'orient_opacity': 100, 'noise_opacity': 0, 'isi': 0.5, 'thisN': 497, 'thisTrialN': 497, 'thisRepN': 0}>
896.8746 	DATA 	Keypress: z
896.8806 	INFO 	Keyboard events cleared
896.8801 	EXP 	noise_3: autoDraw = False
896.8801 	EXP 	surround_grating: autoDraw = False
896.8801 	EXP 	center_grating: autoDraw = False
896.8801 	EXP 	text_2: autoDraw = False
896.8801 	EXP 	surround_grating: ori = -15.0
896.8801 	EXP 	surround_grating: sf = array([2.5, 2.5])
896.8801 	EXP 	surround_grating: phase = array([0.5380621, 0.5380621])
896.8801 	EXP 	center_grating: ori = -2.0
896.8801 	EXP 	center_grating: sf = array([2.5, 2.5])
896.8801 	EXP 	center_grating: phase = array([0.6690425, 0.6690425])
897.3652 	EXP 	noise_3: autoDraw = True
897.3652 	EXP 	surround_grating: autoDraw = True
897.3652 	EXP 	center_grating: autoDraw = True
897.4372 	EXP 	noise_3: autoDraw = False
897.4372 	EXP 	surround_grating: autoDraw = False
897.4372 	EXP 	center_grating: autoDraw = False
897.9746 	EXP 	New trial (rep=0, index=498): <Trial 498 (498 in rep 0) data={'center': 0, 'surround': -15.0, 'type': 'c+0', 'surr_type': 'negs', 'orient_opacity': 100, 'noise_opacity': 0, 'isi': 0.5, 'thisN': 498, 'thisTrialN': 498, 'thisRepN': 0}>
897.9804 	DATA 	Keypress: period
897.9860 	INFO 	Keyboard events cleared
897.9854 	EXP 	noise_3: autoDraw = False
897.9854 	EXP 	surround_grating: autoDraw = False
897.9854 	EXP 	center_grating: autoDraw = False
897.9854 	EXP 	text_2: autoDraw = False
897.9854 	EXP 	surround_grating: ori = -15.0
897.9854 	EXP 	surround_grating: sf = array([2.5, 2.5])
897.9854 	EXP 	surround_grating: phase = array([0.50337707, 0.50337707])
897.9854 	EXP 	center_grating: ori = 0.0
897.9854 	EXP 	center_grating: sf = array([2.5, 2.5])
897.9854 	EXP 	center_grating: phase = array([0.60637445, 0.60637445])
898.4730 	EXP 	noise_3: autoDraw = True
898.4730 	EXP 	surround_grating: autoDraw = True
898.4730 	EXP 	center_grating: autoDraw = True
898.5492 	EXP 	noise_3: autoDraw = False
898.5492 	EXP 	surround_grating: autoDraw = False
898.5492 	EXP 	center_grating: autoDraw = False
898.8854 	EXP 	New trial (rep=0, index=499): <Trial 499 (499 in rep 0) data={'center': 2, 'surround': 15.0, 'type': 'c+2', 'surr_type': 'poss', 'orient_opacity': 100, 'noise_opacity': 0, 'isi': 1.0, 'thisN': 499, 'thisTrialN': 499, 'thisRepN': 0}>
898.8917 	DATA 	Keypress: period
898.8977 	INFO 	Keyboard events cleared
898.8972 	EXP 	noise_3: autoDraw = False
898.8972 	EXP 	surround_grating: autoDraw = False
898.8972 	EXP 	center_grating: autoDraw = False
898.8972 	EXP 	text_2: autoDraw = False
898.8972 	EXP 	surround_grating: ori = 15.0
898.8972 	EXP 	surround_grating: sf = array([2.5, 2.5])
898.8972 	EXP 	surround_grating: phase = array([0.54877379, 0.54877379])
898.8972 	EXP 	center_grating: ori = 2.0
898.8972 	EXP 	center_grating: sf = array([2.5, 2.5])
898.8972 	EXP 	center_grating: phase = array([0.16057012, 0.16057012])
899.8809 	EXP 	noise_3: autoDraw = True
899.8809 	EXP 	surround_grating: autoDraw = True
899.8809 	EXP 	center_grating: autoDraw = True
899.9541 	EXP 	noise_3: autoDraw = False
899.9541 	EXP 	surround_grating: autoDraw = False
899.9541 	EXP 	center_grating: autoDraw = False
900.6366 	EXP 	New trial (rep=0, index=500): <Trial 500 (500 in rep 0) data={'center': -8, 'surround': -15.0, 'type': 'c-8', 'surr_type': 'negs', 'orient_opacity': 100, 'noise_opacity': 0, 'isi': 1.25, 'thisN': 500, 'thisTrialN': 500, 'thisRepN': 0}>
900.6418 	DATA 	Keypress: period
900.6474 	INFO 	Keyboard events cleared
900.6470 	EXP 	noise_3: autoDraw = False
900.6470 	EXP 	surround_grating: autoDraw = False
900.6470 	EXP 	center_grating: autoDraw = False
900.6470 	EXP 	text_2: autoDraw = False
900.6470 	EXP 	surround_grating: ori = -15.0
900.6470 	EXP 	surround_grating: sf = array([2.5, 2.5])
900.6470 	EXP 	surround_grating: phase = array([0.72060886, 0.72060886])
900.6470 	EXP 	center_grating: ori = -8.0
900.6470 	EXP 	center_grating: sf = array([2.5, 2.5])
900.6470 	EXP 	center_grating: phase = array([0.77782506, 0.77782506])
901.8821 	EXP 	noise_3: autoDraw = True
901.8821 	EXP 	surround_grating: autoDraw = True
901.8821 	EXP 	center_grating: autoDraw = True
901.9542 	EXP 	noise_3: autoDraw = False
901.9542 	EXP 	surround_grating: autoDraw = False
901.9542 	EXP 	center_grating: autoDraw = False
902.5111 	DATA 	Keypress: z
902.5328 	INFO 	Keyboard events cleared
902.5323 	EXP 	noise_3: autoDraw = False
902.5323 	EXP 	surround_grating: autoDraw = False
902.5323 	EXP 	center_grating: autoDraw = False
902.5323 	EXP 	text_2: autoDraw = True
907.4522 	EXP 	New trial (rep=0, index=501): <Trial 501 (501 in rep 0) data={'center': -6, 'surround': -15.0, 'type': 'c-6', 'surr_type': 'negs', 'orient_opacity': 100, 'noise_opacity': 0, 'isi': 1.0, 'thisN': 501, 'thisTrialN': 501, 'thisRepN': 0}>
907.4573 	DATA 	Keypress: space
907.4633 	INFO 	Keyboard events cleared
907.4628 	EXP 	text_2: autoDraw = False
907.4628 	EXP 	surround_grating: ori = -15.0
907.4628 	EXP 	surround_grating: sf = array([2.5, 2.5])
907.4628 	EXP 	surround_grating: phase = array([0.55867552, 0.55867552])
907.4628 	EXP 	center_grating: ori = -6.0
907.4628 	EXP 	center_grating: sf = array([2.5, 2.5])
907.4628 	EXP 	center_grating: phase = array([0.28143127, 0.28143127])
908.4492 	EXP 	noise_3: autoDraw = True
908.4492 	EXP 	surround_grating: autoDraw = True
908.4492 	EXP 	center_grating: autoDraw = True
908.5211 	EXP 	noise_3: autoDraw = False
908.5211 	EXP 	surround_grating: autoDraw = False
908.5211 	EXP 	center_grating: autoDraw = False
908.8683 	EXP 	New trial (rep=0, index=502): <Trial 502 (502 in rep 0) data={'center': 6, 'surround': 15.0, 'type': 'c+6', 'surr_type': 'poss', 'orient_opacity': 100, 'noise_opacity': 0, 'isi': 1.25, 'thisN': 502, 'thisTrialN': 502, 'thisRepN': 0}>
908.8734 	DATA 	Keypress: z
908.8794 	INFO 	Keyboard events cleared
908.8788 	EXP 	noise_3: autoDraw = False
908.8788 	EXP 	surround_grating: autoDraw = False
908.8788 	EXP 	center_grating: autoDraw = False
908.8788 	EXP 	text_2: autoDraw = False
908.8788 	EXP 	surround_grating: ori = 15.0
908.8788 	EXP 	surround_grating: sf = array([2.5, 2.5])
908.8788 	EXP 	surround_grating: phase = array([0.18110077, 0.18110077])
908.8788 	EXP 	center_grating: ori = 6.0
908.8788 	EXP 	center_grating: sf = array([2.5, 2.5])
908.8788 	EXP 	center_grating: phase = array([0.75903142, 0.75903142])
910.1158 	EXP 	noise_3: autoDraw = True
910.1158 	EXP 	surround_grating: autoDraw = True
910.1158 	EXP 	center_grating: autoDraw = True
910.1997 	EXP 	noise_3: autoDraw = False
910.1997 	EXP 	surround_grating: autoDraw = False
910.1997 	EXP 	center_grating: autoDraw = False
910.3914 	EXP 	New trial (rep=0, index=503): <Trial 503 (503 in rep 0) data={'center': 0, 'surround': 0.0, 'type': 'c+0', 'surr_type': 'noss', 'orient_opacity': 0, 'noise_opacity': 100, 'isi': 0.5, 'thisN': 503, 'thisTrialN': 503, 'thisRepN': 0}>
910.3967 	DATA 	Keypress: period
910.4026 	INFO 	Keyboard events cleared
910.4021 	EXP 	noise_3: autoDraw = False
910.4021 	EXP 	surround_grating: autoDraw = False
910.4021 	EXP 	center_grating: autoDraw = False
910.4021 	EXP 	text_2: autoDraw = False
910.4021 	EXP 	surround_grating: ori = 0.0
910.4021 	EXP 	surround_grating: sf = array([2.5, 2.5])
910.4021 	EXP 	surround_grating: phase = array([0.2743498, 0.2743498])
910.4021 	EXP 	center_grating: ori = 0.0
910.4021 	EXP 	center_grating: sf = array([2.5, 2.5])
910.4021 	EXP 	center_grating: phase = array([0.54897315, 0.54897315])
910.8920 	EXP 	noise_3: autoDraw = True
910.8920 	EXP 	surround_grating: autoDraw = True
910.8920 	EXP 	center_grating: autoDraw = True
910.9663 	EXP 	noise_3: autoDraw = False
910.9663 	EXP 	surround_grating: autoDraw = False
910.9663 	EXP 	center_grating: autoDraw = False
911.2750 	EXP 	New trial (rep=0, index=504): <Trial 504 (504 in rep 0) data={'center': -8, 'surround': -15.0, 'type': 'c-8', 'surr_type': 'negs', 'orient_opacity': 100, 'noise_opacity': 0, 'isi': 1.0, 'thisN': 504, 'thisTrialN': 504, 'thisRepN': 0}>
911.2803 	DATA 	Keypress: period
911.2861 	INFO 	Keyboard events cleared
911.2855 	EXP 	noise_3: autoDraw = False
911.2855 	EXP 	surround_grating: autoDraw = False
911.2855 	EXP 	center_grating: autoDraw = False
911.2855 	EXP 	text_2: autoDraw = False
911.2855 	EXP 	surround_grating: ori = -15.0
911.2855 	EXP 	surround_grating: sf = array([2.5, 2.5])
911.2855 	EXP 	surround_grating: phase = array([0.28517614, 0.28517614])
911.2855 	EXP 	center_grating: ori = -8.0
911.2855 	EXP 	center_grating: sf = array([2.5, 2.5])
911.2855 	EXP 	center_grating: phase = array([0.33743207, 0.33743207])
912.2750 	EXP 	noise_3: autoDraw = True
912.2750 	EXP 	surround_grating: autoDraw = True
912.2750 	EXP 	center_grating: autoDraw = True
912.3496 	EXP 	noise_3: autoDraw = False
912.3496 	EXP 	surround_grating: autoDraw = False
912.3496 	EXP 	center_grating: autoDraw = False
912.5864 	EXP 	New trial (rep=0, index=505): <Trial 505 (505 in rep 0) data={'center': 4, 'surround': 0.0, 'type': 'c+4', 'surr_type': 'noss', 'orient_opacity': 0, 'noise_opacity': 100, 'isi': 1.0, 'thisN': 505, 'thisTrialN': 505, 'thisRepN': 0}>
912.5920 	DATA 	Keypress: period
912.5985 	INFO 	Keyboard events cleared
912.5978 	EXP 	noise_3: autoDraw = False
912.5978 	EXP 	surround_grating: autoDraw = False
912.5978 	EXP 	center_grating: autoDraw = False
912.5978 	EXP 	text_2: autoDraw = False
912.5978 	EXP 	surround_grating: ori = 0.0
912.5978 	EXP 	surround_grating: sf = array([2.5, 2.5])
912.5978 	EXP 	surround_grating: phase = array([0.50888585, 0.50888585])
912.5978 	EXP 	center_grating: ori = 4.0
912.5978 	EXP 	center_grating: sf = array([2.5, 2.5])
912.5978 	EXP 	center_grating: phase = array([0.0820994, 0.0820994])
913.5825 	EXP 	noise_3: autoDraw = True
913.5825 	EXP 	surround_grating: autoDraw = True
913.5825 	EXP 	center_grating: autoDraw = True
913.6544 	EXP 	noise_3: autoDraw = False
913.6544 	EXP 	surround_grating: autoDraw = False
913.6544 	EXP 	center_grating: autoDraw = False
914.0535 	EXP 	New trial (rep=0, index=506): <Trial 506 (506 in rep 0) data={'center': 0, 'surround': 15.0, 'type': 'c+0', 'surr_type': 'poss', 'orient_opacity': 100, 'noise_opacity': 0, 'isi': 0.75, 'thisN': 506, 'thisTrialN': 506, 'thisRepN': 0}>
914.0587 	DATA 	Keypress: period
914.0649 	INFO 	Keyboard events cleared
914.0644 	EXP 	noise_3: autoDraw = False
914.0644 	EXP 	surround_grating: autoDraw = False
914.0644 	EXP 	center_grating: autoDraw = False
914.0644 	EXP 	text_2: autoDraw = False
914.0644 	EXP 	surround_grating: ori = 15.0
914.0644 	EXP 	surround_grating: sf = array([2.5, 2.5])
914.0644 	EXP 	surround_grating: phase = array([0.1030953, 0.1030953])
914.0644 	EXP 	center_grating: ori = 0.0
914.0644 	EXP 	center_grating: sf = array([2.5, 2.5])
914.0644 	EXP 	center_grating: phase = array([0.88893491, 0.88893491])
914.7992 	EXP 	noise_3: autoDraw = True
914.7992 	EXP 	surround_grating: autoDraw = True
914.7992 	EXP 	center_grating: autoDraw = True
914.8709 	EXP 	noise_3: autoDraw = False
914.8709 	EXP 	surround_grating: autoDraw = False
914.8709 	EXP 	center_grating: autoDraw = False
915.1875 	EXP 	New trial (rep=0, index=507): <Trial 507 (507 in rep 0) data={'center': -6, 'surround': -15.0, 'type': 'c-6', 'surr_type': 'negs', 'orient_opacity': 100, 'noise_opacity': 0, 'isi': 1.25, 'thisN': 507, 'thisTrialN': 507, 'thisRepN': 0}>
915.1930 	DATA 	Keypress: z
915.1989 	INFO 	Keyboard events cleared
915.1984 	EXP 	noise_3: autoDraw = False
915.1984 	EXP 	surround_grating: autoDraw = False
915.1984 	EXP 	center_grating: autoDraw = False
915.1984 	EXP 	text_2: autoDraw = False
915.1984 	EXP 	surround_grating: ori = -15.0
915.1984 	EXP 	surround_grating: sf = array([2.5, 2.5])
915.1984 	EXP 	surround_grating: phase = array([0.81967039, 0.81967039])
915.1984 	EXP 	center_grating: ori = -6.0
915.1984 	EXP 	center_grating: sf = array([2.5, 2.5])
915.1984 	EXP 	center_grating: phase = array([0.63170844, 0.63170844])
916.4327 	EXP 	noise_3: autoDraw = True
916.4327 	EXP 	surround_grating: autoDraw = True
916.4327 	EXP 	center_grating: autoDraw = True
916.5059 	EXP 	noise_3: autoDraw = False
916.5059 	EXP 	surround_grating: autoDraw = False
916.5059 	EXP 	center_grating: autoDraw = False
916.8189 	EXP 	New trial (rep=0, index=508): <Trial 508 (508 in rep 0) data={'center': 2, 'surround': -15.0, 'type': 'c+2', 'surr_type': 'negs', 'orient_opacity': 100, 'noise_opacity': 0, 'isi': 1.25, 'thisN': 508, 'thisTrialN': 508, 'thisRepN': 0}>
916.8239 	DATA 	Keypress: period
916.8299 	INFO 	Keyboard events cleared
916.8293 	EXP 	noise_3: autoDraw = False
916.8293 	EXP 	surround_grating: autoDraw = False
916.8293 	EXP 	center_grating: autoDraw = False
916.8293 	EXP 	text_2: autoDraw = False
916.8293 	EXP 	surround_grating: ori = -15.0
916.8293 	EXP 	surround_grating: sf = array([2.5, 2.5])
916.8293 	EXP 	surround_grating: phase = array([0.10888199, 0.10888199])
916.8293 	EXP 	center_grating: ori = 2.0
916.8293 	EXP 	center_grating: sf = array([2.5, 2.5])
916.8293 	EXP 	center_grating: phase = array([0.19905916, 0.19905916])
918.0659 	EXP 	noise_3: autoDraw = True
918.0659 	EXP 	surround_grating: autoDraw = True
918.0659 	EXP 	center_grating: autoDraw = True
918.1380 	EXP 	noise_3: autoDraw = False
918.1380 	EXP 	surround_grating: autoDraw = False
918.1380 	EXP 	center_grating: autoDraw = False
918.3023 	EXP 	New trial (rep=0, index=509): <Trial 509 (509 in rep 0) data={'center': 2, 'surround': 0.0, 'type': 'c+2', 'surr_type': 'noss', 'orient_opacity': 0, 'noise_opacity': 100, 'isi': 1.0, 'thisN': 509, 'thisTrialN': 509, 'thisRepN': 0}>
918.3075 	DATA 	Keypress: z
918.3134 	INFO 	Keyboard events cleared
918.3130 	EXP 	noise_3: autoDraw = False
918.3130 	EXP 	surround_grating: autoDraw = False
918.3130 	EXP 	center_grating: autoDraw = False
918.3130 	EXP 	text_2: autoDraw = False
918.3130 	EXP 	surround_grating: ori = 0.0
918.3130 	EXP 	surround_grating: sf = array([2.5, 2.5])
918.3130 	EXP 	surround_grating: phase = array([0.72996701, 0.72996701])
918.3130 	EXP 	center_grating: ori = 2.0
918.3130 	EXP 	center_grating: sf = array([2.5, 2.5])
918.3130 	EXP 	center_grating: phase = array([0.09226849, 0.09226849])
918.7200 	EXP 	New trial (rep=0, index=510): <Trial 510 (510 in rep 0) data={'center': 6, 'surround': 15.0, 'type': 'c+6', 'surr_type': 'poss', 'orient_opacity': 100, 'noise_opacity': 0, 'isi': 1.0, 'thisN': 510, 'thisTrialN': 510, 'thisRepN': 0}>
918.7251 	DATA 	Keypress: period
918.7312 	INFO 	Keyboard events cleared
918.7307 	EXP 	noise_3: autoDraw = False
918.7307 	EXP 	surround_grating: autoDraw = False
918.7307 	EXP 	center_grating: autoDraw = False
918.7307 	EXP 	text_2: autoDraw = False
918.7307 	EXP 	surround_grating: ori = 15.0
918.7307 	EXP 	surround_grating: sf = array([2.5, 2.5])
918.7307 	EXP 	surround_grating: phase = array([0.42852311, 0.42852311])
918.7307 	EXP 	center_grating: ori = 6.0
918.7307 	EXP 	center_grating: sf = array([2.5, 2.5])
918.7307 	EXP 	center_grating: phase = array([0.32550331, 0.32550331])
919.7160 	EXP 	noise_3: autoDraw = True
919.7160 	EXP 	surround_grating: autoDraw = True
919.7160 	EXP 	center_grating: autoDraw = True
919.7892 	EXP 	noise_3: autoDraw = False
919.7892 	EXP 	surround_grating: autoDraw = False
919.7892 	EXP 	center_grating: autoDraw = False
920.0176 	EXP 	New trial (rep=0, index=511): <Trial 511 (511 in rep 0) data={'center': -6, 'surround': -15.0, 'type': 'c-6', 'surr_type': 'negs', 'orient_opacity': 100, 'noise_opacity': 0, 'isi': 1.0, 'thisN': 511, 'thisTrialN': 511, 'thisRepN': 0}>
920.0226 	DATA 	Keypress: period
920.0285 	INFO 	Keyboard events cleared
920.0280 	EXP 	noise_3: autoDraw = False
920.0280 	EXP 	surround_grating: autoDraw = False
920.0280 	EXP 	center_grating: autoDraw = False
920.0280 	EXP 	text_2: autoDraw = False
920.0280 	EXP 	surround_grating: ori = -15.0
920.0280 	EXP 	surround_grating: sf = array([2.5, 2.5])
920.0280 	EXP 	surround_grating: phase = array([0.83697455, 0.83697455])
920.0280 	EXP 	center_grating: ori = -6.0
920.0280 	EXP 	center_grating: sf = array([2.5, 2.5])
920.0280 	EXP 	center_grating: phase = array([0.13290099, 0.13290099])
921.0093 	EXP 	noise_3: autoDraw = True
921.0093 	EXP 	surround_grating: autoDraw = True
921.0093 	EXP 	center_grating: autoDraw = True
921.0834 	EXP 	noise_3: autoDraw = False
921.0834 	EXP 	surround_grating: autoDraw = False
921.0834 	EXP 	center_grating: autoDraw = False
921.3857 	EXP 	New trial (rep=0, index=512): <Trial 512 (512 in rep 0) data={'center': 2, 'surround': 15.0, 'type': 'c+2', 'surr_type': 'poss', 'orient_opacity': 100, 'noise_opacity': 0, 'isi': 1.0, 'thisN': 512, 'thisTrialN': 512, 'thisRepN': 0}>
921.3907 	DATA 	Keypress: z
921.3966 	INFO 	Keyboard events cleared
921.3961 	EXP 	noise_3: autoDraw = False
921.3961 	EXP 	surround_grating: autoDraw = False
921.3961 	EXP 	center_grating: autoDraw = False
921.3961 	EXP 	text_2: autoDraw = False
921.3961 	EXP 	surround_grating: ori = 15.0
921.3961 	EXP 	surround_grating: sf = array([2.5, 2.5])
921.3961 	EXP 	surround_grating: phase = array([0.04990849, 0.04990849])
921.3961 	EXP 	center_grating: ori = 2.0
921.3961 	EXP 	center_grating: sf = array([2.5, 2.5])
921.3961 	EXP 	center_grating: phase = array([0.71655845, 0.71655845])
922.3829 	EXP 	noise_3: autoDraw = True
922.3829 	EXP 	surround_grating: autoDraw = True
922.3829 	EXP 	center_grating: autoDraw = True
922.4560 	EXP 	noise_3: autoDraw = False
922.4560 	EXP 	surround_grating: autoDraw = False
922.4560 	EXP 	center_grating: autoDraw = False
923.0363 	EXP 	New trial (rep=0, index=513): <Trial 513 (513 in rep 0) data={'center': 2, 'surround': 15.0, 'type': 'c+2', 'surr_type': 'poss', 'orient_opacity': 100, 'noise_opacity': 0, 'isi': 0.75, 'thisN': 513, 'thisTrialN': 513, 'thisRepN': 0}>
923.0425 	DATA 	Keypress: z
923.0485 	INFO 	Keyboard events cleared
923.0480 	EXP 	noise_3: autoDraw = False
923.0480 	EXP 	surround_grating: autoDraw = False
923.0480 	EXP 	center_grating: autoDraw = False
923.0480 	EXP 	text_2: autoDraw = False
923.0480 	EXP 	surround_grating: ori = 15.0
923.0480 	EXP 	surround_grating: sf = array([2.5, 2.5])
923.0480 	EXP 	surround_grating: phase = array([0.15864181, 0.15864181])
923.0480 	EXP 	center_grating: ori = 2.0
923.0480 	EXP 	center_grating: sf = array([2.5, 2.5])
923.0480 	EXP 	center_grating: phase = array([0.28284267, 0.28284267])
923.7829 	EXP 	noise_3: autoDraw = True
923.7829 	EXP 	surround_grating: autoDraw = True
923.7829 	EXP 	center_grating: autoDraw = True
923.8558 	EXP 	noise_3: autoDraw = False
923.8558 	EXP 	surround_grating: autoDraw = False
923.8558 	EXP 	center_grating: autoDraw = False
924.5193 	EXP 	New trial (rep=0, index=514): <Trial 514 (514 in rep 0) data={'center': 2, 'surround': 0.0, 'type': 'c+2', 'surr_type': 'noss', 'orient_opacity': 0, 'noise_opacity': 100, 'isi': 0.75, 'thisN': 514, 'thisTrialN': 514, 'thisRepN': 0}>
924.5249 	DATA 	Keypress: z
924.5309 	INFO 	Keyboard events cleared
924.5304 	EXP 	noise_3: autoDraw = False
924.5304 	EXP 	surround_grating: autoDraw = False
924.5304 	EXP 	center_grating: autoDraw = False
924.5304 	EXP 	text_2: autoDraw = False
924.5304 	EXP 	surround_grating: ori = 0.0
924.5304 	EXP 	surround_grating: sf = array([2.5, 2.5])
924.5304 	EXP 	surround_grating: phase = array([0.97282755, 0.97282755])
924.5304 	EXP 	center_grating: ori = 2.0
924.5304 	EXP 	center_grating: sf = array([2.5, 2.5])
924.5304 	EXP 	center_grating: phase = array([0.06643598, 0.06643598])
925.2663 	EXP 	noise_3: autoDraw = True
925.2663 	EXP 	surround_grating: autoDraw = True
925.2663 	EXP 	center_grating: autoDraw = True
925.3386 	EXP 	noise_3: autoDraw = False
925.3386 	EXP 	surround_grating: autoDraw = False
925.3386 	EXP 	center_grating: autoDraw = False
925.9542 	EXP 	New trial (rep=0, index=515): <Trial 515 (515 in rep 0) data={'center': 2, 'surround': -15.0, 'type': 'c+2', 'surr_type': 'negs', 'orient_opacity': 100, 'noise_opacity': 0, 'isi': 1.0, 'thisN': 515, 'thisTrialN': 515, 'thisRepN': 0}>
925.9595 	DATA 	Keypress: z
925.9655 	INFO 	Keyboard events cleared
925.9650 	EXP 	noise_3: autoDraw = False
925.9650 	EXP 	surround_grating: autoDraw = False
925.9650 	EXP 	center_grating: autoDraw = False
925.9650 	EXP 	text_2: autoDraw = False
925.9650 	EXP 	surround_grating: ori = -15.0
925.9650 	EXP 	surround_grating: sf = array([2.5, 2.5])
925.9650 	EXP 	surround_grating: phase = array([0.65712009, 0.65712009])
925.9650 	EXP 	center_grating: ori = 2.0
925.9650 	EXP 	center_grating: sf = array([2.5, 2.5])
925.9650 	EXP 	center_grating: phase = array([0.96211517, 0.96211517])
926.9496 	EXP 	noise_3: autoDraw = True
926.9496 	EXP 	surround_grating: autoDraw = True
926.9496 	EXP 	center_grating: autoDraw = True
927.0231 	EXP 	noise_3: autoDraw = False
927.0231 	EXP 	surround_grating: autoDraw = False
927.0231 	EXP 	center_grating: autoDraw = False
927.5925 	EXP 	New trial (rep=0, index=516): <Trial 516 (516 in rep 0) data={'center': 2, 'surround': -15.0, 'type': 'c+2', 'surr_type': 'negs', 'orient_opacity': 100, 'noise_opacity': 0, 'isi': 1.25, 'thisN': 516, 'thisTrialN': 516, 'thisRepN': 0}>
927.5980 	DATA 	Keypress: period
927.6035 	INFO 	Keyboard events cleared
927.6030 	EXP 	noise_3: autoDraw = False
927.6030 	EXP 	surround_grating: autoDraw = False
927.6030 	EXP 	center_grating: autoDraw = False
927.6030 	EXP 	text_2: autoDraw = False
927.6030 	EXP 	surround_grating: ori = -15.0
927.6030 	EXP 	surround_grating: sf = array([2.5, 2.5])
927.6030 	EXP 	surround_grating: phase = array([0.31759998, 0.31759998])
927.6030 	EXP 	center_grating: ori = 2.0
927.6030 	EXP 	center_grating: sf = array([2.5, 2.5])
927.6030 	EXP 	center_grating: phase = array([0.06524055, 0.06524055])
928.8425 	EXP 	noise_3: autoDraw = True
928.8425 	EXP 	surround_grating: autoDraw = True
928.8425 	EXP 	center_grating: autoDraw = True
928.9166 	EXP 	noise_3: autoDraw = False
928.9166 	EXP 	surround_grating: autoDraw = False
928.9166 	EXP 	center_grating: autoDraw = False
929.6359 	EXP 	New trial (rep=0, index=517): <Trial 517 (517 in rep 0) data={'center': 2, 'surround': 0.0, 'type': 'c+2', 'surr_type': 'noss', 'orient_opacity': 0, 'noise_opacity': 100, 'isi': 1.0, 'thisN': 517, 'thisTrialN': 517, 'thisRepN': 0}>
929.6412 	DATA 	Keypress: period
929.6470 	INFO 	Keyboard events cleared
929.6466 	EXP 	noise_3: autoDraw = False
929.6466 	EXP 	surround_grating: autoDraw = False
929.6466 	EXP 	center_grating: autoDraw = False
929.6466 	EXP 	text_2: autoDraw = False
929.6466 	EXP 	surround_grating: ori = 0.0
929.6466 	EXP 	surround_grating: sf = array([2.5, 2.5])
929.6466 	EXP 	surround_grating: phase = array([0.87198761, 0.87198761])
929.6466 	EXP 	center_grating: ori = 2.0
929.6466 	EXP 	center_grating: sf = array([2.5, 2.5])
929.6466 	EXP 	center_grating: phase = array([0.8706936, 0.8706936])
930.6330 	EXP 	noise_3: autoDraw = True
930.6330 	EXP 	surround_grating: autoDraw = True
930.6330 	EXP 	center_grating: autoDraw = True
930.7051 	EXP 	noise_3: autoDraw = False
930.7051 	EXP 	surround_grating: autoDraw = False
930.7051 	EXP 	center_grating: autoDraw = False
931.3532 	EXP 	New trial (rep=0, index=518): <Trial 518 (518 in rep 0) data={'center': -8, 'surround': -15.0, 'type': 'c-8', 'surr_type': 'negs', 'orient_opacity': 100, 'noise_opacity': 0, 'isi': 0.75, 'thisN': 518, 'thisTrialN': 518, 'thisRepN': 0}>
931.3587 	DATA 	Keypress: period
931.3648 	INFO 	Keyboard events cleared
931.3641 	EXP 	noise_3: autoDraw = False
931.3641 	EXP 	surround_grating: autoDraw = False
931.3641 	EXP 	center_grating: autoDraw = False
931.3641 	EXP 	text_2: autoDraw = False
931.3641 	EXP 	surround_grating: ori = -15.0
931.3641 	EXP 	surround_grating: sf = array([2.5, 2.5])
931.3641 	EXP 	surround_grating: phase = array([0.24165792, 0.24165792])
931.3641 	EXP 	center_grating: ori = -8.0
931.3641 	EXP 	center_grating: sf = array([2.5, 2.5])
931.3641 	EXP 	center_grating: phase = array([0.19090383, 0.19090383])
932.0999 	EXP 	noise_3: autoDraw = True
932.0999 	EXP 	surround_grating: autoDraw = True
932.0999 	EXP 	center_grating: autoDraw = True
932.1722 	EXP 	noise_3: autoDraw = False
932.1722 	EXP 	surround_grating: autoDraw = False
932.1722 	EXP 	center_grating: autoDraw = False
932.4533 	EXP 	New trial (rep=0, index=519): <Trial 519 (519 in rep 0) data={'center': -6, 'surround': -15.0, 'type': 'c-6', 'surr_type': 'negs', 'orient_opacity': 100, 'noise_opacity': 0, 'isi': 1.25, 'thisN': 519, 'thisTrialN': 519, 'thisRepN': 0}>
932.4587 	DATA 	Keypress: period
932.4648 	INFO 	Keyboard events cleared
932.4644 	EXP 	noise_3: autoDraw = False
932.4644 	EXP 	surround_grating: autoDraw = False
932.4644 	EXP 	center_grating: autoDraw = False
932.4644 	EXP 	text_2: autoDraw = False
932.4644 	EXP 	surround_grating: ori = -15.0
932.4644 	EXP 	surround_grating: sf = array([2.5, 2.5])
932.4644 	EXP 	surround_grating: phase = array([0.18280521, 0.18280521])
932.4644 	EXP 	center_grating: ori = -6.0
932.4644 	EXP 	center_grating: sf = array([2.5, 2.5])
932.4644 	EXP 	center_grating: phase = array([0.88004243, 0.88004243])
933.6258 	EXP 	New trial (rep=0, index=520): <Trial 520 (520 in rep 0) data={'center': -8, 'surround': -15.0, 'type': 'c-8', 'surr_type': 'negs', 'orient_opacity': 100, 'noise_opacity': 0, 'isi': 0.75, 'thisN': 520, 'thisTrialN': 520, 'thisRepN': 0}>
933.6308 	DATA 	Keypress: z
933.6369 	INFO 	Keyboard events cleared
933.6364 	EXP 	noise_3: autoDraw = False
933.6364 	EXP 	surround_grating: autoDraw = False
933.6364 	EXP 	center_grating: autoDraw = False
933.6364 	EXP 	text_2: autoDraw = False
933.6364 	EXP 	surround_grating: ori = -15.0
933.6364 	EXP 	surround_grating: sf = array([2.5, 2.5])
933.6364 	EXP 	surround_grating: phase = array([0.01890688, 0.01890688])
933.6364 	EXP 	center_grating: ori = -8.0
933.6364 	EXP 	center_grating: sf = array([2.5, 2.5])
933.6364 	EXP 	center_grating: phase = array([0.23713939, 0.23713939])
934.3766 	EXP 	noise_3: autoDraw = True
934.3766 	EXP 	surround_grating: autoDraw = True
934.3766 	EXP 	center_grating: autoDraw = True
934.4505 	EXP 	noise_3: autoDraw = False
934.4505 	EXP 	surround_grating: autoDraw = False
934.4505 	EXP 	center_grating: autoDraw = False
934.7542 	EXP 	New trial (rep=0, index=521): <Trial 521 (521 in rep 0) data={'center': 0, 'surround': 15.0, 'type': 'c+0', 'surr_type': 'poss', 'orient_opacity': 100, 'noise_opacity': 0, 'isi': 1.0, 'thisN': 521, 'thisTrialN': 521, 'thisRepN': 0}>
934.7594 	DATA 	Keypress: z
934.7653 	INFO 	Keyboard events cleared
934.7648 	EXP 	noise_3: autoDraw = False
934.7648 	EXP 	surround_grating: autoDraw = False
934.7648 	EXP 	center_grating: autoDraw = False
934.7648 	EXP 	text_2: autoDraw = False
934.7648 	EXP 	surround_grating: ori = 15.0
934.7648 	EXP 	surround_grating: sf = array([2.5, 2.5])
934.7648 	EXP 	surround_grating: phase = array([0.38431611, 0.38431611])
934.7648 	EXP 	center_grating: ori = 0.0
934.7648 	EXP 	center_grating: sf = array([2.5, 2.5])
934.7648 	EXP 	center_grating: phase = array([0.81982838, 0.81982838])
935.7489 	EXP 	noise_3: autoDraw = True
935.7489 	EXP 	surround_grating: autoDraw = True
935.7489 	EXP 	center_grating: autoDraw = True
935.8222 	EXP 	noise_3: autoDraw = False
935.8222 	EXP 	surround_grating: autoDraw = False
935.8222 	EXP 	center_grating: autoDraw = False
936.2596 	EXP 	New trial (rep=0, index=522): <Trial 522 (522 in rep 0) data={'center': -2, 'surround': -15.0, 'type': 'c-2', 'surr_type': 'negs', 'orient_opacity': 100, 'noise_opacity': 0, 'isi': 1.0, 'thisN': 522, 'thisTrialN': 522, 'thisRepN': 0}>
936.2651 	DATA 	Keypress: z
936.2706 	INFO 	Keyboard events cleared
936.2700 	EXP 	noise_3: autoDraw = False
936.2700 	EXP 	surround_grating: autoDraw = False
936.2700 	EXP 	center_grating: autoDraw = False
936.2700 	EXP 	text_2: autoDraw = False
936.2700 	EXP 	surround_grating: ori = -15.0
936.2700 	EXP 	surround_grating: sf = array([2.5, 2.5])
936.2700 	EXP 	surround_grating: phase = array([0.55921689, 0.55921689])
936.2700 	EXP 	center_grating: ori = -2.0
936.2700 	EXP 	center_grating: sf = array([2.5, 2.5])
936.2700 	EXP 	center_grating: phase = array([0.51686192, 0.51686192])
937.2595 	EXP 	noise_3: autoDraw = True
937.2595 	EXP 	surround_grating: autoDraw = True
937.2595 	EXP 	center_grating: autoDraw = True
937.3339 	EXP 	noise_3: autoDraw = False
937.3339 	EXP 	surround_grating: autoDraw = False
937.3339 	EXP 	center_grating: autoDraw = False
937.5713 	EXP 	New trial (rep=0, index=523): <Trial 523 (523 in rep 0) data={'center': -2, 'surround': 15.0, 'type': 'c-2', 'surr_type': 'poss', 'orient_opacity': 100, 'noise_opacity': 0, 'isi': 0.75, 'thisN': 523, 'thisTrialN': 523, 'thisRepN': 0}>
937.5770 	DATA 	Keypress: z
937.5834 	INFO 	Keyboard events cleared
937.5827 	EXP 	noise_3: autoDraw = False
937.5827 	EXP 	surround_grating: autoDraw = False
937.5827 	EXP 	center_grating: autoDraw = False
937.5827 	EXP 	text_2: autoDraw = False
937.5827 	EXP 	surround_grating: ori = 15.0
937.5827 	EXP 	surround_grating: sf = array([2.5, 2.5])
937.5827 	EXP 	surround_grating: phase = array([0.70443585, 0.70443585])
937.5827 	EXP 	center_grating: ori = -2.0
937.5827 	EXP 	center_grating: sf = array([2.5, 2.5])
937.5827 	EXP 	center_grating: phase = array([0.88857423, 0.88857423])
938.3166 	EXP 	noise_3: autoDraw = True
938.3166 	EXP 	surround_grating: autoDraw = True
938.3166 	EXP 	center_grating: autoDraw = True
938.3900 	EXP 	noise_3: autoDraw = False
938.3900 	EXP 	surround_grating: autoDraw = False
938.3900 	EXP 	center_grating: autoDraw = False
938.5766 	EXP 	New trial (rep=0, index=524): <Trial 524 (524 in rep 0) data={'center': 8, 'surround': 15.0, 'type': 'c+8', 'surr_type': 'poss', 'orient_opacity': 100, 'noise_opacity': 0, 'isi': 1.0, 'thisN': 524, 'thisTrialN': 524, 'thisRepN': 0}>
938.5820 	DATA 	Keypress: period
938.5874 	INFO 	Keyboard events cleared
938.5869 	EXP 	noise_3: autoDraw = False
938.5869 	EXP 	surround_grating: autoDraw = False
938.5869 	EXP 	center_grating: autoDraw = False
938.5869 	EXP 	text_2: autoDraw = False
938.5869 	EXP 	surround_grating: ori = 15.0
938.5869 	EXP 	surround_grating: sf = array([2.5, 2.5])
938.5869 	EXP 	surround_grating: phase = array([0.54342784, 0.54342784])
938.5869 	EXP 	center_grating: ori = 8.0
938.5869 	EXP 	center_grating: sf = array([2.5, 2.5])
938.5869 	EXP 	center_grating: phase = array([0.18828632, 0.18828632])
939.5761 	EXP 	noise_3: autoDraw = True
939.5761 	EXP 	surround_grating: autoDraw = True
939.5761 	EXP 	center_grating: autoDraw = True
939.6507 	EXP 	noise_3: autoDraw = False
939.6507 	EXP 	surround_grating: autoDraw = False
939.6507 	EXP 	center_grating: autoDraw = False
939.8566 	DATA 	Keypress: period
939.8637 	EXP 	New trial (rep=0, index=525): <Trial 525 (525 in rep 0) data={'center': -8, 'surround': -15.0, 'type': 'c-8', 'surr_type': 'negs', 'orient_opacity': 100, 'noise_opacity': 0, 'isi': 1.0, 'thisN': 525, 'thisTrialN': 525, 'thisRepN': 0}>
939.8702 	INFO 	Keyboard events cleared
939.8699 	EXP 	noise_3: autoDraw = False
939.8699 	EXP 	surround_grating: autoDraw = False
939.8699 	EXP 	center_grating: autoDraw = False
939.8699 	EXP 	text_2: autoDraw = False
939.8699 	EXP 	surround_grating: ori = -15.0
939.8699 	EXP 	surround_grating: sf = array([2.5, 2.5])
939.8699 	EXP 	surround_grating: phase = array([0.23432927, 0.23432927])
939.8699 	EXP 	center_grating: ori = -8.0
939.8699 	EXP 	center_grating: sf = array([2.5, 2.5])
939.8699 	EXP 	center_grating: phase = array([0.49786062, 0.49786062])
940.8593 	EXP 	noise_3: autoDraw = True
940.8593 	EXP 	surround_grating: autoDraw = True
940.8593 	EXP 	center_grating: autoDraw = True
940.9342 	EXP 	noise_3: autoDraw = False
940.9342 	EXP 	surround_grating: autoDraw = False
940.9342 	EXP 	center_grating: autoDraw = False
941.1115 	DATA 	Keypress: z
941.1183 	EXP 	New trial (rep=0, index=526): <Trial 526 (526 in rep 0) data={'center': 2, 'surround': 15.0, 'type': 'c+2', 'surr_type': 'poss', 'orient_opacity': 100, 'noise_opacity': 0, 'isi': 0.5, 'thisN': 526, 'thisTrialN': 526, 'thisRepN': 0}>
941.1256 	INFO 	Keyboard events cleared
941.1252 	EXP 	noise_3: autoDraw = False
941.1252 	EXP 	surround_grating: autoDraw = False
941.1252 	EXP 	center_grating: autoDraw = False
941.1252 	EXP 	text_2: autoDraw = False
941.1252 	EXP 	surround_grating: ori = 15.0
941.1252 	EXP 	surround_grating: sf = array([2.5, 2.5])
941.1252 	EXP 	surround_grating: phase = array([0.76051531, 0.76051531])
941.1252 	EXP 	center_grating: ori = 2.0
941.1252 	EXP 	center_grating: sf = array([2.5, 2.5])
941.1252 	EXP 	center_grating: phase = array([0.06253447, 0.06253447])
941.6099 	EXP 	noise_3: autoDraw = True
941.6099 	EXP 	surround_grating: autoDraw = True
941.6099 	EXP 	center_grating: autoDraw = True
941.6842 	EXP 	noise_3: autoDraw = False
941.6842 	EXP 	surround_grating: autoDraw = False
941.6842 	EXP 	center_grating: autoDraw = False
942.9880 	EXP 	New trial (rep=0, index=527): <Trial 527 (527 in rep 0) data={'center': 2, 'surround': 0.0, 'type': 'c+2', 'surr_type': 'noss', 'orient_opacity': 0, 'noise_opacity': 100, 'isi': 0.75, 'thisN': 527, 'thisTrialN': 527, 'thisRepN': 0}>
942.9935 	DATA 	Keypress: z
942.9995 	INFO 	Keyboard events cleared
942.9990 	EXP 	noise_3: autoDraw = False
942.9990 	EXP 	surround_grating: autoDraw = False
942.9990 	EXP 	center_grating: autoDraw = False
942.9990 	EXP 	text_2: autoDraw = False
942.9990 	EXP 	surround_grating: ori = 0.0
942.9990 	EXP 	surround_grating: sf = array([2.5, 2.5])
942.9990 	EXP 	surround_grating: phase = array([0.28553064, 0.28553064])
942.9990 	EXP 	center_grating: ori = 2.0
942.9990 	EXP 	center_grating: sf = array([2.5, 2.5])
942.9990 	EXP 	center_grating: phase = array([0.07421241, 0.07421241])
943.7337 	EXP 	noise_3: autoDraw = True
943.7337 	EXP 	surround_grating: autoDraw = True
943.7337 	EXP 	center_grating: autoDraw = True
943.8057 	EXP 	noise_3: autoDraw = False
943.8057 	EXP 	surround_grating: autoDraw = False
943.8057 	EXP 	center_grating: autoDraw = False
944.2209 	EXP 	New trial (rep=0, index=528): <Trial 528 (528 in rep 0) data={'center': 0, 'surround': -15.0, 'type': 'c+0', 'surr_type': 'negs', 'orient_opacity': 100, 'noise_opacity': 0, 'isi': 1.25, 'thisN': 528, 'thisTrialN': 528, 'thisRepN': 0}>
944.2266 	DATA 	Keypress: period
944.2330 	INFO 	Keyboard events cleared
944.2323 	EXP 	noise_3: autoDraw = False
944.2323 	EXP 	surround_grating: autoDraw = False
944.2323 	EXP 	center_grating: autoDraw = False
944.2323 	EXP 	text_2: autoDraw = False
944.2323 	EXP 	surround_grating: ori = -15.0
944.2323 	EXP 	surround_grating: sf = array([2.5, 2.5])
944.2323 	EXP 	surround_grating: phase = array([0.58840636, 0.58840636])
944.2323 	EXP 	center_grating: ori = 0.0
944.2323 	EXP 	center_grating: sf = array([2.5, 2.5])
944.2323 	EXP 	center_grating: phase = array([0.6057728, 0.6057728])
945.4663 	EXP 	noise_3: autoDraw = True
945.4663 	EXP 	surround_grating: autoDraw = True
945.4663 	EXP 	center_grating: autoDraw = True
945.5389 	EXP 	noise_3: autoDraw = False
945.5389 	EXP 	surround_grating: autoDraw = False
945.5389 	EXP 	center_grating: autoDraw = False
945.8921 	EXP 	New trial (rep=0, index=529): <Trial 529 (529 in rep 0) data={'center': 2, 'surround': 0.0, 'type': 'c+2', 'surr_type': 'noss', 'orient_opacity': 0, 'noise_opacity': 100, 'isi': 0.75, 'thisN': 529, 'thisTrialN': 529, 'thisRepN': 0}>
945.8971 	DATA 	Keypress: period
945.9033 	INFO 	Keyboard events cleared
945.9028 	EXP 	noise_3: autoDraw = False
945.9028 	EXP 	surround_grating: autoDraw = False
945.9028 	EXP 	center_grating: autoDraw = False
945.9028 	EXP 	text_2: autoDraw = False
945.9028 	EXP 	surround_grating: ori = 0.0
945.9028 	EXP 	surround_grating: sf = array([2.5, 2.5])
945.9028 	EXP 	surround_grating: phase = array([0.29279982, 0.29279982])
945.9028 	EXP 	center_grating: ori = 2.0
945.9028 	EXP 	center_grating: sf = array([2.5, 2.5])
945.9028 	EXP 	center_grating: phase = array([0.20387636, 0.20387636])
946.6439 	EXP 	noise_3: autoDraw = True
946.6439 	EXP 	surround_grating: autoDraw = True
946.6439 	EXP 	center_grating: autoDraw = True
946.7176 	EXP 	noise_3: autoDraw = False
946.7176 	EXP 	surround_grating: autoDraw = False
946.7176 	EXP 	center_grating: autoDraw = False
947.1034 	EXP 	New trial (rep=0, index=530): <Trial 530 (530 in rep 0) data={'center': 0, 'surround': 0.0, 'type': 'c+0', 'surr_type': 'noss', 'orient_opacity': 0, 'noise_opacity': 100, 'isi': 0.5, 'thisN': 530, 'thisTrialN': 530, 'thisRepN': 0}>
947.1087 	DATA 	Keypress: period
947.1147 	INFO 	Keyboard events cleared
947.1141 	EXP 	noise_3: autoDraw = False
947.1141 	EXP 	surround_grating: autoDraw = False
947.1141 	EXP 	center_grating: autoDraw = False
947.1141 	EXP 	text_2: autoDraw = False
947.1141 	EXP 	surround_grating: ori = 0.0
947.1141 	EXP 	surround_grating: sf = array([2.5, 2.5])
947.1141 	EXP 	surround_grating: phase = array([0.38831011, 0.38831011])
947.1141 	EXP 	center_grating: ori = 0.0
947.1141 	EXP 	center_grating: sf = array([2.5, 2.5])
947.1141 	EXP 	center_grating: phase = array([0.72773493, 0.72773493])
947.6005 	EXP 	noise_3: autoDraw = True
947.6005 	EXP 	surround_grating: autoDraw = True
947.6005 	EXP 	center_grating: autoDraw = True
947.6724 	EXP 	noise_3: autoDraw = False
947.6724 	EXP 	surround_grating: autoDraw = False
947.6724 	EXP 	center_grating: autoDraw = False
948.1240 	EXP 	New trial (rep=0, index=531): <Trial 531 (531 in rep 0) data={'center': -2, 'surround': 15.0, 'type': 'c-2', 'surr_type': 'poss', 'orient_opacity': 100, 'noise_opacity': 0, 'isi': 0.75, 'thisN': 531, 'thisTrialN': 531, 'thisRepN': 0}>
948.1290 	DATA 	Keypress: z
948.1511 	INFO 	Keyboard events cleared
948.1506 	EXP 	noise_3: autoDraw = False
948.1506 	EXP 	surround_grating: autoDraw = False
948.1506 	EXP 	center_grating: autoDraw = False
948.1506 	EXP 	text_2: autoDraw = False
948.1506 	EXP 	surround_grating: ori = 15.0
948.1506 	EXP 	surround_grating: sf = array([2.5, 2.5])
948.1506 	EXP 	surround_grating: phase = array([0.48629396, 0.48629396])
948.1506 	EXP 	center_grating: ori = -2.0
948.1506 	EXP 	center_grating: sf = array([2.5, 2.5])
948.1506 	EXP 	center_grating: phase = array([0.83537642, 0.83537642])
948.8668 	EXP 	noise_3: autoDraw = True
948.8668 	EXP 	surround_grating: autoDraw = True
948.8668 	EXP 	center_grating: autoDraw = True
948.9401 	EXP 	noise_3: autoDraw = False
948.9401 	EXP 	surround_grating: autoDraw = False
948.9401 	EXP 	center_grating: autoDraw = False
949.1589 	EXP 	New trial (rep=0, index=532): <Trial 532 (532 in rep 0) data={'center': 0, 'surround': 15.0, 'type': 'c+0', 'surr_type': 'poss', 'orient_opacity': 100, 'noise_opacity': 0, 'isi': 1.0, 'thisN': 532, 'thisTrialN': 532, 'thisRepN': 0}>
949.1640 	DATA 	Keypress: z
949.1704 	INFO 	Keyboard events cleared
949.1698 	EXP 	noise_3: autoDraw = False
949.1698 	EXP 	surround_grating: autoDraw = False
949.1698 	EXP 	center_grating: autoDraw = False
949.1698 	EXP 	text_2: autoDraw = False
949.1698 	EXP 	surround_grating: ori = 15.0
949.1698 	EXP 	surround_grating: sf = array([2.5, 2.5])
949.1698 	EXP 	surround_grating: phase = array([0.95045872, 0.95045872])
949.1698 	EXP 	center_grating: ori = 0.0
949.1698 	EXP 	center_grating: sf = array([2.5, 2.5])
949.1698 	EXP 	center_grating: phase = array([0.79011641, 0.79011641])
950.1602 	EXP 	noise_3: autoDraw = True
950.1602 	EXP 	surround_grating: autoDraw = True
950.1602 	EXP 	center_grating: autoDraw = True
950.2343 	EXP 	noise_3: autoDraw = False
950.2343 	EXP 	surround_grating: autoDraw = False
950.2343 	EXP 	center_grating: autoDraw = False
950.4207 	EXP 	New trial (rep=0, index=533): <Trial 533 (533 in rep 0) data={'center': 8, 'surround': 15.0, 'type': 'c+8', 'surr_type': 'poss', 'orient_opacity': 100, 'noise_opacity': 0, 'isi': 0.75, 'thisN': 533, 'thisTrialN': 533, 'thisRepN': 0}>
950.4260 	DATA 	Keypress: z
950.4323 	INFO 	Keyboard events cleared
950.4318 	EXP 	noise_3: autoDraw = False
950.4318 	EXP 	surround_grating: autoDraw = False
950.4318 	EXP 	center_grating: autoDraw = False
950.4318 	EXP 	text_2: autoDraw = False
950.4318 	EXP 	surround_grating: ori = 15.0
950.4318 	EXP 	surround_grating: sf = array([2.5, 2.5])
950.4318 	EXP 	surround_grating: phase = array([0.62666804, 0.62666804])
950.4318 	EXP 	center_grating: ori = 8.0
950.4318 	EXP 	center_grating: sf = array([2.5, 2.5])
950.4318 	EXP 	center_grating: phase = array([0.51278842, 0.51278842])
951.1671 	EXP 	noise_3: autoDraw = True
951.1671 	EXP 	surround_grating: autoDraw = True
951.1671 	EXP 	center_grating: autoDraw = True
951.2390 	EXP 	noise_3: autoDraw = False
951.2390 	EXP 	surround_grating: autoDraw = False
951.2390 	EXP 	center_grating: autoDraw = False
951.4037 	EXP 	New trial (rep=0, index=534): <Trial 534 (534 in rep 0) data={'center': 6, 'surround': 15.0, 'type': 'c+6', 'surr_type': 'poss', 'orient_opacity': 100, 'noise_opacity': 0, 'isi': 0.5, 'thisN': 534, 'thisTrialN': 534, 'thisRepN': 0}>
951.4086 	DATA 	Keypress: period
951.4149 	INFO 	Keyboard events cleared
951.4144 	EXP 	noise_3: autoDraw = False
951.4144 	EXP 	surround_grating: autoDraw = False
951.4144 	EXP 	center_grating: autoDraw = False
951.4144 	EXP 	text_2: autoDraw = False
951.4144 	EXP 	surround_grating: ori = 15.0
951.4144 	EXP 	surround_grating: sf = array([2.5, 2.5])
951.4144 	EXP 	surround_grating: phase = array([0.54537637, 0.54537637])
951.4144 	EXP 	center_grating: ori = 6.0
951.4144 	EXP 	center_grating: sf = array([2.5, 2.5])
951.4144 	EXP 	center_grating: phase = array([0.90101149, 0.90101149])
951.9005 	EXP 	noise_3: autoDraw = True
951.9005 	EXP 	surround_grating: autoDraw = True
951.9005 	EXP 	center_grating: autoDraw = True
951.9735 	EXP 	noise_3: autoDraw = False
951.9735 	EXP 	surround_grating: autoDraw = False
951.9735 	EXP 	center_grating: autoDraw = False
952.8940 	EXP 	New trial (rep=0, index=535): <Trial 535 (535 in rep 0) data={'center': 6, 'surround': 15.0, 'type': 'c+6', 'surr_type': 'poss', 'orient_opacity': 100, 'noise_opacity': 0, 'isi': 0.5, 'thisN': 535, 'thisTrialN': 535, 'thisRepN': 0}>
952.8992 	DATA 	Keypress: period
952.9047 	INFO 	Keyboard events cleared
952.9041 	EXP 	noise_3: autoDraw = False
952.9041 	EXP 	surround_grating: autoDraw = False
952.9041 	EXP 	center_grating: autoDraw = False
952.9041 	EXP 	text_2: autoDraw = False
952.9041 	EXP 	surround_grating: ori = 15.0
952.9041 	EXP 	surround_grating: sf = array([2.5, 2.5])
952.9041 	EXP 	surround_grating: phase = array([0.68574072, 0.68574072])
952.9041 	EXP 	center_grating: ori = 6.0
952.9041 	EXP 	center_grating: sf = array([2.5, 2.5])
952.9041 	EXP 	center_grating: phase = array([0.25866294, 0.25866294])
953.3932 	EXP 	noise_3: autoDraw = True
953.3932 	EXP 	surround_grating: autoDraw = True
953.3932 	EXP 	center_grating: autoDraw = True
953.4676 	EXP 	noise_3: autoDraw = False
953.4676 	EXP 	surround_grating: autoDraw = False
953.4676 	EXP 	center_grating: autoDraw = False
953.8705 	EXP 	New trial (rep=0, index=536): <Trial 536 (536 in rep 0) data={'center': 0, 'surround': -15.0, 'type': 'c+0', 'surr_type': 'negs', 'orient_opacity': 100, 'noise_opacity': 0, 'isi': 0.75, 'thisN': 536, 'thisTrialN': 536, 'thisRepN': 0}>
953.8762 	DATA 	Keypress: z
953.8822 	INFO 	Keyboard events cleared
953.8816 	EXP 	noise_3: autoDraw = False
953.8816 	EXP 	surround_grating: autoDraw = False
953.8816 	EXP 	center_grating: autoDraw = False
953.8816 	EXP 	text_2: autoDraw = False
953.8816 	EXP 	surround_grating: ori = -15.0
953.8816 	EXP 	surround_grating: sf = array([2.5, 2.5])
953.8816 	EXP 	surround_grating: phase = array([0.7913466, 0.7913466])
953.8816 	EXP 	center_grating: ori = 0.0
953.8816 	EXP 	center_grating: sf = array([2.5, 2.5])
953.8816 	EXP 	center_grating: phase = array([0.78955424, 0.78955424])
954.6173 	EXP 	noise_3: autoDraw = True
954.6173 	EXP 	surround_grating: autoDraw = True
954.6173 	EXP 	center_grating: autoDraw = True
954.6903 	EXP 	noise_3: autoDraw = False
954.6903 	EXP 	surround_grating: autoDraw = False
954.6903 	EXP 	center_grating: autoDraw = False
954.9751 	EXP 	New trial (rep=0, index=537): <Trial 537 (537 in rep 0) data={'center': -2, 'surround': -15.0, 'type': 'c-2', 'surr_type': 'negs', 'orient_opacity': 100, 'noise_opacity': 0, 'isi': 1.0, 'thisN': 537, 'thisTrialN': 537, 'thisRepN': 0}>
954.9802 	DATA 	Keypress: period
954.9862 	INFO 	Keyboard events cleared
954.9858 	EXP 	noise_3: autoDraw = False
954.9858 	EXP 	surround_grating: autoDraw = False
954.9858 	EXP 	center_grating: autoDraw = False
954.9858 	EXP 	text_2: autoDraw = False
954.9858 	EXP 	surround_grating: ori = -15.0
954.9858 	EXP 	surround_grating: sf = array([2.5, 2.5])
954.9858 	EXP 	surround_grating: phase = array([0.59050819, 0.59050819])
954.9858 	EXP 	center_grating: ori = -2.0
954.9858 	EXP 	center_grating: sf = array([2.5, 2.5])
954.9858 	EXP 	center_grating: phase = array([0.6873692, 0.6873692])
955.9766 	EXP 	noise_3: autoDraw = True
955.9766 	EXP 	surround_grating: autoDraw = True
955.9766 	EXP 	center_grating: autoDraw = True
956.0512 	EXP 	noise_3: autoDraw = False
956.0512 	EXP 	surround_grating: autoDraw = False
956.0512 	EXP 	center_grating: autoDraw = False
956.5882 	EXP 	New trial (rep=0, index=538): <Trial 538 (538 in rep 0) data={'center': 0, 'surround': -15.0, 'type': 'c+0', 'surr_type': 'negs', 'orient_opacity': 100, 'noise_opacity': 0, 'isi': 0.75, 'thisN': 538, 'thisTrialN': 538, 'thisRepN': 0}>
956.5946 	DATA 	Keypress: period
956.6011 	INFO 	Keyboard events cleared
956.6004 	EXP 	noise_3: autoDraw = False
956.6004 	EXP 	surround_grating: autoDraw = False
956.6004 	EXP 	center_grating: autoDraw = False
956.6004 	EXP 	text_2: autoDraw = False
956.6004 	EXP 	surround_grating: ori = -15.0
956.6004 	EXP 	surround_grating: sf = array([2.5, 2.5])
956.6004 	EXP 	surround_grating: phase = array([0.16519215, 0.16519215])
956.6004 	EXP 	center_grating: ori = 0.0
956.6004 	EXP 	center_grating: sf = array([2.5, 2.5])
956.6004 	EXP 	center_grating: phase = array([0.80584951, 0.80584951])
957.3341 	EXP 	noise_3: autoDraw = True
957.3341 	EXP 	surround_grating: autoDraw = True
957.3341 	EXP 	center_grating: autoDraw = True
957.4062 	EXP 	noise_3: autoDraw = False
957.4062 	EXP 	surround_grating: autoDraw = False
957.4062 	EXP 	center_grating: autoDraw = False
957.7868 	EXP 	New trial (rep=0, index=539): <Trial 539 (539 in rep 0) data={'center': -2, 'surround': 0.0, 'type': 'c-2', 'surr_type': 'noss', 'orient_opacity': 0, 'noise_opacity': 100, 'isi': 0.75, 'thisN': 539, 'thisTrialN': 539, 'thisRepN': 0}>
957.7920 	DATA 	Keypress: period
957.7980 	INFO 	Keyboard events cleared
957.7975 	EXP 	noise_3: autoDraw = False
957.7975 	EXP 	surround_grating: autoDraw = False
957.7975 	EXP 	center_grating: autoDraw = False
957.7975 	EXP 	text_2: autoDraw = False
957.7975 	EXP 	surround_grating: ori = 0.0
957.7975 	EXP 	surround_grating: sf = array([2.5, 2.5])
957.7975 	EXP 	surround_grating: phase = array([0.54922196, 0.54922196])
957.7975 	EXP 	center_grating: ori = -2.0
957.7975 	EXP 	center_grating: sf = array([2.5, 2.5])
957.7975 	EXP 	center_grating: phase = array([0.95877254, 0.95877254])
958.5341 	EXP 	noise_3: autoDraw = True
958.5341 	EXP 	surround_grating: autoDraw = True
958.5341 	EXP 	center_grating: autoDraw = True
958.6066 	EXP 	noise_3: autoDraw = False
958.6066 	EXP 	surround_grating: autoDraw = False
958.6066 	EXP 	center_grating: autoDraw = False
958.9408 	DATA 	Keypress: period
958.9480 	EXP 	New trial (rep=0, index=540): <Trial 540 (540 in rep 0) data={'center': 6, 'surround': 15.0, 'type': 'c+6', 'surr_type': 'poss', 'orient_opacity': 100, 'noise_opacity': 0, 'isi': 0.5, 'thisN': 540, 'thisTrialN': 540, 'thisRepN': 0}>
958.9547 	INFO 	Keyboard events cleared
958.9542 	EXP 	noise_3: autoDraw = False
958.9542 	EXP 	surround_grating: autoDraw = False
958.9542 	EXP 	center_grating: autoDraw = False
958.9542 	EXP 	text_2: autoDraw = False
958.9542 	EXP 	surround_grating: ori = 15.0
958.9542 	EXP 	surround_grating: sf = array([2.5, 2.5])
958.9542 	EXP 	surround_grating: phase = array([0.51394065, 0.51394065])
958.9542 	EXP 	center_grating: ori = 6.0
958.9542 	EXP 	center_grating: sf = array([2.5, 2.5])
958.9542 	EXP 	center_grating: phase = array([0.42550736, 0.42550736])
959.4434 	EXP 	noise_3: autoDraw = True
959.4434 	EXP 	surround_grating: autoDraw = True
959.4434 	EXP 	center_grating: autoDraw = True
959.5182 	EXP 	noise_3: autoDraw = False
959.5182 	EXP 	surround_grating: autoDraw = False
959.5182 	EXP 	center_grating: autoDraw = False
959.7055 	EXP 	New trial (rep=0, index=541): <Trial 541 (541 in rep 0) data={'center': 0, 'surround': 15.0, 'type': 'c+0', 'surr_type': 'poss', 'orient_opacity': 100, 'noise_opacity': 0, 'isi': 1.25, 'thisN': 541, 'thisTrialN': 541, 'thisRepN': 0}>
959.7110 	DATA 	Keypress: z
959.7170 	INFO 	Keyboard events cleared
959.7165 	EXP 	noise_3: autoDraw = False
959.7165 	EXP 	surround_grating: autoDraw = False
959.7165 	EXP 	center_grating: autoDraw = False
959.7165 	EXP 	text_2: autoDraw = False
959.7165 	EXP 	surround_grating: ori = 15.0
959.7165 	EXP 	surround_grating: sf = array([2.5, 2.5])
959.7165 	EXP 	surround_grating: phase = array([0.2039631, 0.2039631])
959.7165 	EXP 	center_grating: ori = 0.0
959.7165 	EXP 	center_grating: sf = array([2.5, 2.5])
959.7165 	EXP 	center_grating: phase = array([0.03328427, 0.03328427])
960.9509 	EXP 	noise_3: autoDraw = True
960.9509 	EXP 	surround_grating: autoDraw = True
960.9509 	EXP 	center_grating: autoDraw = True
961.0229 	EXP 	noise_3: autoDraw = False
961.0229 	EXP 	surround_grating: autoDraw = False
961.0229 	EXP 	center_grating: autoDraw = False
961.2370 	EXP 	New trial (rep=0, index=542): <Trial 542 (542 in rep 0) data={'center': 6, 'surround': 15.0, 'type': 'c+6', 'surr_type': 'poss', 'orient_opacity': 100, 'noise_opacity': 0, 'isi': 1.25, 'thisN': 542, 'thisTrialN': 542, 'thisRepN': 0}>
961.2419 	DATA 	Keypress: period
961.2479 	INFO 	Keyboard events cleared
961.2474 	EXP 	noise_3: autoDraw = False
961.2474 	EXP 	surround_grating: autoDraw = False
961.2474 	EXP 	center_grating: autoDraw = False
961.2474 	EXP 	text_2: autoDraw = False
961.2474 	EXP 	surround_grating: ori = 15.0
961.2474 	EXP 	surround_grating: sf = array([2.5, 2.5])
961.2474 	EXP 	surround_grating: phase = array([0.01087245, 0.01087245])
961.2474 	EXP 	center_grating: ori = 6.0
961.2474 	EXP 	center_grating: sf = array([2.5, 2.5])
961.2474 	EXP 	center_grating: phase = array([0.13112985, 0.13112985])
962.4845 	EXP 	noise_3: autoDraw = True
962.4845 	EXP 	surround_grating: autoDraw = True
962.4845 	EXP 	center_grating: autoDraw = True
962.5566 	EXP 	noise_3: autoDraw = False
962.5566 	EXP 	surround_grating: autoDraw = False
962.5566 	EXP 	center_grating: autoDraw = False
962.8090 	EXP 	New trial (rep=0, index=543): <Trial 543 (543 in rep 0) data={'center': 4, 'surround': 0.0, 'type': 'c+4', 'surr_type': 'noss', 'orient_opacity': 0, 'noise_opacity': 100, 'isi': 1.25, 'thisN': 543, 'thisTrialN': 543, 'thisRepN': 0}>
962.8140 	DATA 	Keypress: period
962.8202 	INFO 	Keyboard events cleared
962.8198 	EXP 	noise_3: autoDraw = False
962.8198 	EXP 	surround_grating: autoDraw = False
962.8198 	EXP 	center_grating: autoDraw = False
962.8198 	EXP 	text_2: autoDraw = False
962.8198 	EXP 	surround_grating: ori = 0.0
962.8198 	EXP 	surround_grating: sf = array([2.5, 2.5])
962.8198 	EXP 	surround_grating: phase = array([0.20741874, 0.20741874])
962.8198 	EXP 	center_grating: ori = 4.0
962.8198 	EXP 	center_grating: sf = array([2.5, 2.5])
962.8198 	EXP 	center_grating: phase = array([0.50958969, 0.50958969])
964.0598 	EXP 	noise_3: autoDraw = True
964.0598 	EXP 	surround_grating: autoDraw = True
964.0598 	EXP 	center_grating: autoDraw = True
964.1350 	EXP 	noise_3: autoDraw = False
964.1350 	EXP 	surround_grating: autoDraw = False
964.1350 	EXP 	center_grating: autoDraw = False
964.4544 	EXP 	New trial (rep=0, index=544): <Trial 544 (544 in rep 0) data={'center': 0, 'surround': 0.0, 'type': 'c+0', 'surr_type': 'noss', 'orient_opacity': 0, 'noise_opacity': 100, 'isi': 0.75, 'thisN': 544, 'thisTrialN': 544, 'thisRepN': 0}>
964.4603 	DATA 	Keypress: period
964.4663 	INFO 	Keyboard events cleared
964.4659 	EXP 	noise_3: autoDraw = False
964.4659 	EXP 	surround_grating: autoDraw = False
964.4659 	EXP 	center_grating: autoDraw = False
964.4659 	EXP 	text_2: autoDraw = False
964.4659 	EXP 	surround_grating: ori = 0.0
964.4659 	EXP 	surround_grating: sf = array([2.5, 2.5])
964.4659 	EXP 	surround_grating: phase = array([0.84028261, 0.84028261])
964.4659 	EXP 	center_grating: ori = 0.0
964.4659 	EXP 	center_grating: sf = array([2.5, 2.5])
964.4659 	EXP 	center_grating: phase = array([0.65667067, 0.65667067])
965.2010 	EXP 	noise_3: autoDraw = True
965.2010 	EXP 	surround_grating: autoDraw = True
965.2010 	EXP 	center_grating: autoDraw = True
965.2730 	EXP 	noise_3: autoDraw = False
965.2730 	EXP 	surround_grating: autoDraw = False
965.2730 	EXP 	center_grating: autoDraw = False
965.4809 	DATA 	Keypress: z
965.4881 	EXP 	New trial (rep=0, index=545): <Trial 545 (545 in rep 0) data={'center': 4, 'surround': 0.0, 'type': 'c+4', 'surr_type': 'noss', 'orient_opacity': 0, 'noise_opacity': 100, 'isi': 0.75, 'thisN': 545, 'thisTrialN': 545, 'thisRepN': 0}>
965.5019 	INFO 	Keyboard events cleared
965.5015 	EXP 	noise_3: autoDraw = False
965.5015 	EXP 	surround_grating: autoDraw = False
965.5015 	EXP 	center_grating: autoDraw = False
965.5015 	EXP 	text_2: autoDraw = False
965.5015 	EXP 	surround_grating: ori = 0.0
965.5015 	EXP 	surround_grating: sf = array([2.5, 2.5])
965.5015 	EXP 	surround_grating: phase = array([0.13549609, 0.13549609])
965.5015 	EXP 	center_grating: ori = 4.0
965.5015 	EXP 	center_grating: sf = array([2.5, 2.5])
965.5015 	EXP 	center_grating: phase = array([0.22032781, 0.22032781])
966.2343 	EXP 	noise_3: autoDraw = True
966.2343 	EXP 	surround_grating: autoDraw = True
966.2343 	EXP 	center_grating: autoDraw = True
966.3073 	EXP 	noise_3: autoDraw = False
966.3073 	EXP 	surround_grating: autoDraw = False
966.3073 	EXP 	center_grating: autoDraw = False
966.6378 	EXP 	New trial (rep=0, index=546): <Trial 546 (546 in rep 0) data={'center': 2, 'surround': -15.0, 'type': 'c+2', 'surr_type': 'negs', 'orient_opacity': 100, 'noise_opacity': 0, 'isi': 0.75, 'thisN': 546, 'thisTrialN': 546, 'thisRepN': 0}>
966.6428 	DATA 	Keypress: z
966.6490 	INFO 	Keyboard events cleared
966.6485 	EXP 	noise_3: autoDraw = False
966.6485 	EXP 	surround_grating: autoDraw = False
966.6485 	EXP 	center_grating: autoDraw = False
966.6485 	EXP 	text_2: autoDraw = False
966.6485 	EXP 	surround_grating: ori = -15.0
966.6485 	EXP 	surround_grating: sf = array([2.5, 2.5])
966.6485 	EXP 	surround_grating: phase = array([0.87516255, 0.87516255])
966.6485 	EXP 	center_grating: ori = 2.0
966.6485 	EXP 	center_grating: sf = array([2.5, 2.5])
966.6485 	EXP 	center_grating: phase = array([0.42715537, 0.42715537])
967.3844 	EXP 	noise_3: autoDraw = True
967.3844 	EXP 	surround_grating: autoDraw = True
967.3844 	EXP 	center_grating: autoDraw = True
967.4562 	EXP 	noise_3: autoDraw = False
967.4562 	EXP 	surround_grating: autoDraw = False
967.4562 	EXP 	center_grating: autoDraw = False
967.6715 	EXP 	New trial (rep=0, index=547): <Trial 547 (547 in rep 0) data={'center': 4, 'surround': 0.0, 'type': 'c+4', 'surr_type': 'noss', 'orient_opacity': 0, 'noise_opacity': 100, 'isi': 1.0, 'thisN': 547, 'thisTrialN': 547, 'thisRepN': 0}>
967.6769 	DATA 	Keypress: z
967.6829 	INFO 	Keyboard events cleared
967.6824 	EXP 	noise_3: autoDraw = False
967.6824 	EXP 	surround_grating: autoDraw = False
967.6824 	EXP 	center_grating: autoDraw = False
967.6824 	EXP 	text_2: autoDraw = False
967.6824 	EXP 	surround_grating: ori = 0.0
967.6824 	EXP 	surround_grating: sf = array([2.5, 2.5])
967.6824 	EXP 	surround_grating: phase = array([0.09835458, 0.09835458])
967.6824 	EXP 	center_grating: ori = 4.0
967.6824 	EXP 	center_grating: sf = array([2.5, 2.5])
967.6824 	EXP 	center_grating: phase = array([0.17006635, 0.17006635])
968.6678 	EXP 	noise_3: autoDraw = True
968.6678 	EXP 	surround_grating: autoDraw = True
968.6678 	EXP 	center_grating: autoDraw = True
968.7402 	EXP 	noise_3: autoDraw = False
968.7402 	EXP 	surround_grating: autoDraw = False
968.7402 	EXP 	center_grating: autoDraw = False
968.9212 	EXP 	New trial (rep=0, index=548): <Trial 548 (548 in rep 0) data={'center': -2, 'surround': -15.0, 'type': 'c-2', 'surr_type': 'negs', 'orient_opacity': 100, 'noise_opacity': 0, 'isi': 1.0, 'thisN': 548, 'thisTrialN': 548, 'thisRepN': 0}>
968.9264 	DATA 	Keypress: period
968.9322 	INFO 	Keyboard events cleared
968.9317 	EXP 	noise_3: autoDraw = False
968.9317 	EXP 	surround_grating: autoDraw = False
968.9317 	EXP 	center_grating: autoDraw = False
968.9317 	EXP 	text_2: autoDraw = False
968.9317 	EXP 	surround_grating: ori = -15.0
968.9317 	EXP 	surround_grating: sf = array([2.5, 2.5])
968.9317 	EXP 	surround_grating: phase = array([0.62333277, 0.62333277])
968.9317 	EXP 	center_grating: ori = -2.0
968.9317 	EXP 	center_grating: sf = array([2.5, 2.5])
968.9317 	EXP 	center_grating: phase = array([0.17635297, 0.17635297])
969.9179 	EXP 	noise_3: autoDraw = True
969.9179 	EXP 	surround_grating: autoDraw = True
969.9179 	EXP 	center_grating: autoDraw = True
969.9900 	EXP 	noise_3: autoDraw = False
969.9900 	EXP 	surround_grating: autoDraw = False
969.9900 	EXP 	center_grating: autoDraw = False
970.5044 	EXP 	New trial (rep=0, index=549): <Trial 549 (549 in rep 0) data={'center': 0, 'surround': 0.0, 'type': 'c+0', 'surr_type': 'noss', 'orient_opacity': 0, 'noise_opacity': 100, 'isi': 0.75, 'thisN': 549, 'thisTrialN': 549, 'thisRepN': 0}>
970.5096 	DATA 	Keypress: period
970.5155 	INFO 	Keyboard events cleared
970.5150 	EXP 	noise_3: autoDraw = False
970.5150 	EXP 	surround_grating: autoDraw = False
970.5150 	EXP 	center_grating: autoDraw = False
970.5150 	EXP 	text_2: autoDraw = False
970.5150 	EXP 	surround_grating: ori = 0.0
970.5150 	EXP 	surround_grating: sf = array([2.5, 2.5])
970.5150 	EXP 	surround_grating: phase = array([0.45168753, 0.45168753])
970.5150 	EXP 	center_grating: ori = 0.0
970.5150 	EXP 	center_grating: sf = array([2.5, 2.5])
970.5150 	EXP 	center_grating: phase = array([0.85079693, 0.85079693])
971.2512 	EXP 	noise_3: autoDraw = True
971.2512 	EXP 	surround_grating: autoDraw = True
971.2512 	EXP 	center_grating: autoDraw = True
971.3234 	EXP 	noise_3: autoDraw = False
971.3234 	EXP 	surround_grating: autoDraw = False
971.3234 	EXP 	center_grating: autoDraw = False
971.7385 	EXP 	New trial (rep=0, index=550): <Trial 550 (550 in rep 0) data={'center': 8, 'surround': 15.0, 'type': 'c+8', 'surr_type': 'poss', 'orient_opacity': 100, 'noise_opacity': 0, 'isi': 0.75, 'thisN': 550, 'thisTrialN': 550, 'thisRepN': 0}>
971.7447 	DATA 	Keypress: period
971.7509 	INFO 	Keyboard events cleared
971.7504 	EXP 	noise_3: autoDraw = False
971.7504 	EXP 	surround_grating: autoDraw = False
971.7504 	EXP 	center_grating: autoDraw = False
971.7504 	EXP 	text_2: autoDraw = False
971.7504 	EXP 	surround_grating: ori = 15.0
971.7504 	EXP 	surround_grating: sf = array([2.5, 2.5])
971.7504 	EXP 	surround_grating: phase = array([0.94630841, 0.94630841])
971.7504 	EXP 	center_grating: ori = 8.0
971.7504 	EXP 	center_grating: sf = array([2.5, 2.5])
971.7504 	EXP 	center_grating: phase = array([0.11773115, 0.11773115])
972.4848 	EXP 	noise_3: autoDraw = True
972.4848 	EXP 	surround_grating: autoDraw = True
972.4848 	EXP 	center_grating: autoDraw = True
972.5566 	EXP 	noise_3: autoDraw = False
972.5566 	EXP 	surround_grating: autoDraw = False
972.5566 	EXP 	center_grating: autoDraw = False
972.8880 	EXP 	New trial (rep=0, index=551): <Trial 551 (551 in rep 0) data={'center': 2, 'surround': -15.0, 'type': 'c+2', 'surr_type': 'negs', 'orient_opacity': 100, 'noise_opacity': 0, 'isi': 1.0, 'thisN': 551, 'thisTrialN': 551, 'thisRepN': 0}>
972.8935 	DATA 	Keypress: z
972.8994 	INFO 	Keyboard events cleared
972.8990 	EXP 	noise_3: autoDraw = False
972.8990 	EXP 	surround_grating: autoDraw = False
972.8990 	EXP 	center_grating: autoDraw = False
972.8990 	EXP 	text_2: autoDraw = False
972.8990 	EXP 	surround_grating: ori = -15.0
972.8990 	EXP 	surround_grating: sf = array([2.5, 2.5])
972.8990 	EXP 	surround_grating: phase = array([0.36034143, 0.36034143])
972.8990 	EXP 	center_grating: ori = 2.0
972.8990 	EXP 	center_grating: sf = array([2.5, 2.5])
972.8990 	EXP 	center_grating: phase = array([0.98168521, 0.98168521])
973.8847 	EXP 	noise_3: autoDraw = True
973.8847 	EXP 	surround_grating: autoDraw = True
973.8847 	EXP 	center_grating: autoDraw = True
973.9570 	EXP 	noise_3: autoDraw = False
973.9570 	EXP 	surround_grating: autoDraw = False
973.9570 	EXP 	center_grating: autoDraw = False
974.2882 	EXP 	New trial (rep=0, index=552): <Trial 552 (552 in rep 0) data={'center': 4, 'surround': 0.0, 'type': 'c+4', 'surr_type': 'noss', 'orient_opacity': 0, 'noise_opacity': 100, 'isi': 0.75, 'thisN': 552, 'thisTrialN': 552, 'thisRepN': 0}>
974.2938 	DATA 	Keypress: period
974.3002 	INFO 	Keyboard events cleared
974.2996 	EXP 	noise_3: autoDraw = False
974.2996 	EXP 	surround_grating: autoDraw = False
974.2996 	EXP 	center_grating: autoDraw = False
974.2996 	EXP 	text_2: autoDraw = False
974.2996 	EXP 	surround_grating: ori = 0.0
974.2996 	EXP 	surround_grating: sf = array([2.5, 2.5])
974.2996 	EXP 	surround_grating: phase = array([0.94748137, 0.94748137])
974.2996 	EXP 	center_grating: ori = 4.0
974.2996 	EXP 	center_grating: sf = array([2.5, 2.5])
974.2996 	EXP 	center_grating: phase = array([0.0411956, 0.0411956])
975.0348 	EXP 	noise_3: autoDraw = True
975.0348 	EXP 	surround_grating: autoDraw = True
975.0348 	EXP 	center_grating: autoDraw = True
975.1068 	EXP 	noise_3: autoDraw = False
975.1068 	EXP 	surround_grating: autoDraw = False
975.1068 	EXP 	center_grating: autoDraw = False
975.5889 	EXP 	New trial (rep=0, index=553): <Trial 553 (553 in rep 0) data={'center': 8, 'surround': 15.0, 'type': 'c+8', 'surr_type': 'poss', 'orient_opacity': 100, 'noise_opacity': 0, 'isi': 1.25, 'thisN': 553, 'thisTrialN': 553, 'thisRepN': 0}>
975.5945 	DATA 	Keypress: period
975.6010 	INFO 	Keyboard events cleared
975.6003 	EXP 	noise_3: autoDraw = False
975.6003 	EXP 	surround_grating: autoDraw = False
975.6003 	EXP 	center_grating: autoDraw = False
975.6003 	EXP 	text_2: autoDraw = False
975.6003 	EXP 	surround_grating: ori = 15.0
975.6003 	EXP 	surround_grating: sf = array([2.5, 2.5])
975.6003 	EXP 	surround_grating: phase = array([0.95995565, 0.95995565])
975.6003 	EXP 	center_grating: ori = 8.0
975.6003 	EXP 	center_grating: sf = array([2.5, 2.5])
975.6003 	EXP 	center_grating: phase = array([0.48731978, 0.48731978])
976.8348 	EXP 	noise_3: autoDraw = True
976.8348 	EXP 	surround_grating: autoDraw = True
976.8348 	EXP 	center_grating: autoDraw = True
976.9067 	EXP 	noise_3: autoDraw = False
976.9067 	EXP 	surround_grating: autoDraw = False
976.9067 	EXP 	center_grating: autoDraw = False
977.2440 	EXP 	New trial (rep=0, index=554): <Trial 554 (554 in rep 0) data={'center': 0, 'surround': 15.0, 'type': 'c+0', 'surr_type': 'poss', 'orient_opacity': 100, 'noise_opacity': 0, 'isi': 0.75, 'thisN': 554, 'thisTrialN': 554, 'thisRepN': 0}>
977.2496 	DATA 	Keypress: period
977.2552 	INFO 	Keyboard events cleared
977.2547 	EXP 	noise_3: autoDraw = False
977.2547 	EXP 	surround_grating: autoDraw = False
977.2547 	EXP 	center_grating: autoDraw = False
977.2547 	EXP 	text_2: autoDraw = False
977.2547 	EXP 	surround_grating: ori = 15.0
977.2547 	EXP 	surround_grating: sf = array([2.5, 2.5])
977.2547 	EXP 	surround_grating: phase = array([0.59470392, 0.59470392])
977.2547 	EXP 	center_grating: ori = 0.0
977.2547 	EXP 	center_grating: sf = array([2.5, 2.5])
977.2547 	EXP 	center_grating: phase = array([0.92045166, 0.92045166])
977.9947 	EXP 	noise_3: autoDraw = True
977.9947 	EXP 	surround_grating: autoDraw = True
977.9947 	EXP 	center_grating: autoDraw = True
978.0687 	EXP 	noise_3: autoDraw = False
978.0687 	EXP 	surround_grating: autoDraw = False
978.0687 	EXP 	center_grating: autoDraw = False
978.2926 	EXP 	New trial (rep=0, index=555): <Trial 555 (555 in rep 0) data={'center': 0, 'surround': 0.0, 'type': 'c+0', 'surr_type': 'noss', 'orient_opacity': 0, 'noise_opacity': 100, 'isi': 0.5, 'thisN': 555, 'thisTrialN': 555, 'thisRepN': 0}>
978.2975 	DATA 	Keypress: period
978.3040 	INFO 	Keyboard events cleared
978.3035 	EXP 	noise_3: autoDraw = False
978.3035 	EXP 	surround_grating: autoDraw = False
978.3035 	EXP 	center_grating: autoDraw = False
978.3035 	EXP 	text_2: autoDraw = False
978.3035 	EXP 	surround_grating: ori = 0.0
978.3035 	EXP 	surround_grating: sf = array([2.5, 2.5])
978.3035 	EXP 	surround_grating: phase = array([0.27492058, 0.27492058])
978.3035 	EXP 	center_grating: ori = 0.0
978.3035 	EXP 	center_grating: sf = array([2.5, 2.5])
978.3035 	EXP 	center_grating: phase = array([0.60983688, 0.60983688])
978.7948 	EXP 	noise_3: autoDraw = True
978.7948 	EXP 	surround_grating: autoDraw = True
978.7948 	EXP 	center_grating: autoDraw = True
978.8690 	EXP 	noise_3: autoDraw = False
978.8690 	EXP 	surround_grating: autoDraw = False
978.8690 	EXP 	center_grating: autoDraw = False
979.2104 	EXP 	New trial (rep=0, index=556): <Trial 556 (556 in rep 0) data={'center': 2, 'surround': 15.0, 'type': 'c+2', 'surr_type': 'poss', 'orient_opacity': 100, 'noise_opacity': 0, 'isi': 0.75, 'thisN': 556, 'thisTrialN': 556, 'thisRepN': 0}>
979.2156 	DATA 	Keypress: z
979.2217 	INFO 	Keyboard events cleared
979.2212 	EXP 	noise_3: autoDraw = False
979.2212 	EXP 	surround_grating: autoDraw = False
979.2212 	EXP 	center_grating: autoDraw = False
979.2212 	EXP 	text_2: autoDraw = False
979.2212 	EXP 	surround_grating: ori = 15.0
979.2212 	EXP 	surround_grating: sf = array([2.5, 2.5])
979.2212 	EXP 	surround_grating: phase = array([0.7424293, 0.7424293])
979.2212 	EXP 	center_grating: ori = 2.0
979.2212 	EXP 	center_grating: sf = array([2.5, 2.5])
979.2212 	EXP 	center_grating: phase = array([0.57281648, 0.57281648])
979.9607 	EXP 	noise_3: autoDraw = True
979.9607 	EXP 	surround_grating: autoDraw = True
979.9607 	EXP 	center_grating: autoDraw = True
980.0354 	EXP 	noise_3: autoDraw = False
980.0354 	EXP 	surround_grating: autoDraw = False
980.0354 	EXP 	center_grating: autoDraw = False
980.3384 	EXP 	New trial (rep=0, index=557): <Trial 557 (557 in rep 0) data={'center': -2, 'surround': 0.0, 'type': 'c-2', 'surr_type': 'noss', 'orient_opacity': 0, 'noise_opacity': 100, 'isi': 1.25, 'thisN': 557, 'thisTrialN': 557, 'thisRepN': 0}>
980.3439 	DATA 	Keypress: z
980.3503 	INFO 	Keyboard events cleared
980.3497 	EXP 	noise_3: autoDraw = False
980.3497 	EXP 	surround_grating: autoDraw = False
980.3497 	EXP 	center_grating: autoDraw = False
980.3497 	EXP 	text_2: autoDraw = False
980.3497 	EXP 	surround_grating: ori = 0.0
980.3497 	EXP 	surround_grating: sf = array([2.5, 2.5])
980.3497 	EXP 	surround_grating: phase = array([0.53045405, 0.53045405])
980.3497 	EXP 	center_grating: ori = -2.0
980.3497 	EXP 	center_grating: sf = array([2.5, 2.5])
980.3497 	EXP 	center_grating: phase = array([0.46916264, 0.46916264])
981.5850 	EXP 	noise_3: autoDraw = True
981.5850 	EXP 	surround_grating: autoDraw = True
981.5850 	EXP 	center_grating: autoDraw = True
981.6579 	EXP 	noise_3: autoDraw = False
981.6579 	EXP 	surround_grating: autoDraw = False
981.6579 	EXP 	center_grating: autoDraw = False
981.8722 	EXP 	New trial (rep=0, index=558): <Trial 558 (558 in rep 0) data={'center': 4, 'surround': 0.0, 'type': 'c+4', 'surr_type': 'noss', 'orient_opacity': 0, 'noise_opacity': 100, 'isi': 1.25, 'thisN': 558, 'thisTrialN': 558, 'thisRepN': 0}>
981.8773 	DATA 	Keypress: z
981.8836 	INFO 	Keyboard events cleared
981.8832 	EXP 	noise_3: autoDraw = False
981.8832 	EXP 	surround_grating: autoDraw = False
981.8832 	EXP 	center_grating: autoDraw = False
981.8832 	EXP 	text_2: autoDraw = False
981.8832 	EXP 	surround_grating: ori = 0.0
981.8832 	EXP 	surround_grating: sf = array([2.5, 2.5])
981.8832 	EXP 	surround_grating: phase = array([0.3766449, 0.3766449])
981.8832 	EXP 	center_grating: ori = 4.0
981.8832 	EXP 	center_grating: sf = array([2.5, 2.5])
981.8832 	EXP 	center_grating: phase = array([0.06239911, 0.06239911])
983.1183 	EXP 	noise_3: autoDraw = True
983.1183 	EXP 	surround_grating: autoDraw = True
983.1183 	EXP 	center_grating: autoDraw = True
983.1902 	EXP 	noise_3: autoDraw = False
983.1902 	EXP 	surround_grating: autoDraw = False
983.1902 	EXP 	center_grating: autoDraw = False
983.5101 	EXP 	New trial (rep=0, index=559): <Trial 559 (559 in rep 0) data={'center': -6, 'surround': -15.0, 'type': 'c-6', 'surr_type': 'negs', 'orient_opacity': 100, 'noise_opacity': 0, 'isi': 1.0, 'thisN': 559, 'thisTrialN': 559, 'thisRepN': 0}>
983.5152 	DATA 	Keypress: z
983.5213 	INFO 	Keyboard events cleared
983.5209 	EXP 	noise_3: autoDraw = False
983.5209 	EXP 	surround_grating: autoDraw = False
983.5209 	EXP 	center_grating: autoDraw = False
983.5209 	EXP 	text_2: autoDraw = False
983.5209 	EXP 	surround_grating: ori = -15.0
983.5209 	EXP 	surround_grating: sf = array([2.5, 2.5])
983.5209 	EXP 	surround_grating: phase = array([0.97969566, 0.97969566])
983.5209 	EXP 	center_grating: ori = -6.0
983.5209 	EXP 	center_grating: sf = array([2.5, 2.5])
983.5209 	EXP 	center_grating: phase = array([0.21705306, 0.21705306])
984.5109 	EXP 	noise_3: autoDraw = True
984.5109 	EXP 	surround_grating: autoDraw = True
984.5109 	EXP 	center_grating: autoDraw = True
984.5855 	EXP 	noise_3: autoDraw = False
984.5855 	EXP 	surround_grating: autoDraw = False
984.5855 	EXP 	center_grating: autoDraw = False
984.9058 	EXP 	New trial (rep=0, index=560): <Trial 560 (560 in rep 0) data={'center': 0, 'surround': 15.0, 'type': 'c+0', 'surr_type': 'poss', 'orient_opacity': 100, 'noise_opacity': 0, 'isi': 0.5, 'thisN': 560, 'thisTrialN': 560, 'thisRepN': 0}>
984.9114 	DATA 	Keypress: z
984.9174 	INFO 	Keyboard events cleared
984.9169 	EXP 	noise_3: autoDraw = False
984.9169 	EXP 	surround_grating: autoDraw = False
984.9169 	EXP 	center_grating: autoDraw = False
984.9169 	EXP 	text_2: autoDraw = False
984.9169 	EXP 	surround_grating: ori = 15.0
984.9169 	EXP 	surround_grating: sf = array([2.5, 2.5])
984.9169 	EXP 	surround_grating: phase = array([0.22044702, 0.22044702])
984.9169 	EXP 	center_grating: ori = 0.0
984.9169 	EXP 	center_grating: sf = array([2.5, 2.5])
984.9169 	EXP 	center_grating: phase = array([0.92500871, 0.92500871])
985.4018 	EXP 	noise_3: autoDraw = True
985.4018 	EXP 	surround_grating: autoDraw = True
985.4018 	EXP 	center_grating: autoDraw = True
985.4737 	EXP 	noise_3: autoDraw = False
985.4737 	EXP 	surround_grating: autoDraw = False
985.4737 	EXP 	center_grating: autoDraw = False
985.8221 	EXP 	New trial (rep=0, index=561): <Trial 561 (561 in rep 0) data={'center': 2, 'surround': 0.0, 'type': 'c+2', 'surr_type': 'noss', 'orient_opacity': 0, 'noise_opacity': 100, 'isi': 1.0, 'thisN': 561, 'thisTrialN': 561, 'thisRepN': 0}>
985.8276 	DATA 	Keypress: z
985.8336 	INFO 	Keyboard events cleared
985.8331 	EXP 	noise_3: autoDraw = False
985.8331 	EXP 	surround_grating: autoDraw = False
985.8331 	EXP 	center_grating: autoDraw = False
985.8331 	EXP 	text_2: autoDraw = False
985.8331 	EXP 	surround_grating: ori = 0.0
985.8331 	EXP 	surround_grating: sf = array([2.5, 2.5])
985.8331 	EXP 	surround_grating: phase = array([0.63944222, 0.63944222])
985.8331 	EXP 	center_grating: ori = 2.0
985.8331 	EXP 	center_grating: sf = array([2.5, 2.5])
985.8331 	EXP 	center_grating: phase = array([0.89151087, 0.89151087])
986.8185 	EXP 	noise_3: autoDraw = True
986.8185 	EXP 	surround_grating: autoDraw = True
986.8185 	EXP 	center_grating: autoDraw = True
986.8912 	EXP 	noise_3: autoDraw = False
986.8912 	EXP 	surround_grating: autoDraw = False
986.8912 	EXP 	center_grating: autoDraw = False
987.4435 	EXP 	New trial (rep=0, index=562): <Trial 562 (562 in rep 0) data={'center': 0, 'surround': 0.0, 'type': 'c+0', 'surr_type': 'noss', 'orient_opacity': 0, 'noise_opacity': 100, 'isi': 1.25, 'thisN': 562, 'thisTrialN': 562, 'thisRepN': 0}>
987.4486 	DATA 	Keypress: z
987.4548 	INFO 	Keyboard events cleared
987.4544 	EXP 	noise_3: autoDraw = False
987.4544 	EXP 	surround_grating: autoDraw = False
987.4544 	EXP 	center_grating: autoDraw = False
987.4544 	EXP 	text_2: autoDraw = False
987.4544 	EXP 	surround_grating: ori = 0.0
987.4544 	EXP 	surround_grating: sf = array([2.5, 2.5])
987.4544 	EXP 	surround_grating: phase = array([0.75662937, 0.75662937])
987.4544 	EXP 	center_grating: ori = 0.0
987.4544 	EXP 	center_grating: sf = array([2.5, 2.5])
987.4544 	EXP 	center_grating: phase = array([0.65964656, 0.65964656])
988.6943 	EXP 	noise_3: autoDraw = True
988.6943 	EXP 	surround_grating: autoDraw = True
988.6943 	EXP 	center_grating: autoDraw = True
988.7691 	EXP 	noise_3: autoDraw = False
988.7691 	EXP 	surround_grating: autoDraw = False
988.7691 	EXP 	center_grating: autoDraw = False
989.1384 	EXP 	New trial (rep=0, index=563): <Trial 563 (563 in rep 0) data={'center': 0, 'surround': 15.0, 'type': 'c+0', 'surr_type': 'poss', 'orient_opacity': 100, 'noise_opacity': 0, 'isi': 0.75, 'thisN': 563, 'thisTrialN': 563, 'thisRepN': 0}>
989.1433 	DATA 	Keypress: period
989.1491 	INFO 	Keyboard events cleared
989.1486 	EXP 	noise_3: autoDraw = False
989.1486 	EXP 	surround_grating: autoDraw = False
989.1486 	EXP 	center_grating: autoDraw = False
989.1486 	EXP 	text_2: autoDraw = False
989.1486 	EXP 	surround_grating: ori = 15.0
989.1486 	EXP 	surround_grating: sf = array([2.5, 2.5])
989.1486 	EXP 	surround_grating: phase = array([0.53080196, 0.53080196])
989.1486 	EXP 	center_grating: ori = 0.0
989.1486 	EXP 	center_grating: sf = array([2.5, 2.5])
989.1486 	EXP 	center_grating: phase = array([0.07402755, 0.07402755])
989.8852 	EXP 	noise_3: autoDraw = True
989.8852 	EXP 	surround_grating: autoDraw = True
989.8852 	EXP 	center_grating: autoDraw = True
989.9575 	EXP 	noise_3: autoDraw = False
989.9575 	EXP 	surround_grating: autoDraw = False
989.9575 	EXP 	center_grating: autoDraw = False
990.4220 	EXP 	New trial (rep=0, index=564): <Trial 564 (564 in rep 0) data={'center': 2, 'surround': 0.0, 'type': 'c+2', 'surr_type': 'noss', 'orient_opacity': 0, 'noise_opacity': 100, 'isi': 0.5, 'thisN': 564, 'thisTrialN': 564, 'thisRepN': 0}>
990.4270 	DATA 	Keypress: z
990.4327 	INFO 	Keyboard events cleared
990.4322 	EXP 	noise_3: autoDraw = False
990.4322 	EXP 	surround_grating: autoDraw = False
990.4322 	EXP 	center_grating: autoDraw = False
990.4322 	EXP 	text_2: autoDraw = False
990.4322 	EXP 	surround_grating: ori = 0.0
990.4322 	EXP 	surround_grating: sf = array([2.5, 2.5])
990.4322 	EXP 	surround_grating: phase = array([0.20234586, 0.20234586])
990.4322 	EXP 	center_grating: ori = 2.0
990.4322 	EXP 	center_grating: sf = array([2.5, 2.5])
990.4322 	EXP 	center_grating: phase = array([0.39775143, 0.39775143])
990.9187 	EXP 	noise_3: autoDraw = True
990.9187 	EXP 	surround_grating: autoDraw = True
990.9187 	EXP 	center_grating: autoDraw = True
990.9917 	EXP 	noise_3: autoDraw = False
990.9917 	EXP 	surround_grating: autoDraw = False
990.9917 	EXP 	center_grating: autoDraw = False
991.4719 	EXP 	New trial (rep=0, index=565): <Trial 565 (565 in rep 0) data={'center': 8, 'surround': 15.0, 'type': 'c+8', 'surr_type': 'poss', 'orient_opacity': 100, 'noise_opacity': 0, 'isi': 0.5, 'thisN': 565, 'thisTrialN': 565, 'thisRepN': 0}>
991.4771 	DATA 	Keypress: z
991.4832 	INFO 	Keyboard events cleared
991.4827 	EXP 	noise_3: autoDraw = False
991.4827 	EXP 	surround_grating: autoDraw = False
991.4827 	EXP 	center_grating: autoDraw = False
991.4827 	EXP 	text_2: autoDraw = False
991.4827 	EXP 	surround_grating: ori = 15.0
991.4827 	EXP 	surround_grating: sf = array([2.5, 2.5])
991.4827 	EXP 	surround_grating: phase = array([0.06197137, 0.06197137])
991.4827 	EXP 	center_grating: ori = 8.0
991.4827 	EXP 	center_grating: sf = array([2.5, 2.5])
991.4827 	EXP 	center_grating: phase = array([0.67127017, 0.67127017])
991.9689 	EXP 	noise_3: autoDraw = True
991.9689 	EXP 	surround_grating: autoDraw = True
991.9689 	EXP 	center_grating: autoDraw = True
992.0408 	EXP 	noise_3: autoDraw = False
992.0408 	EXP 	surround_grating: autoDraw = False
992.0408 	EXP 	center_grating: autoDraw = False
992.5451 	EXP 	New trial (rep=0, index=566): <Trial 566 (566 in rep 0) data={'center': 0, 'surround': 0.0, 'type': 'c+0', 'surr_type': 'noss', 'orient_opacity': 0, 'noise_opacity': 100, 'isi': 1.0, 'thisN': 566, 'thisTrialN': 566, 'thisRepN': 0}>
992.5501 	DATA 	Keypress: period
992.5556 	INFO 	Keyboard events cleared
992.5551 	EXP 	noise_3: autoDraw = False
992.5551 	EXP 	surround_grating: autoDraw = False
992.5551 	EXP 	center_grating: autoDraw = False
992.5551 	EXP 	text_2: autoDraw = False
992.5551 	EXP 	surround_grating: ori = 0.0
992.5551 	EXP 	surround_grating: sf = array([2.5, 2.5])
992.5551 	EXP 	surround_grating: phase = array([0.89980302, 0.89980302])
992.5551 	EXP 	center_grating: ori = 0.0
992.5551 	EXP 	center_grating: sf = array([2.5, 2.5])
992.5551 	EXP 	center_grating: phase = array([0.99404623, 0.99404623])
993.5455 	EXP 	noise_3: autoDraw = True
993.5455 	EXP 	surround_grating: autoDraw = True
993.5455 	EXP 	center_grating: autoDraw = True
993.6192 	EXP 	noise_3: autoDraw = False
993.6192 	EXP 	surround_grating: autoDraw = False
993.6192 	EXP 	center_grating: autoDraw = False
994.0883 	EXP 	New trial (rep=0, index=567): <Trial 567 (567 in rep 0) data={'center': -8, 'surround': -15.0, 'type': 'c-8', 'surr_type': 'negs', 'orient_opacity': 100, 'noise_opacity': 0, 'isi': 0.5, 'thisN': 567, 'thisTrialN': 567, 'thisRepN': 0}>
994.0938 	DATA 	Keypress: z
994.0997 	INFO 	Keyboard events cleared
994.0992 	EXP 	noise_3: autoDraw = False
994.0992 	EXP 	surround_grating: autoDraw = False
994.0992 	EXP 	center_grating: autoDraw = False
994.0992 	EXP 	text_2: autoDraw = False
994.0992 	EXP 	surround_grating: ori = -15.0
994.0992 	EXP 	surround_grating: sf = array([2.5, 2.5])
994.0992 	EXP 	surround_grating: phase = array([0.70559241, 0.70559241])
994.0992 	EXP 	center_grating: ori = -8.0
994.0992 	EXP 	center_grating: sf = array([2.5, 2.5])
994.0992 	EXP 	center_grating: phase = array([0.38637882, 0.38637882])
994.5845 	EXP 	noise_3: autoDraw = True
994.5845 	EXP 	surround_grating: autoDraw = True
994.5845 	EXP 	center_grating: autoDraw = True
994.6578 	EXP 	noise_3: autoDraw = False
994.6578 	EXP 	surround_grating: autoDraw = False
994.6578 	EXP 	center_grating: autoDraw = False
995.1886 	EXP 	New trial (rep=0, index=568): <Trial 568 (568 in rep 0) data={'center': 4, 'surround': 0.0, 'type': 'c+4', 'surr_type': 'noss', 'orient_opacity': 0, 'noise_opacity': 100, 'isi': 0.75, 'thisN': 568, 'thisTrialN': 568, 'thisRepN': 0}>
995.1936 	DATA 	Keypress: z
995.1998 	INFO 	Keyboard events cleared
995.1993 	EXP 	noise_3: autoDraw = False
995.1993 	EXP 	surround_grating: autoDraw = False
995.1993 	EXP 	center_grating: autoDraw = False
995.1993 	EXP 	text_2: autoDraw = False
995.1993 	EXP 	surround_grating: ori = 0.0
995.1993 	EXP 	surround_grating: sf = array([2.5, 2.5])
995.1993 	EXP 	surround_grating: phase = array([0.392876, 0.392876])
995.1993 	EXP 	center_grating: ori = 4.0
995.1993 	EXP 	center_grating: sf = array([2.5, 2.5])
995.1993 	EXP 	center_grating: phase = array([0.90349601, 0.90349601])
995.9354 	EXP 	noise_3: autoDraw = True
995.9354 	EXP 	surround_grating: autoDraw = True
995.9354 	EXP 	center_grating: autoDraw = True
996.0086 	EXP 	noise_3: autoDraw = False
996.0086 	EXP 	surround_grating: autoDraw = False
996.0086 	EXP 	center_grating: autoDraw = False
996.4942 	EXP 	New trial (rep=0, index=569): <Trial 569 (569 in rep 0) data={'center': 2, 'surround': -15.0, 'type': 'c+2', 'surr_type': 'negs', 'orient_opacity': 100, 'noise_opacity': 0, 'isi': 0.75, 'thisN': 569, 'thisTrialN': 569, 'thisRepN': 0}>
996.4992 	DATA 	Keypress: period
996.5054 	INFO 	Keyboard events cleared
996.5049 	EXP 	noise_3: autoDraw = False
996.5049 	EXP 	surround_grating: autoDraw = False
996.5049 	EXP 	center_grating: autoDraw = False
996.5049 	EXP 	text_2: autoDraw = False
996.5049 	EXP 	surround_grating: ori = -15.0
996.5049 	EXP 	surround_grating: sf = array([2.5, 2.5])
996.5049 	EXP 	surround_grating: phase = array([0.69662014, 0.69662014])
996.5049 	EXP 	center_grating: ori = 2.0
996.5049 	EXP 	center_grating: sf = array([2.5, 2.5])
996.5049 	EXP 	center_grating: phase = array([0.66837799, 0.66837799])
997.2445 	EXP 	noise_3: autoDraw = True
997.2445 	EXP 	surround_grating: autoDraw = True
997.2445 	EXP 	center_grating: autoDraw = True
997.3183 	EXP 	noise_3: autoDraw = False
997.3183 	EXP 	surround_grating: autoDraw = False
997.3183 	EXP 	center_grating: autoDraw = False
997.7209 	EXP 	New trial (rep=0, index=570): <Trial 570 (570 in rep 0) data={'center': 2, 'surround': -15.0, 'type': 'c+2', 'surr_type': 'negs', 'orient_opacity': 100, 'noise_opacity': 0, 'isi': 1.25, 'thisN': 570, 'thisTrialN': 570, 'thisRepN': 0}>
997.7261 	DATA 	Keypress: period
997.7325 	INFO 	Keyboard events cleared
997.7319 	EXP 	noise_3: autoDraw = False
997.7319 	EXP 	surround_grating: autoDraw = False
997.7319 	EXP 	center_grating: autoDraw = False
997.7319 	EXP 	text_2: autoDraw = False
997.7319 	EXP 	surround_grating: ori = -15.0
997.7319 	EXP 	surround_grating: sf = array([2.5, 2.5])
997.7319 	EXP 	surround_grating: phase = array([0.93616962, 0.93616962])
997.7319 	EXP 	center_grating: ori = 2.0
997.7319 	EXP 	center_grating: sf = array([2.5, 2.5])
997.7319 	EXP 	center_grating: phase = array([0.54624423, 0.54624423])
998.9689 	EXP 	noise_3: autoDraw = True
998.9689 	EXP 	surround_grating: autoDraw = True
998.9689 	EXP 	center_grating: autoDraw = True
999.0416 	EXP 	noise_3: autoDraw = False
999.0416 	EXP 	surround_grating: autoDraw = False
999.0416 	EXP 	center_grating: autoDraw = False
999.4550 	EXP 	New trial (rep=0, index=571): <Trial 571 (571 in rep 0) data={'center': -4, 'surround': 0.0, 'type': 'c-4', 'surr_type': 'noss', 'orient_opacity': 0, 'noise_opacity': 100, 'isi': 1.25, 'thisN': 571, 'thisTrialN': 571, 'thisRepN': 0}>
999.4600 	DATA 	Keypress: period
999.4659 	INFO 	Keyboard events cleared
999.4655 	EXP 	noise_3: autoDraw = False
999.4655 	EXP 	surround_grating: autoDraw = False
999.4655 	EXP 	center_grating: autoDraw = False
999.4655 	EXP 	text_2: autoDraw = False
999.4655 	EXP 	surround_grating: ori = 0.0
999.4655 	EXP 	surround_grating: sf = array([2.5, 2.5])
999.4655 	EXP 	surround_grating: phase = array([0.69557019, 0.69557019])
999.4655 	EXP 	center_grating: ori = -4.0
999.4655 	EXP 	center_grating: sf = array([2.5, 2.5])
999.4655 	EXP 	center_grating: phase = array([0.93543483, 0.93543483])
1000.7021 	EXP 	noise_3: autoDraw = True
1000.7021 	EXP 	surround_grating: autoDraw = True
1000.7021 	EXP 	center_grating: autoDraw = True
1000.7746 	EXP 	noise_3: autoDraw = False
1000.7746 	EXP 	surround_grating: autoDraw = False
1000.7746 	EXP 	center_grating: autoDraw = False
1001.2104 	EXP 	New trial (rep=0, index=572): <Trial 572 (572 in rep 0) data={'center': 0, 'surround': 15.0, 'type': 'c+0', 'surr_type': 'poss', 'orient_opacity': 100, 'noise_opacity': 0, 'isi': 1.0, 'thisN': 572, 'thisTrialN': 572, 'thisRepN': 0}>
1001.2159 	DATA 	Keypress: z
1001.2223 	INFO 	Keyboard events cleared
1001.2217 	EXP 	noise_3: autoDraw = False
1001.2217 	EXP 	surround_grating: autoDraw = False
1001.2217 	EXP 	center_grating: autoDraw = False
1001.2217 	EXP 	text_2: autoDraw = False
1001.2217 	EXP 	surround_grating: ori = 15.0
1001.2217 	EXP 	surround_grating: sf = array([2.5, 2.5])
1001.2217 	EXP 	surround_grating: phase = array([0.58116432, 0.58116432])
1001.2217 	EXP 	center_grating: ori = 0.0
1001.2217 	EXP 	center_grating: sf = array([2.5, 2.5])
1001.2217 	EXP 	center_grating: phase = array([0.57775249, 0.57775249])
1002.2122 	EXP 	noise_3: autoDraw = True
1002.2122 	EXP 	surround_grating: autoDraw = True
1002.2122 	EXP 	center_grating: autoDraw = True
1002.2863 	EXP 	noise_3: autoDraw = False
1002.2863 	EXP 	surround_grating: autoDraw = False
1002.2863 	EXP 	center_grating: autoDraw = False
1002.8719 	EXP 	New trial (rep=0, index=573): <Trial 573 (573 in rep 0) data={'center': -2, 'surround': 15.0, 'type': 'c-2', 'surr_type': 'poss', 'orient_opacity': 100, 'noise_opacity': 0, 'isi': 0.5, 'thisN': 573, 'thisTrialN': 573, 'thisRepN': 0}>
1002.8775 	DATA 	Keypress: z
1002.8836 	INFO 	Keyboard events cleared
1002.8830 	EXP 	noise_3: autoDraw = False
1002.8830 	EXP 	surround_grating: autoDraw = False
1002.8830 	EXP 	center_grating: autoDraw = False
1002.8830 	EXP 	text_2: autoDraw = False
1002.8830 	EXP 	surround_grating: ori = 15.0
1002.8830 	EXP 	surround_grating: sf = array([2.5, 2.5])
1002.8830 	EXP 	surround_grating: phase = array([0.0346961, 0.0346961])
1002.8830 	EXP 	center_grating: ori = -2.0
1002.8830 	EXP 	center_grating: sf = array([2.5, 2.5])
1002.8830 	EXP 	center_grating: phase = array([0.01299024, 0.01299024])
1003.3691 	EXP 	noise_3: autoDraw = True
1003.3691 	EXP 	surround_grating: autoDraw = True
1003.3691 	EXP 	center_grating: autoDraw = True
1003.4409 	EXP 	noise_3: autoDraw = False
1003.4409 	EXP 	surround_grating: autoDraw = False
1003.4409 	EXP 	center_grating: autoDraw = False
1003.8556 	EXP 	New trial (rep=0, index=574): <Trial 574 (574 in rep 0) data={'center': 4, 'surround': 0.0, 'type': 'c+4', 'surr_type': 'noss', 'orient_opacity': 0, 'noise_opacity': 100, 'isi': 1.25, 'thisN': 574, 'thisTrialN': 574, 'thisRepN': 0}>
1003.8607 	DATA 	Keypress: z
1003.8666 	INFO 	Keyboard events cleared
1003.8661 	EXP 	noise_3: autoDraw = False
1003.8661 	EXP 	surround_grating: autoDraw = False
1003.8661 	EXP 	center_grating: autoDraw = False
1003.8661 	EXP 	text_2: autoDraw = False
1003.8661 	EXP 	surround_grating: ori = 0.0
1003.8661 	EXP 	surround_grating: sf = array([2.5, 2.5])
1003.8661 	EXP 	surround_grating: phase = array([0.37084038, 0.37084038])
1003.8661 	EXP 	center_grating: ori = 4.0
1003.8661 	EXP 	center_grating: sf = array([2.5, 2.5])
1003.8661 	EXP 	center_grating: phase = array([0.23522372, 0.23522372])
1005.1024 	EXP 	noise_3: autoDraw = True
1005.1024 	EXP 	surround_grating: autoDraw = True
1005.1024 	EXP 	center_grating: autoDraw = True
1005.1747 	EXP 	noise_3: autoDraw = False
1005.1747 	EXP 	surround_grating: autoDraw = False
1005.1747 	EXP 	center_grating: autoDraw = False
1005.6278 	EXP 	New trial (rep=0, index=575): <Trial 575 (575 in rep 0) data={'center': 8, 'surround': 15.0, 'type': 'c+8', 'surr_type': 'poss', 'orient_opacity': 100, 'noise_opacity': 0, 'isi': 1.25, 'thisN': 575, 'thisTrialN': 575, 'thisRepN': 0}>
1005.6329 	DATA 	Keypress: period
1005.6392 	INFO 	Keyboard events cleared
1005.6386 	EXP 	noise_3: autoDraw = False
1005.6386 	EXP 	surround_grating: autoDraw = False
1005.6386 	EXP 	center_grating: autoDraw = False
1005.6386 	EXP 	text_2: autoDraw = False
1005.6386 	EXP 	surround_grating: ori = 15.0
1005.6386 	EXP 	surround_grating: sf = array([2.5, 2.5])
1005.6386 	EXP 	surround_grating: phase = array([0.37468194, 0.37468194])
1005.6386 	EXP 	center_grating: ori = 8.0
1005.6386 	EXP 	center_grating: sf = array([2.5, 2.5])
1005.6386 	EXP 	center_grating: phase = array([0.4391103, 0.4391103])
1006.8783 	EXP 	noise_3: autoDraw = True
1006.8783 	EXP 	surround_grating: autoDraw = True
1006.8783 	EXP 	center_grating: autoDraw = True
1006.9529 	EXP 	noise_3: autoDraw = False
1006.9529 	EXP 	surround_grating: autoDraw = False
1006.9529 	EXP 	center_grating: autoDraw = False
1007.3615 	EXP 	New trial (rep=0, index=576): <Trial 576 (576 in rep 0) data={'center': 2, 'surround': 0.0, 'type': 'c+2', 'surr_type': 'noss', 'orient_opacity': 0, 'noise_opacity': 100, 'isi': 0.5, 'thisN': 576, 'thisTrialN': 576, 'thisRepN': 0}>
1007.3666 	DATA 	Keypress: period
1007.3727 	INFO 	Keyboard events cleared
1007.3723 	EXP 	noise_3: autoDraw = False
1007.3723 	EXP 	surround_grating: autoDraw = False
1007.3723 	EXP 	center_grating: autoDraw = False
1007.3723 	EXP 	text_2: autoDraw = False
1007.3723 	EXP 	surround_grating: ori = 0.0
1007.3723 	EXP 	surround_grating: sf = array([2.5, 2.5])
1007.3723 	EXP 	surround_grating: phase = array([0.31169578, 0.31169578])
1007.3723 	EXP 	center_grating: ori = 2.0
1007.3723 	EXP 	center_grating: sf = array([2.5, 2.5])
1007.3723 	EXP 	center_grating: phase = array([0.51364863, 0.51364863])
1007.8622 	EXP 	noise_3: autoDraw = True
1007.8622 	EXP 	surround_grating: autoDraw = True
1007.8622 	EXP 	center_grating: autoDraw = True
1007.9366 	EXP 	noise_3: autoDraw = False
1007.9366 	EXP 	surround_grating: autoDraw = False
1007.9366 	EXP 	center_grating: autoDraw = False
1008.3577 	EXP 	New trial (rep=0, index=577): <Trial 577 (577 in rep 0) data={'center': 2, 'surround': -15.0, 'type': 'c+2', 'surr_type': 'negs', 'orient_opacity': 100, 'noise_opacity': 0, 'isi': 0.75, 'thisN': 577, 'thisTrialN': 577, 'thisRepN': 0}>
1008.3624 	DATA 	Keypress: period
1008.3685 	INFO 	Keyboard events cleared
1008.3679 	EXP 	noise_3: autoDraw = False
1008.3679 	EXP 	surround_grating: autoDraw = False
1008.3679 	EXP 	center_grating: autoDraw = False
1008.3679 	EXP 	text_2: autoDraw = False
1008.3679 	EXP 	surround_grating: ori = -15.0
1008.3679 	EXP 	surround_grating: sf = array([2.5, 2.5])
1008.3679 	EXP 	surround_grating: phase = array([0.91250942, 0.91250942])
1008.3679 	EXP 	center_grating: ori = 2.0
1008.3679 	EXP 	center_grating: sf = array([2.5, 2.5])
1008.3679 	EXP 	center_grating: phase = array([0.96814628, 0.96814628])
1009.1028 	EXP 	noise_3: autoDraw = True
1009.1028 	EXP 	surround_grating: autoDraw = True
1009.1028 	EXP 	center_grating: autoDraw = True
1009.1744 	EXP 	noise_3: autoDraw = False
1009.1744 	EXP 	surround_grating: autoDraw = False
1009.1744 	EXP 	center_grating: autoDraw = False
1009.4943 	EXP 	New trial (rep=0, index=578): <Trial 578 (578 in rep 0) data={'center': -6, 'surround': -15.0, 'type': 'c-6', 'surr_type': 'negs', 'orient_opacity': 100, 'noise_opacity': 0, 'isi': 0.75, 'thisN': 578, 'thisTrialN': 578, 'thisRepN': 0}>
1009.4995 	DATA 	Keypress: period
1009.5056 	INFO 	Keyboard events cleared
1009.5051 	EXP 	noise_3: autoDraw = False
1009.5051 	EXP 	surround_grating: autoDraw = False
1009.5051 	EXP 	center_grating: autoDraw = False
1009.5051 	EXP 	text_2: autoDraw = False
1009.5051 	EXP 	surround_grating: ori = -15.0
1009.5051 	EXP 	surround_grating: sf = array([2.5, 2.5])
1009.5051 	EXP 	surround_grating: phase = array([0.71660032, 0.71660032])
1009.5051 	EXP 	center_grating: ori = -6.0
1009.5051 	EXP 	center_grating: sf = array([2.5, 2.5])
1009.5051 	EXP 	center_grating: phase = array([0.36855902, 0.36855902])
1010.2455 	EXP 	noise_3: autoDraw = True
1010.2455 	EXP 	surround_grating: autoDraw = True
1010.2455 	EXP 	center_grating: autoDraw = True
1010.3199 	EXP 	noise_3: autoDraw = False
1010.3199 	EXP 	surround_grating: autoDraw = False
1010.3199 	EXP 	center_grating: autoDraw = False
1010.5726 	EXP 	New trial (rep=0, index=579): <Trial 579 (579 in rep 0) data={'center': -4, 'surround': 0.0, 'type': 'c-4', 'surr_type': 'noss', 'orient_opacity': 0, 'noise_opacity': 100, 'isi': 0.75, 'thisN': 579, 'thisTrialN': 579, 'thisRepN': 0}>
1010.5782 	DATA 	Keypress: period
1010.5841 	INFO 	Keyboard events cleared
1010.5836 	EXP 	noise_3: autoDraw = False
1010.5836 	EXP 	surround_grating: autoDraw = False
1010.5836 	EXP 	center_grating: autoDraw = False
1010.5836 	EXP 	text_2: autoDraw = False
1010.5836 	EXP 	surround_grating: ori = 0.0
1010.5836 	EXP 	surround_grating: sf = array([2.5, 2.5])
1010.5836 	EXP 	surround_grating: phase = array([0.8808183, 0.8808183])
1010.5836 	EXP 	center_grating: ori = -4.0
1010.5836 	EXP 	center_grating: sf = array([2.5, 2.5])
1010.5836 	EXP 	center_grating: phase = array([0.85110593, 0.85110593])
1011.3193 	EXP 	noise_3: autoDraw = True
1011.3193 	EXP 	surround_grating: autoDraw = True
1011.3193 	EXP 	center_grating: autoDraw = True
1011.3916 	EXP 	noise_3: autoDraw = False
1011.3916 	EXP 	surround_grating: autoDraw = False
1011.3916 	EXP 	center_grating: autoDraw = False
1011.6572 	EXP 	New trial (rep=0, index=580): <Trial 580 (580 in rep 0) data={'center': -2, 'surround': 15.0, 'type': 'c-2', 'surr_type': 'poss', 'orient_opacity': 100, 'noise_opacity': 0, 'isi': 1.25, 'thisN': 580, 'thisTrialN': 580, 'thisRepN': 0}>
1011.6624 	DATA 	Keypress: z
1011.6684 	INFO 	Keyboard events cleared
1011.6679 	EXP 	noise_3: autoDraw = False
1011.6679 	EXP 	surround_grating: autoDraw = False
1011.6679 	EXP 	center_grating: autoDraw = False
1011.6679 	EXP 	text_2: autoDraw = False
1011.6679 	EXP 	surround_grating: ori = 15.0
1011.6679 	EXP 	surround_grating: sf = array([2.5, 2.5])
1011.6679 	EXP 	surround_grating: phase = array([0.47680775, 0.47680775])
1011.6679 	EXP 	center_grating: ori = -2.0
1011.6679 	EXP 	center_grating: sf = array([2.5, 2.5])
1011.6679 	EXP 	center_grating: phase = array([0.49127551, 0.49127551])
1012.9018 	EXP 	noise_3: autoDraw = True
1012.9018 	EXP 	surround_grating: autoDraw = True
1012.9018 	EXP 	center_grating: autoDraw = True
1012.9746 	EXP 	noise_3: autoDraw = False
1012.9746 	EXP 	surround_grating: autoDraw = False
1012.9746 	EXP 	center_grating: autoDraw = False
1013.3958 	EXP 	New trial (rep=0, index=581): <Trial 581 (581 in rep 0) data={'center': 0, 'surround': -15.0, 'type': 'c+0', 'surr_type': 'negs', 'orient_opacity': 100, 'noise_opacity': 0, 'isi': 1.0, 'thisN': 581, 'thisTrialN': 581, 'thisRepN': 0}>
1013.4013 	DATA 	Keypress: period
1013.4071 	INFO 	Keyboard events cleared
1013.4065 	EXP 	noise_3: autoDraw = False
1013.4065 	EXP 	surround_grating: autoDraw = False
1013.4065 	EXP 	center_grating: autoDraw = False
1013.4065 	EXP 	text_2: autoDraw = False
1013.4065 	EXP 	surround_grating: ori = -15.0
1013.4065 	EXP 	surround_grating: sf = array([2.5, 2.5])
1013.4065 	EXP 	surround_grating: phase = array([0.29676585, 0.29676585])
1013.4065 	EXP 	center_grating: ori = 0.0
1013.4065 	EXP 	center_grating: sf = array([2.5, 2.5])
1013.4065 	EXP 	center_grating: phase = array([0.97003609, 0.97003609])
1014.3956 	EXP 	noise_3: autoDraw = True
1014.3956 	EXP 	surround_grating: autoDraw = True
1014.3956 	EXP 	center_grating: autoDraw = True
1014.4697 	EXP 	noise_3: autoDraw = False
1014.4697 	EXP 	surround_grating: autoDraw = False
1014.4697 	EXP 	center_grating: autoDraw = False
1015.0292 	EXP 	New trial (rep=0, index=582): <Trial 582 (582 in rep 0) data={'center': -2, 'surround': 0.0, 'type': 'c-2', 'surr_type': 'noss', 'orient_opacity': 0, 'noise_opacity': 100, 'isi': 1.0, 'thisN': 582, 'thisTrialN': 582, 'thisRepN': 0}>
1015.0354 	DATA 	Keypress: period
1015.0407 	INFO 	Keyboard events cleared
1015.0402 	EXP 	noise_3: autoDraw = False
1015.0402 	EXP 	surround_grating: autoDraw = False
1015.0402 	EXP 	center_grating: autoDraw = False
1015.0402 	EXP 	text_2: autoDraw = False
1015.0402 	EXP 	surround_grating: ori = 0.0
1015.0402 	EXP 	surround_grating: sf = array([2.5, 2.5])
1015.0402 	EXP 	surround_grating: phase = array([0.8330232, 0.8330232])
1015.0402 	EXP 	center_grating: ori = -2.0
1015.0402 	EXP 	center_grating: sf = array([2.5, 2.5])
1015.0402 	EXP 	center_grating: phase = array([0.57725682, 0.57725682])
1016.0291 	EXP 	noise_3: autoDraw = True
1016.0291 	EXP 	surround_grating: autoDraw = True
1016.0291 	EXP 	center_grating: autoDraw = True
1016.1034 	EXP 	noise_3: autoDraw = False
1016.1034 	EXP 	surround_grating: autoDraw = False
1016.1034 	EXP 	center_grating: autoDraw = False
1016.7560 	EXP 	New trial (rep=0, index=583): <Trial 583 (583 in rep 0) data={'center': 0, 'surround': 15.0, 'type': 'c+0', 'surr_type': 'poss', 'orient_opacity': 100, 'noise_opacity': 0, 'isi': 0.75, 'thisN': 583, 'thisTrialN': 583, 'thisRepN': 0}>
1016.7615 	DATA 	Keypress: z
1016.7674 	INFO 	Keyboard events cleared
1016.7670 	EXP 	noise_3: autoDraw = False
1016.7670 	EXP 	surround_grating: autoDraw = False
1016.7670 	EXP 	center_grating: autoDraw = False
1016.7670 	EXP 	text_2: autoDraw = False
1016.7670 	EXP 	surround_grating: ori = 15.0
1016.7670 	EXP 	surround_grating: sf = array([2.5, 2.5])
1016.7670 	EXP 	surround_grating: phase = array([0.00167628, 0.00167628])
1016.7670 	EXP 	center_grating: ori = 0.0
1016.7670 	EXP 	center_grating: sf = array([2.5, 2.5])
1016.7670 	EXP 	center_grating: phase = array([0.42721078, 0.42721078])
1017.5028 	EXP 	noise_3: autoDraw = True
1017.5028 	EXP 	surround_grating: autoDraw = True
1017.5028 	EXP 	center_grating: autoDraw = True
1017.5747 	EXP 	noise_3: autoDraw = False
1017.5747 	EXP 	surround_grating: autoDraw = False
1017.5747 	EXP 	center_grating: autoDraw = False
1017.8288 	EXP 	New trial (rep=0, index=584): <Trial 584 (584 in rep 0) data={'center': -4, 'surround': -15.0, 'type': 'c-4', 'surr_type': 'negs', 'orient_opacity': 100, 'noise_opacity': 0, 'isi': 0.75, 'thisN': 584, 'thisTrialN': 584, 'thisRepN': 0}>
1017.8342 	DATA 	Keypress: period
1017.8396 	INFO 	Keyboard events cleared
1017.8391 	EXP 	noise_3: autoDraw = False
1017.8391 	EXP 	surround_grating: autoDraw = False
1017.8391 	EXP 	center_grating: autoDraw = False
1017.8391 	EXP 	text_2: autoDraw = False
1017.8391 	EXP 	surround_grating: ori = -15.0
1017.8391 	EXP 	surround_grating: sf = array([2.5, 2.5])
1017.8391 	EXP 	surround_grating: phase = array([0.67683391, 0.67683391])
1017.8391 	EXP 	center_grating: ori = -4.0
1017.8391 	EXP 	center_grating: sf = array([2.5, 2.5])
1017.8391 	EXP 	center_grating: phase = array([0.16611662, 0.16611662])
1018.5788 	EXP 	noise_3: autoDraw = True
1018.5788 	EXP 	surround_grating: autoDraw = True
1018.5788 	EXP 	center_grating: autoDraw = True
1018.6536 	EXP 	noise_3: autoDraw = False
1018.6536 	EXP 	surround_grating: autoDraw = False
1018.6536 	EXP 	center_grating: autoDraw = False
1019.0786 	EXP 	New trial (rep=0, index=585): <Trial 585 (585 in rep 0) data={'center': 2, 'surround': 0.0, 'type': 'c+2', 'surr_type': 'noss', 'orient_opacity': 0, 'noise_opacity': 100, 'isi': 0.75, 'thisN': 585, 'thisTrialN': 585, 'thisRepN': 0}>
1019.0838 	DATA 	Keypress: period
1019.0899 	INFO 	Keyboard events cleared
1019.0893 	EXP 	noise_3: autoDraw = False
1019.0893 	EXP 	surround_grating: autoDraw = False
1019.0893 	EXP 	center_grating: autoDraw = False
1019.0893 	EXP 	text_2: autoDraw = False
1019.0893 	EXP 	surround_grating: ori = 0.0
1019.0893 	EXP 	surround_grating: sf = array([2.5, 2.5])
1019.0893 	EXP 	surround_grating: phase = array([0.23573529, 0.23573529])
1019.0893 	EXP 	center_grating: ori = 2.0
1019.0893 	EXP 	center_grating: sf = array([2.5, 2.5])
1019.0893 	EXP 	center_grating: phase = array([0.17403565, 0.17403565])
1019.8293 	EXP 	noise_3: autoDraw = True
1019.8293 	EXP 	surround_grating: autoDraw = True
1019.8293 	EXP 	center_grating: autoDraw = True
1019.9036 	EXP 	noise_3: autoDraw = False
1019.9036 	EXP 	surround_grating: autoDraw = False
1019.9036 	EXP 	center_grating: autoDraw = False
1020.2613 	EXP 	New trial (rep=0, index=586): <Trial 586 (586 in rep 0) data={'center': -2, 'surround': -15.0, 'type': 'c-2', 'surr_type': 'negs', 'orient_opacity': 100, 'noise_opacity': 0, 'isi': 1.0, 'thisN': 586, 'thisTrialN': 586, 'thisRepN': 0}>
1020.2664 	DATA 	Keypress: period
1020.2726 	INFO 	Keyboard events cleared
1020.2721 	EXP 	noise_3: autoDraw = False
1020.2721 	EXP 	surround_grating: autoDraw = False
1020.2721 	EXP 	center_grating: autoDraw = False
1020.2721 	EXP 	text_2: autoDraw = False
1020.2721 	EXP 	surround_grating: ori = -15.0
1020.2721 	EXP 	surround_grating: sf = array([2.5, 2.5])
1020.2721 	EXP 	surround_grating: phase = array([0.50928115, 0.50928115])
1020.2721 	EXP 	center_grating: ori = -2.0
1020.2721 	EXP 	center_grating: sf = array([2.5, 2.5])
1020.2721 	EXP 	center_grating: phase = array([0.62958175, 0.62958175])
1021.2622 	EXP 	noise_3: autoDraw = True
1021.2622 	EXP 	surround_grating: autoDraw = True
1021.2622 	EXP 	center_grating: autoDraw = True
1021.3368 	EXP 	noise_3: autoDraw = False
1021.3368 	EXP 	surround_grating: autoDraw = False
1021.3368 	EXP 	center_grating: autoDraw = False
1021.7400 	EXP 	New trial (rep=0, index=587): <Trial 587 (587 in rep 0) data={'center': 8, 'surround': 15.0, 'type': 'c+8', 'surr_type': 'poss', 'orient_opacity': 100, 'noise_opacity': 0, 'isi': 1.0, 'thisN': 587, 'thisTrialN': 587, 'thisRepN': 0}>
1021.7452 	DATA 	Keypress: period
1021.7511 	INFO 	Keyboard events cleared
1021.7506 	EXP 	noise_3: autoDraw = False
1021.7506 	EXP 	surround_grating: autoDraw = False
1021.7506 	EXP 	center_grating: autoDraw = False
1021.7506 	EXP 	text_2: autoDraw = False
1021.7506 	EXP 	surround_grating: ori = 15.0
1021.7506 	EXP 	surround_grating: sf = array([2.5, 2.5])
1021.7506 	EXP 	surround_grating: phase = array([0.03355595, 0.03355595])
1021.7506 	EXP 	center_grating: ori = 8.0
1021.7506 	EXP 	center_grating: sf = array([2.5, 2.5])
1021.7506 	EXP 	center_grating: phase = array([0.70001364, 0.70001364])
1022.7366 	EXP 	noise_3: autoDraw = True
1022.7366 	EXP 	surround_grating: autoDraw = True
1022.7366 	EXP 	center_grating: autoDraw = True
1022.8090 	EXP 	noise_3: autoDraw = False
1022.8090 	EXP 	surround_grating: autoDraw = False
1022.8090 	EXP 	center_grating: autoDraw = False
1023.3448 	EXP 	New trial (rep=0, index=588): <Trial 588 (588 in rep 0) data={'center': -6, 'surround': -15.0, 'type': 'c-6', 'surr_type': 'negs', 'orient_opacity': 100, 'noise_opacity': 0, 'isi': 0.5, 'thisN': 588, 'thisTrialN': 588, 'thisRepN': 0}>
1023.3502 	DATA 	Keypress: period
1023.3564 	INFO 	Keyboard events cleared
1023.3559 	EXP 	noise_3: autoDraw = False
1023.3559 	EXP 	surround_grating: autoDraw = False
1023.3559 	EXP 	center_grating: autoDraw = False
1023.3559 	EXP 	text_2: autoDraw = False
1023.3559 	EXP 	surround_grating: ori = -15.0
1023.3559 	EXP 	surround_grating: sf = array([2.5, 2.5])
1023.3559 	EXP 	surround_grating: phase = array([0.84084479, 0.84084479])
1023.3559 	EXP 	center_grating: ori = -6.0
1023.3559 	EXP 	center_grating: sf = array([2.5, 2.5])
1023.3559 	EXP 	center_grating: phase = array([0.02769578, 0.02769578])
1023.8465 	EXP 	noise_3: autoDraw = True
1023.8465 	EXP 	surround_grating: autoDraw = True
1023.8465 	EXP 	center_grating: autoDraw = True
1023.9205 	EXP 	noise_3: autoDraw = False
1023.9205 	EXP 	surround_grating: autoDraw = False
1023.9205 	EXP 	center_grating: autoDraw = False
1024.1614 	EXP 	New trial (rep=0, index=589): <Trial 589 (589 in rep 0) data={'center': 0, 'surround': 0.0, 'type': 'c+0', 'surr_type': 'noss', 'orient_opacity': 0, 'noise_opacity': 100, 'isi': 0.5, 'thisN': 589, 'thisTrialN': 589, 'thisRepN': 0}>
1024.1667 	DATA 	Keypress: z
1024.1729 	INFO 	Keyboard events cleared
1024.1724 	EXP 	noise_3: autoDraw = False
1024.1724 	EXP 	surround_grating: autoDraw = False
1024.1724 	EXP 	center_grating: autoDraw = False
1024.1724 	EXP 	text_2: autoDraw = False
1024.1724 	EXP 	surround_grating: ori = 0.0
1024.1724 	EXP 	surround_grating: sf = array([2.5, 2.5])
1024.1724 	EXP 	surround_grating: phase = array([0.45126411, 0.45126411])
1024.1724 	EXP 	center_grating: ori = 0.0
1024.1724 	EXP 	center_grating: sf = array([2.5, 2.5])
1024.1724 	EXP 	center_grating: phase = array([0.61805241, 0.61805241])
1024.6628 	EXP 	noise_3: autoDraw = True
1024.6628 	EXP 	surround_grating: autoDraw = True
1024.6628 	EXP 	center_grating: autoDraw = True
1024.7370 	EXP 	noise_3: autoDraw = False
1024.7370 	EXP 	surround_grating: autoDraw = False
1024.7370 	EXP 	center_grating: autoDraw = False
1025.0792 	EXP 	New trial (rep=0, index=590): <Trial 590 (590 in rep 0) data={'center': 2, 'surround': 15.0, 'type': 'c+2', 'surr_type': 'poss', 'orient_opacity': 100, 'noise_opacity': 0, 'isi': 1.25, 'thisN': 590, 'thisTrialN': 590, 'thisRepN': 0}>
1025.0840 	DATA 	Keypress: period
1025.0900 	INFO 	Keyboard events cleared
1025.0895 	EXP 	noise_3: autoDraw = False
1025.0895 	EXP 	surround_grating: autoDraw = False
1025.0895 	EXP 	center_grating: autoDraw = False
1025.0895 	EXP 	text_2: autoDraw = False
1025.0895 	EXP 	surround_grating: ori = 15.0
1025.0895 	EXP 	surround_grating: sf = array([2.5, 2.5])
1025.0895 	EXP 	surround_grating: phase = array([0.43557944, 0.43557944])
1025.0895 	EXP 	center_grating: ori = 2.0
1025.0895 	EXP 	center_grating: sf = array([2.5, 2.5])
1025.0895 	EXP 	center_grating: phase = array([0.68806613, 0.68806613])
1026.3294 	EXP 	noise_3: autoDraw = True
1026.3294 	EXP 	surround_grating: autoDraw = True
1026.3294 	EXP 	center_grating: autoDraw = True
1026.4037 	EXP 	noise_3: autoDraw = False
1026.4037 	EXP 	surround_grating: autoDraw = False
1026.4037 	EXP 	center_grating: autoDraw = False
1026.8904 	EXP 	New trial (rep=0, index=591): <Trial 591 (591 in rep 0) data={'center': -2, 'surround': 15.0, 'type': 'c-2', 'surr_type': 'poss', 'orient_opacity': 100, 'noise_opacity': 0, 'isi': 1.0, 'thisN': 591, 'thisTrialN': 591, 'thisRepN': 0}>
1026.8961 	DATA 	Keypress: period
1026.9015 	INFO 	Keyboard events cleared
1026.9011 	EXP 	noise_3: autoDraw = False
1026.9011 	EXP 	surround_grating: autoDraw = False
1026.9011 	EXP 	center_grating: autoDraw = False
1026.9011 	EXP 	text_2: autoDraw = False
1026.9011 	EXP 	surround_grating: ori = 15.0
1026.9011 	EXP 	surround_grating: sf = array([2.5, 2.5])
1026.9011 	EXP 	surround_grating: phase = array([0.58649675, 0.58649675])
1026.9011 	EXP 	center_grating: ori = -2.0
1026.9011 	EXP 	center_grating: sf = array([2.5, 2.5])
1026.9011 	EXP 	center_grating: phase = array([0.66305958, 0.66305958])
1027.8867 	EXP 	noise_3: autoDraw = True
1027.8867 	EXP 	surround_grating: autoDraw = True
1027.8867 	EXP 	center_grating: autoDraw = True
1027.9587 	EXP 	noise_3: autoDraw = False
1027.9587 	EXP 	surround_grating: autoDraw = False
1027.9587 	EXP 	center_grating: autoDraw = False
1028.4241 	EXP 	New trial (rep=0, index=592): <Trial 592 (592 in rep 0) data={'center': 0, 'surround': -15.0, 'type': 'c+0', 'surr_type': 'negs', 'orient_opacity': 100, 'noise_opacity': 0, 'isi': 1.0, 'thisN': 592, 'thisTrialN': 592, 'thisRepN': 0}>
1028.4299 	DATA 	Keypress: z
1028.4362 	INFO 	Keyboard events cleared
1028.4357 	EXP 	noise_3: autoDraw = False
1028.4357 	EXP 	surround_grating: autoDraw = False
1028.4357 	EXP 	center_grating: autoDraw = False
1028.4357 	EXP 	text_2: autoDraw = False
1028.4357 	EXP 	surround_grating: ori = -15.0
1028.4357 	EXP 	surround_grating: sf = array([2.5, 2.5])
1028.4357 	EXP 	surround_grating: phase = array([0.71018563, 0.71018563])
1028.4357 	EXP 	center_grating: ori = 0.0
1028.4357 	EXP 	center_grating: sf = array([2.5, 2.5])
1028.4357 	EXP 	center_grating: phase = array([0.75769811, 0.75769811])
1029.4201 	EXP 	noise_3: autoDraw = True
1029.4201 	EXP 	surround_grating: autoDraw = True
1029.4201 	EXP 	center_grating: autoDraw = True
1029.4919 	EXP 	noise_3: autoDraw = False
1029.4919 	EXP 	surround_grating: autoDraw = False
1029.4919 	EXP 	center_grating: autoDraw = False
1029.9072 	EXP 	New trial (rep=0, index=593): <Trial 593 (593 in rep 0) data={'center': -2, 'surround': 15.0, 'type': 'c-2', 'surr_type': 'poss', 'orient_opacity': 100, 'noise_opacity': 0, 'isi': 0.75, 'thisN': 593, 'thisTrialN': 593, 'thisRepN': 0}>
1029.9123 	DATA 	Keypress: period
1029.9183 	INFO 	Keyboard events cleared
1029.9178 	EXP 	noise_3: autoDraw = False
1029.9178 	EXP 	surround_grating: autoDraw = False
1029.9178 	EXP 	center_grating: autoDraw = False
1029.9178 	EXP 	text_2: autoDraw = False
1029.9178 	EXP 	surround_grating: ori = 15.0
1029.9178 	EXP 	surround_grating: sf = array([2.5, 2.5])
1029.9178 	EXP 	surround_grating: phase = array([0.21729451, 0.21729451])
1029.9178 	EXP 	center_grating: ori = -2.0
1029.9178 	EXP 	center_grating: sf = array([2.5, 2.5])
1029.9178 	EXP 	center_grating: phase = array([0.08388965, 0.08388965])
1030.6535 	EXP 	noise_3: autoDraw = True
1030.6535 	EXP 	surround_grating: autoDraw = True
1030.6535 	EXP 	center_grating: autoDraw = True
1030.7260 	EXP 	noise_3: autoDraw = False
1030.7260 	EXP 	surround_grating: autoDraw = False
1030.7260 	EXP 	center_grating: autoDraw = False
1031.1899 	EXP 	New trial (rep=0, index=594): <Trial 594 (594 in rep 0) data={'center': -2, 'surround': 0.0, 'type': 'c-2', 'surr_type': 'noss', 'orient_opacity': 0, 'noise_opacity': 100, 'isi': 1.0, 'thisN': 594, 'thisTrialN': 594, 'thisRepN': 0}>
1031.1949 	DATA 	Keypress: z
1031.2006 	INFO 	Keyboard events cleared
1031.1999 	EXP 	noise_3: autoDraw = False
1031.1999 	EXP 	surround_grating: autoDraw = False
1031.1999 	EXP 	center_grating: autoDraw = False
1031.1999 	EXP 	text_2: autoDraw = False
1031.1999 	EXP 	surround_grating: ori = 0.0
1031.1999 	EXP 	surround_grating: sf = array([2.5, 2.5])
1031.1999 	EXP 	surround_grating: phase = array([0.41902988, 0.41902988])
1031.1999 	EXP 	center_grating: ori = -2.0
1031.1999 	EXP 	center_grating: sf = array([2.5, 2.5])
1031.1999 	EXP 	center_grating: phase = array([0.04336102, 0.04336102])
1032.1867 	EXP 	noise_3: autoDraw = True
1032.1867 	EXP 	surround_grating: autoDraw = True
1032.1867 	EXP 	center_grating: autoDraw = True
1032.2593 	EXP 	noise_3: autoDraw = False
1032.2593 	EXP 	surround_grating: autoDraw = False
1032.2593 	EXP 	center_grating: autoDraw = False
1032.8064 	EXP 	New trial (rep=0, index=595): <Trial 595 (595 in rep 0) data={'center': 6, 'surround': 15.0, 'type': 'c+6', 'surr_type': 'poss', 'orient_opacity': 100, 'noise_opacity': 0, 'isi': 0.5, 'thisN': 595, 'thisTrialN': 595, 'thisRepN': 0}>
1032.8113 	DATA 	Keypress: period
1032.8172 	INFO 	Keyboard events cleared
1032.8167 	EXP 	noise_3: autoDraw = False
1032.8167 	EXP 	surround_grating: autoDraw = False
1032.8167 	EXP 	center_grating: autoDraw = False
1032.8167 	EXP 	text_2: autoDraw = False
1032.8167 	EXP 	surround_grating: ori = 15.0
1032.8167 	EXP 	surround_grating: sf = array([2.5, 2.5])
1032.8167 	EXP 	surround_grating: phase = array([0.70289637, 0.70289637])
1032.8167 	EXP 	center_grating: ori = 6.0
1032.8167 	EXP 	center_grating: sf = array([2.5, 2.5])
1032.8167 	EXP 	center_grating: phase = array([0.90376487, 0.90376487])
1033.3034 	EXP 	noise_3: autoDraw = True
1033.3034 	EXP 	surround_grating: autoDraw = True
1033.3034 	EXP 	center_grating: autoDraw = True
1033.3757 	EXP 	noise_3: autoDraw = False
1033.3757 	EXP 	surround_grating: autoDraw = False
1033.3757 	EXP 	center_grating: autoDraw = False
1033.6603 	DATA 	Keypress: z
1033.6674 	EXP 	New trial (rep=0, index=596): <Trial 596 (596 in rep 0) data={'center': 8, 'surround': 15.0, 'type': 'c+8', 'surr_type': 'poss', 'orient_opacity': 100, 'noise_opacity': 0, 'isi': 1.25, 'thisN': 596, 'thisTrialN': 596, 'thisRepN': 0}>
1033.6740 	INFO 	Keyboard events cleared
1033.6735 	EXP 	noise_3: autoDraw = False
1033.6735 	EXP 	surround_grating: autoDraw = False
1033.6735 	EXP 	center_grating: autoDraw = False
1033.6735 	EXP 	text_2: autoDraw = False
1033.6735 	EXP 	surround_grating: ori = 15.0
1033.6735 	EXP 	surround_grating: sf = array([2.5, 2.5])
1033.6735 	EXP 	surround_grating: phase = array([0.75935368, 0.75935368])
1033.6735 	EXP 	center_grating: ori = 8.0
1033.6735 	EXP 	center_grating: sf = array([2.5, 2.5])
1033.6735 	EXP 	center_grating: phase = array([0.21388208, 0.21388208])
1034.9116 	EXP 	noise_3: autoDraw = True
1034.9116 	EXP 	surround_grating: autoDraw = True
1034.9116 	EXP 	center_grating: autoDraw = True
1034.9875 	EXP 	noise_3: autoDraw = False
1034.9875 	EXP 	surround_grating: autoDraw = False
1034.9875 	EXP 	center_grating: autoDraw = False
1035.4236 	EXP 	New trial (rep=0, index=597): <Trial 597 (597 in rep 0) data={'center': -8, 'surround': -15.0, 'type': 'c-8', 'surr_type': 'negs', 'orient_opacity': 100, 'noise_opacity': 0, 'isi': 1.25, 'thisN': 597, 'thisTrialN': 597, 'thisRepN': 0}>
1035.4297 	DATA 	Keypress: period
1035.4356 	INFO 	Keyboard events cleared
1035.4352 	EXP 	noise_3: autoDraw = False
1035.4352 	EXP 	surround_grating: autoDraw = False
1035.4352 	EXP 	center_grating: autoDraw = False
1035.4352 	EXP 	text_2: autoDraw = False
1035.4352 	EXP 	surround_grating: ori = -15.0
1035.4352 	EXP 	surround_grating: sf = array([2.5, 2.5])
1035.4352 	EXP 	surround_grating: phase = array([0.63226779, 0.63226779])
1035.4352 	EXP 	center_grating: ori = -8.0
1035.4352 	EXP 	center_grating: sf = array([2.5, 2.5])
1035.4352 	EXP 	center_grating: phase = array([0.86546998, 0.86546998])
1036.6702 	EXP 	noise_3: autoDraw = True
1036.6702 	EXP 	surround_grating: autoDraw = True
1036.6702 	EXP 	center_grating: autoDraw = True
1036.7426 	EXP 	noise_3: autoDraw = False
1036.7426 	EXP 	surround_grating: autoDraw = False
1036.7426 	EXP 	center_grating: autoDraw = False
1037.2619 	EXP 	New trial (rep=0, index=598): <Trial 598 (598 in rep 0) data={'center': 2, 'surround': -15.0, 'type': 'c+2', 'surr_type': 'negs', 'orient_opacity': 100, 'noise_opacity': 0, 'isi': 1.0, 'thisN': 598, 'thisTrialN': 598, 'thisRepN': 0}>
1037.2670 	DATA 	Keypress: z
1037.2734 	INFO 	Keyboard events cleared
1037.2728 	EXP 	noise_3: autoDraw = False
1037.2728 	EXP 	surround_grating: autoDraw = False
1037.2728 	EXP 	center_grating: autoDraw = False
1037.2728 	EXP 	text_2: autoDraw = False
1037.2728 	EXP 	surround_grating: ori = -15.0
1037.2728 	EXP 	surround_grating: sf = array([2.5, 2.5])
1037.2728 	EXP 	surround_grating: phase = array([0.11493716, 0.11493716])
1037.2728 	EXP 	center_grating: ori = 2.0
1037.2728 	EXP 	center_grating: sf = array([2.5, 2.5])
1037.2728 	EXP 	center_grating: phase = array([0.99232022, 0.99232022])
1038.2634 	EXP 	noise_3: autoDraw = True
1038.2634 	EXP 	surround_grating: autoDraw = True
1038.2634 	EXP 	center_grating: autoDraw = True
1038.3375 	EXP 	noise_3: autoDraw = False
1038.3375 	EXP 	surround_grating: autoDraw = False
1038.3375 	EXP 	center_grating: autoDraw = False
1038.7937 	DATA 	Keypress: period
1038.8004 	EXP 	New trial (rep=0, index=599): <Trial 599 (599 in rep 0) data={'center': 2, 'surround': -15.0, 'type': 'c+2', 'surr_type': 'negs', 'orient_opacity': 100, 'noise_opacity': 0, 'isi': 1.0, 'thisN': 599, 'thisTrialN': 599, 'thisRepN': 0}>
1038.8069 	INFO 	Keyboard events cleared
1038.8065 	EXP 	noise_3: autoDraw = False
1038.8065 	EXP 	surround_grating: autoDraw = False
1038.8065 	EXP 	center_grating: autoDraw = False
1038.8065 	EXP 	text_2: autoDraw = False
1038.8065 	EXP 	surround_grating: ori = -15.0
1038.8065 	EXP 	surround_grating: sf = array([2.5, 2.5])
1038.8065 	EXP 	surround_grating: phase = array([0.89501686, 0.89501686])
1038.8065 	EXP 	center_grating: ori = 2.0
1038.8065 	EXP 	center_grating: sf = array([2.5, 2.5])
1038.8065 	EXP 	center_grating: phase = array([0.83829381, 0.83829381])
1039.7956 	EXP 	noise_3: autoDraw = True
1039.7956 	EXP 	surround_grating: autoDraw = True
1039.7956 	EXP 	center_grating: autoDraw = True
1039.8709 	EXP 	noise_3: autoDraw = False
1039.8709 	EXP 	surround_grating: autoDraw = False
1039.8709 	EXP 	center_grating: autoDraw = False
1040.3236 	EXP 	New trial (rep=0, index=600): <Trial 600 (600 in rep 0) data={'center': -4, 'surround': -15.0, 'type': 'c-4', 'surr_type': 'negs', 'orient_opacity': 100, 'noise_opacity': 0, 'isi': 0.5, 'thisN': 600, 'thisTrialN': 600, 'thisRepN': 0}>
1040.3292 	DATA 	Keypress: period
1040.3351 	INFO 	Keyboard events cleared
1040.3346 	EXP 	noise_3: autoDraw = False
1040.3346 	EXP 	surround_grating: autoDraw = False
1040.3346 	EXP 	center_grating: autoDraw = False
1040.3346 	EXP 	text_2: autoDraw = False
1040.3346 	EXP 	surround_grating: ori = -15.0
1040.3346 	EXP 	surround_grating: sf = array([2.5, 2.5])
1040.3346 	EXP 	surround_grating: phase = array([0.68316299, 0.68316299])
1040.3346 	EXP 	center_grating: ori = -4.0
1040.3346 	EXP 	center_grating: sf = array([2.5, 2.5])
1040.3346 	EXP 	center_grating: phase = array([0.84901051, 0.84901051])
1040.8197 	EXP 	noise_3: autoDraw = True
1040.8197 	EXP 	surround_grating: autoDraw = True
1040.8197 	EXP 	center_grating: autoDraw = True
1040.8923 	EXP 	noise_3: autoDraw = False
1040.8923 	EXP 	surround_grating: autoDraw = False
1040.8923 	EXP 	center_grating: autoDraw = False
1041.2628 	EXP 	New trial (rep=0, index=601): <Trial 601 (601 in rep 0) data={'center': 6, 'surround': 15.0, 'type': 'c+6', 'surr_type': 'poss', 'orient_opacity': 100, 'noise_opacity': 0, 'isi': 1.0, 'thisN': 601, 'thisTrialN': 601, 'thisRepN': 0}>
1041.2677 	DATA 	Keypress: period
1041.2738 	INFO 	Keyboard events cleared
1041.2733 	EXP 	noise_3: autoDraw = False
1041.2733 	EXP 	surround_grating: autoDraw = False
1041.2733 	EXP 	center_grating: autoDraw = False
1041.2733 	EXP 	text_2: autoDraw = False
1041.2733 	EXP 	surround_grating: ori = 15.0
1041.2733 	EXP 	surround_grating: sf = array([2.5, 2.5])
1041.2733 	EXP 	surround_grating: phase = array([0.03959949, 0.03959949])
1041.2733 	EXP 	center_grating: ori = 6.0
1041.2733 	EXP 	center_grating: sf = array([2.5, 2.5])
1041.2733 	EXP 	center_grating: phase = array([0.4400799, 0.4400799])
1042.2635 	EXP 	noise_3: autoDraw = True
1042.2635 	EXP 	surround_grating: autoDraw = True
1042.2635 	EXP 	center_grating: autoDraw = True
1042.3377 	EXP 	noise_3: autoDraw = False
1042.3377 	EXP 	surround_grating: autoDraw = False
1042.3377 	EXP 	center_grating: autoDraw = False
1042.7403 	EXP 	New trial (rep=0, index=602): <Trial 602 (602 in rep 0) data={'center': -4, 'surround': -15.0, 'type': 'c-4', 'surr_type': 'negs', 'orient_opacity': 100, 'noise_opacity': 0, 'isi': 0.5, 'thisN': 602, 'thisTrialN': 602, 'thisRepN': 0}>
1042.7459 	DATA 	Keypress: period
1042.7520 	INFO 	Keyboard events cleared
1042.7513 	EXP 	noise_3: autoDraw = False
1042.7513 	EXP 	surround_grating: autoDraw = False
1042.7513 	EXP 	center_grating: autoDraw = False
1042.7513 	EXP 	text_2: autoDraw = False
1042.7513 	EXP 	surround_grating: ori = -15.0
1042.7513 	EXP 	surround_grating: sf = array([2.5, 2.5])
1042.7513 	EXP 	surround_grating: phase = array([0.79379732, 0.79379732])
1042.7513 	EXP 	center_grating: ori = -4.0
1042.7513 	EXP 	center_grating: sf = array([2.5, 2.5])
1042.7513 	EXP 	center_grating: phase = array([0.74636624, 0.74636624])
1043.2371 	EXP 	noise_3: autoDraw = True
1043.2371 	EXP 	surround_grating: autoDraw = True
1043.2371 	EXP 	center_grating: autoDraw = True
1043.3099 	EXP 	noise_3: autoDraw = False
1043.3099 	EXP 	surround_grating: autoDraw = False
1043.3099 	EXP 	center_grating: autoDraw = False
1043.6307 	EXP 	New trial (rep=0, index=603): <Trial 603 (603 in rep 0) data={'center': 2, 'surround': -15.0, 'type': 'c+2', 'surr_type': 'negs', 'orient_opacity': 100, 'noise_opacity': 0, 'isi': 1.25, 'thisN': 603, 'thisTrialN': 603, 'thisRepN': 0}>
1043.6356 	DATA 	Keypress: period
1043.6412 	INFO 	Keyboard events cleared
1043.6405 	EXP 	noise_3: autoDraw = False
1043.6405 	EXP 	surround_grating: autoDraw = False
1043.6405 	EXP 	center_grating: autoDraw = False
1043.6405 	EXP 	text_2: autoDraw = False
1043.6405 	EXP 	surround_grating: ori = -15.0
1043.6405 	EXP 	surround_grating: sf = array([2.5, 2.5])
1043.6405 	EXP 	surround_grating: phase = array([0.4080572, 0.4080572])
1043.6405 	EXP 	center_grating: ori = 2.0
1043.6405 	EXP 	center_grating: sf = array([2.5, 2.5])
1043.6405 	EXP 	center_grating: phase = array([0.23439379, 0.23439379])
1044.8808 	EXP 	noise_3: autoDraw = True
1044.8808 	EXP 	surround_grating: autoDraw = True
1044.8808 	EXP 	center_grating: autoDraw = True
1044.9546 	EXP 	noise_3: autoDraw = False
1044.9546 	EXP 	surround_grating: autoDraw = False
1044.9546 	EXP 	center_grating: autoDraw = False
1045.2404 	EXP 	New trial (rep=0, index=604): <Trial 604 (604 in rep 0) data={'center': 2, 'surround': -15.0, 'type': 'c+2', 'surr_type': 'negs', 'orient_opacity': 100, 'noise_opacity': 0, 'isi': 0.5, 'thisN': 604, 'thisTrialN': 604, 'thisRepN': 0}>
1045.2457 	DATA 	Keypress: period
1045.2518 	INFO 	Keyboard events cleared
1045.2512 	EXP 	noise_3: autoDraw = False
1045.2512 	EXP 	surround_grating: autoDraw = False
1045.2512 	EXP 	center_grating: autoDraw = False
1045.2512 	EXP 	text_2: autoDraw = False
1045.2512 	EXP 	surround_grating: ori = -15.0
1045.2512 	EXP 	surround_grating: sf = array([2.5, 2.5])
1045.2512 	EXP 	surround_grating: phase = array([0.49336897, 0.49336897])
1045.2512 	EXP 	center_grating: ori = 2.0
1045.2512 	EXP 	center_grating: sf = array([2.5, 2.5])
1045.2512 	EXP 	center_grating: phase = array([0.03998375, 0.03998375])
1045.7373 	EXP 	noise_3: autoDraw = True
1045.7373 	EXP 	surround_grating: autoDraw = True
1045.7373 	EXP 	center_grating: autoDraw = True
1045.8102 	EXP 	noise_3: autoDraw = False
1045.8102 	EXP 	surround_grating: autoDraw = False
1045.8102 	EXP 	center_grating: autoDraw = False
1046.1467 	EXP 	New trial (rep=0, index=605): <Trial 605 (605 in rep 0) data={'center': 2, 'surround': 15.0, 'type': 'c+2', 'surr_type': 'poss', 'orient_opacity': 100, 'noise_opacity': 0, 'isi': 0.75, 'thisN': 605, 'thisTrialN': 605, 'thisRepN': 0}>
1046.1517 	DATA 	Keypress: period
1046.1576 	INFO 	Keyboard events cleared
1046.1571 	EXP 	noise_3: autoDraw = False
1046.1571 	EXP 	surround_grating: autoDraw = False
1046.1571 	EXP 	center_grating: autoDraw = False
1046.1571 	EXP 	text_2: autoDraw = False
1046.1571 	EXP 	surround_grating: ori = 15.0
1046.1571 	EXP 	surround_grating: sf = array([2.5, 2.5])
1046.1571 	EXP 	surround_grating: phase = array([0.84315622, 0.84315622])
1046.1571 	EXP 	center_grating: ori = 2.0
1046.1571 	EXP 	center_grating: sf = array([2.5, 2.5])
1046.1571 	EXP 	center_grating: phase = array([0.50347976, 0.50347976])
1046.8962 	EXP 	noise_3: autoDraw = True
1046.8962 	EXP 	surround_grating: autoDraw = True
1046.8962 	EXP 	center_grating: autoDraw = True
1046.9712 	EXP 	noise_3: autoDraw = False
1046.9712 	EXP 	surround_grating: autoDraw = False
1046.9712 	EXP 	center_grating: autoDraw = False
1047.2619 	DATA 	Keypress: period
1047.2686 	EXP 	New trial (rep=0, index=606): <Trial 606 (606 in rep 0) data={'center': -8, 'surround': -15.0, 'type': 'c-8', 'surr_type': 'negs', 'orient_opacity': 100, 'noise_opacity': 0, 'isi': 1.25, 'thisN': 606, 'thisTrialN': 606, 'thisRepN': 0}>
1047.2762 	INFO 	Keyboard events cleared
1047.2758 	EXP 	noise_3: autoDraw = False
1047.2758 	EXP 	surround_grating: autoDraw = False
1047.2758 	EXP 	center_grating: autoDraw = False
1047.2758 	EXP 	text_2: autoDraw = False
1047.2758 	EXP 	surround_grating: ori = -15.0
1047.2758 	EXP 	surround_grating: sf = array([2.5, 2.5])
1047.2758 	EXP 	surround_grating: phase = array([0.18330887, 0.18330887])
1047.2758 	EXP 	center_grating: ori = -8.0
1047.2758 	EXP 	center_grating: sf = array([2.5, 2.5])
1047.2758 	EXP 	center_grating: phase = array([0.76099687, 0.76099687])
1048.3073 	EXP 	New trial (rep=0, index=607): <Trial 607 (607 in rep 0) data={'center': 0, 'surround': 15.0, 'type': 'c+0', 'surr_type': 'poss', 'orient_opacity': 100, 'noise_opacity': 0, 'isi': 1.25, 'thisN': 607, 'thisTrialN': 607, 'thisRepN': 0}>
1048.3126 	DATA 	Keypress: z
1048.3186 	INFO 	Keyboard events cleared
1048.3180 	EXP 	noise_3: autoDraw = False
1048.3180 	EXP 	surround_grating: autoDraw = False
1048.3180 	EXP 	center_grating: autoDraw = False
1048.3180 	EXP 	text_2: autoDraw = False
1048.3180 	EXP 	surround_grating: ori = 15.0
1048.3180 	EXP 	surround_grating: sf = array([2.5, 2.5])
1048.3180 	EXP 	surround_grating: phase = array([0.87640762, 0.87640762])
1048.3180 	EXP 	center_grating: ori = 0.0
1048.3180 	EXP 	center_grating: sf = array([2.5, 2.5])
1048.3180 	EXP 	center_grating: phase = array([0.67961987, 0.67961987])
1049.5541 	EXP 	noise_3: autoDraw = True
1049.5541 	EXP 	surround_grating: autoDraw = True
1049.5541 	EXP 	center_grating: autoDraw = True
1049.6262 	EXP 	noise_3: autoDraw = False
1049.6262 	EXP 	surround_grating: autoDraw = False
1049.6262 	EXP 	center_grating: autoDraw = False
1050.1796 	EXP 	New trial (rep=0, index=608): <Trial 608 (608 in rep 0) data={'center': 2, 'surround': 0.0, 'type': 'c+2', 'surr_type': 'noss', 'orient_opacity': 0, 'noise_opacity': 100, 'isi': 1.25, 'thisN': 608, 'thisTrialN': 608, 'thisRepN': 0}>
1050.1848 	DATA 	Keypress: z
1050.1909 	INFO 	Keyboard events cleared
1050.1904 	EXP 	noise_3: autoDraw = False
1050.1904 	EXP 	surround_grating: autoDraw = False
1050.1904 	EXP 	center_grating: autoDraw = False
1050.1904 	EXP 	text_2: autoDraw = False
1050.1904 	EXP 	surround_grating: ori = 0.0
1050.1904 	EXP 	surround_grating: sf = array([2.5, 2.5])
1050.1904 	EXP 	surround_grating: phase = array([0.44083059, 0.44083059])
1050.1904 	EXP 	center_grating: ori = 2.0
1050.1904 	EXP 	center_grating: sf = array([2.5, 2.5])
1050.1904 	EXP 	center_grating: phase = array([0.78732503, 0.78732503])
1051.4308 	EXP 	noise_3: autoDraw = True
1051.4308 	EXP 	surround_grating: autoDraw = True
1051.4308 	EXP 	center_grating: autoDraw = True
1051.5044 	EXP 	noise_3: autoDraw = False
1051.5044 	EXP 	surround_grating: autoDraw = False
1051.5044 	EXP 	center_grating: autoDraw = False
1052.1081 	EXP 	New trial (rep=0, index=609): <Trial 609 (609 in rep 0) data={'center': 2, 'surround': 15.0, 'type': 'c+2', 'surr_type': 'poss', 'orient_opacity': 100, 'noise_opacity': 0, 'isi': 1.0, 'thisN': 609, 'thisTrialN': 609, 'thisRepN': 0}>
1052.1139 	DATA 	Keypress: z
1052.1199 	INFO 	Keyboard events cleared
1052.1194 	EXP 	noise_3: autoDraw = False
1052.1194 	EXP 	surround_grating: autoDraw = False
1052.1194 	EXP 	center_grating: autoDraw = False
1052.1194 	EXP 	text_2: autoDraw = False
1052.1194 	EXP 	surround_grating: ori = 15.0
1052.1194 	EXP 	surround_grating: sf = array([2.5, 2.5])
1052.1194 	EXP 	surround_grating: phase = array([0.87678314, 0.87678314])
1052.1194 	EXP 	center_grating: ori = 2.0
1052.1194 	EXP 	center_grating: sf = array([2.5, 2.5])
1052.1194 	EXP 	center_grating: phase = array([0.66918225, 0.66918225])
1053.1042 	EXP 	noise_3: autoDraw = True
1053.1042 	EXP 	surround_grating: autoDraw = True
1053.1042 	EXP 	center_grating: autoDraw = True
1053.1762 	EXP 	noise_3: autoDraw = False
1053.1762 	EXP 	surround_grating: autoDraw = False
1053.1762 	EXP 	center_grating: autoDraw = False
1053.6803 	EXP 	New trial (rep=0, index=610): <Trial 610 (610 in rep 0) data={'center': -2, 'surround': 15.0, 'type': 'c-2', 'surr_type': 'poss', 'orient_opacity': 100, 'noise_opacity': 0, 'isi': 0.5, 'thisN': 610, 'thisTrialN': 610, 'thisRepN': 0}>
1053.6854 	DATA 	Keypress: z
1053.6912 	INFO 	Keyboard events cleared
1053.6907 	EXP 	noise_3: autoDraw = False
1053.6907 	EXP 	surround_grating: autoDraw = False
1053.6907 	EXP 	center_grating: autoDraw = False
1053.6907 	EXP 	text_2: autoDraw = False
1053.6907 	EXP 	surround_grating: ori = 15.0
1053.6907 	EXP 	surround_grating: sf = array([2.5, 2.5])
1053.6907 	EXP 	surround_grating: phase = array([0.22979464, 0.22979464])
1053.6907 	EXP 	center_grating: ori = -2.0
1053.6907 	EXP 	center_grating: sf = array([2.5, 2.5])
1053.6907 	EXP 	center_grating: phase = array([0.3371107, 0.3371107])
1054.1815 	EXP 	noise_3: autoDraw = True
1054.1815 	EXP 	surround_grating: autoDraw = True
1054.1815 	EXP 	center_grating: autoDraw = True
1054.2548 	EXP 	noise_3: autoDraw = False
1054.2548 	EXP 	surround_grating: autoDraw = False
1054.2548 	EXP 	center_grating: autoDraw = False
1054.5791 	EXP 	New trial (rep=0, index=611): <Trial 611 (611 in rep 0) data={'center': 4, 'surround': 0.0, 'type': 'c+4', 'surr_type': 'noss', 'orient_opacity': 0, 'noise_opacity': 100, 'isi': 1.25, 'thisN': 611, 'thisTrialN': 611, 'thisRepN': 0}>
1054.5841 	DATA 	Keypress: z
1054.5904 	INFO 	Keyboard events cleared
1054.5899 	EXP 	noise_3: autoDraw = False
1054.5899 	EXP 	surround_grating: autoDraw = False
1054.5899 	EXP 	center_grating: autoDraw = False
1054.5899 	EXP 	text_2: autoDraw = False
1054.5899 	EXP 	surround_grating: ori = 0.0
1054.5899 	EXP 	surround_grating: sf = array([2.5, 2.5])
1054.5899 	EXP 	surround_grating: phase = array([0.07064648, 0.07064648])
1054.5899 	EXP 	center_grating: ori = 4.0
1054.5899 	EXP 	center_grating: sf = array([2.5, 2.5])
1054.5899 	EXP 	center_grating: phase = array([0.26453848, 0.26453848])
1055.8303 	EXP 	noise_3: autoDraw = True
1055.8303 	EXP 	surround_grating: autoDraw = True
1055.8303 	EXP 	center_grating: autoDraw = True
1055.9050 	EXP 	noise_3: autoDraw = False
1055.9050 	EXP 	surround_grating: autoDraw = False
1055.9050 	EXP 	center_grating: autoDraw = False
1056.4460 	EXP 	New trial (rep=0, index=612): <Trial 612 (612 in rep 0) data={'center': 2, 'surround': 0.0, 'type': 'c+2', 'surr_type': 'noss', 'orient_opacity': 0, 'noise_opacity': 100, 'isi': 1.0, 'thisN': 612, 'thisTrialN': 612, 'thisRepN': 0}>
1056.4510 	DATA 	Keypress: period
1056.4572 	INFO 	Keyboard events cleared
1056.4567 	EXP 	noise_3: autoDraw = False
1056.4567 	EXP 	surround_grating: autoDraw = False
1056.4567 	EXP 	center_grating: autoDraw = False
1056.4567 	EXP 	text_2: autoDraw = False
1056.4567 	EXP 	surround_grating: ori = 0.0
1056.4567 	EXP 	surround_grating: sf = array([2.5, 2.5])
1056.4567 	EXP 	surround_grating: phase = array([0.63515729, 0.63515729])
1056.4567 	EXP 	center_grating: ori = 2.0
1056.4567 	EXP 	center_grating: sf = array([2.5, 2.5])
1056.4567 	EXP 	center_grating: phase = array([0.28669441, 0.28669441])
1057.4468 	EXP 	noise_3: autoDraw = True
1057.4468 	EXP 	surround_grating: autoDraw = True
1057.4468 	EXP 	center_grating: autoDraw = True
1057.5216 	EXP 	noise_3: autoDraw = False
1057.5216 	EXP 	surround_grating: autoDraw = False
1057.5216 	EXP 	center_grating: autoDraw = False
1057.9406 	EXP 	New trial (rep=0, index=613): <Trial 613 (613 in rep 0) data={'center': -8, 'surround': -15.0, 'type': 'c-8', 'surr_type': 'negs', 'orient_opacity': 100, 'noise_opacity': 0, 'isi': 1.25, 'thisN': 613, 'thisTrialN': 613, 'thisRepN': 0}>
1057.9462 	DATA 	Keypress: period
1057.9521 	INFO 	Keyboard events cleared
1057.9516 	EXP 	noise_3: autoDraw = False
1057.9516 	EXP 	surround_grating: autoDraw = False
1057.9516 	EXP 	center_grating: autoDraw = False
1057.9516 	EXP 	text_2: autoDraw = False
1057.9516 	EXP 	surround_grating: ori = -15.0
1057.9516 	EXP 	surround_grating: sf = array([2.5, 2.5])
1057.9516 	EXP 	surround_grating: phase = array([0.66441302, 0.66441302])
1057.9516 	EXP 	center_grating: ori = -8.0
1057.9516 	EXP 	center_grating: sf = array([2.5, 2.5])
1057.9516 	EXP 	center_grating: phase = array([0.17566014, 0.17566014])
1059.1876 	EXP 	noise_3: autoDraw = True
1059.1876 	EXP 	surround_grating: autoDraw = True
1059.1876 	EXP 	center_grating: autoDraw = True
1059.2606 	EXP 	noise_3: autoDraw = False
1059.2606 	EXP 	surround_grating: autoDraw = False
1059.2606 	EXP 	center_grating: autoDraw = False
1059.8249 	EXP 	New trial (rep=0, index=614): <Trial 614 (614 in rep 0) data={'center': 0, 'surround': 0.0, 'type': 'c+0', 'surr_type': 'noss', 'orient_opacity': 0, 'noise_opacity': 100, 'isi': 1.25, 'thisN': 614, 'thisTrialN': 614, 'thisRepN': 0}>
1059.8308 	DATA 	Keypress: z
1059.8373 	INFO 	Keyboard events cleared
1059.8368 	EXP 	noise_3: autoDraw = False
1059.8368 	EXP 	surround_grating: autoDraw = False
1059.8368 	EXP 	center_grating: autoDraw = False
1059.8368 	EXP 	text_2: autoDraw = False
1059.8368 	EXP 	surround_grating: ori = 0.0
1059.8368 	EXP 	surround_grating: sf = array([2.5, 2.5])
1059.8368 	EXP 	surround_grating: phase = array([0.8902347, 0.8902347])
1059.8368 	EXP 	center_grating: ori = 0.0
1059.8368 	EXP 	center_grating: sf = array([2.5, 2.5])
1059.8368 	EXP 	center_grating: phase = array([0.87068778, 0.87068778])
1061.0711 	EXP 	noise_3: autoDraw = True
1061.0711 	EXP 	surround_grating: autoDraw = True
1061.0711 	EXP 	center_grating: autoDraw = True
1061.1436 	EXP 	noise_3: autoDraw = False
1061.1436 	EXP 	surround_grating: autoDraw = False
1061.1436 	EXP 	center_grating: autoDraw = False
1061.6910 	EXP 	New trial (rep=0, index=615): <Trial 615 (615 in rep 0) data={'center': 4, 'surround': 15.0, 'type': 'c+4', 'surr_type': 'poss', 'orient_opacity': 100, 'noise_opacity': 0, 'isi': 1.25, 'thisN': 615, 'thisTrialN': 615, 'thisRepN': 0}>
1061.6962 	DATA 	Keypress: period
1061.7020 	INFO 	Keyboard events cleared
1061.7015 	EXP 	noise_3: autoDraw = False
1061.7015 	EXP 	surround_grating: autoDraw = False
1061.7015 	EXP 	center_grating: autoDraw = False
1061.7015 	EXP 	text_2: autoDraw = False
1061.7015 	EXP 	surround_grating: ori = 15.0
1061.7015 	EXP 	surround_grating: sf = array([2.5, 2.5])
1061.7015 	EXP 	surround_grating: phase = array([0.79489385, 0.79489385])
1061.7015 	EXP 	center_grating: ori = 4.0
1061.7015 	EXP 	center_grating: sf = array([2.5, 2.5])
1061.7015 	EXP 	center_grating: phase = array([0.4525918, 0.4525918])
1062.9379 	EXP 	noise_3: autoDraw = True
1062.9379 	EXP 	surround_grating: autoDraw = True
1062.9379 	EXP 	center_grating: autoDraw = True
1063.0103 	EXP 	noise_3: autoDraw = False
1063.0103 	EXP 	surround_grating: autoDraw = False
1063.0103 	EXP 	center_grating: autoDraw = False
1063.9244 	EXP 	New trial (rep=0, index=616): <Trial 616 (616 in rep 0) data={'center': -8, 'surround': -15.0, 'type': 'c-8', 'surr_type': 'negs', 'orient_opacity': 100, 'noise_opacity': 0, 'isi': 1.0, 'thisN': 616, 'thisTrialN': 616, 'thisRepN': 0}>
1063.9296 	DATA 	Keypress: period
1063.9358 	INFO 	Keyboard events cleared
1063.9352 	EXP 	noise_3: autoDraw = False
1063.9352 	EXP 	surround_grating: autoDraw = False
1063.9352 	EXP 	center_grating: autoDraw = False
1063.9352 	EXP 	text_2: autoDraw = False
1063.9352 	EXP 	surround_grating: ori = -15.0
1063.9352 	EXP 	surround_grating: sf = array([2.5, 2.5])
1063.9352 	EXP 	surround_grating: phase = array([0.42727989, 0.42727989])
1063.9352 	EXP 	center_grating: ori = -8.0
1063.9352 	EXP 	center_grating: sf = array([2.5, 2.5])
1063.9352 	EXP 	center_grating: phase = array([0.93954892, 0.93954892])
1064.9213 	EXP 	noise_3: autoDraw = True
1064.9213 	EXP 	surround_grating: autoDraw = True
1064.9213 	EXP 	center_grating: autoDraw = True
1064.9934 	EXP 	noise_3: autoDraw = False
1064.9934 	EXP 	surround_grating: autoDraw = False
1064.9934 	EXP 	center_grating: autoDraw = False
1065.4577 	EXP 	New trial (rep=0, index=617): <Trial 617 (617 in rep 0) data={'center': -4, 'surround': -15.0, 'type': 'c-4', 'surr_type': 'negs', 'orient_opacity': 100, 'noise_opacity': 0, 'isi': 0.5, 'thisN': 617, 'thisTrialN': 617, 'thisRepN': 0}>
1065.4625 	DATA 	Keypress: z
1065.4688 	INFO 	Keyboard events cleared
1065.4682 	EXP 	noise_3: autoDraw = False
1065.4682 	EXP 	surround_grating: autoDraw = False
1065.4682 	EXP 	center_grating: autoDraw = False
1065.4682 	EXP 	text_2: autoDraw = False
1065.4682 	EXP 	surround_grating: ori = -15.0
1065.4682 	EXP 	surround_grating: sf = array([2.5, 2.5])
1065.4682 	EXP 	surround_grating: phase = array([0.42655613, 0.42655613])
1065.4682 	EXP 	center_grating: ori = -4.0
1065.4682 	EXP 	center_grating: sf = array([2.5, 2.5])
1065.4682 	EXP 	center_grating: phase = array([0.83259949, 0.83259949])
1065.9547 	EXP 	noise_3: autoDraw = True
1065.9547 	EXP 	surround_grating: autoDraw = True
1065.9547 	EXP 	center_grating: autoDraw = True
1066.0268 	EXP 	noise_3: autoDraw = False
1066.0268 	EXP 	surround_grating: autoDraw = False
1066.0268 	EXP 	center_grating: autoDraw = False
1066.4663 	DATA 	Keypress: period
1066.4729 	EXP 	New trial (rep=0, index=618): <Trial 618 (618 in rep 0) data={'center': 2, 'surround': 0.0, 'type': 'c+2', 'surr_type': 'noss', 'orient_opacity': 0, 'noise_opacity': 100, 'isi': 1.0, 'thisN': 618, 'thisTrialN': 618, 'thisRepN': 0}>
1066.4805 	INFO 	Keyboard events cleared
1066.4802 	EXP 	noise_3: autoDraw = False
1066.4802 	EXP 	surround_grating: autoDraw = False
1066.4802 	EXP 	center_grating: autoDraw = False
1066.4802 	EXP 	text_2: autoDraw = False
1066.4802 	EXP 	surround_grating: ori = 0.0
1066.4802 	EXP 	surround_grating: sf = array([2.5, 2.5])
1066.4802 	EXP 	surround_grating: phase = array([0.41837909, 0.41837909])
1066.4802 	EXP 	center_grating: ori = 2.0
1066.4802 	EXP 	center_grating: sf = array([2.5, 2.5])
1066.4802 	EXP 	center_grating: phase = array([0.70122647, 0.70122647])
1067.4641 	EXP 	noise_3: autoDraw = True
1067.4641 	EXP 	surround_grating: autoDraw = True
1067.4641 	EXP 	center_grating: autoDraw = True
1067.5386 	EXP 	noise_3: autoDraw = False
1067.5386 	EXP 	surround_grating: autoDraw = False
1067.5386 	EXP 	center_grating: autoDraw = False
1068.0118 	DATA 	Keypress: period
1068.0189 	EXP 	New trial (rep=0, index=619): <Trial 619 (619 in rep 0) data={'center': 2, 'surround': 0.0, 'type': 'c+2', 'surr_type': 'noss', 'orient_opacity': 0, 'noise_opacity': 100, 'isi': 1.25, 'thisN': 619, 'thisTrialN': 619, 'thisRepN': 0}>
1068.0256 	INFO 	Keyboard events cleared
1068.0253 	EXP 	noise_3: autoDraw = False
1068.0253 	EXP 	surround_grating: autoDraw = False
1068.0253 	EXP 	center_grating: autoDraw = False
1068.0253 	EXP 	text_2: autoDraw = False
1068.0253 	EXP 	surround_grating: ori = 0.0
1068.0253 	EXP 	surround_grating: sf = array([2.5, 2.5])
1068.0253 	EXP 	surround_grating: phase = array([0.55669238, 0.55669238])
1068.0253 	EXP 	center_grating: ori = 2.0
1068.0253 	EXP 	center_grating: sf = array([2.5, 2.5])
1068.0253 	EXP 	center_grating: phase = array([0.91847414, 0.91847414])
1069.2641 	EXP 	noise_3: autoDraw = True
1069.2641 	EXP 	surround_grating: autoDraw = True
1069.2641 	EXP 	center_grating: autoDraw = True
1069.3386 	EXP 	noise_3: autoDraw = False
1069.3386 	EXP 	surround_grating: autoDraw = False
1069.3386 	EXP 	center_grating: autoDraw = False
1069.7917 	EXP 	New trial (rep=0, index=620): <Trial 620 (620 in rep 0) data={'center': -8, 'surround': -15.0, 'type': 'c-8', 'surr_type': 'negs', 'orient_opacity': 100, 'noise_opacity': 0, 'isi': 0.5, 'thisN': 620, 'thisTrialN': 620, 'thisRepN': 0}>
1069.7973 	DATA 	Keypress: period
1069.8036 	INFO 	Keyboard events cleared
1069.8032 	EXP 	noise_3: autoDraw = False
1069.8032 	EXP 	surround_grating: autoDraw = False
1069.8032 	EXP 	center_grating: autoDraw = False
1069.8032 	EXP 	text_2: autoDraw = False
1069.8032 	EXP 	surround_grating: ori = -15.0
1069.8032 	EXP 	surround_grating: sf = array([2.5, 2.5])
1069.8032 	EXP 	surround_grating: phase = array([0.52166034, 0.52166034])
1069.8032 	EXP 	center_grating: ori = -8.0
1069.8032 	EXP 	center_grating: sf = array([2.5, 2.5])
1069.8032 	EXP 	center_grating: phase = array([0.14156115, 0.14156115])
1070.2882 	EXP 	noise_3: autoDraw = True
1070.2882 	EXP 	surround_grating: autoDraw = True
1070.2882 	EXP 	center_grating: autoDraw = True
1070.3612 	EXP 	noise_3: autoDraw = False
1070.3612 	EXP 	surround_grating: autoDraw = False
1070.3612 	EXP 	center_grating: autoDraw = False
1073.3624 	DATA 	Keypress: period
1073.3696 	EXP 	New trial (rep=0, index=621): <Trial 621 (621 in rep 0) data={'center': -2, 'surround': -15.0, 'type': 'c-2', 'surr_type': 'negs', 'orient_opacity': 100, 'noise_opacity': 0, 'isi': 0.5, 'thisN': 621, 'thisTrialN': 621, 'thisRepN': 0}>
1073.3768 	INFO 	Keyboard events cleared
1073.3765 	EXP 	noise_3: autoDraw = False
1073.3765 	EXP 	surround_grating: autoDraw = False
1073.3765 	EXP 	center_grating: autoDraw = False
1073.3765 	EXP 	text_2: autoDraw = False
1073.3765 	EXP 	surround_grating: ori = -15.0
1073.3765 	EXP 	surround_grating: sf = array([2.5, 2.5])
1073.3765 	EXP 	surround_grating: phase = array([0.32872276, 0.32872276])
1073.3765 	EXP 	center_grating: ori = -2.0
1073.3765 	EXP 	center_grating: sf = array([2.5, 2.5])
1073.3765 	EXP 	center_grating: phase = array([0.02315753, 0.02315753])
1073.8635 	EXP 	noise_3: autoDraw = True
1073.8635 	EXP 	surround_grating: autoDraw = True
1073.8635 	EXP 	center_grating: autoDraw = True
1073.9387 	EXP 	noise_3: autoDraw = False
1073.9387 	EXP 	surround_grating: autoDraw = False
1073.9387 	EXP 	center_grating: autoDraw = False
1074.4915 	EXP 	New trial (rep=0, index=622): <Trial 622 (622 in rep 0) data={'center': 8, 'surround': 15.0, 'type': 'c+8', 'surr_type': 'poss', 'orient_opacity': 100, 'noise_opacity': 0, 'isi': 0.5, 'thisN': 622, 'thisTrialN': 622, 'thisRepN': 0}>
1074.4965 	DATA 	Keypress: period
1074.5027 	INFO 	Keyboard events cleared
1074.5022 	EXP 	noise_3: autoDraw = False
1074.5022 	EXP 	surround_grating: autoDraw = False
1074.5022 	EXP 	center_grating: autoDraw = False
1074.5022 	EXP 	text_2: autoDraw = False
1074.5022 	EXP 	surround_grating: ori = 15.0
1074.5022 	EXP 	surround_grating: sf = array([2.5, 2.5])
1074.5022 	EXP 	surround_grating: phase = array([0.89645677, 0.89645677])
1074.5022 	EXP 	center_grating: ori = 8.0
1074.5022 	EXP 	center_grating: sf = array([2.5, 2.5])
1074.5022 	EXP 	center_grating: phase = array([0.13740807, 0.13740807])
1074.9883 	EXP 	noise_3: autoDraw = True
1074.9883 	EXP 	surround_grating: autoDraw = True
1074.9883 	EXP 	center_grating: autoDraw = True
1075.0614 	EXP 	noise_3: autoDraw = False
1075.0614 	EXP 	surround_grating: autoDraw = False
1075.0614 	EXP 	center_grating: autoDraw = False
1075.8479 	EXP 	New trial (rep=0, index=623): <Trial 623 (623 in rep 0) data={'center': 0, 'surround': 0.0, 'type': 'c+0', 'surr_type': 'noss', 'orient_opacity': 0, 'noise_opacity': 100, 'isi': 1.25, 'thisN': 623, 'thisTrialN': 623, 'thisRepN': 0}>
1075.8537 	DATA 	Keypress: period
1075.8592 	INFO 	Keyboard events cleared
1075.8586 	EXP 	noise_3: autoDraw = False
1075.8586 	EXP 	surround_grating: autoDraw = False
1075.8586 	EXP 	center_grating: autoDraw = False
1075.8586 	EXP 	text_2: autoDraw = False
1075.8586 	EXP 	surround_grating: ori = 0.0
1075.8586 	EXP 	surround_grating: sf = array([2.5, 2.5])
1075.8586 	EXP 	surround_grating: phase = array([0.23338923, 0.23338923])
1075.8586 	EXP 	center_grating: ori = 0.0
1075.8586 	EXP 	center_grating: sf = array([2.5, 2.5])
1075.8586 	EXP 	center_grating: phase = array([0.00593378, 0.00593378])
1077.0976 	EXP 	noise_3: autoDraw = True
1077.0976 	EXP 	surround_grating: autoDraw = True
1077.0976 	EXP 	center_grating: autoDraw = True
1077.1725 	EXP 	noise_3: autoDraw = False
1077.1725 	EXP 	surround_grating: autoDraw = False
1077.1725 	EXP 	center_grating: autoDraw = False
1077.6749 	EXP 	New trial (rep=0, index=624): <Trial 624 (624 in rep 0) data={'center': 2, 'surround': -15.0, 'type': 'c+2', 'surr_type': 'negs', 'orient_opacity': 100, 'noise_opacity': 0, 'isi': 0.75, 'thisN': 624, 'thisTrialN': 624, 'thisRepN': 0}>
1077.6804 	DATA 	Keypress: z
1077.6863 	INFO 	Keyboard events cleared
1077.6858 	EXP 	noise_3: autoDraw = False
1077.6858 	EXP 	surround_grating: autoDraw = False
1077.6858 	EXP 	center_grating: autoDraw = False
1077.6858 	EXP 	text_2: autoDraw = False
1077.6858 	EXP 	surround_grating: ori = -15.0
1077.6858 	EXP 	surround_grating: sf = array([2.5, 2.5])
1077.6858 	EXP 	surround_grating: phase = array([0.96892341, 0.96892341])
1077.6858 	EXP 	center_grating: ori = 2.0
1077.6858 	EXP 	center_grating: sf = array([2.5, 2.5])
1077.6858 	EXP 	center_grating: phase = array([0.70901546, 0.70901546])
1078.4208 	EXP 	noise_3: autoDraw = True
1078.4208 	EXP 	surround_grating: autoDraw = True
1078.4208 	EXP 	center_grating: autoDraw = True
1078.4940 	EXP 	noise_3: autoDraw = False
1078.4940 	EXP 	surround_grating: autoDraw = False
1078.4940 	EXP 	center_grating: autoDraw = False
1078.8753 	EXP 	New trial (rep=0, index=625): <Trial 625 (625 in rep 0) data={'center': -6, 'surround': -15.0, 'type': 'c-6', 'surr_type': 'negs', 'orient_opacity': 100, 'noise_opacity': 0, 'isi': 1.0, 'thisN': 625, 'thisTrialN': 625, 'thisRepN': 0}>
1078.8808 	DATA 	Keypress: period
1078.8871 	INFO 	Keyboard events cleared
1078.8866 	EXP 	noise_3: autoDraw = False
1078.8866 	EXP 	surround_grating: autoDraw = False
1078.8866 	EXP 	center_grating: autoDraw = False
1078.8866 	EXP 	text_2: autoDraw = False
1078.8866 	EXP 	surround_grating: ori = -15.0
1078.8866 	EXP 	surround_grating: sf = array([2.5, 2.5])
1078.8866 	EXP 	surround_grating: phase = array([0.09689912, 0.09689912])
1078.8866 	EXP 	center_grating: ori = -6.0
1078.8866 	EXP 	center_grating: sf = array([2.5, 2.5])
1078.8866 	EXP 	center_grating: phase = array([0.35898833, 0.35898833])
1079.8718 	EXP 	noise_3: autoDraw = True
1079.8718 	EXP 	surround_grating: autoDraw = True
1079.8718 	EXP 	center_grating: autoDraw = True
1079.9437 	EXP 	noise_3: autoDraw = False
1079.9437 	EXP 	surround_grating: autoDraw = False
1079.9437 	EXP 	center_grating: autoDraw = False
1080.5746 	EXP 	New trial (rep=0, index=626): <Trial 626 (626 in rep 0) data={'center': 2, 'surround': 15.0, 'type': 'c+2', 'surr_type': 'poss', 'orient_opacity': 100, 'noise_opacity': 0, 'isi': 1.0, 'thisN': 626, 'thisTrialN': 626, 'thisRepN': 0}>
1080.5796 	DATA 	Keypress: z
1080.5860 	INFO 	Keyboard events cleared
1080.5853 	EXP 	noise_3: autoDraw = False
1080.5853 	EXP 	surround_grating: autoDraw = False
1080.5853 	EXP 	center_grating: autoDraw = False
1080.5853 	EXP 	text_2: autoDraw = False
1080.5853 	EXP 	surround_grating: ori = 15.0
1080.5853 	EXP 	surround_grating: sf = array([2.5, 2.5])
1080.5853 	EXP 	surround_grating: phase = array([0.46608589, 0.46608589])
1080.5853 	EXP 	center_grating: ori = 2.0
1080.5853 	EXP 	center_grating: sf = array([2.5, 2.5])
1080.5853 	EXP 	center_grating: phase = array([0.58329922, 0.58329922])
1081.5719 	EXP 	noise_3: autoDraw = True
1081.5719 	EXP 	surround_grating: autoDraw = True
1081.5719 	EXP 	center_grating: autoDraw = True
1081.6442 	EXP 	noise_3: autoDraw = False
1081.6442 	EXP 	surround_grating: autoDraw = False
1081.6442 	EXP 	center_grating: autoDraw = False
1082.2317 	EXP 	New trial (rep=0, index=627): <Trial 627 (627 in rep 0) data={'center': 0, 'surround': -15.0, 'type': 'c+0', 'surr_type': 'negs', 'orient_opacity': 100, 'noise_opacity': 0, 'isi': 0.75, 'thisN': 627, 'thisTrialN': 627, 'thisRepN': 0}>
1082.2371 	DATA 	Keypress: z
1082.2426 	INFO 	Keyboard events cleared
1082.2421 	EXP 	noise_3: autoDraw = False
1082.2421 	EXP 	surround_grating: autoDraw = False
1082.2421 	EXP 	center_grating: autoDraw = False
1082.2421 	EXP 	text_2: autoDraw = False
1082.2421 	EXP 	surround_grating: ori = -15.0
1082.2421 	EXP 	surround_grating: sf = array([2.5, 2.5])
1082.2421 	EXP 	surround_grating: phase = array([0.43609675, 0.43609675])
1082.2421 	EXP 	center_grating: ori = 0.0
1082.2421 	EXP 	center_grating: sf = array([2.5, 2.5])
1082.2421 	EXP 	center_grating: phase = array([0.54771523, 0.54771523])
1082.9819 	EXP 	noise_3: autoDraw = True
1082.9819 	EXP 	surround_grating: autoDraw = True
1082.9819 	EXP 	center_grating: autoDraw = True
1083.0558 	EXP 	noise_3: autoDraw = False
1083.0558 	EXP 	surround_grating: autoDraw = False
1083.0558 	EXP 	center_grating: autoDraw = False
1083.4766 	EXP 	New trial (rep=0, index=628): <Trial 628 (628 in rep 0) data={'center': 4, 'surround': 0.0, 'type': 'c+4', 'surr_type': 'noss', 'orient_opacity': 0, 'noise_opacity': 100, 'isi': 0.75, 'thisN': 628, 'thisTrialN': 628, 'thisRepN': 0}>
1083.4823 	DATA 	Keypress: period
1083.4885 	INFO 	Keyboard events cleared
1083.4880 	EXP 	noise_3: autoDraw = False
1083.4880 	EXP 	surround_grating: autoDraw = False
1083.4880 	EXP 	center_grating: autoDraw = False
1083.4880 	EXP 	text_2: autoDraw = False
1083.4880 	EXP 	surround_grating: ori = 0.0
1083.4880 	EXP 	surround_grating: sf = array([2.5, 2.5])
1083.4880 	EXP 	surround_grating: phase = array([0.92973997, 0.92973997])
1083.4880 	EXP 	center_grating: ori = 4.0
1083.4880 	EXP 	center_grating: sf = array([2.5, 2.5])
1083.4880 	EXP 	center_grating: phase = array([0.98213443, 0.98213443])
1084.2213 	EXP 	noise_3: autoDraw = True
1084.2213 	EXP 	surround_grating: autoDraw = True
1084.2213 	EXP 	center_grating: autoDraw = True
1084.2941 	EXP 	noise_3: autoDraw = False
1084.2941 	EXP 	surround_grating: autoDraw = False
1084.2941 	EXP 	center_grating: autoDraw = False
1084.8251 	EXP 	New trial (rep=0, index=629): <Trial 629 (629 in rep 0) data={'center': 0, 'surround': 15.0, 'type': 'c+0', 'surr_type': 'poss', 'orient_opacity': 100, 'noise_opacity': 0, 'isi': 0.5, 'thisN': 629, 'thisTrialN': 629, 'thisRepN': 0}>
1084.8312 	DATA 	Keypress: period
1084.8374 	INFO 	Keyboard events cleared
1084.8370 	EXP 	noise_3: autoDraw = False
1084.8370 	EXP 	surround_grating: autoDraw = False
1084.8370 	EXP 	center_grating: autoDraw = False
1084.8370 	EXP 	text_2: autoDraw = False
1084.8370 	EXP 	surround_grating: ori = 15.0
1084.8370 	EXP 	surround_grating: sf = array([2.5, 2.5])
1084.8370 	EXP 	surround_grating: phase = array([0.86939736, 0.86939736])
1084.8370 	EXP 	center_grating: ori = 0.0
1084.8370 	EXP 	center_grating: sf = array([2.5, 2.5])
1084.8370 	EXP 	center_grating: phase = array([0.33339693, 0.33339693])
1085.3220 	EXP 	noise_3: autoDraw = True
1085.3220 	EXP 	surround_grating: autoDraw = True
1085.3220 	EXP 	center_grating: autoDraw = True
1085.3952 	EXP 	noise_3: autoDraw = False
1085.3952 	EXP 	surround_grating: autoDraw = False
1085.3952 	EXP 	center_grating: autoDraw = False
1085.8917 	EXP 	New trial (rep=0, index=630): <Trial 630 (630 in rep 0) data={'center': -4, 'surround': -15.0, 'type': 'c-4', 'surr_type': 'negs', 'orient_opacity': 100, 'noise_opacity': 0, 'isi': 0.75, 'thisN': 630, 'thisTrialN': 630, 'thisRepN': 0}>
1085.8966 	DATA 	Keypress: z
1085.9026 	INFO 	Keyboard events cleared
1085.9021 	EXP 	noise_3: autoDraw = False
1085.9021 	EXP 	surround_grating: autoDraw = False
1085.9021 	EXP 	center_grating: autoDraw = False
1085.9021 	EXP 	text_2: autoDraw = False
1085.9021 	EXP 	surround_grating: ori = -15.0
1085.9021 	EXP 	surround_grating: sf = array([2.5, 2.5])
1085.9021 	EXP 	surround_grating: phase = array([0.52161213, 0.52161213])
1085.9021 	EXP 	center_grating: ori = -4.0
1085.9021 	EXP 	center_grating: sf = array([2.5, 2.5])
1085.9021 	EXP 	center_grating: phase = array([0.94382717, 0.94382717])
1086.6379 	EXP 	noise_3: autoDraw = True
1086.6379 	EXP 	surround_grating: autoDraw = True
1086.6379 	EXP 	center_grating: autoDraw = True
1086.7109 	EXP 	noise_3: autoDraw = False
1086.7109 	EXP 	surround_grating: autoDraw = False
1086.7109 	EXP 	center_grating: autoDraw = False
1087.3267 	EXP 	New trial (rep=0, index=631): <Trial 631 (631 in rep 0) data={'center': 4, 'surround': 0.0, 'type': 'c+4', 'surr_type': 'noss', 'orient_opacity': 0, 'noise_opacity': 100, 'isi': 0.5, 'thisN': 631, 'thisTrialN': 631, 'thisRepN': 0}>
1087.3321 	DATA 	Keypress: period
1087.3381 	INFO 	Keyboard events cleared
1087.3376 	EXP 	noise_3: autoDraw = False
1087.3376 	EXP 	surround_grating: autoDraw = False
1087.3376 	EXP 	center_grating: autoDraw = False
1087.3376 	EXP 	text_2: autoDraw = False
1087.3376 	EXP 	surround_grating: ori = 0.0
1087.3376 	EXP 	surround_grating: sf = array([2.5, 2.5])
1087.3376 	EXP 	surround_grating: phase = array([0.47460122, 0.47460122])
1087.3376 	EXP 	center_grating: ori = 4.0
1087.3376 	EXP 	center_grating: sf = array([2.5, 2.5])
1087.3376 	EXP 	center_grating: phase = array([0.629458, 0.629458])
1087.8221 	EXP 	noise_3: autoDraw = True
1087.8221 	EXP 	surround_grating: autoDraw = True
1087.8221 	EXP 	center_grating: autoDraw = True
1087.8941 	EXP 	noise_3: autoDraw = False
1087.8941 	EXP 	surround_grating: autoDraw = False
1087.8941 	EXP 	center_grating: autoDraw = False
1088.4098 	EXP 	New trial (rep=0, index=632): <Trial 632 (632 in rep 0) data={'center': 4, 'surround': 0.0, 'type': 'c+4', 'surr_type': 'noss', 'orient_opacity': 0, 'noise_opacity': 100, 'isi': 0.5, 'thisN': 632, 'thisTrialN': 632, 'thisRepN': 0}>
1088.4155 	DATA 	Keypress: period
1088.4216 	INFO 	Keyboard events cleared
1088.4211 	EXP 	noise_3: autoDraw = False
1088.4211 	EXP 	surround_grating: autoDraw = False
1088.4211 	EXP 	center_grating: autoDraw = False
1088.4211 	EXP 	text_2: autoDraw = False
1088.4211 	EXP 	surround_grating: ori = 0.0
1088.4211 	EXP 	surround_grating: sf = array([2.5, 2.5])
1088.4211 	EXP 	surround_grating: phase = array([0.18647448, 0.18647448])
1088.4211 	EXP 	center_grating: ori = 4.0
1088.4211 	EXP 	center_grating: sf = array([2.5, 2.5])
1088.4211 	EXP 	center_grating: phase = array([0.8200658, 0.8200658])
1088.9054 	EXP 	noise_3: autoDraw = True
1088.9054 	EXP 	surround_grating: autoDraw = True
1088.9054 	EXP 	center_grating: autoDraw = True
1088.9774 	EXP 	noise_3: autoDraw = False
1088.9774 	EXP 	surround_grating: autoDraw = False
1088.9774 	EXP 	center_grating: autoDraw = False
1089.4143 	EXP 	New trial (rep=0, index=633): <Trial 633 (633 in rep 0) data={'center': 8, 'surround': 15.0, 'type': 'c+8', 'surr_type': 'poss', 'orient_opacity': 100, 'noise_opacity': 0, 'isi': 0.5, 'thisN': 633, 'thisTrialN': 633, 'thisRepN': 0}>
1089.4194 	DATA 	Keypress: period
1089.4256 	INFO 	Keyboard events cleared
1089.4250 	EXP 	noise_3: autoDraw = False
1089.4250 	EXP 	surround_grating: autoDraw = False
1089.4250 	EXP 	center_grating: autoDraw = False
1089.4250 	EXP 	text_2: autoDraw = False
1089.4250 	EXP 	surround_grating: ori = 15.0
1089.4250 	EXP 	surround_grating: sf = array([2.5, 2.5])
1089.4250 	EXP 	surround_grating: phase = array([0.56363171, 0.56363171])
1089.4250 	EXP 	center_grating: ori = 8.0
1089.4250 	EXP 	center_grating: sf = array([2.5, 2.5])
1089.4250 	EXP 	center_grating: phase = array([0.91852057, 0.91852057])
1089.9150 	EXP 	noise_3: autoDraw = True
1089.9150 	EXP 	surround_grating: autoDraw = True
1089.9150 	EXP 	center_grating: autoDraw = True
1089.9952 	EXP 	noise_3: autoDraw = False
1089.9952 	EXP 	surround_grating: autoDraw = False
1089.9952 	EXP 	center_grating: autoDraw = False
1090.3253 	EXP 	New trial (rep=0, index=634): <Trial 634 (634 in rep 0) data={'center': 4, 'surround': 15.0, 'type': 'c+4', 'surr_type': 'poss', 'orient_opacity': 100, 'noise_opacity': 0, 'isi': 0.5, 'thisN': 634, 'thisTrialN': 634, 'thisRepN': 0}>
1090.3301 	DATA 	Keypress: period
1090.3361 	INFO 	Keyboard events cleared
1090.3355 	EXP 	noise_3: autoDraw = False
1090.3355 	EXP 	surround_grating: autoDraw = False
1090.3355 	EXP 	center_grating: autoDraw = False
1090.3355 	EXP 	text_2: autoDraw = False
1090.3355 	EXP 	surround_grating: ori = 15.0
1090.3355 	EXP 	surround_grating: sf = array([2.5, 2.5])
1090.3355 	EXP 	surround_grating: phase = array([0.30983507, 0.30983507])
1090.3355 	EXP 	center_grating: ori = 4.0
1090.3355 	EXP 	center_grating: sf = array([2.5, 2.5])
1090.3355 	EXP 	center_grating: phase = array([0.43804568, 0.43804568])
1090.8223 	EXP 	noise_3: autoDraw = True
1090.8223 	EXP 	surround_grating: autoDraw = True
1090.8223 	EXP 	center_grating: autoDraw = True
1090.8945 	EXP 	noise_3: autoDraw = False
1090.8945 	EXP 	surround_grating: autoDraw = False
1090.8945 	EXP 	center_grating: autoDraw = False
1091.7087 	EXP 	New trial (rep=0, index=635): <Trial 635 (635 in rep 0) data={'center': -8, 'surround': -15.0, 'type': 'c-8', 'surr_type': 'negs', 'orient_opacity': 100, 'noise_opacity': 0, 'isi': 1.25, 'thisN': 635, 'thisTrialN': 635, 'thisRepN': 0}>
1091.7136 	DATA 	Keypress: z
1091.7195 	INFO 	Keyboard events cleared
1091.7190 	EXP 	noise_3: autoDraw = False
1091.7190 	EXP 	surround_grating: autoDraw = False
1091.7190 	EXP 	center_grating: autoDraw = False
1091.7190 	EXP 	text_2: autoDraw = False
1091.7190 	EXP 	surround_grating: ori = -15.0
1091.7190 	EXP 	surround_grating: sf = array([2.5, 2.5])
1091.7190 	EXP 	surround_grating: phase = array([0.36921017, 0.36921017])
1091.7190 	EXP 	center_grating: ori = -8.0
1091.7190 	EXP 	center_grating: sf = array([2.5, 2.5])
1091.7190 	EXP 	center_grating: phase = array([0.09568596, 0.09568596])
1092.9546 	EXP 	noise_3: autoDraw = True
1092.9546 	EXP 	surround_grating: autoDraw = True
1092.9546 	EXP 	center_grating: autoDraw = True
1093.0281 	EXP 	noise_3: autoDraw = False
1093.0281 	EXP 	surround_grating: autoDraw = False
1093.0281 	EXP 	center_grating: autoDraw = False
1093.4921 	EXP 	New trial (rep=0, index=636): <Trial 636 (636 in rep 0) data={'center': -2, 'surround': 0.0, 'type': 'c-2', 'surr_type': 'noss', 'orient_opacity': 0, 'noise_opacity': 100, 'isi': 0.5, 'thisN': 636, 'thisTrialN': 636, 'thisRepN': 0}>
1093.4984 	DATA 	Keypress: z
1093.5043 	INFO 	Keyboard events cleared
1093.5038 	EXP 	noise_3: autoDraw = False
1093.5038 	EXP 	surround_grating: autoDraw = False
1093.5038 	EXP 	center_grating: autoDraw = False
1093.5038 	EXP 	text_2: autoDraw = False
1093.5038 	EXP 	surround_grating: ori = 0.0
1093.5038 	EXP 	surround_grating: sf = array([2.5, 2.5])
1093.5038 	EXP 	surround_grating: phase = array([0.86878023, 0.86878023])
1093.5038 	EXP 	center_grating: ori = -2.0
1093.5038 	EXP 	center_grating: sf = array([2.5, 2.5])
1093.5038 	EXP 	center_grating: phase = array([0.56251023, 0.56251023])
1093.9895 	EXP 	noise_3: autoDraw = True
1093.9895 	EXP 	surround_grating: autoDraw = True
1093.9895 	EXP 	center_grating: autoDraw = True
1094.0612 	EXP 	noise_3: autoDraw = False
1094.0612 	EXP 	surround_grating: autoDraw = False
1094.0612 	EXP 	center_grating: autoDraw = False
1094.6091 	EXP 	New trial (rep=0, index=637): <Trial 637 (637 in rep 0) data={'center': 0, 'surround': -15.0, 'type': 'c+0', 'surr_type': 'negs', 'orient_opacity': 100, 'noise_opacity': 0, 'isi': 1.25, 'thisN': 637, 'thisTrialN': 637, 'thisRepN': 0}>
1094.6146 	DATA 	Keypress: period
1094.6210 	INFO 	Keyboard events cleared
1094.6205 	EXP 	noise_3: autoDraw = False
1094.6205 	EXP 	surround_grating: autoDraw = False
1094.6205 	EXP 	center_grating: autoDraw = False
1094.6205 	EXP 	text_2: autoDraw = False
1094.6205 	EXP 	surround_grating: ori = -15.0
1094.6205 	EXP 	surround_grating: sf = array([2.5, 2.5])
1094.6205 	EXP 	surround_grating: phase = array([0.91997476, 0.91997476])
1094.6205 	EXP 	center_grating: ori = 0.0
1094.6205 	EXP 	center_grating: sf = array([2.5, 2.5])
1094.6205 	EXP 	center_grating: phase = array([0.82436258, 0.82436258])
1095.8557 	EXP 	noise_3: autoDraw = True
1095.8557 	EXP 	surround_grating: autoDraw = True
1095.8557 	EXP 	center_grating: autoDraw = True
1095.9286 	EXP 	noise_3: autoDraw = False
1095.9286 	EXP 	surround_grating: autoDraw = False
1095.9286 	EXP 	center_grating: autoDraw = False
1096.4646 	EXP 	New trial (rep=0, index=638): <Trial 638 (638 in rep 0) data={'center': -4, 'surround': -15.0, 'type': 'c-4', 'surr_type': 'negs', 'orient_opacity': 100, 'noise_opacity': 0, 'isi': 1.0, 'thisN': 638, 'thisTrialN': 638, 'thisRepN': 0}>
1096.4697 	DATA 	Keypress: period
1096.4757 	INFO 	Keyboard events cleared
1096.4752 	EXP 	noise_3: autoDraw = False
1096.4752 	EXP 	surround_grating: autoDraw = False
1096.4752 	EXP 	center_grating: autoDraw = False
1096.4752 	EXP 	text_2: autoDraw = False
1096.4752 	EXP 	surround_grating: ori = -15.0
1096.4752 	EXP 	surround_grating: sf = array([2.5, 2.5])
1096.4752 	EXP 	surround_grating: phase = array([0.60419756, 0.60419756])
1096.4752 	EXP 	center_grating: ori = -4.0
1096.4752 	EXP 	center_grating: sf = array([2.5, 2.5])
1096.4752 	EXP 	center_grating: phase = array([0.76015952, 0.76015952])
1097.4652 	EXP 	noise_3: autoDraw = True
1097.4652 	EXP 	surround_grating: autoDraw = True
1097.4652 	EXP 	center_grating: autoDraw = True
1097.5397 	EXP 	noise_3: autoDraw = False
1097.5397 	EXP 	surround_grating: autoDraw = False
1097.5397 	EXP 	center_grating: autoDraw = False
1097.9591 	EXP 	New trial (rep=0, index=639): <Trial 639 (639 in rep 0) data={'center': 8, 'surround': 15.0, 'type': 'c+8', 'surr_type': 'poss', 'orient_opacity': 100, 'noise_opacity': 0, 'isi': 0.5, 'thisN': 639, 'thisTrialN': 639, 'thisRepN': 0}>
1097.9648 	DATA 	Keypress: period
1097.9710 	INFO 	Keyboard events cleared
1097.9705 	EXP 	noise_3: autoDraw = False
1097.9705 	EXP 	surround_grating: autoDraw = False
1097.9705 	EXP 	center_grating: autoDraw = False
1097.9705 	EXP 	text_2: autoDraw = False
1097.9705 	EXP 	surround_grating: ori = 15.0
1097.9705 	EXP 	surround_grating: sf = array([2.5, 2.5])
1097.9705 	EXP 	surround_grating: phase = array([0.76960766, 0.76960766])
1097.9705 	EXP 	center_grating: ori = 8.0
1097.9705 	EXP 	center_grating: sf = array([2.5, 2.5])
1097.9705 	EXP 	center_grating: phase = array([0.47304597, 0.47304597])
1098.4551 	EXP 	noise_3: autoDraw = True
1098.4551 	EXP 	surround_grating: autoDraw = True
1098.4551 	EXP 	center_grating: autoDraw = True
1098.5278 	EXP 	noise_3: autoDraw = False
1098.5278 	EXP 	surround_grating: autoDraw = False
1098.5278 	EXP 	center_grating: autoDraw = False
1098.9324 	EXP 	New trial (rep=0, index=640): <Trial 640 (640 in rep 0) data={'center': -8, 'surround': -15.0, 'type': 'c-8', 'surr_type': 'negs', 'orient_opacity': 100, 'noise_opacity': 0, 'isi': 0.5, 'thisN': 640, 'thisTrialN': 640, 'thisRepN': 0}>
1098.9375 	DATA 	Keypress: period
1098.9430 	INFO 	Keyboard events cleared
1098.9424 	EXP 	noise_3: autoDraw = False
1098.9424 	EXP 	surround_grating: autoDraw = False
1098.9424 	EXP 	center_grating: autoDraw = False
1098.9424 	EXP 	text_2: autoDraw = False
1098.9424 	EXP 	surround_grating: ori = -15.0
1098.9424 	EXP 	surround_grating: sf = array([2.5, 2.5])
1098.9424 	EXP 	surround_grating: phase = array([0.1820684, 0.1820684])
1098.9424 	EXP 	center_grating: ori = -8.0
1098.9424 	EXP 	center_grating: sf = array([2.5, 2.5])
1098.9424 	EXP 	center_grating: phase = array([0.88751426, 0.88751426])
1099.4319 	EXP 	noise_3: autoDraw = True
1099.4319 	EXP 	surround_grating: autoDraw = True
1099.4319 	EXP 	center_grating: autoDraw = True
1099.5062 	EXP 	noise_3: autoDraw = False
1099.5062 	EXP 	surround_grating: autoDraw = False
1099.5062 	EXP 	center_grating: autoDraw = False
1099.8105 	EXP 	New trial (rep=0, index=641): <Trial 641 (641 in rep 0) data={'center': 4, 'surround': 15.0, 'type': 'c+4', 'surr_type': 'poss', 'orient_opacity': 100, 'noise_opacity': 0, 'isi': 1.25, 'thisN': 641, 'thisTrialN': 641, 'thisRepN': 0}>
1099.8158 	DATA 	Keypress: period
1099.8215 	INFO 	Keyboard events cleared
1099.8209 	EXP 	noise_3: autoDraw = False
1099.8209 	EXP 	surround_grating: autoDraw = False
1099.8209 	EXP 	center_grating: autoDraw = False
1099.8209 	EXP 	text_2: autoDraw = False
1099.8209 	EXP 	surround_grating: ori = 15.0
1099.8209 	EXP 	surround_grating: sf = array([2.5, 2.5])
1099.8209 	EXP 	surround_grating: phase = array([0.98120521, 0.98120521])
1099.8209 	EXP 	center_grating: ori = 4.0
1099.8209 	EXP 	center_grating: sf = array([2.5, 2.5])
1099.8209 	EXP 	center_grating: phase = array([0.35096789, 0.35096789])
1101.0559 	EXP 	noise_3: autoDraw = True
1101.0559 	EXP 	surround_grating: autoDraw = True
1101.0559 	EXP 	center_grating: autoDraw = True
1101.1279 	EXP 	noise_3: autoDraw = False
1101.1279 	EXP 	surround_grating: autoDraw = False
1101.1279 	EXP 	center_grating: autoDraw = False
1101.7092 	EXP 	New trial (rep=0, index=642): <Trial 642 (642 in rep 0) data={'center': 6, 'surround': 15.0, 'type': 'c+6', 'surr_type': 'poss', 'orient_opacity': 100, 'noise_opacity': 0, 'isi': 1.25, 'thisN': 642, 'thisTrialN': 642, 'thisRepN': 0}>
1101.7145 	DATA 	Keypress: period
1101.7204 	INFO 	Keyboard events cleared
1101.7200 	EXP 	noise_3: autoDraw = False
1101.7200 	EXP 	surround_grating: autoDraw = False
1101.7200 	EXP 	center_grating: autoDraw = False
1101.7200 	EXP 	text_2: autoDraw = False
1101.7200 	EXP 	surround_grating: ori = 15.0
1101.7200 	EXP 	surround_grating: sf = array([2.5, 2.5])
1101.7200 	EXP 	surround_grating: phase = array([0.72128261, 0.72128261])
1101.7200 	EXP 	center_grating: ori = 6.0
1101.7200 	EXP 	center_grating: sf = array([2.5, 2.5])
1101.7200 	EXP 	center_grating: phase = array([0.39099609, 0.39099609])
1102.9561 	EXP 	noise_3: autoDraw = True
1102.9561 	EXP 	surround_grating: autoDraw = True
1102.9561 	EXP 	center_grating: autoDraw = True
1103.0400 	EXP 	noise_3: autoDraw = False
1103.0400 	EXP 	surround_grating: autoDraw = False
1103.0400 	EXP 	center_grating: autoDraw = False
1103.4938 	EXP 	New trial (rep=0, index=643): <Trial 643 (643 in rep 0) data={'center': 2, 'surround': 0.0, 'type': 'c+2', 'surr_type': 'noss', 'orient_opacity': 0, 'noise_opacity': 100, 'isi': 0.5, 'thisN': 643, 'thisTrialN': 643, 'thisRepN': 0}>
1103.4990 	DATA 	Keypress: period
1103.5050 	INFO 	Keyboard events cleared
1103.5045 	EXP 	noise_3: autoDraw = False
1103.5045 	EXP 	surround_grating: autoDraw = False
1103.5045 	EXP 	center_grating: autoDraw = False
1103.5045 	EXP 	text_2: autoDraw = False
1103.5045 	EXP 	surround_grating: ori = 0.0
1103.5045 	EXP 	surround_grating: sf = array([2.5, 2.5])
1103.5045 	EXP 	surround_grating: phase = array([0.08451486, 0.08451486])
1103.5045 	EXP 	center_grating: ori = 2.0
1103.5045 	EXP 	center_grating: sf = array([2.5, 2.5])
1103.5045 	EXP 	center_grating: phase = array([0.80037601, 0.80037601])
1103.9892 	EXP 	noise_3: autoDraw = True
1103.9892 	EXP 	surround_grating: autoDraw = True
1103.9892 	EXP 	center_grating: autoDraw = True
1104.0615 	EXP 	noise_3: autoDraw = False
1104.0615 	EXP 	surround_grating: autoDraw = False
1104.0615 	EXP 	center_grating: autoDraw = False
1104.3247 	EXP 	New trial (rep=0, index=644): <Trial 644 (644 in rep 0) data={'center': -2, 'surround': 15.0, 'type': 'c-2', 'surr_type': 'poss', 'orient_opacity': 100, 'noise_opacity': 0, 'isi': 1.0, 'thisN': 644, 'thisTrialN': 644, 'thisRepN': 0}>
1104.3296 	DATA 	Keypress: z
1104.3358 	INFO 	Keyboard events cleared
1104.3353 	EXP 	noise_3: autoDraw = False
1104.3353 	EXP 	surround_grating: autoDraw = False
1104.3353 	EXP 	center_grating: autoDraw = False
1104.3353 	EXP 	text_2: autoDraw = False
1104.3353 	EXP 	surround_grating: ori = 15.0
1104.3353 	EXP 	surround_grating: sf = array([2.5, 2.5])
1104.3353 	EXP 	surround_grating: phase = array([0.8322684, 0.8322684])
1104.3353 	EXP 	center_grating: ori = -2.0
1104.3353 	EXP 	center_grating: sf = array([2.5, 2.5])
1104.3353 	EXP 	center_grating: phase = array([0.35391932, 0.35391932])
1105.3227 	EXP 	noise_3: autoDraw = True
1105.3227 	EXP 	surround_grating: autoDraw = True
1105.3227 	EXP 	center_grating: autoDraw = True
1105.3946 	EXP 	noise_3: autoDraw = False
1105.3946 	EXP 	surround_grating: autoDraw = False
1105.3946 	EXP 	center_grating: autoDraw = False
1105.7929 	EXP 	New trial (rep=0, index=645): <Trial 645 (645 in rep 0) data={'center': 4, 'surround': 15.0, 'type': 'c+4', 'surr_type': 'poss', 'orient_opacity': 100, 'noise_opacity': 0, 'isi': 1.25, 'thisN': 645, 'thisTrialN': 645, 'thisRepN': 0}>
1105.7982 	DATA 	Keypress: z
1105.8043 	INFO 	Keyboard events cleared
1105.8037 	EXP 	noise_3: autoDraw = False
1105.8037 	EXP 	surround_grating: autoDraw = False
1105.8037 	EXP 	center_grating: autoDraw = False
1105.8037 	EXP 	text_2: autoDraw = False
1105.8037 	EXP 	surround_grating: ori = 15.0
1105.8037 	EXP 	surround_grating: sf = array([2.5, 2.5])
1105.8037 	EXP 	surround_grating: phase = array([0.50075118, 0.50075118])
1105.8037 	EXP 	center_grating: ori = 4.0
1105.8037 	EXP 	center_grating: sf = array([2.5, 2.5])
1105.8037 	EXP 	center_grating: phase = array([0.63041118, 0.63041118])
1107.0400 	EXP 	noise_3: autoDraw = True
1107.0400 	EXP 	surround_grating: autoDraw = True
1107.0400 	EXP 	center_grating: autoDraw = True
1107.1119 	EXP 	noise_3: autoDraw = False
1107.1119 	EXP 	surround_grating: autoDraw = False
1107.1119 	EXP 	center_grating: autoDraw = False
1107.5093 	EXP 	New trial (rep=0, index=646): <Trial 646 (646 in rep 0) data={'center': -4, 'surround': 0.0, 'type': 'c-4', 'surr_type': 'noss', 'orient_opacity': 0, 'noise_opacity': 100, 'isi': 0.75, 'thisN': 646, 'thisTrialN': 646, 'thisRepN': 0}>
1107.5149 	DATA 	Keypress: z
1107.5210 	INFO 	Keyboard events cleared
1107.5204 	EXP 	noise_3: autoDraw = False
1107.5204 	EXP 	surround_grating: autoDraw = False
1107.5204 	EXP 	center_grating: autoDraw = False
1107.5204 	EXP 	text_2: autoDraw = False
1107.5204 	EXP 	surround_grating: ori = 0.0
1107.5204 	EXP 	surround_grating: sf = array([2.5, 2.5])
1107.5204 	EXP 	surround_grating: phase = array([0.59543153, 0.59543153])
1107.5204 	EXP 	center_grating: ori = -4.0
1107.5204 	EXP 	center_grating: sf = array([2.5, 2.5])
1107.5204 	EXP 	center_grating: phase = array([0.32592873, 0.32592873])
1108.2563 	EXP 	noise_3: autoDraw = True
1108.2563 	EXP 	surround_grating: autoDraw = True
1108.2563 	EXP 	center_grating: autoDraw = True
1108.3280 	EXP 	noise_3: autoDraw = False
1108.3280 	EXP 	surround_grating: autoDraw = False
1108.3280 	EXP 	center_grating: autoDraw = False
1108.7435 	EXP 	New trial (rep=0, index=647): <Trial 647 (647 in rep 0) data={'center': 6, 'surround': 15.0, 'type': 'c+6', 'surr_type': 'poss', 'orient_opacity': 100, 'noise_opacity': 0, 'isi': 1.0, 'thisN': 647, 'thisTrialN': 647, 'thisRepN': 0}>
1108.7496 	DATA 	Keypress: z
1108.7556 	INFO 	Keyboard events cleared
1108.7551 	EXP 	noise_3: autoDraw = False
1108.7551 	EXP 	surround_grating: autoDraw = False
1108.7551 	EXP 	center_grating: autoDraw = False
1108.7551 	EXP 	text_2: autoDraw = False
1108.7551 	EXP 	surround_grating: ori = 15.0
1108.7551 	EXP 	surround_grating: sf = array([2.5, 2.5])
1108.7551 	EXP 	surround_grating: phase = array([0.0795129, 0.0795129])
1108.7551 	EXP 	center_grating: ori = 6.0
1108.7551 	EXP 	center_grating: sf = array([2.5, 2.5])
1108.7551 	EXP 	center_grating: phase = array([0.10240404, 0.10240404])
1109.7396 	EXP 	noise_3: autoDraw = True
1109.7396 	EXP 	surround_grating: autoDraw = True
1109.7396 	EXP 	center_grating: autoDraw = True
1109.8116 	EXP 	noise_3: autoDraw = False
1109.8116 	EXP 	surround_grating: autoDraw = False
1109.8116 	EXP 	center_grating: autoDraw = False
1110.1812 	EXP 	New trial (rep=0, index=648): <Trial 648 (648 in rep 0) data={'center': -4, 'surround': 0.0, 'type': 'c-4', 'surr_type': 'noss', 'orient_opacity': 0, 'noise_opacity': 100, 'isi': 1.0, 'thisN': 648, 'thisTrialN': 648, 'thisRepN': 0}>
1110.1875 	DATA 	Keypress: z
1110.1933 	INFO 	Keyboard events cleared
1110.1927 	EXP 	noise_3: autoDraw = False
1110.1927 	EXP 	surround_grating: autoDraw = False
1110.1927 	EXP 	center_grating: autoDraw = False
1110.1927 	EXP 	text_2: autoDraw = False
1110.1927 	EXP 	surround_grating: ori = 0.0
1110.1927 	EXP 	surround_grating: sf = array([2.5, 2.5])
1110.1927 	EXP 	surround_grating: phase = array([0.37312304, 0.37312304])
1110.1927 	EXP 	center_grating: ori = -4.0
1110.1927 	EXP 	center_grating: sf = array([2.5, 2.5])
1110.1927 	EXP 	center_grating: phase = array([0.90065986, 0.90065986])
1111.1827 	EXP 	noise_3: autoDraw = True
1111.1827 	EXP 	surround_grating: autoDraw = True
1111.1827 	EXP 	center_grating: autoDraw = True
1111.2567 	EXP 	noise_3: autoDraw = False
1111.2567 	EXP 	surround_grating: autoDraw = False
1111.2567 	EXP 	center_grating: autoDraw = False
1111.5132 	EXP 	New trial (rep=0, index=649): <Trial 649 (649 in rep 0) data={'center': -2, 'surround': -15.0, 'type': 'c-2', 'surr_type': 'negs', 'orient_opacity': 100, 'noise_opacity': 0, 'isi': 1.0, 'thisN': 649, 'thisTrialN': 649, 'thisRepN': 0}>
1111.5180 	DATA 	Keypress: period
1111.5239 	INFO 	Keyboard events cleared
1111.5232 	EXP 	noise_3: autoDraw = False
1111.5232 	EXP 	surround_grating: autoDraw = False
1111.5232 	EXP 	center_grating: autoDraw = False
1111.5232 	EXP 	text_2: autoDraw = False
1111.5232 	EXP 	surround_grating: ori = -15.0
1111.5232 	EXP 	surround_grating: sf = array([2.5, 2.5])
1111.5232 	EXP 	surround_grating: phase = array([0.34104294, 0.34104294])
1111.5232 	EXP 	center_grating: ori = -2.0
1111.5232 	EXP 	center_grating: sf = array([2.5, 2.5])
1111.5232 	EXP 	center_grating: phase = array([0.96512555, 0.96512555])
1112.5064 	EXP 	noise_3: autoDraw = True
1112.5064 	EXP 	surround_grating: autoDraw = True
1112.5064 	EXP 	center_grating: autoDraw = True
1112.5787 	EXP 	noise_3: autoDraw = False
1112.5787 	EXP 	surround_grating: autoDraw = False
1112.5787 	EXP 	center_grating: autoDraw = False
1112.8280 	EXP 	New trial (rep=0, index=650): <Trial 650 (650 in rep 0) data={'center': 0, 'surround': 15.0, 'type': 'c+0', 'surr_type': 'poss', 'orient_opacity': 100, 'noise_opacity': 0, 'isi': 1.0, 'thisN': 650, 'thisTrialN': 650, 'thisRepN': 0}>
1112.8338 	DATA 	Keypress: period
1112.8397 	INFO 	Keyboard events cleared
1112.8392 	EXP 	noise_3: autoDraw = False
1112.8392 	EXP 	surround_grating: autoDraw = False
1112.8392 	EXP 	center_grating: autoDraw = False
1112.8392 	EXP 	text_2: autoDraw = False
1112.8392 	EXP 	surround_grating: ori = 15.0
1112.8392 	EXP 	surround_grating: sf = array([2.5, 2.5])
1112.8392 	EXP 	surround_grating: phase = array([0.33438566, 0.33438566])
1112.8392 	EXP 	center_grating: ori = 0.0
1112.8392 	EXP 	center_grating: sf = array([2.5, 2.5])
1112.8392 	EXP 	center_grating: phase = array([0.79374115, 0.79374115])
1113.8232 	EXP 	noise_3: autoDraw = True
1113.8232 	EXP 	surround_grating: autoDraw = True
1113.8232 	EXP 	center_grating: autoDraw = True
1113.8950 	EXP 	noise_3: autoDraw = False
1113.8950 	EXP 	surround_grating: autoDraw = False
1113.8950 	EXP 	center_grating: autoDraw = False
1114.0818 	EXP 	New trial (rep=0, index=651): <Trial 651 (651 in rep 0) data={'center': -4, 'surround': -15.0, 'type': 'c-4', 'surr_type': 'negs', 'orient_opacity': 100, 'noise_opacity': 0, 'isi': 0.75, 'thisN': 651, 'thisTrialN': 651, 'thisRepN': 0}>
1114.0869 	DATA 	Keypress: period
1114.0931 	INFO 	Keyboard events cleared
1114.0926 	EXP 	noise_3: autoDraw = False
1114.0926 	EXP 	surround_grating: autoDraw = False
1114.0926 	EXP 	center_grating: autoDraw = False
1114.0926 	EXP 	text_2: autoDraw = False
1114.0926 	EXP 	surround_grating: ori = -15.0
1114.0926 	EXP 	surround_grating: sf = array([2.5, 2.5])
1114.0926 	EXP 	surround_grating: phase = array([0.27609633, 0.27609633])
1114.0926 	EXP 	center_grating: ori = -4.0
1114.0926 	EXP 	center_grating: sf = array([2.5, 2.5])
1114.0926 	EXP 	center_grating: phase = array([0.49078261, 0.49078261])
1114.8322 	EXP 	noise_3: autoDraw = True
1114.8322 	EXP 	surround_grating: autoDraw = True
1114.8322 	EXP 	center_grating: autoDraw = True
1114.9070 	EXP 	noise_3: autoDraw = False
1114.9070 	EXP 	surround_grating: autoDraw = False
1114.9070 	EXP 	center_grating: autoDraw = False
1115.2156 	EXP 	New trial (rep=0, index=652): <Trial 652 (652 in rep 0) data={'center': -2, 'surround': -15.0, 'type': 'c-2', 'surr_type': 'negs', 'orient_opacity': 100, 'noise_opacity': 0, 'isi': 0.5, 'thisN': 652, 'thisTrialN': 652, 'thisRepN': 0}>
1115.2211 	DATA 	Keypress: z
1115.2268 	INFO 	Keyboard events cleared
1115.2263 	EXP 	noise_3: autoDraw = False
1115.2263 	EXP 	surround_grating: autoDraw = False
1115.2263 	EXP 	center_grating: autoDraw = False
1115.2263 	EXP 	text_2: autoDraw = False
1115.2263 	EXP 	surround_grating: ori = -15.0
1115.2263 	EXP 	surround_grating: sf = array([2.5, 2.5])
1115.2263 	EXP 	surround_grating: phase = array([0.11118255, 0.11118255])
1115.2263 	EXP 	center_grating: ori = -2.0
1115.2263 	EXP 	center_grating: sf = array([2.5, 2.5])
1115.2263 	EXP 	center_grating: phase = array([0.48777037, 0.48777037])
1115.7160 	EXP 	noise_3: autoDraw = True
1115.7160 	EXP 	surround_grating: autoDraw = True
1115.7160 	EXP 	center_grating: autoDraw = True
1115.7901 	EXP 	noise_3: autoDraw = False
1115.7901 	EXP 	surround_grating: autoDraw = False
1115.7901 	EXP 	center_grating: autoDraw = False
1116.5158 	EXP 	New trial (rep=0, index=653): <Trial 653 (653 in rep 0) data={'center': -4, 'surround': -15.0, 'type': 'c-4', 'surr_type': 'negs', 'orient_opacity': 100, 'noise_opacity': 0, 'isi': 1.0, 'thisN': 653, 'thisTrialN': 653, 'thisRepN': 0}>
1116.5207 	DATA 	Keypress: period
1116.5265 	INFO 	Keyboard events cleared
1116.5260 	EXP 	noise_3: autoDraw = False
1116.5260 	EXP 	surround_grating: autoDraw = False
1116.5260 	EXP 	center_grating: autoDraw = False
1116.5260 	EXP 	text_2: autoDraw = False
1116.5260 	EXP 	surround_grating: ori = -15.0
1116.5260 	EXP 	surround_grating: sf = array([2.5, 2.5])
1116.5260 	EXP 	surround_grating: phase = array([0.92632175, 0.92632175])
1116.5260 	EXP 	center_grating: ori = -4.0
1116.5260 	EXP 	center_grating: sf = array([2.5, 2.5])
1116.5260 	EXP 	center_grating: phase = array([0.7591365, 0.7591365])
1117.5161 	EXP 	noise_3: autoDraw = True
1117.5161 	EXP 	surround_grating: autoDraw = True
1117.5161 	EXP 	center_grating: autoDraw = True
1117.5893 	EXP 	noise_3: autoDraw = False
1117.5893 	EXP 	surround_grating: autoDraw = False
1117.5893 	EXP 	center_grating: autoDraw = False
1118.2107 	EXP 	New trial (rep=0, index=654): <Trial 654 (654 in rep 0) data={'center': 2, 'surround': -15.0, 'type': 'c+2', 'surr_type': 'negs', 'orient_opacity': 100, 'noise_opacity': 0, 'isi': 0.75, 'thisN': 654, 'thisTrialN': 654, 'thisRepN': 0}>
1118.2161 	DATA 	Keypress: z
1118.2221 	INFO 	Keyboard events cleared
1118.2216 	EXP 	noise_3: autoDraw = False
1118.2216 	EXP 	surround_grating: autoDraw = False
1118.2216 	EXP 	center_grating: autoDraw = False
1118.2216 	EXP 	text_2: autoDraw = False
1118.2216 	EXP 	surround_grating: ori = -15.0
1118.2216 	EXP 	surround_grating: sf = array([2.5, 2.5])
1118.2216 	EXP 	surround_grating: phase = array([0.16992105, 0.16992105])
1118.2216 	EXP 	center_grating: ori = 2.0
1118.2216 	EXP 	center_grating: sf = array([2.5, 2.5])
1118.2216 	EXP 	center_grating: phase = array([0.30765525, 0.30765525])
1118.9565 	EXP 	noise_3: autoDraw = True
1118.9565 	EXP 	surround_grating: autoDraw = True
1118.9565 	EXP 	center_grating: autoDraw = True
1119.0297 	EXP 	noise_3: autoDraw = False
1119.0297 	EXP 	surround_grating: autoDraw = False
1119.0297 	EXP 	center_grating: autoDraw = False
1119.7266 	EXP 	New trial (rep=0, index=655): <Trial 655 (655 in rep 0) data={'center': -6, 'surround': -15.0, 'type': 'c-6', 'surr_type': 'negs', 'orient_opacity': 100, 'noise_opacity': 0, 'isi': 0.75, 'thisN': 655, 'thisTrialN': 655, 'thisRepN': 0}>
1119.7317 	DATA 	Keypress: period
1119.7376 	INFO 	Keyboard events cleared
1119.7371 	EXP 	noise_3: autoDraw = False
1119.7371 	EXP 	surround_grating: autoDraw = False
1119.7371 	EXP 	center_grating: autoDraw = False
1119.7371 	EXP 	text_2: autoDraw = False
1119.7371 	EXP 	surround_grating: ori = -15.0
1119.7371 	EXP 	surround_grating: sf = array([2.5, 2.5])
1119.7371 	EXP 	surround_grating: phase = array([0.69605067, 0.69605067])
1119.7371 	EXP 	center_grating: ori = -6.0
1119.7371 	EXP 	center_grating: sf = array([2.5, 2.5])
1119.7371 	EXP 	center_grating: phase = array([0.11347316, 0.11347316])
1120.4733 	EXP 	noise_3: autoDraw = True
1120.4733 	EXP 	surround_grating: autoDraw = True
1120.4733 	EXP 	center_grating: autoDraw = True
1120.5458 	EXP 	noise_3: autoDraw = False
1120.5458 	EXP 	surround_grating: autoDraw = False
1120.5458 	EXP 	center_grating: autoDraw = False
1121.3110 	EXP 	New trial (rep=0, index=656): <Trial 656 (656 in rep 0) data={'center': 0, 'surround': 15.0, 'type': 'c+0', 'surr_type': 'poss', 'orient_opacity': 100, 'noise_opacity': 0, 'isi': 0.75, 'thisN': 656, 'thisTrialN': 656, 'thisRepN': 0}>
1121.3163 	DATA 	Keypress: z
1121.3223 	INFO 	Keyboard events cleared
1121.3218 	EXP 	noise_3: autoDraw = False
1121.3218 	EXP 	surround_grating: autoDraw = False
1121.3218 	EXP 	center_grating: autoDraw = False
1121.3218 	EXP 	text_2: autoDraw = False
1121.3218 	EXP 	surround_grating: ori = 15.0
1121.3218 	EXP 	surround_grating: sf = array([2.5, 2.5])
1121.3218 	EXP 	surround_grating: phase = array([0.88097312, 0.88097312])
1121.3218 	EXP 	center_grating: ori = 0.0
1121.3218 	EXP 	center_grating: sf = array([2.5, 2.5])
1121.3218 	EXP 	center_grating: phase = array([0.49003133, 0.49003133])
1122.0567 	EXP 	noise_3: autoDraw = True
1122.0567 	EXP 	surround_grating: autoDraw = True
1122.0567 	EXP 	center_grating: autoDraw = True
1122.1290 	EXP 	noise_3: autoDraw = False
1122.1290 	EXP 	surround_grating: autoDraw = False
1122.1290 	EXP 	center_grating: autoDraw = False
1122.6490 	EXP 	New trial (rep=0, index=657): <Trial 657 (657 in rep 0) data={'center': -4, 'surround': -15.0, 'type': 'c-4', 'surr_type': 'negs', 'orient_opacity': 100, 'noise_opacity': 0, 'isi': 0.75, 'thisN': 657, 'thisTrialN': 657, 'thisRepN': 0}>
1122.6541 	DATA 	Keypress: z
1122.6603 	INFO 	Keyboard events cleared
1122.6597 	EXP 	noise_3: autoDraw = False
1122.6597 	EXP 	surround_grating: autoDraw = False
1122.6597 	EXP 	center_grating: autoDraw = False
1122.6597 	EXP 	text_2: autoDraw = False
1122.6597 	EXP 	surround_grating: ori = -15.0
1122.6597 	EXP 	surround_grating: sf = array([2.5, 2.5])
1122.6597 	EXP 	surround_grating: phase = array([0.58283959, 0.58283959])
1122.6597 	EXP 	center_grating: ori = -4.0
1122.6597 	EXP 	center_grating: sf = array([2.5, 2.5])
1122.6597 	EXP 	center_grating: phase = array([0.57290408, 0.57290408])
1123.4001 	EXP 	noise_3: autoDraw = True
1123.4001 	EXP 	surround_grating: autoDraw = True
1123.4001 	EXP 	center_grating: autoDraw = True
1123.4741 	EXP 	noise_3: autoDraw = False
1123.4741 	EXP 	surround_grating: autoDraw = False
1123.4741 	EXP 	center_grating: autoDraw = False
1124.3110 	EXP 	New trial (rep=0, index=658): <Trial 658 (658 in rep 0) data={'center': -4, 'surround': 0.0, 'type': 'c-4', 'surr_type': 'noss', 'orient_opacity': 0, 'noise_opacity': 100, 'isi': 1.0, 'thisN': 658, 'thisTrialN': 658, 'thisRepN': 0}>
1124.3166 	DATA 	Keypress: period
1124.3229 	INFO 	Keyboard events cleared
1124.3224 	EXP 	noise_3: autoDraw = False
1124.3224 	EXP 	surround_grating: autoDraw = False
1124.3224 	EXP 	center_grating: autoDraw = False
1124.3224 	EXP 	text_2: autoDraw = False
1124.3224 	EXP 	surround_grating: ori = 0.0
1124.3224 	EXP 	surround_grating: sf = array([2.5, 2.5])
1124.3224 	EXP 	surround_grating: phase = array([0.64820674, 0.64820674])
1124.3224 	EXP 	center_grating: ori = -4.0
1124.3224 	EXP 	center_grating: sf = array([2.5, 2.5])
1124.3224 	EXP 	center_grating: phase = array([0.09574895, 0.09574895])
1125.3059 	EXP 	noise_3: autoDraw = True
1125.3059 	EXP 	surround_grating: autoDraw = True
1125.3059 	EXP 	center_grating: autoDraw = True
1125.3803 	EXP 	noise_3: autoDraw = False
1125.3803 	EXP 	surround_grating: autoDraw = False
1125.3803 	EXP 	center_grating: autoDraw = False
1125.8934 	EXP 	New trial (rep=0, index=659): <Trial 659 (659 in rep 0) data={'center': 6, 'surround': 15.0, 'type': 'c+6', 'surr_type': 'poss', 'orient_opacity': 100, 'noise_opacity': 0, 'isi': 0.5, 'thisN': 659, 'thisTrialN': 659, 'thisRepN': 0}>
1125.8985 	DATA 	Keypress: z
1125.9046 	INFO 	Keyboard events cleared
1125.9042 	EXP 	noise_3: autoDraw = False
1125.9042 	EXP 	surround_grating: autoDraw = False
1125.9042 	EXP 	center_grating: autoDraw = False
1125.9042 	EXP 	text_2: autoDraw = False
1125.9042 	EXP 	surround_grating: ori = 15.0
1125.9042 	EXP 	surround_grating: sf = array([2.5, 2.5])
1125.9042 	EXP 	surround_grating: phase = array([0.15373218, 0.15373218])
1125.9042 	EXP 	center_grating: ori = 6.0
1125.9042 	EXP 	center_grating: sf = array([2.5, 2.5])
1125.9042 	EXP 	center_grating: phase = array([0.57276391, 0.57276391])
1126.3892 	EXP 	noise_3: autoDraw = True
1126.3892 	EXP 	surround_grating: autoDraw = True
1126.3892 	EXP 	center_grating: autoDraw = True
1126.4624 	EXP 	noise_3: autoDraw = False
1126.4624 	EXP 	surround_grating: autoDraw = False
1126.4624 	EXP 	center_grating: autoDraw = False
1126.9254 	EXP 	New trial (rep=0, index=660): <Trial 660 (660 in rep 0) data={'center': 2, 'surround': -15.0, 'type': 'c+2', 'surr_type': 'negs', 'orient_opacity': 100, 'noise_opacity': 0, 'isi': 0.75, 'thisN': 660, 'thisTrialN': 660, 'thisRepN': 0}>
1126.9310 	DATA 	Keypress: z
1126.9371 	INFO 	Keyboard events cleared
1126.9366 	EXP 	noise_3: autoDraw = False
1126.9366 	EXP 	surround_grating: autoDraw = False
1126.9366 	EXP 	center_grating: autoDraw = False
1126.9366 	EXP 	text_2: autoDraw = False
1126.9366 	EXP 	surround_grating: ori = -15.0
1126.9366 	EXP 	surround_grating: sf = array([2.5, 2.5])
1126.9366 	EXP 	surround_grating: phase = array([0.01897259, 0.01897259])
1126.9366 	EXP 	center_grating: ori = 2.0
1126.9366 	EXP 	center_grating: sf = array([2.5, 2.5])
1126.9366 	EXP 	center_grating: phase = array([0.70653226, 0.70653226])
1127.6737 	EXP 	noise_3: autoDraw = True
1127.6737 	EXP 	surround_grating: autoDraw = True
1127.6737 	EXP 	center_grating: autoDraw = True
1127.7460 	EXP 	noise_3: autoDraw = False
1127.7460 	EXP 	surround_grating: autoDraw = False
1127.7460 	EXP 	center_grating: autoDraw = False
1128.1973 	DATA 	Keypress: period
1128.2043 	EXP 	New trial (rep=0, index=661): <Trial 661 (661 in rep 0) data={'center': -4, 'surround': 0.0, 'type': 'c-4', 'surr_type': 'noss', 'orient_opacity': 0, 'noise_opacity': 100, 'isi': 0.75, 'thisN': 661, 'thisTrialN': 661, 'thisRepN': 0}>
1128.2108 	INFO 	Keyboard events cleared
1128.2105 	EXP 	noise_3: autoDraw = False
1128.2105 	EXP 	surround_grating: autoDraw = False
1128.2105 	EXP 	center_grating: autoDraw = False
1128.2105 	EXP 	text_2: autoDraw = False
1128.2105 	EXP 	surround_grating: ori = 0.0
1128.2105 	EXP 	surround_grating: sf = array([2.5, 2.5])
1128.2105 	EXP 	surround_grating: phase = array([0.89124509, 0.89124509])
1128.2105 	EXP 	center_grating: ori = -4.0
1128.2105 	EXP 	center_grating: sf = array([2.5, 2.5])
1128.2105 	EXP 	center_grating: phase = array([0.8039887, 0.8039887])
1128.9501 	EXP 	noise_3: autoDraw = True
1128.9501 	EXP 	surround_grating: autoDraw = True
1128.9501 	EXP 	center_grating: autoDraw = True
1129.0242 	EXP 	noise_3: autoDraw = False
1129.0242 	EXP 	surround_grating: autoDraw = False
1129.0242 	EXP 	center_grating: autoDraw = False
1129.5441 	EXP 	New trial (rep=0, index=662): <Trial 662 (662 in rep 0) data={'center': 0, 'surround': 0.0, 'type': 'c+0', 'surr_type': 'noss', 'orient_opacity': 0, 'noise_opacity': 100, 'isi': 1.25, 'thisN': 662, 'thisTrialN': 662, 'thisRepN': 0}>
1129.5493 	DATA 	Keypress: z
1129.5553 	INFO 	Keyboard events cleared
1129.5548 	EXP 	noise_3: autoDraw = False
1129.5548 	EXP 	surround_grating: autoDraw = False
1129.5548 	EXP 	center_grating: autoDraw = False
1129.5548 	EXP 	text_2: autoDraw = False
1129.5548 	EXP 	surround_grating: ori = 0.0
1129.5548 	EXP 	surround_grating: sf = array([2.5, 2.5])
1129.5548 	EXP 	surround_grating: phase = array([0.14513817, 0.14513817])
1129.5548 	EXP 	center_grating: ori = 0.0
1129.5548 	EXP 	center_grating: sf = array([2.5, 2.5])
1129.5548 	EXP 	center_grating: phase = array([0.00770314, 0.00770314])
1130.7905 	EXP 	noise_3: autoDraw = True
1130.7905 	EXP 	surround_grating: autoDraw = True
1130.7905 	EXP 	center_grating: autoDraw = True
1130.8627 	EXP 	noise_3: autoDraw = False
1130.8627 	EXP 	surround_grating: autoDraw = False
1130.8627 	EXP 	center_grating: autoDraw = False
1131.6338 	EXP 	New trial (rep=0, index=663): <Trial 663 (663 in rep 0) data={'center': -6, 'surround': -15.0, 'type': 'c-6', 'surr_type': 'negs', 'orient_opacity': 100, 'noise_opacity': 0, 'isi': 1.25, 'thisN': 663, 'thisTrialN': 663, 'thisRepN': 0}>
1131.6388 	DATA 	Keypress: period
1131.6443 	INFO 	Keyboard events cleared
1131.6438 	EXP 	noise_3: autoDraw = False
1131.6438 	EXP 	surround_grating: autoDraw = False
1131.6438 	EXP 	center_grating: autoDraw = False
1131.6438 	EXP 	text_2: autoDraw = False
1131.6438 	EXP 	surround_grating: ori = -15.0
1131.6438 	EXP 	surround_grating: sf = array([2.5, 2.5])
1131.6438 	EXP 	surround_grating: phase = array([0.16996674, 0.16996674])
1131.6438 	EXP 	center_grating: ori = -6.0
1131.6438 	EXP 	center_grating: sf = array([2.5, 2.5])
1131.6438 	EXP 	center_grating: phase = array([0.26195439, 0.26195439])
1132.8836 	EXP 	noise_3: autoDraw = True
1132.8836 	EXP 	surround_grating: autoDraw = True
1132.8836 	EXP 	center_grating: autoDraw = True
1132.9576 	EXP 	noise_3: autoDraw = False
1132.9576 	EXP 	surround_grating: autoDraw = False
1132.9576 	EXP 	center_grating: autoDraw = False
1133.3601 	EXP 	New trial (rep=0, index=664): <Trial 664 (664 in rep 0) data={'center': 2, 'surround': 0.0, 'type': 'c+2', 'surr_type': 'noss', 'orient_opacity': 0, 'noise_opacity': 100, 'isi': 0.75, 'thisN': 664, 'thisTrialN': 664, 'thisRepN': 0}>
1133.3655 	DATA 	Keypress: z
1133.3718 	INFO 	Keyboard events cleared
1133.3712 	EXP 	noise_3: autoDraw = False
1133.3712 	EXP 	surround_grating: autoDraw = False
1133.3712 	EXP 	center_grating: autoDraw = False
1133.3712 	EXP 	text_2: autoDraw = False
1133.3712 	EXP 	surround_grating: ori = 0.0
1133.3712 	EXP 	surround_grating: sf = array([2.5, 2.5])
1133.3712 	EXP 	surround_grating: phase = array([0.59399381, 0.59399381])
1133.3712 	EXP 	center_grating: ori = 2.0
1133.3712 	EXP 	center_grating: sf = array([2.5, 2.5])
1133.3712 	EXP 	center_grating: phase = array([0.95541189, 0.95541189])
1134.1071 	EXP 	noise_3: autoDraw = True
1134.1071 	EXP 	surround_grating: autoDraw = True
1134.1071 	EXP 	center_grating: autoDraw = True
1134.1790 	EXP 	noise_3: autoDraw = False
1134.1790 	EXP 	surround_grating: autoDraw = False
1134.1790 	EXP 	center_grating: autoDraw = False
1134.8284 	EXP 	New trial (rep=0, index=665): <Trial 665 (665 in rep 0) data={'center': -2, 'surround': 0.0, 'type': 'c-2', 'surr_type': 'noss', 'orient_opacity': 0, 'noise_opacity': 100, 'isi': 0.75, 'thisN': 665, 'thisTrialN': 665, 'thisRepN': 0}>
1134.8340 	DATA 	Keypress: period
1134.8404 	INFO 	Keyboard events cleared
1134.8398 	EXP 	noise_3: autoDraw = False
1134.8398 	EXP 	surround_grating: autoDraw = False
1134.8398 	EXP 	center_grating: autoDraw = False
1134.8398 	EXP 	text_2: autoDraw = False
1134.8398 	EXP 	surround_grating: ori = 0.0
1134.8398 	EXP 	surround_grating: sf = array([2.5, 2.5])
1134.8398 	EXP 	surround_grating: phase = array([0.41926505, 0.41926505])
1134.8398 	EXP 	center_grating: ori = -2.0
1134.8398 	EXP 	center_grating: sf = array([2.5, 2.5])
1134.8398 	EXP 	center_grating: phase = array([0.66458031, 0.66458031])
1135.5731 	EXP 	noise_3: autoDraw = True
1135.5731 	EXP 	surround_grating: autoDraw = True
1135.5731 	EXP 	center_grating: autoDraw = True
1135.6473 	EXP 	noise_3: autoDraw = False
1135.6473 	EXP 	surround_grating: autoDraw = False
1135.6473 	EXP 	center_grating: autoDraw = False
1136.2834 	EXP 	New trial (rep=0, index=666): <Trial 666 (666 in rep 0) data={'center': 2, 'surround': -15.0, 'type': 'c+2', 'surr_type': 'negs', 'orient_opacity': 100, 'noise_opacity': 0, 'isi': 0.5, 'thisN': 666, 'thisTrialN': 666, 'thisRepN': 0}>
1136.2889 	DATA 	Keypress: period
1136.2942 	INFO 	Keyboard events cleared
1136.2936 	EXP 	noise_3: autoDraw = False
1136.2936 	EXP 	surround_grating: autoDraw = False
1136.2936 	EXP 	center_grating: autoDraw = False
1136.2936 	EXP 	text_2: autoDraw = False
1136.2936 	EXP 	surround_grating: ori = -15.0
1136.2936 	EXP 	surround_grating: sf = array([2.5, 2.5])
1136.2936 	EXP 	surround_grating: phase = array([0.55661198, 0.55661198])
1136.2936 	EXP 	center_grating: ori = 2.0
1136.2936 	EXP 	center_grating: sf = array([2.5, 2.5])
1136.2936 	EXP 	center_grating: phase = array([0.5207684, 0.5207684])
1136.7829 	EXP 	noise_3: autoDraw = True
1136.7829 	EXP 	surround_grating: autoDraw = True
1136.7829 	EXP 	center_grating: autoDraw = True
1136.8578 	EXP 	noise_3: autoDraw = False
1136.8578 	EXP 	surround_grating: autoDraw = False
1136.8578 	EXP 	center_grating: autoDraw = False
1137.3777 	EXP 	New trial (rep=0, index=667): <Trial 667 (667 in rep 0) data={'center': 0, 'surround': 15.0, 'type': 'c+0', 'surr_type': 'poss', 'orient_opacity': 100, 'noise_opacity': 0, 'isi': 0.5, 'thisN': 667, 'thisTrialN': 667, 'thisRepN': 0}>
1137.3829 	DATA 	Keypress: period
1137.3890 	INFO 	Keyboard events cleared
1137.3886 	EXP 	noise_3: autoDraw = False
1137.3886 	EXP 	surround_grating: autoDraw = False
1137.3886 	EXP 	center_grating: autoDraw = False
1137.3886 	EXP 	text_2: autoDraw = False
1137.3886 	EXP 	surround_grating: ori = 15.0
1137.3886 	EXP 	surround_grating: sf = array([2.5, 2.5])
1137.3886 	EXP 	surround_grating: phase = array([0.48035776, 0.48035776])
1137.3886 	EXP 	center_grating: ori = 0.0
1137.3886 	EXP 	center_grating: sf = array([2.5, 2.5])
1137.3886 	EXP 	center_grating: phase = array([0.48022893, 0.48022893])
1137.8731 	EXP 	noise_3: autoDraw = True
1137.8731 	EXP 	surround_grating: autoDraw = True
1137.8731 	EXP 	center_grating: autoDraw = True
1137.9457 	EXP 	noise_3: autoDraw = False
1137.9457 	EXP 	surround_grating: autoDraw = False
1137.9457 	EXP 	center_grating: autoDraw = False
1138.4950 	EXP 	New trial (rep=0, index=668): <Trial 668 (668 in rep 0) data={'center': -8, 'surround': -15.0, 'type': 'c-8', 'surr_type': 'negs', 'orient_opacity': 100, 'noise_opacity': 0, 'isi': 0.75, 'thisN': 668, 'thisTrialN': 668, 'thisRepN': 0}>
1138.5002 	DATA 	Keypress: z
1138.5065 	INFO 	Keyboard events cleared
1138.5060 	EXP 	noise_3: autoDraw = False
1138.5060 	EXP 	surround_grating: autoDraw = False
1138.5060 	EXP 	center_grating: autoDraw = False
1138.5060 	EXP 	text_2: autoDraw = False
1138.5060 	EXP 	surround_grating: ori = -15.0
1138.5060 	EXP 	surround_grating: sf = array([2.5, 2.5])
1138.5060 	EXP 	surround_grating: phase = array([0.34550873, 0.34550873])
1138.5060 	EXP 	center_grating: ori = -8.0
1138.5060 	EXP 	center_grating: sf = array([2.5, 2.5])
1138.5060 	EXP 	center_grating: phase = array([0.03208065, 0.03208065])
1139.2406 	EXP 	noise_3: autoDraw = True
1139.2406 	EXP 	surround_grating: autoDraw = True
1139.2406 	EXP 	center_grating: autoDraw = True
1139.3129 	EXP 	noise_3: autoDraw = False
1139.3129 	EXP 	surround_grating: autoDraw = False
1139.3129 	EXP 	center_grating: autoDraw = False
1139.9271 	EXP 	New trial (rep=0, index=669): <Trial 669 (669 in rep 0) data={'center': -2, 'surround': 0.0, 'type': 'c-2', 'surr_type': 'noss', 'orient_opacity': 0, 'noise_opacity': 100, 'isi': 0.75, 'thisN': 669, 'thisTrialN': 669, 'thisRepN': 0}>
1139.9326 	DATA 	Keypress: z
1139.9383 	INFO 	Keyboard events cleared
1139.9377 	EXP 	noise_3: autoDraw = False
1139.9377 	EXP 	surround_grating: autoDraw = False
1139.9377 	EXP 	center_grating: autoDraw = False
1139.9377 	EXP 	text_2: autoDraw = False
1139.9377 	EXP 	surround_grating: ori = 0.0
1139.9377 	EXP 	surround_grating: sf = array([2.5, 2.5])
1139.9377 	EXP 	surround_grating: phase = array([0.92063101, 0.92063101])
1139.9377 	EXP 	center_grating: ori = -2.0
1139.9377 	EXP 	center_grating: sf = array([2.5, 2.5])
1139.9377 	EXP 	center_grating: phase = array([0.67249575, 0.67249575])
1140.6740 	EXP 	noise_3: autoDraw = True
1140.6740 	EXP 	surround_grating: autoDraw = True
1140.6740 	EXP 	center_grating: autoDraw = True
1140.7462 	EXP 	noise_3: autoDraw = False
1140.7462 	EXP 	surround_grating: autoDraw = False
1140.7462 	EXP 	center_grating: autoDraw = False
1141.2654 	EXP 	New trial (rep=0, index=670): <Trial 670 (670 in rep 0) data={'center': -4, 'surround': -15.0, 'type': 'c-4', 'surr_type': 'negs', 'orient_opacity': 100, 'noise_opacity': 0, 'isi': 1.25, 'thisN': 670, 'thisTrialN': 670, 'thisRepN': 0}>
1141.2704 	DATA 	Keypress: period
1141.2769 	INFO 	Keyboard events cleared
1141.2762 	EXP 	noise_3: autoDraw = False
1141.2762 	EXP 	surround_grating: autoDraw = False
1141.2762 	EXP 	center_grating: autoDraw = False
1141.2762 	EXP 	text_2: autoDraw = False
1141.2762 	EXP 	surround_grating: ori = -15.0
1141.2762 	EXP 	surround_grating: sf = array([2.5, 2.5])
1141.2762 	EXP 	surround_grating: phase = array([0.95572235, 0.95572235])
1141.2762 	EXP 	center_grating: ori = -4.0
1141.2762 	EXP 	center_grating: sf = array([2.5, 2.5])
1141.2762 	EXP 	center_grating: phase = array([0.33671894, 0.33671894])
1142.5176 	EXP 	noise_3: autoDraw = True
1142.5176 	EXP 	surround_grating: autoDraw = True
1142.5176 	EXP 	center_grating: autoDraw = True
1142.5913 	EXP 	noise_3: autoDraw = False
1142.5913 	EXP 	surround_grating: autoDraw = False
1142.5913 	EXP 	center_grating: autoDraw = False
1143.6329 	EXP 	New trial (rep=0, index=671): <Trial 671 (671 in rep 0) data={'center': -2, 'surround': 0.0, 'type': 'c-2', 'surr_type': 'noss', 'orient_opacity': 0, 'noise_opacity': 100, 'isi': 0.5, 'thisN': 671, 'thisTrialN': 671, 'thisRepN': 0}>
1143.6381 	DATA 	Keypress: period
1143.6442 	INFO 	Keyboard events cleared
1143.6438 	EXP 	noise_3: autoDraw = False
1143.6438 	EXP 	surround_grating: autoDraw = False
1143.6438 	EXP 	center_grating: autoDraw = False
1143.6438 	EXP 	text_2: autoDraw = False
1143.6438 	EXP 	surround_grating: ori = 0.0
1143.6438 	EXP 	surround_grating: sf = array([2.5, 2.5])
1143.6438 	EXP 	surround_grating: phase = array([0.98813564, 0.98813564])
1143.6438 	EXP 	center_grating: ori = -2.0
1143.6438 	EXP 	center_grating: sf = array([2.5, 2.5])
1143.6438 	EXP 	center_grating: phase = array([0.59374821, 0.59374821])
1144.1343 	EXP 	noise_3: autoDraw = True
1144.1343 	EXP 	surround_grating: autoDraw = True
1144.1343 	EXP 	center_grating: autoDraw = True
1144.2080 	EXP 	noise_3: autoDraw = False
1144.2080 	EXP 	surround_grating: autoDraw = False
1144.2080 	EXP 	center_grating: autoDraw = False
1145.1004 	EXP 	New trial (rep=0, index=672): <Trial 672 (672 in rep 0) data={'center': 8, 'surround': 15.0, 'type': 'c+8', 'surr_type': 'poss', 'orient_opacity': 100, 'noise_opacity': 0, 'isi': 0.75, 'thisN': 672, 'thisTrialN': 672, 'thisRepN': 0}>
1145.1055 	DATA 	Keypress: z
1145.1112 	INFO 	Keyboard events cleared
1145.1106 	EXP 	noise_3: autoDraw = False
1145.1106 	EXP 	surround_grating: autoDraw = False
1145.1106 	EXP 	center_grating: autoDraw = False
1145.1106 	EXP 	text_2: autoDraw = False
1145.1106 	EXP 	surround_grating: ori = 15.0
1145.1106 	EXP 	surround_grating: sf = array([2.5, 2.5])
1145.1106 	EXP 	surround_grating: phase = array([0.8124907, 0.8124907])
1145.1106 	EXP 	center_grating: ori = 8.0
1145.1106 	EXP 	center_grating: sf = array([2.5, 2.5])
1145.1106 	EXP 	center_grating: phase = array([0.82412665, 0.82412665])
1145.8526 	EXP 	noise_3: autoDraw = True
1145.8526 	EXP 	surround_grating: autoDraw = True
1145.8526 	EXP 	center_grating: autoDraw = True
1145.9303 	EXP 	noise_3: autoDraw = False
1145.9303 	EXP 	surround_grating: autoDraw = False
1145.9303 	EXP 	center_grating: autoDraw = False
1146.4611 	EXP 	New trial (rep=0, index=673): <Trial 673 (673 in rep 0) data={'center': 2, 'surround': 15.0, 'type': 'c+2', 'surr_type': 'poss', 'orient_opacity': 100, 'noise_opacity': 0, 'isi': 1.0, 'thisN': 673, 'thisTrialN': 673, 'thisRepN': 0}>
1146.4663 	DATA 	Keypress: period
1146.4726 	INFO 	Keyboard events cleared
1146.4721 	EXP 	noise_3: autoDraw = False
1146.4721 	EXP 	surround_grating: autoDraw = False
1146.4721 	EXP 	center_grating: autoDraw = False
1146.4721 	EXP 	text_2: autoDraw = False
1146.4721 	EXP 	surround_grating: ori = 15.0
1146.4721 	EXP 	surround_grating: sf = array([2.5, 2.5])
1146.4721 	EXP 	surround_grating: phase = array([0.36834749, 0.36834749])
1146.4721 	EXP 	center_grating: ori = 2.0
1146.4721 	EXP 	center_grating: sf = array([2.5, 2.5])
1146.4721 	EXP 	center_grating: phase = array([0.39686038, 0.39686038])
1147.4575 	EXP 	noise_3: autoDraw = True
1147.4575 	EXP 	surround_grating: autoDraw = True
1147.4575 	EXP 	center_grating: autoDraw = True
1147.5297 	EXP 	noise_3: autoDraw = False
1147.5297 	EXP 	surround_grating: autoDraw = False
1147.5297 	EXP 	center_grating: autoDraw = False
1147.9996 	EXP 	New trial (rep=0, index=674): <Trial 674 (674 in rep 0) data={'center': -2, 'surround': 0.0, 'type': 'c-2', 'surr_type': 'noss', 'orient_opacity': 0, 'noise_opacity': 100, 'isi': 0.5, 'thisN': 674, 'thisTrialN': 674, 'thisRepN': 0}>
1148.0045 	DATA 	Keypress: z
1148.0107 	INFO 	Keyboard events cleared
1148.0102 	EXP 	noise_3: autoDraw = False
1148.0102 	EXP 	surround_grating: autoDraw = False
1148.0102 	EXP 	center_grating: autoDraw = False
1148.0102 	EXP 	text_2: autoDraw = False
1148.0102 	EXP 	surround_grating: ori = 0.0
1148.0102 	EXP 	surround_grating: sf = array([2.5, 2.5])
1148.0102 	EXP 	surround_grating: phase = array([0.64668475, 0.64668475])
1148.0102 	EXP 	center_grating: ori = -2.0
1148.0102 	EXP 	center_grating: sf = array([2.5, 2.5])
1148.0102 	EXP 	center_grating: phase = array([0.89795575, 0.89795575])
1148.5004 	EXP 	noise_3: autoDraw = True
1148.5004 	EXP 	surround_grating: autoDraw = True
1148.5004 	EXP 	center_grating: autoDraw = True
1148.5748 	EXP 	noise_3: autoDraw = False
1148.5748 	EXP 	surround_grating: autoDraw = False
1148.5748 	EXP 	center_grating: autoDraw = False
1149.2607 	EXP 	New trial (rep=0, index=675): <Trial 675 (675 in rep 0) data={'center': -2, 'surround': 15.0, 'type': 'c-2', 'surr_type': 'poss', 'orient_opacity': 100, 'noise_opacity': 0, 'isi': 0.75, 'thisN': 675, 'thisTrialN': 675, 'thisRepN': 0}>
1149.2658 	DATA 	Keypress: z
1149.2719 	INFO 	Keyboard events cleared
1149.2714 	EXP 	noise_3: autoDraw = False
1149.2714 	EXP 	surround_grating: autoDraw = False
1149.2714 	EXP 	center_grating: autoDraw = False
1149.2714 	EXP 	text_2: autoDraw = False
1149.2714 	EXP 	surround_grating: ori = 15.0
1149.2714 	EXP 	surround_grating: sf = array([2.5, 2.5])
1149.2714 	EXP 	surround_grating: phase = array([0.14782875, 0.14782875])
1149.2714 	EXP 	center_grating: ori = -2.0
1149.2714 	EXP 	center_grating: sf = array([2.5, 2.5])
1149.2714 	EXP 	center_grating: phase = array([0.84359523, 0.84359523])
1150.0077 	EXP 	noise_3: autoDraw = True
1150.0077 	EXP 	surround_grating: autoDraw = True
1150.0077 	EXP 	center_grating: autoDraw = True
1150.0798 	EXP 	noise_3: autoDraw = False
1150.0798 	EXP 	surround_grating: autoDraw = False
1150.0798 	EXP 	center_grating: autoDraw = False
1150.6110 	EXP 	New trial (rep=0, index=676): <Trial 676 (676 in rep 0) data={'center': -2, 'surround': 15.0, 'type': 'c-2', 'surr_type': 'poss', 'orient_opacity': 100, 'noise_opacity': 0, 'isi': 1.25, 'thisN': 676, 'thisTrialN': 676, 'thisRepN': 0}>
1150.6161 	DATA 	Keypress: z
1150.6225 	INFO 	Keyboard events cleared
1150.6218 	EXP 	noise_3: autoDraw = False
1150.6218 	EXP 	surround_grating: autoDraw = False
1150.6218 	EXP 	center_grating: autoDraw = False
1150.6218 	EXP 	text_2: autoDraw = False
1150.6218 	EXP 	surround_grating: ori = 15.0
1150.6218 	EXP 	surround_grating: sf = array([2.5, 2.5])
1150.6218 	EXP 	surround_grating: phase = array([0.10699001, 0.10699001])
1150.6218 	EXP 	center_grating: ori = -2.0
1150.6218 	EXP 	center_grating: sf = array([2.5, 2.5])
1150.6218 	EXP 	center_grating: phase = array([0.38067565, 0.38067565])
1151.8577 	EXP 	noise_3: autoDraw = True
1151.8577 	EXP 	surround_grating: autoDraw = True
1151.8577 	EXP 	center_grating: autoDraw = True
1151.9298 	EXP 	noise_3: autoDraw = False
1151.9298 	EXP 	surround_grating: autoDraw = False
1151.9298 	EXP 	center_grating: autoDraw = False
1152.6344 	EXP 	New trial (rep=0, index=677): <Trial 677 (677 in rep 0) data={'center': -4, 'surround': -15.0, 'type': 'c-4', 'surr_type': 'negs', 'orient_opacity': 100, 'noise_opacity': 0, 'isi': 0.5, 'thisN': 677, 'thisTrialN': 677, 'thisRepN': 0}>
1152.6395 	DATA 	Keypress: z
1152.6450 	INFO 	Keyboard events cleared
1152.6444 	EXP 	noise_3: autoDraw = False
1152.6444 	EXP 	surround_grating: autoDraw = False
1152.6444 	EXP 	center_grating: autoDraw = False
1152.6444 	EXP 	text_2: autoDraw = False
1152.6444 	EXP 	surround_grating: ori = -15.0
1152.6444 	EXP 	surround_grating: sf = array([2.5, 2.5])
1152.6444 	EXP 	surround_grating: phase = array([0.29279799, 0.29279799])
1152.6444 	EXP 	center_grating: ori = -4.0
1152.6444 	EXP 	center_grating: sf = array([2.5, 2.5])
1152.6444 	EXP 	center_grating: phase = array([0.07028217, 0.07028217])
1153.1344 	EXP 	noise_3: autoDraw = True
1153.1344 	EXP 	surround_grating: autoDraw = True
1153.1344 	EXP 	center_grating: autoDraw = True
1153.2083 	EXP 	noise_3: autoDraw = False
1153.2083 	EXP 	surround_grating: autoDraw = False
1153.2083 	EXP 	center_grating: autoDraw = False
1153.8277 	EXP 	New trial (rep=0, index=678): <Trial 678 (678 in rep 0) data={'center': 0, 'surround': 15.0, 'type': 'c+0', 'surr_type': 'poss', 'orient_opacity': 100, 'noise_opacity': 0, 'isi': 1.25, 'thisN': 678, 'thisTrialN': 678, 'thisRepN': 0}>
1153.8337 	DATA 	Keypress: period
1153.8397 	INFO 	Keyboard events cleared
1153.8392 	EXP 	noise_3: autoDraw = False
1153.8392 	EXP 	surround_grating: autoDraw = False
1153.8392 	EXP 	center_grating: autoDraw = False
1153.8392 	EXP 	text_2: autoDraw = False
1153.8392 	EXP 	surround_grating: ori = 15.0
1153.8392 	EXP 	surround_grating: sf = array([2.5, 2.5])
1153.8392 	EXP 	surround_grating: phase = array([0.54003107, 0.54003107])
1153.8392 	EXP 	center_grating: ori = 0.0
1153.8392 	EXP 	center_grating: sf = array([2.5, 2.5])
1153.8392 	EXP 	center_grating: phase = array([0.17776011, 0.17776011])
1155.0738 	EXP 	noise_3: autoDraw = True
1155.0738 	EXP 	surround_grating: autoDraw = True
1155.0738 	EXP 	center_grating: autoDraw = True
1155.1470 	EXP 	noise_3: autoDraw = False
1155.1470 	EXP 	surround_grating: autoDraw = False
1155.1470 	EXP 	center_grating: autoDraw = False
1155.6619 	EXP 	New trial (rep=0, index=679): <Trial 679 (679 in rep 0) data={'center': 4, 'surround': 15.0, 'type': 'c+4', 'surr_type': 'poss', 'orient_opacity': 100, 'noise_opacity': 0, 'isi': 0.75, 'thisN': 679, 'thisTrialN': 679, 'thisRepN': 0}>
1155.6674 	DATA 	Keypress: z
1155.6734 	INFO 	Keyboard events cleared
1155.6729 	EXP 	noise_3: autoDraw = False
1155.6729 	EXP 	surround_grating: autoDraw = False
1155.6729 	EXP 	center_grating: autoDraw = False
1155.6729 	EXP 	text_2: autoDraw = False
1155.6729 	EXP 	surround_grating: ori = 15.0
1155.6729 	EXP 	surround_grating: sf = array([2.5, 2.5])
1155.6729 	EXP 	surround_grating: phase = array([0.8321718, 0.8321718])
1155.6729 	EXP 	center_grating: ori = 4.0
1155.6729 	EXP 	center_grating: sf = array([2.5, 2.5])
1155.6729 	EXP 	center_grating: phase = array([0.10668504, 0.10668504])
1156.4079 	EXP 	noise_3: autoDraw = True
1156.4079 	EXP 	surround_grating: autoDraw = True
1156.4079 	EXP 	center_grating: autoDraw = True
1156.4790 	EXP 	noise_3: autoDraw = False
1156.4790 	EXP 	surround_grating: autoDraw = False
1156.4790 	EXP 	center_grating: autoDraw = False
1156.9181 	EXP 	New trial (rep=0, index=680): <Trial 680 (680 in rep 0) data={'center': 0, 'surround': -15.0, 'type': 'c+0', 'surr_type': 'negs', 'orient_opacity': 100, 'noise_opacity': 0, 'isi': 0.75, 'thisN': 680, 'thisTrialN': 680, 'thisRepN': 0}>
1156.9233 	DATA 	Keypress: z
1156.9288 	INFO 	Keyboard events cleared
1156.9282 	EXP 	noise_3: autoDraw = False
1156.9282 	EXP 	surround_grating: autoDraw = False
1156.9282 	EXP 	center_grating: autoDraw = False
1156.9282 	EXP 	text_2: autoDraw = False
1156.9282 	EXP 	surround_grating: ori = -15.0
1156.9282 	EXP 	surround_grating: sf = array([2.5, 2.5])
1156.9282 	EXP 	surround_grating: phase = array([0.77047181, 0.77047181])
1156.9282 	EXP 	center_grating: ori = 0.0
1156.9282 	EXP 	center_grating: sf = array([2.5, 2.5])
1156.9282 	EXP 	center_grating: phase = array([0.74563761, 0.74563761])
1157.6671 	EXP 	noise_3: autoDraw = True
1157.6671 	EXP 	surround_grating: autoDraw = True
1157.6671 	EXP 	center_grating: autoDraw = True
1157.7420 	EXP 	noise_3: autoDraw = False
1157.7420 	EXP 	surround_grating: autoDraw = False
1157.7420 	EXP 	center_grating: autoDraw = False
1158.2176 	EXP 	New trial (rep=0, index=681): <Trial 681 (681 in rep 0) data={'center': 4, 'surround': 0.0, 'type': 'c+4', 'surr_type': 'noss', 'orient_opacity': 0, 'noise_opacity': 100, 'isi': 1.0, 'thisN': 681, 'thisTrialN': 681, 'thisRepN': 0}>
1158.2231 	DATA 	Keypress: z
1158.2286 	INFO 	Keyboard events cleared
1158.2280 	EXP 	noise_3: autoDraw = False
1158.2280 	EXP 	surround_grating: autoDraw = False
1158.2280 	EXP 	center_grating: autoDraw = False
1158.2280 	EXP 	text_2: autoDraw = False
1158.2280 	EXP 	surround_grating: ori = 0.0
1158.2280 	EXP 	surround_grating: sf = array([2.5, 2.5])
1158.2280 	EXP 	surround_grating: phase = array([0.51439826, 0.51439826])
1158.2280 	EXP 	center_grating: ori = 4.0
1158.2280 	EXP 	center_grating: sf = array([2.5, 2.5])
1158.2280 	EXP 	center_grating: phase = array([0.65593421, 0.65593421])
1159.2168 	EXP 	noise_3: autoDraw = True
1159.2168 	EXP 	surround_grating: autoDraw = True
1159.2168 	EXP 	center_grating: autoDraw = True
1159.2918 	EXP 	noise_3: autoDraw = False
1159.2918 	EXP 	surround_grating: autoDraw = False
1159.2918 	EXP 	center_grating: autoDraw = False
1159.5172 	EXP 	New trial (rep=0, index=682): <Trial 682 (682 in rep 0) data={'center': 2, 'surround': 0.0, 'type': 'c+2', 'surr_type': 'noss', 'orient_opacity': 0, 'noise_opacity': 100, 'isi': 1.0, 'thisN': 682, 'thisTrialN': 682, 'thisRepN': 0}>
1159.5222 	DATA 	Keypress: period
1159.5282 	INFO 	Keyboard events cleared
1159.5276 	EXP 	noise_3: autoDraw = False
1159.5276 	EXP 	surround_grating: autoDraw = False
1159.5276 	EXP 	center_grating: autoDraw = False
1159.5276 	EXP 	text_2: autoDraw = False
1159.5276 	EXP 	surround_grating: ori = 0.0
1159.5276 	EXP 	surround_grating: sf = array([2.5, 2.5])
1159.5276 	EXP 	surround_grating: phase = array([0.7404803, 0.7404803])
1159.5276 	EXP 	center_grating: ori = 2.0
1159.5276 	EXP 	center_grating: sf = array([2.5, 2.5])
1159.5276 	EXP 	center_grating: phase = array([0.44609022, 0.44609022])
1160.5176 	EXP 	noise_3: autoDraw = True
1160.5176 	EXP 	surround_grating: autoDraw = True
1160.5176 	EXP 	center_grating: autoDraw = True
1160.5919 	EXP 	noise_3: autoDraw = False
1160.5919 	EXP 	surround_grating: autoDraw = False
1160.5919 	EXP 	center_grating: autoDraw = False
1160.8610 	EXP 	New trial (rep=0, index=683): <Trial 683 (683 in rep 0) data={'center': 4, 'surround': 0.0, 'type': 'c+4', 'surr_type': 'noss', 'orient_opacity': 0, 'noise_opacity': 100, 'isi': 0.75, 'thisN': 683, 'thisTrialN': 683, 'thisRepN': 0}>
1160.8665 	DATA 	Keypress: period
1160.8726 	INFO 	Keyboard events cleared
1160.8720 	EXP 	noise_3: autoDraw = False
1160.8720 	EXP 	surround_grating: autoDraw = False
1160.8720 	EXP 	center_grating: autoDraw = False
1160.8720 	EXP 	text_2: autoDraw = False
1160.8720 	EXP 	surround_grating: ori = 0.0
1160.8720 	EXP 	surround_grating: sf = array([2.5, 2.5])
1160.8720 	EXP 	surround_grating: phase = array([0.34841832, 0.34841832])
1160.8720 	EXP 	center_grating: ori = 4.0
1160.8720 	EXP 	center_grating: sf = array([2.5, 2.5])
1160.8720 	EXP 	center_grating: phase = array([0.83967153, 0.83967153])
1161.6073 	EXP 	noise_3: autoDraw = True
1161.6073 	EXP 	surround_grating: autoDraw = True
1161.6073 	EXP 	center_grating: autoDraw = True
1161.6800 	EXP 	noise_3: autoDraw = False
1161.6800 	EXP 	surround_grating: autoDraw = False
1161.6800 	EXP 	center_grating: autoDraw = False
1162.1002 	EXP 	New trial (rep=0, index=684): <Trial 684 (684 in rep 0) data={'center': 4, 'surround': 15.0, 'type': 'c+4', 'surr_type': 'poss', 'orient_opacity': 100, 'noise_opacity': 0, 'isi': 1.25, 'thisN': 684, 'thisTrialN': 684, 'thisRepN': 0}>
1162.1053 	DATA 	Keypress: z
1162.1114 	INFO 	Keyboard events cleared
1162.1108 	EXP 	noise_3: autoDraw = False
1162.1108 	EXP 	surround_grating: autoDraw = False
1162.1108 	EXP 	center_grating: autoDraw = False
1162.1108 	EXP 	text_2: autoDraw = False
1162.1108 	EXP 	surround_grating: ori = 15.0
1162.1108 	EXP 	surround_grating: sf = array([2.5, 2.5])
1162.1108 	EXP 	surround_grating: phase = array([0.35485676, 0.35485676])
1162.1108 	EXP 	center_grating: ori = 4.0
1162.1108 	EXP 	center_grating: sf = array([2.5, 2.5])
1162.1108 	EXP 	center_grating: phase = array([0.01584805, 0.01584805])
1163.3509 	EXP 	noise_3: autoDraw = True
1163.3509 	EXP 	surround_grating: autoDraw = True
1163.3509 	EXP 	center_grating: autoDraw = True
1163.4251 	EXP 	noise_3: autoDraw = False
1163.4251 	EXP 	surround_grating: autoDraw = False
1163.4251 	EXP 	center_grating: autoDraw = False
1163.7114 	EXP 	New trial (rep=0, index=685): <Trial 685 (685 in rep 0) data={'center': -2, 'surround': 15.0, 'type': 'c-2', 'surr_type': 'poss', 'orient_opacity': 100, 'noise_opacity': 0, 'isi': 1.0, 'thisN': 685, 'thisTrialN': 685, 'thisRepN': 0}>
1163.7169 	DATA 	Keypress: period
1163.7232 	INFO 	Keyboard events cleared
1163.7227 	EXP 	noise_3: autoDraw = False
1163.7227 	EXP 	surround_grating: autoDraw = False
1163.7227 	EXP 	center_grating: autoDraw = False
1163.7227 	EXP 	text_2: autoDraw = False
1163.7227 	EXP 	surround_grating: ori = 15.0
1163.7227 	EXP 	surround_grating: sf = array([2.5, 2.5])
1163.7227 	EXP 	surround_grating: phase = array([0.48325713, 0.48325713])
1163.7227 	EXP 	center_grating: ori = -2.0
1163.7227 	EXP 	center_grating: sf = array([2.5, 2.5])
1163.7227 	EXP 	center_grating: phase = array([0.41103132, 0.41103132])
1164.7076 	EXP 	noise_3: autoDraw = True
1164.7076 	EXP 	surround_grating: autoDraw = True
1164.7076 	EXP 	center_grating: autoDraw = True
1164.7813 	EXP 	noise_3: autoDraw = False
1164.7813 	EXP 	surround_grating: autoDraw = False
1164.7813 	EXP 	center_grating: autoDraw = False
1165.3784 	EXP 	New trial (rep=0, index=686): <Trial 686 (686 in rep 0) data={'center': 6, 'surround': 15.0, 'type': 'c+6', 'surr_type': 'poss', 'orient_opacity': 100, 'noise_opacity': 0, 'isi': 1.25, 'thisN': 686, 'thisTrialN': 686, 'thisRepN': 0}>
1165.3844 	DATA 	Keypress: z
1165.3903 	INFO 	Keyboard events cleared
1165.3899 	EXP 	noise_3: autoDraw = False
1165.3899 	EXP 	surround_grating: autoDraw = False
1165.3899 	EXP 	center_grating: autoDraw = False
1165.3899 	EXP 	text_2: autoDraw = False
1165.3899 	EXP 	surround_grating: ori = 15.0
1165.3899 	EXP 	surround_grating: sf = array([2.5, 2.5])
1165.3899 	EXP 	surround_grating: phase = array([0.76655397, 0.76655397])
1165.3899 	EXP 	center_grating: ori = 6.0
1165.3899 	EXP 	center_grating: sf = array([2.5, 2.5])
1165.3899 	EXP 	center_grating: phase = array([0.93299818, 0.93299818])
1166.6249 	EXP 	noise_3: autoDraw = True
1166.6249 	EXP 	surround_grating: autoDraw = True
1166.6249 	EXP 	center_grating: autoDraw = True
1166.6970 	EXP 	noise_3: autoDraw = False
1166.6970 	EXP 	surround_grating: autoDraw = False
1166.6970 	EXP 	center_grating: autoDraw = False
1167.1332 	EXP 	New trial (rep=0, index=687): <Trial 687 (687 in rep 0) data={'center': 2, 'surround': 15.0, 'type': 'c+2', 'surr_type': 'poss', 'orient_opacity': 100, 'noise_opacity': 0, 'isi': 0.75, 'thisN': 687, 'thisTrialN': 687, 'thisRepN': 0}>
1167.1382 	DATA 	Keypress: period
1167.1447 	INFO 	Keyboard events cleared
1167.1440 	EXP 	noise_3: autoDraw = False
1167.1440 	EXP 	surround_grating: autoDraw = False
1167.1440 	EXP 	center_grating: autoDraw = False
1167.1440 	EXP 	text_2: autoDraw = False
1167.1440 	EXP 	surround_grating: ori = 15.0
1167.1440 	EXP 	surround_grating: sf = array([2.5, 2.5])
1167.1440 	EXP 	surround_grating: phase = array([0.71701387, 0.71701387])
1167.1440 	EXP 	center_grating: ori = 2.0
1167.1440 	EXP 	center_grating: sf = array([2.5, 2.5])
1167.1440 	EXP 	center_grating: phase = array([0.24492022, 0.24492022])
1167.8849 	EXP 	noise_3: autoDraw = True
1167.8849 	EXP 	surround_grating: autoDraw = True
1167.8849 	EXP 	center_grating: autoDraw = True
1167.9588 	EXP 	noise_3: autoDraw = False
1167.9588 	EXP 	surround_grating: autoDraw = False
1167.9588 	EXP 	center_grating: autoDraw = False
1168.3668 	EXP 	New trial (rep=0, index=688): <Trial 688 (688 in rep 0) data={'center': -2, 'surround': 15.0, 'type': 'c-2', 'surr_type': 'poss', 'orient_opacity': 100, 'noise_opacity': 0, 'isi': 1.0, 'thisN': 688, 'thisTrialN': 688, 'thisRepN': 0}>
1168.3719 	DATA 	Keypress: period
1168.3780 	INFO 	Keyboard events cleared
1168.3776 	EXP 	noise_3: autoDraw = False
1168.3776 	EXP 	surround_grating: autoDraw = False
1168.3776 	EXP 	center_grating: autoDraw = False
1168.3776 	EXP 	text_2: autoDraw = False
1168.3776 	EXP 	surround_grating: ori = 15.0
1168.3776 	EXP 	surround_grating: sf = array([2.5, 2.5])
1168.3776 	EXP 	surround_grating: phase = array([0.56001786, 0.56001786])
1168.3776 	EXP 	center_grating: ori = -2.0
1168.3776 	EXP 	center_grating: sf = array([2.5, 2.5])
1168.3776 	EXP 	center_grating: phase = array([0.54111232, 0.54111232])
1169.3676 	EXP 	noise_3: autoDraw = True
1169.3676 	EXP 	surround_grating: autoDraw = True
1169.3676 	EXP 	center_grating: autoDraw = True
1169.4424 	EXP 	noise_3: autoDraw = False
1169.4424 	EXP 	surround_grating: autoDraw = False
1169.4424 	EXP 	center_grating: autoDraw = False
1169.8782 	EXP 	New trial (rep=0, index=689): <Trial 689 (689 in rep 0) data={'center': 2, 'surround': -15.0, 'type': 'c+2', 'surr_type': 'negs', 'orient_opacity': 100, 'noise_opacity': 0, 'isi': 0.5, 'thisN': 689, 'thisTrialN': 689, 'thisRepN': 0}>
1169.8838 	DATA 	Keypress: z
1169.8897 	INFO 	Keyboard events cleared
1169.8893 	EXP 	noise_3: autoDraw = False
1169.8893 	EXP 	surround_grating: autoDraw = False
1169.8893 	EXP 	center_grating: autoDraw = False
1169.8893 	EXP 	text_2: autoDraw = False
1169.8893 	EXP 	surround_grating: ori = -15.0
1169.8893 	EXP 	surround_grating: sf = array([2.5, 2.5])
1169.8893 	EXP 	surround_grating: phase = array([0.75286999, 0.75286999])
1169.8893 	EXP 	center_grating: ori = 2.0
1169.8893 	EXP 	center_grating: sf = array([2.5, 2.5])
1169.8893 	EXP 	center_grating: phase = array([0.86725763, 0.86725763])
1170.3751 	EXP 	noise_3: autoDraw = True
1170.3751 	EXP 	surround_grating: autoDraw = True
1170.3751 	EXP 	center_grating: autoDraw = True
1170.4483 	EXP 	noise_3: autoDraw = False
1170.4483 	EXP 	surround_grating: autoDraw = False
1170.4483 	EXP 	center_grating: autoDraw = False
1170.8787 	EXP 	New trial (rep=0, index=690): <Trial 690 (690 in rep 0) data={'center': -4, 'surround': -15.0, 'type': 'c-4', 'surr_type': 'negs', 'orient_opacity': 100, 'noise_opacity': 0, 'isi': 1.25, 'thisN': 690, 'thisTrialN': 690, 'thisRepN': 0}>
1170.8839 	DATA 	Keypress: period
1170.8903 	INFO 	Keyboard events cleared
1170.8897 	EXP 	noise_3: autoDraw = False
1170.8897 	EXP 	surround_grating: autoDraw = False
1170.8897 	EXP 	center_grating: autoDraw = False
1170.8897 	EXP 	text_2: autoDraw = False
1170.8897 	EXP 	surround_grating: ori = -15.0
1170.8897 	EXP 	surround_grating: sf = array([2.5, 2.5])
1170.8897 	EXP 	surround_grating: phase = array([0.0285049, 0.0285049])
1170.8897 	EXP 	center_grating: ori = -4.0
1170.8897 	EXP 	center_grating: sf = array([2.5, 2.5])
1170.8897 	EXP 	center_grating: phase = array([0.74695089, 0.74695089])
1172.1251 	EXP 	noise_3: autoDraw = True
1172.1251 	EXP 	surround_grating: autoDraw = True
1172.1251 	EXP 	center_grating: autoDraw = True
1172.1977 	EXP 	noise_3: autoDraw = False
1172.1977 	EXP 	surround_grating: autoDraw = False
1172.1977 	EXP 	center_grating: autoDraw = False
1172.6372 	DATA 	Keypress: period
1172.6444 	EXP 	New trial (rep=0, index=691): <Trial 691 (691 in rep 0) data={'center': 0, 'surround': 15.0, 'type': 'c+0', 'surr_type': 'poss', 'orient_opacity': 100, 'noise_opacity': 0, 'isi': 0.5, 'thisN': 691, 'thisTrialN': 691, 'thisRepN': 0}>
1172.6516 	INFO 	Keyboard events cleared
1172.6512 	EXP 	noise_3: autoDraw = False
1172.6512 	EXP 	surround_grating: autoDraw = False
1172.6512 	EXP 	center_grating: autoDraw = False
1172.6512 	EXP 	text_2: autoDraw = False
1172.6512 	EXP 	surround_grating: ori = 15.0
1172.6512 	EXP 	surround_grating: sf = array([2.5, 2.5])
1172.6512 	EXP 	surround_grating: phase = array([0.68800254, 0.68800254])
1172.6512 	EXP 	center_grating: ori = 0.0
1172.6512 	EXP 	center_grating: sf = array([2.5, 2.5])
1172.6512 	EXP 	center_grating: phase = array([0.47780134, 0.47780134])
1173.1419 	EXP 	noise_3: autoDraw = True
1173.1419 	EXP 	surround_grating: autoDraw = True
1173.1419 	EXP 	center_grating: autoDraw = True
1173.2144 	EXP 	noise_3: autoDraw = False
1173.2144 	EXP 	surround_grating: autoDraw = False
1173.2144 	EXP 	center_grating: autoDraw = False
1173.6172 	EXP 	New trial (rep=0, index=692): <Trial 692 (692 in rep 0) data={'center': -2, 'surround': 0.0, 'type': 'c-2', 'surr_type': 'noss', 'orient_opacity': 0, 'noise_opacity': 100, 'isi': 0.5, 'thisN': 692, 'thisTrialN': 692, 'thisRepN': 0}>
1173.6222 	DATA 	Keypress: z
1173.6284 	INFO 	Keyboard events cleared
1173.6279 	EXP 	noise_3: autoDraw = False
1173.6279 	EXP 	surround_grating: autoDraw = False
1173.6279 	EXP 	center_grating: autoDraw = False
1173.6279 	EXP 	text_2: autoDraw = False
1173.6279 	EXP 	surround_grating: ori = 0.0
1173.6279 	EXP 	surround_grating: sf = array([2.5, 2.5])
1173.6279 	EXP 	surround_grating: phase = array([0.02959827, 0.02959827])
1173.6279 	EXP 	center_grating: ori = -2.0
1173.6279 	EXP 	center_grating: sf = array([2.5, 2.5])
1173.6279 	EXP 	center_grating: phase = array([0.09832459, 0.09832459])
1174.1175 	EXP 	noise_3: autoDraw = True
1174.1175 	EXP 	surround_grating: autoDraw = True
1174.1175 	EXP 	center_grating: autoDraw = True
1174.1924 	EXP 	noise_3: autoDraw = False
1174.1924 	EXP 	surround_grating: autoDraw = False
1174.1924 	EXP 	center_grating: autoDraw = False
1174.7022 	EXP 	New trial (rep=0, index=693): <Trial 693 (693 in rep 0) data={'center': 4, 'surround': 15.0, 'type': 'c+4', 'surr_type': 'poss', 'orient_opacity': 100, 'noise_opacity': 0, 'isi': 0.75, 'thisN': 693, 'thisTrialN': 693, 'thisRepN': 0}>
1174.7074 	DATA 	Keypress: period
1174.7128 	INFO 	Keyboard events cleared
1174.7123 	EXP 	noise_3: autoDraw = False
1174.7123 	EXP 	surround_grating: autoDraw = False
1174.7123 	EXP 	center_grating: autoDraw = False
1174.7123 	EXP 	text_2: autoDraw = False
1174.7123 	EXP 	surround_grating: ori = 15.0
1174.7123 	EXP 	surround_grating: sf = array([2.5, 2.5])
1174.7123 	EXP 	surround_grating: phase = array([0.50018064, 0.50018064])
1174.7123 	EXP 	center_grating: ori = 4.0
1174.7123 	EXP 	center_grating: sf = array([2.5, 2.5])
1174.7123 	EXP 	center_grating: phase = array([0.65033979, 0.65033979])
1175.4511 	EXP 	noise_3: autoDraw = True
1175.4511 	EXP 	surround_grating: autoDraw = True
1175.4511 	EXP 	center_grating: autoDraw = True
1175.5256 	EXP 	noise_3: autoDraw = False
1175.5256 	EXP 	surround_grating: autoDraw = False
1175.5256 	EXP 	center_grating: autoDraw = False
1175.9000 	EXP 	New trial (rep=0, index=694): <Trial 694 (694 in rep 0) data={'center': 2, 'surround': 0.0, 'type': 'c+2', 'surr_type': 'noss', 'orient_opacity': 0, 'noise_opacity': 100, 'isi': 0.75, 'thisN': 694, 'thisTrialN': 694, 'thisRepN': 0}>
1175.9050 	DATA 	Keypress: z
1175.9109 	INFO 	Keyboard events cleared
1175.9105 	EXP 	noise_3: autoDraw = False
1175.9105 	EXP 	surround_grating: autoDraw = False
1175.9105 	EXP 	center_grating: autoDraw = False
1175.9105 	EXP 	text_2: autoDraw = False
1175.9105 	EXP 	surround_grating: ori = 0.0
1175.9105 	EXP 	surround_grating: sf = array([2.5, 2.5])
1175.9105 	EXP 	surround_grating: phase = array([0.50236401, 0.50236401])
1175.9105 	EXP 	center_grating: ori = 2.0
1175.9105 	EXP 	center_grating: sf = array([2.5, 2.5])
1175.9105 	EXP 	center_grating: phase = array([0.68850923, 0.68850923])
1176.6511 	EXP 	noise_3: autoDraw = True
1176.6511 	EXP 	surround_grating: autoDraw = True
1176.6511 	EXP 	center_grating: autoDraw = True
1176.7258 	EXP 	noise_3: autoDraw = False
1176.7258 	EXP 	surround_grating: autoDraw = False
1176.7258 	EXP 	center_grating: autoDraw = False
1176.9520 	EXP 	New trial (rep=0, index=695): <Trial 695 (695 in rep 0) data={'center': 0, 'surround': -15.0, 'type': 'c+0', 'surr_type': 'negs', 'orient_opacity': 100, 'noise_opacity': 0, 'isi': 1.25, 'thisN': 695, 'thisTrialN': 695, 'thisRepN': 0}>
1176.9576 	DATA 	Keypress: period
1176.9631 	INFO 	Keyboard events cleared
1176.9626 	EXP 	noise_3: autoDraw = False
1176.9626 	EXP 	surround_grating: autoDraw = False
1176.9626 	EXP 	center_grating: autoDraw = False
1176.9626 	EXP 	text_2: autoDraw = False
1176.9626 	EXP 	surround_grating: ori = -15.0
1176.9626 	EXP 	surround_grating: sf = array([2.5, 2.5])
1176.9626 	EXP 	surround_grating: phase = array([0.59669764, 0.59669764])
1176.9626 	EXP 	center_grating: ori = 0.0
1176.9626 	EXP 	center_grating: sf = array([2.5, 2.5])
1176.9626 	EXP 	center_grating: phase = array([0.92215722, 0.92215722])
1178.2023 	EXP 	noise_3: autoDraw = True
1178.2023 	EXP 	surround_grating: autoDraw = True
1178.2023 	EXP 	center_grating: autoDraw = True
1178.2760 	EXP 	noise_3: autoDraw = False
1178.2760 	EXP 	surround_grating: autoDraw = False
1178.2760 	EXP 	center_grating: autoDraw = False
1178.8181 	EXP 	New trial (rep=0, index=696): <Trial 696 (696 in rep 0) data={'center': 6, 'surround': 15.0, 'type': 'c+6', 'surr_type': 'poss', 'orient_opacity': 100, 'noise_opacity': 0, 'isi': 1.0, 'thisN': 696, 'thisTrialN': 696, 'thisRepN': 0}>
1178.8238 	DATA 	Keypress: period
1178.8293 	INFO 	Keyboard events cleared
1178.8288 	EXP 	noise_3: autoDraw = False
1178.8288 	EXP 	surround_grating: autoDraw = False
1178.8288 	EXP 	center_grating: autoDraw = False
1178.8288 	EXP 	text_2: autoDraw = False
1178.8288 	EXP 	surround_grating: ori = 15.0
1178.8288 	EXP 	surround_grating: sf = array([2.5, 2.5])
1178.8288 	EXP 	surround_grating: phase = array([0.96043405, 0.96043405])
1178.8288 	EXP 	center_grating: ori = 6.0
1178.8288 	EXP 	center_grating: sf = array([2.5, 2.5])
1178.8288 	EXP 	center_grating: phase = array([0.89690289, 0.89690289])
1179.8183 	EXP 	noise_3: autoDraw = True
1179.8183 	EXP 	surround_grating: autoDraw = True
1179.8183 	EXP 	center_grating: autoDraw = True
1179.8926 	EXP 	noise_3: autoDraw = False
1179.8926 	EXP 	surround_grating: autoDraw = False
1179.8926 	EXP 	center_grating: autoDraw = False
1180.5624 	EXP 	New trial (rep=0, index=697): <Trial 697 (697 in rep 0) data={'center': 2, 'surround': 0.0, 'type': 'c+2', 'surr_type': 'noss', 'orient_opacity': 0, 'noise_opacity': 100, 'isi': 0.5, 'thisN': 697, 'thisTrialN': 697, 'thisRepN': 0}>
1180.5689 	DATA 	Keypress: period
1180.5749 	INFO 	Keyboard events cleared
1180.5744 	EXP 	noise_3: autoDraw = False
1180.5744 	EXP 	surround_grating: autoDraw = False
1180.5744 	EXP 	center_grating: autoDraw = False
1180.5744 	EXP 	text_2: autoDraw = False
1180.5744 	EXP 	surround_grating: ori = 0.0
1180.5744 	EXP 	surround_grating: sf = array([2.5, 2.5])
1180.5744 	EXP 	surround_grating: phase = array([0.41838593, 0.41838593])
1180.5744 	EXP 	center_grating: ori = 2.0
1180.5744 	EXP 	center_grating: sf = array([2.5, 2.5])
1180.5744 	EXP 	center_grating: phase = array([0.48568063, 0.48568063])
1181.0588 	EXP 	noise_3: autoDraw = True
1181.0588 	EXP 	surround_grating: autoDraw = True
1181.0588 	EXP 	center_grating: autoDraw = True
1181.1322 	EXP 	noise_3: autoDraw = False
1181.1322 	EXP 	surround_grating: autoDraw = False
1181.1322 	EXP 	center_grating: autoDraw = False
1181.5790 	EXP 	New trial (rep=0, index=698): <Trial 698 (698 in rep 0) data={'center': 8, 'surround': 15.0, 'type': 'c+8', 'surr_type': 'poss', 'orient_opacity': 100, 'noise_opacity': 0, 'isi': 0.75, 'thisN': 698, 'thisTrialN': 698, 'thisRepN': 0}>
1181.5846 	DATA 	Keypress: period
1181.5905 	INFO 	Keyboard events cleared
1181.5901 	EXP 	noise_3: autoDraw = False
1181.5901 	EXP 	surround_grating: autoDraw = False
1181.5901 	EXP 	center_grating: autoDraw = False
1181.5901 	EXP 	text_2: autoDraw = False
1181.5901 	EXP 	surround_grating: ori = 15.0
1181.5901 	EXP 	surround_grating: sf = array([2.5, 2.5])
1181.5901 	EXP 	surround_grating: phase = array([0.27325196, 0.27325196])
1181.5901 	EXP 	center_grating: ori = 8.0
1181.5901 	EXP 	center_grating: sf = array([2.5, 2.5])
1181.5901 	EXP 	center_grating: phase = array([0.16951472, 0.16951472])
1182.3259 	EXP 	noise_3: autoDraw = True
1182.3259 	EXP 	surround_grating: autoDraw = True
1182.3259 	EXP 	center_grating: autoDraw = True
1182.3987 	EXP 	noise_3: autoDraw = False
1182.3987 	EXP 	surround_grating: autoDraw = False
1182.3987 	EXP 	center_grating: autoDraw = False
1182.7507 	EXP 	New trial (rep=0, index=699): <Trial 699 (699 in rep 0) data={'center': 2, 'surround': 15.0, 'type': 'c+2', 'surr_type': 'poss', 'orient_opacity': 100, 'noise_opacity': 0, 'isi': 0.75, 'thisN': 699, 'thisTrialN': 699, 'thisRepN': 0}>
1182.7558 	DATA 	Keypress: z
1182.7619 	INFO 	Keyboard events cleared
1182.7615 	EXP 	noise_3: autoDraw = False
1182.7615 	EXP 	surround_grating: autoDraw = False
1182.7615 	EXP 	center_grating: autoDraw = False
1182.7615 	EXP 	text_2: autoDraw = False
1182.7615 	EXP 	surround_grating: ori = 15.0
1182.7615 	EXP 	surround_grating: sf = array([2.5, 2.5])
1182.7615 	EXP 	surround_grating: phase = array([0.01488865, 0.01488865])
1182.7615 	EXP 	center_grating: ori = 2.0
1182.7615 	EXP 	center_grating: sf = array([2.5, 2.5])
1182.7615 	EXP 	center_grating: phase = array([0.0996298, 0.0996298])
1183.5019 	EXP 	noise_3: autoDraw = True
1183.5019 	EXP 	surround_grating: autoDraw = True
1183.5019 	EXP 	center_grating: autoDraw = True
1183.5751 	EXP 	noise_3: autoDraw = False
1183.5751 	EXP 	surround_grating: autoDraw = False
1183.5751 	EXP 	center_grating: autoDraw = False
1184.0841 	EXP 	New trial (rep=0, index=700): <Trial 700 (700 in rep 0) data={'center': 8, 'surround': 15.0, 'type': 'c+8', 'surr_type': 'poss', 'orient_opacity': 100, 'noise_opacity': 0, 'isi': 0.5, 'thisN': 700, 'thisTrialN': 700, 'thisRepN': 0}>
1184.0890 	DATA 	Keypress: period
1184.0953 	INFO 	Keyboard events cleared
1184.0948 	EXP 	noise_3: autoDraw = False
1184.0948 	EXP 	surround_grating: autoDraw = False
1184.0948 	EXP 	center_grating: autoDraw = False
1184.0948 	EXP 	text_2: autoDraw = False
1184.0948 	EXP 	surround_grating: ori = 15.0
1184.0948 	EXP 	surround_grating: sf = array([2.5, 2.5])
1184.0948 	EXP 	surround_grating: phase = array([0.10578637, 0.10578637])
1184.0948 	EXP 	center_grating: ori = 8.0
1184.0948 	EXP 	center_grating: sf = array([2.5, 2.5])
1184.0948 	EXP 	center_grating: phase = array([0.98436397, 0.98436397])
1184.5849 	EXP 	noise_3: autoDraw = True
1184.5849 	EXP 	surround_grating: autoDraw = True
1184.5849 	EXP 	center_grating: autoDraw = True
1184.6595 	EXP 	noise_3: autoDraw = False
1184.6595 	EXP 	surround_grating: autoDraw = False
1184.6595 	EXP 	center_grating: autoDraw = False
1185.0839 	EXP 	New trial (rep=0, index=701): <Trial 701 (701 in rep 0) data={'center': 0, 'surround': -15.0, 'type': 'c+0', 'surr_type': 'negs', 'orient_opacity': 100, 'noise_opacity': 0, 'isi': 1.0, 'thisN': 701, 'thisTrialN': 701, 'thisRepN': 0}>
1185.0889 	DATA 	Keypress: period
1185.0952 	INFO 	Keyboard events cleared
1185.0948 	EXP 	noise_3: autoDraw = False
1185.0948 	EXP 	surround_grating: autoDraw = False
1185.0948 	EXP 	center_grating: autoDraw = False
1185.0948 	EXP 	text_2: autoDraw = False
1185.0948 	EXP 	surround_grating: ori = -15.0
1185.0948 	EXP 	surround_grating: sf = array([2.5, 2.5])
1185.0948 	EXP 	surround_grating: phase = array([0.86797592, 0.86797592])
1185.0948 	EXP 	center_grating: ori = 0.0
1185.0948 	EXP 	center_grating: sf = array([2.5, 2.5])
1185.0948 	EXP 	center_grating: phase = array([0.90271293, 0.90271293])
1186.0850 	EXP 	noise_3: autoDraw = True
1186.0850 	EXP 	surround_grating: autoDraw = True
1186.0850 	EXP 	center_grating: autoDraw = True
1186.1595 	EXP 	noise_3: autoDraw = False
1186.1595 	EXP 	surround_grating: autoDraw = False
1186.1595 	EXP 	center_grating: autoDraw = False
1186.4787 	EXP 	New trial (rep=0, index=702): <Trial 702 (702 in rep 0) data={'center': -4, 'surround': -15.0, 'type': 'c-4', 'surr_type': 'negs', 'orient_opacity': 100, 'noise_opacity': 0, 'isi': 1.0, 'thisN': 702, 'thisTrialN': 702, 'thisRepN': 0}>
1186.4836 	DATA 	Keypress: period
1186.4896 	INFO 	Keyboard events cleared
1186.4891 	EXP 	noise_3: autoDraw = False
1186.4891 	EXP 	surround_grating: autoDraw = False
1186.4891 	EXP 	center_grating: autoDraw = False
1186.4891 	EXP 	text_2: autoDraw = False
1186.4891 	EXP 	surround_grating: ori = -15.0
1186.4891 	EXP 	surround_grating: sf = array([2.5, 2.5])
1186.4891 	EXP 	surround_grating: phase = array([0.4872295, 0.4872295])
1186.4891 	EXP 	center_grating: ori = -4.0
1186.4891 	EXP 	center_grating: sf = array([2.5, 2.5])
1186.4891 	EXP 	center_grating: phase = array([0.97114678, 0.97114678])
1187.4757 	EXP 	noise_3: autoDraw = True
1187.4757 	EXP 	surround_grating: autoDraw = True
1187.4757 	EXP 	center_grating: autoDraw = True
1187.5485 	EXP 	noise_3: autoDraw = False
1187.5485 	EXP 	surround_grating: autoDraw = False
1187.5485 	EXP 	center_grating: autoDraw = False
1188.0628 	EXP 	New trial (rep=0, index=703): <Trial 703 (703 in rep 0) data={'center': -4, 'surround': 0.0, 'type': 'c-4', 'surr_type': 'noss', 'orient_opacity': 0, 'noise_opacity': 100, 'isi': 0.75, 'thisN': 703, 'thisTrialN': 703, 'thisRepN': 0}>
1188.0684 	DATA 	Keypress: period
1188.0743 	INFO 	Keyboard events cleared
1188.0738 	EXP 	noise_3: autoDraw = False
1188.0738 	EXP 	surround_grating: autoDraw = False
1188.0738 	EXP 	center_grating: autoDraw = False
1188.0738 	EXP 	text_2: autoDraw = False
1188.0738 	EXP 	surround_grating: ori = 0.0
1188.0738 	EXP 	surround_grating: sf = array([2.5, 2.5])
1188.0738 	EXP 	surround_grating: phase = array([0.94076956, 0.94076956])
1188.0738 	EXP 	center_grating: ori = -4.0
1188.0738 	EXP 	center_grating: sf = array([2.5, 2.5])
1188.0738 	EXP 	center_grating: phase = array([0.62015235, 0.62015235])
1188.8091 	EXP 	noise_3: autoDraw = True
1188.8091 	EXP 	surround_grating: autoDraw = True
1188.8091 	EXP 	center_grating: autoDraw = True
1188.8813 	EXP 	noise_3: autoDraw = False
1188.8813 	EXP 	surround_grating: autoDraw = False
1188.8813 	EXP 	center_grating: autoDraw = False
1189.5110 	EXP 	New trial (rep=0, index=704): <Trial 704 (704 in rep 0) data={'center': 8, 'surround': 15.0, 'type': 'c+8', 'surr_type': 'poss', 'orient_opacity': 100, 'noise_opacity': 0, 'isi': 1.0, 'thisN': 704, 'thisTrialN': 704, 'thisRepN': 0}>
1189.5162 	DATA 	Keypress: z
1189.5223 	INFO 	Keyboard events cleared
1189.5218 	EXP 	noise_3: autoDraw = False
1189.5218 	EXP 	surround_grating: autoDraw = False
1189.5218 	EXP 	center_grating: autoDraw = False
1189.5218 	EXP 	text_2: autoDraw = False
1189.5218 	EXP 	surround_grating: ori = 15.0
1189.5218 	EXP 	surround_grating: sf = array([2.5, 2.5])
1189.5218 	EXP 	surround_grating: phase = array([0.82896209, 0.82896209])
1189.5218 	EXP 	center_grating: ori = 8.0
1189.5218 	EXP 	center_grating: sf = array([2.5, 2.5])
1189.5218 	EXP 	center_grating: phase = array([0.86315851, 0.86315851])
1190.5091 	EXP 	noise_3: autoDraw = True
1190.5091 	EXP 	surround_grating: autoDraw = True
1190.5091 	EXP 	center_grating: autoDraw = True
1190.5810 	EXP 	noise_3: autoDraw = False
1190.5810 	EXP 	surround_grating: autoDraw = False
1190.5810 	EXP 	center_grating: autoDraw = False
1191.2678 	EXP 	New trial (rep=0, index=705): <Trial 705 (705 in rep 0) data={'center': 4, 'surround': 15.0, 'type': 'c+4', 'surr_type': 'poss', 'orient_opacity': 100, 'noise_opacity': 0, 'isi': 1.0, 'thisN': 705, 'thisTrialN': 705, 'thisRepN': 0}>
1191.2730 	DATA 	Keypress: period
1191.2791 	INFO 	Keyboard events cleared
1191.2786 	EXP 	noise_3: autoDraw = False
1191.2786 	EXP 	surround_grating: autoDraw = False
1191.2786 	EXP 	center_grating: autoDraw = False
1191.2786 	EXP 	text_2: autoDraw = False
1191.2786 	EXP 	surround_grating: ori = 15.0
1191.2786 	EXP 	surround_grating: sf = array([2.5, 2.5])
1191.2786 	EXP 	surround_grating: phase = array([0.82227648, 0.82227648])
1191.2786 	EXP 	center_grating: ori = 4.0
1191.2786 	EXP 	center_grating: sf = array([2.5, 2.5])
1191.2786 	EXP 	center_grating: phase = array([0.13620116, 0.13620116])
1192.2692 	EXP 	noise_3: autoDraw = True
1192.2692 	EXP 	surround_grating: autoDraw = True
1192.2692 	EXP 	center_grating: autoDraw = True
1192.3432 	EXP 	noise_3: autoDraw = False
1192.3432 	EXP 	surround_grating: autoDraw = False
1192.3432 	EXP 	center_grating: autoDraw = False
1192.8469 	EXP 	New trial (rep=0, index=706): <Trial 706 (706 in rep 0) data={'center': -2, 'surround': 0.0, 'type': 'c-2', 'surr_type': 'noss', 'orient_opacity': 0, 'noise_opacity': 100, 'isi': 1.25, 'thisN': 706, 'thisTrialN': 706, 'thisRepN': 0}>
1192.8524 	DATA 	Keypress: z
1192.8587 	INFO 	Keyboard events cleared
1192.8582 	EXP 	noise_3: autoDraw = False
1192.8582 	EXP 	surround_grating: autoDraw = False
1192.8582 	EXP 	center_grating: autoDraw = False
1192.8582 	EXP 	text_2: autoDraw = False
1192.8582 	EXP 	surround_grating: ori = 0.0
1192.8582 	EXP 	surround_grating: sf = array([2.5, 2.5])
1192.8582 	EXP 	surround_grating: phase = array([0.03570061, 0.03570061])
1192.8582 	EXP 	center_grating: ori = -2.0
1192.8582 	EXP 	center_grating: sf = array([2.5, 2.5])
1192.8582 	EXP 	center_grating: phase = array([0.17029253, 0.17029253])
1194.0926 	EXP 	noise_3: autoDraw = True
1194.0926 	EXP 	surround_grating: autoDraw = True
1194.0926 	EXP 	center_grating: autoDraw = True
1194.1649 	EXP 	noise_3: autoDraw = False
1194.1649 	EXP 	surround_grating: autoDraw = False
1194.1649 	EXP 	center_grating: autoDraw = False
1194.7293 	EXP 	New trial (rep=0, index=707): <Trial 707 (707 in rep 0) data={'center': -4, 'surround': -15.0, 'type': 'c-4', 'surr_type': 'negs', 'orient_opacity': 100, 'noise_opacity': 0, 'isi': 0.75, 'thisN': 707, 'thisTrialN': 707, 'thisRepN': 0}>
1194.7351 	DATA 	Keypress: period
1194.7416 	INFO 	Keyboard events cleared
1194.7410 	EXP 	noise_3: autoDraw = False
1194.7410 	EXP 	surround_grating: autoDraw = False
1194.7410 	EXP 	center_grating: autoDraw = False
1194.7410 	EXP 	text_2: autoDraw = False
1194.7410 	EXP 	surround_grating: ori = -15.0
1194.7410 	EXP 	surround_grating: sf = array([2.5, 2.5])
1194.7410 	EXP 	surround_grating: phase = array([0.14487323, 0.14487323])
1194.7410 	EXP 	center_grating: ori = -4.0
1194.7410 	EXP 	center_grating: sf = array([2.5, 2.5])
1194.7410 	EXP 	center_grating: phase = array([0.50300785, 0.50300785])
1195.4760 	EXP 	noise_3: autoDraw = True
1195.4760 	EXP 	surround_grating: autoDraw = True
1195.4760 	EXP 	center_grating: autoDraw = True
1195.5491 	EXP 	noise_3: autoDraw = False
1195.5491 	EXP 	surround_grating: autoDraw = False
1195.5491 	EXP 	center_grating: autoDraw = False
1196.0550 	DATA 	Keypress: period
1196.0779 	EXP 	New trial (rep=0, index=708): <Trial 708 (708 in rep 0) data={'center': -4, 'surround': 0.0, 'type': 'c-4', 'surr_type': 'noss', 'orient_opacity': 0, 'noise_opacity': 100, 'isi': 1.25, 'thisN': 708, 'thisTrialN': 708, 'thisRepN': 0}>
1196.0938 	INFO 	Keyboard events cleared
1196.0934 	EXP 	noise_3: autoDraw = False
1196.0934 	EXP 	surround_grating: autoDraw = False
1196.0934 	EXP 	center_grating: autoDraw = False
1196.0934 	EXP 	text_2: autoDraw = False
1196.0934 	EXP 	surround_grating: ori = 0.0
1196.0934 	EXP 	surround_grating: sf = array([2.5, 2.5])
1196.0934 	EXP 	surround_grating: phase = array([0.85693729, 0.85693729])
1196.0934 	EXP 	center_grating: ori = -4.0
1196.0934 	EXP 	center_grating: sf = array([2.5, 2.5])
1196.0934 	EXP 	center_grating: phase = array([0.78340434, 0.78340434])
1197.3261 	EXP 	noise_3: autoDraw = True
1197.3261 	EXP 	surround_grating: autoDraw = True
1197.3261 	EXP 	center_grating: autoDraw = True
1197.3977 	EXP 	noise_3: autoDraw = False
1197.3977 	EXP 	surround_grating: autoDraw = False
1197.3977 	EXP 	center_grating: autoDraw = False
1197.8681 	EXP 	New trial (rep=0, index=709): <Trial 709 (709 in rep 0) data={'center': -4, 'surround': -15.0, 'type': 'c-4', 'surr_type': 'negs', 'orient_opacity': 100, 'noise_opacity': 0, 'isi': 1.0, 'thisN': 709, 'thisTrialN': 709, 'thisRepN': 0}>
1197.8732 	DATA 	Keypress: z
1197.8793 	INFO 	Keyboard events cleared
1197.8788 	EXP 	noise_3: autoDraw = False
1197.8788 	EXP 	surround_grating: autoDraw = False
1197.8788 	EXP 	center_grating: autoDraw = False
1197.8788 	EXP 	text_2: autoDraw = False
1197.8788 	EXP 	surround_grating: ori = -15.0
1197.8788 	EXP 	surround_grating: sf = array([2.5, 2.5])
1197.8788 	EXP 	surround_grating: phase = array([0.36002368, 0.36002368])
1197.8788 	EXP 	center_grating: ori = -4.0
1197.8788 	EXP 	center_grating: sf = array([2.5, 2.5])
1197.8788 	EXP 	center_grating: phase = array([0.59775167, 0.59775167])
1198.8684 	EXP 	noise_3: autoDraw = True
1198.8684 	EXP 	surround_grating: autoDraw = True
1198.8684 	EXP 	center_grating: autoDraw = True
1198.9433 	EXP 	noise_3: autoDraw = False
1198.9433 	EXP 	surround_grating: autoDraw = False
1198.9433 	EXP 	center_grating: autoDraw = False
1199.6466 	EXP 	New trial (rep=0, index=710): <Trial 710 (710 in rep 0) data={'center': -8, 'surround': -15.0, 'type': 'c-8', 'surr_type': 'negs', 'orient_opacity': 100, 'noise_opacity': 0, 'isi': 0.75, 'thisN': 710, 'thisTrialN': 710, 'thisRepN': 0}>
1199.6527 	DATA 	Keypress: period
1199.6591 	INFO 	Keyboard events cleared
1199.6585 	EXP 	noise_3: autoDraw = False
1199.6585 	EXP 	surround_grating: autoDraw = False
1199.6585 	EXP 	center_grating: autoDraw = False
1199.6585 	EXP 	text_2: autoDraw = False
1199.6585 	EXP 	surround_grating: ori = -15.0
1199.6585 	EXP 	surround_grating: sf = array([2.5, 2.5])
1199.6585 	EXP 	surround_grating: phase = array([0.86099242, 0.86099242])
1199.6585 	EXP 	center_grating: ori = -8.0
1199.6585 	EXP 	center_grating: sf = array([2.5, 2.5])
1199.6585 	EXP 	center_grating: phase = array([0.26809202, 0.26809202])
1200.3928 	EXP 	noise_3: autoDraw = True
1200.3928 	EXP 	surround_grating: autoDraw = True
1200.3928 	EXP 	center_grating: autoDraw = True
1200.4654 	EXP 	noise_3: autoDraw = False
1200.4654 	EXP 	surround_grating: autoDraw = False
1200.4654 	EXP 	center_grating: autoDraw = False
1200.8988 	DATA 	Keypress: z
1200.9056 	EXP 	New trial (rep=0, index=711): <Trial 711 (711 in rep 0) data={'center': -6, 'surround': -15.0, 'type': 'c-6', 'surr_type': 'negs', 'orient_opacity': 100, 'noise_opacity': 0, 'isi': 0.75, 'thisN': 711, 'thisTrialN': 711, 'thisRepN': 0}>
1200.9126 	INFO 	Keyboard events cleared
1200.9122 	EXP 	noise_3: autoDraw = False
1200.9122 	EXP 	surround_grating: autoDraw = False
1200.9122 	EXP 	center_grating: autoDraw = False
1200.9122 	EXP 	text_2: autoDraw = False
1200.9122 	EXP 	surround_grating: ori = -15.0
1200.9122 	EXP 	surround_grating: sf = array([2.5, 2.5])
1200.9122 	EXP 	surround_grating: phase = array([0.02141278, 0.02141278])
1200.9122 	EXP 	center_grating: ori = -6.0
1200.9122 	EXP 	center_grating: sf = array([2.5, 2.5])
1200.9122 	EXP 	center_grating: phase = array([0.61660265, 0.61660265])
1201.6523 	EXP 	noise_3: autoDraw = True
1201.6523 	EXP 	surround_grating: autoDraw = True
1201.6523 	EXP 	center_grating: autoDraw = True
1201.7269 	EXP 	noise_3: autoDraw = False
1201.7269 	EXP 	surround_grating: autoDraw = False
1201.7269 	EXP 	center_grating: autoDraw = False
1202.1493 	DATA 	Keypress: period
1202.1562 	EXP 	New trial (rep=0, index=712): <Trial 712 (712 in rep 0) data={'center': 6, 'surround': 15.0, 'type': 'c+6', 'surr_type': 'poss', 'orient_opacity': 100, 'noise_opacity': 0, 'isi': 0.75, 'thisN': 712, 'thisTrialN': 712, 'thisRepN': 0}>
1202.1630 	INFO 	Keyboard events cleared
1202.1626 	EXP 	noise_3: autoDraw = False
1202.1626 	EXP 	surround_grating: autoDraw = False
1202.1626 	EXP 	center_grating: autoDraw = False
1202.1626 	EXP 	text_2: autoDraw = False
1202.1626 	EXP 	surround_grating: ori = 15.0
1202.1626 	EXP 	surround_grating: sf = array([2.5, 2.5])
1202.1626 	EXP 	surround_grating: phase = array([0.63761215, 0.63761215])
1202.1626 	EXP 	center_grating: ori = 6.0
1202.1626 	EXP 	center_grating: sf = array([2.5, 2.5])
1202.1626 	EXP 	center_grating: phase = array([0.3596356, 0.3596356])
1202.9028 	EXP 	noise_3: autoDraw = True
1202.9028 	EXP 	surround_grating: autoDraw = True
1202.9028 	EXP 	center_grating: autoDraw = True
1202.9769 	EXP 	noise_3: autoDraw = False
1202.9769 	EXP 	surround_grating: autoDraw = False
1202.9769 	EXP 	center_grating: autoDraw = False
1203.3227 	DATA 	Keypress: z
1203.3296 	EXP 	New trial (rep=0, index=713): <Trial 713 (713 in rep 0) data={'center': -2, 'surround': -15.0, 'type': 'c-2', 'surr_type': 'negs', 'orient_opacity': 100, 'noise_opacity': 0, 'isi': 0.75, 'thisN': 713, 'thisTrialN': 713, 'thisRepN': 0}>
1203.3438 	INFO 	Keyboard events cleared
1203.3433 	EXP 	noise_3: autoDraw = False
1203.3433 	EXP 	surround_grating: autoDraw = False
1203.3433 	EXP 	center_grating: autoDraw = False
1203.3433 	EXP 	text_2: autoDraw = False
1203.3433 	EXP 	surround_grating: ori = -15.0
1203.3433 	EXP 	surround_grating: sf = array([2.5, 2.5])
1203.3433 	EXP 	surround_grating: phase = array([0.91849194, 0.91849194])
1203.3433 	EXP 	center_grating: ori = -2.0
1203.3433 	EXP 	center_grating: sf = array([2.5, 2.5])
1203.3433 	EXP 	center_grating: phase = array([0.51418257, 0.51418257])
1204.0763 	EXP 	noise_3: autoDraw = True
1204.0763 	EXP 	surround_grating: autoDraw = True
1204.0763 	EXP 	center_grating: autoDraw = True
1204.1483 	EXP 	noise_3: autoDraw = False
1204.1483 	EXP 	surround_grating: autoDraw = False
1204.1483 	EXP 	center_grating: autoDraw = False
1204.7509 	DATA 	Keypress: period
1204.7649 	INFO 	Keyboard events cleared
1204.7645 	EXP 	noise_3: autoDraw = False
1204.7645 	EXP 	surround_grating: autoDraw = False
1204.7645 	EXP 	center_grating: autoDraw = False
1204.7645 	EXP 	text_2: autoDraw = False
1204.7645 	EXP 	text_14: autoDraw = True
1210.7990 	DATA 	Keypress: space
1210.8045 	EXP 	text_14: autoDraw = False
1210.8046 	EXP 	tilt_mocs: status = STOPPED
1211.0006 	INFO 	saved data to '/Users/cpcr/Documents/tilt/tilt_mocs/data/sub-21040096/ses-0/sub-21040096_ses-0_exp-tiltmocs_2026-02-25_10h24.48.378.csv'
1211.0091 	INFO 	saved data to /Users/cpcr/Documents/tilt/tilt_mocs/data/sub-21040096/ses-0/sub-21040096_ses-0_exp-tiltmocs_2026-02-25_10h24.48.378.psydat
