center,surround,correct,thisN,thisTrialN,thisRepN,key_resp_3.keys,key_resp_3.corr,key_resp_3.rt,key_resp_3.duration,orient_opacity,noise_opacity,key_resp_4.keys,key_resp_4.corr,key_resp_4.rt,key_resp_4.duration,type,surr_type,isi,resp.keys,resp.rt,resp.duration,key_resp_10.keys,key_resp_10.rt,key_resp_10.duration,practice_no_time.thisRepN,practice_no_time.thisTrialN,practice_no_time.thisN,practice_no_time.thisIndex,practice_timed.thisRepN,practice_timed.thisTrialN,practice_timed.thisN,practice_timed.thisIndex,trials.thisRepN,trials.thisTrialN,trials.thisN,trials.thisIndex,thisRow.t,notes,instr.started,text_5.started,key_resp_2.started,instr.stopped,key_resp_2.keys,key_resp_2.rt,key_resp_2.duration,instr_example.started,key_resp_11.started,surround_practice_example.started,center_practice_example.started,text_15.started,instr_example.stopped,key_resp_11.keys,key_resp_11.rt,key_resp_11.duration,instr2.started,text_6.started,key_resp_6.started,instr2.stopped,key_resp_6.keys,key_resp_6.rt,key_resp_6.duration,practice_trial.started,key_resp_3.started,surround_practice.started,center_practice.started,practice_trial.stopped,practice_no_time.key_resp_3.keys,practice_no_time.key_resp_3.corr,practice_no_time.key_resp_3.rt,practice_no_time.key_resp_3.duration,practice_feedback.started,text_7.started,text_7.stopped,practice_feedback.stopped,instr3.started,text_8.started,key_resp_5.started,instr3.stopped,key_resp_5.keys,key_resp_5.rt,key_resp_5.duration,practice_trial_timed.started,key_resp_4.started,noise_2.started,surround_practice_2.started,center_practice_2.started,noise_2.stopped,surround_practice_2.stopped,center_practice_2.stopped,text_12.started,practice_trial_timed.stopped,practice_timed.key_resp_4.keys,practice_timed.key_resp_4.corr,practice_timed.key_resp_4.rt,practice_timed.key_resp_4.duration,practice_feedback_timed.started,text_16.started,practice_feedback_timed.stopped,text_16.stopped,start_instr.started,text_13.started,key_resp_8.started,start_instr.stopped,key_resp_8.keys,key_resp_8.rt,key_resp_8.duration,trial.started,resp.started,noise_3.started,surround_grating.started,center_grating.started,noise_3.stopped,surround_grating.stopped,center_grating.stopped,trial.stopped,trials.resp.keys,trials.resp.rt,trials.resp.duration,break_2.started,break_2.stopped,trials.key_resp_10.keys,text_2.started,key_resp_10.started,trials.key_resp_10.rt,trials.key_resp_10.duration,end.started,text_14.started,key_resp.started,end.stopped,key_resp.keys,key_resp.rt,key_resp.duration,sub,ses,date,expName,psychopyVersion,frameRate,expStart,
,,,,,,,,,,,,,,,,,,,,,,,,,,,,,,,,,,,,,,,0.010824666998814791,0.018717583996476606,0.018717583996476606,36.67285383399576,space,36.60879887500778,None,,,,,,,,,,,,,,,,,,,,,,,,,,,,,,,,,,,,,,,,,,,,,,,,,,,,,,,,,,,,,,,,,,,,,,,,,,,,,,,,,,,,,,,,21040099,2,2026-01-15_12h12.40.477,tilt_mocs,2024.2.4,120.82791337127415,2026-01-15 12h12.52.410327 -0500,
,,,,,,,,,,,,,,,,,,,,,,,,,,,,,,,,,,,,,,,,,,,,,,36.67453333400772,36.69652341702022,36.69652341702022,36.69652341702022,36.69652341702022,41.034588167007314,period,4.3330628749972675,None,,,,,,,,,,,,,,,,,,,,,,,,,,,,,,,,,,,,,,,,,,,,,,,,,,,,,,,,,,,,,,,,,,,,,,,,,,,,,,,21040099,2,2026-01-15_12h12.40.477,tilt_mocs,2024.2.4,120.82791337127415,2026-01-15 12h12.52.410327 -0500,
,,,,,,,,,,,,,,,,,,,,,,,,,,,,,,,,,,,,,,,,,,,,,,,,,,,,,,,41.03466133400798,41.045742042013444,41.045742042013444,52.01774320899858,space,10.966255667008227,None,,,,,,,,,,,,,,,,,,,,,,,,,,,,,,,,,,,,,,,,,,,,,,,,,,,,,,,,,,,,,,,,,,,,,,,,21040099,2,2026-01-15_12h12.40.477,tilt_mocs,2024.2.4,120.82791337127415,2026-01-15 12h12.52.410327 -0500,
30,0,period,0,0,0,period,1,0.9889406660222448,None,,,,,,,,,,,,,,,,0,0,0,0,,,,,,,,,52.039470250019804,,,,,,,,,,,,,,,,,,,,,,,,,52.03112525001052,52.039470250019804,52.5234797919984,52.5234797919984,53.03446241701022,period,1,0.9889406660222448,None,53.03918883399456,53.04897641701973,54.542957541998476,54.534551874996396,,,,,,,,,,,,,,,,,,,,,,,,,,,,,,,,,,,,,,,,,,,,,,,,,,,,,,,,,,,21040099,2,2026-01-15_12h12.40.477,tilt_mocs,2024.2.4,120.82791337127415,2026-01-15 12h12.52.410327 -0500,
-30,0,z,1,1,0,z,1,0.9907439590024296,None,,,,,,,,,,,,,,,,0,1,1,1,,,,,,,,,54.542957541998476,,,,,,,,,,,,,,,,,,,,,,,,,54.53739933401812,54.542957541998476,55.03529954201076,55.03529954201076,55.54546862500138,z,1,0.9907439590024296,None,55.545581999991555,55.550328334007645,57.043290292000165,57.033593208994716,,,,,,,,,,,,,,,,,,,,,,,,,,,,,,,,,,,,,,,,,,,,,,,,,,,,,,,,,,,21040099,2,2026-01-15_12h12.40.477,tilt_mocs,2024.2.4,120.82791337127415,2026-01-15 12h12.52.410327 -0500,
30,60,period,2,2,0,period,1,0.9549804159905761,None,,,,,,,,,,,,,,,,0,2,2,2,,,,,,,,,57.043290292000165,,,,,,,,,,,,,,,,,,,,,,,,,57.03601858401089,57.043290292000165,57.543290917004924,57.543290917004924,58.00244149999344,period,1,0.9549804159905761,None,58.00260133401025,58.01259366699378,59.51000412501162,59.49965887499275,,,,,,,,,,,,,,,,,,,,,,,,,,,,,,,,,,,,,,,,,,,,,,,,,,,,,,,,,,,21040099,2,2026-01-15_12h12.40.477,tilt_mocs,2024.2.4,120.82791337127415,2026-01-15 12h12.52.410327 -0500,
-30,-60,z,3,3,0,z,1,1.0553495830099564,None,,,,,,,,,,,,,,,,0,3,3,3,,,,,,,,,59.51000412501162,,,,,,,,,,,,,,,,,,,,,,,,,59.502029750001384,59.51000412501162,60.00175195900374,60.00175195900374,60.568611750000855,z,1,1.0553495830099564,None,60.568716417008545,60.577479750005296,62.06940841700998,62.06137641699752,,,,,,,,,,,,,,,,,,,,,,,,,,,,,,,,,,,,,,,,,,,,,,,,,,,,,,,,,,,21040099,2,2026-01-15_12h12.40.477,tilt_mocs,2024.2.4,120.82791337127415,2026-01-15 12h12.52.410327 -0500,
,,,,,,,,,,,,,,,,,,,,,,,,,,,,,,,,,,,,,,,,,,,,,,,,,,,,,,,,,,,,,,,,,,,,,,,,,,,62.0615679170005,62.06940841700998,62.06940841700998,82.10721470901626,space,20.0260690410214,None,,,,,,,,,,,,,,,,,,,,,,,,,,,,,,,,,,,,,,,,,,,,,,,,,,,,21040099,2,2026-01-15_12h12.40.477,tilt_mocs,2024.2.4,120.82791337127415,2026-01-15 12h12.52.410327 -0500,
-30,-60,z,0,0,0,,,,,100,0,z,1,1.1750010419928003,None,,,,,,,,,,,,,,0,0,0,0,,,,,82.12052866700105,,,,,,,,,,,,,,,,,,,,,,,,,,,,,,,,,,,,,,,,,,,,,82.11493608399178,82.12052866700105,82.60937762501999,82.60937762501999,82.60937762501999,82.68615333401249,82.68615333401249,82.68615333401249,82.68615333401249,83.30783299999894,z,1,1.1750010419928003,None,83.311460041994,83.31872145901434,84.81167008401826,,,,,,,,,,,,,,,,,,,,,,,,,,,,,,,,,,,21040099,2,2026-01-15_12h12.40.477,tilt_mocs,2024.2.4,120.82791337127415,2026-01-15 12h12.52.410327 -0500,
-30,0,z,1,1,0,,,,,100,0,z,1,1.10923458400066,None,,,,,,,,,,,,,,0,1,1,1,,,,,84.81939824999426,,,,,,,,,,,,,,,,,,,,,,,,,,,,,,,,,,,,,,,,,,,,,84.81343020900385,84.81939824999426,85.3041275840078,85.3041275840078,85.3041275840078,85.37819179199869,85.37819179199869,85.37819179199869,85.38436454199837,85.93108895901241,z,1,1.10923458400066,None,85.93122329202015,85.94022154199774,87.42903629201464,87.43755433399929,,,,,,,,,,,,,,,,,,,,,,,,,,,,,,,,,,21040099,2,2026-01-15_12h12.40.477,tilt_mocs,2024.2.4,120.82791337127415,2026-01-15 12h12.52.410327 -0500,
30,60,period,2,2,0,,,,,100,0,period,1,0.9743641660024878,None,,,,,,,,,,,,,,0,2,2,2,,,,,87.43755433399929,,,,,,,,,,,,,,,,,,,,,,,,,,,,,,,,,,,,,,,,,,,,,87.43138166700373,87.43755433399929,87.92777945901616,87.92777945901616,87.92777945901616,88.00055229201098,88.00055229201098,88.00055229201098,88.00055229201098,88.41452000002027,period,1,0.9743641660024878,None,88.41464962501777,88.42366933400626,89.91233633400407,89.91996937501244,,,,,,,,,,,,,,,,,,,,,,,,,,,,,,,,,,21040099,2,2026-01-15_12h12.40.477,tilt_mocs,2024.2.4,120.82791337127415,2026-01-15 12h12.52.410327 -0500,
30,0,period,3,3,0,,,,,100,0,period,1,0.9847421250015032,None,,,,,,,,,,,,,,0,3,3,3,,,,,89.91996937501244,,,,,,,,,,,,,,,,,,,,,,,,,,,,,,,,,,,,,,,,,,,,,89.91398895901511,89.91996937501244,90.41110870899865,90.41110870899865,90.41110870899865,90.48455479199765,90.48455479199765,90.48455479199765,90.48455479199765,90.91371220900328,period,1,0.9847421250015032,None,90.91387104199384,90.92321220901795,92.41238716701628,92.41992454201682,,,,,,,,,,,,,,,,,,,,,,,,,,,,,,,,,,21040099,2,2026-01-15_12h12.40.477,tilt_mocs,2024.2.4,120.82791337127415,2026-01-15 12h12.52.410327 -0500,
-30,69,z,4,4,0,,,,,0,100,z,1,0.9723819580103736,None,,,,,,,,,,,,,,0,4,4,4,,,,,92.41992454201682,,,,,,,,,,,,,,,,,,,,,,,,,,,,,,,,,,,,,,,,,,,,,92.41411250000237,92.41992454201682,92.91118458399433,92.91118458399433,92.91118458399433,92.9845188340114,92.9845188340114,92.9845188340114,92.9845188340114,93.39740016701398,z,1,0.9723819580103736,None,93.39755320901168,93.40636645900668,94.89626450001379,94.90455387500697,,,,,,,,,,,,,,,,,,,,,,,,,,,,,,,,,,21040099,2,2026-01-15_12h12.40.477,tilt_mocs,2024.2.4,120.82791337127415,2026-01-15 12h12.52.410327 -0500,
30,69,period,5,5,0,,,,,0,100,period,1,1.1475151249906048,None,,,,,,,,,,,,,,0,5,5,5,,,,,94.90455387500697,,,,,,,,,,,,,,,,,,,,,,,,,,,,,,,,,,,,,,,,,,,,,94.89869045899832,94.90455387500697,95.39372087499942,95.39372087499942,95.39372087499942,95.4680256670108,95.4680256670108,95.4680256670108,95.4680256670108,96.07942629200988,period,1,1.1475151249906048,None,96.07957429200178,96.09534125000937,97.57935737501248,97.5875179170107,,,,,,,,,,,,,,,,,,,,,,,,,,,,,,,,,,21040099,2,2026-01-15_12h12.40.477,tilt_mocs,2024.2.4,120.82791337127415,2026-01-15 12h12.52.410327 -0500,
,,,,,,,,,,,,,,,,,,,,,,,,,,,,,,,,,,,,,,,,,,,,,,,,,,,,,,,,,,,,,,,,,,,,,,,,,,,,,,,,,,,,,,,,,,,,,,,,,,,,97.57953304200782,97.5875179170107,97.5875179170107,129.54931937501533,space,31.959284040989587,None,,,,,,,,,,,,,,,,,,,,,,,,,,,21040099,2,2026-01-15_12h12.40.477,tilt_mocs,2024.2.4,120.82791337127415,2026-01-15 12h12.52.410327 -0500,
2,0.0,,0,0,0,,,,,0,100,,,,,c+2,noss,1.25,period,1.764066833013203,None,None,,,,,,,,,,,0,0,0,663,129.68234600001597,,,,,,,,,,,,,,,,,,,,,,,,,,,,,,,,,,,,,,,,,,,,,,,,,,,,,,,,,,,,,,,,,,,,,,129.6764595840068,129.68234600001597,130.79916650001542,130.79916650001542,130.79916650001542,130.86785966699244,130.86785966699244,130.86785966699244,131.44904312500148,period,1.764066833013203,None,131.4492056670133,131.44926641701022,None,,,,,,,,,,,,21040099,2,2026-01-15_12h12.40.477,tilt_mocs,2024.2.4,120.82791337127415,2026-01-15 12h12.52.410327 -0500,
4,15.0,,1,1,0,,,,,100,0,,,,,c+4,poss,0.5,z,1.653293916984694,None,None,,,,,,,,,,,0,1,1,132,131.46114687499357,,,,,,,,,,,,,,,,,,,,,,,,,,,,,,,,,,,,,,,,,,,,,,,,,,,,,,,,,,,,,,,,,,,,,,131.451959041995,131.46114687499357,131.94614666700363,131.94614666700363,131.94614666700363,132.0192392920144,132.0192392920144,132.0192392920144,133.12606095900992,z,1.653293916984694,None,133.1261668340012,133.1262082089961,None,,,,,,,,,,,,21040099,2,2026-01-15_12h12.40.477,tilt_mocs,2024.2.4,120.82791337127415,2026-01-15 12h12.52.410327 -0500,
0,-15.0,,2,2,0,,,,,100,0,,,,,c+0,negs,1.0,period,1.5134691669954918,None,None,,,,,,,,,,,0,2,2,451,133.1329118339927,,,,,,,,,,,,,,,,,,,,,,,,,,,,,,,,,,,,,,,,,,,,,,,,,,,,,,,,,,,,,,,,,,,,,,133.12823716699495,133.1329118339927,134.12224654201418,134.12224654201418,134.12224654201418,134.1956171670172,134.1956171670172,134.1956171670172,134.64909908399568,period,1.5134691669954918,None,134.64927179200458,134.64931991699268,None,,,,,,,,,,,,21040099,2,2026-01-15_12h12.40.477,tilt_mocs,2024.2.4,120.82791337127415,2026-01-15 12h12.52.410327 -0500,
2,0.0,,3,3,0,,,,,0,100,,,,,c+2,noss,1.25,period,1.8137440840073396,None,None,,,,,,,,,,,0,3,3,666,134.66128825000487,,,,,,,,,,,,,,,,,,,,,,,,,,,,,,,,,,,,,,,,,,,,,,,,,,,,,,,,,,,,,,,,,,,,,,134.6520053750137,134.66128825000487,135.89617012499366,135.89617012499366,135.89617012499366,135.9684667919937,135.9684667919937,135.9684667919937,136.48235700000077,period,1.8137440840073396,None,136.48247008401086,136.48251220901147,None,,,,,,,,,,,,21040099,2,2026-01-15_12h12.40.477,tilt_mocs,2024.2.4,120.82791337127415,2026-01-15 12h12.52.410327 -0500,
-6,-15.0,,4,4,0,,,,,100,0,,,,,c-6,negs,0.75,z,1.4486039589974098,None,None,,,,,,,,,,,0,4,4,315,136.4927978750202,,,,,,,,,,,,,,,,,,,,,,,,,,,,,,,,,,,,,,,,,,,,,,,,,,,,,,,,,,,,,,,,,,,,,,136.48448808401008,136.4927978750202,137.228980667016,137.228980667016,137.228980667016,137.31359370899736,137.31359370899736,137.31359370899736,137.9496624589956,z,1.4486039589974098,None,137.94982033400447,137.949875374994,None,,,,,,,,,,,,21040099,2,2026-01-15_12h12.40.477,tilt_mocs,2024.2.4,120.82791337127415,2026-01-15 12h12.52.410327 -0500,
6,15.0,,5,5,0,,,,,100,0,,,,,c+6,poss,1.0,period,1.736205458000768,None,None,,,,,,,,,,,0,5,5,197,137.96116566701676,,,,,,,,,,,,,,,,,,,,,,,,,,,,,,,,,,,,,,,,,,,,,,,,,,,,,,,,,,,,,,,,,,,,,,137.95225379199837,137.96116566701676,138.94644445899758,138.94644445899758,138.94644445899758,139.01815041701775,139.01815041701775,139.01815041701775,139.70014095900115,period,1.736205458000768,None,139.70031437501893,139.7003638340102,None,,,,,,,,,,,,21040099,2,2026-01-15_12h12.40.477,tilt_mocs,2024.2.4,120.82791337127415,2026-01-15 12h12.52.410327 -0500,
-2,0.0,,6,6,0,,,,,0,100,,,,,c-2,noss,1.25,z,1.7739923750050366,None,None,,,,,,,,,,,0,6,6,585,139.71214925000095,,,,,,,,,,,,,,,,,,,,,,,,,,,,,,,,,,,,,,,,,,,,,,,,,,,,,,,,,,,,,,,,,,,,,,139.70304266700987,139.71214925000095,140.94638199999463,140.94638199999463,140.94638199999463,141.01905566701316,141.01905566701316,141.01905566701316,141.48874908400467,z,1.7739923750050366,None,141.48885500000324,141.48889683399466,None,,,,,,,,,,,,21040099,2,2026-01-15_12h12.40.477,tilt_mocs,2024.2.4,120.82791337127415,2026-01-15 12h12.52.410327 -0500,
6,15.0,,7,7,0,,,,,100,0,,,,,c+6,poss,1.25,z,1.8391830839973409,None,None,,,,,,,,,,,0,7,7,205,141.49932054200326,,,,,,,,,,,,,,,,,,,,,,,,,,,,,,,,,,,,,,,,,,,,,,,,,,,,,,,,,,,,,,,,,,,,,,141.49090400000568,141.49932054200326,142.7393724170106,142.7393724170106,142.7393724170106,142.81344220900792,142.81344220900792,142.81344220900792,143.34901120900759,z,1.8391830839973409,None,143.3491496249917,143.34921566699632,None,,,,,,,,,,,,21040099,2,2026-01-15_12h12.40.477,tilt_mocs,2024.2.4,120.82791337127415,2026-01-15 12h12.52.410327 -0500,
-6,-15.0,,8,8,0,,,,,100,0,,,,,c-6,negs,1.0,z,1.4728814999980386,None,None,,,,,,,,,,,0,8,8,319,143.3603718749946,,,,,,,,,,,,,,,,,,,,,,,,,,,,,,,,,,,,,,,,,,,,,,,,,,,,,,,,,,,,,,,,,,,,,,143.35166758400737,143.3603718749946,144.34656491701026,144.34656491701026,144.34656491701026,144.41897037500166,144.41897037500166,144.41897037500166,144.83871133401408,z,1.4728814999980386,None,144.83885058399756,144.83890654201969,None,,,,,,,,,,,,21040099,2,2026-01-15_12h12.40.477,tilt_mocs,2024.2.4,120.82791337127415,2026-01-15 12h12.52.410327 -0500,
-4,0.0,,9,9,0,,,,,0,100,,,,,c-4,noss,0.5,z,0.9613518340047449,None,None,,,,,,,,,,,0,9,9,513,144.84956054200302,,,,,,,,,,,,,,,,,,,,,,,,,,,,,,,,,,,,,,,,,,,,,,,,,,,,,,,,,,,,,,,,,,,,,,144.84112516700407,144.84956054200302,145.33934708399465,145.33934708399465,145.33934708399465,145.41375708399573,145.41375708399573,145.41375708399573,145.81629675001022,z,0.9613518340047449,None,145.81643433400313,145.81650037501822,None,,,,,,,,,,,,21040099,2,2026-01-15_12h12.40.477,tilt_mocs,2024.2.4,120.82791337127415,2026-01-15 12h12.52.410327 -0500,
0,15.0,,10,10,0,,,,,100,0,,,,,c+0,poss,0.75,z,1.224470332992496,None,None,,,,,,,,,,,0,10,10,57,145.8273547500139,,,,,,,,,,,,,,,,,,,,,,,,,,,,,,,,,,,,,,,,,,,,,,,,,,,,,,,,,,,,,,,,,,,,,,145.81867916701594,145.8273547500139,146.5633082090062,146.5633082090062,146.5633082090062,146.63571883400436,146.63571883400436,146.63571883400436,147.0546734170057,z,1.224470332992496,None,147.0547757089953,147.05481775000226,None,,,,,,,,,,,,21040099,2,2026-01-15_12h12.40.477,tilt_mocs,2024.2.4,120.82791337127415,2026-01-15 12h12.52.410327 -0500,
4,0.0,,11,11,0,,,,,0,100,,,,,c+4,noss,0.75,period,1.8021785829914734,None,None,,,,,,,,,,,0,11,11,690,147.06602708401624,,,,,,,,,,,,,,,,,,,,,,,,,,,,,,,,,,,,,,,,,,,,,,,,,,,,,,,,,,,,,,,,,,,,,,147.05684045900125,147.06602708401624,147.8063636670122,147.8063636670122,147.8063636670122,147.88054075001855,147.88054075001855,147.88054075001855,148.87238545899163,period,1.8021785829914734,None,148.87253762499313,148.8725991669926,None,,,,,,,,,,,,21040099,2,2026-01-15_12h12.40.477,tilt_mocs,2024.2.4,120.82791337127415,2026-01-15 12h12.52.410327 -0500,
0,15.0,,12,12,0,,,,,100,0,,,,,c+0,poss,0.5,z,1.0246075000031851,None,None,,,,,,,,,,,0,12,12,50,148.88390579199768,,,,,,,,,,,,,,,,,,,,,,,,,,,,,,,,,,,,,,,,,,,,,,,,,,,,,,,,,,,,,,,,,,,,,,148.8758495420043,148.88390579199768,149.3729372920061,149.3729372920061,149.3729372920061,149.44729750000988,149.44729750000988,149.44729750000988,149.91634683401207,z,1.0246075000031851,None,149.9165316669969,149.91658099999768,None,,,,,,,,,,,,21040099,2,2026-01-15_12h12.40.477,tilt_mocs,2024.2.4,120.82791337127415,2026-01-15 12h12.52.410327 -0500,
0,-15.0,,13,13,0,,,,,100,0,,,,,c+0,negs,0.75,period,1.2397270840010606,None,None,,,,,,,,,,,0,13,13,434,149.92850308399647,,,,,,,,,,,,,,,,,,,,,,,,,,,,,,,,,,,,,,,,,,,,,,,,,,,,,,,,,,,,,,,,,,,,,,149.91935054201167,149.92850308399647,150.66335616700235,150.66335616700235,150.66335616700235,150.73511850001523,150.73511850001523,150.73511850001523,151.17260979200364,period,1.2397270840010606,None,151.17274683399592,151.1728096670122,None,,,,,,,,,,,,21040099,2,2026-01-15_12h12.40.477,tilt_mocs,2024.2.4,120.82791337127415,2026-01-15 12h12.52.410327 -0500,
-2,-15.0,,14,14,0,,,,,100,0,,,,,c-2,negs,0.75,z,1.38889441700303,None,None,,,,,,,,,,,0,14,14,395,151.18311475001974,,,,,,,,,,,,,,,,,,,,,,,,,,,,,,,,,,,,,,,,,,,,,,,,,,,,,,,,,,,,,,,,,,,,,,151.17480929201702,151.18311475001974,151.92407579201972,151.92407579201972,151.92407579201972,151.99757083400618,151.99757083400618,151.99757083400618,152.58320258400636,z,1.38889441700303,None,152.58334333400126,152.58339633399737,None,,,,,,,,,,,,21040099,2,2026-01-15_12h12.40.477,tilt_mocs,2024.2.4,120.82791337127415,2026-01-15 12h12.52.410327 -0500,
-2,0.0,,15,15,0,,,,,0,100,,,,,c-2,noss,0.5,z,0.9696962089801673,None,None,,,,,,,,,,,0,15,15,555,152.5946503340092,,,,,,,,,,,,,,,,,,,,,,,,,,,,,,,,,,,,,,,,,,,,,,,,,,,,,,,,,,,,,,,,,,,,,,152.5858360840066,152.5946503340092,153.08025708401692,153.08025708401692,153.08025708401692,153.15317645901814,153.15317645901814,153.15317645901814,153.56742245901842,z,0.9696962089801673,None,153.56758645901573,153.56763979201787,None,,,,,,,,,,,,21040099,2,2026-01-15_12h12.40.477,tilt_mocs,2024.2.4,120.82791337127415,2026-01-15 12h12.52.410327 -0500,
0,0.0,,16,16,0,,,,,0,100,,,,,c+0,noss,1.0,period,1.798726875014836,None,None,,,,,,,,,,,0,16,16,613,153.5786589999916,,,,,,,,,,,,,,,,,,,,,,,,,,,,,,,,,,,,,,,,,,,,,,,,,,,,,,,,,,,,,,,,,,,,,,153.56987437501084,153.5786589999916,154.56370091700228,154.56370091700228,154.56370091700228,154.6366202920035,154.6366202920035,154.6366202920035,155.3827290420013,period,1.798726875014836,None,155.38284762500552,155.3828889169963,None,,,,,,,,,,,,21040099,2,2026-01-15_12h12.40.477,tilt_mocs,2024.2.4,120.82791337127415,2026-01-15 12h12.52.410327 -0500,
4,0.0,,17,17,0,,,,,0,100,,,,,c+4,noss,0.75,period,1.2621693330002017,None,None,,,,,,,,,,,0,17,17,684,155.3936148339999,,,,,,,,,,,,,,,,,,,,,,,,,,,,,,,,,,,,,,,,,,,,,,,,,,,,,,,,,,,,,,,,,,,,,,155.38489654200384,155.3936148339999,156.13029791699955,156.13029791699955,156.13029791699955,156.20286687501357,156.20286687501357,156.20286687501357,156.66673812500085,period,1.2621693330002017,None,156.66691083399928,156.66696587501792,None,,,,,,,,,,,,21040099,2,2026-01-15_12h12.40.477,tilt_mocs,2024.2.4,120.82791337127415,2026-01-15 12h12.52.410327 -0500,
-6,-15.0,,18,18,0,,,,,100,0,,,,,c-6,negs,1.25,period,1.6996470419981051,None,None,,,,,,,,,,,0,18,18,329,156.6784158750088,,,,,,,,,,,,,,,,,,,,,,,,,,,,,,,,,,,,,,,,,,,,,,,,,,,,,,,,,,,,,,,,,,,,,,156.66978116700193,156.6784158750088,157.91335762501694,157.91335762501694,157.91335762501694,157.98587620901526,157.98587620901526,157.98587620901526,158.38302470900817,period,1.6996470419981051,None,158.3831343339989,158.38317637500586,None,,,,,,,,,,,,21040099,2,2026-01-15_12h12.40.477,tilt_mocs,2024.2.4,120.82791337127415,2026-01-15 12h12.52.410327 -0500,
8,15.0,,19,19,0,,,,,100,0,,,,,c+8,poss,0.75,period,1.3918477919942234,None,None,,,,,,,,,,,0,19,19,223,158.39379687499604,,,,,,,,,,,,,,,,,,,,,,,,,,,,,,,,,,,,,,,,,,,,,,,,,,,,,,,,,,,,,,,,,,,,,,158.3851280840172,158.39379687499604,159.13002845901065,159.13002845901065,159.13002845901065,159.20226558399736,159.20226558399736,159.20226558399736,159.78919204199337,period,1.3918477919942234,None,159.7892989999964,159.7893403749913,None,,,,,,,,,,,,21040099,2,2026-01-15_12h12.40.477,tilt_mocs,2024.2.4,120.82791337127415,2026-01-15 12h12.52.410327 -0500,
-4,-15.0,,20,20,0,,,,,100,0,,,,,c-4,negs,1.0,z,1.6876512079907116,None,None,,,,,,,,,,,0,20,20,360,159.80026916699717,,,,,,,,,,,,,,,,,,,,,,,,,,,,,,,,,,,,,,,,,,,,,,,,,,,,,,,,,,,,,,,,,,,,,,159.79131749999942,159.80026916699717,160.79010783400736,160.79010783400736,160.79010783400736,160.86436766700353,160.86436766700353,160.86436766700353,161.49982787499903,z,1.6876512079907116,None,161.49996308400296,161.50001541699748,None,,,,,,,,,,,,21040099,2,2026-01-15_12h12.40.477,tilt_mocs,2024.2.4,120.82791337127415,2026-01-15 12h12.52.410327 -0500,
0,15.0,,21,21,0,,,,,100,0,,,,,c+0,poss,1.25,z,1.8148489170125686,None,None,,,,,,,,,,,0,21,21,78,161.51176329201553,,,,,,,,,,,,,,,,,,,,,,,,,,,,,,,,,,,,,,,,,,,,,,,,,,,,,,,,,,,,,,,,,,,,,,161.50252612499753,161.51176329201553,162.74774037499446,162.74774037499446,162.74774037499446,162.81956120900577,162.81956120900577,162.81956120900577,163.33298029200523,z,1.8148489170125686,None,163.33310045901453,163.3331432499981,None,,,,,,,,,,,,21040099,2,2026-01-15_12h12.40.477,tilt_mocs,2024.2.4,120.82791337127415,2026-01-15 12h12.52.410327 -0500,
-6,-15.0,,22,22,0,,,,,100,0,,,,,c-6,negs,1.0,z,1.6320238749904092,None,None,,,,,,,,,,,0,22,22,321,163.34375658401405,,,,,,,,,,,,,,,,,,,,,,,,,,,,,,,,,,,,,,,,,,,,,,,,,,,,,,,,,,,,,,,,,,,,,,163.33512262499426,163.34375658401405,164.3306972499995,164.3306972499995,164.3306972499995,164.4030931669986,164.4030931669986,164.4030931669986,164.98341445901315,z,1.6320238749904092,None,164.98366716702003,164.98376237499178,None,,,,,,,,,,,,21040099,2,2026-01-15_12h12.40.477,tilt_mocs,2024.2.4,120.82791337127415,2026-01-15 12h12.52.410327 -0500,
8,15.0,,23,23,0,,,,,100,0,,,,,c+8,poss,1.25,period,1.8468520830210764,None,None,,,,,,,,,,,0,23,23,249,164.99555329201394,,,,,,,,,,,,,,,,,,,,,,,,,,,,,,,,,,,,,,,,,,,,,,,,,,,,,,,,,,,,,,,,,,,,,,164.98616787500214,164.99555329201394,166.23061575001338,166.23061575001338,166.23061575001338,166.30279350001365,166.30279350001365,166.30279350001365,166.85066795899183,period,1.8468520830210764,None,166.85080849999213,166.85086274999776,None,,,,,,,,,,,,21040099,2,2026-01-15_12h12.40.477,tilt_mocs,2024.2.4,120.82791337127415,2026-01-15 12h12.52.410327 -0500,
4,15.0,,24,24,0,,,,,100,0,,,,,c+4,poss,1.25,z,1.9094414590217639,None,None,,,,,,,,,,,0,24,24,158,166.86218525000731,,,,,,,,,,,,,,,,,,,,,,,,,,,,,,,,,,,,,,,,,,,,,,,,,,,,,,,,,,,,,,,,,,,,,,166.85324970900547,166.86218525000731,168.09651054200367,168.09651054200367,168.09651054200367,168.16960737499176,168.16960737499176,168.16960737499176,168.78325033400324,z,1.9094414590217639,None,168.78336008399492,168.7834125420195,None,,,,,,,,,,,,21040099,2,2026-01-15_12h12.40.477,tilt_mocs,2024.2.4,120.82791337127415,2026-01-15 12h12.52.410327 -0500,
2,15.0,,25,25,0,,,,,100,0,,,,,c+2,poss,0.5,period,1.241512957989471,None,None,,,,,,,,,,,0,25,25,89,168.7942495419993,,,,,,,,,,,,,,,,,,,,,,,,,,,,,,,,,,,,,,,,,,,,,,,,,,,,,,,,,,,,,,,,,,,,,,168.78540570900077,168.7942495419993,169.28028120900854,169.28028120900854,169.28028120900854,169.35283570899628,169.35283570899628,169.35283570899628,170.03880599999684,period,1.241512957989471,None,170.0389367089956,170.0389889999933,None,,,,,,,,,,,,21040099,2,2026-01-15_12h12.40.477,tilt_mocs,2024.2.4,120.82791337127415,2026-01-15 12h12.52.410327 -0500,
-2,0.0,,26,26,0,,,,,0,100,,,,,c-2,noss,1.25,z,1.7476940419874154,None,None,,,,,,,,,,,0,26,26,581,170.05022533400916,,,,,,,,,,,,,,,,,,,,,,,,,,,,,,,,,,,,,,,,,,,,,,,,,,,,,,,,,,,,,,,,,,,,,,170.04137754201656,170.05022533400916,171.28975891700247,171.28975891700247,171.28975891700247,171.36492195900064,171.36492195900064,171.36492195900064,171.80021666700486,z,1.7476940419874154,None,171.8003263749997,171.80036824999843,None,,,,,,,,,,,,21040099,2,2026-01-15_12h12.40.477,tilt_mocs,2024.2.4,120.82791337127415,2026-01-15 12h12.52.410327 -0500,
6,15.0,,27,27,0,,,,,100,0,,,,,c+6,poss,1.0,z,1.5446719159954228,None,None,,,,,,,,,,,0,27,27,192,171.810904959013,,,,,,,,,,,,,,,,,,,,,,,,,,,,,,,,,,,,,,,,,,,,,,,,,,,,,,,,,,,,,,,,,,,,,,171.80234233400552,171.810904959013,172.7972776670067,172.7972776670067,172.7972776670067,172.87049166701036,172.87049166701036,172.87049166701036,173.36715395899955,z,1.5446719159954228,None,173.36728950001998,173.3673420000123,None,,,,,,,,,,,,21040099,2,2026-01-15_12h12.40.477,tilt_mocs,2024.2.4,120.82791337127415,2026-01-15 12h12.52.410327 -0500,
-4,0.0,,28,28,0,,,,,0,100,,,,,c-4,noss,0.75,z,1.2501207500172313,None,None,,,,,,,,,,,0,28,28,517,173.3786418340169,,,,,,,,,,,,,,,,,,,,,,,,,,,,,,,,,,,,,,,,,,,,,,,,,,,,,,,,,,,,,,,,,,,,,,173.36974595900392,173.3786418340169,174.11356862500543,174.11356862500543,174.11356862500543,174.18633754199254,174.18633754199254,174.18633754199254,174.63398083401262,z,1.2501207500172313,None,174.6341592920071,174.63421816701884,None,,,,,,,,,,,,21040099,2,2026-01-15_12h12.40.477,tilt_mocs,2024.2.4,120.82791337127415,2026-01-15 12h12.52.410327 -0500,
0,15.0,,29,29,0,,,,,100,0,,,,,c+0,poss,0.75,z,1.2350777919928078,None,None,,,,,,,,,,,0,29,29,62,174.6468947090034,,,,,,,,,,,,,,,,,,,,,,,,,,,,,,,,,,,,,,,,,,,,,,,,,,,,,,,,,,,,,,,,,,,,,,174.63761733399588,174.6468947090034,175.38100749999285,175.38100749999285,175.38100749999285,175.45325254200725,175.45325254200725,175.45325254200725,175.88498595901183,z,1.2350777919928078,None,175.88513795900508,175.8851948750089,None,,,,,,,,,,,,21040099,2,2026-01-15_12h12.40.477,tilt_mocs,2024.2.4,120.82791337127415,2026-01-15 12h12.52.410327 -0500,
-4,-15.0,,30,30,0,,,,,100,0,,,,,c-4,negs,0.75,z,1.4759694999956992,None,None,,,,,,,,,,,0,30,30,356,175.8960843340028,,,,,,,,,,,,,,,,,,,,,,,,,,,,,,,,,,,,,,,,,,,,,,,,,,,,,,,,,,,,,,,,,,,,,,175.8875678750046,175.8960843340028,176.63100550000672,176.63100550000672,176.63100550000672,176.70306670901482,176.70306670901482,176.70306670901482,177.37501579200034,z,1.4759694999956992,None,177.37516670901095,177.3752244170173,None,,,,,,,,,,,,21040099,2,2026-01-15_12h12.40.477,tilt_mocs,2024.2.4,120.82791337127415,2026-01-15 12h12.52.410327 -0500,
-2,-15.0,,31,31,0,,,,,100,0,,,,,c-2,negs,0.75,z,1.452805624983739,None,None,,,,,,,,,,,0,31,31,397,177.38532125001075,,,,,,,,,,,,,,,,,,,,,,,,,,,,,,,,,,,,,,,,,,,,,,,,,,,,,,,,,,,,,,,,,,,,,,177.37745620901114,177.38532125001075,178.12445691699395,178.12445691699395,178.12445691699395,178.19827787499526,178.19827787499526,178.19827787499526,178.85072225000476,z,1.452805624983739,None,178.85087895899778,178.85093254200183,None,,,,,,,,,,,,21040099,2,2026-01-15_12h12.40.477,tilt_mocs,2024.2.4,120.82791337127415,2026-01-15 12h12.52.410327 -0500,
6,15.0,,32,32,0,,,,,100,0,,,,,c+6,poss,0.5,z,1.1500787909899373,None,None,,,,,,,,,,,0,32,32,177,178.86220358399441,,,,,,,,,,,,,,,,,,,,,,,,,,,,,,,,,,,,,,,,,,,,,,,,,,,,,,,,,,,,,,,,,,,,,,178.85334633401362,178.86220358399441,179.3479309590184,179.3479309590184,179.3479309590184,179.4198345420009,179.4198345420009,179.4198345420009,180.01727641699836,z,1.1500787909899373,None,180.01738816700527,180.017429583997,None,,,,,,,,,,,,21040099,2,2026-01-15_12h12.40.477,tilt_mocs,2024.2.4,120.82791337127415,2026-01-15 12h12.52.410327 -0500,
0,15.0,,33,33,0,,,,,100,0,,,,,c+0,poss,0.75,z,1.3894341660197824,None,None,,,,,,,,,,,0,33,33,60,180.0281630840036,,,,,,,,,,,,,,,,,,,,,,,,,,,,,,,,,,,,,,,,,,,,,,,,,,,,,,,,,,,,,,,,,,,,,,180.01949391700327,180.0281630840036,180.76452145900112,180.76452145900112,180.76452145900112,180.8362167919986,180.8362167919986,180.8362167919986,181.42329641699325,z,1.3894341660197824,None,181.42342750000535,181.42348366699298,None,,,,,,,,,,,,21040099,2,2026-01-15_12h12.40.477,tilt_mocs,2024.2.4,120.82791337127415,2026-01-15 12h12.52.410327 -0500,
-2,-15.0,,34,34,0,,,,,100,0,,,,,c-2,negs,1.25,period,2.1421958330029156,None,None,,,,,,,,,,,0,34,34,414,181.43428591699922,,,,,,,,,,,,,,,,,,,,,,,,,,,,,,,,,,,,,,,,,,,,,,,,,,,,,,,,,,,,,,,,,,,,,,181.4257185840106,181.43428591699922,182.67486058399663,182.67486058399663,182.67486058399663,182.74844137500622,182.74844137500622,182.74844137500622,183.58452033399954,period,2.1421958330029156,None,183.58469037499162,183.58474287501303,None,,,,,,,,,,,,21040099,2,2026-01-15_12h12.40.477,tilt_mocs,2024.2.4,120.82791337127415,2026-01-15 12h12.52.410327 -0500,
-8,-15.0,,35,35,0,,,,,100,0,,,,,c-8,negs,0.75,z,1.2985143749974668,None,None,,,,,,,,,,,0,35,35,263,183.59650149999652,,,,,,,,,,,,,,,,,,,,,,,,,,,,,,,,,,,,,,,,,,,,,,,,,,,,,,,,,,,,,,,,,,,,,,183.58751458401093,183.59650149999652,184.33139875001507,184.33139875001507,184.33139875001507,184.40314804200898,184.40314804200898,184.40314804200898,184.9013572090189,z,1.2985143749974668,None,184.90153629201814,184.90159291701275,None,,,,,,,,,,,,21040099,2,2026-01-15_12h12.40.477,tilt_mocs,2024.2.4,120.82791337127415,2026-01-15 12h12.52.410327 -0500,
2,15.0,,36,36,0,,,,,100,0,,,,,c+2,poss,0.5,z,1.3532973330002278,None,None,,,,,,,,,,,0,36,36,91,184.91369108401705,,,,,,,,,,,,,,,,,,,,,,,,,,,,,,,,,,,,,,,,,,,,,,,,,,,,,,,,,,,,,,,,,,,,,,184.9046673749981,184.91369108401705,185.39739699999336,185.39739699999336,185.39739699999336,185.4701807500096,185.4701807500096,185.4701807500096,186.27237500000047,z,1.3532973330002278,None,186.27248700000928,186.27252950001275,None,,,,,,,,,,,,21040099,2,2026-01-15_12h12.40.477,tilt_mocs,2024.2.4,120.82791337127415,2026-01-15 12h12.52.410327 -0500,
4,15.0,,37,37,0,,,,,100,0,,,,,c+4,poss,1.25,period,2.2150919160048943,None,None,,,,,,,,,,,0,37,37,163,186.28398316699895,,,,,,,,,,,,,,,,,,,,,,,,,,,,,,,,,,,,,,,,,,,,,,,,,,,,,,,,,,,,,,,,,,,,,,186.27466758401715,186.28398316699895,187.52546816700487,187.52546816700487,187.52546816700487,187.5989271250146,187.5989271250146,187.5989271250146,188.50164425000548,period,2.2150919160048943,None,188.50177891700878,188.50183187500807,None,,,,,,,,,,,,21040099,2,2026-01-15_12h12.40.477,tilt_mocs,2024.2.4,120.82791337127415,2026-01-15 12h12.52.410327 -0500,
4,15.0,,38,38,0,,,,,100,0,,,,,c+4,poss,1.0,period,1.7269575420068577,None,None,,,,,,,,,,,0,38,38,157,188.5127570000186,,,,,,,,,,,,,,,,,,,,,,,,,,,,,,,,,,,,,,,,,,,,,,,,,,,,,,,,,,,,,,,,,,,,,,188.5040175000031,188.5127570000186,189.49829612500616,189.49829612500616,189.49829612500616,189.57043012499344,189.57043012499344,189.57043012499344,190.25103129202034,period,1.7269575420068577,None,190.25116587500088,190.2512176670134,None,,,,,,,,,,,,21040099,2,2026-01-15_12h12.40.477,tilt_mocs,2024.2.4,120.82791337127415,2026-01-15 12h12.52.410327 -0500,
2,0.0,,39,39,0,,,,,0,100,,,,,c+2,noss,0.75,period,1.270854208007222,None,None,,,,,,,,,,,0,39,39,647,190.2620491250127,,,,,,,,,,,,,,,,,,,,,,,,,,,,,,,,,,,,,,,,,,,,,,,,,,,,,,,,,,,,,,,,,,,,,,190.25347991700983,190.2620491250127,190.9983097090153,190.9983097090153,190.9983097090153,191.07151895901188,191.07151895901188,191.07151895901188,191.53602587501518,period,1.270854208007222,None,191.53617116701207,191.53621533399564,None,,,,,,,,,,,,21040099,2,2026-01-15_12h12.40.477,tilt_mocs,2024.2.4,120.82791337127415,2026-01-15 12h12.52.410327 -0500,
-4,0.0,,40,40,0,,,,,0,100,,,,,c-4,noss,0.5,z,1.1015845829970203,None,None,,,,,,,,,,,0,40,40,510,191.54721099999733,,,,,,,,,,,,,,,,,,,,,,,,,,,,,,,,,,,,,,,,,,,,,,,,,,,,,,,,,,,,,,,,,,,,,,191.5383415420074,191.54721099999733,192.03167987501365,192.03167987501365,192.03167987501365,192.10366566700395,192.10366566700395,192.10366566700395,192.65170012501767,z,1.1015845829970203,None,192.65185250001377,192.65190587501274,None,,,,,,,,,,,,21040099,2,2026-01-15_12h12.40.477,tilt_mocs,2024.2.4,120.82791337127415,2026-01-15 12h12.52.410327 -0500,
0,-15.0,,41,41,0,,,,,100,0,,,,,c+0,negs,1.25,period,1.7663897500024177,None,None,,,,,,,,,,,0,41,41,457,192.6630436250125,,,,,,,,,,,,,,,,,,,,,,,,,,,,,,,,,,,,,,,,,,,,,,,,,,,,,,,,,,,,,,,,,,,,,,192.65414391699596,192.6630436250125,193.89734600001248,193.89734600001248,193.89734600001248,193.97033904201817,193.97033904201817,193.97033904201817,194.43453125000815,period,1.7663897500024177,None,194.43464179200237,194.4346837500052,None,,,,,,,,,,,,21040099,2,2026-01-15_12h12.40.477,tilt_mocs,2024.2.4,120.82791337127415,2026-01-15 12h12.52.410327 -0500,
2,15.0,,42,42,0,,,,,100,0,,,,,c+2,poss,0.5,z,0.9896438749856316,None,None,,,,,,,,,,,0,42,42,85,194.44585695900605,,,,,,,,,,,,,,,,,,,,,,,,,,,,,,,,,,,,,,,,,,,,,,,,,,,,,,,,,,,,,,,,,,,,,,194.43675645900657,194.44585695900605,194.93196512499708,194.93196512499708,194.93196512499708,195.00396516700857,195.00396516700857,195.00396516700857,195.44044429200585,z,0.9896438749856316,None,195.4405878749967,195.44064312500996,None,,,,,,,,,,,,21040099,2,2026-01-15_12h12.40.477,tilt_mocs,2024.2.4,120.82791337127415,2026-01-15 12h12.52.410327 -0500,
0,0.0,,43,43,0,,,,,0,100,,,,,c+0,noss,0.75,z,1.23961795901414,None,None,,,,,,,,,,,0,43,43,604,195.45145354201668,,,,,,,,,,,,,,,,,,,,,,,,,,,,,,,,,,,,,,,,,,,,,,,,,,,,,,,,,,,,,,,,,,,,,,195.4427627499972,195.45145354201668,196.19094966701232,196.19094966701232,196.19094966701232,196.2657732499938,196.2657732499938,196.2657732499938,196.70141812501242,z,1.23961795901414,None,196.70155508400057,196.70160779199796,None,,,,,,,,,,,,21040099,2,2026-01-15_12h12.40.477,tilt_mocs,2024.2.4,120.82791337127415,2026-01-15 12h12.52.410327 -0500,
2,0.0,,44,44,0,,,,,0,100,,,,,c+2,noss,0.75,period,1.1734038339927793,None,None,,,,,,,,,,,0,44,44,649,196.71287491699331,,,,,,,,,,,,,,,,,,,,,,,,,,,,,,,,,,,,,,,,,,,,,,,,,,,,,,,,,,,,,,,,,,,,,,196.7039218340069,196.71287491699331,197.44855525001185,197.44855525001185,197.44855525001185,197.52091704201302,197.52091704201302,197.52091704201302,197.889653249993,period,1.1734038339927793,None,197.8897567090171,197.88979766701232,None,,,,,,,,,,,,21040099,2,2026-01-15_12h12.40.477,tilt_mocs,2024.2.4,120.82791337127415,2026-01-15 12h12.52.410327 -0500,
-4,0.0,,45,45,0,,,,,0,100,,,,,c-4,noss,0.5,z,1.0283732090028934,None,None,,,,,,,,,,,0,45,45,514,197.9010695000179,,,,,,,,,,,,,,,,,,,,,,,,,,,,,,,,,,,,,,,,,,,,,,,,,,,,,,,,,,,,,,,,,,,,,,197.89177975000348,197.9010695000179,198.39153604200692,198.39153604200692,198.39153604200692,198.46568187500816,198.46568187500816,198.46568187500816,198.93472879199544,z,1.0283732090028934,None,198.93486425001174,198.93491787501262,None,,,,,,,,,,,,21040099,2,2026-01-15_12h12.40.477,tilt_mocs,2024.2.4,120.82791337127415,2026-01-15 12h12.52.410327 -0500,
-8,-15.0,,46,46,0,,,,,100,0,,,,,c-8,negs,1.0,z,1.511494667007355,None,None,,,,,,,,,,,0,46,46,275,198.94590012499248,,,,,,,,,,,,,,,,,,,,,,,,,,,,,,,,,,,,,,,,,,,,,,,,,,,,,,,,,,,,,,,,,,,,,,198.9370939170185,198.94590012499248,199.93204191699624,199.93204191699624,199.93204191699624,200.00408483401407,200.00408483401407,200.00408483401407,200.46786304199486,z,1.511494667007355,None,200.46797179200803,200.468013375008,None,,,,,,,,,,,,21040099,2,2026-01-15_12h12.40.477,tilt_mocs,2024.2.4,120.82791337127415,2026-01-15 12h12.52.410327 -0500,
-2,0.0,,47,47,0,,,,,0,100,,,,,c-2,noss,1.25,z,1.711808457999723,None,None,,,,,,,,,,,0,47,47,579,200.47906466701534,,,,,,,,,,,,,,,,,,,,,,,,,,,,,,,,,,,,,,,,,,,,,,,,,,,,,,,,,,,,,,,,,,,,,,200.47033945901785,200.47906466701534,201.7146664590109,201.7146664590109,201.7146664590109,201.78802208401612,201.78802208401612,201.78802208401612,202.20132679201197,z,1.711808457999723,None,202.20147425000323,202.201527333993,None,,,,,,,,,,,,21040099,2,2026-01-15_12h12.40.477,tilt_mocs,2024.2.4,120.82791337127415,2026-01-15 12h12.52.410327 -0500,
-6,-15.0,,48,48,0,,,,,100,0,,,,,c-6,negs,1.25,z,1.8605090829951223,None,None,,,,,,,,,,,0,48,48,332,202.21255100000417,,,,,,,,,,,,,,,,,,,,,,,,,,,,,,,,,,,,,,,,,,,,,,,,,,,,,,,,,,,,,,,,,,,,,,202.20379629201489,202.21255100000417,203.44881375000114,203.44881375000114,203.44881375000114,203.52224975000718,203.52224975000718,203.52224975000718,204.08525395899778,z,1.8605090829951223,None,204.08543454200844,204.08549462500378,None,,,,,,,,,,,,21040099,2,2026-01-15_12h12.40.477,tilt_mocs,2024.2.4,120.82791337127415,2026-01-15 12h12.52.410327 -0500,
8,15.0,,49,49,0,,,,,100,0,,,,,c+8,poss,0.75,period,1.1749389169854112,None,None,,,,,,,,,,,0,49,49,221,204.0980598340102,,,,,,,,,,,,,,,,,,,,,,,,,,,,,,,,,,,,,,,,,,,,,,,,,,,,,,,,,,,,,,,,,,,,,,204.08859516700613,204.0980598340102,204.83219337501214,204.83219337501214,204.83219337501214,204.90570379199926,204.90570379199926,204.90570379199926,205.2847513339948,period,1.1749389169854112,None,205.28488675001427,205.28493770901696,None,,,,,,,,,,,,21040099,2,2026-01-15_12h12.40.477,tilt_mocs,2024.2.4,120.82791337127415,2026-01-15 12h12.52.410327 -0500,
2,0.0,,50,50,0,,,,,0,100,,,,,c+2,noss,1.0,period,1.7287020410003606,None,None,,,,,,,,,,,0,50,50,657,205.29595087500638,,,,,,,,,,,,,,,,,,,,,,,,,,,,,,,,,,,,,,,,,,,,,,,,,,,,,,,,,,,,,,,,,,,,,,205.28732062500785,205.29595087500638,206.28211737499805,206.28211737499805,206.28211737499805,206.35409937499207,206.35409937499207,206.35409937499207,207.03469462500652,period,1.7287020410003606,None,207.0348333750153,207.03489037501276,None,,,,,,,,,,,,21040099,2,2026-01-15_12h12.40.477,tilt_mocs,2024.2.4,120.82791337127415,2026-01-15 12h12.52.410327 -0500,
-4,-15.0,,51,51,0,,,,,100,0,,,,,c-4,negs,0.75,z,1.2826107500004582,None,None,,,,,,,,,,,0,51,51,352,207.04605358399567,,,,,,,,,,,,,,,,,,,,,,,,,,,,,,,,,,,,,,,,,,,,,,,,,,,,,,,,,,,,,,,,,,,,,,207.0373168340011,207.04605358399567,207.78146200001356,207.78146200001356,207.78146200001356,207.85454412500258,207.85454412500258,207.85454412500258,208.3347197920084,z,1.2826107500004582,None,208.33482645900222,208.3348680420022,None,,,,,,,,,,,,21040099,2,2026-01-15_12h12.40.477,tilt_mocs,2024.2.4,120.82791337127415,2026-01-15 12h12.52.410327 -0500,
4,0.0,,52,52,0,,,,,0,100,,,,,c+4,noss,0.75,period,1.2057203750009649,None,None,,,,,,,,,,,0,52,52,685,208.34552162501495,,,,,,,,,,,,,,,,,,,,,,,,,,,,,,,,,,,,,,,,,,,,,,,,,,,,,,,,,,,,,,,,,,,,,,208.33687166700838,208.34552162501495,209.08235145901563,209.08235145901563,209.08235145901563,209.15459575000568,209.15459575000568,209.15459575000568,209.55793825001456,period,1.2057203750009649,None,209.55806520901388,209.55811591699603,None,,,,,,,,,,,,21040099,2,2026-01-15_12h12.40.477,tilt_mocs,2024.2.4,120.82791337127415,2026-01-15 12h12.52.410327 -0500,
2,15.0,,53,53,0,,,,,100,0,,,,,c+2,poss,0.5,period,1.1649556669872254,None,None,,,,,,,,,,,0,53,53,88,209.568680958997,,,,,,,,,,,,,,,,,,,,,,,,,,,,,,,,,,,,,,,,,,,,,,,,,,,,,,,,,,,,,,,,,,,,,,209.56047879200196,209.568680958997,210.05922266701236,210.05922266701236,210.05922266701236,210.13265300000785,210.13265300000785,210.13265300000785,210.73685816701618,period,1.1649556669872254,None,210.7370139590057,210.73706904199207,None,,,,,,,,,,,,21040099,2,2026-01-15_12h12.40.477,tilt_mocs,2024.2.4,120.82791337127415,2026-01-15 12h12.52.410327 -0500,
-4,0.0,,54,54,0,,,,,0,100,,,,,c-4,noss,0.75,z,1.2434990000037942,None,None,,,,,,,,,,,0,54,54,518,210.7485806250188,,,,,,,,,,,,,,,,,,,,,,,,,,,,,,,,,,,,,,,,,,,,,,,,,,,,,,,,,,,,,,,,,,,,,,210.7397320420132,210.7485806250188,211.48197958400124,211.48197958400124,211.48197958400124,211.5546388750081,211.5546388750081,211.5546388750081,212.00207562500145,z,1.2434990000037942,None,212.0022109170095,212.0022641250107,None,,,,,,,,,,,,21040099,2,2026-01-15_12h12.40.477,tilt_mocs,2024.2.4,120.82791337127415,2026-01-15 12h12.52.410327 -0500,
-4,-15.0,,55,55,0,,,,,100,0,,,,,c-4,negs,1.25,z,1.7804642920091283,None,None,,,,,,,,,,,0,55,55,371,212.01346279200516,,,,,,,,,,,,,,,,,,,,,,,,,,,,,,,,,,,,,,,,,,,,,,,,,,,,,,,,,,,,,,,,,,,,,,212.0046085420181,212.01346279200516,213.2491777090181,213.2491777090181,213.2491777090181,213.3211272089975,213.3211272089975,213.3211272089975,213.80192287501995,z,1.7804642920091283,None,213.8020835420175,213.80213912500767,None,,,,,,,,,,,,21040099,2,2026-01-15_12h12.40.477,tilt_mocs,2024.2.4,120.82791337127415,2026-01-15 12h12.52.410327 -0500,
-6,-15.0,,56,56,0,,,,,100,0,,,,,c-6,negs,0.75,z,1.2806074580003042,None,None,,,,,,,,,,,0,56,56,307,213.81444437499158,,,,,,,,,,,,,,,,,,,,,,,,,,,,,,,,,,,,,,,,,,,,,,,,,,,,,,,,,,,,,,,,,,,,,,213.80534104199614,213.81444437499158,214.54911570900003,214.54911570900003,214.54911570900003,214.6211975000042,214.6211975000042,214.6211975000042,215.10144470899832,z,1.2806074580003042,None,215.10154666699236,215.101589124999,None,,,,,,,,,,,,21040099,2,2026-01-15_12h12.40.477,tilt_mocs,2024.2.4,120.82791337127415,2026-01-15 12h12.52.410327 -0500,
-4,0.0,,57,57,0,,,,,0,100,,,,,c-4,noss,0.5,z,1.0240865410014521,None,None,,,,,,,,,,,0,57,57,505,215.112229499995,,,,,,,,,,,,,,,,,,,,,,,,,,,,,,,,,,,,,,,,,,,,,,,,,,,,,,,,,,,,,,,,,,,,,,215.10358975001145,215.112229499995,215.59924429201055,215.59924429201055,215.59924429201055,215.6714328750095,215.6714328750095,215.6714328750095,216.14098200001172,z,1.0240865410014521,None,216.1411142089928,216.14116891700542,None,,,,,,,,,,,,21040099,2,2026-01-15_12h12.40.477,tilt_mocs,2024.2.4,120.82791337127415,2026-01-15 12h12.52.410327 -0500,
-4,0.0,,58,58,0,,,,,0,100,,,,,c-4,noss,1.0,z,1.5033691660210025,None,None,,,,,,,,,,,0,58,58,532,216.15210033400217,,,,,,,,,,,,,,,,,,,,,,,,,,,,,,,,,,,,,,,,,,,,,,,,,,,,,,,,,,,,,,,,,,,,,,216.14328762501827,216.15210033400217,217.1432743750047,217.1432743750047,217.1432743750047,217.21655425001518,217.21655425001518,217.21655425001518,217.6581757090171,z,1.5033691660210025,None,217.65835245899507,217.65840433401172,None,,,,,,,,,,,,21040099,2,2026-01-15_12h12.40.477,tilt_mocs,2024.2.4,120.82791337127415,2026-01-15 12h12.52.410327 -0500,
-8,-15.0,,59,59,0,,,,,100,0,,,,,c-8,negs,0.75,z,1.2807032919954509,None,None,,,,,,,,,,,0,59,59,268,217.6693762089999,,,,,,,,,,,,,,,,,,,,,,,,,,,,,,,,,,,,,,,,,,,,,,,,,,,,,,,,,,,,,,,,,,,,,,217.66110345901689,217.6693762089999,218.4091066250112,218.4091066250112,218.4091066250112,218.48310304200277,218.48310304200277,218.48310304200277,218.95291250001173,z,1.2807032919954509,None,218.95306504200562,218.95311875001062,None,,,,,,,,,,,,21040099,2,2026-01-15_12h12.40.477,tilt_mocs,2024.2.4,120.82791337127415,2026-01-15 12h12.52.410327 -0500,
-4,0.0,,60,60,0,,,,,0,100,,,,,c-4,noss,0.5,z,1.0229208329983521,None,None,,,,,,,,,,,0,60,60,508,218.96495341701666,,,,,,,,,,,,,,,,,,,,,,,,,,,,,,,,,,,,,,,,,,,,,,,,,,,,,,,,,,,,,,,,,,,,,,218.95591529199737,218.96495341701666,219.4484607920167,219.4484607920167,219.4484607920167,219.52242037499673,219.52242037499673,219.52242037499673,219.99078033401747,z,1.0229208329983521,None,219.9909151669999,219.99096187500982,None,,,,,,,,,,,,21040099,2,2026-01-15_12h12.40.477,tilt_mocs,2024.2.4,120.82791337127415,2026-01-15 12h12.52.410327 -0500,
2,15.0,,61,61,0,,,,,100,0,,,,,c+2,poss,1.0,z,1.5829590420180466,None,None,,,,,,,,,,,0,61,61,109,220.00193100000615,,,,,,,,,,,,,,,,,,,,,,,,,,,,,,,,,,,,,,,,,,,,,,,,,,,,,,,,,,,,,,,,,,,,,,219.99296045899973,220.00193100000615,220.99243104201742,220.99243104201742,220.99243104201742,221.0668020840094,221.0668020840094,221.0668020840094,221.59137187499437,z,1.5829590420180466,None,221.59150166701875,221.59155891701812,None,,,,,,,,,,,,21040099,2,2026-01-15_12h12.40.477,tilt_mocs,2024.2.4,120.82791337127415,2026-01-15 12h12.52.410327 -0500,
-6,-15.0,,62,62,0,,,,,100,0,,,,,c-6,negs,0.75,z,1.2248872499912977,None,None,,,,,,,,,,,0,62,62,312,221.60259437499917,,,,,,,,,,,,,,,,,,,,,,,,,,,,,,,,,,,,,,,,,,,,,,,,,,,,,,,,,,,,,,,,,,,,,,221.59372279199306,221.60259437499917,222.3418858750083,222.3418858750083,222.3418858750083,222.4165556250082,222.4165556250082,222.4165556250082,222.83590199999162,z,1.2248872499912977,None,222.8360637089936,222.83611999999266,None,,,,,,,,,,,,21040099,2,2026-01-15_12h12.40.477,tilt_mocs,2024.2.4,120.82791337127415,2026-01-15 12h12.52.410327 -0500,
0,-15.0,,63,63,0,,,,,100,0,,,,,c+0,negs,1.25,period,1.7856930830166675,None,None,,,,,,,,,,,0,63,63,456,222.84791199999745,,,,,,,,,,,,,,,,,,,,,,,,,,,,,,,,,,,,,,,,,,,,,,,,,,,,,,,,,,,,,,,,,,,,,,222.83914275001734,222.84791199999745,224.08286666701315,224.08286666701315,224.08286666701315,224.15519783401396,224.15519783401396,224.15519783401396,224.6361818340083,period,1.7856930830166675,None,224.63631279201945,224.63637058401946,None,,,,,,,,,,,,21040099,2,2026-01-15_12h12.40.477,tilt_mocs,2024.2.4,120.82791337127415,2026-01-15 12h12.52.410327 -0500,
-4,-15.0,,64,64,0,,,,,100,0,,,,,c-4,negs,1.25,period,1.8204731659789104,None,None,,,,,,,,,,,0,64,64,368,224.64749820900033,,,,,,,,,,,,,,,,,,,,,,,,,,,,,,,,,,,,,,,,,,,,,,,,,,,,,,,,,,,,,,,,,,,,,,224.6386343750055,224.64749820900033,225.88206091700704,225.88206091700704,225.88206091700704,225.95456304200343,225.95456304200343,225.95456304200343,226.47441870899638,period,1.8204731659789104,None,226.47454120899783,226.47459633401013,None,,,,,,,,,,,,21040099,2,2026-01-15_12h12.40.477,tilt_mocs,2024.2.4,120.82791337127415,2026-01-15 12h12.52.410327 -0500,
2,15.0,,65,65,0,,,,,100,0,,,,,c+2,poss,0.5,period,1.4537872499786317,None,None,,,,,,,,,,,0,65,65,84,226.48566933401162,,,,,,,,,,,,,,,,,,,,,,,,,,,,,,,,,,,,,,,,,,,,,,,,,,,,,,,,,,,,,,,,,,,,,,226.47668116699788,226.48566933401162,226.97553641701234,226.97553641701234,226.97553641701234,227.05008312501013,227.05008312501013,227.05008312501013,227.94203783400008,period,1.4537872499786317,None,227.94216741700075,227.9422185420117,None,,,,,,,,,,,,21040099,2,2026-01-15_12h12.40.477,tilt_mocs,2024.2.4,120.82791337127415,2026-01-15 12h12.52.410327 -0500,
-2,-15.0,,66,66,0,,,,,100,0,,,,,c-2,negs,1.0,period,1.6984401250083465,None,None,,,,,,,,,,,0,66,66,405,227.95260179199977,,,,,,,,,,,,,,,,,,,,,,,,,,,,,,,,,,,,,,,,,,,,,,,,,,,,,,,,,,,,,,,,,,,,,,227.94455483401543,227.95260179199977,228.9422926249972,228.9422926249972,228.9422926249972,229.01697916700505,229.01697916700505,229.01697916700505,229.65417824999895,period,1.6984401250083465,None,229.6543391669984,229.65439562499523,None,,,,,,,,,,,,21040099,2,2026-01-15_12h12.40.477,tilt_mocs,2024.2.4,120.82791337127415,2026-01-15 12h12.52.410327 -0500,
-4,0.0,,67,67,0,,,,,0,100,,,,,c-4,noss,0.75,z,1.3057385419961065,None,None,,,,,,,,,,,0,67,67,523,229.66597375000129,,,,,,,,,,,,,,,,,,,,,,,,,,,,,,,,,,,,,,,,,,,,,,,,,,,,,,,,,,,,,,,,,,,,,,229.65686333400663,229.66597375000129,230.39972437502,230.39972437502,230.39972437502,230.4714460420073,230.4714460420073,230.4714460420073,230.9753169589967,z,1.3057385419961065,None,230.97544866701355,230.97550179201062,None,,,,,,,,,,,,21040099,2,2026-01-15_12h12.40.477,tilt_mocs,2024.2.4,120.82791337127415,2026-01-15 12h12.52.410327 -0500,
-4,0.0,,68,68,0,,,,,0,100,,,,,c-4,noss,0.5,z,0.9978731670125853,None,None,,,,,,,,,,,0,68,68,512,230.98629312499543,,,,,,,,,,,,,,,,,,,,,,,,,,,,,,,,,,,,,,,,,,,,,,,,,,,,,,,,,,,,,,,,,,,,,,230.97772012499627,230.98629312499543,231.47658225000487,231.47658225000487,231.47658225000487,231.55060575000243,231.55060575000243,231.55060575000243,231.98734887500177,z,0.9978731670125853,None,231.98751483400702,231.98757300002035,None,,,,,,,,,,,,21040099,2,2026-01-15_12h12.40.477,tilt_mocs,2024.2.4,120.82791337127415,2026-01-15 12h12.52.410327 -0500,
0,0.0,,69,69,0,,,,,0,100,,,,,c+0,noss,0.75,z,1.5488652500207536,None,None,,,,,,,,,,,0,69,69,602,231.99868979200255,,,,,,,,,,,,,,,,,,,,,,,,,,,,,,,,,,,,,,,,,,,,,,,,,,,,,,,,,,,,,,,,,,,,,,231.98975837501348,231.99868979200255,232.73310787501396,232.73310787501396,232.73310787501396,232.80515016699792,232.80515016699792,232.80515016699792,233.55275500001153,z,1.5488652500207536,None,233.5528850420087,233.55293741700007,None,,,,,,,,,,,,21040099,2,2026-01-15_12h12.40.477,tilt_mocs,2024.2.4,120.82791337127415,2026-01-15 12h12.52.410327 -0500,
0,-15.0,,70,70,0,,,,,100,0,,,,,c+0,negs,0.5,period,1.0096258750127163,None,None,,,,,,,,,,,0,70,70,429,233.56391804199666,,,,,,,,,,,,,,,,,,,,,,,,,,,,,,,,,,,,,,,,,,,,,,,,,,,,,,,,,,,,,,,,,,,,,,233.55495900000096,233.56391804199666,234.0499950000085,234.0499950000085,234.0499950000085,234.12215645899414,234.12215645899414,234.12215645899414,234.5768098749977,period,1.0096258750127163,None,234.5769631669973,234.57701925002038,None,,,,,,,,,,,,21040099,2,2026-01-15_12h12.40.477,tilt_mocs,2024.2.4,120.82791337127415,2026-01-15 12h12.52.410327 -0500,
2,-15.0,,71,71,0,,,,,100,0,,,,,c+2,negs,1.25,period,1.765901250008028,None,None,,,,,,,,,,,0,71,71,496,234.58768541700556,,,,,,,,,,,,,,,,,,,,,,,,,,,,,,,,,,,,,,,,,,,,,,,,,,,,,,,,,,,,,,,,,,,,,,234.579595334013,234.58768541700556,235.8261858750193,235.8261858750193,235.8261858750193,235.90052325002034,235.90052325002034,235.90052325002034,236.3590440840053,period,1.765901250008028,None,236.35917675000383,236.35922966699582,None,,,,,,,,,,,,21040099,2,2026-01-15_12h12.40.477,tilt_mocs,2024.2.4,120.82791337127415,2026-01-15 12h12.52.410327 -0500,
-4,0.0,,72,72,0,,,,,0,100,,,,,c-4,noss,1.0,z,1.4816396250098478,None,None,,,,,,,,,,,0,72,72,530,236.36982350001927,,,,,,,,,,,,,,,,,,,,,,,,,,,,,,,,,,,,,,,,,,,,,,,,,,,,,,,,,,,,,,,,,,,,,,236.36140295900987,236.36982350001927,237.35944087500684,237.35944087500684,237.35944087500684,237.4338745000132,237.4338745000132,237.4338745000132,237.8631257090019,z,1.4816396250098478,None,237.86323829201865,237.86327941701165,None,,,,,,,,,,,,21040099,2,2026-01-15_12h12.40.477,tilt_mocs,2024.2.4,120.82791337127415,2026-01-15 12h12.52.410327 -0500,
6,15.0,,73,73,0,,,,,100,0,,,,,c+6,poss,0.75,period,1.283585207973374,None,None,,,,,,,,,,,0,73,73,181,237.8696893340093,,,,,,,,,,,,,,,,,,,,,,,,,,,,,,,,,,,,,,,,,,,,,,,,,,,,,,,,,,,,,,,,,,,,,,237.86527350000688,237.8696893340093,238.60978529200656,238.60978529200656,238.60978529200656,238.68389650000609,238.68389650000609,238.68389650000609,239.1586154999968,period,1.283585207973374,None,239.1587479590089,239.1588021670177,None,,,,,,,,,,,,21040099,2,2026-01-15_12h12.40.477,tilt_mocs,2024.2.4,120.82791337127415,2026-01-15 12h12.52.410327 -0500,
4,0.0,,74,74,0,,,,,0,100,,,,,c+4,noss,0.75,period,1.4145059580041561,None,None,,,,,,,,,,,0,74,74,693,239.16974120901432,,,,,,,,,,,,,,,,,,,,,,,,,,,,,,,,,,,,,,,,,,,,,,,,,,,,,,,,,,,,,,,,,,,,,,239.1609572500165,239.16974120901432,239.909327166999,239.909327166999,239.909327166999,239.98394737500348,239.98394737500348,239.98394737500348,240.58702833400457,period,1.4145059580041561,None,240.5871713749948,240.58722849999322,None,,,,,,,,,,,,21040099,2,2026-01-15_12h12.40.477,tilt_mocs,2024.2.4,120.82791337127415,2026-01-15 12h12.52.410327 -0500,
-4,-15.0,,75,75,0,,,,,100,0,,,,,c-4,negs,0.5,z,1.2188687919988297,None,None,,,,,,,,,,,0,75,75,340,240.59855183400214,,,,,,,,,,,,,,,,,,,,,,,,,,,,,,,,,,,,,,,,,,,,,,,,,,,,,,,,,,,,,,,,,,,,,,240.5896725000057,240.59855183400214,241.0832793340087,241.0832793340087,241.0832793340087,241.15669220901327,241.15669220901327,241.15669220901327,241.81998054200085,z,1.2188687919988297,None,241.82010949999676,241.82016100001056,None,,,,,,,,,,,,21040099,2,2026-01-15_12h12.40.477,tilt_mocs,2024.2.4,120.82791337127415,2026-01-15 12h12.52.410327 -0500,
8,15.0,,76,76,0,,,,,100,0,,,,,c+8,poss,1.25,period,1.7584627910109702,None,None,,,,,,,,,,,0,76,76,244,241.83114083399414,,,,,,,,,,,,,,,,,,,,,,,,,,,,,,,,,,,,,,,,,,,,,,,,,,,,,,,,,,,,,,,,,,,,,,241.8224617500091,241.83114083399414,243.06621379201533,243.06621379201533,243.06621379201533,243.140461959003,243.140461959003,243.140461959003,243.59275133401388,period,1.7584627910109702,None,243.59292583400384,243.59298266700353,None,,,,,,,,,,,,21040099,2,2026-01-15_12h12.40.477,tilt_mocs,2024.2.4,120.82791337127415,2026-01-15 12h12.52.410327 -0500,
-4,0.0,,77,77,0,,,,,0,100,,,,,c-4,noss,1.0,z,1.475204875023337,None,None,,,,,,,,,,,0,77,77,531,243.60338300000876,,,,,,,,,,,,,,,,,,,,,,,,,,,,,,,,,,,,,,,,,,,,,,,,,,,,,,,,,,,,,,,,,,,,,,243.59526379199815,243.60338300000876,244.59255804200075,244.59255804200075,244.59255804200075,244.66747050001868,244.66747050001868,244.66747050001868,245.08643900000607,z,1.475204875023337,None,245.08656354201958,245.08661520900205,None,,,,,,,,,,,,21040099,2,2026-01-15_12h12.40.477,tilt_mocs,2024.2.4,120.82791337127415,2026-01-15 12h12.52.410327 -0500,
0,-15.0,,78,78,0,,,,,100,0,,,,,c+0,negs,0.75,period,1.3553288340044674,None,None,,,,,,,,,,,0,78,78,431,245.09764812499634,,,,,,,,,,,,,,,,,,,,,,,,,,,,,,,,,,,,,,,,,,,,,,,,,,,,,,,,,,,,,,,,,,,,,,245.08904600000824,245.09764812499634,245.8336994590063,245.8336994590063,245.8336994590063,245.90651379199699,245.90651379199699,245.90651379199699,246.45942479200312,period,1.3553288340044674,None,246.45955733401934,246.45960808399832,None,,,,,,,,,,,,21040099,2,2026-01-15_12h12.40.477,tilt_mocs,2024.2.4,120.82791337127415,2026-01-15 12h12.52.410327 -0500,
2,-15.0,,79,79,0,,,,,100,0,,,,,c+2,negs,1.25,period,1.866520708979806,None,None,,,,,,,,,,,0,79,79,498,246.47007583401864,,,,,,,,,,,,,,,,,,,,,,,,,,,,,,,,,,,,,,,,,,,,,,,,,,,,,,,,,,,,,,,,,,,,,,246.4618134170014,246.47007583401864,247.70973562501604,247.70973562501604,247.70973562501604,247.78430312499404,247.78430312499404,247.78430312499404,248.34276895900257,period,1.866520708979806,None,248.34291112501523,248.3430732919951,None,,,,,,,,,,,,21040099,2,2026-01-15_12h12.40.477,tilt_mocs,2024.2.4,120.82791337127415,2026-01-15 12h12.52.410327 -0500,
2,-15.0,,80,80,0,,,,,100,0,,,,,c+2,negs,0.5,period,1.0528510420117527,None,None,,,,,,,,,,,0,80,80,469,248.35378383399802,,,,,,,,,,,,,,,,,,,,,,,,,,,,,,,,,,,,,,,,,,,,,,,,,,,,,,,,,,,,,,,,,,,,,,248.34559487501974,248.35378383399802,248.84328462500707,248.84328462500707,248.84328462500707,248.91725766699528,248.91725766699528,248.91725766699528,249.4092730419943,period,1.0528510420117527,None,249.40940008399775,249.4094561249949,None,,,,,,,,,,,,21040099,2,2026-01-15_12h12.40.477,tilt_mocs,2024.2.4,120.82791337127415,2026-01-15 12h12.52.410327 -0500,
8,15.0,,81,81,0,,,,,100,0,,,,,c+8,poss,0.5,period,1.184668874979252,None,None,,,,,,,,,,,0,81,81,214,249.42030941700796,,,,,,,,,,,,,,,,,,,,,,,,,,,,,,,,,,,,,,,,,,,,,,,,,,,,,,,,,,,,,,,,,,,,,,249.41147220900166,249.42030941700796,249.90982412500307,249.90982412500307,249.90982412500307,249.98433545901207,249.98433545901207,249.98433545901207,250.60929266700987,period,1.184668874979252,None,250.6094144170056,250.60946437501116,None,,,,,,,,,,,,21040099,2,2026-01-15_12h12.40.477,tilt_mocs,2024.2.4,120.82791337127415,2026-01-15 12h12.52.410327 -0500,
2,-15.0,,82,82,0,,,,,100,0,,,,,c+2,negs,1.25,period,1.7580821249866858,None,None,,,,,,,,,,,0,82,82,495,250.62041283401777,,,,,,,,,,,,,,,,,,,,,,,,,,,,,,,,,,,,,,,,,,,,,,,,,,,,,,,,,,,,,,,,,,,,,,250.61195333400974,250.62041283401777,251.85955666701193,251.85955666701193,251.85955666701193,251.93450720899273,251.93450720899273,251.93450720899273,252.38691591701354,period,1.7580821249866858,None,252.38704625001992,252.38710029199137,None,,,,,,,,,,,,21040099,2,2026-01-15_12h12.40.477,tilt_mocs,2024.2.4,120.82791337127415,2026-01-15 12h12.52.410327 -0500,
0,15.0,,83,83,0,,,,,100,0,,,,,c+0,poss,0.5,z,1.0058721249806695,None,None,,,,,,,,,,,0,83,83,44,252.39825395899243,,,,,,,,,,,,,,,,,,,,,,,,,,,,,,,,,,,,,,,,,,,,,,,,,,,,,,,,,,,,,,,,,,,,,,252.38963941700058,252.39825395899243,252.8839361249993,252.8839361249993,252.8839361249993,252.95578795901383,252.95578795901383,252.95578795901383,253.4097531250154,z,1.0058721249806695,None,253.4098923339916,253.4099448750203,None,,,,,,,,,,,,21040099,2,2026-01-15_12h12.40.477,tilt_mocs,2024.2.4,120.82791337127415,2026-01-15 12h12.52.410327 -0500,
0,15.0,,84,84,0,,,,,100,0,,,,,c+0,poss,0.5,z,0.9842005419777706,None,None,,,,,,,,,,,0,84,84,42,253.42115616699448,,,,,,,,,,,,,,,,,,,,,,,,,,,,,,,,,,,,,,,,,,,,,,,,,,,,,,,,,,,,,,,,,,,,,,253.4129362500098,253.42115616699448,253.9093259590154,253.9093259590154,253.9093259590154,253.9844608750136,253.9844608750136,253.9844608750136,254.40946525000618,z,0.9842005419777706,None,254.4096145000076,254.4096664590179,None,,,,,,,,,,,,21040099,2,2026-01-15_12h12.40.477,tilt_mocs,2024.2.4,120.82791337127415,2026-01-15 12h12.52.410327 -0500,
4,0.0,,85,85,0,,,,,0,100,,,,,c+4,noss,0.5,z,1.0640376659866888,None,None,,,,,,,,,,,0,85,85,673,254.42037691699807,,,,,,,,,,,,,,,,,,,,,,,,,,,,,,,,,,,,,,,,,,,,,,,,,,,,,,,,,,,,,,,,,,,,,,254.4116290420061,254.42037691699807,254.9102691670123,254.9102691670123,254.9102691670123,254.98447683401173,254.98447683401173,254.98447683401173,255.48703250000835,z,1.0640376659866888,None,255.48716829202021,255.48722270899452,None,,,,,,,,,,,,21040099,2,2026-01-15_12h12.40.477,tilt_mocs,2024.2.4,120.82791337127415,2026-01-15 12h12.52.410327 -0500,
0,15.0,,86,86,0,,,,,100,0,,,,,c+0,poss,1.0,z,1.5920956250047311,None,None,,,,,,,,,,,0,86,86,66,255.49793400001363,,,,,,,,,,,,,,,,,,,,,,,,,,,,,,,,,,,,,,,,,,,,,,,,,,,,,,,,,,,,,,,,,,,,,,255.48949837501277,255.49793400001363,256.4839832090074,256.4839832090074,256.4839832090074,256.5565687089984,256.5565687089984,256.5565687089984,257.1016909170139,z,1.5920956250047311,None,257.1017978750169,257.10183812500327,None,,,,,,,,,,,,21040099,2,2026-01-15_12h12.40.477,tilt_mocs,2024.2.4,120.82791337127415,2026-01-15 12h12.52.410327 -0500,
8,15.0,,87,87,0,,,,,100,0,,,,,c+8,poss,0.5,z,1.1183698340028059,None,None,,,,,,,,,,,0,87,87,220,257.10906987500493,,,,,,,,,,,,,,,,,,,,,,,,,,,,,,,,,,,,,,,,,,,,,,,,,,,,,,,,,,,,,,,,,,,,,,257.10384991700994,257.10906987500493,257.5932757090195,257.5932757090195,257.5932757090195,257.6680406249943,257.6680406249943,257.6680406249943,258.2372502920043,z,1.1183698340028059,None,258.23739595900406,258.23744845899637,None,,,,,,,,,,,,21040099,2,2026-01-15_12h12.40.477,tilt_mocs,2024.2.4,120.82791337127415,2026-01-15 12h12.52.410327 -0500,
0,0.0,,88,88,0,,,,,0,100,,,,,c+0,noss,0.75,z,1.3795460420078598,None,None,,,,,,,,,,,0,88,88,599,258.24829824999324,,,,,,,,,,,,,,,,,,,,,,,,,,,,,,,,,,,,,,,,,,,,,,,,,,,,,,,,,,,,,,,,,,,,,,258.2397115420026,258.24829824999324,258.984169000003,258.984169000003,258.984169000003,259.0568517089996,259.0568517089996,259.0568517089996,259.6370861250034,z,1.3795460420078598,None,259.63725620901096,259.63730966701405,None,,,,,,,,,,,,21040099,2,2026-01-15_12h12.40.477,tilt_mocs,2024.2.4,120.82791337127415,2026-01-15 12h12.52.410327 -0500,
-2,0.0,,89,89,0,,,,,0,100,,,,,c-2,noss,0.75,z,1.3319932500016876,None,None,,,,,,,,,,,0,89,89,561,259.64937320901663,,,,,,,,,,,,,,,,,,,,,,,,,,,,,,,,,,,,,,,,,,,,,,,,,,,,,,,,,,,,,,,,,,,,,,259.6399957090034,259.64937320901663,260.38422187499236,260.38422187499236,260.38422187499236,260.45747754201875,260.45747754201875,260.45747754201875,260.98718479200033,z,1.3319932500016876,None,260.9873415000038,260.9873971250199,None,,,,,,,,,,,,21040099,2,2026-01-15_12h12.40.477,tilt_mocs,2024.2.4,120.82791337127415,2026-01-15 12h12.52.410327 -0500,
0,15.0,,90,90,0,,,,,100,0,,,,,c+0,poss,1.25,z,1.7705987090012059,None,None,,,,,,,,,,,0,90,90,75,260.9992007499968,,,,,,,,,,,,,,,,,,,,,,,,,,,,,,,,,,,,,,,,,,,,,,,,,,,,,,,,,,,,,,,,,,,,,,260.9901187920186,260.9992007499968,262.23424449999584,262.23424449999584,262.23424449999584,262.30600341700483,262.30600341700483,262.30600341700483,262.77666287499596,z,1.7705987090012059,None,262.7768204169988,262.7768711670069,None,,,,,,,,,,,,21040099,2,2026-01-15_12h12.40.477,tilt_mocs,2024.2.4,120.82791337127415,2026-01-15 12h12.52.410327 -0500,
0,15.0,,91,91,0,,,,,100,0,,,,,c+0,poss,0.75,z,1.2978020839800593,None,None,,,,,,,,,,,0,91,91,59,262.78802366700256,,,,,,,,,,,,,,,,,,,,,,,,,,,,,,,,,,,,,,,,,,,,,,,,,,,,,,,,,,,,,,,,,,,,,,262.7797006670153,262.78802366700256,263.52745920899906,263.52745920899906,263.52745920899906,263.6015436669986,263.6015436669986,263.6015436669986,264.0982165840105,z,1.2978020839800593,None,264.09831533400575,264.09835575000034,None,,,,,,,,,,,,21040099,2,2026-01-15_12h12.40.477,tilt_mocs,2024.2.4,120.82791337127415,2026-01-15 12h12.52.410327 -0500,
8,15.0,,92,92,0,,,,,100,0,,,,,c+8,poss,1.0,period,1.5028749580087606,None,None,,,,,,,,,,,0,92,92,232,264.10493870900245,,,,,,,,,,,,,,,,,,,,,,,,,,,,,,,,,,,,,,,,,,,,,,,,,,,,,,,,,,,,,,,,,,,,,,264.10037683401606,264.10493870900245,265.0942349169927,265.0942349169927,265.0942349169927,265.1681616670103,265.1681616670103,265.1681616670103,265.6202794169949,period,1.5028749580087606,None,265.6203843340045,265.6204249589937,None,,,,,,,,,,,,21040099,2,2026-01-15_12h12.40.477,tilt_mocs,2024.2.4,120.82791337127415,2026-01-15 12h12.52.410327 -0500,
-6,-15.0,,93,93,0,,,,,100,0,,,,,c-6,negs,1.0,z,1.6159290419891477,None,None,,,,,,,,,,,0,93,93,317,265.6278232920158,,,,,,,,,,,,,,,,,,,,,,,,,,,,,,,,,,,,,,,,,,,,,,,,,,,,,,,,,,,,,,,,,,,,,,265.62244891701266,265.6278232920158,266.61769912499585,266.61769912499585,266.61769912499585,266.6899012089998,266.6899012089998,266.6899012089998,267.2543478750158,z,1.6159290419891477,None,267.2544909999997,267.254548375,None,,,,,,,,,,,,21040099,2,2026-01-15_12h12.40.477,tilt_mocs,2024.2.4,120.82791337127415,2026-01-15 12h12.52.410327 -0500,
0,-15.0,,94,94,0,,,,,100,0,,,,,c+0,negs,0.5,z,1.182229541009292,None,None,,,,,,,,,,,0,94,94,421,267.266254459013,,,,,,,,,,,,,,,,,,,,,,,,,,,,,,,,,,,,,,,,,,,,,,,,,,,,,,,,,,,,,,,,,,,,,,267.25695745900157,267.266254459013,267.751196666999,267.751196666999,267.751196666999,267.8232214169984,267.8232214169984,267.8232214169984,268.4536565419985,z,1.182229541009292,None,268.4537619170151,268.4538041250198,None,,,,,,,,,,,,21040099,2,2026-01-15_12h12.40.477,tilt_mocs,2024.2.4,120.82791337127415,2026-01-15 12h12.52.410327 -0500,
0,-15.0,,95,95,0,,,,,100,0,,,,,c+0,negs,1.0,period,1.4828245420067105,None,None,,,,,,,,,,,0,95,95,449,268.46446683400427,,,,,,,,,,,,,,,,,,,,,,,,,,,,,,,,,,,,,,,,,,,,,,,,,,,,,,,,,,,,,,,,,,,,,,268.45578433401533,268.46446683400427,269.4512047920143,269.4512047920143,269.4512047920143,269.52334179199534,269.52334179199534,269.52334179199534,269.95367841701955,period,1.4828245420067105,None,269.9537808340101,269.95382058399264,None,,,,,,,,,,,,21040099,2,2026-01-15_12h12.40.477,tilt_mocs,2024.2.4,120.82791337127415,2026-01-15 12h12.52.410327 -0500,
-4,0.0,,96,96,0,,,,,0,100,,,,,c-4,noss,1.25,z,1.7876506249886006,None,None,,,,,,,,,,,0,96,96,540,269.964363209001,,,,,,,,,,,,,,,,,,,,,,,,,,,,,,,,,,,,,,,,,,,,,,,,,,,,,,,,,,,,,,,,,,,,,,269.955754124996,269.964363209001,271.2015283340006,271.2015283340006,271.2015283340006,271.2735210840183,271.2735210840183,271.2735210840183,271.7547160840186,z,1.7876506249886006,None,271.75487837500987,271.75493516700226,None,,,,,,,,,,,,21040099,2,2026-01-15_12h12.40.477,tilt_mocs,2024.2.4,120.82791337127415,2026-01-15 12h12.52.410327 -0500,
2,-15.0,,97,97,0,,,,,100,0,,,,,c+2,negs,0.75,period,1.5023217920097522,None,None,,,,,,,,,,,0,97,97,481,271.766445959016,,,,,,,,,,,,,,,,,,,,,,,,,,,,,,,,,,,,,,,,,,,,,,,,,,,,,,,,,,,,,,,,,,,,,,271.75761254201643,271.766445959016,272.50126812499366,272.50126812499366,272.50126812499366,272.5733299170097,272.5733299170097,272.5733299170097,273.27157400001306,period,1.5023217920097522,None,273.27173287500045,273.2717874170048,None,,,,,,,,,,,,21040099,2,2026-01-15_12h12.40.477,tilt_mocs,2024.2.4,120.82791337127415,2026-01-15 12h12.52.410327 -0500,
-2,-15.0,,98,98,0,,,,,100,0,,,,,c-2,negs,1.25,z,2.1055959580116905,None,None,,,,,,,,,,,0,98,98,415,273.28375820899964,,,,,,,,,,,,,,,,,,,,,,,,,,,,,,,,,,,,,,,,,,,,,,,,,,,,,,,,,,,,,,,,,,,,,,273.2745028749923,273.28375820899964,274.518074334017,274.518074334017,274.518074334017,274.59132145901094,274.59132145901094,274.59132145901094,275.3934293749917,z,2.1055959580116905,None,275.3935696670087,275.3936254589935,None,,,,,,,,,,,,21040099,2,2026-01-15_12h12.40.477,tilt_mocs,2024.2.4,120.82791337127415,2026-01-15 12h12.52.410327 -0500,
-6,-15.0,,99,99,0,,,,,100,0,,,,,c-6,negs,0.75,z,1.4273091249924619,None,None,,,,,,,,,,,0,99,99,311,275.4044539589959,,,,,,,,,,,,,,,,,,,,,,,,,,,,,,,,,,,,,,,,,,,,,,,,,,,,,,,,,,,,,,,,,,,,,,275.39583900000434,275.4044539589959,276.14349312501145,276.14349312501145,276.14349312501145,276.21895441701054,276.21895441701054,276.21895441701054,276.83748008401017,z,1.4273091249924619,None,276.8376329590101,276.8376867090119,None,,,,,,,,,,,,21040099,2,2026-01-15_12h12.40.477,tilt_mocs,2024.2.4,120.82791337127415,2026-01-15 12h12.52.410327 -0500,
8,15.0,,100,100,0,,,,,100,0,,,,,c+8,poss,0.75,period,1.186098750011297,None,None,,,,,,,,,,,0,100,100,231,276.84970862499904,,,,,,,,,,,,,,,,,,,,,,,,,,,,,,,,,,,,,,,,,,,,,,,,,,,,,,,,,,,,,,,,,,,,,,276.8405862090003,276.84970862499904,277.5848091249936,277.5848091249936,277.5848091249936,277.6569883750053,277.6569883750053,277.6569883750053,278.03769837500295,period,1.186098750011297,None,278.0377521670016,278.0377680840029,None,,,,,,,,,,,,21040099,2,2026-01-15_12h12.40.477,tilt_mocs,2024.2.4,120.82791337127415,2026-01-15 12h12.52.410327 -0500,
2,-15.0,,101,101,0,,,,,100,0,,,,,c+2,negs,0.75,period,1.2742294170020614,None,None,,,,,,,,,,,0,101,101,480,278.0443819590146,,,,,,,,,,,,,,,,,,,,,,,,,,,,,,,,,,,,,,,,,,,,,,,,,,,,,,,,,,,,,,,,,,,,,,278.0385252920096,278.0443819590146,278.7849122089974,278.7849122089974,278.7849122089974,278.85669937499915,278.85669937499915,278.85669937499915,279.3218752499961,period,1.2742294170020614,None,279.3220221250085,279.3220766670129,None,,,,,,,,,,,,21040099,2,2026-01-15_12h12.40.477,tilt_mocs,2024.2.4,120.82791337127415,2026-01-15 12h12.52.410327 -0500,
-4,-15.0,,102,102,0,,,,,100,0,,,,,c-4,negs,1.25,z,1.7286819579894654,None,None,,,,,,,,,,,0,102,102,373,279.33315229200525,,,,,,,,,,,,,,,,,,,,,,,,,,,,,,,,,,,,,,,,,,,,,,,,,,,,,,,,,,,,,,,,,,,,,,279.32441595901037,279.33315229200525,280.5683288750006,280.5683288750006,280.5683288750006,280.6404443749925,280.6404443749925,280.6404443749925,281.0715241669968,z,1.7286819579894654,None,281.07167804200435,281.07173491700087,None,,,,,,,,,,,,21040099,2,2026-01-15_12h12.40.477,tilt_mocs,2024.2.4,120.82791337127415,2026-01-15 12h12.52.410327 -0500,
-2,0.0,,103,103,0,,,,,0,100,,,,,c-2,noss,0.75,z,1.2355024589924142,None,None,,,,,,,,,,,0,103,103,567,281.0830953340046,,,,,,,,,,,,,,,,,,,,,,,,,,,,,,,,,,,,,,,,,,,,,,,,,,,,,,,,,,,,,,,,,,,,,,281.07407666699146,281.0830953340046,281.8182270840043,281.8182270840043,281.8182270840043,281.89104541699635,281.89104541699635,281.89104541699635,282.32145625000703,z,1.2355024589924142,None,282.3216022090055,282.3216560000146,None,,,,,,,,,,,,21040099,2,2026-01-15_12h12.40.477,tilt_mocs,2024.2.4,120.82791337127415,2026-01-15 12h12.52.410327 -0500,
2,15.0,,104,104,0,,,,,100,0,,,,,c+2,poss,1.0,z,1.5275802499963902,None,None,,,,,,,,,,,0,104,104,112,282.3332588339981,,,,,,,,,,,,,,,,,,,,,,,,,,,,,,,,,,,,,,,,,,,,,,,,,,,,,,,,,,,,,,,,,,,,,,282.3239480420016,282.3332588339981,283.31830408400856,283.31830408400856,283.31830408400856,283.3904802920006,283.3904802920006,283.3904802920006,283.87103166701854,z,1.5275802499963902,None,283.8711697499966,283.87122175001423,None,,,,,,,,,,,,21040099,2,2026-01-15_12h12.40.477,tilt_mocs,2024.2.4,120.82791337127415,2026-01-15 12h12.52.410327 -0500,
6,15.0,,105,105,0,,,,,100,0,,,,,c+6,poss,0.75,period,1.2367289589892607,None,None,,,,,,,,,,,0,105,105,180,283.8836593750166,,,,,,,,,,,,,,,,,,,,,,,,,,,,,,,,,,,,,,,,,,,,,,,,,,,,,,,,,,,,,,,,,,,,,,283.8747332500061,283.8836593750166,284.6184573339997,284.6184573339997,284.6184573339997,284.69139862500015,284.69139862500015,284.69139862500015,285.1268017090042,period,1.2367289589892607,None,285.1269151669985,285.12695754200104,None,,,,,,,,,,,,21040099,2,2026-01-15_12h12.40.477,tilt_mocs,2024.2.4,120.82791337127415,2026-01-15 12h12.52.410327 -0500,
-8,-15.0,,106,106,0,,,,,100,0,,,,,c-8,negs,1.25,z,1.7818226249946747,None,None,,,,,,,,,,,0,106,106,289,285.13806708401535,,,,,,,,,,,,,,,,,,,,,,,,,,,,,,,,,,,,,,,,,,,,,,,,,,,,,,,,,,,,,,,,,,,,,,285.1289610840031,285.13806708401535,286.3779615419917,286.3779615419917,286.3779615419917,286.4523699590063,286.4523699590063,286.4523699590063,286.9318374170107,z,1.7818226249946747,None,286.93194370900164,286.93198433401994,None,,,,,,,,,,,,21040099,2,2026-01-15_12h12.40.477,tilt_mocs,2024.2.4,120.82791337127415,2026-01-15 12h12.52.410327 -0500,
2,15.0,,107,107,0,,,,,100,0,,,,,c+2,poss,1.25,z,1.7927305000193883,None,None,,,,,,,,,,,0,107,107,120,286.93864816700807,,,,,,,,,,,,,,,,,,,,,,,,,,,,,,,,,,,,,,,,,,,,,,,,,,,,,,,,,,,,,,,,,,,,,,286.933952374995,286.93864816700807,288.1777411249932,288.1777411249932,288.1777411249932,288.25235395901836,288.25235395901836,288.25235395901836,288.73779058401124,z,1.7927305000193883,None,288.73789925000165,288.7379404590174,None,,,,,,,,,,,,21040099,2,2026-01-15_12h12.40.477,tilt_mocs,2024.2.4,120.82791337127415,2026-01-15 12h12.52.410327 -0500,
4,0.0,,108,108,0,,,,,0,100,,,,,c+4,noss,0.75,period,1.2373445839912165,None,None,,,,,,,,,,,0,108,108,691,288.7487665420049,,,,,,,,,,,,,,,,,,,,,,,,,,,,,,,,,,,,,,,,,,,,,,,,,,,,,,,,,,,,,,,,,,,,,,288.7399220840016,288.7487665420049,289.4854282500164,289.4854282500164,289.4854282500164,289.5581378749921,289.5581378749921,289.5581378749921,289.9888782920025,period,1.2373445839912165,None,289.98911495899665,289.9892243749928,None,,,,,,,,,,,,21040099,2,2026-01-15_12h12.40.477,tilt_mocs,2024.2.4,120.82791337127415,2026-01-15 12h12.52.410327 -0500,
6,15.0,,109,109,0,,,,,100,0,,,,,c+6,poss,0.75,z,1.2967501660168637,None,None,,,,,,,,,,,0,109,109,184,290.0009649170097,,,,,,,,,,,,,,,,,,,,,,,,,,,,,,,,,,,,,,,,,,,,,,,,,,,,,,,,,,,,,,,,,,,,,,289.99178758400376,290.0009649170097,290.73440283400123,290.73440283400123,290.73440283400123,290.8083088340063,290.8083088340063,290.8083088340063,291.3038521670096,z,1.2967501660168637,None,291.30395191701245,291.3039919169969,None,,,,,,,,,,,,21040099,2,2026-01-15_12h12.40.477,tilt_mocs,2024.2.4,120.82791337127415,2026-01-15 12h12.52.410327 -0500,
2,-15.0,,110,110,0,,,,,100,0,,,,,c+2,negs,1.25,period,1.6997977920109406,None,None,,,,,,,,,,,0,110,110,503,291.31457950000186,,,,,,,,,,,,,,,,,,,,,,,,,,,,,,,,,,,,,,,,,,,,,,,,,,,,,,,,,,,,,,,,,,,,,,291.30593000000226,291.31457950000186,292.5511650420085,292.5511650420085,292.5511650420085,292.6242007090186,292.6242007090186,292.6242007090186,293.0215030419931,period,1.6997977920109406,None,293.0216347920068,293.0216886670096,None,,,,,,,,,,,,21040099,2,2026-01-15_12h12.40.477,tilt_mocs,2024.2.4,120.82791337127415,2026-01-15 12h12.52.410327 -0500,
-2,0.0,,111,111,0,,,,,0,100,,,,,c-2,noss,1.0,z,1.488659208000172,None,None,,,,,,,,,,,0,111,111,571,293.03235462500015,,,,,,,,,,,,,,,,,,,,,,,,,,,,,,,,,,,,,,,,,,,,,,,,,,,,,,,,,,,,,,,,,,,,,,293.0237789590028,293.03235462500015,294.0187155420135,294.0187155420135,294.0187155420135,294.08949412501534,294.08949412501534,294.08949412501534,294.5274629589985,z,1.488659208000172,None,294.5275973750104,294.5276510840049,None,,,,,,,,,,,,21040099,2,2026-01-15_12h12.40.477,tilt_mocs,2024.2.4,120.82791337127415,2026-01-15 12h12.52.410327 -0500,
0,15.0,,112,112,0,,,,,100,0,,,,,c+0,poss,0.5,z,0.9978077499836218,None,None,,,,,,,,,,,0,112,112,47,294.5387125000125,,,,,,,,,,,,,,,,,,,,,,,,,,,,,,,,,,,,,,,,,,,,,,,,,,,,,,,,,,,,,,,,,,,,,,294.52983216699795,294.5387125000125,295.0284029589966,295.0284029589966,295.0284029589966,295.10287825000705,295.10287825000705,295.10287825000705,295.53985075000674,z,0.9978077499836218,None,295.5400025419949,295.5400551670173,None,,,,,,,,,,,,21040099,2,2026-01-15_12h12.40.477,tilt_mocs,2024.2.4,120.82791337127415,2026-01-15 12h12.52.410327 -0500,
-2,0.0,,113,113,0,,,,,0,100,,,,,c-2,noss,0.75,z,1.1805082090140786,None,None,,,,,,,,,,,0,113,113,566,295.55179374999716,,,,,,,,,,,,,,,,,,,,,,,,,,,,,,,,,,,,,,,,,,,,,,,,,,,,,,,,,,,,,,,,,,,,,,295.5426492090046,295.55179374999716,296.28553629200906,296.28553629200906,296.28553629200906,296.3585850840027,296.3585850840027,296.3585850840027,296.7384696670051,z,1.1805082090140786,None,296.7385958750092,296.73864704201696,None,,,,,,,,,,,,21040099,2,2026-01-15_12h12.40.477,tilt_mocs,2024.2.4,120.82791337127415,2026-01-15 12h12.52.410327 -0500,
2,15.0,,114,114,0,,,,,100,0,,,,,c+2,poss,1.25,z,1.823172375006834,None,None,,,,,,,,,,,0,114,114,121,296.7495022920193,,,,,,,,,,,,,,,,,,,,,,,,,,,,,,,,,,,,,,,,,,,,,,,,,,,,,,,,,,,,,,,,,,,,,,296.7407564170135,296.7495022920193,297.9855525000021,297.9855525000021,297.9855525000021,298.05821074999403,298.05821074999403,298.05821074999403,298.5778521670145,z,1.823172375006834,None,298.5779774170078,298.5780275420111,None,,,,,,,,,,,,21040099,2,2026-01-15_12h12.40.477,tilt_mocs,2024.2.4,120.82791337127415,2026-01-15 12h12.52.410327 -0500,
0,15.0,,115,115,0,,,,,100,0,,,,,c+0,poss,0.5,z,1.0149200830201153,None,None,,,,,,,,,,,0,115,115,48,298.5887372090074,,,,,,,,,,,,,,,,,,,,,,,,,,,,,,,,,,,,,,,,,,,,,,,,,,,,,,,,,,,,,,,,,,,,,,298.58013650000794,298.5887372090074,299.078749917011,299.078749917011,299.078749917011,299.1529285419965,299.1529285419965,299.1529285419965,299.6064440420014,z,1.0149200830201153,None,299.60656820901204,299.6066201250069,None,,,,,,,,,,,,21040099,2,2026-01-15_12h12.40.477,tilt_mocs,2024.2.4,120.82791337127415,2026-01-15 12h12.52.410327 -0500,
4,15.0,,116,116,0,,,,,100,0,,,,,c+4,poss,0.5,z,1.088858999981312,None,None,,,,,,,,,,,0,116,116,135,299.6179485839966,,,,,,,,,,,,,,,,,,,,,,,,,,,,,,,,,,,,,,,,,,,,,,,,,,,,,,,,,,,,,,,,,,,,,,299.6087980000011,299.6179485839966,300.10235437500523,300.10235437500523,300.10235437500523,300.17519779200666,300.17519779200666,300.17519779200666,300.7104034170043,z,1.088858999981312,None,300.7105326250021,300.7105851249944,None,,,,,,,,,,,,21040099,2,2026-01-15_12h12.40.477,tilt_mocs,2024.2.4,120.82791337127415,2026-01-15 12h12.52.410327 -0500,
-2,15.0,,117,117,0,,,,,100,0,,,,,c-2,poss,1.25,z,1.9021373750001658,None,None,,,,,,,,,,,0,117,117,37,300.7219454169972,,,,,,,,,,,,,,,,,,,,,,,,,,,,,,,,,,,,,,,,,,,,,,,,,,,,,,,,,,,,,,,,,,,,,,300.7129075000121,300.7219454169972,301.9620755840151,301.9620755840151,301.9620755840151,302.03617083400604,302.03617083400604,302.03617083400604,302.62692445900757,z,1.9021373750001658,None,302.62704854199546,302.6270948339952,None,,,,,,,,,,,,21040099,2,2026-01-15_12h12.40.477,tilt_mocs,2024.2.4,120.82791337127415,2026-01-15 12h12.52.410327 -0500,
6,15.0,,118,118,0,,,,,100,0,,,,,c+6,poss,0.75,period,1.2857894579938147,None,None,,,,,,,,,,,0,118,118,185,302.6381250839913,,,,,,,,,,,,,,,,,,,,,,,,,,,,,,,,,,,,,,,,,,,,,,,,,,,,,,,,,,,,,,,,,,,,,,302.6290562089998,302.6381250839913,303.3789657500165,303.3789657500165,303.3789657500165,303.4528967500082,303.4528967500082,303.4528967500082,303.9268356669927,period,1.2857894579938147,None,303.9269372090057,303.9269776669971,None,,,,,,,,,,,,21040099,2,2026-01-15_12h12.40.477,tilt_mocs,2024.2.4,120.82791337127415,2026-01-15 12h12.52.410327 -0500,
-2,-15.0,,119,119,0,,,,,100,0,,,,,c-2,negs,1.0,z,1.6616335420112591,None,None,,,,,,,,,,,0,119,119,401,303.93818479200127,,,,,,,,,,,,,,,,,,,,,,,,,,,,,,,,,,,,,,,,,,,,,,,,,,,,,,,,,,,,,,,,,,,,,,303.92892408400076,303.93818479200127,304.92897199999425,304.92897199999425,304.92897199999425,305.00305724999635,305.00305724999635,305.00305724999635,305.605696292012,z,1.6616335420112591,None,305.6058500420186,305.6059038749954,None,,,,,,,,,,,,21040099,2,2026-01-15_12h12.40.477,tilt_mocs,2024.2.4,120.82791337127415,2026-01-15 12h12.52.410327 -0500,
2,15.0,,120,120,0,,,,,100,0,,,,,c+2,poss,1.0,period,1.9231940830068197,None,None,,,,,,,,,,,0,120,120,106,305.61754933401244,,,,,,,,,,,,,,,,,,,,,,,,,,,,,,,,,,,,,,,,,,,,,,,,,,,,,,,,,,,,,,,,,,,,,,305.6085994169989,305.61754933401244,306.60250020900276,306.60250020900276,306.60250020900276,306.67547104199184,306.67547104199184,306.67547104199184,307.5446284589998,period,1.9231940830068197,None,307.5447678340133,307.544821959018,None,,,,,,,,,,,,21040099,2,2026-01-15_12h12.40.477,tilt_mocs,2024.2.4,120.82791337127415,2026-01-15 12h12.52.410327 -0500,
0,0.0,,121,121,0,,,,,0,100,,,,,c+0,noss,0.5,z,1.1671086249989457,None,None,,,,,,,,,,,0,121,121,596,307.5557733339956,,,,,,,,,,,,,,,,,,,,,,,,,,,,,,,,,,,,,,,,,,,,,,,,,,,,,,,,,,,,,,,,,,,,,,307.54706591699505,307.5557733339956,308.04508520901436,308.04508520901436,308.04508520901436,308.1197812500177,308.1197812500177,308.1197812500177,308.7280203750124,z,1.1671086249989457,None,308.7281417500053,308.72819545899983,None,,,,,,,,,,,,21040099,2,2026-01-15_12h12.40.477,tilt_mocs,2024.2.4,120.82791337127415,2026-01-15 12h12.52.410327 -0500,
0,0.0,,122,122,0,,,,,0,100,,,,,c+0,noss,0.5,z,1.0038232090009842,None,None,,,,,,,,,,,0,122,122,588,308.7389811250032,,,,,,,,,,,,,,,,,,,,,,,,,,,,,,,,,,,,,,,,,,,,,,,,,,,,,,,,,,,,,,,,,,,,,,308.73025629200856,308.7389811250032,309.2284616669931,309.2284616669931,309.2284616669931,309.30325508399983,309.30325508399983,309.30325508399983,309.7551969170163,z,1.0038232090009842,None,309.7553248750046,309.75537987501593,None,,,,,,,,,,,,21040099,2,2026-01-15_12h12.40.477,tilt_mocs,2024.2.4,120.82791337127415,2026-01-15 12h12.52.410327 -0500,
-4,-15.0,,123,123,0,,,,,100,0,,,,,c-4,negs,1.25,z,1.919560416979948,None,None,,,,,,,,,,,0,123,123,369,309.7666958339978,,,,,,,,,,,,,,,,,,,,,,,,,,,,,,,,,,,,,,,,,,,,,,,,,,,,,,,,,,,,,,,,,,,,,,309.7578049589938,309.7666958339978,311.00274329201784,311.00274329201784,311.00274329201784,311.07445079201716,311.07445079201716,311.07445079201716,311.68894200000796,z,1.919560416979948,None,311.68907137500355,311.68912262501544,None,,,,,,,,,,,,21040099,2,2026-01-15_12h12.40.477,tilt_mocs,2024.2.4,120.82791337127415,2026-01-15 12h12.52.410327 -0500,
2,0.0,,124,124,0,,,,,0,100,,,,,c+2,noss,1.0,period,1.6988292919995729,None,None,,,,,,,,,,,0,124,124,656,311.70012429199414,,,,,,,,,,,,,,,,,,,,,,,,,,,,,,,,,,,,,,,,,,,,,,,,,,,,,,,,,,,,,,,,,,,,,,311.6914850840112,311.70012429199414,312.6851337919943,312.6851337919943,312.6851337919943,312.75820558401756,312.75820558401756,312.75820558401756,313.4051824590133,period,1.6988292919995729,None,313.4052795000025,313.40532604200416,None,,,,,,,,,,,,21040099,2,2026-01-15_12h12.40.477,tilt_mocs,2024.2.4,120.82791337127415,2026-01-15 12h12.52.410327 -0500,
-2,-15.0,,125,125,0,,,,,100,0,,,,,c-2,negs,0.5,period,1.1520521669881418,None,None,,,,,,,,,,,0,125,125,379,313.41587516700383,,,,,,,,,,,,,,,,,,,,,,,,,,,,,,,,,,,,,,,,,,,,,,,,,,,,,,,,,,,,,,,,,,,,,,313.4072932919953,313.41587516700383,313.90295741701266,313.90295741701266,313.90295741701266,313.9751384590054,313.9751384590054,313.9751384590054,314.57231941699865,period,1.1520521669881418,None,314.57244829201954,314.5725014170166,None,,,,,,,,,,,,21040099,2,2026-01-15_12h12.40.477,tilt_mocs,2024.2.4,120.82791337127415,2026-01-15 12h12.52.410327 -0500,
2,0.0,,126,126,0,,,,,0,100,,,,,c+2,noss,1.0,period,1.7096730409830343,None,None,,,,,,,,,,,0,126,126,654,314.58350829200936,,,,,,,,,,,,,,,,,,,,,,,,,,,,,,,,,,,,,,,,,,,,,,,,,,,,,,,,,,,,,,,,,,,,,,314.57470970900613,314.58350829200936,315.56950670899823,315.56950670899823,315.56950670899823,315.6419722500141,315.6419722500141,315.6419722500141,316.2961847500119,period,1.7096730409830343,None,316.2963282499986,316.2963830420049,None,,,,,,,,,,,,21040099,2,2026-01-15_12h12.40.477,tilt_mocs,2024.2.4,120.82791337127415,2026-01-15 12h12.52.410327 -0500,
4,15.0,,127,127,0,,,,,100,0,,,,,c+4,poss,1.0,z,1.6303170419996604,None,None,,,,,,,,,,,0,127,127,149,316.30668933401466,,,,,,,,,,,,,,,,,,,,,,,,,,,,,,,,,,,,,,,,,,,,,,,,,,,,,,,,,,,,,,,,,,,,,,316.298517334013,316.30668933401466,317.29622937500244,317.29622937500244,317.29622937500244,317.3701858750137,317.3701858750137,317.3701858750137,317.9395222919993,z,1.6303170419996604,None,317.939634209004,317.9396767920116,None,,,,,,,,,,,,21040099,2,2026-01-15_12h12.40.477,tilt_mocs,2024.2.4,120.82791337127415,2026-01-15 12h12.52.410327 -0500,
2,15.0,,128,128,0,,,,,100,0,,,,,c+2,poss,0.75,z,1.4266346249787603,None,None,,,,,,,,,,,0,128,128,97,317.9511271250085,,,,,,,,,,,,,,,,,,,,,,,,,,,,,,,,,,,,,,,,,,,,,,,,,,,,,,,,,,,,,,,,,,,,,,317.9421585840173,317.9511271250085,318.68622241701814,318.68622241701814,318.68622241701814,318.7585770000005,318.7585770000005,318.7585770000005,319.3890709170082,z,1.4266346249787603,None,319.38920187501935,319.38925387500785,None,,,,,,,,,,,,21040099,2,2026-01-15_12h12.40.477,tilt_mocs,2024.2.4,120.82791337127415,2026-01-15 12h12.52.410327 -0500,
-4,-15.0,,129,129,0,,,,,100,0,,,,,c-4,negs,0.75,z,1.426336958014872,None,None,,,,,,,,,,,0,129,129,348,319.400247417012,,,,,,,,,,,,,,,,,,,,,,,,,,,,,,,,,,,,,,,,,,,,,,,,,,,,,,,,,,,,,,,,,,,,,,319.39141787501285,319.400247417012,320.1363422500144,320.1363422500144,320.1363422500144,320.2080788339954,320.2080788339954,320.2080788339954,320.8297192500031,z,1.426336958014872,None,320.8298551250191,320.82990795900696,None,,,,,,,,,,,,21040099,2,2026-01-15_12h12.40.477,tilt_mocs,2024.2.4,120.82791337127415,2026-01-15 12h12.52.410327 -0500,
-8,-15.0,,130,130,0,,,,,100,0,,,,,c-8,negs,1.0,z,1.5430355000135023,None,None,,,,,,,,,,,0,130,130,281,320.8400698339974,,,,,,,,,,,,,,,,,,,,,,,,,,,,,,,,,,,,,,,,,,,,,,,,,,,,,,,,,,,,,,,,,,,,,,320.83192812500056,320.8400698339974,321.8296113340184,321.8296113340184,321.8296113340184,321.9036917090125,321.9036917090125,321.9036917090125,322.3891791670176,z,1.5430355000135023,None,322.38928287499584,322.38932354201097,None,,,,,,,,,,,,21040099,2,2026-01-15_12h12.40.477,tilt_mocs,2024.2.4,120.82791337127415,2026-01-15 12h12.52.410327 -0500,
-4,0.0,,131,131,0,,,,,0,100,,,,,c-4,noss,1.25,z,1.794748582993634,None,None,,,,,,,,,,,0,131,131,544,322.3999359589943,,,,,,,,,,,,,,,,,,,,,,,,,,,,,,,,,,,,,,,,,,,,,,,,,,,,,,,,,,,,,,,,,,,,,,322.3912617920141,322.3999359589943,323.63640691700857,323.63640691700857,323.63640691700857,323.7084863340133,323.7084863340133,323.7084863340133,324.2061792089953,z,1.794748582993634,None,324.2063567090081,324.20642279202,None,,,,,,,,,,,,21040099,2,2026-01-15_12h12.40.477,tilt_mocs,2024.2.4,120.82791337127415,2026-01-15 12h12.52.410327 -0500,
6,15.0,,132,132,0,,,,,100,0,,,,,c+6,poss,1.25,period,2.0865200409898534,None,None,,,,,,,,,,,0,132,132,209,324.2184401669947,,,,,,,,,,,,,,,,,,,,,,,,,,,,,,,,,,,,,,,,,,,,,,,,,,,,,,,,,,,,,,,,,,,,,,324.2090965840034,324.2184401669947,325.45325237500947,325.45325237500947,325.45325237500947,325.5255351670203,325.5255351670203,325.5255351670203,326.31094529200345,period,2.0865200409898534,None,326.3110726250161,326.31112525000935,None,,,,,,,,,,,,21040099,2,2026-01-15_12h12.40.477,tilt_mocs,2024.2.4,120.82791337127415,2026-01-15 12h12.52.410327 -0500,
-8,-15.0,,133,133,0,,,,,100,0,,,,,c-8,negs,1.25,z,1.8292745419894345,None,None,,,,,,,,,,,0,133,133,291,326.32241708401125,,,,,,,,,,,,,,,,,,,,,,,,,,,,,,,,,,,,,,,,,,,,,,,,,,,,,,,,,,,,,,,,,,,,,,326.31336862500757,326.32241708401125,327.5625512920087,327.5625512920087,327.5625512920087,327.63729295899975,327.63729295899975,327.63729295899975,328.1561119169928,z,1.8292745419894345,None,328.1562154169951,328.1562572919938,None,,,,,,,,,,,,21040099,2,2026-01-15_12h12.40.477,tilt_mocs,2024.2.4,120.82791337127415,2026-01-15 12h12.52.410327 -0500,
-8,-15.0,,134,134,0,,,,,100,0,,,,,c-8,negs,0.75,z,1.2603555420064367,None,None,,,,,,,,,,,0,134,134,269,328.16712241701316,,,,,,,,,,,,,,,,,,,,,,,,,,,,,,,,,,,,,,,,,,,,,,,,,,,,,,,,,,,,,,,,,,,,,,328.1582608750032,328.16712241701316,328.9033587090089,328.9033587090089,328.9033587090089,328.9761620000063,328.9761620000063,328.9761620000063,329.45466466699145,z,1.2603555420064367,None,329.4547942090139,329.4548457500059,None,,,,,,,,,,,,21040099,2,2026-01-15_12h12.40.477,tilt_mocs,2024.2.4,120.82791337127415,2026-01-15 12h12.52.410327 -0500,
-6,-15.0,,135,135,0,,,,,100,0,,,,,c-6,negs,0.5,z,1.0754784169839695,None,None,,,,,,,,,,,0,135,135,299,329.47058937500697,,,,,,,,,,,,,,,,,,,,,,,,,,,,,,,,,,,,,,,,,,,,,,,,,,,,,,,,,,,,,,,,,,,,,,329.45698195899604,329.47058937500697,329.9464302090055,329.9464302090055,329.9464302090055,330.02068400001735,330.02068400001735,330.02068400001735,330.55618333400344,z,1.0754784169839695,None,330.5563445840089,330.55639641699963,None,,,,,,,,,,,,21040099,2,2026-01-15_12h12.40.477,tilt_mocs,2024.2.4,120.82791337127415,2026-01-15 12h12.52.410327 -0500,
-2,-15.0,,136,136,0,,,,,100,0,,,,,c-2,negs,0.75,z,1.4155790839868132,None,None,,,,,,,,,,,0,136,136,394,330.5681978340144,,,,,,,,,,,,,,,,,,,,,,,,,,,,,,,,,,,,,,,,,,,,,,,,,,,,,,,,,,,,,,,,,,,,,,330.5592605000129,330.5681978340144,331.3025646250171,331.3025646250171,331.3025646250171,331.3757668750186,331.3757668750186,331.3757668750186,331.98998179199407,z,1.4155790839868132,None,331.99014545901446,331.99020212501637,None,,,,,,,,,,,,21040099,2,2026-01-15_12h12.40.477,tilt_mocs,2024.2.4,120.82791337127415,2026-01-15 12h12.52.410327 -0500,
-2,0.0,,137,137,0,,,,,0,100,,,,,c-2,noss,1.0,z,1.587776207976276,None,None,,,,,,,,,,,0,137,137,577,332.0015733750188,,,,,,,,,,,,,,,,,,,,,,,,,,,,,,,,,,,,,,,,,,,,,,,,,,,,,,,,,,,,,,,,,,,,,,331.99250054199365,332.0015733750188,332.98689316699165,332.98689316699165,332.98689316699165,333.0589712499932,333.0589712499932,333.0589712499932,333.5949442500132,z,1.587776207976276,None,333.595065875008,333.5951171670167,None,,,,,,,,,,,,21040099,2,2026-01-15_12h12.40.477,tilt_mocs,2024.2.4,120.82791337127415,2026-01-15 12h12.52.410327 -0500,
0,-15.0,,138,138,0,,,,,100,0,,,,,c+0,negs,1.0,z,2.4703422079910524,None,None,,,,,,,,,,,0,138,138,443,333.6062464590068,,,,,,,,,,,,,,,,,,,,,,,,,,,,,,,,,,,,,,,,,,,,,,,,,,,,,,,,,,,,,,,,,,,,,,333.59726258399314,333.6062464590068,334.5962443340104,334.5962443340104,334.5962443340104,334.67078975000186,334.67078975000186,334.67078975000186,336.0791472500132,z,2.4703422079910524,None,336.07925254199654,336.079297749995,None,,,,,,,,,,,,21040099,2,2026-01-15_12h12.40.477,tilt_mocs,2024.2.4,120.82791337127415,2026-01-15 12h12.52.410327 -0500,
-2,-15.0,,139,139,0,,,,,100,0,,,,,c-2,negs,0.75,period,1.4563463329977822,None,None,,,,,,,,,,,0,139,139,399,336.08993670900236,,,,,,,,,,,,,,,,,,,,,,,,,,,,,,,,,,,,,,,,,,,,,,,,,,,,,,,,,,,,,,,,,,,,,,336.081298709003,336.08993670900236,336.83056850000867,336.83056850000867,336.83056850000867,336.90421420900384,336.90421420900384,336.90421420900384,337.5564740000118,period,1.4563463329977822,None,337.55662287501036,337.5566785419942,None,,,,,,,,,,,,21040099,2,2026-01-15_12h12.40.477,tilt_mocs,2024.2.4,120.82791337127415,2026-01-15 12h12.52.410327 -0500,
0,-15.0,,140,140,0,,,,,100,0,,,,,c+0,negs,0.5,period,1.1571276659960859,None,None,,,,,,,,,,,0,140,140,428,337.56866391701624,,,,,,,,,,,,,,,,,,,,,,,,,,,,,,,,,,,,,,,,,,,,,,,,,,,,,,,,,,,,,,,,,,,,,,337.55967225000495,337.56866391701624,338.0537058750051,338.0537058750051,338.0537058750051,338.12656458400306,338.12656458400306,338.12656458400306,338.72848304201034,period,1.1571276659960859,None,338.7286094170122,338.72865816700505,None,,,,,,,,,,,,21040099,2,2026-01-15_12h12.40.477,tilt_mocs,2024.2.4,120.82791337127415,2026-01-15 12h12.52.410327 -0500,
-6,-15.0,,141,141,0,,,,,100,0,,,,,c-6,negs,0.5,z,1.0114303749869578,None,None,,,,,,,,,,,0,141,141,301,338.73966833401937,,,,,,,,,,,,,,,,,,,,,,,,,,,,,,,,,,,,,,,,,,,,,,,,,,,,,,,,,,,,,,,,,,,,,,338.73062020901125,338.73966833401937,339.23025700001745,339.23025700001745,339.23025700001745,339.3043789170042,339.3043789170042,339.3043789170042,339.75662370899227,z,1.0114303749869578,None,339.7568074169976,339.75686141700135,None,,,,,,,,,,,,21040099,2,2026-01-15_12h12.40.477,tilt_mocs,2024.2.4,120.82791337127415,2026-01-15 12h12.52.410327 -0500,
0,0.0,,142,142,0,,,,,0,100,,,,,c+0,noss,1.0,z,1.5887945000140462,None,None,,,,,,,,,,,0,142,142,618,339.7690627920092,,,,,,,,,,,,,,,,,,,,,,,,,,,,,,,,,,,,,,,,,,,,,,,,,,,,,,,,,,,,,,,,,,,,,,339.7599445420201,339.7690627920092,340.75392566699884,340.75392566699884,340.75392566699884,340.8265856250073,340.8265856250073,340.8265856250073,341.36306629201863,z,1.5887945000140462,None,341.3631902089983,341.36324841700844,None,,,,,,,,,,,,21040099,2,2026-01-15_12h12.40.477,tilt_mocs,2024.2.4,120.82791337127415,2026-01-15 12h12.52.410327 -0500,
0,-15.0,,143,143,0,,,,,100,0,,,,,c+0,negs,0.75,period,1.3828240830043796,None,None,,,,,,,,,,,0,143,143,433,341.3736070000159,,,,,,,,,,,,,,,,,,,,,,,,,,,,,,,,,,,,,,,,,,,,,,,,,,,,,,,,,,,,,,,,,,,,,,341.3653492919984,341.3736070000159,342.11367824999616,342.11367824999616,342.11367824999616,342.1877824999974,342.1877824999974,342.1877824999974,342.7620617499924,period,1.3828240830043796,None,342.76219266699627,342.762247125007,None,,,,,,,,,,,,21040099,2,2026-01-15_12h12.40.477,tilt_mocs,2024.2.4,120.82791337127415,2026-01-15 12h12.52.410327 -0500,
-2,-15.0,,144,144,0,,,,,100,0,,,,,c-2,negs,0.75,period,1.3168912499968428,None,None,,,,,,,,,,,0,144,144,392,342.77357229200425,,,,,,,,,,,,,,,,,,,,,,,,,,,,,,,,,,,,,,,,,,,,,,,,,,,,,,,,,,,,,,,,,,,,,,342.764674459002,342.77357229200425,343.5136334169947,343.5136334169947,343.5136334169947,343.5875936250086,343.5875936250086,343.5875936250086,344.0956975000154,period,1.3168912499968428,None,344.09582250000676,344.0958849590097,None,,,,,,,,,,,,21040099,2,2026-01-15_12h12.40.477,tilt_mocs,2024.2.4,120.82791337127415,2026-01-15 12h12.52.410327 -0500,
6,15.0,,145,145,0,,,,,100,0,,,,,c+6,poss,0.5,period,1.1711437499907333,None,None,,,,,,,,,,,0,145,145,168,344.10685512499185,,,,,,,,,,,,,,,,,,,,,,,,,,,,,,,,,,,,,,,,,,,,,,,,,,,,,,,,,,,,,,,,,,,,,,344.09800587501377,344.10685512499185,344.59752766700694,344.59752766700694,344.59752766700694,344.6708755000145,344.6708755000145,344.6708755000145,345.290368417016,period,1.1711437499907333,None,345.2905156670022,345.29057337500853,None,,,,,,,,,,,,21040099,2,2026-01-15_12h12.40.477,tilt_mocs,2024.2.4,120.82791337127415,2026-01-15 12h12.52.410327 -0500,
0,-15.0,,146,146,0,,,,,100,0,,,,,c+0,negs,0.5,period,1.064288709021639,None,None,,,,,,,,,,,0,146,146,425,345.3015890000097,,,,,,,,,,,,,,,,,,,,,,,,,,,,,,,,,,,,,,,,,,,,,,,,,,,,,,,,,,,,,,,,,,,,,,345.2928277089959,345.3015890000097,345.7874692089972,345.7874692089972,345.7874692089972,345.8592608750041,345.8592608750041,345.8592608750041,346.37376212500385,period,1.064288709021639,None,346.37391424999805,346.373991667002,None,,,,,,,,,,,,21040099,2,2026-01-15_12h12.40.477,tilt_mocs,2024.2.4,120.82791337127415,2026-01-15 12h12.52.410327 -0500,
2,15.0,,147,147,0,,,,,100,0,,,,,c+2,poss,1.25,z,1.8191342079953756,None,None,,,,,,,,,,,0,147,147,124,346.3859481670079,,,,,,,,,,,,,,,,,,,,,,,,,,,,,,,,,,,,,,,,,,,,,,,,,,,,,,,,,,,,,,,,,,,,,,346.37705916701816,346.3859481670079,347.62067262499477,347.62067262499477,347.62067262499477,347.6925806250074,347.6925806250074,347.6925806250074,348.20830349999596,z,1.8191342079953756,None,348.20846329201595,348.2085227500065,None,,,,,,,,,,,,21040099,2,2026-01-15_12h12.40.477,tilt_mocs,2024.2.4,120.82791337127415,2026-01-15 12h12.52.410327 -0500,
8,15.0,,148,148,0,,,,,100,0,,,,,c+8,poss,0.5,z,1.3463719169958495,None,None,,,,,,,,,,,0,148,148,210,348.220204000012,,,,,,,,,,,,,,,,,,,,,,,,,,,,,,,,,,,,,,,,,,,,,,,,,,,,,,,,,,,,,,,,,,,,,,348.2109807090019,348.220204000012,348.7040607499948,348.7040607499948,348.7040607499948,348.77603162499145,348.77603162499145,348.77603162499145,349.5738564589992,z,1.3463719169958495,None,349.5740022920072,349.57408341701375,None,,,,,,,,,,,,21040099,2,2026-01-15_12h12.40.477,tilt_mocs,2024.2.4,120.82791337127415,2026-01-15 12h12.52.410327 -0500,
4,0.0,,149,149,0,,,,,0,100,,,,,c+4,noss,0.75,period,1.2860038749931846,None,None,,,,,,,,,,,0,149,149,689,349.58524837499135,,,,,,,,,,,,,,,,,,,,,,,,,,,,,,,,,,,,,,,,,,,,,,,,,,,,,,,,,,,,,,,,,,,,,,349.57642354199197,349.58524837499135,350.32089279199135,350.32089279199135,350.32089279199135,350.39319087500917,350.39319087500917,350.39319087500917,350.8738865000196,period,1.2860038749931846,None,350.87403875001473,350.87409754199325,None,,,,,,,,,,,,21040099,2,2026-01-15_12h12.40.477,tilt_mocs,2024.2.4,120.82791337127415,2026-01-15 12h12.52.410327 -0500,
4,15.0,,150,150,0,,,,,100,0,,,,,c+4,poss,0.75,z,1.3343767089827452,None,space,10.915481500007445,None,,,,,,,,,0,150,150,138,350.8876031670079,,,,,,,,,,,,,,,,,,,,,,,,,,,,,,,,,,,,,,,,,,,,,,,,,,,,,,,,,,,,,,,,,,,,,,350.8767668750079,350.8876031670079,351.62094366701785,351.62094366701785,351.62094366701785,351.6931420000037,351.6931420000037,351.6931420000037,352.224938542,z,1.3343767089827452,None,352.2250762920012,363.1571938749985,space,352.235795125016,352.235795125016,10.915481500007445,None,,,,,,,,21040099,2,2026-01-15_12h12.40.477,tilt_mocs,2024.2.4,120.82791337127415,2026-01-15 12h12.52.410327 -0500,
0,0.0,,151,151,0,,,,,0,100,,,,,c+0,noss,0.75,z,1.297946625010809,None,None,,,,,,,,,,,0,151,151,603,363.1680714999966,,,,,,,,,,,,,,,,,,,,,,,,,,,,,,,,,,,,,,,,,,,,,,,,,,,,,,,,,,,,,,,,,,,,,,363.15923516699695,363.1680714999966,363.90457608399447,363.90457608399447,363.90457608399447,363.9781087920128,363.9781087920128,363.9781087920128,364.474318499997,z,1.297946625010809,None,364.4744865419925,364.47455166699365,None,,,,,,,,,,,,21040099,2,2026-01-15_12h12.40.477,tilt_mocs,2024.2.4,120.82791337127415,2026-01-15 12h12.52.410327 -0500,
6,15.0,,152,152,0,,,,,100,0,,,,,c+6,poss,1.0,period,1.7042570000048727,None,None,,,,,,,,,,,0,152,152,198,364.4853260840173,,,,,,,,,,,,,,,,,,,,,,,,,,,,,,,,,,,,,,,,,,,,,,,,,,,,,,,,,,,,,,,,,,,,,,364.4770237090124,364.4853260840173,365.47146308401716,365.47146308401716,365.47146308401716,365.5444524170016,365.5444524170016,365.5444524170016,366.20143512499635,period,1.7042570000048727,None,366.2015401670069,366.2015960419958,None,,,,,,,,,,,,21040099,2,2026-01-15_12h12.40.477,tilt_mocs,2024.2.4,120.82791337127415,2026-01-15 12h12.52.410327 -0500,
6,15.0,,153,153,0,,,,,100,0,,,,,c+6,poss,0.5,z,1.1608741249947343,None,None,,,,,,,,,,,0,153,153,172,366.2081169169978,,,,,,,,,,,,,,,,,,,,,,,,,,,,,,,,,,,,,,,,,,,,,,,,,,,,,,,,,,,,,,,,,,,,,,366.203578250017,366.2081169169978,366.69829645901336,366.69829645901336,366.69829645901336,366.77206204200047,366.77206204200047,366.77206204200047,367.37464454199653,z,1.1608741249947343,None,367.3747987090028,367.37485595900216,None,,,,,,,,,,,,21040099,2,2026-01-15_12h12.40.477,tilt_mocs,2024.2.4,120.82791337127415,2026-01-15 12h12.52.410327 -0500,
2,0.0,,154,154,0,,,,,0,100,,,,,c+2,noss,0.75,z,1.6247120419866405,None,None,,,,,,,,,,,0,154,154,651,367.38609654200263,,,,,,,,,,,,,,,,,,,,,,,,,,,,,,,,,,,,,,,,,,,,,,,,,,,,,,,,,,,,,,,,,,,,,,367.37712804201874,367.38609654200263,368.1214098749915,368.1214098749915,368.1214098749915,368.1943201670074,368.1943201670074,368.1943201670074,369.0132920000178,z,1.6247120419866405,None,369.0133960840176,369.01344895901275,None,,,,,,,,,,,,21040099,2,2026-01-15_12h12.40.477,tilt_mocs,2024.2.4,120.82791337127415,2026-01-15 12h12.52.410327 -0500,
-4,0.0,,155,155,0,,,,,0,100,,,,,c-4,noss,0.75,z,1.2313277919893153,None,None,,,,,,,,,,,0,155,155,519,369.0243102920067,,,,,,,,,,,,,,,,,,,,,,,,,,,,,,,,,,,,,,,,,,,,,,,,,,,,,,,,,,,,,,,,,,,,,,369.01538420899305,369.0243102920067,369.7644527500088,369.7644527500088,369.7644527500088,369.83869141701143,369.83869141701143,369.83869141701143,370.258647834009,z,1.2313277919893153,None,370.25882245899993,370.258880459005,None,,,,,,,,,,,,21040099,2,2026-01-15_12h12.40.477,tilt_mocs,2024.2.4,120.82791337127415,2026-01-15 12h12.52.410327 -0500,
4,0.0,,156,156,0,,,,,0,100,,,,,c+4,noss,1.25,period,1.7123335000069346,None,None,,,,,,,,,,,0,156,156,705,370.27084191699396,,,,,,,,,,,,,,,,,,,,,,,,,,,,,,,,,,,,,,,,,,,,,,,,,,,,,,,,,,,,,,,,,,,,,,370.2617187089927,370.27084191699396,371.5050803339982,371.5050803339982,371.5050803339982,371.577148500015,371.577148500015,371.577148500015,371.99111287499545,period,1.7123335000069346,None,371.99134725000476,371.9914858750126,None,,,,,,,,,,,,21040099,2,2026-01-15_12h12.40.477,tilt_mocs,2024.2.4,120.82791337127415,2026-01-15 12h12.52.410327 -0500,
-4,-15.0,,157,157,0,,,,,100,0,,,,,c-4,negs,0.5,z,1.0699798749992624,None,None,,,,,,,,,,,0,157,157,341,372.0028536670143,,,,,,,,,,,,,,,,,,,,,,,,,,,,,,,,,,,,,,,,,,,,,,,,,,,,,,,,,,,,,,,,,,,,,,371.9940159590042,372.0028536670143,372.48833991700667,372.48833991700667,372.48833991700667,372.5609806670109,372.5609806670109,372.5609806670109,373.0843945420056,z,1.0699798749992624,None,373.08450195900514,373.08454208401963,None,,,,,,,,,,,,21040099,2,2026-01-15_12h12.40.477,tilt_mocs,2024.2.4,120.82791337127415,2026-01-15 12h12.52.410327 -0500,
2,0.0,,158,158,0,,,,,0,100,,,,,c+2,noss,0.75,period,1.2591976660187356,None,None,,,,,,,,,,,0,158,158,648,373.0912082499999,,,,,,,,,,,,,,,,,,,,,,,,,,,,,,,,,,,,,,,,,,,,,,,,,,,,,,,,,,,,,,,,,,,,,,373.08650541701354,373.0912082499999,373.83086195899523,373.83086195899523,373.83086195899523,373.9055288750096,373.9055288750096,373.9055288750096,374.3578679590137,period,1.2591976660187356,None,374.3579962920048,374.3580610000063,None,,,,,,,,,,,,21040099,2,2026-01-15_12h12.40.477,tilt_mocs,2024.2.4,120.82791337127415,2026-01-15 12h12.52.410327 -0500,
6,15.0,,159,159,0,,,,,100,0,,,,,c+6,poss,1.25,period,1.986462083994411,None,None,,,,,,,,,,,0,159,159,208,374.3691945419996,,,,,,,,,,,,,,,,,,,,,,,,,,,,,,,,,,,,,,,,,,,,,,,,,,,,,,,,,,,,,,,,,,,,,,374.3601125419955,374.3691945419996,375.6049896250188,375.6049896250188,375.6049896250188,375.677098959015,375.677098959015,375.677098959015,376.35839875001693,period,1.986462083994411,None,376.3585393340036,376.358594624995,None,,,,,,,,,,,,21040099,2,2026-01-15_12h12.40.477,tilt_mocs,2024.2.4,120.82791337127415,2026-01-15 12h12.52.410327 -0500,
2,-15.0,,160,160,0,,,,,100,0,,,,,c+2,negs,0.75,period,1.1709276250039693,None,None,,,,,,,,,,,0,160,160,476,376.3703171670204,,,,,,,,,,,,,,,,,,,,,,,,,,,,,,,,,,,,,,,,,,,,,,,,,,,,,,,,,,,,,,,,,,,,,,376.36106150000705,376.3703171670204,377.10511941701407,377.10511941701407,377.10511941701407,377.1771432090027,377.1771432090027,377.1771432090027,377.54746475000866,period,1.1709276250039693,None,377.54758787501487,377.54764408399933,None,,,,,,,,,,,,21040099,2,2026-01-15_12h12.40.477,tilt_mocs,2024.2.4,120.82791337127415,2026-01-15 12h12.52.410327 -0500,
-2,15.0,,161,161,0,,,,,100,0,,,,,c-2,poss,0.5,z,1.0144887079950422,None,None,,,,,,,,,,,0,161,161,2,377.5583467090037,,,,,,,,,,,,,,,,,,,,,,,,,,,,,,,,,,,,,,,,,,,,,,,,,,,,,,,,,,,,,,,,,,,,,,377.5498104589933,377.5583467090037,378.04832112501026,378.04832112501026,378.04832112501026,378.1223257090023,378.1223257090023,378.1223257090023,378.5755043340032,z,1.0144887079950422,None,378.5756340420048,378.57568558401545,None,,,,,,,,,,,,21040099,2,2026-01-15_12h12.40.477,tilt_mocs,2024.2.4,120.82791337127415,2026-01-15 12h12.52.410327 -0500,
-6,-15.0,,162,162,0,,,,,100,0,,,,,c-6,negs,0.5,z,1.015400000003865,None,None,,,,,,,,,,,0,162,162,298,378.58719395901426,,,,,,,,,,,,,,,,,,,,,,,,,,,,,,,,,,,,,,,,,,,,,,,,,,,,,,,,,,,,,,,,,,,,,,378.57813183401595,378.58719395901426,379.07188891700935,379.07188891700935,379.07188891700935,379.14433524999185,379.14433524999185,379.14433524999185,379.60790425000596,z,1.015400000003865,None,379.60802829201566,379.6080789999978,None,,,,,,,,,,,,21040099,2,2026-01-15_12h12.40.477,tilt_mocs,2024.2.4,120.82791337127415,2026-01-15 12h12.52.410327 -0500,
2,0.0,,163,163,0,,,,,0,100,,,,,c+2,noss,0.75,period,1.3871658749994822,None,None,,,,,,,,,,,0,163,163,641,379.6195048340014,,,,,,,,,,,,,,,,,,,,,,,,,,,,,,,,,,,,,,,,,,,,,,,,,,,,,,,,,,,,,,,,,,,,,,379.6107408750104,379.6195048340014,380.3552910000144,380.3552910000144,380.3552910000144,380.42817629201454,380.42817629201454,380.42817629201454,381.0183987090131,period,1.3871658749994822,None,381.01851100000204,381.01855187499314,None,,,,,,,,,,,,21040099,2,2026-01-15_12h12.40.477,tilt_mocs,2024.2.4,120.82791337127415,2026-01-15 12h12.52.410327 -0500,
-4,0.0,,164,164,0,,,,,0,100,,,,,c-4,noss,0.5,z,1.0360818750050385,None,None,,,,,,,,,,,0,164,164,507,381.02503783401335,,,,,,,,,,,,,,,,,,,,,,,,,,,,,,,,,,,,,,,,,,,,,,,,,,,,,,,,,,,,,,,,,,,,,,381.02050237500225,381.02503783401335,381.51493683399167,381.51493683399167,381.51493683399167,381.5892859589949,381.5892859589949,381.5892859589949,382.06385008399957,z,1.0360818750050385,None,382.0639520419936,382.06399225001223,None,,,,,,,,,,,,21040099,2,2026-01-15_12h12.40.477,tilt_mocs,2024.2.4,120.82791337127415,2026-01-15 12h12.52.410327 -0500,
-4,0.0,,165,165,0,,,,,0,100,,,,,c-4,noss,1.25,z,1.7269290410040412,None,None,,,,,,,,,,,0,165,165,536,382.07488225001725,,,,,,,,,,,,,,,,,,,,,,,,,,,,,,,,,,,,,,,,,,,,,,,,,,,,,,,,,,,,,,,,,,,,,,382.06591829200624,382.07488225001725,383.3152429590118,383.3152429590118,383.3152429590118,383.3891965840012,383.3891965840012,383.3891965840012,383.80733437501476,z,1.7269290410040412,None,383.80743225000333,383.80747358402004,None,,,,,,,,,,,,21040099,2,2026-01-15_12h12.40.477,tilt_mocs,2024.2.4,120.82791337127415,2026-01-15 12h12.52.410327 -0500,
6,15.0,,166,166,0,,,,,100,0,,,,,c+6,poss,1.0,z,1.5812571670103353,None,None,,,,,,,,,,,0,166,166,193,383.81796337501146,,,,,,,,,,,,,,,,,,,,,,,,,,,,,,,,,,,,,,,,,,,,,,,,,,,,,,,,,,,,,,,,,,,,,,383.80945233401144,383.81796337501146,384.8054925840115,384.8054925840115,384.8054925840115,384.87747704199865,384.87747704199865,384.87747704199865,385.4088410840195,z,1.5812571670103353,None,385.40898875001585,385.40904362499714,None,,,,,,,,,,,,21040099,2,2026-01-15_12h12.40.477,tilt_mocs,2024.2.4,120.82791337127415,2026-01-15 12h12.52.410327 -0500,
2,15.0,,167,167,0,,,,,100,0,,,,,c+2,poss,1.0,z,1.4760478750104085,None,None,,,,,,,,,,,0,167,167,111,385.4200113340048,,,,,,,,,,,,,,,,,,,,,,,,,,,,,,,,,,,,,,,,,,,,,,,,,,,,,,,,,,,,,,,,,,,,,,385.4112400840095,385.4200113340048,386.4054564170074,386.4054564170074,386.4054564170074,386.47771429200657,386.47771429200657,386.47771429200657,386.9083289169939,z,1.4760478750104085,None,386.9084333339997,386.9084744169959,None,,,,,,,,,,,,21040099,2,2026-01-15_12h12.40.477,tilt_mocs,2024.2.4,120.82791337127415,2026-01-15 12h12.52.410327 -0500,
4,15.0,,168,168,0,,,,,100,0,,,,,c+4,poss,0.5,period,1.1424632080015726,None,None,,,,,,,,,,,0,168,168,127,386.919139250007,,,,,,,,,,,,,,,,,,,,,,,,,,,,,,,,,,,,,,,,,,,,,,,,,,,,,,,,,,,,,,,,,,,,,,386.9104537499952,386.919139250007,387.40545979200397,387.40545979200397,387.40545979200397,387.47750362500665,387.47750362500665,387.47750362500665,388.06482808399596,period,1.1424632080015726,None,388.0649452499929,388.06499474999146,None,,,,,,,,,,,,21040099,2,2026-01-15_12h12.40.477,tilt_mocs,2024.2.4,120.82791337127415,2026-01-15 12h12.52.410327 -0500,
0,15.0,,169,169,0,,,,,100,0,,,,,c+0,poss,0.5,z,0.9603469579888042,None,None,,,,,,,,,,,0,169,169,43,388.07504379199236,,,,,,,,,,,,,,,,,,,,,,,,,,,,,,,,,,,,,,,,,,,,,,,,,,,,,,,,,,,,,,,,,,,,,,388.0669651670032,388.07504379199236,388.56454854199546,388.56454854199546,388.56454854199546,388.6394094589923,388.6394094589923,388.6394094589923,389.04135504201986,z,0.9603469579888042,None,389.04145370901097,389.0414935000008,None,,,,,,,,,,,,21040099,2,2026-01-15_12h12.40.477,tilt_mocs,2024.2.4,120.82791337127415,2026-01-15 12h12.52.410327 -0500,
-2,-15.0,,170,170,0,,,,,100,0,,,,,c-2,negs,1.25,period,1.7711670419957954,None,None,,,,,,,,,,,0,170,170,410,389.0519858750049,,,,,,,,,,,,,,,,,,,,,,,,,,,,,,,,,,,,,,,,,,,,,,,,,,,,,,,,,,,,,,,,,,,,,,389.0434088339971,389.0519858750049,390.28856070901384,390.28856070901384,390.28856070901384,390.3609550840047,390.3609550840047,390.3609550840047,390.8262785419938,period,1.7711670419957954,None,390.8264393749996,390.8264997920196,None,,,,,,,,,,,,21040099,2,2026-01-15_12h12.40.477,tilt_mocs,2024.2.4,120.82791337127415,2026-01-15 12h12.52.410327 -0500,
8,15.0,,171,171,0,,,,,100,0,,,,,c+8,poss,0.5,period,1.200939708010992,None,None,,,,,,,,,,,0,171,171,217,390.8382976670109,,,,,,,,,,,,,,,,,,,,,,,,,,,,,,,,,,,,,,,,,,,,,,,,,,,,,,,,,,,,,,,,,,,,,,390.82902470900444,390.8382976670109,391.3223444590112,391.3223444590112,391.3223444590112,391.3942930420162,391.3942930420162,391.3942930420162,392.04187762501533,period,1.200939708010992,None,392.04205029201694,392.0421060420049,None,,,,,,,,,,,,21040099,2,2026-01-15_12h12.40.477,tilt_mocs,2024.2.4,120.82791337127415,2026-01-15 12h12.52.410327 -0500,
-4,0.0,,172,172,0,,,,,0,100,,,,,c-4,noss,0.75,z,1.25244091701461,None,None,,,,,,,,,,,0,172,172,515,392.05397100001574,,,,,,,,,,,,,,,,,,,,,,,,,,,,,,,,,,,,,,,,,,,,,,,,,,,,,,,,,,,,,,,,,,,,,,392.044790459011,392.05397100001574,392.78814312501345,392.78814312501345,392.78814312501345,392.86129216701374,392.86129216701374,392.86129216701374,393.30888883399894,z,1.25244091701461,None,393.3090162090084,393.30906758399215,None,,,,,,,,,,,,21040099,2,2026-01-15_12h12.40.477,tilt_mocs,2024.2.4,120.82791337127415,2026-01-15 12h12.52.410327 -0500,
-2,0.0,,173,173,0,,,,,0,100,,,,,c-2,noss,0.75,z,1.177706374990521,None,None,,,,,,,,,,,0,173,173,564,393.3201787500002,,,,,,,,,,,,,,,,,,,,,,,,,,,,,,,,,,,,,,,,,,,,,,,,,,,,,,,,,,,,,,,,,,,,,,393.3115589170193,393.3201787500002,394.0556577919924,394.0556577919924,394.0556577919924,394.1279378750187,394.1279378750187,394.1279378750187,394.50864866701886,z,1.177706374990521,None,394.5088072090002,394.5088571670058,None,,,,,,,,,,,,21040099,2,2026-01-15_12h12.40.477,tilt_mocs,2024.2.4,120.82791337127415,2026-01-15 12h12.52.410327 -0500,
0,0.0,,174,174,0,,,,,0,100,,,,,c+0,noss,1.25,z,1.775956083991332,None,None,,,,,,,,,,,0,174,174,626,394.5208751250175,,,,,,,,,,,,,,,,,,,,,,,,,,,,,,,,,,,,,,,,,,,,,,,,,,,,,,,,,,,,,,,,,,,,,,394.5119052090158,394.5208751250175,395.75577554199845,395.75577554199845,395.75577554199845,395.82818820900866,395.82818820900866,395.82818820900866,396.3088986670191,z,1.775956083991332,None,396.30899820901686,396.3090387090051,None,,,,,,,,,,,,21040099,2,2026-01-15_12h12.40.477,tilt_mocs,2024.2.4,120.82791337127415,2026-01-15 12h12.52.410327 -0500,
4,0.0,,175,175,0,,,,,0,100,,,,,c+4,noss,0.5,period,0.9909902089857496,None,None,,,,,,,,,,,0,175,175,682,396.32295212501776,,,,,,,,,,,,,,,,,,,,,,,,,,,,,,,,,,,,,,,,,,,,,,,,,,,,,,,,,,,,,,,,,,,,,,396.31099991701194,396.32295212501776,396.8057893750083,396.8057893750083,396.8057893750083,396.87802983401343,396.87802983401343,396.87802983401343,397.3251231670147,period,0.9909902089857496,None,397.3252507089928,397.3253097090055,None,,,,,,,,,,,,21040099,2,2026-01-15_12h12.40.477,tilt_mocs,2024.2.4,120.82791337127415,2026-01-15 12h12.52.410327 -0500,
-8,-15.0,,176,176,0,,,,,100,0,,,,,c-8,negs,0.5,z,1.1429180419945624,None,None,,,,,,,,,,,0,176,176,258,397.33655841700966,,,,,,,,,,,,,,,,,,,,,,,,,,,,,,,,,,,,,,,,,,,,,,,,,,,,,,,,,,,,,,,,,,,,,,397.32759450000594,397.33655841700966,397.8225986250036,397.8225986250036,397.8225986250036,397.89487429201836,397.89487429201836,397.89487429201836,398.5073267919943,z,1.1429180419945624,None,398.50745145900873,398.5075026669947,None,,,,,,,,,,,,21040099,2,2026-01-15_12h12.40.477,tilt_mocs,2024.2.4,120.82791337127415,2026-01-15 12h12.52.410327 -0500,
4,0.0,,177,177,0,,,,,0,100,,,,,c+4,noss,0.75,period,1.4455048340023495,None,None,,,,,,,,,,,0,177,177,683,398.52313020901056,,,,,,,,,,,,,,,,,,,,,,,,,,,,,,,,,,,,,,,,,,,,,,,,,,,,,,,,,,,,,,,,,,,,,,398.5099156250071,398.52313020901056,399.2559986670094,399.2559986670094,399.2559986670094,399.3283315419976,399.3283315419976,399.3283315419976,399.97531229199376,period,1.4455048340023495,None,399.9754724590166,399.97552358399844,None,,,,,,,,,,,,21040099,2,2026-01-15_12h12.40.477,tilt_mocs,2024.2.4,120.82791337127415,2026-01-15 12h12.52.410327 -0500,
-6,-15.0,,178,178,0,,,,,100,0,,,,,c-6,negs,1.25,z,2.5883617920044344,None,None,,,,,,,,,,,0,178,178,326,399.98623295899597,,,,,,,,,,,,,,,,,,,,,,,,,,,,,,,,,,,,,,,,,,,,,,,,,,,,,,,,,,,,,,,,,,,,,,399.97751037499984,399.98623295899597,401.22181304200785,401.22181304200785,401.22181304200785,401.2947914590186,401.2947914590186,401.2947914590186,402.5815908749937,z,2.5883617920044344,None,402.58175170901814,402.5818124170182,None,,,,,,,,,,,,21040099,2,2026-01-15_12h12.40.477,tilt_mocs,2024.2.4,120.82791337127415,2026-01-15 12h12.52.410327 -0500,
4,0.0,,179,179,0,,,,,0,100,,,,,c+4,noss,0.5,period,1.0180603750050068,None,None,,,,,,,,,,,0,179,179,676,402.5926099170174,,,,,,,,,,,,,,,,,,,,,,,,,,,,,,,,,,,,,,,,,,,,,,,,,,,,,,,,,,,,,,,,,,,,,,402.5845064170135,402.5926099170174,403.0816099170188,403.0816099170188,403.0816099170188,403.1566621249949,403.1566621249949,403.1566621249949,403.61332274999586,period,1.0180603750050068,None,403.61344504199224,403.6134950419946,None,,,,,,,,,,,,21040099,2,2026-01-15_12h12.40.477,tilt_mocs,2024.2.4,120.82791337127415,2026-01-15 12h12.52.410327 -0500,
-4,-15.0,,180,180,0,,,,,100,0,,,,,c-4,negs,1.0,z,1.6657839999825228,None,None,,,,,,,,,,,0,180,180,365,403.625264125003,,,,,,,,,,,,,,,,,,,,,,,,,,,,,,,,,,,,,,,,,,,,,,,,,,,,,,,,,,,,,,,,,,,,,,403.615509958996,403.625264125003,404.6151874590141,404.6151874590141,404.6151874590141,404.6899571669928,404.6899571669928,404.6899571669928,405.3036581670167,z,1.6657839999825228,None,405.303757125017,405.3037984170078,None,,,,,,,,,,,,21040099,2,2026-01-15_12h12.40.477,tilt_mocs,2024.2.4,120.82791337127415,2026-01-15 12h12.52.410327 -0500,
2,0.0,,181,181,0,,,,,0,100,,,,,c+2,noss,0.75,period,1.2250732500106096,None,None,,,,,,,,,,,0,181,181,650,405.31106425001053,,,,,,,,,,,,,,,,,,,,,,,,,,,,,,,,,,,,,,,,,,,,,,,,,,,,,,,,,,,,,,,,,,,,,,405.30585304199485,405.31106425001053,406.04871649999404,406.04871649999404,406.04871649999404,406.1235490000108,406.1235490000108,406.1235490000108,406.5407369589957,period,1.2250732500106096,None,406.54083341700607,406.540874667,None,,,,,,,,,,,,21040099,2,2026-01-15_12h12.40.477,tilt_mocs,2024.2.4,120.82791337127415,2026-01-15 12h12.52.410327 -0500,
-4,-15.0,,182,182,0,,,,,100,0,,,,,c-4,negs,1.25,period,1.7899470829870552,None,None,,,,,,,,,,,0,182,182,374,406.55106625001645,,,,,,,,,,,,,,,,,,,,,,,,,,,,,,,,,,,,,,,,,,,,,,,,,,,,,,,,,,,,,,,,,,,,,,406.5427957090142,406.55106625001645,407.78231416700874,407.78231416700874,407.78231416700874,407.8627659170015,407.8627659170015,407.8627659170015,408.35291429201607,period,1.7899470829870552,None,408.3530131250154,408.35305362500367,None,,,,,,,,,,,,21040099,2,2026-01-15_12h12.40.477,tilt_mocs,2024.2.4,120.82791337127415,2026-01-15 12h12.52.410327 -0500,
-4,-15.0,,183,183,0,,,,,100,0,,,,,c-4,negs,0.5,period,1.426019875012571,None,None,,,,,,,,,,,0,183,183,342,408.35950345901074,,,,,,,,,,,,,,,,,,,,,,,,,,,,,,,,,,,,,,,,,,,,,,,,,,,,,,,,,,,,,,,,,,,,,,408.35505874999217,408.35950345901074,408.8492719170172,408.8492719170172,408.8492719170172,408.9236873750051,408.9236873750051,408.9236873750051,409.7922485420131,period,1.426019875012571,None,409.7923690000025,409.7924190000049,None,,,,,,,,,,,,21040099,2,2026-01-15_12h12.40.477,tilt_mocs,2024.2.4,120.82791337127415,2026-01-15 12h12.52.410327 -0500,
2,0.0,,184,184,0,,,,,0,100,,,,,c+2,noss,1.25,period,1.8740681250055786,None,None,,,,,,,,,,,0,184,184,664,409.80335624999134,,,,,,,,,,,,,,,,,,,,,,,,,,,,,,,,,,,,,,,,,,,,,,,,,,,,,,,,,,,,,,,,,,,,,,409.79475458399975,409.80335624999134,411.0396573750186,411.0396573750186,411.0396573750186,411.11269199999515,411.11269199999515,411.11269199999515,411.68143425000017,period,1.8740681250055786,None,411.68153720899136,411.68157854201854,None,,,,,,,,,,,,21040099,2,2026-01-15_12h12.40.477,tilt_mocs,2024.2.4,120.82791337127415,2026-01-15 12h12.52.410327 -0500,
-6,-15.0,,185,185,0,,,,,100,0,,,,,c-6,negs,0.75,z,1.3034441670170054,None,None,,,,,,,,,,,0,185,185,310,411.6926594999968,,,,,,,,,,,,,,,,,,,,,,,,,,,,,,,,,,,,,,,,,,,,,,,,,,,,,,,,,,,,,,,,,,,,,,411.6835699999938,411.6926594999968,412.4325670420076,412.4325670420076,412.4325670420076,412.5070911250077,412.5070911250077,412.5070911250077,412.9993032499915,z,1.3034441670170054,None,412.9994413340173,412.9994947090163,None,,,,,,,,,,,,21040099,2,2026-01-15_12h12.40.477,tilt_mocs,2024.2.4,120.82791337127415,2026-01-15 12h12.52.410327 -0500,
4,0.0,,186,186,0,,,,,0,100,,,,,c+4,noss,1.25,period,1.8387381669890601,None,None,,,,,,,,,,,0,186,186,713,413.00985712499823,,,,,,,,,,,,,,,,,,,,,,,,,,,,,,,,,,,,,,,,,,,,,,,,,,,,,,,,,,,,,,,,,,,,,,413.0017574170197,413.00985712499823,414.24884825001936,414.24884825001936,414.24884825001936,414.3236685000011,414.3236685000011,414.3236685000011,414.8593951250077,period,1.8387381669890601,None,414.8595248339989,414.85957800000324,None,,,,,,,,,,,,21040099,2,2026-01-15_12h12.40.477,tilt_mocs,2024.2.4,120.82791337127415,2026-01-15 12h12.52.410327 -0500,
-2,15.0,,187,187,0,,,,,100,0,,,,,c-2,poss,0.75,z,1.2788264589908067,None,None,,,,,,,,,,,0,187,187,13,414.871008874994,,,,,,,,,,,,,,,,,,,,,,,,,,,,,,,,,,,,,,,,,,,,,,,,,,,,,,,,,,,,,,,,,,,,,,414.8621097920113,414.871008874994,415.60667787501006,415.60667787501006,415.60667787501006,415.67868779200944,415.67868779200944,415.67868779200944,416.15969733402017,z,1.2788264589908067,None,416.15987333399244,416.15993145899847,None,,,,,,,,,,,,21040099,2,2026-01-15_12h12.40.477,tilt_mocs,2024.2.4,120.82791337127415,2026-01-15 12h12.52.410327 -0500,
6,15.0,,188,188,0,,,,,100,0,,,,,c+6,poss,0.75,period,1.340596291993279,None,None,,,,,,,,,,,0,188,188,186,416.17168137500994,,,,,,,,,,,,,,,,,,,,,,,,,,,,,,,,,,,,,,,,,,,,,,,,,,,,,,,,,,,,,,,,,,,,,,416.16266741699656,416.17168137500994,416.90648304199567,416.90648304199567,416.90648304199567,416.9796270840161,416.9796270840161,416.9796270840161,417.5156986670045,period,1.340596291993279,None,417.5158542499994,417.51590537501033,None,,,,,,,,,,,,21040099,2,2026-01-15_12h12.40.477,tilt_mocs,2024.2.4,120.82791337127415,2026-01-15 12h12.52.410327 -0500,
6,15.0,,189,189,0,,,,,100,0,,,,,c+6,poss,0.75,period,1.456205124995904,None,None,,,,,,,,,,,0,189,189,182,417.52655970901833,,,,,,,,,,,,,,,,,,,,,,,,,,,,,,,,,,,,,,,,,,,,,,,,,,,,,,,,,,,,,,,,,,,,,,417.5180750839936,417.52655970901833,418.26603550001164,418.26603550001164,418.26603550001164,418.34067454200704,418.34067454200704,418.34067454200704,418.9934670840157,period,1.456205124995904,None,418.99364445899846,418.99370175000513,None,,,,,,,,,,,,21040099,2,2026-01-15_12h12.40.477,tilt_mocs,2024.2.4,120.82791337127415,2026-01-15 12h12.52.410327 -0500,
-2,15.0,,190,190,0,,,,,100,0,,,,,c-2,poss,0.5,z,1.0410760829981882,None,None,,,,,,,,,,,0,190,190,9,419.0054052500054,,,,,,,,,,,,,,,,,,,,,,,,,,,,,,,,,,,,,,,,,,,,,,,,,,,,,,,,,,,,,,,,,,,,,,418.9963878339913,419.0054052500054,419.489994500007,419.489994500007,419.489994500007,419.562250167015,419.562250167015,419.562250167015,420.0497352920065,z,1.0410760829981882,None,420.0498787499964,420.0499306250131,None,,,,,,,,,,,,21040099,2,2026-01-15_12h12.40.477,tilt_mocs,2024.2.4,120.82791337127415,2026-01-15 12h12.52.410327 -0500,
0,-15.0,,191,191,0,,,,,100,0,,,,,c+0,negs,1.25,period,2.7199229169928003,None,None,,,,,,,,,,,0,191,191,460,420.06027541699586,,,,,,,,,,,,,,,,,,,,,,,,,,,,,,,,,,,,,,,,,,,,,,,,,,,,,,,,,,,,,,,,,,,,,,420.05203625001013,420.06027541699586,421.299375875009,421.299375875009,421.299375875009,421.37394979200326,421.37394979200326,421.37394979200326,422.7932501670148,period,2.7199229169928003,None,422.79341433400987,422.7934693749994,None,,,,,,,,,,,,21040099,2,2026-01-15_12h12.40.477,tilt_mocs,2024.2.4,120.82791337127415,2026-01-15 12h12.52.410327 -0500,
4,0.0,,192,192,0,,,,,0,100,,,,,c+4,noss,0.5,period,0.9963370829937048,None,None,,,,,,,,,,,0,192,192,681,422.80545354200876,,,,,,,,,,,,,,,,,,,,,,,,,,,,,,,,,,,,,,,,,,,,,,,,,,,,,,,,,,,,,,,,,,,,,,422.796205584018,422.80545354200876,423.2901766250143,423.2901766250143,423.2901766250143,423.36274495901307,423.36274495901307,423.36274495901307,423.8097776249924,period,0.9963370829937048,None,423.8099386669928,423.8101272089989,None,,,,,,,,,,,,21040099,2,2026-01-15_12h12.40.477,tilt_mocs,2024.2.4,120.82791337127415,2026-01-15 12h12.52.410327 -0500,
2,15.0,,193,193,0,,,,,100,0,,,,,c+2,poss,1.0,z,1.5533262910030317,None,None,,,,,,,,,,,0,193,193,113,423.8216411670146,,,,,,,,,,,,,,,,,,,,,,,,,,,,,,,,,,,,,,,,,,,,,,,,,,,,,,,,,,,,,,,,,,,,,,423.812696375011,423.8216411670146,424.8068229999917,424.8068229999917,424.8068229999917,424.87895520901657,424.87895520901657,424.87895520901657,425.3866135420103,z,1.5533262910030317,None,425.38671595900087,425.38675925001735,None,,,,,,,,,,,,21040099,2,2026-01-15_12h12.40.477,tilt_mocs,2024.2.4,120.82791337127415,2026-01-15 12h12.52.410327 -0500,
2,-15.0,,194,194,0,,,,,100,0,,,,,c+2,negs,0.5,period,0.964527750009438,None,None,,,,,,,,,,,0,194,194,462,425.3933860420075,,,,,,,,,,,,,,,,,,,,,,,,,,,,,,,,,,,,,,,,,,,,,,,,,,,,,,,,,,,,,,,,,,,,,,425.3887299170019,425.3933860420075,425.88292016700143,425.88292016700143,425.88292016700143,425.95752112500486,425.95752112500486,425.95752112500486,426.3606554589933,period,0.964527750009438,None,426.36081258399645,426.36086387501564,None,,,,,,,,,,,,21040099,2,2026-01-15_12h12.40.477,tilt_mocs,2024.2.4,120.82791337127415,2026-01-15 12h12.52.410327 -0500,
-8,-15.0,,195,195,0,,,,,100,0,,,,,c-8,negs,0.5,z,1.0783370829885826,None,None,,,,,,,,,,,0,195,195,255,426.37245979200816,,,,,,,,,,,,,,,,,,,,,,,,,,,,,,,,,,,,,,,,,,,,,,,,,,,,,,,,,,,,,,,,,,,,,,426.3635540420073,426.37245979200816,426.85698475001846,426.85698475001846,426.85698475001846,426.93037924999953,426.93037924999953,426.93037924999953,427.46007137501147,z,1.0783370829885826,None,427.46020670901635,427.46026116699795,None,,,,,,,,,,,,21040099,2,2026-01-15_12h12.40.477,tilt_mocs,2024.2.4,120.82791337127415,2026-01-15 12h12.52.410327 -0500,
-8,-15.0,,196,196,0,,,,,100,0,,,,,c-8,negs,0.75,z,1.2368112499825656,None,None,,,,,,,,,,,0,196,196,265,427.47139316701214,,,,,,,,,,,,,,,,,,,,,,,,,,,,,,,,,,,,,,,,,,,,,,,,,,,,,,,,,,,,,,,,,,,,,,427.4625742920034,427.47139316701214,428.2069472919975,428.2069472919975,428.2069472919975,428.27918212499935,428.27918212499935,428.27918212499935,428.72019270900637,z,1.2368112499825656,None,428.7203050419921,428.72034575001453,None,,,,,,,,,,,,21040099,2,2026-01-15_12h12.40.477,tilt_mocs,2024.2.4,120.82791337127415,2026-01-15 12h12.52.410327 -0500,
2,15.0,,197,197,0,,,,,100,0,,,,,c+2,poss,1.25,z,1.953027249983279,None,None,,,,,,,,,,,0,197,197,117,428.7267065420165,,,,,,,,,,,,,,,,,,,,,,,,,,,,,,,,,,,,,,,,,,,,,,,,,,,,,,,,,,,,,,,,,,,,,,428.72232166700996,428.7267065420165,429.96671787500964,429.96671787500964,429.96671787500964,430.0409320000035,430.0409320000035,430.0409320000035,430.6821845000086,z,1.953027249983279,None,430.6822829589946,430.68232316701324,None,,,,,,,,,,,,21040099,2,2026-01-15_12h12.40.477,tilt_mocs,2024.2.4,120.82791337127415,2026-01-15 12h12.52.410327 -0500,
8,15.0,,198,198,0,,,,,100,0,,,,,c+8,poss,1.25,period,1.7497677080100402,None,None,,,,,,,,,,,0,198,198,250,430.69345395901473,,,,,,,,,,,,,,,,,,,,,,,,,,,,,,,,,,,,,,,,,,,,,,,,,,,,,,,,,,,,,,,,,,,,,,430.6846614170063,430.69345395901473,431.9342512919975,431.9342512919975,431.9342512919975,432.0075180839922,432.0075180839922,432.0075180839922,432.4481023749977,period,1.7497677080100402,None,432.4481983339938,432.4482375420048,None,,,,,,,,,,,,21040099,2,2026-01-15_12h12.40.477,tilt_mocs,2024.2.4,120.82791337127415,2026-01-15 12h12.52.410327 -0500,
0,15.0,,199,199,0,,,,,100,0,,,,,c+0,poss,0.75,z,1.2314757920103148,None,None,,,,,,,,,,,0,199,199,63,432.4595096250123,,,,,,,,,,,,,,,,,,,,,,,,,,,,,,,,,,,,,,,,,,,,,,,,,,,,,,,,,,,,,,,,,,,,,,432.4501937919995,432.4595096250123,433.1898059170053,433.1898059170053,433.1898059170053,433.2631508750201,433.2631508750201,433.2631508750201,433.6940045420197,z,1.2314757920103148,None,433.69415220900555,433.6942057920096,None,,,,,,,,,,,,21040099,2,2026-01-15_12h12.40.477,tilt_mocs,2024.2.4,120.82791337127415,2026-01-15 12h12.52.410327 -0500,
0,0.0,,200,200,0,,,,,0,100,,,,,c+0,noss,0.75,z,1.2989982500148471,None,None,,,,,,,,,,,0,200,200,608,433.7050724590081,,,,,,,,,,,,,,,,,,,,,,,,,,,,,,,,,,,,,,,,,,,,,,,,,,,,,,,,,,,,,,,,,,,,,,433.69653924999875,433.7050724590081,434.4397433749982,434.4397433749982,434.4397433749982,434.5144527500088,434.5144527500088,434.5144527500088,435.0100316250173,z,1.2989982500148471,None,435.01015412501874,435.0102052089933,None,,,,,,,,,,,,21040099,2,2026-01-15_12h12.40.477,tilt_mocs,2024.2.4,120.82791337127415,2026-01-15 12h12.52.410327 -0500,
4,15.0,,201,201,0,,,,,100,0,,,,,c+4,poss,0.75,z,1.3653010829875711,None,None,,,,,,,,,,,0,201,201,140,435.02080541700707,,,,,,,,,,,,,,,,,,,,,,,,,,,,,,,,,,,,,,,,,,,,,,,,,,,,,,,,,,,,,,,,,,,,,,435.01219554201816,435.02080541700707,435.7562552920135,435.7562552920135,435.7562552920135,435.8291289170156,435.8291289170156,435.8291289170156,436.3934174590104,z,1.3653010829875711,None,436.39354416701826,436.3936005840078,None,,,,,,,,,,,,21040099,2,2026-01-15_12h12.40.477,tilt_mocs,2024.2.4,120.82791337127415,2026-01-15 12h12.52.410327 -0500,
6,15.0,,202,202,0,,,,,100,0,,,,,c+6,poss,0.75,z,1.4663572499994189,None,None,,,,,,,,,,,0,202,202,189,436.40443262501503,,,,,,,,,,,,,,,,,,,,,,,,,,,,,,,,,,,,,,,,,,,,,,,,,,,,,,,,,,,,,,,,,,,,,,436.3957174170064,436.40443262501503,437.1407083340164,437.1407083340164,437.1407083340164,437.2136311670183,437.2136311670183,437.2136311670183,437.8766522090009,z,1.4663572499994189,None,437.8767523750139,437.8767935000069,None,,,,,,,,,,,,21040099,2,2026-01-15_12h12.40.477,tilt_mocs,2024.2.4,120.82791337127415,2026-01-15 12h12.52.410327 -0500,
-2,15.0,,203,203,0,,,,,100,0,,,,,c-2,poss,1.25,z,1.7323204999847803,None,None,,,,,,,,,,,0,203,203,40,437.88736233400414,,,,,,,,,,,,,,,,,,,,,,,,,,,,,,,,,,,,,,,,,,,,,,,,,,,,,,,,,,,,,,,,,,,,,,437.87875733399414,437.88736233400414,439.1233073750045,439.1233073750045,439.1233073750045,439.1962394170114,439.1962394170114,439.1962394170114,439.62687029200606,z,1.7323204999847803,None,439.6269939170161,439.6270454589976,None,,,,,,,,,,,,21040099,2,2026-01-15_12h12.40.477,tilt_mocs,2024.2.4,120.82791337127415,2026-01-15 12h12.52.410327 -0500,
6,15.0,,204,204,0,,,,,100,0,,,,,c+6,poss,0.75,period,1.3318705419951584,None,None,,,,,,,,,,,0,204,204,188,439.6376321669959,,,,,,,,,,,,,,,,,,,,,,,,,,,,,,,,,,,,,,,,,,,,,,,,,,,,,,,,,,,,,,,,,,,,,,439.6290636670019,439.6376321669959,440.3741278749949,440.3741278749949,440.3741278749949,440.4477485840034,440.4477485840034,440.4477485840034,440.97707941700355,period,1.3318705419951584,None,440.9772095840017,440.9772616669943,None,,,,,,,,,,,,21040099,2,2026-01-15_12h12.40.477,tilt_mocs,2024.2.4,120.82791337127415,2026-01-15 12h12.52.410327 -0500,
-2,-15.0,,205,205,0,,,,,100,0,,,,,c-2,negs,0.75,period,1.479704416997265,None,None,,,,,,,,,,,0,205,205,389,440.9887726670131,,,,,,,,,,,,,,,,,,,,,,,,,,,,,,,,,,,,,,,,,,,,,,,,,,,,,,,,,,,,,,,,,,,,,,440.97967679201975,440.9887726670131,441.72420433399384,441.72420433399384,441.72420433399384,441.7961006250116,441.7961006250116,441.7961006250116,442.4776357499941,period,1.479704416997265,None,442.4777800000156,442.47783112499746,None,,,,,,,,,,,,21040099,2,2026-01-15_12h12.40.477,tilt_mocs,2024.2.4,120.82791337127415,2026-01-15 12h12.52.410327 -0500,
-4,0.0,,206,206,0,,,,,0,100,,,,,c-4,noss,1.25,z,1.7947395840019453,None,None,,,,,,,,,,,0,206,206,541,442.4898358749924,,,,,,,,,,,,,,,,,,,,,,,,,,,,,,,,,,,,,,,,,,,,,,,,,,,,,,,,,,,,,,,,,,,,,,442.48038225001073,442.4898358749924,443.724172584014,443.724172584014,443.724172584014,443.7960254170175,443.7960254170175,443.7960254170175,444.29355770899565,z,1.7947395840019453,None,444.2936945419933,444.29374637501314,None,,,,,,,,,,,,21040099,2,2026-01-15_12h12.40.477,tilt_mocs,2024.2.4,120.82791337127415,2026-01-15 12h12.52.410327 -0500,
4,0.0,,207,207,0,,,,,0,100,,,,,c+4,noss,0.75,period,1.1838266669947188,None,None,,,,,,,,,,,0,207,207,686,444.30477733400767,,,,,,,,,,,,,,,,,,,,,,,,,,,,,,,,,,,,,,,,,,,,,,,,,,,,,,,,,,,,,,,,,,,,,,444.29609950000304,444.30477733400767,445.0408407089999,445.0408407089999,445.0408407089999,445.114203834004,445.114203834004,445.114203834004,445.49401520899846,period,1.1838266669947188,None,445.49419162501,445.4942511249974,None,,,,,,,,,,,,21040099,2,2026-01-15_12h12.40.477,tilt_mocs,2024.2.4,120.82791337127415,2026-01-15 12h12.52.410327 -0500,
-2,0.0,,208,208,0,,,,,0,100,,,,,c-2,noss,0.5,z,0.9986054170003626,None,None,,,,,,,,,,,0,208,208,547,445.50605366699165,,,,,,,,,,,,,,,,,,,,,,,,,,,,,,,,,,,,,,,,,,,,,,,,,,,,,,,,,,,,,,,,,,,,,,445.4969767500006,445.50605366699165,445.99097158401855,445.99097158401855,445.99097158401855,446.06349437500467,446.06349437500467,446.06349437500467,446.5103544589947,z,0.9986054170003626,None,446.51048904200434,446.5105417089944,None,,,,,,,,,,,,21040099,2,2026-01-15_12h12.40.477,tilt_mocs,2024.2.4,120.82791337127415,2026-01-15 12h12.52.410327 -0500,
-4,0.0,,209,209,0,,,,,0,100,,,,,c-4,noss,1.25,z,1.7253866670071147,None,None,,,,,,,,,,,0,209,209,539,446.52145429200027,,,,,,,,,,,,,,,,,,,,,,,,,,,,,,,,,,,,,,,,,,,,,,,,,,,,,,,,,,,,,,,,,,,,,,446.5128401250113,446.52145429200027,447.7577400839946,447.7577400839946,447.7577400839946,447.8296757090138,447.8296757090138,447.8296757090138,448.2605822090118,z,1.7253866670071147,None,448.2607138750027,448.26076629202,None,,,,,,,,,,,,21040099,2,2026-01-15_12h12.40.477,tilt_mocs,2024.2.4,120.82791337127415,2026-01-15 12h12.52.410327 -0500,
-4,0.0,,210,210,0,,,,,0,100,,,,,c-4,noss,0.75,z,1.289227250003023,None,None,,,,,,,,,,,0,210,210,522,448.2720250840066,,,,,,,,,,,,,,,,,,,,,,,,,,,,,,,,,,,,,,,,,,,,,,,,,,,,,,,,,,,,,,,,,,,,,,448.2630926250131,448.2720250840066,449.00717095899745,449.00717095899745,449.00717095899745,449.08158900000853,449.08158900000853,449.08158900000853,449.5666536670178,z,1.289227250003023,None,449.56678562500747,449.56683829199756,None,,,,,,,,,,,,21040099,2,2026-01-15_12h12.40.477,tilt_mocs,2024.2.4,120.82791337127415,2026-01-15 12h12.52.410327 -0500,
-6,-15.0,,211,211,0,,,,,100,0,,,,,c-6,negs,1.0,z,1.504937042016536,None,None,,,,,,,,,,,0,211,211,316,449.5775198750198,,,,,,,,,,,,,,,,,,,,,,,,,,,,,,,,,,,,,,,,,,,,,,,,,,,,,,,,,,,,,,,,,,,,,,449.5689819169929,449.5775198750198,450.5675448749971,450.5675448749971,450.5675448749971,450.6417042920075,450.6417042920075,450.6417042920075,451.0936922499968,z,1.504937042016536,None,451.0938196250063,451.09387104201596,None,,,,,,,,,,,,21040099,2,2026-01-15_12h12.40.477,tilt_mocs,2024.2.4,120.82791337127415,2026-01-15 12h12.52.410327 -0500,
-2,15.0,,212,212,0,,,,,100,0,,,,,c-2,poss,1.0,z,1.4705856670043431,None,None,,,,,,,,,,,0,212,212,26,451.10528866699315,,,,,,,,,,,,,,,,,,,,,,,,,,,,,,,,,,,,,,,,,,,,,,,,,,,,,,,,,,,,,,,,,,,,,,451.09633150001173,451.10528866699315,452.0912227499939,452.0912227499939,452.0912227499939,452.16341187499347,452.16341187499347,452.16341187499347,452.5877116670017,z,1.4705856670043431,None,452.5878126670141,452.58785370900296,None,,,,,,,,,,,,21040099,2,2026-01-15_12h12.40.477,tilt_mocs,2024.2.4,120.82791337127415,2026-01-15 12h12.52.410327 -0500,
-8,-15.0,,213,213,0,,,,,100,0,,,,,c-8,negs,0.5,z,1.0767516250198241,None,None,,,,,,,,,,,0,213,213,259,452.59438129200134,,,,,,,,,,,,,,,,,,,,,,,,,,,,,,,,,,,,,,,,,,,,,,,,,,,,,,,,,,,,,,,,,,,,,,452.5898502920172,452.59438129200134,453.0837984170066,453.0837984170066,453.0837984170066,453.1583901249978,453.1583901249978,453.1583901249978,453.67700533400057,z,1.0767516250198241,None,453.6771096670127,453.6771500839968,None,,,,,,,,,,,,21040099,2,2026-01-15_12h12.40.477,tilt_mocs,2024.2.4,120.82791337127415,2026-01-15 12h12.52.410327 -0500,
2,15.0,,214,214,0,,,,,100,0,,,,,c+2,poss,0.75,z,1.2372373340185732,None,None,,,,,,,,,,,0,214,214,96,453.68781737500103,,,,,,,,,,,,,,,,,,,,,,,,,,,,,,,,,,,,,,,,,,,,,,,,,,,,,,,,,,,,,,,,,,,,,,453.67909462499665,453.68781737500103,454.42464254199876,454.42464254199876,454.42464254199876,454.4967309590138,454.4967309590138,454.4967309590138,454.92810154199833,z,1.2372373340185732,None,454.9282532920188,454.92832545901183,None,,,,,,,,,,,,21040099,2,2026-01-15_12h12.40.477,tilt_mocs,2024.2.4,120.82791337127415,2026-01-15 12h12.52.410327 -0500,
2,15.0,,215,215,0,,,,,100,0,,,,,c+2,poss,0.75,z,1.3588522500067484,None,None,,,,,,,,,,,0,215,215,95,454.94073862500954,,,,,,,,,,,,,,,,,,,,,,,,,,,,,,,,,,,,,,,,,,,,,,,,,,,,,,,,,,,,,,,,,,,,,,454.9318370420078,454.94073862500954,455.6746857500111,455.6746857500111,455.6746857500111,455.74726195901167,455.74726195901167,455.74726195901167,456.3111858750053,z,1.3588522500067484,None,456.31132641699514,456.3113809589995,None,,,,,,,,,,,,21040099,2,2026-01-15_12h12.40.477,tilt_mocs,2024.2.4,120.82791337127415,2026-01-15 12h12.52.410327 -0500,
-4,0.0,,216,216,0,,,,,0,100,,,,,c-4,noss,0.5,z,1.0256763749930542,None,None,,,,,,,,,,,0,216,216,511,456.323321917007,,,,,,,,,,,,,,,,,,,,,,,,,,,,,,,,,,,,,,,,,,,,,,,,,,,,,,,,,,,,,,,,,,,,,,456.31397004201426,456.323321917007,456.8079775420192,456.8079775420192,456.8079775420192,456.88153783400776,456.88153783400776,456.88153783400776,457.36047304200474,z,1.0256763749930542,None,457.3606034590048,457.3606567920069,None,,,,,,,,,,,,21040099,2,2026-01-15_12h12.40.477,tilt_mocs,2024.2.4,120.82791337127415,2026-01-15 12h12.52.410327 -0500,
0,15.0,,217,217,0,,,,,100,0,,,,,c+0,poss,0.75,z,1.2757270000001881,None,None,,,,,,,,,,,0,217,217,56,457.371677624993,,,,,,,,,,,,,,,,,,,,,,,,,,,,,,,,,,,,,,,,,,,,,,,,,,,,,,,,,,,,,,,,,,,,,,457.36271012501675,457.371677624993,458.10806912500993,458.10806912500993,458.10806912500993,458.17985520901857,458.17985520901857,458.17985520901857,458.6502505840035,z,1.2757270000001881,None,458.6503980839916,458.65045487499447,None,,,,,,,,,,,,21040099,2,2026-01-15_12h12.40.477,tilt_mocs,2024.2.4,120.82791337127415,2026-01-15 12h12.52.410327 -0500,
4,0.0,,218,218,0,,,,,0,100,,,,,c+4,noss,0.5,period,1.047365041973535,None,None,,,,,,,,,,,0,218,218,675,458.66140370900393,,,,,,,,,,,,,,,,,,,,,,,,,,,,,,,,,,,,,,,,,,,,,,,,,,,,,,,,,,,,,,,,,,,,,,458.65307400000165,458.66140370900393,459.15152450001915,459.15152450001915,459.15152450001915,459.2254080839921,459.2254080839921,459.2254080839921,459.71193112499896,period,1.047365041973535,None,459.71207033400424,459.7121227500029,None,,,,,,,,,,,,21040099,2,2026-01-15_12h12.40.477,tilt_mocs,2024.2.4,120.82791337127415,2026-01-15 12h12.52.410327 -0500,
8,15.0,,219,219,0,,,,,100,0,,,,,c+8,poss,1.25,period,1.920092458021827,None,None,,,,,,,,,,,0,219,219,246,459.72407716701855,,,,,,,,,,,,,,,,,,,,,,,,,,,,,,,,,,,,,,,,,,,,,,,,,,,,,,,,,,,,,,,,,,,,,,459.71473574999254,459.72407716701855,460.9574007920164,460.9574007920164,460.9574007920164,461.0304422500194,461.0304422500194,461.0304422500194,461.65067712499877,period,1.920092458021827,None,461.6508019170142,461.6508564169926,None,,,,,,,,,,,,21040099,2,2026-01-15_12h12.40.477,tilt_mocs,2024.2.4,120.82791337127415,2026-01-15 12h12.52.410327 -0500,
4,15.0,,220,220,0,,,,,100,0,,,,,c+4,poss,0.75,z,1.532115125010023,None,None,,,,,,,,,,,0,220,220,143,461.6614588749944,,,,,,,,,,,,,,,,,,,,,,,,,,,,,,,,,,,,,,,,,,,,,,,,,,,,,,,,,,,,,,,,,,,,,,461.65335912501905,461.6614588749944,462.4012058340013,462.4012058340013,462.4012058340013,462.47551470901817,462.47551470901817,462.47551470901817,463.1997542089957,z,1.532115125010023,None,463.1998864170164,463.19994241700624,None,,,,,,,,,,,,21040099,2,2026-01-15_12h12.40.477,tilt_mocs,2024.2.4,120.82791337127415,2026-01-15 12h12.52.410327 -0500,
2,0.0,,221,221,0,,,,,0,100,,,,,c+2,noss,1.0,period,1.4368060000124387,None,None,,,,,,,,,,,0,221,221,653,463.2110814170155,,,,,,,,,,,,,,,,,,,,,,,,,,,,,,,,,,,,,,,,,,,,,,,,,,,,,,,,,,,,,,,,,,,,,,463.2020603340061,463.2110814170155,464.2014492920134,464.2014492920134,464.2014492920134,464.27554958401015,464.27554958401015,464.27554958401015,464.6610998749966,period,1.4368060000124387,None,464.6612273339997,464.6612793340173,None,,,,,,,,,,,,21040099,2,2026-01-15_12h12.40.477,tilt_mocs,2024.2.4,120.82791337127415,2026-01-15 12h12.52.410327 -0500,
-8,-15.0,,222,222,0,,,,,100,0,,,,,c-8,negs,0.5,z,0.9566474590101279,None,None,,,,,,,,,,,0,222,222,260,464.67244270900846,,,,,,,,,,,,,,,,,,,,,,,,,,,,,,,,,,,,,,,,,,,,,,,,,,,,,,,,,,,,,,,,,,,,,,464.6637487919943,464.67244270900846,465.1582620840054,465.1582620840054,465.1582620840054,465.2315062090056,465.2315062090056,465.2315062090056,465.6342776250094,z,0.9566474590101279,None,465.6344558749988,465.6345113340067,None,,,,,,,,,,,,21040099,2,2026-01-15_12h12.40.477,tilt_mocs,2024.2.4,120.82791337127415,2026-01-15 12h12.52.410327 -0500,
4,15.0,,223,223,0,,,,,100,0,,,,,c+4,poss,0.5,z,1.1025227919744793,None,None,,,,,,,,,,,0,223,223,133,465.64537566699437,,,,,,,,,,,,,,,,,,,,,,,,,,,,,,,,,,,,,,,,,,,,,,,,,,,,,,,,,,,,,,,,,,,,,,465.63722112501273,465.64537566699437,466.1344146670017,466.1344146670017,466.1344146670017,466.20888704201207,466.20888704201207,466.20888704201207,466.7510244169971,z,1.1025227919744793,None,466.7511913749913,466.7512473750103,None,,,,,,,,,,,,21040099,2,2026-01-15_12h12.40.477,tilt_mocs,2024.2.4,120.82791337127415,2026-01-15 12h12.52.410327 -0500,
2,-15.0,,224,224,0,,,,,100,0,,,,,c+2,negs,0.5,period,1.0512424590124283,None,None,,,,,,,,,,,0,224,224,470,466.7617320420104,,,,,,,,,,,,,,,,,,,,,,,,,,,,,,,,,,,,,,,,,,,,,,,,,,,,,,,,,,,,,,,,,,,,,,466.75348679200397,466.7617320420104,467.2494804589951,467.2494804589951,467.2494804589951,467.3256813750195,467.3256813750195,467.3256813750195,467.8172853339929,period,1.0512424590124283,None,467.81738266700995,467.81742254199344,None,,,,,,,,,,,,21040099,2,2026-01-15_12h12.40.477,tilt_mocs,2024.2.4,120.82791337127415,2026-01-15 12h12.52.410327 -0500,
-2,15.0,,225,225,0,,,,,100,0,,,,,c-2,poss,0.75,z,1.2529635000100825,None,None,,,,,,,,,,,0,225,225,16,467.82791762499255,,,,,,,,,,,,,,,,,,,,,,,,,,,,,,,,,,,,,,,,,,,,,,,,,,,,,,,,,,,,,,,,,,,,,,467.8193791670201,467.82791762499255,468.5676848750154,468.5676848750154,468.5676848750154,468.6423412919976,468.6423412919976,468.6423412919976,469.08432479199837,z,1.2529635000100825,None,469.08442512500915,469.0844689590158,None,,,,,,,,,,,,21040099,2,2026-01-15_12h12.40.477,tilt_mocs,2024.2.4,120.82791337127415,2026-01-15 12h12.52.410327 -0500,
-2,0.0,,226,226,0,,,,,0,100,,,,,c-2,noss,0.5,z,1.0538876670179889,None,None,,,,,,,,,,,0,226,226,550,469.09492404200137,,,,,,,,,,,,,,,,,,,,,,,,,,,,,,,,,,,,,,,,,,,,,,,,,,,,,,,,,,,,,,,,,,,,,,469.08643554200535,469.09492404200137,469.5848534590041,469.5848534590041,469.5848534590041,469.6590354590153,469.6590354590153,469.6590354590153,470.1613224169996,z,1.0538876670179889,None,470.16145604199846,470.1615074170113,None,,,,,,,,,,,,21040099,2,2026-01-15_12h12.40.477,tilt_mocs,2024.2.4,120.82791337127415,2026-01-15 12h12.52.410327 -0500,
-8,-15.0,,227,227,0,,,,,100,0,,,,,c-8,negs,0.5,z,1.187265959015349,None,None,,,,,,,,,,,0,227,227,261,470.1724496250099,,,,,,,,,,,,,,,,,,,,,,,,,,,,,,,,,,,,,,,,,,,,,,,,,,,,,,,,,,,,,,,,,,,,,,470.16386108400184,470.1724496250099,470.6585547499999,470.6585547499999,470.6585547499999,470.73061558400514,470.73061558400514,470.73061558400514,471.3630190420081,z,1.187265959015349,None,471.36318149999715,471.3632360420015,None,,,,,,,,,,,,21040099,2,2026-01-15_12h12.40.477,tilt_mocs,2024.2.4,120.82791337127415,2026-01-15 12h12.52.410327 -0500,
0,0.0,,228,228,0,,,,,0,100,,,,,c+0,noss,1.25,z,1.9354274589859415,None,None,,,,,,,,,,,0,228,228,624,471.3742328750086,,,,,,,,,,,,,,,,,,,,,,,,,,,,,,,,,,,,,,,,,,,,,,,,,,,,,,,,,,,,,,,,,,,,,,471.36533454200253,471.3742328750086,472.6086419170024,472.6086419170024,472.6086419170024,472.67957587499404,472.67957587499404,472.67957587499404,473.31278591701994,z,1.9354274589859415,None,473.31293008400826,473.31298204199993,None,,,,,,,,,,,,21040099,2,2026-01-15_12h12.40.477,tilt_mocs,2024.2.4,120.82791337127415,2026-01-15 12h12.52.410327 -0500,
2,15.0,,229,229,0,,,,,100,0,,,,,c+2,poss,0.75,z,1.339342833001865,None,None,,,,,,,,,,,0,229,229,101,473.3240071250184,,,,,,,,,,,,,,,,,,,,,,,,,,,,,,,,,,,,,,,,,,,,,,,,,,,,,,,,,,,,,,,,,,,,,,473.31513641701895,473.3240071250184,474.0585924590123,474.0585924590123,474.0585924590123,474.13097508400097,474.13097508400097,474.13097508400097,474.6679967920063,z,1.339342833001865,None,474.668118667003,474.6681711669953,None,,,,,,,,,,,,21040099,2,2026-01-15_12h12.40.477,tilt_mocs,2024.2.4,120.82791337127415,2026-01-15 12h12.52.410327 -0500,
6,15.0,,230,230,0,,,,,100,0,,,,,c+6,poss,0.5,period,1.0340588749968447,None,None,,,,,,,,,,,0,230,230,175,474.6786027920025,,,,,,,,,,,,,,,,,,,,,,,,,,,,,,,,,,,,,,,,,,,,,,,,,,,,,,,,,,,,,,,,,,,,,,474.6702977500099,474.6786027920025,475.1679485840141,475.1679485840141,475.1679485840141,475.24253074999433,475.24253074999433,475.24253074999433,475.7166773340141,period,1.0340588749968447,None,475.7167800840107,475.7168237500009,None,,,,,,,,,,,,21040099,2,2026-01-15_12h12.40.477,tilt_mocs,2024.2.4,120.82791337127415,2026-01-15 12h12.52.410327 -0500,
-4,-15.0,,231,231,0,,,,,100,0,,,,,c-4,negs,0.5,z,1.0593157499970403,None,None,,,,,,,,,,,0,231,231,339,475.7279087920033,,,,,,,,,,,,,,,,,,,,,,,,,,,,,,,,,,,,,,,,,,,,,,,,,,,,,,,,,,,,,,,,,,,,,,475.7188227919978,475.7279087920033,476.2184241670184,476.2184241670184,476.2184241670184,476.29272066699923,476.29272066699923,476.29272066699923,476.7951681250124,z,1.0593157499970403,None,476.7953027090116,476.795355292008,None,,,,,,,,,,,,21040099,2,2026-01-15_12h12.40.477,tilt_mocs,2024.2.4,120.82791337127415,2026-01-15 12h12.52.410327 -0500,
4,0.0,,232,232,0,,,,,0,100,,,,,c+4,noss,1.25,period,1.7532524580019526,None,None,,,,,,,,,,,0,232,232,708,476.8068256670085,,,,,,,,,,,,,,,,,,,,,,,,,,,,,,,,,,,,,,,,,,,,,,,,,,,,,,,,,,,,,,,,,,,,,,476.7976583339914,476.8068256670085,478.04198545901454,478.04198545901454,478.04198545901454,478.1150742089958,478.1150742089958,478.1150742089958,478.571734208992,period,1.7532524580019526,None,478.57183724999777,478.57187829201575,None,,,,,,,,,,,,21040099,2,2026-01-15_12h12.40.477,tilt_mocs,2024.2.4,120.82791337127415,2026-01-15 12h12.52.410327 -0500,
-2,15.0,,233,233,0,,,,,100,0,,,,,c-2,poss,0.75,z,1.4035612500156276,None,None,,,,,,,,,,,0,233,233,11,478.57855554201524,,,,,,,,,,,,,,,,,,,,,,,,,,,,,,,,,,,,,,,,,,,,,,,,,,,,,,,,,,,,,,,,,,,,,,478.5738467920164,478.57855554201524,479.319044459,479.319044459,479.319044459,479.39278812499833,479.39278812499833,479.39278812499833,479.9948958340101,z,1.4035612500156276,None,479.995020250004,479.99507237499347,None,,,,,,,,,,,,21040099,2,2026-01-15_12h12.40.477,tilt_mocs,2024.2.4,120.82791337127415,2026-01-15 12h12.52.410327 -0500,
4,0.0,,234,234,0,,,,,0,100,,,,,c+4,noss,1.0,period,1.5869300829945132,None,None,,,,,,,,,,,0,234,234,698,480.00592645900906,,,,,,,,,,,,,,,,,,,,,,,,,,,,,,,,,,,,,,,,,,,,,,,,,,,,,,,,,,,,,,,,,,,,,,479.9973205419956,480.00592645900906,480.9914880839933,480.9914880839933,480.9914880839933,481.0640958750155,481.0640958750155,481.0640958750155,481.5954932089953,period,1.5869300829945132,None,481.59563645900926,481.59569091701997,None,,,,,,,,,,,,21040099,2,2026-01-15_12h12.40.477,tilt_mocs,2024.2.4,120.82791337127415,2026-01-15 12h12.52.410327 -0500,
-2,15.0,,235,235,0,,,,,100,0,,,,,c-2,poss,1.25,z,1.8853056660154834,None,None,,,,,,,,,,,0,235,235,35,481.607695084007,,,,,,,,,,,,,,,,,,,,,,,,,,,,,,,,,,,,,,,,,,,,,,,,,,,,,,,,,,,,,,,,,,,,,,481.59855545900064,481.607695084007,482.84241295899847,482.84241295899847,482.84241295899847,482.91453341700253,482.91453341700253,482.91453341700253,483.4960199170164,z,1.8853056660154834,None,483.4961842500197,483.49624808400404,None,,,,,,,,,,,,21040099,2,2026-01-15_12h12.40.477,tilt_mocs,2024.2.4,120.82791337127415,2026-01-15 12h12.52.410327 -0500,
4,0.0,,236,236,0,,,,,0,100,,,,,c+4,noss,0.5,period,0.9756286659976467,None,None,,,,,,,,,,,0,236,236,679,483.5078400000057,,,,,,,,,,,,,,,,,,,,,,,,,,,,,,,,,,,,,,,,,,,,,,,,,,,,,,,,,,,,,,,,,,,,,,483.4989174590155,483.5078400000057,483.99251645899494,483.99251645899494,483.99251645899494,484.0645907089929,484.0645907089929,484.0645907089929,484.49589983400074,period,0.9756286659976467,None,484.49603391700657,484.4960877500125,None,,,,,,,,,,,,21040099,2,2026-01-15_12h12.40.477,tilt_mocs,2024.2.4,120.82791337127415,2026-01-15 12h12.52.410327 -0500,
-4,0.0,,237,237,0,,,,,0,100,,,,,c-4,noss,0.75,z,1.2769533749960829,None,None,,,,,,,,,,,0,237,237,525,484.50741645900416,,,,,,,,,,,,,,,,,,,,,,,,,,,,,,,,,,,,,,,,,,,,,,,,,,,,,,,,,,,,,,,,,,,,,,484.4983893750177,484.50741645900416,485.2424410000094,485.2424410000094,485.2424410000094,485.3143800840189,485.3143800840189,485.3143800840189,485.7955291249964,z,1.2769533749960829,None,485.79568858401035,485.795745542011,None,,,,,,,,,,,,21040099,2,2026-01-15_12h12.40.477,tilt_mocs,2024.2.4,120.82791337127415,2026-01-15 12h12.52.410327 -0500,
-2,0.0,,238,238,0,,,,,0,100,,,,,c-2,noss,0.5,z,0.9532596249773633,None,None,,,,,,,,,,,0,238,238,553,485.8075100000133,,,,,,,,,,,,,,,,,,,,,,,,,,,,,,,,,,,,,,,,,,,,,,,,,,,,,,,,,,,,,,,,,,,,,,485.79856720901444,485.8075100000133,486.2924032089941,486.2924032089941,486.2924032089941,486.36477683400153,486.36477683400153,486.36477683400153,486.76708725001663,z,0.9532596249773633,None,486.76721625000937,486.76726650001365,None,,,,,,,,,,,,21040099,2,2026-01-15_12h12.40.477,tilt_mocs,2024.2.4,120.82791337127415,2026-01-15 12h12.52.410327 -0500,
-4,-15.0,,239,239,0,,,,,100,0,,,,,c-4,negs,0.75,period,1.2774530829919968,None,None,,,,,,,,,,,0,239,239,357,486.7784779590147,,,,,,,,,,,,,,,,,,,,,,,,,,,,,,,,,,,,,,,,,,,,,,,,,,,,,,,,,,,,,,,,,,,,,,486.76945779201924,486.7784779590147,487.5183605000202,487.5183605000202,487.5183605000202,487.59300666701165,487.59300666701165,487.59300666701165,488.06192304199794,period,1.2774530829919968,None,488.06204995900043,488.0621014170174,None,,,,,,,,,,,,21040099,2,2026-01-15_12h12.40.477,tilt_mocs,2024.2.4,120.82791337127415,2026-01-15 12h12.52.410327 -0500,
-8,-15.0,,240,240,0,,,,,100,0,,,,,c-8,negs,0.75,z,1.158006249985192,None,None,,,,,,,,,,,0,240,240,272,488.0727565000125,,,,,,,,,,,,,,,,,,,,,,,,,,,,,,,,,,,,,,,,,,,,,,,,,,,,,,,,,,,,,,,,,,,,,,488.064215084014,488.0727565000125,488.80924541701097,488.80924541701097,488.80924541701097,488.89317291701445,488.89317291701445,488.89317291701445,489.23391633399297,z,1.158006249985192,None,489.2340293340094,489.23407129201223,None,,,,,,,,,,,,21040099,2,2026-01-15_12h12.40.477,tilt_mocs,2024.2.4,120.82791337127415,2026-01-15 12h12.52.410327 -0500,
-4,0.0,,241,241,0,,,,,0,100,,,,,c-4,noss,0.75,z,1.1705668339855038,None,None,,,,,,,,,,,0,241,241,524,489.24506629200187,,,,,,,,,,,,,,,,,,,,,,,,,,,,,,,,,,,,,,,,,,,,,,,,,,,,,,,,,,,,,,,,,,,,,,489.2360236670065,489.24506629200187,489.98482895901543,489.98482895901543,489.98482895901543,490.05977254200843,490.05977254200843,490.05977254200843,490.427341542003,z,1.1705668339855038,None,490.4274555000011,490.4275164999999,None,,,,,,,,,,,,21040099,2,2026-01-15_12h12.40.477,tilt_mocs,2024.2.4,120.82791337127415,2026-01-15 12h12.52.410327 -0500,
4,0.0,,242,242,0,,,,,0,100,,,,,c+4,noss,1.0,period,1.5353840840107296,None,None,,,,,,,,,,,0,242,242,695,490.43477137500304,,,,,,,,,,,,,,,,,,,,,,,,,,,,,,,,,,,,,,,,,,,,,,,,,,,,,,,,,,,,,,,,,,,,,,490.42946191699593,490.43477137500304,491.4192833749985,491.4192833749985,491.4192833749985,491.4931336250156,491.4931336250156,491.4931336250156,491.978791542002,period,1.5353840840107296,None,491.978915625019,491.97896654199576,None,,,,,,,,,,,,21040099,2,2026-01-15_12h12.40.477,tilt_mocs,2024.2.4,120.82791337127415,2026-01-15 12h12.52.410327 -0500,
0,0.0,,243,243,0,,,,,0,100,,,,,c+0,noss,1.0,period,1.7285992499964777,None,None,,,,,,,,,,,0,243,243,611,491.98983950002,,,,,,,,,,,,,,,,,,,,,,,,,,,,,,,,,,,,,,,,,,,,,,,,,,,,,,,,,,,,,,,,,,,,,,491.9812286249944,491.98983950002,492.97495704199537,492.97495704199537,492.97495704199537,493.04812945899903,493.04812945899903,493.04812945899903,493.7287690420053,period,1.7285992499964777,None,493.7289155840117,493.72897279201425,None,,,,,,,,,,,,21040099,2,2026-01-15_12h12.40.477,tilt_mocs,2024.2.4,120.82791337127415,2026-01-15 12h12.52.410327 -0500,
2,-15.0,,244,244,0,,,,,100,0,,,,,c+2,negs,1.0,period,1.513831582997227,None,None,,,,,,,,,,,0,244,244,490,493.7410740000196,,,,,,,,,,,,,,,,,,,,,,,,,,,,,,,,,,,,,,,,,,,,,,,,,,,,,,,,,,,,,,,,,,,,,,493.7317018340109,493.7410740000196,494.7263161250157,494.7263161250157,494.7263161250157,494.7984257090138,494.7984257090138,494.7984257090138,495.2621634170064,period,1.513831582997227,None,495.2622892090003,495.26234087499324,None,,,,,,,,,,,,21040099,2,2026-01-15_12h12.40.477,tilt_mocs,2024.2.4,120.82791337127415,2026-01-15 12h12.52.410327 -0500,
0,15.0,,245,245,0,,,,,100,0,,,,,c+0,poss,0.5,z,0.9961554170004092,None,None,,,,,,,,,,,0,245,245,49,495.273199459014,,,,,,,,,,,,,,,,,,,,,,,,,,,,,,,,,,,,,,,,,,,,,,,,,,,,,,,,,,,,,,,,,,,,,,495.2643364590185,495.273199459014,495.759409292019,495.759409292019,495.759409292019,495.83172558399383,495.83172558399383,495.83172558399383,496.2790682920022,z,0.9961554170004092,None,496.27923216699855,496.2792854589934,None,,,,,,,,,,,,21040099,2,2026-01-15_12h12.40.477,tilt_mocs,2024.2.4,120.82791337127415,2026-01-15 12h12.52.410327 -0500,
0,15.0,,246,246,0,,,,,100,0,,,,,c+0,poss,0.5,z,1.0527755839866586,None,None,,,,,,,,,,,0,246,246,52,496.2908705000009,,,,,,,,,,,,,,,,,,,,,,,,,,,,,,,,,,,,,,,,,,,,,,,,,,,,,,,,,,,,,,,,,,,,,,496.28196758401464,496.2908705000009,496.7761454170104,496.7761454170104,496.7761454170104,496.8479787920078,496.8479787920078,496.8479787920078,497.34616220899625,z,1.0527755839866586,None,497.34628825000254,497.3463393340062,None,,,,,,,,,,,,21040099,2,2026-01-15_12h12.40.477,tilt_mocs,2024.2.4,120.82791337127415,2026-01-15 12h12.52.410327 -0500,
0,15.0,,247,247,0,,,,,100,0,,,,,c+0,poss,1.25,z,1.7940987500187475,None,None,,,,,,,,,,,0,247,247,79,497.35758041701047,,,,,,,,,,,,,,,,,,,,,,,,,,,,,,,,,,,,,,,,,,,,,,,,,,,,,,,,,,,,,,,,,,,,,,497.34875412500696,497.35758041701047,498.5929023339995,498.5929023339995,498.5929023339995,498.66590420901775,498.66590420901775,498.66590420901775,499.1626723340014,z,1.7940987500187475,None,499.162836375006,499.1628846669919,None,,,,,,,,,,,,21040099,2,2026-01-15_12h12.40.477,tilt_mocs,2024.2.4,120.82791337127415,2026-01-15 12h12.52.410327 -0500,
0,-15.0,,248,248,0,,,,,100,0,,,,,c+0,negs,0.5,period,1.1199019589985255,None,None,,,,,,,,,,,0,248,248,426,499.1746293750184,,,,,,,,,,,,,,,,,,,,,,,,,,,,,,,,,,,,,,,,,,,,,,,,,,,,,,,,,,,,,,,,,,,,,,499.16551629200694,499.1746293750184,499.65953316699597,499.65953316699597,499.65953316699597,499.7317205420113,499.7317205420113,499.7317205420113,500.30089725001017,period,1.1199019589985255,None,500.3010271670064,500.301078709017,None,,,,,,,,,,,,21040099,2,2026-01-15_12h12.40.477,tilt_mocs,2024.2.4,120.82791337127415,2026-01-15 12h12.52.410327 -0500,
-6,-15.0,,249,249,0,,,,,100,0,,,,,c-6,negs,0.5,z,1.0237250000063796,None,None,,,,,,,,,,,0,249,249,296,500.3120671249926,,,,,,,,,,,,,,,,,,,,,,,,,,,,,,,,,,,,,,,,,,,,,,,,,,,,,,,,,,,,,,,,,,,,,,500.3030526670045,500.3120671249926,500.80117150000297,500.80117150000297,500.80117150000297,500.8768764169945,500.8768764169945,500.8768764169945,501.34574554199935,z,1.0237250000063796,None,501.3458977919945,501.34604762500385,None,,,,,,,,,,,,21040099,2,2026-01-15_12h12.40.477,tilt_mocs,2024.2.4,120.82791337127415,2026-01-15 12h12.52.410327 -0500,
0,-15.0,,250,250,0,,,,,100,0,,,,,c+0,negs,1.0,period,1.6044062500004657,None,None,,,,,,,,,,,0,250,250,446,501.3571154999954,,,,,,,,,,,,,,,,,,,,,,,,,,,,,,,,,,,,,,,,,,,,,,,,,,,,,,,,,,,,,,,,,,,,,,501.3485080419923,501.3571154999954,502.3429028340033,502.3429028340033,502.3429028340033,502.4148872499936,502.4148872499936,502.4148872499936,502.96832687500864,period,1.6044062500004657,None,502.96845212500193,502.9685027920059,None,,,,,,,,,,,,21040099,2,2026-01-15_12h12.40.477,tilt_mocs,2024.2.4,120.82791337127415,2026-01-15 12h12.52.410327 -0500,
0,-15.0,,251,251,0,,,,,100,0,,,,,c+0,negs,0.5,period,1.5658037919783965,None,None,,,,,,,,,,,0,251,251,420,502.979431417014,,,,,,,,,,,,,,,,,,,,,,,,,,,,,,,,,,,,,,,,,,,,,,,,,,,,,,,,,,,,,,,,,,,,,,502.97073029199964,502.979431417014,503.46972379201907,503.46972379201907,503.46972379201907,503.5436867499957,503.5436867499957,503.5436867499957,504.55067279201467,period,1.5658037919783965,None,504.55082216701703,504.5508921669971,None,,,,,,,,,,,,21040099,2,2026-01-15_12h12.40.477,tilt_mocs,2024.2.4,120.82791337127415,2026-01-15 12h12.52.410327 -0500,
4,0.0,,252,252,0,,,,,0,100,,,,,c+4,noss,1.0,period,1.6154844580159988,None,None,,,,,,,,,,,0,252,252,700,504.56240799999796,,,,,,,,,,,,,,,,,,,,,,,,,,,,,,,,,,,,,,,,,,,,,,,,,,,,,,,,,,,,,,,,,,,,,,504.55327312499867,504.56240799999796,505.55258191699977,505.55258191699977,505.55258191699977,505.6269965840038,505.6269965840038,505.6269965840038,506.190315209009,period,1.6154844580159988,None,506.19041454201215,506.19045441699564,None,,,,,,,,,,,,21040099,2,2026-01-15_12h12.40.477,tilt_mocs,2024.2.4,120.82791337127415,2026-01-15 12h12.52.410327 -0500,
4,15.0,,253,253,0,,,,,100,0,,,,,c+4,poss,1.25,z,1.8387782910140231,None,None,,,,,,,,,,,0,253,253,164,506.1969652920088,,,,,,,,,,,,,,,,,,,,,,,,,,,,,,,,,,,,,,,,,,,,,,,,,,,,,,,,,,,,,,,,,,,,,,506.19245912501356,506.1969652920088,507.43623058401863,507.43623058401863,507.43623058401863,507.5103167920024,507.5103167920024,507.5103167920024,508.0459305419936,z,1.8387782910140231,None,508.0460610000009,508.04611304201535,None,,,,,,,,,,,,21040099,2,2026-01-15_12h12.40.477,tilt_mocs,2024.2.4,120.82791337127415,2026-01-15 12h12.52.410327 -0500,
4,15.0,,254,254,0,,,,,100,0,,,,,c+4,poss,0.5,z,1.1901375000015832,None,None,,,,,,,,,,,0,254,254,126,508.0566831250035,,,,,,,,,,,,,,,,,,,,,,,,,,,,,,,,,,,,,,,,,,,,,,,,,,,,,,,,,,,,,,,,,,,,,,508.0482268340129,508.0566831250035,508.54321016700123,508.54321016700123,508.54321016700123,508.615682750009,508.615682750009,508.615682750009,509.26303354199626,z,1.1901375000015832,None,509.26318533401354,509.2632365000027,None,,,,,,,,,,,,21040099,2,2026-01-15_12h12.40.477,tilt_mocs,2024.2.4,120.82791337127415,2026-01-15 12h12.52.410327 -0500,
-2,-15.0,,255,255,0,,,,,100,0,,,,,c-2,negs,1.0,z,1.621451499988325,None,None,,,,,,,,,,,0,255,255,400,509.2751520840102,,,,,,,,,,,,,,,,,,,,,,,,,,,,,,,,,,,,,,,,,,,,,,,,,,,,,,,,,,,,,,,,,,,,,,509.2660845420032,509.2751520840102,510.2590478339989,510.2590478339989,510.2590478339989,510.3317008750164,510.3317008750164,510.3317008750164,510.9028791669989,z,1.621451499988325,None,510.9030085419945,510.9030619590194,None,,,,,,,,,,,,21040099,2,2026-01-15_12h12.40.477,tilt_mocs,2024.2.4,120.82791337127415,2026-01-15 12h12.52.410327 -0500,
0,0.0,,256,256,0,,,,,0,100,,,,,c+0,noss,1.25,z,1.7472747080028057,None,None,,,,,,,,,,,0,256,256,620,510.91381708401605,,,,,,,,,,,,,,,,,,,,,,,,,,,,,,,,,,,,,,,,,,,,,,,,,,,,,,,,,,,,,,,,,,,,,,510.90562783399946,510.91381708401605,512.1529380420106,512.1529380420106,512.1529380420106,512.2273935000121,512.2273935000121,512.2273935000121,512.6639042090101,z,1.7472747080028057,None,512.6641573340166,512.6642583750072,None,,,,,,,,,,,,21040099,2,2026-01-15_12h12.40.477,tilt_mocs,2024.2.4,120.82791337127415,2026-01-15 12h12.52.410327 -0500,
6,15.0,,257,257,0,,,,,100,0,,,,,c+6,poss,1.25,period,1.8524610830063466,None,None,,,,,,,,,,,0,257,257,206,512.6757919590164,,,,,,,,,,,,,,,,,,,,,,,,,,,,,,,,,,,,,,,,,,,,,,,,,,,,,,,,,,,,,,,,,,,,,,512.6668031669979,512.6757919590164,513.9100246250164,513.9100246250164,513.9100246250164,513.9823670000187,513.9823670000187,513.9823670000187,514.5403446670098,period,1.8524610830063466,None,514.5404634170118,514.5405042089988,None,,,,,,,,,,,,21040099,2,2026-01-15_12h12.40.477,tilt_mocs,2024.2.4,120.82791337127415,2026-01-15 12h12.52.410327 -0500,
4,15.0,,258,258,0,,,,,100,0,,,,,c+4,poss,1.25,period,1.8834860829811078,None,None,,,,,,,,,,,0,258,258,162,514.5468849590106,,,,,,,,,,,,,,,,,,,,,,,,,,,,,,,,,,,,,,,,,,,,,,,,,,,,,,,,,,,,,,,,,,,,,,514.5424957089999,514.5468849590106,515.7865075420123,515.7865075420123,515.7865075420123,515.8604674999951,515.8604674999951,515.8604674999951,516.4352190000063,period,1.8834860829811078,None,516.4353223750077,516.4353645000083,None,,,,,,,,,,,,21040099,2,2026-01-15_12h12.40.477,tilt_mocs,2024.2.4,120.82791337127415,2026-01-15 12h12.52.410327 -0500,
-8,-15.0,,259,259,0,,,,,100,0,,,,,c-8,negs,0.5,z,1.024548292014515,None,None,,,,,,,,,,,0,259,259,257,516.4463171669922,,,,,,,,,,,,,,,,,,,,,,,,,,,,,,,,,,,,,,,,,,,,,,,,,,,,,,,,,,,,,,,,,,,,,,516.4373148340092,516.4463171669922,516.936394459015,516.936394459015,516.936394459015,517.0107940000016,517.0107940000016,517.0107940000016,517.4796284589975,z,1.024548292014515,None,517.4797315420001,517.4797739170026,None,,,,,,,,,,,,21040099,2,2026-01-15_12h12.40.477,tilt_mocs,2024.2.4,120.82791337127415,2026-01-15 12h12.52.410327 -0500,
8,15.0,,260,260,0,,,,,100,0,,,,,c+8,poss,0.75,period,1.6373112500004936,None,None,,,,,,,,,,,0,260,260,225,517.490393709013,,,,,,,,,,,,,,,,,,,,,,,,,,,,,,,,,,,,,,,,,,,,,,,,,,,,,,,,,,,,,,,,,,,,,,517.4817575000052,517.490393709013,518.2269045420107,518.2269045420107,518.2269045420107,518.2992380420037,518.2992380420037,518.2992380420037,519.1307385420077,period,1.6373112500004936,None,519.1308898339921,519.1309450000117,None,,,,,,,,,,,,21040099,2,2026-01-15_12h12.40.477,tilt_mocs,2024.2.4,120.82791337127415,2026-01-15 12h12.52.410327 -0500,
-2,15.0,,261,261,0,,,,,100,0,,,,,c-2,poss,0.75,z,1.319204291998176,None,None,,,,,,,,,,,0,261,261,19,519.1431175000034,,,,,,,,,,,,,,,,,,,,,,,,,,,,,,,,,,,,,,,,,,,,,,,,,,,,,,,,,,,,,,,,,,,,,,519.1342264999985,519.1431175000034,519.8769706670137,519.8769706670137,519.8769706670137,519.9491015000094,519.9491015000094,519.9491015000094,520.4695933340117,z,1.319204291998176,None,520.4697184170072,520.4697726670129,None,,,,,,,,,,,,21040099,2,2026-01-15_12h12.40.477,tilt_mocs,2024.2.4,120.82791337127415,2026-01-15 12h12.52.410327 -0500,
8,15.0,,262,262,0,,,,,100,0,,,,,c+8,poss,1.0,period,1.5771227500226814,None,None,,,,,,,,,,,0,262,262,233,520.4802938339999,,,,,,,,,,,,,,,,,,,,,,,,,,,,,,,,,,,,,,,,,,,,,,,,,,,,,,,,,,,,,,,,,,,,,,520.4719161670073,520.4802938339999,521.4698050839943,521.4698050839943,521.4698050839943,521.5431593749963,521.5431593749963,521.5431593749963,522.0629908750125,period,1.5771227500226814,None,522.0631439170102,522.063197667012,None,,,,,,,,,,,,21040099,2,2026-01-15_12h12.40.477,tilt_mocs,2024.2.4,120.82791337127415,2026-01-15 12h12.52.410327 -0500,
8,15.0,,263,263,0,,,,,100,0,,,,,c+8,poss,1.25,period,1.7583120000199415,None,None,,,,,,,,,,,0,263,263,247,522.0753430000041,,,,,,,,,,,,,,,,,,,,,,,,,,,,,,,,,,,,,,,,,,,,,,,,,,,,,,,,,,,,,,,,,,,,,,522.0661042499996,522.0753430000041,523.3106420840195,523.3106420840195,523.3106420840195,523.3817484590109,523.3817484590109,523.3817484590109,523.8448153340141,period,1.7583120000199415,None,523.8449194589921,523.8449593340047,None,,,,,,,,,,,,21040099,2,2026-01-15_12h12.40.477,tilt_mocs,2024.2.4,120.82791337127415,2026-01-15 12h12.52.410327 -0500,
-6,-15.0,,264,264,0,,,,,100,0,,,,,c-6,negs,1.25,z,1.8341082090046257,None,None,,,,,,,,,,,0,264,264,334,523.8523751250177,,,,,,,,,,,,,,,,,,,,,,,,,,,,,,,,,,,,,,,,,,,,,,,,,,,,,,,,,,,,,,,,,,,,,,523.8469093750173,523.8523751250177,525.0865481670189,525.0865481670189,525.0865481670189,525.1610654590186,525.1610654590186,525.1610654590186,525.6967397500121,z,1.8341082090046257,None,525.6968842089991,525.6969365419936,None,,,,,,,,,,,,21040099,2,2026-01-15_12h12.40.477,tilt_mocs,2024.2.4,120.82791337127415,2026-01-15 12h12.52.410327 -0500,
0,0.0,,265,265,0,,,,,0,100,,,,,c+0,noss,1.25,z,1.8136473330087028,None,None,,,,,,,,,,,0,265,265,622,525.7077682090166,,,,,,,,,,,,,,,,,,,,,,,,,,,,,,,,,,,,,,,,,,,,,,,,,,,,,,,,,,,,,,,,,,,,,,525.6993230840017,525.7077682090166,526.9439688340062,526.9439688340062,526.9439688340062,527.0158990420168,527.0158990420168,527.0158990420168,527.5300461669976,z,1.8136473330087028,None,527.5302087920136,527.5302603750024,None,,,,,,,,,,,,21040099,2,2026-01-15_12h12.40.477,tilt_mocs,2024.2.4,120.82791337127415,2026-01-15 12h12.52.410327 -0500,
4,15.0,,266,266,0,,,,,100,0,,,,,c+4,poss,1.25,z,1.8684194999805186,None,None,,,,,,,,,,,0,266,266,160,527.5423695420031,,,,,,,,,,,,,,,,,,,,,,,,,,,,,,,,,,,,,,,,,,,,,,,,,,,,,,,,,,,,,,,,,,,,,,527.5331944590143,527.5423695420031,528.7772620840115,528.7772620840115,528.7772620840115,528.8493170840084,528.8493170840084,528.8493170840084,529.4133225840051,z,1.8684194999805186,None,529.4134268340131,529.4134675840032,None,,,,,,,,,,,,21040099,2,2026-01-15_12h12.40.477,tilt_mocs,2024.2.4,120.82791337127415,2026-01-15 12h12.52.410327 -0500,
6,15.0,,267,267,0,,,,,100,0,,,,,c+6,poss,0.5,z,1.1497408330033068,None,None,,,,,,,,,,,0,267,267,170,529.4240272089955,,,,,,,,,,,,,,,,,,,,,,,,,,,,,,,,,,,,,,,,,,,,,,,,,,,,,,,,,,,,,,,,,,,,,,529.41542200002,529.4240272089955,529.9107218339923,529.9107218339923,529.9107218339923,529.9827932920016,529.9827932920016,529.9827932920016,530.5799636250013,z,1.1497408330033068,None,530.5800690420147,530.5801085839921,None,,,,,,,,,,,,21040099,2,2026-01-15_12h12.40.477,tilt_mocs,2024.2.4,120.82791337127415,2026-01-15 12h12.52.410327 -0500,
4,15.0,,268,268,0,,,,,100,0,,,,,c+4,poss,0.75,z,1.5875803749950137,None,None,,,,,,,,,,,0,268,268,142,530.590878499992,,,,,,,,,,,,,,,,,,,,,,,,,,,,,,,,,,,,,,,,,,,,,,,,,,,,,,,,,,,,,,,,,,,,,,530.5820806249976,530.590878499992,531.3274096249952,531.3274096249952,531.3274096249952,531.3992992920103,531.3992992920103,531.3992992920103,532.1813508339983,z,1.5875803749950137,None,532.1815060840163,532.1815597499954,None,,,,,,,,,,,,21040099,2,2026-01-15_12h12.40.477,tilt_mocs,2024.2.4,120.82791337127415,2026-01-15 12h12.52.410327 -0500,
4,0.0,,269,269,0,,,,,0,100,,,,,c+4,noss,1.25,period,1.6925061249930877,None,None,,,,,,,,,,,0,269,269,712,532.1927678750071,,,,,,,,,,,,,,,,,,,,,,,,,,,,,,,,,,,,,,,,,,,,,,,,,,,,,,,,,,,,,,,,,,,,,,532.1837707920058,532.1927678750071,533.4275027090043,533.4275027090043,533.4275027090043,533.4996841250104,533.4996841250104,533.4996841250104,533.8967160000175,period,1.6925061249930877,None,533.8968503749929,533.8969018750067,None,,,,,,,,,,,,21040099,2,2026-01-15_12h12.40.477,tilt_mocs,2024.2.4,120.82791337127415,2026-01-15 12h12.52.410327 -0500,
0,-15.0,,270,270,0,,,,,100,0,,,,,c+0,negs,0.5,period,0.9040757910115644,None,None,,,,,,,,,,,0,270,270,427,533.9077410419995,,,,,,,,,,,,,,,,,,,,,,,,,,,,,,,,,,,,,,,,,,,,,,,,,,,,,,,,,,,,,,,,,,,,,,533.8990290840156,533.9077410419995,534.3942028339952,534.3942028339952,534.3942028339952,534.4670971250162,534.4670971250162,534.4670971250162,534.815058334003,period,0.9040757910115644,None,534.8152107089991,534.8152617920132,None,,,,,,,,,,,,21040099,2,2026-01-15_12h12.40.477,tilt_mocs,2024.2.4,120.82791337127415,2026-01-15 12h12.52.410327 -0500,
0,0.0,,271,271,0,,,,,0,100,,,,,c+0,noss,1.25,z,1.8570324169995729,None,None,,,,,,,,,,,0,271,271,621,534.8268745419919,,,,,,,,,,,,,,,,,,,,,,,,,,,,,,,,,,,,,,,,,,,,,,,,,,,,,,,,,,,,,,,,,,,,,,534.8178539590153,534.8268745419919,536.0609078340058,536.0609078340058,536.0609078340058,536.1328772090201,536.1328772090201,536.1328772090201,536.6868920839916,z,1.8570324169995729,None,536.6870324590127,536.6870837919996,None,,,,,,,,,,,,21040099,2,2026-01-15_12h12.40.477,tilt_mocs,2024.2.4,120.82791337127415,2026-01-15 12h12.52.410327 -0500,
-2,15.0,,272,272,0,,,,,100,0,,,,,c-2,poss,1.0,z,1.451692832983099,None,None,,,,,,,,,,,0,272,272,23,536.6974576250068,,,,,,,,,,,,,,,,,,,,,,,,,,,,,,,,,,,,,,,,,,,,,,,,,,,,,,,,,,,,,,,,,,,,,,536.6892553340003,536.6974576250068,537.6872219590005,537.6872219590005,537.6872219590005,537.7615220000152,537.7615220000152,537.7615220000152,538.1524656669935,z,1.451692832983099,None,538.1525602500187,538.1526001250022,None,,,,,,,,,,,,21040099,2,2026-01-15_12h12.40.477,tilt_mocs,2024.2.4,120.82791337127415,2026-01-15 12h12.52.410327 -0500,
-2,15.0,,273,273,0,,,,,100,0,,,,,c-2,poss,1.0,z,1.5114232080231886,None,None,,,,,,,,,,,0,273,273,27,538.1635256670124,,,,,,,,,,,,,,,,,,,,,,,,,,,,,,,,,,,,,,,,,,,,,,,,,,,,,,,,,,,,,,,,,,,,,,538.1545401670155,538.1635256670124,539.1541375840025,539.1541375840025,539.1541375840025,539.2281641250011,539.2281641250011,539.2281641250011,539.68062233401,z,1.5114232080231886,None,539.6807765840204,539.6808306250023,None,,,,,,,,,,,,21040099,2,2026-01-15_12h12.40.477,tilt_mocs,2024.2.4,120.82791337127415,2026-01-15 12h12.52.410327 -0500,
-2,-15.0,,274,274,0,,,,,100,0,,,,,c-2,negs,0.5,period,1.1740962920011953,None,None,,,,,,,,,,,0,274,274,386,539.6930565840157,,,,,,,,,,,,,,,,,,,,,,,,,,,,,,,,,,,,,,,,,,,,,,,,,,,,,,,,,,,,,,,,,,,,,,539.6837410420121,539.6930565840157,540.1777581250062,540.1777581250062,540.1777581250062,540.249481167004,540.249481167004,540.249481167004,540.8780293340096,period,1.1740962920011953,None,540.8781451669929,540.8782043340034,None,,,,,,,,,,,,21040099,2,2026-01-15_12h12.40.477,tilt_mocs,2024.2.4,120.82791337127415,2026-01-15 12h12.52.410327 -0500,
-8,-15.0,,275,275,0,,,,,100,0,,,,,c-8,negs,1.25,z,1.9308860000164714,None,None,,,,,,,,,,,0,275,275,290,540.8856422500103,,,,,,,,,,,,,,,,,,,,,,,,,,,,,,,,,,,,,,,,,,,,,,,,,,,,,,,,,,,,,,,,,,,,,,540.8801640839956,540.8856422500103,542.120945208997,542.120945208997,542.120945208997,542.1949713749927,542.1949713749927,542.1949713749927,542.8192733339965,z,1.9308860000164714,None,542.819396750012,542.8194457089994,None,,,,,,,,,,,,21040099,2,2026-01-15_12h12.40.477,tilt_mocs,2024.2.4,120.82791337127415,2026-01-15 12h12.52.410327 -0500,
-2,0.0,,276,276,0,,,,,0,100,,,,,c-2,noss,0.75,z,1.332835541019449,None,None,,,,,,,,,,,0,276,276,565,542.8304202090076,,,,,,,,,,,,,,,,,,,,,,,,,,,,,,,,,,,,,,,,,,,,,,,,,,,,,,,,,,,,,,,,,,,,,,542.8213694590086,542.8304202090076,543.5703466669947,543.5703466669947,543.5703466669947,543.6450314999965,543.6450314999965,543.6450314999965,544.1673028340156,z,1.332835541019449,None,544.167420792015,544.1674703750177,None,,,,,,,,,,,,21040099,2,2026-01-15_12h12.40.477,tilt_mocs,2024.2.4,120.82791337127415,2026-01-15 12h12.52.410327 -0500,
0,15.0,,277,277,0,,,,,100,0,,,,,c+0,poss,1.25,z,1.740732542006299,None,None,,,,,,,,,,,0,277,277,81,544.1780947920051,,,,,,,,,,,,,,,,,,,,,,,,,,,,,,,,,,,,,,,,,,,,,,,,,,,,,,,,,,,,,,,,,,,,,,544.1696269999957,544.1780947920051,545.4112523340154,545.4112523340154,545.4112523340154,545.4832003340125,545.4832003340125,545.4832003340125,545.9314676249924,z,1.740732542006299,None,545.9315678339917,545.931609124993,None,,,,,,,,,,,,21040099,2,2026-01-15_12h12.40.477,tilt_mocs,2024.2.4,120.82791337127415,2026-01-15 12h12.52.410327 -0500,
4,0.0,,278,278,0,,,,,0,100,,,,,c+4,noss,1.0,z,1.5559070839954074,None,None,,,,,,,,,,,0,278,278,702,545.9449544590025,,,,,,,,,,,,,,,,,,,,,,,,,,,,,,,,,,,,,,,,,,,,,,,,,,,,,,,,,,,,,,,,,,,,,,545.9335755420034,545.9449544590025,546.9279464170104,546.9279464170104,546.9279464170104,547.0007799589948,547.0007799589948,547.0007799589948,547.5033684170048,z,1.5559070839954074,None,547.5034880420135,547.50353008401,None,,,,,,,,,,,,21040099,2,2026-01-15_12h12.40.477,tilt_mocs,2024.2.4,120.82791337127415,2026-01-15 12h12.52.410327 -0500,
-6,-15.0,,279,279,0,,,,,100,0,,,,,c-6,negs,1.0,z,1.4718611249991227,None,None,,,,,,,,,,,0,279,279,318,547.5143118750129,,,,,,,,,,,,,,,,,,,,,,,,,,,,,,,,,,,,,,,,,,,,,,,,,,,,,,,,,,,,,,,,,,,,,,547.5054993340163,547.5143118750129,548.5042389169976,548.5042389169976,548.5042389169976,548.5783707090013,548.5783707090013,548.5783707090013,548.997430709016,z,1.4718611249991227,None,548.997595666995,548.997649166995,None,,,,,,,,,,,,21040099,2,2026-01-15_12h12.40.477,tilt_mocs,2024.2.4,120.82791337127415,2026-01-15 12h12.52.410327 -0500,
2,0.0,,280,280,0,,,,,0,100,,,,,c+2,noss,1.0,period,1.5066143340081908,None,None,,,,,,,,,,,0,280,280,658,549.0092363750155,,,,,,,,,,,,,,,,,,,,,,,,,,,,,,,,,,,,,,,,,,,,,,,,,,,,,,,,,,,,,,,,,,,,,,549.000532917009,549.0092363750155,549.9947619590093,549.9947619590093,549.9947619590093,550.0666464999958,550.0666464999958,550.0666464999958,550.5197383750055,period,1.5066143340081908,None,550.5198421670066,550.5198852090107,None,,,,,,,,,,,,21040099,2,2026-01-15_12h12.40.477,tilt_mocs,2024.2.4,120.82791337127415,2026-01-15 12h12.52.410327 -0500,
0,-15.0,,281,281,0,,,,,100,0,,,,,c+0,negs,1.25,z,2.40162987500662,None,None,,,,,,,,,,,0,281,281,458,550.5308076250076,,,,,,,,,,,,,,,,,,,,,,,,,,,,,,,,,,,,,,,,,,,,,,,,,,,,,,,,,,,,,,,,,,,,,,550.5218129589921,550.5308076250076,551.7711361249967,551.7711361249967,551.7711361249967,551.845169334003,551.845169334003,551.845169334003,552.9370571670006,z,2.40162987500662,None,552.9371585840126,552.9372040000162,None,,,,,,,,,,,,21040099,2,2026-01-15_12h12.40.477,tilt_mocs,2024.2.4,120.82791337127415,2026-01-15 12h12.52.410327 -0500,
-4,0.0,,282,282,0,,,,,0,100,,,,,c-4,noss,0.75,z,1.3490504169894848,None,None,,,,,,,,,,,0,282,282,521,552.9476182090002,,,,,,,,,,,,,,,,,,,,,,,,,,,,,,,,,,,,,,,,,,,,,,,,,,,,,,,,,,,,,,,,,,,,,,552.9391766250192,552.9476182090002,553.6881465839979,553.6881465839979,553.6881465839979,553.7619770000165,553.7619770000165,553.7619770000165,554.3034141669923,z,1.3490504169894848,None,554.3035336250032,554.3035881250107,None,,,,,,,,,,,,21040099,2,2026-01-15_12h12.40.477,tilt_mocs,2024.2.4,120.82791337127415,2026-01-15 12h12.52.410327 -0500,
-6,-15.0,,283,283,0,,,,,100,0,,,,,c-6,negs,1.0,z,1.50803183298558,None,None,,,,,,,,,,,0,283,283,324,554.3146172919951,,,,,,,,,,,,,,,,,,,,,,,,,,,,,,,,,,,,,,,,,,,,,,,,,,,,,,,,,,,,,,,,,,,,,,554.3056975000072,554.3146172919951,555.3053395840107,555.3053395840107,555.3053395840107,555.3788669999922,555.3788669999922,555.3788669999922,555.8318359169934,z,1.50803183298558,None,555.8319922090159,555.8320614999975,None,,,,,,,,,,,,21040099,2,2026-01-15_12h12.40.477,tilt_mocs,2024.2.4,120.82791337127415,2026-01-15 12h12.52.410327 -0500,
8,15.0,,284,284,0,,,,,100,0,,,,,c+8,poss,0.5,period,1.0857492909999564,None,None,,,,,,,,,,,0,284,284,219,555.8434802920092,,,,,,,,,,,,,,,,,,,,,,,,,,,,,,,,,,,,,,,,,,,,,,,,,,,,,,,,,,,,,,,,,,,,,,555.8346401670133,555.8434802920092,556.3283254170092,556.3283254170092,556.3283254170092,556.4003934999928,556.4003934999928,556.4003934999928,556.9325380840164,period,1.0857492909999564,None,556.9326750840119,556.9327260839927,None,,,,,,,,,,,,21040099,2,2026-01-15_12h12.40.477,tilt_mocs,2024.2.4,120.82791337127415,2026-01-15 12h12.52.410327 -0500,
2,0.0,,285,285,0,,,,,0,100,,,,,c+2,noss,0.5,period,1.060819915990578,None,None,,,,,,,,,,,0,285,285,637,556.9442494999967,,,,,,,,,,,,,,,,,,,,,,,,,,,,,,,,,,,,,,,,,,,,,,,,,,,,,,,,,,,,,,,,,,,,,,556.9352459170041,556.9442494999967,557.427517959004,557.427517959004,557.427517959004,557.5013692089997,557.5013692089997,557.5013692089997,558.0144415840041,period,1.060819915990578,None,558.0145696249965,558.014622000017,None,,,,,,,,,,,,21040099,2,2026-01-15_12h12.40.477,tilt_mocs,2024.2.4,120.82791337127415,2026-01-15 12h12.52.410327 -0500,
-2,15.0,,286,286,0,,,,,100,0,,,,,c-2,poss,1.0,z,1.4963296659989282,None,None,,,,,,,,,,,0,286,286,24,558.0261063750077,,,,,,,,,,,,,,,,,,,,,,,,,,,,,,,,,,,,,,,,,,,,,,,,,,,,,,,,,,,,,,,,,,,,,,558.0171512500092,558.0261063750077,559.010850709019,559.010850709019,559.010850709019,559.0837699999975,559.0837699999975,559.0837699999975,559.5312255840108,z,1.4963296659989282,None,559.5313577500056,559.5314101669937,None,,,,,,,,,,,,21040099,2,2026-01-15_12h12.40.477,tilt_mocs,2024.2.4,120.82791337127415,2026-01-15 12h12.52.410327 -0500,
-6,-15.0,,287,287,0,,,,,100,0,,,,,c-6,negs,1.25,z,1.8294096659810748,None,None,,,,,,,,,,,0,287,287,335,559.5425697920145,,,,,,,,,,,,,,,,,,,,,,,,,,,,,,,,,,,,,,,,,,,,,,,,,,,,,,,,,,,,,,,,,,,,,,559.5337972920097,559.5425697920145,560.7784472090134,560.7784472090134,560.7784472090134,560.8514645420073,560.8514645420073,560.8514645420073,561.3818236670049,z,1.8294096659810748,None,561.3819693340047,561.3820232920116,None,,,,,,,,,,,,21040099,2,2026-01-15_12h12.40.477,tilt_mocs,2024.2.4,120.82791337127415,2026-01-15 12h12.52.410327 -0500,
0,0.0,,288,288,0,,,,,0,100,,,,,c+0,noss,0.5,z,1.179732624994358,None,None,,,,,,,,,,,0,288,288,597,561.3930539590074,,,,,,,,,,,,,,,,,,,,,,,,,,,,,,,,,,,,,,,,,,,,,,,,,,,,,,,,,,,,,,,,,,,,,,561.3842192089942,561.3930539590074,561.8785300420132,561.8785300420132,561.8785300420132,561.9497960419976,561.9497960419976,561.9497960419976,562.5812913750124,z,1.179732624994358,None,562.5814203339978,562.5814741250069,None,,,,,,,,,,,,21040099,2,2026-01-15_12h12.40.477,tilt_mocs,2024.2.4,120.82791337127415,2026-01-15 12h12.52.410327 -0500,
-2,0.0,,289,289,0,,,,,0,100,,,,,c-2,noss,1.0,z,1.5963696670078207,None,None,,,,,,,,,,,0,289,289,568,562.5921218750009,,,,,,,,,,,,,,,,,,,,,,,,,,,,,,,,,,,,,,,,,,,,,,,,,,,,,,,,,,,,,,,,,,,,,,562.583961708995,562.5921218750009,563.5784594170109,563.5784594170109,563.5784594170109,563.6507109590166,563.6507109590166,563.6507109590166,564.1978787920089,z,1.5963696670078207,None,564.1980447090173,564.1981039590028,None,,,,,,,,,,,,21040099,2,2026-01-15_12h12.40.477,tilt_mocs,2024.2.4,120.82791337127415,2026-01-15 12h12.52.410327 -0500,
4,0.0,,290,290,0,,,,,0,100,,,,,c+4,noss,1.0,period,1.58197295901482,None,None,,,,,,,,,,,0,290,290,703,564.2101492499933,,,,,,,,,,,,,,,,,,,,,,,,,,,,,,,,,,,,,,,,,,,,,,,,,,,,,,,,,,,,,,,,,,,,,,564.2010532089917,564.2101492499933,565.1942520840093,565.1942520840093,565.1942520840093,565.2676157919923,565.2676157919923,565.2676157919923,565.7988247089961,period,1.58197295901482,None,565.7989717500168,565.7990227499977,None,,,,,,,,,,,,21040099,2,2026-01-15_12h12.40.477,tilt_mocs,2024.2.4,120.82791337127415,2026-01-15 12h12.52.410327 -0500,
4,0.0,,291,291,0,,,,,0,100,,,,,c+4,noss,1.0,period,1.491926249989774,None,None,,,,,,,,,,,0,291,291,699,565.8108907089918,,,,,,,,,,,,,,,,,,,,,,,,,,,,,,,,,,,,,,,,,,,,,,,,,,,,,,,,,,,,,,,,,,,,,,565.8019895000034,565.8108907089918,566.7953790840111,566.7953790840111,566.7953790840111,566.867290833994,566.867290833994,566.867290833994,567.314867750014,period,1.491926249989774,None,567.3149961669988,567.3150474590075,None,,,,,,,,,,,,21040099,2,2026-01-15_12h12.40.477,tilt_mocs,2024.2.4,120.82791337127415,2026-01-15 12h12.52.410327 -0500,
2,-15.0,,292,292,0,,,,,100,0,,,,,c+2,negs,0.75,period,1.3036793750070501,None,None,,,,,,,,,,,0,292,292,478,567.3257973339933,,,,,,,,,,,,,,,,,,,,,,,,,,,,,,,,,,,,,,,,,,,,,,,,,,,,,,,,,,,,,,,,,,,,,,567.3171298750094,567.3257973339933,568.0620969590091,568.0620969590091,568.0620969590091,568.1351714170014,568.1351714170014,568.1351714170014,568.6321645000135,period,1.3036793750070501,None,568.6323024590092,568.6323453749937,None,,,,,,,,,,,,21040099,2,2026-01-15_12h12.40.477,tilt_mocs,2024.2.4,120.82791337127415,2026-01-15 12h12.52.410327 -0500,
6,15.0,,293,293,0,,,,,100,0,,,,,c+6,poss,1.0,period,1.6396622500033118,None,None,,,,,,,,,,,0,293,293,196,568.6442873339984,,,,,,,,,,,,,,,,,,,,,,,,,,,,,,,,,,,,,,,,,,,,,,,,,,,,,,,,,,,,,,,,,,,,,,568.6346727500204,568.6442873339984,569.6286988340144,569.6286988340144,569.6286988340144,569.7007062089979,569.7007062089979,569.7007062089979,570.2883480419987,period,1.6396622500033118,None,570.2884929589927,570.2885480000114,None,,,,,,,,,,,,21040099,2,2026-01-15_12h12.40.477,tilt_mocs,2024.2.4,120.82791337127415,2026-01-15 12h12.52.410327 -0500,
0,-15.0,,294,294,0,,,,,100,0,,,,,c+0,negs,1.25,period,1.788962167018326,None,None,,,,,,,,,,,0,294,294,455,570.2991185839928,,,,,,,,,,,,,,,,,,,,,,,,,,,,,,,,,,,,,,,,,,,,,,,,,,,,,,,,,,,,,,,,,,,,,,570.2907951670059,570.2991185839928,571.5387090420118,571.5387090420118,571.5387090420118,571.6127810839971,571.6127810839971,571.6127810839971,572.0980817920063,period,1.788962167018326,None,572.0981827499927,572.0982228339999,None,,,,,,,,,,,,21040099,2,2026-01-15_12h12.40.477,tilt_mocs,2024.2.4,120.82791337127415,2026-01-15 12h12.52.410327 -0500,
4,15.0,,295,295,0,,,,,100,0,,,,,c+4,poss,0.75,z,1.2942342090245802,None,None,,,,,,,,,,,0,295,295,146,572.108792709012,,,,,,,,,,,,,,,,,,,,,,,,,,,,,,,,,,,,,,,,,,,,,,,,,,,,,,,,,,,,,,,,,,,,,,572.1001910839987,572.108792709012,572.8455707090034,572.8455707090034,572.8455707090034,572.9175697500177,572.9175697500177,572.9175697500177,573.4148404590087,z,1.2942342090245802,None,573.4150105839944,573.4150623750174,None,,,,,,,,,,,,21040099,2,2026-01-15_12h12.40.477,tilt_mocs,2024.2.4,120.82791337127415,2026-01-15 12h12.52.410327 -0500,
0,0.0,,296,296,0,,,,,0,100,,,,,c+0,noss,1.25,z,2.1102390839951113,None,None,,,,,,,,,,,0,296,296,627,573.4267189170059,,,,,,,,,,,,,,,,,,,,,,,,,,,,,,,,,,,,,,,,,,,,,,,,,,,,,,,,,,,,,,,,,,,,,,573.4177069590078,573.4267189170059,574.662142584013,574.662142584013,574.662142584013,574.7342364999931,574.7342364999931,574.7342364999931,575.5484280840028,z,2.1102390839951113,None,575.5485588750162,575.5486131249927,None,,,,,,,,,,,,21040099,2,2026-01-15_12h12.40.477,tilt_mocs,2024.2.4,120.82791337127415,2026-01-15 12h12.52.410327 -0500,
-2,15.0,,297,297,0,,,,,100,0,,,,,c-2,poss,1.0,z,1.4927953750011511,None,None,,,,,,,,,,,0,297,297,30,575.5597173749993,,,,,,,,,,,,,,,,,,,,,,,,,,,,,,,,,,,,,,,,,,,,,,,,,,,,,,,,,,,,,,,,,,,,,,575.5509299169935,575.5597173749993,576.545723459014,576.545723459014,576.545723459014,576.6176176250156,576.6176176250156,576.6176176250156,577.0551222499926,z,1.4927953750011511,None,577.0552494589938,577.055300292006,None,,,,,,,,,,,,21040099,2,2026-01-15_12h12.40.477,tilt_mocs,2024.2.4,120.82791337127415,2026-01-15 12h12.52.410327 -0500,
4,15.0,,298,298,0,,,,,100,0,,,,,c+4,poss,1.25,z,1.8390519590175245,None,None,,,,,,,,,,,0,298,298,166,577.0654708340007,,,,,,,,,,,,,,,,,,,,,,,,,,,,,,,,,,,,,,,,,,,,,,,,,,,,,,,,,,,,,,,,,,,,,,577.0574597920058,577.0654708340007,578.3049036250159,578.3049036250159,578.3049036250159,578.3793922920013,578.3793922920013,578.3793922920013,578.9150799589988,z,1.8390519590175245,None,578.9152000000176,578.9152512089931,None,,,,,,,,,,,,21040099,2,2026-01-15_12h12.40.477,tilt_mocs,2024.2.4,120.82791337127415,2026-01-15 12h12.52.410327 -0500,
-2,0.0,,299,299,0,,,,,0,100,,,,,c-2,noss,0.5,z,1.0537929580023047,None,None,,,,,,,,,,,0,299,299,551,578.9267076670076,,,,,,,,,,,,,,,,,,,,,,,,,,,,,,,,,,,,,,,,,,,,,,,,,,,,,,,,,,,,,,,,,,,,,,578.9176952090056,578.9267076670076,579.4123300420179,579.4123300420179,579.4123300420179,579.4842794589931,579.4842794589931,579.4842794589931,579.9921374590194,z,1.0537929580023047,None,579.992240749998,579.9922902919934,None,,,,,,,,,,,,21040099,2,2026-01-15_12h12.40.477,tilt_mocs,2024.2.4,120.82791337127415,2026-01-15 12h12.52.410327 -0500,
4,15.0,,300,300,0,,,,,100,0,,,,,c+4,poss,0.75,z,1.3176717500027735,None,space,33.683351582993055,None,,,,,,,,,0,300,300,145,579.9988302089914,,,,,,,,,,,,,,,,,,,,,,,,,,,,,,,,,,,,,,,,,,,,,,,,,,,,,,,,,,,,,,,,,,,,,,579.9942214170005,579.9988302089914,580.7388341670157,580.7388341670157,580.7388341670157,580.8130338340125,580.8130338340125,580.8130338340125,581.3216315839963,z,1.3176717500027735,None,581.3217540839978,615.0268380000198,space,581.3315935420105,581.3315935420105,33.683351582993055,None,,,,,,,,21040099,2,2026-01-15_12h12.40.477,tilt_mocs,2024.2.4,120.82791337127415,2026-01-15 12h12.52.410327 -0500,
0,-15.0,,301,301,0,,,,,100,0,,,,,c+0,negs,0.75,period,1.2024404590192717,None,None,,,,,,,,,,,0,301,301,438,615.0335615840158,,,,,,,,,,,,,,,,,,,,,,,,,,,,,,,,,,,,,,,,,,,,,,,,,,,,,,,,,,,,,,,,,,,,,,615.0288675420161,615.0335615840158,615.7732321250078,615.7732321250078,615.7732321250078,615.847519834002,615.847519834002,615.847519834002,616.2389233339927,period,1.2024404590192717,None,616.2390305419976,616.2390710000182,None,,,,,,,,,,,,21040099,2,2026-01-15_12h12.40.477,tilt_mocs,2024.2.4,120.82791337127415,2026-01-15 12h12.52.410327 -0500,
0,0.0,,302,302,0,,,,,0,100,,,,,c+0,noss,0.5,z,1.2591132090019528,None,None,,,,,,,,,,,0,302,302,593,616.2500198750058,,,,,,,,,,,,,,,,,,,,,,,,,,,,,,,,,,,,,,,,,,,,,,,,,,,,,,,,,,,,,,,,,,,,,,616.240977584006,616.2500198750058,616.7404830419982,616.7404830419982,616.7404830419982,616.8141701669956,616.8141701669956,616.8141701669956,617.5165382090199,z,1.2591132090019528,None,617.5166624170088,617.5167125840089,None,,,,,,,,,,,,21040099,2,2026-01-15_12h12.40.477,tilt_mocs,2024.2.4,120.82791337127415,2026-01-15 12h12.52.410327 -0500,
-8,-15.0,,303,303,0,,,,,100,0,,,,,c-8,negs,1.0,z,1.4951218329952098,None,None,,,,,,,,,,,0,303,303,277,617.5269292920129,,,,,,,,,,,,,,,,,,,,,,,,,,,,,,,,,,,,,,,,,,,,,,,,,,,,,,,,,,,,,,,,,,,,,,617.5187156250176,617.5269292920129,618.5138057919976,618.5138057919976,618.5138057919976,618.5864966670051,618.5864966670051,618.5864966670051,619.0333199170127,z,1.4951218329952098,None,619.0334482089966,619.0334991670097,None,,,,,,,,,,,,21040099,2,2026-01-15_12h12.40.477,tilt_mocs,2024.2.4,120.82791337127415,2026-01-15 12h12.52.410327 -0500,
0,15.0,,304,304,0,,,,,100,0,,,,,c+0,poss,1.25,z,1.7660854589776136,None,None,,,,,,,,,,,0,304,304,83,619.0449692920083,,,,,,,,,,,,,,,,,,,,,,,,,,,,,,,,,,,,,,,,,,,,,,,,,,,,,,,,,,,,,,,,,,,,,,619.0359957090113,619.0449692920083,620.2800092920079,620.2800092920079,620.2800092920079,620.3524631670152,620.3524631670152,620.3524631670152,620.8163223339943,z,1.7660854589776136,None,620.8164482919965,620.8164998340071,None,,,,,,,,,,,,21040099,2,2026-01-15_12h12.40.477,tilt_mocs,2024.2.4,120.82791337127415,2026-01-15 12h12.52.410327 -0500,
-6,-15.0,,305,305,0,,,,,100,0,,,,,c-6,negs,1.25,period,1.7369977920025121,None,None,,,,,,,,,,,0,305,305,328,620.8276468340191,,,,,,,,,,,,,,,,,,,,,,,,,,,,,,,,,,,,,,,,,,,,,,,,,,,,,,,,,,,,,,,,,,,,,,620.8188158340054,620.8276468340191,622.0639499590034,622.0639499590034,622.0639499590034,622.1361996250052,622.1361996250052,622.1361996250052,622.5674116250011,period,1.7369977920025121,None,622.5675591250183,622.5676116670074,None,,,,,,,,,,,,21040099,2,2026-01-15_12h12.40.477,tilt_mocs,2024.2.4,120.82791337127415,2026-01-15 12h12.52.410327 -0500,
8,15.0,,306,306,0,,,,,100,0,,,,,c+8,poss,1.0,period,1.7060347920050845,None,None,,,,,,,,,,,0,306,306,241,622.5794965419918,,,,,,,,,,,,,,,,,,,,,,,,,,,,,,,,,,,,,,,,,,,,,,,,,,,,,,,,,,,,,,,,,,,,,,622.5703514170018,622.5794965419918,623.5641557920026,623.5641557920026,623.5641557920026,623.6359471250034,623.6359471250034,623.6359471250034,624.2883664999972,period,1.7060347920050845,None,624.2884906670079,624.2885522920114,None,,,,,,,,,,,,21040099,2,2026-01-15_12h12.40.477,tilt_mocs,2024.2.4,120.82791337127415,2026-01-15 12h12.52.410327 -0500,
4,0.0,,307,307,0,,,,,0,100,,,,,c+4,noss,0.5,period,0.974928791023558,None,None,,,,,,,,,,,0,307,307,677,624.2999735840131,,,,,,,,,,,,,,,,,,,,,,,,,,,,,,,,,,,,,,,,,,,,,,,,,,,,,,,,,,,,,,,,,,,,,,624.2908500840131,624.2999735840131,624.7900497500086,624.7900497500086,624.7900497500086,624.8644109590095,624.8644109590095,624.8644109590095,625.2833882090054,period,0.974928791023558,None,625.2834946250077,625.2835360419995,None,,,,,,,,,,,,21040099,2,2026-01-15_12h12.40.477,tilt_mocs,2024.2.4,120.82791337127415,2026-01-15 12h12.52.410327 -0500,
-4,0.0,,308,308,0,,,,,0,100,,,,,c-4,noss,1.25,z,1.7325334590277635,None,None,,,,,,,,,,,0,308,308,537,625.2940176250122,,,,,,,,,,,,,,,,,,,,,,,,,,,,,,,,,,,,,,,,,,,,,,,,,,,,,,,,,,,,,,,,,,,,,,625.2854595840035,625.2940176250122,626.529975625017,626.529975625017,626.529975625017,626.602808124997,626.602808124997,626.602808124997,627.033214916999,z,1.7325334590277635,None,627.0333472920174,627.0333991250081,None,,,,,,,,,,,,21040099,2,2026-01-15_12h12.40.477,tilt_mocs,2024.2.4,120.82791337127415,2026-01-15 12h12.52.410327 -0500,
0,15.0,,309,309,0,,,,,100,0,,,,,c+0,poss,0.5,z,0.9866712919902056,None,None,,,,,,,,,,,0,309,309,45,627.0447418340191,,,,,,,,,,,,,,,,,,,,,,,,,,,,,,,,,,,,,,,,,,,,,,,,,,,,,,,,,,,,,,,,,,,,,,627.0356356250122,627.0447418340191,627.5307560840156,627.5307560840156,627.5307560840156,627.6028648749925,627.6028648749925,627.6028648749925,628.0344606250001,z,0.9866712919902056,None,628.0346040420118,628.0346598750039,None,,,,,,,,,,,,21040099,2,2026-01-15_12h12.40.477,tilt_mocs,2024.2.4,120.82791337127415,2026-01-15 12h12.52.410327 -0500,
0,15.0,,310,310,0,,,,,100,0,,,,,c+0,poss,1.0,z,1.5017916669894475,None,None,,,,,,,,,,,0,310,310,67,628.0463260420074,,,,,,,,,,,,,,,,,,,,,,,,,,,,,,,,,,,,,,,,,,,,,,,,,,,,,,,,,,,,,,,,,,,,,,628.0372206669999,628.0463260420074,629.0313846250065,629.0313846250065,629.0313846250065,629.1028997499961,629.1028997499961,629.1028997499961,629.5511652500136,z,1.5017916669894475,None,629.5513126250007,629.5513665839972,None,,,,,,,,,,,,21040099,2,2026-01-15_12h12.40.477,tilt_mocs,2024.2.4,120.82791337127415,2026-01-15 12h12.52.410327 -0500,
2,0.0,,311,311,0,,,,,0,100,,,,,c+2,noss,0.75,period,1.1731412500084843,None,None,,,,,,,,,,,0,311,311,646,629.5628092090192,,,,,,,,,,,,,,,,,,,,,,,,,,,,,,,,,,,,,,,,,,,,,,,,,,,,,,,,,,,,,,,,,,,,,,629.5539002919977,629.5628092090192,630.2976347920194,630.2976347920194,630.2976347920194,630.3693082090176,630.3693082090176,630.3693082090176,630.7384990839928,period,1.1731412500084843,None,630.7386019590194,630.7386431250197,None,,,,,,,,,,,,21040099,2,2026-01-15_12h12.40.477,tilt_mocs,2024.2.4,120.82791337127415,2026-01-15 12h12.52.410327 -0500,
8,15.0,,312,312,0,,,,,100,0,,,,,c+8,poss,1.0,period,1.437214750010753,None,None,,,,,,,,,,,0,312,312,234,630.7497443339962,,,,,,,,,,,,,,,,,,,,,,,,,,,,,,,,,,,,,,,,,,,,,,,,,,,,,,,,,,,,,,,,,,,,,,630.7406180420076,630.7497443339962,631.7411337090016,631.7411337090016,631.7411337090016,631.820498459012,631.820498459012,631.820498459012,632.1895264170016,period,1.437214750010753,None,632.1896422090067,632.189685209014,None,,,,,,,,,,,,21040099,2,2026-01-15_12h12.40.477,tilt_mocs,2024.2.4,120.82791337127415,2026-01-15 12h12.52.410327 -0500,
0,0.0,,313,313,0,,,,,0,100,,,,,c+0,noss,1.25,z,1.8909625410160515,None,None,,,,,,,,,,,0,313,313,629,632.2004199170042,,,,,,,,,,,,,,,,,,,,,,,,,,,,,,,,,,,,,,,,,,,,,,,,,,,,,,,,,,,,,,,,,,,,,,632.1916058339993,632.2004199170042,633.440947583993,633.440947583993,633.440947583993,633.5148435000156,633.5148435000156,633.5148435000156,634.1011074169946,z,1.8909625410160515,None,634.1012633749924,634.1013330839924,None,,,,,,,,,,,,21040099,2,2026-01-15_12h12.40.477,tilt_mocs,2024.2.4,120.82791337127415,2026-01-15 12h12.52.410327 -0500,
-2,15.0,,314,314,0,,,,,100,0,,,,,c-2,poss,1.25,z,1.7051777089945972,None,None,,,,,,,,,,,0,314,314,33,634.1129556670203,,,,,,,,,,,,,,,,,,,,,,,,,,,,,,,,,,,,,,,,,,,,,,,,,,,,,,,,,,,,,,,,,,,,,,634.1039932089916,634.1129556670203,635.3476642500027,635.3476642500027,635.3476642500027,635.4201207919978,635.4201207919978,635.4201207919978,635.8224231670029,z,1.7051777089945972,None,635.8225185420015,635.822558542015,None,,,,,,,,,,,,21040099,2,2026-01-15_12h12.40.477,tilt_mocs,2024.2.4,120.82791337127415,2026-01-15 12h12.52.410327 -0500,
-8,-15.0,,315,315,0,,,,,100,0,,,,,c-8,negs,0.5,z,0.9916128749900963,None,None,,,,,,,,,,,0,315,315,262,635.8335755839944,,,,,,,,,,,,,,,,,,,,,,,,,,,,,,,,,,,,,,,,,,,,,,,,,,,,,,,,,,,,,,,,,,,,,,635.8244955840055,635.8335755839944,636.3241865000164,636.3241865000164,636.3241865000164,636.3983247920114,636.3983247920114,636.3983247920114,636.8343338750128,z,0.9916128749900963,None,636.8344670000079,636.8345482500154,None,,,,,,,,,,,,21040099,2,2026-01-15_12h12.40.477,tilt_mocs,2024.2.4,120.82791337127415,2026-01-15 12h12.52.410327 -0500,
-2,0.0,,316,316,0,,,,,0,100,,,,,c-2,noss,1.25,z,1.6878307920123916,None,None,,,,,,,,,,,0,316,316,586,636.8453012919927,,,,,,,,,,,,,,,,,,,,,,,,,,,,,,,,,,,,,,,,,,,,,,,,,,,,,,,,,,,,,,,,,,,,,,636.8367261670064,636.8453012919927,638.0811862090195,638.0811862090195,638.0811862090195,638.1542153340124,638.1542153340124,638.1542153340124,638.539520499995,z,1.6878307920123916,None,638.5396393749979,638.5396931669966,None,,,,,,,,,,,,21040099,2,2026-01-15_12h12.40.477,tilt_mocs,2024.2.4,120.82791337127415,2026-01-15 12h12.52.410327 -0500,
-8,-15.0,,317,317,0,,,,,100,0,,,,,c-8,negs,1.0,z,1.4983658750134055,None,None,,,,,,,,,,,0,317,317,274,638.550850708998,,,,,,,,,,,,,,,,,,,,,,,,,,,,,,,,,,,,,,,,,,,,,,,,,,,,,,,,,,,,,,,,,,,,,,638.5417825420154,638.550850708998,639.5411292499921,639.5411292499921,639.5411292499921,639.6149665840203,639.6149665840203,639.6149665840203,640.0524022089958,z,1.4983658750134055,None,640.0525508339924,640.0526263749925,None,,,,,,,,,,,,21040099,2,2026-01-15_12h12.40.477,tilt_mocs,2024.2.4,120.82791337127415,2026-01-15 12h12.52.410327 -0500,
-4,-15.0,,318,318,0,,,,,100,0,,,,,c-4,negs,0.5,period,1.295121208007913,None,None,,,,,,,,,,,0,318,318,346,640.0638819170126,,,,,,,,,,,,,,,,,,,,,,,,,,,,,,,,,,,,,,,,,,,,,,,,,,,,,,,,,,,,,,,,,,,,,,640.0548435840174,640.0638819170126,640.5479145839927,640.5479145839927,640.5479145839927,640.6199923749955,640.6199923749955,640.6199923749955,641.3675200419966,period,1.295121208007913,None,641.36766025002,641.3677189589944,None,,,,,,,,,,,,21040099,2,2026-01-15_12h12.40.477,tilt_mocs,2024.2.4,120.82791337127415,2026-01-15 12h12.52.410327 -0500,
-2,-15.0,,319,319,0,,,,,100,0,,,,,c-2,negs,1.0,period,1.5326781250187196,None,None,,,,,,,,,,,0,319,319,404,641.3790669589944,,,,,,,,,,,,,,,,,,,,,,,,,,,,,,,,,,,,,,,,,,,,,,,,,,,,,,,,,,,,,,,,,,,,,,641.3700082919968,641.3790669589944,642.3637507499952,642.3637507499952,642.3637507499952,642.4367809169926,642.4367809169926,642.4367809169926,642.9179423750029,period,1.5326781250187196,None,642.9181115840038,642.9181968340126,None,,,,,,,,,,,,21040099,2,2026-01-15_12h12.40.477,tilt_mocs,2024.2.4,120.82791337127415,2026-01-15 12h12.52.410327 -0500,
0,15.0,,320,320,0,,,,,100,0,,,,,c+0,poss,0.5,period,1.3702982909744605,None,None,,,,,,,,,,,0,320,320,46,642.9305779999995,,,,,,,,,,,,,,,,,,,,,,,,,,,,,,,,,,,,,,,,,,,,,,,,,,,,,,,,,,,,,,,,,,,,,,642.9215951249935,642.9305779999995,643.4146485000092,643.4146485000092,643.4146485000092,643.48690704201,643.48690704201,643.48690704201,644.3061724590079,period,1.3702982909744605,None,644.3062787090021,644.3063210840046,None,,,,,,,,,,,,21040099,2,2026-01-15_12h12.40.477,tilt_mocs,2024.2.4,120.82791337127415,2026-01-15 12h12.52.410327 -0500,
-2,15.0,,321,321,0,,,,,100,0,,,,,c-2,poss,0.75,z,1.2980622920149472,None,None,,,,,,,,,,,0,321,321,21,644.3173128750059,,,,,,,,,,,,,,,,,,,,,,,,,,,,,,,,,,,,,,,,,,,,,,,,,,,,,,,,,,,,,,,,,,,,,,644.3082469590008,644.3173128750059,645.057263041992,645.057263041992,645.057263041992,645.1318993339955,645.1318993339955,645.1318993339955,645.6182253750158,z,1.2980622920149472,None,645.6183837499993,645.6184363749926,None,,,,,,,,,,,,21040099,2,2026-01-15_12h12.40.477,tilt_mocs,2024.2.4,120.82791337127415,2026-01-15 12h12.52.410327 -0500,
2,0.0,,322,322,0,,,,,0,100,,,,,c+2,noss,0.5,period,1.0146684999926947,None,None,,,,,,,,,,,0,322,322,636,645.6293559590122,,,,,,,,,,,,,,,,,,,,,,,,,,,,,,,,,,,,,,,,,,,,,,,,,,,,,,,,,,,,,,,,,,,,,,645.6206467500015,645.6293559590122,646.1147336249996,646.1147336249996,646.1147336249996,646.1864937499922,646.1864937499922,646.1864937499922,646.6505637920054,period,1.0146684999926947,None,646.6506961669947,646.6507489999931,None,,,,,,,,,,,,21040099,2,2026-01-15_12h12.40.477,tilt_mocs,2024.2.4,120.82791337127415,2026-01-15 12h12.52.410327 -0500,
6,15.0,,323,323,0,,,,,100,0,,,,,c+6,poss,0.75,period,1.3120927090058103,None,None,,,,,,,,,,,0,323,323,187,646.6617032090144,,,,,,,,,,,,,,,,,,,,,,,,,,,,,,,,,,,,,,,,,,,,,,,,,,,,,,,,,,,,,,,,,,,,,,646.6529184170067,646.6617032090144,647.3973859999969,647.3973859999969,647.3973859999969,647.4704112500185,647.4704112500185,647.4704112500185,647.9843609170057,period,1.3120927090058103,None,647.9845219590061,647.9845785420039,None,,,,,,,,,,,,21040099,2,2026-01-15_12h12.40.477,tilt_mocs,2024.2.4,120.82791337127415,2026-01-15 12h12.52.410327 -0500,
2,0.0,,324,324,0,,,,,0,100,,,,,c+2,noss,0.5,period,1.1690437920042314,None,None,,,,,,,,,,,0,324,324,635,647.9964714590169,,,,,,,,,,,,,,,,,,,,,,,,,,,,,,,,,,,,,,,,,,,,,,,,,,,,,,,,,,,,,,,,,,,,,,647.9875412090041,647.9964714590169,648.4814404170029,648.4814404170029,648.4814404170029,648.5534333340183,648.5534333340183,648.5534333340183,649.1687287090172,period,1.1690437920042314,None,649.1688742499973,649.1689292090014,None,,,,,,,,,,,,21040099,2,2026-01-15_12h12.40.477,tilt_mocs,2024.2.4,120.82791337127415,2026-01-15 12h12.52.410327 -0500,
4,0.0,,325,325,0,,,,,0,100,,,,,c+4,noss,0.75,period,1.1560817910067271,None,None,,,,,,,,,,,0,325,325,687,649.1804111250094,,,,,,,,,,,,,,,,,,,,,,,,,,,,,,,,,,,,,,,,,,,,,,,,,,,,,,,,,,,,,,,,,,,,,,649.1714378340112,649.1804111250094,649.9148927920032,649.9148927920032,649.9148927920032,649.986781375017,649.986781375017,649.986781375017,650.3390287920192,period,1.1560817910067271,None,650.3391305420082,650.3391712089942,None,,,,,,,,,,,,21040099,2,2026-01-15_12h12.40.477,tilt_mocs,2024.2.4,120.82791337127415,2026-01-15 12h12.52.410327 -0500,
-4,0.0,,326,326,0,,,,,0,100,,,,,c-4,noss,1.0,z,1.5892316249955911,None,None,,,,,,,,,,,0,326,326,533,650.3504946670146,,,,,,,,,,,,,,,,,,,,,,,,,,,,,,,,,,,,,,,,,,,,,,,,,,,,,,,,,,,,,,,,,,,,,,650.341100834019,650.3504946670146,651.3407399590069,651.3407399590069,651.3407399590069,651.4155365420156,651.4155365420156,651.4155365420156,651.9509640420147,z,1.5892316249955911,None,651.9510711250186,651.9511119590024,None,,,,,,,,,,,,21040099,2,2026-01-15_12h12.40.477,tilt_mocs,2024.2.4,120.82791337127415,2026-01-15 12h12.52.410327 -0500,
4,0.0,,327,327,0,,,,,0,100,,,,,c+4,noss,1.0,period,1.588209832989378,None,None,,,,,,,,,,,0,327,327,697,651.9615957920032,,,,,,,,,,,,,,,,,,,,,,,,,,,,,,,,,,,,,,,,,,,,,,,,,,,,,,,,,,,,,,,,,,,,,,651.9530359590135,651.9615957920032,652.9475882500119,652.9475882500119,652.9475882500119,653.0200568340078,653.0200568340078,653.0200568340078,653.5618780420045,period,1.588209832989378,None,653.5619862500171,653.5620313750114,None,,,,,,,,,,,,21040099,2,2026-01-15_12h12.40.477,tilt_mocs,2024.2.4,120.82791337127415,2026-01-15 12h12.52.410327 -0500,
2,15.0,,328,328,0,,,,,100,0,,,,,c+2,poss,0.75,z,1.2806252920127008,None,None,,,,,,,,,,,0,328,328,103,653.5684191250184,,,,,,,,,,,,,,,,,,,,,,,,,,,,,,,,,,,,,,,,,,,,,,,,,,,,,,,,,,,,,,,,,,,,,,653.5640206669923,653.5684191250184,654.3082042500027,654.3082042500027,654.3082042500027,654.382448999997,654.382448999997,654.382448999997,654.8522377090121,z,1.2806252920127008,None,654.8523720840167,654.852424584009,None,,,,,,,,,,,,21040099,2,2026-01-15_12h12.40.477,tilt_mocs,2024.2.4,120.82791337127415,2026-01-15 12h12.52.410327 -0500,
0,15.0,,329,329,0,,,,,100,0,,,,,c+0,poss,0.75,z,1.5559685829794034,None,None,,,,,,,,,,,0,329,329,53,654.8641852090077,,,,,,,,,,,,,,,,,,,,,,,,,,,,,,,,,,,,,,,,,,,,,,,,,,,,,,,,,,,,,,,,,,,,,,654.855051666993,654.8641852090077,655.5984010840184,655.5984010840184,655.5984010840184,655.6704571250011,655.6704571250011,655.6704571250011,656.4231299590028,z,1.5559685829794034,None,656.42323158402,656.4232820000034,None,,,,,,,,,,,,21040099,2,2026-01-15_12h12.40.477,tilt_mocs,2024.2.4,120.82791337127415,2026-01-15 12h12.52.410327 -0500,
0,-15.0,,330,330,0,,,,,100,0,,,,,c+0,negs,1.0,period,1.4049949169857427,None,None,,,,,,,,,,,0,330,330,442,656.4345014170103,,,,,,,,,,,,,,,,,,,,,,,,,,,,,,,,,,,,,,,,,,,,,,,,,,,,,,,,,,,,,,,,,,,,,,656.4252589170064,656.4345014170103,657.4248096670199,657.4248096670199,657.4248096670199,657.4990607920045,657.4990607920045,657.4990607920045,657.8511591250135,period,1.4049949169857427,None,657.8512830840191,657.8513345840038,None,,,,,,,,,,,,21040099,2,2026-01-15_12h12.40.477,tilt_mocs,2024.2.4,120.82791337127415,2026-01-15 12h12.52.410327 -0500,
8,15.0,,331,331,0,,,,,100,0,,,,,c+8,poss,0.5,period,0.9141850000014529,None,None,,,,,,,,,,,0,331,331,212,657.8622912499995,,,,,,,,,,,,,,,,,,,,,,,,,,,,,,,,,,,,,,,,,,,,,,,,,,,,,,,,,,,,,,,,,,,,,,657.8536779590067,657.8622912499995,658.3485887089919,658.3485887089919,658.3485887089919,658.4211372919963,658.4211372919963,658.4211372919963,658.7844074169989,period,0.9141850000014529,None,658.7845369999995,658.7845901669934,None,,,,,,,,,,,,21040099,2,2026-01-15_12h12.40.477,tilt_mocs,2024.2.4,120.82791337127415,2026-01-15 12h12.52.410327 -0500,
-2,-15.0,,332,332,0,,,,,100,0,,,,,c-2,negs,1.0,z,1.8030717500078026,None,None,,,,,,,,,,,0,332,332,403,658.7957823750039,,,,,,,,,,,,,,,,,,,,,,,,,,,,,,,,,,,,,,,,,,,,,,,,,,,,,,,,,,,,,,,,,,,,,,658.787082291994,658.7957823750039,659.7819190419978,659.7819190419978,659.7819190419978,659.8540362500062,659.8540362500062,659.8540362500062,660.6017432090011,z,1.8030717500078026,None,660.601884750009,660.6019435420167,None,,,,,,,,,,,,21040099,2,2026-01-15_12h12.40.477,tilt_mocs,2024.2.4,120.82791337127415,2026-01-15 12h12.52.410327 -0500,
-2,-15.0,,333,333,0,,,,,100,0,,,,,c-2,negs,0.5,z,1.2248803749971557,None,None,,,,,,,,,,,0,333,333,383,660.6129912089964,,,,,,,,,,,,,,,,,,,,,,,,,,,,,,,,,,,,,,,,,,,,,,,,,,,,,,,,,,,,,,,,,,,,,,660.6042412919924,660.6129912089964,661.0986217090103,661.0986217090103,661.0986217090103,661.1702570420166,661.1702570420166,661.1702570420166,661.841057209007,z,1.2248803749971557,None,661.8411820420006,661.8412339590141,None,,,,,,,,,,,,21040099,2,2026-01-15_12h12.40.477,tilt_mocs,2024.2.4,120.82791337127415,2026-01-15 12h12.52.410327 -0500,
4,15.0,,334,334,0,,,,,100,0,,,,,c+4,poss,1.25,z,1.9642306249879766,None,None,,,,,,,,,,,0,334,334,165,661.8517751670151,,,,,,,,,,,,,,,,,,,,,,,,,,,,,,,,,,,,,,,,,,,,,,,,,,,,,,,,,,,,,,,,,,,,,,661.8432398340083,661.8517751670151,663.0919583340001,663.0919583340001,663.0919583340001,663.1657338750083,663.1657338750083,663.1657338750083,663.8190217920055,z,1.9642306249879766,None,663.8191606250184,663.8192134590063,None,,,,,,,,,,,,21040099,2,2026-01-15_12h12.40.477,tilt_mocs,2024.2.4,120.82791337127415,2026-01-15 12h12.52.410327 -0500,
0,0.0,,335,335,0,,,,,0,100,,,,,c+0,noss,0.75,z,1.286562540975865,None,None,,,,,,,,,,,0,335,335,607,663.8309000839945,,,,,,,,,,,,,,,,,,,,,,,,,,,,,,,,,,,,,,,,,,,,,,,,,,,,,,,,,,,,,,,,,,,,,,663.8218123750121,663.8309000839945,664.5654116249934,664.5654116249934,664.5654116249934,664.6374348340032,664.6374348340032,664.6374348340032,665.1228668749973,z,1.286562540975865,None,665.1229653340124,665.123005625006,None,,,,,,,,,,,,21040099,2,2026-01-15_12h12.40.477,tilt_mocs,2024.2.4,120.82791337127415,2026-01-15 12h12.52.410327 -0500,
0,0.0,,336,336,0,,,,,0,100,,,,,c+0,noss,1.0,z,1.5953517500020098,None,None,,,,,,,,,,,0,336,336,617,665.1341528340126,,,,,,,,,,,,,,,,,,,,,,,,,,,,,,,,,,,,,,,,,,,,,,,,,,,,,,,,,,,,,,,,,,,,,,665.1249838749936,665.1341528340126,666.1254611670156,666.1254611670156,666.1254611670156,666.1993543750141,666.1993543750141,666.1993543750141,666.7347360420099,z,1.5953517500020098,None,666.7348644169979,666.7349157090066,None,,,,,,,,,,,,21040099,2,2026-01-15_12h12.40.477,tilt_mocs,2024.2.4,120.82791337127415,2026-01-15 12h12.52.410327 -0500,
-2,-15.0,,337,337,0,,,,,100,0,,,,,c-2,negs,0.75,period,1.1879744170000777,None,None,,,,,,,,,,,0,337,337,390,666.7458758339926,,,,,,,,,,,,,,,,,,,,,,,,,,,,,,,,,,,,,,,,,,,,,,,,,,,,,,,,,,,,,,,,,,,,,,666.7373441669915,666.7458758339926,667.4818164170138,667.4818164170138,667.4818164170138,667.554432667006,667.554432667006,667.554432667006,667.9400113339943,period,1.1879744170000777,None,667.9401115000073,667.9401521669934,None,,,,,,,,,,,,21040099,2,2026-01-15_12h12.40.477,tilt_mocs,2024.2.4,120.82791337127415,2026-01-15 12h12.52.410327 -0500,
8,15.0,,338,338,0,,,,,100,0,,,,,c+8,poss,0.75,period,1.1765397500130348,None,None,,,,,,,,,,,0,338,338,228,667.9511633340153,,,,,,,,,,,,,,,,,,,,,,,,,,,,,,,,,,,,,,,,,,,,,,,,,,,,,,,,,,,,,,,,,,,,,,667.942125333997,667.9511633340153,668.6815348750097,668.6815348750097,668.6815348750097,668.7541148340097,668.7541148340097,668.7541148340097,669.1351455840049,period,1.1765397500130348,None,669.1352740000002,669.1353257500159,None,,,,,,,,,,,,21040099,2,2026-01-15_12h12.40.477,tilt_mocs,2024.2.4,120.82791337127415,2026-01-15 12h12.52.410327 -0500,
0,15.0,,339,339,0,,,,,100,0,,,,,c+0,poss,1.0,z,1.4937899169744924,None,None,,,,,,,,,,,0,339,339,72,669.1466090000176,,,,,,,,,,,,,,,,,,,,,,,,,,,,,,,,,,,,,,,,,,,,,,,,,,,,,,,,,,,,,,,,,,,,,,669.1377185840101,669.1466090000176,670.1315602500108,670.1315602500108,670.1315602500108,670.2045169170015,670.2045169170015,670.2045169170015,670.650579084002,z,1.4937899169744924,None,670.650698500016,670.6507493749959,None,,,,,,,,,,,,21040099,2,2026-01-15_12h12.40.477,tilt_mocs,2024.2.4,120.82791337127415,2026-01-15 12h12.52.410327 -0500,
0,15.0,,340,340,0,,,,,100,0,,,,,c+0,poss,1.25,z,1.8425225829996634,None,None,,,,,,,,,,,0,340,340,77,670.6616836250178,,,,,,,,,,,,,,,,,,,,,,,,,,,,,,,,,,,,,,,,,,,,,,,,,,,,,,,,,,,,,,,,,,,,,,670.6528388750157,670.6616836250178,671.8991356670158,671.8991356670158,671.8991356670158,671.9723777920008,671.9723777920008,671.9723777920008,672.5075753339916,z,1.8425225829996634,None,672.5077075420122,672.507758791995,None,,,,,,,,,,,,21040099,2,2026-01-15_12h12.40.477,tilt_mocs,2024.2.4,120.82791337127415,2026-01-15 12h12.52.410327 -0500,
-8,-15.0,,341,341,0,,,,,100,0,,,,,c-8,negs,0.75,z,1.2482894580170978,None,None,,,,,,,,,,,0,341,341,271,672.518517916993,,,,,,,,,,,,,,,,,,,,,,,,,,,,,,,,,,,,,,,,,,,,,,,,,,,,,,,,,,,,,,,,,,,,,,672.5097941250133,672.518517916993,673.2590294590045,673.2590294590045,673.2590294590045,673.3329571250069,673.3329571250069,673.3329571250069,673.7699279170192,z,1.2482894580170978,None,673.7700630420004,673.7701137920085,None,,,,,,,,,,,,21040099,2,2026-01-15_12h12.40.477,tilt_mocs,2024.2.4,120.82791337127415,2026-01-15 12h12.52.410327 -0500,
-2,-15.0,,342,342,0,,,,,100,0,,,,,c-2,negs,1.25,period,1.702625125006307,None,None,,,,,,,,,,,0,342,342,413,673.781063041999,,,,,,,,,,,,,,,,,,,,,,,,,,,,,,,,,,,,,,,,,,,,,,,,,,,,,,,,,,,,,,,,,,,,,,673.7723040420096,673.781063041999,675.0158202500024,675.0158202500024,675.0158202500024,675.0877435420116,675.0877435420116,675.0877435420116,675.4866480840137,period,1.702625125006307,None,675.4868030840007,675.4868595839944,None,,,,,,,,,,,,21040099,2,2026-01-15_12h12.40.477,tilt_mocs,2024.2.4,120.82791337127415,2026-01-15 12h12.52.410327 -0500,
-6,-15.0,,343,343,0,,,,,100,0,,,,,c-6,negs,1.25,z,1.8520995000144467,None,None,,,,,,,,,,,0,343,343,327,675.4980896670022,,,,,,,,,,,,,,,,,,,,,,,,,,,,,,,,,,,,,,,,,,,,,,,,,,,,,,,,,,,,,,,,,,,,,,675.4892592090182,675.4980896670022,676.7318460840033,676.7318460840033,676.7318460840033,676.8049623749976,676.8049623749976,676.8049623749976,677.3527504170197,z,1.8520995000144467,None,677.3528874170152,677.3529398750106,None,,,,,,,,,,,,21040099,2,2026-01-15_12h12.40.477,tilt_mocs,2024.2.4,120.82791337127415,2026-01-15 12h12.52.410327 -0500,
-8,-15.0,,344,344,0,,,,,100,0,,,,,c-8,negs,1.25,z,1.8034996249771211,None,None,,,,,,,,,,,0,344,344,288,677.3636998750153,,,,,,,,,,,,,,,,,,,,,,,,,,,,,,,,,,,,,,,,,,,,,,,,,,,,,,,,,,,,,,,,,,,,,,677.3551692500187,677.3636998750153,678.599383541994,678.599383541994,678.599383541994,678.6721115840191,678.6721115840191,678.6721115840191,679.1699867089919,z,1.8034996249771211,None,679.1702259590093,679.170321875019,None,,,,,,,,,,,,21040099,2,2026-01-15_12h12.40.477,tilt_mocs,2024.2.4,120.82791337127415,2026-01-15 12h12.52.410327 -0500,
2,15.0,,345,345,0,,,,,100,0,,,,,c+2,poss,0.75,period,1.7185310829954688,None,None,,,,,,,,,,,0,345,345,98,679.1818457920162,,,,,,,,,,,,,,,,,,,,,,,,,,,,,,,,,,,,,,,,,,,,,,,,,,,,,,,,,,,,,,,,,,,,,,679.1728084589995,679.1818457920162,679.9151180839981,679.9151180839981,679.9151180839981,679.9880833750067,679.9880833750067,679.9880833750067,680.9036108340078,period,1.7185310829954688,None,680.9037737920007,680.9038265419949,None,,,,,,,,,,,,21040099,2,2026-01-15_12h12.40.477,tilt_mocs,2024.2.4,120.82791337127415,2026-01-15 12h12.52.410327 -0500,
-2,0.0,,346,346,0,,,,,0,100,,,,,c-2,noss,1.25,z,1.8797831660194788,None,None,,,,,,,,,,,0,346,346,584,680.9148003339942,,,,,,,,,,,,,,,,,,,,,,,,,,,,,,,,,,,,,,,,,,,,,,,,,,,,,,,,,,,,,,,,,,,,,,680.9060697499954,680.9148003339942,682.1493644170114,682.1493644170114,682.1493644170114,682.2215054999979,682.2215054999979,682.2215054999979,682.8023645840003,z,1.8797831660194788,None,682.8025212920038,682.8025699589925,None,,,,,,,,,,,,21040099,2,2026-01-15_12h12.40.477,tilt_mocs,2024.2.4,120.82791337127415,2026-01-15 12h12.52.410327 -0500,
2,-15.0,,347,347,0,,,,,100,0,,,,,c+2,negs,1.0,period,1.5370925829920452,None,None,,,,,,,,,,,0,347,347,488,682.8145744999929,,,,,,,,,,,,,,,,,,,,,,,,,,,,,,,,,,,,,,,,,,,,,,,,,,,,,,,,,,,,,,,,,,,,,,682.8056266249914,682.8145744999929,683.7994565420086,683.7994565420086,683.7994565420086,683.8713252920134,683.8713252920134,683.8713252920134,684.3582118750201,period,1.5370925829920452,None,684.3583512920013,684.3584037919936,None,,,,,,,,,,,,21040099,2,2026-01-15_12h12.40.477,tilt_mocs,2024.2.4,120.82791337127415,2026-01-15 12h12.52.410327 -0500,
-6,-15.0,,348,348,0,,,,,100,0,,,,,c-6,negs,0.75,period,1.354866084002424,None,None,,,,,,,,,,,0,348,348,308,684.3693455840112,,,,,,,,,,,,,,,,,,,,,,,,,,,,,,,,,,,,,,,,,,,,,,,,,,,,,,,,,,,,,,,,,,,,,,684.360552416998,684.3693455840112,685.108819584013,685.108819584013,685.108819584013,685.1833631670161,685.1833631670161,685.1833631670161,685.7356047499925,period,1.354866084002424,None,685.7357499999925,685.7358041249972,None,,,,,,,,,,,,21040099,2,2026-01-15_12h12.40.477,tilt_mocs,2024.2.4,120.82791337127415,2026-01-15 12h12.52.410327 -0500,
-8,-15.0,,349,349,0,,,,,100,0,,,,,c-8,negs,1.25,z,1.7814606669999193,None,None,,,,,,,,,,,0,349,349,293,685.7476540000062,,,,,,,,,,,,,,,,,,,,,,,,,,,,,,,,,,,,,,,,,,,,,,,,,,,,,,,,,,,,,,,,,,,,,,685.7385300000024,685.7476540000062,686.9829419169982,686.9829419169982,686.9829419169982,687.0551912499941,687.0551912499941,687.0551912499941,687.5354736669979,z,1.7814606669999193,None,687.535572791996,687.535621167015,None,,,,,,,,,,,,21040099,2,2026-01-15_12h12.40.477,tilt_mocs,2024.2.4,120.82791337127415,2026-01-15 12h12.52.410327 -0500,
-4,0.0,,350,350,0,,,,,0,100,,,,,c-4,noss,0.75,z,1.182209624996176,None,None,,,,,,,,,,,0,350,350,520,687.5460809170036,,,,,,,,,,,,,,,,,,,,,,,,,,,,,,,,,,,,,,,,,,,,,,,,,,,,,,,,,,,,,,,,,,,,,,687.5375457500049,687.5460809170036,688.2829136250075,688.2829136250075,688.2829136250075,688.3558452090074,688.3558452090074,688.3558452090074,688.735830709018,z,1.182209624996176,None,688.7359586250095,688.7360097920173,None,,,,,,,,,,,,21040099,2,2026-01-15_12h12.40.477,tilt_mocs,2024.2.4,120.82791337127415,2026-01-15 12h12.52.410327 -0500,
-8,-15.0,,351,351,0,,,,,100,0,,,,,c-8,negs,1.25,z,1.7371507499774452,None,None,,,,,,,,,,,0,351,351,286,688.7472044170136,,,,,,,,,,,,,,,,,,,,,,,,,,,,,,,,,,,,,,,,,,,,,,,,,,,,,,,,,,,,,,,,,,,,,,688.7384868340159,688.7472044170136,689.9830939590174,689.9830939590174,689.9830939590174,690.0553730000101,690.0553730000101,690.0553730000101,690.4875031250122,z,1.7371507499774452,None,690.4876370420097,690.4876827090047,None,,,,,,,,,,,,21040099,2,2026-01-15_12h12.40.477,tilt_mocs,2024.2.4,120.82791337127415,2026-01-15 12h12.52.410327 -0500,
0,0.0,,352,352,0,,,,,0,100,,,,,c+0,noss,0.5,z,1.3588360419962555,None,None,,,,,,,,,,,0,352,352,594,690.498776042019,,,,,,,,,,,,,,,,,,,,,,,,,,,,,,,,,,,,,,,,,,,,,,,,,,,,,,,,,,,,,,,,,,,,,,690.4897381250048,690.498776042019,690.9830804170051,690.9830804170051,690.9830804170051,691.0550469169975,691.0550469169975,691.0550469169975,691.8697656250151,z,1.3588360419962555,None,691.8698621249932,691.8699017500039,None,,,,,,,,,,,,21040099,2,2026-01-15_12h12.40.477,tilt_mocs,2024.2.4,120.82791337127415,2026-01-15 12h12.52.410327 -0500,
0,15.0,,353,353,0,,,,,100,0,,,,,c+0,poss,0.5,z,1.1093324170215055,None,None,,,,,,,,,,,0,353,353,51,691.88357825001,,,,,,,,,,,,,,,,,,,,,,,,,,,,,,,,,,,,,,,,,,,,,,,,,,,,,,,,,,,,,,,,,,,,,,691.8718450420129,691.88357825001,692.3662249170011,692.3662249170011,692.3662249170011,692.4384446250042,692.4384446250042,692.4384446250042,693.0036245000083,z,1.1093324170215055,None,693.0037572919973,693.0038098340156,None,,,,,,,,,,,,21040099,2,2026-01-15_12h12.40.477,tilt_mocs,2024.2.4,120.82791337127415,2026-01-15 12h12.52.410327 -0500,
2,15.0,,354,354,0,,,,,100,0,,,,,c+2,poss,1.0,z,1.5198554169910494,None,None,,,,,,,,,,,0,354,354,110,693.0151340840093,,,,,,,,,,,,,,,,,,,,,,,,,,,,,,,,,,,,,,,,,,,,,,,,,,,,,,,,,,,,,,,,,,,,,,693.0063287920202,693.0151340840093,693.999941209011,693.999941209011,693.999941209011,694.0718356250145,694.0718356250145,694.0718356250145,694.541233875003,z,1.5198554169910494,None,694.5413568340009,694.5414098750043,None,,,,,,,,,,,,21040099,2,2026-01-15_12h12.40.477,tilt_mocs,2024.2.4,120.82791337127415,2026-01-15 12h12.52.410327 -0500,
2,15.0,,355,355,0,,,,,100,0,,,,,c+2,poss,0.75,z,1.284433958993759,None,None,,,,,,,,,,,0,355,355,99,694.5525968750007,,,,,,,,,,,,,,,,,,,,,,,,,,,,,,,,,,,,,,,,,,,,,,,,,,,,,,,,,,,,,,,,,,,,,,694.543545499997,694.5525968750007,695.2923900420137,695.2923900420137,695.2923900420137,695.3671247920138,695.3671247920138,695.3671247920138,695.8409879590035,z,1.284433958993759,None,695.8411114170158,695.8411694999959,None,,,,,,,,,,,,21040099,2,2026-01-15_12h12.40.477,tilt_mocs,2024.2.4,120.82791337127415,2026-01-15 12h12.52.410327 -0500,
-6,-15.0,,356,356,0,,,,,100,0,,,,,c-6,negs,1.25,z,1.7833402079995722,None,None,,,,,,,,,,,0,356,356,330,695.8521398750017,,,,,,,,,,,,,,,,,,,,,,,,,,,,,,,,,,,,,,,,,,,,,,,,,,,,,,,,,,,,,,,,,,,,,,695.8431755000202,695.8521398750017,697.0910073750129,697.0910073750129,697.0910073750129,697.1671131670009,697.1671131670009,697.1671131670009,697.6424855420191,z,1.7833402079995722,None,697.6426195840177,697.6426736249996,None,,,,,,,,,,,,21040099,2,2026-01-15_12h12.40.477,tilt_mocs,2024.2.4,120.82791337127415,2026-01-15 12h12.52.410327 -0500,
-6,-15.0,,357,357,0,,,,,100,0,,,,,c-6,negs,0.5,z,0.9757251249975525,None,None,,,,,,,,,,,0,357,357,295,697.6532144170196,,,,,,,,,,,,,,,,,,,,,,,,,,,,,,,,,,,,,,,,,,,,,,,,,,,,,,,,,,,,,,,,,,,,,,697.6449761250115,697.6532144170196,698.1428772090003,698.1428772090003,698.1428772090003,698.2171636249986,698.2171636249986,698.2171636249986,698.6360404590087,z,0.9757251249975525,None,698.6361628340092,698.6362132090144,None,,,,,,,,,,,,21040099,2,2026-01-15_12h12.40.477,tilt_mocs,2024.2.4,120.82791337127415,2026-01-15 12h12.52.410327 -0500,
-4,0.0,,358,358,0,,,,,0,100,,,,,c-4,noss,1.25,z,1.731210124999052,None,None,,,,,,,,,,,0,358,358,538,698.6467751669989,,,,,,,,,,,,,,,,,,,,,,,,,,,,,,,,,,,,,,,,,,,,,,,,,,,,,,,,,,,,,,,,,,,,,,698.638310209004,698.6467751669989,699.8834229590138,699.8834229590138,699.8834229590138,699.9554200420098,699.9554200420098,699.9554200420098,700.3866152919945,z,1.731210124999052,None,700.3867565840192,700.3868113750068,None,,,,,,,,,,,,21040099,2,2026-01-15_12h12.40.477,tilt_mocs,2024.2.4,120.82791337127415,2026-01-15 12h12.52.410327 -0500,
6,15.0,,359,359,0,,,,,100,0,,,,,c+6,poss,1.0,period,1.6000458329799585,None,None,,,,,,,,,,,0,359,359,190,700.3977258749946,,,,,,,,,,,,,,,,,,,,,,,,,,,,,,,,,,,,,,,,,,,,,,,,,,,,,,,,,,,,,,,,,,,,,,700.3889624589938,700.3977258749946,701.3832857090165,701.3832857090165,701.3832857090165,701.4561851670151,701.4561851670151,701.4561851670151,702.0031626250129,period,1.6000458329799585,None,702.0032684589969,702.0033104589966,None,,,,,,,,,,,,21040099,2,2026-01-15_12h12.40.477,tilt_mocs,2024.2.4,120.82791337127415,2026-01-15 12h12.52.410327 -0500,
8,15.0,,360,360,0,,,,,100,0,,,,,c+8,poss,1.25,period,1.8202481670014095,None,None,,,,,,,,,,,0,360,360,245,702.0139397500025,,,,,,,,,,,,,,,,,,,,,,,,,,,,,,,,,,,,,,,,,,,,,,,,,,,,,,,,,,,,,,,,,,,,,,702.0052781669947,702.0139397500025,703.2501101249945,703.2501101249945,703.2501101249945,703.3224904170202,703.3224904170202,703.3224904170202,703.8374008340179,period,1.8202481670014095,None,703.8375310419942,703.8376067090139,None,,,,,,,,,,,,21040099,2,2026-01-15_12h12.40.477,tilt_mocs,2024.2.4,120.82791337127415,2026-01-15 12h12.52.410327 -0500,
8,15.0,,361,361,0,,,,,100,0,,,,,c+8,poss,0.75,period,1.235164750018157,None,None,,,,,,,,,,,0,361,361,226,703.8493903340132,,,,,,,,,,,,,,,,,,,,,,,,,,,,,,,,,,,,,,,,,,,,,,,,,,,,,,,,,,,,,,,,,,,,,,703.8401801250002,703.8493903340132,704.5834601249953,704.5834601249953,704.5834601249953,704.6550396250095,704.6550396250095,704.6550396250095,705.0873873750097,period,1.235164750018157,None,705.0875475000066,705.0876077919966,None,,,,,,,,,,,,21040099,2,2026-01-15_12h12.40.477,tilt_mocs,2024.2.4,120.82791337127415,2026-01-15 12h12.52.410327 -0500,
-2,-15.0,,362,362,0,,,,,100,0,,,,,c-2,negs,0.5,z,1.1427427500020713,None,None,,,,,,,,,,,0,362,362,388,705.099439542013,,,,,,,,,,,,,,,,,,,,,,,,,,,,,,,,,,,,,,,,,,,,,,,,,,,,,,,,,,,,,,,,,,,,,,705.0903509170166,705.099439542013,705.5835157920083,705.5835157920083,705.5835157920083,705.6554223340063,705.6554223340063,705.6554223340063,706.2535139170068,z,1.1427427500020713,None,706.2536550420045,706.2537108340184,None,,,,,,,,,,,,21040099,2,2026-01-15_12h12.40.477,tilt_mocs,2024.2.4,120.82791337127415,2026-01-15 12h12.52.410327 -0500,
2,0.0,,363,363,0,,,,,0,100,,,,,c+2,noss,1.0,period,1.5282135829911567,None,None,,,,,,,,,,,0,363,363,661,706.265108541993,,,,,,,,,,,,,,,,,,,,,,,,,,,,,,,,,,,,,,,,,,,,,,,,,,,,,,,,,,,,,,,,,,,,,,706.2560467500007,706.265108541993,707.2503475840203,707.2503475840203,707.2503475840203,707.3232124999922,707.3232124999922,707.3232124999922,707.8032258750172,period,1.5282135829911567,None,707.8033683749964,707.8034264589951,None,,,,,,,,,,,,21040099,2,2026-01-15_12h12.40.477,tilt_mocs,2024.2.4,120.82791337127415,2026-01-15 12h12.52.410327 -0500,
-4,0.0,,364,364,0,,,,,0,100,,,,,c-4,noss,1.0,z,1.4634602920268662,None,None,,,,,,,,,,,0,364,364,534,707.8148248340003,,,,,,,,,,,,,,,,,,,,,,,,,,,,,,,,,,,,,,,,,,,,,,,,,,,,,,,,,,,,,,,,,,,,,,707.8058514170116,707.8148248340003,708.8004453339963,708.8004453339963,708.8004453339963,708.8719706250122,708.8719706250122,708.8719706250122,709.286364583997,z,1.4634602920268662,None,709.286488917016,709.286539541994,None,,,,,,,,,,,,21040099,2,2026-01-15_12h12.40.477,tilt_mocs,2024.2.4,120.82791337127415,2026-01-15 12h12.52.410327 -0500,
0,-15.0,,365,365,0,,,,,100,0,,,,,c+0,negs,1.0,period,1.4618995000200812,None,None,,,,,,,,,,,0,365,365,444,709.297342875012,,,,,,,,,,,,,,,,,,,,,,,,,,,,,,,,,,,,,,,,,,,,,,,,,,,,,,,,,,,,,,,,,,,,,,709.2885481250123,709.297342875012,710.2838106669951,710.2838106669951,710.2838106669951,710.3562500420085,710.3562500420085,710.3562500420085,710.7696114999999,period,1.4618995000200812,None,710.7697403749917,710.7697986249987,None,,,,,,,,,,,,21040099,2,2026-01-15_12h12.40.477,tilt_mocs,2024.2.4,120.82791337127415,2026-01-15 12h12.52.410327 -0500,
-6,-15.0,,366,366,0,,,,,100,0,,,,,c-6,negs,1.0,z,1.569887290999759,None,None,,,,,,,,,,,0,366,366,323,710.7808727090014,,,,,,,,,,,,,,,,,,,,,,,,,,,,,,,,,,,,,,,,,,,,,,,,,,,,,,,,,,,,,,,,,,,,,,710.7720701670041,710.7808727090014,711.7671094170073,711.7671094170073,711.7671094170073,711.8394436250092,711.8394436250092,711.8394436250092,712.3532670419954,z,1.569887290999759,None,712.3533715420053,712.3534127089952,None,,,,,,,,,,,,21040099,2,2026-01-15_12h12.40.477,tilt_mocs,2024.2.4,120.82791337127415,2026-01-15 12h12.52.410327 -0500,
2,-15.0,,367,367,0,,,,,100,0,,,,,c+2,negs,0.5,period,0.9438571250066161,None,None,,,,,,,,,,,0,367,367,463,712.363498709019,,,,,,,,,,,,,,,,,,,,,,,,,,,,,,,,,,,,,,,,,,,,,,,,,,,,,,,,,,,,,,,,,,,,,,712.3553394170012,712.363498709019,712.8505360420095,712.8505360420095,712.8505360420095,712.9224717920006,712.9224717920006,712.9224717920006,713.3199325840105,period,0.9438571250066161,None,713.3200567089953,713.3201082920132,None,,,,,,,,,,,,21040099,2,2026-01-15_12h12.40.477,tilt_mocs,2024.2.4,120.82791337127415,2026-01-15 12h12.52.410327 -0500,
-4,-15.0,,368,368,0,,,,,100,0,,,,,c-4,negs,1.0,z,1.6597189590102062,None,None,,,,,,,,,,,0,368,368,362,713.3315047500073,,,,,,,,,,,,,,,,,,,,,,,,,,,,,,,,,,,,,,,,,,,,,,,,,,,,,,,,,,,,,,,,,,,,,,713.3225003340049,713.3315047500073,714.3172580840182,714.3172580840182,714.3172580840182,714.3893696250161,714.3893696250161,714.3893696250161,715.0038402499922,z,1.6597189590102062,None,715.003995084,715.0040514169959,None,,,,,,,,,,,,21040099,2,2026-01-15_12h12.40.477,tilt_mocs,2024.2.4,120.82791337127415,2026-01-15 12h12.52.410327 -0500,
2,-15.0,,369,369,0,,,,,100,0,,,,,c+2,negs,1.25,period,1.720188750012312,None,None,,,,,,,,,,,0,369,369,499,715.0158125839953,,,,,,,,,,,,,,,,,,,,,,,,,,,,,,,,,,,,,,,,,,,,,,,,,,,,,,,,,,,,,,,,,,,,,,715.006641792017,715.0158125839953,716.2509364169964,716.2509364169964,716.2509364169964,716.3235717920179,716.3235717920179,716.3235717920179,716.7432012089994,period,1.720188750012312,None,716.7433308339969,716.7433833749965,None,,,,,,,,,,,,21040099,2,2026-01-15_12h12.40.477,tilt_mocs,2024.2.4,120.82791337127415,2026-01-15 12h12.52.410327 -0500,
4,15.0,,370,370,0,,,,,100,0,,,,,c+4,poss,0.75,z,1.3137475419789553,None,None,,,,,,,,,,,0,370,370,141,716.7540483750054,,,,,,,,,,,,,,,,,,,,,,,,,,,,,,,,,,,,,,,,,,,,,,,,,,,,,,,,,,,,,,,,,,,,,,716.7458617500088,716.7540483750054,717.4931569170149,717.4931569170149,717.4931569170149,717.5678832500125,717.5678832500125,717.5678832500125,718.0704850000038,z,1.3137475419789553,None,718.0707322919916,718.0708193340106,None,,,,,,,,,,,,21040099,2,2026-01-15_12h12.40.477,tilt_mocs,2024.2.4,120.82791337127415,2026-01-15 12h12.52.410327 -0500,
-2,-15.0,,371,371,0,,,,,100,0,,,,,c-2,negs,0.5,z,1.0530354169895872,None,None,,,,,,,,,,,0,371,371,378,718.0824757090013,,,,,,,,,,,,,,,,,,,,,,,,,,,,,,,,,,,,,,,,,,,,,,,,,,,,,,,,,,,,,,,,,,,,,,718.0732750000025,718.0824757090013,718.5672940840013,718.5672940840013,718.5672940840013,718.6395740419975,718.6395740419975,718.6395740419975,719.1418040000135,z,1.0530354169895872,None,719.141928291996,719.1419802090095,None,,,,,,,,,,,,21040099,2,2026-01-15_12h12.40.477,tilt_mocs,2024.2.4,120.82791337127415,2026-01-15 12h12.52.410327 -0500,
0,-15.0,,372,372,0,,,,,100,0,,,,,c+0,negs,0.5,z,1.0330618330044672,None,None,,,,,,,,,,,0,372,372,430,719.1535561670025,,,,,,,,,,,,,,,,,,,,,,,,,,,,,,,,,,,,,,,,,,,,,,,,,,,,,,,,,,,,,,,,,,,,,,719.1445273339923,719.1535561670025,719.6436663749919,719.6436663749919,719.6436663749919,719.717896999995,719.717896999995,719.717896999995,720.192928000004,z,1.0330618330044672,None,720.1930567090167,720.193112375011,None,,,,,,,,,,,,21040099,2,2026-01-15_12h12.40.477,tilt_mocs,2024.2.4,120.82791337127415,2026-01-15 12h12.52.410327 -0500,
6,15.0,,373,373,0,,,,,100,0,,,,,c+6,poss,1.0,period,1.6103826670150738,None,None,,,,,,,,,,,0,373,373,195,720.2035896670131,,,,,,,,,,,,,,,,,,,,,,,,,,,,,,,,,,,,,,,,,,,,,,,,,,,,,,,,,,,,,,,,,,,,,,720.1951008750184,720.2035896670131,721.1941075420182,721.1941075420182,721.1941075420182,721.2680874170037,721.2680874170037,721.2680874170037,721.8199479590112,period,1.6103826670150738,None,721.8200572920032,721.8201042090077,None,,,,,,,,,,,,21040099,2,2026-01-15_12h12.40.477,tilt_mocs,2024.2.4,120.82791337127415,2026-01-15 12h12.52.410327 -0500,
0,15.0,,374,374,0,,,,,100,0,,,,,c+0,poss,1.0,z,1.5374305000004824,None,None,,,,,,,,,,,0,374,374,71,721.8308535419928,,,,,,,,,,,,,,,,,,,,,,,,,,,,,,,,,,,,,,,,,,,,,,,,,,,,,,,,,,,,,,,,,,,,,,721.8220776249946,721.8308535419928,722.8175051250146,722.8175051250146,722.8175051250146,722.8897890840017,722.8897890840017,722.8897890840017,723.3713810000045,z,1.5374305000004824,None,723.3715191250085,723.3715715839935,None,,,,,,,,,,,,21040099,2,2026-01-15_12h12.40.477,tilt_mocs,2024.2.4,120.82791337127415,2026-01-15 12h12.52.410327 -0500,
2,15.0,,375,375,0,,,,,100,0,,,,,c+2,poss,0.5,z,1.0289952080056537,None,None,,,,,,,,,,,0,375,375,94,723.3825327920204,,,,,,,,,,,,,,,,,,,,,,,,,,,,,,,,,,,,,,,,,,,,,,,,,,,,,,,,,,,,,,,,,,,,,,723.373802209011,723.3825327920204,723.8677325840108,723.8677325840108,723.8677325840108,723.9404934589984,723.9404934589984,723.9404934589984,724.4211097920197,z,1.0289952080056537,None,724.4212713339948,724.4213260000106,None,,,,,,,,,,,,21040099,2,2026-01-15_12h12.40.477,tilt_mocs,2024.2.4,120.82791337127415,2026-01-15 12h12.52.410327 -0500,
2,-15.0,,376,376,0,,,,,100,0,,,,,c+2,negs,1.0,period,1.5460365409962833,None,None,,,,,,,,,,,0,376,376,485,724.433220625011,,,,,,,,,,,,,,,,,,,,,,,,,,,,,,,,,,,,,,,,,,,,,,,,,,,,,,,,,,,,,,,,,,,,,,724.4238837920129,724.433220625011,725.4175902499992,725.4175902499992,725.4175902499992,725.4893448750081,725.4893448750081,725.4893448750081,725.986909875006,period,1.5460365409962833,None,725.9870379590138,725.9870903750125,None,,,,,,,,,,,,21040099,2,2026-01-15_12h12.40.477,tilt_mocs,2024.2.4,120.82791337127415,2026-01-15 12h12.52.410327 -0500,
2,0.0,,377,377,0,,,,,0,100,,,,,c+2,noss,1.0,period,1.5439682500145864,None,None,,,,,,,,,,,0,377,377,659,725.9981916249963,,,,,,,,,,,,,,,,,,,,,,,,,,,,,,,,,,,,,,,,,,,,,,,,,,,,,,,,,,,,,,,,,,,,,,725.9894817500026,725.9981916249963,726.9843731250148,726.9843731250148,726.9843731250148,727.0565278340073,727.0565278340073,727.0565278340073,727.553994167014,period,1.5439682500145864,None,727.5540969590074,727.5541372089938,None,,,,,,,,,,,,21040099,2,2026-01-15_12h12.40.477,tilt_mocs,2024.2.4,120.82791337127415,2026-01-15 12h12.52.410327 -0500,
2,15.0,,378,378,0,,,,,100,0,,,,,c+2,poss,0.75,z,1.2122984580055345,None,None,,,,,,,,,,,0,378,378,102,727.5681982090173,,,,,,,,,,,,,,,,,,,,,,,,,,,,,,,,,,,,,,,,,,,,,,,,,,,,,,,,,,,,,,,,,,,,,,727.5560963750177,727.5681982090173,728.3009510840056,728.3009510840056,728.3009510840056,728.3731839169923,728.3731839169923,728.3731839169923,728.7868313340005,z,1.2122984580055345,None,728.7869431250147,728.7869845840032,None,,,,,,,,,,,,21040099,2,2026-01-15_12h12.40.477,tilt_mocs,2024.2.4,120.82791337127415,2026-01-15 12h12.52.410327 -0500,
-8,-15.0,,379,379,0,,,,,100,0,,,,,c-8,negs,1.0,z,1.5374732080090325,None,None,,,,,,,,,,,0,379,379,282,728.7975747500022,,,,,,,,,,,,,,,,,,,,,,,,,,,,,,,,,,,,,,,,,,,,,,,,,,,,,,,,,,,,,,,,,,,,,,728.7888804590038,728.7975747500022,729.7846606250096,729.7846606250096,729.7846606250096,729.8569741249958,729.8569741249958,729.8569741249958,730.3380119170179,z,1.5374732080090325,None,730.3381409590074,730.3381919590174,None,,,,,,,,,,,,21040099,2,2026-01-15_12h12.40.477,tilt_mocs,2024.2.4,120.82791337127415,2026-01-15 12h12.52.410327 -0500,
4,0.0,,380,380,0,,,,,0,100,,,,,c+4,noss,1.0,period,1.5443142500007525,None,None,,,,,,,,,,,0,380,380,694,730.3492134590051,,,,,,,,,,,,,,,,,,,,,,,,,,,,,,,,,,,,,,,,,,,,,,,,,,,,,,,,,,,,,,,,,,,,,,730.340391042002,730.3492134590051,731.3345502089942,731.3345502089942,731.3345502089942,731.4067486250133,731.4067486250133,731.4067486250133,731.9048063340015,period,1.5443142500007525,None,731.9049450000166,731.9050011250074,None,,,,,,,,,,,,21040099,2,2026-01-15_12h12.40.477,tilt_mocs,2024.2.4,120.82791337127415,2026-01-15 12h12.52.410327 -0500,
-4,0.0,,381,381,0,,,,,0,100,,,,,c-4,noss,1.25,z,1.7283012080006301,None,None,,,,,,,,,,,0,381,381,542,731.9162869589927,,,,,,,,,,,,,,,,,,,,,,,,,,,,,,,,,,,,,,,,,,,,,,,,,,,,,,,,,,,,,,,,,,,,,,731.9071546670166,731.9162869589927,733.1512188750203,733.1512188750203,733.1512188750203,733.224231500004,733.224231500004,733.224231500004,733.6529259590025,z,1.7283012080006301,None,733.6530465840187,733.6530999590177,None,,,,,,,,,,,,21040099,2,2026-01-15_12h12.40.477,tilt_mocs,2024.2.4,120.82791337127415,2026-01-15 12h12.52.410327 -0500,
8,15.0,,382,382,0,,,,,100,0,,,,,c+8,poss,1.25,period,1.739123000006657,None,None,,,,,,,,,,,0,382,382,243,733.6646228340105,,,,,,,,,,,,,,,,,,,,,,,,,,,,,,,,,,,,,,,,,,,,,,,,,,,,,,,,,,,,,,,,,,,,,,733.6554018339957,733.6646228340105,734.900416584016,734.900416584016,734.900416584016,734.973172375001,734.973172375001,734.973172375001,735.4094392500119,period,1.739123000006657,None,735.4095609590004,735.4096112090047,None,,,,,,,,,,,,21040099,2,2026-01-15_12h12.40.477,tilt_mocs,2024.2.4,120.82791337127415,2026-01-15 12h12.52.410327 -0500,
6,15.0,,383,383,0,,,,,100,0,,,,,c+6,poss,0.75,period,1.3390811670105904,None,None,,,,,,,,,,,0,383,383,179,735.4205526669975,,,,,,,,,,,,,,,,,,,,,,,,,,,,,,,,,,,,,,,,,,,,,,,,,,,,,,,,,,,,,,,,,,,,,,735.4116120419931,735.4205526669975,736.1625922090025,736.1625922090025,736.1625922090025,736.2402111249976,736.2402111249976,736.2402111249976,736.770895624999,period,1.3390811670105904,None,736.7710324590153,736.7710859999934,None,,,,,,,,,,,,21040099,2,2026-01-15_12h12.40.477,tilt_mocs,2024.2.4,120.82791337127415,2026-01-15 12h12.52.410327 -0500,
-2,-15.0,,384,384,0,,,,,100,0,,,,,c-2,negs,0.5,period,1.0199930409726221,None,None,,,,,,,,,,,0,384,384,380,736.7821167499933,,,,,,,,,,,,,,,,,,,,,,,,,,,,,,,,,,,,,,,,,,,,,,,,,,,,,,,,,,,,,,,,,,,,,,736.7732059170085,736.7821167499933,737.2679575420043,737.2679575420043,737.2679575420043,737.3399017920019,737.3399017920019,737.3399017920019,737.8050644170144,period,1.0199930409726221,None,737.805195708992,737.8052504590014,None,,,,,,,,,,,,21040099,2,2026-01-15_12h12.40.477,tilt_mocs,2024.2.4,120.82791337127415,2026-01-15 12h12.52.410327 -0500,
4,15.0,,385,385,0,,,,,100,0,,,,,c+4,poss,0.5,period,1.2190168749948498,None,None,,,,,,,,,,,0,385,385,131,737.8163897920167,,,,,,,,,,,,,,,,,,,,,,,,,,,,,,,,,,,,,,,,,,,,,,,,,,,,,,,,,,,,,,,,,,,,,,737.8073578750191,737.8163897920167,738.3006517920003,738.3006517920003,738.3006517920003,738.3741972499993,738.3741972499993,738.3741972499993,739.0385130420036,period,1.2190168749948498,None,739.0386682499957,739.0387226669991,None,,,,,,,,,,,,21040099,2,2026-01-15_12h12.40.477,tilt_mocs,2024.2.4,120.82791337127415,2026-01-15 12h12.52.410327 -0500,
-2,15.0,,386,386,0,,,,,100,0,,,,,c-2,poss,1.0,z,1.5121437910129316,None,None,,,,,,,,,,,0,386,386,28,739.0496599170147,,,,,,,,,,,,,,,,,,,,,,,,,,,,,,,,,,,,,,,,,,,,,,,,,,,,,,,,,,,,,,,,,,,,,,739.0409754170105,739.0496599170147,740.0347284589952,740.0347284589952,740.0347284589952,740.1068647089996,740.1068647089996,740.1068647089996,740.5713900840201,z,1.5121437910129316,None,740.5715331250103,740.5715848340187,None,,,,,,,,,,,,21040099,2,2026-01-15_12h12.40.477,tilt_mocs,2024.2.4,120.82791337127415,2026-01-15 12h12.52.410327 -0500,
2,0.0,,387,387,0,,,,,0,100,,,,,c+2,noss,0.5,z,1.2157814999809489,None,None,,,,,,,,,,,0,387,387,640,740.5825720840076,,,,,,,,,,,,,,,,,,,,,,,,,,,,,,,,,,,,,,,,,,,,,,,,,,,,,,,,,,,,,,,,,,,,,,740.5737839590001,740.5825720840076,741.0681646669982,741.0681646669982,741.0681646669982,741.1404504170059,741.1404504170059,741.1404504170059,741.8045080839947,z,1.2157814999809489,None,741.8046657090017,741.8047222500027,None,,,,,,,,,,,,21040099,2,2026-01-15_12h12.40.477,tilt_mocs,2024.2.4,120.82791337127415,2026-01-15 12h12.52.410327 -0500,
-2,15.0,,388,388,0,,,,,100,0,,,,,c-2,poss,1.25,z,1.8020447079907171,None,None,,,,,,,,,,,0,388,388,34,741.8167699589976,,,,,,,,,,,,,,,,,,,,,,,,,,,,,,,,,,,,,,,,,,,,,,,,,,,,,,,,,,,,,,,,,,,,,,741.8074097500066,741.8167699589976,743.0507866250118,743.0507866250118,743.0507866250118,743.1234219589969,743.1234219589969,743.1234219589969,743.6215813340095,z,1.8020447079907171,None,743.6217195420177,743.6217724590097,None,,,,,,,,,,,,21040099,2,2026-01-15_12h12.40.477,tilt_mocs,2024.2.4,120.82791337127415,2026-01-15 12h12.52.410327 -0500,
8,15.0,,389,389,0,,,,,100,0,,,,,c+8,poss,0.5,period,0.9859357079840265,None,None,,,,,,,,,,,0,389,389,215,743.6330794169917,,,,,,,,,,,,,,,,,,,,,,,,,,,,,,,,,,,,,,,,,,,,,,,,,,,,,,,,,,,,,,,,,,,,,,743.6240979589929,743.6330794169917,744.1183176250197,744.1183176250197,744.1183176250197,744.1903170000005,744.1903170000005,744.1903170000005,744.6215910000028,period,0.9859357079840265,None,744.6217467919923,744.6218029590091,None,,,,,,,,,,,,21040099,2,2026-01-15_12h12.40.477,tilt_mocs,2024.2.4,120.82791337127415,2026-01-15 12h12.52.410327 -0500,
-4,-15.0,,390,390,0,,,,,100,0,,,,,c-4,negs,0.5,period,1.187245332985185,None,None,,,,,,,,,,,0,390,390,343,744.6337668340129,,,,,,,,,,,,,,,,,,,,,,,,,,,,,,,,,,,,,,,,,,,,,,,,,,,,,,,,,,,,,,,,,,,,,,744.6245405840164,744.6337668340129,745.1183644590201,745.1183644590201,745.1183644590201,745.1914333750028,745.1914333750028,745.1914333750028,745.8275952920085,period,1.187245332985185,None,745.8277283750067,745.8277799999923,None,,,,,,,,,,,,21040099,2,2026-01-15_12h12.40.477,tilt_mocs,2024.2.4,120.82791337127415,2026-01-15 12h12.52.410327 -0500,
-2,15.0,,391,391,0,,,,,100,0,,,,,c-2,poss,0.75,z,1.2242953749955632,None,None,,,,,,,,,,,0,391,391,17,745.8385934590187,,,,,,,,,,,,,,,,,,,,,,,,,,,,,,,,,,,,,,,,,,,,,,,,,,,,,,,,,,,,,,,,,,,,,,745.830116208992,745.8385934590187,746.5770275840187,746.5770275840187,746.5770275840187,746.6522778749932,746.6522778749932,746.6522778749932,747.0719770840078,z,1.2242953749955632,None,747.0721171250043,747.0721712090017,None,,,,,,,,,,,,21040099,2,2026-01-15_12h12.40.477,tilt_mocs,2024.2.4,120.82791337127415,2026-01-15 12h12.52.410327 -0500,
0,0.0,,392,392,0,,,,,0,100,,,,,c+0,noss,1.0,z,1.5861231249873526,None,None,,,,,,,,,,,0,392,392,612,747.0839959169971,,,,,,,,,,,,,,,,,,,,,,,,,,,,,,,,,,,,,,,,,,,,,,,,,,,,,,,,,,,,,,,,,,,,,,747.0747717920167,747.0839959169971,748.0779926670075,748.0779926670075,748.0779926670075,748.15233833401,748.15233833401,748.15233833401,748.6816723750089,z,1.5861231249873526,None,748.6817757920071,748.6818164169963,None,,,,,,,,,,,,21040099,2,2026-01-15_12h12.40.477,tilt_mocs,2024.2.4,120.82791337127415,2026-01-15 12h12.52.410327 -0500,
0,15.0,,393,393,0,,,,,100,0,,,,,c+0,poss,0.75,z,1.2691354580165353,None,None,,,,,,,,,,,0,393,393,55,748.6881882919988,,,,,,,,,,,,,,,,,,,,,,,,,,,,,,,,,,,,,,,,,,,,,,,,,,,,,,,,,,,,,,,,,,,,,,748.683804291999,748.6881882919988,749.4281318339927,749.4281318339927,749.4281318339927,749.5023202919983,749.5023202919983,749.5023202919983,749.95997020902,z,1.2691354580165353,None,749.9600710000086,749.9601123339962,None,,,,,,,,,,,,21040099,2,2026-01-15_12h12.40.477,tilt_mocs,2024.2.4,120.82791337127415,2026-01-15 12h12.52.410327 -0500,
2,-15.0,,394,394,0,,,,,100,0,,,,,c+2,negs,0.75,period,1.5280045419931412,None,None,,,,,,,,,,,0,394,394,475,749.9707983749977,,,,,,,,,,,,,,,,,,,,,,,,,,,,,,,,,,,,,,,,,,,,,,,,,,,,,,,,,,,,,,,,,,,,,,749.9620282500109,749.9707983749977,750.7117817090184,750.7117817090184,750.7117817090184,750.7858584999922,750.7858584999922,750.7858584999922,751.5052352920175,period,1.5280045419931412,None,751.5053998340154,751.505451917008,None,,,,,,,,,,,,21040099,2,2026-01-15_12h12.40.477,tilt_mocs,2024.2.4,120.82791337127415,2026-01-15 12h12.52.410327 -0500,
2,-15.0,,395,395,0,,,,,100,0,,,,,c+2,negs,0.5,period,0.9603710419905838,None,None,,,,,,,,,,,0,395,395,467,751.5179097090149,,,,,,,,,,,,,,,,,,,,,,,,,,,,,,,,,,,,,,,,,,,,,,,,,,,,,,,,,,,,,,,,,,,,,,751.5087537920044,751.5179097090149,752.0010314169922,752.0010314169922,752.0010314169922,752.0736743340094,752.0736743340094,752.0736743340094,752.4879571250058,period,0.9603710419905838,None,752.488089334016,752.4881416670105,None,,,,,,,,,,,,21040099,2,2026-01-15_12h12.40.477,tilt_mocs,2024.2.4,120.82791337127415,2026-01-15 12h12.52.410327 -0500,
2,15.0,,396,396,0,,,,,100,0,,,,,c+2,poss,0.5,z,1.0871800830063876,None,None,,,,,,,,,,,0,396,396,87,752.499481375009,,,,,,,,,,,,,,,,,,,,,,,,,,,,,,,,,,,,,,,,,,,,,,,,,,,,,,,,,,,,,,,,,,,,,,752.4906640840054,752.499481375009,752.9853165420063,752.9853165420063,752.9853165420063,753.057917291997,753.057917291997,753.057917291997,753.5982578750118,z,1.0871800830063876,None,753.5983626669913,753.5984032920096,None,,,,,,,,,,,,21040099,2,2026-01-15_12h12.40.477,tilt_mocs,2024.2.4,120.82791337127415,2026-01-15 12h12.52.410327 -0500,
-2,0.0,,397,397,0,,,,,0,100,,,,,c-2,noss,1.0,z,1.6261722919880413,None,None,,,,,,,,,,,0,397,397,576,753.60507637501,,,,,,,,,,,,,,,,,,,,,,,,,,,,,,,,,,,,,,,,,,,,,,,,,,,,,,,,,,,,,,,,,,,,,,753.6003177090024,753.60507637501,754.5944383750029,754.5944383750029,754.5944383750029,754.6691595840093,754.6691595840093,754.6691595840093,755.2380521669984,z,1.6261722919880413,None,755.238171584002,755.238222792017,None,,,,,,,,,,,,21040099,2,2026-01-15_12h12.40.477,tilt_mocs,2024.2.4,120.82791337127415,2026-01-15 12h12.52.410327 -0500,
8,15.0,,398,398,0,,,,,100,0,,,,,c+8,poss,0.75,period,1.4206987909856252,None,None,,,,,,,,,,,0,398,398,222,755.2489495839982,,,,,,,,,,,,,,,,,,,,,,,,,,,,,,,,,,,,,,,,,,,,,,,,,,,,,,,,,,,,,,,,,,,,,,755.2402187090192,755.2489495839982,755.9853525420185,755.9853525420185,755.9853525420185,756.0572854590137,756.0572854590137,756.0572854590137,756.6722647499992,period,1.4206987909856252,None,756.6724037090025,756.6724564169999,None,,,,,,,,,,,,21040099,2,2026-01-15_12h12.40.477,tilt_mocs,2024.2.4,120.82791337127415,2026-01-15 12h12.52.410327 -0500,
2,-15.0,,399,399,0,,,,,100,0,,,,,c+2,negs,0.75,period,1.1876140419917647,None,None,,,,,,,,,,,0,399,399,477,756.6839846250077,,,,,,,,,,,,,,,,,,,,,,,,,,,,,,,,,,,,,,,,,,,,,,,,,,,,,,,,,,,,,,,,,,,,,,756.6750014999998,756.6839846250077,757.4187203750189,757.4187203750189,757.4187203750189,757.4910076670058,757.4910076670058,757.4910076670058,757.8779777089949,period,1.1876140419917647,None,757.8781282500131,757.8781846670026,None,,,,,,,,,,,,21040099,2,2026-01-15_12h12.40.477,tilt_mocs,2024.2.4,120.82791337127415,2026-01-15 12h12.52.410327 -0500,
2,-15.0,,400,400,0,,,,,100,0,,,,,c+2,negs,1.25,period,1.7228059580083936,None,None,,,,,,,,,,,0,400,400,500,757.889437417005,,,,,,,,,,,,,,,,,,,,,,,,,,,,,,,,,,,,,,,,,,,,,,,,,,,,,,,,,,,,,,,,,,,,,,757.8812070419954,757.889437417005,759.129010625009,759.129010625009,759.129010625009,759.202712333994,759.202712333994,759.202712333994,759.6223227500159,period,1.7228059580083936,None,759.622466959001,759.6225286670087,None,,,,,,,,,,,,21040099,2,2026-01-15_12h12.40.477,tilt_mocs,2024.2.4,120.82791337127415,2026-01-15 12h12.52.410327 -0500,
-2,-15.0,,401,401,0,,,,,100,0,,,,,c-2,negs,0.5,z,1.225286207976751,None,None,,,,,,,,,,,0,401,401,381,759.6334539999953,,,,,,,,,,,,,,,,,,,,,,,,,,,,,,,,,,,,,,,,,,,,,,,,,,,,,,,,,,,,,,,,,,,,,,759.6248169169994,759.6334539999953,760.1183547500113,760.1183547500113,760.1183547500113,760.1907643750019,760.1907643750019,760.1907643750019,760.8617309170077,z,1.225286207976751,None,760.8618592919956,760.8619106670085,None,,,,,,,,,,,,21040099,2,2026-01-15_12h12.40.477,tilt_mocs,2024.2.4,120.82791337127415,2026-01-15 12h12.52.410327 -0500,
-2,0.0,,402,402,0,,,,,0,100,,,,,c-2,noss,1.25,z,1.7472697089833673,None,None,,,,,,,,,,,0,402,402,587,760.8722631249984,,,,,,,,,,,,,,,,,,,,,,,,,,,,,,,,,,,,,,,,,,,,,,,,,,,,,,,,,,,,,,,,,,,,,,760.8639520420111,760.8722631249984,762.111933334003,762.111933334003,762.111933334003,762.1919883750088,762.1919883750088,762.1919883750088,762.6220974170137,z,1.7472697089833673,None,762.6222599169996,762.6223162090173,None,,,,,,,,,,,,21040099,2,2026-01-15_12h12.40.477,tilt_mocs,2024.2.4,120.82791337127415,2026-01-15 12h12.52.410327 -0500,
-2,0.0,,403,403,0,,,,,0,100,,,,,c-2,noss,1.0,z,1.5518344590091147,None,None,,,,,,,,,,,0,403,403,575,762.6343309170043,,,,,,,,,,,,,,,,,,,,,,,,,,,,,,,,,,,,,,,,,,,,,,,,,,,,,,,,,,,,,,,,,,,,,,762.6251418750035,762.6343309170043,763.6190097920189,763.6190097920189,763.6190097920189,763.690773084003,763.690773084003,763.690773084003,764.1888017090096,z,1.5518344590091147,None,764.1890284999972,764.1891141250089,None,,,,,,,,,,,,21040099,2,2026-01-15_12h12.40.477,tilt_mocs,2024.2.4,120.82791337127415,2026-01-15 12h12.52.410327 -0500,
-2,15.0,,404,404,0,,,,,100,0,,,,,c-2,poss,1.25,z,1.7703842080081813,None,None,,,,,,,,,,,0,404,404,39,764.2004847500066,,,,,,,,,,,,,,,,,,,,,,,,,,,,,,,,,,,,,,,,,,,,,,,,,,,,,,,,,,,,,,,,,,,,,,764.1915757920069,764.2004847500066,765.4356608340167,765.4356608340167,765.4356608340167,765.5080622090027,765.5080622090027,765.5080622090027,765.9772973340005,z,1.7703842080081813,None,765.9774183340196,765.977468875004,None,,,,,,,,,,,,21040099,2,2026-01-15_12h12.40.477,tilt_mocs,2024.2.4,120.82791337127415,2026-01-15 12h12.52.410327 -0500,
6,15.0,,405,405,0,,,,,100,0,,,,,c+6,poss,1.0,period,1.7252329580078367,None,None,,,,,,,,,,,0,405,405,194,765.9886230420088,,,,,,,,,,,,,,,,,,,,,,,,,,,,,,,,,,,,,,,,,,,,,,,,,,,,,,,,,,,,,,,,,,,,,,765.9796572920168,765.9886230420088,766.9783443339984,766.9783443339984,766.9783443339984,767.0529726670065,767.0529726670065,767.0529726670065,767.7218098750163,period,1.7252329580078367,None,767.7219307500054,767.7219805420027,None,,,,,,,,,,,,21040099,2,2026-01-15_12h12.40.477,tilt_mocs,2024.2.4,120.82791337127415,2026-01-15 12h12.52.410327 -0500,
8,15.0,,406,406,0,,,,,100,0,,,,,c+8,poss,1.0,period,1.433714125014376,None,None,,,,,,,,,,,0,406,406,240,767.7327234590193,,,,,,,,,,,,,,,,,,,,,,,,,,,,,,,,,,,,,,,,,,,,,,,,,,,,,,,,,,,,,,,,,,,,,,767.7240892090194,767.7327234590193,768.7190780840174,768.7190780840174,768.7190780840174,768.7916050000058,768.7916050000058,768.7916050000058,769.1719625419937,period,1.433714125014376,None,769.1720699169964,769.1721119169961,None,,,,,,,,,,,,21040099,2,2026-01-15_12h12.40.477,tilt_mocs,2024.2.4,120.82791337127415,2026-01-15 12h12.52.410327 -0500,
-6,-15.0,,407,407,0,,,,,100,0,,,,,c-6,negs,1.0,z,1.4403606670093723,None,None,,,,,,,,,,,0,407,407,322,769.1828742090147,,,,,,,,,,,,,,,,,,,,,,,,,,,,,,,,,,,,,,,,,,,,,,,,,,,,,,,,,,,,,,,,,,,,,,769.1740790840122,769.1828742090147,770.1681794589967,770.1681794589967,770.1681794589967,770.2409315420082,770.2409315420082,770.2409315420082,770.6281621670059,z,1.4403606670093723,None,770.6282794589933,770.6283487920009,None,,,,,,,,,,,,21040099,2,2026-01-15_12h12.40.477,tilt_mocs,2024.2.4,120.82791337127415,2026-01-15 12h12.52.410327 -0500,
0,-15.0,,408,408,0,,,,,100,0,,,,,c+0,negs,1.0,z,1.6253645419783425,None,None,,,,,,,,,,,0,408,408,448,770.6389587089943,,,,,,,,,,,,,,,,,,,,,,,,,,,,,,,,,,,,,,,,,,,,,,,,,,,,,,,,,,,,,,,,,,,,,,770.6303309590148,770.6389587089943,771.6288243340096,771.6288243340096,771.6288243340096,771.703201708995,771.703201708995,771.703201708995,772.2727787500189,z,1.6253645419783425,None,772.2729217089945,772.2729791250022,None,,,,,,,,,,,,21040099,2,2026-01-15_12h12.40.477,tilt_mocs,2024.2.4,120.82791337127415,2026-01-15 12h12.52.410327 -0500,
4,0.0,,409,409,0,,,,,0,100,,,,,c+4,noss,1.25,period,1.777067832998,None,None,,,,,,,,,,,0,409,409,704,772.2842595420079,,,,,,,,,,,,,,,,,,,,,,,,,,,,,,,,,,,,,,,,,,,,,,,,,,,,,,,,,,,,,,,,,,,,,,772.2752882920031,772.2842595420079,773.5193568340037,773.5193568340037,773.5193568340037,773.591214834014,773.591214834014,773.591214834014,774.0721302920138,period,1.777067832998,None,774.0722880419926,774.0723460000008,None,,,,,,,,,,,,21040099,2,2026-01-15_12h12.40.477,tilt_mocs,2024.2.4,120.82791337127415,2026-01-15 12h12.52.410327 -0500,
4,0.0,,410,410,0,,,,,0,100,,,,,c+4,noss,0.5,period,0.9776431669888552,None,None,,,,,,,,,,,0,410,410,680,774.0844895839982,,,,,,,,,,,,,,,,,,,,,,,,,,,,,,,,,,,,,,,,,,,,,,,,,,,,,,,,,,,,,,,,,,,,,,774.0754840000009,774.0844895839982,774.5693737920083,774.5693737920083,774.5693737920083,774.6415590420074,774.6415590420074,774.6415590420074,775.0723061250173,period,0.9776431669888552,None,775.0724601249967,775.0726300840033,None,,,,,,,,,,,,21040099,2,2026-01-15_12h12.40.477,tilt_mocs,2024.2.4,120.82791337127415,2026-01-15 12h12.52.410327 -0500,
-2,-15.0,,411,411,0,,,,,100,0,,,,,c-2,negs,0.75,period,1.470542374998331,None,None,,,,,,,,,,,0,411,411,393,775.0841300839966,,,,,,,,,,,,,,,,,,,,,,,,,,,,,,,,,,,,,,,,,,,,,,,,,,,,,,,,,,,,,,,,,,,,,,775.0752072500181,775.0841300839966,775.8193395420094,775.8193395420094,775.8193395420094,775.8923768750101,775.8923768750101,775.8923768750101,776.5607741250133,period,1.470542374998331,None,776.5608730840031,776.5609173749981,None,,,,,,,,,,,,21040099,2,2026-01-15_12h12.40.477,tilt_mocs,2024.2.4,120.82791337127415,2026-01-15 12h12.52.410327 -0500,
0,0.0,,412,412,0,,,,,0,100,,,,,c+0,noss,1.25,period,1.8414607919985428,None,None,,,,,,,,,,,0,412,412,628,776.571950292011,,,,,,,,,,,,,,,,,,,,,,,,,,,,,,,,,,,,,,,,,,,,,,,,,,,,,,,,,,,,,,,,,,,,,,776.5628731250181,776.571950292011,777.8118633340055,777.8118633340055,777.8118633340055,777.8867058340111,777.8867058340111,777.8867058340111,778.4222885000054,period,1.8414607919985428,None,778.4224228340026,778.4224739590136,None,,,,,,,,,,,,21040099,2,2026-01-15_12h12.40.477,tilt_mocs,2024.2.4,120.82791337127415,2026-01-15 12h12.52.410327 -0500,
-2,0.0,,413,413,0,,,,,0,100,,,,,c-2,noss,0.75,z,1.2600410410086624,None,None,,,,,,,,,,,0,413,413,559,778.4335702499957,,,,,,,,,,,,,,,,,,,,,,,,,,,,,,,,,,,,,,,,,,,,,,,,,,,,,,,,,,,,,,,,,,,,,,778.42485983402,778.4335702499957,779.1697119589953,779.1697119589953,779.1697119589953,779.2418372920074,779.2418372920074,779.2418372920074,779.7054644169984,z,1.2600410410086624,None,779.705586541997,779.7056368339981,None,,,,,,,,,,,,21040099,2,2026-01-15_12h12.40.477,tilt_mocs,2024.2.4,120.82791337127415,2026-01-15 12h12.52.410327 -0500,
8,15.0,,414,414,0,,,,,100,0,,,,,c+8,poss,0.75,period,1.3769151250016876,None,None,,,,,,,,,,,0,414,414,224,779.7164324590121,,,,,,,,,,,,,,,,,,,,,,,,,,,,,,,,,,,,,,,,,,,,,,,,,,,,,,,,,,,,,,,,,,,,,,779.7076605000184,779.7164324590121,780.4528349169996,780.4528349169996,780.4528349169996,780.5249137500068,780.5249137500068,780.5249137500068,781.096388334001,period,1.3769151250016876,None,781.0965443339956,781.0966104590043,None,,,,,,,,,,,,21040099,2,2026-01-15_12h12.40.477,tilt_mocs,2024.2.4,120.82791337127415,2026-01-15 12h12.52.410327 -0500,
-2,-15.0,,415,415,0,,,,,100,0,,,,,c-2,negs,0.5,z,1.180217207991518,None,None,,,,,,,,,,,0,415,415,385,781.1068013750191,,,,,,,,,,,,,,,,,,,,,,,,,,,,,,,,,,,,,,,,,,,,,,,,,,,,,,,,,,,,,,,,,,,,,,781.0987776670081,781.1068013750191,781.5954155840154,781.5954155840154,781.5954155840154,781.6701555420004,781.6701555420004,781.6701555420004,782.2901427920151,z,1.180217207991518,None,782.2902844170167,782.2903370840068,None,,,,,,,,,,,,21040099,2,2026-01-15_12h12.40.477,tilt_mocs,2024.2.4,120.82791337127415,2026-01-15 12h12.52.410327 -0500,
2,-15.0,,416,416,0,,,,,100,0,,,,,c+2,negs,0.75,period,1.2729322079976555,None,None,,,,,,,,,,,0,416,416,483,782.3021336669917,,,,,,,,,,,,,,,,,,,,,,,,,,,,,,,,,,,,,,,,,,,,,,,,,,,,,,,,,,,,,,,,,,,,,,782.2929772089992,782.3021336669917,783.035381084017,783.035381084017,783.035381084017,783.1085712090135,783.1085712090135,783.1085712090135,783.5776980420051,period,1.2729322079976555,None,783.5778212090081,783.5778722499963,None,,,,,,,,,,,,21040099,2,2026-01-15_12h12.40.477,tilt_mocs,2024.2.4,120.82791337127415,2026-01-15 12h12.52.410327 -0500,
2,0.0,,417,417,0,,,,,0,100,,,,,c+2,noss,1.0,period,1.735306499991566,None,None,,,,,,,,,,,0,417,417,660,783.5888190419937,,,,,,,,,,,,,,,,,,,,,,,,,,,,,,,,,,,,,,,,,,,,,,,,,,,,,,,,,,,,,,,,,,,,,,783.5798872089945,783.5888190419937,784.5788429169916,784.5788429169916,784.5788429169916,784.6533840839984,784.6533840839984,784.6533840839984,785.3277907090087,period,1.735306499991566,None,785.3278917919961,785.327931250009,None,,,,,,,,,,,,21040099,2,2026-01-15_12h12.40.477,tilt_mocs,2024.2.4,120.82791337127415,2026-01-15 12h12.52.410327 -0500,
2,0.0,,418,418,0,,,,,0,100,,,,,c+2,noss,0.5,period,0.9925610829959624,None,None,,,,,,,,,,,0,418,418,633,785.3390394170128,,,,,,,,,,,,,,,,,,,,,,,,,,,,,,,,,,,,,,,,,,,,,,,,,,,,,,,,,,,,,,,,,,,,,,785.3298609589983,785.3390394170128,785.830019459012,785.830019459012,785.830019459012,785.9036632089992,785.9036632089992,785.9036632089992,786.3391907500045,period,0.9925610829959624,None,786.3393197499972,786.3393707089999,None,,,,,,,,,,,,21040099,2,2026-01-15_12h12.40.477,tilt_mocs,2024.2.4,120.82791337127415,2026-01-15 12h12.52.410327 -0500,
-8,-15.0,,419,419,0,,,,,100,0,,,,,c-8,negs,1.0,z,1.5775279160006903,None,None,,,,,,,,,,,0,419,419,279,786.3502398749988,,,,,,,,,,,,,,,,,,,,,,,,,,,,,,,,,,,,,,,,,,,,,,,,,,,,,,,,,,,,,,,,,,,,,,786.3413348750037,786.3502398749988,787.3365470000135,787.3365470000135,787.3365470000135,787.4087328340102,787.4087328340102,787.4087328340102,787.9393405840092,z,1.5775279160006903,None,787.9394994169998,787.9395496250072,None,,,,,,,,,,,,21040099,2,2026-01-15_12h12.40.477,tilt_mocs,2024.2.4,120.82791337127415,2026-01-15 12h12.52.410327 -0500,
0,15.0,,420,420,0,,,,,100,0,,,,,c+0,poss,0.75,z,1.2159717920003459,None,None,,,,,,,,,,,0,420,420,54,787.9516268339939,,,,,,,,,,,,,,,,,,,,,,,,,,,,,,,,,,,,,,,,,,,,,,,,,,,,,,,,,,,,,,,,,,,,,,787.9424573339929,787.9516268339939,788.6865127920173,788.6865127920173,788.6865127920173,788.7586259590171,788.7586259590171,788.7586259590171,789.1728107499948,z,1.2159717920003459,None,789.1729151670006,789.1729549590091,None,,,,,,,,,,,,21040099,2,2026-01-15_12h12.40.477,tilt_mocs,2024.2.4,120.82791337127415,2026-01-15 12h12.52.410327 -0500,
0,-15.0,,421,421,0,,,,,100,0,,,,,c+0,negs,0.75,period,1.1536900000064634,None,None,,,,,,,,,,,0,421,421,437,789.1838690419972,,,,,,,,,,,,,,,,,,,,,,,,,,,,,,,,,,,,,,,,,,,,,,,,,,,,,,,,,,,,,,,,,,,,,,789.1748792500002,789.1838690419972,789.9199959590042,789.9199959590042,789.9199959590042,789.9917336670042,789.9917336670042,789.9917336670042,790.3407537919993,period,1.1536900000064634,None,790.3409073750081,790.3409589170187,None,,,,,,,,,,,,21040099,2,2026-01-15_12h12.40.477,tilt_mocs,2024.2.4,120.82791337127415,2026-01-15 12h12.52.410327 -0500,
4,0.0,,422,422,0,,,,,0,100,,,,,c+4,noss,1.25,period,1.7521772920154035,None,None,,,,,,,,,,,0,422,422,707,790.3524818340084,,,,,,,,,,,,,,,,,,,,,,,,,,,,,,,,,,,,,,,,,,,,,,,,,,,,,,,,,,,,,,,,,,,,,,790.3435326250037,790.3524818340084,791.5865654590016,791.5865654590016,791.5865654590016,791.6585047499975,791.6585047499975,791.6585047499975,792.1161172499997,period,1.7521772920154035,None,792.1162256670068,792.1162721250148,None,,,,,,,,,,,,21040099,2,2026-01-15_12h12.40.477,tilt_mocs,2024.2.4,120.82791337127415,2026-01-15 12h12.52.410327 -0500,
2,15.0,,423,423,0,,,,,100,0,,,,,c+2,poss,1.25,z,1.7997586250130553,None,None,,,,,,,,,,,0,423,423,118,792.1228916250111,,,,,,,,,,,,,,,,,,,,,,,,,,,,,,,,,,,,,,,,,,,,,,,,,,,,,,,,,,,,,,,,,,,,,,792.1182159169985,792.1228916250111,793.3626539169927,793.3626539169927,793.3626539169927,793.4373525000119,793.4373525000119,793.4373525000119,793.9283707920113,z,1.7997586250130553,None,793.928492875013,793.9285450000025,None,,,,,,,,,,,,21040099,2,2026-01-15_12h12.40.477,tilt_mocs,2024.2.4,120.82791337127415,2026-01-15 12h12.52.410327 -0500,
2,0.0,,424,424,0,,,,,0,100,,,,,c+2,noss,0.5,period,1.0828393750125542,None,None,,,,,,,,,,,0,424,424,638,793.939678166993,,,,,,,,,,,,,,,,,,,,,,,,,,,,,,,,,,,,,,,,,,,,,,,,,,,,,,,,,,,,,,,,,,,,,,793.9307622920023,793.939678166993,794.4296054590086,794.4296054590086,794.4296054590086,794.5099535839981,794.5099535839981,794.5099535839981,795.0283010840067,period,1.0828393750125542,None,795.028426542005,795.0284795000043,None,,,,,,,,,,,,21040099,2,2026-01-15_12h12.40.477,tilt_mocs,2024.2.4,120.82791337127415,2026-01-15 12h12.52.410327 -0500,
-6,-15.0,,425,425,0,,,,,100,0,,,,,c-6,negs,0.5,z,1.1222589170210995,None,None,,,,,,,,,,,0,425,425,303,795.0394560839923,,,,,,,,,,,,,,,,,,,,,,,,,,,,,,,,,,,,,,,,,,,,,,,,,,,,,,,,,,,,,,,,,,,,,,795.0306144170172,795.0394560839923,795.5293754590093,795.5293754590093,795.5293754590093,795.6038259589986,795.6038259589986,795.6038259589986,796.1728615839966,z,1.1222589170210995,None,796.1729815000144,796.1730315420136,None,,,,,,,,,,,,21040099,2,2026-01-15_12h12.40.477,tilt_mocs,2024.2.4,120.82791337127415,2026-01-15 12h12.52.410327 -0500,
0,0.0,,426,426,0,,,,,0,100,,,,,c+0,noss,0.5,z,0.9865903329919092,None,None,,,,,,,,,,,0,426,426,591,796.1841465840116,,,,,,,,,,,,,,,,,,,,,,,,,,,,,,,,,,,,,,,,,,,,,,,,,,,,,,,,,,,,,,,,,,,,,,796.1753494589939,796.1841465840116,796.6701694590156,796.6701694590156,796.6701694590156,796.7424185840064,796.7424185840064,796.7424185840064,797.1737474590191,z,0.9865903329919092,None,797.1738866250089,797.1739402920066,None,,,,,,,,,,,,21040099,2,2026-01-15_12h12.40.477,tilt_mocs,2024.2.4,120.82791337127415,2026-01-15 12h12.52.410327 -0500,
0,15.0,,427,427,0,,,,,100,0,,,,,c+0,poss,1.25,z,1.9192403749912046,None,None,,,,,,,,,,,0,427,427,74,797.1849971250049,,,,,,,,,,,,,,,,,,,,,,,,,,,,,,,,,,,,,,,,,,,,,,,,,,,,,,,,,,,,,,,,,,,,,,797.1761901249993,797.1849971250049,798.4206633339927,798.4206633339927,798.4206633339927,798.4924342090089,798.4924342090089,798.4924342090089,799.1074030419986,z,1.9192403749912046,None,799.1075500000152,799.1076022089983,None,,,,,,,,,,,,21040099,2,2026-01-15_12h12.40.477,tilt_mocs,2024.2.4,120.82791337127415,2026-01-15 12h12.52.410327 -0500,
-4,0.0,,428,428,0,,,,,0,100,,,,,c-4,noss,1.0,z,1.5779190410103183,None,None,,,,,,,,,,,0,428,428,529,799.1189072919951,,,,,,,,,,,,,,,,,,,,,,,,,,,,,,,,,,,,,,,,,,,,,,,,,,,,,,,,,,,,,,,,,,,,,,799.1098217090184,799.1189072919951,800.103515291994,800.103515291994,800.103515291994,800.1756807920174,800.1756807920174,800.1756807920174,800.7068287919974,z,1.5779190410103183,None,800.7069739169965,800.7070288340037,None,,,,,,,,,,,,21040099,2,2026-01-15_12h12.40.477,tilt_mocs,2024.2.4,120.82791337127415,2026-01-15 12h12.52.410327 -0500,
-2,15.0,,429,429,0,,,,,100,0,,,,,c-2,poss,1.25,z,1.7527458749827929,None,None,,,,,,,,,,,0,429,429,38,800.7184151670081,,,,,,,,,,,,,,,,,,,,,,,,,,,,,,,,,,,,,,,,,,,,,,,,,,,,,,,,,,,,,,,,,,,,,,800.7093241669936,800.7184151670081,801.9537022500008,801.9537022500008,801.9537022500008,802.0266377090011,802.0266377090011,802.0266377090011,802.47431637501,z,1.7527458749827929,None,802.4744614170049,802.474517249997,None,,,,,,,,,,,,21040099,2,2026-01-15_12h12.40.477,tilt_mocs,2024.2.4,120.82791337127415,2026-01-15 12h12.52.410327 -0500,
2,0.0,,430,430,0,,,,,0,100,,,,,c+2,noss,1.25,z,2.5531593339983374,None,None,,,,,,,,,,,0,430,430,665,802.4858534590167,,,,,,,,,,,,,,,,,,,,,,,,,,,,,,,,,,,,,,,,,,,,,,,,,,,,,,,,,,,,,,,,,,,,,,802.4768325420155,802.4858534590167,803.7203011669917,803.7203011669917,803.7203011669917,803.7921311249956,803.7921311249956,803.7921311249956,805.0453348750016,z,2.5531593339983374,None,805.0454623340047,805.0455142089922,None,,,,,,,,,,,,21040099,2,2026-01-15_12h12.40.477,tilt_mocs,2024.2.4,120.82791337127415,2026-01-15 12h12.52.410327 -0500,
2,0.0,,431,431,0,,,,,0,100,,,,,c+2,noss,1.25,period,1.8427434579934925,None,None,,,,,,,,,,,0,431,431,662,805.0567170839931,,,,,,,,,,,,,,,,,,,,,,,,,,,,,,,,,,,,,,,,,,,,,,,,,,,,,,,,,,,,,,,,,,,,,,805.0476929169963,805.0567170839931,806.2960473750136,806.2960473750136,806.2960473750136,806.371008667018,806.371008667018,806.371008667018,806.9067868750135,period,1.8427434579934925,None,806.9069147090195,806.9069660840032,None,,,,,,,,,,,,21040099,2,2026-01-15_12h12.40.477,tilt_mocs,2024.2.4,120.82791337127415,2026-01-15 12h12.52.410327 -0500,
4,0.0,,432,432,0,,,,,0,100,,,,,c+4,noss,1.25,period,1.7332552919979207,None,None,,,,,,,,,,,0,432,432,709,806.917272791994,,,,,,,,,,,,,,,,,,,,,,,,,,,,,,,,,,,,,,,,,,,,,,,,,,,,,,,,,,,,,,,,,,,,,,806.9090387090109,806.917272791994,808.1538710000168,808.1538710000168,808.1538710000168,808.2256882920046,808.2256882920046,808.2256882920046,808.6563776250114,period,1.7332552919979207,None,808.6564795000013,808.656519000011,None,,,,,,,,,,,,21040099,2,2026-01-15_12h12.40.477,tilt_mocs,2024.2.4,120.82791337127415,2026-01-15 12h12.52.410327 -0500,
-8,-15.0,,433,433,0,,,,,100,0,,,,,c-8,negs,0.5,z,1.0612058749829885,None,None,,,,,,,,,,,0,433,433,254,808.6680705840117,,,,,,,,,,,,,,,,,,,,,,,,,,,,,,,,,,,,,,,,,,,,,,,,,,,,,,,,,,,,,,,,,,,,,,808.6584735420183,808.6680705840117,809.153683209006,809.153683209006,809.153683209006,809.2259394589928,809.2259394589928,809.2259394589928,809.7404414170014,z,1.0612058749829885,None,809.7406445000088,809.7407360420038,None,,,,,,,,,,,,21040099,2,2026-01-15_12h12.40.477,tilt_mocs,2024.2.4,120.82791337127415,2026-01-15 12h12.52.410327 -0500,
-2,-15.0,,434,434,0,,,,,100,0,,,,,c-2,negs,0.75,z,1.3196832499816082,None,None,,,,,,,,,,,0,434,434,398,809.7519151250017,,,,,,,,,,,,,,,,,,,,,,,,,,,,,,,,,,,,,,,,,,,,,,,,,,,,,,,,,,,,,,,,,,,,,,809.7431426669937,809.7519151250017,810.4872766250046,810.4872766250046,810.4872766250046,810.5592054169974,810.5592054169974,810.5592054169974,811.0743777500174,z,1.3196832499816082,None,811.0746352499991,811.0747289590072,None,,,,,,,,,,,,21040099,2,2026-01-15_12h12.40.477,tilt_mocs,2024.2.4,120.82791337127415,2026-01-15 12h12.52.410327 -0500,
4,15.0,,435,435,0,,,,,100,0,,,,,c+4,poss,0.75,z,1.302368208009284,None,None,,,,,,,,,,,0,435,435,139,811.0862728749926,,,,,,,,,,,,,,,,,,,,,,,,,,,,,,,,,,,,,,,,,,,,,,,,,,,,,,,,,,,,,,,,,,,,,,811.077211374999,811.0862728749926,811.8208100420015,811.8208100420015,811.8208100420015,811.8927087920019,811.8927087920019,811.8927087920019,812.4007975000131,z,1.302368208009284,None,812.400901874993,812.4009443749965,None,,,,,,,,,,,,21040099,2,2026-01-15_12h12.40.477,tilt_mocs,2024.2.4,120.82791337127415,2026-01-15 12h12.52.410327 -0500,
2,15.0,,436,436,0,,,,,100,0,,,,,c+2,poss,1.25,z,1.7728827499959152,None,None,,,,,,,,,,,0,436,436,123,812.4073555840005,,,,,,,,,,,,,,,,,,,,,,,,,,,,,,,,,,,,,,,,,,,,,,,,,,,,,,,,,,,,,,,,,,,,,,812.4028980419971,812.4073555840005,813.6458837919927,813.6458837919927,813.6458837919927,813.721209750016,813.721209750016,813.721209750016,814.1901574590011,z,1.7728827499959152,None,814.1903197090141,814.1903726250166,None,,,,,,,,,,,,21040099,2,2026-01-15_12h12.40.477,tilt_mocs,2024.2.4,120.82791337127415,2026-01-15 12h12.52.410327 -0500,
0,-15.0,,437,437,0,,,,,100,0,,,,,c+0,negs,1.0,period,1.4724382079730276,None,None,,,,,,,,,,,0,437,437,447,814.2015850419994,,,,,,,,,,,,,,,,,,,,,,,,,,,,,,,,,,,,,,,,,,,,,,,,,,,,,,,,,,,,,,,,,,,,,,814.1928490420105,814.2015850419994,815.1874739170016,815.1874739170016,815.1874739170016,815.2593307500065,815.2593307500065,815.2593307500065,815.6789185840171,period,1.4724382079730276,None,815.6790185419959,815.6790582500107,None,,,,,,,,,,,,21040099,2,2026-01-15_12h12.40.477,tilt_mocs,2024.2.4,120.82791337127415,2026-01-15 12h12.52.410327 -0500,
-2,-15.0,,438,438,0,,,,,100,0,,,,,c-2,negs,0.5,period,0.9649447080155369,None,None,,,,,,,,,,,0,438,438,387,815.6900606669951,,,,,,,,,,,,,,,,,,,,,,,,,,,,,,,,,,,,,,,,,,,,,,,,,,,,,,,,,,,,,,,,,,,,,,815.6809836250031,815.6900606669951,816.1801775000058,816.1801775000058,816.1801775000058,816.2551239590102,816.2551239590102,816.2551239590102,816.6579027920088,period,0.9649447080155369,None,816.6580469170003,816.6580991249939,None,,,,,,,,,,,,21040099,2,2026-01-15_12h12.40.477,tilt_mocs,2024.2.4,120.82791337127415,2026-01-15 12h12.52.410327 -0500,
-6,-15.0,,439,439,0,,,,,100,0,,,,,c-6,negs,0.75,z,1.5216397919866722,None,None,,,,,,,,,,,0,439,439,309,816.6692457919999,,,,,,,,,,,,,,,,,,,,,,,,,,,,,,,,,,,,,,,,,,,,,,,,,,,,,,,,,,,,,,,,,,,,,,816.6604338750185,816.6692457919999,817.4043311249989,817.4043311249989,817.4043311249989,817.4760872500192,817.4760872500192,817.4760872500192,818.1960173750122,z,1.5216397919866722,None,818.1961160420033,818.1961603340169,None,,,,,,,,,,,,21040099,2,2026-01-15_12h12.40.477,tilt_mocs,2024.2.4,120.82791337127415,2026-01-15 12h12.52.410327 -0500,
8,15.0,,440,440,0,,,,,100,0,,,,,c+8,poss,1.0,period,1.7231676249939483,None,None,,,,,,,,,,,0,440,440,238,818.2069720420113,,,,,,,,,,,,,,,,,,,,,,,,,,,,,,,,,,,,,,,,,,,,,,,,,,,,,,,,,,,,,,,,,,,,,,818.1981089590117,818.2069720420113,819.196781000006,819.196781000006,819.196781000006,819.2714933750103,819.2714933750103,819.2714933750103,819.9404522090044,period,1.7231676249939483,None,819.940620459005,819.9407974170172,None,,,,,,,,,,,,21040099,2,2026-01-15_12h12.40.477,tilt_mocs,2024.2.4,120.82791337127415,2026-01-15 12h12.52.410327 -0500,
0,15.0,,441,441,0,,,,,100,0,,,,,c+0,poss,0.75,z,1.2525647080037743,None,None,,,,,,,,,,,0,441,441,61,819.9522807089961,,,,,,,,,,,,,,,,,,,,,,,,,,,,,,,,,,,,,,,,,,,,,,,,,,,,,,,,,,,,,,,,,,,,,,819.9433576250158,819.9522807089961,820.6876446669921,820.6876446669921,820.6876446669921,820.7598186669929,820.7598186669929,820.7598186669929,821.2078989169968,z,1.2525647080037743,None,821.208048208995,821.2081012499984,None,,,,,,,,,,,,21040099,2,2026-01-15_12h12.40.477,tilt_mocs,2024.2.4,120.82791337127415,2026-01-15 12h12.52.410327 -0500,
-4,-15.0,,442,442,0,,,,,100,0,,,,,c-4,negs,1.25,z,1.8356137500086334,None,None,,,,,,,,,,,0,442,442,375,821.2196043340082,,,,,,,,,,,,,,,,,,,,,,,,,,,,,,,,,,,,,,,,,,,,,,,,,,,,,,,,,,,,,,,,,,,,,,821.2107484590088,821.2196043340082,822.454428750003,822.454428750003,822.454428750003,822.5267342920124,822.5267342920124,822.5267342920124,823.0581802499946,z,1.8356137500086334,None,823.0583399170137,823.0583947090199,None,,,,,,,,,,,,21040099,2,2026-01-15_12h12.40.477,tilt_mocs,2024.2.4,120.82791337127415,2026-01-15 12h12.52.410327 -0500,
8,15.0,,443,443,0,,,,,100,0,,,,,c+8,poss,0.75,period,1.4256449580134358,None,None,,,,,,,,,,,0,443,443,227,823.0706182919967,,,,,,,,,,,,,,,,,,,,,,,,,,,,,,,,,,,,,,,,,,,,,,,,,,,,,,,,,,,,,,,,,,,,,,823.0616040000168,823.0706182919967,823.8035982089932,823.8035982089932,823.8035982089932,823.8778037090087,823.8778037090087,823.8778037090087,824.5071112920123,period,1.4256449580134358,None,824.5072145840095,824.5072556250088,None,,,,,,,,,,,,21040099,2,2026-01-15_12h12.40.477,tilt_mocs,2024.2.4,120.82791337127415,2026-01-15 12h12.52.410327 -0500,
0,-15.0,,444,444,0,,,,,100,0,,,,,c+0,negs,1.0,period,1.4956590000074357,None,None,,,,,,,,,,,0,444,444,445,824.5177813339978,,,,,,,,,,,,,,,,,,,,,,,,,,,,,,,,,,,,,,,,,,,,,,,,,,,,,,,,,,,,,,,,,,,,,,824.509213375015,824.5177813339978,825.5044495839975,825.5044495839975,825.5044495839975,825.5765295840101,825.5765295840101,825.5765295840101,826.0238160839945,period,1.4956590000074357,None,826.0239745840081,826.0240271670045,None,,,,,,,,,,,,21040099,2,2026-01-15_12h12.40.477,tilt_mocs,2024.2.4,120.82791337127415,2026-01-15 12h12.52.410327 -0500,
-4,-15.0,,445,445,0,,,,,100,0,,,,,c-4,negs,1.25,period,1.8252662919985596,None,None,,,,,,,,,,,0,445,445,370,826.0360624169989,,,,,,,,,,,,,,,,,,,,,,,,,,,,,,,,,,,,,,,,,,,,,,,,,,,,,,,,,,,,,,,,,,,,,,826.0267402089958,826.0360624169989,827.2712347500201,827.2712347500201,827.2712347500201,827.3442286250065,827.3442286250065,827.3442286250065,827.8740586249914,period,1.8252662919985596,None,827.8742168339959,827.8742789170064,None,,,,,,,,,,,,21040099,2,2026-01-15_12h12.40.477,tilt_mocs,2024.2.4,120.82791337127415,2026-01-15 12h12.52.410327 -0500,
0,0.0,,446,446,0,,,,,0,100,,,,,c+0,noss,1.25,z,1.9038187499972992,None,None,,,,,,,,,,,0,446,446,623,827.8857272090099,,,,,,,,,,,,,,,,,,,,,,,,,,,,,,,,,,,,,,,,,,,,,,,,,,,,,,,,,,,,,,,,,,,,,,827.8769456669979,827.8857272090099,829.121239250002,829.121239250002,829.121239250002,829.193109084008,829.193109084008,829.193109084008,829.7956792920013,z,1.9038187499972992,None,829.795801166998,829.795851584,None,,,,,,,,,,,,21040099,2,2026-01-15_12h12.40.477,tilt_mocs,2024.2.4,120.82791337127415,2026-01-15 12h12.52.410327 -0500,
-8,-15.0,,447,447,0,,,,,100,0,,,,,c-8,negs,1.25,z,1.749703707988374,None,None,,,,,,,,,,,0,447,447,285,829.8065810000116,,,,,,,,,,,,,,,,,,,,,,,,,,,,,,,,,,,,,,,,,,,,,,,,,,,,,,,,,,,,,,,,,,,,,,829.7979148339946,829.8065810000116,831.0479577500082,831.0479577500082,831.0479577500082,831.121875959012,831.121875959012,831.121875959012,831.5691543749999,z,1.749703707988374,None,831.569253166992,831.5692929590004,None,,,,,,,,,,,,21040099,2,2026-01-15_12h12.40.477,tilt_mocs,2024.2.4,120.82791337127415,2026-01-15 12h12.52.410327 -0500,
0,0.0,,448,448,0,,,,,0,100,,,,,c+0,noss,0.5,z,1.0460665409918875,None,None,,,,,,,,,,,0,448,448,589,831.5761721250019,,,,,,,,,,,,,,,,,,,,,,,,,,,,,,,,,,,,,,,,,,,,,,,,,,,,,,,,,,,,,,,,,,,,,,831.5713243340142,831.5761721250019,832.0633308340039,832.0633308340039,832.0633308340039,832.1385442090104,832.1385442090104,832.1385442090104,832.625208042009,z,1.0460665409918875,None,832.6253690840094,832.6254239169939,None,,,,,,,,,,,,21040099,2,2026-01-15_12h12.40.477,tilt_mocs,2024.2.4,120.82791337127415,2026-01-15 12h12.52.410327 -0500,
0,0.0,,449,449,0,,,,,0,100,,,,,c+0,noss,1.0,z,1.6086360829940531,None,None,,,,,,,,,,,0,449,449,614,832.6375272920122,,,,,,,,,,,,,,,,,,,,,,,,,,,,,,,,,,,,,,,,,,,,,,,,,,,,,,,,,,,,,,,,,,,,,,832.6282280840096,832.6375272920122,833.6214601249958,833.6214601249958,833.6214601249958,833.6936263749958,833.6936263749958,833.6936263749958,834.2576145420026,z,1.6086360829940531,None,834.2577704169962,834.2578247920028,None,,,,,,,,,,,,21040099,2,2026-01-15_12h12.40.477,tilt_mocs,2024.2.4,120.82791337127415,2026-01-15 12h12.52.410327 -0500,
2,-15.0,,450,450,0,,,,,100,0,,,,,c+2,negs,0.5,period,0.9360690409957897,None,None,,,,,,,,,,,0,450,450,468,834.2695752090076,,,,,,,,,,,,,,,,,,,,,,,,,,,,,,,,,,,,,,,,,,,,,,,,,,,,,,,,,,,,,,,,,,,,,,834.2605242090067,834.2695752090076,834.7547989170125,834.7547989170125,834.7547989170125,834.8270284589962,834.8270284589962,834.8270284589962,835.2083469589998,period,0.9360690409957897,None,835.2085050000169,835.2085650000081,None,,,,,,,,,,,,21040099,2,2026-01-15_12h12.40.477,tilt_mocs,2024.2.4,120.82791337127415,2026-01-15 12h12.52.410327 -0500,
0,0.0,,451,451,0,,,,,0,100,,,,,c+0,noss,0.5,z,1.1649896670132875,None,None,,,,,,,,,,,0,451,451,592,835.2204665000027,,,,,,,,,,,,,,,,,,,,,,,,,,,,,,,,,,,,,,,,,,,,,,,,,,,,,,,,,,,,,,,,,,,,,,835.2112134589988,835.2204665000027,835.7047707500169,835.7047707500169,835.7047707500169,835.7768590420019,835.7768590420019,835.7768590420019,836.3913215840003,z,1.1649896670132875,None,836.3914909170126,836.3915522920142,None,,,,,,,,,,,,21040099,2,2026-01-15_12h12.40.477,tilt_mocs,2024.2.4,120.82791337127415,2026-01-15 12h12.52.410327 -0500,
-4,-15.0,,452,452,0,,,,,100,0,,,,,c-4,negs,0.75,period,1.4110649999929592,None,None,,,,,,,,,,,0,452,452,351,836.4035842500161,,,,,,,,,,,,,,,,,,,,,,,,,,,,,,,,,,,,,,,,,,,,,,,,,,,,,,,,,,,,,,,,,,,,,,836.3943652500166,836.4035842500161,837.1381670419942,837.1381670419942,837.1381670419942,837.2092124170158,837.2092124170158,837.2092124170158,837.8244666669925,period,1.4110649999929592,None,837.8246161669958,837.8246764590149,None,,,,,,,,,,,,21040099,2,2026-01-15_12h12.40.477,tilt_mocs,2024.2.4,120.82791337127415,2026-01-15 12h12.52.410327 -0500,
8,15.0,,453,453,0,,,,,100,0,,,,,c+8,poss,0.5,period,0.9547003750049043,None,None,,,,,,,,,,,0,453,453,213,837.8361852919916,,,,,,,,,,,,,,,,,,,,,,,,,,,,,,,,,,,,,,,,,,,,,,,,,,,,,,,,,,,,,,,,,,,,,,837.8270969589939,837.8361852919916,838.3215608750179,838.3215608750179,838.3215608750179,838.3935664590099,838.3935664590099,838.3935664590099,838.7972972090065,period,0.9547003750049043,None,838.7974268750113,838.7974799170042,None,,,,,,,,,,,,21040099,2,2026-01-15_12h12.40.477,tilt_mocs,2024.2.4,120.82791337127415,2026-01-15 12h12.52.410327 -0500,
-2,0.0,,454,454,0,,,,,0,100,,,,,c-2,noss,1.0,z,1.5983357499935664,None,None,,,,,,,,,,,0,454,454,570,838.8081557920086,,,,,,,,,,,,,,,,,,,,,,,,,,,,,,,,,,,,,,,,,,,,,,,,,,,,,,,,,,,,,,,,,,,,,,838.799671500019,838.8081557920086,839.7979701250151,839.7979701250151,839.7979701250151,839.8721185839968,839.8721185839968,839.8721185839968,840.4184138340061,z,1.5983357499935664,None,840.4185210000142,840.4185683749965,None,,,,,,,,,,,,21040099,2,2026-01-15_12h12.40.477,tilt_mocs,2024.2.4,120.82791337127415,2026-01-15 12h12.52.410327 -0500,
-2,-15.0,,455,455,0,,,,,100,0,,,,,c-2,negs,0.5,z,1.3431662080110982,None,None,,,,,,,,,,,0,455,455,384,840.4248955000076,,,,,,,,,,,,,,,,,,,,,,,,,,,,,,,,,,,,,,,,,,,,,,,,,,,,,,,,,,,,,,,,,,,,,,840.420475958992,840.4248955000076,840.9143426670053,840.9143426670053,840.9143426670053,840.9889618339948,840.9889618339948,840.9889618339948,841.7749511669972,z,1.3431662080110982,None,841.7750693749986,841.7751169590047,None,,,,,,,,,,,,21040099,2,2026-01-15_12h12.40.477,tilt_mocs,2024.2.4,120.82791337127415,2026-01-15 12h12.52.410327 -0500,
-4,0.0,,456,456,0,,,,,0,100,,,,,c-4,noss,0.5,z,1.0527455830015242,None,None,,,,,,,,,,,0,456,456,506,841.7861830000184,,,,,,,,,,,,,,,,,,,,,,,,,,,,,,,,,,,,,,,,,,,,,,,,,,,,,,,,,,,,,,,,,,,,,,841.777130625007,841.7861830000184,842.2716667499917,842.2716667499917,842.2716667499917,842.3440337500069,842.3440337500069,842.3440337500069,842.8414265839965,z,1.0527455830015242,None,842.8415531250066,842.8416052919929,None,,,,,,,,,,,,21040099,2,2026-01-15_12h12.40.477,tilt_mocs,2024.2.4,120.82791337127415,2026-01-15 12h12.52.410327 -0500,
0,0.0,,457,457,0,,,,,0,100,,,,,c+0,noss,1.0,z,1.742843832995277,None,None,,,,,,,,,,,0,457,457,615,842.8528539590188,,,,,,,,,,,,,,,,,,,,,,,,,,,,,,,,,,,,,,,,,,,,,,,,,,,,,,,,,,,,,,,,,,,,,,842.844040875003,842.8528539590188,843.8384544170112,843.8384544170112,843.8384544170112,843.9106944170198,843.9106944170198,843.9106944170198,844.5982203750173,z,1.742843832995277,None,844.5983580000175,844.5984102500079,None,,,,,,,,,,,,21040099,2,2026-01-15_12h12.40.477,tilt_mocs,2024.2.4,120.82791337127415,2026-01-15 12h12.52.410327 -0500,
-2,-15.0,,458,458,0,,,,,100,0,,,,,c-2,negs,1.0,period,2.320035957993241,None,None,,,,,,,,,,,0,458,458,408,844.6086887920101,,,,,,,,,,,,,,,,,,,,,,,,,,,,,,,,,,,,,,,,,,,,,,,,,,,,,,,,,,,,,,,,,,,,,,844.6004876249935,844.6086887920101,845.5977964170161,845.5977964170161,845.5977964170161,845.6723718339927,845.6723718339927,845.6723718339927,846.9404000420182,period,2.320035957993241,None,846.9405022920109,846.9405700000061,None,,,,,,,,,,,,21040099,2,2026-01-15_12h12.40.477,tilt_mocs,2024.2.4,120.82791337127415,2026-01-15 12h12.52.410327 -0500,
0,15.0,,459,459,0,,,,,100,0,,,,,c+0,poss,1.0,z,1.542435374984052,None,None,,,,,,,,,,,0,459,459,70,846.9476521250035,,,,,,,,,,,,,,,,,,,,,,,,,,,,,,,,,,,,,,,,,,,,,,,,,,,,,,,,,,,,,,,,,,,,,,846.9425101670204,846.9476521250035,847.9385787089996,847.9385787089996,847.9385787089996,848.0103057090018,848.0103057090018,848.0103057090018,848.5019453749992,z,1.542435374984052,None,848.502047292015,848.50208616702,None,,,,,,,,,,,,21040099,2,2026-01-15_12h12.40.477,tilt_mocs,2024.2.4,120.82791337127415,2026-01-15 12h12.52.410327 -0500,
-4,-15.0,,460,460,0,,,,,100,0,,,,,c-4,negs,0.75,period,1.7651091250008903,None,None,,,,,,,,,,,0,460,460,354,848.5086964170041,,,,,,,,,,,,,,,,,,,,,,,,,,,,,,,,,,,,,,,,,,,,,,,,,,,,,,,,,,,,,,,,,,,,,,848.504041334003,848.5086964170041,849.2479351249931,849.2479351249931,849.2479351249931,849.3224967500137,849.3224967500137,849.3224967500137,850.2796397920174,period,1.7651091250008903,None,850.279764292005,850.2798380420136,None,,,,,,,,,,,,21040099,2,2026-01-15_12h12.40.477,tilt_mocs,2024.2.4,120.82791337127415,2026-01-15 12h12.52.410327 -0500,
-2,15.0,,461,461,0,,,,,100,0,,,,,c-2,poss,0.5,z,1.0829625409969594,None,None,,,,,,,,,,,0,461,461,3,850.2907848750183,,,,,,,,,,,,,,,,,,,,,,,,,,,,,,,,,,,,,,,,,,,,,,,,,,,,,,,,,,,,,,,,,,,,,,850.281851125008,850.2907848750183,850.7720203339995,850.7720203339995,850.7720203339995,850.8441057089949,850.8441057089949,850.8441057089949,851.3807208340149,z,1.0829625409969594,None,851.3808402919967,851.3808921250165,None,,,,,,,,,,,,21040099,2,2026-01-15_12h12.40.477,tilt_mocs,2024.2.4,120.82791337127415,2026-01-15 12h12.52.410327 -0500,
8,15.0,,462,462,0,,,,,100,0,,,,,c+8,poss,0.5,z,1.08432945801178,None,None,,,,,,,,,,,0,462,462,218,851.3918156670115,,,,,,,,,,,,,,,,,,,,,,,,,,,,,,,,,,,,,,,,,,,,,,,,,,,,,,,,,,,,,,,,,,,,,,851.3832840000105,851.3918156670115,851.8816681670141,851.8816681670141,851.8816681670141,851.9560556249926,851.9560556249926,851.9560556249926,852.4803150420194,z,1.08432945801178,None,852.4804327500169,852.4804966670054,None,,,,,,,,,,,,21040099,2,2026-01-15_12h12.40.477,tilt_mocs,2024.2.4,120.82791337127415,2026-01-15 12h12.52.410327 -0500,
0,15.0,,463,463,0,,,,,100,0,,,,,c+0,poss,1.0,z,1.5107357499946374,None,None,,,,,,,,,,,0,463,463,64,852.4915270000056,,,,,,,,,,,,,,,,,,,,,,,,,,,,,,,,,,,,,,,,,,,,,,,,,,,,,,,,,,,,,,,,,,,,,,852.4825883750163,852.4915270000056,853.4812306670065,853.4812306670065,853.4812306670065,853.5561412090028,853.5561412090028,853.5561412090028,854.0087036250043,z,1.5107357499946374,None,854.0088842920086,854.0089465000201,None,,,,,,,,,,,,21040099,2,2026-01-15_12h12.40.477,tilt_mocs,2024.2.4,120.82791337127415,2026-01-15 12h12.52.410327 -0500,
2,-15.0,,464,464,0,,,,,100,0,,,,,c+2,negs,1.0,period,1.5557615419966169,None,None,,,,,,,,,,,0,464,464,492,854.0204584590101,,,,,,,,,,,,,,,,,,,,,,,,,,,,,,,,,,,,,,,,,,,,,,,,,,,,,,,,,,,,,,,,,,,,,,854.0117435000138,854.0204584590101,855.0055531249964,855.0055531249964,855.0055531249964,855.0778067499923,855.0778067499923,855.0778067499923,855.5814124169992,period,1.5557615419966169,None,855.5815587090037,855.5816223750007,None,,,,,,,,,,,,21040099,2,2026-01-15_12h12.40.477,tilt_mocs,2024.2.4,120.82791337127415,2026-01-15 12h12.52.410327 -0500,
-2,0.0,,465,465,0,,,,,0,100,,,,,c-2,noss,0.75,z,1.3814423750154674,None,None,,,,,,,,,,,0,465,465,560,855.5919798340183,,,,,,,,,,,,,,,,,,,,,,,,,,,,,,,,,,,,,,,,,,,,,,,,,,,,,,,,,,,,,,,,,,,,,,855.5837635000062,855.5919798340183,856.3323799589998,856.3323799589998,856.3323799589998,856.4060860839963,856.4060860839963,856.4060860839963,856.9853888750076,z,1.3814423750154674,None,856.985499041999,856.9855401249952,None,,,,,,,,,,,,21040099,2,2026-01-15_12h12.40.477,tilt_mocs,2024.2.4,120.82791337127415,2026-01-15 12h12.52.410327 -0500,
-2,-15.0,,466,466,0,,,,,100,0,,,,,c-2,negs,1.25,period,1.89714741698117,None,None,,,,,,,,,,,0,466,466,416,856.9923407919996,,,,,,,,,,,,,,,,,,,,,,,,,,,,,,,,,,,,,,,,,,,,,,,,,,,,,,,,,,,,,,,,,,,,,,856.9874663340161,856.9923407919996,858.2313584999938,858.2313584999938,858.2313584999938,858.3061125840177,858.3061125840177,858.3061125840177,858.8922607089917,period,1.89714741698117,None,858.8924084170139,858.8924605840002,None,,,,,,,,,,,,21040099,2,2026-01-15_12h12.40.477,tilt_mocs,2024.2.4,120.82791337127415,2026-01-15 12h12.52.410327 -0500,
-6,-15.0,,467,467,0,,,,,100,0,,,,,c-6,negs,0.75,period,1.4731512920116074,None,None,,,,,,,,,,,0,467,467,313,858.9037662089977,,,,,,,,,,,,,,,,,,,,,,,,,,,,,,,,,,,,,,,,,,,,,,,,,,,,,,,,,,,,,,,,,,,,,,858.8947695420065,858.9037662089977,859.6390820420056,859.6390820420056,859.6390820420056,859.7111697499931,859.7111697499931,859.7111697499931,860.3803750420047,period,1.4731512920116074,None,860.3804738750041,860.3805250840087,None,,,,,,,,,,,,21040099,2,2026-01-15_12h12.40.477,tilt_mocs,2024.2.4,120.82791337127415,2026-01-15 12h12.52.410327 -0500,
-4,-15.0,,468,468,0,,,,,100,0,,,,,c-4,negs,1.0,period,1.687437458022032,None,None,,,,,,,,,,,0,468,468,363,860.3915356670041,,,,,,,,,,,,,,,,,,,,,,,,,,,,,,,,,,,,,,,,,,,,,,,,,,,,,,,,,,,,,,,,,,,,,,860.3824911669944,860.3915356670041,861.3818568339921,861.3818568339921,861.3818568339921,861.4562370000058,861.4562370000058,861.4562370000058,862.0814131250081,period,1.687437458022032,None,862.0815172500152,862.0815584590018,None,,,,,,,,,,,,21040099,2,2026-01-15_12h12.40.477,tilt_mocs,2024.2.4,120.82791337127415,2026-01-15 12h12.52.410327 -0500,
4,15.0,,469,469,0,,,,,100,0,,,,,c+4,poss,1.0,z,1.5847066249989439,None,None,,,,,,,,,,,0,469,469,151,862.0920297499979,,,,,,,,,,,,,,,,,,,,,,,,,,,,,,,,,,,,,,,,,,,,,,,,,,,,,,,,,,,,,,,,,,,,,,862.0835207090131,862.0920297499979,863.0816303339961,863.0816303339961,863.0816303339961,863.1563198750082,863.1563198750082,863.1563198750082,863.6805958340119,z,1.5847066249989439,None,863.6807214170112,863.6807741250086,None,,,,,,,,,,,,21040099,2,2026-01-15_12h12.40.477,tilt_mocs,2024.2.4,120.82791337127415,2026-01-15 12h12.52.410327 -0500,
4,15.0,,470,470,0,,,,,100,0,,,,,c+4,poss,1.0,z,1.6713394169928506,None,None,,,,,,,,,,,0,470,470,148,863.6916765420174,,,,,,,,,,,,,,,,,,,,,,,,,,,,,,,,,,,,,,,,,,,,,,,,,,,,,,,,,,,,,,,,,,,,,,863.6827844170039,863.6916765420174,864.6819140840089,864.6819140840089,864.6819140840089,864.7564758750086,864.7564758750086,864.7564758750086,865.3753060839954,z,1.6713394169928506,None,865.3754351669922,865.3754876670137,None,,,,,,,,,,,,21040099,2,2026-01-15_12h12.40.477,tilt_mocs,2024.2.4,120.82791337127415,2026-01-15 12h12.52.410327 -0500,
6,15.0,,471,471,0,,,,,100,0,,,,,c+6,poss,0.5,period,1.1220421670004725,None,None,,,,,,,,,,,0,471,471,173,865.3860781670082,,,,,,,,,,,,,,,,,,,,,,,,,,,,,,,,,,,,,,,,,,,,,,,,,,,,,,,,,,,,,,,,,,,,,,865.3775541670038,865.3860781670082,865.8726008750091,865.8726008750091,865.8726008750091,865.9442750000162,865.9442750000162,865.9442750000162,866.5147400840069,period,1.1220421670004725,None,866.5148689170019,866.5149203340115,None,,,,,,,,,,,,21040099,2,2026-01-15_12h12.40.477,tilt_mocs,2024.2.4,120.82791337127415,2026-01-15 12h12.52.410327 -0500,
-2,-15.0,,472,472,0,,,,,100,0,,,,,c-2,negs,1.25,period,1.8716920830192976,None,None,,,,,,,,,,,0,472,472,418,866.525564584008,,,,,,,,,,,,,,,,,,,,,,,,,,,,,,,,,,,,,,,,,,,,,,,,,,,,,,,,,,,,,,,,,,,,,,866.5169127090194,866.525564584008,867.7656932919926,867.7656932919926,867.7656932919926,867.8398167090199,867.8398167090199,867.8398167090199,868.4086578749993,period,1.8716920830192976,None,868.408788834,868.4088413339923,None,,,,,,,,,,,,21040099,2,2026-01-15_12h12.40.477,tilt_mocs,2024.2.4,120.82791337127415,2026-01-15 12h12.52.410327 -0500,
2,15.0,,473,473,0,,,,,100,0,,,,,c+2,poss,1.0,period,1.690627208998194,None,None,,,,,,,,,,,0,473,473,114,868.4193914170028,,,,,,,,,,,,,,,,,,,,,,,,,,,,,,,,,,,,,,,,,,,,,,,,,,,,,,,,,,,,,,,,,,,,,,868.4110743750061,868.4193914170028,869.4060016250005,869.4060016250005,869.4060016250005,869.4787583340076,869.4787583340076,869.4787583340076,870.115219083993,period,1.690627208998194,None,870.1153637499956,870.1154184589977,None,,,,,,,,,,,,21040099,2,2026-01-15_12h12.40.477,tilt_mocs,2024.2.4,120.82791337127415,2026-01-15 12h12.52.410327 -0500,
-4,0.0,,474,474,0,,,,,0,100,,,,,c-4,noss,1.25,z,1.8139872920000926,None,None,,,,,,,,,,,0,474,474,543,870.1260672089993,,,,,,,,,,,,,,,,,,,,,,,,,,,,,,,,,,,,,,,,,,,,,,,,,,,,,,,,,,,,,,,,,,,,,,870.1177802919992,870.1260672089993,871.3649076250149,871.3649076250149,871.3649076250149,871.4399747500138,871.4399747500138,871.4399747500138,871.9427277920186,z,1.8139872920000926,None,871.9428882090142,871.9429400000081,None,,,,,,,,,,,,21040099,2,2026-01-15_12h12.40.477,tilt_mocs,2024.2.4,120.82791337127415,2026-01-15 12h12.52.410327 -0500,
-2,15.0,,475,475,0,,,,,100,0,,,,,c-2,poss,1.0,z,1.5019497079774737,None,None,,,,,,,,,,,0,475,475,25,871.9547858340084,,,,,,,,,,,,,,,,,,,,,,,,,,,,,,,,,,,,,,,,,,,,,,,,,,,,,,,,,,,,,,,,,,,,,,871.9456460420042,871.9547858340084,872.9394567090203,872.9394567090203,872.9394567090203,873.0124342500058,873.0124342500058,873.0124342500058,873.4597693750111,z,1.5019497079774737,None,873.4600161249982,873.4600937089999,None,,,,,,,,,,,,21040099,2,2026-01-15_12h12.40.477,tilt_mocs,2024.2.4,120.82791337127415,2026-01-15 12h12.52.410327 -0500,
-2,15.0,,476,476,0,,,,,100,0,,,,,c-2,poss,1.0,z,1.5272588330262806,None,None,,,,,,,,,,,0,476,476,31,873.4715052090178,,,,,,,,,,,,,,,,,,,,,,,,,,,,,,,,,,,,,,,,,,,,,,,,,,,,,,,,,,,,,,,,,,,,,,873.4625919169921,873.4715052090178,874.4561619170127,874.4561619170127,874.4561619170127,874.5402530420106,874.5402530420106,874.5402530420106,875.0090771249961,z,1.5272588330262806,None,875.0092365000164,875.0092847089982,None,,,,,,,,,,,,21040099,2,2026-01-15_12h12.40.477,tilt_mocs,2024.2.4,120.82791337127415,2026-01-15 12h12.52.410327 -0500,
2,-15.0,,477,477,0,,,,,100,0,,,,,c+2,negs,1.0,period,1.6150220000126865,None,None,,,,,,,,,,,0,477,477,489,875.021171291999,,,,,,,,,,,,,,,,,,,,,,,,,,,,,,,,,,,,,,,,,,,,,,,,,,,,,,,,,,,,,,,,,,,,,,875.0121727090154,875.021171291999,876.0062938750198,876.0062938750198,876.0062938750198,876.0781400839915,876.0781400839915,876.0781400839915,876.6426287500071,period,1.6150220000126865,None,876.6427852920024,876.6428386670013,None,,,,,,,,,,,,21040099,2,2026-01-15_12h12.40.477,tilt_mocs,2024.2.4,120.82791337127415,2026-01-15 12h12.52.410327 -0500,
4,0.0,,478,478,0,,,,,0,100,,,,,c+4,noss,0.5,period,0.9883811250037979,None,None,,,,,,,,,,,0,478,478,678,876.6544422089937,,,,,,,,,,,,,,,,,,,,,,,,,,,,,,,,,,,,,,,,,,,,,,,,,,,,,,,,,,,,,,,,,,,,,,876.6454884590057,876.6544422089937,877.1393585840124,877.1393585840124,877.1393585840124,877.2127957089979,877.2127957089979,877.2127957089979,877.6486655420158,period,0.9883811250037979,None,877.6488100000133,877.6488597500138,None,,,,,,,,,,,,21040099,2,2026-01-15_12h12.40.477,tilt_mocs,2024.2.4,120.82791337127415,2026-01-15 12h12.52.410327 -0500,
-2,-15.0,,479,479,0,,,,,100,0,,,,,c-2,negs,0.75,period,1.43065666599432,None,None,,,,,,,,,,,0,479,479,396,877.6596836670069,,,,,,,,,,,,,,,,,,,,,,,,,,,,,,,,,,,,,,,,,,,,,,,,,,,,,,,,,,,,,,,,,,,,,,877.6513729169965,877.6596836670069,878.3993619169923,878.3993619169923,878.3993619169923,878.4735556250089,878.4735556250089,878.4735556250089,879.0938887090015,period,1.43065666599432,None,879.0940401669941,879.0940928340133,None,,,,,,,,,,,,21040099,2,2026-01-15_12h12.40.477,tilt_mocs,2024.2.4,120.82791337127415,2026-01-15 12h12.52.410327 -0500,
2,-15.0,,480,480,0,,,,,100,0,,,,,c+2,negs,0.75,period,1.327055083005689,None,None,,,,,,,,,,,0,480,480,473,879.105608834012,,,,,,,,,,,,,,,,,,,,,,,,,,,,,,,,,,,,,,,,,,,,,,,,,,,,,,,,,,,,,,,,,,,,,,879.0966814999992,879.105608834012,879.8396407499968,879.8396407499968,879.8396407499968,879.9119542090048,879.9119542090048,879.9119542090048,880.4426086670137,period,1.327055083005689,None,880.4427333750064,880.442784584011,None,,,,,,,,,,,,21040099,2,2026-01-15_12h12.40.477,tilt_mocs,2024.2.4,120.82791337127415,2026-01-15 12h12.52.410327 -0500,
-6,-15.0,,481,481,0,,,,,100,0,,,,,c-6,negs,1.25,z,1.8140266250120476,None,None,,,,,,,,,,,0,481,481,333,880.4535293749941,,,,,,,,,,,,,,,,,,,,,,,,,,,,,,,,,,,,,,,,,,,,,,,,,,,,,,,,,,,,,,,,,,,,,,880.4449505000084,880.4535293749941,881.6898251250095,881.6898251250095,881.6898251250095,881.7620270420157,881.7620270420157,881.7620270420157,882.2760843340075,z,1.8140266250120476,None,882.2762390839926,882.2762962499983,None,,,,,,,,,,,,21040099,2,2026-01-15_12h12.40.477,tilt_mocs,2024.2.4,120.82791337127415,2026-01-15 12h12.52.410327 -0500,
0,-15.0,,482,482,0,,,,,100,0,,,,,c+0,negs,1.25,period,1.8210925419989508,None,None,,,,,,,,,,,0,482,482,459,882.2878765840142,,,,,,,,,,,,,,,,,,,,,,,,,,,,,,,,,,,,,,,,,,,,,,,,,,,,,,,,,,,,,,,,,,,,,,882.2788998339965,882.2878765840142,883.5233321670094,883.5233321670094,883.5233321670094,883.596057000017,883.596057000017,883.596057000017,884.1142011670163,period,1.8210925419989508,None,884.1143135419989,884.114354209014,None,,,,,,,,,,,,21040099,2,2026-01-15_12h12.40.477,tilt_mocs,2024.2.4,120.82791337127415,2026-01-15 12h12.52.410327 -0500,
8,15.0,,483,483,0,,,,,100,0,,,,,c+8,poss,1.25,period,1.9246817499806639,None,None,,,,,,,,,,,0,483,483,242,884.1257161670073,,,,,,,,,,,,,,,,,,,,,,,,,,,,,,,,,,,,,,,,,,,,,,,,,,,,,,,,,,,,,,,,,,,,,,884.1162783339969,884.1257161670073,885.3664977090084,885.3664977090084,885.3664977090084,885.4393987499934,885.4393987499934,885.4393987499934,886.0594975420099,period,1.9246817499806639,None,886.0596589999914,886.0597140000027,None,,,,,,,,,,,,21040099,2,2026-01-15_12h12.40.477,tilt_mocs,2024.2.4,120.82791337127415,2026-01-15 12h12.52.410327 -0500,
0,15.0,,484,484,0,,,,,100,0,,,,,c+0,poss,1.25,z,1.8190833750122692,None,None,,,,,,,,,,,0,484,484,82,886.0710565840127,,,,,,,,,,,,,,,,,,,,,,,,,,,,,,,,,,,,,,,,,,,,,,,,,,,,,,,,,,,,,,,,,,,,,,886.0623460840143,886.0710565840127,887.3065580840048,887.3065580840048,887.3065580840048,887.3790522500058,887.3790522500058,887.3790522500058,887.893167125003,z,1.8190833750122692,None,887.8933021670091,887.8933581250021,None,,,,,,,,,,,,21040099,2,2026-01-15_12h12.40.477,tilt_mocs,2024.2.4,120.82791337127415,2026-01-15 12h12.52.410327 -0500,
-2,15.0,,485,485,0,,,,,100,0,,,,,c-2,poss,0.5,z,1.1316660419979598,None,None,,,,,,,,,,,0,485,485,4,887.9043972920044,,,,,,,,,,,,,,,,,,,,,,,,,,,,,,,,,,,,,,,,,,,,,,,,,,,,,,,,,,,,,,,,,,,,,,887.8956370420055,887.9043972920044,888.3901913340087,888.3901913340087,888.3901913340087,888.461790500005,888.461790500005,888.461790500005,889.0428987920168,z,1.1316660419979598,None,889.0430231670034,889.0430741670134,None,,,,,,,,,,,,21040099,2,2026-01-15_12h12.40.477,tilt_mocs,2024.2.4,120.82791337127415,2026-01-15 12h12.52.410327 -0500,
-2,15.0,,486,486,0,,,,,100,0,,,,,c-2,poss,1.25,z,1.7587021249928512,None,None,,,,,,,,,,,0,486,486,32,889.0537329170038,,,,,,,,,,,,,,,,,,,,,,,,,,,,,,,,,,,,,,,,,,,,,,,,,,,,,,,,,,,,,,,,,,,,,,889.0451587499992,889.0537329170038,890.2901832920033,890.2901832920033,890.2901832920033,890.3621866670146,890.3621866670146,890.3621866670146,890.8151787499955,z,1.7587021249928512,None,890.8153014169948,890.8153541249922,None,,,,,,,,,,,,21040099,2,2026-01-15_12h12.40.477,tilt_mocs,2024.2.4,120.82791337127415,2026-01-15 12h12.52.410327 -0500,
4,15.0,,487,487,0,,,,,100,0,,,,,c+4,poss,1.0,z,1.7333772080019116,None,None,,,,,,,,,,,0,487,487,154,890.8263704169949,,,,,,,,,,,,,,,,,,,,,,,,,,,,,,,,,,,,,,,,,,,,,,,,,,,,,,,,,,,,,,,,,,,,,,890.817428209004,890.8263704169949,891.8166417090106,891.8166417090106,891.8166417090106,891.8906552919943,891.8906552919943,891.8906552919943,892.565097084007,z,1.7333772080019116,None,892.5652293750027,892.5652842090058,None,,,,,,,,,,,,21040099,2,2026-01-15_12h12.40.477,tilt_mocs,2024.2.4,120.82791337127415,2026-01-15 12h12.52.410327 -0500,
4,15.0,,488,488,0,,,,,100,0,,,,,c+4,poss,0.5,z,1.0087679159769323,None,None,,,,,,,,,,,0,488,488,129,892.5763035000127,,,,,,,,,,,,,,,,,,,,,,,,,,,,,,,,,,,,,,,,,,,,,,,,,,,,,,,,,,,,,,,,,,,,,,892.5673398340004,892.5763035000127,893.0670271670097,893.0670271670097,893.0670271670097,893.1408457090147,893.1408457090147,893.1408457090147,893.5929714170052,z,1.0087679159769323,None,893.5931380419934,893.593219250004,None,,,,,,,,,,,,21040099,2,2026-01-15_12h12.40.477,tilt_mocs,2024.2.4,120.82791337127415,2026-01-15 12h12.52.410327 -0500,
0,0.0,,489,489,0,,,,,0,100,,,,,c+0,noss,1.0,z,1.6521500830131117,None,None,,,,,,,,,,,0,489,489,619,893.6054599999916,,,,,,,,,,,,,,,,,,,,,,,,,,,,,,,,,,,,,,,,,,,,,,,,,,,,,,,,,,,,,,,,,,,,,,893.5962223749957,893.6054599999916,894.5903432500199,894.5903432500199,894.5903432500199,894.6624812500086,894.6624812500086,894.6624812500086,895.2602713750093,z,1.6521500830131117,None,895.2605093340098,895.2606125840102,None,,,,,,,,,,,,21040099,2,2026-01-15_12h12.40.477,tilt_mocs,2024.2.4,120.82791337127415,2026-01-15 12h12.52.410327 -0500,
4,0.0,,490,490,0,,,,,0,100,,,,,c+4,noss,1.0,period,1.5192114580131602,None,None,,,,,,,,,,,0,490,490,701,895.2720403750136,,,,,,,,,,,,,,,,,,,,,,,,,,,,,,,,,,,,,,,,,,,,,,,,,,,,,,,,,,,,,,,,,,,,,,895.2631324999966,895.2720403750136,896.2570274590107,896.2570274590107,896.2570274590107,896.3290322500106,896.3290322500106,896.3290322500106,896.7940678750165,period,1.5192114580131602,None,896.79422595902,896.7943000000087,None,,,,,,,,,,,,21040099,2,2026-01-15_12h12.40.477,tilt_mocs,2024.2.4,120.82791337127415,2026-01-15 12h12.52.410327 -0500,
-2,-15.0,,491,491,0,,,,,100,0,,,,,c-2,negs,1.25,period,1.7193901670107152,None,None,,,,,,,,,,,0,491,491,411,896.8057487090118,,,,,,,,,,,,,,,,,,,,,,,,,,,,,,,,,,,,,,,,,,,,,,,,,,,,,,,,,,,,,,,,,,,,,,896.796779708995,896.8057487090118,898.0407327499997,898.0407327499997,898.0407327499997,898.1123222500028,898.1123222500028,898.1123222500028,898.537065542012,period,1.7193901670107152,None,898.5371630000009,898.5372043749958,None,,,,,,,,,,,,21040099,2,2026-01-15_12h12.40.477,tilt_mocs,2024.2.4,120.82791337127415,2026-01-15 12h12.52.410327 -0500,
-2,-15.0,,492,492,0,,,,,100,0,,,,,c-2,negs,1.0,period,1.4715354999934789,None,None,,,,,,,,,,,0,492,492,407,898.5436840839975,,,,,,,,,,,,,,,,,,,,,,,,,,,,,,,,,,,,,,,,,,,,,,,,,,,,,,,,,,,,,,,,,,,,,,898.5391747920075,898.5436840839975,899.5326313340047,899.5326313340047,899.5326313340047,899.6076432919945,899.6076432919945,899.6076432919945,900.0267059589969,period,1.4715354999934789,None,900.026875459007,900.0269313339959,None,,,,,,,,,,,,21040099,2,2026-01-15_12h12.40.477,tilt_mocs,2024.2.4,120.82791337127415,2026-01-15 12h12.52.410327 -0500,
-2,15.0,,493,493,0,,,,,100,0,,,,,c-2,poss,0.5,z,0.9798025409982074,None,None,,,,,,,,,,,0,493,493,7,900.0377807920158,,,,,,,,,,,,,,,,,,,,,,,,,,,,,,,,,,,,,,,,,,,,,,,,,,,,,,,,,,,,,,,,,,,,,,900.0294135840086,900.0377807920158,900.5236672089959,900.5236672089959,900.5236672089959,900.5969035839953,900.5969035839953,900.5969035839953,901.0263636250165,z,0.9798025409982074,None,901.0264909169928,901.0265430420113,None,,,,,,,,,,,,21040099,2,2026-01-15_12h12.40.477,tilt_mocs,2024.2.4,120.82791337127415,2026-01-15 12h12.52.410327 -0500,
-2,15.0,,494,494,0,,,,,100,0,,,,,c-2,poss,0.5,z,0.9382513749878854,None,None,,,,,,,,,,,0,494,494,0,901.0378475000034,,,,,,,,,,,,,,,,,,,,,,,,,,,,,,,,,,,,,,,,,,,,,,,,,,,,,,,,,,,,,,,,,,,,,,901.0289937500202,901.0378475000034,901.5238449170138,901.5238449170138,901.5238449170138,901.5960161249968,901.5960161249968,901.5960161249968,901.9825696250191,z,0.9382513749878854,None,901.9826740419958,901.982716833998,None,,,,,,,,,,,,21040099,2,2026-01-15_12h12.40.477,tilt_mocs,2024.2.4,120.82791337127415,2026-01-15 12h12.52.410327 -0500,
4,15.0,,495,495,0,,,,,100,0,,,,,c+4,poss,1.0,z,1.528678915987257,None,None,,,,,,,,,,,0,495,495,155,901.9935434170184,,,,,,,,,,,,,,,,,,,,,,,,,,,,,,,,,,,,,,,,,,,,,,,,,,,,,,,,,,,,,,,,,,,,,,901.9846752500162,901.9935434170184,902.9828006250027,902.9828006250027,902.9828006250027,903.0577326670173,903.0577326670173,903.0577326670173,903.5266137919971,z,1.528678915987257,None,903.5267416670104,903.5267936669989,None,,,,,,,,,,,,21040099,2,2026-01-15_12h12.40.477,tilt_mocs,2024.2.4,120.82791337127415,2026-01-15 12h12.52.410327 -0500,
0,0.0,,496,496,0,,,,,0,100,,,,,c+0,noss,1.0,period,1.7250076250056736,None,None,,,,,,,,,,,0,496,496,610,903.5373577499995,,,,,,,,,,,,,,,,,,,,,,,,,,,,,,,,,,,,,,,,,,,,,,,,,,,,,,,,,,,,,,,,,,,,,,903.5287670000107,903.5373577499995,904.5239617500047,904.5239617500047,904.5239617500047,904.5971847920155,904.5971847920155,904.5971847920155,905.2664125839947,period,1.7250076250056736,None,905.2665344589914,905.2665886670002,None,,,,,,,,,,,,21040099,2,2026-01-15_12h12.40.477,tilt_mocs,2024.2.4,120.82791337127415,2026-01-15 12h12.52.410327 -0500,
-8,-15.0,,497,497,0,,,,,100,0,,,,,c-8,negs,0.75,period,1.315992375020869,None,None,,,,,,,,,,,0,497,497,267,905.2772994170082,,,,,,,,,,,,,,,,,,,,,,,,,,,,,,,,,,,,,,,,,,,,,,,,,,,,,,,,,,,,,,,,,,,,,,905.2690844589961,905.2772994170082,906.0163520839997,906.0163520839997,906.0163520839997,906.0911611250194,906.0911611250194,906.0911611250194,906.5996620420192,period,1.315992375020869,None,906.5997947920114,906.5998461249983,None,,,,,,,,,,,,21040099,2,2026-01-15_12h12.40.477,tilt_mocs,2024.2.4,120.82791337127415,2026-01-15 12h12.52.410327 -0500,
-8,-15.0,,498,498,0,,,,,100,0,,,,,c-8,negs,0.75,period,1.3651086250029039,None,None,,,,,,,,,,,0,498,498,264,906.6103913340194,,,,,,,,,,,,,,,,,,,,,,,,,,,,,,,,,,,,,,,,,,,,,,,,,,,,,,,,,,,,,,,,,,,,,,906.6020377920067,906.6103913340194,907.3499231250025,907.3499231250025,907.3499231250025,907.4245489590103,907.4245489590103,907.4245489590103,907.987919459003,period,1.3651086250029039,None,907.9880162500194,907.988056000002,None,,,,,,,,,,,,21040099,2,2026-01-15_12h12.40.477,tilt_mocs,2024.2.4,120.82791337127415,2026-01-15 12h12.52.410327 -0500,
4,15.0,,499,499,0,,,,,100,0,,,,,c+4,poss,1.25,period,1.8579254169890191,None,None,,,,,,,,,,,0,499,499,161,907.9945285420108,,,,,,,,,,,,,,,,,,,,,,,,,,,,,,,,,,,,,,,,,,,,,,,,,,,,,,,,,,,,,,,,,,,,,,907.9900616670202,907.9945285420108,909.233330499992,909.233330499992,909.233330499992,909.307665417,909.307665417,909.307665417,909.8601294590044,period,1.8579254169890191,None,909.8602724999946,909.8603275420028,None,,,,,,,,,,,,21040099,2,2026-01-15_12h12.40.477,tilt_mocs,2024.2.4,120.82791337127415,2026-01-15 12h12.52.410327 -0500,
4,15.0,,500,500,0,,,,,100,0,,,,,c+4,poss,1.0,period,1.6074571659846697,None,space,21.821501124999486,None,,,,,,,,,0,500,500,153,909.8725033749943,,,,,,,,,,,,,,,,,,,,,,,,,,,,,,,,,,,,,,,,,,,,,,,,,,,,,,,,,,,,,,,,,,,,,,909.8631919170148,909.8725033749943,910.857499500009,910.857499500009,910.857499500009,910.9293270000198,910.9293270000198,910.9293270000198,911.4836475420161,period,1.6074571659846697,None,911.483783083997,933.317302084004,space,911.4932057920087,911.4932057920087,21.821501124999486,None,,,,,,,,21040099,2,2026-01-15_12h12.40.477,tilt_mocs,2024.2.4,120.82791337127415,2026-01-15 12h12.52.410327 -0500,
4,0.0,,501,501,0,,,,,0,100,,,,,c+4,noss,1.25,period,1.78167262498755,None,None,,,,,,,,,,,0,501,501,711,933.3280371250003,,,,,,,,,,,,,,,,,,,,,,,,,,,,,,,,,,,,,,,,,,,,,,,,,,,,,,,,,,,,,,,,,,,,,,933.3193275420053,933.3280371250003,934.5678412500129,934.5678412500129,934.5678412500129,934.6421457090182,934.6421457090182,934.6421457090182,935.1217462920176,period,1.78167262498755,None,935.1218577919935,935.1218990000198,None,,,,,,,,,,,,21040099,2,2026-01-15_12h12.40.477,tilt_mocs,2024.2.4,120.82791337127415,2026-01-15 12h12.52.410327 -0500,
-6,-15.0,,502,502,0,,,,,100,0,,,,,c-6,negs,0.5,z,1.0392880830040667,None,None,,,,,,,,,,,0,502,502,304,935.1282607089961,,,,,,,,,,,,,,,,,,,,,,,,,,,,,,,,,,,,,,,,,,,,,,,,,,,,,,,,,,,,,,,,,,,,,,935.1238622500096,935.1282607089961,935.6175060000096,935.6175060000096,935.6175060000096,935.6924113749992,935.6924113749992,935.6924113749992,936.1778751669917,z,1.0392880830040667,None,936.1780414170062,936.1780971669941,None,,,,,,,,,,,,21040099,2,2026-01-15_12h12.40.477,tilt_mocs,2024.2.4,120.82791337127415,2026-01-15 12h12.52.410327 -0500,
2,0.0,,503,503,0,,,,,0,100,,,,,c+2,noss,0.75,period,1.4940941670211032,None,None,,,,,,,,,,,0,503,503,644,936.189935250004,,,,,,,,,,,,,,,,,,,,,,,,,,,,,,,,,,,,,,,,,,,,,,,,,,,,,,,,,,,,,,,,,,,,,,936.1807925419998,936.189935250004,936.9251194999961,936.9251194999961,936.9251194999961,936.9974538340175,936.9974538340175,936.9974538340175,937.694629250007,period,1.4940941670211032,None,937.6948126670031,937.6948705000104,None,,,,,,,,,,,,21040099,2,2026-01-15_12h12.40.477,tilt_mocs,2024.2.4,120.82791337127415,2026-01-15 12h12.52.410327 -0500,
2,0.0,,504,504,0,,,,,0,100,,,,,c+2,noss,1.25,period,1.6693752919964027,None,None,,,,,,,,,,,0,504,504,671,937.7068251250021,,,,,,,,,,,,,,,,,,,,,,,,,,,,,,,,,,,,,,,,,,,,,,,,,,,,,,,,,,,,,,,,,,,,,,937.6978308749967,937.7068251250021,938.9418366670143,938.9418366670143,938.9418366670143,939.0148264589952,939.0148264589952,939.0148264589952,939.3792198750016,period,1.6693752919964027,None,939.3794482920202,939.3795099169947,None,,,,,,,,,,,,21040099,2,2026-01-15_12h12.40.477,tilt_mocs,2024.2.4,120.82791337127415,2026-01-15 12h12.52.410327 -0500,
2,15.0,,505,505,0,,,,,100,0,,,,,c+2,poss,0.75,period,1.520175166981062,None,None,,,,,,,,,,,0,505,505,100,939.3916025420185,,,,,,,,,,,,,,,,,,,,,,,,,,,,,,,,,,,,,,,,,,,,,,,,,,,,,,,,,,,,,,,,,,,,,,939.3825611250068,939.3916025420185,940.1251962090028,940.1251962090028,940.1251962090028,940.1971871670103,940.1971871670103,940.1971871670103,940.9160084169998,period,1.520175166981062,None,940.9161046670051,940.9161447920196,None,,,,,,,,,,,,21040099,2,2026-01-15_12h12.40.477,tilt_mocs,2024.2.4,120.82791337127415,2026-01-15 12h12.52.410327 -0500,
-4,-15.0,,506,506,0,,,,,100,0,,,,,c-4,negs,0.75,z,1.3838597499998286,None,None,,,,,,,,,,,0,506,506,350,940.9269017500046,,,,,,,,,,,,,,,,,,,,,,,,,,,,,,,,,,,,,,,,,,,,,,,,,,,,,,,,,,,,,,,,,,,,,,940.9180550840101,940.9269017500046,941.6682862089947,941.6682862089947,941.6682862089947,941.7425539999967,941.7425539999967,941.7425539999967,942.3172966249986,z,1.3838597499998286,None,942.3174017500132,942.3174418339913,None,,,,,,,,,,,,21040099,2,2026-01-15_12h12.40.477,tilt_mocs,2024.2.4,120.82791337127415,2026-01-15 12h12.52.410327 -0500,
2,-15.0,,507,507,0,,,,,100,0,,,,,c+2,negs,0.75,period,1.1884950419771485,None,None,,,,,,,,,,,0,507,507,474,942.3280916250078,,,,,,,,,,,,,,,,,,,,,,,,,,,,,,,,,,,,,,,,,,,,,,,,,,,,,,,,,,,,,,,,,,,,,,942.3193918750039,942.3280916250078,943.0687716249959,943.0687716249959,943.0687716249959,943.1424083340098,943.1424083340098,943.1424083340098,943.5279790420027,period,1.1884950419771485,None,943.5281357500062,943.5281927920005,None,,,,,,,,,,,,21040099,2,2026-01-15_12h12.40.477,tilt_mocs,2024.2.4,120.82791337127415,2026-01-15 12h12.52.410327 -0500,
0,15.0,,508,508,0,,,,,100,0,,,,,c+0,poss,1.0,z,1.509031916008098,None,None,,,,,,,,,,,0,508,508,65,943.5395889590145,,,,,,,,,,,,,,,,,,,,,,,,,,,,,,,,,,,,,,,,,,,,,,,,,,,,,,,,,,,,,,,,,,,,,,943.5307826249918,943.5395889590145,944.5252824170166,944.5252824170166,944.5252824170166,944.5972955840116,944.5972955840116,944.5972955840116,945.0598019169993,z,1.509031916008098,None,945.0599062920082,945.0599625839968,None,,,,,,,,,,,,21040099,2,2026-01-15_12h12.40.477,tilt_mocs,2024.2.4,120.82791337127415,2026-01-15 12h12.52.410327 -0500,
0,0.0,,509,509,0,,,,,0,100,,,,,c+0,noss,0.75,z,1.4479939170123544,None,None,,,,,,,,,,,0,509,509,601,945.0671425420151,,,,,,,,,,,,,,,,,,,,,,,,,,,,,,,,,,,,,,,,,,,,,,,,,,,,,,,,,,,,,,,,,,,,,,945.061944999994,945.0671425420151,945.8014342090173,945.8014342090173,945.8014342090173,945.8758879170055,945.8758879170055,945.8758879170055,946.5175884170167,z,1.4479939170123544,None,946.5177175840072,946.5177687919931,None,,,,,,,,,,,,21040099,2,2026-01-15_12h12.40.477,tilt_mocs,2024.2.4,120.82791337127415,2026-01-15 12h12.52.410327 -0500,
0,-15.0,,510,510,0,,,,,100,0,,,,,c+0,negs,0.75,period,1.2111555000010412,None,None,,,,,,,,,,,0,510,510,440,946.528511542012,,,,,,,,,,,,,,,,,,,,,,,,,,,,,,,,,,,,,,,,,,,,,,,,,,,,,,,,,,,,,,,,,,,,,,946.5197427500098,946.528511542012,947.2689299590129,947.2689299590129,947.2689299590129,947.3426392500114,947.3426392500114,947.3426392500114,947.7449842090136,period,1.2111555000010412,None,947.74511454202,947.7451666250126,None,,,,,,,,,,,,21040099,2,2026-01-15_12h12.40.477,tilt_mocs,2024.2.4,120.82791337127415,2026-01-15 12h12.52.410327 -0500,
-4,-15.0,,511,511,0,,,,,100,0,,,,,c-4,negs,1.0,z,1.4896590839780401,None,None,,,,,,,,,,,0,511,511,359,947.7564217089966,,,,,,,,,,,,,,,,,,,,,,,,,,,,,,,,,,,,,,,,,,,,,,,,,,,,,,,,,,,,,,,,,,,,,,947.747464709013,947.7564217089966,948.7414563340135,948.7414563340135,948.7414563340135,948.8261948750005,948.8261948750005,948.8261948750005,949.2508680000028,z,1.4896590839780401,None,949.2509889999928,949.2510385420173,None,,,,,,,,,,,,21040099,2,2026-01-15_12h12.40.477,tilt_mocs,2024.2.4,120.82791337127415,2026-01-15 12h12.52.410327 -0500,
-4,-15.0,,512,512,0,,,,,100,0,,,,,c-4,negs,1.25,z,1.8660511660273187,None,None,,,,,,,,,,,0,512,512,376,949.261597625009,,,,,,,,,,,,,,,,,,,,,,,,,,,,,,,,,,,,,,,,,,,,,,,,,,,,,,,,,,,,,,,,,,,,,,949.2529947500152,949.261597625009,950.5029110000178,950.5029110000178,950.5029110000178,950.576179249998,950.576179249998,950.576179249998,951.1338987500058,z,1.8660511660273187,None,951.1340005419916,951.1340582499979,None,,,,,,,,,,,,21040099,2,2026-01-15_12h12.40.477,tilt_mocs,2024.2.4,120.82791337127415,2026-01-15 12h12.52.410327 -0500,
0,0.0,,513,513,0,,,,,0,100,,,,,c+0,noss,0.5,z,1.2112430830020458,None,None,,,,,,,,,,,0,513,513,598,951.1451720000186,,,,,,,,,,,,,,,,,,,,,,,,,,,,,,,,,,,,,,,,,,,,,,,,,,,,,,,,,,,,,,,,,,,,,,951.1359970420017,951.1451720000186,951.6354925839987,951.6354925839987,951.6354925839987,951.7096335840179,951.7096335840179,951.7096335840179,952.3624625420198,z,1.2112430830020458,None,952.3626138750114,952.3626680000161,None,,,,,,,,,,,,21040099,2,2026-01-15_12h12.40.477,tilt_mocs,2024.2.4,120.82791337127415,2026-01-15 12h12.52.410327 -0500,
6,15.0,,514,514,0,,,,,100,0,,,,,c+6,poss,0.5,z,1.0252777090063319,None,None,,,,,,,,,,,0,514,514,176,952.3739297919965,,,,,,,,,,,,,,,,,,,,,,,,,,,,,,,,,,,,,,,,,,,,,,,,,,,,,,,,,,,,,,,,,,,,,,952.3649108340032,952.3739297919965,952.8589901670057,952.8589901670057,952.8589901670057,952.9325188749935,952.9325188749935,952.9325188749935,953.4117708340054,z,1.0252777090063319,None,953.4119225000031,953.4119776670123,None,,,,,,,,,,,,21040099,2,2026-01-15_12h12.40.477,tilt_mocs,2024.2.4,120.82791337127415,2026-01-15 12h12.52.410327 -0500,
2,15.0,,515,515,0,,,,,100,0,,,,,c+2,poss,0.5,z,0.9566324580227956,None,None,,,,,,,,,,,0,515,515,92,953.4241982499952,,,,,,,,,,,,,,,,,,,,,,,,,,,,,,,,,,,,,,,,,,,,,,,,,,,,,,,,,,,,,,,,,,,,,,953.4150079590036,953.4241982499952,953.9090420000139,953.9090420000139,953.9090420000139,953.98133387501,953.98133387501,953.98133387501,954.3848202500085,z,0.9566324580227956,None,954.3849444170191,954.3849861250201,None,,,,,,,,,,,,21040099,2,2026-01-15_12h12.40.477,tilt_mocs,2024.2.4,120.82791337127415,2026-01-15 12h12.52.410327 -0500,
4,15.0,,516,516,0,,,,,100,0,,,,,c+4,poss,1.0,z,1.500878749997355,None,None,,,,,,,,,,,0,516,516,156,954.3954759589978,,,,,,,,,,,,,,,,,,,,,,,,,,,,,,,,,,,,,,,,,,,,,,,,,,,,,,,,,,,,,,,,,,,,,,954.3868928750162,954.3954759589978,955.3853724170185,955.3853724170185,955.3853724170185,955.4596140420181,955.4596140420181,955.4596140420181,955.9014842089964,z,1.500878749997355,None,955.9016047920159,955.9016541670135,None,,,,,,,,,,,,21040099,2,2026-01-15_12h12.40.477,tilt_mocs,2024.2.4,120.82791337127415,2026-01-15 12h12.52.410327 -0500,
2,0.0,,517,517,0,,,,,0,100,,,,,c+2,noss,0.5,z,1.1644267920055427,None,None,,,,,,,,,,,0,517,517,632,955.9122947920114,,,,,,,,,,,,,,,,,,,,,,,,,,,,,,,,,,,,,,,,,,,,,,,,,,,,,,,,,,,,,,,,,,,,,,955.9041226670088,955.9122947920114,956.4020938750182,956.4020938750182,956.4020938750182,956.4763192500104,956.4763192500104,956.4763192500104,957.0798079170054,z,1.1644267920055427,None,957.0801117499941,957.0802055000095,None,,,,,,,,,,,,21040099,2,2026-01-15_12h12.40.477,tilt_mocs,2024.2.4,120.82791337127415,2026-01-15 12h12.52.410327 -0500,
-2,-15.0,,518,518,0,,,,,100,0,,,,,c-2,negs,1.0,period,1.5209061249915976,None,None,,,,,,,,,,,0,518,518,409,957.0918725840165,,,,,,,,,,,,,,,,,,,,,,,,,,,,,,,,,,,,,,,,,,,,,,,,,,,,,,,,,,,,,,,,,,,,,,957.0826717920136,957.0918725840165,958.0757679590024,958.0757679590024,958.0757679590024,958.1487292500096,958.1487292500096,958.1487292500096,958.6168288339977,period,1.5209061249915976,None,958.6169745840016,958.6170300840167,None,,,,,,,,,,,,21040099,2,2026-01-15_12h12.40.477,tilt_mocs,2024.2.4,120.82791337127415,2026-01-15 12h12.52.410327 -0500,
2,0.0,,519,519,0,,,,,0,100,,,,,c+2,noss,0.75,period,1.2310054169793148,None,None,,,,,,,,,,,0,519,519,645,958.6287410420191,,,,,,,,,,,,,,,,,,,,,,,,,,,,,,,,,,,,,,,,,,,,,,,,,,,,,,,,,,,,,,,,,,,,,,958.6196394170111,958.6287410420191,959.3685492090008,959.3685492090008,959.3685492090008,959.4429708750104,959.4429708750104,959.4429708750104,959.862892834004,period,1.2310054169793148,None,959.8630291669979,959.8630837090022,None,,,,,,,,,,,,21040099,2,2026-01-15_12h12.40.477,tilt_mocs,2024.2.4,120.82791337127415,2026-01-15 12h12.52.410327 -0500,
4,0.0,,520,520,0,,,,,0,100,,,,,c+4,noss,0.75,period,1.1795569170208182,None,None,,,,,,,,,,,0,520,520,692,959.8747054999985,,,,,,,,,,,,,,,,,,,,,,,,,,,,,,,,,,,,,,,,,,,,,,,,,,,,,,,,,,,,,,,,,,,,,,959.8656198749959,959.8747054999985,960.609699416993,960.609699416993,960.609699416993,960.6813988749927,960.6813988749927,960.6813988749927,961.0595206250146,period,1.1795569170208182,None,961.0595780840085,961.0595942090149,None,,,,,,,,,,,,21040099,2,2026-01-15_12h12.40.477,tilt_mocs,2024.2.4,120.82791337127415,2026-01-15 12h12.52.410327 -0500,
2,-15.0,,521,521,0,,,,,100,0,,,,,c+2,negs,1.25,period,1.6499552089953795,None,None,,,,,,,,,,,0,521,521,497,961.0660477089987,,,,,,,,,,,,,,,,,,,,,,,,,,,,,,,,,,,,,,,,,,,,,,,,,,,,,,,,,,,,,,,,,,,,,,961.0603204999934,961.0660477089987,962.3023732090078,962.3023732090078,962.3023732090078,962.3766323339951,962.3766323339951,962.3766323339951,962.7190677920007,period,1.6499552089953795,None,962.7191995840112,962.719253874995,None,,,,,,,,,,,,21040099,2,2026-01-15_12h12.40.477,tilt_mocs,2024.2.4,120.82791337127415,2026-01-15 12h12.52.410327 -0500,
-8,-15.0,,522,522,0,,,,,100,0,,,,,c-8,negs,0.5,z,1.0392237500054762,None,None,,,,,,,,,,,0,522,522,252,962.7297306249966,,,,,,,,,,,,,,,,,,,,,,,,,,,,,,,,,,,,,,,,,,,,,,,,,,,,,,,,,,,,,,,,,,,,,,962.7213674999948,962.7297306249966,963.2188123750093,963.2188123750093,963.2188123750093,963.2930165000143,963.2930165000143,963.2930165000143,963.779243500001,z,1.0392237500054762,None,963.7793811669981,963.7794397090038,None,,,,,,,,,,,,21040099,2,2026-01-15_12h12.40.477,tilt_mocs,2024.2.4,120.82791337127415,2026-01-15 12h12.52.410327 -0500,
-2,15.0,,523,523,0,,,,,100,0,,,,,c-2,poss,0.5,z,0.9371737090114038,None,None,,,,,,,,,,,0,523,523,5,963.7904312500032,,,,,,,,,,,,,,,,,,,,,,,,,,,,,,,,,,,,,,,,,,,,,,,,,,,,,,,,,,,,,,,,,,,,,,963.7817209589994,963.7904312500032,964.2760244999954,964.2760244999954,964.2760244999954,964.3478486250096,964.3478486250096,964.3478486250096,964.7402560000191,z,0.9371737090114038,None,964.740352791996,964.7403930420114,None,,,,,,,,,,,,21040099,2,2026-01-15_12h12.40.477,tilt_mocs,2024.2.4,120.82791337127415,2026-01-15 12h12.52.410327 -0500,
6,15.0,,524,524,0,,,,,100,0,,,,,c+6,poss,1.25,period,2.1757464580005035,None,None,,,,,,,,,,,0,524,524,203,964.7475827920134,,,,,,,,,,,,,,,,,,,,,,,,,,,,,,,,,,,,,,,,,,,,,,,,,,,,,,,,,,,,,,,,,,,,,,964.7424494170118,964.7475827920134,965.9851208750042,965.9851208750042,965.9851208750042,966.0599725420179,966.0599725420179,966.0599725420179,966.9274697920191,period,2.1757464580005035,None,966.927603374992,966.9276557090052,None,,,,,,,,,,,,21040099,2,2026-01-15_12h12.40.477,tilt_mocs,2024.2.4,120.82791337127415,2026-01-15 12h12.52.410327 -0500,
0,-15.0,,525,525,0,,,,,100,0,,,,,c+0,negs,1.25,period,2.073117457999615,None,None,,,,,,,,,,,0,525,525,461,966.9406522090139,,,,,,,,,,,,,,,,,,,,,,,,,,,,,,,,,,,,,,,,,,,,,,,,,,,,,,,,,,,,,,,,,,,,,,966.9315094170161,966.9406522090139,968.1761458340043,968.1761458340043,968.1761458340043,968.248387833999,968.248387833999,968.248387833999,969.0175676250074,period,2.073117457999615,None,969.0177077919943,969.0177626250079,None,,,,,,,,,,,,21040099,2,2026-01-15_12h12.40.477,tilt_mocs,2024.2.4,120.82791337127415,2026-01-15 12h12.52.410327 -0500,
-2,15.0,,526,526,0,,,,,100,0,,,,,c-2,poss,1.25,z,1.848124917014502,None,None,,,,,,,,,,,0,526,526,36,969.0289598340169,,,,,,,,,,,,,,,,,,,,,,,,,,,,,,,,,,,,,,,,,,,,,,,,,,,,,,,,,,,,,,,,,,,,,,969.0199658749916,969.0289598340169,970.2694799590099,970.2694799590099,970.2694799590099,970.3434604170034,970.3434604170034,970.3434604170034,970.8803072090086,z,1.848124917014502,None,970.8804549589986,970.8805084170017,None,,,,,,,,,,,,21040099,2,2026-01-15_12h12.40.477,tilt_mocs,2024.2.4,120.82791337127415,2026-01-15 12h12.52.410327 -0500,
-2,0.0,,527,527,0,,,,,0,100,,,,,c-2,noss,0.75,z,1.3188201659941114,None,None,,,,,,,,,,,0,527,527,558,970.8913780839939,,,,,,,,,,,,,,,,,,,,,,,,,,,,,,,,,,,,,,,,,,,,,,,,,,,,,,,,,,,,,,,,,,,,,,970.8826801670075,970.8913780839939,971.6262395840022,971.6262395840022,971.6262395840022,971.7001609170111,971.7001609170111,971.7001609170111,972.2130892919959,z,1.3188201659941114,None,972.2132257920166,972.2132792090124,None,,,,,,,,,,,,21040099,2,2026-01-15_12h12.40.477,tilt_mocs,2024.2.4,120.82791337127415,2026-01-15 12h12.52.410327 -0500,
2,15.0,,528,528,0,,,,,100,0,,,,,c+2,poss,1.25,z,1.7963115830207244,None,None,,,,,,,,,,,0,528,528,119,972.22384375002,,,,,,,,,,,,,,,,,,,,,,,,,,,,,,,,,,,,,,,,,,,,,,,,,,,,,,,,,,,,,,,,,,,,,,972.2154006670171,972.22384375002,973.4597045840055,973.4597045840055,973.4597045840055,973.5314588340116,973.5314588340116,973.5314588340116,974.0293475000071,z,1.7963115830207244,None,974.0294741670077,974.0295245840098,None,,,,,,,,,,,,21040099,2,2026-01-15_12h12.40.477,tilt_mocs,2024.2.4,120.82791337127415,2026-01-15 12h12.52.410327 -0500,
-8,-15.0,,529,529,0,,,,,100,0,,,,,c-8,negs,0.5,z,1.1256214999884833,None,None,,,,,,,,,,,0,529,529,253,974.0405152500025,,,,,,,,,,,,,,,,,,,,,,,,,,,,,,,,,,,,,,,,,,,,,,,,,,,,,,,,,,,,,,,,,,,,,,974.031587000005,974.0405152500025,974.5263851250056,974.5263851250056,974.5263851250056,974.5986574999988,974.5986574999988,974.5986574999988,975.1795717090135,z,1.1256214999884833,None,975.1797342500067,975.1797919590026,None,,,,,,,,,,,,21040099,2,2026-01-15_12h12.40.477,tilt_mocs,2024.2.4,120.82791337127415,2026-01-15 12h12.52.410327 -0500,
-2,15.0,,530,530,0,,,,,100,0,,,,,c-2,poss,0.5,z,0.9124541250057518,None,None,,,,,,,,,,,0,530,530,8,975.1917625420028,,,,,,,,,,,,,,,,,,,,,,,,,,,,,,,,,,,,,,,,,,,,,,,,,,,,,,,,,,,,,,,,,,,,,,975.1824328750081,975.1917625420028,975.6764323750103,975.6764323750103,975.6764323750103,975.7485143340018,975.7485143340018,975.7485143340018,976.112825084012,z,0.9124541250057518,None,976.112963334017,976.1130134169944,None,,,,,,,,,,,,21040099,2,2026-01-15_12h12.40.477,tilt_mocs,2024.2.4,120.82791337127415,2026-01-15 12h12.52.410327 -0500,
0,0.0,,531,531,0,,,,,0,100,,,,,c+0,noss,0.75,z,1.2159920000121929,None,None,,,,,,,,,,,0,531,531,606,976.1240627090156,,,,,,,,,,,,,,,,,,,,,,,,,,,,,,,,,,,,,,,,,,,,,,,,,,,,,,,,,,,,,,,,,,,,,,976.1152696250065,976.1240627090156,976.8597995419987,976.8597995419987,976.8597995419987,976.9318081249949,976.9318081249949,976.9318081249949,977.3463407919917,z,1.2159920000121929,None,977.3464888750168,977.3465449170035,None,,,,,,,,,,,,21040099,2,2026-01-15_12h12.40.477,tilt_mocs,2024.2.4,120.82791337127415,2026-01-15 12h12.52.410327 -0500,
2,0.0,,532,532,0,,,,,0,100,,,,,c+2,noss,0.5,z,0.975533999997424,None,None,,,,,,,,,,,0,532,532,631,977.3576672089985,,,,,,,,,,,,,,,,,,,,,,,,,,,,,,,,,,,,,,,,,,,,,,,,,,,,,,,,,,,,,,,,,,,,,,977.3486382090196,977.3576672089985,977.8433247920184,977.8433247920184,977.8433247920184,977.9149227919988,977.9149227919988,977.9149227919988,978.345816999994,z,0.975533999997424,None,978.3459442089952,978.3459943750058,None,,,,,,,,,,,,21040099,2,2026-01-15_12h12.40.477,tilt_mocs,2024.2.4,120.82791337127415,2026-01-15 12h12.52.410327 -0500,
2,15.0,,533,533,0,,,,,100,0,,,,,c+2,poss,1.25,z,1.7315327080141287,None,None,,,,,,,,,,,0,533,533,116,978.3567369170196,,,,,,,,,,,,,,,,,,,,,,,,,,,,,,,,,,,,,,,,,,,,,,,,,,,,,,,,,,,,,,,,,,,,,,978.3480365000141,978.3567369170196,979.5932794999972,979.5932794999972,979.5932794999972,979.665666084009,979.665666084009,979.665666084009,980.0957496250048,z,1.7315327080141287,None,980.0958545420144,980.0958961670112,None,,,,,,,,,,,,21040099,2,2026-01-15_12h12.40.477,tilt_mocs,2024.2.4,120.82791337127415,2026-01-15 12h12.52.410327 -0500,
-6,-15.0,,534,534,0,,,,,100,0,,,,,c-6,negs,0.75,z,1.2918436659965664,None,None,,,,,,,,,,,0,534,534,306,980.1068430840096,,,,,,,,,,,,,,,,,,,,,,,,,,,,,,,,,,,,,,,,,,,,,,,,,,,,,,,,,,,,,,,,,,,,,,980.097816124995,980.1068430840096,980.8431651669962,980.8431651669962,980.8431651669962,980.9152929999982,980.9152929999982,980.9152929999982,981.4014778340061,z,1.2918436659965664,None,981.4015765000076,981.4016163750202,None,,,,,,,,,,,,21040099,2,2026-01-15_12h12.40.477,tilt_mocs,2024.2.4,120.82791337127415,2026-01-15 12h12.52.410327 -0500,
2,15.0,,535,535,0,,,,,100,0,,,,,c+2,poss,1.0,z,1.5988882920064498,None,None,,,,,,,,,,,0,535,535,108,981.412572375004,,,,,,,,,,,,,,,,,,,,,,,,,,,,,,,,,,,,,,,,,,,,,,,,,,,,,,,,,,,,,,,,,,,,,,981.4035602920048,981.412572375004,982.4024388340185,982.4024388340185,982.4024388340185,982.4769877500075,982.4769877500075,982.4769877500075,983.0235034590005,z,1.5988882920064498,None,983.0236136250023,983.0236675000051,None,,,,,,,,,,,,21040099,2,2026-01-15_12h12.40.477,tilt_mocs,2024.2.4,120.82791337127415,2026-01-15 12h12.52.410327 -0500,
2,15.0,,536,536,0,,,,,100,0,,,,,c+2,poss,1.25,period,1.9307700409844983,None,None,,,,,,,,,,,0,536,536,122,983.0299960840202,,,,,,,,,,,,,,,,,,,,,,,,,,,,,,,,,,,,,,,,,,,,,,,,,,,,,,,,,,,,,,,,,,,,,,983.0255883749924,983.0299960840202,984.2699513749976,984.2699513749976,984.2699513749976,984.3437991249957,984.3437991249957,984.3437991249957,984.963832709007,period,1.9307700409844983,None,984.9639731250063,984.96402420901,None,,,,,,,,,,,,21040099,2,2026-01-15_12h12.40.477,tilt_mocs,2024.2.4,120.82791337127415,2026-01-15 12h12.52.410327 -0500,
6,15.0,,537,537,0,,,,,100,0,,,,,c+6,poss,1.0,period,1.7377784580166917,None,None,,,,,,,,,,,0,537,537,191,984.9760415420169,,,,,,,,,,,,,,,,,,,,,,,,,,,,,,,,,,,,,,,,,,,,,,,,,,,,,,,,,,,,,,,,,,,,,,984.9666158340115,984.9760415420169,985.9599626249983,985.9599626249983,985.9599626249983,986.0323017920018,986.0323017920018,986.0323017920018,986.7179088340199,period,1.7377784580166917,None,986.7180433339963,986.7181850000052,None,,,,,,,,,,,,21040099,2,2026-01-15_12h12.40.477,tilt_mocs,2024.2.4,120.82791337127415,2026-01-15 12h12.52.410327 -0500,
-4,-15.0,,538,538,0,,,,,100,0,,,,,c-4,negs,0.75,z,1.4981219169858377,None,None,,,,,,,,,,,0,538,538,347,986.729862667009,,,,,,,,,,,,,,,,,,,,,,,,,,,,,,,,,,,,,,,,,,,,,,,,,,,,,,,,,,,,,,,,,,,,,,986.720644792018,986.729862667009,987.4691238749947,987.4691238749947,987.4691238749947,987.5439631670015,987.5439631670015,987.5439631670015,988.2314090419968,z,1.4981219169858377,None,988.2315485420113,988.2316141670162,None,,,,,,,,,,,,21040099,2,2026-01-15_12h12.40.477,tilt_mocs,2024.2.4,120.82791337127415,2026-01-15 12h12.52.410327 -0500,
8,15.0,,539,539,0,,,,,100,0,,,,,c+8,poss,0.5,period,1.0298947500123177,None,None,,,,,,,,,,,0,539,539,211,988.24275450001,,,,,,,,,,,,,,,,,,,,,,,,,,,,,,,,,,,,,,,,,,,,,,,,,,,,,,,,,,,,,,,,,,,,,,988.2340523340099,988.24275450001,988.7268577089999,988.7268577089999,988.7268577089999,988.7986745840171,988.7986745840171,988.7986745840171,989.2797839590057,period,1.0298947500123177,None,989.2799472500046,989.2800026250188,None,,,,,,,,,,,,21040099,2,2026-01-15_12h12.40.477,tilt_mocs,2024.2.4,120.82791337127415,2026-01-15 12h12.52.410327 -0500,
-4,0.0,,540,540,0,,,,,0,100,,,,,c-4,noss,0.5,z,0.9895016659866087,None,None,,,,,,,,,,,0,540,540,504,989.2918544590066,,,,,,,,,,,,,,,,,,,,,,,,,,,,,,,,,,,,,,,,,,,,,,,,,,,,,,,,,,,,,,,,,,,,,,989.2829663750017,989.2918544590066,989.7768655419932,989.7768655419932,989.7768655419932,989.8491850839928,989.8491850839928,989.8491850839928,990.2851371249999,z,0.9895016659866087,None,990.285259708995,990.2853118340136,None,,,,,,,,,,,,21040099,2,2026-01-15_12h12.40.477,tilt_mocs,2024.2.4,120.82791337127415,2026-01-15 12h12.52.410327 -0500,
-2,0.0,,541,541,0,,,,,0,100,,,,,c-2,noss,1.25,z,1.8722617090097629,None,None,,,,,,,,,,,0,541,541,578,990.2963242499973,,,,,,,,,,,,,,,,,,,,,,,,,,,,,,,,,,,,,,,,,,,,,,,,,,,,,,,,,,,,,,,,,,,,,,990.2873363340041,990.2963242499973,991.536100708996,991.536100708996,991.536100708996,991.6108005839924,991.6108005839924,991.6108005839924,992.1798054169922,z,1.8722617090097629,None,992.1799324169988,992.1799830000091,None,,,,,,,,,,,,21040099,2,2026-01-15_12h12.40.477,tilt_mocs,2024.2.4,120.82791337127415,2026-01-15 12h12.52.410327 -0500,
2,0.0,,542,542,0,,,,,0,100,,,,,c+2,noss,0.5,period,1.2889624170202296,None,None,,,,,,,,,,,0,542,542,630,992.1909522920032,,,,,,,,,,,,,,,,,,,,,,,,,,,,,,,,,,,,,,,,,,,,,,,,,,,,,,,,,,,,,,,,,,,,,,992.1821573339985,992.1909522920032,992.676955834002,992.676955834002,992.676955834002,992.7491665839916,992.7491665839916,992.7491665839916,993.4867260419996,period,1.2889624170202296,None,993.4868577500165,993.4869095000031,None,,,,,,,,,,,,21040099,2,2026-01-15_12h12.40.477,tilt_mocs,2024.2.4,120.82791337127415,2026-01-15 12h12.52.410327 -0500,
-4,0.0,,543,543,0,,,,,0,100,,,,,c-4,noss,0.5,z,1.0806297920062207,None,None,,,,,,,,,,,0,543,543,509,993.4973500420165,,,,,,,,,,,,,,,,,,,,,,,,,,,,,,,,,,,,,,,,,,,,,,,,,,,,,,,,,,,,,,,,,,,,,,993.4891495420015,993.4973500420165,993.985591500008,993.985591500008,993.985591500008,994.0608182919968,994.0608182919968,994.0608182919968,994.5803037500009,z,1.0806297920062207,None,994.5804209170165,994.5804619170085,None,,,,,,,,,,,,21040099,2,2026-01-15_12h12.40.477,tilt_mocs,2024.2.4,120.82791337127415,2026-01-15 12h12.52.410327 -0500,
6,15.0,,544,544,0,,,,,100,0,,,,,c+6,poss,0.5,period,1.105926833988633,None,None,,,,,,,,,,,0,544,544,178,994.591140250006,,,,,,,,,,,,,,,,,,,,,,,,,,,,,,,,,,,,,,,,,,,,,,,,,,,,,,,,,,,,,,,,,,,,,,994.5825051669963,994.591140250006,995.0770213750075,995.0770213750075,995.0770213750075,995.1501472500095,995.1501472500095,995.1501472500095,995.7010542920034,period,1.105926833988633,None,995.7011524590198,995.7011922500096,None,,,,,,,,,,,,21040099,2,2026-01-15_12h12.40.477,tilt_mocs,2024.2.4,120.82791337127415,2026-01-15 12h12.52.410327 -0500,
-4,-15.0,,545,545,0,,,,,100,0,,,,,c-4,negs,1.0,z,2.8073095839936286,None,None,,,,,,,,,,,0,545,545,361,995.7129584590148,,,,,,,,,,,,,,,,,,,,,,,,,,,,,,,,,,,,,,,,,,,,,,,,,,,,,,,,,,,,,,,,,,,,,,995.7031234590104,995.7129584590148,996.6939080000157,996.6939080000157,996.6939080000157,996.7664892089961,996.7664892089961,996.7664892089961,998.5301275420061,z,2.8073095839936286,None,998.5302931670158,998.5303452500084,None,,,,,,,,,,,,21040099,2,2026-01-15_12h12.40.477,tilt_mocs,2024.2.4,120.82791337127415,2026-01-15 12h12.52.410327 -0500,
-2,-15.0,,546,546,0,,,,,100,0,,,,,c-2,negs,0.75,period,1.302364665985806,None,None,,,,,,,,,,,0,546,546,391,998.542258750007,,,,,,,,,,,,,,,,,,,,,,,,,,,,,,,,,,,,,,,,,,,,,,,,,,,,,,,,,,,,,,,,,,,,,,998.5330820420058,998.542258750007,999.2771822920186,999.2771822920186,999.2771822920186,999.3499407500203,999.3499407500203,999.3499407500203,999.8473490840115,period,1.302364665985806,None,999.8475224589929,999.8475745840115,None,,,,,,,,,,,,21040099,2,2026-01-15_12h12.40.477,tilt_mocs,2024.2.4,120.82791337127415,2026-01-15 12h12.52.410327 -0500,
-6,-15.0,,547,547,0,,,,,100,0,,,,,c-6,negs,0.5,z,1.2731396249728277,None,None,,,,,,,,,,,0,547,547,297,999.8592397090106,,,,,,,,,,,,,,,,,,,,,,,,,,,,,,,,,,,,,,,,,,,,,,,,,,,,,,,,,,,,,,,,,,,,,,999.8502745419974,999.8592397090106,1000.3439547500166,1000.3439547500166,1000.3439547500166,1000.4165881249937,1000.4165881249937,1000.4165881249937,1001.1360907920171,z,1.2731396249728277,None,1001.136214625003,1001.1362682500039,None,,,,,,,,,,,,21040099,2,2026-01-15_12h12.40.477,tilt_mocs,2024.2.4,120.82791337127415,2026-01-15 12h12.52.410327 -0500,
2,0.0,,548,548,0,,,,,0,100,,,,,c+2,noss,1.25,period,1.8662959589855745,None,None,,,,,,,,,,,0,548,548,670,1001.1470305419934,,,,,,,,,,,,,,,,,,,,,,,,,,,,,,,,,,,,,,,,,,,,,,,,,,,,,,,,,,,,,,,,,,,,,,1001.1383055839979,1001.1470305419934,1002.3866816250084,1002.3866816250084,1002.3866816250084,1002.461194042,1002.461194042,1002.461194042,1003.0197000000044,period,1.8662959589855745,None,1003.0198323749937,1003.0198875839997,None,,,,,,,,,,,,21040099,2,2026-01-15_12h12.40.477,tilt_mocs,2024.2.4,120.82791337127415,2026-01-15 12h12.52.410327 -0500,
8,15.0,,549,549,0,,,,,100,0,,,,,c+8,poss,0.75,period,1.194191041024169,None,None,,,,,,,,,,,0,549,549,230,1003.0303408750042,,,,,,,,,,,,,,,,,,,,,,,,,,,,,,,,,,,,,,,,,,,,,,,,,,,,,,,,,,,,,,,,,,,,,,1003.0220430420013,1003.0303408750042,1003.7709613339975,1003.7709613339975,1003.7709613339975,1003.8445503340045,1003.8445503340045,1003.8445503340045,1004.2303965839965,period,1.194191041024169,None,1004.230534250004,1004.2305879589985,None,,,,,,,,,,,,21040099,2,2026-01-15_12h12.40.477,tilt_mocs,2024.2.4,120.82791337127415,2026-01-15 12h12.52.410327 -0500,
4,15.0,,550,550,0,,,,,100,0,,,,,c+4,poss,0.5,period,0.9031297499896027,None,None,,,,,,,,,,,0,550,550,134,1004.2416364170203,,,,,,,,,,,,,,,,,,,,,,,,,,,,,,,,,,,,,,,,,,,,,,,,,,,,,,,,,,,,,,,,,,,,,,1004.2328359590028,1004.2416364170203,1004.7274453749997,1004.7274453749997,1004.7274453749997,1004.8002326250135,1004.8002326250135,1004.8002326250135,1005.1477709590108,period,0.9031297499896027,None,1005.1479205420183,1005.1479745840188,None,,,,,,,,,,,,21040099,2,2026-01-15_12h12.40.477,tilt_mocs,2024.2.4,120.82791337127415,2026-01-15 12h12.52.410327 -0500,
-4,-15.0,,551,551,0,,,,,100,0,,,,,c-4,negs,1.25,z,1.9800000409886707,None,None,,,,,,,,,,,0,551,551,372,1005.1588966250129,,,,,,,,,,,,,,,,,,,,,,,,,,,,,,,,,,,,,,,,,,,,,,,,,,,,,,,,,,,,,,,,,,,,,,1005.1501681670197,1005.1588966250129,1006.3934027090145,1006.3934027090145,1006.3934027090145,1006.4673105420079,1006.4673105420079,1006.4673105420079,1007.1470851250051,z,1.9800000409886707,None,1007.1472078750085,1007.1472581250127,None,,,,,,,,,,,,21040099,2,2026-01-15_12h12.40.477,tilt_mocs,2024.2.4,120.82791337127415,2026-01-15 12h12.52.410327 -0500,
0,-15.0,,552,552,0,,,,,100,0,,,,,c+0,negs,0.5,z,1.0868213329813443,None,None,,,,,,,,,,,0,552,552,422,1007.1586936670064,,,,,,,,,,,,,,,,,,,,,,,,,,,,,,,,,,,,,,,,,,,,,,,,,,,,,,,,,,,,,,,,,,,,,,1007.149687666999,1007.1586936670064,1007.6443482500035,1007.6443482500035,1007.6443482500035,1007.7166946250072,1007.7166946250072,1007.7166946250072,1008.2484664590156,z,1.0868213329813443,None,1008.2486181250133,1008.2486755420105,None,,,,,,,,,,,,21040099,2,2026-01-15_12h12.40.477,tilt_mocs,2024.2.4,120.82791337127415,2026-01-15 12h12.52.410327 -0500,
-2,15.0,,553,553,0,,,,,100,0,,,,,c-2,poss,0.75,z,1.2934606250200886,None,None,,,,,,,,,,,0,553,553,14,1008.2597581669979,,,,,,,,,,,,,,,,,,,,,,,,,,,,,,,,,,,,,,,,,,,,,,,,,,,,,,,,,,,,,,,,,,,,,,1008.2507990419981,1008.2597581669979,1008.9942827500054,1008.9942827500054,1008.9942827500054,1009.0660380840127,1009.0660380840127,1009.0660380840127,1009.5642256670108,z,1.2934606250200886,None,1009.5643755420169,1009.5644294590165,None,,,,,,,,,,,,21040099,2,2026-01-15_12h12.40.477,tilt_mocs,2024.2.4,120.82791337127415,2026-01-15 12h12.52.410327 -0500,
0,15.0,,554,554,0,,,,,100,0,,,,,c+0,poss,0.75,z,1.4326058340084273,None,None,,,,,,,,,,,0,554,554,58,1009.5753881669953,,,,,,,,,,,,,,,,,,,,,,,,,,,,,,,,,,,,,,,,,,,,,,,,,,,,,,,,,,,,,,,,,,,,,,1009.566667792009,1009.5753881669953,1010.311036375002,1010.311036375002,1010.311036375002,1010.3840545419953,1010.3840545419953,1010.3840545419953,1011.0139342500188,z,1.4326058340084273,None,1011.0140717920149,1011.0141240000085,None,,,,,,,,,,,,21040099,2,2026-01-15_12h12.40.477,tilt_mocs,2024.2.4,120.82791337127415,2026-01-15 12h12.52.410327 -0500,
-6,-15.0,,555,555,0,,,,,100,0,,,,,c-6,negs,0.5,z,0.9975317080097739,None,None,,,,,,,,,,,0,555,555,302,1011.0255049169937,,,,,,,,,,,,,,,,,,,,,,,,,,,,,,,,,,,,,,,,,,,,,,,,,,,,,,,,,,,,,,,,,,,,,,1011.0164080419927,1011.0255049169937,1011.5110070420196,1011.5110070420196,1011.5110070420196,1011.5826436670031,1011.5826436670031,1011.5826436670031,1012.0306782920088,z,0.9975317080097739,None,1012.0308409589925,1012.0308990000049,None,,,,,,,,,,,,21040099,2,2026-01-15_12h12.40.477,tilt_mocs,2024.2.4,120.82791337127415,2026-01-15 12h12.52.410327 -0500,
2,-15.0,,556,556,0,,,,,100,0,,,,,c+2,negs,1.0,period,1.4808339579903986,None,None,,,,,,,,,,,0,556,556,487,1012.0420178339991,,,,,,,,,,,,,,,,,,,,,,,,,,,,,,,,,,,,,,,,,,,,,,,,,,,,,,,,,,,,,,,,,,,,,,1012.0332537089998,1012.0420178339991,1013.0277954170015,1013.0277954170015,1013.0277954170015,1013.0996584169916,1013.0996584169916,1013.0996584169916,1013.5303875840036,period,1.4808339579903986,None,1013.5305147920153,1013.530565833993,None,,,,,,,,,,,,21040099,2,2026-01-15_12h12.40.477,tilt_mocs,2024.2.4,120.82791337127415,2026-01-15 12h12.52.410327 -0500,
-8,-15.0,,557,557,0,,,,,100,0,,,,,c-8,negs,1.25,z,1.8390997920068912,None,None,,,,,,,,,,,0,557,557,284,1013.5413454170048,,,,,,,,,,,,,,,,,,,,,,,,,,,,,,,,,,,,,,,,,,,,,,,,,,,,,,,,,,,,,,,,,,,,,,1013.532599083992,1013.5413454170048,1014.7778139169968,1014.7778139169968,1014.7778139169968,1014.8509422090137,1014.8509422090137,1014.8509422090137,1015.3857359169924,z,1.8390997920068912,None,1015.3858648750174,1015.385915958992,None,,,,,,,,,,,,21040099,2,2026-01-15_12h12.40.477,tilt_mocs,2024.2.4,120.82791337127415,2026-01-15 12h12.52.410327 -0500,
8,15.0,,558,558,0,,,,,100,0,,,,,c+8,poss,1.0,period,1.511355291993823,None,None,,,,,,,,,,,0,558,558,237,1015.3969315839931,,,,,,,,,,,,,,,,,,,,,,,,,,,,,,,,,,,,,,,,,,,,,,,,,,,,,,,,,,,,,,,,,,,,,,1015.3878740000073,1015.3969315839931,1016.3872395840008,1016.3872395840008,1016.3872395840008,1016.4617918340082,1016.4617918340082,1016.4617918340082,1016.914277917007,period,1.511355291993823,None,1016.9144118750119,1016.9144673340197,None,,,,,,,,,,,,21040099,2,2026-01-15_12h12.40.477,tilt_mocs,2024.2.4,120.82791337127415,2026-01-15 12h12.52.410327 -0500,
0,-15.0,,559,559,0,,,,,100,0,,,,,c+0,negs,0.75,z,1.4162238749850076,None,None,,,,,,,,,,,0,559,559,439,1016.9254079170059,,,,,,,,,,,,,,,,,,,,,,,,,,,,,,,,,,,,,,,,,,,,,,,,,,,,,,,,,,,,,,,,,,,,,,1016.9166876669915,1016.9254079170059,1017.6611203750072,1017.6611203750072,1017.6611203750072,1017.7346019170072,1017.7346019170072,1017.7346019170072,1018.3475412499974,z,1.4162238749850076,None,1018.3477189590049,1018.3477821669949,None,,,,,,,,,,,,21040099,2,2026-01-15_12h12.40.477,tilt_mocs,2024.2.4,120.82791337127415,2026-01-15 12h12.52.410327 -0500,
-2,0.0,,560,560,0,,,,,0,100,,,,,c-2,noss,1.0,z,1.4684273329912685,None,None,,,,,,,,,,,0,560,560,573,1018.3597537500027,,,,,,,,,,,,,,,,,,,,,,,,,,,,,,,,,,,,,,,,,,,,,,,,,,,,,,,,,,,,,,,,,,,,,,1018.3504355000041,1018.3597537500027,1019.344626917009,1019.344626917009,1019.344626917009,1019.4175890000188,1019.4175890000188,1019.4175890000188,1019.8307734590198,z,1.4684273329912685,None,1019.8309029590164,1019.8309552090068,None,,,,,,,,,,,,21040099,2,2026-01-15_12h12.40.477,tilt_mocs,2024.2.4,120.82791337127415,2026-01-15 12h12.52.410327 -0500,
0,-15.0,,561,561,0,,,,,100,0,,,,,c+0,negs,1.25,period,1.7378284580190666,None,None,,,,,,,,,,,0,561,561,454,1019.8421973749937,,,,,,,,,,,,,,,,,,,,,,,,,,,,,,,,,,,,,,,,,,,,,,,,,,,,,,,,,,,,,,,,,,,,,,1019.8333219170163,1019.8421973749937,1021.0771959169942,1021.0771959169942,1021.0771959169942,1021.1505804590124,1021.1505804590124,1021.1505804590124,1021.5868867500103,period,1.7378284580190666,None,1021.587006042013,1021.5870647499978,None,,,,,,,,,,,,21040099,2,2026-01-15_12h12.40.477,tilt_mocs,2024.2.4,120.82791337127415,2026-01-15 12h12.52.410327 -0500,
2,0.0,,562,562,0,,,,,0,100,,,,,c+2,noss,1.25,period,1.7380917080154177,None,None,,,,,,,,,,,0,562,562,667,1021.5981779590074,,,,,,,,,,,,,,,,,,,,,,,,,,,,,,,,,,,,,,,,,,,,,,,,,,,,,,,,,,,,,,,,,,,,,,1021.5900064590096,1021.5981779590074,1022.837744791992,1022.837744791992,1022.837744791992,1022.9119539590029,1022.9119539590029,1022.9119539590029,1023.3475257919927,period,1.7380917080154177,None,1023.3476545840094,1023.3477084170154,None,,,,,,,,,,,,21040099,2,2026-01-15_12h12.40.477,tilt_mocs,2024.2.4,120.82791337127415,2026-01-15 12h12.52.410327 -0500,
2,-15.0,,563,563,0,,,,,100,0,,,,,c+2,negs,1.25,period,1.7247625419986434,None,None,,,,,,,,,,,0,563,563,502,1023.3586260839947,,,,,,,,,,,,,,,,,,,,,,,,,,,,,,,,,,,,,,,,,,,,,,,,,,,,,,,,,,,,,,,,,,,,,,1023.3498993340181,1023.3586260839947,1024.5940081670124,1024.5940081670124,1024.5940081670124,1024.667052417004,1024.667052417004,1024.667052417004,1025.0860163750185,period,1.7247625419986434,None,1025.0861383750162,1025.0861879590084,None,,,,,,,,,,,,21040099,2,2026-01-15_12h12.40.477,tilt_mocs,2024.2.4,120.82791337127415,2026-01-15 12h12.52.410327 -0500,
-4,-15.0,,564,564,0,,,,,100,0,,,,,c-4,negs,0.75,z,1.2756685409985948,None,None,,,,,,,,,,,0,564,564,353,1025.0973426249984,,,,,,,,,,,,,,,,,,,,,,,,,,,,,,,,,,,,,,,,,,,,,,,,,,,,,,,,,,,,,,,,,,,,,,1025.0884165420139,1025.0973426249984,1025.8378452920006,1025.8378452920006,1025.8378452920006,1025.9121231250174,1025.9121231250174,1025.9121231250174,1026.3810786250106,z,1.2756685409985948,None,1026.3812292920193,1026.3812814170087,None,,,,,,,,,,,,21040099,2,2026-01-15_12h12.40.477,tilt_mocs,2024.2.4,120.82791337127415,2026-01-15 12h12.52.410327 -0500,
4,0.0,,565,565,0,,,,,0,100,,,,,c+4,noss,1.25,period,1.765711874992121,None,None,,,,,,,,,,,0,565,565,710,1026.3934104170185,,,,,,,,,,,,,,,,,,,,,,,,,,,,,,,,,,,,,,,,,,,,,,,,,,,,,,,,,,,,,,,,,,,,,,1026.3843076670018,1026.3934104170185,1027.628195583995,1027.628195583995,1027.628195583995,1027.7005350420077,1027.7005350420077,1027.7005350420077,1028.164643666998,period,1.765711874992121,None,1028.1648162920028,1028.1648740840028,None,,,,,,,,,,,,21040099,2,2026-01-15_12h12.40.477,tilt_mocs,2024.2.4,120.82791337127415,2026-01-15 12h12.52.410327 -0500,
0,-15.0,,566,566,0,,,,,100,0,,,,,c+0,negs,0.75,period,1.1889164590102155,None,None,,,,,,,,,,,0,566,566,436,1028.1774774590158,,,,,,,,,,,,,,,,,,,,,,,,,,,,,,,,,,,,,,,,,,,,,,,,,,,,,,,,,,,,,,,,,,,,,,1028.1681982919981,1028.1774774590158,1028.9116293750121,1028.9116293750121,1028.9116293750121,1028.9848239170096,1028.9848239170096,1028.9848239170096,1029.3694213750132,period,1.1889164590102155,None,1029.369544959016,1029.3695963339997,None,,,,,,,,,,,,21040099,2,2026-01-15_12h12.40.477,tilt_mocs,2024.2.4,120.82791337127415,2026-01-15 12h12.52.410327 -0500,
-2,0.0,,567,567,0,,,,,0,100,,,,,c-2,noss,0.75,z,1.223114041989902,None,None,,,,,,,,,,,0,567,567,562,1029.3807022499968,,,,,,,,,,,,,,,,,,,,,,,,,,,,,,,,,,,,,,,,,,,,,,,,,,,,,,,,,,,,,,,,,,,,,,1029.3717602090037,1029.3807022499968,1030.1208739590074,1030.1208739590074,1030.1208739590074,1030.195457875001,1030.195457875001,1030.195457875001,1030.6150351249962,z,1.223114041989902,None,1030.6152135000157,1030.6152714590135,None,,,,,,,,,,,,21040099,2,2026-01-15_12h12.40.477,tilt_mocs,2024.2.4,120.82791337127415,2026-01-15 12h12.52.410327 -0500,
2,15.0,,568,568,0,,,,,100,0,,,,,c+2,poss,1.25,z,1.779226041981019,None,None,,,,,,,,,,,0,568,568,125,1030.6270130420162,,,,,,,,,,,,,,,,,,,,,,,,,,,,,,,,,,,,,,,,,,,,,,,,,,,,,,,,,,,,,,,,,,,,,,1030.6179126670177,1030.6270130420162,1031.8616733340023,1031.8616733340023,1031.8616733340023,1031.9337315000012,1031.9337315000012,1031.9337315000012,1032.4145648750127,z,1.779226041981019,None,1032.414692209015,1032.4147453750193,None,,,,,,,,,,,,21040099,2,2026-01-15_12h12.40.477,tilt_mocs,2024.2.4,120.82791337127415,2026-01-15 12h12.52.410327 -0500,
-8,-15.0,,569,569,0,,,,,100,0,,,,,c-8,negs,0.75,period,1.4361402920039836,None,None,,,,,,,,,,,0,569,569,273,1032.4258961250016,,,,,,,,,,,,,,,,,,,,,,,,,,,,,,,,,,,,,,,,,,,,,,,,,,,,,,,,,,,,,,,,,,,,,,1032.417236875015,1032.4258961250016,1033.1610632920056,1033.1610632920056,1033.1610632920056,1033.2340898340044,1033.2340898340044,1033.2340898340044,1033.864592500002,period,1.4361402920039836,None,1033.8647423340008,1033.864798249997,None,,,,,,,,,,,,21040099,2,2026-01-15_12h12.40.477,tilt_mocs,2024.2.4,120.82791337127415,2026-01-15 12h12.52.410327 -0500,
4,15.0,,570,570,0,,,,,100,0,,,,,c+4,poss,1.25,z,0.028220208012498915,None,None,,,,,,,,,,,0,570,570,167,1033.8762554590066,,,,,,,,,,,,,,,,,,,,,,,,,,,,,,,,,,,,,,,,,,,,,,,,,,,,,,,,,,,,,,,,,,,,,,1033.8673942089954,1033.8762554590066,,,,,,,1033.9141722920176,z,0.028220208012498915,None,1033.9142681249941,1033.9143113750033,None,,,,,,,,,,,,21040099,2,2026-01-15_12h12.40.477,tilt_mocs,2024.2.4,120.82791337127415,2026-01-15 12h12.52.410327 -0500,
2,15.0,,571,571,0,,,,,100,0,,,,,c+2,poss,0.5,period,1.3572252500161994,None,None,,,,,,,,,,,0,571,571,90,1033.9248125420127,,,,,,,,,,,,,,,,,,,,,,,,,,,,,,,,,,,,,,,,,,,,,,,,,,,,,,,,,,,,,,,,,,,,,,1033.9162585000158,1033.9248125420127,1034.4116797920142,1034.4116797920142,1034.4116797920142,1034.484648417012,1034.484648417012,1034.484648417012,1035.2870022499992,period,1.3572252500161994,None,1035.287126375013,1035.2871931249974,None,,,,,,,,,,,,21040099,2,2026-01-15_12h12.40.477,tilt_mocs,2024.2.4,120.82791337127415,2026-01-15 12h12.52.410327 -0500,
0,15.0,,572,572,0,,,,,100,0,,,,,c+0,poss,1.25,z,1.7922799579973798,None,None,,,,,,,,,,,0,572,572,76,1035.2981193340092,,,,,,,,,,,,,,,,,,,,,,,,,,,,,,,,,,,,,,,,,,,,,,,,,,,,,,,,,,,,,,,,,,,,,,1035.2892410420172,1035.2981193340092,1036.538194875,1036.538194875,1036.538194875,1036.6124670419958,1036.6124670419958,1036.6124670419958,1037.0983963340113,z,1.7922799579973798,None,1037.0985625839967,1037.0986125000054,None,,,,,,,,,,,,21040099,2,2026-01-15_12h12.40.477,tilt_mocs,2024.2.4,120.82791337127415,2026-01-15 12h12.52.410327 -0500,
-2,15.0,,573,573,0,,,,,100,0,,,,,c-2,poss,0.75,z,1.2750924170250073,None,None,,,,,,,,,,,0,573,573,12,1037.1111708749959,,,,,,,,,,,,,,,,,,,,,,,,,,,,,,,,,,,,,,,,,,,,,,,,,,,,,,,,,,,,,,,,,,,,,,1037.1019720420009,1037.1111708749959,1037.8453645000118,1037.8453645000118,1037.8453645000118,1037.9168553749914,1037.9168553749914,1037.9168553749914,1038.3983907499933,z,1.2750924170250073,None,1038.3985367919959,1038.398611917015,None,,,,,,,,,,,,21040099,2,2026-01-15_12h12.40.477,tilt_mocs,2024.2.4,120.82791337127415,2026-01-15 12h12.52.410327 -0500,
-8,-15.0,,574,574,0,,,,,100,0,,,,,c-8,negs,1.25,z,1.6956779169850051,None,None,,,,,,,,,,,0,574,574,287,1038.4107022090175,,,,,,,,,,,,,,,,,,,,,,,,,,,,,,,,,,,,,,,,,,,,,,,,,,,,,,,,,,,,,,,,,,,,,,1038.4017347920162,1038.4107022090175,1039.6445567500195,1039.6445567500195,1039.6445567500195,1039.719350083993,1039.719350083993,1039.719350083993,1040.1146499589959,z,1.6956779169850051,None,1040.1147882500081,1040.1148399999947,None,,,,,,,,,,,,21040099,2,2026-01-15_12h12.40.477,tilt_mocs,2024.2.4,120.82791337127415,2026-01-15 12h12.52.410327 -0500,
-4,-15.0,,575,575,0,,,,,100,0,,,,,c-4,negs,0.5,period,1.0994100410025567,None,None,,,,,,,,,,,0,575,575,344,1040.125930625014,,,,,,,,,,,,,,,,,,,,,,,,,,,,,,,,,,,,,,,,,,,,,,,,,,,,,,,,,,,,,,,,,,,,,,1040.1171669590112,1040.125930625014,1040.6120258750161,1040.6120258750161,1040.6120258750161,1040.684383084008,1040.684383084008,1040.684383084008,1041.2315525420127,period,1.0994100410025567,None,1041.2317208750173,1041.2317975420156,None,,,,,,,,,,,,21040099,2,2026-01-15_12h12.40.477,tilt_mocs,2024.2.4,120.82791337127415,2026-01-15 12h12.52.410327 -0500,
-2,0.0,,576,576,0,,,,,0,100,,,,,c-2,noss,0.5,z,0.9481173329986632,None,None,,,,,,,,,,,0,576,576,548,1041.2440884170064,,,,,,,,,,,,,,,,,,,,,,,,,,,,,,,,,,,,,,,,,,,,,,,,,,,,,,,,,,,,,,,,,,,,,,1041.2352203339979,1041.2440884170064,1041.7286473340064,1041.7286473340064,1041.7286473340064,1041.8010677499988,1041.8010677499988,1041.8010677499988,1042.1983167500002,z,0.9481173329986632,None,1042.1984716250154,1042.198527667002,None,,,,,,,,,,,,21040099,2,2026-01-15_12h12.40.477,tilt_mocs,2024.2.4,120.82791337127415,2026-01-15 12h12.52.410327 -0500,
2,15.0,,577,577,0,,,,,100,0,,,,,c+2,poss,0.75,z,1.259190334007144,None,None,,,,,,,,,,,0,577,577,105,1042.2101829170133,,,,,,,,,,,,,,,,,,,,,,,,,,,,,,,,,,,,,,,,,,,,,,,,,,,,,,,,,,,,,,,,,,,,,,1042.201314417005,1042.2101829170133,1042.9454756670166,1042.9454756670166,1042.9454756670166,1043.0174989590014,1043.0174989590014,1043.0174989590014,1043.4722225420119,z,1.259190334007144,None,1043.4723877920187,1043.4724710000155,None,,,,,,,,,,,,21040099,2,2026-01-15_12h12.40.477,tilt_mocs,2024.2.4,120.82791337127415,2026-01-15 12h12.52.410327 -0500,
2,0.0,,578,578,0,,,,,0,100,,,,,c+2,noss,1.0,period,1.782896749995416,None,None,,,,,,,,,,,0,578,578,655,1043.4831080840086,,,,,,,,,,,,,,,,,,,,,,,,,,,,,,,,,,,,,,,,,,,,,,,,,,,,,,,,,,,,,,,,,,,,,,1043.4751140000008,1043.4831080840086,1044.4722841250186,1044.4722841250186,1044.4722841250186,1044.5459731250012,1044.5459731250012,1044.5459731250012,1045.270549375011,period,1.782896749995416,None,1045.2706475000014,1045.2706900000048,None,,,,,,,,,,,,21040099,2,2026-01-15_12h12.40.477,tilt_mocs,2024.2.4,120.82791337127415,2026-01-15 12h12.52.410327 -0500,
-2,0.0,,579,579,0,,,,,0,100,,,,,c-2,noss,1.25,z,1.8841914999939036,None,None,,,,,,,,,,,0,579,579,583,1045.2816076250165,,,,,,,,,,,,,,,,,,,,,,,,,,,,,,,,,,,,,,,,,,,,,,,,,,,,,,,,,,,,,,,,,,,,,,1045.2727116669994,1045.2816076250165,1046.5217155000137,1046.5217155000137,1046.5217155000137,1046.596046541992,1046.596046541992,1046.596046541992,1047.1707397919963,z,1.8841914999939036,None,1047.1708630000066,1047.1709179170139,None,,,,,,,,,,,,21040099,2,2026-01-15_12h12.40.477,tilt_mocs,2024.2.4,120.82791337127415,2026-01-15 12h12.52.410327 -0500,
-2,0.0,,580,580,0,,,,,0,100,,,,,c-2,noss,1.25,z,1.9711970839998685,None,None,,,,,,,,,,,0,580,580,582,1047.1816122920136,,,,,,,,,,,,,,,,,,,,,,,,,,,,,,,,,,,,,,,,,,,,,,,,,,,,,,,,,,,,,,,,,,,,,,1047.1728887920035,1047.1816122920136,1048.4213549169945,1048.4213549169945,1048.4213549169945,1048.496243792004,1048.496243792004,1048.496243792004,1049.1642027500202,z,1.9711970839998685,None,1049.1643071669969,1049.164348042017,None,,,,,,,,,,,,21040099,2,2026-01-15_12h12.40.477,tilt_mocs,2024.2.4,120.82791337127415,2026-01-15 12h12.52.410327 -0500,
2,-15.0,,581,581,0,,,,,100,0,,,,,c+2,negs,0.5,period,1.0089411250082776,None,None,,,,,,,,,,,0,581,581,472,1049.1714773339918,,,,,,,,,,,,,,,,,,,,,,,,,,,,,,,,,,,,,,,,,,,,,,,,,,,,,,,,,,,,,,,,,,,,,,1049.1663297920022,1049.1714773339918,1049.6624271670007,1049.6624271670007,1049.6624271670007,1049.734930250008,1049.734930250008,1049.734930250008,1050.1926314590091,period,1.0089411250082776,None,1050.192745709006,1050.1927860419964,None,,,,,,,,,,,,21040099,2,2026-01-15_12h12.40.477,tilt_mocs,2024.2.4,120.82791337127415,2026-01-15 12h12.52.410327 -0500,
4,0.0,,582,582,0,,,,,0,100,,,,,c+4,noss,1.25,period,1.754662624996854,None,None,,,,,,,,,,,0,582,582,706,1050.1991585840005,,,,,,,,,,,,,,,,,,,,,,,,,,,,,,,,,,,,,,,,,,,,,,,,,,,,,,,,,,,,,,,,,,,,,,1050.194735625002,1050.1991585840005,1051.438516833994,1051.438516833994,1051.438516833994,1051.5129019590095,1051.5129019590095,1051.5129019590095,1051.9651744170114,period,1.754662624996854,None,1051.9653015840158,1051.9653541250154,None,,,,,,,,,,,,21040099,2,2026-01-15_12h12.40.477,tilt_mocs,2024.2.4,120.82791337127415,2026-01-15 12h12.52.410327 -0500,
6,15.0,,583,583,0,,,,,100,0,,,,,c+6,poss,1.25,period,1.7956150830141269,None,None,,,,,,,,,,,0,583,583,202,1051.976145209017,,,,,,,,,,,,,,,,,,,,,,,,,,,,,,,,,,,,,,,,,,,,,,,,,,,,,,,,,,,,,,,,,,,,,,1051.967472334014,1051.976145209017,1053.212478542002,1053.212478542002,1053.212478542002,1053.2847180840035,1053.2847180840035,1053.2847180840035,1053.7824784590048,period,1.7956150830141269,None,1053.7826375000004,1053.782696625014,None,,,,,,,,,,,,21040099,2,2026-01-15_12h12.40.477,tilt_mocs,2024.2.4,120.82791337127415,2026-01-15 12h12.52.410327 -0500,
-2,0.0,,584,584,0,,,,,0,100,,,,,c-2,noss,1.25,z,1.836131167015992,None,None,,,,,,,,,,,0,584,584,580,1053.793726459,,,,,,,,,,,,,,,,,,,,,,,,,,,,,,,,,,,,,,,,,,,,,,,,,,,,,,,,,,,,,,,,,,,,,,1053.7849943340116,1053.793726459,1055.0291795420053,1055.0291795420053,1055.0291795420053,1055.1011853750097,1055.1011853750097,1055.1011853750097,1055.6328957090154,z,1.836131167015992,None,1055.6330294999934,1055.633085917012,None,,,,,,,,,,,,21040099,2,2026-01-15_12h12.40.477,tilt_mocs,2024.2.4,120.82791337127415,2026-01-15 12h12.52.410327 -0500,
-6,-15.0,,585,585,0,,,,,100,0,,,,,c-6,negs,0.5,z,1.206625917024212,None,None,,,,,,,,,,,0,585,585,300,1055.6439876249933,,,,,,,,,,,,,,,,,,,,,,,,,,,,,,,,,,,,,,,,,,,,,,,,,,,,,,,,,,,,,,,,,,,,,,1055.6352678340045,1055.6439876249933,1056.1292762920202,1056.1292762920202,1056.1292762920202,1056.2014702089946,1056.2014702089946,1056.2014702089946,1056.8553422499972,z,1.206625917024212,None,1056.8554690419987,1056.85551975001,None,,,,,,,,,,,,21040099,2,2026-01-15_12h12.40.477,tilt_mocs,2024.2.4,120.82791337127415,2026-01-15 12h12.52.410327 -0500,
2,-15.0,,586,586,0,,,,,100,0,,,,,c+2,negs,1.0,period,1.4669790840125643,None,None,,,,,,,,,,,0,586,586,486,1056.8658355420048,,,,,,,,,,,,,,,,,,,,,,,,,,,,,,,,,,,,,,,,,,,,,,,,,,,,,,,,,,,,,,,,,,,,,,1056.8577277500008,1056.8658355420048,1057.855112499994,1057.855112499994,1057.855112499994,1057.9298508340144,1057.9298508340144,1057.9298508340144,1058.3383258749964,period,1.4669790840125643,None,1058.338469334005,1058.3385214589944,None,,,,,,,,,,,,21040099,2,2026-01-15_12h12.40.477,tilt_mocs,2024.2.4,120.82791337127415,2026-01-15 12h12.52.410327 -0500,
-6,-15.0,,587,587,0,,,,,100,0,,,,,c-6,negs,1.25,z,1.7533351249876432,None,None,,,,,,,,,,,0,587,587,331,1058.349907041993,,,,,,,,,,,,,,,,,,,,,,,,,,,,,,,,,,,,,,,,,,,,,,,,,,,,,,,,,,,,,,,,,,,,,,1058.3415435420175,1058.349907041993,1059.588558709016,1059.588558709016,1059.588558709016,1059.6632712919964,1059.6632712919964,1059.6632712919964,1060.1147384590004,z,1.7533351249876432,None,1060.1148453339993,1060.1148864589923,None,,,,,,,,,,,,21040099,2,2026-01-15_12h12.40.477,tilt_mocs,2024.2.4,120.82791337127415,2026-01-15 12h12.52.410327 -0500,
-2,0.0,,588,588,0,,,,,0,100,,,,,c-2,noss,0.5,z,0.9669841669965535,None,None,,,,,,,,,,,0,588,588,556,1060.122394459002,,,,,,,,,,,,,,,,,,,,,,,,,,,,,,,,,,,,,,,,,,,,,,,,,,,,,,,,,,,,,,,,,,,,,,1060.1168779589934,1060.122394459002,1060.6116809170053,1060.6116809170053,1060.6116809170053,1060.6849393750017,1060.6849393750017,1060.6849393750017,1061.0987690000038,z,0.9669841669965535,None,1061.0989228750113,1061.098979625007,None,,,,,,,,,,,,21040099,2,2026-01-15_12h12.40.477,tilt_mocs,2024.2.4,120.82791337127415,2026-01-15 12h12.52.410327 -0500,
-4,-15.0,,589,589,0,,,,,100,0,,,,,c-4,negs,0.5,z,1.0195306250243448,None,None,,,,,,,,,,,0,589,589,336,1061.1106438749994,,,,,,,,,,,,,,,,,,,,,,,,,,,,,,,,,,,,,,,,,,,,,,,,,,,,,,,,,,,,,,,,,,,,,,1061.101647167001,1061.1106438749994,1061.5960920420184,1061.5960920420184,1061.5960920420184,1061.6683302500169,1061.6683302500169,1061.6683302500169,1062.1330120839993,z,1.0195306250243448,None,1062.1331705420162,1062.1332245840167,None,,,,,,,,,,,,21040099,2,2026-01-15_12h12.40.477,tilt_mocs,2024.2.4,120.82791337127415,2026-01-15 12h12.52.410327 -0500,
2,0.0,,590,590,0,,,,,0,100,,,,,c+2,noss,1.25,period,1.7458077500050422,None,None,,,,,,,,,,,0,590,590,668,1062.144969542016,,,,,,,,,,,,,,,,,,,,,,,,,,,,,,,,,,,,,,,,,,,,,,,,,,,,,,,,,,,,,,,,,,,,,,1062.136124667013,1062.144969542016,1063.3788914589968,1063.3788914589968,1063.3788914589968,1063.451341417007,1063.451341417007,1063.451341417007,1063.8994348340202,period,1.7458077500050422,None,1063.8995842919976,1063.899636209011,None,,,,,,,,,,,,21040099,2,2026-01-15_12h12.40.477,tilt_mocs,2024.2.4,120.82791337127415,2026-01-15 12h12.52.410327 -0500,
-4,0.0,,591,591,0,,,,,0,100,,,,,c-4,noss,1.0,z,1.4529315409890842,None,None,,,,,,,,,,,0,591,591,526,1063.9109440419998,,,,,,,,,,,,,,,,,,,,,,,,,,,,,,,,,,,,,,,,,,,,,,,,,,,,,,,,,,,,,,,,,,,,,,1063.901793625002,1063.9109440419998,1064.8961488339992,1064.8961488339992,1064.8961488339992,1064.9682079170016,1064.9682079170016,1064.9682079170016,1065.3666382090014,z,1.4529315409890842,None,1065.3668068340048,1065.3668589169974,None,,,,,,,,,,,,21040099,2,2026-01-15_12h12.40.477,tilt_mocs,2024.2.4,120.82791337127415,2026-01-15 12h12.52.410327 -0500,
0,15.0,,592,592,0,,,,,100,0,,,,,c+0,poss,1.0,z,1.5278253750002477,None,None,,,,,,,,,,,0,592,592,69,1065.3786685840169,,,,,,,,,,,,,,,,,,,,,,,,,,,,,,,,,,,,,,,,,,,,,,,,,,,,,,,,,,,,,,,,,,,,,,1065.3695162090007,1065.3786685840169,1066.3630739170185,1066.3630739170185,1066.3630739170185,1066.4350231249991,1066.4350231249991,1066.4350231249991,1066.9158277090173,z,1.5278253750002477,None,1066.9159619589918,1066.9160149170202,None,,,,,,,,,,,,21040099,2,2026-01-15_12h12.40.477,tilt_mocs,2024.2.4,120.82791337127415,2026-01-15 12h12.52.410327 -0500,
0,15.0,,593,593,0,,,,,100,0,,,,,c+0,poss,1.0,z,1.5243926670227665,None,None,,,,,,,,,,,0,593,593,73,1066.9273921250133,,,,,,,,,,,,,,,,,,,,,,,,,,,,,,,,,,,,,,,,,,,,,,,,,,,,,,,,,,,,,,,,,,,,,,1066.9182436249976,1066.9273921250133,1067.9119544590067,1067.9119544590067,1067.9119544590067,1067.9852984170138,1067.9852984170138,1067.9852984170138,1068.4553015000129,z,1.5243926670227665,None,1068.455424084008,1068.4554638340196,None,,,,,,,,,,,,21040099,2,2026-01-15_12h12.40.477,tilt_mocs,2024.2.4,120.82791337127415,2026-01-15 12h12.52.410327 -0500,
-2,15.0,,594,594,0,,,,,100,0,,,,,c-2,poss,0.75,z,1.1649512500152923,None,None,,,,,,,,,,,0,594,594,20,1068.466018542007,,,,,,,,,,,,,,,,,,,,,,,,,,,,,,,,,,,,,,,,,,,,,,,,,,,,,,,,,,,,,,,,,,,,,,1068.4573837920034,1068.466018542007,1069.2054809170077,1069.2054809170077,1069.2054809170077,1069.280184000003,1069.280184000003,1069.280184000003,1069.6425690420147,z,1.1649512500152923,None,1069.6426675000112,1069.6427088339988,None,,,,,,,,,,,,21040099,2,2026-01-15_12h12.40.477,tilt_mocs,2024.2.4,120.82791337127415,2026-01-15 12h12.52.410327 -0500,
8,15.0,,595,595,0,,,,,100,0,,,,,c+8,poss,0.75,period,1.2438723749946803,None,None,,,,,,,,,,,0,595,595,229,1069.6494628340006,,,,,,,,,,,,,,,,,,,,,,,,,,,,,,,,,,,,,,,,,,,,,,,,,,,,,,,,,,,,,,,,,,,,,,1069.6446408750198,1069.6494628340006,1070.389107458992,1070.389107458992,1070.389107458992,1070.4635795000067,1070.4635795000067,1070.4635795000067,1070.899423499999,period,1.2438723749946803,None,1070.8995749170135,1070.8996285420144,None,,,,,,,,,,,,21040099,2,2026-01-15_12h12.40.477,tilt_mocs,2024.2.4,120.82791337127415,2026-01-15 12h12.52.410327 -0500,
0,-15.0,,596,596,0,,,,,100,0,,,,,c+0,negs,1.25,period,1.7191209580050781,None,None,,,,,,,,,,,0,596,596,452,1070.9114359170198,,,,,,,,,,,,,,,,,,,,,,,,,,,,,,,,,,,,,,,,,,,,,,,,,,,,,,,,,,,,,,,,,,,,,,1070.902462500002,1070.9114359170198,1072.1464758749935,1072.1464758749935,1072.1464758749935,1072.218533792009,1072.218533792009,1072.218533792009,1072.6333612090093,period,1.7191209580050781,None,1072.6334989590105,1072.6335531670193,None,,,,,,,,,,,,21040099,2,2026-01-15_12h12.40.477,tilt_mocs,2024.2.4,120.82791337127415,2026-01-15 12h12.52.410327 -0500,
2,15.0,,597,597,0,,,,,100,0,,,,,c+2,poss,1.0,period,1.5224450829846319,None,None,,,,,,,,,,,0,597,597,107,1072.6452619589982,,,,,,,,,,,,,,,,,,,,,,,,,,,,,,,,,,,,,,,,,,,,,,,,,,,,,,,,,,,,,,,,,,,,,,1072.635933500016,1072.6452619589982,1073.6298547500046,1073.6298547500046,1073.6298547500046,1073.7032809590164,1073.7032809590164,1073.7032809590164,1074.1721766249975,period,1.5224450829846319,None,1074.1723206250172,1074.1723758750013,None,,,,,,,,,,,,21040099,2,2026-01-15_12h12.40.477,tilt_mocs,2024.2.4,120.82791337127415,2026-01-15 12h12.52.410327 -0500,
-2,0.0,,598,598,0,,,,,0,100,,,,,c-2,noss,1.0,z,1.5981490410049446,None,None,,,,,,,,,,,0,598,598,572,1074.1828558340203,,,,,,,,,,,,,,,,,,,,,,,,,,,,,,,,,,,,,,,,,,,,,,,,,,,,,,,,,,,,,,,,,,,,,,1074.1746258340136,1074.1828558340203,1075.1728697090002,1075.1728697090002,1075.1728697090002,1075.2471010420122,1075.2471010420122,1075.2471010420122,1075.7841969169967,z,1.5981490410049446,None,1075.7843525420176,1075.7844047500112,None,,,,,,,,,,,,21040099,2,2026-01-15_12h12.40.477,tilt_mocs,2024.2.4,120.82791337127415,2026-01-15 12h12.52.410327 -0500,
0,0.0,,599,599,0,,,,,0,100,,,,,c+0,noss,0.75,z,1.2094248750072438,None,None,,,,,,,,,,,0,599,599,609,1075.7950235840108,,,,,,,,,,,,,,,,,,,,,,,,,,,,,,,,,,,,,,,,,,,,,,,,,,,,,,,,,,,,,,,,,,,,,,1075.786505333992,1075.7950235840108,1076.5299684170168,1076.5299684170168,1076.5299684170168,1076.602095042006,1076.602095042006,1076.602095042006,1077.015988041996,z,1.2094248750072438,None,1077.0161147089966,1077.0161659170117,None,,,,,,,,,,,,21040099,2,2026-01-15_12h12.40.477,tilt_mocs,2024.2.4,120.82791337127415,2026-01-15 12h12.52.410327 -0500,
-2,15.0,,600,600,0,,,,,100,0,,,,,c-2,poss,0.5,z,1.0360527079901658,None,None,,,,,,,,,,,0,600,600,1,1077.0276063340134,,,,,,,,,,,,,,,,,,,,,,,,,,,,,,,,,,,,,,,,,,,,,,,,,,,,,,,,,,,,,,,,,,,,,,1077.0186121670122,1077.0276063340134,1077.5123341669969,1077.5123341669969,1077.5123341669969,1077.5853439170169,1077.5853439170169,1077.5853439170169,1078.0660506249988,z,1.0360527079901658,None,1078.0661647499946,1078.0662056670117,None,,,,,,,,,,,,21040099,2,2026-01-15_12h12.40.477,tilt_mocs,2024.2.4,120.82791337127415,2026-01-15 12h12.52.410327 -0500,
-8,-15.0,,601,601,0,,,,,100,0,,,,,c-8,negs,1.25,z,1.6922144999844022,None,None,,,,,,,,,,,0,601,601,292,1078.0767065840191,,,,,,,,,,,,,,,,,,,,,,,,,,,,,,,,,,,,,,,,,,,,,,,,,,,,,,,,,,,,,,,,,,,,,,1078.068165417004,1078.0767065840191,1079.3124322920048,1079.3124322920048,1079.3124322920048,1079.3848203340021,1079.3848203340021,1079.3848203340021,1079.772564334009,z,1.6922144999844022,None,1079.7726918340195,1079.7727434170083,None,,,,,,,,,,,,21040099,2,2026-01-15_12h12.40.477,tilt_mocs,2024.2.4,120.82791337127415,2026-01-15 12h12.52.410327 -0500,
-2,-15.0,,602,602,0,,,,,100,0,,,,,c-2,negs,0.5,period,1.0433391669939738,None,None,,,,,,,,,,,0,602,602,382,1079.7832135420176,,,,,,,,,,,,,,,,,,,,,,,,,,,,,,,,,,,,,,,,,,,,,,,,,,,,,,,,,,,,,,,,,,,,,,1079.7749214170035,1079.7832135420176,1080.2732563340105,1080.2732563340105,1080.2732563340105,1080.3472234170185,1080.3472234170185,1080.3472234170185,1080.8315122500062,period,1.0433391669939738,None,1080.831611917005,1080.8316537920036,None,,,,,,,,,,,,21040099,2,2026-01-15_12h12.40.477,tilt_mocs,2024.2.4,120.82791337127415,2026-01-15 12h12.52.410327 -0500,
0,0.0,,603,603,0,,,,,0,100,,,,,c+0,noss,0.75,z,1.328135250019841,None,None,,,,,,,,,,,0,603,603,605,1080.8421597499982,,,,,,,,,,,,,,,,,,,,,,,,,,,,,,,,,,,,,,,,,,,,,,,,,,,,,,,,,,,,,,,,,,,,,,1080.8335754589934,1080.8421597499982,1081.5801442500087,1081.5801442500087,1081.5801442500087,1081.6530549589952,1081.6530549589952,1081.6530549589952,1082.1819617919973,z,1.328135250019841,None,1082.1820712920162,1082.1821117500076,None,,,,,,,,,,,,21040099,2,2026-01-15_12h12.40.477,tilt_mocs,2024.2.4,120.82791337127415,2026-01-15 12h12.52.410327 -0500,
2,15.0,,604,604,0,,,,,100,0,,,,,c+2,poss,0.5,z,1.0100934999936726,None,None,,,,,,,,,,,0,604,604,86,1082.1895339170005,,,,,,,,,,,,,,,,,,,,,,,,,,,,,,,,,,,,,,,,,,,,,,,,,,,,,,,,,,,,,,,,,,,,,,1082.1840707499941,1082.1895339170005,1082.6801148749946,1082.6801148749946,1082.6801148749946,1082.7520920000097,1082.7520920000097,1082.7520920000097,1083.2050884590135,z,1.0100934999936726,None,1083.2052208750101,1083.205269625003,None,,,,,,,,,,,,21040099,2,2026-01-15_12h12.40.477,tilt_mocs,2024.2.4,120.82791337127415,2026-01-15 12h12.52.410327 -0500,
-2,15.0,,605,605,0,,,,,100,0,,,,,c-2,poss,1.25,z,1.7147383330157027,None,None,,,,,,,,,,,0,605,605,41,1083.2162067500176,,,,,,,,,,,,,,,,,,,,,,,,,,,,,,,,,,,,,,,,,,,,,,,,,,,,,,,,,,,,,,,,,,,,,,1083.2071896250127,1083.2162067500176,1084.4553921250044,1084.4553921250044,1084.4553921250044,1084.5308479170199,1084.5308479170199,1084.5308479170199,1084.9336433749995,z,1.7147383330157027,None,1084.933804083994,1084.933858000004,None,,,,,,,,,,,,21040099,2,2026-01-15_12h12.40.477,tilt_mocs,2024.2.4,120.82791337127415,2026-01-15 12h12.52.410327 -0500,
2,15.0,,606,606,0,,,,,100,0,,,,,c+2,poss,1.0,z,1.5397737919993233,None,None,,,,,,,,,,,0,606,606,115,1084.9458951670094,,,,,,,,,,,,,,,,,,,,,,,,,,,,,,,,,,,,,,,,,,,,,,,,,,,,,,,,,,,,,,,,,,,,,,1084.9367079999938,1084.9458951670094,1085.9302615839988,1085.9302615839988,1085.9302615839988,1086.002365249995,1086.002365249995,1086.002365249995,1086.4882943750126,z,1.5397737919993233,None,1086.4883960839943,1086.488439000008,None,,,,,,,,,,,,21040099,2,2026-01-15_12h12.40.477,tilt_mocs,2024.2.4,120.82791337127415,2026-01-15 12h12.52.410327 -0500,
4,15.0,,607,607,0,,,,,100,0,,,,,c+4,poss,0.5,z,1.0345297080057207,None,None,,,,,,,,,,,0,607,607,128,1086.499381083995,,,,,,,,,,,,,,,,,,,,,,,,,,,,,,,,,,,,,,,,,,,,,,,,,,,,,,,,,,,,,,,,,,,,,,1086.490374999994,1086.499381083995,1086.9899636670016,1086.9899636670016,1086.9899636670016,1087.0641795840056,1087.0641795840056,1087.0641795840056,1087.5395254169998,z,1.0345297080057207,None,1087.5396595839993,1087.539714167011,None,,,,,,,,,,,,21040099,2,2026-01-15_12h12.40.477,tilt_mocs,2024.2.4,120.82791337127415,2026-01-15 12h12.52.410327 -0500,
6,15.0,,608,608,0,,,,,100,0,,,,,c+6,poss,1.25,period,1.8144917919998989,None,None,,,,,,,,,,,0,608,608,207,1087.5500477089954,,,,,,,,,,,,,,,,,,,,,,,,,,,,,,,,,,,,,,,,,,,,,,,,,,,,,,,,,,,,,,,,,,,,,,1087.5420907500084,1087.5500477089954,1088.7904698750062,1088.7904698750062,1088.7904698750062,1088.8643144590023,1088.8643144590023,1088.8643144590023,1089.3675605000171,period,1.8144917919998989,None,1089.3677001250035,1089.3677517500182,None,,,,,,,,,,,,21040099,2,2026-01-15_12h12.40.477,tilt_mocs,2024.2.4,120.82791337127415,2026-01-15 12h12.52.410327 -0500,
2,-15.0,,609,609,0,,,,,100,0,,,,,c+2,negs,1.25,period,1.760302957991371,None,None,,,,,,,,,,,0,609,609,494,1089.3790410420042,,,,,,,,,,,,,,,,,,,,,,,,,,,,,,,,,,,,,,,,,,,,,,,,,,,,,,,,,,,,,,,,,,,,,,1089.3700454170175,1089.3790410420042,1090.6142488750047,1090.6142488750047,1090.6142488750047,1090.685354584013,1090.685354584013,1090.685354584013,1091.1496405420185,period,1.760302957991371,None,1091.1497981249995,1091.1498560420005,None,,,,,,,,,,,,21040099,2,2026-01-15_12h12.40.477,tilt_mocs,2024.2.4,120.82791337127415,2026-01-15 12h12.52.410327 -0500,
0,0.0,,610,610,0,,,,,0,100,,,,,c+0,noss,0.75,period,1.2410830830049235,None,None,,,,,,,,,,,0,610,610,600,1091.1609789170034,,,,,,,,,,,,,,,,,,,,,,,,,,,,,,,,,,,,,,,,,,,,,,,,,,,,,,,,,,,,,,,,,,,,,,1091.1522362090182,1091.1609789170034,1091.897016584,1091.897016584,1091.897016584,1091.9691423750191,1091.9691423750191,1091.9691423750191,1092.405042917002,period,1.2410830830049235,None,1092.4051453749998,1092.4051872499986,None,,,,,,,,,,,,21040099,2,2026-01-15_12h12.40.477,tilt_mocs,2024.2.4,120.82791337127415,2026-01-15 12h12.52.410327 -0500,
-2,-15.0,,611,611,0,,,,,100,0,,,,,c-2,negs,1.25,period,1.7652224999910686,None,None,,,,,,,,,,,0,611,611,419,1092.4161967500113,,,,,,,,,,,,,,,,,,,,,,,,,,,,,,,,,,,,,,,,,,,,,,,,,,,,,,,,,,,,,,,,,,,,,,1092.4071132919926,1092.4161967500113,1093.6561806249956,1093.6561806249956,1093.6561806249956,1093.731127209001,1093.731127209001,1093.731127209001,1094.1844089590013,period,1.7652224999910686,None,1094.1845469590044,1094.1846036250063,None,,,,,,,,,,,,21040099,2,2026-01-15_12h12.40.477,tilt_mocs,2024.2.4,120.82791337127415,2026-01-15 12h12.52.410327 -0500,
0,-15.0,,612,612,0,,,,,100,0,,,,,c+0,negs,0.75,period,1.2908238749951124,None,None,,,,,,,,,,,0,612,612,432,1094.1965654590167,,,,,,,,,,,,,,,,,,,,,,,,,,,,,,,,,,,,,,,,,,,,,,,,,,,,,,,,,,,,,,,,,,,,,,1094.187301124999,1094.1965654590167,1094.9305566250114,1094.9305566250114,1094.9305566250114,1095.0035022090015,1095.0035022090015,1095.0035022090015,1095.4985467920196,period,1.2908238749951124,None,1095.4986525000131,1095.498693750007,None,,,,,,,,,,,,21040099,2,2026-01-15_12h12.40.477,tilt_mocs,2024.2.4,120.82791337127415,2026-01-15 12h12.52.410327 -0500,
4,15.0,,613,613,0,,,,,100,0,,,,,c+4,poss,1.25,period,1.8647184169967659,None,None,,,,,,,,,,,0,613,613,159,1095.505933709006,,,,,,,,,,,,,,,,,,,,,,,,,,,,,,,,,,,,,,,,,,,,,,,,,,,,,,,,,,,,,,,,,,,,,,1095.5006994169962,1095.505933709006,1096.7405841670115,1096.7405841670115,1096.7405841670115,1096.8143003339937,1096.8143003339937,1096.8143003339937,1097.373095042014,period,1.8647184169967659,None,1097.3732124590024,1097.3732534589944,None,,,,,,,,,,,,21040099,2,2026-01-15_12h12.40.477,tilt_mocs,2024.2.4,120.82791337127415,2026-01-15 12h12.52.410327 -0500,
-2,0.0,,614,614,0,,,,,0,100,,,,,c-2,noss,1.0,z,2.0646437499963213,None,None,,,,,,,,,,,0,614,614,569,1097.383461459016,,,,,,,,,,,,,,,,,,,,,,,,,,,,,,,,,,,,,,,,,,,,,,,,,,,,,,,,,,,,,,,,,,,,,,1097.375205542019,1097.383461459016,1098.373017417005,1098.373017417005,1098.373017417005,1098.4479812500067,1098.4479812500067,1098.4479812500067,1099.4509202920017,z,2.0646437499963213,None,1099.4510628340067,1099.4511192500067,None,,,,,,,,,,,,21040099,2,2026-01-15_12h12.40.477,tilt_mocs,2024.2.4,120.82791337127415,2026-01-15 12h12.52.410327 -0500,
-2,-15.0,,615,615,0,,,,,100,0,,,,,c-2,negs,1.0,z,1.7949778340116609,None,None,,,,,,,,,,,0,615,615,402,1099.46236962502,,,,,,,,,,,,,,,,,,,,,,,,,,,,,,,,,,,,,,,,,,,,,,,,,,,,,,,,,,,,,,,,,,,,,,1099.4534756670182,1099.46236962502,1100.4474509170104,1100.4474509170104,1100.4474509170104,1100.5194568750157,1100.5194568750157,1100.5194568750157,1101.2669395840203,z,1.7949778340116609,None,1101.2671150840179,1101.267284208996,None,,,,,,,,,,,,21040099,2,2026-01-15_12h12.40.477,tilt_mocs,2024.2.4,120.82791337127415,2026-01-15 12h12.52.410327 -0500,
4,0.0,,616,616,0,,,,,0,100,,,,,c+4,noss,1.0,period,1.524608374980744,None,None,,,,,,,,,,,0,616,616,696,1101.2789786249923,,,,,,,,,,,,,,,,,,,,,,,,,,,,,,,,,,,,,,,,,,,,,,,,,,,,,,,,,,,,,,,,,,,,,,1101.2698769170092,1101.2789786249923,1102.2641155839956,1102.2641155839956,1102.2641155839956,1102.336801833997,1102.336801833997,1102.336801833997,1102.80669162501,period,1.524608374980744,None,1102.8068132089975,1102.8068637920078,None,,,,,,,,,,,,21040099,2,2026-01-15_12h12.40.477,tilt_mocs,2024.2.4,120.82791337127415,2026-01-15 12h12.52.410327 -0500,
8,15.0,,617,617,0,,,,,100,0,,,,,c+8,poss,1.25,period,1.883365292014787,None,None,,,,,,,,,,,0,617,617,251,1102.8174614169984,,,,,,,,,,,,,,,,,,,,,,,,,,,,,,,,,,,,,,,,,,,,,,,,,,,,,,,,,,,,,,,,,,,,,,1102.809039084008,1102.8174614169984,1104.05735287501,1104.05735287501,1104.05735287501,1104.1365044169943,1104.1365044169943,1104.1365044169943,1104.7062907920044,period,1.883365292014787,None,1104.706420083996,1104.706473875005,None,,,,,,,,,,,,21040099,2,2026-01-15_12h12.40.477,tilt_mocs,2024.2.4,120.82791337127415,2026-01-15 12h12.52.410327 -0500,
0,15.0,,618,618,0,,,,,100,0,,,,,c+0,poss,1.0,z,1.6107380839821417,None,None,,,,,,,,,,,0,618,618,68,1104.7173383340123,,,,,,,,,,,,,,,,,,,,,,,,,,,,,,,,,,,,,,,,,,,,,,,,,,,,,,,,,,,,,,,,,,,,,,1104.7089047500049,1104.7173383340123,1105.7068140839983,1105.7068140839983,1105.7068140839983,1105.7815736250195,1105.7815736250195,1105.7815736250195,1106.333528624993,z,1.6107380839821417,None,1106.3336562500044,1106.3337082920189,None,,,,,,,,,,,,21040099,2,2026-01-15_12h12.40.477,tilt_mocs,2024.2.4,120.82791337127415,2026-01-15 12h12.52.410327 -0500,
2,-15.0,,619,619,0,,,,,100,0,,,,,c+2,negs,0.5,period,1.0111820840102155,None,None,,,,,,,,,,,0,619,619,466,1106.34493750002,,,,,,,,,,,,,,,,,,,,,,,,,,,,,,,,,,,,,,,,,,,,,,,,,,,,,,,,,,,,,,,,,,,,,,1106.336189374997,1106.34493750002,1106.8310532500036,1106.8310532500036,1106.8310532500036,1106.9023895839928,1106.9023895839928,1106.9023895839928,1107.3669999999984,period,1.0111820840102155,None,1107.3671054590086,1107.367146500008,None,,,,,,,,,,,,21040099,2,2026-01-15_12h12.40.477,tilt_mocs,2024.2.4,120.82791337127415,2026-01-15 12h12.52.410327 -0500,
2,-15.0,,620,620,0,,,,,100,0,,,,,c+2,negs,0.5,z,1.109647417004453,None,None,,,,,,,,,,,0,620,620,471,1107.3776443340175,,,,,,,,,,,,,,,,,,,,,,,,,,,,,,,,,,,,,,,,,,,,,,,,,,,,,,,,,,,,,,,,,,,,,,1107.3690909169964,1107.3776443340175,1107.8643656249915,1107.8643656249915,1107.8643656249915,1107.9368562920135,1107.9368562920135,1107.9368562920135,1108.5008698340098,z,1.109647417004453,None,1108.5010119999934,1108.501070541999,None,,,,,,,,,,,,21040099,2,2026-01-15_12h12.40.477,tilt_mocs,2024.2.4,120.82791337127415,2026-01-15 12h12.52.410327 -0500,
-6,-15.0,,621,621,0,,,,,100,0,,,,,c-6,negs,0.5,z,0.9807273750193417,None,None,,,,,,,,,,,0,621,621,294,1108.512152084004,,,,,,,,,,,,,,,,,,,,,,,,,,,,,,,,,,,,,,,,,,,,,,,,,,,,,,,,,,,,,,,,,,,,,,1108.5033526670013,1108.512152084004,1108.9976763339946,1108.9976763339946,1108.9976763339946,1109.0701969170186,1109.0701969170186,1109.0701969170186,1109.5005389589933,z,0.9807273750193417,None,1109.500666167005,1109.5007182919944,None,,,,,,,,,,,,21040099,2,2026-01-15_12h12.40.477,tilt_mocs,2024.2.4,120.82791337127415,2026-01-15 12h12.52.410327 -0500,
0,-15.0,,622,622,0,,,,,100,0,,,,,c+0,negs,0.75,period,1.1872857909766026,None,None,,,,,,,,,,,0,622,622,435,1109.5116709170106,,,,,,,,,,,,,,,,,,,,,,,,,,,,,,,,,,,,,,,,,,,,,,,,,,,,,,,,,,,,,,,,,,,,,,1109.5032625420135,1109.5116709170106,1110.2477952920017,1110.2477952920017,1110.2477952920017,1110.3199034169957,1110.3199034169957,1110.3199034169957,1110.7018455840007,period,1.1872857909766026,None,1110.7021017500083,1110.7021907090093,None,,,,,,,,,,,,21040099,2,2026-01-15_12h12.40.477,tilt_mocs,2024.2.4,120.82791337127415,2026-01-15 12h12.52.410327 -0500,
-8,-15.0,,623,623,0,,,,,100,0,,,,,c-8,negs,1.0,z,1.5099802080076188,None,None,,,,,,,,,,,0,623,623,278,1110.7138945420156,,,,,,,,,,,,,,,,,,,,,,,,,,,,,,,,,,,,,,,,,,,,,,,,,,,,,,,,,,,,,,,,,,,,,,1110.7046887500037,1110.7138945420156,1111.6977654170187,1111.6977654170187,1111.6977654170187,1111.770848959015,1111.770848959015,1111.770848959015,1112.2341918339953,z,1.5099802080076188,None,1112.2344345000165,1112.2345298750151,None,,,,,,,,,,,,21040099,2,2026-01-15_12h12.40.477,tilt_mocs,2024.2.4,120.82791337127415,2026-01-15 12h12.52.410327 -0500,
-4,-15.0,,624,624,0,,,,,100,0,,,,,c-4,negs,0.75,period,1.4272677910048515,None,None,,,,,,,,,,,0,624,624,349,1112.2457312920014,,,,,,,,,,,,,,,,,,,,,,,,,,,,,,,,,,,,,,,,,,,,,,,,,,,,,,,,,,,,,,,,,,,,,,1112.2369432499981,1112.2457312920014,1112.9805020420172,1112.9805020420172,1112.9805020420172,1113.053420500015,1113.053420500015,1113.053420500015,1113.683999959001,period,1.4272677910048515,None,1113.6841324169945,1113.6841862919973,None,,,,,,,,,,,,21040099,2,2026-01-15_12h12.40.477,tilt_mocs,2024.2.4,120.82791337127415,2026-01-15 12h12.52.410327 -0500,
-8,-15.0,,625,625,0,,,,,100,0,,,,,c-8,negs,1.0,z,1.5197418339957949,None,None,,,,,,,,,,,0,625,625,283,1113.6954240839987,,,,,,,,,,,,,,,,,,,,,,,,,,,,,,,,,,,,,,,,,,,,,,,,,,,,,,,,,,,,,,,,,,,,,,1113.6866014590196,1113.6954240839987,1114.6812287920038,1114.6812287920038,1114.6812287920038,1114.7536295000173,1114.7536295000173,1114.7536295000173,1115.2181670420105,z,1.5197418339957949,None,1115.2183202920132,1115.2183730840043,None,,,,,,,,,,,,21040099,2,2026-01-15_12h12.40.477,tilt_mocs,2024.2.4,120.82791337127415,2026-01-15 12h12.52.410327 -0500,
-6,-15.0,,626,626,0,,,,,100,0,,,,,c-6,negs,0.75,z,1.376411500008544,None,None,,,,,,,,,,,0,626,626,314,1115.2298419589933,,,,,,,,,,,,,,,,,,,,,,,,,,,,,,,,,,,,,,,,,,,,,,,,,,,,,,,,,,,,,,,,,,,,,,1115.2209745,1115.2298419589933,1115.9645650419989,1115.9645650419989,1115.9645650419989,1116.0367911249923,1116.0367911249923,1116.0367911249923,1116.6176752090105,z,1.376411500008544,None,1116.6178303339984,1116.6178850000142,None,,,,,,,,,,,,21040099,2,2026-01-15_12h12.40.477,tilt_mocs,2024.2.4,120.82791337127415,2026-01-15 12h12.52.410327 -0500,
4,15.0,,627,627,0,,,,,100,0,,,,,c+4,poss,0.5,period,1.0942287920042872,None,None,,,,,,,,,,,0,627,627,130,1116.6297164169955,,,,,,,,,,,,,,,,,,,,,,,,,,,,,,,,,,,,,,,,,,,,,,,,,,,,,,,,,,,,,,,,,,,,,,1116.6206415840134,1116.6297164169955,1117.1136597919976,1117.1136597919976,1117.1136597919976,1117.1866623340175,1117.1866623340175,1117.1866623340175,1117.7342013340094,period,1.0942287920042872,None,1117.7343791669991,1117.7344291670015,None,,,,,,,,,,,,21040099,2,2026-01-15_12h12.40.477,tilt_mocs,2024.2.4,120.82791337127415,2026-01-15 12h12.52.410327 -0500,
-4,0.0,,628,628,0,,,,,0,100,,,,,c-4,noss,1.0,z,1.5705157080083154,None,None,,,,,,,,,,,0,628,628,528,1117.745852958993,,,,,,,,,,,,,,,,,,,,,,,,,,,,,,,,,,,,,,,,,,,,,,,,,,,,,,,,,,,,,,,,,,,,,,1117.7370579169947,1117.745852958993,1118.7316593340074,1118.7316593340074,1118.7316593340074,1118.8038499169925,1118.8038499169925,1118.8038499169925,1119.3287408339966,z,1.5705157080083154,None,1119.3288378750149,1119.328877833992,None,,,,,,,,,,,,21040099,2,2026-01-15_12h12.40.477,tilt_mocs,2024.2.4,120.82791337127415,2026-01-15 12h12.52.410327 -0500,
2,0.0,,629,629,0,,,,,0,100,,,,,c+2,noss,0.75,period,1.3340384579787496,None,None,,,,,,,,,,,0,629,629,643,1119.3359366670193,,,,,,,,,,,,,,,,,,,,,,,,,,,,,,,,,,,,,,,,,,,,,,,,,,,,,,,,,,,,,,,,,,,,,,1119.3308648340171,1119.3359366670193,1120.074580125016,1120.074580125016,1120.074580125016,1120.1489222919918,1120.1489222919918,1120.1489222919918,1120.6739129170019,period,1.3340384579787496,None,1120.6740118339949,1120.6740521250176,None,,,,,,,,,,,,21040099,2,2026-01-15_12h12.40.477,tilt_mocs,2024.2.4,120.82791337127415,2026-01-15 12h12.52.410327 -0500,
0,-15.0,,630,630,0,,,,,100,0,,,,,c+0,negs,0.75,period,1.206148041994311,None,None,,,,,,,,,,,0,630,630,441,1120.6843506250007,,,,,,,,,,,,,,,,,,,,,,,,,,,,,,,,,,,,,,,,,,,,,,,,,,,,,,,,,,,,,,,,,,,,,,1120.675965500006,1120.6843506250007,1121.4245060000103,1121.4245060000103,1121.4245060000103,1121.4985127499967,1121.4985127499967,1121.4985127499967,1121.9011344590108,period,1.206148041994311,None,1121.901257666992,1121.901308583998,None,,,,,,,,,,,,21040099,2,2026-01-15_12h12.40.477,tilt_mocs,2024.2.4,120.82791337127415,2026-01-15 12h12.52.410327 -0500,
-2,-15.0,,631,631,0,,,,,100,0,,,,,c-2,negs,1.25,period,1.6868944170128088,None,None,,,,,,,,,,,0,631,631,412,1121.9126762090018,,,,,,,,,,,,,,,,,,,,,,,,,,,,,,,,,,,,,,,,,,,,,,,,,,,,,,,,,,,,,,,,,,,,,,1121.9037815839984,1121.9126762090018,1123.147562541999,1123.147562541999,1123.147562541999,1123.2204891669971,1123.2204891669971,1123.2204891669971,1123.6118223340018,period,1.6868944170128088,None,1123.6119487920078,1123.611989541998,None,,,,,,,,,,,,21040099,2,2026-01-15_12h12.40.477,tilt_mocs,2024.2.4,120.82791337127415,2026-01-15 12h12.52.410327 -0500,
2,0.0,,632,632,0,,,,,0,100,,,,,c+2,noss,0.5,period,1.07016441700398,None,None,,,,,,,,,,,0,632,632,634,1123.618519917014,,,,,,,,,,,,,,,,,,,,,,,,,,,,,,,,,,,,,,,,,,,,,,,,,,,,,,,,,,,,,,,,,,,,,,1123.6139697920007,1123.618519917014,1124.108121333993,1124.108121333993,1124.108121333993,1124.1822102919978,1124.1822102919978,1124.1822102919978,1124.716222749994,period,1.07016441700398,None,1124.716346250003,1124.7163975840085,None,,,,,,,,,,,,21040099,2,2026-01-15_12h12.40.477,tilt_mocs,2024.2.4,120.82791337127415,2026-01-15 12h12.52.410327 -0500,
-4,-15.0,,633,633,0,,,,,100,0,,,,,c-4,negs,0.5,z,1.1673528329993133,None,None,,,,,,,,,,,0,633,633,338,1124.7321177090053,,,,,,,,,,,,,,,,,,,,,,,,,,,,,,,,,,,,,,,,,,,,,,,,,,,,,,,,,,,,,,,,,,,,,,1124.7185587089916,1124.7321177090053,1125.2074748339946,1125.2074748339946,1125.2074748339946,1125.2821524589963,1125.2821524589963,1125.2821524589963,1125.902769459004,z,1.1673528329993133,None,1125.9029252089967,1125.9029840000148,None,,,,,,,,,,,,21040099,2,2026-01-15_12h12.40.477,tilt_mocs,2024.2.4,120.82791337127415,2026-01-15 12h12.52.410327 -0500,
6,15.0,,634,634,0,,,,,100,0,,,,,c+6,poss,0.5,period,1.1441728330100887,None,None,,,,,,,,,,,0,634,634,171,1125.9144345840032,,,,,,,,,,,,,,,,,,,,,,,,,,,,,,,,,,,,,,,,,,,,,,,,,,,,,,,,,,,,,,,,,,,,,,1125.9056103340117,1125.9144345840032,1126.3982704170048,1126.3982704170048,1126.3982704170048,1126.4703728750173,1126.4703728750173,1126.4703728750173,1127.0678178750095,period,1.1441728330100887,None,1127.0680548340024,1127.0681492500007,None,,,,,,,,,,,,21040099,2,2026-01-15_12h12.40.477,tilt_mocs,2024.2.4,120.82791337127415,2026-01-15 12h12.52.410327 -0500,
4,0.0,,635,635,0,,,,,0,100,,,,,c+4,noss,0.5,period,1.0365518330072518,None,None,,,,,,,,,,,0,635,635,672,1127.0798120000109,,,,,,,,,,,,,,,,,,,,,,,,,,,,,,,,,,,,,,,,,,,,,,,,,,,,,,,,,,,,,,,,,,,,,,1127.0705706250155,1127.0798120000109,1127.565153167001,1127.565153167001,1127.565153167001,1127.637275749992,1127.637275749992,1127.637275749992,1128.1282289170194,period,1.0365518330072518,None,1128.1283281249925,1128.1283686670067,None,,,,,,,,,,,,21040099,2,2026-01-15_12h12.40.477,tilt_mocs,2024.2.4,120.82791337127415,2026-01-15 12h12.52.410327 -0500,
0,-15.0,,636,636,0,,,,,100,0,,,,,c+0,negs,1.0,period,1.4314282910199836,None,None,,,,,,,,,,,0,636,636,450,1128.1348819590057,,,,,,,,,,,,,,,,,,,,,,,,,,,,,,,,,,,,,,,,,,,,,,,,,,,,,,,,,,,,,,,,,,,,,,1128.13033795901,1128.1348819590057,1129.124982792011,1129.124982792011,1129.124982792011,1129.1989670839976,1129.1989670839976,1129.1989670839976,1129.569481625018,period,1.4314282910199836,None,1129.569623916992,1129.5696757920086,None,,,,,,,,,,,,21040099,2,2026-01-15_12h12.40.477,tilt_mocs,2024.2.4,120.82791337127415,2026-01-15 12h12.52.410327 -0500,
2,-15.0,,637,637,0,,,,,100,0,,,,,c+2,negs,0.75,period,1.200593082990963,None,None,,,,,,,,,,,0,637,637,482,1129.5816489999997,,,,,,,,,,,,,,,,,,,,,,,,,,,,,,,,,,,,,,,,,,,,,,,,,,,,,,,,,,,,,,,,,,,,,,1129.5727314999967,1129.5816489999997,1130.3153801250155,1130.3153801250155,1130.3153801250155,1130.3875164170167,1130.3875164170167,1130.3875164170167,1130.7849978340091,period,1.200593082990963,None,1130.7851572920044,1130.7852104170015,None,,,,,,,,,,,,21040099,2,2026-01-15_12h12.40.477,tilt_mocs,2024.2.4,120.82791337127415,2026-01-15 12h12.52.410327 -0500,
-2,-15.0,,638,638,0,,,,,100,0,,,,,c-2,negs,1.25,period,1.8300741659768391,None,None,,,,,,,,,,,0,638,638,417,1130.7968913750083,,,,,,,,,,,,,,,,,,,,,,,,,,,,,,,,,,,,,,,,,,,,,,,,,,,,,,,,,,,,,,,,,,,,,,1130.7879517500114,1130.7968913750083,1132.0317550420004,1132.0317550420004,1132.0317550420004,1132.1041201250046,1132.1041201250046,1132.1041201250046,1132.6354332090123,period,1.8300741659768391,None,1132.635577750014,1132.6356336250028,None,,,,,,,,,,,,21040099,2,2026-01-15_12h12.40.477,tilt_mocs,2024.2.4,120.82791337127415,2026-01-15 12h12.52.410327 -0500,
0,15.0,,639,639,0,,,,,100,0,,,,,c+0,poss,1.25,z,1.8570531659934204,None,None,,,,,,,,,,,0,639,639,80,1132.646680417005,,,,,,,,,,,,,,,,,,,,,,,,,,,,,,,,,,,,,,,,,,,,,,,,,,,,,,,,,,,,,,,,,,,,,,1132.6379019590095,1132.646680417005,1133.8818663340062,1133.8818663340062,1133.8818663340062,1133.9539231249946,1133.9539231249946,1133.9539231249946,1134.5068099999917,z,1.8570531659934204,None,1134.5069042920077,1134.5069435000187,None,,,,,,,,,,,,21040099,2,2026-01-15_12h12.40.477,tilt_mocs,2024.2.4,120.82791337127415,2026-01-15 12h12.52.410327 -0500,
6,15.0,,640,640,0,,,,,100,0,,,,,c+6,poss,0.5,period,1.0700129579927307,None,None,,,,,,,,,,,0,640,640,174,1134.5179284170154,,,,,,,,,,,,,,,,,,,,,,,,,,,,,,,,,,,,,,,,,,,,,,,,,,,,,,,,,,,,,,,,,,,,,,1134.5088835839997,1134.5179284170154,1135.0083389590145,1135.0083389590145,1135.0083389590145,1135.0824991670088,1135.0824991670088,1135.0824991670088,1135.5916207919945,period,1.0700129579927307,None,1135.591759834002,1135.5918115419918,None,,,,,,,,,,,,21040099,2,2026-01-15_12h12.40.477,tilt_mocs,2024.2.4,120.82791337127415,2026-01-15 12h12.52.410327 -0500,
-2,0.0,,641,641,0,,,,,0,100,,,,,c-2,noss,0.5,z,1.0642797500186134,None,None,,,,,,,,,,,0,641,641,554,1135.6019858749933,,,,,,,,,,,,,,,,,,,,,,,,,,,,,,,,,,,,,,,,,,,,,,,,,,,,,,,,,,,,,,,,,,,,,,1135.5938599999936,1135.6019858749933,1136.0900678750186,1136.0900678750186,1136.0900678750186,1136.1659385840176,1136.1659385840176,1136.1659385840176,1136.6691347089945,z,1.0642797500186134,None,1136.6693011250172,1136.6694344590069,None,,,,,,,,,,,,21040099,2,2026-01-15_12h12.40.477,tilt_mocs,2024.2.4,120.82791337127415,2026-01-15 12h12.52.410327 -0500,
8,15.0,,642,642,0,,,,,100,0,,,,,c+8,poss,0.5,period,1.0221177499915939,None,None,,,,,,,,,,,0,642,642,216,1136.6804633339925,,,,,,,,,,,,,,,,,,,,,,,,,,,,,,,,,,,,,,,,,,,,,,,,,,,,,,,,,,,,,,,,,,,,,,1136.6718737500196,1136.6804633339925,1137.1654174590076,1137.1654174590076,1137.1654174590076,1137.2374191250128,1137.2374191250128,1137.2374191250128,1137.7066656670067,period,1.0221177499915939,None,1137.7067675419967,1137.7068100420001,None,,,,,,,,,,,,21040099,2,2026-01-15_12h12.40.477,tilt_mocs,2024.2.4,120.82791337127415,2026-01-15 12h12.52.410327 -0500,
2,0.0,,643,643,0,,,,,0,100,,,,,c+2,noss,1.0,period,1.4333317499840632,None,None,,,,,,,,,,,0,643,643,652,1137.7178267920099,,,,,,,,,,,,,,,,,,,,,,,,,,,,,,,,,,,,,,,,,,,,,,,,,,,,,,,,,,,,,,,,,,,,,,1137.7087346250191,1137.7178267920099,1138.7088103750139,1138.7088103750139,1138.7088103750139,1138.7826847920078,1138.7826847920078,1138.7826847920078,1139.1577923750156,period,1.4333317499840632,None,1139.157921334001,1139.1579730840167,None,,,,,,,,,,,,21040099,2,2026-01-15_12h12.40.477,tilt_mocs,2024.2.4,120.82791337127415,2026-01-15 12h12.52.410327 -0500,
4,15.0,,644,644,0,,,,,100,0,,,,,c+4,poss,0.5,period,0.9145071660168469,None,None,,,,,,,,,,,0,644,644,136,1139.1685128340032,,,,,,,,,,,,,,,,,,,,,,,,,,,,,,,,,,,,,,,,,,,,,,,,,,,,,,,,,,,,,,,,,,,,,,1139.1602236250183,1139.1685128340032,1139.6586261250195,1139.6586261250195,1139.6586261250195,1139.7325722920068,1139.7325722920068,1139.7325722920068,1140.0855383340095,period,0.9145071660168469,None,1140.0856636670069,1140.0857163750043,None,,,,,,,,,,,,21040099,2,2026-01-15_12h12.40.477,tilt_mocs,2024.2.4,120.82791337127415,2026-01-15 12h12.52.410327 -0500,
2,0.0,,645,645,0,,,,,0,100,,,,,c+2,noss,0.75,period,1.606525082985172,None,None,,,,,,,,,,,0,645,645,642,1140.096788875002,,,,,,,,,,,,,,,,,,,,,,,,,,,,,,,,,,,,,,,,,,,,,,,,,,,,,,,,,,,,,,,,,,,,,,1140.0879665840184,1140.096788875002,1140.8310800420004,1140.8310800420004,1140.8310800420004,1140.9051018340106,1140.9051018340106,1140.9051018340106,1141.7080919170112,period,1.606525082985172,None,1141.7081892499991,1141.7082325000083,None,,,,,,,,,,,,21040099,2,2026-01-15_12h12.40.477,tilt_mocs,2024.2.4,120.82791337127415,2026-01-15 12h12.52.410327 -0500,
-6,-15.0,,646,646,0,,,,,100,0,,,,,c-6,negs,1.0,z,1.6222460410208441,None,None,,,,,,,,,,,0,646,646,325,1141.7185813749966,,,,,,,,,,,,,,,,,,,,,,,,,,,,,,,,,,,,,,,,,,,,,,,,,,,,,,,,,,,,,,,,,,,,,,1141.7101943340094,1141.7185813749966,1142.7077221249929,1142.7077221249929,1142.7077221249929,1142.7817114170175,1142.7817114170175,1142.7817114170175,1143.3516680840112,z,1.6222460410208441,None,1143.3517904170149,1143.351841249998,None,,,,,,,,,,,,21040099,2,2026-01-15_12h12.40.477,tilt_mocs,2024.2.4,120.82791337127415,2026-01-15 12h12.52.410327 -0500,
-4,-15.0,,647,647,0,,,,,100,0,,,,,c-4,negs,1.0,period,2.041729165997822,None,None,,,,,,,,,,,0,647,647,367,1143.3632211670047,,,,,,,,,,,,,,,,,,,,,,,,,,,,,,,,,,,,,,,,,,,,,,,,,,,,,,,,,,,,,,,,,,,,,,1143.3542515000154,1143.3632211670047,1144.348879666999,1144.348879666999,1144.348879666999,1144.4215465000016,1144.4215465000016,1144.4215465000016,1145.4087002089946,period,2.041729165997822,None,1145.408832792018,1145.40889333401,None,,,,,,,,,,,,21040099,2,2026-01-15_12h12.40.477,tilt_mocs,2024.2.4,120.82791337127415,2026-01-15 12h12.52.410327 -0500,
-4,0.0,,648,648,0,,,,,0,100,,,,,c-4,noss,0.75,z,1.253909166000085,None,None,,,,,,,,,,,0,648,648,516,1145.4193234590057,,,,,,,,,,,,,,,,,,,,,,,,,,,,,,,,,,,,,,,,,,,,,,,,,,,,,,,,,,,,,,,,,,,,,,1145.4111795840145,1145.4193234590057,1146.1583037920063,1146.1583037920063,1146.1583037920063,1146.2326169169974,1146.2326169169974,1146.2326169169974,1146.6844914999965,z,1.253909166000085,None,1146.6846040840028,1146.6846465420094,None,,,,,,,,,,,,21040099,2,2026-01-15_12h12.40.477,tilt_mocs,2024.2.4,120.82791337127415,2026-01-15 12h12.52.410327 -0500,
2,-15.0,,649,649,0,,,,,100,0,,,,,c+2,negs,1.0,period,1.4330293750099372,None,None,,,,,,,,,,,0,649,649,491,1146.6918772920035,,,,,,,,,,,,,,,,,,,,,,,,,,,,,,,,,,,,,,,,,,,,,,,,,,,,,,,,,,,,,,,,,,,,,,1146.6866308750177,1146.6918772920035,1147.681802792009,1147.681802792009,1147.681802792009,1147.7535392089922,1147.7535392089922,1147.7535392089922,1148.1359685420175,period,1.4330293750099372,None,1148.1361007090018,1148.136153792002,None,,,,,,,,,,,,21040099,2,2026-01-15_12h12.40.477,tilt_mocs,2024.2.4,120.82791337127415,2026-01-15 12h12.52.410327 -0500,
0,0.0,,650,650,0,,,,,0,100,,,,,c+0,noss,0.5,period,0.968596416991204,None,None,,,,,,,,,,,0,650,650,590,1148.1475929589942,,,,,,,,,,,,,,,,,,,,,,,,,,,,,,,,,,,,,,,,,,,,,,,,,,,,,,,,,,,,,,,,,,,,,,1148.1387203340128,1148.1475929589942,1148.6325203340093,1148.6325203340093,1148.6325203340093,1148.704396334011,1148.704396334011,1148.704396334011,1149.119038667006,period,0.968596416991204,None,1149.1191878340032,1149.1192409590003,None,,,,,,,,,,,,21040099,2,2026-01-15_12h12.40.477,tilt_mocs,2024.2.4,120.82791337127415,2026-01-15 12h12.52.410327 -0500,
-2,15.0,,651,651,0,,,,,100,0,,,,,c-2,poss,0.5,z,1.1740920839947648,None,None,,,,,,,,,,,0,651,651,6,1149.1306053750159,,,,,,,,,,,,,,,,,,,,,,,,,,,,,,,,,,,,,,,,,,,,,,,,,,,,,,,,,,,,,,,,,,,,,,1149.1214175420173,1149.1306053750159,1149.615863959014,1149.615863959014,1149.615863959014,1149.6892943750136,1149.6892943750136,1149.6892943750136,1150.307810541999,z,1.1740920839947648,None,1150.3079136250017,1150.3079552499985,None,,,,,,,,,,,,21040099,2,2026-01-15_12h12.40.477,tilt_mocs,2024.2.4,120.82791337127415,2026-01-15 12h12.52.410327 -0500,
-2,15.0,,652,652,0,,,,,100,0,,,,,c-2,poss,0.75,z,1.2813881670008413,None,None,,,,,,,,,,,0,652,652,15,1150.3188325840165,,,,,,,,,,,,,,,,,,,,,,,,,,,,,,,,,,,,,,,,,,,,,,,,,,,,,,,,,,,,,,,,,,,,,,1150.3099661669985,1150.3188325840165,1151.058314583992,1151.058314583992,1151.058314583992,1151.1330166670086,1151.1330166670086,1151.1330166670086,1151.603195542004,z,1.2813881670008413,None,1151.603377084015,1151.603442666994,None,,,,,,,,,,,,21040099,2,2026-01-15_12h12.40.477,tilt_mocs,2024.2.4,120.82791337127415,2026-01-15 12h12.52.410327 -0500,
6,15.0,,653,653,0,,,,,100,0,,,,,c+6,poss,1.25,period,1.8196875420107972,None,None,,,,,,,,,,,0,653,653,201,1151.6155665840197,,,,,,,,,,,,,,,,,,,,,,,,,,,,,,,,,,,,,,,,,,,,,,,,,,,,,,,,,,,,,,,,,,,,,,1151.6064777089923,1151.6155665840197,1152.849267292011,1152.849267292011,1152.849267292011,1152.9218031250057,1152.9218031250057,1152.9218031250057,1153.4420977499976,period,1.8196875420107972,None,1153.442266500002,1153.4423190420202,None,,,,,,,,,,,,21040099,2,2026-01-15_12h12.40.477,tilt_mocs,2024.2.4,120.82791337127415,2026-01-15 12h12.52.410327 -0500,
-2,0.0,,654,654,0,,,,,0,100,,,,,c-2,noss,0.75,period,1.4033124159905128,None,None,,,,,,,,,,,0,654,654,563,1153.4525691250165,,,,,,,,,,,,,,,,,,,,,,,,,,,,,,,,,,,,,,,,,,,,,,,,,,,,,,,,,,,,,,,,,,,,,,1153.4445107920037,1153.4525691250165,1154.1914407089935,1154.1914407089935,1154.1914407089935,1154.2664406250115,1154.2664406250115,1154.2664406250115,1154.8589752920088,period,1.4033124159905128,None,1154.859117709013,1154.8591793749947,None,,,,,,,,,,,,21040099,2,2026-01-15_12h12.40.477,tilt_mocs,2024.2.4,120.82791337127415,2026-01-15 12h12.52.410327 -0500,
-6,-15.0,,655,655,0,,,,,100,0,,,,,c-6,negs,0.75,z,0.022295791015494615,None,None,,,,,,,,,,,0,655,655,305,1154.8698176670005,,,,,,,,,,,,,,,,,,,,,,,,,,,,,,,,,,,,,,,,,,,,,,,,,,,,,,,,,,,,,,,,,,,,,,1154.8614257090085,1154.8698176670005,,,,,,,1154.9015672499954,z,0.022295791015494615,None,1154.9016722090018,1154.9017152920133,None,,,,,,,,,,,,21040099,2,2026-01-15_12h12.40.477,tilt_mocs,2024.2.4,120.82791337127415,2026-01-15 12h12.52.410327 -0500,
8,15.0,,656,656,0,,,,,100,0,,,,,c+8,poss,1.0,period,1.4742643339850474,None,None,,,,,,,,,,,0,656,656,239,1154.911866584007,,,,,,,,,,,,,,,,,,,,,,,,,,,,,,,,,,,,,,,,,,,,,,,,,,,,,,,,,,,,,,,,,,,,,,1154.9036047919944,1154.911866584007,1155.8993064170063,1155.8993064170063,1155.8993064170063,1155.9713563749974,1155.9713563749974,1155.9713563749974,1156.3919583340175,period,1.4742643339850474,None,1156.3921154589916,1156.3921748750145,None,,,,,,,,,,,,21040099,2,2026-01-15_12h12.40.477,tilt_mocs,2024.2.4,120.82791337127415,2026-01-15 12h12.52.410327 -0500,
-4,-15.0,,657,657,0,,,,,100,0,,,,,c-4,negs,1.0,period,1.4913667080109008,None,None,,,,,,,,,,,0,657,657,366,1156.4028387920116,,,,,,,,,,,,,,,,,,,,,,,,,,,,,,,,,,,,,,,,,,,,,,,,,,,,,,,,,,,,,,,,,,,,,,1156.394530584017,1156.4028387920116,1157.3905722500058,1157.3905722500058,1157.3905722500058,1157.4666385420132,1157.4666385420132,1157.4666385420132,1157.9021327090159,period,1.4913667080109008,None,1157.9022618340096,1157.902314750012,None,,,,,,,,,,,,21040099,2,2026-01-15_12h12.40.477,tilt_mocs,2024.2.4,120.82791337127415,2026-01-15 12h12.52.410327 -0500,
6,15.0,,658,658,0,,,,,100,0,,,,,c+6,poss,1.25,period,1.8210799999942537,None,None,,,,,,,,,,,0,658,658,204,1157.913165417005,,,,,,,,,,,,,,,,,,,,,,,,,,,,,,,,,,,,,,,,,,,,,,,,,,,,,,,,,,,,,,,,,,,,,,1157.904321375012,1157.913165417005,1159.1495012090018,1159.1495012090018,1159.1495012090018,1159.2215047499922,1159.2215047499922,1159.2215047499922,1159.7395221670158,period,1.8210799999942537,None,1159.7396585840033,1159.7397042920056,None,,,,,,,,,,,,21040099,2,2026-01-15_12h12.40.477,tilt_mocs,2024.2.4,120.82791337127415,2026-01-15 12h12.52.410327 -0500,
-6,-15.0,,659,659,0,,,,,100,0,,,,,c-6,negs,1.0,z,1.4225993329891935,None,None,,,,,,,,,,,0,659,659,320,1159.7516102920054,,,,,,,,,,,,,,,,,,,,,,,,,,,,,,,,,,,,,,,,,,,,,,,,,,,,,,,,,,,,,,,,,,,,,,1159.742395542009,1159.7516102920054,1160.7329223340203,1160.7329223340203,1160.7329223340203,1160.8061830000079,1160.8061830000079,1160.8061830000079,1161.1855165000015,z,1.4225993329891935,None,1161.1856431670021,1161.1856949170178,None,,,,,,,,,,,,21040099,2,2026-01-15_12h12.40.477,tilt_mocs,2024.2.4,120.82791337127415,2026-01-15 12h12.52.410327 -0500,
2,-15.0,,660,660,0,,,,,100,0,,,,,c+2,negs,1.0,period,1.412719834013842,None,None,,,,,,,,,,,0,660,660,484,1161.1967502920015,,,,,,,,,,,,,,,,,,,,,,,,,,,,,,,,,,,,,,,,,,,,,,,,,,,,,,,,,,,,,,,,,,,,,,1161.1878771670163,1161.1967502920015,1162.1828155000112,1162.1828155000112,1162.1828155000112,1162.2558941669995,1162.2558941669995,1162.2558941669995,1162.6191106670012,period,1.412719834013842,None,1162.6192380420107,1162.6192897919973,None,,,,,,,,,,,,21040099,2,2026-01-15_12h12.40.477,tilt_mocs,2024.2.4,120.82791337127415,2026-01-15 12h12.52.410327 -0500,
2,15.0,,661,661,0,,,,,100,0,,,,,c+2,poss,0.5,z,0.9768730840005446,None,None,,,,,,,,,,,0,661,661,93,1162.6305647090194,,,,,,,,,,,,,,,,,,,,,,,,,,,,,,,,,,,,,,,,,,,,,,,,,,,,,,,,,,,,,,,,,,,,,,1162.6217287920008,1162.6305647090194,1163.116309792007,1163.116309792007,1163.116309792007,1163.1883346250106,1163.1883346250106,1163.1883346250106,1163.6188540000003,z,0.9768730840005446,None,1163.618978125014,1163.6190303339972,None,,,,,,,,,,,,21040099,2,2026-01-15_12h12.40.477,tilt_mocs,2024.2.4,120.82791337127415,2026-01-15 12h12.52.410327 -0500,
6,15.0,,662,662,0,,,,,100,0,,,,,c+6,poss,0.75,z,1.3720575839979574,None,None,,,,,,,,,,,0,662,662,183,1163.6305750420142,,,,,,,,,,,,,,,,,,,,,,,,,,,,,,,,,,,,,,,,,,,,,,,,,,,,,,,,,,,,,,,,,,,,,,1163.6218388340203,1163.6305750420142,1164.3662865420047,1164.3662865420047,1164.3662865420047,1164.4387824170117,1164.4387824170117,1164.4387824170117,1165.0079662920034,z,1.3720575839979574,None,1165.0080680840183,1165.0081092090113,None,,,,,,,,,,,,21040099,2,2026-01-15_12h12.40.477,tilt_mocs,2024.2.4,120.82791337127415,2026-01-15 12h12.52.410327 -0500,
8,15.0,,663,663,0,,,,,100,0,,,,,c+8,poss,1.0,period,1.4758937080041505,None,None,,,,,,,,,,,0,663,663,235,1165.0189887919987,,,,,,,,,,,,,,,,,,,,,,,,,,,,,,,,,,,,,,,,,,,,,,,,,,,,,,,,,,,,,,,,,,,,,,1165.0100610000081,1165.0189887919987,1166.009552042,1166.009552042,1166.009552042,1166.0836336670036,1166.0836336670036,1166.0836336670036,1166.5027252500004,period,1.4758937080041505,None,1166.5028925420193,1166.5029475420015,None,,,,,,,,,,,,21040099,2,2026-01-15_12h12.40.477,tilt_mocs,2024.2.4,120.82791337127415,2026-01-15 12h12.52.410327 -0500,
2,-15.0,,664,664,0,,,,,100,0,,,,,c+2,negs,0.75,period,1.1588693340017926,None,None,,,,,,,,,,,0,664,664,479,1166.5145428749966,,,,,,,,,,,,,,,,,,,,,,,,,,,,,,,,,,,,,,,,,,,,,,,,,,,,,,,,,,,,,,,,,,,,,,1166.5056037089962,1166.5145428749966,1167.2496737920155,1167.2496737920155,1167.2496737920155,1167.3219787499984,1167.3219787499984,1167.3219787499984,1167.701246542012,period,1.1588693340017926,None,1167.7013800840068,1167.7014325420023,None,,,,,,,,,,,,21040099,2,2026-01-15_12h12.40.477,tilt_mocs,2024.2.4,120.82791337127415,2026-01-15 12h12.52.410327 -0500,
4,15.0,,665,665,0,,,,,100,0,,,,,c+4,poss,1.0,period,1.3739155840012245,None,None,,,,,,,,,,,0,665,665,152,1167.7169232500019,,,,,,,,,,,,,,,,,,,,,,,,,,,,,,,,,,,,,,,,,,,,,,,,,,,,,,,,,,,,,,,,,,,,,,1167.7035157089995,1167.7169232500019,1168.699739292002,1168.699739292002,1168.699739292002,1168.7715437090083,1168.7715437090083,1168.7715437090083,1169.1029976250138,period,1.3739155840012245,None,1169.1031013340107,1169.1031438340142,None,,,,,,,,,,,,21040099,2,2026-01-15_12h12.40.477,tilt_mocs,2024.2.4,120.82791337127415,2026-01-15 12h12.52.410327 -0500,
2,-15.0,,666,666,0,,,,,100,0,,,,,c+2,negs,0.5,period,1.0359538329939824,None,None,,,,,,,,,,,0,666,666,464,1169.1169890839956,,,,,,,,,,,,,,,,,,,,,,,,,,,,,,,,,,,,,,,,,,,,,,,,,,,,,,,,,,,,,,,,,,,,,,1169.105049875012,1169.1169890839956,1169.5987532919971,1169.5987532919971,1169.5987532919971,1169.6727364590042,1169.6727364590042,1169.6727364590042,1170.158062625007,period,1.0359538329939824,None,1170.1581646669947,1170.1582071669982,None,,,,,,,,,,,,21040099,2,2026-01-15_12h12.40.477,tilt_mocs,2024.2.4,120.82791337127415,2026-01-15 12h12.52.410327 -0500,
-2,0.0,,667,667,0,,,,,0,100,,,,,c-2,noss,0.75,z,1.2556887500104494,None,None,,,,,,,,,,,0,667,667,557,1170.1691055840056,,,,,,,,,,,,,,,,,,,,,,,,,,,,,,,,,,,,,,,,,,,,,,,,,,,,,,,,,,,,,,,,,,,,,,1170.1601253340195,1170.1691055840056,1170.9094111669983,1170.9094111669983,1170.9094111669983,1170.983575042017,1170.983575042017,1170.983575042017,1171.4365131249942,z,1.2556887500104494,None,1171.436670708994,1171.4367301670136,None,,,,,,,,,,,,21040099,2,2026-01-15_12h12.40.477,tilt_mocs,2024.2.4,120.82791337127415,2026-01-15 12h12.52.410327 -0500,
-8,-15.0,,668,668,0,,,,,100,0,,,,,c-8,negs,1.0,z,1.4537067500059493,None,None,,,,,,,,,,,0,668,668,280,1171.4483621249965,,,,,,,,,,,,,,,,,,,,,,,,,,,,,,,,,,,,,,,,,,,,,,,,,,,,,,,,,,,,,,,,,,,,,,1171.4392339590122,1171.4483621249965,1172.4332917499996,1172.4332917499996,1172.4332917499996,1172.5053747089987,1172.5053747089987,1172.5053747089987,1172.9079930000007,z,1.4537067500059493,None,1172.9081240420055,1172.908190584014,None,,,,,,,,,,,,21040099,2,2026-01-15_12h12.40.477,tilt_mocs,2024.2.4,120.82791337127415,2026-01-15 12h12.52.410327 -0500,
0,-15.0,,669,669,0,,,,,100,0,,,,,c+0,negs,0.5,period,0.9843357079953421,None,None,,,,,,,,,,,0,669,669,423,1172.9192606669967,,,,,,,,,,,,,,,,,,,,,,,,,,,,,,,,,,,,,,,,,,,,,,,,,,,,,,,,,,,,,,,,,,,,,,1172.910295959009,1172.9192606669967,1173.4087327920133,1173.4087327920133,1173.4087327920133,1173.4836113339989,1173.4836113339989,1173.4836113339989,1173.9075567499967,period,0.9843357079953421,None,1173.9076879170025,1173.9077436670195,None,,,,,,,,,,,,21040099,2,2026-01-15_12h12.40.477,tilt_mocs,2024.2.4,120.82791337127415,2026-01-15 12h12.52.410327 -0500,
6,15.0,,670,670,0,,,,,100,0,,,,,c+6,poss,1.0,z,1.5333092090149876,None,None,,,,,,,,,,,0,670,670,199,1173.9194547920197,,,,,,,,,,,,,,,,,,,,,,,,,,,,,,,,,,,,,,,,,,,,,,,,,,,,,,,,,,,,,,,,,,,,,,1173.910321000003,1173.9194547920197,1174.9088272090012,1174.9088272090012,1174.9088272090012,1174.9838896669971,1174.9838896669971,1174.9838896669971,1175.459412708995,z,1.5333092090149876,None,1175.459560667019,1175.4596371670195,None,,,,,,,,,,,,21040099,2,2026-01-15_12h12.40.477,tilt_mocs,2024.2.4,120.82791337127415,2026-01-15 12h12.52.410327 -0500,
-2,-15.0,,671,671,0,,,,,100,0,,,,,c-2,negs,1.0,z,1.6807579579763114,None,None,,,,,,,,,,,0,671,671,406,1175.4707987089932,,,,,,,,,,,,,,,,,,,,,,,,,,,,,,,,,,,,,,,,,,,,,,,,,,,,,,,,,,,,,,,,,,,,,,1175.4625600840081,1175.4707987089932,1176.4596906670195,1176.4596906670195,1176.4596906670195,1176.533728459006,1176.533728459006,1176.533728459006,1177.1577256669989,z,1.6807579579763114,None,1177.1578549590195,1177.1579069170111,None,,,,,,,,,,,,21040099,2,2026-01-15_12h12.40.477,tilt_mocs,2024.2.4,120.82791337127415,2026-01-15 12h12.52.410327 -0500,
0,0.0,,672,672,0,,,,,0,100,,,,,c+0,noss,0.5,z,1.2422100410040002,None,None,,,,,,,,,,,0,672,672,595,1177.169176958996,,,,,,,,,,,,,,,,,,,,,,,,,,,,,,,,,,,,,,,,,,,,,,,,,,,,,,,,,,,,,,,,,,,,,,1177.1598320420017,1177.169176958996,1177.6593701670063,1177.6593701670063,1177.6593701670063,1177.733938459016,1177.733938459016,1177.733938459016,1178.4198569169967,z,1.2422100410040002,None,1178.420013541996,1178.4200882500154,None,,,,,,,,,,,,21040099,2,2026-01-15_12h12.40.477,tilt_mocs,2024.2.4,120.82791337127415,2026-01-15 12h12.52.410327 -0500,
-4,-15.0,,673,673,0,,,,,100,0,,,,,c-4,negs,0.75,period,1.4641172089905012,None,None,,,,,,,,,,,0,673,673,355,1178.4317917090084,,,,,,,,,,,,,,,,,,,,,,,,,,,,,,,,,,,,,,,,,,,,,,,,,,,,,,,,,,,,,,,,,,,,,,1178.4227601670136,1178.4317917090084,1179.1668451250007,1179.1668451250007,1179.1668451250007,1179.239855916996,1179.239855916996,1179.239855916996,1179.9032471250102,period,1.4641172089905012,None,1179.903399792005,1179.9034726250102,None,,,,,,,,,,,,21040099,2,2026-01-15_12h12.40.477,tilt_mocs,2024.2.4,120.82791337127415,2026-01-15 12h12.52.410327 -0500,
-8,-15.0,,674,674,0,,,,,100,0,,,,,c-8,negs,1.0,z,1.5191601660044398,None,None,,,,,,,,,,,0,674,674,276,1179.9152921670175,,,,,,,,,,,,,,,,,,,,,,,,,,,,,,,,,,,,,,,,,,,,,,,,,,,,,,,,,,,,,,,,,,,,,,1179.9064004590036,1179.9152921670175,1180.9001960419992,1180.9001960419992,1180.9001960419992,1180.9725069169945,1180.9725069169945,1180.9725069169945,1181.436949875002,z,1.5191601660044398,None,1181.4370788340166,1181.437143209012,None,,,,,,,,,,,,21040099,2,2026-01-15_12h12.40.477,tilt_mocs,2024.2.4,120.82791337127415,2026-01-15 12h12.52.410327 -0500,
-2,15.0,,675,675,0,,,,,100,0,,,,,c-2,poss,0.5,z,0.9276755419850815,None,None,,,,,,,,,,,0,675,675,10,1181.4483327500056,,,,,,,,,,,,,,,,,,,,,,,,,,,,,,,,,,,,,,,,,,,,,,,,,,,,,,,,,,,,,,,,,,,,,,1181.4395271250105,1181.4483327500056,1181.9335942500038,1181.9335942500038,1181.9335942500038,1182.0056095840118,1182.0056095840118,1182.0056095840118,1182.3863890840148,z,0.9276755419850815,None,1182.3865525000147,1182.38660025,None,,,,,,,,,,,,21040099,2,2026-01-15_12h12.40.477,tilt_mocs,2024.2.4,120.82791337127415,2026-01-15 12h12.52.410327 -0500,
4,15.0,,676,676,0,,,,,100,0,,,,,c+4,poss,1.0,period,1.6429675830004271,None,None,,,,,,,,,,,0,676,676,150,1182.3987148750166,,,,,,,,,,,,,,,,,,,,,,,,,,,,,,,,,,,,,,,,,,,,,,,,,,,,,,,,,,,,,,,,,,,,,,1182.3896289590048,1182.3987148750166,1183.3835394589987,1183.3835394589987,1183.3835394589987,1183.4557887499977,1183.4557887499977,1183.4557887499977,1184.053863167006,period,1.6429675830004271,None,1184.054018291994,1184.0540792919928,None,,,,,,,,,,,,21040099,2,2026-01-15_12h12.40.477,tilt_mocs,2024.2.4,120.82791337127415,2026-01-15 12h12.52.410327 -0500,
2,-15.0,,677,677,0,,,,,100,0,,,,,c+2,negs,1.0,period,1.4133604999806266,None,None,,,,,,,,,,,0,677,677,493,1184.0652767500142,,,,,,,,,,,,,,,,,,,,,,,,,,,,,,,,,,,,,,,,,,,,,,,,,,,,,,,,,,,,,,,,,,,,,,1184.0563755420153,1184.0652767500142,1185.050289292005,1185.050289292005,1185.050289292005,1185.1221067919978,1185.1221067919978,1185.1221067919978,1185.4866398750164,period,1.4133604999806266,None,1185.4868774999923,1185.4869899170008,None,,,,,,,,,,,,21040099,2,2026-01-15_12h12.40.477,tilt_mocs,2024.2.4,120.82791337127415,2026-01-15 12h12.52.410327 -0500,
-4,-15.0,,678,678,0,,,,,100,0,,,,,c-4,negs,0.5,period,0.981018958002096,None,None,,,,,,,,,,,0,678,678,345,1185.4987589590019,,,,,,,,,,,,,,,,,,,,,,,,,,,,,,,,,,,,,,,,,,,,,,,,,,,,,,,,,,,,,,,,,,,,,,1185.4894424590166,1185.4987589590019,1185.983766334015,1185.983766334015,1185.983766334015,1186.055674000003,1186.055674000003,1186.055674000003,1186.4860743750178,period,0.981018958002096,None,1186.4861818340141,1186.486224124994,None,,,,,,,,,,,,21040099,2,2026-01-15_12h12.40.477,tilt_mocs,2024.2.4,120.82791337127415,2026-01-15 12h12.52.410327 -0500,
-2,0.0,,679,679,0,,,,,0,100,,,,,c-2,noss,0.5,period,1.231347666005604,None,None,,,,,,,,,,,0,679,679,546,1186.4968338750186,,,,,,,,,,,,,,,,,,,,,,,,,,,,,,,,,,,,,,,,,,,,,,,,,,,,,,,,,,,,,,,,,,,,,,1186.4881860419991,1186.4968338750186,1186.9836536250077,1186.9836536250077,1186.9836536250077,1187.0557967500063,1187.0557967500063,1187.0557967500063,1187.737197667011,period,1.231347666005604,None,1187.7373438749928,1187.7374022919976,None,,,,,,,,,,,,21040099,2,2026-01-15_12h12.40.477,tilt_mocs,2024.2.4,120.82791337127415,2026-01-15 12h12.52.410327 -0500,
0,-15.0,,680,680,0,,,,,100,0,,,,,c+0,negs,1.25,period,1.878058542002691,None,None,,,,,,,,,,,0,680,680,453,1187.7489802500058,,,,,,,,,,,,,,,,,,,,,,,,,,,,,,,,,,,,,,,,,,,,,,,,,,,,,,,,,,,,,,,,,,,,,,1187.7398867089942,1187.7489802500058,1188.9837937090197,1188.9837937090197,1188.9837937090197,1189.0558661250107,1189.0558661250107,1189.0558661250107,1189.6368112920027,period,1.878058542002691,None,1189.6369672500005,1189.6370201669924,None,,,,,,,,,,,,21040099,2,2026-01-15_12h12.40.477,tilt_mocs,2024.2.4,120.82791337127415,2026-01-15 12h12.52.410327 -0500,
6,15.0,,681,681,0,,,,,100,0,,,,,c+6,poss,0.5,period,1.10228612498031,None,None,,,,,,,,,,,0,681,681,169,1189.648957958998,,,,,,,,,,,,,,,,,,,,,,,,,,,,,,,,,,,,,,,,,,,,,,,,,,,,,,,,,,,,,,,,,,,,,,1189.6400508340157,1189.648957958998,1190.1338604589982,1190.1338604589982,1190.1338604589982,1190.2068545420188,1190.2068545420188,1190.2068545420188,1190.7541540840175,period,1.10228612498031,None,1190.7543018340075,1190.7543577089964,None,,,,,,,,,,,,21040099,2,2026-01-15_12h12.40.477,tilt_mocs,2024.2.4,120.82791337127415,2026-01-15 12h12.52.410327 -0500,
2,-15.0,,682,682,0,,,,,100,0,,,,,c+2,negs,0.5,period,1.0795579169935081,None,None,,,,,,,,,,,0,682,682,465,1190.7654391250107,,,,,,,,,,,,,,,,,,,,,,,,,,,,,,,,,,,,,,,,,,,,,,,,,,,,,,,,,,,,,,,,,,,,,,1190.7565759170102,1190.7654391250107,1191.2506887089985,1191.2506887089985,1191.2506887089985,1191.3226767500164,1191.3226767500164,1191.3226767500164,1191.8538726250117,period,1.0795579169935081,None,1191.8540250840015,1191.8540767090162,None,,,,,,,,,,,,21040099,2,2026-01-15_12h12.40.477,tilt_mocs,2024.2.4,120.82791337127415,2026-01-15 12h12.52.410327 -0500,
-2,0.0,,683,683,0,,,,,0,100,,,,,c-2,noss,1.0,z,1.5776045829989016,None,None,,,,,,,,,,,0,683,683,574,1191.8665810420061,,,,,,,,,,,,,,,,,,,,,,,,,,,,,,,,,,,,,,,,,,,,,,,,,,,,,,,,,,,,,,,,,,,,,,1191.8575047920167,1191.8665810420061,1192.8506526249985,1192.8506526249985,1192.8506526249985,1192.922039291996,1192.922039291996,1192.922039291996,1193.4533271669934,z,1.5776045829989016,None,1193.4534740840027,1193.453531542007,None,,,,,,,,,,,,21040099,2,2026-01-15_12h12.40.477,tilt_mocs,2024.2.4,120.82791337127415,2026-01-15 12h12.52.410327 -0500,
-4,-15.0,,684,684,0,,,,,100,0,,,,,c-4,negs,1.0,z,1.6116859580215532,None,None,,,,,,,,,,,0,684,684,364,1193.4656016250083,,,,,,,,,,,,,,,,,,,,,,,,,,,,,,,,,,,,,,,,,,,,,,,,,,,,,,,,,,,,,,,,,,,,,,1193.456344834005,1193.4656016250083,1194.4506765000115,1194.4506765000115,1194.4506765000115,1194.5228856250178,1194.5228856250178,1194.5228856250178,1195.0869300840131,z,1.6116859580215532,None,1195.0870561250194,1195.0871072500013,None,,,,,,,,,,,,21040099,2,2026-01-15_12h12.40.477,tilt_mocs,2024.2.4,120.82791337127415,2026-01-15 12h12.52.410327 -0500,
-4,0.0,,685,685,0,,,,,0,100,,,,,c-4,noss,1.0,z,1.4436364169814624,None,None,,,,,,,,,,,0,685,685,535,1195.098128209007,,,,,,,,,,,,,,,,,,,,,,,,,,,,,,,,,,,,,,,,,,,,,,,,,,,,,,,,,,,,,,,,,,,,,,1195.0892777090194,1195.098128209007,1196.0840893340064,1196.0840893340064,1196.0840893340064,1196.1561920419917,1196.1561920419917,1196.1561920419917,1196.5535058749956,z,1.4436364169814624,None,1196.553633292002,1196.5536830839992,None,,,,,,,,,,,,21040099,2,2026-01-15_12h12.40.477,tilt_mocs,2024.2.4,120.82791337127415,2026-01-15 12h12.52.410327 -0500,
-4,-15.0,,686,686,0,,,,,100,0,,,,,c-4,negs,0.5,z,1.1714519590022974,None,None,,,,,,,,,,,0,686,686,337,1196.5642163339944,,,,,,,,,,,,,,,,,,,,,,,,,,,,,,,,,,,,,,,,,,,,,,,,,,,,,,,,,,,,,,,,,,,,,,1196.5556964999996,1196.5642163339944,1197.0500308750197,1197.0500308750197,1197.0500308750197,1197.1230741250038,1197.1230741250038,1197.1230741250038,1197.7481465839955,z,1.1714519590022974,None,1197.7482454589917,1197.7482855840062,None,,,,,,,,,,,,21040099,2,2026-01-15_12h12.40.477,tilt_mocs,2024.2.4,120.82791337127415,2026-01-15 12h12.52.410327 -0500,
2,15.0,,687,687,0,,,,,100,0,,,,,c+2,poss,0.75,z,1.273454624984879,None,None,,,,,,,,,,,0,687,687,104,1197.7560593340022,,,,,,,,,,,,,,,,,,,,,,,,,,,,,,,,,,,,,,,,,,,,,,,,,,,,,,,,,,,,,,,,,,,,,,1197.750770750019,1197.7560593340022,1198.4934307920048,1198.4934307920048,1198.4934307920048,1198.5681235420052,1198.5681235420052,1198.5681235420052,1199.0370112920064,z,1.273454624984879,None,1199.0371387090127,1199.0371899169986,None,,,,,,,,,,,,21040099,2,2026-01-15_12h12.40.477,tilt_mocs,2024.2.4,120.82791337127415,2026-01-15 12h12.52.410327 -0500,
0,-15.0,,688,688,0,,,,,100,0,,,,,c+0,negs,0.5,period,0.9800572500098497,None,None,,,,,,,,,,,0,688,688,424,1199.0481436669943,,,,,,,,,,,,,,,,,,,,,,,,,,,,,,,,,,,,,,,,,,,,,,,,,,,,,,,,,,,,,,,,,,,,,,1199.0395426670148,1199.0481436669943,1199.5335146250145,1199.5335146250145,1199.5335146250145,1199.6067463340005,1199.6067463340005,1199.6067463340005,1200.0371385420149,period,0.9800572500098497,None,1200.0372926249984,1200.0373477500107,None,,,,,,,,,,,,21040099,2,2026-01-15_12h12.40.477,tilt_mocs,2024.2.4,120.82791337127415,2026-01-15 12h12.52.410327 -0500,
2,-15.0,,689,689,0,,,,,100,0,,,,,c+2,negs,1.25,period,1.7877244580013212,None,None,,,,,,,,,,,0,689,689,501,1200.0491927920084,,,,,,,,,,,,,,,,,,,,,,,,,,,,,,,,,,,,,,,,,,,,,,,,,,,,,,,,,,,,,,,,,,,,,,1200.0403053339978,1200.0491927920084,1201.2842013339978,1201.2842013339978,1201.2842013339978,1201.3566093750123,1201.3566093750123,1201.3566093750123,1201.842410000012,period,1.7877244580013212,None,1201.842534958996,1201.8425933750113,None,,,,,,,,,,,,21040099,2,2026-01-15_12h12.40.477,tilt_mocs,2024.2.4,120.82791337127415,2026-01-15 12h12.52.410327 -0500,
-2,0.0,,690,690,0,,,,,0,100,,,,,c-2,noss,0.5,z,1.0199643330124673,None,None,,,,,,,,,,,0,690,690,552,1201.8538897090184,,,,,,,,,,,,,,,,,,,,,,,,,,,,,,,,,,,,,,,,,,,,,,,,,,,,,,,,,,,,,,,,,,,,,,1201.8447472090193,1201.8538897090184,1202.3437224590161,1202.3437224590161,1202.3437224590161,1202.4178975000104,1202.4178975000104,1202.4178975000104,1202.876255375013,z,1.0199643330124673,None,1202.876359292015,1202.8764004590048,None,,,,,,,,,,,,21040099,2,2026-01-15_12h12.40.477,tilt_mocs,2024.2.4,120.82791337127415,2026-01-15 12h12.52.410327 -0500,
-2,15.0,,691,691,0,,,,,100,0,,,,,c-2,poss,1.0,z,1.5076048339833505,None,None,,,,,,,,,,,0,691,691,22,1202.8872204170038,,,,,,,,,,,,,,,,,,,,,,,,,,,,,,,,,,,,,,,,,,,,,,,,,,,,,,,,,,,,,,,,,,,,,,1202.878360458999,1202.8872204170038,1203.8774127500074,1203.8774127500074,1203.8774127500074,1203.9514799590106,1203.9514799590106,1203.9514799590106,1204.404233875015,z,1.5076048339833505,None,1204.404469000001,1204.40457516702,None,,,,,,,,,,,,21040099,2,2026-01-15_12h12.40.477,tilt_mocs,2024.2.4,120.82791337127415,2026-01-15 12h12.52.410327 -0500,
-4,0.0,,692,692,0,,,,,0,100,,,,,c-4,noss,1.0,z,1.4361865419778042,None,None,,,,,,,,,,,0,692,692,527,1204.4164357090194,,,,,,,,,,,,,,,,,,,,,,,,,,,,,,,,,,,,,,,,,,,,,,,,,,,,,,,,,,,,,,,,,,,,,,1204.407207000011,1204.4164357090194,1205.4011163340183,1205.4011163340183,1205.4011163340183,1205.4732043340045,1205.4732043340045,1205.4732043340045,1205.8644760840107,z,1.4361865419778042,None,1205.8645809169975,1205.864623542002,None,,,,,,,,,,,,21040099,2,2026-01-15_12h12.40.477,tilt_mocs,2024.2.4,120.82791337127415,2026-01-15 12h12.52.410327 -0500,
4,15.0,,693,693,0,,,,,100,0,,,,,c+4,poss,0.75,z,1.2027464590210002,None,None,,,,,,,,,,,0,693,693,144,1205.8710589169932,,,,,,,,,,,,,,,,,,,,,,,,,,,,,,,,,,,,,,,,,,,,,,,,,,,,,,,,,,,,,,,,,,,,,,1205.866605084011,1205.8710589169932,1206.6108610840165,1206.6108610840165,1206.6108610840165,1206.6851754999952,1206.6851754999952,1206.6851754999952,1207.076447333995,z,1.2027464590210002,None,1207.076573917002,1207.0766240420053,None,,,,,,,,,,,,21040099,2,2026-01-15_12h12.40.477,tilt_mocs,2024.2.4,120.82791337127415,2026-01-15 12h12.52.410327 -0500,
6,15.0,,694,694,0,,,,,100,0,,,,,c+6,poss,1.25,period,1.9151650000130758,None,None,,,,,,,,,,,0,694,694,200,1207.0874687500182,,,,,,,,,,,,,,,,,,,,,,,,,,,,,,,,,,,,,,,,,,,,,,,,,,,,,,,,,,,,,,,,,,,,,,1207.0786637089914,1207.0874687500182,1208.3278091670072,1208.3278091670072,1208.3278091670072,1208.4016379170062,1208.4016379170062,1208.4016379170062,1209.0144893749966,period,1.9151650000130758,None,1209.0145902920049,1209.0146398340003,None,,,,,,,,,,,,21040099,2,2026-01-15_12h12.40.477,tilt_mocs,2024.2.4,120.82791337127415,2026-01-15 12h12.52.410327 -0500,
4,15.0,,695,695,0,,,,,100,0,,,,,c+4,poss,0.75,period,1.5876391669735312,None,None,,,,,,,,,,,0,695,695,147,1209.021028334013,,,,,,,,,,,,,,,,,,,,,,,,,,,,,,,,,,,,,,,,,,,,,,,,,,,,,,,,,,,,,,,,,,,,,,1209.016589042003,1209.021028334013,1209.7612890420132,1209.7612890420132,1209.7612890420132,1209.8352542089997,1209.8352542089997,1209.8352542089997,1210.6117691670079,period,1.5876391669735312,None,1210.6119083749945,1210.6119602090039,None,,,,,,,,,,,,21040099,2,2026-01-15_12h12.40.477,tilt_mocs,2024.2.4,120.82791337127415,2026-01-15 12h12.52.410327 -0500,
-8,-15.0,,696,696,0,,,,,100,0,,,,,c-8,negs,0.5,z,1.0206154999905266,None,None,,,,,,,,,,,0,696,696,256,1210.622009667015,,,,,,,,,,,,,,,,,,,,,,,,,,,,,,,,,,,,,,,,,,,,,,,,,,,,,,,,,,,,,,,,,,,,,,1210.6140725839941,1210.622009667015,1211.1107066250115,1211.1107066250115,1211.1107066250115,1211.1851124170062,1211.1851124170062,1211.1851124170062,1211.6538062090112,z,1.0206154999905266,None,1211.6539346250065,1211.6539866669918,None,,,,,,,,,,,,21040099,2,2026-01-15_12h12.40.477,tilt_mocs,2024.2.4,120.82791337127415,2026-01-15 12h12.52.410327 -0500,
4,0.0,,697,697,0,,,,,0,100,,,,,c+4,noss,0.75,period,1.304023042001063,None,None,,,,,,,,,,,0,697,697,688,1211.6649452089914,,,,,,,,,,,,,,,,,,,,,,,,,,,,,,,,,,,,,,,,,,,,,,,,,,,,,,,,,,,,,,,,,,,,,,1211.6564186250034,1211.6649452089914,1212.401268250018,1212.401268250018,1212.401268250018,1212.4734665839933,1212.4734665839933,1212.4734665839933,1212.972263083997,period,1.304023042001063,None,1212.9723999999987,1212.972452874994,None,,,,,,,,,,,,21040099,2,2026-01-15_12h12.40.477,tilt_mocs,2024.2.4,120.82791337127415,2026-01-15 12h12.52.410327 -0500,
0,0.0,,698,698,0,,,,,0,100,,,,,c+0,noss,1.25,z,2.1629861670080572,None,None,,,,,,,,,,,0,698,698,625,1212.983514874999,,,,,,,,,,,,,,,,,,,,,,,,,,,,,,,,,,,,,,,,,,,,,,,,,,,,,,,,,,,,,,,,,,,,,,1212.9750608339964,1212.983514874999,1214.2179840840108,1214.2179840840108,1214.2179840840108,1214.289711874997,1214.289711874997,1214.289711874997,1215.1542766249913,z,2.1629861670080572,None,1215.1544334590144,1215.1544856250111,None,,,,,,,,,,,,21040099,2,2026-01-15_12h12.40.477,tilt_mocs,2024.2.4,120.82791337127415,2026-01-15 12h12.52.410327 -0500,
0,0.0,,699,699,0,,,,,0,100,,,,,c+0,noss,1.0,z,1.8685406250006054,None,None,,,,,,,,,,,0,699,699,616,1215.1664939589973,,,,,,,,,,,,,,,,,,,,,,,,,,,,,,,,,,,,,,,,,,,,,,,,,,,,,,,,,,,,,,,,,,,,,,1215.1573210839997,1215.1664939589973,1216.151458709006,1216.151458709006,1216.151458709006,1216.2243919169996,1216.2243919169996,1216.2243919169996,1217.038158750016,z,1.8685406250006054,None,1217.0383216250048,1217.0384135420027,None,,,,,,,,,,,,21040099,2,2026-01-15_12h12.40.477,tilt_mocs,2024.2.4,120.82791337127415,2026-01-15 12h12.52.410327 -0500,
2,0.0,,700,700,0,,,,,0,100,,,,,c+2,noss,1.25,period,1.8633592920086812,None,None,,,,,,,,,,,0,700,700,669,1217.0499074590043,,,,,,,,,,,,,,,,,,,,,,,,,,,,,,,,,,,,,,,,,,,,,,,,,,,,,,,,,,,,,,,,,,,,,,1217.040802292002,1217.0499074590043,1218.284816875006,1218.284816875006,1218.284816875006,1218.3582437089935,1218.3582437089935,1218.3582437089935,1218.9208094170026,period,1.8633592920086812,None,1218.9209364170092,1218.9209867090103,None,,,,,,,,,,,,21040099,2,2026-01-15_12h12.40.477,tilt_mocs,2024.2.4,120.82791337127415,2026-01-15 12h12.52.410327 -0500,
2,0.0,,701,701,0,,,,,0,100,,,,,c+2,noss,0.5,period,0.9443286670139059,None,None,,,,,,,,,,,0,701,701,639,1218.9319956669933,,,,,,,,,,,,,,,,,,,,,,,,,,,,,,,,,,,,,,,,,,,,,,,,,,,,,,,,,,,,,,,,,,,,,,1218.9230657090084,1218.9319956669933,1219.4182248750003,1219.4182248750003,1219.4182248750003,1219.4898862919945,1219.4898862919945,1219.4898862919945,1219.8876885840145,period,0.9443286670139059,None,1219.887814125017,1219.8878658750036,None,,,,,,,,,,,,21040099,2,2026-01-15_12h12.40.477,tilt_mocs,2024.2.4,120.82791337127415,2026-01-15 12h12.52.410327 -0500,
-4,0.0,,702,702,0,,,,,0,100,,,,,c-4,noss,1.25,z,1.7367989999765996,None,None,,,,,,,,,,,0,702,702,545,1219.8986265420099,,,,,,,,,,,,,,,,,,,,,,,,,,,,,,,,,,,,,,,,,,,,,,,,,,,,,,,,,,,,,,,,,,,,,,1219.8900267920108,1219.8986265420099,1221.1348971670086,1221.1348971670086,1221.1348971670086,1221.2072510000144,1221.2072510000144,1221.2072510000144,1221.6382990840066,z,1.7367989999765996,None,1221.6384304590174,1221.6384833340126,None,,,,,,,,,,,,21040099,2,2026-01-15_12h12.40.477,tilt_mocs,2024.2.4,120.82791337127415,2026-01-15 12h12.52.410327 -0500,
-8,-15.0,,703,703,0,,,,,100,0,,,,,c-8,negs,0.75,z,1.1864946249988861,None,None,,,,,,,,,,,0,703,703,266,1221.64943816702,,,,,,,,,,,,,,,,,,,,,,,,,,,,,,,,,,,,,,,,,,,,,,,,,,,,,,,,,,,,,,,,,,,,,,1221.6405784170202,1221.64943816702,1222.3849910839926,1222.3849910839926,1222.3849910839926,1222.4571187090187,1222.4571187090187,1222.4571187090187,1222.8389790420188,z,1.1864946249988861,None,1222.8392366670014,1222.8393610000203,None,,,,,,,,,,,,21040099,2,2026-01-15_12h12.40.477,tilt_mocs,2024.2.4,120.82791337127415,2026-01-15 12h12.52.410327 -0500,
4,15.0,,704,704,0,,,,,100,0,,,,,c+4,poss,0.75,z,1.201277541986201,None,None,,,,,,,,,,,0,704,704,137,1222.8511344169965,,,,,,,,,,,,,,,,,,,,,,,,,,,,,,,,,,,,,,,,,,,,,,,,,,,,,,,,,,,,,,,,,,,,,,1222.841891167016,1222.8511344169965,1223.585104124999,1223.585104124999,1223.585104124999,1223.6578740840196,1223.6578740840196,1223.6578740840196,1224.0556136250088,z,1.201277541986201,None,1224.0557669590053,1224.0558189589938,None,,,,,,,,,,,,21040099,2,2026-01-15_12h12.40.477,tilt_mocs,2024.2.4,120.82791337127415,2026-01-15 12h12.52.410327 -0500,
-2,15.0,,705,705,0,,,,,100,0,,,,,c-2,poss,0.75,z,1.2359835829993244,None,None,,,,,,,,,,,0,705,705,18,1224.0676034170028,,,,,,,,,,,,,,,,,,,,,,,,,,,,,,,,,,,,,,,,,,,,,,,,,,,,,,,,,,,,,,,,,,,,,,1224.0584752919967,1224.0676034170028,1224.801798917004,1224.801798917004,1224.801798917004,1224.8746419590025,1224.8746419590025,1224.8746419590025,1225.3107395840052,z,1.2359835829993244,None,1225.3108764170029,1225.310931459011,None,,,,,,,,,,,,21040099,2,2026-01-15_12h12.40.477,tilt_mocs,2024.2.4,120.82791337127415,2026-01-15 12h12.52.410327 -0500,
8,15.0,,706,706,0,,,,,100,0,,,,,c+8,poss,1.25,period,1.7899738750129472,None,None,,,,,,,,,,,0,706,706,248,1225.3214040420135,,,,,,,,,,,,,,,,,,,,,,,,,,,,,,,,,,,,,,,,,,,,,,,,,,,,,,,,,,,,,,,,,,,,,,1225.313095874997,1225.3214040420135,1226.5614118340018,1226.5614118340018,1226.5614118340018,1226.6356902919943,1226.6356902919943,1226.6356902919943,1227.1215991670033,period,1.7899738750129472,None,1227.1217530420108,1227.121810542012,None,,,,,,,,,,,,21040099,2,2026-01-15_12h12.40.477,tilt_mocs,2024.2.4,120.82791337127415,2026-01-15 12h12.52.410327 -0500,
-4,-15.0,,707,707,0,,,,,100,0,,,,,c-4,negs,1.0,period,2.4991170830035117,None,None,,,,,,,,,,,0,707,707,358,1227.1330120000057,,,,,,,,,,,,,,,,,,,,,,,,,,,,,,,,,,,,,,,,,,,,,,,,,,,,,,,,,,,,,,,,,,,,,,1227.124166124995,1227.1330120000057,1228.1185371669999,1228.1185371669999,1228.1185371669999,1228.1909795000101,1228.1909795000101,1228.1909795000101,1229.637890834012,period,2.4991170830035117,None,1229.6380567919987,1229.6381911670032,None,,,,,,,,,,,,21040099,2,2026-01-15_12h12.40.477,tilt_mocs,2024.2.4,120.82791337127415,2026-01-15 12h12.52.410327 -0500,
-2,15.0,,708,708,0,,,,,100,0,,,,,c-2,poss,1.0,z,1.5035994589852635,None,None,,,,,,,,,,,0,708,708,29,1229.6500068750174,,,,,,,,,,,,,,,,,,,,,,,,,,,,,,,,,,,,,,,,,,,,,,,,,,,,,,,,,,,,,,,,,,,,,,1229.6406912920065,1229.6500068750174,1230.6353771669965,1230.6353771669965,1230.6353771669965,1230.707069875003,1230.707069875003,1230.707069875003,1231.1607829999994,z,1.5035994589852635,None,1231.1609395419946,1231.1610004169925,None,,,,,,,,,,,,21040099,2,2026-01-15_12h12.40.477,tilt_mocs,2024.2.4,120.82791337127415,2026-01-15 12h12.52.410327 -0500,
-8,-15.0,,709,709,0,,,,,100,0,,,,,c-8,negs,0.75,z,1.2229972089990042,None,None,,,,,,,,,,,0,709,709,270,1231.1720825000084,,,,,,,,,,,,,,,,,,,,,,,,,,,,,,,,,,,,,,,,,,,,,,,,,,,,,,,,,,,,,,,,,,,,,,1231.1636277500074,1231.1720825000084,1231.911032584001,1231.911032584001,1231.911032584001,1231.9856119170145,1231.9856119170145,1231.9856119170145,1232.4046948339965,z,1.2229972089990042,None,1232.4048247500032,1232.404880459013,None,,,,,,,,,,,,21040099,2,2026-01-15_12h12.40.477,tilt_mocs,2024.2.4,120.82791337127415,2026-01-15 12h12.52.410327 -0500,
8,15.0,,710,710,0,,,,,100,0,,,,,c+8,poss,1.0,period,1.5537427919916809,None,None,,,,,,,,,,,0,710,710,236,1232.4158176250057,,,,,,,,,,,,,,,,,,,,,,,,,,,,,,,,,,,,,,,,,,,,,,,,,,,,,,,,,,,,,,,,,,,,,,1232.4071342500101,1232.4158176250057,1233.4013304999971,1233.4013304999971,1233.4013304999971,1233.4738551250193,1233.4738551250193,1233.4738551250193,1233.9727069590008,period,1.5537427919916809,None,1233.9728761670121,1233.9729669170047,None,,,,,,,,,,,,21040099,2,2026-01-15_12h12.40.477,tilt_mocs,2024.2.4,120.82791337127415,2026-01-15 12h12.52.410327 -0500,
-4,-15.0,,711,711,0,,,,,100,0,,,,,c-4,negs,1.25,z,2.0082368329749443,None,None,,,,,,,,,,,0,711,711,377,1233.9846060840064,,,,,,,,,,,,,,,,,,,,,,,,,,,,,,,,,,,,,,,,,,,,,,,,,,,,,,,,,,,,,,,,,,,,,,1233.9754579169967,1233.9846060840064,1235.2187073340174,1235.2187073340174,1235.2187073340174,1235.290785084013,1235.290785084013,1235.290785084013,1235.995492667018,z,2.0082368329749443,None,1235.9956251250114,1235.9956781250075,None,,,,,,,,,,,,21040099,2,2026-01-15_12h12.40.477,tilt_mocs,2024.2.4,120.82791337127415,2026-01-15 12h12.52.410327 -0500,
-2,0.0,,712,712,0,,,,,0,100,,,,,c-2,noss,0.5,z,0.9819770839822013,None,None,,,,,,,,,,,0,712,712,549,1236.0061467920023,,,,,,,,,,,,,,,,,,,,,,,,,,,,,,,,,,,,,,,,,,,,,,,,,,,,,,,,,,,,,,,,,,,,,,1235.997670834011,1236.0061467920023,1236.495000666997,1236.495000666997,1236.495000666997,1236.5693019590108,1236.5693019590108,1236.5693019590108,1236.9947765420075,z,0.9819770839822013,None,1236.9949050839932,1236.9949560000096,None,,,,,,,,,,,,21040099,2,2026-01-15_12h12.40.477,tilt_mocs,2024.2.4,120.82791337127415,2026-01-15 12h12.52.410327 -0500,
4,0.0,,713,713,0,,,,,0,100,,,,,c+4,noss,0.5,period,1.3335992910142522,None,None,,,,,,,,,,,0,713,713,674,1237.0057006670104,,,,,,,,,,,,,,,,,,,,,,,,,,,,,,,,,,,,,,,,,,,,,,,,,,,,,,,,,,,,,,,,,,,,,,1236.9974104590074,1237.0057006670104,1237.4953144169995,1237.4953144169995,1237.4953144169995,1237.5694276250142,1237.5694276250142,1237.5694276250142,1238.3441159590147,period,1.3335992910142522,None,1238.3442143340071,1238.3442547089944,None,,,,,,,,,,,,21040099,2,2026-01-15_12h12.40.477,tilt_mocs,2024.2.4,120.82791337127415,2026-01-15 12h12.52.410327 -0500,
,,,,,,,,,,,,,,,,,,,,,,,,,,,,,,,,,,,,,,,,,,,,,,,,,,,,,,,,,,,,,,,,,,,,,,,,,,,,,,,,,,,,,,,,,,,,,,,,,,,,,,,,,,,,,,,,,,,,,,,,,,,,,,1238.3444054170104,1238.3549700840085,1238.3549700840085,1243.739304250019,space,5.381765625003027,None,21040099,2,2026-01-15_12h12.40.477,tilt_mocs,2024.2.4,120.82791337127415,2026-01-15 12h12.52.410327 -0500,
