12.7050 	WARNING 	Font Manager failed to load file /System/Library/PrivateFrameworks/FontServices.framework/Resources/Reserved/PingFangUI.ttc
13.5284 	WARNING 	Font Manager failed to load file /System/Library/PrivateFrameworks/FontServices.framework/Resources/Reserved/PingFangUI.ttc
14.1619 	WARNING 	Requested audio device '27B2' that is not available on this hardware. The 'audioDevice' preference should be one of ['MacBook Air Speakers']
19.4052 	INFO 	Loaded monitor calibration from ['2025_09_15 11:13']
19.6416 	EXP 	Created window1 = Window(allowGUI=False, allowStencil=False, autoLog=True, backendConf=UNKNOWN, backgroundFit=<method-wrapper '__getattribute__' of attributeSetter object at 0x1525ab490>, backgroundImage=<method-wrapper '__getattribute__' of attributeSetter object at 0x1525ab430>, bitsMode=UNKNOWN, blendMode='avg', bpc=(8, 8, 8), color=array([0, 0, 0]), colorSpace='rgb', depthBits=8, fullscr=True, gamma=None, gammaErrorPolicy='raise', infoMsg=UNKNOWN, lms=UNKNOWN, monitor=<psychopy.monitors.calibTools.Monitor object at 0x16411f790>, multiSample=False, name='window1', numSamples=2, pos=[0.0, 0.0], screen=0, size=array([2880, 1800]), stencilBits=0, stereo=False, title='PsychoPy', units='height', useFBO=True, useRetina=True, viewOri=0.0, viewPos=None, viewScale=None, waitBlanking=True, winType='pyglet')
19.6416 	EXP 	window1: backgroundImage = ''
19.6416 	EXP 	window1: backgroundFit = 'none'
19.6862 	EXP 	window1: Attempting to measure frame rate of screen (0) ...
19.6863 	EXP 	window1: recordFrameIntervals = False
19.8406 	EXP 	window1: recordFrameIntervals = True
20.2912 	EXP 	Screen (0) actual frame rate measured at 120.48Hz
20.2913 	EXP 	window1: recordFrameIntervals = False
23.2384 	INFO 	keyboard.Keyboard is using iohub backend.
23.2384 	INFO 	keyboard.Keyboard is using iohub backend.
23.2384 	INFO 	keyboard.Keyboard is using iohub backend.
23.2385 	INFO 	keyboard.Keyboard is using iohub backend.
23.2385 	INFO 	keyboard.Keyboard is using iohub backend.
23.2385 	INFO 	keyboard.Keyboard is using iohub backend.
23.2385 	INFO 	keyboard.Keyboard is using iohub backend.
23.2385 	INFO 	keyboard.Keyboard is using iohub backend.
23.2386 	INFO 	keyboard.Keyboard is using iohub backend.
23.2386 	INFO 	keyboard.Keyboard is using iohub backend.
23.2386 	INFO 	keyboard.Keyboard is using iohub backend.
23.2386 	EXP 	tilt_mocs: status = STARTED
23.2778 	EXP 	Created text_5 = TextStim(__class__=<class 'psychopy.visual.text.TextStim'>, alignHoriz=method-wrapper(...), alignText='center', alignVert=method-wrapper(...), anchorHoriz='center', anchorVert='center', antialias=True, autoDraw=False, autoLog=True, bold=False, color=array([1., 1., 1.]), colorSpace='rgb', contrast=1.0, depth=-1.0, draggable=False, flipHoriz=False, flipVert=False, font='Arial', fontFiles=[], height=0.05, italic=False, languageStyle='LTR', name='text_5', opacity=1, ori=0.0, pos=array([0., 0.]), rgb=UNKNOWN, text=str(...), units='height', win=Window(...), wrapWidth=1)
23.2802 	EXP 	Created surround_practice_example = GratingStim(__class__=<class 'psychopy.visual.grating.GratingStim'>, anchor='center', autoDraw=False, autoLog=True, blendmode='avg', color=array([0.2, 0.2, 0.2]), colorSpace='rgb', contrast=0.2, depth=-1.0, draggable=False, interpolate=True, mask='circle', maskParams=None, name='surround_practice_example', opacity=1, ori=1.0, phase=array([1., 1.]), pos=array([0., 0.]), rgbPedestal=array([0., 0., 0.]), sf=array([1., 1.]), size=array([1., 1.]), tex='sin', texRes=128.0, units='cm', win=Window(...))
23.2818 	EXP 	Created center_practice_example = GratingStim(__class__=<class 'psychopy.visual.grating.GratingStim'>, anchor='center', autoDraw=False, autoLog=True, blendmode='avg', color=array([1., 1., 1.]), colorSpace='rgb', contrast=1.0, depth=-2.0, draggable=False, interpolate=True, mask='circle', maskParams=None, name='center_practice_example', opacity=1, ori=1.0, phase=array([1., 1.]), pos=array([0., 0.]), rgbPedestal=array([0., 0., 0.]), sf=array([1., 1.]), size=array([1., 1.]), tex='sin', texRes=128.0, units='cm', win=Window(...))
23.2850 	EXP 	Created text_15 = TextStim(__class__=<class 'psychopy.visual.text.TextStim'>, alignHoriz=method-wrapper(...), alignText='center', alignVert=method-wrapper(...), anchorHoriz='center', anchorVert='center', antialias=True, autoDraw=False, autoLog=True, bold=False, color=array([1., 1., 1.]), colorSpace='rgb', contrast=1.0, depth=-3.0, draggable=False, flipHoriz=False, flipVert=False, font='Arial', fontFiles=[], height=0.05, italic=False, languageStyle='LTR', name='text_15', opacity=1, ori=0.0, pos=array([ 0. , -0.4]), rgb=UNKNOWN, text=str(...), units='height', win=Window(...), wrapWidth=1)
23.2903 	EXP 	Created text_6 = TextStim(__class__=<class 'psychopy.visual.text.TextStim'>, alignHoriz=method-wrapper(...), alignText='center', alignVert=method-wrapper(...), anchorHoriz='center', anchorVert='center', antialias=True, autoDraw=False, autoLog=True, bold=False, color=array([1., 1., 1.]), colorSpace='rgb', contrast=1.0, depth=0.0, draggable=False, flipHoriz=False, flipVert=False, font='Arial', fontFiles=[], height=0.05, italic=False, languageStyle='LTR', name='text_6', opacity=1, ori=0.0, pos=array([0., 0.]), rgb=UNKNOWN, text=str(...), units='height', win=Window(...), wrapWidth=1)
23.2919 	EXP 	Created surround_practice = GratingStim(__class__=<class 'psychopy.visual.grating.GratingStim'>, anchor='center', autoDraw=False, autoLog=True, blendmode='avg', color=array([0.2, 0.2, 0.2]), colorSpace='rgb', contrast=0.2, depth=-1.0, draggable=False, interpolate=True, mask='circle', maskParams=None, name='surround_practice', opacity=1, ori=1.0, phase=array([1., 1.]), pos=array([0., 0.]), rgbPedestal=array([0., 0., 0.]), sf=array([1., 1.]), size=array([1., 1.]), tex='sin', texRes=128.0, units='cm', win=Window(...))
23.2933 	EXP 	Created center_practice = GratingStim(__class__=<class 'psychopy.visual.grating.GratingStim'>, anchor='center', autoDraw=False, autoLog=True, blendmode='avg', color=array([1., 1., 1.]), colorSpace='rgb', contrast=1.0, depth=-2.0, draggable=False, interpolate=True, mask='circle', maskParams=None, name='center_practice', opacity=1, ori=1.0, phase=array([1., 1.]), pos=array([0., 0.]), rgbPedestal=array([0., 0., 0.]), sf=array([1., 1.]), size=array([1., 1.]), tex='sin', texRes=128.0, units='cm', win=Window(...))
23.2967 	EXP 	Created text_11 = TextStim(__class__=<class 'psychopy.visual.text.TextStim'>, alignHoriz=method-wrapper(...), alignText='center', alignVert=method-wrapper(...), anchorHoriz='center', anchorVert='center', antialias=True, autoDraw=False, autoLog=True, bold=False, color=array([1., 1., 1.]), colorSpace='rgb', contrast=1.0, depth=-4.0, draggable=False, flipHoriz=False, flipVert=False, font='Arial', fontFiles=[], height=0.05, italic=False, languageStyle='LTR', name='text_11', opacity=1, ori=0.0, pos=array([0., 0.]), rgb=UNKNOWN, text=str(...), units='height', win=Window(...), wrapWidth=1)
23.2972 	EXP 	Created text_7 = TextStim(__class__=<class 'psychopy.visual.text.TextStim'>, alignHoriz=method-wrapper(...), alignText='center', alignVert=method-wrapper(...), anchorHoriz='center', anchorVert='center', antialias=True, autoDraw=False, autoLog=True, bold=False, color=array([1., 1., 1.]), colorSpace='rgb', contrast=1.0, depth=-1.0, draggable=False, flipHoriz=False, flipVert=False, font='Arial', fontFiles=[], height=0.05, italic=False, languageStyle='LTR', name='text_7', opacity=1, ori=0.0, pos=array([0., 0.]), rgb=UNKNOWN, text='', units='height', win=Window(...), wrapWidth=1)
23.3037 	EXP 	Created text_8 = TextStim(__class__=<class 'psychopy.visual.text.TextStim'>, alignHoriz=method-wrapper(...), alignText='center', alignVert=method-wrapper(...), anchorHoriz='center', anchorVert='center', antialias=True, autoDraw=False, autoLog=True, bold=False, color=array([1., 1., 1.]), colorSpace='rgb', contrast=1.0, depth=0.0, draggable=False, flipHoriz=False, flipVert=False, font='Arial', fontFiles=[], height=0.05, italic=False, languageStyle='LTR', name='text_8', opacity=1, ori=0.0, pos=array([0., 0.]), rgb=UNKNOWN, text=str(...), units='height', win=Window(...), wrapWidth=1)
23.3045 	EXP 	Created noise_2 = NoiseStim(__class__=<class 'psychopy_visionscience.noise.NoiseStim'>, anchor='center', autoDraw=False, autoLog=True, blendmode='avg', color=array([0.15, 0.15, 0.15]), colorSpace='rgb', contrast=0.15, depth=0.0, draggable=False, interpolate=False, mask='none', maskParams=None, name='noise_2', opacity=1.0, ori=0.0, phase=array([0., 0.]), pos=array([0., 0.]), rgbPedestal=array([0., 0., 0.]), sf=array([0.1, 0.1]), size=array([6., 6.]), tex='sin', texRes=128, units='cm', win=Window(...))
23.3076 	DEPRECATION 	Requiring a square power of two (e.g. 16 x 16, 256 x 256) texture but didn't receive one
23.3079 	DEPRECATION 	Requiring a square power of two (e.g. 16 x 16, 256 x 256) texture but didn't receive one
23.3095 	EXP 	Created surround_practice_2 = GratingStim(__class__=<class 'psychopy.visual.grating.GratingStim'>, anchor='center', autoDraw=False, autoLog=True, blendmode='avg', color=array([0.2, 0.2, 0.2]), colorSpace='rgb', contrast=0.2, depth=-1.0, draggable=False, interpolate=True, mask='circle', maskParams=None, name='surround_practice_2', opacity=1.0, ori=1.0, phase=array([0., 0.]), pos=array([0., 0.]), rgbPedestal=array([0., 0., 0.]), sf=array([1., 1.]), size=array([1., 1.]), tex='sin', texRes=128.0, units='cm', win=Window(...))
23.3109 	EXP 	Created center_practice_2 = GratingStim(__class__=<class 'psychopy.visual.grating.GratingStim'>, anchor='center', autoDraw=False, autoLog=True, blendmode='avg', color=array([0.2, 0.2, 0.2]), colorSpace='rgb', contrast=0.2, depth=-2.0, draggable=False, interpolate=True, mask='circle', maskParams=None, name='center_practice_2', opacity=1, ori=1.0, phase=array([0., 0.]), pos=array([0., 0.]), rgbPedestal=array([0., 0., 0.]), sf=array([1., 1.]), size=array([2., 2.]), tex='sin', texRes=128.0, units='cm', win=Window(...))
23.3133 	EXP 	Created text_12 = TextStim(__class__=<class 'psychopy.visual.text.TextStim'>, alignHoriz=method-wrapper(...), alignText='center', alignVert=method-wrapper(...), anchorHoriz='center', anchorVert='center', antialias=True, autoDraw=False, autoLog=True, bold=False, color=array([1., 1., 1.]), colorSpace='rgb', contrast=1.0, depth=-4.0, draggable=False, flipHoriz=False, flipVert=False, font='Arial', fontFiles=[], height=0.05, italic=False, languageStyle='LTR', name='text_12', opacity=1, ori=0.0, pos=array([0., 0.]), rgb=UNKNOWN, text=str(...), units='height', win=Window(...), wrapWidth=1)
23.3137 	EXP 	Created text_16 = TextStim(__class__=<class 'psychopy.visual.text.TextStim'>, alignHoriz=method-wrapper(...), alignText='center', alignVert=method-wrapper(...), anchorHoriz='center', anchorVert='center', antialias=True, autoDraw=False, autoLog=True, bold=False, color=array([1., 1., 1.]), colorSpace='rgb', contrast=1.0, depth=-1.0, draggable=False, flipHoriz=False, flipVert=False, font='Arial', fontFiles=[], height=0.05, italic=False, languageStyle='LTR', name='text_16', opacity=1, ori=0.0, pos=array([0., 0.]), rgb=UNKNOWN, text='', units='height', win=Window(...), wrapWidth=1)
23.3234 	EXP 	Created text_13 = TextStim(__class__=<class 'psychopy.visual.text.TextStim'>, alignHoriz=method-wrapper(...), alignText='center', alignVert=method-wrapper(...), anchorHoriz='center', anchorVert='center', antialias=True, autoDraw=False, autoLog=True, bold=False, color=array([1., 1., 1.]), colorSpace='rgb', contrast=1.0, depth=0.0, draggable=False, flipHoriz=False, flipVert=False, font='Arial', fontFiles=[], height=0.05, italic=False, languageStyle='LTR', name='text_13', opacity=1, ori=0.0, pos=array([0., 0.]), rgb=UNKNOWN, text=str(...), units='height', win=Window(...), wrapWidth=1)
23.3241 	EXP 	Created noise_3 = NoiseStim(__class__=<class 'psychopy_visionscience.noise.NoiseStim'>, anchor='center', autoDraw=False, autoLog=True, blendmode='avg', color=array([0.15, 0.15, 0.15]), colorSpace='rgb', contrast=0.15, depth=0.0, draggable=False, interpolate=False, mask='none', maskParams=None, name='noise_3', opacity=1.0, ori=0.0, phase=array([0., 0.]), pos=array([0., 0.]), rgbPedestal=array([0., 0., 0.]), sf=array([0.1, 0.1]), size=array([6., 6.]), tex='sin', texRes=128, units='cm', win=Window(...))
23.3265 	DEPRECATION 	Requiring a square power of two (e.g. 16 x 16, 256 x 256) texture but didn't receive one
23.3267 	DEPRECATION 	Requiring a square power of two (e.g. 16 x 16, 256 x 256) texture but didn't receive one
23.3284 	EXP 	Created surround_grating = GratingStim(__class__=<class 'psychopy.visual.grating.GratingStim'>, anchor='center', autoDraw=False, autoLog=True, blendmode='avg', color=array([0.2, 0.2, 0.2]), colorSpace='rgb', contrast=0.2, depth=-2.0, draggable=False, interpolate=True, mask='circle', maskParams=None, name='surround_grating', opacity=1.0, ori=1.0, phase=array([1., 1.]), pos=array([0., 0.]), rgbPedestal=array([0., 0., 0.]), sf=array([1., 1.]), size=array([1., 1.]), tex='sin', texRes=128.0, units='cm', win=Window(...))
23.3299 	EXP 	Created center_grating = GratingStim(__class__=<class 'psychopy.visual.grating.GratingStim'>, anchor='center', autoDraw=False, autoLog=True, blendmode='avg', color=array([0.2, 0.2, 0.2]), colorSpace='rgb', contrast=0.2, depth=-3.0, draggable=False, interpolate=True, mask='circle', maskParams=None, name='center_grating', opacity=1, ori=1.0, phase=array([1., 1.]), pos=array([0., 0.]), rgbPedestal=array([0., 0., 0.]), sf=array([1., 1.]), size=array([1., 1.]), tex='sin', texRes=128.0, units='cm', win=Window(...))
23.3338 	EXP 	Created text_2 = TextStim(__class__=<class 'psychopy.visual.text.TextStim'>, alignHoriz=method-wrapper(...), alignText='center', alignVert=method-wrapper(...), anchorHoriz='center', anchorVert='center', antialias=True, autoDraw=False, autoLog=True, bold=False, color=array([1., 1., 1.]), colorSpace='rgb', contrast=1.0, depth=0.0, draggable=False, flipHoriz=False, flipVert=False, font='Arial', fontFiles=[], height=0.05, italic=False, languageStyle='LTR', name='text_2', opacity=1, ori=0.0, pos=array([0., 0.]), rgb=UNKNOWN, text=str(...), units='height', win=Window(...), wrapWidth=1)
23.3358 	EXP 	Created text_14 = TextStim(__class__=<class 'psychopy.visual.text.TextStim'>, alignHoriz=method-wrapper(...), alignText='center', alignVert=method-wrapper(...), anchorHoriz='center', anchorVert='center', antialias=True, autoDraw=False, autoLog=True, bold=False, color=array([1., 1., 1.]), colorSpace='rgb', contrast=1.0, depth=0.0, draggable=False, flipHoriz=False, flipVert=False, font='Arial', fontFiles=[], height=0.05, italic=False, languageStyle='LTR', name='text_14', opacity=1, ori=0.0, pos=array([0., 0.]), rgb=UNKNOWN, text='done!\n\nthank you and have a pleasant day ', units='height', win=Window(...), wrapWidth=1)
0.0088 	EXP 	noise_2: blendmode = 'avg'
0.0088 	EXP 	noise_2: mask = 'circle'
0.0088 	EXP 	noise_2: texRes = 128
0.0088 	EXP 	noise_2: noiseType = 'Binary'
0.0088 	EXP 	noise_2: noiseImage = None
0.0088 	EXP 	noise_2: noiseElementSize = [0.1]
0.0088 	EXP 	noise_2: noiseBaseSf = 8.0
0.0088 	EXP 	noise_2: noiseBW = 1.0
0.0088 	EXP 	noise_2: noiseBWO = 30.0
0.0088 	EXP 	noise_2: noiseFractalPower = 0.0
0.0088 	EXP 	noise_2: noiseFilterUpper = 8.0
0.0088 	EXP 	noise_2: noiseFilterLower = 1.0
0.0088 	EXP 	noise_2: noiseFilterOrder = 0.0
0.0088 	EXP 	noise_2: noiseClip = 3.0
0.0088 	EXP 	noise_2: filter = None
0.0088 	EXP 	noise_2: tex = <class 'numpy.ndarray'>
0.0088 	EXP 	noise_2: tex = <class 'numpy.ndarray'>
0.0088 	EXP 	noise_3: blendmode = 'avg'
0.0088 	EXP 	noise_3: mask = 'circle'
0.0088 	EXP 	noise_3: texRes = 128
0.0088 	EXP 	noise_3: noiseType = 'Binary'
0.0088 	EXP 	noise_3: noiseImage = None
0.0088 	EXP 	noise_3: noiseElementSize = [0.1]
0.0088 	EXP 	noise_3: noiseBaseSf = 8.0
0.0088 	EXP 	noise_3: noiseBW = 1.0
0.0088 	EXP 	noise_3: noiseBWO = 30.0
0.0088 	EXP 	noise_3: noiseFractalPower = 0.0
0.0088 	EXP 	noise_3: noiseFilterUpper = 8.0
0.0088 	EXP 	noise_3: noiseFilterLower = 1.0
0.0088 	EXP 	noise_3: noiseFilterOrder = 0.0
0.0088 	EXP 	noise_3: noiseClip = 3.0
0.0088 	EXP 	noise_3: filter = None
0.0088 	EXP 	noise_3: tex = <class 'numpy.ndarray'>
0.0088 	EXP 	noise_3: tex = <class 'numpy.ndarray'>
0.0166 	INFO 	Keyboard events cleared
0.0161 	EXP 	text_5: autoDraw = True
19.8343 	DATA 	Keypress: 2
50.5151 	DATA 	Keypress: space
50.5216 	INFO 	Keyboard events cleared
50.5210 	EXP 	text_5: autoDraw = False
50.5210 	EXP 	surround_practice_example: ori = -30.0
50.5210 	EXP 	surround_practice_example: sf = array([2.5, 2.5])
50.5210 	EXP 	surround_practice_example: phase = array([0., 0.])
50.5210 	EXP 	center_practice_example: ori = 15.0
50.5210 	EXP 	center_practice_example: sf = array([2.5, 2.5])
50.5210 	EXP 	center_practice_example: phase = array([0., 0.])
50.5210 	EXP 	surround_practice_example: autoDraw = True
50.5210 	EXP 	center_practice_example: autoDraw = True
50.5210 	EXP 	text_15: autoDraw = True
50.5210 	EXP 	surround_practice_example: tex = 'sin'
50.5210 	EXP 	center_practice_example: tex = 'sin'
56.3138 	DATA 	Keypress: period
56.3199 	INFO 	Keyboard events cleared
56.3193 	EXP 	surround_practice_example: autoDraw = False
56.3193 	EXP 	center_practice_example: autoDraw = False
56.3193 	EXP 	text_15: autoDraw = False
56.3193 	EXP 	text_6: autoDraw = True
72.2885 	EXP 	Imported tilt_practice_1.csv as conditions, 4 conditions, 3 params
72.2893 	EXP 	New trial (rep=0, index=0): <Trial 0 (0 in rep 0) data={'center': 30, 'surround': 0, 'correct': 'period', 'thisN': 0, 'thisTrialN': 0, 'thisRepN': 0}>
72.2938 	DATA 	Keypress: space
72.2996 	INFO 	Keyboard events cleared
72.2991 	EXP 	text_6: autoDraw = False
72.2991 	EXP 	surround_practice: ori = 0.0
72.2991 	EXP 	surround_practice: sf = array([2.5, 2.5])
72.2991 	EXP 	surround_practice: phase = array([0.87731174, 0.87731174])
72.2991 	EXP 	center_practice: ori = 30.0
72.2991 	EXP 	center_practice: sf = array([2.5, 2.5])
72.2991 	EXP 	center_practice: phase = array([0.29612039, 0.29612039])
72.7911 	EXP 	surround_practice: autoDraw = True
72.7911 	EXP 	center_practice: autoDraw = True
72.7911 	EXP 	surround_practice: tex = 'sin'
72.7911 	EXP 	center_practice: tex = 'sin'
73.7048 	DATA 	Keypress: period
73.7103 	EXP 	surround_practice: autoDraw = False
73.7103 	EXP 	center_practice: autoDraw = False
73.7103 	EXP 	text_11: autoDraw = False
73.7103 	EXP 	text_7: height = 0.05
73.7103 	EXP 	text_7: height = 0.05
73.7103 	EXP 	text_7: height = 0.05
73.7103 	EXP 	text_7: text = 'Correct'
73.7103 	EXP 	text_7: autoDraw = True
75.1971 	EXP 	New trial (rep=0, index=1): <Trial 1 (1 in rep 0) data={'center': -30, 'surround': 0, 'correct': 'z', 'thisN': 1, 'thisTrialN': 1, 'thisRepN': 0}>
75.2082 	INFO 	Keyboard events cleared
75.2077 	EXP 	text_7: autoDraw = False
75.2077 	EXP 	surround_practice: ori = 0.0
75.2077 	EXP 	surround_practice: sf = array([2.5, 2.5])
75.2077 	EXP 	surround_practice: phase = array([0.23869213, 0.23869213])
75.2077 	EXP 	center_practice: ori = -30.0
75.2077 	EXP 	center_practice: sf = array([2.5, 2.5])
75.2077 	EXP 	center_practice: phase = array([0.06284488, 0.06284488])
75.6912 	EXP 	surround_practice: autoDraw = True
75.6912 	EXP 	center_practice: autoDraw = True
76.2639 	DATA 	Keypress: z
76.2694 	EXP 	surround_practice: autoDraw = False
76.2694 	EXP 	center_practice: autoDraw = False
76.2694 	EXP 	text_11: autoDraw = False
76.2694 	EXP 	text_7: text = 'Correct'
76.2694 	EXP 	text_7: autoDraw = True
77.7592 	EXP 	New trial (rep=0, index=2): <Trial 2 (2 in rep 0) data={'center': 30, 'surround': 60, 'correct': 'period', 'thisN': 2, 'thisTrialN': 2, 'thisRepN': 0}>
77.7676 	INFO 	Keyboard events cleared
77.7671 	EXP 	text_7: autoDraw = False
77.7671 	EXP 	text_7: autoDraw = False
77.7671 	EXP 	surround_practice: ori = 60.0
77.7671 	EXP 	surround_practice: sf = array([2.5, 2.5])
77.7671 	EXP 	surround_practice: phase = array([0.99957399, 0.99957399])
77.7671 	EXP 	center_practice: ori = 30.0
77.7671 	EXP 	center_practice: sf = array([2.5, 2.5])
77.7671 	EXP 	center_practice: phase = array([0.4584321, 0.4584321])
78.2584 	EXP 	surround_practice: autoDraw = True
78.2584 	EXP 	center_practice: autoDraw = True
78.8527 	DATA 	Keypress: period
78.8579 	EXP 	surround_practice: autoDraw = False
78.8579 	EXP 	center_practice: autoDraw = False
78.8579 	EXP 	text_11: autoDraw = False
78.8579 	EXP 	text_7: text = 'Correct'
78.8579 	EXP 	text_7: autoDraw = True
80.3415 	EXP 	New trial (rep=0, index=3): <Trial 3 (3 in rep 0) data={'center': -30, 'surround': -60, 'correct': 'z', 'thisN': 3, 'thisTrialN': 3, 'thisRepN': 0}>
80.3490 	INFO 	Keyboard events cleared
80.3487 	EXP 	text_7: autoDraw = False
80.3487 	EXP 	text_7: autoDraw = False
80.3487 	EXP 	surround_practice: ori = -60.0
80.3487 	EXP 	surround_practice: sf = array([2.5, 2.5])
80.3487 	EXP 	surround_practice: phase = array([0.29826194, 0.29826194])
80.3487 	EXP 	center_practice: ori = -30.0
80.3487 	EXP 	center_practice: sf = array([2.5, 2.5])
80.3487 	EXP 	center_practice: phase = array([0.55407861, 0.55407861])
80.8501 	EXP 	surround_practice: autoDraw = True
80.8501 	EXP 	center_practice: autoDraw = True
81.4138 	DATA 	Keypress: z
81.4193 	EXP 	surround_practice: autoDraw = False
81.4193 	EXP 	center_practice: autoDraw = False
81.4193 	EXP 	text_11: autoDraw = False
81.4193 	EXP 	text_7: text = 'Correct'
81.4193 	EXP 	text_7: autoDraw = True
82.9187 	INFO 	Keyboard events cleared
82.9181 	EXP 	text_7: autoDraw = False
82.9181 	EXP 	text_7: autoDraw = False
82.9181 	EXP 	text_8: autoDraw = True
104.1728 	EXP 	Imported tilt_practice_2.csv as conditions, 6 conditions, 5 params
104.1732 	EXP 	New trial (rep=0, index=0): <Trial 0 (0 in rep 0) data={'center': -30, 'surround': -60, 'correct': 'z', 'orient_opacity': 100, 'noise_opacity': 0, 'thisN': 0, 'thisTrialN': 0, 'thisRepN': 0}>
104.1775 	DATA 	Keypress: space
104.1831 	INFO 	Keyboard events cleared
104.1827 	EXP 	text_8: autoDraw = False
104.1827 	EXP 	surround_practice_2: ori = -60.0
104.1827 	EXP 	surround_practice_2: sf = array([2.5, 2.5])
104.1827 	EXP 	center_practice_2: ori = -30.0
104.1827 	EXP 	center_practice_2: sf = array([2.5, 2.5])
104.6731 	EXP 	noise_2: autoDraw = True
104.6731 	EXP 	surround_practice_2: autoDraw = True
104.6731 	EXP 	center_practice_2: autoDraw = True
104.6731 	EXP 	surround_practice_2: tex = 'sin'
104.6731 	EXP 	center_practice_2: tex = 'sin'
104.7421 	EXP 	text_12: autoDraw = True
104.7474 	EXP 	noise_2: autoDraw = False
104.7474 	EXP 	surround_practice_2: autoDraw = False
104.7474 	EXP 	center_practice_2: autoDraw = False
111.7700 	DATA 	Keypress: period
111.7756 	EXP 	noise_2: autoDraw = False
111.7756 	EXP 	surround_practice_2: autoDraw = False
111.7756 	EXP 	center_practice_2: autoDraw = False
111.7756 	EXP 	text_12: autoDraw = False
111.7756 	EXP 	text_16: height = 0.05
111.7756 	EXP 	text_16: height = 0.05
111.7756 	EXP 	text_16: height = 0.05
111.7756 	EXP 	text_16: text = 'Incorrect'
111.7756 	EXP 	text_16: autoDraw = True
113.2605 	EXP 	New trial (rep=0, index=1): <Trial 1 (1 in rep 0) data={'center': -30, 'surround': 0, 'correct': 'z', 'orient_opacity': 100, 'noise_opacity': 0, 'thisN': 1, 'thisTrialN': 1, 'thisRepN': 0}>
113.2681 	INFO 	Keyboard events cleared
113.2677 	EXP 	text_16: autoDraw = False
113.2677 	EXP 	text_16: autoDraw = False
113.2677 	EXP 	surround_practice_2: ori = 0.0
113.2677 	EXP 	surround_practice_2: sf = array([2.5, 2.5])
113.2677 	EXP 	center_practice_2: ori = -30.0
113.2677 	EXP 	center_practice_2: sf = array([2.5, 2.5])
113.7593 	EXP 	noise_2: autoDraw = True
113.7593 	EXP 	surround_practice_2: autoDraw = True
113.7593 	EXP 	center_practice_2: autoDraw = True
113.8326 	EXP 	noise_2: autoDraw = False
113.8326 	EXP 	surround_practice_2: autoDraw = False
113.8326 	EXP 	center_practice_2: autoDraw = False
113.8326 	EXP 	text_12: autoDraw = True
114.5530 	DATA 	Keypress: z
114.5586 	EXP 	noise_2: autoDraw = False
114.5586 	EXP 	surround_practice_2: autoDraw = False
114.5586 	EXP 	center_practice_2: autoDraw = False
114.5586 	EXP 	text_12: autoDraw = False
114.5586 	EXP 	text_16: height = 0.05
114.5586 	EXP 	text_16: height = 0.05
114.5586 	EXP 	text_16: height = 0.05
114.5586 	EXP 	text_16: text = 'Correct'
114.5586 	EXP 	text_16: autoDraw = True
116.0441 	EXP 	New trial (rep=0, index=2): <Trial 2 (2 in rep 0) data={'center': 30, 'surround': 60, 'correct': 'period', 'orient_opacity': 100, 'noise_opacity': 0, 'thisN': 2, 'thisTrialN': 2, 'thisRepN': 0}>
116.0521 	INFO 	Keyboard events cleared
116.0517 	EXP 	text_16: autoDraw = False
116.0517 	EXP 	text_16: autoDraw = False
116.0517 	EXP 	surround_practice_2: ori = 60.0
116.0517 	EXP 	surround_practice_2: sf = array([2.5, 2.5])
116.0517 	EXP 	center_practice_2: ori = 30.0
116.0517 	EXP 	center_practice_2: sf = array([2.5, 2.5])
116.5418 	EXP 	noise_2: autoDraw = True
116.5418 	EXP 	surround_practice_2: autoDraw = True
116.5418 	EXP 	center_practice_2: autoDraw = True
116.6153 	EXP 	noise_2: autoDraw = False
116.6153 	EXP 	surround_practice_2: autoDraw = False
116.6153 	EXP 	center_practice_2: autoDraw = False
116.6153 	EXP 	text_12: autoDraw = True
117.1499 	DATA 	Keypress: period
117.1558 	EXP 	noise_2: autoDraw = False
117.1558 	EXP 	surround_practice_2: autoDraw = False
117.1558 	EXP 	center_practice_2: autoDraw = False
117.1558 	EXP 	text_12: autoDraw = False
117.1558 	EXP 	text_16: text = 'Correct'
117.1558 	EXP 	text_16: autoDraw = True
118.6441 	EXP 	New trial (rep=0, index=3): <Trial 3 (3 in rep 0) data={'center': 30, 'surround': 0, 'correct': 'period', 'orient_opacity': 100, 'noise_opacity': 0, 'thisN': 3, 'thisTrialN': 3, 'thisRepN': 0}>
118.6519 	INFO 	Keyboard events cleared
118.6515 	EXP 	text_16: autoDraw = False
118.6515 	EXP 	text_16: autoDraw = False
118.6515 	EXP 	surround_practice_2: ori = 0.0
118.6515 	EXP 	surround_practice_2: sf = array([2.5, 2.5])
118.6515 	EXP 	center_practice_2: ori = 30.0
118.6515 	EXP 	center_practice_2: sf = array([2.5, 2.5])
119.1421 	EXP 	noise_2: autoDraw = True
119.1421 	EXP 	surround_practice_2: autoDraw = True
119.1421 	EXP 	center_practice_2: autoDraw = True
119.2158 	EXP 	noise_2: autoDraw = False
119.2158 	EXP 	surround_practice_2: autoDraw = False
119.2158 	EXP 	center_practice_2: autoDraw = False
119.2158 	EXP 	text_12: autoDraw = True
119.6994 	DATA 	Keypress: period
119.7049 	EXP 	noise_2: autoDraw = False
119.7049 	EXP 	surround_practice_2: autoDraw = False
119.7049 	EXP 	center_practice_2: autoDraw = False
119.7049 	EXP 	text_12: autoDraw = False
119.7049 	EXP 	text_16: text = 'Correct'
119.7049 	EXP 	text_16: autoDraw = True
121.1941 	EXP 	New trial (rep=0, index=4): <Trial 4 (4 in rep 0) data={'center': -30, 'surround': 69, 'correct': 'z', 'orient_opacity': 0, 'noise_opacity': 100, 'thisN': 4, 'thisTrialN': 4, 'thisRepN': 0}>
121.2016 	INFO 	Keyboard events cleared
121.2012 	EXP 	text_16: autoDraw = False
121.2012 	EXP 	text_16: autoDraw = False
121.2012 	EXP 	surround_practice_2: ori = 69.0
121.2012 	EXP 	surround_practice_2: sf = array([2.5, 2.5])
121.2012 	EXP 	center_practice_2: ori = -30.0
121.2012 	EXP 	center_practice_2: sf = array([2.5, 2.5])
121.6929 	EXP 	noise_2: autoDraw = True
121.6929 	EXP 	surround_practice_2: autoDraw = True
121.6929 	EXP 	center_practice_2: autoDraw = True
121.7663 	EXP 	noise_2: autoDraw = False
121.7663 	EXP 	surround_practice_2: autoDraw = False
121.7663 	EXP 	center_practice_2: autoDraw = False
121.7663 	EXP 	text_12: autoDraw = True
122.3669 	DATA 	Keypress: z
122.3724 	EXP 	noise_2: autoDraw = False
122.3724 	EXP 	surround_practice_2: autoDraw = False
122.3724 	EXP 	center_practice_2: autoDraw = False
122.3724 	EXP 	text_12: autoDraw = False
122.3724 	EXP 	text_16: text = 'Correct'
122.3724 	EXP 	text_16: autoDraw = True
123.8613 	EXP 	New trial (rep=0, index=5): <Trial 5 (5 in rep 0) data={'center': 30, 'surround': 69, 'correct': 'period', 'orient_opacity': 0, 'noise_opacity': 100, 'thisN': 5, 'thisTrialN': 5, 'thisRepN': 0}>
123.8692 	INFO 	Keyboard events cleared
123.8687 	EXP 	text_16: autoDraw = False
123.8687 	EXP 	text_16: autoDraw = False
123.8687 	EXP 	surround_practice_2: ori = 69.0
123.8687 	EXP 	surround_practice_2: sf = array([2.5, 2.5])
123.8687 	EXP 	center_practice_2: ori = 30.0
123.8687 	EXP 	center_practice_2: sf = array([2.5, 2.5])
124.3598 	EXP 	noise_2: autoDraw = True
124.3598 	EXP 	surround_practice_2: autoDraw = True
124.3598 	EXP 	center_practice_2: autoDraw = True
124.4328 	EXP 	noise_2: autoDraw = False
124.4328 	EXP 	surround_practice_2: autoDraw = False
124.4328 	EXP 	center_practice_2: autoDraw = False
124.4328 	EXP 	text_12: autoDraw = True
124.8325 	DATA 	Keypress: period
124.8380 	EXP 	noise_2: autoDraw = False
124.8380 	EXP 	surround_practice_2: autoDraw = False
124.8380 	EXP 	center_practice_2: autoDraw = False
124.8380 	EXP 	text_12: autoDraw = False
124.8380 	EXP 	text_16: text = 'Correct'
124.8380 	EXP 	text_16: autoDraw = True
126.3363 	INFO 	Keyboard events cleared
126.3356 	EXP 	text_16: autoDraw = False
126.3356 	EXP 	text_16: autoDraw = False
126.3356 	EXP 	text_13: autoDraw = True
174.1596 	EXP 	Imported mocs_stims_fixed_42.csv as conditions, 714 conditions, 7 params
174.1631 	EXP 	New trial (rep=0, index=0): <Trial 0 (0 in rep 0) data={'center': 2, 'surround': 15.0, 'type': 'c+2', 'surr_type': 'poss', 'orient_opacity': 100, 'noise_opacity': 0, 'isi': 1.25, 'thisN': 0, 'thisTrialN': 0, 'thisRepN': 0}>
174.1657 	DATA 	Keypress: space
174.1710 	INFO 	Keyboard events cleared
174.1706 	EXP 	text_13: autoDraw = False
174.1706 	EXP 	surround_grating: ori = 15.0
174.1706 	EXP 	surround_grating: sf = array([2.5, 2.5])
174.1706 	EXP 	surround_grating: phase = array([0.87633031, 0.87633031])
174.1706 	EXP 	center_grating: ori = 2.0
174.1706 	EXP 	center_grating: sf = array([2.5, 2.5])
174.1706 	EXP 	center_grating: phase = array([0.75869685, 0.75869685])
175.2822 	EXP 	noise_3: autoDraw = True
175.2822 	EXP 	surround_grating: autoDraw = True
175.2822 	EXP 	center_grating: autoDraw = True
175.2822 	EXP 	surround_grating: tex = 'sin'
175.2822 	EXP 	center_grating: tex = 'sin'
175.3506 	EXP 	noise_3: autoDraw = False
175.3506 	EXP 	surround_grating: autoDraw = False
175.3506 	EXP 	center_grating: autoDraw = False
176.3988 	EXP 	New trial (rep=0, index=1): <Trial 1 (1 in rep 0) data={'center': -4, 'surround': -15.0, 'type': 'c-4', 'surr_type': 'negs', 'orient_opacity': 100, 'noise_opacity': 0, 'isi': 1.25, 'thisN': 1, 'thisTrialN': 1, 'thisRepN': 0}>
176.4042 	DATA 	Keypress: period
176.4103 	INFO 	Keyboard events cleared
176.4097 	EXP 	noise_3: autoDraw = False
176.4097 	EXP 	surround_grating: autoDraw = False
176.4097 	EXP 	center_grating: autoDraw = False
176.4097 	EXP 	text_2: autoDraw = False
176.4097 	EXP 	surround_grating: ori = -15.0
176.4097 	EXP 	surround_grating: sf = array([2.5, 2.5])
176.4097 	EXP 	surround_grating: phase = array([0.9196242, 0.9196242])
176.4097 	EXP 	center_grating: ori = -4.0
176.4097 	EXP 	center_grating: sf = array([2.5, 2.5])
176.4097 	EXP 	center_grating: phase = array([0.456631, 0.456631])
177.6450 	EXP 	noise_3: autoDraw = True
177.6450 	EXP 	surround_grating: autoDraw = True
177.6450 	EXP 	center_grating: autoDraw = True
177.7171 	EXP 	noise_3: autoDraw = False
177.7171 	EXP 	surround_grating: autoDraw = False
177.7171 	EXP 	center_grating: autoDraw = False
178.6492 	EXP 	New trial (rep=0, index=2): <Trial 2 (2 in rep 0) data={'center': -8, 'surround': -15.0, 'type': 'c-8', 'surr_type': 'negs', 'orient_opacity': 100, 'noise_opacity': 0, 'isi': 1.25, 'thisN': 2, 'thisTrialN': 2, 'thisRepN': 0}>
178.6547 	DATA 	Keypress: z
178.6607 	INFO 	Keyboard events cleared
178.6602 	EXP 	noise_3: autoDraw = False
178.6602 	EXP 	surround_grating: autoDraw = False
178.6602 	EXP 	center_grating: autoDraw = False
178.6602 	EXP 	text_2: autoDraw = False
178.6602 	EXP 	surround_grating: ori = -15.0
178.6602 	EXP 	surround_grating: sf = array([2.5, 2.5])
178.6602 	EXP 	surround_grating: phase = array([0.42553333, 0.42553333])
178.6602 	EXP 	center_grating: ori = -8.0
178.6602 	EXP 	center_grating: sf = array([2.5, 2.5])
178.6602 	EXP 	center_grating: phase = array([0.04215225, 0.04215225])
179.8950 	EXP 	noise_3: autoDraw = True
179.8950 	EXP 	surround_grating: autoDraw = True
179.8950 	EXP 	center_grating: autoDraw = True
179.9675 	EXP 	noise_3: autoDraw = False
179.9675 	EXP 	surround_grating: autoDraw = False
179.9675 	EXP 	center_grating: autoDraw = False
180.6869 	EXP 	New trial (rep=0, index=3): <Trial 3 (3 in rep 0) data={'center': -6, 'surround': -15.0, 'type': 'c-6', 'surr_type': 'negs', 'orient_opacity': 100, 'noise_opacity': 0, 'isi': 1.25, 'thisN': 3, 'thisTrialN': 3, 'thisRepN': 0}>
180.6922 	DATA 	Keypress: z
180.6983 	INFO 	Keyboard events cleared
180.6978 	EXP 	noise_3: autoDraw = False
180.6978 	EXP 	surround_grating: autoDraw = False
180.6978 	EXP 	center_grating: autoDraw = False
180.6978 	EXP 	text_2: autoDraw = False
180.6978 	EXP 	surround_grating: ori = -15.0
180.6978 	EXP 	surround_grating: sf = array([2.5, 2.5])
180.6978 	EXP 	surround_grating: phase = array([0.06352344, 0.06352344])
180.6978 	EXP 	center_grating: ori = -6.0
180.6978 	EXP 	center_grating: sf = array([2.5, 2.5])
180.6978 	EXP 	center_grating: phase = array([0.68193525, 0.68193525])
181.9383 	EXP 	noise_3: autoDraw = True
181.9383 	EXP 	surround_grating: autoDraw = True
181.9383 	EXP 	center_grating: autoDraw = True
182.0124 	EXP 	noise_3: autoDraw = False
182.0124 	EXP 	surround_grating: autoDraw = False
182.0124 	EXP 	center_grating: autoDraw = False
183.0152 	EXP 	New trial (rep=0, index=4): <Trial 4 (4 in rep 0) data={'center': 2, 'surround': -15.0, 'type': 'c+2', 'surr_type': 'negs', 'orient_opacity': 100, 'noise_opacity': 0, 'isi': 1.25, 'thisN': 4, 'thisTrialN': 4, 'thisRepN': 0}>
183.0206 	DATA 	Keypress: z
183.0265 	INFO 	Keyboard events cleared
183.0261 	EXP 	noise_3: autoDraw = False
183.0261 	EXP 	surround_grating: autoDraw = False
183.0261 	EXP 	center_grating: autoDraw = False
183.0261 	EXP 	text_2: autoDraw = False
183.0261 	EXP 	surround_grating: ori = -15.0
183.0261 	EXP 	surround_grating: sf = array([2.5, 2.5])
183.0261 	EXP 	surround_grating: phase = array([0.63035641, 0.63035641])
183.0261 	EXP 	center_grating: ori = 2.0
183.0261 	EXP 	center_grating: sf = array([2.5, 2.5])
183.0261 	EXP 	center_grating: phase = array([0.50888559, 0.50888559])
184.2612 	EXP 	noise_3: autoDraw = True
184.2612 	EXP 	surround_grating: autoDraw = True
184.2612 	EXP 	center_grating: autoDraw = True
184.3349 	EXP 	noise_3: autoDraw = False
184.3349 	EXP 	surround_grating: autoDraw = False
184.3349 	EXP 	center_grating: autoDraw = False
184.9163 	EXP 	New trial (rep=0, index=5): <Trial 5 (5 in rep 0) data={'center': 4, 'surround': 0.0, 'type': 'c+4', 'surr_type': 'noss', 'orient_opacity': 0, 'noise_opacity': 100, 'isi': 0.5, 'thisN': 5, 'thisTrialN': 5, 'thisRepN': 0}>
184.9215 	DATA 	Keypress: period
184.9275 	INFO 	Keyboard events cleared
184.9270 	EXP 	noise_3: autoDraw = False
184.9270 	EXP 	surround_grating: autoDraw = False
184.9270 	EXP 	center_grating: autoDraw = False
184.9270 	EXP 	text_2: autoDraw = False
184.9270 	EXP 	surround_grating: ori = 0.0
184.9270 	EXP 	surround_grating: sf = array([2.5, 2.5])
184.9270 	EXP 	surround_grating: phase = array([0.04968864, 0.04968864])
184.9270 	EXP 	center_grating: ori = 4.0
184.9270 	EXP 	center_grating: sf = array([2.5, 2.5])
184.9270 	EXP 	center_grating: phase = array([0.85596451, 0.85596451])
185.4118 	EXP 	noise_3: autoDraw = True
185.4118 	EXP 	surround_grating: autoDraw = True
185.4118 	EXP 	center_grating: autoDraw = True
185.4839 	EXP 	noise_3: autoDraw = False
185.4839 	EXP 	surround_grating: autoDraw = False
185.4839 	EXP 	center_grating: autoDraw = False
185.9879 	EXP 	New trial (rep=0, index=6): <Trial 6 (6 in rep 0) data={'center': 2, 'surround': 0.0, 'type': 'c+2', 'surr_type': 'noss', 'orient_opacity': 0, 'noise_opacity': 100, 'isi': 0.5, 'thisN': 6, 'thisTrialN': 6, 'thisRepN': 0}>
185.9934 	DATA 	Keypress: period
185.9989 	INFO 	Keyboard events cleared
185.9982 	EXP 	noise_3: autoDraw = False
185.9982 	EXP 	surround_grating: autoDraw = False
185.9982 	EXP 	center_grating: autoDraw = False
185.9982 	EXP 	text_2: autoDraw = False
185.9982 	EXP 	surround_grating: ori = 0.0
185.9982 	EXP 	surround_grating: sf = array([2.5, 2.5])
185.9982 	EXP 	surround_grating: phase = array([0.37400934, 0.37400934])
185.9982 	EXP 	center_grating: ori = 2.0
185.9982 	EXP 	center_grating: sf = array([2.5, 2.5])
185.9982 	EXP 	center_grating: phase = array([0.96390767, 0.96390767])
186.4883 	EXP 	noise_3: autoDraw = True
186.4883 	EXP 	surround_grating: autoDraw = True
186.4883 	EXP 	center_grating: autoDraw = True
186.5628 	EXP 	noise_3: autoDraw = False
186.5628 	EXP 	surround_grating: autoDraw = False
186.5628 	EXP 	center_grating: autoDraw = False
186.9880 	EXP 	New trial (rep=0, index=7): <Trial 7 (7 in rep 0) data={'center': 2, 'surround': 15.0, 'type': 'c+2', 'surr_type': 'poss', 'orient_opacity': 100, 'noise_opacity': 0, 'isi': 1.0, 'thisN': 7, 'thisTrialN': 7, 'thisRepN': 0}>
186.9932 	DATA 	Keypress: period
186.9989 	INFO 	Keyboard events cleared
186.9984 	EXP 	noise_3: autoDraw = False
186.9984 	EXP 	surround_grating: autoDraw = False
186.9984 	EXP 	center_grating: autoDraw = False
186.9984 	EXP 	text_2: autoDraw = False
186.9984 	EXP 	surround_grating: ori = 15.0
186.9984 	EXP 	surround_grating: sf = array([2.5, 2.5])
186.9984 	EXP 	surround_grating: phase = array([0.97288867, 0.97288867])
186.9984 	EXP 	center_grating: ori = 2.0
186.9984 	EXP 	center_grating: sf = array([2.5, 2.5])
186.9984 	EXP 	center_grating: phase = array([0.22919817, 0.22919817])
187.9890 	EXP 	noise_3: autoDraw = True
187.9890 	EXP 	surround_grating: autoDraw = True
187.9890 	EXP 	center_grating: autoDraw = True
188.0627 	EXP 	noise_3: autoDraw = False
188.0627 	EXP 	surround_grating: autoDraw = False
188.0627 	EXP 	center_grating: autoDraw = False
189.2711 	EXP 	New trial (rep=0, index=8): <Trial 8 (8 in rep 0) data={'center': 2, 'surround': 0.0, 'type': 'c+2', 'surr_type': 'noss', 'orient_opacity': 0, 'noise_opacity': 100, 'isi': 1.25, 'thisN': 8, 'thisTrialN': 8, 'thisRepN': 0}>
189.2762 	DATA 	Keypress: period
189.2825 	INFO 	Keyboard events cleared
189.2819 	EXP 	noise_3: autoDraw = False
189.2819 	EXP 	surround_grating: autoDraw = False
189.2819 	EXP 	center_grating: autoDraw = False
189.2819 	EXP 	text_2: autoDraw = False
189.2819 	EXP 	surround_grating: ori = 0.0
189.2819 	EXP 	surround_grating: sf = array([2.5, 2.5])
189.2819 	EXP 	surround_grating: phase = array([0.7672529, 0.7672529])
189.2819 	EXP 	center_grating: ori = 2.0
189.2819 	EXP 	center_grating: sf = array([2.5, 2.5])
189.2819 	EXP 	center_grating: phase = array([0.51036224, 0.51036224])
190.5222 	EXP 	noise_3: autoDraw = True
190.5222 	EXP 	surround_grating: autoDraw = True
190.5222 	EXP 	center_grating: autoDraw = True
190.5960 	EXP 	noise_3: autoDraw = False
190.5960 	EXP 	surround_grating: autoDraw = False
190.5960 	EXP 	center_grating: autoDraw = False
191.0856 	DATA 	Keypress: period
191.0928 	EXP 	New trial (rep=0, index=9): <Trial 9 (9 in rep 0) data={'center': 4, 'surround': 0.0, 'type': 'c+4', 'surr_type': 'noss', 'orient_opacity': 0, 'noise_opacity': 100, 'isi': 1.0, 'thisN': 9, 'thisTrialN': 9, 'thisRepN': 0}>
191.0998 	INFO 	Keyboard events cleared
191.0994 	EXP 	noise_3: autoDraw = False
191.0994 	EXP 	surround_grating: autoDraw = False
191.0994 	EXP 	center_grating: autoDraw = False
191.0994 	EXP 	text_2: autoDraw = False
191.0994 	EXP 	surround_grating: ori = 0.0
191.0994 	EXP 	surround_grating: sf = array([2.5, 2.5])
191.0994 	EXP 	surround_grating: phase = array([0.02476797, 0.02476797])
191.0994 	EXP 	center_grating: ori = 4.0
191.0994 	EXP 	center_grating: sf = array([2.5, 2.5])
191.0994 	EXP 	center_grating: phase = array([0.36161254, 0.36161254])
192.0880 	EXP 	noise_3: autoDraw = True
192.0880 	EXP 	surround_grating: autoDraw = True
192.0880 	EXP 	center_grating: autoDraw = True
192.1625 	EXP 	noise_3: autoDraw = False
192.1625 	EXP 	surround_grating: autoDraw = False
192.1625 	EXP 	center_grating: autoDraw = False
192.6220 	EXP 	New trial (rep=0, index=10): <Trial 10 (10 in rep 0) data={'center': 0, 'surround': -15.0, 'type': 'c+0', 'surr_type': 'negs', 'orient_opacity': 100, 'noise_opacity': 0, 'isi': 1.0, 'thisN': 10, 'thisTrialN': 10, 'thisRepN': 0}>
192.6271 	DATA 	Keypress: period
192.6326 	INFO 	Keyboard events cleared
192.6321 	EXP 	noise_3: autoDraw = False
192.6321 	EXP 	surround_grating: autoDraw = False
192.6321 	EXP 	center_grating: autoDraw = False
192.6321 	EXP 	text_2: autoDraw = False
192.6321 	EXP 	surround_grating: ori = -15.0
192.6321 	EXP 	surround_grating: sf = array([2.5, 2.5])
192.6321 	EXP 	surround_grating: phase = array([0.66700912, 0.66700912])
192.6321 	EXP 	center_grating: ori = 0.0
192.6321 	EXP 	center_grating: sf = array([2.5, 2.5])
192.6321 	EXP 	center_grating: phase = array([0.55020823, 0.55020823])
193.6211 	EXP 	noise_3: autoDraw = True
193.6211 	EXP 	surround_grating: autoDraw = True
193.6211 	EXP 	center_grating: autoDraw = True
193.6962 	EXP 	noise_3: autoDraw = False
193.6962 	EXP 	surround_grating: autoDraw = False
193.6962 	EXP 	center_grating: autoDraw = False
194.3988 	EXP 	New trial (rep=0, index=11): <Trial 11 (11 in rep 0) data={'center': 8, 'surround': 15.0, 'type': 'c+8', 'surr_type': 'poss', 'orient_opacity': 100, 'noise_opacity': 0, 'isi': 1.0, 'thisN': 11, 'thisTrialN': 11, 'thisRepN': 0}>
194.4045 	DATA 	Keypress: period
194.4103 	INFO 	Keyboard events cleared
194.4099 	EXP 	noise_3: autoDraw = False
194.4099 	EXP 	surround_grating: autoDraw = False
194.4099 	EXP 	center_grating: autoDraw = False
194.4099 	EXP 	text_2: autoDraw = False
194.4099 	EXP 	surround_grating: ori = 15.0
194.4099 	EXP 	surround_grating: sf = array([2.5, 2.5])
194.4099 	EXP 	surround_grating: phase = array([0.47820405, 0.47820405])
194.4099 	EXP 	center_grating: ori = 8.0
194.4099 	EXP 	center_grating: sf = array([2.5, 2.5])
194.4099 	EXP 	center_grating: phase = array([0.70007266, 0.70007266])
195.3957 	EXP 	noise_3: autoDraw = True
195.3957 	EXP 	surround_grating: autoDraw = True
195.3957 	EXP 	center_grating: autoDraw = True
195.4685 	EXP 	noise_3: autoDraw = False
195.4685 	EXP 	surround_grating: autoDraw = False
195.4685 	EXP 	center_grating: autoDraw = False
196.0221 	EXP 	New trial (rep=0, index=12): <Trial 12 (12 in rep 0) data={'center': 2, 'surround': -15.0, 'type': 'c+2', 'surr_type': 'negs', 'orient_opacity': 100, 'noise_opacity': 0, 'isi': 0.75, 'thisN': 12, 'thisTrialN': 12, 'thisRepN': 0}>
196.0274 	DATA 	Keypress: period
196.0329 	INFO 	Keyboard events cleared
196.0323 	EXP 	noise_3: autoDraw = False
196.0323 	EXP 	surround_grating: autoDraw = False
196.0323 	EXP 	center_grating: autoDraw = False
196.0323 	EXP 	text_2: autoDraw = False
196.0323 	EXP 	surround_grating: ori = -15.0
196.0323 	EXP 	surround_grating: sf = array([2.5, 2.5])
196.0323 	EXP 	surround_grating: phase = array([0.52719786, 0.52719786])
196.0323 	EXP 	center_grating: ori = 2.0
196.0323 	EXP 	center_grating: sf = array([2.5, 2.5])
196.0323 	EXP 	center_grating: phase = array([0.09444337, 0.09444337])
196.7724 	EXP 	noise_3: autoDraw = True
196.7724 	EXP 	surround_grating: autoDraw = True
196.7724 	EXP 	center_grating: autoDraw = True
196.8453 	EXP 	noise_3: autoDraw = False
196.8453 	EXP 	surround_grating: autoDraw = False
196.8453 	EXP 	center_grating: autoDraw = False
197.4162 	EXP 	New trial (rep=0, index=13): <Trial 13 (13 in rep 0) data={'center': -2, 'surround': -15.0, 'type': 'c-2', 'surr_type': 'negs', 'orient_opacity': 100, 'noise_opacity': 0, 'isi': 1.0, 'thisN': 13, 'thisTrialN': 13, 'thisRepN': 0}>
197.4215 	DATA 	Keypress: period
197.4274 	INFO 	Keyboard events cleared
197.4269 	EXP 	noise_3: autoDraw = False
197.4269 	EXP 	surround_grating: autoDraw = False
197.4269 	EXP 	center_grating: autoDraw = False
197.4269 	EXP 	text_2: autoDraw = False
197.4269 	EXP 	surround_grating: ori = -15.0
197.4269 	EXP 	surround_grating: sf = array([2.5, 2.5])
197.4269 	EXP 	surround_grating: phase = array([0.69769152, 0.69769152])
197.4269 	EXP 	center_grating: ori = -2.0
197.4269 	EXP 	center_grating: sf = array([2.5, 2.5])
197.4269 	EXP 	center_grating: phase = array([0.80556642, 0.80556642])
198.4124 	EXP 	noise_3: autoDraw = True
198.4124 	EXP 	surround_grating: autoDraw = True
198.4124 	EXP 	center_grating: autoDraw = True
198.4846 	EXP 	noise_3: autoDraw = False
198.4846 	EXP 	surround_grating: autoDraw = False
198.4846 	EXP 	center_grating: autoDraw = False
199.7888 	EXP 	New trial (rep=0, index=14): <Trial 14 (14 in rep 0) data={'center': 2, 'surround': 15.0, 'type': 'c+2', 'surr_type': 'poss', 'orient_opacity': 100, 'noise_opacity': 0, 'isi': 1.25, 'thisN': 14, 'thisTrialN': 14, 'thisRepN': 0}>
199.7944 	DATA 	Keypress: period
199.8000 	INFO 	Keyboard events cleared
199.7995 	EXP 	noise_3: autoDraw = False
199.7995 	EXP 	surround_grating: autoDraw = False
199.7995 	EXP 	center_grating: autoDraw = False
199.7995 	EXP 	text_2: autoDraw = False
199.7995 	EXP 	surround_grating: ori = 15.0
199.7995 	EXP 	surround_grating: sf = array([2.5, 2.5])
199.7995 	EXP 	surround_grating: phase = array([0.69870019, 0.69870019])
199.7995 	EXP 	center_grating: ori = 2.0
199.7995 	EXP 	center_grating: sf = array([2.5, 2.5])
199.7995 	EXP 	center_grating: phase = array([0.20165645, 0.20165645])
201.0387 	EXP 	noise_3: autoDraw = True
201.0387 	EXP 	surround_grating: autoDraw = True
201.0387 	EXP 	center_grating: autoDraw = True
201.1130 	EXP 	noise_3: autoDraw = False
201.1130 	EXP 	surround_grating: autoDraw = False
201.1130 	EXP 	center_grating: autoDraw = False
203.1858 	DATA 	Keypress: z
203.1927 	EXP 	New trial (rep=0, index=15): <Trial 15 (15 in rep 0) data={'center': 0, 'surround': 15.0, 'type': 'c+0', 'surr_type': 'poss', 'orient_opacity': 100, 'noise_opacity': 0, 'isi': 0.75, 'thisN': 15, 'thisTrialN': 15, 'thisRepN': 0}>
203.1995 	INFO 	Keyboard events cleared
203.1992 	EXP 	noise_3: autoDraw = False
203.1992 	EXP 	surround_grating: autoDraw = False
203.1992 	EXP 	center_grating: autoDraw = False
203.1992 	EXP 	text_2: autoDraw = False
203.1992 	EXP 	surround_grating: ori = 15.0
203.1992 	EXP 	surround_grating: sf = array([2.5, 2.5])
203.1992 	EXP 	surround_grating: phase = array([0.56946784, 0.56946784])
203.1992 	EXP 	center_grating: ori = 0.0
203.1992 	EXP 	center_grating: sf = array([2.5, 2.5])
203.1992 	EXP 	center_grating: phase = array([0.69155787, 0.69155787])
203.9395 	EXP 	noise_3: autoDraw = True
203.9395 	EXP 	surround_grating: autoDraw = True
203.9395 	EXP 	center_grating: autoDraw = True
204.0131 	EXP 	noise_3: autoDraw = False
204.0131 	EXP 	surround_grating: autoDraw = False
204.0131 	EXP 	center_grating: autoDraw = False
204.7372 	EXP 	New trial (rep=0, index=16): <Trial 16 (16 in rep 0) data={'center': -2, 'surround': 0.0, 'type': 'c-2', 'surr_type': 'noss', 'orient_opacity': 0, 'noise_opacity': 100, 'isi': 1.0, 'thisN': 16, 'thisTrialN': 16, 'thisRepN': 0}>
204.7422 	DATA 	Keypress: z
204.7490 	INFO 	Keyboard events cleared
204.7486 	EXP 	noise_3: autoDraw = False
204.7486 	EXP 	surround_grating: autoDraw = False
204.7486 	EXP 	center_grating: autoDraw = False
204.7486 	EXP 	text_2: autoDraw = False
204.7486 	EXP 	surround_grating: ori = 0.0
204.7486 	EXP 	surround_grating: sf = array([2.5, 2.5])
204.7486 	EXP 	surround_grating: phase = array([0.49876246, 0.49876246])
204.7486 	EXP 	center_grating: ori = -2.0
204.7486 	EXP 	center_grating: sf = array([2.5, 2.5])
204.7486 	EXP 	center_grating: phase = array([0.54139835, 0.54139835])
205.7385 	EXP 	noise_3: autoDraw = True
205.7385 	EXP 	surround_grating: autoDraw = True
205.7385 	EXP 	center_grating: autoDraw = True
205.8133 	EXP 	noise_3: autoDraw = False
205.8133 	EXP 	surround_grating: autoDraw = False
205.8133 	EXP 	center_grating: autoDraw = False
206.2997 	EXP 	New trial (rep=0, index=17): <Trial 17 (17 in rep 0) data={'center': 2, 'surround': 0.0, 'type': 'c+2', 'surr_type': 'noss', 'orient_opacity': 0, 'noise_opacity': 100, 'isi': 1.0, 'thisN': 17, 'thisTrialN': 17, 'thisRepN': 0}>
206.3052 	DATA 	Keypress: z
206.3112 	INFO 	Keyboard events cleared
206.3107 	EXP 	noise_3: autoDraw = False
206.3107 	EXP 	surround_grating: autoDraw = False
206.3107 	EXP 	center_grating: autoDraw = False
206.3107 	EXP 	text_2: autoDraw = False
206.3107 	EXP 	surround_grating: ori = 0.0
206.3107 	EXP 	surround_grating: sf = array([2.5, 2.5])
206.3107 	EXP 	surround_grating: phase = array([0.88904916, 0.88904916])
206.3107 	EXP 	center_grating: ori = 2.0
206.3107 	EXP 	center_grating: sf = array([2.5, 2.5])
206.3107 	EXP 	center_grating: phase = array([0.9763896, 0.9763896])
207.2961 	EXP 	noise_3: autoDraw = True
207.2961 	EXP 	surround_grating: autoDraw = True
207.2961 	EXP 	center_grating: autoDraw = True
207.3683 	EXP 	noise_3: autoDraw = False
207.3683 	EXP 	surround_grating: autoDraw = False
207.3683 	EXP 	center_grating: autoDraw = False
207.8495 	EXP 	New trial (rep=0, index=18): <Trial 18 (18 in rep 0) data={'center': 6, 'surround': 15.0, 'type': 'c+6', 'surr_type': 'poss', 'orient_opacity': 100, 'noise_opacity': 0, 'isi': 0.75, 'thisN': 18, 'thisTrialN': 18, 'thisRepN': 0}>
207.8548 	DATA 	Keypress: period
207.8611 	INFO 	Keyboard events cleared
207.8605 	EXP 	noise_3: autoDraw = False
207.8605 	EXP 	surround_grating: autoDraw = False
207.8605 	EXP 	center_grating: autoDraw = False
207.8605 	EXP 	text_2: autoDraw = False
207.8605 	EXP 	surround_grating: ori = 15.0
207.8605 	EXP 	surround_grating: sf = array([2.5, 2.5])
207.8605 	EXP 	surround_grating: phase = array([0.25745137, 0.25745137])
207.8605 	EXP 	center_grating: ori = 6.0
207.8605 	EXP 	center_grating: sf = array([2.5, 2.5])
207.8605 	EXP 	center_grating: phase = array([0.54919402, 0.54919402])
208.5961 	EXP 	noise_3: autoDraw = True
208.5961 	EXP 	surround_grating: autoDraw = True
208.5961 	EXP 	center_grating: autoDraw = True
208.6697 	EXP 	noise_3: autoDraw = False
208.6697 	EXP 	surround_grating: autoDraw = False
208.6697 	EXP 	center_grating: autoDraw = False
209.2660 	EXP 	New trial (rep=0, index=19): <Trial 19 (19 in rep 0) data={'center': 0, 'surround': -15.0, 'type': 'c+0', 'surr_type': 'negs', 'orient_opacity': 100, 'noise_opacity': 0, 'isi': 0.5, 'thisN': 19, 'thisTrialN': 19, 'thisRepN': 0}>
209.2714 	DATA 	Keypress: period
209.2777 	INFO 	Keyboard events cleared
209.2770 	EXP 	noise_3: autoDraw = False
209.2770 	EXP 	surround_grating: autoDraw = False
209.2770 	EXP 	center_grating: autoDraw = False
209.2770 	EXP 	text_2: autoDraw = False
209.2770 	EXP 	surround_grating: ori = -15.0
209.2770 	EXP 	surround_grating: sf = array([2.5, 2.5])
209.2770 	EXP 	surround_grating: phase = array([0.99529432, 0.99529432])
209.2770 	EXP 	center_grating: ori = 0.0
209.2770 	EXP 	center_grating: sf = array([2.5, 2.5])
209.2770 	EXP 	center_grating: phase = array([0.41097195, 0.41097195])
209.7629 	EXP 	noise_3: autoDraw = True
209.7629 	EXP 	surround_grating: autoDraw = True
209.7629 	EXP 	center_grating: autoDraw = True
209.8360 	EXP 	noise_3: autoDraw = False
209.8360 	EXP 	surround_grating: autoDraw = False
209.8360 	EXP 	center_grating: autoDraw = False
210.3491 	EXP 	New trial (rep=0, index=20): <Trial 20 (20 in rep 0) data={'center': -4, 'surround': 0.0, 'type': 'c-4', 'surr_type': 'noss', 'orient_opacity': 0, 'noise_opacity': 100, 'isi': 0.75, 'thisN': 20, 'thisTrialN': 20, 'thisRepN': 0}>
210.3542 	DATA 	Keypress: period
210.3601 	INFO 	Keyboard events cleared
210.3596 	EXP 	noise_3: autoDraw = False
210.3596 	EXP 	surround_grating: autoDraw = False
210.3596 	EXP 	center_grating: autoDraw = False
210.3596 	EXP 	text_2: autoDraw = False
210.3596 	EXP 	surround_grating: ori = 0.0
210.3596 	EXP 	surround_grating: sf = array([2.5, 2.5])
210.3596 	EXP 	surround_grating: phase = array([0.70167849, 0.70167849])
210.3596 	EXP 	center_grating: ori = -4.0
210.3596 	EXP 	center_grating: sf = array([2.5, 2.5])
210.3596 	EXP 	center_grating: phase = array([0.60811793, 0.60811793])
211.0962 	EXP 	noise_3: autoDraw = True
211.0962 	EXP 	surround_grating: autoDraw = True
211.0962 	EXP 	center_grating: autoDraw = True
211.1682 	EXP 	noise_3: autoDraw = False
211.1682 	EXP 	surround_grating: autoDraw = False
211.1682 	EXP 	center_grating: autoDraw = False
211.6058 	EXP 	New trial (rep=0, index=21): <Trial 21 (21 in rep 0) data={'center': -8, 'surround': -15.0, 'type': 'c-8', 'surr_type': 'negs', 'orient_opacity': 100, 'noise_opacity': 0, 'isi': 1.0, 'thisN': 21, 'thisTrialN': 21, 'thisRepN': 0}>
211.6113 	DATA 	Keypress: z
211.6168 	INFO 	Keyboard events cleared
211.6163 	EXP 	noise_3: autoDraw = False
211.6163 	EXP 	surround_grating: autoDraw = False
211.6163 	EXP 	center_grating: autoDraw = False
211.6163 	EXP 	text_2: autoDraw = False
211.6163 	EXP 	surround_grating: ori = -15.0
211.6163 	EXP 	surround_grating: sf = array([2.5, 2.5])
211.6163 	EXP 	surround_grating: phase = array([0.79070222, 0.79070222])
211.6163 	EXP 	center_grating: ori = -8.0
211.6163 	EXP 	center_grating: sf = array([2.5, 2.5])
211.6163 	EXP 	center_grating: phase = array([0.4791616, 0.4791616])
212.6056 	EXP 	noise_3: autoDraw = True
212.6056 	EXP 	surround_grating: autoDraw = True
212.6056 	EXP 	center_grating: autoDraw = True
212.6802 	EXP 	noise_3: autoDraw = False
212.6802 	EXP 	surround_grating: autoDraw = False
212.6802 	EXP 	center_grating: autoDraw = False
213.1341 	EXP 	New trial (rep=0, index=22): <Trial 22 (22 in rep 0) data={'center': 4, 'surround': 0.0, 'type': 'c+4', 'surr_type': 'noss', 'orient_opacity': 0, 'noise_opacity': 100, 'isi': 0.75, 'thisN': 22, 'thisTrialN': 22, 'thisRepN': 0}>
213.1395 	DATA 	Keypress: z
213.1455 	INFO 	Keyboard events cleared
213.1450 	EXP 	noise_3: autoDraw = False
213.1450 	EXP 	surround_grating: autoDraw = False
213.1450 	EXP 	center_grating: autoDraw = False
213.1450 	EXP 	text_2: autoDraw = False
213.1450 	EXP 	surround_grating: ori = 0.0
213.1450 	EXP 	surround_grating: sf = array([2.5, 2.5])
213.1450 	EXP 	surround_grating: phase = array([0.21809242, 0.21809242])
213.1450 	EXP 	center_grating: ori = 4.0
213.1450 	EXP 	center_grating: sf = array([2.5, 2.5])
213.1450 	EXP 	center_grating: phase = array([0.90590564, 0.90590564])
213.8787 	EXP 	noise_3: autoDraw = True
213.8787 	EXP 	surround_grating: autoDraw = True
213.8787 	EXP 	center_grating: autoDraw = True
213.9517 	EXP 	noise_3: autoDraw = False
213.9517 	EXP 	surround_grating: autoDraw = False
213.9517 	EXP 	center_grating: autoDraw = False
214.3334 	EXP 	New trial (rep=0, index=23): <Trial 23 (23 in rep 0) data={'center': 6, 'surround': 15.0, 'type': 'c+6', 'surr_type': 'poss', 'orient_opacity': 100, 'noise_opacity': 0, 'isi': 0.5, 'thisN': 23, 'thisTrialN': 23, 'thisRepN': 0}>
214.3400 	DATA 	Keypress: period
214.3463 	INFO 	Keyboard events cleared
214.3458 	EXP 	noise_3: autoDraw = False
214.3458 	EXP 	surround_grating: autoDraw = False
214.3458 	EXP 	center_grating: autoDraw = False
214.3458 	EXP 	text_2: autoDraw = False
214.3458 	EXP 	surround_grating: ori = 15.0
214.3458 	EXP 	surround_grating: sf = array([2.5, 2.5])
214.3458 	EXP 	surround_grating: phase = array([0.42550575, 0.42550575])
214.3458 	EXP 	center_grating: ori = 6.0
214.3458 	EXP 	center_grating: sf = array([2.5, 2.5])
214.3458 	EXP 	center_grating: phase = array([0.22788806, 0.22788806])
214.8298 	EXP 	noise_3: autoDraw = True
214.8298 	EXP 	surround_grating: autoDraw = True
214.8298 	EXP 	center_grating: autoDraw = True
214.9028 	EXP 	noise_3: autoDraw = False
214.9028 	EXP 	surround_grating: autoDraw = False
214.9028 	EXP 	center_grating: autoDraw = False
215.4561 	EXP 	New trial (rep=0, index=24): <Trial 24 (24 in rep 0) data={'center': 8, 'surround': 15.0, 'type': 'c+8', 'surr_type': 'poss', 'orient_opacity': 100, 'noise_opacity': 0, 'isi': 1.0, 'thisN': 24, 'thisTrialN': 24, 'thisRepN': 0}>
215.4618 	DATA 	Keypress: period
215.4673 	INFO 	Keyboard events cleared
215.4668 	EXP 	noise_3: autoDraw = False
215.4668 	EXP 	surround_grating: autoDraw = False
215.4668 	EXP 	center_grating: autoDraw = False
215.4668 	EXP 	text_2: autoDraw = False
215.4668 	EXP 	surround_grating: ori = 15.0
215.4668 	EXP 	surround_grating: sf = array([2.5, 2.5])
215.4668 	EXP 	surround_grating: phase = array([0.81849798, 0.81849798])
215.4668 	EXP 	center_grating: ori = 8.0
215.4668 	EXP 	center_grating: sf = array([2.5, 2.5])
215.4668 	EXP 	center_grating: phase = array([0.77119914, 0.77119914])
216.4567 	EXP 	noise_3: autoDraw = True
216.4567 	EXP 	surround_grating: autoDraw = True
216.4567 	EXP 	center_grating: autoDraw = True
216.5304 	EXP 	noise_3: autoDraw = False
216.5304 	EXP 	surround_grating: autoDraw = False
216.5304 	EXP 	center_grating: autoDraw = False
216.9994 	EXP 	New trial (rep=0, index=25): <Trial 25 (25 in rep 0) data={'center': 4, 'surround': 15.0, 'type': 'c+4', 'surr_type': 'poss', 'orient_opacity': 100, 'noise_opacity': 0, 'isi': 0.5, 'thisN': 25, 'thisTrialN': 25, 'thisRepN': 0}>
217.0046 	DATA 	Keypress: period
217.0107 	INFO 	Keyboard events cleared
217.0101 	EXP 	noise_3: autoDraw = False
217.0101 	EXP 	surround_grating: autoDraw = False
217.0101 	EXP 	center_grating: autoDraw = False
217.0101 	EXP 	text_2: autoDraw = False
217.0101 	EXP 	surround_grating: ori = 15.0
217.0101 	EXP 	surround_grating: sf = array([2.5, 2.5])
217.0101 	EXP 	surround_grating: phase = array([0.1680818, 0.1680818])
217.0101 	EXP 	center_grating: ori = 4.0
217.0101 	EXP 	center_grating: sf = array([2.5, 2.5])
217.0101 	EXP 	center_grating: phase = array([0.43888116, 0.43888116])
217.4965 	EXP 	noise_3: autoDraw = True
217.4965 	EXP 	surround_grating: autoDraw = True
217.4965 	EXP 	center_grating: autoDraw = True
217.5687 	EXP 	noise_3: autoDraw = False
217.5687 	EXP 	surround_grating: autoDraw = False
217.5687 	EXP 	center_grating: autoDraw = False
218.0669 	EXP 	New trial (rep=0, index=26): <Trial 26 (26 in rep 0) data={'center': -4, 'surround': -15.0, 'type': 'c-4', 'surr_type': 'negs', 'orient_opacity': 100, 'noise_opacity': 0, 'isi': 1.0, 'thisN': 26, 'thisTrialN': 26, 'thisRepN': 0}>
218.0725 	DATA 	Keypress: period
218.0786 	INFO 	Keyboard events cleared
218.0781 	EXP 	noise_3: autoDraw = False
218.0781 	EXP 	surround_grating: autoDraw = False
218.0781 	EXP 	center_grating: autoDraw = False
218.0781 	EXP 	text_2: autoDraw = False
218.0781 	EXP 	surround_grating: ori = -15.0
218.0781 	EXP 	surround_grating: sf = array([2.5, 2.5])
218.0781 	EXP 	surround_grating: phase = array([0.67855156, 0.67855156])
218.0781 	EXP 	center_grating: ori = -4.0
218.0781 	EXP 	center_grating: sf = array([2.5, 2.5])
218.0781 	EXP 	center_grating: phase = array([0.07289543, 0.07289543])
219.0632 	EXP 	noise_3: autoDraw = True
219.0632 	EXP 	surround_grating: autoDraw = True
219.0632 	EXP 	center_grating: autoDraw = True
219.1352 	EXP 	noise_3: autoDraw = False
219.1352 	EXP 	surround_grating: autoDraw = False
219.1352 	EXP 	center_grating: autoDraw = False
220.1843 	EXP 	New trial (rep=0, index=27): <Trial 27 (27 in rep 0) data={'center': -4, 'surround': 0.0, 'type': 'c-4', 'surr_type': 'noss', 'orient_opacity': 0, 'noise_opacity': 100, 'isi': 1.0, 'thisN': 27, 'thisTrialN': 27, 'thisRepN': 0}>
220.1897 	DATA 	Keypress: period
220.1963 	INFO 	Keyboard events cleared
220.1956 	EXP 	noise_3: autoDraw = False
220.1956 	EXP 	surround_grating: autoDraw = False
220.1956 	EXP 	center_grating: autoDraw = False
220.1956 	EXP 	text_2: autoDraw = False
220.1956 	EXP 	surround_grating: ori = 0.0
220.1956 	EXP 	surround_grating: sf = array([2.5, 2.5])
220.1956 	EXP 	surround_grating: phase = array([0.02283118, 0.02283118])
220.1956 	EXP 	center_grating: ori = -4.0
220.1956 	EXP 	center_grating: sf = array([2.5, 2.5])
220.1956 	EXP 	center_grating: phase = array([0.38494986, 0.38494986])
221.1801 	EXP 	noise_3: autoDraw = True
221.1801 	EXP 	surround_grating: autoDraw = True
221.1801 	EXP 	center_grating: autoDraw = True
221.2519 	EXP 	noise_3: autoDraw = False
221.2519 	EXP 	surround_grating: autoDraw = False
221.2519 	EXP 	center_grating: autoDraw = False
221.7332 	EXP 	New trial (rep=0, index=28): <Trial 28 (28 in rep 0) data={'center': -8, 'surround': -15.0, 'type': 'c-8', 'surr_type': 'negs', 'orient_opacity': 100, 'noise_opacity': 0, 'isi': 0.75, 'thisN': 28, 'thisTrialN': 28, 'thisRepN': 0}>
221.7386 	DATA 	Keypress: z
221.7446 	INFO 	Keyboard events cleared
221.7440 	EXP 	noise_3: autoDraw = False
221.7440 	EXP 	surround_grating: autoDraw = False
221.7440 	EXP 	center_grating: autoDraw = False
221.7440 	EXP 	text_2: autoDraw = False
221.7440 	EXP 	surround_grating: ori = -15.0
221.7440 	EXP 	surround_grating: sf = array([2.5, 2.5])
221.7440 	EXP 	surround_grating: phase = array([0.9844825, 0.9844825])
221.7440 	EXP 	center_grating: ori = -8.0
221.7440 	EXP 	center_grating: sf = array([2.5, 2.5])
221.7440 	EXP 	center_grating: phase = array([0.51888119, 0.51888119])
222.4800 	EXP 	noise_3: autoDraw = True
222.4800 	EXP 	surround_grating: autoDraw = True
222.4800 	EXP 	center_grating: autoDraw = True
222.5524 	EXP 	noise_3: autoDraw = False
222.5524 	EXP 	surround_grating: autoDraw = False
222.5524 	EXP 	center_grating: autoDraw = False
223.0824 	EXP 	New trial (rep=0, index=29): <Trial 29 (29 in rep 0) data={'center': 4, 'surround': 15.0, 'type': 'c+4', 'surr_type': 'poss', 'orient_opacity': 100, 'noise_opacity': 0, 'isi': 1.0, 'thisN': 29, 'thisTrialN': 29, 'thisRepN': 0}>
223.0880 	DATA 	Keypress: z
223.0939 	INFO 	Keyboard events cleared
223.0934 	EXP 	noise_3: autoDraw = False
223.0934 	EXP 	surround_grating: autoDraw = False
223.0934 	EXP 	center_grating: autoDraw = False
223.0934 	EXP 	text_2: autoDraw = False
223.0934 	EXP 	surround_grating: ori = 15.0
223.0934 	EXP 	surround_grating: sf = array([2.5, 2.5])
223.0934 	EXP 	surround_grating: phase = array([0.24584716, 0.24584716])
223.0934 	EXP 	center_grating: ori = 4.0
223.0934 	EXP 	center_grating: sf = array([2.5, 2.5])
223.0934 	EXP 	center_grating: phase = array([0.66090017, 0.66090017])
224.0800 	EXP 	noise_3: autoDraw = True
224.0800 	EXP 	surround_grating: autoDraw = True
224.0800 	EXP 	center_grating: autoDraw = True
224.1536 	EXP 	noise_3: autoDraw = False
224.1536 	EXP 	surround_grating: autoDraw = False
224.1536 	EXP 	center_grating: autoDraw = False
225.0340 	EXP 	New trial (rep=0, index=30): <Trial 30 (30 in rep 0) data={'center': -8, 'surround': -15.0, 'type': 'c-8', 'surr_type': 'negs', 'orient_opacity': 100, 'noise_opacity': 0, 'isi': 1.25, 'thisN': 30, 'thisTrialN': 30, 'thisRepN': 0}>
225.0402 	DATA 	Keypress: period
225.0462 	INFO 	Keyboard events cleared
225.0457 	EXP 	noise_3: autoDraw = False
225.0457 	EXP 	surround_grating: autoDraw = False
225.0457 	EXP 	center_grating: autoDraw = False
225.0457 	EXP 	text_2: autoDraw = False
225.0457 	EXP 	surround_grating: ori = -15.0
225.0457 	EXP 	surround_grating: sf = array([2.5, 2.5])
225.0457 	EXP 	surround_grating: phase = array([0.83249033, 0.83249033])
225.0457 	EXP 	center_grating: ori = -8.0
225.0457 	EXP 	center_grating: sf = array([2.5, 2.5])
225.0457 	EXP 	center_grating: phase = array([0.94493704, 0.94493704])
226.2801 	EXP 	noise_3: autoDraw = True
226.2801 	EXP 	surround_grating: autoDraw = True
226.2801 	EXP 	center_grating: autoDraw = True
226.3518 	EXP 	noise_3: autoDraw = False
226.3518 	EXP 	surround_grating: autoDraw = False
226.3518 	EXP 	center_grating: autoDraw = False
226.9502 	EXP 	New trial (rep=0, index=31): <Trial 31 (31 in rep 0) data={'center': -4, 'surround': -15.0, 'type': 'c-4', 'surr_type': 'negs', 'orient_opacity': 100, 'noise_opacity': 0, 'isi': 0.75, 'thisN': 31, 'thisTrialN': 31, 'thisRepN': 0}>
226.9561 	DATA 	Keypress: z
226.9621 	INFO 	Keyboard events cleared
226.9616 	EXP 	noise_3: autoDraw = False
226.9616 	EXP 	surround_grating: autoDraw = False
226.9616 	EXP 	center_grating: autoDraw = False
226.9616 	EXP 	text_2: autoDraw = False
226.9616 	EXP 	surround_grating: ori = -15.0
226.9616 	EXP 	surround_grating: sf = array([2.5, 2.5])
226.9616 	EXP 	surround_grating: phase = array([0.57732193, 0.57732193])
226.9616 	EXP 	center_grating: ori = -4.0
226.9616 	EXP 	center_grating: sf = array([2.5, 2.5])
226.9616 	EXP 	center_grating: phase = array([0.86958741, 0.86958741])
227.6962 	EXP 	noise_3: autoDraw = True
227.6962 	EXP 	surround_grating: autoDraw = True
227.6962 	EXP 	center_grating: autoDraw = True
227.7697 	EXP 	noise_3: autoDraw = False
227.7697 	EXP 	surround_grating: autoDraw = False
227.7697 	EXP 	center_grating: autoDraw = False
228.4230 	EXP 	New trial (rep=0, index=32): <Trial 32 (32 in rep 0) data={'center': 2, 'surround': 0.0, 'type': 'c+2', 'surr_type': 'noss', 'orient_opacity': 0, 'noise_opacity': 100, 'isi': 1.25, 'thisN': 32, 'thisTrialN': 32, 'thisRepN': 0}>
228.4281 	DATA 	Keypress: z
228.4341 	INFO 	Keyboard events cleared
228.4335 	EXP 	noise_3: autoDraw = False
228.4335 	EXP 	surround_grating: autoDraw = False
228.4335 	EXP 	center_grating: autoDraw = False
228.4335 	EXP 	text_2: autoDraw = False
228.4335 	EXP 	surround_grating: ori = 0.0
228.4335 	EXP 	surround_grating: sf = array([2.5, 2.5])
228.4335 	EXP 	surround_grating: phase = array([0.85103682, 0.85103682])
228.4335 	EXP 	center_grating: ori = 2.0
228.4335 	EXP 	center_grating: sf = array([2.5, 2.5])
228.4335 	EXP 	center_grating: phase = array([0.09626857, 0.09626857])
229.6738 	EXP 	noise_3: autoDraw = True
229.6738 	EXP 	surround_grating: autoDraw = True
229.6738 	EXP 	center_grating: autoDraw = True
229.7475 	EXP 	noise_3: autoDraw = False
229.7475 	EXP 	surround_grating: autoDraw = False
229.7475 	EXP 	center_grating: autoDraw = False
230.2579 	DATA 	Keypress: period
230.2646 	EXP 	New trial (rep=0, index=33): <Trial 33 (33 in rep 0) data={'center': 2, 'surround': -15.0, 'type': 'c+2', 'surr_type': 'negs', 'orient_opacity': 100, 'noise_opacity': 0, 'isi': 0.5, 'thisN': 33, 'thisTrialN': 33, 'thisRepN': 0}>
230.2721 	INFO 	Keyboard events cleared
230.2716 	EXP 	noise_3: autoDraw = False
230.2716 	EXP 	surround_grating: autoDraw = False
230.2716 	EXP 	center_grating: autoDraw = False
230.2716 	EXP 	text_2: autoDraw = False
230.2716 	EXP 	surround_grating: ori = -15.0
230.2716 	EXP 	surround_grating: sf = array([2.5, 2.5])
230.2716 	EXP 	surround_grating: phase = array([0.78513639, 0.78513639])
230.2716 	EXP 	center_grating: ori = 2.0
230.2716 	EXP 	center_grating: sf = array([2.5, 2.5])
230.2716 	EXP 	center_grating: phase = array([0.89129515, 0.89129515])
230.7569 	EXP 	noise_3: autoDraw = True
230.7569 	EXP 	surround_grating: autoDraw = True
230.7569 	EXP 	center_grating: autoDraw = True
230.8309 	EXP 	noise_3: autoDraw = False
230.8309 	EXP 	surround_grating: autoDraw = False
230.8309 	EXP 	center_grating: autoDraw = False
231.2406 	EXP 	New trial (rep=0, index=34): <Trial 34 (34 in rep 0) data={'center': -2, 'surround': 0.0, 'type': 'c-2', 'surr_type': 'noss', 'orient_opacity': 0, 'noise_opacity': 100, 'isi': 1.0, 'thisN': 34, 'thisTrialN': 34, 'thisRepN': 0}>
231.2457 	DATA 	Keypress: period
231.2514 	INFO 	Keyboard events cleared
231.2509 	EXP 	noise_3: autoDraw = False
231.2509 	EXP 	surround_grating: autoDraw = False
231.2509 	EXP 	center_grating: autoDraw = False
231.2509 	EXP 	text_2: autoDraw = False
231.2509 	EXP 	surround_grating: ori = 0.0
231.2509 	EXP 	surround_grating: sf = array([2.5, 2.5])
231.2509 	EXP 	surround_grating: phase = array([0.15760889, 0.15760889])
231.2509 	EXP 	center_grating: ori = -2.0
231.2509 	EXP 	center_grating: sf = array([2.5, 2.5])
231.2509 	EXP 	center_grating: phase = array([0.33860802, 0.33860802])
232.2402 	EXP 	noise_3: autoDraw = True
232.2402 	EXP 	surround_grating: autoDraw = True
232.2402 	EXP 	center_grating: autoDraw = True
232.3143 	EXP 	noise_3: autoDraw = False
232.3143 	EXP 	surround_grating: autoDraw = False
232.3143 	EXP 	center_grating: autoDraw = False
232.7678 	EXP 	New trial (rep=0, index=35): <Trial 35 (35 in rep 0) data={'center': 4, 'surround': 0.0, 'type': 'c+4', 'surr_type': 'noss', 'orient_opacity': 0, 'noise_opacity': 100, 'isi': 0.75, 'thisN': 35, 'thisTrialN': 35, 'thisRepN': 0}>
232.7733 	DATA 	Keypress: z
232.7791 	INFO 	Keyboard events cleared
232.7785 	EXP 	noise_3: autoDraw = False
232.7785 	EXP 	surround_grating: autoDraw = False
232.7785 	EXP 	center_grating: autoDraw = False
232.7785 	EXP 	text_2: autoDraw = False
232.7785 	EXP 	surround_grating: ori = 0.0
232.7785 	EXP 	surround_grating: sf = array([2.5, 2.5])
232.7785 	EXP 	surround_grating: phase = array([0.69329024, 0.69329024])
232.7785 	EXP 	center_grating: ori = 4.0
232.7785 	EXP 	center_grating: sf = array([2.5, 2.5])
232.7785 	EXP 	center_grating: phase = array([0.90414008, 0.90414008])
232.7815 	DATA 	Keypress: lshift
232.8664 	EXP 	New trial (rep=0, index=36): <Trial 36 (36 in rep 0) data={'center': 0, 'surround': 0.0, 'type': 'c+0', 'surr_type': 'noss', 'orient_opacity': 0, 'noise_opacity': 100, 'isi': 0.5, 'thisN': 36, 'thisTrialN': 36, 'thisRepN': 0}>
232.8753 	INFO 	Keyboard events cleared
232.8747 	EXP 	noise_3: autoDraw = False
232.8747 	EXP 	surround_grating: autoDraw = False
232.8747 	EXP 	center_grating: autoDraw = False
232.8747 	EXP 	text_2: autoDraw = False
232.8747 	EXP 	surround_grating: ori = 0.0
232.8747 	EXP 	surround_grating: sf = array([2.5, 2.5])
232.8747 	EXP 	surround_grating: phase = array([0.9298451, 0.9298451])
232.8747 	EXP 	center_grating: ori = 0.0
232.8747 	EXP 	center_grating: sf = array([2.5, 2.5])
232.8747 	EXP 	center_grating: phase = array([0.10527685, 0.10527685])
233.3638 	EXP 	noise_3: autoDraw = True
233.3638 	EXP 	surround_grating: autoDraw = True
233.3638 	EXP 	center_grating: autoDraw = True
233.4358 	EXP 	noise_3: autoDraw = False
233.4358 	EXP 	surround_grating: autoDraw = False
233.4358 	EXP 	center_grating: autoDraw = False
234.3835 	EXP 	New trial (rep=0, index=37): <Trial 37 (37 in rep 0) data={'center': -8, 'surround': -15.0, 'type': 'c-8', 'surr_type': 'negs', 'orient_opacity': 100, 'noise_opacity': 0, 'isi': 0.75, 'thisN': 37, 'thisTrialN': 37, 'thisRepN': 0}>
234.3885 	DATA 	Keypress: z
234.3940 	INFO 	Keyboard events cleared
234.3935 	EXP 	noise_3: autoDraw = False
234.3935 	EXP 	surround_grating: autoDraw = False
234.3935 	EXP 	center_grating: autoDraw = False
234.3935 	EXP 	text_2: autoDraw = False
234.3935 	EXP 	surround_grating: ori = -15.0
234.3935 	EXP 	surround_grating: sf = array([2.5, 2.5])
234.3935 	EXP 	surround_grating: phase = array([0.68322021, 0.68322021])
234.3935 	EXP 	center_grating: ori = -8.0
234.3935 	EXP 	center_grating: sf = array([2.5, 2.5])
234.3935 	EXP 	center_grating: phase = array([0.87102898, 0.87102898])
235.1305 	EXP 	noise_3: autoDraw = True
235.1305 	EXP 	surround_grating: autoDraw = True
235.1305 	EXP 	center_grating: autoDraw = True
235.2029 	EXP 	noise_3: autoDraw = False
235.2029 	EXP 	surround_grating: autoDraw = False
235.2029 	EXP 	center_grating: autoDraw = False
235.6172 	EXP 	New trial (rep=0, index=38): <Trial 38 (38 in rep 0) data={'center': 6, 'surround': 15.0, 'type': 'c+6', 'surr_type': 'poss', 'orient_opacity': 100, 'noise_opacity': 0, 'isi': 0.75, 'thisN': 38, 'thisTrialN': 38, 'thisRepN': 0}>
235.6235 	DATA 	Keypress: z
235.6297 	INFO 	Keyboard events cleared
235.6292 	EXP 	noise_3: autoDraw = False
235.6292 	EXP 	surround_grating: autoDraw = False
235.6292 	EXP 	center_grating: autoDraw = False
235.6292 	EXP 	text_2: autoDraw = False
235.6292 	EXP 	surround_grating: ori = 15.0
235.6292 	EXP 	surround_grating: sf = array([2.5, 2.5])
235.6292 	EXP 	surround_grating: phase = array([0.65139069, 0.65139069])
235.6292 	EXP 	center_grating: ori = 6.0
235.6292 	EXP 	center_grating: sf = array([2.5, 2.5])
235.6292 	EXP 	center_grating: phase = array([0.14504983, 0.14504983])
236.3639 	EXP 	noise_3: autoDraw = True
236.3639 	EXP 	surround_grating: autoDraw = True
236.3639 	EXP 	center_grating: autoDraw = True
236.4361 	EXP 	noise_3: autoDraw = False
236.4361 	EXP 	surround_grating: autoDraw = False
236.4361 	EXP 	center_grating: autoDraw = False
236.8005 	EXP 	New trial (rep=0, index=39): <Trial 39 (39 in rep 0) data={'center': -4, 'surround': 0.0, 'type': 'c-4', 'surr_type': 'noss', 'orient_opacity': 0, 'noise_opacity': 100, 'isi': 0.75, 'thisN': 39, 'thisTrialN': 39, 'thisRepN': 0}>
236.8066 	DATA 	Keypress: period
236.8130 	INFO 	Keyboard events cleared
236.8124 	EXP 	noise_3: autoDraw = False
236.8124 	EXP 	surround_grating: autoDraw = False
236.8124 	EXP 	center_grating: autoDraw = False
236.8124 	EXP 	text_2: autoDraw = False
236.8124 	EXP 	surround_grating: ori = 0.0
236.8124 	EXP 	surround_grating: sf = array([2.5, 2.5])
236.8124 	EXP 	surround_grating: phase = array([0.34477263, 0.34477263])
236.8124 	EXP 	center_grating: ori = -4.0
236.8124 	EXP 	center_grating: sf = array([2.5, 2.5])
236.8124 	EXP 	center_grating: phase = array([0.59189424, 0.59189424])
237.5466 	EXP 	noise_3: autoDraw = True
237.5466 	EXP 	surround_grating: autoDraw = True
237.5466 	EXP 	center_grating: autoDraw = True
237.6196 	EXP 	noise_3: autoDraw = False
237.6196 	EXP 	surround_grating: autoDraw = False
237.6196 	EXP 	center_grating: autoDraw = False
237.9671 	EXP 	New trial (rep=0, index=40): <Trial 40 (40 in rep 0) data={'center': 2, 'surround': 0.0, 'type': 'c+2', 'surr_type': 'noss', 'orient_opacity': 0, 'noise_opacity': 100, 'isi': 1.25, 'thisN': 40, 'thisTrialN': 40, 'thisRepN': 0}>
237.9722 	DATA 	Keypress: z
237.9785 	INFO 	Keyboard events cleared
237.9779 	EXP 	noise_3: autoDraw = False
237.9779 	EXP 	surround_grating: autoDraw = False
237.9779 	EXP 	center_grating: autoDraw = False
237.9779 	EXP 	text_2: autoDraw = False
237.9779 	EXP 	surround_grating: ori = 0.0
237.9779 	EXP 	surround_grating: sf = array([2.5, 2.5])
237.9779 	EXP 	surround_grating: phase = array([0.5194975, 0.5194975])
237.9779 	EXP 	center_grating: ori = 2.0
237.9779 	EXP 	center_grating: sf = array([2.5, 2.5])
237.9779 	EXP 	center_grating: phase = array([0.77626014, 0.77626014])
239.2139 	EXP 	noise_3: autoDraw = True
239.2139 	EXP 	surround_grating: autoDraw = True
239.2139 	EXP 	center_grating: autoDraw = True
239.2862 	EXP 	noise_3: autoDraw = False
239.2862 	EXP 	surround_grating: autoDraw = False
239.2862 	EXP 	center_grating: autoDraw = False
239.7012 	EXP 	New trial (rep=0, index=41): <Trial 41 (41 in rep 0) data={'center': -2, 'surround': 15.0, 'type': 'c-2', 'surr_type': 'poss', 'orient_opacity': 100, 'noise_opacity': 0, 'isi': 0.75, 'thisN': 41, 'thisTrialN': 41, 'thisRepN': 0}>
239.7065 	DATA 	Keypress: period
239.7125 	INFO 	Keyboard events cleared
239.7120 	EXP 	noise_3: autoDraw = False
239.7120 	EXP 	surround_grating: autoDraw = False
239.7120 	EXP 	center_grating: autoDraw = False
239.7120 	EXP 	text_2: autoDraw = False
239.7120 	EXP 	surround_grating: ori = 15.0
239.7120 	EXP 	surround_grating: sf = array([2.5, 2.5])
239.7120 	EXP 	surround_grating: phase = array([0.95087155, 0.95087155])
239.7120 	EXP 	center_grating: ori = -2.0
239.7120 	EXP 	center_grating: sf = array([2.5, 2.5])
239.7120 	EXP 	center_grating: phase = array([0.18142955, 0.18142955])
240.4470 	EXP 	noise_3: autoDraw = True
240.4470 	EXP 	surround_grating: autoDraw = True
240.4470 	EXP 	center_grating: autoDraw = True
240.5196 	EXP 	noise_3: autoDraw = False
240.5196 	EXP 	surround_grating: autoDraw = False
240.5196 	EXP 	center_grating: autoDraw = False
241.0232 	EXP 	New trial (rep=0, index=42): <Trial 42 (42 in rep 0) data={'center': 2, 'surround': 0.0, 'type': 'c+2', 'surr_type': 'noss', 'orient_opacity': 0, 'noise_opacity': 100, 'isi': 1.25, 'thisN': 42, 'thisTrialN': 42, 'thisRepN': 0}>
241.0282 	DATA 	Keypress: z
241.0342 	INFO 	Keyboard events cleared
241.0337 	EXP 	noise_3: autoDraw = False
241.0337 	EXP 	surround_grating: autoDraw = False
241.0337 	EXP 	center_grating: autoDraw = False
241.0337 	EXP 	text_2: autoDraw = False
241.0337 	EXP 	surround_grating: ori = 0.0
241.0337 	EXP 	surround_grating: sf = array([2.5, 2.5])
241.0337 	EXP 	surround_grating: phase = array([0.82299549, 0.82299549])
241.0337 	EXP 	center_grating: ori = 2.0
241.0337 	EXP 	center_grating: sf = array([2.5, 2.5])
241.0337 	EXP 	center_grating: phase = array([0.381318, 0.381318])
242.2731 	EXP 	noise_3: autoDraw = True
242.2731 	EXP 	surround_grating: autoDraw = True
242.2731 	EXP 	center_grating: autoDraw = True
242.3480 	EXP 	noise_3: autoDraw = False
242.3480 	EXP 	surround_grating: autoDraw = False
242.3480 	EXP 	center_grating: autoDraw = False
242.7679 	EXP 	New trial (rep=0, index=43): <Trial 43 (43 in rep 0) data={'center': 6, 'surround': 15.0, 'type': 'c+6', 'surr_type': 'poss', 'orient_opacity': 100, 'noise_opacity': 0, 'isi': 0.5, 'thisN': 43, 'thisTrialN': 43, 'thisRepN': 0}>
242.7746 	DATA 	Keypress: period
242.7806 	INFO 	Keyboard events cleared
242.7801 	EXP 	noise_3: autoDraw = False
242.7801 	EXP 	surround_grating: autoDraw = False
242.7801 	EXP 	center_grating: autoDraw = False
242.7801 	EXP 	text_2: autoDraw = False
242.7801 	EXP 	surround_grating: ori = 15.0
242.7801 	EXP 	surround_grating: sf = array([2.5, 2.5])
242.7801 	EXP 	surround_grating: phase = array([0.53004447, 0.53004447])
242.7801 	EXP 	center_grating: ori = 6.0
242.7801 	EXP 	center_grating: sf = array([2.5, 2.5])
242.7801 	EXP 	center_grating: phase = array([0.35116852, 0.35116852])
243.2632 	EXP 	noise_3: autoDraw = True
243.2632 	EXP 	surround_grating: autoDraw = True
243.2632 	EXP 	center_grating: autoDraw = True
243.3364 	EXP 	noise_3: autoDraw = False
243.3364 	EXP 	surround_grating: autoDraw = False
243.3364 	EXP 	center_grating: autoDraw = False
243.9511 	EXP 	New trial (rep=0, index=44): <Trial 44 (44 in rep 0) data={'center': 2, 'surround': 0.0, 'type': 'c+2', 'surr_type': 'noss', 'orient_opacity': 0, 'noise_opacity': 100, 'isi': 1.25, 'thisN': 44, 'thisTrialN': 44, 'thisRepN': 0}>
243.9565 	DATA 	Keypress: period
243.9626 	INFO 	Keyboard events cleared
243.9620 	EXP 	noise_3: autoDraw = False
243.9620 	EXP 	surround_grating: autoDraw = False
243.9620 	EXP 	center_grating: autoDraw = False
243.9620 	EXP 	text_2: autoDraw = False
243.9620 	EXP 	surround_grating: ori = 0.0
243.9620 	EXP 	surround_grating: sf = array([2.5, 2.5])
243.9620 	EXP 	surround_grating: phase = array([0.34022652, 0.34022652])
243.9620 	EXP 	center_grating: ori = 2.0
243.9620 	EXP 	center_grating: sf = array([2.5, 2.5])
243.9620 	EXP 	center_grating: phase = array([0.2268699, 0.2268699])
245.1975 	EXP 	noise_3: autoDraw = True
245.1975 	EXP 	surround_grating: autoDraw = True
245.1975 	EXP 	center_grating: autoDraw = True
245.2698 	EXP 	noise_3: autoDraw = False
245.2698 	EXP 	surround_grating: autoDraw = False
245.2698 	EXP 	center_grating: autoDraw = False
245.7842 	EXP 	New trial (rep=0, index=45): <Trial 45 (45 in rep 0) data={'center': 2, 'surround': 15.0, 'type': 'c+2', 'surr_type': 'poss', 'orient_opacity': 100, 'noise_opacity': 0, 'isi': 1.0, 'thisN': 45, 'thisTrialN': 45, 'thisRepN': 0}>
245.7894 	DATA 	Keypress: period
245.7956 	INFO 	Keyboard events cleared
245.7950 	EXP 	noise_3: autoDraw = False
245.7950 	EXP 	surround_grating: autoDraw = False
245.7950 	EXP 	center_grating: autoDraw = False
245.7950 	EXP 	text_2: autoDraw = False
245.7950 	EXP 	surround_grating: ori = 15.0
245.7950 	EXP 	surround_grating: sf = array([2.5, 2.5])
245.7950 	EXP 	surround_grating: phase = array([0.01558511, 0.01558511])
245.7950 	EXP 	center_grating: ori = 2.0
245.7950 	EXP 	center_grating: sf = array([2.5, 2.5])
245.7950 	EXP 	center_grating: phase = array([0.56525918, 0.56525918])
246.7810 	EXP 	noise_3: autoDraw = True
246.7810 	EXP 	surround_grating: autoDraw = True
246.7810 	EXP 	center_grating: autoDraw = True
246.8544 	EXP 	noise_3: autoDraw = False
246.8544 	EXP 	surround_grating: autoDraw = False
246.8544 	EXP 	center_grating: autoDraw = False
248.1677 	EXP 	New trial (rep=0, index=46): <Trial 46 (46 in rep 0) data={'center': -2, 'surround': -15.0, 'type': 'c-2', 'surr_type': 'negs', 'orient_opacity': 100, 'noise_opacity': 0, 'isi': 1.0, 'thisN': 46, 'thisTrialN': 46, 'thisRepN': 0}>
248.1739 	DATA 	Keypress: period
248.1802 	INFO 	Keyboard events cleared
248.1797 	EXP 	noise_3: autoDraw = False
248.1797 	EXP 	surround_grating: autoDraw = False
248.1797 	EXP 	center_grating: autoDraw = False
248.1797 	EXP 	text_2: autoDraw = False
248.1797 	EXP 	surround_grating: ori = -15.0
248.1797 	EXP 	surround_grating: sf = array([2.5, 2.5])
248.1797 	EXP 	surround_grating: phase = array([0.15316163, 0.15316163])
248.1797 	EXP 	center_grating: ori = -2.0
248.1797 	EXP 	center_grating: sf = array([2.5, 2.5])
248.1797 	EXP 	center_grating: phase = array([0.28492702, 0.28492702])
249.1644 	EXP 	noise_3: autoDraw = True
249.1644 	EXP 	surround_grating: autoDraw = True
249.1644 	EXP 	center_grating: autoDraw = True
249.2358 	EXP 	noise_3: autoDraw = False
249.2358 	EXP 	surround_grating: autoDraw = False
249.2358 	EXP 	center_grating: autoDraw = False
250.1998 	EXP 	New trial (rep=0, index=47): <Trial 47 (47 in rep 0) data={'center': -8, 'surround': -15.0, 'type': 'c-8', 'surr_type': 'negs', 'orient_opacity': 100, 'noise_opacity': 0, 'isi': 1.0, 'thisN': 47, 'thisTrialN': 47, 'thisRepN': 0}>
250.2048 	DATA 	Keypress: period
250.2111 	INFO 	Keyboard events cleared
250.2106 	EXP 	noise_3: autoDraw = False
250.2106 	EXP 	surround_grating: autoDraw = False
250.2106 	EXP 	center_grating: autoDraw = False
250.2106 	EXP 	text_2: autoDraw = False
250.2106 	EXP 	surround_grating: ori = -15.0
250.2106 	EXP 	surround_grating: sf = array([2.5, 2.5])
250.2106 	EXP 	surround_grating: phase = array([0.26023947, 0.26023947])
250.2106 	EXP 	center_grating: ori = -8.0
250.2106 	EXP 	center_grating: sf = array([2.5, 2.5])
250.2106 	EXP 	center_grating: phase = array([0.79313991, 0.79313991])
251.1978 	EXP 	noise_3: autoDraw = True
251.1978 	EXP 	surround_grating: autoDraw = True
251.1978 	EXP 	center_grating: autoDraw = True
251.2697 	EXP 	noise_3: autoDraw = False
251.2697 	EXP 	surround_grating: autoDraw = False
251.2697 	EXP 	center_grating: autoDraw = False
252.3022 	EXP 	New trial (rep=0, index=48): <Trial 48 (48 in rep 0) data={'center': 2, 'surround': 0.0, 'type': 'c+2', 'surr_type': 'noss', 'orient_opacity': 0, 'noise_opacity': 100, 'isi': 0.5, 'thisN': 48, 'thisTrialN': 48, 'thisRepN': 0}>
252.3075 	DATA 	Keypress: z
252.3137 	INFO 	Keyboard events cleared
252.3132 	EXP 	noise_3: autoDraw = False
252.3132 	EXP 	surround_grating: autoDraw = False
252.3132 	EXP 	center_grating: autoDraw = False
252.3132 	EXP 	text_2: autoDraw = False
252.3132 	EXP 	surround_grating: ori = 0.0
252.3132 	EXP 	surround_grating: sf = array([2.5, 2.5])
252.3132 	EXP 	surround_grating: phase = array([0.08615568, 0.08615568])
252.3132 	EXP 	center_grating: ori = 2.0
252.3132 	EXP 	center_grating: sf = array([2.5, 2.5])
252.3132 	EXP 	center_grating: phase = array([0.81418281, 0.81418281])
252.7978 	EXP 	noise_3: autoDraw = True
252.7978 	EXP 	surround_grating: autoDraw = True
252.7978 	EXP 	center_grating: autoDraw = True
252.8703 	EXP 	noise_3: autoDraw = False
252.8703 	EXP 	surround_grating: autoDraw = False
252.8703 	EXP 	center_grating: autoDraw = False
253.8059 	DATA 	Keypress: period
253.8124 	EXP 	New trial (rep=0, index=49): <Trial 49 (49 in rep 0) data={'center': -2, 'surround': -15.0, 'type': 'c-2', 'surr_type': 'negs', 'orient_opacity': 100, 'noise_opacity': 0, 'isi': 1.25, 'thisN': 49, 'thisTrialN': 49, 'thisRepN': 0}>
253.8199 	INFO 	Keyboard events cleared
253.8195 	EXP 	noise_3: autoDraw = False
253.8195 	EXP 	surround_grating: autoDraw = False
253.8195 	EXP 	center_grating: autoDraw = False
253.8195 	EXP 	text_2: autoDraw = False
253.8195 	EXP 	surround_grating: ori = -15.0
253.8195 	EXP 	surround_grating: sf = array([2.5, 2.5])
253.8195 	EXP 	surround_grating: phase = array([0.61956098, 0.61956098])
253.8195 	EXP 	center_grating: ori = -2.0
253.8195 	EXP 	center_grating: sf = array([2.5, 2.5])
253.8195 	EXP 	center_grating: phase = array([0.85913688, 0.85913688])
255.0573 	EXP 	noise_3: autoDraw = True
255.0573 	EXP 	surround_grating: autoDraw = True
255.0573 	EXP 	center_grating: autoDraw = True
255.1316 	EXP 	noise_3: autoDraw = False
255.1316 	EXP 	surround_grating: autoDraw = False
255.1316 	EXP 	center_grating: autoDraw = False
255.8902 	EXP 	New trial (rep=0, index=50): <Trial 50 (50 in rep 0) data={'center': 2, 'surround': -15.0, 'type': 'c+2', 'surr_type': 'negs', 'orient_opacity': 100, 'noise_opacity': 0, 'isi': 1.25, 'thisN': 50, 'thisTrialN': 50, 'thisRepN': 0}>
255.8958 	DATA 	Keypress: period
255.9016 	INFO 	Keyboard events cleared
255.9010 	EXP 	noise_3: autoDraw = False
255.9010 	EXP 	surround_grating: autoDraw = False
255.9010 	EXP 	center_grating: autoDraw = False
255.9010 	EXP 	text_2: autoDraw = False
255.9010 	EXP 	surround_grating: ori = -15.0
255.9010 	EXP 	surround_grating: sf = array([2.5, 2.5])
255.9010 	EXP 	surround_grating: phase = array([0.99844569, 0.99844569])
255.9010 	EXP 	center_grating: ori = 2.0
255.9010 	EXP 	center_grating: sf = array([2.5, 2.5])
255.9010 	EXP 	center_grating: phase = array([0.69643565, 0.69643565])
257.1413 	EXP 	noise_3: autoDraw = True
257.1413 	EXP 	surround_grating: autoDraw = True
257.1413 	EXP 	center_grating: autoDraw = True
257.2153 	EXP 	noise_3: autoDraw = False
257.2153 	EXP 	surround_grating: autoDraw = False
257.2153 	EXP 	center_grating: autoDraw = False
257.6852 	EXP 	New trial (rep=0, index=51): <Trial 51 (51 in rep 0) data={'center': 2, 'surround': 0.0, 'type': 'c+2', 'surr_type': 'noss', 'orient_opacity': 0, 'noise_opacity': 100, 'isi': 1.25, 'thisN': 51, 'thisTrialN': 51, 'thisRepN': 0}>
257.6906 	DATA 	Keypress: period
257.6968 	INFO 	Keyboard events cleared
257.6964 	EXP 	noise_3: autoDraw = False
257.6964 	EXP 	surround_grating: autoDraw = False
257.6964 	EXP 	center_grating: autoDraw = False
257.6964 	EXP 	text_2: autoDraw = False
257.6964 	EXP 	surround_grating: ori = 0.0
257.6964 	EXP 	surround_grating: sf = array([2.5, 2.5])
257.6964 	EXP 	surround_grating: phase = array([0.58054174, 0.58054174])
257.6964 	EXP 	center_grating: ori = 2.0
257.6964 	EXP 	center_grating: sf = array([2.5, 2.5])
257.6964 	EXP 	center_grating: phase = array([0.17467529, 0.17467529])
258.9314 	EXP 	noise_3: autoDraw = True
258.9314 	EXP 	surround_grating: autoDraw = True
258.9314 	EXP 	center_grating: autoDraw = True
259.0038 	EXP 	noise_3: autoDraw = False
259.0038 	EXP 	surround_grating: autoDraw = False
259.0038 	EXP 	center_grating: autoDraw = False
259.4566 	EXP 	New trial (rep=0, index=52): <Trial 52 (52 in rep 0) data={'center': -6, 'surround': -15.0, 'type': 'c-6', 'surr_type': 'negs', 'orient_opacity': 100, 'noise_opacity': 0, 'isi': 0.75, 'thisN': 52, 'thisTrialN': 52, 'thisRepN': 0}>
259.4619 	DATA 	Keypress: period
259.4682 	INFO 	Keyboard events cleared
259.4676 	EXP 	noise_3: autoDraw = False
259.4676 	EXP 	surround_grating: autoDraw = False
259.4676 	EXP 	center_grating: autoDraw = False
259.4676 	EXP 	text_2: autoDraw = False
259.4676 	EXP 	surround_grating: ori = -15.0
259.4676 	EXP 	surround_grating: sf = array([2.5, 2.5])
259.4676 	EXP 	surround_grating: phase = array([0.00860277, 0.00860277])
259.4676 	EXP 	center_grating: ori = -6.0
259.4676 	EXP 	center_grating: sf = array([2.5, 2.5])
259.4676 	EXP 	center_grating: phase = array([0.12014897, 0.12014897])
260.2082 	EXP 	noise_3: autoDraw = True
260.2082 	EXP 	surround_grating: autoDraw = True
260.2082 	EXP 	center_grating: autoDraw = True
260.2820 	EXP 	noise_3: autoDraw = False
260.2820 	EXP 	surround_grating: autoDraw = False
260.2820 	EXP 	center_grating: autoDraw = False
261.2502 	EXP 	New trial (rep=0, index=53): <Trial 53 (53 in rep 0) data={'center': -8, 'surround': -15.0, 'type': 'c-8', 'surr_type': 'negs', 'orient_opacity': 100, 'noise_opacity': 0, 'isi': 1.0, 'thisN': 53, 'thisTrialN': 53, 'thisRepN': 0}>
261.2552 	DATA 	Keypress: z
261.2615 	INFO 	Keyboard events cleared
261.2610 	EXP 	noise_3: autoDraw = False
261.2610 	EXP 	surround_grating: autoDraw = False
261.2610 	EXP 	center_grating: autoDraw = False
261.2610 	EXP 	text_2: autoDraw = False
261.2610 	EXP 	surround_grating: ori = -15.0
261.2610 	EXP 	surround_grating: sf = array([2.5, 2.5])
261.2610 	EXP 	surround_grating: phase = array([0.92082466, 0.92082466])
261.2610 	EXP 	center_grating: ori = -8.0
261.2610 	EXP 	center_grating: sf = array([2.5, 2.5])
261.2610 	EXP 	center_grating: phase = array([0.35563124, 0.35563124])
262.2482 	EXP 	noise_3: autoDraw = True
262.2482 	EXP 	surround_grating: autoDraw = True
262.2482 	EXP 	center_grating: autoDraw = True
262.3200 	EXP 	noise_3: autoDraw = False
262.3200 	EXP 	surround_grating: autoDraw = False
262.3200 	EXP 	center_grating: autoDraw = False
262.6900 	EXP 	New trial (rep=0, index=54): <Trial 54 (54 in rep 0) data={'center': -8, 'surround': -15.0, 'type': 'c-8', 'surr_type': 'negs', 'orient_opacity': 100, 'noise_opacity': 0, 'isi': 0.5, 'thisN': 54, 'thisTrialN': 54, 'thisRepN': 0}>
262.6953 	DATA 	Keypress: z
262.7014 	INFO 	Keyboard events cleared
262.7009 	EXP 	noise_3: autoDraw = False
262.7009 	EXP 	surround_grating: autoDraw = False
262.7009 	EXP 	center_grating: autoDraw = False
262.7009 	EXP 	text_2: autoDraw = False
262.7009 	EXP 	surround_grating: ori = -15.0
262.7009 	EXP 	surround_grating: sf = array([2.5, 2.5])
262.7009 	EXP 	surround_grating: phase = array([0.77700072, 0.77700072])
262.7009 	EXP 	center_grating: ori = -8.0
262.7009 	EXP 	center_grating: sf = array([2.5, 2.5])
262.7009 	EXP 	center_grating: phase = array([0.7674399, 0.7674399])
263.1913 	EXP 	noise_3: autoDraw = True
263.1913 	EXP 	surround_grating: autoDraw = True
263.1913 	EXP 	center_grating: autoDraw = True
263.2654 	EXP 	noise_3: autoDraw = False
263.2654 	EXP 	surround_grating: autoDraw = False
263.2654 	EXP 	center_grating: autoDraw = False
263.6347 	EXP 	New trial (rep=0, index=55): <Trial 55 (55 in rep 0) data={'center': -6, 'surround': -15.0, 'type': 'c-6', 'surr_type': 'negs', 'orient_opacity': 100, 'noise_opacity': 0, 'isi': 0.5, 'thisN': 55, 'thisTrialN': 55, 'thisRepN': 0}>
263.6403 	DATA 	Keypress: z
263.6463 	INFO 	Keyboard events cleared
263.6457 	EXP 	noise_3: autoDraw = False
263.6457 	EXP 	surround_grating: autoDraw = False
263.6457 	EXP 	center_grating: autoDraw = False
263.6457 	EXP 	text_2: autoDraw = False
263.6457 	EXP 	surround_grating: ori = -15.0
263.6457 	EXP 	surround_grating: sf = array([2.5, 2.5])
263.6457 	EXP 	surround_grating: phase = array([0.34246018, 0.34246018])
263.6457 	EXP 	center_grating: ori = -6.0
263.6457 	EXP 	center_grating: sf = array([2.5, 2.5])
263.6457 	EXP 	center_grating: phase = array([0.42400665, 0.42400665])
264.1309 	EXP 	noise_3: autoDraw = True
264.1309 	EXP 	surround_grating: autoDraw = True
264.1309 	EXP 	center_grating: autoDraw = True
264.2041 	EXP 	noise_3: autoDraw = False
264.2041 	EXP 	surround_grating: autoDraw = False
264.2041 	EXP 	center_grating: autoDraw = False
264.5555 	DATA 	Keypress: z
264.5626 	EXP 	New trial (rep=0, index=56): <Trial 56 (56 in rep 0) data={'center': 0, 'surround': 0.0, 'type': 'c+0', 'surr_type': 'noss', 'orient_opacity': 0, 'noise_opacity': 100, 'isi': 0.75, 'thisN': 56, 'thisTrialN': 56, 'thisRepN': 0}>
264.5699 	INFO 	Keyboard events cleared
264.5694 	EXP 	noise_3: autoDraw = False
264.5694 	EXP 	surround_grating: autoDraw = False
264.5694 	EXP 	center_grating: autoDraw = False
264.5694 	EXP 	text_2: autoDraw = False
264.5694 	EXP 	surround_grating: ori = 0.0
264.5694 	EXP 	surround_grating: sf = array([2.5, 2.5])
264.5694 	EXP 	surround_grating: phase = array([0.66721992, 0.66721992])
264.5694 	EXP 	center_grating: ori = 0.0
264.5694 	EXP 	center_grating: sf = array([2.5, 2.5])
264.5694 	EXP 	center_grating: phase = array([0.64594485, 0.64594485])
265.3070 	EXP 	noise_3: autoDraw = True
265.3070 	EXP 	surround_grating: autoDraw = True
265.3070 	EXP 	center_grating: autoDraw = True
265.3822 	EXP 	noise_3: autoDraw = False
265.3822 	EXP 	surround_grating: autoDraw = False
265.3822 	EXP 	center_grating: autoDraw = False
266.1518 	EXP 	New trial (rep=0, index=57): <Trial 57 (57 in rep 0) data={'center': -4, 'surround': -15.0, 'type': 'c-4', 'surr_type': 'negs', 'orient_opacity': 100, 'noise_opacity': 0, 'isi': 0.75, 'thisN': 57, 'thisTrialN': 57, 'thisRepN': 0}>
266.1573 	DATA 	Keypress: period
266.1633 	INFO 	Keyboard events cleared
266.1628 	EXP 	noise_3: autoDraw = False
266.1628 	EXP 	surround_grating: autoDraw = False
266.1628 	EXP 	center_grating: autoDraw = False
266.1628 	EXP 	text_2: autoDraw = False
266.1628 	EXP 	surround_grating: ori = -15.0
266.1628 	EXP 	surround_grating: sf = array([2.5, 2.5])
266.1628 	EXP 	surround_grating: phase = array([0.95304052, 0.95304052])
266.1628 	EXP 	center_grating: ori = -4.0
266.1628 	EXP 	center_grating: sf = array([2.5, 2.5])
266.1628 	EXP 	center_grating: phase = array([0.00152114, 0.00152114])
266.8977 	EXP 	noise_3: autoDraw = True
266.8977 	EXP 	surround_grating: autoDraw = True
266.8977 	EXP 	center_grating: autoDraw = True
266.9704 	EXP 	noise_3: autoDraw = False
266.9704 	EXP 	surround_grating: autoDraw = False
266.9704 	EXP 	center_grating: autoDraw = False
267.8067 	EXP 	New trial (rep=0, index=58): <Trial 58 (58 in rep 0) data={'center': 2, 'surround': 0.0, 'type': 'c+2', 'surr_type': 'noss', 'orient_opacity': 0, 'noise_opacity': 100, 'isi': 1.0, 'thisN': 58, 'thisTrialN': 58, 'thisRepN': 0}>
267.8119 	DATA 	Keypress: z
267.8182 	INFO 	Keyboard events cleared
267.8177 	EXP 	noise_3: autoDraw = False
267.8177 	EXP 	surround_grating: autoDraw = False
267.8177 	EXP 	center_grating: autoDraw = False
267.8177 	EXP 	text_2: autoDraw = False
267.8177 	EXP 	surround_grating: ori = 0.0
267.8177 	EXP 	surround_grating: sf = array([2.5, 2.5])
267.8177 	EXP 	surround_grating: phase = array([0.8860402, 0.8860402])
267.8177 	EXP 	center_grating: ori = 2.0
267.8177 	EXP 	center_grating: sf = array([2.5, 2.5])
267.8177 	EXP 	center_grating: phase = array([0.3421594, 0.3421594])
268.8082 	EXP 	noise_3: autoDraw = True
268.8082 	EXP 	surround_grating: autoDraw = True
268.8082 	EXP 	center_grating: autoDraw = True
268.8825 	EXP 	noise_3: autoDraw = False
268.8825 	EXP 	surround_grating: autoDraw = False
268.8825 	EXP 	center_grating: autoDraw = False
269.3862 	EXP 	New trial (rep=0, index=59): <Trial 59 (59 in rep 0) data={'center': 6, 'surround': 15.0, 'type': 'c+6', 'surr_type': 'poss', 'orient_opacity': 100, 'noise_opacity': 0, 'isi': 0.75, 'thisN': 59, 'thisTrialN': 59, 'thisRepN': 0}>
269.3929 	DATA 	Keypress: period
269.3988 	INFO 	Keyboard events cleared
269.3983 	EXP 	noise_3: autoDraw = False
269.3983 	EXP 	surround_grating: autoDraw = False
269.3983 	EXP 	center_grating: autoDraw = False
269.3983 	EXP 	text_2: autoDraw = False
269.3983 	EXP 	surround_grating: ori = 15.0
269.3983 	EXP 	surround_grating: sf = array([2.5, 2.5])
269.3983 	EXP 	surround_grating: phase = array([0.28945708, 0.28945708])
269.3983 	EXP 	center_grating: ori = 6.0
269.3983 	EXP 	center_grating: sf = array([2.5, 2.5])
269.3983 	EXP 	center_grating: phase = array([0.56988388, 0.56988388])
270.1319 	EXP 	noise_3: autoDraw = True
270.1319 	EXP 	surround_grating: autoDraw = True
270.1319 	EXP 	center_grating: autoDraw = True
270.2048 	EXP 	noise_3: autoDraw = False
270.2048 	EXP 	surround_grating: autoDraw = False
270.2048 	EXP 	center_grating: autoDraw = False
270.6734 	EXP 	New trial (rep=0, index=60): <Trial 60 (60 in rep 0) data={'center': 0, 'surround': 0.0, 'type': 'c+0', 'surr_type': 'noss', 'orient_opacity': 0, 'noise_opacity': 100, 'isi': 0.75, 'thisN': 60, 'thisTrialN': 60, 'thisRepN': 0}>
270.6770 	DATA 	Keypress: period
270.6821 	INFO 	Keyboard events cleared
270.6817 	EXP 	noise_3: autoDraw = False
270.6817 	EXP 	surround_grating: autoDraw = False
270.6817 	EXP 	center_grating: autoDraw = False
270.6817 	EXP 	text_2: autoDraw = False
270.6817 	EXP 	surround_grating: ori = 0.0
270.6817 	EXP 	surround_grating: sf = array([2.5, 2.5])
270.6817 	EXP 	surround_grating: phase = array([0.12636385, 0.12636385])
270.6817 	EXP 	center_grating: ori = 0.0
270.6817 	EXP 	center_grating: sf = array([2.5, 2.5])
270.6817 	EXP 	center_grating: phase = array([0.27959738, 0.27959738])
271.4252 	EXP 	noise_3: autoDraw = True
271.4252 	EXP 	surround_grating: autoDraw = True
271.4252 	EXP 	center_grating: autoDraw = True
271.4991 	EXP 	noise_3: autoDraw = False
271.4991 	EXP 	surround_grating: autoDraw = False
271.4991 	EXP 	center_grating: autoDraw = False
272.9274 	DATA 	Keypress: period
272.9503 	EXP 	New trial (rep=0, index=61): <Trial 61 (61 in rep 0) data={'center': -2, 'surround': 15.0, 'type': 'c-2', 'surr_type': 'poss', 'orient_opacity': 100, 'noise_opacity': 0, 'isi': 0.5, 'thisN': 61, 'thisTrialN': 61, 'thisRepN': 0}>
272.9662 	INFO 	Keyboard events cleared
272.9657 	EXP 	noise_3: autoDraw = False
272.9657 	EXP 	surround_grating: autoDraw = False
272.9657 	EXP 	center_grating: autoDraw = False
272.9657 	EXP 	text_2: autoDraw = False
272.9657 	EXP 	surround_grating: ori = 15.0
272.9657 	EXP 	surround_grating: sf = array([2.5, 2.5])
272.9657 	EXP 	surround_grating: phase = array([0.95971103, 0.95971103])
272.9657 	EXP 	center_grating: ori = -2.0
272.9657 	EXP 	center_grating: sf = array([2.5, 2.5])
272.9657 	EXP 	center_grating: phase = array([0.11974341, 0.11974341])
273.4413 	EXP 	noise_3: autoDraw = True
273.4413 	EXP 	surround_grating: autoDraw = True
273.4413 	EXP 	center_grating: autoDraw = True
273.5160 	EXP 	noise_3: autoDraw = False
273.5160 	EXP 	surround_grating: autoDraw = False
273.5160 	EXP 	center_grating: autoDraw = False
274.1194 	EXP 	New trial (rep=0, index=62): <Trial 62 (62 in rep 0) data={'center': 8, 'surround': 15.0, 'type': 'c+8', 'surr_type': 'poss', 'orient_opacity': 100, 'noise_opacity': 0, 'isi': 1.25, 'thisN': 62, 'thisTrialN': 62, 'thisRepN': 0}>
274.1253 	DATA 	Keypress: z
274.1310 	INFO 	Keyboard events cleared
274.1305 	EXP 	noise_3: autoDraw = False
274.1305 	EXP 	surround_grating: autoDraw = False
274.1305 	EXP 	center_grating: autoDraw = False
274.1305 	EXP 	text_2: autoDraw = False
274.1305 	EXP 	surround_grating: ori = 15.0
274.1305 	EXP 	surround_grating: sf = array([2.5, 2.5])
274.1305 	EXP 	surround_grating: phase = array([0.40857504, 0.40857504])
274.1305 	EXP 	center_grating: ori = 8.0
274.1305 	EXP 	center_grating: sf = array([2.5, 2.5])
274.1305 	EXP 	center_grating: phase = array([0.39157423, 0.39157423])
275.3647 	EXP 	noise_3: autoDraw = True
275.3647 	EXP 	surround_grating: autoDraw = True
275.3647 	EXP 	center_grating: autoDraw = True
275.4376 	EXP 	noise_3: autoDraw = False
275.4376 	EXP 	surround_grating: autoDraw = False
275.4376 	EXP 	center_grating: autoDraw = False
275.9025 	EXP 	New trial (rep=0, index=63): <Trial 63 (63 in rep 0) data={'center': 4, 'surround': 0.0, 'type': 'c+4', 'surr_type': 'noss', 'orient_opacity': 0, 'noise_opacity': 100, 'isi': 1.25, 'thisN': 63, 'thisTrialN': 63, 'thisRepN': 0}>
275.9083 	DATA 	Keypress: period
275.9144 	INFO 	Keyboard events cleared
275.9140 	EXP 	noise_3: autoDraw = False
275.9140 	EXP 	surround_grating: autoDraw = False
275.9140 	EXP 	center_grating: autoDraw = False
275.9140 	EXP 	text_2: autoDraw = False
275.9140 	EXP 	surround_grating: ori = 0.0
275.9140 	EXP 	surround_grating: sf = array([2.5, 2.5])
275.9140 	EXP 	surround_grating: phase = array([0.89848904, 0.89848904])
275.9140 	EXP 	center_grating: ori = 4.0
275.9140 	EXP 	center_grating: sf = array([2.5, 2.5])
275.9140 	EXP 	center_grating: phase = array([0.06426998, 0.06426998])
277.1488 	EXP 	noise_3: autoDraw = True
277.1488 	EXP 	surround_grating: autoDraw = True
277.1488 	EXP 	center_grating: autoDraw = True
277.2208 	EXP 	noise_3: autoDraw = False
277.2208 	EXP 	surround_grating: autoDraw = False
277.2208 	EXP 	center_grating: autoDraw = False
277.6744 	EXP 	New trial (rep=0, index=64): <Trial 64 (64 in rep 0) data={'center': 8, 'surround': 15.0, 'type': 'c+8', 'surr_type': 'poss', 'orient_opacity': 100, 'noise_opacity': 0, 'isi': 0.75, 'thisN': 64, 'thisTrialN': 64, 'thisRepN': 0}>
277.6795 	DATA 	Keypress: period
277.6855 	INFO 	Keyboard events cleared
277.6850 	EXP 	noise_3: autoDraw = False
277.6850 	EXP 	surround_grating: autoDraw = False
277.6850 	EXP 	center_grating: autoDraw = False
277.6850 	EXP 	text_2: autoDraw = False
277.6850 	EXP 	surround_grating: ori = 15.0
277.6850 	EXP 	surround_grating: sf = array([2.5, 2.5])
277.6850 	EXP 	surround_grating: phase = array([0.25655803, 0.25655803])
277.6850 	EXP 	center_grating: ori = 8.0
277.6850 	EXP 	center_grating: sf = array([2.5, 2.5])
277.6850 	EXP 	center_grating: phase = array([0.60098703, 0.60098703])
278.4249 	EXP 	noise_3: autoDraw = True
278.4249 	EXP 	surround_grating: autoDraw = True
278.4249 	EXP 	center_grating: autoDraw = True
278.4991 	EXP 	noise_3: autoDraw = False
278.4991 	EXP 	surround_grating: autoDraw = False
278.4991 	EXP 	center_grating: autoDraw = False
278.9584 	EXP 	New trial (rep=0, index=65): <Trial 65 (65 in rep 0) data={'center': 8, 'surround': 15.0, 'type': 'c+8', 'surr_type': 'poss', 'orient_opacity': 100, 'noise_opacity': 0, 'isi': 1.25, 'thisN': 65, 'thisTrialN': 65, 'thisRepN': 0}>
278.9636 	DATA 	Keypress: period
278.9691 	INFO 	Keyboard events cleared
278.9685 	EXP 	noise_3: autoDraw = False
278.9685 	EXP 	surround_grating: autoDraw = False
278.9685 	EXP 	center_grating: autoDraw = False
278.9685 	EXP 	text_2: autoDraw = False
278.9685 	EXP 	surround_grating: ori = 15.0
278.9685 	EXP 	surround_grating: sf = array([2.5, 2.5])
278.9685 	EXP 	surround_grating: phase = array([0.02429299, 0.02429299])
278.9685 	EXP 	center_grating: ori = 8.0
278.9685 	EXP 	center_grating: sf = array([2.5, 2.5])
278.9685 	EXP 	center_grating: phase = array([0.28071878, 0.28071878])
280.2078 	EXP 	noise_3: autoDraw = True
280.2078 	EXP 	surround_grating: autoDraw = True
280.2078 	EXP 	center_grating: autoDraw = True
280.2825 	EXP 	noise_3: autoDraw = False
280.2825 	EXP 	surround_grating: autoDraw = False
280.2825 	EXP 	center_grating: autoDraw = False
280.6905 	EXP 	New trial (rep=0, index=66): <Trial 66 (66 in rep 0) data={'center': -2, 'surround': 0.0, 'type': 'c-2', 'surr_type': 'noss', 'orient_opacity': 0, 'noise_opacity': 100, 'isi': 0.5, 'thisN': 66, 'thisTrialN': 66, 'thisRepN': 0}>
280.6955 	DATA 	Keypress: period
280.7017 	INFO 	Keyboard events cleared
280.7013 	EXP 	noise_3: autoDraw = False
280.7013 	EXP 	surround_grating: autoDraw = False
280.7013 	EXP 	center_grating: autoDraw = False
280.7013 	EXP 	text_2: autoDraw = False
280.7013 	EXP 	surround_grating: ori = 0.0
280.7013 	EXP 	surround_grating: sf = array([2.5, 2.5])
280.7013 	EXP 	surround_grating: phase = array([0.02945573, 0.02945573])
280.7013 	EXP 	center_grating: ori = -2.0
280.7013 	EXP 	center_grating: sf = array([2.5, 2.5])
280.7013 	EXP 	center_grating: phase = array([0.35075121, 0.35075121])
281.1924 	EXP 	noise_3: autoDraw = True
281.1924 	EXP 	surround_grating: autoDraw = True
281.1924 	EXP 	center_grating: autoDraw = True
281.2661 	EXP 	noise_3: autoDraw = False
281.2661 	EXP 	surround_grating: autoDraw = False
281.2661 	EXP 	center_grating: autoDraw = False
281.8240 	EXP 	New trial (rep=0, index=67): <Trial 67 (67 in rep 0) data={'center': 0, 'surround': -15.0, 'type': 'c+0', 'surr_type': 'negs', 'orient_opacity': 100, 'noise_opacity': 0, 'isi': 0.5, 'thisN': 67, 'thisTrialN': 67, 'thisRepN': 0}>
281.8290 	DATA 	Keypress: z
281.8353 	INFO 	Keyboard events cleared
281.8348 	EXP 	noise_3: autoDraw = False
281.8348 	EXP 	surround_grating: autoDraw = False
281.8348 	EXP 	center_grating: autoDraw = False
281.8348 	EXP 	text_2: autoDraw = False
281.8348 	EXP 	surround_grating: ori = -15.0
281.8348 	EXP 	surround_grating: sf = array([2.5, 2.5])
281.8348 	EXP 	surround_grating: phase = array([0.37135722, 0.37135722])
281.8348 	EXP 	center_grating: ori = 0.0
281.8348 	EXP 	center_grating: sf = array([2.5, 2.5])
281.8348 	EXP 	center_grating: phase = array([0.79719881, 0.79719881])
282.3253 	EXP 	noise_3: autoDraw = True
282.3253 	EXP 	surround_grating: autoDraw = True
282.3253 	EXP 	center_grating: autoDraw = True
282.3995 	EXP 	noise_3: autoDraw = False
282.3995 	EXP 	surround_grating: autoDraw = False
282.3995 	EXP 	center_grating: autoDraw = False
282.9538 	EXP 	New trial (rep=0, index=68): <Trial 68 (68 in rep 0) data={'center': -4, 'surround': -15.0, 'type': 'c-4', 'surr_type': 'negs', 'orient_opacity': 100, 'noise_opacity': 0, 'isi': 1.25, 'thisN': 68, 'thisTrialN': 68, 'thisRepN': 0}>
282.9593 	DATA 	Keypress: period
282.9654 	INFO 	Keyboard events cleared
282.9649 	EXP 	noise_3: autoDraw = False
282.9649 	EXP 	surround_grating: autoDraw = False
282.9649 	EXP 	center_grating: autoDraw = False
282.9649 	EXP 	text_2: autoDraw = False
282.9649 	EXP 	surround_grating: ori = -15.0
282.9649 	EXP 	surround_grating: sf = array([2.5, 2.5])
282.9649 	EXP 	surround_grating: phase = array([0.61228629, 0.61228629])
282.9649 	EXP 	center_grating: ori = -4.0
282.9649 	EXP 	center_grating: sf = array([2.5, 2.5])
282.9649 	EXP 	center_grating: phase = array([0.29501123, 0.29501123])
284.1990 	EXP 	noise_3: autoDraw = True
284.1990 	EXP 	surround_grating: autoDraw = True
284.1990 	EXP 	center_grating: autoDraw = True
284.2712 	EXP 	noise_3: autoDraw = False
284.2712 	EXP 	surround_grating: autoDraw = False
284.2712 	EXP 	center_grating: autoDraw = False
284.6865 	EXP 	New trial (rep=0, index=69): <Trial 69 (69 in rep 0) data={'center': 4, 'surround': 15.0, 'type': 'c+4', 'surr_type': 'poss', 'orient_opacity': 100, 'noise_opacity': 0, 'isi': 1.0, 'thisN': 69, 'thisTrialN': 69, 'thisRepN': 0}>
284.6920 	DATA 	Keypress: period
284.6979 	INFO 	Keyboard events cleared
284.6975 	EXP 	noise_3: autoDraw = False
284.6975 	EXP 	surround_grating: autoDraw = False
284.6975 	EXP 	center_grating: autoDraw = False
284.6975 	EXP 	text_2: autoDraw = False
284.6975 	EXP 	surround_grating: ori = 15.0
284.6975 	EXP 	surround_grating: sf = array([2.5, 2.5])
284.6975 	EXP 	surround_grating: phase = array([0.08396263, 0.08396263])
284.6975 	EXP 	center_grating: ori = 4.0
284.6975 	EXP 	center_grating: sf = array([2.5, 2.5])
284.6975 	EXP 	center_grating: phase = array([0.83575526, 0.83575526])
285.6824 	EXP 	noise_3: autoDraw = True
285.6824 	EXP 	surround_grating: autoDraw = True
285.6824 	EXP 	center_grating: autoDraw = True
285.7544 	EXP 	noise_3: autoDraw = False
285.7544 	EXP 	surround_grating: autoDraw = False
285.7544 	EXP 	center_grating: autoDraw = False
286.0687 	EXP 	New trial (rep=0, index=70): <Trial 70 (70 in rep 0) data={'center': 2, 'surround': -15.0, 'type': 'c+2', 'surr_type': 'negs', 'orient_opacity': 100, 'noise_opacity': 0, 'isi': 1.0, 'thisN': 70, 'thisTrialN': 70, 'thisRepN': 0}>
286.0741 	DATA 	Keypress: period
286.0801 	INFO 	Keyboard events cleared
286.0795 	EXP 	noise_3: autoDraw = False
286.0795 	EXP 	surround_grating: autoDraw = False
286.0795 	EXP 	center_grating: autoDraw = False
286.0795 	EXP 	text_2: autoDraw = False
286.0795 	EXP 	surround_grating: ori = -15.0
286.0795 	EXP 	surround_grating: sf = array([2.5, 2.5])
286.0795 	EXP 	surround_grating: phase = array([0.33215585, 0.33215585])
286.0795 	EXP 	center_grating: ori = 2.0
286.0795 	EXP 	center_grating: sf = array([2.5, 2.5])
286.0795 	EXP 	center_grating: phase = array([0.75442323, 0.75442323])
287.0658 	EXP 	noise_3: autoDraw = True
287.0658 	EXP 	surround_grating: autoDraw = True
287.0658 	EXP 	center_grating: autoDraw = True
287.1386 	EXP 	noise_3: autoDraw = False
287.1386 	EXP 	surround_grating: autoDraw = False
287.1386 	EXP 	center_grating: autoDraw = False
287.5198 	EXP 	New trial (rep=0, index=71): <Trial 71 (71 in rep 0) data={'center': 6, 'surround': 15.0, 'type': 'c+6', 'surr_type': 'poss', 'orient_opacity': 100, 'noise_opacity': 0, 'isi': 1.0, 'thisN': 71, 'thisTrialN': 71, 'thisRepN': 0}>
287.5251 	DATA 	Keypress: period
287.5315 	INFO 	Keyboard events cleared
287.5310 	EXP 	noise_3: autoDraw = False
287.5310 	EXP 	surround_grating: autoDraw = False
287.5310 	EXP 	center_grating: autoDraw = False
287.5310 	EXP 	text_2: autoDraw = False
287.5310 	EXP 	surround_grating: ori = 15.0
287.5310 	EXP 	surround_grating: sf = array([2.5, 2.5])
287.5310 	EXP 	surround_grating: phase = array([0.60271075, 0.60271075])
287.5310 	EXP 	center_grating: ori = 6.0
287.5310 	EXP 	center_grating: sf = array([2.5, 2.5])
287.5310 	EXP 	center_grating: phase = array([0.25432412, 0.25432412])
288.5159 	EXP 	noise_3: autoDraw = True
288.5159 	EXP 	surround_grating: autoDraw = True
288.5159 	EXP 	center_grating: autoDraw = True
288.5886 	EXP 	noise_3: autoDraw = False
288.5886 	EXP 	surround_grating: autoDraw = False
288.5886 	EXP 	center_grating: autoDraw = False
288.9249 	EXP 	New trial (rep=0, index=72): <Trial 72 (72 in rep 0) data={'center': -6, 'surround': -15.0, 'type': 'c-6', 'surr_type': 'negs', 'orient_opacity': 100, 'noise_opacity': 0, 'isi': 0.75, 'thisN': 72, 'thisTrialN': 72, 'thisRepN': 0}>
288.9301 	DATA 	Keypress: period
288.9360 	INFO 	Keyboard events cleared
288.9355 	EXP 	noise_3: autoDraw = False
288.9355 	EXP 	surround_grating: autoDraw = False
288.9355 	EXP 	center_grating: autoDraw = False
288.9355 	EXP 	text_2: autoDraw = False
288.9355 	EXP 	surround_grating: ori = -15.0
288.9355 	EXP 	surround_grating: sf = array([2.5, 2.5])
288.9355 	EXP 	surround_grating: phase = array([0.40709746, 0.40709746])
288.9355 	EXP 	center_grating: ori = -6.0
288.9355 	EXP 	center_grating: sf = array([2.5, 2.5])
288.9355 	EXP 	center_grating: phase = array([0.52651882, 0.52651882])
289.6756 	EXP 	noise_3: autoDraw = True
289.6756 	EXP 	surround_grating: autoDraw = True
289.6756 	EXP 	center_grating: autoDraw = True
289.7499 	EXP 	noise_3: autoDraw = False
289.7499 	EXP 	surround_grating: autoDraw = False
289.7499 	EXP 	center_grating: autoDraw = False
290.3251 	EXP 	New trial (rep=0, index=73): <Trial 73 (73 in rep 0) data={'center': 2, 'surround': -15.0, 'type': 'c+2', 'surr_type': 'negs', 'orient_opacity': 100, 'noise_opacity': 0, 'isi': 1.25, 'thisN': 73, 'thisTrialN': 73, 'thisRepN': 0}>
290.3309 	DATA 	Keypress: z
290.3362 	INFO 	Keyboard events cleared
290.3357 	EXP 	noise_3: autoDraw = False
290.3357 	EXP 	surround_grating: autoDraw = False
290.3357 	EXP 	center_grating: autoDraw = False
290.3357 	EXP 	text_2: autoDraw = False
290.3357 	EXP 	surround_grating: ori = -15.0
290.3357 	EXP 	surround_grating: sf = array([2.5, 2.5])
290.3357 	EXP 	surround_grating: phase = array([0.02190223, 0.02190223])
290.3357 	EXP 	center_grating: ori = 2.0
290.3357 	EXP 	center_grating: sf = array([2.5, 2.5])
290.3357 	EXP 	center_grating: phase = array([0.67130112, 0.67130112])
291.5758 	EXP 	noise_3: autoDraw = True
291.5758 	EXP 	surround_grating: autoDraw = True
291.5758 	EXP 	center_grating: autoDraw = True
291.6499 	EXP 	noise_3: autoDraw = False
291.6499 	EXP 	surround_grating: autoDraw = False
291.6499 	EXP 	center_grating: autoDraw = False
292.0192 	EXP 	New trial (rep=0, index=74): <Trial 74 (74 in rep 0) data={'center': 0, 'surround': 0.0, 'type': 'c+0', 'surr_type': 'noss', 'orient_opacity': 0, 'noise_opacity': 100, 'isi': 1.0, 'thisN': 74, 'thisTrialN': 74, 'thisRepN': 0}>
292.0250 	DATA 	Keypress: period
292.0310 	INFO 	Keyboard events cleared
292.0304 	EXP 	noise_3: autoDraw = False
292.0304 	EXP 	surround_grating: autoDraw = False
292.0304 	EXP 	center_grating: autoDraw = False
292.0304 	EXP 	text_2: autoDraw = False
292.0304 	EXP 	surround_grating: ori = 0.0
292.0304 	EXP 	surround_grating: sf = array([2.5, 2.5])
292.0304 	EXP 	surround_grating: phase = array([0.73376803, 0.73376803])
292.0304 	EXP 	center_grating: ori = 0.0
292.0304 	EXP 	center_grating: sf = array([2.5, 2.5])
292.0304 	EXP 	center_grating: phase = array([0.46827843, 0.46827843])
293.0151 	EXP 	noise_3: autoDraw = True
293.0151 	EXP 	surround_grating: autoDraw = True
293.0151 	EXP 	center_grating: autoDraw = True
293.0883 	EXP 	noise_3: autoDraw = False
293.0883 	EXP 	surround_grating: autoDraw = False
293.0883 	EXP 	center_grating: autoDraw = False
294.6024 	EXP 	New trial (rep=0, index=75): <Trial 75 (75 in rep 0) data={'center': 0, 'surround': -15.0, 'type': 'c+0', 'surr_type': 'negs', 'orient_opacity': 100, 'noise_opacity': 0, 'isi': 0.75, 'thisN': 75, 'thisTrialN': 75, 'thisRepN': 0}>
294.6079 	DATA 	Keypress: z
294.6139 	INFO 	Keyboard events cleared
294.6134 	EXP 	noise_3: autoDraw = False
294.6134 	EXP 	surround_grating: autoDraw = False
294.6134 	EXP 	center_grating: autoDraw = False
294.6134 	EXP 	text_2: autoDraw = False
294.6134 	EXP 	surround_grating: ori = -15.0
294.6134 	EXP 	surround_grating: sf = array([2.5, 2.5])
294.6134 	EXP 	surround_grating: phase = array([0.62426204, 0.62426204])
294.6134 	EXP 	center_grating: ori = 0.0
294.6134 	EXP 	center_grating: sf = array([2.5, 2.5])
294.6134 	EXP 	center_grating: phase = array([0.07738699, 0.07738699])
295.3495 	EXP 	noise_3: autoDraw = True
295.3495 	EXP 	surround_grating: autoDraw = True
295.3495 	EXP 	center_grating: autoDraw = True
295.4227 	EXP 	noise_3: autoDraw = False
295.4227 	EXP 	surround_grating: autoDraw = False
295.4227 	EXP 	center_grating: autoDraw = False
295.8578 	EXP 	New trial (rep=0, index=76): <Trial 76 (76 in rep 0) data={'center': 8, 'surround': 15.0, 'type': 'c+8', 'surr_type': 'poss', 'orient_opacity': 100, 'noise_opacity': 0, 'isi': 0.5, 'thisN': 76, 'thisTrialN': 76, 'thisRepN': 0}>
295.8633 	DATA 	Keypress: period
295.8695 	INFO 	Keyboard events cleared
295.8690 	EXP 	noise_3: autoDraw = False
295.8690 	EXP 	surround_grating: autoDraw = False
295.8690 	EXP 	center_grating: autoDraw = False
295.8690 	EXP 	text_2: autoDraw = False
295.8690 	EXP 	surround_grating: ori = 15.0
295.8690 	EXP 	surround_grating: sf = array([2.5, 2.5])
295.8690 	EXP 	surround_grating: phase = array([0.27542234, 0.27542234])
295.8690 	EXP 	center_grating: ori = 8.0
295.8690 	EXP 	center_grating: sf = array([2.5, 2.5])
295.8690 	EXP 	center_grating: phase = array([0.94244829, 0.94244829])
296.3588 	EXP 	noise_3: autoDraw = True
296.3588 	EXP 	surround_grating: autoDraw = True
296.3588 	EXP 	center_grating: autoDraw = True
296.4330 	EXP 	noise_3: autoDraw = False
296.4330 	EXP 	surround_grating: autoDraw = False
296.4330 	EXP 	center_grating: autoDraw = False
296.8584 	EXP 	New trial (rep=0, index=77): <Trial 77 (77 in rep 0) data={'center': 2, 'surround': 0.0, 'type': 'c+2', 'surr_type': 'noss', 'orient_opacity': 0, 'noise_opacity': 100, 'isi': 1.25, 'thisN': 77, 'thisTrialN': 77, 'thisRepN': 0}>
296.8636 	DATA 	Keypress: period
296.8696 	INFO 	Keyboard events cleared
296.8690 	EXP 	noise_3: autoDraw = False
296.8690 	EXP 	surround_grating: autoDraw = False
296.8690 	EXP 	center_grating: autoDraw = False
296.8690 	EXP 	text_2: autoDraw = False
296.8690 	EXP 	surround_grating: ori = 0.0
296.8690 	EXP 	surround_grating: sf = array([2.5, 2.5])
296.8690 	EXP 	surround_grating: phase = array([0.36624408, 0.36624408])
296.8690 	EXP 	center_grating: ori = 2.0
296.8690 	EXP 	center_grating: sf = array([2.5, 2.5])
296.8690 	EXP 	center_grating: phase = array([0.40133401, 0.40133401])
298.1093 	EXP 	noise_3: autoDraw = True
298.1093 	EXP 	surround_grating: autoDraw = True
298.1093 	EXP 	center_grating: autoDraw = True
298.1835 	EXP 	noise_3: autoDraw = False
298.1835 	EXP 	surround_grating: autoDraw = False
298.1835 	EXP 	center_grating: autoDraw = False
299.3536 	EXP 	New trial (rep=0, index=78): <Trial 78 (78 in rep 0) data={'center': 2, 'surround': 15.0, 'type': 'c+2', 'surr_type': 'poss', 'orient_opacity': 100, 'noise_opacity': 0, 'isi': 1.0, 'thisN': 78, 'thisTrialN': 78, 'thisRepN': 0}>
299.3593 	DATA 	Keypress: period
299.3652 	INFO 	Keyboard events cleared
299.3648 	EXP 	noise_3: autoDraw = False
299.3648 	EXP 	surround_grating: autoDraw = False
299.3648 	EXP 	center_grating: autoDraw = False
299.3648 	EXP 	text_2: autoDraw = False
299.3648 	EXP 	surround_grating: ori = 15.0
299.3648 	EXP 	surround_grating: sf = array([2.5, 2.5])
299.3648 	EXP 	surround_grating: phase = array([0.6566067, 0.6566067])
299.3648 	EXP 	center_grating: ori = 2.0
299.3648 	EXP 	center_grating: sf = array([2.5, 2.5])
299.3648 	EXP 	center_grating: phase = array([0.28713608, 0.28713608])
300.3497 	EXP 	noise_3: autoDraw = True
300.3497 	EXP 	surround_grating: autoDraw = True
300.3497 	EXP 	center_grating: autoDraw = True
300.4214 	EXP 	noise_3: autoDraw = False
300.4214 	EXP 	surround_grating: autoDraw = False
300.4214 	EXP 	center_grating: autoDraw = False
301.5700 	EXP 	New trial (rep=0, index=79): <Trial 79 (79 in rep 0) data={'center': 0, 'surround': 0.0, 'type': 'c+0', 'surr_type': 'noss', 'orient_opacity': 0, 'noise_opacity': 100, 'isi': 1.25, 'thisN': 79, 'thisTrialN': 79, 'thisRepN': 0}>
301.5758 	DATA 	Keypress: z
301.5820 	INFO 	Keyboard events cleared
301.5813 	EXP 	noise_3: autoDraw = False
301.5813 	EXP 	surround_grating: autoDraw = False
301.5813 	EXP 	center_grating: autoDraw = False
301.5813 	EXP 	text_2: autoDraw = False
301.5813 	EXP 	surround_grating: ori = 0.0
301.5813 	EXP 	surround_grating: sf = array([2.5, 2.5])
301.5813 	EXP 	surround_grating: phase = array([0.2209927, 0.2209927])
301.5813 	EXP 	center_grating: ori = 0.0
301.5813 	EXP 	center_grating: sf = array([2.5, 2.5])
301.5813 	EXP 	center_grating: phase = array([0.96919198, 0.96919198])
302.8164 	EXP 	noise_3: autoDraw = True
302.8164 	EXP 	surround_grating: autoDraw = True
302.8164 	EXP 	center_grating: autoDraw = True
302.8886 	EXP 	noise_3: autoDraw = False
302.8886 	EXP 	surround_grating: autoDraw = False
302.8886 	EXP 	center_grating: autoDraw = False
306.0529 	EXP 	New trial (rep=0, index=80): <Trial 80 (80 in rep 0) data={'center': -4, 'surround': 0.0, 'type': 'c-4', 'surr_type': 'noss', 'orient_opacity': 0, 'noise_opacity': 100, 'isi': 1.0, 'thisN': 80, 'thisTrialN': 80, 'thisRepN': 0}>
306.0583 	DATA 	Keypress: period
306.0642 	INFO 	Keyboard events cleared
306.0638 	EXP 	noise_3: autoDraw = False
306.0638 	EXP 	surround_grating: autoDraw = False
306.0638 	EXP 	center_grating: autoDraw = False
306.0638 	EXP 	text_2: autoDraw = False
306.0638 	EXP 	surround_grating: ori = 0.0
306.0638 	EXP 	surround_grating: sf = array([2.5, 2.5])
306.0638 	EXP 	surround_grating: phase = array([0.74341628, 0.74341628])
306.0638 	EXP 	center_grating: ori = -4.0
306.0638 	EXP 	center_grating: sf = array([2.5, 2.5])
306.0638 	EXP 	center_grating: phase = array([0.95277408, 0.95277408])
307.0500 	EXP 	noise_3: autoDraw = True
307.0500 	EXP 	surround_grating: autoDraw = True
307.0500 	EXP 	center_grating: autoDraw = True
307.1222 	EXP 	noise_3: autoDraw = False
307.1222 	EXP 	surround_grating: autoDraw = False
307.1222 	EXP 	center_grating: autoDraw = False
307.5873 	EXP 	New trial (rep=0, index=81): <Trial 81 (81 in rep 0) data={'center': -2, 'surround': 0.0, 'type': 'c-2', 'surr_type': 'noss', 'orient_opacity': 0, 'noise_opacity': 100, 'isi': 1.0, 'thisN': 81, 'thisTrialN': 81, 'thisRepN': 0}>
307.5929 	DATA 	Keypress: z
307.6007 	INFO 	Keyboard events cleared
307.6001 	EXP 	noise_3: autoDraw = False
307.6001 	EXP 	surround_grating: autoDraw = False
307.6001 	EXP 	center_grating: autoDraw = False
307.6001 	EXP 	text_2: autoDraw = False
307.6001 	EXP 	surround_grating: ori = 0.0
307.6001 	EXP 	surround_grating: sf = array([2.5, 2.5])
307.6001 	EXP 	surround_grating: phase = array([0.80055648, 0.80055648])
307.6001 	EXP 	center_grating: ori = -2.0
307.6001 	EXP 	center_grating: sf = array([2.5, 2.5])
307.6001 	EXP 	center_grating: phase = array([0.78795663, 0.78795663])
308.5824 	EXP 	noise_3: autoDraw = True
308.5824 	EXP 	surround_grating: autoDraw = True
308.5824 	EXP 	center_grating: autoDraw = True
308.6552 	EXP 	noise_3: autoDraw = False
308.6552 	EXP 	surround_grating: autoDraw = False
308.6552 	EXP 	center_grating: autoDraw = False
309.2365 	EXP 	New trial (rep=0, index=82): <Trial 82 (82 in rep 0) data={'center': -2, 'surround': -15.0, 'type': 'c-2', 'surr_type': 'negs', 'orient_opacity': 100, 'noise_opacity': 0, 'isi': 1.25, 'thisN': 82, 'thisTrialN': 82, 'thisRepN': 0}>
309.2416 	DATA 	Keypress: z
309.2475 	INFO 	Keyboard events cleared
309.2471 	EXP 	noise_3: autoDraw = False
309.2471 	EXP 	surround_grating: autoDraw = False
309.2471 	EXP 	center_grating: autoDraw = False
309.2471 	EXP 	text_2: autoDraw = False
309.2471 	EXP 	surround_grating: ori = -15.0
309.2471 	EXP 	surround_grating: sf = array([2.5, 2.5])
309.2471 	EXP 	surround_grating: phase = array([0.29993353, 0.29993353])
309.2471 	EXP 	center_grating: ori = -2.0
309.2471 	EXP 	center_grating: sf = array([2.5, 2.5])
309.2471 	EXP 	center_grating: phase = array([0.57234439, 0.57234439])
310.4834 	EXP 	noise_3: autoDraw = True
310.4834 	EXP 	surround_grating: autoDraw = True
310.4834 	EXP 	center_grating: autoDraw = True
310.5555 	EXP 	noise_3: autoDraw = False
310.5555 	EXP 	surround_grating: autoDraw = False
310.5555 	EXP 	center_grating: autoDraw = False
311.3211 	EXP 	New trial (rep=0, index=83): <Trial 83 (83 in rep 0) data={'center': -6, 'surround': -15.0, 'type': 'c-6', 'surr_type': 'negs', 'orient_opacity': 100, 'noise_opacity': 0, 'isi': 1.25, 'thisN': 83, 'thisTrialN': 83, 'thisRepN': 0}>
311.3266 	DATA 	Keypress: period
311.3329 	INFO 	Keyboard events cleared
311.3324 	EXP 	noise_3: autoDraw = False
311.3324 	EXP 	surround_grating: autoDraw = False
311.3324 	EXP 	center_grating: autoDraw = False
311.3324 	EXP 	text_2: autoDraw = False
311.3324 	EXP 	surround_grating: ori = -15.0
311.3324 	EXP 	surround_grating: sf = array([2.5, 2.5])
311.3324 	EXP 	surround_grating: phase = array([0.43614173, 0.43614173])
311.3324 	EXP 	center_grating: ori = -6.0
311.3324 	EXP 	center_grating: sf = array([2.5, 2.5])
311.3324 	EXP 	center_grating: phase = array([0.18820977, 0.18820977])
312.5667 	EXP 	noise_3: autoDraw = True
312.5667 	EXP 	surround_grating: autoDraw = True
312.5667 	EXP 	center_grating: autoDraw = True
312.6390 	EXP 	noise_3: autoDraw = False
312.6390 	EXP 	surround_grating: autoDraw = False
312.6390 	EXP 	center_grating: autoDraw = False
313.0867 	EXP 	New trial (rep=0, index=84): <Trial 84 (84 in rep 0) data={'center': 0, 'surround': 0.0, 'type': 'c+0', 'surr_type': 'noss', 'orient_opacity': 0, 'noise_opacity': 100, 'isi': 0.5, 'thisN': 84, 'thisTrialN': 84, 'thisRepN': 0}>
313.0922 	DATA 	Keypress: z
313.0986 	INFO 	Keyboard events cleared
313.0981 	EXP 	noise_3: autoDraw = False
313.0981 	EXP 	surround_grating: autoDraw = False
313.0981 	EXP 	center_grating: autoDraw = False
313.0981 	EXP 	text_2: autoDraw = False
313.0981 	EXP 	surround_grating: ori = 0.0
313.0981 	EXP 	surround_grating: sf = array([2.5, 2.5])
313.0981 	EXP 	surround_grating: phase = array([0.64627235, 0.64627235])
313.0981 	EXP 	center_grating: ori = 0.0
313.0981 	EXP 	center_grating: sf = array([2.5, 2.5])
313.0981 	EXP 	center_grating: phase = array([0.13915506, 0.13915506])
313.5834 	EXP 	noise_3: autoDraw = True
313.5834 	EXP 	surround_grating: autoDraw = True
313.5834 	EXP 	center_grating: autoDraw = True
313.6561 	EXP 	noise_3: autoDraw = False
313.6561 	EXP 	surround_grating: autoDraw = False
313.6561 	EXP 	center_grating: autoDraw = False
315.0932 	EXP 	New trial (rep=0, index=85): <Trial 85 (85 in rep 0) data={'center': 0, 'surround': -15.0, 'type': 'c+0', 'surr_type': 'negs', 'orient_opacity': 100, 'noise_opacity': 0, 'isi': 0.75, 'thisN': 85, 'thisTrialN': 85, 'thisRepN': 0}>
315.0984 	DATA 	Keypress: z
315.1038 	INFO 	Keyboard events cleared
315.1033 	EXP 	noise_3: autoDraw = False
315.1033 	EXP 	surround_grating: autoDraw = False
315.1033 	EXP 	center_grating: autoDraw = False
315.1033 	EXP 	text_2: autoDraw = False
315.1033 	EXP 	surround_grating: ori = -15.0
315.1033 	EXP 	surround_grating: sf = array([2.5, 2.5])
315.1033 	EXP 	surround_grating: phase = array([0.78245679, 0.78245679])
315.1033 	EXP 	center_grating: ori = 0.0
315.1033 	EXP 	center_grating: sf = array([2.5, 2.5])
315.1033 	EXP 	center_grating: phase = array([0.54913239, 0.54913239])
315.8433 	EXP 	noise_3: autoDraw = True
315.8433 	EXP 	surround_grating: autoDraw = True
315.8433 	EXP 	center_grating: autoDraw = True
315.9174 	EXP 	noise_3: autoDraw = False
315.9174 	EXP 	surround_grating: autoDraw = False
315.9174 	EXP 	center_grating: autoDraw = False
316.4252 	EXP 	New trial (rep=0, index=86): <Trial 86 (86 in rep 0) data={'center': 2, 'surround': 0.0, 'type': 'c+2', 'surr_type': 'noss', 'orient_opacity': 0, 'noise_opacity': 100, 'isi': 1.0, 'thisN': 86, 'thisTrialN': 86, 'thisRepN': 0}>
316.4304 	DATA 	Keypress: period
316.4367 	INFO 	Keyboard events cleared
316.4362 	EXP 	noise_3: autoDraw = False
316.4362 	EXP 	surround_grating: autoDraw = False
316.4362 	EXP 	center_grating: autoDraw = False
316.4362 	EXP 	text_2: autoDraw = False
316.4362 	EXP 	surround_grating: ori = 0.0
316.4362 	EXP 	surround_grating: sf = array([2.5, 2.5])
316.4362 	EXP 	surround_grating: phase = array([0.94884696, 0.94884696])
316.4362 	EXP 	center_grating: ori = 2.0
316.4362 	EXP 	center_grating: sf = array([2.5, 2.5])
316.4362 	EXP 	center_grating: phase = array([0.52646226, 0.52646226])
317.4276 	EXP 	noise_3: autoDraw = True
317.4276 	EXP 	surround_grating: autoDraw = True
317.4276 	EXP 	center_grating: autoDraw = True
317.5009 	EXP 	noise_3: autoDraw = False
317.5009 	EXP 	surround_grating: autoDraw = False
317.5009 	EXP 	center_grating: autoDraw = False
318.1698 	EXP 	New trial (rep=0, index=87): <Trial 87 (87 in rep 0) data={'center': 6, 'surround': 15.0, 'type': 'c+6', 'surr_type': 'poss', 'orient_opacity': 100, 'noise_opacity': 0, 'isi': 1.25, 'thisN': 87, 'thisTrialN': 87, 'thisRepN': 0}>
318.1752 	DATA 	Keypress: period
318.1812 	INFO 	Keyboard events cleared
318.1807 	EXP 	noise_3: autoDraw = False
318.1807 	EXP 	surround_grating: autoDraw = False
318.1807 	EXP 	center_grating: autoDraw = False
318.1807 	EXP 	text_2: autoDraw = False
318.1807 	EXP 	surround_grating: ori = 15.0
318.1807 	EXP 	surround_grating: sf = array([2.5, 2.5])
318.1807 	EXP 	surround_grating: phase = array([0.89419339, 0.89419339])
318.1807 	EXP 	center_grating: ori = 6.0
318.1807 	EXP 	center_grating: sf = array([2.5, 2.5])
318.1807 	EXP 	center_grating: phase = array([0.78672246, 0.78672246])
319.4171 	EXP 	noise_3: autoDraw = True
319.4171 	EXP 	surround_grating: autoDraw = True
319.4171 	EXP 	center_grating: autoDraw = True
319.4892 	EXP 	noise_3: autoDraw = False
319.4892 	EXP 	surround_grating: autoDraw = False
319.4892 	EXP 	center_grating: autoDraw = False
320.5873 	EXP 	New trial (rep=0, index=88): <Trial 88 (88 in rep 0) data={'center': -4, 'surround': -15.0, 'type': 'c-4', 'surr_type': 'negs', 'orient_opacity': 100, 'noise_opacity': 0, 'isi': 0.5, 'thisN': 88, 'thisTrialN': 88, 'thisRepN': 0}>
320.5928 	DATA 	Keypress: period
320.5990 	INFO 	Keyboard events cleared
320.5986 	EXP 	noise_3: autoDraw = False
320.5986 	EXP 	surround_grating: autoDraw = False
320.5986 	EXP 	center_grating: autoDraw = False
320.5986 	EXP 	text_2: autoDraw = False
320.5986 	EXP 	surround_grating: ori = -15.0
320.5986 	EXP 	surround_grating: sf = array([2.5, 2.5])
320.5986 	EXP 	surround_grating: phase = array([0.82890836, 0.82890836])
320.5986 	EXP 	center_grating: ori = -4.0
320.5986 	EXP 	center_grating: sf = array([2.5, 2.5])
320.5986 	EXP 	center_grating: phase = array([0.60582142, 0.60582142])
321.0837 	EXP 	noise_3: autoDraw = True
321.0837 	EXP 	surround_grating: autoDraw = True
321.0837 	EXP 	center_grating: autoDraw = True
321.1570 	EXP 	noise_3: autoDraw = False
321.1570 	EXP 	surround_grating: autoDraw = False
321.1570 	EXP 	center_grating: autoDraw = False
322.8869 	EXP 	New trial (rep=0, index=89): <Trial 89 (89 in rep 0) data={'center': -4, 'surround': 0.0, 'type': 'c-4', 'surr_type': 'noss', 'orient_opacity': 0, 'noise_opacity': 100, 'isi': 0.5, 'thisN': 89, 'thisTrialN': 89, 'thisRepN': 0}>
322.8920 	DATA 	Keypress: period
322.8978 	INFO 	Keyboard events cleared
322.8974 	EXP 	noise_3: autoDraw = False
322.8974 	EXP 	surround_grating: autoDraw = False
322.8974 	EXP 	center_grating: autoDraw = False
322.8974 	EXP 	text_2: autoDraw = False
322.8974 	EXP 	surround_grating: ori = 0.0
322.8974 	EXP 	surround_grating: sf = array([2.5, 2.5])
322.8974 	EXP 	surround_grating: phase = array([0.10545764, 0.10545764])
322.8974 	EXP 	center_grating: ori = -4.0
322.8974 	EXP 	center_grating: sf = array([2.5, 2.5])
322.8974 	EXP 	center_grating: phase = array([0.49509578, 0.49509578])
323.3838 	EXP 	noise_3: autoDraw = True
323.3838 	EXP 	surround_grating: autoDraw = True
323.3838 	EXP 	center_grating: autoDraw = True
323.4561 	EXP 	noise_3: autoDraw = False
323.4561 	EXP 	surround_grating: autoDraw = False
323.4561 	EXP 	center_grating: autoDraw = False
323.9866 	EXP 	New trial (rep=0, index=90): <Trial 90 (90 in rep 0) data={'center': 4, 'surround': 0.0, 'type': 'c+4', 'surr_type': 'noss', 'orient_opacity': 0, 'noise_opacity': 100, 'isi': 0.75, 'thisN': 90, 'thisTrialN': 90, 'thisRepN': 0}>
323.9917 	DATA 	Keypress: z
323.9976 	INFO 	Keyboard events cleared
323.9971 	EXP 	noise_3: autoDraw = False
323.9971 	EXP 	surround_grating: autoDraw = False
323.9971 	EXP 	center_grating: autoDraw = False
323.9971 	EXP 	text_2: autoDraw = False
323.9971 	EXP 	surround_grating: ori = 0.0
323.9971 	EXP 	surround_grating: sf = array([2.5, 2.5])
323.9971 	EXP 	surround_grating: phase = array([0.0906025, 0.0906025])
323.9971 	EXP 	center_grating: ori = 4.0
323.9971 	EXP 	center_grating: sf = array([2.5, 2.5])
323.9971 	EXP 	center_grating: phase = array([0.19423205, 0.19423205])
324.7339 	EXP 	noise_3: autoDraw = True
324.7339 	EXP 	surround_grating: autoDraw = True
324.7339 	EXP 	center_grating: autoDraw = True
324.8053 	EXP 	noise_3: autoDraw = False
324.8053 	EXP 	surround_grating: autoDraw = False
324.8053 	EXP 	center_grating: autoDraw = False
325.2041 	EXP 	New trial (rep=0, index=91): <Trial 91 (91 in rep 0) data={'center': 6, 'surround': 15.0, 'type': 'c+6', 'surr_type': 'poss', 'orient_opacity': 100, 'noise_opacity': 0, 'isi': 1.25, 'thisN': 91, 'thisTrialN': 91, 'thisRepN': 0}>
325.2098 	DATA 	Keypress: period
325.2157 	INFO 	Keyboard events cleared
325.2153 	EXP 	noise_3: autoDraw = False
325.2153 	EXP 	surround_grating: autoDraw = False
325.2153 	EXP 	center_grating: autoDraw = False
325.2153 	EXP 	text_2: autoDraw = False
325.2153 	EXP 	surround_grating: ori = 15.0
325.2153 	EXP 	surround_grating: sf = array([2.5, 2.5])
325.2153 	EXP 	surround_grating: phase = array([0.63300866, 0.63300866])
325.2153 	EXP 	center_grating: ori = 6.0
325.2153 	EXP 	center_grating: sf = array([2.5, 2.5])
325.2153 	EXP 	center_grating: phase = array([0.12837964, 0.12837964])
326.4506 	EXP 	noise_3: autoDraw = True
326.4506 	EXP 	surround_grating: autoDraw = True
326.4506 	EXP 	center_grating: autoDraw = True
326.5232 	EXP 	noise_3: autoDraw = False
326.5232 	EXP 	surround_grating: autoDraw = False
326.5232 	EXP 	center_grating: autoDraw = False
326.9094 	EXP 	New trial (rep=0, index=92): <Trial 92 (92 in rep 0) data={'center': -2, 'surround': -15.0, 'type': 'c-2', 'surr_type': 'negs', 'orient_opacity': 100, 'noise_opacity': 0, 'isi': 0.5, 'thisN': 92, 'thisTrialN': 92, 'thisRepN': 0}>
326.9146 	DATA 	Keypress: period
326.9207 	INFO 	Keyboard events cleared
326.9202 	EXP 	noise_3: autoDraw = False
326.9202 	EXP 	surround_grating: autoDraw = False
326.9202 	EXP 	center_grating: autoDraw = False
326.9202 	EXP 	text_2: autoDraw = False
326.9202 	EXP 	surround_grating: ori = -15.0
326.9202 	EXP 	surround_grating: sf = array([2.5, 2.5])
326.9202 	EXP 	surround_grating: phase = array([0.81338481, 0.81338481])
326.9202 	EXP 	center_grating: ori = -2.0
326.9202 	EXP 	center_grating: sf = array([2.5, 2.5])
326.9202 	EXP 	center_grating: phase = array([0.76852481, 0.76852481])
327.4094 	EXP 	noise_3: autoDraw = True
327.4094 	EXP 	surround_grating: autoDraw = True
327.4094 	EXP 	center_grating: autoDraw = True
327.4845 	EXP 	noise_3: autoDraw = False
327.4845 	EXP 	surround_grating: autoDraw = False
327.4845 	EXP 	center_grating: autoDraw = False
329.4927 	EXP 	New trial (rep=0, index=93): <Trial 93 (93 in rep 0) data={'center': 2, 'surround': 0.0, 'type': 'c+2', 'surr_type': 'noss', 'orient_opacity': 0, 'noise_opacity': 100, 'isi': 1.0, 'thisN': 93, 'thisTrialN': 93, 'thisRepN': 0}>
329.4977 	DATA 	Keypress: z
329.5039 	INFO 	Keyboard events cleared
329.5034 	EXP 	noise_3: autoDraw = False
329.5034 	EXP 	surround_grating: autoDraw = False
329.5034 	EXP 	center_grating: autoDraw = False
329.5034 	EXP 	text_2: autoDraw = False
329.5034 	EXP 	surround_grating: ori = 0.0
329.5034 	EXP 	surround_grating: sf = array([2.5, 2.5])
329.5034 	EXP 	surround_grating: phase = array([0.33944442, 0.33944442])
329.5034 	EXP 	center_grating: ori = 2.0
329.5034 	EXP 	center_grating: sf = array([2.5, 2.5])
329.5034 	EXP 	center_grating: phase = array([0.97141533, 0.97141533])
330.4934 	EXP 	noise_3: autoDraw = True
330.4934 	EXP 	surround_grating: autoDraw = True
330.4934 	EXP 	center_grating: autoDraw = True
330.5679 	EXP 	noise_3: autoDraw = False
330.5679 	EXP 	surround_grating: autoDraw = False
330.5679 	EXP 	center_grating: autoDraw = False
330.9600 	EXP 	New trial (rep=0, index=94): <Trial 94 (94 in rep 0) data={'center': 0, 'surround': 15.0, 'type': 'c+0', 'surr_type': 'poss', 'orient_opacity': 100, 'noise_opacity': 0, 'isi': 0.5, 'thisN': 94, 'thisTrialN': 94, 'thisRepN': 0}>
330.9652 	DATA 	Keypress: period
330.9709 	INFO 	Keyboard events cleared
330.9704 	EXP 	noise_3: autoDraw = False
330.9704 	EXP 	surround_grating: autoDraw = False
330.9704 	EXP 	center_grating: autoDraw = False
330.9704 	EXP 	text_2: autoDraw = False
330.9704 	EXP 	surround_grating: ori = 15.0
330.9704 	EXP 	surround_grating: sf = array([2.5, 2.5])
330.9704 	EXP 	surround_grating: phase = array([0.86062221, 0.86062221])
330.9704 	EXP 	center_grating: ori = 0.0
330.9704 	EXP 	center_grating: sf = array([2.5, 2.5])
330.9704 	EXP 	center_grating: phase = array([0.99311419, 0.99311419])
331.4605 	EXP 	noise_3: autoDraw = True
331.4605 	EXP 	surround_grating: autoDraw = True
331.4605 	EXP 	center_grating: autoDraw = True
331.5349 	EXP 	noise_3: autoDraw = False
331.5349 	EXP 	surround_grating: autoDraw = False
331.5349 	EXP 	center_grating: autoDraw = False
332.0594 	EXP 	New trial (rep=0, index=95): <Trial 95 (95 in rep 0) data={'center': -2, 'surround': 0.0, 'type': 'c-2', 'surr_type': 'noss', 'orient_opacity': 0, 'noise_opacity': 100, 'isi': 0.5, 'thisN': 95, 'thisTrialN': 95, 'thisRepN': 0}>
332.0645 	DATA 	Keypress: z
332.0707 	INFO 	Keyboard events cleared
332.0701 	EXP 	noise_3: autoDraw = False
332.0701 	EXP 	surround_grating: autoDraw = False
332.0701 	EXP 	center_grating: autoDraw = False
332.0701 	EXP 	text_2: autoDraw = False
332.0701 	EXP 	surround_grating: ori = 0.0
332.0701 	EXP 	surround_grating: sf = array([2.5, 2.5])
332.0701 	EXP 	surround_grating: phase = array([0.82463688, 0.82463688])
332.0701 	EXP 	center_grating: ori = -2.0
332.0701 	EXP 	center_grating: sf = array([2.5, 2.5])
332.0701 	EXP 	center_grating: phase = array([0.30080981, 0.30080981])
332.5610 	EXP 	noise_3: autoDraw = True
332.5610 	EXP 	surround_grating: autoDraw = True
332.5610 	EXP 	center_grating: autoDraw = True
332.6347 	EXP 	noise_3: autoDraw = False
332.6347 	EXP 	surround_grating: autoDraw = False
332.6347 	EXP 	center_grating: autoDraw = False
333.1928 	EXP 	New trial (rep=0, index=96): <Trial 96 (96 in rep 0) data={'center': 4, 'surround': 15.0, 'type': 'c+4', 'surr_type': 'poss', 'orient_opacity': 100, 'noise_opacity': 0, 'isi': 0.75, 'thisN': 96, 'thisTrialN': 96, 'thisRepN': 0}>
333.1979 	DATA 	Keypress: z
333.2042 	INFO 	Keyboard events cleared
333.2036 	EXP 	noise_3: autoDraw = False
333.2036 	EXP 	surround_grating: autoDraw = False
333.2036 	EXP 	center_grating: autoDraw = False
333.2036 	EXP 	text_2: autoDraw = False
333.2036 	EXP 	surround_grating: ori = 15.0
333.2036 	EXP 	surround_grating: sf = array([2.5, 2.5])
333.2036 	EXP 	surround_grating: phase = array([0.53782227, 0.53782227])
333.2036 	EXP 	center_grating: ori = 4.0
333.2036 	EXP 	center_grating: sf = array([2.5, 2.5])
333.2036 	EXP 	center_grating: phase = array([0.90559336, 0.90559336])
333.9432 	EXP 	noise_3: autoDraw = True
333.9432 	EXP 	surround_grating: autoDraw = True
333.9432 	EXP 	center_grating: autoDraw = True
334.0181 	EXP 	noise_3: autoDraw = False
334.0181 	EXP 	surround_grating: autoDraw = False
334.0181 	EXP 	center_grating: autoDraw = False
336.0270 	EXP 	New trial (rep=0, index=97): <Trial 97 (97 in rep 0) data={'center': -2, 'surround': -15.0, 'type': 'c-2', 'surr_type': 'negs', 'orient_opacity': 100, 'noise_opacity': 0, 'isi': 1.0, 'thisN': 97, 'thisTrialN': 97, 'thisRepN': 0}>
336.0321 	DATA 	Keypress: period
336.0380 	INFO 	Keyboard events cleared
336.0375 	EXP 	noise_3: autoDraw = False
336.0375 	EXP 	surround_grating: autoDraw = False
336.0375 	EXP 	center_grating: autoDraw = False
336.0375 	EXP 	text_2: autoDraw = False
336.0375 	EXP 	surround_grating: ori = -15.0
336.0375 	EXP 	surround_grating: sf = array([2.5, 2.5])
336.0375 	EXP 	surround_grating: phase = array([0.84142696, 0.84142696])
336.0375 	EXP 	center_grating: ori = -2.0
336.0375 	EXP 	center_grating: sf = array([2.5, 2.5])
336.0375 	EXP 	center_grating: phase = array([0.10717983, 0.10717983])
337.0276 	EXP 	noise_3: autoDraw = True
337.0276 	EXP 	surround_grating: autoDraw = True
337.0276 	EXP 	center_grating: autoDraw = True
337.1015 	EXP 	noise_3: autoDraw = False
337.1015 	EXP 	surround_grating: autoDraw = False
337.1015 	EXP 	center_grating: autoDraw = False
337.7215 	EXP 	New trial (rep=0, index=98): <Trial 98 (98 in rep 0) data={'center': 0, 'surround': 0.0, 'type': 'c+0', 'surr_type': 'noss', 'orient_opacity': 0, 'noise_opacity': 100, 'isi': 0.75, 'thisN': 98, 'thisTrialN': 98, 'thisRepN': 0}>
337.7268 	DATA 	Keypress: period
337.7327 	INFO 	Keyboard events cleared
337.7322 	EXP 	noise_3: autoDraw = False
337.7322 	EXP 	surround_grating: autoDraw = False
337.7322 	EXP 	center_grating: autoDraw = False
337.7322 	EXP 	text_2: autoDraw = False
337.7322 	EXP 	surround_grating: ori = 0.0
337.7322 	EXP 	surround_grating: sf = array([2.5, 2.5])
337.7322 	EXP 	surround_grating: phase = array([0.34552296, 0.34552296])
337.7322 	EXP 	center_grating: ori = 0.0
337.7322 	EXP 	center_grating: sf = array([2.5, 2.5])
337.7322 	EXP 	center_grating: phase = array([0.44738228, 0.44738228])
338.4677 	EXP 	noise_3: autoDraw = True
338.4677 	EXP 	surround_grating: autoDraw = True
338.4677 	EXP 	center_grating: autoDraw = True
338.5409 	EXP 	noise_3: autoDraw = False
338.5409 	EXP 	surround_grating: autoDraw = False
338.5409 	EXP 	center_grating: autoDraw = False
339.0538 	EXP 	New trial (rep=0, index=99): <Trial 99 (99 in rep 0) data={'center': 2, 'surround': 0.0, 'type': 'c+2', 'surr_type': 'noss', 'orient_opacity': 0, 'noise_opacity': 100, 'isi': 0.5, 'thisN': 99, 'thisTrialN': 99, 'thisRepN': 0}>
339.0587 	DATA 	Keypress: period
339.0646 	INFO 	Keyboard events cleared
339.0641 	EXP 	noise_3: autoDraw = False
339.0641 	EXP 	surround_grating: autoDraw = False
339.0641 	EXP 	center_grating: autoDraw = False
339.0641 	EXP 	text_2: autoDraw = False
339.0641 	EXP 	surround_grating: ori = 0.0
339.0641 	EXP 	surround_grating: sf = array([2.5, 2.5])
339.0641 	EXP 	surround_grating: phase = array([0.13058881, 0.13058881])
339.0641 	EXP 	center_grating: ori = 2.0
339.0641 	EXP 	center_grating: sf = array([2.5, 2.5])
339.0641 	EXP 	center_grating: phase = array([0.79738387, 0.79738387])
339.5501 	EXP 	noise_3: autoDraw = True
339.5501 	EXP 	surround_grating: autoDraw = True
339.5501 	EXP 	center_grating: autoDraw = True
339.6350 	EXP 	noise_3: autoDraw = False
339.6350 	EXP 	surround_grating: autoDraw = False
339.6350 	EXP 	center_grating: autoDraw = False
340.0873 	EXP 	New trial (rep=0, index=100): <Trial 100 (100 in rep 0) data={'center': 2, 'surround': 15.0, 'type': 'c+2', 'surr_type': 'poss', 'orient_opacity': 100, 'noise_opacity': 0, 'isi': 0.5, 'thisN': 100, 'thisTrialN': 100, 'thisRepN': 0}>
340.0925 	DATA 	Keypress: period
340.0987 	INFO 	Keyboard events cleared
340.0982 	EXP 	noise_3: autoDraw = False
340.0982 	EXP 	surround_grating: autoDraw = False
340.0982 	EXP 	center_grating: autoDraw = False
340.0982 	EXP 	text_2: autoDraw = False
340.0982 	EXP 	surround_grating: ori = 15.0
340.0982 	EXP 	surround_grating: sf = array([2.5, 2.5])
340.0982 	EXP 	surround_grating: phase = array([0.44395053, 0.44395053])
340.0982 	EXP 	center_grating: ori = 2.0
340.0982 	EXP 	center_grating: sf = array([2.5, 2.5])
340.0982 	EXP 	center_grating: phase = array([0.03791057, 0.03791057])
340.5844 	EXP 	noise_3: autoDraw = True
340.5844 	EXP 	surround_grating: autoDraw = True
340.5844 	EXP 	center_grating: autoDraw = True
340.6565 	EXP 	noise_3: autoDraw = False
340.6565 	EXP 	surround_grating: autoDraw = False
340.6565 	EXP 	center_grating: autoDraw = False
341.2097 	EXP 	New trial (rep=0, index=101): <Trial 101 (101 in rep 0) data={'center': 2, 'surround': 0.0, 'type': 'c+2', 'surr_type': 'noss', 'orient_opacity': 0, 'noise_opacity': 100, 'isi': 0.5, 'thisN': 101, 'thisTrialN': 101, 'thisRepN': 0}>
341.2151 	DATA 	Keypress: z
341.2212 	INFO 	Keyboard events cleared
341.2207 	EXP 	noise_3: autoDraw = False
341.2207 	EXP 	surround_grating: autoDraw = False
341.2207 	EXP 	center_grating: autoDraw = False
341.2207 	EXP 	text_2: autoDraw = False
341.2207 	EXP 	surround_grating: ori = 0.0
341.2207 	EXP 	surround_grating: sf = array([2.5, 2.5])
341.2207 	EXP 	surround_grating: phase = array([0.50827677, 0.50827677])
341.2207 	EXP 	center_grating: ori = 2.0
341.2207 	EXP 	center_grating: sf = array([2.5, 2.5])
341.2207 	EXP 	center_grating: phase = array([0.32200702, 0.32200702])
341.7103 	EXP 	noise_3: autoDraw = True
341.7103 	EXP 	surround_grating: autoDraw = True
341.7103 	EXP 	center_grating: autoDraw = True
341.7850 	EXP 	noise_3: autoDraw = False
341.7850 	EXP 	surround_grating: autoDraw = False
341.7850 	EXP 	center_grating: autoDraw = False
342.2719 	EXP 	New trial (rep=0, index=102): <Trial 102 (102 in rep 0) data={'center': 2, 'surround': 0.0, 'type': 'c+2', 'surr_type': 'noss', 'orient_opacity': 0, 'noise_opacity': 100, 'isi': 1.0, 'thisN': 102, 'thisTrialN': 102, 'thisRepN': 0}>
342.2789 	DATA 	Keypress: period
342.2853 	INFO 	Keyboard events cleared
342.2846 	EXP 	noise_3: autoDraw = False
342.2846 	EXP 	surround_grating: autoDraw = False
342.2846 	EXP 	center_grating: autoDraw = False
342.2846 	EXP 	text_2: autoDraw = False
342.2846 	EXP 	surround_grating: ori = 0.0
342.2846 	EXP 	surround_grating: sf = array([2.5, 2.5])
342.2846 	EXP 	surround_grating: phase = array([0.88531076, 0.88531076])
342.2846 	EXP 	center_grating: ori = 2.0
342.2846 	EXP 	center_grating: sf = array([2.5, 2.5])
342.2846 	EXP 	center_grating: phase = array([0.03506942, 0.03506942])
343.2679 	EXP 	noise_3: autoDraw = True
343.2679 	EXP 	surround_grating: autoDraw = True
343.2679 	EXP 	center_grating: autoDraw = True
343.3396 	EXP 	noise_3: autoDraw = False
343.3396 	EXP 	surround_grating: autoDraw = False
343.3396 	EXP 	center_grating: autoDraw = False
343.8215 	EXP 	New trial (rep=0, index=103): <Trial 103 (103 in rep 0) data={'center': -4, 'surround': 0.0, 'type': 'c-4', 'surr_type': 'noss', 'orient_opacity': 0, 'noise_opacity': 100, 'isi': 0.5, 'thisN': 103, 'thisTrialN': 103, 'thisRepN': 0}>
343.8272 	DATA 	Keypress: period
343.8331 	INFO 	Keyboard events cleared
343.8326 	EXP 	noise_3: autoDraw = False
343.8326 	EXP 	surround_grating: autoDraw = False
343.8326 	EXP 	center_grating: autoDraw = False
343.8326 	EXP 	text_2: autoDraw = False
343.8326 	EXP 	surround_grating: ori = 0.0
343.8326 	EXP 	surround_grating: sf = array([2.5, 2.5])
343.8326 	EXP 	surround_grating: phase = array([0.0825961, 0.0825961])
343.8326 	EXP 	center_grating: ori = -4.0
343.8326 	EXP 	center_grating: sf = array([2.5, 2.5])
343.8326 	EXP 	center_grating: phase = array([0.43690432, 0.43690432])
344.3180 	EXP 	noise_3: autoDraw = True
344.3180 	EXP 	surround_grating: autoDraw = True
344.3180 	EXP 	center_grating: autoDraw = True
344.3902 	EXP 	noise_3: autoDraw = False
344.3902 	EXP 	surround_grating: autoDraw = False
344.3902 	EXP 	center_grating: autoDraw = False
344.8608 	EXP 	New trial (rep=0, index=104): <Trial 104 (104 in rep 0) data={'center': -6, 'surround': -15.0, 'type': 'c-6', 'surr_type': 'negs', 'orient_opacity': 100, 'noise_opacity': 0, 'isi': 1.25, 'thisN': 104, 'thisTrialN': 104, 'thisRepN': 0}>
344.8670 	DATA 	Keypress: z
344.8722 	INFO 	Keyboard events cleared
344.8717 	EXP 	noise_3: autoDraw = False
344.8717 	EXP 	surround_grating: autoDraw = False
344.8717 	EXP 	center_grating: autoDraw = False
344.8717 	EXP 	text_2: autoDraw = False
344.8717 	EXP 	surround_grating: ori = -15.0
344.8717 	EXP 	surround_grating: sf = array([2.5, 2.5])
344.8717 	EXP 	surround_grating: phase = array([0.06069734, 0.06069734])
344.8717 	EXP 	center_grating: ori = -6.0
344.8717 	EXP 	center_grating: sf = array([2.5, 2.5])
344.8717 	EXP 	center_grating: phase = array([0.86104711, 0.86104711])
346.1105 	EXP 	noise_3: autoDraw = True
346.1105 	EXP 	surround_grating: autoDraw = True
346.1105 	EXP 	center_grating: autoDraw = True
346.1852 	EXP 	noise_3: autoDraw = False
346.1852 	EXP 	surround_grating: autoDraw = False
346.1852 	EXP 	center_grating: autoDraw = False
346.7208 	EXP 	New trial (rep=0, index=105): <Trial 105 (105 in rep 0) data={'center': 2, 'surround': 15.0, 'type': 'c+2', 'surr_type': 'poss', 'orient_opacity': 100, 'noise_opacity': 0, 'isi': 1.0, 'thisN': 105, 'thisTrialN': 105, 'thisRepN': 0}>
346.7261 	DATA 	Keypress: z
346.7320 	INFO 	Keyboard events cleared
346.7316 	EXP 	noise_3: autoDraw = False
346.7316 	EXP 	surround_grating: autoDraw = False
346.7316 	EXP 	center_grating: autoDraw = False
346.7316 	EXP 	text_2: autoDraw = False
346.7316 	EXP 	surround_grating: ori = 15.0
346.7316 	EXP 	surround_grating: sf = array([2.5, 2.5])
346.7316 	EXP 	surround_grating: phase = array([0.19679106, 0.19679106])
346.7316 	EXP 	center_grating: ori = 2.0
346.7316 	EXP 	center_grating: sf = array([2.5, 2.5])
346.7316 	EXP 	center_grating: phase = array([0.82415051, 0.82415051])
347.7181 	EXP 	noise_3: autoDraw = True
347.7181 	EXP 	surround_grating: autoDraw = True
347.7181 	EXP 	center_grating: autoDraw = True
347.7902 	EXP 	noise_3: autoDraw = False
347.7902 	EXP 	surround_grating: autoDraw = False
347.7902 	EXP 	center_grating: autoDraw = False
348.4597 	EXP 	New trial (rep=0, index=106): <Trial 106 (106 in rep 0) data={'center': -2, 'surround': 0.0, 'type': 'c-2', 'surr_type': 'noss', 'orient_opacity': 0, 'noise_opacity': 100, 'isi': 0.75, 'thisN': 106, 'thisTrialN': 106, 'thisRepN': 0}>
348.4647 	DATA 	Keypress: period
348.4710 	INFO 	Keyboard events cleared
348.4705 	EXP 	noise_3: autoDraw = False
348.4705 	EXP 	surround_grating: autoDraw = False
348.4705 	EXP 	center_grating: autoDraw = False
348.4705 	EXP 	text_2: autoDraw = False
348.4705 	EXP 	surround_grating: ori = 0.0
348.4705 	EXP 	surround_grating: sf = array([2.5, 2.5])
348.4705 	EXP 	surround_grating: phase = array([0.89052834, 0.89052834])
348.4705 	EXP 	center_grating: ori = -2.0
348.4705 	EXP 	center_grating: sf = array([2.5, 2.5])
348.4705 	EXP 	center_grating: phase = array([0.86838811, 0.86838811])
349.2116 	EXP 	noise_3: autoDraw = True
349.2116 	EXP 	surround_grating: autoDraw = True
349.2116 	EXP 	center_grating: autoDraw = True
349.2852 	EXP 	noise_3: autoDraw = False
349.2852 	EXP 	surround_grating: autoDraw = False
349.2852 	EXP 	center_grating: autoDraw = False
349.8052 	EXP 	New trial (rep=0, index=107): <Trial 107 (107 in rep 0) data={'center': -2, 'surround': 0.0, 'type': 'c-2', 'surr_type': 'noss', 'orient_opacity': 0, 'noise_opacity': 100, 'isi': 0.5, 'thisN': 107, 'thisTrialN': 107, 'thisRepN': 0}>
349.8120 	DATA 	Keypress: z
349.8181 	INFO 	Keyboard events cleared
349.8176 	EXP 	noise_3: autoDraw = False
349.8176 	EXP 	surround_grating: autoDraw = False
349.8176 	EXP 	center_grating: autoDraw = False
349.8176 	EXP 	text_2: autoDraw = False
349.8176 	EXP 	surround_grating: ori = 0.0
349.8176 	EXP 	surround_grating: sf = array([2.5, 2.5])
349.8176 	EXP 	surround_grating: phase = array([0.95502928, 0.95502928])
349.8176 	EXP 	center_grating: ori = -2.0
349.8176 	EXP 	center_grating: sf = array([2.5, 2.5])
349.8176 	EXP 	center_grating: phase = array([0.79706201, 0.79706201])
350.3016 	EXP 	noise_3: autoDraw = True
350.3016 	EXP 	surround_grating: autoDraw = True
350.3016 	EXP 	center_grating: autoDraw = True
350.3740 	EXP 	noise_3: autoDraw = False
350.3740 	EXP 	surround_grating: autoDraw = False
350.3740 	EXP 	center_grating: autoDraw = False
350.9722 	EXP 	New trial (rep=0, index=108): <Trial 108 (108 in rep 0) data={'center': -2, 'surround': -15.0, 'type': 'c-2', 'surr_type': 'negs', 'orient_opacity': 100, 'noise_opacity': 0, 'isi': 1.25, 'thisN': 108, 'thisTrialN': 108, 'thisRepN': 0}>
350.9775 	DATA 	Keypress: z
350.9834 	INFO 	Keyboard events cleared
350.9830 	EXP 	noise_3: autoDraw = False
350.9830 	EXP 	surround_grating: autoDraw = False
350.9830 	EXP 	center_grating: autoDraw = False
350.9830 	EXP 	text_2: autoDraw = False
350.9830 	EXP 	surround_grating: ori = -15.0
350.9830 	EXP 	surround_grating: sf = array([2.5, 2.5])
350.9830 	EXP 	surround_grating: phase = array([0.07474272, 0.07474272])
350.9830 	EXP 	center_grating: ori = -2.0
350.9830 	EXP 	center_grating: sf = array([2.5, 2.5])
350.9830 	EXP 	center_grating: phase = array([0.72651774, 0.72651774])
352.2182 	EXP 	noise_3: autoDraw = True
352.2182 	EXP 	surround_grating: autoDraw = True
352.2182 	EXP 	center_grating: autoDraw = True
352.2914 	EXP 	noise_3: autoDraw = False
352.2914 	EXP 	surround_grating: autoDraw = False
352.2914 	EXP 	center_grating: autoDraw = False
352.8726 	EXP 	New trial (rep=0, index=109): <Trial 109 (109 in rep 0) data={'center': 2, 'surround': -15.0, 'type': 'c+2', 'surr_type': 'negs', 'orient_opacity': 100, 'noise_opacity': 0, 'isi': 1.0, 'thisN': 109, 'thisTrialN': 109, 'thisRepN': 0}>
352.8784 	DATA 	Keypress: period
352.8846 	INFO 	Keyboard events cleared
352.8841 	EXP 	noise_3: autoDraw = False
352.8841 	EXP 	surround_grating: autoDraw = False
352.8841 	EXP 	center_grating: autoDraw = False
352.8841 	EXP 	text_2: autoDraw = False
352.8841 	EXP 	surround_grating: ori = -15.0
352.8841 	EXP 	surround_grating: sf = array([2.5, 2.5])
352.8841 	EXP 	surround_grating: phase = array([0.37438261, 0.37438261])
352.8841 	EXP 	center_grating: ori = 2.0
352.8841 	EXP 	center_grating: sf = array([2.5, 2.5])
352.8841 	EXP 	center_grating: phase = array([0.60454617, 0.60454617])
353.8683 	EXP 	noise_3: autoDraw = True
353.8683 	EXP 	surround_grating: autoDraw = True
353.8683 	EXP 	center_grating: autoDraw = True
353.9407 	EXP 	noise_3: autoDraw = False
353.9407 	EXP 	surround_grating: autoDraw = False
353.9407 	EXP 	center_grating: autoDraw = False
354.4047 	EXP 	New trial (rep=0, index=110): <Trial 110 (110 in rep 0) data={'center': 0, 'surround': 0.0, 'type': 'c+0', 'surr_type': 'noss', 'orient_opacity': 0, 'noise_opacity': 100, 'isi': 0.5, 'thisN': 110, 'thisTrialN': 110, 'thisRepN': 0}>
354.4103 	DATA 	Keypress: period
354.4161 	INFO 	Keyboard events cleared
354.4156 	EXP 	noise_3: autoDraw = False
354.4156 	EXP 	surround_grating: autoDraw = False
354.4156 	EXP 	center_grating: autoDraw = False
354.4156 	EXP 	text_2: autoDraw = False
354.4156 	EXP 	surround_grating: ori = 0.0
354.4156 	EXP 	surround_grating: sf = array([2.5, 2.5])
354.4156 	EXP 	surround_grating: phase = array([0.98645984, 0.98645984])
354.4156 	EXP 	center_grating: ori = 0.0
354.4156 	EXP 	center_grating: sf = array([2.5, 2.5])
354.4156 	EXP 	center_grating: phase = array([0.39230075, 0.39230075])
354.9007 	EXP 	noise_3: autoDraw = True
354.9007 	EXP 	surround_grating: autoDraw = True
354.9007 	EXP 	center_grating: autoDraw = True
354.9738 	EXP 	noise_3: autoDraw = False
354.9738 	EXP 	surround_grating: autoDraw = False
354.9738 	EXP 	center_grating: autoDraw = False
355.9549 	EXP 	New trial (rep=0, index=111): <Trial 111 (111 in rep 0) data={'center': -6, 'surround': -15.0, 'type': 'c-6', 'surr_type': 'negs', 'orient_opacity': 100, 'noise_opacity': 0, 'isi': 1.0, 'thisN': 111, 'thisTrialN': 111, 'thisRepN': 0}>
355.9604 	DATA 	Keypress: period
355.9659 	INFO 	Keyboard events cleared
355.9654 	EXP 	noise_3: autoDraw = False
355.9654 	EXP 	surround_grating: autoDraw = False
355.9654 	EXP 	center_grating: autoDraw = False
355.9654 	EXP 	text_2: autoDraw = False
355.9654 	EXP 	surround_grating: ori = -15.0
355.9654 	EXP 	surround_grating: sf = array([2.5, 2.5])
355.9654 	EXP 	surround_grating: phase = array([0.39557933, 0.39557933])
355.9654 	EXP 	center_grating: ori = -6.0
355.9654 	EXP 	center_grating: sf = array([2.5, 2.5])
355.9654 	EXP 	center_grating: phase = array([0.57095687, 0.57095687])
356.9519 	EXP 	noise_3: autoDraw = True
356.9519 	EXP 	surround_grating: autoDraw = True
356.9519 	EXP 	center_grating: autoDraw = True
357.0234 	EXP 	noise_3: autoDraw = False
357.0234 	EXP 	surround_grating: autoDraw = False
357.0234 	EXP 	center_grating: autoDraw = False
357.5764 	EXP 	New trial (rep=0, index=112): <Trial 112 (112 in rep 0) data={'center': 2, 'surround': 0.0, 'type': 'c+2', 'surr_type': 'noss', 'orient_opacity': 0, 'noise_opacity': 100, 'isi': 1.0, 'thisN': 112, 'thisTrialN': 112, 'thisRepN': 0}>
357.5819 	DATA 	Keypress: z
357.5881 	INFO 	Keyboard events cleared
357.5876 	EXP 	noise_3: autoDraw = False
357.5876 	EXP 	surround_grating: autoDraw = False
357.5876 	EXP 	center_grating: autoDraw = False
357.5876 	EXP 	text_2: autoDraw = False
357.5876 	EXP 	surround_grating: ori = 0.0
357.5876 	EXP 	surround_grating: sf = array([2.5, 2.5])
357.5876 	EXP 	surround_grating: phase = array([0.10966225, 0.10966225])
357.5876 	EXP 	center_grating: ori = 2.0
357.5876 	EXP 	center_grating: sf = array([2.5, 2.5])
357.5876 	EXP 	center_grating: phase = array([0.76569612, 0.76569612])
358.5777 	EXP 	noise_3: autoDraw = True
358.5777 	EXP 	surround_grating: autoDraw = True
358.5777 	EXP 	center_grating: autoDraw = True
358.6523 	EXP 	noise_3: autoDraw = False
358.6523 	EXP 	surround_grating: autoDraw = False
358.6523 	EXP 	center_grating: autoDraw = False
359.1113 	EXP 	New trial (rep=0, index=113): <Trial 113 (113 in rep 0) data={'center': 0, 'surround': 15.0, 'type': 'c+0', 'surr_type': 'poss', 'orient_opacity': 100, 'noise_opacity': 0, 'isi': 0.5, 'thisN': 113, 'thisTrialN': 113, 'thisRepN': 0}>
359.1164 	DATA 	Keypress: period
359.1222 	INFO 	Keyboard events cleared
359.1216 	EXP 	noise_3: autoDraw = False
359.1216 	EXP 	surround_grating: autoDraw = False
359.1216 	EXP 	center_grating: autoDraw = False
359.1216 	EXP 	text_2: autoDraw = False
359.1216 	EXP 	surround_grating: ori = 15.0
359.1216 	EXP 	surround_grating: sf = array([2.5, 2.5])
359.1216 	EXP 	surround_grating: phase = array([0.67980817, 0.67980817])
359.1216 	EXP 	center_grating: ori = 0.0
359.1216 	EXP 	center_grating: sf = array([2.5, 2.5])
359.1216 	EXP 	center_grating: phase = array([0.98261891, 0.98261891])
359.6123 	EXP 	noise_3: autoDraw = True
359.6123 	EXP 	surround_grating: autoDraw = True
359.6123 	EXP 	center_grating: autoDraw = True
359.6856 	EXP 	noise_3: autoDraw = False
359.6856 	EXP 	surround_grating: autoDraw = False
359.6856 	EXP 	center_grating: autoDraw = False
360.2054 	EXP 	New trial (rep=0, index=114): <Trial 114 (114 in rep 0) data={'center': 4, 'surround': 0.0, 'type': 'c+4', 'surr_type': 'noss', 'orient_opacity': 0, 'noise_opacity': 100, 'isi': 1.0, 'thisN': 114, 'thisTrialN': 114, 'thisRepN': 0}>
360.2109 	DATA 	Keypress: z
360.2169 	INFO 	Keyboard events cleared
360.2165 	EXP 	noise_3: autoDraw = False
360.2165 	EXP 	surround_grating: autoDraw = False
360.2165 	EXP 	center_grating: autoDraw = False
360.2165 	EXP 	text_2: autoDraw = False
360.2165 	EXP 	surround_grating: ori = 0.0
360.2165 	EXP 	surround_grating: sf = array([2.5, 2.5])
360.2165 	EXP 	surround_grating: phase = array([0.42545664, 0.42545664])
360.2165 	EXP 	center_grating: ori = 4.0
360.2165 	EXP 	center_grating: sf = array([2.5, 2.5])
360.2165 	EXP 	center_grating: phase = array([0.61840888, 0.61840888])
361.2019 	EXP 	noise_3: autoDraw = True
361.2019 	EXP 	surround_grating: autoDraw = True
361.2019 	EXP 	center_grating: autoDraw = True
361.2742 	EXP 	noise_3: autoDraw = False
361.2742 	EXP 	surround_grating: autoDraw = False
361.2742 	EXP 	center_grating: autoDraw = False
361.6724 	EXP 	New trial (rep=0, index=115): <Trial 115 (115 in rep 0) data={'center': 4, 'surround': 0.0, 'type': 'c+4', 'surr_type': 'noss', 'orient_opacity': 0, 'noise_opacity': 100, 'isi': 0.75, 'thisN': 115, 'thisTrialN': 115, 'thisRepN': 0}>
361.6776 	DATA 	Keypress: period
361.6835 	INFO 	Keyboard events cleared
361.6830 	EXP 	noise_3: autoDraw = False
361.6830 	EXP 	surround_grating: autoDraw = False
361.6830 	EXP 	center_grating: autoDraw = False
361.6830 	EXP 	text_2: autoDraw = False
361.6830 	EXP 	surround_grating: ori = 0.0
361.6830 	EXP 	surround_grating: sf = array([2.5, 2.5])
361.6830 	EXP 	surround_grating: phase = array([0.9914283, 0.9914283])
361.6830 	EXP 	center_grating: ori = 4.0
361.6830 	EXP 	center_grating: sf = array([2.5, 2.5])
361.6830 	EXP 	center_grating: phase = array([0.37341213, 0.37341213])
362.4186 	EXP 	noise_3: autoDraw = True
362.4186 	EXP 	surround_grating: autoDraw = True
362.4186 	EXP 	center_grating: autoDraw = True
362.4915 	EXP 	noise_3: autoDraw = False
362.4915 	EXP 	surround_grating: autoDraw = False
362.4915 	EXP 	center_grating: autoDraw = False
362.8717 	EXP 	New trial (rep=0, index=116): <Trial 116 (116 in rep 0) data={'center': 2, 'surround': -15.0, 'type': 'c+2', 'surr_type': 'negs', 'orient_opacity': 100, 'noise_opacity': 0, 'isi': 0.5, 'thisN': 116, 'thisTrialN': 116, 'thisRepN': 0}>
362.8768 	DATA 	Keypress: period
362.8829 	INFO 	Keyboard events cleared
362.8824 	EXP 	noise_3: autoDraw = False
362.8824 	EXP 	surround_grating: autoDraw = False
362.8824 	EXP 	center_grating: autoDraw = False
362.8824 	EXP 	text_2: autoDraw = False
362.8824 	EXP 	surround_grating: ori = -15.0
362.8824 	EXP 	surround_grating: sf = array([2.5, 2.5])
362.8824 	EXP 	surround_grating: phase = array([0.80003501, 0.80003501])
362.8824 	EXP 	center_grating: ori = 2.0
362.8824 	EXP 	center_grating: sf = array([2.5, 2.5])
362.8824 	EXP 	center_grating: phase = array([0.94855102, 0.94855102])
363.3677 	EXP 	noise_3: autoDraw = True
363.3677 	EXP 	surround_grating: autoDraw = True
363.3677 	EXP 	center_grating: autoDraw = True
363.4418 	EXP 	noise_3: autoDraw = False
363.4418 	EXP 	surround_grating: autoDraw = False
363.4418 	EXP 	center_grating: autoDraw = False
363.8315 	DATA 	Keypress: period
363.8387 	EXP 	New trial (rep=0, index=117): <Trial 117 (117 in rep 0) data={'center': -2, 'surround': 15.0, 'type': 'c-2', 'surr_type': 'poss', 'orient_opacity': 100, 'noise_opacity': 0, 'isi': 1.0, 'thisN': 117, 'thisTrialN': 117, 'thisRepN': 0}>
363.8530 	INFO 	Keyboard events cleared
363.8526 	EXP 	noise_3: autoDraw = False
363.8526 	EXP 	surround_grating: autoDraw = False
363.8526 	EXP 	center_grating: autoDraw = False
363.8526 	EXP 	text_2: autoDraw = False
363.8526 	EXP 	surround_grating: ori = 15.0
363.8526 	EXP 	surround_grating: sf = array([2.5, 2.5])
363.8526 	EXP 	surround_grating: phase = array([0.95555457, 0.95555457])
363.8526 	EXP 	center_grating: ori = -2.0
363.8526 	EXP 	center_grating: sf = array([2.5, 2.5])
363.8526 	EXP 	center_grating: phase = array([0.57925671, 0.57925671])
364.8355 	EXP 	noise_3: autoDraw = True
364.8355 	EXP 	surround_grating: autoDraw = True
364.8355 	EXP 	center_grating: autoDraw = True
364.9070 	EXP 	noise_3: autoDraw = False
364.9070 	EXP 	surround_grating: autoDraw = False
364.9070 	EXP 	center_grating: autoDraw = False
365.3981 	DATA 	Keypress: z
365.4056 	EXP 	New trial (rep=0, index=118): <Trial 118 (118 in rep 0) data={'center': 0, 'surround': 15.0, 'type': 'c+0', 'surr_type': 'poss', 'orient_opacity': 100, 'noise_opacity': 0, 'isi': 0.5, 'thisN': 118, 'thisTrialN': 118, 'thisRepN': 0}>
365.4196 	INFO 	Keyboard events cleared
365.4192 	EXP 	noise_3: autoDraw = False
365.4192 	EXP 	surround_grating: autoDraw = False
365.4192 	EXP 	center_grating: autoDraw = False
365.4192 	EXP 	text_2: autoDraw = False
365.4192 	EXP 	surround_grating: ori = 15.0
365.4192 	EXP 	surround_grating: sf = array([2.5, 2.5])
365.4192 	EXP 	surround_grating: phase = array([0.90083997, 0.90083997])
365.4192 	EXP 	center_grating: ori = 0.0
365.4192 	EXP 	center_grating: sf = array([2.5, 2.5])
365.4192 	EXP 	center_grating: phase = array([0.86052815, 0.86052815])
365.9021 	EXP 	noise_3: autoDraw = True
365.9021 	EXP 	surround_grating: autoDraw = True
365.9021 	EXP 	center_grating: autoDraw = True
365.9738 	EXP 	noise_3: autoDraw = False
365.9738 	EXP 	surround_grating: autoDraw = False
365.9738 	EXP 	center_grating: autoDraw = False
366.4770 	EXP 	New trial (rep=0, index=119): <Trial 119 (119 in rep 0) data={'center': -8, 'surround': -15.0, 'type': 'c-8', 'surr_type': 'negs', 'orient_opacity': 100, 'noise_opacity': 0, 'isi': 1.25, 'thisN': 119, 'thisTrialN': 119, 'thisRepN': 0}>
366.4821 	DATA 	Keypress: z
366.4883 	INFO 	Keyboard events cleared
366.4878 	EXP 	noise_3: autoDraw = False
366.4878 	EXP 	surround_grating: autoDraw = False
366.4878 	EXP 	center_grating: autoDraw = False
366.4878 	EXP 	text_2: autoDraw = False
366.4878 	EXP 	surround_grating: ori = -15.0
366.4878 	EXP 	surround_grating: sf = array([2.5, 2.5])
366.4878 	EXP 	surround_grating: phase = array([0.02869075, 0.02869075])
366.4878 	EXP 	center_grating: ori = -8.0
366.4878 	EXP 	center_grating: sf = array([2.5, 2.5])
366.4878 	EXP 	center_grating: phase = array([0.67852944, 0.67852944])
367.7285 	EXP 	noise_3: autoDraw = True
367.7285 	EXP 	surround_grating: autoDraw = True
367.7285 	EXP 	center_grating: autoDraw = True
367.8028 	EXP 	noise_3: autoDraw = False
367.8028 	EXP 	surround_grating: autoDraw = False
367.8028 	EXP 	center_grating: autoDraw = False
368.2226 	EXP 	New trial (rep=0, index=120): <Trial 120 (120 in rep 0) data={'center': 0, 'surround': -15.0, 'type': 'c+0', 'surr_type': 'negs', 'orient_opacity': 100, 'noise_opacity': 0, 'isi': 0.75, 'thisN': 120, 'thisTrialN': 120, 'thisRepN': 0}>
368.2279 	DATA 	Keypress: z
368.2340 	INFO 	Keyboard events cleared
368.2334 	EXP 	noise_3: autoDraw = False
368.2334 	EXP 	surround_grating: autoDraw = False
368.2334 	EXP 	center_grating: autoDraw = False
368.2334 	EXP 	text_2: autoDraw = False
368.2334 	EXP 	surround_grating: ori = -15.0
368.2334 	EXP 	surround_grating: sf = array([2.5, 2.5])
368.2334 	EXP 	surround_grating: phase = array([0.9088598, 0.9088598])
368.2334 	EXP 	center_grating: ori = 0.0
368.2334 	EXP 	center_grating: sf = array([2.5, 2.5])
368.2334 	EXP 	center_grating: phase = array([0.93641081, 0.93641081])
368.9688 	EXP 	noise_3: autoDraw = True
368.9688 	EXP 	surround_grating: autoDraw = True
368.9688 	EXP 	center_grating: autoDraw = True
369.0421 	EXP 	noise_3: autoDraw = False
369.0421 	EXP 	surround_grating: autoDraw = False
369.0421 	EXP 	center_grating: autoDraw = False
369.5117 	EXP 	New trial (rep=0, index=121): <Trial 121 (121 in rep 0) data={'center': 8, 'surround': 15.0, 'type': 'c+8', 'surr_type': 'poss', 'orient_opacity': 100, 'noise_opacity': 0, 'isi': 0.75, 'thisN': 121, 'thisTrialN': 121, 'thisRepN': 0}>
369.5172 	DATA 	Keypress: period
369.5225 	INFO 	Keyboard events cleared
369.5220 	EXP 	noise_3: autoDraw = False
369.5220 	EXP 	surround_grating: autoDraw = False
369.5220 	EXP 	center_grating: autoDraw = False
369.5220 	EXP 	text_2: autoDraw = False
369.5220 	EXP 	surround_grating: ori = 15.0
369.5220 	EXP 	surround_grating: sf = array([2.5, 2.5])
369.5220 	EXP 	surround_grating: phase = array([0.6100604, 0.6100604])
369.5220 	EXP 	center_grating: ori = 8.0
369.5220 	EXP 	center_grating: sf = array([2.5, 2.5])
369.5220 	EXP 	center_grating: phase = array([0.37987601, 0.37987601])
370.2615 	EXP 	noise_3: autoDraw = True
370.2615 	EXP 	surround_grating: autoDraw = True
370.2615 	EXP 	center_grating: autoDraw = True
370.3363 	EXP 	noise_3: autoDraw = False
370.3363 	EXP 	surround_grating: autoDraw = False
370.3363 	EXP 	center_grating: autoDraw = False
370.7394 	EXP 	New trial (rep=0, index=122): <Trial 122 (122 in rep 0) data={'center': -4, 'surround': 0.0, 'type': 'c-4', 'surr_type': 'noss', 'orient_opacity': 0, 'noise_opacity': 100, 'isi': 1.0, 'thisN': 122, 'thisTrialN': 122, 'thisRepN': 0}>
370.7448 	DATA 	Keypress: period
370.7507 	INFO 	Keyboard events cleared
370.7503 	EXP 	noise_3: autoDraw = False
370.7503 	EXP 	surround_grating: autoDraw = False
370.7503 	EXP 	center_grating: autoDraw = False
370.7503 	EXP 	text_2: autoDraw = False
370.7503 	EXP 	surround_grating: ori = 0.0
370.7503 	EXP 	surround_grating: sf = array([2.5, 2.5])
370.7503 	EXP 	surround_grating: phase = array([0.90746587, 0.90746587])
370.7503 	EXP 	center_grating: ori = -4.0
370.7503 	EXP 	center_grating: sf = array([2.5, 2.5])
370.7503 	EXP 	center_grating: phase = array([0.47694626, 0.47694626])
371.7356 	EXP 	noise_3: autoDraw = True
371.7356 	EXP 	surround_grating: autoDraw = True
371.7356 	EXP 	center_grating: autoDraw = True
371.8081 	EXP 	noise_3: autoDraw = False
371.8081 	EXP 	surround_grating: autoDraw = False
371.8081 	EXP 	center_grating: autoDraw = False
372.1786 	EXP 	New trial (rep=0, index=123): <Trial 123 (123 in rep 0) data={'center': 2, 'surround': 0.0, 'type': 'c+2', 'surr_type': 'noss', 'orient_opacity': 0, 'noise_opacity': 100, 'isi': 0.5, 'thisN': 123, 'thisTrialN': 123, 'thisRepN': 0}>
372.1836 	DATA 	Keypress: z
372.1889 	INFO 	Keyboard events cleared
372.1884 	EXP 	noise_3: autoDraw = False
372.1884 	EXP 	surround_grating: autoDraw = False
372.1884 	EXP 	center_grating: autoDraw = False
372.1884 	EXP 	text_2: autoDraw = False
372.1884 	EXP 	surround_grating: ori = 0.0
372.1884 	EXP 	surround_grating: sf = array([2.5, 2.5])
372.1884 	EXP 	surround_grating: phase = array([0.96781107, 0.96781107])
372.1884 	EXP 	center_grating: ori = 2.0
372.1884 	EXP 	center_grating: sf = array([2.5, 2.5])
372.1884 	EXP 	center_grating: phase = array([0.31622826, 0.31622826])
372.6787 	EXP 	noise_3: autoDraw = True
372.6787 	EXP 	surround_grating: autoDraw = True
372.6787 	EXP 	center_grating: autoDraw = True
372.7528 	EXP 	noise_3: autoDraw = False
372.7528 	EXP 	surround_grating: autoDraw = False
372.7528 	EXP 	center_grating: autoDraw = False
373.3221 	EXP 	New trial (rep=0, index=124): <Trial 124 (124 in rep 0) data={'center': 8, 'surround': 15.0, 'type': 'c+8', 'surr_type': 'poss', 'orient_opacity': 100, 'noise_opacity': 0, 'isi': 0.5, 'thisN': 124, 'thisTrialN': 124, 'thisRepN': 0}>
373.3275 	DATA 	Keypress: period
373.3334 	INFO 	Keyboard events cleared
373.3329 	EXP 	noise_3: autoDraw = False
373.3329 	EXP 	surround_grating: autoDraw = False
373.3329 	EXP 	center_grating: autoDraw = False
373.3329 	EXP 	text_2: autoDraw = False
373.3329 	EXP 	surround_grating: ori = 15.0
373.3329 	EXP 	surround_grating: sf = array([2.5, 2.5])
373.3329 	EXP 	surround_grating: phase = array([0.91124783, 0.91124783])
373.3329 	EXP 	center_grating: ori = 8.0
373.3329 	EXP 	center_grating: sf = array([2.5, 2.5])
373.3329 	EXP 	center_grating: phase = array([0.99401511, 0.99401511])
373.8191 	EXP 	noise_3: autoDraw = True
373.8191 	EXP 	surround_grating: autoDraw = True
373.8191 	EXP 	center_grating: autoDraw = True
373.8919 	EXP 	noise_3: autoDraw = False
373.8919 	EXP 	surround_grating: autoDraw = False
373.8919 	EXP 	center_grating: autoDraw = False
374.3731 	EXP 	New trial (rep=0, index=125): <Trial 125 (125 in rep 0) data={'center': 8, 'surround': 15.0, 'type': 'c+8', 'surr_type': 'poss', 'orient_opacity': 100, 'noise_opacity': 0, 'isi': 0.5, 'thisN': 125, 'thisTrialN': 125, 'thisRepN': 0}>
374.3781 	DATA 	Keypress: period
374.3845 	INFO 	Keyboard events cleared
374.3838 	EXP 	noise_3: autoDraw = False
374.3838 	EXP 	surround_grating: autoDraw = False
374.3838 	EXP 	center_grating: autoDraw = False
374.3838 	EXP 	text_2: autoDraw = False
374.3838 	EXP 	surround_grating: ori = 15.0
374.3838 	EXP 	surround_grating: sf = array([2.5, 2.5])
374.3838 	EXP 	surround_grating: phase = array([0.43814995, 0.43814995])
374.3838 	EXP 	center_grating: ori = 8.0
374.3838 	EXP 	center_grating: sf = array([2.5, 2.5])
374.3838 	EXP 	center_grating: phase = array([0.690251, 0.690251])
374.8690 	EXP 	noise_3: autoDraw = True
374.8690 	EXP 	surround_grating: autoDraw = True
374.8690 	EXP 	center_grating: autoDraw = True
374.9414 	EXP 	noise_3: autoDraw = False
374.9414 	EXP 	surround_grating: autoDraw = False
374.9414 	EXP 	center_grating: autoDraw = False
375.5280 	EXP 	New trial (rep=0, index=126): <Trial 126 (126 in rep 0) data={'center': -2, 'surround': -15.0, 'type': 'c-2', 'surr_type': 'negs', 'orient_opacity': 100, 'noise_opacity': 0, 'isi': 1.25, 'thisN': 126, 'thisTrialN': 126, 'thisRepN': 0}>
375.5332 	DATA 	Keypress: period
375.5393 	INFO 	Keyboard events cleared
375.5388 	EXP 	noise_3: autoDraw = False
375.5388 	EXP 	surround_grating: autoDraw = False
375.5388 	EXP 	center_grating: autoDraw = False
375.5388 	EXP 	text_2: autoDraw = False
375.5388 	EXP 	surround_grating: ori = -15.0
375.5388 	EXP 	surround_grating: sf = array([2.5, 2.5])
375.5388 	EXP 	surround_grating: phase = array([0.92109512, 0.92109512])
375.5388 	EXP 	center_grating: ori = -2.0
375.5388 	EXP 	center_grating: sf = array([2.5, 2.5])
375.5388 	EXP 	center_grating: phase = array([0.13650039, 0.13650039])
376.7787 	EXP 	noise_3: autoDraw = True
376.7787 	EXP 	surround_grating: autoDraw = True
376.7787 	EXP 	center_grating: autoDraw = True
376.8530 	EXP 	noise_3: autoDraw = False
376.8530 	EXP 	surround_grating: autoDraw = False
376.8530 	EXP 	center_grating: autoDraw = False
377.1556 	EXP 	New trial (rep=0, index=127): <Trial 127 (127 in rep 0) data={'center': -8, 'surround': -15.0, 'type': 'c-8', 'surr_type': 'negs', 'orient_opacity': 100, 'noise_opacity': 0, 'isi': 1.25, 'thisN': 127, 'thisTrialN': 127, 'thisRepN': 0}>
377.1607 	DATA 	Keypress: z
377.1671 	INFO 	Keyboard events cleared
377.1666 	EXP 	noise_3: autoDraw = False
377.1666 	EXP 	surround_grating: autoDraw = False
377.1666 	EXP 	center_grating: autoDraw = False
377.1666 	EXP 	text_2: autoDraw = False
377.1666 	EXP 	surround_grating: ori = -15.0
377.1666 	EXP 	surround_grating: sf = array([2.5, 2.5])
377.1666 	EXP 	surround_grating: phase = array([0.91668494, 0.91668494])
377.1666 	EXP 	center_grating: ori = -8.0
377.1666 	EXP 	center_grating: sf = array([2.5, 2.5])
377.1666 	EXP 	center_grating: phase = array([0.62880101, 0.62880101])
378.4026 	EXP 	noise_3: autoDraw = True
378.4026 	EXP 	surround_grating: autoDraw = True
378.4026 	EXP 	center_grating: autoDraw = True
378.4388 	EXP 	New trial (rep=0, index=128): <Trial 128 (128 in rep 0) data={'center': 0, 'surround': 0.0, 'type': 'c+0', 'surr_type': 'noss', 'orient_opacity': 0, 'noise_opacity': 100, 'isi': 0.75, 'thisN': 128, 'thisTrialN': 128, 'thisRepN': 0}>
378.4439 	DATA 	Keypress: period
378.4500 	INFO 	Keyboard events cleared
378.4493 	EXP 	noise_3: autoDraw = False
378.4493 	EXP 	surround_grating: autoDraw = False
378.4493 	EXP 	center_grating: autoDraw = False
378.4493 	EXP 	text_2: autoDraw = False
378.4493 	EXP 	surround_grating: ori = 0.0
378.4493 	EXP 	surround_grating: sf = array([2.5, 2.5])
378.4493 	EXP 	surround_grating: phase = array([0.66722532, 0.66722532])
378.4493 	EXP 	center_grating: ori = 0.0
378.4493 	EXP 	center_grating: sf = array([2.5, 2.5])
378.4493 	EXP 	center_grating: phase = array([0.49931457, 0.49931457])
379.1618 	EXP 	New trial (rep=0, index=129): <Trial 129 (129 in rep 0) data={'center': 0, 'surround': 15.0, 'type': 'c+0', 'surr_type': 'poss', 'orient_opacity': 100, 'noise_opacity': 0, 'isi': 0.75, 'thisN': 129, 'thisTrialN': 129, 'thisRepN': 0}>
379.1673 	DATA 	Keypress: z
379.1728 	INFO 	Keyboard events cleared
379.1722 	EXP 	noise_3: autoDraw = False
379.1722 	EXP 	surround_grating: autoDraw = False
379.1722 	EXP 	center_grating: autoDraw = False
379.1722 	EXP 	text_2: autoDraw = False
379.1722 	EXP 	surround_grating: ori = 15.0
379.1722 	EXP 	surround_grating: sf = array([2.5, 2.5])
379.1722 	EXP 	surround_grating: phase = array([0.44383834, 0.44383834])
379.1722 	EXP 	center_grating: ori = 0.0
379.1722 	EXP 	center_grating: sf = array([2.5, 2.5])
379.1722 	EXP 	center_grating: phase = array([0.38651383, 0.38651383])
379.9119 	EXP 	noise_3: autoDraw = True
379.9119 	EXP 	surround_grating: autoDraw = True
379.9119 	EXP 	center_grating: autoDraw = True
379.9865 	EXP 	noise_3: autoDraw = False
379.9865 	EXP 	surround_grating: autoDraw = False
379.9865 	EXP 	center_grating: autoDraw = False
380.5428 	EXP 	New trial (rep=0, index=130): <Trial 130 (130 in rep 0) data={'center': 8, 'surround': 15.0, 'type': 'c+8', 'surr_type': 'poss', 'orient_opacity': 100, 'noise_opacity': 0, 'isi': 1.25, 'thisN': 130, 'thisTrialN': 130, 'thisRepN': 0}>
380.5479 	DATA 	Keypress: z
380.5543 	INFO 	Keyboard events cleared
380.5537 	EXP 	noise_3: autoDraw = False
380.5537 	EXP 	surround_grating: autoDraw = False
380.5537 	EXP 	center_grating: autoDraw = False
380.5537 	EXP 	text_2: autoDraw = False
380.5537 	EXP 	surround_grating: ori = 15.0
380.5537 	EXP 	surround_grating: sf = array([2.5, 2.5])
380.5537 	EXP 	surround_grating: phase = array([0.48660248, 0.48660248])
380.5537 	EXP 	center_grating: ori = 8.0
380.5537 	EXP 	center_grating: sf = array([2.5, 2.5])
380.5537 	EXP 	center_grating: phase = array([0.22115553, 0.22115553])
381.7860 	EXP 	noise_3: autoDraw = True
381.7860 	EXP 	surround_grating: autoDraw = True
381.7860 	EXP 	center_grating: autoDraw = True
381.8581 	EXP 	noise_3: autoDraw = False
381.8581 	EXP 	surround_grating: autoDraw = False
381.8581 	EXP 	center_grating: autoDraw = False
382.2565 	EXP 	New trial (rep=0, index=131): <Trial 131 (131 in rep 0) data={'center': 8, 'surround': 15.0, 'type': 'c+8', 'surr_type': 'poss', 'orient_opacity': 100, 'noise_opacity': 0, 'isi': 1.0, 'thisN': 131, 'thisTrialN': 131, 'thisRepN': 0}>
382.2627 	DATA 	Keypress: period
382.2688 	INFO 	Keyboard events cleared
382.2683 	EXP 	noise_3: autoDraw = False
382.2683 	EXP 	surround_grating: autoDraw = False
382.2683 	EXP 	center_grating: autoDraw = False
382.2683 	EXP 	text_2: autoDraw = False
382.2683 	EXP 	surround_grating: ori = 15.0
382.2683 	EXP 	surround_grating: sf = array([2.5, 2.5])
382.2683 	EXP 	surround_grating: phase = array([0.17235107, 0.17235107])
382.2683 	EXP 	center_grating: ori = 8.0
382.2683 	EXP 	center_grating: sf = array([2.5, 2.5])
382.2683 	EXP 	center_grating: phase = array([0.81675792, 0.81675792])
383.2527 	EXP 	noise_3: autoDraw = True
383.2527 	EXP 	surround_grating: autoDraw = True
383.2527 	EXP 	center_grating: autoDraw = True
383.3248 	EXP 	noise_3: autoDraw = False
383.3248 	EXP 	surround_grating: autoDraw = False
383.3248 	EXP 	center_grating: autoDraw = False
383.6391 	EXP 	New trial (rep=0, index=132): <Trial 132 (132 in rep 0) data={'center': 0, 'surround': 0.0, 'type': 'c+0', 'surr_type': 'noss', 'orient_opacity': 0, 'noise_opacity': 100, 'isi': 0.75, 'thisN': 132, 'thisTrialN': 132, 'thisRepN': 0}>
383.6445 	DATA 	Keypress: period
383.6503 	INFO 	Keyboard events cleared
383.6499 	EXP 	noise_3: autoDraw = False
383.6499 	EXP 	surround_grating: autoDraw = False
383.6499 	EXP 	center_grating: autoDraw = False
383.6499 	EXP 	text_2: autoDraw = False
383.6499 	EXP 	surround_grating: ori = 0.0
383.6499 	EXP 	surround_grating: sf = array([2.5, 2.5])
383.6499 	EXP 	surround_grating: phase = array([0.38513549, 0.38513549])
383.6499 	EXP 	center_grating: ori = 0.0
383.6499 	EXP 	center_grating: sf = array([2.5, 2.5])
383.6499 	EXP 	center_grating: phase = array([0.40419054, 0.40419054])
384.3861 	EXP 	noise_3: autoDraw = True
384.3861 	EXP 	surround_grating: autoDraw = True
384.3861 	EXP 	center_grating: autoDraw = True
384.4583 	EXP 	noise_3: autoDraw = False
384.4583 	EXP 	surround_grating: autoDraw = False
384.4583 	EXP 	center_grating: autoDraw = False
385.9897 	EXP 	New trial (rep=0, index=133): <Trial 133 (133 in rep 0) data={'center': 8, 'surround': 15.0, 'type': 'c+8', 'surr_type': 'poss', 'orient_opacity': 100, 'noise_opacity': 0, 'isi': 0.75, 'thisN': 133, 'thisTrialN': 133, 'thisRepN': 0}>
385.9954 	DATA 	Keypress: z
386.0014 	INFO 	Keyboard events cleared
386.0010 	EXP 	noise_3: autoDraw = False
386.0010 	EXP 	surround_grating: autoDraw = False
386.0010 	EXP 	center_grating: autoDraw = False
386.0010 	EXP 	text_2: autoDraw = False
386.0010 	EXP 	surround_grating: ori = 15.0
386.0010 	EXP 	surround_grating: sf = array([2.5, 2.5])
386.0010 	EXP 	surround_grating: phase = array([0.36761123, 0.36761123])
386.0010 	EXP 	center_grating: ori = 8.0
386.0010 	EXP 	center_grating: sf = array([2.5, 2.5])
386.0010 	EXP 	center_grating: phase = array([0.02087933, 0.02087933])
386.7361 	EXP 	noise_3: autoDraw = True
386.7361 	EXP 	surround_grating: autoDraw = True
386.7361 	EXP 	center_grating: autoDraw = True
386.8080 	EXP 	noise_3: autoDraw = False
386.8080 	EXP 	surround_grating: autoDraw = False
386.8080 	EXP 	center_grating: autoDraw = False
387.1623 	EXP 	New trial (rep=0, index=134): <Trial 134 (134 in rep 0) data={'center': -4, 'surround': 0.0, 'type': 'c-4', 'surr_type': 'noss', 'orient_opacity': 0, 'noise_opacity': 100, 'isi': 1.25, 'thisN': 134, 'thisTrialN': 134, 'thisRepN': 0}>
387.1675 	DATA 	Keypress: period
387.1731 	INFO 	Keyboard events cleared
387.1727 	EXP 	noise_3: autoDraw = False
387.1727 	EXP 	surround_grating: autoDraw = False
387.1727 	EXP 	center_grating: autoDraw = False
387.1727 	EXP 	text_2: autoDraw = False
387.1727 	EXP 	surround_grating: ori = 0.0
387.1727 	EXP 	surround_grating: sf = array([2.5, 2.5])
387.1727 	EXP 	surround_grating: phase = array([0.27732343, 0.27732343])
387.1727 	EXP 	center_grating: ori = -4.0
387.1727 	EXP 	center_grating: sf = array([2.5, 2.5])
387.1727 	EXP 	center_grating: phase = array([0.30016114, 0.30016114])
388.4116 	EXP 	noise_3: autoDraw = True
388.4116 	EXP 	surround_grating: autoDraw = True
388.4116 	EXP 	center_grating: autoDraw = True
388.4867 	EXP 	noise_3: autoDraw = False
388.4867 	EXP 	surround_grating: autoDraw = False
388.4867 	EXP 	center_grating: autoDraw = False
388.9447 	EXP 	New trial (rep=0, index=135): <Trial 135 (135 in rep 0) data={'center': 4, 'surround': 0.0, 'type': 'c+4', 'surr_type': 'noss', 'orient_opacity': 0, 'noise_opacity': 100, 'isi': 0.75, 'thisN': 135, 'thisTrialN': 135, 'thisRepN': 0}>
388.9498 	DATA 	Keypress: z
388.9560 	INFO 	Keyboard events cleared
388.9555 	EXP 	noise_3: autoDraw = False
388.9555 	EXP 	surround_grating: autoDraw = False
388.9555 	EXP 	center_grating: autoDraw = False
388.9555 	EXP 	text_2: autoDraw = False
388.9555 	EXP 	surround_grating: ori = 0.0
388.9555 	EXP 	surround_grating: sf = array([2.5, 2.5])
388.9555 	EXP 	surround_grating: phase = array([0.44982679, 0.44982679])
388.9555 	EXP 	center_grating: ori = 4.0
388.9555 	EXP 	center_grating: sf = array([2.5, 2.5])
388.9555 	EXP 	center_grating: phase = array([0.57751356, 0.57751356])
389.6953 	EXP 	noise_3: autoDraw = True
389.6953 	EXP 	surround_grating: autoDraw = True
389.6953 	EXP 	center_grating: autoDraw = True
389.7702 	EXP 	noise_3: autoDraw = False
389.7702 	EXP 	surround_grating: autoDraw = False
389.7702 	EXP 	center_grating: autoDraw = False
390.1787 	EXP 	New trial (rep=0, index=136): <Trial 136 (136 in rep 0) data={'center': 0, 'surround': 15.0, 'type': 'c+0', 'surr_type': 'poss', 'orient_opacity': 100, 'noise_opacity': 0, 'isi': 1.0, 'thisN': 136, 'thisTrialN': 136, 'thisRepN': 0}>
390.1838 	DATA 	Keypress: period
390.1896 	INFO 	Keyboard events cleared
390.1892 	EXP 	noise_3: autoDraw = False
390.1892 	EXP 	surround_grating: autoDraw = False
390.1892 	EXP 	center_grating: autoDraw = False
390.1892 	EXP 	text_2: autoDraw = False
390.1892 	EXP 	surround_grating: ori = 15.0
390.1892 	EXP 	surround_grating: sf = array([2.5, 2.5])
390.1892 	EXP 	surround_grating: phase = array([0.60684561, 0.60684561])
390.1892 	EXP 	center_grating: ori = 0.0
390.1892 	EXP 	center_grating: sf = array([2.5, 2.5])
390.1892 	EXP 	center_grating: phase = array([0.22508469, 0.22508469])
391.1787 	EXP 	noise_3: autoDraw = True
391.1787 	EXP 	surround_grating: autoDraw = True
391.1787 	EXP 	center_grating: autoDraw = True
391.2535 	EXP 	noise_3: autoDraw = False
391.2535 	EXP 	surround_grating: autoDraw = False
391.2535 	EXP 	center_grating: autoDraw = False
391.8232 	EXP 	New trial (rep=0, index=137): <Trial 137 (137 in rep 0) data={'center': -4, 'surround': 0.0, 'type': 'c-4', 'surr_type': 'noss', 'orient_opacity': 0, 'noise_opacity': 100, 'isi': 0.75, 'thisN': 137, 'thisTrialN': 137, 'thisRepN': 0}>
391.8287 	DATA 	Keypress: z
391.8349 	INFO 	Keyboard events cleared
391.8345 	EXP 	noise_3: autoDraw = False
391.8345 	EXP 	surround_grating: autoDraw = False
391.8345 	EXP 	center_grating: autoDraw = False
391.8345 	EXP 	text_2: autoDraw = False
391.8345 	EXP 	surround_grating: ori = 0.0
391.8345 	EXP 	surround_grating: sf = array([2.5, 2.5])
391.8345 	EXP 	surround_grating: phase = array([0.65764977, 0.65764977])
391.8345 	EXP 	center_grating: ori = -4.0
391.8345 	EXP 	center_grating: sf = array([2.5, 2.5])
391.8345 	EXP 	center_grating: phase = array([0.42272146, 0.42272146])
392.5687 	EXP 	noise_3: autoDraw = True
392.5687 	EXP 	surround_grating: autoDraw = True
392.5687 	EXP 	center_grating: autoDraw = True
392.6420 	EXP 	noise_3: autoDraw = False
392.6420 	EXP 	surround_grating: autoDraw = False
392.6420 	EXP 	center_grating: autoDraw = False
393.0891 	EXP 	New trial (rep=0, index=138): <Trial 138 (138 in rep 0) data={'center': 0, 'surround': 0.0, 'type': 'c+0', 'surr_type': 'noss', 'orient_opacity': 0, 'noise_opacity': 100, 'isi': 1.25, 'thisN': 138, 'thisTrialN': 138, 'thisRepN': 0}>
393.0944 	DATA 	Keypress: z
393.1003 	INFO 	Keyboard events cleared
393.0997 	EXP 	noise_3: autoDraw = False
393.0997 	EXP 	surround_grating: autoDraw = False
393.0997 	EXP 	center_grating: autoDraw = False
393.0997 	EXP 	text_2: autoDraw = False
393.0997 	EXP 	surround_grating: ori = 0.0
393.0997 	EXP 	surround_grating: sf = array([2.5, 2.5])
393.0997 	EXP 	surround_grating: phase = array([0.8073845, 0.8073845])
393.0997 	EXP 	center_grating: ori = 0.0
393.0997 	EXP 	center_grating: sf = array([2.5, 2.5])
393.0997 	EXP 	center_grating: phase = array([0.61987934, 0.61987934])
394.3365 	EXP 	noise_3: autoDraw = True
394.3365 	EXP 	surround_grating: autoDraw = True
394.3365 	EXP 	center_grating: autoDraw = True
394.4094 	EXP 	noise_3: autoDraw = False
394.4094 	EXP 	surround_grating: autoDraw = False
394.4094 	EXP 	center_grating: autoDraw = False
395.3278 	EXP 	New trial (rep=0, index=139): <Trial 139 (139 in rep 0) data={'center': -2, 'surround': 0.0, 'type': 'c-2', 'surr_type': 'noss', 'orient_opacity': 0, 'noise_opacity': 100, 'isi': 1.25, 'thisN': 139, 'thisTrialN': 139, 'thisRepN': 0}>
395.3328 	DATA 	Keypress: z
395.3389 	INFO 	Keyboard events cleared
395.3385 	EXP 	noise_3: autoDraw = False
395.3385 	EXP 	surround_grating: autoDraw = False
395.3385 	EXP 	center_grating: autoDraw = False
395.3385 	EXP 	text_2: autoDraw = False
395.3385 	EXP 	surround_grating: ori = 0.0
395.3385 	EXP 	surround_grating: sf = array([2.5, 2.5])
395.3385 	EXP 	surround_grating: phase = array([0.49859194, 0.49859194])
395.3385 	EXP 	center_grating: ori = -2.0
395.3385 	EXP 	center_grating: sf = array([2.5, 2.5])
395.3385 	EXP 	center_grating: phase = array([0.13707319, 0.13707319])
396.5795 	EXP 	noise_3: autoDraw = True
396.5795 	EXP 	surround_grating: autoDraw = True
396.5795 	EXP 	center_grating: autoDraw = True
396.6537 	EXP 	noise_3: autoDraw = False
396.6537 	EXP 	surround_grating: autoDraw = False
396.6537 	EXP 	center_grating: autoDraw = False
397.1580 	EXP 	New trial (rep=0, index=140): <Trial 140 (140 in rep 0) data={'center': 0, 'surround': 15.0, 'type': 'c+0', 'surr_type': 'poss', 'orient_opacity': 100, 'noise_opacity': 0, 'isi': 1.0, 'thisN': 140, 'thisTrialN': 140, 'thisRepN': 0}>
397.1634 	DATA 	Keypress: z
397.1694 	INFO 	Keyboard events cleared
397.1689 	EXP 	noise_3: autoDraw = False
397.1689 	EXP 	surround_grating: autoDraw = False
397.1689 	EXP 	center_grating: autoDraw = False
397.1689 	EXP 	text_2: autoDraw = False
397.1689 	EXP 	surround_grating: ori = 15.0
397.1689 	EXP 	surround_grating: sf = array([2.5, 2.5])
397.1689 	EXP 	surround_grating: phase = array([0.03055513, 0.03055513])
397.1689 	EXP 	center_grating: ori = 0.0
397.1689 	EXP 	center_grating: sf = array([2.5, 2.5])
397.1689 	EXP 	center_grating: phase = array([0.50060605, 0.50060605])
398.1533 	EXP 	noise_3: autoDraw = True
398.1533 	EXP 	surround_grating: autoDraw = True
398.1533 	EXP 	center_grating: autoDraw = True
398.2255 	EXP 	noise_3: autoDraw = False
398.2255 	EXP 	surround_grating: autoDraw = False
398.2255 	EXP 	center_grating: autoDraw = False
398.6063 	EXP 	New trial (rep=0, index=141): <Trial 141 (141 in rep 0) data={'center': 2, 'surround': 15.0, 'type': 'c+2', 'surr_type': 'poss', 'orient_opacity': 100, 'noise_opacity': 0, 'isi': 1.0, 'thisN': 141, 'thisTrialN': 141, 'thisRepN': 0}>
398.6126 	DATA 	Keypress: z
398.6185 	INFO 	Keyboard events cleared
398.6181 	EXP 	noise_3: autoDraw = False
398.6181 	EXP 	surround_grating: autoDraw = False
398.6181 	EXP 	center_grating: autoDraw = False
398.6181 	EXP 	text_2: autoDraw = False
398.6181 	EXP 	surround_grating: ori = 15.0
398.6181 	EXP 	surround_grating: sf = array([2.5, 2.5])
398.6181 	EXP 	surround_grating: phase = array([0.5047203, 0.5047203])
398.6181 	EXP 	center_grating: ori = 2.0
398.6181 	EXP 	center_grating: sf = array([2.5, 2.5])
398.6181 	EXP 	center_grating: phase = array([0.84555609, 0.84555609])
399.6028 	EXP 	noise_3: autoDraw = True
399.6028 	EXP 	surround_grating: autoDraw = True
399.6028 	EXP 	center_grating: autoDraw = True
399.6749 	EXP 	noise_3: autoDraw = False
399.6749 	EXP 	surround_grating: autoDraw = False
399.6749 	EXP 	center_grating: autoDraw = False
400.1903 	EXP 	New trial (rep=0, index=142): <Trial 142 (142 in rep 0) data={'center': -2, 'surround': 0.0, 'type': 'c-2', 'surr_type': 'noss', 'orient_opacity': 0, 'noise_opacity': 100, 'isi': 0.75, 'thisN': 142, 'thisTrialN': 142, 'thisRepN': 0}>
400.1959 	DATA 	Keypress: z
400.2022 	INFO 	Keyboard events cleared
400.2017 	EXP 	noise_3: autoDraw = False
400.2017 	EXP 	surround_grating: autoDraw = False
400.2017 	EXP 	center_grating: autoDraw = False
400.2017 	EXP 	text_2: autoDraw = False
400.2017 	EXP 	surround_grating: ori = 0.0
400.2017 	EXP 	surround_grating: sf = array([2.5, 2.5])
400.2017 	EXP 	surround_grating: phase = array([0.41275831, 0.41275831])
400.2017 	EXP 	center_grating: ori = -2.0
400.2017 	EXP 	center_grating: sf = array([2.5, 2.5])
400.2017 	EXP 	center_grating: phase = array([0.832604, 0.832604])
400.9358 	EXP 	noise_3: autoDraw = True
400.9358 	EXP 	surround_grating: autoDraw = True
400.9358 	EXP 	center_grating: autoDraw = True
401.0089 	EXP 	noise_3: autoDraw = False
401.0089 	EXP 	surround_grating: autoDraw = False
401.0089 	EXP 	center_grating: autoDraw = False
401.4573 	EXP 	New trial (rep=0, index=143): <Trial 143 (143 in rep 0) data={'center': 2, 'surround': 0.0, 'type': 'c+2', 'surr_type': 'noss', 'orient_opacity': 0, 'noise_opacity': 100, 'isi': 0.75, 'thisN': 143, 'thisTrialN': 143, 'thisRepN': 0}>
401.4631 	DATA 	Keypress: z
401.4695 	INFO 	Keyboard events cleared
401.4690 	EXP 	noise_3: autoDraw = False
401.4690 	EXP 	surround_grating: autoDraw = False
401.4690 	EXP 	center_grating: autoDraw = False
401.4690 	EXP 	text_2: autoDraw = False
401.4690 	EXP 	surround_grating: ori = 0.0
401.4690 	EXP 	surround_grating: sf = array([2.5, 2.5])
401.4690 	EXP 	surround_grating: phase = array([0.06436786, 0.06436786])
401.4690 	EXP 	center_grating: ori = 2.0
401.4690 	EXP 	center_grating: sf = array([2.5, 2.5])
401.4690 	EXP 	center_grating: phase = array([0.35402853, 0.35402853])
402.2034 	EXP 	noise_3: autoDraw = True
402.2034 	EXP 	surround_grating: autoDraw = True
402.2034 	EXP 	center_grating: autoDraw = True
402.2760 	EXP 	noise_3: autoDraw = False
402.2760 	EXP 	surround_grating: autoDraw = False
402.2760 	EXP 	center_grating: autoDraw = False
402.7401 	EXP 	New trial (rep=0, index=144): <Trial 144 (144 in rep 0) data={'center': -4, 'surround': 0.0, 'type': 'c-4', 'surr_type': 'noss', 'orient_opacity': 0, 'noise_opacity': 100, 'isi': 0.75, 'thisN': 144, 'thisTrialN': 144, 'thisRepN': 0}>
402.7464 	DATA 	Keypress: z
402.7526 	INFO 	Keyboard events cleared
402.7521 	EXP 	noise_3: autoDraw = False
402.7521 	EXP 	surround_grating: autoDraw = False
402.7521 	EXP 	center_grating: autoDraw = False
402.7521 	EXP 	text_2: autoDraw = False
402.7521 	EXP 	surround_grating: ori = 0.0
402.7521 	EXP 	surround_grating: sf = array([2.5, 2.5])
402.7521 	EXP 	surround_grating: phase = array([0.20775327, 0.20775327])
402.7521 	EXP 	center_grating: ori = -4.0
402.7521 	EXP 	center_grating: sf = array([2.5, 2.5])
402.7521 	EXP 	center_grating: phase = array([0.96846013, 0.96846013])
403.4868 	EXP 	noise_3: autoDraw = True
403.4868 	EXP 	surround_grating: autoDraw = True
403.4868 	EXP 	center_grating: autoDraw = True
403.5591 	EXP 	noise_3: autoDraw = False
403.5591 	EXP 	surround_grating: autoDraw = False
403.5591 	EXP 	center_grating: autoDraw = False
403.9576 	EXP 	New trial (rep=0, index=145): <Trial 145 (145 in rep 0) data={'center': 0, 'surround': -15.0, 'type': 'c+0', 'surr_type': 'negs', 'orient_opacity': 100, 'noise_opacity': 0, 'isi': 1.0, 'thisN': 145, 'thisTrialN': 145, 'thisRepN': 0}>
403.9630 	DATA 	Keypress: z
403.9690 	INFO 	Keyboard events cleared
403.9685 	EXP 	noise_3: autoDraw = False
403.9685 	EXP 	surround_grating: autoDraw = False
403.9685 	EXP 	center_grating: autoDraw = False
403.9685 	EXP 	text_2: autoDraw = False
403.9685 	EXP 	surround_grating: ori = -15.0
403.9685 	EXP 	surround_grating: sf = array([2.5, 2.5])
403.9685 	EXP 	surround_grating: phase = array([0.71909645, 0.71909645])
403.9685 	EXP 	center_grating: ori = 0.0
403.9685 	EXP 	center_grating: sf = array([2.5, 2.5])
403.9685 	EXP 	center_grating: phase = array([0.7882715, 0.7882715])
404.9535 	EXP 	noise_3: autoDraw = True
404.9535 	EXP 	surround_grating: autoDraw = True
404.9535 	EXP 	center_grating: autoDraw = True
405.0270 	EXP 	noise_3: autoDraw = False
405.0270 	EXP 	surround_grating: autoDraw = False
405.0270 	EXP 	center_grating: autoDraw = False
405.6239 	EXP 	New trial (rep=0, index=146): <Trial 146 (146 in rep 0) data={'center': -2, 'surround': 0.0, 'type': 'c-2', 'surr_type': 'noss', 'orient_opacity': 0, 'noise_opacity': 100, 'isi': 0.5, 'thisN': 146, 'thisTrialN': 146, 'thisRepN': 0}>
405.6296 	DATA 	Keypress: period
405.6355 	INFO 	Keyboard events cleared
405.6351 	EXP 	noise_3: autoDraw = False
405.6351 	EXP 	surround_grating: autoDraw = False
405.6351 	EXP 	center_grating: autoDraw = False
405.6351 	EXP 	text_2: autoDraw = False
405.6351 	EXP 	surround_grating: ori = 0.0
405.6351 	EXP 	surround_grating: sf = array([2.5, 2.5])
405.6351 	EXP 	surround_grating: phase = array([0.54855398, 0.54855398])
405.6351 	EXP 	center_grating: ori = -2.0
405.6351 	EXP 	center_grating: sf = array([2.5, 2.5])
405.6351 	EXP 	center_grating: phase = array([0.78676752, 0.78676752])
406.1193 	EXP 	noise_3: autoDraw = True
406.1193 	EXP 	surround_grating: autoDraw = True
406.1193 	EXP 	center_grating: autoDraw = True
406.1922 	EXP 	noise_3: autoDraw = False
406.1922 	EXP 	surround_grating: autoDraw = False
406.1922 	EXP 	center_grating: autoDraw = False
406.6902 	EXP 	New trial (rep=0, index=147): <Trial 147 (147 in rep 0) data={'center': 4, 'surround': 15.0, 'type': 'c+4', 'surr_type': 'poss', 'orient_opacity': 100, 'noise_opacity': 0, 'isi': 1.0, 'thisN': 147, 'thisTrialN': 147, 'thisRepN': 0}>
406.6952 	DATA 	Keypress: z
406.7012 	INFO 	Keyboard events cleared
406.7007 	EXP 	noise_3: autoDraw = False
406.7007 	EXP 	surround_grating: autoDraw = False
406.7007 	EXP 	center_grating: autoDraw = False
406.7007 	EXP 	text_2: autoDraw = False
406.7007 	EXP 	surround_grating: ori = 15.0
406.7007 	EXP 	surround_grating: sf = array([2.5, 2.5])
406.7007 	EXP 	surround_grating: phase = array([0.83998277, 0.83998277])
406.7007 	EXP 	center_grating: ori = 4.0
406.7007 	EXP 	center_grating: sf = array([2.5, 2.5])
406.7007 	EXP 	center_grating: phase = array([0.96509636, 0.96509636])
407.6869 	EXP 	noise_3: autoDraw = True
407.6869 	EXP 	surround_grating: autoDraw = True
407.6869 	EXP 	center_grating: autoDraw = True
407.7593 	EXP 	noise_3: autoDraw = False
407.7593 	EXP 	surround_grating: autoDraw = False
407.7593 	EXP 	center_grating: autoDraw = False
408.0799 	EXP 	New trial (rep=0, index=148): <Trial 148 (148 in rep 0) data={'center': 8, 'surround': 15.0, 'type': 'c+8', 'surr_type': 'poss', 'orient_opacity': 100, 'noise_opacity': 0, 'isi': 0.5, 'thisN': 148, 'thisTrialN': 148, 'thisRepN': 0}>
408.0854 	DATA 	Keypress: period
408.0908 	INFO 	Keyboard events cleared
408.0903 	EXP 	noise_3: autoDraw = False
408.0903 	EXP 	surround_grating: autoDraw = False
408.0903 	EXP 	center_grating: autoDraw = False
408.0903 	EXP 	text_2: autoDraw = False
408.0903 	EXP 	surround_grating: ori = 15.0
408.0903 	EXP 	surround_grating: sf = array([2.5, 2.5])
408.0903 	EXP 	surround_grating: phase = array([0.96351686, 0.96351686])
408.0903 	EXP 	center_grating: ori = 8.0
408.0903 	EXP 	center_grating: sf = array([2.5, 2.5])
408.0903 	EXP 	center_grating: phase = array([0.58496661, 0.58496661])
408.5793 	EXP 	noise_3: autoDraw = True
408.5793 	EXP 	surround_grating: autoDraw = True
408.5793 	EXP 	center_grating: autoDraw = True
408.6542 	EXP 	noise_3: autoDraw = False
408.6542 	EXP 	surround_grating: autoDraw = False
408.6542 	EXP 	center_grating: autoDraw = False
409.2301 	EXP 	New trial (rep=0, index=149): <Trial 149 (149 in rep 0) data={'center': 2, 'surround': -15.0, 'type': 'c+2', 'surr_type': 'negs', 'orient_opacity': 100, 'noise_opacity': 0, 'isi': 0.75, 'thisN': 149, 'thisTrialN': 149, 'thisRepN': 0}>
409.2359 	DATA 	Keypress: period
409.2416 	INFO 	Keyboard events cleared
409.2409 	EXP 	noise_3: autoDraw = False
409.2409 	EXP 	surround_grating: autoDraw = False
409.2409 	EXP 	center_grating: autoDraw = False
409.2409 	EXP 	text_2: autoDraw = False
409.2409 	EXP 	surround_grating: ori = -15.0
409.2409 	EXP 	surround_grating: sf = array([2.5, 2.5])
409.2409 	EXP 	surround_grating: phase = array([0.72181868, 0.72181868])
409.2409 	EXP 	center_grating: ori = 2.0
409.2409 	EXP 	center_grating: sf = array([2.5, 2.5])
409.2409 	EXP 	center_grating: phase = array([0.88798605, 0.88798605])
409.9806 	EXP 	noise_3: autoDraw = True
409.9806 	EXP 	surround_grating: autoDraw = True
409.9806 	EXP 	center_grating: autoDraw = True
410.0541 	EXP 	noise_3: autoDraw = False
410.0541 	EXP 	surround_grating: autoDraw = False
410.0541 	EXP 	center_grating: autoDraw = False
410.4900 	EXP 	New trial (rep=0, index=150): <Trial 150 (150 in rep 0) data={'center': -6, 'surround': -15.0, 'type': 'c-6', 'surr_type': 'negs', 'orient_opacity': 100, 'noise_opacity': 0, 'isi': 0.75, 'thisN': 150, 'thisTrialN': 150, 'thisRepN': 0}>
410.4953 	DATA 	Keypress: period
410.5013 	INFO 	Keyboard events cleared
410.5007 	EXP 	noise_3: autoDraw = False
410.5007 	EXP 	surround_grating: autoDraw = False
410.5007 	EXP 	center_grating: autoDraw = False
410.5007 	EXP 	text_2: autoDraw = False
410.5007 	EXP 	surround_grating: ori = -15.0
410.5007 	EXP 	surround_grating: sf = array([2.5, 2.5])
410.5007 	EXP 	surround_grating: phase = array([0.50400988, 0.50400988])
410.5007 	EXP 	center_grating: ori = -6.0
410.5007 	EXP 	center_grating: sf = array([2.5, 2.5])
410.5007 	EXP 	center_grating: phase = array([0.77201762, 0.77201762])
411.2370 	EXP 	noise_3: autoDraw = True
411.2370 	EXP 	surround_grating: autoDraw = True
411.2370 	EXP 	center_grating: autoDraw = True
411.3092 	EXP 	noise_3: autoDraw = False
411.3092 	EXP 	surround_grating: autoDraw = False
411.3092 	EXP 	center_grating: autoDraw = False
411.9463 	DATA 	Keypress: z
411.9524 	INFO 	Keyboard events cleared
411.9519 	EXP 	noise_3: autoDraw = False
411.9519 	EXP 	surround_grating: autoDraw = False
411.9519 	EXP 	center_grating: autoDraw = False
411.9519 	EXP 	text_2: autoDraw = True
416.5743 	DATA 	Keypress: rshift
430.5074 	EXP 	New trial (rep=0, index=151): <Trial 151 (151 in rep 0) data={'center': 0, 'surround': -15.0, 'type': 'c+0', 'surr_type': 'negs', 'orient_opacity': 100, 'noise_opacity': 0, 'isi': 1.0, 'thisN': 151, 'thisTrialN': 151, 'thisRepN': 0}>
430.5125 	DATA 	Keypress: space
430.5185 	INFO 	Keyboard events cleared
430.5180 	EXP 	text_2: autoDraw = False
430.5180 	EXP 	surround_grating: ori = -15.0
430.5180 	EXP 	surround_grating: sf = array([2.5, 2.5])
430.5180 	EXP 	surround_grating: phase = array([0.46418025, 0.46418025])
430.5180 	EXP 	center_grating: ori = 0.0
430.5180 	EXP 	center_grating: sf = array([2.5, 2.5])
430.5180 	EXP 	center_grating: phase = array([0.83093764, 0.83093764])
431.5046 	EXP 	noise_3: autoDraw = True
431.5046 	EXP 	surround_grating: autoDraw = True
431.5046 	EXP 	center_grating: autoDraw = True
431.5776 	EXP 	noise_3: autoDraw = False
431.5776 	EXP 	surround_grating: autoDraw = False
431.5776 	EXP 	center_grating: autoDraw = False
432.2073 	EXP 	New trial (rep=0, index=152): <Trial 152 (152 in rep 0) data={'center': 4, 'surround': 0.0, 'type': 'c+4', 'surr_type': 'noss', 'orient_opacity': 0, 'noise_opacity': 100, 'isi': 1.0, 'thisN': 152, 'thisTrialN': 152, 'thisRepN': 0}>
432.2123 	DATA 	Keypress: period
432.2182 	INFO 	Keyboard events cleared
432.2178 	EXP 	noise_3: autoDraw = False
432.2178 	EXP 	surround_grating: autoDraw = False
432.2178 	EXP 	center_grating: autoDraw = False
432.2178 	EXP 	text_2: autoDraw = False
432.2178 	EXP 	surround_grating: ori = 0.0
432.2178 	EXP 	surround_grating: sf = array([2.5, 2.5])
432.2178 	EXP 	surround_grating: phase = array([0.30982413, 0.30982413])
432.2178 	EXP 	center_grating: ori = 4.0
432.2178 	EXP 	center_grating: sf = array([2.5, 2.5])
432.2178 	EXP 	center_grating: phase = array([0.19019805, 0.19019805])
433.2046 	EXP 	noise_3: autoDraw = True
433.2046 	EXP 	surround_grating: autoDraw = True
433.2046 	EXP 	center_grating: autoDraw = True
433.2769 	EXP 	noise_3: autoDraw = False
433.2769 	EXP 	surround_grating: autoDraw = False
433.2769 	EXP 	center_grating: autoDraw = False
433.7245 	EXP 	New trial (rep=0, index=153): <Trial 153 (153 in rep 0) data={'center': 4, 'surround': 15.0, 'type': 'c+4', 'surr_type': 'poss', 'orient_opacity': 100, 'noise_opacity': 0, 'isi': 0.75, 'thisN': 153, 'thisTrialN': 153, 'thisRepN': 0}>
433.7308 	DATA 	Keypress: period
433.7370 	INFO 	Keyboard events cleared
433.7365 	EXP 	noise_3: autoDraw = False
433.7365 	EXP 	surround_grating: autoDraw = False
433.7365 	EXP 	center_grating: autoDraw = False
433.7365 	EXP 	text_2: autoDraw = False
433.7365 	EXP 	surround_grating: ori = 15.0
433.7365 	EXP 	surround_grating: sf = array([2.5, 2.5])
433.7365 	EXP 	surround_grating: phase = array([0.00718656, 0.00718656])
433.7365 	EXP 	center_grating: ori = 4.0
433.7365 	EXP 	center_grating: sf = array([2.5, 2.5])
433.7365 	EXP 	center_grating: phase = array([0.08604785, 0.08604785])
434.4716 	EXP 	noise_3: autoDraw = True
434.4716 	EXP 	surround_grating: autoDraw = True
434.4716 	EXP 	center_grating: autoDraw = True
434.5441 	EXP 	noise_3: autoDraw = False
434.5441 	EXP 	surround_grating: autoDraw = False
434.5441 	EXP 	center_grating: autoDraw = False
435.3260 	EXP 	New trial (rep=0, index=154): <Trial 154 (154 in rep 0) data={'center': -2, 'surround': 15.0, 'type': 'c-2', 'surr_type': 'poss', 'orient_opacity': 100, 'noise_opacity': 0, 'isi': 0.5, 'thisN': 154, 'thisTrialN': 154, 'thisRepN': 0}>
435.3313 	DATA 	Keypress: period
435.3373 	INFO 	Keyboard events cleared
435.3368 	EXP 	noise_3: autoDraw = False
435.3368 	EXP 	surround_grating: autoDraw = False
435.3368 	EXP 	center_grating: autoDraw = False
435.3368 	EXP 	text_2: autoDraw = False
435.3368 	EXP 	surround_grating: ori = 15.0
435.3368 	EXP 	surround_grating: sf = array([2.5, 2.5])
435.3368 	EXP 	surround_grating: phase = array([0.9775742, 0.9775742])
435.3368 	EXP 	center_grating: ori = -2.0
435.3368 	EXP 	center_grating: sf = array([2.5, 2.5])
435.3368 	EXP 	center_grating: phase = array([0.05277103, 0.05277103])
435.8213 	EXP 	noise_3: autoDraw = True
435.8213 	EXP 	surround_grating: autoDraw = True
435.8213 	EXP 	center_grating: autoDraw = True
435.8934 	EXP 	noise_3: autoDraw = False
435.8934 	EXP 	surround_grating: autoDraw = False
435.8934 	EXP 	center_grating: autoDraw = False
436.3581 	EXP 	New trial (rep=0, index=155): <Trial 155 (155 in rep 0) data={'center': -6, 'surround': -15.0, 'type': 'c-6', 'surr_type': 'negs', 'orient_opacity': 100, 'noise_opacity': 0, 'isi': 1.0, 'thisN': 155, 'thisTrialN': 155, 'thisRepN': 0}>
436.3631 	DATA 	Keypress: z
436.3691 	INFO 	Keyboard events cleared
436.3686 	EXP 	noise_3: autoDraw = False
436.3686 	EXP 	surround_grating: autoDraw = False
436.3686 	EXP 	center_grating: autoDraw = False
436.3686 	EXP 	text_2: autoDraw = False
436.3686 	EXP 	surround_grating: ori = -15.0
436.3686 	EXP 	surround_grating: sf = array([2.5, 2.5])
436.3686 	EXP 	surround_grating: phase = array([0.93187703, 0.93187703])
436.3686 	EXP 	center_grating: ori = -6.0
436.3686 	EXP 	center_grating: sf = array([2.5, 2.5])
436.3686 	EXP 	center_grating: phase = array([0.01137106, 0.01137106])
437.3542 	EXP 	noise_3: autoDraw = True
437.3542 	EXP 	surround_grating: autoDraw = True
437.3542 	EXP 	center_grating: autoDraw = True
437.4269 	EXP 	noise_3: autoDraw = False
437.4269 	EXP 	surround_grating: autoDraw = False
437.4269 	EXP 	center_grating: autoDraw = False
437.9249 	EXP 	New trial (rep=0, index=156): <Trial 156 (156 in rep 0) data={'center': -2, 'surround': 0.0, 'type': 'c-2', 'surr_type': 'noss', 'orient_opacity': 0, 'noise_opacity': 100, 'isi': 1.25, 'thisN': 156, 'thisTrialN': 156, 'thisRepN': 0}>
437.9308 	DATA 	Keypress: z
437.9367 	INFO 	Keyboard events cleared
437.9363 	EXP 	noise_3: autoDraw = False
437.9363 	EXP 	surround_grating: autoDraw = False
437.9363 	EXP 	center_grating: autoDraw = False
437.9363 	EXP 	text_2: autoDraw = False
437.9363 	EXP 	surround_grating: ori = 0.0
437.9363 	EXP 	surround_grating: sf = array([2.5, 2.5])
437.9363 	EXP 	surround_grating: phase = array([0.19524857, 0.19524857])
437.9363 	EXP 	center_grating: ori = -2.0
437.9363 	EXP 	center_grating: sf = array([2.5, 2.5])
437.9363 	EXP 	center_grating: phase = array([0.08583521, 0.08583521])
439.1715 	EXP 	noise_3: autoDraw = True
439.1715 	EXP 	surround_grating: autoDraw = True
439.1715 	EXP 	center_grating: autoDraw = True
439.2445 	EXP 	noise_3: autoDraw = False
439.2445 	EXP 	surround_grating: autoDraw = False
439.2445 	EXP 	center_grating: autoDraw = False
439.7339 	DATA 	Keypress: z
439.7568 	EXP 	New trial (rep=0, index=157): <Trial 157 (157 in rep 0) data={'center': 2, 'surround': -15.0, 'type': 'c+2', 'surr_type': 'negs', 'orient_opacity': 100, 'noise_opacity': 0, 'isi': 0.75, 'thisN': 157, 'thisTrialN': 157, 'thisRepN': 0}>
439.7725 	INFO 	Keyboard events cleared
439.7722 	EXP 	noise_3: autoDraw = False
439.7722 	EXP 	surround_grating: autoDraw = False
439.7722 	EXP 	center_grating: autoDraw = False
439.7722 	EXP 	text_2: autoDraw = False
439.7722 	EXP 	surround_grating: ori = -15.0
439.7722 	EXP 	surround_grating: sf = array([2.5, 2.5])
439.7722 	EXP 	surround_grating: phase = array([0.27677401, 0.27677401])
439.7722 	EXP 	center_grating: ori = 2.0
439.7722 	EXP 	center_grating: sf = array([2.5, 2.5])
439.7722 	EXP 	center_grating: phase = array([0.57250232, 0.57250232])
440.5048 	EXP 	noise_3: autoDraw = True
440.5048 	EXP 	surround_grating: autoDraw = True
440.5048 	EXP 	center_grating: autoDraw = True
440.5888 	EXP 	noise_3: autoDraw = False
440.5888 	EXP 	surround_grating: autoDraw = False
440.5888 	EXP 	center_grating: autoDraw = False
440.9798 	EXP 	New trial (rep=0, index=158): <Trial 158 (158 in rep 0) data={'center': 0, 'surround': -15.0, 'type': 'c+0', 'surr_type': 'negs', 'orient_opacity': 100, 'noise_opacity': 0, 'isi': 1.0, 'thisN': 158, 'thisTrialN': 158, 'thisRepN': 0}>
440.9851 	DATA 	Keypress: period
440.9913 	INFO 	Keyboard events cleared
440.9908 	EXP 	noise_3: autoDraw = False
440.9908 	EXP 	surround_grating: autoDraw = False
440.9908 	EXP 	center_grating: autoDraw = False
440.9908 	EXP 	text_2: autoDraw = False
440.9908 	EXP 	surround_grating: ori = -15.0
440.9908 	EXP 	surround_grating: sf = array([2.5, 2.5])
440.9908 	EXP 	surround_grating: phase = array([0.04150015, 0.04150015])
440.9908 	EXP 	center_grating: ori = 0.0
440.9908 	EXP 	center_grating: sf = array([2.5, 2.5])
440.9908 	EXP 	center_grating: phase = array([0.92944919, 0.92944919])
441.0081 	DATA 	Keypress: rshift
441.0798 	EXP 	New trial (rep=0, index=159): <Trial 159 (159 in rep 0) data={'center': -2, 'surround': 0.0, 'type': 'c-2', 'surr_type': 'noss', 'orient_opacity': 0, 'noise_opacity': 100, 'isi': 1.25, 'thisN': 159, 'thisTrialN': 159, 'thisRepN': 0}>
441.0884 	INFO 	Keyboard events cleared
441.0880 	EXP 	noise_3: autoDraw = False
441.0880 	EXP 	surround_grating: autoDraw = False
441.0880 	EXP 	center_grating: autoDraw = False
441.0880 	EXP 	text_2: autoDraw = False
441.0880 	EXP 	surround_grating: ori = 0.0
441.0880 	EXP 	surround_grating: sf = array([2.5, 2.5])
441.0880 	EXP 	surround_grating: phase = array([0.33418422, 0.33418422])
441.0880 	EXP 	center_grating: ori = -2.0
441.0880 	EXP 	center_grating: sf = array([2.5, 2.5])
441.0880 	EXP 	center_grating: phase = array([0.26456491, 0.26456491])
442.3308 	EXP 	noise_3: autoDraw = True
442.3308 	EXP 	surround_grating: autoDraw = True
442.3308 	EXP 	center_grating: autoDraw = True
442.4055 	EXP 	noise_3: autoDraw = False
442.4055 	EXP 	surround_grating: autoDraw = False
442.4055 	EXP 	center_grating: autoDraw = False
442.8914 	EXP 	New trial (rep=0, index=160): <Trial 160 (160 in rep 0) data={'center': -2, 'surround': -15.0, 'type': 'c-2', 'surr_type': 'negs', 'orient_opacity': 100, 'noise_opacity': 0, 'isi': 1.0, 'thisN': 160, 'thisTrialN': 160, 'thisRepN': 0}>
442.8970 	DATA 	Keypress: z
442.9030 	INFO 	Keyboard events cleared
442.9025 	EXP 	noise_3: autoDraw = False
442.9025 	EXP 	surround_grating: autoDraw = False
442.9025 	EXP 	center_grating: autoDraw = False
442.9025 	EXP 	text_2: autoDraw = False
442.9025 	EXP 	surround_grating: ori = -15.0
442.9025 	EXP 	surround_grating: sf = array([2.5, 2.5])
442.9025 	EXP 	surround_grating: phase = array([0.18725773, 0.18725773])
442.9025 	EXP 	center_grating: ori = -2.0
442.9025 	EXP 	center_grating: sf = array([2.5, 2.5])
442.9025 	EXP 	center_grating: phase = array([0.63705162, 0.63705162])
443.8883 	EXP 	noise_3: autoDraw = True
443.8883 	EXP 	surround_grating: autoDraw = True
443.8883 	EXP 	center_grating: autoDraw = True
443.9604 	EXP 	noise_3: autoDraw = False
443.9604 	EXP 	surround_grating: autoDraw = False
443.9604 	EXP 	center_grating: autoDraw = False
444.5915 	EXP 	New trial (rep=0, index=161): <Trial 161 (161 in rep 0) data={'center': 0, 'surround': 15.0, 'type': 'c+0', 'surr_type': 'poss', 'orient_opacity': 100, 'noise_opacity': 0, 'isi': 0.5, 'thisN': 161, 'thisTrialN': 161, 'thisRepN': 0}>
444.5977 	DATA 	Keypress: period
444.6036 	INFO 	Keyboard events cleared
444.6031 	EXP 	noise_3: autoDraw = False
444.6031 	EXP 	surround_grating: autoDraw = False
444.6031 	EXP 	center_grating: autoDraw = False
444.6031 	EXP 	text_2: autoDraw = False
444.6031 	EXP 	surround_grating: ori = 15.0
444.6031 	EXP 	surround_grating: sf = array([2.5, 2.5])
444.6031 	EXP 	surround_grating: phase = array([0.66416134, 0.66416134])
444.6031 	EXP 	center_grating: ori = 0.0
444.6031 	EXP 	center_grating: sf = array([2.5, 2.5])
444.6031 	EXP 	center_grating: phase = array([0.04717007, 0.04717007])
445.0878 	EXP 	noise_3: autoDraw = True
445.0878 	EXP 	surround_grating: autoDraw = True
445.0878 	EXP 	center_grating: autoDraw = True
445.1608 	EXP 	noise_3: autoDraw = False
445.1608 	EXP 	surround_grating: autoDraw = False
445.1608 	EXP 	center_grating: autoDraw = False
445.8086 	EXP 	New trial (rep=0, index=162): <Trial 162 (162 in rep 0) data={'center': 2, 'surround': 15.0, 'type': 'c+2', 'surr_type': 'poss', 'orient_opacity': 100, 'noise_opacity': 0, 'isi': 0.75, 'thisN': 162, 'thisTrialN': 162, 'thisRepN': 0}>
445.8145 	DATA 	Keypress: z
445.8210 	INFO 	Keyboard events cleared
445.8204 	EXP 	noise_3: autoDraw = False
445.8204 	EXP 	surround_grating: autoDraw = False
445.8204 	EXP 	center_grating: autoDraw = False
445.8204 	EXP 	text_2: autoDraw = False
445.8204 	EXP 	surround_grating: ori = 15.0
445.8204 	EXP 	surround_grating: sf = array([2.5, 2.5])
445.8204 	EXP 	surround_grating: phase = array([0.71306543, 0.71306543])
445.8204 	EXP 	center_grating: ori = 2.0
445.8204 	EXP 	center_grating: sf = array([2.5, 2.5])
445.8204 	EXP 	center_grating: phase = array([0.13058104, 0.13058104])
446.5550 	EXP 	noise_3: autoDraw = True
446.5550 	EXP 	surround_grating: autoDraw = True
446.5550 	EXP 	center_grating: autoDraw = True
446.6271 	EXP 	noise_3: autoDraw = False
446.6271 	EXP 	surround_grating: autoDraw = False
446.6271 	EXP 	center_grating: autoDraw = False
447.2637 	EXP 	New trial (rep=0, index=163): <Trial 163 (163 in rep 0) data={'center': -2, 'surround': -15.0, 'type': 'c-2', 'surr_type': 'negs', 'orient_opacity': 100, 'noise_opacity': 0, 'isi': 0.75, 'thisN': 163, 'thisTrialN': 163, 'thisRepN': 0}>
447.2690 	DATA 	Keypress: z
447.2750 	INFO 	Keyboard events cleared
447.2745 	EXP 	noise_3: autoDraw = False
447.2745 	EXP 	surround_grating: autoDraw = False
447.2745 	EXP 	center_grating: autoDraw = False
447.2745 	EXP 	text_2: autoDraw = False
447.2745 	EXP 	surround_grating: ori = -15.0
447.2745 	EXP 	surround_grating: sf = array([2.5, 2.5])
447.2745 	EXP 	surround_grating: phase = array([0.48081049, 0.48081049])
447.2745 	EXP 	center_grating: ori = -2.0
447.2745 	EXP 	center_grating: sf = array([2.5, 2.5])
447.2745 	EXP 	center_grating: phase = array([0.75958361, 0.75958361])
448.0145 	EXP 	noise_3: autoDraw = True
448.0145 	EXP 	surround_grating: autoDraw = True
448.0145 	EXP 	center_grating: autoDraw = True
448.0887 	EXP 	noise_3: autoDraw = False
448.0887 	EXP 	surround_grating: autoDraw = False
448.0887 	EXP 	center_grating: autoDraw = False
448.5417 	EXP 	New trial (rep=0, index=164): <Trial 164 (164 in rep 0) data={'center': 0, 'surround': 15.0, 'type': 'c+0', 'surr_type': 'poss', 'orient_opacity': 100, 'noise_opacity': 0, 'isi': 0.5, 'thisN': 164, 'thisTrialN': 164, 'thisRepN': 0}>
448.5474 	DATA 	Keypress: z
448.5534 	INFO 	Keyboard events cleared
448.5529 	EXP 	noise_3: autoDraw = False
448.5529 	EXP 	surround_grating: autoDraw = False
448.5529 	EXP 	center_grating: autoDraw = False
448.5529 	EXP 	text_2: autoDraw = False
448.5529 	EXP 	surround_grating: ori = 15.0
448.5529 	EXP 	surround_grating: sf = array([2.5, 2.5])
448.5529 	EXP 	surround_grating: phase = array([0.75818234, 0.75818234])
448.5529 	EXP 	center_grating: ori = 0.0
448.5529 	EXP 	center_grating: sf = array([2.5, 2.5])
448.5529 	EXP 	center_grating: phase = array([0.15496171, 0.15496171])
449.0385 	EXP 	noise_3: autoDraw = True
449.0385 	EXP 	surround_grating: autoDraw = True
449.0385 	EXP 	center_grating: autoDraw = True
449.1105 	EXP 	noise_3: autoDraw = False
449.1105 	EXP 	surround_grating: autoDraw = False
449.1105 	EXP 	center_grating: autoDraw = False
449.7083 	EXP 	New trial (rep=0, index=165): <Trial 165 (165 in rep 0) data={'center': 0, 'surround': -15.0, 'type': 'c+0', 'surr_type': 'negs', 'orient_opacity': 100, 'noise_opacity': 0, 'isi': 1.0, 'thisN': 165, 'thisTrialN': 165, 'thisRepN': 0}>
449.7134 	DATA 	Keypress: z
449.7194 	INFO 	Keyboard events cleared
449.7188 	EXP 	noise_3: autoDraw = False
449.7188 	EXP 	surround_grating: autoDraw = False
449.7188 	EXP 	center_grating: autoDraw = False
449.7188 	EXP 	text_2: autoDraw = False
449.7188 	EXP 	surround_grating: ori = -15.0
449.7188 	EXP 	surround_grating: sf = array([2.5, 2.5])
449.7188 	EXP 	surround_grating: phase = array([0.21950872, 0.21950872])
449.7188 	EXP 	center_grating: ori = 0.0
449.7188 	EXP 	center_grating: sf = array([2.5, 2.5])
449.7188 	EXP 	center_grating: phase = array([0.15397913, 0.15397913])
450.7053 	EXP 	noise_3: autoDraw = True
450.7053 	EXP 	surround_grating: autoDraw = True
450.7053 	EXP 	center_grating: autoDraw = True
450.7773 	EXP 	noise_3: autoDraw = False
450.7773 	EXP 	surround_grating: autoDraw = False
450.7773 	EXP 	center_grating: autoDraw = False
451.2085 	EXP 	New trial (rep=0, index=166): <Trial 166 (166 in rep 0) data={'center': -2, 'surround': 0.0, 'type': 'c-2', 'surr_type': 'noss', 'orient_opacity': 0, 'noise_opacity': 100, 'isi': 1.0, 'thisN': 166, 'thisTrialN': 166, 'thisRepN': 0}>
451.2138 	DATA 	Keypress: period
451.2199 	INFO 	Keyboard events cleared
451.2193 	EXP 	noise_3: autoDraw = False
451.2193 	EXP 	surround_grating: autoDraw = False
451.2193 	EXP 	center_grating: autoDraw = False
451.2193 	EXP 	text_2: autoDraw = False
451.2193 	EXP 	surround_grating: ori = 0.0
451.2193 	EXP 	surround_grating: sf = array([2.5, 2.5])
451.2193 	EXP 	surround_grating: phase = array([0.90445968, 0.90445968])
451.2193 	EXP 	center_grating: ori = -2.0
451.2193 	EXP 	center_grating: sf = array([2.5, 2.5])
451.2193 	EXP 	center_grating: phase = array([0.55796516, 0.55796516])
452.2052 	EXP 	noise_3: autoDraw = True
452.2052 	EXP 	surround_grating: autoDraw = True
452.2052 	EXP 	center_grating: autoDraw = True
452.2775 	EXP 	noise_3: autoDraw = False
452.2775 	EXP 	surround_grating: autoDraw = False
452.2775 	EXP 	center_grating: autoDraw = False
452.7762 	EXP 	New trial (rep=0, index=167): <Trial 167 (167 in rep 0) data={'center': 2, 'surround': -15.0, 'type': 'c+2', 'surr_type': 'negs', 'orient_opacity': 100, 'noise_opacity': 0, 'isi': 0.5, 'thisN': 167, 'thisTrialN': 167, 'thisRepN': 0}>
452.7820 	DATA 	Keypress: z
452.7882 	INFO 	Keyboard events cleared
452.7877 	EXP 	noise_3: autoDraw = False
452.7877 	EXP 	surround_grating: autoDraw = False
452.7877 	EXP 	center_grating: autoDraw = False
452.7877 	EXP 	text_2: autoDraw = False
452.7877 	EXP 	surround_grating: ori = -15.0
452.7877 	EXP 	surround_grating: sf = array([2.5, 2.5])
452.7877 	EXP 	surround_grating: phase = array([0.73166504, 0.73166504])
452.7877 	EXP 	center_grating: ori = 2.0
452.7877 	EXP 	center_grating: sf = array([2.5, 2.5])
452.7877 	EXP 	center_grating: phase = array([0.76262038, 0.76262038])
453.2719 	EXP 	noise_3: autoDraw = True
453.2719 	EXP 	surround_grating: autoDraw = True
453.2719 	EXP 	center_grating: autoDraw = True
453.3442 	EXP 	noise_3: autoDraw = False
453.3442 	EXP 	surround_grating: autoDraw = False
453.3442 	EXP 	center_grating: autoDraw = False
453.7423 	EXP 	New trial (rep=0, index=168): <Trial 168 (168 in rep 0) data={'center': -2, 'surround': -15.0, 'type': 'c-2', 'surr_type': 'negs', 'orient_opacity': 100, 'noise_opacity': 0, 'isi': 0.5, 'thisN': 168, 'thisTrialN': 168, 'thisRepN': 0}>
453.7477 	DATA 	Keypress: period
453.7537 	INFO 	Keyboard events cleared
453.7532 	EXP 	noise_3: autoDraw = False
453.7532 	EXP 	surround_grating: autoDraw = False
453.7532 	EXP 	center_grating: autoDraw = False
453.7532 	EXP 	text_2: autoDraw = False
453.7532 	EXP 	surround_grating: ori = -15.0
453.7532 	EXP 	surround_grating: sf = array([2.5, 2.5])
453.7532 	EXP 	surround_grating: phase = array([0.29798714, 0.29798714])
453.7532 	EXP 	center_grating: ori = -2.0
453.7532 	EXP 	center_grating: sf = array([2.5, 2.5])
453.7532 	EXP 	center_grating: phase = array([0.06783044, 0.06783044])
454.2387 	EXP 	noise_3: autoDraw = True
454.2387 	EXP 	surround_grating: autoDraw = True
454.2387 	EXP 	center_grating: autoDraw = True
454.3105 	EXP 	noise_3: autoDraw = False
454.3105 	EXP 	surround_grating: autoDraw = False
454.3105 	EXP 	center_grating: autoDraw = False
454.9924 	EXP 	New trial (rep=0, index=169): <Trial 169 (169 in rep 0) data={'center': -4, 'surround': 0.0, 'type': 'c-4', 'surr_type': 'noss', 'orient_opacity': 0, 'noise_opacity': 100, 'isi': 1.0, 'thisN': 169, 'thisTrialN': 169, 'thisRepN': 0}>
454.9986 	DATA 	Keypress: period
455.0050 	INFO 	Keyboard events cleared
455.0045 	EXP 	noise_3: autoDraw = False
455.0045 	EXP 	surround_grating: autoDraw = False
455.0045 	EXP 	center_grating: autoDraw = False
455.0045 	EXP 	text_2: autoDraw = False
455.0045 	EXP 	surround_grating: ori = 0.0
455.0045 	EXP 	surround_grating: sf = array([2.5, 2.5])
455.0045 	EXP 	surround_grating: phase = array([0.29787759, 0.29787759])
455.0045 	EXP 	center_grating: ori = -4.0
455.0045 	EXP 	center_grating: sf = array([2.5, 2.5])
455.0045 	EXP 	center_grating: phase = array([0.64577829, 0.64577829])
455.9888 	EXP 	noise_3: autoDraw = True
455.9888 	EXP 	surround_grating: autoDraw = True
455.9888 	EXP 	center_grating: autoDraw = True
456.0620 	EXP 	noise_3: autoDraw = False
456.0620 	EXP 	surround_grating: autoDraw = False
456.0620 	EXP 	center_grating: autoDraw = False
456.4472 	EXP 	New trial (rep=0, index=170): <Trial 170 (170 in rep 0) data={'center': -4, 'surround': -15.0, 'type': 'c-4', 'surr_type': 'negs', 'orient_opacity': 100, 'noise_opacity': 0, 'isi': 1.25, 'thisN': 170, 'thisTrialN': 170, 'thisRepN': 0}>
456.4523 	DATA 	Keypress: z
456.4585 	INFO 	Keyboard events cleared
456.4580 	EXP 	noise_3: autoDraw = False
456.4580 	EXP 	surround_grating: autoDraw = False
456.4580 	EXP 	center_grating: autoDraw = False
456.4580 	EXP 	text_2: autoDraw = False
456.4580 	EXP 	surround_grating: ori = -15.0
456.4580 	EXP 	surround_grating: sf = array([2.5, 2.5])
456.4580 	EXP 	surround_grating: phase = array([0.18605404, 0.18605404])
456.4580 	EXP 	center_grating: ori = -4.0
456.4580 	EXP 	center_grating: sf = array([2.5, 2.5])
456.4580 	EXP 	center_grating: phase = array([0.53938746, 0.53938746])
457.6984 	EXP 	noise_3: autoDraw = True
457.6984 	EXP 	surround_grating: autoDraw = True
457.6984 	EXP 	center_grating: autoDraw = True
457.7728 	EXP 	noise_3: autoDraw = False
457.7728 	EXP 	surround_grating: autoDraw = False
457.7728 	EXP 	center_grating: autoDraw = False
458.5426 	EXP 	New trial (rep=0, index=171): <Trial 171 (171 in rep 0) data={'center': 6, 'surround': 15.0, 'type': 'c+6', 'surr_type': 'poss', 'orient_opacity': 100, 'noise_opacity': 0, 'isi': 0.75, 'thisN': 171, 'thisTrialN': 171, 'thisRepN': 0}>
458.5486 	DATA 	Keypress: z
458.5546 	INFO 	Keyboard events cleared
458.5541 	EXP 	noise_3: autoDraw = False
458.5541 	EXP 	surround_grating: autoDraw = False
458.5541 	EXP 	center_grating: autoDraw = False
458.5541 	EXP 	text_2: autoDraw = False
458.5541 	EXP 	surround_grating: ori = 15.0
458.5541 	EXP 	surround_grating: sf = array([2.5, 2.5])
458.5541 	EXP 	surround_grating: phase = array([0.16670998, 0.16670998])
458.5541 	EXP 	center_grating: ori = 6.0
458.5541 	EXP 	center_grating: sf = array([2.5, 2.5])
458.5541 	EXP 	center_grating: phase = array([0.69140199, 0.69140199])
459.2888 	EXP 	noise_3: autoDraw = True
459.2888 	EXP 	surround_grating: autoDraw = True
459.2888 	EXP 	center_grating: autoDraw = True
459.3611 	EXP 	noise_3: autoDraw = False
459.3611 	EXP 	surround_grating: autoDraw = False
459.3611 	EXP 	center_grating: autoDraw = False
459.7484 	EXP 	New trial (rep=0, index=172): <Trial 172 (172 in rep 0) data={'center': -2, 'surround': 15.0, 'type': 'c-2', 'surr_type': 'poss', 'orient_opacity': 100, 'noise_opacity': 0, 'isi': 0.75, 'thisN': 172, 'thisTrialN': 172, 'thisRepN': 0}>
459.7539 	DATA 	Keypress: period
459.7595 	INFO 	Keyboard events cleared
459.7588 	EXP 	noise_3: autoDraw = False
459.7588 	EXP 	surround_grating: autoDraw = False
459.7588 	EXP 	center_grating: autoDraw = False
459.7588 	EXP 	text_2: autoDraw = False
459.7588 	EXP 	surround_grating: ori = 15.0
459.7588 	EXP 	surround_grating: sf = array([2.5, 2.5])
459.7588 	EXP 	surround_grating: phase = array([0.75979426, 0.75979426])
459.7588 	EXP 	center_grating: ori = -2.0
459.7588 	EXP 	center_grating: sf = array([2.5, 2.5])
459.7588 	EXP 	center_grating: phase = array([0.32884191, 0.32884191])
460.4981 	EXP 	noise_3: autoDraw = True
460.4981 	EXP 	surround_grating: autoDraw = True
460.4981 	EXP 	center_grating: autoDraw = True
460.5716 	EXP 	noise_3: autoDraw = False
460.5716 	EXP 	surround_grating: autoDraw = False
460.5716 	EXP 	center_grating: autoDraw = False
461.0253 	EXP 	New trial (rep=0, index=173): <Trial 173 (173 in rep 0) data={'center': -4, 'surround': 0.0, 'type': 'c-4', 'surr_type': 'noss', 'orient_opacity': 0, 'noise_opacity': 100, 'isi': 1.0, 'thisN': 173, 'thisTrialN': 173, 'thisRepN': 0}>
461.0308 	DATA 	Keypress: z
461.0366 	INFO 	Keyboard events cleared
461.0362 	EXP 	noise_3: autoDraw = False
461.0362 	EXP 	surround_grating: autoDraw = False
461.0362 	EXP 	center_grating: autoDraw = False
461.0362 	EXP 	text_2: autoDraw = False
461.0362 	EXP 	surround_grating: ori = 0.0
461.0362 	EXP 	surround_grating: sf = array([2.5, 2.5])
461.0362 	EXP 	surround_grating: phase = array([0.55660269, 0.55660269])
461.0362 	EXP 	center_grating: ori = -4.0
461.0362 	EXP 	center_grating: sf = array([2.5, 2.5])
461.0362 	EXP 	center_grating: phase = array([0.28491647, 0.28491647])
462.0223 	EXP 	noise_3: autoDraw = True
462.0223 	EXP 	surround_grating: autoDraw = True
462.0223 	EXP 	center_grating: autoDraw = True
462.0946 	EXP 	noise_3: autoDraw = False
462.0946 	EXP 	surround_grating: autoDraw = False
462.0946 	EXP 	center_grating: autoDraw = False
462.5150 	EXP 	New trial (rep=0, index=174): <Trial 174 (174 in rep 0) data={'center': 8, 'surround': 15.0, 'type': 'c+8', 'surr_type': 'poss', 'orient_opacity': 100, 'noise_opacity': 0, 'isi': 0.75, 'thisN': 174, 'thisTrialN': 174, 'thisRepN': 0}>
462.5212 	DATA 	Keypress: z
462.5266 	INFO 	Keyboard events cleared
462.5260 	EXP 	noise_3: autoDraw = False
462.5260 	EXP 	surround_grating: autoDraw = False
462.5260 	EXP 	center_grating: autoDraw = False
462.5260 	EXP 	text_2: autoDraw = False
462.5260 	EXP 	surround_grating: ori = 15.0
462.5260 	EXP 	surround_grating: sf = array([2.5, 2.5])
462.5260 	EXP 	surround_grating: phase = array([0.31281907, 0.31281907])
462.5260 	EXP 	center_grating: ori = 8.0
462.5260 	EXP 	center_grating: sf = array([2.5, 2.5])
462.5260 	EXP 	center_grating: phase = array([0.42345398, 0.42345398])
463.2658 	EXP 	noise_3: autoDraw = True
463.2658 	EXP 	surround_grating: autoDraw = True
463.2658 	EXP 	center_grating: autoDraw = True
463.3395 	EXP 	noise_3: autoDraw = False
463.3395 	EXP 	surround_grating: autoDraw = False
463.3395 	EXP 	center_grating: autoDraw = False
463.6979 	EXP 	New trial (rep=0, index=175): <Trial 175 (175 in rep 0) data={'center': 8, 'surround': 15.0, 'type': 'c+8', 'surr_type': 'poss', 'orient_opacity': 100, 'noise_opacity': 0, 'isi': 0.75, 'thisN': 175, 'thisTrialN': 175, 'thisRepN': 0}>
463.7032 	DATA 	Keypress: period
463.7091 	INFO 	Keyboard events cleared
463.7086 	EXP 	noise_3: autoDraw = False
463.7086 	EXP 	surround_grating: autoDraw = False
463.7086 	EXP 	center_grating: autoDraw = False
463.7086 	EXP 	text_2: autoDraw = False
463.7086 	EXP 	surround_grating: ori = 15.0
463.7086 	EXP 	surround_grating: sf = array([2.5, 2.5])
463.7086 	EXP 	surround_grating: phase = array([0.82349685, 0.82349685])
463.7086 	EXP 	center_grating: ori = 8.0
463.7086 	EXP 	center_grating: sf = array([2.5, 2.5])
463.7086 	EXP 	center_grating: phase = array([0.87844383, 0.87844383])
464.4481 	EXP 	noise_3: autoDraw = True
464.4481 	EXP 	surround_grating: autoDraw = True
464.4481 	EXP 	center_grating: autoDraw = True
464.5231 	EXP 	noise_3: autoDraw = False
464.5231 	EXP 	surround_grating: autoDraw = False
464.5231 	EXP 	center_grating: autoDraw = False
464.9427 	EXP 	New trial (rep=0, index=176): <Trial 176 (176 in rep 0) data={'center': 6, 'surround': 15.0, 'type': 'c+6', 'surr_type': 'poss', 'orient_opacity': 100, 'noise_opacity': 0, 'isi': 1.0, 'thisN': 176, 'thisTrialN': 176, 'thisRepN': 0}>
464.9487 	DATA 	Keypress: period
464.9552 	INFO 	Keyboard events cleared
464.9547 	EXP 	noise_3: autoDraw = False
464.9547 	EXP 	surround_grating: autoDraw = False
464.9547 	EXP 	center_grating: autoDraw = False
464.9547 	EXP 	text_2: autoDraw = False
464.9547 	EXP 	surround_grating: ori = 15.0
464.9547 	EXP 	surround_grating: sf = array([2.5, 2.5])
464.9547 	EXP 	surround_grating: phase = array([0.92665791, 0.92665791])
464.9547 	EXP 	center_grating: ori = 6.0
464.9547 	EXP 	center_grating: sf = array([2.5, 2.5])
464.9547 	EXP 	center_grating: phase = array([0.80504583, 0.80504583])
465.9387 	EXP 	noise_3: autoDraw = True
465.9387 	EXP 	surround_grating: autoDraw = True
465.9387 	EXP 	center_grating: autoDraw = True
466.0112 	EXP 	noise_3: autoDraw = False
466.0112 	EXP 	surround_grating: autoDraw = False
466.0112 	EXP 	center_grating: autoDraw = False
466.4279 	DATA 	Keypress: period
466.4347 	EXP 	New trial (rep=0, index=177): <Trial 177 (177 in rep 0) data={'center': -2, 'surround': 0.0, 'type': 'c-2', 'surr_type': 'noss', 'orient_opacity': 0, 'noise_opacity': 100, 'isi': 0.75, 'thisN': 177, 'thisTrialN': 177, 'thisRepN': 0}>
466.4422 	INFO 	Keyboard events cleared
466.4417 	EXP 	noise_3: autoDraw = False
466.4417 	EXP 	surround_grating: autoDraw = False
466.4417 	EXP 	center_grating: autoDraw = False
466.4417 	EXP 	text_2: autoDraw = False
466.4417 	EXP 	surround_grating: ori = 0.0
466.4417 	EXP 	surround_grating: sf = array([2.5, 2.5])
466.4417 	EXP 	surround_grating: phase = array([0.70602954, 0.70602954])
466.4417 	EXP 	center_grating: ori = -2.0
466.4417 	EXP 	center_grating: sf = array([2.5, 2.5])
466.4417 	EXP 	center_grating: phase = array([0.65646255, 0.65646255])
467.1820 	EXP 	noise_3: autoDraw = True
467.1820 	EXP 	surround_grating: autoDraw = True
467.1820 	EXP 	center_grating: autoDraw = True
467.2562 	EXP 	noise_3: autoDraw = False
467.2562 	EXP 	surround_grating: autoDraw = False
467.2562 	EXP 	center_grating: autoDraw = False
467.7422 	EXP 	New trial (rep=0, index=178): <Trial 178 (178 in rep 0) data={'center': 4, 'surround': 0.0, 'type': 'c+4', 'surr_type': 'noss', 'orient_opacity': 0, 'noise_opacity': 100, 'isi': 1.25, 'thisN': 178, 'thisTrialN': 178, 'thisRepN': 0}>
467.7479 	DATA 	Keypress: z
467.7537 	INFO 	Keyboard events cleared
467.7533 	EXP 	noise_3: autoDraw = False
467.7533 	EXP 	surround_grating: autoDraw = False
467.7533 	EXP 	center_grating: autoDraw = False
467.7533 	EXP 	text_2: autoDraw = False
467.7533 	EXP 	surround_grating: ori = 0.0
467.7533 	EXP 	surround_grating: sf = array([2.5, 2.5])
467.7533 	EXP 	surround_grating: phase = array([0.64714916, 0.64714916])
467.7533 	EXP 	center_grating: ori = 4.0
467.7533 	EXP 	center_grating: sf = array([2.5, 2.5])
467.7533 	EXP 	center_grating: phase = array([0.4731411, 0.4731411])
468.9893 	EXP 	noise_3: autoDraw = True
468.9893 	EXP 	surround_grating: autoDraw = True
468.9893 	EXP 	center_grating: autoDraw = True
469.0622 	EXP 	noise_3: autoDraw = False
469.0622 	EXP 	surround_grating: autoDraw = False
469.0622 	EXP 	center_grating: autoDraw = False
469.4764 	EXP 	New trial (rep=0, index=179): <Trial 179 (179 in rep 0) data={'center': 0, 'surround': 15.0, 'type': 'c+0', 'surr_type': 'poss', 'orient_opacity': 100, 'noise_opacity': 0, 'isi': 0.5, 'thisN': 179, 'thisTrialN': 179, 'thisRepN': 0}>
469.4817 	DATA 	Keypress: period
469.4875 	INFO 	Keyboard events cleared
469.4871 	EXP 	noise_3: autoDraw = False
469.4871 	EXP 	surround_grating: autoDraw = False
469.4871 	EXP 	center_grating: autoDraw = False
469.4871 	EXP 	text_2: autoDraw = False
469.4871 	EXP 	surround_grating: ori = 15.0
469.4871 	EXP 	surround_grating: sf = array([2.5, 2.5])
469.4871 	EXP 	surround_grating: phase = array([0.61333391, 0.61333391])
469.4871 	EXP 	center_grating: ori = 0.0
469.4871 	EXP 	center_grating: sf = array([2.5, 2.5])
469.4871 	EXP 	center_grating: phase = array([0.91754558, 0.91754558])
469.9726 	EXP 	noise_3: autoDraw = True
469.9726 	EXP 	surround_grating: autoDraw = True
469.9726 	EXP 	center_grating: autoDraw = True
470.0445 	EXP 	noise_3: autoDraw = False
470.0445 	EXP 	surround_grating: autoDraw = False
470.0445 	EXP 	center_grating: autoDraw = False
470.4977 	EXP 	New trial (rep=0, index=180): <Trial 180 (180 in rep 0) data={'center': -6, 'surround': -15.0, 'type': 'c-6', 'surr_type': 'negs', 'orient_opacity': 100, 'noise_opacity': 0, 'isi': 1.25, 'thisN': 180, 'thisTrialN': 180, 'thisRepN': 0}>
470.5027 	DATA 	Keypress: z
470.5091 	INFO 	Keyboard events cleared
470.5085 	EXP 	noise_3: autoDraw = False
470.5085 	EXP 	surround_grating: autoDraw = False
470.5085 	EXP 	center_grating: autoDraw = False
470.5085 	EXP 	text_2: autoDraw = False
470.5085 	EXP 	surround_grating: ori = -15.0
470.5085 	EXP 	surround_grating: sf = array([2.5, 2.5])
470.5085 	EXP 	surround_grating: phase = array([0.61013719, 0.61013719])
470.5085 	EXP 	center_grating: ori = -6.0
470.5085 	EXP 	center_grating: sf = array([2.5, 2.5])
470.5085 	EXP 	center_grating: phase = array([0.66443087, 0.66443087])
471.7492 	EXP 	noise_3: autoDraw = True
471.7492 	EXP 	surround_grating: autoDraw = True
471.7492 	EXP 	center_grating: autoDraw = True
471.8232 	EXP 	noise_3: autoDraw = False
471.8232 	EXP 	surround_grating: autoDraw = False
471.8232 	EXP 	center_grating: autoDraw = False
472.4427 	EXP 	New trial (rep=0, index=181): <Trial 181 (181 in rep 0) data={'center': 2, 'surround': 15.0, 'type': 'c+2', 'surr_type': 'poss', 'orient_opacity': 100, 'noise_opacity': 0, 'isi': 1.0, 'thisN': 181, 'thisTrialN': 181, 'thisRepN': 0}>
472.4480 	DATA 	Keypress: z
472.4540 	INFO 	Keyboard events cleared
472.4534 	EXP 	noise_3: autoDraw = False
472.4534 	EXP 	surround_grating: autoDraw = False
472.4534 	EXP 	center_grating: autoDraw = False
472.4534 	EXP 	text_2: autoDraw = False
472.4534 	EXP 	surround_grating: ori = 15.0
472.4534 	EXP 	surround_grating: sf = array([2.5, 2.5])
472.4534 	EXP 	surround_grating: phase = array([0.72473373, 0.72473373])
472.4534 	EXP 	center_grating: ori = 2.0
472.4534 	EXP 	center_grating: sf = array([2.5, 2.5])
472.4534 	EXP 	center_grating: phase = array([0.87309285, 0.87309285])
473.4393 	EXP 	noise_3: autoDraw = True
473.4393 	EXP 	surround_grating: autoDraw = True
473.4393 	EXP 	center_grating: autoDraw = True
473.5115 	EXP 	noise_3: autoDraw = False
473.5115 	EXP 	surround_grating: autoDraw = False
473.5115 	EXP 	center_grating: autoDraw = False
474.0631 	DATA 	Keypress: z
474.0699 	EXP 	New trial (rep=0, index=182): <Trial 182 (182 in rep 0) data={'center': -2, 'surround': -15.0, 'type': 'c-2', 'surr_type': 'negs', 'orient_opacity': 100, 'noise_opacity': 0, 'isi': 0.75, 'thisN': 182, 'thisTrialN': 182, 'thisRepN': 0}>
474.0765 	INFO 	Keyboard events cleared
474.0761 	EXP 	noise_3: autoDraw = False
474.0761 	EXP 	surround_grating: autoDraw = False
474.0761 	EXP 	center_grating: autoDraw = False
474.0761 	EXP 	text_2: autoDraw = False
474.0761 	EXP 	surround_grating: ori = -15.0
474.0761 	EXP 	surround_grating: sf = array([2.5, 2.5])
474.0761 	EXP 	surround_grating: phase = array([0.61868242, 0.61868242])
474.0761 	EXP 	center_grating: ori = -2.0
474.0761 	EXP 	center_grating: sf = array([2.5, 2.5])
474.0761 	EXP 	center_grating: phase = array([0.69872431, 0.69872431])
474.8154 	EXP 	noise_3: autoDraw = True
474.8154 	EXP 	surround_grating: autoDraw = True
474.8154 	EXP 	center_grating: autoDraw = True
474.8901 	EXP 	noise_3: autoDraw = False
474.8901 	EXP 	surround_grating: autoDraw = False
474.8901 	EXP 	center_grating: autoDraw = False
475.4143 	EXP 	New trial (rep=0, index=183): <Trial 183 (183 in rep 0) data={'center': 2, 'surround': 0.0, 'type': 'c+2', 'surr_type': 'noss', 'orient_opacity': 0, 'noise_opacity': 100, 'isi': 0.5, 'thisN': 183, 'thisTrialN': 183, 'thisRepN': 0}>
475.4194 	DATA 	Keypress: period
475.4257 	INFO 	Keyboard events cleared
475.4252 	EXP 	noise_3: autoDraw = False
475.4252 	EXP 	surround_grating: autoDraw = False
475.4252 	EXP 	center_grating: autoDraw = False
475.4252 	EXP 	text_2: autoDraw = False
475.4252 	EXP 	surround_grating: ori = 0.0
475.4252 	EXP 	surround_grating: sf = array([2.5, 2.5])
475.4252 	EXP 	surround_grating: phase = array([0.2755877, 0.2755877])
475.4252 	EXP 	center_grating: ori = 2.0
475.4252 	EXP 	center_grating: sf = array([2.5, 2.5])
475.4252 	EXP 	center_grating: phase = array([0.68112866, 0.68112866])
475.9158 	EXP 	noise_3: autoDraw = True
475.9158 	EXP 	surround_grating: autoDraw = True
475.9158 	EXP 	center_grating: autoDraw = True
475.9902 	EXP 	noise_3: autoDraw = False
475.9902 	EXP 	surround_grating: autoDraw = False
475.9902 	EXP 	center_grating: autoDraw = False
476.4590 	EXP 	New trial (rep=0, index=184): <Trial 184 (184 in rep 0) data={'center': -4, 'surround': 0.0, 'type': 'c-4', 'surr_type': 'noss', 'orient_opacity': 0, 'noise_opacity': 100, 'isi': 1.0, 'thisN': 184, 'thisTrialN': 184, 'thisRepN': 0}>
476.4649 	DATA 	Keypress: period
476.4708 	INFO 	Keyboard events cleared
476.4703 	EXP 	noise_3: autoDraw = False
476.4703 	EXP 	surround_grating: autoDraw = False
476.4703 	EXP 	center_grating: autoDraw = False
476.4703 	EXP 	text_2: autoDraw = False
476.4703 	EXP 	surround_grating: ori = 0.0
476.4703 	EXP 	surround_grating: sf = array([2.5, 2.5])
476.4703 	EXP 	surround_grating: phase = array([0.69517448, 0.69517448])
476.4703 	EXP 	center_grating: ori = -4.0
476.4703 	EXP 	center_grating: sf = array([2.5, 2.5])
476.4703 	EXP 	center_grating: phase = array([0.65661472, 0.65661472])
477.4559 	EXP 	noise_3: autoDraw = True
477.4559 	EXP 	surround_grating: autoDraw = True
477.4559 	EXP 	center_grating: autoDraw = True
477.5282 	EXP 	noise_3: autoDraw = False
477.5282 	EXP 	surround_grating: autoDraw = False
477.5282 	EXP 	center_grating: autoDraw = False
477.9599 	EXP 	New trial (rep=0, index=185): <Trial 185 (185 in rep 0) data={'center': 0, 'surround': 0.0, 'type': 'c+0', 'surr_type': 'noss', 'orient_opacity': 0, 'noise_opacity': 100, 'isi': 1.0, 'thisN': 185, 'thisTrialN': 185, 'thisRepN': 0}>
477.9662 	DATA 	Keypress: z
477.9722 	INFO 	Keyboard events cleared
477.9717 	EXP 	noise_3: autoDraw = False
477.9717 	EXP 	surround_grating: autoDraw = False
477.9717 	EXP 	center_grating: autoDraw = False
477.9717 	EXP 	text_2: autoDraw = False
477.9717 	EXP 	surround_grating: ori = 0.0
477.9717 	EXP 	surround_grating: sf = array([2.5, 2.5])
477.9717 	EXP 	surround_grating: phase = array([0.72085972, 0.72085972])
477.9717 	EXP 	center_grating: ori = 0.0
477.9717 	EXP 	center_grating: sf = array([2.5, 2.5])
477.9717 	EXP 	center_grating: phase = array([0.38729706, 0.38729706])
478.9562 	EXP 	noise_3: autoDraw = True
478.9562 	EXP 	surround_grating: autoDraw = True
478.9562 	EXP 	center_grating: autoDraw = True
479.0286 	EXP 	noise_3: autoDraw = False
479.0286 	EXP 	surround_grating: autoDraw = False
479.0286 	EXP 	center_grating: autoDraw = False
479.9271 	EXP 	New trial (rep=0, index=186): <Trial 186 (186 in rep 0) data={'center': -2, 'surround': 15.0, 'type': 'c-2', 'surr_type': 'poss', 'orient_opacity': 100, 'noise_opacity': 0, 'isi': 1.25, 'thisN': 186, 'thisTrialN': 186, 'thisRepN': 0}>
479.9327 	DATA 	Keypress: z
479.9386 	INFO 	Keyboard events cleared
479.9382 	EXP 	noise_3: autoDraw = False
479.9382 	EXP 	surround_grating: autoDraw = False
479.9382 	EXP 	center_grating: autoDraw = False
479.9382 	EXP 	text_2: autoDraw = False
479.9382 	EXP 	surround_grating: ori = 15.0
479.9382 	EXP 	surround_grating: sf = array([2.5, 2.5])
479.9382 	EXP 	surround_grating: phase = array([0.73697639, 0.73697639])
479.9382 	EXP 	center_grating: ori = -2.0
479.9382 	EXP 	center_grating: sf = array([2.5, 2.5])
479.9382 	EXP 	center_grating: phase = array([0.26175041, 0.26175041])
481.1731 	EXP 	noise_3: autoDraw = True
481.1731 	EXP 	surround_grating: autoDraw = True
481.1731 	EXP 	center_grating: autoDraw = True
481.2453 	EXP 	noise_3: autoDraw = False
481.2453 	EXP 	surround_grating: autoDraw = False
481.2453 	EXP 	center_grating: autoDraw = False
481.7323 	EXP 	New trial (rep=0, index=187): <Trial 187 (187 in rep 0) data={'center': 2, 'surround': 0.0, 'type': 'c+2', 'surr_type': 'noss', 'orient_opacity': 0, 'noise_opacity': 100, 'isi': 0.75, 'thisN': 187, 'thisTrialN': 187, 'thisRepN': 0}>
481.7374 	DATA 	Keypress: z
481.7432 	INFO 	Keyboard events cleared
481.7427 	EXP 	noise_3: autoDraw = False
481.7427 	EXP 	surround_grating: autoDraw = False
481.7427 	EXP 	center_grating: autoDraw = False
481.7427 	EXP 	text_2: autoDraw = False
481.7427 	EXP 	surround_grating: ori = 0.0
481.7427 	EXP 	surround_grating: sf = array([2.5, 2.5])
481.7427 	EXP 	surround_grating: phase = array([0.74461075, 0.74461075])
481.7427 	EXP 	center_grating: ori = 2.0
481.7427 	EXP 	center_grating: sf = array([2.5, 2.5])
481.7427 	EXP 	center_grating: phase = array([0.19706193, 0.19706193])
482.4820 	EXP 	noise_3: autoDraw = True
482.4820 	EXP 	surround_grating: autoDraw = True
482.4820 	EXP 	center_grating: autoDraw = True
482.5569 	EXP 	noise_3: autoDraw = False
482.5569 	EXP 	surround_grating: autoDraw = False
482.5569 	EXP 	center_grating: autoDraw = False
482.9826 	EXP 	New trial (rep=0, index=188): <Trial 188 (188 in rep 0) data={'center': -2, 'surround': 0.0, 'type': 'c-2', 'surr_type': 'noss', 'orient_opacity': 0, 'noise_opacity': 100, 'isi': 0.75, 'thisN': 188, 'thisTrialN': 188, 'thisRepN': 0}>
482.9881 	DATA 	Keypress: period
482.9936 	INFO 	Keyboard events cleared
482.9931 	EXP 	noise_3: autoDraw = False
482.9931 	EXP 	surround_grating: autoDraw = False
482.9931 	EXP 	center_grating: autoDraw = False
482.9931 	EXP 	text_2: autoDraw = False
482.9931 	EXP 	surround_grating: ori = 0.0
482.9931 	EXP 	surround_grating: sf = array([2.5, 2.5])
482.9931 	EXP 	surround_grating: phase = array([0.87398744, 0.87398744])
482.9931 	EXP 	center_grating: ori = -2.0
482.9931 	EXP 	center_grating: sf = array([2.5, 2.5])
482.9931 	EXP 	center_grating: phase = array([0.53389622, 0.53389622])
483.7328 	EXP 	noise_3: autoDraw = True
483.7328 	EXP 	surround_grating: autoDraw = True
483.7328 	EXP 	center_grating: autoDraw = True
483.8070 	EXP 	noise_3: autoDraw = False
483.8070 	EXP 	surround_grating: autoDraw = False
483.8070 	EXP 	center_grating: autoDraw = False
484.2154 	EXP 	New trial (rep=0, index=189): <Trial 189 (189 in rep 0) data={'center': 0, 'surround': -15.0, 'type': 'c+0', 'surr_type': 'negs', 'orient_opacity': 100, 'noise_opacity': 0, 'isi': 1.0, 'thisN': 189, 'thisTrialN': 189, 'thisRepN': 0}>
484.2207 	DATA 	Keypress: z
484.2265 	INFO 	Keyboard events cleared
484.2260 	EXP 	noise_3: autoDraw = False
484.2260 	EXP 	surround_grating: autoDraw = False
484.2260 	EXP 	center_grating: autoDraw = False
484.2260 	EXP 	text_2: autoDraw = False
484.2260 	EXP 	surround_grating: ori = -15.0
484.2260 	EXP 	surround_grating: sf = array([2.5, 2.5])
484.2260 	EXP 	surround_grating: phase = array([0.64300887, 0.64300887])
484.2260 	EXP 	center_grating: ori = 0.0
484.2260 	EXP 	center_grating: sf = array([2.5, 2.5])
484.2260 	EXP 	center_grating: phase = array([0.48533076, 0.48533076])
485.2161 	EXP 	noise_3: autoDraw = True
485.2161 	EXP 	surround_grating: autoDraw = True
485.2161 	EXP 	center_grating: autoDraw = True
485.2904 	EXP 	noise_3: autoDraw = False
485.2904 	EXP 	surround_grating: autoDraw = False
485.2904 	EXP 	center_grating: autoDraw = False
485.8095 	EXP 	New trial (rep=0, index=190): <Trial 190 (190 in rep 0) data={'center': -2, 'surround': -15.0, 'type': 'c-2', 'surr_type': 'negs', 'orient_opacity': 100, 'noise_opacity': 0, 'isi': 1.25, 'thisN': 190, 'thisTrialN': 190, 'thisRepN': 0}>
485.8147 	DATA 	Keypress: period
485.8206 	INFO 	Keyboard events cleared
485.8201 	EXP 	noise_3: autoDraw = False
485.8201 	EXP 	surround_grating: autoDraw = False
485.8201 	EXP 	center_grating: autoDraw = False
485.8201 	EXP 	text_2: autoDraw = False
485.8201 	EXP 	surround_grating: ori = -15.0
485.8201 	EXP 	surround_grating: sf = array([2.5, 2.5])
485.8201 	EXP 	surround_grating: phase = array([0.7357792, 0.7357792])
485.8201 	EXP 	center_grating: ori = -2.0
485.8201 	EXP 	center_grating: sf = array([2.5, 2.5])
485.8201 	EXP 	center_grating: phase = array([0.54535766, 0.54535766])
487.0566 	EXP 	noise_3: autoDraw = True
487.0566 	EXP 	surround_grating: autoDraw = True
487.0566 	EXP 	center_grating: autoDraw = True
487.1284 	EXP 	noise_3: autoDraw = False
487.1284 	EXP 	surround_grating: autoDraw = False
487.1284 	EXP 	center_grating: autoDraw = False
487.5600 	EXP 	New trial (rep=0, index=191): <Trial 191 (191 in rep 0) data={'center': 2, 'surround': -15.0, 'type': 'c+2', 'surr_type': 'negs', 'orient_opacity': 100, 'noise_opacity': 0, 'isi': 0.5, 'thisN': 191, 'thisTrialN': 191, 'thisRepN': 0}>
487.5664 	DATA 	Keypress: z
487.5728 	INFO 	Keyboard events cleared
487.5723 	EXP 	noise_3: autoDraw = False
487.5723 	EXP 	surround_grating: autoDraw = False
487.5723 	EXP 	center_grating: autoDraw = False
487.5723 	EXP 	text_2: autoDraw = False
487.5723 	EXP 	surround_grating: ori = -15.0
487.5723 	EXP 	surround_grating: sf = array([2.5, 2.5])
487.5723 	EXP 	surround_grating: phase = array([0.94264472, 0.94264472])
487.5723 	EXP 	center_grating: ori = 2.0
487.5723 	EXP 	center_grating: sf = array([2.5, 2.5])
487.5723 	EXP 	center_grating: phase = array([0.89917986, 0.89917986])
488.0566 	EXP 	noise_3: autoDraw = True
488.0566 	EXP 	surround_grating: autoDraw = True
488.0566 	EXP 	center_grating: autoDraw = True
488.1291 	EXP 	noise_3: autoDraw = False
488.1291 	EXP 	surround_grating: autoDraw = False
488.1291 	EXP 	center_grating: autoDraw = False
488.5772 	EXP 	New trial (rep=0, index=192): <Trial 192 (192 in rep 0) data={'center': 4, 'surround': 15.0, 'type': 'c+4', 'surr_type': 'poss', 'orient_opacity': 100, 'noise_opacity': 0, 'isi': 0.5, 'thisN': 192, 'thisTrialN': 192, 'thisRepN': 0}>
488.5830 	DATA 	Keypress: period
488.5889 	INFO 	Keyboard events cleared
488.5884 	EXP 	noise_3: autoDraw = False
488.5884 	EXP 	surround_grating: autoDraw = False
488.5884 	EXP 	center_grating: autoDraw = False
488.5884 	EXP 	text_2: autoDraw = False
488.5884 	EXP 	surround_grating: ori = 15.0
488.5884 	EXP 	surround_grating: sf = array([2.5, 2.5])
488.5884 	EXP 	surround_grating: phase = array([0.23638717, 0.23638717])
488.5884 	EXP 	center_grating: ori = 4.0
488.5884 	EXP 	center_grating: sf = array([2.5, 2.5])
488.5884 	EXP 	center_grating: phase = array([0.02058122, 0.02058122])
489.0733 	EXP 	noise_3: autoDraw = True
489.0733 	EXP 	surround_grating: autoDraw = True
489.0733 	EXP 	center_grating: autoDraw = True
489.1456 	EXP 	noise_3: autoDraw = False
489.1456 	EXP 	surround_grating: autoDraw = False
489.1456 	EXP 	center_grating: autoDraw = False
490.3938 	EXP 	New trial (rep=0, index=193): <Trial 193 (193 in rep 0) data={'center': 6, 'surround': 15.0, 'type': 'c+6', 'surr_type': 'poss', 'orient_opacity': 100, 'noise_opacity': 0, 'isi': 1.25, 'thisN': 193, 'thisTrialN': 193, 'thisRepN': 0}>
490.3999 	DATA 	Keypress: period
490.4062 	INFO 	Keyboard events cleared
490.4056 	EXP 	noise_3: autoDraw = False
490.4056 	EXP 	surround_grating: autoDraw = False
490.4056 	EXP 	center_grating: autoDraw = False
490.4056 	EXP 	text_2: autoDraw = False
490.4056 	EXP 	surround_grating: ori = 15.0
490.4056 	EXP 	surround_grating: sf = array([2.5, 2.5])
490.4056 	EXP 	surround_grating: phase = array([0.24908273, 0.24908273])
490.4056 	EXP 	center_grating: ori = 6.0
490.4056 	EXP 	center_grating: sf = array([2.5, 2.5])
490.4056 	EXP 	center_grating: phase = array([0.32886294, 0.32886294])
491.6402 	EXP 	noise_3: autoDraw = True
491.6402 	EXP 	surround_grating: autoDraw = True
491.6402 	EXP 	center_grating: autoDraw = True
491.7117 	EXP 	noise_3: autoDraw = False
491.7117 	EXP 	surround_grating: autoDraw = False
491.7117 	EXP 	center_grating: autoDraw = False
492.1430 	EXP 	New trial (rep=0, index=194): <Trial 194 (194 in rep 0) data={'center': 2, 'surround': 15.0, 'type': 'c+2', 'surr_type': 'poss', 'orient_opacity': 100, 'noise_opacity': 0, 'isi': 0.75, 'thisN': 194, 'thisTrialN': 194, 'thisRepN': 0}>
492.1487 	DATA 	Keypress: period
492.1547 	INFO 	Keyboard events cleared
492.1541 	EXP 	noise_3: autoDraw = False
492.1541 	EXP 	surround_grating: autoDraw = False
492.1541 	EXP 	center_grating: autoDraw = False
492.1541 	EXP 	text_2: autoDraw = False
492.1541 	EXP 	surround_grating: ori = 15.0
492.1541 	EXP 	surround_grating: sf = array([2.5, 2.5])
492.1541 	EXP 	surround_grating: phase = array([0.46159867, 0.46159867])
492.1541 	EXP 	center_grating: ori = 2.0
492.1541 	EXP 	center_grating: sf = array([2.5, 2.5])
492.1541 	EXP 	center_grating: phase = array([0.98973259, 0.98973259])
492.8902 	EXP 	noise_3: autoDraw = True
492.8902 	EXP 	surround_grating: autoDraw = True
492.8902 	EXP 	center_grating: autoDraw = True
492.9630 	EXP 	noise_3: autoDraw = False
492.9630 	EXP 	surround_grating: autoDraw = False
492.9630 	EXP 	center_grating: autoDraw = False
493.2667 	EXP 	New trial (rep=0, index=195): <Trial 195 (195 in rep 0) data={'center': -8, 'surround': -15.0, 'type': 'c-8', 'surr_type': 'negs', 'orient_opacity': 100, 'noise_opacity': 0, 'isi': 0.5, 'thisN': 195, 'thisTrialN': 195, 'thisRepN': 0}>
493.2721 	DATA 	Keypress: period
493.2777 	INFO 	Keyboard events cleared
493.2770 	EXP 	noise_3: autoDraw = False
493.2770 	EXP 	surround_grating: autoDraw = False
493.2770 	EXP 	center_grating: autoDraw = False
493.2770 	EXP 	text_2: autoDraw = False
493.2770 	EXP 	surround_grating: ori = -15.0
493.2770 	EXP 	surround_grating: sf = array([2.5, 2.5])
493.2770 	EXP 	surround_grating: phase = array([0.74105799, 0.74105799])
493.2770 	EXP 	center_grating: ori = -8.0
493.2770 	EXP 	center_grating: sf = array([2.5, 2.5])
493.2770 	EXP 	center_grating: phase = array([0.94654951, 0.94654951])
493.7669 	EXP 	noise_3: autoDraw = True
493.7669 	EXP 	surround_grating: autoDraw = True
493.7669 	EXP 	center_grating: autoDraw = True
493.8407 	EXP 	noise_3: autoDraw = False
493.8407 	EXP 	surround_grating: autoDraw = False
493.8407 	EXP 	center_grating: autoDraw = False
494.2936 	EXP 	New trial (rep=0, index=196): <Trial 196 (196 in rep 0) data={'center': 0, 'surround': 0.0, 'type': 'c+0', 'surr_type': 'noss', 'orient_opacity': 0, 'noise_opacity': 100, 'isi': 0.5, 'thisN': 196, 'thisTrialN': 196, 'thisRepN': 0}>
494.2993 	DATA 	Keypress: z
494.3053 	INFO 	Keyboard events cleared
494.3048 	EXP 	noise_3: autoDraw = False
494.3048 	EXP 	surround_grating: autoDraw = False
494.3048 	EXP 	center_grating: autoDraw = False
494.3048 	EXP 	text_2: autoDraw = False
494.3048 	EXP 	surround_grating: ori = 0.0
494.3048 	EXP 	surround_grating: sf = array([2.5, 2.5])
494.3048 	EXP 	surround_grating: phase = array([0.02843891, 0.02843891])
494.3048 	EXP 	center_grating: ori = 0.0
494.3048 	EXP 	center_grating: sf = array([2.5, 2.5])
494.3048 	EXP 	center_grating: phase = array([0.37812273, 0.37812273])
494.7902 	EXP 	noise_3: autoDraw = True
494.7902 	EXP 	surround_grating: autoDraw = True
494.7902 	EXP 	center_grating: autoDraw = True
494.8629 	EXP 	noise_3: autoDraw = False
494.8629 	EXP 	surround_grating: autoDraw = False
494.8629 	EXP 	center_grating: autoDraw = False
495.8771 	EXP 	New trial (rep=0, index=197): <Trial 197 (197 in rep 0) data={'center': 2, 'surround': -15.0, 'type': 'c+2', 'surr_type': 'negs', 'orient_opacity': 100, 'noise_opacity': 0, 'isi': 1.0, 'thisN': 197, 'thisTrialN': 197, 'thisRepN': 0}>
495.8826 	DATA 	Keypress: period
495.8884 	INFO 	Keyboard events cleared
495.8880 	EXP 	noise_3: autoDraw = False
495.8880 	EXP 	surround_grating: autoDraw = False
495.8880 	EXP 	center_grating: autoDraw = False
495.8880 	EXP 	text_2: autoDraw = False
495.8880 	EXP 	surround_grating: ori = -15.0
495.8880 	EXP 	surround_grating: sf = array([2.5, 2.5])
495.8880 	EXP 	surround_grating: phase = array([0.08486238, 0.08486238])
495.8880 	EXP 	center_grating: ori = 2.0
495.8880 	EXP 	center_grating: sf = array([2.5, 2.5])
495.8880 	EXP 	center_grating: phase = array([0.0094296, 0.0094296])
496.8737 	EXP 	noise_3: autoDraw = True
496.8737 	EXP 	surround_grating: autoDraw = True
496.8737 	EXP 	center_grating: autoDraw = True
496.9453 	EXP 	noise_3: autoDraw = False
496.9453 	EXP 	surround_grating: autoDraw = False
496.9453 	EXP 	center_grating: autoDraw = False
497.6602 	EXP 	New trial (rep=0, index=198): <Trial 198 (198 in rep 0) data={'center': 0, 'surround': 0.0, 'type': 'c+0', 'surr_type': 'noss', 'orient_opacity': 0, 'noise_opacity': 100, 'isi': 1.25, 'thisN': 198, 'thisTrialN': 198, 'thisRepN': 0}>
497.6657 	DATA 	Keypress: period
497.6717 	INFO 	Keyboard events cleared
497.6711 	EXP 	noise_3: autoDraw = False
497.6711 	EXP 	surround_grating: autoDraw = False
497.6711 	EXP 	center_grating: autoDraw = False
497.6711 	EXP 	text_2: autoDraw = False
497.6711 	EXP 	surround_grating: ori = 0.0
497.6711 	EXP 	surround_grating: sf = array([2.5, 2.5])
497.6711 	EXP 	surround_grating: phase = array([0.94973876, 0.94973876])
497.6711 	EXP 	center_grating: ori = 0.0
497.6711 	EXP 	center_grating: sf = array([2.5, 2.5])
497.6711 	EXP 	center_grating: phase = array([0.72861364, 0.72861364])
498.9066 	EXP 	noise_3: autoDraw = True
498.9066 	EXP 	surround_grating: autoDraw = True
498.9066 	EXP 	center_grating: autoDraw = True
498.9792 	EXP 	noise_3: autoDraw = False
498.9792 	EXP 	surround_grating: autoDraw = False
498.9792 	EXP 	center_grating: autoDraw = False
500.1139 	DATA 	Keypress: period
500.1208 	EXP 	New trial (rep=0, index=199): <Trial 199 (199 in rep 0) data={'center': 0, 'surround': 15.0, 'type': 'c+0', 'surr_type': 'poss', 'orient_opacity': 100, 'noise_opacity': 0, 'isi': 1.25, 'thisN': 199, 'thisTrialN': 199, 'thisRepN': 0}>
500.1275 	INFO 	Keyboard events cleared
500.1272 	EXP 	noise_3: autoDraw = False
500.1272 	EXP 	surround_grating: autoDraw = False
500.1272 	EXP 	center_grating: autoDraw = False
500.1272 	EXP 	text_2: autoDraw = False
500.1272 	EXP 	surround_grating: ori = 15.0
500.1272 	EXP 	surround_grating: sf = array([2.5, 2.5])
500.1272 	EXP 	surround_grating: phase = array([0.32893804, 0.32893804])
500.1272 	EXP 	center_grating: ori = 0.0
500.1272 	EXP 	center_grating: sf = array([2.5, 2.5])
500.1272 	EXP 	center_grating: phase = array([0.90668326, 0.90668326])
501.3665 	EXP 	noise_3: autoDraw = True
501.3665 	EXP 	surround_grating: autoDraw = True
501.3665 	EXP 	center_grating: autoDraw = True
501.4409 	EXP 	noise_3: autoDraw = False
501.4409 	EXP 	surround_grating: autoDraw = False
501.4409 	EXP 	center_grating: autoDraw = False
502.0769 	EXP 	New trial (rep=0, index=200): <Trial 200 (200 in rep 0) data={'center': 6, 'surround': 15.0, 'type': 'c+6', 'surr_type': 'poss', 'orient_opacity': 100, 'noise_opacity': 0, 'isi': 1.25, 'thisN': 200, 'thisTrialN': 200, 'thisRepN': 0}>
502.0821 	DATA 	Keypress: z
502.0879 	INFO 	Keyboard events cleared
502.0874 	EXP 	noise_3: autoDraw = False
502.0874 	EXP 	surround_grating: autoDraw = False
502.0874 	EXP 	center_grating: autoDraw = False
502.0874 	EXP 	text_2: autoDraw = False
502.0874 	EXP 	surround_grating: ori = 15.0
502.0874 	EXP 	surround_grating: sf = array([2.5, 2.5])
502.0874 	EXP 	surround_grating: phase = array([0.19068716, 0.19068716])
502.0874 	EXP 	center_grating: ori = 6.0
502.0874 	EXP 	center_grating: sf = array([2.5, 2.5])
502.0874 	EXP 	center_grating: phase = array([0.74749143, 0.74749143])
503.3238 	EXP 	noise_3: autoDraw = True
503.3238 	EXP 	surround_grating: autoDraw = True
503.3238 	EXP 	center_grating: autoDraw = True
503.3959 	EXP 	noise_3: autoDraw = False
503.3959 	EXP 	surround_grating: autoDraw = False
503.3959 	EXP 	center_grating: autoDraw = False
503.8440 	EXP 	New trial (rep=0, index=201): <Trial 201 (201 in rep 0) data={'center': 8, 'surround': 15.0, 'type': 'c+8', 'surr_type': 'poss', 'orient_opacity': 100, 'noise_opacity': 0, 'isi': 1.25, 'thisN': 201, 'thisTrialN': 201, 'thisRepN': 0}>
503.8503 	DATA 	Keypress: period
503.8563 	INFO 	Keyboard events cleared
503.8557 	EXP 	noise_3: autoDraw = False
503.8557 	EXP 	surround_grating: autoDraw = False
503.8557 	EXP 	center_grating: autoDraw = False
503.8557 	EXP 	text_2: autoDraw = False
503.8557 	EXP 	surround_grating: ori = 15.0
503.8557 	EXP 	surround_grating: sf = array([2.5, 2.5])
503.8557 	EXP 	surround_grating: phase = array([0.04220661, 0.04220661])
503.8557 	EXP 	center_grating: ori = 8.0
503.8557 	EXP 	center_grating: sf = array([2.5, 2.5])
503.8557 	EXP 	center_grating: phase = array([0.02532103, 0.02532103])
505.0901 	EXP 	noise_3: autoDraw = True
505.0901 	EXP 	surround_grating: autoDraw = True
505.0901 	EXP 	center_grating: autoDraw = True
505.1636 	EXP 	noise_3: autoDraw = False
505.1636 	EXP 	surround_grating: autoDraw = False
505.1636 	EXP 	center_grating: autoDraw = False
505.5945 	EXP 	New trial (rep=0, index=202): <Trial 202 (202 in rep 0) data={'center': 4, 'surround': 0.0, 'type': 'c+4', 'surr_type': 'noss', 'orient_opacity': 0, 'noise_opacity': 100, 'isi': 0.5, 'thisN': 202, 'thisTrialN': 202, 'thisRepN': 0}>
505.5999 	DATA 	Keypress: period
505.6059 	INFO 	Keyboard events cleared
505.6054 	EXP 	noise_3: autoDraw = False
505.6054 	EXP 	surround_grating: autoDraw = False
505.6054 	EXP 	center_grating: autoDraw = False
505.6054 	EXP 	text_2: autoDraw = False
505.6054 	EXP 	surround_grating: ori = 0.0
505.6054 	EXP 	surround_grating: sf = array([2.5, 2.5])
505.6054 	EXP 	surround_grating: phase = array([0.31731527, 0.31731527])
505.6054 	EXP 	center_grating: ori = 4.0
505.6054 	EXP 	center_grating: sf = array([2.5, 2.5])
505.6054 	EXP 	center_grating: phase = array([0.98371538, 0.98371538])
506.0901 	EXP 	noise_3: autoDraw = True
506.0901 	EXP 	surround_grating: autoDraw = True
506.0901 	EXP 	center_grating: autoDraw = True
506.1627 	EXP 	noise_3: autoDraw = False
506.1627 	EXP 	surround_grating: autoDraw = False
506.1627 	EXP 	center_grating: autoDraw = False
506.5501 	EXP 	New trial (rep=0, index=203): <Trial 203 (203 in rep 0) data={'center': 2, 'surround': -15.0, 'type': 'c+2', 'surr_type': 'negs', 'orient_opacity': 100, 'noise_opacity': 0, 'isi': 1.25, 'thisN': 203, 'thisTrialN': 203, 'thisRepN': 0}>
506.5562 	DATA 	Keypress: period
506.5616 	INFO 	Keyboard events cleared
506.5611 	EXP 	noise_3: autoDraw = False
506.5611 	EXP 	surround_grating: autoDraw = False
506.5611 	EXP 	center_grating: autoDraw = False
506.5611 	EXP 	text_2: autoDraw = False
506.5611 	EXP 	surround_grating: ori = -15.0
506.5611 	EXP 	surround_grating: sf = array([2.5, 2.5])
506.5611 	EXP 	surround_grating: phase = array([0.37683784, 0.37683784])
506.5611 	EXP 	center_grating: ori = 2.0
506.5611 	EXP 	center_grating: sf = array([2.5, 2.5])
506.5611 	EXP 	center_grating: phase = array([0.08290199, 0.08290199])
507.8008 	EXP 	noise_3: autoDraw = True
507.8008 	EXP 	surround_grating: autoDraw = True
507.8008 	EXP 	center_grating: autoDraw = True
507.8747 	EXP 	noise_3: autoDraw = False
507.8747 	EXP 	surround_grating: autoDraw = False
507.8747 	EXP 	center_grating: autoDraw = False
508.5115 	EXP 	New trial (rep=0, index=204): <Trial 204 (204 in rep 0) data={'center': 0, 'surround': 15.0, 'type': 'c+0', 'surr_type': 'poss', 'orient_opacity': 100, 'noise_opacity': 0, 'isi': 0.75, 'thisN': 204, 'thisTrialN': 204, 'thisRepN': 0}>
508.5171 	DATA 	Keypress: period
508.5236 	INFO 	Keyboard events cleared
508.5230 	EXP 	noise_3: autoDraw = False
508.5230 	EXP 	surround_grating: autoDraw = False
508.5230 	EXP 	center_grating: autoDraw = False
508.5230 	EXP 	text_2: autoDraw = False
508.5230 	EXP 	surround_grating: ori = 15.0
508.5230 	EXP 	surround_grating: sf = array([2.5, 2.5])
508.5230 	EXP 	surround_grating: phase = array([0.83090317, 0.83090317])
508.5230 	EXP 	center_grating: ori = 0.0
508.5230 	EXP 	center_grating: sf = array([2.5, 2.5])
508.5230 	EXP 	center_grating: phase = array([0.3896092, 0.3896092])
509.2563 	EXP 	noise_3: autoDraw = True
509.2563 	EXP 	surround_grating: autoDraw = True
509.2563 	EXP 	center_grating: autoDraw = True
509.3294 	EXP 	noise_3: autoDraw = False
509.3294 	EXP 	surround_grating: autoDraw = False
509.3294 	EXP 	center_grating: autoDraw = False
510.3832 	EXP 	New trial (rep=0, index=205): <Trial 205 (205 in rep 0) data={'center': 0, 'surround': 15.0, 'type': 'c+0', 'surr_type': 'poss', 'orient_opacity': 100, 'noise_opacity': 0, 'isi': 1.0, 'thisN': 205, 'thisTrialN': 205, 'thisRepN': 0}>
510.3885 	DATA 	Keypress: z
510.3944 	INFO 	Keyboard events cleared
510.3938 	EXP 	noise_3: autoDraw = False
510.3938 	EXP 	surround_grating: autoDraw = False
510.3938 	EXP 	center_grating: autoDraw = False
510.3938 	EXP 	text_2: autoDraw = False
510.3938 	EXP 	surround_grating: ori = 15.0
510.3938 	EXP 	surround_grating: sf = array([2.5, 2.5])
510.3938 	EXP 	surround_grating: phase = array([0.64621155, 0.64621155])
510.3938 	EXP 	center_grating: ori = 0.0
510.3938 	EXP 	center_grating: sf = array([2.5, 2.5])
510.3938 	EXP 	center_grating: phase = array([0.30030226, 0.30030226])
511.3841 	EXP 	noise_3: autoDraw = True
511.3841 	EXP 	surround_grating: autoDraw = True
511.3841 	EXP 	center_grating: autoDraw = True
511.4579 	EXP 	noise_3: autoDraw = False
511.4579 	EXP 	surround_grating: autoDraw = False
511.4579 	EXP 	center_grating: autoDraw = False
512.1145 	DATA 	Keypress: z
512.1213 	EXP 	New trial (rep=0, index=206): <Trial 206 (206 in rep 0) data={'center': 4, 'surround': 15.0, 'type': 'c+4', 'surr_type': 'poss', 'orient_opacity': 100, 'noise_opacity': 0, 'isi': 1.25, 'thisN': 206, 'thisTrialN': 206, 'thisRepN': 0}>
512.1280 	INFO 	Keyboard events cleared
512.1276 	EXP 	noise_3: autoDraw = False
512.1276 	EXP 	surround_grating: autoDraw = False
512.1276 	EXP 	center_grating: autoDraw = False
512.1276 	EXP 	text_2: autoDraw = False
512.1276 	EXP 	surround_grating: ori = 15.0
512.1276 	EXP 	surround_grating: sf = array([2.5, 2.5])
512.1276 	EXP 	surround_grating: phase = array([0.4111329, 0.4111329])
512.1276 	EXP 	center_grating: ori = 4.0
512.1276 	EXP 	center_grating: sf = array([2.5, 2.5])
512.1276 	EXP 	center_grating: phase = array([0.52307765, 0.52307765])
513.3670 	EXP 	noise_3: autoDraw = True
513.3670 	EXP 	surround_grating: autoDraw = True
513.3670 	EXP 	center_grating: autoDraw = True
513.4413 	EXP 	noise_3: autoDraw = False
513.4413 	EXP 	surround_grating: autoDraw = False
513.4413 	EXP 	center_grating: autoDraw = False
513.8477 	DATA 	Keypress: period
513.8543 	EXP 	New trial (rep=0, index=207): <Trial 207 (207 in rep 0) data={'center': 8, 'surround': 15.0, 'type': 'c+8', 'surr_type': 'poss', 'orient_opacity': 100, 'noise_opacity': 0, 'isi': 0.75, 'thisN': 207, 'thisTrialN': 207, 'thisRepN': 0}>
513.8615 	INFO 	Keyboard events cleared
513.8610 	EXP 	noise_3: autoDraw = False
513.8610 	EXP 	surround_grating: autoDraw = False
513.8610 	EXP 	center_grating: autoDraw = False
513.8610 	EXP 	text_2: autoDraw = False
513.8610 	EXP 	surround_grating: ori = 15.0
513.8610 	EXP 	surround_grating: sf = array([2.5, 2.5])
513.8610 	EXP 	surround_grating: phase = array([0.41188859, 0.41188859])
513.8610 	EXP 	center_grating: ori = 8.0
513.8610 	EXP 	center_grating: sf = array([2.5, 2.5])
513.8610 	EXP 	center_grating: phase = array([0.04460429, 0.04460429])
514.6008 	EXP 	noise_3: autoDraw = True
514.6008 	EXP 	surround_grating: autoDraw = True
514.6008 	EXP 	center_grating: autoDraw = True
514.6750 	EXP 	noise_3: autoDraw = False
514.6750 	EXP 	surround_grating: autoDraw = False
514.6750 	EXP 	center_grating: autoDraw = False
515.1271 	EXP 	New trial (rep=0, index=208): <Trial 208 (208 in rep 0) data={'center': 2, 'surround': -15.0, 'type': 'c+2', 'surr_type': 'negs', 'orient_opacity': 100, 'noise_opacity': 0, 'isi': 1.25, 'thisN': 208, 'thisTrialN': 208, 'thisRepN': 0}>
515.1322 	DATA 	Keypress: period
515.1381 	INFO 	Keyboard events cleared
515.1376 	EXP 	noise_3: autoDraw = False
515.1376 	EXP 	surround_grating: autoDraw = False
515.1376 	EXP 	center_grating: autoDraw = False
515.1376 	EXP 	text_2: autoDraw = False
515.1376 	EXP 	surround_grating: ori = -15.0
515.1376 	EXP 	surround_grating: sf = array([2.5, 2.5])
515.1376 	EXP 	surround_grating: phase = array([0.68793706, 0.68793706])
515.1376 	EXP 	center_grating: ori = 2.0
515.1376 	EXP 	center_grating: sf = array([2.5, 2.5])
515.1376 	EXP 	center_grating: phase = array([0.19186019, 0.19186019])
516.3743 	EXP 	noise_3: autoDraw = True
516.3743 	EXP 	surround_grating: autoDraw = True
516.3743 	EXP 	center_grating: autoDraw = True
516.4464 	EXP 	noise_3: autoDraw = False
516.4464 	EXP 	surround_grating: autoDraw = False
516.4464 	EXP 	center_grating: autoDraw = False
516.8775 	EXP 	New trial (rep=0, index=209): <Trial 209 (209 in rep 0) data={'center': -2, 'surround': 0.0, 'type': 'c-2', 'surr_type': 'noss', 'orient_opacity': 0, 'noise_opacity': 100, 'isi': 0.75, 'thisN': 209, 'thisTrialN': 209, 'thisRepN': 0}>
516.8826 	DATA 	Keypress: period
516.8887 	INFO 	Keyboard events cleared
516.8882 	EXP 	noise_3: autoDraw = False
516.8882 	EXP 	surround_grating: autoDraw = False
516.8882 	EXP 	center_grating: autoDraw = False
516.8882 	EXP 	text_2: autoDraw = False
516.8882 	EXP 	surround_grating: ori = 0.0
516.8882 	EXP 	surround_grating: sf = array([2.5, 2.5])
516.8882 	EXP 	surround_grating: phase = array([0.21487154, 0.21487154])
516.8882 	EXP 	center_grating: ori = -2.0
516.8882 	EXP 	center_grating: sf = array([2.5, 2.5])
516.8882 	EXP 	center_grating: phase = array([0.14154567, 0.14154567])
517.6234 	EXP 	noise_3: autoDraw = True
517.6234 	EXP 	surround_grating: autoDraw = True
517.6234 	EXP 	center_grating: autoDraw = True
517.6976 	EXP 	noise_3: autoDraw = False
517.6976 	EXP 	surround_grating: autoDraw = False
517.6976 	EXP 	center_grating: autoDraw = False
518.5030 	DATA 	Keypress: period
518.5097 	EXP 	New trial (rep=0, index=210): <Trial 210 (210 in rep 0) data={'center': 4, 'surround': 15.0, 'type': 'c+4', 'surr_type': 'poss', 'orient_opacity': 100, 'noise_opacity': 0, 'isi': 0.75, 'thisN': 210, 'thisTrialN': 210, 'thisRepN': 0}>
518.5173 	INFO 	Keyboard events cleared
518.5169 	EXP 	noise_3: autoDraw = False
518.5169 	EXP 	surround_grating: autoDraw = False
518.5169 	EXP 	center_grating: autoDraw = False
518.5169 	EXP 	text_2: autoDraw = False
518.5169 	EXP 	surround_grating: ori = 15.0
518.5169 	EXP 	surround_grating: sf = array([2.5, 2.5])
518.5169 	EXP 	surround_grating: phase = array([0.73644456, 0.73644456])
518.5169 	EXP 	center_grating: ori = 4.0
518.5169 	EXP 	center_grating: sf = array([2.5, 2.5])
518.5169 	EXP 	center_grating: phase = array([0.68387886, 0.68387886])
519.2572 	EXP 	noise_3: autoDraw = True
519.2572 	EXP 	surround_grating: autoDraw = True
519.2572 	EXP 	center_grating: autoDraw = True
519.3297 	EXP 	noise_3: autoDraw = False
519.3297 	EXP 	surround_grating: autoDraw = False
519.3297 	EXP 	center_grating: autoDraw = False
519.6952 	EXP 	New trial (rep=0, index=211): <Trial 211 (211 in rep 0) data={'center': 2, 'surround': 15.0, 'type': 'c+2', 'surr_type': 'poss', 'orient_opacity': 100, 'noise_opacity': 0, 'isi': 1.25, 'thisN': 211, 'thisTrialN': 211, 'thisRepN': 0}>
519.7003 	DATA 	Keypress: period
519.7062 	INFO 	Keyboard events cleared
519.7058 	EXP 	noise_3: autoDraw = False
519.7058 	EXP 	surround_grating: autoDraw = False
519.7058 	EXP 	center_grating: autoDraw = False
519.7058 	EXP 	text_2: autoDraw = False
519.7058 	EXP 	surround_grating: ori = 15.0
519.7058 	EXP 	surround_grating: sf = array([2.5, 2.5])
519.7058 	EXP 	surround_grating: phase = array([0.26774702, 0.26774702])
519.7058 	EXP 	center_grating: ori = 2.0
519.7058 	EXP 	center_grating: sf = array([2.5, 2.5])
519.7058 	EXP 	center_grating: phase = array([0.29929851, 0.29929851])
520.9411 	EXP 	noise_3: autoDraw = True
520.9411 	EXP 	surround_grating: autoDraw = True
520.9411 	EXP 	center_grating: autoDraw = True
521.0135 	EXP 	noise_3: autoDraw = False
521.0135 	EXP 	surround_grating: autoDraw = False
521.0135 	EXP 	center_grating: autoDraw = False
521.4338 	EXP 	New trial (rep=0, index=212): <Trial 212 (212 in rep 0) data={'center': 0, 'surround': 0.0, 'type': 'c+0', 'surr_type': 'noss', 'orient_opacity': 0, 'noise_opacity': 100, 'isi': 1.25, 'thisN': 212, 'thisTrialN': 212, 'thisRepN': 0}>
521.4389 	DATA 	Keypress: period
521.4444 	INFO 	Keyboard events cleared
521.4438 	EXP 	noise_3: autoDraw = False
521.4438 	EXP 	surround_grating: autoDraw = False
521.4438 	EXP 	center_grating: autoDraw = False
521.4438 	EXP 	text_2: autoDraw = False
521.4438 	EXP 	surround_grating: ori = 0.0
521.4438 	EXP 	surround_grating: sf = array([2.5, 2.5])
521.4438 	EXP 	surround_grating: phase = array([0.22259215, 0.22259215])
521.4438 	EXP 	center_grating: ori = 0.0
521.4438 	EXP 	center_grating: sf = array([2.5, 2.5])
521.4438 	EXP 	center_grating: phase = array([0.80021248, 0.80021248])
522.6836 	EXP 	noise_3: autoDraw = True
522.6836 	EXP 	surround_grating: autoDraw = True
522.6836 	EXP 	center_grating: autoDraw = True
522.7584 	EXP 	noise_3: autoDraw = False
522.7584 	EXP 	surround_grating: autoDraw = False
522.7584 	EXP 	center_grating: autoDraw = False
523.3444 	EXP 	New trial (rep=0, index=213): <Trial 213 (213 in rep 0) data={'center': -4, 'surround': -15.0, 'type': 'c-4', 'surr_type': 'negs', 'orient_opacity': 100, 'noise_opacity': 0, 'isi': 0.75, 'thisN': 213, 'thisTrialN': 213, 'thisRepN': 0}>
523.3497 	DATA 	Keypress: period
523.3552 	INFO 	Keyboard events cleared
523.3547 	EXP 	noise_3: autoDraw = False
523.3547 	EXP 	surround_grating: autoDraw = False
523.3547 	EXP 	center_grating: autoDraw = False
523.3547 	EXP 	text_2: autoDraw = False
523.3547 	EXP 	surround_grating: ori = -15.0
523.3547 	EXP 	surround_grating: sf = array([2.5, 2.5])
523.3547 	EXP 	surround_grating: phase = array([0.06812001, 0.06812001])
523.3547 	EXP 	center_grating: ori = -4.0
523.3547 	EXP 	center_grating: sf = array([2.5, 2.5])
523.3547 	EXP 	center_grating: phase = array([0.00153458, 0.00153458])
524.0915 	EXP 	noise_3: autoDraw = True
524.0915 	EXP 	surround_grating: autoDraw = True
524.0915 	EXP 	center_grating: autoDraw = True
524.1636 	EXP 	noise_3: autoDraw = False
524.1636 	EXP 	surround_grating: autoDraw = False
524.1636 	EXP 	center_grating: autoDraw = False
524.5113 	EXP 	New trial (rep=0, index=214): <Trial 214 (214 in rep 0) data={'center': -6, 'surround': -15.0, 'type': 'c-6', 'surr_type': 'negs', 'orient_opacity': 100, 'noise_opacity': 0, 'isi': 0.75, 'thisN': 214, 'thisTrialN': 214, 'thisRepN': 0}>
524.5174 	DATA 	Keypress: period
524.5235 	INFO 	Keyboard events cleared
524.5230 	EXP 	noise_3: autoDraw = False
524.5230 	EXP 	surround_grating: autoDraw = False
524.5230 	EXP 	center_grating: autoDraw = False
524.5230 	EXP 	text_2: autoDraw = False
524.5230 	EXP 	surround_grating: ori = -15.0
524.5230 	EXP 	surround_grating: sf = array([2.5, 2.5])
524.5230 	EXP 	surround_grating: phase = array([0.5095353, 0.5095353])
524.5230 	EXP 	center_grating: ori = -6.0
524.5230 	EXP 	center_grating: sf = array([2.5, 2.5])
524.5230 	EXP 	center_grating: phase = array([0.65692855, 0.65692855])
525.2571 	EXP 	noise_3: autoDraw = True
525.2571 	EXP 	surround_grating: autoDraw = True
525.2571 	EXP 	center_grating: autoDraw = True
525.3297 	EXP 	noise_3: autoDraw = False
525.3297 	EXP 	surround_grating: autoDraw = False
525.3297 	EXP 	center_grating: autoDraw = False
525.7278 	EXP 	New trial (rep=0, index=215): <Trial 215 (215 in rep 0) data={'center': -6, 'surround': -15.0, 'type': 'c-6', 'surr_type': 'negs', 'orient_opacity': 100, 'noise_opacity': 0, 'isi': 1.25, 'thisN': 215, 'thisTrialN': 215, 'thisRepN': 0}>
525.7328 	DATA 	Keypress: period
525.7390 	INFO 	Keyboard events cleared
525.7385 	EXP 	noise_3: autoDraw = False
525.7385 	EXP 	surround_grating: autoDraw = False
525.7385 	EXP 	center_grating: autoDraw = False
525.7385 	EXP 	text_2: autoDraw = False
525.7385 	EXP 	surround_grating: ori = -15.0
525.7385 	EXP 	surround_grating: sf = array([2.5, 2.5])
525.7385 	EXP 	surround_grating: phase = array([0.00986522, 0.00986522])
525.7385 	EXP 	center_grating: ori = -6.0
525.7385 	EXP 	center_grating: sf = array([2.5, 2.5])
525.7385 	EXP 	center_grating: phase = array([0.9348985, 0.9348985])
526.9747 	EXP 	noise_3: autoDraw = True
526.9747 	EXP 	surround_grating: autoDraw = True
526.9747 	EXP 	center_grating: autoDraw = True
527.0470 	EXP 	noise_3: autoDraw = False
527.0470 	EXP 	surround_grating: autoDraw = False
527.0470 	EXP 	center_grating: autoDraw = False
527.5114 	EXP 	New trial (rep=0, index=216): <Trial 216 (216 in rep 0) data={'center': -6, 'surround': -15.0, 'type': 'c-6', 'surr_type': 'negs', 'orient_opacity': 100, 'noise_opacity': 0, 'isi': 0.75, 'thisN': 216, 'thisTrialN': 216, 'thisRepN': 0}>
527.5175 	DATA 	Keypress: z
527.5235 	INFO 	Keyboard events cleared
527.5230 	EXP 	noise_3: autoDraw = False
527.5230 	EXP 	surround_grating: autoDraw = False
527.5230 	EXP 	center_grating: autoDraw = False
527.5230 	EXP 	text_2: autoDraw = False
527.5230 	EXP 	surround_grating: ori = -15.0
527.5230 	EXP 	surround_grating: sf = array([2.5, 2.5])
527.5230 	EXP 	surround_grating: phase = array([0.67074771, 0.67074771])
527.5230 	EXP 	center_grating: ori = -6.0
527.5230 	EXP 	center_grating: sf = array([2.5, 2.5])
527.5230 	EXP 	center_grating: phase = array([0.45511967, 0.45511967])
528.2573 	EXP 	noise_3: autoDraw = True
528.2573 	EXP 	surround_grating: autoDraw = True
528.2573 	EXP 	center_grating: autoDraw = True
528.3304 	EXP 	noise_3: autoDraw = False
528.3304 	EXP 	surround_grating: autoDraw = False
528.3304 	EXP 	center_grating: autoDraw = False
529.0125 	EXP 	New trial (rep=0, index=217): <Trial 217 (217 in rep 0) data={'center': -2, 'surround': -15.0, 'type': 'c-2', 'surr_type': 'negs', 'orient_opacity': 100, 'noise_opacity': 0, 'isi': 0.75, 'thisN': 217, 'thisTrialN': 217, 'thisRepN': 0}>
529.0179 	DATA 	Keypress: z
529.0239 	INFO 	Keyboard events cleared
529.0234 	EXP 	noise_3: autoDraw = False
529.0234 	EXP 	surround_grating: autoDraw = False
529.0234 	EXP 	center_grating: autoDraw = False
529.0234 	EXP 	text_2: autoDraw = False
529.0234 	EXP 	surround_grating: ori = -15.0
529.0234 	EXP 	surround_grating: sf = array([2.5, 2.5])
529.0234 	EXP 	surround_grating: phase = array([0.2095863, 0.2095863])
529.0234 	EXP 	center_grating: ori = -2.0
529.0234 	EXP 	center_grating: sf = array([2.5, 2.5])
529.0234 	EXP 	center_grating: phase = array([0.89502815, 0.89502815])
529.7582 	EXP 	noise_3: autoDraw = True
529.7582 	EXP 	surround_grating: autoDraw = True
529.7582 	EXP 	center_grating: autoDraw = True
529.8301 	EXP 	noise_3: autoDraw = False
529.8301 	EXP 	surround_grating: autoDraw = False
529.8301 	EXP 	center_grating: autoDraw = False
530.8821 	EXP 	New trial (rep=0, index=218): <Trial 218 (218 in rep 0) data={'center': 8, 'surround': 15.0, 'type': 'c+8', 'surr_type': 'poss', 'orient_opacity': 100, 'noise_opacity': 0, 'isi': 1.25, 'thisN': 218, 'thisTrialN': 218, 'thisRepN': 0}>
530.8872 	DATA 	Keypress: z
530.9088 	INFO 	Keyboard events cleared
530.9084 	EXP 	noise_3: autoDraw = False
530.9084 	EXP 	surround_grating: autoDraw = False
530.9084 	EXP 	center_grating: autoDraw = False
530.9084 	EXP 	text_2: autoDraw = False
530.9084 	EXP 	surround_grating: ori = 15.0
530.9084 	EXP 	surround_grating: sf = array([2.5, 2.5])
530.9084 	EXP 	surround_grating: phase = array([0.86199151, 0.86199151])
530.9084 	EXP 	center_grating: ori = 8.0
530.9084 	EXP 	center_grating: sf = array([2.5, 2.5])
530.9084 	EXP 	center_grating: phase = array([0.56551753, 0.56551753])
532.1249 	EXP 	noise_3: autoDraw = True
532.1249 	EXP 	surround_grating: autoDraw = True
532.1249 	EXP 	center_grating: autoDraw = True
532.1984 	EXP 	noise_3: autoDraw = False
532.1984 	EXP 	surround_grating: autoDraw = False
532.1984 	EXP 	center_grating: autoDraw = False
532.6348 	EXP 	New trial (rep=0, index=219): <Trial 219 (219 in rep 0) data={'center': 4, 'surround': 15.0, 'type': 'c+4', 'surr_type': 'poss', 'orient_opacity': 100, 'noise_opacity': 0, 'isi': 1.25, 'thisN': 219, 'thisTrialN': 219, 'thisRepN': 0}>
532.6399 	DATA 	Keypress: period
532.6454 	INFO 	Keyboard events cleared
532.6449 	EXP 	noise_3: autoDraw = False
532.6449 	EXP 	surround_grating: autoDraw = False
532.6449 	EXP 	center_grating: autoDraw = False
532.6449 	EXP 	text_2: autoDraw = False
532.6449 	EXP 	surround_grating: ori = 15.0
532.6449 	EXP 	surround_grating: sf = array([2.5, 2.5])
532.6449 	EXP 	surround_grating: phase = array([0.84693187, 0.84693187])
532.6449 	EXP 	center_grating: ori = 4.0
532.6449 	EXP 	center_grating: sf = array([2.5, 2.5])
532.6449 	EXP 	center_grating: phase = array([0.021976, 0.021976])
533.8848 	EXP 	noise_3: autoDraw = True
533.8848 	EXP 	surround_grating: autoDraw = True
533.8848 	EXP 	center_grating: autoDraw = True
533.9588 	EXP 	noise_3: autoDraw = False
533.9588 	EXP 	surround_grating: autoDraw = False
533.9588 	EXP 	center_grating: autoDraw = False
534.5514 	EXP 	New trial (rep=0, index=220): <Trial 220 (220 in rep 0) data={'center': 2, 'surround': -15.0, 'type': 'c+2', 'surr_type': 'negs', 'orient_opacity': 100, 'noise_opacity': 0, 'isi': 1.0, 'thisN': 220, 'thisTrialN': 220, 'thisRepN': 0}>
534.5568 	DATA 	Keypress: period
534.5621 	INFO 	Keyboard events cleared
534.5616 	EXP 	noise_3: autoDraw = False
534.5616 	EXP 	surround_grating: autoDraw = False
534.5616 	EXP 	center_grating: autoDraw = False
534.5616 	EXP 	text_2: autoDraw = False
534.5616 	EXP 	surround_grating: ori = -15.0
534.5616 	EXP 	surround_grating: sf = array([2.5, 2.5])
534.5616 	EXP 	surround_grating: phase = array([0.95600553, 0.95600553])
534.5616 	EXP 	center_grating: ori = 2.0
534.5616 	EXP 	center_grating: sf = array([2.5, 2.5])
534.5616 	EXP 	center_grating: phase = array([0.31030224, 0.31030224])
535.5509 	EXP 	noise_3: autoDraw = True
535.5509 	EXP 	surround_grating: autoDraw = True
535.5509 	EXP 	center_grating: autoDraw = True
535.6315 	EXP 	noise_3: autoDraw = False
535.6315 	EXP 	surround_grating: autoDraw = False
535.6315 	EXP 	center_grating: autoDraw = False
536.1004 	EXP 	New trial (rep=0, index=221): <Trial 221 (221 in rep 0) data={'center': -8, 'surround': -15.0, 'type': 'c-8', 'surr_type': 'negs', 'orient_opacity': 100, 'noise_opacity': 0, 'isi': 0.75, 'thisN': 221, 'thisTrialN': 221, 'thisRepN': 0}>
536.1054 	DATA 	Keypress: period
536.1115 	INFO 	Keyboard events cleared
536.1110 	EXP 	noise_3: autoDraw = False
536.1110 	EXP 	surround_grating: autoDraw = False
536.1110 	EXP 	center_grating: autoDraw = False
536.1110 	EXP 	text_2: autoDraw = False
536.1110 	EXP 	surround_grating: ori = -15.0
536.1110 	EXP 	surround_grating: sf = array([2.5, 2.5])
536.1110 	EXP 	surround_grating: phase = array([0.31221717, 0.31221717])
536.1110 	EXP 	center_grating: ori = -8.0
536.1110 	EXP 	center_grating: sf = array([2.5, 2.5])
536.1110 	EXP 	center_grating: phase = array([0.5616798, 0.5616798])
536.8517 	EXP 	noise_3: autoDraw = True
536.8517 	EXP 	surround_grating: autoDraw = True
536.8517 	EXP 	center_grating: autoDraw = True
536.9258 	EXP 	noise_3: autoDraw = False
536.9258 	EXP 	surround_grating: autoDraw = False
536.9258 	EXP 	center_grating: autoDraw = False
537.3789 	EXP 	New trial (rep=0, index=222): <Trial 222 (222 in rep 0) data={'center': 2, 'surround': 0.0, 'type': 'c+2', 'surr_type': 'noss', 'orient_opacity': 0, 'noise_opacity': 100, 'isi': 0.75, 'thisN': 222, 'thisTrialN': 222, 'thisRepN': 0}>
537.3840 	DATA 	Keypress: z
537.3903 	INFO 	Keyboard events cleared
537.3897 	EXP 	noise_3: autoDraw = False
537.3897 	EXP 	surround_grating: autoDraw = False
537.3897 	EXP 	center_grating: autoDraw = False
537.3897 	EXP 	text_2: autoDraw = False
537.3897 	EXP 	surround_grating: ori = 0.0
537.3897 	EXP 	surround_grating: sf = array([2.5, 2.5])
537.3897 	EXP 	surround_grating: phase = array([0.27735397, 0.27735397])
537.3897 	EXP 	center_grating: ori = 2.0
537.3897 	EXP 	center_grating: sf = array([2.5, 2.5])
537.3897 	EXP 	center_grating: phase = array([0.34512811, 0.34512811])
538.1251 	EXP 	noise_3: autoDraw = True
538.1251 	EXP 	surround_grating: autoDraw = True
538.1251 	EXP 	center_grating: autoDraw = True
538.1979 	EXP 	noise_3: autoDraw = False
538.1979 	EXP 	surround_grating: autoDraw = False
538.1979 	EXP 	center_grating: autoDraw = False
538.6452 	EXP 	New trial (rep=0, index=223): <Trial 223 (223 in rep 0) data={'center': 0, 'surround': -15.0, 'type': 'c+0', 'surr_type': 'negs', 'orient_opacity': 100, 'noise_opacity': 0, 'isi': 0.75, 'thisN': 223, 'thisTrialN': 223, 'thisRepN': 0}>
538.6503 	DATA 	Keypress: period
538.6561 	INFO 	Keyboard events cleared
538.6556 	EXP 	noise_3: autoDraw = False
538.6556 	EXP 	surround_grating: autoDraw = False
538.6556 	EXP 	center_grating: autoDraw = False
538.6556 	EXP 	text_2: autoDraw = False
538.6556 	EXP 	surround_grating: ori = -15.0
538.6556 	EXP 	surround_grating: sf = array([2.5, 2.5])
538.6556 	EXP 	surround_grating: phase = array([0.01116942, 0.01116942])
538.6556 	EXP 	center_grating: ori = 0.0
538.6556 	EXP 	center_grating: sf = array([2.5, 2.5])
538.6556 	EXP 	center_grating: phase = array([0.85062268, 0.85062268])
539.3913 	EXP 	noise_3: autoDraw = True
539.3913 	EXP 	surround_grating: autoDraw = True
539.3913 	EXP 	center_grating: autoDraw = True
539.4637 	EXP 	noise_3: autoDraw = False
539.4637 	EXP 	surround_grating: autoDraw = False
539.4637 	EXP 	center_grating: autoDraw = False
539.9952 	EXP 	New trial (rep=0, index=224): <Trial 224 (224 in rep 0) data={'center': 6, 'surround': 15.0, 'type': 'c+6', 'surr_type': 'poss', 'orient_opacity': 100, 'noise_opacity': 0, 'isi': 0.75, 'thisN': 224, 'thisTrialN': 224, 'thisRepN': 0}>
540.0003 	DATA 	Keypress: period
540.0061 	INFO 	Keyboard events cleared
540.0057 	EXP 	noise_3: autoDraw = False
540.0057 	EXP 	surround_grating: autoDraw = False
540.0057 	EXP 	center_grating: autoDraw = False
540.0057 	EXP 	text_2: autoDraw = False
540.0057 	EXP 	surround_grating: ori = 15.0
540.0057 	EXP 	surround_grating: sf = array([2.5, 2.5])
540.0057 	EXP 	surround_grating: phase = array([0.09650779, 0.09650779])
540.0057 	EXP 	center_grating: ori = 6.0
540.0057 	EXP 	center_grating: sf = array([2.5, 2.5])
540.0057 	EXP 	center_grating: phase = array([0.08753419, 0.08753419])
540.7419 	EXP 	noise_3: autoDraw = True
540.7419 	EXP 	surround_grating: autoDraw = True
540.7419 	EXP 	center_grating: autoDraw = True
540.8140 	EXP 	noise_3: autoDraw = False
540.8140 	EXP 	surround_grating: autoDraw = False
540.8140 	EXP 	center_grating: autoDraw = False
541.2784 	EXP 	New trial (rep=0, index=225): <Trial 225 (225 in rep 0) data={'center': -2, 'surround': 0.0, 'type': 'c-2', 'surr_type': 'noss', 'orient_opacity': 0, 'noise_opacity': 100, 'isi': 1.25, 'thisN': 225, 'thisTrialN': 225, 'thisRepN': 0}>
541.2835 	DATA 	Keypress: period
541.2899 	INFO 	Keyboard events cleared
541.2893 	EXP 	noise_3: autoDraw = False
541.2893 	EXP 	surround_grating: autoDraw = False
541.2893 	EXP 	center_grating: autoDraw = False
541.2893 	EXP 	text_2: autoDraw = False
541.2893 	EXP 	surround_grating: ori = 0.0
541.2893 	EXP 	surround_grating: sf = array([2.5, 2.5])
541.2893 	EXP 	surround_grating: phase = array([0.07965077, 0.07965077])
541.2893 	EXP 	center_grating: ori = -2.0
541.2893 	EXP 	center_grating: sf = array([2.5, 2.5])
541.2893 	EXP 	center_grating: phase = array([0.64342011, 0.64342011])
542.5253 	EXP 	noise_3: autoDraw = True
542.5253 	EXP 	surround_grating: autoDraw = True
542.5253 	EXP 	center_grating: autoDraw = True
542.5973 	EXP 	noise_3: autoDraw = False
542.5973 	EXP 	surround_grating: autoDraw = False
542.5973 	EXP 	center_grating: autoDraw = False
543.1460 	EXP 	New trial (rep=0, index=226): <Trial 226 (226 in rep 0) data={'center': 2, 'surround': -15.0, 'type': 'c+2', 'surr_type': 'negs', 'orient_opacity': 100, 'noise_opacity': 0, 'isi': 0.75, 'thisN': 226, 'thisTrialN': 226, 'thisRepN': 0}>
543.1523 	DATA 	Keypress: z
543.1583 	INFO 	Keyboard events cleared
543.1578 	EXP 	noise_3: autoDraw = False
543.1578 	EXP 	surround_grating: autoDraw = False
543.1578 	EXP 	center_grating: autoDraw = False
543.1578 	EXP 	text_2: autoDraw = False
543.1578 	EXP 	surround_grating: ori = -15.0
543.1578 	EXP 	surround_grating: sf = array([2.5, 2.5])
543.1578 	EXP 	surround_grating: phase = array([0.72089543, 0.72089543])
543.1578 	EXP 	center_grating: ori = 2.0
543.1578 	EXP 	center_grating: sf = array([2.5, 2.5])
543.1578 	EXP 	center_grating: phase = array([0.57305351, 0.57305351])
543.8920 	EXP 	noise_3: autoDraw = True
543.8920 	EXP 	surround_grating: autoDraw = True
543.8920 	EXP 	center_grating: autoDraw = True
543.9638 	EXP 	noise_3: autoDraw = False
543.9638 	EXP 	surround_grating: autoDraw = False
543.9638 	EXP 	center_grating: autoDraw = False
544.3960 	EXP 	New trial (rep=0, index=227): <Trial 227 (227 in rep 0) data={'center': 2, 'surround': -15.0, 'type': 'c+2', 'surr_type': 'negs', 'orient_opacity': 100, 'noise_opacity': 0, 'isi': 0.5, 'thisN': 227, 'thisTrialN': 227, 'thisRepN': 0}>
544.4018 	DATA 	Keypress: period
544.4078 	INFO 	Keyboard events cleared
544.4073 	EXP 	noise_3: autoDraw = False
544.4073 	EXP 	surround_grating: autoDraw = False
544.4073 	EXP 	center_grating: autoDraw = False
544.4073 	EXP 	text_2: autoDraw = False
544.4073 	EXP 	surround_grating: ori = -15.0
544.4073 	EXP 	surround_grating: sf = array([2.5, 2.5])
544.4073 	EXP 	surround_grating: phase = array([0.46439179, 0.46439179])
544.4073 	EXP 	center_grating: ori = 2.0
544.4073 	EXP 	center_grating: sf = array([2.5, 2.5])
544.4073 	EXP 	center_grating: phase = array([0.58860379, 0.58860379])
544.8920 	EXP 	noise_3: autoDraw = True
544.8920 	EXP 	surround_grating: autoDraw = True
544.8920 	EXP 	center_grating: autoDraw = True
544.9642 	EXP 	noise_3: autoDraw = False
544.9642 	EXP 	surround_grating: autoDraw = False
544.9642 	EXP 	center_grating: autoDraw = False
545.4789 	EXP 	New trial (rep=0, index=228): <Trial 228 (228 in rep 0) data={'center': -6, 'surround': -15.0, 'type': 'c-6', 'surr_type': 'negs', 'orient_opacity': 100, 'noise_opacity': 0, 'isi': 0.5, 'thisN': 228, 'thisTrialN': 228, 'thisRepN': 0}>
545.4844 	DATA 	Keypress: period
545.4907 	INFO 	Keyboard events cleared
545.4902 	EXP 	noise_3: autoDraw = False
545.4902 	EXP 	surround_grating: autoDraw = False
545.4902 	EXP 	center_grating: autoDraw = False
545.4902 	EXP 	text_2: autoDraw = False
545.4902 	EXP 	surround_grating: ori = -15.0
545.4902 	EXP 	surround_grating: sf = array([2.5, 2.5])
545.4902 	EXP 	surround_grating: phase = array([0.18273944, 0.18273944])
545.4902 	EXP 	center_grating: ori = -6.0
545.4902 	EXP 	center_grating: sf = array([2.5, 2.5])
545.4902 	EXP 	center_grating: phase = array([0.80222617, 0.80222617])
545.9747 	EXP 	noise_3: autoDraw = True
545.9747 	EXP 	surround_grating: autoDraw = True
545.9747 	EXP 	center_grating: autoDraw = True
546.0476 	EXP 	noise_3: autoDraw = False
546.0476 	EXP 	surround_grating: autoDraw = False
546.0476 	EXP 	center_grating: autoDraw = False
546.4824 	EXP 	New trial (rep=0, index=229): <Trial 229 (229 in rep 0) data={'center': 2, 'surround': -15.0, 'type': 'c+2', 'surr_type': 'negs', 'orient_opacity': 100, 'noise_opacity': 0, 'isi': 0.5, 'thisN': 229, 'thisTrialN': 229, 'thisRepN': 0}>
546.4876 	DATA 	Keypress: z
546.4940 	INFO 	Keyboard events cleared
546.4933 	EXP 	noise_3: autoDraw = False
546.4933 	EXP 	surround_grating: autoDraw = False
546.4933 	EXP 	center_grating: autoDraw = False
546.4933 	EXP 	text_2: autoDraw = False
546.4933 	EXP 	surround_grating: ori = -15.0
546.4933 	EXP 	surround_grating: sf = array([2.5, 2.5])
546.4933 	EXP 	surround_grating: phase = array([0.03300817, 0.03300817])
546.4933 	EXP 	center_grating: ori = 2.0
546.4933 	EXP 	center_grating: sf = array([2.5, 2.5])
546.4933 	EXP 	center_grating: phase = array([0.89057384, 0.89057384])
546.9755 	EXP 	noise_3: autoDraw = True
546.9755 	EXP 	surround_grating: autoDraw = True
546.9755 	EXP 	center_grating: autoDraw = True
547.0478 	EXP 	noise_3: autoDraw = False
547.0478 	EXP 	surround_grating: autoDraw = False
547.0478 	EXP 	center_grating: autoDraw = False
547.3952 	EXP 	New trial (rep=0, index=230): <Trial 230 (230 in rep 0) data={'center': 2, 'surround': -15.0, 'type': 'c+2', 'surr_type': 'negs', 'orient_opacity': 100, 'noise_opacity': 0, 'isi': 1.25, 'thisN': 230, 'thisTrialN': 230, 'thisRepN': 0}>
547.4010 	DATA 	Keypress: period
547.4069 	INFO 	Keyboard events cleared
547.4065 	EXP 	noise_3: autoDraw = False
547.4065 	EXP 	surround_grating: autoDraw = False
547.4065 	EXP 	center_grating: autoDraw = False
547.4065 	EXP 	text_2: autoDraw = False
547.4065 	EXP 	surround_grating: ori = -15.0
547.4065 	EXP 	surround_grating: sf = array([2.5, 2.5])
547.4065 	EXP 	surround_grating: phase = array([0.95351013, 0.95351013])
547.4065 	EXP 	center_grating: ori = 2.0
547.4065 	EXP 	center_grating: sf = array([2.5, 2.5])
547.4065 	EXP 	center_grating: phase = array([0.92339364, 0.92339364])
548.6421 	EXP 	noise_3: autoDraw = True
548.6421 	EXP 	surround_grating: autoDraw = True
548.6421 	EXP 	center_grating: autoDraw = True
548.7142 	EXP 	noise_3: autoDraw = False
548.7142 	EXP 	surround_grating: autoDraw = False
548.7142 	EXP 	center_grating: autoDraw = False
549.1793 	EXP 	New trial (rep=0, index=231): <Trial 231 (231 in rep 0) data={'center': -2, 'surround': -15.0, 'type': 'c-2', 'surr_type': 'negs', 'orient_opacity': 100, 'noise_opacity': 0, 'isi': 0.75, 'thisN': 231, 'thisTrialN': 231, 'thisRepN': 0}>
549.1849 	DATA 	Keypress: period
549.1908 	INFO 	Keyboard events cleared
549.1903 	EXP 	noise_3: autoDraw = False
549.1903 	EXP 	surround_grating: autoDraw = False
549.1903 	EXP 	center_grating: autoDraw = False
549.1903 	EXP 	text_2: autoDraw = False
549.1903 	EXP 	surround_grating: ori = -15.0
549.1903 	EXP 	surround_grating: sf = array([2.5, 2.5])
549.1903 	EXP 	surround_grating: phase = array([0.23698598, 0.23698598])
549.1903 	EXP 	center_grating: ori = -2.0
549.1903 	EXP 	center_grating: sf = array([2.5, 2.5])
549.1903 	EXP 	center_grating: phase = array([0.19251138, 0.19251138])
549.9245 	EXP 	noise_3: autoDraw = True
549.9245 	EXP 	surround_grating: autoDraw = True
549.9245 	EXP 	center_grating: autoDraw = True
549.9973 	EXP 	noise_3: autoDraw = False
549.9973 	EXP 	surround_grating: autoDraw = False
549.9973 	EXP 	center_grating: autoDraw = False
550.5128 	EXP 	New trial (rep=0, index=232): <Trial 232 (232 in rep 0) data={'center': 2, 'surround': 15.0, 'type': 'c+2', 'surr_type': 'poss', 'orient_opacity': 100, 'noise_opacity': 0, 'isi': 1.25, 'thisN': 232, 'thisTrialN': 232, 'thisRepN': 0}>
550.5182 	DATA 	Keypress: period
550.5246 	INFO 	Keyboard events cleared
550.5241 	EXP 	noise_3: autoDraw = False
550.5241 	EXP 	surround_grating: autoDraw = False
550.5241 	EXP 	center_grating: autoDraw = False
550.5241 	EXP 	text_2: autoDraw = False
550.5241 	EXP 	surround_grating: ori = 15.0
550.5241 	EXP 	surround_grating: sf = array([2.5, 2.5])
550.5241 	EXP 	surround_grating: phase = array([0.80552916, 0.80552916])
550.5241 	EXP 	center_grating: ori = 2.0
550.5241 	EXP 	center_grating: sf = array([2.5, 2.5])
550.5241 	EXP 	center_grating: phase = array([0.92121627, 0.92121627])
551.7590 	EXP 	noise_3: autoDraw = True
551.7590 	EXP 	surround_grating: autoDraw = True
551.7590 	EXP 	center_grating: autoDraw = True
551.8322 	EXP 	noise_3: autoDraw = False
551.8322 	EXP 	surround_grating: autoDraw = False
551.8322 	EXP 	center_grating: autoDraw = False
553.6293 	EXP 	New trial (rep=0, index=233): <Trial 233 (233 in rep 0) data={'center': -6, 'surround': -15.0, 'type': 'c-6', 'surr_type': 'negs', 'orient_opacity': 100, 'noise_opacity': 0, 'isi': 0.75, 'thisN': 233, 'thisTrialN': 233, 'thisRepN': 0}>
553.6349 	DATA 	Keypress: z
553.6413 	INFO 	Keyboard events cleared
553.6408 	EXP 	noise_3: autoDraw = False
553.6408 	EXP 	surround_grating: autoDraw = False
553.6408 	EXP 	center_grating: autoDraw = False
553.6408 	EXP 	text_2: autoDraw = False
553.6408 	EXP 	surround_grating: ori = -15.0
553.6408 	EXP 	surround_grating: sf = array([2.5, 2.5])
553.6408 	EXP 	surround_grating: phase = array([0.21844578, 0.21844578])
553.6408 	EXP 	center_grating: ori = -6.0
553.6408 	EXP 	center_grating: sf = array([2.5, 2.5])
553.6408 	EXP 	center_grating: phase = array([0.52167629, 0.52167629])
554.3757 	EXP 	noise_3: autoDraw = True
554.3757 	EXP 	surround_grating: autoDraw = True
554.3757 	EXP 	center_grating: autoDraw = True
554.4475 	EXP 	noise_3: autoDraw = False
554.4475 	EXP 	surround_grating: autoDraw = False
554.4475 	EXP 	center_grating: autoDraw = False
554.8960 	EXP 	New trial (rep=0, index=234): <Trial 234 (234 in rep 0) data={'center': -2, 'surround': 15.0, 'type': 'c-2', 'surr_type': 'poss', 'orient_opacity': 100, 'noise_opacity': 0, 'isi': 0.5, 'thisN': 234, 'thisTrialN': 234, 'thisRepN': 0}>
554.9023 	DATA 	Keypress: z
554.9082 	INFO 	Keyboard events cleared
554.9077 	EXP 	noise_3: autoDraw = False
554.9077 	EXP 	surround_grating: autoDraw = False
554.9077 	EXP 	center_grating: autoDraw = False
554.9077 	EXP 	text_2: autoDraw = False
554.9077 	EXP 	surround_grating: ori = 15.0
554.9077 	EXP 	surround_grating: sf = array([2.5, 2.5])
554.9077 	EXP 	surround_grating: phase = array([0.81256669, 0.81256669])
554.9077 	EXP 	center_grating: ori = -2.0
554.9077 	EXP 	center_grating: sf = array([2.5, 2.5])
554.9077 	EXP 	center_grating: phase = array([0.25211257, 0.25211257])
555.3924 	EXP 	noise_3: autoDraw = True
555.3924 	EXP 	surround_grating: autoDraw = True
555.3924 	EXP 	center_grating: autoDraw = True
555.4643 	EXP 	noise_3: autoDraw = False
555.4643 	EXP 	surround_grating: autoDraw = False
555.4643 	EXP 	center_grating: autoDraw = False
555.8681 	EXP 	New trial (rep=0, index=235): <Trial 235 (235 in rep 0) data={'center': -4, 'surround': -15.0, 'type': 'c-4', 'surr_type': 'negs', 'orient_opacity': 100, 'noise_opacity': 0, 'isi': 1.0, 'thisN': 235, 'thisTrialN': 235, 'thisRepN': 0}>
555.8735 	DATA 	Keypress: z
555.8794 	INFO 	Keyboard events cleared
555.8788 	EXP 	noise_3: autoDraw = False
555.8788 	EXP 	surround_grating: autoDraw = False
555.8788 	EXP 	center_grating: autoDraw = False
555.8788 	EXP 	text_2: autoDraw = False
555.8788 	EXP 	surround_grating: ori = -15.0
555.8788 	EXP 	surround_grating: sf = array([2.5, 2.5])
555.8788 	EXP 	surround_grating: phase = array([0.21295717, 0.21295717])
555.8788 	EXP 	center_grating: ori = -4.0
555.8788 	EXP 	center_grating: sf = array([2.5, 2.5])
555.8788 	EXP 	center_grating: phase = array([0.04781479, 0.04781479])
556.8689 	EXP 	noise_3: autoDraw = True
556.8689 	EXP 	surround_grating: autoDraw = True
556.8689 	EXP 	center_grating: autoDraw = True
556.9430 	EXP 	noise_3: autoDraw = False
556.9430 	EXP 	surround_grating: autoDraw = False
556.9430 	EXP 	center_grating: autoDraw = False
557.3118 	EXP 	New trial (rep=0, index=236): <Trial 236 (236 in rep 0) data={'center': 8, 'surround': 15.0, 'type': 'c+8', 'surr_type': 'poss', 'orient_opacity': 100, 'noise_opacity': 0, 'isi': 0.75, 'thisN': 236, 'thisTrialN': 236, 'thisRepN': 0}>
557.3168 	DATA 	Keypress: z
557.3227 	INFO 	Keyboard events cleared
557.3222 	EXP 	noise_3: autoDraw = False
557.3222 	EXP 	surround_grating: autoDraw = False
557.3222 	EXP 	center_grating: autoDraw = False
557.3222 	EXP 	text_2: autoDraw = False
557.3222 	EXP 	surround_grating: ori = 15.0
557.3222 	EXP 	surround_grating: sf = array([2.5, 2.5])
557.3222 	EXP 	surround_grating: phase = array([0.13411231, 0.13411231])
557.3222 	EXP 	center_grating: ori = 8.0
557.3222 	EXP 	center_grating: sf = array([2.5, 2.5])
557.3222 	EXP 	center_grating: phase = array([0.68239442, 0.68239442])
558.0592 	EXP 	noise_3: autoDraw = True
558.0592 	EXP 	surround_grating: autoDraw = True
558.0592 	EXP 	center_grating: autoDraw = True
558.1314 	EXP 	noise_3: autoDraw = False
558.1314 	EXP 	surround_grating: autoDraw = False
558.1314 	EXP 	center_grating: autoDraw = False
558.5289 	EXP 	New trial (rep=0, index=237): <Trial 237 (237 in rep 0) data={'center': -4, 'surround': -15.0, 'type': 'c-4', 'surr_type': 'negs', 'orient_opacity': 100, 'noise_opacity': 0, 'isi': 1.0, 'thisN': 237, 'thisTrialN': 237, 'thisRepN': 0}>
558.5343 	DATA 	Keypress: period
558.5402 	INFO 	Keyboard events cleared
558.5397 	EXP 	noise_3: autoDraw = False
558.5397 	EXP 	surround_grating: autoDraw = False
558.5397 	EXP 	center_grating: autoDraw = False
558.5397 	EXP 	text_2: autoDraw = False
558.5397 	EXP 	surround_grating: ori = -15.0
558.5397 	EXP 	surround_grating: sf = array([2.5, 2.5])
558.5397 	EXP 	surround_grating: phase = array([0.79326177, 0.79326177])
558.5397 	EXP 	center_grating: ori = -4.0
558.5397 	EXP 	center_grating: sf = array([2.5, 2.5])
558.5397 	EXP 	center_grating: phase = array([0.3055982, 0.3055982])
559.5258 	EXP 	noise_3: autoDraw = True
559.5258 	EXP 	surround_grating: autoDraw = True
559.5258 	EXP 	center_grating: autoDraw = True
559.5978 	EXP 	noise_3: autoDraw = False
559.5978 	EXP 	surround_grating: autoDraw = False
559.5978 	EXP 	center_grating: autoDraw = False
560.0385 	DATA 	Keypress: z
560.0459 	EXP 	New trial (rep=0, index=238): <Trial 238 (238 in rep 0) data={'center': -2, 'surround': 15.0, 'type': 'c-2', 'surr_type': 'poss', 'orient_opacity': 100, 'noise_opacity': 0, 'isi': 0.75, 'thisN': 238, 'thisTrialN': 238, 'thisRepN': 0}>
560.0603 	INFO 	Keyboard events cleared
560.0598 	EXP 	noise_3: autoDraw = False
560.0598 	EXP 	surround_grating: autoDraw = False
560.0598 	EXP 	center_grating: autoDraw = False
560.0598 	EXP 	text_2: autoDraw = False
560.0598 	EXP 	surround_grating: ori = 15.0
560.0598 	EXP 	surround_grating: sf = array([2.5, 2.5])
560.0598 	EXP 	surround_grating: phase = array([0.20941918, 0.20941918])
560.0598 	EXP 	center_grating: ori = -2.0
560.0598 	EXP 	center_grating: sf = array([2.5, 2.5])
560.0598 	EXP 	center_grating: phase = array([0.44118268, 0.44118268])
560.7926 	EXP 	noise_3: autoDraw = True
560.7926 	EXP 	surround_grating: autoDraw = True
560.7926 	EXP 	center_grating: autoDraw = True
560.8649 	EXP 	noise_3: autoDraw = False
560.8649 	EXP 	surround_grating: autoDraw = False
560.8649 	EXP 	center_grating: autoDraw = False
561.4345 	EXP 	New trial (rep=0, index=239): <Trial 239 (239 in rep 0) data={'center': 2, 'surround': 0.0, 'type': 'c+2', 'surr_type': 'noss', 'orient_opacity': 0, 'noise_opacity': 100, 'isi': 0.75, 'thisN': 239, 'thisTrialN': 239, 'thisRepN': 0}>
561.4397 	DATA 	Keypress: z
561.4459 	INFO 	Keyboard events cleared
561.4454 	EXP 	noise_3: autoDraw = False
561.4454 	EXP 	surround_grating: autoDraw = False
561.4454 	EXP 	center_grating: autoDraw = False
561.4454 	EXP 	text_2: autoDraw = False
561.4454 	EXP 	surround_grating: ori = 0.0
561.4454 	EXP 	surround_grating: sf = array([2.5, 2.5])
561.4454 	EXP 	surround_grating: phase = array([0.78073109, 0.78073109])
561.4454 	EXP 	center_grating: ori = 2.0
561.4454 	EXP 	center_grating: sf = array([2.5, 2.5])
561.4454 	EXP 	center_grating: phase = array([0.05059231, 0.05059231])
562.1852 	EXP 	noise_3: autoDraw = True
562.1852 	EXP 	surround_grating: autoDraw = True
562.1852 	EXP 	center_grating: autoDraw = True
562.2599 	EXP 	noise_3: autoDraw = False
562.2599 	EXP 	surround_grating: autoDraw = False
562.2599 	EXP 	center_grating: autoDraw = False
562.7458 	EXP 	New trial (rep=0, index=240): <Trial 240 (240 in rep 0) data={'center': -2, 'surround': 0.0, 'type': 'c-2', 'surr_type': 'noss', 'orient_opacity': 0, 'noise_opacity': 100, 'isi': 0.5, 'thisN': 240, 'thisTrialN': 240, 'thisRepN': 0}>
562.7508 	DATA 	Keypress: period
562.7568 	INFO 	Keyboard events cleared
562.7562 	EXP 	noise_3: autoDraw = False
562.7562 	EXP 	surround_grating: autoDraw = False
562.7562 	EXP 	center_grating: autoDraw = False
562.7562 	EXP 	text_2: autoDraw = False
562.7562 	EXP 	surround_grating: ori = 0.0
562.7562 	EXP 	surround_grating: sf = array([2.5, 2.5])
562.7562 	EXP 	surround_grating: phase = array([0.73237513, 0.73237513])
562.7562 	EXP 	center_grating: ori = -2.0
562.7562 	EXP 	center_grating: sf = array([2.5, 2.5])
562.7562 	EXP 	center_grating: phase = array([0.9633594, 0.9633594])
563.2427 	EXP 	noise_3: autoDraw = True
563.2427 	EXP 	surround_grating: autoDraw = True
563.2427 	EXP 	center_grating: autoDraw = True
563.3147 	EXP 	noise_3: autoDraw = False
563.3147 	EXP 	surround_grating: autoDraw = False
563.3147 	EXP 	center_grating: autoDraw = False
563.8294 	EXP 	New trial (rep=0, index=241): <Trial 241 (241 in rep 0) data={'center': -8, 'surround': -15.0, 'type': 'c-8', 'surr_type': 'negs', 'orient_opacity': 100, 'noise_opacity': 0, 'isi': 0.5, 'thisN': 241, 'thisTrialN': 241, 'thisRepN': 0}>
563.8346 	DATA 	Keypress: z
563.8404 	INFO 	Keyboard events cleared
563.8399 	EXP 	noise_3: autoDraw = False
563.8399 	EXP 	surround_grating: autoDraw = False
563.8399 	EXP 	center_grating: autoDraw = False
563.8399 	EXP 	text_2: autoDraw = False
563.8399 	EXP 	surround_grating: ori = -15.0
563.8399 	EXP 	surround_grating: sf = array([2.5, 2.5])
563.8399 	EXP 	surround_grating: phase = array([0.75752299, 0.75752299])
563.8399 	EXP 	center_grating: ori = -8.0
563.8399 	EXP 	center_grating: sf = array([2.5, 2.5])
563.8399 	EXP 	center_grating: phase = array([0.07785355, 0.07785355])
564.3261 	EXP 	noise_3: autoDraw = True
564.3261 	EXP 	surround_grating: autoDraw = True
564.3261 	EXP 	center_grating: autoDraw = True
564.3985 	EXP 	noise_3: autoDraw = False
564.3985 	EXP 	surround_grating: autoDraw = False
564.3985 	EXP 	center_grating: autoDraw = False
564.8133 	EXP 	New trial (rep=0, index=242): <Trial 242 (242 in rep 0) data={'center': -2, 'surround': 15.0, 'type': 'c-2', 'surr_type': 'poss', 'orient_opacity': 100, 'noise_opacity': 0, 'isi': 0.5, 'thisN': 242, 'thisTrialN': 242, 'thisRepN': 0}>
564.8186 	DATA 	Keypress: z
564.8245 	INFO 	Keyboard events cleared
564.8241 	EXP 	noise_3: autoDraw = False
564.8241 	EXP 	surround_grating: autoDraw = False
564.8241 	EXP 	center_grating: autoDraw = False
564.8241 	EXP 	text_2: autoDraw = False
564.8241 	EXP 	surround_grating: ori = 15.0
564.8241 	EXP 	surround_grating: sf = array([2.5, 2.5])
564.8241 	EXP 	surround_grating: phase = array([0.9857052, 0.9857052])
564.8241 	EXP 	center_grating: ori = -2.0
564.8241 	EXP 	center_grating: sf = array([2.5, 2.5])
564.8241 	EXP 	center_grating: phase = array([0.12901626, 0.12901626])
565.3095 	EXP 	noise_3: autoDraw = True
565.3095 	EXP 	surround_grating: autoDraw = True
565.3095 	EXP 	center_grating: autoDraw = True
565.3817 	EXP 	noise_3: autoDraw = False
565.3817 	EXP 	surround_grating: autoDraw = False
565.3817 	EXP 	center_grating: autoDraw = False
565.8129 	EXP 	New trial (rep=0, index=243): <Trial 243 (243 in rep 0) data={'center': -8, 'surround': -15.0, 'type': 'c-8', 'surr_type': 'negs', 'orient_opacity': 100, 'noise_opacity': 0, 'isi': 0.5, 'thisN': 243, 'thisTrialN': 243, 'thisRepN': 0}>
565.8183 	DATA 	Keypress: z
565.8244 	INFO 	Keyboard events cleared
565.8238 	EXP 	noise_3: autoDraw = False
565.8238 	EXP 	surround_grating: autoDraw = False
565.8238 	EXP 	center_grating: autoDraw = False
565.8238 	EXP 	text_2: autoDraw = False
565.8238 	EXP 	surround_grating: ori = -15.0
565.8238 	EXP 	surround_grating: sf = array([2.5, 2.5])
565.8238 	EXP 	surround_grating: phase = array([0.6210928, 0.6210928])
565.8238 	EXP 	center_grating: ori = -8.0
565.8238 	EXP 	center_grating: sf = array([2.5, 2.5])
565.8238 	EXP 	center_grating: phase = array([0.36837317, 0.36837317])
566.3095 	EXP 	noise_3: autoDraw = True
566.3095 	EXP 	surround_grating: autoDraw = True
566.3095 	EXP 	center_grating: autoDraw = True
566.3827 	EXP 	noise_3: autoDraw = False
566.3827 	EXP 	surround_grating: autoDraw = False
566.3827 	EXP 	center_grating: autoDraw = False
566.6797 	EXP 	New trial (rep=0, index=244): <Trial 244 (244 in rep 0) data={'center': -4, 'surround': 0.0, 'type': 'c-4', 'surr_type': 'noss', 'orient_opacity': 0, 'noise_opacity': 100, 'isi': 1.25, 'thisN': 244, 'thisTrialN': 244, 'thisRepN': 0}>
566.6854 	DATA 	Keypress: z
566.6915 	INFO 	Keyboard events cleared
566.6910 	EXP 	noise_3: autoDraw = False
566.6910 	EXP 	surround_grating: autoDraw = False
566.6910 	EXP 	center_grating: autoDraw = False
566.6910 	EXP 	text_2: autoDraw = False
566.6910 	EXP 	surround_grating: ori = 0.0
566.6910 	EXP 	surround_grating: sf = array([2.5, 2.5])
566.6910 	EXP 	surround_grating: phase = array([0.43961724, 0.43961724])
566.6910 	EXP 	center_grating: ori = -4.0
566.6910 	EXP 	center_grating: sf = array([2.5, 2.5])
566.6910 	EXP 	center_grating: phase = array([0.89298181, 0.89298181])
567.9261 	EXP 	noise_3: autoDraw = True
567.9261 	EXP 	surround_grating: autoDraw = True
567.9261 	EXP 	center_grating: autoDraw = True
567.9984 	EXP 	noise_3: autoDraw = False
567.9984 	EXP 	surround_grating: autoDraw = False
567.9984 	EXP 	center_grating: autoDraw = False
568.3626 	EXP 	New trial (rep=0, index=245): <Trial 245 (245 in rep 0) data={'center': 4, 'surround': 15.0, 'type': 'c+4', 'surr_type': 'poss', 'orient_opacity': 100, 'noise_opacity': 0, 'isi': 1.0, 'thisN': 245, 'thisTrialN': 245, 'thisRepN': 0}>
568.3681 	DATA 	Keypress: z
568.3741 	INFO 	Keyboard events cleared
568.3736 	EXP 	noise_3: autoDraw = False
568.3736 	EXP 	surround_grating: autoDraw = False
568.3736 	EXP 	center_grating: autoDraw = False
568.3736 	EXP 	text_2: autoDraw = False
568.3736 	EXP 	surround_grating: ori = 15.0
568.3736 	EXP 	surround_grating: sf = array([2.5, 2.5])
568.3736 	EXP 	surround_grating: phase = array([0.14405849, 0.14405849])
568.3736 	EXP 	center_grating: ori = 4.0
568.3736 	EXP 	center_grating: sf = array([2.5, 2.5])
568.3736 	EXP 	center_grating: phase = array([0.95634556, 0.95634556])
569.3596 	EXP 	noise_3: autoDraw = True
569.3596 	EXP 	surround_grating: autoDraw = True
569.3596 	EXP 	center_grating: autoDraw = True
569.4315 	EXP 	noise_3: autoDraw = False
569.4315 	EXP 	surround_grating: autoDraw = False
569.4315 	EXP 	center_grating: autoDraw = False
569.7020 	EXP 	New trial (rep=0, index=246): <Trial 246 (246 in rep 0) data={'center': -2, 'surround': 0.0, 'type': 'c-2', 'surr_type': 'noss', 'orient_opacity': 0, 'noise_opacity': 100, 'isi': 1.0, 'thisN': 246, 'thisTrialN': 246, 'thisRepN': 0}>
569.7075 	DATA 	Keypress: z
569.7131 	INFO 	Keyboard events cleared
569.7126 	EXP 	noise_3: autoDraw = False
569.7126 	EXP 	surround_grating: autoDraw = False
569.7126 	EXP 	center_grating: autoDraw = False
569.7126 	EXP 	text_2: autoDraw = False
569.7126 	EXP 	surround_grating: ori = 0.0
569.7126 	EXP 	surround_grating: sf = array([2.5, 2.5])
569.7126 	EXP 	surround_grating: phase = array([0.37905349, 0.37905349])
569.7126 	EXP 	center_grating: ori = -2.0
569.7126 	EXP 	center_grating: sf = array([2.5, 2.5])
569.7126 	EXP 	center_grating: phase = array([0.50261332, 0.50261332])
570.7023 	EXP 	noise_3: autoDraw = True
570.7023 	EXP 	surround_grating: autoDraw = True
570.7023 	EXP 	center_grating: autoDraw = True
570.7769 	EXP 	noise_3: autoDraw = False
570.7769 	EXP 	surround_grating: autoDraw = False
570.7769 	EXP 	center_grating: autoDraw = False
571.2195 	EXP 	New trial (rep=0, index=247): <Trial 247 (247 in rep 0) data={'center': -4, 'surround': -15.0, 'type': 'c-4', 'surr_type': 'negs', 'orient_opacity': 100, 'noise_opacity': 0, 'isi': 1.0, 'thisN': 247, 'thisTrialN': 247, 'thisRepN': 0}>
571.2246 	DATA 	Keypress: z
571.2301 	INFO 	Keyboard events cleared
571.2296 	EXP 	noise_3: autoDraw = False
571.2296 	EXP 	surround_grating: autoDraw = False
571.2296 	EXP 	center_grating: autoDraw = False
571.2296 	EXP 	text_2: autoDraw = False
571.2296 	EXP 	surround_grating: ori = -15.0
571.2296 	EXP 	surround_grating: sf = array([2.5, 2.5])
571.2296 	EXP 	surround_grating: phase = array([0.75247287, 0.75247287])
571.2296 	EXP 	center_grating: ori = -4.0
571.2296 	EXP 	center_grating: sf = array([2.5, 2.5])
571.2296 	EXP 	center_grating: phase = array([0.02599186, 0.02599186])
572.2191 	EXP 	noise_3: autoDraw = True
572.2191 	EXP 	surround_grating: autoDraw = True
572.2191 	EXP 	center_grating: autoDraw = True
572.2936 	EXP 	noise_3: autoDraw = False
572.2936 	EXP 	surround_grating: autoDraw = False
572.2936 	EXP 	center_grating: autoDraw = False
572.6848 	EXP 	New trial (rep=0, index=248): <Trial 248 (248 in rep 0) data={'center': 8, 'surround': 15.0, 'type': 'c+8', 'surr_type': 'poss', 'orient_opacity': 100, 'noise_opacity': 0, 'isi': 1.25, 'thisN': 248, 'thisTrialN': 248, 'thisRepN': 0}>
572.6904 	DATA 	Keypress: z
572.6963 	INFO 	Keyboard events cleared
572.6957 	EXP 	noise_3: autoDraw = False
572.6957 	EXP 	surround_grating: autoDraw = False
572.6957 	EXP 	center_grating: autoDraw = False
572.6957 	EXP 	text_2: autoDraw = False
572.6957 	EXP 	surround_grating: ori = 15.0
572.6957 	EXP 	surround_grating: sf = array([2.5, 2.5])
572.6957 	EXP 	surround_grating: phase = array([0.26221266, 0.26221266])
572.6957 	EXP 	center_grating: ori = 8.0
572.6957 	EXP 	center_grating: sf = array([2.5, 2.5])
572.6957 	EXP 	center_grating: phase = array([0.12170803, 0.12170803])
573.9360 	EXP 	noise_3: autoDraw = True
573.9360 	EXP 	surround_grating: autoDraw = True
573.9360 	EXP 	center_grating: autoDraw = True
574.0103 	EXP 	noise_3: autoDraw = False
574.0103 	EXP 	surround_grating: autoDraw = False
574.0103 	EXP 	center_grating: autoDraw = False
574.5465 	EXP 	New trial (rep=0, index=249): <Trial 249 (249 in rep 0) data={'center': 2, 'surround': -15.0, 'type': 'c+2', 'surr_type': 'negs', 'orient_opacity': 100, 'noise_opacity': 0, 'isi': 1.25, 'thisN': 249, 'thisTrialN': 249, 'thisRepN': 0}>
574.5528 	DATA 	Keypress: period
574.5589 	INFO 	Keyboard events cleared
574.5585 	EXP 	noise_3: autoDraw = False
574.5585 	EXP 	surround_grating: autoDraw = False
574.5585 	EXP 	center_grating: autoDraw = False
574.5585 	EXP 	text_2: autoDraw = False
574.5585 	EXP 	surround_grating: ori = -15.0
574.5585 	EXP 	surround_grating: sf = array([2.5, 2.5])
574.5585 	EXP 	surround_grating: phase = array([0.82349886, 0.82349886])
574.5585 	EXP 	center_grating: ori = 2.0
574.5585 	EXP 	center_grating: sf = array([2.5, 2.5])
574.5585 	EXP 	center_grating: phase = array([0.63118947, 0.63118947])
575.7921 	EXP 	noise_3: autoDraw = True
575.7921 	EXP 	surround_grating: autoDraw = True
575.7921 	EXP 	center_grating: autoDraw = True
575.8654 	EXP 	noise_3: autoDraw = False
575.8654 	EXP 	surround_grating: autoDraw = False
575.8654 	EXP 	center_grating: autoDraw = False
576.3464 	EXP 	New trial (rep=0, index=250): <Trial 250 (250 in rep 0) data={'center': -8, 'surround': -15.0, 'type': 'c-8', 'surr_type': 'negs', 'orient_opacity': 100, 'noise_opacity': 0, 'isi': 0.5, 'thisN': 250, 'thisTrialN': 250, 'thisRepN': 0}>
576.3515 	DATA 	Keypress: period
576.3577 	INFO 	Keyboard events cleared
576.3572 	EXP 	noise_3: autoDraw = False
576.3572 	EXP 	surround_grating: autoDraw = False
576.3572 	EXP 	center_grating: autoDraw = False
576.3572 	EXP 	text_2: autoDraw = False
576.3572 	EXP 	surround_grating: ori = -15.0
576.3572 	EXP 	surround_grating: sf = array([2.5, 2.5])
576.3572 	EXP 	surround_grating: phase = array([0.8773567, 0.8773567])
576.3572 	EXP 	center_grating: ori = -8.0
576.3572 	EXP 	center_grating: sf = array([2.5, 2.5])
576.3572 	EXP 	center_grating: phase = array([0.67886233, 0.67886233])
576.8432 	EXP 	noise_3: autoDraw = True
576.8432 	EXP 	surround_grating: autoDraw = True
576.8432 	EXP 	center_grating: autoDraw = True
576.9151 	EXP 	noise_3: autoDraw = False
576.9151 	EXP 	surround_grating: autoDraw = False
576.9151 	EXP 	center_grating: autoDraw = False
577.5803 	EXP 	New trial (rep=0, index=251): <Trial 251 (251 in rep 0) data={'center': 4, 'surround': 15.0, 'type': 'c+4', 'surr_type': 'poss', 'orient_opacity': 100, 'noise_opacity': 0, 'isi': 1.25, 'thisN': 251, 'thisTrialN': 251, 'thisRepN': 0}>
577.5860 	DATA 	Keypress: z
577.5920 	INFO 	Keyboard events cleared
577.5913 	EXP 	noise_3: autoDraw = False
577.5913 	EXP 	surround_grating: autoDraw = False
577.5913 	EXP 	center_grating: autoDraw = False
577.5913 	EXP 	text_2: autoDraw = False
577.5913 	EXP 	surround_grating: ori = 15.0
577.5913 	EXP 	surround_grating: sf = array([2.5, 2.5])
577.5913 	EXP 	surround_grating: phase = array([0.31777172, 0.31777172])
577.5913 	EXP 	center_grating: ori = 4.0
577.5913 	EXP 	center_grating: sf = array([2.5, 2.5])
577.5913 	EXP 	center_grating: phase = array([0.90120462, 0.90120462])
578.8258 	EXP 	noise_3: autoDraw = True
578.8258 	EXP 	surround_grating: autoDraw = True
578.8258 	EXP 	center_grating: autoDraw = True
578.9002 	EXP 	noise_3: autoDraw = False
578.9002 	EXP 	surround_grating: autoDraw = False
578.9002 	EXP 	center_grating: autoDraw = False
579.3179 	EXP 	New trial (rep=0, index=252): <Trial 252 (252 in rep 0) data={'center': -2, 'surround': 15.0, 'type': 'c-2', 'surr_type': 'poss', 'orient_opacity': 100, 'noise_opacity': 0, 'isi': 1.25, 'thisN': 252, 'thisTrialN': 252, 'thisRepN': 0}>
579.3233 	DATA 	Keypress: period
579.3296 	INFO 	Keyboard events cleared
579.3291 	EXP 	noise_3: autoDraw = False
579.3291 	EXP 	surround_grating: autoDraw = False
579.3291 	EXP 	center_grating: autoDraw = False
579.3291 	EXP 	text_2: autoDraw = False
579.3291 	EXP 	surround_grating: ori = 15.0
579.3291 	EXP 	surround_grating: sf = array([2.5, 2.5])
579.3291 	EXP 	surround_grating: phase = array([0.24808478, 0.24808478])
579.3291 	EXP 	center_grating: ori = -2.0
579.3291 	EXP 	center_grating: sf = array([2.5, 2.5])
579.3291 	EXP 	center_grating: phase = array([0.06352651, 0.06352651])
580.5697 	EXP 	noise_3: autoDraw = True
580.5697 	EXP 	surround_grating: autoDraw = True
580.5697 	EXP 	center_grating: autoDraw = True
580.6439 	EXP 	noise_3: autoDraw = False
580.6439 	EXP 	surround_grating: autoDraw = False
580.6439 	EXP 	center_grating: autoDraw = False
581.1967 	EXP 	New trial (rep=0, index=253): <Trial 253 (253 in rep 0) data={'center': 0, 'surround': -15.0, 'type': 'c+0', 'surr_type': 'negs', 'orient_opacity': 100, 'noise_opacity': 0, 'isi': 0.5, 'thisN': 253, 'thisTrialN': 253, 'thisRepN': 0}>
581.2019 	DATA 	Keypress: z
581.2076 	INFO 	Keyboard events cleared
581.2072 	EXP 	noise_3: autoDraw = False
581.2072 	EXP 	surround_grating: autoDraw = False
581.2072 	EXP 	center_grating: autoDraw = False
581.2072 	EXP 	text_2: autoDraw = False
581.2072 	EXP 	surround_grating: ori = -15.0
581.2072 	EXP 	surround_grating: sf = array([2.5, 2.5])
581.2072 	EXP 	surround_grating: phase = array([0.52262915, 0.52262915])
581.2072 	EXP 	center_grating: ori = 0.0
581.2072 	EXP 	center_grating: sf = array([2.5, 2.5])
581.2072 	EXP 	center_grating: phase = array([0.42601128, 0.42601128])
581.6936 	EXP 	noise_3: autoDraw = True
581.6936 	EXP 	surround_grating: autoDraw = True
581.6936 	EXP 	center_grating: autoDraw = True
581.7670 	EXP 	noise_3: autoDraw = False
581.7670 	EXP 	surround_grating: autoDraw = False
581.7670 	EXP 	center_grating: autoDraw = False
582.2307 	EXP 	New trial (rep=0, index=254): <Trial 254 (254 in rep 0) data={'center': 8, 'surround': 15.0, 'type': 'c+8', 'surr_type': 'poss', 'orient_opacity': 100, 'noise_opacity': 0, 'isi': 0.5, 'thisN': 254, 'thisTrialN': 254, 'thisRepN': 0}>
582.2362 	DATA 	Keypress: period
582.2421 	INFO 	Keyboard events cleared
582.2417 	EXP 	noise_3: autoDraw = False
582.2417 	EXP 	surround_grating: autoDraw = False
582.2417 	EXP 	center_grating: autoDraw = False
582.2417 	EXP 	text_2: autoDraw = False
582.2417 	EXP 	surround_grating: ori = 15.0
582.2417 	EXP 	surround_grating: sf = array([2.5, 2.5])
582.2417 	EXP 	surround_grating: phase = array([0.56215791, 0.56215791])
582.2417 	EXP 	center_grating: ori = 8.0
582.2417 	EXP 	center_grating: sf = array([2.5, 2.5])
582.2417 	EXP 	center_grating: phase = array([0.90685257, 0.90685257])
582.7267 	EXP 	noise_3: autoDraw = True
582.7267 	EXP 	surround_grating: autoDraw = True
582.7267 	EXP 	center_grating: autoDraw = True
582.7997 	EXP 	noise_3: autoDraw = False
582.7997 	EXP 	surround_grating: autoDraw = False
582.7997 	EXP 	center_grating: autoDraw = False
583.2545 	DATA 	Keypress: period
583.2612 	EXP 	New trial (rep=0, index=255): <Trial 255 (255 in rep 0) data={'center': -4, 'surround': -15.0, 'type': 'c-4', 'surr_type': 'negs', 'orient_opacity': 100, 'noise_opacity': 0, 'isi': 0.75, 'thisN': 255, 'thisTrialN': 255, 'thisRepN': 0}>
583.2684 	INFO 	Keyboard events cleared
583.2681 	EXP 	noise_3: autoDraw = False
583.2681 	EXP 	surround_grating: autoDraw = False
583.2681 	EXP 	center_grating: autoDraw = False
583.2681 	EXP 	text_2: autoDraw = False
583.2681 	EXP 	surround_grating: ori = -15.0
583.2681 	EXP 	surround_grating: sf = array([2.5, 2.5])
583.2681 	EXP 	surround_grating: phase = array([0.79177444, 0.79177444])
583.2681 	EXP 	center_grating: ori = -4.0
583.2681 	EXP 	center_grating: sf = array([2.5, 2.5])
583.2681 	EXP 	center_grating: phase = array([0.59676535, 0.59676535])
584.0032 	EXP 	noise_3: autoDraw = True
584.0032 	EXP 	surround_grating: autoDraw = True
584.0032 	EXP 	center_grating: autoDraw = True
584.0761 	EXP 	noise_3: autoDraw = False
584.0761 	EXP 	surround_grating: autoDraw = False
584.0761 	EXP 	center_grating: autoDraw = False
584.9466 	EXP 	New trial (rep=0, index=256): <Trial 256 (256 in rep 0) data={'center': 6, 'surround': 15.0, 'type': 'c+6', 'surr_type': 'poss', 'orient_opacity': 100, 'noise_opacity': 0, 'isi': 1.0, 'thisN': 256, 'thisTrialN': 256, 'thisRepN': 0}>
584.9522 	DATA 	Keypress: z
584.9585 	INFO 	Keyboard events cleared
584.9581 	EXP 	noise_3: autoDraw = False
584.9581 	EXP 	surround_grating: autoDraw = False
584.9581 	EXP 	center_grating: autoDraw = False
584.9581 	EXP 	text_2: autoDraw = False
584.9581 	EXP 	surround_grating: ori = 15.0
584.9581 	EXP 	surround_grating: sf = array([2.5, 2.5])
584.9581 	EXP 	surround_grating: phase = array([0.15960738, 0.15960738])
584.9581 	EXP 	center_grating: ori = 6.0
584.9581 	EXP 	center_grating: sf = array([2.5, 2.5])
584.9581 	EXP 	center_grating: phase = array([0.35311165, 0.35311165])
585.9431 	EXP 	noise_3: autoDraw = True
585.9431 	EXP 	surround_grating: autoDraw = True
585.9431 	EXP 	center_grating: autoDraw = True
586.0158 	EXP 	noise_3: autoDraw = False
586.0158 	EXP 	surround_grating: autoDraw = False
586.0158 	EXP 	center_grating: autoDraw = False
586.3966 	EXP 	New trial (rep=0, index=257): <Trial 257 (257 in rep 0) data={'center': -6, 'surround': -15.0, 'type': 'c-6', 'surr_type': 'negs', 'orient_opacity': 100, 'noise_opacity': 0, 'isi': 0.5, 'thisN': 257, 'thisTrialN': 257, 'thisRepN': 0}>
586.4016 	DATA 	Keypress: period
586.4073 	INFO 	Keyboard events cleared
586.4066 	EXP 	noise_3: autoDraw = False
586.4066 	EXP 	surround_grating: autoDraw = False
586.4066 	EXP 	center_grating: autoDraw = False
586.4066 	EXP 	text_2: autoDraw = False
586.4066 	EXP 	surround_grating: ori = -15.0
586.4066 	EXP 	surround_grating: sf = array([2.5, 2.5])
586.4066 	EXP 	surround_grating: phase = array([0.82233314, 0.82233314])
586.4066 	EXP 	center_grating: ori = -6.0
586.4066 	EXP 	center_grating: sf = array([2.5, 2.5])
586.4066 	EXP 	center_grating: phase = array([0.6056842, 0.6056842])
586.8935 	EXP 	noise_3: autoDraw = True
586.8935 	EXP 	surround_grating: autoDraw = True
586.8935 	EXP 	center_grating: autoDraw = True
586.9657 	EXP 	noise_3: autoDraw = False
586.9657 	EXP 	surround_grating: autoDraw = False
586.9657 	EXP 	center_grating: autoDraw = False
588.1805 	EXP 	New trial (rep=0, index=258): <Trial 258 (258 in rep 0) data={'center': -2, 'surround': 0.0, 'type': 'c-2', 'surr_type': 'noss', 'orient_opacity': 0, 'noise_opacity': 100, 'isi': 1.0, 'thisN': 258, 'thisTrialN': 258, 'thisRepN': 0}>
588.1860 	DATA 	Keypress: z
588.1925 	INFO 	Keyboard events cleared
588.1919 	EXP 	noise_3: autoDraw = False
588.1919 	EXP 	surround_grating: autoDraw = False
588.1919 	EXP 	center_grating: autoDraw = False
588.1919 	EXP 	text_2: autoDraw = False
588.1919 	EXP 	surround_grating: ori = 0.0
588.1919 	EXP 	surround_grating: sf = array([2.5, 2.5])
588.1919 	EXP 	surround_grating: phase = array([0.13228093, 0.13228093])
588.1919 	EXP 	center_grating: ori = -2.0
588.1919 	EXP 	center_grating: sf = array([2.5, 2.5])
588.1919 	EXP 	center_grating: phase = array([0.69957427, 0.69957427])
589.1770 	EXP 	noise_3: autoDraw = True
589.1770 	EXP 	surround_grating: autoDraw = True
589.1770 	EXP 	center_grating: autoDraw = True
589.2492 	EXP 	noise_3: autoDraw = False
589.2492 	EXP 	surround_grating: autoDraw = False
589.2492 	EXP 	center_grating: autoDraw = False
589.8183 	DATA 	Keypress: z
589.8251 	EXP 	New trial (rep=0, index=259): <Trial 259 (259 in rep 0) data={'center': 0, 'surround': 15.0, 'type': 'c+0', 'surr_type': 'poss', 'orient_opacity': 100, 'noise_opacity': 0, 'isi': 1.25, 'thisN': 259, 'thisTrialN': 259, 'thisRepN': 0}>
589.8326 	INFO 	Keyboard events cleared
589.8322 	EXP 	noise_3: autoDraw = False
589.8322 	EXP 	surround_grating: autoDraw = False
589.8322 	EXP 	center_grating: autoDraw = False
589.8322 	EXP 	text_2: autoDraw = False
589.8322 	EXP 	surround_grating: ori = 15.0
589.8322 	EXP 	surround_grating: sf = array([2.5, 2.5])
589.8322 	EXP 	surround_grating: phase = array([0.09588282, 0.09588282])
589.8322 	EXP 	center_grating: ori = 0.0
589.8322 	EXP 	center_grating: sf = array([2.5, 2.5])
589.8322 	EXP 	center_grating: phase = array([0.22083399, 0.22083399])
591.0702 	EXP 	noise_3: autoDraw = True
591.0702 	EXP 	surround_grating: autoDraw = True
591.0702 	EXP 	center_grating: autoDraw = True
591.1442 	EXP 	noise_3: autoDraw = False
591.1442 	EXP 	surround_grating: autoDraw = False
591.1442 	EXP 	center_grating: autoDraw = False
591.6633 	EXP 	New trial (rep=0, index=260): <Trial 260 (260 in rep 0) data={'center': -4, 'surround': 0.0, 'type': 'c-4', 'surr_type': 'noss', 'orient_opacity': 0, 'noise_opacity': 100, 'isi': 0.5, 'thisN': 260, 'thisTrialN': 260, 'thisRepN': 0}>
591.6690 	DATA 	Keypress: z
591.6746 	INFO 	Keyboard events cleared
591.6740 	EXP 	noise_3: autoDraw = False
591.6740 	EXP 	surround_grating: autoDraw = False
591.6740 	EXP 	center_grating: autoDraw = False
591.6740 	EXP 	text_2: autoDraw = False
591.6740 	EXP 	surround_grating: ori = 0.0
591.6740 	EXP 	surround_grating: sf = array([2.5, 2.5])
591.6740 	EXP 	surround_grating: phase = array([0.41275268, 0.41275268])
591.6740 	EXP 	center_grating: ori = -4.0
591.6740 	EXP 	center_grating: sf = array([2.5, 2.5])
591.6740 	EXP 	center_grating: phase = array([0.21027416, 0.21027416])
592.1605 	EXP 	noise_3: autoDraw = True
592.1605 	EXP 	surround_grating: autoDraw = True
592.1605 	EXP 	center_grating: autoDraw = True
592.2331 	EXP 	noise_3: autoDraw = False
592.2331 	EXP 	surround_grating: autoDraw = False
592.2331 	EXP 	center_grating: autoDraw = False
592.6808 	EXP 	New trial (rep=0, index=261): <Trial 261 (261 in rep 0) data={'center': 4, 'surround': 15.0, 'type': 'c+4', 'surr_type': 'poss', 'orient_opacity': 100, 'noise_opacity': 0, 'isi': 0.5, 'thisN': 261, 'thisTrialN': 261, 'thisRepN': 0}>
592.6867 	DATA 	Keypress: z
592.6926 	INFO 	Keyboard events cleared
592.6921 	EXP 	noise_3: autoDraw = False
592.6921 	EXP 	surround_grating: autoDraw = False
592.6921 	EXP 	center_grating: autoDraw = False
592.6921 	EXP 	text_2: autoDraw = False
592.6921 	EXP 	surround_grating: ori = 15.0
592.6921 	EXP 	surround_grating: sf = array([2.5, 2.5])
592.6921 	EXP 	surround_grating: phase = array([0.72682231, 0.72682231])
592.6921 	EXP 	center_grating: ori = 4.0
592.6921 	EXP 	center_grating: sf = array([2.5, 2.5])
592.6921 	EXP 	center_grating: phase = array([0.53454205, 0.53454205])
593.1767 	EXP 	noise_3: autoDraw = True
593.1767 	EXP 	surround_grating: autoDraw = True
593.1767 	EXP 	center_grating: autoDraw = True
593.2501 	EXP 	noise_3: autoDraw = False
593.2501 	EXP 	surround_grating: autoDraw = False
593.2501 	EXP 	center_grating: autoDraw = False
593.7305 	EXP 	New trial (rep=0, index=262): <Trial 262 (262 in rep 0) data={'center': -2, 'surround': 15.0, 'type': 'c-2', 'surr_type': 'poss', 'orient_opacity': 100, 'noise_opacity': 0, 'isi': 0.75, 'thisN': 262, 'thisTrialN': 262, 'thisRepN': 0}>
593.7369 	DATA 	Keypress: period
593.7430 	INFO 	Keyboard events cleared
593.7424 	EXP 	noise_3: autoDraw = False
593.7424 	EXP 	surround_grating: autoDraw = False
593.7424 	EXP 	center_grating: autoDraw = False
593.7424 	EXP 	text_2: autoDraw = False
593.7424 	EXP 	surround_grating: ori = 15.0
593.7424 	EXP 	surround_grating: sf = array([2.5, 2.5])
593.7424 	EXP 	surround_grating: phase = array([0.81859149, 0.81859149])
593.7424 	EXP 	center_grating: ori = -2.0
593.7424 	EXP 	center_grating: sf = array([2.5, 2.5])
593.7424 	EXP 	center_grating: phase = array([0.22915963, 0.22915963])
594.4771 	EXP 	noise_3: autoDraw = True
594.4771 	EXP 	surround_grating: autoDraw = True
594.4771 	EXP 	center_grating: autoDraw = True
594.5500 	EXP 	noise_3: autoDraw = False
594.5500 	EXP 	surround_grating: autoDraw = False
594.5500 	EXP 	center_grating: autoDraw = False
595.0864 	EXP 	New trial (rep=0, index=263): <Trial 263 (263 in rep 0) data={'center': -4, 'surround': -15.0, 'type': 'c-4', 'surr_type': 'negs', 'orient_opacity': 100, 'noise_opacity': 0, 'isi': 0.75, 'thisN': 263, 'thisTrialN': 263, 'thisRepN': 0}>
595.0917 	DATA 	Keypress: z
595.0976 	INFO 	Keyboard events cleared
595.0970 	EXP 	noise_3: autoDraw = False
595.0970 	EXP 	surround_grating: autoDraw = False
595.0970 	EXP 	center_grating: autoDraw = False
595.0970 	EXP 	text_2: autoDraw = False
595.0970 	EXP 	surround_grating: ori = -15.0
595.0970 	EXP 	surround_grating: sf = array([2.5, 2.5])
595.0970 	EXP 	surround_grating: phase = array([0.49410487, 0.49410487])
595.0970 	EXP 	center_grating: ori = -4.0
595.0970 	EXP 	center_grating: sf = array([2.5, 2.5])
595.0970 	EXP 	center_grating: phase = array([0.47409443, 0.47409443])
595.8369 	EXP 	noise_3: autoDraw = True
595.8369 	EXP 	surround_grating: autoDraw = True
595.8369 	EXP 	center_grating: autoDraw = True
595.9110 	EXP 	noise_3: autoDraw = False
595.9110 	EXP 	surround_grating: autoDraw = False
595.9110 	EXP 	center_grating: autoDraw = False
596.3191 	EXP 	New trial (rep=0, index=264): <Trial 264 (264 in rep 0) data={'center': -8, 'surround': -15.0, 'type': 'c-8', 'surr_type': 'negs', 'orient_opacity': 100, 'noise_opacity': 0, 'isi': 0.75, 'thisN': 264, 'thisTrialN': 264, 'thisRepN': 0}>
596.3242 	DATA 	Keypress: z
596.3304 	INFO 	Keyboard events cleared
596.3299 	EXP 	noise_3: autoDraw = False
596.3299 	EXP 	surround_grating: autoDraw = False
596.3299 	EXP 	center_grating: autoDraw = False
596.3299 	EXP 	text_2: autoDraw = False
596.3299 	EXP 	surround_grating: ori = -15.0
596.3299 	EXP 	surround_grating: sf = array([2.5, 2.5])
596.3299 	EXP 	surround_grating: phase = array([0.94512791, 0.94512791])
596.3299 	EXP 	center_grating: ori = -8.0
596.3299 	EXP 	center_grating: sf = array([2.5, 2.5])
596.3299 	EXP 	center_grating: phase = array([0.36476049, 0.36476049])
597.0703 	EXP 	noise_3: autoDraw = True
597.0703 	EXP 	surround_grating: autoDraw = True
597.0703 	EXP 	center_grating: autoDraw = True
597.1447 	EXP 	noise_3: autoDraw = False
597.1447 	EXP 	surround_grating: autoDraw = False
597.1447 	EXP 	center_grating: autoDraw = False
597.4974 	EXP 	New trial (rep=0, index=265): <Trial 265 (265 in rep 0) data={'center': 4, 'surround': 0.0, 'type': 'c+4', 'surr_type': 'noss', 'orient_opacity': 0, 'noise_opacity': 100, 'isi': 0.75, 'thisN': 265, 'thisTrialN': 265, 'thisRepN': 0}>
597.5031 	DATA 	Keypress: z
597.5089 	INFO 	Keyboard events cleared
597.5084 	EXP 	noise_3: autoDraw = False
597.5084 	EXP 	surround_grating: autoDraw = False
597.5084 	EXP 	center_grating: autoDraw = False
597.5084 	EXP 	text_2: autoDraw = False
597.5084 	EXP 	surround_grating: ori = 0.0
597.5084 	EXP 	surround_grating: sf = array([2.5, 2.5])
597.5084 	EXP 	surround_grating: phase = array([0.19675345, 0.19675345])
597.5084 	EXP 	center_grating: ori = 4.0
597.5084 	EXP 	center_grating: sf = array([2.5, 2.5])
597.5084 	EXP 	center_grating: phase = array([0.96858627, 0.96858627])
598.2435 	EXP 	noise_3: autoDraw = True
598.2435 	EXP 	surround_grating: autoDraw = True
598.2435 	EXP 	center_grating: autoDraw = True
598.3170 	EXP 	noise_3: autoDraw = False
598.3170 	EXP 	surround_grating: autoDraw = False
598.3170 	EXP 	center_grating: autoDraw = False
598.7149 	EXP 	New trial (rep=0, index=266): <Trial 266 (266 in rep 0) data={'center': 0, 'surround': -15.0, 'type': 'c+0', 'surr_type': 'negs', 'orient_opacity': 100, 'noise_opacity': 0, 'isi': 0.5, 'thisN': 266, 'thisTrialN': 266, 'thisRepN': 0}>
598.7203 	DATA 	Keypress: period
598.7262 	INFO 	Keyboard events cleared
598.7258 	EXP 	noise_3: autoDraw = False
598.7258 	EXP 	surround_grating: autoDraw = False
598.7258 	EXP 	center_grating: autoDraw = False
598.7258 	EXP 	text_2: autoDraw = False
598.7258 	EXP 	surround_grating: ori = -15.0
598.7258 	EXP 	surround_grating: sf = array([2.5, 2.5])
598.7258 	EXP 	surround_grating: phase = array([0.35888853, 0.35888853])
598.7258 	EXP 	center_grating: ori = 0.0
598.7258 	EXP 	center_grating: sf = array([2.5, 2.5])
598.7258 	EXP 	center_grating: phase = array([0.80655706, 0.80655706])
599.2106 	EXP 	noise_3: autoDraw = True
599.2106 	EXP 	surround_grating: autoDraw = True
599.2106 	EXP 	center_grating: autoDraw = True
599.2828 	EXP 	noise_3: autoDraw = False
599.2828 	EXP 	surround_grating: autoDraw = False
599.2828 	EXP 	center_grating: autoDraw = False
599.8972 	EXP 	New trial (rep=0, index=267): <Trial 267 (267 in rep 0) data={'center': -2, 'surround': 15.0, 'type': 'c-2', 'surr_type': 'poss', 'orient_opacity': 100, 'noise_opacity': 0, 'isi': 1.25, 'thisN': 267, 'thisTrialN': 267, 'thisRepN': 0}>
599.9028 	DATA 	Keypress: period
599.9084 	INFO 	Keyboard events cleared
599.9079 	EXP 	noise_3: autoDraw = False
599.9079 	EXP 	surround_grating: autoDraw = False
599.9079 	EXP 	center_grating: autoDraw = False
599.9079 	EXP 	text_2: autoDraw = False
599.9079 	EXP 	surround_grating: ori = 15.0
599.9079 	EXP 	surround_grating: sf = array([2.5, 2.5])
599.9079 	EXP 	surround_grating: phase = array([0.97601495, 0.97601495])
599.9079 	EXP 	center_grating: ori = -2.0
599.9079 	EXP 	center_grating: sf = array([2.5, 2.5])
599.9079 	EXP 	center_grating: phase = array([0.81694168, 0.81694168])
601.1441 	EXP 	noise_3: autoDraw = True
601.1441 	EXP 	surround_grating: autoDraw = True
601.1441 	EXP 	center_grating: autoDraw = True
601.2167 	EXP 	noise_3: autoDraw = False
601.2167 	EXP 	surround_grating: autoDraw = False
601.2167 	EXP 	center_grating: autoDraw = False
601.7032 	EXP 	New trial (rep=0, index=268): <Trial 268 (268 in rep 0) data={'center': 0, 'surround': 0.0, 'type': 'c+0', 'surr_type': 'noss', 'orient_opacity': 0, 'noise_opacity': 100, 'isi': 0.5, 'thisN': 268, 'thisTrialN': 268, 'thisRepN': 0}>
601.7085 	DATA 	Keypress: z
601.7144 	INFO 	Keyboard events cleared
601.7139 	EXP 	noise_3: autoDraw = False
601.7139 	EXP 	surround_grating: autoDraw = False
601.7139 	EXP 	center_grating: autoDraw = False
601.7139 	EXP 	text_2: autoDraw = False
601.7139 	EXP 	surround_grating: ori = 0.0
601.7139 	EXP 	surround_grating: sf = array([2.5, 2.5])
601.7139 	EXP 	surround_grating: phase = array([0.29182072, 0.29182072])
601.7139 	EXP 	center_grating: ori = 0.0
601.7139 	EXP 	center_grating: sf = array([2.5, 2.5])
601.7139 	EXP 	center_grating: phase = array([0.0480027, 0.0480027])
602.2043 	EXP 	noise_3: autoDraw = True
602.2043 	EXP 	surround_grating: autoDraw = True
602.2043 	EXP 	center_grating: autoDraw = True
602.2779 	EXP 	noise_3: autoDraw = False
602.2779 	EXP 	surround_grating: autoDraw = False
602.2779 	EXP 	center_grating: autoDraw = False
602.9307 	EXP 	New trial (rep=0, index=269): <Trial 269 (269 in rep 0) data={'center': 4, 'surround': 0.0, 'type': 'c+4', 'surr_type': 'noss', 'orient_opacity': 0, 'noise_opacity': 100, 'isi': 0.5, 'thisN': 269, 'thisTrialN': 269, 'thisRepN': 0}>
602.9359 	DATA 	Keypress: z
602.9421 	INFO 	Keyboard events cleared
602.9415 	EXP 	noise_3: autoDraw = False
602.9415 	EXP 	surround_grating: autoDraw = False
602.9415 	EXP 	center_grating: autoDraw = False
602.9415 	EXP 	text_2: autoDraw = False
602.9415 	EXP 	surround_grating: ori = 0.0
602.9415 	EXP 	surround_grating: sf = array([2.5, 2.5])
602.9415 	EXP 	surround_grating: phase = array([0.23477586, 0.23477586])
602.9415 	EXP 	center_grating: ori = 4.0
602.9415 	EXP 	center_grating: sf = array([2.5, 2.5])
602.9415 	EXP 	center_grating: phase = array([0.55198336, 0.55198336])
603.4275 	EXP 	noise_3: autoDraw = True
603.4275 	EXP 	surround_grating: autoDraw = True
603.4275 	EXP 	center_grating: autoDraw = True
603.4994 	EXP 	noise_3: autoDraw = False
603.4994 	EXP 	surround_grating: autoDraw = False
603.4994 	EXP 	center_grating: autoDraw = False
603.9300 	EXP 	New trial (rep=0, index=270): <Trial 270 (270 in rep 0) data={'center': 4, 'surround': 15.0, 'type': 'c+4', 'surr_type': 'poss', 'orient_opacity': 100, 'noise_opacity': 0, 'isi': 0.75, 'thisN': 270, 'thisTrialN': 270, 'thisRepN': 0}>
603.9349 	DATA 	Keypress: period
603.9413 	INFO 	Keyboard events cleared
603.9406 	EXP 	noise_3: autoDraw = False
603.9406 	EXP 	surround_grating: autoDraw = False
603.9406 	EXP 	center_grating: autoDraw = False
603.9406 	EXP 	text_2: autoDraw = False
603.9406 	EXP 	surround_grating: ori = 15.0
603.9406 	EXP 	surround_grating: sf = array([2.5, 2.5])
603.9406 	EXP 	surround_grating: phase = array([0.13117506, 0.13117506])
603.9406 	EXP 	center_grating: ori = 4.0
603.9406 	EXP 	center_grating: sf = array([2.5, 2.5])
603.9406 	EXP 	center_grating: phase = array([0.10872321, 0.10872321])
604.6776 	EXP 	noise_3: autoDraw = True
604.6776 	EXP 	surround_grating: autoDraw = True
604.6776 	EXP 	center_grating: autoDraw = True
604.7501 	EXP 	noise_3: autoDraw = False
604.7501 	EXP 	surround_grating: autoDraw = False
604.7501 	EXP 	center_grating: autoDraw = False
605.2653 	EXP 	New trial (rep=0, index=271): <Trial 271 (271 in rep 0) data={'center': 0, 'surround': 0.0, 'type': 'c+0', 'surr_type': 'noss', 'orient_opacity': 0, 'noise_opacity': 100, 'isi': 0.5, 'thisN': 271, 'thisTrialN': 271, 'thisRepN': 0}>
605.2706 	DATA 	Keypress: period
605.2766 	INFO 	Keyboard events cleared
605.2761 	EXP 	noise_3: autoDraw = False
605.2761 	EXP 	surround_grating: autoDraw = False
605.2761 	EXP 	center_grating: autoDraw = False
605.2761 	EXP 	text_2: autoDraw = False
605.2761 	EXP 	surround_grating: ori = 0.0
605.2761 	EXP 	surround_grating: sf = array([2.5, 2.5])
605.2761 	EXP 	surround_grating: phase = array([0.84053906, 0.84053906])
605.2761 	EXP 	center_grating: ori = 0.0
605.2761 	EXP 	center_grating: sf = array([2.5, 2.5])
605.2761 	EXP 	center_grating: phase = array([0.94672074, 0.94672074])
605.7609 	EXP 	noise_3: autoDraw = True
605.7609 	EXP 	surround_grating: autoDraw = True
605.7609 	EXP 	center_grating: autoDraw = True
605.8329 	EXP 	noise_3: autoDraw = False
605.8329 	EXP 	surround_grating: autoDraw = False
605.8329 	EXP 	center_grating: autoDraw = False
606.2987 	DATA 	Keypress: lshift
606.4035 	EXP 	New trial (rep=0, index=272): <Trial 272 (272 in rep 0) data={'center': -4, 'surround': -15.0, 'type': 'c-4', 'surr_type': 'negs', 'orient_opacity': 100, 'noise_opacity': 0, 'isi': 1.0, 'thisN': 272, 'thisTrialN': 272, 'thisRepN': 0}>
606.4086 	DATA 	Keypress: greater
606.4148 	INFO 	Keyboard events cleared
606.4142 	EXP 	noise_3: autoDraw = False
606.4142 	EXP 	surround_grating: autoDraw = False
606.4142 	EXP 	center_grating: autoDraw = False
606.4142 	EXP 	text_2: autoDraw = False
606.4142 	EXP 	surround_grating: ori = -15.0
606.4142 	EXP 	surround_grating: sf = array([2.5, 2.5])
606.4142 	EXP 	surround_grating: phase = array([0.18256312, 0.18256312])
606.4142 	EXP 	center_grating: ori = -4.0
606.4142 	EXP 	center_grating: sf = array([2.5, 2.5])
606.4142 	EXP 	center_grating: phase = array([0.61567562, 0.61567562])
607.4043 	EXP 	noise_3: autoDraw = True
607.4043 	EXP 	surround_grating: autoDraw = True
607.4043 	EXP 	center_grating: autoDraw = True
607.4782 	EXP 	noise_3: autoDraw = False
607.4782 	EXP 	surround_grating: autoDraw = False
607.4782 	EXP 	center_grating: autoDraw = False
608.0545 	EXP 	New trial (rep=0, index=273): <Trial 273 (273 in rep 0) data={'center': -4, 'surround': -15.0, 'type': 'c-4', 'surr_type': 'negs', 'orient_opacity': 100, 'noise_opacity': 0, 'isi': 1.25, 'thisN': 273, 'thisTrialN': 273, 'thisRepN': 0}>
608.0605 	DATA 	Keypress: period
608.0657 	INFO 	Keyboard events cleared
608.0652 	EXP 	noise_3: autoDraw = False
608.0652 	EXP 	surround_grating: autoDraw = False
608.0652 	EXP 	center_grating: autoDraw = False
608.0652 	EXP 	text_2: autoDraw = False
608.0652 	EXP 	surround_grating: ori = -15.0
608.0652 	EXP 	surround_grating: sf = array([2.5, 2.5])
608.0652 	EXP 	surround_grating: phase = array([0.259465, 0.259465])
608.0652 	EXP 	center_grating: ori = -4.0
608.0652 	EXP 	center_grating: sf = array([2.5, 2.5])
608.0652 	EXP 	center_grating: phase = array([0.34797119, 0.34797119])
609.3043 	EXP 	noise_3: autoDraw = True
609.3043 	EXP 	surround_grating: autoDraw = True
609.3043 	EXP 	center_grating: autoDraw = True
609.3784 	EXP 	noise_3: autoDraw = False
609.3784 	EXP 	surround_grating: autoDraw = False
609.3784 	EXP 	center_grating: autoDraw = False
609.9641 	EXP 	New trial (rep=0, index=274): <Trial 274 (274 in rep 0) data={'center': 4, 'surround': 15.0, 'type': 'c+4', 'surr_type': 'poss', 'orient_opacity': 100, 'noise_opacity': 0, 'isi': 0.75, 'thisN': 274, 'thisTrialN': 274, 'thisRepN': 0}>
609.9692 	DATA 	Keypress: z
609.9753 	INFO 	Keyboard events cleared
609.9747 	EXP 	noise_3: autoDraw = False
609.9747 	EXP 	surround_grating: autoDraw = False
609.9747 	EXP 	center_grating: autoDraw = False
609.9747 	EXP 	text_2: autoDraw = False
609.9747 	EXP 	surround_grating: ori = 15.0
609.9747 	EXP 	surround_grating: sf = array([2.5, 2.5])
609.9747 	EXP 	surround_grating: phase = array([0.91908869, 0.91908869])
609.9747 	EXP 	center_grating: ori = 4.0
609.9747 	EXP 	center_grating: sf = array([2.5, 2.5])
609.9747 	EXP 	center_grating: phase = array([0.72540897, 0.72540897])
610.7111 	EXP 	noise_3: autoDraw = True
610.7111 	EXP 	surround_grating: autoDraw = True
610.7111 	EXP 	center_grating: autoDraw = True
610.7832 	EXP 	noise_3: autoDraw = False
610.7832 	EXP 	surround_grating: autoDraw = False
610.7832 	EXP 	center_grating: autoDraw = False
611.1475 	EXP 	New trial (rep=0, index=275): <Trial 275 (275 in rep 0) data={'center': 0, 'surround': 15.0, 'type': 'c+0', 'surr_type': 'poss', 'orient_opacity': 100, 'noise_opacity': 0, 'isi': 1.25, 'thisN': 275, 'thisTrialN': 275, 'thisRepN': 0}>
611.1527 	DATA 	Keypress: period
611.1589 	INFO 	Keyboard events cleared
611.1584 	EXP 	noise_3: autoDraw = False
611.1584 	EXP 	surround_grating: autoDraw = False
611.1584 	EXP 	center_grating: autoDraw = False
611.1584 	EXP 	text_2: autoDraw = False
611.1584 	EXP 	surround_grating: ori = 15.0
611.1584 	EXP 	surround_grating: sf = array([2.5, 2.5])
611.1584 	EXP 	surround_grating: phase = array([0.67760576, 0.67760576])
611.1584 	EXP 	center_grating: ori = 0.0
611.1584 	EXP 	center_grating: sf = array([2.5, 2.5])
611.1584 	EXP 	center_grating: phase = array([0.00695769, 0.00695769])
612.3945 	EXP 	noise_3: autoDraw = True
612.3945 	EXP 	surround_grating: autoDraw = True
612.3945 	EXP 	center_grating: autoDraw = True
612.4667 	EXP 	noise_3: autoDraw = False
612.4667 	EXP 	surround_grating: autoDraw = False
612.4667 	EXP 	center_grating: autoDraw = False
613.2368 	EXP 	New trial (rep=0, index=276): <Trial 276 (276 in rep 0) data={'center': -2, 'surround': -15.0, 'type': 'c-2', 'surr_type': 'negs', 'orient_opacity': 100, 'noise_opacity': 0, 'isi': 0.5, 'thisN': 276, 'thisTrialN': 276, 'thisRepN': 0}>
613.2419 	DATA 	Keypress: period
613.2479 	INFO 	Keyboard events cleared
613.2474 	EXP 	noise_3: autoDraw = False
613.2474 	EXP 	surround_grating: autoDraw = False
613.2474 	EXP 	center_grating: autoDraw = False
613.2474 	EXP 	text_2: autoDraw = False
613.2474 	EXP 	surround_grating: ori = -15.0
613.2474 	EXP 	surround_grating: sf = array([2.5, 2.5])
613.2474 	EXP 	surround_grating: phase = array([0.08392565, 0.08392565])
613.2474 	EXP 	center_grating: ori = -2.0
613.2474 	EXP 	center_grating: sf = array([2.5, 2.5])
613.2474 	EXP 	center_grating: phase = array([0.11500234, 0.11500234])
613.7380 	EXP 	noise_3: autoDraw = True
613.7380 	EXP 	surround_grating: autoDraw = True
613.7380 	EXP 	center_grating: autoDraw = True
613.8117 	EXP 	noise_3: autoDraw = False
613.8117 	EXP 	surround_grating: autoDraw = False
613.8117 	EXP 	center_grating: autoDraw = False
614.2644 	EXP 	New trial (rep=0, index=277): <Trial 277 (277 in rep 0) data={'center': -8, 'surround': -15.0, 'type': 'c-8', 'surr_type': 'negs', 'orient_opacity': 100, 'noise_opacity': 0, 'isi': 0.75, 'thisN': 277, 'thisTrialN': 277, 'thisRepN': 0}>
614.2700 	DATA 	Keypress: period
614.2761 	INFO 	Keyboard events cleared
614.2756 	EXP 	noise_3: autoDraw = False
614.2756 	EXP 	surround_grating: autoDraw = False
614.2756 	EXP 	center_grating: autoDraw = False
614.2756 	EXP 	text_2: autoDraw = False
614.2756 	EXP 	surround_grating: ori = -15.0
614.2756 	EXP 	surround_grating: sf = array([2.5, 2.5])
614.2756 	EXP 	surround_grating: phase = array([0.26970146, 0.26970146])
614.2756 	EXP 	center_grating: ori = -8.0
614.2756 	EXP 	center_grating: sf = array([2.5, 2.5])
614.2756 	EXP 	center_grating: phase = array([0.06685184, 0.06685184])
615.0113 	EXP 	noise_3: autoDraw = True
615.0113 	EXP 	surround_grating: autoDraw = True
615.0113 	EXP 	center_grating: autoDraw = True
615.0833 	EXP 	noise_3: autoDraw = False
615.0833 	EXP 	surround_grating: autoDraw = False
615.0833 	EXP 	center_grating: autoDraw = False
615.3857 	EXP 	New trial (rep=0, index=278): <Trial 278 (278 in rep 0) data={'center': 2, 'surround': 15.0, 'type': 'c+2', 'surr_type': 'poss', 'orient_opacity': 100, 'noise_opacity': 0, 'isi': 1.0, 'thisN': 278, 'thisTrialN': 278, 'thisRepN': 0}>
615.3908 	DATA 	Keypress: period
615.3968 	INFO 	Keyboard events cleared
615.3963 	EXP 	noise_3: autoDraw = False
615.3963 	EXP 	surround_grating: autoDraw = False
615.3963 	EXP 	center_grating: autoDraw = False
615.3963 	EXP 	text_2: autoDraw = False
615.3963 	EXP 	surround_grating: ori = 15.0
615.3963 	EXP 	surround_grating: sf = array([2.5, 2.5])
615.3963 	EXP 	surround_grating: phase = array([0.19484682, 0.19484682])
615.3963 	EXP 	center_grating: ori = 2.0
615.3963 	EXP 	center_grating: sf = array([2.5, 2.5])
615.3963 	EXP 	center_grating: phase = array([0.63376168, 0.63376168])
615.6305 	EXP 	New trial (rep=0, index=279): <Trial 279 (279 in rep 0) data={'center': 8, 'surround': 15.0, 'type': 'c+8', 'surr_type': 'poss', 'orient_opacity': 100, 'noise_opacity': 0, 'isi': 1.25, 'thisN': 279, 'thisTrialN': 279, 'thisRepN': 0}>
615.6354 	DATA 	Keypress: period
615.6412 	INFO 	Keyboard events cleared
615.6407 	EXP 	noise_3: autoDraw = False
615.6407 	EXP 	surround_grating: autoDraw = False
615.6407 	EXP 	center_grating: autoDraw = False
615.6407 	EXP 	text_2: autoDraw = False
615.6407 	EXP 	surround_grating: ori = 15.0
615.6407 	EXP 	surround_grating: sf = array([2.5, 2.5])
615.6407 	EXP 	surround_grating: phase = array([0.82073507, 0.82073507])
615.6407 	EXP 	center_grating: ori = 8.0
615.6407 	EXP 	center_grating: sf = array([2.5, 2.5])
615.6407 	EXP 	center_grating: phase = array([0.46565006, 0.46565006])
615.6639 	EXP 	New trial (rep=0, index=280): <Trial 280 (280 in rep 0) data={'center': 0, 'surround': 15.0, 'type': 'c+0', 'surr_type': 'poss', 'orient_opacity': 100, 'noise_opacity': 0, 'isi': 0.75, 'thisN': 280, 'thisTrialN': 280, 'thisRepN': 0}>
615.6682 	DATA 	Keypress: z
615.6738 	INFO 	Keyboard events cleared
615.6733 	EXP 	noise_3: autoDraw = False
615.6733 	EXP 	surround_grating: autoDraw = False
615.6733 	EXP 	center_grating: autoDraw = False
615.6733 	EXP 	text_2: autoDraw = False
615.6733 	EXP 	surround_grating: ori = 15.0
615.6733 	EXP 	surround_grating: sf = array([2.5, 2.5])
615.6733 	EXP 	surround_grating: phase = array([0.27863976, 0.27863976])
615.6733 	EXP 	center_grating: ori = 0.0
615.6733 	EXP 	center_grating: sf = array([2.5, 2.5])
615.6733 	EXP 	center_grating: phase = array([0.4750419, 0.4750419])
616.4107 	EXP 	noise_3: autoDraw = True
616.4107 	EXP 	surround_grating: autoDraw = True
616.4107 	EXP 	center_grating: autoDraw = True
616.4834 	EXP 	noise_3: autoDraw = False
616.4834 	EXP 	surround_grating: autoDraw = False
616.4834 	EXP 	center_grating: autoDraw = False
617.2867 	EXP 	New trial (rep=0, index=281): <Trial 281 (281 in rep 0) data={'center': -8, 'surround': -15.0, 'type': 'c-8', 'surr_type': 'negs', 'orient_opacity': 100, 'noise_opacity': 0, 'isi': 1.25, 'thisN': 281, 'thisTrialN': 281, 'thisRepN': 0}>
617.2978 	DATA 	Keypress: z
617.3048 	INFO 	Keyboard events cleared
617.3041 	EXP 	noise_3: autoDraw = False
617.3041 	EXP 	surround_grating: autoDraw = False
617.3041 	EXP 	center_grating: autoDraw = False
617.3041 	EXP 	text_2: autoDraw = False
617.3041 	EXP 	surround_grating: ori = -15.0
617.3041 	EXP 	surround_grating: sf = array([2.5, 2.5])
617.3041 	EXP 	surround_grating: phase = array([0.39339045, 0.39339045])
617.3041 	EXP 	center_grating: ori = -8.0
617.3041 	EXP 	center_grating: sf = array([2.5, 2.5])
617.3041 	EXP 	center_grating: phase = array([0.16984351, 0.16984351])
618.5385 	EXP 	noise_3: autoDraw = True
618.5385 	EXP 	surround_grating: autoDraw = True
618.5385 	EXP 	center_grating: autoDraw = True
618.6120 	EXP 	noise_3: autoDraw = False
618.6120 	EXP 	surround_grating: autoDraw = False
618.6120 	EXP 	center_grating: autoDraw = False
619.0644 	EXP 	New trial (rep=0, index=282): <Trial 282 (282 in rep 0) data={'center': 6, 'surround': 15.0, 'type': 'c+6', 'surr_type': 'poss', 'orient_opacity': 100, 'noise_opacity': 0, 'isi': 0.75, 'thisN': 282, 'thisTrialN': 282, 'thisRepN': 0}>
619.0694 	DATA 	Keypress: z
619.0754 	INFO 	Keyboard events cleared
619.0749 	EXP 	noise_3: autoDraw = False
619.0749 	EXP 	surround_grating: autoDraw = False
619.0749 	EXP 	center_grating: autoDraw = False
619.0749 	EXP 	text_2: autoDraw = False
619.0749 	EXP 	surround_grating: ori = 15.0
619.0749 	EXP 	surround_grating: sf = array([2.5, 2.5])
619.0749 	EXP 	surround_grating: phase = array([0.64912551, 0.64912551])
619.0749 	EXP 	center_grating: ori = 6.0
619.0749 	EXP 	center_grating: sf = array([2.5, 2.5])
619.0749 	EXP 	center_grating: phase = array([0.8414997, 0.8414997])
619.8115 	EXP 	noise_3: autoDraw = True
619.8115 	EXP 	surround_grating: autoDraw = True
619.8115 	EXP 	center_grating: autoDraw = True
619.8836 	EXP 	noise_3: autoDraw = False
619.8836 	EXP 	surround_grating: autoDraw = False
619.8836 	EXP 	center_grating: autoDraw = False
620.2883 	EXP 	New trial (rep=0, index=283): <Trial 283 (283 in rep 0) data={'center': 4, 'surround': 0.0, 'type': 'c+4', 'surr_type': 'noss', 'orient_opacity': 0, 'noise_opacity': 100, 'isi': 0.5, 'thisN': 283, 'thisTrialN': 283, 'thisRepN': 0}>
620.2935 	DATA 	Keypress: period
620.2991 	INFO 	Keyboard events cleared
620.2984 	EXP 	noise_3: autoDraw = False
620.2984 	EXP 	surround_grating: autoDraw = False
620.2984 	EXP 	center_grating: autoDraw = False
620.2984 	EXP 	text_2: autoDraw = False
620.2984 	EXP 	surround_grating: ori = 0.0
620.2984 	EXP 	surround_grating: sf = array([2.5, 2.5])
620.2984 	EXP 	surround_grating: phase = array([0.0030975, 0.0030975])
620.2984 	EXP 	center_grating: ori = 4.0
620.2984 	EXP 	center_grating: sf = array([2.5, 2.5])
620.2984 	EXP 	center_grating: phase = array([0.15512244, 0.15512244])
620.7876 	EXP 	noise_3: autoDraw = True
620.7876 	EXP 	surround_grating: autoDraw = True
620.7876 	EXP 	center_grating: autoDraw = True
620.8620 	EXP 	noise_3: autoDraw = False
620.8620 	EXP 	surround_grating: autoDraw = False
620.8620 	EXP 	center_grating: autoDraw = False
621.3486 	EXP 	New trial (rep=0, index=284): <Trial 284 (284 in rep 0) data={'center': 2, 'surround': 0.0, 'type': 'c+2', 'surr_type': 'noss', 'orient_opacity': 0, 'noise_opacity': 100, 'isi': 0.75, 'thisN': 284, 'thisTrialN': 284, 'thisRepN': 0}>
621.3540 	DATA 	Keypress: period
621.3602 	INFO 	Keyboard events cleared
621.3597 	EXP 	noise_3: autoDraw = False
621.3597 	EXP 	surround_grating: autoDraw = False
621.3597 	EXP 	center_grating: autoDraw = False
621.3597 	EXP 	text_2: autoDraw = False
621.3597 	EXP 	surround_grating: ori = 0.0
621.3597 	EXP 	surround_grating: sf = array([2.5, 2.5])
621.3597 	EXP 	surround_grating: phase = array([0.43219884, 0.43219884])
621.3597 	EXP 	center_grating: ori = 2.0
621.3597 	EXP 	center_grating: sf = array([2.5, 2.5])
621.3597 	EXP 	center_grating: phase = array([0.11829878, 0.11829878])
622.0942 	EXP 	noise_3: autoDraw = True
622.0942 	EXP 	surround_grating: autoDraw = True
622.0942 	EXP 	center_grating: autoDraw = True
622.1671 	EXP 	noise_3: autoDraw = False
622.1671 	EXP 	surround_grating: autoDraw = False
622.1671 	EXP 	center_grating: autoDraw = False
622.5143 	EXP 	New trial (rep=0, index=285): <Trial 285 (285 in rep 0) data={'center': 0, 'surround': -15.0, 'type': 'c+0', 'surr_type': 'negs', 'orient_opacity': 100, 'noise_opacity': 0, 'isi': 0.75, 'thisN': 285, 'thisTrialN': 285, 'thisRepN': 0}>
622.5193 	DATA 	Keypress: period
622.5250 	INFO 	Keyboard events cleared
622.5243 	EXP 	noise_3: autoDraw = False
622.5243 	EXP 	surround_grating: autoDraw = False
622.5243 	EXP 	center_grating: autoDraw = False
622.5243 	EXP 	text_2: autoDraw = False
622.5243 	EXP 	surround_grating: ori = -15.0
622.5243 	EXP 	surround_grating: sf = array([2.5, 2.5])
622.5243 	EXP 	surround_grating: phase = array([0.01055704, 0.01055704])
622.5243 	EXP 	center_grating: ori = 0.0
622.5243 	EXP 	center_grating: sf = array([2.5, 2.5])
622.5243 	EXP 	center_grating: phase = array([0.77519284, 0.77519284])
623.2613 	EXP 	noise_3: autoDraw = True
623.2613 	EXP 	surround_grating: autoDraw = True
623.2613 	EXP 	center_grating: autoDraw = True
623.3342 	EXP 	noise_3: autoDraw = False
623.3342 	EXP 	surround_grating: autoDraw = False
623.3342 	EXP 	center_grating: autoDraw = False
623.7707 	EXP 	New trial (rep=0, index=286): <Trial 286 (286 in rep 0) data={'center': -2, 'surround': 0.0, 'type': 'c-2', 'surr_type': 'noss', 'orient_opacity': 0, 'noise_opacity': 100, 'isi': 0.5, 'thisN': 286, 'thisTrialN': 286, 'thisRepN': 0}>
623.7761 	DATA 	Keypress: period
623.7818 	INFO 	Keyboard events cleared
623.7813 	EXP 	noise_3: autoDraw = False
623.7813 	EXP 	surround_grating: autoDraw = False
623.7813 	EXP 	center_grating: autoDraw = False
623.7813 	EXP 	text_2: autoDraw = False
623.7813 	EXP 	surround_grating: ori = 0.0
623.7813 	EXP 	surround_grating: sf = array([2.5, 2.5])
623.7813 	EXP 	surround_grating: phase = array([0.7586125, 0.7586125])
623.7813 	EXP 	center_grating: ori = -2.0
623.7813 	EXP 	center_grating: sf = array([2.5, 2.5])
623.7813 	EXP 	center_grating: phase = array([0.43420412, 0.43420412])
624.2715 	EXP 	noise_3: autoDraw = True
624.2715 	EXP 	surround_grating: autoDraw = True
624.2715 	EXP 	center_grating: autoDraw = True
624.3454 	EXP 	noise_3: autoDraw = False
624.3454 	EXP 	surround_grating: autoDraw = False
624.3454 	EXP 	center_grating: autoDraw = False
625.0655 	EXP 	New trial (rep=0, index=287): <Trial 287 (287 in rep 0) data={'center': 4, 'surround': 15.0, 'type': 'c+4', 'surr_type': 'poss', 'orient_opacity': 100, 'noise_opacity': 0, 'isi': 1.0, 'thisN': 287, 'thisTrialN': 287, 'thisRepN': 0}>
625.0713 	DATA 	Keypress: z
625.0772 	INFO 	Keyboard events cleared
625.0767 	EXP 	noise_3: autoDraw = False
625.0767 	EXP 	surround_grating: autoDraw = False
625.0767 	EXP 	center_grating: autoDraw = False
625.0767 	EXP 	text_2: autoDraw = False
625.0767 	EXP 	surround_grating: ori = 15.0
625.0767 	EXP 	surround_grating: sf = array([2.5, 2.5])
625.0767 	EXP 	surround_grating: phase = array([0.91423243, 0.91423243])
625.0767 	EXP 	center_grating: ori = 4.0
625.0767 	EXP 	center_grating: sf = array([2.5, 2.5])
625.0767 	EXP 	center_grating: phase = array([0.01742214, 0.01742214])
626.0617 	EXP 	noise_3: autoDraw = True
626.0617 	EXP 	surround_grating: autoDraw = True
626.0617 	EXP 	center_grating: autoDraw = True
626.1339 	EXP 	noise_3: autoDraw = False
626.1339 	EXP 	surround_grating: autoDraw = False
626.1339 	EXP 	center_grating: autoDraw = False
626.6897 	DATA 	Keypress: period
626.6966 	EXP 	New trial (rep=0, index=288): <Trial 288 (288 in rep 0) data={'center': 6, 'surround': 15.0, 'type': 'c+6', 'surr_type': 'poss', 'orient_opacity': 100, 'noise_opacity': 0, 'isi': 0.5, 'thisN': 288, 'thisTrialN': 288, 'thisRepN': 0}>
626.7042 	INFO 	Keyboard events cleared
626.7038 	EXP 	noise_3: autoDraw = False
626.7038 	EXP 	surround_grating: autoDraw = False
626.7038 	EXP 	center_grating: autoDraw = False
626.7038 	EXP 	text_2: autoDraw = False
626.7038 	EXP 	surround_grating: ori = 15.0
626.7038 	EXP 	surround_grating: sf = array([2.5, 2.5])
626.7038 	EXP 	surround_grating: phase = array([0.69725807, 0.69725807])
626.7038 	EXP 	center_grating: ori = 6.0
626.7038 	EXP 	center_grating: sf = array([2.5, 2.5])
626.7038 	EXP 	center_grating: phase = array([0.64116687, 0.64116687])
627.1881 	EXP 	noise_3: autoDraw = True
627.1881 	EXP 	surround_grating: autoDraw = True
627.1881 	EXP 	center_grating: autoDraw = True
627.2622 	EXP 	noise_3: autoDraw = False
627.2622 	EXP 	surround_grating: autoDraw = False
627.2622 	EXP 	center_grating: autoDraw = False
627.6148 	EXP 	New trial (rep=0, index=289): <Trial 289 (289 in rep 0) data={'center': -8, 'surround': -15.0, 'type': 'c-8', 'surr_type': 'negs', 'orient_opacity': 100, 'noise_opacity': 0, 'isi': 0.75, 'thisN': 289, 'thisTrialN': 289, 'thisRepN': 0}>
627.6203 	DATA 	Keypress: period
627.6263 	INFO 	Keyboard events cleared
627.6257 	EXP 	noise_3: autoDraw = False
627.6257 	EXP 	surround_grating: autoDraw = False
627.6257 	EXP 	center_grating: autoDraw = False
627.6257 	EXP 	text_2: autoDraw = False
627.6257 	EXP 	surround_grating: ori = -15.0
627.6257 	EXP 	surround_grating: sf = array([2.5, 2.5])
627.6257 	EXP 	surround_grating: phase = array([0.5611991, 0.5611991])
627.6257 	EXP 	center_grating: ori = -8.0
627.6257 	EXP 	center_grating: sf = array([2.5, 2.5])
627.6257 	EXP 	center_grating: phase = array([0.36951835, 0.36951835])
628.3617 	EXP 	noise_3: autoDraw = True
628.3617 	EXP 	surround_grating: autoDraw = True
628.3617 	EXP 	center_grating: autoDraw = True
628.4346 	EXP 	noise_3: autoDraw = False
628.4346 	EXP 	surround_grating: autoDraw = False
628.4346 	EXP 	center_grating: autoDraw = False
629.0154 	EXP 	New trial (rep=0, index=290): <Trial 290 (290 in rep 0) data={'center': 0, 'surround': 15.0, 'type': 'c+0', 'surr_type': 'poss', 'orient_opacity': 100, 'noise_opacity': 0, 'isi': 1.25, 'thisN': 290, 'thisTrialN': 290, 'thisRepN': 0}>
629.0215 	DATA 	Keypress: z
629.0278 	INFO 	Keyboard events cleared
629.0273 	EXP 	noise_3: autoDraw = False
629.0273 	EXP 	surround_grating: autoDraw = False
629.0273 	EXP 	center_grating: autoDraw = False
629.0273 	EXP 	text_2: autoDraw = False
629.0273 	EXP 	surround_grating: ori = 15.0
629.0273 	EXP 	surround_grating: sf = array([2.5, 2.5])
629.0273 	EXP 	surround_grating: phase = array([0.04709159, 0.04709159])
629.0273 	EXP 	center_grating: ori = 0.0
629.0273 	EXP 	center_grating: sf = array([2.5, 2.5])
629.0273 	EXP 	center_grating: phase = array([0.58245913, 0.58245913])
630.2618 	EXP 	noise_3: autoDraw = True
630.2618 	EXP 	surround_grating: autoDraw = True
630.2618 	EXP 	center_grating: autoDraw = True
630.3352 	EXP 	noise_3: autoDraw = False
630.3352 	EXP 	surround_grating: autoDraw = False
630.3352 	EXP 	center_grating: autoDraw = False
630.9988 	EXP 	New trial (rep=0, index=291): <Trial 291 (291 in rep 0) data={'center': 0, 'surround': 0.0, 'type': 'c+0', 'surr_type': 'noss', 'orient_opacity': 0, 'noise_opacity': 100, 'isi': 0.75, 'thisN': 291, 'thisTrialN': 291, 'thisRepN': 0}>
631.0046 	DATA 	Keypress: z
631.0108 	INFO 	Keyboard events cleared
631.0102 	EXP 	noise_3: autoDraw = False
631.0102 	EXP 	surround_grating: autoDraw = False
631.0102 	EXP 	center_grating: autoDraw = False
631.0102 	EXP 	text_2: autoDraw = False
631.0102 	EXP 	surround_grating: ori = 0.0
631.0102 	EXP 	surround_grating: sf = array([2.5, 2.5])
631.0102 	EXP 	surround_grating: phase = array([0.67322339, 0.67322339])
631.0102 	EXP 	center_grating: ori = 0.0
631.0102 	EXP 	center_grating: sf = array([2.5, 2.5])
631.0102 	EXP 	center_grating: phase = array([0.6035089, 0.6035089])
631.7451 	EXP 	noise_3: autoDraw = True
631.7451 	EXP 	surround_grating: autoDraw = True
631.7451 	EXP 	center_grating: autoDraw = True
631.8171 	EXP 	noise_3: autoDraw = False
631.8171 	EXP 	surround_grating: autoDraw = False
631.8171 	EXP 	center_grating: autoDraw = False
632.9819 	EXP 	New trial (rep=0, index=292): <Trial 292 (292 in rep 0) data={'center': -4, 'surround': 0.0, 'type': 'c-4', 'surr_type': 'noss', 'orient_opacity': 0, 'noise_opacity': 100, 'isi': 0.75, 'thisN': 292, 'thisTrialN': 292, 'thisRepN': 0}>
632.9878 	DATA 	Keypress: period
632.9943 	INFO 	Keyboard events cleared
632.9937 	EXP 	noise_3: autoDraw = False
632.9937 	EXP 	surround_grating: autoDraw = False
632.9937 	EXP 	center_grating: autoDraw = False
632.9937 	EXP 	text_2: autoDraw = False
632.9937 	EXP 	surround_grating: ori = 0.0
632.9937 	EXP 	surround_grating: sf = array([2.5, 2.5])
632.9937 	EXP 	surround_grating: phase = array([0.16674883, 0.16674883])
632.9937 	EXP 	center_grating: ori = -4.0
632.9937 	EXP 	center_grating: sf = array([2.5, 2.5])
632.9937 	EXP 	center_grating: phase = array([0.65167092, 0.65167092])
633.7286 	EXP 	noise_3: autoDraw = True
633.7286 	EXP 	surround_grating: autoDraw = True
633.7286 	EXP 	center_grating: autoDraw = True
633.8003 	EXP 	noise_3: autoDraw = False
633.8003 	EXP 	surround_grating: autoDraw = False
633.8003 	EXP 	center_grating: autoDraw = False
634.2322 	EXP 	New trial (rep=0, index=293): <Trial 293 (293 in rep 0) data={'center': -2, 'surround': 15.0, 'type': 'c-2', 'surr_type': 'poss', 'orient_opacity': 100, 'noise_opacity': 0, 'isi': 0.5, 'thisN': 293, 'thisTrialN': 293, 'thisRepN': 0}>
634.2379 	DATA 	Keypress: z
634.2438 	INFO 	Keyboard events cleared
634.2434 	EXP 	noise_3: autoDraw = False
634.2434 	EXP 	surround_grating: autoDraw = False
634.2434 	EXP 	center_grating: autoDraw = False
634.2434 	EXP 	text_2: autoDraw = False
634.2434 	EXP 	surround_grating: ori = 15.0
634.2434 	EXP 	surround_grating: sf = array([2.5, 2.5])
634.2434 	EXP 	surround_grating: phase = array([0.18708364, 0.18708364])
634.2434 	EXP 	center_grating: ori = -2.0
634.2434 	EXP 	center_grating: sf = array([2.5, 2.5])
634.2434 	EXP 	center_grating: phase = array([0.20877831, 0.20877831])
634.7276 	EXP 	noise_3: autoDraw = True
634.7276 	EXP 	surround_grating: autoDraw = True
634.7276 	EXP 	center_grating: autoDraw = True
634.8005 	EXP 	noise_3: autoDraw = False
634.8005 	EXP 	surround_grating: autoDraw = False
634.8005 	EXP 	center_grating: autoDraw = False
635.2486 	EXP 	New trial (rep=0, index=294): <Trial 294 (294 in rep 0) data={'center': 4, 'surround': 15.0, 'type': 'c+4', 'surr_type': 'poss', 'orient_opacity': 100, 'noise_opacity': 0, 'isi': 1.0, 'thisN': 294, 'thisTrialN': 294, 'thisRepN': 0}>
635.2546 	DATA 	Keypress: z
635.2605 	INFO 	Keyboard events cleared
635.2600 	EXP 	noise_3: autoDraw = False
635.2600 	EXP 	surround_grating: autoDraw = False
635.2600 	EXP 	center_grating: autoDraw = False
635.2600 	EXP 	text_2: autoDraw = False
635.2600 	EXP 	surround_grating: ori = 15.0
635.2600 	EXP 	surround_grating: sf = array([2.5, 2.5])
635.2600 	EXP 	surround_grating: phase = array([0.64451075, 0.64451075])
635.2600 	EXP 	center_grating: ori = 4.0
635.2600 	EXP 	center_grating: sf = array([2.5, 2.5])
635.2600 	EXP 	center_grating: phase = array([0.04010482, 0.04010482])
636.2454 	EXP 	noise_3: autoDraw = True
636.2454 	EXP 	surround_grating: autoDraw = True
636.2454 	EXP 	center_grating: autoDraw = True
636.3177 	EXP 	noise_3: autoDraw = False
636.3177 	EXP 	surround_grating: autoDraw = False
636.3177 	EXP 	center_grating: autoDraw = False
637.5484 	EXP 	New trial (rep=0, index=295): <Trial 295 (295 in rep 0) data={'center': 2, 'surround': 15.0, 'type': 'c+2', 'surr_type': 'poss', 'orient_opacity': 100, 'noise_opacity': 0, 'isi': 1.25, 'thisN': 295, 'thisTrialN': 295, 'thisRepN': 0}>
637.5533 	DATA 	Keypress: z
637.5592 	INFO 	Keyboard events cleared
637.5587 	EXP 	noise_3: autoDraw = False
637.5587 	EXP 	surround_grating: autoDraw = False
637.5587 	EXP 	center_grating: autoDraw = False
637.5587 	EXP 	text_2: autoDraw = False
637.5587 	EXP 	surround_grating: ori = 15.0
637.5587 	EXP 	surround_grating: sf = array([2.5, 2.5])
637.5587 	EXP 	surround_grating: phase = array([0.99259094, 0.99259094])
637.5587 	EXP 	center_grating: ori = 2.0
637.5587 	EXP 	center_grating: sf = array([2.5, 2.5])
637.5587 	EXP 	center_grating: phase = array([0.99008583, 0.99008583])
638.7955 	EXP 	noise_3: autoDraw = True
638.7955 	EXP 	surround_grating: autoDraw = True
638.7955 	EXP 	center_grating: autoDraw = True
638.8674 	EXP 	noise_3: autoDraw = False
638.8674 	EXP 	surround_grating: autoDraw = False
638.8674 	EXP 	center_grating: autoDraw = False
639.4485 	EXP 	New trial (rep=0, index=296): <Trial 296 (296 in rep 0) data={'center': 4, 'surround': 15.0, 'type': 'c+4', 'surr_type': 'poss', 'orient_opacity': 100, 'noise_opacity': 0, 'isi': 0.75, 'thisN': 296, 'thisTrialN': 296, 'thisRepN': 0}>
639.4536 	DATA 	Keypress: z
639.4595 	INFO 	Keyboard events cleared
639.4591 	EXP 	noise_3: autoDraw = False
639.4591 	EXP 	surround_grating: autoDraw = False
639.4591 	EXP 	center_grating: autoDraw = False
639.4591 	EXP 	text_2: autoDraw = False
639.4591 	EXP 	surround_grating: ori = 15.0
639.4591 	EXP 	surround_grating: sf = array([2.5, 2.5])
639.4591 	EXP 	surround_grating: phase = array([0.69405907, 0.69405907])
639.4591 	EXP 	center_grating: ori = 4.0
639.4591 	EXP 	center_grating: sf = array([2.5, 2.5])
639.4591 	EXP 	center_grating: phase = array([0.15890713, 0.15890713])
640.1955 	EXP 	noise_3: autoDraw = True
640.1955 	EXP 	surround_grating: autoDraw = True
640.1955 	EXP 	center_grating: autoDraw = True
640.2675 	EXP 	noise_3: autoDraw = False
640.2675 	EXP 	surround_grating: autoDraw = False
640.2675 	EXP 	center_grating: autoDraw = False
640.8487 	EXP 	New trial (rep=0, index=297): <Trial 297 (297 in rep 0) data={'center': 0, 'surround': 0.0, 'type': 'c+0', 'surr_type': 'noss', 'orient_opacity': 0, 'noise_opacity': 100, 'isi': 1.25, 'thisN': 297, 'thisTrialN': 297, 'thisRepN': 0}>
640.8543 	DATA 	Keypress: period
640.8607 	INFO 	Keyboard events cleared
640.8601 	EXP 	noise_3: autoDraw = False
640.8601 	EXP 	surround_grating: autoDraw = False
640.8601 	EXP 	center_grating: autoDraw = False
640.8601 	EXP 	text_2: autoDraw = False
640.8601 	EXP 	surround_grating: ori = 0.0
640.8601 	EXP 	surround_grating: sf = array([2.5, 2.5])
640.8601 	EXP 	surround_grating: phase = array([0.91193741, 0.91193741])
640.8601 	EXP 	center_grating: ori = 0.0
640.8601 	EXP 	center_grating: sf = array([2.5, 2.5])
640.8601 	EXP 	center_grating: phase = array([0.13172269, 0.13172269])
642.0958 	EXP 	noise_3: autoDraw = True
642.0958 	EXP 	surround_grating: autoDraw = True
642.0958 	EXP 	center_grating: autoDraw = True
642.1676 	EXP 	noise_3: autoDraw = False
642.1676 	EXP 	surround_grating: autoDraw = False
642.1676 	EXP 	center_grating: autoDraw = False
642.7887 	EXP 	New trial (rep=0, index=298): <Trial 298 (298 in rep 0) data={'center': 8, 'surround': 15.0, 'type': 'c+8', 'surr_type': 'poss', 'orient_opacity': 100, 'noise_opacity': 0, 'isi': 1.0, 'thisN': 298, 'thisTrialN': 298, 'thisRepN': 0}>
642.7941 	DATA 	Keypress: period
642.7993 	INFO 	Keyboard events cleared
642.7988 	EXP 	noise_3: autoDraw = False
642.7988 	EXP 	surround_grating: autoDraw = False
642.7988 	EXP 	center_grating: autoDraw = False
642.7988 	EXP 	text_2: autoDraw = False
642.7988 	EXP 	surround_grating: ori = 15.0
642.7988 	EXP 	surround_grating: sf = array([2.5, 2.5])
642.7988 	EXP 	surround_grating: phase = array([0.08966417, 0.08966417])
642.7988 	EXP 	center_grating: ori = 8.0
642.7988 	EXP 	center_grating: sf = array([2.5, 2.5])
642.7988 	EXP 	center_grating: phase = array([0.53488556, 0.53488556])
643.7882 	EXP 	noise_3: autoDraw = True
643.7882 	EXP 	surround_grating: autoDraw = True
643.7882 	EXP 	center_grating: autoDraw = True
643.8629 	EXP 	noise_3: autoDraw = False
643.8629 	EXP 	surround_grating: autoDraw = False
643.8629 	EXP 	center_grating: autoDraw = False
644.2719 	EXP 	New trial (rep=0, index=299): <Trial 299 (299 in rep 0) data={'center': -4, 'surround': 0.0, 'type': 'c-4', 'surr_type': 'noss', 'orient_opacity': 0, 'noise_opacity': 100, 'isi': 1.0, 'thisN': 299, 'thisTrialN': 299, 'thisRepN': 0}>
644.2773 	DATA 	Keypress: period
644.2829 	INFO 	Keyboard events cleared
644.2824 	EXP 	noise_3: autoDraw = False
644.2824 	EXP 	surround_grating: autoDraw = False
644.2824 	EXP 	center_grating: autoDraw = False
644.2824 	EXP 	text_2: autoDraw = False
644.2824 	EXP 	surround_grating: ori = 0.0
644.2824 	EXP 	surround_grating: sf = array([2.5, 2.5])
644.2824 	EXP 	surround_grating: phase = array([0.26172779, 0.26172779])
644.2824 	EXP 	center_grating: ori = -4.0
644.2824 	EXP 	center_grating: sf = array([2.5, 2.5])
644.2824 	EXP 	center_grating: phase = array([0.96962002, 0.96962002])
644.7051 	DATA 	Keypress: lshift
645.2713 	EXP 	noise_3: autoDraw = True
645.2713 	EXP 	surround_grating: autoDraw = True
645.2713 	EXP 	center_grating: autoDraw = True
645.3462 	EXP 	noise_3: autoDraw = False
645.3462 	EXP 	surround_grating: autoDraw = False
645.3462 	EXP 	center_grating: autoDraw = False
645.7657 	EXP 	New trial (rep=0, index=300): <Trial 300 (300 in rep 0) data={'center': -2, 'surround': 0.0, 'type': 'c-2', 'surr_type': 'noss', 'orient_opacity': 0, 'noise_opacity': 100, 'isi': 1.0, 'thisN': 300, 'thisTrialN': 300, 'thisRepN': 0}>
645.7720 	DATA 	Keypress: z
645.7784 	INFO 	Keyboard events cleared
645.7779 	EXP 	noise_3: autoDraw = False
645.7779 	EXP 	surround_grating: autoDraw = False
645.7779 	EXP 	center_grating: autoDraw = False
645.7779 	EXP 	text_2: autoDraw = False
645.7779 	EXP 	surround_grating: ori = 0.0
645.7779 	EXP 	surround_grating: sf = array([2.5, 2.5])
645.7779 	EXP 	surround_grating: phase = array([0.68235736, 0.68235736])
645.7779 	EXP 	center_grating: ori = -2.0
645.7779 	EXP 	center_grating: sf = array([2.5, 2.5])
645.7779 	EXP 	center_grating: phase = array([0.71491146, 0.71491146])
646.7625 	EXP 	noise_3: autoDraw = True
646.7625 	EXP 	surround_grating: autoDraw = True
646.7625 	EXP 	center_grating: autoDraw = True
646.8349 	EXP 	noise_3: autoDraw = False
646.8349 	EXP 	surround_grating: autoDraw = False
646.8349 	EXP 	center_grating: autoDraw = False
647.2915 	DATA 	Keypress: z
647.3133 	INFO 	Keyboard events cleared
647.3126 	EXP 	noise_3: autoDraw = False
647.3126 	EXP 	surround_grating: autoDraw = False
647.3126 	EXP 	center_grating: autoDraw = False
647.3126 	EXP 	text_2: autoDraw = True
656.7047 	EXP 	New trial (rep=0, index=301): <Trial 301 (301 in rep 0) data={'center': 4, 'surround': 0.0, 'type': 'c+4', 'surr_type': 'noss', 'orient_opacity': 0, 'noise_opacity': 100, 'isi': 1.0, 'thisN': 301, 'thisTrialN': 301, 'thisRepN': 0}>
656.7098 	DATA 	Keypress: space
656.7160 	INFO 	Keyboard events cleared
656.7155 	EXP 	text_2: autoDraw = False
656.7155 	EXP 	surround_grating: ori = 0.0
656.7155 	EXP 	surround_grating: sf = array([2.5, 2.5])
656.7155 	EXP 	surround_grating: phase = array([0.11951809, 0.11951809])
656.7155 	EXP 	center_grating: ori = 4.0
656.7155 	EXP 	center_grating: sf = array([2.5, 2.5])
656.7155 	EXP 	center_grating: phase = array([0.6544244, 0.6544244])
657.7051 	EXP 	noise_3: autoDraw = True
657.7051 	EXP 	surround_grating: autoDraw = True
657.7051 	EXP 	center_grating: autoDraw = True
657.7802 	EXP 	noise_3: autoDraw = False
657.7802 	EXP 	surround_grating: autoDraw = False
657.7802 	EXP 	center_grating: autoDraw = False
658.2718 	EXP 	New trial (rep=0, index=302): <Trial 302 (302 in rep 0) data={'center': -4, 'surround': 0.0, 'type': 'c-4', 'surr_type': 'noss', 'orient_opacity': 0, 'noise_opacity': 100, 'isi': 0.5, 'thisN': 302, 'thisTrialN': 302, 'thisRepN': 0}>
658.2768 	DATA 	Keypress: period
658.2829 	INFO 	Keyboard events cleared
658.2824 	EXP 	noise_3: autoDraw = False
658.2824 	EXP 	surround_grating: autoDraw = False
658.2824 	EXP 	center_grating: autoDraw = False
658.2824 	EXP 	text_2: autoDraw = False
658.2824 	EXP 	surround_grating: ori = 0.0
658.2824 	EXP 	surround_grating: sf = array([2.5, 2.5])
658.2824 	EXP 	surround_grating: phase = array([0.63735842, 0.63735842])
658.2824 	EXP 	center_grating: ori = -4.0
658.2824 	EXP 	center_grating: sf = array([2.5, 2.5])
658.2824 	EXP 	center_grating: phase = array([0.05060269, 0.05060269])
658.7726 	EXP 	noise_3: autoDraw = True
658.7726 	EXP 	surround_grating: autoDraw = True
658.7726 	EXP 	center_grating: autoDraw = True
658.8467 	EXP 	noise_3: autoDraw = False
658.8467 	EXP 	surround_grating: autoDraw = False
658.8467 	EXP 	center_grating: autoDraw = False
659.2154 	EXP 	New trial (rep=0, index=303): <Trial 303 (303 in rep 0) data={'center': -4, 'surround': 0.0, 'type': 'c-4', 'surr_type': 'noss', 'orient_opacity': 0, 'noise_opacity': 100, 'isi': 0.75, 'thisN': 303, 'thisTrialN': 303, 'thisRepN': 0}>
659.2203 	DATA 	Keypress: z
659.2265 	INFO 	Keyboard events cleared
659.2260 	EXP 	noise_3: autoDraw = False
659.2260 	EXP 	surround_grating: autoDraw = False
659.2260 	EXP 	center_grating: autoDraw = False
659.2260 	EXP 	text_2: autoDraw = False
659.2260 	EXP 	surround_grating: ori = 0.0
659.2260 	EXP 	surround_grating: sf = array([2.5, 2.5])
659.2260 	EXP 	surround_grating: phase = array([0.5807953, 0.5807953])
659.2260 	EXP 	center_grating: ori = -4.0
659.2260 	EXP 	center_grating: sf = array([2.5, 2.5])
659.2260 	EXP 	center_grating: phase = array([0.33040936, 0.33040936])
659.9629 	EXP 	noise_3: autoDraw = True
659.9629 	EXP 	surround_grating: autoDraw = True
659.9629 	EXP 	center_grating: autoDraw = True
660.0346 	EXP 	noise_3: autoDraw = False
660.0346 	EXP 	surround_grating: autoDraw = False
660.0346 	EXP 	center_grating: autoDraw = False
660.3658 	EXP 	New trial (rep=0, index=304): <Trial 304 (304 in rep 0) data={'center': 2, 'surround': -15.0, 'type': 'c+2', 'surr_type': 'negs', 'orient_opacity': 100, 'noise_opacity': 0, 'isi': 0.5, 'thisN': 304, 'thisTrialN': 304, 'thisRepN': 0}>
660.3709 	DATA 	Keypress: z
660.3764 	INFO 	Keyboard events cleared
660.3760 	EXP 	noise_3: autoDraw = False
660.3760 	EXP 	surround_grating: autoDraw = False
660.3760 	EXP 	center_grating: autoDraw = False
660.3760 	EXP 	text_2: autoDraw = False
660.3760 	EXP 	surround_grating: ori = -15.0
660.3760 	EXP 	surround_grating: sf = array([2.5, 2.5])
660.3760 	EXP 	surround_grating: phase = array([0.89186874, 0.89186874])
660.3760 	EXP 	center_grating: ori = 2.0
660.3760 	EXP 	center_grating: sf = array([2.5, 2.5])
660.3760 	EXP 	center_grating: phase = array([0.74954445, 0.74954445])
660.8629 	EXP 	noise_3: autoDraw = True
660.8629 	EXP 	surround_grating: autoDraw = True
660.8629 	EXP 	center_grating: autoDraw = True
660.9350 	EXP 	noise_3: autoDraw = False
660.9350 	EXP 	surround_grating: autoDraw = False
660.9350 	EXP 	center_grating: autoDraw = False
661.3326 	EXP 	New trial (rep=0, index=305): <Trial 305 (305 in rep 0) data={'center': 0, 'surround': -15.0, 'type': 'c+0', 'surr_type': 'negs', 'orient_opacity': 100, 'noise_opacity': 0, 'isi': 0.5, 'thisN': 305, 'thisTrialN': 305, 'thisRepN': 0}>
661.3376 	DATA 	Keypress: period
661.3438 	INFO 	Keyboard events cleared
661.3433 	EXP 	noise_3: autoDraw = False
661.3433 	EXP 	surround_grating: autoDraw = False
661.3433 	EXP 	center_grating: autoDraw = False
661.3433 	EXP 	text_2: autoDraw = False
661.3433 	EXP 	surround_grating: ori = -15.0
661.3433 	EXP 	surround_grating: sf = array([2.5, 2.5])
661.3433 	EXP 	surround_grating: phase = array([0.20657355, 0.20657355])
661.3433 	EXP 	center_grating: ori = 0.0
661.3433 	EXP 	center_grating: sf = array([2.5, 2.5])
661.3433 	EXP 	center_grating: phase = array([0.87075928, 0.87075928])
661.8296 	EXP 	noise_3: autoDraw = True
661.8296 	EXP 	surround_grating: autoDraw = True
661.8296 	EXP 	center_grating: autoDraw = True
661.9015 	EXP 	noise_3: autoDraw = False
661.9015 	EXP 	surround_grating: autoDraw = False
661.9015 	EXP 	center_grating: autoDraw = False
662.1828 	EXP 	New trial (rep=0, index=306): <Trial 306 (306 in rep 0) data={'center': 2, 'surround': -15.0, 'type': 'c+2', 'surr_type': 'negs', 'orient_opacity': 100, 'noise_opacity': 0, 'isi': 1.25, 'thisN': 306, 'thisTrialN': 306, 'thisRepN': 0}>
662.1879 	DATA 	Keypress: z
662.1944 	INFO 	Keyboard events cleared
662.1938 	EXP 	noise_3: autoDraw = False
662.1938 	EXP 	surround_grating: autoDraw = False
662.1938 	EXP 	center_grating: autoDraw = False
662.1938 	EXP 	text_2: autoDraw = False
662.1938 	EXP 	surround_grating: ori = -15.0
662.1938 	EXP 	surround_grating: sf = array([2.5, 2.5])
662.1938 	EXP 	surround_grating: phase = array([0.06568796, 0.06568796])
662.1938 	EXP 	center_grating: ori = 2.0
662.1938 	EXP 	center_grating: sf = array([2.5, 2.5])
662.1938 	EXP 	center_grating: phase = array([0.11416656, 0.11416656])
663.4296 	EXP 	noise_3: autoDraw = True
663.4296 	EXP 	surround_grating: autoDraw = True
663.4296 	EXP 	center_grating: autoDraw = True
663.5014 	EXP 	noise_3: autoDraw = False
663.5014 	EXP 	surround_grating: autoDraw = False
663.5014 	EXP 	center_grating: autoDraw = False
663.9830 	EXP 	New trial (rep=0, index=307): <Trial 307 (307 in rep 0) data={'center': 0, 'surround': 0.0, 'type': 'c+0', 'surr_type': 'noss', 'orient_opacity': 0, 'noise_opacity': 100, 'isi': 0.75, 'thisN': 307, 'thisTrialN': 307, 'thisRepN': 0}>
663.9888 	DATA 	Keypress: period
663.9947 	INFO 	Keyboard events cleared
663.9942 	EXP 	noise_3: autoDraw = False
663.9942 	EXP 	surround_grating: autoDraw = False
663.9942 	EXP 	center_grating: autoDraw = False
663.9942 	EXP 	text_2: autoDraw = False
663.9942 	EXP 	surround_grating: ori = 0.0
663.9942 	EXP 	surround_grating: sf = array([2.5, 2.5])
663.9942 	EXP 	surround_grating: phase = array([0.30112472, 0.30112472])
663.9942 	EXP 	center_grating: ori = 0.0
663.9942 	EXP 	center_grating: sf = array([2.5, 2.5])
663.9942 	EXP 	center_grating: phase = array([0.55475199, 0.55475199])
664.7298 	EXP 	noise_3: autoDraw = True
664.7298 	EXP 	surround_grating: autoDraw = True
664.7298 	EXP 	center_grating: autoDraw = True
664.8031 	EXP 	noise_3: autoDraw = False
664.8031 	EXP 	surround_grating: autoDraw = False
664.8031 	EXP 	center_grating: autoDraw = False
665.4161 	EXP 	New trial (rep=0, index=308): <Trial 308 (308 in rep 0) data={'center': 6, 'surround': 15.0, 'type': 'c+6', 'surr_type': 'poss', 'orient_opacity': 100, 'noise_opacity': 0, 'isi': 0.5, 'thisN': 308, 'thisTrialN': 308, 'thisRepN': 0}>
665.4212 	DATA 	Keypress: period
665.4270 	INFO 	Keyboard events cleared
665.4266 	EXP 	noise_3: autoDraw = False
665.4266 	EXP 	surround_grating: autoDraw = False
665.4266 	EXP 	center_grating: autoDraw = False
665.4266 	EXP 	text_2: autoDraw = False
665.4266 	EXP 	surround_grating: ori = 15.0
665.4266 	EXP 	surround_grating: sf = array([2.5, 2.5])
665.4266 	EXP 	surround_grating: phase = array([0.76880232, 0.76880232])
665.4266 	EXP 	center_grating: ori = 6.0
665.4266 	EXP 	center_grating: sf = array([2.5, 2.5])
665.4266 	EXP 	center_grating: phase = array([0.630338, 0.630338])
665.9130 	EXP 	noise_3: autoDraw = True
665.9130 	EXP 	surround_grating: autoDraw = True
665.9130 	EXP 	center_grating: autoDraw = True
665.9851 	EXP 	noise_3: autoDraw = False
665.9851 	EXP 	surround_grating: autoDraw = False
665.9851 	EXP 	center_grating: autoDraw = False
666.3674 	EXP 	New trial (rep=0, index=309): <Trial 309 (309 in rep 0) data={'center': -6, 'surround': -15.0, 'type': 'c-6', 'surr_type': 'negs', 'orient_opacity': 100, 'noise_opacity': 0, 'isi': 0.5, 'thisN': 309, 'thisTrialN': 309, 'thisRepN': 0}>
666.3731 	DATA 	Keypress: period
666.3793 	INFO 	Keyboard events cleared
666.3788 	EXP 	noise_3: autoDraw = False
666.3788 	EXP 	surround_grating: autoDraw = False
666.3788 	EXP 	center_grating: autoDraw = False
666.3788 	EXP 	text_2: autoDraw = False
666.3788 	EXP 	surround_grating: ori = -15.0
666.3788 	EXP 	surround_grating: sf = array([2.5, 2.5])
666.3788 	EXP 	surround_grating: phase = array([0.4239201, 0.4239201])
666.3788 	EXP 	center_grating: ori = -6.0
666.3788 	EXP 	center_grating: sf = array([2.5, 2.5])
666.3788 	EXP 	center_grating: phase = array([0.88078054, 0.88078054])
666.8633 	EXP 	noise_3: autoDraw = True
666.8633 	EXP 	surround_grating: autoDraw = True
666.8633 	EXP 	center_grating: autoDraw = True
666.9360 	EXP 	noise_3: autoDraw = False
666.9360 	EXP 	surround_grating: autoDraw = False
666.9360 	EXP 	center_grating: autoDraw = False
667.4892 	EXP 	New trial (rep=0, index=310): <Trial 310 (310 in rep 0) data={'center': 2, 'surround': -15.0, 'type': 'c+2', 'surr_type': 'negs', 'orient_opacity': 100, 'noise_opacity': 0, 'isi': 0.75, 'thisN': 310, 'thisTrialN': 310, 'thisRepN': 0}>
667.4943 	DATA 	Keypress: z
667.5003 	INFO 	Keyboard events cleared
667.4998 	EXP 	noise_3: autoDraw = False
667.4998 	EXP 	surround_grating: autoDraw = False
667.4998 	EXP 	center_grating: autoDraw = False
667.4998 	EXP 	text_2: autoDraw = False
667.4998 	EXP 	surround_grating: ori = -15.0
667.4998 	EXP 	surround_grating: sf = array([2.5, 2.5])
667.4998 	EXP 	surround_grating: phase = array([0.51131199, 0.51131199])
667.4998 	EXP 	center_grating: ori = 2.0
667.4998 	EXP 	center_grating: sf = array([2.5, 2.5])
667.4998 	EXP 	center_grating: phase = array([0.06620903, 0.06620903])
668.2391 	EXP 	noise_3: autoDraw = True
668.2391 	EXP 	surround_grating: autoDraw = True
668.2391 	EXP 	center_grating: autoDraw = True
668.3139 	EXP 	noise_3: autoDraw = False
668.3139 	EXP 	surround_grating: autoDraw = False
668.3139 	EXP 	center_grating: autoDraw = False
668.7335 	EXP 	New trial (rep=0, index=311): <Trial 311 (311 in rep 0) data={'center': 2, 'surround': 15.0, 'type': 'c+2', 'surr_type': 'poss', 'orient_opacity': 100, 'noise_opacity': 0, 'isi': 1.25, 'thisN': 311, 'thisTrialN': 311, 'thisRepN': 0}>
668.7404 	DATA 	Keypress: period
668.7464 	INFO 	Keyboard events cleared
668.7459 	EXP 	noise_3: autoDraw = False
668.7459 	EXP 	surround_grating: autoDraw = False
668.7459 	EXP 	center_grating: autoDraw = False
668.7459 	EXP 	text_2: autoDraw = False
668.7459 	EXP 	surround_grating: ori = 15.0
668.7459 	EXP 	surround_grating: sf = array([2.5, 2.5])
668.7459 	EXP 	surround_grating: phase = array([0.65420606, 0.65420606])
668.7459 	EXP 	center_grating: ori = 2.0
668.7459 	EXP 	center_grating: sf = array([2.5, 2.5])
668.7459 	EXP 	center_grating: phase = array([0.75186317, 0.75186317])
669.9799 	EXP 	noise_3: autoDraw = True
669.9799 	EXP 	surround_grating: autoDraw = True
669.9799 	EXP 	center_grating: autoDraw = True
670.0524 	EXP 	noise_3: autoDraw = False
670.0524 	EXP 	surround_grating: autoDraw = False
670.0524 	EXP 	center_grating: autoDraw = False
671.0830 	EXP 	New trial (rep=0, index=312): <Trial 312 (312 in rep 0) data={'center': -2, 'surround': 0.0, 'type': 'c-2', 'surr_type': 'noss', 'orient_opacity': 0, 'noise_opacity': 100, 'isi': 1.0, 'thisN': 312, 'thisTrialN': 312, 'thisRepN': 0}>
671.0891 	DATA 	Keypress: period
671.0950 	INFO 	Keyboard events cleared
671.0945 	EXP 	noise_3: autoDraw = False
671.0945 	EXP 	surround_grating: autoDraw = False
671.0945 	EXP 	center_grating: autoDraw = False
671.0945 	EXP 	text_2: autoDraw = False
671.0945 	EXP 	surround_grating: ori = 0.0
671.0945 	EXP 	surround_grating: sf = array([2.5, 2.5])
671.0945 	EXP 	surround_grating: phase = array([0.36784228, 0.36784228])
671.0945 	EXP 	center_grating: ori = -2.0
671.0945 	EXP 	center_grating: sf = array([2.5, 2.5])
671.0945 	EXP 	center_grating: phase = array([0.70251971, 0.70251971])
672.0795 	EXP 	noise_3: autoDraw = True
672.0795 	EXP 	surround_grating: autoDraw = True
672.0795 	EXP 	center_grating: autoDraw = True
672.1641 	EXP 	noise_3: autoDraw = False
672.1641 	EXP 	surround_grating: autoDraw = False
672.1641 	EXP 	center_grating: autoDraw = False
672.6173 	EXP 	New trial (rep=0, index=313): <Trial 313 (313 in rep 0) data={'center': 4, 'surround': 0.0, 'type': 'c+4', 'surr_type': 'noss', 'orient_opacity': 0, 'noise_opacity': 100, 'isi': 0.5, 'thisN': 313, 'thisTrialN': 313, 'thisRepN': 0}>
672.6240 	DATA 	Keypress: z
672.6302 	INFO 	Keyboard events cleared
672.6295 	EXP 	noise_3: autoDraw = False
672.6295 	EXP 	surround_grating: autoDraw = False
672.6295 	EXP 	center_grating: autoDraw = False
672.6295 	EXP 	text_2: autoDraw = False
672.6295 	EXP 	surround_grating: ori = 0.0
672.6295 	EXP 	surround_grating: sf = array([2.5, 2.5])
672.6295 	EXP 	surround_grating: phase = array([0.47552768, 0.47552768])
672.6295 	EXP 	center_grating: ori = 4.0
672.6295 	EXP 	center_grating: sf = array([2.5, 2.5])
672.6295 	EXP 	center_grating: phase = array([0.42506045, 0.42506045])
673.1134 	EXP 	noise_3: autoDraw = True
673.1134 	EXP 	surround_grating: autoDraw = True
673.1134 	EXP 	center_grating: autoDraw = True
673.1856 	EXP 	noise_3: autoDraw = False
673.1856 	EXP 	surround_grating: autoDraw = False
673.1856 	EXP 	center_grating: autoDraw = False
673.5558 	EXP 	New trial (rep=0, index=314): <Trial 314 (314 in rep 0) data={'center': -2, 'surround': 15.0, 'type': 'c-2', 'surr_type': 'poss', 'orient_opacity': 100, 'noise_opacity': 0, 'isi': 1.0, 'thisN': 314, 'thisTrialN': 314, 'thisRepN': 0}>
673.5610 	DATA 	Keypress: period
673.5669 	INFO 	Keyboard events cleared
673.5664 	EXP 	noise_3: autoDraw = False
673.5664 	EXP 	surround_grating: autoDraw = False
673.5664 	EXP 	center_grating: autoDraw = False
673.5664 	EXP 	text_2: autoDraw = False
673.5664 	EXP 	surround_grating: ori = 15.0
673.5664 	EXP 	surround_grating: sf = array([2.5, 2.5])
673.5664 	EXP 	surround_grating: phase = array([0.93294246, 0.93294246])
673.5664 	EXP 	center_grating: ori = -2.0
673.5664 	EXP 	center_grating: sf = array([2.5, 2.5])
673.5664 	EXP 	center_grating: phase = array([0.8558509, 0.8558509])
674.5564 	EXP 	noise_3: autoDraw = True
674.5564 	EXP 	surround_grating: autoDraw = True
674.5564 	EXP 	center_grating: autoDraw = True
674.6306 	EXP 	noise_3: autoDraw = False
674.6306 	EXP 	surround_grating: autoDraw = False
674.6306 	EXP 	center_grating: autoDraw = False
675.1673 	EXP 	New trial (rep=0, index=315): <Trial 315 (315 in rep 0) data={'center': 6, 'surround': 15.0, 'type': 'c+6', 'surr_type': 'poss', 'orient_opacity': 100, 'noise_opacity': 0, 'isi': 0.5, 'thisN': 315, 'thisTrialN': 315, 'thisRepN': 0}>
675.1723 	DATA 	Keypress: z
675.1782 	INFO 	Keyboard events cleared
675.1777 	EXP 	noise_3: autoDraw = False
675.1777 	EXP 	surround_grating: autoDraw = False
675.1777 	EXP 	center_grating: autoDraw = False
675.1777 	EXP 	text_2: autoDraw = False
675.1777 	EXP 	surround_grating: ori = 15.0
675.1777 	EXP 	surround_grating: sf = array([2.5, 2.5])
675.1777 	EXP 	surround_grating: phase = array([0.2367348, 0.2367348])
675.1777 	EXP 	center_grating: ori = 6.0
675.1777 	EXP 	center_grating: sf = array([2.5, 2.5])
675.1777 	EXP 	center_grating: phase = array([0.54102999, 0.54102999])
675.6635 	EXP 	noise_3: autoDraw = True
675.6635 	EXP 	surround_grating: autoDraw = True
675.6635 	EXP 	center_grating: autoDraw = True
675.7370 	EXP 	noise_3: autoDraw = False
675.7370 	EXP 	surround_grating: autoDraw = False
675.7370 	EXP 	center_grating: autoDraw = False
676.1665 	EXP 	New trial (rep=0, index=316): <Trial 316 (316 in rep 0) data={'center': -8, 'surround': -15.0, 'type': 'c-8', 'surr_type': 'negs', 'orient_opacity': 100, 'noise_opacity': 0, 'isi': 0.75, 'thisN': 316, 'thisTrialN': 316, 'thisRepN': 0}>
676.1715 	DATA 	Keypress: period
676.1774 	INFO 	Keyboard events cleared
676.1769 	EXP 	noise_3: autoDraw = False
676.1769 	EXP 	surround_grating: autoDraw = False
676.1769 	EXP 	center_grating: autoDraw = False
676.1769 	EXP 	text_2: autoDraw = False
676.1769 	EXP 	surround_grating: ori = -15.0
676.1769 	EXP 	surround_grating: sf = array([2.5, 2.5])
676.1769 	EXP 	surround_grating: phase = array([0.14479609, 0.14479609])
676.1769 	EXP 	center_grating: ori = -8.0
676.1769 	EXP 	center_grating: sf = array([2.5, 2.5])
676.1769 	EXP 	center_grating: phase = array([0.54423463, 0.54423463])
676.9134 	EXP 	noise_3: autoDraw = True
676.9134 	EXP 	surround_grating: autoDraw = True
676.9134 	EXP 	center_grating: autoDraw = True
676.9856 	EXP 	noise_3: autoDraw = False
676.9856 	EXP 	surround_grating: autoDraw = False
676.9856 	EXP 	center_grating: autoDraw = False
677.2716 	EXP 	New trial (rep=0, index=317): <Trial 317 (317 in rep 0) data={'center': 2, 'surround': 0.0, 'type': 'c+2', 'surr_type': 'noss', 'orient_opacity': 0, 'noise_opacity': 100, 'isi': 1.25, 'thisN': 317, 'thisTrialN': 317, 'thisRepN': 0}>
677.2767 	DATA 	Keypress: z
677.2829 	INFO 	Keyboard events cleared
677.2824 	EXP 	noise_3: autoDraw = False
677.2824 	EXP 	surround_grating: autoDraw = False
677.2824 	EXP 	center_grating: autoDraw = False
677.2824 	EXP 	text_2: autoDraw = False
677.2824 	EXP 	surround_grating: ori = 0.0
677.2824 	EXP 	surround_grating: sf = array([2.5, 2.5])
677.2824 	EXP 	surround_grating: phase = array([0.01866577, 0.01866577])
677.2824 	EXP 	center_grating: ori = 2.0
677.2824 	EXP 	center_grating: sf = array([2.5, 2.5])
677.2824 	EXP 	center_grating: phase = array([0.3077691, 0.3077691])
678.5231 	EXP 	noise_3: autoDraw = True
678.5231 	EXP 	surround_grating: autoDraw = True
678.5231 	EXP 	center_grating: autoDraw = True
678.5975 	EXP 	noise_3: autoDraw = False
678.5975 	EXP 	surround_grating: autoDraw = False
678.5975 	EXP 	center_grating: autoDraw = False
679.0167 	EXP 	New trial (rep=0, index=318): <Trial 318 (318 in rep 0) data={'center': 6, 'surround': 15.0, 'type': 'c+6', 'surr_type': 'poss', 'orient_opacity': 100, 'noise_opacity': 0, 'isi': 1.25, 'thisN': 318, 'thisTrialN': 318, 'thisRepN': 0}>
679.0222 	DATA 	Keypress: period
679.0286 	INFO 	Keyboard events cleared
679.0281 	EXP 	noise_3: autoDraw = False
679.0281 	EXP 	surround_grating: autoDraw = False
679.0281 	EXP 	center_grating: autoDraw = False
679.0281 	EXP 	text_2: autoDraw = False
679.0281 	EXP 	surround_grating: ori = 15.0
679.0281 	EXP 	surround_grating: sf = array([2.5, 2.5])
679.0281 	EXP 	surround_grating: phase = array([0.47691553, 0.47691553])
679.0281 	EXP 	center_grating: ori = 6.0
679.0281 	EXP 	center_grating: sf = array([2.5, 2.5])
679.0281 	EXP 	center_grating: phase = array([0.66459805, 0.66459805])
680.2636 	EXP 	noise_3: autoDraw = True
680.2636 	EXP 	surround_grating: autoDraw = True
680.2636 	EXP 	center_grating: autoDraw = True
680.3360 	EXP 	noise_3: autoDraw = False
680.3360 	EXP 	surround_grating: autoDraw = False
680.3360 	EXP 	center_grating: autoDraw = False
680.7847 	EXP 	New trial (rep=0, index=319): <Trial 319 (319 in rep 0) data={'center': 8, 'surround': 15.0, 'type': 'c+8', 'surr_type': 'poss', 'orient_opacity': 100, 'noise_opacity': 0, 'isi': 0.5, 'thisN': 319, 'thisTrialN': 319, 'thisRepN': 0}>
680.7906 	DATA 	Keypress: period
680.7966 	INFO 	Keyboard events cleared
680.7961 	EXP 	noise_3: autoDraw = False
680.7961 	EXP 	surround_grating: autoDraw = False
680.7961 	EXP 	center_grating: autoDraw = False
680.7961 	EXP 	text_2: autoDraw = False
680.7961 	EXP 	surround_grating: ori = 15.0
680.7961 	EXP 	surround_grating: sf = array([2.5, 2.5])
680.7961 	EXP 	surround_grating: phase = array([0.85783995, 0.85783995])
680.7961 	EXP 	center_grating: ori = 8.0
680.7961 	EXP 	center_grating: sf = array([2.5, 2.5])
680.7961 	EXP 	center_grating: phase = array([0.69416523, 0.69416523])
681.2805 	EXP 	noise_3: autoDraw = True
681.2805 	EXP 	surround_grating: autoDraw = True
681.2805 	EXP 	center_grating: autoDraw = True
681.3533 	EXP 	noise_3: autoDraw = False
681.3533 	EXP 	surround_grating: autoDraw = False
681.3533 	EXP 	center_grating: autoDraw = False
681.8668 	EXP 	New trial (rep=0, index=320): <Trial 320 (320 in rep 0) data={'center': -2, 'surround': -15.0, 'type': 'c-2', 'surr_type': 'negs', 'orient_opacity': 100, 'noise_opacity': 0, 'isi': 0.5, 'thisN': 320, 'thisTrialN': 320, 'thisRepN': 0}>
681.8727 	DATA 	Keypress: period
681.8789 	INFO 	Keyboard events cleared
681.8784 	EXP 	noise_3: autoDraw = False
681.8784 	EXP 	surround_grating: autoDraw = False
681.8784 	EXP 	center_grating: autoDraw = False
681.8784 	EXP 	text_2: autoDraw = False
681.8784 	EXP 	surround_grating: ori = -15.0
681.8784 	EXP 	surround_grating: sf = array([2.5, 2.5])
681.8784 	EXP 	surround_grating: phase = array([0.09069622, 0.09069622])
681.8784 	EXP 	center_grating: ori = -2.0
681.8784 	EXP 	center_grating: sf = array([2.5, 2.5])
681.8784 	EXP 	center_grating: phase = array([0.58739933, 0.58739933])
682.3627 	EXP 	noise_3: autoDraw = True
682.3627 	EXP 	surround_grating: autoDraw = True
682.3627 	EXP 	center_grating: autoDraw = True
682.4373 	EXP 	noise_3: autoDraw = False
682.4373 	EXP 	surround_grating: autoDraw = False
682.4373 	EXP 	center_grating: autoDraw = False
682.9363 	DATA 	Keypress: period
682.9435 	EXP 	New trial (rep=0, index=321): <Trial 321 (321 in rep 0) data={'center': -4, 'surround': 0.0, 'type': 'c-4', 'surr_type': 'noss', 'orient_opacity': 0, 'noise_opacity': 100, 'isi': 0.5, 'thisN': 321, 'thisTrialN': 321, 'thisRepN': 0}>
682.9503 	INFO 	Keyboard events cleared
682.9499 	EXP 	noise_3: autoDraw = False
682.9499 	EXP 	surround_grating: autoDraw = False
682.9499 	EXP 	center_grating: autoDraw = False
682.9499 	EXP 	text_2: autoDraw = False
682.9499 	EXP 	surround_grating: ori = 0.0
682.9499 	EXP 	surround_grating: sf = array([2.5, 2.5])
682.9499 	EXP 	surround_grating: phase = array([0.27585048, 0.27585048])
682.9499 	EXP 	center_grating: ori = -4.0
682.9499 	EXP 	center_grating: sf = array([2.5, 2.5])
682.9499 	EXP 	center_grating: phase = array([0.60135224, 0.60135224])
683.4403 	EXP 	noise_3: autoDraw = True
683.4403 	EXP 	surround_grating: autoDraw = True
683.4403 	EXP 	center_grating: autoDraw = True
683.5143 	EXP 	noise_3: autoDraw = False
683.5143 	EXP 	surround_grating: autoDraw = False
683.5143 	EXP 	center_grating: autoDraw = False
683.9171 	EXP 	New trial (rep=0, index=322): <Trial 322 (322 in rep 0) data={'center': 6, 'surround': 15.0, 'type': 'c+6', 'surr_type': 'poss', 'orient_opacity': 100, 'noise_opacity': 0, 'isi': 1.25, 'thisN': 322, 'thisTrialN': 322, 'thisRepN': 0}>
683.9224 	DATA 	Keypress: z
683.9281 	INFO 	Keyboard events cleared
683.9277 	EXP 	noise_3: autoDraw = False
683.9277 	EXP 	surround_grating: autoDraw = False
683.9277 	EXP 	center_grating: autoDraw = False
683.9277 	EXP 	text_2: autoDraw = False
683.9277 	EXP 	surround_grating: ori = 15.0
683.9277 	EXP 	surround_grating: sf = array([2.5, 2.5])
683.9277 	EXP 	surround_grating: phase = array([0.0365904, 0.0365904])
683.9277 	EXP 	center_grating: ori = 6.0
683.9277 	EXP 	center_grating: sf = array([2.5, 2.5])
683.9277 	EXP 	center_grating: phase = array([0.20365934, 0.20365934])
685.1637 	EXP 	noise_3: autoDraw = True
685.1637 	EXP 	surround_grating: autoDraw = True
685.1637 	EXP 	center_grating: autoDraw = True
685.2359 	EXP 	noise_3: autoDraw = False
685.2359 	EXP 	surround_grating: autoDraw = False
685.2359 	EXP 	center_grating: autoDraw = False
685.6054 	EXP 	New trial (rep=0, index=323): <Trial 323 (323 in rep 0) data={'center': 0, 'surround': 0.0, 'type': 'c+0', 'surr_type': 'noss', 'orient_opacity': 0, 'noise_opacity': 100, 'isi': 0.5, 'thisN': 323, 'thisTrialN': 323, 'thisRepN': 0}>
685.6104 	DATA 	Keypress: period
685.6170 	INFO 	Keyboard events cleared
685.6165 	EXP 	noise_3: autoDraw = False
685.6165 	EXP 	surround_grating: autoDraw = False
685.6165 	EXP 	center_grating: autoDraw = False
685.6165 	EXP 	text_2: autoDraw = False
685.6165 	EXP 	surround_grating: ori = 0.0
685.6165 	EXP 	surround_grating: sf = array([2.5, 2.5])
685.6165 	EXP 	surround_grating: phase = array([0.72841846, 0.72841846])
685.6165 	EXP 	center_grating: ori = 0.0
685.6165 	EXP 	center_grating: sf = array([2.5, 2.5])
685.6165 	EXP 	center_grating: phase = array([0.05972207, 0.05972207])
686.1071 	EXP 	noise_3: autoDraw = True
686.1071 	EXP 	surround_grating: autoDraw = True
686.1071 	EXP 	center_grating: autoDraw = True
686.1811 	EXP 	noise_3: autoDraw = False
686.1811 	EXP 	surround_grating: autoDraw = False
686.1811 	EXP 	center_grating: autoDraw = False
689.0019 	EXP 	New trial (rep=0, index=324): <Trial 324 (324 in rep 0) data={'center': -4, 'surround': -15.0, 'type': 'c-4', 'surr_type': 'negs', 'orient_opacity': 100, 'noise_opacity': 0, 'isi': 0.75, 'thisN': 324, 'thisTrialN': 324, 'thisRepN': 0}>
689.0072 	DATA 	Keypress: z
689.0093 	DATA 	Keypress: period
689.0150 	INFO 	Keyboard events cleared
689.0144 	EXP 	noise_3: autoDraw = False
689.0144 	EXP 	surround_grating: autoDraw = False
689.0144 	EXP 	center_grating: autoDraw = False
689.0144 	EXP 	text_2: autoDraw = False
689.0144 	EXP 	surround_grating: ori = -15.0
689.0144 	EXP 	surround_grating: sf = array([2.5, 2.5])
689.0144 	EXP 	surround_grating: phase = array([0.90903968, 0.90903968])
689.0144 	EXP 	center_grating: ori = -4.0
689.0144 	EXP 	center_grating: sf = array([2.5, 2.5])
689.0144 	EXP 	center_grating: phase = array([0.37791898, 0.37791898])
689.7464 	EXP 	noise_3: autoDraw = True
689.7464 	EXP 	surround_grating: autoDraw = True
689.7464 	EXP 	center_grating: autoDraw = True
689.8200 	EXP 	noise_3: autoDraw = False
689.8200 	EXP 	surround_grating: autoDraw = False
689.8200 	EXP 	center_grating: autoDraw = False
690.8060 	EXP 	New trial (rep=0, index=325): <Trial 325 (325 in rep 0) data={'center': 0, 'surround': -15.0, 'type': 'c+0', 'surr_type': 'negs', 'orient_opacity': 100, 'noise_opacity': 0, 'isi': 0.5, 'thisN': 325, 'thisTrialN': 325, 'thisRepN': 0}>
690.8110 	DATA 	Keypress: z
690.8173 	INFO 	Keyboard events cleared
690.8166 	EXP 	noise_3: autoDraw = False
690.8166 	EXP 	surround_grating: autoDraw = False
690.8166 	EXP 	center_grating: autoDraw = False
690.8166 	EXP 	text_2: autoDraw = False
690.8166 	EXP 	surround_grating: ori = -15.0
690.8166 	EXP 	surround_grating: sf = array([2.5, 2.5])
690.8166 	EXP 	surround_grating: phase = array([0.28174589, 0.28174589])
690.8166 	EXP 	center_grating: ori = 0.0
690.8166 	EXP 	center_grating: sf = array([2.5, 2.5])
690.8166 	EXP 	center_grating: phase = array([0.44812277, 0.44812277])
690.8333 	EXP 	New trial (rep=0, index=326): <Trial 326 (326 in rep 0) data={'center': 8, 'surround': 15.0, 'type': 'c+8', 'surr_type': 'poss', 'orient_opacity': 100, 'noise_opacity': 0, 'isi': 1.0, 'thisN': 326, 'thisTrialN': 326, 'thisRepN': 0}>
690.8380 	DATA 	Keypress: period
690.8436 	INFO 	Keyboard events cleared
690.8432 	EXP 	noise_3: autoDraw = False
690.8432 	EXP 	surround_grating: autoDraw = False
690.8432 	EXP 	center_grating: autoDraw = False
690.8432 	EXP 	text_2: autoDraw = False
690.8432 	EXP 	surround_grating: ori = 15.0
690.8432 	EXP 	surround_grating: sf = array([2.5, 2.5])
690.8432 	EXP 	surround_grating: phase = array([0.39240218, 0.39240218])
690.8432 	EXP 	center_grating: ori = 8.0
690.8432 	EXP 	center_grating: sf = array([2.5, 2.5])
690.8432 	EXP 	center_grating: phase = array([0.6386411, 0.6386411])
691.8306 	EXP 	noise_3: autoDraw = True
691.8306 	EXP 	surround_grating: autoDraw = True
691.8306 	EXP 	center_grating: autoDraw = True
691.9031 	EXP 	noise_3: autoDraw = False
691.9031 	EXP 	surround_grating: autoDraw = False
691.9031 	EXP 	center_grating: autoDraw = False
692.2845 	EXP 	New trial (rep=0, index=327): <Trial 327 (327 in rep 0) data={'center': 8, 'surround': 15.0, 'type': 'c+8', 'surr_type': 'poss', 'orient_opacity': 100, 'noise_opacity': 0, 'isi': 1.0, 'thisN': 327, 'thisTrialN': 327, 'thisRepN': 0}>
692.2904 	DATA 	Keypress: period
692.2963 	INFO 	Keyboard events cleared
692.2958 	EXP 	noise_3: autoDraw = False
692.2958 	EXP 	surround_grating: autoDraw = False
692.2958 	EXP 	center_grating: autoDraw = False
692.2958 	EXP 	text_2: autoDraw = False
692.2958 	EXP 	surround_grating: ori = 15.0
692.2958 	EXP 	surround_grating: sf = array([2.5, 2.5])
692.2958 	EXP 	surround_grating: phase = array([0.51652754, 0.51652754])
692.2958 	EXP 	center_grating: ori = 8.0
692.2958 	EXP 	center_grating: sf = array([2.5, 2.5])
692.2958 	EXP 	center_grating: phase = array([0.19531064, 0.19531064])
693.2808 	EXP 	noise_3: autoDraw = True
693.2808 	EXP 	surround_grating: autoDraw = True
693.2808 	EXP 	center_grating: autoDraw = True
693.3524 	EXP 	noise_3: autoDraw = False
693.3524 	EXP 	surround_grating: autoDraw = False
693.3524 	EXP 	center_grating: autoDraw = False
693.8058 	EXP 	New trial (rep=0, index=328): <Trial 328 (328 in rep 0) data={'center': 0, 'surround': 0.0, 'type': 'c+0', 'surr_type': 'noss', 'orient_opacity': 0, 'noise_opacity': 100, 'isi': 1.25, 'thisN': 328, 'thisTrialN': 328, 'thisRepN': 0}>
693.8113 	DATA 	Keypress: period
693.8174 	INFO 	Keyboard events cleared
693.8169 	EXP 	noise_3: autoDraw = False
693.8169 	EXP 	surround_grating: autoDraw = False
693.8169 	EXP 	center_grating: autoDraw = False
693.8169 	EXP 	text_2: autoDraw = False
693.8169 	EXP 	surround_grating: ori = 0.0
693.8169 	EXP 	surround_grating: sf = array([2.5, 2.5])
693.8169 	EXP 	surround_grating: phase = array([0.96044473, 0.96044473])
693.8169 	EXP 	center_grating: ori = 0.0
693.8169 	EXP 	center_grating: sf = array([2.5, 2.5])
693.8169 	EXP 	center_grating: phase = array([0.65353045, 0.65353045])
695.0573 	EXP 	noise_3: autoDraw = True
695.0573 	EXP 	surround_grating: autoDraw = True
695.0573 	EXP 	center_grating: autoDraw = True
695.1315 	EXP 	noise_3: autoDraw = False
695.1315 	EXP 	surround_grating: autoDraw = False
695.1315 	EXP 	center_grating: autoDraw = False
696.1347 	EXP 	New trial (rep=0, index=329): <Trial 329 (329 in rep 0) data={'center': -2, 'surround': -15.0, 'type': 'c-2', 'surr_type': 'negs', 'orient_opacity': 100, 'noise_opacity': 0, 'isi': 1.25, 'thisN': 329, 'thisTrialN': 329, 'thisRepN': 0}>
696.1408 	DATA 	Keypress: z
696.1469 	INFO 	Keyboard events cleared
696.1463 	EXP 	noise_3: autoDraw = False
696.1463 	EXP 	surround_grating: autoDraw = False
696.1463 	EXP 	center_grating: autoDraw = False
696.1463 	EXP 	text_2: autoDraw = False
696.1463 	EXP 	surround_grating: ori = -15.0
696.1463 	EXP 	surround_grating: sf = array([2.5, 2.5])
696.1463 	EXP 	surround_grating: phase = array([0.84195198, 0.84195198])
696.1463 	EXP 	center_grating: ori = -2.0
696.1463 	EXP 	center_grating: sf = array([2.5, 2.5])
696.1463 	EXP 	center_grating: phase = array([0.20108255, 0.20108255])
696.1719 	EXP 	New trial (rep=0, index=330): <Trial 330 (330 in rep 0) data={'center': 0, 'surround': 15.0, 'type': 'c+0', 'surr_type': 'poss', 'orient_opacity': 100, 'noise_opacity': 0, 'isi': 0.5, 'thisN': 330, 'thisTrialN': 330, 'thisRepN': 0}>
696.1766 	DATA 	Keypress: period
696.1983 	INFO 	Keyboard events cleared
696.1977 	EXP 	noise_3: autoDraw = False
696.1977 	EXP 	surround_grating: autoDraw = False
696.1977 	EXP 	center_grating: autoDraw = False
696.1977 	EXP 	text_2: autoDraw = False
696.1977 	EXP 	surround_grating: ori = 15.0
696.1977 	EXP 	surround_grating: sf = array([2.5, 2.5])
696.1977 	EXP 	surround_grating: phase = array([0.05037988, 0.05037988])
696.1977 	EXP 	center_grating: ori = 0.0
696.1977 	EXP 	center_grating: sf = array([2.5, 2.5])
696.1977 	EXP 	center_grating: phase = array([0.19840168, 0.19840168])
696.6734 	EXP 	noise_3: autoDraw = True
696.6734 	EXP 	surround_grating: autoDraw = True
696.6734 	EXP 	center_grating: autoDraw = True
696.7469 	EXP 	noise_3: autoDraw = False
696.7469 	EXP 	surround_grating: autoDraw = False
696.7469 	EXP 	center_grating: autoDraw = False
697.2344 	EXP 	New trial (rep=0, index=331): <Trial 331 (331 in rep 0) data={'center': 4, 'surround': 0.0, 'type': 'c+4', 'surr_type': 'noss', 'orient_opacity': 0, 'noise_opacity': 100, 'isi': 0.75, 'thisN': 331, 'thisTrialN': 331, 'thisRepN': 0}>
697.2394 	DATA 	Keypress: z
697.2481 	INFO 	Keyboard events cleared
697.2477 	EXP 	noise_3: autoDraw = False
697.2477 	EXP 	surround_grating: autoDraw = False
697.2477 	EXP 	center_grating: autoDraw = False
697.2477 	EXP 	text_2: autoDraw = False
697.2477 	EXP 	surround_grating: ori = 0.0
697.2477 	EXP 	surround_grating: sf = array([2.5, 2.5])
697.2477 	EXP 	surround_grating: phase = array([0.72492096, 0.72492096])
697.2477 	EXP 	center_grating: ori = 4.0
697.2477 	EXP 	center_grating: sf = array([2.5, 2.5])
697.2477 	EXP 	center_grating: phase = array([0.73900889, 0.73900889])
697.9808 	EXP 	noise_3: autoDraw = True
697.9808 	EXP 	surround_grating: autoDraw = True
697.9808 	EXP 	center_grating: autoDraw = True
698.0530 	EXP 	noise_3: autoDraw = False
698.0530 	EXP 	surround_grating: autoDraw = False
698.0530 	EXP 	center_grating: autoDraw = False
698.5065 	EXP 	New trial (rep=0, index=332): <Trial 332 (332 in rep 0) data={'center': 0, 'surround': -15.0, 'type': 'c+0', 'surr_type': 'negs', 'orient_opacity': 100, 'noise_opacity': 0, 'isi': 1.25, 'thisN': 332, 'thisTrialN': 332, 'thisRepN': 0}>
698.5117 	DATA 	Keypress: period
698.5178 	INFO 	Keyboard events cleared
698.5172 	EXP 	noise_3: autoDraw = False
698.5172 	EXP 	surround_grating: autoDraw = False
698.5172 	EXP 	center_grating: autoDraw = False
698.5172 	EXP 	text_2: autoDraw = False
698.5172 	EXP 	surround_grating: ori = -15.0
698.5172 	EXP 	surround_grating: sf = array([2.5, 2.5])
698.5172 	EXP 	surround_grating: phase = array([0.10609706, 0.10609706])
698.5172 	EXP 	center_grating: ori = 0.0
698.5172 	EXP 	center_grating: sf = array([2.5, 2.5])
698.5172 	EXP 	center_grating: phase = array([0.43584094, 0.43584094])
699.7568 	EXP 	noise_3: autoDraw = True
699.7568 	EXP 	surround_grating: autoDraw = True
699.7568 	EXP 	center_grating: autoDraw = True
699.8315 	EXP 	noise_3: autoDraw = False
699.8315 	EXP 	surround_grating: autoDraw = False
699.8315 	EXP 	center_grating: autoDraw = False
700.4403 	EXP 	New trial (rep=0, index=333): <Trial 333 (333 in rep 0) data={'center': 2, 'surround': 15.0, 'type': 'c+2', 'surr_type': 'poss', 'orient_opacity': 100, 'noise_opacity': 0, 'isi': 1.0, 'thisN': 333, 'thisTrialN': 333, 'thisRepN': 0}>
700.4455 	DATA 	Keypress: period
700.4514 	INFO 	Keyboard events cleared
700.4507 	EXP 	noise_3: autoDraw = False
700.4507 	EXP 	surround_grating: autoDraw = False
700.4507 	EXP 	center_grating: autoDraw = False
700.4507 	EXP 	text_2: autoDraw = False
700.4507 	EXP 	surround_grating: ori = 15.0
700.4507 	EXP 	surround_grating: sf = array([2.5, 2.5])
700.4507 	EXP 	surround_grating: phase = array([0.88237801, 0.88237801])
700.4507 	EXP 	center_grating: ori = 2.0
700.4507 	EXP 	center_grating: sf = array([2.5, 2.5])
700.4507 	EXP 	center_grating: phase = array([0.03356876, 0.03356876])
701.4404 	EXP 	noise_3: autoDraw = True
701.4404 	EXP 	surround_grating: autoDraw = True
701.4404 	EXP 	center_grating: autoDraw = True
701.5147 	EXP 	noise_3: autoDraw = False
701.5147 	EXP 	surround_grating: autoDraw = False
701.5147 	EXP 	center_grating: autoDraw = False
702.4182 	EXP 	New trial (rep=0, index=334): <Trial 334 (334 in rep 0) data={'center': -2, 'surround': 0.0, 'type': 'c-2', 'surr_type': 'noss', 'orient_opacity': 0, 'noise_opacity': 100, 'isi': 1.0, 'thisN': 334, 'thisTrialN': 334, 'thisRepN': 0}>
702.4238 	DATA 	Keypress: z
702.4298 	INFO 	Keyboard events cleared
702.4293 	EXP 	noise_3: autoDraw = False
702.4293 	EXP 	surround_grating: autoDraw = False
702.4293 	EXP 	center_grating: autoDraw = False
702.4293 	EXP 	text_2: autoDraw = False
702.4293 	EXP 	surround_grating: ori = 0.0
702.4293 	EXP 	surround_grating: sf = array([2.5, 2.5])
702.4293 	EXP 	surround_grating: phase = array([0.763897, 0.763897])
702.4293 	EXP 	center_grating: ori = -2.0
702.4293 	EXP 	center_grating: sf = array([2.5, 2.5])
702.4293 	EXP 	center_grating: phase = array([0.42367673, 0.42367673])
702.4369 	EXP 	New trial (rep=0, index=335): <Trial 335 (335 in rep 0) data={'center': -4, 'surround': -15.0, 'type': 'c-4', 'surr_type': 'negs', 'orient_opacity': 100, 'noise_opacity': 0, 'isi': 0.5, 'thisN': 335, 'thisTrialN': 335, 'thisRepN': 0}>
702.4412 	DATA 	Keypress: period
702.4483 	INFO 	Keyboard events cleared
702.4480 	EXP 	noise_3: autoDraw = False
702.4480 	EXP 	surround_grating: autoDraw = False
702.4480 	EXP 	center_grating: autoDraw = False
702.4480 	EXP 	text_2: autoDraw = False
702.4480 	EXP 	surround_grating: ori = -15.0
702.4480 	EXP 	surround_grating: sf = array([2.5, 2.5])
702.4480 	EXP 	surround_grating: phase = array([0.80949255, 0.80949255])
702.4480 	EXP 	center_grating: ori = -4.0
702.4480 	EXP 	center_grating: sf = array([2.5, 2.5])
702.4480 	EXP 	center_grating: phase = array([0.91744856, 0.91744856])
702.9312 	EXP 	noise_3: autoDraw = True
702.9312 	EXP 	surround_grating: autoDraw = True
702.9312 	EXP 	center_grating: autoDraw = True
703.0031 	EXP 	noise_3: autoDraw = False
703.0031 	EXP 	surround_grating: autoDraw = False
703.0031 	EXP 	center_grating: autoDraw = False
703.5238 	EXP 	New trial (rep=0, index=336): <Trial 336 (336 in rep 0) data={'center': -6, 'surround': -15.0, 'type': 'c-6', 'surr_type': 'negs', 'orient_opacity': 100, 'noise_opacity': 0, 'isi': 1.0, 'thisN': 336, 'thisTrialN': 336, 'thisRepN': 0}>
703.5293 	DATA 	Keypress: period
703.5347 	INFO 	Keyboard events cleared
703.5342 	EXP 	noise_3: autoDraw = False
703.5342 	EXP 	surround_grating: autoDraw = False
703.5342 	EXP 	center_grating: autoDraw = False
703.5342 	EXP 	text_2: autoDraw = False
703.5342 	EXP 	surround_grating: ori = -15.0
703.5342 	EXP 	surround_grating: sf = array([2.5, 2.5])
703.5342 	EXP 	surround_grating: phase = array([0.50949635, 0.50949635])
703.5342 	EXP 	center_grating: ori = -6.0
703.5342 	EXP 	center_grating: sf = array([2.5, 2.5])
703.5342 	EXP 	center_grating: phase = array([0.04931255, 0.04931255])
704.5243 	EXP 	noise_3: autoDraw = True
704.5243 	EXP 	surround_grating: autoDraw = True
704.5243 	EXP 	center_grating: autoDraw = True
704.5984 	EXP 	noise_3: autoDraw = False
704.5984 	EXP 	surround_grating: autoDraw = False
704.5984 	EXP 	center_grating: autoDraw = False
704.9342 	EXP 	New trial (rep=0, index=337): <Trial 337 (337 in rep 0) data={'center': 2, 'surround': 0.0, 'type': 'c+2', 'surr_type': 'noss', 'orient_opacity': 0, 'noise_opacity': 100, 'isi': 1.25, 'thisN': 337, 'thisTrialN': 337, 'thisRepN': 0}>
704.9396 	DATA 	Keypress: period
704.9454 	INFO 	Keyboard events cleared
704.9449 	EXP 	noise_3: autoDraw = False
704.9449 	EXP 	surround_grating: autoDraw = False
704.9449 	EXP 	center_grating: autoDraw = False
704.9449 	EXP 	text_2: autoDraw = False
704.9449 	EXP 	surround_grating: ori = 0.0
704.9449 	EXP 	surround_grating: sf = array([2.5, 2.5])
704.9449 	EXP 	surround_grating: phase = array([0.95851678, 0.95851678])
704.9449 	EXP 	center_grating: ori = 2.0
704.9449 	EXP 	center_grating: sf = array([2.5, 2.5])
704.9449 	EXP 	center_grating: phase = array([0.57729802, 0.57729802])
706.1812 	EXP 	noise_3: autoDraw = True
706.1812 	EXP 	surround_grating: autoDraw = True
706.1812 	EXP 	center_grating: autoDraw = True
706.2547 	EXP 	noise_3: autoDraw = False
706.2547 	EXP 	surround_grating: autoDraw = False
706.2547 	EXP 	center_grating: autoDraw = False
706.5262 	DATA 	Keypress: apostrophe
706.9731 	EXP 	New trial (rep=0, index=338): <Trial 338 (338 in rep 0) data={'center': 4, 'surround': 15.0, 'type': 'c+4', 'surr_type': 'poss', 'orient_opacity': 100, 'noise_opacity': 0, 'isi': 0.5, 'thisN': 338, 'thisTrialN': 338, 'thisRepN': 0}>
706.9781 	DATA 	Keypress: period
706.9842 	INFO 	Keyboard events cleared
706.9837 	EXP 	noise_3: autoDraw = False
706.9837 	EXP 	surround_grating: autoDraw = False
706.9837 	EXP 	center_grating: autoDraw = False
706.9837 	EXP 	text_2: autoDraw = False
706.9837 	EXP 	surround_grating: ori = 15.0
706.9837 	EXP 	surround_grating: sf = array([2.5, 2.5])
706.9837 	EXP 	surround_grating: phase = array([0.0680773, 0.0680773])
706.9837 	EXP 	center_grating: ori = 4.0
706.9837 	EXP 	center_grating: sf = array([2.5, 2.5])
706.9837 	EXP 	center_grating: phase = array([0.50221546, 0.50221546])
707.4736 	EXP 	noise_3: autoDraw = True
707.4736 	EXP 	surround_grating: autoDraw = True
707.4736 	EXP 	center_grating: autoDraw = True
707.5485 	EXP 	noise_3: autoDraw = False
707.5485 	EXP 	surround_grating: autoDraw = False
707.5485 	EXP 	center_grating: autoDraw = False
707.9353 	EXP 	New trial (rep=0, index=339): <Trial 339 (339 in rep 0) data={'center': -6, 'surround': -15.0, 'type': 'c-6', 'surr_type': 'negs', 'orient_opacity': 100, 'noise_opacity': 0, 'isi': 1.0, 'thisN': 339, 'thisTrialN': 339, 'thisRepN': 0}>
707.9407 	DATA 	Keypress: period
707.9465 	INFO 	Keyboard events cleared
707.9459 	EXP 	noise_3: autoDraw = False
707.9459 	EXP 	surround_grating: autoDraw = False
707.9459 	EXP 	center_grating: autoDraw = False
707.9459 	EXP 	text_2: autoDraw = False
707.9459 	EXP 	surround_grating: ori = -15.0
707.9459 	EXP 	surround_grating: sf = array([2.5, 2.5])
707.9459 	EXP 	surround_grating: phase = array([0.39501324, 0.39501324])
707.9459 	EXP 	center_grating: ori = -6.0
707.9459 	EXP 	center_grating: sf = array([2.5, 2.5])
707.9459 	EXP 	center_grating: phase = array([0.47098367, 0.47098367])
708.9304 	EXP 	noise_3: autoDraw = True
708.9304 	EXP 	surround_grating: autoDraw = True
708.9304 	EXP 	center_grating: autoDraw = True
709.0034 	EXP 	noise_3: autoDraw = False
709.0034 	EXP 	surround_grating: autoDraw = False
709.0034 	EXP 	center_grating: autoDraw = False
709.3564 	EXP 	New trial (rep=0, index=340): <Trial 340 (340 in rep 0) data={'center': 2, 'surround': 0.0, 'type': 'c+2', 'surr_type': 'noss', 'orient_opacity': 0, 'noise_opacity': 100, 'isi': 1.25, 'thisN': 340, 'thisTrialN': 340, 'thisRepN': 0}>
709.3615 	DATA 	Keypress: period
709.3678 	INFO 	Keyboard events cleared
709.3673 	EXP 	noise_3: autoDraw = False
709.3673 	EXP 	surround_grating: autoDraw = False
709.3673 	EXP 	center_grating: autoDraw = False
709.3673 	EXP 	text_2: autoDraw = False
709.3673 	EXP 	surround_grating: ori = 0.0
709.3673 	EXP 	surround_grating: sf = array([2.5, 2.5])
709.3673 	EXP 	surround_grating: phase = array([0.3463727, 0.3463727])
709.3673 	EXP 	center_grating: ori = 2.0
709.3673 	EXP 	center_grating: sf = array([2.5, 2.5])
709.3673 	EXP 	center_grating: phase = array([0.55990615, 0.55990615])
710.6068 	EXP 	noise_3: autoDraw = True
710.6068 	EXP 	surround_grating: autoDraw = True
710.6068 	EXP 	center_grating: autoDraw = True
710.6819 	EXP 	noise_3: autoDraw = False
710.6819 	EXP 	surround_grating: autoDraw = False
710.6819 	EXP 	center_grating: autoDraw = False
711.0680 	EXP 	New trial (rep=0, index=341): <Trial 341 (341 in rep 0) data={'center': -2, 'surround': 0.0, 'type': 'c-2', 'surr_type': 'noss', 'orient_opacity': 0, 'noise_opacity': 100, 'isi': 0.5, 'thisN': 341, 'thisTrialN': 341, 'thisRepN': 0}>
711.0732 	DATA 	Keypress: period
711.0791 	INFO 	Keyboard events cleared
711.0786 	EXP 	noise_3: autoDraw = False
711.0786 	EXP 	surround_grating: autoDraw = False
711.0786 	EXP 	center_grating: autoDraw = False
711.0786 	EXP 	text_2: autoDraw = False
711.0786 	EXP 	surround_grating: ori = 0.0
711.0786 	EXP 	surround_grating: sf = array([2.5, 2.5])
711.0786 	EXP 	surround_grating: phase = array([0.74467789, 0.74467789])
711.0786 	EXP 	center_grating: ori = -2.0
711.0786 	EXP 	center_grating: sf = array([2.5, 2.5])
711.0786 	EXP 	center_grating: phase = array([0.26636888, 0.26636888])
711.5648 	EXP 	noise_3: autoDraw = True
711.5648 	EXP 	surround_grating: autoDraw = True
711.5648 	EXP 	center_grating: autoDraw = True
711.6367 	EXP 	noise_3: autoDraw = False
711.6367 	EXP 	surround_grating: autoDraw = False
711.6367 	EXP 	center_grating: autoDraw = False
712.0902 	EXP 	New trial (rep=0, index=342): <Trial 342 (342 in rep 0) data={'center': 0, 'surround': 0.0, 'type': 'c+0', 'surr_type': 'noss', 'orient_opacity': 0, 'noise_opacity': 100, 'isi': 1.0, 'thisN': 342, 'thisTrialN': 342, 'thisRepN': 0}>
712.0954 	DATA 	Keypress: z
712.1016 	INFO 	Keyboard events cleared
712.1011 	EXP 	noise_3: autoDraw = False
712.1011 	EXP 	surround_grating: autoDraw = False
712.1011 	EXP 	center_grating: autoDraw = False
712.1011 	EXP 	text_2: autoDraw = False
712.1011 	EXP 	surround_grating: ori = 0.0
712.1011 	EXP 	surround_grating: sf = array([2.5, 2.5])
712.1011 	EXP 	surround_grating: phase = array([0.725204, 0.725204])
712.1011 	EXP 	center_grating: ori = 0.0
712.1011 	EXP 	center_grating: sf = array([2.5, 2.5])
712.1011 	EXP 	center_grating: phase = array([0.21128103, 0.21128103])
713.0912 	EXP 	noise_3: autoDraw = True
713.0912 	EXP 	surround_grating: autoDraw = True
713.0912 	EXP 	center_grating: autoDraw = True
713.1654 	EXP 	noise_3: autoDraw = False
713.1654 	EXP 	surround_grating: autoDraw = False
713.1654 	EXP 	center_grating: autoDraw = False
713.9551 	EXP 	New trial (rep=0, index=343): <Trial 343 (343 in rep 0) data={'center': 0, 'surround': 15.0, 'type': 'c+0', 'surr_type': 'poss', 'orient_opacity': 100, 'noise_opacity': 0, 'isi': 0.5, 'thisN': 343, 'thisTrialN': 343, 'thisRepN': 0}>
713.9604 	DATA 	Keypress: period
713.9822 	INFO 	Keyboard events cleared
713.9817 	EXP 	noise_3: autoDraw = False
713.9817 	EXP 	surround_grating: autoDraw = False
713.9817 	EXP 	center_grating: autoDraw = False
713.9817 	EXP 	text_2: autoDraw = False
713.9817 	EXP 	surround_grating: ori = 15.0
713.9817 	EXP 	surround_grating: sf = array([2.5, 2.5])
713.9817 	EXP 	surround_grating: phase = array([0.8362019, 0.8362019])
713.9817 	EXP 	center_grating: ori = 0.0
713.9817 	EXP 	center_grating: sf = array([2.5, 2.5])
713.9817 	EXP 	center_grating: phase = array([0.68492131, 0.68492131])
713.9852 	DATA 	Keypress: z
714.4482 	EXP 	noise_3: autoDraw = True
714.4482 	EXP 	surround_grating: autoDraw = True
714.4482 	EXP 	center_grating: autoDraw = True
714.5205 	EXP 	noise_3: autoDraw = False
714.5205 	EXP 	surround_grating: autoDraw = False
714.5205 	EXP 	center_grating: autoDraw = False
715.0013 	EXP 	New trial (rep=0, index=344): <Trial 344 (344 in rep 0) data={'center': 2, 'surround': 0.0, 'type': 'c+2', 'surr_type': 'noss', 'orient_opacity': 0, 'noise_opacity': 100, 'isi': 0.75, 'thisN': 344, 'thisTrialN': 344, 'thisRepN': 0}>
715.0064 	DATA 	Keypress: z
715.0087 	DATA 	Keypress: period
715.0144 	INFO 	Keyboard events cleared
715.0138 	EXP 	noise_3: autoDraw = False
715.0138 	EXP 	surround_grating: autoDraw = False
715.0138 	EXP 	center_grating: autoDraw = False
715.0138 	EXP 	text_2: autoDraw = False
715.0138 	EXP 	surround_grating: ori = 0.0
715.0138 	EXP 	surround_grating: sf = array([2.5, 2.5])
715.0138 	EXP 	surround_grating: phase = array([0.26411881, 0.26411881])
715.0138 	EXP 	center_grating: ori = 2.0
715.0138 	EXP 	center_grating: sf = array([2.5, 2.5])
715.0138 	EXP 	center_grating: phase = array([0.47722613, 0.47722613])
715.7482 	EXP 	noise_3: autoDraw = True
715.7482 	EXP 	surround_grating: autoDraw = True
715.7482 	EXP 	center_grating: autoDraw = True
715.8205 	EXP 	noise_3: autoDraw = False
715.8205 	EXP 	surround_grating: autoDraw = False
715.8205 	EXP 	center_grating: autoDraw = False
716.2683 	EXP 	New trial (rep=0, index=345): <Trial 345 (345 in rep 0) data={'center': 2, 'surround': 15.0, 'type': 'c+2', 'surr_type': 'poss', 'orient_opacity': 100, 'noise_opacity': 0, 'isi': 0.75, 'thisN': 345, 'thisTrialN': 345, 'thisRepN': 0}>
716.2734 	DATA 	Keypress: period
716.2796 	INFO 	Keyboard events cleared
716.2792 	EXP 	noise_3: autoDraw = False
716.2792 	EXP 	surround_grating: autoDraw = False
716.2792 	EXP 	center_grating: autoDraw = False
716.2792 	EXP 	text_2: autoDraw = False
716.2792 	EXP 	surround_grating: ori = 15.0
716.2792 	EXP 	surround_grating: sf = array([2.5, 2.5])
716.2792 	EXP 	surround_grating: phase = array([0.05510572, 0.05510572])
716.2792 	EXP 	center_grating: ori = 2.0
716.2792 	EXP 	center_grating: sf = array([2.5, 2.5])
716.2792 	EXP 	center_grating: phase = array([0.92921182, 0.92921182])
717.0149 	EXP 	noise_3: autoDraw = True
717.0149 	EXP 	surround_grating: autoDraw = True
717.0149 	EXP 	center_grating: autoDraw = True
717.0869 	EXP 	noise_3: autoDraw = False
717.0869 	EXP 	surround_grating: autoDraw = False
717.0869 	EXP 	center_grating: autoDraw = False
718.1869 	EXP 	New trial (rep=0, index=346): <Trial 346 (346 in rep 0) data={'center': 0, 'surround': 15.0, 'type': 'c+0', 'surr_type': 'poss', 'orient_opacity': 100, 'noise_opacity': 0, 'isi': 1.0, 'thisN': 346, 'thisTrialN': 346, 'thisRepN': 0}>
718.1929 	DATA 	Keypress: z
718.1988 	INFO 	Keyboard events cleared
718.1983 	EXP 	noise_3: autoDraw = False
718.1983 	EXP 	surround_grating: autoDraw = False
718.1983 	EXP 	center_grating: autoDraw = False
718.1983 	EXP 	text_2: autoDraw = False
718.1983 	EXP 	surround_grating: ori = 15.0
718.1983 	EXP 	surround_grating: sf = array([2.5, 2.5])
718.1983 	EXP 	surround_grating: phase = array([0.05627164, 0.05627164])
718.1983 	EXP 	center_grating: ori = 0.0
718.1983 	EXP 	center_grating: sf = array([2.5, 2.5])
718.1983 	EXP 	center_grating: phase = array([0.20506447, 0.20506447])
718.2353 	EXP 	New trial (rep=0, index=347): <Trial 347 (347 in rep 0) data={'center': -4, 'surround': -15.0, 'type': 'c-4', 'surr_type': 'negs', 'orient_opacity': 100, 'noise_opacity': 0, 'isi': 1.0, 'thisN': 347, 'thisTrialN': 347, 'thisRepN': 0}>
718.2400 	DATA 	Keypress: period
718.2457 	INFO 	Keyboard events cleared
718.2453 	EXP 	noise_3: autoDraw = False
718.2453 	EXP 	surround_grating: autoDraw = False
718.2453 	EXP 	center_grating: autoDraw = False
718.2453 	EXP 	text_2: autoDraw = False
718.2453 	EXP 	surround_grating: ori = -15.0
718.2453 	EXP 	surround_grating: sf = array([2.5, 2.5])
718.2453 	EXP 	surround_grating: phase = array([0.79193923, 0.79193923])
718.2453 	EXP 	center_grating: ori = -4.0
718.2453 	EXP 	center_grating: sf = array([2.5, 2.5])
718.2453 	EXP 	center_grating: phase = array([0.68785332, 0.68785332])
719.2312 	EXP 	noise_3: autoDraw = True
719.2312 	EXP 	surround_grating: autoDraw = True
719.2312 	EXP 	center_grating: autoDraw = True
719.3037 	EXP 	noise_3: autoDraw = False
719.3037 	EXP 	surround_grating: autoDraw = False
719.3037 	EXP 	center_grating: autoDraw = False
719.9585 	EXP 	New trial (rep=0, index=348): <Trial 348 (348 in rep 0) data={'center': 2, 'surround': -15.0, 'type': 'c+2', 'surr_type': 'negs', 'orient_opacity': 100, 'noise_opacity': 0, 'isi': 0.75, 'thisN': 348, 'thisTrialN': 348, 'thisRepN': 0}>
719.9637 	DATA 	Keypress: z
719.9694 	INFO 	Keyboard events cleared
719.9688 	EXP 	noise_3: autoDraw = False
719.9688 	EXP 	surround_grating: autoDraw = False
719.9688 	EXP 	center_grating: autoDraw = False
719.9688 	EXP 	text_2: autoDraw = False
719.9688 	EXP 	surround_grating: ori = -15.0
719.9688 	EXP 	surround_grating: sf = array([2.5, 2.5])
719.9688 	EXP 	surround_grating: phase = array([0.86453665, 0.86453665])
719.9688 	EXP 	center_grating: ori = 2.0
719.9688 	EXP 	center_grating: sf = array([2.5, 2.5])
719.9688 	EXP 	center_grating: phase = array([0.19967873, 0.19967873])
719.9721 	DATA 	Keypress: period
720.1347 	EXP 	New trial (rep=0, index=349): <Trial 349 (349 in rep 0) data={'center': 4, 'surround': 0.0, 'type': 'c+4', 'surr_type': 'noss', 'orient_opacity': 0, 'noise_opacity': 100, 'isi': 1.0, 'thisN': 349, 'thisTrialN': 349, 'thisRepN': 0}>
720.1432 	INFO 	Keyboard events cleared
720.1428 	EXP 	noise_3: autoDraw = False
720.1428 	EXP 	surround_grating: autoDraw = False
720.1428 	EXP 	center_grating: autoDraw = False
720.1428 	EXP 	text_2: autoDraw = False
720.1428 	EXP 	surround_grating: ori = 0.0
720.1428 	EXP 	surround_grating: sf = array([2.5, 2.5])
720.1428 	EXP 	surround_grating: phase = array([0.15312151, 0.15312151])
720.1428 	EXP 	center_grating: ori = 4.0
720.1428 	EXP 	center_grating: sf = array([2.5, 2.5])
720.1428 	EXP 	center_grating: phase = array([0.22484143, 0.22484143])
721.1318 	EXP 	noise_3: autoDraw = True
721.1318 	EXP 	surround_grating: autoDraw = True
721.1318 	EXP 	center_grating: autoDraw = True
721.2047 	EXP 	noise_3: autoDraw = False
721.2047 	EXP 	surround_grating: autoDraw = False
721.2047 	EXP 	center_grating: autoDraw = False
721.6691 	EXP 	New trial (rep=0, index=350): <Trial 350 (350 in rep 0) data={'center': 8, 'surround': 15.0, 'type': 'c+8', 'surr_type': 'poss', 'orient_opacity': 100, 'noise_opacity': 0, 'isi': 1.25, 'thisN': 350, 'thisTrialN': 350, 'thisRepN': 0}>
721.6749 	DATA 	Keypress: period
721.6809 	INFO 	Keyboard events cleared
721.6805 	EXP 	noise_3: autoDraw = False
721.6805 	EXP 	surround_grating: autoDraw = False
721.6805 	EXP 	center_grating: autoDraw = False
721.6805 	EXP 	text_2: autoDraw = False
721.6805 	EXP 	surround_grating: ori = 15.0
721.6805 	EXP 	surround_grating: sf = array([2.5, 2.5])
721.6805 	EXP 	surround_grating: phase = array([0.71194095, 0.71194095])
721.6805 	EXP 	center_grating: ori = 8.0
721.6805 	EXP 	center_grating: sf = array([2.5, 2.5])
721.6805 	EXP 	center_grating: phase = array([0.37847526, 0.37847526])
722.9151 	EXP 	noise_3: autoDraw = True
722.9151 	EXP 	surround_grating: autoDraw = True
722.9151 	EXP 	center_grating: autoDraw = True
722.9868 	EXP 	noise_3: autoDraw = False
722.9868 	EXP 	surround_grating: autoDraw = False
722.9868 	EXP 	center_grating: autoDraw = False
723.4253 	EXP 	New trial (rep=0, index=351): <Trial 351 (351 in rep 0) data={'center': 2, 'surround': 15.0, 'type': 'c+2', 'surr_type': 'poss', 'orient_opacity': 100, 'noise_opacity': 0, 'isi': 1.25, 'thisN': 351, 'thisTrialN': 351, 'thisRepN': 0}>
723.4309 	DATA 	Keypress: period
723.4363 	INFO 	Keyboard events cleared
723.4358 	EXP 	noise_3: autoDraw = False
723.4358 	EXP 	surround_grating: autoDraw = False
723.4358 	EXP 	center_grating: autoDraw = False
723.4358 	EXP 	text_2: autoDraw = False
723.4358 	EXP 	surround_grating: ori = 15.0
723.4358 	EXP 	surround_grating: sf = array([2.5, 2.5])
723.4358 	EXP 	surround_grating: phase = array([0.14794848, 0.14794848])
723.4358 	EXP 	center_grating: ori = 2.0
723.4358 	EXP 	center_grating: sf = array([2.5, 2.5])
723.4358 	EXP 	center_grating: phase = array([0.76271434, 0.76271434])
724.6752 	EXP 	noise_3: autoDraw = True
724.6752 	EXP 	surround_grating: autoDraw = True
724.6752 	EXP 	center_grating: autoDraw = True
724.7492 	EXP 	noise_3: autoDraw = False
724.7492 	EXP 	surround_grating: autoDraw = False
724.7492 	EXP 	center_grating: autoDraw = False
726.2858 	EXP 	New trial (rep=0, index=352): <Trial 352 (352 in rep 0) data={'center': 6, 'surround': 15.0, 'type': 'c+6', 'surr_type': 'poss', 'orient_opacity': 100, 'noise_opacity': 0, 'isi': 1.0, 'thisN': 352, 'thisTrialN': 352, 'thisRepN': 0}>
726.2909 	DATA 	Keypress: period
726.2969 	INFO 	Keyboard events cleared
726.2964 	EXP 	noise_3: autoDraw = False
726.2964 	EXP 	surround_grating: autoDraw = False
726.2964 	EXP 	center_grating: autoDraw = False
726.2964 	EXP 	text_2: autoDraw = False
726.2964 	EXP 	surround_grating: ori = 15.0
726.2964 	EXP 	surround_grating: sf = array([2.5, 2.5])
726.2964 	EXP 	surround_grating: phase = array([0.90228857, 0.90228857])
726.2964 	EXP 	center_grating: ori = 6.0
726.2964 	EXP 	center_grating: sf = array([2.5, 2.5])
726.2964 	EXP 	center_grating: phase = array([0.46571818, 0.46571818])
727.2822 	EXP 	noise_3: autoDraw = True
727.2822 	EXP 	surround_grating: autoDraw = True
727.2822 	EXP 	center_grating: autoDraw = True
727.3540 	EXP 	noise_3: autoDraw = False
727.3540 	EXP 	surround_grating: autoDraw = False
727.3540 	EXP 	center_grating: autoDraw = False
727.9251 	EXP 	New trial (rep=0, index=353): <Trial 353 (353 in rep 0) data={'center': 6, 'surround': 15.0, 'type': 'c+6', 'surr_type': 'poss', 'orient_opacity': 100, 'noise_opacity': 0, 'isi': 0.75, 'thisN': 353, 'thisTrialN': 353, 'thisRepN': 0}>
727.9304 	DATA 	Keypress: period
727.9359 	INFO 	Keyboard events cleared
727.9353 	EXP 	noise_3: autoDraw = False
727.9353 	EXP 	surround_grating: autoDraw = False
727.9353 	EXP 	center_grating: autoDraw = False
727.9353 	EXP 	text_2: autoDraw = False
727.9353 	EXP 	surround_grating: ori = 15.0
727.9353 	EXP 	surround_grating: sf = array([2.5, 2.5])
727.9353 	EXP 	surround_grating: phase = array([0.13637329, 0.13637329])
727.9353 	EXP 	center_grating: ori = 6.0
727.9353 	EXP 	center_grating: sf = array([2.5, 2.5])
727.9353 	EXP 	center_grating: phase = array([0.70618767, 0.70618767])
728.6747 	EXP 	noise_3: autoDraw = True
728.6747 	EXP 	surround_grating: autoDraw = True
728.6747 	EXP 	center_grating: autoDraw = True
728.7493 	EXP 	noise_3: autoDraw = False
728.7493 	EXP 	surround_grating: autoDraw = False
728.7493 	EXP 	center_grating: autoDraw = False
729.0748 	EXP 	New trial (rep=0, index=354): <Trial 354 (354 in rep 0) data={'center': -4, 'surround': -15.0, 'type': 'c-4', 'surr_type': 'negs', 'orient_opacity': 100, 'noise_opacity': 0, 'isi': 0.75, 'thisN': 354, 'thisTrialN': 354, 'thisRepN': 0}>
729.0801 	DATA 	Keypress: period
729.0855 	INFO 	Keyboard events cleared
729.0850 	EXP 	noise_3: autoDraw = False
729.0850 	EXP 	surround_grating: autoDraw = False
729.0850 	EXP 	center_grating: autoDraw = False
729.0850 	EXP 	text_2: autoDraw = False
729.0850 	EXP 	surround_grating: ori = -15.0
729.0850 	EXP 	surround_grating: sf = array([2.5, 2.5])
729.0850 	EXP 	surround_grating: phase = array([0.2249213, 0.2249213])
729.0850 	EXP 	center_grating: ori = -4.0
729.0850 	EXP 	center_grating: sf = array([2.5, 2.5])
729.0850 	EXP 	center_grating: phase = array([0.53702304, 0.53702304])
729.8251 	EXP 	noise_3: autoDraw = True
729.8251 	EXP 	surround_grating: autoDraw = True
729.8251 	EXP 	center_grating: autoDraw = True
729.8992 	EXP 	noise_3: autoDraw = False
729.8992 	EXP 	surround_grating: autoDraw = False
729.8992 	EXP 	center_grating: autoDraw = False
730.2018 	EXP 	New trial (rep=0, index=355): <Trial 355 (355 in rep 0) data={'center': 2, 'surround': 0.0, 'type': 'c+2', 'surr_type': 'noss', 'orient_opacity': 0, 'noise_opacity': 100, 'isi': 0.75, 'thisN': 355, 'thisTrialN': 355, 'thisRepN': 0}>
730.2072 	DATA 	Keypress: period
730.2131 	INFO 	Keyboard events cleared
730.2126 	EXP 	noise_3: autoDraw = False
730.2126 	EXP 	surround_grating: autoDraw = False
730.2126 	EXP 	center_grating: autoDraw = False
730.2126 	EXP 	text_2: autoDraw = False
730.2126 	EXP 	surround_grating: ori = 0.0
730.2126 	EXP 	surround_grating: sf = array([2.5, 2.5])
730.2126 	EXP 	surround_grating: phase = array([0.45355516, 0.45355516])
730.2126 	EXP 	center_grating: ori = 2.0
730.2126 	EXP 	center_grating: sf = array([2.5, 2.5])
730.2126 	EXP 	center_grating: phase = array([0.53465557, 0.53465557])
730.9490 	EXP 	noise_3: autoDraw = True
730.9490 	EXP 	surround_grating: autoDraw = True
730.9490 	EXP 	center_grating: autoDraw = True
731.0211 	EXP 	noise_3: autoDraw = False
731.0211 	EXP 	surround_grating: autoDraw = False
731.0211 	EXP 	center_grating: autoDraw = False
731.5060 	DATA 	Keypress: period
731.5128 	EXP 	New trial (rep=0, index=356): <Trial 356 (356 in rep 0) data={'center': 4, 'surround': 15.0, 'type': 'c+4', 'surr_type': 'poss', 'orient_opacity': 100, 'noise_opacity': 0, 'isi': 1.0, 'thisN': 356, 'thisTrialN': 356, 'thisRepN': 0}>
731.5195 	INFO 	Keyboard events cleared
731.5191 	EXP 	noise_3: autoDraw = False
731.5191 	EXP 	surround_grating: autoDraw = False
731.5191 	EXP 	center_grating: autoDraw = False
731.5191 	EXP 	text_2: autoDraw = False
731.5191 	EXP 	surround_grating: ori = 15.0
731.5191 	EXP 	surround_grating: sf = array([2.5, 2.5])
731.5191 	EXP 	surround_grating: phase = array([0.78774206, 0.78774206])
731.5191 	EXP 	center_grating: ori = 4.0
731.5191 	EXP 	center_grating: sf = array([2.5, 2.5])
731.5191 	EXP 	center_grating: phase = array([0.05896051, 0.05896051])
732.5089 	EXP 	noise_3: autoDraw = True
732.5089 	EXP 	surround_grating: autoDraw = True
732.5089 	EXP 	center_grating: autoDraw = True
732.5828 	EXP 	noise_3: autoDraw = False
732.5828 	EXP 	surround_grating: autoDraw = False
732.5828 	EXP 	center_grating: autoDraw = False
732.9867 	EXP 	New trial (rep=0, index=357): <Trial 357 (357 in rep 0) data={'center': 8, 'surround': 15.0, 'type': 'c+8', 'surr_type': 'poss', 'orient_opacity': 100, 'noise_opacity': 0, 'isi': 1.25, 'thisN': 357, 'thisTrialN': 357, 'thisRepN': 0}>
732.9919 	DATA 	Keypress: period
732.9983 	INFO 	Keyboard events cleared
732.9977 	EXP 	noise_3: autoDraw = False
732.9977 	EXP 	surround_grating: autoDraw = False
732.9977 	EXP 	center_grating: autoDraw = False
732.9977 	EXP 	text_2: autoDraw = False
732.9977 	EXP 	surround_grating: ori = 15.0
732.9977 	EXP 	surround_grating: sf = array([2.5, 2.5])
732.9977 	EXP 	surround_grating: phase = array([0.98996805, 0.98996805])
732.9977 	EXP 	center_grating: ori = 8.0
732.9977 	EXP 	center_grating: sf = array([2.5, 2.5])
732.9977 	EXP 	center_grating: phase = array([0.38194765, 0.38194765])
734.2322 	EXP 	noise_3: autoDraw = True
734.2322 	EXP 	surround_grating: autoDraw = True
734.2322 	EXP 	center_grating: autoDraw = True
734.3042 	EXP 	noise_3: autoDraw = False
734.3042 	EXP 	surround_grating: autoDraw = False
734.3042 	EXP 	center_grating: autoDraw = False
734.7192 	EXP 	New trial (rep=0, index=358): <Trial 358 (358 in rep 0) data={'center': -2, 'surround': 15.0, 'type': 'c-2', 'surr_type': 'poss', 'orient_opacity': 100, 'noise_opacity': 0, 'isi': 1.0, 'thisN': 358, 'thisTrialN': 358, 'thisRepN': 0}>
734.7254 	DATA 	Keypress: period
734.7314 	INFO 	Keyboard events cleared
734.7309 	EXP 	noise_3: autoDraw = False
734.7309 	EXP 	surround_grating: autoDraw = False
734.7309 	EXP 	center_grating: autoDraw = False
734.7309 	EXP 	text_2: autoDraw = False
734.7309 	EXP 	surround_grating: ori = 15.0
734.7309 	EXP 	surround_grating: sf = array([2.5, 2.5])
734.7309 	EXP 	surround_grating: phase = array([0.17935886, 0.17935886])
734.7309 	EXP 	center_grating: ori = -2.0
734.7309 	EXP 	center_grating: sf = array([2.5, 2.5])
734.7309 	EXP 	center_grating: phase = array([0.5577507, 0.5577507])
735.7156 	EXP 	noise_3: autoDraw = True
735.7156 	EXP 	surround_grating: autoDraw = True
735.7156 	EXP 	center_grating: autoDraw = True
735.7882 	EXP 	noise_3: autoDraw = False
735.7882 	EXP 	surround_grating: autoDraw = False
735.7882 	EXP 	center_grating: autoDraw = False
736.3359 	EXP 	New trial (rep=0, index=359): <Trial 359 (359 in rep 0) data={'center': 0, 'surround': 0.0, 'type': 'c+0', 'surr_type': 'noss', 'orient_opacity': 0, 'noise_opacity': 100, 'isi': 0.5, 'thisN': 359, 'thisTrialN': 359, 'thisRepN': 0}>
736.3418 	DATA 	Keypress: z
736.3482 	INFO 	Keyboard events cleared
736.3477 	EXP 	noise_3: autoDraw = False
736.3477 	EXP 	surround_grating: autoDraw = False
736.3477 	EXP 	center_grating: autoDraw = False
736.3477 	EXP 	text_2: autoDraw = False
736.3477 	EXP 	surround_grating: ori = 0.0
736.3477 	EXP 	surround_grating: sf = array([2.5, 2.5])
736.3477 	EXP 	surround_grating: phase = array([0.57932322, 0.57932322])
736.3477 	EXP 	center_grating: ori = 0.0
736.3477 	EXP 	center_grating: sf = array([2.5, 2.5])
736.3477 	EXP 	center_grating: phase = array([0.91392129, 0.91392129])
736.8324 	EXP 	noise_3: autoDraw = True
736.8324 	EXP 	surround_grating: autoDraw = True
736.8324 	EXP 	center_grating: autoDraw = True
736.9046 	EXP 	noise_3: autoDraw = False
736.9046 	EXP 	surround_grating: autoDraw = False
736.9046 	EXP 	center_grating: autoDraw = False
738.0689 	EXP 	New trial (rep=0, index=360): <Trial 360 (360 in rep 0) data={'center': 4, 'surround': 0.0, 'type': 'c+4', 'surr_type': 'noss', 'orient_opacity': 0, 'noise_opacity': 100, 'isi': 1.25, 'thisN': 360, 'thisTrialN': 360, 'thisRepN': 0}>
738.0750 	DATA 	Keypress: z
738.0814 	INFO 	Keyboard events cleared
738.0809 	EXP 	noise_3: autoDraw = False
738.0809 	EXP 	surround_grating: autoDraw = False
738.0809 	EXP 	center_grating: autoDraw = False
738.0809 	EXP 	text_2: autoDraw = False
738.0809 	EXP 	surround_grating: ori = 0.0
738.0809 	EXP 	surround_grating: sf = array([2.5, 2.5])
738.0809 	EXP 	surround_grating: phase = array([0.31497828, 0.31497828])
738.0809 	EXP 	center_grating: ori = 4.0
738.0809 	EXP 	center_grating: sf = array([2.5, 2.5])
738.0809 	EXP 	center_grating: phase = array([0.26147321, 0.26147321])
739.3157 	EXP 	noise_3: autoDraw = True
739.3157 	EXP 	surround_grating: autoDraw = True
739.3157 	EXP 	center_grating: autoDraw = True
739.3885 	EXP 	noise_3: autoDraw = False
739.3885 	EXP 	surround_grating: autoDraw = False
739.3885 	EXP 	center_grating: autoDraw = False
739.9559 	DATA 	Keypress: period
739.9629 	EXP 	New trial (rep=0, index=361): <Trial 361 (361 in rep 0) data={'center': 0, 'surround': 0.0, 'type': 'c+0', 'surr_type': 'noss', 'orient_opacity': 0, 'noise_opacity': 100, 'isi': 1.25, 'thisN': 361, 'thisTrialN': 361, 'thisRepN': 0}>
739.9697 	INFO 	Keyboard events cleared
739.9692 	EXP 	noise_3: autoDraw = False
739.9692 	EXP 	surround_grating: autoDraw = False
739.9692 	EXP 	center_grating: autoDraw = False
739.9692 	EXP 	text_2: autoDraw = False
739.9692 	EXP 	surround_grating: ori = 0.0
739.9692 	EXP 	surround_grating: sf = array([2.5, 2.5])
739.9692 	EXP 	surround_grating: phase = array([0.84096949, 0.84096949])
739.9692 	EXP 	center_grating: ori = 0.0
739.9692 	EXP 	center_grating: sf = array([2.5, 2.5])
739.9692 	EXP 	center_grating: phase = array([0.50941814, 0.50941814])
741.2084 	EXP 	noise_3: autoDraw = True
741.2084 	EXP 	surround_grating: autoDraw = True
741.2084 	EXP 	center_grating: autoDraw = True
741.2830 	EXP 	noise_3: autoDraw = False
741.2830 	EXP 	surround_grating: autoDraw = False
741.2830 	EXP 	center_grating: autoDraw = False
742.0361 	EXP 	New trial (rep=0, index=362): <Trial 362 (362 in rep 0) data={'center': -2, 'surround': 0.0, 'type': 'c-2', 'surr_type': 'noss', 'orient_opacity': 0, 'noise_opacity': 100, 'isi': 0.5, 'thisN': 362, 'thisTrialN': 362, 'thisRepN': 0}>
742.0417 	DATA 	Keypress: period
742.0476 	INFO 	Keyboard events cleared
742.0472 	EXP 	noise_3: autoDraw = False
742.0472 	EXP 	surround_grating: autoDraw = False
742.0472 	EXP 	center_grating: autoDraw = False
742.0472 	EXP 	text_2: autoDraw = False
742.0472 	EXP 	surround_grating: ori = 0.0
742.0472 	EXP 	surround_grating: sf = array([2.5, 2.5])
742.0472 	EXP 	surround_grating: phase = array([0.34202829, 0.34202829])
742.0472 	EXP 	center_grating: ori = -2.0
742.0472 	EXP 	center_grating: sf = array([2.5, 2.5])
742.0472 	EXP 	center_grating: phase = array([0.00513501, 0.00513501])
742.5315 	EXP 	noise_3: autoDraw = True
742.5315 	EXP 	surround_grating: autoDraw = True
742.5315 	EXP 	center_grating: autoDraw = True
742.6047 	EXP 	noise_3: autoDraw = False
742.6047 	EXP 	surround_grating: autoDraw = False
742.6047 	EXP 	center_grating: autoDraw = False
743.1359 	EXP 	New trial (rep=0, index=363): <Trial 363 (363 in rep 0) data={'center': 2, 'surround': 15.0, 'type': 'c+2', 'surr_type': 'poss', 'orient_opacity': 100, 'noise_opacity': 0, 'isi': 1.0, 'thisN': 363, 'thisTrialN': 363, 'thisRepN': 0}>
743.1409 	DATA 	Keypress: z
743.1472 	INFO 	Keyboard events cleared
743.1466 	EXP 	noise_3: autoDraw = False
743.1466 	EXP 	surround_grating: autoDraw = False
743.1466 	EXP 	center_grating: autoDraw = False
743.1466 	EXP 	text_2: autoDraw = False
743.1466 	EXP 	surround_grating: ori = 15.0
743.1466 	EXP 	surround_grating: sf = array([2.5, 2.5])
743.1466 	EXP 	surround_grating: phase = array([0.51804599, 0.51804599])
743.1466 	EXP 	center_grating: ori = 2.0
743.1466 	EXP 	center_grating: sf = array([2.5, 2.5])
743.1466 	EXP 	center_grating: phase = array([0.1709162, 0.1709162])
744.1326 	EXP 	noise_3: autoDraw = True
744.1326 	EXP 	surround_grating: autoDraw = True
744.1326 	EXP 	center_grating: autoDraw = True
744.2046 	EXP 	noise_3: autoDraw = False
744.2046 	EXP 	surround_grating: autoDraw = False
744.2046 	EXP 	center_grating: autoDraw = False
744.7740 	EXP 	New trial (rep=0, index=364): <Trial 364 (364 in rep 0) data={'center': -4, 'surround': 0.0, 'type': 'c-4', 'surr_type': 'noss', 'orient_opacity': 0, 'noise_opacity': 100, 'isi': 0.75, 'thisN': 364, 'thisTrialN': 364, 'thisRepN': 0}>
744.7789 	DATA 	Keypress: period
744.7853 	INFO 	Keyboard events cleared
744.7848 	EXP 	noise_3: autoDraw = False
744.7848 	EXP 	surround_grating: autoDraw = False
744.7848 	EXP 	center_grating: autoDraw = False
744.7848 	EXP 	text_2: autoDraw = False
744.7848 	EXP 	surround_grating: ori = 0.0
744.7848 	EXP 	surround_grating: sf = array([2.5, 2.5])
744.7848 	EXP 	surround_grating: phase = array([0.1597904, 0.1597904])
744.7848 	EXP 	center_grating: ori = -4.0
744.7848 	EXP 	center_grating: sf = array([2.5, 2.5])
744.7848 	EXP 	center_grating: phase = array([0.42874799, 0.42874799])
745.5259 	EXP 	noise_3: autoDraw = True
745.5259 	EXP 	surround_grating: autoDraw = True
745.5259 	EXP 	center_grating: autoDraw = True
745.5999 	EXP 	noise_3: autoDraw = False
745.5999 	EXP 	surround_grating: autoDraw = False
745.5999 	EXP 	center_grating: autoDraw = False
746.1023 	EXP 	New trial (rep=0, index=365): <Trial 365 (365 in rep 0) data={'center': 8, 'surround': 15.0, 'type': 'c+8', 'surr_type': 'poss', 'orient_opacity': 100, 'noise_opacity': 0, 'isi': 0.5, 'thisN': 365, 'thisTrialN': 365, 'thisRepN': 0}>
746.1073 	DATA 	Keypress: z
746.1133 	INFO 	Keyboard events cleared
746.1127 	EXP 	noise_3: autoDraw = False
746.1127 	EXP 	surround_grating: autoDraw = False
746.1127 	EXP 	center_grating: autoDraw = False
746.1127 	EXP 	text_2: autoDraw = False
746.1127 	EXP 	surround_grating: ori = 15.0
746.1127 	EXP 	surround_grating: sf = array([2.5, 2.5])
746.1127 	EXP 	surround_grating: phase = array([0.26043521, 0.26043521])
746.1127 	EXP 	center_grating: ori = 8.0
746.1127 	EXP 	center_grating: sf = array([2.5, 2.5])
746.1127 	EXP 	center_grating: phase = array([0.20967437, 0.20967437])
746.5993 	EXP 	noise_3: autoDraw = True
746.5993 	EXP 	surround_grating: autoDraw = True
746.5993 	EXP 	center_grating: autoDraw = True
746.6718 	EXP 	noise_3: autoDraw = False
746.6718 	EXP 	surround_grating: autoDraw = False
746.6718 	EXP 	center_grating: autoDraw = False
747.1087 	EXP 	New trial (rep=0, index=366): <Trial 366 (366 in rep 0) data={'center': 2, 'surround': 15.0, 'type': 'c+2', 'surr_type': 'poss', 'orient_opacity': 100, 'noise_opacity': 0, 'isi': 0.5, 'thisN': 366, 'thisTrialN': 366, 'thisRepN': 0}>
747.1142 	DATA 	Keypress: period
747.1197 	INFO 	Keyboard events cleared
747.1192 	EXP 	noise_3: autoDraw = False
747.1192 	EXP 	surround_grating: autoDraw = False
747.1192 	EXP 	center_grating: autoDraw = False
747.1192 	EXP 	text_2: autoDraw = False
747.1192 	EXP 	surround_grating: ori = 15.0
747.1192 	EXP 	surround_grating: sf = array([2.5, 2.5])
747.1192 	EXP 	surround_grating: phase = array([0.17234787, 0.17234787])
747.1192 	EXP 	center_grating: ori = 2.0
747.1192 	EXP 	center_grating: sf = array([2.5, 2.5])
747.1192 	EXP 	center_grating: phase = array([0.96509549, 0.96509549])
747.6094 	EXP 	noise_3: autoDraw = True
747.6094 	EXP 	surround_grating: autoDraw = True
747.6094 	EXP 	center_grating: autoDraw = True
747.6832 	EXP 	noise_3: autoDraw = False
747.6832 	EXP 	surround_grating: autoDraw = False
747.6832 	EXP 	center_grating: autoDraw = False
748.2697 	EXP 	New trial (rep=0, index=367): <Trial 367 (367 in rep 0) data={'center': -6, 'surround': -15.0, 'type': 'c-6', 'surr_type': 'negs', 'orient_opacity': 100, 'noise_opacity': 0, 'isi': 1.25, 'thisN': 367, 'thisTrialN': 367, 'thisRepN': 0}>
748.2756 	DATA 	Keypress: z
748.2819 	INFO 	Keyboard events cleared
748.2814 	EXP 	noise_3: autoDraw = False
748.2814 	EXP 	surround_grating: autoDraw = False
748.2814 	EXP 	center_grating: autoDraw = False
748.2814 	EXP 	text_2: autoDraw = False
748.2814 	EXP 	surround_grating: ori = -15.0
748.2814 	EXP 	surround_grating: sf = array([2.5, 2.5])
748.2814 	EXP 	surround_grating: phase = array([0.04329908, 0.04329908])
748.2814 	EXP 	center_grating: ori = -6.0
748.2814 	EXP 	center_grating: sf = array([2.5, 2.5])
748.2814 	EXP 	center_grating: phase = array([0.61549769, 0.61549769])
749.5160 	EXP 	noise_3: autoDraw = True
749.5160 	EXP 	surround_grating: autoDraw = True
749.5160 	EXP 	center_grating: autoDraw = True
749.5882 	EXP 	noise_3: autoDraw = False
749.5882 	EXP 	surround_grating: autoDraw = False
749.5882 	EXP 	center_grating: autoDraw = False
750.1247 	EXP 	New trial (rep=0, index=368): <Trial 368 (368 in rep 0) data={'center': -2, 'surround': 15.0, 'type': 'c-2', 'surr_type': 'poss', 'orient_opacity': 100, 'noise_opacity': 0, 'isi': 0.5, 'thisN': 368, 'thisTrialN': 368, 'thisRepN': 0}>
750.1298 	DATA 	Keypress: z
750.1361 	INFO 	Keyboard events cleared
750.1355 	EXP 	noise_3: autoDraw = False
750.1355 	EXP 	surround_grating: autoDraw = False
750.1355 	EXP 	center_grating: autoDraw = False
750.1355 	EXP 	text_2: autoDraw = False
750.1355 	EXP 	surround_grating: ori = 15.0
750.1355 	EXP 	surround_grating: sf = array([2.5, 2.5])
750.1355 	EXP 	surround_grating: phase = array([0.87826483, 0.87826483])
750.1355 	EXP 	center_grating: ori = -2.0
750.1355 	EXP 	center_grating: sf = array([2.5, 2.5])
750.1355 	EXP 	center_grating: phase = array([0.80118499, 0.80118499])
750.6255 	EXP 	noise_3: autoDraw = True
750.6255 	EXP 	surround_grating: autoDraw = True
750.6255 	EXP 	center_grating: autoDraw = True
750.7000 	EXP 	noise_3: autoDraw = False
750.7000 	EXP 	surround_grating: autoDraw = False
750.7000 	EXP 	center_grating: autoDraw = False
751.1255 	EXP 	New trial (rep=0, index=369): <Trial 369 (369 in rep 0) data={'center': 2, 'surround': 0.0, 'type': 'c+2', 'surr_type': 'noss', 'orient_opacity': 0, 'noise_opacity': 100, 'isi': 0.5, 'thisN': 369, 'thisTrialN': 369, 'thisRepN': 0}>
751.1308 	DATA 	Keypress: z
751.1362 	INFO 	Keyboard events cleared
751.1357 	EXP 	noise_3: autoDraw = False
751.1357 	EXP 	surround_grating: autoDraw = False
751.1357 	EXP 	center_grating: autoDraw = False
751.1357 	EXP 	text_2: autoDraw = False
751.1357 	EXP 	surround_grating: ori = 0.0
751.1357 	EXP 	surround_grating: sf = array([2.5, 2.5])
751.1357 	EXP 	surround_grating: phase = array([0.58572921, 0.58572921])
751.1357 	EXP 	center_grating: ori = 2.0
751.1357 	EXP 	center_grating: sf = array([2.5, 2.5])
751.1357 	EXP 	center_grating: phase = array([0.5761138, 0.5761138])
751.6259 	EXP 	noise_3: autoDraw = True
751.6259 	EXP 	surround_grating: autoDraw = True
751.6259 	EXP 	center_grating: autoDraw = True
751.7001 	EXP 	noise_3: autoDraw = False
751.7001 	EXP 	surround_grating: autoDraw = False
751.7001 	EXP 	center_grating: autoDraw = False
752.2709 	EXP 	New trial (rep=0, index=370): <Trial 370 (370 in rep 0) data={'center': 2, 'surround': 0.0, 'type': 'c+2', 'surr_type': 'noss', 'orient_opacity': 0, 'noise_opacity': 100, 'isi': 0.75, 'thisN': 370, 'thisTrialN': 370, 'thisRepN': 0}>
752.2764 	DATA 	Keypress: period
752.2824 	INFO 	Keyboard events cleared
752.2819 	EXP 	noise_3: autoDraw = False
752.2819 	EXP 	surround_grating: autoDraw = False
752.2819 	EXP 	center_grating: autoDraw = False
752.2819 	EXP 	text_2: autoDraw = False
752.2819 	EXP 	surround_grating: ori = 0.0
752.2819 	EXP 	surround_grating: sf = array([2.5, 2.5])
752.2819 	EXP 	surround_grating: phase = array([0.37309061, 0.37309061])
752.2819 	EXP 	center_grating: ori = 2.0
752.2819 	EXP 	center_grating: sf = array([2.5, 2.5])
752.2819 	EXP 	center_grating: phase = array([0.45778521, 0.45778521])
753.0162 	EXP 	noise_3: autoDraw = True
753.0162 	EXP 	surround_grating: autoDraw = True
753.0162 	EXP 	center_grating: autoDraw = True
753.0897 	EXP 	noise_3: autoDraw = False
753.0897 	EXP 	surround_grating: autoDraw = False
753.0897 	EXP 	center_grating: autoDraw = False
753.5854 	EXP 	New trial (rep=0, index=371): <Trial 371 (371 in rep 0) data={'center': 2, 'surround': 0.0, 'type': 'c+2', 'surr_type': 'noss', 'orient_opacity': 0, 'noise_opacity': 100, 'isi': 0.75, 'thisN': 371, 'thisTrialN': 371, 'thisRepN': 0}>
753.5906 	DATA 	Keypress: period
753.5966 	INFO 	Keyboard events cleared
753.5961 	EXP 	noise_3: autoDraw = False
753.5961 	EXP 	surround_grating: autoDraw = False
753.5961 	EXP 	center_grating: autoDraw = False
753.5961 	EXP 	text_2: autoDraw = False
753.5961 	EXP 	surround_grating: ori = 0.0
753.5961 	EXP 	surround_grating: sf = array([2.5, 2.5])
753.5961 	EXP 	surround_grating: phase = array([0.75779938, 0.75779938])
753.5961 	EXP 	center_grating: ori = 2.0
753.5961 	EXP 	center_grating: sf = array([2.5, 2.5])
753.5961 	EXP 	center_grating: phase = array([0.98564155, 0.98564155])
754.3329 	EXP 	noise_3: autoDraw = True
754.3329 	EXP 	surround_grating: autoDraw = True
754.3329 	EXP 	center_grating: autoDraw = True
754.4051 	EXP 	noise_3: autoDraw = False
754.4051 	EXP 	surround_grating: autoDraw = False
754.4051 	EXP 	center_grating: autoDraw = False
754.9692 	EXP 	New trial (rep=0, index=372): <Trial 372 (372 in rep 0) data={'center': 8, 'surround': 15.0, 'type': 'c+8', 'surr_type': 'poss', 'orient_opacity': 100, 'noise_opacity': 0, 'isi': 1.0, 'thisN': 372, 'thisTrialN': 372, 'thisRepN': 0}>
754.9743 	DATA 	Keypress: period
754.9803 	INFO 	Keyboard events cleared
754.9797 	EXP 	noise_3: autoDraw = False
754.9797 	EXP 	surround_grating: autoDraw = False
754.9797 	EXP 	center_grating: autoDraw = False
754.9797 	EXP 	text_2: autoDraw = False
754.9797 	EXP 	surround_grating: ori = 15.0
754.9797 	EXP 	surround_grating: sf = array([2.5, 2.5])
754.9797 	EXP 	surround_grating: phase = array([0.54759695, 0.54759695])
754.9797 	EXP 	center_grating: ori = 8.0
754.9797 	EXP 	center_grating: sf = array([2.5, 2.5])
754.9797 	EXP 	center_grating: phase = array([0.85474106, 0.85474106])
755.9663 	EXP 	noise_3: autoDraw = True
755.9663 	EXP 	surround_grating: autoDraw = True
755.9663 	EXP 	center_grating: autoDraw = True
756.0384 	EXP 	noise_3: autoDraw = False
756.0384 	EXP 	surround_grating: autoDraw = False
756.0384 	EXP 	center_grating: autoDraw = False
756.4527 	EXP 	New trial (rep=0, index=373): <Trial 373 (373 in rep 0) data={'center': -2, 'surround': 15.0, 'type': 'c-2', 'surr_type': 'poss', 'orient_opacity': 100, 'noise_opacity': 0, 'isi': 0.75, 'thisN': 373, 'thisTrialN': 373, 'thisRepN': 0}>
756.4583 	DATA 	Keypress: period
756.4641 	INFO 	Keyboard events cleared
756.4637 	EXP 	noise_3: autoDraw = False
756.4637 	EXP 	surround_grating: autoDraw = False
756.4637 	EXP 	center_grating: autoDraw = False
756.4637 	EXP 	text_2: autoDraw = False
756.4637 	EXP 	surround_grating: ori = 15.0
756.4637 	EXP 	surround_grating: sf = array([2.5, 2.5])
756.4637 	EXP 	surround_grating: phase = array([0.93762064, 0.93762064])
756.4637 	EXP 	center_grating: ori = -2.0
756.4637 	EXP 	center_grating: sf = array([2.5, 2.5])
756.4637 	EXP 	center_grating: phase = array([0.48144496, 0.48144496])
757.1997 	EXP 	noise_3: autoDraw = True
757.1997 	EXP 	surround_grating: autoDraw = True
757.1997 	EXP 	center_grating: autoDraw = True
757.2722 	EXP 	noise_3: autoDraw = False
757.2722 	EXP 	surround_grating: autoDraw = False
757.2722 	EXP 	center_grating: autoDraw = False
757.7696 	EXP 	New trial (rep=0, index=374): <Trial 374 (374 in rep 0) data={'center': 0, 'surround': -15.0, 'type': 'c+0', 'surr_type': 'negs', 'orient_opacity': 100, 'noise_opacity': 0, 'isi': 1.0, 'thisN': 374, 'thisTrialN': 374, 'thisRepN': 0}>
757.7757 	DATA 	Keypress: z
757.7819 	INFO 	Keyboard events cleared
757.7813 	EXP 	noise_3: autoDraw = False
757.7813 	EXP 	surround_grating: autoDraw = False
757.7813 	EXP 	center_grating: autoDraw = False
757.7813 	EXP 	text_2: autoDraw = False
757.7813 	EXP 	surround_grating: ori = -15.0
757.7813 	EXP 	surround_grating: sf = array([2.5, 2.5])
757.7813 	EXP 	surround_grating: phase = array([0.1489784, 0.1489784])
757.7813 	EXP 	center_grating: ori = 0.0
757.7813 	EXP 	center_grating: sf = array([2.5, 2.5])
757.7813 	EXP 	center_grating: phase = array([0.38339114, 0.38339114])
758.7665 	EXP 	noise_3: autoDraw = True
758.7665 	EXP 	surround_grating: autoDraw = True
758.7665 	EXP 	center_grating: autoDraw = True
758.8384 	EXP 	noise_3: autoDraw = False
758.8384 	EXP 	surround_grating: autoDraw = False
758.8384 	EXP 	center_grating: autoDraw = False
759.2532 	EXP 	New trial (rep=0, index=375): <Trial 375 (375 in rep 0) data={'center': 0, 'surround': 0.0, 'type': 'c+0', 'surr_type': 'noss', 'orient_opacity': 0, 'noise_opacity': 100, 'isi': 0.5, 'thisN': 375, 'thisTrialN': 375, 'thisRepN': 0}>
759.2594 	DATA 	Keypress: period
759.2654 	INFO 	Keyboard events cleared
759.2649 	EXP 	noise_3: autoDraw = False
759.2649 	EXP 	surround_grating: autoDraw = False
759.2649 	EXP 	center_grating: autoDraw = False
759.2649 	EXP 	text_2: autoDraw = False
759.2649 	EXP 	surround_grating: ori = 0.0
759.2649 	EXP 	surround_grating: sf = array([2.5, 2.5])
759.2649 	EXP 	surround_grating: phase = array([0.78325452, 0.78325452])
759.2649 	EXP 	center_grating: ori = 0.0
759.2649 	EXP 	center_grating: sf = array([2.5, 2.5])
759.2649 	EXP 	center_grating: phase = array([0.96190414, 0.96190414])
759.7499 	EXP 	noise_3: autoDraw = True
759.7499 	EXP 	surround_grating: autoDraw = True
759.7499 	EXP 	center_grating: autoDraw = True
759.8221 	EXP 	noise_3: autoDraw = False
759.8221 	EXP 	surround_grating: autoDraw = False
759.8221 	EXP 	center_grating: autoDraw = False
760.7707 	EXP 	New trial (rep=0, index=376): <Trial 376 (376 in rep 0) data={'center': -6, 'surround': -15.0, 'type': 'c-6', 'surr_type': 'negs', 'orient_opacity': 100, 'noise_opacity': 0, 'isi': 0.5, 'thisN': 376, 'thisTrialN': 376, 'thisRepN': 0}>
760.7761 	DATA 	Keypress: z
760.7816 	INFO 	Keyboard events cleared
760.7811 	EXP 	noise_3: autoDraw = False
760.7811 	EXP 	surround_grating: autoDraw = False
760.7811 	EXP 	center_grating: autoDraw = False
760.7811 	EXP 	text_2: autoDraw = False
760.7811 	EXP 	surround_grating: ori = -15.0
760.7811 	EXP 	surround_grating: sf = array([2.5, 2.5])
760.7811 	EXP 	surround_grating: phase = array([0.45031062, 0.45031062])
760.7811 	EXP 	center_grating: ori = -6.0
760.7811 	EXP 	center_grating: sf = array([2.5, 2.5])
760.7811 	EXP 	center_grating: phase = array([0.42135448, 0.42135448])
760.7847 	DATA 	Keypress: period
760.9529 	EXP 	New trial (rep=0, index=377): <Trial 377 (377 in rep 0) data={'center': 0, 'surround': -15.0, 'type': 'c+0', 'surr_type': 'negs', 'orient_opacity': 100, 'noise_opacity': 0, 'isi': 1.25, 'thisN': 377, 'thisTrialN': 377, 'thisRepN': 0}>
760.9622 	INFO 	Keyboard events cleared
760.9616 	EXP 	noise_3: autoDraw = False
760.9616 	EXP 	surround_grating: autoDraw = False
760.9616 	EXP 	center_grating: autoDraw = False
760.9616 	EXP 	text_2: autoDraw = False
760.9616 	EXP 	surround_grating: ori = -15.0
760.9616 	EXP 	surround_grating: sf = array([2.5, 2.5])
760.9616 	EXP 	surround_grating: phase = array([0.79113625, 0.79113625])
760.9616 	EXP 	center_grating: ori = 0.0
760.9616 	EXP 	center_grating: sf = array([2.5, 2.5])
760.9616 	EXP 	center_grating: phase = array([0.44787412, 0.44787412])
762.1999 	EXP 	noise_3: autoDraw = True
762.1999 	EXP 	surround_grating: autoDraw = True
762.1999 	EXP 	center_grating: autoDraw = True
762.2721 	EXP 	noise_3: autoDraw = False
762.2721 	EXP 	surround_grating: autoDraw = False
762.2721 	EXP 	center_grating: autoDraw = False
762.8088 	EXP 	New trial (rep=0, index=378): <Trial 378 (378 in rep 0) data={'center': -2, 'surround': 0.0, 'type': 'c-2', 'surr_type': 'noss', 'orient_opacity': 0, 'noise_opacity': 100, 'isi': 1.25, 'thisN': 378, 'thisTrialN': 378, 'thisRepN': 0}>
762.8138 	DATA 	Keypress: period
762.8201 	INFO 	Keyboard events cleared
762.8194 	EXP 	noise_3: autoDraw = False
762.8194 	EXP 	surround_grating: autoDraw = False
762.8194 	EXP 	center_grating: autoDraw = False
762.8194 	EXP 	text_2: autoDraw = False
762.8194 	EXP 	surround_grating: ori = 0.0
762.8194 	EXP 	surround_grating: sf = array([2.5, 2.5])
762.8194 	EXP 	surround_grating: phase = array([0.85760255, 0.85760255])
762.8194 	EXP 	center_grating: ori = -2.0
762.8194 	EXP 	center_grating: sf = array([2.5, 2.5])
762.8194 	EXP 	center_grating: phase = array([0.0537606, 0.0537606])
764.0594 	EXP 	noise_3: autoDraw = True
764.0594 	EXP 	surround_grating: autoDraw = True
764.0594 	EXP 	center_grating: autoDraw = True
764.1338 	EXP 	noise_3: autoDraw = False
764.1338 	EXP 	surround_grating: autoDraw = False
764.1338 	EXP 	center_grating: autoDraw = False
764.6750 	EXP 	New trial (rep=0, index=379): <Trial 379 (379 in rep 0) data={'center': 4, 'surround': 0.0, 'type': 'c+4', 'surr_type': 'noss', 'orient_opacity': 0, 'noise_opacity': 100, 'isi': 1.25, 'thisN': 379, 'thisTrialN': 379, 'thisRepN': 0}>
764.6802 	DATA 	Keypress: z
764.6863 	INFO 	Keyboard events cleared
764.6859 	EXP 	noise_3: autoDraw = False
764.6859 	EXP 	surround_grating: autoDraw = False
764.6859 	EXP 	center_grating: autoDraw = False
764.6859 	EXP 	text_2: autoDraw = False
764.6859 	EXP 	surround_grating: ori = 0.0
764.6859 	EXP 	surround_grating: sf = array([2.5, 2.5])
764.6859 	EXP 	surround_grating: phase = array([0.72694777, 0.72694777])
764.6859 	EXP 	center_grating: ori = 4.0
764.6859 	EXP 	center_grating: sf = array([2.5, 2.5])
764.6859 	EXP 	center_grating: phase = array([0.37027948, 0.37027948])
765.9247 	EXP 	noise_3: autoDraw = True
765.9247 	EXP 	surround_grating: autoDraw = True
765.9247 	EXP 	center_grating: autoDraw = True
766.0004 	EXP 	noise_3: autoDraw = False
766.0004 	EXP 	surround_grating: autoDraw = False
766.0004 	EXP 	center_grating: autoDraw = False
766.2398 	DATA 	Keypress: apostrophe
766.5233 	DATA 	Keypress: period
766.5305 	EXP 	New trial (rep=0, index=380): <Trial 380 (380 in rep 0) data={'center': 2, 'surround': 15.0, 'type': 'c+2', 'surr_type': 'poss', 'orient_opacity': 100, 'noise_opacity': 0, 'isi': 0.5, 'thisN': 380, 'thisTrialN': 380, 'thisRepN': 0}>
766.5373 	INFO 	Keyboard events cleared
766.5368 	EXP 	noise_3: autoDraw = False
766.5368 	EXP 	surround_grating: autoDraw = False
766.5368 	EXP 	center_grating: autoDraw = False
766.5368 	EXP 	text_2: autoDraw = False
766.5368 	EXP 	surround_grating: ori = 15.0
766.5368 	EXP 	surround_grating: sf = array([2.5, 2.5])
766.5368 	EXP 	surround_grating: phase = array([0.151892, 0.151892])
766.5368 	EXP 	center_grating: ori = 2.0
766.5368 	EXP 	center_grating: sf = array([2.5, 2.5])
766.5368 	EXP 	center_grating: phase = array([0.6277479, 0.6277479])
767.0258 	EXP 	noise_3: autoDraw = True
767.0258 	EXP 	surround_grating: autoDraw = True
767.0258 	EXP 	center_grating: autoDraw = True
767.1006 	EXP 	noise_3: autoDraw = False
767.1006 	EXP 	surround_grating: autoDraw = False
767.1006 	EXP 	center_grating: autoDraw = False
767.7874 	EXP 	New trial (rep=0, index=381): <Trial 381 (381 in rep 0) data={'center': -4, 'surround': -15.0, 'type': 'c-4', 'surr_type': 'negs', 'orient_opacity': 100, 'noise_opacity': 0, 'isi': 0.5, 'thisN': 381, 'thisTrialN': 381, 'thisRepN': 0}>
767.7928 	DATA 	Keypress: period
767.7990 	INFO 	Keyboard events cleared
767.7983 	EXP 	noise_3: autoDraw = False
767.7983 	EXP 	surround_grating: autoDraw = False
767.7983 	EXP 	center_grating: autoDraw = False
767.7983 	EXP 	text_2: autoDraw = False
767.7983 	EXP 	surround_grating: ori = -15.0
767.7983 	EXP 	surround_grating: sf = array([2.5, 2.5])
767.7983 	EXP 	surround_grating: phase = array([0.97477231, 0.97477231])
767.7983 	EXP 	center_grating: ori = -4.0
767.7983 	EXP 	center_grating: sf = array([2.5, 2.5])
767.7983 	EXP 	center_grating: phase = array([0.15584686, 0.15584686])
767.8020 	DATA 	Keypress: z
768.2835 	EXP 	noise_3: autoDraw = True
768.2835 	EXP 	surround_grating: autoDraw = True
768.2835 	EXP 	center_grating: autoDraw = True
768.3551 	EXP 	noise_3: autoDraw = False
768.3551 	EXP 	surround_grating: autoDraw = False
768.3551 	EXP 	center_grating: autoDraw = False
768.9864 	EXP 	New trial (rep=0, index=382): <Trial 382 (382 in rep 0) data={'center': -2, 'surround': 15.0, 'type': 'c-2', 'surr_type': 'poss', 'orient_opacity': 100, 'noise_opacity': 0, 'isi': 1.25, 'thisN': 382, 'thisTrialN': 382, 'thisRepN': 0}>
768.9916 	DATA 	Keypress: z
768.9976 	INFO 	Keyboard events cleared
768.9969 	EXP 	noise_3: autoDraw = False
768.9969 	EXP 	surround_grating: autoDraw = False
768.9969 	EXP 	center_grating: autoDraw = False
768.9969 	EXP 	text_2: autoDraw = False
768.9969 	EXP 	surround_grating: ori = 15.0
768.9969 	EXP 	surround_grating: sf = array([2.5, 2.5])
768.9969 	EXP 	surround_grating: phase = array([0.16025067, 0.16025067])
768.9969 	EXP 	center_grating: ori = -2.0
768.9969 	EXP 	center_grating: sf = array([2.5, 2.5])
768.9969 	EXP 	center_grating: phase = array([0.83253334, 0.83253334])
769.0006 	DATA 	Keypress: period
769.1603 	EXP 	New trial (rep=0, index=383): <Trial 383 (383 in rep 0) data={'center': -6, 'surround': -15.0, 'type': 'c-6', 'surr_type': 'negs', 'orient_opacity': 100, 'noise_opacity': 0, 'isi': 1.0, 'thisN': 383, 'thisTrialN': 383, 'thisRepN': 0}>
769.1703 	INFO 	Keyboard events cleared
769.1699 	EXP 	noise_3: autoDraw = False
769.1699 	EXP 	surround_grating: autoDraw = False
769.1699 	EXP 	center_grating: autoDraw = False
769.1699 	EXP 	text_2: autoDraw = False
769.1699 	EXP 	surround_grating: ori = -15.0
769.1699 	EXP 	surround_grating: sf = array([2.5, 2.5])
769.1699 	EXP 	surround_grating: phase = array([0.28210653, 0.28210653])
769.1699 	EXP 	center_grating: ori = -6.0
769.1699 	EXP 	center_grating: sf = array([2.5, 2.5])
769.1699 	EXP 	center_grating: phase = array([0.00705505, 0.00705505])
770.1599 	EXP 	noise_3: autoDraw = True
770.1599 	EXP 	surround_grating: autoDraw = True
770.1599 	EXP 	center_grating: autoDraw = True
770.2341 	EXP 	noise_3: autoDraw = False
770.2341 	EXP 	surround_grating: autoDraw = False
770.2341 	EXP 	center_grating: autoDraw = False
771.0709 	EXP 	New trial (rep=0, index=384): <Trial 384 (384 in rep 0) data={'center': -6, 'surround': -15.0, 'type': 'c-6', 'surr_type': 'negs', 'orient_opacity': 100, 'noise_opacity': 0, 'isi': 0.5, 'thisN': 384, 'thisTrialN': 384, 'thisRepN': 0}>
771.0770 	DATA 	Keypress: z
771.0830 	INFO 	Keyboard events cleared
771.0825 	EXP 	noise_3: autoDraw = False
771.0825 	EXP 	surround_grating: autoDraw = False
771.0825 	EXP 	center_grating: autoDraw = False
771.0825 	EXP 	text_2: autoDraw = False
771.0825 	EXP 	surround_grating: ori = -15.0
771.0825 	EXP 	surround_grating: sf = array([2.5, 2.5])
771.0825 	EXP 	surround_grating: phase = array([0.66383751, 0.66383751])
771.0825 	EXP 	center_grating: ori = -6.0
771.0825 	EXP 	center_grating: sf = array([2.5, 2.5])
771.0825 	EXP 	center_grating: phase = array([0.21459245, 0.21459245])
771.5669 	EXP 	noise_3: autoDraw = True
771.5669 	EXP 	surround_grating: autoDraw = True
771.5669 	EXP 	center_grating: autoDraw = True
771.6390 	EXP 	noise_3: autoDraw = False
771.6390 	EXP 	surround_grating: autoDraw = False
771.6390 	EXP 	center_grating: autoDraw = False
772.2753 	EXP 	New trial (rep=0, index=385): <Trial 385 (385 in rep 0) data={'center': 2, 'surround': 0.0, 'type': 'c+2', 'surr_type': 'noss', 'orient_opacity': 0, 'noise_opacity': 100, 'isi': 0.5, 'thisN': 385, 'thisTrialN': 385, 'thisRepN': 0}>
772.2805 	DATA 	Keypress: z
772.2866 	INFO 	Keyboard events cleared
772.2862 	EXP 	noise_3: autoDraw = False
772.2862 	EXP 	surround_grating: autoDraw = False
772.2862 	EXP 	center_grating: autoDraw = False
772.2862 	EXP 	text_2: autoDraw = False
772.2862 	EXP 	surround_grating: ori = 0.0
772.2862 	EXP 	surround_grating: sf = array([2.5, 2.5])
772.2862 	EXP 	surround_grating: phase = array([0.37530596, 0.37530596])
772.2862 	EXP 	center_grating: ori = 2.0
772.2862 	EXP 	center_grating: sf = array([2.5, 2.5])
772.2862 	EXP 	center_grating: phase = array([0.8287249, 0.8287249])
772.7750 	EXP 	noise_3: autoDraw = True
772.7750 	EXP 	surround_grating: autoDraw = True
772.7750 	EXP 	center_grating: autoDraw = True
772.8509 	EXP 	noise_3: autoDraw = False
772.8509 	EXP 	surround_grating: autoDraw = False
772.8509 	EXP 	center_grating: autoDraw = False
773.2708 	EXP 	New trial (rep=0, index=386): <Trial 386 (386 in rep 0) data={'center': 0, 'surround': -15.0, 'type': 'c+0', 'surr_type': 'negs', 'orient_opacity': 100, 'noise_opacity': 0, 'isi': 1.25, 'thisN': 386, 'thisTrialN': 386, 'thisRepN': 0}>
773.2768 	DATA 	Keypress: period
773.2829 	INFO 	Keyboard events cleared
773.2823 	EXP 	noise_3: autoDraw = False
773.2823 	EXP 	surround_grating: autoDraw = False
773.2823 	EXP 	center_grating: autoDraw = False
773.2823 	EXP 	text_2: autoDraw = False
773.2823 	EXP 	surround_grating: ori = -15.0
773.2823 	EXP 	surround_grating: sf = array([2.5, 2.5])
773.2823 	EXP 	surround_grating: phase = array([0.77735858, 0.77735858])
773.2823 	EXP 	center_grating: ori = 0.0
773.2823 	EXP 	center_grating: sf = array([2.5, 2.5])
773.2823 	EXP 	center_grating: phase = array([0.246139, 0.246139])
774.5170 	EXP 	noise_3: autoDraw = True
774.5170 	EXP 	surround_grating: autoDraw = True
774.5170 	EXP 	center_grating: autoDraw = True
774.5890 	EXP 	noise_3: autoDraw = False
774.5890 	EXP 	surround_grating: autoDraw = False
774.5890 	EXP 	center_grating: autoDraw = False
775.2202 	EXP 	New trial (rep=0, index=387): <Trial 387 (387 in rep 0) data={'center': 2, 'surround': -15.0, 'type': 'c+2', 'surr_type': 'negs', 'orient_opacity': 100, 'noise_opacity': 0, 'isi': 1.0, 'thisN': 387, 'thisTrialN': 387, 'thisRepN': 0}>
775.2258 	DATA 	Keypress: period
775.2318 	INFO 	Keyboard events cleared
775.2313 	EXP 	noise_3: autoDraw = False
775.2313 	EXP 	surround_grating: autoDraw = False
775.2313 	EXP 	center_grating: autoDraw = False
775.2313 	EXP 	text_2: autoDraw = False
775.2313 	EXP 	surround_grating: ori = -15.0
775.2313 	EXP 	surround_grating: sf = array([2.5, 2.5])
775.2313 	EXP 	surround_grating: phase = array([0.29997803, 0.29997803])
775.2313 	EXP 	center_grating: ori = 2.0
775.2313 	EXP 	center_grating: sf = array([2.5, 2.5])
775.2313 	EXP 	center_grating: phase = array([0.75495657, 0.75495657])
776.2171 	EXP 	noise_3: autoDraw = True
776.2171 	EXP 	surround_grating: autoDraw = True
776.2171 	EXP 	center_grating: autoDraw = True
776.2890 	EXP 	noise_3: autoDraw = False
776.2890 	EXP 	surround_grating: autoDraw = False
776.2890 	EXP 	center_grating: autoDraw = False
776.7750 	EXP 	New trial (rep=0, index=388): <Trial 388 (388 in rep 0) data={'center': 0, 'surround': 0.0, 'type': 'c+0', 'surr_type': 'noss', 'orient_opacity': 0, 'noise_opacity': 100, 'isi': 0.75, 'thisN': 388, 'thisTrialN': 388, 'thisRepN': 0}>
776.7802 	DATA 	Keypress: period
776.7865 	INFO 	Keyboard events cleared
776.7861 	EXP 	noise_3: autoDraw = False
776.7861 	EXP 	surround_grating: autoDraw = False
776.7861 	EXP 	center_grating: autoDraw = False
776.7861 	EXP 	text_2: autoDraw = False
776.7861 	EXP 	surround_grating: ori = 0.0
776.7861 	EXP 	surround_grating: sf = array([2.5, 2.5])
776.7861 	EXP 	surround_grating: phase = array([0.57168465, 0.57168465])
776.7861 	EXP 	center_grating: ori = 0.0
776.7861 	EXP 	center_grating: sf = array([2.5, 2.5])
776.7861 	EXP 	center_grating: phase = array([0.5317755, 0.5317755])
777.5267 	EXP 	noise_3: autoDraw = True
777.5267 	EXP 	surround_grating: autoDraw = True
777.5267 	EXP 	center_grating: autoDraw = True
777.6011 	EXP 	noise_3: autoDraw = False
777.6011 	EXP 	surround_grating: autoDraw = False
777.6011 	EXP 	center_grating: autoDraw = False
778.3038 	EXP 	New trial (rep=0, index=389): <Trial 389 (389 in rep 0) data={'center': -2, 'surround': -15.0, 'type': 'c-2', 'surr_type': 'negs', 'orient_opacity': 100, 'noise_opacity': 0, 'isi': 1.25, 'thisN': 389, 'thisTrialN': 389, 'thisRepN': 0}>
778.3094 	DATA 	Keypress: z
778.3154 	INFO 	Keyboard events cleared
778.3149 	EXP 	noise_3: autoDraw = False
778.3149 	EXP 	surround_grating: autoDraw = False
778.3149 	EXP 	center_grating: autoDraw = False
778.3149 	EXP 	text_2: autoDraw = False
778.3149 	EXP 	surround_grating: ori = -15.0
778.3149 	EXP 	surround_grating: sf = array([2.5, 2.5])
778.3149 	EXP 	surround_grating: phase = array([0.81889498, 0.81889498])
778.3149 	EXP 	center_grating: ori = -2.0
778.3149 	EXP 	center_grating: sf = array([2.5, 2.5])
778.3149 	EXP 	center_grating: phase = array([0.83320364, 0.83320364])
778.3224 	EXP 	New trial (rep=0, index=390): <Trial 390 (390 in rep 0) data={'center': -2, 'surround': 0.0, 'type': 'c-2', 'surr_type': 'noss', 'orient_opacity': 0, 'noise_opacity': 100, 'isi': 1.25, 'thisN': 390, 'thisTrialN': 390, 'thisRepN': 0}>
778.3265 	DATA 	Keypress: period
778.3343 	INFO 	Keyboard events cleared
778.3338 	EXP 	noise_3: autoDraw = False
778.3338 	EXP 	surround_grating: autoDraw = False
778.3338 	EXP 	center_grating: autoDraw = False
778.3338 	EXP 	text_2: autoDraw = False
778.3338 	EXP 	surround_grating: ori = 0.0
778.3338 	EXP 	surround_grating: sf = array([2.5, 2.5])
778.3338 	EXP 	surround_grating: phase = array([0.92333444, 0.92333444])
778.3338 	EXP 	center_grating: ori = -2.0
778.3338 	EXP 	center_grating: sf = array([2.5, 2.5])
778.3338 	EXP 	center_grating: phase = array([0.27589693, 0.27589693])
779.5671 	EXP 	noise_3: autoDraw = True
779.5671 	EXP 	surround_grating: autoDraw = True
779.5671 	EXP 	center_grating: autoDraw = True
779.6398 	EXP 	noise_3: autoDraw = False
779.6398 	EXP 	surround_grating: autoDraw = False
779.6398 	EXP 	center_grating: autoDraw = False
780.6536 	EXP 	New trial (rep=0, index=391): <Trial 391 (391 in rep 0) data={'center': 4, 'surround': 15.0, 'type': 'c+4', 'surr_type': 'poss', 'orient_opacity': 100, 'noise_opacity': 0, 'isi': 1.25, 'thisN': 391, 'thisTrialN': 391, 'thisRepN': 0}>
780.6588 	DATA 	Keypress: z
780.6648 	INFO 	Keyboard events cleared
780.6642 	EXP 	noise_3: autoDraw = False
780.6642 	EXP 	surround_grating: autoDraw = False
780.6642 	EXP 	center_grating: autoDraw = False
780.6642 	EXP 	text_2: autoDraw = False
780.6642 	EXP 	surround_grating: ori = 15.0
780.6642 	EXP 	surround_grating: sf = array([2.5, 2.5])
780.6642 	EXP 	surround_grating: phase = array([0.06809235, 0.06809235])
780.6642 	EXP 	center_grating: ori = 4.0
780.6642 	EXP 	center_grating: sf = array([2.5, 2.5])
780.6642 	EXP 	center_grating: phase = array([0.07319022, 0.07319022])
781.9006 	EXP 	noise_3: autoDraw = True
781.9006 	EXP 	surround_grating: autoDraw = True
781.9006 	EXP 	center_grating: autoDraw = True
781.9735 	EXP 	noise_3: autoDraw = False
781.9735 	EXP 	surround_grating: autoDraw = False
781.9735 	EXP 	center_grating: autoDraw = False
783.6045 	EXP 	New trial (rep=0, index=392): <Trial 392 (392 in rep 0) data={'center': 0, 'surround': 0.0, 'type': 'c+0', 'surr_type': 'noss', 'orient_opacity': 0, 'noise_opacity': 100, 'isi': 1.25, 'thisN': 392, 'thisTrialN': 392, 'thisRepN': 0}>
783.6103 	DATA 	Keypress: z
783.6163 	INFO 	Keyboard events cleared
783.6159 	EXP 	noise_3: autoDraw = False
783.6159 	EXP 	surround_grating: autoDraw = False
783.6159 	EXP 	center_grating: autoDraw = False
783.6159 	EXP 	text_2: autoDraw = False
783.6159 	EXP 	surround_grating: ori = 0.0
783.6159 	EXP 	surround_grating: sf = array([2.5, 2.5])
783.6159 	EXP 	surround_grating: phase = array([0.58390942, 0.58390942])
783.6159 	EXP 	center_grating: ori = 0.0
783.6159 	EXP 	center_grating: sf = array([2.5, 2.5])
783.6159 	EXP 	center_grating: phase = array([0.87256986, 0.87256986])
783.6413 	EXP 	New trial (rep=0, index=393): <Trial 393 (393 in rep 0) data={'center': 0, 'surround': -15.0, 'type': 'c+0', 'surr_type': 'negs', 'orient_opacity': 100, 'noise_opacity': 0, 'isi': 1.25, 'thisN': 393, 'thisTrialN': 393, 'thisRepN': 0}>
783.6460 	DATA 	Keypress: period
783.6517 	INFO 	Keyboard events cleared
783.6510 	EXP 	noise_3: autoDraw = False
783.6510 	EXP 	surround_grating: autoDraw = False
783.6510 	EXP 	center_grating: autoDraw = False
783.6510 	EXP 	text_2: autoDraw = False
783.6510 	EXP 	surround_grating: ori = -15.0
783.6510 	EXP 	surround_grating: sf = array([2.5, 2.5])
783.6510 	EXP 	surround_grating: phase = array([0.80894064, 0.80894064])
783.6510 	EXP 	center_grating: ori = 0.0
783.6510 	EXP 	center_grating: sf = array([2.5, 2.5])
783.6510 	EXP 	center_grating: phase = array([0.38070378, 0.38070378])
784.8939 	EXP 	noise_3: autoDraw = True
784.8939 	EXP 	surround_grating: autoDraw = True
784.8939 	EXP 	center_grating: autoDraw = True
784.9679 	EXP 	noise_3: autoDraw = False
784.9679 	EXP 	surround_grating: autoDraw = False
784.9679 	EXP 	center_grating: autoDraw = False
785.7609 	EXP 	New trial (rep=0, index=394): <Trial 394 (394 in rep 0) data={'center': -2, 'surround': 15.0, 'type': 'c-2', 'surr_type': 'poss', 'orient_opacity': 100, 'noise_opacity': 0, 'isi': 0.5, 'thisN': 394, 'thisTrialN': 394, 'thisRepN': 0}>
785.7662 	DATA 	Keypress: z
785.7688 	DATA 	Keypress: period
785.7742 	INFO 	Keyboard events cleared
785.7736 	EXP 	noise_3: autoDraw = False
785.7736 	EXP 	surround_grating: autoDraw = False
785.7736 	EXP 	center_grating: autoDraw = False
785.7736 	EXP 	text_2: autoDraw = False
785.7736 	EXP 	surround_grating: ori = 15.0
785.7736 	EXP 	surround_grating: sf = array([2.5, 2.5])
785.7736 	EXP 	surround_grating: phase = array([0.91517333, 0.91517333])
785.7736 	EXP 	center_grating: ori = -2.0
785.7736 	EXP 	center_grating: sf = array([2.5, 2.5])
785.7736 	EXP 	center_grating: phase = array([0.49668405, 0.49668405])
786.2604 	EXP 	noise_3: autoDraw = True
786.2604 	EXP 	surround_grating: autoDraw = True
786.2604 	EXP 	center_grating: autoDraw = True
786.3349 	EXP 	noise_3: autoDraw = False
786.3349 	EXP 	surround_grating: autoDraw = False
786.3349 	EXP 	center_grating: autoDraw = False
786.9713 	EXP 	New trial (rep=0, index=395): <Trial 395 (395 in rep 0) data={'center': -4, 'surround': -15.0, 'type': 'c-4', 'surr_type': 'negs', 'orient_opacity': 100, 'noise_opacity': 0, 'isi': 0.75, 'thisN': 395, 'thisTrialN': 395, 'thisRepN': 0}>
786.9772 	DATA 	Keypress: z
786.9837 	INFO 	Keyboard events cleared
786.9832 	EXP 	noise_3: autoDraw = False
786.9832 	EXP 	surround_grating: autoDraw = False
786.9832 	EXP 	center_grating: autoDraw = False
786.9832 	EXP 	text_2: autoDraw = False
786.9832 	EXP 	surround_grating: ori = -15.0
786.9832 	EXP 	surround_grating: sf = array([2.5, 2.5])
786.9832 	EXP 	surround_grating: phase = array([0.09685176, 0.09685176])
786.9832 	EXP 	center_grating: ori = -4.0
786.9832 	EXP 	center_grating: sf = array([2.5, 2.5])
786.9832 	EXP 	center_grating: phase = array([0.35736193, 0.35736193])
787.7168 	EXP 	noise_3: autoDraw = True
787.7168 	EXP 	surround_grating: autoDraw = True
787.7168 	EXP 	center_grating: autoDraw = True
787.7902 	EXP 	noise_3: autoDraw = False
787.7902 	EXP 	surround_grating: autoDraw = False
787.7902 	EXP 	center_grating: autoDraw = False
788.4213 	EXP 	New trial (rep=0, index=396): <Trial 396 (396 in rep 0) data={'center': -2, 'surround': -15.0, 'type': 'c-2', 'surr_type': 'negs', 'orient_opacity': 100, 'noise_opacity': 0, 'isi': 1.25, 'thisN': 396, 'thisTrialN': 396, 'thisRepN': 0}>
788.4268 	DATA 	Keypress: z
788.4290 	DATA 	Keypress: period
788.4347 	INFO 	Keyboard events cleared
788.4342 	EXP 	noise_3: autoDraw = False
788.4342 	EXP 	surround_grating: autoDraw = False
788.4342 	EXP 	center_grating: autoDraw = False
788.4342 	EXP 	text_2: autoDraw = False
788.4342 	EXP 	surround_grating: ori = -15.0
788.4342 	EXP 	surround_grating: sf = array([2.5, 2.5])
788.4342 	EXP 	surround_grating: phase = array([0.63265992, 0.63265992])
788.4342 	EXP 	center_grating: ori = -2.0
788.4342 	EXP 	center_grating: sf = array([2.5, 2.5])
788.4342 	EXP 	center_grating: phase = array([0.59720322, 0.59720322])
788.6084 	EXP 	New trial (rep=0, index=397): <Trial 397 (397 in rep 0) data={'center': 0, 'surround': 0.0, 'type': 'c+0', 'surr_type': 'noss', 'orient_opacity': 0, 'noise_opacity': 100, 'isi': 1.0, 'thisN': 397, 'thisTrialN': 397, 'thisRepN': 0}>
788.6180 	INFO 	Keyboard events cleared
788.6176 	EXP 	noise_3: autoDraw = False
788.6176 	EXP 	surround_grating: autoDraw = False
788.6176 	EXP 	center_grating: autoDraw = False
788.6176 	EXP 	text_2: autoDraw = False
788.6176 	EXP 	surround_grating: ori = 0.0
788.6176 	EXP 	surround_grating: sf = array([2.5, 2.5])
788.6176 	EXP 	surround_grating: phase = array([0.06171508, 0.06171508])
788.6176 	EXP 	center_grating: ori = 0.0
788.6176 	EXP 	center_grating: sf = array([2.5, 2.5])
788.6176 	EXP 	center_grating: phase = array([0.34251604, 0.34251604])
789.6101 	EXP 	noise_3: autoDraw = True
789.6101 	EXP 	surround_grating: autoDraw = True
789.6101 	EXP 	center_grating: autoDraw = True
789.6848 	EXP 	noise_3: autoDraw = False
789.6848 	EXP 	surround_grating: autoDraw = False
789.6848 	EXP 	center_grating: autoDraw = False
790.2264 	EXP 	New trial (rep=0, index=398): <Trial 398 (398 in rep 0) data={'center': 0, 'surround': -15.0, 'type': 'c+0', 'surr_type': 'negs', 'orient_opacity': 100, 'noise_opacity': 0, 'isi': 1.0, 'thisN': 398, 'thisTrialN': 398, 'thisRepN': 0}>
790.2317 	DATA 	Keypress: z
790.2340 	DATA 	Keypress: period
790.2389 	INFO 	Keyboard events cleared
790.2384 	EXP 	noise_3: autoDraw = False
790.2384 	EXP 	surround_grating: autoDraw = False
790.2384 	EXP 	center_grating: autoDraw = False
790.2384 	EXP 	text_2: autoDraw = False
790.2384 	EXP 	surround_grating: ori = -15.0
790.2384 	EXP 	surround_grating: sf = array([2.5, 2.5])
790.2384 	EXP 	surround_grating: phase = array([0.98363385, 0.98363385])
790.2384 	EXP 	center_grating: ori = 0.0
790.2384 	EXP 	center_grating: sf = array([2.5, 2.5])
790.2384 	EXP 	center_grating: phase = array([0.96833944, 0.96833944])
791.2271 	EXP 	noise_3: autoDraw = True
791.2271 	EXP 	surround_grating: autoDraw = True
791.2271 	EXP 	center_grating: autoDraw = True
791.3014 	EXP 	noise_3: autoDraw = False
791.3014 	EXP 	surround_grating: autoDraw = False
791.3014 	EXP 	center_grating: autoDraw = False
791.7543 	EXP 	New trial (rep=0, index=399): <Trial 399 (399 in rep 0) data={'center': 2, 'surround': 15.0, 'type': 'c+2', 'surr_type': 'poss', 'orient_opacity': 100, 'noise_opacity': 0, 'isi': 0.75, 'thisN': 399, 'thisTrialN': 399, 'thisRepN': 0}>
791.7603 	DATA 	Keypress: period
791.7626 	DATA 	Keypress: z
791.7684 	INFO 	Keyboard events cleared
791.7678 	EXP 	noise_3: autoDraw = False
791.7678 	EXP 	surround_grating: autoDraw = False
791.7678 	EXP 	center_grating: autoDraw = False
791.7678 	EXP 	text_2: autoDraw = False
791.7678 	EXP 	surround_grating: ori = 15.0
791.7678 	EXP 	surround_grating: sf = array([2.5, 2.5])
791.7678 	EXP 	surround_grating: phase = array([0.19280316, 0.19280316])
791.7678 	EXP 	center_grating: ori = 2.0
791.7678 	EXP 	center_grating: sf = array([2.5, 2.5])
791.7678 	EXP 	center_grating: phase = array([0.24511576, 0.24511576])
792.5009 	EXP 	noise_3: autoDraw = True
792.5009 	EXP 	surround_grating: autoDraw = True
792.5009 	EXP 	center_grating: autoDraw = True
792.5740 	EXP 	noise_3: autoDraw = False
792.5740 	EXP 	surround_grating: autoDraw = False
792.5740 	EXP 	center_grating: autoDraw = False
793.0377 	EXP 	New trial (rep=0, index=400): <Trial 400 (400 in rep 0) data={'center': 0, 'surround': 15.0, 'type': 'c+0', 'surr_type': 'poss', 'orient_opacity': 100, 'noise_opacity': 0, 'isi': 1.0, 'thisN': 400, 'thisTrialN': 400, 'thisRepN': 0}>
793.0439 	DATA 	Keypress: z
793.0462 	DATA 	Keypress: period
793.0519 	INFO 	Keyboard events cleared
793.0512 	EXP 	noise_3: autoDraw = False
793.0512 	EXP 	surround_grating: autoDraw = False
793.0512 	EXP 	center_grating: autoDraw = False
793.0512 	EXP 	text_2: autoDraw = False
793.0512 	EXP 	surround_grating: ori = 15.0
793.0512 	EXP 	surround_grating: sf = array([2.5, 2.5])
793.0512 	EXP 	surround_grating: phase = array([0.57333834, 0.57333834])
793.0512 	EXP 	center_grating: ori = 0.0
793.0512 	EXP 	center_grating: sf = array([2.5, 2.5])
793.0512 	EXP 	center_grating: phase = array([0.7157743, 0.7157743])
794.0344 	EXP 	noise_3: autoDraw = True
794.0344 	EXP 	surround_grating: autoDraw = True
794.0344 	EXP 	center_grating: autoDraw = True
794.1185 	EXP 	noise_3: autoDraw = False
794.1185 	EXP 	surround_grating: autoDraw = False
794.1185 	EXP 	center_grating: autoDraw = False
794.4379 	EXP 	New trial (rep=0, index=401): <Trial 401 (401 in rep 0) data={'center': -6, 'surround': -15.0, 'type': 'c-6', 'surr_type': 'negs', 'orient_opacity': 100, 'noise_opacity': 0, 'isi': 1.0, 'thisN': 401, 'thisTrialN': 401, 'thisRepN': 0}>
794.4435 	DATA 	Keypress: period
794.4458 	DATA 	Keypress: z
794.4515 	INFO 	Keyboard events cleared
794.4509 	EXP 	noise_3: autoDraw = False
794.4509 	EXP 	surround_grating: autoDraw = False
794.4509 	EXP 	center_grating: autoDraw = False
794.4509 	EXP 	text_2: autoDraw = False
794.4509 	EXP 	surround_grating: ori = -15.0
794.4509 	EXP 	surround_grating: sf = array([2.5, 2.5])
794.4509 	EXP 	surround_grating: phase = array([0.81590295, 0.81590295])
794.4509 	EXP 	center_grating: ori = -6.0
794.4509 	EXP 	center_grating: sf = array([2.5, 2.5])
794.4509 	EXP 	center_grating: phase = array([0.26502631, 0.26502631])
795.4344 	EXP 	noise_3: autoDraw = True
795.4344 	EXP 	surround_grating: autoDraw = True
795.4344 	EXP 	center_grating: autoDraw = True
795.5067 	EXP 	noise_3: autoDraw = False
795.5067 	EXP 	surround_grating: autoDraw = False
795.5067 	EXP 	center_grating: autoDraw = False
795.8479 	DATA 	Keypress: period
795.8561 	EXP 	New trial (rep=0, index=402): <Trial 402 (402 in rep 0) data={'center': 2, 'surround': 0.0, 'type': 'c+2', 'surr_type': 'noss', 'orient_opacity': 0, 'noise_opacity': 100, 'isi': 1.0, 'thisN': 402, 'thisTrialN': 402, 'thisRepN': 0}>
795.8607 	DATA 	Keypress: z
795.8682 	INFO 	Keyboard events cleared
795.8678 	EXP 	noise_3: autoDraw = False
795.8678 	EXP 	surround_grating: autoDraw = False
795.8678 	EXP 	center_grating: autoDraw = False
795.8678 	EXP 	text_2: autoDraw = False
795.8678 	EXP 	surround_grating: ori = 0.0
795.8678 	EXP 	surround_grating: sf = array([2.5, 2.5])
795.8678 	EXP 	surround_grating: phase = array([0.52178435, 0.52178435])
795.8678 	EXP 	center_grating: ori = 2.0
795.8678 	EXP 	center_grating: sf = array([2.5, 2.5])
795.8678 	EXP 	center_grating: phase = array([0.61822428, 0.61822428])
796.8511 	EXP 	noise_3: autoDraw = True
796.8511 	EXP 	surround_grating: autoDraw = True
796.8511 	EXP 	center_grating: autoDraw = True
796.9239 	EXP 	noise_3: autoDraw = False
796.9239 	EXP 	surround_grating: autoDraw = False
796.9239 	EXP 	center_grating: autoDraw = False
797.3442 	EXP 	New trial (rep=0, index=403): <Trial 403 (403 in rep 0) data={'center': 0, 'surround': -15.0, 'type': 'c+0', 'surr_type': 'negs', 'orient_opacity': 100, 'noise_opacity': 0, 'isi': 0.75, 'thisN': 403, 'thisTrialN': 403, 'thisRepN': 0}>
797.3498 	DATA 	Keypress: period
797.3554 	INFO 	Keyboard events cleared
797.3548 	EXP 	noise_3: autoDraw = False
797.3548 	EXP 	surround_grating: autoDraw = False
797.3548 	EXP 	center_grating: autoDraw = False
797.3548 	EXP 	text_2: autoDraw = False
797.3548 	EXP 	surround_grating: ori = -15.0
797.3548 	EXP 	surround_grating: sf = array([2.5, 2.5])
797.3548 	EXP 	surround_grating: phase = array([0.0601917, 0.0601917])
797.3548 	EXP 	center_grating: ori = 0.0
797.3548 	EXP 	center_grating: sf = array([2.5, 2.5])
797.3548 	EXP 	center_grating: phase = array([0.68685981, 0.68685981])
798.0941 	EXP 	noise_3: autoDraw = True
798.0941 	EXP 	surround_grating: autoDraw = True
798.0941 	EXP 	center_grating: autoDraw = True
798.1682 	EXP 	noise_3: autoDraw = False
798.1682 	EXP 	surround_grating: autoDraw = False
798.1682 	EXP 	center_grating: autoDraw = False
798.9214 	EXP 	New trial (rep=0, index=404): <Trial 404 (404 in rep 0) data={'center': 6, 'surround': 15.0, 'type': 'c+6', 'surr_type': 'poss', 'orient_opacity': 100, 'noise_opacity': 0, 'isi': 0.75, 'thisN': 404, 'thisTrialN': 404, 'thisRepN': 0}>
798.9272 	DATA 	Keypress: period
798.9331 	INFO 	Keyboard events cleared
798.9326 	EXP 	noise_3: autoDraw = False
798.9326 	EXP 	surround_grating: autoDraw = False
798.9326 	EXP 	center_grating: autoDraw = False
798.9326 	EXP 	text_2: autoDraw = False
798.9326 	EXP 	surround_grating: ori = 15.0
798.9326 	EXP 	surround_grating: sf = array([2.5, 2.5])
798.9326 	EXP 	surround_grating: phase = array([0.96528094, 0.96528094])
798.9326 	EXP 	center_grating: ori = 6.0
798.9326 	EXP 	center_grating: sf = array([2.5, 2.5])
798.9326 	EXP 	center_grating: phase = array([0.26154431, 0.26154431])
799.6679 	EXP 	noise_3: autoDraw = True
799.6679 	EXP 	surround_grating: autoDraw = True
799.6679 	EXP 	center_grating: autoDraw = True
799.7406 	EXP 	noise_3: autoDraw = False
799.7406 	EXP 	surround_grating: autoDraw = False
799.7406 	EXP 	center_grating: autoDraw = False
800.1881 	EXP 	New trial (rep=0, index=405): <Trial 405 (405 in rep 0) data={'center': 2, 'surround': 15.0, 'type': 'c+2', 'surr_type': 'poss', 'orient_opacity': 100, 'noise_opacity': 0, 'isi': 0.75, 'thisN': 405, 'thisTrialN': 405, 'thisRepN': 0}>
800.1948 	DATA 	Keypress: period
800.2007 	INFO 	Keyboard events cleared
800.2002 	EXP 	noise_3: autoDraw = False
800.2002 	EXP 	surround_grating: autoDraw = False
800.2002 	EXP 	center_grating: autoDraw = False
800.2002 	EXP 	text_2: autoDraw = False
800.2002 	EXP 	surround_grating: ori = 15.0
800.2002 	EXP 	surround_grating: sf = array([2.5, 2.5])
800.2002 	EXP 	surround_grating: phase = array([0.34406943, 0.34406943])
800.2002 	EXP 	center_grating: ori = 2.0
800.2002 	EXP 	center_grating: sf = array([2.5, 2.5])
800.2002 	EXP 	center_grating: phase = array([0.96438496, 0.96438496])
800.9347 	EXP 	noise_3: autoDraw = True
800.9347 	EXP 	surround_grating: autoDraw = True
800.9347 	EXP 	center_grating: autoDraw = True
801.0069 	EXP 	noise_3: autoDraw = False
801.0069 	EXP 	surround_grating: autoDraw = False
801.0069 	EXP 	center_grating: autoDraw = False
801.7763 	EXP 	New trial (rep=0, index=406): <Trial 406 (406 in rep 0) data={'center': -8, 'surround': -15.0, 'type': 'c-8', 'surr_type': 'negs', 'orient_opacity': 100, 'noise_opacity': 0, 'isi': 1.0, 'thisN': 406, 'thisTrialN': 406, 'thisRepN': 0}>
801.7814 	DATA 	Keypress: z
801.7838 	DATA 	Keypress: period
801.7889 	INFO 	Keyboard events cleared
801.7883 	EXP 	noise_3: autoDraw = False
801.7883 	EXP 	surround_grating: autoDraw = False
801.7883 	EXP 	center_grating: autoDraw = False
801.7883 	EXP 	text_2: autoDraw = False
801.7883 	EXP 	surround_grating: ori = -15.0
801.7883 	EXP 	surround_grating: sf = array([2.5, 2.5])
801.7883 	EXP 	surround_grating: phase = array([0.30195652, 0.30195652])
801.7883 	EXP 	center_grating: ori = -8.0
801.7883 	EXP 	center_grating: sf = array([2.5, 2.5])
801.7883 	EXP 	center_grating: phase = array([0.85193307, 0.85193307])
802.0029 	EXP 	New trial (rep=0, index=407): <Trial 407 (407 in rep 0) data={'center': 4, 'surround': 0.0, 'type': 'c+4', 'surr_type': 'noss', 'orient_opacity': 0, 'noise_opacity': 100, 'isi': 1.0, 'thisN': 407, 'thisTrialN': 407, 'thisRepN': 0}>
802.0107 	INFO 	Keyboard events cleared
802.0102 	EXP 	noise_3: autoDraw = False
802.0102 	EXP 	surround_grating: autoDraw = False
802.0102 	EXP 	center_grating: autoDraw = False
802.0102 	EXP 	text_2: autoDraw = False
802.0102 	EXP 	surround_grating: ori = 0.0
802.0102 	EXP 	surround_grating: sf = array([2.5, 2.5])
802.0102 	EXP 	surround_grating: phase = array([0.03954615, 0.03954615])
802.0102 	EXP 	center_grating: ori = 4.0
802.0102 	EXP 	center_grating: sf = array([2.5, 2.5])
802.0102 	EXP 	center_grating: phase = array([0.50225182, 0.50225182])
802.9936 	EXP 	noise_3: autoDraw = True
802.9936 	EXP 	surround_grating: autoDraw = True
802.9936 	EXP 	center_grating: autoDraw = True
803.0687 	EXP 	noise_3: autoDraw = False
803.0687 	EXP 	surround_grating: autoDraw = False
803.0687 	EXP 	center_grating: autoDraw = False
803.5546 	EXP 	New trial (rep=0, index=408): <Trial 408 (408 in rep 0) data={'center': 0, 'surround': -15.0, 'type': 'c+0', 'surr_type': 'negs', 'orient_opacity': 100, 'noise_opacity': 0, 'isi': 0.75, 'thisN': 408, 'thisTrialN': 408, 'thisRepN': 0}>
803.5608 	DATA 	Keypress: period
803.5668 	INFO 	Keyboard events cleared
803.5663 	EXP 	noise_3: autoDraw = False
803.5663 	EXP 	surround_grating: autoDraw = False
803.5663 	EXP 	center_grating: autoDraw = False
803.5663 	EXP 	text_2: autoDraw = False
803.5663 	EXP 	surround_grating: ori = -15.0
803.5663 	EXP 	surround_grating: sf = array([2.5, 2.5])
803.5663 	EXP 	surround_grating: phase = array([0.83989842, 0.83989842])
803.5663 	EXP 	center_grating: ori = 0.0
803.5663 	EXP 	center_grating: sf = array([2.5, 2.5])
803.5663 	EXP 	center_grating: phase = array([0.10068848, 0.10068848])
804.3005 	EXP 	noise_3: autoDraw = True
804.3005 	EXP 	surround_grating: autoDraw = True
804.3005 	EXP 	center_grating: autoDraw = True
804.3735 	EXP 	noise_3: autoDraw = False
804.3735 	EXP 	surround_grating: autoDraw = False
804.3735 	EXP 	center_grating: autoDraw = False
804.7933 	EXP 	New trial (rep=0, index=409): <Trial 409 (409 in rep 0) data={'center': 6, 'surround': 15.0, 'type': 'c+6', 'surr_type': 'poss', 'orient_opacity': 100, 'noise_opacity': 0, 'isi': 1.0, 'thisN': 409, 'thisTrialN': 409, 'thisRepN': 0}>
804.7983 	DATA 	Keypress: period
804.8045 	INFO 	Keyboard events cleared
804.8040 	EXP 	noise_3: autoDraw = False
804.8040 	EXP 	surround_grating: autoDraw = False
804.8040 	EXP 	center_grating: autoDraw = False
804.8040 	EXP 	text_2: autoDraw = False
804.8040 	EXP 	surround_grating: ori = 15.0
804.8040 	EXP 	surround_grating: sf = array([2.5, 2.5])
804.8040 	EXP 	surround_grating: phase = array([0.42218187, 0.42218187])
804.8040 	EXP 	center_grating: ori = 6.0
804.8040 	EXP 	center_grating: sf = array([2.5, 2.5])
804.8040 	EXP 	center_grating: phase = array([0.20278161, 0.20278161])
805.7936 	EXP 	noise_3: autoDraw = True
805.7936 	EXP 	surround_grating: autoDraw = True
805.7936 	EXP 	center_grating: autoDraw = True
805.8689 	EXP 	noise_3: autoDraw = False
805.8689 	EXP 	surround_grating: autoDraw = False
805.8689 	EXP 	center_grating: autoDraw = False
806.3051 	EXP 	New trial (rep=0, index=410): <Trial 410 (410 in rep 0) data={'center': 4, 'surround': 15.0, 'type': 'c+4', 'surr_type': 'poss', 'orient_opacity': 100, 'noise_opacity': 0, 'isi': 0.75, 'thisN': 410, 'thisTrialN': 410, 'thisRepN': 0}>
806.3104 	DATA 	Keypress: period
806.3167 	INFO 	Keyboard events cleared
806.3163 	EXP 	noise_3: autoDraw = False
806.3163 	EXP 	surround_grating: autoDraw = False
806.3163 	EXP 	center_grating: autoDraw = False
806.3163 	EXP 	text_2: autoDraw = False
806.3163 	EXP 	surround_grating: ori = 15.0
806.3163 	EXP 	surround_grating: sf = array([2.5, 2.5])
806.3163 	EXP 	surround_grating: phase = array([0.46809953, 0.46809953])
806.3163 	EXP 	center_grating: ori = 4.0
806.3163 	EXP 	center_grating: sf = array([2.5, 2.5])
806.3163 	EXP 	center_grating: phase = array([0.7594262, 0.7594262])
807.0515 	EXP 	noise_3: autoDraw = True
807.0515 	EXP 	surround_grating: autoDraw = True
807.0515 	EXP 	center_grating: autoDraw = True
807.1245 	EXP 	noise_3: autoDraw = False
807.1245 	EXP 	surround_grating: autoDraw = False
807.1245 	EXP 	center_grating: autoDraw = False
807.6089 	DATA 	Keypress: period
807.6160 	EXP 	New trial (rep=0, index=411): <Trial 411 (411 in rep 0) data={'center': -4, 'surround': 0.0, 'type': 'c-4', 'surr_type': 'noss', 'orient_opacity': 0, 'noise_opacity': 100, 'isi': 0.75, 'thisN': 411, 'thisTrialN': 411, 'thisRepN': 0}>
807.6235 	INFO 	Keyboard events cleared
807.6230 	EXP 	noise_3: autoDraw = False
807.6230 	EXP 	surround_grating: autoDraw = False
807.6230 	EXP 	center_grating: autoDraw = False
807.6230 	EXP 	text_2: autoDraw = False
807.6230 	EXP 	surround_grating: ori = 0.0
807.6230 	EXP 	surround_grating: sf = array([2.5, 2.5])
807.6230 	EXP 	surround_grating: phase = array([0.43415528, 0.43415528])
807.6230 	EXP 	center_grating: ori = -4.0
807.6230 	EXP 	center_grating: sf = array([2.5, 2.5])
807.6230 	EXP 	center_grating: phase = array([0.60900688, 0.60900688])
808.3592 	EXP 	noise_3: autoDraw = True
808.3592 	EXP 	surround_grating: autoDraw = True
808.3592 	EXP 	center_grating: autoDraw = True
808.4354 	EXP 	noise_3: autoDraw = False
808.4354 	EXP 	surround_grating: autoDraw = False
808.4354 	EXP 	center_grating: autoDraw = False
809.0387 	EXP 	New trial (rep=0, index=412): <Trial 412 (412 in rep 0) data={'center': -2, 'surround': 15.0, 'type': 'c-2', 'surr_type': 'poss', 'orient_opacity': 100, 'noise_opacity': 0, 'isi': 0.5, 'thisN': 412, 'thisTrialN': 412, 'thisRepN': 0}>
809.0437 	DATA 	Keypress: z
809.0501 	INFO 	Keyboard events cleared
809.0495 	EXP 	noise_3: autoDraw = False
809.0495 	EXP 	surround_grating: autoDraw = False
809.0495 	EXP 	center_grating: autoDraw = False
809.0495 	EXP 	text_2: autoDraw = False
809.0495 	EXP 	surround_grating: ori = 15.0
809.0495 	EXP 	surround_grating: sf = array([2.5, 2.5])
809.0495 	EXP 	surround_grating: phase = array([0.86604364, 0.86604364])
809.0495 	EXP 	center_grating: ori = -2.0
809.0495 	EXP 	center_grating: sf = array([2.5, 2.5])
809.0495 	EXP 	center_grating: phase = array([0.83950253, 0.83950253])
809.5349 	EXP 	noise_3: autoDraw = True
809.5349 	EXP 	surround_grating: autoDraw = True
809.5349 	EXP 	center_grating: autoDraw = True
809.6074 	EXP 	noise_3: autoDraw = False
809.6074 	EXP 	surround_grating: autoDraw = False
809.6074 	EXP 	center_grating: autoDraw = False
810.1555 	EXP 	New trial (rep=0, index=413): <Trial 413 (413 in rep 0) data={'center': 4, 'surround': 0.0, 'type': 'c+4', 'surr_type': 'noss', 'orient_opacity': 0, 'noise_opacity': 100, 'isi': 0.5, 'thisN': 413, 'thisTrialN': 413, 'thisRepN': 0}>
810.1614 	DATA 	Keypress: z
810.1673 	INFO 	Keyboard events cleared
810.1668 	EXP 	noise_3: autoDraw = False
810.1668 	EXP 	surround_grating: autoDraw = False
810.1668 	EXP 	center_grating: autoDraw = False
810.1668 	EXP 	text_2: autoDraw = False
810.1668 	EXP 	surround_grating: ori = 0.0
810.1668 	EXP 	surround_grating: sf = array([2.5, 2.5])
810.1668 	EXP 	surround_grating: phase = array([0.01616859, 0.01616859])
810.1668 	EXP 	center_grating: ori = 4.0
810.1668 	EXP 	center_grating: sf = array([2.5, 2.5])
810.1668 	EXP 	center_grating: phase = array([0.00893557, 0.00893557])
810.6517 	EXP 	noise_3: autoDraw = True
810.6517 	EXP 	surround_grating: autoDraw = True
810.6517 	EXP 	center_grating: autoDraw = True
810.7237 	EXP 	noise_3: autoDraw = False
810.7237 	EXP 	surround_grating: autoDraw = False
810.7237 	EXP 	center_grating: autoDraw = False
811.3550 	EXP 	New trial (rep=0, index=414): <Trial 414 (414 in rep 0) data={'center': -4, 'surround': 0.0, 'type': 'c-4', 'surr_type': 'noss', 'orient_opacity': 0, 'noise_opacity': 100, 'isi': 0.75, 'thisN': 414, 'thisTrialN': 414, 'thisRepN': 0}>
811.3607 	DATA 	Keypress: period
811.3667 	INFO 	Keyboard events cleared
811.3662 	EXP 	noise_3: autoDraw = False
811.3662 	EXP 	surround_grating: autoDraw = False
811.3662 	EXP 	center_grating: autoDraw = False
811.3662 	EXP 	text_2: autoDraw = False
811.3662 	EXP 	surround_grating: ori = 0.0
811.3662 	EXP 	surround_grating: sf = array([2.5, 2.5])
811.3662 	EXP 	surround_grating: phase = array([0.70799517, 0.70799517])
811.3662 	EXP 	center_grating: ori = -4.0
811.3662 	EXP 	center_grating: sf = array([2.5, 2.5])
811.3662 	EXP 	center_grating: phase = array([0.49012207, 0.49012207])
812.1007 	EXP 	noise_3: autoDraw = True
812.1007 	EXP 	surround_grating: autoDraw = True
812.1007 	EXP 	center_grating: autoDraw = True
812.1748 	EXP 	noise_3: autoDraw = False
812.1748 	EXP 	surround_grating: autoDraw = False
812.1748 	EXP 	center_grating: autoDraw = False
812.6551 	EXP 	New trial (rep=0, index=415): <Trial 415 (415 in rep 0) data={'center': 6, 'surround': 15.0, 'type': 'c+6', 'surr_type': 'poss', 'orient_opacity': 100, 'noise_opacity': 0, 'isi': 1.25, 'thisN': 415, 'thisTrialN': 415, 'thisRepN': 0}>
812.6601 	DATA 	Keypress: z
812.6663 	INFO 	Keyboard events cleared
812.6658 	EXP 	noise_3: autoDraw = False
812.6658 	EXP 	surround_grating: autoDraw = False
812.6658 	EXP 	center_grating: autoDraw = False
812.6658 	EXP 	text_2: autoDraw = False
812.6658 	EXP 	surround_grating: ori = 15.0
812.6658 	EXP 	surround_grating: sf = array([2.5, 2.5])
812.6658 	EXP 	surround_grating: phase = array([0.22557284, 0.22557284])
812.6658 	EXP 	center_grating: ori = 6.0
812.6658 	EXP 	center_grating: sf = array([2.5, 2.5])
812.6658 	EXP 	center_grating: phase = array([0.88533546, 0.88533546])
813.1970 	DATA 	Keypress: apostrophe
813.3448 	DATA 	Keypress: apostrophe
813.9017 	EXP 	noise_3: autoDraw = True
813.9017 	EXP 	surround_grating: autoDraw = True
813.9017 	EXP 	center_grating: autoDraw = True
813.9740 	EXP 	noise_3: autoDraw = False
813.9740 	EXP 	surround_grating: autoDraw = False
813.9740 	EXP 	center_grating: autoDraw = False
814.2448 	EXP 	New trial (rep=0, index=416): <Trial 416 (416 in rep 0) data={'center': 8, 'surround': 15.0, 'type': 'c+8', 'surr_type': 'poss', 'orient_opacity': 100, 'noise_opacity': 0, 'isi': 0.5, 'thisN': 416, 'thisTrialN': 416, 'thisRepN': 0}>
814.2509 	DATA 	Keypress: period
814.2562 	INFO 	Keyboard events cleared
814.2557 	EXP 	noise_3: autoDraw = False
814.2557 	EXP 	surround_grating: autoDraw = False
814.2557 	EXP 	center_grating: autoDraw = False
814.2557 	EXP 	text_2: autoDraw = False
814.2557 	EXP 	surround_grating: ori = 15.0
814.2557 	EXP 	surround_grating: sf = array([2.5, 2.5])
814.2557 	EXP 	surround_grating: phase = array([0.71472361, 0.71472361])
814.2557 	EXP 	center_grating: ori = 8.0
814.2557 	EXP 	center_grating: sf = array([2.5, 2.5])
814.2557 	EXP 	center_grating: phase = array([0.64867831, 0.64867831])
814.7446 	EXP 	noise_3: autoDraw = True
814.7446 	EXP 	surround_grating: autoDraw = True
814.7446 	EXP 	center_grating: autoDraw = True
814.8190 	EXP 	noise_3: autoDraw = False
814.8190 	EXP 	surround_grating: autoDraw = False
814.8190 	EXP 	center_grating: autoDraw = False
815.4055 	EXP 	New trial (rep=0, index=417): <Trial 417 (417 in rep 0) data={'center': 4, 'surround': 15.0, 'type': 'c+4', 'surr_type': 'poss', 'orient_opacity': 100, 'noise_opacity': 0, 'isi': 0.75, 'thisN': 417, 'thisTrialN': 417, 'thisRepN': 0}>
815.4115 	DATA 	Keypress: period
815.4178 	INFO 	Keyboard events cleared
815.4173 	EXP 	noise_3: autoDraw = False
815.4173 	EXP 	surround_grating: autoDraw = False
815.4173 	EXP 	center_grating: autoDraw = False
815.4173 	EXP 	text_2: autoDraw = False
815.4173 	EXP 	surround_grating: ori = 15.0
815.4173 	EXP 	surround_grating: sf = array([2.5, 2.5])
815.4173 	EXP 	surround_grating: phase = array([0.9991076, 0.9991076])
815.4173 	EXP 	center_grating: ori = 4.0
815.4173 	EXP 	center_grating: sf = array([2.5, 2.5])
815.4173 	EXP 	center_grating: phase = array([0.28537119, 0.28537119])
816.1519 	EXP 	noise_3: autoDraw = True
816.1519 	EXP 	surround_grating: autoDraw = True
816.1519 	EXP 	center_grating: autoDraw = True
816.2240 	EXP 	noise_3: autoDraw = False
816.2240 	EXP 	surround_grating: autoDraw = False
816.2240 	EXP 	center_grating: autoDraw = False
816.5779 	EXP 	New trial (rep=0, index=418): <Trial 418 (418 in rep 0) data={'center': 0, 'surround': 15.0, 'type': 'c+0', 'surr_type': 'poss', 'orient_opacity': 100, 'noise_opacity': 0, 'isi': 0.75, 'thisN': 418, 'thisTrialN': 418, 'thisRepN': 0}>
816.5835 	DATA 	Keypress: period
816.5890 	INFO 	Keyboard events cleared
816.5885 	EXP 	noise_3: autoDraw = False
816.5885 	EXP 	surround_grating: autoDraw = False
816.5885 	EXP 	center_grating: autoDraw = False
816.5885 	EXP 	text_2: autoDraw = False
816.5885 	EXP 	surround_grating: ori = 15.0
816.5885 	EXP 	surround_grating: sf = array([2.5, 2.5])
816.5885 	EXP 	surround_grating: phase = array([0.92191878, 0.92191878])
816.5885 	EXP 	center_grating: ori = 0.0
816.5885 	EXP 	center_grating: sf = array([2.5, 2.5])
816.5885 	EXP 	center_grating: phase = array([0.50018946, 0.50018946])
817.3284 	EXP 	noise_3: autoDraw = True
817.3284 	EXP 	surround_grating: autoDraw = True
817.3284 	EXP 	center_grating: autoDraw = True
817.4024 	EXP 	noise_3: autoDraw = False
817.4024 	EXP 	surround_grating: autoDraw = False
817.4024 	EXP 	center_grating: autoDraw = False
818.0257 	DATA 	Keypress: z
818.0325 	EXP 	New trial (rep=0, index=419): <Trial 419 (419 in rep 0) data={'center': 2, 'surround': -15.0, 'type': 'c+2', 'surr_type': 'negs', 'orient_opacity': 100, 'noise_opacity': 0, 'isi': 0.75, 'thisN': 419, 'thisTrialN': 419, 'thisRepN': 0}>
818.0393 	INFO 	Keyboard events cleared
818.0389 	EXP 	noise_3: autoDraw = False
818.0389 	EXP 	surround_grating: autoDraw = False
818.0389 	EXP 	center_grating: autoDraw = False
818.0389 	EXP 	text_2: autoDraw = False
818.0389 	EXP 	surround_grating: ori = -15.0
818.0389 	EXP 	surround_grating: sf = array([2.5, 2.5])
818.0389 	EXP 	surround_grating: phase = array([0.47037174, 0.47037174])
818.0389 	EXP 	center_grating: ori = 2.0
818.0389 	EXP 	center_grating: sf = array([2.5, 2.5])
818.0389 	EXP 	center_grating: phase = array([0.95395301, 0.95395301])
818.7784 	EXP 	noise_3: autoDraw = True
818.7784 	EXP 	surround_grating: autoDraw = True
818.7784 	EXP 	center_grating: autoDraw = True
818.8525 	EXP 	noise_3: autoDraw = False
818.8525 	EXP 	surround_grating: autoDraw = False
818.8525 	EXP 	center_grating: autoDraw = False
819.3888 	EXP 	New trial (rep=0, index=420): <Trial 420 (420 in rep 0) data={'center': 4, 'surround': 15.0, 'type': 'c+4', 'surr_type': 'poss', 'orient_opacity': 100, 'noise_opacity': 0, 'isi': 0.75, 'thisN': 420, 'thisTrialN': 420, 'thisRepN': 0}>
819.3946 	DATA 	Keypress: period
819.4005 	INFO 	Keyboard events cleared
819.4001 	EXP 	noise_3: autoDraw = False
819.4001 	EXP 	surround_grating: autoDraw = False
819.4001 	EXP 	center_grating: autoDraw = False
819.4001 	EXP 	text_2: autoDraw = False
819.4001 	EXP 	surround_grating: ori = 15.0
819.4001 	EXP 	surround_grating: sf = array([2.5, 2.5])
819.4001 	EXP 	surround_grating: phase = array([0.46023493, 0.46023493])
819.4001 	EXP 	center_grating: ori = 4.0
819.4001 	EXP 	center_grating: sf = array([2.5, 2.5])
819.4001 	EXP 	center_grating: phase = array([0.93833306, 0.93833306])
820.1353 	EXP 	noise_3: autoDraw = True
820.1353 	EXP 	surround_grating: autoDraw = True
820.1353 	EXP 	center_grating: autoDraw = True
820.2074 	EXP 	noise_3: autoDraw = False
820.2074 	EXP 	surround_grating: autoDraw = False
820.2074 	EXP 	center_grating: autoDraw = False
820.6054 	EXP 	New trial (rep=0, index=421): <Trial 421 (421 in rep 0) data={'center': 0, 'surround': 15.0, 'type': 'c+0', 'surr_type': 'poss', 'orient_opacity': 100, 'noise_opacity': 0, 'isi': 0.75, 'thisN': 421, 'thisTrialN': 421, 'thisRepN': 0}>
820.6110 	DATA 	Keypress: period
820.6166 	INFO 	Keyboard events cleared
820.6161 	EXP 	noise_3: autoDraw = False
820.6161 	EXP 	surround_grating: autoDraw = False
820.6161 	EXP 	center_grating: autoDraw = False
820.6161 	EXP 	text_2: autoDraw = False
820.6161 	EXP 	surround_grating: ori = 15.0
820.6161 	EXP 	surround_grating: sf = array([2.5, 2.5])
820.6161 	EXP 	surround_grating: phase = array([0.69053478, 0.69053478])
820.6161 	EXP 	center_grating: ori = 0.0
820.6161 	EXP 	center_grating: sf = array([2.5, 2.5])
820.6161 	EXP 	center_grating: phase = array([0.06251834, 0.06251834])
821.3512 	EXP 	noise_3: autoDraw = True
821.3512 	EXP 	surround_grating: autoDraw = True
821.3512 	EXP 	center_grating: autoDraw = True
821.4240 	EXP 	noise_3: autoDraw = False
821.4240 	EXP 	surround_grating: autoDraw = False
821.4240 	EXP 	center_grating: autoDraw = False
822.2447 	EXP 	New trial (rep=0, index=422): <Trial 422 (422 in rep 0) data={'center': -4, 'surround': -15.0, 'type': 'c-4', 'surr_type': 'negs', 'orient_opacity': 100, 'noise_opacity': 0, 'isi': 0.5, 'thisN': 422, 'thisTrialN': 422, 'thisRepN': 0}>
822.2504 	DATA 	Keypress: z
822.2558 	INFO 	Keyboard events cleared
822.2553 	EXP 	noise_3: autoDraw = False
822.2553 	EXP 	surround_grating: autoDraw = False
822.2553 	EXP 	center_grating: autoDraw = False
822.2553 	EXP 	text_2: autoDraw = False
822.2553 	EXP 	surround_grating: ori = -15.0
822.2553 	EXP 	surround_grating: sf = array([2.5, 2.5])
822.2553 	EXP 	surround_grating: phase = array([0.89631384, 0.89631384])
822.2553 	EXP 	center_grating: ori = -4.0
822.2553 	EXP 	center_grating: sf = array([2.5, 2.5])
822.2553 	EXP 	center_grating: phase = array([0.71800376, 0.71800376])
822.7452 	EXP 	noise_3: autoDraw = True
822.7452 	EXP 	surround_grating: autoDraw = True
822.7452 	EXP 	center_grating: autoDraw = True
822.8193 	EXP 	noise_3: autoDraw = False
822.8193 	EXP 	surround_grating: autoDraw = False
822.8193 	EXP 	center_grating: autoDraw = False
823.4613 	EXP 	New trial (rep=0, index=423): <Trial 423 (423 in rep 0) data={'center': -8, 'surround': -15.0, 'type': 'c-8', 'surr_type': 'negs', 'orient_opacity': 100, 'noise_opacity': 0, 'isi': 1.0, 'thisN': 423, 'thisTrialN': 423, 'thisRepN': 0}>
823.4669 	DATA 	Keypress: z
823.4724 	INFO 	Keyboard events cleared
823.4718 	EXP 	noise_3: autoDraw = False
823.4718 	EXP 	surround_grating: autoDraw = False
823.4718 	EXP 	center_grating: autoDraw = False
823.4718 	EXP 	text_2: autoDraw = False
823.4718 	EXP 	surround_grating: ori = -15.0
823.4718 	EXP 	surround_grating: sf = array([2.5, 2.5])
823.4718 	EXP 	surround_grating: phase = array([0.66962902, 0.66962902])
823.4718 	EXP 	center_grating: ori = -8.0
823.4718 	EXP 	center_grating: sf = array([2.5, 2.5])
823.4718 	EXP 	center_grating: phase = array([0.39321824, 0.39321824])
824.4613 	EXP 	noise_3: autoDraw = True
824.4613 	EXP 	surround_grating: autoDraw = True
824.4613 	EXP 	center_grating: autoDraw = True
824.5358 	EXP 	noise_3: autoDraw = False
824.5358 	EXP 	surround_grating: autoDraw = False
824.5358 	EXP 	center_grating: autoDraw = False
825.0612 	EXP 	New trial (rep=0, index=424): <Trial 424 (424 in rep 0) data={'center': -2, 'surround': -15.0, 'type': 'c-2', 'surr_type': 'negs', 'orient_opacity': 100, 'noise_opacity': 0, 'isi': 0.75, 'thisN': 424, 'thisTrialN': 424, 'thisRepN': 0}>
825.0664 	DATA 	Keypress: z
825.0723 	INFO 	Keyboard events cleared
825.0718 	EXP 	noise_3: autoDraw = False
825.0718 	EXP 	surround_grating: autoDraw = False
825.0718 	EXP 	center_grating: autoDraw = False
825.0718 	EXP 	text_2: autoDraw = False
825.0718 	EXP 	surround_grating: ori = -15.0
825.0718 	EXP 	surround_grating: sf = array([2.5, 2.5])
825.0718 	EXP 	surround_grating: phase = array([0.05804095, 0.05804095])
825.0718 	EXP 	center_grating: ori = -2.0
825.0718 	EXP 	center_grating: sf = array([2.5, 2.5])
825.0718 	EXP 	center_grating: phase = array([0.66049796, 0.66049796])
825.8113 	EXP 	noise_3: autoDraw = True
825.8113 	EXP 	surround_grating: autoDraw = True
825.8113 	EXP 	center_grating: autoDraw = True
825.8862 	EXP 	noise_3: autoDraw = False
825.8862 	EXP 	surround_grating: autoDraw = False
825.8862 	EXP 	center_grating: autoDraw = False
826.4795 	EXP 	New trial (rep=0, index=425): <Trial 425 (425 in rep 0) data={'center': 0, 'surround': 15.0, 'type': 'c+0', 'surr_type': 'poss', 'orient_opacity': 100, 'noise_opacity': 0, 'isi': 1.25, 'thisN': 425, 'thisTrialN': 425, 'thisRepN': 0}>
826.4849 	DATA 	Keypress: period
826.4901 	INFO 	Keyboard events cleared
826.4896 	EXP 	noise_3: autoDraw = False
826.4896 	EXP 	surround_grating: autoDraw = False
826.4896 	EXP 	center_grating: autoDraw = False
826.4896 	EXP 	text_2: autoDraw = False
826.4896 	EXP 	surround_grating: ori = 15.0
826.4896 	EXP 	surround_grating: sf = array([2.5, 2.5])
826.4896 	EXP 	surround_grating: phase = array([0.20252209, 0.20252209])
826.4896 	EXP 	center_grating: ori = 0.0
826.4896 	EXP 	center_grating: sf = array([2.5, 2.5])
826.4896 	EXP 	center_grating: phase = array([0.46536826, 0.46536826])
827.7285 	EXP 	noise_3: autoDraw = True
827.7285 	EXP 	surround_grating: autoDraw = True
827.7285 	EXP 	center_grating: autoDraw = True
827.8029 	EXP 	noise_3: autoDraw = False
827.8029 	EXP 	surround_grating: autoDraw = False
827.8029 	EXP 	center_grating: autoDraw = False
828.3736 	EXP 	New trial (rep=0, index=426): <Trial 426 (426 in rep 0) data={'center': 4, 'surround': 15.0, 'type': 'c+4', 'surr_type': 'poss', 'orient_opacity': 100, 'noise_opacity': 0, 'isi': 0.5, 'thisN': 426, 'thisTrialN': 426, 'thisRepN': 0}>
828.3791 	DATA 	Keypress: z
828.3851 	INFO 	Keyboard events cleared
828.3846 	EXP 	noise_3: autoDraw = False
828.3846 	EXP 	surround_grating: autoDraw = False
828.3846 	EXP 	center_grating: autoDraw = False
828.3846 	EXP 	text_2: autoDraw = False
828.3846 	EXP 	surround_grating: ori = 15.0
828.3846 	EXP 	surround_grating: sf = array([2.5, 2.5])
828.3846 	EXP 	surround_grating: phase = array([0.47649197, 0.47649197])
828.3846 	EXP 	center_grating: ori = 4.0
828.3846 	EXP 	center_grating: sf = array([2.5, 2.5])
828.3846 	EXP 	center_grating: phase = array([0.39618438, 0.39618438])
828.8680 	EXP 	noise_3: autoDraw = True
828.8680 	EXP 	surround_grating: autoDraw = True
828.8680 	EXP 	center_grating: autoDraw = True
828.9406 	EXP 	noise_3: autoDraw = False
828.9406 	EXP 	surround_grating: autoDraw = False
828.9406 	EXP 	center_grating: autoDraw = False
829.5227 	EXP 	New trial (rep=0, index=427): <Trial 427 (427 in rep 0) data={'center': -8, 'surround': -15.0, 'type': 'c-8', 'surr_type': 'negs', 'orient_opacity': 100, 'noise_opacity': 0, 'isi': 1.0, 'thisN': 427, 'thisTrialN': 427, 'thisRepN': 0}>
829.5280 	DATA 	Keypress: period
829.5344 	INFO 	Keyboard events cleared
829.5338 	EXP 	noise_3: autoDraw = False
829.5338 	EXP 	surround_grating: autoDraw = False
829.5338 	EXP 	center_grating: autoDraw = False
829.5338 	EXP 	text_2: autoDraw = False
829.5338 	EXP 	surround_grating: ori = -15.0
829.5338 	EXP 	surround_grating: sf = array([2.5, 2.5])
829.5338 	EXP 	surround_grating: phase = array([0.27049948, 0.27049948])
829.5338 	EXP 	center_grating: ori = -8.0
829.5338 	EXP 	center_grating: sf = array([2.5, 2.5])
829.5338 	EXP 	center_grating: phase = array([0.73834332, 0.73834332])
830.5191 	EXP 	noise_3: autoDraw = True
830.5191 	EXP 	surround_grating: autoDraw = True
830.5191 	EXP 	center_grating: autoDraw = True
830.5908 	EXP 	noise_3: autoDraw = False
830.5908 	EXP 	surround_grating: autoDraw = False
830.5908 	EXP 	center_grating: autoDraw = False
831.0895 	EXP 	New trial (rep=0, index=428): <Trial 428 (428 in rep 0) data={'center': -4, 'surround': 0.0, 'type': 'c-4', 'surr_type': 'noss', 'orient_opacity': 0, 'noise_opacity': 100, 'isi': 1.25, 'thisN': 428, 'thisTrialN': 428, 'thisRepN': 0}>
831.0945 	DATA 	Keypress: z
831.1008 	INFO 	Keyboard events cleared
831.1003 	EXP 	noise_3: autoDraw = False
831.1003 	EXP 	surround_grating: autoDraw = False
831.1003 	EXP 	center_grating: autoDraw = False
831.1003 	EXP 	text_2: autoDraw = False
831.1003 	EXP 	surround_grating: ori = 0.0
831.1003 	EXP 	surround_grating: sf = array([2.5, 2.5])
831.1003 	EXP 	surround_grating: phase = array([0.76753176, 0.76753176])
831.1003 	EXP 	center_grating: ori = -4.0
831.1003 	EXP 	center_grating: sf = array([2.5, 2.5])
831.1003 	EXP 	center_grating: phase = array([0.92138046, 0.92138046])
832.3357 	EXP 	noise_3: autoDraw = True
832.3357 	EXP 	surround_grating: autoDraw = True
832.3357 	EXP 	center_grating: autoDraw = True
832.4080 	EXP 	noise_3: autoDraw = False
832.4080 	EXP 	surround_grating: autoDraw = False
832.4080 	EXP 	center_grating: autoDraw = False
832.9224 	EXP 	New trial (rep=0, index=429): <Trial 429 (429 in rep 0) data={'center': -4, 'surround': -15.0, 'type': 'c-4', 'surr_type': 'negs', 'orient_opacity': 100, 'noise_opacity': 0, 'isi': 0.75, 'thisN': 429, 'thisTrialN': 429, 'thisRepN': 0}>
832.9283 	DATA 	Keypress: z
832.9342 	INFO 	Keyboard events cleared
832.9338 	EXP 	noise_3: autoDraw = False
832.9338 	EXP 	surround_grating: autoDraw = False
832.9338 	EXP 	center_grating: autoDraw = False
832.9338 	EXP 	text_2: autoDraw = False
832.9338 	EXP 	surround_grating: ori = -15.0
832.9338 	EXP 	surround_grating: sf = array([2.5, 2.5])
832.9338 	EXP 	surround_grating: phase = array([0.48630861, 0.48630861])
832.9338 	EXP 	center_grating: ori = -4.0
832.9338 	EXP 	center_grating: sf = array([2.5, 2.5])
832.9338 	EXP 	center_grating: phase = array([0.82801853, 0.82801853])
833.6691 	EXP 	noise_3: autoDraw = True
833.6691 	EXP 	surround_grating: autoDraw = True
833.6691 	EXP 	center_grating: autoDraw = True
833.7424 	EXP 	noise_3: autoDraw = False
833.7424 	EXP 	surround_grating: autoDraw = False
833.7424 	EXP 	center_grating: autoDraw = False
834.4392 	EXP 	New trial (rep=0, index=430): <Trial 430 (430 in rep 0) data={'center': 2, 'surround': 0.0, 'type': 'c+2', 'surr_type': 'noss', 'orient_opacity': 0, 'noise_opacity': 100, 'isi': 0.75, 'thisN': 430, 'thisTrialN': 430, 'thisRepN': 0}>
834.4450 	DATA 	Keypress: z
834.4509 	INFO 	Keyboard events cleared
834.4504 	EXP 	noise_3: autoDraw = False
834.4504 	EXP 	surround_grating: autoDraw = False
834.4504 	EXP 	center_grating: autoDraw = False
834.4504 	EXP 	text_2: autoDraw = False
834.4504 	EXP 	surround_grating: ori = 0.0
834.4504 	EXP 	surround_grating: sf = array([2.5, 2.5])
834.4504 	EXP 	surround_grating: phase = array([0.91633343, 0.91633343])
834.4504 	EXP 	center_grating: ori = 2.0
834.4504 	EXP 	center_grating: sf = array([2.5, 2.5])
834.4504 	EXP 	center_grating: phase = array([0.99790551, 0.99790551])
835.1859 	EXP 	noise_3: autoDraw = True
835.1859 	EXP 	surround_grating: autoDraw = True
835.1859 	EXP 	center_grating: autoDraw = True
835.2579 	EXP 	noise_3: autoDraw = False
835.2579 	EXP 	surround_grating: autoDraw = False
835.2579 	EXP 	center_grating: autoDraw = False
835.7805 	EXP 	New trial (rep=0, index=431): <Trial 431 (431 in rep 0) data={'center': -2, 'surround': -15.0, 'type': 'c-2', 'surr_type': 'negs', 'orient_opacity': 100, 'noise_opacity': 0, 'isi': 0.5, 'thisN': 431, 'thisTrialN': 431, 'thisRepN': 0}>
835.7856 	DATA 	Keypress: period
835.7909 	INFO 	Keyboard events cleared
835.7904 	EXP 	noise_3: autoDraw = False
835.7904 	EXP 	surround_grating: autoDraw = False
835.7904 	EXP 	center_grating: autoDraw = False
835.7904 	EXP 	text_2: autoDraw = False
835.7904 	EXP 	surround_grating: ori = -15.0
835.7904 	EXP 	surround_grating: sf = array([2.5, 2.5])
835.7904 	EXP 	surround_grating: phase = array([0.81800817, 0.81800817])
835.7904 	EXP 	center_grating: ori = -2.0
835.7904 	EXP 	center_grating: sf = array([2.5, 2.5])
835.7904 	EXP 	center_grating: phase = array([0.35437028, 0.35437028])
836.2792 	EXP 	noise_3: autoDraw = True
836.2792 	EXP 	surround_grating: autoDraw = True
836.2792 	EXP 	center_grating: autoDraw = True
836.3532 	EXP 	noise_3: autoDraw = False
836.3532 	EXP 	surround_grating: autoDraw = False
836.3532 	EXP 	center_grating: autoDraw = False
836.9778 	EXP 	New trial (rep=0, index=432): <Trial 432 (432 in rep 0) data={'center': -4, 'surround': -15.0, 'type': 'c-4', 'surr_type': 'negs', 'orient_opacity': 100, 'noise_opacity': 0, 'isi': 0.75, 'thisN': 432, 'thisTrialN': 432, 'thisRepN': 0}>
836.9829 	DATA 	Keypress: period
836.9891 	INFO 	Keyboard events cleared
836.9886 	EXP 	noise_3: autoDraw = False
836.9886 	EXP 	surround_grating: autoDraw = False
836.9886 	EXP 	center_grating: autoDraw = False
836.9886 	EXP 	text_2: autoDraw = False
836.9886 	EXP 	surround_grating: ori = -15.0
836.9886 	EXP 	surround_grating: sf = array([2.5, 2.5])
836.9886 	EXP 	surround_grating: phase = array([0.72391343, 0.72391343])
836.9886 	EXP 	center_grating: ori = -4.0
836.9886 	EXP 	center_grating: sf = array([2.5, 2.5])
836.9886 	EXP 	center_grating: phase = array([0.24318234, 0.24318234])
837.7286 	EXP 	noise_3: autoDraw = True
837.7286 	EXP 	surround_grating: autoDraw = True
837.7286 	EXP 	center_grating: autoDraw = True
837.8031 	EXP 	noise_3: autoDraw = False
837.8031 	EXP 	surround_grating: autoDraw = False
837.8031 	EXP 	center_grating: autoDraw = False
838.3390 	EXP 	New trial (rep=0, index=433): <Trial 433 (433 in rep 0) data={'center': 2, 'surround': 15.0, 'type': 'c+2', 'surr_type': 'poss', 'orient_opacity': 100, 'noise_opacity': 0, 'isi': 0.5, 'thisN': 433, 'thisTrialN': 433, 'thisRepN': 0}>
838.3441 	DATA 	Keypress: z
838.3504 	INFO 	Keyboard events cleared
838.3498 	EXP 	noise_3: autoDraw = False
838.3498 	EXP 	surround_grating: autoDraw = False
838.3498 	EXP 	center_grating: autoDraw = False
838.3498 	EXP 	text_2: autoDraw = False
838.3498 	EXP 	surround_grating: ori = 15.0
838.3498 	EXP 	surround_grating: sf = array([2.5, 2.5])
838.3498 	EXP 	surround_grating: phase = array([0.49103832, 0.49103832])
838.3498 	EXP 	center_grating: ori = 2.0
838.3498 	EXP 	center_grating: sf = array([2.5, 2.5])
838.3498 	EXP 	center_grating: phase = array([0.17756572, 0.17756572])
838.8350 	EXP 	noise_3: autoDraw = True
838.8350 	EXP 	surround_grating: autoDraw = True
838.8350 	EXP 	center_grating: autoDraw = True
838.9082 	EXP 	noise_3: autoDraw = False
838.9082 	EXP 	surround_grating: autoDraw = False
838.9082 	EXP 	center_grating: autoDraw = False
839.3123 	EXP 	New trial (rep=0, index=434): <Trial 434 (434 in rep 0) data={'center': 8, 'surround': 15.0, 'type': 'c+8', 'surr_type': 'poss', 'orient_opacity': 100, 'noise_opacity': 0, 'isi': 0.75, 'thisN': 434, 'thisTrialN': 434, 'thisRepN': 0}>
839.3173 	DATA 	Keypress: period
839.3230 	INFO 	Keyboard events cleared
839.3224 	EXP 	noise_3: autoDraw = False
839.3224 	EXP 	surround_grating: autoDraw = False
839.3224 	EXP 	center_grating: autoDraw = False
839.3224 	EXP 	text_2: autoDraw = False
839.3224 	EXP 	surround_grating: ori = 15.0
839.3224 	EXP 	surround_grating: sf = array([2.5, 2.5])
839.3224 	EXP 	surround_grating: phase = array([0.56853341, 0.56853341])
839.3224 	EXP 	center_grating: ori = 8.0
839.3224 	EXP 	center_grating: sf = array([2.5, 2.5])
839.3224 	EXP 	center_grating: phase = array([0.01134782, 0.01134782])
840.0623 	EXP 	noise_3: autoDraw = True
840.0623 	EXP 	surround_grating: autoDraw = True
840.0623 	EXP 	center_grating: autoDraw = True
840.1365 	EXP 	noise_3: autoDraw = False
840.1365 	EXP 	surround_grating: autoDraw = False
840.1365 	EXP 	center_grating: autoDraw = False
840.4726 	EXP 	New trial (rep=0, index=435): <Trial 435 (435 in rep 0) data={'center': 0, 'surround': -15.0, 'type': 'c+0', 'surr_type': 'negs', 'orient_opacity': 100, 'noise_opacity': 0, 'isi': 1.25, 'thisN': 435, 'thisTrialN': 435, 'thisRepN': 0}>
840.4779 	DATA 	Keypress: period
840.4842 	INFO 	Keyboard events cleared
840.4837 	EXP 	noise_3: autoDraw = False
840.4837 	EXP 	surround_grating: autoDraw = False
840.4837 	EXP 	center_grating: autoDraw = False
840.4837 	EXP 	text_2: autoDraw = False
840.4837 	EXP 	surround_grating: ori = -15.0
840.4837 	EXP 	surround_grating: sf = array([2.5, 2.5])
840.4837 	EXP 	surround_grating: phase = array([0.78519234, 0.78519234])
840.4837 	EXP 	center_grating: ori = 0.0
840.4837 	EXP 	center_grating: sf = array([2.5, 2.5])
840.4837 	EXP 	center_grating: phase = array([0.0812175, 0.0812175])
841.7196 	EXP 	noise_3: autoDraw = True
841.7196 	EXP 	surround_grating: autoDraw = True
841.7196 	EXP 	center_grating: autoDraw = True
841.7915 	EXP 	noise_3: autoDraw = False
841.7915 	EXP 	surround_grating: autoDraw = False
841.7915 	EXP 	center_grating: autoDraw = False
842.2061 	EXP 	New trial (rep=0, index=436): <Trial 436 (436 in rep 0) data={'center': -2, 'surround': 15.0, 'type': 'c-2', 'surr_type': 'poss', 'orient_opacity': 100, 'noise_opacity': 0, 'isi': 0.5, 'thisN': 436, 'thisTrialN': 436, 'thisRepN': 0}>
842.2115 	DATA 	Keypress: period
842.2178 	INFO 	Keyboard events cleared
842.2174 	EXP 	noise_3: autoDraw = False
842.2174 	EXP 	surround_grating: autoDraw = False
842.2174 	EXP 	center_grating: autoDraw = False
842.2174 	EXP 	text_2: autoDraw = False
842.2174 	EXP 	surround_grating: ori = 15.0
842.2174 	EXP 	surround_grating: sf = array([2.5, 2.5])
842.2174 	EXP 	surround_grating: phase = array([0.79083709, 0.79083709])
842.2174 	EXP 	center_grating: ori = -2.0
842.2174 	EXP 	center_grating: sf = array([2.5, 2.5])
842.2174 	EXP 	center_grating: phase = array([0.59022091, 0.59022091])
842.7028 	EXP 	noise_3: autoDraw = True
842.7028 	EXP 	surround_grating: autoDraw = True
842.7028 	EXP 	center_grating: autoDraw = True
842.7752 	EXP 	noise_3: autoDraw = False
842.7752 	EXP 	surround_grating: autoDraw = False
842.7752 	EXP 	center_grating: autoDraw = False
843.2118 	EXP 	New trial (rep=0, index=437): <Trial 437 (437 in rep 0) data={'center': 2, 'surround': 0.0, 'type': 'c+2', 'surr_type': 'noss', 'orient_opacity': 0, 'noise_opacity': 100, 'isi': 1.0, 'thisN': 437, 'thisTrialN': 437, 'thisRepN': 0}>
843.2169 	DATA 	Keypress: period
843.2229 	INFO 	Keyboard events cleared
843.2224 	EXP 	noise_3: autoDraw = False
843.2224 	EXP 	surround_grating: autoDraw = False
843.2224 	EXP 	center_grating: autoDraw = False
843.2224 	EXP 	text_2: autoDraw = False
843.2224 	EXP 	surround_grating: ori = 0.0
843.2224 	EXP 	surround_grating: sf = array([2.5, 2.5])
843.2224 	EXP 	surround_grating: phase = array([0.57974309, 0.57974309])
843.2224 	EXP 	center_grating: ori = 2.0
843.2224 	EXP 	center_grating: sf = array([2.5, 2.5])
843.2224 	EXP 	center_grating: phase = array([0.9131829, 0.9131829])
843.3432 	EXP 	New trial (rep=0, index=438): <Trial 438 (438 in rep 0) data={'center': 2, 'surround': -15.0, 'type': 'c+2', 'surr_type': 'negs', 'orient_opacity': 100, 'noise_opacity': 0, 'isi': 1.0, 'thisN': 438, 'thisTrialN': 438, 'thisRepN': 0}>
843.3480 	DATA 	Keypress: z
843.3542 	INFO 	Keyboard events cleared
843.3537 	EXP 	noise_3: autoDraw = False
843.3537 	EXP 	surround_grating: autoDraw = False
843.3537 	EXP 	center_grating: autoDraw = False
843.3537 	EXP 	text_2: autoDraw = False
843.3537 	EXP 	surround_grating: ori = -15.0
843.3537 	EXP 	surround_grating: sf = array([2.5, 2.5])
843.3537 	EXP 	surround_grating: phase = array([0.60573698, 0.60573698])
843.3537 	EXP 	center_grating: ori = 2.0
843.3537 	EXP 	center_grating: sf = array([2.5, 2.5])
843.3537 	EXP 	center_grating: phase = array([0.04158192, 0.04158192])
844.3361 	EXP 	noise_3: autoDraw = True
844.3361 	EXP 	surround_grating: autoDraw = True
844.3361 	EXP 	center_grating: autoDraw = True
844.4085 	EXP 	noise_3: autoDraw = False
844.4085 	EXP 	surround_grating: autoDraw = False
844.4085 	EXP 	center_grating: autoDraw = False
844.8946 	EXP 	New trial (rep=0, index=439): <Trial 439 (439 in rep 0) data={'center': -2, 'surround': 0.0, 'type': 'c-2', 'surr_type': 'noss', 'orient_opacity': 0, 'noise_opacity': 100, 'isi': 0.75, 'thisN': 439, 'thisTrialN': 439, 'thisRepN': 0}>
844.8997 	DATA 	Keypress: period
844.9058 	INFO 	Keyboard events cleared
844.9054 	EXP 	noise_3: autoDraw = False
844.9054 	EXP 	surround_grating: autoDraw = False
844.9054 	EXP 	center_grating: autoDraw = False
844.9054 	EXP 	text_2: autoDraw = False
844.9054 	EXP 	surround_grating: ori = 0.0
844.9054 	EXP 	surround_grating: sf = array([2.5, 2.5])
844.9054 	EXP 	surround_grating: phase = array([0.49751743, 0.49751743])
844.9054 	EXP 	center_grating: ori = -2.0
844.9054 	EXP 	center_grating: sf = array([2.5, 2.5])
844.9054 	EXP 	center_grating: phase = array([0.91776604, 0.91776604])
845.6459 	EXP 	noise_3: autoDraw = True
845.6459 	EXP 	surround_grating: autoDraw = True
845.6459 	EXP 	center_grating: autoDraw = True
845.7202 	EXP 	noise_3: autoDraw = False
845.7202 	EXP 	surround_grating: autoDraw = False
845.7202 	EXP 	center_grating: autoDraw = False
846.2228 	EXP 	New trial (rep=0, index=440): <Trial 440 (440 in rep 0) data={'center': -2, 'surround': 0.0, 'type': 'c-2', 'surr_type': 'noss', 'orient_opacity': 0, 'noise_opacity': 100, 'isi': 1.0, 'thisN': 440, 'thisTrialN': 440, 'thisRepN': 0}>
846.2283 	DATA 	Keypress: z
846.2345 	INFO 	Keyboard events cleared
846.2341 	EXP 	noise_3: autoDraw = False
846.2341 	EXP 	surround_grating: autoDraw = False
846.2341 	EXP 	center_grating: autoDraw = False
846.2341 	EXP 	text_2: autoDraw = False
846.2341 	EXP 	surround_grating: ori = 0.0
846.2341 	EXP 	surround_grating: sf = array([2.5, 2.5])
846.2341 	EXP 	surround_grating: phase = array([0.91821605, 0.91821605])
846.2341 	EXP 	center_grating: ori = -2.0
846.2341 	EXP 	center_grating: sf = array([2.5, 2.5])
846.2341 	EXP 	center_grating: phase = array([0.66682106, 0.66682106])
847.2196 	EXP 	noise_3: autoDraw = True
847.2196 	EXP 	surround_grating: autoDraw = True
847.2196 	EXP 	center_grating: autoDraw = True
847.2920 	EXP 	noise_3: autoDraw = False
847.2920 	EXP 	surround_grating: autoDraw = False
847.2920 	EXP 	center_grating: autoDraw = False
847.7902 	EXP 	New trial (rep=0, index=441): <Trial 441 (441 in rep 0) data={'center': -4, 'surround': -15.0, 'type': 'c-4', 'surr_type': 'negs', 'orient_opacity': 100, 'noise_opacity': 0, 'isi': 1.25, 'thisN': 441, 'thisTrialN': 441, 'thisRepN': 0}>
847.7961 	DATA 	Keypress: z
847.8021 	INFO 	Keyboard events cleared
847.8016 	EXP 	noise_3: autoDraw = False
847.8016 	EXP 	surround_grating: autoDraw = False
847.8016 	EXP 	center_grating: autoDraw = False
847.8016 	EXP 	text_2: autoDraw = False
847.8016 	EXP 	surround_grating: ori = -15.0
847.8016 	EXP 	surround_grating: sf = array([2.5, 2.5])
847.8016 	EXP 	surround_grating: phase = array([0.79258626, 0.79258626])
847.8016 	EXP 	center_grating: ori = -4.0
847.8016 	EXP 	center_grating: sf = array([2.5, 2.5])
847.8016 	EXP 	center_grating: phase = array([0.53406086, 0.53406086])
849.0363 	EXP 	noise_3: autoDraw = True
849.0363 	EXP 	surround_grating: autoDraw = True
849.0363 	EXP 	center_grating: autoDraw = True
849.1074 	EXP 	noise_3: autoDraw = False
849.1074 	EXP 	surround_grating: autoDraw = False
849.1074 	EXP 	center_grating: autoDraw = False
849.7729 	EXP 	New trial (rep=0, index=442): <Trial 442 (442 in rep 0) data={'center': -4, 'surround': 0.0, 'type': 'c-4', 'surr_type': 'noss', 'orient_opacity': 0, 'noise_opacity': 100, 'isi': 0.75, 'thisN': 442, 'thisTrialN': 442, 'thisRepN': 0}>
849.7780 	DATA 	Keypress: z
849.7840 	INFO 	Keyboard events cleared
849.7835 	EXP 	noise_3: autoDraw = False
849.7835 	EXP 	surround_grating: autoDraw = False
849.7835 	EXP 	center_grating: autoDraw = False
849.7835 	EXP 	text_2: autoDraw = False
849.7835 	EXP 	surround_grating: ori = 0.0
849.7835 	EXP 	surround_grating: sf = array([2.5, 2.5])
849.7835 	EXP 	surround_grating: phase = array([0.85450782, 0.85450782])
849.7835 	EXP 	center_grating: ori = -4.0
849.7835 	EXP 	center_grating: sf = array([2.5, 2.5])
849.7835 	EXP 	center_grating: phase = array([0.16744182, 0.16744182])
850.5197 	EXP 	noise_3: autoDraw = True
850.5197 	EXP 	surround_grating: autoDraw = True
850.5197 	EXP 	center_grating: autoDraw = True
850.5916 	EXP 	noise_3: autoDraw = False
850.5916 	EXP 	surround_grating: autoDraw = False
850.5916 	EXP 	center_grating: autoDraw = False
851.0399 	EXP 	New trial (rep=0, index=443): <Trial 443 (443 in rep 0) data={'center': 0, 'surround': -15.0, 'type': 'c+0', 'surr_type': 'negs', 'orient_opacity': 100, 'noise_opacity': 0, 'isi': 1.25, 'thisN': 443, 'thisTrialN': 443, 'thisRepN': 0}>
851.0461 	DATA 	Keypress: z
851.0525 	INFO 	Keyboard events cleared
851.0520 	EXP 	noise_3: autoDraw = False
851.0520 	EXP 	surround_grating: autoDraw = False
851.0520 	EXP 	center_grating: autoDraw = False
851.0520 	EXP 	text_2: autoDraw = False
851.0520 	EXP 	surround_grating: ori = -15.0
851.0520 	EXP 	surround_grating: sf = array([2.5, 2.5])
851.0520 	EXP 	surround_grating: phase = array([0.11251826, 0.11251826])
851.0520 	EXP 	center_grating: ori = 0.0
851.0520 	EXP 	center_grating: sf = array([2.5, 2.5])
851.0520 	EXP 	center_grating: phase = array([0.02050447, 0.02050447])
852.2864 	EXP 	noise_3: autoDraw = True
852.2864 	EXP 	surround_grating: autoDraw = True
852.2864 	EXP 	center_grating: autoDraw = True
852.3588 	EXP 	noise_3: autoDraw = False
852.3588 	EXP 	surround_grating: autoDraw = False
852.3588 	EXP 	center_grating: autoDraw = False
852.8437 	DATA 	Keypress: period
852.8509 	EXP 	New trial (rep=0, index=444): <Trial 444 (444 in rep 0) data={'center': 4, 'surround': 15.0, 'type': 'c+4', 'surr_type': 'poss', 'orient_opacity': 100, 'noise_opacity': 0, 'isi': 1.25, 'thisN': 444, 'thisTrialN': 444, 'thisRepN': 0}>
852.8585 	INFO 	Keyboard events cleared
852.8580 	EXP 	noise_3: autoDraw = False
852.8580 	EXP 	surround_grating: autoDraw = False
852.8580 	EXP 	center_grating: autoDraw = False
852.8580 	EXP 	text_2: autoDraw = False
852.8580 	EXP 	surround_grating: ori = 15.0
852.8580 	EXP 	surround_grating: sf = array([2.5, 2.5])
852.8580 	EXP 	surround_grating: phase = array([0.21674498, 0.21674498])
852.8580 	EXP 	center_grating: ori = 4.0
852.8580 	EXP 	center_grating: sf = array([2.5, 2.5])
852.8580 	EXP 	center_grating: phase = array([0.62344392, 0.62344392])
854.0957 	EXP 	noise_3: autoDraw = True
854.0957 	EXP 	surround_grating: autoDraw = True
854.0957 	EXP 	center_grating: autoDraw = True
854.1704 	EXP 	noise_3: autoDraw = False
854.1704 	EXP 	surround_grating: autoDraw = False
854.1704 	EXP 	center_grating: autoDraw = False
854.6785 	EXP 	New trial (rep=0, index=445): <Trial 445 (445 in rep 0) data={'center': 4, 'surround': 15.0, 'type': 'c+4', 'surr_type': 'poss', 'orient_opacity': 100, 'noise_opacity': 0, 'isi': 0.5, 'thisN': 445, 'thisTrialN': 445, 'thisRepN': 0}>
854.6836 	DATA 	Keypress: period
854.6899 	INFO 	Keyboard events cleared
854.6893 	EXP 	noise_3: autoDraw = False
854.6893 	EXP 	surround_grating: autoDraw = False
854.6893 	EXP 	center_grating: autoDraw = False
854.6893 	EXP 	text_2: autoDraw = False
854.6893 	EXP 	surround_grating: ori = 15.0
854.6893 	EXP 	surround_grating: sf = array([2.5, 2.5])
854.6893 	EXP 	surround_grating: phase = array([0.19943783, 0.19943783])
854.6893 	EXP 	center_grating: ori = 4.0
854.6893 	EXP 	center_grating: sf = array([2.5, 2.5])
854.6893 	EXP 	center_grating: phase = array([0.81190944, 0.81190944])
855.1790 	EXP 	noise_3: autoDraw = True
855.1790 	EXP 	surround_grating: autoDraw = True
855.1790 	EXP 	center_grating: autoDraw = True
855.2526 	EXP 	noise_3: autoDraw = False
855.2526 	EXP 	surround_grating: autoDraw = False
855.2526 	EXP 	center_grating: autoDraw = False
855.6576 	EXP 	New trial (rep=0, index=446): <Trial 446 (446 in rep 0) data={'center': -4, 'surround': -15.0, 'type': 'c-4', 'surr_type': 'negs', 'orient_opacity': 100, 'noise_opacity': 0, 'isi': 0.5, 'thisN': 446, 'thisTrialN': 446, 'thisRepN': 0}>
855.6634 	DATA 	Keypress: period
855.6695 	INFO 	Keyboard events cleared
855.6690 	EXP 	noise_3: autoDraw = False
855.6690 	EXP 	surround_grating: autoDraw = False
855.6690 	EXP 	center_grating: autoDraw = False
855.6690 	EXP 	text_2: autoDraw = False
855.6690 	EXP 	surround_grating: ori = -15.0
855.6690 	EXP 	surround_grating: sf = array([2.5, 2.5])
855.6690 	EXP 	surround_grating: phase = array([0.67575409, 0.67575409])
855.6690 	EXP 	center_grating: ori = -4.0
855.6690 	EXP 	center_grating: sf = array([2.5, 2.5])
855.6690 	EXP 	center_grating: phase = array([0.94808508, 0.94808508])
856.1533 	EXP 	noise_3: autoDraw = True
856.1533 	EXP 	surround_grating: autoDraw = True
856.1533 	EXP 	center_grating: autoDraw = True
856.2253 	EXP 	noise_3: autoDraw = False
856.2253 	EXP 	surround_grating: autoDraw = False
856.2253 	EXP 	center_grating: autoDraw = False
856.6063 	EXP 	New trial (rep=0, index=447): <Trial 447 (447 in rep 0) data={'center': 0, 'surround': 0.0, 'type': 'c+0', 'surr_type': 'noss', 'orient_opacity': 0, 'noise_opacity': 100, 'isi': 1.0, 'thisN': 447, 'thisTrialN': 447, 'thisRepN': 0}>
856.6114 	DATA 	Keypress: period
856.6173 	INFO 	Keyboard events cleared
856.6168 	EXP 	noise_3: autoDraw = False
856.6168 	EXP 	surround_grating: autoDraw = False
856.6168 	EXP 	center_grating: autoDraw = False
856.6168 	EXP 	text_2: autoDraw = False
856.6168 	EXP 	surround_grating: ori = 0.0
856.6168 	EXP 	surround_grating: sf = array([2.5, 2.5])
856.6168 	EXP 	surround_grating: phase = array([0.08329175, 0.08329175])
856.6168 	EXP 	center_grating: ori = 0.0
856.6168 	EXP 	center_grating: sf = array([2.5, 2.5])
856.6168 	EXP 	center_grating: phase = array([0.08195933, 0.08195933])
857.6033 	EXP 	noise_3: autoDraw = True
857.6033 	EXP 	surround_grating: autoDraw = True
857.6033 	EXP 	center_grating: autoDraw = True
857.6753 	EXP 	noise_3: autoDraw = False
857.6753 	EXP 	surround_grating: autoDraw = False
857.6753 	EXP 	center_grating: autoDraw = False
858.0738 	EXP 	New trial (rep=0, index=448): <Trial 448 (448 in rep 0) data={'center': -8, 'surround': -15.0, 'type': 'c-8', 'surr_type': 'negs', 'orient_opacity': 100, 'noise_opacity': 0, 'isi': 1.0, 'thisN': 448, 'thisTrialN': 448, 'thisRepN': 0}>
858.0805 	DATA 	Keypress: period
858.0865 	INFO 	Keyboard events cleared
858.0859 	EXP 	noise_3: autoDraw = False
858.0859 	EXP 	surround_grating: autoDraw = False
858.0859 	EXP 	center_grating: autoDraw = False
858.0859 	EXP 	text_2: autoDraw = False
858.0859 	EXP 	surround_grating: ori = -15.0
858.0859 	EXP 	surround_grating: sf = array([2.5, 2.5])
858.0859 	EXP 	surround_grating: phase = array([0.30247954, 0.30247954])
858.0859 	EXP 	center_grating: ori = -8.0
858.0859 	EXP 	center_grating: sf = array([2.5, 2.5])
858.0859 	EXP 	center_grating: phase = array([0.26914127, 0.26914127])
859.0701 	EXP 	noise_3: autoDraw = True
859.0701 	EXP 	surround_grating: autoDraw = True
859.0701 	EXP 	center_grating: autoDraw = True
859.1428 	EXP 	noise_3: autoDraw = False
859.1428 	EXP 	surround_grating: autoDraw = False
859.1428 	EXP 	center_grating: autoDraw = False
859.6125 	EXP 	New trial (rep=0, index=449): <Trial 449 (449 in rep 0) data={'center': 4, 'surround': 15.0, 'type': 'c+4', 'surr_type': 'poss', 'orient_opacity': 100, 'noise_opacity': 0, 'isi': 0.75, 'thisN': 449, 'thisTrialN': 449, 'thisRepN': 0}>
859.6175 	DATA 	Keypress: z
859.6235 	INFO 	Keyboard events cleared
859.6230 	EXP 	noise_3: autoDraw = False
859.6230 	EXP 	surround_grating: autoDraw = False
859.6230 	EXP 	center_grating: autoDraw = False
859.6230 	EXP 	text_2: autoDraw = False
859.6230 	EXP 	surround_grating: ori = 15.0
859.6230 	EXP 	surround_grating: sf = array([2.5, 2.5])
859.6230 	EXP 	surround_grating: phase = array([0.26335021, 0.26335021])
859.6230 	EXP 	center_grating: ori = 4.0
859.6230 	EXP 	center_grating: sf = array([2.5, 2.5])
859.6230 	EXP 	center_grating: phase = array([0.50233879, 0.50233879])
860.3632 	EXP 	noise_3: autoDraw = True
860.3632 	EXP 	surround_grating: autoDraw = True
860.3632 	EXP 	center_grating: autoDraw = True
860.4373 	EXP 	noise_3: autoDraw = False
860.4373 	EXP 	surround_grating: autoDraw = False
860.4373 	EXP 	center_grating: autoDraw = False
860.8448 	EXP 	New trial (rep=0, index=450): <Trial 450 (450 in rep 0) data={'center': -2, 'surround': 0.0, 'type': 'c-2', 'surr_type': 'noss', 'orient_opacity': 0, 'noise_opacity': 100, 'isi': 1.25, 'thisN': 450, 'thisTrialN': 450, 'thisRepN': 0}>
860.8498 	DATA 	Keypress: period
860.8564 	INFO 	Keyboard events cleared
860.8559 	EXP 	noise_3: autoDraw = False
860.8559 	EXP 	surround_grating: autoDraw = False
860.8559 	EXP 	center_grating: autoDraw = False
860.8559 	EXP 	text_2: autoDraw = False
860.8559 	EXP 	surround_grating: ori = 0.0
860.8559 	EXP 	surround_grating: sf = array([2.5, 2.5])
860.8559 	EXP 	surround_grating: phase = array([0.88763865, 0.88763865])
860.8559 	EXP 	center_grating: ori = -2.0
860.8559 	EXP 	center_grating: sf = array([2.5, 2.5])
860.8559 	EXP 	center_grating: phase = array([0.58561654, 0.58561654])
862.0968 	EXP 	noise_3: autoDraw = True
862.0968 	EXP 	surround_grating: autoDraw = True
862.0968 	EXP 	center_grating: autoDraw = True
862.1705 	EXP 	noise_3: autoDraw = False
862.1705 	EXP 	surround_grating: autoDraw = False
862.1705 	EXP 	center_grating: autoDraw = False
862.7390 	EXP 	New trial (rep=0, index=451): <Trial 451 (451 in rep 0) data={'center': -6, 'surround': -15.0, 'type': 'c-6', 'surr_type': 'negs', 'orient_opacity': 100, 'noise_opacity': 0, 'isi': 0.75, 'thisN': 451, 'thisTrialN': 451, 'thisRepN': 0}>
862.7445 	DATA 	Keypress: z
862.7508 	INFO 	Keyboard events cleared
862.7502 	EXP 	noise_3: autoDraw = False
862.7502 	EXP 	surround_grating: autoDraw = False
862.7502 	EXP 	center_grating: autoDraw = False
862.7502 	EXP 	text_2: autoDraw = False
862.7502 	EXP 	surround_grating: ori = -15.0
862.7502 	EXP 	surround_grating: sf = array([2.5, 2.5])
862.7502 	EXP 	surround_grating: phase = array([0.32549233, 0.32549233])
862.7502 	EXP 	center_grating: ori = -6.0
862.7502 	EXP 	center_grating: sf = array([2.5, 2.5])
862.7502 	EXP 	center_grating: phase = array([0.00673678, 0.00673678])
863.4869 	EXP 	noise_3: autoDraw = True
863.4869 	EXP 	surround_grating: autoDraw = True
863.4869 	EXP 	center_grating: autoDraw = True
863.5588 	EXP 	noise_3: autoDraw = False
863.5588 	EXP 	surround_grating: autoDraw = False
863.5588 	EXP 	center_grating: autoDraw = False
864.1580 	EXP 	New trial (rep=0, index=452): <Trial 452 (452 in rep 0) data={'center': 6, 'surround': 15.0, 'type': 'c+6', 'surr_type': 'poss', 'orient_opacity': 100, 'noise_opacity': 0, 'isi': 1.0, 'thisN': 452, 'thisTrialN': 452, 'thisRepN': 0}>
864.1634 	DATA 	Keypress: z
864.1694 	INFO 	Keyboard events cleared
864.1690 	EXP 	noise_3: autoDraw = False
864.1690 	EXP 	surround_grating: autoDraw = False
864.1690 	EXP 	center_grating: autoDraw = False
864.1690 	EXP 	text_2: autoDraw = False
864.1690 	EXP 	surround_grating: ori = 15.0
864.1690 	EXP 	surround_grating: sf = array([2.5, 2.5])
864.1690 	EXP 	surround_grating: phase = array([0.66588366, 0.66588366])
864.1690 	EXP 	center_grating: ori = 6.0
864.1690 	EXP 	center_grating: sf = array([2.5, 2.5])
864.1690 	EXP 	center_grating: phase = array([0.28214057, 0.28214057])
865.1536 	EXP 	noise_3: autoDraw = True
865.1536 	EXP 	surround_grating: autoDraw = True
865.1536 	EXP 	center_grating: autoDraw = True
865.2268 	EXP 	noise_3: autoDraw = False
865.2268 	EXP 	surround_grating: autoDraw = False
865.2268 	EXP 	center_grating: autoDraw = False
865.7740 	EXP 	New trial (rep=0, index=453): <Trial 453 (453 in rep 0) data={'center': -2, 'surround': -15.0, 'type': 'c-2', 'surr_type': 'negs', 'orient_opacity': 100, 'noise_opacity': 0, 'isi': 0.5, 'thisN': 453, 'thisTrialN': 453, 'thisRepN': 0}>
865.7796 	DATA 	Keypress: period
865.7860 	INFO 	Keyboard events cleared
865.7854 	EXP 	noise_3: autoDraw = False
865.7854 	EXP 	surround_grating: autoDraw = False
865.7854 	EXP 	center_grating: autoDraw = False
865.7854 	EXP 	text_2: autoDraw = False
865.7854 	EXP 	surround_grating: ori = -15.0
865.7854 	EXP 	surround_grating: sf = array([2.5, 2.5])
865.7854 	EXP 	surround_grating: phase = array([0.04283983, 0.04283983])
865.7854 	EXP 	center_grating: ori = -2.0
865.7854 	EXP 	center_grating: sf = array([2.5, 2.5])
865.7854 	EXP 	center_grating: phase = array([0.02079801, 0.02079801])
866.2698 	EXP 	noise_3: autoDraw = True
866.2698 	EXP 	surround_grating: autoDraw = True
866.2698 	EXP 	center_grating: autoDraw = True
866.3425 	EXP 	noise_3: autoDraw = False
866.3425 	EXP 	surround_grating: autoDraw = False
866.3425 	EXP 	center_grating: autoDraw = False
866.9079 	EXP 	New trial (rep=0, index=454): <Trial 454 (454 in rep 0) data={'center': 4, 'surround': 0.0, 'type': 'c+4', 'surr_type': 'noss', 'orient_opacity': 0, 'noise_opacity': 100, 'isi': 1.25, 'thisN': 454, 'thisTrialN': 454, 'thisRepN': 0}>
866.9139 	DATA 	Keypress: period
866.9199 	INFO 	Keyboard events cleared
866.9194 	EXP 	noise_3: autoDraw = False
866.9194 	EXP 	surround_grating: autoDraw = False
866.9194 	EXP 	center_grating: autoDraw = False
866.9194 	EXP 	text_2: autoDraw = False
866.9194 	EXP 	surround_grating: ori = 0.0
866.9194 	EXP 	surround_grating: sf = array([2.5, 2.5])
866.9194 	EXP 	surround_grating: phase = array([0.44417383, 0.44417383])
866.9194 	EXP 	center_grating: ori = 4.0
866.9194 	EXP 	center_grating: sf = array([2.5, 2.5])
866.9194 	EXP 	center_grating: phase = array([0.79917802, 0.79917802])
868.1538 	EXP 	noise_3: autoDraw = True
868.1538 	EXP 	surround_grating: autoDraw = True
868.1538 	EXP 	center_grating: autoDraw = True
868.2260 	EXP 	noise_3: autoDraw = False
868.2260 	EXP 	surround_grating: autoDraw = False
868.2260 	EXP 	center_grating: autoDraw = False
868.6904 	EXP 	New trial (rep=0, index=455): <Trial 455 (455 in rep 0) data={'center': -8, 'surround': -15.0, 'type': 'c-8', 'surr_type': 'negs', 'orient_opacity': 100, 'noise_opacity': 0, 'isi': 0.5, 'thisN': 455, 'thisTrialN': 455, 'thisRepN': 0}>
868.6963 	DATA 	Keypress: period
868.7025 	INFO 	Keyboard events cleared
868.7020 	EXP 	noise_3: autoDraw = False
868.7020 	EXP 	surround_grating: autoDraw = False
868.7020 	EXP 	center_grating: autoDraw = False
868.7020 	EXP 	text_2: autoDraw = False
868.7020 	EXP 	surround_grating: ori = -15.0
868.7020 	EXP 	surround_grating: sf = array([2.5, 2.5])
868.7020 	EXP 	surround_grating: phase = array([0.97259771, 0.97259771])
868.7020 	EXP 	center_grating: ori = -8.0
868.7020 	EXP 	center_grating: sf = array([2.5, 2.5])
868.7020 	EXP 	center_grating: phase = array([0.83720982, 0.83720982])
869.1866 	EXP 	noise_3: autoDraw = True
869.1866 	EXP 	surround_grating: autoDraw = True
869.1866 	EXP 	center_grating: autoDraw = True
869.2592 	EXP 	noise_3: autoDraw = False
869.2592 	EXP 	surround_grating: autoDraw = False
869.2592 	EXP 	center_grating: autoDraw = False
869.8084 	EXP 	New trial (rep=0, index=456): <Trial 456 (456 in rep 0) data={'center': 0, 'surround': 15.0, 'type': 'c+0', 'surr_type': 'poss', 'orient_opacity': 100, 'noise_opacity': 0, 'isi': 1.0, 'thisN': 456, 'thisTrialN': 456, 'thisRepN': 0}>
869.8136 	DATA 	Keypress: z
869.8199 	INFO 	Keyboard events cleared
869.8194 	EXP 	noise_3: autoDraw = False
869.8194 	EXP 	surround_grating: autoDraw = False
869.8194 	EXP 	center_grating: autoDraw = False
869.8194 	EXP 	text_2: autoDraw = False
869.8194 	EXP 	surround_grating: ori = 15.0
869.8194 	EXP 	surround_grating: sf = array([2.5, 2.5])
869.8194 	EXP 	surround_grating: phase = array([0.82921761, 0.82921761])
869.8194 	EXP 	center_grating: ori = 0.0
869.8194 	EXP 	center_grating: sf = array([2.5, 2.5])
869.8194 	EXP 	center_grating: phase = array([0.40294779, 0.40294779])
870.8031 	EXP 	noise_3: autoDraw = True
870.8031 	EXP 	surround_grating: autoDraw = True
870.8031 	EXP 	center_grating: autoDraw = True
870.8758 	EXP 	noise_3: autoDraw = False
870.8758 	EXP 	surround_grating: autoDraw = False
870.8758 	EXP 	center_grating: autoDraw = False
871.4740 	EXP 	New trial (rep=0, index=457): <Trial 457 (457 in rep 0) data={'center': -4, 'surround': -15.0, 'type': 'c-4', 'surr_type': 'negs', 'orient_opacity': 100, 'noise_opacity': 0, 'isi': 0.5, 'thisN': 457, 'thisTrialN': 457, 'thisRepN': 0}>
871.4795 	DATA 	Keypress: z
871.4858 	INFO 	Keyboard events cleared
871.4854 	EXP 	noise_3: autoDraw = False
871.4854 	EXP 	surround_grating: autoDraw = False
871.4854 	EXP 	center_grating: autoDraw = False
871.4854 	EXP 	text_2: autoDraw = False
871.4854 	EXP 	surround_grating: ori = -15.0
871.4854 	EXP 	surround_grating: sf = array([2.5, 2.5])
871.4854 	EXP 	surround_grating: phase = array([0.47533878, 0.47533878])
871.4854 	EXP 	center_grating: ori = -4.0
871.4854 	EXP 	center_grating: sf = array([2.5, 2.5])
871.4854 	EXP 	center_grating: phase = array([0.45421276, 0.45421276])
871.9704 	EXP 	noise_3: autoDraw = True
871.9704 	EXP 	surround_grating: autoDraw = True
871.9704 	EXP 	center_grating: autoDraw = True
872.0424 	EXP 	noise_3: autoDraw = False
872.0424 	EXP 	surround_grating: autoDraw = False
872.0424 	EXP 	center_grating: autoDraw = False
872.6410 	EXP 	New trial (rep=0, index=458): <Trial 458 (458 in rep 0) data={'center': 2, 'surround': 0.0, 'type': 'c+2', 'surr_type': 'noss', 'orient_opacity': 0, 'noise_opacity': 100, 'isi': 0.75, 'thisN': 458, 'thisTrialN': 458, 'thisRepN': 0}>
872.6467 	DATA 	Keypress: z
872.6527 	INFO 	Keyboard events cleared
872.6522 	EXP 	noise_3: autoDraw = False
872.6522 	EXP 	surround_grating: autoDraw = False
872.6522 	EXP 	center_grating: autoDraw = False
872.6522 	EXP 	text_2: autoDraw = False
872.6522 	EXP 	surround_grating: ori = 0.0
872.6522 	EXP 	surround_grating: sf = array([2.5, 2.5])
872.6522 	EXP 	surround_grating: phase = array([0.74344513, 0.74344513])
872.6522 	EXP 	center_grating: ori = 2.0
872.6522 	EXP 	center_grating: sf = array([2.5, 2.5])
872.6522 	EXP 	center_grating: phase = array([0.20832491, 0.20832491])
873.3873 	EXP 	noise_3: autoDraw = True
873.3873 	EXP 	surround_grating: autoDraw = True
873.3873 	EXP 	center_grating: autoDraw = True
873.4603 	EXP 	noise_3: autoDraw = False
873.4603 	EXP 	surround_grating: autoDraw = False
873.4603 	EXP 	center_grating: autoDraw = False
873.9085 	EXP 	New trial (rep=0, index=459): <Trial 459 (459 in rep 0) data={'center': -2, 'surround': -15.0, 'type': 'c-2', 'surr_type': 'negs', 'orient_opacity': 100, 'noise_opacity': 0, 'isi': 1.25, 'thisN': 459, 'thisTrialN': 459, 'thisRepN': 0}>
873.9137 	DATA 	Keypress: period
873.9197 	INFO 	Keyboard events cleared
873.9192 	EXP 	noise_3: autoDraw = False
873.9192 	EXP 	surround_grating: autoDraw = False
873.9192 	EXP 	center_grating: autoDraw = False
873.9192 	EXP 	text_2: autoDraw = False
873.9192 	EXP 	surround_grating: ori = -15.0
873.9192 	EXP 	surround_grating: sf = array([2.5, 2.5])
873.9192 	EXP 	surround_grating: phase = array([0.55293912, 0.55293912])
873.9192 	EXP 	center_grating: ori = -2.0
873.9192 	EXP 	center_grating: sf = array([2.5, 2.5])
873.9192 	EXP 	center_grating: phase = array([0.53091963, 0.53091963])
875.1540 	EXP 	noise_3: autoDraw = True
875.1540 	EXP 	surround_grating: autoDraw = True
875.1540 	EXP 	center_grating: autoDraw = True
875.2258 	EXP 	noise_3: autoDraw = False
875.2258 	EXP 	surround_grating: autoDraw = False
875.2258 	EXP 	center_grating: autoDraw = False
875.7909 	EXP 	New trial (rep=0, index=460): <Trial 460 (460 in rep 0) data={'center': 2, 'surround': -15.0, 'type': 'c+2', 'surr_type': 'negs', 'orient_opacity': 100, 'noise_opacity': 0, 'isi': 0.5, 'thisN': 460, 'thisTrialN': 460, 'thisRepN': 0}>
875.7970 	DATA 	Keypress: period
875.8035 	INFO 	Keyboard events cleared
875.8029 	EXP 	noise_3: autoDraw = False
875.8029 	EXP 	surround_grating: autoDraw = False
875.8029 	EXP 	center_grating: autoDraw = False
875.8029 	EXP 	text_2: autoDraw = False
875.8029 	EXP 	surround_grating: ori = -15.0
875.8029 	EXP 	surround_grating: sf = array([2.5, 2.5])
875.8029 	EXP 	surround_grating: phase = array([0.29724127, 0.29724127])
875.8029 	EXP 	center_grating: ori = 2.0
875.8029 	EXP 	center_grating: sf = array([2.5, 2.5])
875.8029 	EXP 	center_grating: phase = array([0.21846838, 0.21846838])
876.2873 	EXP 	noise_3: autoDraw = True
876.2873 	EXP 	surround_grating: autoDraw = True
876.2873 	EXP 	center_grating: autoDraw = True
876.3600 	EXP 	noise_3: autoDraw = False
876.3600 	EXP 	surround_grating: autoDraw = False
876.3600 	EXP 	center_grating: autoDraw = False
876.8072 	EXP 	New trial (rep=0, index=461): <Trial 461 (461 in rep 0) data={'center': 4, 'surround': 0.0, 'type': 'c+4', 'surr_type': 'noss', 'orient_opacity': 0, 'noise_opacity': 100, 'isi': 1.0, 'thisN': 461, 'thisTrialN': 461, 'thisRepN': 0}>
876.8128 	DATA 	Keypress: period
876.8189 	INFO 	Keyboard events cleared
876.8182 	EXP 	noise_3: autoDraw = False
876.8182 	EXP 	surround_grating: autoDraw = False
876.8182 	EXP 	center_grating: autoDraw = False
876.8182 	EXP 	text_2: autoDraw = False
876.8182 	EXP 	surround_grating: ori = 0.0
876.8182 	EXP 	surround_grating: sf = array([2.5, 2.5])
876.8182 	EXP 	surround_grating: phase = array([0.07747071, 0.07747071])
876.8182 	EXP 	center_grating: ori = 4.0
876.8182 	EXP 	center_grating: sf = array([2.5, 2.5])
876.8182 	EXP 	center_grating: phase = array([0.49579874, 0.49579874])
877.8041 	EXP 	noise_3: autoDraw = True
877.8041 	EXP 	surround_grating: autoDraw = True
877.8041 	EXP 	center_grating: autoDraw = True
877.8769 	EXP 	noise_3: autoDraw = False
877.8769 	EXP 	surround_grating: autoDraw = False
877.8769 	EXP 	center_grating: autoDraw = False
878.2788 	EXP 	New trial (rep=0, index=462): <Trial 462 (462 in rep 0) data={'center': 0, 'surround': 0.0, 'type': 'c+0', 'surr_type': 'noss', 'orient_opacity': 0, 'noise_opacity': 100, 'isi': 1.0, 'thisN': 462, 'thisTrialN': 462, 'thisRepN': 0}>
878.2839 	DATA 	Keypress: period
878.2903 	INFO 	Keyboard events cleared
878.2897 	EXP 	noise_3: autoDraw = False
878.2897 	EXP 	surround_grating: autoDraw = False
878.2897 	EXP 	center_grating: autoDraw = False
878.2897 	EXP 	text_2: autoDraw = False
878.2897 	EXP 	surround_grating: ori = 0.0
878.2897 	EXP 	surround_grating: sf = array([2.5, 2.5])
878.2897 	EXP 	surround_grating: phase = array([0.30484304, 0.30484304])
878.2897 	EXP 	center_grating: ori = 0.0
878.2897 	EXP 	center_grating: sf = array([2.5, 2.5])
878.2897 	EXP 	center_grating: phase = array([0.85199994, 0.85199994])
879.2802 	EXP 	noise_3: autoDraw = True
879.2802 	EXP 	surround_grating: autoDraw = True
879.2802 	EXP 	center_grating: autoDraw = True
879.3544 	EXP 	noise_3: autoDraw = False
879.3544 	EXP 	surround_grating: autoDraw = False
879.3544 	EXP 	center_grating: autoDraw = False
880.0974 	EXP 	New trial (rep=0, index=463): <Trial 463 (463 in rep 0) data={'center': -4, 'surround': 0.0, 'type': 'c-4', 'surr_type': 'noss', 'orient_opacity': 0, 'noise_opacity': 100, 'isi': 0.5, 'thisN': 463, 'thisTrialN': 463, 'thisRepN': 0}>
880.1026 	DATA 	Keypress: period
880.1080 	INFO 	Keyboard events cleared
880.1074 	EXP 	noise_3: autoDraw = False
880.1074 	EXP 	surround_grating: autoDraw = False
880.1074 	EXP 	center_grating: autoDraw = False
880.1074 	EXP 	text_2: autoDraw = False
880.1074 	EXP 	surround_grating: ori = 0.0
880.1074 	EXP 	surround_grating: sf = array([2.5, 2.5])
880.1074 	EXP 	surround_grating: phase = array([0.54745246, 0.54745246])
880.1074 	EXP 	center_grating: ori = -4.0
880.1074 	EXP 	center_grating: sf = array([2.5, 2.5])
880.1074 	EXP 	center_grating: phase = array([0.19739282, 0.19739282])
880.5966 	EXP 	noise_3: autoDraw = True
880.5966 	EXP 	surround_grating: autoDraw = True
880.5966 	EXP 	center_grating: autoDraw = True
880.6713 	EXP 	noise_3: autoDraw = False
880.6713 	EXP 	surround_grating: autoDraw = False
880.6713 	EXP 	center_grating: autoDraw = False
881.1959 	EXP 	New trial (rep=0, index=464): <Trial 464 (464 in rep 0) data={'center': 4, 'surround': 0.0, 'type': 'c+4', 'surr_type': 'noss', 'orient_opacity': 0, 'noise_opacity': 100, 'isi': 0.5, 'thisN': 464, 'thisTrialN': 464, 'thisRepN': 0}>
881.2011 	DATA 	Keypress: z
881.2075 	INFO 	Keyboard events cleared
881.2068 	EXP 	noise_3: autoDraw = False
881.2068 	EXP 	surround_grating: autoDraw = False
881.2068 	EXP 	center_grating: autoDraw = False
881.2068 	EXP 	text_2: autoDraw = False
881.2068 	EXP 	surround_grating: ori = 0.0
881.2068 	EXP 	surround_grating: sf = array([2.5, 2.5])
881.2068 	EXP 	surround_grating: phase = array([0.56656138, 0.56656138])
881.2068 	EXP 	center_grating: ori = 4.0
881.2068 	EXP 	center_grating: sf = array([2.5, 2.5])
881.2068 	EXP 	center_grating: phase = array([0.59860527, 0.59860527])
881.6969 	EXP 	noise_3: autoDraw = True
881.6969 	EXP 	surround_grating: autoDraw = True
881.6969 	EXP 	center_grating: autoDraw = True
881.7713 	EXP 	noise_3: autoDraw = False
881.7713 	EXP 	surround_grating: autoDraw = False
881.7713 	EXP 	center_grating: autoDraw = False
882.1644 	EXP 	New trial (rep=0, index=465): <Trial 465 (465 in rep 0) data={'center': -4, 'surround': -15.0, 'type': 'c-4', 'surr_type': 'negs', 'orient_opacity': 100, 'noise_opacity': 0, 'isi': 0.5, 'thisN': 465, 'thisTrialN': 465, 'thisRepN': 0}>
882.1704 	DATA 	Keypress: period
882.1757 	INFO 	Keyboard events cleared
882.1752 	EXP 	noise_3: autoDraw = False
882.1752 	EXP 	surround_grating: autoDraw = False
882.1752 	EXP 	center_grating: autoDraw = False
882.1752 	EXP 	text_2: autoDraw = False
882.1752 	EXP 	surround_grating: ori = -15.0
882.1752 	EXP 	surround_grating: sf = array([2.5, 2.5])
882.1752 	EXP 	surround_grating: phase = array([0.7595815, 0.7595815])
882.1752 	EXP 	center_grating: ori = -4.0
882.1752 	EXP 	center_grating: sf = array([2.5, 2.5])
882.1752 	EXP 	center_grating: phase = array([0.45946244, 0.45946244])
882.6639 	EXP 	noise_3: autoDraw = True
882.6639 	EXP 	surround_grating: autoDraw = True
882.6639 	EXP 	center_grating: autoDraw = True
882.7381 	EXP 	noise_3: autoDraw = False
882.7381 	EXP 	surround_grating: autoDraw = False
882.7381 	EXP 	center_grating: autoDraw = False
883.2240 	EXP 	New trial (rep=0, index=466): <Trial 466 (466 in rep 0) data={'center': -8, 'surround': -15.0, 'type': 'c-8', 'surr_type': 'negs', 'orient_opacity': 100, 'noise_opacity': 0, 'isi': 1.0, 'thisN': 466, 'thisTrialN': 466, 'thisRepN': 0}>
883.2295 	DATA 	Keypress: period
883.2354 	INFO 	Keyboard events cleared
883.2349 	EXP 	noise_3: autoDraw = False
883.2349 	EXP 	surround_grating: autoDraw = False
883.2349 	EXP 	center_grating: autoDraw = False
883.2349 	EXP 	text_2: autoDraw = False
883.2349 	EXP 	surround_grating: ori = -15.0
883.2349 	EXP 	surround_grating: sf = array([2.5, 2.5])
883.2349 	EXP 	surround_grating: phase = array([0.33746431, 0.33746431])
883.2349 	EXP 	center_grating: ori = -8.0
883.2349 	EXP 	center_grating: sf = array([2.5, 2.5])
883.2349 	EXP 	center_grating: phase = array([0.30067521, 0.30067521])
884.2210 	EXP 	noise_3: autoDraw = True
884.2210 	EXP 	surround_grating: autoDraw = True
884.2210 	EXP 	center_grating: autoDraw = True
884.2927 	EXP 	noise_3: autoDraw = False
884.2927 	EXP 	surround_grating: autoDraw = False
884.2927 	EXP 	center_grating: autoDraw = False
884.6134 	EXP 	New trial (rep=0, index=467): <Trial 467 (467 in rep 0) data={'center': 2, 'surround': 15.0, 'type': 'c+2', 'surr_type': 'poss', 'orient_opacity': 100, 'noise_opacity': 0, 'isi': 0.75, 'thisN': 467, 'thisTrialN': 467, 'thisRepN': 0}>
884.6185 	DATA 	Keypress: z
884.6245 	INFO 	Keyboard events cleared
884.6239 	EXP 	noise_3: autoDraw = False
884.6239 	EXP 	surround_grating: autoDraw = False
884.6239 	EXP 	center_grating: autoDraw = False
884.6239 	EXP 	text_2: autoDraw = False
884.6239 	EXP 	surround_grating: ori = 15.0
884.6239 	EXP 	surround_grating: sf = array([2.5, 2.5])
884.6239 	EXP 	surround_grating: phase = array([0.89570716, 0.89570716])
884.6239 	EXP 	center_grating: ori = 2.0
884.6239 	EXP 	center_grating: sf = array([2.5, 2.5])
884.6239 	EXP 	center_grating: phase = array([0.57843989, 0.57843989])
885.3644 	EXP 	noise_3: autoDraw = True
885.3644 	EXP 	surround_grating: autoDraw = True
885.3644 	EXP 	center_grating: autoDraw = True
885.4382 	EXP 	noise_3: autoDraw = False
885.4382 	EXP 	surround_grating: autoDraw = False
885.4382 	EXP 	center_grating: autoDraw = False
885.7572 	EXP 	New trial (rep=0, index=468): <Trial 468 (468 in rep 0) data={'center': 2, 'surround': -15.0, 'type': 'c+2', 'surr_type': 'negs', 'orient_opacity': 100, 'noise_opacity': 0, 'isi': 1.25, 'thisN': 468, 'thisTrialN': 468, 'thisRepN': 0}>
885.7622 	DATA 	Keypress: period
885.7683 	INFO 	Keyboard events cleared
885.7676 	EXP 	noise_3: autoDraw = False
885.7676 	EXP 	surround_grating: autoDraw = False
885.7676 	EXP 	center_grating: autoDraw = False
885.7676 	EXP 	text_2: autoDraw = False
885.7676 	EXP 	surround_grating: ori = -15.0
885.7676 	EXP 	surround_grating: sf = array([2.5, 2.5])
885.7676 	EXP 	surround_grating: phase = array([0.70319848, 0.70319848])
885.7676 	EXP 	center_grating: ori = 2.0
885.7676 	EXP 	center_grating: sf = array([2.5, 2.5])
885.7676 	EXP 	center_grating: phase = array([0.41899573, 0.41899573])
887.0034 	EXP 	noise_3: autoDraw = True
887.0034 	EXP 	surround_grating: autoDraw = True
887.0034 	EXP 	center_grating: autoDraw = True
887.0774 	EXP 	noise_3: autoDraw = False
887.0774 	EXP 	surround_grating: autoDraw = False
887.0774 	EXP 	center_grating: autoDraw = False
887.5288 	EXP 	New trial (rep=0, index=469): <Trial 469 (469 in rep 0) data={'center': -2, 'surround': 0.0, 'type': 'c-2', 'surr_type': 'noss', 'orient_opacity': 0, 'noise_opacity': 100, 'isi': 0.75, 'thisN': 469, 'thisTrialN': 469, 'thisRepN': 0}>
887.5337 	DATA 	Keypress: period
887.5402 	INFO 	Keyboard events cleared
887.5397 	EXP 	noise_3: autoDraw = False
887.5397 	EXP 	surround_grating: autoDraw = False
887.5397 	EXP 	center_grating: autoDraw = False
887.5397 	EXP 	text_2: autoDraw = False
887.5397 	EXP 	surround_grating: ori = 0.0
887.5397 	EXP 	surround_grating: sf = array([2.5, 2.5])
887.5397 	EXP 	surround_grating: phase = array([0.27613144, 0.27613144])
887.5397 	EXP 	center_grating: ori = -2.0
887.5397 	EXP 	center_grating: sf = array([2.5, 2.5])
887.5397 	EXP 	center_grating: phase = array([0.59912781, 0.59912781])
888.2799 	EXP 	noise_3: autoDraw = True
888.2799 	EXP 	surround_grating: autoDraw = True
888.2799 	EXP 	center_grating: autoDraw = True
888.3549 	EXP 	noise_3: autoDraw = False
888.3549 	EXP 	surround_grating: autoDraw = False
888.3549 	EXP 	center_grating: autoDraw = False
888.8407 	EXP 	New trial (rep=0, index=470): <Trial 470 (470 in rep 0) data={'center': 2, 'surround': 15.0, 'type': 'c+2', 'surr_type': 'poss', 'orient_opacity': 100, 'noise_opacity': 0, 'isi': 0.5, 'thisN': 470, 'thisTrialN': 470, 'thisRepN': 0}>
888.8459 	DATA 	Keypress: z
888.8523 	INFO 	Keyboard events cleared
888.8518 	EXP 	noise_3: autoDraw = False
888.8518 	EXP 	surround_grating: autoDraw = False
888.8518 	EXP 	center_grating: autoDraw = False
888.8518 	EXP 	text_2: autoDraw = False
888.8518 	EXP 	surround_grating: ori = 15.0
888.8518 	EXP 	surround_grating: sf = array([2.5, 2.5])
888.8518 	EXP 	surround_grating: phase = array([0.58647586, 0.58647586])
888.8518 	EXP 	center_grating: ori = 2.0
888.8518 	EXP 	center_grating: sf = array([2.5, 2.5])
888.8518 	EXP 	center_grating: phase = array([0.58479749, 0.58479749])
889.3378 	EXP 	noise_3: autoDraw = True
889.3378 	EXP 	surround_grating: autoDraw = True
889.3378 	EXP 	center_grating: autoDraw = True
889.4100 	EXP 	noise_3: autoDraw = False
889.4100 	EXP 	surround_grating: autoDraw = False
889.4100 	EXP 	center_grating: autoDraw = False
889.8645 	EXP 	New trial (rep=0, index=471): <Trial 471 (471 in rep 0) data={'center': 2, 'surround': 15.0, 'type': 'c+2', 'surr_type': 'poss', 'orient_opacity': 100, 'noise_opacity': 0, 'isi': 1.25, 'thisN': 471, 'thisTrialN': 471, 'thisRepN': 0}>
889.8702 	DATA 	Keypress: z
889.8756 	INFO 	Keyboard events cleared
889.8750 	EXP 	noise_3: autoDraw = False
889.8750 	EXP 	surround_grating: autoDraw = False
889.8750 	EXP 	center_grating: autoDraw = False
889.8750 	EXP 	text_2: autoDraw = False
889.8750 	EXP 	surround_grating: ori = 15.0
889.8750 	EXP 	surround_grating: sf = array([2.5, 2.5])
889.8750 	EXP 	surround_grating: phase = array([0.69402617, 0.69402617])
889.8750 	EXP 	center_grating: ori = 2.0
889.8750 	EXP 	center_grating: sf = array([2.5, 2.5])
889.8750 	EXP 	center_grating: phase = array([0.89243073, 0.89243073])
891.1140 	EXP 	noise_3: autoDraw = True
891.1140 	EXP 	surround_grating: autoDraw = True
891.1140 	EXP 	center_grating: autoDraw = True
891.1884 	EXP 	noise_3: autoDraw = False
891.1884 	EXP 	surround_grating: autoDraw = False
891.1884 	EXP 	center_grating: autoDraw = False
891.6414 	EXP 	New trial (rep=0, index=472): <Trial 472 (472 in rep 0) data={'center': 0, 'surround': 0.0, 'type': 'c+0', 'surr_type': 'noss', 'orient_opacity': 0, 'noise_opacity': 100, 'isi': 0.5, 'thisN': 472, 'thisTrialN': 472, 'thisRepN': 0}>
891.6468 	DATA 	Keypress: z
891.6531 	INFO 	Keyboard events cleared
891.6526 	EXP 	noise_3: autoDraw = False
891.6526 	EXP 	surround_grating: autoDraw = False
891.6526 	EXP 	center_grating: autoDraw = False
891.6526 	EXP 	text_2: autoDraw = False
891.6526 	EXP 	surround_grating: ori = 0.0
891.6526 	EXP 	surround_grating: sf = array([2.5, 2.5])
891.6526 	EXP 	surround_grating: phase = array([0.84557575, 0.84557575])
891.6526 	EXP 	center_grating: ori = 0.0
891.6526 	EXP 	center_grating: sf = array([2.5, 2.5])
891.6526 	EXP 	center_grating: phase = array([0.19454523, 0.19454523])
892.1379 	EXP 	noise_3: autoDraw = True
892.1379 	EXP 	surround_grating: autoDraw = True
892.1379 	EXP 	center_grating: autoDraw = True
892.2108 	EXP 	noise_3: autoDraw = False
892.2108 	EXP 	surround_grating: autoDraw = False
892.2108 	EXP 	center_grating: autoDraw = False
892.6745 	EXP 	New trial (rep=0, index=473): <Trial 473 (473 in rep 0) data={'center': 2, 'surround': 15.0, 'type': 'c+2', 'surr_type': 'poss', 'orient_opacity': 100, 'noise_opacity': 0, 'isi': 1.25, 'thisN': 473, 'thisTrialN': 473, 'thisRepN': 0}>
892.6803 	DATA 	Keypress: z
892.6862 	INFO 	Keyboard events cleared
892.6857 	EXP 	noise_3: autoDraw = False
892.6857 	EXP 	surround_grating: autoDraw = False
892.6857 	EXP 	center_grating: autoDraw = False
892.6857 	EXP 	text_2: autoDraw = False
892.6857 	EXP 	surround_grating: ori = 15.0
892.6857 	EXP 	surround_grating: sf = array([2.5, 2.5])
892.6857 	EXP 	surround_grating: phase = array([0.6618146, 0.6618146])
892.6857 	EXP 	center_grating: ori = 2.0
892.6857 	EXP 	center_grating: sf = array([2.5, 2.5])
892.6857 	EXP 	center_grating: phase = array([0.42391924, 0.42391924])
893.9214 	EXP 	noise_3: autoDraw = True
893.9214 	EXP 	surround_grating: autoDraw = True
893.9214 	EXP 	center_grating: autoDraw = True
893.9935 	EXP 	noise_3: autoDraw = False
893.9935 	EXP 	surround_grating: autoDraw = False
893.9935 	EXP 	center_grating: autoDraw = False
894.3800 	EXP 	New trial (rep=0, index=474): <Trial 474 (474 in rep 0) data={'center': 0, 'surround': -15.0, 'type': 'c+0', 'surr_type': 'negs', 'orient_opacity': 100, 'noise_opacity': 0, 'isi': 1.0, 'thisN': 474, 'thisTrialN': 474, 'thisRepN': 0}>
894.3852 	DATA 	Keypress: period
894.3914 	INFO 	Keyboard events cleared
894.3908 	EXP 	noise_3: autoDraw = False
894.3908 	EXP 	surround_grating: autoDraw = False
894.3908 	EXP 	center_grating: autoDraw = False
894.3908 	EXP 	text_2: autoDraw = False
894.3908 	EXP 	surround_grating: ori = -15.0
894.3908 	EXP 	surround_grating: sf = array([2.5, 2.5])
894.3908 	EXP 	surround_grating: phase = array([0.17065899, 0.17065899])
894.3908 	EXP 	center_grating: ori = 0.0
894.3908 	EXP 	center_grating: sf = array([2.5, 2.5])
894.3908 	EXP 	center_grating: phase = array([0.26489909, 0.26489909])
895.3804 	EXP 	noise_3: autoDraw = True
895.3804 	EXP 	surround_grating: autoDraw = True
895.3804 	EXP 	center_grating: autoDraw = True
895.4552 	EXP 	noise_3: autoDraw = False
895.4552 	EXP 	surround_grating: autoDraw = False
895.4552 	EXP 	center_grating: autoDraw = False
896.4984 	EXP 	New trial (rep=0, index=475): <Trial 475 (475 in rep 0) data={'center': 0, 'surround': -15.0, 'type': 'c+0', 'surr_type': 'negs', 'orient_opacity': 100, 'noise_opacity': 0, 'isi': 1.25, 'thisN': 475, 'thisTrialN': 475, 'thisRepN': 0}>
896.5035 	DATA 	Keypress: period
896.5090 	INFO 	Keyboard events cleared
896.5085 	EXP 	noise_3: autoDraw = False
896.5085 	EXP 	surround_grating: autoDraw = False
896.5085 	EXP 	center_grating: autoDraw = False
896.5085 	EXP 	text_2: autoDraw = False
896.5085 	EXP 	surround_grating: ori = -15.0
896.5085 	EXP 	surround_grating: sf = array([2.5, 2.5])
896.5085 	EXP 	surround_grating: phase = array([0.44060351, 0.44060351])
896.5085 	EXP 	center_grating: ori = 0.0
896.5085 	EXP 	center_grating: sf = array([2.5, 2.5])
896.5085 	EXP 	center_grating: phase = array([0.54841385, 0.54841385])
897.7473 	EXP 	noise_3: autoDraw = True
897.7473 	EXP 	surround_grating: autoDraw = True
897.7473 	EXP 	center_grating: autoDraw = True
897.8218 	EXP 	noise_3: autoDraw = False
897.8218 	EXP 	surround_grating: autoDraw = False
897.8218 	EXP 	center_grating: autoDraw = False
898.4586 	EXP 	New trial (rep=0, index=476): <Trial 476 (476 in rep 0) data={'center': 6, 'surround': 15.0, 'type': 'c+6', 'surr_type': 'poss', 'orient_opacity': 100, 'noise_opacity': 0, 'isi': 0.5, 'thisN': 476, 'thisTrialN': 476, 'thisRepN': 0}>
898.4647 	DATA 	Keypress: period
898.4707 	INFO 	Keyboard events cleared
898.4702 	EXP 	noise_3: autoDraw = False
898.4702 	EXP 	surround_grating: autoDraw = False
898.4702 	EXP 	center_grating: autoDraw = False
898.4702 	EXP 	text_2: autoDraw = False
898.4702 	EXP 	surround_grating: ori = 15.0
898.4702 	EXP 	surround_grating: sf = array([2.5, 2.5])
898.4702 	EXP 	surround_grating: phase = array([0.63971853, 0.63971853])
898.4702 	EXP 	center_grating: ori = 6.0
898.4702 	EXP 	center_grating: sf = array([2.5, 2.5])
898.4702 	EXP 	center_grating: phase = array([0.357306, 0.357306])
898.9548 	EXP 	noise_3: autoDraw = True
898.9548 	EXP 	surround_grating: autoDraw = True
898.9548 	EXP 	center_grating: autoDraw = True
899.0268 	EXP 	noise_3: autoDraw = False
899.0268 	EXP 	surround_grating: autoDraw = False
899.0268 	EXP 	center_grating: autoDraw = False
899.4808 	EXP 	New trial (rep=0, index=477): <Trial 477 (477 in rep 0) data={'center': 8, 'surround': 15.0, 'type': 'c+8', 'surr_type': 'poss', 'orient_opacity': 100, 'noise_opacity': 0, 'isi': 1.0, 'thisN': 477, 'thisTrialN': 477, 'thisRepN': 0}>
899.4861 	DATA 	Keypress: period
899.4920 	INFO 	Keyboard events cleared
899.4914 	EXP 	noise_3: autoDraw = False
899.4914 	EXP 	surround_grating: autoDraw = False
899.4914 	EXP 	center_grating: autoDraw = False
899.4914 	EXP 	text_2: autoDraw = False
899.4914 	EXP 	surround_grating: ori = 15.0
899.4914 	EXP 	surround_grating: sf = array([2.5, 2.5])
899.4914 	EXP 	surround_grating: phase = array([0.11823698, 0.11823698])
899.4914 	EXP 	center_grating: ori = 8.0
899.4914 	EXP 	center_grating: sf = array([2.5, 2.5])
899.4914 	EXP 	center_grating: phase = array([0.19686731, 0.19686731])
900.4806 	EXP 	noise_3: autoDraw = True
900.4806 	EXP 	surround_grating: autoDraw = True
900.4806 	EXP 	center_grating: autoDraw = True
900.5553 	EXP 	noise_3: autoDraw = False
900.5553 	EXP 	surround_grating: autoDraw = False
900.5553 	EXP 	center_grating: autoDraw = False
900.9974 	EXP 	New trial (rep=0, index=478): <Trial 478 (478 in rep 0) data={'center': 0, 'surround': -15.0, 'type': 'c+0', 'surr_type': 'negs', 'orient_opacity': 100, 'noise_opacity': 0, 'isi': 1.25, 'thisN': 478, 'thisTrialN': 478, 'thisRepN': 0}>
901.0027 	DATA 	Keypress: period
901.0086 	INFO 	Keyboard events cleared
901.0080 	EXP 	noise_3: autoDraw = False
901.0080 	EXP 	surround_grating: autoDraw = False
901.0080 	EXP 	center_grating: autoDraw = False
901.0080 	EXP 	text_2: autoDraw = False
901.0080 	EXP 	surround_grating: ori = -15.0
901.0080 	EXP 	surround_grating: sf = array([2.5, 2.5])
901.0080 	EXP 	surround_grating: phase = array([0.10151614, 0.10151614])
901.0080 	EXP 	center_grating: ori = 0.0
901.0080 	EXP 	center_grating: sf = array([2.5, 2.5])
901.0080 	EXP 	center_grating: phase = array([0.86558717, 0.86558717])
902.1651 	DATA 	Keypress: apostrophe
902.2474 	EXP 	noise_3: autoDraw = True
902.2474 	EXP 	surround_grating: autoDraw = True
902.2474 	EXP 	center_grating: autoDraw = True
902.3221 	EXP 	noise_3: autoDraw = False
902.3221 	EXP 	surround_grating: autoDraw = False
902.3221 	EXP 	center_grating: autoDraw = False
902.8078 	EXP 	New trial (rep=0, index=479): <Trial 479 (479 in rep 0) data={'center': -4, 'surround': -15.0, 'type': 'c-4', 'surr_type': 'negs', 'orient_opacity': 100, 'noise_opacity': 0, 'isi': 1.25, 'thisN': 479, 'thisTrialN': 479, 'thisRepN': 0}>
902.8128 	DATA 	Keypress: period
902.8188 	INFO 	Keyboard events cleared
902.8182 	EXP 	noise_3: autoDraw = False
902.8182 	EXP 	surround_grating: autoDraw = False
902.8182 	EXP 	center_grating: autoDraw = False
902.8182 	EXP 	text_2: autoDraw = False
902.8182 	EXP 	surround_grating: ori = -15.0
902.8182 	EXP 	surround_grating: sf = array([2.5, 2.5])
902.8182 	EXP 	surround_grating: phase = array([0.89108168, 0.89108168])
902.8182 	EXP 	center_grating: ori = -4.0
902.8182 	EXP 	center_grating: sf = array([2.5, 2.5])
902.8182 	EXP 	center_grating: phase = array([0.32658345, 0.32658345])
904.0550 	EXP 	noise_3: autoDraw = True
904.0550 	EXP 	surround_grating: autoDraw = True
904.0550 	EXP 	center_grating: autoDraw = True
904.1275 	EXP 	noise_3: autoDraw = False
904.1275 	EXP 	surround_grating: autoDraw = False
904.1275 	EXP 	center_grating: autoDraw = False
904.8285 	DATA 	Keypress: period
904.8353 	EXP 	New trial (rep=0, index=480): <Trial 480 (480 in rep 0) data={'center': 8, 'surround': 15.0, 'type': 'c+8', 'surr_type': 'poss', 'orient_opacity': 100, 'noise_opacity': 0, 'isi': 1.0, 'thisN': 480, 'thisTrialN': 480, 'thisRepN': 0}>
904.8421 	INFO 	Keyboard events cleared
904.8417 	EXP 	noise_3: autoDraw = False
904.8417 	EXP 	surround_grating: autoDraw = False
904.8417 	EXP 	center_grating: autoDraw = False
904.8417 	EXP 	text_2: autoDraw = False
904.8417 	EXP 	surround_grating: ori = 15.0
904.8417 	EXP 	surround_grating: sf = array([2.5, 2.5])
904.8417 	EXP 	surround_grating: phase = array([0.52514854, 0.52514854])
904.8417 	EXP 	center_grating: ori = 8.0
904.8417 	EXP 	center_grating: sf = array([2.5, 2.5])
904.8417 	EXP 	center_grating: phase = array([0.8569091, 0.8569091])
905.8318 	EXP 	noise_3: autoDraw = True
905.8318 	EXP 	surround_grating: autoDraw = True
905.8318 	EXP 	center_grating: autoDraw = True
905.9056 	EXP 	noise_3: autoDraw = False
905.9056 	EXP 	surround_grating: autoDraw = False
905.9056 	EXP 	center_grating: autoDraw = False
906.2755 	EXP 	New trial (rep=0, index=481): <Trial 481 (481 in rep 0) data={'center': -2, 'surround': -15.0, 'type': 'c-2', 'surr_type': 'negs', 'orient_opacity': 100, 'noise_opacity': 0, 'isi': 0.75, 'thisN': 481, 'thisTrialN': 481, 'thisRepN': 0}>
906.2812 	DATA 	Keypress: period
906.2871 	INFO 	Keyboard events cleared
906.2866 	EXP 	noise_3: autoDraw = False
906.2866 	EXP 	surround_grating: autoDraw = False
906.2866 	EXP 	center_grating: autoDraw = False
906.2866 	EXP 	text_2: autoDraw = False
906.2866 	EXP 	surround_grating: ori = -15.0
906.2866 	EXP 	surround_grating: sf = array([2.5, 2.5])
906.2866 	EXP 	surround_grating: phase = array([0.52601163, 0.52601163])
906.2866 	EXP 	center_grating: ori = -2.0
906.2866 	EXP 	center_grating: sf = array([2.5, 2.5])
906.2866 	EXP 	center_grating: phase = array([0.34607852, 0.34607852])
906.6323 	DATA 	Keypress: capslock
907.0217 	EXP 	noise_3: autoDraw = True
907.0217 	EXP 	surround_grating: autoDraw = True
907.0217 	EXP 	center_grating: autoDraw = True
907.0938 	EXP 	noise_3: autoDraw = False
907.0938 	EXP 	surround_grating: autoDraw = False
907.0938 	EXP 	center_grating: autoDraw = False
907.4986 	EXP 	New trial (rep=0, index=482): <Trial 482 (482 in rep 0) data={'center': -4, 'surround': 0.0, 'type': 'c-4', 'surr_type': 'noss', 'orient_opacity': 0, 'noise_opacity': 100, 'isi': 0.5, 'thisN': 482, 'thisTrialN': 482, 'thisRepN': 0}>
907.5040 	DATA 	Keypress: period
907.5093 	INFO 	Keyboard events cleared
907.5088 	EXP 	noise_3: autoDraw = False
907.5088 	EXP 	surround_grating: autoDraw = False
907.5088 	EXP 	center_grating: autoDraw = False
907.5088 	EXP 	text_2: autoDraw = False
907.5088 	EXP 	surround_grating: ori = 0.0
907.5088 	EXP 	surround_grating: sf = array([2.5, 2.5])
907.5088 	EXP 	surround_grating: phase = array([0.51180059, 0.51180059])
907.5088 	EXP 	center_grating: ori = -4.0
907.5088 	EXP 	center_grating: sf = array([2.5, 2.5])
907.5088 	EXP 	center_grating: phase = array([0.43010732, 0.43010732])
907.9974 	EXP 	noise_3: autoDraw = True
907.9974 	EXP 	surround_grating: autoDraw = True
907.9974 	EXP 	center_grating: autoDraw = True
908.0723 	EXP 	noise_3: autoDraw = False
908.0723 	EXP 	surround_grating: autoDraw = False
908.0723 	EXP 	center_grating: autoDraw = False
908.3750 	EXP 	New trial (rep=0, index=483): <Trial 483 (483 in rep 0) data={'center': -2, 'surround': 0.0, 'type': 'c-2', 'surr_type': 'noss', 'orient_opacity': 0, 'noise_opacity': 100, 'isi': 0.5, 'thisN': 483, 'thisTrialN': 483, 'thisRepN': 0}>
908.3804 	DATA 	Keypress: period
908.3863 	INFO 	Keyboard events cleared
908.3858 	EXP 	noise_3: autoDraw = False
908.3858 	EXP 	surround_grating: autoDraw = False
908.3858 	EXP 	center_grating: autoDraw = False
908.3858 	EXP 	text_2: autoDraw = False
908.3858 	EXP 	surround_grating: ori = 0.0
908.3858 	EXP 	surround_grating: sf = array([2.5, 2.5])
908.3858 	EXP 	surround_grating: phase = array([0.22461099, 0.22461099])
908.3858 	EXP 	center_grating: ori = -2.0
908.3858 	EXP 	center_grating: sf = array([2.5, 2.5])
908.3858 	EXP 	center_grating: phase = array([0.01031139, 0.01031139])
908.8708 	EXP 	noise_3: autoDraw = True
908.8708 	EXP 	surround_grating: autoDraw = True
908.8708 	EXP 	center_grating: autoDraw = True
908.9437 	EXP 	noise_3: autoDraw = False
908.9437 	EXP 	surround_grating: autoDraw = False
908.9437 	EXP 	center_grating: autoDraw = False
909.3925 	EXP 	New trial (rep=0, index=484): <Trial 484 (484 in rep 0) data={'center': 2, 'surround': 15.0, 'type': 'c+2', 'surr_type': 'poss', 'orient_opacity': 100, 'noise_opacity': 0, 'isi': 0.5, 'thisN': 484, 'thisTrialN': 484, 'thisRepN': 0}>
909.3983 	DATA 	Keypress: z
909.4045 	INFO 	Keyboard events cleared
909.4038 	EXP 	noise_3: autoDraw = False
909.4038 	EXP 	surround_grating: autoDraw = False
909.4038 	EXP 	center_grating: autoDraw = False
909.4038 	EXP 	text_2: autoDraw = False
909.4038 	EXP 	surround_grating: ori = 15.0
909.4038 	EXP 	surround_grating: sf = array([2.5, 2.5])
909.4038 	EXP 	surround_grating: phase = array([0.89424187, 0.89424187])
909.4038 	EXP 	center_grating: ori = 2.0
909.4038 	EXP 	center_grating: sf = array([2.5, 2.5])
909.4038 	EXP 	center_grating: phase = array([0.46982897, 0.46982897])
909.8875 	EXP 	noise_3: autoDraw = True
909.8875 	EXP 	surround_grating: autoDraw = True
909.8875 	EXP 	center_grating: autoDraw = True
909.9608 	EXP 	noise_3: autoDraw = False
909.9608 	EXP 	surround_grating: autoDraw = False
909.9608 	EXP 	center_grating: autoDraw = False
910.5755 	EXP 	New trial (rep=0, index=485): <Trial 485 (485 in rep 0) data={'center': -2, 'surround': 15.0, 'type': 'c-2', 'surr_type': 'poss', 'orient_opacity': 100, 'noise_opacity': 0, 'isi': 1.0, 'thisN': 485, 'thisTrialN': 485, 'thisRepN': 0}>
910.5811 	DATA 	Keypress: z
910.5874 	INFO 	Keyboard events cleared
910.5870 	EXP 	noise_3: autoDraw = False
910.5870 	EXP 	surround_grating: autoDraw = False
910.5870 	EXP 	center_grating: autoDraw = False
910.5870 	EXP 	text_2: autoDraw = False
910.5870 	EXP 	surround_grating: ori = 15.0
910.5870 	EXP 	surround_grating: sf = array([2.5, 2.5])
910.5870 	EXP 	surround_grating: phase = array([0.68020657, 0.68020657])
910.5870 	EXP 	center_grating: ori = -2.0
910.5870 	EXP 	center_grating: sf = array([2.5, 2.5])
910.5870 	EXP 	center_grating: phase = array([0.4568366, 0.4568366])
911.5719 	EXP 	noise_3: autoDraw = True
911.5719 	EXP 	surround_grating: autoDraw = True
911.5719 	EXP 	center_grating: autoDraw = True
911.6439 	EXP 	noise_3: autoDraw = False
911.6439 	EXP 	surround_grating: autoDraw = False
911.6439 	EXP 	center_grating: autoDraw = False
912.0810 	EXP 	New trial (rep=0, index=486): <Trial 486 (486 in rep 0) data={'center': -6, 'surround': -15.0, 'type': 'c-6', 'surr_type': 'negs', 'orient_opacity': 100, 'noise_opacity': 0, 'isi': 1.25, 'thisN': 486, 'thisTrialN': 486, 'thisRepN': 0}>
912.0862 	DATA 	Keypress: z
912.0922 	INFO 	Keyboard events cleared
912.0917 	EXP 	noise_3: autoDraw = False
912.0917 	EXP 	surround_grating: autoDraw = False
912.0917 	EXP 	center_grating: autoDraw = False
912.0917 	EXP 	text_2: autoDraw = False
912.0917 	EXP 	surround_grating: ori = -15.0
912.0917 	EXP 	surround_grating: sf = array([2.5, 2.5])
912.0917 	EXP 	surround_grating: phase = array([0.28728113, 0.28728113])
912.0917 	EXP 	center_grating: ori = -6.0
912.0917 	EXP 	center_grating: sf = array([2.5, 2.5])
912.0917 	EXP 	center_grating: phase = array([0.64141707, 0.64141707])
913.3318 	EXP 	noise_3: autoDraw = True
913.3318 	EXP 	surround_grating: autoDraw = True
913.3318 	EXP 	center_grating: autoDraw = True
913.4117 	EXP 	noise_3: autoDraw = False
913.4117 	EXP 	surround_grating: autoDraw = False
913.4117 	EXP 	center_grating: autoDraw = False
913.7792 	DATA 	Keypress: z
913.7861 	EXP 	New trial (rep=0, index=487): <Trial 487 (487 in rep 0) data={'center': 0, 'surround': 15.0, 'type': 'c+0', 'surr_type': 'poss', 'orient_opacity': 100, 'noise_opacity': 0, 'isi': 0.75, 'thisN': 487, 'thisTrialN': 487, 'thisRepN': 0}>
913.7931 	INFO 	Keyboard events cleared
913.7926 	EXP 	noise_3: autoDraw = False
913.7926 	EXP 	surround_grating: autoDraw = False
913.7926 	EXP 	center_grating: autoDraw = False
913.7926 	EXP 	text_2: autoDraw = False
913.7926 	EXP 	surround_grating: ori = 15.0
913.7926 	EXP 	surround_grating: sf = array([2.5, 2.5])
913.7926 	EXP 	surround_grating: phase = array([0.28414125, 0.28414125])
913.7926 	EXP 	center_grating: ori = 0.0
913.7926 	EXP 	center_grating: sf = array([2.5, 2.5])
913.7926 	EXP 	center_grating: phase = array([0.04146852, 0.04146852])
914.5319 	EXP 	noise_3: autoDraw = True
914.5319 	EXP 	surround_grating: autoDraw = True
914.5319 	EXP 	center_grating: autoDraw = True
914.6059 	EXP 	noise_3: autoDraw = False
914.6059 	EXP 	surround_grating: autoDraw = False
914.6059 	EXP 	center_grating: autoDraw = False
915.0147 	EXP 	New trial (rep=0, index=488): <Trial 488 (488 in rep 0) data={'center': 2, 'surround': 15.0, 'type': 'c+2', 'surr_type': 'poss', 'orient_opacity': 100, 'noise_opacity': 0, 'isi': 1.0, 'thisN': 488, 'thisTrialN': 488, 'thisRepN': 0}>
915.0199 	DATA 	Keypress: z
915.0254 	INFO 	Keyboard events cleared
915.0248 	EXP 	noise_3: autoDraw = False
915.0248 	EXP 	surround_grating: autoDraw = False
915.0248 	EXP 	center_grating: autoDraw = False
915.0248 	EXP 	text_2: autoDraw = False
915.0248 	EXP 	surround_grating: ori = 15.0
915.0248 	EXP 	surround_grating: sf = array([2.5, 2.5])
915.0248 	EXP 	surround_grating: phase = array([0.03992485, 0.03992485])
915.0248 	EXP 	center_grating: ori = 2.0
915.0248 	EXP 	center_grating: sf = array([2.5, 2.5])
915.0248 	EXP 	center_grating: phase = array([0.19753878, 0.19753878])
916.0149 	EXP 	noise_3: autoDraw = True
916.0149 	EXP 	surround_grating: autoDraw = True
916.0149 	EXP 	center_grating: autoDraw = True
916.0892 	EXP 	noise_3: autoDraw = False
916.0892 	EXP 	surround_grating: autoDraw = False
916.0892 	EXP 	center_grating: autoDraw = False
916.7425 	EXP 	New trial (rep=0, index=489): <Trial 489 (489 in rep 0) data={'center': -6, 'surround': -15.0, 'type': 'c-6', 'surr_type': 'negs', 'orient_opacity': 100, 'noise_opacity': 0, 'isi': 0.5, 'thisN': 489, 'thisTrialN': 489, 'thisRepN': 0}>
916.7479 	DATA 	Keypress: z
916.7538 	INFO 	Keyboard events cleared
916.7533 	EXP 	noise_3: autoDraw = False
916.7533 	EXP 	surround_grating: autoDraw = False
916.7533 	EXP 	center_grating: autoDraw = False
916.7533 	EXP 	text_2: autoDraw = False
916.7533 	EXP 	surround_grating: ori = -15.0
916.7533 	EXP 	surround_grating: sf = array([2.5, 2.5])
916.7533 	EXP 	surround_grating: phase = array([0.65378564, 0.65378564])
916.7533 	EXP 	center_grating: ori = -6.0
916.7533 	EXP 	center_grating: sf = array([2.5, 2.5])
916.7533 	EXP 	center_grating: phase = array([0.86128284, 0.86128284])
917.2388 	EXP 	noise_3: autoDraw = True
917.2388 	EXP 	surround_grating: autoDraw = True
917.2388 	EXP 	center_grating: autoDraw = True
917.3107 	EXP 	noise_3: autoDraw = False
917.3107 	EXP 	surround_grating: autoDraw = False
917.3107 	EXP 	center_grating: autoDraw = False
917.8934 	EXP 	New trial (rep=0, index=490): <Trial 490 (490 in rep 0) data={'center': 4, 'surround': 15.0, 'type': 'c+4', 'surr_type': 'poss', 'orient_opacity': 100, 'noise_opacity': 0, 'isi': 0.5, 'thisN': 490, 'thisTrialN': 490, 'thisRepN': 0}>
917.8990 	DATA 	Keypress: z
917.9046 	INFO 	Keyboard events cleared
917.9041 	EXP 	noise_3: autoDraw = False
917.9041 	EXP 	surround_grating: autoDraw = False
917.9041 	EXP 	center_grating: autoDraw = False
917.9041 	EXP 	text_2: autoDraw = False
917.9041 	EXP 	surround_grating: ori = 15.0
917.9041 	EXP 	surround_grating: sf = array([2.5, 2.5])
917.9041 	EXP 	surround_grating: phase = array([0.74191418, 0.74191418])
917.9041 	EXP 	center_grating: ori = 4.0
917.9041 	EXP 	center_grating: sf = array([2.5, 2.5])
917.9041 	EXP 	center_grating: phase = array([0.37180999, 0.37180999])
918.3888 	EXP 	noise_3: autoDraw = True
918.3888 	EXP 	surround_grating: autoDraw = True
918.3888 	EXP 	center_grating: autoDraw = True
918.4608 	EXP 	noise_3: autoDraw = False
918.4608 	EXP 	surround_grating: autoDraw = False
918.4608 	EXP 	center_grating: autoDraw = False
918.8767 	EXP 	New trial (rep=0, index=491): <Trial 491 (491 in rep 0) data={'center': 6, 'surround': 15.0, 'type': 'c+6', 'surr_type': 'poss', 'orient_opacity': 100, 'noise_opacity': 0, 'isi': 1.0, 'thisN': 491, 'thisTrialN': 491, 'thisRepN': 0}>
918.8820 	DATA 	Keypress: z
918.8879 	INFO 	Keyboard events cleared
918.8875 	EXP 	noise_3: autoDraw = False
918.8875 	EXP 	surround_grating: autoDraw = False
918.8875 	EXP 	center_grating: autoDraw = False
918.8875 	EXP 	text_2: autoDraw = False
918.8875 	EXP 	surround_grating: ori = 15.0
918.8875 	EXP 	surround_grating: sf = array([2.5, 2.5])
918.8875 	EXP 	surround_grating: phase = array([0.92803929, 0.92803929])
918.8875 	EXP 	center_grating: ori = 6.0
918.8875 	EXP 	center_grating: sf = array([2.5, 2.5])
918.8875 	EXP 	center_grating: phase = array([0.70044519, 0.70044519])
919.8725 	EXP 	noise_3: autoDraw = True
919.8725 	EXP 	surround_grating: autoDraw = True
919.8725 	EXP 	center_grating: autoDraw = True
919.9449 	EXP 	noise_3: autoDraw = False
919.9449 	EXP 	surround_grating: autoDraw = False
919.9449 	EXP 	center_grating: autoDraw = False
920.3311 	EXP 	New trial (rep=0, index=492): <Trial 492 (492 in rep 0) data={'center': 4, 'surround': 15.0, 'type': 'c+4', 'surr_type': 'poss', 'orient_opacity': 100, 'noise_opacity': 0, 'isi': 0.5, 'thisN': 492, 'thisTrialN': 492, 'thisRepN': 0}>
920.3362 	DATA 	Keypress: period
920.3424 	INFO 	Keyboard events cleared
920.3419 	EXP 	noise_3: autoDraw = False
920.3419 	EXP 	surround_grating: autoDraw = False
920.3419 	EXP 	center_grating: autoDraw = False
920.3419 	EXP 	text_2: autoDraw = False
920.3419 	EXP 	surround_grating: ori = 15.0
920.3419 	EXP 	surround_grating: sf = array([2.5, 2.5])
920.3419 	EXP 	surround_grating: phase = array([0.4411811, 0.4411811])
920.3419 	EXP 	center_grating: ori = 4.0
920.3419 	EXP 	center_grating: sf = array([2.5, 2.5])
920.3419 	EXP 	center_grating: phase = array([0.06871219, 0.06871219])
920.8310 	EXP 	noise_3: autoDraw = True
920.8310 	EXP 	surround_grating: autoDraw = True
920.8310 	EXP 	center_grating: autoDraw = True
920.9059 	EXP 	noise_3: autoDraw = False
920.9059 	EXP 	surround_grating: autoDraw = False
920.9059 	EXP 	center_grating: autoDraw = False
921.3593 	EXP 	New trial (rep=0, index=493): <Trial 493 (493 in rep 0) data={'center': 8, 'surround': 15.0, 'type': 'c+8', 'surr_type': 'poss', 'orient_opacity': 100, 'noise_opacity': 0, 'isi': 0.75, 'thisN': 493, 'thisTrialN': 493, 'thisRepN': 0}>
921.3650 	DATA 	Keypress: period
921.3708 	INFO 	Keyboard events cleared
921.3704 	EXP 	noise_3: autoDraw = False
921.3704 	EXP 	surround_grating: autoDraw = False
921.3704 	EXP 	center_grating: autoDraw = False
921.3704 	EXP 	text_2: autoDraw = False
921.3704 	EXP 	surround_grating: ori = 15.0
921.3704 	EXP 	surround_grating: sf = array([2.5, 2.5])
921.3704 	EXP 	surround_grating: phase = array([0.35104822, 0.35104822])
921.3704 	EXP 	center_grating: ori = 8.0
921.3704 	EXP 	center_grating: sf = array([2.5, 2.5])
921.3704 	EXP 	center_grating: phase = array([0.00222085, 0.00222085])
922.1052 	EXP 	noise_3: autoDraw = True
922.1052 	EXP 	surround_grating: autoDraw = True
922.1052 	EXP 	center_grating: autoDraw = True
922.1785 	EXP 	noise_3: autoDraw = False
922.1785 	EXP 	surround_grating: autoDraw = False
922.1785 	EXP 	center_grating: autoDraw = False
922.5419 	EXP 	New trial (rep=0, index=494): <Trial 494 (494 in rep 0) data={'center': -6, 'surround': -15.0, 'type': 'c-6', 'surr_type': 'negs', 'orient_opacity': 100, 'noise_opacity': 0, 'isi': 0.5, 'thisN': 494, 'thisTrialN': 494, 'thisRepN': 0}>
922.5473 	DATA 	Keypress: period
922.5534 	INFO 	Keyboard events cleared
922.5528 	EXP 	noise_3: autoDraw = False
922.5528 	EXP 	surround_grating: autoDraw = False
922.5528 	EXP 	center_grating: autoDraw = False
922.5528 	EXP 	text_2: autoDraw = False
922.5528 	EXP 	surround_grating: ori = -15.0
922.5528 	EXP 	surround_grating: sf = array([2.5, 2.5])
922.5528 	EXP 	surround_grating: phase = array([0.78864236, 0.78864236])
922.5528 	EXP 	center_grating: ori = -6.0
922.5528 	EXP 	center_grating: sf = array([2.5, 2.5])
922.5528 	EXP 	center_grating: phase = array([0.30453925, 0.30453925])
923.0380 	EXP 	noise_3: autoDraw = True
923.0380 	EXP 	surround_grating: autoDraw = True
923.0380 	EXP 	center_grating: autoDraw = True
923.1112 	EXP 	noise_3: autoDraw = False
923.1112 	EXP 	surround_grating: autoDraw = False
923.1112 	EXP 	center_grating: autoDraw = False
923.5590 	EXP 	New trial (rep=0, index=495): <Trial 495 (495 in rep 0) data={'center': 0, 'surround': 0.0, 'type': 'c+0', 'surr_type': 'noss', 'orient_opacity': 0, 'noise_opacity': 100, 'isi': 0.75, 'thisN': 495, 'thisTrialN': 495, 'thisRepN': 0}>
923.5649 	DATA 	Keypress: z
923.5711 	INFO 	Keyboard events cleared
923.5706 	EXP 	noise_3: autoDraw = False
923.5706 	EXP 	surround_grating: autoDraw = False
923.5706 	EXP 	center_grating: autoDraw = False
923.5706 	EXP 	text_2: autoDraw = False
923.5706 	EXP 	surround_grating: ori = 0.0
923.5706 	EXP 	surround_grating: sf = array([2.5, 2.5])
923.5706 	EXP 	surround_grating: phase = array([0.24923679, 0.24923679])
923.5706 	EXP 	center_grating: ori = 0.0
923.5706 	EXP 	center_grating: sf = array([2.5, 2.5])
923.5706 	EXP 	center_grating: phase = array([0.43408926, 0.43408926])
924.3051 	EXP 	noise_3: autoDraw = True
924.3051 	EXP 	surround_grating: autoDraw = True
924.3051 	EXP 	center_grating: autoDraw = True
924.3788 	EXP 	noise_3: autoDraw = False
924.3788 	EXP 	surround_grating: autoDraw = False
924.3788 	EXP 	center_grating: autoDraw = False
925.2144 	EXP 	New trial (rep=0, index=496): <Trial 496 (496 in rep 0) data={'center': -4, 'surround': 0.0, 'type': 'c-4', 'surr_type': 'noss', 'orient_opacity': 0, 'noise_opacity': 100, 'isi': 1.25, 'thisN': 496, 'thisTrialN': 496, 'thisRepN': 0}>
925.2194 	DATA 	Keypress: z
925.2218 	DATA 	Keypress: period
925.2266 	INFO 	Keyboard events cleared
925.2261 	EXP 	noise_3: autoDraw = False
925.2261 	EXP 	surround_grating: autoDraw = False
925.2261 	EXP 	center_grating: autoDraw = False
925.2261 	EXP 	text_2: autoDraw = False
925.2261 	EXP 	surround_grating: ori = 0.0
925.2261 	EXP 	surround_grating: sf = array([2.5, 2.5])
925.2261 	EXP 	surround_grating: phase = array([0.75679509, 0.75679509])
925.2261 	EXP 	center_grating: ori = -4.0
925.2261 	EXP 	center_grating: sf = array([2.5, 2.5])
925.2261 	EXP 	center_grating: phase = array([0.58108377, 0.58108377])
926.4656 	EXP 	noise_3: autoDraw = True
926.4656 	EXP 	surround_grating: autoDraw = True
926.4656 	EXP 	center_grating: autoDraw = True
926.5396 	EXP 	noise_3: autoDraw = False
926.5396 	EXP 	surround_grating: autoDraw = False
926.5396 	EXP 	center_grating: autoDraw = False
927.0260 	EXP 	New trial (rep=0, index=497): <Trial 497 (497 in rep 0) data={'center': 0, 'surround': 0.0, 'type': 'c+0', 'surr_type': 'noss', 'orient_opacity': 0, 'noise_opacity': 100, 'isi': 1.0, 'thisN': 497, 'thisTrialN': 497, 'thisRepN': 0}>
927.0316 	DATA 	Keypress: z
927.0377 	INFO 	Keyboard events cleared
927.0371 	EXP 	noise_3: autoDraw = False
927.0371 	EXP 	surround_grating: autoDraw = False
927.0371 	EXP 	center_grating: autoDraw = False
927.0371 	EXP 	text_2: autoDraw = False
927.0371 	EXP 	surround_grating: ori = 0.0
927.0371 	EXP 	surround_grating: sf = array([2.5, 2.5])
927.0371 	EXP 	surround_grating: phase = array([0.48319712, 0.48319712])
927.0371 	EXP 	center_grating: ori = 0.0
927.0371 	EXP 	center_grating: sf = array([2.5, 2.5])
927.0371 	EXP 	center_grating: phase = array([0.9712906, 0.9712906])
928.0226 	EXP 	noise_3: autoDraw = True
928.0226 	EXP 	surround_grating: autoDraw = True
928.0226 	EXP 	center_grating: autoDraw = True
928.0948 	EXP 	noise_3: autoDraw = False
928.0948 	EXP 	surround_grating: autoDraw = False
928.0948 	EXP 	center_grating: autoDraw = False
928.7598 	EXP 	New trial (rep=0, index=498): <Trial 498 (498 in rep 0) data={'center': 0, 'surround': 15.0, 'type': 'c+0', 'surr_type': 'poss', 'orient_opacity': 100, 'noise_opacity': 0, 'isi': 1.25, 'thisN': 498, 'thisTrialN': 498, 'thisRepN': 0}>
928.7655 	DATA 	Keypress: z
928.7718 	INFO 	Keyboard events cleared
928.7712 	EXP 	noise_3: autoDraw = False
928.7712 	EXP 	surround_grating: autoDraw = False
928.7712 	EXP 	center_grating: autoDraw = False
928.7712 	EXP 	text_2: autoDraw = False
928.7712 	EXP 	surround_grating: ori = 15.0
928.7712 	EXP 	surround_grating: sf = array([2.5, 2.5])
928.7712 	EXP 	surround_grating: phase = array([0.28024845, 0.28024845])
928.7712 	EXP 	center_grating: ori = 0.0
928.7712 	EXP 	center_grating: sf = array([2.5, 2.5])
928.7712 	EXP 	center_grating: phase = array([0.90087697, 0.90087697])
930.0059 	EXP 	noise_3: autoDraw = True
930.0059 	EXP 	surround_grating: autoDraw = True
930.0059 	EXP 	center_grating: autoDraw = True
930.0780 	EXP 	noise_3: autoDraw = False
930.0780 	EXP 	surround_grating: autoDraw = False
930.0780 	EXP 	center_grating: autoDraw = False
930.5427 	EXP 	New trial (rep=0, index=499): <Trial 499 (499 in rep 0) data={'center': 2, 'surround': 0.0, 'type': 'c+2', 'surr_type': 'noss', 'orient_opacity': 0, 'noise_opacity': 100, 'isi': 0.5, 'thisN': 499, 'thisTrialN': 499, 'thisRepN': 0}>
930.5483 	DATA 	Keypress: z
930.5542 	INFO 	Keyboard events cleared
930.5537 	EXP 	noise_3: autoDraw = False
930.5537 	EXP 	surround_grating: autoDraw = False
930.5537 	EXP 	center_grating: autoDraw = False
930.5537 	EXP 	text_2: autoDraw = False
930.5537 	EXP 	surround_grating: ori = 0.0
930.5537 	EXP 	surround_grating: sf = array([2.5, 2.5])
930.5537 	EXP 	surround_grating: phase = array([0.30049721, 0.30049721])
930.5537 	EXP 	center_grating: ori = 2.0
930.5537 	EXP 	center_grating: sf = array([2.5, 2.5])
930.5537 	EXP 	center_grating: phase = array([0.00147523, 0.00147523])
931.0392 	EXP 	noise_3: autoDraw = True
931.0392 	EXP 	surround_grating: autoDraw = True
931.0392 	EXP 	center_grating: autoDraw = True
931.1111 	EXP 	noise_3: autoDraw = False
931.1111 	EXP 	surround_grating: autoDraw = False
931.1111 	EXP 	center_grating: autoDraw = False
931.6930 	EXP 	New trial (rep=0, index=500): <Trial 500 (500 in rep 0) data={'center': 4, 'surround': 0.0, 'type': 'c+4', 'surr_type': 'noss', 'orient_opacity': 0, 'noise_opacity': 100, 'isi': 1.25, 'thisN': 500, 'thisTrialN': 500, 'thisRepN': 0}>
931.6987 	DATA 	Keypress: z
931.7050 	INFO 	Keyboard events cleared
931.7044 	EXP 	noise_3: autoDraw = False
931.7044 	EXP 	surround_grating: autoDraw = False
931.7044 	EXP 	center_grating: autoDraw = False
931.7044 	EXP 	text_2: autoDraw = False
931.7044 	EXP 	surround_grating: ori = 0.0
931.7044 	EXP 	surround_grating: sf = array([2.5, 2.5])
931.7044 	EXP 	surround_grating: phase = array([0.20487256, 0.20487256])
931.7044 	EXP 	center_grating: ori = 4.0
931.7044 	EXP 	center_grating: sf = array([2.5, 2.5])
931.7044 	EXP 	center_grating: phase = array([0.80496637, 0.80496637])
932.9393 	EXP 	noise_3: autoDraw = True
932.9393 	EXP 	surround_grating: autoDraw = True
932.9393 	EXP 	center_grating: autoDraw = True
933.0114 	EXP 	noise_3: autoDraw = False
933.0114 	EXP 	surround_grating: autoDraw = False
933.0114 	EXP 	center_grating: autoDraw = False
933.4623 	DATA 	Keypress: period
933.4680 	INFO 	Keyboard events cleared
933.4674 	EXP 	noise_3: autoDraw = False
933.4674 	EXP 	surround_grating: autoDraw = False
933.4674 	EXP 	center_grating: autoDraw = False
933.4674 	EXP 	text_2: autoDraw = True
952.3823 	EXP 	New trial (rep=0, index=501): <Trial 501 (501 in rep 0) data={'center': -4, 'surround': 0.0, 'type': 'c-4', 'surr_type': 'noss', 'orient_opacity': 0, 'noise_opacity': 100, 'isi': 0.5, 'thisN': 501, 'thisTrialN': 501, 'thisRepN': 0}>
952.3877 	DATA 	Keypress: space
952.3937 	INFO 	Keyboard events cleared
952.3930 	EXP 	text_2: autoDraw = False
952.3930 	EXP 	surround_grating: ori = 0.0
952.3930 	EXP 	surround_grating: sf = array([2.5, 2.5])
952.3930 	EXP 	surround_grating: phase = array([0.20682455, 0.20682455])
952.3930 	EXP 	center_grating: ori = -4.0
952.3930 	EXP 	center_grating: sf = array([2.5, 2.5])
952.3930 	EXP 	center_grating: phase = array([0.45615773, 0.45615773])
952.8824 	EXP 	noise_3: autoDraw = True
952.8824 	EXP 	surround_grating: autoDraw = True
952.8824 	EXP 	center_grating: autoDraw = True
952.9572 	EXP 	noise_3: autoDraw = False
952.9572 	EXP 	surround_grating: autoDraw = False
952.9572 	EXP 	center_grating: autoDraw = False
954.0275 	EXP 	New trial (rep=0, index=502): <Trial 502 (502 in rep 0) data={'center': -2, 'surround': -15.0, 'type': 'c-2', 'surr_type': 'negs', 'orient_opacity': 100, 'noise_opacity': 0, 'isi': 0.5, 'thisN': 502, 'thisTrialN': 502, 'thisRepN': 0}>
954.0332 	DATA 	Keypress: z
954.0394 	INFO 	Keyboard events cleared
954.0389 	EXP 	noise_3: autoDraw = False
954.0389 	EXP 	surround_grating: autoDraw = False
954.0389 	EXP 	center_grating: autoDraw = False
954.0389 	EXP 	text_2: autoDraw = False
954.0389 	EXP 	surround_grating: ori = -15.0
954.0389 	EXP 	surround_grating: sf = array([2.5, 2.5])
954.0389 	EXP 	surround_grating: phase = array([0.57902095, 0.57902095])
954.0389 	EXP 	center_grating: ori = -2.0
954.0389 	EXP 	center_grating: sf = array([2.5, 2.5])
954.0389 	EXP 	center_grating: phase = array([0.70960963, 0.70960963])
954.5234 	EXP 	noise_3: autoDraw = True
954.5234 	EXP 	surround_grating: autoDraw = True
954.5234 	EXP 	center_grating: autoDraw = True
954.5957 	EXP 	noise_3: autoDraw = False
954.5957 	EXP 	surround_grating: autoDraw = False
954.5957 	EXP 	center_grating: autoDraw = False
955.2098 	EXP 	New trial (rep=0, index=503): <Trial 503 (503 in rep 0) data={'center': -4, 'surround': -15.0, 'type': 'c-4', 'surr_type': 'negs', 'orient_opacity': 100, 'noise_opacity': 0, 'isi': 0.75, 'thisN': 503, 'thisTrialN': 503, 'thisRepN': 0}>
955.2151 	DATA 	Keypress: z
955.2209 	INFO 	Keyboard events cleared
955.2205 	EXP 	noise_3: autoDraw = False
955.2205 	EXP 	surround_grating: autoDraw = False
955.2205 	EXP 	center_grating: autoDraw = False
955.2205 	EXP 	text_2: autoDraw = False
955.2205 	EXP 	surround_grating: ori = -15.0
955.2205 	EXP 	surround_grating: sf = array([2.5, 2.5])
955.2205 	EXP 	surround_grating: phase = array([0.67667307, 0.67667307])
955.2205 	EXP 	center_grating: ori = -4.0
955.2205 	EXP 	center_grating: sf = array([2.5, 2.5])
955.2205 	EXP 	center_grating: phase = array([0.60955956, 0.60955956])
955.9568 	EXP 	noise_3: autoDraw = True
955.9568 	EXP 	surround_grating: autoDraw = True
955.9568 	EXP 	center_grating: autoDraw = True
956.0288 	EXP 	noise_3: autoDraw = False
956.0288 	EXP 	surround_grating: autoDraw = False
956.0288 	EXP 	center_grating: autoDraw = False
956.4782 	EXP 	New trial (rep=0, index=504): <Trial 504 (504 in rep 0) data={'center': 8, 'surround': 15.0, 'type': 'c+8', 'surr_type': 'poss', 'orient_opacity': 100, 'noise_opacity': 0, 'isi': 1.0, 'thisN': 504, 'thisTrialN': 504, 'thisRepN': 0}>
956.4839 	DATA 	Keypress: z
956.4903 	INFO 	Keyboard events cleared
956.4897 	EXP 	noise_3: autoDraw = False
956.4897 	EXP 	surround_grating: autoDraw = False
956.4897 	EXP 	center_grating: autoDraw = False
956.4897 	EXP 	text_2: autoDraw = False
956.4897 	EXP 	surround_grating: ori = 15.0
956.4897 	EXP 	surround_grating: sf = array([2.5, 2.5])
956.4897 	EXP 	surround_grating: phase = array([0.22430565, 0.22430565])
956.4897 	EXP 	center_grating: ori = 8.0
956.4897 	EXP 	center_grating: sf = array([2.5, 2.5])
956.4897 	EXP 	center_grating: phase = array([0.98017262, 0.98017262])
957.4736 	EXP 	noise_3: autoDraw = True
957.4736 	EXP 	surround_grating: autoDraw = True
957.4736 	EXP 	center_grating: autoDraw = True
957.5455 	EXP 	noise_3: autoDraw = False
957.5455 	EXP 	surround_grating: autoDraw = False
957.5455 	EXP 	center_grating: autoDraw = False
957.9501 	EXP 	New trial (rep=0, index=505): <Trial 505 (505 in rep 0) data={'center': -8, 'surround': -15.0, 'type': 'c-8', 'surr_type': 'negs', 'orient_opacity': 100, 'noise_opacity': 0, 'isi': 0.5, 'thisN': 505, 'thisTrialN': 505, 'thisRepN': 0}>
957.9552 	DATA 	Keypress: period
957.9606 	INFO 	Keyboard events cleared
957.9601 	EXP 	noise_3: autoDraw = False
957.9601 	EXP 	surround_grating: autoDraw = False
957.9601 	EXP 	center_grating: autoDraw = False
957.9601 	EXP 	text_2: autoDraw = False
957.9601 	EXP 	surround_grating: ori = -15.0
957.9601 	EXP 	surround_grating: sf = array([2.5, 2.5])
957.9601 	EXP 	surround_grating: phase = array([0.31595773, 0.31595773])
957.9601 	EXP 	center_grating: ori = -8.0
957.9601 	EXP 	center_grating: sf = array([2.5, 2.5])
957.9601 	EXP 	center_grating: phase = array([0.48650291, 0.48650291])
958.4495 	EXP 	noise_3: autoDraw = True
958.4495 	EXP 	surround_grating: autoDraw = True
958.4495 	EXP 	center_grating: autoDraw = True
958.5241 	EXP 	noise_3: autoDraw = False
958.5241 	EXP 	surround_grating: autoDraw = False
958.5241 	EXP 	center_grating: autoDraw = False
958.9102 	EXP 	New trial (rep=0, index=506): <Trial 506 (506 in rep 0) data={'center': 4, 'surround': 0.0, 'type': 'c+4', 'surr_type': 'noss', 'orient_opacity': 0, 'noise_opacity': 100, 'isi': 1.25, 'thisN': 506, 'thisTrialN': 506, 'thisRepN': 0}>
958.9165 	DATA 	Keypress: z
958.9225 	INFO 	Keyboard events cleared
958.9220 	EXP 	noise_3: autoDraw = False
958.9220 	EXP 	surround_grating: autoDraw = False
958.9220 	EXP 	center_grating: autoDraw = False
958.9220 	EXP 	text_2: autoDraw = False
958.9220 	EXP 	surround_grating: ori = 0.0
958.9220 	EXP 	surround_grating: sf = array([2.5, 2.5])
958.9220 	EXP 	surround_grating: phase = array([0.86364589, 0.86364589])
958.9220 	EXP 	center_grating: ori = 4.0
958.9220 	EXP 	center_grating: sf = array([2.5, 2.5])
958.9220 	EXP 	center_grating: phase = array([0.86273668, 0.86273668])
960.1561 	EXP 	noise_3: autoDraw = True
960.1561 	EXP 	surround_grating: autoDraw = True
960.1561 	EXP 	center_grating: autoDraw = True
960.2294 	EXP 	noise_3: autoDraw = False
960.2294 	EXP 	surround_grating: autoDraw = False
960.2294 	EXP 	center_grating: autoDraw = False
960.6496 	EXP 	New trial (rep=0, index=507): <Trial 507 (507 in rep 0) data={'center': 4, 'surround': 15.0, 'type': 'c+4', 'surr_type': 'poss', 'orient_opacity': 100, 'noise_opacity': 0, 'isi': 0.5, 'thisN': 507, 'thisTrialN': 507, 'thisRepN': 0}>
960.6545 	DATA 	Keypress: period
960.6605 	INFO 	Keyboard events cleared
960.6600 	EXP 	noise_3: autoDraw = False
960.6600 	EXP 	surround_grating: autoDraw = False
960.6600 	EXP 	center_grating: autoDraw = False
960.6600 	EXP 	text_2: autoDraw = False
960.6600 	EXP 	surround_grating: ori = 15.0
960.6600 	EXP 	surround_grating: sf = array([2.5, 2.5])
960.6600 	EXP 	surround_grating: phase = array([0.96915004, 0.96915004])
960.6600 	EXP 	center_grating: ori = 4.0
960.6600 	EXP 	center_grating: sf = array([2.5, 2.5])
960.6600 	EXP 	center_grating: phase = array([0.94513031, 0.94513031])
961.1497 	EXP 	noise_3: autoDraw = True
961.1497 	EXP 	surround_grating: autoDraw = True
961.1497 	EXP 	center_grating: autoDraw = True
961.2231 	EXP 	noise_3: autoDraw = False
961.2231 	EXP 	surround_grating: autoDraw = False
961.2231 	EXP 	center_grating: autoDraw = False
961.5531 	DATA 	Keypress: period
961.5603 	EXP 	New trial (rep=0, index=508): <Trial 508 (508 in rep 0) data={'center': 0, 'surround': 15.0, 'type': 'c+0', 'surr_type': 'poss', 'orient_opacity': 100, 'noise_opacity': 0, 'isi': 0.75, 'thisN': 508, 'thisTrialN': 508, 'thisRepN': 0}>
961.5747 	INFO 	Keyboard events cleared
961.5743 	EXP 	noise_3: autoDraw = False
961.5743 	EXP 	surround_grating: autoDraw = False
961.5743 	EXP 	center_grating: autoDraw = False
961.5743 	EXP 	text_2: autoDraw = False
961.5743 	EXP 	surround_grating: ori = 15.0
961.5743 	EXP 	surround_grating: sf = array([2.5, 2.5])
961.5743 	EXP 	surround_grating: phase = array([0.08071045, 0.08071045])
961.5743 	EXP 	center_grating: ori = 0.0
961.5743 	EXP 	center_grating: sf = array([2.5, 2.5])
961.5743 	EXP 	center_grating: phase = array([0.2813165, 0.2813165])
962.3071 	EXP 	noise_3: autoDraw = True
962.3071 	EXP 	surround_grating: autoDraw = True
962.3071 	EXP 	center_grating: autoDraw = True
962.3793 	EXP 	noise_3: autoDraw = False
962.3793 	EXP 	surround_grating: autoDraw = False
962.3793 	EXP 	center_grating: autoDraw = False
962.8776 	EXP 	New trial (rep=0, index=509): <Trial 509 (509 in rep 0) data={'center': -2, 'surround': -15.0, 'type': 'c-2', 'surr_type': 'negs', 'orient_opacity': 100, 'noise_opacity': 0, 'isi': 0.5, 'thisN': 509, 'thisTrialN': 509, 'thisRepN': 0}>
962.8836 	DATA 	Keypress: period
962.8898 	INFO 	Keyboard events cleared
962.8893 	EXP 	noise_3: autoDraw = False
962.8893 	EXP 	surround_grating: autoDraw = False
962.8893 	EXP 	center_grating: autoDraw = False
962.8893 	EXP 	text_2: autoDraw = False
962.8893 	EXP 	surround_grating: ori = -15.0
962.8893 	EXP 	surround_grating: sf = array([2.5, 2.5])
962.8893 	EXP 	surround_grating: phase = array([0.58118495, 0.58118495])
962.8893 	EXP 	center_grating: ori = -2.0
962.8893 	EXP 	center_grating: sf = array([2.5, 2.5])
962.8893 	EXP 	center_grating: phase = array([0.98794999, 0.98794999])
963.3738 	EXP 	noise_3: autoDraw = True
963.3738 	EXP 	surround_grating: autoDraw = True
963.3738 	EXP 	center_grating: autoDraw = True
963.4457 	EXP 	noise_3: autoDraw = False
963.4457 	EXP 	surround_grating: autoDraw = False
963.4457 	EXP 	center_grating: autoDraw = False
963.8935 	EXP 	New trial (rep=0, index=510): <Trial 510 (510 in rep 0) data={'center': 8, 'surround': 15.0, 'type': 'c+8', 'surr_type': 'poss', 'orient_opacity': 100, 'noise_opacity': 0, 'isi': 1.25, 'thisN': 510, 'thisTrialN': 510, 'thisRepN': 0}>
963.8989 	DATA 	Keypress: period
963.9049 	INFO 	Keyboard events cleared
963.9044 	EXP 	noise_3: autoDraw = False
963.9044 	EXP 	surround_grating: autoDraw = False
963.9044 	EXP 	center_grating: autoDraw = False
963.9044 	EXP 	text_2: autoDraw = False
963.9044 	EXP 	surround_grating: ori = 15.0
963.9044 	EXP 	surround_grating: sf = array([2.5, 2.5])
963.9044 	EXP 	surround_grating: phase = array([0.22279174, 0.22279174])
963.9044 	EXP 	center_grating: ori = 8.0
963.9044 	EXP 	center_grating: sf = array([2.5, 2.5])
963.9044 	EXP 	center_grating: phase = array([0.1687582, 0.1687582])
965.1405 	EXP 	noise_3: autoDraw = True
965.1405 	EXP 	surround_grating: autoDraw = True
965.1405 	EXP 	center_grating: autoDraw = True
965.2139 	EXP 	noise_3: autoDraw = False
965.2139 	EXP 	surround_grating: autoDraw = False
965.2139 	EXP 	center_grating: autoDraw = False
965.6145 	DATA 	Keypress: period
965.6216 	EXP 	New trial (rep=0, index=511): <Trial 511 (511 in rep 0) data={'center': 4, 'surround': 15.0, 'type': 'c+4', 'surr_type': 'poss', 'orient_opacity': 100, 'noise_opacity': 0, 'isi': 1.0, 'thisN': 511, 'thisTrialN': 511, 'thisRepN': 0}>
965.6291 	INFO 	Keyboard events cleared
965.6287 	EXP 	noise_3: autoDraw = False
965.6287 	EXP 	surround_grating: autoDraw = False
965.6287 	EXP 	center_grating: autoDraw = False
965.6287 	EXP 	text_2: autoDraw = False
965.6287 	EXP 	surround_grating: ori = 15.0
965.6287 	EXP 	surround_grating: sf = array([2.5, 2.5])
965.6287 	EXP 	surround_grating: phase = array([0.16468936, 0.16468936])
965.6287 	EXP 	center_grating: ori = 4.0
965.6287 	EXP 	center_grating: sf = array([2.5, 2.5])
965.6287 	EXP 	center_grating: phase = array([0.00563819, 0.00563819])
966.6168 	EXP 	noise_3: autoDraw = True
966.6168 	EXP 	surround_grating: autoDraw = True
966.6168 	EXP 	center_grating: autoDraw = True
966.6910 	EXP 	noise_3: autoDraw = False
966.6910 	EXP 	surround_grating: autoDraw = False
966.6910 	EXP 	center_grating: autoDraw = False
967.0610 	EXP 	New trial (rep=0, index=512): <Trial 512 (512 in rep 0) data={'center': -4, 'surround': -15.0, 'type': 'c-4', 'surr_type': 'negs', 'orient_opacity': 100, 'noise_opacity': 0, 'isi': 1.25, 'thisN': 512, 'thisTrialN': 512, 'thisRepN': 0}>
967.0669 	DATA 	Keypress: period
967.0729 	INFO 	Keyboard events cleared
967.0724 	EXP 	noise_3: autoDraw = False
967.0724 	EXP 	surround_grating: autoDraw = False
967.0724 	EXP 	center_grating: autoDraw = False
967.0724 	EXP 	text_2: autoDraw = False
967.0724 	EXP 	surround_grating: ori = -15.0
967.0724 	EXP 	surround_grating: sf = array([2.5, 2.5])
967.0724 	EXP 	surround_grating: phase = array([0.65903967, 0.65903967])
967.0724 	EXP 	center_grating: ori = -4.0
967.0724 	EXP 	center_grating: sf = array([2.5, 2.5])
967.0724 	EXP 	center_grating: phase = array([0.73385413, 0.73385413])
968.3074 	EXP 	noise_3: autoDraw = True
968.3074 	EXP 	surround_grating: autoDraw = True
968.3074 	EXP 	center_grating: autoDraw = True
968.3794 	EXP 	noise_3: autoDraw = False
968.3794 	EXP 	surround_grating: autoDraw = False
968.3794 	EXP 	center_grating: autoDraw = False
968.8479 	DATA 	Keypress: period
968.8551 	EXP 	New trial (rep=0, index=513): <Trial 513 (513 in rep 0) data={'center': 4, 'surround': 0.0, 'type': 'c+4', 'surr_type': 'noss', 'orient_opacity': 0, 'noise_opacity': 100, 'isi': 1.25, 'thisN': 513, 'thisTrialN': 513, 'thisRepN': 0}>
968.8627 	INFO 	Keyboard events cleared
968.8622 	EXP 	noise_3: autoDraw = False
968.8622 	EXP 	surround_grating: autoDraw = False
968.8622 	EXP 	center_grating: autoDraw = False
968.8622 	EXP 	text_2: autoDraw = False
968.8622 	EXP 	surround_grating: ori = 0.0
968.8622 	EXP 	surround_grating: sf = array([2.5, 2.5])
968.8622 	EXP 	surround_grating: phase = array([0.99899775, 0.99899775])
968.8622 	EXP 	center_grating: ori = 4.0
968.8622 	EXP 	center_grating: sf = array([2.5, 2.5])
968.8622 	EXP 	center_grating: phase = array([0.7112797, 0.7112797])
970.1004 	EXP 	noise_3: autoDraw = True
970.1004 	EXP 	surround_grating: autoDraw = True
970.1004 	EXP 	center_grating: autoDraw = True
970.1745 	EXP 	noise_3: autoDraw = False
970.1745 	EXP 	surround_grating: autoDraw = False
970.1745 	EXP 	center_grating: autoDraw = False
970.5832 	EXP 	New trial (rep=0, index=514): <Trial 514 (514 in rep 0) data={'center': 0, 'surround': -15.0, 'type': 'c+0', 'surr_type': 'negs', 'orient_opacity': 100, 'noise_opacity': 0, 'isi': 0.5, 'thisN': 514, 'thisTrialN': 514, 'thisRepN': 0}>
970.5883 	DATA 	Keypress: period
970.5940 	INFO 	Keyboard events cleared
970.5935 	EXP 	noise_3: autoDraw = False
970.5935 	EXP 	surround_grating: autoDraw = False
970.5935 	EXP 	center_grating: autoDraw = False
970.5935 	EXP 	text_2: autoDraw = False
970.5935 	EXP 	surround_grating: ori = -15.0
970.5935 	EXP 	surround_grating: sf = array([2.5, 2.5])
970.5935 	EXP 	surround_grating: phase = array([0.26296339, 0.26296339])
970.5935 	EXP 	center_grating: ori = 0.0
970.5935 	EXP 	center_grating: sf = array([2.5, 2.5])
970.5935 	EXP 	center_grating: phase = array([0.98974119, 0.98974119])
971.0834 	EXP 	noise_3: autoDraw = True
971.0834 	EXP 	surround_grating: autoDraw = True
971.0834 	EXP 	center_grating: autoDraw = True
971.1578 	EXP 	noise_3: autoDraw = False
971.1578 	EXP 	surround_grating: autoDraw = False
971.1578 	EXP 	center_grating: autoDraw = False
971.6106 	EXP 	New trial (rep=0, index=515): <Trial 515 (515 in rep 0) data={'center': 2, 'surround': -15.0, 'type': 'c+2', 'surr_type': 'negs', 'orient_opacity': 100, 'noise_opacity': 0, 'isi': 1.0, 'thisN': 515, 'thisTrialN': 515, 'thisRepN': 0}>
971.6153 	DATA 	Keypress: period
971.6211 	INFO 	Keyboard events cleared
971.6206 	EXP 	noise_3: autoDraw = False
971.6206 	EXP 	surround_grating: autoDraw = False
971.6206 	EXP 	center_grating: autoDraw = False
971.6206 	EXP 	text_2: autoDraw = False
971.6206 	EXP 	surround_grating: ori = -15.0
971.6206 	EXP 	surround_grating: sf = array([2.5, 2.5])
971.6206 	EXP 	surround_grating: phase = array([0.24943215, 0.24943215])
971.6206 	EXP 	center_grating: ori = 2.0
971.6206 	EXP 	center_grating: sf = array([2.5, 2.5])
971.6206 	EXP 	center_grating: phase = array([0.37042833, 0.37042833])
972.6075 	EXP 	noise_3: autoDraw = True
972.6075 	EXP 	surround_grating: autoDraw = True
972.6075 	EXP 	center_grating: autoDraw = True
972.6797 	EXP 	noise_3: autoDraw = False
972.6797 	EXP 	surround_grating: autoDraw = False
972.6797 	EXP 	center_grating: autoDraw = False
972.7115 	DATA 	Keypress: lshift
973.1105 	EXP 	New trial (rep=0, index=516): <Trial 516 (516 in rep 0) data={'center': 2, 'surround': 15.0, 'type': 'c+2', 'surr_type': 'poss', 'orient_opacity': 100, 'noise_opacity': 0, 'isi': 0.75, 'thisN': 516, 'thisTrialN': 516, 'thisRepN': 0}>
973.1158 	DATA 	Keypress: period
973.1219 	INFO 	Keyboard events cleared
973.1214 	EXP 	noise_3: autoDraw = False
973.1214 	EXP 	surround_grating: autoDraw = False
973.1214 	EXP 	center_grating: autoDraw = False
973.1214 	EXP 	text_2: autoDraw = False
973.1214 	EXP 	surround_grating: ori = 15.0
973.1214 	EXP 	surround_grating: sf = array([2.5, 2.5])
973.1214 	EXP 	surround_grating: phase = array([0.40283275, 0.40283275])
973.1214 	EXP 	center_grating: ori = 2.0
973.1214 	EXP 	center_grating: sf = array([2.5, 2.5])
973.1214 	EXP 	center_grating: phase = array([0.68623217, 0.68623217])
973.8574 	EXP 	noise_3: autoDraw = True
973.8574 	EXP 	surround_grating: autoDraw = True
973.8574 	EXP 	center_grating: autoDraw = True
973.9294 	EXP 	noise_3: autoDraw = False
973.9294 	EXP 	surround_grating: autoDraw = False
973.9294 	EXP 	center_grating: autoDraw = False
975.0614 	EXP 	New trial (rep=0, index=517): <Trial 517 (517 in rep 0) data={'center': -2, 'surround': -15.0, 'type': 'c-2', 'surr_type': 'negs', 'orient_opacity': 100, 'noise_opacity': 0, 'isi': 0.75, 'thisN': 517, 'thisTrialN': 517, 'thisRepN': 0}>
975.0680 	DATA 	Keypress: period
975.0740 	INFO 	Keyboard events cleared
975.0735 	EXP 	noise_3: autoDraw = False
975.0735 	EXP 	surround_grating: autoDraw = False
975.0735 	EXP 	center_grating: autoDraw = False
975.0735 	EXP 	text_2: autoDraw = False
975.0735 	EXP 	surround_grating: ori = -15.0
975.0735 	EXP 	surround_grating: sf = array([2.5, 2.5])
975.0735 	EXP 	surround_grating: phase = array([0.98938947, 0.98938947])
975.0735 	EXP 	center_grating: ori = -2.0
975.0735 	EXP 	center_grating: sf = array([2.5, 2.5])
975.0735 	EXP 	center_grating: phase = array([0.70127255, 0.70127255])
975.8077 	EXP 	noise_3: autoDraw = True
975.8077 	EXP 	surround_grating: autoDraw = True
975.8077 	EXP 	center_grating: autoDraw = True
975.8798 	EXP 	noise_3: autoDraw = False
975.8798 	EXP 	surround_grating: autoDraw = False
975.8798 	EXP 	center_grating: autoDraw = False
976.2330 	EXP 	New trial (rep=0, index=518): <Trial 518 (518 in rep 0) data={'center': -2, 'surround': 15.0, 'type': 'c-2', 'surr_type': 'poss', 'orient_opacity': 100, 'noise_opacity': 0, 'isi': 1.25, 'thisN': 518, 'thisTrialN': 518, 'thisRepN': 0}>
976.2385 	DATA 	Keypress: period
976.2444 	INFO 	Keyboard events cleared
976.2439 	EXP 	noise_3: autoDraw = False
976.2439 	EXP 	surround_grating: autoDraw = False
976.2439 	EXP 	center_grating: autoDraw = False
976.2439 	EXP 	text_2: autoDraw = False
976.2439 	EXP 	surround_grating: ori = 15.0
976.2439 	EXP 	surround_grating: sf = array([2.5, 2.5])
976.2439 	EXP 	surround_grating: phase = array([0.42755134, 0.42755134])
976.2439 	EXP 	center_grating: ori = -2.0
976.2439 	EXP 	center_grating: sf = array([2.5, 2.5])
976.2439 	EXP 	center_grating: phase = array([0.42088046, 0.42088046])
977.4841 	EXP 	noise_3: autoDraw = True
977.4841 	EXP 	surround_grating: autoDraw = True
977.4841 	EXP 	center_grating: autoDraw = True
977.5581 	EXP 	noise_3: autoDraw = False
977.5581 	EXP 	surround_grating: autoDraw = False
977.5581 	EXP 	center_grating: autoDraw = False
978.0280 	EXP 	New trial (rep=0, index=519): <Trial 519 (519 in rep 0) data={'center': -8, 'surround': -15.0, 'type': 'c-8', 'surr_type': 'negs', 'orient_opacity': 100, 'noise_opacity': 0, 'isi': 1.0, 'thisN': 519, 'thisTrialN': 519, 'thisRepN': 0}>
978.0336 	DATA 	Keypress: z
978.0393 	INFO 	Keyboard events cleared
978.0387 	EXP 	noise_3: autoDraw = False
978.0387 	EXP 	surround_grating: autoDraw = False
978.0387 	EXP 	center_grating: autoDraw = False
978.0387 	EXP 	text_2: autoDraw = False
978.0387 	EXP 	surround_grating: ori = -15.0
978.0387 	EXP 	surround_grating: sf = array([2.5, 2.5])
978.0387 	EXP 	surround_grating: phase = array([0.98633846, 0.98633846])
978.0387 	EXP 	center_grating: ori = -8.0
978.0387 	EXP 	center_grating: sf = array([2.5, 2.5])
978.0387 	EXP 	center_grating: phase = array([0.85704274, 0.85704274])
979.0242 	EXP 	noise_3: autoDraw = True
979.0242 	EXP 	surround_grating: autoDraw = True
979.0242 	EXP 	center_grating: autoDraw = True
979.0968 	EXP 	noise_3: autoDraw = False
979.0968 	EXP 	surround_grating: autoDraw = False
979.0968 	EXP 	center_grating: autoDraw = False
979.5494 	EXP 	New trial (rep=0, index=520): <Trial 520 (520 in rep 0) data={'center': -2, 'surround': -15.0, 'type': 'c-2', 'surr_type': 'negs', 'orient_opacity': 100, 'noise_opacity': 0, 'isi': 0.75, 'thisN': 520, 'thisTrialN': 520, 'thisRepN': 0}>
979.5545 	DATA 	Keypress: z
979.5608 	INFO 	Keyboard events cleared
979.5602 	EXP 	noise_3: autoDraw = False
979.5602 	EXP 	surround_grating: autoDraw = False
979.5602 	EXP 	center_grating: autoDraw = False
979.5602 	EXP 	text_2: autoDraw = False
979.5602 	EXP 	surround_grating: ori = -15.0
979.5602 	EXP 	surround_grating: sf = array([2.5, 2.5])
979.5602 	EXP 	surround_grating: phase = array([0.10249144, 0.10249144])
979.5602 	EXP 	center_grating: ori = -2.0
979.5602 	EXP 	center_grating: sf = array([2.5, 2.5])
979.5602 	EXP 	center_grating: phase = array([0.76779286, 0.76779286])
980.3012 	EXP 	noise_3: autoDraw = True
980.3012 	EXP 	surround_grating: autoDraw = True
980.3012 	EXP 	center_grating: autoDraw = True
980.3749 	EXP 	noise_3: autoDraw = False
980.3749 	EXP 	surround_grating: autoDraw = False
980.3749 	EXP 	center_grating: autoDraw = False
980.9285 	EXP 	New trial (rep=0, index=521): <Trial 521 (521 in rep 0) data={'center': -2, 'surround': -15.0, 'type': 'c-2', 'surr_type': 'negs', 'orient_opacity': 100, 'noise_opacity': 0, 'isi': 0.75, 'thisN': 521, 'thisTrialN': 521, 'thisRepN': 0}>
980.9335 	DATA 	Keypress: period
980.9396 	INFO 	Keyboard events cleared
980.9390 	EXP 	noise_3: autoDraw = False
980.9390 	EXP 	surround_grating: autoDraw = False
980.9390 	EXP 	center_grating: autoDraw = False
980.9390 	EXP 	text_2: autoDraw = False
980.9390 	EXP 	surround_grating: ori = -15.0
980.9390 	EXP 	surround_grating: sf = array([2.5, 2.5])
980.9390 	EXP 	surround_grating: phase = array([0.55218878, 0.55218878])
980.9390 	EXP 	center_grating: ori = -2.0
980.9390 	EXP 	center_grating: sf = array([2.5, 2.5])
980.9390 	EXP 	center_grating: phase = array([0.9357069, 0.9357069])
981.6747 	EXP 	noise_3: autoDraw = True
981.6747 	EXP 	surround_grating: autoDraw = True
981.6747 	EXP 	center_grating: autoDraw = True
981.7467 	EXP 	noise_3: autoDraw = False
981.7467 	EXP 	surround_grating: autoDraw = False
981.7467 	EXP 	center_grating: autoDraw = False
982.3277 	EXP 	New trial (rep=0, index=522): <Trial 522 (522 in rep 0) data={'center': 0, 'surround': 15.0, 'type': 'c+0', 'surr_type': 'poss', 'orient_opacity': 100, 'noise_opacity': 0, 'isi': 0.75, 'thisN': 522, 'thisTrialN': 522, 'thisRepN': 0}>
982.3339 	DATA 	Keypress: period
982.3399 	INFO 	Keyboard events cleared
982.3395 	EXP 	noise_3: autoDraw = False
982.3395 	EXP 	surround_grating: autoDraw = False
982.3395 	EXP 	center_grating: autoDraw = False
982.3395 	EXP 	text_2: autoDraw = False
982.3395 	EXP 	surround_grating: ori = 15.0
982.3395 	EXP 	surround_grating: sf = array([2.5, 2.5])
982.3395 	EXP 	surround_grating: phase = array([0.5694418, 0.5694418])
982.3395 	EXP 	center_grating: ori = 0.0
982.3395 	EXP 	center_grating: sf = array([2.5, 2.5])
982.3395 	EXP 	center_grating: phase = array([0.20745542, 0.20745542])
983.0745 	EXP 	noise_3: autoDraw = True
983.0745 	EXP 	surround_grating: autoDraw = True
983.0745 	EXP 	center_grating: autoDraw = True
983.1474 	EXP 	noise_3: autoDraw = False
983.1474 	EXP 	surround_grating: autoDraw = False
983.1474 	EXP 	center_grating: autoDraw = False
983.7777 	EXP 	New trial (rep=0, index=523): <Trial 523 (523 in rep 0) data={'center': -2, 'surround': -15.0, 'type': 'c-2', 'surr_type': 'negs', 'orient_opacity': 100, 'noise_opacity': 0, 'isi': 1.0, 'thisN': 523, 'thisTrialN': 523, 'thisRepN': 0}>
983.7830 	DATA 	Keypress: z
983.7888 	INFO 	Keyboard events cleared
983.7884 	EXP 	noise_3: autoDraw = False
983.7884 	EXP 	surround_grating: autoDraw = False
983.7884 	EXP 	center_grating: autoDraw = False
983.7884 	EXP 	text_2: autoDraw = False
983.7884 	EXP 	surround_grating: ori = -15.0
983.7884 	EXP 	surround_grating: sf = array([2.5, 2.5])
983.7884 	EXP 	surround_grating: phase = array([0.28840758, 0.28840758])
983.7884 	EXP 	center_grating: ori = -2.0
983.7884 	EXP 	center_grating: sf = array([2.5, 2.5])
983.7884 	EXP 	center_grating: phase = array([0.62108506, 0.62108506])
984.7735 	EXP 	noise_3: autoDraw = True
984.7735 	EXP 	surround_grating: autoDraw = True
984.7735 	EXP 	center_grating: autoDraw = True
984.8467 	EXP 	noise_3: autoDraw = False
984.8467 	EXP 	surround_grating: autoDraw = False
984.8467 	EXP 	center_grating: autoDraw = False
985.3994 	EXP 	New trial (rep=0, index=524): <Trial 524 (524 in rep 0) data={'center': -4, 'surround': -15.0, 'type': 'c-4', 'surr_type': 'negs', 'orient_opacity': 100, 'noise_opacity': 0, 'isi': 1.0, 'thisN': 524, 'thisTrialN': 524, 'thisRepN': 0}>
985.4047 	DATA 	Keypress: period
985.4109 	INFO 	Keyboard events cleared
985.4104 	EXP 	noise_3: autoDraw = False
985.4104 	EXP 	surround_grating: autoDraw = False
985.4104 	EXP 	center_grating: autoDraw = False
985.4104 	EXP 	text_2: autoDraw = False
985.4104 	EXP 	surround_grating: ori = -15.0
985.4104 	EXP 	surround_grating: sf = array([2.5, 2.5])
985.4104 	EXP 	surround_grating: phase = array([0.37013192, 0.37013192])
985.4104 	EXP 	center_grating: ori = -4.0
985.4104 	EXP 	center_grating: sf = array([2.5, 2.5])
985.4104 	EXP 	center_grating: phase = array([0.39271909, 0.39271909])
986.4005 	EXP 	noise_3: autoDraw = True
986.4005 	EXP 	surround_grating: autoDraw = True
986.4005 	EXP 	center_grating: autoDraw = True
986.4753 	EXP 	noise_3: autoDraw = False
986.4753 	EXP 	surround_grating: autoDraw = False
986.4753 	EXP 	center_grating: autoDraw = False
986.8950 	EXP 	New trial (rep=0, index=525): <Trial 525 (525 in rep 0) data={'center': 8, 'surround': 15.0, 'type': 'c+8', 'surr_type': 'poss', 'orient_opacity': 100, 'noise_opacity': 0, 'isi': 0.5, 'thisN': 525, 'thisTrialN': 525, 'thisRepN': 0}>
986.9010 	DATA 	Keypress: period
986.9072 	INFO 	Keyboard events cleared
986.9067 	EXP 	noise_3: autoDraw = False
986.9067 	EXP 	surround_grating: autoDraw = False
986.9067 	EXP 	center_grating: autoDraw = False
986.9067 	EXP 	text_2: autoDraw = False
986.9067 	EXP 	surround_grating: ori = 15.0
986.9067 	EXP 	surround_grating: sf = array([2.5, 2.5])
986.9067 	EXP 	surround_grating: phase = array([0.40379841, 0.40379841])
986.9067 	EXP 	center_grating: ori = 8.0
986.9067 	EXP 	center_grating: sf = array([2.5, 2.5])
986.9067 	EXP 	center_grating: phase = array([0.38231675, 0.38231675])
987.3913 	EXP 	noise_3: autoDraw = True
987.3913 	EXP 	surround_grating: autoDraw = True
987.3913 	EXP 	center_grating: autoDraw = True
987.4643 	EXP 	noise_3: autoDraw = False
987.4643 	EXP 	surround_grating: autoDraw = False
987.4643 	EXP 	center_grating: autoDraw = False
987.8943 	EXP 	New trial (rep=0, index=526): <Trial 526 (526 in rep 0) data={'center': 4, 'surround': 0.0, 'type': 'c+4', 'surr_type': 'noss', 'orient_opacity': 0, 'noise_opacity': 100, 'isi': 0.75, 'thisN': 526, 'thisTrialN': 526, 'thisRepN': 0}>
987.8992 	DATA 	Keypress: period
987.9056 	INFO 	Keyboard events cleared
987.9051 	EXP 	noise_3: autoDraw = False
987.9051 	EXP 	surround_grating: autoDraw = False
987.9051 	EXP 	center_grating: autoDraw = False
987.9051 	EXP 	text_2: autoDraw = False
987.9051 	EXP 	surround_grating: ori = 0.0
987.9051 	EXP 	surround_grating: sf = array([2.5, 2.5])
987.9051 	EXP 	surround_grating: phase = array([0.11780796, 0.11780796])
987.9051 	EXP 	center_grating: ori = 4.0
987.9051 	EXP 	center_grating: sf = array([2.5, 2.5])
987.9051 	EXP 	center_grating: phase = array([0.42408011, 0.42408011])
988.6414 	EXP 	noise_3: autoDraw = True
988.6414 	EXP 	surround_grating: autoDraw = True
988.6414 	EXP 	center_grating: autoDraw = True
988.7135 	EXP 	noise_3: autoDraw = False
988.7135 	EXP 	surround_grating: autoDraw = False
988.7135 	EXP 	center_grating: autoDraw = False
989.0944 	EXP 	New trial (rep=0, index=527): <Trial 527 (527 in rep 0) data={'center': 0, 'surround': 0.0, 'type': 'c+0', 'surr_type': 'noss', 'orient_opacity': 0, 'noise_opacity': 100, 'isi': 0.75, 'thisN': 527, 'thisTrialN': 527, 'thisRepN': 0}>
989.0997 	DATA 	Keypress: period
989.1053 	INFO 	Keyboard events cleared
989.1048 	EXP 	noise_3: autoDraw = False
989.1048 	EXP 	surround_grating: autoDraw = False
989.1048 	EXP 	center_grating: autoDraw = False
989.1048 	EXP 	text_2: autoDraw = False
989.1048 	EXP 	surround_grating: ori = 0.0
989.1048 	EXP 	surround_grating: sf = array([2.5, 2.5])
989.1048 	EXP 	surround_grating: phase = array([0.60856844, 0.60856844])
989.1048 	EXP 	center_grating: ori = 0.0
989.1048 	EXP 	center_grating: sf = array([2.5, 2.5])
989.1048 	EXP 	center_grating: phase = array([0.02010947, 0.02010947])
989.8414 	EXP 	noise_3: autoDraw = True
989.8414 	EXP 	surround_grating: autoDraw = True
989.8414 	EXP 	center_grating: autoDraw = True
989.9143 	EXP 	noise_3: autoDraw = False
989.9143 	EXP 	surround_grating: autoDraw = False
989.9143 	EXP 	center_grating: autoDraw = False
990.2330 	EXP 	New trial (rep=0, index=528): <Trial 528 (528 in rep 0) data={'center': 8, 'surround': 15.0, 'type': 'c+8', 'surr_type': 'poss', 'orient_opacity': 100, 'noise_opacity': 0, 'isi': 0.5, 'thisN': 528, 'thisTrialN': 528, 'thisRepN': 0}>
990.2379 	DATA 	Keypress: period
990.2444 	INFO 	Keyboard events cleared
990.2439 	EXP 	noise_3: autoDraw = False
990.2439 	EXP 	surround_grating: autoDraw = False
990.2439 	EXP 	center_grating: autoDraw = False
990.2439 	EXP 	text_2: autoDraw = False
990.2439 	EXP 	surround_grating: ori = 15.0
990.2439 	EXP 	surround_grating: sf = array([2.5, 2.5])
990.2439 	EXP 	surround_grating: phase = array([0.05331448, 0.05331448])
990.2439 	EXP 	center_grating: ori = 8.0
990.2439 	EXP 	center_grating: sf = array([2.5, 2.5])
990.2439 	EXP 	center_grating: phase = array([0.20378911, 0.20378911])
990.7344 	EXP 	noise_3: autoDraw = True
990.7344 	EXP 	surround_grating: autoDraw = True
990.7344 	EXP 	center_grating: autoDraw = True
990.8086 	EXP 	noise_3: autoDraw = False
990.8086 	EXP 	surround_grating: autoDraw = False
990.8086 	EXP 	center_grating: autoDraw = False
991.2285 	EXP 	New trial (rep=0, index=529): <Trial 529 (529 in rep 0) data={'center': 0, 'surround': 0.0, 'type': 'c+0', 'surr_type': 'noss', 'orient_opacity': 0, 'noise_opacity': 100, 'isi': 1.25, 'thisN': 529, 'thisTrialN': 529, 'thisRepN': 0}>
991.2337 	DATA 	Keypress: period
991.2396 	INFO 	Keyboard events cleared
991.2392 	EXP 	noise_3: autoDraw = False
991.2392 	EXP 	surround_grating: autoDraw = False
991.2392 	EXP 	center_grating: autoDraw = False
991.2392 	EXP 	text_2: autoDraw = False
991.2392 	EXP 	surround_grating: ori = 0.0
991.2392 	EXP 	surround_grating: sf = array([2.5, 2.5])
991.2392 	EXP 	surround_grating: phase = array([0.57765956, 0.57765956])
991.2392 	EXP 	center_grating: ori = 0.0
991.2392 	EXP 	center_grating: sf = array([2.5, 2.5])
991.2392 	EXP 	center_grating: phase = array([0.11150662, 0.11150662])
992.4748 	EXP 	noise_3: autoDraw = True
992.4748 	EXP 	surround_grating: autoDraw = True
992.4748 	EXP 	center_grating: autoDraw = True
992.5472 	EXP 	noise_3: autoDraw = False
992.5472 	EXP 	surround_grating: autoDraw = False
992.5472 	EXP 	center_grating: autoDraw = False
993.1288 	EXP 	New trial (rep=0, index=530): <Trial 530 (530 in rep 0) data={'center': -4, 'surround': -15.0, 'type': 'c-4', 'surr_type': 'negs', 'orient_opacity': 100, 'noise_opacity': 0, 'isi': 0.5, 'thisN': 530, 'thisTrialN': 530, 'thisRepN': 0}>
993.1341 	DATA 	Keypress: period
993.1401 	INFO 	Keyboard events cleared
993.1396 	EXP 	noise_3: autoDraw = False
993.1396 	EXP 	surround_grating: autoDraw = False
993.1396 	EXP 	center_grating: autoDraw = False
993.1396 	EXP 	text_2: autoDraw = False
993.1396 	EXP 	surround_grating: ori = -15.0
993.1396 	EXP 	surround_grating: sf = array([2.5, 2.5])
993.1396 	EXP 	surround_grating: phase = array([0.71581128, 0.71581128])
993.1396 	EXP 	center_grating: ori = -4.0
993.1396 	EXP 	center_grating: sf = array([2.5, 2.5])
993.1396 	EXP 	center_grating: phase = array([0.88324215, 0.88324215])
993.6249 	EXP 	noise_3: autoDraw = True
993.6249 	EXP 	surround_grating: autoDraw = True
993.6249 	EXP 	center_grating: autoDraw = True
993.6968 	EXP 	noise_3: autoDraw = False
993.6968 	EXP 	surround_grating: autoDraw = False
993.6968 	EXP 	center_grating: autoDraw = False
994.1124 	EXP 	New trial (rep=0, index=531): <Trial 531 (531 in rep 0) data={'center': 8, 'surround': 15.0, 'type': 'c+8', 'surr_type': 'poss', 'orient_opacity': 100, 'noise_opacity': 0, 'isi': 0.5, 'thisN': 531, 'thisTrialN': 531, 'thisRepN': 0}>
994.1178 	DATA 	Keypress: period
994.1240 	INFO 	Keyboard events cleared
994.1236 	EXP 	noise_3: autoDraw = False
994.1236 	EXP 	surround_grating: autoDraw = False
994.1236 	EXP 	center_grating: autoDraw = False
994.1236 	EXP 	text_2: autoDraw = False
994.1236 	EXP 	surround_grating: ori = 15.0
994.1236 	EXP 	surround_grating: sf = array([2.5, 2.5])
994.1236 	EXP 	surround_grating: phase = array([0.58520289, 0.58520289])
994.1236 	EXP 	center_grating: ori = 8.0
994.1236 	EXP 	center_grating: sf = array([2.5, 2.5])
994.1236 	EXP 	center_grating: phase = array([0.3186921, 0.3186921])
994.6076 	EXP 	noise_3: autoDraw = True
994.6076 	EXP 	surround_grating: autoDraw = True
994.6076 	EXP 	center_grating: autoDraw = True
994.6805 	EXP 	noise_3: autoDraw = False
994.6805 	EXP 	surround_grating: autoDraw = False
994.6805 	EXP 	center_grating: autoDraw = False
995.0945 	EXP 	New trial (rep=0, index=532): <Trial 532 (532 in rep 0) data={'center': 0, 'surround': -15.0, 'type': 'c+0', 'surr_type': 'negs', 'orient_opacity': 100, 'noise_opacity': 0, 'isi': 0.75, 'thisN': 532, 'thisTrialN': 532, 'thisRepN': 0}>
995.0995 	DATA 	Keypress: period
995.1054 	INFO 	Keyboard events cleared
995.1049 	EXP 	noise_3: autoDraw = False
995.1049 	EXP 	surround_grating: autoDraw = False
995.1049 	EXP 	center_grating: autoDraw = False
995.1049 	EXP 	text_2: autoDraw = False
995.1049 	EXP 	surround_grating: ori = -15.0
995.1049 	EXP 	surround_grating: sf = array([2.5, 2.5])
995.1049 	EXP 	surround_grating: phase = array([0.51552206, 0.51552206])
995.1049 	EXP 	center_grating: ori = 0.0
995.1049 	EXP 	center_grating: sf = array([2.5, 2.5])
995.1049 	EXP 	center_grating: phase = array([0.54862491, 0.54862491])
995.8415 	EXP 	noise_3: autoDraw = True
995.8415 	EXP 	surround_grating: autoDraw = True
995.8415 	EXP 	center_grating: autoDraw = True
995.9138 	EXP 	noise_3: autoDraw = False
995.9138 	EXP 	surround_grating: autoDraw = False
995.9138 	EXP 	center_grating: autoDraw = False
996.2611 	EXP 	New trial (rep=0, index=533): <Trial 533 (533 in rep 0) data={'center': -6, 'surround': -15.0, 'type': 'c-6', 'surr_type': 'negs', 'orient_opacity': 100, 'noise_opacity': 0, 'isi': 1.0, 'thisN': 533, 'thisTrialN': 533, 'thisRepN': 0}>
996.2661 	DATA 	Keypress: period
996.2720 	INFO 	Keyboard events cleared
996.2715 	EXP 	noise_3: autoDraw = False
996.2715 	EXP 	surround_grating: autoDraw = False
996.2715 	EXP 	center_grating: autoDraw = False
996.2715 	EXP 	text_2: autoDraw = False
996.2715 	EXP 	surround_grating: ori = -15.0
996.2715 	EXP 	surround_grating: sf = array([2.5, 2.5])
996.2715 	EXP 	surround_grating: phase = array([0.74971852, 0.74971852])
996.2715 	EXP 	center_grating: ori = -6.0
996.2715 	EXP 	center_grating: sf = array([2.5, 2.5])
996.2715 	EXP 	center_grating: phase = array([0.72466976, 0.72466976])
997.2583 	EXP 	noise_3: autoDraw = True
997.2583 	EXP 	surround_grating: autoDraw = True
997.2583 	EXP 	center_grating: autoDraw = True
997.3303 	EXP 	noise_3: autoDraw = False
997.3303 	EXP 	surround_grating: autoDraw = False
997.3303 	EXP 	center_grating: autoDraw = False
997.7500 	EXP 	New trial (rep=0, index=534): <Trial 534 (534 in rep 0) data={'center': 4, 'surround': 15.0, 'type': 'c+4', 'surr_type': 'poss', 'orient_opacity': 100, 'noise_opacity': 0, 'isi': 1.25, 'thisN': 534, 'thisTrialN': 534, 'thisRepN': 0}>
997.7550 	DATA 	Keypress: z
997.7613 	INFO 	Keyboard events cleared
997.7609 	EXP 	noise_3: autoDraw = False
997.7609 	EXP 	surround_grating: autoDraw = False
997.7609 	EXP 	center_grating: autoDraw = False
997.7609 	EXP 	text_2: autoDraw = False
997.7609 	EXP 	surround_grating: ori = 15.0
997.7609 	EXP 	surround_grating: sf = array([2.5, 2.5])
997.7609 	EXP 	surround_grating: phase = array([0.35933243, 0.35933243])
997.7609 	EXP 	center_grating: ori = 4.0
997.7609 	EXP 	center_grating: sf = array([2.5, 2.5])
997.7609 	EXP 	center_grating: phase = array([0.88715229, 0.88715229])
999.0014 	EXP 	noise_3: autoDraw = True
999.0014 	EXP 	surround_grating: autoDraw = True
999.0014 	EXP 	center_grating: autoDraw = True
999.0755 	EXP 	noise_3: autoDraw = False
999.0755 	EXP 	surround_grating: autoDraw = False
999.0755 	EXP 	center_grating: autoDraw = False
999.5114 	EXP 	New trial (rep=0, index=535): <Trial 535 (535 in rep 0) data={'center': 0, 'surround': -15.0, 'type': 'c+0', 'surr_type': 'negs', 'orient_opacity': 100, 'noise_opacity': 0, 'isi': 1.0, 'thisN': 535, 'thisTrialN': 535, 'thisRepN': 0}>
999.5164 	DATA 	Keypress: period
999.5223 	INFO 	Keyboard events cleared
999.5218 	EXP 	noise_3: autoDraw = False
999.5218 	EXP 	surround_grating: autoDraw = False
999.5218 	EXP 	center_grating: autoDraw = False
999.5218 	EXP 	text_2: autoDraw = False
999.5218 	EXP 	surround_grating: ori = -15.0
999.5218 	EXP 	surround_grating: sf = array([2.5, 2.5])
999.5218 	EXP 	surround_grating: phase = array([0.71193563, 0.71193563])
999.5218 	EXP 	center_grating: ori = 0.0
999.5218 	EXP 	center_grating: sf = array([2.5, 2.5])
999.5218 	EXP 	center_grating: phase = array([0.81982922, 0.81982922])
1000.5085 	EXP 	noise_3: autoDraw = True
1000.5085 	EXP 	surround_grating: autoDraw = True
1000.5085 	EXP 	center_grating: autoDraw = True
1000.5809 	EXP 	noise_3: autoDraw = False
1000.5809 	EXP 	surround_grating: autoDraw = False
1000.5809 	EXP 	center_grating: autoDraw = False
1000.9615 	EXP 	New trial (rep=0, index=536): <Trial 536 (536 in rep 0) data={'center': 2, 'surround': 15.0, 'type': 'c+2', 'surr_type': 'poss', 'orient_opacity': 100, 'noise_opacity': 0, 'isi': 0.75, 'thisN': 536, 'thisTrialN': 536, 'thisRepN': 0}>
1000.9664 	DATA 	Keypress: z
1000.9720 	INFO 	Keyboard events cleared
1000.9715 	EXP 	noise_3: autoDraw = False
1000.9715 	EXP 	surround_grating: autoDraw = False
1000.9715 	EXP 	center_grating: autoDraw = False
1000.9715 	EXP 	text_2: autoDraw = False
1000.9715 	EXP 	surround_grating: ori = 15.0
1000.9715 	EXP 	surround_grating: sf = array([2.5, 2.5])
1000.9715 	EXP 	surround_grating: phase = array([0.92980308, 0.92980308])
1000.9715 	EXP 	center_grating: ori = 2.0
1000.9715 	EXP 	center_grating: sf = array([2.5, 2.5])
1000.9715 	EXP 	center_grating: phase = array([0.39588334, 0.39588334])
1001.1946 	EXP 	New trial (rep=0, index=537): <Trial 537 (537 in rep 0) data={'center': -8, 'surround': -15.0, 'type': 'c-8', 'surr_type': 'negs', 'orient_opacity': 100, 'noise_opacity': 0, 'isi': 0.5, 'thisN': 537, 'thisTrialN': 537, 'thisRepN': 0}>
1001.1994 	DATA 	Keypress: z
1001.2056 	INFO 	Keyboard events cleared
1001.2051 	EXP 	noise_3: autoDraw = False
1001.2051 	EXP 	surround_grating: autoDraw = False
1001.2051 	EXP 	center_grating: autoDraw = False
1001.2051 	EXP 	text_2: autoDraw = False
1001.2051 	EXP 	surround_grating: ori = -15.0
1001.2051 	EXP 	surround_grating: sf = array([2.5, 2.5])
1001.2051 	EXP 	surround_grating: phase = array([0.80996501, 0.80996501])
1001.2051 	EXP 	center_grating: ori = -8.0
1001.2051 	EXP 	center_grating: sf = array([2.5, 2.5])
1001.2051 	EXP 	center_grating: phase = array([0.10123131, 0.10123131])
1001.5789 	EXP 	New trial (rep=0, index=538): <Trial 538 (538 in rep 0) data={'center': 6, 'surround': 15.0, 'type': 'c+6', 'surr_type': 'poss', 'orient_opacity': 100, 'noise_opacity': 0, 'isi': 0.5, 'thisN': 538, 'thisTrialN': 538, 'thisRepN': 0}>
1001.5841 	DATA 	Keypress: period
1001.5899 	INFO 	Keyboard events cleared
1001.5895 	EXP 	noise_3: autoDraw = False
1001.5895 	EXP 	surround_grating: autoDraw = False
1001.5895 	EXP 	center_grating: autoDraw = False
1001.5895 	EXP 	text_2: autoDraw = False
1001.5895 	EXP 	surround_grating: ori = 15.0
1001.5895 	EXP 	surround_grating: sf = array([2.5, 2.5])
1001.5895 	EXP 	surround_grating: phase = array([0.00893761, 0.00893761])
1001.5895 	EXP 	center_grating: ori = 6.0
1001.5895 	EXP 	center_grating: sf = array([2.5, 2.5])
1001.5895 	EXP 	center_grating: phase = array([0.99273307, 0.99273307])
1002.0751 	EXP 	noise_3: autoDraw = True
1002.0751 	EXP 	surround_grating: autoDraw = True
1002.0751 	EXP 	center_grating: autoDraw = True
1002.1474 	EXP 	noise_3: autoDraw = False
1002.1474 	EXP 	surround_grating: autoDraw = False
1002.1474 	EXP 	center_grating: autoDraw = False
1002.7446 	EXP 	New trial (rep=0, index=539): <Trial 539 (539 in rep 0) data={'center': 2, 'surround': 0.0, 'type': 'c+2', 'surr_type': 'noss', 'orient_opacity': 0, 'noise_opacity': 100, 'isi': 0.5, 'thisN': 539, 'thisTrialN': 539, 'thisRepN': 0}>
1002.7493 	DATA 	Keypress: period
1002.7554 	INFO 	Keyboard events cleared
1002.7549 	EXP 	noise_3: autoDraw = False
1002.7549 	EXP 	surround_grating: autoDraw = False
1002.7549 	EXP 	center_grating: autoDraw = False
1002.7549 	EXP 	text_2: autoDraw = False
1002.7549 	EXP 	surround_grating: ori = 0.0
1002.7549 	EXP 	surround_grating: sf = array([2.5, 2.5])
1002.7549 	EXP 	surround_grating: phase = array([0.10592498, 0.10592498])
1002.7549 	EXP 	center_grating: ori = 2.0
1002.7549 	EXP 	center_grating: sf = array([2.5, 2.5])
1002.7549 	EXP 	center_grating: phase = array([0.76911613, 0.76911613])
1003.2424 	EXP 	noise_3: autoDraw = True
1003.2424 	EXP 	surround_grating: autoDraw = True
1003.2424 	EXP 	center_grating: autoDraw = True
1003.3151 	EXP 	noise_3: autoDraw = False
1003.3151 	EXP 	surround_grating: autoDraw = False
1003.3151 	EXP 	center_grating: autoDraw = False
1003.8623 	EXP 	New trial (rep=0, index=540): <Trial 540 (540 in rep 0) data={'center': -8, 'surround': -15.0, 'type': 'c-8', 'surr_type': 'negs', 'orient_opacity': 100, 'noise_opacity': 0, 'isi': 0.75, 'thisN': 540, 'thisTrialN': 540, 'thisRepN': 0}>
1003.8685 	DATA 	Keypress: period
1003.8749 	INFO 	Keyboard events cleared
1003.8743 	EXP 	noise_3: autoDraw = False
1003.8743 	EXP 	surround_grating: autoDraw = False
1003.8743 	EXP 	center_grating: autoDraw = False
1003.8743 	EXP 	text_2: autoDraw = False
1003.8743 	EXP 	surround_grating: ori = -15.0
1003.8743 	EXP 	surround_grating: sf = array([2.5, 2.5])
1003.8743 	EXP 	surround_grating: phase = array([0.49657868, 0.49657868])
1003.8743 	EXP 	center_grating: ori = -8.0
1003.8743 	EXP 	center_grating: sf = array([2.5, 2.5])
1003.8743 	EXP 	center_grating: phase = array([0.6337708, 0.6337708])
1004.6086 	EXP 	noise_3: autoDraw = True
1004.6086 	EXP 	surround_grating: autoDraw = True
1004.6086 	EXP 	center_grating: autoDraw = True
1004.6810 	EXP 	noise_3: autoDraw = False
1004.6810 	EXP 	surround_grating: autoDraw = False
1004.6810 	EXP 	center_grating: autoDraw = False
1005.0616 	EXP 	New trial (rep=0, index=541): <Trial 541 (541 in rep 0) data={'center': 2, 'surround': -15.0, 'type': 'c+2', 'surr_type': 'negs', 'orient_opacity': 100, 'noise_opacity': 0, 'isi': 1.0, 'thisN': 541, 'thisTrialN': 541, 'thisRepN': 0}>
1005.0670 	DATA 	Keypress: z
1005.0729 	INFO 	Keyboard events cleared
1005.0725 	EXP 	noise_3: autoDraw = False
1005.0725 	EXP 	surround_grating: autoDraw = False
1005.0725 	EXP 	center_grating: autoDraw = False
1005.0725 	EXP 	text_2: autoDraw = False
1005.0725 	EXP 	surround_grating: ori = -15.0
1005.0725 	EXP 	surround_grating: sf = array([2.5, 2.5])
1005.0725 	EXP 	surround_grating: phase = array([0.56980352, 0.56980352])
1005.0725 	EXP 	center_grating: ori = 2.0
1005.0725 	EXP 	center_grating: sf = array([2.5, 2.5])
1005.0725 	EXP 	center_grating: phase = array([0.77860019, 0.77860019])
1006.0585 	EXP 	noise_3: autoDraw = True
1006.0585 	EXP 	surround_grating: autoDraw = True
1006.0585 	EXP 	center_grating: autoDraw = True
1006.1314 	EXP 	noise_3: autoDraw = False
1006.1314 	EXP 	surround_grating: autoDraw = False
1006.1314 	EXP 	center_grating: autoDraw = False
1006.5123 	EXP 	New trial (rep=0, index=542): <Trial 542 (542 in rep 0) data={'center': 2, 'surround': -15.0, 'type': 'c+2', 'surr_type': 'negs', 'orient_opacity': 100, 'noise_opacity': 0, 'isi': 0.75, 'thisN': 542, 'thisTrialN': 542, 'thisRepN': 0}>
1006.5173 	DATA 	Keypress: period
1006.5237 	INFO 	Keyboard events cleared
1006.5232 	EXP 	noise_3: autoDraw = False
1006.5232 	EXP 	surround_grating: autoDraw = False
1006.5232 	EXP 	center_grating: autoDraw = False
1006.5232 	EXP 	text_2: autoDraw = False
1006.5232 	EXP 	surround_grating: ori = -15.0
1006.5232 	EXP 	surround_grating: sf = array([2.5, 2.5])
1006.5232 	EXP 	surround_grating: phase = array([0.39615089, 0.39615089])
1006.5232 	EXP 	center_grating: ori = 2.0
1006.5232 	EXP 	center_grating: sf = array([2.5, 2.5])
1006.5232 	EXP 	center_grating: phase = array([0.86798355, 0.86798355])
1007.2581 	EXP 	noise_3: autoDraw = True
1007.2581 	EXP 	surround_grating: autoDraw = True
1007.2581 	EXP 	center_grating: autoDraw = True
1007.3309 	EXP 	noise_3: autoDraw = False
1007.3309 	EXP 	surround_grating: autoDraw = False
1007.3309 	EXP 	center_grating: autoDraw = False
1007.7789 	EXP 	New trial (rep=0, index=543): <Trial 543 (543 in rep 0) data={'center': -4, 'surround': 0.0, 'type': 'c-4', 'surr_type': 'noss', 'orient_opacity': 0, 'noise_opacity': 100, 'isi': 1.25, 'thisN': 543, 'thisTrialN': 543, 'thisRepN': 0}>
1007.7840 	DATA 	Keypress: period
1007.7901 	INFO 	Keyboard events cleared
1007.7896 	EXP 	noise_3: autoDraw = False
1007.7896 	EXP 	surround_grating: autoDraw = False
1007.7896 	EXP 	center_grating: autoDraw = False
1007.7896 	EXP 	text_2: autoDraw = False
1007.7896 	EXP 	surround_grating: ori = 0.0
1007.7896 	EXP 	surround_grating: sf = array([2.5, 2.5])
1007.7896 	EXP 	surround_grating: phase = array([0.86286167, 0.86286167])
1007.7896 	EXP 	center_grating: ori = -4.0
1007.7896 	EXP 	center_grating: sf = array([2.5, 2.5])
1007.7896 	EXP 	center_grating: phase = array([0.62976876, 0.62976876])
1009.0254 	EXP 	noise_3: autoDraw = True
1009.0254 	EXP 	surround_grating: autoDraw = True
1009.0254 	EXP 	center_grating: autoDraw = True
1009.0974 	EXP 	noise_3: autoDraw = False
1009.0974 	EXP 	surround_grating: autoDraw = False
1009.0974 	EXP 	center_grating: autoDraw = False
1009.5456 	EXP 	New trial (rep=0, index=544): <Trial 544 (544 in rep 0) data={'center': -2, 'surround': 15.0, 'type': 'c-2', 'surr_type': 'poss', 'orient_opacity': 100, 'noise_opacity': 0, 'isi': 1.0, 'thisN': 544, 'thisTrialN': 544, 'thisRepN': 0}>
1009.5518 	DATA 	Keypress: z
1009.5577 	INFO 	Keyboard events cleared
1009.5573 	EXP 	noise_3: autoDraw = False
1009.5573 	EXP 	surround_grating: autoDraw = False
1009.5573 	EXP 	center_grating: autoDraw = False
1009.5573 	EXP 	text_2: autoDraw = False
1009.5573 	EXP 	surround_grating: ori = 15.0
1009.5573 	EXP 	surround_grating: sf = array([2.5, 2.5])
1009.5573 	EXP 	surround_grating: phase = array([0.42901181, 0.42901181])
1009.5573 	EXP 	center_grating: ori = -2.0
1009.5573 	EXP 	center_grating: sf = array([2.5, 2.5])
1009.5573 	EXP 	center_grating: phase = array([0.83566036, 0.83566036])
1010.5421 	EXP 	noise_3: autoDraw = True
1010.5421 	EXP 	surround_grating: autoDraw = True
1010.5421 	EXP 	center_grating: autoDraw = True
1010.6135 	EXP 	noise_3: autoDraw = False
1010.6135 	EXP 	surround_grating: autoDraw = False
1010.6135 	EXP 	center_grating: autoDraw = False
1011.1294 	EXP 	New trial (rep=0, index=545): <Trial 545 (545 in rep 0) data={'center': 0, 'surround': -15.0, 'type': 'c+0', 'surr_type': 'negs', 'orient_opacity': 100, 'noise_opacity': 0, 'isi': 1.25, 'thisN': 545, 'thisTrialN': 545, 'thisRepN': 0}>
1011.1353 	DATA 	Keypress: z
1011.1413 	INFO 	Keyboard events cleared
1011.1408 	EXP 	noise_3: autoDraw = False
1011.1408 	EXP 	surround_grating: autoDraw = False
1011.1408 	EXP 	center_grating: autoDraw = False
1011.1408 	EXP 	text_2: autoDraw = False
1011.1408 	EXP 	surround_grating: ori = -15.0
1011.1408 	EXP 	surround_grating: sf = array([2.5, 2.5])
1011.1408 	EXP 	surround_grating: phase = array([0.18383671, 0.18383671])
1011.1408 	EXP 	center_grating: ori = 0.0
1011.1408 	EXP 	center_grating: sf = array([2.5, 2.5])
1011.1408 	EXP 	center_grating: phase = array([0.52923574, 0.52923574])
1012.3756 	EXP 	noise_3: autoDraw = True
1012.3756 	EXP 	surround_grating: autoDraw = True
1012.3756 	EXP 	center_grating: autoDraw = True
1012.4484 	EXP 	noise_3: autoDraw = False
1012.4484 	EXP 	surround_grating: autoDraw = False
1012.4484 	EXP 	center_grating: autoDraw = False
1012.8789 	EXP 	New trial (rep=0, index=546): <Trial 546 (546 in rep 0) data={'center': 4, 'surround': 15.0, 'type': 'c+4', 'surr_type': 'poss', 'orient_opacity': 100, 'noise_opacity': 0, 'isi': 1.25, 'thisN': 546, 'thisTrialN': 546, 'thisRepN': 0}>
1012.8843 	DATA 	Keypress: period
1012.8902 	INFO 	Keyboard events cleared
1012.8898 	EXP 	noise_3: autoDraw = False
1012.8898 	EXP 	surround_grating: autoDraw = False
1012.8898 	EXP 	center_grating: autoDraw = False
1012.8898 	EXP 	text_2: autoDraw = False
1012.8898 	EXP 	surround_grating: ori = 15.0
1012.8898 	EXP 	surround_grating: sf = array([2.5, 2.5])
1012.8898 	EXP 	surround_grating: phase = array([0.6518894, 0.6518894])
1012.8898 	EXP 	center_grating: ori = 4.0
1012.8898 	EXP 	center_grating: sf = array([2.5, 2.5])
1012.8898 	EXP 	center_grating: phase = array([0.37943372, 0.37943372])
1014.1255 	EXP 	noise_3: autoDraw = True
1014.1255 	EXP 	surround_grating: autoDraw = True
1014.1255 	EXP 	center_grating: autoDraw = True
1014.1981 	EXP 	noise_3: autoDraw = False
1014.1981 	EXP 	surround_grating: autoDraw = False
1014.1981 	EXP 	center_grating: autoDraw = False
1015.5169 	EXP 	New trial (rep=0, index=547): <Trial 547 (547 in rep 0) data={'center': 4, 'surround': 15.0, 'type': 'c+4', 'surr_type': 'poss', 'orient_opacity': 100, 'noise_opacity': 0, 'isi': 1.25, 'thisN': 547, 'thisTrialN': 547, 'thisRepN': 0}>
1015.5218 	DATA 	Keypress: period
1015.5285 	INFO 	Keyboard events cleared
1015.5280 	EXP 	noise_3: autoDraw = False
1015.5280 	EXP 	surround_grating: autoDraw = False
1015.5280 	EXP 	center_grating: autoDraw = False
1015.5280 	EXP 	text_2: autoDraw = False
1015.5280 	EXP 	surround_grating: ori = 15.0
1015.5280 	EXP 	surround_grating: sf = array([2.5, 2.5])
1015.5280 	EXP 	surround_grating: phase = array([0.20356705, 0.20356705])
1015.5280 	EXP 	center_grating: ori = 4.0
1015.5280 	EXP 	center_grating: sf = array([2.5, 2.5])
1015.5280 	EXP 	center_grating: phase = array([0.03006663, 0.03006663])
1016.7670 	EXP 	noise_3: autoDraw = True
1016.7670 	EXP 	surround_grating: autoDraw = True
1016.7670 	EXP 	center_grating: autoDraw = True
1016.8429 	EXP 	noise_3: autoDraw = False
1016.8429 	EXP 	surround_grating: autoDraw = False
1016.8429 	EXP 	center_grating: autoDraw = False
1017.1970 	EXP 	New trial (rep=0, index=548): <Trial 548 (548 in rep 0) data={'center': 2, 'surround': 0.0, 'type': 'c+2', 'surr_type': 'noss', 'orient_opacity': 0, 'noise_opacity': 100, 'isi': 1.0, 'thisN': 548, 'thisTrialN': 548, 'thisRepN': 0}>
1017.2025 	DATA 	Keypress: period
1017.2090 	INFO 	Keyboard events cleared
1017.2084 	EXP 	noise_3: autoDraw = False
1017.2084 	EXP 	surround_grating: autoDraw = False
1017.2084 	EXP 	center_grating: autoDraw = False
1017.2084 	EXP 	text_2: autoDraw = False
1017.2084 	EXP 	surround_grating: ori = 0.0
1017.2084 	EXP 	surround_grating: sf = array([2.5, 2.5])
1017.2084 	EXP 	surround_grating: phase = array([0.50951334, 0.50951334])
1017.2084 	EXP 	center_grating: ori = 2.0
1017.2084 	EXP 	center_grating: sf = array([2.5, 2.5])
1017.2084 	EXP 	center_grating: phase = array([0.31539634, 0.31539634])
1018.1924 	EXP 	noise_3: autoDraw = True
1018.1924 	EXP 	surround_grating: autoDraw = True
1018.1924 	EXP 	center_grating: autoDraw = True
1018.2652 	EXP 	noise_3: autoDraw = False
1018.2652 	EXP 	surround_grating: autoDraw = False
1018.2652 	EXP 	center_grating: autoDraw = False
1018.6620 	EXP 	New trial (rep=0, index=549): <Trial 549 (549 in rep 0) data={'center': 0, 'surround': 15.0, 'type': 'c+0', 'surr_type': 'poss', 'orient_opacity': 100, 'noise_opacity': 0, 'isi': 1.25, 'thisN': 549, 'thisTrialN': 549, 'thisRepN': 0}>
1018.6675 	DATA 	Keypress: period
1018.6734 	INFO 	Keyboard events cleared
1018.6729 	EXP 	noise_3: autoDraw = False
1018.6729 	EXP 	surround_grating: autoDraw = False
1018.6729 	EXP 	center_grating: autoDraw = False
1018.6729 	EXP 	text_2: autoDraw = False
1018.6729 	EXP 	surround_grating: ori = 15.0
1018.6729 	EXP 	surround_grating: sf = array([2.5, 2.5])
1018.6729 	EXP 	surround_grating: phase = array([0.87191967, 0.87191967])
1018.6729 	EXP 	center_grating: ori = 0.0
1018.6729 	EXP 	center_grating: sf = array([2.5, 2.5])
1018.6729 	EXP 	center_grating: phase = array([0.94516103, 0.94516103])
1019.9081 	EXP 	noise_3: autoDraw = True
1019.9081 	EXP 	surround_grating: autoDraw = True
1019.9081 	EXP 	center_grating: autoDraw = True
1019.9826 	EXP 	noise_3: autoDraw = False
1019.9826 	EXP 	surround_grating: autoDraw = False
1019.9826 	EXP 	center_grating: autoDraw = False
1020.2693 	EXP 	New trial (rep=0, index=550): <Trial 550 (550 in rep 0) data={'center': -8, 'surround': -15.0, 'type': 'c-8', 'surr_type': 'negs', 'orient_opacity': 100, 'noise_opacity': 0, 'isi': 1.25, 'thisN': 550, 'thisTrialN': 550, 'thisRepN': 0}>
1020.2744 	DATA 	Keypress: period
1020.2801 	INFO 	Keyboard events cleared
1020.2795 	EXP 	noise_3: autoDraw = False
1020.2795 	EXP 	surround_grating: autoDraw = False
1020.2795 	EXP 	center_grating: autoDraw = False
1020.2795 	EXP 	text_2: autoDraw = False
1020.2795 	EXP 	surround_grating: ori = -15.0
1020.2795 	EXP 	surround_grating: sf = array([2.5, 2.5])
1020.2795 	EXP 	surround_grating: phase = array([0.95541211, 0.95541211])
1020.2795 	EXP 	center_grating: ori = -8.0
1020.2795 	EXP 	center_grating: sf = array([2.5, 2.5])
1020.2795 	EXP 	center_grating: phase = array([0.53277224, 0.53277224])
1021.5186 	EXP 	noise_3: autoDraw = True
1021.5186 	EXP 	surround_grating: autoDraw = True
1021.5186 	EXP 	center_grating: autoDraw = True
1021.5930 	EXP 	noise_3: autoDraw = False
1021.5930 	EXP 	surround_grating: autoDraw = False
1021.5930 	EXP 	center_grating: autoDraw = False
1022.0509 	EXP 	New trial (rep=0, index=551): <Trial 551 (551 in rep 0) data={'center': 6, 'surround': 15.0, 'type': 'c+6', 'surr_type': 'poss', 'orient_opacity': 100, 'noise_opacity': 0, 'isi': 1.0, 'thisN': 551, 'thisTrialN': 551, 'thisRepN': 0}>
1022.0561 	DATA 	Keypress: z
1022.0625 	INFO 	Keyboard events cleared
1022.0619 	EXP 	noise_3: autoDraw = False
1022.0619 	EXP 	surround_grating: autoDraw = False
1022.0619 	EXP 	center_grating: autoDraw = False
1022.0619 	EXP 	text_2: autoDraw = False
1022.0619 	EXP 	surround_grating: ori = 15.0
1022.0619 	EXP 	surround_grating: sf = array([2.5, 2.5])
1022.0619 	EXP 	surround_grating: phase = array([0.74895511, 0.74895511])
1022.0619 	EXP 	center_grating: ori = 6.0
1022.0619 	EXP 	center_grating: sf = array([2.5, 2.5])
1022.0619 	EXP 	center_grating: phase = array([0.84342491, 0.84342491])
1023.0522 	EXP 	noise_3: autoDraw = True
1023.0522 	EXP 	surround_grating: autoDraw = True
1023.0522 	EXP 	center_grating: autoDraw = True
1023.1266 	EXP 	noise_3: autoDraw = False
1023.1266 	EXP 	surround_grating: autoDraw = False
1023.1266 	EXP 	center_grating: autoDraw = False
1023.4988 	DATA 	Keypress: period
1023.5057 	EXP 	New trial (rep=0, index=552): <Trial 552 (552 in rep 0) data={'center': -4, 'surround': 0.0, 'type': 'c-4', 'surr_type': 'noss', 'orient_opacity': 0, 'noise_opacity': 100, 'isi': 1.25, 'thisN': 552, 'thisTrialN': 552, 'thisRepN': 0}>
1023.5125 	INFO 	Keyboard events cleared
1023.5121 	EXP 	noise_3: autoDraw = False
1023.5121 	EXP 	surround_grating: autoDraw = False
1023.5121 	EXP 	center_grating: autoDraw = False
1023.5121 	EXP 	text_2: autoDraw = False
1023.5121 	EXP 	surround_grating: ori = 0.0
1023.5121 	EXP 	surround_grating: sf = array([2.5, 2.5])
1023.5121 	EXP 	surround_grating: phase = array([0.90385783, 0.90385783])
1023.5121 	EXP 	center_grating: ori = -4.0
1023.5121 	EXP 	center_grating: sf = array([2.5, 2.5])
1023.5121 	EXP 	center_grating: phase = array([0.64770737, 0.64770737])
1024.7520 	EXP 	noise_3: autoDraw = True
1024.7520 	EXP 	surround_grating: autoDraw = True
1024.7520 	EXP 	center_grating: autoDraw = True
1024.8253 	EXP 	noise_3: autoDraw = False
1024.8253 	EXP 	surround_grating: autoDraw = False
1024.8253 	EXP 	center_grating: autoDraw = False
1025.2307 	EXP 	New trial (rep=0, index=553): <Trial 553 (553 in rep 0) data={'center': 6, 'surround': 15.0, 'type': 'c+6', 'surr_type': 'poss', 'orient_opacity': 100, 'noise_opacity': 0, 'isi': 0.75, 'thisN': 553, 'thisTrialN': 553, 'thisRepN': 0}>
1025.2359 	DATA 	Keypress: z
1025.2419 	INFO 	Keyboard events cleared
1025.2414 	EXP 	noise_3: autoDraw = False
1025.2414 	EXP 	surround_grating: autoDraw = False
1025.2414 	EXP 	center_grating: autoDraw = False
1025.2414 	EXP 	text_2: autoDraw = False
1025.2414 	EXP 	surround_grating: ori = 15.0
1025.2414 	EXP 	surround_grating: sf = array([2.5, 2.5])
1025.2414 	EXP 	surround_grating: phase = array([0.74374022, 0.74374022])
1025.2414 	EXP 	center_grating: ori = 6.0
1025.2414 	EXP 	center_grating: sf = array([2.5, 2.5])
1025.2414 	EXP 	center_grating: phase = array([0.36903115, 0.36903115])
1025.9760 	EXP 	noise_3: autoDraw = True
1025.9760 	EXP 	surround_grating: autoDraw = True
1025.9760 	EXP 	center_grating: autoDraw = True
1026.0482 	EXP 	noise_3: autoDraw = False
1026.0482 	EXP 	surround_grating: autoDraw = False
1026.0482 	EXP 	center_grating: autoDraw = False
1026.4631 	EXP 	New trial (rep=0, index=554): <Trial 554 (554 in rep 0) data={'center': 6, 'surround': 15.0, 'type': 'c+6', 'surr_type': 'poss', 'orient_opacity': 100, 'noise_opacity': 0, 'isi': 0.75, 'thisN': 554, 'thisTrialN': 554, 'thisRepN': 0}>
1026.4688 	DATA 	Keypress: period
1026.4751 	INFO 	Keyboard events cleared
1026.4747 	EXP 	noise_3: autoDraw = False
1026.4747 	EXP 	surround_grating: autoDraw = False
1026.4747 	EXP 	center_grating: autoDraw = False
1026.4747 	EXP 	text_2: autoDraw = False
1026.4747 	EXP 	surround_grating: ori = 15.0
1026.4747 	EXP 	surround_grating: sf = array([2.5, 2.5])
1026.4747 	EXP 	surround_grating: phase = array([0.14177669, 0.14177669])
1026.4747 	EXP 	center_grating: ori = 6.0
1026.4747 	EXP 	center_grating: sf = array([2.5, 2.5])
1026.4747 	EXP 	center_grating: phase = array([0.00666223, 0.00666223])
1027.2091 	EXP 	noise_3: autoDraw = True
1027.2091 	EXP 	surround_grating: autoDraw = True
1027.2091 	EXP 	center_grating: autoDraw = True
1027.2819 	EXP 	noise_3: autoDraw = False
1027.2819 	EXP 	surround_grating: autoDraw = False
1027.2819 	EXP 	center_grating: autoDraw = False
1027.9021 	EXP 	New trial (rep=0, index=555): <Trial 555 (555 in rep 0) data={'center': -2, 'surround': 15.0, 'type': 'c-2', 'surr_type': 'poss', 'orient_opacity': 100, 'noise_opacity': 0, 'isi': 1.25, 'thisN': 555, 'thisTrialN': 555, 'thisRepN': 0}>
1027.9073 	DATA 	Keypress: period
1027.9128 	INFO 	Keyboard events cleared
1027.9123 	EXP 	noise_3: autoDraw = False
1027.9123 	EXP 	surround_grating: autoDraw = False
1027.9123 	EXP 	center_grating: autoDraw = False
1027.9123 	EXP 	text_2: autoDraw = False
1027.9123 	EXP 	surround_grating: ori = 15.0
1027.9123 	EXP 	surround_grating: sf = array([2.5, 2.5])
1027.9123 	EXP 	surround_grating: phase = array([0.49124439, 0.49124439])
1027.9123 	EXP 	center_grating: ori = -2.0
1027.9123 	EXP 	center_grating: sf = array([2.5, 2.5])
1027.9123 	EXP 	center_grating: phase = array([0.48590321, 0.48590321])
1029.1527 	EXP 	noise_3: autoDraw = True
1029.1527 	EXP 	surround_grating: autoDraw = True
1029.1527 	EXP 	center_grating: autoDraw = True
1029.2264 	EXP 	noise_3: autoDraw = False
1029.2264 	EXP 	surround_grating: autoDraw = False
1029.2264 	EXP 	center_grating: autoDraw = False
1029.7129 	EXP 	New trial (rep=0, index=556): <Trial 556 (556 in rep 0) data={'center': -6, 'surround': -15.0, 'type': 'c-6', 'surr_type': 'negs', 'orient_opacity': 100, 'noise_opacity': 0, 'isi': 1.25, 'thisN': 556, 'thisTrialN': 556, 'thisRepN': 0}>
1029.7180 	DATA 	Keypress: z
1029.7239 	INFO 	Keyboard events cleared
1029.7234 	EXP 	noise_3: autoDraw = False
1029.7234 	EXP 	surround_grating: autoDraw = False
1029.7234 	EXP 	center_grating: autoDraw = False
1029.7234 	EXP 	text_2: autoDraw = False
1029.7234 	EXP 	surround_grating: ori = -15.0
1029.7234 	EXP 	surround_grating: sf = array([2.5, 2.5])
1029.7234 	EXP 	surround_grating: phase = array([0.43104603, 0.43104603])
1029.7234 	EXP 	center_grating: ori = -6.0
1029.7234 	EXP 	center_grating: sf = array([2.5, 2.5])
1029.7234 	EXP 	center_grating: phase = array([0.79824268, 0.79824268])
1030.9595 	EXP 	noise_3: autoDraw = True
1030.9595 	EXP 	surround_grating: autoDraw = True
1030.9595 	EXP 	center_grating: autoDraw = True
1031.0321 	EXP 	noise_3: autoDraw = False
1031.0321 	EXP 	surround_grating: autoDraw = False
1031.0321 	EXP 	center_grating: autoDraw = False
1031.5460 	EXP 	New trial (rep=0, index=557): <Trial 557 (557 in rep 0) data={'center': -6, 'surround': -15.0, 'type': 'c-6', 'surr_type': 'negs', 'orient_opacity': 100, 'noise_opacity': 0, 'isi': 0.75, 'thisN': 557, 'thisTrialN': 557, 'thisRepN': 0}>
1031.5516 	DATA 	Keypress: z
1031.5576 	INFO 	Keyboard events cleared
1031.5571 	EXP 	noise_3: autoDraw = False
1031.5571 	EXP 	surround_grating: autoDraw = False
1031.5571 	EXP 	center_grating: autoDraw = False
1031.5571 	EXP 	text_2: autoDraw = False
1031.5571 	EXP 	surround_grating: ori = -15.0
1031.5571 	EXP 	surround_grating: sf = array([2.5, 2.5])
1031.5571 	EXP 	surround_grating: phase = array([0.93059319, 0.93059319])
1031.5571 	EXP 	center_grating: ori = -6.0
1031.5571 	EXP 	center_grating: sf = array([2.5, 2.5])
1031.5571 	EXP 	center_grating: phase = array([0.78000826, 0.78000826])
1032.2925 	EXP 	noise_3: autoDraw = True
1032.2925 	EXP 	surround_grating: autoDraw = True
1032.2925 	EXP 	center_grating: autoDraw = True
1032.3654 	EXP 	noise_3: autoDraw = False
1032.3654 	EXP 	surround_grating: autoDraw = False
1032.3654 	EXP 	center_grating: autoDraw = False
1032.9667 	DATA 	Keypress: z
1032.9738 	EXP 	New trial (rep=0, index=558): <Trial 558 (558 in rep 0) data={'center': 4, 'surround': 0.0, 'type': 'c+4', 'surr_type': 'noss', 'orient_opacity': 0, 'noise_opacity': 100, 'isi': 0.75, 'thisN': 558, 'thisTrialN': 558, 'thisRepN': 0}>
1032.9804 	INFO 	Keyboard events cleared
1032.9801 	EXP 	noise_3: autoDraw = False
1032.9801 	EXP 	surround_grating: autoDraw = False
1032.9801 	EXP 	center_grating: autoDraw = False
1032.9801 	EXP 	text_2: autoDraw = False
1032.9801 	EXP 	surround_grating: ori = 0.0
1032.9801 	EXP 	surround_grating: sf = array([2.5, 2.5])
1032.9801 	EXP 	surround_grating: phase = array([0.19584198, 0.19584198])
1032.9801 	EXP 	center_grating: ori = 4.0
1032.9801 	EXP 	center_grating: sf = array([2.5, 2.5])
1032.9801 	EXP 	center_grating: phase = array([0.12556819, 0.12556819])
1033.7192 	EXP 	noise_3: autoDraw = True
1033.7192 	EXP 	surround_grating: autoDraw = True
1033.7192 	EXP 	center_grating: autoDraw = True
1033.7936 	EXP 	noise_3: autoDraw = False
1033.7936 	EXP 	surround_grating: autoDraw = False
1033.7936 	EXP 	center_grating: autoDraw = False
1034.2460 	EXP 	New trial (rep=0, index=559): <Trial 559 (559 in rep 0) data={'center': 2, 'surround': -15.0, 'type': 'c+2', 'surr_type': 'negs', 'orient_opacity': 100, 'noise_opacity': 0, 'isi': 0.75, 'thisN': 559, 'thisTrialN': 559, 'thisRepN': 0}>
1034.2513 	DATA 	Keypress: period
1034.2573 	INFO 	Keyboard events cleared
1034.2567 	EXP 	noise_3: autoDraw = False
1034.2567 	EXP 	surround_grating: autoDraw = False
1034.2567 	EXP 	center_grating: autoDraw = False
1034.2567 	EXP 	text_2: autoDraw = False
1034.2567 	EXP 	surround_grating: ori = -15.0
1034.2567 	EXP 	surround_grating: sf = array([2.5, 2.5])
1034.2567 	EXP 	surround_grating: phase = array([0.91620905, 0.91620905])
1034.2567 	EXP 	center_grating: ori = 2.0
1034.2567 	EXP 	center_grating: sf = array([2.5, 2.5])
1034.2567 	EXP 	center_grating: phase = array([0.68386003, 0.68386003])
1034.9929 	EXP 	noise_3: autoDraw = True
1034.9929 	EXP 	surround_grating: autoDraw = True
1034.9929 	EXP 	center_grating: autoDraw = True
1035.0657 	EXP 	noise_3: autoDraw = False
1035.0657 	EXP 	surround_grating: autoDraw = False
1035.0657 	EXP 	center_grating: autoDraw = False
1035.5514 	EXP 	New trial (rep=0, index=560): <Trial 560 (560 in rep 0) data={'center': -2, 'surround': 15.0, 'type': 'c-2', 'surr_type': 'poss', 'orient_opacity': 100, 'noise_opacity': 0, 'isi': 0.75, 'thisN': 560, 'thisTrialN': 560, 'thisRepN': 0}>
1035.5564 	DATA 	Keypress: period
1035.5627 	INFO 	Keyboard events cleared
1035.5622 	EXP 	noise_3: autoDraw = False
1035.5622 	EXP 	surround_grating: autoDraw = False
1035.5622 	EXP 	center_grating: autoDraw = False
1035.5622 	EXP 	text_2: autoDraw = False
1035.5622 	EXP 	surround_grating: ori = 15.0
1035.5622 	EXP 	surround_grating: sf = array([2.5, 2.5])
1035.5622 	EXP 	surround_grating: phase = array([0.2298275, 0.2298275])
1035.5622 	EXP 	center_grating: ori = -2.0
1035.5622 	EXP 	center_grating: sf = array([2.5, 2.5])
1035.5622 	EXP 	center_grating: phase = array([0.41830191, 0.41830191])
1036.3030 	EXP 	noise_3: autoDraw = True
1036.3030 	EXP 	surround_grating: autoDraw = True
1036.3030 	EXP 	center_grating: autoDraw = True
1036.3768 	EXP 	noise_3: autoDraw = False
1036.3768 	EXP 	surround_grating: autoDraw = False
1036.3768 	EXP 	center_grating: autoDraw = False
1036.8305 	EXP 	New trial (rep=0, index=561): <Trial 561 (561 in rep 0) data={'center': -8, 'surround': -15.0, 'type': 'c-8', 'surr_type': 'negs', 'orient_opacity': 100, 'noise_opacity': 0, 'isi': 0.75, 'thisN': 561, 'thisTrialN': 561, 'thisRepN': 0}>
1036.8359 	DATA 	Keypress: z
1036.8418 	INFO 	Keyboard events cleared
1036.8414 	EXP 	noise_3: autoDraw = False
1036.8414 	EXP 	surround_grating: autoDraw = False
1036.8414 	EXP 	center_grating: autoDraw = False
1036.8414 	EXP 	text_2: autoDraw = False
1036.8414 	EXP 	surround_grating: ori = -15.0
1036.8414 	EXP 	surround_grating: sf = array([2.5, 2.5])
1036.8414 	EXP 	surround_grating: phase = array([0.06919479, 0.06919479])
1036.8414 	EXP 	center_grating: ori = -8.0
1036.8414 	EXP 	center_grating: sf = array([2.5, 2.5])
1036.8414 	EXP 	center_grating: phase = array([0.26167237, 0.26167237])
1037.5764 	EXP 	noise_3: autoDraw = True
1037.5764 	EXP 	surround_grating: autoDraw = True
1037.5764 	EXP 	center_grating: autoDraw = True
1037.6485 	EXP 	noise_3: autoDraw = False
1037.6485 	EXP 	surround_grating: autoDraw = False
1037.6485 	EXP 	center_grating: autoDraw = False
1038.0306 	EXP 	New trial (rep=0, index=562): <Trial 562 (562 in rep 0) data={'center': 2, 'surround': 0.0, 'type': 'c+2', 'surr_type': 'noss', 'orient_opacity': 0, 'noise_opacity': 100, 'isi': 1.0, 'thisN': 562, 'thisTrialN': 562, 'thisRepN': 0}>
1038.0362 	DATA 	Keypress: z
1038.0427 	INFO 	Keyboard events cleared
1038.0421 	EXP 	noise_3: autoDraw = False
1038.0421 	EXP 	surround_grating: autoDraw = False
1038.0421 	EXP 	center_grating: autoDraw = False
1038.0421 	EXP 	text_2: autoDraw = False
1038.0421 	EXP 	surround_grating: ori = 0.0
1038.0421 	EXP 	surround_grating: sf = array([2.5, 2.5])
1038.0421 	EXP 	surround_grating: phase = array([0.12137414, 0.12137414])
1038.0421 	EXP 	center_grating: ori = 2.0
1038.0421 	EXP 	center_grating: sf = array([2.5, 2.5])
1038.0421 	EXP 	center_grating: phase = array([0.43965566, 0.43965566])
1039.0265 	EXP 	noise_3: autoDraw = True
1039.0265 	EXP 	surround_grating: autoDraw = True
1039.0265 	EXP 	center_grating: autoDraw = True
1039.0982 	EXP 	noise_3: autoDraw = False
1039.0982 	EXP 	surround_grating: autoDraw = False
1039.0982 	EXP 	center_grating: autoDraw = False
1039.6360 	EXP 	New trial (rep=0, index=563): <Trial 563 (563 in rep 0) data={'center': 2, 'surround': 0.0, 'type': 'c+2', 'surr_type': 'noss', 'orient_opacity': 0, 'noise_opacity': 100, 'isi': 0.5, 'thisN': 563, 'thisTrialN': 563, 'thisRepN': 0}>
1039.6414 	DATA 	Keypress: period
1039.6469 	INFO 	Keyboard events cleared
1039.6464 	EXP 	noise_3: autoDraw = False
1039.6464 	EXP 	surround_grating: autoDraw = False
1039.6464 	EXP 	center_grating: autoDraw = False
1039.6464 	EXP 	text_2: autoDraw = False
1039.6464 	EXP 	surround_grating: ori = 0.0
1039.6464 	EXP 	surround_grating: sf = array([2.5, 2.5])
1039.6464 	EXP 	surround_grating: phase = array([0.52561504, 0.52561504])
1039.6464 	EXP 	center_grating: ori = 2.0
1039.6464 	EXP 	center_grating: sf = array([2.5, 2.5])
1039.6464 	EXP 	center_grating: phase = array([0.66973536, 0.66973536])
1040.1358 	EXP 	noise_3: autoDraw = True
1040.1358 	EXP 	surround_grating: autoDraw = True
1040.1358 	EXP 	center_grating: autoDraw = True
1040.2105 	EXP 	noise_3: autoDraw = False
1040.2105 	EXP 	surround_grating: autoDraw = False
1040.2105 	EXP 	center_grating: autoDraw = False
1040.6535 	EXP 	New trial (rep=0, index=564): <Trial 564 (564 in rep 0) data={'center': -4, 'surround': 0.0, 'type': 'c-4', 'surr_type': 'noss', 'orient_opacity': 0, 'noise_opacity': 100, 'isi': 0.5, 'thisN': 564, 'thisTrialN': 564, 'thisRepN': 0}>
1040.6589 	DATA 	Keypress: period
1040.6645 	INFO 	Keyboard events cleared
1040.6638 	EXP 	noise_3: autoDraw = False
1040.6638 	EXP 	surround_grating: autoDraw = False
1040.6638 	EXP 	center_grating: autoDraw = False
1040.6638 	EXP 	text_2: autoDraw = False
1040.6638 	EXP 	surround_grating: ori = 0.0
1040.6638 	EXP 	surround_grating: sf = array([2.5, 2.5])
1040.6638 	EXP 	surround_grating: phase = array([0.49738496, 0.49738496])
1040.6638 	EXP 	center_grating: ori = -4.0
1040.6638 	EXP 	center_grating: sf = array([2.5, 2.5])
1040.6638 	EXP 	center_grating: phase = array([0.78000371, 0.78000371])
1041.1527 	EXP 	noise_3: autoDraw = True
1041.1527 	EXP 	surround_grating: autoDraw = True
1041.1527 	EXP 	center_grating: autoDraw = True
1041.2270 	EXP 	noise_3: autoDraw = False
1041.2270 	EXP 	surround_grating: autoDraw = False
1041.2270 	EXP 	center_grating: autoDraw = False
1041.6464 	EXP 	New trial (rep=0, index=565): <Trial 565 (565 in rep 0) data={'center': 6, 'surround': 15.0, 'type': 'c+6', 'surr_type': 'poss', 'orient_opacity': 100, 'noise_opacity': 0, 'isi': 1.25, 'thisN': 565, 'thisTrialN': 565, 'thisRepN': 0}>
1041.6513 	DATA 	Keypress: z
1041.6575 	INFO 	Keyboard events cleared
1041.6570 	EXP 	noise_3: autoDraw = False
1041.6570 	EXP 	surround_grating: autoDraw = False
1041.6570 	EXP 	center_grating: autoDraw = False
1041.6570 	EXP 	text_2: autoDraw = False
1041.6570 	EXP 	surround_grating: ori = 15.0
1041.6570 	EXP 	surround_grating: sf = array([2.5, 2.5])
1041.6570 	EXP 	surround_grating: phase = array([0.06067322, 0.06067322])
1041.6570 	EXP 	center_grating: ori = 6.0
1041.6570 	EXP 	center_grating: sf = array([2.5, 2.5])
1041.6570 	EXP 	center_grating: phase = array([0.85665173, 0.85665173])
1042.8927 	EXP 	noise_3: autoDraw = True
1042.8927 	EXP 	surround_grating: autoDraw = True
1042.8927 	EXP 	center_grating: autoDraw = True
1042.9654 	EXP 	noise_3: autoDraw = False
1042.9654 	EXP 	surround_grating: autoDraw = False
1042.9654 	EXP 	center_grating: autoDraw = False
1043.3690 	EXP 	New trial (rep=0, index=566): <Trial 566 (566 in rep 0) data={'center': 0, 'surround': 0.0, 'type': 'c+0', 'surr_type': 'noss', 'orient_opacity': 0, 'noise_opacity': 100, 'isi': 0.75, 'thisN': 566, 'thisTrialN': 566, 'thisRepN': 0}>
1043.3739 	DATA 	Keypress: period
1043.3802 	INFO 	Keyboard events cleared
1043.3795 	EXP 	noise_3: autoDraw = False
1043.3795 	EXP 	surround_grating: autoDraw = False
1043.3795 	EXP 	center_grating: autoDraw = False
1043.3795 	EXP 	text_2: autoDraw = False
1043.3795 	EXP 	surround_grating: ori = 0.0
1043.3795 	EXP 	surround_grating: sf = array([2.5, 2.5])
1043.3795 	EXP 	surround_grating: phase = array([0.1187009, 0.1187009])
1043.3795 	EXP 	center_grating: ori = 0.0
1043.3795 	EXP 	center_grating: sf = array([2.5, 2.5])
1043.3795 	EXP 	center_grating: phase = array([0.55940162, 0.55940162])
1044.1199 	EXP 	noise_3: autoDraw = True
1044.1199 	EXP 	surround_grating: autoDraw = True
1044.1199 	EXP 	center_grating: autoDraw = True
1044.1938 	EXP 	noise_3: autoDraw = False
1044.1938 	EXP 	surround_grating: autoDraw = False
1044.1938 	EXP 	center_grating: autoDraw = False
1045.8190 	EXP 	New trial (rep=0, index=567): <Trial 567 (567 in rep 0) data={'center': 0, 'surround': 15.0, 'type': 'c+0', 'surr_type': 'poss', 'orient_opacity': 100, 'noise_opacity': 0, 'isi': 1.0, 'thisN': 567, 'thisTrialN': 567, 'thisRepN': 0}>
1045.8240 	DATA 	Keypress: z
1045.8263 	DATA 	Keypress: period
1045.8311 	INFO 	Keyboard events cleared
1045.8305 	EXP 	noise_3: autoDraw = False
1045.8305 	EXP 	surround_grating: autoDraw = False
1045.8305 	EXP 	center_grating: autoDraw = False
1045.8305 	EXP 	text_2: autoDraw = False
1045.8305 	EXP 	surround_grating: ori = 15.0
1045.8305 	EXP 	surround_grating: sf = array([2.5, 2.5])
1045.8305 	EXP 	surround_grating: phase = array([0.67181877, 0.67181877])
1045.8305 	EXP 	center_grating: ori = 0.0
1045.8305 	EXP 	center_grating: sf = array([2.5, 2.5])
1045.8305 	EXP 	center_grating: phase = array([0.74643479, 0.74643479])
1046.0124 	EXP 	New trial (rep=0, index=568): <Trial 568 (568 in rep 0) data={'center': -2, 'surround': 15.0, 'type': 'c-2', 'surr_type': 'poss', 'orient_opacity': 100, 'noise_opacity': 0, 'isi': 0.75, 'thisN': 568, 'thisTrialN': 568, 'thisRepN': 0}>
1046.0210 	INFO 	Keyboard events cleared
1046.0206 	EXP 	noise_3: autoDraw = False
1046.0206 	EXP 	surround_grating: autoDraw = False
1046.0206 	EXP 	center_grating: autoDraw = False
1046.0206 	EXP 	text_2: autoDraw = False
1046.0206 	EXP 	surround_grating: ori = 15.0
1046.0206 	EXP 	surround_grating: sf = array([2.5, 2.5])
1046.0206 	EXP 	surround_grating: phase = array([0.44091454, 0.44091454])
1046.0206 	EXP 	center_grating: ori = -2.0
1046.0206 	EXP 	center_grating: sf = array([2.5, 2.5])
1046.0206 	EXP 	center_grating: phase = array([0.51088049, 0.51088049])
1046.7603 	EXP 	noise_3: autoDraw = True
1046.7603 	EXP 	surround_grating: autoDraw = True
1046.7603 	EXP 	center_grating: autoDraw = True
1046.8321 	EXP 	noise_3: autoDraw = False
1046.8321 	EXP 	surround_grating: autoDraw = False
1046.8321 	EXP 	center_grating: autoDraw = False
1047.3357 	EXP 	New trial (rep=0, index=569): <Trial 569 (569 in rep 0) data={'center': -2, 'surround': -15.0, 'type': 'c-2', 'surr_type': 'negs', 'orient_opacity': 100, 'noise_opacity': 0, 'isi': 1.0, 'thisN': 569, 'thisTrialN': 569, 'thisRepN': 0}>
1047.3411 	DATA 	Keypress: z
1047.3469 	INFO 	Keyboard events cleared
1047.3464 	EXP 	noise_3: autoDraw = False
1047.3464 	EXP 	surround_grating: autoDraw = False
1047.3464 	EXP 	center_grating: autoDraw = False
1047.3464 	EXP 	text_2: autoDraw = False
1047.3464 	EXP 	surround_grating: ori = -15.0
1047.3464 	EXP 	surround_grating: sf = array([2.5, 2.5])
1047.3464 	EXP 	surround_grating: phase = array([0.53880194, 0.53880194])
1047.3464 	EXP 	center_grating: ori = -2.0
1047.3464 	EXP 	center_grating: sf = array([2.5, 2.5])
1047.3464 	EXP 	center_grating: phase = array([0.96952284, 0.96952284])
1048.3366 	EXP 	noise_3: autoDraw = True
1048.3366 	EXP 	surround_grating: autoDraw = True
1048.3366 	EXP 	center_grating: autoDraw = True
1048.4107 	EXP 	noise_3: autoDraw = False
1048.4107 	EXP 	surround_grating: autoDraw = False
1048.4107 	EXP 	center_grating: autoDraw = False
1049.1851 	EXP 	New trial (rep=0, index=570): <Trial 570 (570 in rep 0) data={'center': -2, 'surround': -15.0, 'type': 'c-2', 'surr_type': 'negs', 'orient_opacity': 100, 'noise_opacity': 0, 'isi': 1.25, 'thisN': 570, 'thisTrialN': 570, 'thisRepN': 0}>
1049.1900 	DATA 	Keypress: period
1049.1963 	INFO 	Keyboard events cleared
1049.1958 	EXP 	noise_3: autoDraw = False
1049.1958 	EXP 	surround_grating: autoDraw = False
1049.1958 	EXP 	center_grating: autoDraw = False
1049.1958 	EXP 	text_2: autoDraw = False
1049.1958 	EXP 	surround_grating: ori = -15.0
1049.1958 	EXP 	surround_grating: sf = array([2.5, 2.5])
1049.1958 	EXP 	surround_grating: phase = array([0.44285166, 0.44285166])
1049.1958 	EXP 	center_grating: ori = -2.0
1049.1958 	EXP 	center_grating: sf = array([2.5, 2.5])
1049.1958 	EXP 	center_grating: phase = array([0.6198693, 0.6198693])
1050.4264 	EXP 	noise_3: autoDraw = True
1050.4264 	EXP 	surround_grating: autoDraw = True
1050.4264 	EXP 	center_grating: autoDraw = True
1050.4988 	EXP 	noise_3: autoDraw = False
1050.4988 	EXP 	surround_grating: autoDraw = False
1050.4988 	EXP 	center_grating: autoDraw = False
1051.0468 	EXP 	New trial (rep=0, index=571): <Trial 571 (571 in rep 0) data={'center': 0, 'surround': -15.0, 'type': 'c+0', 'surr_type': 'negs', 'orient_opacity': 100, 'noise_opacity': 0, 'isi': 0.5, 'thisN': 571, 'thisTrialN': 571, 'thisRepN': 0}>
1051.0526 	DATA 	Keypress: period
1051.0582 	INFO 	Keyboard events cleared
1051.0577 	EXP 	noise_3: autoDraw = False
1051.0577 	EXP 	surround_grating: autoDraw = False
1051.0577 	EXP 	center_grating: autoDraw = False
1051.0577 	EXP 	text_2: autoDraw = False
1051.0577 	EXP 	surround_grating: ori = -15.0
1051.0577 	EXP 	surround_grating: sf = array([2.5, 2.5])
1051.0577 	EXP 	surround_grating: phase = array([0.21840518, 0.21840518])
1051.0577 	EXP 	center_grating: ori = 0.0
1051.0577 	EXP 	center_grating: sf = array([2.5, 2.5])
1051.0577 	EXP 	center_grating: phase = array([0.5517662, 0.5517662])
1051.5436 	EXP 	noise_3: autoDraw = True
1051.5436 	EXP 	surround_grating: autoDraw = True
1051.5436 	EXP 	center_grating: autoDraw = True
1051.6160 	EXP 	noise_3: autoDraw = False
1051.6160 	EXP 	surround_grating: autoDraw = False
1051.6160 	EXP 	center_grating: autoDraw = False
1052.1133 	EXP 	New trial (rep=0, index=572): <Trial 572 (572 in rep 0) data={'center': -2, 'surround': 15.0, 'type': 'c-2', 'surr_type': 'poss', 'orient_opacity': 100, 'noise_opacity': 0, 'isi': 1.25, 'thisN': 572, 'thisTrialN': 572, 'thisRepN': 0}>
1052.1184 	DATA 	Keypress: period
1052.1243 	INFO 	Keyboard events cleared
1052.1239 	EXP 	noise_3: autoDraw = False
1052.1239 	EXP 	surround_grating: autoDraw = False
1052.1239 	EXP 	center_grating: autoDraw = False
1052.1239 	EXP 	text_2: autoDraw = False
1052.1239 	EXP 	surround_grating: ori = 15.0
1052.1239 	EXP 	surround_grating: sf = array([2.5, 2.5])
1052.1239 	EXP 	surround_grating: phase = array([0.02111543, 0.02111543])
1052.1239 	EXP 	center_grating: ori = -2.0
1052.1239 	EXP 	center_grating: sf = array([2.5, 2.5])
1052.1239 	EXP 	center_grating: phase = array([0.72284305, 0.72284305])
1053.3606 	EXP 	noise_3: autoDraw = True
1053.3606 	EXP 	surround_grating: autoDraw = True
1053.3606 	EXP 	center_grating: autoDraw = True
1053.4328 	EXP 	noise_3: autoDraw = False
1053.4328 	EXP 	surround_grating: autoDraw = False
1053.4328 	EXP 	center_grating: autoDraw = False
1053.9458 	EXP 	New trial (rep=0, index=573): <Trial 573 (573 in rep 0) data={'center': -6, 'surround': -15.0, 'type': 'c-6', 'surr_type': 'negs', 'orient_opacity': 100, 'noise_opacity': 0, 'isi': 1.25, 'thisN': 573, 'thisTrialN': 573, 'thisRepN': 0}>
1053.9508 	DATA 	Keypress: z
1053.9567 	INFO 	Keyboard events cleared
1053.9562 	EXP 	noise_3: autoDraw = False
1053.9562 	EXP 	surround_grating: autoDraw = False
1053.9562 	EXP 	center_grating: autoDraw = False
1053.9562 	EXP 	text_2: autoDraw = False
1053.9562 	EXP 	surround_grating: ori = -15.0
1053.9562 	EXP 	surround_grating: sf = array([2.5, 2.5])
1053.9562 	EXP 	surround_grating: phase = array([0.96183743, 0.96183743])
1053.9562 	EXP 	center_grating: ori = -6.0
1053.9562 	EXP 	center_grating: sf = array([2.5, 2.5])
1053.9562 	EXP 	center_grating: phase = array([0.3937913, 0.3937913])
1055.1937 	EXP 	noise_3: autoDraw = True
1055.1937 	EXP 	surround_grating: autoDraw = True
1055.1937 	EXP 	center_grating: autoDraw = True
1055.2658 	EXP 	noise_3: autoDraw = False
1055.2658 	EXP 	surround_grating: autoDraw = False
1055.2658 	EXP 	center_grating: autoDraw = False
1055.7301 	EXP 	New trial (rep=0, index=574): <Trial 574 (574 in rep 0) data={'center': -2, 'surround': -15.0, 'type': 'c-2', 'surr_type': 'negs', 'orient_opacity': 100, 'noise_opacity': 0, 'isi': 1.0, 'thisN': 574, 'thisTrialN': 574, 'thisRepN': 0}>
1055.7353 	DATA 	Keypress: z
1055.7412 	INFO 	Keyboard events cleared
1055.7407 	EXP 	noise_3: autoDraw = False
1055.7407 	EXP 	surround_grating: autoDraw = False
1055.7407 	EXP 	center_grating: autoDraw = False
1055.7407 	EXP 	text_2: autoDraw = False
1055.7407 	EXP 	surround_grating: ori = -15.0
1055.7407 	EXP 	surround_grating: sf = array([2.5, 2.5])
1055.7407 	EXP 	surround_grating: phase = array([0.14895122, 0.14895122])
1055.7407 	EXP 	center_grating: ori = -2.0
1055.7407 	EXP 	center_grating: sf = array([2.5, 2.5])
1055.7407 	EXP 	center_grating: phase = array([0.54811766, 0.54811766])
1056.7271 	EXP 	noise_3: autoDraw = True
1056.7271 	EXP 	surround_grating: autoDraw = True
1056.7271 	EXP 	center_grating: autoDraw = True
1056.7994 	EXP 	noise_3: autoDraw = False
1056.7994 	EXP 	surround_grating: autoDraw = False
1056.7994 	EXP 	center_grating: autoDraw = False
1057.3015 	EXP 	New trial (rep=0, index=575): <Trial 575 (575 in rep 0) data={'center': 0, 'surround': -15.0, 'type': 'c+0', 'surr_type': 'negs', 'orient_opacity': 100, 'noise_opacity': 0, 'isi': 1.25, 'thisN': 575, 'thisTrialN': 575, 'thisRepN': 0}>
1057.3069 	DATA 	Keypress: period
1057.3132 	INFO 	Keyboard events cleared
1057.3127 	EXP 	noise_3: autoDraw = False
1057.3127 	EXP 	surround_grating: autoDraw = False
1057.3127 	EXP 	center_grating: autoDraw = False
1057.3127 	EXP 	text_2: autoDraw = False
1057.3127 	EXP 	surround_grating: ori = -15.0
1057.3127 	EXP 	surround_grating: sf = array([2.5, 2.5])
1057.3127 	EXP 	surround_grating: phase = array([0.97585841, 0.97585841])
1057.3127 	EXP 	center_grating: ori = 0.0
1057.3127 	EXP 	center_grating: sf = array([2.5, 2.5])
1057.3127 	EXP 	center_grating: phase = array([0.19239698, 0.19239698])
1058.5438 	EXP 	noise_3: autoDraw = True
1058.5438 	EXP 	surround_grating: autoDraw = True
1058.5438 	EXP 	center_grating: autoDraw = True
1058.6164 	EXP 	noise_3: autoDraw = False
1058.6164 	EXP 	surround_grating: autoDraw = False
1058.6164 	EXP 	center_grating: autoDraw = False
1059.0871 	EXP 	New trial (rep=0, index=576): <Trial 576 (576 in rep 0) data={'center': 2, 'surround': 15.0, 'type': 'c+2', 'surr_type': 'poss', 'orient_opacity': 100, 'noise_opacity': 0, 'isi': 0.5, 'thisN': 576, 'thisTrialN': 576, 'thisRepN': 0}>
1059.0923 	DATA 	Keypress: period
1059.0979 	INFO 	Keyboard events cleared
1059.0974 	EXP 	noise_3: autoDraw = False
1059.0974 	EXP 	surround_grating: autoDraw = False
1059.0974 	EXP 	center_grating: autoDraw = False
1059.0974 	EXP 	text_2: autoDraw = False
1059.0974 	EXP 	surround_grating: ori = 15.0
1059.0974 	EXP 	surround_grating: sf = array([2.5, 2.5])
1059.0974 	EXP 	surround_grating: phase = array([0.15268094, 0.15268094])
1059.0974 	EXP 	center_grating: ori = 2.0
1059.0974 	EXP 	center_grating: sf = array([2.5, 2.5])
1059.0974 	EXP 	center_grating: phase = array([0.57245237, 0.57245237])
1059.5866 	EXP 	noise_3: autoDraw = True
1059.5866 	EXP 	surround_grating: autoDraw = True
1059.5866 	EXP 	center_grating: autoDraw = True
1059.6599 	EXP 	noise_3: autoDraw = False
1059.6599 	EXP 	surround_grating: autoDraw = False
1059.6599 	EXP 	center_grating: autoDraw = False
1060.2308 	EXP 	New trial (rep=0, index=577): <Trial 577 (577 in rep 0) data={'center': 6, 'surround': 15.0, 'type': 'c+6', 'surr_type': 'poss', 'orient_opacity': 100, 'noise_opacity': 0, 'isi': 0.5, 'thisN': 577, 'thisTrialN': 577, 'thisRepN': 0}>
1060.2361 	DATA 	Keypress: z
1060.2423 	INFO 	Keyboard events cleared
1060.2418 	EXP 	noise_3: autoDraw = False
1060.2418 	EXP 	surround_grating: autoDraw = False
1060.2418 	EXP 	center_grating: autoDraw = False
1060.2418 	EXP 	text_2: autoDraw = False
1060.2418 	EXP 	surround_grating: ori = 15.0
1060.2418 	EXP 	surround_grating: sf = array([2.5, 2.5])
1060.2418 	EXP 	surround_grating: phase = array([0.66781646, 0.66781646])
1060.2418 	EXP 	center_grating: ori = 6.0
1060.2418 	EXP 	center_grating: sf = array([2.5, 2.5])
1060.2418 	EXP 	center_grating: phase = array([0.91041653, 0.91041653])
1060.7271 	EXP 	noise_3: autoDraw = True
1060.7271 	EXP 	surround_grating: autoDraw = True
1060.7271 	EXP 	center_grating: autoDraw = True
1060.8003 	EXP 	noise_3: autoDraw = False
1060.8003 	EXP 	surround_grating: autoDraw = False
1060.8003 	EXP 	center_grating: autoDraw = False
1061.4970 	EXP 	New trial (rep=0, index=578): <Trial 578 (578 in rep 0) data={'center': 2, 'surround': 15.0, 'type': 'c+2', 'surr_type': 'poss', 'orient_opacity': 100, 'noise_opacity': 0, 'isi': 0.75, 'thisN': 578, 'thisTrialN': 578, 'thisRepN': 0}>
1061.5028 	DATA 	Keypress: z
1061.5087 	INFO 	Keyboard events cleared
1061.5082 	EXP 	noise_3: autoDraw = False
1061.5082 	EXP 	surround_grating: autoDraw = False
1061.5082 	EXP 	center_grating: autoDraw = False
1061.5082 	EXP 	text_2: autoDraw = False
1061.5082 	EXP 	surround_grating: ori = 15.0
1061.5082 	EXP 	surround_grating: sf = array([2.5, 2.5])
1061.5082 	EXP 	surround_grating: phase = array([0.0513422, 0.0513422])
1061.5082 	EXP 	center_grating: ori = 2.0
1061.5082 	EXP 	center_grating: sf = array([2.5, 2.5])
1061.5082 	EXP 	center_grating: phase = array([0.15701398, 0.15701398])
1061.6048 	DATA 	Keypress: period
1061.6117 	EXP 	New trial (rep=0, index=579): <Trial 579 (579 in rep 0) data={'center': 0, 'surround': 15.0, 'type': 'c+0', 'surr_type': 'poss', 'orient_opacity': 100, 'noise_opacity': 0, 'isi': 1.25, 'thisN': 579, 'thisTrialN': 579, 'thisRepN': 0}>
1061.6209 	INFO 	Keyboard events cleared
1061.6205 	EXP 	noise_3: autoDraw = False
1061.6205 	EXP 	surround_grating: autoDraw = False
1061.6205 	EXP 	center_grating: autoDraw = False
1061.6205 	EXP 	text_2: autoDraw = False
1061.6205 	EXP 	surround_grating: ori = 15.0
1061.6205 	EXP 	surround_grating: sf = array([2.5, 2.5])
1061.6205 	EXP 	surround_grating: phase = array([0.87331492, 0.87331492])
1061.6205 	EXP 	center_grating: ori = 0.0
1061.6205 	EXP 	center_grating: sf = array([2.5, 2.5])
1061.6205 	EXP 	center_grating: phase = array([0.35578702, 0.35578702])
1062.8539 	EXP 	noise_3: autoDraw = True
1062.8539 	EXP 	surround_grating: autoDraw = True
1062.8539 	EXP 	center_grating: autoDraw = True
1062.9277 	EXP 	noise_3: autoDraw = False
1062.9277 	EXP 	surround_grating: autoDraw = False
1062.9277 	EXP 	center_grating: autoDraw = False
1063.4309 	EXP 	New trial (rep=0, index=580): <Trial 580 (580 in rep 0) data={'center': -4, 'surround': -15.0, 'type': 'c-4', 'surr_type': 'negs', 'orient_opacity': 100, 'noise_opacity': 0, 'isi': 1.25, 'thisN': 580, 'thisTrialN': 580, 'thisRepN': 0}>
1063.4361 	DATA 	Keypress: z
1063.4423 	INFO 	Keyboard events cleared
1063.4419 	EXP 	noise_3: autoDraw = False
1063.4419 	EXP 	surround_grating: autoDraw = False
1063.4419 	EXP 	center_grating: autoDraw = False
1063.4419 	EXP 	text_2: autoDraw = False
1063.4419 	EXP 	surround_grating: ori = -15.0
1063.4419 	EXP 	surround_grating: sf = array([2.5, 2.5])
1063.4419 	EXP 	surround_grating: phase = array([0.60458001, 0.60458001])
1063.4419 	EXP 	center_grating: ori = -4.0
1063.4419 	EXP 	center_grating: sf = array([2.5, 2.5])
1063.4419 	EXP 	center_grating: phase = array([0.49947229, 0.49947229])
1064.6774 	EXP 	noise_3: autoDraw = True
1064.6774 	EXP 	surround_grating: autoDraw = True
1064.6774 	EXP 	center_grating: autoDraw = True
1064.7502 	EXP 	noise_3: autoDraw = False
1064.7502 	EXP 	surround_grating: autoDraw = False
1064.7502 	EXP 	center_grating: autoDraw = False
1065.2699 	EXP 	New trial (rep=0, index=581): <Trial 581 (581 in rep 0) data={'center': 4, 'surround': 0.0, 'type': 'c+4', 'surr_type': 'noss', 'orient_opacity': 0, 'noise_opacity': 100, 'isi': 0.5, 'thisN': 581, 'thisTrialN': 581, 'thisRepN': 0}>
1065.2748 	DATA 	Keypress: z
1065.2809 	INFO 	Keyboard events cleared
1065.2803 	EXP 	noise_3: autoDraw = False
1065.2803 	EXP 	surround_grating: autoDraw = False
1065.2803 	EXP 	center_grating: autoDraw = False
1065.2803 	EXP 	text_2: autoDraw = False
1065.2803 	EXP 	surround_grating: ori = 0.0
1065.2803 	EXP 	surround_grating: sf = array([2.5, 2.5])
1065.2803 	EXP 	surround_grating: phase = array([0.4131972, 0.4131972])
1065.2803 	EXP 	center_grating: ori = 4.0
1065.2803 	EXP 	center_grating: sf = array([2.5, 2.5])
1065.2803 	EXP 	center_grating: phase = array([0.17334615, 0.17334615])
1065.7703 	EXP 	noise_3: autoDraw = True
1065.7703 	EXP 	surround_grating: autoDraw = True
1065.7703 	EXP 	center_grating: autoDraw = True
1065.8446 	EXP 	noise_3: autoDraw = False
1065.8446 	EXP 	surround_grating: autoDraw = False
1065.8446 	EXP 	center_grating: autoDraw = False
1066.3139 	EXP 	New trial (rep=0, index=582): <Trial 582 (582 in rep 0) data={'center': 0, 'surround': 0.0, 'type': 'c+0', 'surr_type': 'noss', 'orient_opacity': 0, 'noise_opacity': 100, 'isi': 0.5, 'thisN': 582, 'thisTrialN': 582, 'thisRepN': 0}>
1066.3204 	DATA 	Keypress: period
1066.3263 	INFO 	Keyboard events cleared
1066.3259 	EXP 	noise_3: autoDraw = False
1066.3259 	EXP 	surround_grating: autoDraw = False
1066.3259 	EXP 	center_grating: autoDraw = False
1066.3259 	EXP 	text_2: autoDraw = False
1066.3259 	EXP 	surround_grating: ori = 0.0
1066.3259 	EXP 	surround_grating: sf = array([2.5, 2.5])
1066.3259 	EXP 	surround_grating: phase = array([0.09562459, 0.09562459])
1066.3259 	EXP 	center_grating: ori = 0.0
1066.3259 	EXP 	center_grating: sf = array([2.5, 2.5])
1066.3259 	EXP 	center_grating: phase = array([0.87469334, 0.87469334])
1066.8108 	EXP 	noise_3: autoDraw = True
1066.8108 	EXP 	surround_grating: autoDraw = True
1066.8108 	EXP 	center_grating: autoDraw = True
1066.8829 	EXP 	noise_3: autoDraw = False
1066.8829 	EXP 	surround_grating: autoDraw = False
1066.8829 	EXP 	center_grating: autoDraw = False
1067.4140 	EXP 	New trial (rep=0, index=583): <Trial 583 (583 in rep 0) data={'center': 8, 'surround': 15.0, 'type': 'c+8', 'surr_type': 'poss', 'orient_opacity': 100, 'noise_opacity': 0, 'isi': 0.75, 'thisN': 583, 'thisTrialN': 583, 'thisRepN': 0}>
1067.4197 	DATA 	Keypress: z
1067.4258 	INFO 	Keyboard events cleared
1067.4254 	EXP 	noise_3: autoDraw = False
1067.4254 	EXP 	surround_grating: autoDraw = False
1067.4254 	EXP 	center_grating: autoDraw = False
1067.4254 	EXP 	text_2: autoDraw = False
1067.4254 	EXP 	surround_grating: ori = 15.0
1067.4254 	EXP 	surround_grating: sf = array([2.5, 2.5])
1067.4254 	EXP 	surround_grating: phase = array([0.4294018, 0.4294018])
1067.4254 	EXP 	center_grating: ori = 8.0
1067.4254 	EXP 	center_grating: sf = array([2.5, 2.5])
1067.4254 	EXP 	center_grating: phase = array([0.33379249, 0.33379249])
1068.1609 	EXP 	noise_3: autoDraw = True
1068.1609 	EXP 	surround_grating: autoDraw = True
1068.1609 	EXP 	center_grating: autoDraw = True
1068.2330 	EXP 	noise_3: autoDraw = False
1068.2330 	EXP 	surround_grating: autoDraw = False
1068.2330 	EXP 	center_grating: autoDraw = False
1068.6309 	EXP 	New trial (rep=0, index=584): <Trial 584 (584 in rep 0) data={'center': 0, 'surround': 0.0, 'type': 'c+0', 'surr_type': 'noss', 'orient_opacity': 0, 'noise_opacity': 100, 'isi': 1.25, 'thisN': 584, 'thisTrialN': 584, 'thisRepN': 0}>
1068.6360 	DATA 	Keypress: period
1068.6447 	INFO 	Keyboard events cleared
1068.6443 	EXP 	noise_3: autoDraw = False
1068.6443 	EXP 	surround_grating: autoDraw = False
1068.6443 	EXP 	center_grating: autoDraw = False
1068.6443 	EXP 	text_2: autoDraw = False
1068.6443 	EXP 	surround_grating: ori = 0.0
1068.6443 	EXP 	surround_grating: sf = array([2.5, 2.5])
1068.6443 	EXP 	surround_grating: phase = array([0.90525747, 0.90525747])
1068.6443 	EXP 	center_grating: ori = 0.0
1068.6443 	EXP 	center_grating: sf = array([2.5, 2.5])
1068.6443 	EXP 	center_grating: phase = array([0.98019117, 0.98019117])
1069.8775 	EXP 	noise_3: autoDraw = True
1069.8775 	EXP 	surround_grating: autoDraw = True
1069.8775 	EXP 	center_grating: autoDraw = True
1069.9502 	EXP 	noise_3: autoDraw = False
1069.9502 	EXP 	surround_grating: autoDraw = False
1069.9502 	EXP 	center_grating: autoDraw = False
1070.5482 	EXP 	New trial (rep=0, index=585): <Trial 585 (585 in rep 0) data={'center': -2, 'surround': 0.0, 'type': 'c-2', 'surr_type': 'noss', 'orient_opacity': 0, 'noise_opacity': 100, 'isi': 0.5, 'thisN': 585, 'thisTrialN': 585, 'thisRepN': 0}>
1070.5538 	DATA 	Keypress: period
1070.5597 	INFO 	Keyboard events cleared
1070.5593 	EXP 	noise_3: autoDraw = False
1070.5593 	EXP 	surround_grating: autoDraw = False
1070.5593 	EXP 	center_grating: autoDraw = False
1070.5593 	EXP 	text_2: autoDraw = False
1070.5593 	EXP 	surround_grating: ori = 0.0
1070.5593 	EXP 	surround_grating: sf = array([2.5, 2.5])
1070.5593 	EXP 	surround_grating: phase = array([0.28066521, 0.28066521])
1070.5593 	EXP 	center_grating: ori = -2.0
1070.5593 	EXP 	center_grating: sf = array([2.5, 2.5])
1070.5593 	EXP 	center_grating: phase = array([0.25548326, 0.25548326])
1070.5802 	EXP 	New trial (rep=0, index=586): <Trial 586 (586 in rep 0) data={'center': -4, 'surround': -15.0, 'type': 'c-4', 'surr_type': 'negs', 'orient_opacity': 100, 'noise_opacity': 0, 'isi': 1.0, 'thisN': 586, 'thisTrialN': 586, 'thisRepN': 0}>
1070.5849 	DATA 	Keypress: z
1070.5911 	INFO 	Keyboard events cleared
1070.5904 	EXP 	noise_3: autoDraw = False
1070.5904 	EXP 	surround_grating: autoDraw = False
1070.5904 	EXP 	center_grating: autoDraw = False
1070.5904 	EXP 	text_2: autoDraw = False
1070.5904 	EXP 	surround_grating: ori = -15.0
1070.5904 	EXP 	surround_grating: sf = array([2.5, 2.5])
1070.5904 	EXP 	surround_grating: phase = array([0.33871109, 0.33871109])
1070.5904 	EXP 	center_grating: ori = -4.0
1070.5904 	EXP 	center_grating: sf = array([2.5, 2.5])
1070.5904 	EXP 	center_grating: phase = array([0.04885921, 0.04885921])
1071.5776 	EXP 	noise_3: autoDraw = True
1071.5776 	EXP 	surround_grating: autoDraw = True
1071.5776 	EXP 	center_grating: autoDraw = True
1071.6497 	EXP 	noise_3: autoDraw = False
1071.6497 	EXP 	surround_grating: autoDraw = False
1071.6497 	EXP 	center_grating: autoDraw = False
1072.2477 	EXP 	New trial (rep=0, index=587): <Trial 587 (587 in rep 0) data={'center': 0, 'surround': -15.0, 'type': 'c+0', 'surr_type': 'negs', 'orient_opacity': 100, 'noise_opacity': 0, 'isi': 0.5, 'thisN': 587, 'thisTrialN': 587, 'thisRepN': 0}>
1072.2534 	DATA 	Keypress: period
1072.2556 	DATA 	Keypress: z
1072.2612 	INFO 	Keyboard events cleared
1072.2607 	EXP 	noise_3: autoDraw = False
1072.2607 	EXP 	surround_grating: autoDraw = False
1072.2607 	EXP 	center_grating: autoDraw = False
1072.2607 	EXP 	text_2: autoDraw = False
1072.2607 	EXP 	surround_grating: ori = -15.0
1072.2607 	EXP 	surround_grating: sf = array([2.5, 2.5])
1072.2607 	EXP 	surround_grating: phase = array([0.49237538, 0.49237538])
1072.2607 	EXP 	center_grating: ori = 0.0
1072.2607 	EXP 	center_grating: sf = array([2.5, 2.5])
1072.2607 	EXP 	center_grating: phase = array([0.16011627, 0.16011627])
1072.4466 	EXP 	New trial (rep=0, index=588): <Trial 588 (588 in rep 0) data={'center': 2, 'surround': -15.0, 'type': 'c+2', 'surr_type': 'negs', 'orient_opacity': 100, 'noise_opacity': 0, 'isi': 0.5, 'thisN': 588, 'thisTrialN': 588, 'thisRepN': 0}>
1072.4551 	INFO 	Keyboard events cleared
1072.4547 	EXP 	noise_3: autoDraw = False
1072.4547 	EXP 	surround_grating: autoDraw = False
1072.4547 	EXP 	center_grating: autoDraw = False
1072.4547 	EXP 	text_2: autoDraw = False
1072.4547 	EXP 	surround_grating: ori = -15.0
1072.4547 	EXP 	surround_grating: sf = array([2.5, 2.5])
1072.4547 	EXP 	surround_grating: phase = array([0.46850834, 0.46850834])
1072.4547 	EXP 	center_grating: ori = 2.0
1072.4547 	EXP 	center_grating: sf = array([2.5, 2.5])
1072.4547 	EXP 	center_grating: phase = array([0.77512656, 0.77512656])
1072.9443 	EXP 	noise_3: autoDraw = True
1072.9443 	EXP 	surround_grating: autoDraw = True
1072.9443 	EXP 	center_grating: autoDraw = True
1073.0171 	EXP 	noise_3: autoDraw = False
1073.0171 	EXP 	surround_grating: autoDraw = False
1073.0171 	EXP 	center_grating: autoDraw = False
1073.4649 	EXP 	New trial (rep=0, index=589): <Trial 589 (589 in rep 0) data={'center': 2, 'surround': 15.0, 'type': 'c+2', 'surr_type': 'poss', 'orient_opacity': 100, 'noise_opacity': 0, 'isi': 0.75, 'thisN': 589, 'thisTrialN': 589, 'thisRepN': 0}>
1073.4711 	DATA 	Keypress: period
1073.4772 	INFO 	Keyboard events cleared
1073.4767 	EXP 	noise_3: autoDraw = False
1073.4767 	EXP 	surround_grating: autoDraw = False
1073.4767 	EXP 	center_grating: autoDraw = False
1073.4767 	EXP 	text_2: autoDraw = False
1073.4767 	EXP 	surround_grating: ori = 15.0
1073.4767 	EXP 	surround_grating: sf = array([2.5, 2.5])
1073.4767 	EXP 	surround_grating: phase = array([0.55571908, 0.55571908])
1073.4767 	EXP 	center_grating: ori = 2.0
1073.4767 	EXP 	center_grating: sf = array([2.5, 2.5])
1073.4767 	EXP 	center_grating: phase = array([0.57631853, 0.57631853])
1074.2111 	EXP 	noise_3: autoDraw = True
1074.2111 	EXP 	surround_grating: autoDraw = True
1074.2111 	EXP 	center_grating: autoDraw = True
1074.2831 	EXP 	noise_3: autoDraw = False
1074.2831 	EXP 	surround_grating: autoDraw = False
1074.2831 	EXP 	center_grating: autoDraw = False
1074.8145 	EXP 	New trial (rep=0, index=590): <Trial 590 (590 in rep 0) data={'center': -2, 'surround': 15.0, 'type': 'c-2', 'surr_type': 'poss', 'orient_opacity': 100, 'noise_opacity': 0, 'isi': 1.25, 'thisN': 590, 'thisTrialN': 590, 'thisRepN': 0}>
1074.8206 	DATA 	Keypress: period
1074.8268 	INFO 	Keyboard events cleared
1074.8264 	EXP 	noise_3: autoDraw = False
1074.8264 	EXP 	surround_grating: autoDraw = False
1074.8264 	EXP 	center_grating: autoDraw = False
1074.8264 	EXP 	text_2: autoDraw = False
1074.8264 	EXP 	surround_grating: ori = 15.0
1074.8264 	EXP 	surround_grating: sf = array([2.5, 2.5])
1074.8264 	EXP 	surround_grating: phase = array([0.52623633, 0.52623633])
1074.8264 	EXP 	center_grating: ori = -2.0
1074.8264 	EXP 	center_grating: sf = array([2.5, 2.5])
1074.8264 	EXP 	center_grating: phase = array([0.15407406, 0.15407406])
1076.0613 	EXP 	noise_3: autoDraw = True
1076.0613 	EXP 	surround_grating: autoDraw = True
1076.0613 	EXP 	center_grating: autoDraw = True
1076.1332 	EXP 	noise_3: autoDraw = False
1076.1332 	EXP 	surround_grating: autoDraw = False
1076.1332 	EXP 	center_grating: autoDraw = False
1076.6875 	EXP 	New trial (rep=0, index=591): <Trial 591 (591 in rep 0) data={'center': -2, 'surround': 0.0, 'type': 'c-2', 'surr_type': 'noss', 'orient_opacity': 0, 'noise_opacity': 100, 'isi': 0.75, 'thisN': 591, 'thisTrialN': 591, 'thisRepN': 0}>
1076.6928 	DATA 	Keypress: z
1076.6983 	INFO 	Keyboard events cleared
1076.6978 	EXP 	noise_3: autoDraw = False
1076.6978 	EXP 	surround_grating: autoDraw = False
1076.6978 	EXP 	center_grating: autoDraw = False
1076.6978 	EXP 	text_2: autoDraw = False
1076.6978 	EXP 	surround_grating: ori = 0.0
1076.6978 	EXP 	surround_grating: sf = array([2.5, 2.5])
1076.6978 	EXP 	surround_grating: phase = array([0.09620262, 0.09620262])
1076.6978 	EXP 	center_grating: ori = -2.0
1076.6978 	EXP 	center_grating: sf = array([2.5, 2.5])
1076.6978 	EXP 	center_grating: phase = array([0.80045386, 0.80045386])
1077.4371 	EXP 	noise_3: autoDraw = True
1077.4371 	EXP 	surround_grating: autoDraw = True
1077.4371 	EXP 	center_grating: autoDraw = True
1077.5116 	EXP 	noise_3: autoDraw = False
1077.5116 	EXP 	surround_grating: autoDraw = False
1077.5116 	EXP 	center_grating: autoDraw = False
1078.0642 	EXP 	New trial (rep=0, index=592): <Trial 592 (592 in rep 0) data={'center': -6, 'surround': -15.0, 'type': 'c-6', 'surr_type': 'negs', 'orient_opacity': 100, 'noise_opacity': 0, 'isi': 1.25, 'thisN': 592, 'thisTrialN': 592, 'thisRepN': 0}>
1078.0694 	DATA 	Keypress: z
1078.0754 	INFO 	Keyboard events cleared
1078.0749 	EXP 	noise_3: autoDraw = False
1078.0749 	EXP 	surround_grating: autoDraw = False
1078.0749 	EXP 	center_grating: autoDraw = False
1078.0749 	EXP 	text_2: autoDraw = False
1078.0749 	EXP 	surround_grating: ori = -15.0
1078.0749 	EXP 	surround_grating: sf = array([2.5, 2.5])
1078.0749 	EXP 	surround_grating: phase = array([0.14757335, 0.14757335])
1078.0749 	EXP 	center_grating: ori = -6.0
1078.0749 	EXP 	center_grating: sf = array([2.5, 2.5])
1078.0749 	EXP 	center_grating: phase = array([0.62353438, 0.62353438])
1079.3113 	EXP 	noise_3: autoDraw = True
1079.3113 	EXP 	surround_grating: autoDraw = True
1079.3113 	EXP 	center_grating: autoDraw = True
1079.3832 	EXP 	noise_3: autoDraw = False
1079.3832 	EXP 	surround_grating: autoDraw = False
1079.3832 	EXP 	center_grating: autoDraw = False
1079.7866 	EXP 	New trial (rep=0, index=593): <Trial 593 (593 in rep 0) data={'center': -2, 'surround': -15.0, 'type': 'c-2', 'surr_type': 'negs', 'orient_opacity': 100, 'noise_opacity': 0, 'isi': 0.5, 'thisN': 593, 'thisTrialN': 593, 'thisRepN': 0}>
1079.7916 	DATA 	Keypress: z
1079.7977 	INFO 	Keyboard events cleared
1079.7973 	EXP 	noise_3: autoDraw = False
1079.7973 	EXP 	surround_grating: autoDraw = False
1079.7973 	EXP 	center_grating: autoDraw = False
1079.7973 	EXP 	text_2: autoDraw = False
1079.7973 	EXP 	surround_grating: ori = -15.0
1079.7973 	EXP 	surround_grating: sf = array([2.5, 2.5])
1079.7973 	EXP 	surround_grating: phase = array([0.81191391, 0.81191391])
1079.7973 	EXP 	center_grating: ori = -2.0
1079.7973 	EXP 	center_grating: sf = array([2.5, 2.5])
1079.7973 	EXP 	center_grating: phase = array([0.24462562, 0.24462562])
1080.2870 	EXP 	noise_3: autoDraw = True
1080.2870 	EXP 	surround_grating: autoDraw = True
1080.2870 	EXP 	center_grating: autoDraw = True
1080.3617 	EXP 	noise_3: autoDraw = False
1080.3617 	EXP 	surround_grating: autoDraw = False
1080.3617 	EXP 	center_grating: autoDraw = False
1081.0812 	EXP 	New trial (rep=0, index=594): <Trial 594 (594 in rep 0) data={'center': 2, 'surround': 15.0, 'type': 'c+2', 'surr_type': 'poss', 'orient_opacity': 100, 'noise_opacity': 0, 'isi': 0.5, 'thisN': 594, 'thisTrialN': 594, 'thisRepN': 0}>
1081.0867 	DATA 	Keypress: period
1081.0930 	INFO 	Keyboard events cleared
1081.0924 	EXP 	noise_3: autoDraw = False
1081.0924 	EXP 	surround_grating: autoDraw = False
1081.0924 	EXP 	center_grating: autoDraw = False
1081.0924 	EXP 	text_2: autoDraw = False
1081.0924 	EXP 	surround_grating: ori = 15.0
1081.0924 	EXP 	surround_grating: sf = array([2.5, 2.5])
1081.0924 	EXP 	surround_grating: phase = array([0.71433486, 0.71433486])
1081.0924 	EXP 	center_grating: ori = 2.0
1081.0924 	EXP 	center_grating: sf = array([2.5, 2.5])
1081.0924 	EXP 	center_grating: phase = array([0.89817626, 0.89817626])
1081.5779 	EXP 	noise_3: autoDraw = True
1081.5779 	EXP 	surround_grating: autoDraw = True
1081.5779 	EXP 	center_grating: autoDraw = True
1081.6504 	EXP 	noise_3: autoDraw = False
1081.6504 	EXP 	surround_grating: autoDraw = False
1081.6504 	EXP 	center_grating: autoDraw = False
1082.2038 	EXP 	New trial (rep=0, index=595): <Trial 595 (595 in rep 0) data={'center': 4, 'surround': 15.0, 'type': 'c+4', 'surr_type': 'poss', 'orient_opacity': 100, 'noise_opacity': 0, 'isi': 0.5, 'thisN': 595, 'thisTrialN': 595, 'thisRepN': 0}>
1082.2093 	DATA 	Keypress: period
1082.2148 	INFO 	Keyboard events cleared
1082.2142 	EXP 	noise_3: autoDraw = False
1082.2142 	EXP 	surround_grating: autoDraw = False
1082.2142 	EXP 	center_grating: autoDraw = False
1082.2142 	EXP 	text_2: autoDraw = False
1082.2142 	EXP 	surround_grating: ori = 15.0
1082.2142 	EXP 	surround_grating: sf = array([2.5, 2.5])
1082.2142 	EXP 	surround_grating: phase = array([0.92506867, 0.92506867])
1082.2142 	EXP 	center_grating: ori = 4.0
1082.2142 	EXP 	center_grating: sf = array([2.5, 2.5])
1082.2142 	EXP 	center_grating: phase = array([0.35546079, 0.35546079])
1082.7042 	EXP 	noise_3: autoDraw = True
1082.7042 	EXP 	surround_grating: autoDraw = True
1082.7042 	EXP 	center_grating: autoDraw = True
1082.7785 	EXP 	noise_3: autoDraw = False
1082.7785 	EXP 	surround_grating: autoDraw = False
1082.7785 	EXP 	center_grating: autoDraw = False
1083.2142 	EXP 	New trial (rep=0, index=596): <Trial 596 (596 in rep 0) data={'center': -2, 'surround': 0.0, 'type': 'c-2', 'surr_type': 'noss', 'orient_opacity': 0, 'noise_opacity': 100, 'isi': 0.5, 'thisN': 596, 'thisTrialN': 596, 'thisRepN': 0}>
1083.2192 	DATA 	Keypress: period
1083.2253 	INFO 	Keyboard events cleared
1083.2246 	EXP 	noise_3: autoDraw = False
1083.2246 	EXP 	surround_grating: autoDraw = False
1083.2246 	EXP 	center_grating: autoDraw = False
1083.2246 	EXP 	text_2: autoDraw = False
1083.2246 	EXP 	surround_grating: ori = 0.0
1083.2246 	EXP 	surround_grating: sf = array([2.5, 2.5])
1083.2246 	EXP 	surround_grating: phase = array([0.15243669, 0.15243669])
1083.2246 	EXP 	center_grating: ori = -2.0
1083.2246 	EXP 	center_grating: sf = array([2.5, 2.5])
1083.2246 	EXP 	center_grating: phase = array([0.93618701, 0.93618701])
1083.7113 	EXP 	noise_3: autoDraw = True
1083.7113 	EXP 	surround_grating: autoDraw = True
1083.7113 	EXP 	center_grating: autoDraw = True
1083.7851 	EXP 	noise_3: autoDraw = False
1083.7851 	EXP 	surround_grating: autoDraw = False
1083.7851 	EXP 	center_grating: autoDraw = False
1084.2817 	EXP 	New trial (rep=0, index=597): <Trial 597 (597 in rep 0) data={'center': -2, 'surround': 15.0, 'type': 'c-2', 'surr_type': 'poss', 'orient_opacity': 100, 'noise_opacity': 0, 'isi': 1.0, 'thisN': 597, 'thisTrialN': 597, 'thisRepN': 0}>
1084.2871 	DATA 	Keypress: z
1084.2931 	INFO 	Keyboard events cleared
1084.2925 	EXP 	noise_3: autoDraw = False
1084.2925 	EXP 	surround_grating: autoDraw = False
1084.2925 	EXP 	center_grating: autoDraw = False
1084.2925 	EXP 	text_2: autoDraw = False
1084.2925 	EXP 	surround_grating: ori = 15.0
1084.2925 	EXP 	surround_grating: sf = array([2.5, 2.5])
1084.2925 	EXP 	surround_grating: phase = array([0.89760745, 0.89760745])
1084.2925 	EXP 	center_grating: ori = -2.0
1084.2925 	EXP 	center_grating: sf = array([2.5, 2.5])
1084.2925 	EXP 	center_grating: phase = array([0.91961437, 0.91961437])
1085.2774 	EXP 	noise_3: autoDraw = True
1085.2774 	EXP 	surround_grating: autoDraw = True
1085.2774 	EXP 	center_grating: autoDraw = True
1085.3509 	EXP 	noise_3: autoDraw = False
1085.3509 	EXP 	surround_grating: autoDraw = False
1085.3509 	EXP 	center_grating: autoDraw = False
1085.7981 	EXP 	New trial (rep=0, index=598): <Trial 598 (598 in rep 0) data={'center': -2, 'surround': 15.0, 'type': 'c-2', 'surr_type': 'poss', 'orient_opacity': 100, 'noise_opacity': 0, 'isi': 1.0, 'thisN': 598, 'thisTrialN': 598, 'thisRepN': 0}>
1085.8035 	DATA 	Keypress: z
1085.8095 	INFO 	Keyboard events cleared
1085.8089 	EXP 	noise_3: autoDraw = False
1085.8089 	EXP 	surround_grating: autoDraw = False
1085.8089 	EXP 	center_grating: autoDraw = False
1085.8089 	EXP 	text_2: autoDraw = False
1085.8089 	EXP 	surround_grating: ori = 15.0
1085.8089 	EXP 	surround_grating: sf = array([2.5, 2.5])
1085.8089 	EXP 	surround_grating: phase = array([0.17237942, 0.17237942])
1085.8089 	EXP 	center_grating: ori = -2.0
1085.8089 	EXP 	center_grating: sf = array([2.5, 2.5])
1085.8089 	EXP 	center_grating: phase = array([0.09742247, 0.09742247])
1086.7948 	EXP 	noise_3: autoDraw = True
1086.7948 	EXP 	surround_grating: autoDraw = True
1086.7948 	EXP 	center_grating: autoDraw = True
1086.8680 	EXP 	noise_3: autoDraw = False
1086.8680 	EXP 	surround_grating: autoDraw = False
1086.8680 	EXP 	center_grating: autoDraw = False
1087.3209 	EXP 	New trial (rep=0, index=599): <Trial 599 (599 in rep 0) data={'center': -6, 'surround': -15.0, 'type': 'c-6', 'surr_type': 'negs', 'orient_opacity': 100, 'noise_opacity': 0, 'isi': 1.0, 'thisN': 599, 'thisTrialN': 599, 'thisRepN': 0}>
1087.3263 	DATA 	Keypress: z
1087.3320 	INFO 	Keyboard events cleared
1087.3313 	EXP 	noise_3: autoDraw = False
1087.3313 	EXP 	surround_grating: autoDraw = False
1087.3313 	EXP 	center_grating: autoDraw = False
1087.3313 	EXP 	text_2: autoDraw = False
1087.3313 	EXP 	surround_grating: ori = -15.0
1087.3313 	EXP 	surround_grating: sf = array([2.5, 2.5])
1087.3313 	EXP 	surround_grating: phase = array([0.59609307, 0.59609307])
1087.3313 	EXP 	center_grating: ori = -6.0
1087.3313 	EXP 	center_grating: sf = array([2.5, 2.5])
1087.3313 	EXP 	center_grating: phase = array([0.45662963, 0.45662963])
1088.3209 	EXP 	noise_3: autoDraw = True
1088.3209 	EXP 	surround_grating: autoDraw = True
1088.3209 	EXP 	center_grating: autoDraw = True
1088.3954 	EXP 	noise_3: autoDraw = False
1088.3954 	EXP 	surround_grating: autoDraw = False
1088.3954 	EXP 	center_grating: autoDraw = False
1088.8034 	EXP 	New trial (rep=0, index=600): <Trial 600 (600 in rep 0) data={'center': 4, 'surround': 0.0, 'type': 'c+4', 'surr_type': 'noss', 'orient_opacity': 0, 'noise_opacity': 100, 'isi': 0.75, 'thisN': 600, 'thisTrialN': 600, 'thisRepN': 0}>
1088.8089 	DATA 	Keypress: z
1088.8150 	INFO 	Keyboard events cleared
1088.8145 	EXP 	noise_3: autoDraw = False
1088.8145 	EXP 	surround_grating: autoDraw = False
1088.8145 	EXP 	center_grating: autoDraw = False
1088.8145 	EXP 	text_2: autoDraw = False
1088.8145 	EXP 	surround_grating: ori = 0.0
1088.8145 	EXP 	surround_grating: sf = array([2.5, 2.5])
1088.8145 	EXP 	surround_grating: phase = array([0.44736666, 0.44736666])
1088.8145 	EXP 	center_grating: ori = 4.0
1088.8145 	EXP 	center_grating: sf = array([2.5, 2.5])
1088.8145 	EXP 	center_grating: phase = array([0.77462072, 0.77462072])
1089.5555 	EXP 	noise_3: autoDraw = True
1089.5555 	EXP 	surround_grating: autoDraw = True
1089.5555 	EXP 	center_grating: autoDraw = True
1089.6289 	EXP 	noise_3: autoDraw = False
1089.6289 	EXP 	surround_grating: autoDraw = False
1089.6289 	EXP 	center_grating: autoDraw = False
1090.0489 	EXP 	New trial (rep=0, index=601): <Trial 601 (601 in rep 0) data={'center': 2, 'surround': -15.0, 'type': 'c+2', 'surr_type': 'negs', 'orient_opacity': 100, 'noise_opacity': 0, 'isi': 0.75, 'thisN': 601, 'thisTrialN': 601, 'thisRepN': 0}>
1090.0547 	DATA 	Keypress: period
1090.0610 	INFO 	Keyboard events cleared
1090.0605 	EXP 	noise_3: autoDraw = False
1090.0605 	EXP 	surround_grating: autoDraw = False
1090.0605 	EXP 	center_grating: autoDraw = False
1090.0605 	EXP 	text_2: autoDraw = False
1090.0605 	EXP 	surround_grating: ori = -15.0
1090.0605 	EXP 	surround_grating: sf = array([2.5, 2.5])
1090.0605 	EXP 	surround_grating: phase = array([0.16117782, 0.16117782])
1090.0605 	EXP 	center_grating: ori = 2.0
1090.0605 	EXP 	center_grating: sf = array([2.5, 2.5])
1090.0605 	EXP 	center_grating: phase = array([0.22681588, 0.22681588])
1090.7953 	EXP 	noise_3: autoDraw = True
1090.7953 	EXP 	surround_grating: autoDraw = True
1090.7953 	EXP 	center_grating: autoDraw = True
1090.8674 	EXP 	noise_3: autoDraw = False
1090.8674 	EXP 	surround_grating: autoDraw = False
1090.8674 	EXP 	center_grating: autoDraw = False
1091.2818 	EXP 	New trial (rep=0, index=602): <Trial 602 (602 in rep 0) data={'center': 0, 'surround': -15.0, 'type': 'c+0', 'surr_type': 'negs', 'orient_opacity': 100, 'noise_opacity': 0, 'isi': 0.5, 'thisN': 602, 'thisTrialN': 602, 'thisRepN': 0}>
1091.2879 	DATA 	Keypress: period
1091.2940 	INFO 	Keyboard events cleared
1091.2934 	EXP 	noise_3: autoDraw = False
1091.2934 	EXP 	surround_grating: autoDraw = False
1091.2934 	EXP 	center_grating: autoDraw = False
1091.2934 	EXP 	text_2: autoDraw = False
1091.2934 	EXP 	surround_grating: ori = -15.0
1091.2934 	EXP 	surround_grating: sf = array([2.5, 2.5])
1091.2934 	EXP 	surround_grating: phase = array([0.53001612, 0.53001612])
1091.2934 	EXP 	center_grating: ori = 0.0
1091.2934 	EXP 	center_grating: sf = array([2.5, 2.5])
1091.2934 	EXP 	center_grating: phase = array([0.50733069, 0.50733069])
1091.7784 	EXP 	noise_3: autoDraw = True
1091.7784 	EXP 	surround_grating: autoDraw = True
1091.7784 	EXP 	center_grating: autoDraw = True
1091.8503 	EXP 	noise_3: autoDraw = False
1091.8503 	EXP 	surround_grating: autoDraw = False
1091.8503 	EXP 	center_grating: autoDraw = False
1092.3062 	DATA 	Keypress: period
1092.3131 	EXP 	New trial (rep=0, index=603): <Trial 603 (603 in rep 0) data={'center': -4, 'surround': 0.0, 'type': 'c-4', 'surr_type': 'noss', 'orient_opacity': 0, 'noise_opacity': 100, 'isi': 0.5, 'thisN': 603, 'thisTrialN': 603, 'thisRepN': 0}>
1092.3202 	INFO 	Keyboard events cleared
1092.3197 	EXP 	noise_3: autoDraw = False
1092.3197 	EXP 	surround_grating: autoDraw = False
1092.3197 	EXP 	center_grating: autoDraw = False
1092.3197 	EXP 	text_2: autoDraw = False
1092.3197 	EXP 	surround_grating: ori = 0.0
1092.3197 	EXP 	surround_grating: sf = array([2.5, 2.5])
1092.3197 	EXP 	surround_grating: phase = array([0.65333482, 0.65333482])
1092.3197 	EXP 	center_grating: ori = -4.0
1092.3197 	EXP 	center_grating: sf = array([2.5, 2.5])
1092.3197 	EXP 	center_grating: phase = array([0.71495034, 0.71495034])
1092.8039 	EXP 	noise_3: autoDraw = True
1092.8039 	EXP 	surround_grating: autoDraw = True
1092.8039 	EXP 	center_grating: autoDraw = True
1092.8788 	EXP 	noise_3: autoDraw = False
1092.8788 	EXP 	surround_grating: autoDraw = False
1092.8788 	EXP 	center_grating: autoDraw = False
1093.2824 	EXP 	New trial (rep=0, index=604): <Trial 604 (604 in rep 0) data={'center': 4, 'surround': 0.0, 'type': 'c+4', 'surr_type': 'noss', 'orient_opacity': 0, 'noise_opacity': 100, 'isi': 1.0, 'thisN': 604, 'thisTrialN': 604, 'thisRepN': 0}>
1093.2884 	DATA 	Keypress: z
1093.2949 	INFO 	Keyboard events cleared
1093.2943 	EXP 	noise_3: autoDraw = False
1093.2943 	EXP 	surround_grating: autoDraw = False
1093.2943 	EXP 	center_grating: autoDraw = False
1093.2943 	EXP 	text_2: autoDraw = False
1093.2943 	EXP 	surround_grating: ori = 0.0
1093.2943 	EXP 	surround_grating: sf = array([2.5, 2.5])
1093.2943 	EXP 	surround_grating: phase = array([0.54820125, 0.54820125])
1093.2943 	EXP 	center_grating: ori = 4.0
1093.2943 	EXP 	center_grating: sf = array([2.5, 2.5])
1093.2943 	EXP 	center_grating: phase = array([0.59812589, 0.59812589])
1094.2784 	EXP 	noise_3: autoDraw = True
1094.2784 	EXP 	surround_grating: autoDraw = True
1094.2784 	EXP 	center_grating: autoDraw = True
1094.3505 	EXP 	noise_3: autoDraw = False
1094.3505 	EXP 	surround_grating: autoDraw = False
1094.3505 	EXP 	center_grating: autoDraw = False
1094.8213 	EXP 	New trial (rep=0, index=605): <Trial 605 (605 in rep 0) data={'center': 4, 'surround': 0.0, 'type': 'c+4', 'surr_type': 'noss', 'orient_opacity': 0, 'noise_opacity': 100, 'isi': 0.5, 'thisN': 605, 'thisTrialN': 605, 'thisRepN': 0}>
1094.8264 	DATA 	Keypress: period
1094.8318 	INFO 	Keyboard events cleared
1094.8313 	EXP 	noise_3: autoDraw = False
1094.8313 	EXP 	surround_grating: autoDraw = False
1094.8313 	EXP 	center_grating: autoDraw = False
1094.8313 	EXP 	text_2: autoDraw = False
1094.8313 	EXP 	surround_grating: ori = 0.0
1094.8313 	EXP 	surround_grating: sf = array([2.5, 2.5])
1094.8313 	EXP 	surround_grating: phase = array([0.52535889, 0.52535889])
1094.8313 	EXP 	center_grating: ori = 4.0
1094.8313 	EXP 	center_grating: sf = array([2.5, 2.5])
1094.8313 	EXP 	center_grating: phase = array([0.22873116, 0.22873116])
1095.3209 	EXP 	noise_3: autoDraw = True
1095.3209 	EXP 	surround_grating: autoDraw = True
1095.3209 	EXP 	center_grating: autoDraw = True
1095.3958 	EXP 	noise_3: autoDraw = False
1095.3958 	EXP 	surround_grating: autoDraw = False
1095.3958 	EXP 	center_grating: autoDraw = False
1095.8316 	EXP 	New trial (rep=0, index=606): <Trial 606 (606 in rep 0) data={'center': 6, 'surround': 15.0, 'type': 'c+6', 'surr_type': 'poss', 'orient_opacity': 100, 'noise_opacity': 0, 'isi': 0.5, 'thisN': 606, 'thisTrialN': 606, 'thisRepN': 0}>
1095.8367 	DATA 	Keypress: period
1095.8426 	INFO 	Keyboard events cleared
1095.8420 	EXP 	noise_3: autoDraw = False
1095.8420 	EXP 	surround_grating: autoDraw = False
1095.8420 	EXP 	center_grating: autoDraw = False
1095.8420 	EXP 	text_2: autoDraw = False
1095.8420 	EXP 	surround_grating: ori = 15.0
1095.8420 	EXP 	surround_grating: sf = array([2.5, 2.5])
1095.8420 	EXP 	surround_grating: phase = array([0.11211064, 0.11211064])
1095.8420 	EXP 	center_grating: ori = 6.0
1095.8420 	EXP 	center_grating: sf = array([2.5, 2.5])
1095.8420 	EXP 	center_grating: phase = array([0.24347006, 0.24347006])
1096.3285 	EXP 	noise_3: autoDraw = True
1096.3285 	EXP 	surround_grating: autoDraw = True
1096.3285 	EXP 	center_grating: autoDraw = True
1096.4011 	EXP 	noise_3: autoDraw = False
1096.4011 	EXP 	surround_grating: autoDraw = False
1096.4011 	EXP 	center_grating: autoDraw = False
1096.7820 	EXP 	New trial (rep=0, index=607): <Trial 607 (607 in rep 0) data={'center': 6, 'surround': 15.0, 'type': 'c+6', 'surr_type': 'poss', 'orient_opacity': 100, 'noise_opacity': 0, 'isi': 1.0, 'thisN': 607, 'thisTrialN': 607, 'thisRepN': 0}>
1096.7882 	DATA 	Keypress: period
1096.7941 	INFO 	Keyboard events cleared
1096.7937 	EXP 	noise_3: autoDraw = False
1096.7937 	EXP 	surround_grating: autoDraw = False
1096.7937 	EXP 	center_grating: autoDraw = False
1096.7937 	EXP 	text_2: autoDraw = False
1096.7937 	EXP 	surround_grating: ori = 15.0
1096.7937 	EXP 	surround_grating: sf = array([2.5, 2.5])
1096.7937 	EXP 	surround_grating: phase = array([0.26556404, 0.26556404])
1096.7937 	EXP 	center_grating: ori = 6.0
1096.7937 	EXP 	center_grating: sf = array([2.5, 2.5])
1096.7937 	EXP 	center_grating: phase = array([0.3095981, 0.3095981])
1097.7786 	EXP 	noise_3: autoDraw = True
1097.7786 	EXP 	surround_grating: autoDraw = True
1097.7786 	EXP 	center_grating: autoDraw = True
1097.8506 	EXP 	noise_3: autoDraw = False
1097.8506 	EXP 	surround_grating: autoDraw = False
1097.8506 	EXP 	center_grating: autoDraw = False
1098.2481 	EXP 	New trial (rep=0, index=608): <Trial 608 (608 in rep 0) data={'center': -4, 'surround': 0.0, 'type': 'c-4', 'surr_type': 'noss', 'orient_opacity': 0, 'noise_opacity': 100, 'isi': 0.5, 'thisN': 608, 'thisTrialN': 608, 'thisRepN': 0}>
1098.2530 	DATA 	Keypress: period
1098.2590 	INFO 	Keyboard events cleared
1098.2585 	EXP 	noise_3: autoDraw = False
1098.2585 	EXP 	surround_grating: autoDraw = False
1098.2585 	EXP 	center_grating: autoDraw = False
1098.2585 	EXP 	text_2: autoDraw = False
1098.2585 	EXP 	surround_grating: ori = 0.0
1098.2585 	EXP 	surround_grating: sf = array([2.5, 2.5])
1098.2585 	EXP 	surround_grating: phase = array([0.09895873, 0.09895873])
1098.2585 	EXP 	center_grating: ori = -4.0
1098.2585 	EXP 	center_grating: sf = array([2.5, 2.5])
1098.2585 	EXP 	center_grating: phase = array([0.9660345, 0.9660345])
1098.7452 	EXP 	noise_3: autoDraw = True
1098.7452 	EXP 	surround_grating: autoDraw = True
1098.7452 	EXP 	center_grating: autoDraw = True
1098.8173 	EXP 	noise_3: autoDraw = False
1098.8173 	EXP 	surround_grating: autoDraw = False
1098.8173 	EXP 	center_grating: autoDraw = False
1099.3540 	EXP 	New trial (rep=0, index=609): <Trial 609 (609 in rep 0) data={'center': 0, 'surround': 15.0, 'type': 'c+0', 'surr_type': 'poss', 'orient_opacity': 100, 'noise_opacity': 0, 'isi': 0.5, 'thisN': 609, 'thisTrialN': 609, 'thisRepN': 0}>
1099.3594 	DATA 	Keypress: z
1099.3653 	INFO 	Keyboard events cleared
1099.3649 	EXP 	noise_3: autoDraw = False
1099.3649 	EXP 	surround_grating: autoDraw = False
1099.3649 	EXP 	center_grating: autoDraw = False
1099.3649 	EXP 	text_2: autoDraw = False
1099.3649 	EXP 	surround_grating: ori = 15.0
1099.3649 	EXP 	surround_grating: sf = array([2.5, 2.5])
1099.3649 	EXP 	surround_grating: phase = array([0.14035893, 0.14035893])
1099.3649 	EXP 	center_grating: ori = 0.0
1099.3649 	EXP 	center_grating: sf = array([2.5, 2.5])
1099.3649 	EXP 	center_grating: phase = array([0.53252994, 0.53252994])
1099.8551 	EXP 	noise_3: autoDraw = True
1099.8551 	EXP 	surround_grating: autoDraw = True
1099.8551 	EXP 	center_grating: autoDraw = True
1099.9293 	EXP 	noise_3: autoDraw = False
1099.9293 	EXP 	surround_grating: autoDraw = False
1099.9293 	EXP 	center_grating: autoDraw = False
1100.3870 	EXP 	New trial (rep=0, index=610): <Trial 610 (610 in rep 0) data={'center': 0, 'surround': -15.0, 'type': 'c+0', 'surr_type': 'negs', 'orient_opacity': 100, 'noise_opacity': 0, 'isi': 0.75, 'thisN': 610, 'thisTrialN': 610, 'thisRepN': 0}>
1100.3919 	DATA 	Keypress: z
1100.3981 	INFO 	Keyboard events cleared
1100.3977 	EXP 	noise_3: autoDraw = False
1100.3977 	EXP 	surround_grating: autoDraw = False
1100.3977 	EXP 	center_grating: autoDraw = False
1100.3977 	EXP 	text_2: autoDraw = False
1100.3977 	EXP 	surround_grating: ori = -15.0
1100.3977 	EXP 	surround_grating: sf = array([2.5, 2.5])
1100.3977 	EXP 	surround_grating: phase = array([0.14709294, 0.14709294])
1100.3977 	EXP 	center_grating: ori = 0.0
1100.3977 	EXP 	center_grating: sf = array([2.5, 2.5])
1100.3977 	EXP 	center_grating: phase = array([0.07792206, 0.07792206])
1101.1378 	EXP 	noise_3: autoDraw = True
1101.1378 	EXP 	surround_grating: autoDraw = True
1101.1378 	EXP 	center_grating: autoDraw = True
1101.2124 	EXP 	noise_3: autoDraw = False
1101.2124 	EXP 	surround_grating: autoDraw = False
1101.2124 	EXP 	center_grating: autoDraw = False
1102.0327 	EXP 	New trial (rep=0, index=611): <Trial 611 (611 in rep 0) data={'center': 4, 'surround': 15.0, 'type': 'c+4', 'surr_type': 'poss', 'orient_opacity': 100, 'noise_opacity': 0, 'isi': 1.25, 'thisN': 611, 'thisTrialN': 611, 'thisRepN': 0}>
1102.0381 	DATA 	Keypress: period
1102.0405 	DATA 	Keypress: z
1102.0462 	INFO 	Keyboard events cleared
1102.0456 	EXP 	noise_3: autoDraw = False
1102.0456 	EXP 	surround_grating: autoDraw = False
1102.0456 	EXP 	center_grating: autoDraw = False
1102.0456 	EXP 	text_2: autoDraw = False
1102.0456 	EXP 	surround_grating: ori = 15.0
1102.0456 	EXP 	surround_grating: sf = array([2.5, 2.5])
1102.0456 	EXP 	surround_grating: phase = array([0.54197781, 0.54197781])
1102.0456 	EXP 	center_grating: ori = 4.0
1102.0456 	EXP 	center_grating: sf = array([2.5, 2.5])
1102.0456 	EXP 	center_grating: phase = array([0.3156349, 0.3156349])
1103.2787 	EXP 	noise_3: autoDraw = True
1103.2787 	EXP 	surround_grating: autoDraw = True
1103.2787 	EXP 	center_grating: autoDraw = True
1103.3628 	EXP 	noise_3: autoDraw = False
1103.3628 	EXP 	surround_grating: autoDraw = False
1103.3628 	EXP 	center_grating: autoDraw = False
1103.9832 	EXP 	New trial (rep=0, index=612): <Trial 612 (612 in rep 0) data={'center': 6, 'surround': 15.0, 'type': 'c+6', 'surr_type': 'poss', 'orient_opacity': 100, 'noise_opacity': 0, 'isi': 0.5, 'thisN': 612, 'thisTrialN': 612, 'thisRepN': 0}>
1103.9884 	DATA 	Keypress: period
1103.9948 	INFO 	Keyboard events cleared
1103.9941 	EXP 	noise_3: autoDraw = False
1103.9941 	EXP 	surround_grating: autoDraw = False
1103.9941 	EXP 	center_grating: autoDraw = False
1103.9941 	EXP 	text_2: autoDraw = False
1103.9941 	EXP 	surround_grating: ori = 15.0
1103.9941 	EXP 	surround_grating: sf = array([2.5, 2.5])
1103.9941 	EXP 	surround_grating: phase = array([0.98936539, 0.98936539])
1103.9941 	EXP 	center_grating: ori = 6.0
1103.9941 	EXP 	center_grating: sf = array([2.5, 2.5])
1103.9941 	EXP 	center_grating: phase = array([0.0942253, 0.0942253])
1103.9979 	DATA 	Keypress: z
1104.1481 	EXP 	New trial (rep=0, index=613): <Trial 613 (613 in rep 0) data={'center': -2, 'surround': -15.0, 'type': 'c-2', 'surr_type': 'negs', 'orient_opacity': 100, 'noise_opacity': 0, 'isi': 1.0, 'thisN': 613, 'thisTrialN': 613, 'thisRepN': 0}>
1104.1566 	INFO 	Keyboard events cleared
1104.1561 	EXP 	noise_3: autoDraw = False
1104.1561 	EXP 	surround_grating: autoDraw = False
1104.1561 	EXP 	center_grating: autoDraw = False
1104.1561 	EXP 	text_2: autoDraw = False
1104.1561 	EXP 	surround_grating: ori = -15.0
1104.1561 	EXP 	surround_grating: sf = array([2.5, 2.5])
1104.1561 	EXP 	surround_grating: phase = array([0.6130571, 0.6130571])
1104.1561 	EXP 	center_grating: ori = -2.0
1104.1561 	EXP 	center_grating: sf = array([2.5, 2.5])
1104.1561 	EXP 	center_grating: phase = array([0.9707906, 0.9707906])
1105.1453 	EXP 	noise_3: autoDraw = True
1105.1453 	EXP 	surround_grating: autoDraw = True
1105.1453 	EXP 	center_grating: autoDraw = True
1105.2172 	EXP 	noise_3: autoDraw = False
1105.2172 	EXP 	surround_grating: autoDraw = False
1105.2172 	EXP 	center_grating: autoDraw = False
1105.8534 	EXP 	New trial (rep=0, index=614): <Trial 614 (614 in rep 0) data={'center': 0, 'surround': 15.0, 'type': 'c+0', 'surr_type': 'poss', 'orient_opacity': 100, 'noise_opacity': 0, 'isi': 1.25, 'thisN': 614, 'thisTrialN': 614, 'thisRepN': 0}>
1105.8585 	DATA 	Keypress: z
1105.8645 	INFO 	Keyboard events cleared
1105.8640 	EXP 	noise_3: autoDraw = False
1105.8640 	EXP 	surround_grating: autoDraw = False
1105.8640 	EXP 	center_grating: autoDraw = False
1105.8640 	EXP 	text_2: autoDraw = False
1105.8640 	EXP 	surround_grating: ori = 15.0
1105.8640 	EXP 	surround_grating: sf = array([2.5, 2.5])
1105.8640 	EXP 	surround_grating: phase = array([0.51334843, 0.51334843])
1105.8640 	EXP 	center_grating: ori = 0.0
1105.8640 	EXP 	center_grating: sf = array([2.5, 2.5])
1105.8640 	EXP 	center_grating: phase = array([0.61618995, 0.61618995])
1105.8824 	EXP 	New trial (rep=0, index=615): <Trial 615 (615 in rep 0) data={'center': 2, 'surround': 15.0, 'type': 'c+2', 'surr_type': 'poss', 'orient_opacity': 100, 'noise_opacity': 0, 'isi': 0.5, 'thisN': 615, 'thisTrialN': 615, 'thisRepN': 0}>
1105.8871 	DATA 	Keypress: period
1105.8928 	INFO 	Keyboard events cleared
1105.8922 	EXP 	noise_3: autoDraw = False
1105.8922 	EXP 	surround_grating: autoDraw = False
1105.8922 	EXP 	center_grating: autoDraw = False
1105.8922 	EXP 	text_2: autoDraw = False
1105.8922 	EXP 	surround_grating: ori = 15.0
1105.8922 	EXP 	surround_grating: sf = array([2.5, 2.5])
1105.8922 	EXP 	surround_grating: phase = array([0.05685564, 0.05685564])
1105.8922 	EXP 	center_grating: ori = 2.0
1105.8922 	EXP 	center_grating: sf = array([2.5, 2.5])
1105.8922 	EXP 	center_grating: phase = array([0.31375738, 0.31375738])
1106.3788 	EXP 	noise_3: autoDraw = True
1106.3788 	EXP 	surround_grating: autoDraw = True
1106.3788 	EXP 	center_grating: autoDraw = True
1106.4518 	EXP 	noise_3: autoDraw = False
1106.4518 	EXP 	surround_grating: autoDraw = False
1106.4518 	EXP 	center_grating: autoDraw = False
1106.8321 	EXP 	New trial (rep=0, index=616): <Trial 616 (616 in rep 0) data={'center': -2, 'surround': 15.0, 'type': 'c-2', 'surr_type': 'poss', 'orient_opacity': 100, 'noise_opacity': 0, 'isi': 1.0, 'thisN': 616, 'thisTrialN': 616, 'thisRepN': 0}>
1106.8376 	DATA 	Keypress: period
1106.8436 	INFO 	Keyboard events cleared
1106.8430 	EXP 	noise_3: autoDraw = False
1106.8430 	EXP 	surround_grating: autoDraw = False
1106.8430 	EXP 	center_grating: autoDraw = False
1106.8430 	EXP 	text_2: autoDraw = False
1106.8430 	EXP 	surround_grating: ori = 15.0
1106.8430 	EXP 	surround_grating: sf = array([2.5, 2.5])
1106.8430 	EXP 	surround_grating: phase = array([0.8443231, 0.8443231])
1106.8430 	EXP 	center_grating: ori = -2.0
1106.8430 	EXP 	center_grating: sf = array([2.5, 2.5])
1106.8430 	EXP 	center_grating: phase = array([0.61271417, 0.61271417])
1106.8466 	DATA 	Keypress: z
1106.9975 	EXP 	New trial (rep=0, index=617): <Trial 617 (617 in rep 0) data={'center': -2, 'surround': 15.0, 'type': 'c-2', 'surr_type': 'poss', 'orient_opacity': 100, 'noise_opacity': 0, 'isi': 0.5, 'thisN': 617, 'thisTrialN': 617, 'thisRepN': 0}>
1107.0059 	INFO 	Keyboard events cleared
1107.0055 	EXP 	noise_3: autoDraw = False
1107.0055 	EXP 	surround_grating: autoDraw = False
1107.0055 	EXP 	center_grating: autoDraw = False
1107.0055 	EXP 	text_2: autoDraw = False
1107.0055 	EXP 	surround_grating: ori = 15.0
1107.0055 	EXP 	surround_grating: sf = array([2.5, 2.5])
1107.0055 	EXP 	surround_grating: phase = array([0.27046857, 0.27046857])
1107.0055 	EXP 	center_grating: ori = -2.0
1107.0055 	EXP 	center_grating: sf = array([2.5, 2.5])
1107.0055 	EXP 	center_grating: phase = array([0.03057937, 0.03057937])
1107.4958 	EXP 	noise_3: autoDraw = True
1107.4958 	EXP 	surround_grating: autoDraw = True
1107.4958 	EXP 	center_grating: autoDraw = True
1107.5684 	EXP 	noise_3: autoDraw = False
1107.5684 	EXP 	surround_grating: autoDraw = False
1107.5684 	EXP 	center_grating: autoDraw = False
1107.9324 	EXP 	New trial (rep=0, index=618): <Trial 618 (618 in rep 0) data={'center': -2, 'surround': 15.0, 'type': 'c-2', 'surr_type': 'poss', 'orient_opacity': 100, 'noise_opacity': 0, 'isi': 1.0, 'thisN': 618, 'thisTrialN': 618, 'thisRepN': 0}>
1107.9375 	DATA 	Keypress: period
1107.9397 	DATA 	Keypress: z
1107.9456 	INFO 	Keyboard events cleared
1107.9450 	EXP 	noise_3: autoDraw = False
1107.9450 	EXP 	surround_grating: autoDraw = False
1107.9450 	EXP 	center_grating: autoDraw = False
1107.9450 	EXP 	text_2: autoDraw = False
1107.9450 	EXP 	surround_grating: ori = 15.0
1107.9450 	EXP 	surround_grating: sf = array([2.5, 2.5])
1107.9450 	EXP 	surround_grating: phase = array([0.84535678, 0.84535678])
1107.9450 	EXP 	center_grating: ori = -2.0
1107.9450 	EXP 	center_grating: sf = array([2.5, 2.5])
1107.9450 	EXP 	center_grating: phase = array([0.7197808, 0.7197808])
1108.9283 	EXP 	noise_3: autoDraw = True
1108.9283 	EXP 	surround_grating: autoDraw = True
1108.9283 	EXP 	center_grating: autoDraw = True
1109.0013 	EXP 	noise_3: autoDraw = False
1109.0013 	EXP 	surround_grating: autoDraw = False
1109.0013 	EXP 	center_grating: autoDraw = False
1109.4656 	EXP 	New trial (rep=0, index=619): <Trial 619 (619 in rep 0) data={'center': -6, 'surround': -15.0, 'type': 'c-6', 'surr_type': 'negs', 'orient_opacity': 100, 'noise_opacity': 0, 'isi': 0.5, 'thisN': 619, 'thisTrialN': 619, 'thisRepN': 0}>
1109.4716 	DATA 	Keypress: z
1109.4778 	INFO 	Keyboard events cleared
1109.4773 	EXP 	noise_3: autoDraw = False
1109.4773 	EXP 	surround_grating: autoDraw = False
1109.4773 	EXP 	center_grating: autoDraw = False
1109.4773 	EXP 	text_2: autoDraw = False
1109.4773 	EXP 	surround_grating: ori = -15.0
1109.4773 	EXP 	surround_grating: sf = array([2.5, 2.5])
1109.4773 	EXP 	surround_grating: phase = array([0.36491439, 0.36491439])
1109.4773 	EXP 	center_grating: ori = -6.0
1109.4773 	EXP 	center_grating: sf = array([2.5, 2.5])
1109.4773 	EXP 	center_grating: phase = array([0.64081963, 0.64081963])
1109.9616 	EXP 	noise_3: autoDraw = True
1109.9616 	EXP 	surround_grating: autoDraw = True
1109.9616 	EXP 	center_grating: autoDraw = True
1110.0343 	EXP 	noise_3: autoDraw = False
1110.0343 	EXP 	surround_grating: autoDraw = False
1110.0343 	EXP 	center_grating: autoDraw = False
1110.4549 	EXP 	New trial (rep=0, index=620): <Trial 620 (620 in rep 0) data={'center': 4, 'surround': 15.0, 'type': 'c+4', 'surr_type': 'poss', 'orient_opacity': 100, 'noise_opacity': 0, 'isi': 1.0, 'thisN': 620, 'thisTrialN': 620, 'thisRepN': 0}>
1110.4601 	DATA 	Keypress: z
1110.4659 	INFO 	Keyboard events cleared
1110.4654 	EXP 	noise_3: autoDraw = False
1110.4654 	EXP 	surround_grating: autoDraw = False
1110.4654 	EXP 	center_grating: autoDraw = False
1110.4654 	EXP 	text_2: autoDraw = False
1110.4654 	EXP 	surround_grating: ori = 15.0
1110.4654 	EXP 	surround_grating: sf = array([2.5, 2.5])
1110.4654 	EXP 	surround_grating: phase = array([0.36217981, 0.36217981])
1110.4654 	EXP 	center_grating: ori = 4.0
1110.4654 	EXP 	center_grating: sf = array([2.5, 2.5])
1110.4654 	EXP 	center_grating: phase = array([0.1834261, 0.1834261])
1111.4547 	EXP 	noise_3: autoDraw = True
1111.4547 	EXP 	surround_grating: autoDraw = True
1111.4547 	EXP 	center_grating: autoDraw = True
1111.5295 	EXP 	noise_3: autoDraw = False
1111.5295 	EXP 	surround_grating: autoDraw = False
1111.5295 	EXP 	center_grating: autoDraw = False
1111.9989 	EXP 	New trial (rep=0, index=621): <Trial 621 (621 in rep 0) data={'center': -2, 'surround': 0.0, 'type': 'c-2', 'surr_type': 'noss', 'orient_opacity': 0, 'noise_opacity': 100, 'isi': 0.75, 'thisN': 621, 'thisTrialN': 621, 'thisRepN': 0}>
1112.0039 	DATA 	Keypress: z
1112.0104 	INFO 	Keyboard events cleared
1112.0098 	EXP 	noise_3: autoDraw = False
1112.0098 	EXP 	surround_grating: autoDraw = False
1112.0098 	EXP 	center_grating: autoDraw = False
1112.0098 	EXP 	text_2: autoDraw = False
1112.0098 	EXP 	surround_grating: ori = 0.0
1112.0098 	EXP 	surround_grating: sf = array([2.5, 2.5])
1112.0098 	EXP 	surround_grating: phase = array([0.48635292, 0.48635292])
1112.0098 	EXP 	center_grating: ori = -2.0
1112.0098 	EXP 	center_grating: sf = array([2.5, 2.5])
1112.0098 	EXP 	center_grating: phase = array([0.6725266, 0.6725266])
1112.7457 	EXP 	noise_3: autoDraw = True
1112.7457 	EXP 	surround_grating: autoDraw = True
1112.7457 	EXP 	center_grating: autoDraw = True
1112.8189 	EXP 	noise_3: autoDraw = False
1112.8189 	EXP 	surround_grating: autoDraw = False
1112.8189 	EXP 	center_grating: autoDraw = False
1113.2312 	EXP 	New trial (rep=0, index=622): <Trial 622 (622 in rep 0) data={'center': -6, 'surround': -15.0, 'type': 'c-6', 'surr_type': 'negs', 'orient_opacity': 100, 'noise_opacity': 0, 'isi': 1.0, 'thisN': 622, 'thisTrialN': 622, 'thisRepN': 0}>
1113.2366 	DATA 	Keypress: z
1113.2429 	INFO 	Keyboard events cleared
1113.2423 	EXP 	noise_3: autoDraw = False
1113.2423 	EXP 	surround_grating: autoDraw = False
1113.2423 	EXP 	center_grating: autoDraw = False
1113.2423 	EXP 	text_2: autoDraw = False
1113.2423 	EXP 	surround_grating: ori = -15.0
1113.2423 	EXP 	surround_grating: sf = array([2.5, 2.5])
1113.2423 	EXP 	surround_grating: phase = array([0.29256328, 0.29256328])
1113.2423 	EXP 	center_grating: ori = -6.0
1113.2423 	EXP 	center_grating: sf = array([2.5, 2.5])
1113.2423 	EXP 	center_grating: phase = array([0.38791507, 0.38791507])
1114.2291 	EXP 	noise_3: autoDraw = True
1114.2291 	EXP 	surround_grating: autoDraw = True
1114.2291 	EXP 	center_grating: autoDraw = True
1114.3013 	EXP 	noise_3: autoDraw = False
1114.3013 	EXP 	surround_grating: autoDraw = False
1114.3013 	EXP 	center_grating: autoDraw = False
1114.6709 	EXP 	New trial (rep=0, index=623): <Trial 623 (623 in rep 0) data={'center': 2, 'surround': -15.0, 'type': 'c+2', 'surr_type': 'negs', 'orient_opacity': 100, 'noise_opacity': 0, 'isi': 1.0, 'thisN': 623, 'thisTrialN': 623, 'thisRepN': 0}>
1114.6761 	DATA 	Keypress: z
1114.6822 	INFO 	Keyboard events cleared
1114.6817 	EXP 	noise_3: autoDraw = False
1114.6817 	EXP 	surround_grating: autoDraw = False
1114.6817 	EXP 	center_grating: autoDraw = False
1114.6817 	EXP 	text_2: autoDraw = False
1114.6817 	EXP 	surround_grating: ori = -15.0
1114.6817 	EXP 	surround_grating: sf = array([2.5, 2.5])
1114.6817 	EXP 	surround_grating: phase = array([0.6385658, 0.6385658])
1114.6817 	EXP 	center_grating: ori = 2.0
1114.6817 	EXP 	center_grating: sf = array([2.5, 2.5])
1114.6817 	EXP 	center_grating: phase = array([0.56683803, 0.56683803])
1115.6730 	EXP 	noise_3: autoDraw = True
1115.6730 	EXP 	surround_grating: autoDraw = True
1115.6730 	EXP 	center_grating: autoDraw = True
1115.7464 	EXP 	noise_3: autoDraw = False
1115.7464 	EXP 	surround_grating: autoDraw = False
1115.7464 	EXP 	center_grating: autoDraw = False
1116.0714 	EXP 	New trial (rep=0, index=624): <Trial 624 (624 in rep 0) data={'center': 4, 'surround': 0.0, 'type': 'c+4', 'surr_type': 'noss', 'orient_opacity': 0, 'noise_opacity': 100, 'isi': 1.0, 'thisN': 624, 'thisTrialN': 624, 'thisRepN': 0}>
1116.0765 	DATA 	Keypress: z
1116.0823 	INFO 	Keyboard events cleared
1116.0818 	EXP 	noise_3: autoDraw = False
1116.0818 	EXP 	surround_grating: autoDraw = False
1116.0818 	EXP 	center_grating: autoDraw = False
1116.0818 	EXP 	text_2: autoDraw = False
1116.0818 	EXP 	surround_grating: ori = 0.0
1116.0818 	EXP 	surround_grating: sf = array([2.5, 2.5])
1116.0818 	EXP 	surround_grating: phase = array([0.68003134, 0.68003134])
1116.0818 	EXP 	center_grating: ori = 4.0
1116.0818 	EXP 	center_grating: sf = array([2.5, 2.5])
1116.0818 	EXP 	center_grating: phase = array([0.28245304, 0.28245304])
1116.2821 	EXP 	New trial (rep=0, index=625): <Trial 625 (625 in rep 0) data={'center': -2, 'surround': 15.0, 'type': 'c-2', 'surr_type': 'poss', 'orient_opacity': 100, 'noise_opacity': 0, 'isi': 0.75, 'thisN': 625, 'thisTrialN': 625, 'thisRepN': 0}>
1116.2874 	DATA 	Keypress: period
1116.2934 	INFO 	Keyboard events cleared
1116.2928 	EXP 	noise_3: autoDraw = False
1116.2928 	EXP 	surround_grating: autoDraw = False
1116.2928 	EXP 	center_grating: autoDraw = False
1116.2928 	EXP 	text_2: autoDraw = False
1116.2928 	EXP 	surround_grating: ori = 15.0
1116.2928 	EXP 	surround_grating: sf = array([2.5, 2.5])
1116.2928 	EXP 	surround_grating: phase = array([0.55077845, 0.55077845])
1116.2928 	EXP 	center_grating: ori = -2.0
1116.2928 	EXP 	center_grating: sf = array([2.5, 2.5])
1116.2928 	EXP 	center_grating: phase = array([0.42076983, 0.42076983])
1116.3322 	EXP 	New trial (rep=0, index=626): <Trial 626 (626 in rep 0) data={'center': -8, 'surround': -15.0, 'type': 'c-8', 'surr_type': 'negs', 'orient_opacity': 100, 'noise_opacity': 0, 'isi': 0.75, 'thisN': 626, 'thisTrialN': 626, 'thisRepN': 0}>
1116.3370 	DATA 	Keypress: z
1116.3430 	INFO 	Keyboard events cleared
1116.3426 	EXP 	noise_3: autoDraw = False
1116.3426 	EXP 	surround_grating: autoDraw = False
1116.3426 	EXP 	center_grating: autoDraw = False
1116.3426 	EXP 	text_2: autoDraw = False
1116.3426 	EXP 	surround_grating: ori = -15.0
1116.3426 	EXP 	surround_grating: sf = array([2.5, 2.5])
1116.3426 	EXP 	surround_grating: phase = array([0.53482911, 0.53482911])
1116.3426 	EXP 	center_grating: ori = -8.0
1116.3426 	EXP 	center_grating: sf = array([2.5, 2.5])
1116.3426 	EXP 	center_grating: phase = array([0.12173758, 0.12173758])
1117.0793 	EXP 	noise_3: autoDraw = True
1117.0793 	EXP 	surround_grating: autoDraw = True
1117.0793 	EXP 	center_grating: autoDraw = True
1117.1514 	EXP 	noise_3: autoDraw = False
1117.1514 	EXP 	surround_grating: autoDraw = False
1117.1514 	EXP 	center_grating: autoDraw = False
1117.6042 	EXP 	New trial (rep=0, index=627): <Trial 627 (627 in rep 0) data={'center': -8, 'surround': -15.0, 'type': 'c-8', 'surr_type': 'negs', 'orient_opacity': 100, 'noise_opacity': 0, 'isi': 1.25, 'thisN': 627, 'thisTrialN': 627, 'thisRepN': 0}>
1117.6095 	DATA 	Keypress: z
1117.6156 	INFO 	Keyboard events cleared
1117.6151 	EXP 	noise_3: autoDraw = False
1117.6151 	EXP 	surround_grating: autoDraw = False
1117.6151 	EXP 	center_grating: autoDraw = False
1117.6151 	EXP 	text_2: autoDraw = False
1117.6151 	EXP 	surround_grating: ori = -15.0
1117.6151 	EXP 	surround_grating: sf = array([2.5, 2.5])
1117.6151 	EXP 	surround_grating: phase = array([0.71012996, 0.71012996])
1117.6151 	EXP 	center_grating: ori = -8.0
1117.6151 	EXP 	center_grating: sf = array([2.5, 2.5])
1117.6151 	EXP 	center_grating: phase = array([0.31068881, 0.31068881])
1118.8551 	EXP 	noise_3: autoDraw = True
1118.8551 	EXP 	surround_grating: autoDraw = True
1118.8551 	EXP 	center_grating: autoDraw = True
1118.9357 	EXP 	noise_3: autoDraw = False
1118.9357 	EXP 	surround_grating: autoDraw = False
1118.9357 	EXP 	center_grating: autoDraw = False
1119.3329 	EXP 	New trial (rep=0, index=628): <Trial 628 (628 in rep 0) data={'center': 4, 'surround': 15.0, 'type': 'c+4', 'surr_type': 'poss', 'orient_opacity': 100, 'noise_opacity': 0, 'isi': 1.25, 'thisN': 628, 'thisTrialN': 628, 'thisRepN': 0}>
1119.3381 	DATA 	Keypress: z
1119.3443 	INFO 	Keyboard events cleared
1119.3439 	EXP 	noise_3: autoDraw = False
1119.3439 	EXP 	surround_grating: autoDraw = False
1119.3439 	EXP 	center_grating: autoDraw = False
1119.3439 	EXP 	text_2: autoDraw = False
1119.3439 	EXP 	surround_grating: ori = 15.0
1119.3439 	EXP 	surround_grating: sf = array([2.5, 2.5])
1119.3439 	EXP 	surround_grating: phase = array([0.94100126, 0.94100126])
1119.3439 	EXP 	center_grating: ori = 4.0
1119.3439 	EXP 	center_grating: sf = array([2.5, 2.5])
1119.3439 	EXP 	center_grating: phase = array([0.04926766, 0.04926766])
1120.5794 	EXP 	noise_3: autoDraw = True
1120.5794 	EXP 	surround_grating: autoDraw = True
1120.5794 	EXP 	center_grating: autoDraw = True
1120.6517 	EXP 	noise_3: autoDraw = False
1120.6517 	EXP 	surround_grating: autoDraw = False
1120.6517 	EXP 	center_grating: autoDraw = False
1121.3657 	EXP 	New trial (rep=0, index=629): <Trial 629 (629 in rep 0) data={'center': 6, 'surround': 15.0, 'type': 'c+6', 'surr_type': 'poss', 'orient_opacity': 100, 'noise_opacity': 0, 'isi': 1.25, 'thisN': 629, 'thisTrialN': 629, 'thisRepN': 0}>
1121.3712 	DATA 	Keypress: period
1121.3773 	INFO 	Keyboard events cleared
1121.3767 	EXP 	noise_3: autoDraw = False
1121.3767 	EXP 	surround_grating: autoDraw = False
1121.3767 	EXP 	center_grating: autoDraw = False
1121.3767 	EXP 	text_2: autoDraw = False
1121.3767 	EXP 	surround_grating: ori = 15.0
1121.3767 	EXP 	surround_grating: sf = array([2.5, 2.5])
1121.3767 	EXP 	surround_grating: phase = array([0.27353003, 0.27353003])
1121.3767 	EXP 	center_grating: ori = 6.0
1121.3767 	EXP 	center_grating: sf = array([2.5, 2.5])
1121.3767 	EXP 	center_grating: phase = array([0.30705673, 0.30705673])
1121.3804 	DATA 	Keypress: z
1121.5374 	EXP 	New trial (rep=0, index=630): <Trial 630 (630 in rep 0) data={'center': 8, 'surround': 15.0, 'type': 'c+8', 'surr_type': 'poss', 'orient_opacity': 100, 'noise_opacity': 0, 'isi': 0.75, 'thisN': 630, 'thisTrialN': 630, 'thisRepN': 0}>
1121.5471 	INFO 	Keyboard events cleared
1121.5466 	EXP 	noise_3: autoDraw = False
1121.5466 	EXP 	surround_grating: autoDraw = False
1121.5466 	EXP 	center_grating: autoDraw = False
1121.5466 	EXP 	text_2: autoDraw = False
1121.5466 	EXP 	surround_grating: ori = 15.0
1121.5466 	EXP 	surround_grating: sf = array([2.5, 2.5])
1121.5466 	EXP 	surround_grating: phase = array([0.9977493, 0.9977493])
1121.5466 	EXP 	center_grating: ori = 8.0
1121.5466 	EXP 	center_grating: sf = array([2.5, 2.5])
1121.5466 	EXP 	center_grating: phase = array([0.49610925, 0.49610925])
1122.2886 	EXP 	noise_3: autoDraw = True
1122.2886 	EXP 	surround_grating: autoDraw = True
1122.2886 	EXP 	center_grating: autoDraw = True
1122.3633 	EXP 	noise_3: autoDraw = False
1122.3633 	EXP 	surround_grating: autoDraw = False
1122.3633 	EXP 	center_grating: autoDraw = False
1122.8329 	EXP 	New trial (rep=0, index=631): <Trial 631 (631 in rep 0) data={'center': -8, 'surround': -15.0, 'type': 'c-8', 'surr_type': 'negs', 'orient_opacity': 100, 'noise_opacity': 0, 'isi': 0.5, 'thisN': 631, 'thisTrialN': 631, 'thisRepN': 0}>
1122.8386 	DATA 	Keypress: period
1122.8449 	INFO 	Keyboard events cleared
1122.8444 	EXP 	noise_3: autoDraw = False
1122.8444 	EXP 	surround_grating: autoDraw = False
1122.8444 	EXP 	center_grating: autoDraw = False
1122.8444 	EXP 	text_2: autoDraw = False
1122.8444 	EXP 	surround_grating: ori = -15.0
1122.8444 	EXP 	surround_grating: sf = array([2.5, 2.5])
1122.8444 	EXP 	surround_grating: phase = array([0.90593755, 0.90593755])
1122.8444 	EXP 	center_grating: ori = -8.0
1122.8444 	EXP 	center_grating: sf = array([2.5, 2.5])
1122.8444 	EXP 	center_grating: phase = array([0.16709276, 0.16709276])
1123.3295 	EXP 	noise_3: autoDraw = True
1123.3295 	EXP 	surround_grating: autoDraw = True
1123.3295 	EXP 	center_grating: autoDraw = True
1123.4027 	EXP 	noise_3: autoDraw = False
1123.4027 	EXP 	surround_grating: autoDraw = False
1123.4027 	EXP 	center_grating: autoDraw = False
1123.8326 	EXP 	New trial (rep=0, index=632): <Trial 632 (632 in rep 0) data={'center': -2, 'surround': -15.0, 'type': 'c-2', 'surr_type': 'negs', 'orient_opacity': 100, 'noise_opacity': 0, 'isi': 0.5, 'thisN': 632, 'thisTrialN': 632, 'thisRepN': 0}>
1123.8380 	DATA 	Keypress: z
1123.8434 	INFO 	Keyboard events cleared
1123.8430 	EXP 	noise_3: autoDraw = False
1123.8430 	EXP 	surround_grating: autoDraw = False
1123.8430 	EXP 	center_grating: autoDraw = False
1123.8430 	EXP 	text_2: autoDraw = False
1123.8430 	EXP 	surround_grating: ori = -15.0
1123.8430 	EXP 	surround_grating: sf = array([2.5, 2.5])
1123.8430 	EXP 	surround_grating: phase = array([0.77429939, 0.77429939])
1123.8430 	EXP 	center_grating: ori = -2.0
1123.8430 	EXP 	center_grating: sf = array([2.5, 2.5])
1123.8430 	EXP 	center_grating: phase = array([0.59698528, 0.59698528])
1124.3295 	EXP 	noise_3: autoDraw = True
1124.3295 	EXP 	surround_grating: autoDraw = True
1124.3295 	EXP 	center_grating: autoDraw = True
1124.4023 	EXP 	noise_3: autoDraw = False
1124.4023 	EXP 	surround_grating: autoDraw = False
1124.4023 	EXP 	center_grating: autoDraw = False
1125.5189 	DATA 	Keypress: period
1125.5259 	EXP 	New trial (rep=0, index=633): <Trial 633 (633 in rep 0) data={'center': 4, 'surround': 15.0, 'type': 'c+4', 'surr_type': 'poss', 'orient_opacity': 100, 'noise_opacity': 0, 'isi': 0.75, 'thisN': 633, 'thisTrialN': 633, 'thisRepN': 0}>
1125.5328 	INFO 	Keyboard events cleared
1125.5324 	EXP 	noise_3: autoDraw = False
1125.5324 	EXP 	surround_grating: autoDraw = False
1125.5324 	EXP 	center_grating: autoDraw = False
1125.5324 	EXP 	text_2: autoDraw = False
1125.5324 	EXP 	surround_grating: ori = 15.0
1125.5324 	EXP 	surround_grating: sf = array([2.5, 2.5])
1125.5324 	EXP 	surround_grating: phase = array([0.70549099, 0.70549099])
1125.5324 	EXP 	center_grating: ori = 4.0
1125.5324 	EXP 	center_grating: sf = array([2.5, 2.5])
1125.5324 	EXP 	center_grating: phase = array([0.67435281, 0.67435281])
1126.2721 	EXP 	noise_3: autoDraw = True
1126.2721 	EXP 	surround_grating: autoDraw = True
1126.2721 	EXP 	center_grating: autoDraw = True
1126.3465 	EXP 	noise_3: autoDraw = False
1126.3465 	EXP 	surround_grating: autoDraw = False
1126.3465 	EXP 	center_grating: autoDraw = False
1127.1031 	DATA 	Keypress: period
1127.1101 	EXP 	New trial (rep=0, index=634): <Trial 634 (634 in rep 0) data={'center': -4, 'surround': 0.0, 'type': 'c-4', 'surr_type': 'noss', 'orient_opacity': 0, 'noise_opacity': 100, 'isi': 1.25, 'thisN': 634, 'thisTrialN': 634, 'thisRepN': 0}>
1127.1169 	INFO 	Keyboard events cleared
1127.1165 	EXP 	noise_3: autoDraw = False
1127.1165 	EXP 	surround_grating: autoDraw = False
1127.1165 	EXP 	center_grating: autoDraw = False
1127.1165 	EXP 	text_2: autoDraw = False
1127.1165 	EXP 	surround_grating: ori = 0.0
1127.1165 	EXP 	surround_grating: sf = array([2.5, 2.5])
1127.1165 	EXP 	surround_grating: phase = array([0.57058785, 0.57058785])
1127.1165 	EXP 	center_grating: ori = -4.0
1127.1165 	EXP 	center_grating: sf = array([2.5, 2.5])
1127.1165 	EXP 	center_grating: phase = array([0.80711619, 0.80711619])
1128.3561 	EXP 	noise_3: autoDraw = True
1128.3561 	EXP 	surround_grating: autoDraw = True
1128.3561 	EXP 	center_grating: autoDraw = True
1128.4302 	EXP 	noise_3: autoDraw = False
1128.4302 	EXP 	surround_grating: autoDraw = False
1128.4302 	EXP 	center_grating: autoDraw = False
1128.9496 	EXP 	New trial (rep=0, index=635): <Trial 635 (635 in rep 0) data={'center': 0, 'surround': 15.0, 'type': 'c+0', 'surr_type': 'poss', 'orient_opacity': 100, 'noise_opacity': 0, 'isi': 1.25, 'thisN': 635, 'thisTrialN': 635, 'thisRepN': 0}>
1128.9552 	DATA 	Keypress: z
1128.9616 	INFO 	Keyboard events cleared
1128.9611 	EXP 	noise_3: autoDraw = False
1128.9611 	EXP 	surround_grating: autoDraw = False
1128.9611 	EXP 	center_grating: autoDraw = False
1128.9611 	EXP 	text_2: autoDraw = False
1128.9611 	EXP 	surround_grating: ori = 15.0
1128.9611 	EXP 	surround_grating: sf = array([2.5, 2.5])
1128.9611 	EXP 	surround_grating: phase = array([0.24489601, 0.24489601])
1128.9611 	EXP 	center_grating: ori = 0.0
1128.9611 	EXP 	center_grating: sf = array([2.5, 2.5])
1128.9611 	EXP 	center_grating: phase = array([0.20302961, 0.20302961])
1130.1963 	EXP 	noise_3: autoDraw = True
1130.1963 	EXP 	surround_grating: autoDraw = True
1130.1963 	EXP 	center_grating: autoDraw = True
1130.2804 	EXP 	noise_3: autoDraw = False
1130.2804 	EXP 	surround_grating: autoDraw = False
1130.2804 	EXP 	center_grating: autoDraw = False
1130.8330 	EXP 	New trial (rep=0, index=636): <Trial 636 (636 in rep 0) data={'center': -2, 'surround': 15.0, 'type': 'c-2', 'surr_type': 'poss', 'orient_opacity': 100, 'noise_opacity': 0, 'isi': 0.75, 'thisN': 636, 'thisTrialN': 636, 'thisRepN': 0}>
1130.8381 	DATA 	Keypress: z
1130.8440 	INFO 	Keyboard events cleared
1130.8435 	EXP 	noise_3: autoDraw = False
1130.8435 	EXP 	surround_grating: autoDraw = False
1130.8435 	EXP 	center_grating: autoDraw = False
1130.8435 	EXP 	text_2: autoDraw = False
1130.8435 	EXP 	surround_grating: ori = 15.0
1130.8435 	EXP 	surround_grating: sf = array([2.5, 2.5])
1130.8435 	EXP 	surround_grating: phase = array([0.49024353, 0.49024353])
1130.8435 	EXP 	center_grating: ori = -2.0
1130.8435 	EXP 	center_grating: sf = array([2.5, 2.5])
1130.8435 	EXP 	center_grating: phase = array([0.22273834, 0.22273834])
1131.2086 	DATA 	Keypress: apostrophe
1131.5797 	EXP 	noise_3: autoDraw = True
1131.5797 	EXP 	surround_grating: autoDraw = True
1131.5797 	EXP 	center_grating: autoDraw = True
1131.6519 	EXP 	noise_3: autoDraw = False
1131.6519 	EXP 	surround_grating: autoDraw = False
1131.6519 	EXP 	center_grating: autoDraw = False
1132.1175 	EXP 	New trial (rep=0, index=637): <Trial 637 (637 in rep 0) data={'center': 2, 'surround': 15.0, 'type': 'c+2', 'surr_type': 'poss', 'orient_opacity': 100, 'noise_opacity': 0, 'isi': 0.75, 'thisN': 637, 'thisTrialN': 637, 'thisRepN': 0}>
1132.1228 	DATA 	Keypress: z
1132.1291 	INFO 	Keyboard events cleared
1132.1286 	EXP 	noise_3: autoDraw = False
1132.1286 	EXP 	surround_grating: autoDraw = False
1132.1286 	EXP 	center_grating: autoDraw = False
1132.1286 	EXP 	text_2: autoDraw = False
1132.1286 	EXP 	surround_grating: ori = 15.0
1132.1286 	EXP 	surround_grating: sf = array([2.5, 2.5])
1132.1286 	EXP 	surround_grating: phase = array([0.90215208, 0.90215208])
1132.1286 	EXP 	center_grating: ori = 2.0
1132.1286 	EXP 	center_grating: sf = array([2.5, 2.5])
1132.1286 	EXP 	center_grating: phase = array([0.00886959, 0.00886959])
1132.8631 	EXP 	noise_3: autoDraw = True
1132.8631 	EXP 	surround_grating: autoDraw = True
1132.8631 	EXP 	center_grating: autoDraw = True
1132.9355 	EXP 	noise_3: autoDraw = False
1132.9355 	EXP 	surround_grating: autoDraw = False
1132.9355 	EXP 	center_grating: autoDraw = False
1133.8056 	EXP 	New trial (rep=0, index=638): <Trial 638 (638 in rep 0) data={'center': 0, 'surround': 15.0, 'type': 'c+0', 'surr_type': 'poss', 'orient_opacity': 100, 'noise_opacity': 0, 'isi': 0.5, 'thisN': 638, 'thisTrialN': 638, 'thisRepN': 0}>
1133.8106 	DATA 	Keypress: z
1133.8165 	INFO 	Keyboard events cleared
1133.8159 	EXP 	noise_3: autoDraw = False
1133.8159 	EXP 	surround_grating: autoDraw = False
1133.8159 	EXP 	center_grating: autoDraw = False
1133.8159 	EXP 	text_2: autoDraw = False
1133.8159 	EXP 	surround_grating: ori = 15.0
1133.8159 	EXP 	surround_grating: sf = array([2.5, 2.5])
1133.8159 	EXP 	surround_grating: phase = array([0.694973, 0.694973])
1133.8159 	EXP 	center_grating: ori = 0.0
1133.8159 	EXP 	center_grating: sf = array([2.5, 2.5])
1133.8159 	EXP 	center_grating: phase = array([0.7652147, 0.7652147])
1133.8195 	DATA 	Keypress: period
1134.0164 	EXP 	New trial (rep=0, index=639): <Trial 639 (639 in rep 0) data={'center': -2, 'surround': 15.0, 'type': 'c-2', 'surr_type': 'poss', 'orient_opacity': 100, 'noise_opacity': 0, 'isi': 0.75, 'thisN': 639, 'thisTrialN': 639, 'thisRepN': 0}>
1134.0256 	INFO 	Keyboard events cleared
1134.0251 	EXP 	noise_3: autoDraw = False
1134.0251 	EXP 	surround_grating: autoDraw = False
1134.0251 	EXP 	center_grating: autoDraw = False
1134.0251 	EXP 	text_2: autoDraw = False
1134.0251 	EXP 	surround_grating: ori = 15.0
1134.0251 	EXP 	surround_grating: sf = array([2.5, 2.5])
1134.0251 	EXP 	surround_grating: phase = array([0.68974814, 0.68974814])
1134.0251 	EXP 	center_grating: ori = -2.0
1134.0251 	EXP 	center_grating: sf = array([2.5, 2.5])
1134.0251 	EXP 	center_grating: phase = array([0.82939483, 0.82939483])
1134.7632 	EXP 	noise_3: autoDraw = True
1134.7632 	EXP 	surround_grating: autoDraw = True
1134.7632 	EXP 	center_grating: autoDraw = True
1134.8357 	EXP 	noise_3: autoDraw = False
1134.8357 	EXP 	surround_grating: autoDraw = False
1134.8357 	EXP 	center_grating: autoDraw = False
1135.3504 	EXP 	New trial (rep=0, index=640): <Trial 640 (640 in rep 0) data={'center': -2, 'surround': -15.0, 'type': 'c-2', 'surr_type': 'negs', 'orient_opacity': 100, 'noise_opacity': 0, 'isi': 1.0, 'thisN': 640, 'thisTrialN': 640, 'thisRepN': 0}>
1135.3568 	DATA 	Keypress: z
1135.3629 	INFO 	Keyboard events cleared
1135.3624 	EXP 	noise_3: autoDraw = False
1135.3624 	EXP 	surround_grating: autoDraw = False
1135.3624 	EXP 	center_grating: autoDraw = False
1135.3624 	EXP 	text_2: autoDraw = False
1135.3624 	EXP 	surround_grating: ori = -15.0
1135.3624 	EXP 	surround_grating: sf = array([2.5, 2.5])
1135.3624 	EXP 	surround_grating: phase = array([0.38027018, 0.38027018])
1135.3624 	EXP 	center_grating: ori = -2.0
1135.3624 	EXP 	center_grating: sf = array([2.5, 2.5])
1135.3624 	EXP 	center_grating: phase = array([0.18055393, 0.18055393])
1135.4164 	EXP 	New trial (rep=0, index=641): <Trial 641 (641 in rep 0) data={'center': -6, 'surround': -15.0, 'type': 'c-6', 'surr_type': 'negs', 'orient_opacity': 100, 'noise_opacity': 0, 'isi': 0.75, 'thisN': 641, 'thisTrialN': 641, 'thisRepN': 0}>
1135.4213 	DATA 	Keypress: period
1135.4273 	INFO 	Keyboard events cleared
1135.4269 	EXP 	noise_3: autoDraw = False
1135.4269 	EXP 	surround_grating: autoDraw = False
1135.4269 	EXP 	center_grating: autoDraw = False
1135.4269 	EXP 	text_2: autoDraw = False
1135.4269 	EXP 	surround_grating: ori = -15.0
1135.4269 	EXP 	surround_grating: sf = array([2.5, 2.5])
1135.4269 	EXP 	surround_grating: phase = array([0.07900352, 0.07900352])
1135.4269 	EXP 	center_grating: ori = -6.0
1135.4269 	EXP 	center_grating: sf = array([2.5, 2.5])
1135.4269 	EXP 	center_grating: phase = array([0.59737298, 0.59737298])
1136.1632 	EXP 	noise_3: autoDraw = True
1136.1632 	EXP 	surround_grating: autoDraw = True
1136.1632 	EXP 	center_grating: autoDraw = True
1136.2022 	DATA 	Keypress: apostrophe
1136.2473 	EXP 	noise_3: autoDraw = False
1136.2473 	EXP 	surround_grating: autoDraw = False
1136.2473 	EXP 	center_grating: autoDraw = False
1138.7905 	EXP 	New trial (rep=0, index=642): <Trial 642 (642 in rep 0) data={'center': -2, 'surround': 0.0, 'type': 'c-2', 'surr_type': 'noss', 'orient_opacity': 0, 'noise_opacity': 100, 'isi': 0.75, 'thisN': 642, 'thisTrialN': 642, 'thisRepN': 0}>
1138.7962 	DATA 	Keypress: z
1138.8016 	INFO 	Keyboard events cleared
1138.8010 	EXP 	noise_3: autoDraw = False
1138.8010 	EXP 	surround_grating: autoDraw = False
1138.8010 	EXP 	center_grating: autoDraw = False
1138.8010 	EXP 	text_2: autoDraw = False
1138.8010 	EXP 	surround_grating: ori = 0.0
1138.8010 	EXP 	surround_grating: sf = array([2.5, 2.5])
1138.8010 	EXP 	surround_grating: phase = array([0.18397562, 0.18397562])
1138.8010 	EXP 	center_grating: ori = -2.0
1138.8010 	EXP 	center_grating: sf = array([2.5, 2.5])
1138.8010 	EXP 	center_grating: phase = array([0.58725833, 0.58725833])
1139.5397 	EXP 	noise_3: autoDraw = True
1139.5397 	EXP 	surround_grating: autoDraw = True
1139.5397 	EXP 	center_grating: autoDraw = True
1139.6138 	EXP 	noise_3: autoDraw = False
1139.6138 	EXP 	surround_grating: autoDraw = False
1139.6138 	EXP 	center_grating: autoDraw = False
1140.1396 	EXP 	New trial (rep=0, index=643): <Trial 643 (643 in rep 0) data={'center': -8, 'surround': -15.0, 'type': 'c-8', 'surr_type': 'negs', 'orient_opacity': 100, 'noise_opacity': 0, 'isi': 1.25, 'thisN': 643, 'thisTrialN': 643, 'thisRepN': 0}>
1140.1446 	DATA 	Keypress: z
1140.1503 	INFO 	Keyboard events cleared
1140.1498 	EXP 	noise_3: autoDraw = False
1140.1498 	EXP 	surround_grating: autoDraw = False
1140.1498 	EXP 	center_grating: autoDraw = False
1140.1498 	EXP 	text_2: autoDraw = False
1140.1498 	EXP 	surround_grating: ori = -15.0
1140.1498 	EXP 	surround_grating: sf = array([2.5, 2.5])
1140.1498 	EXP 	surround_grating: phase = array([0.16443723, 0.16443723])
1140.1498 	EXP 	center_grating: ori = -8.0
1140.1498 	EXP 	center_grating: sf = array([2.5, 2.5])
1140.1498 	EXP 	center_grating: phase = array([0.92889765, 0.92889765])
1141.3903 	EXP 	noise_3: autoDraw = True
1141.3903 	EXP 	surround_grating: autoDraw = True
1141.3903 	EXP 	center_grating: autoDraw = True
1141.4639 	EXP 	noise_3: autoDraw = False
1141.4639 	EXP 	surround_grating: autoDraw = False
1141.4639 	EXP 	center_grating: autoDraw = False
1141.8676 	EXP 	New trial (rep=0, index=644): <Trial 644 (644 in rep 0) data={'center': -6, 'surround': -15.0, 'type': 'c-6', 'surr_type': 'negs', 'orient_opacity': 100, 'noise_opacity': 0, 'isi': 1.0, 'thisN': 644, 'thisTrialN': 644, 'thisRepN': 0}>
1141.8732 	DATA 	Keypress: z
1141.8791 	INFO 	Keyboard events cleared
1141.8787 	EXP 	noise_3: autoDraw = False
1141.8787 	EXP 	surround_grating: autoDraw = False
1141.8787 	EXP 	center_grating: autoDraw = False
1141.8787 	EXP 	text_2: autoDraw = False
1141.8787 	EXP 	surround_grating: ori = -15.0
1141.8787 	EXP 	surround_grating: sf = array([2.5, 2.5])
1141.8787 	EXP 	surround_grating: phase = array([0.18475305, 0.18475305])
1141.8787 	EXP 	center_grating: ori = -6.0
1141.8787 	EXP 	center_grating: sf = array([2.5, 2.5])
1141.8787 	EXP 	center_grating: phase = array([0.42393206, 0.42393206])
1142.8635 	EXP 	noise_3: autoDraw = True
1142.8635 	EXP 	surround_grating: autoDraw = True
1142.8635 	EXP 	center_grating: autoDraw = True
1142.9364 	EXP 	noise_3: autoDraw = False
1142.9364 	EXP 	surround_grating: autoDraw = False
1142.9364 	EXP 	center_grating: autoDraw = False
1143.2494 	EXP 	New trial (rep=0, index=645): <Trial 645 (645 in rep 0) data={'center': 2, 'surround': -15.0, 'type': 'c+2', 'surr_type': 'negs', 'orient_opacity': 100, 'noise_opacity': 0, 'isi': 1.25, 'thisN': 645, 'thisTrialN': 645, 'thisRepN': 0}>
1143.2548 	DATA 	Keypress: z
1143.2607 	INFO 	Keyboard events cleared
1143.2601 	EXP 	noise_3: autoDraw = False
1143.2601 	EXP 	surround_grating: autoDraw = False
1143.2601 	EXP 	center_grating: autoDraw = False
1143.2601 	EXP 	text_2: autoDraw = False
1143.2601 	EXP 	surround_grating: ori = -15.0
1143.2601 	EXP 	surround_grating: sf = array([2.5, 2.5])
1143.2601 	EXP 	surround_grating: phase = array([0.44920518, 0.44920518])
1143.2601 	EXP 	center_grating: ori = 2.0
1143.2601 	EXP 	center_grating: sf = array([2.5, 2.5])
1143.2601 	EXP 	center_grating: phase = array([0.37869372, 0.37869372])
1144.4969 	EXP 	noise_3: autoDraw = True
1144.4969 	EXP 	surround_grating: autoDraw = True
1144.4969 	EXP 	center_grating: autoDraw = True
1144.5689 	EXP 	noise_3: autoDraw = False
1144.5689 	EXP 	surround_grating: autoDraw = False
1144.5689 	EXP 	center_grating: autoDraw = False
1144.8735 	EXP 	New trial (rep=0, index=646): <Trial 646 (646 in rep 0) data={'center': -4, 'surround': 0.0, 'type': 'c-4', 'surr_type': 'noss', 'orient_opacity': 0, 'noise_opacity': 100, 'isi': 1.25, 'thisN': 646, 'thisTrialN': 646, 'thisRepN': 0}>
1144.8787 	DATA 	Keypress: z
1144.8844 	INFO 	Keyboard events cleared
1144.8838 	EXP 	noise_3: autoDraw = False
1144.8838 	EXP 	surround_grating: autoDraw = False
1144.8838 	EXP 	center_grating: autoDraw = False
1144.8838 	EXP 	text_2: autoDraw = False
1144.8838 	EXP 	surround_grating: ori = 0.0
1144.8838 	EXP 	surround_grating: sf = array([2.5, 2.5])
1144.8838 	EXP 	surround_grating: phase = array([0.69743467, 0.69743467])
1144.8838 	EXP 	center_grating: ori = -4.0
1144.8838 	EXP 	center_grating: sf = array([2.5, 2.5])
1144.8838 	EXP 	center_grating: phase = array([0.0513088, 0.0513088])
1145.2227 	EXP 	New trial (rep=0, index=647): <Trial 647 (647 in rep 0) data={'center': -4, 'surround': -15.0, 'type': 'c-4', 'surr_type': 'negs', 'orient_opacity': 100, 'noise_opacity': 0, 'isi': 1.0, 'thisN': 647, 'thisTrialN': 647, 'thisRepN': 0}>
1145.2278 	DATA 	Keypress: period
1145.2334 	INFO 	Keyboard events cleared
1145.2329 	EXP 	noise_3: autoDraw = False
1145.2329 	EXP 	surround_grating: autoDraw = False
1145.2329 	EXP 	center_grating: autoDraw = False
1145.2329 	EXP 	text_2: autoDraw = False
1145.2329 	EXP 	surround_grating: ori = -15.0
1145.2329 	EXP 	surround_grating: sf = array([2.5, 2.5])
1145.2329 	EXP 	surround_grating: phase = array([0.59978577, 0.59978577])
1145.2329 	EXP 	center_grating: ori = -4.0
1145.2329 	EXP 	center_grating: sf = array([2.5, 2.5])
1145.2329 	EXP 	center_grating: phase = array([0.17210871, 0.17210871])
1146.2228 	EXP 	noise_3: autoDraw = True
1146.2228 	EXP 	surround_grating: autoDraw = True
1146.2228 	EXP 	center_grating: autoDraw = True
1146.2975 	EXP 	noise_3: autoDraw = False
1146.2975 	EXP 	surround_grating: autoDraw = False
1146.2975 	EXP 	center_grating: autoDraw = False
1146.8986 	EXP 	New trial (rep=0, index=648): <Trial 648 (648 in rep 0) data={'center': 2, 'surround': 15.0, 'type': 'c+2', 'surr_type': 'poss', 'orient_opacity': 100, 'noise_opacity': 0, 'isi': 0.5, 'thisN': 648, 'thisTrialN': 648, 'thisRepN': 0}>
1146.9035 	DATA 	Keypress: z
1146.9096 	INFO 	Keyboard events cleared
1146.9091 	EXP 	noise_3: autoDraw = False
1146.9091 	EXP 	surround_grating: autoDraw = False
1146.9091 	EXP 	center_grating: autoDraw = False
1146.9091 	EXP 	text_2: autoDraw = False
1146.9091 	EXP 	surround_grating: ori = 15.0
1146.9091 	EXP 	surround_grating: sf = array([2.5, 2.5])
1146.9091 	EXP 	surround_grating: phase = array([0.09183963, 0.09183963])
1146.9091 	EXP 	center_grating: ori = 2.0
1146.9091 	EXP 	center_grating: sf = array([2.5, 2.5])
1146.9091 	EXP 	center_grating: phase = array([0.74691501, 0.74691501])
1147.3901 	EXP 	noise_3: autoDraw = True
1147.3901 	EXP 	surround_grating: autoDraw = True
1147.3901 	EXP 	center_grating: autoDraw = True
1147.4643 	EXP 	noise_3: autoDraw = False
1147.4643 	EXP 	surround_grating: autoDraw = False
1147.4643 	EXP 	center_grating: autoDraw = False
1148.3055 	EXP 	New trial (rep=0, index=649): <Trial 649 (649 in rep 0) data={'center': 4, 'surround': 15.0, 'type': 'c+4', 'surr_type': 'poss', 'orient_opacity': 100, 'noise_opacity': 0, 'isi': 1.0, 'thisN': 649, 'thisTrialN': 649, 'thisRepN': 0}>
1148.3106 	DATA 	Keypress: period
1148.3168 	INFO 	Keyboard events cleared
1148.3163 	EXP 	noise_3: autoDraw = False
1148.3163 	EXP 	surround_grating: autoDraw = False
1148.3163 	EXP 	center_grating: autoDraw = False
1148.3163 	EXP 	text_2: autoDraw = False
1148.3163 	EXP 	surround_grating: ori = 15.0
1148.3163 	EXP 	surround_grating: sf = array([2.5, 2.5])
1148.3163 	EXP 	surround_grating: phase = array([0.34437186, 0.34437186])
1148.3163 	EXP 	center_grating: ori = 4.0
1148.3163 	EXP 	center_grating: sf = array([2.5, 2.5])
1148.3163 	EXP 	center_grating: phase = array([0.86230686, 0.86230686])
1148.3383 	EXP 	New trial (rep=0, index=650): <Trial 650 (650 in rep 0) data={'center': -2, 'surround': -15.0, 'type': 'c-2', 'surr_type': 'negs', 'orient_opacity': 100, 'noise_opacity': 0, 'isi': 0.75, 'thisN': 650, 'thisTrialN': 650, 'thisRepN': 0}>
1148.3428 	DATA 	Keypress: z
1148.3644 	INFO 	Keyboard events cleared
1148.3638 	EXP 	noise_3: autoDraw = False
1148.3638 	EXP 	surround_grating: autoDraw = False
1148.3638 	EXP 	center_grating: autoDraw = False
1148.3638 	EXP 	text_2: autoDraw = False
1148.3638 	EXP 	surround_grating: ori = -15.0
1148.3638 	EXP 	surround_grating: sf = array([2.5, 2.5])
1148.3638 	EXP 	surround_grating: phase = array([0.40209227, 0.40209227])
1148.3638 	EXP 	center_grating: ori = -2.0
1148.3638 	EXP 	center_grating: sf = array([2.5, 2.5])
1148.3638 	EXP 	center_grating: phase = array([0.06324392, 0.06324392])
1149.0901 	EXP 	noise_3: autoDraw = True
1149.0901 	EXP 	surround_grating: autoDraw = True
1149.0901 	EXP 	center_grating: autoDraw = True
1149.1640 	EXP 	noise_3: autoDraw = False
1149.1640 	EXP 	surround_grating: autoDraw = False
1149.1640 	EXP 	center_grating: autoDraw = False
1149.7336 	EXP 	New trial (rep=0, index=651): <Trial 651 (651 in rep 0) data={'center': -2, 'surround': 15.0, 'type': 'c-2', 'surr_type': 'poss', 'orient_opacity': 100, 'noise_opacity': 0, 'isi': 1.25, 'thisN': 651, 'thisTrialN': 651, 'thisRepN': 0}>
1149.7386 	DATA 	Keypress: period
1149.7447 	INFO 	Keyboard events cleared
1149.7441 	EXP 	noise_3: autoDraw = False
1149.7441 	EXP 	surround_grating: autoDraw = False
1149.7441 	EXP 	center_grating: autoDraw = False
1149.7441 	EXP 	text_2: autoDraw = False
1149.7441 	EXP 	surround_grating: ori = 15.0
1149.7441 	EXP 	surround_grating: sf = array([2.5, 2.5])
1149.7441 	EXP 	surround_grating: phase = array([0.19032224, 0.19032224])
1149.7441 	EXP 	center_grating: ori = -2.0
1149.7441 	EXP 	center_grating: sf = array([2.5, 2.5])
1149.7441 	EXP 	center_grating: phase = array([0.09823325, 0.09823325])
1149.7479 	DATA 	Keypress: z
1149.8336 	EXP 	New trial (rep=0, index=652): <Trial 652 (652 in rep 0) data={'center': 6, 'surround': 15.0, 'type': 'c+6', 'surr_type': 'poss', 'orient_opacity': 100, 'noise_opacity': 0, 'isi': 0.5, 'thisN': 652, 'thisTrialN': 652, 'thisRepN': 0}>
1149.8428 	INFO 	Keyboard events cleared
1149.8423 	EXP 	noise_3: autoDraw = False
1149.8423 	EXP 	surround_grating: autoDraw = False
1149.8423 	EXP 	center_grating: autoDraw = False
1149.8423 	EXP 	text_2: autoDraw = False
1149.8423 	EXP 	surround_grating: ori = 15.0
1149.8423 	EXP 	surround_grating: sf = array([2.5, 2.5])
1149.8423 	EXP 	surround_grating: phase = array([0.69831661, 0.69831661])
1149.8423 	EXP 	center_grating: ori = 6.0
1149.8423 	EXP 	center_grating: sf = array([2.5, 2.5])
1149.8423 	EXP 	center_grating: phase = array([0.54920164, 0.54920164])
1150.3303 	EXP 	noise_3: autoDraw = True
1150.3303 	EXP 	surround_grating: autoDraw = True
1150.3303 	EXP 	center_grating: autoDraw = True
1150.4034 	EXP 	noise_3: autoDraw = False
1150.4034 	EXP 	surround_grating: autoDraw = False
1150.4034 	EXP 	center_grating: autoDraw = False
1150.8844 	EXP 	New trial (rep=0, index=653): <Trial 653 (653 in rep 0) data={'center': 0, 'surround': 15.0, 'type': 'c+0', 'surr_type': 'poss', 'orient_opacity': 100, 'noise_opacity': 0, 'isi': 0.5, 'thisN': 653, 'thisTrialN': 653, 'thisRepN': 0}>
1150.8898 	DATA 	Keypress: period
1150.8958 	INFO 	Keyboard events cleared
1150.8954 	EXP 	noise_3: autoDraw = False
1150.8954 	EXP 	surround_grating: autoDraw = False
1150.8954 	EXP 	center_grating: autoDraw = False
1150.8954 	EXP 	text_2: autoDraw = False
1150.8954 	EXP 	surround_grating: ori = 15.0
1150.8954 	EXP 	surround_grating: sf = array([2.5, 2.5])
1150.8954 	EXP 	surround_grating: phase = array([0.82933673, 0.82933673])
1150.8954 	EXP 	center_grating: ori = 0.0
1150.8954 	EXP 	center_grating: sf = array([2.5, 2.5])
1150.8954 	EXP 	center_grating: phase = array([0.0057867, 0.0057867])
1150.9165 	EXP 	New trial (rep=0, index=654): <Trial 654 (654 in rep 0) data={'center': -8, 'surround': -15.0, 'type': 'c-8', 'surr_type': 'negs', 'orient_opacity': 100, 'noise_opacity': 0, 'isi': 0.5, 'thisN': 654, 'thisTrialN': 654, 'thisRepN': 0}>
1150.9217 	DATA 	Keypress: z
1150.9277 	INFO 	Keyboard events cleared
1150.9273 	EXP 	noise_3: autoDraw = False
1150.9273 	EXP 	surround_grating: autoDraw = False
1150.9273 	EXP 	center_grating: autoDraw = False
1150.9273 	EXP 	text_2: autoDraw = False
1150.9273 	EXP 	surround_grating: ori = -15.0
1150.9273 	EXP 	surround_grating: sf = array([2.5, 2.5])
1150.9273 	EXP 	surround_grating: phase = array([0.4110675, 0.4110675])
1150.9273 	EXP 	center_grating: ori = -8.0
1150.9273 	EXP 	center_grating: sf = array([2.5, 2.5])
1150.9273 	EXP 	center_grating: phase = array([0.80521823, 0.80521823])
1151.4131 	EXP 	noise_3: autoDraw = True
1151.4131 	EXP 	surround_grating: autoDraw = True
1151.4131 	EXP 	center_grating: autoDraw = True
1151.4872 	EXP 	noise_3: autoDraw = False
1151.4872 	EXP 	surround_grating: autoDraw = False
1151.4872 	EXP 	center_grating: autoDraw = False
1151.9838 	EXP 	New trial (rep=0, index=655): <Trial 655 (655 in rep 0) data={'center': 4, 'surround': 0.0, 'type': 'c+4', 'surr_type': 'noss', 'orient_opacity': 0, 'noise_opacity': 100, 'isi': 0.5, 'thisN': 655, 'thisTrialN': 655, 'thisRepN': 0}>
1151.9892 	DATA 	Keypress: z
1151.9953 	INFO 	Keyboard events cleared
1151.9947 	EXP 	noise_3: autoDraw = False
1151.9947 	EXP 	surround_grating: autoDraw = False
1151.9947 	EXP 	center_grating: autoDraw = False
1151.9947 	EXP 	text_2: autoDraw = False
1151.9947 	EXP 	surround_grating: ori = 0.0
1151.9947 	EXP 	surround_grating: sf = array([2.5, 2.5])
1151.9947 	EXP 	surround_grating: phase = array([0.08588429, 0.08588429])
1151.9947 	EXP 	center_grating: ori = 4.0
1151.9947 	EXP 	center_grating: sf = array([2.5, 2.5])
1151.9947 	EXP 	center_grating: phase = array([0.09678767, 0.09678767])
1152.4800 	EXP 	noise_3: autoDraw = True
1152.4800 	EXP 	surround_grating: autoDraw = True
1152.4800 	EXP 	center_grating: autoDraw = True
1152.5526 	EXP 	noise_3: autoDraw = False
1152.5526 	EXP 	surround_grating: autoDraw = False
1152.5526 	EXP 	center_grating: autoDraw = False
1152.9827 	EXP 	New trial (rep=0, index=656): <Trial 656 (656 in rep 0) data={'center': -4, 'surround': -15.0, 'type': 'c-4', 'surr_type': 'negs', 'orient_opacity': 100, 'noise_opacity': 0, 'isi': 0.5, 'thisN': 656, 'thisTrialN': 656, 'thisRepN': 0}>
1152.9877 	DATA 	Keypress: period
1152.9940 	INFO 	Keyboard events cleared
1152.9935 	EXP 	noise_3: autoDraw = False
1152.9935 	EXP 	surround_grating: autoDraw = False
1152.9935 	EXP 	center_grating: autoDraw = False
1152.9935 	EXP 	text_2: autoDraw = False
1152.9935 	EXP 	surround_grating: ori = -15.0
1152.9935 	EXP 	surround_grating: sf = array([2.5, 2.5])
1152.9935 	EXP 	surround_grating: phase = array([0.16288472, 0.16288472])
1152.9935 	EXP 	center_grating: ori = -4.0
1152.9935 	EXP 	center_grating: sf = array([2.5, 2.5])
1152.9935 	EXP 	center_grating: phase = array([0.53984138, 0.53984138])
1153.4805 	EXP 	noise_3: autoDraw = True
1153.4805 	EXP 	surround_grating: autoDraw = True
1153.4805 	EXP 	center_grating: autoDraw = True
1153.5525 	EXP 	noise_3: autoDraw = False
1153.5525 	EXP 	surround_grating: autoDraw = False
1153.5525 	EXP 	center_grating: autoDraw = False
1154.1568 	EXP 	New trial (rep=0, index=657): <Trial 657 (657 in rep 0) data={'center': 2, 'surround': -15.0, 'type': 'c+2', 'surr_type': 'negs', 'orient_opacity': 100, 'noise_opacity': 0, 'isi': 1.0, 'thisN': 657, 'thisTrialN': 657, 'thisRepN': 0}>
1154.1620 	DATA 	Keypress: z
1154.1675 	INFO 	Keyboard events cleared
1154.1669 	EXP 	noise_3: autoDraw = False
1154.1669 	EXP 	surround_grating: autoDraw = False
1154.1669 	EXP 	center_grating: autoDraw = False
1154.1669 	EXP 	text_2: autoDraw = False
1154.1669 	EXP 	surround_grating: ori = -15.0
1154.1669 	EXP 	surround_grating: sf = array([2.5, 2.5])
1154.1669 	EXP 	surround_grating: phase = array([0.93379258, 0.93379258])
1154.1669 	EXP 	center_grating: ori = 2.0
1154.1669 	EXP 	center_grating: sf = array([2.5, 2.5])
1154.1669 	EXP 	center_grating: phase = array([0.82761127, 0.82761127])
1155.1566 	EXP 	noise_3: autoDraw = True
1155.1566 	EXP 	surround_grating: autoDraw = True
1155.1566 	EXP 	center_grating: autoDraw = True
1155.2310 	EXP 	noise_3: autoDraw = False
1155.2310 	EXP 	surround_grating: autoDraw = False
1155.2310 	EXP 	center_grating: autoDraw = False
1155.6742 	EXP 	New trial (rep=0, index=658): <Trial 658 (658 in rep 0) data={'center': 4, 'surround': 0.0, 'type': 'c+4', 'surr_type': 'noss', 'orient_opacity': 0, 'noise_opacity': 100, 'isi': 1.25, 'thisN': 658, 'thisTrialN': 658, 'thisRepN': 0}>
1155.6794 	DATA 	Keypress: period
1155.6849 	INFO 	Keyboard events cleared
1155.6844 	EXP 	noise_3: autoDraw = False
1155.6844 	EXP 	surround_grating: autoDraw = False
1155.6844 	EXP 	center_grating: autoDraw = False
1155.6844 	EXP 	text_2: autoDraw = False
1155.6844 	EXP 	surround_grating: ori = 0.0
1155.6844 	EXP 	surround_grating: sf = array([2.5, 2.5])
1155.6844 	EXP 	surround_grating: phase = array([0.68641113, 0.68641113])
1155.6844 	EXP 	center_grating: ori = 4.0
1155.6844 	EXP 	center_grating: sf = array([2.5, 2.5])
1155.6844 	EXP 	center_grating: phase = array([0.99941618, 0.99941618])
1156.9230 	EXP 	noise_3: autoDraw = True
1156.9230 	EXP 	surround_grating: autoDraw = True
1156.9230 	EXP 	center_grating: autoDraw = True
1156.9979 	EXP 	noise_3: autoDraw = False
1156.9979 	EXP 	surround_grating: autoDraw = False
1156.9979 	EXP 	center_grating: autoDraw = False
1157.4562 	EXP 	New trial (rep=0, index=659): <Trial 659 (659 in rep 0) data={'center': -6, 'surround': -15.0, 'type': 'c-6', 'surr_type': 'negs', 'orient_opacity': 100, 'noise_opacity': 0, 'isi': 0.5, 'thisN': 659, 'thisTrialN': 659, 'thisRepN': 0}>
1157.4615 	DATA 	Keypress: period
1157.4674 	INFO 	Keyboard events cleared
1157.4669 	EXP 	noise_3: autoDraw = False
1157.4669 	EXP 	surround_grating: autoDraw = False
1157.4669 	EXP 	center_grating: autoDraw = False
1157.4669 	EXP 	text_2: autoDraw = False
1157.4669 	EXP 	surround_grating: ori = -15.0
1157.4669 	EXP 	surround_grating: sf = array([2.5, 2.5])
1157.4669 	EXP 	surround_grating: phase = array([0.59366986, 0.59366986])
1157.4669 	EXP 	center_grating: ori = -6.0
1157.4669 	EXP 	center_grating: sf = array([2.5, 2.5])
1157.4669 	EXP 	center_grating: phase = array([0.81435681, 0.81435681])
1157.9576 	EXP 	noise_3: autoDraw = True
1157.9576 	EXP 	surround_grating: autoDraw = True
1157.9576 	EXP 	center_grating: autoDraw = True
1158.0312 	EXP 	noise_3: autoDraw = False
1158.0312 	EXP 	surround_grating: autoDraw = False
1158.0312 	EXP 	center_grating: autoDraw = False
1158.5349 	EXP 	New trial (rep=0, index=660): <Trial 660 (660 in rep 0) data={'center': -4, 'surround': 0.0, 'type': 'c-4', 'surr_type': 'noss', 'orient_opacity': 0, 'noise_opacity': 100, 'isi': 1.25, 'thisN': 660, 'thisTrialN': 660, 'thisRepN': 0}>
1158.5407 	DATA 	Keypress: z
1158.5471 	INFO 	Keyboard events cleared
1158.5465 	EXP 	noise_3: autoDraw = False
1158.5465 	EXP 	surround_grating: autoDraw = False
1158.5465 	EXP 	center_grating: autoDraw = False
1158.5465 	EXP 	text_2: autoDraw = False
1158.5465 	EXP 	surround_grating: ori = 0.0
1158.5465 	EXP 	surround_grating: sf = array([2.5, 2.5])
1158.5465 	EXP 	surround_grating: phase = array([0.21645714, 0.21645714])
1158.5465 	EXP 	center_grating: ori = -4.0
1158.5465 	EXP 	center_grating: sf = array([2.5, 2.5])
1158.5465 	EXP 	center_grating: phase = array([0.33175792, 0.33175792])
1159.7808 	EXP 	noise_3: autoDraw = True
1159.7808 	EXP 	surround_grating: autoDraw = True
1159.7808 	EXP 	center_grating: autoDraw = True
1159.8529 	EXP 	noise_3: autoDraw = False
1159.8529 	EXP 	surround_grating: autoDraw = False
1159.8529 	EXP 	center_grating: autoDraw = False
1160.4400 	EXP 	New trial (rep=0, index=661): <Trial 661 (661 in rep 0) data={'center': 0, 'surround': 15.0, 'type': 'c+0', 'surr_type': 'poss', 'orient_opacity': 100, 'noise_opacity': 0, 'isi': 1.0, 'thisN': 661, 'thisTrialN': 661, 'thisRepN': 0}>
1160.4450 	DATA 	Keypress: z
1160.4510 	INFO 	Keyboard events cleared
1160.4505 	EXP 	noise_3: autoDraw = False
1160.4505 	EXP 	surround_grating: autoDraw = False
1160.4505 	EXP 	center_grating: autoDraw = False
1160.4505 	EXP 	text_2: autoDraw = False
1160.4505 	EXP 	surround_grating: ori = 15.0
1160.4505 	EXP 	surround_grating: sf = array([2.5, 2.5])
1160.4505 	EXP 	surround_grating: phase = array([0.06740127, 0.06740127])
1160.4505 	EXP 	center_grating: ori = 0.0
1160.4505 	EXP 	center_grating: sf = array([2.5, 2.5])
1160.4505 	EXP 	center_grating: phase = array([0.22832516, 0.22832516])
1161.4411 	EXP 	noise_3: autoDraw = True
1161.4411 	EXP 	surround_grating: autoDraw = True
1161.4411 	EXP 	center_grating: autoDraw = True
1161.5146 	EXP 	noise_3: autoDraw = False
1161.5146 	EXP 	surround_grating: autoDraw = False
1161.5146 	EXP 	center_grating: autoDraw = False
1162.1510 	EXP 	New trial (rep=0, index=662): <Trial 662 (662 in rep 0) data={'center': -2, 'surround': 15.0, 'type': 'c-2', 'surr_type': 'poss', 'orient_opacity': 100, 'noise_opacity': 0, 'isi': 1.0, 'thisN': 662, 'thisTrialN': 662, 'thisRepN': 0}>
1162.1565 	DATA 	Keypress: z
1162.1648 	INFO 	Keyboard events cleared
1162.1642 	EXP 	noise_3: autoDraw = False
1162.1642 	EXP 	surround_grating: autoDraw = False
1162.1642 	EXP 	center_grating: autoDraw = False
1162.1642 	EXP 	text_2: autoDraw = False
1162.1642 	EXP 	surround_grating: ori = 15.0
1162.1642 	EXP 	surround_grating: sf = array([2.5, 2.5])
1162.1642 	EXP 	surround_grating: phase = array([0.33007779, 0.33007779])
1162.1642 	EXP 	center_grating: ori = -2.0
1162.1642 	EXP 	center_grating: sf = array([2.5, 2.5])
1162.1642 	EXP 	center_grating: phase = array([0.26902265, 0.26902265])
1163.1475 	EXP 	noise_3: autoDraw = True
1163.1475 	EXP 	surround_grating: autoDraw = True
1163.1475 	EXP 	center_grating: autoDraw = True
1163.2196 	EXP 	noise_3: autoDraw = False
1163.2196 	EXP 	surround_grating: autoDraw = False
1163.2196 	EXP 	center_grating: autoDraw = False
1163.7843 	EXP 	New trial (rep=0, index=663): <Trial 663 (663 in rep 0) data={'center': -2, 'surround': -15.0, 'type': 'c-2', 'surr_type': 'negs', 'orient_opacity': 100, 'noise_opacity': 0, 'isi': 1.0, 'thisN': 663, 'thisTrialN': 663, 'thisRepN': 0}>
1163.7903 	DATA 	Keypress: z
1163.7963 	INFO 	Keyboard events cleared
1163.7959 	EXP 	noise_3: autoDraw = False
1163.7959 	EXP 	surround_grating: autoDraw = False
1163.7959 	EXP 	center_grating: autoDraw = False
1163.7959 	EXP 	text_2: autoDraw = False
1163.7959 	EXP 	surround_grating: ori = -15.0
1163.7959 	EXP 	surround_grating: sf = array([2.5, 2.5])
1163.7959 	EXP 	surround_grating: phase = array([0.9696978, 0.9696978])
1163.7959 	EXP 	center_grating: ori = -2.0
1163.7959 	EXP 	center_grating: sf = array([2.5, 2.5])
1163.7959 	EXP 	center_grating: phase = array([0.03971095, 0.03971095])
1164.7810 	EXP 	noise_3: autoDraw = True
1164.7810 	EXP 	surround_grating: autoDraw = True
1164.7810 	EXP 	center_grating: autoDraw = True
1164.8533 	EXP 	noise_3: autoDraw = False
1164.8533 	EXP 	surround_grating: autoDraw = False
1164.8533 	EXP 	center_grating: autoDraw = False
1166.2840 	EXP 	New trial (rep=0, index=664): <Trial 664 (664 in rep 0) data={'center': 6, 'surround': 15.0, 'type': 'c+6', 'surr_type': 'poss', 'orient_opacity': 100, 'noise_opacity': 0, 'isi': 1.25, 'thisN': 664, 'thisTrialN': 664, 'thisRepN': 0}>
1166.2892 	DATA 	Keypress: z
1166.2952 	INFO 	Keyboard events cleared
1166.2946 	EXP 	noise_3: autoDraw = False
1166.2946 	EXP 	surround_grating: autoDraw = False
1166.2946 	EXP 	center_grating: autoDraw = False
1166.2946 	EXP 	text_2: autoDraw = False
1166.2946 	EXP 	surround_grating: ori = 15.0
1166.2946 	EXP 	surround_grating: sf = array([2.5, 2.5])
1166.2946 	EXP 	surround_grating: phase = array([0.28275275, 0.28275275])
1166.2946 	EXP 	center_grating: ori = 6.0
1166.2946 	EXP 	center_grating: sf = array([2.5, 2.5])
1166.2946 	EXP 	center_grating: phase = array([0.06053272, 0.06053272])
1167.5311 	EXP 	noise_3: autoDraw = True
1167.5311 	EXP 	surround_grating: autoDraw = True
1167.5311 	EXP 	center_grating: autoDraw = True
1167.6038 	EXP 	noise_3: autoDraw = False
1167.6038 	EXP 	surround_grating: autoDraw = False
1167.6038 	EXP 	center_grating: autoDraw = False
1168.1569 	EXP 	New trial (rep=0, index=665): <Trial 665 (665 in rep 0) data={'center': 2, 'surround': 15.0, 'type': 'c+2', 'surr_type': 'poss', 'orient_opacity': 100, 'noise_opacity': 0, 'isi': 1.25, 'thisN': 665, 'thisTrialN': 665, 'thisRepN': 0}>
1168.1620 	DATA 	Keypress: period
1168.1679 	INFO 	Keyboard events cleared
1168.1673 	EXP 	noise_3: autoDraw = False
1168.1673 	EXP 	surround_grating: autoDraw = False
1168.1673 	EXP 	center_grating: autoDraw = False
1168.1673 	EXP 	text_2: autoDraw = False
1168.1673 	EXP 	surround_grating: ori = 15.0
1168.1673 	EXP 	surround_grating: sf = array([2.5, 2.5])
1168.1673 	EXP 	surround_grating: phase = array([0.5616796, 0.5616796])
1168.1673 	EXP 	center_grating: ori = 2.0
1168.1673 	EXP 	center_grating: sf = array([2.5, 2.5])
1168.1673 	EXP 	center_grating: phase = array([0.90606735, 0.90606735])
1169.4074 	EXP 	noise_3: autoDraw = True
1169.4074 	EXP 	surround_grating: autoDraw = True
1169.4074 	EXP 	center_grating: autoDraw = True
1169.4816 	EXP 	noise_3: autoDraw = False
1169.4816 	EXP 	surround_grating: autoDraw = False
1169.4816 	EXP 	center_grating: autoDraw = False
1169.9175 	EXP 	New trial (rep=0, index=666): <Trial 666 (666 in rep 0) data={'center': -2, 'surround': 0.0, 'type': 'c-2', 'surr_type': 'noss', 'orient_opacity': 0, 'noise_opacity': 100, 'isi': 0.75, 'thisN': 666, 'thisTrialN': 666, 'thisRepN': 0}>
1169.9231 	DATA 	Keypress: period
1169.9291 	INFO 	Keyboard events cleared
1169.9286 	EXP 	noise_3: autoDraw = False
1169.9286 	EXP 	surround_grating: autoDraw = False
1169.9286 	EXP 	center_grating: autoDraw = False
1169.9286 	EXP 	text_2: autoDraw = False
1169.9286 	EXP 	surround_grating: ori = 0.0
1169.9286 	EXP 	surround_grating: sf = array([2.5, 2.5])
1169.9286 	EXP 	surround_grating: phase = array([0.22831063, 0.22831063])
1169.9286 	EXP 	center_grating: ori = -2.0
1169.9286 	EXP 	center_grating: sf = array([2.5, 2.5])
1169.9286 	EXP 	center_grating: phase = array([0.07957594, 0.07957594])
1170.6644 	EXP 	noise_3: autoDraw = True
1170.6644 	EXP 	surround_grating: autoDraw = True
1170.6644 	EXP 	center_grating: autoDraw = True
1170.7375 	EXP 	noise_3: autoDraw = False
1170.7375 	EXP 	surround_grating: autoDraw = False
1170.7375 	EXP 	center_grating: autoDraw = False
1171.3350 	EXP 	New trial (rep=0, index=667): <Trial 667 (667 in rep 0) data={'center': 0, 'surround': 15.0, 'type': 'c+0', 'surr_type': 'poss', 'orient_opacity': 100, 'noise_opacity': 0, 'isi': 0.75, 'thisN': 667, 'thisTrialN': 667, 'thisRepN': 0}>
1171.3408 	DATA 	Keypress: z
1171.3471 	INFO 	Keyboard events cleared
1171.3465 	EXP 	noise_3: autoDraw = False
1171.3465 	EXP 	surround_grating: autoDraw = False
1171.3465 	EXP 	center_grating: autoDraw = False
1171.3465 	EXP 	text_2: autoDraw = False
1171.3465 	EXP 	surround_grating: ori = 15.0
1171.3465 	EXP 	surround_grating: sf = array([2.5, 2.5])
1171.3465 	EXP 	surround_grating: phase = array([0.67650164, 0.67650164])
1171.3465 	EXP 	center_grating: ori = 0.0
1171.3465 	EXP 	center_grating: sf = array([2.5, 2.5])
1171.3465 	EXP 	center_grating: phase = array([0.77991651, 0.77991651])
1172.0812 	EXP 	noise_3: autoDraw = True
1172.0812 	EXP 	surround_grating: autoDraw = True
1172.0812 	EXP 	center_grating: autoDraw = True
1172.1532 	EXP 	noise_3: autoDraw = False
1172.1532 	EXP 	surround_grating: autoDraw = False
1172.1532 	EXP 	center_grating: autoDraw = False
1172.7572 	EXP 	New trial (rep=0, index=668): <Trial 668 (668 in rep 0) data={'center': 0, 'surround': 0.0, 'type': 'c+0', 'surr_type': 'noss', 'orient_opacity': 0, 'noise_opacity': 100, 'isi': 1.0, 'thisN': 668, 'thisTrialN': 668, 'thisRepN': 0}>
1172.7622 	DATA 	Keypress: z
1172.7681 	INFO 	Keyboard events cleared
1172.7675 	EXP 	noise_3: autoDraw = False
1172.7675 	EXP 	surround_grating: autoDraw = False
1172.7675 	EXP 	center_grating: autoDraw = False
1172.7675 	EXP 	text_2: autoDraw = False
1172.7675 	EXP 	surround_grating: ori = 0.0
1172.7675 	EXP 	surround_grating: sf = array([2.5, 2.5])
1172.7675 	EXP 	surround_grating: phase = array([0.84765039, 0.84765039])
1172.7675 	EXP 	center_grating: ori = 0.0
1172.7675 	EXP 	center_grating: sf = array([2.5, 2.5])
1172.7675 	EXP 	center_grating: phase = array([0.66936939, 0.66936939])
1173.7570 	EXP 	noise_3: autoDraw = True
1173.7570 	EXP 	surround_grating: autoDraw = True
1173.7570 	EXP 	center_grating: autoDraw = True
1173.8316 	EXP 	noise_3: autoDraw = False
1173.8316 	EXP 	surround_grating: autoDraw = False
1173.8316 	EXP 	center_grating: autoDraw = False
1175.0558 	EXP 	New trial (rep=0, index=669): <Trial 669 (669 in rep 0) data={'center': -8, 'surround': -15.0, 'type': 'c-8', 'surr_type': 'negs', 'orient_opacity': 100, 'noise_opacity': 0, 'isi': 0.75, 'thisN': 669, 'thisTrialN': 669, 'thisRepN': 0}>
1175.0608 	DATA 	Keypress: z
1175.0672 	INFO 	Keyboard events cleared
1175.0667 	EXP 	noise_3: autoDraw = False
1175.0667 	EXP 	surround_grating: autoDraw = False
1175.0667 	EXP 	center_grating: autoDraw = False
1175.0667 	EXP 	text_2: autoDraw = False
1175.0667 	EXP 	surround_grating: ori = -15.0
1175.0667 	EXP 	surround_grating: sf = array([2.5, 2.5])
1175.0667 	EXP 	surround_grating: phase = array([0.97794865, 0.97794865])
1175.0667 	EXP 	center_grating: ori = -8.0
1175.0667 	EXP 	center_grating: sf = array([2.5, 2.5])
1175.0667 	EXP 	center_grating: phase = array([0.9265589, 0.9265589])
1175.7980 	EXP 	noise_3: autoDraw = True
1175.7980 	EXP 	surround_grating: autoDraw = True
1175.7980 	EXP 	center_grating: autoDraw = True
1175.8698 	EXP 	noise_3: autoDraw = False
1175.8698 	EXP 	surround_grating: autoDraw = False
1175.8698 	EXP 	center_grating: autoDraw = False
1176.2680 	EXP 	New trial (rep=0, index=670): <Trial 670 (670 in rep 0) data={'center': 0, 'surround': -15.0, 'type': 'c+0', 'surr_type': 'negs', 'orient_opacity': 100, 'noise_opacity': 0, 'isi': 0.5, 'thisN': 670, 'thisTrialN': 670, 'thisRepN': 0}>
1176.2730 	DATA 	Keypress: z
1176.2790 	INFO 	Keyboard events cleared
1176.2785 	EXP 	noise_3: autoDraw = False
1176.2785 	EXP 	surround_grating: autoDraw = False
1176.2785 	EXP 	center_grating: autoDraw = False
1176.2785 	EXP 	text_2: autoDraw = False
1176.2785 	EXP 	surround_grating: ori = -15.0
1176.2785 	EXP 	surround_grating: sf = array([2.5, 2.5])
1176.2785 	EXP 	surround_grating: phase = array([0.00564974, 0.00564974])
1176.2785 	EXP 	center_grating: ori = 0.0
1176.2785 	EXP 	center_grating: sf = array([2.5, 2.5])
1176.2785 	EXP 	center_grating: phase = array([0.6725805, 0.6725805])
1176.7646 	EXP 	noise_3: autoDraw = True
1176.7646 	EXP 	surround_grating: autoDraw = True
1176.7646 	EXP 	center_grating: autoDraw = True
1176.8375 	EXP 	noise_3: autoDraw = False
1176.8375 	EXP 	surround_grating: autoDraw = False
1176.8375 	EXP 	center_grating: autoDraw = False
1177.3528 	EXP 	New trial (rep=0, index=671): <Trial 671 (671 in rep 0) data={'center': -8, 'surround': -15.0, 'type': 'c-8', 'surr_type': 'negs', 'orient_opacity': 100, 'noise_opacity': 0, 'isi': 0.5, 'thisN': 671, 'thisTrialN': 671, 'thisRepN': 0}>
1177.3587 	DATA 	Keypress: period
1177.3649 	INFO 	Keyboard events cleared
1177.3642 	EXP 	noise_3: autoDraw = False
1177.3642 	EXP 	surround_grating: autoDraw = False
1177.3642 	EXP 	center_grating: autoDraw = False
1177.3642 	EXP 	text_2: autoDraw = False
1177.3642 	EXP 	surround_grating: ori = -15.0
1177.3642 	EXP 	surround_grating: sf = array([2.5, 2.5])
1177.3642 	EXP 	surround_grating: phase = array([0.86081919, 0.86081919])
1177.3642 	EXP 	center_grating: ori = -8.0
1177.3642 	EXP 	center_grating: sf = array([2.5, 2.5])
1177.3642 	EXP 	center_grating: phase = array([0.81557339, 0.81557339])
1177.8482 	EXP 	noise_3: autoDraw = True
1177.8482 	EXP 	surround_grating: autoDraw = True
1177.8482 	EXP 	center_grating: autoDraw = True
1177.9208 	EXP 	noise_3: autoDraw = False
1177.9208 	EXP 	surround_grating: autoDraw = False
1177.9208 	EXP 	center_grating: autoDraw = False
1178.7108 	DATA 	Keypress: z
1178.7185 	EXP 	New trial (rep=0, index=672): <Trial 672 (672 in rep 0) data={'center': -4, 'surround': 0.0, 'type': 'c-4', 'surr_type': 'noss', 'orient_opacity': 0, 'noise_opacity': 100, 'isi': 0.75, 'thisN': 672, 'thisTrialN': 672, 'thisRepN': 0}>
1178.7323 	INFO 	Keyboard events cleared
1178.7318 	EXP 	noise_3: autoDraw = False
1178.7318 	EXP 	surround_grating: autoDraw = False
1178.7318 	EXP 	center_grating: autoDraw = False
1178.7318 	EXP 	text_2: autoDraw = False
1178.7318 	EXP 	surround_grating: ori = 0.0
1178.7318 	EXP 	surround_grating: sf = array([2.5, 2.5])
1178.7318 	EXP 	surround_grating: phase = array([0.17118532, 0.17118532])
1178.7318 	EXP 	center_grating: ori = -4.0
1178.7318 	EXP 	center_grating: sf = array([2.5, 2.5])
1178.7318 	EXP 	center_grating: phase = array([0.51733092, 0.51733092])
1179.4647 	EXP 	noise_3: autoDraw = True
1179.4647 	EXP 	surround_grating: autoDraw = True
1179.4647 	EXP 	center_grating: autoDraw = True
1179.5365 	EXP 	noise_3: autoDraw = False
1179.5365 	EXP 	surround_grating: autoDraw = False
1179.5365 	EXP 	center_grating: autoDraw = False
1179.9516 	EXP 	New trial (rep=0, index=673): <Trial 673 (673 in rep 0) data={'center': -4, 'surround': 0.0, 'type': 'c-4', 'surr_type': 'noss', 'orient_opacity': 0, 'noise_opacity': 100, 'isi': 1.25, 'thisN': 673, 'thisTrialN': 673, 'thisRepN': 0}>
1179.9566 	DATA 	Keypress: z
1179.9626 	INFO 	Keyboard events cleared
1179.9621 	EXP 	noise_3: autoDraw = False
1179.9621 	EXP 	surround_grating: autoDraw = False
1179.9621 	EXP 	center_grating: autoDraw = False
1179.9621 	EXP 	text_2: autoDraw = False
1179.9621 	EXP 	surround_grating: ori = 0.0
1179.9621 	EXP 	surround_grating: sf = array([2.5, 2.5])
1179.9621 	EXP 	surround_grating: phase = array([4.89648019e-05, 4.89648019e-05])
1179.9621 	EXP 	center_grating: ori = -4.0
1179.9621 	EXP 	center_grating: sf = array([2.5, 2.5])
1179.9621 	EXP 	center_grating: phase = array([0.40723271, 0.40723271])
1181.1983 	EXP 	noise_3: autoDraw = True
1181.1983 	EXP 	surround_grating: autoDraw = True
1181.1983 	EXP 	center_grating: autoDraw = True
1181.2703 	EXP 	noise_3: autoDraw = False
1181.2703 	EXP 	surround_grating: autoDraw = False
1181.2703 	EXP 	center_grating: autoDraw = False
1181.6997 	EXP 	New trial (rep=0, index=674): <Trial 674 (674 in rep 0) data={'center': -8, 'surround': -15.0, 'type': 'c-8', 'surr_type': 'negs', 'orient_opacity': 100, 'noise_opacity': 0, 'isi': 1.0, 'thisN': 674, 'thisTrialN': 674, 'thisRepN': 0}>
1181.7047 	DATA 	Keypress: z
1181.7109 	INFO 	Keyboard events cleared
1181.7104 	EXP 	noise_3: autoDraw = False
1181.7104 	EXP 	surround_grating: autoDraw = False
1181.7104 	EXP 	center_grating: autoDraw = False
1181.7104 	EXP 	text_2: autoDraw = False
1181.7104 	EXP 	surround_grating: ori = -15.0
1181.7104 	EXP 	surround_grating: sf = array([2.5, 2.5])
1181.7104 	EXP 	surround_grating: phase = array([0.98040197, 0.98040197])
1181.7104 	EXP 	center_grating: ori = -8.0
1181.7104 	EXP 	center_grating: sf = array([2.5, 2.5])
1181.7104 	EXP 	center_grating: phase = array([0.09468702, 0.09468702])
1182.6911 	EXP 	noise_3: autoDraw = True
1182.6911 	EXP 	surround_grating: autoDraw = True
1182.6911 	EXP 	center_grating: autoDraw = True
1182.7643 	EXP 	noise_3: autoDraw = False
1182.7643 	EXP 	surround_grating: autoDraw = False
1182.7643 	EXP 	center_grating: autoDraw = False
1183.1907 	EXP 	New trial (rep=0, index=675): <Trial 675 (675 in rep 0) data={'center': -2, 'surround': 15.0, 'type': 'c-2', 'surr_type': 'poss', 'orient_opacity': 100, 'noise_opacity': 0, 'isi': 0.5, 'thisN': 675, 'thisTrialN': 675, 'thisRepN': 0}>
1183.1961 	DATA 	Keypress: z
1183.2020 	INFO 	Keyboard events cleared
1183.2014 	EXP 	noise_3: autoDraw = False
1183.2014 	EXP 	surround_grating: autoDraw = False
1183.2014 	EXP 	center_grating: autoDraw = False
1183.2014 	EXP 	text_2: autoDraw = False
1183.2014 	EXP 	surround_grating: ori = 15.0
1183.2014 	EXP 	surround_grating: sf = array([2.5, 2.5])
1183.2014 	EXP 	surround_grating: phase = array([0.4938714, 0.4938714])
1183.2014 	EXP 	center_grating: ori = -2.0
1183.2014 	EXP 	center_grating: sf = array([2.5, 2.5])
1183.2014 	EXP 	center_grating: phase = array([0.14774665, 0.14774665])
1183.6915 	EXP 	noise_3: autoDraw = True
1183.6915 	EXP 	surround_grating: autoDraw = True
1183.6915 	EXP 	center_grating: autoDraw = True
1183.7655 	EXP 	noise_3: autoDraw = False
1183.7655 	EXP 	surround_grating: autoDraw = False
1183.7655 	EXP 	center_grating: autoDraw = False
1184.1185 	EXP 	New trial (rep=0, index=676): <Trial 676 (676 in rep 0) data={'center': 0, 'surround': 0.0, 'type': 'c+0', 'surr_type': 'noss', 'orient_opacity': 0, 'noise_opacity': 100, 'isi': 1.0, 'thisN': 676, 'thisTrialN': 676, 'thisRepN': 0}>
1184.1251 	DATA 	Keypress: z
1184.1314 	INFO 	Keyboard events cleared
1184.1308 	EXP 	noise_3: autoDraw = False
1184.1308 	EXP 	surround_grating: autoDraw = False
1184.1308 	EXP 	center_grating: autoDraw = False
1184.1308 	EXP 	text_2: autoDraw = False
1184.1308 	EXP 	surround_grating: ori = 0.0
1184.1308 	EXP 	surround_grating: sf = array([2.5, 2.5])
1184.1308 	EXP 	surround_grating: phase = array([0.508278, 0.508278])
1184.1308 	EXP 	center_grating: ori = 0.0
1184.1308 	EXP 	center_grating: sf = array([2.5, 2.5])
1184.1308 	EXP 	center_grating: phase = array([0.46657451, 0.46657451])
1185.1149 	EXP 	noise_3: autoDraw = True
1185.1149 	EXP 	surround_grating: autoDraw = True
1185.1149 	EXP 	center_grating: autoDraw = True
1185.1879 	EXP 	noise_3: autoDraw = False
1185.1879 	EXP 	surround_grating: autoDraw = False
1185.1879 	EXP 	center_grating: autoDraw = False
1185.5689 	EXP 	New trial (rep=0, index=677): <Trial 677 (677 in rep 0) data={'center': -4, 'surround': -15.0, 'type': 'c-4', 'surr_type': 'negs', 'orient_opacity': 100, 'noise_opacity': 0, 'isi': 0.5, 'thisN': 677, 'thisTrialN': 677, 'thisRepN': 0}>
1185.5747 	DATA 	Keypress: z
1185.5807 	INFO 	Keyboard events cleared
1185.5802 	EXP 	noise_3: autoDraw = False
1185.5802 	EXP 	surround_grating: autoDraw = False
1185.5802 	EXP 	center_grating: autoDraw = False
1185.5802 	EXP 	text_2: autoDraw = False
1185.5802 	EXP 	surround_grating: ori = -15.0
1185.5802 	EXP 	surround_grating: sf = array([2.5, 2.5])
1185.5802 	EXP 	surround_grating: phase = array([0.66409806, 0.66409806])
1185.5802 	EXP 	center_grating: ori = -4.0
1185.5802 	EXP 	center_grating: sf = array([2.5, 2.5])
1185.5802 	EXP 	center_grating: phase = array([0.47407491, 0.47407491])
1186.0650 	EXP 	noise_3: autoDraw = True
1186.0650 	EXP 	surround_grating: autoDraw = True
1186.0650 	EXP 	center_grating: autoDraw = True
1186.1369 	EXP 	noise_3: autoDraw = False
1186.1369 	EXP 	surround_grating: autoDraw = False
1186.1369 	EXP 	center_grating: autoDraw = False
1186.6023 	EXP 	New trial (rep=0, index=678): <Trial 678 (678 in rep 0) data={'center': -2, 'surround': 0.0, 'type': 'c-2', 'surr_type': 'noss', 'orient_opacity': 0, 'noise_opacity': 100, 'isi': 1.25, 'thisN': 678, 'thisTrialN': 678, 'thisRepN': 0}>
1186.6078 	DATA 	Keypress: z
1186.6140 	INFO 	Keyboard events cleared
1186.6135 	EXP 	noise_3: autoDraw = False
1186.6135 	EXP 	surround_grating: autoDraw = False
1186.6135 	EXP 	center_grating: autoDraw = False
1186.6135 	EXP 	text_2: autoDraw = False
1186.6135 	EXP 	surround_grating: ori = 0.0
1186.6135 	EXP 	surround_grating: sf = array([2.5, 2.5])
1186.6135 	EXP 	surround_grating: phase = array([0.64053502, 0.64053502])
1186.6135 	EXP 	center_grating: ori = -2.0
1186.6135 	EXP 	center_grating: sf = array([2.5, 2.5])
1186.6135 	EXP 	center_grating: phase = array([0.13559227, 0.13559227])
1187.8486 	EXP 	noise_3: autoDraw = True
1187.8486 	EXP 	surround_grating: autoDraw = True
1187.8486 	EXP 	center_grating: autoDraw = True
1187.9210 	EXP 	noise_3: autoDraw = False
1187.9210 	EXP 	surround_grating: autoDraw = False
1187.9210 	EXP 	center_grating: autoDraw = False
1188.7188 	EXP 	New trial (rep=0, index=679): <Trial 679 (679 in rep 0) data={'center': -6, 'surround': -15.0, 'type': 'c-6', 'surr_type': 'negs', 'orient_opacity': 100, 'noise_opacity': 0, 'isi': 0.75, 'thisN': 679, 'thisTrialN': 679, 'thisRepN': 0}>
1188.7248 	DATA 	Keypress: z
1188.7309 	INFO 	Keyboard events cleared
1188.7304 	EXP 	noise_3: autoDraw = False
1188.7304 	EXP 	surround_grating: autoDraw = False
1188.7304 	EXP 	center_grating: autoDraw = False
1188.7304 	EXP 	text_2: autoDraw = False
1188.7304 	EXP 	surround_grating: ori = -15.0
1188.7304 	EXP 	surround_grating: sf = array([2.5, 2.5])
1188.7304 	EXP 	surround_grating: phase = array([0.92431189, 0.92431189])
1188.7304 	EXP 	center_grating: ori = -6.0
1188.7304 	EXP 	center_grating: sf = array([2.5, 2.5])
1188.7304 	EXP 	center_grating: phase = array([0.84163049, 0.84163049])
1189.4651 	EXP 	noise_3: autoDraw = True
1189.4651 	EXP 	surround_grating: autoDraw = True
1189.4651 	EXP 	center_grating: autoDraw = True
1189.5375 	EXP 	noise_3: autoDraw = False
1189.5375 	EXP 	surround_grating: autoDraw = False
1189.5375 	EXP 	center_grating: autoDraw = False
1190.3853 	EXP 	New trial (rep=0, index=680): <Trial 680 (680 in rep 0) data={'center': -2, 'surround': 0.0, 'type': 'c-2', 'surr_type': 'noss', 'orient_opacity': 0, 'noise_opacity': 100, 'isi': 1.25, 'thisN': 680, 'thisTrialN': 680, 'thisRepN': 0}>
1190.3905 	DATA 	Keypress: z
1190.3965 	INFO 	Keyboard events cleared
1190.3960 	EXP 	noise_3: autoDraw = False
1190.3960 	EXP 	surround_grating: autoDraw = False
1190.3960 	EXP 	center_grating: autoDraw = False
1190.3960 	EXP 	text_2: autoDraw = False
1190.3960 	EXP 	surround_grating: ori = 0.0
1190.3960 	EXP 	surround_grating: sf = array([2.5, 2.5])
1190.3960 	EXP 	surround_grating: phase = array([0.14121586, 0.14121586])
1190.3960 	EXP 	center_grating: ori = -2.0
1190.3960 	EXP 	center_grating: sf = array([2.5, 2.5])
1190.3960 	EXP 	center_grating: phase = array([0.6077339, 0.6077339])
1191.6319 	EXP 	noise_3: autoDraw = True
1191.6319 	EXP 	surround_grating: autoDraw = True
1191.6319 	EXP 	center_grating: autoDraw = True
1191.7049 	EXP 	noise_3: autoDraw = False
1191.7049 	EXP 	surround_grating: autoDraw = False
1191.7049 	EXP 	center_grating: autoDraw = False
1192.2739 	EXP 	New trial (rep=0, index=681): <Trial 681 (681 in rep 0) data={'center': 6, 'surround': 15.0, 'type': 'c+6', 'surr_type': 'poss', 'orient_opacity': 100, 'noise_opacity': 0, 'isi': 1.0, 'thisN': 681, 'thisTrialN': 681, 'thisRepN': 0}>
1192.2792 	DATA 	Keypress: z
1192.2853 	INFO 	Keyboard events cleared
1192.2848 	EXP 	noise_3: autoDraw = False
1192.2848 	EXP 	surround_grating: autoDraw = False
1192.2848 	EXP 	center_grating: autoDraw = False
1192.2848 	EXP 	text_2: autoDraw = False
1192.2848 	EXP 	surround_grating: ori = 15.0
1192.2848 	EXP 	surround_grating: sf = array([2.5, 2.5])
1192.2848 	EXP 	surround_grating: phase = array([0.13915876, 0.13915876])
1192.2848 	EXP 	center_grating: ori = 6.0
1192.2848 	EXP 	center_grating: sf = array([2.5, 2.5])
1192.2848 	EXP 	center_grating: phase = array([0.71905579, 0.71905579])
1193.2742 	EXP 	noise_3: autoDraw = True
1193.2742 	EXP 	surround_grating: autoDraw = True
1193.2742 	EXP 	center_grating: autoDraw = True
1193.3491 	EXP 	noise_3: autoDraw = False
1193.3491 	EXP 	surround_grating: autoDraw = False
1193.3491 	EXP 	center_grating: autoDraw = False
1193.7522 	EXP 	New trial (rep=0, index=682): <Trial 682 (682 in rep 0) data={'center': -2, 'surround': 15.0, 'type': 'c-2', 'surr_type': 'poss', 'orient_opacity': 100, 'noise_opacity': 0, 'isi': 1.25, 'thisN': 682, 'thisTrialN': 682, 'thisRepN': 0}>
1193.7574 	DATA 	Keypress: z
1193.7634 	INFO 	Keyboard events cleared
1193.7630 	EXP 	noise_3: autoDraw = False
1193.7630 	EXP 	surround_grating: autoDraw = False
1193.7630 	EXP 	center_grating: autoDraw = False
1193.7630 	EXP 	text_2: autoDraw = False
1193.7630 	EXP 	surround_grating: ori = 15.0
1193.7630 	EXP 	surround_grating: sf = array([2.5, 2.5])
1193.7630 	EXP 	surround_grating: phase = array([0.9289273, 0.9289273])
1193.7630 	EXP 	center_grating: ori = -2.0
1193.7630 	EXP 	center_grating: sf = array([2.5, 2.5])
1193.7630 	EXP 	center_grating: phase = array([0.35122561, 0.35122561])
1194.9986 	EXP 	noise_3: autoDraw = True
1194.9986 	EXP 	surround_grating: autoDraw = True
1194.9986 	EXP 	center_grating: autoDraw = True
1195.0712 	EXP 	noise_3: autoDraw = False
1195.0712 	EXP 	surround_grating: autoDraw = False
1195.0712 	EXP 	center_grating: autoDraw = False
1195.6190 	EXP 	New trial (rep=0, index=683): <Trial 683 (683 in rep 0) data={'center': -6, 'surround': -15.0, 'type': 'c-6', 'surr_type': 'negs', 'orient_opacity': 100, 'noise_opacity': 0, 'isi': 0.5, 'thisN': 683, 'thisTrialN': 683, 'thisRepN': 0}>
1195.6252 	DATA 	Keypress: z
1195.6312 	INFO 	Keyboard events cleared
1195.6307 	EXP 	noise_3: autoDraw = False
1195.6307 	EXP 	surround_grating: autoDraw = False
1195.6307 	EXP 	center_grating: autoDraw = False
1195.6307 	EXP 	text_2: autoDraw = False
1195.6307 	EXP 	surround_grating: ori = -15.0
1195.6307 	EXP 	surround_grating: sf = array([2.5, 2.5])
1195.6307 	EXP 	surround_grating: phase = array([0.68372399, 0.68372399])
1195.6307 	EXP 	center_grating: ori = -6.0
1195.6307 	EXP 	center_grating: sf = array([2.5, 2.5])
1195.6307 	EXP 	center_grating: phase = array([0.97803013, 0.97803013])
1196.1154 	EXP 	noise_3: autoDraw = True
1196.1154 	EXP 	surround_grating: autoDraw = True
1196.1154 	EXP 	center_grating: autoDraw = True
1196.1865 	EXP 	noise_3: autoDraw = False
1196.1865 	EXP 	surround_grating: autoDraw = False
1196.1865 	EXP 	center_grating: autoDraw = False
1196.2026 	DATA 	Keypress: rshift
1196.6906 	EXP 	New trial (rep=0, index=684): <Trial 684 (684 in rep 0) data={'center': -4, 'surround': -15.0, 'type': 'c-4', 'surr_type': 'negs', 'orient_opacity': 100, 'noise_opacity': 0, 'isi': 0.5, 'thisN': 684, 'thisTrialN': 684, 'thisRepN': 0}>
1196.6956 	DATA 	Keypress: period
1196.7019 	INFO 	Keyboard events cleared
1196.7014 	EXP 	noise_3: autoDraw = False
1196.7014 	EXP 	surround_grating: autoDraw = False
1196.7014 	EXP 	center_grating: autoDraw = False
1196.7014 	EXP 	text_2: autoDraw = False
1196.7014 	EXP 	surround_grating: ori = -15.0
1196.7014 	EXP 	surround_grating: sf = array([2.5, 2.5])
1196.7014 	EXP 	surround_grating: phase = array([0.19839226, 0.19839226])
1196.7014 	EXP 	center_grating: ori = -4.0
1196.7014 	EXP 	center_grating: sf = array([2.5, 2.5])
1196.7014 	EXP 	center_grating: phase = array([0.6400272, 0.6400272])
1197.1815 	EXP 	noise_3: autoDraw = True
1197.1815 	EXP 	surround_grating: autoDraw = True
1197.1815 	EXP 	center_grating: autoDraw = True
1197.2542 	EXP 	noise_3: autoDraw = False
1197.2542 	EXP 	surround_grating: autoDraw = False
1197.2542 	EXP 	center_grating: autoDraw = False
1197.6577 	EXP 	New trial (rep=0, index=685): <Trial 685 (685 in rep 0) data={'center': -8, 'surround': -15.0, 'type': 'c-8', 'surr_type': 'negs', 'orient_opacity': 100, 'noise_opacity': 0, 'isi': 1.25, 'thisN': 685, 'thisTrialN': 685, 'thisRepN': 0}>
1197.6628 	DATA 	Keypress: z
1197.6689 	INFO 	Keyboard events cleared
1197.6683 	EXP 	noise_3: autoDraw = False
1197.6683 	EXP 	surround_grating: autoDraw = False
1197.6683 	EXP 	center_grating: autoDraw = False
1197.6683 	EXP 	text_2: autoDraw = False
1197.6683 	EXP 	surround_grating: ori = -15.0
1197.6683 	EXP 	surround_grating: sf = array([2.5, 2.5])
1197.6683 	EXP 	surround_grating: phase = array([0.99199783, 0.99199783])
1197.6683 	EXP 	center_grating: ori = -8.0
1197.6683 	EXP 	center_grating: sf = array([2.5, 2.5])
1197.6683 	EXP 	center_grating: phase = array([0.24464097, 0.24464097])
1198.9077 	EXP 	noise_3: autoDraw = True
1198.9077 	EXP 	surround_grating: autoDraw = True
1198.9077 	EXP 	center_grating: autoDraw = True
1198.9828 	EXP 	noise_3: autoDraw = False
1198.9828 	EXP 	surround_grating: autoDraw = False
1198.9828 	EXP 	center_grating: autoDraw = False
1199.8087 	EXP 	New trial (rep=0, index=686): <Trial 686 (686 in rep 0) data={'center': -4, 'surround': -15.0, 'type': 'c-4', 'surr_type': 'negs', 'orient_opacity': 100, 'noise_opacity': 0, 'isi': 1.25, 'thisN': 686, 'thisTrialN': 686, 'thisRepN': 0}>
1199.8141 	DATA 	Keypress: z
1199.8196 	INFO 	Keyboard events cleared
1199.8191 	EXP 	noise_3: autoDraw = False
1199.8191 	EXP 	surround_grating: autoDraw = False
1199.8191 	EXP 	center_grating: autoDraw = False
1199.8191 	EXP 	text_2: autoDraw = False
1199.8191 	EXP 	surround_grating: ori = -15.0
1199.8191 	EXP 	surround_grating: sf = array([2.5, 2.5])
1199.8191 	EXP 	surround_grating: phase = array([0.90826351, 0.90826351])
1199.8191 	EXP 	center_grating: ori = -4.0
1199.8191 	EXP 	center_grating: sf = array([2.5, 2.5])
1199.8191 	EXP 	center_grating: phase = array([0.86437799, 0.86437799])
1201.0588 	EXP 	noise_3: autoDraw = True
1201.0588 	EXP 	surround_grating: autoDraw = True
1201.0588 	EXP 	center_grating: autoDraw = True
1201.1327 	EXP 	noise_3: autoDraw = False
1201.1327 	EXP 	surround_grating: autoDraw = False
1201.1327 	EXP 	center_grating: autoDraw = False
1201.9772 	DATA 	Keypress: z
1201.9845 	EXP 	New trial (rep=0, index=687): <Trial 687 (687 in rep 0) data={'center': 2, 'surround': 15.0, 'type': 'c+2', 'surr_type': 'poss', 'orient_opacity': 100, 'noise_opacity': 0, 'isi': 0.5, 'thisN': 687, 'thisTrialN': 687, 'thisRepN': 0}>
1201.9920 	INFO 	Keyboard events cleared
1201.9916 	EXP 	noise_3: autoDraw = False
1201.9916 	EXP 	surround_grating: autoDraw = False
1201.9916 	EXP 	center_grating: autoDraw = False
1201.9916 	EXP 	text_2: autoDraw = False
1201.9916 	EXP 	surround_grating: ori = 15.0
1201.9916 	EXP 	surround_grating: sf = array([2.5, 2.5])
1201.9916 	EXP 	surround_grating: phase = array([0.13115684, 0.13115684])
1201.9916 	EXP 	center_grating: ori = 2.0
1201.9916 	EXP 	center_grating: sf = array([2.5, 2.5])
1201.9916 	EXP 	center_grating: phase = array([0.45436621, 0.45436621])
1202.4823 	EXP 	noise_3: autoDraw = True
1202.4823 	EXP 	surround_grating: autoDraw = True
1202.4823 	EXP 	center_grating: autoDraw = True
1202.5554 	EXP 	noise_3: autoDraw = False
1202.5554 	EXP 	surround_grating: autoDraw = False
1202.5554 	EXP 	center_grating: autoDraw = False
1203.1522 	EXP 	New trial (rep=0, index=688): <Trial 688 (688 in rep 0) data={'center': 0, 'surround': 15.0, 'type': 'c+0', 'surr_type': 'poss', 'orient_opacity': 100, 'noise_opacity': 0, 'isi': 1.0, 'thisN': 688, 'thisTrialN': 688, 'thisRepN': 0}>
1203.1576 	DATA 	Keypress: z
1203.1636 	INFO 	Keyboard events cleared
1203.1630 	EXP 	noise_3: autoDraw = False
1203.1630 	EXP 	surround_grating: autoDraw = False
1203.1630 	EXP 	center_grating: autoDraw = False
1203.1630 	EXP 	text_2: autoDraw = False
1203.1630 	EXP 	surround_grating: ori = 15.0
1203.1630 	EXP 	surround_grating: sf = array([2.5, 2.5])
1203.1630 	EXP 	surround_grating: phase = array([0.1985171, 0.1985171])
1203.1630 	EXP 	center_grating: ori = 0.0
1203.1630 	EXP 	center_grating: sf = array([2.5, 2.5])
1203.1630 	EXP 	center_grating: phase = array([0.90032427, 0.90032427])
1204.1491 	EXP 	noise_3: autoDraw = True
1204.1491 	EXP 	surround_grating: autoDraw = True
1204.1491 	EXP 	center_grating: autoDraw = True
1204.2220 	EXP 	noise_3: autoDraw = False
1204.2220 	EXP 	surround_grating: autoDraw = False
1204.2220 	EXP 	center_grating: autoDraw = False
1204.7087 	EXP 	New trial (rep=0, index=689): <Trial 689 (689 in rep 0) data={'center': -2, 'surround': 0.0, 'type': 'c-2', 'surr_type': 'noss', 'orient_opacity': 0, 'noise_opacity': 100, 'isi': 1.25, 'thisN': 689, 'thisTrialN': 689, 'thisRepN': 0}>
1204.7139 	DATA 	Keypress: z
1204.7192 	INFO 	Keyboard events cleared
1204.7187 	EXP 	noise_3: autoDraw = False
1204.7187 	EXP 	surround_grating: autoDraw = False
1204.7187 	EXP 	center_grating: autoDraw = False
1204.7187 	EXP 	text_2: autoDraw = False
1204.7187 	EXP 	surround_grating: ori = 0.0
1204.7187 	EXP 	surround_grating: sf = array([2.5, 2.5])
1204.7187 	EXP 	surround_grating: phase = array([0.78560994, 0.78560994])
1204.7187 	EXP 	center_grating: ori = -2.0
1204.7187 	EXP 	center_grating: sf = array([2.5, 2.5])
1204.7187 	EXP 	center_grating: phase = array([0.60381198, 0.60381198])
1205.9590 	EXP 	noise_3: autoDraw = True
1205.9590 	EXP 	surround_grating: autoDraw = True
1205.9590 	EXP 	center_grating: autoDraw = True
1206.0329 	EXP 	noise_3: autoDraw = False
1206.0329 	EXP 	surround_grating: autoDraw = False
1206.0329 	EXP 	center_grating: autoDraw = False
1206.4861 	EXP 	New trial (rep=0, index=690): <Trial 690 (690 in rep 0) data={'center': 2, 'surround': -15.0, 'type': 'c+2', 'surr_type': 'negs', 'orient_opacity': 100, 'noise_opacity': 0, 'isi': 0.5, 'thisN': 690, 'thisTrialN': 690, 'thisRepN': 0}>
1206.4916 	DATA 	Keypress: z
1206.4976 	INFO 	Keyboard events cleared
1206.4972 	EXP 	noise_3: autoDraw = False
1206.4972 	EXP 	surround_grating: autoDraw = False
1206.4972 	EXP 	center_grating: autoDraw = False
1206.4972 	EXP 	text_2: autoDraw = False
1206.4972 	EXP 	surround_grating: ori = -15.0
1206.4972 	EXP 	surround_grating: sf = array([2.5, 2.5])
1206.4972 	EXP 	surround_grating: phase = array([0.48959839, 0.48959839])
1206.4972 	EXP 	center_grating: ori = 2.0
1206.4972 	EXP 	center_grating: sf = array([2.5, 2.5])
1206.4972 	EXP 	center_grating: phase = array([0.84268242, 0.84268242])
1206.9814 	EXP 	noise_3: autoDraw = True
1206.9814 	EXP 	surround_grating: autoDraw = True
1206.9814 	EXP 	center_grating: autoDraw = True
1207.0539 	EXP 	noise_3: autoDraw = False
1207.0539 	EXP 	surround_grating: autoDraw = False
1207.0539 	EXP 	center_grating: autoDraw = False
1207.5190 	EXP 	New trial (rep=0, index=691): <Trial 691 (691 in rep 0) data={'center': -2, 'surround': -15.0, 'type': 'c-2', 'surr_type': 'negs', 'orient_opacity': 100, 'noise_opacity': 0, 'isi': 0.75, 'thisN': 691, 'thisTrialN': 691, 'thisRepN': 0}>
1207.5242 	DATA 	Keypress: period
1207.5304 	INFO 	Keyboard events cleared
1207.5299 	EXP 	noise_3: autoDraw = False
1207.5299 	EXP 	surround_grating: autoDraw = False
1207.5299 	EXP 	center_grating: autoDraw = False
1207.5299 	EXP 	text_2: autoDraw = False
1207.5299 	EXP 	surround_grating: ori = -15.0
1207.5299 	EXP 	surround_grating: sf = array([2.5, 2.5])
1207.5299 	EXP 	surround_grating: phase = array([0.53241553, 0.53241553])
1207.5299 	EXP 	center_grating: ori = -2.0
1207.5299 	EXP 	center_grating: sf = array([2.5, 2.5])
1207.5299 	EXP 	center_grating: phase = array([0.17943896, 0.17943896])
1208.2657 	EXP 	noise_3: autoDraw = True
1208.2657 	EXP 	surround_grating: autoDraw = True
1208.2657 	EXP 	center_grating: autoDraw = True
1208.3382 	EXP 	noise_3: autoDraw = False
1208.3382 	EXP 	surround_grating: autoDraw = False
1208.3382 	EXP 	center_grating: autoDraw = False
1208.6873 	EXP 	New trial (rep=0, index=692): <Trial 692 (692 in rep 0) data={'center': -4, 'surround': 0.0, 'type': 'c-4', 'surr_type': 'noss', 'orient_opacity': 0, 'noise_opacity': 100, 'isi': 1.0, 'thisN': 692, 'thisTrialN': 692, 'thisRepN': 0}>
1208.6932 	DATA 	Keypress: z
1208.6995 	INFO 	Keyboard events cleared
1208.6989 	EXP 	noise_3: autoDraw = False
1208.6989 	EXP 	surround_grating: autoDraw = False
1208.6989 	EXP 	center_grating: autoDraw = False
1208.6989 	EXP 	text_2: autoDraw = False
1208.6989 	EXP 	surround_grating: ori = 0.0
1208.6989 	EXP 	surround_grating: sf = array([2.5, 2.5])
1208.6989 	EXP 	surround_grating: phase = array([0.59571466, 0.59571466])
1208.6989 	EXP 	center_grating: ori = -4.0
1208.6989 	EXP 	center_grating: sf = array([2.5, 2.5])
1208.6989 	EXP 	center_grating: phase = array([0.79716402, 0.79716402])
1209.6824 	EXP 	noise_3: autoDraw = True
1209.6824 	EXP 	surround_grating: autoDraw = True
1209.6824 	EXP 	center_grating: autoDraw = True
1209.7546 	EXP 	noise_3: autoDraw = False
1209.7546 	EXP 	surround_grating: autoDraw = False
1209.7546 	EXP 	center_grating: autoDraw = False
1210.1905 	EXP 	New trial (rep=0, index=693): <Trial 693 (693 in rep 0) data={'center': -6, 'surround': -15.0, 'type': 'c-6', 'surr_type': 'negs', 'orient_opacity': 100, 'noise_opacity': 0, 'isi': 0.75, 'thisN': 693, 'thisTrialN': 693, 'thisRepN': 0}>
1210.1954 	DATA 	Keypress: z
1210.2021 	INFO 	Keyboard events cleared
1210.2014 	EXP 	noise_3: autoDraw = False
1210.2014 	EXP 	surround_grating: autoDraw = False
1210.2014 	EXP 	center_grating: autoDraw = False
1210.2014 	EXP 	text_2: autoDraw = False
1210.2014 	EXP 	surround_grating: ori = -15.0
1210.2014 	EXP 	surround_grating: sf = array([2.5, 2.5])
1210.2014 	EXP 	surround_grating: phase = array([0.92509737, 0.92509737])
1210.2014 	EXP 	center_grating: ori = -6.0
1210.2014 	EXP 	center_grating: sf = array([2.5, 2.5])
1210.2014 	EXP 	center_grating: phase = array([0.75967766, 0.75967766])
1210.9404 	EXP 	noise_3: autoDraw = True
1210.9404 	EXP 	surround_grating: autoDraw = True
1210.9404 	EXP 	center_grating: autoDraw = True
1211.0164 	EXP 	noise_3: autoDraw = False
1211.0164 	EXP 	surround_grating: autoDraw = False
1211.0164 	EXP 	center_grating: autoDraw = False
1211.4356 	EXP 	New trial (rep=0, index=694): <Trial 694 (694 in rep 0) data={'center': 4, 'surround': 0.0, 'type': 'c+4', 'surr_type': 'noss', 'orient_opacity': 0, 'noise_opacity': 100, 'isi': 1.0, 'thisN': 694, 'thisTrialN': 694, 'thisRepN': 0}>
1211.4407 	DATA 	Keypress: z
1211.4465 	INFO 	Keyboard events cleared
1211.4461 	EXP 	noise_3: autoDraw = False
1211.4461 	EXP 	surround_grating: autoDraw = False
1211.4461 	EXP 	center_grating: autoDraw = False
1211.4461 	EXP 	text_2: autoDraw = False
1211.4461 	EXP 	surround_grating: ori = 0.0
1211.4461 	EXP 	surround_grating: sf = array([2.5, 2.5])
1211.4461 	EXP 	surround_grating: phase = array([0.31489757, 0.31489757])
1211.4461 	EXP 	center_grating: ori = 4.0
1211.4461 	EXP 	center_grating: sf = array([2.5, 2.5])
1211.4461 	EXP 	center_grating: phase = array([0.07865456, 0.07865456])
1212.4326 	EXP 	noise_3: autoDraw = True
1212.4326 	EXP 	surround_grating: autoDraw = True
1212.4326 	EXP 	center_grating: autoDraw = True
1212.5046 	EXP 	noise_3: autoDraw = False
1212.5046 	EXP 	surround_grating: autoDraw = False
1212.5046 	EXP 	center_grating: autoDraw = False
1212.8692 	EXP 	New trial (rep=0, index=695): <Trial 695 (695 in rep 0) data={'center': 2, 'surround': -15.0, 'type': 'c+2', 'surr_type': 'negs', 'orient_opacity': 100, 'noise_opacity': 0, 'isi': 0.75, 'thisN': 695, 'thisTrialN': 695, 'thisRepN': 0}>
1212.8753 	DATA 	Keypress: period
1212.8813 	INFO 	Keyboard events cleared
1212.8808 	EXP 	noise_3: autoDraw = False
1212.8808 	EXP 	surround_grating: autoDraw = False
1212.8808 	EXP 	center_grating: autoDraw = False
1212.8808 	EXP 	text_2: autoDraw = False
1212.8808 	EXP 	surround_grating: ori = -15.0
1212.8808 	EXP 	surround_grating: sf = array([2.5, 2.5])
1212.8808 	EXP 	surround_grating: phase = array([0.85720102, 0.85720102])
1212.8808 	EXP 	center_grating: ori = 2.0
1212.8808 	EXP 	center_grating: sf = array([2.5, 2.5])
1212.8808 	EXP 	center_grating: phase = array([0.09918227, 0.09918227])
1213.6151 	EXP 	noise_3: autoDraw = True
1213.6151 	EXP 	surround_grating: autoDraw = True
1213.6151 	EXP 	center_grating: autoDraw = True
1213.6882 	EXP 	noise_3: autoDraw = False
1213.6882 	EXP 	surround_grating: autoDraw = False
1213.6882 	EXP 	center_grating: autoDraw = False
1214.0525 	EXP 	New trial (rep=0, index=696): <Trial 696 (696 in rep 0) data={'center': 0, 'surround': 15.0, 'type': 'c+0', 'surr_type': 'poss', 'orient_opacity': 100, 'noise_opacity': 0, 'isi': 0.75, 'thisN': 696, 'thisTrialN': 696, 'thisRepN': 0}>
1214.0574 	DATA 	Keypress: period
1214.0637 	INFO 	Keyboard events cleared
1214.0631 	EXP 	noise_3: autoDraw = False
1214.0631 	EXP 	surround_grating: autoDraw = False
1214.0631 	EXP 	center_grating: autoDraw = False
1214.0631 	EXP 	text_2: autoDraw = False
1214.0631 	EXP 	surround_grating: ori = 15.0
1214.0631 	EXP 	surround_grating: sf = array([2.5, 2.5])
1214.0631 	EXP 	surround_grating: phase = array([0.72421723, 0.72421723])
1214.0631 	EXP 	center_grating: ori = 0.0
1214.0631 	EXP 	center_grating: sf = array([2.5, 2.5])
1214.0631 	EXP 	center_grating: phase = array([0.98930716, 0.98930716])
1214.7993 	EXP 	noise_3: autoDraw = True
1214.7993 	EXP 	surround_grating: autoDraw = True
1214.7993 	EXP 	center_grating: autoDraw = True
1214.8716 	EXP 	noise_3: autoDraw = False
1214.8716 	EXP 	surround_grating: autoDraw = False
1214.8716 	EXP 	center_grating: autoDraw = False
1215.4072 	EXP 	New trial (rep=0, index=697): <Trial 697 (697 in rep 0) data={'center': 2, 'surround': -15.0, 'type': 'c+2', 'surr_type': 'negs', 'orient_opacity': 100, 'noise_opacity': 0, 'isi': 0.5, 'thisN': 697, 'thisTrialN': 697, 'thisRepN': 0}>
1215.4121 	DATA 	Keypress: period
1215.4181 	INFO 	Keyboard events cleared
1215.4177 	EXP 	noise_3: autoDraw = False
1215.4177 	EXP 	surround_grating: autoDraw = False
1215.4177 	EXP 	center_grating: autoDraw = False
1215.4177 	EXP 	text_2: autoDraw = False
1215.4177 	EXP 	surround_grating: ori = -15.0
1215.4177 	EXP 	surround_grating: sf = array([2.5, 2.5])
1215.4177 	EXP 	surround_grating: phase = array([0.96850054, 0.96850054])
1215.4177 	EXP 	center_grating: ori = 2.0
1215.4177 	EXP 	center_grating: sf = array([2.5, 2.5])
1215.4177 	EXP 	center_grating: phase = array([0.90158673, 0.90158673])
1215.9093 	EXP 	noise_3: autoDraw = True
1215.9093 	EXP 	surround_grating: autoDraw = True
1215.9093 	EXP 	center_grating: autoDraw = True
1215.9832 	EXP 	noise_3: autoDraw = False
1215.9832 	EXP 	surround_grating: autoDraw = False
1215.9832 	EXP 	center_grating: autoDraw = False
1216.3359 	EXP 	New trial (rep=0, index=698): <Trial 698 (698 in rep 0) data={'center': -4, 'surround': 0.0, 'type': 'c-4', 'surr_type': 'noss', 'orient_opacity': 0, 'noise_opacity': 100, 'isi': 1.0, 'thisN': 698, 'thisTrialN': 698, 'thisRepN': 0}>
1216.3414 	DATA 	Keypress: period
1216.3474 	INFO 	Keyboard events cleared
1216.3468 	EXP 	noise_3: autoDraw = False
1216.3468 	EXP 	surround_grating: autoDraw = False
1216.3468 	EXP 	center_grating: autoDraw = False
1216.3468 	EXP 	text_2: autoDraw = False
1216.3468 	EXP 	surround_grating: ori = 0.0
1216.3468 	EXP 	surround_grating: sf = array([2.5, 2.5])
1216.3468 	EXP 	surround_grating: phase = array([0.09857461, 0.09857461])
1216.3468 	EXP 	center_grating: ori = -4.0
1216.3468 	EXP 	center_grating: sf = array([2.5, 2.5])
1216.3468 	EXP 	center_grating: phase = array([0.32448061, 0.32448061])
1217.3327 	EXP 	noise_3: autoDraw = True
1217.3327 	EXP 	surround_grating: autoDraw = True
1217.3327 	EXP 	center_grating: autoDraw = True
1217.4167 	EXP 	noise_3: autoDraw = False
1217.4167 	EXP 	surround_grating: autoDraw = False
1217.4167 	EXP 	center_grating: autoDraw = False
1217.7908 	EXP 	New trial (rep=0, index=699): <Trial 699 (699 in rep 0) data={'center': -4, 'surround': -15.0, 'type': 'c-4', 'surr_type': 'negs', 'orient_opacity': 100, 'noise_opacity': 0, 'isi': 1.25, 'thisN': 699, 'thisTrialN': 699, 'thisRepN': 0}>
1217.7957 	DATA 	Keypress: z
1217.8020 	INFO 	Keyboard events cleared
1217.8015 	EXP 	noise_3: autoDraw = False
1217.8015 	EXP 	surround_grating: autoDraw = False
1217.8015 	EXP 	center_grating: autoDraw = False
1217.8015 	EXP 	text_2: autoDraw = False
1217.8015 	EXP 	surround_grating: ori = -15.0
1217.8015 	EXP 	surround_grating: sf = array([2.5, 2.5])
1217.8015 	EXP 	surround_grating: phase = array([0.55879586, 0.55879586])
1217.8015 	EXP 	center_grating: ori = -4.0
1217.8015 	EXP 	center_grating: sf = array([2.5, 2.5])
1217.8015 	EXP 	center_grating: phase = array([0.52425921, 0.52425921])
1219.0419 	EXP 	noise_3: autoDraw = True
1219.0419 	EXP 	surround_grating: autoDraw = True
1219.0419 	EXP 	center_grating: autoDraw = True
1219.1166 	EXP 	noise_3: autoDraw = False
1219.1166 	EXP 	surround_grating: autoDraw = False
1219.1166 	EXP 	center_grating: autoDraw = False
1220.0715 	EXP 	New trial (rep=0, index=700): <Trial 700 (700 in rep 0) data={'center': 0, 'surround': -15.0, 'type': 'c+0', 'surr_type': 'negs', 'orient_opacity': 100, 'noise_opacity': 0, 'isi': 0.75, 'thisN': 700, 'thisTrialN': 700, 'thisRepN': 0}>
1220.0770 	DATA 	Keypress: z
1220.0793 	DATA 	Keypress: period
1220.0847 	INFO 	Keyboard events cleared
1220.0842 	EXP 	noise_3: autoDraw = False
1220.0842 	EXP 	surround_grating: autoDraw = False
1220.0842 	EXP 	center_grating: autoDraw = False
1220.0842 	EXP 	text_2: autoDraw = False
1220.0842 	EXP 	surround_grating: ori = -15.0
1220.0842 	EXP 	surround_grating: sf = array([2.5, 2.5])
1220.0842 	EXP 	surround_grating: phase = array([0.98229175, 0.98229175])
1220.0842 	EXP 	center_grating: ori = 0.0
1220.0842 	EXP 	center_grating: sf = array([2.5, 2.5])
1220.0842 	EXP 	center_grating: phase = array([0.83916488, 0.83916488])
1220.8161 	EXP 	noise_3: autoDraw = True
1220.8161 	EXP 	surround_grating: autoDraw = True
1220.8161 	EXP 	center_grating: autoDraw = True
1220.8881 	EXP 	noise_3: autoDraw = False
1220.8881 	EXP 	surround_grating: autoDraw = False
1220.8881 	EXP 	center_grating: autoDraw = False
1221.3260 	EXP 	New trial (rep=0, index=701): <Trial 701 (701 in rep 0) data={'center': 0, 'surround': 15.0, 'type': 'c+0', 'surr_type': 'poss', 'orient_opacity': 100, 'noise_opacity': 0, 'isi': 1.0, 'thisN': 701, 'thisTrialN': 701, 'thisRepN': 0}>
1221.3312 	DATA 	Keypress: period
1221.3366 	INFO 	Keyboard events cleared
1221.3360 	EXP 	noise_3: autoDraw = False
1221.3360 	EXP 	surround_grating: autoDraw = False
1221.3360 	EXP 	center_grating: autoDraw = False
1221.3360 	EXP 	text_2: autoDraw = False
1221.3360 	EXP 	surround_grating: ori = 15.0
1221.3360 	EXP 	surround_grating: sf = array([2.5, 2.5])
1221.3360 	EXP 	surround_grating: phase = array([0.89315757, 0.89315757])
1221.3360 	EXP 	center_grating: ori = 0.0
1221.3360 	EXP 	center_grating: sf = array([2.5, 2.5])
1221.3360 	EXP 	center_grating: phase = array([0.59672442, 0.59672442])
1222.3267 	EXP 	noise_3: autoDraw = True
1222.3267 	EXP 	surround_grating: autoDraw = True
1222.3267 	EXP 	center_grating: autoDraw = True
1222.4051 	EXP 	noise_3: autoDraw = False
1222.4051 	EXP 	surround_grating: autoDraw = False
1222.4051 	EXP 	center_grating: autoDraw = False
1223.1029 	EXP 	New trial (rep=0, index=702): <Trial 702 (702 in rep 0) data={'center': -4, 'surround': 0.0, 'type': 'c-4', 'surr_type': 'noss', 'orient_opacity': 0, 'noise_opacity': 100, 'isi': 1.0, 'thisN': 702, 'thisTrialN': 702, 'thisRepN': 0}>
1223.1094 	DATA 	Keypress: z
1223.1154 	INFO 	Keyboard events cleared
1223.1149 	EXP 	noise_3: autoDraw = False
1223.1149 	EXP 	surround_grating: autoDraw = False
1223.1149 	EXP 	center_grating: autoDraw = False
1223.1149 	EXP 	text_2: autoDraw = False
1223.1149 	EXP 	surround_grating: ori = 0.0
1223.1149 	EXP 	surround_grating: sf = array([2.5, 2.5])
1223.1149 	EXP 	surround_grating: phase = array([0.13430033, 0.13430033])
1223.1149 	EXP 	center_grating: ori = -4.0
1223.1149 	EXP 	center_grating: sf = array([2.5, 2.5])
1223.1149 	EXP 	center_grating: phase = array([0.57191751, 0.57191751])
1224.0998 	EXP 	noise_3: autoDraw = True
1224.0998 	EXP 	surround_grating: autoDraw = True
1224.0998 	EXP 	center_grating: autoDraw = True
1224.1715 	EXP 	noise_3: autoDraw = False
1224.1715 	EXP 	surround_grating: autoDraw = False
1224.1715 	EXP 	center_grating: autoDraw = False
1224.7535 	EXP 	New trial (rep=0, index=703): <Trial 703 (703 in rep 0) data={'center': 4, 'surround': 0.0, 'type': 'c+4', 'surr_type': 'noss', 'orient_opacity': 0, 'noise_opacity': 100, 'isi': 1.25, 'thisN': 703, 'thisTrialN': 703, 'thisRepN': 0}>
1224.7593 	DATA 	Keypress: z
1224.7653 	INFO 	Keyboard events cleared
1224.7648 	EXP 	noise_3: autoDraw = False
1224.7648 	EXP 	surround_grating: autoDraw = False
1224.7648 	EXP 	center_grating: autoDraw = False
1224.7648 	EXP 	text_2: autoDraw = False
1224.7648 	EXP 	surround_grating: ori = 0.0
1224.7648 	EXP 	surround_grating: sf = array([2.5, 2.5])
1224.7648 	EXP 	surround_grating: phase = array([0.50808687, 0.50808687])
1224.7648 	EXP 	center_grating: ori = 4.0
1224.7648 	EXP 	center_grating: sf = array([2.5, 2.5])
1224.7648 	EXP 	center_grating: phase = array([0.92396878, 0.92396878])
1225.9997 	EXP 	noise_3: autoDraw = True
1225.9997 	EXP 	surround_grating: autoDraw = True
1225.9997 	EXP 	center_grating: autoDraw = True
1226.0718 	EXP 	noise_3: autoDraw = False
1226.0718 	EXP 	surround_grating: autoDraw = False
1226.0718 	EXP 	center_grating: autoDraw = False
1226.5701 	EXP 	New trial (rep=0, index=704): <Trial 704 (704 in rep 0) data={'center': 6, 'surround': 15.0, 'type': 'c+6', 'surr_type': 'poss', 'orient_opacity': 100, 'noise_opacity': 0, 'isi': 0.75, 'thisN': 704, 'thisTrialN': 704, 'thisRepN': 0}>
1226.5760 	DATA 	Keypress: period
1226.5825 	INFO 	Keyboard events cleared
1226.5820 	EXP 	noise_3: autoDraw = False
1226.5820 	EXP 	surround_grating: autoDraw = False
1226.5820 	EXP 	center_grating: autoDraw = False
1226.5820 	EXP 	text_2: autoDraw = False
1226.5820 	EXP 	surround_grating: ori = 15.0
1226.5820 	EXP 	surround_grating: sf = array([2.5, 2.5])
1226.5820 	EXP 	surround_grating: phase = array([0.35496917, 0.35496917])
1226.5820 	EXP 	center_grating: ori = 6.0
1226.5820 	EXP 	center_grating: sf = array([2.5, 2.5])
1226.5820 	EXP 	center_grating: phase = array([0.3639655, 0.3639655])
1227.3164 	EXP 	noise_3: autoDraw = True
1227.3164 	EXP 	surround_grating: autoDraw = True
1227.3164 	EXP 	center_grating: autoDraw = True
1227.3895 	EXP 	noise_3: autoDraw = False
1227.3895 	EXP 	surround_grating: autoDraw = False
1227.3895 	EXP 	center_grating: autoDraw = False
1228.3033 	EXP 	New trial (rep=0, index=705): <Trial 705 (705 in rep 0) data={'center': 4, 'surround': 15.0, 'type': 'c+4', 'surr_type': 'poss', 'orient_opacity': 100, 'noise_opacity': 0, 'isi': 0.5, 'thisN': 705, 'thisTrialN': 705, 'thisRepN': 0}>
1228.3089 	DATA 	Keypress: period
1228.3152 	INFO 	Keyboard events cleared
1228.3147 	EXP 	noise_3: autoDraw = False
1228.3147 	EXP 	surround_grating: autoDraw = False
1228.3147 	EXP 	center_grating: autoDraw = False
1228.3147 	EXP 	text_2: autoDraw = False
1228.3147 	EXP 	surround_grating: ori = 15.0
1228.3147 	EXP 	surround_grating: sf = array([2.5, 2.5])
1228.3147 	EXP 	surround_grating: phase = array([0.30485146, 0.30485146])
1228.3147 	EXP 	center_grating: ori = 4.0
1228.3147 	EXP 	center_grating: sf = array([2.5, 2.5])
1228.3147 	EXP 	center_grating: phase = array([0.6011047, 0.6011047])
1228.7999 	EXP 	noise_3: autoDraw = True
1228.7999 	EXP 	surround_grating: autoDraw = True
1228.7999 	EXP 	center_grating: autoDraw = True
1228.8722 	EXP 	noise_3: autoDraw = False
1228.8722 	EXP 	surround_grating: autoDraw = False
1228.8722 	EXP 	center_grating: autoDraw = False
1229.4196 	EXP 	New trial (rep=0, index=706): <Trial 706 (706 in rep 0) data={'center': -2, 'surround': 15.0, 'type': 'c-2', 'surr_type': 'poss', 'orient_opacity': 100, 'noise_opacity': 0, 'isi': 0.75, 'thisN': 706, 'thisTrialN': 706, 'thisRepN': 0}>
1229.4249 	DATA 	Keypress: period
1229.4310 	INFO 	Keyboard events cleared
1229.4304 	EXP 	noise_3: autoDraw = False
1229.4304 	EXP 	surround_grating: autoDraw = False
1229.4304 	EXP 	center_grating: autoDraw = False
1229.4304 	EXP 	text_2: autoDraw = False
1229.4304 	EXP 	surround_grating: ori = 15.0
1229.4304 	EXP 	surround_grating: sf = array([2.5, 2.5])
1229.4304 	EXP 	surround_grating: phase = array([0.45856218, 0.45856218])
1229.4304 	EXP 	center_grating: ori = -2.0
1229.4304 	EXP 	center_grating: sf = array([2.5, 2.5])
1229.4304 	EXP 	center_grating: phase = array([0.09539227, 0.09539227])
1230.1662 	EXP 	noise_3: autoDraw = True
1230.1662 	EXP 	surround_grating: autoDraw = True
1230.1662 	EXP 	center_grating: autoDraw = True
1230.2397 	EXP 	noise_3: autoDraw = False
1230.2397 	EXP 	surround_grating: autoDraw = False
1230.2397 	EXP 	center_grating: autoDraw = False
1230.6698 	EXP 	New trial (rep=0, index=707): <Trial 707 (707 in rep 0) data={'center': 4, 'surround': 0.0, 'type': 'c+4', 'surr_type': 'noss', 'orient_opacity': 0, 'noise_opacity': 100, 'isi': 0.75, 'thisN': 707, 'thisTrialN': 707, 'thisRepN': 0}>
1230.6755 	DATA 	Keypress: z
1230.6816 	INFO 	Keyboard events cleared
1230.6812 	EXP 	noise_3: autoDraw = False
1230.6812 	EXP 	surround_grating: autoDraw = False
1230.6812 	EXP 	center_grating: autoDraw = False
1230.6812 	EXP 	text_2: autoDraw = False
1230.6812 	EXP 	surround_grating: ori = 0.0
1230.6812 	EXP 	surround_grating: sf = array([2.5, 2.5])
1230.6812 	EXP 	surround_grating: phase = array([0.31448136, 0.31448136])
1230.6812 	EXP 	center_grating: ori = 4.0
1230.6812 	EXP 	center_grating: sf = array([2.5, 2.5])
1230.6812 	EXP 	center_grating: phase = array([0.88382501, 0.88382501])
1231.4165 	EXP 	noise_3: autoDraw = True
1231.4165 	EXP 	surround_grating: autoDraw = True
1231.4165 	EXP 	center_grating: autoDraw = True
1231.4894 	EXP 	noise_3: autoDraw = False
1231.4894 	EXP 	surround_grating: autoDraw = False
1231.4894 	EXP 	center_grating: autoDraw = False
1231.8700 	EXP 	New trial (rep=0, index=708): <Trial 708 (708 in rep 0) data={'center': -2, 'surround': -15.0, 'type': 'c-2', 'surr_type': 'negs', 'orient_opacity': 100, 'noise_opacity': 0, 'isi': 0.5, 'thisN': 708, 'thisTrialN': 708, 'thisRepN': 0}>
1231.8751 	DATA 	Keypress: period
1231.8812 	INFO 	Keyboard events cleared
1231.8808 	EXP 	noise_3: autoDraw = False
1231.8808 	EXP 	surround_grating: autoDraw = False
1231.8808 	EXP 	center_grating: autoDraw = False
1231.8808 	EXP 	text_2: autoDraw = False
1231.8808 	EXP 	surround_grating: ori = -15.0
1231.8808 	EXP 	surround_grating: sf = array([2.5, 2.5])
1231.8808 	EXP 	surround_grating: phase = array([0.12198484, 0.12198484])
1231.8808 	EXP 	center_grating: ori = -2.0
1231.8808 	EXP 	center_grating: sf = array([2.5, 2.5])
1231.8808 	EXP 	center_grating: phase = array([0.25148111, 0.25148111])
1232.3660 	EXP 	noise_3: autoDraw = True
1232.3660 	EXP 	surround_grating: autoDraw = True
1232.3660 	EXP 	center_grating: autoDraw = True
1232.4394 	EXP 	noise_3: autoDraw = False
1232.4394 	EXP 	surround_grating: autoDraw = False
1232.4394 	EXP 	center_grating: autoDraw = False
1233.0534 	EXP 	New trial (rep=0, index=709): <Trial 709 (709 in rep 0) data={'center': 4, 'surround': 0.0, 'type': 'c+4', 'surr_type': 'noss', 'orient_opacity': 0, 'noise_opacity': 100, 'isi': 0.5, 'thisN': 709, 'thisTrialN': 709, 'thisRepN': 0}>
1233.0589 	DATA 	Keypress: period
1233.0651 	INFO 	Keyboard events cleared
1233.0646 	EXP 	noise_3: autoDraw = False
1233.0646 	EXP 	surround_grating: autoDraw = False
1233.0646 	EXP 	center_grating: autoDraw = False
1233.0646 	EXP 	text_2: autoDraw = False
1233.0646 	EXP 	surround_grating: ori = 0.0
1233.0646 	EXP 	surround_grating: sf = array([2.5, 2.5])
1233.0646 	EXP 	surround_grating: phase = array([0.05737305, 0.05737305])
1233.0646 	EXP 	center_grating: ori = 4.0
1233.0646 	EXP 	center_grating: sf = array([2.5, 2.5])
1233.0646 	EXP 	center_grating: phase = array([0.95966702, 0.95966702])
1233.5499 	EXP 	noise_3: autoDraw = True
1233.5499 	EXP 	surround_grating: autoDraw = True
1233.5499 	EXP 	center_grating: autoDraw = True
1233.6222 	EXP 	noise_3: autoDraw = False
1233.6222 	EXP 	surround_grating: autoDraw = False
1233.6222 	EXP 	center_grating: autoDraw = False
1234.0087 	EXP 	New trial (rep=0, index=710): <Trial 710 (710 in rep 0) data={'center': 0, 'surround': -15.0, 'type': 'c+0', 'surr_type': 'negs', 'orient_opacity': 100, 'noise_opacity': 0, 'isi': 0.75, 'thisN': 710, 'thisTrialN': 710, 'thisRepN': 0}>
1234.0138 	DATA 	Keypress: period
1234.0200 	INFO 	Keyboard events cleared
1234.0194 	EXP 	noise_3: autoDraw = False
1234.0194 	EXP 	surround_grating: autoDraw = False
1234.0194 	EXP 	center_grating: autoDraw = False
1234.0194 	EXP 	text_2: autoDraw = False
1234.0194 	EXP 	surround_grating: ori = -15.0
1234.0194 	EXP 	surround_grating: sf = array([2.5, 2.5])
1234.0194 	EXP 	surround_grating: phase = array([0.85483821, 0.85483821])
1234.0194 	EXP 	center_grating: ori = 0.0
1234.0194 	EXP 	center_grating: sf = array([2.5, 2.5])
1234.0194 	EXP 	center_grating: phase = array([0.06959676, 0.06959676])
1234.7599 	EXP 	noise_3: autoDraw = True
1234.7599 	EXP 	surround_grating: autoDraw = True
1234.7599 	EXP 	center_grating: autoDraw = True
1234.8339 	EXP 	noise_3: autoDraw = False
1234.8339 	EXP 	surround_grating: autoDraw = False
1234.8339 	EXP 	center_grating: autoDraw = False
1235.2091 	EXP 	New trial (rep=0, index=711): <Trial 711 (711 in rep 0) data={'center': -4, 'surround': -15.0, 'type': 'c-4', 'surr_type': 'negs', 'orient_opacity': 100, 'noise_opacity': 0, 'isi': 1.0, 'thisN': 711, 'thisTrialN': 711, 'thisRepN': 0}>
1235.2147 	DATA 	Keypress: period
1235.2204 	INFO 	Keyboard events cleared
1235.2199 	EXP 	noise_3: autoDraw = False
1235.2199 	EXP 	surround_grating: autoDraw = False
1235.2199 	EXP 	center_grating: autoDraw = False
1235.2199 	EXP 	text_2: autoDraw = False
1235.2199 	EXP 	surround_grating: ori = -15.0
1235.2199 	EXP 	surround_grating: sf = array([2.5, 2.5])
1235.2199 	EXP 	surround_grating: phase = array([0.35604575, 0.35604575])
1235.2199 	EXP 	center_grating: ori = -4.0
1235.2199 	EXP 	center_grating: sf = array([2.5, 2.5])
1235.2199 	EXP 	center_grating: phase = array([0.15772426, 0.15772426])
1236.2101 	EXP 	noise_3: autoDraw = True
1236.2101 	EXP 	surround_grating: autoDraw = True
1236.2101 	EXP 	center_grating: autoDraw = True
1236.2841 	EXP 	noise_3: autoDraw = False
1236.2841 	EXP 	surround_grating: autoDraw = False
1236.2841 	EXP 	center_grating: autoDraw = False
1237.1202 	EXP 	New trial (rep=0, index=712): <Trial 712 (712 in rep 0) data={'center': -8, 'surround': -15.0, 'type': 'c-8', 'surr_type': 'negs', 'orient_opacity': 100, 'noise_opacity': 0, 'isi': 1.25, 'thisN': 712, 'thisTrialN': 712, 'thisRepN': 0}>
1237.1270 	DATA 	Keypress: z
1237.1333 	INFO 	Keyboard events cleared
1237.1328 	EXP 	noise_3: autoDraw = False
1237.1328 	EXP 	surround_grating: autoDraw = False
1237.1328 	EXP 	center_grating: autoDraw = False
1237.1328 	EXP 	text_2: autoDraw = False
1237.1328 	EXP 	surround_grating: ori = -15.0
1237.1328 	EXP 	surround_grating: sf = array([2.5, 2.5])
1237.1328 	EXP 	surround_grating: phase = array([0.63141222, 0.63141222])
1237.1328 	EXP 	center_grating: ori = -8.0
1237.1328 	EXP 	center_grating: sf = array([2.5, 2.5])
1237.1328 	EXP 	center_grating: phase = array([0.92338023, 0.92338023])
1237.1528 	EXP 	New trial (rep=0, index=713): <Trial 713 (713 in rep 0) data={'center': 0, 'surround': 0.0, 'type': 'c+0', 'surr_type': 'noss', 'orient_opacity': 0, 'noise_opacity': 100, 'isi': 1.0, 'thisN': 713, 'thisTrialN': 713, 'thisRepN': 0}>
1237.1577 	DATA 	Keypress: period
1237.1639 	INFO 	Keyboard events cleared
1237.1634 	EXP 	noise_3: autoDraw = False
1237.1634 	EXP 	surround_grating: autoDraw = False
1237.1634 	EXP 	center_grating: autoDraw = False
1237.1634 	EXP 	text_2: autoDraw = False
1237.1634 	EXP 	surround_grating: ori = 0.0
1237.1634 	EXP 	surround_grating: sf = array([2.5, 2.5])
1237.1634 	EXP 	surround_grating: phase = array([0.60436862, 0.60436862])
1237.1634 	EXP 	center_grating: ori = 0.0
1237.1634 	EXP 	center_grating: sf = array([2.5, 2.5])
1237.1634 	EXP 	center_grating: phase = array([0.71826279, 0.71826279])
1238.1503 	EXP 	noise_3: autoDraw = True
1238.1503 	EXP 	surround_grating: autoDraw = True
1238.1503 	EXP 	center_grating: autoDraw = True
1238.2226 	EXP 	noise_3: autoDraw = False
1238.2226 	EXP 	surround_grating: autoDraw = False
1238.2226 	EXP 	center_grating: autoDraw = False
1238.9810 	DATA 	Keypress: z
1238.9869 	INFO 	Keyboard events cleared
1238.9863 	EXP 	noise_3: autoDraw = False
1238.9863 	EXP 	surround_grating: autoDraw = False
1238.9863 	EXP 	center_grating: autoDraw = False
1238.9863 	EXP 	text_2: autoDraw = False
1238.9863 	EXP 	text_14: autoDraw = True
1239.0056 	DATA 	Keypress: period
1246.1604 	DATA 	Keypress: space
1246.1672 	EXP 	text_14: autoDraw = False
1246.1673 	EXP 	tilt_mocs: status = STOPPED
1246.3570 	INFO 	saved data to '/Users/cpcr/Documents/tilt/tilt_mocs/data/sub-21040100/ses-0/sub-21040100_ses-0_exp-tiltmocs_2026-02-02_15h46.07.187.csv'
1246.3656 	INFO 	saved data to /Users/cpcr/Documents/tilt/tilt_mocs/data/sub-21040100/ses-0/sub-21040100_ses-0_exp-tiltmocs_2026-02-02_15h46.07.187.psydat
