14.3127 	WARNING 	Font Manager failed to load file /System/Library/PrivateFrameworks/FontServices.framework/Resources/Reserved/PingFangUI.ttc
36.9038 	INFO 	Loaded monitor calibration from ['2025_09_15 11:13']
37.1498 	EXP 	Created window1 = Window(allowGUI=False, allowStencil=False, autoLog=True, backendConf=UNKNOWN, backgroundFit=<method-wrapper '__getattribute__' of attributeSetter object at 0x164b7ec50>, backgroundImage=<method-wrapper '__getattribute__' of attributeSetter object at 0x164b7ecb0>, bitsMode=UNKNOWN, blendMode='avg', bpc=(8, 8, 8), color=array([0, 0, 0]), colorSpace='rgb', depthBits=8, fullscr=True, gamma=None, gammaErrorPolicy='raise', infoMsg=UNKNOWN, lms=UNKNOWN, monitor=<psychopy.monitors.calibTools.Monitor object at 0x164662cb0>, multiSample=False, name='window1', numSamples=2, pos=[0.0, 0.0], screen=0, size=array([2880, 1800]), stencilBits=0, stereo=False, title='PsychoPy', units='height', useFBO=True, useRetina=True, viewOri=0.0, viewPos=None, viewScale=None, waitBlanking=True, winType='pyglet')
37.1499 	EXP 	window1: backgroundImage = ''
37.1499 	EXP 	window1: backgroundFit = 'none'
37.1944 	EXP 	window1: Attempting to measure frame rate of screen (0) ...
37.1945 	EXP 	window1: recordFrameIntervals = False
37.3347 	EXP 	window1: recordFrameIntervals = True
38.0762 	EXP 	Screen (0) actual frame rate measured at 118.86Hz
38.0762 	EXP 	window1: recordFrameIntervals = False
41.0255 	INFO 	keyboard.Keyboard is using iohub backend.
41.0256 	INFO 	keyboard.Keyboard is using iohub backend.
41.0256 	INFO 	keyboard.Keyboard is using iohub backend.
41.0256 	INFO 	keyboard.Keyboard is using iohub backend.
41.0256 	INFO 	keyboard.Keyboard is using iohub backend.
41.0256 	INFO 	keyboard.Keyboard is using iohub backend.
41.0257 	INFO 	keyboard.Keyboard is using iohub backend.
41.0257 	INFO 	keyboard.Keyboard is using iohub backend.
41.0257 	INFO 	keyboard.Keyboard is using iohub backend.
41.0257 	INFO 	keyboard.Keyboard is using iohub backend.
41.0257 	INFO 	keyboard.Keyboard is using iohub backend.
41.0258 	EXP 	tilt_mocs: status = STARTED
41.0674 	EXP 	Created text_5 = TextStim(__class__=<class 'psychopy.visual.text.TextStim'>, alignHoriz=method-wrapper(...), alignText='center', alignVert=method-wrapper(...), anchorHoriz='center', anchorVert='center', antialias=True, autoDraw=False, autoLog=True, bold=False, color=array([1., 1., 1.]), colorSpace='rgb', contrast=1.0, depth=-1.0, draggable=False, flipHoriz=False, flipVert=False, font='Arial', fontFiles=[], height=0.05, italic=False, languageStyle='LTR', name='text_5', opacity=1, ori=0.0, pos=array([0., 0.]), rgb=UNKNOWN, text=str(...), units='height', win=Window(...), wrapWidth=1)
41.0699 	EXP 	Created surround_practice_example = GratingStim(__class__=<class 'psychopy.visual.grating.GratingStim'>, anchor='center', autoDraw=False, autoLog=True, blendmode='avg', color=array([0.2, 0.2, 0.2]), colorSpace='rgb', contrast=0.2, depth=-1.0, draggable=False, interpolate=True, mask='circle', maskParams=None, name='surround_practice_example', opacity=1, ori=1.0, phase=array([1., 1.]), pos=array([0., 0.]), rgbPedestal=array([0., 0., 0.]), sf=array([1., 1.]), size=array([1., 1.]), tex='sin', texRes=128.0, units='cm', win=Window(...))
41.0714 	EXP 	Created center_practice_example = GratingStim(__class__=<class 'psychopy.visual.grating.GratingStim'>, anchor='center', autoDraw=False, autoLog=True, blendmode='avg', color=array([1., 1., 1.]), colorSpace='rgb', contrast=1.0, depth=-2.0, draggable=False, interpolate=True, mask='circle', maskParams=None, name='center_practice_example', opacity=1, ori=1.0, phase=array([1., 1.]), pos=array([0., 0.]), rgbPedestal=array([0., 0., 0.]), sf=array([1., 1.]), size=array([1., 1.]), tex='sin', texRes=128.0, units='cm', win=Window(...))
41.0748 	EXP 	Created text_15 = TextStim(__class__=<class 'psychopy.visual.text.TextStim'>, alignHoriz=method-wrapper(...), alignText='center', alignVert=method-wrapper(...), anchorHoriz='center', anchorVert='center', antialias=True, autoDraw=False, autoLog=True, bold=False, color=array([1., 1., 1.]), colorSpace='rgb', contrast=1.0, depth=-3.0, draggable=False, flipHoriz=False, flipVert=False, font='Arial', fontFiles=[], height=0.05, italic=False, languageStyle='LTR', name='text_15', opacity=1, ori=0.0, pos=array([ 0. , -0.4]), rgb=UNKNOWN, text=str(...), units='height', win=Window(...), wrapWidth=1)
41.0809 	EXP 	Created text_6 = TextStim(__class__=<class 'psychopy.visual.text.TextStim'>, alignHoriz=method-wrapper(...), alignText='center', alignVert=method-wrapper(...), anchorHoriz='center', anchorVert='center', antialias=True, autoDraw=False, autoLog=True, bold=False, color=array([1., 1., 1.]), colorSpace='rgb', contrast=1.0, depth=0.0, draggable=False, flipHoriz=False, flipVert=False, font='Arial', fontFiles=[], height=0.05, italic=False, languageStyle='LTR', name='text_6', opacity=1, ori=0.0, pos=array([0., 0.]), rgb=UNKNOWN, text=str(...), units='height', win=Window(...), wrapWidth=1)
41.0824 	EXP 	Created surround_practice = GratingStim(__class__=<class 'psychopy.visual.grating.GratingStim'>, anchor='center', autoDraw=False, autoLog=True, blendmode='avg', color=array([0.2, 0.2, 0.2]), colorSpace='rgb', contrast=0.2, depth=-1.0, draggable=False, interpolate=True, mask='circle', maskParams=None, name='surround_practice', opacity=1, ori=1.0, phase=array([1., 1.]), pos=array([0., 0.]), rgbPedestal=array([0., 0., 0.]), sf=array([1., 1.]), size=array([1., 1.]), tex='sin', texRes=128.0, units='cm', win=Window(...))
41.0839 	EXP 	Created center_practice = GratingStim(__class__=<class 'psychopy.visual.grating.GratingStim'>, anchor='center', autoDraw=False, autoLog=True, blendmode='avg', color=array([1., 1., 1.]), colorSpace='rgb', contrast=1.0, depth=-2.0, draggable=False, interpolate=True, mask='circle', maskParams=None, name='center_practice', opacity=1, ori=1.0, phase=array([1., 1.]), pos=array([0., 0.]), rgbPedestal=array([0., 0., 0.]), sf=array([1., 1.]), size=array([1., 1.]), tex='sin', texRes=128.0, units='cm', win=Window(...))
41.0874 	EXP 	Created text_11 = TextStim(__class__=<class 'psychopy.visual.text.TextStim'>, alignHoriz=method-wrapper(...), alignText='center', alignVert=method-wrapper(...), anchorHoriz='center', anchorVert='center', antialias=True, autoDraw=False, autoLog=True, bold=False, color=array([1., 1., 1.]), colorSpace='rgb', contrast=1.0, depth=-4.0, draggable=False, flipHoriz=False, flipVert=False, font='Arial', fontFiles=[], height=0.05, italic=False, languageStyle='LTR', name='text_11', opacity=1, ori=0.0, pos=array([0., 0.]), rgb=UNKNOWN, text=str(...), units='height', win=Window(...), wrapWidth=1)
41.0879 	EXP 	Created text_7 = TextStim(__class__=<class 'psychopy.visual.text.TextStim'>, alignHoriz=method-wrapper(...), alignText='center', alignVert=method-wrapper(...), anchorHoriz='center', anchorVert='center', antialias=True, autoDraw=False, autoLog=True, bold=False, color=array([1., 1., 1.]), colorSpace='rgb', contrast=1.0, depth=-1.0, draggable=False, flipHoriz=False, flipVert=False, font='Arial', fontFiles=[], height=0.05, italic=False, languageStyle='LTR', name='text_7', opacity=1, ori=0.0, pos=array([0., 0.]), rgb=UNKNOWN, text='', units='height', win=Window(...), wrapWidth=1)
41.0943 	EXP 	Created text_8 = TextStim(__class__=<class 'psychopy.visual.text.TextStim'>, alignHoriz=method-wrapper(...), alignText='center', alignVert=method-wrapper(...), anchorHoriz='center', anchorVert='center', antialias=True, autoDraw=False, autoLog=True, bold=False, color=array([1., 1., 1.]), colorSpace='rgb', contrast=1.0, depth=0.0, draggable=False, flipHoriz=False, flipVert=False, font='Arial', fontFiles=[], height=0.05, italic=False, languageStyle='LTR', name='text_8', opacity=1, ori=0.0, pos=array([0., 0.]), rgb=UNKNOWN, text=str(...), units='height', win=Window(...), wrapWidth=1)
41.0959 	EXP 	Created surround_practice_2 = GratingStim(__class__=<class 'psychopy.visual.grating.GratingStim'>, anchor='center', autoDraw=False, autoLog=True, blendmode='avg', color=array([0.2, 0.2, 0.2]), colorSpace='rgb', contrast=0.2, depth=0.0, draggable=False, interpolate=True, mask='circle', maskParams=None, name='surround_practice_2', opacity=1.0, ori=1.0, phase=array([0., 0.]), pos=array([0., 0.]), rgbPedestal=array([0., 0., 0.]), sf=array([1., 1.]), size=array([1., 1.]), tex='sin', texRes=128.0, units='cm', win=Window(...))
41.0974 	EXP 	Created center_practice_2 = GratingStim(__class__=<class 'psychopy.visual.grating.GratingStim'>, anchor='center', autoDraw=False, autoLog=True, blendmode='avg', color=array([0.2, 0.2, 0.2]), colorSpace='rgb', contrast=0.2, depth=-1.0, draggable=False, interpolate=True, mask='circle', maskParams=None, name='center_practice_2', opacity=1, ori=1.0, phase=array([0., 0.]), pos=array([0., 0.]), rgbPedestal=array([0., 0., 0.]), sf=array([1., 1.]), size=array([2., 2.]), tex='sin', texRes=128.0, units='cm', win=Window(...))
41.0998 	EXP 	Created text_12 = TextStim(__class__=<class 'psychopy.visual.text.TextStim'>, alignHoriz=method-wrapper(...), alignText='center', alignVert=method-wrapper(...), anchorHoriz='center', anchorVert='center', antialias=True, autoDraw=False, autoLog=True, bold=False, color=array([1., 1., 1.]), colorSpace='rgb', contrast=1.0, depth=-3.0, draggable=False, flipHoriz=False, flipVert=False, font='Arial', fontFiles=[], height=0.05, italic=False, languageStyle='LTR', name='text_12', opacity=1, ori=0.0, pos=array([0., 0.]), rgb=UNKNOWN, text=str(...), units='height', win=Window(...), wrapWidth=1)
41.1003 	EXP 	Created text_7 = TextStim(__class__=<class 'psychopy.visual.text.TextStim'>, alignHoriz=method-wrapper(...), alignText='center', alignVert=method-wrapper(...), anchorHoriz='center', anchorVert='center', antialias=True, autoDraw=False, autoLog=True, bold=False, color=array([1., 1., 1.]), colorSpace='rgb', contrast=1.0, depth=-1.0, draggable=False, flipHoriz=False, flipVert=False, font='Arial', fontFiles=[], height=0.05, italic=False, languageStyle='LTR', name='text_7', opacity=1, ori=0.0, pos=array([0., 0.]), rgb=UNKNOWN, text='', units='height', win=Window(...), wrapWidth=1)
41.1109 	EXP 	Created text_13 = TextStim(__class__=<class 'psychopy.visual.text.TextStim'>, alignHoriz=method-wrapper(...), alignText='center', alignVert=method-wrapper(...), anchorHoriz='center', anchorVert='center', antialias=True, autoDraw=False, autoLog=True, bold=False, color=array([1., 1., 1.]), colorSpace='rgb', contrast=1.0, depth=0.0, draggable=False, flipHoriz=False, flipVert=False, font='Arial', fontFiles=[], height=0.05, italic=False, languageStyle='LTR', name='text_13', opacity=1, ori=0.0, pos=array([0., 0.]), rgb=UNKNOWN, text=str(...), units='height', win=Window(...), wrapWidth=1)
41.1125 	EXP 	Created surround_grating = GratingStim(__class__=<class 'psychopy.visual.grating.GratingStim'>, anchor='center', autoDraw=False, autoLog=True, blendmode='avg', color=array([0.2, 0.2, 0.2]), colorSpace='rgb', contrast=0.2, depth=-1.0, draggable=False, interpolate=True, mask='circle', maskParams=None, name='surround_grating', opacity=1.0, ori=1.0, phase=array([1., 1.]), pos=array([0., 0.]), rgbPedestal=array([0., 0., 0.]), sf=array([1., 1.]), size=array([1., 1.]), tex='sin', texRes=128.0, units='cm', win=Window(...))
41.1140 	EXP 	Created center_grating = GratingStim(__class__=<class 'psychopy.visual.grating.GratingStim'>, anchor='center', autoDraw=False, autoLog=True, blendmode='avg', color=array([0.2, 0.2, 0.2]), colorSpace='rgb', contrast=0.2, depth=-2.0, draggable=False, interpolate=True, mask='circle', maskParams=None, name='center_grating', opacity=1, ori=1.0, phase=array([1., 1.]), pos=array([0., 0.]), rgbPedestal=array([0., 0., 0.]), sf=array([1., 1.]), size=array([1., 1.]), tex='sin', texRes=128.0, units='cm', win=Window(...))
41.1173 	EXP 	Created text_2 = TextStim(__class__=<class 'psychopy.visual.text.TextStim'>, alignHoriz=method-wrapper(...), alignText='center', alignVert=method-wrapper(...), anchorHoriz='center', anchorVert='center', antialias=True, autoDraw=False, autoLog=True, bold=False, color=array([1., 1., 1.]), colorSpace='rgb', contrast=1.0, depth=0.0, draggable=False, flipHoriz=False, flipVert=False, font='Arial', fontFiles=[], height=0.05, italic=False, languageStyle='LTR', name='text_2', opacity=1, ori=0.0, pos=array([0., 0.]), rgb=UNKNOWN, text=str(...), units='height', win=Window(...), wrapWidth=1)
41.1191 	EXP 	Created text_14 = TextStim(__class__=<class 'psychopy.visual.text.TextStim'>, alignHoriz=method-wrapper(...), alignText='center', alignVert=method-wrapper(...), anchorHoriz='center', anchorVert='center', antialias=True, autoDraw=False, autoLog=True, bold=False, color=array([1., 1., 1.]), colorSpace='rgb', contrast=1.0, depth=0.0, draggable=False, flipHoriz=False, flipVert=False, font='Arial', fontFiles=[], height=0.05, italic=False, languageStyle='LTR', name='text_14', opacity=1, ori=0.0, pos=array([0., 0.]), rgb=UNKNOWN, text='thank you and have a pleasant day ', units='height', win=Window(...), wrapWidth=1)
0.0168 	INFO 	Keyboard events cleared
0.0163 	EXP 	text_5: autoDraw = True
35.5018 	INFO 	Keyboard events cleared
35.5012 	EXP 	text_5: autoDraw = False
35.5012 	EXP 	surround_practice_example: ori = -30.0
35.5012 	EXP 	surround_practice_example: sf = array([2.5, 2.5])
35.5012 	EXP 	surround_practice_example: phase = array([0., 0.])
35.5012 	EXP 	center_practice_example: ori = 15.0
35.5012 	EXP 	center_practice_example: sf = array([2.5, 2.5])
35.5012 	EXP 	center_practice_example: phase = array([0., 0.])
35.5012 	EXP 	surround_practice_example: autoDraw = True
35.5012 	EXP 	center_practice_example: autoDraw = True
35.5012 	EXP 	text_15: autoDraw = True
35.5012 	EXP 	surround_practice_example: tex = 'sin'
35.5012 	EXP 	center_practice_example: tex = 'sin'
40.4003 	INFO 	Keyboard events cleared
40.3997 	EXP 	surround_practice_example: autoDraw = False
40.3997 	EXP 	center_practice_example: autoDraw = False
40.3997 	EXP 	text_15: autoDraw = False
40.3997 	EXP 	text_6: autoDraw = True
46.9635 	EXP 	Imported tilt_practice_1.csv as conditions, 4 conditions, 3 params
46.9643 	EXP 	New trial (rep=0, index=0): <Trial 0 (0 in rep 0) data={'center': 30, 'surround': 0, 'correct': 'right', 'thisN': 0, 'thisTrialN': 0, 'thisRepN': 0}>
46.9746 	INFO 	Keyboard events cleared
46.9741 	EXP 	text_6: autoDraw = False
46.9741 	EXP 	surround_practice: ori = 0.0
46.9741 	EXP 	surround_practice: sf = array([2.5, 2.5])
46.9741 	EXP 	surround_practice: phase = array([0.82934747, 0.82934747])
46.9741 	EXP 	center_practice: ori = 30.0
46.9741 	EXP 	center_practice: sf = array([2.5, 2.5])
46.9741 	EXP 	center_practice: phase = array([0.67533629, 0.67533629])
47.4675 	EXP 	surround_practice: autoDraw = True
47.4675 	EXP 	center_practice: autoDraw = True
47.4675 	EXP 	surround_practice: tex = 'sin'
47.4675 	EXP 	center_practice: tex = 'sin'
48.4503 	EXP 	text_11: autoDraw = True
48.4561 	EXP 	surround_practice: autoDraw = False
48.4561 	EXP 	center_practice: autoDraw = False
48.5515 	EXP 	surround_practice: autoDraw = False
48.5515 	EXP 	center_practice: autoDraw = False
48.5515 	EXP 	text_11: autoDraw = False
48.5515 	EXP 	text_7: height = 0.05
48.5515 	EXP 	text_7: height = 0.05
48.5515 	EXP 	text_7: height = 0.05
48.5515 	EXP 	text_7: text = 'Correct'
48.5515 	EXP 	text_7: autoDraw = True
50.0353 	EXP 	New trial (rep=0, index=1): <Trial 1 (1 in rep 0) data={'center': -30, 'surround': 0, 'correct': 'left', 'thisN': 1, 'thisTrialN': 1, 'thisRepN': 0}>
50.0438 	INFO 	Keyboard events cleared
50.0434 	EXP 	text_7: autoDraw = False
50.0434 	EXP 	text_7: autoDraw = False
50.0434 	EXP 	surround_practice: ori = 0.0
50.0434 	EXP 	surround_practice: sf = array([2.5, 2.5])
50.0434 	EXP 	surround_practice: phase = array([0.69707781, 0.69707781])
50.0434 	EXP 	center_practice: ori = -30.0
50.0434 	EXP 	center_practice: sf = array([2.5, 2.5])
50.0434 	EXP 	center_practice: phase = array([0.42702357, 0.42702357])
50.5341 	EXP 	surround_practice: autoDraw = True
50.5341 	EXP 	center_practice: autoDraw = True
51.5245 	EXP 	surround_practice: autoDraw = False
51.5245 	EXP 	center_practice: autoDraw = False
51.5344 	EXP 	text_11: autoDraw = True
51.5516 	EXP 	surround_practice: autoDraw = False
51.5516 	EXP 	center_practice: autoDraw = False
51.5516 	EXP 	text_11: autoDraw = False
51.5516 	EXP 	text_7: text = 'Correct'
51.5516 	EXP 	text_7: autoDraw = True
53.0354 	EXP 	New trial (rep=0, index=2): <Trial 2 (2 in rep 0) data={'center': 30, 'surround': 60, 'correct': 'right', 'thisN': 2, 'thisTrialN': 2, 'thisRepN': 0}>
53.0435 	INFO 	Keyboard events cleared
53.0430 	EXP 	text_7: autoDraw = False
53.0430 	EXP 	text_7: autoDraw = False
53.0430 	EXP 	surround_practice: ori = 60.0
53.0430 	EXP 	surround_practice: sf = array([2.5, 2.5])
53.0430 	EXP 	surround_practice: phase = array([0.43767202, 0.43767202])
53.0430 	EXP 	center_practice: ori = 30.0
53.0430 	EXP 	center_practice: sf = array([2.5, 2.5])
53.0430 	EXP 	center_practice: phase = array([0.52586892, 0.52586892])
53.5428 	EXP 	surround_practice: autoDraw = True
53.5428 	EXP 	center_practice: autoDraw = True
53.9950 	EXP 	surround_practice: autoDraw = False
53.9950 	EXP 	center_practice: autoDraw = False
53.9950 	EXP 	text_11: autoDraw = False
53.9950 	EXP 	text_7: text = 'Correct'
53.9950 	EXP 	text_7: autoDraw = True
55.4858 	EXP 	New trial (rep=0, index=3): <Trial 3 (3 in rep 0) data={'center': -30, 'surround': -60, 'correct': 'left', 'thisN': 3, 'thisTrialN': 3, 'thisRepN': 0}>
55.4946 	INFO 	Keyboard events cleared
55.4943 	EXP 	text_7: autoDraw = False
55.4943 	EXP 	text_7: autoDraw = False
55.4943 	EXP 	surround_practice: ori = -60.0
55.4943 	EXP 	surround_practice: sf = array([2.5, 2.5])
55.4943 	EXP 	surround_practice: phase = array([0.14844661, 0.14844661])
55.4943 	EXP 	center_practice: ori = -30.0
55.4943 	EXP 	center_practice: sf = array([2.5, 2.5])
55.4943 	EXP 	center_practice: phase = array([0.59541396, 0.59541396])
55.9842 	EXP 	surround_practice: autoDraw = True
55.9842 	EXP 	center_practice: autoDraw = True
56.5621 	EXP 	surround_practice: autoDraw = False
56.5621 	EXP 	center_practice: autoDraw = False
56.5621 	EXP 	text_11: autoDraw = False
56.5621 	EXP 	text_7: text = 'Correct'
56.5621 	EXP 	text_7: autoDraw = True
58.0604 	INFO 	Keyboard events cleared
58.0598 	EXP 	text_7: autoDraw = False
58.0598 	EXP 	text_7: autoDraw = False
58.0598 	EXP 	text_8: autoDraw = True
76.9425 	EXP 	Imported tilt_practice_2.csv as conditions, 6 conditions, 4 params
76.9429 	EXP 	New trial (rep=0, index=0): <Trial 0 (0 in rep 0) data={'center': -30, 'surround': -60, 'correct': 'left', 'opacity': 100, 'thisN': 0, 'thisTrialN': 0, 'thisRepN': 0}>
76.9532 	INFO 	Keyboard events cleared
76.9525 	EXP 	text_8: autoDraw = False
76.9525 	EXP 	surround_practice_2: ori = -60.0
76.9525 	EXP 	surround_practice_2: sf = array([2.5, 2.5])
76.9525 	EXP 	center_practice_2: ori = -30.0
76.9525 	EXP 	center_practice_2: sf = array([2.5, 2.5])
77.4379 	EXP 	surround_practice_2: autoDraw = True
77.4379 	EXP 	center_practice_2: autoDraw = True
77.4379 	EXP 	surround_practice_2: tex = 'sin'
77.4379 	EXP 	center_practice_2: tex = 'sin'
77.5102 	EXP 	surround_practice_2: autoDraw = False
77.5102 	EXP 	center_practice_2: autoDraw = False
77.5102 	EXP 	text_12: autoDraw = True
79.3122 	EXP 	surround_practice_2: autoDraw = False
79.3122 	EXP 	center_practice_2: autoDraw = False
79.3122 	EXP 	text_12: autoDraw = False
79.3122 	EXP 	text_7: text = 'Correct'
79.3122 	EXP 	text_7: autoDraw = True
80.8032 	EXP 	New trial (rep=0, index=1): <Trial 1 (1 in rep 0) data={'center': -30, 'surround': 0, 'correct': 'left', 'opacity': 100, 'thisN': 1, 'thisTrialN': 1, 'thisRepN': 0}>
80.8108 	INFO 	Keyboard events cleared
80.8104 	EXP 	text_7: autoDraw = False
80.8104 	EXP 	text_7: autoDraw = False
80.8104 	EXP 	surround_practice_2: ori = 0.0
80.8104 	EXP 	surround_practice_2: sf = array([2.5, 2.5])
80.8104 	EXP 	center_practice_2: ori = -30.0
80.8104 	EXP 	center_practice_2: sf = array([2.5, 2.5])
81.3018 	EXP 	surround_practice_2: autoDraw = True
81.3018 	EXP 	center_practice_2: autoDraw = True
81.3754 	EXP 	surround_practice_2: autoDraw = False
81.3754 	EXP 	center_practice_2: autoDraw = False
81.3754 	EXP 	text_12: autoDraw = True
81.7792 	EXP 	surround_practice_2: autoDraw = False
81.7792 	EXP 	center_practice_2: autoDraw = False
81.7792 	EXP 	text_12: autoDraw = False
81.7792 	EXP 	text_7: text = 'Correct'
81.7792 	EXP 	text_7: autoDraw = True
83.2700 	EXP 	New trial (rep=0, index=2): <Trial 2 (2 in rep 0) data={'center': 30, 'surround': 60, 'correct': 'right', 'opacity': 100, 'thisN': 2, 'thisTrialN': 2, 'thisRepN': 0}>
83.2779 	INFO 	Keyboard events cleared
83.2774 	EXP 	text_7: autoDraw = False
83.2774 	EXP 	text_7: autoDraw = False
83.2774 	EXP 	surround_practice_2: ori = 60.0
83.2774 	EXP 	surround_practice_2: sf = array([2.5, 2.5])
83.2774 	EXP 	center_practice_2: ori = 30.0
83.2774 	EXP 	center_practice_2: sf = array([2.5, 2.5])
83.7686 	EXP 	surround_practice_2: autoDraw = True
83.7686 	EXP 	center_practice_2: autoDraw = True
83.8419 	EXP 	surround_practice_2: autoDraw = False
83.8419 	EXP 	center_practice_2: autoDraw = False
83.8419 	EXP 	text_12: autoDraw = True
84.1849 	EXP 	surround_practice_2: autoDraw = False
84.1849 	EXP 	center_practice_2: autoDraw = False
84.1849 	EXP 	text_12: autoDraw = False
84.1849 	EXP 	text_7: text = 'Correct'
84.1849 	EXP 	text_7: autoDraw = True
85.6699 	EXP 	New trial (rep=0, index=3): <Trial 3 (3 in rep 0) data={'center': 30, 'surround': 0, 'correct': 'right', 'opacity': 100, 'thisN': 3, 'thisTrialN': 3, 'thisRepN': 0}>
85.6781 	INFO 	Keyboard events cleared
85.6777 	EXP 	text_7: autoDraw = False
85.6777 	EXP 	text_7: autoDraw = False
85.6777 	EXP 	surround_practice_2: ori = 0.0
85.6777 	EXP 	surround_practice_2: sf = array([2.5, 2.5])
85.6777 	EXP 	center_practice_2: ori = 30.0
85.6777 	EXP 	center_practice_2: sf = array([2.5, 2.5])
86.1780 	EXP 	surround_practice_2: autoDraw = True
86.1780 	EXP 	center_practice_2: autoDraw = True
86.2525 	EXP 	surround_practice_2: autoDraw = False
86.2525 	EXP 	center_practice_2: autoDraw = False
86.2525 	EXP 	text_12: autoDraw = True
86.5964 	EXP 	surround_practice_2: autoDraw = False
86.5964 	EXP 	center_practice_2: autoDraw = False
86.5964 	EXP 	text_12: autoDraw = False
86.5964 	EXP 	text_7: text = 'Correct'
86.5964 	EXP 	text_7: autoDraw = True
88.0867 	EXP 	New trial (rep=0, index=4): <Trial 4 (4 in rep 0) data={'center': -30, 'surround': 69, 'correct': 'left', 'opacity': 0, 'thisN': 4, 'thisTrialN': 4, 'thisRepN': 0}>
88.0940 	INFO 	Keyboard events cleared
88.0936 	EXP 	text_7: autoDraw = False
88.0936 	EXP 	text_7: autoDraw = False
88.0936 	EXP 	surround_practice_2: ori = 69.0
88.0936 	EXP 	surround_practice_2: sf = array([2.5, 2.5])
88.0936 	EXP 	center_practice_2: ori = -30.0
88.0936 	EXP 	center_practice_2: sf = array([2.5, 2.5])
88.5855 	EXP 	surround_practice_2: autoDraw = True
88.5855 	EXP 	center_practice_2: autoDraw = True
88.6591 	EXP 	surround_practice_2: autoDraw = False
88.6591 	EXP 	center_practice_2: autoDraw = False
88.6591 	EXP 	text_12: autoDraw = True
88.9132 	EXP 	surround_practice_2: autoDraw = False
88.9132 	EXP 	center_practice_2: autoDraw = False
88.9132 	EXP 	text_12: autoDraw = False
88.9132 	EXP 	text_7: text = 'Correct'
88.9132 	EXP 	text_7: autoDraw = True
90.4036 	EXP 	New trial (rep=0, index=5): <Trial 5 (5 in rep 0) data={'center': 30, 'surround': 69, 'correct': 'right', 'opacity': 0, 'thisN': 5, 'thisTrialN': 5, 'thisRepN': 0}>
90.4119 	INFO 	Keyboard events cleared
90.4115 	EXP 	text_7: autoDraw = False
90.4115 	EXP 	text_7: autoDraw = False
90.4115 	EXP 	surround_practice_2: ori = 69.0
90.4115 	EXP 	surround_practice_2: sf = array([2.5, 2.5])
90.4115 	EXP 	center_practice_2: ori = 30.0
90.4115 	EXP 	center_practice_2: sf = array([2.5, 2.5])
90.9022 	EXP 	surround_practice_2: autoDraw = True
90.9022 	EXP 	center_practice_2: autoDraw = True
90.9755 	EXP 	surround_practice_2: autoDraw = False
90.9755 	EXP 	center_practice_2: autoDraw = False
90.9755 	EXP 	text_12: autoDraw = True
91.2135 	EXP 	surround_practice_2: autoDraw = False
91.2135 	EXP 	center_practice_2: autoDraw = False
91.2135 	EXP 	text_12: autoDraw = False
91.2135 	EXP 	text_7: text = 'Correct'
91.2135 	EXP 	text_7: autoDraw = True
92.7120 	INFO 	Keyboard events cleared
92.7115 	EXP 	text_7: autoDraw = False
92.7115 	EXP 	text_7: autoDraw = False
92.7115 	EXP 	text_13: autoDraw = True
138.4195 	EXP 	Imported mocs_stims_fixed.csv as conditions, 1008 conditions, 5 params
138.4264 	EXP 	New trial (rep=0, index=0): <Trial 0 (0 in rep 0) data={'center': 4, 'surround': 0.0, 'type': 'c+4', 'surr_type': 'noss', 'surr_opacity': 0, 'thisN': 0, 'thisTrialN': 0, 'thisRepN': 0}>
138.4347 	INFO 	Keyboard events cleared
138.4342 	EXP 	text_13: autoDraw = False
138.4342 	EXP 	surround_grating: ori = 0.0
138.4342 	EXP 	surround_grating: sf = array([2.5, 2.5])
138.4342 	EXP 	surround_grating: phase = array([0.86191431, 0.86191431])
138.4342 	EXP 	center_grating: ori = 4.0
138.4342 	EXP 	center_grating: sf = array([2.5, 2.5])
138.4342 	EXP 	center_grating: phase = array([0.51732903, 0.51732903])
138.8873 	EXP 	surround_grating: autoDraw = True
138.8873 	EXP 	center_grating: autoDraw = True
138.8873 	EXP 	surround_grating: tex = 'sin'
138.8873 	EXP 	center_grating: tex = 'sin'
138.9606 	EXP 	surround_grating: autoDraw = False
138.9606 	EXP 	center_grating: autoDraw = False
140.0956 	EXP 	New trial (rep=0, index=1): <Trial 1 (1 in rep 0) data={'center': 2, 'surround': 15.0, 'type': 'c+2', 'surr_type': 'poss', 'surr_opacity': 100, 'thisN': 1, 'thisTrialN': 1, 'thisRepN': 0}>
140.1212 	INFO 	Keyboard events cleared
140.1207 	EXP 	surround_grating: autoDraw = False
140.1207 	EXP 	center_grating: autoDraw = False
140.1207 	EXP 	text_2: autoDraw = False
140.1207 	EXP 	surround_grating: ori = 15.0
140.1207 	EXP 	surround_grating: sf = array([2.5, 2.5])
140.1207 	EXP 	surround_grating: phase = array([0.11378132, 0.11378132])
140.1207 	EXP 	center_grating: ori = 2.0
140.1207 	EXP 	center_grating: sf = array([2.5, 2.5])
140.1207 	EXP 	center_grating: phase = array([0.35601075, 0.35601075])
140.5962 	EXP 	surround_grating: autoDraw = True
140.5962 	EXP 	center_grating: autoDraw = True
140.6711 	EXP 	surround_grating: autoDraw = False
140.6711 	EXP 	center_grating: autoDraw = False
141.1621 	EXP 	New trial (rep=0, index=2): <Trial 2 (2 in rep 0) data={'center': 6, 'surround': 15.0, 'type': 'c+6', 'surr_type': 'poss', 'surr_opacity': 100, 'thisN': 2, 'thisTrialN': 2, 'thisRepN': 0}>
141.1879 	INFO 	Keyboard events cleared
141.1874 	EXP 	surround_grating: autoDraw = False
141.1874 	EXP 	center_grating: autoDraw = False
141.1874 	EXP 	text_2: autoDraw = False
141.1874 	EXP 	surround_grating: ori = 15.0
141.1874 	EXP 	surround_grating: sf = array([2.5, 2.5])
141.1874 	EXP 	surround_grating: phase = array([0.1449494, 0.1449494])
141.1874 	EXP 	center_grating: ori = 6.0
141.1874 	EXP 	center_grating: sf = array([2.5, 2.5])
141.1874 	EXP 	center_grating: phase = array([0.19867826, 0.19867826])
141.6630 	EXP 	surround_grating: autoDraw = True
141.6630 	EXP 	center_grating: autoDraw = True
141.7377 	EXP 	surround_grating: autoDraw = False
141.7377 	EXP 	center_grating: autoDraw = False
142.2744 	EXP 	New trial (rep=0, index=3): <Trial 3 (3 in rep 0) data={'center': -2, 'surround': -15.0, 'type': 'c-2', 'surr_type': 'negs', 'surr_opacity': 100, 'thisN': 3, 'thisTrialN': 3, 'thisRepN': 0}>
142.2856 	INFO 	Keyboard events cleared
142.2852 	EXP 	surround_grating: autoDraw = False
142.2852 	EXP 	center_grating: autoDraw = False
142.2852 	EXP 	text_2: autoDraw = False
142.2852 	EXP 	surround_grating: ori = -15.0
142.2852 	EXP 	surround_grating: sf = array([2.5, 2.5])
142.2852 	EXP 	surround_grating: phase = array([0.46490218, 0.46490218])
142.2852 	EXP 	center_grating: ori = -2.0
142.2852 	EXP 	center_grating: sf = array([2.5, 2.5])
142.2852 	EXP 	center_grating: phase = array([0.08847049, 0.08847049])
142.7706 	EXP 	surround_grating: autoDraw = True
142.7706 	EXP 	center_grating: autoDraw = True
142.8427 	EXP 	surround_grating: autoDraw = False
142.8427 	EXP 	center_grating: autoDraw = False
143.3570 	EXP 	New trial (rep=0, index=4): <Trial 4 (4 in rep 0) data={'center': -4, 'surround': -15.0, 'type': 'c-4', 'surr_type': 'negs', 'surr_opacity': 100, 'thisN': 4, 'thisTrialN': 4, 'thisRepN': 0}>
143.3668 	INFO 	Keyboard events cleared
143.3663 	EXP 	surround_grating: autoDraw = False
143.3663 	EXP 	center_grating: autoDraw = False
143.3663 	EXP 	text_2: autoDraw = False
143.3663 	EXP 	surround_grating: ori = -15.0
143.3663 	EXP 	surround_grating: sf = array([2.5, 2.5])
143.3663 	EXP 	surround_grating: phase = array([0.27405002, 0.27405002])
143.3663 	EXP 	center_grating: ori = -4.0
143.3663 	EXP 	center_grating: sf = array([2.5, 2.5])
143.3663 	EXP 	center_grating: phase = array([0.55768072, 0.55768072])
143.8540 	EXP 	surround_grating: autoDraw = True
143.8540 	EXP 	center_grating: autoDraw = True
143.9260 	EXP 	surround_grating: autoDraw = False
143.9260 	EXP 	center_grating: autoDraw = False
144.5257 	EXP 	New trial (rep=0, index=5): <Trial 5 (5 in rep 0) data={'center': 0, 'surround': 15.0, 'type': 'c+0', 'surr_type': 'poss', 'surr_opacity': 100, 'thisN': 5, 'thisTrialN': 5, 'thisRepN': 0}>
144.5366 	INFO 	Keyboard events cleared
144.5362 	EXP 	surround_grating: autoDraw = False
144.5362 	EXP 	center_grating: autoDraw = False
144.5362 	EXP 	text_2: autoDraw = False
144.5362 	EXP 	surround_grating: ori = 15.0
144.5362 	EXP 	surround_grating: sf = array([2.5, 2.5])
144.5362 	EXP 	surround_grating: phase = array([0.43537073, 0.43537073])
144.5362 	EXP 	center_grating: ori = 0.0
144.5362 	EXP 	center_grating: sf = array([2.5, 2.5])
144.5362 	EXP 	center_grating: phase = array([0.79977377, 0.79977377])
145.0207 	EXP 	surround_grating: autoDraw = True
145.0207 	EXP 	center_grating: autoDraw = True
145.0930 	EXP 	surround_grating: autoDraw = False
145.0930 	EXP 	center_grating: autoDraw = False
145.5293 	EXP 	New trial (rep=0, index=6): <Trial 6 (6 in rep 0) data={'center': 8, 'surround': 15.0, 'type': 'c+8', 'surr_type': 'poss', 'surr_opacity': 100, 'thisN': 6, 'thisTrialN': 6, 'thisRepN': 0}>
145.5404 	INFO 	Keyboard events cleared
145.5399 	EXP 	surround_grating: autoDraw = False
145.5399 	EXP 	center_grating: autoDraw = False
145.5399 	EXP 	text_2: autoDraw = False
145.5399 	EXP 	surround_grating: ori = 15.0
145.5399 	EXP 	surround_grating: sf = array([2.5, 2.5])
145.5399 	EXP 	surround_grating: phase = array([0.57139868, 0.57139868])
145.5399 	EXP 	center_grating: ori = 8.0
145.5399 	EXP 	center_grating: sf = array([2.5, 2.5])
145.5399 	EXP 	center_grating: phase = array([0.05905161, 0.05905161])
146.0298 	EXP 	surround_grating: autoDraw = True
146.0298 	EXP 	center_grating: autoDraw = True
146.1044 	EXP 	surround_grating: autoDraw = False
146.1044 	EXP 	center_grating: autoDraw = False
146.5795 	EXP 	New trial (rep=0, index=7): <Trial 7 (7 in rep 0) data={'center': -4, 'surround': -15.0, 'type': 'c-4', 'surr_type': 'negs', 'surr_opacity': 100, 'thisN': 7, 'thisTrialN': 7, 'thisRepN': 0}>
146.5897 	INFO 	Keyboard events cleared
146.5891 	EXP 	surround_grating: autoDraw = False
146.5891 	EXP 	center_grating: autoDraw = False
146.5891 	EXP 	text_2: autoDraw = False
146.5891 	EXP 	surround_grating: ori = -15.0
146.5891 	EXP 	surround_grating: sf = array([2.5, 2.5])
146.5891 	EXP 	surround_grating: phase = array([0.95383153, 0.95383153])
146.5891 	EXP 	center_grating: ori = -4.0
146.5891 	EXP 	center_grating: sf = array([2.5, 2.5])
146.5891 	EXP 	center_grating: phase = array([0.86839472, 0.86839472])
147.0798 	EXP 	surround_grating: autoDraw = True
147.0798 	EXP 	center_grating: autoDraw = True
147.1545 	EXP 	surround_grating: autoDraw = False
147.1545 	EXP 	center_grating: autoDraw = False
147.7072 	EXP 	New trial (rep=0, index=8): <Trial 8 (8 in rep 0) data={'center': 0, 'surround': 15.0, 'type': 'c+0', 'surr_type': 'poss', 'surr_opacity': 100, 'thisN': 8, 'thisTrialN': 8, 'thisRepN': 0}>
147.7174 	INFO 	Keyboard events cleared
147.7170 	EXP 	surround_grating: autoDraw = False
147.7170 	EXP 	center_grating: autoDraw = False
147.7170 	EXP 	text_2: autoDraw = False
147.7170 	EXP 	surround_grating: ori = 15.0
147.7170 	EXP 	surround_grating: sf = array([2.5, 2.5])
147.7170 	EXP 	surround_grating: phase = array([0.52949958, 0.52949958])
147.7170 	EXP 	center_grating: ori = 0.0
147.7170 	EXP 	center_grating: sf = array([2.5, 2.5])
147.7170 	EXP 	center_grating: phase = array([0.15021282, 0.15021282])
148.2042 	EXP 	surround_grating: autoDraw = True
148.2042 	EXP 	center_grating: autoDraw = True
148.2760 	EXP 	surround_grating: autoDraw = False
148.2760 	EXP 	center_grating: autoDraw = False
148.8074 	EXP 	New trial (rep=0, index=9): <Trial 9 (9 in rep 0) data={'center': -2, 'surround': -15.0, 'type': 'c-2', 'surr_type': 'negs', 'surr_opacity': 100, 'thisN': 9, 'thisTrialN': 9, 'thisRepN': 0}>
148.8176 	INFO 	Keyboard events cleared
148.8171 	EXP 	surround_grating: autoDraw = False
148.8171 	EXP 	center_grating: autoDraw = False
148.8171 	EXP 	text_2: autoDraw = False
148.8171 	EXP 	surround_grating: ori = -15.0
148.8171 	EXP 	surround_grating: sf = array([2.5, 2.5])
148.8171 	EXP 	surround_grating: phase = array([0.27741985, 0.27741985])
148.8171 	EXP 	center_grating: ori = -2.0
148.8171 	EXP 	center_grating: sf = array([2.5, 2.5])
148.8171 	EXP 	center_grating: phase = array([0.94165431, 0.94165431])
149.3043 	EXP 	surround_grating: autoDraw = True
149.3043 	EXP 	center_grating: autoDraw = True
149.3760 	EXP 	surround_grating: autoDraw = False
149.3760 	EXP 	center_grating: autoDraw = False
149.9901 	EXP 	New trial (rep=0, index=10): <Trial 10 (10 in rep 0) data={'center': -2, 'surround': 15.0, 'type': 'c-2', 'surr_type': 'poss', 'surr_opacity': 100, 'thisN': 10, 'thisTrialN': 10, 'thisRepN': 0}>
150.0001 	INFO 	Keyboard events cleared
149.9997 	EXP 	surround_grating: autoDraw = False
149.9997 	EXP 	center_grating: autoDraw = False
149.9997 	EXP 	text_2: autoDraw = False
149.9997 	EXP 	surround_grating: ori = 15.0
149.9997 	EXP 	surround_grating: sf = array([2.5, 2.5])
149.9997 	EXP 	surround_grating: phase = array([0.32206864, 0.32206864])
149.9997 	EXP 	center_grating: ori = -2.0
149.9997 	EXP 	center_grating: sf = array([2.5, 2.5])
149.9997 	EXP 	center_grating: phase = array([0.21831152, 0.21831152])
150.4877 	EXP 	surround_grating: autoDraw = True
150.4877 	EXP 	center_grating: autoDraw = True
150.5602 	EXP 	surround_grating: autoDraw = False
150.5602 	EXP 	center_grating: autoDraw = False
151.1736 	EXP 	New trial (rep=0, index=11): <Trial 11 (11 in rep 0) data={'center': 8, 'surround': 15.0, 'type': 'c+8', 'surr_type': 'poss', 'surr_opacity': 100, 'thisN': 11, 'thisTrialN': 11, 'thisRepN': 0}>
151.1830 	INFO 	Keyboard events cleared
151.1826 	EXP 	surround_grating: autoDraw = False
151.1826 	EXP 	center_grating: autoDraw = False
151.1826 	EXP 	text_2: autoDraw = False
151.1826 	EXP 	surround_grating: ori = 15.0
151.1826 	EXP 	surround_grating: sf = array([2.5, 2.5])
151.1826 	EXP 	surround_grating: phase = array([0.01789838, 0.01789838])
151.1826 	EXP 	center_grating: ori = 8.0
151.1826 	EXP 	center_grating: sf = array([2.5, 2.5])
151.1826 	EXP 	center_grating: phase = array([0.72532328, 0.72532328])
151.6709 	EXP 	surround_grating: autoDraw = True
151.6709 	EXP 	center_grating: autoDraw = True
151.7436 	EXP 	surround_grating: autoDraw = False
151.7436 	EXP 	center_grating: autoDraw = False
152.2290 	EXP 	New trial (rep=0, index=12): <Trial 12 (12 in rep 0) data={'center': -4, 'surround': 0.0, 'type': 'c-4', 'surr_type': 'noss', 'surr_opacity': 0, 'thisN': 12, 'thisTrialN': 12, 'thisRepN': 0}>
152.2391 	INFO 	Keyboard events cleared
152.2386 	EXP 	surround_grating: autoDraw = False
152.2386 	EXP 	center_grating: autoDraw = False
152.2386 	EXP 	text_2: autoDraw = False
152.2386 	EXP 	surround_grating: ori = 0.0
152.2386 	EXP 	surround_grating: sf = array([2.5, 2.5])
152.2386 	EXP 	surround_grating: phase = array([0.73576783, 0.73576783])
152.2386 	EXP 	center_grating: ori = -4.0
152.2386 	EXP 	center_grating: sf = array([2.5, 2.5])
152.2386 	EXP 	center_grating: phase = array([0.11346797, 0.11346797])
152.7298 	EXP 	surround_grating: autoDraw = True
152.7298 	EXP 	center_grating: autoDraw = True
152.8049 	EXP 	surround_grating: autoDraw = False
152.8049 	EXP 	center_grating: autoDraw = False
153.2333 	EXP 	New trial (rep=0, index=13): <Trial 13 (13 in rep 0) data={'center': 2, 'surround': 15.0, 'type': 'c+2', 'surr_type': 'poss', 'surr_opacity': 100, 'thisN': 13, 'thisTrialN': 13, 'thisRepN': 0}>
153.2410 	INFO 	Keyboard events cleared
153.2406 	EXP 	surround_grating: autoDraw = False
153.2406 	EXP 	center_grating: autoDraw = False
153.2406 	EXP 	text_2: autoDraw = False
153.2406 	EXP 	surround_grating: ori = 15.0
153.2406 	EXP 	surround_grating: sf = array([2.5, 2.5])
153.2406 	EXP 	surround_grating: phase = array([0.79076807, 0.79076807])
153.2406 	EXP 	center_grating: ori = 2.0
153.2406 	EXP 	center_grating: sf = array([2.5, 2.5])
153.2406 	EXP 	center_grating: phase = array([0.15240198, 0.15240198])
153.7303 	EXP 	surround_grating: autoDraw = True
153.7303 	EXP 	center_grating: autoDraw = True
153.8051 	EXP 	surround_grating: autoDraw = False
153.8051 	EXP 	center_grating: autoDraw = False
154.5806 	EXP 	New trial (rep=0, index=14): <Trial 14 (14 in rep 0) data={'center': 2, 'surround': -15.0, 'type': 'c+2', 'surr_type': 'negs', 'surr_opacity': 100, 'thisN': 14, 'thisTrialN': 14, 'thisRepN': 0}>
154.5910 	INFO 	Keyboard events cleared
154.5905 	EXP 	surround_grating: autoDraw = False
154.5905 	EXP 	center_grating: autoDraw = False
154.5905 	EXP 	text_2: autoDraw = False
154.5905 	EXP 	surround_grating: ori = -15.0
154.5905 	EXP 	surround_grating: sf = array([2.5, 2.5])
154.5905 	EXP 	surround_grating: phase = array([0.43970786, 0.43970786])
154.5905 	EXP 	center_grating: ori = 2.0
154.5905 	EXP 	center_grating: sf = array([2.5, 2.5])
154.5905 	EXP 	center_grating: phase = array([0.9346964, 0.9346964])
155.0795 	EXP 	surround_grating: autoDraw = True
155.0795 	EXP 	center_grating: autoDraw = True
155.1547 	EXP 	surround_grating: autoDraw = False
155.1547 	EXP 	center_grating: autoDraw = False
155.5756 	EXP 	New trial (rep=0, index=15): <Trial 15 (15 in rep 0) data={'center': 6, 'surround': 15.0, 'type': 'c+6', 'surr_type': 'poss', 'surr_opacity': 100, 'thisN': 15, 'thisTrialN': 15, 'thisRepN': 0}>
155.5856 	INFO 	Keyboard events cleared
155.5851 	EXP 	surround_grating: autoDraw = False
155.5851 	EXP 	center_grating: autoDraw = False
155.5851 	EXP 	text_2: autoDraw = False
155.5851 	EXP 	surround_grating: ori = 15.0
155.5851 	EXP 	surround_grating: sf = array([2.5, 2.5])
155.5851 	EXP 	surround_grating: phase = array([0.24711719, 0.24711719])
155.5851 	EXP 	center_grating: ori = 6.0
155.5851 	EXP 	center_grating: sf = array([2.5, 2.5])
155.5851 	EXP 	center_grating: phase = array([0.59621726, 0.59621726])
156.0711 	EXP 	surround_grating: autoDraw = True
156.0711 	EXP 	center_grating: autoDraw = True
156.1446 	EXP 	surround_grating: autoDraw = False
156.1446 	EXP 	center_grating: autoDraw = False
156.7738 	EXP 	New trial (rep=0, index=16): <Trial 16 (16 in rep 0) data={'center': -2, 'surround': 0.0, 'type': 'c-2', 'surr_type': 'noss', 'surr_opacity': 0, 'thisN': 16, 'thisTrialN': 16, 'thisRepN': 0}>
156.7837 	INFO 	Keyboard events cleared
156.7832 	EXP 	surround_grating: autoDraw = False
156.7832 	EXP 	center_grating: autoDraw = False
156.7832 	EXP 	text_2: autoDraw = False
156.7832 	EXP 	surround_grating: ori = 0.0
156.7832 	EXP 	surround_grating: sf = array([2.5, 2.5])
156.7832 	EXP 	surround_grating: phase = array([0.32323758, 0.32323758])
156.7832 	EXP 	center_grating: ori = -2.0
156.7832 	EXP 	center_grating: sf = array([2.5, 2.5])
156.7832 	EXP 	center_grating: phase = array([0.07447976, 0.07447976])
157.2711 	EXP 	surround_grating: autoDraw = True
157.2711 	EXP 	center_grating: autoDraw = True
157.3439 	EXP 	surround_grating: autoDraw = False
157.3439 	EXP 	center_grating: autoDraw = False
158.0637 	EXP 	New trial (rep=0, index=17): <Trial 17 (17 in rep 0) data={'center': -1, 'surround': 0.0, 'type': 'c-1', 'surr_type': 'noss', 'surr_opacity': 0, 'thisN': 17, 'thisTrialN': 17, 'thisRepN': 0}>
158.0742 	INFO 	Keyboard events cleared
158.0737 	EXP 	surround_grating: autoDraw = False
158.0737 	EXP 	center_grating: autoDraw = False
158.0737 	EXP 	text_2: autoDraw = False
158.0737 	EXP 	surround_grating: ori = 0.0
158.0737 	EXP 	surround_grating: sf = array([2.5, 2.5])
158.0737 	EXP 	surround_grating: phase = array([0.36273529, 0.36273529])
158.0737 	EXP 	center_grating: ori = -1.0
158.0737 	EXP 	center_grating: sf = array([2.5, 2.5])
158.0737 	EXP 	center_grating: phase = array([0.90987764, 0.90987764])
158.5634 	EXP 	surround_grating: autoDraw = True
158.5634 	EXP 	center_grating: autoDraw = True
158.6383 	EXP 	surround_grating: autoDraw = False
158.6383 	EXP 	center_grating: autoDraw = False
159.2409 	EXP 	New trial (rep=0, index=18): <Trial 18 (18 in rep 0) data={'center': -8, 'surround': -15.0, 'type': 'c-8', 'surr_type': 'negs', 'surr_opacity': 100, 'thisN': 18, 'thisTrialN': 18, 'thisRepN': 0}>
159.2516 	INFO 	Keyboard events cleared
159.2512 	EXP 	surround_grating: autoDraw = False
159.2512 	EXP 	center_grating: autoDraw = False
159.2512 	EXP 	text_2: autoDraw = False
159.2512 	EXP 	surround_grating: ori = -15.0
159.2512 	EXP 	surround_grating: sf = array([2.5, 2.5])
159.2512 	EXP 	surround_grating: phase = array([0.81720168, 0.81720168])
159.2512 	EXP 	center_grating: ori = -8.0
159.2512 	EXP 	center_grating: sf = array([2.5, 2.5])
159.2512 	EXP 	center_grating: phase = array([0.79828649, 0.79828649])
159.7379 	EXP 	surround_grating: autoDraw = True
159.7379 	EXP 	center_grating: autoDraw = True
159.8101 	EXP 	surround_grating: autoDraw = False
159.8101 	EXP 	center_grating: autoDraw = False
160.3581 	EXP 	New trial (rep=0, index=19): <Trial 19 (19 in rep 0) data={'center': 4, 'surround': 15.0, 'type': 'c+4', 'surr_type': 'poss', 'surr_opacity': 100, 'thisN': 19, 'thisTrialN': 19, 'thisRepN': 0}>
160.3684 	INFO 	Keyboard events cleared
160.3680 	EXP 	surround_grating: autoDraw = False
160.3680 	EXP 	center_grating: autoDraw = False
160.3680 	EXP 	text_2: autoDraw = False
160.3680 	EXP 	surround_grating: ori = 15.0
160.3680 	EXP 	surround_grating: sf = array([2.5, 2.5])
160.3680 	EXP 	surround_grating: phase = array([0.37954801, 0.37954801])
160.3680 	EXP 	center_grating: ori = 4.0
160.3680 	EXP 	center_grating: sf = array([2.5, 2.5])
160.3680 	EXP 	center_grating: phase = array([0.67951526, 0.67951526])
160.8546 	EXP 	surround_grating: autoDraw = True
160.8546 	EXP 	center_grating: autoDraw = True
160.9269 	EXP 	surround_grating: autoDraw = False
160.9269 	EXP 	center_grating: autoDraw = False
161.5589 	EXP 	New trial (rep=0, index=20): <Trial 20 (20 in rep 0) data={'center': 4, 'surround': 0.0, 'type': 'c+4', 'surr_type': 'noss', 'surr_opacity': 0, 'thisN': 20, 'thisTrialN': 20, 'thisRepN': 0}>
161.5698 	INFO 	Keyboard events cleared
161.5694 	EXP 	surround_grating: autoDraw = False
161.5694 	EXP 	center_grating: autoDraw = False
161.5694 	EXP 	text_2: autoDraw = False
161.5694 	EXP 	surround_grating: ori = 0.0
161.5694 	EXP 	surround_grating: sf = array([2.5, 2.5])
161.5694 	EXP 	surround_grating: phase = array([0.9561636, 0.9561636])
161.5694 	EXP 	center_grating: ori = 4.0
161.5694 	EXP 	center_grating: sf = array([2.5, 2.5])
161.5694 	EXP 	center_grating: phase = array([0.0378445, 0.0378445])
162.0547 	EXP 	surround_grating: autoDraw = True
162.0547 	EXP 	center_grating: autoDraw = True
162.1269 	EXP 	surround_grating: autoDraw = False
162.1269 	EXP 	center_grating: autoDraw = False
162.7129 	EXP 	New trial (rep=0, index=21): <Trial 21 (21 in rep 0) data={'center': 0, 'surround': -15.0, 'type': 'c+0', 'surr_type': 'negs', 'surr_opacity': 100, 'thisN': 21, 'thisTrialN': 21, 'thisRepN': 0}>
162.7242 	INFO 	Keyboard events cleared
162.7238 	EXP 	surround_grating: autoDraw = False
162.7238 	EXP 	center_grating: autoDraw = False
162.7238 	EXP 	text_2: autoDraw = False
162.7238 	EXP 	surround_grating: ori = -15.0
162.7238 	EXP 	surround_grating: sf = array([2.5, 2.5])
162.7238 	EXP 	surround_grating: phase = array([0.47201643, 0.47201643])
162.7238 	EXP 	center_grating: ori = 0.0
162.7238 	EXP 	center_grating: sf = array([2.5, 2.5])
162.7238 	EXP 	center_grating: phase = array([0.08585775, 0.08585775])
163.2137 	EXP 	surround_grating: autoDraw = True
163.2137 	EXP 	center_grating: autoDraw = True
163.2887 	EXP 	surround_grating: autoDraw = False
163.2887 	EXP 	center_grating: autoDraw = False
163.7582 	EXP 	New trial (rep=0, index=22): <Trial 22 (22 in rep 0) data={'center': -2, 'surround': 15.0, 'type': 'c-2', 'surr_type': 'poss', 'surr_opacity': 100, 'thisN': 22, 'thisTrialN': 22, 'thisRepN': 0}>
163.7690 	INFO 	Keyboard events cleared
163.7684 	EXP 	surround_grating: autoDraw = False
163.7684 	EXP 	center_grating: autoDraw = False
163.7684 	EXP 	text_2: autoDraw = False
163.7684 	EXP 	surround_grating: ori = 15.0
163.7684 	EXP 	surround_grating: sf = array([2.5, 2.5])
163.7684 	EXP 	surround_grating: phase = array([0.12151054, 0.12151054])
163.7684 	EXP 	center_grating: ori = -2.0
163.7684 	EXP 	center_grating: sf = array([2.5, 2.5])
163.7684 	EXP 	center_grating: phase = array([0.66692802, 0.66692802])
164.2547 	EXP 	surround_grating: autoDraw = True
164.2547 	EXP 	center_grating: autoDraw = True
164.3270 	EXP 	surround_grating: autoDraw = False
164.3270 	EXP 	center_grating: autoDraw = False
164.6078 	EXP 	New trial (rep=0, index=23): <Trial 23 (23 in rep 0) data={'center': -2, 'surround': 15.0, 'type': 'c-2', 'surr_type': 'poss', 'surr_opacity': 100, 'thisN': 23, 'thisTrialN': 23, 'thisRepN': 0}>
164.6180 	INFO 	Keyboard events cleared
164.6176 	EXP 	surround_grating: autoDraw = False
164.6176 	EXP 	center_grating: autoDraw = False
164.6176 	EXP 	text_2: autoDraw = False
164.6176 	EXP 	surround_grating: ori = 15.0
164.6176 	EXP 	surround_grating: sf = array([2.5, 2.5])
164.6176 	EXP 	surround_grating: phase = array([0.10253142, 0.10253142])
164.6176 	EXP 	center_grating: ori = -2.0
164.6176 	EXP 	center_grating: sf = array([2.5, 2.5])
164.6176 	EXP 	center_grating: phase = array([0.95622263, 0.95622263])
165.1047 	EXP 	surround_grating: autoDraw = True
165.1047 	EXP 	center_grating: autoDraw = True
165.1771 	EXP 	surround_grating: autoDraw = False
165.1771 	EXP 	center_grating: autoDraw = False
165.6641 	EXP 	New trial (rep=0, index=24): <Trial 24 (24 in rep 0) data={'center': -8, 'surround': -15.0, 'type': 'c-8', 'surr_type': 'negs', 'surr_opacity': 100, 'thisN': 24, 'thisTrialN': 24, 'thisRepN': 0}>
165.6744 	INFO 	Keyboard events cleared
165.6739 	EXP 	surround_grating: autoDraw = False
165.6739 	EXP 	center_grating: autoDraw = False
165.6739 	EXP 	text_2: autoDraw = False
165.6739 	EXP 	surround_grating: ori = -15.0
165.6739 	EXP 	surround_grating: sf = array([2.5, 2.5])
165.6739 	EXP 	surround_grating: phase = array([0.68362581, 0.68362581])
165.6739 	EXP 	center_grating: ori = -8.0
165.6739 	EXP 	center_grating: sf = array([2.5, 2.5])
165.6739 	EXP 	center_grating: phase = array([0.35328856, 0.35328856])
166.1641 	EXP 	surround_grating: autoDraw = True
166.1641 	EXP 	center_grating: autoDraw = True
166.2387 	EXP 	surround_grating: autoDraw = False
166.2387 	EXP 	center_grating: autoDraw = False
166.8757 	EXP 	New trial (rep=0, index=25): <Trial 25 (25 in rep 0) data={'center': 2, 'surround': 0.0, 'type': 'c+2', 'surr_type': 'noss', 'surr_opacity': 0, 'thisN': 25, 'thisTrialN': 25, 'thisRepN': 0}>
166.8854 	INFO 	Keyboard events cleared
166.8848 	EXP 	surround_grating: autoDraw = False
166.8848 	EXP 	center_grating: autoDraw = False
166.8848 	EXP 	text_2: autoDraw = False
166.8848 	EXP 	surround_grating: ori = 0.0
166.8848 	EXP 	surround_grating: sf = array([2.5, 2.5])
166.8848 	EXP 	surround_grating: phase = array([0.98129101, 0.98129101])
166.8848 	EXP 	center_grating: ori = 2.0
166.8848 	EXP 	center_grating: sf = array([2.5, 2.5])
166.8848 	EXP 	center_grating: phase = array([0.85508945, 0.85508945])
167.3714 	EXP 	surround_grating: autoDraw = True
167.3714 	EXP 	center_grating: autoDraw = True
167.4442 	EXP 	surround_grating: autoDraw = False
167.4442 	EXP 	center_grating: autoDraw = False
167.8918 	EXP 	New trial (rep=0, index=26): <Trial 26 (26 in rep 0) data={'center': -2, 'surround': 15.0, 'type': 'c-2', 'surr_type': 'poss', 'surr_opacity': 100, 'thisN': 26, 'thisTrialN': 26, 'thisRepN': 0}>
167.9022 	INFO 	Keyboard events cleared
167.9018 	EXP 	surround_grating: autoDraw = False
167.9018 	EXP 	center_grating: autoDraw = False
167.9018 	EXP 	text_2: autoDraw = False
167.9018 	EXP 	surround_grating: ori = 15.0
167.9018 	EXP 	surround_grating: sf = array([2.5, 2.5])
167.9018 	EXP 	surround_grating: phase = array([0.90372094, 0.90372094])
167.9018 	EXP 	center_grating: ori = -2.0
167.9018 	EXP 	center_grating: sf = array([2.5, 2.5])
167.9018 	EXP 	center_grating: phase = array([0.52934712, 0.52934712])
168.3882 	EXP 	surround_grating: autoDraw = True
168.3882 	EXP 	center_grating: autoDraw = True
168.4611 	EXP 	surround_grating: autoDraw = False
168.4611 	EXP 	center_grating: autoDraw = False
168.9244 	EXP 	New trial (rep=0, index=27): <Trial 27 (27 in rep 0) data={'center': 0, 'surround': 15.0, 'type': 'c+0', 'surr_type': 'poss', 'surr_opacity': 100, 'thisN': 27, 'thisTrialN': 27, 'thisRepN': 0}>
168.9350 	INFO 	Keyboard events cleared
168.9345 	EXP 	surround_grating: autoDraw = False
168.9345 	EXP 	center_grating: autoDraw = False
168.9345 	EXP 	text_2: autoDraw = False
168.9345 	EXP 	surround_grating: ori = 15.0
168.9345 	EXP 	surround_grating: sf = array([2.5, 2.5])
168.9345 	EXP 	surround_grating: phase = array([0.18214868, 0.18214868])
168.9345 	EXP 	center_grating: ori = 0.0
168.9345 	EXP 	center_grating: sf = array([2.5, 2.5])
168.9345 	EXP 	center_grating: phase = array([0.13365141, 0.13365141])
169.4217 	EXP 	surround_grating: autoDraw = True
169.4217 	EXP 	center_grating: autoDraw = True
169.4939 	EXP 	surround_grating: autoDraw = False
169.4939 	EXP 	center_grating: autoDraw = False
169.9917 	EXP 	New trial (rep=0, index=28): <Trial 28 (28 in rep 0) data={'center': 4, 'surround': 0.0, 'type': 'c+4', 'surr_type': 'noss', 'surr_opacity': 0, 'thisN': 28, 'thisTrialN': 28, 'thisRepN': 0}>
170.0027 	INFO 	Keyboard events cleared
170.0023 	EXP 	surround_grating: autoDraw = False
170.0023 	EXP 	center_grating: autoDraw = False
170.0023 	EXP 	text_2: autoDraw = False
170.0023 	EXP 	surround_grating: ori = 0.0
170.0023 	EXP 	surround_grating: sf = array([2.5, 2.5])
170.0023 	EXP 	surround_grating: phase = array([0.32066891, 0.32066891])
170.0023 	EXP 	center_grating: ori = 4.0
170.0023 	EXP 	center_grating: sf = array([2.5, 2.5])
170.0023 	EXP 	center_grating: phase = array([0.45446907, 0.45446907])
170.4883 	EXP 	surround_grating: autoDraw = True
170.4883 	EXP 	center_grating: autoDraw = True
170.5606 	EXP 	surround_grating: autoDraw = False
170.5606 	EXP 	center_grating: autoDraw = False
171.0677 	EXP 	New trial (rep=0, index=29): <Trial 29 (29 in rep 0) data={'center': 1, 'surround': 0.0, 'type': 'c+1', 'surr_type': 'noss', 'surr_opacity': 0, 'thisN': 29, 'thisTrialN': 29, 'thisRepN': 0}>
171.0745 	INFO 	Keyboard events cleared
171.0741 	EXP 	surround_grating: autoDraw = False
171.0741 	EXP 	center_grating: autoDraw = False
171.0741 	EXP 	text_2: autoDraw = False
171.0741 	EXP 	surround_grating: ori = 0.0
171.0741 	EXP 	surround_grating: sf = array([2.5, 2.5])
171.0741 	EXP 	surround_grating: phase = array([0.49981044, 0.49981044])
171.0741 	EXP 	center_grating: ori = 1.0
171.0741 	EXP 	center_grating: sf = array([2.5, 2.5])
171.0741 	EXP 	center_grating: phase = array([0.79723266, 0.79723266])
171.5640 	EXP 	surround_grating: autoDraw = True
171.5640 	EXP 	center_grating: autoDraw = True
171.6388 	EXP 	surround_grating: autoDraw = False
171.6388 	EXP 	center_grating: autoDraw = False
172.3080 	EXP 	New trial (rep=0, index=30): <Trial 30 (30 in rep 0) data={'center': -2, 'surround': -15.0, 'type': 'c-2', 'surr_type': 'negs', 'surr_opacity': 100, 'thisN': 30, 'thisTrialN': 30, 'thisRepN': 0}>
172.3180 	INFO 	Keyboard events cleared
172.3175 	EXP 	surround_grating: autoDraw = False
172.3175 	EXP 	center_grating: autoDraw = False
172.3175 	EXP 	text_2: autoDraw = False
172.3175 	EXP 	surround_grating: ori = -15.0
172.3175 	EXP 	surround_grating: sf = array([2.5, 2.5])
172.3175 	EXP 	surround_grating: phase = array([0.04338681, 0.04338681])
172.3175 	EXP 	center_grating: ori = -2.0
172.3175 	EXP 	center_grating: sf = array([2.5, 2.5])
172.3175 	EXP 	center_grating: phase = array([0.23159232, 0.23159232])
172.8050 	EXP 	surround_grating: autoDraw = True
172.8050 	EXP 	center_grating: autoDraw = True
172.8775 	EXP 	surround_grating: autoDraw = False
172.8775 	EXP 	center_grating: autoDraw = False
173.4136 	EXP 	New trial (rep=0, index=31): <Trial 31 (31 in rep 0) data={'center': 2, 'surround': -15.0, 'type': 'c+2', 'surr_type': 'negs', 'surr_opacity': 100, 'thisN': 31, 'thisTrialN': 31, 'thisRepN': 0}>
173.4390 	INFO 	Keyboard events cleared
173.4386 	EXP 	surround_grating: autoDraw = False
173.4386 	EXP 	center_grating: autoDraw = False
173.4386 	EXP 	text_2: autoDraw = False
173.4386 	EXP 	surround_grating: ori = -15.0
173.4386 	EXP 	surround_grating: sf = array([2.5, 2.5])
173.4386 	EXP 	surround_grating: phase = array([0.2523108, 0.2523108])
173.4386 	EXP 	center_grating: ori = 2.0
173.4386 	EXP 	center_grating: sf = array([2.5, 2.5])
173.4386 	EXP 	center_grating: phase = array([0.02455733, 0.02455733])
173.9145 	EXP 	surround_grating: autoDraw = True
173.9145 	EXP 	center_grating: autoDraw = True
173.9890 	EXP 	surround_grating: autoDraw = False
173.9890 	EXP 	center_grating: autoDraw = False
174.5011 	EXP 	New trial (rep=0, index=32): <Trial 32 (32 in rep 0) data={'center': -6, 'surround': -15.0, 'type': 'c-6', 'surr_type': 'negs', 'surr_opacity': 100, 'thisN': 32, 'thisTrialN': 32, 'thisRepN': 0}>
174.5081 	INFO 	Keyboard events cleared
174.5076 	EXP 	surround_grating: autoDraw = False
174.5076 	EXP 	center_grating: autoDraw = False
174.5076 	EXP 	text_2: autoDraw = False
174.5076 	EXP 	surround_grating: ori = -15.0
174.5076 	EXP 	surround_grating: sf = array([2.5, 2.5])
174.5076 	EXP 	surround_grating: phase = array([0.5216282, 0.5216282])
174.5076 	EXP 	center_grating: ori = -6.0
174.5076 	EXP 	center_grating: sf = array([2.5, 2.5])
174.5076 	EXP 	center_grating: phase = array([0.13431597, 0.13431597])
174.9974 	EXP 	surround_grating: autoDraw = True
174.9974 	EXP 	center_grating: autoDraw = True
175.0725 	EXP 	surround_grating: autoDraw = False
175.0725 	EXP 	center_grating: autoDraw = False
175.7084 	EXP 	New trial (rep=0, index=33): <Trial 33 (33 in rep 0) data={'center': -4, 'surround': 0.0, 'type': 'c-4', 'surr_type': 'noss', 'surr_opacity': 0, 'thisN': 33, 'thisTrialN': 33, 'thisRepN': 0}>
175.7183 	INFO 	Keyboard events cleared
175.7178 	EXP 	surround_grating: autoDraw = False
175.7178 	EXP 	center_grating: autoDraw = False
175.7178 	EXP 	text_2: autoDraw = False
175.7178 	EXP 	surround_grating: ori = 0.0
175.7178 	EXP 	surround_grating: sf = array([2.5, 2.5])
175.7178 	EXP 	surround_grating: phase = array([0.79387419, 0.79387419])
175.7178 	EXP 	center_grating: ori = -4.0
175.7178 	EXP 	center_grating: sf = array([2.5, 2.5])
175.7178 	EXP 	center_grating: phase = array([0.30954625, 0.30954625])
176.2052 	EXP 	surround_grating: autoDraw = True
176.2052 	EXP 	center_grating: autoDraw = True
176.2774 	EXP 	surround_grating: autoDraw = False
176.2774 	EXP 	center_grating: autoDraw = False
176.8588 	EXP 	New trial (rep=0, index=34): <Trial 34 (34 in rep 0) data={'center': 2, 'surround': 15.0, 'type': 'c+2', 'surr_type': 'poss', 'surr_opacity': 100, 'thisN': 34, 'thisTrialN': 34, 'thisRepN': 0}>
176.8695 	INFO 	Keyboard events cleared
176.8691 	EXP 	surround_grating: autoDraw = False
176.8691 	EXP 	center_grating: autoDraw = False
176.8691 	EXP 	text_2: autoDraw = False
176.8691 	EXP 	surround_grating: ori = 15.0
176.8691 	EXP 	surround_grating: sf = array([2.5, 2.5])
176.8691 	EXP 	surround_grating: phase = array([0.46094401, 0.46094401])
176.8691 	EXP 	center_grating: ori = 2.0
176.8691 	EXP 	center_grating: sf = array([2.5, 2.5])
176.8691 	EXP 	center_grating: phase = array([0.664481, 0.664481])
177.3552 	EXP 	surround_grating: autoDraw = True
177.3552 	EXP 	center_grating: autoDraw = True
177.4273 	EXP 	surround_grating: autoDraw = False
177.4273 	EXP 	center_grating: autoDraw = False
177.9314 	EXP 	New trial (rep=0, index=35): <Trial 35 (35 in rep 0) data={'center': -4, 'surround': 0.0, 'type': 'c-4', 'surr_type': 'noss', 'surr_opacity': 0, 'thisN': 35, 'thisTrialN': 35, 'thisRepN': 0}>
177.9419 	INFO 	Keyboard events cleared
177.9414 	EXP 	surround_grating: autoDraw = False
177.9414 	EXP 	center_grating: autoDraw = False
177.9414 	EXP 	text_2: autoDraw = False
177.9414 	EXP 	surround_grating: ori = 0.0
177.9414 	EXP 	surround_grating: sf = array([2.5, 2.5])
177.9414 	EXP 	surround_grating: phase = array([0.83861837, 0.83861837])
177.9414 	EXP 	center_grating: ori = -4.0
177.9414 	EXP 	center_grating: sf = array([2.5, 2.5])
177.9414 	EXP 	center_grating: phase = array([0.00872568, 0.00872568])
178.4311 	EXP 	surround_grating: autoDraw = True
178.4311 	EXP 	center_grating: autoDraw = True
178.5057 	EXP 	surround_grating: autoDraw = False
178.5057 	EXP 	center_grating: autoDraw = False
179.1471 	EXP 	New trial (rep=0, index=36): <Trial 36 (36 in rep 0) data={'center': -4, 'surround': -15.0, 'type': 'c-4', 'surr_type': 'negs', 'surr_opacity': 100, 'thisN': 36, 'thisTrialN': 36, 'thisRepN': 0}>
179.1573 	INFO 	Keyboard events cleared
179.1569 	EXP 	surround_grating: autoDraw = False
179.1569 	EXP 	center_grating: autoDraw = False
179.1569 	EXP 	text_2: autoDraw = False
179.1569 	EXP 	surround_grating: ori = -15.0
179.1569 	EXP 	surround_grating: sf = array([2.5, 2.5])
179.1569 	EXP 	surround_grating: phase = array([0.36291063, 0.36291063])
179.1569 	EXP 	center_grating: ori = -4.0
179.1569 	EXP 	center_grating: sf = array([2.5, 2.5])
179.1569 	EXP 	center_grating: phase = array([0.45578961, 0.45578961])
179.6483 	EXP 	surround_grating: autoDraw = True
179.6483 	EXP 	center_grating: autoDraw = True
179.7227 	EXP 	surround_grating: autoDraw = False
179.7227 	EXP 	center_grating: autoDraw = False
180.1584 	EXP 	New trial (rep=0, index=37): <Trial 37 (37 in rep 0) data={'center': 6, 'surround': 15.0, 'type': 'c+6', 'surr_type': 'poss', 'surr_opacity': 100, 'thisN': 37, 'thisTrialN': 37, 'thisRepN': 0}>
180.1683 	INFO 	Keyboard events cleared
180.1678 	EXP 	surround_grating: autoDraw = False
180.1678 	EXP 	center_grating: autoDraw = False
180.1678 	EXP 	text_2: autoDraw = False
180.1678 	EXP 	surround_grating: ori = 15.0
180.1678 	EXP 	surround_grating: sf = array([2.5, 2.5])
180.1678 	EXP 	surround_grating: phase = array([0.78875378, 0.78875378])
180.1678 	EXP 	center_grating: ori = 6.0
180.1678 	EXP 	center_grating: sf = array([2.5, 2.5])
180.1678 	EXP 	center_grating: phase = array([0.13066358, 0.13066358])
180.6553 	EXP 	surround_grating: autoDraw = True
180.6553 	EXP 	center_grating: autoDraw = True
180.7274 	EXP 	surround_grating: autoDraw = False
180.7274 	EXP 	center_grating: autoDraw = False
181.2593 	EXP 	New trial (rep=0, index=38): <Trial 38 (38 in rep 0) data={'center': -4, 'surround': -15.0, 'type': 'c-4', 'surr_type': 'negs', 'surr_opacity': 100, 'thisN': 38, 'thisTrialN': 38, 'thisRepN': 0}>
181.2698 	INFO 	Keyboard events cleared
181.2694 	EXP 	surround_grating: autoDraw = False
181.2694 	EXP 	center_grating: autoDraw = False
181.2694 	EXP 	text_2: autoDraw = False
181.2694 	EXP 	surround_grating: ori = -15.0
181.2694 	EXP 	surround_grating: sf = array([2.5, 2.5])
181.2694 	EXP 	surround_grating: phase = array([0.33624861, 0.33624861])
181.2694 	EXP 	center_grating: ori = -4.0
181.2694 	EXP 	center_grating: sf = array([2.5, 2.5])
181.2694 	EXP 	center_grating: phase = array([0.9009846, 0.9009846])
181.7554 	EXP 	surround_grating: autoDraw = True
181.7554 	EXP 	center_grating: autoDraw = True
181.8283 	EXP 	surround_grating: autoDraw = False
181.8283 	EXP 	center_grating: autoDraw = False
182.5641 	EXP 	New trial (rep=0, index=39): <Trial 39 (39 in rep 0) data={'center': 2, 'surround': 15.0, 'type': 'c+2', 'surr_type': 'poss', 'surr_opacity': 100, 'thisN': 39, 'thisTrialN': 39, 'thisRepN': 0}>
182.5743 	INFO 	Keyboard events cleared
182.5738 	EXP 	surround_grating: autoDraw = False
182.5738 	EXP 	center_grating: autoDraw = False
182.5738 	EXP 	text_2: autoDraw = False
182.5738 	EXP 	surround_grating: ori = 15.0
182.5738 	EXP 	surround_grating: sf = array([2.5, 2.5])
182.5738 	EXP 	surround_grating: phase = array([0.45724882, 0.45724882])
182.5738 	EXP 	center_grating: ori = 2.0
182.5738 	EXP 	center_grating: sf = array([2.5, 2.5])
182.5738 	EXP 	center_grating: phase = array([0.8547324, 0.8547324])
183.0640 	EXP 	surround_grating: autoDraw = True
183.0640 	EXP 	center_grating: autoDraw = True
183.1393 	EXP 	surround_grating: autoDraw = False
183.1393 	EXP 	center_grating: autoDraw = False
183.7416 	EXP 	New trial (rep=0, index=40): <Trial 40 (40 in rep 0) data={'center': -4, 'surround': -15.0, 'type': 'c-4', 'surr_type': 'negs', 'surr_opacity': 100, 'thisN': 40, 'thisTrialN': 40, 'thisRepN': 0}>
183.7519 	INFO 	Keyboard events cleared
183.7514 	EXP 	surround_grating: autoDraw = False
183.7514 	EXP 	center_grating: autoDraw = False
183.7514 	EXP 	text_2: autoDraw = False
183.7514 	EXP 	surround_grating: ori = -15.0
183.7514 	EXP 	surround_grating: sf = array([2.5, 2.5])
183.7514 	EXP 	surround_grating: phase = array([0.54122697, 0.54122697])
183.7514 	EXP 	center_grating: ori = -4.0
183.7514 	EXP 	center_grating: sf = array([2.5, 2.5])
183.7514 	EXP 	center_grating: phase = array([0.67307523, 0.67307523])
184.2386 	EXP 	surround_grating: autoDraw = True
184.2386 	EXP 	center_grating: autoDraw = True
184.3111 	EXP 	surround_grating: autoDraw = False
184.3111 	EXP 	center_grating: autoDraw = False
184.8091 	EXP 	New trial (rep=0, index=41): <Trial 41 (41 in rep 0) data={'center': 0, 'surround': 15.0, 'type': 'c+0', 'surr_type': 'poss', 'surr_opacity': 100, 'thisN': 41, 'thisTrialN': 41, 'thisRepN': 0}>
184.8202 	INFO 	Keyboard events cleared
184.8198 	EXP 	surround_grating: autoDraw = False
184.8198 	EXP 	center_grating: autoDraw = False
184.8198 	EXP 	text_2: autoDraw = False
184.8198 	EXP 	surround_grating: ori = 15.0
184.8198 	EXP 	surround_grating: sf = array([2.5, 2.5])
184.8198 	EXP 	surround_grating: phase = array([0.6312662, 0.6312662])
184.8198 	EXP 	center_grating: ori = 0.0
184.8198 	EXP 	center_grating: sf = array([2.5, 2.5])
184.8198 	EXP 	center_grating: phase = array([0.25136363, 0.25136363])
185.3053 	EXP 	surround_grating: autoDraw = True
185.3053 	EXP 	center_grating: autoDraw = True
185.3773 	EXP 	surround_grating: autoDraw = False
185.3773 	EXP 	center_grating: autoDraw = False
185.8131 	EXP 	New trial (rep=0, index=42): <Trial 42 (42 in rep 0) data={'center': 1, 'surround': 0.0, 'type': 'c+1', 'surr_type': 'noss', 'surr_opacity': 0, 'thisN': 42, 'thisTrialN': 42, 'thisRepN': 0}>
185.8229 	INFO 	Keyboard events cleared
185.8224 	EXP 	surround_grating: autoDraw = False
185.8224 	EXP 	center_grating: autoDraw = False
185.8224 	EXP 	text_2: autoDraw = False
185.8224 	EXP 	surround_grating: ori = 0.0
185.8224 	EXP 	surround_grating: sf = array([2.5, 2.5])
185.8224 	EXP 	surround_grating: phase = array([0.26856653, 0.26856653])
185.8224 	EXP 	center_grating: ori = 1.0
185.8224 	EXP 	center_grating: sf = array([2.5, 2.5])
185.8224 	EXP 	center_grating: phase = array([0.36710761, 0.36710761])
186.3143 	EXP 	surround_grating: autoDraw = True
186.3143 	EXP 	center_grating: autoDraw = True
186.3894 	EXP 	surround_grating: autoDraw = False
186.3894 	EXP 	center_grating: autoDraw = False
186.6807 	EXP 	New trial (rep=0, index=43): <Trial 43 (43 in rep 0) data={'center': -1, 'surround': 0.0, 'type': 'c-1', 'surr_type': 'noss', 'surr_opacity': 0, 'thisN': 43, 'thisTrialN': 43, 'thisRepN': 0}>
186.6912 	INFO 	Keyboard events cleared
186.6908 	EXP 	surround_grating: autoDraw = False
186.6908 	EXP 	center_grating: autoDraw = False
186.6908 	EXP 	text_2: autoDraw = False
186.6908 	EXP 	surround_grating: ori = 0.0
186.6908 	EXP 	surround_grating: sf = array([2.5, 2.5])
186.6908 	EXP 	surround_grating: phase = array([0.54246021, 0.54246021])
186.6908 	EXP 	center_grating: ori = -1.0
186.6908 	EXP 	center_grating: sf = array([2.5, 2.5])
186.6908 	EXP 	center_grating: phase = array([0.12127123, 0.12127123])
187.1807 	EXP 	surround_grating: autoDraw = True
187.1807 	EXP 	center_grating: autoDraw = True
187.2561 	EXP 	surround_grating: autoDraw = False
187.2561 	EXP 	center_grating: autoDraw = False
187.6422 	EXP 	New trial (rep=0, index=44): <Trial 44 (44 in rep 0) data={'center': -8, 'surround': -15.0, 'type': 'c-8', 'surr_type': 'negs', 'surr_opacity': 100, 'thisN': 44, 'thisTrialN': 44, 'thisRepN': 0}>
187.6527 	INFO 	Keyboard events cleared
187.6522 	EXP 	surround_grating: autoDraw = False
187.6522 	EXP 	center_grating: autoDraw = False
187.6522 	EXP 	text_2: autoDraw = False
187.6522 	EXP 	surround_grating: ori = -15.0
187.6522 	EXP 	surround_grating: sf = array([2.5, 2.5])
187.6522 	EXP 	surround_grating: phase = array([0.33507899, 0.33507899])
187.6522 	EXP 	center_grating: ori = -8.0
187.6522 	EXP 	center_grating: sf = array([2.5, 2.5])
187.6522 	EXP 	center_grating: phase = array([0.35580528, 0.35580528])
188.1389 	EXP 	surround_grating: autoDraw = True
188.1389 	EXP 	center_grating: autoDraw = True
188.2119 	EXP 	surround_grating: autoDraw = False
188.2119 	EXP 	center_grating: autoDraw = False
188.5913 	EXP 	New trial (rep=0, index=45): <Trial 45 (45 in rep 0) data={'center': -2, 'surround': 15.0, 'type': 'c-2', 'surr_type': 'poss', 'surr_opacity': 100, 'thisN': 45, 'thisTrialN': 45, 'thisRepN': 0}>
188.5982 	INFO 	Keyboard events cleared
188.5978 	EXP 	surround_grating: autoDraw = False
188.5978 	EXP 	center_grating: autoDraw = False
188.5978 	EXP 	text_2: autoDraw = False
188.5978 	EXP 	surround_grating: ori = 15.0
188.5978 	EXP 	surround_grating: sf = array([2.5, 2.5])
188.5978 	EXP 	surround_grating: phase = array([0.85587051, 0.85587051])
188.5978 	EXP 	center_grating: ori = -2.0
188.5978 	EXP 	center_grating: sf = array([2.5, 2.5])
188.5978 	EXP 	center_grating: phase = array([0.66582241, 0.66582241])
189.0889 	EXP 	surround_grating: autoDraw = True
189.0889 	EXP 	center_grating: autoDraw = True
189.1628 	EXP 	surround_grating: autoDraw = False
189.1628 	EXP 	center_grating: autoDraw = False
189.7422 	EXP 	New trial (rep=0, index=46): <Trial 46 (46 in rep 0) data={'center': 4, 'surround': 15.0, 'type': 'c+4', 'surr_type': 'poss', 'surr_opacity': 100, 'thisN': 46, 'thisTrialN': 46, 'thisRepN': 0}>
189.7523 	INFO 	Keyboard events cleared
189.7518 	EXP 	surround_grating: autoDraw = False
189.7518 	EXP 	center_grating: autoDraw = False
189.7518 	EXP 	text_2: autoDraw = False
189.7518 	EXP 	surround_grating: ori = 15.0
189.7518 	EXP 	surround_grating: sf = array([2.5, 2.5])
189.7518 	EXP 	surround_grating: phase = array([0.06333753, 0.06333753])
189.7518 	EXP 	center_grating: ori = 4.0
189.7518 	EXP 	center_grating: sf = array([2.5, 2.5])
189.7518 	EXP 	center_grating: phase = array([0.13984148, 0.13984148])
190.2390 	EXP 	surround_grating: autoDraw = True
190.2390 	EXP 	center_grating: autoDraw = True
190.3120 	EXP 	surround_grating: autoDraw = False
190.3120 	EXP 	center_grating: autoDraw = False
190.7593 	EXP 	New trial (rep=0, index=47): <Trial 47 (47 in rep 0) data={'center': 2, 'surround': 15.0, 'type': 'c+2', 'surr_type': 'poss', 'surr_opacity': 100, 'thisN': 47, 'thisTrialN': 47, 'thisRepN': 0}>
190.7692 	INFO 	Keyboard events cleared
190.7687 	EXP 	surround_grating: autoDraw = False
190.7687 	EXP 	center_grating: autoDraw = False
190.7687 	EXP 	text_2: autoDraw = False
190.7687 	EXP 	surround_grating: ori = 15.0
190.7687 	EXP 	surround_grating: sf = array([2.5, 2.5])
190.7687 	EXP 	surround_grating: phase = array([0.95486757, 0.95486757])
190.7687 	EXP 	center_grating: ori = 2.0
190.7687 	EXP 	center_grating: sf = array([2.5, 2.5])
190.7687 	EXP 	center_grating: phase = array([0.31441508, 0.31441508])
191.2556 	EXP 	surround_grating: autoDraw = True
191.2556 	EXP 	center_grating: autoDraw = True
191.3277 	EXP 	surround_grating: autoDraw = False
191.3277 	EXP 	center_grating: autoDraw = False
191.8424 	EXP 	New trial (rep=0, index=48): <Trial 48 (48 in rep 0) data={'center': 8, 'surround': 15.0, 'type': 'c+8', 'surr_type': 'poss', 'surr_opacity': 100, 'thisN': 48, 'thisTrialN': 48, 'thisRepN': 0}>
191.8530 	INFO 	Keyboard events cleared
191.8526 	EXP 	surround_grating: autoDraw = False
191.8526 	EXP 	center_grating: autoDraw = False
191.8526 	EXP 	text_2: autoDraw = False
191.8526 	EXP 	surround_grating: ori = 15.0
191.8526 	EXP 	surround_grating: sf = array([2.5, 2.5])
191.8526 	EXP 	surround_grating: phase = array([0.86234032, 0.86234032])
191.8526 	EXP 	center_grating: ori = 8.0
191.8526 	EXP 	center_grating: sf = array([2.5, 2.5])
191.8526 	EXP 	center_grating: phase = array([0.73474066, 0.73474066])
192.3391 	EXP 	surround_grating: autoDraw = True
192.3391 	EXP 	center_grating: autoDraw = True
192.4111 	EXP 	surround_grating: autoDraw = False
192.4111 	EXP 	center_grating: autoDraw = False
192.8753 	EXP 	New trial (rep=0, index=49): <Trial 49 (49 in rep 0) data={'center': 2, 'surround': -15.0, 'type': 'c+2', 'surr_type': 'negs', 'surr_opacity': 100, 'thisN': 49, 'thisTrialN': 49, 'thisRepN': 0}>
192.8848 	INFO 	Keyboard events cleared
192.8843 	EXP 	surround_grating: autoDraw = False
192.8843 	EXP 	center_grating: autoDraw = False
192.8843 	EXP 	text_2: autoDraw = False
192.8843 	EXP 	surround_grating: ori = -15.0
192.8843 	EXP 	surround_grating: sf = array([2.5, 2.5])
192.8843 	EXP 	surround_grating: phase = array([0.03639963, 0.03639963])
192.8843 	EXP 	center_grating: ori = 2.0
192.8843 	EXP 	center_grating: sf = array([2.5, 2.5])
192.8843 	EXP 	center_grating: phase = array([0.21986735, 0.21986735])
193.3725 	EXP 	surround_grating: autoDraw = True
193.3725 	EXP 	center_grating: autoDraw = True
193.4451 	EXP 	surround_grating: autoDraw = False
193.4451 	EXP 	center_grating: autoDraw = False
193.9308 	EXP 	New trial (rep=0, index=50): <Trial 50 (50 in rep 0) data={'center': 0, 'surround': 15.0, 'type': 'c+0', 'surr_type': 'poss', 'surr_opacity': 100, 'thisN': 50, 'thisTrialN': 50, 'thisRepN': 0}>
193.9418 	INFO 	Keyboard events cleared
193.9413 	EXP 	surround_grating: autoDraw = False
193.9413 	EXP 	center_grating: autoDraw = False
193.9413 	EXP 	text_2: autoDraw = False
193.9413 	EXP 	surround_grating: ori = 15.0
193.9413 	EXP 	surround_grating: sf = array([2.5, 2.5])
193.9413 	EXP 	surround_grating: phase = array([0.91959189, 0.91959189])
193.9413 	EXP 	center_grating: ori = 0.0
193.9413 	EXP 	center_grating: sf = array([2.5, 2.5])
193.9413 	EXP 	center_grating: phase = array([0.96338505, 0.96338505])
194.4316 	EXP 	surround_grating: autoDraw = True
194.4316 	EXP 	center_grating: autoDraw = True
194.5063 	EXP 	surround_grating: autoDraw = False
194.5063 	EXP 	center_grating: autoDraw = False
195.0933 	EXP 	New trial (rep=0, index=51): <Trial 51 (51 in rep 0) data={'center': 2, 'surround': -15.0, 'type': 'c+2', 'surr_type': 'negs', 'surr_opacity': 100, 'thisN': 51, 'thisTrialN': 51, 'thisRepN': 0}>
195.1038 	INFO 	Keyboard events cleared
195.1034 	EXP 	surround_grating: autoDraw = False
195.1034 	EXP 	center_grating: autoDraw = False
195.1034 	EXP 	text_2: autoDraw = False
195.1034 	EXP 	surround_grating: ori = -15.0
195.1034 	EXP 	surround_grating: sf = array([2.5, 2.5])
195.1034 	EXP 	surround_grating: phase = array([0.02143342, 0.02143342])
195.1034 	EXP 	center_grating: ori = 2.0
195.1034 	EXP 	center_grating: sf = array([2.5, 2.5])
195.1034 	EXP 	center_grating: phase = array([0.46891566, 0.46891566])
195.5892 	EXP 	surround_grating: autoDraw = True
195.5892 	EXP 	center_grating: autoDraw = True
195.6611 	EXP 	surround_grating: autoDraw = False
195.6611 	EXP 	center_grating: autoDraw = False
196.1597 	EXP 	New trial (rep=0, index=52): <Trial 52 (52 in rep 0) data={'center': -4, 'surround': 0.0, 'type': 'c-4', 'surr_type': 'noss', 'surr_opacity': 0, 'thisN': 52, 'thisTrialN': 52, 'thisRepN': 0}>
196.1703 	INFO 	Keyboard events cleared
196.1699 	EXP 	surround_grating: autoDraw = False
196.1699 	EXP 	center_grating: autoDraw = False
196.1699 	EXP 	text_2: autoDraw = False
196.1699 	EXP 	surround_grating: ori = 0.0
196.1699 	EXP 	surround_grating: sf = array([2.5, 2.5])
196.1699 	EXP 	surround_grating: phase = array([0.18313467, 0.18313467])
196.1699 	EXP 	center_grating: ori = -4.0
196.1699 	EXP 	center_grating: sf = array([2.5, 2.5])
196.1699 	EXP 	center_grating: phase = array([0.64592976, 0.64592976])
196.6559 	EXP 	surround_grating: autoDraw = True
196.6559 	EXP 	center_grating: autoDraw = True
196.7283 	EXP 	surround_grating: autoDraw = False
196.7283 	EXP 	center_grating: autoDraw = False
197.2255 	EXP 	New trial (rep=0, index=53): <Trial 53 (53 in rep 0) data={'center': -2, 'surround': 15.0, 'type': 'c-2', 'surr_type': 'poss', 'surr_opacity': 100, 'thisN': 53, 'thisTrialN': 53, 'thisRepN': 0}>
197.2355 	INFO 	Keyboard events cleared
197.2351 	EXP 	surround_grating: autoDraw = False
197.2351 	EXP 	center_grating: autoDraw = False
197.2351 	EXP 	text_2: autoDraw = False
197.2351 	EXP 	surround_grating: ori = 15.0
197.2351 	EXP 	surround_grating: sf = array([2.5, 2.5])
197.2351 	EXP 	surround_grating: phase = array([0.06237299, 0.06237299])
197.2351 	EXP 	center_grating: ori = -2.0
197.2351 	EXP 	center_grating: sf = array([2.5, 2.5])
197.2351 	EXP 	center_grating: phase = array([0.95182835, 0.95182835])
197.7226 	EXP 	surround_grating: autoDraw = True
197.7226 	EXP 	center_grating: autoDraw = True
197.7948 	EXP 	surround_grating: autoDraw = False
197.7948 	EXP 	center_grating: autoDraw = False
198.3573 	EXP 	New trial (rep=0, index=54): <Trial 54 (54 in rep 0) data={'center': 4, 'surround': 15.0, 'type': 'c+4', 'surr_type': 'poss', 'surr_opacity': 100, 'thisN': 54, 'thisTrialN': 54, 'thisRepN': 0}>
198.3642 	INFO 	Keyboard events cleared
198.3638 	EXP 	surround_grating: autoDraw = False
198.3638 	EXP 	center_grating: autoDraw = False
198.3638 	EXP 	text_2: autoDraw = False
198.3638 	EXP 	surround_grating: ori = 15.0
198.3638 	EXP 	surround_grating: sf = array([2.5, 2.5])
198.3638 	EXP 	surround_grating: phase = array([0.0758464, 0.0758464])
198.3638 	EXP 	center_grating: ori = 4.0
198.3638 	EXP 	center_grating: sf = array([2.5, 2.5])
198.3638 	EXP 	center_grating: phase = array([0.31630647, 0.31630647])
198.8480 	EXP 	surround_grating: autoDraw = True
198.8480 	EXP 	center_grating: autoDraw = True
198.9228 	EXP 	surround_grating: autoDraw = False
198.9228 	EXP 	center_grating: autoDraw = False
199.7422 	EXP 	New trial (rep=0, index=55): <Trial 55 (55 in rep 0) data={'center': -1, 'surround': 0.0, 'type': 'c-1', 'surr_type': 'noss', 'surr_opacity': 0, 'thisN': 55, 'thisTrialN': 55, 'thisRepN': 0}>
199.7521 	INFO 	Keyboard events cleared
199.7516 	EXP 	surround_grating: autoDraw = False
199.7516 	EXP 	center_grating: autoDraw = False
199.7516 	EXP 	text_2: autoDraw = False
199.7516 	EXP 	surround_grating: ori = 0.0
199.7516 	EXP 	surround_grating: sf = array([2.5, 2.5])
199.7516 	EXP 	surround_grating: phase = array([0.42760882, 0.42760882])
199.7516 	EXP 	center_grating: ori = -1.0
199.7516 	EXP 	center_grating: sf = array([2.5, 2.5])
199.7516 	EXP 	center_grating: phase = array([0.5667433, 0.5667433])
200.2394 	EXP 	surround_grating: autoDraw = True
200.2394 	EXP 	center_grating: autoDraw = True
200.3114 	EXP 	surround_grating: autoDraw = False
200.3114 	EXP 	center_grating: autoDraw = False
200.8758 	EXP 	New trial (rep=0, index=56): <Trial 56 (56 in rep 0) data={'center': 8, 'surround': 15.0, 'type': 'c+8', 'surr_type': 'poss', 'surr_opacity': 100, 'thisN': 56, 'thisTrialN': 56, 'thisRepN': 0}>
200.8857 	INFO 	Keyboard events cleared
200.8852 	EXP 	surround_grating: autoDraw = False
200.8852 	EXP 	center_grating: autoDraw = False
200.8852 	EXP 	text_2: autoDraw = False
200.8852 	EXP 	surround_grating: ori = 15.0
200.8852 	EXP 	surround_grating: sf = array([2.5, 2.5])
200.8852 	EXP 	surround_grating: phase = array([0.27905011, 0.27905011])
200.8852 	EXP 	center_grating: ori = 8.0
200.8852 	EXP 	center_grating: sf = array([2.5, 2.5])
200.8852 	EXP 	center_grating: phase = array([0.62621453, 0.62621453])
201.3726 	EXP 	surround_grating: autoDraw = True
201.3726 	EXP 	center_grating: autoDraw = True
201.4450 	EXP 	surround_grating: autoDraw = False
201.4450 	EXP 	center_grating: autoDraw = False
201.8432 	EXP 	New trial (rep=0, index=57): <Trial 57 (57 in rep 0) data={'center': 4, 'surround': 0.0, 'type': 'c+4', 'surr_type': 'noss', 'surr_opacity': 0, 'thisN': 57, 'thisTrialN': 57, 'thisRepN': 0}>
201.8538 	INFO 	Keyboard events cleared
201.8532 	EXP 	surround_grating: autoDraw = False
201.8532 	EXP 	center_grating: autoDraw = False
201.8532 	EXP 	text_2: autoDraw = False
201.8532 	EXP 	surround_grating: ori = 0.0
201.8532 	EXP 	surround_grating: sf = array([2.5, 2.5])
201.8532 	EXP 	surround_grating: phase = array([0.4491162, 0.4491162])
201.8532 	EXP 	center_grating: ori = 4.0
201.8532 	EXP 	center_grating: sf = array([2.5, 2.5])
201.8532 	EXP 	center_grating: phase = array([0.01649516, 0.01649516])
202.3388 	EXP 	surround_grating: autoDraw = True
202.3388 	EXP 	center_grating: autoDraw = True
202.4117 	EXP 	surround_grating: autoDraw = False
202.4117 	EXP 	center_grating: autoDraw = False
202.6988 	EXP 	New trial (rep=0, index=58): <Trial 58 (58 in rep 0) data={'center': -4, 'surround': 0.0, 'type': 'c-4', 'surr_type': 'noss', 'surr_opacity': 0, 'thisN': 58, 'thisTrialN': 58, 'thisRepN': 0}>
202.7091 	INFO 	Keyboard events cleared
202.7086 	EXP 	surround_grating: autoDraw = False
202.7086 	EXP 	center_grating: autoDraw = False
202.7086 	EXP 	text_2: autoDraw = False
202.7086 	EXP 	surround_grating: ori = 0.0
202.7086 	EXP 	surround_grating: sf = array([2.5, 2.5])
202.7086 	EXP 	surround_grating: phase = array([0.09982768, 0.09982768])
202.7086 	EXP 	center_grating: ori = -4.0
202.7086 	EXP 	center_grating: sf = array([2.5, 2.5])
202.7086 	EXP 	center_grating: phase = array([0.69270575, 0.69270575])
203.1987 	EXP 	surround_grating: autoDraw = True
203.1987 	EXP 	center_grating: autoDraw = True
203.2730 	EXP 	surround_grating: autoDraw = False
203.2730 	EXP 	center_grating: autoDraw = False
203.7927 	EXP 	New trial (rep=0, index=59): <Trial 59 (59 in rep 0) data={'center': 8, 'surround': 15.0, 'type': 'c+8', 'surr_type': 'poss', 'surr_opacity': 100, 'thisN': 59, 'thisTrialN': 59, 'thisRepN': 0}>
203.8033 	INFO 	Keyboard events cleared
203.8028 	EXP 	surround_grating: autoDraw = False
203.8028 	EXP 	center_grating: autoDraw = False
203.8028 	EXP 	text_2: autoDraw = False
203.8028 	EXP 	surround_grating: ori = 15.0
203.8028 	EXP 	surround_grating: sf = array([2.5, 2.5])
203.8028 	EXP 	surround_grating: phase = array([0.88898527, 0.88898527])
203.8028 	EXP 	center_grating: ori = 8.0
203.8028 	EXP 	center_grating: sf = array([2.5, 2.5])
203.8028 	EXP 	center_grating: phase = array([0.53948492, 0.53948492])
204.2895 	EXP 	surround_grating: autoDraw = True
204.2895 	EXP 	center_grating: autoDraw = True
204.3625 	EXP 	surround_grating: autoDraw = False
204.3625 	EXP 	center_grating: autoDraw = False
204.7092 	EXP 	New trial (rep=0, index=60): <Trial 60 (60 in rep 0) data={'center': 8, 'surround': 15.0, 'type': 'c+8', 'surr_type': 'poss', 'surr_opacity': 100, 'thisN': 60, 'thisTrialN': 60, 'thisRepN': 0}>
204.7195 	INFO 	Keyboard events cleared
204.7191 	EXP 	surround_grating: autoDraw = False
204.7191 	EXP 	center_grating: autoDraw = False
204.7191 	EXP 	text_2: autoDraw = False
204.7191 	EXP 	surround_grating: ori = 15.0
204.7191 	EXP 	surround_grating: sf = array([2.5, 2.5])
204.7191 	EXP 	surround_grating: phase = array([0.61019349, 0.61019349])
204.7191 	EXP 	center_grating: ori = 8.0
204.7191 	EXP 	center_grating: sf = array([2.5, 2.5])
204.7191 	EXP 	center_grating: phase = array([0.61712567, 0.61712567])
205.2061 	EXP 	surround_grating: autoDraw = True
205.2061 	EXP 	center_grating: autoDraw = True
205.2786 	EXP 	surround_grating: autoDraw = False
205.2786 	EXP 	center_grating: autoDraw = False
205.5657 	EXP 	New trial (rep=0, index=61): <Trial 61 (61 in rep 0) data={'center': -2, 'surround': 15.0, 'type': 'c-2', 'surr_type': 'poss', 'surr_opacity': 100, 'thisN': 61, 'thisTrialN': 61, 'thisRepN': 0}>
205.5760 	INFO 	Keyboard events cleared
205.5755 	EXP 	surround_grating: autoDraw = False
205.5755 	EXP 	center_grating: autoDraw = False
205.5755 	EXP 	text_2: autoDraw = False
205.5755 	EXP 	surround_grating: ori = 15.0
205.5755 	EXP 	surround_grating: sf = array([2.5, 2.5])
205.5755 	EXP 	surround_grating: phase = array([0.62228165, 0.62228165])
205.5755 	EXP 	center_grating: ori = -2.0
205.5755 	EXP 	center_grating: sf = array([2.5, 2.5])
205.5755 	EXP 	center_grating: phase = array([0.33485686, 0.33485686])
206.0660 	EXP 	surround_grating: autoDraw = True
206.0660 	EXP 	center_grating: autoDraw = True
206.1401 	EXP 	surround_grating: autoDraw = False
206.1401 	EXP 	center_grating: autoDraw = False
206.6274 	EXP 	New trial (rep=0, index=62): <Trial 62 (62 in rep 0) data={'center': -2, 'surround': 15.0, 'type': 'c-2', 'surr_type': 'poss', 'surr_opacity': 100, 'thisN': 62, 'thisTrialN': 62, 'thisRepN': 0}>
206.6376 	INFO 	Keyboard events cleared
206.6371 	EXP 	surround_grating: autoDraw = False
206.6371 	EXP 	center_grating: autoDraw = False
206.6371 	EXP 	text_2: autoDraw = False
206.6371 	EXP 	surround_grating: ori = 15.0
206.6371 	EXP 	surround_grating: sf = array([2.5, 2.5])
206.6371 	EXP 	surround_grating: phase = array([0.75967917, 0.75967917])
206.6371 	EXP 	center_grating: ori = -2.0
206.6371 	EXP 	center_grating: sf = array([2.5, 2.5])
206.6371 	EXP 	center_grating: phase = array([0.89537965, 0.89537965])
207.1228 	EXP 	surround_grating: autoDraw = True
207.1228 	EXP 	center_grating: autoDraw = True
207.1948 	EXP 	surround_grating: autoDraw = False
207.1948 	EXP 	center_grating: autoDraw = False
207.7928 	EXP 	New trial (rep=0, index=63): <Trial 63 (63 in rep 0) data={'center': 4, 'surround': 15.0, 'type': 'c+4', 'surr_type': 'poss', 'surr_opacity': 100, 'thisN': 63, 'thisTrialN': 63, 'thisRepN': 0}>
207.8030 	INFO 	Keyboard events cleared
207.8024 	EXP 	surround_grating: autoDraw = False
207.8024 	EXP 	center_grating: autoDraw = False
207.8024 	EXP 	text_2: autoDraw = False
207.8024 	EXP 	surround_grating: ori = 15.0
207.8024 	EXP 	surround_grating: sf = array([2.5, 2.5])
207.8024 	EXP 	surround_grating: phase = array([0.94137191, 0.94137191])
207.8024 	EXP 	center_grating: ori = 4.0
207.8024 	EXP 	center_grating: sf = array([2.5, 2.5])
207.8024 	EXP 	center_grating: phase = array([0.16095839, 0.16095839])
208.2895 	EXP 	surround_grating: autoDraw = True
208.2895 	EXP 	center_grating: autoDraw = True
208.3616 	EXP 	surround_grating: autoDraw = False
208.3616 	EXP 	center_grating: autoDraw = False
209.0436 	EXP 	New trial (rep=0, index=64): <Trial 64 (64 in rep 0) data={'center': -6, 'surround': -15.0, 'type': 'c-6', 'surr_type': 'negs', 'surr_opacity': 100, 'thisN': 64, 'thisTrialN': 64, 'thisRepN': 0}>
209.0538 	INFO 	Keyboard events cleared
209.0535 	EXP 	surround_grating: autoDraw = False
209.0535 	EXP 	center_grating: autoDraw = False
209.0535 	EXP 	text_2: autoDraw = False
209.0535 	EXP 	surround_grating: ori = -15.0
209.0535 	EXP 	surround_grating: sf = array([2.5, 2.5])
209.0535 	EXP 	surround_grating: phase = array([0.85887796, 0.85887796])
209.0535 	EXP 	center_grating: ori = -6.0
209.0535 	EXP 	center_grating: sf = array([2.5, 2.5])
209.0535 	EXP 	center_grating: phase = array([0.50402994, 0.50402994])
209.5397 	EXP 	surround_grating: autoDraw = True
209.5397 	EXP 	center_grating: autoDraw = True
209.6117 	EXP 	surround_grating: autoDraw = False
209.6117 	EXP 	center_grating: autoDraw = False
210.1770 	EXP 	New trial (rep=0, index=65): <Trial 65 (65 in rep 0) data={'center': 1, 'surround': 0.0, 'type': 'c+1', 'surr_type': 'noss', 'surr_opacity': 0, 'thisN': 65, 'thisTrialN': 65, 'thisRepN': 0}>
210.1872 	INFO 	Keyboard events cleared
210.1868 	EXP 	surround_grating: autoDraw = False
210.1868 	EXP 	center_grating: autoDraw = False
210.1868 	EXP 	text_2: autoDraw = False
210.1868 	EXP 	surround_grating: ori = 0.0
210.1868 	EXP 	surround_grating: sf = array([2.5, 2.5])
210.1868 	EXP 	surround_grating: phase = array([0.82280079, 0.82280079])
210.1868 	EXP 	center_grating: ori = 1.0
210.1868 	EXP 	center_grating: sf = array([2.5, 2.5])
210.1868 	EXP 	center_grating: phase = array([0.33285046, 0.33285046])
210.6730 	EXP 	surround_grating: autoDraw = True
210.6730 	EXP 	center_grating: autoDraw = True
210.7455 	EXP 	surround_grating: autoDraw = False
210.7455 	EXP 	center_grating: autoDraw = False
211.1981 	EXP 	New trial (rep=0, index=66): <Trial 66 (66 in rep 0) data={'center': -1, 'surround': 0.0, 'type': 'c-1', 'surr_type': 'noss', 'surr_opacity': 0, 'thisN': 66, 'thisTrialN': 66, 'thisRepN': 0}>
211.2236 	INFO 	Keyboard events cleared
211.2232 	EXP 	surround_grating: autoDraw = False
211.2232 	EXP 	center_grating: autoDraw = False
211.2232 	EXP 	text_2: autoDraw = False
211.2232 	EXP 	surround_grating: ori = 0.0
211.2232 	EXP 	surround_grating: sf = array([2.5, 2.5])
211.2232 	EXP 	surround_grating: phase = array([0.02735952, 0.02735952])
211.2232 	EXP 	center_grating: ori = -1.0
211.2232 	EXP 	center_grating: sf = array([2.5, 2.5])
211.2232 	EXP 	center_grating: phase = array([0.85792538, 0.85792538])
211.6994 	EXP 	surround_grating: autoDraw = True
211.6994 	EXP 	center_grating: autoDraw = True
211.7736 	EXP 	surround_grating: autoDraw = False
211.7736 	EXP 	center_grating: autoDraw = False
212.4989 	EXP 	New trial (rep=0, index=67): <Trial 67 (67 in rep 0) data={'center': -4, 'surround': 0.0, 'type': 'c-4', 'surr_type': 'noss', 'surr_opacity': 0, 'thisN': 67, 'thisTrialN': 67, 'thisRepN': 0}>
212.5088 	INFO 	Keyboard events cleared
212.5084 	EXP 	surround_grating: autoDraw = False
212.5084 	EXP 	center_grating: autoDraw = False
212.5084 	EXP 	text_2: autoDraw = False
212.5084 	EXP 	surround_grating: ori = 0.0
212.5084 	EXP 	surround_grating: sf = array([2.5, 2.5])
212.5084 	EXP 	surround_grating: phase = array([0.42323257, 0.42323257])
212.5084 	EXP 	center_grating: ori = -4.0
212.5084 	EXP 	center_grating: sf = array([2.5, 2.5])
212.5084 	EXP 	center_grating: phase = array([0.6747197, 0.6747197])
212.9991 	EXP 	surround_grating: autoDraw = True
212.9991 	EXP 	center_grating: autoDraw = True
213.0736 	EXP 	surround_grating: autoDraw = False
213.0736 	EXP 	center_grating: autoDraw = False
213.5993 	EXP 	New trial (rep=0, index=68): <Trial 68 (68 in rep 0) data={'center': -6, 'surround': -15.0, 'type': 'c-6', 'surr_type': 'negs', 'surr_opacity': 100, 'thisN': 68, 'thisTrialN': 68, 'thisRepN': 0}>
213.6099 	INFO 	Keyboard events cleared
213.6094 	EXP 	surround_grating: autoDraw = False
213.6094 	EXP 	center_grating: autoDraw = False
213.6094 	EXP 	text_2: autoDraw = False
213.6094 	EXP 	surround_grating: ori = -15.0
213.6094 	EXP 	surround_grating: sf = array([2.5, 2.5])
213.6094 	EXP 	surround_grating: phase = array([0.70188537, 0.70188537])
213.6094 	EXP 	center_grating: ori = -6.0
213.6094 	EXP 	center_grating: sf = array([2.5, 2.5])
213.6094 	EXP 	center_grating: phase = array([0.72558967, 0.72558967])
214.0996 	EXP 	surround_grating: autoDraw = True
214.0996 	EXP 	center_grating: autoDraw = True
214.1737 	EXP 	surround_grating: autoDraw = False
214.1737 	EXP 	center_grating: autoDraw = False
214.5982 	EXP 	New trial (rep=0, index=69): <Trial 69 (69 in rep 0) data={'center': -2, 'surround': 0.0, 'type': 'c-2', 'surr_type': 'noss', 'surr_opacity': 0, 'thisN': 69, 'thisTrialN': 69, 'thisRepN': 0}>
214.6238 	INFO 	Keyboard events cleared
214.6234 	EXP 	surround_grating: autoDraw = False
214.6234 	EXP 	center_grating: autoDraw = False
214.6234 	EXP 	text_2: autoDraw = False
214.6234 	EXP 	surround_grating: ori = 0.0
214.6234 	EXP 	surround_grating: sf = array([2.5, 2.5])
214.6234 	EXP 	surround_grating: phase = array([0.31024939, 0.31024939])
214.6234 	EXP 	center_grating: ori = -2.0
214.6234 	EXP 	center_grating: sf = array([2.5, 2.5])
214.6234 	EXP 	center_grating: phase = array([0.63675414, 0.63675414])
215.0994 	EXP 	surround_grating: autoDraw = True
215.0994 	EXP 	center_grating: autoDraw = True
215.1739 	EXP 	surround_grating: autoDraw = False
215.1739 	EXP 	center_grating: autoDraw = False
215.9144 	EXP 	New trial (rep=0, index=70): <Trial 70 (70 in rep 0) data={'center': 2, 'surround': 0.0, 'type': 'c+2', 'surr_type': 'noss', 'surr_opacity': 0, 'thisN': 70, 'thisTrialN': 70, 'thisRepN': 0}>
215.9245 	INFO 	Keyboard events cleared
215.9240 	EXP 	surround_grating: autoDraw = False
215.9240 	EXP 	center_grating: autoDraw = False
215.9240 	EXP 	text_2: autoDraw = False
215.9240 	EXP 	surround_grating: ori = 0.0
215.9240 	EXP 	surround_grating: sf = array([2.5, 2.5])
215.9240 	EXP 	surround_grating: phase = array([0.94068574, 0.94068574])
215.9240 	EXP 	center_grating: ori = 2.0
215.9240 	EXP 	center_grating: sf = array([2.5, 2.5])
215.9240 	EXP 	center_grating: phase = array([0.51092408, 0.51092408])
216.4161 	EXP 	surround_grating: autoDraw = True
216.4161 	EXP 	center_grating: autoDraw = True
216.4907 	EXP 	surround_grating: autoDraw = False
216.4907 	EXP 	center_grating: autoDraw = False
217.3428 	EXP 	New trial (rep=0, index=71): <Trial 71 (71 in rep 0) data={'center': -2, 'surround': 0.0, 'type': 'c-2', 'surr_type': 'noss', 'surr_opacity': 0, 'thisN': 71, 'thisTrialN': 71, 'thisRepN': 0}>
217.3526 	INFO 	Keyboard events cleared
217.3522 	EXP 	surround_grating: autoDraw = False
217.3522 	EXP 	center_grating: autoDraw = False
217.3522 	EXP 	text_2: autoDraw = False
217.3522 	EXP 	surround_grating: ori = 0.0
217.3522 	EXP 	surround_grating: sf = array([2.5, 2.5])
217.3522 	EXP 	surround_grating: phase = array([0.45113564, 0.45113564])
217.3522 	EXP 	center_grating: ori = -2.0
217.3522 	EXP 	center_grating: sf = array([2.5, 2.5])
217.3522 	EXP 	center_grating: phase = array([0.33744508, 0.33744508])
217.8400 	EXP 	surround_grating: autoDraw = True
217.8400 	EXP 	center_grating: autoDraw = True
217.9121 	EXP 	surround_grating: autoDraw = False
217.9121 	EXP 	center_grating: autoDraw = False
218.6105 	EXP 	New trial (rep=0, index=72): <Trial 72 (72 in rep 0) data={'center': 8, 'surround': 15.0, 'type': 'c+8', 'surr_type': 'poss', 'surr_opacity': 100, 'thisN': 72, 'thisTrialN': 72, 'thisRepN': 0}>
218.6207 	INFO 	Keyboard events cleared
218.6203 	EXP 	surround_grating: autoDraw = False
218.6203 	EXP 	center_grating: autoDraw = False
218.6203 	EXP 	text_2: autoDraw = False
218.6203 	EXP 	surround_grating: ori = 15.0
218.6203 	EXP 	surround_grating: sf = array([2.5, 2.5])
218.6203 	EXP 	surround_grating: phase = array([0.79024627, 0.79024627])
218.6203 	EXP 	center_grating: ori = 8.0
218.6203 	EXP 	center_grating: sf = array([2.5, 2.5])
218.6203 	EXP 	center_grating: phase = array([0.65841344, 0.65841344])
219.1068 	EXP 	surround_grating: autoDraw = True
219.1068 	EXP 	center_grating: autoDraw = True
219.1796 	EXP 	surround_grating: autoDraw = False
219.1796 	EXP 	center_grating: autoDraw = False
219.6315 	EXP 	New trial (rep=0, index=73): <Trial 73 (73 in rep 0) data={'center': -1, 'surround': 0.0, 'type': 'c-1', 'surr_type': 'noss', 'surr_opacity': 0, 'thisN': 73, 'thisTrialN': 73, 'thisRepN': 0}>
219.6574 	INFO 	Keyboard events cleared
219.6569 	EXP 	surround_grating: autoDraw = False
219.6569 	EXP 	center_grating: autoDraw = False
219.6569 	EXP 	text_2: autoDraw = False
219.6569 	EXP 	surround_grating: ori = 0.0
219.6569 	EXP 	surround_grating: sf = array([2.5, 2.5])
219.6569 	EXP 	surround_grating: phase = array([0.67455396, 0.67455396])
219.6569 	EXP 	center_grating: ori = -1.0
219.6569 	EXP 	center_grating: sf = array([2.5, 2.5])
219.6569 	EXP 	center_grating: phase = array([0.19529299, 0.19529299])
220.1322 	EXP 	surround_grating: autoDraw = True
220.1322 	EXP 	center_grating: autoDraw = True
220.2073 	EXP 	surround_grating: autoDraw = False
220.2073 	EXP 	center_grating: autoDraw = False
220.8819 	EXP 	New trial (rep=0, index=74): <Trial 74 (74 in rep 0) data={'center': -8, 'surround': -15.0, 'type': 'c-8', 'surr_type': 'negs', 'surr_opacity': 100, 'thisN': 74, 'thisTrialN': 74, 'thisRepN': 0}>
220.8925 	INFO 	Keyboard events cleared
220.8920 	EXP 	surround_grating: autoDraw = False
220.8920 	EXP 	center_grating: autoDraw = False
220.8920 	EXP 	text_2: autoDraw = False
220.8920 	EXP 	surround_grating: ori = -15.0
220.8920 	EXP 	surround_grating: sf = array([2.5, 2.5])
220.8920 	EXP 	surround_grating: phase = array([0.6279171, 0.6279171])
220.8920 	EXP 	center_grating: ori = -8.0
220.8920 	EXP 	center_grating: sf = array([2.5, 2.5])
220.8920 	EXP 	center_grating: phase = array([0.90585673, 0.90585673])
221.3825 	EXP 	surround_grating: autoDraw = True
221.3825 	EXP 	center_grating: autoDraw = True
221.4572 	EXP 	surround_grating: autoDraw = False
221.4572 	EXP 	center_grating: autoDraw = False
222.1991 	EXP 	New trial (rep=0, index=75): <Trial 75 (75 in rep 0) data={'center': -1, 'surround': 0.0, 'type': 'c-1', 'surr_type': 'noss', 'surr_opacity': 0, 'thisN': 75, 'thisTrialN': 75, 'thisRepN': 0}>
222.2097 	INFO 	Keyboard events cleared
222.2092 	EXP 	surround_grating: autoDraw = False
222.2092 	EXP 	center_grating: autoDraw = False
222.2092 	EXP 	text_2: autoDraw = False
222.2092 	EXP 	surround_grating: ori = 0.0
222.2092 	EXP 	surround_grating: sf = array([2.5, 2.5])
222.2092 	EXP 	surround_grating: phase = array([0.56687234, 0.56687234])
222.2092 	EXP 	center_grating: ori = -1.0
222.2092 	EXP 	center_grating: sf = array([2.5, 2.5])
222.2092 	EXP 	center_grating: phase = array([0.1688086, 0.1688086])
222.6997 	EXP 	surround_grating: autoDraw = True
222.6997 	EXP 	center_grating: autoDraw = True
222.7738 	EXP 	surround_grating: autoDraw = False
222.7738 	EXP 	center_grating: autoDraw = False
223.2939 	EXP 	New trial (rep=0, index=76): <Trial 76 (76 in rep 0) data={'center': 6, 'surround': 15.0, 'type': 'c+6', 'surr_type': 'poss', 'surr_opacity': 100, 'thisN': 76, 'thisTrialN': 76, 'thisRepN': 0}>
223.3047 	INFO 	Keyboard events cleared
223.3043 	EXP 	surround_grating: autoDraw = False
223.3043 	EXP 	center_grating: autoDraw = False
223.3043 	EXP 	text_2: autoDraw = False
223.3043 	EXP 	surround_grating: ori = 15.0
223.3043 	EXP 	surround_grating: sf = array([2.5, 2.5])
223.3043 	EXP 	surround_grating: phase = array([0.84213695, 0.84213695])
223.3043 	EXP 	center_grating: ori = 6.0
223.3043 	EXP 	center_grating: sf = array([2.5, 2.5])
223.3043 	EXP 	center_grating: phase = array([0.10588794, 0.10588794])
223.7902 	EXP 	surround_grating: autoDraw = True
223.7902 	EXP 	center_grating: autoDraw = True
223.8623 	EXP 	surround_grating: autoDraw = False
223.8623 	EXP 	center_grating: autoDraw = False
224.3601 	EXP 	New trial (rep=0, index=77): <Trial 77 (77 in rep 0) data={'center': -2, 'surround': -15.0, 'type': 'c-2', 'surr_type': 'negs', 'surr_opacity': 100, 'thisN': 77, 'thisTrialN': 77, 'thisRepN': 0}>
224.3701 	INFO 	Keyboard events cleared
224.3695 	EXP 	surround_grating: autoDraw = False
224.3695 	EXP 	center_grating: autoDraw = False
224.3695 	EXP 	text_2: autoDraw = False
224.3695 	EXP 	surround_grating: ori = -15.0
224.3695 	EXP 	surround_grating: sf = array([2.5, 2.5])
224.3695 	EXP 	surround_grating: phase = array([0.5069045, 0.5069045])
224.3695 	EXP 	center_grating: ori = -2.0
224.3695 	EXP 	center_grating: sf = array([2.5, 2.5])
224.3695 	EXP 	center_grating: phase = array([0.94042815, 0.94042815])
224.8569 	EXP 	surround_grating: autoDraw = True
224.8569 	EXP 	center_grating: autoDraw = True
224.9288 	EXP 	surround_grating: autoDraw = False
224.9288 	EXP 	center_grating: autoDraw = False
225.4916 	EXP 	New trial (rep=0, index=78): <Trial 78 (78 in rep 0) data={'center': -6, 'surround': -15.0, 'type': 'c-6', 'surr_type': 'negs', 'surr_opacity': 100, 'thisN': 78, 'thisTrialN': 78, 'thisRepN': 0}>
225.4991 	INFO 	Keyboard events cleared
225.4988 	EXP 	surround_grating: autoDraw = False
225.4988 	EXP 	center_grating: autoDraw = False
225.4988 	EXP 	text_2: autoDraw = False
225.4988 	EXP 	surround_grating: ori = -15.0
225.4988 	EXP 	surround_grating: sf = array([2.5, 2.5])
225.4988 	EXP 	surround_grating: phase = array([0.07895357, 0.07895357])
225.4988 	EXP 	center_grating: ori = -6.0
225.4988 	EXP 	center_grating: sf = array([2.5, 2.5])
225.4988 	EXP 	center_grating: phase = array([0.3983745, 0.3983745])
225.9823 	EXP 	surround_grating: autoDraw = True
225.9823 	EXP 	center_grating: autoDraw = True
226.0575 	EXP 	surround_grating: autoDraw = False
226.0575 	EXP 	center_grating: autoDraw = False
226.4106 	EXP 	New trial (rep=0, index=79): <Trial 79 (79 in rep 0) data={'center': 2, 'surround': 0.0, 'type': 'c+2', 'surr_type': 'noss', 'surr_opacity': 0, 'thisN': 79, 'thisTrialN': 79, 'thisRepN': 0}>
226.4217 	INFO 	Keyboard events cleared
226.4213 	EXP 	surround_grating: autoDraw = False
226.4213 	EXP 	center_grating: autoDraw = False
226.4213 	EXP 	text_2: autoDraw = False
226.4213 	EXP 	surround_grating: ori = 0.0
226.4213 	EXP 	surround_grating: sf = array([2.5, 2.5])
226.4213 	EXP 	surround_grating: phase = array([0.03208588, 0.03208588])
226.4213 	EXP 	center_grating: ori = 2.0
226.4213 	EXP 	center_grating: sf = array([2.5, 2.5])
226.4213 	EXP 	center_grating: phase = array([0.03017119, 0.03017119])
226.9070 	EXP 	surround_grating: autoDraw = True
226.9070 	EXP 	center_grating: autoDraw = True
226.9804 	EXP 	surround_grating: autoDraw = False
226.9804 	EXP 	center_grating: autoDraw = False
227.4766 	EXP 	New trial (rep=0, index=80): <Trial 80 (80 in rep 0) data={'center': 6, 'surround': 15.0, 'type': 'c+6', 'surr_type': 'poss', 'surr_opacity': 100, 'thisN': 80, 'thisTrialN': 80, 'thisRepN': 0}>
227.4867 	INFO 	Keyboard events cleared
227.4863 	EXP 	surround_grating: autoDraw = False
227.4863 	EXP 	center_grating: autoDraw = False
227.4863 	EXP 	text_2: autoDraw = False
227.4863 	EXP 	surround_grating: ori = 15.0
227.4863 	EXP 	surround_grating: sf = array([2.5, 2.5])
227.4863 	EXP 	surround_grating: phase = array([0.98689049, 0.98689049])
227.4863 	EXP 	center_grating: ori = 6.0
227.4863 	EXP 	center_grating: sf = array([2.5, 2.5])
227.4863 	EXP 	center_grating: phase = array([0.30170452, 0.30170452])
227.9737 	EXP 	surround_grating: autoDraw = True
227.9737 	EXP 	center_grating: autoDraw = True
228.0465 	EXP 	surround_grating: autoDraw = False
228.0465 	EXP 	center_grating: autoDraw = False
228.4768 	EXP 	New trial (rep=0, index=81): <Trial 81 (81 in rep 0) data={'center': 6, 'surround': 15.0, 'type': 'c+6', 'surr_type': 'poss', 'surr_opacity': 100, 'thisN': 81, 'thisTrialN': 81, 'thisRepN': 0}>
228.4875 	INFO 	Keyboard events cleared
228.4869 	EXP 	surround_grating: autoDraw = False
228.4869 	EXP 	center_grating: autoDraw = False
228.4869 	EXP 	text_2: autoDraw = False
228.4869 	EXP 	surround_grating: ori = 15.0
228.4869 	EXP 	surround_grating: sf = array([2.5, 2.5])
228.4869 	EXP 	surround_grating: phase = array([0.84491411, 0.84491411])
228.4869 	EXP 	center_grating: ori = 6.0
228.4869 	EXP 	center_grating: sf = array([2.5, 2.5])
228.4869 	EXP 	center_grating: phase = array([0.66665857, 0.66665857])
228.9737 	EXP 	surround_grating: autoDraw = True
228.9737 	EXP 	center_grating: autoDraw = True
229.0499 	EXP 	surround_grating: autoDraw = False
229.0499 	EXP 	center_grating: autoDraw = False
229.3331 	EXP 	New trial (rep=0, index=82): <Trial 82 (82 in rep 0) data={'center': 1, 'surround': 0.0, 'type': 'c+1', 'surr_type': 'noss', 'surr_opacity': 0, 'thisN': 82, 'thisTrialN': 82, 'thisRepN': 0}>
229.3436 	INFO 	Keyboard events cleared
229.3431 	EXP 	surround_grating: autoDraw = False
229.3431 	EXP 	center_grating: autoDraw = False
229.3431 	EXP 	text_2: autoDraw = False
229.3431 	EXP 	surround_grating: ori = 0.0
229.3431 	EXP 	surround_grating: sf = array([2.5, 2.5])
229.3431 	EXP 	surround_grating: phase = array([0.04474726, 0.04474726])
229.3431 	EXP 	center_grating: ori = 1.0
229.3431 	EXP 	center_grating: sf = array([2.5, 2.5])
229.3431 	EXP 	center_grating: phase = array([0.88091619, 0.88091619])
229.8323 	EXP 	surround_grating: autoDraw = True
229.8323 	EXP 	center_grating: autoDraw = True
229.9076 	EXP 	surround_grating: autoDraw = False
229.9076 	EXP 	center_grating: autoDraw = False
230.5438 	EXP 	New trial (rep=0, index=83): <Trial 83 (83 in rep 0) data={'center': 2, 'surround': -15.0, 'type': 'c+2', 'surr_type': 'negs', 'surr_opacity': 100, 'thisN': 83, 'thisTrialN': 83, 'thisRepN': 0}>
230.5540 	INFO 	Keyboard events cleared
230.5534 	EXP 	surround_grating: autoDraw = False
230.5534 	EXP 	center_grating: autoDraw = False
230.5534 	EXP 	text_2: autoDraw = False
230.5534 	EXP 	surround_grating: ori = -15.0
230.5534 	EXP 	surround_grating: sf = array([2.5, 2.5])
230.5534 	EXP 	surround_grating: phase = array([0.12315714, 0.12315714])
230.5534 	EXP 	center_grating: ori = 2.0
230.5534 	EXP 	center_grating: sf = array([2.5, 2.5])
230.5534 	EXP 	center_grating: phase = array([0.87768719, 0.87768719])
231.0404 	EXP 	surround_grating: autoDraw = True
231.0404 	EXP 	center_grating: autoDraw = True
231.1125 	EXP 	surround_grating: autoDraw = False
231.1125 	EXP 	center_grating: autoDraw = False
231.5999 	EXP 	New trial (rep=0, index=84): <Trial 84 (84 in rep 0) data={'center': 2, 'surround': 0.0, 'type': 'c+2', 'surr_type': 'noss', 'surr_opacity': 0, 'thisN': 84, 'thisTrialN': 84, 'thisRepN': 0}>
231.6102 	INFO 	Keyboard events cleared
231.6096 	EXP 	surround_grating: autoDraw = False
231.6096 	EXP 	center_grating: autoDraw = False
231.6096 	EXP 	text_2: autoDraw = False
231.6096 	EXP 	surround_grating: ori = 0.0
231.6096 	EXP 	surround_grating: sf = array([2.5, 2.5])
231.6096 	EXP 	surround_grating: phase = array([0.73304523, 0.73304523])
231.6096 	EXP 	center_grating: ori = 2.0
231.6096 	EXP 	center_grating: sf = array([2.5, 2.5])
231.6096 	EXP 	center_grating: phase = array([0.98050132, 0.98050132])
232.0995 	EXP 	surround_grating: autoDraw = True
232.0995 	EXP 	center_grating: autoDraw = True
232.1739 	EXP 	surround_grating: autoDraw = False
232.1739 	EXP 	center_grating: autoDraw = False
232.6436 	EXP 	New trial (rep=0, index=85): <Trial 85 (85 in rep 0) data={'center': 2, 'surround': 15.0, 'type': 'c+2', 'surr_type': 'poss', 'surr_opacity': 100, 'thisN': 85, 'thisTrialN': 85, 'thisRepN': 0}>
232.6537 	INFO 	Keyboard events cleared
232.6532 	EXP 	surround_grating: autoDraw = False
232.6532 	EXP 	center_grating: autoDraw = False
232.6532 	EXP 	text_2: autoDraw = False
232.6532 	EXP 	surround_grating: ori = 15.0
232.6532 	EXP 	surround_grating: sf = array([2.5, 2.5])
232.6532 	EXP 	surround_grating: phase = array([0.63467985, 0.63467985])
232.6532 	EXP 	center_grating: ori = 2.0
232.6532 	EXP 	center_grating: sf = array([2.5, 2.5])
232.6532 	EXP 	center_grating: phase = array([0.09934521, 0.09934521])
233.1404 	EXP 	surround_grating: autoDraw = True
233.1404 	EXP 	center_grating: autoDraw = True
233.2132 	EXP 	surround_grating: autoDraw = False
233.2132 	EXP 	center_grating: autoDraw = False
233.7340 	EXP 	New trial (rep=0, index=86): <Trial 86 (86 in rep 0) data={'center': -4, 'surround': 0.0, 'type': 'c-4', 'surr_type': 'noss', 'surr_opacity': 0, 'thisN': 86, 'thisTrialN': 86, 'thisRepN': 0}>
233.7443 	INFO 	Keyboard events cleared
233.7436 	EXP 	surround_grating: autoDraw = False
233.7436 	EXP 	center_grating: autoDraw = False
233.7436 	EXP 	text_2: autoDraw = False
233.7436 	EXP 	surround_grating: ori = 0.0
233.7436 	EXP 	surround_grating: sf = array([2.5, 2.5])
233.7436 	EXP 	surround_grating: phase = array([0.42347231, 0.42347231])
233.7436 	EXP 	center_grating: ori = -4.0
233.7436 	EXP 	center_grating: sf = array([2.5, 2.5])
233.7436 	EXP 	center_grating: phase = array([0.99444147, 0.99444147])
234.2332 	EXP 	surround_grating: autoDraw = True
234.2332 	EXP 	center_grating: autoDraw = True
234.3077 	EXP 	surround_grating: autoDraw = False
234.3077 	EXP 	center_grating: autoDraw = False
234.8151 	EXP 	New trial (rep=0, index=87): <Trial 87 (87 in rep 0) data={'center': -2, 'surround': 0.0, 'type': 'c-2', 'surr_type': 'noss', 'surr_opacity': 0, 'thisN': 87, 'thisTrialN': 87, 'thisRepN': 0}>
234.8252 	INFO 	Keyboard events cleared
234.8246 	EXP 	surround_grating: autoDraw = False
234.8246 	EXP 	center_grating: autoDraw = False
234.8246 	EXP 	text_2: autoDraw = False
234.8246 	EXP 	surround_grating: ori = 0.0
234.8246 	EXP 	surround_grating: sf = array([2.5, 2.5])
234.8246 	EXP 	surround_grating: phase = array([0.18927348, 0.18927348])
234.8246 	EXP 	center_grating: ori = -2.0
234.8246 	EXP 	center_grating: sf = array([2.5, 2.5])
234.8246 	EXP 	center_grating: phase = array([0.98879618, 0.98879618])
235.3168 	EXP 	surround_grating: autoDraw = True
235.3168 	EXP 	center_grating: autoDraw = True
235.3913 	EXP 	surround_grating: autoDraw = False
235.3913 	EXP 	center_grating: autoDraw = False
236.5160 	EXP 	New trial (rep=0, index=88): <Trial 88 (88 in rep 0) data={'center': 0, 'surround': 15.0, 'type': 'c+0', 'surr_type': 'poss', 'surr_opacity': 100, 'thisN': 88, 'thisTrialN': 88, 'thisRepN': 0}>
236.5266 	INFO 	Keyboard events cleared
236.5261 	EXP 	surround_grating: autoDraw = False
236.5261 	EXP 	center_grating: autoDraw = False
236.5261 	EXP 	text_2: autoDraw = False
236.5261 	EXP 	surround_grating: ori = 15.0
236.5261 	EXP 	surround_grating: sf = array([2.5, 2.5])
236.5261 	EXP 	surround_grating: phase = array([0.29728884, 0.29728884])
236.5261 	EXP 	center_grating: ori = 0.0
236.5261 	EXP 	center_grating: sf = array([2.5, 2.5])
236.5261 	EXP 	center_grating: phase = array([0.72816978, 0.72816978])
237.0158 	EXP 	surround_grating: autoDraw = True
237.0158 	EXP 	center_grating: autoDraw = True
237.0911 	EXP 	surround_grating: autoDraw = False
237.0911 	EXP 	center_grating: autoDraw = False
237.6500 	EXP 	New trial (rep=0, index=89): <Trial 89 (89 in rep 0) data={'center': 0, 'surround': 15.0, 'type': 'c+0', 'surr_type': 'poss', 'surr_opacity': 100, 'thisN': 89, 'thisTrialN': 89, 'thisRepN': 0}>
237.6605 	INFO 	Keyboard events cleared
237.6600 	EXP 	surround_grating: autoDraw = False
237.6600 	EXP 	center_grating: autoDraw = False
237.6600 	EXP 	text_2: autoDraw = False
237.6600 	EXP 	surround_grating: ori = 15.0
237.6600 	EXP 	surround_grating: sf = array([2.5, 2.5])
237.6600 	EXP 	surround_grating: phase = array([0.37332963, 0.37332963])
237.6600 	EXP 	center_grating: ori = 0.0
237.6600 	EXP 	center_grating: sf = array([2.5, 2.5])
237.6600 	EXP 	center_grating: phase = array([0.89197877, 0.89197877])
238.1502 	EXP 	surround_grating: autoDraw = True
238.1502 	EXP 	center_grating: autoDraw = True
238.2248 	EXP 	surround_grating: autoDraw = False
238.2248 	EXP 	center_grating: autoDraw = False
238.7938 	EXP 	New trial (rep=0, index=90): <Trial 90 (90 in rep 0) data={'center': -2, 'surround': 0.0, 'type': 'c-2', 'surr_type': 'noss', 'surr_opacity': 0, 'thisN': 90, 'thisTrialN': 90, 'thisRepN': 0}>
238.8041 	INFO 	Keyboard events cleared
238.8036 	EXP 	surround_grating: autoDraw = False
238.8036 	EXP 	center_grating: autoDraw = False
238.8036 	EXP 	text_2: autoDraw = False
238.8036 	EXP 	surround_grating: ori = 0.0
238.8036 	EXP 	surround_grating: sf = array([2.5, 2.5])
238.8036 	EXP 	surround_grating: phase = array([0.19732374, 0.19732374])
238.8036 	EXP 	center_grating: ori = -2.0
238.8036 	EXP 	center_grating: sf = array([2.5, 2.5])
238.8036 	EXP 	center_grating: phase = array([0.98203806, 0.98203806])
239.2906 	EXP 	surround_grating: autoDraw = True
239.2906 	EXP 	center_grating: autoDraw = True
239.3630 	EXP 	surround_grating: autoDraw = False
239.3630 	EXP 	center_grating: autoDraw = False
239.7327 	EXP 	New trial (rep=0, index=91): <Trial 91 (91 in rep 0) data={'center': -8, 'surround': -15.0, 'type': 'c-8', 'surr_type': 'negs', 'surr_opacity': 100, 'thisN': 91, 'thisTrialN': 91, 'thisRepN': 0}>
239.7580 	INFO 	Keyboard events cleared
239.7576 	EXP 	surround_grating: autoDraw = False
239.7576 	EXP 	center_grating: autoDraw = False
239.7576 	EXP 	text_2: autoDraw = False
239.7576 	EXP 	surround_grating: ori = -15.0
239.7576 	EXP 	surround_grating: sf = array([2.5, 2.5])
239.7576 	EXP 	surround_grating: phase = array([0.40675304, 0.40675304])
239.7576 	EXP 	center_grating: ori = -8.0
239.7576 	EXP 	center_grating: sf = array([2.5, 2.5])
239.7576 	EXP 	center_grating: phase = array([0.76502651, 0.76502651])
240.2337 	EXP 	surround_grating: autoDraw = True
240.2337 	EXP 	center_grating: autoDraw = True
240.3080 	EXP 	surround_grating: autoDraw = False
240.3080 	EXP 	center_grating: autoDraw = False
240.8175 	EXP 	New trial (rep=0, index=92): <Trial 92 (92 in rep 0) data={'center': 0, 'surround': -15.0, 'type': 'c+0', 'surr_type': 'negs', 'surr_opacity': 100, 'thisN': 92, 'thisTrialN': 92, 'thisRepN': 0}>
240.8276 	INFO 	Keyboard events cleared
240.8271 	EXP 	surround_grating: autoDraw = False
240.8271 	EXP 	center_grating: autoDraw = False
240.8271 	EXP 	text_2: autoDraw = False
240.8271 	EXP 	surround_grating: ori = -15.0
240.8271 	EXP 	surround_grating: sf = array([2.5, 2.5])
240.8271 	EXP 	surround_grating: phase = array([0.97914582, 0.97914582])
240.8271 	EXP 	center_grating: ori = 0.0
240.8271 	EXP 	center_grating: sf = array([2.5, 2.5])
240.8271 	EXP 	center_grating: phase = array([0.31678897, 0.31678897])
241.3165 	EXP 	surround_grating: autoDraw = True
241.3165 	EXP 	center_grating: autoDraw = True
241.3911 	EXP 	surround_grating: autoDraw = False
241.3911 	EXP 	center_grating: autoDraw = False
242.3105 	EXP 	New trial (rep=0, index=93): <Trial 93 (93 in rep 0) data={'center': 4, 'surround': 0.0, 'type': 'c+4', 'surr_type': 'noss', 'surr_opacity': 0, 'thisN': 93, 'thisTrialN': 93, 'thisRepN': 0}>
242.3205 	INFO 	Keyboard events cleared
242.3201 	EXP 	surround_grating: autoDraw = False
242.3201 	EXP 	center_grating: autoDraw = False
242.3201 	EXP 	text_2: autoDraw = False
242.3201 	EXP 	surround_grating: ori = 0.0
242.3201 	EXP 	surround_grating: sf = array([2.5, 2.5])
242.3201 	EXP 	surround_grating: phase = array([0.65875615, 0.65875615])
242.3201 	EXP 	center_grating: ori = 4.0
242.3201 	EXP 	center_grating: sf = array([2.5, 2.5])
242.3201 	EXP 	center_grating: phase = array([0.00647831, 0.00647831])
242.8076 	EXP 	surround_grating: autoDraw = True
242.8076 	EXP 	center_grating: autoDraw = True
242.8813 	EXP 	surround_grating: autoDraw = False
242.8813 	EXP 	center_grating: autoDraw = False
243.4112 	EXP 	New trial (rep=0, index=94): <Trial 94 (94 in rep 0) data={'center': -2, 'surround': 15.0, 'type': 'c-2', 'surr_type': 'poss', 'surr_opacity': 100, 'thisN': 94, 'thisTrialN': 94, 'thisRepN': 0}>
243.4228 	INFO 	Keyboard events cleared
243.4223 	EXP 	surround_grating: autoDraw = False
243.4223 	EXP 	center_grating: autoDraw = False
243.4223 	EXP 	text_2: autoDraw = False
243.4223 	EXP 	surround_grating: ori = 15.0
243.4223 	EXP 	surround_grating: sf = array([2.5, 2.5])
243.4223 	EXP 	surround_grating: phase = array([0.53762593, 0.53762593])
243.4223 	EXP 	center_grating: ori = -2.0
243.4223 	EXP 	center_grating: sf = array([2.5, 2.5])
243.4223 	EXP 	center_grating: phase = array([0.68784273, 0.68784273])
243.9076 	EXP 	surround_grating: autoDraw = True
243.9076 	EXP 	center_grating: autoDraw = True
243.9800 	EXP 	surround_grating: autoDraw = False
243.9800 	EXP 	center_grating: autoDraw = False
244.9440 	EXP 	New trial (rep=0, index=95): <Trial 95 (95 in rep 0) data={'center': 4, 'surround': 0.0, 'type': 'c+4', 'surr_type': 'noss', 'surr_opacity': 0, 'thisN': 95, 'thisTrialN': 95, 'thisRepN': 0}>
244.9544 	INFO 	Keyboard events cleared
244.9538 	EXP 	surround_grating: autoDraw = False
244.9538 	EXP 	center_grating: autoDraw = False
244.9538 	EXP 	text_2: autoDraw = False
244.9538 	EXP 	surround_grating: ori = 0.0
244.9538 	EXP 	surround_grating: sf = array([2.5, 2.5])
244.9538 	EXP 	surround_grating: phase = array([0.80242259, 0.80242259])
244.9538 	EXP 	center_grating: ori = 4.0
244.9538 	EXP 	center_grating: sf = array([2.5, 2.5])
244.9538 	EXP 	center_grating: phase = array([0.40380979, 0.40380979])
245.4409 	EXP 	surround_grating: autoDraw = True
245.4409 	EXP 	center_grating: autoDraw = True
245.5128 	EXP 	surround_grating: autoDraw = False
245.5128 	EXP 	center_grating: autoDraw = False
245.9657 	EXP 	New trial (rep=0, index=96): <Trial 96 (96 in rep 0) data={'center': 0, 'surround': -15.0, 'type': 'c+0', 'surr_type': 'negs', 'surr_opacity': 100, 'thisN': 96, 'thisTrialN': 96, 'thisRepN': 0}>
245.9916 	INFO 	Keyboard events cleared
245.9912 	EXP 	surround_grating: autoDraw = False
245.9912 	EXP 	center_grating: autoDraw = False
245.9912 	EXP 	text_2: autoDraw = False
245.9912 	EXP 	surround_grating: ori = -15.0
245.9912 	EXP 	surround_grating: sf = array([2.5, 2.5])
245.9912 	EXP 	surround_grating: phase = array([0.04761505, 0.04761505])
245.9912 	EXP 	center_grating: ori = 0.0
245.9912 	EXP 	center_grating: sf = array([2.5, 2.5])
245.9912 	EXP 	center_grating: phase = array([0.26042141, 0.26042141])
246.4665 	EXP 	surround_grating: autoDraw = True
246.4665 	EXP 	center_grating: autoDraw = True
246.5415 	EXP 	surround_grating: autoDraw = False
246.5415 	EXP 	center_grating: autoDraw = False
247.2105 	EXP 	New trial (rep=0, index=97): <Trial 97 (97 in rep 0) data={'center': 2, 'surround': 15.0, 'type': 'c+2', 'surr_type': 'poss', 'surr_opacity': 100, 'thisN': 97, 'thisTrialN': 97, 'thisRepN': 0}>
247.2205 	INFO 	Keyboard events cleared
247.2199 	EXP 	surround_grating: autoDraw = False
247.2199 	EXP 	center_grating: autoDraw = False
247.2199 	EXP 	text_2: autoDraw = False
247.2199 	EXP 	surround_grating: ori = 15.0
247.2199 	EXP 	surround_grating: sf = array([2.5, 2.5])
247.2199 	EXP 	surround_grating: phase = array([0.71202741, 0.71202741])
247.2199 	EXP 	center_grating: ori = 2.0
247.2199 	EXP 	center_grating: sf = array([2.5, 2.5])
247.2199 	EXP 	center_grating: phase = array([0.74205941, 0.74205941])
247.7080 	EXP 	surround_grating: autoDraw = True
247.7080 	EXP 	center_grating: autoDraw = True
247.7808 	EXP 	surround_grating: autoDraw = False
247.7808 	EXP 	center_grating: autoDraw = False
248.4438 	EXP 	New trial (rep=0, index=98): <Trial 98 (98 in rep 0) data={'center': -4, 'surround': 0.0, 'type': 'c-4', 'surr_type': 'noss', 'surr_opacity': 0, 'thisN': 98, 'thisTrialN': 98, 'thisRepN': 0}>
248.4536 	INFO 	Keyboard events cleared
248.4531 	EXP 	surround_grating: autoDraw = False
248.4531 	EXP 	center_grating: autoDraw = False
248.4531 	EXP 	text_2: autoDraw = False
248.4531 	EXP 	surround_grating: ori = 0.0
248.4531 	EXP 	surround_grating: sf = array([2.5, 2.5])
248.4531 	EXP 	surround_grating: phase = array([0.69146941, 0.69146941])
248.4531 	EXP 	center_grating: ori = -4.0
248.4531 	EXP 	center_grating: sf = array([2.5, 2.5])
248.4531 	EXP 	center_grating: phase = array([0.20647418, 0.20647418])
248.9410 	EXP 	surround_grating: autoDraw = True
248.9410 	EXP 	center_grating: autoDraw = True
249.0135 	EXP 	surround_grating: autoDraw = False
249.0135 	EXP 	center_grating: autoDraw = False
249.6944 	EXP 	New trial (rep=0, index=99): <Trial 99 (99 in rep 0) data={'center': -1, 'surround': 0.0, 'type': 'c-1', 'surr_type': 'noss', 'surr_opacity': 0, 'thisN': 99, 'thisTrialN': 99, 'thisRepN': 0}>
249.7050 	INFO 	Keyboard events cleared
249.7046 	EXP 	surround_grating: autoDraw = False
249.7046 	EXP 	center_grating: autoDraw = False
249.7046 	EXP 	text_2: autoDraw = False
249.7046 	EXP 	surround_grating: ori = 0.0
249.7046 	EXP 	surround_grating: sf = array([2.5, 2.5])
249.7046 	EXP 	surround_grating: phase = array([0.2391881, 0.2391881])
249.7046 	EXP 	center_grating: ori = -1.0
249.7046 	EXP 	center_grating: sf = array([2.5, 2.5])
249.7046 	EXP 	center_grating: phase = array([0.94571079, 0.94571079])
250.1910 	EXP 	surround_grating: autoDraw = True
250.1910 	EXP 	center_grating: autoDraw = True
250.2634 	EXP 	surround_grating: autoDraw = False
250.2634 	EXP 	center_grating: autoDraw = False
250.8168 	EXP 	New trial (rep=0, index=100): <Trial 100 (100 in rep 0) data={'center': 0, 'surround': 15.0, 'type': 'c+0', 'surr_type': 'poss', 'surr_opacity': 100, 'thisN': 100, 'thisTrialN': 100, 'thisRepN': 0}>
250.8267 	INFO 	Keyboard events cleared
250.8263 	EXP 	surround_grating: autoDraw = False
250.8263 	EXP 	center_grating: autoDraw = False
250.8263 	EXP 	text_2: autoDraw = False
250.8263 	EXP 	surround_grating: ori = 15.0
250.8263 	EXP 	surround_grating: sf = array([2.5, 2.5])
250.8263 	EXP 	surround_grating: phase = array([0.86894616, 0.86894616])
250.8263 	EXP 	center_grating: ori = 0.0
250.8263 	EXP 	center_grating: sf = array([2.5, 2.5])
250.8263 	EXP 	center_grating: phase = array([0.39011691, 0.39011691])
251.3165 	EXP 	surround_grating: autoDraw = True
251.3165 	EXP 	center_grating: autoDraw = True
251.3919 	EXP 	surround_grating: autoDraw = False
251.3919 	EXP 	center_grating: autoDraw = False
251.9753 	INFO 	Keyboard events cleared
251.9747 	EXP 	surround_grating: autoDraw = False
251.9747 	EXP 	center_grating: autoDraw = False
251.9747 	EXP 	text_2: autoDraw = True
313.3131 	EXP 	New trial (rep=0, index=101): <Trial 101 (101 in rep 0) data={'center': 2, 'surround': 15.0, 'type': 'c+2', 'surr_type': 'poss', 'surr_opacity': 100, 'thisN': 101, 'thisTrialN': 101, 'thisRepN': 0}>
313.3241 	INFO 	Keyboard events cleared
313.3236 	EXP 	text_2: autoDraw = False
313.3236 	EXP 	surround_grating: ori = 15.0
313.3236 	EXP 	surround_grating: sf = array([2.5, 2.5])
313.3236 	EXP 	surround_grating: phase = array([0.15377529, 0.15377529])
313.3236 	EXP 	center_grating: ori = 2.0
313.3236 	EXP 	center_grating: sf = array([2.5, 2.5])
313.3236 	EXP 	center_grating: phase = array([0.78514103, 0.78514103])
313.8100 	EXP 	surround_grating: autoDraw = True
313.8100 	EXP 	center_grating: autoDraw = True
313.8831 	EXP 	surround_grating: autoDraw = False
313.8831 	EXP 	center_grating: autoDraw = False
314.7351 	EXP 	New trial (rep=0, index=102): <Trial 102 (102 in rep 0) data={'center': -1, 'surround': 0.0, 'type': 'c-1', 'surr_type': 'noss', 'surr_opacity': 0, 'thisN': 102, 'thisTrialN': 102, 'thisRepN': 0}>
314.7607 	INFO 	Keyboard events cleared
314.7602 	EXP 	surround_grating: autoDraw = False
314.7602 	EXP 	center_grating: autoDraw = False
314.7602 	EXP 	text_2: autoDraw = False
314.7602 	EXP 	surround_grating: ori = 0.0
314.7602 	EXP 	surround_grating: sf = array([2.5, 2.5])
314.7602 	EXP 	surround_grating: phase = array([0.38560333, 0.38560333])
314.7602 	EXP 	center_grating: ori = -1.0
314.7602 	EXP 	center_grating: sf = array([2.5, 2.5])
314.7602 	EXP 	center_grating: phase = array([0.22894735, 0.22894735])
315.2357 	EXP 	surround_grating: autoDraw = True
315.2357 	EXP 	center_grating: autoDraw = True
315.3106 	EXP 	surround_grating: autoDraw = False
315.3106 	EXP 	center_grating: autoDraw = False
315.9531 	EXP 	New trial (rep=0, index=103): <Trial 103 (103 in rep 0) data={'center': -1, 'surround': 0.0, 'type': 'c-1', 'surr_type': 'noss', 'surr_opacity': 0, 'thisN': 103, 'thisTrialN': 103, 'thisRepN': 0}>
315.9633 	INFO 	Keyboard events cleared
315.9628 	EXP 	surround_grating: autoDraw = False
315.9628 	EXP 	center_grating: autoDraw = False
315.9628 	EXP 	text_2: autoDraw = False
315.9628 	EXP 	surround_grating: ori = 0.0
315.9628 	EXP 	surround_grating: sf = array([2.5, 2.5])
315.9628 	EXP 	surround_grating: phase = array([0.58983864, 0.58983864])
315.9628 	EXP 	center_grating: ori = -1.0
315.9628 	EXP 	center_grating: sf = array([2.5, 2.5])
315.9628 	EXP 	center_grating: phase = array([0.85146092, 0.85146092])
316.4527 	EXP 	surround_grating: autoDraw = True
316.4527 	EXP 	center_grating: autoDraw = True
316.5272 	EXP 	surround_grating: autoDraw = False
316.5272 	EXP 	center_grating: autoDraw = False
317.0565 	EXP 	New trial (rep=0, index=104): <Trial 104 (104 in rep 0) data={'center': 8, 'surround': 15.0, 'type': 'c+8', 'surr_type': 'poss', 'surr_opacity': 100, 'thisN': 104, 'thisTrialN': 104, 'thisRepN': 0}>
317.0634 	INFO 	Keyboard events cleared
317.0630 	EXP 	surround_grating: autoDraw = False
317.0630 	EXP 	center_grating: autoDraw = False
317.0630 	EXP 	text_2: autoDraw = False
317.0630 	EXP 	surround_grating: ori = 15.0
317.0630 	EXP 	surround_grating: sf = array([2.5, 2.5])
317.0630 	EXP 	surround_grating: phase = array([0.52142875, 0.52142875])
317.0630 	EXP 	center_grating: ori = 8.0
317.0630 	EXP 	center_grating: sf = array([2.5, 2.5])
317.0630 	EXP 	center_grating: phase = array([0.04938491, 0.04938491])
317.5523 	EXP 	surround_grating: autoDraw = True
317.5523 	EXP 	center_grating: autoDraw = True
317.6271 	EXP 	surround_grating: autoDraw = False
317.6271 	EXP 	center_grating: autoDraw = False
318.0139 	EXP 	New trial (rep=0, index=105): <Trial 105 (105 in rep 0) data={'center': 4, 'surround': 15.0, 'type': 'c+4', 'surr_type': 'poss', 'surr_opacity': 100, 'thisN': 105, 'thisTrialN': 105, 'thisRepN': 0}>
318.0245 	INFO 	Keyboard events cleared
318.0241 	EXP 	surround_grating: autoDraw = False
318.0241 	EXP 	center_grating: autoDraw = False
318.0241 	EXP 	text_2: autoDraw = False
318.0241 	EXP 	surround_grating: ori = 15.0
318.0241 	EXP 	surround_grating: sf = array([2.5, 2.5])
318.0241 	EXP 	surround_grating: phase = array([0.81801192, 0.81801192])
318.0241 	EXP 	center_grating: ori = 4.0
318.0241 	EXP 	center_grating: sf = array([2.5, 2.5])
318.0241 	EXP 	center_grating: phase = array([0.90096626, 0.90096626])
318.5104 	EXP 	surround_grating: autoDraw = True
318.5104 	EXP 	center_grating: autoDraw = True
318.5826 	EXP 	surround_grating: autoDraw = False
318.5826 	EXP 	center_grating: autoDraw = False
318.8984 	EXP 	New trial (rep=0, index=106): <Trial 106 (106 in rep 0) data={'center': -2, 'surround': 15.0, 'type': 'c-2', 'surr_type': 'poss', 'surr_opacity': 100, 'thisN': 106, 'thisTrialN': 106, 'thisRepN': 0}>
318.9097 	INFO 	Keyboard events cleared
318.9092 	EXP 	surround_grating: autoDraw = False
318.9092 	EXP 	center_grating: autoDraw = False
318.9092 	EXP 	text_2: autoDraw = False
318.9092 	EXP 	surround_grating: ori = 15.0
318.9092 	EXP 	surround_grating: sf = array([2.5, 2.5])
318.9092 	EXP 	surround_grating: phase = array([0.0178832, 0.0178832])
318.9092 	EXP 	center_grating: ori = -2.0
318.9092 	EXP 	center_grating: sf = array([2.5, 2.5])
318.9092 	EXP 	center_grating: phase = array([0.78553683, 0.78553683])
319.3936 	EXP 	surround_grating: autoDraw = True
319.3936 	EXP 	center_grating: autoDraw = True
319.4661 	EXP 	surround_grating: autoDraw = False
319.4661 	EXP 	center_grating: autoDraw = False
319.7810 	EXP 	New trial (rep=0, index=107): <Trial 107 (107 in rep 0) data={'center': 8, 'surround': 15.0, 'type': 'c+8', 'surr_type': 'poss', 'surr_opacity': 100, 'thisN': 107, 'thisTrialN': 107, 'thisRepN': 0}>
319.7914 	INFO 	Keyboard events cleared
319.7910 	EXP 	surround_grating: autoDraw = False
319.7910 	EXP 	center_grating: autoDraw = False
319.7910 	EXP 	text_2: autoDraw = False
319.7910 	EXP 	surround_grating: ori = 15.0
319.7910 	EXP 	surround_grating: sf = array([2.5, 2.5])
319.7910 	EXP 	surround_grating: phase = array([0.34771536, 0.34771536])
319.7910 	EXP 	center_grating: ori = 8.0
319.7910 	EXP 	center_grating: sf = array([2.5, 2.5])
319.7910 	EXP 	center_grating: phase = array([0.98020531, 0.98020531])
320.2770 	EXP 	surround_grating: autoDraw = True
320.2770 	EXP 	center_grating: autoDraw = True
320.3509 	EXP 	surround_grating: autoDraw = False
320.3509 	EXP 	center_grating: autoDraw = False
320.8801 	EXP 	New trial (rep=0, index=108): <Trial 108 (108 in rep 0) data={'center': -2, 'surround': 0.0, 'type': 'c-2', 'surr_type': 'noss', 'surr_opacity': 0, 'thisN': 108, 'thisTrialN': 108, 'thisRepN': 0}>
320.8902 	INFO 	Keyboard events cleared
320.8898 	EXP 	surround_grating: autoDraw = False
320.8898 	EXP 	center_grating: autoDraw = False
320.8898 	EXP 	text_2: autoDraw = False
320.8898 	EXP 	surround_grating: ori = 0.0
320.8898 	EXP 	surround_grating: sf = array([2.5, 2.5])
320.8898 	EXP 	surround_grating: phase = array([0.30010131, 0.30010131])
320.8898 	EXP 	center_grating: ori = -2.0
320.8898 	EXP 	center_grating: sf = array([2.5, 2.5])
320.8898 	EXP 	center_grating: phase = array([0.80069363, 0.80069363])
321.3769 	EXP 	surround_grating: autoDraw = True
321.3769 	EXP 	center_grating: autoDraw = True
321.4500 	EXP 	surround_grating: autoDraw = False
321.4500 	EXP 	center_grating: autoDraw = False
322.1315 	EXP 	New trial (rep=0, index=109): <Trial 109 (109 in rep 0) data={'center': 2, 'surround': 0.0, 'type': 'c+2', 'surr_type': 'noss', 'surr_opacity': 0, 'thisN': 109, 'thisTrialN': 109, 'thisRepN': 0}>
322.1422 	INFO 	Keyboard events cleared
322.1417 	EXP 	surround_grating: autoDraw = False
322.1417 	EXP 	center_grating: autoDraw = False
322.1417 	EXP 	text_2: autoDraw = False
322.1417 	EXP 	surround_grating: ori = 0.0
322.1417 	EXP 	surround_grating: sf = array([2.5, 2.5])
322.1417 	EXP 	surround_grating: phase = array([0.29053759, 0.29053759])
322.1417 	EXP 	center_grating: ori = 2.0
322.1417 	EXP 	center_grating: sf = array([2.5, 2.5])
322.1417 	EXP 	center_grating: phase = array([0.86372295, 0.86372295])
322.6271 	EXP 	surround_grating: autoDraw = True
322.6271 	EXP 	center_grating: autoDraw = True
322.6991 	EXP 	surround_grating: autoDraw = False
322.6991 	EXP 	center_grating: autoDraw = False
323.1306 	EXP 	New trial (rep=0, index=110): <Trial 110 (110 in rep 0) data={'center': -2, 'surround': -15.0, 'type': 'c-2', 'surr_type': 'negs', 'surr_opacity': 100, 'thisN': 110, 'thisTrialN': 110, 'thisRepN': 0}>
323.1412 	INFO 	Keyboard events cleared
323.1407 	EXP 	surround_grating: autoDraw = False
323.1407 	EXP 	center_grating: autoDraw = False
323.1407 	EXP 	text_2: autoDraw = False
323.1407 	EXP 	surround_grating: ori = -15.0
323.1407 	EXP 	surround_grating: sf = array([2.5, 2.5])
323.1407 	EXP 	surround_grating: phase = array([0.03289371, 0.03289371])
323.1407 	EXP 	center_grating: ori = -2.0
323.1407 	EXP 	center_grating: sf = array([2.5, 2.5])
323.1407 	EXP 	center_grating: phase = array([0.89875496, 0.89875496])
323.6271 	EXP 	surround_grating: autoDraw = True
323.6271 	EXP 	center_grating: autoDraw = True
323.6991 	EXP 	surround_grating: autoDraw = False
323.6991 	EXP 	center_grating: autoDraw = False
324.3138 	EXP 	New trial (rep=0, index=111): <Trial 111 (111 in rep 0) data={'center': 4, 'surround': 15.0, 'type': 'c+4', 'surr_type': 'poss', 'surr_opacity': 100, 'thisN': 111, 'thisTrialN': 111, 'thisRepN': 0}>
324.3248 	INFO 	Keyboard events cleared
324.3244 	EXP 	surround_grating: autoDraw = False
324.3244 	EXP 	center_grating: autoDraw = False
324.3244 	EXP 	text_2: autoDraw = False
324.3244 	EXP 	surround_grating: ori = 15.0
324.3244 	EXP 	surround_grating: sf = array([2.5, 2.5])
324.3244 	EXP 	surround_grating: phase = array([0.74410261, 0.74410261])
324.3244 	EXP 	center_grating: ori = 4.0
324.3244 	EXP 	center_grating: sf = array([2.5, 2.5])
324.3244 	EXP 	center_grating: phase = array([0.81216772, 0.81216772])
324.8105 	EXP 	surround_grating: autoDraw = True
324.8105 	EXP 	center_grating: autoDraw = True
324.8825 	EXP 	surround_grating: autoDraw = False
324.8825 	EXP 	center_grating: autoDraw = False
325.2641 	EXP 	New trial (rep=0, index=112): <Trial 112 (112 in rep 0) data={'center': -4, 'surround': 0.0, 'type': 'c-4', 'surr_type': 'noss', 'surr_opacity': 0, 'thisN': 112, 'thisTrialN': 112, 'thisRepN': 0}>
325.2746 	INFO 	Keyboard events cleared
325.2741 	EXP 	surround_grating: autoDraw = False
325.2741 	EXP 	center_grating: autoDraw = False
325.2741 	EXP 	text_2: autoDraw = False
325.2741 	EXP 	surround_grating: ori = 0.0
325.2741 	EXP 	surround_grating: sf = array([2.5, 2.5])
325.2741 	EXP 	surround_grating: phase = array([0.56807685, 0.56807685])
325.2741 	EXP 	center_grating: ori = -4.0
325.2741 	EXP 	center_grating: sf = array([2.5, 2.5])
325.2741 	EXP 	center_grating: phase = array([0.76570544, 0.76570544])
325.7604 	EXP 	surround_grating: autoDraw = True
325.7604 	EXP 	center_grating: autoDraw = True
325.8334 	EXP 	surround_grating: autoDraw = False
325.8334 	EXP 	center_grating: autoDraw = False
326.2806 	EXP 	New trial (rep=0, index=113): <Trial 113 (113 in rep 0) data={'center': 4, 'surround': 15.0, 'type': 'c+4', 'surr_type': 'poss', 'surr_opacity': 100, 'thisN': 113, 'thisTrialN': 113, 'thisRepN': 0}>
326.2911 	INFO 	Keyboard events cleared
326.2905 	EXP 	surround_grating: autoDraw = False
326.2905 	EXP 	center_grating: autoDraw = False
326.2905 	EXP 	text_2: autoDraw = False
326.2905 	EXP 	surround_grating: ori = 15.0
326.2905 	EXP 	surround_grating: sf = array([2.5, 2.5])
326.2905 	EXP 	surround_grating: phase = array([0.88986414, 0.88986414])
326.2905 	EXP 	center_grating: ori = 4.0
326.2905 	EXP 	center_grating: sf = array([2.5, 2.5])
326.2905 	EXP 	center_grating: phase = array([0.18477591, 0.18477591])
326.7772 	EXP 	surround_grating: autoDraw = True
326.7772 	EXP 	center_grating: autoDraw = True
326.8501 	EXP 	surround_grating: autoDraw = False
326.8501 	EXP 	center_grating: autoDraw = False
327.4031 	EXP 	New trial (rep=0, index=114): <Trial 114 (114 in rep 0) data={'center': 4, 'surround': 15.0, 'type': 'c+4', 'surr_type': 'poss', 'surr_opacity': 100, 'thisN': 114, 'thisTrialN': 114, 'thisRepN': 0}>
327.4134 	INFO 	Keyboard events cleared
327.4129 	EXP 	surround_grating: autoDraw = False
327.4129 	EXP 	center_grating: autoDraw = False
327.4129 	EXP 	text_2: autoDraw = False
327.4129 	EXP 	surround_grating: ori = 15.0
327.4129 	EXP 	surround_grating: sf = array([2.5, 2.5])
327.4129 	EXP 	surround_grating: phase = array([0.55084044, 0.55084044])
327.4129 	EXP 	center_grating: ori = 4.0
327.4129 	EXP 	center_grating: sf = array([2.5, 2.5])
327.4129 	EXP 	center_grating: phase = array([0.241868, 0.241868])
327.9026 	EXP 	surround_grating: autoDraw = True
327.9026 	EXP 	center_grating: autoDraw = True
327.9776 	EXP 	surround_grating: autoDraw = False
327.9776 	EXP 	center_grating: autoDraw = False
328.4636 	EXP 	New trial (rep=0, index=115): <Trial 115 (115 in rep 0) data={'center': -2, 'surround': -15.0, 'type': 'c-2', 'surr_type': 'negs', 'surr_opacity': 100, 'thisN': 115, 'thisTrialN': 115, 'thisRepN': 0}>
328.4735 	INFO 	Keyboard events cleared
328.4730 	EXP 	surround_grating: autoDraw = False
328.4730 	EXP 	center_grating: autoDraw = False
328.4730 	EXP 	text_2: autoDraw = False
328.4730 	EXP 	surround_grating: ori = -15.0
328.4730 	EXP 	surround_grating: sf = array([2.5, 2.5])
328.4730 	EXP 	surround_grating: phase = array([0.12718607, 0.12718607])
328.4730 	EXP 	center_grating: ori = -2.0
328.4730 	EXP 	center_grating: sf = array([2.5, 2.5])
328.4730 	EXP 	center_grating: phase = array([0.78759782, 0.78759782])
328.9605 	EXP 	surround_grating: autoDraw = True
328.9605 	EXP 	center_grating: autoDraw = True
329.0335 	EXP 	surround_grating: autoDraw = False
329.0335 	EXP 	center_grating: autoDraw = False
329.5062 	EXP 	New trial (rep=0, index=116): <Trial 116 (116 in rep 0) data={'center': 0, 'surround': -15.0, 'type': 'c+0', 'surr_type': 'negs', 'surr_opacity': 100, 'thisN': 116, 'thisTrialN': 116, 'thisRepN': 0}>
329.5139 	INFO 	Keyboard events cleared
329.5135 	EXP 	surround_grating: autoDraw = False
329.5135 	EXP 	center_grating: autoDraw = False
329.5135 	EXP 	text_2: autoDraw = False
329.5135 	EXP 	surround_grating: ori = -15.0
329.5135 	EXP 	surround_grating: sf = array([2.5, 2.5])
329.5135 	EXP 	surround_grating: phase = array([0.12911345, 0.12911345])
329.5135 	EXP 	center_grating: ori = 0.0
329.5135 	EXP 	center_grating: sf = array([2.5, 2.5])
329.5135 	EXP 	center_grating: phase = array([0.57035206, 0.57035206])
330.0026 	EXP 	surround_grating: autoDraw = True
330.0026 	EXP 	center_grating: autoDraw = True
330.0781 	EXP 	surround_grating: autoDraw = False
330.0781 	EXP 	center_grating: autoDraw = False
330.5564 	EXP 	New trial (rep=0, index=117): <Trial 117 (117 in rep 0) data={'center': -8, 'surround': -15.0, 'type': 'c-8', 'surr_type': 'negs', 'surr_opacity': 100, 'thisN': 117, 'thisTrialN': 117, 'thisRepN': 0}>
330.5635 	INFO 	Keyboard events cleared
330.5631 	EXP 	surround_grating: autoDraw = False
330.5631 	EXP 	center_grating: autoDraw = False
330.5631 	EXP 	text_2: autoDraw = False
330.5631 	EXP 	surround_grating: ori = -15.0
330.5631 	EXP 	surround_grating: sf = array([2.5, 2.5])
330.5631 	EXP 	surround_grating: phase = array([0.56521984, 0.56521984])
330.5631 	EXP 	center_grating: ori = -8.0
330.5631 	EXP 	center_grating: sf = array([2.5, 2.5])
330.5631 	EXP 	center_grating: phase = array([0.57011358, 0.57011358])
331.0529 	EXP 	surround_grating: autoDraw = True
331.0529 	EXP 	center_grating: autoDraw = True
331.1280 	EXP 	surround_grating: autoDraw = False
331.1280 	EXP 	center_grating: autoDraw = False
331.5190 	EXP 	New trial (rep=0, index=118): <Trial 118 (118 in rep 0) data={'center': 2, 'surround': 0.0, 'type': 'c+2', 'surr_type': 'noss', 'surr_opacity': 0, 'thisN': 118, 'thisTrialN': 118, 'thisRepN': 0}>
331.5448 	INFO 	Keyboard events cleared
331.5443 	EXP 	surround_grating: autoDraw = False
331.5443 	EXP 	center_grating: autoDraw = False
331.5443 	EXP 	text_2: autoDraw = False
331.5443 	EXP 	surround_grating: ori = 0.0
331.5443 	EXP 	surround_grating: sf = array([2.5, 2.5])
331.5443 	EXP 	surround_grating: phase = array([0.13237694, 0.13237694])
331.5443 	EXP 	center_grating: ori = 2.0
331.5443 	EXP 	center_grating: sf = array([2.5, 2.5])
331.5443 	EXP 	center_grating: phase = array([0.6950115, 0.6950115])
332.0191 	EXP 	surround_grating: autoDraw = True
332.0191 	EXP 	center_grating: autoDraw = True
332.0946 	EXP 	surround_grating: autoDraw = False
332.0946 	EXP 	center_grating: autoDraw = False
332.3981 	EXP 	New trial (rep=0, index=119): <Trial 119 (119 in rep 0) data={'center': 6, 'surround': 15.0, 'type': 'c+6', 'surr_type': 'poss', 'surr_opacity': 100, 'thisN': 119, 'thisTrialN': 119, 'thisRepN': 0}>
332.4084 	INFO 	Keyboard events cleared
332.4079 	EXP 	surround_grating: autoDraw = False
332.4079 	EXP 	center_grating: autoDraw = False
332.4079 	EXP 	text_2: autoDraw = False
332.4079 	EXP 	surround_grating: ori = 15.0
332.4079 	EXP 	surround_grating: sf = array([2.5, 2.5])
332.4079 	EXP 	surround_grating: phase = array([0.67772191, 0.67772191])
332.4079 	EXP 	center_grating: ori = 6.0
332.4079 	EXP 	center_grating: sf = array([2.5, 2.5])
332.4079 	EXP 	center_grating: phase = array([0.10593675, 0.10593675])
332.8941 	EXP 	surround_grating: autoDraw = True
332.8941 	EXP 	center_grating: autoDraw = True
332.9663 	EXP 	surround_grating: autoDraw = False
332.9663 	EXP 	center_grating: autoDraw = False
333.3308 	EXP 	New trial (rep=0, index=120): <Trial 120 (120 in rep 0) data={'center': 0, 'surround': -15.0, 'type': 'c+0', 'surr_type': 'negs', 'surr_opacity': 100, 'thisN': 120, 'thisTrialN': 120, 'thisRepN': 0}>
333.3410 	INFO 	Keyboard events cleared
333.3405 	EXP 	surround_grating: autoDraw = False
333.3405 	EXP 	center_grating: autoDraw = False
333.3405 	EXP 	text_2: autoDraw = False
333.3405 	EXP 	surround_grating: ori = -15.0
333.3405 	EXP 	surround_grating: sf = array([2.5, 2.5])
333.3405 	EXP 	surround_grating: phase = array([0.90301459, 0.90301459])
333.3405 	EXP 	center_grating: ori = 0.0
333.3405 	EXP 	center_grating: sf = array([2.5, 2.5])
333.3405 	EXP 	center_grating: phase = array([0.51256574, 0.51256574])
333.8274 	EXP 	surround_grating: autoDraw = True
333.8274 	EXP 	center_grating: autoDraw = True
333.9005 	EXP 	surround_grating: autoDraw = False
333.9005 	EXP 	center_grating: autoDraw = False
334.3523 	EXP 	New trial (rep=0, index=121): <Trial 121 (121 in rep 0) data={'center': 6, 'surround': 15.0, 'type': 'c+6', 'surr_type': 'poss', 'surr_opacity': 100, 'thisN': 121, 'thisTrialN': 121, 'thisRepN': 0}>
334.3781 	INFO 	Keyboard events cleared
334.3776 	EXP 	surround_grating: autoDraw = False
334.3776 	EXP 	center_grating: autoDraw = False
334.3776 	EXP 	text_2: autoDraw = False
334.3776 	EXP 	surround_grating: ori = 15.0
334.3776 	EXP 	surround_grating: sf = array([2.5, 2.5])
334.3776 	EXP 	surround_grating: phase = array([0.23872858, 0.23872858])
334.3776 	EXP 	center_grating: ori = 6.0
334.3776 	EXP 	center_grating: sf = array([2.5, 2.5])
334.3776 	EXP 	center_grating: phase = array([0.17274841, 0.17274841])
334.8533 	EXP 	surround_grating: autoDraw = True
334.8533 	EXP 	center_grating: autoDraw = True
334.9278 	EXP 	surround_grating: autoDraw = False
334.9278 	EXP 	center_grating: autoDraw = False
335.2367 	EXP 	New trial (rep=0, index=122): <Trial 122 (122 in rep 0) data={'center': -6, 'surround': -15.0, 'type': 'c-6', 'surr_type': 'negs', 'surr_opacity': 100, 'thisN': 122, 'thisTrialN': 122, 'thisRepN': 0}>
335.2470 	INFO 	Keyboard events cleared
335.2465 	EXP 	surround_grating: autoDraw = False
335.2465 	EXP 	center_grating: autoDraw = False
335.2465 	EXP 	text_2: autoDraw = False
335.2465 	EXP 	surround_grating: ori = -15.0
335.2465 	EXP 	surround_grating: sf = array([2.5, 2.5])
335.2465 	EXP 	surround_grating: phase = array([0.90949522, 0.90949522])
335.2465 	EXP 	center_grating: ori = -6.0
335.2465 	EXP 	center_grating: sf = array([2.5, 2.5])
335.2465 	EXP 	center_grating: phase = array([0.40763933, 0.40763933])
335.7375 	EXP 	surround_grating: autoDraw = True
335.7375 	EXP 	center_grating: autoDraw = True
335.8116 	EXP 	surround_grating: autoDraw = False
335.8116 	EXP 	center_grating: autoDraw = False
336.2321 	EXP 	New trial (rep=0, index=123): <Trial 123 (123 in rep 0) data={'center': 4, 'surround': 15.0, 'type': 'c+4', 'surr_type': 'poss', 'surr_opacity': 100, 'thisN': 123, 'thisTrialN': 123, 'thisRepN': 0}>
336.2422 	INFO 	Keyboard events cleared
336.2417 	EXP 	surround_grating: autoDraw = False
336.2417 	EXP 	center_grating: autoDraw = False
336.2417 	EXP 	text_2: autoDraw = False
336.2417 	EXP 	surround_grating: ori = 15.0
336.2417 	EXP 	surround_grating: sf = array([2.5, 2.5])
336.2417 	EXP 	surround_grating: phase = array([0.69539498, 0.69539498])
336.2417 	EXP 	center_grating: ori = 4.0
336.2417 	EXP 	center_grating: sf = array([2.5, 2.5])
336.2417 	EXP 	center_grating: phase = array([0.56030499, 0.56030499])
336.7276 	EXP 	surround_grating: autoDraw = True
336.7276 	EXP 	center_grating: autoDraw = True
336.7997 	EXP 	surround_grating: autoDraw = False
336.7997 	EXP 	center_grating: autoDraw = False
337.2474 	EXP 	New trial (rep=0, index=124): <Trial 124 (124 in rep 0) data={'center': -4, 'surround': 0.0, 'type': 'c-4', 'surr_type': 'noss', 'surr_opacity': 0, 'thisN': 124, 'thisTrialN': 124, 'thisRepN': 0}>
337.2573 	INFO 	Keyboard events cleared
337.2568 	EXP 	surround_grating: autoDraw = False
337.2568 	EXP 	center_grating: autoDraw = False
337.2568 	EXP 	text_2: autoDraw = False
337.2568 	EXP 	surround_grating: ori = 0.0
337.2568 	EXP 	surround_grating: sf = array([2.5, 2.5])
337.2568 	EXP 	surround_grating: phase = array([0.59082996, 0.59082996])
337.2568 	EXP 	center_grating: ori = -4.0
337.2568 	EXP 	center_grating: sf = array([2.5, 2.5])
337.2568 	EXP 	center_grating: phase = array([0.75723678, 0.75723678])
337.7444 	EXP 	surround_grating: autoDraw = True
337.7444 	EXP 	center_grating: autoDraw = True
337.8167 	EXP 	surround_grating: autoDraw = False
337.8167 	EXP 	center_grating: autoDraw = False
338.2190 	EXP 	New trial (rep=0, index=125): <Trial 125 (125 in rep 0) data={'center': -2, 'surround': -15.0, 'type': 'c-2', 'surr_type': 'negs', 'surr_opacity': 100, 'thisN': 125, 'thisTrialN': 125, 'thisRepN': 0}>
338.2290 	INFO 	Keyboard events cleared
338.2285 	EXP 	surround_grating: autoDraw = False
338.2285 	EXP 	center_grating: autoDraw = False
338.2285 	EXP 	text_2: autoDraw = False
338.2285 	EXP 	surround_grating: ori = -15.0
338.2285 	EXP 	surround_grating: sf = array([2.5, 2.5])
338.2285 	EXP 	surround_grating: phase = array([0.48659812, 0.48659812])
338.2285 	EXP 	center_grating: ori = -2.0
338.2285 	EXP 	center_grating: sf = array([2.5, 2.5])
338.2285 	EXP 	center_grating: phase = array([0.3018557, 0.3018557])
338.7198 	EXP 	surround_grating: autoDraw = True
338.7198 	EXP 	center_grating: autoDraw = True
338.7948 	EXP 	surround_grating: autoDraw = False
338.7948 	EXP 	center_grating: autoDraw = False
339.3476 	EXP 	New trial (rep=0, index=126): <Trial 126 (126 in rep 0) data={'center': 6, 'surround': 15.0, 'type': 'c+6', 'surr_type': 'poss', 'surr_opacity': 100, 'thisN': 126, 'thisTrialN': 126, 'thisRepN': 0}>
339.3574 	INFO 	Keyboard events cleared
339.3570 	EXP 	surround_grating: autoDraw = False
339.3570 	EXP 	center_grating: autoDraw = False
339.3570 	EXP 	text_2: autoDraw = False
339.3570 	EXP 	surround_grating: ori = 15.0
339.3570 	EXP 	surround_grating: sf = array([2.5, 2.5])
339.3570 	EXP 	surround_grating: phase = array([0.29202858, 0.29202858])
339.3570 	EXP 	center_grating: ori = 6.0
339.3570 	EXP 	center_grating: sf = array([2.5, 2.5])
339.3570 	EXP 	center_grating: phase = array([0.93163127, 0.93163127])
339.8444 	EXP 	surround_grating: autoDraw = True
339.8444 	EXP 	center_grating: autoDraw = True
339.9169 	EXP 	surround_grating: autoDraw = False
339.9169 	EXP 	center_grating: autoDraw = False
340.2472 	EXP 	New trial (rep=0, index=127): <Trial 127 (127 in rep 0) data={'center': -1, 'surround': 0.0, 'type': 'c-1', 'surr_type': 'noss', 'surr_opacity': 0, 'thisN': 127, 'thisTrialN': 127, 'thisRepN': 0}>
340.2576 	INFO 	Keyboard events cleared
340.2571 	EXP 	surround_grating: autoDraw = False
340.2571 	EXP 	center_grating: autoDraw = False
340.2571 	EXP 	text_2: autoDraw = False
340.2571 	EXP 	surround_grating: ori = 0.0
340.2571 	EXP 	surround_grating: sf = array([2.5, 2.5])
340.2571 	EXP 	surround_grating: phase = array([0.07283231, 0.07283231])
340.2571 	EXP 	center_grating: ori = -1.0
340.2571 	EXP 	center_grating: sf = array([2.5, 2.5])
340.2571 	EXP 	center_grating: phase = array([0.8693564, 0.8693564])
340.7445 	EXP 	surround_grating: autoDraw = True
340.7445 	EXP 	center_grating: autoDraw = True
340.8174 	EXP 	surround_grating: autoDraw = False
340.8174 	EXP 	center_grating: autoDraw = False
341.4973 	EXP 	New trial (rep=0, index=128): <Trial 128 (128 in rep 0) data={'center': 0, 'surround': -15.0, 'type': 'c+0', 'surr_type': 'negs', 'surr_opacity': 100, 'thisN': 128, 'thisTrialN': 128, 'thisRepN': 0}>
341.5073 	INFO 	Keyboard events cleared
341.5068 	EXP 	surround_grating: autoDraw = False
341.5068 	EXP 	center_grating: autoDraw = False
341.5068 	EXP 	text_2: autoDraw = False
341.5068 	EXP 	surround_grating: ori = -15.0
341.5068 	EXP 	surround_grating: sf = array([2.5, 2.5])
341.5068 	EXP 	surround_grating: phase = array([0.7029218, 0.7029218])
341.5068 	EXP 	center_grating: ori = 0.0
341.5068 	EXP 	center_grating: sf = array([2.5, 2.5])
341.5068 	EXP 	center_grating: phase = array([0.48011502, 0.48011502])
341.9943 	EXP 	surround_grating: autoDraw = True
341.9943 	EXP 	center_grating: autoDraw = True
342.0670 	EXP 	surround_grating: autoDraw = False
342.0670 	EXP 	center_grating: autoDraw = False
342.6139 	EXP 	New trial (rep=0, index=129): <Trial 129 (129 in rep 0) data={'center': -4, 'surround': 0.0, 'type': 'c-4', 'surr_type': 'noss', 'surr_opacity': 0, 'thisN': 129, 'thisTrialN': 129, 'thisRepN': 0}>
342.6244 	INFO 	Keyboard events cleared
342.6239 	EXP 	surround_grating: autoDraw = False
342.6239 	EXP 	center_grating: autoDraw = False
342.6239 	EXP 	text_2: autoDraw = False
342.6239 	EXP 	surround_grating: ori = 0.0
342.6239 	EXP 	surround_grating: sf = array([2.5, 2.5])
342.6239 	EXP 	surround_grating: phase = array([0.81701884, 0.81701884])
342.6239 	EXP 	center_grating: ori = -4.0
342.6239 	EXP 	center_grating: sf = array([2.5, 2.5])
342.6239 	EXP 	center_grating: phase = array([0.56699061, 0.56699061])
343.1111 	EXP 	surround_grating: autoDraw = True
343.1111 	EXP 	center_grating: autoDraw = True
343.1834 	EXP 	surround_grating: autoDraw = False
343.1834 	EXP 	center_grating: autoDraw = False
343.7207 	EXP 	New trial (rep=0, index=130): <Trial 130 (130 in rep 0) data={'center': -1, 'surround': 0.0, 'type': 'c-1', 'surr_type': 'noss', 'surr_opacity': 0, 'thisN': 130, 'thisTrialN': 130, 'thisRepN': 0}>
343.7313 	INFO 	Keyboard events cleared
343.7308 	EXP 	surround_grating: autoDraw = False
343.7308 	EXP 	center_grating: autoDraw = False
343.7308 	EXP 	text_2: autoDraw = False
343.7308 	EXP 	surround_grating: ori = 0.0
343.7308 	EXP 	surround_grating: sf = array([2.5, 2.5])
343.7308 	EXP 	surround_grating: phase = array([0.06964357, 0.06964357])
343.7308 	EXP 	center_grating: ori = -1.0
343.7308 	EXP 	center_grating: sf = array([2.5, 2.5])
343.7308 	EXP 	center_grating: phase = array([0.0160643, 0.0160643])
344.2205 	EXP 	surround_grating: autoDraw = True
344.2205 	EXP 	center_grating: autoDraw = True
344.2949 	EXP 	surround_grating: autoDraw = False
344.2949 	EXP 	center_grating: autoDraw = False
344.7641 	EXP 	New trial (rep=0, index=131): <Trial 131 (131 in rep 0) data={'center': 2, 'surround': 0.0, 'type': 'c+2', 'surr_type': 'noss', 'surr_opacity': 0, 'thisN': 131, 'thisTrialN': 131, 'thisRepN': 0}>
344.7741 	INFO 	Keyboard events cleared
344.7736 	EXP 	surround_grating: autoDraw = False
344.7736 	EXP 	center_grating: autoDraw = False
344.7736 	EXP 	text_2: autoDraw = False
344.7736 	EXP 	surround_grating: ori = 0.0
344.7736 	EXP 	surround_grating: sf = array([2.5, 2.5])
344.7736 	EXP 	surround_grating: phase = array([0.1063791, 0.1063791])
344.7736 	EXP 	center_grating: ori = 2.0
344.7736 	EXP 	center_grating: sf = array([2.5, 2.5])
344.7736 	EXP 	center_grating: phase = array([0.77481138, 0.77481138])
345.2612 	EXP 	surround_grating: autoDraw = True
345.2612 	EXP 	center_grating: autoDraw = True
345.3339 	EXP 	surround_grating: autoDraw = False
345.3339 	EXP 	center_grating: autoDraw = False
345.7314 	EXP 	New trial (rep=0, index=132): <Trial 132 (132 in rep 0) data={'center': 8, 'surround': 15.0, 'type': 'c+8', 'surr_type': 'poss', 'surr_opacity': 100, 'thisN': 132, 'thisTrialN': 132, 'thisRepN': 0}>
345.7419 	INFO 	Keyboard events cleared
345.7416 	EXP 	surround_grating: autoDraw = False
345.7416 	EXP 	center_grating: autoDraw = False
345.7416 	EXP 	text_2: autoDraw = False
345.7416 	EXP 	surround_grating: ori = 15.0
345.7416 	EXP 	surround_grating: sf = array([2.5, 2.5])
345.7416 	EXP 	surround_grating: phase = array([0.30542418, 0.30542418])
345.7416 	EXP 	center_grating: ori = 8.0
345.7416 	EXP 	center_grating: sf = array([2.5, 2.5])
345.7416 	EXP 	center_grating: phase = array([0.17178409, 0.17178409])
346.2279 	EXP 	surround_grating: autoDraw = True
346.2279 	EXP 	center_grating: autoDraw = True
346.3011 	EXP 	surround_grating: autoDraw = False
346.3011 	EXP 	center_grating: autoDraw = False
346.6041 	EXP 	New trial (rep=0, index=133): <Trial 133 (133 in rep 0) data={'center': 0, 'surround': 15.0, 'type': 'c+0', 'surr_type': 'poss', 'surr_opacity': 100, 'thisN': 133, 'thisTrialN': 133, 'thisRepN': 0}>
346.6145 	INFO 	Keyboard events cleared
346.6140 	EXP 	surround_grating: autoDraw = False
346.6140 	EXP 	center_grating: autoDraw = False
346.6140 	EXP 	text_2: autoDraw = False
346.6140 	EXP 	surround_grating: ori = 15.0
346.6140 	EXP 	surround_grating: sf = array([2.5, 2.5])
346.6140 	EXP 	surround_grating: phase = array([0.78811031, 0.78811031])
346.6140 	EXP 	center_grating: ori = 0.0
346.6140 	EXP 	center_grating: sf = array([2.5, 2.5])
346.6140 	EXP 	center_grating: phase = array([0.82434605, 0.82434605])
347.1039 	EXP 	surround_grating: autoDraw = True
347.1039 	EXP 	center_grating: autoDraw = True
347.1782 	EXP 	surround_grating: autoDraw = False
347.1782 	EXP 	center_grating: autoDraw = False
347.4316 	EXP 	New trial (rep=0, index=134): <Trial 134 (134 in rep 0) data={'center': 0, 'surround': 15.0, 'type': 'c+0', 'surr_type': 'poss', 'surr_opacity': 100, 'thisN': 134, 'thisTrialN': 134, 'thisRepN': 0}>
347.4419 	INFO 	Keyboard events cleared
347.4415 	EXP 	surround_grating: autoDraw = False
347.4415 	EXP 	center_grating: autoDraw = False
347.4415 	EXP 	text_2: autoDraw = False
347.4415 	EXP 	surround_grating: ori = 15.0
347.4415 	EXP 	surround_grating: sf = array([2.5, 2.5])
347.4415 	EXP 	surround_grating: phase = array([0.21861541, 0.21861541])
347.4415 	EXP 	center_grating: ori = 0.0
347.4415 	EXP 	center_grating: sf = array([2.5, 2.5])
347.4415 	EXP 	center_grating: phase = array([0.41407322, 0.41407322])
347.9280 	EXP 	surround_grating: autoDraw = True
347.9280 	EXP 	center_grating: autoDraw = True
348.0000 	EXP 	surround_grating: autoDraw = False
348.0000 	EXP 	center_grating: autoDraw = False
348.4122 	EXP 	New trial (rep=0, index=135): <Trial 135 (135 in rep 0) data={'center': -8, 'surround': -15.0, 'type': 'c-8', 'surr_type': 'negs', 'surr_opacity': 100, 'thisN': 135, 'thisTrialN': 135, 'thisRepN': 0}>
348.4194 	INFO 	Keyboard events cleared
348.4190 	EXP 	surround_grating: autoDraw = False
348.4190 	EXP 	center_grating: autoDraw = False
348.4190 	EXP 	text_2: autoDraw = False
348.4190 	EXP 	surround_grating: ori = -15.0
348.4190 	EXP 	surround_grating: sf = array([2.5, 2.5])
348.4190 	EXP 	surround_grating: phase = array([0.63148696, 0.63148696])
348.4190 	EXP 	center_grating: ori = -8.0
348.4190 	EXP 	center_grating: sf = array([2.5, 2.5])
348.4190 	EXP 	center_grating: phase = array([0.46812192, 0.46812192])
348.9037 	EXP 	surround_grating: autoDraw = True
348.9037 	EXP 	center_grating: autoDraw = True
348.9785 	EXP 	surround_grating: autoDraw = False
348.9785 	EXP 	center_grating: autoDraw = False
349.3574 	EXP 	New trial (rep=0, index=136): <Trial 136 (136 in rep 0) data={'center': 2, 'surround': -15.0, 'type': 'c+2', 'surr_type': 'negs', 'surr_opacity': 100, 'thisN': 136, 'thisTrialN': 136, 'thisRepN': 0}>
349.3644 	INFO 	Keyboard events cleared
349.3639 	EXP 	surround_grating: autoDraw = False
349.3639 	EXP 	center_grating: autoDraw = False
349.3639 	EXP 	text_2: autoDraw = False
349.3639 	EXP 	surround_grating: ori = -15.0
349.3639 	EXP 	surround_grating: sf = array([2.5, 2.5])
349.3639 	EXP 	surround_grating: phase = array([0.75520917, 0.75520917])
349.3639 	EXP 	center_grating: ori = 2.0
349.3639 	EXP 	center_grating: sf = array([2.5, 2.5])
349.3639 	EXP 	center_grating: phase = array([0.1403403, 0.1403403])
349.8543 	EXP 	surround_grating: autoDraw = True
349.8543 	EXP 	center_grating: autoDraw = True
349.9283 	EXP 	surround_grating: autoDraw = False
349.9283 	EXP 	center_grating: autoDraw = False
350.4361 	EXP 	New trial (rep=0, index=137): <Trial 137 (137 in rep 0) data={'center': 1, 'surround': 0.0, 'type': 'c+1', 'surr_type': 'noss', 'surr_opacity': 0, 'thisN': 137, 'thisTrialN': 137, 'thisRepN': 0}>
350.4461 	INFO 	Keyboard events cleared
350.4456 	EXP 	surround_grating: autoDraw = False
350.4456 	EXP 	center_grating: autoDraw = False
350.4456 	EXP 	text_2: autoDraw = False
350.4456 	EXP 	surround_grating: ori = 0.0
350.4456 	EXP 	surround_grating: sf = array([2.5, 2.5])
350.4456 	EXP 	surround_grating: phase = array([0.47505036, 0.47505036])
350.4456 	EXP 	center_grating: ori = 1.0
350.4456 	EXP 	center_grating: sf = array([2.5, 2.5])
350.4456 	EXP 	center_grating: phase = array([0.46445896, 0.46445896])
350.9371 	EXP 	surround_grating: autoDraw = True
350.9371 	EXP 	center_grating: autoDraw = True
351.0119 	EXP 	surround_grating: autoDraw = False
351.0119 	EXP 	center_grating: autoDraw = False
351.7295 	EXP 	New trial (rep=0, index=138): <Trial 138 (138 in rep 0) data={'center': -2, 'surround': 15.0, 'type': 'c-2', 'surr_type': 'poss', 'surr_opacity': 100, 'thisN': 138, 'thisTrialN': 138, 'thisRepN': 0}>
351.7372 	INFO 	Keyboard events cleared
351.7367 	EXP 	surround_grating: autoDraw = False
351.7367 	EXP 	center_grating: autoDraw = False
351.7367 	EXP 	text_2: autoDraw = False
351.7367 	EXP 	surround_grating: ori = 15.0
351.7367 	EXP 	surround_grating: sf = array([2.5, 2.5])
351.7367 	EXP 	surround_grating: phase = array([0.03174901, 0.03174901])
351.7367 	EXP 	center_grating: ori = -2.0
351.7367 	EXP 	center_grating: sf = array([2.5, 2.5])
351.7367 	EXP 	center_grating: phase = array([0.5765144, 0.5765144])
352.2208 	EXP 	surround_grating: autoDraw = True
352.2208 	EXP 	center_grating: autoDraw = True
352.2952 	EXP 	surround_grating: autoDraw = False
352.2952 	EXP 	center_grating: autoDraw = False
352.7499 	EXP 	New trial (rep=0, index=139): <Trial 139 (139 in rep 0) data={'center': 6, 'surround': 15.0, 'type': 'c+6', 'surr_type': 'poss', 'surr_opacity': 100, 'thisN': 139, 'thisTrialN': 139, 'thisRepN': 0}>
352.7605 	INFO 	Keyboard events cleared
352.7599 	EXP 	surround_grating: autoDraw = False
352.7599 	EXP 	center_grating: autoDraw = False
352.7599 	EXP 	text_2: autoDraw = False
352.7599 	EXP 	surround_grating: ori = 15.0
352.7599 	EXP 	surround_grating: sf = array([2.5, 2.5])
352.7599 	EXP 	surround_grating: phase = array([0.28650986, 0.28650986])
352.7599 	EXP 	center_grating: ori = 6.0
352.7599 	EXP 	center_grating: sf = array([2.5, 2.5])
352.7599 	EXP 	center_grating: phase = array([0.97280472, 0.97280472])
353.2447 	EXP 	surround_grating: autoDraw = True
353.2447 	EXP 	center_grating: autoDraw = True
353.3170 	EXP 	surround_grating: autoDraw = False
353.3170 	EXP 	center_grating: autoDraw = False
353.8146 	EXP 	New trial (rep=0, index=140): <Trial 140 (140 in rep 0) data={'center': -2, 'surround': 0.0, 'type': 'c-2', 'surr_type': 'noss', 'surr_opacity': 0, 'thisN': 140, 'thisTrialN': 140, 'thisRepN': 0}>
353.8247 	INFO 	Keyboard events cleared
353.8242 	EXP 	surround_grating: autoDraw = False
353.8242 	EXP 	center_grating: autoDraw = False
353.8242 	EXP 	text_2: autoDraw = False
353.8242 	EXP 	surround_grating: ori = 0.0
353.8242 	EXP 	surround_grating: sf = array([2.5, 2.5])
353.8242 	EXP 	surround_grating: phase = array([0.42231692, 0.42231692])
353.8242 	EXP 	center_grating: ori = -2.0
353.8242 	EXP 	center_grating: sf = array([2.5, 2.5])
353.8242 	EXP 	center_grating: phase = array([0.24251043, 0.24251043])
354.3114 	EXP 	surround_grating: autoDraw = True
354.3114 	EXP 	center_grating: autoDraw = True
354.3835 	EXP 	surround_grating: autoDraw = False
354.3835 	EXP 	center_grating: autoDraw = False
354.8984 	EXP 	New trial (rep=0, index=141): <Trial 141 (141 in rep 0) data={'center': 0, 'surround': -15.0, 'type': 'c+0', 'surr_type': 'negs', 'surr_opacity': 100, 'thisN': 141, 'thisTrialN': 141, 'thisRepN': 0}>
354.9086 	INFO 	Keyboard events cleared
354.9081 	EXP 	surround_grating: autoDraw = False
354.9081 	EXP 	center_grating: autoDraw = False
354.9081 	EXP 	text_2: autoDraw = False
354.9081 	EXP 	surround_grating: ori = -15.0
354.9081 	EXP 	surround_grating: sf = array([2.5, 2.5])
354.9081 	EXP 	surround_grating: phase = array([0.57762525, 0.57762525])
354.9081 	EXP 	center_grating: ori = 0.0
354.9081 	EXP 	center_grating: sf = array([2.5, 2.5])
354.9081 	EXP 	center_grating: phase = array([0.78251184, 0.78251184])
355.3949 	EXP 	surround_grating: autoDraw = True
355.3949 	EXP 	center_grating: autoDraw = True
355.4680 	EXP 	surround_grating: autoDraw = False
355.4680 	EXP 	center_grating: autoDraw = False
355.9152 	EXP 	New trial (rep=0, index=142): <Trial 142 (142 in rep 0) data={'center': 8, 'surround': 15.0, 'type': 'c+8', 'surr_type': 'poss', 'surr_opacity': 100, 'thisN': 142, 'thisTrialN': 142, 'thisRepN': 0}>
355.9259 	INFO 	Keyboard events cleared
355.9255 	EXP 	surround_grating: autoDraw = False
355.9255 	EXP 	center_grating: autoDraw = False
355.9255 	EXP 	text_2: autoDraw = False
355.9255 	EXP 	surround_grating: ori = 15.0
355.9255 	EXP 	surround_grating: sf = array([2.5, 2.5])
355.9255 	EXP 	surround_grating: phase = array([0.80965812, 0.80965812])
355.9255 	EXP 	center_grating: ori = 8.0
355.9255 	EXP 	center_grating: sf = array([2.5, 2.5])
355.9255 	EXP 	center_grating: phase = array([0.19440519, 0.19440519])
356.4116 	EXP 	surround_grating: autoDraw = True
356.4116 	EXP 	center_grating: autoDraw = True
356.4851 	EXP 	surround_grating: autoDraw = False
356.4851 	EXP 	center_grating: autoDraw = False
356.9477 	EXP 	New trial (rep=0, index=143): <Trial 143 (143 in rep 0) data={'center': -8, 'surround': -15.0, 'type': 'c-8', 'surr_type': 'negs', 'surr_opacity': 100, 'thisN': 143, 'thisTrialN': 143, 'thisRepN': 0}>
356.9578 	INFO 	Keyboard events cleared
356.9574 	EXP 	surround_grating: autoDraw = False
356.9574 	EXP 	center_grating: autoDraw = False
356.9574 	EXP 	text_2: autoDraw = False
356.9574 	EXP 	surround_grating: ori = -15.0
356.9574 	EXP 	surround_grating: sf = array([2.5, 2.5])
356.9574 	EXP 	surround_grating: phase = array([0.51444943, 0.51444943])
356.9574 	EXP 	center_grating: ori = -8.0
356.9574 	EXP 	center_grating: sf = array([2.5, 2.5])
356.9574 	EXP 	center_grating: phase = array([0.46337627, 0.46337627])
357.4450 	EXP 	surround_grating: autoDraw = True
357.4450 	EXP 	center_grating: autoDraw = True
357.5171 	EXP 	surround_grating: autoDraw = False
357.5171 	EXP 	center_grating: autoDraw = False
357.9046 	EXP 	New trial (rep=0, index=144): <Trial 144 (144 in rep 0) data={'center': -2, 'surround': 15.0, 'type': 'c-2', 'surr_type': 'poss', 'surr_opacity': 100, 'thisN': 144, 'thisTrialN': 144, 'thisRepN': 0}>
357.9154 	INFO 	Keyboard events cleared
357.9150 	EXP 	surround_grating: autoDraw = False
357.9150 	EXP 	center_grating: autoDraw = False
357.9150 	EXP 	text_2: autoDraw = False
357.9150 	EXP 	surround_grating: ori = 15.0
357.9150 	EXP 	surround_grating: sf = array([2.5, 2.5])
357.9150 	EXP 	surround_grating: phase = array([0.14863262, 0.14863262])
357.9150 	EXP 	center_grating: ori = -2.0
357.9150 	EXP 	center_grating: sf = array([2.5, 2.5])
357.9150 	EXP 	center_grating: phase = array([0.39204683, 0.39204683])
358.4042 	EXP 	surround_grating: autoDraw = True
358.4042 	EXP 	center_grating: autoDraw = True
358.4788 	EXP 	surround_grating: autoDraw = False
358.4788 	EXP 	center_grating: autoDraw = False
358.9982 	EXP 	New trial (rep=0, index=145): <Trial 145 (145 in rep 0) data={'center': -2, 'surround': 0.0, 'type': 'c-2', 'surr_type': 'noss', 'surr_opacity': 0, 'thisN': 145, 'thisTrialN': 145, 'thisRepN': 0}>
359.0090 	INFO 	Keyboard events cleared
359.0085 	EXP 	surround_grating: autoDraw = False
359.0085 	EXP 	center_grating: autoDraw = False
359.0085 	EXP 	text_2: autoDraw = False
359.0085 	EXP 	surround_grating: ori = 0.0
359.0085 	EXP 	surround_grating: sf = array([2.5, 2.5])
359.0085 	EXP 	surround_grating: phase = array([0.54698459, 0.54698459])
359.0085 	EXP 	center_grating: ori = -2.0
359.0085 	EXP 	center_grating: sf = array([2.5, 2.5])
359.0085 	EXP 	center_grating: phase = array([0.32482655, 0.32482655])
359.4952 	EXP 	surround_grating: autoDraw = True
359.4952 	EXP 	center_grating: autoDraw = True
359.5668 	EXP 	surround_grating: autoDraw = False
359.5668 	EXP 	center_grating: autoDraw = False
360.0701 	EXP 	New trial (rep=0, index=146): <Trial 146 (146 in rep 0) data={'center': 6, 'surround': 15.0, 'type': 'c+6', 'surr_type': 'poss', 'surr_opacity': 100, 'thisN': 146, 'thisTrialN': 146, 'thisRepN': 0}>
360.0959 	INFO 	Keyboard events cleared
360.0953 	EXP 	surround_grating: autoDraw = False
360.0953 	EXP 	center_grating: autoDraw = False
360.0953 	EXP 	text_2: autoDraw = False
360.0953 	EXP 	surround_grating: ori = 15.0
360.0953 	EXP 	surround_grating: sf = array([2.5, 2.5])
360.0953 	EXP 	surround_grating: phase = array([0.09520126, 0.09520126])
360.0953 	EXP 	center_grating: ori = 6.0
360.0953 	EXP 	center_grating: sf = array([2.5, 2.5])
360.0953 	EXP 	center_grating: phase = array([0.82158633, 0.82158633])
360.5716 	EXP 	surround_grating: autoDraw = True
360.5716 	EXP 	center_grating: autoDraw = True
360.6456 	EXP 	surround_grating: autoDraw = False
360.6456 	EXP 	center_grating: autoDraw = False
361.0155 	EXP 	New trial (rep=0, index=147): <Trial 147 (147 in rep 0) data={'center': 6, 'surround': 15.0, 'type': 'c+6', 'surr_type': 'poss', 'surr_opacity': 100, 'thisN': 147, 'thisTrialN': 147, 'thisRepN': 0}>
361.0259 	INFO 	Keyboard events cleared
361.0253 	EXP 	surround_grating: autoDraw = False
361.0253 	EXP 	center_grating: autoDraw = False
361.0253 	EXP 	text_2: autoDraw = False
361.0253 	EXP 	surround_grating: ori = 15.0
361.0253 	EXP 	surround_grating: sf = array([2.5, 2.5])
361.0253 	EXP 	surround_grating: phase = array([0.93674184, 0.93674184])
361.0253 	EXP 	center_grating: ori = 6.0
361.0253 	EXP 	center_grating: sf = array([2.5, 2.5])
361.0253 	EXP 	center_grating: phase = array([0.02805275, 0.02805275])
361.5118 	EXP 	surround_grating: autoDraw = True
361.5118 	EXP 	center_grating: autoDraw = True
361.5837 	EXP 	surround_grating: autoDraw = False
361.5837 	EXP 	center_grating: autoDraw = False
362.0714 	EXP 	New trial (rep=0, index=148): <Trial 148 (148 in rep 0) data={'center': -1, 'surround': 0.0, 'type': 'c-1', 'surr_type': 'noss', 'surr_opacity': 0, 'thisN': 148, 'thisTrialN': 148, 'thisRepN': 0}>
362.0816 	INFO 	Keyboard events cleared
362.0812 	EXP 	surround_grating: autoDraw = False
362.0812 	EXP 	center_grating: autoDraw = False
362.0812 	EXP 	text_2: autoDraw = False
362.0812 	EXP 	surround_grating: ori = 0.0
362.0812 	EXP 	surround_grating: sf = array([2.5, 2.5])
362.0812 	EXP 	surround_grating: phase = array([0.77677173, 0.77677173])
362.0812 	EXP 	center_grating: ori = -1.0
362.0812 	EXP 	center_grating: sf = array([2.5, 2.5])
362.0812 	EXP 	center_grating: phase = array([0.18811407, 0.18811407])
362.5704 	EXP 	surround_grating: autoDraw = True
362.5704 	EXP 	center_grating: autoDraw = True
362.6457 	EXP 	surround_grating: autoDraw = False
362.6457 	EXP 	center_grating: autoDraw = False
363.0488 	EXP 	New trial (rep=0, index=149): <Trial 149 (149 in rep 0) data={'center': -2, 'surround': 15.0, 'type': 'c-2', 'surr_type': 'poss', 'surr_opacity': 100, 'thisN': 149, 'thisTrialN': 149, 'thisRepN': 0}>
363.0593 	INFO 	Keyboard events cleared
363.0589 	EXP 	surround_grating: autoDraw = False
363.0589 	EXP 	center_grating: autoDraw = False
363.0589 	EXP 	text_2: autoDraw = False
363.0589 	EXP 	surround_grating: ori = 15.0
363.0589 	EXP 	surround_grating: sf = array([2.5, 2.5])
363.0589 	EXP 	surround_grating: phase = array([0.87089988, 0.87089988])
363.0589 	EXP 	center_grating: ori = -2.0
363.0589 	EXP 	center_grating: sf = array([2.5, 2.5])
363.0589 	EXP 	center_grating: phase = array([0.14962685, 0.14962685])
363.5451 	EXP 	surround_grating: autoDraw = True
363.5451 	EXP 	center_grating: autoDraw = True
363.6174 	EXP 	surround_grating: autoDraw = False
363.6174 	EXP 	center_grating: autoDraw = False
363.9146 	EXP 	New trial (rep=0, index=150): <Trial 150 (150 in rep 0) data={'center': 0, 'surround': -15.0, 'type': 'c+0', 'surr_type': 'negs', 'surr_opacity': 100, 'thisN': 150, 'thisTrialN': 150, 'thisRepN': 0}>
363.9246 	INFO 	Keyboard events cleared
363.9240 	EXP 	surround_grating: autoDraw = False
363.9240 	EXP 	center_grating: autoDraw = False
363.9240 	EXP 	text_2: autoDraw = False
363.9240 	EXP 	surround_grating: ori = -15.0
363.9240 	EXP 	surround_grating: sf = array([2.5, 2.5])
363.9240 	EXP 	surround_grating: phase = array([0.44625771, 0.44625771])
363.9240 	EXP 	center_grating: ori = 0.0
363.9240 	EXP 	center_grating: sf = array([2.5, 2.5])
363.9240 	EXP 	center_grating: phase = array([0.07405058, 0.07405058])
364.4118 	EXP 	surround_grating: autoDraw = True
364.4118 	EXP 	center_grating: autoDraw = True
364.4842 	EXP 	surround_grating: autoDraw = False
364.4842 	EXP 	center_grating: autoDraw = False
365.0154 	EXP 	New trial (rep=0, index=151): <Trial 151 (151 in rep 0) data={'center': -2, 'surround': 0.0, 'type': 'c-2', 'surr_type': 'noss', 'surr_opacity': 0, 'thisN': 151, 'thisTrialN': 151, 'thisRepN': 0}>
365.0258 	INFO 	Keyboard events cleared
365.0253 	EXP 	surround_grating: autoDraw = False
365.0253 	EXP 	center_grating: autoDraw = False
365.0253 	EXP 	text_2: autoDraw = False
365.0253 	EXP 	surround_grating: ori = 0.0
365.0253 	EXP 	surround_grating: sf = array([2.5, 2.5])
365.0253 	EXP 	surround_grating: phase = array([0.3156424, 0.3156424])
365.0253 	EXP 	center_grating: ori = -2.0
365.0253 	EXP 	center_grating: sf = array([2.5, 2.5])
365.0253 	EXP 	center_grating: phase = array([0.07224721, 0.07224721])
365.5119 	EXP 	surround_grating: autoDraw = True
365.5119 	EXP 	center_grating: autoDraw = True
365.5840 	EXP 	surround_grating: autoDraw = False
365.5840 	EXP 	center_grating: autoDraw = False
366.4492 	EXP 	New trial (rep=0, index=152): <Trial 152 (152 in rep 0) data={'center': 6, 'surround': 15.0, 'type': 'c+6', 'surr_type': 'poss', 'surr_opacity': 100, 'thisN': 152, 'thisTrialN': 152, 'thisRepN': 0}>
366.4600 	INFO 	Keyboard events cleared
366.4597 	EXP 	surround_grating: autoDraw = False
366.4597 	EXP 	center_grating: autoDraw = False
366.4597 	EXP 	text_2: autoDraw = False
366.4597 	EXP 	surround_grating: ori = 15.0
366.4597 	EXP 	surround_grating: sf = array([2.5, 2.5])
366.4597 	EXP 	surround_grating: phase = array([0.72087424, 0.72087424])
366.4597 	EXP 	center_grating: ori = 6.0
366.4597 	EXP 	center_grating: sf = array([2.5, 2.5])
366.4597 	EXP 	center_grating: phase = array([0.92408955, 0.92408955])
366.9452 	EXP 	surround_grating: autoDraw = True
366.9452 	EXP 	center_grating: autoDraw = True
367.0179 	EXP 	surround_grating: autoDraw = False
367.0179 	EXP 	center_grating: autoDraw = False
367.4984 	EXP 	New trial (rep=0, index=153): <Trial 153 (153 in rep 0) data={'center': 2, 'surround': -15.0, 'type': 'c+2', 'surr_type': 'negs', 'surr_opacity': 100, 'thisN': 153, 'thisTrialN': 153, 'thisRepN': 0}>
367.5084 	INFO 	Keyboard events cleared
367.5079 	EXP 	surround_grating: autoDraw = False
367.5079 	EXP 	center_grating: autoDraw = False
367.5079 	EXP 	text_2: autoDraw = False
367.5079 	EXP 	surround_grating: ori = -15.0
367.5079 	EXP 	surround_grating: sf = array([2.5, 2.5])
367.5079 	EXP 	surround_grating: phase = array([0.23835975, 0.23835975])
367.5079 	EXP 	center_grating: ori = 2.0
367.5079 	EXP 	center_grating: sf = array([2.5, 2.5])
367.5079 	EXP 	center_grating: phase = array([0.15404919, 0.15404919])
367.9953 	EXP 	surround_grating: autoDraw = True
367.9953 	EXP 	center_grating: autoDraw = True
368.0672 	EXP 	surround_grating: autoDraw = False
368.0672 	EXP 	center_grating: autoDraw = False
368.5378 	EXP 	New trial (rep=0, index=154): <Trial 154 (154 in rep 0) data={'center': 0, 'surround': 15.0, 'type': 'c+0', 'surr_type': 'poss', 'surr_opacity': 100, 'thisN': 154, 'thisTrialN': 154, 'thisRepN': 0}>
368.5477 	INFO 	Keyboard events cleared
368.5473 	EXP 	surround_grating: autoDraw = False
368.5473 	EXP 	center_grating: autoDraw = False
368.5473 	EXP 	text_2: autoDraw = False
368.5473 	EXP 	surround_grating: ori = 15.0
368.5473 	EXP 	surround_grating: sf = array([2.5, 2.5])
368.5473 	EXP 	surround_grating: phase = array([0.0420386, 0.0420386])
368.5473 	EXP 	center_grating: ori = 0.0
368.5473 	EXP 	center_grating: sf = array([2.5, 2.5])
368.5473 	EXP 	center_grating: phase = array([0.17248423, 0.17248423])
369.0376 	EXP 	surround_grating: autoDraw = True
369.0376 	EXP 	center_grating: autoDraw = True
369.1126 	EXP 	surround_grating: autoDraw = False
369.1126 	EXP 	center_grating: autoDraw = False
369.8652 	EXP 	New trial (rep=0, index=155): <Trial 155 (155 in rep 0) data={'center': 2, 'surround': -15.0, 'type': 'c+2', 'surr_type': 'negs', 'surr_opacity': 100, 'thisN': 155, 'thisTrialN': 155, 'thisRepN': 0}>
369.8750 	INFO 	Keyboard events cleared
369.8746 	EXP 	surround_grating: autoDraw = False
369.8746 	EXP 	center_grating: autoDraw = False
369.8746 	EXP 	text_2: autoDraw = False
369.8746 	EXP 	surround_grating: ori = -15.0
369.8746 	EXP 	surround_grating: sf = array([2.5, 2.5])
369.8746 	EXP 	surround_grating: phase = array([0.18615285, 0.18615285])
369.8746 	EXP 	center_grating: ori = 2.0
369.8746 	EXP 	center_grating: sf = array([2.5, 2.5])
369.8746 	EXP 	center_grating: phase = array([0.00212551, 0.00212551])
370.3622 	EXP 	surround_grating: autoDraw = True
370.3622 	EXP 	center_grating: autoDraw = True
370.4340 	EXP 	surround_grating: autoDraw = False
370.4340 	EXP 	center_grating: autoDraw = False
370.9991 	EXP 	New trial (rep=0, index=156): <Trial 156 (156 in rep 0) data={'center': -1, 'surround': 0.0, 'type': 'c-1', 'surr_type': 'noss', 'surr_opacity': 0, 'thisN': 156, 'thisTrialN': 156, 'thisRepN': 0}>
371.0090 	INFO 	Keyboard events cleared
371.0086 	EXP 	surround_grating: autoDraw = False
371.0086 	EXP 	center_grating: autoDraw = False
371.0086 	EXP 	text_2: autoDraw = False
371.0086 	EXP 	surround_grating: ori = 0.0
371.0086 	EXP 	surround_grating: sf = array([2.5, 2.5])
371.0086 	EXP 	surround_grating: phase = array([0.67072453, 0.67072453])
371.0086 	EXP 	center_grating: ori = -1.0
371.0086 	EXP 	center_grating: sf = array([2.5, 2.5])
371.0086 	EXP 	center_grating: phase = array([0.02106367, 0.02106367])
371.4955 	EXP 	surround_grating: autoDraw = True
371.4955 	EXP 	center_grating: autoDraw = True
371.5679 	EXP 	surround_grating: autoDraw = False
371.5679 	EXP 	center_grating: autoDraw = False
372.1985 	EXP 	New trial (rep=0, index=157): <Trial 157 (157 in rep 0) data={'center': -8, 'surround': -15.0, 'type': 'c-8', 'surr_type': 'negs', 'surr_opacity': 100, 'thisN': 157, 'thisTrialN': 157, 'thisRepN': 0}>
372.2103 	INFO 	Keyboard events cleared
372.2099 	EXP 	surround_grating: autoDraw = False
372.2099 	EXP 	center_grating: autoDraw = False
372.2099 	EXP 	text_2: autoDraw = False
372.2099 	EXP 	surround_grating: ori = -15.0
372.2099 	EXP 	surround_grating: sf = array([2.5, 2.5])
372.2099 	EXP 	surround_grating: phase = array([0.22009445, 0.22009445])
372.2099 	EXP 	center_grating: ori = -8.0
372.2099 	EXP 	center_grating: sf = array([2.5, 2.5])
372.2099 	EXP 	center_grating: phase = array([0.98494005, 0.98494005])
372.6955 	EXP 	surround_grating: autoDraw = True
372.6955 	EXP 	center_grating: autoDraw = True
372.7674 	EXP 	surround_grating: autoDraw = False
372.7674 	EXP 	center_grating: autoDraw = False
373.3656 	EXP 	New trial (rep=0, index=158): <Trial 158 (158 in rep 0) data={'center': 4, 'surround': 0.0, 'type': 'c+4', 'surr_type': 'noss', 'surr_opacity': 0, 'thisN': 158, 'thisTrialN': 158, 'thisRepN': 0}>
373.3758 	INFO 	Keyboard events cleared
373.3753 	EXP 	surround_grating: autoDraw = False
373.3753 	EXP 	center_grating: autoDraw = False
373.3753 	EXP 	text_2: autoDraw = False
373.3753 	EXP 	surround_grating: ori = 0.0
373.3753 	EXP 	surround_grating: sf = array([2.5, 2.5])
373.3753 	EXP 	surround_grating: phase = array([0.30281419, 0.30281419])
373.3753 	EXP 	center_grating: ori = 4.0
373.3753 	EXP 	center_grating: sf = array([2.5, 2.5])
373.3753 	EXP 	center_grating: phase = array([0.56906727, 0.56906727])
373.8624 	EXP 	surround_grating: autoDraw = True
373.8624 	EXP 	center_grating: autoDraw = True
373.9345 	EXP 	surround_grating: autoDraw = False
373.9345 	EXP 	center_grating: autoDraw = False
374.4652 	EXP 	New trial (rep=0, index=159): <Trial 159 (159 in rep 0) data={'center': -1, 'surround': 0.0, 'type': 'c-1', 'surr_type': 'noss', 'surr_opacity': 0, 'thisN': 159, 'thisTrialN': 159, 'thisRepN': 0}>
374.4750 	INFO 	Keyboard events cleared
374.4746 	EXP 	surround_grating: autoDraw = False
374.4746 	EXP 	center_grating: autoDraw = False
374.4746 	EXP 	text_2: autoDraw = False
374.4746 	EXP 	surround_grating: ori = 0.0
374.4746 	EXP 	surround_grating: sf = array([2.5, 2.5])
374.4746 	EXP 	surround_grating: phase = array([0.06995192, 0.06995192])
374.4746 	EXP 	center_grating: ori = -1.0
374.4746 	EXP 	center_grating: sf = array([2.5, 2.5])
374.4746 	EXP 	center_grating: phase = array([0.9807528, 0.9807528])
374.9622 	EXP 	surround_grating: autoDraw = True
374.9622 	EXP 	center_grating: autoDraw = True
375.0342 	EXP 	surround_grating: autoDraw = False
375.0342 	EXP 	center_grating: autoDraw = False
375.7160 	EXP 	New trial (rep=0, index=160): <Trial 160 (160 in rep 0) data={'center': -4, 'surround': -15.0, 'type': 'c-4', 'surr_type': 'negs', 'surr_opacity': 100, 'thisN': 160, 'thisTrialN': 160, 'thisRepN': 0}>
375.7262 	INFO 	Keyboard events cleared
375.7258 	EXP 	surround_grating: autoDraw = False
375.7258 	EXP 	center_grating: autoDraw = False
375.7258 	EXP 	text_2: autoDraw = False
375.7258 	EXP 	surround_grating: ori = -15.0
375.7258 	EXP 	surround_grating: sf = array([2.5, 2.5])
375.7258 	EXP 	surround_grating: phase = array([0.34070115, 0.34070115])
375.7258 	EXP 	center_grating: ori = -4.0
375.7258 	EXP 	center_grating: sf = array([2.5, 2.5])
375.7258 	EXP 	center_grating: phase = array([0.97235541, 0.97235541])
376.2124 	EXP 	surround_grating: autoDraw = True
376.2124 	EXP 	center_grating: autoDraw = True
376.2845 	EXP 	surround_grating: autoDraw = False
376.2845 	EXP 	center_grating: autoDraw = False
376.9565 	EXP 	New trial (rep=0, index=161): <Trial 161 (161 in rep 0) data={'center': 2, 'surround': -15.0, 'type': 'c+2', 'surr_type': 'negs', 'surr_opacity': 100, 'thisN': 161, 'thisTrialN': 161, 'thisRepN': 0}>
376.9664 	INFO 	Keyboard events cleared
376.9657 	EXP 	surround_grating: autoDraw = False
376.9657 	EXP 	center_grating: autoDraw = False
376.9657 	EXP 	text_2: autoDraw = False
376.9657 	EXP 	surround_grating: ori = -15.0
376.9657 	EXP 	surround_grating: sf = array([2.5, 2.5])
376.9657 	EXP 	surround_grating: phase = array([0.75075647, 0.75075647])
376.9657 	EXP 	center_grating: ori = 2.0
376.9657 	EXP 	center_grating: sf = array([2.5, 2.5])
376.9657 	EXP 	center_grating: phase = array([0.61662388, 0.61662388])
377.4552 	EXP 	surround_grating: autoDraw = True
377.4552 	EXP 	center_grating: autoDraw = True
377.5297 	EXP 	surround_grating: autoDraw = False
377.5297 	EXP 	center_grating: autoDraw = False
378.0324 	EXP 	New trial (rep=0, index=162): <Trial 162 (162 in rep 0) data={'center': -6, 'surround': -15.0, 'type': 'c-6', 'surr_type': 'negs', 'surr_opacity': 100, 'thisN': 162, 'thisTrialN': 162, 'thisRepN': 0}>
378.0428 	INFO 	Keyboard events cleared
378.0424 	EXP 	surround_grating: autoDraw = False
378.0424 	EXP 	center_grating: autoDraw = False
378.0424 	EXP 	text_2: autoDraw = False
378.0424 	EXP 	surround_grating: ori = -15.0
378.0424 	EXP 	surround_grating: sf = array([2.5, 2.5])
378.0424 	EXP 	surround_grating: phase = array([0.64012563, 0.64012563])
378.0424 	EXP 	center_grating: ori = -6.0
378.0424 	EXP 	center_grating: sf = array([2.5, 2.5])
378.0424 	EXP 	center_grating: phase = array([0.46949916, 0.46949916])
378.5292 	EXP 	surround_grating: autoDraw = True
378.5292 	EXP 	center_grating: autoDraw = True
378.6012 	EXP 	surround_grating: autoDraw = False
378.6012 	EXP 	center_grating: autoDraw = False
379.1423 	EXP 	New trial (rep=0, index=163): <Trial 163 (163 in rep 0) data={'center': -4, 'surround': -15.0, 'type': 'c-4', 'surr_type': 'negs', 'surr_opacity': 100, 'thisN': 163, 'thisTrialN': 163, 'thisRepN': 0}>
379.1491 	INFO 	Keyboard events cleared
379.1487 	EXP 	surround_grating: autoDraw = False
379.1487 	EXP 	center_grating: autoDraw = False
379.1487 	EXP 	text_2: autoDraw = False
379.1487 	EXP 	surround_grating: ori = -15.0
379.1487 	EXP 	surround_grating: sf = array([2.5, 2.5])
379.1487 	EXP 	surround_grating: phase = array([0.94486726, 0.94486726])
379.1487 	EXP 	center_grating: ori = -4.0
379.1487 	EXP 	center_grating: sf = array([2.5, 2.5])
379.1487 	EXP 	center_grating: phase = array([0.4529574, 0.4529574])
379.6382 	EXP 	surround_grating: autoDraw = True
379.6382 	EXP 	center_grating: autoDraw = True
379.7131 	EXP 	surround_grating: autoDraw = False
379.7131 	EXP 	center_grating: autoDraw = False
380.3657 	EXP 	New trial (rep=0, index=164): <Trial 164 (164 in rep 0) data={'center': 4, 'surround': 0.0, 'type': 'c+4', 'surr_type': 'noss', 'surr_opacity': 0, 'thisN': 164, 'thisTrialN': 164, 'thisRepN': 0}>
380.3762 	INFO 	Keyboard events cleared
380.3756 	EXP 	surround_grating: autoDraw = False
380.3756 	EXP 	center_grating: autoDraw = False
380.3756 	EXP 	text_2: autoDraw = False
380.3756 	EXP 	surround_grating: ori = 0.0
380.3756 	EXP 	surround_grating: sf = array([2.5, 2.5])
380.3756 	EXP 	surround_grating: phase = array([0.81935146, 0.81935146])
380.3756 	EXP 	center_grating: ori = 4.0
380.3756 	EXP 	center_grating: sf = array([2.5, 2.5])
380.3756 	EXP 	center_grating: phase = array([0.34698088, 0.34698088])
380.8624 	EXP 	surround_grating: autoDraw = True
380.8624 	EXP 	center_grating: autoDraw = True
380.9347 	EXP 	surround_grating: autoDraw = False
380.9347 	EXP 	center_grating: autoDraw = False
381.4161 	EXP 	New trial (rep=0, index=165): <Trial 165 (165 in rep 0) data={'center': 0, 'surround': -15.0, 'type': 'c+0', 'surr_type': 'negs', 'surr_opacity': 100, 'thisN': 165, 'thisTrialN': 165, 'thisRepN': 0}>
381.4270 	INFO 	Keyboard events cleared
381.4266 	EXP 	surround_grating: autoDraw = False
381.4266 	EXP 	center_grating: autoDraw = False
381.4266 	EXP 	text_2: autoDraw = False
381.4266 	EXP 	surround_grating: ori = -15.0
381.4266 	EXP 	surround_grating: sf = array([2.5, 2.5])
381.4266 	EXP 	surround_grating: phase = array([0.07341581, 0.07341581])
381.4266 	EXP 	center_grating: ori = 0.0
381.4266 	EXP 	center_grating: sf = array([2.5, 2.5])
381.4266 	EXP 	center_grating: phase = array([0.15699929, 0.15699929])
381.9115 	EXP 	surround_grating: autoDraw = True
381.9115 	EXP 	center_grating: autoDraw = True
381.9847 	EXP 	surround_grating: autoDraw = False
381.9847 	EXP 	center_grating: autoDraw = False
382.6325 	EXP 	New trial (rep=0, index=166): <Trial 166 (166 in rep 0) data={'center': -6, 'surround': -15.0, 'type': 'c-6', 'surr_type': 'negs', 'surr_opacity': 100, 'thisN': 166, 'thisTrialN': 166, 'thisRepN': 0}>
382.6436 	INFO 	Keyboard events cleared
382.6432 	EXP 	surround_grating: autoDraw = False
382.6432 	EXP 	center_grating: autoDraw = False
382.6432 	EXP 	text_2: autoDraw = False
382.6432 	EXP 	surround_grating: ori = -15.0
382.6432 	EXP 	surround_grating: sf = array([2.5, 2.5])
382.6432 	EXP 	surround_grating: phase = array([0.60115609, 0.60115609])
382.6432 	EXP 	center_grating: ori = -6.0
382.6432 	EXP 	center_grating: sf = array([2.5, 2.5])
382.6432 	EXP 	center_grating: phase = array([0.06547762, 0.06547762])
383.1292 	EXP 	surround_grating: autoDraw = True
383.1292 	EXP 	center_grating: autoDraw = True
383.2015 	EXP 	surround_grating: autoDraw = False
383.2015 	EXP 	center_grating: autoDraw = False
383.7710 	EXP 	New trial (rep=0, index=167): <Trial 167 (167 in rep 0) data={'center': -8, 'surround': -15.0, 'type': 'c-8', 'surr_type': 'negs', 'surr_opacity': 100, 'thisN': 167, 'thisTrialN': 167, 'thisRepN': 0}>
383.7964 	INFO 	Keyboard events cleared
383.7960 	EXP 	surround_grating: autoDraw = False
383.7960 	EXP 	center_grating: autoDraw = False
383.7960 	EXP 	text_2: autoDraw = False
383.7960 	EXP 	surround_grating: ori = -15.0
383.7960 	EXP 	surround_grating: sf = array([2.5, 2.5])
383.7960 	EXP 	surround_grating: phase = array([0.13651448, 0.13651448])
383.7960 	EXP 	center_grating: ori = -8.0
383.7960 	EXP 	center_grating: sf = array([2.5, 2.5])
383.7960 	EXP 	center_grating: phase = array([0.58411074, 0.58411074])
384.2718 	EXP 	surround_grating: autoDraw = True
384.2718 	EXP 	center_grating: autoDraw = True
384.3466 	EXP 	surround_grating: autoDraw = False
384.3466 	EXP 	center_grating: autoDraw = False
384.9990 	EXP 	New trial (rep=0, index=168): <Trial 168 (168 in rep 0) data={'center': 1, 'surround': 0.0, 'type': 'c+1', 'surr_type': 'noss', 'surr_opacity': 0, 'thisN': 168, 'thisTrialN': 168, 'thisRepN': 0}>
385.0101 	INFO 	Keyboard events cleared
385.0097 	EXP 	surround_grating: autoDraw = False
385.0097 	EXP 	center_grating: autoDraw = False
385.0097 	EXP 	text_2: autoDraw = False
385.0097 	EXP 	surround_grating: ori = 0.0
385.0097 	EXP 	surround_grating: sf = array([2.5, 2.5])
385.0097 	EXP 	surround_grating: phase = array([0.13973893, 0.13973893])
385.0097 	EXP 	center_grating: ori = 1.0
385.0097 	EXP 	center_grating: sf = array([2.5, 2.5])
385.0097 	EXP 	center_grating: phase = array([0.25909149, 0.25909149])
385.4960 	EXP 	surround_grating: autoDraw = True
385.4960 	EXP 	center_grating: autoDraw = True
385.5685 	EXP 	surround_grating: autoDraw = False
385.5685 	EXP 	center_grating: autoDraw = False
386.1545 	EXP 	New trial (rep=0, index=169): <Trial 169 (169 in rep 0) data={'center': 2, 'surround': 15.0, 'type': 'c+2', 'surr_type': 'poss', 'surr_opacity': 100, 'thisN': 169, 'thisTrialN': 169, 'thisRepN': 0}>
386.1800 	INFO 	Keyboard events cleared
386.1794 	EXP 	surround_grating: autoDraw = False
386.1794 	EXP 	center_grating: autoDraw = False
386.1794 	EXP 	text_2: autoDraw = False
386.1794 	EXP 	surround_grating: ori = 15.0
386.1794 	EXP 	surround_grating: sf = array([2.5, 2.5])
386.1794 	EXP 	surround_grating: phase = array([0.28202984, 0.28202984])
386.1794 	EXP 	center_grating: ori = 2.0
386.1794 	EXP 	center_grating: sf = array([2.5, 2.5])
386.1794 	EXP 	center_grating: phase = array([0.69443438, 0.69443438])
386.6553 	EXP 	surround_grating: autoDraw = True
386.6553 	EXP 	center_grating: autoDraw = True
386.7298 	EXP 	surround_grating: autoDraw = False
386.7298 	EXP 	center_grating: autoDraw = False
387.5998 	EXP 	New trial (rep=0, index=170): <Trial 170 (170 in rep 0) data={'center': -6, 'surround': -15.0, 'type': 'c-6', 'surr_type': 'negs', 'surr_opacity': 100, 'thisN': 170, 'thisTrialN': 170, 'thisRepN': 0}>
387.6100 	INFO 	Keyboard events cleared
387.6096 	EXP 	surround_grating: autoDraw = False
387.6096 	EXP 	center_grating: autoDraw = False
387.6096 	EXP 	text_2: autoDraw = False
387.6096 	EXP 	surround_grating: ori = -15.0
387.6096 	EXP 	surround_grating: sf = array([2.5, 2.5])
387.6096 	EXP 	surround_grating: phase = array([0.77867782, 0.77867782])
387.6096 	EXP 	center_grating: ori = -6.0
387.6096 	EXP 	center_grating: sf = array([2.5, 2.5])
387.6096 	EXP 	center_grating: phase = array([0.23627038, 0.23627038])
388.0960 	EXP 	surround_grating: autoDraw = True
388.0960 	EXP 	center_grating: autoDraw = True
388.1679 	EXP 	surround_grating: autoDraw = False
388.1679 	EXP 	center_grating: autoDraw = False
388.7803 	EXP 	New trial (rep=0, index=171): <Trial 171 (171 in rep 0) data={'center': -1, 'surround': 0.0, 'type': 'c-1', 'surr_type': 'noss', 'surr_opacity': 0, 'thisN': 171, 'thisTrialN': 171, 'thisRepN': 0}>
388.7875 	INFO 	Keyboard events cleared
388.7871 	EXP 	surround_grating: autoDraw = False
388.7871 	EXP 	center_grating: autoDraw = False
388.7871 	EXP 	text_2: autoDraw = False
388.7871 	EXP 	surround_grating: ori = 0.0
388.7871 	EXP 	surround_grating: sf = array([2.5, 2.5])
388.7871 	EXP 	surround_grating: phase = array([0.49415641, 0.49415641])
388.7871 	EXP 	center_grating: ori = -1.0
388.7871 	EXP 	center_grating: sf = array([2.5, 2.5])
388.7871 	EXP 	center_grating: phase = array([0.00841362, 0.00841362])
389.2711 	EXP 	surround_grating: autoDraw = True
389.2711 	EXP 	center_grating: autoDraw = True
389.3466 	EXP 	surround_grating: autoDraw = False
389.3466 	EXP 	center_grating: autoDraw = False
390.1385 	EXP 	New trial (rep=0, index=172): <Trial 172 (172 in rep 0) data={'center': 0, 'surround': 15.0, 'type': 'c+0', 'surr_type': 'poss', 'surr_opacity': 100, 'thisN': 172, 'thisTrialN': 172, 'thisRepN': 0}>
390.1493 	INFO 	Keyboard events cleared
390.1489 	EXP 	surround_grating: autoDraw = False
390.1489 	EXP 	center_grating: autoDraw = False
390.1489 	EXP 	text_2: autoDraw = False
390.1489 	EXP 	surround_grating: ori = 15.0
390.1489 	EXP 	surround_grating: sf = array([2.5, 2.5])
390.1489 	EXP 	surround_grating: phase = array([0.31624556, 0.31624556])
390.1489 	EXP 	center_grating: ori = 0.0
390.1489 	EXP 	center_grating: sf = array([2.5, 2.5])
390.1489 	EXP 	center_grating: phase = array([0.80622096, 0.80622096])
390.6388 	EXP 	surround_grating: autoDraw = True
390.6388 	EXP 	center_grating: autoDraw = True
390.7133 	EXP 	surround_grating: autoDraw = False
390.7133 	EXP 	center_grating: autoDraw = False
391.3161 	EXP 	New trial (rep=0, index=173): <Trial 173 (173 in rep 0) data={'center': 2, 'surround': -15.0, 'type': 'c+2', 'surr_type': 'negs', 'surr_opacity': 100, 'thisN': 173, 'thisTrialN': 173, 'thisRepN': 0}>
391.3268 	INFO 	Keyboard events cleared
391.3264 	EXP 	surround_grating: autoDraw = False
391.3264 	EXP 	center_grating: autoDraw = False
391.3264 	EXP 	text_2: autoDraw = False
391.3264 	EXP 	surround_grating: ori = -15.0
391.3264 	EXP 	surround_grating: sf = array([2.5, 2.5])
391.3264 	EXP 	surround_grating: phase = array([0.77608826, 0.77608826])
391.3264 	EXP 	center_grating: ori = 2.0
391.3264 	EXP 	center_grating: sf = array([2.5, 2.5])
391.3264 	EXP 	center_grating: phase = array([0.99713847, 0.99713847])
391.8128 	EXP 	surround_grating: autoDraw = True
391.8128 	EXP 	center_grating: autoDraw = True
391.8851 	EXP 	surround_grating: autoDraw = False
391.8851 	EXP 	center_grating: autoDraw = False
392.4822 	EXP 	New trial (rep=0, index=174): <Trial 174 (174 in rep 0) data={'center': 4, 'surround': 15.0, 'type': 'c+4', 'surr_type': 'poss', 'surr_opacity': 100, 'thisN': 174, 'thisTrialN': 174, 'thisRepN': 0}>
392.4923 	INFO 	Keyboard events cleared
392.4918 	EXP 	surround_grating: autoDraw = False
392.4918 	EXP 	center_grating: autoDraw = False
392.4918 	EXP 	text_2: autoDraw = False
392.4918 	EXP 	surround_grating: ori = 15.0
392.4918 	EXP 	surround_grating: sf = array([2.5, 2.5])
392.4918 	EXP 	surround_grating: phase = array([0.28353889, 0.28353889])
392.4918 	EXP 	center_grating: ori = 4.0
392.4918 	EXP 	center_grating: sf = array([2.5, 2.5])
392.4918 	EXP 	center_grating: phase = array([0.26227829, 0.26227829])
392.9794 	EXP 	surround_grating: autoDraw = True
392.9794 	EXP 	center_grating: autoDraw = True
393.0525 	EXP 	surround_grating: autoDraw = False
393.0525 	EXP 	center_grating: autoDraw = False
393.6821 	EXP 	New trial (rep=0, index=175): <Trial 175 (175 in rep 0) data={'center': 2, 'surround': -15.0, 'type': 'c+2', 'surr_type': 'negs', 'surr_opacity': 100, 'thisN': 175, 'thisTrialN': 175, 'thisRepN': 0}>
393.6922 	INFO 	Keyboard events cleared
393.6918 	EXP 	surround_grating: autoDraw = False
393.6918 	EXP 	center_grating: autoDraw = False
393.6918 	EXP 	text_2: autoDraw = False
393.6918 	EXP 	surround_grating: ori = -15.0
393.6918 	EXP 	surround_grating: sf = array([2.5, 2.5])
393.6918 	EXP 	surround_grating: phase = array([0.61984742, 0.61984742])
393.6918 	EXP 	center_grating: ori = 2.0
393.6918 	EXP 	center_grating: sf = array([2.5, 2.5])
393.6918 	EXP 	center_grating: phase = array([0.2020236, 0.2020236])
394.1795 	EXP 	surround_grating: autoDraw = True
394.1795 	EXP 	center_grating: autoDraw = True
394.2516 	EXP 	surround_grating: autoDraw = False
394.2516 	EXP 	center_grating: autoDraw = False
394.6835 	EXP 	New trial (rep=0, index=176): <Trial 176 (176 in rep 0) data={'center': -2, 'surround': 15.0, 'type': 'c-2', 'surr_type': 'poss', 'surr_opacity': 100, 'thisN': 176, 'thisTrialN': 176, 'thisRepN': 0}>
394.6936 	INFO 	Keyboard events cleared
394.6931 	EXP 	surround_grating: autoDraw = False
394.6931 	EXP 	center_grating: autoDraw = False
394.6931 	EXP 	text_2: autoDraw = False
394.6931 	EXP 	surround_grating: ori = 15.0
394.6931 	EXP 	surround_grating: sf = array([2.5, 2.5])
394.6931 	EXP 	surround_grating: phase = array([0.62660028, 0.62660028])
394.6931 	EXP 	center_grating: ori = -2.0
394.6931 	EXP 	center_grating: sf = array([2.5, 2.5])
394.6931 	EXP 	center_grating: phase = array([0.81784803, 0.81784803])
395.1796 	EXP 	surround_grating: autoDraw = True
395.1796 	EXP 	center_grating: autoDraw = True
395.2527 	EXP 	surround_grating: autoDraw = False
395.2527 	EXP 	center_grating: autoDraw = False
395.8665 	EXP 	New trial (rep=0, index=177): <Trial 177 (177 in rep 0) data={'center': 4, 'surround': 15.0, 'type': 'c+4', 'surr_type': 'poss', 'surr_opacity': 100, 'thisN': 177, 'thisTrialN': 177, 'thisRepN': 0}>
395.8759 	INFO 	Keyboard events cleared
395.8754 	EXP 	surround_grating: autoDraw = False
395.8754 	EXP 	center_grating: autoDraw = False
395.8754 	EXP 	text_2: autoDraw = False
395.8754 	EXP 	surround_grating: ori = 15.0
395.8754 	EXP 	surround_grating: sf = array([2.5, 2.5])
395.8754 	EXP 	surround_grating: phase = array([0.27618368, 0.27618368])
395.8754 	EXP 	center_grating: ori = 4.0
395.8754 	EXP 	center_grating: sf = array([2.5, 2.5])
395.8754 	EXP 	center_grating: phase = array([0.62454907, 0.62454907])
396.3632 	EXP 	surround_grating: autoDraw = True
396.3632 	EXP 	center_grating: autoDraw = True
396.4368 	EXP 	surround_grating: autoDraw = False
396.4368 	EXP 	center_grating: autoDraw = False
397.1831 	EXP 	New trial (rep=0, index=178): <Trial 178 (178 in rep 0) data={'center': 4, 'surround': 0.0, 'type': 'c+4', 'surr_type': 'noss', 'surr_opacity': 0, 'thisN': 178, 'thisTrialN': 178, 'thisRepN': 0}>
397.1934 	INFO 	Keyboard events cleared
397.1929 	EXP 	surround_grating: autoDraw = False
397.1929 	EXP 	center_grating: autoDraw = False
397.1929 	EXP 	text_2: autoDraw = False
397.1929 	EXP 	surround_grating: ori = 0.0
397.1929 	EXP 	surround_grating: sf = array([2.5, 2.5])
397.1929 	EXP 	surround_grating: phase = array([0.3575937, 0.3575937])
397.1929 	EXP 	center_grating: ori = 4.0
397.1929 	EXP 	center_grating: sf = array([2.5, 2.5])
397.1929 	EXP 	center_grating: phase = array([0.41113015, 0.41113015])
397.6796 	EXP 	surround_grating: autoDraw = True
397.6796 	EXP 	center_grating: autoDraw = True
397.7523 	EXP 	surround_grating: autoDraw = False
397.7523 	EXP 	center_grating: autoDraw = False
398.4708 	EXP 	New trial (rep=0, index=179): <Trial 179 (179 in rep 0) data={'center': 2, 'surround': 0.0, 'type': 'c+2', 'surr_type': 'noss', 'surr_opacity': 0, 'thisN': 179, 'thisTrialN': 179, 'thisRepN': 0}>
398.4797 	INFO 	Keyboard events cleared
398.4794 	EXP 	surround_grating: autoDraw = False
398.4794 	EXP 	center_grating: autoDraw = False
398.4794 	EXP 	text_2: autoDraw = False
398.4794 	EXP 	surround_grating: ori = 0.0
398.4794 	EXP 	surround_grating: sf = array([2.5, 2.5])
398.4794 	EXP 	surround_grating: phase = array([0.01217361, 0.01217361])
398.4794 	EXP 	center_grating: ori = 2.0
398.4794 	EXP 	center_grating: sf = array([2.5, 2.5])
398.4794 	EXP 	center_grating: phase = array([0.82928905, 0.82928905])
398.9717 	EXP 	surround_grating: autoDraw = True
398.9717 	EXP 	center_grating: autoDraw = True
399.0469 	EXP 	surround_grating: autoDraw = False
399.0469 	EXP 	center_grating: autoDraw = False
399.6707 	EXP 	New trial (rep=0, index=180): <Trial 180 (180 in rep 0) data={'center': 6, 'surround': 15.0, 'type': 'c+6', 'surr_type': 'poss', 'surr_opacity': 100, 'thisN': 180, 'thisTrialN': 180, 'thisRepN': 0}>
399.6805 	INFO 	Keyboard events cleared
399.6800 	EXP 	surround_grating: autoDraw = False
399.6800 	EXP 	center_grating: autoDraw = False
399.6800 	EXP 	text_2: autoDraw = False
399.6800 	EXP 	surround_grating: ori = 15.0
399.6800 	EXP 	surround_grating: sf = array([2.5, 2.5])
399.6800 	EXP 	surround_grating: phase = array([0.15142917, 0.15142917])
399.6800 	EXP 	center_grating: ori = 6.0
399.6800 	EXP 	center_grating: sf = array([2.5, 2.5])
399.6800 	EXP 	center_grating: phase = array([0.42147451, 0.42147451])
400.1721 	EXP 	surround_grating: autoDraw = True
400.1721 	EXP 	center_grating: autoDraw = True
400.2471 	EXP 	surround_grating: autoDraw = False
400.2471 	EXP 	center_grating: autoDraw = False
400.6753 	EXP 	New trial (rep=0, index=181): <Trial 181 (181 in rep 0) data={'center': -8, 'surround': -15.0, 'type': 'c-8', 'surr_type': 'negs', 'surr_opacity': 100, 'thisN': 181, 'thisTrialN': 181, 'thisRepN': 0}>
400.6830 	INFO 	Keyboard events cleared
400.6826 	EXP 	surround_grating: autoDraw = False
400.6826 	EXP 	center_grating: autoDraw = False
400.6826 	EXP 	text_2: autoDraw = False
400.6826 	EXP 	surround_grating: ori = -15.0
400.6826 	EXP 	surround_grating: sf = array([2.5, 2.5])
400.6826 	EXP 	surround_grating: phase = array([0.09073739, 0.09073739])
400.6826 	EXP 	center_grating: ori = -8.0
400.6826 	EXP 	center_grating: sf = array([2.5, 2.5])
400.6826 	EXP 	center_grating: phase = array([0.42941585, 0.42941585])
401.1726 	EXP 	surround_grating: autoDraw = True
401.1726 	EXP 	center_grating: autoDraw = True
401.2470 	EXP 	surround_grating: autoDraw = False
401.2470 	EXP 	center_grating: autoDraw = False
401.7996 	EXP 	New trial (rep=0, index=182): <Trial 182 (182 in rep 0) data={'center': -8, 'surround': -15.0, 'type': 'c-8', 'surr_type': 'negs', 'surr_opacity': 100, 'thisN': 182, 'thisTrialN': 182, 'thisRepN': 0}>
401.8096 	INFO 	Keyboard events cleared
401.8091 	EXP 	surround_grating: autoDraw = False
401.8091 	EXP 	center_grating: autoDraw = False
401.8091 	EXP 	text_2: autoDraw = False
401.8091 	EXP 	surround_grating: ori = -15.0
401.8091 	EXP 	surround_grating: sf = array([2.5, 2.5])
401.8091 	EXP 	surround_grating: phase = array([0.84661963, 0.84661963])
401.8091 	EXP 	center_grating: ori = -8.0
401.8091 	EXP 	center_grating: sf = array([2.5, 2.5])
401.8091 	EXP 	center_grating: phase = array([0.36784673, 0.36784673])
402.2965 	EXP 	surround_grating: autoDraw = True
402.2965 	EXP 	center_grating: autoDraw = True
402.3688 	EXP 	surround_grating: autoDraw = False
402.3688 	EXP 	center_grating: autoDraw = False
402.8166 	EXP 	New trial (rep=0, index=183): <Trial 183 (183 in rep 0) data={'center': -4, 'surround': 0.0, 'type': 'c-4', 'surr_type': 'noss', 'surr_opacity': 0, 'thisN': 183, 'thisTrialN': 183, 'thisRepN': 0}>
402.8276 	INFO 	Keyboard events cleared
402.8272 	EXP 	surround_grating: autoDraw = False
402.8272 	EXP 	center_grating: autoDraw = False
402.8272 	EXP 	text_2: autoDraw = False
402.8272 	EXP 	surround_grating: ori = 0.0
402.8272 	EXP 	surround_grating: sf = array([2.5, 2.5])
402.8272 	EXP 	surround_grating: phase = array([0.18660722, 0.18660722])
402.8272 	EXP 	center_grating: ori = -4.0
402.8272 	EXP 	center_grating: sf = array([2.5, 2.5])
402.8272 	EXP 	center_grating: phase = array([0.5892719, 0.5892719])
403.3132 	EXP 	surround_grating: autoDraw = True
403.3132 	EXP 	center_grating: autoDraw = True
403.3853 	EXP 	surround_grating: autoDraw = False
403.3853 	EXP 	center_grating: autoDraw = False
403.9555 	EXP 	New trial (rep=0, index=184): <Trial 184 (184 in rep 0) data={'center': 2, 'surround': -15.0, 'type': 'c+2', 'surr_type': 'negs', 'surr_opacity': 100, 'thisN': 184, 'thisTrialN': 184, 'thisRepN': 0}>
403.9656 	INFO 	Keyboard events cleared
403.9651 	EXP 	surround_grating: autoDraw = False
403.9651 	EXP 	center_grating: autoDraw = False
403.9651 	EXP 	text_2: autoDraw = False
403.9651 	EXP 	surround_grating: ori = -15.0
403.9651 	EXP 	surround_grating: sf = array([2.5, 2.5])
403.9651 	EXP 	surround_grating: phase = array([0.87578398, 0.87578398])
403.9651 	EXP 	center_grating: ori = 2.0
403.9651 	EXP 	center_grating: sf = array([2.5, 2.5])
403.9651 	EXP 	center_grating: phase = array([0.27482321, 0.27482321])
404.4558 	EXP 	surround_grating: autoDraw = True
404.4558 	EXP 	center_grating: autoDraw = True
404.5305 	EXP 	surround_grating: autoDraw = False
404.5305 	EXP 	center_grating: autoDraw = False
405.0214 	EXP 	New trial (rep=0, index=185): <Trial 185 (185 in rep 0) data={'center': 1, 'surround': 0.0, 'type': 'c+1', 'surr_type': 'noss', 'surr_opacity': 0, 'thisN': 185, 'thisTrialN': 185, 'thisRepN': 0}>
405.0309 	INFO 	Keyboard events cleared
405.0305 	EXP 	surround_grating: autoDraw = False
405.0305 	EXP 	center_grating: autoDraw = False
405.0305 	EXP 	text_2: autoDraw = False
405.0305 	EXP 	surround_grating: ori = 0.0
405.0305 	EXP 	surround_grating: sf = array([2.5, 2.5])
405.0305 	EXP 	surround_grating: phase = array([0.1014694, 0.1014694])
405.0305 	EXP 	center_grating: ori = 1.0
405.0305 	EXP 	center_grating: sf = array([2.5, 2.5])
405.0305 	EXP 	center_grating: phase = array([0.92244428, 0.92244428])
405.5232 	EXP 	surround_grating: autoDraw = True
405.5232 	EXP 	center_grating: autoDraw = True
405.5972 	EXP 	surround_grating: autoDraw = False
405.5972 	EXP 	center_grating: autoDraw = False
406.0662 	EXP 	New trial (rep=0, index=186): <Trial 186 (186 in rep 0) data={'center': 4, 'surround': 15.0, 'type': 'c+4', 'surr_type': 'poss', 'surr_opacity': 100, 'thisN': 186, 'thisTrialN': 186, 'thisRepN': 0}>
406.0766 	INFO 	Keyboard events cleared
406.0762 	EXP 	surround_grating: autoDraw = False
406.0762 	EXP 	center_grating: autoDraw = False
406.0762 	EXP 	text_2: autoDraw = False
406.0762 	EXP 	surround_grating: ori = 15.0
406.0762 	EXP 	surround_grating: sf = array([2.5, 2.5])
406.0762 	EXP 	surround_grating: phase = array([0.37085304, 0.37085304])
406.0762 	EXP 	center_grating: ori = 4.0
406.0762 	EXP 	center_grating: sf = array([2.5, 2.5])
406.0762 	EXP 	center_grating: phase = array([0.23918856, 0.23918856])
406.5633 	EXP 	surround_grating: autoDraw = True
406.5633 	EXP 	center_grating: autoDraw = True
406.6352 	EXP 	surround_grating: autoDraw = False
406.6352 	EXP 	center_grating: autoDraw = False
407.0828 	EXP 	New trial (rep=0, index=187): <Trial 187 (187 in rep 0) data={'center': 8, 'surround': 15.0, 'type': 'c+8', 'surr_type': 'poss', 'surr_opacity': 100, 'thisN': 187, 'thisTrialN': 187, 'thisRepN': 0}>
407.0928 	INFO 	Keyboard events cleared
407.0924 	EXP 	surround_grating: autoDraw = False
407.0924 	EXP 	center_grating: autoDraw = False
407.0924 	EXP 	text_2: autoDraw = False
407.0924 	EXP 	surround_grating: ori = 15.0
407.0924 	EXP 	surround_grating: sf = array([2.5, 2.5])
407.0924 	EXP 	surround_grating: phase = array([0.90821989, 0.90821989])
407.0924 	EXP 	center_grating: ori = 8.0
407.0924 	EXP 	center_grating: sf = array([2.5, 2.5])
407.0924 	EXP 	center_grating: phase = array([0.16698577, 0.16698577])
407.5800 	EXP 	surround_grating: autoDraw = True
407.5800 	EXP 	center_grating: autoDraw = True
407.6531 	EXP 	surround_grating: autoDraw = False
407.6531 	EXP 	center_grating: autoDraw = False
408.0168 	EXP 	New trial (rep=0, index=188): <Trial 188 (188 in rep 0) data={'center': -4, 'surround': 0.0, 'type': 'c-4', 'surr_type': 'noss', 'surr_opacity': 0, 'thisN': 188, 'thisTrialN': 188, 'thisRepN': 0}>
408.0274 	INFO 	Keyboard events cleared
408.0269 	EXP 	surround_grating: autoDraw = False
408.0269 	EXP 	center_grating: autoDraw = False
408.0269 	EXP 	text_2: autoDraw = False
408.0269 	EXP 	surround_grating: ori = 0.0
408.0269 	EXP 	surround_grating: sf = array([2.5, 2.5])
408.0269 	EXP 	surround_grating: phase = array([0.41130632, 0.41130632])
408.0269 	EXP 	center_grating: ori = -4.0
408.0269 	EXP 	center_grating: sf = array([2.5, 2.5])
408.0269 	EXP 	center_grating: phase = array([0.44478515, 0.44478515])
408.5127 	EXP 	surround_grating: autoDraw = True
408.5127 	EXP 	center_grating: autoDraw = True
408.5867 	EXP 	surround_grating: autoDraw = False
408.5867 	EXP 	center_grating: autoDraw = False
408.8666 	EXP 	New trial (rep=0, index=189): <Trial 189 (189 in rep 0) data={'center': 6, 'surround': 15.0, 'type': 'c+6', 'surr_type': 'poss', 'surr_opacity': 100, 'thisN': 189, 'thisTrialN': 189, 'thisRepN': 0}>
408.8768 	INFO 	Keyboard events cleared
408.8764 	EXP 	surround_grating: autoDraw = False
408.8764 	EXP 	center_grating: autoDraw = False
408.8764 	EXP 	text_2: autoDraw = False
408.8764 	EXP 	surround_grating: ori = 15.0
408.8764 	EXP 	surround_grating: sf = array([2.5, 2.5])
408.8764 	EXP 	surround_grating: phase = array([0.58208616, 0.58208616])
408.8764 	EXP 	center_grating: ori = 6.0
408.8764 	EXP 	center_grating: sf = array([2.5, 2.5])
408.8764 	EXP 	center_grating: phase = array([0.0024152, 0.0024152])
409.3626 	EXP 	surround_grating: autoDraw = True
409.3626 	EXP 	center_grating: autoDraw = True
409.4364 	EXP 	surround_grating: autoDraw = False
409.4364 	EXP 	center_grating: autoDraw = False
409.8003 	EXP 	New trial (rep=0, index=190): <Trial 190 (190 in rep 0) data={'center': 4, 'surround': 0.0, 'type': 'c+4', 'surr_type': 'noss', 'surr_opacity': 0, 'thisN': 190, 'thisTrialN': 190, 'thisRepN': 0}>
409.8114 	INFO 	Keyboard events cleared
409.8109 	EXP 	surround_grating: autoDraw = False
409.8109 	EXP 	center_grating: autoDraw = False
409.8109 	EXP 	text_2: autoDraw = False
409.8109 	EXP 	surround_grating: ori = 0.0
409.8109 	EXP 	surround_grating: sf = array([2.5, 2.5])
409.8109 	EXP 	surround_grating: phase = array([0.57164291, 0.57164291])
409.8109 	EXP 	center_grating: ori = 4.0
409.8109 	EXP 	center_grating: sf = array([2.5, 2.5])
409.8109 	EXP 	center_grating: phase = array([0.98527514, 0.98527514])
410.2969 	EXP 	surround_grating: autoDraw = True
410.2969 	EXP 	center_grating: autoDraw = True
410.3694 	EXP 	surround_grating: autoDraw = False
410.3694 	EXP 	center_grating: autoDraw = False
410.7223 	EXP 	New trial (rep=0, index=191): <Trial 191 (191 in rep 0) data={'center': 8, 'surround': 15.0, 'type': 'c+8', 'surr_type': 'poss', 'surr_opacity': 100, 'thisN': 191, 'thisTrialN': 191, 'thisRepN': 0}>
410.7325 	INFO 	Keyboard events cleared
410.7320 	EXP 	surround_grating: autoDraw = False
410.7320 	EXP 	center_grating: autoDraw = False
410.7320 	EXP 	text_2: autoDraw = False
410.7320 	EXP 	surround_grating: ori = 15.0
410.7320 	EXP 	surround_grating: sf = array([2.5, 2.5])
410.7320 	EXP 	surround_grating: phase = array([0.03714556, 0.03714556])
410.7320 	EXP 	center_grating: ori = 8.0
410.7320 	EXP 	center_grating: sf = array([2.5, 2.5])
410.7320 	EXP 	center_grating: phase = array([0.50541253, 0.50541253])
411.2232 	EXP 	surround_grating: autoDraw = True
411.2232 	EXP 	center_grating: autoDraw = True
411.2976 	EXP 	surround_grating: autoDraw = False
411.2976 	EXP 	center_grating: autoDraw = False
411.5675 	EXP 	New trial (rep=0, index=192): <Trial 192 (192 in rep 0) data={'center': 4, 'surround': 15.0, 'type': 'c+4', 'surr_type': 'poss', 'surr_opacity': 100, 'thisN': 192, 'thisTrialN': 192, 'thisRepN': 0}>
411.5782 	INFO 	Keyboard events cleared
411.5778 	EXP 	surround_grating: autoDraw = False
411.5778 	EXP 	center_grating: autoDraw = False
411.5778 	EXP 	text_2: autoDraw = False
411.5778 	EXP 	surround_grating: ori = 15.0
411.5778 	EXP 	surround_grating: sf = array([2.5, 2.5])
411.5778 	EXP 	surround_grating: phase = array([0.43248809, 0.43248809])
411.5778 	EXP 	center_grating: ori = 4.0
411.5778 	EXP 	center_grating: sf = array([2.5, 2.5])
411.5778 	EXP 	center_grating: phase = array([0.68395812, 0.68395812])
412.0637 	EXP 	surround_grating: autoDraw = True
412.0637 	EXP 	center_grating: autoDraw = True
412.1360 	EXP 	surround_grating: autoDraw = False
412.1360 	EXP 	center_grating: autoDraw = False
412.4167 	EXP 	New trial (rep=0, index=193): <Trial 193 (193 in rep 0) data={'center': 2, 'surround': 0.0, 'type': 'c+2', 'surr_type': 'noss', 'surr_opacity': 0, 'thisN': 193, 'thisTrialN': 193, 'thisRepN': 0}>
412.4267 	INFO 	Keyboard events cleared
412.4261 	EXP 	surround_grating: autoDraw = False
412.4261 	EXP 	center_grating: autoDraw = False
412.4261 	EXP 	text_2: autoDraw = False
412.4261 	EXP 	surround_grating: ori = 0.0
412.4261 	EXP 	surround_grating: sf = array([2.5, 2.5])
412.4261 	EXP 	surround_grating: phase = array([0.87446563, 0.87446563])
412.4261 	EXP 	center_grating: ori = 2.0
412.4261 	EXP 	center_grating: sf = array([2.5, 2.5])
412.4261 	EXP 	center_grating: phase = array([0.85457302, 0.85457302])
412.9127 	EXP 	surround_grating: autoDraw = True
412.9127 	EXP 	center_grating: autoDraw = True
412.9856 	EXP 	surround_grating: autoDraw = False
412.9856 	EXP 	center_grating: autoDraw = False
413.3342 	EXP 	New trial (rep=0, index=194): <Trial 194 (194 in rep 0) data={'center': -1, 'surround': 0.0, 'type': 'c-1', 'surr_type': 'noss', 'surr_opacity': 0, 'thisN': 194, 'thisTrialN': 194, 'thisRepN': 0}>
413.3455 	INFO 	Keyboard events cleared
413.3452 	EXP 	surround_grating: autoDraw = False
413.3452 	EXP 	center_grating: autoDraw = False
413.3452 	EXP 	text_2: autoDraw = False
413.3452 	EXP 	surround_grating: ori = 0.0
413.3452 	EXP 	surround_grating: sf = array([2.5, 2.5])
413.3452 	EXP 	surround_grating: phase = array([0.00328426, 0.00328426])
413.3452 	EXP 	center_grating: ori = -1.0
413.3452 	EXP 	center_grating: sf = array([2.5, 2.5])
413.3452 	EXP 	center_grating: phase = array([0.37255882, 0.37255882])
413.8303 	EXP 	surround_grating: autoDraw = True
413.8303 	EXP 	center_grating: autoDraw = True
413.9032 	EXP 	surround_grating: autoDraw = False
413.9032 	EXP 	center_grating: autoDraw = False
414.1839 	EXP 	New trial (rep=0, index=195): <Trial 195 (195 in rep 0) data={'center': -2, 'surround': 15.0, 'type': 'c-2', 'surr_type': 'poss', 'surr_opacity': 100, 'thisN': 195, 'thisTrialN': 195, 'thisRepN': 0}>
414.1943 	INFO 	Keyboard events cleared
414.1939 	EXP 	surround_grating: autoDraw = False
414.1939 	EXP 	center_grating: autoDraw = False
414.1939 	EXP 	text_2: autoDraw = False
414.1939 	EXP 	surround_grating: ori = 15.0
414.1939 	EXP 	surround_grating: sf = array([2.5, 2.5])
414.1939 	EXP 	surround_grating: phase = array([0.97387299, 0.97387299])
414.1939 	EXP 	center_grating: ori = -2.0
414.1939 	EXP 	center_grating: sf = array([2.5, 2.5])
414.1939 	EXP 	center_grating: phase = array([0.4448163, 0.4448163])
414.6803 	EXP 	surround_grating: autoDraw = True
414.6803 	EXP 	center_grating: autoDraw = True
414.7538 	EXP 	surround_grating: autoDraw = False
414.7538 	EXP 	center_grating: autoDraw = False
415.2560 	EXP 	New trial (rep=0, index=196): <Trial 196 (196 in rep 0) data={'center': -2, 'surround': -15.0, 'type': 'c-2', 'surr_type': 'negs', 'surr_opacity': 100, 'thisN': 196, 'thisTrialN': 196, 'thisRepN': 0}>
415.2661 	INFO 	Keyboard events cleared
415.2655 	EXP 	surround_grating: autoDraw = False
415.2655 	EXP 	center_grating: autoDraw = False
415.2655 	EXP 	text_2: autoDraw = False
415.2655 	EXP 	surround_grating: ori = -15.0
415.2655 	EXP 	surround_grating: sf = array([2.5, 2.5])
415.2655 	EXP 	surround_grating: phase = array([0.2827527, 0.2827527])
415.2655 	EXP 	center_grating: ori = -2.0
415.2655 	EXP 	center_grating: sf = array([2.5, 2.5])
415.2655 	EXP 	center_grating: phase = array([0.72140587, 0.72140587])
415.7558 	EXP 	surround_grating: autoDraw = True
415.7558 	EXP 	center_grating: autoDraw = True
415.8307 	EXP 	surround_grating: autoDraw = False
415.8307 	EXP 	center_grating: autoDraw = False
416.4009 	EXP 	New trial (rep=0, index=197): <Trial 197 (197 in rep 0) data={'center': 4, 'surround': 15.0, 'type': 'c+4', 'surr_type': 'poss', 'surr_opacity': 100, 'thisN': 197, 'thisTrialN': 197, 'thisRepN': 0}>
416.4111 	INFO 	Keyboard events cleared
416.4105 	EXP 	surround_grating: autoDraw = False
416.4105 	EXP 	center_grating: autoDraw = False
416.4105 	EXP 	text_2: autoDraw = False
416.4105 	EXP 	surround_grating: ori = 15.0
416.4105 	EXP 	surround_grating: sf = array([2.5, 2.5])
416.4105 	EXP 	surround_grating: phase = array([0.31731806, 0.31731806])
416.4105 	EXP 	center_grating: ori = 4.0
416.4105 	EXP 	center_grating: sf = array([2.5, 2.5])
416.4105 	EXP 	center_grating: phase = array([0.28766924, 0.28766924])
416.8970 	EXP 	surround_grating: autoDraw = True
416.8970 	EXP 	center_grating: autoDraw = True
416.9695 	EXP 	surround_grating: autoDraw = False
416.9695 	EXP 	center_grating: autoDraw = False
417.4497 	EXP 	New trial (rep=0, index=198): <Trial 198 (198 in rep 0) data={'center': -2, 'surround': 0.0, 'type': 'c-2', 'surr_type': 'noss', 'surr_opacity': 0, 'thisN': 198, 'thisTrialN': 198, 'thisRepN': 0}>
417.4595 	INFO 	Keyboard events cleared
417.4591 	EXP 	surround_grating: autoDraw = False
417.4591 	EXP 	center_grating: autoDraw = False
417.4591 	EXP 	text_2: autoDraw = False
417.4591 	EXP 	surround_grating: ori = 0.0
417.4591 	EXP 	surround_grating: sf = array([2.5, 2.5])
417.4591 	EXP 	surround_grating: phase = array([0.99871842, 0.99871842])
417.4591 	EXP 	center_grating: ori = -2.0
417.4591 	EXP 	center_grating: sf = array([2.5, 2.5])
417.4591 	EXP 	center_grating: phase = array([0.05135437, 0.05135437])
417.9472 	EXP 	surround_grating: autoDraw = True
417.9472 	EXP 	center_grating: autoDraw = True
418.0193 	EXP 	surround_grating: autoDraw = False
418.0193 	EXP 	center_grating: autoDraw = False
418.5006 	EXP 	New trial (rep=0, index=199): <Trial 199 (199 in rep 0) data={'center': -8, 'surround': -15.0, 'type': 'c-8', 'surr_type': 'negs', 'surr_opacity': 100, 'thisN': 199, 'thisTrialN': 199, 'thisRepN': 0}>
418.5111 	INFO 	Keyboard events cleared
418.5106 	EXP 	surround_grating: autoDraw = False
418.5106 	EXP 	center_grating: autoDraw = False
418.5106 	EXP 	text_2: autoDraw = False
418.5106 	EXP 	surround_grating: ori = -15.0
418.5106 	EXP 	surround_grating: sf = array([2.5, 2.5])
418.5106 	EXP 	surround_grating: phase = array([0.17105502, 0.17105502])
418.5106 	EXP 	center_grating: ori = -8.0
418.5106 	EXP 	center_grating: sf = array([2.5, 2.5])
418.5106 	EXP 	center_grating: phase = array([0.49489413, 0.49489413])
418.9971 	EXP 	surround_grating: autoDraw = True
418.9971 	EXP 	center_grating: autoDraw = True
419.0696 	EXP 	surround_grating: autoDraw = False
419.0696 	EXP 	center_grating: autoDraw = False
419.7674 	EXP 	New trial (rep=0, index=200): <Trial 200 (200 in rep 0) data={'center': 2, 'surround': -15.0, 'type': 'c+2', 'surr_type': 'negs', 'surr_opacity': 100, 'thisN': 200, 'thisTrialN': 200, 'thisRepN': 0}>
419.7776 	INFO 	Keyboard events cleared
419.7771 	EXP 	surround_grating: autoDraw = False
419.7771 	EXP 	center_grating: autoDraw = False
419.7771 	EXP 	text_2: autoDraw = False
419.7771 	EXP 	surround_grating: ori = -15.0
419.7771 	EXP 	surround_grating: sf = array([2.5, 2.5])
419.7771 	EXP 	surround_grating: phase = array([0.22156353, 0.22156353])
419.7771 	EXP 	center_grating: ori = 2.0
419.7771 	EXP 	center_grating: sf = array([2.5, 2.5])
419.7771 	EXP 	center_grating: phase = array([0.4493142, 0.4493142])
420.2638 	EXP 	surround_grating: autoDraw = True
420.2638 	EXP 	center_grating: autoDraw = True
420.3359 	EXP 	surround_grating: autoDraw = False
420.3359 	EXP 	center_grating: autoDraw = False
420.8840 	EXP 	New trial (rep=0, index=201): <Trial 201 (201 in rep 0) data={'center': 0, 'surround': -15.0, 'type': 'c+0', 'surr_type': 'negs', 'surr_opacity': 100, 'thisN': 201, 'thisTrialN': 201, 'thisRepN': 0}>
420.8952 	INFO 	Keyboard events cleared
420.8946 	EXP 	surround_grating: autoDraw = False
420.8946 	EXP 	center_grating: autoDraw = False
420.8946 	EXP 	text_2: autoDraw = False
420.8946 	EXP 	surround_grating: ori = -15.0
420.8946 	EXP 	surround_grating: sf = array([2.5, 2.5])
420.8946 	EXP 	surround_grating: phase = array([0.24076366, 0.24076366])
420.8946 	EXP 	center_grating: ori = 0.0
420.8946 	EXP 	center_grating: sf = array([2.5, 2.5])
420.8946 	EXP 	center_grating: phase = array([0.21108988, 0.21108988])
421.3805 	EXP 	surround_grating: autoDraw = True
421.3805 	EXP 	center_grating: autoDraw = True
421.4531 	EXP 	surround_grating: autoDraw = False
421.4531 	EXP 	center_grating: autoDraw = False
421.7895 	EXP 	New trial (rep=0, index=202): <Trial 202 (202 in rep 0) data={'center': -4, 'surround': 0.0, 'type': 'c-4', 'surr_type': 'noss', 'surr_opacity': 0, 'thisN': 202, 'thisTrialN': 202, 'thisRepN': 0}>
421.8003 	INFO 	Keyboard events cleared
421.7998 	EXP 	surround_grating: autoDraw = False
421.7998 	EXP 	center_grating: autoDraw = False
421.7998 	EXP 	text_2: autoDraw = False
421.7998 	EXP 	surround_grating: ori = 0.0
421.7998 	EXP 	surround_grating: sf = array([2.5, 2.5])
421.7998 	EXP 	surround_grating: phase = array([0.60587454, 0.60587454])
421.7998 	EXP 	center_grating: ori = -4.0
421.7998 	EXP 	center_grating: sf = array([2.5, 2.5])
421.7998 	EXP 	center_grating: phase = array([0.51387513, 0.51387513])
422.2899 	EXP 	surround_grating: autoDraw = True
422.2899 	EXP 	center_grating: autoDraw = True
422.3644 	EXP 	surround_grating: autoDraw = False
422.3644 	EXP 	center_grating: autoDraw = False
422.7171 	EXP 	New trial (rep=0, index=203): <Trial 203 (203 in rep 0) data={'center': -6, 'surround': -15.0, 'type': 'c-6', 'surr_type': 'negs', 'surr_opacity': 100, 'thisN': 203, 'thisTrialN': 203, 'thisRepN': 0}>
422.7276 	INFO 	Keyboard events cleared
422.7272 	EXP 	surround_grating: autoDraw = False
422.7272 	EXP 	center_grating: autoDraw = False
422.7272 	EXP 	text_2: autoDraw = False
422.7272 	EXP 	surround_grating: ori = -15.0
422.7272 	EXP 	surround_grating: sf = array([2.5, 2.5])
422.7272 	EXP 	surround_grating: phase = array([0.3898701, 0.3898701])
422.7272 	EXP 	center_grating: ori = -6.0
422.7272 	EXP 	center_grating: sf = array([2.5, 2.5])
422.7272 	EXP 	center_grating: phase = array([0.24614317, 0.24614317])
423.2139 	EXP 	surround_grating: autoDraw = True
423.2139 	EXP 	center_grating: autoDraw = True
423.2863 	EXP 	surround_grating: autoDraw = False
423.2863 	EXP 	center_grating: autoDraw = False
423.8152 	EXP 	New trial (rep=0, index=204): <Trial 204 (204 in rep 0) data={'center': 2, 'surround': 0.0, 'type': 'c+2', 'surr_type': 'noss', 'surr_opacity': 0, 'thisN': 204, 'thisTrialN': 204, 'thisRepN': 0}>
423.8220 	INFO 	Keyboard events cleared
423.8216 	EXP 	surround_grating: autoDraw = False
423.8216 	EXP 	center_grating: autoDraw = False
423.8216 	EXP 	text_2: autoDraw = False
423.8216 	EXP 	surround_grating: ori = 0.0
423.8216 	EXP 	surround_grating: sf = array([2.5, 2.5])
423.8216 	EXP 	surround_grating: phase = array([0.07678443, 0.07678443])
423.8216 	EXP 	center_grating: ori = 2.0
423.8216 	EXP 	center_grating: sf = array([2.5, 2.5])
423.8216 	EXP 	center_grating: phase = array([0.98025275, 0.98025275])
424.3063 	EXP 	surround_grating: autoDraw = True
424.3063 	EXP 	center_grating: autoDraw = True
424.3811 	EXP 	surround_grating: autoDraw = False
424.3811 	EXP 	center_grating: autoDraw = False
424.8504 	EXP 	New trial (rep=0, index=205): <Trial 205 (205 in rep 0) data={'center': -2, 'surround': -15.0, 'type': 'c-2', 'surr_type': 'negs', 'surr_opacity': 100, 'thisN': 205, 'thisTrialN': 205, 'thisRepN': 0}>
424.8601 	INFO 	Keyboard events cleared
424.8596 	EXP 	surround_grating: autoDraw = False
424.8596 	EXP 	center_grating: autoDraw = False
424.8596 	EXP 	text_2: autoDraw = False
424.8596 	EXP 	surround_grating: ori = -15.0
424.8596 	EXP 	surround_grating: sf = array([2.5, 2.5])
424.8596 	EXP 	surround_grating: phase = array([0.8706078, 0.8706078])
424.8596 	EXP 	center_grating: ori = -2.0
424.8596 	EXP 	center_grating: sf = array([2.5, 2.5])
424.8596 	EXP 	center_grating: phase = array([0.09243043, 0.09243043])
425.3474 	EXP 	surround_grating: autoDraw = True
425.3474 	EXP 	center_grating: autoDraw = True
425.4202 	EXP 	surround_grating: autoDraw = False
425.4202 	EXP 	center_grating: autoDraw = False
425.9847 	EXP 	New trial (rep=0, index=206): <Trial 206 (206 in rep 0) data={'center': -2, 'surround': 0.0, 'type': 'c-2', 'surr_type': 'noss', 'surr_opacity': 0, 'thisN': 206, 'thisTrialN': 206, 'thisRepN': 0}>
425.9952 	INFO 	Keyboard events cleared
425.9948 	EXP 	surround_grating: autoDraw = False
425.9948 	EXP 	center_grating: autoDraw = False
425.9948 	EXP 	text_2: autoDraw = False
425.9948 	EXP 	surround_grating: ori = 0.0
425.9948 	EXP 	surround_grating: sf = array([2.5, 2.5])
425.9948 	EXP 	surround_grating: phase = array([0.00014919, 0.00014919])
425.9948 	EXP 	center_grating: ori = -2.0
425.9948 	EXP 	center_grating: sf = array([2.5, 2.5])
425.9948 	EXP 	center_grating: phase = array([0.24412148, 0.24412148])
426.4808 	EXP 	surround_grating: autoDraw = True
426.4808 	EXP 	center_grating: autoDraw = True
426.5530 	EXP 	surround_grating: autoDraw = False
426.5530 	EXP 	center_grating: autoDraw = False
427.2339 	EXP 	New trial (rep=0, index=207): <Trial 207 (207 in rep 0) data={'center': -2, 'surround': 0.0, 'type': 'c-2', 'surr_type': 'noss', 'surr_opacity': 0, 'thisN': 207, 'thisTrialN': 207, 'thisRepN': 0}>
427.2441 	INFO 	Keyboard events cleared
427.2436 	EXP 	surround_grating: autoDraw = False
427.2436 	EXP 	center_grating: autoDraw = False
427.2436 	EXP 	text_2: autoDraw = False
427.2436 	EXP 	surround_grating: ori = 0.0
427.2436 	EXP 	surround_grating: sf = array([2.5, 2.5])
427.2436 	EXP 	surround_grating: phase = array([0.76831778, 0.76831778])
427.2436 	EXP 	center_grating: ori = -2.0
427.2436 	EXP 	center_grating: sf = array([2.5, 2.5])
427.2436 	EXP 	center_grating: phase = array([0.00837128, 0.00837128])
427.7309 	EXP 	surround_grating: autoDraw = True
427.7309 	EXP 	center_grating: autoDraw = True
427.8028 	EXP 	surround_grating: autoDraw = False
427.8028 	EXP 	center_grating: autoDraw = False
428.4012 	EXP 	New trial (rep=0, index=208): <Trial 208 (208 in rep 0) data={'center': 2, 'surround': 15.0, 'type': 'c+2', 'surr_type': 'poss', 'surr_opacity': 100, 'thisN': 208, 'thisTrialN': 208, 'thisRepN': 0}>
428.4116 	INFO 	Keyboard events cleared
428.4112 	EXP 	surround_grating: autoDraw = False
428.4112 	EXP 	center_grating: autoDraw = False
428.4112 	EXP 	text_2: autoDraw = False
428.4112 	EXP 	surround_grating: ori = 15.0
428.4112 	EXP 	surround_grating: sf = array([2.5, 2.5])
428.4112 	EXP 	surround_grating: phase = array([0.9969718, 0.9969718])
428.4112 	EXP 	center_grating: ori = 2.0
428.4112 	EXP 	center_grating: sf = array([2.5, 2.5])
428.4112 	EXP 	center_grating: phase = array([0.77933759, 0.77933759])
428.8975 	EXP 	surround_grating: autoDraw = True
428.8975 	EXP 	center_grating: autoDraw = True
428.9698 	EXP 	surround_grating: autoDraw = False
428.9698 	EXP 	center_grating: autoDraw = False
429.5662 	EXP 	New trial (rep=0, index=209): <Trial 209 (209 in rep 0) data={'center': 1, 'surround': 0.0, 'type': 'c+1', 'surr_type': 'noss', 'surr_opacity': 0, 'thisN': 209, 'thisTrialN': 209, 'thisRepN': 0}>
429.5734 	INFO 	Keyboard events cleared
429.5730 	EXP 	surround_grating: autoDraw = False
429.5730 	EXP 	center_grating: autoDraw = False
429.5730 	EXP 	text_2: autoDraw = False
429.5730 	EXP 	surround_grating: ori = 0.0
429.5730 	EXP 	surround_grating: sf = array([2.5, 2.5])
429.5730 	EXP 	surround_grating: phase = array([0.32844293, 0.32844293])
429.5730 	EXP 	center_grating: ori = 1.0
429.5730 	EXP 	center_grating: sf = array([2.5, 2.5])
429.5730 	EXP 	center_grating: phase = array([0.98495799, 0.98495799])
430.0642 	EXP 	surround_grating: autoDraw = True
430.0642 	EXP 	center_grating: autoDraw = True
430.1376 	EXP 	surround_grating: autoDraw = False
430.1376 	EXP 	center_grating: autoDraw = False
430.5904 	EXP 	New trial (rep=0, index=210): <Trial 210 (210 in rep 0) data={'center': 1, 'surround': 0.0, 'type': 'c+1', 'surr_type': 'noss', 'surr_opacity': 0, 'thisN': 210, 'thisTrialN': 210, 'thisRepN': 0}>
430.6007 	INFO 	Keyboard events cleared
430.6002 	EXP 	surround_grating: autoDraw = False
430.6002 	EXP 	center_grating: autoDraw = False
430.6002 	EXP 	text_2: autoDraw = False
430.6002 	EXP 	surround_grating: ori = 0.0
430.6002 	EXP 	surround_grating: sf = array([2.5, 2.5])
430.6002 	EXP 	surround_grating: phase = array([0.79099218, 0.79099218])
430.6002 	EXP 	center_grating: ori = 1.0
430.6002 	EXP 	center_grating: sf = array([2.5, 2.5])
430.6002 	EXP 	center_grating: phase = array([0.81834472, 0.81834472])
431.0906 	EXP 	surround_grating: autoDraw = True
431.0906 	EXP 	center_grating: autoDraw = True
431.1647 	EXP 	surround_grating: autoDraw = False
431.1647 	EXP 	center_grating: autoDraw = False
431.6856 	EXP 	New trial (rep=0, index=211): <Trial 211 (211 in rep 0) data={'center': -4, 'surround': -15.0, 'type': 'c-4', 'surr_type': 'negs', 'surr_opacity': 100, 'thisN': 211, 'thisTrialN': 211, 'thisRepN': 0}>
431.6963 	INFO 	Keyboard events cleared
431.6957 	EXP 	surround_grating: autoDraw = False
431.6957 	EXP 	center_grating: autoDraw = False
431.6957 	EXP 	text_2: autoDraw = False
431.6957 	EXP 	surround_grating: ori = -15.0
431.6957 	EXP 	surround_grating: sf = array([2.5, 2.5])
431.6957 	EXP 	surround_grating: phase = array([0.06514429, 0.06514429])
431.6957 	EXP 	center_grating: ori = -4.0
431.6957 	EXP 	center_grating: sf = array([2.5, 2.5])
431.6957 	EXP 	center_grating: phase = array([0.92827549, 0.92827549])
432.1811 	EXP 	surround_grating: autoDraw = True
432.1811 	EXP 	center_grating: autoDraw = True
432.2533 	EXP 	surround_grating: autoDraw = False
432.2533 	EXP 	center_grating: autoDraw = False
432.9512 	EXP 	New trial (rep=0, index=212): <Trial 212 (212 in rep 0) data={'center': -2, 'surround': 0.0, 'type': 'c-2', 'surr_type': 'noss', 'surr_opacity': 0, 'thisN': 212, 'thisTrialN': 212, 'thisRepN': 0}>
432.9621 	INFO 	Keyboard events cleared
432.9617 	EXP 	surround_grating: autoDraw = False
432.9617 	EXP 	center_grating: autoDraw = False
432.9617 	EXP 	text_2: autoDraw = False
432.9617 	EXP 	surround_grating: ori = 0.0
432.9617 	EXP 	surround_grating: sf = array([2.5, 2.5])
432.9617 	EXP 	surround_grating: phase = array([0.87519315, 0.87519315])
432.9617 	EXP 	center_grating: ori = -2.0
432.9617 	EXP 	center_grating: sf = array([2.5, 2.5])
432.9617 	EXP 	center_grating: phase = array([0.3506508, 0.3506508])
433.4478 	EXP 	surround_grating: autoDraw = True
433.4478 	EXP 	center_grating: autoDraw = True
433.5197 	EXP 	surround_grating: autoDraw = False
433.5197 	EXP 	center_grating: autoDraw = False
434.0074 	EXP 	New trial (rep=0, index=213): <Trial 213 (213 in rep 0) data={'center': 2, 'surround': 0.0, 'type': 'c+2', 'surr_type': 'noss', 'surr_opacity': 0, 'thisN': 213, 'thisTrialN': 213, 'thisRepN': 0}>
434.0177 	INFO 	Keyboard events cleared
434.0172 	EXP 	surround_grating: autoDraw = False
434.0172 	EXP 	center_grating: autoDraw = False
434.0172 	EXP 	text_2: autoDraw = False
434.0172 	EXP 	surround_grating: ori = 0.0
434.0172 	EXP 	surround_grating: sf = array([2.5, 2.5])
434.0172 	EXP 	surround_grating: phase = array([0.09978545, 0.09978545])
434.0172 	EXP 	center_grating: ori = 2.0
434.0172 	EXP 	center_grating: sf = array([2.5, 2.5])
434.0172 	EXP 	center_grating: phase = array([0.44975296, 0.44975296])
434.5067 	EXP 	surround_grating: autoDraw = True
434.5067 	EXP 	center_grating: autoDraw = True
434.5815 	EXP 	surround_grating: autoDraw = False
434.5815 	EXP 	center_grating: autoDraw = False
434.9674 	EXP 	New trial (rep=0, index=214): <Trial 214 (214 in rep 0) data={'center': 0, 'surround': -15.0, 'type': 'c+0', 'surr_type': 'negs', 'surr_opacity': 100, 'thisN': 214, 'thisTrialN': 214, 'thisRepN': 0}>
434.9773 	INFO 	Keyboard events cleared
434.9768 	EXP 	surround_grating: autoDraw = False
434.9768 	EXP 	center_grating: autoDraw = False
434.9768 	EXP 	text_2: autoDraw = False
434.9768 	EXP 	surround_grating: ori = -15.0
434.9768 	EXP 	surround_grating: sf = array([2.5, 2.5])
434.9768 	EXP 	surround_grating: phase = array([0.62521037, 0.62521037])
434.9768 	EXP 	center_grating: ori = 0.0
434.9768 	EXP 	center_grating: sf = array([2.5, 2.5])
434.9768 	EXP 	center_grating: phase = array([0.86722919, 0.86722919])
435.4645 	EXP 	surround_grating: autoDraw = True
435.4645 	EXP 	center_grating: autoDraw = True
435.5361 	EXP 	surround_grating: autoDraw = False
435.5361 	EXP 	center_grating: autoDraw = False
436.0175 	EXP 	New trial (rep=0, index=215): <Trial 215 (215 in rep 0) data={'center': 1, 'surround': 0.0, 'type': 'c+1', 'surr_type': 'noss', 'surr_opacity': 0, 'thisN': 215, 'thisTrialN': 215, 'thisRepN': 0}>
436.0276 	INFO 	Keyboard events cleared
436.0271 	EXP 	surround_grating: autoDraw = False
436.0271 	EXP 	center_grating: autoDraw = False
436.0271 	EXP 	text_2: autoDraw = False
436.0271 	EXP 	surround_grating: ori = 0.0
436.0271 	EXP 	surround_grating: sf = array([2.5, 2.5])
436.0271 	EXP 	surround_grating: phase = array([0.82866208, 0.82866208])
436.0271 	EXP 	center_grating: ori = 1.0
436.0271 	EXP 	center_grating: sf = array([2.5, 2.5])
436.0271 	EXP 	center_grating: phase = array([0.3762065, 0.3762065])
436.5145 	EXP 	surround_grating: autoDraw = True
436.5145 	EXP 	center_grating: autoDraw = True
436.5867 	EXP 	surround_grating: autoDraw = False
436.5867 	EXP 	center_grating: autoDraw = False
436.8676 	EXP 	New trial (rep=0, index=216): <Trial 216 (216 in rep 0) data={'center': 0, 'surround': -15.0, 'type': 'c+0', 'surr_type': 'negs', 'surr_opacity': 100, 'thisN': 216, 'thisTrialN': 216, 'thisRepN': 0}>
436.8778 	INFO 	Keyboard events cleared
436.8772 	EXP 	surround_grating: autoDraw = False
436.8772 	EXP 	center_grating: autoDraw = False
436.8772 	EXP 	text_2: autoDraw = False
436.8772 	EXP 	surround_grating: ori = -15.0
436.8772 	EXP 	surround_grating: sf = array([2.5, 2.5])
436.8772 	EXP 	surround_grating: phase = array([0.11611585, 0.11611585])
436.8772 	EXP 	center_grating: ori = 0.0
436.8772 	EXP 	center_grating: sf = array([2.5, 2.5])
436.8772 	EXP 	center_grating: phase = array([0.66776475, 0.66776475])
437.3645 	EXP 	surround_grating: autoDraw = True
437.3645 	EXP 	center_grating: autoDraw = True
437.4376 	EXP 	surround_grating: autoDraw = False
437.4376 	EXP 	center_grating: autoDraw = False
437.9060 	EXP 	New trial (rep=0, index=217): <Trial 217 (217 in rep 0) data={'center': -6, 'surround': -15.0, 'type': 'c-6', 'surr_type': 'negs', 'surr_opacity': 100, 'thisN': 217, 'thisTrialN': 217, 'thisRepN': 0}>
437.9317 	INFO 	Keyboard events cleared
437.9313 	EXP 	surround_grating: autoDraw = False
437.9313 	EXP 	center_grating: autoDraw = False
437.9313 	EXP 	text_2: autoDraw = False
437.9313 	EXP 	surround_grating: ori = -15.0
437.9313 	EXP 	surround_grating: sf = array([2.5, 2.5])
437.9313 	EXP 	surround_grating: phase = array([0.51098241, 0.51098241])
437.9313 	EXP 	center_grating: ori = -6.0
437.9313 	EXP 	center_grating: sf = array([2.5, 2.5])
437.9313 	EXP 	center_grating: phase = array([0.79945671, 0.79945671])
438.4066 	EXP 	surround_grating: autoDraw = True
438.4066 	EXP 	center_grating: autoDraw = True
438.4817 	EXP 	surround_grating: autoDraw = False
438.4817 	EXP 	center_grating: autoDraw = False
439.0726 	EXP 	New trial (rep=0, index=218): <Trial 218 (218 in rep 0) data={'center': 0, 'surround': 15.0, 'type': 'c+0', 'surr_type': 'poss', 'surr_opacity': 100, 'thisN': 218, 'thisTrialN': 218, 'thisRepN': 0}>
439.0826 	INFO 	Keyboard events cleared
439.0821 	EXP 	surround_grating: autoDraw = False
439.0821 	EXP 	center_grating: autoDraw = False
439.0821 	EXP 	text_2: autoDraw = False
439.0821 	EXP 	surround_grating: ori = 15.0
439.0821 	EXP 	surround_grating: sf = array([2.5, 2.5])
439.0821 	EXP 	surround_grating: phase = array([0.92357987, 0.92357987])
439.0821 	EXP 	center_grating: ori = 0.0
439.0821 	EXP 	center_grating: sf = array([2.5, 2.5])
439.0821 	EXP 	center_grating: phase = array([0.5877276, 0.5877276])
439.5729 	EXP 	surround_grating: autoDraw = True
439.5729 	EXP 	center_grating: autoDraw = True
439.6484 	EXP 	surround_grating: autoDraw = False
439.6484 	EXP 	center_grating: autoDraw = False
440.9010 	EXP 	New trial (rep=0, index=219): <Trial 219 (219 in rep 0) data={'center': -2, 'surround': -15.0, 'type': 'c-2', 'surr_type': 'negs', 'surr_opacity': 100, 'thisN': 219, 'thisTrialN': 219, 'thisRepN': 0}>
440.9109 	INFO 	Keyboard events cleared
440.9104 	EXP 	surround_grating: autoDraw = False
440.9104 	EXP 	center_grating: autoDraw = False
440.9104 	EXP 	text_2: autoDraw = False
440.9104 	EXP 	surround_grating: ori = -15.0
440.9104 	EXP 	surround_grating: sf = array([2.5, 2.5])
440.9104 	EXP 	surround_grating: phase = array([0.86012922, 0.86012922])
440.9104 	EXP 	center_grating: ori = -2.0
440.9104 	EXP 	center_grating: sf = array([2.5, 2.5])
440.9104 	EXP 	center_grating: phase = array([0.64722663, 0.64722663])
441.3979 	EXP 	surround_grating: autoDraw = True
441.3979 	EXP 	center_grating: autoDraw = True
441.4709 	EXP 	surround_grating: autoDraw = False
441.4709 	EXP 	center_grating: autoDraw = False
442.2908 	EXP 	New trial (rep=0, index=220): <Trial 220 (220 in rep 0) data={'center': 4, 'surround': 15.0, 'type': 'c+4', 'surr_type': 'poss', 'surr_opacity': 100, 'thisN': 220, 'thisTrialN': 220, 'thisRepN': 0}>
442.3009 	INFO 	Keyboard events cleared
442.3005 	EXP 	surround_grating: autoDraw = False
442.3005 	EXP 	center_grating: autoDraw = False
442.3005 	EXP 	text_2: autoDraw = False
442.3005 	EXP 	surround_grating: ori = 15.0
442.3005 	EXP 	surround_grating: sf = array([2.5, 2.5])
442.3005 	EXP 	surround_grating: phase = array([0.37227704, 0.37227704])
442.3005 	EXP 	center_grating: ori = 4.0
442.3005 	EXP 	center_grating: sf = array([2.5, 2.5])
442.3005 	EXP 	center_grating: phase = array([0.66109046, 0.66109046])
442.7907 	EXP 	surround_grating: autoDraw = True
442.7907 	EXP 	center_grating: autoDraw = True
442.8653 	EXP 	surround_grating: autoDraw = False
442.8653 	EXP 	center_grating: autoDraw = False
443.5915 	EXP 	New trial (rep=0, index=221): <Trial 221 (221 in rep 0) data={'center': 6, 'surround': 15.0, 'type': 'c+6', 'surr_type': 'poss', 'surr_opacity': 100, 'thisN': 221, 'thisTrialN': 221, 'thisRepN': 0}>
443.6014 	INFO 	Keyboard events cleared
443.6009 	EXP 	surround_grating: autoDraw = False
443.6009 	EXP 	center_grating: autoDraw = False
443.6009 	EXP 	text_2: autoDraw = False
443.6009 	EXP 	surround_grating: ori = 15.0
443.6009 	EXP 	surround_grating: sf = array([2.5, 2.5])
443.6009 	EXP 	surround_grating: phase = array([0.15550036, 0.15550036])
443.6009 	EXP 	center_grating: ori = 6.0
443.6009 	EXP 	center_grating: sf = array([2.5, 2.5])
443.6009 	EXP 	center_grating: phase = array([0.58337332, 0.58337332])
444.0902 	EXP 	surround_grating: autoDraw = True
444.0902 	EXP 	center_grating: autoDraw = True
444.1651 	EXP 	surround_grating: autoDraw = False
444.1651 	EXP 	center_grating: autoDraw = False
444.8848 	EXP 	New trial (rep=0, index=222): <Trial 222 (222 in rep 0) data={'center': -2, 'surround': -15.0, 'type': 'c-2', 'surr_type': 'negs', 'surr_opacity': 100, 'thisN': 222, 'thisTrialN': 222, 'thisRepN': 0}>
444.8960 	INFO 	Keyboard events cleared
444.8955 	EXP 	surround_grating: autoDraw = False
444.8955 	EXP 	center_grating: autoDraw = False
444.8955 	EXP 	text_2: autoDraw = False
444.8955 	EXP 	surround_grating: ori = -15.0
444.8955 	EXP 	surround_grating: sf = array([2.5, 2.5])
444.8955 	EXP 	surround_grating: phase = array([0.43858044, 0.43858044])
444.8955 	EXP 	center_grating: ori = -2.0
444.8955 	EXP 	center_grating: sf = array([2.5, 2.5])
444.8955 	EXP 	center_grating: phase = array([0.86104918, 0.86104918])
445.3814 	EXP 	surround_grating: autoDraw = True
445.3814 	EXP 	center_grating: autoDraw = True
445.4543 	EXP 	surround_grating: autoDraw = False
445.4543 	EXP 	center_grating: autoDraw = False
445.9513 	EXP 	New trial (rep=0, index=223): <Trial 223 (223 in rep 0) data={'center': 8, 'surround': 15.0, 'type': 'c+8', 'surr_type': 'poss', 'surr_opacity': 100, 'thisN': 223, 'thisTrialN': 223, 'thisRepN': 0}>
445.9616 	INFO 	Keyboard events cleared
445.9611 	EXP 	surround_grating: autoDraw = False
445.9611 	EXP 	center_grating: autoDraw = False
445.9611 	EXP 	text_2: autoDraw = False
445.9611 	EXP 	surround_grating: ori = 15.0
445.9611 	EXP 	surround_grating: sf = array([2.5, 2.5])
445.9611 	EXP 	surround_grating: phase = array([0.6215889, 0.6215889])
445.9611 	EXP 	center_grating: ori = 8.0
445.9611 	EXP 	center_grating: sf = array([2.5, 2.5])
445.9611 	EXP 	center_grating: phase = array([0.92008187, 0.92008187])
446.4480 	EXP 	surround_grating: autoDraw = True
446.4480 	EXP 	center_grating: autoDraw = True
446.5207 	EXP 	surround_grating: autoDraw = False
446.5207 	EXP 	center_grating: autoDraw = False
446.8683 	EXP 	New trial (rep=0, index=224): <Trial 224 (224 in rep 0) data={'center': -8, 'surround': -15.0, 'type': 'c-8', 'surr_type': 'negs', 'surr_opacity': 100, 'thisN': 224, 'thisTrialN': 224, 'thisRepN': 0}>
446.8793 	INFO 	Keyboard events cleared
446.8787 	EXP 	surround_grating: autoDraw = False
446.8787 	EXP 	center_grating: autoDraw = False
446.8787 	EXP 	text_2: autoDraw = False
446.8787 	EXP 	surround_grating: ori = -15.0
446.8787 	EXP 	surround_grating: sf = array([2.5, 2.5])
446.8787 	EXP 	surround_grating: phase = array([0.19956358, 0.19956358])
446.8787 	EXP 	center_grating: ori = -8.0
446.8787 	EXP 	center_grating: sf = array([2.5, 2.5])
446.8787 	EXP 	center_grating: phase = array([0.98893777, 0.98893777])
447.3648 	EXP 	surround_grating: autoDraw = True
447.3648 	EXP 	center_grating: autoDraw = True
447.4369 	EXP 	surround_grating: autoDraw = False
447.4369 	EXP 	center_grating: autoDraw = False
447.9914 	EXP 	New trial (rep=0, index=225): <Trial 225 (225 in rep 0) data={'center': -4, 'surround': -15.0, 'type': 'c-4', 'surr_type': 'negs', 'surr_opacity': 100, 'thisN': 225, 'thisTrialN': 225, 'thisRepN': 0}>
448.0018 	INFO 	Keyboard events cleared
448.0011 	EXP 	surround_grating: autoDraw = False
448.0011 	EXP 	center_grating: autoDraw = False
448.0011 	EXP 	text_2: autoDraw = False
448.0011 	EXP 	surround_grating: ori = -15.0
448.0011 	EXP 	surround_grating: sf = array([2.5, 2.5])
448.0011 	EXP 	surround_grating: phase = array([0.26054564, 0.26054564])
448.0011 	EXP 	center_grating: ori = -4.0
448.0011 	EXP 	center_grating: sf = array([2.5, 2.5])
448.0011 	EXP 	center_grating: phase = array([0.87259047, 0.87259047])
448.4901 	EXP 	surround_grating: autoDraw = True
448.4901 	EXP 	center_grating: autoDraw = True
448.5653 	EXP 	surround_grating: autoDraw = False
448.5653 	EXP 	center_grating: autoDraw = False
449.1010 	EXP 	New trial (rep=0, index=226): <Trial 226 (226 in rep 0) data={'center': 1, 'surround': 0.0, 'type': 'c+1', 'surr_type': 'noss', 'surr_opacity': 0, 'thisN': 226, 'thisTrialN': 226, 'thisRepN': 0}>
449.1109 	INFO 	Keyboard events cleared
449.1104 	EXP 	surround_grating: autoDraw = False
449.1104 	EXP 	center_grating: autoDraw = False
449.1104 	EXP 	text_2: autoDraw = False
449.1104 	EXP 	surround_grating: ori = 0.0
449.1104 	EXP 	surround_grating: sf = array([2.5, 2.5])
449.1104 	EXP 	surround_grating: phase = array([0.85622086, 0.85622086])
449.1104 	EXP 	center_grating: ori = 1.0
449.1104 	EXP 	center_grating: sf = array([2.5, 2.5])
449.1104 	EXP 	center_grating: phase = array([0.25481283, 0.25481283])
449.5982 	EXP 	surround_grating: autoDraw = True
449.5982 	EXP 	center_grating: autoDraw = True
449.6713 	EXP 	surround_grating: autoDraw = False
449.6713 	EXP 	center_grating: autoDraw = False
450.1409 	EXP 	New trial (rep=0, index=227): <Trial 227 (227 in rep 0) data={'center': 1, 'surround': 0.0, 'type': 'c+1', 'surr_type': 'noss', 'surr_opacity': 0, 'thisN': 227, 'thisTrialN': 227, 'thisRepN': 0}>
450.1514 	INFO 	Keyboard events cleared
450.1509 	EXP 	surround_grating: autoDraw = False
450.1509 	EXP 	center_grating: autoDraw = False
450.1509 	EXP 	text_2: autoDraw = False
450.1509 	EXP 	surround_grating: ori = 0.0
450.1509 	EXP 	surround_grating: sf = array([2.5, 2.5])
450.1509 	EXP 	surround_grating: phase = array([0.02686838, 0.02686838])
450.1509 	EXP 	center_grating: ori = 1.0
450.1509 	EXP 	center_grating: sf = array([2.5, 2.5])
450.1509 	EXP 	center_grating: phase = array([0.00403742, 0.00403742])
450.6405 	EXP 	surround_grating: autoDraw = True
450.6405 	EXP 	center_grating: autoDraw = True
450.7153 	EXP 	surround_grating: autoDraw = False
450.7153 	EXP 	center_grating: autoDraw = False
451.1349 	EXP 	New trial (rep=0, index=228): <Trial 228 (228 in rep 0) data={'center': -6, 'surround': -15.0, 'type': 'c-6', 'surr_type': 'negs', 'surr_opacity': 100, 'thisN': 228, 'thisTrialN': 228, 'thisRepN': 0}>
451.1451 	INFO 	Keyboard events cleared
451.1447 	EXP 	surround_grating: autoDraw = False
451.1447 	EXP 	center_grating: autoDraw = False
451.1447 	EXP 	text_2: autoDraw = False
451.1447 	EXP 	surround_grating: ori = -15.0
451.1447 	EXP 	surround_grating: sf = array([2.5, 2.5])
451.1447 	EXP 	surround_grating: phase = array([0.79711452, 0.79711452])
451.1447 	EXP 	center_grating: ori = -6.0
451.1447 	EXP 	center_grating: sf = array([2.5, 2.5])
451.1447 	EXP 	center_grating: phase = array([0.81276095, 0.81276095])
451.6316 	EXP 	surround_grating: autoDraw = True
451.6316 	EXP 	center_grating: autoDraw = True
451.7040 	EXP 	surround_grating: autoDraw = False
451.7040 	EXP 	center_grating: autoDraw = False
452.0016 	EXP 	New trial (rep=0, index=229): <Trial 229 (229 in rep 0) data={'center': 1, 'surround': 0.0, 'type': 'c+1', 'surr_type': 'noss', 'surr_opacity': 0, 'thisN': 229, 'thisTrialN': 229, 'thisRepN': 0}>
452.0127 	INFO 	Keyboard events cleared
452.0123 	EXP 	surround_grating: autoDraw = False
452.0123 	EXP 	center_grating: autoDraw = False
452.0123 	EXP 	text_2: autoDraw = False
452.0123 	EXP 	surround_grating: ori = 0.0
452.0123 	EXP 	surround_grating: sf = array([2.5, 2.5])
452.0123 	EXP 	surround_grating: phase = array([0.33250641, 0.33250641])
452.0123 	EXP 	center_grating: ori = 1.0
452.0123 	EXP 	center_grating: sf = array([2.5, 2.5])
452.0123 	EXP 	center_grating: phase = array([0.95588415, 0.95588415])
452.4984 	EXP 	surround_grating: autoDraw = True
452.4984 	EXP 	center_grating: autoDraw = True
452.5714 	EXP 	surround_grating: autoDraw = False
452.5714 	EXP 	center_grating: autoDraw = False
453.0181 	EXP 	New trial (rep=0, index=230): <Trial 230 (230 in rep 0) data={'center': -2, 'surround': -15.0, 'type': 'c-2', 'surr_type': 'negs', 'surr_opacity': 100, 'thisN': 230, 'thisTrialN': 230, 'thisRepN': 0}>
453.0283 	INFO 	Keyboard events cleared
453.0278 	EXP 	surround_grating: autoDraw = False
453.0278 	EXP 	center_grating: autoDraw = False
453.0278 	EXP 	text_2: autoDraw = False
453.0278 	EXP 	surround_grating: ori = -15.0
453.0278 	EXP 	surround_grating: sf = array([2.5, 2.5])
453.0278 	EXP 	surround_grating: phase = array([0.9247427, 0.9247427])
453.0278 	EXP 	center_grating: ori = -2.0
453.0278 	EXP 	center_grating: sf = array([2.5, 2.5])
453.0278 	EXP 	center_grating: phase = array([0.92212057, 0.92212057])
453.5150 	EXP 	surround_grating: autoDraw = True
453.5150 	EXP 	center_grating: autoDraw = True
453.5873 	EXP 	surround_grating: autoDraw = False
453.5873 	EXP 	center_grating: autoDraw = False
454.0017 	EXP 	New trial (rep=0, index=231): <Trial 231 (231 in rep 0) data={'center': 2, 'surround': 15.0, 'type': 'c+2', 'surr_type': 'poss', 'surr_opacity': 100, 'thisN': 231, 'thisTrialN': 231, 'thisRepN': 0}>
454.0115 	INFO 	Keyboard events cleared
454.0111 	EXP 	surround_grating: autoDraw = False
454.0111 	EXP 	center_grating: autoDraw = False
454.0111 	EXP 	text_2: autoDraw = False
454.0111 	EXP 	surround_grating: ori = 15.0
454.0111 	EXP 	surround_grating: sf = array([2.5, 2.5])
454.0111 	EXP 	surround_grating: phase = array([0.60346032, 0.60346032])
454.0111 	EXP 	center_grating: ori = 2.0
454.0111 	EXP 	center_grating: sf = array([2.5, 2.5])
454.0111 	EXP 	center_grating: phase = array([0.63102415, 0.63102415])
454.4984 	EXP 	surround_grating: autoDraw = True
454.4984 	EXP 	center_grating: autoDraw = True
454.5707 	EXP 	surround_grating: autoDraw = False
454.5707 	EXP 	center_grating: autoDraw = False
454.8075 	EXP 	New trial (rep=0, index=232): <Trial 232 (232 in rep 0) data={'center': 6, 'surround': 15.0, 'type': 'c+6', 'surr_type': 'poss', 'surr_opacity': 100, 'thisN': 232, 'thisTrialN': 232, 'thisRepN': 0}>
454.8180 	INFO 	Keyboard events cleared
454.8175 	EXP 	surround_grating: autoDraw = False
454.8175 	EXP 	center_grating: autoDraw = False
454.8175 	EXP 	text_2: autoDraw = False
454.8175 	EXP 	surround_grating: ori = 15.0
454.8175 	EXP 	surround_grating: sf = array([2.5, 2.5])
454.8175 	EXP 	surround_grating: phase = array([0.97759465, 0.97759465])
454.8175 	EXP 	center_grating: ori = 6.0
454.8175 	EXP 	center_grating: sf = array([2.5, 2.5])
454.8175 	EXP 	center_grating: phase = array([0.80295271, 0.80295271])
455.3075 	EXP 	surround_grating: autoDraw = True
455.3075 	EXP 	center_grating: autoDraw = True
455.3820 	EXP 	surround_grating: autoDraw = False
455.3820 	EXP 	center_grating: autoDraw = False
455.8905 	EXP 	New trial (rep=0, index=233): <Trial 233 (233 in rep 0) data={'center': -2, 'surround': 15.0, 'type': 'c-2', 'surr_type': 'poss', 'surr_opacity': 100, 'thisN': 233, 'thisTrialN': 233, 'thisRepN': 0}>
455.9159 	INFO 	Keyboard events cleared
455.9152 	EXP 	surround_grating: autoDraw = False
455.9152 	EXP 	center_grating: autoDraw = False
455.9152 	EXP 	text_2: autoDraw = False
455.9152 	EXP 	surround_grating: ori = 15.0
455.9152 	EXP 	surround_grating: sf = array([2.5, 2.5])
455.9152 	EXP 	surround_grating: phase = array([0.56271451, 0.56271451])
455.9152 	EXP 	center_grating: ori = -2.0
455.9152 	EXP 	center_grating: sf = array([2.5, 2.5])
455.9152 	EXP 	center_grating: phase = array([0.94093889, 0.94093889])
456.3901 	EXP 	surround_grating: autoDraw = True
456.3901 	EXP 	center_grating: autoDraw = True
456.4656 	EXP 	surround_grating: autoDraw = False
456.4656 	EXP 	center_grating: autoDraw = False
456.7912 	EXP 	New trial (rep=0, index=234): <Trial 234 (234 in rep 0) data={'center': -6, 'surround': -15.0, 'type': 'c-6', 'surr_type': 'negs', 'surr_opacity': 100, 'thisN': 234, 'thisTrialN': 234, 'thisRepN': 0}>
456.8017 	INFO 	Keyboard events cleared
456.8011 	EXP 	surround_grating: autoDraw = False
456.8011 	EXP 	center_grating: autoDraw = False
456.8011 	EXP 	text_2: autoDraw = False
456.8011 	EXP 	surround_grating: ori = -15.0
456.8011 	EXP 	surround_grating: sf = array([2.5, 2.5])
456.8011 	EXP 	surround_grating: phase = array([0.97279226, 0.97279226])
456.8011 	EXP 	center_grating: ori = -6.0
456.8011 	EXP 	center_grating: sf = array([2.5, 2.5])
456.8011 	EXP 	center_grating: phase = array([0.43887141, 0.43887141])
457.2906 	EXP 	surround_grating: autoDraw = True
457.2906 	EXP 	center_grating: autoDraw = True
457.3657 	EXP 	surround_grating: autoDraw = False
457.3657 	EXP 	center_grating: autoDraw = False
457.8181 	EXP 	New trial (rep=0, index=235): <Trial 235 (235 in rep 0) data={'center': 2, 'surround': -15.0, 'type': 'c+2', 'surr_type': 'negs', 'surr_opacity': 100, 'thisN': 235, 'thisTrialN': 235, 'thisRepN': 0}>
457.8280 	INFO 	Keyboard events cleared
457.8276 	EXP 	surround_grating: autoDraw = False
457.8276 	EXP 	center_grating: autoDraw = False
457.8276 	EXP 	text_2: autoDraw = False
457.8276 	EXP 	surround_grating: ori = -15.0
457.8276 	EXP 	surround_grating: sf = array([2.5, 2.5])
457.8276 	EXP 	surround_grating: phase = array([0.06345523, 0.06345523])
457.8276 	EXP 	center_grating: ori = 2.0
457.8276 	EXP 	center_grating: sf = array([2.5, 2.5])
457.8276 	EXP 	center_grating: phase = array([0.37537955, 0.37537955])
458.3153 	EXP 	surround_grating: autoDraw = True
458.3153 	EXP 	center_grating: autoDraw = True
458.3877 	EXP 	surround_grating: autoDraw = False
458.3877 	EXP 	center_grating: autoDraw = False
459.0079 	EXP 	New trial (rep=0, index=236): <Trial 236 (236 in rep 0) data={'center': -4, 'surround': 0.0, 'type': 'c-4', 'surr_type': 'noss', 'surr_opacity': 0, 'thisN': 236, 'thisTrialN': 236, 'thisRepN': 0}>
459.0181 	INFO 	Keyboard events cleared
459.0177 	EXP 	surround_grating: autoDraw = False
459.0177 	EXP 	center_grating: autoDraw = False
459.0177 	EXP 	text_2: autoDraw = False
459.0177 	EXP 	surround_grating: ori = 0.0
459.0177 	EXP 	surround_grating: sf = array([2.5, 2.5])
459.0177 	EXP 	surround_grating: phase = array([0.29267731, 0.29267731])
459.0177 	EXP 	center_grating: ori = -4.0
459.0177 	EXP 	center_grating: sf = array([2.5, 2.5])
459.0177 	EXP 	center_grating: phase = array([0.40073437, 0.40073437])
459.5076 	EXP 	surround_grating: autoDraw = True
459.5076 	EXP 	center_grating: autoDraw = True
459.5826 	EXP 	surround_grating: autoDraw = False
459.5826 	EXP 	center_grating: autoDraw = False
460.1021 	EXP 	New trial (rep=0, index=237): <Trial 237 (237 in rep 0) data={'center': 4, 'surround': 15.0, 'type': 'c+4', 'surr_type': 'poss', 'surr_opacity': 100, 'thisN': 237, 'thisTrialN': 237, 'thisRepN': 0}>
460.1125 	INFO 	Keyboard events cleared
460.1119 	EXP 	surround_grating: autoDraw = False
460.1119 	EXP 	center_grating: autoDraw = False
460.1119 	EXP 	text_2: autoDraw = False
460.1119 	EXP 	surround_grating: ori = 15.0
460.1119 	EXP 	surround_grating: sf = array([2.5, 2.5])
460.1119 	EXP 	surround_grating: phase = array([0.20872421, 0.20872421])
460.1119 	EXP 	center_grating: ori = 4.0
460.1119 	EXP 	center_grating: sf = array([2.5, 2.5])
460.1119 	EXP 	center_grating: phase = array([0.55905223, 0.55905223])
460.5976 	EXP 	surround_grating: autoDraw = True
460.5976 	EXP 	center_grating: autoDraw = True
460.6716 	EXP 	surround_grating: autoDraw = False
460.6716 	EXP 	center_grating: autoDraw = False
461.4354 	EXP 	New trial (rep=0, index=238): <Trial 238 (238 in rep 0) data={'center': 2, 'surround': 15.0, 'type': 'c+2', 'surr_type': 'poss', 'surr_opacity': 100, 'thisN': 238, 'thisTrialN': 238, 'thisRepN': 0}>
461.4461 	INFO 	Keyboard events cleared
461.4458 	EXP 	surround_grating: autoDraw = False
461.4458 	EXP 	center_grating: autoDraw = False
461.4458 	EXP 	text_2: autoDraw = False
461.4458 	EXP 	surround_grating: ori = 15.0
461.4458 	EXP 	surround_grating: sf = array([2.5, 2.5])
461.4458 	EXP 	surround_grating: phase = array([0.76934406, 0.76934406])
461.4458 	EXP 	center_grating: ori = 2.0
461.4458 	EXP 	center_grating: sf = array([2.5, 2.5])
461.4458 	EXP 	center_grating: phase = array([0.16849086, 0.16849086])
461.9319 	EXP 	surround_grating: autoDraw = True
461.9319 	EXP 	center_grating: autoDraw = True
462.0055 	EXP 	surround_grating: autoDraw = False
462.0055 	EXP 	center_grating: autoDraw = False
462.7406 	EXP 	New trial (rep=0, index=239): <Trial 239 (239 in rep 0) data={'center': 2, 'surround': -15.0, 'type': 'c+2', 'surr_type': 'negs', 'surr_opacity': 100, 'thisN': 239, 'thisTrialN': 239, 'thisRepN': 0}>
462.7660 	INFO 	Keyboard events cleared
462.7656 	EXP 	surround_grating: autoDraw = False
462.7656 	EXP 	center_grating: autoDraw = False
462.7656 	EXP 	text_2: autoDraw = False
462.7656 	EXP 	surround_grating: ori = -15.0
462.7656 	EXP 	surround_grating: sf = array([2.5, 2.5])
462.7656 	EXP 	surround_grating: phase = array([0.99820907, 0.99820907])
462.7656 	EXP 	center_grating: ori = 2.0
462.7656 	EXP 	center_grating: sf = array([2.5, 2.5])
462.7656 	EXP 	center_grating: phase = array([0.82704515, 0.82704515])
463.2413 	EXP 	surround_grating: autoDraw = True
463.2413 	EXP 	center_grating: autoDraw = True
463.3159 	EXP 	surround_grating: autoDraw = False
463.3159 	EXP 	center_grating: autoDraw = False
463.8400 	EXP 	New trial (rep=0, index=240): <Trial 240 (240 in rep 0) data={'center': -6, 'surround': -15.0, 'type': 'c-6', 'surr_type': 'negs', 'surr_opacity': 100, 'thisN': 240, 'thisTrialN': 240, 'thisRepN': 0}>
463.8501 	INFO 	Keyboard events cleared
463.8497 	EXP 	surround_grating: autoDraw = False
463.8497 	EXP 	center_grating: autoDraw = False
463.8497 	EXP 	text_2: autoDraw = False
463.8497 	EXP 	surround_grating: ori = -15.0
463.8497 	EXP 	surround_grating: sf = array([2.5, 2.5])
463.8497 	EXP 	surround_grating: phase = array([0.4421048, 0.4421048])
463.8497 	EXP 	center_grating: ori = -6.0
463.8497 	EXP 	center_grating: sf = array([2.5, 2.5])
463.8497 	EXP 	center_grating: phase = array([0.37075393, 0.37075393])
464.3320 	EXP 	surround_grating: autoDraw = True
464.3320 	EXP 	center_grating: autoDraw = True
464.4053 	EXP 	surround_grating: autoDraw = False
464.4053 	EXP 	center_grating: autoDraw = False
464.9572 	EXP 	New trial (rep=0, index=241): <Trial 241 (241 in rep 0) data={'center': -4, 'surround': -15.0, 'type': 'c-4', 'surr_type': 'negs', 'surr_opacity': 100, 'thisN': 241, 'thisTrialN': 241, 'thisRepN': 0}>
464.9827 	INFO 	Keyboard events cleared
464.9823 	EXP 	surround_grating: autoDraw = False
464.9823 	EXP 	center_grating: autoDraw = False
464.9823 	EXP 	text_2: autoDraw = False
464.9823 	EXP 	surround_grating: ori = -15.0
464.9823 	EXP 	surround_grating: sf = array([2.5, 2.5])
464.9823 	EXP 	surround_grating: phase = array([0.5760839, 0.5760839])
464.9823 	EXP 	center_grating: ori = -4.0
464.9823 	EXP 	center_grating: sf = array([2.5, 2.5])
464.9823 	EXP 	center_grating: phase = array([0.42149331, 0.42149331])
465.4582 	EXP 	surround_grating: autoDraw = True
465.4582 	EXP 	center_grating: autoDraw = True
465.5328 	EXP 	surround_grating: autoDraw = False
465.5328 	EXP 	center_grating: autoDraw = False
466.2359 	EXP 	New trial (rep=0, index=242): <Trial 242 (242 in rep 0) data={'center': -6, 'surround': -15.0, 'type': 'c-6', 'surr_type': 'negs', 'surr_opacity': 100, 'thisN': 242, 'thisTrialN': 242, 'thisRepN': 0}>
466.2458 	INFO 	Keyboard events cleared
466.2453 	EXP 	surround_grating: autoDraw = False
466.2453 	EXP 	center_grating: autoDraw = False
466.2453 	EXP 	text_2: autoDraw = False
466.2453 	EXP 	surround_grating: ori = -15.0
466.2453 	EXP 	surround_grating: sf = array([2.5, 2.5])
466.2453 	EXP 	surround_grating: phase = array([0.94950119, 0.94950119])
466.2453 	EXP 	center_grating: ori = -6.0
466.2453 	EXP 	center_grating: sf = array([2.5, 2.5])
466.2453 	EXP 	center_grating: phase = array([0.30039751, 0.30039751])
466.7321 	EXP 	surround_grating: autoDraw = True
466.7321 	EXP 	center_grating: autoDraw = True
466.8048 	EXP 	surround_grating: autoDraw = False
466.8048 	EXP 	center_grating: autoDraw = False
467.3582 	EXP 	New trial (rep=0, index=243): <Trial 243 (243 in rep 0) data={'center': 0, 'surround': 15.0, 'type': 'c+0', 'surr_type': 'poss', 'surr_opacity': 100, 'thisN': 243, 'thisTrialN': 243, 'thisRepN': 0}>
467.3684 	INFO 	Keyboard events cleared
467.3680 	EXP 	surround_grating: autoDraw = False
467.3680 	EXP 	center_grating: autoDraw = False
467.3680 	EXP 	text_2: autoDraw = False
467.3680 	EXP 	surround_grating: ori = 15.0
467.3680 	EXP 	surround_grating: sf = array([2.5, 2.5])
467.3680 	EXP 	surround_grating: phase = array([0.16620876, 0.16620876])
467.3680 	EXP 	center_grating: ori = 0.0
467.3680 	EXP 	center_grating: sf = array([2.5, 2.5])
467.3680 	EXP 	center_grating: phase = array([0.33728001, 0.33728001])
467.8583 	EXP 	surround_grating: autoDraw = True
467.8583 	EXP 	center_grating: autoDraw = True
467.9327 	EXP 	surround_grating: autoDraw = False
467.9327 	EXP 	center_grating: autoDraw = False
468.7522 	EXP 	New trial (rep=0, index=244): <Trial 244 (244 in rep 0) data={'center': 4, 'surround': 0.0, 'type': 'c+4', 'surr_type': 'noss', 'surr_opacity': 0, 'thisN': 244, 'thisTrialN': 244, 'thisRepN': 0}>
468.7627 	INFO 	Keyboard events cleared
468.7622 	EXP 	surround_grating: autoDraw = False
468.7622 	EXP 	center_grating: autoDraw = False
468.7622 	EXP 	text_2: autoDraw = False
468.7622 	EXP 	surround_grating: ori = 0.0
468.7622 	EXP 	surround_grating: sf = array([2.5, 2.5])
468.7622 	EXP 	surround_grating: phase = array([0.57932752, 0.57932752])
468.7622 	EXP 	center_grating: ori = 4.0
468.7622 	EXP 	center_grating: sf = array([2.5, 2.5])
468.7622 	EXP 	center_grating: phase = array([0.09577812, 0.09577812])
469.2491 	EXP 	surround_grating: autoDraw = True
469.2491 	EXP 	center_grating: autoDraw = True
469.3209 	EXP 	surround_grating: autoDraw = False
469.3209 	EXP 	center_grating: autoDraw = False
469.8867 	EXP 	New trial (rep=0, index=245): <Trial 245 (245 in rep 0) data={'center': 0, 'surround': -15.0, 'type': 'c+0', 'surr_type': 'negs', 'surr_opacity': 100, 'thisN': 245, 'thisTrialN': 245, 'thisRepN': 0}>
469.8974 	INFO 	Keyboard events cleared
469.8969 	EXP 	surround_grating: autoDraw = False
469.8969 	EXP 	center_grating: autoDraw = False
469.8969 	EXP 	text_2: autoDraw = False
469.8969 	EXP 	surround_grating: ori = -15.0
469.8969 	EXP 	surround_grating: sf = array([2.5, 2.5])
469.8969 	EXP 	surround_grating: phase = array([0.30338504, 0.30338504])
469.8969 	EXP 	center_grating: ori = 0.0
469.8969 	EXP 	center_grating: sf = array([2.5, 2.5])
469.8969 	EXP 	center_grating: phase = array([0.10640237, 0.10640237])
470.3822 	EXP 	surround_grating: autoDraw = True
470.3822 	EXP 	center_grating: autoDraw = True
470.4544 	EXP 	surround_grating: autoDraw = False
470.4544 	EXP 	center_grating: autoDraw = False
470.9355 	EXP 	New trial (rep=0, index=246): <Trial 246 (246 in rep 0) data={'center': 8, 'surround': 15.0, 'type': 'c+8', 'surr_type': 'poss', 'surr_opacity': 100, 'thisN': 246, 'thisTrialN': 246, 'thisRepN': 0}>
470.9459 	INFO 	Keyboard events cleared
470.9455 	EXP 	surround_grating: autoDraw = False
470.9455 	EXP 	center_grating: autoDraw = False
470.9455 	EXP 	text_2: autoDraw = False
470.9455 	EXP 	surround_grating: ori = 15.0
470.9455 	EXP 	surround_grating: sf = array([2.5, 2.5])
470.9455 	EXP 	surround_grating: phase = array([0.35396346, 0.35396346])
470.9455 	EXP 	center_grating: ori = 8.0
470.9455 	EXP 	center_grating: sf = array([2.5, 2.5])
470.9455 	EXP 	center_grating: phase = array([0.33012644, 0.33012644])
471.4323 	EXP 	surround_grating: autoDraw = True
471.4323 	EXP 	center_grating: autoDraw = True
471.5045 	EXP 	surround_grating: autoDraw = False
471.5045 	EXP 	center_grating: autoDraw = False
471.8571 	EXP 	New trial (rep=0, index=247): <Trial 247 (247 in rep 0) data={'center': 2, 'surround': 0.0, 'type': 'c+2', 'surr_type': 'noss', 'surr_opacity': 0, 'thisN': 247, 'thisTrialN': 247, 'thisRepN': 0}>
471.8671 	INFO 	Keyboard events cleared
471.8666 	EXP 	surround_grating: autoDraw = False
471.8666 	EXP 	center_grating: autoDraw = False
471.8666 	EXP 	text_2: autoDraw = False
471.8666 	EXP 	surround_grating: ori = 0.0
471.8666 	EXP 	surround_grating: sf = array([2.5, 2.5])
471.8666 	EXP 	surround_grating: phase = array([0.72911435, 0.72911435])
471.8666 	EXP 	center_grating: ori = 2.0
471.8666 	EXP 	center_grating: sf = array([2.5, 2.5])
471.8666 	EXP 	center_grating: phase = array([0.13226921, 0.13226921])
472.3586 	EXP 	surround_grating: autoDraw = True
472.3586 	EXP 	center_grating: autoDraw = True
472.4329 	EXP 	surround_grating: autoDraw = False
472.4329 	EXP 	center_grating: autoDraw = False
473.9904 	EXP 	New trial (rep=0, index=248): <Trial 248 (248 in rep 0) data={'center': 2, 'surround': 0.0, 'type': 'c+2', 'surr_type': 'noss', 'surr_opacity': 0, 'thisN': 248, 'thisTrialN': 248, 'thisRepN': 0}>
474.0166 	INFO 	Keyboard events cleared
474.0160 	EXP 	surround_grating: autoDraw = False
474.0160 	EXP 	center_grating: autoDraw = False
474.0160 	EXP 	text_2: autoDraw = False
474.0160 	EXP 	surround_grating: ori = 0.0
474.0160 	EXP 	surround_grating: sf = array([2.5, 2.5])
474.0160 	EXP 	surround_grating: phase = array([0.43533097, 0.43533097])
474.0160 	EXP 	center_grating: ori = 2.0
474.0160 	EXP 	center_grating: sf = array([2.5, 2.5])
474.0160 	EXP 	center_grating: phase = array([0.48613914, 0.48613914])
474.4916 	EXP 	surround_grating: autoDraw = True
474.4916 	EXP 	center_grating: autoDraw = True
474.5663 	EXP 	surround_grating: autoDraw = False
474.5663 	EXP 	center_grating: autoDraw = False
475.1371 	EXP 	New trial (rep=0, index=249): <Trial 249 (249 in rep 0) data={'center': -4, 'surround': -15.0, 'type': 'c-4', 'surr_type': 'negs', 'surr_opacity': 100, 'thisN': 249, 'thisTrialN': 249, 'thisRepN': 0}>
475.1474 	INFO 	Keyboard events cleared
475.1470 	EXP 	surround_grating: autoDraw = False
475.1470 	EXP 	center_grating: autoDraw = False
475.1470 	EXP 	text_2: autoDraw = False
475.1470 	EXP 	surround_grating: ori = -15.0
475.1470 	EXP 	surround_grating: sf = array([2.5, 2.5])
475.1470 	EXP 	surround_grating: phase = array([0.99467965, 0.99467965])
475.1470 	EXP 	center_grating: ori = -4.0
475.1470 	EXP 	center_grating: sf = array([2.5, 2.5])
475.1470 	EXP 	center_grating: phase = array([0.54116468, 0.54116468])
475.6324 	EXP 	surround_grating: autoDraw = True
475.6324 	EXP 	center_grating: autoDraw = True
475.7055 	EXP 	surround_grating: autoDraw = False
475.7055 	EXP 	center_grating: autoDraw = False
476.2349 	EXP 	New trial (rep=0, index=250): <Trial 250 (250 in rep 0) data={'center': 1, 'surround': 0.0, 'type': 'c+1', 'surr_type': 'noss', 'surr_opacity': 0, 'thisN': 250, 'thisTrialN': 250, 'thisRepN': 0}>
476.2449 	INFO 	Keyboard events cleared
476.2445 	EXP 	surround_grating: autoDraw = False
476.2445 	EXP 	center_grating: autoDraw = False
476.2445 	EXP 	text_2: autoDraw = False
476.2445 	EXP 	surround_grating: ori = 0.0
476.2445 	EXP 	surround_grating: sf = array([2.5, 2.5])
476.2445 	EXP 	surround_grating: phase = array([0.59707008, 0.59707008])
476.2445 	EXP 	center_grating: ori = 1.0
476.2445 	EXP 	center_grating: sf = array([2.5, 2.5])
476.2445 	EXP 	center_grating: phase = array([0.2789599, 0.2789599])
476.7326 	EXP 	surround_grating: autoDraw = True
476.7326 	EXP 	center_grating: autoDraw = True
476.8044 	EXP 	surround_grating: autoDraw = False
476.8044 	EXP 	center_grating: autoDraw = False
477.0689 	EXP 	New trial (rep=0, index=251): <Trial 251 (251 in rep 0) data={'center': 0, 'surround': -15.0, 'type': 'c+0', 'surr_type': 'negs', 'surr_opacity': 100, 'thisN': 251, 'thisTrialN': 251, 'thisRepN': 0}>
477.0789 	INFO 	Keyboard events cleared
477.0785 	EXP 	surround_grating: autoDraw = False
477.0785 	EXP 	center_grating: autoDraw = False
477.0785 	EXP 	text_2: autoDraw = False
477.0785 	EXP 	surround_grating: ori = -15.0
477.0785 	EXP 	surround_grating: sf = array([2.5, 2.5])
477.0785 	EXP 	surround_grating: phase = array([0.38179149, 0.38179149])
477.0785 	EXP 	center_grating: ori = 0.0
477.0785 	EXP 	center_grating: sf = array([2.5, 2.5])
477.0785 	EXP 	center_grating: phase = array([0.92152654, 0.92152654])
477.5658 	EXP 	surround_grating: autoDraw = True
477.5658 	EXP 	center_grating: autoDraw = True
477.6378 	EXP 	surround_grating: autoDraw = False
477.6378 	EXP 	center_grating: autoDraw = False
478.1242 	EXP 	New trial (rep=0, index=252): <Trial 252 (252 in rep 0) data={'center': -2, 'surround': 15.0, 'type': 'c-2', 'surr_type': 'poss', 'surr_opacity': 100, 'thisN': 252, 'thisTrialN': 252, 'thisRepN': 0}>
478.1499 	INFO 	Keyboard events cleared
478.1493 	EXP 	surround_grating: autoDraw = False
478.1493 	EXP 	center_grating: autoDraw = False
478.1493 	EXP 	text_2: autoDraw = False
478.1493 	EXP 	surround_grating: ori = 15.0
478.1493 	EXP 	surround_grating: sf = array([2.5, 2.5])
478.1493 	EXP 	surround_grating: phase = array([0.45767224, 0.45767224])
478.1493 	EXP 	center_grating: ori = -2.0
478.1493 	EXP 	center_grating: sf = array([2.5, 2.5])
478.1493 	EXP 	center_grating: phase = array([0.99994177, 0.99994177])
478.6246 	EXP 	surround_grating: autoDraw = True
478.6246 	EXP 	center_grating: autoDraw = True
478.6998 	EXP 	surround_grating: autoDraw = False
478.6998 	EXP 	center_grating: autoDraw = False
479.3024 	EXP 	New trial (rep=0, index=253): <Trial 253 (253 in rep 0) data={'center': -8, 'surround': -15.0, 'type': 'c-8', 'surr_type': 'negs', 'surr_opacity': 100, 'thisN': 253, 'thisTrialN': 253, 'thisRepN': 0}>
479.3128 	INFO 	Keyboard events cleared
479.3122 	EXP 	surround_grating: autoDraw = False
479.3122 	EXP 	center_grating: autoDraw = False
479.3122 	EXP 	text_2: autoDraw = False
479.3122 	EXP 	surround_grating: ori = -15.0
479.3122 	EXP 	surround_grating: sf = array([2.5, 2.5])
479.3122 	EXP 	surround_grating: phase = array([0.99354756, 0.99354756])
479.3122 	EXP 	center_grating: ori = -8.0
479.3122 	EXP 	center_grating: sf = array([2.5, 2.5])
479.3122 	EXP 	center_grating: phase = array([0.74162567, 0.74162567])
479.7993 	EXP 	surround_grating: autoDraw = True
479.7993 	EXP 	center_grating: autoDraw = True
479.8715 	EXP 	surround_grating: autoDraw = False
479.8715 	EXP 	center_grating: autoDraw = False
480.4026 	EXP 	New trial (rep=0, index=254): <Trial 254 (254 in rep 0) data={'center': -6, 'surround': -15.0, 'type': 'c-6', 'surr_type': 'negs', 'surr_opacity': 100, 'thisN': 254, 'thisTrialN': 254, 'thisRepN': 0}>
480.4136 	INFO 	Keyboard events cleared
480.4131 	EXP 	surround_grating: autoDraw = False
480.4131 	EXP 	center_grating: autoDraw = False
480.4131 	EXP 	text_2: autoDraw = False
480.4131 	EXP 	surround_grating: ori = -15.0
480.4131 	EXP 	surround_grating: sf = array([2.5, 2.5])
480.4131 	EXP 	surround_grating: phase = array([0.21256823, 0.21256823])
480.4131 	EXP 	center_grating: ori = -6.0
480.4131 	EXP 	center_grating: sf = array([2.5, 2.5])
480.4131 	EXP 	center_grating: phase = array([0.1768963, 0.1768963])
480.8993 	EXP 	surround_grating: autoDraw = True
480.8993 	EXP 	center_grating: autoDraw = True
480.9721 	EXP 	surround_grating: autoDraw = False
480.9721 	EXP 	center_grating: autoDraw = False
481.3192 	EXP 	New trial (rep=0, index=255): <Trial 255 (255 in rep 0) data={'center': -2, 'surround': -15.0, 'type': 'c-2', 'surr_type': 'negs', 'surr_opacity': 100, 'thisN': 255, 'thisTrialN': 255, 'thisRepN': 0}>
481.3301 	INFO 	Keyboard events cleared
481.3297 	EXP 	surround_grating: autoDraw = False
481.3297 	EXP 	center_grating: autoDraw = False
481.3297 	EXP 	text_2: autoDraw = False
481.3297 	EXP 	surround_grating: ori = -15.0
481.3297 	EXP 	surround_grating: sf = array([2.5, 2.5])
481.3297 	EXP 	surround_grating: phase = array([0.58855878, 0.58855878])
481.3297 	EXP 	center_grating: ori = -2.0
481.3297 	EXP 	center_grating: sf = array([2.5, 2.5])
481.3297 	EXP 	center_grating: phase = array([0.28484166, 0.28484166])
481.8160 	EXP 	surround_grating: autoDraw = True
481.8160 	EXP 	center_grating: autoDraw = True
481.8892 	EXP 	surround_grating: autoDraw = False
481.8892 	EXP 	center_grating: autoDraw = False
482.3703 	EXP 	New trial (rep=0, index=256): <Trial 256 (256 in rep 0) data={'center': -2, 'surround': 0.0, 'type': 'c-2', 'surr_type': 'noss', 'surr_opacity': 0, 'thisN': 256, 'thisTrialN': 256, 'thisRepN': 0}>
482.3804 	INFO 	Keyboard events cleared
482.3800 	EXP 	surround_grating: autoDraw = False
482.3800 	EXP 	center_grating: autoDraw = False
482.3800 	EXP 	text_2: autoDraw = False
482.3800 	EXP 	surround_grating: ori = 0.0
482.3800 	EXP 	surround_grating: sf = array([2.5, 2.5])
482.3800 	EXP 	surround_grating: phase = array([0.77743874, 0.77743874])
482.3800 	EXP 	center_grating: ori = -2.0
482.3800 	EXP 	center_grating: sf = array([2.5, 2.5])
482.3800 	EXP 	center_grating: phase = array([0.21984053, 0.21984053])
482.8660 	EXP 	surround_grating: autoDraw = True
482.8660 	EXP 	center_grating: autoDraw = True
482.9396 	EXP 	surround_grating: autoDraw = False
482.9396 	EXP 	center_grating: autoDraw = False
483.4025 	EXP 	New trial (rep=0, index=257): <Trial 257 (257 in rep 0) data={'center': 2, 'surround': -15.0, 'type': 'c+2', 'surr_type': 'negs', 'surr_opacity': 100, 'thisN': 257, 'thisTrialN': 257, 'thisRepN': 0}>
483.4131 	INFO 	Keyboard events cleared
483.4125 	EXP 	surround_grating: autoDraw = False
483.4125 	EXP 	center_grating: autoDraw = False
483.4125 	EXP 	text_2: autoDraw = False
483.4125 	EXP 	surround_grating: ori = -15.0
483.4125 	EXP 	surround_grating: sf = array([2.5, 2.5])
483.4125 	EXP 	surround_grating: phase = array([0.56562609, 0.56562609])
483.4125 	EXP 	center_grating: ori = 2.0
483.4125 	EXP 	center_grating: sf = array([2.5, 2.5])
483.4125 	EXP 	center_grating: phase = array([0.20217127, 0.20217127])
483.8995 	EXP 	surround_grating: autoDraw = True
483.8995 	EXP 	center_grating: autoDraw = True
483.9717 	EXP 	surround_grating: autoDraw = False
483.9717 	EXP 	center_grating: autoDraw = False
484.5030 	EXP 	New trial (rep=0, index=258): <Trial 258 (258 in rep 0) data={'center': 6, 'surround': 15.0, 'type': 'c+6', 'surr_type': 'poss', 'surr_opacity': 100, 'thisN': 258, 'thisTrialN': 258, 'thisRepN': 0}>
484.5139 	INFO 	Keyboard events cleared
484.5135 	EXP 	surround_grating: autoDraw = False
484.5135 	EXP 	center_grating: autoDraw = False
484.5135 	EXP 	text_2: autoDraw = False
484.5135 	EXP 	surround_grating: ori = 15.0
484.5135 	EXP 	surround_grating: sf = array([2.5, 2.5])
484.5135 	EXP 	surround_grating: phase = array([0.56229774, 0.56229774])
484.5135 	EXP 	center_grating: ori = 6.0
484.5135 	EXP 	center_grating: sf = array([2.5, 2.5])
484.5135 	EXP 	center_grating: phase = array([0.88482917, 0.88482917])
484.9995 	EXP 	surround_grating: autoDraw = True
484.9995 	EXP 	center_grating: autoDraw = True
485.0719 	EXP 	surround_grating: autoDraw = False
485.0719 	EXP 	center_grating: autoDraw = False
485.3408 	EXP 	New trial (rep=0, index=259): <Trial 259 (259 in rep 0) data={'center': -6, 'surround': -15.0, 'type': 'c-6', 'surr_type': 'negs', 'surr_opacity': 100, 'thisN': 259, 'thisTrialN': 259, 'thisRepN': 0}>
485.3510 	INFO 	Keyboard events cleared
485.3505 	EXP 	surround_grating: autoDraw = False
485.3505 	EXP 	center_grating: autoDraw = False
485.3505 	EXP 	text_2: autoDraw = False
485.3505 	EXP 	surround_grating: ori = -15.0
485.3505 	EXP 	surround_grating: sf = array([2.5, 2.5])
485.3505 	EXP 	surround_grating: phase = array([0.13337691, 0.13337691])
485.3505 	EXP 	center_grating: ori = -6.0
485.3505 	EXP 	center_grating: sf = array([2.5, 2.5])
485.3505 	EXP 	center_grating: phase = array([0.1616667, 0.1616667])
485.8422 	EXP 	surround_grating: autoDraw = True
485.8422 	EXP 	center_grating: autoDraw = True
485.9164 	EXP 	surround_grating: autoDraw = False
485.9164 	EXP 	center_grating: autoDraw = False
486.5032 	EXP 	New trial (rep=0, index=260): <Trial 260 (260 in rep 0) data={'center': 2, 'surround': 0.0, 'type': 'c+2', 'surr_type': 'noss', 'surr_opacity': 0, 'thisN': 260, 'thisTrialN': 260, 'thisRepN': 0}>
486.5134 	INFO 	Keyboard events cleared
486.5128 	EXP 	surround_grating: autoDraw = False
486.5128 	EXP 	center_grating: autoDraw = False
486.5128 	EXP 	text_2: autoDraw = False
486.5128 	EXP 	surround_grating: ori = 0.0
486.5128 	EXP 	surround_grating: sf = array([2.5, 2.5])
486.5128 	EXP 	surround_grating: phase = array([0.51033094, 0.51033094])
486.5128 	EXP 	center_grating: ori = 2.0
486.5128 	EXP 	center_grating: sf = array([2.5, 2.5])
486.5128 	EXP 	center_grating: phase = array([0.6395995, 0.6395995])
486.9997 	EXP 	surround_grating: autoDraw = True
486.9997 	EXP 	center_grating: autoDraw = True
487.0719 	EXP 	surround_grating: autoDraw = False
487.0719 	EXP 	center_grating: autoDraw = False
487.7201 	EXP 	New trial (rep=0, index=261): <Trial 261 (261 in rep 0) data={'center': 0, 'surround': -15.0, 'type': 'c+0', 'surr_type': 'negs', 'surr_opacity': 100, 'thisN': 261, 'thisTrialN': 261, 'thisRepN': 0}>
487.7304 	INFO 	Keyboard events cleared
487.7300 	EXP 	surround_grating: autoDraw = False
487.7300 	EXP 	center_grating: autoDraw = False
487.7300 	EXP 	text_2: autoDraw = False
487.7300 	EXP 	surround_grating: ori = -15.0
487.7300 	EXP 	surround_grating: sf = array([2.5, 2.5])
487.7300 	EXP 	surround_grating: phase = array([0.23161399, 0.23161399])
487.7300 	EXP 	center_grating: ori = 0.0
487.7300 	EXP 	center_grating: sf = array([2.5, 2.5])
487.7300 	EXP 	center_grating: phase = array([0.11443459, 0.11443459])
488.2163 	EXP 	surround_grating: autoDraw = True
488.2163 	EXP 	center_grating: autoDraw = True
488.2881 	EXP 	surround_grating: autoDraw = False
488.2881 	EXP 	center_grating: autoDraw = False
488.8195 	EXP 	New trial (rep=0, index=262): <Trial 262 (262 in rep 0) data={'center': 2, 'surround': 0.0, 'type': 'c+2', 'surr_type': 'noss', 'surr_opacity': 0, 'thisN': 262, 'thisTrialN': 262, 'thisRepN': 0}>
488.8294 	INFO 	Keyboard events cleared
488.8289 	EXP 	surround_grating: autoDraw = False
488.8289 	EXP 	center_grating: autoDraw = False
488.8289 	EXP 	text_2: autoDraw = False
488.8289 	EXP 	surround_grating: ori = 0.0
488.8289 	EXP 	surround_grating: sf = array([2.5, 2.5])
488.8289 	EXP 	surround_grating: phase = array([0.61384249, 0.61384249])
488.8289 	EXP 	center_grating: ori = 2.0
488.8289 	EXP 	center_grating: sf = array([2.5, 2.5])
488.8289 	EXP 	center_grating: phase = array([0.74681975, 0.74681975])
489.3163 	EXP 	surround_grating: autoDraw = True
489.3163 	EXP 	center_grating: autoDraw = True
489.3887 	EXP 	surround_grating: autoDraw = False
489.3887 	EXP 	center_grating: autoDraw = False
489.7361 	EXP 	New trial (rep=0, index=263): <Trial 263 (263 in rep 0) data={'center': -2, 'surround': 0.0, 'type': 'c-2', 'surr_type': 'noss', 'surr_opacity': 0, 'thisN': 263, 'thisTrialN': 263, 'thisRepN': 0}>
489.7460 	INFO 	Keyboard events cleared
489.7456 	EXP 	surround_grating: autoDraw = False
489.7456 	EXP 	center_grating: autoDraw = False
489.7456 	EXP 	text_2: autoDraw = False
489.7456 	EXP 	surround_grating: ori = 0.0
489.7456 	EXP 	surround_grating: sf = array([2.5, 2.5])
489.7456 	EXP 	surround_grating: phase = array([0.09998421, 0.09998421])
489.7456 	EXP 	center_grating: ori = -2.0
489.7456 	EXP 	center_grating: sf = array([2.5, 2.5])
489.7456 	EXP 	center_grating: phase = array([0.90348027, 0.90348027])
490.2331 	EXP 	surround_grating: autoDraw = True
490.2331 	EXP 	center_grating: autoDraw = True
490.3054 	EXP 	surround_grating: autoDraw = False
490.3054 	EXP 	center_grating: autoDraw = False
490.5918 	EXP 	New trial (rep=0, index=264): <Trial 264 (264 in rep 0) data={'center': -6, 'surround': -15.0, 'type': 'c-6', 'surr_type': 'negs', 'surr_opacity': 100, 'thisN': 264, 'thisTrialN': 264, 'thisRepN': 0}>
490.6025 	INFO 	Keyboard events cleared
490.6021 	EXP 	surround_grating: autoDraw = False
490.6021 	EXP 	center_grating: autoDraw = False
490.6021 	EXP 	text_2: autoDraw = False
490.6021 	EXP 	surround_grating: ori = -15.0
490.6021 	EXP 	surround_grating: sf = array([2.5, 2.5])
490.6021 	EXP 	surround_grating: phase = array([0.68989357, 0.68989357])
490.6021 	EXP 	center_grating: ori = -6.0
490.6021 	EXP 	center_grating: sf = array([2.5, 2.5])
490.6021 	EXP 	center_grating: phase = array([0.58766317, 0.58766317])
491.0918 	EXP 	surround_grating: autoDraw = True
491.0918 	EXP 	center_grating: autoDraw = True
491.1669 	EXP 	surround_grating: autoDraw = False
491.1669 	EXP 	center_grating: autoDraw = False
491.6197 	EXP 	New trial (rep=0, index=265): <Trial 265 (265 in rep 0) data={'center': -2, 'surround': 0.0, 'type': 'c-2', 'surr_type': 'noss', 'surr_opacity': 0, 'thisN': 265, 'thisTrialN': 265, 'thisRepN': 0}>
491.6305 	INFO 	Keyboard events cleared
491.6301 	EXP 	surround_grating: autoDraw = False
491.6301 	EXP 	center_grating: autoDraw = False
491.6301 	EXP 	text_2: autoDraw = False
491.6301 	EXP 	surround_grating: ori = 0.0
491.6301 	EXP 	surround_grating: sf = array([2.5, 2.5])
491.6301 	EXP 	surround_grating: phase = array([0.84227168, 0.84227168])
491.6301 	EXP 	center_grating: ori = -2.0
491.6301 	EXP 	center_grating: sf = array([2.5, 2.5])
491.6301 	EXP 	center_grating: phase = array([0.35609435, 0.35609435])
492.1165 	EXP 	surround_grating: autoDraw = True
492.1165 	EXP 	center_grating: autoDraw = True
492.1886 	EXP 	surround_grating: autoDraw = False
492.1886 	EXP 	center_grating: autoDraw = False
492.6862 	EXP 	New trial (rep=0, index=266): <Trial 266 (266 in rep 0) data={'center': -4, 'surround': 0.0, 'type': 'c-4', 'surr_type': 'noss', 'surr_opacity': 0, 'thisN': 266, 'thisTrialN': 266, 'thisRepN': 0}>
492.6973 	INFO 	Keyboard events cleared
492.6969 	EXP 	surround_grating: autoDraw = False
492.6969 	EXP 	center_grating: autoDraw = False
492.6969 	EXP 	text_2: autoDraw = False
492.6969 	EXP 	surround_grating: ori = 0.0
492.6969 	EXP 	surround_grating: sf = array([2.5, 2.5])
492.6969 	EXP 	surround_grating: phase = array([0.69809299, 0.69809299])
492.6969 	EXP 	center_grating: ori = -4.0
492.6969 	EXP 	center_grating: sf = array([2.5, 2.5])
492.6969 	EXP 	center_grating: phase = array([0.6316388, 0.6316388])
493.1831 	EXP 	surround_grating: autoDraw = True
493.1831 	EXP 	center_grating: autoDraw = True
493.2555 	EXP 	surround_grating: autoDraw = False
493.2555 	EXP 	center_grating: autoDraw = False
493.7530 	EXP 	New trial (rep=0, index=267): <Trial 267 (267 in rep 0) data={'center': -2, 'surround': -15.0, 'type': 'c-2', 'surr_type': 'negs', 'surr_opacity': 100, 'thisN': 267, 'thisTrialN': 267, 'thisRepN': 0}>
493.7629 	INFO 	Keyboard events cleared
493.7624 	EXP 	surround_grating: autoDraw = False
493.7624 	EXP 	center_grating: autoDraw = False
493.7624 	EXP 	text_2: autoDraw = False
493.7624 	EXP 	surround_grating: ori = -15.0
493.7624 	EXP 	surround_grating: sf = array([2.5, 2.5])
493.7624 	EXP 	surround_grating: phase = array([0.739394, 0.739394])
493.7624 	EXP 	center_grating: ori = -2.0
493.7624 	EXP 	center_grating: sf = array([2.5, 2.5])
493.7624 	EXP 	center_grating: phase = array([0.07145084, 0.07145084])
494.2488 	EXP 	surround_grating: autoDraw = True
494.2488 	EXP 	center_grating: autoDraw = True
494.3223 	EXP 	surround_grating: autoDraw = False
494.3223 	EXP 	center_grating: autoDraw = False
494.9528 	EXP 	New trial (rep=0, index=268): <Trial 268 (268 in rep 0) data={'center': 4, 'surround': 0.0, 'type': 'c+4', 'surr_type': 'noss', 'surr_opacity': 0, 'thisN': 268, 'thisTrialN': 268, 'thisRepN': 0}>
494.9629 	INFO 	Keyboard events cleared
494.9625 	EXP 	surround_grating: autoDraw = False
494.9625 	EXP 	center_grating: autoDraw = False
494.9625 	EXP 	text_2: autoDraw = False
494.9625 	EXP 	surround_grating: ori = 0.0
494.9625 	EXP 	surround_grating: sf = array([2.5, 2.5])
494.9625 	EXP 	surround_grating: phase = array([0.35455585, 0.35455585])
494.9625 	EXP 	center_grating: ori = 4.0
494.9625 	EXP 	center_grating: sf = array([2.5, 2.5])
494.9625 	EXP 	center_grating: phase = array([0.43636838, 0.43636838])
495.4499 	EXP 	surround_grating: autoDraw = True
495.4499 	EXP 	center_grating: autoDraw = True
495.5227 	EXP 	surround_grating: autoDraw = False
495.5227 	EXP 	center_grating: autoDraw = False
495.9206 	EXP 	New trial (rep=0, index=269): <Trial 269 (269 in rep 0) data={'center': 2, 'surround': 15.0, 'type': 'c+2', 'surr_type': 'poss', 'surr_opacity': 100, 'thisN': 269, 'thisTrialN': 269, 'thisRepN': 0}>
495.9306 	INFO 	Keyboard events cleared
495.9300 	EXP 	surround_grating: autoDraw = False
495.9300 	EXP 	center_grating: autoDraw = False
495.9300 	EXP 	text_2: autoDraw = False
495.9300 	EXP 	surround_grating: ori = 15.0
495.9300 	EXP 	surround_grating: sf = array([2.5, 2.5])
495.9300 	EXP 	surround_grating: phase = array([0.29749546, 0.29749546])
495.9300 	EXP 	center_grating: ori = 2.0
495.9300 	EXP 	center_grating: sf = array([2.5, 2.5])
495.9300 	EXP 	center_grating: phase = array([0.3991045, 0.3991045])
496.4167 	EXP 	surround_grating: autoDraw = True
496.4167 	EXP 	center_grating: autoDraw = True
496.4885 	EXP 	surround_grating: autoDraw = False
496.4885 	EXP 	center_grating: autoDraw = False
497.4093 	EXP 	New trial (rep=0, index=270): <Trial 270 (270 in rep 0) data={'center': 1, 'surround': 0.0, 'type': 'c+1', 'surr_type': 'noss', 'surr_opacity': 0, 'thisN': 270, 'thisTrialN': 270, 'thisRepN': 0}>
497.4196 	INFO 	Keyboard events cleared
497.4191 	EXP 	surround_grating: autoDraw = False
497.4191 	EXP 	center_grating: autoDraw = False
497.4191 	EXP 	text_2: autoDraw = False
497.4191 	EXP 	surround_grating: ori = 0.0
497.4191 	EXP 	surround_grating: sf = array([2.5, 2.5])
497.4191 	EXP 	surround_grating: phase = array([0.64328913, 0.64328913])
497.4191 	EXP 	center_grating: ori = 1.0
497.4191 	EXP 	center_grating: sf = array([2.5, 2.5])
497.4191 	EXP 	center_grating: phase = array([0.50139991, 0.50139991])
497.9090 	EXP 	surround_grating: autoDraw = True
497.9090 	EXP 	center_grating: autoDraw = True
497.9838 	EXP 	surround_grating: autoDraw = False
497.9838 	EXP 	center_grating: autoDraw = False
498.4914 	EXP 	New trial (rep=0, index=271): <Trial 271 (271 in rep 0) data={'center': 4, 'surround': 0.0, 'type': 'c+4', 'surr_type': 'noss', 'surr_opacity': 0, 'thisN': 271, 'thisTrialN': 271, 'thisRepN': 0}>
498.5172 	INFO 	Keyboard events cleared
498.5168 	EXP 	surround_grating: autoDraw = False
498.5168 	EXP 	center_grating: autoDraw = False
498.5168 	EXP 	text_2: autoDraw = False
498.5168 	EXP 	surround_grating: ori = 0.0
498.5168 	EXP 	surround_grating: sf = array([2.5, 2.5])
498.5168 	EXP 	surround_grating: phase = array([0.85167484, 0.85167484])
498.5168 	EXP 	center_grating: ori = 4.0
498.5168 	EXP 	center_grating: sf = array([2.5, 2.5])
498.5168 	EXP 	center_grating: phase = array([0.23242755, 0.23242755])
498.9919 	EXP 	surround_grating: autoDraw = True
498.9919 	EXP 	center_grating: autoDraw = True
499.0672 	EXP 	surround_grating: autoDraw = False
499.0672 	EXP 	center_grating: autoDraw = False
499.4527 	EXP 	New trial (rep=0, index=272): <Trial 272 (272 in rep 0) data={'center': 0, 'surround': 15.0, 'type': 'c+0', 'surr_type': 'poss', 'surr_opacity': 100, 'thisN': 272, 'thisTrialN': 272, 'thisRepN': 0}>
499.4625 	INFO 	Keyboard events cleared
499.4621 	EXP 	surround_grating: autoDraw = False
499.4621 	EXP 	center_grating: autoDraw = False
499.4621 	EXP 	text_2: autoDraw = False
499.4621 	EXP 	surround_grating: ori = 15.0
499.4621 	EXP 	surround_grating: sf = array([2.5, 2.5])
499.4621 	EXP 	surround_grating: phase = array([0.08166138, 0.08166138])
499.4621 	EXP 	center_grating: ori = 0.0
499.4621 	EXP 	center_grating: sf = array([2.5, 2.5])
499.4621 	EXP 	center_grating: phase = array([0.74535316, 0.74535316])
499.9500 	EXP 	surround_grating: autoDraw = True
499.9500 	EXP 	center_grating: autoDraw = True
500.0226 	EXP 	surround_grating: autoDraw = False
500.0226 	EXP 	center_grating: autoDraw = False
500.6632 	EXP 	New trial (rep=0, index=273): <Trial 273 (273 in rep 0) data={'center': 4, 'surround': 0.0, 'type': 'c+4', 'surr_type': 'noss', 'surr_opacity': 0, 'thisN': 273, 'thisTrialN': 273, 'thisRepN': 0}>
500.6700 	INFO 	Keyboard events cleared
500.6696 	EXP 	surround_grating: autoDraw = False
500.6696 	EXP 	center_grating: autoDraw = False
500.6696 	EXP 	text_2: autoDraw = False
500.6696 	EXP 	surround_grating: ori = 0.0
500.6696 	EXP 	surround_grating: sf = array([2.5, 2.5])
500.6696 	EXP 	surround_grating: phase = array([0.41683508, 0.41683508])
500.6696 	EXP 	center_grating: ori = 4.0
500.6696 	EXP 	center_grating: sf = array([2.5, 2.5])
500.6696 	EXP 	center_grating: phase = array([0.09503441, 0.09503441])
501.1597 	EXP 	surround_grating: autoDraw = True
501.1597 	EXP 	center_grating: autoDraw = True
501.2338 	EXP 	surround_grating: autoDraw = False
501.2338 	EXP 	center_grating: autoDraw = False
501.7043 	EXP 	New trial (rep=0, index=274): <Trial 274 (274 in rep 0) data={'center': 0, 'surround': -15.0, 'type': 'c+0', 'surr_type': 'negs', 'surr_opacity': 100, 'thisN': 274, 'thisTrialN': 274, 'thisRepN': 0}>
501.7146 	INFO 	Keyboard events cleared
501.7142 	EXP 	surround_grating: autoDraw = False
501.7142 	EXP 	center_grating: autoDraw = False
501.7142 	EXP 	text_2: autoDraw = False
501.7142 	EXP 	surround_grating: ori = -15.0
501.7142 	EXP 	surround_grating: sf = array([2.5, 2.5])
501.7142 	EXP 	surround_grating: phase = array([0.26923764, 0.26923764])
501.7142 	EXP 	center_grating: ori = 0.0
501.7142 	EXP 	center_grating: sf = array([2.5, 2.5])
501.7142 	EXP 	center_grating: phase = array([0.1157583, 0.1157583])
502.2001 	EXP 	surround_grating: autoDraw = True
502.2001 	EXP 	center_grating: autoDraw = True
502.2724 	EXP 	surround_grating: autoDraw = False
502.2724 	EXP 	center_grating: autoDraw = False
503.2199 	EXP 	New trial (rep=0, index=275): <Trial 275 (275 in rep 0) data={'center': 0, 'surround': 15.0, 'type': 'c+0', 'surr_type': 'poss', 'surr_opacity': 100, 'thisN': 275, 'thisTrialN': 275, 'thisRepN': 0}>
503.2299 	INFO 	Keyboard events cleared
503.2294 	EXP 	surround_grating: autoDraw = False
503.2294 	EXP 	center_grating: autoDraw = False
503.2294 	EXP 	text_2: autoDraw = False
503.2294 	EXP 	surround_grating: ori = 15.0
503.2294 	EXP 	surround_grating: sf = array([2.5, 2.5])
503.2294 	EXP 	surround_grating: phase = array([0.44442447, 0.44442447])
503.2294 	EXP 	center_grating: ori = 0.0
503.2294 	EXP 	center_grating: sf = array([2.5, 2.5])
503.2294 	EXP 	center_grating: phase = array([0.90207979, 0.90207979])
503.7169 	EXP 	surround_grating: autoDraw = True
503.7169 	EXP 	center_grating: autoDraw = True
503.7890 	EXP 	surround_grating: autoDraw = False
503.7890 	EXP 	center_grating: autoDraw = False
504.5038 	EXP 	New trial (rep=0, index=276): <Trial 276 (276 in rep 0) data={'center': -4, 'surround': -15.0, 'type': 'c-4', 'surr_type': 'negs', 'surr_opacity': 100, 'thisN': 276, 'thisTrialN': 276, 'thisRepN': 0}>
504.5142 	INFO 	Keyboard events cleared
504.5137 	EXP 	surround_grating: autoDraw = False
504.5137 	EXP 	center_grating: autoDraw = False
504.5137 	EXP 	text_2: autoDraw = False
504.5137 	EXP 	surround_grating: ori = -15.0
504.5137 	EXP 	surround_grating: sf = array([2.5, 2.5])
504.5137 	EXP 	surround_grating: phase = array([0.99585143, 0.99585143])
504.5137 	EXP 	center_grating: ori = -4.0
504.5137 	EXP 	center_grating: sf = array([2.5, 2.5])
504.5137 	EXP 	center_grating: phase = array([0.53590535, 0.53590535])
505.0002 	EXP 	surround_grating: autoDraw = True
505.0002 	EXP 	center_grating: autoDraw = True
505.0728 	EXP 	surround_grating: autoDraw = False
505.0728 	EXP 	center_grating: autoDraw = False
505.7531 	EXP 	New trial (rep=0, index=277): <Trial 277 (277 in rep 0) data={'center': -2, 'surround': 15.0, 'type': 'c-2', 'surr_type': 'poss', 'surr_opacity': 100, 'thisN': 277, 'thisTrialN': 277, 'thisRepN': 0}>
505.7631 	INFO 	Keyboard events cleared
505.7626 	EXP 	surround_grating: autoDraw = False
505.7626 	EXP 	center_grating: autoDraw = False
505.7626 	EXP 	text_2: autoDraw = False
505.7626 	EXP 	surround_grating: ori = 15.0
505.7626 	EXP 	surround_grating: sf = array([2.5, 2.5])
505.7626 	EXP 	surround_grating: phase = array([0.95114661, 0.95114661])
505.7626 	EXP 	center_grating: ori = -2.0
505.7626 	EXP 	center_grating: sf = array([2.5, 2.5])
505.7626 	EXP 	center_grating: phase = array([0.76439076, 0.76439076])
506.3283 	EXP 	surround_grating: autoDraw = True
506.3283 	EXP 	center_grating: autoDraw = True
506.4043 	EXP 	surround_grating: autoDraw = False
506.4043 	EXP 	center_grating: autoDraw = False
506.9764 	EXP 	New trial (rep=0, index=278): <Trial 278 (278 in rep 0) data={'center': -4, 'surround': -15.0, 'type': 'c-4', 'surr_type': 'negs', 'surr_opacity': 100, 'thisN': 278, 'thisTrialN': 278, 'thisRepN': 0}>
506.9868 	INFO 	Keyboard events cleared
506.9864 	EXP 	surround_grating: autoDraw = False
506.9864 	EXP 	center_grating: autoDraw = False
506.9864 	EXP 	text_2: autoDraw = False
506.9864 	EXP 	surround_grating: ori = -15.0
506.9864 	EXP 	surround_grating: sf = array([2.5, 2.5])
506.9864 	EXP 	surround_grating: phase = array([0.63676687, 0.63676687])
506.9864 	EXP 	center_grating: ori = -4.0
506.9864 	EXP 	center_grating: sf = array([2.5, 2.5])
506.9864 	EXP 	center_grating: phase = array([0.64099176, 0.64099176])
507.4765 	EXP 	surround_grating: autoDraw = True
507.4765 	EXP 	center_grating: autoDraw = True
507.5508 	EXP 	surround_grating: autoDraw = False
507.5508 	EXP 	center_grating: autoDraw = False
508.1867 	EXP 	New trial (rep=0, index=279): <Trial 279 (279 in rep 0) data={'center': -6, 'surround': -15.0, 'type': 'c-6', 'surr_type': 'negs', 'surr_opacity': 100, 'thisN': 279, 'thisTrialN': 279, 'thisRepN': 0}>
508.1975 	INFO 	Keyboard events cleared
508.1971 	EXP 	surround_grating: autoDraw = False
508.1971 	EXP 	center_grating: autoDraw = False
508.1971 	EXP 	text_2: autoDraw = False
508.1971 	EXP 	surround_grating: ori = -15.0
508.1971 	EXP 	surround_grating: sf = array([2.5, 2.5])
508.1971 	EXP 	surround_grating: phase = array([0.98287615, 0.98287615])
508.1971 	EXP 	center_grating: ori = -6.0
508.1971 	EXP 	center_grating: sf = array([2.5, 2.5])
508.1971 	EXP 	center_grating: phase = array([0.21073657, 0.21073657])
508.6837 	EXP 	surround_grating: autoDraw = True
508.6837 	EXP 	center_grating: autoDraw = True
508.7556 	EXP 	surround_grating: autoDraw = False
508.7556 	EXP 	center_grating: autoDraw = False
509.2200 	EXP 	New trial (rep=0, index=280): <Trial 280 (280 in rep 0) data={'center': -4, 'surround': 0.0, 'type': 'c-4', 'surr_type': 'noss', 'surr_opacity': 0, 'thisN': 280, 'thisTrialN': 280, 'thisRepN': 0}>
509.2303 	INFO 	Keyboard events cleared
509.2298 	EXP 	surround_grating: autoDraw = False
509.2298 	EXP 	center_grating: autoDraw = False
509.2298 	EXP 	text_2: autoDraw = False
509.2298 	EXP 	surround_grating: ori = 0.0
509.2298 	EXP 	surround_grating: sf = array([2.5, 2.5])
509.2298 	EXP 	surround_grating: phase = array([0.32410225, 0.32410225])
509.2298 	EXP 	center_grating: ori = -4.0
509.2298 	EXP 	center_grating: sf = array([2.5, 2.5])
509.2298 	EXP 	center_grating: phase = array([0.39151613, 0.39151613])
509.7170 	EXP 	surround_grating: autoDraw = True
509.7170 	EXP 	center_grating: autoDraw = True
509.7890 	EXP 	surround_grating: autoDraw = False
509.7890 	EXP 	center_grating: autoDraw = False
510.1367 	EXP 	New trial (rep=0, index=281): <Trial 281 (281 in rep 0) data={'center': -2, 'surround': -15.0, 'type': 'c-2', 'surr_type': 'negs', 'surr_opacity': 100, 'thisN': 281, 'thisTrialN': 281, 'thisRepN': 0}>
510.1468 	INFO 	Keyboard events cleared
510.1464 	EXP 	surround_grating: autoDraw = False
510.1464 	EXP 	center_grating: autoDraw = False
510.1464 	EXP 	text_2: autoDraw = False
510.1464 	EXP 	surround_grating: ori = -15.0
510.1464 	EXP 	surround_grating: sf = array([2.5, 2.5])
510.1464 	EXP 	surround_grating: phase = array([0.61817172, 0.61817172])
510.1464 	EXP 	center_grating: ori = -2.0
510.1464 	EXP 	center_grating: sf = array([2.5, 2.5])
510.1464 	EXP 	center_grating: phase = array([0.30582774, 0.30582774])
510.6337 	EXP 	surround_grating: autoDraw = True
510.6337 	EXP 	center_grating: autoDraw = True
510.7066 	EXP 	surround_grating: autoDraw = False
510.7066 	EXP 	center_grating: autoDraw = False
510.9535 	EXP 	New trial (rep=0, index=282): <Trial 282 (282 in rep 0) data={'center': -8, 'surround': -15.0, 'type': 'c-8', 'surr_type': 'negs', 'surr_opacity': 100, 'thisN': 282, 'thisTrialN': 282, 'thisRepN': 0}>
510.9633 	INFO 	Keyboard events cleared
510.9629 	EXP 	surround_grating: autoDraw = False
510.9629 	EXP 	center_grating: autoDraw = False
510.9629 	EXP 	text_2: autoDraw = False
510.9629 	EXP 	surround_grating: ori = -15.0
510.9629 	EXP 	surround_grating: sf = array([2.5, 2.5])
510.9629 	EXP 	surround_grating: phase = array([0.61956138, 0.61956138])
510.9629 	EXP 	center_grating: ori = -8.0
510.9629 	EXP 	center_grating: sf = array([2.5, 2.5])
510.9629 	EXP 	center_grating: phase = array([0.65808786, 0.65808786])
511.4505 	EXP 	surround_grating: autoDraw = True
511.4505 	EXP 	center_grating: autoDraw = True
511.5226 	EXP 	surround_grating: autoDraw = False
511.5226 	EXP 	center_grating: autoDraw = False
511.8369 	EXP 	New trial (rep=0, index=283): <Trial 283 (283 in rep 0) data={'center': 6, 'surround': 15.0, 'type': 'c+6', 'surr_type': 'poss', 'surr_opacity': 100, 'thisN': 283, 'thisTrialN': 283, 'thisRepN': 0}>
511.8470 	INFO 	Keyboard events cleared
511.8465 	EXP 	surround_grating: autoDraw = False
511.8465 	EXP 	center_grating: autoDraw = False
511.8465 	EXP 	text_2: autoDraw = False
511.8465 	EXP 	surround_grating: ori = 15.0
511.8465 	EXP 	surround_grating: sf = array([2.5, 2.5])
511.8465 	EXP 	surround_grating: phase = array([0.3565269, 0.3565269])
511.8465 	EXP 	center_grating: ori = 6.0
511.8465 	EXP 	center_grating: sf = array([2.5, 2.5])
511.8465 	EXP 	center_grating: phase = array([0.41962734, 0.41962734])
512.3338 	EXP 	surround_grating: autoDraw = True
512.3338 	EXP 	center_grating: autoDraw = True
512.4072 	EXP 	surround_grating: autoDraw = False
512.4072 	EXP 	center_grating: autoDraw = False
512.9368 	EXP 	New trial (rep=0, index=284): <Trial 284 (284 in rep 0) data={'center': -2, 'surround': 0.0, 'type': 'c-2', 'surr_type': 'noss', 'surr_opacity': 0, 'thisN': 284, 'thisTrialN': 284, 'thisRepN': 0}>
512.9475 	INFO 	Keyboard events cleared
512.9469 	EXP 	surround_grating: autoDraw = False
512.9469 	EXP 	center_grating: autoDraw = False
512.9469 	EXP 	text_2: autoDraw = False
512.9469 	EXP 	surround_grating: ori = 0.0
512.9469 	EXP 	surround_grating: sf = array([2.5, 2.5])
512.9469 	EXP 	surround_grating: phase = array([0.36691379, 0.36691379])
512.9469 	EXP 	center_grating: ori = -2.0
512.9469 	EXP 	center_grating: sf = array([2.5, 2.5])
512.9469 	EXP 	center_grating: phase = array([0.38284533, 0.38284533])
513.4339 	EXP 	surround_grating: autoDraw = True
513.4339 	EXP 	center_grating: autoDraw = True
513.5068 	EXP 	surround_grating: autoDraw = False
513.5068 	EXP 	center_grating: autoDraw = False
513.8765 	EXP 	New trial (rep=0, index=285): <Trial 285 (285 in rep 0) data={'center': 0, 'surround': -15.0, 'type': 'c+0', 'surr_type': 'negs', 'surr_opacity': 100, 'thisN': 285, 'thisTrialN': 285, 'thisRepN': 0}>
513.8868 	INFO 	Keyboard events cleared
513.8863 	EXP 	surround_grating: autoDraw = False
513.8863 	EXP 	center_grating: autoDraw = False
513.8863 	EXP 	text_2: autoDraw = False
513.8863 	EXP 	surround_grating: ori = -15.0
513.8863 	EXP 	surround_grating: sf = array([2.5, 2.5])
513.8863 	EXP 	surround_grating: phase = array([0.82002365, 0.82002365])
513.8863 	EXP 	center_grating: ori = 0.0
513.8863 	EXP 	center_grating: sf = array([2.5, 2.5])
513.8863 	EXP 	center_grating: phase = array([0.21404023, 0.21404023])
514.3756 	EXP 	surround_grating: autoDraw = True
514.3756 	EXP 	center_grating: autoDraw = True
514.4509 	EXP 	surround_grating: autoDraw = False
514.4509 	EXP 	center_grating: autoDraw = False
515.0919 	EXP 	New trial (rep=0, index=286): <Trial 286 (286 in rep 0) data={'center': -6, 'surround': -15.0, 'type': 'c-6', 'surr_type': 'negs', 'surr_opacity': 100, 'thisN': 286, 'thisTrialN': 286, 'thisRepN': 0}>
515.1020 	INFO 	Keyboard events cleared
515.1016 	EXP 	surround_grating: autoDraw = False
515.1016 	EXP 	center_grating: autoDraw = False
515.1016 	EXP 	text_2: autoDraw = False
515.1016 	EXP 	surround_grating: ori = -15.0
515.1016 	EXP 	surround_grating: sf = array([2.5, 2.5])
515.1016 	EXP 	surround_grating: phase = array([0.00308866, 0.00308866])
515.1016 	EXP 	center_grating: ori = -6.0
515.1016 	EXP 	center_grating: sf = array([2.5, 2.5])
515.1016 	EXP 	center_grating: phase = array([0.11593863, 0.11593863])
515.5935 	EXP 	surround_grating: autoDraw = True
515.5935 	EXP 	center_grating: autoDraw = True
515.6678 	EXP 	surround_grating: autoDraw = False
515.6678 	EXP 	center_grating: autoDraw = False
516.1876 	EXP 	New trial (rep=0, index=287): <Trial 287 (287 in rep 0) data={'center': -8, 'surround': -15.0, 'type': 'c-8', 'surr_type': 'negs', 'surr_opacity': 100, 'thisN': 287, 'thisTrialN': 287, 'thisRepN': 0}>
516.1983 	INFO 	Keyboard events cleared
516.1979 	EXP 	surround_grating: autoDraw = False
516.1979 	EXP 	center_grating: autoDraw = False
516.1979 	EXP 	text_2: autoDraw = False
516.1979 	EXP 	surround_grating: ori = -15.0
516.1979 	EXP 	surround_grating: sf = array([2.5, 2.5])
516.1979 	EXP 	surround_grating: phase = array([0.99633266, 0.99633266])
516.1979 	EXP 	center_grating: ori = -8.0
516.1979 	EXP 	center_grating: sf = array([2.5, 2.5])
516.1979 	EXP 	center_grating: phase = array([0.72875356, 0.72875356])
516.6840 	EXP 	surround_grating: autoDraw = True
516.6840 	EXP 	center_grating: autoDraw = True
516.7570 	EXP 	surround_grating: autoDraw = False
516.7570 	EXP 	center_grating: autoDraw = False
517.3543 	EXP 	New trial (rep=0, index=288): <Trial 288 (288 in rep 0) data={'center': 4, 'surround': 15.0, 'type': 'c+4', 'surr_type': 'poss', 'surr_opacity': 100, 'thisN': 288, 'thisTrialN': 288, 'thisRepN': 0}>
517.3649 	INFO 	Keyboard events cleared
517.3645 	EXP 	surround_grating: autoDraw = False
517.3645 	EXP 	center_grating: autoDraw = False
517.3645 	EXP 	text_2: autoDraw = False
517.3645 	EXP 	surround_grating: ori = 15.0
517.3645 	EXP 	surround_grating: sf = array([2.5, 2.5])
517.3645 	EXP 	surround_grating: phase = array([0.79102309, 0.79102309])
517.3645 	EXP 	center_grating: ori = 4.0
517.3645 	EXP 	center_grating: sf = array([2.5, 2.5])
517.3645 	EXP 	center_grating: phase = array([0.01344542, 0.01344542])
517.8506 	EXP 	surround_grating: autoDraw = True
517.8506 	EXP 	center_grating: autoDraw = True
517.9230 	EXP 	surround_grating: autoDraw = False
517.9230 	EXP 	center_grating: autoDraw = False
518.8053 	EXP 	New trial (rep=0, index=289): <Trial 289 (289 in rep 0) data={'center': 2, 'surround': -15.0, 'type': 'c+2', 'surr_type': 'negs', 'surr_opacity': 100, 'thisN': 289, 'thisTrialN': 289, 'thisRepN': 0}>
518.8158 	INFO 	Keyboard events cleared
518.8154 	EXP 	surround_grating: autoDraw = False
518.8154 	EXP 	center_grating: autoDraw = False
518.8154 	EXP 	text_2: autoDraw = False
518.8154 	EXP 	surround_grating: ori = -15.0
518.8154 	EXP 	surround_grating: sf = array([2.5, 2.5])
518.8154 	EXP 	surround_grating: phase = array([0.59459817, 0.59459817])
518.8154 	EXP 	center_grating: ori = 2.0
518.8154 	EXP 	center_grating: sf = array([2.5, 2.5])
518.8154 	EXP 	center_grating: phase = array([0.41789942, 0.41789942])
519.3009 	EXP 	surround_grating: autoDraw = True
519.3009 	EXP 	center_grating: autoDraw = True
519.3733 	EXP 	surround_grating: autoDraw = False
519.3733 	EXP 	center_grating: autoDraw = False
519.6709 	EXP 	New trial (rep=0, index=290): <Trial 290 (290 in rep 0) data={'center': 0, 'surround': -15.0, 'type': 'c+0', 'surr_type': 'negs', 'surr_opacity': 100, 'thisN': 290, 'thisTrialN': 290, 'thisRepN': 0}>
519.6812 	INFO 	Keyboard events cleared
519.6806 	EXP 	surround_grating: autoDraw = False
519.6806 	EXP 	center_grating: autoDraw = False
519.6806 	EXP 	text_2: autoDraw = False
519.6806 	EXP 	surround_grating: ori = -15.0
519.6806 	EXP 	surround_grating: sf = array([2.5, 2.5])
519.6806 	EXP 	surround_grating: phase = array([0.88665987, 0.88665987])
519.6806 	EXP 	center_grating: ori = 0.0
519.6806 	EXP 	center_grating: sf = array([2.5, 2.5])
519.6806 	EXP 	center_grating: phase = array([0.26374767, 0.26374767])
520.1674 	EXP 	surround_grating: autoDraw = True
520.1674 	EXP 	center_grating: autoDraw = True
520.2404 	EXP 	surround_grating: autoDraw = False
520.2404 	EXP 	center_grating: autoDraw = False
520.5680 	EXP 	New trial (rep=0, index=291): <Trial 291 (291 in rep 0) data={'center': -4, 'surround': 0.0, 'type': 'c-4', 'surr_type': 'noss', 'surr_opacity': 0, 'thisN': 291, 'thisTrialN': 291, 'thisRepN': 0}>
520.5754 	INFO 	Keyboard events cleared
520.5749 	EXP 	surround_grating: autoDraw = False
520.5749 	EXP 	center_grating: autoDraw = False
520.5749 	EXP 	text_2: autoDraw = False
520.5749 	EXP 	surround_grating: ori = 0.0
520.5749 	EXP 	surround_grating: sf = array([2.5, 2.5])
520.5749 	EXP 	surround_grating: phase = array([0.45033324, 0.45033324])
520.5749 	EXP 	center_grating: ori = -4.0
520.5749 	EXP 	center_grating: sf = array([2.5, 2.5])
520.5749 	EXP 	center_grating: phase = array([0.59842226, 0.59842226])
521.0598 	EXP 	surround_grating: autoDraw = True
521.0598 	EXP 	center_grating: autoDraw = True
521.1349 	EXP 	surround_grating: autoDraw = False
521.1349 	EXP 	center_grating: autoDraw = False
521.4539 	EXP 	New trial (rep=0, index=292): <Trial 292 (292 in rep 0) data={'center': -2, 'surround': 15.0, 'type': 'c-2', 'surr_type': 'poss', 'surr_opacity': 100, 'thisN': 292, 'thisTrialN': 292, 'thisRepN': 0}>
521.4639 	INFO 	Keyboard events cleared
521.4634 	EXP 	surround_grating: autoDraw = False
521.4634 	EXP 	center_grating: autoDraw = False
521.4634 	EXP 	text_2: autoDraw = False
521.4634 	EXP 	surround_grating: ori = 15.0
521.4634 	EXP 	surround_grating: sf = array([2.5, 2.5])
521.4634 	EXP 	surround_grating: phase = array([0.6657234, 0.6657234])
521.4634 	EXP 	center_grating: ori = -2.0
521.4634 	EXP 	center_grating: sf = array([2.5, 2.5])
521.4634 	EXP 	center_grating: phase = array([0.03670767, 0.03670767])
521.9508 	EXP 	surround_grating: autoDraw = True
521.9508 	EXP 	center_grating: autoDraw = True
522.0232 	EXP 	surround_grating: autoDraw = False
522.0232 	EXP 	center_grating: autoDraw = False
522.5462 	EXP 	New trial (rep=0, index=293): <Trial 293 (293 in rep 0) data={'center': 2, 'surround': 0.0, 'type': 'c+2', 'surr_type': 'noss', 'surr_opacity': 0, 'thisN': 293, 'thisTrialN': 293, 'thisRepN': 0}>
522.5540 	INFO 	Keyboard events cleared
522.5537 	EXP 	surround_grating: autoDraw = False
522.5537 	EXP 	center_grating: autoDraw = False
522.5537 	EXP 	text_2: autoDraw = False
522.5537 	EXP 	surround_grating: ori = 0.0
522.5537 	EXP 	surround_grating: sf = array([2.5, 2.5])
522.5537 	EXP 	surround_grating: phase = array([0.44067971, 0.44067971])
522.5537 	EXP 	center_grating: ori = 2.0
522.5537 	EXP 	center_grating: sf = array([2.5, 2.5])
522.5537 	EXP 	center_grating: phase = array([0.47442438, 0.47442438])
523.0439 	EXP 	surround_grating: autoDraw = True
523.0439 	EXP 	center_grating: autoDraw = True
523.1180 	EXP 	surround_grating: autoDraw = False
523.1180 	EXP 	center_grating: autoDraw = False
523.8042 	EXP 	New trial (rep=0, index=294): <Trial 294 (294 in rep 0) data={'center': -2, 'surround': 15.0, 'type': 'c-2', 'surr_type': 'poss', 'surr_opacity': 100, 'thisN': 294, 'thisTrialN': 294, 'thisRepN': 0}>
523.8153 	INFO 	Keyboard events cleared
523.8149 	EXP 	surround_grating: autoDraw = False
523.8149 	EXP 	center_grating: autoDraw = False
523.8149 	EXP 	text_2: autoDraw = False
523.8149 	EXP 	surround_grating: ori = 15.0
523.8149 	EXP 	surround_grating: sf = array([2.5, 2.5])
523.8149 	EXP 	surround_grating: phase = array([0.29685155, 0.29685155])
523.8149 	EXP 	center_grating: ori = -2.0
523.8149 	EXP 	center_grating: sf = array([2.5, 2.5])
523.8149 	EXP 	center_grating: phase = array([0.81934134, 0.81934134])
524.3010 	EXP 	surround_grating: autoDraw = True
524.3010 	EXP 	center_grating: autoDraw = True
524.3730 	EXP 	surround_grating: autoDraw = False
524.3730 	EXP 	center_grating: autoDraw = False
524.8546 	EXP 	New trial (rep=0, index=295): <Trial 295 (295 in rep 0) data={'center': -4, 'surround': 0.0, 'type': 'c-4', 'surr_type': 'noss', 'surr_opacity': 0, 'thisN': 295, 'thisTrialN': 295, 'thisRepN': 0}>
524.8651 	INFO 	Keyboard events cleared
524.8647 	EXP 	surround_grating: autoDraw = False
524.8647 	EXP 	center_grating: autoDraw = False
524.8647 	EXP 	text_2: autoDraw = False
524.8647 	EXP 	surround_grating: ori = 0.0
524.8647 	EXP 	surround_grating: sf = array([2.5, 2.5])
524.8647 	EXP 	surround_grating: phase = array([0.89530692, 0.89530692])
524.8647 	EXP 	center_grating: ori = -4.0
524.8647 	EXP 	center_grating: sf = array([2.5, 2.5])
524.8647 	EXP 	center_grating: phase = array([0.6933841, 0.6933841])
525.3508 	EXP 	surround_grating: autoDraw = True
525.3508 	EXP 	center_grating: autoDraw = True
525.4230 	EXP 	surround_grating: autoDraw = False
525.4230 	EXP 	center_grating: autoDraw = False
525.9938 	EXP 	New trial (rep=0, index=296): <Trial 296 (296 in rep 0) data={'center': 2, 'surround': -15.0, 'type': 'c+2', 'surr_type': 'negs', 'surr_opacity': 100, 'thisN': 296, 'thisTrialN': 296, 'thisRepN': 0}>
526.0042 	INFO 	Keyboard events cleared
526.0037 	EXP 	surround_grating: autoDraw = False
526.0037 	EXP 	center_grating: autoDraw = False
526.0037 	EXP 	text_2: autoDraw = False
526.0037 	EXP 	surround_grating: ori = -15.0
526.0037 	EXP 	surround_grating: sf = array([2.5, 2.5])
526.0037 	EXP 	surround_grating: phase = array([0.75555033, 0.75555033])
526.0037 	EXP 	center_grating: ori = 2.0
526.0037 	EXP 	center_grating: sf = array([2.5, 2.5])
526.0037 	EXP 	center_grating: phase = array([0.06485761, 0.06485761])
526.4934 	EXP 	surround_grating: autoDraw = True
526.4934 	EXP 	center_grating: autoDraw = True
526.5682 	EXP 	surround_grating: autoDraw = False
526.5682 	EXP 	center_grating: autoDraw = False
527.0208 	EXP 	New trial (rep=0, index=297): <Trial 297 (297 in rep 0) data={'center': -1, 'surround': 0.0, 'type': 'c-1', 'surr_type': 'noss', 'surr_opacity': 0, 'thisN': 297, 'thisTrialN': 297, 'thisRepN': 0}>
527.0307 	INFO 	Keyboard events cleared
527.0302 	EXP 	surround_grating: autoDraw = False
527.0302 	EXP 	center_grating: autoDraw = False
527.0302 	EXP 	text_2: autoDraw = False
527.0302 	EXP 	surround_grating: ori = 0.0
527.0302 	EXP 	surround_grating: sf = array([2.5, 2.5])
527.0302 	EXP 	surround_grating: phase = array([0.04473748, 0.04473748])
527.0302 	EXP 	center_grating: ori = -1.0
527.0302 	EXP 	center_grating: sf = array([2.5, 2.5])
527.0302 	EXP 	center_grating: phase = array([0.27338461, 0.27338461])
527.5177 	EXP 	surround_grating: autoDraw = True
527.5177 	EXP 	center_grating: autoDraw = True
527.5901 	EXP 	surround_grating: autoDraw = False
527.5901 	EXP 	center_grating: autoDraw = False
528.0542 	EXP 	New trial (rep=0, index=298): <Trial 298 (298 in rep 0) data={'center': -2, 'surround': -15.0, 'type': 'c-2', 'surr_type': 'negs', 'surr_opacity': 100, 'thisN': 298, 'thisTrialN': 298, 'thisRepN': 0}>
528.0642 	INFO 	Keyboard events cleared
528.0637 	EXP 	surround_grating: autoDraw = False
528.0637 	EXP 	center_grating: autoDraw = False
528.0637 	EXP 	text_2: autoDraw = False
528.0637 	EXP 	surround_grating: ori = -15.0
528.0637 	EXP 	surround_grating: sf = array([2.5, 2.5])
528.0637 	EXP 	surround_grating: phase = array([0.16108708, 0.16108708])
528.0637 	EXP 	center_grating: ori = -2.0
528.0637 	EXP 	center_grating: sf = array([2.5, 2.5])
528.0637 	EXP 	center_grating: phase = array([0.80553293, 0.80553293])
528.5511 	EXP 	surround_grating: autoDraw = True
528.5511 	EXP 	center_grating: autoDraw = True
528.6234 	EXP 	surround_grating: autoDraw = False
528.6234 	EXP 	center_grating: autoDraw = False
529.3377 	EXP 	New trial (rep=0, index=299): <Trial 299 (299 in rep 0) data={'center': 2, 'surround': 15.0, 'type': 'c+2', 'surr_type': 'poss', 'surr_opacity': 100, 'thisN': 299, 'thisTrialN': 299, 'thisRepN': 0}>
529.3485 	INFO 	Keyboard events cleared
529.3480 	EXP 	surround_grating: autoDraw = False
529.3480 	EXP 	center_grating: autoDraw = False
529.3480 	EXP 	text_2: autoDraw = False
529.3480 	EXP 	surround_grating: ori = 15.0
529.3480 	EXP 	surround_grating: sf = array([2.5, 2.5])
529.3480 	EXP 	surround_grating: phase = array([0.57572918, 0.57572918])
529.3480 	EXP 	center_grating: ori = 2.0
529.3480 	EXP 	center_grating: sf = array([2.5, 2.5])
529.3480 	EXP 	center_grating: phase = array([0.42847061, 0.42847061])
529.8338 	EXP 	surround_grating: autoDraw = True
529.8338 	EXP 	center_grating: autoDraw = True
529.9066 	EXP 	surround_grating: autoDraw = False
529.9066 	EXP 	center_grating: autoDraw = False
530.4043 	EXP 	New trial (rep=0, index=300): <Trial 300 (300 in rep 0) data={'center': 2, 'surround': -15.0, 'type': 'c+2', 'surr_type': 'negs', 'surr_opacity': 100, 'thisN': 300, 'thisTrialN': 300, 'thisRepN': 0}>
530.4146 	INFO 	Keyboard events cleared
530.4141 	EXP 	surround_grating: autoDraw = False
530.4141 	EXP 	center_grating: autoDraw = False
530.4141 	EXP 	text_2: autoDraw = False
530.4141 	EXP 	surround_grating: ori = -15.0
530.4141 	EXP 	surround_grating: sf = array([2.5, 2.5])
530.4141 	EXP 	surround_grating: phase = array([0.90597482, 0.90597482])
530.4141 	EXP 	center_grating: ori = 2.0
530.4141 	EXP 	center_grating: sf = array([2.5, 2.5])
530.4141 	EXP 	center_grating: phase = array([0.90245605, 0.90245605])
530.9010 	EXP 	surround_grating: autoDraw = True
530.9010 	EXP 	center_grating: autoDraw = True
530.9745 	EXP 	surround_grating: autoDraw = False
530.9745 	EXP 	center_grating: autoDraw = False
531.4633 	INFO 	Keyboard events cleared
531.4628 	EXP 	surround_grating: autoDraw = False
531.4628 	EXP 	center_grating: autoDraw = False
531.4628 	EXP 	text_2: autoDraw = True
590.3463 	EXP 	New trial (rep=0, index=301): <Trial 301 (301 in rep 0) data={'center': 2, 'surround': 15.0, 'type': 'c+2', 'surr_type': 'poss', 'surr_opacity': 100, 'thisN': 301, 'thisTrialN': 301, 'thisRepN': 0}>
590.3569 	INFO 	Keyboard events cleared
590.3565 	EXP 	text_2: autoDraw = False
590.3565 	EXP 	surround_grating: ori = 15.0
590.3565 	EXP 	surround_grating: sf = array([2.5, 2.5])
590.3565 	EXP 	surround_grating: phase = array([0.19933095, 0.19933095])
590.3565 	EXP 	center_grating: ori = 2.0
590.3565 	EXP 	center_grating: sf = array([2.5, 2.5])
590.3565 	EXP 	center_grating: phase = array([0.01225755, 0.01225755])
590.8462 	EXP 	surround_grating: autoDraw = True
590.8462 	EXP 	center_grating: autoDraw = True
590.9205 	EXP 	surround_grating: autoDraw = False
590.9205 	EXP 	center_grating: autoDraw = False
591.5230 	EXP 	New trial (rep=0, index=302): <Trial 302 (302 in rep 0) data={'center': -6, 'surround': -15.0, 'type': 'c-6', 'surr_type': 'negs', 'surr_opacity': 100, 'thisN': 302, 'thisTrialN': 302, 'thisRepN': 0}>
591.5329 	INFO 	Keyboard events cleared
591.5323 	EXP 	surround_grating: autoDraw = False
591.5323 	EXP 	center_grating: autoDraw = False
591.5323 	EXP 	text_2: autoDraw = False
591.5323 	EXP 	surround_grating: ori = -15.0
591.5323 	EXP 	surround_grating: sf = array([2.5, 2.5])
591.5323 	EXP 	surround_grating: phase = array([0.28703431, 0.28703431])
591.5323 	EXP 	center_grating: ori = -6.0
591.5323 	EXP 	center_grating: sf = array([2.5, 2.5])
591.5323 	EXP 	center_grating: phase = array([0.22247372, 0.22247372])
592.0200 	EXP 	surround_grating: autoDraw = True
592.0200 	EXP 	center_grating: autoDraw = True
592.0916 	EXP 	surround_grating: autoDraw = False
592.0916 	EXP 	center_grating: autoDraw = False
592.6781 	EXP 	New trial (rep=0, index=303): <Trial 303 (303 in rep 0) data={'center': 2, 'surround': 15.0, 'type': 'c+2', 'surr_type': 'poss', 'surr_opacity': 100, 'thisN': 303, 'thisTrialN': 303, 'thisRepN': 0}>
592.7040 	INFO 	Keyboard events cleared
592.7036 	EXP 	surround_grating: autoDraw = False
592.7036 	EXP 	center_grating: autoDraw = False
592.7036 	EXP 	text_2: autoDraw = False
592.7036 	EXP 	surround_grating: ori = 15.0
592.7036 	EXP 	surround_grating: sf = array([2.5, 2.5])
592.7036 	EXP 	surround_grating: phase = array([0.65961407, 0.65961407])
592.7036 	EXP 	center_grating: ori = 2.0
592.7036 	EXP 	center_grating: sf = array([2.5, 2.5])
592.7036 	EXP 	center_grating: phase = array([0.31338905, 0.31338905])
593.1787 	EXP 	surround_grating: autoDraw = True
593.1787 	EXP 	center_grating: autoDraw = True
593.2538 	EXP 	surround_grating: autoDraw = False
593.2538 	EXP 	center_grating: autoDraw = False
593.7400 	EXP 	New trial (rep=0, index=304): <Trial 304 (304 in rep 0) data={'center': 0, 'surround': 15.0, 'type': 'c+0', 'surr_type': 'poss', 'surr_opacity': 100, 'thisN': 304, 'thisTrialN': 304, 'thisRepN': 0}>
593.7507 	INFO 	Keyboard events cleared
593.7503 	EXP 	surround_grating: autoDraw = False
593.7503 	EXP 	center_grating: autoDraw = False
593.7503 	EXP 	text_2: autoDraw = False
593.7503 	EXP 	surround_grating: ori = 15.0
593.7503 	EXP 	surround_grating: sf = array([2.5, 2.5])
593.7503 	EXP 	surround_grating: phase = array([0.43747512, 0.43747512])
593.7503 	EXP 	center_grating: ori = 0.0
593.7503 	EXP 	center_grating: sf = array([2.5, 2.5])
593.7503 	EXP 	center_grating: phase = array([0.1024947, 0.1024947])
594.2368 	EXP 	surround_grating: autoDraw = True
594.2368 	EXP 	center_grating: autoDraw = True
594.3090 	EXP 	surround_grating: autoDraw = False
594.3090 	EXP 	center_grating: autoDraw = False
595.1745 	EXP 	New trial (rep=0, index=305): <Trial 305 (305 in rep 0) data={'center': -2, 'surround': -15.0, 'type': 'c-2', 'surr_type': 'negs', 'surr_opacity': 100, 'thisN': 305, 'thisTrialN': 305, 'thisRepN': 0}>
595.1845 	INFO 	Keyboard events cleared
595.1841 	EXP 	surround_grating: autoDraw = False
595.1841 	EXP 	center_grating: autoDraw = False
595.1841 	EXP 	text_2: autoDraw = False
595.1841 	EXP 	surround_grating: ori = -15.0
595.1841 	EXP 	surround_grating: sf = array([2.5, 2.5])
595.1841 	EXP 	surround_grating: phase = array([0.27366323, 0.27366323])
595.1841 	EXP 	center_grating: ori = -2.0
595.1841 	EXP 	center_grating: sf = array([2.5, 2.5])
595.1841 	EXP 	center_grating: phase = array([0.42856496, 0.42856496])
595.6701 	EXP 	surround_grating: autoDraw = True
595.6701 	EXP 	center_grating: autoDraw = True
595.7424 	EXP 	surround_grating: autoDraw = False
595.7424 	EXP 	center_grating: autoDraw = False
596.2785 	EXP 	New trial (rep=0, index=306): <Trial 306 (306 in rep 0) data={'center': 2, 'surround': 0.0, 'type': 'c+2', 'surr_type': 'noss', 'surr_opacity': 0, 'thisN': 306, 'thisTrialN': 306, 'thisRepN': 0}>
596.3042 	INFO 	Keyboard events cleared
596.3037 	EXP 	surround_grating: autoDraw = False
596.3037 	EXP 	center_grating: autoDraw = False
596.3037 	EXP 	text_2: autoDraw = False
596.3037 	EXP 	surround_grating: ori = 0.0
596.3037 	EXP 	surround_grating: sf = array([2.5, 2.5])
596.3037 	EXP 	surround_grating: phase = array([0.93617325, 0.93617325])
596.3037 	EXP 	center_grating: ori = 2.0
596.3037 	EXP 	center_grating: sf = array([2.5, 2.5])
596.3037 	EXP 	center_grating: phase = array([0.47358491, 0.47358491])
596.7798 	EXP 	surround_grating: autoDraw = True
596.7798 	EXP 	center_grating: autoDraw = True
596.8540 	EXP 	surround_grating: autoDraw = False
596.8540 	EXP 	center_grating: autoDraw = False
597.2737 	EXP 	New trial (rep=0, index=307): <Trial 307 (307 in rep 0) data={'center': 1, 'surround': 0.0, 'type': 'c+1', 'surr_type': 'noss', 'surr_opacity': 0, 'thisN': 307, 'thisTrialN': 307, 'thisRepN': 0}>
597.2843 	INFO 	Keyboard events cleared
597.2838 	EXP 	surround_grating: autoDraw = False
597.2838 	EXP 	center_grating: autoDraw = False
597.2838 	EXP 	text_2: autoDraw = False
597.2838 	EXP 	surround_grating: ori = 0.0
597.2838 	EXP 	surround_grating: sf = array([2.5, 2.5])
597.2838 	EXP 	surround_grating: phase = array([0.1310879, 0.1310879])
597.2838 	EXP 	center_grating: ori = 1.0
597.2838 	EXP 	center_grating: sf = array([2.5, 2.5])
597.2838 	EXP 	center_grating: phase = array([0.73260317, 0.73260317])
597.7701 	EXP 	surround_grating: autoDraw = True
597.7701 	EXP 	center_grating: autoDraw = True
597.8422 	EXP 	surround_grating: autoDraw = False
597.8422 	EXP 	center_grating: autoDraw = False
598.2398 	EXP 	New trial (rep=0, index=308): <Trial 308 (308 in rep 0) data={'center': -2, 'surround': 15.0, 'type': 'c-2', 'surr_type': 'poss', 'surr_opacity': 100, 'thisN': 308, 'thisTrialN': 308, 'thisRepN': 0}>
598.2500 	INFO 	Keyboard events cleared
598.2496 	EXP 	surround_grating: autoDraw = False
598.2496 	EXP 	center_grating: autoDraw = False
598.2496 	EXP 	text_2: autoDraw = False
598.2496 	EXP 	surround_grating: ori = 15.0
598.2496 	EXP 	surround_grating: sf = array([2.5, 2.5])
598.2496 	EXP 	surround_grating: phase = array([0.86610936, 0.86610936])
598.2496 	EXP 	center_grating: ori = -2.0
598.2496 	EXP 	center_grating: sf = array([2.5, 2.5])
598.2496 	EXP 	center_grating: phase = array([0.54695145, 0.54695145])
598.7369 	EXP 	surround_grating: autoDraw = True
598.7369 	EXP 	center_grating: autoDraw = True
598.8098 	EXP 	surround_grating: autoDraw = False
598.8098 	EXP 	center_grating: autoDraw = False
599.2956 	EXP 	New trial (rep=0, index=309): <Trial 309 (309 in rep 0) data={'center': 8, 'surround': 15.0, 'type': 'c+8', 'surr_type': 'poss', 'surr_opacity': 100, 'thisN': 309, 'thisTrialN': 309, 'thisRepN': 0}>
599.3068 	INFO 	Keyboard events cleared
599.3063 	EXP 	surround_grating: autoDraw = False
599.3063 	EXP 	center_grating: autoDraw = False
599.3063 	EXP 	text_2: autoDraw = False
599.3063 	EXP 	surround_grating: ori = 15.0
599.3063 	EXP 	surround_grating: sf = array([2.5, 2.5])
599.3063 	EXP 	surround_grating: phase = array([0.10264557, 0.10264557])
599.3063 	EXP 	center_grating: ori = 8.0
599.3063 	EXP 	center_grating: sf = array([2.5, 2.5])
599.3063 	EXP 	center_grating: phase = array([0.32636169, 0.32636169])
599.7964 	EXP 	surround_grating: autoDraw = True
599.7964 	EXP 	center_grating: autoDraw = True
599.8708 	EXP 	surround_grating: autoDraw = False
599.8708 	EXP 	center_grating: autoDraw = False
600.1896 	EXP 	New trial (rep=0, index=310): <Trial 310 (310 in rep 0) data={'center': -2, 'surround': 15.0, 'type': 'c-2', 'surr_type': 'poss', 'surr_opacity': 100, 'thisN': 310, 'thisTrialN': 310, 'thisRepN': 0}>
600.1994 	INFO 	Keyboard events cleared
600.1990 	EXP 	surround_grating: autoDraw = False
600.1990 	EXP 	center_grating: autoDraw = False
600.1990 	EXP 	text_2: autoDraw = False
600.1990 	EXP 	surround_grating: ori = 15.0
600.1990 	EXP 	surround_grating: sf = array([2.5, 2.5])
600.1990 	EXP 	surround_grating: phase = array([0.66720967, 0.66720967])
600.1990 	EXP 	center_grating: ori = -2.0
600.1990 	EXP 	center_grating: sf = array([2.5, 2.5])
600.1990 	EXP 	center_grating: phase = array([0.83163944, 0.83163944])
600.6871 	EXP 	surround_grating: autoDraw = True
600.6871 	EXP 	center_grating: autoDraw = True
600.7600 	EXP 	surround_grating: autoDraw = False
600.7600 	EXP 	center_grating: autoDraw = False
601.0563 	EXP 	New trial (rep=0, index=311): <Trial 311 (311 in rep 0) data={'center': 4, 'surround': 0.0, 'type': 'c+4', 'surr_type': 'noss', 'surr_opacity': 0, 'thisN': 311, 'thisTrialN': 311, 'thisRepN': 0}>
601.0662 	INFO 	Keyboard events cleared
601.0657 	EXP 	surround_grating: autoDraw = False
601.0657 	EXP 	center_grating: autoDraw = False
601.0657 	EXP 	text_2: autoDraw = False
601.0657 	EXP 	surround_grating: ori = 0.0
601.0657 	EXP 	surround_grating: sf = array([2.5, 2.5])
601.0657 	EXP 	surround_grating: phase = array([0.3415783, 0.3415783])
601.0657 	EXP 	center_grating: ori = 4.0
601.0657 	EXP 	center_grating: sf = array([2.5, 2.5])
601.0657 	EXP 	center_grating: phase = array([0.02805321, 0.02805321])
601.5538 	EXP 	surround_grating: autoDraw = True
601.5538 	EXP 	center_grating: autoDraw = True
601.6262 	EXP 	surround_grating: autoDraw = False
601.6262 	EXP 	center_grating: autoDraw = False
602.0908 	EXP 	New trial (rep=0, index=312): <Trial 312 (312 in rep 0) data={'center': 2, 'surround': -15.0, 'type': 'c+2', 'surr_type': 'negs', 'surr_opacity': 100, 'thisN': 312, 'thisTrialN': 312, 'thisRepN': 0}>
602.1011 	INFO 	Keyboard events cleared
602.1005 	EXP 	surround_grating: autoDraw = False
602.1005 	EXP 	center_grating: autoDraw = False
602.1005 	EXP 	text_2: autoDraw = False
602.1005 	EXP 	surround_grating: ori = -15.0
602.1005 	EXP 	surround_grating: sf = array([2.5, 2.5])
602.1005 	EXP 	surround_grating: phase = array([0.7555719, 0.7555719])
602.1005 	EXP 	center_grating: ori = 2.0
602.1005 	EXP 	center_grating: sf = array([2.5, 2.5])
602.1005 	EXP 	center_grating: phase = array([0.63260653, 0.63260653])
602.5870 	EXP 	surround_grating: autoDraw = True
602.5870 	EXP 	center_grating: autoDraw = True
602.6592 	EXP 	surround_grating: autoDraw = False
602.6592 	EXP 	center_grating: autoDraw = False
603.0412 	EXP 	New trial (rep=0, index=313): <Trial 313 (313 in rep 0) data={'center': 2, 'surround': 0.0, 'type': 'c+2', 'surr_type': 'noss', 'surr_opacity': 0, 'thisN': 313, 'thisTrialN': 313, 'thisRepN': 0}>
603.0515 	INFO 	Keyboard events cleared
603.0511 	EXP 	surround_grating: autoDraw = False
603.0511 	EXP 	center_grating: autoDraw = False
603.0511 	EXP 	text_2: autoDraw = False
603.0511 	EXP 	surround_grating: ori = 0.0
603.0511 	EXP 	surround_grating: sf = array([2.5, 2.5])
603.0511 	EXP 	surround_grating: phase = array([0.13902275, 0.13902275])
603.0511 	EXP 	center_grating: ori = 2.0
603.0511 	EXP 	center_grating: sf = array([2.5, 2.5])
603.0511 	EXP 	center_grating: phase = array([0.95640217, 0.95640217])
603.5371 	EXP 	surround_grating: autoDraw = True
603.5371 	EXP 	center_grating: autoDraw = True
603.6092 	EXP 	surround_grating: autoDraw = False
603.6092 	EXP 	center_grating: autoDraw = False
604.0568 	EXP 	New trial (rep=0, index=314): <Trial 314 (314 in rep 0) data={'center': 0, 'surround': 15.0, 'type': 'c+0', 'surr_type': 'poss', 'surr_opacity': 100, 'thisN': 314, 'thisTrialN': 314, 'thisRepN': 0}>
604.0669 	INFO 	Keyboard events cleared
604.0664 	EXP 	surround_grating: autoDraw = False
604.0664 	EXP 	center_grating: autoDraw = False
604.0664 	EXP 	text_2: autoDraw = False
604.0664 	EXP 	surround_grating: ori = 15.0
604.0664 	EXP 	surround_grating: sf = array([2.5, 2.5])
604.0664 	EXP 	surround_grating: phase = array([0.32579402, 0.32579402])
604.0664 	EXP 	center_grating: ori = 0.0
604.0664 	EXP 	center_grating: sf = array([2.5, 2.5])
604.0664 	EXP 	center_grating: phase = array([0.42243023, 0.42243023])
604.5537 	EXP 	surround_grating: autoDraw = True
604.5537 	EXP 	center_grating: autoDraw = True
604.6261 	EXP 	surround_grating: autoDraw = False
604.6261 	EXP 	center_grating: autoDraw = False
605.0405 	EXP 	New trial (rep=0, index=315): <Trial 315 (315 in rep 0) data={'center': -4, 'surround': 0.0, 'type': 'c-4', 'surr_type': 'noss', 'surr_opacity': 0, 'thisN': 315, 'thisTrialN': 315, 'thisRepN': 0}>
605.0510 	INFO 	Keyboard events cleared
605.0505 	EXP 	surround_grating: autoDraw = False
605.0505 	EXP 	center_grating: autoDraw = False
605.0505 	EXP 	text_2: autoDraw = False
605.0505 	EXP 	surround_grating: ori = 0.0
605.0505 	EXP 	surround_grating: sf = array([2.5, 2.5])
605.0505 	EXP 	surround_grating: phase = array([0.22352959, 0.22352959])
605.0505 	EXP 	center_grating: ori = -4.0
605.0505 	EXP 	center_grating: sf = array([2.5, 2.5])
605.0505 	EXP 	center_grating: phase = array([0.16382764, 0.16382764])
605.5372 	EXP 	surround_grating: autoDraw = True
605.5372 	EXP 	center_grating: autoDraw = True
605.6094 	EXP 	surround_grating: autoDraw = False
605.6094 	EXP 	center_grating: autoDraw = False
606.0994 	EXP 	New trial (rep=0, index=316): <Trial 316 (316 in rep 0) data={'center': -2, 'surround': 15.0, 'type': 'c-2', 'surr_type': 'poss', 'surr_opacity': 100, 'thisN': 316, 'thisTrialN': 316, 'thisRepN': 0}>
606.1072 	INFO 	Keyboard events cleared
606.1068 	EXP 	surround_grating: autoDraw = False
606.1068 	EXP 	center_grating: autoDraw = False
606.1068 	EXP 	text_2: autoDraw = False
606.1068 	EXP 	surround_grating: ori = 15.0
606.1068 	EXP 	surround_grating: sf = array([2.5, 2.5])
606.1068 	EXP 	surround_grating: phase = array([0.93129934, 0.93129934])
606.1068 	EXP 	center_grating: ori = -2.0
606.1068 	EXP 	center_grating: sf = array([2.5, 2.5])
606.1068 	EXP 	center_grating: phase = array([0.08645206, 0.08645206])
606.5961 	EXP 	surround_grating: autoDraw = True
606.5961 	EXP 	center_grating: autoDraw = True
606.6711 	EXP 	surround_grating: autoDraw = False
606.6711 	EXP 	center_grating: autoDraw = False
607.0574 	EXP 	New trial (rep=0, index=317): <Trial 317 (317 in rep 0) data={'center': 2, 'surround': 15.0, 'type': 'c+2', 'surr_type': 'poss', 'surr_opacity': 100, 'thisN': 317, 'thisTrialN': 317, 'thisRepN': 0}>
607.0679 	INFO 	Keyboard events cleared
607.0675 	EXP 	surround_grating: autoDraw = False
607.0675 	EXP 	center_grating: autoDraw = False
607.0675 	EXP 	text_2: autoDraw = False
607.0675 	EXP 	surround_grating: ori = 15.0
607.0675 	EXP 	surround_grating: sf = array([2.5, 2.5])
607.0675 	EXP 	surround_grating: phase = array([0.60475697, 0.60475697])
607.0675 	EXP 	center_grating: ori = 2.0
607.0675 	EXP 	center_grating: sf = array([2.5, 2.5])
607.0675 	EXP 	center_grating: phase = array([0.73945076, 0.73945076])
607.5538 	EXP 	surround_grating: autoDraw = True
607.5538 	EXP 	center_grating: autoDraw = True
607.6259 	EXP 	surround_grating: autoDraw = False
607.6259 	EXP 	center_grating: autoDraw = False
608.2955 	EXP 	New trial (rep=0, index=318): <Trial 318 (318 in rep 0) data={'center': 4, 'surround': 15.0, 'type': 'c+4', 'surr_type': 'poss', 'surr_opacity': 100, 'thisN': 318, 'thisTrialN': 318, 'thisRepN': 0}>
608.3213 	INFO 	Keyboard events cleared
608.3208 	EXP 	surround_grating: autoDraw = False
608.3208 	EXP 	center_grating: autoDraw = False
608.3208 	EXP 	text_2: autoDraw = False
608.3208 	EXP 	surround_grating: ori = 15.0
608.3208 	EXP 	surround_grating: sf = array([2.5, 2.5])
608.3208 	EXP 	surround_grating: phase = array([0.30413976, 0.30413976])
608.3208 	EXP 	center_grating: ori = 4.0
608.3208 	EXP 	center_grating: sf = array([2.5, 2.5])
608.3208 	EXP 	center_grating: phase = array([0.90200195, 0.90200195])
608.7974 	EXP 	surround_grating: autoDraw = True
608.7974 	EXP 	center_grating: autoDraw = True
608.8711 	EXP 	surround_grating: autoDraw = False
608.8711 	EXP 	center_grating: autoDraw = False
609.5128 	EXP 	New trial (rep=0, index=319): <Trial 319 (319 in rep 0) data={'center': 0, 'surround': 15.0, 'type': 'c+0', 'surr_type': 'poss', 'surr_opacity': 100, 'thisN': 319, 'thisTrialN': 319, 'thisRepN': 0}>
609.5233 	INFO 	Keyboard events cleared
609.5228 	EXP 	surround_grating: autoDraw = False
609.5228 	EXP 	center_grating: autoDraw = False
609.5228 	EXP 	text_2: autoDraw = False
609.5228 	EXP 	surround_grating: ori = 15.0
609.5228 	EXP 	surround_grating: sf = array([2.5, 2.5])
609.5228 	EXP 	surround_grating: phase = array([0.2993344, 0.2993344])
609.5228 	EXP 	center_grating: ori = 0.0
609.5228 	EXP 	center_grating: sf = array([2.5, 2.5])
609.5228 	EXP 	center_grating: phase = array([0.44017451, 0.44017451])
610.0134 	EXP 	surround_grating: autoDraw = True
610.0134 	EXP 	center_grating: autoDraw = True
610.0878 	EXP 	surround_grating: autoDraw = False
610.0878 	EXP 	center_grating: autoDraw = False
610.9071 	EXP 	New trial (rep=0, index=320): <Trial 320 (320 in rep 0) data={'center': -2, 'surround': 15.0, 'type': 'c-2', 'surr_type': 'poss', 'surr_opacity': 100, 'thisN': 320, 'thisTrialN': 320, 'thisRepN': 0}>
610.9176 	INFO 	Keyboard events cleared
610.9171 	EXP 	surround_grating: autoDraw = False
610.9171 	EXP 	center_grating: autoDraw = False
610.9171 	EXP 	text_2: autoDraw = False
610.9171 	EXP 	surround_grating: ori = 15.0
610.9171 	EXP 	surround_grating: sf = array([2.5, 2.5])
610.9171 	EXP 	surround_grating: phase = array([0.60513564, 0.60513564])
610.9171 	EXP 	center_grating: ori = -2.0
610.9171 	EXP 	center_grating: sf = array([2.5, 2.5])
610.9171 	EXP 	center_grating: phase = array([0.24937624, 0.24937624])
611.4040 	EXP 	surround_grating: autoDraw = True
611.4040 	EXP 	center_grating: autoDraw = True
611.4761 	EXP 	surround_grating: autoDraw = False
611.4761 	EXP 	center_grating: autoDraw = False
612.0128 	EXP 	New trial (rep=0, index=321): <Trial 321 (321 in rep 0) data={'center': 2, 'surround': 0.0, 'type': 'c+2', 'surr_type': 'noss', 'surr_opacity': 0, 'thisN': 321, 'thisTrialN': 321, 'thisRepN': 0}>
612.0231 	INFO 	Keyboard events cleared
612.0227 	EXP 	surround_grating: autoDraw = False
612.0227 	EXP 	center_grating: autoDraw = False
612.0227 	EXP 	text_2: autoDraw = False
612.0227 	EXP 	surround_grating: ori = 0.0
612.0227 	EXP 	surround_grating: sf = array([2.5, 2.5])
612.0227 	EXP 	surround_grating: phase = array([0.71612397, 0.71612397])
612.0227 	EXP 	center_grating: ori = 2.0
612.0227 	EXP 	center_grating: sf = array([2.5, 2.5])
612.0227 	EXP 	center_grating: phase = array([0.58386324, 0.58386324])
612.5127 	EXP 	surround_grating: autoDraw = True
612.5127 	EXP 	center_grating: autoDraw = True
612.5879 	EXP 	surround_grating: autoDraw = False
612.5879 	EXP 	center_grating: autoDraw = False
613.0566 	EXP 	New trial (rep=0, index=322): <Trial 322 (322 in rep 0) data={'center': -2, 'surround': -15.0, 'type': 'c-2', 'surr_type': 'negs', 'surr_opacity': 100, 'thisN': 322, 'thisTrialN': 322, 'thisRepN': 0}>
613.0665 	INFO 	Keyboard events cleared
613.0661 	EXP 	surround_grating: autoDraw = False
613.0661 	EXP 	center_grating: autoDraw = False
613.0661 	EXP 	text_2: autoDraw = False
613.0661 	EXP 	surround_grating: ori = -15.0
613.0661 	EXP 	surround_grating: sf = array([2.5, 2.5])
613.0661 	EXP 	surround_grating: phase = array([0.63626263, 0.63626263])
613.0661 	EXP 	center_grating: ori = -2.0
613.0661 	EXP 	center_grating: sf = array([2.5, 2.5])
613.0661 	EXP 	center_grating: phase = array([0.59891193, 0.59891193])
613.5541 	EXP 	surround_grating: autoDraw = True
613.5541 	EXP 	center_grating: autoDraw = True
613.6276 	EXP 	surround_grating: autoDraw = False
613.6276 	EXP 	center_grating: autoDraw = False
614.6571 	EXP 	New trial (rep=0, index=323): <Trial 323 (323 in rep 0) data={'center': -6, 'surround': -15.0, 'type': 'c-6', 'surr_type': 'negs', 'surr_opacity': 100, 'thisN': 323, 'thisTrialN': 323, 'thisRepN': 0}>
614.6677 	INFO 	Keyboard events cleared
614.6672 	EXP 	surround_grating: autoDraw = False
614.6672 	EXP 	center_grating: autoDraw = False
614.6672 	EXP 	text_2: autoDraw = False
614.6672 	EXP 	surround_grating: ori = -15.0
614.6672 	EXP 	surround_grating: sf = array([2.5, 2.5])
614.6672 	EXP 	surround_grating: phase = array([0.05864628, 0.05864628])
614.6672 	EXP 	center_grating: ori = -6.0
614.6672 	EXP 	center_grating: sf = array([2.5, 2.5])
614.6672 	EXP 	center_grating: phase = array([0.71724766, 0.71724766])
615.1541 	EXP 	surround_grating: autoDraw = True
615.1541 	EXP 	center_grating: autoDraw = True
615.2273 	EXP 	surround_grating: autoDraw = False
615.2273 	EXP 	center_grating: autoDraw = False
615.7412 	EXP 	New trial (rep=0, index=324): <Trial 324 (324 in rep 0) data={'center': -4, 'surround': 0.0, 'type': 'c-4', 'surr_type': 'noss', 'surr_opacity': 0, 'thisN': 324, 'thisTrialN': 324, 'thisRepN': 0}>
615.7527 	INFO 	Keyboard events cleared
615.7523 	EXP 	surround_grating: autoDraw = False
615.7523 	EXP 	center_grating: autoDraw = False
615.7523 	EXP 	text_2: autoDraw = False
615.7523 	EXP 	surround_grating: ori = 0.0
615.7523 	EXP 	surround_grating: sf = array([2.5, 2.5])
615.7523 	EXP 	surround_grating: phase = array([0.98277349, 0.98277349])
615.7523 	EXP 	center_grating: ori = -4.0
615.7523 	EXP 	center_grating: sf = array([2.5, 2.5])
615.7523 	EXP 	center_grating: phase = array([0.11298892, 0.11298892])
616.2375 	EXP 	surround_grating: autoDraw = True
616.2375 	EXP 	center_grating: autoDraw = True
616.3093 	EXP 	surround_grating: autoDraw = False
616.3093 	EXP 	center_grating: autoDraw = False
616.9244 	EXP 	New trial (rep=0, index=325): <Trial 325 (325 in rep 0) data={'center': -8, 'surround': -15.0, 'type': 'c-8', 'surr_type': 'negs', 'surr_opacity': 100, 'thisN': 325, 'thisTrialN': 325, 'thisRepN': 0}>
616.9343 	INFO 	Keyboard events cleared
616.9338 	EXP 	surround_grating: autoDraw = False
616.9338 	EXP 	center_grating: autoDraw = False
616.9338 	EXP 	text_2: autoDraw = False
616.9338 	EXP 	surround_grating: ori = -15.0
616.9338 	EXP 	surround_grating: sf = array([2.5, 2.5])
616.9338 	EXP 	surround_grating: phase = array([0.97635226, 0.97635226])
616.9338 	EXP 	center_grating: ori = -8.0
616.9338 	EXP 	center_grating: sf = array([2.5, 2.5])
616.9338 	EXP 	center_grating: phase = array([0.99347766, 0.99347766])
617.4209 	EXP 	surround_grating: autoDraw = True
617.4209 	EXP 	center_grating: autoDraw = True
617.4937 	EXP 	surround_grating: autoDraw = False
617.4937 	EXP 	center_grating: autoDraw = False
617.9417 	EXP 	New trial (rep=0, index=326): <Trial 326 (326 in rep 0) data={'center': -4, 'surround': 0.0, 'type': 'c-4', 'surr_type': 'noss', 'surr_opacity': 0, 'thisN': 326, 'thisTrialN': 326, 'thisRepN': 0}>
617.9524 	INFO 	Keyboard events cleared
617.9518 	EXP 	surround_grating: autoDraw = False
617.9518 	EXP 	center_grating: autoDraw = False
617.9518 	EXP 	text_2: autoDraw = False
617.9518 	EXP 	surround_grating: ori = 0.0
617.9518 	EXP 	surround_grating: sf = array([2.5, 2.5])
617.9518 	EXP 	surround_grating: phase = array([0.04830901, 0.04830901])
617.9518 	EXP 	center_grating: ori = -4.0
617.9518 	EXP 	center_grating: sf = array([2.5, 2.5])
617.9518 	EXP 	center_grating: phase = array([0.02958257, 0.02958257])
618.4376 	EXP 	surround_grating: autoDraw = True
618.4376 	EXP 	center_grating: autoDraw = True
618.5098 	EXP 	surround_grating: autoDraw = False
618.5098 	EXP 	center_grating: autoDraw = False
618.9575 	EXP 	New trial (rep=0, index=327): <Trial 327 (327 in rep 0) data={'center': -4, 'surround': -15.0, 'type': 'c-4', 'surr_type': 'negs', 'surr_opacity': 100, 'thisN': 327, 'thisTrialN': 327, 'thisRepN': 0}>
618.9684 	INFO 	Keyboard events cleared
618.9680 	EXP 	surround_grating: autoDraw = False
618.9680 	EXP 	center_grating: autoDraw = False
618.9680 	EXP 	text_2: autoDraw = False
618.9680 	EXP 	surround_grating: ori = -15.0
618.9680 	EXP 	surround_grating: sf = array([2.5, 2.5])
618.9680 	EXP 	surround_grating: phase = array([0.23939317, 0.23939317])
618.9680 	EXP 	center_grating: ori = -4.0
618.9680 	EXP 	center_grating: sf = array([2.5, 2.5])
618.9680 	EXP 	center_grating: phase = array([0.24198979, 0.24198979])
619.4543 	EXP 	surround_grating: autoDraw = True
619.4543 	EXP 	center_grating: autoDraw = True
619.5262 	EXP 	surround_grating: autoDraw = False
619.5262 	EXP 	center_grating: autoDraw = False
619.8977 	EXP 	New trial (rep=0, index=328): <Trial 328 (328 in rep 0) data={'center': 2, 'surround': 0.0, 'type': 'c+2', 'surr_type': 'noss', 'surr_opacity': 0, 'thisN': 328, 'thisTrialN': 328, 'thisRepN': 0}>
619.9077 	INFO 	Keyboard events cleared
619.9073 	EXP 	surround_grating: autoDraw = False
619.9073 	EXP 	center_grating: autoDraw = False
619.9073 	EXP 	text_2: autoDraw = False
619.9073 	EXP 	surround_grating: ori = 0.0
619.9073 	EXP 	surround_grating: sf = array([2.5, 2.5])
619.9073 	EXP 	surround_grating: phase = array([0.19383875, 0.19383875])
619.9073 	EXP 	center_grating: ori = 2.0
619.9073 	EXP 	center_grating: sf = array([2.5, 2.5])
619.9073 	EXP 	center_grating: phase = array([0.9100494, 0.9100494])
620.3964 	EXP 	surround_grating: autoDraw = True
620.3964 	EXP 	center_grating: autoDraw = True
620.4715 	EXP 	surround_grating: autoDraw = False
620.4715 	EXP 	center_grating: autoDraw = False
620.8573 	EXP 	New trial (rep=0, index=329): <Trial 329 (329 in rep 0) data={'center': 4, 'surround': 15.0, 'type': 'c+4', 'surr_type': 'poss', 'surr_opacity': 100, 'thisN': 329, 'thisTrialN': 329, 'thisRepN': 0}>
620.8675 	INFO 	Keyboard events cleared
620.8671 	EXP 	surround_grating: autoDraw = False
620.8671 	EXP 	center_grating: autoDraw = False
620.8671 	EXP 	text_2: autoDraw = False
620.8671 	EXP 	surround_grating: ori = 15.0
620.8671 	EXP 	surround_grating: sf = array([2.5, 2.5])
620.8671 	EXP 	surround_grating: phase = array([0.63143174, 0.63143174])
620.8671 	EXP 	center_grating: ori = 4.0
620.8671 	EXP 	center_grating: sf = array([2.5, 2.5])
620.8671 	EXP 	center_grating: phase = array([0.17506203, 0.17506203])
621.3537 	EXP 	surround_grating: autoDraw = True
621.3537 	EXP 	center_grating: autoDraw = True
621.4383 	EXP 	surround_grating: autoDraw = False
621.4383 	EXP 	center_grating: autoDraw = False
621.9740 	EXP 	New trial (rep=0, index=330): <Trial 330 (330 in rep 0) data={'center': 2, 'surround': 0.0, 'type': 'c+2', 'surr_type': 'noss', 'surr_opacity': 0, 'thisN': 330, 'thisTrialN': 330, 'thisRepN': 0}>
621.9843 	INFO 	Keyboard events cleared
621.9837 	EXP 	surround_grating: autoDraw = False
621.9837 	EXP 	center_grating: autoDraw = False
621.9837 	EXP 	text_2: autoDraw = False
621.9837 	EXP 	surround_grating: ori = 0.0
621.9837 	EXP 	surround_grating: sf = array([2.5, 2.5])
621.9837 	EXP 	surround_grating: phase = array([0.36450828, 0.36450828])
621.9837 	EXP 	center_grating: ori = 2.0
621.9837 	EXP 	center_grating: sf = array([2.5, 2.5])
621.9837 	EXP 	center_grating: phase = array([0.37711769, 0.37711769])
622.4710 	EXP 	surround_grating: autoDraw = True
622.4710 	EXP 	center_grating: autoDraw = True
622.5434 	EXP 	surround_grating: autoDraw = False
622.5434 	EXP 	center_grating: autoDraw = False
622.9142 	EXP 	New trial (rep=0, index=331): <Trial 331 (331 in rep 0) data={'center': -6, 'surround': -15.0, 'type': 'c-6', 'surr_type': 'negs', 'surr_opacity': 100, 'thisN': 331, 'thisTrialN': 331, 'thisRepN': 0}>
622.9245 	INFO 	Keyboard events cleared
622.9240 	EXP 	surround_grating: autoDraw = False
622.9240 	EXP 	center_grating: autoDraw = False
622.9240 	EXP 	text_2: autoDraw = False
622.9240 	EXP 	surround_grating: ori = -15.0
622.9240 	EXP 	surround_grating: sf = array([2.5, 2.5])
622.9240 	EXP 	surround_grating: phase = array([0.20165113, 0.20165113])
622.9240 	EXP 	center_grating: ori = -6.0
622.9240 	EXP 	center_grating: sf = array([2.5, 2.5])
622.9240 	EXP 	center_grating: phase = array([0.82547645, 0.82547645])
623.4135 	EXP 	surround_grating: autoDraw = True
623.4135 	EXP 	center_grating: autoDraw = True
623.4882 	EXP 	surround_grating: autoDraw = False
623.4882 	EXP 	center_grating: autoDraw = False
624.0576 	EXP 	New trial (rep=0, index=332): <Trial 332 (332 in rep 0) data={'center': -2, 'surround': 15.0, 'type': 'c-2', 'surr_type': 'poss', 'surr_opacity': 100, 'thisN': 332, 'thisTrialN': 332, 'thisRepN': 0}>
624.0677 	INFO 	Keyboard events cleared
624.0672 	EXP 	surround_grating: autoDraw = False
624.0672 	EXP 	center_grating: autoDraw = False
624.0672 	EXP 	text_2: autoDraw = False
624.0672 	EXP 	surround_grating: ori = 15.0
624.0672 	EXP 	surround_grating: sf = array([2.5, 2.5])
624.0672 	EXP 	surround_grating: phase = array([0.1091114, 0.1091114])
624.0672 	EXP 	center_grating: ori = -2.0
624.0672 	EXP 	center_grating: sf = array([2.5, 2.5])
624.0672 	EXP 	center_grating: phase = array([0.67564287, 0.67564287])
624.5546 	EXP 	surround_grating: autoDraw = True
624.5546 	EXP 	center_grating: autoDraw = True
624.6276 	EXP 	surround_grating: autoDraw = False
624.6276 	EXP 	center_grating: autoDraw = False
625.1076 	EXP 	New trial (rep=0, index=333): <Trial 333 (333 in rep 0) data={'center': 0, 'surround': 15.0, 'type': 'c+0', 'surr_type': 'poss', 'surr_opacity': 100, 'thisN': 333, 'thisTrialN': 333, 'thisRepN': 0}>
625.1181 	INFO 	Keyboard events cleared
625.1176 	EXP 	surround_grating: autoDraw = False
625.1176 	EXP 	center_grating: autoDraw = False
625.1176 	EXP 	text_2: autoDraw = False
625.1176 	EXP 	surround_grating: ori = 15.0
625.1176 	EXP 	surround_grating: sf = array([2.5, 2.5])
625.1176 	EXP 	surround_grating: phase = array([0.73886663, 0.73886663])
625.1176 	EXP 	center_grating: ori = 0.0
625.1176 	EXP 	center_grating: sf = array([2.5, 2.5])
625.1176 	EXP 	center_grating: phase = array([0.24415363, 0.24415363])
625.6045 	EXP 	surround_grating: autoDraw = True
625.6045 	EXP 	center_grating: autoDraw = True
625.6767 	EXP 	surround_grating: autoDraw = False
625.6767 	EXP 	center_grating: autoDraw = False
626.0575 	EXP 	New trial (rep=0, index=334): <Trial 334 (334 in rep 0) data={'center': 4, 'surround': 15.0, 'type': 'c+4', 'surr_type': 'poss', 'surr_opacity': 100, 'thisN': 334, 'thisTrialN': 334, 'thisRepN': 0}>
626.0678 	INFO 	Keyboard events cleared
626.0673 	EXP 	surround_grating: autoDraw = False
626.0673 	EXP 	center_grating: autoDraw = False
626.0673 	EXP 	text_2: autoDraw = False
626.0673 	EXP 	surround_grating: ori = 15.0
626.0673 	EXP 	surround_grating: sf = array([2.5, 2.5])
626.0673 	EXP 	surround_grating: phase = array([0.52899839, 0.52899839])
626.0673 	EXP 	center_grating: ori = 4.0
626.0673 	EXP 	center_grating: sf = array([2.5, 2.5])
626.0673 	EXP 	center_grating: phase = array([0.58436951, 0.58436951])
626.5546 	EXP 	surround_grating: autoDraw = True
626.5546 	EXP 	center_grating: autoDraw = True
626.6267 	EXP 	surround_grating: autoDraw = False
626.6267 	EXP 	center_grating: autoDraw = False
627.0296 	EXP 	New trial (rep=0, index=335): <Trial 335 (335 in rep 0) data={'center': -2, 'surround': 0.0, 'type': 'c-2', 'surr_type': 'noss', 'surr_opacity': 0, 'thisN': 335, 'thisTrialN': 335, 'thisRepN': 0}>
627.0407 	INFO 	Keyboard events cleared
627.0403 	EXP 	surround_grating: autoDraw = False
627.0403 	EXP 	center_grating: autoDraw = False
627.0403 	EXP 	text_2: autoDraw = False
627.0403 	EXP 	surround_grating: ori = 0.0
627.0403 	EXP 	surround_grating: sf = array([2.5, 2.5])
627.0403 	EXP 	surround_grating: phase = array([0.67690881, 0.67690881])
627.0403 	EXP 	center_grating: ori = -2.0
627.0403 	EXP 	center_grating: sf = array([2.5, 2.5])
627.0403 	EXP 	center_grating: phase = array([0.21783092, 0.21783092])
627.5309 	EXP 	surround_grating: autoDraw = True
627.5309 	EXP 	center_grating: autoDraw = True
627.6050 	EXP 	surround_grating: autoDraw = False
627.6050 	EXP 	center_grating: autoDraw = False
628.0913 	EXP 	New trial (rep=0, index=336): <Trial 336 (336 in rep 0) data={'center': 0, 'surround': -15.0, 'type': 'c+0', 'surr_type': 'negs', 'surr_opacity': 100, 'thisN': 336, 'thisTrialN': 336, 'thisRepN': 0}>
628.1026 	INFO 	Keyboard events cleared
628.1022 	EXP 	surround_grating: autoDraw = False
628.1022 	EXP 	center_grating: autoDraw = False
628.1022 	EXP 	text_2: autoDraw = False
628.1022 	EXP 	surround_grating: ori = -15.0
628.1022 	EXP 	surround_grating: sf = array([2.5, 2.5])
628.1022 	EXP 	surround_grating: phase = array([0.08929542, 0.08929542])
628.1022 	EXP 	center_grating: ori = 0.0
628.1022 	EXP 	center_grating: sf = array([2.5, 2.5])
628.1022 	EXP 	center_grating: phase = array([0.63159917, 0.63159917])
628.5879 	EXP 	surround_grating: autoDraw = True
628.5879 	EXP 	center_grating: autoDraw = True
628.6608 	EXP 	surround_grating: autoDraw = False
628.6608 	EXP 	center_grating: autoDraw = False
629.1914 	EXP 	New trial (rep=0, index=337): <Trial 337 (337 in rep 0) data={'center': -2, 'surround': 15.0, 'type': 'c-2', 'surr_type': 'poss', 'surr_opacity': 100, 'thisN': 337, 'thisTrialN': 337, 'thisRepN': 0}>
629.2013 	INFO 	Keyboard events cleared
629.2009 	EXP 	surround_grating: autoDraw = False
629.2009 	EXP 	center_grating: autoDraw = False
629.2009 	EXP 	text_2: autoDraw = False
629.2009 	EXP 	surround_grating: ori = 15.0
629.2009 	EXP 	surround_grating: sf = array([2.5, 2.5])
629.2009 	EXP 	surround_grating: phase = array([0.97959616, 0.97959616])
629.2009 	EXP 	center_grating: ori = -2.0
629.2009 	EXP 	center_grating: sf = array([2.5, 2.5])
629.2009 	EXP 	center_grating: phase = array([0.31839719, 0.31839719])
629.6882 	EXP 	surround_grating: autoDraw = True
629.6882 	EXP 	center_grating: autoDraw = True
629.7606 	EXP 	surround_grating: autoDraw = False
629.7606 	EXP 	center_grating: autoDraw = False
630.3418 	EXP 	New trial (rep=0, index=338): <Trial 338 (338 in rep 0) data={'center': -2, 'surround': -15.0, 'type': 'c-2', 'surr_type': 'negs', 'surr_opacity': 100, 'thisN': 338, 'thisTrialN': 338, 'thisRepN': 0}>
630.3520 	INFO 	Keyboard events cleared
630.3516 	EXP 	surround_grating: autoDraw = False
630.3516 	EXP 	center_grating: autoDraw = False
630.3516 	EXP 	text_2: autoDraw = False
630.3516 	EXP 	surround_grating: ori = -15.0
630.3516 	EXP 	surround_grating: sf = array([2.5, 2.5])
630.3516 	EXP 	surround_grating: phase = array([0.50606753, 0.50606753])
630.3516 	EXP 	center_grating: ori = -2.0
630.3516 	EXP 	center_grating: sf = array([2.5, 2.5])
630.3516 	EXP 	center_grating: phase = array([0.65717275, 0.65717275])
630.8379 	EXP 	surround_grating: autoDraw = True
630.8379 	EXP 	center_grating: autoDraw = True
630.9102 	EXP 	surround_grating: autoDraw = False
630.9102 	EXP 	center_grating: autoDraw = False
631.7483 	EXP 	New trial (rep=0, index=339): <Trial 339 (339 in rep 0) data={'center': 8, 'surround': 15.0, 'type': 'c+8', 'surr_type': 'poss', 'surr_opacity': 100, 'thisN': 339, 'thisTrialN': 339, 'thisRepN': 0}>
631.7582 	INFO 	Keyboard events cleared
631.7577 	EXP 	surround_grating: autoDraw = False
631.7577 	EXP 	center_grating: autoDraw = False
631.7577 	EXP 	text_2: autoDraw = False
631.7577 	EXP 	surround_grating: ori = 15.0
631.7577 	EXP 	surround_grating: sf = array([2.5, 2.5])
631.7577 	EXP 	surround_grating: phase = array([0.4925574, 0.4925574])
631.7577 	EXP 	center_grating: ori = 8.0
631.7577 	EXP 	center_grating: sf = array([2.5, 2.5])
631.7577 	EXP 	center_grating: phase = array([0.86062539, 0.86062539])
632.2474 	EXP 	surround_grating: autoDraw = True
632.2474 	EXP 	center_grating: autoDraw = True
632.3218 	EXP 	surround_grating: autoDraw = False
632.3218 	EXP 	center_grating: autoDraw = False
632.8596 	EXP 	New trial (rep=0, index=340): <Trial 340 (340 in rep 0) data={'center': 4, 'surround': 0.0, 'type': 'c+4', 'surr_type': 'noss', 'surr_opacity': 0, 'thisN': 340, 'thisTrialN': 340, 'thisRepN': 0}>
632.8702 	INFO 	Keyboard events cleared
632.8698 	EXP 	surround_grating: autoDraw = False
632.8698 	EXP 	center_grating: autoDraw = False
632.8698 	EXP 	text_2: autoDraw = False
632.8698 	EXP 	surround_grating: ori = 0.0
632.8698 	EXP 	surround_grating: sf = array([2.5, 2.5])
632.8698 	EXP 	surround_grating: phase = array([0.67554449, 0.67554449])
632.8698 	EXP 	center_grating: ori = 4.0
632.8698 	EXP 	center_grating: sf = array([2.5, 2.5])
632.8698 	EXP 	center_grating: phase = array([0.6368186, 0.6368186])
633.3548 	EXP 	surround_grating: autoDraw = True
633.3548 	EXP 	center_grating: autoDraw = True
633.4277 	EXP 	surround_grating: autoDraw = False
633.4277 	EXP 	center_grating: autoDraw = False
634.1910 	EXP 	New trial (rep=0, index=341): <Trial 341 (341 in rep 0) data={'center': 0, 'surround': -15.0, 'type': 'c+0', 'surr_type': 'negs', 'surr_opacity': 100, 'thisN': 341, 'thisTrialN': 341, 'thisRepN': 0}>
634.2011 	INFO 	Keyboard events cleared
634.2006 	EXP 	surround_grating: autoDraw = False
634.2006 	EXP 	center_grating: autoDraw = False
634.2006 	EXP 	text_2: autoDraw = False
634.2006 	EXP 	surround_grating: ori = -15.0
634.2006 	EXP 	surround_grating: sf = array([2.5, 2.5])
634.2006 	EXP 	surround_grating: phase = array([0.5437264, 0.5437264])
634.2006 	EXP 	center_grating: ori = 0.0
634.2006 	EXP 	center_grating: sf = array([2.5, 2.5])
634.2006 	EXP 	center_grating: phase = array([0.29704897, 0.29704897])
634.6883 	EXP 	surround_grating: autoDraw = True
634.6883 	EXP 	center_grating: autoDraw = True
634.7605 	EXP 	surround_grating: autoDraw = False
634.7605 	EXP 	center_grating: autoDraw = False
635.3581 	EXP 	New trial (rep=0, index=342): <Trial 342 (342 in rep 0) data={'center': -1, 'surround': 0.0, 'type': 'c-1', 'surr_type': 'noss', 'surr_opacity': 0, 'thisN': 342, 'thisTrialN': 342, 'thisRepN': 0}>
635.3680 	INFO 	Keyboard events cleared
635.3675 	EXP 	surround_grating: autoDraw = False
635.3675 	EXP 	center_grating: autoDraw = False
635.3675 	EXP 	text_2: autoDraw = False
635.3675 	EXP 	surround_grating: ori = 0.0
635.3675 	EXP 	surround_grating: sf = array([2.5, 2.5])
635.3675 	EXP 	surround_grating: phase = array([0.02417716, 0.02417716])
635.3675 	EXP 	center_grating: ori = -1.0
635.3675 	EXP 	center_grating: sf = array([2.5, 2.5])
635.3675 	EXP 	center_grating: phase = array([0.48496052, 0.48496052])
635.8549 	EXP 	surround_grating: autoDraw = True
635.8549 	EXP 	center_grating: autoDraw = True
635.9269 	EXP 	surround_grating: autoDraw = False
635.9269 	EXP 	center_grating: autoDraw = False
636.4748 	EXP 	New trial (rep=0, index=343): <Trial 343 (343 in rep 0) data={'center': 0, 'surround': -15.0, 'type': 'c+0', 'surr_type': 'negs', 'surr_opacity': 100, 'thisN': 343, 'thisTrialN': 343, 'thisRepN': 0}>
636.4852 	INFO 	Keyboard events cleared
636.4846 	EXP 	surround_grating: autoDraw = False
636.4846 	EXP 	center_grating: autoDraw = False
636.4846 	EXP 	text_2: autoDraw = False
636.4846 	EXP 	surround_grating: ori = -15.0
636.4846 	EXP 	surround_grating: sf = array([2.5, 2.5])
636.4846 	EXP 	surround_grating: phase = array([0.33244864, 0.33244864])
636.4846 	EXP 	center_grating: ori = 0.0
636.4846 	EXP 	center_grating: sf = array([2.5, 2.5])
636.4846 	EXP 	center_grating: phase = array([0.27333756, 0.27333756])
636.9716 	EXP 	surround_grating: autoDraw = True
636.9716 	EXP 	center_grating: autoDraw = True
637.0434 	EXP 	surround_grating: autoDraw = False
637.0434 	EXP 	center_grating: autoDraw = False
637.7749 	EXP 	New trial (rep=0, index=344): <Trial 344 (344 in rep 0) data={'center': -2, 'surround': -15.0, 'type': 'c-2', 'surr_type': 'negs', 'surr_opacity': 100, 'thisN': 344, 'thisTrialN': 344, 'thisRepN': 0}>
637.7848 	INFO 	Keyboard events cleared
637.7843 	EXP 	surround_grating: autoDraw = False
637.7843 	EXP 	center_grating: autoDraw = False
637.7843 	EXP 	text_2: autoDraw = False
637.7843 	EXP 	surround_grating: ori = -15.0
637.7843 	EXP 	surround_grating: sf = array([2.5, 2.5])
637.7843 	EXP 	surround_grating: phase = array([0.45026259, 0.45026259])
637.7843 	EXP 	center_grating: ori = -2.0
637.7843 	EXP 	center_grating: sf = array([2.5, 2.5])
637.7843 	EXP 	center_grating: phase = array([0.48774356, 0.48774356])
638.2716 	EXP 	surround_grating: autoDraw = True
638.2716 	EXP 	center_grating: autoDraw = True
638.3442 	EXP 	surround_grating: autoDraw = False
638.3442 	EXP 	center_grating: autoDraw = False
638.8144 	EXP 	New trial (rep=0, index=345): <Trial 345 (345 in rep 0) data={'center': 4, 'surround': 15.0, 'type': 'c+4', 'surr_type': 'poss', 'surr_opacity': 100, 'thisN': 345, 'thisTrialN': 345, 'thisRepN': 0}>
638.8250 	INFO 	Keyboard events cleared
638.8245 	EXP 	surround_grating: autoDraw = False
638.8245 	EXP 	center_grating: autoDraw = False
638.8245 	EXP 	text_2: autoDraw = False
638.8245 	EXP 	surround_grating: ori = 15.0
638.8245 	EXP 	surround_grating: sf = array([2.5, 2.5])
638.8245 	EXP 	surround_grating: phase = array([0.26285036, 0.26285036])
638.8245 	EXP 	center_grating: ori = 4.0
638.8245 	EXP 	center_grating: sf = array([2.5, 2.5])
638.8245 	EXP 	center_grating: phase = array([0.81301732, 0.81301732])
639.3143 	EXP 	surround_grating: autoDraw = True
639.3143 	EXP 	center_grating: autoDraw = True
639.3890 	EXP 	surround_grating: autoDraw = False
639.3890 	EXP 	center_grating: autoDraw = False
639.8836 	EXP 	New trial (rep=0, index=346): <Trial 346 (346 in rep 0) data={'center': -8, 'surround': -15.0, 'type': 'c-8', 'surr_type': 'negs', 'surr_opacity': 100, 'thisN': 346, 'thisTrialN': 346, 'thisRepN': 0}>
639.8914 	INFO 	Keyboard events cleared
639.8910 	EXP 	surround_grating: autoDraw = False
639.8910 	EXP 	center_grating: autoDraw = False
639.8910 	EXP 	text_2: autoDraw = False
639.8910 	EXP 	surround_grating: ori = -15.0
639.8910 	EXP 	surround_grating: sf = array([2.5, 2.5])
639.8910 	EXP 	surround_grating: phase = array([0.2594317, 0.2594317])
639.8910 	EXP 	center_grating: ori = -8.0
639.8910 	EXP 	center_grating: sf = array([2.5, 2.5])
639.8910 	EXP 	center_grating: phase = array([0.44108711, 0.44108711])
640.3808 	EXP 	surround_grating: autoDraw = True
640.3808 	EXP 	center_grating: autoDraw = True
640.4555 	EXP 	surround_grating: autoDraw = False
640.4555 	EXP 	center_grating: autoDraw = False
641.4642 	EXP 	New trial (rep=0, index=347): <Trial 347 (347 in rep 0) data={'center': 1, 'surround': 0.0, 'type': 'c+1', 'surr_type': 'noss', 'surr_opacity': 0, 'thisN': 347, 'thisTrialN': 347, 'thisRepN': 0}>
641.4744 	INFO 	Keyboard events cleared
641.4740 	EXP 	surround_grating: autoDraw = False
641.4740 	EXP 	center_grating: autoDraw = False
641.4740 	EXP 	text_2: autoDraw = False
641.4740 	EXP 	surround_grating: ori = 0.0
641.4740 	EXP 	surround_grating: sf = array([2.5, 2.5])
641.4740 	EXP 	surround_grating: phase = array([0.68806677, 0.68806677])
641.4740 	EXP 	center_grating: ori = 1.0
641.4740 	EXP 	center_grating: sf = array([2.5, 2.5])
641.4740 	EXP 	center_grating: phase = array([0.32629081, 0.32629081])
641.9636 	EXP 	surround_grating: autoDraw = True
641.9636 	EXP 	center_grating: autoDraw = True
642.0393 	EXP 	surround_grating: autoDraw = False
642.0393 	EXP 	center_grating: autoDraw = False
643.7748 	EXP 	New trial (rep=0, index=348): <Trial 348 (348 in rep 0) data={'center': 2, 'surround': 0.0, 'type': 'c+2', 'surr_type': 'noss', 'surr_opacity': 0, 'thisN': 348, 'thisTrialN': 348, 'thisRepN': 0}>
643.7846 	INFO 	Keyboard events cleared
643.7841 	EXP 	surround_grating: autoDraw = False
643.7841 	EXP 	center_grating: autoDraw = False
643.7841 	EXP 	text_2: autoDraw = False
643.7841 	EXP 	surround_grating: ori = 0.0
643.7841 	EXP 	surround_grating: sf = array([2.5, 2.5])
643.7841 	EXP 	surround_grating: phase = array([0.92328455, 0.92328455])
643.7841 	EXP 	center_grating: ori = 2.0
643.7841 	EXP 	center_grating: sf = array([2.5, 2.5])
643.7841 	EXP 	center_grating: phase = array([0.17244151, 0.17244151])
644.2718 	EXP 	surround_grating: autoDraw = True
644.2718 	EXP 	center_grating: autoDraw = True
644.3441 	EXP 	surround_grating: autoDraw = False
644.3441 	EXP 	center_grating: autoDraw = False
644.9260 	EXP 	New trial (rep=0, index=349): <Trial 349 (349 in rep 0) data={'center': -2, 'surround': -15.0, 'type': 'c-2', 'surr_type': 'negs', 'surr_opacity': 100, 'thisN': 349, 'thisTrialN': 349, 'thisRepN': 0}>
644.9366 	INFO 	Keyboard events cleared
644.9362 	EXP 	surround_grating: autoDraw = False
644.9362 	EXP 	center_grating: autoDraw = False
644.9362 	EXP 	text_2: autoDraw = False
644.9362 	EXP 	surround_grating: ori = -15.0
644.9362 	EXP 	surround_grating: sf = array([2.5, 2.5])
644.9362 	EXP 	surround_grating: phase = array([0.69727504, 0.69727504])
644.9362 	EXP 	center_grating: ori = -2.0
644.9362 	EXP 	center_grating: sf = array([2.5, 2.5])
644.9362 	EXP 	center_grating: phase = array([0.30914608, 0.30914608])
645.4218 	EXP 	surround_grating: autoDraw = True
645.4218 	EXP 	center_grating: autoDraw = True
645.4948 	EXP 	surround_grating: autoDraw = False
645.4948 	EXP 	center_grating: autoDraw = False
646.0749 	EXP 	New trial (rep=0, index=350): <Trial 350 (350 in rep 0) data={'center': 1, 'surround': 0.0, 'type': 'c+1', 'surr_type': 'noss', 'surr_opacity': 0, 'thisN': 350, 'thisTrialN': 350, 'thisRepN': 0}>
646.0852 	INFO 	Keyboard events cleared
646.0847 	EXP 	surround_grating: autoDraw = False
646.0847 	EXP 	center_grating: autoDraw = False
646.0847 	EXP 	text_2: autoDraw = False
646.0847 	EXP 	surround_grating: ori = 0.0
646.0847 	EXP 	surround_grating: sf = array([2.5, 2.5])
646.0847 	EXP 	surround_grating: phase = array([0.10000684, 0.10000684])
646.0847 	EXP 	center_grating: ori = 1.0
646.0847 	EXP 	center_grating: sf = array([2.5, 2.5])
646.0847 	EXP 	center_grating: phase = array([0.36582179, 0.36582179])
646.5722 	EXP 	surround_grating: autoDraw = True
646.5722 	EXP 	center_grating: autoDraw = True
646.6445 	EXP 	surround_grating: autoDraw = False
646.6445 	EXP 	center_grating: autoDraw = False
647.1414 	EXP 	New trial (rep=0, index=351): <Trial 351 (351 in rep 0) data={'center': -4, 'surround': -15.0, 'type': 'c-4', 'surr_type': 'negs', 'surr_opacity': 100, 'thisN': 351, 'thisTrialN': 351, 'thisRepN': 0}>
647.1508 	INFO 	Keyboard events cleared
647.1504 	EXP 	surround_grating: autoDraw = False
647.1504 	EXP 	center_grating: autoDraw = False
647.1504 	EXP 	text_2: autoDraw = False
647.1504 	EXP 	surround_grating: ori = -15.0
647.1504 	EXP 	surround_grating: sf = array([2.5, 2.5])
647.1504 	EXP 	surround_grating: phase = array([0.75155189, 0.75155189])
647.1504 	EXP 	center_grating: ori = -4.0
647.1504 	EXP 	center_grating: sf = array([2.5, 2.5])
647.1504 	EXP 	center_grating: phase = array([0.8594493, 0.8594493])
647.6387 	EXP 	surround_grating: autoDraw = True
647.6387 	EXP 	center_grating: autoDraw = True
647.7112 	EXP 	surround_grating: autoDraw = False
647.7112 	EXP 	center_grating: autoDraw = False
648.4981 	EXP 	New trial (rep=0, index=352): <Trial 352 (352 in rep 0) data={'center': 0, 'surround': 15.0, 'type': 'c+0', 'surr_type': 'poss', 'surr_opacity': 100, 'thisN': 352, 'thisTrialN': 352, 'thisRepN': 0}>
648.5084 	INFO 	Keyboard events cleared
648.5079 	EXP 	surround_grating: autoDraw = False
648.5079 	EXP 	center_grating: autoDraw = False
648.5079 	EXP 	text_2: autoDraw = False
648.5079 	EXP 	surround_grating: ori = 15.0
648.5079 	EXP 	surround_grating: sf = array([2.5, 2.5])
648.5079 	EXP 	surround_grating: phase = array([0.92002748, 0.92002748])
648.5079 	EXP 	center_grating: ori = 0.0
648.5079 	EXP 	center_grating: sf = array([2.5, 2.5])
648.5079 	EXP 	center_grating: phase = array([0.30083761, 0.30083761])
648.9983 	EXP 	surround_grating: autoDraw = True
648.9983 	EXP 	center_grating: autoDraw = True
649.0726 	EXP 	surround_grating: autoDraw = False
649.0726 	EXP 	center_grating: autoDraw = False
649.4258 	EXP 	New trial (rep=0, index=353): <Trial 353 (353 in rep 0) data={'center': -4, 'surround': 0.0, 'type': 'c-4', 'surr_type': 'noss', 'surr_opacity': 0, 'thisN': 353, 'thisTrialN': 353, 'thisRepN': 0}>
649.4371 	INFO 	Keyboard events cleared
649.4367 	EXP 	surround_grating: autoDraw = False
649.4367 	EXP 	center_grating: autoDraw = False
649.4367 	EXP 	text_2: autoDraw = False
649.4367 	EXP 	surround_grating: ori = 0.0
649.4367 	EXP 	surround_grating: sf = array([2.5, 2.5])
649.4367 	EXP 	surround_grating: phase = array([0.81172442, 0.81172442])
649.4367 	EXP 	center_grating: ori = -4.0
649.4367 	EXP 	center_grating: sf = array([2.5, 2.5])
649.4367 	EXP 	center_grating: phase = array([0.37698583, 0.37698583])
649.9220 	EXP 	surround_grating: autoDraw = True
649.9220 	EXP 	center_grating: autoDraw = True
649.9943 	EXP 	surround_grating: autoDraw = False
649.9943 	EXP 	center_grating: autoDraw = False
650.4806 	EXP 	New trial (rep=0, index=354): <Trial 354 (354 in rep 0) data={'center': 2, 'surround': 15.0, 'type': 'c+2', 'surr_type': 'poss', 'surr_opacity': 100, 'thisN': 354, 'thisTrialN': 354, 'thisRepN': 0}>
650.5060 	INFO 	Keyboard events cleared
650.5055 	EXP 	surround_grating: autoDraw = False
650.5055 	EXP 	center_grating: autoDraw = False
650.5055 	EXP 	text_2: autoDraw = False
650.5055 	EXP 	surround_grating: ori = 15.0
650.5055 	EXP 	surround_grating: sf = array([2.5, 2.5])
650.5055 	EXP 	surround_grating: phase = array([0.53010751, 0.53010751])
650.5055 	EXP 	center_grating: ori = 2.0
650.5055 	EXP 	center_grating: sf = array([2.5, 2.5])
650.5055 	EXP 	center_grating: phase = array([0.32964298, 0.32964298])
650.9806 	EXP 	surround_grating: autoDraw = True
650.9806 	EXP 	center_grating: autoDraw = True
651.0560 	EXP 	surround_grating: autoDraw = False
651.0560 	EXP 	center_grating: autoDraw = False
651.8653 	EXP 	New trial (rep=0, index=355): <Trial 355 (355 in rep 0) data={'center': 0, 'surround': -15.0, 'type': 'c+0', 'surr_type': 'negs', 'surr_opacity': 100, 'thisN': 355, 'thisTrialN': 355, 'thisRepN': 0}>
651.8755 	INFO 	Keyboard events cleared
651.8750 	EXP 	surround_grating: autoDraw = False
651.8750 	EXP 	center_grating: autoDraw = False
651.8750 	EXP 	text_2: autoDraw = False
651.8750 	EXP 	surround_grating: ori = -15.0
651.8750 	EXP 	surround_grating: sf = array([2.5, 2.5])
651.8750 	EXP 	surround_grating: phase = array([0.44175407, 0.44175407])
651.8750 	EXP 	center_grating: ori = 0.0
651.8750 	EXP 	center_grating: sf = array([2.5, 2.5])
651.8750 	EXP 	center_grating: phase = array([0.28526665, 0.28526665])
652.3649 	EXP 	surround_grating: autoDraw = True
652.3649 	EXP 	center_grating: autoDraw = True
652.4394 	EXP 	surround_grating: autoDraw = False
652.4394 	EXP 	center_grating: autoDraw = False
653.0846 	EXP 	New trial (rep=0, index=356): <Trial 356 (356 in rep 0) data={'center': -1, 'surround': 0.0, 'type': 'c-1', 'surr_type': 'noss', 'surr_opacity': 0, 'thisN': 356, 'thisTrialN': 356, 'thisRepN': 0}>
653.0919 	INFO 	Keyboard events cleared
653.0915 	EXP 	surround_grating: autoDraw = False
653.0915 	EXP 	center_grating: autoDraw = False
653.0915 	EXP 	text_2: autoDraw = False
653.0915 	EXP 	surround_grating: ori = 0.0
653.0915 	EXP 	surround_grating: sf = array([2.5, 2.5])
653.0915 	EXP 	surround_grating: phase = array([0.47793146, 0.47793146])
653.0915 	EXP 	center_grating: ori = -1.0
653.0915 	EXP 	center_grating: sf = array([2.5, 2.5])
653.0915 	EXP 	center_grating: phase = array([0.92824889, 0.92824889])
653.5813 	EXP 	surround_grating: autoDraw = True
653.5813 	EXP 	center_grating: autoDraw = True
653.6560 	EXP 	surround_grating: autoDraw = False
653.6560 	EXP 	center_grating: autoDraw = False
654.2987 	EXP 	New trial (rep=0, index=357): <Trial 357 (357 in rep 0) data={'center': -4, 'surround': 0.0, 'type': 'c-4', 'surr_type': 'noss', 'surr_opacity': 0, 'thisN': 357, 'thisTrialN': 357, 'thisRepN': 0}>
654.3088 	INFO 	Keyboard events cleared
654.3084 	EXP 	surround_grating: autoDraw = False
654.3084 	EXP 	center_grating: autoDraw = False
654.3084 	EXP 	text_2: autoDraw = False
654.3084 	EXP 	surround_grating: ori = 0.0
654.3084 	EXP 	surround_grating: sf = array([2.5, 2.5])
654.3084 	EXP 	surround_grating: phase = array([0.77796364, 0.77796364])
654.3084 	EXP 	center_grating: ori = -4.0
654.3084 	EXP 	center_grating: sf = array([2.5, 2.5])
654.3084 	EXP 	center_grating: phase = array([0.96862586, 0.96862586])
654.7978 	EXP 	surround_grating: autoDraw = True
654.7978 	EXP 	center_grating: autoDraw = True
654.8727 	EXP 	surround_grating: autoDraw = False
654.8727 	EXP 	center_grating: autoDraw = False
655.4812 	EXP 	New trial (rep=0, index=358): <Trial 358 (358 in rep 0) data={'center': -4, 'surround': -15.0, 'type': 'c-4', 'surr_type': 'negs', 'surr_opacity': 100, 'thisN': 358, 'thisTrialN': 358, 'thisRepN': 0}>
655.4915 	INFO 	Keyboard events cleared
655.4910 	EXP 	surround_grating: autoDraw = False
655.4910 	EXP 	center_grating: autoDraw = False
655.4910 	EXP 	text_2: autoDraw = False
655.4910 	EXP 	surround_grating: ori = -15.0
655.4910 	EXP 	surround_grating: sf = array([2.5, 2.5])
655.4910 	EXP 	surround_grating: phase = array([0.46206845, 0.46206845])
655.4910 	EXP 	center_grating: ori = -4.0
655.4910 	EXP 	center_grating: sf = array([2.5, 2.5])
655.4910 	EXP 	center_grating: phase = array([0.0724534, 0.0724534])
655.9817 	EXP 	surround_grating: autoDraw = True
655.9817 	EXP 	center_grating: autoDraw = True
656.0561 	EXP 	surround_grating: autoDraw = False
656.0561 	EXP 	center_grating: autoDraw = False
656.6311 	EXP 	New trial (rep=0, index=359): <Trial 359 (359 in rep 0) data={'center': 0, 'surround': -15.0, 'type': 'c+0', 'surr_type': 'negs', 'surr_opacity': 100, 'thisN': 359, 'thisTrialN': 359, 'thisRepN': 0}>
656.6416 	INFO 	Keyboard events cleared
656.6412 	EXP 	surround_grating: autoDraw = False
656.6412 	EXP 	center_grating: autoDraw = False
656.6412 	EXP 	text_2: autoDraw = False
656.6412 	EXP 	surround_grating: ori = -15.0
656.6412 	EXP 	surround_grating: sf = array([2.5, 2.5])
656.6412 	EXP 	surround_grating: phase = array([0.57849406, 0.57849406])
656.6412 	EXP 	center_grating: ori = 0.0
656.6412 	EXP 	center_grating: sf = array([2.5, 2.5])
656.6412 	EXP 	center_grating: phase = array([0.48278723, 0.48278723])
657.1317 	EXP 	surround_grating: autoDraw = True
657.1317 	EXP 	center_grating: autoDraw = True
657.2061 	EXP 	surround_grating: autoDraw = False
657.2061 	EXP 	center_grating: autoDraw = False
657.9421 	EXP 	New trial (rep=0, index=360): <Trial 360 (360 in rep 0) data={'center': 2, 'surround': 15.0, 'type': 'c+2', 'surr_type': 'poss', 'surr_opacity': 100, 'thisN': 360, 'thisTrialN': 360, 'thisRepN': 0}>
657.9524 	INFO 	Keyboard events cleared
657.9518 	EXP 	surround_grating: autoDraw = False
657.9518 	EXP 	center_grating: autoDraw = False
657.9518 	EXP 	text_2: autoDraw = False
657.9518 	EXP 	surround_grating: ori = 15.0
657.9518 	EXP 	surround_grating: sf = array([2.5, 2.5])
657.9518 	EXP 	surround_grating: phase = array([0.84407573, 0.84407573])
657.9518 	EXP 	center_grating: ori = 2.0
657.9518 	EXP 	center_grating: sf = array([2.5, 2.5])
657.9518 	EXP 	center_grating: phase = array([0.72404301, 0.72404301])
658.4390 	EXP 	surround_grating: autoDraw = True
658.4390 	EXP 	center_grating: autoDraw = True
658.5110 	EXP 	surround_grating: autoDraw = False
658.5110 	EXP 	center_grating: autoDraw = False
659.8923 	EXP 	New trial (rep=0, index=361): <Trial 361 (361 in rep 0) data={'center': 6, 'surround': 15.0, 'type': 'c+6', 'surr_type': 'poss', 'surr_opacity': 100, 'thisN': 361, 'thisTrialN': 361, 'thisRepN': 0}>
659.9025 	INFO 	Keyboard events cleared
659.9019 	EXP 	surround_grating: autoDraw = False
659.9019 	EXP 	center_grating: autoDraw = False
659.9019 	EXP 	text_2: autoDraw = False
659.9019 	EXP 	surround_grating: ori = 15.0
659.9019 	EXP 	surround_grating: sf = array([2.5, 2.5])
659.9019 	EXP 	surround_grating: phase = array([0.27576942, 0.27576942])
659.9019 	EXP 	center_grating: ori = 6.0
659.9019 	EXP 	center_grating: sf = array([2.5, 2.5])
659.9019 	EXP 	center_grating: phase = array([0.91367675, 0.91367675])
660.3892 	EXP 	surround_grating: autoDraw = True
660.3892 	EXP 	center_grating: autoDraw = True
660.4616 	EXP 	surround_grating: autoDraw = False
660.4616 	EXP 	center_grating: autoDraw = False
661.2588 	EXP 	New trial (rep=0, index=362): <Trial 362 (362 in rep 0) data={'center': -2, 'surround': 15.0, 'type': 'c-2', 'surr_type': 'poss', 'surr_opacity': 100, 'thisN': 362, 'thisTrialN': 362, 'thisRepN': 0}>
661.2688 	INFO 	Keyboard events cleared
661.2683 	EXP 	surround_grating: autoDraw = False
661.2683 	EXP 	center_grating: autoDraw = False
661.2683 	EXP 	text_2: autoDraw = False
661.2683 	EXP 	surround_grating: ori = 15.0
661.2683 	EXP 	surround_grating: sf = array([2.5, 2.5])
661.2683 	EXP 	surround_grating: phase = array([0.70377703, 0.70377703])
661.2683 	EXP 	center_grating: ori = -2.0
661.2683 	EXP 	center_grating: sf = array([2.5, 2.5])
661.2683 	EXP 	center_grating: phase = array([0.20250725, 0.20250725])
661.7558 	EXP 	surround_grating: autoDraw = True
661.7558 	EXP 	center_grating: autoDraw = True
661.8278 	EXP 	surround_grating: autoDraw = False
661.8278 	EXP 	center_grating: autoDraw = False
662.6819 	EXP 	New trial (rep=0, index=363): <Trial 363 (363 in rep 0) data={'center': 2, 'surround': 15.0, 'type': 'c+2', 'surr_type': 'poss', 'surr_opacity': 100, 'thisN': 363, 'thisTrialN': 363, 'thisRepN': 0}>
662.6921 	INFO 	Keyboard events cleared
662.6916 	EXP 	surround_grating: autoDraw = False
662.6916 	EXP 	center_grating: autoDraw = False
662.6916 	EXP 	text_2: autoDraw = False
662.6916 	EXP 	surround_grating: ori = 15.0
662.6916 	EXP 	surround_grating: sf = array([2.5, 2.5])
662.6916 	EXP 	surround_grating: phase = array([0.92162971, 0.92162971])
662.6916 	EXP 	center_grating: ori = 2.0
662.6916 	EXP 	center_grating: sf = array([2.5, 2.5])
662.6916 	EXP 	center_grating: phase = array([0.49234151, 0.49234151])
663.1824 	EXP 	surround_grating: autoDraw = True
663.1824 	EXP 	center_grating: autoDraw = True
663.2564 	EXP 	surround_grating: autoDraw = False
663.2564 	EXP 	center_grating: autoDraw = False
663.9642 	EXP 	New trial (rep=0, index=364): <Trial 364 (364 in rep 0) data={'center': 4, 'surround': 0.0, 'type': 'c+4', 'surr_type': 'noss', 'surr_opacity': 0, 'thisN': 364, 'thisTrialN': 364, 'thisRepN': 0}>
663.9901 	INFO 	Keyboard events cleared
663.9894 	EXP 	surround_grating: autoDraw = False
663.9894 	EXP 	center_grating: autoDraw = False
663.9894 	EXP 	text_2: autoDraw = False
663.9894 	EXP 	surround_grating: ori = 0.0
663.9894 	EXP 	surround_grating: sf = array([2.5, 2.5])
663.9894 	EXP 	surround_grating: phase = array([0.55113092, 0.55113092])
663.9894 	EXP 	center_grating: ori = 4.0
663.9894 	EXP 	center_grating: sf = array([2.5, 2.5])
663.9894 	EXP 	center_grating: phase = array([0.86721031, 0.86721031])
664.4647 	EXP 	surround_grating: autoDraw = True
664.4647 	EXP 	center_grating: autoDraw = True
664.5398 	EXP 	surround_grating: autoDraw = False
664.5398 	EXP 	center_grating: autoDraw = False
665.1088 	EXP 	New trial (rep=0, index=365): <Trial 365 (365 in rep 0) data={'center': -2, 'surround': -15.0, 'type': 'c-2', 'surr_type': 'negs', 'surr_opacity': 100, 'thisN': 365, 'thisTrialN': 365, 'thisRepN': 0}>
665.1193 	INFO 	Keyboard events cleared
665.1188 	EXP 	surround_grating: autoDraw = False
665.1188 	EXP 	center_grating: autoDraw = False
665.1188 	EXP 	text_2: autoDraw = False
665.1188 	EXP 	surround_grating: ori = -15.0
665.1188 	EXP 	surround_grating: sf = array([2.5, 2.5])
665.1188 	EXP 	surround_grating: phase = array([0.78557943, 0.78557943])
665.1188 	EXP 	center_grating: ori = -2.0
665.1188 	EXP 	center_grating: sf = array([2.5, 2.5])
665.1188 	EXP 	center_grating: phase = array([0.14286734, 0.14286734])
665.6060 	EXP 	surround_grating: autoDraw = True
665.6060 	EXP 	center_grating: autoDraw = True
665.6783 	EXP 	surround_grating: autoDraw = False
665.6783 	EXP 	center_grating: autoDraw = False
666.2921 	EXP 	New trial (rep=0, index=366): <Trial 366 (366 in rep 0) data={'center': -2, 'surround': 15.0, 'type': 'c-2', 'surr_type': 'poss', 'surr_opacity': 100, 'thisN': 366, 'thisTrialN': 366, 'thisRepN': 0}>
666.3018 	INFO 	Keyboard events cleared
666.3013 	EXP 	surround_grating: autoDraw = False
666.3013 	EXP 	center_grating: autoDraw = False
666.3013 	EXP 	text_2: autoDraw = False
666.3013 	EXP 	surround_grating: ori = 15.0
666.3013 	EXP 	surround_grating: sf = array([2.5, 2.5])
666.3013 	EXP 	surround_grating: phase = array([0.30063351, 0.30063351])
666.3013 	EXP 	center_grating: ori = -2.0
666.3013 	EXP 	center_grating: sf = array([2.5, 2.5])
666.3013 	EXP 	center_grating: phase = array([0.56366084, 0.56366084])
666.7892 	EXP 	surround_grating: autoDraw = True
666.7892 	EXP 	center_grating: autoDraw = True
666.8623 	EXP 	surround_grating: autoDraw = False
666.8623 	EXP 	center_grating: autoDraw = False
667.4087 	EXP 	New trial (rep=0, index=367): <Trial 367 (367 in rep 0) data={'center': -6, 'surround': -15.0, 'type': 'c-6', 'surr_type': 'negs', 'surr_opacity': 100, 'thisN': 367, 'thisTrialN': 367, 'thisRepN': 0}>
667.4186 	INFO 	Keyboard events cleared
667.4182 	EXP 	surround_grating: autoDraw = False
667.4182 	EXP 	center_grating: autoDraw = False
667.4182 	EXP 	text_2: autoDraw = False
667.4182 	EXP 	surround_grating: ori = -15.0
667.4182 	EXP 	surround_grating: sf = array([2.5, 2.5])
667.4182 	EXP 	surround_grating: phase = array([0.40345194, 0.40345194])
667.4182 	EXP 	center_grating: ori = -6.0
667.4182 	EXP 	center_grating: sf = array([2.5, 2.5])
667.4182 	EXP 	center_grating: phase = array([0.70163142, 0.70163142])
667.9061 	EXP 	surround_grating: autoDraw = True
667.9061 	EXP 	center_grating: autoDraw = True
667.9779 	EXP 	surround_grating: autoDraw = False
667.9779 	EXP 	center_grating: autoDraw = False
668.4644 	EXP 	New trial (rep=0, index=368): <Trial 368 (368 in rep 0) data={'center': -4, 'surround': 0.0, 'type': 'c-4', 'surr_type': 'noss', 'surr_opacity': 0, 'thisN': 368, 'thisTrialN': 368, 'thisRepN': 0}>
668.4901 	INFO 	Keyboard events cleared
668.4896 	EXP 	surround_grating: autoDraw = False
668.4896 	EXP 	center_grating: autoDraw = False
668.4896 	EXP 	text_2: autoDraw = False
668.4896 	EXP 	surround_grating: ori = 0.0
668.4896 	EXP 	surround_grating: sf = array([2.5, 2.5])
668.4896 	EXP 	surround_grating: phase = array([0.66280077, 0.66280077])
668.4896 	EXP 	center_grating: ori = -4.0
668.4896 	EXP 	center_grating: sf = array([2.5, 2.5])
668.4896 	EXP 	center_grating: phase = array([0.7711315, 0.7711315])
668.9651 	EXP 	surround_grating: autoDraw = True
668.9651 	EXP 	center_grating: autoDraw = True
669.0399 	EXP 	surround_grating: autoDraw = False
669.0399 	EXP 	center_grating: autoDraw = False
669.5762 	EXP 	New trial (rep=0, index=369): <Trial 369 (369 in rep 0) data={'center': 4, 'surround': 0.0, 'type': 'c+4', 'surr_type': 'noss', 'surr_opacity': 0, 'thisN': 369, 'thisTrialN': 369, 'thisRepN': 0}>
669.5861 	INFO 	Keyboard events cleared
669.5857 	EXP 	surround_grating: autoDraw = False
669.5857 	EXP 	center_grating: autoDraw = False
669.5857 	EXP 	text_2: autoDraw = False
669.5857 	EXP 	surround_grating: ori = 0.0
669.5857 	EXP 	surround_grating: sf = array([2.5, 2.5])
669.5857 	EXP 	surround_grating: phase = array([0.52540731, 0.52540731])
669.5857 	EXP 	center_grating: ori = 4.0
669.5857 	EXP 	center_grating: sf = array([2.5, 2.5])
669.5857 	EXP 	center_grating: phase = array([0.09313822, 0.09313822])
670.0728 	EXP 	surround_grating: autoDraw = True
670.0728 	EXP 	center_grating: autoDraw = True
670.1457 	EXP 	surround_grating: autoDraw = False
670.1457 	EXP 	center_grating: autoDraw = False
670.7259 	EXP 	New trial (rep=0, index=370): <Trial 370 (370 in rep 0) data={'center': 0, 'surround': 15.0, 'type': 'c+0', 'surr_type': 'poss', 'surr_opacity': 100, 'thisN': 370, 'thisTrialN': 370, 'thisRepN': 0}>
670.7360 	INFO 	Keyboard events cleared
670.7354 	EXP 	surround_grating: autoDraw = False
670.7354 	EXP 	center_grating: autoDraw = False
670.7354 	EXP 	text_2: autoDraw = False
670.7354 	EXP 	surround_grating: ori = 15.0
670.7354 	EXP 	surround_grating: sf = array([2.5, 2.5])
670.7354 	EXP 	surround_grating: phase = array([0.3611537, 0.3611537])
670.7354 	EXP 	center_grating: ori = 0.0
670.7354 	EXP 	center_grating: sf = array([2.5, 2.5])
670.7354 	EXP 	center_grating: phase = array([0.66492311, 0.66492311])
671.2227 	EXP 	surround_grating: autoDraw = True
671.2227 	EXP 	center_grating: autoDraw = True
671.2952 	EXP 	surround_grating: autoDraw = False
671.2952 	EXP 	center_grating: autoDraw = False
671.8693 	EXP 	New trial (rep=0, index=371): <Trial 371 (371 in rep 0) data={'center': -4, 'surround': 0.0, 'type': 'c-4', 'surr_type': 'noss', 'surr_opacity': 0, 'thisN': 371, 'thisTrialN': 371, 'thisRepN': 0}>
671.8761 	INFO 	Keyboard events cleared
671.8756 	EXP 	surround_grating: autoDraw = False
671.8756 	EXP 	center_grating: autoDraw = False
671.8756 	EXP 	text_2: autoDraw = False
671.8756 	EXP 	surround_grating: ori = 0.0
671.8756 	EXP 	surround_grating: sf = array([2.5, 2.5])
671.8756 	EXP 	surround_grating: phase = array([0.32618206, 0.32618206])
671.8756 	EXP 	center_grating: ori = -4.0
671.8756 	EXP 	center_grating: sf = array([2.5, 2.5])
671.8756 	EXP 	center_grating: phase = array([0.62637205, 0.62637205])
672.3657 	EXP 	surround_grating: autoDraw = True
672.3657 	EXP 	center_grating: autoDraw = True
672.4400 	EXP 	surround_grating: autoDraw = False
672.4400 	EXP 	center_grating: autoDraw = False
672.9593 	EXP 	New trial (rep=0, index=372): <Trial 372 (372 in rep 0) data={'center': 4, 'surround': 15.0, 'type': 'c+4', 'surr_type': 'poss', 'surr_opacity': 100, 'thisN': 372, 'thisTrialN': 372, 'thisRepN': 0}>
672.9697 	INFO 	Keyboard events cleared
672.9691 	EXP 	surround_grating: autoDraw = False
672.9691 	EXP 	center_grating: autoDraw = False
672.9691 	EXP 	text_2: autoDraw = False
672.9691 	EXP 	surround_grating: ori = 15.0
672.9691 	EXP 	surround_grating: sf = array([2.5, 2.5])
672.9691 	EXP 	surround_grating: phase = array([0.73747032, 0.73747032])
672.9691 	EXP 	center_grating: ori = 4.0
672.9691 	EXP 	center_grating: sf = array([2.5, 2.5])
672.9691 	EXP 	center_grating: phase = array([0.04044961, 0.04044961])
673.4562 	EXP 	surround_grating: autoDraw = True
673.4562 	EXP 	center_grating: autoDraw = True
673.5289 	EXP 	surround_grating: autoDraw = False
673.5289 	EXP 	center_grating: autoDraw = False
674.0766 	EXP 	New trial (rep=0, index=373): <Trial 373 (373 in rep 0) data={'center': -2, 'surround': -15.0, 'type': 'c-2', 'surr_type': 'negs', 'surr_opacity': 100, 'thisN': 373, 'thisTrialN': 373, 'thisRepN': 0}>
674.0865 	INFO 	Keyboard events cleared
674.0860 	EXP 	surround_grating: autoDraw = False
674.0860 	EXP 	center_grating: autoDraw = False
674.0860 	EXP 	text_2: autoDraw = False
674.0860 	EXP 	surround_grating: ori = -15.0
674.0860 	EXP 	surround_grating: sf = array([2.5, 2.5])
674.0860 	EXP 	surround_grating: phase = array([0.98415343, 0.98415343])
674.0860 	EXP 	center_grating: ori = -2.0
674.0860 	EXP 	center_grating: sf = array([2.5, 2.5])
674.0860 	EXP 	center_grating: phase = array([0.6013597, 0.6013597])
674.5728 	EXP 	surround_grating: autoDraw = True
674.5728 	EXP 	center_grating: autoDraw = True
674.6452 	EXP 	surround_grating: autoDraw = False
674.6452 	EXP 	center_grating: autoDraw = False
676.3601 	EXP 	New trial (rep=0, index=374): <Trial 374 (374 in rep 0) data={'center': -8, 'surround': -15.0, 'type': 'c-8', 'surr_type': 'negs', 'surr_opacity': 100, 'thisN': 374, 'thisTrialN': 374, 'thisRepN': 0}>
676.3703 	INFO 	Keyboard events cleared
676.3698 	EXP 	surround_grating: autoDraw = False
676.3698 	EXP 	center_grating: autoDraw = False
676.3698 	EXP 	text_2: autoDraw = False
676.3698 	EXP 	surround_grating: ori = -15.0
676.3698 	EXP 	surround_grating: sf = array([2.5, 2.5])
676.3698 	EXP 	surround_grating: phase = array([0.28095918, 0.28095918])
676.3698 	EXP 	center_grating: ori = -8.0
676.3698 	EXP 	center_grating: sf = array([2.5, 2.5])
676.3698 	EXP 	center_grating: phase = array([0.91235809, 0.91235809])
676.8564 	EXP 	surround_grating: autoDraw = True
676.8564 	EXP 	center_grating: autoDraw = True
676.9286 	EXP 	surround_grating: autoDraw = False
676.9286 	EXP 	center_grating: autoDraw = False
677.5095 	EXP 	New trial (rep=0, index=375): <Trial 375 (375 in rep 0) data={'center': -2, 'surround': 15.0, 'type': 'c-2', 'surr_type': 'poss', 'surr_opacity': 100, 'thisN': 375, 'thisTrialN': 375, 'thisRepN': 0}>
677.5195 	INFO 	Keyboard events cleared
677.5191 	EXP 	surround_grating: autoDraw = False
677.5191 	EXP 	center_grating: autoDraw = False
677.5191 	EXP 	text_2: autoDraw = False
677.5191 	EXP 	surround_grating: ori = 15.0
677.5191 	EXP 	surround_grating: sf = array([2.5, 2.5])
677.5191 	EXP 	surround_grating: phase = array([0.93067628, 0.93067628])
677.5191 	EXP 	center_grating: ori = -2.0
677.5191 	EXP 	center_grating: sf = array([2.5, 2.5])
677.5191 	EXP 	center_grating: phase = array([0.70858851, 0.70858851])
678.0063 	EXP 	surround_grating: autoDraw = True
678.0063 	EXP 	center_grating: autoDraw = True
678.0783 	EXP 	surround_grating: autoDraw = False
678.0783 	EXP 	center_grating: autoDraw = False
678.6992 	EXP 	New trial (rep=0, index=376): <Trial 376 (376 in rep 0) data={'center': -8, 'surround': -15.0, 'type': 'c-8', 'surr_type': 'negs', 'surr_opacity': 100, 'thisN': 376, 'thisTrialN': 376, 'thisRepN': 0}>
678.7095 	INFO 	Keyboard events cleared
678.7091 	EXP 	surround_grating: autoDraw = False
678.7091 	EXP 	center_grating: autoDraw = False
678.7091 	EXP 	text_2: autoDraw = False
678.7091 	EXP 	surround_grating: ori = -15.0
678.7091 	EXP 	surround_grating: sf = array([2.5, 2.5])
678.7091 	EXP 	surround_grating: phase = array([0.54375496, 0.54375496])
678.7091 	EXP 	center_grating: ori = -8.0
678.7091 	EXP 	center_grating: sf = array([2.5, 2.5])
678.7091 	EXP 	center_grating: phase = array([0.32073559, 0.32073559])
679.1996 	EXP 	surround_grating: autoDraw = True
679.1996 	EXP 	center_grating: autoDraw = True
679.2735 	EXP 	surround_grating: autoDraw = False
679.2735 	EXP 	center_grating: autoDraw = False
679.7930 	EXP 	New trial (rep=0, index=377): <Trial 377 (377 in rep 0) data={'center': -4, 'surround': -15.0, 'type': 'c-4', 'surr_type': 'negs', 'surr_opacity': 100, 'thisN': 377, 'thisTrialN': 377, 'thisRepN': 0}>
679.8032 	INFO 	Keyboard events cleared
679.8027 	EXP 	surround_grating: autoDraw = False
679.8027 	EXP 	center_grating: autoDraw = False
679.8027 	EXP 	text_2: autoDraw = False
679.8027 	EXP 	surround_grating: ori = -15.0
679.8027 	EXP 	surround_grating: sf = array([2.5, 2.5])
679.8027 	EXP 	surround_grating: phase = array([0.59631575, 0.59631575])
679.8027 	EXP 	center_grating: ori = -4.0
679.8027 	EXP 	center_grating: sf = array([2.5, 2.5])
679.8027 	EXP 	center_grating: phase = array([0.38786053, 0.38786053])
680.2898 	EXP 	surround_grating: autoDraw = True
680.2898 	EXP 	center_grating: autoDraw = True
680.3631 	EXP 	surround_grating: autoDraw = False
680.3631 	EXP 	center_grating: autoDraw = False
680.8482 	EXP 	New trial (rep=0, index=378): <Trial 378 (378 in rep 0) data={'center': -2, 'surround': 15.0, 'type': 'c-2', 'surr_type': 'poss', 'surr_opacity': 100, 'thisN': 378, 'thisTrialN': 378, 'thisRepN': 0}>
680.8594 	INFO 	Keyboard events cleared
680.8590 	EXP 	surround_grating: autoDraw = False
680.8590 	EXP 	center_grating: autoDraw = False
680.8590 	EXP 	text_2: autoDraw = False
680.8590 	EXP 	surround_grating: ori = 15.0
680.8590 	EXP 	surround_grating: sf = array([2.5, 2.5])
680.8590 	EXP 	surround_grating: phase = array([0.96791264, 0.96791264])
680.8590 	EXP 	center_grating: ori = -2.0
680.8590 	EXP 	center_grating: sf = array([2.5, 2.5])
680.8590 	EXP 	center_grating: phase = array([0.37590319, 0.37590319])
681.3492 	EXP 	surround_grating: autoDraw = True
681.3492 	EXP 	center_grating: autoDraw = True
681.4237 	EXP 	surround_grating: autoDraw = False
681.4237 	EXP 	center_grating: autoDraw = False
681.9601 	EXP 	New trial (rep=0, index=379): <Trial 379 (379 in rep 0) data={'center': -4, 'surround': -15.0, 'type': 'c-4', 'surr_type': 'negs', 'surr_opacity': 100, 'thisN': 379, 'thisTrialN': 379, 'thisRepN': 0}>
681.9708 	INFO 	Keyboard events cleared
681.9705 	EXP 	surround_grating: autoDraw = False
681.9705 	EXP 	center_grating: autoDraw = False
681.9705 	EXP 	text_2: autoDraw = False
681.9705 	EXP 	surround_grating: ori = -15.0
681.9705 	EXP 	surround_grating: sf = array([2.5, 2.5])
681.9705 	EXP 	surround_grating: phase = array([0.27014762, 0.27014762])
681.9705 	EXP 	center_grating: ori = -4.0
681.9705 	EXP 	center_grating: sf = array([2.5, 2.5])
681.9705 	EXP 	center_grating: phase = array([0.10984585, 0.10984585])
682.4565 	EXP 	surround_grating: autoDraw = True
682.4565 	EXP 	center_grating: autoDraw = True
682.5287 	EXP 	surround_grating: autoDraw = False
682.5287 	EXP 	center_grating: autoDraw = False
683.0767 	EXP 	New trial (rep=0, index=380): <Trial 380 (380 in rep 0) data={'center': -6, 'surround': -15.0, 'type': 'c-6', 'surr_type': 'negs', 'surr_opacity': 100, 'thisN': 380, 'thisTrialN': 380, 'thisRepN': 0}>
683.0878 	INFO 	Keyboard events cleared
683.0872 	EXP 	surround_grating: autoDraw = False
683.0872 	EXP 	center_grating: autoDraw = False
683.0872 	EXP 	text_2: autoDraw = False
683.0872 	EXP 	surround_grating: ori = -15.0
683.0872 	EXP 	surround_grating: sf = array([2.5, 2.5])
683.0872 	EXP 	surround_grating: phase = array([0.91659513, 0.91659513])
683.0872 	EXP 	center_grating: ori = -6.0
683.0872 	EXP 	center_grating: sf = array([2.5, 2.5])
683.0872 	EXP 	center_grating: phase = array([0.76876519, 0.76876519])
683.5734 	EXP 	surround_grating: autoDraw = True
683.5734 	EXP 	center_grating: autoDraw = True
683.6459 	EXP 	surround_grating: autoDraw = False
683.6459 	EXP 	center_grating: autoDraw = False
683.9599 	EXP 	New trial (rep=0, index=381): <Trial 381 (381 in rep 0) data={'center': -2, 'surround': -15.0, 'type': 'c-2', 'surr_type': 'negs', 'surr_opacity': 100, 'thisN': 381, 'thisTrialN': 381, 'thisRepN': 0}>
683.9715 	INFO 	Keyboard events cleared
683.9711 	EXP 	surround_grating: autoDraw = False
683.9711 	EXP 	center_grating: autoDraw = False
683.9711 	EXP 	text_2: autoDraw = False
683.9711 	EXP 	surround_grating: ori = -15.0
683.9711 	EXP 	surround_grating: sf = array([2.5, 2.5])
683.9711 	EXP 	surround_grating: phase = array([0.2830335, 0.2830335])
683.9711 	EXP 	center_grating: ori = -2.0
683.9711 	EXP 	center_grating: sf = array([2.5, 2.5])
683.9711 	EXP 	center_grating: phase = array([0.49187746, 0.49187746])
684.4566 	EXP 	surround_grating: autoDraw = True
684.4566 	EXP 	center_grating: autoDraw = True
684.5290 	EXP 	surround_grating: autoDraw = False
684.5290 	EXP 	center_grating: autoDraw = False
685.3929 	EXP 	New trial (rep=0, index=382): <Trial 382 (382 in rep 0) data={'center': 6, 'surround': 15.0, 'type': 'c+6', 'surr_type': 'poss', 'surr_opacity': 100, 'thisN': 382, 'thisTrialN': 382, 'thisRepN': 0}>
685.4029 	INFO 	Keyboard events cleared
685.4024 	EXP 	surround_grating: autoDraw = False
685.4024 	EXP 	center_grating: autoDraw = False
685.4024 	EXP 	text_2: autoDraw = False
685.4024 	EXP 	surround_grating: ori = 15.0
685.4024 	EXP 	surround_grating: sf = array([2.5, 2.5])
685.4024 	EXP 	surround_grating: phase = array([0.39553581, 0.39553581])
685.4024 	EXP 	center_grating: ori = 6.0
685.4024 	EXP 	center_grating: sf = array([2.5, 2.5])
685.4024 	EXP 	center_grating: phase = array([0.93384414, 0.93384414])
685.8899 	EXP 	surround_grating: autoDraw = True
685.8899 	EXP 	center_grating: autoDraw = True
685.9620 	EXP 	surround_grating: autoDraw = False
685.9620 	EXP 	center_grating: autoDraw = False
686.5163 	EXP 	New trial (rep=0, index=383): <Trial 383 (383 in rep 0) data={'center': -2, 'surround': -15.0, 'type': 'c-2', 'surr_type': 'negs', 'surr_opacity': 100, 'thisN': 383, 'thisTrialN': 383, 'thisRepN': 0}>
686.5265 	INFO 	Keyboard events cleared
686.5260 	EXP 	surround_grating: autoDraw = False
686.5260 	EXP 	center_grating: autoDraw = False
686.5260 	EXP 	text_2: autoDraw = False
686.5260 	EXP 	surround_grating: ori = -15.0
686.5260 	EXP 	surround_grating: sf = array([2.5, 2.5])
686.5260 	EXP 	surround_grating: phase = array([0.69208944, 0.69208944])
686.5260 	EXP 	center_grating: ori = -2.0
686.5260 	EXP 	center_grating: sf = array([2.5, 2.5])
686.5260 	EXP 	center_grating: phase = array([0.26960406, 0.26960406])
687.0158 	EXP 	surround_grating: autoDraw = True
687.0158 	EXP 	center_grating: autoDraw = True
687.0905 	EXP 	surround_grating: autoDraw = False
687.0905 	EXP 	center_grating: autoDraw = False
687.5933 	EXP 	New trial (rep=0, index=384): <Trial 384 (384 in rep 0) data={'center': 1, 'surround': 0.0, 'type': 'c+1', 'surr_type': 'noss', 'surr_opacity': 0, 'thisN': 384, 'thisTrialN': 384, 'thisRepN': 0}>
687.6043 	INFO 	Keyboard events cleared
687.6039 	EXP 	surround_grating: autoDraw = False
687.6039 	EXP 	center_grating: autoDraw = False
687.6039 	EXP 	text_2: autoDraw = False
687.6039 	EXP 	surround_grating: ori = 0.0
687.6039 	EXP 	surround_grating: sf = array([2.5, 2.5])
687.6039 	EXP 	surround_grating: phase = array([0.94012086, 0.94012086])
687.6039 	EXP 	center_grating: ori = 1.0
687.6039 	EXP 	center_grating: sf = array([2.5, 2.5])
687.6039 	EXP 	center_grating: phase = array([0.64998105, 0.64998105])
688.0901 	EXP 	surround_grating: autoDraw = True
688.0901 	EXP 	center_grating: autoDraw = True
688.1622 	EXP 	surround_grating: autoDraw = False
688.1622 	EXP 	center_grating: autoDraw = False
688.6439 	EXP 	New trial (rep=0, index=385): <Trial 385 (385 in rep 0) data={'center': -4, 'surround': -15.0, 'type': 'c-4', 'surr_type': 'negs', 'surr_opacity': 100, 'thisN': 385, 'thisTrialN': 385, 'thisRepN': 0}>
688.6536 	INFO 	Keyboard events cleared
688.6532 	EXP 	surround_grating: autoDraw = False
688.6532 	EXP 	center_grating: autoDraw = False
688.6532 	EXP 	text_2: autoDraw = False
688.6532 	EXP 	surround_grating: ori = -15.0
688.6532 	EXP 	surround_grating: sf = array([2.5, 2.5])
688.6532 	EXP 	surround_grating: phase = array([0.47349236, 0.47349236])
688.6532 	EXP 	center_grating: ori = -4.0
688.6532 	EXP 	center_grating: sf = array([2.5, 2.5])
688.6532 	EXP 	center_grating: phase = array([0.22291629, 0.22291629])
689.1401 	EXP 	surround_grating: autoDraw = True
689.1401 	EXP 	center_grating: autoDraw = True
689.2120 	EXP 	surround_grating: autoDraw = False
689.2120 	EXP 	center_grating: autoDraw = False
689.8439 	EXP 	New trial (rep=0, index=386): <Trial 386 (386 in rep 0) data={'center': 6, 'surround': 15.0, 'type': 'c+6', 'surr_type': 'poss', 'surr_opacity': 100, 'thisN': 386, 'thisTrialN': 386, 'thisRepN': 0}>
689.8542 	INFO 	Keyboard events cleared
689.8538 	EXP 	surround_grating: autoDraw = False
689.8538 	EXP 	center_grating: autoDraw = False
689.8538 	EXP 	text_2: autoDraw = False
689.8538 	EXP 	surround_grating: ori = 15.0
689.8538 	EXP 	surround_grating: sf = array([2.5, 2.5])
689.8538 	EXP 	surround_grating: phase = array([0.59632951, 0.59632951])
689.8538 	EXP 	center_grating: ori = 6.0
689.8538 	EXP 	center_grating: sf = array([2.5, 2.5])
689.8538 	EXP 	center_grating: phase = array([0.76108837, 0.76108837])
690.3402 	EXP 	surround_grating: autoDraw = True
690.3402 	EXP 	center_grating: autoDraw = True
690.4131 	EXP 	surround_grating: autoDraw = False
690.4131 	EXP 	center_grating: autoDraw = False
690.9937 	EXP 	New trial (rep=0, index=387): <Trial 387 (387 in rep 0) data={'center': 4, 'surround': 15.0, 'type': 'c+4', 'surr_type': 'poss', 'surr_opacity': 100, 'thisN': 387, 'thisTrialN': 387, 'thisRepN': 0}>
691.0042 	INFO 	Keyboard events cleared
691.0036 	EXP 	surround_grating: autoDraw = False
691.0036 	EXP 	center_grating: autoDraw = False
691.0036 	EXP 	text_2: autoDraw = False
691.0036 	EXP 	surround_grating: ori = 15.0
691.0036 	EXP 	surround_grating: sf = array([2.5, 2.5])
691.0036 	EXP 	surround_grating: phase = array([0.47041756, 0.47041756])
691.0036 	EXP 	center_grating: ori = 4.0
691.0036 	EXP 	center_grating: sf = array([2.5, 2.5])
691.0036 	EXP 	center_grating: phase = array([0.89720391, 0.89720391])
691.4903 	EXP 	surround_grating: autoDraw = True
691.4903 	EXP 	center_grating: autoDraw = True
691.5631 	EXP 	surround_grating: autoDraw = False
691.5631 	EXP 	center_grating: autoDraw = False
692.2443 	EXP 	New trial (rep=0, index=388): <Trial 388 (388 in rep 0) data={'center': -1, 'surround': 0.0, 'type': 'c-1', 'surr_type': 'noss', 'surr_opacity': 0, 'thisN': 388, 'thisTrialN': 388, 'thisRepN': 0}>
692.2545 	INFO 	Keyboard events cleared
692.2540 	EXP 	surround_grating: autoDraw = False
692.2540 	EXP 	center_grating: autoDraw = False
692.2540 	EXP 	text_2: autoDraw = False
692.2540 	EXP 	surround_grating: ori = 0.0
692.2540 	EXP 	surround_grating: sf = array([2.5, 2.5])
692.2540 	EXP 	surround_grating: phase = array([0.40507435, 0.40507435])
692.2540 	EXP 	center_grating: ori = -1.0
692.2540 	EXP 	center_grating: sf = array([2.5, 2.5])
692.2540 	EXP 	center_grating: phase = array([0.47059426, 0.47059426])
692.7394 	EXP 	surround_grating: autoDraw = True
692.7394 	EXP 	center_grating: autoDraw = True
692.8123 	EXP 	surround_grating: autoDraw = False
692.8123 	EXP 	center_grating: autoDraw = False
693.4862 	EXP 	New trial (rep=0, index=389): <Trial 389 (389 in rep 0) data={'center': -2, 'surround': -15.0, 'type': 'c-2', 'surr_type': 'negs', 'surr_opacity': 100, 'thisN': 389, 'thisTrialN': 389, 'thisRepN': 0}>
693.4935 	INFO 	Keyboard events cleared
693.4931 	EXP 	surround_grating: autoDraw = False
693.4931 	EXP 	center_grating: autoDraw = False
693.4931 	EXP 	text_2: autoDraw = False
693.4931 	EXP 	surround_grating: ori = -15.0
693.4931 	EXP 	surround_grating: sf = array([2.5, 2.5])
693.4931 	EXP 	surround_grating: phase = array([0.48070914, 0.48070914])
693.4931 	EXP 	center_grating: ori = -2.0
693.4931 	EXP 	center_grating: sf = array([2.5, 2.5])
693.4931 	EXP 	center_grating: phase = array([0.92571256, 0.92571256])
693.9825 	EXP 	surround_grating: autoDraw = True
693.9825 	EXP 	center_grating: autoDraw = True
694.0574 	EXP 	surround_grating: autoDraw = False
694.0574 	EXP 	center_grating: autoDraw = False
694.7483 	EXP 	New trial (rep=0, index=390): <Trial 390 (390 in rep 0) data={'center': 0, 'surround': -15.0, 'type': 'c+0', 'surr_type': 'negs', 'surr_opacity': 100, 'thisN': 390, 'thisTrialN': 390, 'thisRepN': 0}>
694.7584 	INFO 	Keyboard events cleared
694.7579 	EXP 	surround_grating: autoDraw = False
694.7579 	EXP 	center_grating: autoDraw = False
694.7579 	EXP 	text_2: autoDraw = False
694.7579 	EXP 	surround_grating: ori = -15.0
694.7579 	EXP 	surround_grating: sf = array([2.5, 2.5])
694.7579 	EXP 	surround_grating: phase = array([0.74544558, 0.74544558])
694.7579 	EXP 	center_grating: ori = 0.0
694.7579 	EXP 	center_grating: sf = array([2.5, 2.5])
694.7579 	EXP 	center_grating: phase = array([0.1005052, 0.1005052])
695.2499 	EXP 	surround_grating: autoDraw = True
695.2499 	EXP 	center_grating: autoDraw = True
695.3242 	EXP 	surround_grating: autoDraw = False
695.3242 	EXP 	center_grating: autoDraw = False
696.2601 	EXP 	New trial (rep=0, index=391): <Trial 391 (391 in rep 0) data={'center': -2, 'surround': -15.0, 'type': 'c-2', 'surr_type': 'negs', 'surr_opacity': 100, 'thisN': 391, 'thisTrialN': 391, 'thisRepN': 0}>
696.2696 	INFO 	Keyboard events cleared
696.2692 	EXP 	surround_grating: autoDraw = False
696.2692 	EXP 	center_grating: autoDraw = False
696.2692 	EXP 	text_2: autoDraw = False
696.2692 	EXP 	surround_grating: ori = -15.0
696.2692 	EXP 	surround_grating: sf = array([2.5, 2.5])
696.2692 	EXP 	surround_grating: phase = array([0.82352682, 0.82352682])
696.2692 	EXP 	center_grating: ori = -2.0
696.2692 	EXP 	center_grating: sf = array([2.5, 2.5])
696.2692 	EXP 	center_grating: phase = array([0.24914714, 0.24914714])
696.7563 	EXP 	surround_grating: autoDraw = True
696.7563 	EXP 	center_grating: autoDraw = True
696.8289 	EXP 	surround_grating: autoDraw = False
696.8289 	EXP 	center_grating: autoDraw = False
697.3438 	EXP 	New trial (rep=0, index=392): <Trial 392 (392 in rep 0) data={'center': 0, 'surround': 15.0, 'type': 'c+0', 'surr_type': 'poss', 'surr_opacity': 100, 'thisN': 392, 'thisTrialN': 392, 'thisRepN': 0}>
697.3538 	INFO 	Keyboard events cleared
697.3534 	EXP 	surround_grating: autoDraw = False
697.3534 	EXP 	center_grating: autoDraw = False
697.3534 	EXP 	text_2: autoDraw = False
697.3534 	EXP 	surround_grating: ori = 15.0
697.3534 	EXP 	surround_grating: sf = array([2.5, 2.5])
697.3534 	EXP 	surround_grating: phase = array([0.30507339, 0.30507339])
697.3534 	EXP 	center_grating: ori = 0.0
697.3534 	EXP 	center_grating: sf = array([2.5, 2.5])
697.3534 	EXP 	center_grating: phase = array([0.25341653, 0.25341653])
697.8404 	EXP 	surround_grating: autoDraw = True
697.8404 	EXP 	center_grating: autoDraw = True
697.9127 	EXP 	surround_grating: autoDraw = False
697.9127 	EXP 	center_grating: autoDraw = False
699.7274 	EXP 	New trial (rep=0, index=393): <Trial 393 (393 in rep 0) data={'center': -8, 'surround': -15.0, 'type': 'c-8', 'surr_type': 'negs', 'surr_opacity': 100, 'thisN': 393, 'thisTrialN': 393, 'thisRepN': 0}>
699.7380 	INFO 	Keyboard events cleared
699.7375 	EXP 	surround_grating: autoDraw = False
699.7375 	EXP 	center_grating: autoDraw = False
699.7375 	EXP 	text_2: autoDraw = False
699.7375 	EXP 	surround_grating: ori = -15.0
699.7375 	EXP 	surround_grating: sf = array([2.5, 2.5])
699.7375 	EXP 	surround_grating: phase = array([0.58839744, 0.58839744])
699.7375 	EXP 	center_grating: ori = -8.0
699.7375 	EXP 	center_grating: sf = array([2.5, 2.5])
699.7375 	EXP 	center_grating: phase = array([0.28411373, 0.28411373])
700.2238 	EXP 	surround_grating: autoDraw = True
700.2238 	EXP 	center_grating: autoDraw = True
700.2957 	EXP 	surround_grating: autoDraw = False
700.2957 	EXP 	center_grating: autoDraw = False
700.8433 	EXP 	New trial (rep=0, index=394): <Trial 394 (394 in rep 0) data={'center': 0, 'surround': -15.0, 'type': 'c+0', 'surr_type': 'negs', 'surr_opacity': 100, 'thisN': 394, 'thisTrialN': 394, 'thisRepN': 0}>
700.8531 	INFO 	Keyboard events cleared
700.8526 	EXP 	surround_grating: autoDraw = False
700.8526 	EXP 	center_grating: autoDraw = False
700.8526 	EXP 	text_2: autoDraw = False
700.8526 	EXP 	surround_grating: ori = -15.0
700.8526 	EXP 	surround_grating: sf = array([2.5, 2.5])
700.8526 	EXP 	surround_grating: phase = array([0.75894198, 0.75894198])
700.8526 	EXP 	center_grating: ori = 0.0
700.8526 	EXP 	center_grating: sf = array([2.5, 2.5])
700.8526 	EXP 	center_grating: phase = array([0.51158973, 0.51158973])
701.3405 	EXP 	surround_grating: autoDraw = True
701.3405 	EXP 	center_grating: autoDraw = True
701.4245 	EXP 	surround_grating: autoDraw = False
701.4245 	EXP 	center_grating: autoDraw = False
701.9941 	EXP 	New trial (rep=0, index=395): <Trial 395 (395 in rep 0) data={'center': 2, 'surround': 15.0, 'type': 'c+2', 'surr_type': 'poss', 'surr_opacity': 100, 'thisN': 395, 'thisTrialN': 395, 'thisRepN': 0}>
702.0050 	INFO 	Keyboard events cleared
702.0046 	EXP 	surround_grating: autoDraw = False
702.0046 	EXP 	center_grating: autoDraw = False
702.0046 	EXP 	text_2: autoDraw = False
702.0046 	EXP 	surround_grating: ori = 15.0
702.0046 	EXP 	surround_grating: sf = array([2.5, 2.5])
702.0046 	EXP 	surround_grating: phase = array([0.08879247, 0.08879247])
702.0046 	EXP 	center_grating: ori = 2.0
702.0046 	EXP 	center_grating: sf = array([2.5, 2.5])
702.0046 	EXP 	center_grating: phase = array([0.32988731, 0.32988731])
702.4906 	EXP 	surround_grating: autoDraw = True
702.4906 	EXP 	center_grating: autoDraw = True
702.5628 	EXP 	surround_grating: autoDraw = False
702.5628 	EXP 	center_grating: autoDraw = False
703.2604 	EXP 	New trial (rep=0, index=396): <Trial 396 (396 in rep 0) data={'center': -2, 'surround': 15.0, 'type': 'c-2', 'surr_type': 'poss', 'surr_opacity': 100, 'thisN': 396, 'thisTrialN': 396, 'thisRepN': 0}>
703.2703 	INFO 	Keyboard events cleared
703.2698 	EXP 	surround_grating: autoDraw = False
703.2698 	EXP 	center_grating: autoDraw = False
703.2698 	EXP 	text_2: autoDraw = False
703.2698 	EXP 	surround_grating: ori = 15.0
703.2698 	EXP 	surround_grating: sf = array([2.5, 2.5])
703.2698 	EXP 	surround_grating: phase = array([0.93463061, 0.93463061])
703.2698 	EXP 	center_grating: ori = -2.0
703.2698 	EXP 	center_grating: sf = array([2.5, 2.5])
703.2698 	EXP 	center_grating: phase = array([0.01450527, 0.01450527])
703.7574 	EXP 	surround_grating: autoDraw = True
703.7574 	EXP 	center_grating: autoDraw = True
703.8299 	EXP 	surround_grating: autoDraw = False
703.8299 	EXP 	center_grating: autoDraw = False
704.5270 	EXP 	New trial (rep=0, index=397): <Trial 397 (397 in rep 0) data={'center': -2, 'surround': 0.0, 'type': 'c-2', 'surr_type': 'noss', 'surr_opacity': 0, 'thisN': 397, 'thisTrialN': 397, 'thisRepN': 0}>
704.5371 	INFO 	Keyboard events cleared
704.5366 	EXP 	surround_grating: autoDraw = False
704.5366 	EXP 	center_grating: autoDraw = False
704.5366 	EXP 	text_2: autoDraw = False
704.5366 	EXP 	surround_grating: ori = 0.0
704.5366 	EXP 	surround_grating: sf = array([2.5, 2.5])
704.5366 	EXP 	surround_grating: phase = array([0.42446189, 0.42446189])
704.5366 	EXP 	center_grating: ori = -2.0
704.5366 	EXP 	center_grating: sf = array([2.5, 2.5])
704.5366 	EXP 	center_grating: phase = array([0.3901754, 0.3901754])
705.0241 	EXP 	surround_grating: autoDraw = True
705.0241 	EXP 	center_grating: autoDraw = True
705.0970 	EXP 	surround_grating: autoDraw = False
705.0970 	EXP 	center_grating: autoDraw = False
705.7589 	EXP 	New trial (rep=0, index=398): <Trial 398 (398 in rep 0) data={'center': 1, 'surround': 0.0, 'type': 'c+1', 'surr_type': 'noss', 'surr_opacity': 0, 'thisN': 398, 'thisTrialN': 398, 'thisRepN': 0}>
705.7666 	INFO 	Keyboard events cleared
705.7660 	EXP 	surround_grating: autoDraw = False
705.7660 	EXP 	center_grating: autoDraw = False
705.7660 	EXP 	text_2: autoDraw = False
705.7660 	EXP 	surround_grating: ori = 0.0
705.7660 	EXP 	surround_grating: sf = array([2.5, 2.5])
705.7660 	EXP 	surround_grating: phase = array([0.72120801, 0.72120801])
705.7660 	EXP 	center_grating: ori = 1.0
705.7660 	EXP 	center_grating: sf = array([2.5, 2.5])
705.7660 	EXP 	center_grating: phase = array([0.16675797, 0.16675797])
706.2492 	EXP 	surround_grating: autoDraw = True
706.2492 	EXP 	center_grating: autoDraw = True
706.3246 	EXP 	surround_grating: autoDraw = False
706.3246 	EXP 	center_grating: autoDraw = False
706.8499 	EXP 	New trial (rep=0, index=399): <Trial 399 (399 in rep 0) data={'center': -4, 'surround': -15.0, 'type': 'c-4', 'surr_type': 'negs', 'surr_opacity': 100, 'thisN': 399, 'thisTrialN': 399, 'thisRepN': 0}>
706.8601 	INFO 	Keyboard events cleared
706.8596 	EXP 	surround_grating: autoDraw = False
706.8596 	EXP 	center_grating: autoDraw = False
706.8596 	EXP 	text_2: autoDraw = False
706.8596 	EXP 	surround_grating: ori = -15.0
706.8596 	EXP 	surround_grating: sf = array([2.5, 2.5])
706.8596 	EXP 	surround_grating: phase = array([0.96057265, 0.96057265])
706.8596 	EXP 	center_grating: ori = -4.0
706.8596 	EXP 	center_grating: sf = array([2.5, 2.5])
706.8596 	EXP 	center_grating: phase = array([0.96720577, 0.96720577])
707.3504 	EXP 	surround_grating: autoDraw = True
707.3504 	EXP 	center_grating: autoDraw = True
707.4246 	EXP 	surround_grating: autoDraw = False
707.4246 	EXP 	center_grating: autoDraw = False
707.9943 	EXP 	New trial (rep=0, index=400): <Trial 400 (400 in rep 0) data={'center': -4, 'surround': -15.0, 'type': 'c-4', 'surr_type': 'negs', 'surr_opacity': 100, 'thisN': 400, 'thisTrialN': 400, 'thisRepN': 0}>
708.0046 	INFO 	Keyboard events cleared
708.0042 	EXP 	surround_grating: autoDraw = False
708.0042 	EXP 	center_grating: autoDraw = False
708.0042 	EXP 	text_2: autoDraw = False
708.0042 	EXP 	surround_grating: ori = -15.0
708.0042 	EXP 	surround_grating: sf = array([2.5, 2.5])
708.0042 	EXP 	surround_grating: phase = array([0.99901501, 0.99901501])
708.0042 	EXP 	center_grating: ori = -4.0
708.0042 	EXP 	center_grating: sf = array([2.5, 2.5])
708.0042 	EXP 	center_grating: phase = array([0.68454495, 0.68454495])
708.4908 	EXP 	surround_grating: autoDraw = True
708.4908 	EXP 	center_grating: autoDraw = True
708.5632 	EXP 	surround_grating: autoDraw = False
708.5632 	EXP 	center_grating: autoDraw = False
709.0438 	EXP 	New trial (rep=0, index=401): <Trial 401 (401 in rep 0) data={'center': 0, 'surround': -15.0, 'type': 'c+0', 'surr_type': 'negs', 'surr_opacity': 100, 'thisN': 401, 'thisTrialN': 401, 'thisRepN': 0}>
709.0538 	INFO 	Keyboard events cleared
709.0534 	EXP 	surround_grating: autoDraw = False
709.0534 	EXP 	center_grating: autoDraw = False
709.0534 	EXP 	text_2: autoDraw = False
709.0534 	EXP 	surround_grating: ori = -15.0
709.0534 	EXP 	surround_grating: sf = array([2.5, 2.5])
709.0534 	EXP 	surround_grating: phase = array([0.11903388, 0.11903388])
709.0534 	EXP 	center_grating: ori = 0.0
709.0534 	EXP 	center_grating: sf = array([2.5, 2.5])
709.0534 	EXP 	center_grating: phase = array([0.53970433, 0.53970433])
709.5410 	EXP 	surround_grating: autoDraw = True
709.5410 	EXP 	center_grating: autoDraw = True
709.6140 	EXP 	surround_grating: autoDraw = False
709.6140 	EXP 	center_grating: autoDraw = False
710.1649 	EXP 	New trial (rep=0, index=402): <Trial 402 (402 in rep 0) data={'center': -8, 'surround': -15.0, 'type': 'c-8', 'surr_type': 'negs', 'surr_opacity': 100, 'thisN': 402, 'thisTrialN': 402, 'thisRepN': 0}>
710.1746 	INFO 	Keyboard events cleared
710.1742 	EXP 	surround_grating: autoDraw = False
710.1742 	EXP 	center_grating: autoDraw = False
710.1742 	EXP 	text_2: autoDraw = False
710.1742 	EXP 	surround_grating: ori = -15.0
710.1742 	EXP 	surround_grating: sf = array([2.5, 2.5])
710.1742 	EXP 	surround_grating: phase = array([0.44894566, 0.44894566])
710.1742 	EXP 	center_grating: ori = -8.0
710.1742 	EXP 	center_grating: sf = array([2.5, 2.5])
710.1742 	EXP 	center_grating: phase = array([0.39081834, 0.39081834])
710.6669 	EXP 	surround_grating: autoDraw = True
710.6669 	EXP 	center_grating: autoDraw = True
710.7414 	EXP 	surround_grating: autoDraw = False
710.7414 	EXP 	center_grating: autoDraw = False
711.3107 	EXP 	New trial (rep=0, index=403): <Trial 403 (403 in rep 0) data={'center': 8, 'surround': 15.0, 'type': 'c+8', 'surr_type': 'poss', 'surr_opacity': 100, 'thisN': 403, 'thisTrialN': 403, 'thisRepN': 0}>
711.3209 	INFO 	Keyboard events cleared
711.3205 	EXP 	surround_grating: autoDraw = False
711.3205 	EXP 	center_grating: autoDraw = False
711.3205 	EXP 	text_2: autoDraw = False
711.3205 	EXP 	surround_grating: ori = 15.0
711.3205 	EXP 	surround_grating: sf = array([2.5, 2.5])
711.3205 	EXP 	surround_grating: phase = array([0.09709136, 0.09709136])
711.3205 	EXP 	center_grating: ori = 8.0
711.3205 	EXP 	center_grating: sf = array([2.5, 2.5])
711.3205 	EXP 	center_grating: phase = array([0.31877587, 0.31877587])
711.8077 	EXP 	surround_grating: autoDraw = True
711.8077 	EXP 	center_grating: autoDraw = True
711.8796 	EXP 	surround_grating: autoDraw = False
711.8796 	EXP 	center_grating: autoDraw = False
712.3665 	EXP 	New trial (rep=0, index=404): <Trial 404 (404 in rep 0) data={'center': 4, 'surround': 15.0, 'type': 'c+4', 'surr_type': 'poss', 'surr_opacity': 100, 'thisN': 404, 'thisTrialN': 404, 'thisRepN': 0}>
712.3767 	INFO 	Keyboard events cleared
712.3762 	EXP 	surround_grating: autoDraw = False
712.3762 	EXP 	center_grating: autoDraw = False
712.3762 	EXP 	text_2: autoDraw = False
712.3762 	EXP 	surround_grating: ori = 15.0
712.3762 	EXP 	surround_grating: sf = array([2.5, 2.5])
712.3762 	EXP 	surround_grating: phase = array([0.52552838, 0.52552838])
712.3762 	EXP 	center_grating: ori = 4.0
712.3762 	EXP 	center_grating: sf = array([2.5, 2.5])
712.3762 	EXP 	center_grating: phase = array([0.80318699, 0.80318699])
712.8669 	EXP 	surround_grating: autoDraw = True
712.8669 	EXP 	center_grating: autoDraw = True
712.9416 	EXP 	surround_grating: autoDraw = False
712.9416 	EXP 	center_grating: autoDraw = False
713.4779 	EXP 	New trial (rep=0, index=405): <Trial 405 (405 in rep 0) data={'center': 2, 'surround': -15.0, 'type': 'c+2', 'surr_type': 'negs', 'surr_opacity': 100, 'thisN': 405, 'thisTrialN': 405, 'thisRepN': 0}>
713.4884 	INFO 	Keyboard events cleared
713.4880 	EXP 	surround_grating: autoDraw = False
713.4880 	EXP 	center_grating: autoDraw = False
713.4880 	EXP 	text_2: autoDraw = False
713.4880 	EXP 	surround_grating: ori = -15.0
713.4880 	EXP 	surround_grating: sf = array([2.5, 2.5])
713.4880 	EXP 	surround_grating: phase = array([0.86609808, 0.86609808])
713.4880 	EXP 	center_grating: ori = 2.0
713.4880 	EXP 	center_grating: sf = array([2.5, 2.5])
713.4880 	EXP 	center_grating: phase = array([0.16025545, 0.16025545])
713.9744 	EXP 	surround_grating: autoDraw = True
713.9744 	EXP 	center_grating: autoDraw = True
714.0470 	EXP 	surround_grating: autoDraw = False
714.0470 	EXP 	center_grating: autoDraw = False
714.4284 	EXP 	New trial (rep=0, index=406): <Trial 406 (406 in rep 0) data={'center': -4, 'surround': -15.0, 'type': 'c-4', 'surr_type': 'negs', 'surr_opacity': 100, 'thisN': 406, 'thisTrialN': 406, 'thisRepN': 0}>
714.4385 	INFO 	Keyboard events cleared
714.4381 	EXP 	surround_grating: autoDraw = False
714.4381 	EXP 	center_grating: autoDraw = False
714.4381 	EXP 	text_2: autoDraw = False
714.4381 	EXP 	surround_grating: ori = -15.0
714.4381 	EXP 	surround_grating: sf = array([2.5, 2.5])
714.4381 	EXP 	surround_grating: phase = array([0.4352975, 0.4352975])
714.4381 	EXP 	center_grating: ori = -4.0
714.4381 	EXP 	center_grating: sf = array([2.5, 2.5])
714.4381 	EXP 	center_grating: phase = array([0.04932498, 0.04932498])
714.9243 	EXP 	surround_grating: autoDraw = True
714.9243 	EXP 	center_grating: autoDraw = True
714.9967 	EXP 	surround_grating: autoDraw = False
714.9967 	EXP 	center_grating: autoDraw = False
715.3444 	EXP 	New trial (rep=0, index=407): <Trial 407 (407 in rep 0) data={'center': 2, 'surround': 15.0, 'type': 'c+2', 'surr_type': 'poss', 'surr_opacity': 100, 'thisN': 407, 'thisTrialN': 407, 'thisRepN': 0}>
715.3562 	INFO 	Keyboard events cleared
715.3558 	EXP 	surround_grating: autoDraw = False
715.3558 	EXP 	center_grating: autoDraw = False
715.3558 	EXP 	text_2: autoDraw = False
715.3558 	EXP 	surround_grating: ori = 15.0
715.3558 	EXP 	surround_grating: sf = array([2.5, 2.5])
715.3558 	EXP 	surround_grating: phase = array([0.46251867, 0.46251867])
715.3558 	EXP 	center_grating: ori = 2.0
715.3558 	EXP 	center_grating: sf = array([2.5, 2.5])
715.3558 	EXP 	center_grating: phase = array([0.73248869, 0.73248869])
715.8411 	EXP 	surround_grating: autoDraw = True
715.8411 	EXP 	center_grating: autoDraw = True
715.9146 	EXP 	surround_grating: autoDraw = False
715.9146 	EXP 	center_grating: autoDraw = False
716.4336 	EXP 	New trial (rep=0, index=408): <Trial 408 (408 in rep 0) data={'center': -4, 'surround': -15.0, 'type': 'c-4', 'surr_type': 'negs', 'surr_opacity': 100, 'thisN': 408, 'thisTrialN': 408, 'thisRepN': 0}>
716.4439 	INFO 	Keyboard events cleared
716.4434 	EXP 	surround_grating: autoDraw = False
716.4434 	EXP 	center_grating: autoDraw = False
716.4434 	EXP 	text_2: autoDraw = False
716.4434 	EXP 	surround_grating: ori = -15.0
716.4434 	EXP 	surround_grating: sf = array([2.5, 2.5])
716.4434 	EXP 	surround_grating: phase = array([0.0734877, 0.0734877])
716.4434 	EXP 	center_grating: ori = -4.0
716.4434 	EXP 	center_grating: sf = array([2.5, 2.5])
716.4434 	EXP 	center_grating: phase = array([0.81092771, 0.81092771])
716.9337 	EXP 	surround_grating: autoDraw = True
716.9337 	EXP 	center_grating: autoDraw = True
717.0083 	EXP 	surround_grating: autoDraw = False
717.0083 	EXP 	center_grating: autoDraw = False
717.4276 	EXP 	New trial (rep=0, index=409): <Trial 409 (409 in rep 0) data={'center': 2, 'surround': 0.0, 'type': 'c+2', 'surr_type': 'noss', 'surr_opacity': 0, 'thisN': 409, 'thisTrialN': 409, 'thisRepN': 0}>
717.4380 	INFO 	Keyboard events cleared
717.4374 	EXP 	surround_grating: autoDraw = False
717.4374 	EXP 	center_grating: autoDraw = False
717.4374 	EXP 	text_2: autoDraw = False
717.4374 	EXP 	surround_grating: ori = 0.0
717.4374 	EXP 	surround_grating: sf = array([2.5, 2.5])
717.4374 	EXP 	surround_grating: phase = array([0.9363246, 0.9363246])
717.4374 	EXP 	center_grating: ori = 2.0
717.4374 	EXP 	center_grating: sf = array([2.5, 2.5])
717.4374 	EXP 	center_grating: phase = array([0.99738815, 0.99738815])
717.9245 	EXP 	surround_grating: autoDraw = True
717.9245 	EXP 	center_grating: autoDraw = True
717.9969 	EXP 	surround_grating: autoDraw = False
717.9969 	EXP 	center_grating: autoDraw = False
718.4328 	EXP 	New trial (rep=0, index=410): <Trial 410 (410 in rep 0) data={'center': 6, 'surround': 15.0, 'type': 'c+6', 'surr_type': 'poss', 'surr_opacity': 100, 'thisN': 410, 'thisTrialN': 410, 'thisRepN': 0}>
718.4586 	INFO 	Keyboard events cleared
718.4580 	EXP 	surround_grating: autoDraw = False
718.4580 	EXP 	center_grating: autoDraw = False
718.4580 	EXP 	text_2: autoDraw = False
718.4580 	EXP 	surround_grating: ori = 15.0
718.4580 	EXP 	surround_grating: sf = array([2.5, 2.5])
718.4580 	EXP 	surround_grating: phase = array([0.07381582, 0.07381582])
718.4580 	EXP 	center_grating: ori = 6.0
718.4580 	EXP 	center_grating: sf = array([2.5, 2.5])
718.4580 	EXP 	center_grating: phase = array([0.2926722, 0.2926722])
718.9335 	EXP 	surround_grating: autoDraw = True
718.9335 	EXP 	center_grating: autoDraw = True
719.0084 	EXP 	surround_grating: autoDraw = False
719.0084 	EXP 	center_grating: autoDraw = False
719.5121 	EXP 	New trial (rep=0, index=411): <Trial 411 (411 in rep 0) data={'center': 0, 'surround': -15.0, 'type': 'c+0', 'surr_type': 'negs', 'surr_opacity': 100, 'thisN': 411, 'thisTrialN': 411, 'thisRepN': 0}>
719.5229 	INFO 	Keyboard events cleared
719.5225 	EXP 	surround_grating: autoDraw = False
719.5225 	EXP 	center_grating: autoDraw = False
719.5225 	EXP 	text_2: autoDraw = False
719.5225 	EXP 	surround_grating: ori = -15.0
719.5225 	EXP 	surround_grating: sf = array([2.5, 2.5])
719.5225 	EXP 	surround_grating: phase = array([0.6793723, 0.6793723])
719.5225 	EXP 	center_grating: ori = 0.0
719.5225 	EXP 	center_grating: sf = array([2.5, 2.5])
719.5225 	EXP 	center_grating: phase = array([0.96172793, 0.96172793])
720.0079 	EXP 	surround_grating: autoDraw = True
720.0079 	EXP 	center_grating: autoDraw = True
720.0803 	EXP 	surround_grating: autoDraw = False
720.0803 	EXP 	center_grating: autoDraw = False
720.6703 	EXP 	New trial (rep=0, index=412): <Trial 412 (412 in rep 0) data={'center': 2, 'surround': -15.0, 'type': 'c+2', 'surr_type': 'negs', 'surr_opacity': 100, 'thisN': 412, 'thisTrialN': 412, 'thisRepN': 0}>
720.6778 	INFO 	Keyboard events cleared
720.6774 	EXP 	surround_grating: autoDraw = False
720.6774 	EXP 	center_grating: autoDraw = False
720.6774 	EXP 	text_2: autoDraw = False
720.6774 	EXP 	surround_grating: ori = -15.0
720.6774 	EXP 	surround_grating: sf = array([2.5, 2.5])
720.6774 	EXP 	surround_grating: phase = array([0.46797608, 0.46797608])
720.6774 	EXP 	center_grating: ori = 2.0
720.6774 	EXP 	center_grating: sf = array([2.5, 2.5])
720.6774 	EXP 	center_grating: phase = array([0.97194916, 0.97194916])
721.1661 	EXP 	surround_grating: autoDraw = True
721.1661 	EXP 	center_grating: autoDraw = True
721.2418 	EXP 	surround_grating: autoDraw = False
721.2418 	EXP 	center_grating: autoDraw = False
721.7449 	EXP 	New trial (rep=0, index=413): <Trial 413 (413 in rep 0) data={'center': 2, 'surround': 15.0, 'type': 'c+2', 'surr_type': 'poss', 'surr_opacity': 100, 'thisN': 413, 'thisTrialN': 413, 'thisRepN': 0}>
721.7555 	INFO 	Keyboard events cleared
721.7551 	EXP 	surround_grating: autoDraw = False
721.7551 	EXP 	center_grating: autoDraw = False
721.7551 	EXP 	text_2: autoDraw = False
721.7551 	EXP 	surround_grating: ori = 15.0
721.7551 	EXP 	surround_grating: sf = array([2.5, 2.5])
721.7551 	EXP 	surround_grating: phase = array([0.01302656, 0.01302656])
721.7551 	EXP 	center_grating: ori = 2.0
721.7551 	EXP 	center_grating: sf = array([2.5, 2.5])
721.7551 	EXP 	center_grating: phase = array([0.6755083, 0.6755083])
722.2413 	EXP 	surround_grating: autoDraw = True
722.2413 	EXP 	center_grating: autoDraw = True
722.3138 	EXP 	surround_grating: autoDraw = False
722.3138 	EXP 	center_grating: autoDraw = False
722.6442 	EXP 	New trial (rep=0, index=414): <Trial 414 (414 in rep 0) data={'center': 6, 'surround': 15.0, 'type': 'c+6', 'surr_type': 'poss', 'surr_opacity': 100, 'thisN': 414, 'thisTrialN': 414, 'thisRepN': 0}>
722.6542 	INFO 	Keyboard events cleared
722.6537 	EXP 	surround_grating: autoDraw = False
722.6537 	EXP 	center_grating: autoDraw = False
722.6537 	EXP 	text_2: autoDraw = False
722.6537 	EXP 	surround_grating: ori = 15.0
722.6537 	EXP 	surround_grating: sf = array([2.5, 2.5])
722.6537 	EXP 	surround_grating: phase = array([0.08651027, 0.08651027])
722.6537 	EXP 	center_grating: ori = 6.0
722.6537 	EXP 	center_grating: sf = array([2.5, 2.5])
722.6537 	EXP 	center_grating: phase = array([0.93565177, 0.93565177])
723.1413 	EXP 	surround_grating: autoDraw = True
723.1413 	EXP 	center_grating: autoDraw = True
723.2135 	EXP 	surround_grating: autoDraw = False
723.2135 	EXP 	center_grating: autoDraw = False
723.4511 	EXP 	New trial (rep=0, index=415): <Trial 415 (415 in rep 0) data={'center': 6, 'surround': 15.0, 'type': 'c+6', 'surr_type': 'poss', 'surr_opacity': 100, 'thisN': 415, 'thisTrialN': 415, 'thisRepN': 0}>
723.4611 	INFO 	Keyboard events cleared
723.4606 	EXP 	surround_grating: autoDraw = False
723.4606 	EXP 	center_grating: autoDraw = False
723.4606 	EXP 	text_2: autoDraw = False
723.4606 	EXP 	surround_grating: ori = 15.0
723.4606 	EXP 	surround_grating: sf = array([2.5, 2.5])
723.4606 	EXP 	surround_grating: phase = array([0.69397317, 0.69397317])
723.4606 	EXP 	center_grating: ori = 6.0
723.4606 	EXP 	center_grating: sf = array([2.5, 2.5])
723.4606 	EXP 	center_grating: phase = array([0.35252325, 0.35252325])
723.9500 	EXP 	surround_grating: autoDraw = True
723.9500 	EXP 	center_grating: autoDraw = True
724.0252 	EXP 	surround_grating: autoDraw = False
724.0252 	EXP 	center_grating: autoDraw = False
724.2953 	EXP 	New trial (rep=0, index=416): <Trial 416 (416 in rep 0) data={'center': -1, 'surround': 0.0, 'type': 'c-1', 'surr_type': 'noss', 'surr_opacity': 0, 'thisN': 416, 'thisTrialN': 416, 'thisRepN': 0}>
724.3055 	INFO 	Keyboard events cleared
724.3052 	EXP 	surround_grating: autoDraw = False
724.3052 	EXP 	center_grating: autoDraw = False
724.3052 	EXP 	text_2: autoDraw = False
724.3052 	EXP 	surround_grating: ori = 0.0
724.3052 	EXP 	surround_grating: sf = array([2.5, 2.5])
724.3052 	EXP 	surround_grating: phase = array([0.16194134, 0.16194134])
724.3052 	EXP 	center_grating: ori = -1.0
724.3052 	EXP 	center_grating: sf = array([2.5, 2.5])
724.3052 	EXP 	center_grating: phase = array([0.1024632, 0.1024632])
724.7914 	EXP 	surround_grating: autoDraw = True
724.7914 	EXP 	center_grating: autoDraw = True
724.8634 	EXP 	surround_grating: autoDraw = False
724.8634 	EXP 	center_grating: autoDraw = False
725.2204 	EXP 	New trial (rep=0, index=417): <Trial 417 (417 in rep 0) data={'center': -2, 'surround': -15.0, 'type': 'c-2', 'surr_type': 'negs', 'surr_opacity': 100, 'thisN': 417, 'thisTrialN': 417, 'thisRepN': 0}>
725.2278 	INFO 	Keyboard events cleared
725.2274 	EXP 	surround_grating: autoDraw = False
725.2274 	EXP 	center_grating: autoDraw = False
725.2274 	EXP 	text_2: autoDraw = False
725.2274 	EXP 	surround_grating: ori = -15.0
725.2274 	EXP 	surround_grating: sf = array([2.5, 2.5])
725.2274 	EXP 	surround_grating: phase = array([0.91503542, 0.91503542])
725.2274 	EXP 	center_grating: ori = -2.0
725.2274 	EXP 	center_grating: sf = array([2.5, 2.5])
725.2274 	EXP 	center_grating: phase = array([0.27699827, 0.27699827])
725.7177 	EXP 	surround_grating: autoDraw = True
725.7177 	EXP 	center_grating: autoDraw = True
725.7922 	EXP 	surround_grating: autoDraw = False
725.7922 	EXP 	center_grating: autoDraw = False
726.1287 	EXP 	New trial (rep=0, index=418): <Trial 418 (418 in rep 0) data={'center': 0, 'surround': -15.0, 'type': 'c+0', 'surr_type': 'negs', 'surr_opacity': 100, 'thisN': 418, 'thisTrialN': 418, 'thisRepN': 0}>
726.1388 	INFO 	Keyboard events cleared
726.1384 	EXP 	surround_grating: autoDraw = False
726.1384 	EXP 	center_grating: autoDraw = False
726.1384 	EXP 	text_2: autoDraw = False
726.1384 	EXP 	surround_grating: ori = -15.0
726.1384 	EXP 	surround_grating: sf = array([2.5, 2.5])
726.1384 	EXP 	surround_grating: phase = array([0.7025867, 0.7025867])
726.1384 	EXP 	center_grating: ori = 0.0
726.1384 	EXP 	center_grating: sf = array([2.5, 2.5])
726.1384 	EXP 	center_grating: phase = array([0.8897679, 0.8897679])
726.6249 	EXP 	surround_grating: autoDraw = True
726.6249 	EXP 	center_grating: autoDraw = True
726.6966 	EXP 	surround_grating: autoDraw = False
726.6966 	EXP 	center_grating: autoDraw = False
726.9777 	EXP 	New trial (rep=0, index=419): <Trial 419 (419 in rep 0) data={'center': 0, 'surround': 15.0, 'type': 'c+0', 'surr_type': 'poss', 'surr_opacity': 100, 'thisN': 419, 'thisTrialN': 419, 'thisRepN': 0}>
726.9877 	INFO 	Keyboard events cleared
726.9872 	EXP 	surround_grating: autoDraw = False
726.9872 	EXP 	center_grating: autoDraw = False
726.9872 	EXP 	text_2: autoDraw = False
726.9872 	EXP 	surround_grating: ori = 15.0
726.9872 	EXP 	surround_grating: sf = array([2.5, 2.5])
726.9872 	EXP 	surround_grating: phase = array([0.97409266, 0.97409266])
726.9872 	EXP 	center_grating: ori = 0.0
726.9872 	EXP 	center_grating: sf = array([2.5, 2.5])
726.9872 	EXP 	center_grating: phase = array([0.6496442, 0.6496442])
727.4749 	EXP 	surround_grating: autoDraw = True
727.4749 	EXP 	center_grating: autoDraw = True
727.5467 	EXP 	surround_grating: autoDraw = False
727.5467 	EXP 	center_grating: autoDraw = False
727.7627 	EXP 	New trial (rep=0, index=420): <Trial 420 (420 in rep 0) data={'center': -6, 'surround': -15.0, 'type': 'c-6', 'surr_type': 'negs', 'surr_opacity': 100, 'thisN': 420, 'thisTrialN': 420, 'thisRepN': 0}>
727.7730 	INFO 	Keyboard events cleared
727.7726 	EXP 	surround_grating: autoDraw = False
727.7726 	EXP 	center_grating: autoDraw = False
727.7726 	EXP 	text_2: autoDraw = False
727.7726 	EXP 	surround_grating: ori = -15.0
727.7726 	EXP 	surround_grating: sf = array([2.5, 2.5])
727.7726 	EXP 	surround_grating: phase = array([0.98885859, 0.98885859])
727.7726 	EXP 	center_grating: ori = -6.0
727.7726 	EXP 	center_grating: sf = array([2.5, 2.5])
727.7726 	EXP 	center_grating: phase = array([0.16316913, 0.16316913])
728.2582 	EXP 	surround_grating: autoDraw = True
728.2582 	EXP 	center_grating: autoDraw = True
728.3300 	EXP 	surround_grating: autoDraw = False
728.3300 	EXP 	center_grating: autoDraw = False
728.8500 	EXP 	New trial (rep=0, index=421): <Trial 421 (421 in rep 0) data={'center': 1, 'surround': 0.0, 'type': 'c+1', 'surr_type': 'noss', 'surr_opacity': 0, 'thisN': 421, 'thisTrialN': 421, 'thisRepN': 0}>
728.8755 	INFO 	Keyboard events cleared
728.8750 	EXP 	surround_grating: autoDraw = False
728.8750 	EXP 	center_grating: autoDraw = False
728.8750 	EXP 	text_2: autoDraw = False
728.8750 	EXP 	surround_grating: ori = 0.0
728.8750 	EXP 	surround_grating: sf = array([2.5, 2.5])
728.8750 	EXP 	surround_grating: phase = array([0.49260099, 0.49260099])
728.8750 	EXP 	center_grating: ori = 1.0
728.8750 	EXP 	center_grating: sf = array([2.5, 2.5])
728.8750 	EXP 	center_grating: phase = array([0.72992585, 0.72992585])
729.3505 	EXP 	surround_grating: autoDraw = True
729.3505 	EXP 	center_grating: autoDraw = True
729.4254 	EXP 	surround_grating: autoDraw = False
729.4254 	EXP 	center_grating: autoDraw = False
730.0451 	EXP 	New trial (rep=0, index=422): <Trial 422 (422 in rep 0) data={'center': 0, 'surround': 15.0, 'type': 'c+0', 'surr_type': 'poss', 'surr_opacity': 100, 'thisN': 422, 'thisTrialN': 422, 'thisRepN': 0}>
730.0556 	INFO 	Keyboard events cleared
730.0551 	EXP 	surround_grating: autoDraw = False
730.0551 	EXP 	center_grating: autoDraw = False
730.0551 	EXP 	text_2: autoDraw = False
730.0551 	EXP 	surround_grating: ori = 15.0
730.0551 	EXP 	surround_grating: sf = array([2.5, 2.5])
730.0551 	EXP 	surround_grating: phase = array([0.66884389, 0.66884389])
730.0551 	EXP 	center_grating: ori = 0.0
730.0551 	EXP 	center_grating: sf = array([2.5, 2.5])
730.0551 	EXP 	center_grating: phase = array([0.08209027, 0.08209027])
730.5417 	EXP 	surround_grating: autoDraw = True
730.5417 	EXP 	center_grating: autoDraw = True
730.6139 	EXP 	surround_grating: autoDraw = False
730.6139 	EXP 	center_grating: autoDraw = False
731.1177 	EXP 	New trial (rep=0, index=423): <Trial 423 (423 in rep 0) data={'center': 2, 'surround': -15.0, 'type': 'c+2', 'surr_type': 'negs', 'surr_opacity': 100, 'thisN': 423, 'thisTrialN': 423, 'thisRepN': 0}>
731.1279 	INFO 	Keyboard events cleared
731.1274 	EXP 	surround_grating: autoDraw = False
731.1274 	EXP 	center_grating: autoDraw = False
731.1274 	EXP 	text_2: autoDraw = False
731.1274 	EXP 	surround_grating: ori = -15.0
731.1274 	EXP 	surround_grating: sf = array([2.5, 2.5])
731.1274 	EXP 	surround_grating: phase = array([0.20183534, 0.20183534])
731.1274 	EXP 	center_grating: ori = 2.0
731.1274 	EXP 	center_grating: sf = array([2.5, 2.5])
731.1274 	EXP 	center_grating: phase = array([0.78788619, 0.78788619])
731.6182 	EXP 	surround_grating: autoDraw = True
731.6182 	EXP 	center_grating: autoDraw = True
731.6921 	EXP 	surround_grating: autoDraw = False
731.6921 	EXP 	center_grating: autoDraw = False
732.2121 	EXP 	New trial (rep=0, index=424): <Trial 424 (424 in rep 0) data={'center': -1, 'surround': 0.0, 'type': 'c-1', 'surr_type': 'noss', 'surr_opacity': 0, 'thisN': 424, 'thisTrialN': 424, 'thisRepN': 0}>
732.2223 	INFO 	Keyboard events cleared
732.2219 	EXP 	surround_grating: autoDraw = False
732.2219 	EXP 	center_grating: autoDraw = False
732.2219 	EXP 	text_2: autoDraw = False
732.2219 	EXP 	surround_grating: ori = 0.0
732.2219 	EXP 	surround_grating: sf = array([2.5, 2.5])
732.2219 	EXP 	surround_grating: phase = array([0.67391256, 0.67391256])
732.2219 	EXP 	center_grating: ori = -1.0
732.2219 	EXP 	center_grating: sf = array([2.5, 2.5])
732.2219 	EXP 	center_grating: phase = array([0.61394954, 0.61394954])
732.7075 	EXP 	surround_grating: autoDraw = True
732.7075 	EXP 	center_grating: autoDraw = True
732.7808 	EXP 	surround_grating: autoDraw = False
732.7808 	EXP 	center_grating: autoDraw = False
734.0950 	EXP 	New trial (rep=0, index=425): <Trial 425 (425 in rep 0) data={'center': -1, 'surround': 0.0, 'type': 'c-1', 'surr_type': 'noss', 'surr_opacity': 0, 'thisN': 425, 'thisTrialN': 425, 'thisRepN': 0}>
734.1051 	INFO 	Keyboard events cleared
734.1046 	EXP 	surround_grating: autoDraw = False
734.1046 	EXP 	center_grating: autoDraw = False
734.1046 	EXP 	text_2: autoDraw = False
734.1046 	EXP 	surround_grating: ori = 0.0
734.1046 	EXP 	surround_grating: sf = array([2.5, 2.5])
734.1046 	EXP 	surround_grating: phase = array([0.52203936, 0.52203936])
734.1046 	EXP 	center_grating: ori = -1.0
734.1046 	EXP 	center_grating: sf = array([2.5, 2.5])
734.1046 	EXP 	center_grating: phase = array([0.17765763, 0.17765763])
734.5918 	EXP 	surround_grating: autoDraw = True
734.5918 	EXP 	center_grating: autoDraw = True
734.6642 	EXP 	surround_grating: autoDraw = False
734.6642 	EXP 	center_grating: autoDraw = False
735.3177 	EXP 	New trial (rep=0, index=426): <Trial 426 (426 in rep 0) data={'center': -1, 'surround': 0.0, 'type': 'c-1', 'surr_type': 'noss', 'surr_opacity': 0, 'thisN': 426, 'thisTrialN': 426, 'thisRepN': 0}>
735.3279 	INFO 	Keyboard events cleared
735.3275 	EXP 	surround_grating: autoDraw = False
735.3275 	EXP 	center_grating: autoDraw = False
735.3275 	EXP 	text_2: autoDraw = False
735.3275 	EXP 	surround_grating: ori = 0.0
735.3275 	EXP 	surround_grating: sf = array([2.5, 2.5])
735.3275 	EXP 	surround_grating: phase = array([0.26902248, 0.26902248])
735.3275 	EXP 	center_grating: ori = -1.0
735.3275 	EXP 	center_grating: sf = array([2.5, 2.5])
735.3275 	EXP 	center_grating: phase = array([0.28542591, 0.28542591])
735.8176 	EXP 	surround_grating: autoDraw = True
735.8176 	EXP 	center_grating: autoDraw = True
735.8921 	EXP 	surround_grating: autoDraw = False
735.8921 	EXP 	center_grating: autoDraw = False
736.4280 	EXP 	New trial (rep=0, index=427): <Trial 427 (427 in rep 0) data={'center': 6, 'surround': 15.0, 'type': 'c+6', 'surr_type': 'poss', 'surr_opacity': 100, 'thisN': 427, 'thisTrialN': 427, 'thisRepN': 0}>
736.4380 	INFO 	Keyboard events cleared
736.4376 	EXP 	surround_grating: autoDraw = False
736.4376 	EXP 	center_grating: autoDraw = False
736.4376 	EXP 	text_2: autoDraw = False
736.4376 	EXP 	surround_grating: ori = 15.0
736.4376 	EXP 	surround_grating: sf = array([2.5, 2.5])
736.4376 	EXP 	surround_grating: phase = array([0.44906651, 0.44906651])
736.4376 	EXP 	center_grating: ori = 6.0
736.4376 	EXP 	center_grating: sf = array([2.5, 2.5])
736.4376 	EXP 	center_grating: phase = array([0.39651729, 0.39651729])
736.9252 	EXP 	surround_grating: autoDraw = True
736.9252 	EXP 	center_grating: autoDraw = True
736.9983 	EXP 	surround_grating: autoDraw = False
736.9983 	EXP 	center_grating: autoDraw = False
737.8672 	EXP 	New trial (rep=0, index=428): <Trial 428 (428 in rep 0) data={'center': 4, 'surround': 15.0, 'type': 'c+4', 'surr_type': 'poss', 'surr_opacity': 100, 'thisN': 428, 'thisTrialN': 428, 'thisRepN': 0}>
737.8782 	INFO 	Keyboard events cleared
737.8777 	EXP 	surround_grating: autoDraw = False
737.8777 	EXP 	center_grating: autoDraw = False
737.8777 	EXP 	text_2: autoDraw = False
737.8777 	EXP 	surround_grating: ori = 15.0
737.8777 	EXP 	surround_grating: sf = array([2.5, 2.5])
737.8777 	EXP 	surround_grating: phase = array([0.66772581, 0.66772581])
737.8777 	EXP 	center_grating: ori = 4.0
737.8777 	EXP 	center_grating: sf = array([2.5, 2.5])
737.8777 	EXP 	center_grating: phase = array([0.28917502, 0.28917502])
738.3675 	EXP 	surround_grating: autoDraw = True
738.3675 	EXP 	center_grating: autoDraw = True
738.4425 	EXP 	surround_grating: autoDraw = False
738.4425 	EXP 	center_grating: autoDraw = False
739.0120 	EXP 	New trial (rep=0, index=429): <Trial 429 (429 in rep 0) data={'center': 0, 'surround': -15.0, 'type': 'c+0', 'surr_type': 'negs', 'surr_opacity': 100, 'thisN': 429, 'thisTrialN': 429, 'thisRepN': 0}>
739.0225 	INFO 	Keyboard events cleared
739.0220 	EXP 	surround_grating: autoDraw = False
739.0220 	EXP 	center_grating: autoDraw = False
739.0220 	EXP 	text_2: autoDraw = False
739.0220 	EXP 	surround_grating: ori = -15.0
739.0220 	EXP 	surround_grating: sf = array([2.5, 2.5])
739.0220 	EXP 	surround_grating: phase = array([0.48691871, 0.48691871])
739.0220 	EXP 	center_grating: ori = 0.0
739.0220 	EXP 	center_grating: sf = array([2.5, 2.5])
739.0220 	EXP 	center_grating: phase = array([0.64084733, 0.64084733])
739.5085 	EXP 	surround_grating: autoDraw = True
739.5085 	EXP 	center_grating: autoDraw = True
739.5807 	EXP 	surround_grating: autoDraw = False
739.5807 	EXP 	center_grating: autoDraw = False
741.1518 	EXP 	New trial (rep=0, index=430): <Trial 430 (430 in rep 0) data={'center': -4, 'surround': 0.0, 'type': 'c-4', 'surr_type': 'noss', 'surr_opacity': 0, 'thisN': 430, 'thisTrialN': 430, 'thisRepN': 0}>
741.1620 	INFO 	Keyboard events cleared
741.1615 	EXP 	surround_grating: autoDraw = False
741.1615 	EXP 	center_grating: autoDraw = False
741.1615 	EXP 	text_2: autoDraw = False
741.1615 	EXP 	surround_grating: ori = 0.0
741.1615 	EXP 	surround_grating: sf = array([2.5, 2.5])
741.1615 	EXP 	surround_grating: phase = array([0.25823207, 0.25823207])
741.1615 	EXP 	center_grating: ori = -4.0
741.1615 	EXP 	center_grating: sf = array([2.5, 2.5])
741.1615 	EXP 	center_grating: phase = array([0.27055123, 0.27055123])
741.6513 	EXP 	surround_grating: autoDraw = True
741.6513 	EXP 	center_grating: autoDraw = True
741.7259 	EXP 	surround_grating: autoDraw = False
741.7259 	EXP 	center_grating: autoDraw = False
742.7282 	EXP 	New trial (rep=0, index=431): <Trial 431 (431 in rep 0) data={'center': 6, 'surround': 15.0, 'type': 'c+6', 'surr_type': 'poss', 'surr_opacity': 100, 'thisN': 431, 'thisTrialN': 431, 'thisRepN': 0}>
742.7383 	INFO 	Keyboard events cleared
742.7379 	EXP 	surround_grating: autoDraw = False
742.7379 	EXP 	center_grating: autoDraw = False
742.7379 	EXP 	text_2: autoDraw = False
742.7379 	EXP 	surround_grating: ori = 15.0
742.7379 	EXP 	surround_grating: sf = array([2.5, 2.5])
742.7379 	EXP 	surround_grating: phase = array([0.88687361, 0.88687361])
742.7379 	EXP 	center_grating: ori = 6.0
742.7379 	EXP 	center_grating: sf = array([2.5, 2.5])
742.7379 	EXP 	center_grating: phase = array([0.63374423, 0.63374423])
743.2253 	EXP 	surround_grating: autoDraw = True
743.2253 	EXP 	center_grating: autoDraw = True
743.2980 	EXP 	surround_grating: autoDraw = False
743.2980 	EXP 	center_grating: autoDraw = False
744.3498 	EXP 	New trial (rep=0, index=432): <Trial 432 (432 in rep 0) data={'center': 2, 'surround': 0.0, 'type': 'c+2', 'surr_type': 'noss', 'surr_opacity': 0, 'thisN': 432, 'thisTrialN': 432, 'thisRepN': 0}>
744.3596 	INFO 	Keyboard events cleared
744.3591 	EXP 	surround_grating: autoDraw = False
744.3591 	EXP 	center_grating: autoDraw = False
744.3591 	EXP 	text_2: autoDraw = False
744.3591 	EXP 	surround_grating: ori = 0.0
744.3591 	EXP 	surround_grating: sf = array([2.5, 2.5])
744.3591 	EXP 	surround_grating: phase = array([0.59397043, 0.59397043])
744.3591 	EXP 	center_grating: ori = 2.0
744.3591 	EXP 	center_grating: sf = array([2.5, 2.5])
744.3591 	EXP 	center_grating: phase = array([0.18086845, 0.18086845])
744.8507 	EXP 	surround_grating: autoDraw = True
744.8507 	EXP 	center_grating: autoDraw = True
744.9260 	EXP 	surround_grating: autoDraw = False
744.9260 	EXP 	center_grating: autoDraw = False
745.7123 	EXP 	New trial (rep=0, index=433): <Trial 433 (433 in rep 0) data={'center': 2, 'surround': -15.0, 'type': 'c+2', 'surr_type': 'negs', 'surr_opacity': 100, 'thisN': 433, 'thisTrialN': 433, 'thisRepN': 0}>
745.7227 	INFO 	Keyboard events cleared
745.7223 	EXP 	surround_grating: autoDraw = False
745.7223 	EXP 	center_grating: autoDraw = False
745.7223 	EXP 	text_2: autoDraw = False
745.7223 	EXP 	surround_grating: ori = -15.0
745.7223 	EXP 	surround_grating: sf = array([2.5, 2.5])
745.7223 	EXP 	surround_grating: phase = array([0.1056606, 0.1056606])
745.7223 	EXP 	center_grating: ori = 2.0
745.7223 	EXP 	center_grating: sf = array([2.5, 2.5])
745.7223 	EXP 	center_grating: phase = array([0.86177861, 0.86177861])
746.2087 	EXP 	surround_grating: autoDraw = True
746.2087 	EXP 	center_grating: autoDraw = True
746.2809 	EXP 	surround_grating: autoDraw = False
746.2809 	EXP 	center_grating: autoDraw = False
746.8618 	EXP 	New trial (rep=0, index=434): <Trial 434 (434 in rep 0) data={'center': -4, 'surround': 0.0, 'type': 'c-4', 'surr_type': 'noss', 'surr_opacity': 0, 'thisN': 434, 'thisTrialN': 434, 'thisRepN': 0}>
746.8715 	INFO 	Keyboard events cleared
746.8711 	EXP 	surround_grating: autoDraw = False
746.8711 	EXP 	center_grating: autoDraw = False
746.8711 	EXP 	text_2: autoDraw = False
746.8711 	EXP 	surround_grating: ori = 0.0
746.8711 	EXP 	surround_grating: sf = array([2.5, 2.5])
746.8711 	EXP 	surround_grating: phase = array([0.26399161, 0.26399161])
746.8711 	EXP 	center_grating: ori = -4.0
746.8711 	EXP 	center_grating: sf = array([2.5, 2.5])
746.8711 	EXP 	center_grating: phase = array([0.44944657, 0.44944657])
747.3589 	EXP 	surround_grating: autoDraw = True
747.3589 	EXP 	center_grating: autoDraw = True
747.4309 	EXP 	surround_grating: autoDraw = False
747.4309 	EXP 	center_grating: autoDraw = False
748.2349 	EXP 	New trial (rep=0, index=435): <Trial 435 (435 in rep 0) data={'center': -8, 'surround': -15.0, 'type': 'c-8', 'surr_type': 'negs', 'surr_opacity': 100, 'thisN': 435, 'thisTrialN': 435, 'thisRepN': 0}>
748.2451 	INFO 	Keyboard events cleared
748.2447 	EXP 	surround_grating: autoDraw = False
748.2447 	EXP 	center_grating: autoDraw = False
748.2447 	EXP 	text_2: autoDraw = False
748.2447 	EXP 	surround_grating: ori = -15.0
748.2447 	EXP 	surround_grating: sf = array([2.5, 2.5])
748.2447 	EXP 	surround_grating: phase = array([0.99217618, 0.99217618])
748.2447 	EXP 	center_grating: ori = -8.0
748.2447 	EXP 	center_grating: sf = array([2.5, 2.5])
748.2447 	EXP 	center_grating: phase = array([0.06609071, 0.06609071])
748.7345 	EXP 	surround_grating: autoDraw = True
748.7345 	EXP 	center_grating: autoDraw = True
748.8096 	EXP 	surround_grating: autoDraw = False
748.8096 	EXP 	center_grating: autoDraw = False
749.2954 	EXP 	New trial (rep=0, index=436): <Trial 436 (436 in rep 0) data={'center': -1, 'surround': 0.0, 'type': 'c-1', 'surr_type': 'noss', 'surr_opacity': 0, 'thisN': 436, 'thisTrialN': 436, 'thisRepN': 0}>
749.3054 	INFO 	Keyboard events cleared
749.3048 	EXP 	surround_grating: autoDraw = False
749.3048 	EXP 	center_grating: autoDraw = False
749.3048 	EXP 	text_2: autoDraw = False
749.3048 	EXP 	surround_grating: ori = 0.0
749.3048 	EXP 	surround_grating: sf = array([2.5, 2.5])
749.3048 	EXP 	surround_grating: phase = array([0.72631581, 0.72631581])
749.3048 	EXP 	center_grating: ori = -1.0
749.3048 	EXP 	center_grating: sf = array([2.5, 2.5])
749.3048 	EXP 	center_grating: phase = array([0.8579023, 0.8579023])
749.7922 	EXP 	surround_grating: autoDraw = True
749.7922 	EXP 	center_grating: autoDraw = True
749.8645 	EXP 	surround_grating: autoDraw = False
749.8645 	EXP 	center_grating: autoDraw = False
750.3955 	EXP 	New trial (rep=0, index=437): <Trial 437 (437 in rep 0) data={'center': 4, 'surround': 0.0, 'type': 'c+4', 'surr_type': 'noss', 'surr_opacity': 0, 'thisN': 437, 'thisTrialN': 437, 'thisRepN': 0}>
750.4062 	INFO 	Keyboard events cleared
750.4058 	EXP 	surround_grating: autoDraw = False
750.4058 	EXP 	center_grating: autoDraw = False
750.4058 	EXP 	text_2: autoDraw = False
750.4058 	EXP 	surround_grating: ori = 0.0
750.4058 	EXP 	surround_grating: sf = array([2.5, 2.5])
750.4058 	EXP 	surround_grating: phase = array([0.10624015, 0.10624015])
750.4058 	EXP 	center_grating: ori = 4.0
750.4058 	EXP 	center_grating: sf = array([2.5, 2.5])
750.4058 	EXP 	center_grating: phase = array([0.97938915, 0.97938915])
750.8922 	EXP 	surround_grating: autoDraw = True
750.8922 	EXP 	center_grating: autoDraw = True
750.9644 	EXP 	surround_grating: autoDraw = False
750.9644 	EXP 	center_grating: autoDraw = False
751.4834 	EXP 	New trial (rep=0, index=438): <Trial 438 (438 in rep 0) data={'center': 4, 'surround': 0.0, 'type': 'c+4', 'surr_type': 'noss', 'surr_opacity': 0, 'thisN': 438, 'thisTrialN': 438, 'thisRepN': 0}>
751.4929 	INFO 	Keyboard events cleared
751.4925 	EXP 	surround_grating: autoDraw = False
751.4925 	EXP 	center_grating: autoDraw = False
751.4925 	EXP 	text_2: autoDraw = False
751.4925 	EXP 	surround_grating: ori = 0.0
751.4925 	EXP 	surround_grating: sf = array([2.5, 2.5])
751.4925 	EXP 	surround_grating: phase = array([0.62086667, 0.62086667])
751.4925 	EXP 	center_grating: ori = 4.0
751.4925 	EXP 	center_grating: sf = array([2.5, 2.5])
751.4925 	EXP 	center_grating: phase = array([0.06703839, 0.06703839])
751.9856 	EXP 	surround_grating: autoDraw = True
751.9856 	EXP 	center_grating: autoDraw = True
752.0595 	EXP 	surround_grating: autoDraw = False
752.0595 	EXP 	center_grating: autoDraw = False
752.6009 	EXP 	New trial (rep=0, index=439): <Trial 439 (439 in rep 0) data={'center': -4, 'surround': 0.0, 'type': 'c-4', 'surr_type': 'noss', 'surr_opacity': 0, 'thisN': 439, 'thisTrialN': 439, 'thisRepN': 0}>
752.6263 	INFO 	Keyboard events cleared
752.6259 	EXP 	surround_grating: autoDraw = False
752.6259 	EXP 	center_grating: autoDraw = False
752.6259 	EXP 	text_2: autoDraw = False
752.6259 	EXP 	surround_grating: ori = 0.0
752.6259 	EXP 	surround_grating: sf = array([2.5, 2.5])
752.6259 	EXP 	surround_grating: phase = array([0.40810078, 0.40810078])
752.6259 	EXP 	center_grating: ori = -4.0
752.6259 	EXP 	center_grating: sf = array([2.5, 2.5])
752.6259 	EXP 	center_grating: phase = array([0.33454148, 0.33454148])
753.1008 	EXP 	surround_grating: autoDraw = True
753.1008 	EXP 	center_grating: autoDraw = True
753.1761 	EXP 	surround_grating: autoDraw = False
753.1761 	EXP 	center_grating: autoDraw = False
753.7966 	EXP 	New trial (rep=0, index=440): <Trial 440 (440 in rep 0) data={'center': 2, 'surround': 15.0, 'type': 'c+2', 'surr_type': 'poss', 'surr_opacity': 100, 'thisN': 440, 'thisTrialN': 440, 'thisRepN': 0}>
753.8072 	INFO 	Keyboard events cleared
753.8068 	EXP 	surround_grating: autoDraw = False
753.8068 	EXP 	center_grating: autoDraw = False
753.8068 	EXP 	text_2: autoDraw = False
753.8068 	EXP 	surround_grating: ori = 15.0
753.8068 	EXP 	surround_grating: sf = array([2.5, 2.5])
753.8068 	EXP 	surround_grating: phase = array([0.37480569, 0.37480569])
753.8068 	EXP 	center_grating: ori = 2.0
753.8068 	EXP 	center_grating: sf = array([2.5, 2.5])
753.8068 	EXP 	center_grating: phase = array([0.66456525, 0.66456525])
754.2924 	EXP 	surround_grating: autoDraw = True
754.2924 	EXP 	center_grating: autoDraw = True
754.3648 	EXP 	surround_grating: autoDraw = False
754.3648 	EXP 	center_grating: autoDraw = False
755.0128 	EXP 	New trial (rep=0, index=441): <Trial 441 (441 in rep 0) data={'center': 4, 'surround': 15.0, 'type': 'c+4', 'surr_type': 'poss', 'surr_opacity': 100, 'thisN': 441, 'thisTrialN': 441, 'thisRepN': 0}>
755.0232 	INFO 	Keyboard events cleared
755.0228 	EXP 	surround_grating: autoDraw = False
755.0228 	EXP 	center_grating: autoDraw = False
755.0228 	EXP 	text_2: autoDraw = False
755.0228 	EXP 	surround_grating: ori = 15.0
755.0228 	EXP 	surround_grating: sf = array([2.5, 2.5])
755.0228 	EXP 	surround_grating: phase = array([0.80937366, 0.80937366])
755.0228 	EXP 	center_grating: ori = 4.0
755.0228 	EXP 	center_grating: sf = array([2.5, 2.5])
755.0228 	EXP 	center_grating: phase = array([0.95599246, 0.95599246])
755.5091 	EXP 	surround_grating: autoDraw = True
755.5091 	EXP 	center_grating: autoDraw = True
755.5812 	EXP 	surround_grating: autoDraw = False
755.5812 	EXP 	center_grating: autoDraw = False
756.6460 	EXP 	New trial (rep=0, index=442): <Trial 442 (442 in rep 0) data={'center': -1, 'surround': 0.0, 'type': 'c-1', 'surr_type': 'noss', 'surr_opacity': 0, 'thisN': 442, 'thisTrialN': 442, 'thisRepN': 0}>
756.6571 	INFO 	Keyboard events cleared
756.6566 	EXP 	surround_grating: autoDraw = False
756.6566 	EXP 	center_grating: autoDraw = False
756.6566 	EXP 	text_2: autoDraw = False
756.6566 	EXP 	surround_grating: ori = 0.0
756.6566 	EXP 	surround_grating: sf = array([2.5, 2.5])
756.6566 	EXP 	surround_grating: phase = array([0.32236189, 0.32236189])
756.6566 	EXP 	center_grating: ori = -1.0
756.6566 	EXP 	center_grating: sf = array([2.5, 2.5])
756.6566 	EXP 	center_grating: phase = array([0.4971077, 0.4971077])
757.1425 	EXP 	surround_grating: autoDraw = True
757.1425 	EXP 	center_grating: autoDraw = True
757.2150 	EXP 	surround_grating: autoDraw = False
757.2150 	EXP 	center_grating: autoDraw = False
757.8682 	EXP 	New trial (rep=0, index=443): <Trial 443 (443 in rep 0) data={'center': 8, 'surround': 15.0, 'type': 'c+8', 'surr_type': 'poss', 'surr_opacity': 100, 'thisN': 443, 'thisTrialN': 443, 'thisRepN': 0}>
757.8784 	INFO 	Keyboard events cleared
757.8779 	EXP 	surround_grating: autoDraw = False
757.8779 	EXP 	center_grating: autoDraw = False
757.8779 	EXP 	text_2: autoDraw = False
757.8779 	EXP 	surround_grating: ori = 15.0
757.8779 	EXP 	surround_grating: sf = array([2.5, 2.5])
757.8779 	EXP 	surround_grating: phase = array([0.29465225, 0.29465225])
757.8779 	EXP 	center_grating: ori = 8.0
757.8779 	EXP 	center_grating: sf = array([2.5, 2.5])
757.8779 	EXP 	center_grating: phase = array([0.5477009, 0.5477009])
758.3686 	EXP 	surround_grating: autoDraw = True
758.3686 	EXP 	center_grating: autoDraw = True
758.4432 	EXP 	surround_grating: autoDraw = False
758.4432 	EXP 	center_grating: autoDraw = False
759.2189 	EXP 	New trial (rep=0, index=444): <Trial 444 (444 in rep 0) data={'center': -4, 'surround': 0.0, 'type': 'c-4', 'surr_type': 'noss', 'surr_opacity': 0, 'thisN': 444, 'thisTrialN': 444, 'thisRepN': 0}>
759.2293 	INFO 	Keyboard events cleared
759.2288 	EXP 	surround_grating: autoDraw = False
759.2288 	EXP 	center_grating: autoDraw = False
759.2288 	EXP 	text_2: autoDraw = False
759.2288 	EXP 	surround_grating: ori = 0.0
759.2288 	EXP 	surround_grating: sf = array([2.5, 2.5])
759.2288 	EXP 	surround_grating: phase = array([0.94948415, 0.94948415])
759.2288 	EXP 	center_grating: ori = -4.0
759.2288 	EXP 	center_grating: sf = array([2.5, 2.5])
759.2288 	EXP 	center_grating: phase = array([0.12845192, 0.12845192])
759.7180 	EXP 	surround_grating: autoDraw = True
759.7180 	EXP 	center_grating: autoDraw = True
759.7932 	EXP 	surround_grating: autoDraw = False
759.7932 	EXP 	center_grating: autoDraw = False
761.0461 	EXP 	New trial (rep=0, index=445): <Trial 445 (445 in rep 0) data={'center': -6, 'surround': -15.0, 'type': 'c-6', 'surr_type': 'negs', 'surr_opacity': 100, 'thisN': 445, 'thisTrialN': 445, 'thisRepN': 0}>
761.0567 	INFO 	Keyboard events cleared
761.0562 	EXP 	surround_grating: autoDraw = False
761.0562 	EXP 	center_grating: autoDraw = False
761.0562 	EXP 	text_2: autoDraw = False
761.0562 	EXP 	surround_grating: ori = -15.0
761.0562 	EXP 	surround_grating: sf = array([2.5, 2.5])
761.0562 	EXP 	surround_grating: phase = array([0.09025817, 0.09025817])
761.0562 	EXP 	center_grating: ori = -6.0
761.0562 	EXP 	center_grating: sf = array([2.5, 2.5])
761.0562 	EXP 	center_grating: phase = array([0.50426768, 0.50426768])
761.5432 	EXP 	surround_grating: autoDraw = True
761.5432 	EXP 	center_grating: autoDraw = True
761.6150 	EXP 	surround_grating: autoDraw = False
761.6150 	EXP 	center_grating: autoDraw = False
762.0633 	EXP 	New trial (rep=0, index=446): <Trial 446 (446 in rep 0) data={'center': -2, 'surround': 0.0, 'type': 'c-2', 'surr_type': 'noss', 'surr_opacity': 0, 'thisN': 446, 'thisTrialN': 446, 'thisRepN': 0}>
762.0735 	INFO 	Keyboard events cleared
762.0731 	EXP 	surround_grating: autoDraw = False
762.0731 	EXP 	center_grating: autoDraw = False
762.0731 	EXP 	text_2: autoDraw = False
762.0731 	EXP 	surround_grating: ori = 0.0
762.0731 	EXP 	surround_grating: sf = array([2.5, 2.5])
762.0731 	EXP 	surround_grating: phase = array([0.40578378, 0.40578378])
762.0731 	EXP 	center_grating: ori = -2.0
762.0731 	EXP 	center_grating: sf = array([2.5, 2.5])
762.0731 	EXP 	center_grating: phase = array([0.07445121, 0.07445121])
762.5595 	EXP 	surround_grating: autoDraw = True
762.5595 	EXP 	center_grating: autoDraw = True
762.6318 	EXP 	surround_grating: autoDraw = False
762.6318 	EXP 	center_grating: autoDraw = False
763.2690 	EXP 	New trial (rep=0, index=447): <Trial 447 (447 in rep 0) data={'center': 6, 'surround': 15.0, 'type': 'c+6', 'surr_type': 'poss', 'surr_opacity': 100, 'thisN': 447, 'thisTrialN': 447, 'thisRepN': 0}>
763.2794 	INFO 	Keyboard events cleared
763.2789 	EXP 	surround_grating: autoDraw = False
763.2789 	EXP 	center_grating: autoDraw = False
763.2789 	EXP 	text_2: autoDraw = False
763.2789 	EXP 	surround_grating: ori = 15.0
763.2789 	EXP 	surround_grating: sf = array([2.5, 2.5])
763.2789 	EXP 	surround_grating: phase = array([0.66441982, 0.66441982])
763.2789 	EXP 	center_grating: ori = 6.0
763.2789 	EXP 	center_grating: sf = array([2.5, 2.5])
763.2789 	EXP 	center_grating: phase = array([0.31789376, 0.31789376])
763.7685 	EXP 	surround_grating: autoDraw = True
763.7685 	EXP 	center_grating: autoDraw = True
763.8433 	EXP 	surround_grating: autoDraw = False
763.8433 	EXP 	center_grating: autoDraw = False
764.4627 	EXP 	New trial (rep=0, index=448): <Trial 448 (448 in rep 0) data={'center': 6, 'surround': 15.0, 'type': 'c+6', 'surr_type': 'poss', 'surr_opacity': 100, 'thisN': 448, 'thisTrialN': 448, 'thisRepN': 0}>
764.4726 	INFO 	Keyboard events cleared
764.4721 	EXP 	surround_grating: autoDraw = False
764.4721 	EXP 	center_grating: autoDraw = False
764.4721 	EXP 	text_2: autoDraw = False
764.4721 	EXP 	surround_grating: ori = 15.0
764.4721 	EXP 	surround_grating: sf = array([2.5, 2.5])
764.4721 	EXP 	surround_grating: phase = array([0.63261569, 0.63261569])
764.4721 	EXP 	center_grating: ori = 6.0
764.4721 	EXP 	center_grating: sf = array([2.5, 2.5])
764.4721 	EXP 	center_grating: phase = array([0.78741739, 0.78741739])
764.9596 	EXP 	surround_grating: autoDraw = True
764.9596 	EXP 	center_grating: autoDraw = True
765.0330 	EXP 	surround_grating: autoDraw = False
765.0330 	EXP 	center_grating: autoDraw = False
765.5286 	EXP 	New trial (rep=0, index=449): <Trial 449 (449 in rep 0) data={'center': 4, 'surround': 15.0, 'type': 'c+4', 'surr_type': 'poss', 'surr_opacity': 100, 'thisN': 449, 'thisTrialN': 449, 'thisRepN': 0}>
765.5387 	INFO 	Keyboard events cleared
765.5382 	EXP 	surround_grating: autoDraw = False
765.5382 	EXP 	center_grating: autoDraw = False
765.5382 	EXP 	text_2: autoDraw = False
765.5382 	EXP 	surround_grating: ori = 15.0
765.5382 	EXP 	surround_grating: sf = array([2.5, 2.5])
765.5382 	EXP 	surround_grating: phase = array([0.82567516, 0.82567516])
765.5382 	EXP 	center_grating: ori = 4.0
765.5382 	EXP 	center_grating: sf = array([2.5, 2.5])
765.5382 	EXP 	center_grating: phase = array([0.68195087, 0.68195087])
766.0262 	EXP 	surround_grating: autoDraw = True
766.0262 	EXP 	center_grating: autoDraw = True
766.0985 	EXP 	surround_grating: autoDraw = False
766.0985 	EXP 	center_grating: autoDraw = False
766.5469 	EXP 	New trial (rep=0, index=450): <Trial 450 (450 in rep 0) data={'center': -4, 'surround': -15.0, 'type': 'c-4', 'surr_type': 'negs', 'surr_opacity': 100, 'thisN': 450, 'thisTrialN': 450, 'thisRepN': 0}>
766.5570 	INFO 	Keyboard events cleared
766.5566 	EXP 	surround_grating: autoDraw = False
766.5566 	EXP 	center_grating: autoDraw = False
766.5566 	EXP 	text_2: autoDraw = False
766.5566 	EXP 	surround_grating: ori = -15.0
766.5566 	EXP 	surround_grating: sf = array([2.5, 2.5])
766.5566 	EXP 	surround_grating: phase = array([0.0470163, 0.0470163])
766.5566 	EXP 	center_grating: ori = -4.0
766.5566 	EXP 	center_grating: sf = array([2.5, 2.5])
766.5566 	EXP 	center_grating: phase = array([0.2541759, 0.2541759])
767.0429 	EXP 	surround_grating: autoDraw = True
767.0429 	EXP 	center_grating: autoDraw = True
767.1151 	EXP 	surround_grating: autoDraw = False
767.1151 	EXP 	center_grating: autoDraw = False
767.7010 	EXP 	New trial (rep=0, index=451): <Trial 451 (451 in rep 0) data={'center': 4, 'surround': 15.0, 'type': 'c+4', 'surr_type': 'poss', 'surr_opacity': 100, 'thisN': 451, 'thisTrialN': 451, 'thisRepN': 0}>
767.7112 	INFO 	Keyboard events cleared
767.7105 	EXP 	surround_grating: autoDraw = False
767.7105 	EXP 	center_grating: autoDraw = False
767.7105 	EXP 	text_2: autoDraw = False
767.7105 	EXP 	surround_grating: ori = 15.0
767.7105 	EXP 	surround_grating: sf = array([2.5, 2.5])
767.7105 	EXP 	surround_grating: phase = array([0.51885566, 0.51885566])
767.7105 	EXP 	center_grating: ori = 4.0
767.7105 	EXP 	center_grating: sf = array([2.5, 2.5])
767.7105 	EXP 	center_grating: phase = array([0.93926516, 0.93926516])
768.2020 	EXP 	surround_grating: autoDraw = True
768.2020 	EXP 	center_grating: autoDraw = True
768.2767 	EXP 	surround_grating: autoDraw = False
768.2767 	EXP 	center_grating: autoDraw = False
768.7853 	EXP 	New trial (rep=0, index=452): <Trial 452 (452 in rep 0) data={'center': -2, 'surround': -15.0, 'type': 'c-2', 'surr_type': 'negs', 'surr_opacity': 100, 'thisN': 452, 'thisTrialN': 452, 'thisRepN': 0}>
768.7952 	INFO 	Keyboard events cleared
768.7948 	EXP 	surround_grating: autoDraw = False
768.7948 	EXP 	center_grating: autoDraw = False
768.7948 	EXP 	text_2: autoDraw = False
768.7948 	EXP 	surround_grating: ori = -15.0
768.7948 	EXP 	surround_grating: sf = array([2.5, 2.5])
768.7948 	EXP 	surround_grating: phase = array([0.80662699, 0.80662699])
768.7948 	EXP 	center_grating: ori = -2.0
768.7948 	EXP 	center_grating: sf = array([2.5, 2.5])
768.7948 	EXP 	center_grating: phase = array([0.34770129, 0.34770129])
769.2851 	EXP 	surround_grating: autoDraw = True
769.2851 	EXP 	center_grating: autoDraw = True
769.3602 	EXP 	surround_grating: autoDraw = False
769.3602 	EXP 	center_grating: autoDraw = False
769.9350 	EXP 	New trial (rep=0, index=453): <Trial 453 (453 in rep 0) data={'center': -8, 'surround': -15.0, 'type': 'c-8', 'surr_type': 'negs', 'surr_opacity': 100, 'thisN': 453, 'thisTrialN': 453, 'thisRepN': 0}>
769.9603 	INFO 	Keyboard events cleared
769.9598 	EXP 	surround_grating: autoDraw = False
769.9598 	EXP 	center_grating: autoDraw = False
769.9598 	EXP 	text_2: autoDraw = False
769.9598 	EXP 	surround_grating: ori = -15.0
769.9598 	EXP 	surround_grating: sf = array([2.5, 2.5])
769.9598 	EXP 	surround_grating: phase = array([0.38266125, 0.38266125])
769.9598 	EXP 	center_grating: ori = -8.0
769.9598 	EXP 	center_grating: sf = array([2.5, 2.5])
769.9598 	EXP 	center_grating: phase = array([0.91585608, 0.91585608])
770.4354 	EXP 	surround_grating: autoDraw = True
770.4354 	EXP 	center_grating: autoDraw = True
770.5102 	EXP 	surround_grating: autoDraw = False
770.5102 	EXP 	center_grating: autoDraw = False
770.8800 	EXP 	New trial (rep=0, index=454): <Trial 454 (454 in rep 0) data={'center': -2, 'surround': 0.0, 'type': 'c-2', 'surr_type': 'noss', 'surr_opacity': 0, 'thisN': 454, 'thisTrialN': 454, 'thisRepN': 0}>
770.8904 	INFO 	Keyboard events cleared
770.8900 	EXP 	surround_grating: autoDraw = False
770.8900 	EXP 	center_grating: autoDraw = False
770.8900 	EXP 	text_2: autoDraw = False
770.8900 	EXP 	surround_grating: ori = 0.0
770.8900 	EXP 	surround_grating: sf = array([2.5, 2.5])
770.8900 	EXP 	surround_grating: phase = array([0.78596072, 0.78596072])
770.8900 	EXP 	center_grating: ori = -2.0
770.8900 	EXP 	center_grating: sf = array([2.5, 2.5])
770.8900 	EXP 	center_grating: phase = array([0.93446436, 0.93446436])
771.3764 	EXP 	surround_grating: autoDraw = True
771.3764 	EXP 	center_grating: autoDraw = True
771.4491 	EXP 	surround_grating: autoDraw = False
771.4491 	EXP 	center_grating: autoDraw = False
771.7803 	EXP 	New trial (rep=0, index=455): <Trial 455 (455 in rep 0) data={'center': 2, 'surround': 15.0, 'type': 'c+2', 'surr_type': 'poss', 'surr_opacity': 100, 'thisN': 455, 'thisTrialN': 455, 'thisRepN': 0}>
771.7906 	INFO 	Keyboard events cleared
771.7902 	EXP 	surround_grating: autoDraw = False
771.7902 	EXP 	center_grating: autoDraw = False
771.7902 	EXP 	text_2: autoDraw = False
771.7902 	EXP 	surround_grating: ori = 15.0
771.7902 	EXP 	surround_grating: sf = array([2.5, 2.5])
771.7902 	EXP 	surround_grating: phase = array([0.85425521, 0.85425521])
771.7902 	EXP 	center_grating: ori = 2.0
771.7902 	EXP 	center_grating: sf = array([2.5, 2.5])
771.7902 	EXP 	center_grating: phase = array([0.57812974, 0.57812974])
772.2760 	EXP 	surround_grating: autoDraw = True
772.2760 	EXP 	center_grating: autoDraw = True
772.3496 	EXP 	surround_grating: autoDraw = False
772.3496 	EXP 	center_grating: autoDraw = False
772.8293 	EXP 	New trial (rep=0, index=456): <Trial 456 (456 in rep 0) data={'center': -2, 'surround': 15.0, 'type': 'c-2', 'surr_type': 'poss', 'surr_opacity': 100, 'thisN': 456, 'thisTrialN': 456, 'thisRepN': 0}>
772.8393 	INFO 	Keyboard events cleared
772.8388 	EXP 	surround_grating: autoDraw = False
772.8388 	EXP 	center_grating: autoDraw = False
772.8388 	EXP 	text_2: autoDraw = False
772.8388 	EXP 	surround_grating: ori = 15.0
772.8388 	EXP 	surround_grating: sf = array([2.5, 2.5])
772.8388 	EXP 	surround_grating: phase = array([0.73696127, 0.73696127])
772.8388 	EXP 	center_grating: ori = -2.0
772.8388 	EXP 	center_grating: sf = array([2.5, 2.5])
772.8388 	EXP 	center_grating: phase = array([0.5068534, 0.5068534])
773.3266 	EXP 	surround_grating: autoDraw = True
773.3266 	EXP 	center_grating: autoDraw = True
773.3994 	EXP 	surround_grating: autoDraw = False
773.3994 	EXP 	center_grating: autoDraw = False
774.0362 	EXP 	New trial (rep=0, index=457): <Trial 457 (457 in rep 0) data={'center': 0, 'surround': 15.0, 'type': 'c+0', 'surr_type': 'poss', 'surr_opacity': 100, 'thisN': 457, 'thisTrialN': 457, 'thisRepN': 0}>
774.0465 	INFO 	Keyboard events cleared
774.0460 	EXP 	surround_grating: autoDraw = False
774.0460 	EXP 	center_grating: autoDraw = False
774.0460 	EXP 	text_2: autoDraw = False
774.0460 	EXP 	surround_grating: ori = 15.0
774.0460 	EXP 	surround_grating: sf = array([2.5, 2.5])
774.0460 	EXP 	surround_grating: phase = array([0.49638857, 0.49638857])
774.0460 	EXP 	center_grating: ori = 0.0
774.0460 	EXP 	center_grating: sf = array([2.5, 2.5])
774.0460 	EXP 	center_grating: phase = array([0.66408385, 0.66408385])
774.5357 	EXP 	surround_grating: autoDraw = True
774.5357 	EXP 	center_grating: autoDraw = True
774.6101 	EXP 	surround_grating: autoDraw = False
774.6101 	EXP 	center_grating: autoDraw = False
775.0639 	EXP 	New trial (rep=0, index=458): <Trial 458 (458 in rep 0) data={'center': -4, 'surround': 0.0, 'type': 'c-4', 'surr_type': 'noss', 'surr_opacity': 0, 'thisN': 458, 'thisTrialN': 458, 'thisRepN': 0}>
775.0740 	INFO 	Keyboard events cleared
775.0736 	EXP 	surround_grating: autoDraw = False
775.0736 	EXP 	center_grating: autoDraw = False
775.0736 	EXP 	text_2: autoDraw = False
775.0736 	EXP 	surround_grating: ori = 0.0
775.0736 	EXP 	surround_grating: sf = array([2.5, 2.5])
775.0736 	EXP 	surround_grating: phase = array([0.1199116, 0.1199116])
775.0736 	EXP 	center_grating: ori = -4.0
775.0736 	EXP 	center_grating: sf = array([2.5, 2.5])
775.0736 	EXP 	center_grating: phase = array([0.51623569, 0.51623569])
775.5599 	EXP 	surround_grating: autoDraw = True
775.5599 	EXP 	center_grating: autoDraw = True
775.6328 	EXP 	surround_grating: autoDraw = False
775.6328 	EXP 	center_grating: autoDraw = False
775.9012 	EXP 	New trial (rep=0, index=459): <Trial 459 (459 in rep 0) data={'center': 4, 'surround': 15.0, 'type': 'c+4', 'surr_type': 'poss', 'surr_opacity': 100, 'thisN': 459, 'thisTrialN': 459, 'thisRepN': 0}>
775.9111 	INFO 	Keyboard events cleared
775.9106 	EXP 	surround_grating: autoDraw = False
775.9106 	EXP 	center_grating: autoDraw = False
775.9106 	EXP 	text_2: autoDraw = False
775.9106 	EXP 	surround_grating: ori = 15.0
775.9106 	EXP 	surround_grating: sf = array([2.5, 2.5])
775.9106 	EXP 	surround_grating: phase = array([0.13914504, 0.13914504])
775.9106 	EXP 	center_grating: ori = 4.0
775.9106 	EXP 	center_grating: sf = array([2.5, 2.5])
775.9106 	EXP 	center_grating: phase = array([0.48457701, 0.48457701])
776.4030 	EXP 	surround_grating: autoDraw = True
776.4030 	EXP 	center_grating: autoDraw = True
776.4771 	EXP 	surround_grating: autoDraw = False
776.4771 	EXP 	center_grating: autoDraw = False
776.8795 	EXP 	New trial (rep=0, index=460): <Trial 460 (460 in rep 0) data={'center': -2, 'surround': 0.0, 'type': 'c-2', 'surr_type': 'noss', 'surr_opacity': 0, 'thisN': 460, 'thisTrialN': 460, 'thisRepN': 0}>
776.8893 	INFO 	Keyboard events cleared
776.8888 	EXP 	surround_grating: autoDraw = False
776.8888 	EXP 	center_grating: autoDraw = False
776.8888 	EXP 	text_2: autoDraw = False
776.8888 	EXP 	surround_grating: ori = 0.0
776.8888 	EXP 	surround_grating: sf = array([2.5, 2.5])
776.8888 	EXP 	surround_grating: phase = array([0.63119688, 0.63119688])
776.8888 	EXP 	center_grating: ori = -2.0
776.8888 	EXP 	center_grating: sf = array([2.5, 2.5])
776.8888 	EXP 	center_grating: phase = array([0.80993313, 0.80993313])
777.3766 	EXP 	surround_grating: autoDraw = True
777.3766 	EXP 	center_grating: autoDraw = True
777.4491 	EXP 	surround_grating: autoDraw = False
777.4491 	EXP 	center_grating: autoDraw = False
777.7463 	EXP 	New trial (rep=0, index=461): <Trial 461 (461 in rep 0) data={'center': 2, 'surround': -15.0, 'type': 'c+2', 'surr_type': 'negs', 'surr_opacity': 100, 'thisN': 461, 'thisTrialN': 461, 'thisRepN': 0}>
777.7564 	INFO 	Keyboard events cleared
777.7560 	EXP 	surround_grating: autoDraw = False
777.7560 	EXP 	center_grating: autoDraw = False
777.7560 	EXP 	text_2: autoDraw = False
777.7560 	EXP 	surround_grating: ori = -15.0
777.7560 	EXP 	surround_grating: sf = array([2.5, 2.5])
777.7560 	EXP 	surround_grating: phase = array([0.98542013, 0.98542013])
777.7560 	EXP 	center_grating: ori = 2.0
777.7560 	EXP 	center_grating: sf = array([2.5, 2.5])
777.7560 	EXP 	center_grating: phase = array([0.83008535, 0.83008535])
778.2433 	EXP 	surround_grating: autoDraw = True
778.2433 	EXP 	center_grating: autoDraw = True
778.3152 	EXP 	surround_grating: autoDraw = False
778.3152 	EXP 	center_grating: autoDraw = False
778.9517 	EXP 	New trial (rep=0, index=462): <Trial 462 (462 in rep 0) data={'center': -2, 'surround': 0.0, 'type': 'c-2', 'surr_type': 'noss', 'surr_opacity': 0, 'thisN': 462, 'thisTrialN': 462, 'thisRepN': 0}>
778.9769 	INFO 	Keyboard events cleared
778.9765 	EXP 	surround_grating: autoDraw = False
778.9765 	EXP 	center_grating: autoDraw = False
778.9765 	EXP 	text_2: autoDraw = False
778.9765 	EXP 	surround_grating: ori = 0.0
778.9765 	EXP 	surround_grating: sf = array([2.5, 2.5])
778.9765 	EXP 	surround_grating: phase = array([0.90638992, 0.90638992])
778.9765 	EXP 	center_grating: ori = -2.0
778.9765 	EXP 	center_grating: sf = array([2.5, 2.5])
778.9765 	EXP 	center_grating: phase = array([0.0586239, 0.0586239])
779.4519 	EXP 	surround_grating: autoDraw = True
779.4519 	EXP 	center_grating: autoDraw = True
779.5270 	EXP 	surround_grating: autoDraw = False
779.5270 	EXP 	center_grating: autoDraw = False
781.6375 	EXP 	New trial (rep=0, index=463): <Trial 463 (463 in rep 0) data={'center': 1, 'surround': 0.0, 'type': 'c+1', 'surr_type': 'noss', 'surr_opacity': 0, 'thisN': 463, 'thisTrialN': 463, 'thisRepN': 0}>
781.6474 	INFO 	Keyboard events cleared
781.6469 	EXP 	surround_grating: autoDraw = False
781.6469 	EXP 	center_grating: autoDraw = False
781.6469 	EXP 	text_2: autoDraw = False
781.6469 	EXP 	surround_grating: ori = 0.0
781.6469 	EXP 	surround_grating: sf = array([2.5, 2.5])
781.6469 	EXP 	surround_grating: phase = array([0.87347123, 0.87347123])
781.6469 	EXP 	center_grating: ori = 1.0
781.6469 	EXP 	center_grating: sf = array([2.5, 2.5])
781.6469 	EXP 	center_grating: phase = array([0.52702999, 0.52702999])
782.1365 	EXP 	surround_grating: autoDraw = True
782.1365 	EXP 	center_grating: autoDraw = True
782.2107 	EXP 	surround_grating: autoDraw = False
782.2107 	EXP 	center_grating: autoDraw = False
782.7852 	EXP 	New trial (rep=0, index=464): <Trial 464 (464 in rep 0) data={'center': 0, 'surround': 15.0, 'type': 'c+0', 'surr_type': 'poss', 'surr_opacity': 100, 'thisN': 464, 'thisTrialN': 464, 'thisRepN': 0}>
782.7963 	INFO 	Keyboard events cleared
782.7959 	EXP 	surround_grating: autoDraw = False
782.7959 	EXP 	center_grating: autoDraw = False
782.7959 	EXP 	text_2: autoDraw = False
782.7959 	EXP 	surround_grating: ori = 15.0
782.7959 	EXP 	surround_grating: sf = array([2.5, 2.5])
782.7959 	EXP 	surround_grating: phase = array([0.54285383, 0.54285383])
782.7959 	EXP 	center_grating: ori = 0.0
782.7959 	EXP 	center_grating: sf = array([2.5, 2.5])
782.7959 	EXP 	center_grating: phase = array([0.68568658, 0.68568658])
783.2863 	EXP 	surround_grating: autoDraw = True
783.2863 	EXP 	center_grating: autoDraw = True
783.3607 	EXP 	surround_grating: autoDraw = False
783.3607 	EXP 	center_grating: autoDraw = False
785.3027 	EXP 	New trial (rep=0, index=465): <Trial 465 (465 in rep 0) data={'center': -4, 'surround': -15.0, 'type': 'c-4', 'surr_type': 'negs', 'surr_opacity': 100, 'thisN': 465, 'thisTrialN': 465, 'thisRepN': 0}>
785.3131 	INFO 	Keyboard events cleared
785.3127 	EXP 	surround_grating: autoDraw = False
785.3127 	EXP 	center_grating: autoDraw = False
785.3127 	EXP 	text_2: autoDraw = False
785.3127 	EXP 	surround_grating: ori = -15.0
785.3127 	EXP 	surround_grating: sf = array([2.5, 2.5])
785.3127 	EXP 	surround_grating: phase = array([0.9658583, 0.9658583])
785.3127 	EXP 	center_grating: ori = -4.0
785.3127 	EXP 	center_grating: sf = array([2.5, 2.5])
785.3127 	EXP 	center_grating: phase = array([0.69904143, 0.69904143])
785.8032 	EXP 	surround_grating: autoDraw = True
785.8032 	EXP 	center_grating: autoDraw = True
785.8774 	EXP 	surround_grating: autoDraw = False
785.8774 	EXP 	center_grating: autoDraw = False
786.8299 	EXP 	New trial (rep=0, index=466): <Trial 466 (466 in rep 0) data={'center': 2, 'surround': 15.0, 'type': 'c+2', 'surr_type': 'poss', 'surr_opacity': 100, 'thisN': 466, 'thisTrialN': 466, 'thisRepN': 0}>
786.8399 	INFO 	Keyboard events cleared
786.8393 	EXP 	surround_grating: autoDraw = False
786.8393 	EXP 	center_grating: autoDraw = False
786.8393 	EXP 	text_2: autoDraw = False
786.8393 	EXP 	surround_grating: ori = 15.0
786.8393 	EXP 	surround_grating: sf = array([2.5, 2.5])
786.8393 	EXP 	surround_grating: phase = array([0.92086189, 0.92086189])
786.8393 	EXP 	center_grating: ori = 2.0
786.8393 	EXP 	center_grating: sf = array([2.5, 2.5])
786.8393 	EXP 	center_grating: phase = array([0.06967296, 0.06967296])
787.3270 	EXP 	surround_grating: autoDraw = True
787.3270 	EXP 	center_grating: autoDraw = True
787.3990 	EXP 	surround_grating: autoDraw = False
787.3990 	EXP 	center_grating: autoDraw = False
788.1138 	EXP 	New trial (rep=0, index=467): <Trial 467 (467 in rep 0) data={'center': 1, 'surround': 0.0, 'type': 'c+1', 'surr_type': 'noss', 'surr_opacity': 0, 'thisN': 467, 'thisTrialN': 467, 'thisRepN': 0}>
788.1242 	INFO 	Keyboard events cleared
788.1236 	EXP 	surround_grating: autoDraw = False
788.1236 	EXP 	center_grating: autoDraw = False
788.1236 	EXP 	text_2: autoDraw = False
788.1236 	EXP 	surround_grating: ori = 0.0
788.1236 	EXP 	surround_grating: sf = array([2.5, 2.5])
788.1236 	EXP 	surround_grating: phase = array([0.41878867, 0.41878867])
788.1236 	EXP 	center_grating: ori = 1.0
788.1236 	EXP 	center_grating: sf = array([2.5, 2.5])
788.1236 	EXP 	center_grating: phase = array([0.43946002, 0.43946002])
788.6104 	EXP 	surround_grating: autoDraw = True
788.6104 	EXP 	center_grating: autoDraw = True
788.6825 	EXP 	surround_grating: autoDraw = False
788.6825 	EXP 	center_grating: autoDraw = False
789.1966 	EXP 	New trial (rep=0, index=468): <Trial 468 (468 in rep 0) data={'center': 8, 'surround': 15.0, 'type': 'c+8', 'surr_type': 'poss', 'surr_opacity': 100, 'thisN': 468, 'thisTrialN': 468, 'thisRepN': 0}>
789.2066 	INFO 	Keyboard events cleared
789.2061 	EXP 	surround_grating: autoDraw = False
789.2061 	EXP 	center_grating: autoDraw = False
789.2061 	EXP 	text_2: autoDraw = False
789.2061 	EXP 	surround_grating: ori = 15.0
789.2061 	EXP 	surround_grating: sf = array([2.5, 2.5])
789.2061 	EXP 	surround_grating: phase = array([0.88736348, 0.88736348])
789.2061 	EXP 	center_grating: ori = 8.0
789.2061 	EXP 	center_grating: sf = array([2.5, 2.5])
789.2061 	EXP 	center_grating: phase = array([0.61171137, 0.61171137])
789.6937 	EXP 	surround_grating: autoDraw = True
789.6937 	EXP 	center_grating: autoDraw = True
789.7662 	EXP 	surround_grating: autoDraw = False
789.7662 	EXP 	center_grating: autoDraw = False
790.2017 	EXP 	New trial (rep=0, index=469): <Trial 469 (469 in rep 0) data={'center': 4, 'surround': 15.0, 'type': 'c+4', 'surr_type': 'poss', 'surr_opacity': 100, 'thisN': 469, 'thisTrialN': 469, 'thisRepN': 0}>
790.2117 	INFO 	Keyboard events cleared
790.2112 	EXP 	surround_grating: autoDraw = False
790.2112 	EXP 	center_grating: autoDraw = False
790.2112 	EXP 	text_2: autoDraw = False
790.2112 	EXP 	surround_grating: ori = 15.0
790.2112 	EXP 	surround_grating: sf = array([2.5, 2.5])
790.2112 	EXP 	surround_grating: phase = array([0.93938766, 0.93938766])
790.2112 	EXP 	center_grating: ori = 4.0
790.2112 	EXP 	center_grating: sf = array([2.5, 2.5])
790.2112 	EXP 	center_grating: phase = array([0.04570186, 0.04570186])
790.7029 	EXP 	surround_grating: autoDraw = True
790.7029 	EXP 	center_grating: autoDraw = True
790.7777 	EXP 	surround_grating: autoDraw = False
790.7777 	EXP 	center_grating: autoDraw = False
791.1645 	EXP 	New trial (rep=0, index=470): <Trial 470 (470 in rep 0) data={'center': 4, 'surround': 0.0, 'type': 'c+4', 'surr_type': 'noss', 'surr_opacity': 0, 'thisN': 470, 'thisTrialN': 470, 'thisRepN': 0}>
791.1748 	INFO 	Keyboard events cleared
791.1744 	EXP 	surround_grating: autoDraw = False
791.1744 	EXP 	center_grating: autoDraw = False
791.1744 	EXP 	text_2: autoDraw = False
791.1744 	EXP 	surround_grating: ori = 0.0
791.1744 	EXP 	surround_grating: sf = array([2.5, 2.5])
791.1744 	EXP 	surround_grating: phase = array([0.30744178, 0.30744178])
791.1744 	EXP 	center_grating: ori = 4.0
791.1744 	EXP 	center_grating: sf = array([2.5, 2.5])
791.1744 	EXP 	center_grating: phase = array([0.23822725, 0.23822725])
791.6605 	EXP 	surround_grating: autoDraw = True
791.6605 	EXP 	center_grating: autoDraw = True
791.7333 	EXP 	surround_grating: autoDraw = False
791.7333 	EXP 	center_grating: autoDraw = False
792.0473 	EXP 	New trial (rep=0, index=471): <Trial 471 (471 in rep 0) data={'center': -4, 'surround': -15.0, 'type': 'c-4', 'surr_type': 'negs', 'surr_opacity': 100, 'thisN': 471, 'thisTrialN': 471, 'thisRepN': 0}>
792.0581 	INFO 	Keyboard events cleared
792.0577 	EXP 	surround_grating: autoDraw = False
792.0577 	EXP 	center_grating: autoDraw = False
792.0577 	EXP 	text_2: autoDraw = False
792.0577 	EXP 	surround_grating: ori = -15.0
792.0577 	EXP 	surround_grating: sf = array([2.5, 2.5])
792.0577 	EXP 	surround_grating: phase = array([0.26161311, 0.26161311])
792.0577 	EXP 	center_grating: ori = -4.0
792.0577 	EXP 	center_grating: sf = array([2.5, 2.5])
792.0577 	EXP 	center_grating: phase = array([0.35532446, 0.35532446])
792.5438 	EXP 	surround_grating: autoDraw = True
792.5438 	EXP 	center_grating: autoDraw = True
792.6158 	EXP 	surround_grating: autoDraw = False
792.6158 	EXP 	center_grating: autoDraw = False
793.1854 	EXP 	New trial (rep=0, index=472): <Trial 472 (472 in rep 0) data={'center': -8, 'surround': -15.0, 'type': 'c-8', 'surr_type': 'negs', 'surr_opacity': 100, 'thisN': 472, 'thisTrialN': 472, 'thisRepN': 0}>
793.2112 	INFO 	Keyboard events cleared
793.2107 	EXP 	surround_grating: autoDraw = False
793.2107 	EXP 	center_grating: autoDraw = False
793.2107 	EXP 	text_2: autoDraw = False
793.2107 	EXP 	surround_grating: ori = -15.0
793.2107 	EXP 	surround_grating: sf = array([2.5, 2.5])
793.2107 	EXP 	surround_grating: phase = array([0.46358485, 0.46358485])
793.2107 	EXP 	center_grating: ori = -8.0
793.2107 	EXP 	center_grating: sf = array([2.5, 2.5])
793.2107 	EXP 	center_grating: phase = array([0.95711419, 0.95711419])
793.6861 	EXP 	surround_grating: autoDraw = True
793.6861 	EXP 	center_grating: autoDraw = True
793.7610 	EXP 	surround_grating: autoDraw = False
793.7610 	EXP 	center_grating: autoDraw = False
794.5647 	EXP 	New trial (rep=0, index=473): <Trial 473 (473 in rep 0) data={'center': 8, 'surround': 15.0, 'type': 'c+8', 'surr_type': 'poss', 'surr_opacity': 100, 'thisN': 473, 'thisTrialN': 473, 'thisRepN': 0}>
794.5751 	INFO 	Keyboard events cleared
794.5748 	EXP 	surround_grating: autoDraw = False
794.5748 	EXP 	center_grating: autoDraw = False
794.5748 	EXP 	text_2: autoDraw = False
794.5748 	EXP 	surround_grating: ori = 15.0
794.5748 	EXP 	surround_grating: sf = array([2.5, 2.5])
794.5748 	EXP 	surround_grating: phase = array([0.79942692, 0.79942692])
794.5748 	EXP 	center_grating: ori = 8.0
794.5748 	EXP 	center_grating: sf = array([2.5, 2.5])
794.5748 	EXP 	center_grating: phase = array([0.61281262, 0.61281262])
795.0605 	EXP 	surround_grating: autoDraw = True
795.0605 	EXP 	center_grating: autoDraw = True
795.1331 	EXP 	surround_grating: autoDraw = False
795.1331 	EXP 	center_grating: autoDraw = False
795.6975 	EXP 	New trial (rep=0, index=474): <Trial 474 (474 in rep 0) data={'center': 0, 'surround': -15.0, 'type': 'c+0', 'surr_type': 'negs', 'surr_opacity': 100, 'thisN': 474, 'thisTrialN': 474, 'thisRepN': 0}>
795.7078 	INFO 	Keyboard events cleared
795.7074 	EXP 	surround_grating: autoDraw = False
795.7074 	EXP 	center_grating: autoDraw = False
795.7074 	EXP 	text_2: autoDraw = False
795.7074 	EXP 	surround_grating: ori = -15.0
795.7074 	EXP 	surround_grating: sf = array([2.5, 2.5])
795.7074 	EXP 	surround_grating: phase = array([0.11069565, 0.11069565])
795.7074 	EXP 	center_grating: ori = 0.0
795.7074 	EXP 	center_grating: sf = array([2.5, 2.5])
795.7074 	EXP 	center_grating: phase = array([0.13023301, 0.13023301])
796.1939 	EXP 	surround_grating: autoDraw = True
796.1939 	EXP 	center_grating: autoDraw = True
796.2669 	EXP 	surround_grating: autoDraw = False
796.2669 	EXP 	center_grating: autoDraw = False
796.7642 	EXP 	New trial (rep=0, index=475): <Trial 475 (475 in rep 0) data={'center': -4, 'surround': 0.0, 'type': 'c-4', 'surr_type': 'noss', 'surr_opacity': 0, 'thisN': 475, 'thisTrialN': 475, 'thisRepN': 0}>
796.7745 	INFO 	Keyboard events cleared
796.7740 	EXP 	surround_grating: autoDraw = False
796.7740 	EXP 	center_grating: autoDraw = False
796.7740 	EXP 	text_2: autoDraw = False
796.7740 	EXP 	surround_grating: ori = 0.0
796.7740 	EXP 	surround_grating: sf = array([2.5, 2.5])
796.7740 	EXP 	surround_grating: phase = array([0.727563, 0.727563])
796.7740 	EXP 	center_grating: ori = -4.0
796.7740 	EXP 	center_grating: sf = array([2.5, 2.5])
796.7740 	EXP 	center_grating: phase = array([0.42764598, 0.42764598])
797.2606 	EXP 	surround_grating: autoDraw = True
797.2606 	EXP 	center_grating: autoDraw = True
797.3326 	EXP 	surround_grating: autoDraw = False
797.3326 	EXP 	center_grating: autoDraw = False
797.8516 	EXP 	New trial (rep=0, index=476): <Trial 476 (476 in rep 0) data={'center': 0, 'surround': -15.0, 'type': 'c+0', 'surr_type': 'negs', 'surr_opacity': 100, 'thisN': 476, 'thisTrialN': 476, 'thisRepN': 0}>
797.8614 	INFO 	Keyboard events cleared
797.8609 	EXP 	surround_grating: autoDraw = False
797.8609 	EXP 	center_grating: autoDraw = False
797.8609 	EXP 	text_2: autoDraw = False
797.8609 	EXP 	surround_grating: ori = -15.0
797.8609 	EXP 	surround_grating: sf = array([2.5, 2.5])
797.8609 	EXP 	surround_grating: phase = array([0.38988637, 0.38988637])
797.8609 	EXP 	center_grating: ori = 0.0
797.8609 	EXP 	center_grating: sf = array([2.5, 2.5])
797.8609 	EXP 	center_grating: phase = array([0.34497963, 0.34497963])
798.3537 	EXP 	surround_grating: autoDraw = True
798.3537 	EXP 	center_grating: autoDraw = True
798.4279 	EXP 	surround_grating: autoDraw = False
798.4279 	EXP 	center_grating: autoDraw = False
798.9973 	EXP 	New trial (rep=0, index=477): <Trial 477 (477 in rep 0) data={'center': 8, 'surround': 15.0, 'type': 'c+8', 'surr_type': 'poss', 'surr_opacity': 100, 'thisN': 477, 'thisTrialN': 477, 'thisRepN': 0}>
799.0070 	INFO 	Keyboard events cleared
799.0065 	EXP 	surround_grating: autoDraw = False
799.0065 	EXP 	center_grating: autoDraw = False
799.0065 	EXP 	text_2: autoDraw = False
799.0065 	EXP 	surround_grating: ori = 15.0
799.0065 	EXP 	surround_grating: sf = array([2.5, 2.5])
799.0065 	EXP 	surround_grating: phase = array([0.27612355, 0.27612355])
799.0065 	EXP 	center_grating: ori = 8.0
799.0065 	EXP 	center_grating: sf = array([2.5, 2.5])
799.0065 	EXP 	center_grating: phase = array([0.79896086, 0.79896086])
799.4940 	EXP 	surround_grating: autoDraw = True
799.4940 	EXP 	center_grating: autoDraw = True
799.5665 	EXP 	surround_grating: autoDraw = False
799.5665 	EXP 	center_grating: autoDraw = False
799.9977 	EXP 	New trial (rep=0, index=478): <Trial 478 (478 in rep 0) data={'center': 6, 'surround': 15.0, 'type': 'c+6', 'surr_type': 'poss', 'surr_opacity': 100, 'thisN': 478, 'thisTrialN': 478, 'thisRepN': 0}>
800.0083 	INFO 	Keyboard events cleared
800.0079 	EXP 	surround_grating: autoDraw = False
800.0079 	EXP 	center_grating: autoDraw = False
800.0079 	EXP 	text_2: autoDraw = False
800.0079 	EXP 	surround_grating: ori = 15.0
800.0079 	EXP 	surround_grating: sf = array([2.5, 2.5])
800.0079 	EXP 	surround_grating: phase = array([0.87325703, 0.87325703])
800.0079 	EXP 	center_grating: ori = 6.0
800.0079 	EXP 	center_grating: sf = array([2.5, 2.5])
800.0079 	EXP 	center_grating: phase = array([0.83407105, 0.83407105])
800.4942 	EXP 	surround_grating: autoDraw = True
800.4942 	EXP 	center_grating: autoDraw = True
800.5671 	EXP 	surround_grating: autoDraw = False
800.5671 	EXP 	center_grating: autoDraw = False
801.0039 	EXP 	New trial (rep=0, index=479): <Trial 479 (479 in rep 0) data={'center': -4, 'surround': -15.0, 'type': 'c-4', 'surr_type': 'negs', 'surr_opacity': 100, 'thisN': 479, 'thisTrialN': 479, 'thisRepN': 0}>
801.0143 	INFO 	Keyboard events cleared
801.0137 	EXP 	surround_grating: autoDraw = False
801.0137 	EXP 	center_grating: autoDraw = False
801.0137 	EXP 	text_2: autoDraw = False
801.0137 	EXP 	surround_grating: ori = -15.0
801.0137 	EXP 	surround_grating: sf = array([2.5, 2.5])
801.0137 	EXP 	surround_grating: phase = array([0.42036242, 0.42036242])
801.0137 	EXP 	center_grating: ori = -4.0
801.0137 	EXP 	center_grating: sf = array([2.5, 2.5])
801.0137 	EXP 	center_grating: phase = array([0.29544057, 0.29544057])
801.5032 	EXP 	surround_grating: autoDraw = True
801.5032 	EXP 	center_grating: autoDraw = True
801.5779 	EXP 	surround_grating: autoDraw = False
801.5779 	EXP 	center_grating: autoDraw = False
801.9982 	EXP 	New trial (rep=0, index=480): <Trial 480 (480 in rep 0) data={'center': -6, 'surround': -15.0, 'type': 'c-6', 'surr_type': 'negs', 'surr_opacity': 100, 'thisN': 480, 'thisTrialN': 480, 'thisRepN': 0}>
802.0087 	INFO 	Keyboard events cleared
802.0082 	EXP 	surround_grating: autoDraw = False
802.0082 	EXP 	center_grating: autoDraw = False
802.0082 	EXP 	text_2: autoDraw = False
802.0082 	EXP 	surround_grating: ori = -15.0
802.0082 	EXP 	surround_grating: sf = array([2.5, 2.5])
802.0082 	EXP 	surround_grating: phase = array([0.13153667, 0.13153667])
802.0082 	EXP 	center_grating: ori = -6.0
802.0082 	EXP 	center_grating: sf = array([2.5, 2.5])
802.0082 	EXP 	center_grating: phase = array([0.38159756, 0.38159756])
802.4943 	EXP 	surround_grating: autoDraw = True
802.4943 	EXP 	center_grating: autoDraw = True
802.5663 	EXP 	surround_grating: autoDraw = False
802.5663 	EXP 	center_grating: autoDraw = False
803.1304 	EXP 	New trial (rep=0, index=481): <Trial 481 (481 in rep 0) data={'center': -6, 'surround': -15.0, 'type': 'c-6', 'surr_type': 'negs', 'surr_opacity': 100, 'thisN': 481, 'thisTrialN': 481, 'thisRepN': 0}>
803.1400 	INFO 	Keyboard events cleared
803.1395 	EXP 	surround_grating: autoDraw = False
803.1395 	EXP 	center_grating: autoDraw = False
803.1395 	EXP 	text_2: autoDraw = False
803.1395 	EXP 	surround_grating: ori = -15.0
803.1395 	EXP 	surround_grating: sf = array([2.5, 2.5])
803.1395 	EXP 	surround_grating: phase = array([0.25676274, 0.25676274])
803.1395 	EXP 	center_grating: ori = -6.0
803.1395 	EXP 	center_grating: sf = array([2.5, 2.5])
803.1395 	EXP 	center_grating: phase = array([0.56991691, 0.56991691])
803.6275 	EXP 	surround_grating: autoDraw = True
803.6275 	EXP 	center_grating: autoDraw = True
803.6997 	EXP 	surround_grating: autoDraw = False
803.6997 	EXP 	center_grating: autoDraw = False
804.2230 	EXP 	New trial (rep=0, index=482): <Trial 482 (482 in rep 0) data={'center': -6, 'surround': -15.0, 'type': 'c-6', 'surr_type': 'negs', 'surr_opacity': 100, 'thisN': 482, 'thisTrialN': 482, 'thisRepN': 0}>
804.2308 	INFO 	Keyboard events cleared
804.2304 	EXP 	surround_grating: autoDraw = False
804.2304 	EXP 	center_grating: autoDraw = False
804.2304 	EXP 	text_2: autoDraw = False
804.2304 	EXP 	surround_grating: ori = -15.0
804.2304 	EXP 	surround_grating: sf = array([2.5, 2.5])
804.2304 	EXP 	surround_grating: phase = array([0.04220516, 0.04220516])
804.2304 	EXP 	center_grating: ori = -6.0
804.2304 	EXP 	center_grating: sf = array([2.5, 2.5])
804.2304 	EXP 	center_grating: phase = array([0.2833017, 0.2833017])
804.7207 	EXP 	surround_grating: autoDraw = True
804.7207 	EXP 	center_grating: autoDraw = True
804.7950 	EXP 	surround_grating: autoDraw = False
804.7950 	EXP 	center_grating: autoDraw = False
805.2028 	EXP 	New trial (rep=0, index=483): <Trial 483 (483 in rep 0) data={'center': -2, 'surround': -15.0, 'type': 'c-2', 'surr_type': 'negs', 'surr_opacity': 100, 'thisN': 483, 'thisTrialN': 483, 'thisRepN': 0}>
805.2284 	INFO 	Keyboard events cleared
805.2278 	EXP 	surround_grating: autoDraw = False
805.2278 	EXP 	center_grating: autoDraw = False
805.2278 	EXP 	text_2: autoDraw = False
805.2278 	EXP 	surround_grating: ori = -15.0
805.2278 	EXP 	surround_grating: sf = array([2.5, 2.5])
805.2278 	EXP 	surround_grating: phase = array([0.26532528, 0.26532528])
805.2278 	EXP 	center_grating: ori = -2.0
805.2278 	EXP 	center_grating: sf = array([2.5, 2.5])
805.2278 	EXP 	center_grating: phase = array([0.11495906, 0.11495906])
805.7041 	EXP 	surround_grating: autoDraw = True
805.7041 	EXP 	center_grating: autoDraw = True
805.7781 	EXP 	surround_grating: autoDraw = False
805.7781 	EXP 	center_grating: autoDraw = False
806.0897 	EXP 	New trial (rep=0, index=484): <Trial 484 (484 in rep 0) data={'center': -2, 'surround': 0.0, 'type': 'c-2', 'surr_type': 'noss', 'surr_opacity': 0, 'thisN': 484, 'thisTrialN': 484, 'thisRepN': 0}>
806.0973 	INFO 	Keyboard events cleared
806.0969 	EXP 	surround_grating: autoDraw = False
806.0969 	EXP 	center_grating: autoDraw = False
806.0969 	EXP 	text_2: autoDraw = False
806.0969 	EXP 	surround_grating: ori = 0.0
806.0969 	EXP 	surround_grating: sf = array([2.5, 2.5])
806.0969 	EXP 	surround_grating: phase = array([0.21158638, 0.21158638])
806.0969 	EXP 	center_grating: ori = -2.0
806.0969 	EXP 	center_grating: sf = array([2.5, 2.5])
806.0969 	EXP 	center_grating: phase = array([0.20561027, 0.20561027])
806.5862 	EXP 	surround_grating: autoDraw = True
806.5862 	EXP 	center_grating: autoDraw = True
806.6617 	EXP 	surround_grating: autoDraw = False
806.6617 	EXP 	center_grating: autoDraw = False
807.2141 	EXP 	New trial (rep=0, index=485): <Trial 485 (485 in rep 0) data={'center': 2, 'surround': 15.0, 'type': 'c+2', 'surr_type': 'poss', 'surr_opacity': 100, 'thisN': 485, 'thisTrialN': 485, 'thisRepN': 0}>
807.2240 	INFO 	Keyboard events cleared
807.2236 	EXP 	surround_grating: autoDraw = False
807.2236 	EXP 	center_grating: autoDraw = False
807.2236 	EXP 	text_2: autoDraw = False
807.2236 	EXP 	surround_grating: ori = 15.0
807.2236 	EXP 	surround_grating: sf = array([2.5, 2.5])
807.2236 	EXP 	surround_grating: phase = array([0.66385982, 0.66385982])
807.2236 	EXP 	center_grating: ori = 2.0
807.2236 	EXP 	center_grating: sf = array([2.5, 2.5])
807.2236 	EXP 	center_grating: phase = array([0.10684594, 0.10684594])
807.7112 	EXP 	surround_grating: autoDraw = True
807.7112 	EXP 	center_grating: autoDraw = True
807.7830 	EXP 	surround_grating: autoDraw = False
807.7830 	EXP 	center_grating: autoDraw = False
808.3977 	EXP 	New trial (rep=0, index=486): <Trial 486 (486 in rep 0) data={'center': -8, 'surround': -15.0, 'type': 'c-8', 'surr_type': 'negs', 'surr_opacity': 100, 'thisN': 486, 'thisTrialN': 486, 'thisRepN': 0}>
808.4090 	INFO 	Keyboard events cleared
808.4084 	EXP 	surround_grating: autoDraw = False
808.4084 	EXP 	center_grating: autoDraw = False
808.4084 	EXP 	text_2: autoDraw = False
808.4084 	EXP 	surround_grating: ori = -15.0
808.4084 	EXP 	surround_grating: sf = array([2.5, 2.5])
808.4084 	EXP 	surround_grating: phase = array([0.99178835, 0.99178835])
808.4084 	EXP 	center_grating: ori = -8.0
808.4084 	EXP 	center_grating: sf = array([2.5, 2.5])
808.4084 	EXP 	center_grating: phase = array([0.44668918, 0.44668918])
808.8944 	EXP 	surround_grating: autoDraw = True
808.8944 	EXP 	center_grating: autoDraw = True
808.9663 	EXP 	surround_grating: autoDraw = False
808.9663 	EXP 	center_grating: autoDraw = False
809.3294 	EXP 	New trial (rep=0, index=487): <Trial 487 (487 in rep 0) data={'center': 2, 'surround': 15.0, 'type': 'c+2', 'surr_type': 'poss', 'surr_opacity': 100, 'thisN': 487, 'thisTrialN': 487, 'thisRepN': 0}>
809.3373 	INFO 	Keyboard events cleared
809.3368 	EXP 	surround_grating: autoDraw = False
809.3368 	EXP 	center_grating: autoDraw = False
809.3368 	EXP 	text_2: autoDraw = False
809.3368 	EXP 	surround_grating: ori = 15.0
809.3368 	EXP 	surround_grating: sf = array([2.5, 2.5])
809.3368 	EXP 	surround_grating: phase = array([0.75848147, 0.75848147])
809.3368 	EXP 	center_grating: ori = 2.0
809.3368 	EXP 	center_grating: sf = array([2.5, 2.5])
809.3368 	EXP 	center_grating: phase = array([0.2942889, 0.2942889])
809.8279 	EXP 	surround_grating: autoDraw = True
809.8279 	EXP 	center_grating: autoDraw = True
809.9003 	EXP 	surround_grating: autoDraw = False
809.9003 	EXP 	center_grating: autoDraw = False
810.1819 	EXP 	New trial (rep=0, index=488): <Trial 488 (488 in rep 0) data={'center': 8, 'surround': 15.0, 'type': 'c+8', 'surr_type': 'poss', 'surr_opacity': 100, 'thisN': 488, 'thisTrialN': 488, 'thisRepN': 0}>
810.1924 	INFO 	Keyboard events cleared
810.1919 	EXP 	surround_grating: autoDraw = False
810.1919 	EXP 	center_grating: autoDraw = False
810.1919 	EXP 	text_2: autoDraw = False
810.1919 	EXP 	surround_grating: ori = 15.0
810.1919 	EXP 	surround_grating: sf = array([2.5, 2.5])
810.1919 	EXP 	surround_grating: phase = array([0.85493242, 0.85493242])
810.1919 	EXP 	center_grating: ori = 8.0
810.1919 	EXP 	center_grating: sf = array([2.5, 2.5])
810.1919 	EXP 	center_grating: phase = array([0.4481667, 0.4481667])
810.6778 	EXP 	surround_grating: autoDraw = True
810.6778 	EXP 	center_grating: autoDraw = True
810.7500 	EXP 	surround_grating: autoDraw = False
810.7500 	EXP 	center_grating: autoDraw = False
811.6812 	EXP 	New trial (rep=0, index=489): <Trial 489 (489 in rep 0) data={'center': -4, 'surround': 0.0, 'type': 'c-4', 'surr_type': 'noss', 'surr_opacity': 0, 'thisN': 489, 'thisTrialN': 489, 'thisRepN': 0}>
811.6915 	INFO 	Keyboard events cleared
811.6909 	EXP 	surround_grating: autoDraw = False
811.6909 	EXP 	center_grating: autoDraw = False
811.6909 	EXP 	text_2: autoDraw = False
811.6909 	EXP 	surround_grating: ori = 0.0
811.6909 	EXP 	surround_grating: sf = array([2.5, 2.5])
811.6909 	EXP 	surround_grating: phase = array([0.08105927, 0.08105927])
811.6909 	EXP 	center_grating: ori = -4.0
811.6909 	EXP 	center_grating: sf = array([2.5, 2.5])
811.6909 	EXP 	center_grating: phase = array([0.04152682, 0.04152682])
812.1779 	EXP 	surround_grating: autoDraw = True
812.1779 	EXP 	center_grating: autoDraw = True
812.2497 	EXP 	surround_grating: autoDraw = False
812.2497 	EXP 	center_grating: autoDraw = False
812.8209 	EXP 	New trial (rep=0, index=490): <Trial 490 (490 in rep 0) data={'center': 2, 'surround': 0.0, 'type': 'c+2', 'surr_type': 'noss', 'surr_opacity': 0, 'thisN': 490, 'thisTrialN': 490, 'thisRepN': 0}>
812.8311 	INFO 	Keyboard events cleared
812.8307 	EXP 	surround_grating: autoDraw = False
812.8307 	EXP 	center_grating: autoDraw = False
812.8307 	EXP 	text_2: autoDraw = False
812.8307 	EXP 	surround_grating: ori = 0.0
812.8307 	EXP 	surround_grating: sf = array([2.5, 2.5])
812.8307 	EXP 	surround_grating: phase = array([0.84187524, 0.84187524])
812.8307 	EXP 	center_grating: ori = 2.0
812.8307 	EXP 	center_grating: sf = array([2.5, 2.5])
812.8307 	EXP 	center_grating: phase = array([0.82765681, 0.82765681])
813.3208 	EXP 	surround_grating: autoDraw = True
813.3208 	EXP 	center_grating: autoDraw = True
813.3951 	EXP 	surround_grating: autoDraw = False
813.3951 	EXP 	center_grating: autoDraw = False
813.7811 	EXP 	New trial (rep=0, index=491): <Trial 491 (491 in rep 0) data={'center': 1, 'surround': 0.0, 'type': 'c+1', 'surr_type': 'noss', 'surr_opacity': 0, 'thisN': 491, 'thisTrialN': 491, 'thisRepN': 0}>
813.7915 	INFO 	Keyboard events cleared
813.7909 	EXP 	surround_grating: autoDraw = False
813.7909 	EXP 	center_grating: autoDraw = False
813.7909 	EXP 	text_2: autoDraw = False
813.7909 	EXP 	surround_grating: ori = 0.0
813.7909 	EXP 	surround_grating: sf = array([2.5, 2.5])
813.7909 	EXP 	surround_grating: phase = array([0.5355293, 0.5355293])
813.7909 	EXP 	center_grating: ori = 1.0
813.7909 	EXP 	center_grating: sf = array([2.5, 2.5])
813.7909 	EXP 	center_grating: phase = array([0.21374508, 0.21374508])
814.2779 	EXP 	surround_grating: autoDraw = True
814.2779 	EXP 	center_grating: autoDraw = True
814.3498 	EXP 	surround_grating: autoDraw = False
814.3498 	EXP 	center_grating: autoDraw = False
814.7198 	EXP 	New trial (rep=0, index=492): <Trial 492 (492 in rep 0) data={'center': -2, 'surround': -15.0, 'type': 'c-2', 'surr_type': 'negs', 'surr_opacity': 100, 'thisN': 492, 'thisTrialN': 492, 'thisRepN': 0}>
814.7302 	INFO 	Keyboard events cleared
814.7297 	EXP 	surround_grating: autoDraw = False
814.7297 	EXP 	center_grating: autoDraw = False
814.7297 	EXP 	text_2: autoDraw = False
814.7297 	EXP 	surround_grating: ori = -15.0
814.7297 	EXP 	surround_grating: sf = array([2.5, 2.5])
814.7297 	EXP 	surround_grating: phase = array([0.91852124, 0.91852124])
814.7297 	EXP 	center_grating: ori = -2.0
814.7297 	EXP 	center_grating: sf = array([2.5, 2.5])
814.7297 	EXP 	center_grating: phase = array([0.27481338, 0.27481338])
815.2201 	EXP 	surround_grating: autoDraw = True
815.2201 	EXP 	center_grating: autoDraw = True
815.2952 	EXP 	surround_grating: autoDraw = False
815.2952 	EXP 	center_grating: autoDraw = False
815.9646 	EXP 	New trial (rep=0, index=493): <Trial 493 (493 in rep 0) data={'center': -4, 'surround': 0.0, 'type': 'c-4', 'surr_type': 'noss', 'surr_opacity': 0, 'thisN': 493, 'thisTrialN': 493, 'thisRepN': 0}>
815.9748 	INFO 	Keyboard events cleared
815.9742 	EXP 	surround_grating: autoDraw = False
815.9742 	EXP 	center_grating: autoDraw = False
815.9742 	EXP 	text_2: autoDraw = False
815.9742 	EXP 	surround_grating: ori = 0.0
815.9742 	EXP 	surround_grating: sf = array([2.5, 2.5])
815.9742 	EXP 	surround_grating: phase = array([0.20911661, 0.20911661])
815.9742 	EXP 	center_grating: ori = -4.0
815.9742 	EXP 	center_grating: sf = array([2.5, 2.5])
815.9742 	EXP 	center_grating: phase = array([0.76523555, 0.76523555])
816.4614 	EXP 	surround_grating: autoDraw = True
816.4614 	EXP 	center_grating: autoDraw = True
816.5331 	EXP 	surround_grating: autoDraw = False
816.5331 	EXP 	center_grating: autoDraw = False
816.9490 	EXP 	New trial (rep=0, index=494): <Trial 494 (494 in rep 0) data={'center': 0, 'surround': 15.0, 'type': 'c+0', 'surr_type': 'poss', 'surr_opacity': 100, 'thisN': 494, 'thisTrialN': 494, 'thisRepN': 0}>
816.9595 	INFO 	Keyboard events cleared
816.9590 	EXP 	surround_grating: autoDraw = False
816.9590 	EXP 	center_grating: autoDraw = False
816.9590 	EXP 	text_2: autoDraw = False
816.9590 	EXP 	surround_grating: ori = 15.0
816.9590 	EXP 	surround_grating: sf = array([2.5, 2.5])
816.9590 	EXP 	surround_grating: phase = array([0.05135475, 0.05135475])
816.9590 	EXP 	center_grating: ori = 0.0
816.9590 	EXP 	center_grating: sf = array([2.5, 2.5])
816.9590 	EXP 	center_grating: phase = array([0.68026698, 0.68026698])
817.4447 	EXP 	surround_grating: autoDraw = True
817.4447 	EXP 	center_grating: autoDraw = True
817.5176 	EXP 	surround_grating: autoDraw = False
817.5176 	EXP 	center_grating: autoDraw = False
818.0695 	EXP 	New trial (rep=0, index=495): <Trial 495 (495 in rep 0) data={'center': -2, 'surround': 0.0, 'type': 'c-2', 'surr_type': 'noss', 'surr_opacity': 0, 'thisN': 495, 'thisTrialN': 495, 'thisRepN': 0}>
818.0952 	INFO 	Keyboard events cleared
818.0947 	EXP 	surround_grating: autoDraw = False
818.0947 	EXP 	center_grating: autoDraw = False
818.0947 	EXP 	text_2: autoDraw = False
818.0947 	EXP 	surround_grating: ori = 0.0
818.0947 	EXP 	surround_grating: sf = array([2.5, 2.5])
818.0947 	EXP 	surround_grating: phase = array([0.71919761, 0.71919761])
818.0947 	EXP 	center_grating: ori = -2.0
818.0947 	EXP 	center_grating: sf = array([2.5, 2.5])
818.0947 	EXP 	center_grating: phase = array([0.24523127, 0.24523127])
818.5705 	EXP 	surround_grating: autoDraw = True
818.5705 	EXP 	center_grating: autoDraw = True
818.6453 	EXP 	surround_grating: autoDraw = False
818.6453 	EXP 	center_grating: autoDraw = False
818.9654 	EXP 	New trial (rep=0, index=496): <Trial 496 (496 in rep 0) data={'center': 4, 'surround': 0.0, 'type': 'c+4', 'surr_type': 'noss', 'surr_opacity': 0, 'thisN': 496, 'thisTrialN': 496, 'thisRepN': 0}>
818.9760 	INFO 	Keyboard events cleared
818.9757 	EXP 	surround_grating: autoDraw = False
818.9757 	EXP 	center_grating: autoDraw = False
818.9757 	EXP 	text_2: autoDraw = False
818.9757 	EXP 	surround_grating: ori = 0.0
818.9757 	EXP 	surround_grating: sf = array([2.5, 2.5])
818.9757 	EXP 	surround_grating: phase = array([0.97516212, 0.97516212])
818.9757 	EXP 	center_grating: ori = 4.0
818.9757 	EXP 	center_grating: sf = array([2.5, 2.5])
818.9757 	EXP 	center_grating: phase = array([0.53832174, 0.53832174])
819.4615 	EXP 	surround_grating: autoDraw = True
819.4615 	EXP 	center_grating: autoDraw = True
819.5349 	EXP 	surround_grating: autoDraw = False
819.5349 	EXP 	center_grating: autoDraw = False
820.1408 	EXP 	New trial (rep=0, index=497): <Trial 497 (497 in rep 0) data={'center': 8, 'surround': 15.0, 'type': 'c+8', 'surr_type': 'poss', 'surr_opacity': 100, 'thisN': 497, 'thisTrialN': 497, 'thisRepN': 0}>
820.1477 	INFO 	Keyboard events cleared
820.1473 	EXP 	surround_grating: autoDraw = False
820.1473 	EXP 	center_grating: autoDraw = False
820.1473 	EXP 	text_2: autoDraw = False
820.1473 	EXP 	surround_grating: ori = 15.0
820.1473 	EXP 	surround_grating: sf = array([2.5, 2.5])
820.1473 	EXP 	surround_grating: phase = array([0.27327131, 0.27327131])
820.1473 	EXP 	center_grating: ori = 8.0
820.1473 	EXP 	center_grating: sf = array([2.5, 2.5])
820.1473 	EXP 	center_grating: phase = array([0.38891256, 0.38891256])
820.6373 	EXP 	surround_grating: autoDraw = True
820.6373 	EXP 	center_grating: autoDraw = True
820.7119 	EXP 	surround_grating: autoDraw = False
820.7119 	EXP 	center_grating: autoDraw = False
821.1694 	EXP 	New trial (rep=0, index=498): <Trial 498 (498 in rep 0) data={'center': 2, 'surround': 15.0, 'type': 'c+2', 'surr_type': 'poss', 'surr_opacity': 100, 'thisN': 498, 'thisTrialN': 498, 'thisRepN': 0}>
821.1794 	INFO 	Keyboard events cleared
821.1789 	EXP 	surround_grating: autoDraw = False
821.1789 	EXP 	center_grating: autoDraw = False
821.1789 	EXP 	text_2: autoDraw = False
821.1789 	EXP 	surround_grating: ori = 15.0
821.1789 	EXP 	surround_grating: sf = array([2.5, 2.5])
821.1789 	EXP 	surround_grating: phase = array([0.65036037, 0.65036037])
821.1789 	EXP 	center_grating: ori = 2.0
821.1789 	EXP 	center_grating: sf = array([2.5, 2.5])
821.1789 	EXP 	center_grating: phase = array([0.93679213, 0.93679213])
821.6616 	EXP 	surround_grating: autoDraw = True
821.6616 	EXP 	center_grating: autoDraw = True
821.7344 	EXP 	surround_grating: autoDraw = False
821.7344 	EXP 	center_grating: autoDraw = False
822.0989 	EXP 	New trial (rep=0, index=499): <Trial 499 (499 in rep 0) data={'center': 1, 'surround': 0.0, 'type': 'c+1', 'surr_type': 'noss', 'surr_opacity': 0, 'thisN': 499, 'thisTrialN': 499, 'thisRepN': 0}>
822.1090 	INFO 	Keyboard events cleared
822.1085 	EXP 	surround_grating: autoDraw = False
822.1085 	EXP 	center_grating: autoDraw = False
822.1085 	EXP 	text_2: autoDraw = False
822.1085 	EXP 	surround_grating: ori = 0.0
822.1085 	EXP 	surround_grating: sf = array([2.5, 2.5])
822.1085 	EXP 	surround_grating: phase = array([0.53257986, 0.53257986])
822.1085 	EXP 	center_grating: ori = 1.0
822.1085 	EXP 	center_grating: sf = array([2.5, 2.5])
822.1085 	EXP 	center_grating: phase = array([0.38664814, 0.38664814])
822.5950 	EXP 	surround_grating: autoDraw = True
822.5950 	EXP 	center_grating: autoDraw = True
822.6675 	EXP 	surround_grating: autoDraw = False
822.6675 	EXP 	center_grating: autoDraw = False
823.2195 	EXP 	New trial (rep=0, index=500): <Trial 500 (500 in rep 0) data={'center': -2, 'surround': 15.0, 'type': 'c-2', 'surr_type': 'poss', 'surr_opacity': 100, 'thisN': 500, 'thisTrialN': 500, 'thisRepN': 0}>
823.2297 	INFO 	Keyboard events cleared
823.2292 	EXP 	surround_grating: autoDraw = False
823.2292 	EXP 	center_grating: autoDraw = False
823.2292 	EXP 	text_2: autoDraw = False
823.2292 	EXP 	surround_grating: ori = 15.0
823.2292 	EXP 	surround_grating: sf = array([2.5, 2.5])
823.2292 	EXP 	surround_grating: phase = array([0.17364556, 0.17364556])
823.2292 	EXP 	center_grating: ori = -2.0
823.2292 	EXP 	center_grating: sf = array([2.5, 2.5])
823.2292 	EXP 	center_grating: phase = array([0.75997611, 0.75997611])
823.7204 	EXP 	surround_grating: autoDraw = True
823.7204 	EXP 	center_grating: autoDraw = True
823.7954 	EXP 	surround_grating: autoDraw = False
823.7954 	EXP 	center_grating: autoDraw = False
824.4564 	INFO 	Keyboard events cleared
824.4560 	EXP 	surround_grating: autoDraw = False
824.4560 	EXP 	center_grating: autoDraw = False
824.4560 	EXP 	text_2: autoDraw = True
862.9713 	EXP 	New trial (rep=0, index=501): <Trial 501 (501 in rep 0) data={'center': -8, 'surround': -15.0, 'type': 'c-8', 'surr_type': 'negs', 'surr_opacity': 100, 'thisN': 501, 'thisTrialN': 501, 'thisRepN': 0}>
862.9823 	INFO 	Keyboard events cleared
862.9818 	EXP 	text_2: autoDraw = False
862.9818 	EXP 	surround_grating: ori = -15.0
862.9818 	EXP 	surround_grating: sf = array([2.5, 2.5])
862.9818 	EXP 	surround_grating: phase = array([0.11580214, 0.11580214])
862.9818 	EXP 	center_grating: ori = -8.0
862.9818 	EXP 	center_grating: sf = array([2.5, 2.5])
862.9818 	EXP 	center_grating: phase = array([0.40643893, 0.40643893])
863.4724 	EXP 	surround_grating: autoDraw = True
863.4724 	EXP 	center_grating: autoDraw = True
863.5469 	EXP 	surround_grating: autoDraw = False
863.5469 	EXP 	center_grating: autoDraw = False
864.3722 	EXP 	New trial (rep=0, index=502): <Trial 502 (502 in rep 0) data={'center': -2, 'surround': 15.0, 'type': 'c-2', 'surr_type': 'poss', 'surr_opacity': 100, 'thisN': 502, 'thisTrialN': 502, 'thisRepN': 0}>
864.3823 	INFO 	Keyboard events cleared
864.3818 	EXP 	surround_grating: autoDraw = False
864.3818 	EXP 	center_grating: autoDraw = False
864.3818 	EXP 	text_2: autoDraw = False
864.3818 	EXP 	surround_grating: ori = 15.0
864.3818 	EXP 	surround_grating: sf = array([2.5, 2.5])
864.3818 	EXP 	surround_grating: phase = array([0.47778956, 0.47778956])
864.3818 	EXP 	center_grating: ori = -2.0
864.3818 	EXP 	center_grating: sf = array([2.5, 2.5])
864.3818 	EXP 	center_grating: phase = array([0.42745099, 0.42745099])
864.8722 	EXP 	surround_grating: autoDraw = True
864.8722 	EXP 	center_grating: autoDraw = True
864.9466 	EXP 	surround_grating: autoDraw = False
864.9466 	EXP 	center_grating: autoDraw = False
865.7379 	EXP 	New trial (rep=0, index=503): <Trial 503 (503 in rep 0) data={'center': 4, 'surround': 15.0, 'type': 'c+4', 'surr_type': 'poss', 'surr_opacity': 100, 'thisN': 503, 'thisTrialN': 503, 'thisRepN': 0}>
865.7637 	INFO 	Keyboard events cleared
865.7632 	EXP 	surround_grating: autoDraw = False
865.7632 	EXP 	center_grating: autoDraw = False
865.7632 	EXP 	text_2: autoDraw = False
865.7632 	EXP 	surround_grating: ori = 15.0
865.7632 	EXP 	surround_grating: sf = array([2.5, 2.5])
865.7632 	EXP 	surround_grating: phase = array([0.70299362, 0.70299362])
865.7632 	EXP 	center_grating: ori = 4.0
865.7632 	EXP 	center_grating: sf = array([2.5, 2.5])
865.7632 	EXP 	center_grating: phase = array([0.1522989, 0.1522989])
866.2397 	EXP 	surround_grating: autoDraw = True
866.2397 	EXP 	center_grating: autoDraw = True
866.3137 	EXP 	surround_grating: autoDraw = False
866.3137 	EXP 	center_grating: autoDraw = False
867.0830 	EXP 	New trial (rep=0, index=504): <Trial 504 (504 in rep 0) data={'center': 4, 'surround': 15.0, 'type': 'c+4', 'surr_type': 'poss', 'surr_opacity': 100, 'thisN': 504, 'thisTrialN': 504, 'thisRepN': 0}>
867.0932 	INFO 	Keyboard events cleared
867.0927 	EXP 	surround_grating: autoDraw = False
867.0927 	EXP 	center_grating: autoDraw = False
867.0927 	EXP 	text_2: autoDraw = False
867.0927 	EXP 	surround_grating: ori = 15.0
867.0927 	EXP 	surround_grating: sf = array([2.5, 2.5])
867.0927 	EXP 	surround_grating: phase = array([0.13757797, 0.13757797])
867.0927 	EXP 	center_grating: ori = 4.0
867.0927 	EXP 	center_grating: sf = array([2.5, 2.5])
867.0927 	EXP 	center_grating: phase = array([0.99827822, 0.99827822])
867.5799 	EXP 	surround_grating: autoDraw = True
867.5799 	EXP 	center_grating: autoDraw = True
867.6532 	EXP 	surround_grating: autoDraw = False
867.6532 	EXP 	center_grating: autoDraw = False
867.9833 	EXP 	New trial (rep=0, index=505): <Trial 505 (505 in rep 0) data={'center': 2, 'surround': 15.0, 'type': 'c+2', 'surr_type': 'poss', 'surr_opacity': 100, 'thisN': 505, 'thisTrialN': 505, 'thisRepN': 0}>
867.9938 	INFO 	Keyboard events cleared
867.9934 	EXP 	surround_grating: autoDraw = False
867.9934 	EXP 	center_grating: autoDraw = False
867.9934 	EXP 	text_2: autoDraw = False
867.9934 	EXP 	surround_grating: ori = 15.0
867.9934 	EXP 	surround_grating: sf = array([2.5, 2.5])
867.9934 	EXP 	surround_grating: phase = array([0.35707843, 0.35707843])
867.9934 	EXP 	center_grating: ori = 2.0
867.9934 	EXP 	center_grating: sf = array([2.5, 2.5])
867.9934 	EXP 	center_grating: phase = array([0.23266121, 0.23266121])
868.4798 	EXP 	surround_grating: autoDraw = True
868.4798 	EXP 	center_grating: autoDraw = True
868.5519 	EXP 	surround_grating: autoDraw = False
868.5519 	EXP 	center_grating: autoDraw = False
868.9662 	EXP 	New trial (rep=0, index=506): <Trial 506 (506 in rep 0) data={'center': 6, 'surround': 15.0, 'type': 'c+6', 'surr_type': 'poss', 'surr_opacity': 100, 'thisN': 506, 'thisTrialN': 506, 'thisRepN': 0}>
868.9764 	INFO 	Keyboard events cleared
868.9760 	EXP 	surround_grating: autoDraw = False
868.9760 	EXP 	center_grating: autoDraw = False
868.9760 	EXP 	text_2: autoDraw = False
868.9760 	EXP 	surround_grating: ori = 15.0
868.9760 	EXP 	surround_grating: sf = array([2.5, 2.5])
868.9760 	EXP 	surround_grating: phase = array([0.10616271, 0.10616271])
868.9760 	EXP 	center_grating: ori = 6.0
868.9760 	EXP 	center_grating: sf = array([2.5, 2.5])
868.9760 	EXP 	center_grating: phase = array([0.14019876, 0.14019876])
869.4633 	EXP 	surround_grating: autoDraw = True
869.4633 	EXP 	center_grating: autoDraw = True
869.5357 	EXP 	surround_grating: autoDraw = False
869.5357 	EXP 	center_grating: autoDraw = False
869.9838 	EXP 	New trial (rep=0, index=507): <Trial 507 (507 in rep 0) data={'center': -4, 'surround': -15.0, 'type': 'c-4', 'surr_type': 'negs', 'surr_opacity': 100, 'thisN': 507, 'thisTrialN': 507, 'thisRepN': 0}>
869.9939 	INFO 	Keyboard events cleared
869.9934 	EXP 	surround_grating: autoDraw = False
869.9934 	EXP 	center_grating: autoDraw = False
869.9934 	EXP 	text_2: autoDraw = False
869.9934 	EXP 	surround_grating: ori = -15.0
869.9934 	EXP 	surround_grating: sf = array([2.5, 2.5])
869.9934 	EXP 	surround_grating: phase = array([0.23912753, 0.23912753])
869.9934 	EXP 	center_grating: ori = -4.0
869.9934 	EXP 	center_grating: sf = array([2.5, 2.5])
869.9934 	EXP 	center_grating: phase = array([0.61723475, 0.61723475])
870.4799 	EXP 	surround_grating: autoDraw = True
870.4799 	EXP 	center_grating: autoDraw = True
870.5524 	EXP 	surround_grating: autoDraw = False
870.5524 	EXP 	center_grating: autoDraw = False
871.5880 	EXP 	New trial (rep=0, index=508): <Trial 508 (508 in rep 0) data={'center': 0, 'surround': 15.0, 'type': 'c+0', 'surr_type': 'poss', 'surr_opacity': 100, 'thisN': 508, 'thisTrialN': 508, 'thisRepN': 0}>
871.5981 	INFO 	Keyboard events cleared
871.5975 	EXP 	surround_grating: autoDraw = False
871.5975 	EXP 	center_grating: autoDraw = False
871.5975 	EXP 	text_2: autoDraw = False
871.5975 	EXP 	surround_grating: ori = 15.0
871.5975 	EXP 	surround_grating: sf = array([2.5, 2.5])
871.5975 	EXP 	surround_grating: phase = array([0.67978147, 0.67978147])
871.5975 	EXP 	center_grating: ori = 0.0
871.5975 	EXP 	center_grating: sf = array([2.5, 2.5])
871.5975 	EXP 	center_grating: phase = array([0.40713056, 0.40713056])
872.0888 	EXP 	surround_grating: autoDraw = True
872.0888 	EXP 	center_grating: autoDraw = True
872.1639 	EXP 	surround_grating: autoDraw = False
872.1639 	EXP 	center_grating: autoDraw = False
872.8059 	EXP 	New trial (rep=0, index=509): <Trial 509 (509 in rep 0) data={'center': 2, 'surround': -15.0, 'type': 'c+2', 'surr_type': 'negs', 'surr_opacity': 100, 'thisN': 509, 'thisTrialN': 509, 'thisRepN': 0}>
872.8162 	INFO 	Keyboard events cleared
872.8158 	EXP 	surround_grating: autoDraw = False
872.8158 	EXP 	center_grating: autoDraw = False
872.8158 	EXP 	text_2: autoDraw = False
872.8158 	EXP 	surround_grating: ori = -15.0
872.8158 	EXP 	surround_grating: sf = array([2.5, 2.5])
872.8158 	EXP 	surround_grating: phase = array([0.66954575, 0.66954575])
872.8158 	EXP 	center_grating: ori = 2.0
872.8158 	EXP 	center_grating: sf = array([2.5, 2.5])
872.8158 	EXP 	center_grating: phase = array([0.07812457, 0.07812457])
873.3054 	EXP 	surround_grating: autoDraw = True
873.3054 	EXP 	center_grating: autoDraw = True
873.3805 	EXP 	surround_grating: autoDraw = False
873.3805 	EXP 	center_grating: autoDraw = False
873.8835 	EXP 	New trial (rep=0, index=510): <Trial 510 (510 in rep 0) data={'center': 2, 'surround': 15.0, 'type': 'c+2', 'surr_type': 'poss', 'surr_opacity': 100, 'thisN': 510, 'thisTrialN': 510, 'thisRepN': 0}>
873.8942 	INFO 	Keyboard events cleared
873.8938 	EXP 	surround_grating: autoDraw = False
873.8938 	EXP 	center_grating: autoDraw = False
873.8938 	EXP 	text_2: autoDraw = False
873.8938 	EXP 	surround_grating: ori = 15.0
873.8938 	EXP 	surround_grating: sf = array([2.5, 2.5])
873.8938 	EXP 	surround_grating: phase = array([0.45945535, 0.45945535])
873.8938 	EXP 	center_grating: ori = 2.0
873.8938 	EXP 	center_grating: sf = array([2.5, 2.5])
873.8938 	EXP 	center_grating: phase = array([0.71065436, 0.71065436])
874.3800 	EXP 	surround_grating: autoDraw = True
874.3800 	EXP 	center_grating: autoDraw = True
874.4523 	EXP 	surround_grating: autoDraw = False
874.4523 	EXP 	center_grating: autoDraw = False
875.0675 	EXP 	New trial (rep=0, index=511): <Trial 511 (511 in rep 0) data={'center': -2, 'surround': 15.0, 'type': 'c-2', 'surr_type': 'poss', 'surr_opacity': 100, 'thisN': 511, 'thisTrialN': 511, 'thisRepN': 0}>
875.0774 	INFO 	Keyboard events cleared
875.0770 	EXP 	surround_grating: autoDraw = False
875.0770 	EXP 	center_grating: autoDraw = False
875.0770 	EXP 	text_2: autoDraw = False
875.0770 	EXP 	surround_grating: ori = 15.0
875.0770 	EXP 	surround_grating: sf = array([2.5, 2.5])
875.0770 	EXP 	surround_grating: phase = array([0.45992522, 0.45992522])
875.0770 	EXP 	center_grating: ori = -2.0
875.0770 	EXP 	center_grating: sf = array([2.5, 2.5])
875.0770 	EXP 	center_grating: phase = array([0.75461949, 0.75461949])
875.5635 	EXP 	surround_grating: autoDraw = True
875.5635 	EXP 	center_grating: autoDraw = True
875.6364 	EXP 	surround_grating: autoDraw = False
875.6364 	EXP 	center_grating: autoDraw = False
876.1669 	EXP 	New trial (rep=0, index=512): <Trial 512 (512 in rep 0) data={'center': 0, 'surround': -15.0, 'type': 'c+0', 'surr_type': 'negs', 'surr_opacity': 100, 'thisN': 512, 'thisTrialN': 512, 'thisRepN': 0}>
876.1785 	INFO 	Keyboard events cleared
876.1779 	EXP 	surround_grating: autoDraw = False
876.1779 	EXP 	center_grating: autoDraw = False
876.1779 	EXP 	text_2: autoDraw = False
876.1779 	EXP 	surround_grating: ori = -15.0
876.1779 	EXP 	surround_grating: sf = array([2.5, 2.5])
876.1779 	EXP 	surround_grating: phase = array([0.16297968, 0.16297968])
876.1779 	EXP 	center_grating: ori = 0.0
876.1779 	EXP 	center_grating: sf = array([2.5, 2.5])
876.1779 	EXP 	center_grating: phase = array([0.18741217, 0.18741217])
876.6634 	EXP 	surround_grating: autoDraw = True
876.6634 	EXP 	center_grating: autoDraw = True
876.7362 	EXP 	surround_grating: autoDraw = False
876.7362 	EXP 	center_grating: autoDraw = False
878.1331 	EXP 	New trial (rep=0, index=513): <Trial 513 (513 in rep 0) data={'center': -2, 'surround': 0.0, 'type': 'c-2', 'surr_type': 'noss', 'surr_opacity': 0, 'thisN': 513, 'thisTrialN': 513, 'thisRepN': 0}>
878.1432 	INFO 	Keyboard events cleared
878.1428 	EXP 	surround_grating: autoDraw = False
878.1428 	EXP 	center_grating: autoDraw = False
878.1428 	EXP 	text_2: autoDraw = False
878.1428 	EXP 	surround_grating: ori = 0.0
878.1428 	EXP 	surround_grating: sf = array([2.5, 2.5])
878.1428 	EXP 	surround_grating: phase = array([0.03690665, 0.03690665])
878.1428 	EXP 	center_grating: ori = -2.0
878.1428 	EXP 	center_grating: sf = array([2.5, 2.5])
878.1428 	EXP 	center_grating: phase = array([0.07312195, 0.07312195])
878.6303 	EXP 	surround_grating: autoDraw = True
878.6303 	EXP 	center_grating: autoDraw = True
878.7027 	EXP 	surround_grating: autoDraw = False
878.7027 	EXP 	center_grating: autoDraw = False
879.3166 	EXP 	New trial (rep=0, index=514): <Trial 514 (514 in rep 0) data={'center': 0, 'surround': -15.0, 'type': 'c+0', 'surr_type': 'negs', 'surr_opacity': 100, 'thisN': 514, 'thisTrialN': 514, 'thisRepN': 0}>
879.3265 	INFO 	Keyboard events cleared
879.3261 	EXP 	surround_grating: autoDraw = False
879.3261 	EXP 	center_grating: autoDraw = False
879.3261 	EXP 	text_2: autoDraw = False
879.3261 	EXP 	surround_grating: ori = -15.0
879.3261 	EXP 	surround_grating: sf = array([2.5, 2.5])
879.3261 	EXP 	surround_grating: phase = array([0.32433317, 0.32433317])
879.3261 	EXP 	center_grating: ori = 0.0
879.3261 	EXP 	center_grating: sf = array([2.5, 2.5])
879.3261 	EXP 	center_grating: phase = array([0.63254582, 0.63254582])
879.8136 	EXP 	surround_grating: autoDraw = True
879.8136 	EXP 	center_grating: autoDraw = True
879.8857 	EXP 	surround_grating: autoDraw = False
879.8857 	EXP 	center_grating: autoDraw = False
880.4508 	EXP 	New trial (rep=0, index=515): <Trial 515 (515 in rep 0) data={'center': 8, 'surround': 15.0, 'type': 'c+8', 'surr_type': 'poss', 'surr_opacity': 100, 'thisN': 515, 'thisTrialN': 515, 'thisRepN': 0}>
880.4611 	INFO 	Keyboard events cleared
880.4606 	EXP 	surround_grating: autoDraw = False
880.4606 	EXP 	center_grating: autoDraw = False
880.4606 	EXP 	text_2: autoDraw = False
880.4606 	EXP 	surround_grating: ori = 15.0
880.4606 	EXP 	surround_grating: sf = array([2.5, 2.5])
880.4606 	EXP 	surround_grating: phase = array([0.27776038, 0.27776038])
880.4606 	EXP 	center_grating: ori = 8.0
880.4606 	EXP 	center_grating: sf = array([2.5, 2.5])
880.4606 	EXP 	center_grating: phase = array([0.69139485, 0.69139485])
880.9469 	EXP 	surround_grating: autoDraw = True
880.9469 	EXP 	center_grating: autoDraw = True
881.0193 	EXP 	surround_grating: autoDraw = False
881.0193 	EXP 	center_grating: autoDraw = False
881.4833 	EXP 	New trial (rep=0, index=516): <Trial 516 (516 in rep 0) data={'center': 0, 'surround': 15.0, 'type': 'c+0', 'surr_type': 'poss', 'surr_opacity': 100, 'thisN': 516, 'thisTrialN': 516, 'thisRepN': 0}>
881.4932 	INFO 	Keyboard events cleared
881.4928 	EXP 	surround_grating: autoDraw = False
881.4928 	EXP 	center_grating: autoDraw = False
881.4928 	EXP 	text_2: autoDraw = False
881.4928 	EXP 	surround_grating: ori = 15.0
881.4928 	EXP 	surround_grating: sf = array([2.5, 2.5])
881.4928 	EXP 	surround_grating: phase = array([0.36283017, 0.36283017])
881.4928 	EXP 	center_grating: ori = 0.0
881.4928 	EXP 	center_grating: sf = array([2.5, 2.5])
881.4928 	EXP 	center_grating: phase = array([0.23169872, 0.23169872])
881.9804 	EXP 	surround_grating: autoDraw = True
881.9804 	EXP 	center_grating: autoDraw = True
882.0528 	EXP 	surround_grating: autoDraw = False
882.0528 	EXP 	center_grating: autoDraw = False
882.5886 	EXP 	New trial (rep=0, index=517): <Trial 517 (517 in rep 0) data={'center': 2, 'surround': -15.0, 'type': 'c+2', 'surr_type': 'negs', 'surr_opacity': 100, 'thisN': 517, 'thisTrialN': 517, 'thisRepN': 0}>
882.6144 	INFO 	Keyboard events cleared
882.6139 	EXP 	surround_grating: autoDraw = False
882.6139 	EXP 	center_grating: autoDraw = False
882.6139 	EXP 	text_2: autoDraw = False
882.6139 	EXP 	surround_grating: ori = -15.0
882.6139 	EXP 	surround_grating: sf = array([2.5, 2.5])
882.6139 	EXP 	surround_grating: phase = array([0.21484269, 0.21484269])
882.6139 	EXP 	center_grating: ori = 2.0
882.6139 	EXP 	center_grating: sf = array([2.5, 2.5])
882.6139 	EXP 	center_grating: phase = array([0.106388, 0.106388])
883.0797 	EXP 	surround_grating: autoDraw = True
883.0797 	EXP 	center_grating: autoDraw = True
883.1528 	EXP 	surround_grating: autoDraw = False
883.1528 	EXP 	center_grating: autoDraw = False
883.6334 	EXP 	New trial (rep=0, index=518): <Trial 518 (518 in rep 0) data={'center': 2, 'surround': 15.0, 'type': 'c+2', 'surr_type': 'poss', 'surr_opacity': 100, 'thisN': 518, 'thisTrialN': 518, 'thisRepN': 0}>
883.6434 	INFO 	Keyboard events cleared
883.6429 	EXP 	surround_grating: autoDraw = False
883.6429 	EXP 	center_grating: autoDraw = False
883.6429 	EXP 	text_2: autoDraw = False
883.6429 	EXP 	surround_grating: ori = 15.0
883.6429 	EXP 	surround_grating: sf = array([2.5, 2.5])
883.6429 	EXP 	surround_grating: phase = array([0.90466309, 0.90466309])
883.6429 	EXP 	center_grating: ori = 2.0
883.6429 	EXP 	center_grating: sf = array([2.5, 2.5])
883.6429 	EXP 	center_grating: phase = array([0.22212298, 0.22212298])
884.1304 	EXP 	surround_grating: autoDraw = True
884.1304 	EXP 	center_grating: autoDraw = True
884.2027 	EXP 	surround_grating: autoDraw = False
884.2027 	EXP 	center_grating: autoDraw = False
885.0267 	EXP 	New trial (rep=0, index=519): <Trial 519 (519 in rep 0) data={'center': -2, 'surround': -15.0, 'type': 'c-2', 'surr_type': 'negs', 'surr_opacity': 100, 'thisN': 519, 'thisTrialN': 519, 'thisRepN': 0}>
885.0336 	INFO 	Keyboard events cleared
885.0332 	EXP 	surround_grating: autoDraw = False
885.0332 	EXP 	center_grating: autoDraw = False
885.0332 	EXP 	text_2: autoDraw = False
885.0332 	EXP 	surround_grating: ori = -15.0
885.0332 	EXP 	surround_grating: sf = array([2.5, 2.5])
885.0332 	EXP 	surround_grating: phase = array([0.69376034, 0.69376034])
885.0332 	EXP 	center_grating: ori = -2.0
885.0332 	EXP 	center_grating: sf = array([2.5, 2.5])
885.0332 	EXP 	center_grating: phase = array([0.24986528, 0.24986528])
885.5233 	EXP 	surround_grating: autoDraw = True
885.5233 	EXP 	center_grating: autoDraw = True
885.5976 	EXP 	surround_grating: autoDraw = False
885.5976 	EXP 	center_grating: autoDraw = False
886.0836 	EXP 	New trial (rep=0, index=520): <Trial 520 (520 in rep 0) data={'center': -2, 'surround': 15.0, 'type': 'c-2', 'surr_type': 'poss', 'surr_opacity': 100, 'thisN': 520, 'thisTrialN': 520, 'thisRepN': 0}>
886.0939 	INFO 	Keyboard events cleared
886.0934 	EXP 	surround_grating: autoDraw = False
886.0934 	EXP 	center_grating: autoDraw = False
886.0934 	EXP 	text_2: autoDraw = False
886.0934 	EXP 	surround_grating: ori = 15.0
886.0934 	EXP 	surround_grating: sf = array([2.5, 2.5])
886.0934 	EXP 	surround_grating: phase = array([0.84797869, 0.84797869])
886.0934 	EXP 	center_grating: ori = -2.0
886.0934 	EXP 	center_grating: sf = array([2.5, 2.5])
886.0934 	EXP 	center_grating: phase = array([0.20823317, 0.20823317])
886.5805 	EXP 	surround_grating: autoDraw = True
886.5805 	EXP 	center_grating: autoDraw = True
886.6535 	EXP 	surround_grating: autoDraw = False
886.6535 	EXP 	center_grating: autoDraw = False
887.1502 	EXP 	New trial (rep=0, index=521): <Trial 521 (521 in rep 0) data={'center': 8, 'surround': 15.0, 'type': 'c+8', 'surr_type': 'poss', 'surr_opacity': 100, 'thisN': 521, 'thisTrialN': 521, 'thisRepN': 0}>
887.1603 	INFO 	Keyboard events cleared
887.1598 	EXP 	surround_grating: autoDraw = False
887.1598 	EXP 	center_grating: autoDraw = False
887.1598 	EXP 	text_2: autoDraw = False
887.1598 	EXP 	surround_grating: ori = 15.0
887.1598 	EXP 	surround_grating: sf = array([2.5, 2.5])
887.1598 	EXP 	surround_grating: phase = array([0.19262491, 0.19262491])
887.1598 	EXP 	center_grating: ori = 8.0
887.1598 	EXP 	center_grating: sf = array([2.5, 2.5])
887.1598 	EXP 	center_grating: phase = array([0.03032298, 0.03032298])
887.6471 	EXP 	surround_grating: autoDraw = True
887.6471 	EXP 	center_grating: autoDraw = True
887.7201 	EXP 	surround_grating: autoDraw = False
887.7201 	EXP 	center_grating: autoDraw = False
888.2173 	EXP 	New trial (rep=0, index=522): <Trial 522 (522 in rep 0) data={'center': -2, 'surround': 0.0, 'type': 'c-2', 'surr_type': 'noss', 'surr_opacity': 0, 'thisN': 522, 'thisTrialN': 522, 'thisRepN': 0}>
888.2278 	INFO 	Keyboard events cleared
888.2273 	EXP 	surround_grating: autoDraw = False
888.2273 	EXP 	center_grating: autoDraw = False
888.2273 	EXP 	text_2: autoDraw = False
888.2273 	EXP 	surround_grating: ori = 0.0
888.2273 	EXP 	surround_grating: sf = array([2.5, 2.5])
888.2273 	EXP 	surround_grating: phase = array([0.72915668, 0.72915668])
888.2273 	EXP 	center_grating: ori = -2.0
888.2273 	EXP 	center_grating: sf = array([2.5, 2.5])
888.2273 	EXP 	center_grating: phase = array([0.91869941, 0.91869941])
888.7138 	EXP 	surround_grating: autoDraw = True
888.7138 	EXP 	center_grating: autoDraw = True
888.7863 	EXP 	surround_grating: autoDraw = False
888.7863 	EXP 	center_grating: autoDraw = False
889.4011 	EXP 	New trial (rep=0, index=523): <Trial 523 (523 in rep 0) data={'center': 0, 'surround': 15.0, 'type': 'c+0', 'surr_type': 'poss', 'surr_opacity': 100, 'thisN': 523, 'thisTrialN': 523, 'thisRepN': 0}>
889.4113 	INFO 	Keyboard events cleared
889.4109 	EXP 	surround_grating: autoDraw = False
889.4109 	EXP 	center_grating: autoDraw = False
889.4109 	EXP 	text_2: autoDraw = False
889.4109 	EXP 	surround_grating: ori = 15.0
889.4109 	EXP 	surround_grating: sf = array([2.5, 2.5])
889.4109 	EXP 	surround_grating: phase = array([0.14790516, 0.14790516])
889.4109 	EXP 	center_grating: ori = 0.0
889.4109 	EXP 	center_grating: sf = array([2.5, 2.5])
889.4109 	EXP 	center_grating: phase = array([0.99019836, 0.99019836])
889.8973 	EXP 	surround_grating: autoDraw = True
889.8973 	EXP 	center_grating: autoDraw = True
889.9694 	EXP 	surround_grating: autoDraw = False
889.9694 	EXP 	center_grating: autoDraw = False
890.5826 	EXP 	New trial (rep=0, index=524): <Trial 524 (524 in rep 0) data={'center': 0, 'surround': -15.0, 'type': 'c+0', 'surr_type': 'negs', 'surr_opacity': 100, 'thisN': 524, 'thisTrialN': 524, 'thisRepN': 0}>
890.5899 	INFO 	Keyboard events cleared
890.5896 	EXP 	surround_grating: autoDraw = False
890.5896 	EXP 	center_grating: autoDraw = False
890.5896 	EXP 	text_2: autoDraw = False
890.5896 	EXP 	surround_grating: ori = -15.0
890.5896 	EXP 	surround_grating: sf = array([2.5, 2.5])
890.5896 	EXP 	surround_grating: phase = array([0.69142988, 0.69142988])
890.5896 	EXP 	center_grating: ori = 0.0
890.5896 	EXP 	center_grating: sf = array([2.5, 2.5])
890.5896 	EXP 	center_grating: phase = array([0.0720474, 0.0720474])
891.0807 	EXP 	surround_grating: autoDraw = True
891.0807 	EXP 	center_grating: autoDraw = True
891.1536 	EXP 	surround_grating: autoDraw = False
891.1536 	EXP 	center_grating: autoDraw = False
891.7181 	EXP 	New trial (rep=0, index=525): <Trial 525 (525 in rep 0) data={'center': -1, 'surround': 0.0, 'type': 'c-1', 'surr_type': 'noss', 'surr_opacity': 0, 'thisN': 525, 'thisTrialN': 525, 'thisRepN': 0}>
891.7282 	INFO 	Keyboard events cleared
891.7277 	EXP 	surround_grating: autoDraw = False
891.7277 	EXP 	center_grating: autoDraw = False
891.7277 	EXP 	text_2: autoDraw = False
891.7277 	EXP 	surround_grating: ori = 0.0
891.7277 	EXP 	surround_grating: sf = array([2.5, 2.5])
891.7277 	EXP 	surround_grating: phase = array([0.07339404, 0.07339404])
891.7277 	EXP 	center_grating: ori = -1.0
891.7277 	EXP 	center_grating: sf = array([2.5, 2.5])
891.7277 	EXP 	center_grating: phase = array([0.1941304, 0.1941304])
892.2238 	EXP 	surround_grating: autoDraw = True
892.2238 	EXP 	center_grating: autoDraw = True
892.2977 	EXP 	surround_grating: autoDraw = False
892.2977 	EXP 	center_grating: autoDraw = False
892.7838 	EXP 	New trial (rep=0, index=526): <Trial 526 (526 in rep 0) data={'center': -2, 'surround': 15.0, 'type': 'c-2', 'surr_type': 'poss', 'surr_opacity': 100, 'thisN': 526, 'thisTrialN': 526, 'thisRepN': 0}>
892.7949 	INFO 	Keyboard events cleared
892.7945 	EXP 	surround_grating: autoDraw = False
892.7945 	EXP 	center_grating: autoDraw = False
892.7945 	EXP 	text_2: autoDraw = False
892.7945 	EXP 	surround_grating: ori = 15.0
892.7945 	EXP 	surround_grating: sf = array([2.5, 2.5])
892.7945 	EXP 	surround_grating: phase = array([0.73094688, 0.73094688])
892.7945 	EXP 	center_grating: ori = -2.0
892.7945 	EXP 	center_grating: sf = array([2.5, 2.5])
892.7945 	EXP 	center_grating: phase = array([0.14402755, 0.14402755])
893.2808 	EXP 	surround_grating: autoDraw = True
893.2808 	EXP 	center_grating: autoDraw = True
893.3540 	EXP 	surround_grating: autoDraw = False
893.3540 	EXP 	center_grating: autoDraw = False
893.9172 	EXP 	New trial (rep=0, index=527): <Trial 527 (527 in rep 0) data={'center': 2, 'surround': 15.0, 'type': 'c+2', 'surr_type': 'poss', 'surr_opacity': 100, 'thisN': 527, 'thisTrialN': 527, 'thisRepN': 0}>
893.9270 	INFO 	Keyboard events cleared
893.9266 	EXP 	surround_grating: autoDraw = False
893.9266 	EXP 	center_grating: autoDraw = False
893.9266 	EXP 	text_2: autoDraw = False
893.9266 	EXP 	surround_grating: ori = 15.0
893.9266 	EXP 	surround_grating: sf = array([2.5, 2.5])
893.9266 	EXP 	surround_grating: phase = array([0.82185994, 0.82185994])
893.9266 	EXP 	center_grating: ori = 2.0
893.9266 	EXP 	center_grating: sf = array([2.5, 2.5])
893.9266 	EXP 	center_grating: phase = array([0.1809082, 0.1809082])
894.4141 	EXP 	surround_grating: autoDraw = True
894.4141 	EXP 	center_grating: autoDraw = True
894.4859 	EXP 	surround_grating: autoDraw = False
894.4859 	EXP 	center_grating: autoDraw = False
894.9889 	EXP 	New trial (rep=0, index=528): <Trial 528 (528 in rep 0) data={'center': 2, 'surround': 0.0, 'type': 'c+2', 'surr_type': 'noss', 'surr_opacity': 0, 'thisN': 528, 'thisTrialN': 528, 'thisRepN': 0}>
894.9985 	INFO 	Keyboard events cleared
894.9980 	EXP 	surround_grating: autoDraw = False
894.9980 	EXP 	center_grating: autoDraw = False
894.9980 	EXP 	text_2: autoDraw = False
894.9980 	EXP 	surround_grating: ori = 0.0
894.9980 	EXP 	surround_grating: sf = array([2.5, 2.5])
894.9980 	EXP 	surround_grating: phase = array([0.41891755, 0.41891755])
894.9980 	EXP 	center_grating: ori = 2.0
894.9980 	EXP 	center_grating: sf = array([2.5, 2.5])
894.9980 	EXP 	center_grating: phase = array([0.05549839, 0.05549839])
895.4906 	EXP 	surround_grating: autoDraw = True
895.4906 	EXP 	center_grating: autoDraw = True
895.5647 	EXP 	surround_grating: autoDraw = False
895.5647 	EXP 	center_grating: autoDraw = False
896.1912 	EXP 	New trial (rep=0, index=529): <Trial 529 (529 in rep 0) data={'center': 0, 'surround': -15.0, 'type': 'c+0', 'surr_type': 'negs', 'surr_opacity': 100, 'thisN': 529, 'thisTrialN': 529, 'thisRepN': 0}>
896.2009 	INFO 	Keyboard events cleared
896.2004 	EXP 	surround_grating: autoDraw = False
896.2004 	EXP 	center_grating: autoDraw = False
896.2004 	EXP 	text_2: autoDraw = False
896.2004 	EXP 	surround_grating: ori = -15.0
896.2004 	EXP 	surround_grating: sf = array([2.5, 2.5])
896.2004 	EXP 	surround_grating: phase = array([0.10250172, 0.10250172])
896.2004 	EXP 	center_grating: ori = 0.0
896.2004 	EXP 	center_grating: sf = array([2.5, 2.5])
896.2004 	EXP 	center_grating: phase = array([0.9158687, 0.9158687])
896.6900 	EXP 	surround_grating: autoDraw = True
896.6900 	EXP 	center_grating: autoDraw = True
896.7645 	EXP 	surround_grating: autoDraw = False
896.7645 	EXP 	center_grating: autoDraw = False
897.3678 	EXP 	New trial (rep=0, index=530): <Trial 530 (530 in rep 0) data={'center': 2, 'surround': -15.0, 'type': 'c+2', 'surr_type': 'negs', 'surr_opacity': 100, 'thisN': 530, 'thisTrialN': 530, 'thisRepN': 0}>
897.3779 	INFO 	Keyboard events cleared
897.3774 	EXP 	surround_grating: autoDraw = False
897.3774 	EXP 	center_grating: autoDraw = False
897.3774 	EXP 	text_2: autoDraw = False
897.3774 	EXP 	surround_grating: ori = -15.0
897.3774 	EXP 	surround_grating: sf = array([2.5, 2.5])
897.3774 	EXP 	surround_grating: phase = array([0.56491225, 0.56491225])
897.3774 	EXP 	center_grating: ori = 2.0
897.3774 	EXP 	center_grating: sf = array([2.5, 2.5])
897.3774 	EXP 	center_grating: phase = array([0.21168681, 0.21168681])
897.8642 	EXP 	surround_grating: autoDraw = True
897.8642 	EXP 	center_grating: autoDraw = True
897.9362 	EXP 	surround_grating: autoDraw = False
897.9362 	EXP 	center_grating: autoDraw = False
898.4673 	EXP 	New trial (rep=0, index=531): <Trial 531 (531 in rep 0) data={'center': -2, 'surround': 0.0, 'type': 'c-2', 'surr_type': 'noss', 'surr_opacity': 0, 'thisN': 531, 'thisTrialN': 531, 'thisRepN': 0}>
898.4781 	INFO 	Keyboard events cleared
898.4777 	EXP 	surround_grating: autoDraw = False
898.4777 	EXP 	center_grating: autoDraw = False
898.4777 	EXP 	text_2: autoDraw = False
898.4777 	EXP 	surround_grating: ori = 0.0
898.4777 	EXP 	surround_grating: sf = array([2.5, 2.5])
898.4777 	EXP 	surround_grating: phase = array([0.13024837, 0.13024837])
898.4777 	EXP 	center_grating: ori = -2.0
898.4777 	EXP 	center_grating: sf = array([2.5, 2.5])
898.4777 	EXP 	center_grating: phase = array([0.57096205, 0.57096205])
898.9643 	EXP 	surround_grating: autoDraw = True
898.9643 	EXP 	center_grating: autoDraw = True
899.0371 	EXP 	surround_grating: autoDraw = False
899.0371 	EXP 	center_grating: autoDraw = False
899.5005 	EXP 	New trial (rep=0, index=532): <Trial 532 (532 in rep 0) data={'center': 8, 'surround': 15.0, 'type': 'c+8', 'surr_type': 'poss', 'surr_opacity': 100, 'thisN': 532, 'thisTrialN': 532, 'thisRepN': 0}>
899.5152 	INFO 	Keyboard events cleared
899.5148 	EXP 	surround_grating: autoDraw = False
899.5148 	EXP 	center_grating: autoDraw = False
899.5148 	EXP 	text_2: autoDraw = False
899.5148 	EXP 	surround_grating: ori = 15.0
899.5148 	EXP 	surround_grating: sf = array([2.5, 2.5])
899.5148 	EXP 	surround_grating: phase = array([0.46743165, 0.46743165])
899.5148 	EXP 	center_grating: ori = 8.0
899.5148 	EXP 	center_grating: sf = array([2.5, 2.5])
899.5148 	EXP 	center_grating: phase = array([0.123615, 0.123615])
899.9977 	EXP 	surround_grating: autoDraw = True
899.9977 	EXP 	center_grating: autoDraw = True
900.0700 	EXP 	surround_grating: autoDraw = False
900.0700 	EXP 	center_grating: autoDraw = False
900.5765 	EXP 	New trial (rep=0, index=533): <Trial 533 (533 in rep 0) data={'center': -2, 'surround': 0.0, 'type': 'c-2', 'surr_type': 'noss', 'surr_opacity': 0, 'thisN': 533, 'thisTrialN': 533, 'thisRepN': 0}>
900.5841 	INFO 	Keyboard events cleared
900.5837 	EXP 	surround_grating: autoDraw = False
900.5837 	EXP 	center_grating: autoDraw = False
900.5837 	EXP 	text_2: autoDraw = False
900.5837 	EXP 	surround_grating: ori = 0.0
900.5837 	EXP 	surround_grating: sf = array([2.5, 2.5])
900.5837 	EXP 	surround_grating: phase = array([0.09173617, 0.09173617])
900.5837 	EXP 	center_grating: ori = -2.0
900.5837 	EXP 	center_grating: sf = array([2.5, 2.5])
900.5837 	EXP 	center_grating: phase = array([0.94229259, 0.94229259])
901.0729 	EXP 	surround_grating: autoDraw = True
901.0729 	EXP 	center_grating: autoDraw = True
901.1481 	EXP 	surround_grating: autoDraw = False
901.1481 	EXP 	center_grating: autoDraw = False
901.4689 	EXP 	New trial (rep=0, index=534): <Trial 534 (534 in rep 0) data={'center': -4, 'surround': -15.0, 'type': 'c-4', 'surr_type': 'negs', 'surr_opacity': 100, 'thisN': 534, 'thisTrialN': 534, 'thisRepN': 0}>
901.4796 	INFO 	Keyboard events cleared
901.4791 	EXP 	surround_grating: autoDraw = False
901.4791 	EXP 	center_grating: autoDraw = False
901.4791 	EXP 	text_2: autoDraw = False
901.4791 	EXP 	surround_grating: ori = -15.0
901.4791 	EXP 	surround_grating: sf = array([2.5, 2.5])
901.4791 	EXP 	surround_grating: phase = array([0.61630113, 0.61630113])
901.4791 	EXP 	center_grating: ori = -4.0
901.4791 	EXP 	center_grating: sf = array([2.5, 2.5])
901.4791 	EXP 	center_grating: phase = array([0.42030786, 0.42030786])
901.9643 	EXP 	surround_grating: autoDraw = True
901.9643 	EXP 	center_grating: autoDraw = True
902.0366 	EXP 	surround_grating: autoDraw = False
902.0366 	EXP 	center_grating: autoDraw = False
902.6177 	EXP 	New trial (rep=0, index=535): <Trial 535 (535 in rep 0) data={'center': -2, 'surround': 0.0, 'type': 'c-2', 'surr_type': 'noss', 'surr_opacity': 0, 'thisN': 535, 'thisTrialN': 535, 'thisRepN': 0}>
902.6274 	INFO 	Keyboard events cleared
902.6270 	EXP 	surround_grating: autoDraw = False
902.6270 	EXP 	center_grating: autoDraw = False
902.6270 	EXP 	text_2: autoDraw = False
902.6270 	EXP 	surround_grating: ori = 0.0
902.6270 	EXP 	surround_grating: sf = array([2.5, 2.5])
902.6270 	EXP 	surround_grating: phase = array([0.42627726, 0.42627726])
902.6270 	EXP 	center_grating: ori = -2.0
902.6270 	EXP 	center_grating: sf = array([2.5, 2.5])
902.6270 	EXP 	center_grating: phase = array([0.81544719, 0.81544719])
903.1144 	EXP 	surround_grating: autoDraw = True
903.1144 	EXP 	center_grating: autoDraw = True
903.1863 	EXP 	surround_grating: autoDraw = False
903.1863 	EXP 	center_grating: autoDraw = False
903.7839 	EXP 	New trial (rep=0, index=536): <Trial 536 (536 in rep 0) data={'center': 0, 'surround': -15.0, 'type': 'c+0', 'surr_type': 'negs', 'surr_opacity': 100, 'thisN': 536, 'thisTrialN': 536, 'thisRepN': 0}>
903.7938 	INFO 	Keyboard events cleared
903.7934 	EXP 	surround_grating: autoDraw = False
903.7934 	EXP 	center_grating: autoDraw = False
903.7934 	EXP 	text_2: autoDraw = False
903.7934 	EXP 	surround_grating: ori = -15.0
903.7934 	EXP 	surround_grating: sf = array([2.5, 2.5])
903.7934 	EXP 	surround_grating: phase = array([0.88598129, 0.88598129])
903.7934 	EXP 	center_grating: ori = 0.0
903.7934 	EXP 	center_grating: sf = array([2.5, 2.5])
903.7934 	EXP 	center_grating: phase = array([0.96169132, 0.96169132])
904.2804 	EXP 	surround_grating: autoDraw = True
904.2804 	EXP 	center_grating: autoDraw = True
904.3534 	EXP 	surround_grating: autoDraw = False
904.3534 	EXP 	center_grating: autoDraw = False
904.9076 	EXP 	New trial (rep=0, index=537): <Trial 537 (537 in rep 0) data={'center': -2, 'surround': 15.0, 'type': 'c-2', 'surr_type': 'poss', 'surr_opacity': 100, 'thisN': 537, 'thisTrialN': 537, 'thisRepN': 0}>
904.9179 	INFO 	Keyboard events cleared
904.9174 	EXP 	surround_grating: autoDraw = False
904.9174 	EXP 	center_grating: autoDraw = False
904.9174 	EXP 	text_2: autoDraw = False
904.9174 	EXP 	surround_grating: ori = 15.0
904.9174 	EXP 	surround_grating: sf = array([2.5, 2.5])
904.9174 	EXP 	surround_grating: phase = array([0.2998567, 0.2998567])
904.9174 	EXP 	center_grating: ori = -2.0
904.9174 	EXP 	center_grating: sf = array([2.5, 2.5])
904.9174 	EXP 	center_grating: phase = array([0.63881779, 0.63881779])
905.4075 	EXP 	surround_grating: autoDraw = True
905.4075 	EXP 	center_grating: autoDraw = True
905.4816 	EXP 	surround_grating: autoDraw = False
905.4816 	EXP 	center_grating: autoDraw = False
906.0184 	EXP 	New trial (rep=0, index=538): <Trial 538 (538 in rep 0) data={'center': 0, 'surround': -15.0, 'type': 'c+0', 'surr_type': 'negs', 'surr_opacity': 100, 'thisN': 538, 'thisTrialN': 538, 'thisRepN': 0}>
906.0287 	INFO 	Keyboard events cleared
906.0282 	EXP 	surround_grating: autoDraw = False
906.0282 	EXP 	center_grating: autoDraw = False
906.0282 	EXP 	text_2: autoDraw = False
906.0282 	EXP 	surround_grating: ori = -15.0
906.0282 	EXP 	surround_grating: sf = array([2.5, 2.5])
906.0282 	EXP 	surround_grating: phase = array([0.56358975, 0.56358975])
906.0282 	EXP 	center_grating: ori = 0.0
906.0282 	EXP 	center_grating: sf = array([2.5, 2.5])
906.0282 	EXP 	center_grating: phase = array([0.83437081, 0.83437081])
906.5144 	EXP 	surround_grating: autoDraw = True
906.5144 	EXP 	center_grating: autoDraw = True
906.5877 	EXP 	surround_grating: autoDraw = False
906.5877 	EXP 	center_grating: autoDraw = False
907.0846 	EXP 	New trial (rep=0, index=539): <Trial 539 (539 in rep 0) data={'center': -2, 'surround': 15.0, 'type': 'c-2', 'surr_type': 'poss', 'surr_opacity': 100, 'thisN': 539, 'thisTrialN': 539, 'thisRepN': 0}>
907.0955 	INFO 	Keyboard events cleared
907.0951 	EXP 	surround_grating: autoDraw = False
907.0951 	EXP 	center_grating: autoDraw = False
907.0951 	EXP 	text_2: autoDraw = False
907.0951 	EXP 	surround_grating: ori = 15.0
907.0951 	EXP 	surround_grating: sf = array([2.5, 2.5])
907.0951 	EXP 	surround_grating: phase = array([0.844148, 0.844148])
907.0951 	EXP 	center_grating: ori = -2.0
907.0951 	EXP 	center_grating: sf = array([2.5, 2.5])
907.0951 	EXP 	center_grating: phase = array([0.7259367, 0.7259367])
907.5813 	EXP 	surround_grating: autoDraw = True
907.5813 	EXP 	center_grating: autoDraw = True
907.6542 	EXP 	surround_grating: autoDraw = False
907.6542 	EXP 	center_grating: autoDraw = False
908.1237 	EXP 	New trial (rep=0, index=540): <Trial 540 (540 in rep 0) data={'center': 4, 'surround': 15.0, 'type': 'c+4', 'surr_type': 'poss', 'surr_opacity': 100, 'thisN': 540, 'thisTrialN': 540, 'thisRepN': 0}>
908.1336 	INFO 	Keyboard events cleared
908.1331 	EXP 	surround_grating: autoDraw = False
908.1331 	EXP 	center_grating: autoDraw = False
908.1331 	EXP 	text_2: autoDraw = False
908.1331 	EXP 	surround_grating: ori = 15.0
908.1331 	EXP 	surround_grating: sf = array([2.5, 2.5])
908.1331 	EXP 	surround_grating: phase = array([0.40521291, 0.40521291])
908.1331 	EXP 	center_grating: ori = 4.0
908.1331 	EXP 	center_grating: sf = array([2.5, 2.5])
908.1331 	EXP 	center_grating: phase = array([0.28725621, 0.28725621])
908.6234 	EXP 	surround_grating: autoDraw = True
908.6234 	EXP 	center_grating: autoDraw = True
908.6984 	EXP 	surround_grating: autoDraw = False
908.6984 	EXP 	center_grating: autoDraw = False
909.1177 	EXP 	New trial (rep=0, index=541): <Trial 541 (541 in rep 0) data={'center': 2, 'surround': -15.0, 'type': 'c+2', 'surr_type': 'negs', 'surr_opacity': 100, 'thisN': 541, 'thisTrialN': 541, 'thisRepN': 0}>
909.1275 	INFO 	Keyboard events cleared
909.1271 	EXP 	surround_grating: autoDraw = False
909.1271 	EXP 	center_grating: autoDraw = False
909.1271 	EXP 	text_2: autoDraw = False
909.1271 	EXP 	surround_grating: ori = -15.0
909.1271 	EXP 	surround_grating: sf = array([2.5, 2.5])
909.1271 	EXP 	surround_grating: phase = array([0.49295057, 0.49295057])
909.1271 	EXP 	center_grating: ori = 2.0
909.1271 	EXP 	center_grating: sf = array([2.5, 2.5])
909.1271 	EXP 	center_grating: phase = array([0.54906403, 0.54906403])
909.6146 	EXP 	surround_grating: autoDraw = True
909.6146 	EXP 	center_grating: autoDraw = True
909.6876 	EXP 	surround_grating: autoDraw = False
909.6876 	EXP 	center_grating: autoDraw = False
910.1897 	EXP 	New trial (rep=0, index=542): <Trial 542 (542 in rep 0) data={'center': 2, 'surround': -15.0, 'type': 'c+2', 'surr_type': 'negs', 'surr_opacity': 100, 'thisN': 542, 'thisTrialN': 542, 'thisRepN': 0}>
910.2153 	INFO 	Keyboard events cleared
910.2149 	EXP 	surround_grating: autoDraw = False
910.2149 	EXP 	center_grating: autoDraw = False
910.2149 	EXP 	text_2: autoDraw = False
910.2149 	EXP 	surround_grating: ori = -15.0
910.2149 	EXP 	surround_grating: sf = array([2.5, 2.5])
910.2149 	EXP 	surround_grating: phase = array([0.16184677, 0.16184677])
910.2149 	EXP 	center_grating: ori = 2.0
910.2149 	EXP 	center_grating: sf = array([2.5, 2.5])
910.2149 	EXP 	center_grating: phase = array([0.3812007, 0.3812007])
910.6901 	EXP 	surround_grating: autoDraw = True
910.6901 	EXP 	center_grating: autoDraw = True
910.7652 	EXP 	surround_grating: autoDraw = False
910.7652 	EXP 	center_grating: autoDraw = False
911.3245 	EXP 	New trial (rep=0, index=543): <Trial 543 (543 in rep 0) data={'center': -2, 'surround': 0.0, 'type': 'c-2', 'surr_type': 'noss', 'surr_opacity': 0, 'thisN': 543, 'thisTrialN': 543, 'thisRepN': 0}>
911.3348 	INFO 	Keyboard events cleared
911.3343 	EXP 	surround_grating: autoDraw = False
911.3343 	EXP 	center_grating: autoDraw = False
911.3343 	EXP 	text_2: autoDraw = False
911.3343 	EXP 	surround_grating: ori = 0.0
911.3343 	EXP 	surround_grating: sf = array([2.5, 2.5])
911.3343 	EXP 	surround_grating: phase = array([0.22598022, 0.22598022])
911.3343 	EXP 	center_grating: ori = -2.0
911.3343 	EXP 	center_grating: sf = array([2.5, 2.5])
911.3343 	EXP 	center_grating: phase = array([0.77929481, 0.77929481])
911.8236 	EXP 	surround_grating: autoDraw = True
911.8236 	EXP 	center_grating: autoDraw = True
911.8984 	EXP 	surround_grating: autoDraw = False
911.8984 	EXP 	center_grating: autoDraw = False
912.3736 	EXP 	New trial (rep=0, index=544): <Trial 544 (544 in rep 0) data={'center': 2, 'surround': 15.0, 'type': 'c+2', 'surr_type': 'poss', 'surr_opacity': 100, 'thisN': 544, 'thisTrialN': 544, 'thisRepN': 0}>
912.3840 	INFO 	Keyboard events cleared
912.3834 	EXP 	surround_grating: autoDraw = False
912.3834 	EXP 	center_grating: autoDraw = False
912.3834 	EXP 	text_2: autoDraw = False
912.3834 	EXP 	surround_grating: ori = 15.0
912.3834 	EXP 	surround_grating: sf = array([2.5, 2.5])
912.3834 	EXP 	surround_grating: phase = array([0.80555799, 0.80555799])
912.3834 	EXP 	center_grating: ori = 2.0
912.3834 	EXP 	center_grating: sf = array([2.5, 2.5])
912.3834 	EXP 	center_grating: phase = array([0.76819182, 0.76819182])
912.8738 	EXP 	surround_grating: autoDraw = True
912.8738 	EXP 	center_grating: autoDraw = True
912.9486 	EXP 	surround_grating: autoDraw = False
912.9486 	EXP 	center_grating: autoDraw = False
913.3344 	EXP 	New trial (rep=0, index=545): <Trial 545 (545 in rep 0) data={'center': 6, 'surround': 15.0, 'type': 'c+6', 'surr_type': 'poss', 'surr_opacity': 100, 'thisN': 545, 'thisTrialN': 545, 'thisRepN': 0}>
913.3448 	INFO 	Keyboard events cleared
913.3443 	EXP 	surround_grating: autoDraw = False
913.3443 	EXP 	center_grating: autoDraw = False
913.3443 	EXP 	text_2: autoDraw = False
913.3443 	EXP 	surround_grating: ori = 15.0
913.3443 	EXP 	surround_grating: sf = array([2.5, 2.5])
913.3443 	EXP 	surround_grating: phase = array([0.03793054, 0.03793054])
913.3443 	EXP 	center_grating: ori = 6.0
913.3443 	EXP 	center_grating: sf = array([2.5, 2.5])
913.3443 	EXP 	center_grating: phase = array([0.83365515, 0.83365515])
913.8315 	EXP 	surround_grating: autoDraw = True
913.8315 	EXP 	center_grating: autoDraw = True
913.9036 	EXP 	surround_grating: autoDraw = False
913.9036 	EXP 	center_grating: autoDraw = False
914.3174 	EXP 	New trial (rep=0, index=546): <Trial 546 (546 in rep 0) data={'center': -2, 'surround': -15.0, 'type': 'c-2', 'surr_type': 'negs', 'surr_opacity': 100, 'thisN': 546, 'thisTrialN': 546, 'thisRepN': 0}>
914.3280 	INFO 	Keyboard events cleared
914.3276 	EXP 	surround_grating: autoDraw = False
914.3276 	EXP 	center_grating: autoDraw = False
914.3276 	EXP 	text_2: autoDraw = False
914.3276 	EXP 	surround_grating: ori = -15.0
914.3276 	EXP 	surround_grating: sf = array([2.5, 2.5])
914.3276 	EXP 	surround_grating: phase = array([0.29640317, 0.29640317])
914.3276 	EXP 	center_grating: ori = -2.0
914.3276 	EXP 	center_grating: sf = array([2.5, 2.5])
914.3276 	EXP 	center_grating: phase = array([0.79667761, 0.79667761])
914.8150 	EXP 	surround_grating: autoDraw = True
914.8150 	EXP 	center_grating: autoDraw = True
914.8871 	EXP 	surround_grating: autoDraw = False
914.8871 	EXP 	center_grating: autoDraw = False
915.4178 	EXP 	New trial (rep=0, index=547): <Trial 547 (547 in rep 0) data={'center': -2, 'surround': 15.0, 'type': 'c-2', 'surr_type': 'poss', 'surr_opacity': 100, 'thisN': 547, 'thisTrialN': 547, 'thisRepN': 0}>
915.4286 	INFO 	Keyboard events cleared
915.4282 	EXP 	surround_grating: autoDraw = False
915.4282 	EXP 	center_grating: autoDraw = False
915.4282 	EXP 	text_2: autoDraw = False
915.4282 	EXP 	surround_grating: ori = 15.0
915.4282 	EXP 	surround_grating: sf = array([2.5, 2.5])
915.4282 	EXP 	surround_grating: phase = array([0.22814647, 0.22814647])
915.4282 	EXP 	center_grating: ori = -2.0
915.4282 	EXP 	center_grating: sf = array([2.5, 2.5])
915.4282 	EXP 	center_grating: phase = array([0.17825127, 0.17825127])
915.9149 	EXP 	surround_grating: autoDraw = True
915.9149 	EXP 	center_grating: autoDraw = True
915.9873 	EXP 	surround_grating: autoDraw = False
915.9873 	EXP 	center_grating: autoDraw = False
916.3904 	EXP 	New trial (rep=0, index=548): <Trial 548 (548 in rep 0) data={'center': 0, 'surround': 15.0, 'type': 'c+0', 'surr_type': 'poss', 'surr_opacity': 100, 'thisN': 548, 'thisTrialN': 548, 'thisRepN': 0}>
916.4011 	INFO 	Keyboard events cleared
916.4005 	EXP 	surround_grating: autoDraw = False
916.4005 	EXP 	center_grating: autoDraw = False
916.4005 	EXP 	text_2: autoDraw = False
916.4005 	EXP 	surround_grating: ori = 15.0
916.4005 	EXP 	surround_grating: sf = array([2.5, 2.5])
916.4005 	EXP 	surround_grating: phase = array([0.31031963, 0.31031963])
916.4005 	EXP 	center_grating: ori = 0.0
916.4005 	EXP 	center_grating: sf = array([2.5, 2.5])
916.4005 	EXP 	center_grating: phase = array([0.08145559, 0.08145559])
916.8901 	EXP 	surround_grating: autoDraw = True
916.8901 	EXP 	center_grating: autoDraw = True
916.9654 	EXP 	surround_grating: autoDraw = False
916.9654 	EXP 	center_grating: autoDraw = False
917.3944 	EXP 	New trial (rep=0, index=549): <Trial 549 (549 in rep 0) data={'center': 0, 'surround': 15.0, 'type': 'c+0', 'surr_type': 'poss', 'surr_opacity': 100, 'thisN': 549, 'thisTrialN': 549, 'thisRepN': 0}>
917.4012 	INFO 	Keyboard events cleared
917.4009 	EXP 	surround_grating: autoDraw = False
917.4009 	EXP 	center_grating: autoDraw = False
917.4009 	EXP 	text_2: autoDraw = False
917.4009 	EXP 	surround_grating: ori = 15.0
917.4009 	EXP 	surround_grating: sf = array([2.5, 2.5])
917.4009 	EXP 	surround_grating: phase = array([0.77272678, 0.77272678])
917.4009 	EXP 	center_grating: ori = 0.0
917.4009 	EXP 	center_grating: sf = array([2.5, 2.5])
917.4009 	EXP 	center_grating: phase = array([0.5916815, 0.5916815])
917.8904 	EXP 	surround_grating: autoDraw = True
917.8904 	EXP 	center_grating: autoDraw = True
917.9655 	EXP 	surround_grating: autoDraw = False
917.9655 	EXP 	center_grating: autoDraw = False
918.3014 	EXP 	New trial (rep=0, index=550): <Trial 550 (550 in rep 0) data={'center': -4, 'surround': -15.0, 'type': 'c-4', 'surr_type': 'negs', 'surr_opacity': 100, 'thisN': 550, 'thisTrialN': 550, 'thisRepN': 0}>
918.3109 	INFO 	Keyboard events cleared
918.3105 	EXP 	surround_grating: autoDraw = False
918.3105 	EXP 	center_grating: autoDraw = False
918.3105 	EXP 	text_2: autoDraw = False
918.3105 	EXP 	surround_grating: ori = -15.0
918.3105 	EXP 	surround_grating: sf = array([2.5, 2.5])
918.3105 	EXP 	surround_grating: phase = array([0.00706491, 0.00706491])
918.3105 	EXP 	center_grating: ori = -4.0
918.3105 	EXP 	center_grating: sf = array([2.5, 2.5])
918.3105 	EXP 	center_grating: phase = array([0.52391247, 0.52391247])
918.7984 	EXP 	surround_grating: autoDraw = True
918.7984 	EXP 	center_grating: autoDraw = True
918.8707 	EXP 	surround_grating: autoDraw = False
918.8707 	EXP 	center_grating: autoDraw = False
919.2399 	EXP 	New trial (rep=0, index=551): <Trial 551 (551 in rep 0) data={'center': 2, 'surround': 15.0, 'type': 'c+2', 'surr_type': 'poss', 'surr_opacity': 100, 'thisN': 551, 'thisTrialN': 551, 'thisRepN': 0}>
919.2655 	INFO 	Keyboard events cleared
919.2651 	EXP 	surround_grating: autoDraw = False
919.2651 	EXP 	center_grating: autoDraw = False
919.2651 	EXP 	text_2: autoDraw = False
919.2651 	EXP 	surround_grating: ori = 15.0
919.2651 	EXP 	surround_grating: sf = array([2.5, 2.5])
919.2651 	EXP 	surround_grating: phase = array([0.62301252, 0.62301252])
919.2651 	EXP 	center_grating: ori = 2.0
919.2651 	EXP 	center_grating: sf = array([2.5, 2.5])
919.2651 	EXP 	center_grating: phase = array([0.09128559, 0.09128559])
919.7413 	EXP 	surround_grating: autoDraw = True
919.7413 	EXP 	center_grating: autoDraw = True
919.8157 	EXP 	surround_grating: autoDraw = False
919.8157 	EXP 	center_grating: autoDraw = False
920.2183 	EXP 	New trial (rep=0, index=552): <Trial 552 (552 in rep 0) data={'center': 1, 'surround': 0.0, 'type': 'c+1', 'surr_type': 'noss', 'surr_opacity': 0, 'thisN': 552, 'thisTrialN': 552, 'thisRepN': 0}>
920.2290 	INFO 	Keyboard events cleared
920.2286 	EXP 	surround_grating: autoDraw = False
920.2286 	EXP 	center_grating: autoDraw = False
920.2286 	EXP 	text_2: autoDraw = False
920.2286 	EXP 	surround_grating: ori = 0.0
920.2286 	EXP 	surround_grating: sf = array([2.5, 2.5])
920.2286 	EXP 	surround_grating: phase = array([0.0436891, 0.0436891])
920.2286 	EXP 	center_grating: ori = 1.0
920.2286 	EXP 	center_grating: sf = array([2.5, 2.5])
920.2286 	EXP 	center_grating: phase = array([0.2108319, 0.2108319])
920.7150 	EXP 	surround_grating: autoDraw = True
920.7150 	EXP 	center_grating: autoDraw = True
920.7870 	EXP 	surround_grating: autoDraw = False
920.7870 	EXP 	center_grating: autoDraw = False
921.4021 	EXP 	New trial (rep=0, index=553): <Trial 553 (553 in rep 0) data={'center': -2, 'surround': 0.0, 'type': 'c-2', 'surr_type': 'noss', 'surr_opacity': 0, 'thisN': 553, 'thisTrialN': 553, 'thisRepN': 0}>
921.4125 	INFO 	Keyboard events cleared
921.4120 	EXP 	surround_grating: autoDraw = False
921.4120 	EXP 	center_grating: autoDraw = False
921.4120 	EXP 	text_2: autoDraw = False
921.4120 	EXP 	surround_grating: ori = 0.0
921.4120 	EXP 	surround_grating: sf = array([2.5, 2.5])
921.4120 	EXP 	surround_grating: phase = array([0.09637012, 0.09637012])
921.4120 	EXP 	center_grating: ori = -2.0
921.4120 	EXP 	center_grating: sf = array([2.5, 2.5])
921.4120 	EXP 	center_grating: phase = array([0.43582671, 0.43582671])
921.8985 	EXP 	surround_grating: autoDraw = True
921.8985 	EXP 	center_grating: autoDraw = True
921.9707 	EXP 	surround_grating: autoDraw = False
921.9707 	EXP 	center_grating: autoDraw = False
922.4182 	EXP 	New trial (rep=0, index=554): <Trial 554 (554 in rep 0) data={'center': -1, 'surround': 0.0, 'type': 'c-1', 'surr_type': 'noss', 'surr_opacity': 0, 'thisN': 554, 'thisTrialN': 554, 'thisRepN': 0}>
922.4283 	INFO 	Keyboard events cleared
922.4278 	EXP 	surround_grating: autoDraw = False
922.4278 	EXP 	center_grating: autoDraw = False
922.4278 	EXP 	text_2: autoDraw = False
922.4278 	EXP 	surround_grating: ori = 0.0
922.4278 	EXP 	surround_grating: sf = array([2.5, 2.5])
922.4278 	EXP 	surround_grating: phase = array([0.50041741, 0.50041741])
922.4278 	EXP 	center_grating: ori = -1.0
922.4278 	EXP 	center_grating: sf = array([2.5, 2.5])
922.4278 	EXP 	center_grating: phase = array([0.56166191, 0.56166191])
922.9151 	EXP 	surround_grating: autoDraw = True
922.9151 	EXP 	center_grating: autoDraw = True
922.9875 	EXP 	surround_grating: autoDraw = False
922.9875 	EXP 	center_grating: autoDraw = False
923.3250 	EXP 	New trial (rep=0, index=555): <Trial 555 (555 in rep 0) data={'center': -4, 'surround': 0.0, 'type': 'c-4', 'surr_type': 'noss', 'surr_opacity': 0, 'thisN': 555, 'thisTrialN': 555, 'thisRepN': 0}>
923.3352 	INFO 	Keyboard events cleared
923.3347 	EXP 	surround_grating: autoDraw = False
923.3347 	EXP 	center_grating: autoDraw = False
923.3347 	EXP 	text_2: autoDraw = False
923.3347 	EXP 	surround_grating: ori = 0.0
923.3347 	EXP 	surround_grating: sf = array([2.5, 2.5])
923.3347 	EXP 	surround_grating: phase = array([0.26393198, 0.26393198])
923.3347 	EXP 	center_grating: ori = -4.0
923.3347 	EXP 	center_grating: sf = array([2.5, 2.5])
923.3347 	EXP 	center_grating: phase = array([0.28320836, 0.28320836])
923.8238 	EXP 	surround_grating: autoDraw = True
923.8238 	EXP 	center_grating: autoDraw = True
923.8992 	EXP 	surround_grating: autoDraw = False
923.8992 	EXP 	center_grating: autoDraw = False
924.2563 	EXP 	New trial (rep=0, index=556): <Trial 556 (556 in rep 0) data={'center': -6, 'surround': -15.0, 'type': 'c-6', 'surr_type': 'negs', 'surr_opacity': 100, 'thisN': 556, 'thisTrialN': 556, 'thisRepN': 0}>
924.2660 	INFO 	Keyboard events cleared
924.2654 	EXP 	surround_grating: autoDraw = False
924.2654 	EXP 	center_grating: autoDraw = False
924.2654 	EXP 	text_2: autoDraw = False
924.2654 	EXP 	surround_grating: ori = -15.0
924.2654 	EXP 	surround_grating: sf = array([2.5, 2.5])
924.2654 	EXP 	surround_grating: phase = array([0.47004795, 0.47004795])
924.2654 	EXP 	center_grating: ori = -6.0
924.2654 	EXP 	center_grating: sf = array([2.5, 2.5])
924.2654 	EXP 	center_grating: phase = array([0.94975833, 0.94975833])
924.7571 	EXP 	surround_grating: autoDraw = True
924.7571 	EXP 	center_grating: autoDraw = True
924.8325 	EXP 	surround_grating: autoDraw = False
924.8325 	EXP 	center_grating: autoDraw = False
925.4248 	EXP 	New trial (rep=0, index=557): <Trial 557 (557 in rep 0) data={'center': 4, 'surround': 0.0, 'type': 'c+4', 'surr_type': 'noss', 'surr_opacity': 0, 'thisN': 557, 'thisTrialN': 557, 'thisRepN': 0}>
925.4353 	INFO 	Keyboard events cleared
925.4347 	EXP 	surround_grating: autoDraw = False
925.4347 	EXP 	center_grating: autoDraw = False
925.4347 	EXP 	text_2: autoDraw = False
925.4347 	EXP 	surround_grating: ori = 0.0
925.4347 	EXP 	surround_grating: sf = array([2.5, 2.5])
925.4347 	EXP 	surround_grating: phase = array([0.97103132, 0.97103132])
925.4347 	EXP 	center_grating: ori = 4.0
925.4347 	EXP 	center_grating: sf = array([2.5, 2.5])
925.4347 	EXP 	center_grating: phase = array([0.07114766, 0.07114766])
925.9237 	EXP 	surround_grating: autoDraw = True
925.9237 	EXP 	center_grating: autoDraw = True
925.9989 	EXP 	surround_grating: autoDraw = False
925.9989 	EXP 	center_grating: autoDraw = False
926.5202 	EXP 	New trial (rep=0, index=558): <Trial 558 (558 in rep 0) data={'center': 0, 'surround': 15.0, 'type': 'c+0', 'surr_type': 'poss', 'surr_opacity': 100, 'thisN': 558, 'thisTrialN': 558, 'thisRepN': 0}>
926.5314 	INFO 	Keyboard events cleared
926.5310 	EXP 	surround_grating: autoDraw = False
926.5310 	EXP 	center_grating: autoDraw = False
926.5310 	EXP 	text_2: autoDraw = False
926.5310 	EXP 	surround_grating: ori = 15.0
926.5310 	EXP 	surround_grating: sf = array([2.5, 2.5])
926.5310 	EXP 	surround_grating: phase = array([0.48867224, 0.48867224])
926.5310 	EXP 	center_grating: ori = 0.0
926.5310 	EXP 	center_grating: sf = array([2.5, 2.5])
926.5310 	EXP 	center_grating: phase = array([0.66670818, 0.66670818])
927.0153 	EXP 	surround_grating: autoDraw = True
927.0153 	EXP 	center_grating: autoDraw = True
927.0882 	EXP 	surround_grating: autoDraw = False
927.0882 	EXP 	center_grating: autoDraw = False
927.5523 	EXP 	New trial (rep=0, index=559): <Trial 559 (559 in rep 0) data={'center': -4, 'surround': 0.0, 'type': 'c-4', 'surr_type': 'noss', 'surr_opacity': 0, 'thisN': 559, 'thisTrialN': 559, 'thisRepN': 0}>
927.5627 	INFO 	Keyboard events cleared
927.5622 	EXP 	surround_grating: autoDraw = False
927.5622 	EXP 	center_grating: autoDraw = False
927.5622 	EXP 	text_2: autoDraw = False
927.5622 	EXP 	surround_grating: ori = 0.0
927.5622 	EXP 	surround_grating: sf = array([2.5, 2.5])
927.5622 	EXP 	surround_grating: phase = array([0.9126695, 0.9126695])
927.5622 	EXP 	center_grating: ori = -4.0
927.5622 	EXP 	center_grating: sf = array([2.5, 2.5])
927.5622 	EXP 	center_grating: phase = array([0.15854464, 0.15854464])
928.0487 	EXP 	surround_grating: autoDraw = True
928.0487 	EXP 	center_grating: autoDraw = True
928.1218 	EXP 	surround_grating: autoDraw = False
928.1218 	EXP 	center_grating: autoDraw = False
928.5531 	EXP 	New trial (rep=0, index=560): <Trial 560 (560 in rep 0) data={'center': 2, 'surround': 0.0, 'type': 'c+2', 'surr_type': 'noss', 'surr_opacity': 0, 'thisN': 560, 'thisTrialN': 560, 'thisRepN': 0}>
928.5635 	INFO 	Keyboard events cleared
928.5631 	EXP 	surround_grating: autoDraw = False
928.5631 	EXP 	center_grating: autoDraw = False
928.5631 	EXP 	text_2: autoDraw = False
928.5631 	EXP 	surround_grating: ori = 0.0
928.5631 	EXP 	surround_grating: sf = array([2.5, 2.5])
928.5631 	EXP 	surround_grating: phase = array([0.41289327, 0.41289327])
928.5631 	EXP 	center_grating: ori = 2.0
928.5631 	EXP 	center_grating: sf = array([2.5, 2.5])
928.5631 	EXP 	center_grating: phase = array([0.1354987, 0.1354987])
929.0487 	EXP 	surround_grating: autoDraw = True
929.0487 	EXP 	center_grating: autoDraw = True
929.1217 	EXP 	surround_grating: autoDraw = False
929.1217 	EXP 	center_grating: autoDraw = False
929.6518 	EXP 	New trial (rep=0, index=561): <Trial 561 (561 in rep 0) data={'center': -8, 'surround': -15.0, 'type': 'c-8', 'surr_type': 'negs', 'surr_opacity': 100, 'thisN': 561, 'thisTrialN': 561, 'thisRepN': 0}>
929.6637 	INFO 	Keyboard events cleared
929.6631 	EXP 	surround_grating: autoDraw = False
929.6631 	EXP 	center_grating: autoDraw = False
929.6631 	EXP 	text_2: autoDraw = False
929.6631 	EXP 	surround_grating: ori = -15.0
929.6631 	EXP 	surround_grating: sf = array([2.5, 2.5])
929.6631 	EXP 	surround_grating: phase = array([0.79196723, 0.79196723])
929.6631 	EXP 	center_grating: ori = -8.0
929.6631 	EXP 	center_grating: sf = array([2.5, 2.5])
929.6631 	EXP 	center_grating: phase = array([0.82600613, 0.82600613])
930.1486 	EXP 	surround_grating: autoDraw = True
930.1486 	EXP 	center_grating: autoDraw = True
930.2210 	EXP 	surround_grating: autoDraw = False
930.2210 	EXP 	center_grating: autoDraw = False
930.5698 	EXP 	New trial (rep=0, index=562): <Trial 562 (562 in rep 0) data={'center': 1, 'surround': 0.0, 'type': 'c+1', 'surr_type': 'noss', 'surr_opacity': 0, 'thisN': 562, 'thisTrialN': 562, 'thisRepN': 0}>
930.5801 	INFO 	Keyboard events cleared
930.5797 	EXP 	surround_grating: autoDraw = False
930.5797 	EXP 	center_grating: autoDraw = False
930.5797 	EXP 	text_2: autoDraw = False
930.5797 	EXP 	surround_grating: ori = 0.0
930.5797 	EXP 	surround_grating: sf = array([2.5, 2.5])
930.5797 	EXP 	surround_grating: phase = array([0.38622942, 0.38622942])
930.5797 	EXP 	center_grating: ori = 1.0
930.5797 	EXP 	center_grating: sf = array([2.5, 2.5])
930.5797 	EXP 	center_grating: phase = array([0.17977919, 0.17977919])
931.0654 	EXP 	surround_grating: autoDraw = True
931.0654 	EXP 	center_grating: autoDraw = True
931.1389 	EXP 	surround_grating: autoDraw = False
931.1389 	EXP 	center_grating: autoDraw = False
931.7518 	EXP 	New trial (rep=0, index=563): <Trial 563 (563 in rep 0) data={'center': -4, 'surround': -15.0, 'type': 'c-4', 'surr_type': 'negs', 'surr_opacity': 100, 'thisN': 563, 'thisTrialN': 563, 'thisRepN': 0}>
931.7621 	INFO 	Keyboard events cleared
931.7617 	EXP 	surround_grating: autoDraw = False
931.7617 	EXP 	center_grating: autoDraw = False
931.7617 	EXP 	text_2: autoDraw = False
931.7617 	EXP 	surround_grating: ori = -15.0
931.7617 	EXP 	surround_grating: sf = array([2.5, 2.5])
931.7617 	EXP 	surround_grating: phase = array([0.04778275, 0.04778275])
931.7617 	EXP 	center_grating: ori = -4.0
931.7617 	EXP 	center_grating: sf = array([2.5, 2.5])
931.7617 	EXP 	center_grating: phase = array([0.51293095, 0.51293095])
932.2489 	EXP 	surround_grating: autoDraw = True
932.2489 	EXP 	center_grating: autoDraw = True
932.3210 	EXP 	surround_grating: autoDraw = False
932.3210 	EXP 	center_grating: autoDraw = False
932.8189 	EXP 	New trial (rep=0, index=564): <Trial 564 (564 in rep 0) data={'center': -4, 'surround': 0.0, 'type': 'c-4', 'surr_type': 'noss', 'surr_opacity': 0, 'thisN': 564, 'thisTrialN': 564, 'thisRepN': 0}>
932.8299 	INFO 	Keyboard events cleared
932.8295 	EXP 	surround_grating: autoDraw = False
932.8295 	EXP 	center_grating: autoDraw = False
932.8295 	EXP 	text_2: autoDraw = False
932.8295 	EXP 	surround_grating: ori = 0.0
932.8295 	EXP 	surround_grating: sf = array([2.5, 2.5])
932.8295 	EXP 	surround_grating: phase = array([0.70660626, 0.70660626])
932.8295 	EXP 	center_grating: ori = -4.0
932.8295 	EXP 	center_grating: sf = array([2.5, 2.5])
932.8295 	EXP 	center_grating: phase = array([0.35438964, 0.35438964])
933.3156 	EXP 	surround_grating: autoDraw = True
933.3156 	EXP 	center_grating: autoDraw = True
933.3878 	EXP 	surround_grating: autoDraw = False
933.3878 	EXP 	center_grating: autoDraw = False
933.7356 	EXP 	New trial (rep=0, index=565): <Trial 565 (565 in rep 0) data={'center': -2, 'surround': 0.0, 'type': 'c-2', 'surr_type': 'noss', 'surr_opacity': 0, 'thisN': 565, 'thisTrialN': 565, 'thisRepN': 0}>
933.7457 	INFO 	Keyboard events cleared
933.7453 	EXP 	surround_grating: autoDraw = False
933.7453 	EXP 	center_grating: autoDraw = False
933.7453 	EXP 	text_2: autoDraw = False
933.7453 	EXP 	surround_grating: ori = 0.0
933.7453 	EXP 	surround_grating: sf = array([2.5, 2.5])
933.7453 	EXP 	surround_grating: phase = array([0.02052577, 0.02052577])
933.7453 	EXP 	center_grating: ori = -2.0
933.7453 	EXP 	center_grating: sf = array([2.5, 2.5])
933.7453 	EXP 	center_grating: phase = array([0.54096102, 0.54096102])
934.2322 	EXP 	surround_grating: autoDraw = True
934.2322 	EXP 	center_grating: autoDraw = True
934.3043 	EXP 	surround_grating: autoDraw = False
934.3043 	EXP 	center_grating: autoDraw = False
934.7184 	EXP 	New trial (rep=0, index=566): <Trial 566 (566 in rep 0) data={'center': -4, 'surround': 0.0, 'type': 'c-4', 'surr_type': 'noss', 'surr_opacity': 0, 'thisN': 566, 'thisTrialN': 566, 'thisRepN': 0}>
934.7283 	INFO 	Keyboard events cleared
934.7278 	EXP 	surround_grating: autoDraw = False
934.7278 	EXP 	center_grating: autoDraw = False
934.7278 	EXP 	text_2: autoDraw = False
934.7278 	EXP 	surround_grating: ori = 0.0
934.7278 	EXP 	surround_grating: sf = array([2.5, 2.5])
934.7278 	EXP 	surround_grating: phase = array([0.75204498, 0.75204498])
934.7278 	EXP 	center_grating: ori = -4.0
934.7278 	EXP 	center_grating: sf = array([2.5, 2.5])
934.7278 	EXP 	center_grating: phase = array([0.53734517, 0.53734517])
935.2156 	EXP 	surround_grating: autoDraw = True
935.2156 	EXP 	center_grating: autoDraw = True
935.2888 	EXP 	surround_grating: autoDraw = False
935.2888 	EXP 	center_grating: autoDraw = False
935.5851 	EXP 	New trial (rep=0, index=567): <Trial 567 (567 in rep 0) data={'center': 8, 'surround': 15.0, 'type': 'c+8', 'surr_type': 'poss', 'surr_opacity': 100, 'thisN': 567, 'thisTrialN': 567, 'thisRepN': 0}>
935.5951 	INFO 	Keyboard events cleared
935.5946 	EXP 	surround_grating: autoDraw = False
935.5946 	EXP 	center_grating: autoDraw = False
935.5946 	EXP 	text_2: autoDraw = False
935.5946 	EXP 	surround_grating: ori = 15.0
935.5946 	EXP 	surround_grating: sf = array([2.5, 2.5])
935.5946 	EXP 	surround_grating: phase = array([0.58725523, 0.58725523])
935.5946 	EXP 	center_grating: ori = 8.0
935.5946 	EXP 	center_grating: sf = array([2.5, 2.5])
935.5946 	EXP 	center_grating: phase = array([0.39680043, 0.39680043])
936.0823 	EXP 	surround_grating: autoDraw = True
936.0823 	EXP 	center_grating: autoDraw = True
936.1547 	EXP 	surround_grating: autoDraw = False
936.1547 	EXP 	center_grating: autoDraw = False
936.4083 	EXP 	New trial (rep=0, index=568): <Trial 568 (568 in rep 0) data={'center': 2, 'surround': 0.0, 'type': 'c+2', 'surr_type': 'noss', 'surr_opacity': 0, 'thisN': 568, 'thisTrialN': 568, 'thisRepN': 0}>
936.4187 	INFO 	Keyboard events cleared
936.4182 	EXP 	surround_grating: autoDraw = False
936.4182 	EXP 	center_grating: autoDraw = False
936.4182 	EXP 	text_2: autoDraw = False
936.4182 	EXP 	surround_grating: ori = 0.0
936.4182 	EXP 	surround_grating: sf = array([2.5, 2.5])
936.4182 	EXP 	surround_grating: phase = array([0.63313404, 0.63313404])
936.4182 	EXP 	center_grating: ori = 2.0
936.4182 	EXP 	center_grating: sf = array([2.5, 2.5])
936.4182 	EXP 	center_grating: phase = array([0.36369736, 0.36369736])
936.9075 	EXP 	surround_grating: autoDraw = True
936.9075 	EXP 	center_grating: autoDraw = True
936.9828 	EXP 	surround_grating: autoDraw = False
936.9828 	EXP 	center_grating: autoDraw = False
937.4350 	EXP 	New trial (rep=0, index=569): <Trial 569 (569 in rep 0) data={'center': 0, 'surround': 15.0, 'type': 'c+0', 'surr_type': 'poss', 'surr_opacity': 100, 'thisN': 569, 'thisTrialN': 569, 'thisRepN': 0}>
937.4449 	INFO 	Keyboard events cleared
937.4445 	EXP 	surround_grating: autoDraw = False
937.4445 	EXP 	center_grating: autoDraw = False
937.4445 	EXP 	text_2: autoDraw = False
937.4445 	EXP 	surround_grating: ori = 15.0
937.4445 	EXP 	surround_grating: sf = array([2.5, 2.5])
937.4445 	EXP 	surround_grating: phase = array([0.26699896, 0.26699896])
937.4445 	EXP 	center_grating: ori = 0.0
937.4445 	EXP 	center_grating: sf = array([2.5, 2.5])
937.4445 	EXP 	center_grating: phase = array([0.00939857, 0.00939857])
937.9323 	EXP 	surround_grating: autoDraw = True
937.9323 	EXP 	center_grating: autoDraw = True
938.0042 	EXP 	surround_grating: autoDraw = False
938.0042 	EXP 	center_grating: autoDraw = False
938.5578 	EXP 	New trial (rep=0, index=570): <Trial 570 (570 in rep 0) data={'center': 1, 'surround': 0.0, 'type': 'c+1', 'surr_type': 'noss', 'surr_opacity': 0, 'thisN': 570, 'thisTrialN': 570, 'thisRepN': 0}>
938.5683 	INFO 	Keyboard events cleared
938.5679 	EXP 	surround_grating: autoDraw = False
938.5679 	EXP 	center_grating: autoDraw = False
938.5679 	EXP 	text_2: autoDraw = False
938.5679 	EXP 	surround_grating: ori = 0.0
938.5679 	EXP 	surround_grating: sf = array([2.5, 2.5])
938.5679 	EXP 	surround_grating: phase = array([0.32346973, 0.32346973])
938.5679 	EXP 	center_grating: ori = 1.0
938.5679 	EXP 	center_grating: sf = array([2.5, 2.5])
938.5679 	EXP 	center_grating: phase = array([0.14775703, 0.14775703])
939.0584 	EXP 	surround_grating: autoDraw = True
939.0584 	EXP 	center_grating: autoDraw = True
939.1329 	EXP 	surround_grating: autoDraw = False
939.1329 	EXP 	center_grating: autoDraw = False
939.5260 	EXP 	New trial (rep=0, index=571): <Trial 571 (571 in rep 0) data={'center': -8, 'surround': -15.0, 'type': 'c-8', 'surr_type': 'negs', 'surr_opacity': 100, 'thisN': 571, 'thisTrialN': 571, 'thisRepN': 0}>
939.5357 	INFO 	Keyboard events cleared
939.5352 	EXP 	surround_grating: autoDraw = False
939.5352 	EXP 	center_grating: autoDraw = False
939.5352 	EXP 	text_2: autoDraw = False
939.5352 	EXP 	surround_grating: ori = -15.0
939.5352 	EXP 	surround_grating: sf = array([2.5, 2.5])
939.5352 	EXP 	surround_grating: phase = array([0.90640515, 0.90640515])
939.5352 	EXP 	center_grating: ori = -8.0
939.5352 	EXP 	center_grating: sf = array([2.5, 2.5])
939.5352 	EXP 	center_grating: phase = array([0.26756996, 0.26756996])
940.0250 	EXP 	surround_grating: autoDraw = True
940.0250 	EXP 	center_grating: autoDraw = True
940.0996 	EXP 	surround_grating: autoDraw = False
940.0996 	EXP 	center_grating: autoDraw = False
940.5523 	EXP 	New trial (rep=0, index=572): <Trial 572 (572 in rep 0) data={'center': 0, 'surround': -15.0, 'type': 'c+0', 'surr_type': 'negs', 'surr_opacity': 100, 'thisN': 572, 'thisTrialN': 572, 'thisRepN': 0}>
940.5626 	INFO 	Keyboard events cleared
940.5621 	EXP 	surround_grating: autoDraw = False
940.5621 	EXP 	center_grating: autoDraw = False
940.5621 	EXP 	text_2: autoDraw = False
940.5621 	EXP 	surround_grating: ori = -15.0
940.5621 	EXP 	surround_grating: sf = array([2.5, 2.5])
940.5621 	EXP 	surround_grating: phase = array([0.82851005, 0.82851005])
940.5621 	EXP 	center_grating: ori = 0.0
940.5621 	EXP 	center_grating: sf = array([2.5, 2.5])
940.5621 	EXP 	center_grating: phase = array([0.71954632, 0.71954632])
941.0491 	EXP 	surround_grating: autoDraw = True
941.0491 	EXP 	center_grating: autoDraw = True
941.1214 	EXP 	surround_grating: autoDraw = False
941.1214 	EXP 	center_grating: autoDraw = False
941.4686 	EXP 	New trial (rep=0, index=573): <Trial 573 (573 in rep 0) data={'center': 6, 'surround': 15.0, 'type': 'c+6', 'surr_type': 'poss', 'surr_opacity': 100, 'thisN': 573, 'thisTrialN': 573, 'thisRepN': 0}>
941.4785 	INFO 	Keyboard events cleared
941.4779 	EXP 	surround_grating: autoDraw = False
941.4779 	EXP 	center_grating: autoDraw = False
941.4779 	EXP 	text_2: autoDraw = False
941.4779 	EXP 	surround_grating: ori = 15.0
941.4779 	EXP 	surround_grating: sf = array([2.5, 2.5])
941.4779 	EXP 	surround_grating: phase = array([0.40774685, 0.40774685])
941.4779 	EXP 	center_grating: ori = 6.0
941.4779 	EXP 	center_grating: sf = array([2.5, 2.5])
941.4779 	EXP 	center_grating: phase = array([0.41982825, 0.41982825])
941.9657 	EXP 	surround_grating: autoDraw = True
941.9657 	EXP 	center_grating: autoDraw = True
942.0387 	EXP 	surround_grating: autoDraw = False
942.0387 	EXP 	center_grating: autoDraw = False
942.3522 	EXP 	New trial (rep=0, index=574): <Trial 574 (574 in rep 0) data={'center': -1, 'surround': 0.0, 'type': 'c-1', 'surr_type': 'noss', 'surr_opacity': 0, 'thisN': 574, 'thisTrialN': 574, 'thisRepN': 0}>
942.3621 	INFO 	Keyboard events cleared
942.3617 	EXP 	surround_grating: autoDraw = False
942.3617 	EXP 	center_grating: autoDraw = False
942.3617 	EXP 	text_2: autoDraw = False
942.3617 	EXP 	surround_grating: ori = 0.0
942.3617 	EXP 	surround_grating: sf = array([2.5, 2.5])
942.3617 	EXP 	surround_grating: phase = array([0.1064843, 0.1064843])
942.3617 	EXP 	center_grating: ori = -1.0
942.3617 	EXP 	center_grating: sf = array([2.5, 2.5])
942.3617 	EXP 	center_grating: phase = array([0.39970473, 0.39970473])
942.8491 	EXP 	surround_grating: autoDraw = True
942.8491 	EXP 	center_grating: autoDraw = True
942.9215 	EXP 	surround_grating: autoDraw = False
942.9215 	EXP 	center_grating: autoDraw = False
943.1915 	EXP 	New trial (rep=0, index=575): <Trial 575 (575 in rep 0) data={'center': 8, 'surround': 15.0, 'type': 'c+8', 'surr_type': 'poss', 'surr_opacity': 100, 'thisN': 575, 'thisTrialN': 575, 'thisRepN': 0}>
943.2018 	INFO 	Keyboard events cleared
943.2013 	EXP 	surround_grating: autoDraw = False
943.2013 	EXP 	center_grating: autoDraw = False
943.2013 	EXP 	text_2: autoDraw = False
943.2013 	EXP 	surround_grating: ori = 15.0
943.2013 	EXP 	surround_grating: sf = array([2.5, 2.5])
943.2013 	EXP 	surround_grating: phase = array([0.47678212, 0.47678212])
943.2013 	EXP 	center_grating: ori = 8.0
943.2013 	EXP 	center_grating: sf = array([2.5, 2.5])
943.2013 	EXP 	center_grating: phase = array([0.41419528, 0.41419528])
943.6918 	EXP 	surround_grating: autoDraw = True
943.6918 	EXP 	center_grating: autoDraw = True
943.7663 	EXP 	surround_grating: autoDraw = False
943.7663 	EXP 	center_grating: autoDraw = False
944.0749 	EXP 	New trial (rep=0, index=576): <Trial 576 (576 in rep 0) data={'center': 2, 'surround': 0.0, 'type': 'c+2', 'surr_type': 'noss', 'surr_opacity': 0, 'thisN': 576, 'thisTrialN': 576, 'thisRepN': 0}>
944.0853 	INFO 	Keyboard events cleared
944.0849 	EXP 	surround_grating: autoDraw = False
944.0849 	EXP 	center_grating: autoDraw = False
944.0849 	EXP 	text_2: autoDraw = False
944.0849 	EXP 	surround_grating: ori = 0.0
944.0849 	EXP 	surround_grating: sf = array([2.5, 2.5])
944.0849 	EXP 	surround_grating: phase = array([0.1926063, 0.1926063])
944.0849 	EXP 	center_grating: ori = 2.0
944.0849 	EXP 	center_grating: sf = array([2.5, 2.5])
944.0849 	EXP 	center_grating: phase = array([0.32043801, 0.32043801])
944.5747 	EXP 	surround_grating: autoDraw = True
944.5747 	EXP 	center_grating: autoDraw = True
944.6495 	EXP 	surround_grating: autoDraw = False
944.6495 	EXP 	center_grating: autoDraw = False
945.1027 	EXP 	New trial (rep=0, index=577): <Trial 577 (577 in rep 0) data={'center': 6, 'surround': 15.0, 'type': 'c+6', 'surr_type': 'poss', 'surr_opacity': 100, 'thisN': 577, 'thisTrialN': 577, 'thisRepN': 0}>
945.1123 	INFO 	Keyboard events cleared
945.1119 	EXP 	surround_grating: autoDraw = False
945.1119 	EXP 	center_grating: autoDraw = False
945.1119 	EXP 	text_2: autoDraw = False
945.1119 	EXP 	surround_grating: ori = 15.0
945.1119 	EXP 	surround_grating: sf = array([2.5, 2.5])
945.1119 	EXP 	surround_grating: phase = array([0.23915987, 0.23915987])
945.1119 	EXP 	center_grating: ori = 6.0
945.1119 	EXP 	center_grating: sf = array([2.5, 2.5])
945.1119 	EXP 	center_grating: phase = array([0.25854012, 0.25854012])
945.5993 	EXP 	surround_grating: autoDraw = True
945.5993 	EXP 	center_grating: autoDraw = True
945.6722 	EXP 	surround_grating: autoDraw = False
945.6722 	EXP 	center_grating: autoDraw = False
946.1585 	EXP 	New trial (rep=0, index=578): <Trial 578 (578 in rep 0) data={'center': -8, 'surround': -15.0, 'type': 'c-8', 'surr_type': 'negs', 'surr_opacity': 100, 'thisN': 578, 'thisTrialN': 578, 'thisRepN': 0}>
946.1687 	INFO 	Keyboard events cleared
946.1683 	EXP 	surround_grating: autoDraw = False
946.1683 	EXP 	center_grating: autoDraw = False
946.1683 	EXP 	text_2: autoDraw = False
946.1683 	EXP 	surround_grating: ori = -15.0
946.1683 	EXP 	surround_grating: sf = array([2.5, 2.5])
946.1683 	EXP 	surround_grating: phase = array([0.02519867, 0.02519867])
946.1683 	EXP 	center_grating: ori = -8.0
946.1683 	EXP 	center_grating: sf = array([2.5, 2.5])
946.1683 	EXP 	center_grating: phase = array([0.0429843, 0.0429843])
946.6583 	EXP 	surround_grating: autoDraw = True
946.6583 	EXP 	center_grating: autoDraw = True
946.7332 	EXP 	surround_grating: autoDraw = False
946.7332 	EXP 	center_grating: autoDraw = False
947.1908 	EXP 	New trial (rep=0, index=579): <Trial 579 (579 in rep 0) data={'center': 4, 'surround': 0.0, 'type': 'c+4', 'surr_type': 'noss', 'surr_opacity': 0, 'thisN': 579, 'thisTrialN': 579, 'thisRepN': 0}>
947.2166 	INFO 	Keyboard events cleared
947.2161 	EXP 	surround_grating: autoDraw = False
947.2161 	EXP 	center_grating: autoDraw = False
947.2161 	EXP 	text_2: autoDraw = False
947.2161 	EXP 	surround_grating: ori = 0.0
947.2161 	EXP 	surround_grating: sf = array([2.5, 2.5])
947.2161 	EXP 	surround_grating: phase = array([0.26466746, 0.26466746])
947.2161 	EXP 	center_grating: ori = 4.0
947.2161 	EXP 	center_grating: sf = array([2.5, 2.5])
947.2161 	EXP 	center_grating: phase = array([0.97269188, 0.97269188])
947.6913 	EXP 	surround_grating: autoDraw = True
947.6913 	EXP 	center_grating: autoDraw = True
947.7665 	EXP 	surround_grating: autoDraw = False
947.7665 	EXP 	center_grating: autoDraw = False
948.2354 	EXP 	New trial (rep=0, index=580): <Trial 580 (580 in rep 0) data={'center': 0, 'surround': -15.0, 'type': 'c+0', 'surr_type': 'negs', 'surr_opacity': 100, 'thisN': 580, 'thisTrialN': 580, 'thisRepN': 0}>
948.2454 	INFO 	Keyboard events cleared
948.2450 	EXP 	surround_grating: autoDraw = False
948.2450 	EXP 	center_grating: autoDraw = False
948.2450 	EXP 	text_2: autoDraw = False
948.2450 	EXP 	surround_grating: ori = -15.0
948.2450 	EXP 	surround_grating: sf = array([2.5, 2.5])
948.2450 	EXP 	surround_grating: phase = array([0.02283884, 0.02283884])
948.2450 	EXP 	center_grating: ori = 0.0
948.2450 	EXP 	center_grating: sf = array([2.5, 2.5])
948.2450 	EXP 	center_grating: phase = array([0.41300464, 0.41300464])
948.7327 	EXP 	surround_grating: autoDraw = True
948.7327 	EXP 	center_grating: autoDraw = True
948.8050 	EXP 	surround_grating: autoDraw = False
948.8050 	EXP 	center_grating: autoDraw = False
949.4086 	EXP 	New trial (rep=0, index=581): <Trial 581 (581 in rep 0) data={'center': 4, 'surround': 15.0, 'type': 'c+4', 'surr_type': 'poss', 'surr_opacity': 100, 'thisN': 581, 'thisTrialN': 581, 'thisRepN': 0}>
949.4192 	INFO 	Keyboard events cleared
949.4187 	EXP 	surround_grating: autoDraw = False
949.4187 	EXP 	center_grating: autoDraw = False
949.4187 	EXP 	text_2: autoDraw = False
949.4187 	EXP 	surround_grating: ori = 15.0
949.4187 	EXP 	surround_grating: sf = array([2.5, 2.5])
949.4187 	EXP 	surround_grating: phase = array([0.04664025, 0.04664025])
949.4187 	EXP 	center_grating: ori = 4.0
949.4187 	EXP 	center_grating: sf = array([2.5, 2.5])
949.4187 	EXP 	center_grating: phase = array([0.37137364, 0.37137364])
949.9089 	EXP 	surround_grating: autoDraw = True
949.9089 	EXP 	center_grating: autoDraw = True
949.9832 	EXP 	surround_grating: autoDraw = False
949.9832 	EXP 	center_grating: autoDraw = False
950.4944 	EXP 	New trial (rep=0, index=582): <Trial 582 (582 in rep 0) data={'center': -2, 'surround': 15.0, 'type': 'c-2', 'surr_type': 'poss', 'surr_opacity': 100, 'thisN': 582, 'thisTrialN': 582, 'thisRepN': 0}>
950.5021 	INFO 	Keyboard events cleared
950.5018 	EXP 	surround_grating: autoDraw = False
950.5018 	EXP 	center_grating: autoDraw = False
950.5018 	EXP 	text_2: autoDraw = False
950.5018 	EXP 	surround_grating: ori = 15.0
950.5018 	EXP 	surround_grating: sf = array([2.5, 2.5])
950.5018 	EXP 	surround_grating: phase = array([0.65691968, 0.65691968])
950.5018 	EXP 	center_grating: ori = -2.0
950.5018 	EXP 	center_grating: sf = array([2.5, 2.5])
950.5018 	EXP 	center_grating: phase = array([0.05435183, 0.05435183])
950.9918 	EXP 	surround_grating: autoDraw = True
950.9918 	EXP 	center_grating: autoDraw = True
951.0666 	EXP 	surround_grating: autoDraw = False
951.0666 	EXP 	center_grating: autoDraw = False
951.6369 	EXP 	New trial (rep=0, index=583): <Trial 583 (583 in rep 0) data={'center': 8, 'surround': 15.0, 'type': 'c+8', 'surr_type': 'poss', 'surr_opacity': 100, 'thisN': 583, 'thisTrialN': 583, 'thisRepN': 0}>
951.6473 	INFO 	Keyboard events cleared
951.6469 	EXP 	surround_grating: autoDraw = False
951.6469 	EXP 	center_grating: autoDraw = False
951.6469 	EXP 	text_2: autoDraw = False
951.6469 	EXP 	surround_grating: ori = 15.0
951.6469 	EXP 	surround_grating: sf = array([2.5, 2.5])
951.6469 	EXP 	surround_grating: phase = array([0.38516124, 0.38516124])
951.6469 	EXP 	center_grating: ori = 8.0
951.6469 	EXP 	center_grating: sf = array([2.5, 2.5])
951.6469 	EXP 	center_grating: phase = array([0.27617427, 0.27617427])
952.1329 	EXP 	surround_grating: autoDraw = True
952.1329 	EXP 	center_grating: autoDraw = True
952.2063 	EXP 	surround_grating: autoDraw = False
952.2063 	EXP 	center_grating: autoDraw = False
952.7745 	EXP 	New trial (rep=0, index=584): <Trial 584 (584 in rep 0) data={'center': 2, 'surround': 15.0, 'type': 'c+2', 'surr_type': 'poss', 'surr_opacity': 100, 'thisN': 584, 'thisTrialN': 584, 'thisRepN': 0}>
952.8002 	INFO 	Keyboard events cleared
952.7997 	EXP 	surround_grating: autoDraw = False
952.7997 	EXP 	center_grating: autoDraw = False
952.7997 	EXP 	text_2: autoDraw = False
952.7997 	EXP 	surround_grating: ori = 15.0
952.7997 	EXP 	surround_grating: sf = array([2.5, 2.5])
952.7997 	EXP 	surround_grating: phase = array([0.88248021, 0.88248021])
952.7997 	EXP 	center_grating: ori = 2.0
952.7997 	EXP 	center_grating: sf = array([2.5, 2.5])
952.7997 	EXP 	center_grating: phase = array([0.39425218, 0.39425218])
953.2748 	EXP 	surround_grating: autoDraw = True
953.2748 	EXP 	center_grating: autoDraw = True
953.3500 	EXP 	surround_grating: autoDraw = False
953.3500 	EXP 	center_grating: autoDraw = False
954.1752 	EXP 	New trial (rep=0, index=585): <Trial 585 (585 in rep 0) data={'center': -6, 'surround': -15.0, 'type': 'c-6', 'surr_type': 'negs', 'surr_opacity': 100, 'thisN': 585, 'thisTrialN': 585, 'thisRepN': 0}>
954.1852 	INFO 	Keyboard events cleared
954.1848 	EXP 	surround_grating: autoDraw = False
954.1848 	EXP 	center_grating: autoDraw = False
954.1848 	EXP 	text_2: autoDraw = False
954.1848 	EXP 	surround_grating: ori = -15.0
954.1848 	EXP 	surround_grating: sf = array([2.5, 2.5])
954.1848 	EXP 	surround_grating: phase = array([0.55983345, 0.55983345])
954.1848 	EXP 	center_grating: ori = -6.0
954.1848 	EXP 	center_grating: sf = array([2.5, 2.5])
954.1848 	EXP 	center_grating: phase = array([0.03446424, 0.03446424])
954.6754 	EXP 	surround_grating: autoDraw = True
954.6754 	EXP 	center_grating: autoDraw = True
954.7500 	EXP 	surround_grating: autoDraw = False
954.7500 	EXP 	center_grating: autoDraw = False
955.3087 	EXP 	New trial (rep=0, index=586): <Trial 586 (586 in rep 0) data={'center': -2, 'surround': 15.0, 'type': 'c-2', 'surr_type': 'poss', 'surr_opacity': 100, 'thisN': 586, 'thisTrialN': 586, 'thisRepN': 0}>
955.3190 	INFO 	Keyboard events cleared
955.3185 	EXP 	surround_grating: autoDraw = False
955.3185 	EXP 	center_grating: autoDraw = False
955.3185 	EXP 	text_2: autoDraw = False
955.3185 	EXP 	surround_grating: ori = 15.0
955.3185 	EXP 	surround_grating: sf = array([2.5, 2.5])
955.3185 	EXP 	surround_grating: phase = array([0.24401546, 0.24401546])
955.3185 	EXP 	center_grating: ori = -2.0
955.3185 	EXP 	center_grating: sf = array([2.5, 2.5])
955.3185 	EXP 	center_grating: phase = array([0.64807387, 0.64807387])
955.8087 	EXP 	surround_grating: autoDraw = True
955.8087 	EXP 	center_grating: autoDraw = True
955.8838 	EXP 	surround_grating: autoDraw = False
955.8838 	EXP 	center_grating: autoDraw = False
956.4029 	EXP 	New trial (rep=0, index=587): <Trial 587 (587 in rep 0) data={'center': 4, 'surround': 15.0, 'type': 'c+4', 'surr_type': 'poss', 'surr_opacity': 100, 'thisN': 587, 'thisTrialN': 587, 'thisRepN': 0}>
956.4128 	INFO 	Keyboard events cleared
956.4124 	EXP 	surround_grating: autoDraw = False
956.4124 	EXP 	center_grating: autoDraw = False
956.4124 	EXP 	text_2: autoDraw = False
956.4124 	EXP 	surround_grating: ori = 15.0
956.4124 	EXP 	surround_grating: sf = array([2.5, 2.5])
956.4124 	EXP 	surround_grating: phase = array([0.23844487, 0.23844487])
956.4124 	EXP 	center_grating: ori = 4.0
956.4124 	EXP 	center_grating: sf = array([2.5, 2.5])
956.4124 	EXP 	center_grating: phase = array([0.40946027, 0.40946027])
956.8997 	EXP 	surround_grating: autoDraw = True
956.8997 	EXP 	center_grating: autoDraw = True
956.9704 	EXP 	surround_grating: autoDraw = False
956.9704 	EXP 	center_grating: autoDraw = False
957.4701 	EXP 	New trial (rep=0, index=588): <Trial 588 (588 in rep 0) data={'center': -2, 'surround': -15.0, 'type': 'c-2', 'surr_type': 'negs', 'surr_opacity': 100, 'thisN': 588, 'thisTrialN': 588, 'thisRepN': 0}>
957.4803 	INFO 	Keyboard events cleared
957.4799 	EXP 	surround_grating: autoDraw = False
957.4799 	EXP 	center_grating: autoDraw = False
957.4799 	EXP 	text_2: autoDraw = False
957.4799 	EXP 	surround_grating: ori = -15.0
957.4799 	EXP 	surround_grating: sf = array([2.5, 2.5])
957.4799 	EXP 	surround_grating: phase = array([0.08796211, 0.08796211])
957.4799 	EXP 	center_grating: ori = -2.0
957.4799 	EXP 	center_grating: sf = array([2.5, 2.5])
957.4799 	EXP 	center_grating: phase = array([0.45254964, 0.45254964])
957.9664 	EXP 	surround_grating: autoDraw = True
957.9664 	EXP 	center_grating: autoDraw = True
958.0387 	EXP 	surround_grating: autoDraw = False
958.0387 	EXP 	center_grating: autoDraw = False
958.5621 	EXP 	New trial (rep=0, index=589): <Trial 589 (589 in rep 0) data={'center': 2, 'surround': 0.0, 'type': 'c+2', 'surr_type': 'noss', 'surr_opacity': 0, 'thisN': 589, 'thisTrialN': 589, 'thisRepN': 0}>
958.5696 	INFO 	Keyboard events cleared
958.5692 	EXP 	surround_grating: autoDraw = False
958.5692 	EXP 	center_grating: autoDraw = False
958.5692 	EXP 	text_2: autoDraw = False
958.5692 	EXP 	surround_grating: ori = 0.0
958.5692 	EXP 	surround_grating: sf = array([2.5, 2.5])
958.5692 	EXP 	surround_grating: phase = array([0.79846521, 0.79846521])
958.5692 	EXP 	center_grating: ori = 2.0
958.5692 	EXP 	center_grating: sf = array([2.5, 2.5])
958.5692 	EXP 	center_grating: phase = array([0.98171709, 0.98171709])
959.0592 	EXP 	surround_grating: autoDraw = True
959.0592 	EXP 	center_grating: autoDraw = True
959.1336 	EXP 	surround_grating: autoDraw = False
959.1336 	EXP 	center_grating: autoDraw = False
959.5036 	EXP 	New trial (rep=0, index=590): <Trial 590 (590 in rep 0) data={'center': 2, 'surround': 0.0, 'type': 'c+2', 'surr_type': 'noss', 'surr_opacity': 0, 'thisN': 590, 'thisTrialN': 590, 'thisRepN': 0}>
959.5142 	INFO 	Keyboard events cleared
959.5138 	EXP 	surround_grating: autoDraw = False
959.5138 	EXP 	center_grating: autoDraw = False
959.5138 	EXP 	text_2: autoDraw = False
959.5138 	EXP 	surround_grating: ori = 0.0
959.5138 	EXP 	surround_grating: sf = array([2.5, 2.5])
959.5138 	EXP 	surround_grating: phase = array([0.92848976, 0.92848976])
959.5138 	EXP 	center_grating: ori = 2.0
959.5138 	EXP 	center_grating: sf = array([2.5, 2.5])
959.5138 	EXP 	center_grating: phase = array([0.20108569, 0.20108569])
959.9998 	EXP 	surround_grating: autoDraw = True
959.9998 	EXP 	center_grating: autoDraw = True
960.0721 	EXP 	surround_grating: autoDraw = False
960.0721 	EXP 	center_grating: autoDraw = False
960.5363 	EXP 	New trial (rep=0, index=591): <Trial 591 (591 in rep 0) data={'center': -1, 'surround': 0.0, 'type': 'c-1', 'surr_type': 'noss', 'surr_opacity': 0, 'thisN': 591, 'thisTrialN': 591, 'thisRepN': 0}>
960.5469 	INFO 	Keyboard events cleared
960.5465 	EXP 	surround_grating: autoDraw = False
960.5465 	EXP 	center_grating: autoDraw = False
960.5465 	EXP 	text_2: autoDraw = False
960.5465 	EXP 	surround_grating: ori = 0.0
960.5465 	EXP 	surround_grating: sf = array([2.5, 2.5])
960.5465 	EXP 	surround_grating: phase = array([0.19916202, 0.19916202])
960.5465 	EXP 	center_grating: ori = -1.0
960.5465 	EXP 	center_grating: sf = array([2.5, 2.5])
960.5465 	EXP 	center_grating: phase = array([0.35036467, 0.35036467])
961.0331 	EXP 	surround_grating: autoDraw = True
961.0331 	EXP 	center_grating: autoDraw = True
961.1054 	EXP 	surround_grating: autoDraw = False
961.1054 	EXP 	center_grating: autoDraw = False
961.4582 	EXP 	New trial (rep=0, index=592): <Trial 592 (592 in rep 0) data={'center': 1, 'surround': 0.0, 'type': 'c+1', 'surr_type': 'noss', 'surr_opacity': 0, 'thisN': 592, 'thisTrialN': 592, 'thisRepN': 0}>
961.4839 	INFO 	Keyboard events cleared
961.4833 	EXP 	surround_grating: autoDraw = False
961.4833 	EXP 	center_grating: autoDraw = False
961.4833 	EXP 	text_2: autoDraw = False
961.4833 	EXP 	surround_grating: ori = 0.0
961.4833 	EXP 	surround_grating: sf = array([2.5, 2.5])
961.4833 	EXP 	surround_grating: phase = array([0.78020057, 0.78020057])
961.4833 	EXP 	center_grating: ori = 1.0
961.4833 	EXP 	center_grating: sf = array([2.5, 2.5])
961.4833 	EXP 	center_grating: phase = array([0.33768812, 0.33768812])
961.9584 	EXP 	surround_grating: autoDraw = True
961.9584 	EXP 	center_grating: autoDraw = True
962.0337 	EXP 	surround_grating: autoDraw = False
962.0337 	EXP 	center_grating: autoDraw = False
962.3703 	EXP 	New trial (rep=0, index=593): <Trial 593 (593 in rep 0) data={'center': 8, 'surround': 15.0, 'type': 'c+8', 'surr_type': 'poss', 'surr_opacity': 100, 'thisN': 593, 'thisTrialN': 593, 'thisRepN': 0}>
962.3806 	INFO 	Keyboard events cleared
962.3802 	EXP 	surround_grating: autoDraw = False
962.3802 	EXP 	center_grating: autoDraw = False
962.3802 	EXP 	text_2: autoDraw = False
962.3802 	EXP 	surround_grating: ori = 15.0
962.3802 	EXP 	surround_grating: sf = array([2.5, 2.5])
962.3802 	EXP 	surround_grating: phase = array([0.60333819, 0.60333819])
962.3802 	EXP 	center_grating: ori = 8.0
962.3802 	EXP 	center_grating: sf = array([2.5, 2.5])
962.3802 	EXP 	center_grating: phase = array([0.69826962, 0.69826962])
962.8665 	EXP 	surround_grating: autoDraw = True
962.8665 	EXP 	center_grating: autoDraw = True
962.9389 	EXP 	surround_grating: autoDraw = False
962.9389 	EXP 	center_grating: autoDraw = False
963.4509 	EXP 	New trial (rep=0, index=594): <Trial 594 (594 in rep 0) data={'center': 8, 'surround': 15.0, 'type': 'c+8', 'surr_type': 'poss', 'surr_opacity': 100, 'thisN': 594, 'thisTrialN': 594, 'thisRepN': 0}>
963.4583 	INFO 	Keyboard events cleared
963.4579 	EXP 	surround_grating: autoDraw = False
963.4579 	EXP 	center_grating: autoDraw = False
963.4579 	EXP 	text_2: autoDraw = False
963.4579 	EXP 	surround_grating: ori = 15.0
963.4579 	EXP 	surround_grating: sf = array([2.5, 2.5])
963.4579 	EXP 	surround_grating: phase = array([0.15932237, 0.15932237])
963.4579 	EXP 	center_grating: ori = 8.0
963.4579 	EXP 	center_grating: sf = array([2.5, 2.5])
963.4579 	EXP 	center_grating: phase = array([0.80355013, 0.80355013])
963.9429 	EXP 	surround_grating: autoDraw = True
963.9429 	EXP 	center_grating: autoDraw = True
964.0173 	EXP 	surround_grating: autoDraw = False
964.0173 	EXP 	center_grating: autoDraw = False
964.3529 	EXP 	New trial (rep=0, index=595): <Trial 595 (595 in rep 0) data={'center': -2, 'surround': -15.0, 'type': 'c-2', 'surr_type': 'negs', 'surr_opacity': 100, 'thisN': 595, 'thisTrialN': 595, 'thisRepN': 0}>
964.3628 	INFO 	Keyboard events cleared
964.3624 	EXP 	surround_grating: autoDraw = False
964.3624 	EXP 	center_grating: autoDraw = False
964.3624 	EXP 	text_2: autoDraw = False
964.3624 	EXP 	surround_grating: ori = -15.0
964.3624 	EXP 	surround_grating: sf = array([2.5, 2.5])
964.3624 	EXP 	surround_grating: phase = array([0.56270292, 0.56270292])
964.3624 	EXP 	center_grating: ori = -2.0
964.3624 	EXP 	center_grating: sf = array([2.5, 2.5])
964.3624 	EXP 	center_grating: phase = array([0.39587384, 0.39587384])
964.8500 	EXP 	surround_grating: autoDraw = True
964.8500 	EXP 	center_grating: autoDraw = True
964.9215 	EXP 	surround_grating: autoDraw = False
964.9215 	EXP 	center_grating: autoDraw = False
965.1865 	EXP 	New trial (rep=0, index=596): <Trial 596 (596 in rep 0) data={'center': -8, 'surround': -15.0, 'type': 'c-8', 'surr_type': 'negs', 'surr_opacity': 100, 'thisN': 596, 'thisTrialN': 596, 'thisRepN': 0}>
965.1964 	INFO 	Keyboard events cleared
965.1958 	EXP 	surround_grating: autoDraw = False
965.1958 	EXP 	center_grating: autoDraw = False
965.1958 	EXP 	text_2: autoDraw = False
965.1958 	EXP 	surround_grating: ori = -15.0
965.1958 	EXP 	surround_grating: sf = array([2.5, 2.5])
965.1958 	EXP 	surround_grating: phase = array([0.35431909, 0.35431909])
965.1958 	EXP 	center_grating: ori = -8.0
965.1958 	EXP 	center_grating: sf = array([2.5, 2.5])
965.1958 	EXP 	center_grating: phase = array([0.09276391, 0.09276391])
965.6833 	EXP 	surround_grating: autoDraw = True
965.6833 	EXP 	center_grating: autoDraw = True
965.7553 	EXP 	surround_grating: autoDraw = False
965.7553 	EXP 	center_grating: autoDraw = False
966.0213 	EXP 	New trial (rep=0, index=597): <Trial 597 (597 in rep 0) data={'center': 2, 'surround': 15.0, 'type': 'c+2', 'surr_type': 'poss', 'surr_opacity': 100, 'thisN': 597, 'thisTrialN': 597, 'thisRepN': 0}>
966.0315 	INFO 	Keyboard events cleared
966.0311 	EXP 	surround_grating: autoDraw = False
966.0311 	EXP 	center_grating: autoDraw = False
966.0311 	EXP 	text_2: autoDraw = False
966.0311 	EXP 	surround_grating: ori = 15.0
966.0311 	EXP 	surround_grating: sf = array([2.5, 2.5])
966.0311 	EXP 	surround_grating: phase = array([0.75886019, 0.75886019])
966.0311 	EXP 	center_grating: ori = 2.0
966.0311 	EXP 	center_grating: sf = array([2.5, 2.5])
966.0311 	EXP 	center_grating: phase = array([0.67222585, 0.67222585])
966.5167 	EXP 	surround_grating: autoDraw = True
966.5167 	EXP 	center_grating: autoDraw = True
966.5890 	EXP 	surround_grating: autoDraw = False
966.5890 	EXP 	center_grating: autoDraw = False
967.4197 	EXP 	New trial (rep=0, index=598): <Trial 598 (598 in rep 0) data={'center': 0, 'surround': 15.0, 'type': 'c+0', 'surr_type': 'poss', 'surr_opacity': 100, 'thisN': 598, 'thisTrialN': 598, 'thisRepN': 0}>
967.4297 	INFO 	Keyboard events cleared
967.4292 	EXP 	surround_grating: autoDraw = False
967.4292 	EXP 	center_grating: autoDraw = False
967.4292 	EXP 	text_2: autoDraw = False
967.4292 	EXP 	surround_grating: ori = 15.0
967.4292 	EXP 	surround_grating: sf = array([2.5, 2.5])
967.4292 	EXP 	surround_grating: phase = array([0.76935356, 0.76935356])
967.4292 	EXP 	center_grating: ori = 0.0
967.4292 	EXP 	center_grating: sf = array([2.5, 2.5])
967.4292 	EXP 	center_grating: phase = array([0.51917489, 0.51917489])
967.9160 	EXP 	surround_grating: autoDraw = True
967.9160 	EXP 	center_grating: autoDraw = True
967.9904 	EXP 	surround_grating: autoDraw = False
967.9904 	EXP 	center_grating: autoDraw = False
968.4865 	EXP 	New trial (rep=0, index=599): <Trial 599 (599 in rep 0) data={'center': 8, 'surround': 15.0, 'type': 'c+8', 'surr_type': 'poss', 'surr_opacity': 100, 'thisN': 599, 'thisTrialN': 599, 'thisRepN': 0}>
968.4965 	INFO 	Keyboard events cleared
968.4959 	EXP 	surround_grating: autoDraw = False
968.4959 	EXP 	center_grating: autoDraw = False
968.4959 	EXP 	text_2: autoDraw = False
968.4959 	EXP 	surround_grating: ori = 15.0
968.4959 	EXP 	surround_grating: sf = array([2.5, 2.5])
968.4959 	EXP 	surround_grating: phase = array([0.21887544, 0.21887544])
968.4959 	EXP 	center_grating: ori = 8.0
968.4959 	EXP 	center_grating: sf = array([2.5, 2.5])
968.4959 	EXP 	center_grating: phase = array([0.89598936, 0.89598936])
968.9827 	EXP 	surround_grating: autoDraw = True
968.9827 	EXP 	center_grating: autoDraw = True
969.0557 	EXP 	surround_grating: autoDraw = False
969.0557 	EXP 	center_grating: autoDraw = False
969.5369 	EXP 	New trial (rep=0, index=600): <Trial 600 (600 in rep 0) data={'center': 4, 'surround': 15.0, 'type': 'c+4', 'surr_type': 'poss', 'surr_opacity': 100, 'thisN': 600, 'thisTrialN': 600, 'thisRepN': 0}>
969.5471 	INFO 	Keyboard events cleared
969.5466 	EXP 	surround_grating: autoDraw = False
969.5466 	EXP 	center_grating: autoDraw = False
969.5466 	EXP 	text_2: autoDraw = False
969.5466 	EXP 	surround_grating: ori = 15.0
969.5466 	EXP 	surround_grating: sf = array([2.5, 2.5])
969.5466 	EXP 	surround_grating: phase = array([0.46022058, 0.46022058])
969.5466 	EXP 	center_grating: ori = 4.0
969.5466 	EXP 	center_grating: sf = array([2.5, 2.5])
969.5466 	EXP 	center_grating: phase = array([0.90357756, 0.90357756])
970.0334 	EXP 	surround_grating: autoDraw = True
970.0334 	EXP 	center_grating: autoDraw = True
970.1058 	EXP 	surround_grating: autoDraw = False
970.1058 	EXP 	center_grating: autoDraw = False
970.9203 	EXP 	New trial (rep=0, index=601): <Trial 601 (601 in rep 0) data={'center': 2, 'surround': 0.0, 'type': 'c+2', 'surr_type': 'noss', 'surr_opacity': 0, 'thisN': 601, 'thisTrialN': 601, 'thisRepN': 0}>
970.9310 	INFO 	Keyboard events cleared
970.9305 	EXP 	surround_grating: autoDraw = False
970.9305 	EXP 	center_grating: autoDraw = False
970.9305 	EXP 	text_2: autoDraw = False
970.9305 	EXP 	surround_grating: ori = 0.0
970.9305 	EXP 	surround_grating: sf = array([2.5, 2.5])
970.9305 	EXP 	surround_grating: phase = array([0.91080123, 0.91080123])
970.9305 	EXP 	center_grating: ori = 2.0
970.9305 	EXP 	center_grating: sf = array([2.5, 2.5])
970.9305 	EXP 	center_grating: phase = array([0.33547265, 0.33547265])
971.4168 	EXP 	surround_grating: autoDraw = True
971.4168 	EXP 	center_grating: autoDraw = True
971.4890 	EXP 	surround_grating: autoDraw = False
971.4890 	EXP 	center_grating: autoDraw = False
972.0034 	EXP 	New trial (rep=0, index=602): <Trial 602 (602 in rep 0) data={'center': 0, 'surround': -15.0, 'type': 'c+0', 'surr_type': 'negs', 'surr_opacity': 100, 'thisN': 602, 'thisTrialN': 602, 'thisRepN': 0}>
972.0135 	INFO 	Keyboard events cleared
972.0129 	EXP 	surround_grating: autoDraw = False
972.0129 	EXP 	center_grating: autoDraw = False
972.0129 	EXP 	text_2: autoDraw = False
972.0129 	EXP 	surround_grating: ori = -15.0
972.0129 	EXP 	surround_grating: sf = array([2.5, 2.5])
972.0129 	EXP 	surround_grating: phase = array([0.92440326, 0.92440326])
972.0129 	EXP 	center_grating: ori = 0.0
972.0129 	EXP 	center_grating: sf = array([2.5, 2.5])
972.0129 	EXP 	center_grating: phase = array([0.5582141, 0.5582141])
972.5001 	EXP 	surround_grating: autoDraw = True
972.5001 	EXP 	center_grating: autoDraw = True
972.5719 	EXP 	surround_grating: autoDraw = False
972.5719 	EXP 	center_grating: autoDraw = False
973.2206 	EXP 	New trial (rep=0, index=603): <Trial 603 (603 in rep 0) data={'center': -2, 'surround': -15.0, 'type': 'c-2', 'surr_type': 'negs', 'surr_opacity': 100, 'thisN': 603, 'thisTrialN': 603, 'thisRepN': 0}>
973.2318 	INFO 	Keyboard events cleared
973.2313 	EXP 	surround_grating: autoDraw = False
973.2313 	EXP 	center_grating: autoDraw = False
973.2313 	EXP 	text_2: autoDraw = False
973.2313 	EXP 	surround_grating: ori = -15.0
973.2313 	EXP 	surround_grating: sf = array([2.5, 2.5])
973.2313 	EXP 	surround_grating: phase = array([0.4079713, 0.4079713])
973.2313 	EXP 	center_grating: ori = -2.0
973.2313 	EXP 	center_grating: sf = array([2.5, 2.5])
973.2313 	EXP 	center_grating: phase = array([0.91363079, 0.91363079])
973.7169 	EXP 	surround_grating: autoDraw = True
973.7169 	EXP 	center_grating: autoDraw = True
973.7895 	EXP 	surround_grating: autoDraw = False
973.7895 	EXP 	center_grating: autoDraw = False
974.3863 	EXP 	New trial (rep=0, index=604): <Trial 604 (604 in rep 0) data={'center': -4, 'surround': -15.0, 'type': 'c-4', 'surr_type': 'negs', 'surr_opacity': 100, 'thisN': 604, 'thisTrialN': 604, 'thisRepN': 0}>
974.3962 	INFO 	Keyboard events cleared
974.3957 	EXP 	surround_grating: autoDraw = False
974.3957 	EXP 	center_grating: autoDraw = False
974.3957 	EXP 	text_2: autoDraw = False
974.3957 	EXP 	surround_grating: ori = -15.0
974.3957 	EXP 	surround_grating: sf = array([2.5, 2.5])
974.3957 	EXP 	surround_grating: phase = array([0.79960559, 0.79960559])
974.3957 	EXP 	center_grating: ori = -4.0
974.3957 	EXP 	center_grating: sf = array([2.5, 2.5])
974.3957 	EXP 	center_grating: phase = array([0.74025133, 0.74025133])
974.8837 	EXP 	surround_grating: autoDraw = True
974.8837 	EXP 	center_grating: autoDraw = True
974.9558 	EXP 	surround_grating: autoDraw = False
974.9558 	EXP 	center_grating: autoDraw = False
975.8209 	EXP 	New trial (rep=0, index=605): <Trial 605 (605 in rep 0) data={'center': -2, 'surround': -15.0, 'type': 'c-2', 'surr_type': 'negs', 'surr_opacity': 100, 'thisN': 605, 'thisTrialN': 605, 'thisRepN': 0}>
975.8314 	INFO 	Keyboard events cleared
975.8310 	EXP 	surround_grating: autoDraw = False
975.8310 	EXP 	center_grating: autoDraw = False
975.8310 	EXP 	text_2: autoDraw = False
975.8310 	EXP 	surround_grating: ori = -15.0
975.8310 	EXP 	surround_grating: sf = array([2.5, 2.5])
975.8310 	EXP 	surround_grating: phase = array([0.52683783, 0.52683783])
975.8310 	EXP 	center_grating: ori = -2.0
975.8310 	EXP 	center_grating: sf = array([2.5, 2.5])
975.8310 	EXP 	center_grating: phase = array([0.88667231, 0.88667231])
976.3170 	EXP 	surround_grating: autoDraw = True
976.3170 	EXP 	center_grating: autoDraw = True
976.3895 	EXP 	surround_grating: autoDraw = False
976.3895 	EXP 	center_grating: autoDraw = False
976.9422 	EXP 	New trial (rep=0, index=606): <Trial 606 (606 in rep 0) data={'center': -2, 'surround': 15.0, 'type': 'c-2', 'surr_type': 'poss', 'surr_opacity': 100, 'thisN': 606, 'thisTrialN': 606, 'thisRepN': 0}>
976.9531 	INFO 	Keyboard events cleared
976.9527 	EXP 	surround_grating: autoDraw = False
976.9527 	EXP 	center_grating: autoDraw = False
976.9527 	EXP 	text_2: autoDraw = False
976.9527 	EXP 	surround_grating: ori = 15.0
976.9527 	EXP 	surround_grating: sf = array([2.5, 2.5])
976.9527 	EXP 	surround_grating: phase = array([0.13406301, 0.13406301])
976.9527 	EXP 	center_grating: ori = -2.0
976.9527 	EXP 	center_grating: sf = array([2.5, 2.5])
976.9527 	EXP 	center_grating: phase = array([0.40178379, 0.40178379])
977.4428 	EXP 	surround_grating: autoDraw = True
977.4428 	EXP 	center_grating: autoDraw = True
977.5174 	EXP 	surround_grating: autoDraw = False
977.5174 	EXP 	center_grating: autoDraw = False
977.9533 	EXP 	New trial (rep=0, index=607): <Trial 607 (607 in rep 0) data={'center': -2, 'surround': 15.0, 'type': 'c-2', 'surr_type': 'poss', 'surr_opacity': 100, 'thisN': 607, 'thisTrialN': 607, 'thisRepN': 0}>
977.9633 	INFO 	Keyboard events cleared
977.9628 	EXP 	surround_grating: autoDraw = False
977.9628 	EXP 	center_grating: autoDraw = False
977.9628 	EXP 	text_2: autoDraw = False
977.9628 	EXP 	surround_grating: ori = 15.0
977.9628 	EXP 	surround_grating: sf = array([2.5, 2.5])
977.9628 	EXP 	surround_grating: phase = array([0.71418434, 0.71418434])
977.9628 	EXP 	center_grating: ori = -2.0
977.9628 	EXP 	center_grating: sf = array([2.5, 2.5])
977.9628 	EXP 	center_grating: phase = array([0.94995845, 0.94995845])
978.4504 	EXP 	surround_grating: autoDraw = True
978.4504 	EXP 	center_grating: autoDraw = True
978.5231 	EXP 	surround_grating: autoDraw = False
978.5231 	EXP 	center_grating: autoDraw = False
978.8867 	EXP 	New trial (rep=0, index=608): <Trial 608 (608 in rep 0) data={'center': 0, 'surround': 15.0, 'type': 'c+0', 'surr_type': 'poss', 'surr_opacity': 100, 'thisN': 608, 'thisTrialN': 608, 'thisRepN': 0}>
978.8973 	INFO 	Keyboard events cleared
978.8968 	EXP 	surround_grating: autoDraw = False
978.8968 	EXP 	center_grating: autoDraw = False
978.8968 	EXP 	text_2: autoDraw = False
978.8968 	EXP 	surround_grating: ori = 15.0
978.8968 	EXP 	surround_grating: sf = array([2.5, 2.5])
978.8968 	EXP 	surround_grating: phase = array([0.60998809, 0.60998809])
978.8968 	EXP 	center_grating: ori = 0.0
978.8968 	EXP 	center_grating: sf = array([2.5, 2.5])
978.8968 	EXP 	center_grating: phase = array([0.79661673, 0.79661673])
979.3837 	EXP 	surround_grating: autoDraw = True
979.3837 	EXP 	center_grating: autoDraw = True
979.4570 	EXP 	surround_grating: autoDraw = False
979.4570 	EXP 	center_grating: autoDraw = False
979.7370 	EXP 	New trial (rep=0, index=609): <Trial 609 (609 in rep 0) data={'center': -8, 'surround': -15.0, 'type': 'c-8', 'surr_type': 'negs', 'surr_opacity': 100, 'thisN': 609, 'thisTrialN': 609, 'thisRepN': 0}>
979.7481 	INFO 	Keyboard events cleared
979.7476 	EXP 	surround_grating: autoDraw = False
979.7476 	EXP 	center_grating: autoDraw = False
979.7476 	EXP 	text_2: autoDraw = False
979.7476 	EXP 	surround_grating: ori = -15.0
979.7476 	EXP 	surround_grating: sf = array([2.5, 2.5])
979.7476 	EXP 	surround_grating: phase = array([0.15508067, 0.15508067])
979.7476 	EXP 	center_grating: ori = -8.0
979.7476 	EXP 	center_grating: sf = array([2.5, 2.5])
979.7476 	EXP 	center_grating: phase = array([0.5933944, 0.5933944])
980.2338 	EXP 	surround_grating: autoDraw = True
980.2338 	EXP 	center_grating: autoDraw = True
980.3062 	EXP 	surround_grating: autoDraw = False
980.3062 	EXP 	center_grating: autoDraw = False
980.6085 	EXP 	New trial (rep=0, index=610): <Trial 610 (610 in rep 0) data={'center': -8, 'surround': -15.0, 'type': 'c-8', 'surr_type': 'negs', 'surr_opacity': 100, 'thisN': 610, 'thisTrialN': 610, 'thisRepN': 0}>
980.6186 	INFO 	Keyboard events cleared
980.6181 	EXP 	surround_grating: autoDraw = False
980.6181 	EXP 	center_grating: autoDraw = False
980.6181 	EXP 	text_2: autoDraw = False
980.6181 	EXP 	surround_grating: ori = -15.0
980.6181 	EXP 	surround_grating: sf = array([2.5, 2.5])
980.6181 	EXP 	surround_grating: phase = array([0.72903803, 0.72903803])
980.6181 	EXP 	center_grating: ori = -8.0
980.6181 	EXP 	center_grating: sf = array([2.5, 2.5])
980.6181 	EXP 	center_grating: phase = array([0.51029077, 0.51029077])
981.1096 	EXP 	surround_grating: autoDraw = True
981.1096 	EXP 	center_grating: autoDraw = True
981.1846 	EXP 	surround_grating: autoDraw = False
981.1846 	EXP 	center_grating: autoDraw = False
981.4624 	EXP 	New trial (rep=0, index=611): <Trial 611 (611 in rep 0) data={'center': 2, 'surround': -15.0, 'type': 'c+2', 'surr_type': 'negs', 'surr_opacity': 100, 'thisN': 611, 'thisTrialN': 611, 'thisRepN': 0}>
981.4702 	INFO 	Keyboard events cleared
981.4698 	EXP 	surround_grating: autoDraw = False
981.4698 	EXP 	center_grating: autoDraw = False
981.4698 	EXP 	text_2: autoDraw = False
981.4698 	EXP 	surround_grating: ori = -15.0
981.4698 	EXP 	surround_grating: sf = array([2.5, 2.5])
981.4698 	EXP 	surround_grating: phase = array([0.32984745, 0.32984745])
981.4698 	EXP 	center_grating: ori = 2.0
981.4698 	EXP 	center_grating: sf = array([2.5, 2.5])
981.4698 	EXP 	center_grating: phase = array([0.64043054, 0.64043054])
981.9591 	EXP 	surround_grating: autoDraw = True
981.9591 	EXP 	center_grating: autoDraw = True
982.0344 	EXP 	surround_grating: autoDraw = False
982.0344 	EXP 	center_grating: autoDraw = False
982.3704 	EXP 	New trial (rep=0, index=612): <Trial 612 (612 in rep 0) data={'center': 2, 'surround': 0.0, 'type': 'c+2', 'surr_type': 'noss', 'surr_opacity': 0, 'thisN': 612, 'thisTrialN': 612, 'thisRepN': 0}>
982.3813 	INFO 	Keyboard events cleared
982.3809 	EXP 	surround_grating: autoDraw = False
982.3809 	EXP 	center_grating: autoDraw = False
982.3809 	EXP 	text_2: autoDraw = False
982.3809 	EXP 	surround_grating: ori = 0.0
982.3809 	EXP 	surround_grating: sf = array([2.5, 2.5])
982.3809 	EXP 	surround_grating: phase = array([0.71718425, 0.71718425])
982.3809 	EXP 	center_grating: ori = 2.0
982.3809 	EXP 	center_grating: sf = array([2.5, 2.5])
982.3809 	EXP 	center_grating: phase = array([0.89229107, 0.89229107])
982.8673 	EXP 	surround_grating: autoDraw = True
982.8673 	EXP 	center_grating: autoDraw = True
982.9405 	EXP 	surround_grating: autoDraw = False
982.9405 	EXP 	center_grating: autoDraw = False
983.3710 	EXP 	New trial (rep=0, index=613): <Trial 613 (613 in rep 0) data={'center': -4, 'surround': 0.0, 'type': 'c-4', 'surr_type': 'noss', 'surr_opacity': 0, 'thisN': 613, 'thisTrialN': 613, 'thisRepN': 0}>
983.3814 	INFO 	Keyboard events cleared
983.3809 	EXP 	surround_grating: autoDraw = False
983.3809 	EXP 	center_grating: autoDraw = False
983.3809 	EXP 	text_2: autoDraw = False
983.3809 	EXP 	surround_grating: ori = 0.0
983.3809 	EXP 	surround_grating: sf = array([2.5, 2.5])
983.3809 	EXP 	surround_grating: phase = array([0.08533724, 0.08533724])
983.3809 	EXP 	center_grating: ori = -4.0
983.3809 	EXP 	center_grating: sf = array([2.5, 2.5])
983.3809 	EXP 	center_grating: phase = array([0.44758236, 0.44758236])
983.8673 	EXP 	surround_grating: autoDraw = True
983.8673 	EXP 	center_grating: autoDraw = True
983.9403 	EXP 	surround_grating: autoDraw = False
983.9403 	EXP 	center_grating: autoDraw = False
984.2705 	EXP 	New trial (rep=0, index=614): <Trial 614 (614 in rep 0) data={'center': -4, 'surround': -15.0, 'type': 'c-4', 'surr_type': 'negs', 'surr_opacity': 100, 'thisN': 614, 'thisTrialN': 614, 'thisRepN': 0}>
984.2812 	INFO 	Keyboard events cleared
984.2808 	EXP 	surround_grating: autoDraw = False
984.2808 	EXP 	center_grating: autoDraw = False
984.2808 	EXP 	text_2: autoDraw = False
984.2808 	EXP 	surround_grating: ori = -15.0
984.2808 	EXP 	surround_grating: sf = array([2.5, 2.5])
984.2808 	EXP 	surround_grating: phase = array([0.76362019, 0.76362019])
984.2808 	EXP 	center_grating: ori = -4.0
984.2808 	EXP 	center_grating: sf = array([2.5, 2.5])
984.2808 	EXP 	center_grating: phase = array([0.89990566, 0.89990566])
984.7674 	EXP 	surround_grating: autoDraw = True
984.7674 	EXP 	center_grating: autoDraw = True
984.8397 	EXP 	surround_grating: autoDraw = False
984.8397 	EXP 	center_grating: autoDraw = False
985.3225 	EXP 	New trial (rep=0, index=615): <Trial 615 (615 in rep 0) data={'center': 6, 'surround': 15.0, 'type': 'c+6', 'surr_type': 'poss', 'surr_opacity': 100, 'thisN': 615, 'thisTrialN': 615, 'thisRepN': 0}>
985.3330 	INFO 	Keyboard events cleared
985.3325 	EXP 	surround_grating: autoDraw = False
985.3325 	EXP 	center_grating: autoDraw = False
985.3325 	EXP 	text_2: autoDraw = False
985.3325 	EXP 	surround_grating: ori = 15.0
985.3325 	EXP 	surround_grating: sf = array([2.5, 2.5])
985.3325 	EXP 	surround_grating: phase = array([0.48842937, 0.48842937])
985.3325 	EXP 	center_grating: ori = 6.0
985.3325 	EXP 	center_grating: sf = array([2.5, 2.5])
985.3325 	EXP 	center_grating: phase = array([0.95660176, 0.95660176])
985.8165 	EXP 	surround_grating: autoDraw = True
985.8165 	EXP 	center_grating: autoDraw = True
985.8905 	EXP 	surround_grating: autoDraw = False
985.8905 	EXP 	center_grating: autoDraw = False
986.4868 	EXP 	New trial (rep=0, index=616): <Trial 616 (616 in rep 0) data={'center': 2, 'surround': -15.0, 'type': 'c+2', 'surr_type': 'negs', 'surr_opacity': 100, 'thisN': 616, 'thisTrialN': 616, 'thisRepN': 0}>
986.4961 	INFO 	Keyboard events cleared
986.4957 	EXP 	surround_grating: autoDraw = False
986.4957 	EXP 	center_grating: autoDraw = False
986.4957 	EXP 	text_2: autoDraw = False
986.4957 	EXP 	surround_grating: ori = -15.0
986.4957 	EXP 	surround_grating: sf = array([2.5, 2.5])
986.4957 	EXP 	surround_grating: phase = array([0.71848622, 0.71848622])
986.4957 	EXP 	center_grating: ori = 2.0
986.4957 	EXP 	center_grating: sf = array([2.5, 2.5])
986.4957 	EXP 	center_grating: phase = array([0.18168907, 0.18168907])
986.9840 	EXP 	surround_grating: autoDraw = True
986.9840 	EXP 	center_grating: autoDraw = True
987.0569 	EXP 	surround_grating: autoDraw = False
987.0569 	EXP 	center_grating: autoDraw = False
987.6705 	EXP 	New trial (rep=0, index=617): <Trial 617 (617 in rep 0) data={'center': 4, 'surround': 15.0, 'type': 'c+4', 'surr_type': 'poss', 'surr_opacity': 100, 'thisN': 617, 'thisTrialN': 617, 'thisRepN': 0}>
987.6799 	INFO 	Keyboard events cleared
987.6795 	EXP 	surround_grating: autoDraw = False
987.6795 	EXP 	center_grating: autoDraw = False
987.6795 	EXP 	text_2: autoDraw = False
987.6795 	EXP 	surround_grating: ori = 15.0
987.6795 	EXP 	surround_grating: sf = array([2.5, 2.5])
987.6795 	EXP 	surround_grating: phase = array([0.66305553, 0.66305553])
987.6795 	EXP 	center_grating: ori = 4.0
987.6795 	EXP 	center_grating: sf = array([2.5, 2.5])
987.6795 	EXP 	center_grating: phase = array([0.74285257, 0.74285257])
988.1674 	EXP 	surround_grating: autoDraw = True
988.1674 	EXP 	center_grating: autoDraw = True
988.2393 	EXP 	surround_grating: autoDraw = False
988.2393 	EXP 	center_grating: autoDraw = False
988.6873 	EXP 	New trial (rep=0, index=618): <Trial 618 (618 in rep 0) data={'center': 2, 'surround': -15.0, 'type': 'c+2', 'surr_type': 'negs', 'surr_opacity': 100, 'thisN': 618, 'thisTrialN': 618, 'thisRepN': 0}>
988.6976 	INFO 	Keyboard events cleared
988.6969 	EXP 	surround_grating: autoDraw = False
988.6969 	EXP 	center_grating: autoDraw = False
988.6969 	EXP 	text_2: autoDraw = False
988.6969 	EXP 	surround_grating: ori = -15.0
988.6969 	EXP 	surround_grating: sf = array([2.5, 2.5])
988.6969 	EXP 	surround_grating: phase = array([0.74547502, 0.74547502])
988.6969 	EXP 	center_grating: ori = 2.0
988.6969 	EXP 	center_grating: sf = array([2.5, 2.5])
988.6969 	EXP 	center_grating: phase = array([0.72507704, 0.72507704])
989.1842 	EXP 	surround_grating: autoDraw = True
989.1842 	EXP 	center_grating: autoDraw = True
989.2563 	EXP 	surround_grating: autoDraw = False
989.2563 	EXP 	center_grating: autoDraw = False
989.7433 	EXP 	New trial (rep=0, index=619): <Trial 619 (619 in rep 0) data={'center': 4, 'surround': 0.0, 'type': 'c+4', 'surr_type': 'noss', 'surr_opacity': 0, 'thisN': 619, 'thisTrialN': 619, 'thisRepN': 0}>
989.7536 	INFO 	Keyboard events cleared
989.7531 	EXP 	surround_grating: autoDraw = False
989.7531 	EXP 	center_grating: autoDraw = False
989.7531 	EXP 	text_2: autoDraw = False
989.7531 	EXP 	surround_grating: ori = 0.0
989.7531 	EXP 	surround_grating: sf = array([2.5, 2.5])
989.7531 	EXP 	surround_grating: phase = array([0.99050837, 0.99050837])
989.7531 	EXP 	center_grating: ori = 4.0
989.7531 	EXP 	center_grating: sf = array([2.5, 2.5])
989.7531 	EXP 	center_grating: phase = array([0.1940278, 0.1940278])
990.2428 	EXP 	surround_grating: autoDraw = True
990.2428 	EXP 	center_grating: autoDraw = True
990.3179 	EXP 	surround_grating: autoDraw = False
990.3179 	EXP 	center_grating: autoDraw = False
990.6773 	EXP 	New trial (rep=0, index=620): <Trial 620 (620 in rep 0) data={'center': -6, 'surround': -15.0, 'type': 'c-6', 'surr_type': 'negs', 'surr_opacity': 100, 'thisN': 620, 'thisTrialN': 620, 'thisRepN': 0}>
990.6876 	INFO 	Keyboard events cleared
990.6871 	EXP 	surround_grating: autoDraw = False
990.6871 	EXP 	center_grating: autoDraw = False
990.6871 	EXP 	text_2: autoDraw = False
990.6871 	EXP 	surround_grating: ori = -15.0
990.6871 	EXP 	surround_grating: sf = array([2.5, 2.5])
990.6871 	EXP 	surround_grating: phase = array([0.73110651, 0.73110651])
990.6871 	EXP 	center_grating: ori = -6.0
990.6871 	EXP 	center_grating: sf = array([2.5, 2.5])
990.6871 	EXP 	center_grating: phase = array([0.70288155, 0.70288155])
991.1772 	EXP 	surround_grating: autoDraw = True
991.1772 	EXP 	center_grating: autoDraw = True
991.2514 	EXP 	surround_grating: autoDraw = False
991.2514 	EXP 	center_grating: autoDraw = False
991.9538 	EXP 	New trial (rep=0, index=621): <Trial 621 (621 in rep 0) data={'center': 4, 'surround': 0.0, 'type': 'c+4', 'surr_type': 'noss', 'surr_opacity': 0, 'thisN': 621, 'thisTrialN': 621, 'thisRepN': 0}>
991.9634 	INFO 	Keyboard events cleared
991.9628 	EXP 	surround_grating: autoDraw = False
991.9628 	EXP 	center_grating: autoDraw = False
991.9628 	EXP 	text_2: autoDraw = False
991.9628 	EXP 	surround_grating: ori = 0.0
991.9628 	EXP 	surround_grating: sf = array([2.5, 2.5])
991.9628 	EXP 	surround_grating: phase = array([0.41449188, 0.41449188])
991.9628 	EXP 	center_grating: ori = 4.0
991.9628 	EXP 	center_grating: sf = array([2.5, 2.5])
991.9628 	EXP 	center_grating: phase = array([0.46903363, 0.46903363])
992.4510 	EXP 	surround_grating: autoDraw = True
992.4510 	EXP 	center_grating: autoDraw = True
992.5232 	EXP 	surround_grating: autoDraw = False
992.5232 	EXP 	center_grating: autoDraw = False
993.0537 	EXP 	New trial (rep=0, index=622): <Trial 622 (622 in rep 0) data={'center': 2, 'surround': 0.0, 'type': 'c+2', 'surr_type': 'noss', 'surr_opacity': 0, 'thisN': 622, 'thisTrialN': 622, 'thisRepN': 0}>
993.0635 	INFO 	Keyboard events cleared
993.0631 	EXP 	surround_grating: autoDraw = False
993.0631 	EXP 	center_grating: autoDraw = False
993.0631 	EXP 	text_2: autoDraw = False
993.0631 	EXP 	surround_grating: ori = 0.0
993.0631 	EXP 	surround_grating: sf = array([2.5, 2.5])
993.0631 	EXP 	surround_grating: phase = array([0.90170452, 0.90170452])
993.0631 	EXP 	center_grating: ori = 2.0
993.0631 	EXP 	center_grating: sf = array([2.5, 2.5])
993.0631 	EXP 	center_grating: phase = array([0.09456054, 0.09456054])
993.5508 	EXP 	surround_grating: autoDraw = True
993.5508 	EXP 	center_grating: autoDraw = True
993.6240 	EXP 	surround_grating: autoDraw = False
993.6240 	EXP 	center_grating: autoDraw = False
993.9709 	EXP 	New trial (rep=0, index=623): <Trial 623 (623 in rep 0) data={'center': -2, 'surround': 0.0, 'type': 'c-2', 'surr_type': 'noss', 'surr_opacity': 0, 'thisN': 623, 'thisTrialN': 623, 'thisRepN': 0}>
993.9811 	INFO 	Keyboard events cleared
993.9806 	EXP 	surround_grating: autoDraw = False
993.9806 	EXP 	center_grating: autoDraw = False
993.9806 	EXP 	text_2: autoDraw = False
993.9806 	EXP 	surround_grating: ori = 0.0
993.9806 	EXP 	surround_grating: sf = array([2.5, 2.5])
993.9806 	EXP 	surround_grating: phase = array([0.20151104, 0.20151104])
993.9806 	EXP 	center_grating: ori = -2.0
993.9806 	EXP 	center_grating: sf = array([2.5, 2.5])
993.9806 	EXP 	center_grating: phase = array([0.58136952, 0.58136952])
994.4676 	EXP 	surround_grating: autoDraw = True
994.4676 	EXP 	center_grating: autoDraw = True
994.5402 	EXP 	surround_grating: autoDraw = False
994.5402 	EXP 	center_grating: autoDraw = False
995.0089 	EXP 	New trial (rep=0, index=624): <Trial 624 (624 in rep 0) data={'center': 2, 'surround': -15.0, 'type': 'c+2', 'surr_type': 'negs', 'surr_opacity': 100, 'thisN': 624, 'thisTrialN': 624, 'thisRepN': 0}>
995.0189 	INFO 	Keyboard events cleared
995.0183 	EXP 	surround_grating: autoDraw = False
995.0183 	EXP 	center_grating: autoDraw = False
995.0183 	EXP 	text_2: autoDraw = False
995.0183 	EXP 	surround_grating: ori = -15.0
995.0183 	EXP 	surround_grating: sf = array([2.5, 2.5])
995.0183 	EXP 	surround_grating: phase = array([0.73405864, 0.73405864])
995.0183 	EXP 	center_grating: ori = 2.0
995.0183 	EXP 	center_grating: sf = array([2.5, 2.5])
995.0183 	EXP 	center_grating: phase = array([0.3580096, 0.3580096])
995.5098 	EXP 	surround_grating: autoDraw = True
995.5098 	EXP 	center_grating: autoDraw = True
995.5848 	EXP 	surround_grating: autoDraw = False
995.5848 	EXP 	center_grating: autoDraw = False
996.1206 	EXP 	New trial (rep=0, index=625): <Trial 625 (625 in rep 0) data={'center': 4, 'surround': 15.0, 'type': 'c+4', 'surr_type': 'poss', 'surr_opacity': 100, 'thisN': 625, 'thisTrialN': 625, 'thisRepN': 0}>
996.1304 	INFO 	Keyboard events cleared
996.1300 	EXP 	surround_grating: autoDraw = False
996.1300 	EXP 	center_grating: autoDraw = False
996.1300 	EXP 	text_2: autoDraw = False
996.1300 	EXP 	surround_grating: ori = 15.0
996.1300 	EXP 	surround_grating: sf = array([2.5, 2.5])
996.1300 	EXP 	surround_grating: phase = array([0.95887887, 0.95887887])
996.1300 	EXP 	center_grating: ori = 4.0
996.1300 	EXP 	center_grating: sf = array([2.5, 2.5])
996.1300 	EXP 	center_grating: phase = array([0.39321709, 0.39321709])
996.6177 	EXP 	surround_grating: autoDraw = True
996.6177 	EXP 	center_grating: autoDraw = True
996.6898 	EXP 	surround_grating: autoDraw = False
996.6898 	EXP 	center_grating: autoDraw = False
997.0045 	EXP 	New trial (rep=0, index=626): <Trial 626 (626 in rep 0) data={'center': -1, 'surround': 0.0, 'type': 'c-1', 'surr_type': 'noss', 'surr_opacity': 0, 'thisN': 626, 'thisTrialN': 626, 'thisRepN': 0}>
997.0148 	INFO 	Keyboard events cleared
997.0143 	EXP 	surround_grating: autoDraw = False
997.0143 	EXP 	center_grating: autoDraw = False
997.0143 	EXP 	text_2: autoDraw = False
997.0143 	EXP 	surround_grating: ori = 0.0
997.0143 	EXP 	surround_grating: sf = array([2.5, 2.5])
997.0143 	EXP 	surround_grating: phase = array([0.43299082, 0.43299082])
997.0143 	EXP 	center_grating: ori = -1.0
997.0143 	EXP 	center_grating: sf = array([2.5, 2.5])
997.0143 	EXP 	center_grating: phase = array([0.05553086, 0.05553086])
997.5012 	EXP 	surround_grating: autoDraw = True
997.5012 	EXP 	center_grating: autoDraw = True
997.5734 	EXP 	surround_grating: autoDraw = False
997.5734 	EXP 	center_grating: autoDraw = False
997.8552 	EXP 	New trial (rep=0, index=627): <Trial 627 (627 in rep 0) data={'center': 8, 'surround': 15.0, 'type': 'c+8', 'surr_type': 'poss', 'surr_opacity': 100, 'thisN': 627, 'thisTrialN': 627, 'thisRepN': 0}>
997.8653 	INFO 	Keyboard events cleared
997.8649 	EXP 	surround_grating: autoDraw = False
997.8649 	EXP 	center_grating: autoDraw = False
997.8649 	EXP 	text_2: autoDraw = False
997.8649 	EXP 	surround_grating: ori = 15.0
997.8649 	EXP 	surround_grating: sf = array([2.5, 2.5])
997.8649 	EXP 	surround_grating: phase = array([0.87085153, 0.87085153])
997.8649 	EXP 	center_grating: ori = 8.0
997.8649 	EXP 	center_grating: sf = array([2.5, 2.5])
997.8649 	EXP 	center_grating: phase = array([0.10795894, 0.10795894])
998.3511 	EXP 	surround_grating: autoDraw = True
998.3511 	EXP 	center_grating: autoDraw = True
998.4238 	EXP 	surround_grating: autoDraw = False
998.4238 	EXP 	center_grating: autoDraw = False
998.9777 	EXP 	New trial (rep=0, index=628): <Trial 628 (628 in rep 0) data={'center': 6, 'surround': 15.0, 'type': 'c+6', 'surr_type': 'poss', 'surr_opacity': 100, 'thisN': 628, 'thisTrialN': 628, 'thisRepN': 0}>
998.9878 	INFO 	Keyboard events cleared
998.9874 	EXP 	surround_grating: autoDraw = False
998.9874 	EXP 	center_grating: autoDraw = False
998.9874 	EXP 	text_2: autoDraw = False
998.9874 	EXP 	surround_grating: ori = 15.0
998.9874 	EXP 	surround_grating: sf = array([2.5, 2.5])
998.9874 	EXP 	surround_grating: phase = array([0.38923782, 0.38923782])
998.9874 	EXP 	center_grating: ori = 6.0
998.9874 	EXP 	center_grating: sf = array([2.5, 2.5])
998.9874 	EXP 	center_grating: phase = array([0.40832658, 0.40832658])
999.4768 	EXP 	surround_grating: autoDraw = True
999.4768 	EXP 	center_grating: autoDraw = True
999.5517 	EXP 	surround_grating: autoDraw = False
999.5517 	EXP 	center_grating: autoDraw = False
999.8874 	EXP 	New trial (rep=0, index=629): <Trial 629 (629 in rep 0) data={'center': -4, 'surround': -15.0, 'type': 'c-4', 'surr_type': 'negs', 'surr_opacity': 100, 'thisN': 629, 'thisTrialN': 629, 'thisRepN': 0}>
999.8978 	INFO 	Keyboard events cleared
999.8973 	EXP 	surround_grating: autoDraw = False
999.8973 	EXP 	center_grating: autoDraw = False
999.8973 	EXP 	text_2: autoDraw = False
999.8973 	EXP 	surround_grating: ori = -15.0
999.8973 	EXP 	surround_grating: sf = array([2.5, 2.5])
999.8973 	EXP 	surround_grating: phase = array([0.29449018, 0.29449018])
999.8973 	EXP 	center_grating: ori = -4.0
999.8973 	EXP 	center_grating: sf = array([2.5, 2.5])
999.8973 	EXP 	center_grating: phase = array([0.45249747, 0.45249747])
1000.3845 	EXP 	surround_grating: autoDraw = True
1000.3845 	EXP 	center_grating: autoDraw = True
1000.4565 	EXP 	surround_grating: autoDraw = False
1000.4565 	EXP 	center_grating: autoDraw = False
1000.7884 	EXP 	New trial (rep=0, index=630): <Trial 630 (630 in rep 0) data={'center': -2, 'surround': -15.0, 'type': 'c-2', 'surr_type': 'negs', 'surr_opacity': 100, 'thisN': 630, 'thisTrialN': 630, 'thisRepN': 0}>
1000.7990 	INFO 	Keyboard events cleared
1000.7986 	EXP 	surround_grating: autoDraw = False
1000.7986 	EXP 	center_grating: autoDraw = False
1000.7986 	EXP 	text_2: autoDraw = False
1000.7986 	EXP 	surround_grating: ori = -15.0
1000.7986 	EXP 	surround_grating: sf = array([2.5, 2.5])
1000.7986 	EXP 	surround_grating: phase = array([0.24425098, 0.24425098])
1000.7986 	EXP 	center_grating: ori = -2.0
1000.7986 	EXP 	center_grating: sf = array([2.5, 2.5])
1000.7986 	EXP 	center_grating: phase = array([0.60604232, 0.60604232])
1001.2847 	EXP 	surround_grating: autoDraw = True
1001.2847 	EXP 	center_grating: autoDraw = True
1001.3569 	EXP 	surround_grating: autoDraw = False
1001.3569 	EXP 	center_grating: autoDraw = False
1001.8876 	EXP 	New trial (rep=0, index=631): <Trial 631 (631 in rep 0) data={'center': -4, 'surround': 0.0, 'type': 'c-4', 'surr_type': 'noss', 'surr_opacity': 0, 'thisN': 631, 'thisTrialN': 631, 'thisRepN': 0}>
1001.8978 	INFO 	Keyboard events cleared
1001.8974 	EXP 	surround_grating: autoDraw = False
1001.8974 	EXP 	center_grating: autoDraw = False
1001.8974 	EXP 	text_2: autoDraw = False
1001.8974 	EXP 	surround_grating: ori = 0.0
1001.8974 	EXP 	surround_grating: sf = array([2.5, 2.5])
1001.8974 	EXP 	surround_grating: phase = array([0.35563312, 0.35563312])
1001.8974 	EXP 	center_grating: ori = -4.0
1001.8974 	EXP 	center_grating: sf = array([2.5, 2.5])
1001.8974 	EXP 	center_grating: phase = array([0.60062527, 0.60062527])
1002.3847 	EXP 	surround_grating: autoDraw = True
1002.3847 	EXP 	center_grating: autoDraw = True
1002.4566 	EXP 	surround_grating: autoDraw = False
1002.4566 	EXP 	center_grating: autoDraw = False
1002.9101 	EXP 	New trial (rep=0, index=632): <Trial 632 (632 in rep 0) data={'center': 4, 'surround': 0.0, 'type': 'c+4', 'surr_type': 'noss', 'surr_opacity': 0, 'thisN': 632, 'thisTrialN': 632, 'thisRepN': 0}>
1002.9203 	INFO 	Keyboard events cleared
1002.9197 	EXP 	surround_grating: autoDraw = False
1002.9197 	EXP 	center_grating: autoDraw = False
1002.9197 	EXP 	text_2: autoDraw = False
1002.9197 	EXP 	surround_grating: ori = 0.0
1002.9197 	EXP 	surround_grating: sf = array([2.5, 2.5])
1002.9197 	EXP 	surround_grating: phase = array([0.34459649, 0.34459649])
1002.9197 	EXP 	center_grating: ori = 4.0
1002.9197 	EXP 	center_grating: sf = array([2.5, 2.5])
1002.9197 	EXP 	center_grating: phase = array([0.89392856, 0.89392856])
1003.4102 	EXP 	surround_grating: autoDraw = True
1003.4102 	EXP 	center_grating: autoDraw = True
1003.4852 	EXP 	surround_grating: autoDraw = False
1003.4852 	EXP 	center_grating: autoDraw = False
1003.7943 	EXP 	New trial (rep=0, index=633): <Trial 633 (633 in rep 0) data={'center': -1, 'surround': 0.0, 'type': 'c-1', 'surr_type': 'noss', 'surr_opacity': 0, 'thisN': 633, 'thisTrialN': 633, 'thisRepN': 0}>
1003.8045 	INFO 	Keyboard events cleared
1003.8040 	EXP 	surround_grating: autoDraw = False
1003.8040 	EXP 	center_grating: autoDraw = False
1003.8040 	EXP 	text_2: autoDraw = False
1003.8040 	EXP 	surround_grating: ori = 0.0
1003.8040 	EXP 	surround_grating: sf = array([2.5, 2.5])
1003.8040 	EXP 	surround_grating: phase = array([0.95869768, 0.95869768])
1003.8040 	EXP 	center_grating: ori = -1.0
1003.8040 	EXP 	center_grating: sf = array([2.5, 2.5])
1003.8040 	EXP 	center_grating: phase = array([0.57285535, 0.57285535])
1004.2941 	EXP 	surround_grating: autoDraw = True
1004.2941 	EXP 	center_grating: autoDraw = True
1004.3685 	EXP 	surround_grating: autoDraw = False
1004.3685 	EXP 	center_grating: autoDraw = False
1004.8711 	EXP 	New trial (rep=0, index=634): <Trial 634 (634 in rep 0) data={'center': 6, 'surround': 15.0, 'type': 'c+6', 'surr_type': 'poss', 'surr_opacity': 100, 'thisN': 634, 'thisTrialN': 634, 'thisRepN': 0}>
1004.8813 	INFO 	Keyboard events cleared
1004.8809 	EXP 	surround_grating: autoDraw = False
1004.8809 	EXP 	center_grating: autoDraw = False
1004.8809 	EXP 	text_2: autoDraw = False
1004.8809 	EXP 	surround_grating: ori = 15.0
1004.8809 	EXP 	surround_grating: sf = array([2.5, 2.5])
1004.8809 	EXP 	surround_grating: phase = array([0.11134771, 0.11134771])
1004.8809 	EXP 	center_grating: ori = 6.0
1004.8809 	EXP 	center_grating: sf = array([2.5, 2.5])
1004.8809 	EXP 	center_grating: phase = array([0.00873692, 0.00873692])
1005.3680 	EXP 	surround_grating: autoDraw = True
1005.3680 	EXP 	center_grating: autoDraw = True
1005.4404 	EXP 	surround_grating: autoDraw = False
1005.4404 	EXP 	center_grating: autoDraw = False
1005.8762 	EXP 	New trial (rep=0, index=635): <Trial 635 (635 in rep 0) data={'center': -6, 'surround': -15.0, 'type': 'c-6', 'surr_type': 'negs', 'surr_opacity': 100, 'thisN': 635, 'thisTrialN': 635, 'thisRepN': 0}>
1005.9021 	INFO 	Keyboard events cleared
1005.9016 	EXP 	surround_grating: autoDraw = False
1005.9016 	EXP 	center_grating: autoDraw = False
1005.9016 	EXP 	text_2: autoDraw = False
1005.9016 	EXP 	surround_grating: ori = -15.0
1005.9016 	EXP 	surround_grating: sf = array([2.5, 2.5])
1005.9016 	EXP 	surround_grating: phase = array([0.4470633, 0.4470633])
1005.9016 	EXP 	center_grating: ori = -6.0
1005.9016 	EXP 	center_grating: sf = array([2.5, 2.5])
1005.9016 	EXP 	center_grating: phase = array([0.61811328, 0.61811328])
1006.3769 	EXP 	surround_grating: autoDraw = True
1006.3769 	EXP 	center_grating: autoDraw = True
1006.4519 	EXP 	surround_grating: autoDraw = False
1006.4519 	EXP 	center_grating: autoDraw = False
1007.0611 	EXP 	New trial (rep=0, index=636): <Trial 636 (636 in rep 0) data={'center': 2, 'surround': -15.0, 'type': 'c+2', 'surr_type': 'negs', 'surr_opacity': 100, 'thisN': 636, 'thisTrialN': 636, 'thisRepN': 0}>
1007.0714 	INFO 	Keyboard events cleared
1007.0709 	EXP 	surround_grating: autoDraw = False
1007.0709 	EXP 	center_grating: autoDraw = False
1007.0709 	EXP 	text_2: autoDraw = False
1007.0709 	EXP 	surround_grating: ori = -15.0
1007.0709 	EXP 	surround_grating: sf = array([2.5, 2.5])
1007.0709 	EXP 	surround_grating: phase = array([0.793206, 0.793206])
1007.0709 	EXP 	center_grating: ori = 2.0
1007.0709 	EXP 	center_grating: sf = array([2.5, 2.5])
1007.0709 	EXP 	center_grating: phase = array([0.05505201, 0.05505201])
1007.5605 	EXP 	surround_grating: autoDraw = True
1007.5605 	EXP 	center_grating: autoDraw = True
1007.6353 	EXP 	surround_grating: autoDraw = False
1007.6353 	EXP 	center_grating: autoDraw = False
1008.1471 	EXP 	New trial (rep=0, index=637): <Trial 637 (637 in rep 0) data={'center': 4, 'surround': 0.0, 'type': 'c+4', 'surr_type': 'noss', 'surr_opacity': 0, 'thisN': 637, 'thisTrialN': 637, 'thisRepN': 0}>
1008.1564 	INFO 	Keyboard events cleared
1008.1559 	EXP 	surround_grating: autoDraw = False
1008.1559 	EXP 	center_grating: autoDraw = False
1008.1559 	EXP 	text_2: autoDraw = False
1008.1559 	EXP 	surround_grating: ori = 0.0
1008.1559 	EXP 	surround_grating: sf = array([2.5, 2.5])
1008.1559 	EXP 	surround_grating: phase = array([0.86289147, 0.86289147])
1008.1559 	EXP 	center_grating: ori = 4.0
1008.1559 	EXP 	center_grating: sf = array([2.5, 2.5])
1008.1559 	EXP 	center_grating: phase = array([0.41003109, 0.41003109])
1008.6445 	EXP 	surround_grating: autoDraw = True
1008.6445 	EXP 	center_grating: autoDraw = True
1008.7187 	EXP 	surround_grating: autoDraw = False
1008.7187 	EXP 	center_grating: autoDraw = False
1009.1948 	EXP 	New trial (rep=0, index=638): <Trial 638 (638 in rep 0) data={'center': -6, 'surround': -15.0, 'type': 'c-6', 'surr_type': 'negs', 'surr_opacity': 100, 'thisN': 638, 'thisTrialN': 638, 'thisRepN': 0}>
1009.2050 	INFO 	Keyboard events cleared
1009.2045 	EXP 	surround_grating: autoDraw = False
1009.2045 	EXP 	center_grating: autoDraw = False
1009.2045 	EXP 	text_2: autoDraw = False
1009.2045 	EXP 	surround_grating: ori = -15.0
1009.2045 	EXP 	surround_grating: sf = array([2.5, 2.5])
1009.2045 	EXP 	surround_grating: phase = array([0.6349596, 0.6349596])
1009.2045 	EXP 	center_grating: ori = -6.0
1009.2045 	EXP 	center_grating: sf = array([2.5, 2.5])
1009.2045 	EXP 	center_grating: phase = array([0.29571927, 0.29571927])
1009.6939 	EXP 	surround_grating: autoDraw = True
1009.6939 	EXP 	center_grating: autoDraw = True
1009.7687 	EXP 	surround_grating: autoDraw = False
1009.7687 	EXP 	center_grating: autoDraw = False
1010.3480 	EXP 	New trial (rep=0, index=639): <Trial 639 (639 in rep 0) data={'center': 1, 'surround': 0.0, 'type': 'c+1', 'surr_type': 'noss', 'surr_opacity': 0, 'thisN': 639, 'thisTrialN': 639, 'thisRepN': 0}>
1010.3548 	INFO 	Keyboard events cleared
1010.3544 	EXP 	surround_grating: autoDraw = False
1010.3544 	EXP 	center_grating: autoDraw = False
1010.3544 	EXP 	text_2: autoDraw = False
1010.3544 	EXP 	surround_grating: ori = 0.0
1010.3544 	EXP 	surround_grating: sf = array([2.5, 2.5])
1010.3544 	EXP 	surround_grating: phase = array([0.87003702, 0.87003702])
1010.3544 	EXP 	center_grating: ori = 1.0
1010.3544 	EXP 	center_grating: sf = array([2.5, 2.5])
1010.3544 	EXP 	center_grating: phase = array([0.3644455, 0.3644455])
1010.8434 	EXP 	surround_grating: autoDraw = True
1010.8434 	EXP 	center_grating: autoDraw = True
1010.9188 	EXP 	surround_grating: autoDraw = False
1010.9188 	EXP 	center_grating: autoDraw = False
1011.3547 	EXP 	New trial (rep=0, index=640): <Trial 640 (640 in rep 0) data={'center': -8, 'surround': -15.0, 'type': 'c-8', 'surr_type': 'negs', 'surr_opacity': 100, 'thisN': 640, 'thisTrialN': 640, 'thisRepN': 0}>
1011.3647 	INFO 	Keyboard events cleared
1011.3642 	EXP 	surround_grating: autoDraw = False
1011.3642 	EXP 	center_grating: autoDraw = False
1011.3642 	EXP 	text_2: autoDraw = False
1011.3642 	EXP 	surround_grating: ori = -15.0
1011.3642 	EXP 	surround_grating: sf = array([2.5, 2.5])
1011.3642 	EXP 	surround_grating: phase = array([0.63682847, 0.63682847])
1011.3642 	EXP 	center_grating: ori = -8.0
1011.3642 	EXP 	center_grating: sf = array([2.5, 2.5])
1011.3642 	EXP 	center_grating: phase = array([0.41232262, 0.41232262])
1011.8515 	EXP 	surround_grating: autoDraw = True
1011.8515 	EXP 	center_grating: autoDraw = True
1011.9239 	EXP 	surround_grating: autoDraw = False
1011.9239 	EXP 	center_grating: autoDraw = False
1012.5711 	EXP 	New trial (rep=0, index=641): <Trial 641 (641 in rep 0) data={'center': 4, 'surround': 0.0, 'type': 'c+4', 'surr_type': 'noss', 'surr_opacity': 0, 'thisN': 641, 'thisTrialN': 641, 'thisRepN': 0}>
1012.5809 	INFO 	Keyboard events cleared
1012.5805 	EXP 	surround_grating: autoDraw = False
1012.5805 	EXP 	center_grating: autoDraw = False
1012.5805 	EXP 	text_2: autoDraw = False
1012.5805 	EXP 	surround_grating: ori = 0.0
1012.5805 	EXP 	surround_grating: sf = array([2.5, 2.5])
1012.5805 	EXP 	surround_grating: phase = array([0.39256331, 0.39256331])
1012.5805 	EXP 	center_grating: ori = 4.0
1012.5805 	EXP 	center_grating: sf = array([2.5, 2.5])
1012.5805 	EXP 	center_grating: phase = array([0.07260394, 0.07260394])
1013.0683 	EXP 	surround_grating: autoDraw = True
1013.0683 	EXP 	center_grating: autoDraw = True
1013.1406 	EXP 	surround_grating: autoDraw = False
1013.1406 	EXP 	center_grating: autoDraw = False
1014.8716 	EXP 	New trial (rep=0, index=642): <Trial 642 (642 in rep 0) data={'center': 2, 'surround': 0.0, 'type': 'c+2', 'surr_type': 'noss', 'surr_opacity': 0, 'thisN': 642, 'thisTrialN': 642, 'thisRepN': 0}>
1014.8823 	INFO 	Keyboard events cleared
1014.8818 	EXP 	surround_grating: autoDraw = False
1014.8818 	EXP 	center_grating: autoDraw = False
1014.8818 	EXP 	text_2: autoDraw = False
1014.8818 	EXP 	surround_grating: ori = 0.0
1014.8818 	EXP 	surround_grating: sf = array([2.5, 2.5])
1014.8818 	EXP 	surround_grating: phase = array([0.07920358, 0.07920358])
1014.8818 	EXP 	center_grating: ori = 2.0
1014.8818 	EXP 	center_grating: sf = array([2.5, 2.5])
1014.8818 	EXP 	center_grating: phase = array([0.25899095, 0.25899095])
1015.3685 	EXP 	surround_grating: autoDraw = True
1015.3685 	EXP 	center_grating: autoDraw = True
1015.4418 	EXP 	surround_grating: autoDraw = False
1015.4418 	EXP 	center_grating: autoDraw = False
1016.5221 	EXP 	New trial (rep=0, index=643): <Trial 643 (643 in rep 0) data={'center': -2, 'surround': -15.0, 'type': 'c-2', 'surr_type': 'negs', 'surr_opacity': 100, 'thisN': 643, 'thisTrialN': 643, 'thisRepN': 0}>
1016.5324 	INFO 	Keyboard events cleared
1016.5318 	EXP 	surround_grating: autoDraw = False
1016.5318 	EXP 	center_grating: autoDraw = False
1016.5318 	EXP 	text_2: autoDraw = False
1016.5318 	EXP 	surround_grating: ori = -15.0
1016.5318 	EXP 	surround_grating: sf = array([2.5, 2.5])
1016.5318 	EXP 	surround_grating: phase = array([0.88724324, 0.88724324])
1016.5318 	EXP 	center_grating: ori = -2.0
1016.5318 	EXP 	center_grating: sf = array([2.5, 2.5])
1016.5318 	EXP 	center_grating: phase = array([0.10695288, 0.10695288])
1017.0184 	EXP 	surround_grating: autoDraw = True
1017.0184 	EXP 	center_grating: autoDraw = True
1017.0906 	EXP 	surround_grating: autoDraw = False
1017.0906 	EXP 	center_grating: autoDraw = False
1018.6399 	EXP 	New trial (rep=0, index=644): <Trial 644 (644 in rep 0) data={'center': 4, 'surround': 0.0, 'type': 'c+4', 'surr_type': 'noss', 'surr_opacity': 0, 'thisN': 644, 'thisTrialN': 644, 'thisRepN': 0}>
1018.6503 	INFO 	Keyboard events cleared
1018.6499 	EXP 	surround_grating: autoDraw = False
1018.6499 	EXP 	center_grating: autoDraw = False
1018.6499 	EXP 	text_2: autoDraw = False
1018.6499 	EXP 	surround_grating: ori = 0.0
1018.6499 	EXP 	surround_grating: sf = array([2.5, 2.5])
1018.6499 	EXP 	surround_grating: phase = array([0.35170129, 0.35170129])
1018.6499 	EXP 	center_grating: ori = 4.0
1018.6499 	EXP 	center_grating: sf = array([2.5, 2.5])
1018.6499 	EXP 	center_grating: phase = array([0.08430571, 0.08430571])
1019.1352 	EXP 	surround_grating: autoDraw = True
1019.1352 	EXP 	center_grating: autoDraw = True
1019.2086 	EXP 	surround_grating: autoDraw = False
1019.2086 	EXP 	center_grating: autoDraw = False
1021.7550 	EXP 	New trial (rep=0, index=645): <Trial 645 (645 in rep 0) data={'center': -6, 'surround': -15.0, 'type': 'c-6', 'surr_type': 'negs', 'surr_opacity': 100, 'thisN': 645, 'thisTrialN': 645, 'thisRepN': 0}>
1021.7649 	INFO 	Keyboard events cleared
1021.7645 	EXP 	surround_grating: autoDraw = False
1021.7645 	EXP 	center_grating: autoDraw = False
1021.7645 	EXP 	text_2: autoDraw = False
1021.7645 	EXP 	surround_grating: ori = -15.0
1021.7645 	EXP 	surround_grating: sf = array([2.5, 2.5])
1021.7645 	EXP 	surround_grating: phase = array([0.40634111, 0.40634111])
1021.7645 	EXP 	center_grating: ori = -6.0
1021.7645 	EXP 	center_grating: sf = array([2.5, 2.5])
1021.7645 	EXP 	center_grating: phase = array([0.71391802, 0.71391802])
1022.2519 	EXP 	surround_grating: autoDraw = True
1022.2519 	EXP 	center_grating: autoDraw = True
1022.3244 	EXP 	surround_grating: autoDraw = False
1022.3244 	EXP 	center_grating: autoDraw = False
1023.8384 	EXP 	New trial (rep=0, index=646): <Trial 646 (646 in rep 0) data={'center': 0, 'surround': 15.0, 'type': 'c+0', 'surr_type': 'poss', 'surr_opacity': 100, 'thisN': 646, 'thisTrialN': 646, 'thisRepN': 0}>
1023.8483 	INFO 	Keyboard events cleared
1023.8478 	EXP 	surround_grating: autoDraw = False
1023.8478 	EXP 	center_grating: autoDraw = False
1023.8478 	EXP 	text_2: autoDraw = False
1023.8478 	EXP 	surround_grating: ori = 15.0
1023.8478 	EXP 	surround_grating: sf = array([2.5, 2.5])
1023.8478 	EXP 	surround_grating: phase = array([0.65750428, 0.65750428])
1023.8478 	EXP 	center_grating: ori = 0.0
1023.8478 	EXP 	center_grating: sf = array([2.5, 2.5])
1023.8478 	EXP 	center_grating: phase = array([0.36317513, 0.36317513])
1024.3354 	EXP 	surround_grating: autoDraw = True
1024.3354 	EXP 	center_grating: autoDraw = True
1024.4077 	EXP 	surround_grating: autoDraw = False
1024.4077 	EXP 	center_grating: autoDraw = False
1024.9892 	EXP 	New trial (rep=0, index=647): <Trial 647 (647 in rep 0) data={'center': 2, 'surround': -15.0, 'type': 'c+2', 'surr_type': 'negs', 'surr_opacity': 100, 'thisN': 647, 'thisTrialN': 647, 'thisRepN': 0}>
1024.9999 	INFO 	Keyboard events cleared
1024.9995 	EXP 	surround_grating: autoDraw = False
1024.9995 	EXP 	center_grating: autoDraw = False
1024.9995 	EXP 	text_2: autoDraw = False
1024.9995 	EXP 	surround_grating: ori = -15.0
1024.9995 	EXP 	surround_grating: sf = array([2.5, 2.5])
1024.9995 	EXP 	surround_grating: phase = array([0.46564226, 0.46564226])
1024.9995 	EXP 	center_grating: ori = 2.0
1024.9995 	EXP 	center_grating: sf = array([2.5, 2.5])
1024.9995 	EXP 	center_grating: phase = array([0.00158184, 0.00158184])
1025.4854 	EXP 	surround_grating: autoDraw = True
1025.4854 	EXP 	center_grating: autoDraw = True
1025.5584 	EXP 	surround_grating: autoDraw = False
1025.5584 	EXP 	center_grating: autoDraw = False
1026.1058 	EXP 	New trial (rep=0, index=648): <Trial 648 (648 in rep 0) data={'center': 0, 'surround': -15.0, 'type': 'c+0', 'surr_type': 'negs', 'surr_opacity': 100, 'thisN': 648, 'thisTrialN': 648, 'thisRepN': 0}>
1026.1158 	INFO 	Keyboard events cleared
1026.1154 	EXP 	surround_grating: autoDraw = False
1026.1154 	EXP 	center_grating: autoDraw = False
1026.1154 	EXP 	text_2: autoDraw = False
1026.1154 	EXP 	surround_grating: ori = -15.0
1026.1154 	EXP 	surround_grating: sf = array([2.5, 2.5])
1026.1154 	EXP 	surround_grating: phase = array([0.31651715, 0.31651715])
1026.1154 	EXP 	center_grating: ori = 0.0
1026.1154 	EXP 	center_grating: sf = array([2.5, 2.5])
1026.1154 	EXP 	center_grating: phase = array([0.96816956, 0.96816956])
1026.6021 	EXP 	surround_grating: autoDraw = True
1026.6021 	EXP 	center_grating: autoDraw = True
1026.6737 	EXP 	surround_grating: autoDraw = False
1026.6737 	EXP 	center_grating: autoDraw = False
1027.2219 	EXP 	New trial (rep=0, index=649): <Trial 649 (649 in rep 0) data={'center': -6, 'surround': -15.0, 'type': 'c-6', 'surr_type': 'negs', 'surr_opacity': 100, 'thisN': 649, 'thisTrialN': 649, 'thisRepN': 0}>
1027.2327 	INFO 	Keyboard events cleared
1027.2323 	EXP 	surround_grating: autoDraw = False
1027.2323 	EXP 	center_grating: autoDraw = False
1027.2323 	EXP 	text_2: autoDraw = False
1027.2323 	EXP 	surround_grating: ori = -15.0
1027.2323 	EXP 	surround_grating: sf = array([2.5, 2.5])
1027.2323 	EXP 	surround_grating: phase = array([0.69211843, 0.69211843])
1027.2323 	EXP 	center_grating: ori = -6.0
1027.2323 	EXP 	center_grating: sf = array([2.5, 2.5])
1027.2323 	EXP 	center_grating: phase = array([0.67966888, 0.67966888])
1027.7189 	EXP 	surround_grating: autoDraw = True
1027.7189 	EXP 	center_grating: autoDraw = True
1027.7920 	EXP 	surround_grating: autoDraw = False
1027.7920 	EXP 	center_grating: autoDraw = False
1028.4890 	EXP 	New trial (rep=0, index=650): <Trial 650 (650 in rep 0) data={'center': 2, 'surround': -15.0, 'type': 'c+2', 'surr_type': 'negs', 'surr_opacity': 100, 'thisN': 650, 'thisTrialN': 650, 'thisRepN': 0}>
1028.4999 	INFO 	Keyboard events cleared
1028.4994 	EXP 	surround_grating: autoDraw = False
1028.4994 	EXP 	center_grating: autoDraw = False
1028.4994 	EXP 	text_2: autoDraw = False
1028.4994 	EXP 	surround_grating: ori = -15.0
1028.4994 	EXP 	surround_grating: sf = array([2.5, 2.5])
1028.4994 	EXP 	surround_grating: phase = array([0.39748804, 0.39748804])
1028.4994 	EXP 	center_grating: ori = 2.0
1028.4994 	EXP 	center_grating: sf = array([2.5, 2.5])
1028.4994 	EXP 	center_grating: phase = array([0.72202734, 0.72202734])
1028.9855 	EXP 	surround_grating: autoDraw = True
1028.9855 	EXP 	center_grating: autoDraw = True
1029.0580 	EXP 	surround_grating: autoDraw = False
1029.0580 	EXP 	center_grating: autoDraw = False
1029.5725 	EXP 	New trial (rep=0, index=651): <Trial 651 (651 in rep 0) data={'center': 2, 'surround': -15.0, 'type': 'c+2', 'surr_type': 'negs', 'surr_opacity': 100, 'thisN': 651, 'thisTrialN': 651, 'thisRepN': 0}>
1029.5831 	INFO 	Keyboard events cleared
1029.5827 	EXP 	surround_grating: autoDraw = False
1029.5827 	EXP 	center_grating: autoDraw = False
1029.5827 	EXP 	text_2: autoDraw = False
1029.5827 	EXP 	surround_grating: ori = -15.0
1029.5827 	EXP 	surround_grating: sf = array([2.5, 2.5])
1029.5827 	EXP 	surround_grating: phase = array([0.70410492, 0.70410492])
1029.5827 	EXP 	center_grating: ori = 2.0
1029.5827 	EXP 	center_grating: sf = array([2.5, 2.5])
1029.5827 	EXP 	center_grating: phase = array([0.1653738, 0.1653738])
1030.0689 	EXP 	surround_grating: autoDraw = True
1030.0689 	EXP 	center_grating: autoDraw = True
1030.1411 	EXP 	surround_grating: autoDraw = False
1030.1411 	EXP 	center_grating: autoDraw = False
1030.4946 	EXP 	New trial (rep=0, index=652): <Trial 652 (652 in rep 0) data={'center': -2, 'surround': 0.0, 'type': 'c-2', 'surr_type': 'noss', 'surr_opacity': 0, 'thisN': 652, 'thisTrialN': 652, 'thisRepN': 0}>
1030.5049 	INFO 	Keyboard events cleared
1030.5045 	EXP 	surround_grating: autoDraw = False
1030.5045 	EXP 	center_grating: autoDraw = False
1030.5045 	EXP 	text_2: autoDraw = False
1030.5045 	EXP 	surround_grating: ori = 0.0
1030.5045 	EXP 	surround_grating: sf = array([2.5, 2.5])
1030.5045 	EXP 	surround_grating: phase = array([0.80366059, 0.80366059])
1030.5045 	EXP 	center_grating: ori = -2.0
1030.5045 	EXP 	center_grating: sf = array([2.5, 2.5])
1030.5045 	EXP 	center_grating: phase = array([0.80423598, 0.80423598])
1030.9949 	EXP 	surround_grating: autoDraw = True
1030.9949 	EXP 	center_grating: autoDraw = True
1031.0697 	EXP 	surround_grating: autoDraw = False
1031.0697 	EXP 	center_grating: autoDraw = False
1031.3719 	EXP 	New trial (rep=0, index=653): <Trial 653 (653 in rep 0) data={'center': 0, 'surround': 15.0, 'type': 'c+0', 'surr_type': 'poss', 'surr_opacity': 100, 'thisN': 653, 'thisTrialN': 653, 'thisRepN': 0}>
1031.3823 	INFO 	Keyboard events cleared
1031.3819 	EXP 	surround_grating: autoDraw = False
1031.3819 	EXP 	center_grating: autoDraw = False
1031.3819 	EXP 	text_2: autoDraw = False
1031.3819 	EXP 	surround_grating: ori = 15.0
1031.3819 	EXP 	surround_grating: sf = array([2.5, 2.5])
1031.3819 	EXP 	surround_grating: phase = array([0.80362522, 0.80362522])
1031.3819 	EXP 	center_grating: ori = 0.0
1031.3819 	EXP 	center_grating: sf = array([2.5, 2.5])
1031.3819 	EXP 	center_grating: phase = array([0.83220985, 0.83220985])
1031.8690 	EXP 	surround_grating: autoDraw = True
1031.8690 	EXP 	center_grating: autoDraw = True
1031.9408 	EXP 	surround_grating: autoDraw = False
1031.9408 	EXP 	center_grating: autoDraw = False
1032.4554 	EXP 	New trial (rep=0, index=654): <Trial 654 (654 in rep 0) data={'center': -8, 'surround': -15.0, 'type': 'c-8', 'surr_type': 'negs', 'surr_opacity': 100, 'thisN': 654, 'thisTrialN': 654, 'thisRepN': 0}>
1032.4653 	INFO 	Keyboard events cleared
1032.4648 	EXP 	surround_grating: autoDraw = False
1032.4648 	EXP 	center_grating: autoDraw = False
1032.4648 	EXP 	text_2: autoDraw = False
1032.4648 	EXP 	surround_grating: ori = -15.0
1032.4648 	EXP 	surround_grating: sf = array([2.5, 2.5])
1032.4648 	EXP 	surround_grating: phase = array([0.34593667, 0.34593667])
1032.4648 	EXP 	center_grating: ori = -8.0
1032.4648 	EXP 	center_grating: sf = array([2.5, 2.5])
1032.4648 	EXP 	center_grating: phase = array([0.8019967, 0.8019967])
1032.9524 	EXP 	surround_grating: autoDraw = True
1032.9524 	EXP 	center_grating: autoDraw = True
1033.0246 	EXP 	surround_grating: autoDraw = False
1033.0246 	EXP 	center_grating: autoDraw = False
1033.4388 	EXP 	New trial (rep=0, index=655): <Trial 655 (655 in rep 0) data={'center': 2, 'surround': 15.0, 'type': 'c+2', 'surr_type': 'poss', 'surr_opacity': 100, 'thisN': 655, 'thisTrialN': 655, 'thisRepN': 0}>
1033.4492 	INFO 	Keyboard events cleared
1033.4486 	EXP 	surround_grating: autoDraw = False
1033.4486 	EXP 	center_grating: autoDraw = False
1033.4486 	EXP 	text_2: autoDraw = False
1033.4486 	EXP 	surround_grating: ori = 15.0
1033.4486 	EXP 	surround_grating: sf = array([2.5, 2.5])
1033.4486 	EXP 	surround_grating: phase = array([0.29420741, 0.29420741])
1033.4486 	EXP 	center_grating: ori = 2.0
1033.4486 	EXP 	center_grating: sf = array([2.5, 2.5])
1033.4486 	EXP 	center_grating: phase = array([0.56885786, 0.56885786])
1033.9358 	EXP 	surround_grating: autoDraw = True
1033.9358 	EXP 	center_grating: autoDraw = True
1034.0076 	EXP 	surround_grating: autoDraw = False
1034.0076 	EXP 	center_grating: autoDraw = False
1034.6281 	EXP 	New trial (rep=0, index=656): <Trial 656 (656 in rep 0) data={'center': 4, 'surround': 15.0, 'type': 'c+4', 'surr_type': 'poss', 'surr_opacity': 100, 'thisN': 656, 'thisTrialN': 656, 'thisRepN': 0}>
1034.6385 	INFO 	Keyboard events cleared
1034.6381 	EXP 	surround_grating: autoDraw = False
1034.6381 	EXP 	center_grating: autoDraw = False
1034.6381 	EXP 	text_2: autoDraw = False
1034.6381 	EXP 	surround_grating: ori = 15.0
1034.6381 	EXP 	surround_grating: sf = array([2.5, 2.5])
1034.6381 	EXP 	surround_grating: phase = array([0.55184117, 0.55184117])
1034.6381 	EXP 	center_grating: ori = 4.0
1034.6381 	EXP 	center_grating: sf = array([2.5, 2.5])
1034.6381 	EXP 	center_grating: phase = array([0.01226858, 0.01226858])
1035.1278 	EXP 	surround_grating: autoDraw = True
1035.1278 	EXP 	center_grating: autoDraw = True
1035.2029 	EXP 	surround_grating: autoDraw = False
1035.2029 	EXP 	center_grating: autoDraw = False
1035.8116 	EXP 	New trial (rep=0, index=657): <Trial 657 (657 in rep 0) data={'center': 2, 'surround': -15.0, 'type': 'c+2', 'surr_type': 'negs', 'surr_opacity': 100, 'thisN': 657, 'thisTrialN': 657, 'thisRepN': 0}>
1035.8219 	INFO 	Keyboard events cleared
1035.8214 	EXP 	surround_grating: autoDraw = False
1035.8214 	EXP 	center_grating: autoDraw = False
1035.8214 	EXP 	text_2: autoDraw = False
1035.8214 	EXP 	surround_grating: ori = -15.0
1035.8214 	EXP 	surround_grating: sf = array([2.5, 2.5])
1035.8214 	EXP 	surround_grating: phase = array([0.9731512, 0.9731512])
1035.8214 	EXP 	center_grating: ori = 2.0
1035.8214 	EXP 	center_grating: sf = array([2.5, 2.5])
1035.8214 	EXP 	center_grating: phase = array([0.02598955, 0.02598955])
1036.3109 	EXP 	surround_grating: autoDraw = True
1036.3109 	EXP 	center_grating: autoDraw = True
1036.3863 	EXP 	surround_grating: autoDraw = False
1036.3863 	EXP 	center_grating: autoDraw = False
1036.9559 	EXP 	New trial (rep=0, index=658): <Trial 658 (658 in rep 0) data={'center': 8, 'surround': 15.0, 'type': 'c+8', 'surr_type': 'poss', 'surr_opacity': 100, 'thisN': 658, 'thisTrialN': 658, 'thisRepN': 0}>
1036.9659 	INFO 	Keyboard events cleared
1036.9654 	EXP 	surround_grating: autoDraw = False
1036.9654 	EXP 	center_grating: autoDraw = False
1036.9654 	EXP 	text_2: autoDraw = False
1036.9654 	EXP 	surround_grating: ori = 15.0
1036.9654 	EXP 	surround_grating: sf = array([2.5, 2.5])
1036.9654 	EXP 	surround_grating: phase = array([0.13435985, 0.13435985])
1036.9654 	EXP 	center_grating: ori = 8.0
1036.9654 	EXP 	center_grating: sf = array([2.5, 2.5])
1036.9654 	EXP 	center_grating: phase = array([0.14950109, 0.14950109])
1037.4526 	EXP 	surround_grating: autoDraw = True
1037.4526 	EXP 	center_grating: autoDraw = True
1037.5254 	EXP 	surround_grating: autoDraw = False
1037.5254 	EXP 	center_grating: autoDraw = False
1037.9311 	EXP 	New trial (rep=0, index=659): <Trial 659 (659 in rep 0) data={'center': 2, 'surround': 0.0, 'type': 'c+2', 'surr_type': 'noss', 'surr_opacity': 0, 'thisN': 659, 'thisTrialN': 659, 'thisRepN': 0}>
1037.9390 	INFO 	Keyboard events cleared
1037.9386 	EXP 	surround_grating: autoDraw = False
1037.9386 	EXP 	center_grating: autoDraw = False
1037.9386 	EXP 	text_2: autoDraw = False
1037.9386 	EXP 	surround_grating: ori = 0.0
1037.9386 	EXP 	surround_grating: sf = array([2.5, 2.5])
1037.9386 	EXP 	surround_grating: phase = array([0.73650543, 0.73650543])
1037.9386 	EXP 	center_grating: ori = 2.0
1037.9386 	EXP 	center_grating: sf = array([2.5, 2.5])
1037.9386 	EXP 	center_grating: phase = array([0.15780643, 0.15780643])
1038.4286 	EXP 	surround_grating: autoDraw = True
1038.4286 	EXP 	center_grating: autoDraw = True
1038.5032 	EXP 	surround_grating: autoDraw = False
1038.5032 	EXP 	center_grating: autoDraw = False
1038.9646 	EXP 	New trial (rep=0, index=660): <Trial 660 (660 in rep 0) data={'center': -4, 'surround': -15.0, 'type': 'c-4', 'surr_type': 'negs', 'surr_opacity': 100, 'thisN': 660, 'thisTrialN': 660, 'thisRepN': 0}>
1038.9724 	INFO 	Keyboard events cleared
1038.9720 	EXP 	surround_grating: autoDraw = False
1038.9720 	EXP 	center_grating: autoDraw = False
1038.9720 	EXP 	text_2: autoDraw = False
1038.9720 	EXP 	surround_grating: ori = -15.0
1038.9720 	EXP 	surround_grating: sf = array([2.5, 2.5])
1038.9720 	EXP 	surround_grating: phase = array([0.98602782, 0.98602782])
1038.9720 	EXP 	center_grating: ori = -4.0
1038.9720 	EXP 	center_grating: sf = array([2.5, 2.5])
1038.9720 	EXP 	center_grating: phase = array([0.41967916, 0.41967916])
1039.4611 	EXP 	surround_grating: autoDraw = True
1039.4611 	EXP 	center_grating: autoDraw = True
1039.5365 	EXP 	surround_grating: autoDraw = False
1039.5365 	EXP 	center_grating: autoDraw = False
1040.1898 	EXP 	New trial (rep=0, index=661): <Trial 661 (661 in rep 0) data={'center': -1, 'surround': 0.0, 'type': 'c-1', 'surr_type': 'noss', 'surr_opacity': 0, 'thisN': 661, 'thisTrialN': 661, 'thisRepN': 0}>
1040.1999 	INFO 	Keyboard events cleared
1040.1995 	EXP 	surround_grating: autoDraw = False
1040.1995 	EXP 	center_grating: autoDraw = False
1040.1995 	EXP 	text_2: autoDraw = False
1040.1995 	EXP 	surround_grating: ori = 0.0
1040.1995 	EXP 	surround_grating: sf = array([2.5, 2.5])
1040.1995 	EXP 	surround_grating: phase = array([0.82076212, 0.82076212])
1040.1995 	EXP 	center_grating: ori = -1.0
1040.1995 	EXP 	center_grating: sf = array([2.5, 2.5])
1040.1995 	EXP 	center_grating: phase = array([0.15304795, 0.15304795])
1040.6860 	EXP 	surround_grating: autoDraw = True
1040.6860 	EXP 	center_grating: autoDraw = True
1040.7595 	EXP 	surround_grating: autoDraw = False
1040.7595 	EXP 	center_grating: autoDraw = False
1041.5575 	EXP 	New trial (rep=0, index=662): <Trial 662 (662 in rep 0) data={'center': -4, 'surround': -15.0, 'type': 'c-4', 'surr_type': 'negs', 'surr_opacity': 100, 'thisN': 662, 'thisTrialN': 662, 'thisRepN': 0}>
1041.5675 	INFO 	Keyboard events cleared
1041.5671 	EXP 	surround_grating: autoDraw = False
1041.5671 	EXP 	center_grating: autoDraw = False
1041.5671 	EXP 	text_2: autoDraw = False
1041.5671 	EXP 	surround_grating: ori = -15.0
1041.5671 	EXP 	surround_grating: sf = array([2.5, 2.5])
1041.5671 	EXP 	surround_grating: phase = array([0.4676092, 0.4676092])
1041.5671 	EXP 	center_grating: ori = -4.0
1041.5671 	EXP 	center_grating: sf = array([2.5, 2.5])
1041.5671 	EXP 	center_grating: phase = array([0.37568077, 0.37568077])
1042.0527 	EXP 	surround_grating: autoDraw = True
1042.0527 	EXP 	center_grating: autoDraw = True
1042.1368 	EXP 	surround_grating: autoDraw = False
1042.1368 	EXP 	center_grating: autoDraw = False
1042.5723 	EXP 	New trial (rep=0, index=663): <Trial 663 (663 in rep 0) data={'center': 2, 'surround': 0.0, 'type': 'c+2', 'surr_type': 'noss', 'surr_opacity': 0, 'thisN': 663, 'thisTrialN': 663, 'thisRepN': 0}>
1042.5821 	INFO 	Keyboard events cleared
1042.5816 	EXP 	surround_grating: autoDraw = False
1042.5816 	EXP 	center_grating: autoDraw = False
1042.5816 	EXP 	text_2: autoDraw = False
1042.5816 	EXP 	surround_grating: ori = 0.0
1042.5816 	EXP 	surround_grating: sf = array([2.5, 2.5])
1042.5816 	EXP 	surround_grating: phase = array([0.17435656, 0.17435656])
1042.5816 	EXP 	center_grating: ori = 2.0
1042.5816 	EXP 	center_grating: sf = array([2.5, 2.5])
1042.5816 	EXP 	center_grating: phase = array([0.33770744, 0.33770744])
1043.0693 	EXP 	surround_grating: autoDraw = True
1043.0693 	EXP 	center_grating: autoDraw = True
1043.1417 	EXP 	surround_grating: autoDraw = False
1043.1417 	EXP 	center_grating: autoDraw = False
1043.7616 	EXP 	New trial (rep=0, index=664): <Trial 664 (664 in rep 0) data={'center': 2, 'surround': 0.0, 'type': 'c+2', 'surr_type': 'noss', 'surr_opacity': 0, 'thisN': 664, 'thisTrialN': 664, 'thisRepN': 0}>
1043.7718 	INFO 	Keyboard events cleared
1043.7712 	EXP 	surround_grating: autoDraw = False
1043.7712 	EXP 	center_grating: autoDraw = False
1043.7712 	EXP 	text_2: autoDraw = False
1043.7712 	EXP 	surround_grating: ori = 0.0
1043.7712 	EXP 	surround_grating: sf = array([2.5, 2.5])
1043.7712 	EXP 	surround_grating: phase = array([0.17468504, 0.17468504])
1043.7712 	EXP 	center_grating: ori = 2.0
1043.7712 	EXP 	center_grating: sf = array([2.5, 2.5])
1043.7712 	EXP 	center_grating: phase = array([0.94263252, 0.94263252])
1044.2611 	EXP 	surround_grating: autoDraw = True
1044.2611 	EXP 	center_grating: autoDraw = True
1044.3366 	EXP 	surround_grating: autoDraw = False
1044.3366 	EXP 	center_grating: autoDraw = False
1044.7615 	EXP 	New trial (rep=0, index=665): <Trial 665 (665 in rep 0) data={'center': -8, 'surround': -15.0, 'type': 'c-8', 'surr_type': 'negs', 'surr_opacity': 100, 'thisN': 665, 'thisTrialN': 665, 'thisRepN': 0}>
1044.7723 	INFO 	Keyboard events cleared
1044.7720 	EXP 	surround_grating: autoDraw = False
1044.7720 	EXP 	center_grating: autoDraw = False
1044.7720 	EXP 	text_2: autoDraw = False
1044.7720 	EXP 	surround_grating: ori = -15.0
1044.7720 	EXP 	surround_grating: sf = array([2.5, 2.5])
1044.7720 	EXP 	surround_grating: phase = array([0.57106273, 0.57106273])
1044.7720 	EXP 	center_grating: ori = -8.0
1044.7720 	EXP 	center_grating: sf = array([2.5, 2.5])
1044.7720 	EXP 	center_grating: phase = array([0.30788424, 0.30788424])
1045.2617 	EXP 	surround_grating: autoDraw = True
1045.2617 	EXP 	center_grating: autoDraw = True
1045.3365 	EXP 	surround_grating: autoDraw = False
1045.3365 	EXP 	center_grating: autoDraw = False
1045.8059 	EXP 	New trial (rep=0, index=666): <Trial 666 (666 in rep 0) data={'center': -1, 'surround': 0.0, 'type': 'c-1', 'surr_type': 'noss', 'surr_opacity': 0, 'thisN': 666, 'thisTrialN': 666, 'thisRepN': 0}>
1045.8163 	INFO 	Keyboard events cleared
1045.8159 	EXP 	surround_grating: autoDraw = False
1045.8159 	EXP 	center_grating: autoDraw = False
1045.8159 	EXP 	text_2: autoDraw = False
1045.8159 	EXP 	surround_grating: ori = 0.0
1045.8159 	EXP 	surround_grating: sf = array([2.5, 2.5])
1045.8159 	EXP 	surround_grating: phase = array([0.99119532, 0.99119532])
1045.8159 	EXP 	center_grating: ori = -1.0
1045.8159 	EXP 	center_grating: sf = array([2.5, 2.5])
1045.8159 	EXP 	center_grating: phase = array([0.25476059, 0.25476059])
1046.3029 	EXP 	surround_grating: autoDraw = True
1046.3029 	EXP 	center_grating: autoDraw = True
1046.3752 	EXP 	surround_grating: autoDraw = False
1046.3752 	EXP 	center_grating: autoDraw = False
1046.7631 	EXP 	New trial (rep=0, index=667): <Trial 667 (667 in rep 0) data={'center': -2, 'surround': 15.0, 'type': 'c-2', 'surr_type': 'poss', 'surr_opacity': 100, 'thisN': 667, 'thisTrialN': 667, 'thisRepN': 0}>
1046.7735 	INFO 	Keyboard events cleared
1046.7730 	EXP 	surround_grating: autoDraw = False
1046.7730 	EXP 	center_grating: autoDraw = False
1046.7730 	EXP 	text_2: autoDraw = False
1046.7730 	EXP 	surround_grating: ori = 15.0
1046.7730 	EXP 	surround_grating: sf = array([2.5, 2.5])
1046.7730 	EXP 	surround_grating: phase = array([0.89748685, 0.89748685])
1046.7730 	EXP 	center_grating: ori = -2.0
1046.7730 	EXP 	center_grating: sf = array([2.5, 2.5])
1046.7730 	EXP 	center_grating: phase = array([0.53040542, 0.53040542])
1047.2623 	EXP 	surround_grating: autoDraw = True
1047.2623 	EXP 	center_grating: autoDraw = True
1047.3365 	EXP 	surround_grating: autoDraw = False
1047.3365 	EXP 	center_grating: autoDraw = False
1047.6226 	EXP 	New trial (rep=0, index=668): <Trial 668 (668 in rep 0) data={'center': 1, 'surround': 0.0, 'type': 'c+1', 'surr_type': 'noss', 'surr_opacity': 0, 'thisN': 668, 'thisTrialN': 668, 'thisRepN': 0}>
1047.6325 	INFO 	Keyboard events cleared
1047.6320 	EXP 	surround_grating: autoDraw = False
1047.6320 	EXP 	center_grating: autoDraw = False
1047.6320 	EXP 	text_2: autoDraw = False
1047.6320 	EXP 	surround_grating: ori = 0.0
1047.6320 	EXP 	surround_grating: sf = array([2.5, 2.5])
1047.6320 	EXP 	surround_grating: phase = array([0.42865241, 0.42865241])
1047.6320 	EXP 	center_grating: ori = 1.0
1047.6320 	EXP 	center_grating: sf = array([2.5, 2.5])
1047.6320 	EXP 	center_grating: phase = array([0.51223368, 0.51223368])
1048.1196 	EXP 	surround_grating: autoDraw = True
1048.1196 	EXP 	center_grating: autoDraw = True
1048.1915 	EXP 	surround_grating: autoDraw = False
1048.1915 	EXP 	center_grating: autoDraw = False
1048.6066 	EXP 	New trial (rep=0, index=669): <Trial 669 (669 in rep 0) data={'center': 0, 'surround': 15.0, 'type': 'c+0', 'surr_type': 'poss', 'surr_opacity': 100, 'thisN': 669, 'thisTrialN': 669, 'thisRepN': 0}>
1048.6173 	INFO 	Keyboard events cleared
1048.6170 	EXP 	surround_grating: autoDraw = False
1048.6170 	EXP 	center_grating: autoDraw = False
1048.6170 	EXP 	text_2: autoDraw = False
1048.6170 	EXP 	surround_grating: ori = 15.0
1048.6170 	EXP 	surround_grating: sf = array([2.5, 2.5])
1048.6170 	EXP 	surround_grating: phase = array([0.18295261, 0.18295261])
1048.6170 	EXP 	center_grating: ori = 0.0
1048.6170 	EXP 	center_grating: sf = array([2.5, 2.5])
1048.6170 	EXP 	center_grating: phase = array([0.01896208, 0.01896208])
1049.1029 	EXP 	surround_grating: autoDraw = True
1049.1029 	EXP 	center_grating: autoDraw = True
1049.1753 	EXP 	surround_grating: autoDraw = False
1049.1753 	EXP 	center_grating: autoDraw = False
1049.5567 	EXP 	New trial (rep=0, index=670): <Trial 670 (670 in rep 0) data={'center': -2, 'surround': 15.0, 'type': 'c-2', 'surr_type': 'poss', 'surr_opacity': 100, 'thisN': 670, 'thisTrialN': 670, 'thisRepN': 0}>
1049.5672 	INFO 	Keyboard events cleared
1049.5668 	EXP 	surround_grating: autoDraw = False
1049.5668 	EXP 	center_grating: autoDraw = False
1049.5668 	EXP 	text_2: autoDraw = False
1049.5668 	EXP 	surround_grating: ori = 15.0
1049.5668 	EXP 	surround_grating: sf = array([2.5, 2.5])
1049.5668 	EXP 	surround_grating: phase = array([0.86904404, 0.86904404])
1049.5668 	EXP 	center_grating: ori = -2.0
1049.5668 	EXP 	center_grating: sf = array([2.5, 2.5])
1049.5668 	EXP 	center_grating: phase = array([0.54595557, 0.54595557])
1050.0529 	EXP 	surround_grating: autoDraw = True
1050.0529 	EXP 	center_grating: autoDraw = True
1050.1259 	EXP 	surround_grating: autoDraw = False
1050.1259 	EXP 	center_grating: autoDraw = False
1050.7062 	EXP 	New trial (rep=0, index=671): <Trial 671 (671 in rep 0) data={'center': 4, 'surround': 15.0, 'type': 'c+4', 'surr_type': 'poss', 'surr_opacity': 100, 'thisN': 671, 'thisTrialN': 671, 'thisRepN': 0}>
1050.7161 	INFO 	Keyboard events cleared
1050.7156 	EXP 	surround_grating: autoDraw = False
1050.7156 	EXP 	center_grating: autoDraw = False
1050.7156 	EXP 	text_2: autoDraw = False
1050.7156 	EXP 	surround_grating: ori = 15.0
1050.7156 	EXP 	surround_grating: sf = array([2.5, 2.5])
1050.7156 	EXP 	surround_grating: phase = array([0.00789999, 0.00789999])
1050.7156 	EXP 	center_grating: ori = 4.0
1050.7156 	EXP 	center_grating: sf = array([2.5, 2.5])
1050.7156 	EXP 	center_grating: phase = array([0.96738594, 0.96738594])
1051.2031 	EXP 	surround_grating: autoDraw = True
1051.2031 	EXP 	center_grating: autoDraw = True
1051.2755 	EXP 	surround_grating: autoDraw = False
1051.2755 	EXP 	center_grating: autoDraw = False
1051.9733 	EXP 	New trial (rep=0, index=672): <Trial 672 (672 in rep 0) data={'center': -1, 'surround': 0.0, 'type': 'c-1', 'surr_type': 'noss', 'surr_opacity': 0, 'thisN': 672, 'thisTrialN': 672, 'thisRepN': 0}>
1051.9838 	INFO 	Keyboard events cleared
1051.9832 	EXP 	surround_grating: autoDraw = False
1051.9832 	EXP 	center_grating: autoDraw = False
1051.9832 	EXP 	text_2: autoDraw = False
1051.9832 	EXP 	surround_grating: ori = 0.0
1051.9832 	EXP 	surround_grating: sf = array([2.5, 2.5])
1051.9832 	EXP 	surround_grating: phase = array([0.36825588, 0.36825588])
1051.9832 	EXP 	center_grating: ori = -1.0
1051.9832 	EXP 	center_grating: sf = array([2.5, 2.5])
1051.9832 	EXP 	center_grating: phase = array([0.01870732, 0.01870732])
1052.4697 	EXP 	surround_grating: autoDraw = True
1052.4697 	EXP 	center_grating: autoDraw = True
1052.5422 	EXP 	surround_grating: autoDraw = False
1052.5422 	EXP 	center_grating: autoDraw = False
1053.0560 	EXP 	New trial (rep=0, index=673): <Trial 673 (673 in rep 0) data={'center': -4, 'surround': -15.0, 'type': 'c-4', 'surr_type': 'negs', 'surr_opacity': 100, 'thisN': 673, 'thisTrialN': 673, 'thisRepN': 0}>
1053.0659 	INFO 	Keyboard events cleared
1053.0654 	EXP 	surround_grating: autoDraw = False
1053.0654 	EXP 	center_grating: autoDraw = False
1053.0654 	EXP 	text_2: autoDraw = False
1053.0654 	EXP 	surround_grating: ori = -15.0
1053.0654 	EXP 	surround_grating: sf = array([2.5, 2.5])
1053.0654 	EXP 	surround_grating: phase = array([0.5690593, 0.5690593])
1053.0654 	EXP 	center_grating: ori = -4.0
1053.0654 	EXP 	center_grating: sf = array([2.5, 2.5])
1053.0654 	EXP 	center_grating: phase = array([0.45144464, 0.45144464])
1053.5532 	EXP 	surround_grating: autoDraw = True
1053.5532 	EXP 	center_grating: autoDraw = True
1053.6252 	EXP 	surround_grating: autoDraw = False
1053.6252 	EXP 	center_grating: autoDraw = False
1054.2075 	EXP 	New trial (rep=0, index=674): <Trial 674 (674 in rep 0) data={'center': 2, 'surround': 0.0, 'type': 'c+2', 'surr_type': 'noss', 'surr_opacity': 0, 'thisN': 674, 'thisTrialN': 674, 'thisRepN': 0}>
1054.2181 	INFO 	Keyboard events cleared
1054.2177 	EXP 	surround_grating: autoDraw = False
1054.2177 	EXP 	center_grating: autoDraw = False
1054.2177 	EXP 	text_2: autoDraw = False
1054.2177 	EXP 	surround_grating: ori = 0.0
1054.2177 	EXP 	surround_grating: sf = array([2.5, 2.5])
1054.2177 	EXP 	surround_grating: phase = array([0.20031497, 0.20031497])
1054.2177 	EXP 	center_grating: ori = 2.0
1054.2177 	EXP 	center_grating: sf = array([2.5, 2.5])
1054.2177 	EXP 	center_grating: phase = array([0.55569549, 0.55569549])
1054.7030 	EXP 	surround_grating: autoDraw = True
1054.7030 	EXP 	center_grating: autoDraw = True
1054.7752 	EXP 	surround_grating: autoDraw = False
1054.7752 	EXP 	center_grating: autoDraw = False
1055.3074 	EXP 	New trial (rep=0, index=675): <Trial 675 (675 in rep 0) data={'center': -1, 'surround': 0.0, 'type': 'c-1', 'surr_type': 'noss', 'surr_opacity': 0, 'thisN': 675, 'thisTrialN': 675, 'thisRepN': 0}>
1055.3180 	INFO 	Keyboard events cleared
1055.3174 	EXP 	surround_grating: autoDraw = False
1055.3174 	EXP 	center_grating: autoDraw = False
1055.3174 	EXP 	text_2: autoDraw = False
1055.3174 	EXP 	surround_grating: ori = 0.0
1055.3174 	EXP 	surround_grating: sf = array([2.5, 2.5])
1055.3174 	EXP 	surround_grating: phase = array([0.9259702, 0.9259702])
1055.3174 	EXP 	center_grating: ori = -1.0
1055.3174 	EXP 	center_grating: sf = array([2.5, 2.5])
1055.3174 	EXP 	center_grating: phase = array([0.52711384, 0.52711384])
1055.8031 	EXP 	surround_grating: autoDraw = True
1055.8031 	EXP 	center_grating: autoDraw = True
1055.8753 	EXP 	surround_grating: autoDraw = False
1055.8753 	EXP 	center_grating: autoDraw = False
1056.2738 	EXP 	New trial (rep=0, index=676): <Trial 676 (676 in rep 0) data={'center': -4, 'surround': -15.0, 'type': 'c-4', 'surr_type': 'negs', 'surr_opacity': 100, 'thisN': 676, 'thisTrialN': 676, 'thisRepN': 0}>
1056.2841 	INFO 	Keyboard events cleared
1056.2837 	EXP 	surround_grating: autoDraw = False
1056.2837 	EXP 	center_grating: autoDraw = False
1056.2837 	EXP 	text_2: autoDraw = False
1056.2837 	EXP 	surround_grating: ori = -15.0
1056.2837 	EXP 	surround_grating: sf = array([2.5, 2.5])
1056.2837 	EXP 	surround_grating: phase = array([0.09621716, 0.09621716])
1056.2837 	EXP 	center_grating: ori = -4.0
1056.2837 	EXP 	center_grating: sf = array([2.5, 2.5])
1056.2837 	EXP 	center_grating: phase = array([0.60070701, 0.60070701])
1056.7699 	EXP 	surround_grating: autoDraw = True
1056.7699 	EXP 	center_grating: autoDraw = True
1056.8430 	EXP 	surround_grating: autoDraw = False
1056.8430 	EXP 	center_grating: autoDraw = False
1057.2960 	EXP 	New trial (rep=0, index=677): <Trial 677 (677 in rep 0) data={'center': -2, 'surround': -15.0, 'type': 'c-2', 'surr_type': 'negs', 'surr_opacity': 100, 'thisN': 677, 'thisTrialN': 677, 'thisRepN': 0}>
1057.3062 	INFO 	Keyboard events cleared
1057.3058 	EXP 	surround_grating: autoDraw = False
1057.3058 	EXP 	center_grating: autoDraw = False
1057.3058 	EXP 	text_2: autoDraw = False
1057.3058 	EXP 	surround_grating: ori = -15.0
1057.3058 	EXP 	surround_grating: sf = array([2.5, 2.5])
1057.3058 	EXP 	surround_grating: phase = array([0.16943103, 0.16943103])
1057.3058 	EXP 	center_grating: ori = -2.0
1057.3058 	EXP 	center_grating: sf = array([2.5, 2.5])
1057.3058 	EXP 	center_grating: phase = array([0.56251342, 0.56251342])
1057.7955 	EXP 	surround_grating: autoDraw = True
1057.7955 	EXP 	center_grating: autoDraw = True
1057.8704 	EXP 	surround_grating: autoDraw = False
1057.8704 	EXP 	center_grating: autoDraw = False
1058.2564 	EXP 	New trial (rep=0, index=678): <Trial 678 (678 in rep 0) data={'center': -1, 'surround': 0.0, 'type': 'c-1', 'surr_type': 'noss', 'surr_opacity': 0, 'thisN': 678, 'thisTrialN': 678, 'thisRepN': 0}>
1058.2664 	INFO 	Keyboard events cleared
1058.2659 	EXP 	surround_grating: autoDraw = False
1058.2659 	EXP 	center_grating: autoDraw = False
1058.2659 	EXP 	text_2: autoDraw = False
1058.2659 	EXP 	surround_grating: ori = 0.0
1058.2659 	EXP 	surround_grating: sf = array([2.5, 2.5])
1058.2659 	EXP 	surround_grating: phase = array([0.6208071, 0.6208071])
1058.2659 	EXP 	center_grating: ori = -1.0
1058.2659 	EXP 	center_grating: sf = array([2.5, 2.5])
1058.2659 	EXP 	center_grating: phase = array([0.15578628, 0.15578628])
1058.7533 	EXP 	surround_grating: autoDraw = True
1058.7533 	EXP 	center_grating: autoDraw = True
1058.8253 	EXP 	surround_grating: autoDraw = False
1058.8253 	EXP 	center_grating: autoDraw = False
1059.1568 	EXP 	New trial (rep=0, index=679): <Trial 679 (679 in rep 0) data={'center': -1, 'surround': 0.0, 'type': 'c-1', 'surr_type': 'noss', 'surr_opacity': 0, 'thisN': 679, 'thisTrialN': 679, 'thisRepN': 0}>
1059.1667 	INFO 	Keyboard events cleared
1059.1662 	EXP 	surround_grating: autoDraw = False
1059.1662 	EXP 	center_grating: autoDraw = False
1059.1662 	EXP 	text_2: autoDraw = False
1059.1662 	EXP 	surround_grating: ori = 0.0
1059.1662 	EXP 	surround_grating: sf = array([2.5, 2.5])
1059.1662 	EXP 	surround_grating: phase = array([0.07448158, 0.07448158])
1059.1662 	EXP 	center_grating: ori = -1.0
1059.1662 	EXP 	center_grating: sf = array([2.5, 2.5])
1059.1662 	EXP 	center_grating: phase = array([0.63523335, 0.63523335])
1059.6532 	EXP 	surround_grating: autoDraw = True
1059.6532 	EXP 	center_grating: autoDraw = True
1059.7257 	EXP 	surround_grating: autoDraw = False
1059.7257 	EXP 	center_grating: autoDraw = False
1060.0288 	EXP 	New trial (rep=0, index=680): <Trial 680 (680 in rep 0) data={'center': 6, 'surround': 15.0, 'type': 'c+6', 'surr_type': 'poss', 'surr_opacity': 100, 'thisN': 680, 'thisTrialN': 680, 'thisRepN': 0}>
1060.0392 	INFO 	Keyboard events cleared
1060.0386 	EXP 	surround_grating: autoDraw = False
1060.0386 	EXP 	center_grating: autoDraw = False
1060.0386 	EXP 	text_2: autoDraw = False
1060.0386 	EXP 	surround_grating: ori = 15.0
1060.0386 	EXP 	surround_grating: sf = array([2.5, 2.5])
1060.0386 	EXP 	surround_grating: phase = array([0.4249422, 0.4249422])
1060.0386 	EXP 	center_grating: ori = 6.0
1060.0386 	EXP 	center_grating: sf = array([2.5, 2.5])
1060.0386 	EXP 	center_grating: phase = array([0.49127177, 0.49127177])
1060.5290 	EXP 	surround_grating: autoDraw = True
1060.5290 	EXP 	center_grating: autoDraw = True
1060.6038 	EXP 	surround_grating: autoDraw = False
1060.6038 	EXP 	center_grating: autoDraw = False
1060.8898 	EXP 	New trial (rep=0, index=681): <Trial 681 (681 in rep 0) data={'center': -4, 'surround': -15.0, 'type': 'c-4', 'surr_type': 'negs', 'surr_opacity': 100, 'thisN': 681, 'thisTrialN': 681, 'thisRepN': 0}>
1060.8998 	INFO 	Keyboard events cleared
1060.8993 	EXP 	surround_grating: autoDraw = False
1060.8993 	EXP 	center_grating: autoDraw = False
1060.8993 	EXP 	text_2: autoDraw = False
1060.8993 	EXP 	surround_grating: ori = -15.0
1060.8993 	EXP 	surround_grating: sf = array([2.5, 2.5])
1060.8993 	EXP 	surround_grating: phase = array([0.31073802, 0.31073802])
1060.8993 	EXP 	center_grating: ori = -4.0
1060.8993 	EXP 	center_grating: sf = array([2.5, 2.5])
1060.8993 	EXP 	center_grating: phase = array([0.47528268, 0.47528268])
1061.3867 	EXP 	surround_grating: autoDraw = True
1061.3867 	EXP 	center_grating: autoDraw = True
1061.4586 	EXP 	surround_grating: autoDraw = False
1061.4586 	EXP 	center_grating: autoDraw = False
1061.9901 	EXP 	New trial (rep=0, index=682): <Trial 682 (682 in rep 0) data={'center': -1, 'surround': 0.0, 'type': 'c-1', 'surr_type': 'noss', 'surr_opacity': 0, 'thisN': 682, 'thisTrialN': 682, 'thisRepN': 0}>
1062.0014 	INFO 	Keyboard events cleared
1062.0010 	EXP 	surround_grating: autoDraw = False
1062.0010 	EXP 	center_grating: autoDraw = False
1062.0010 	EXP 	text_2: autoDraw = False
1062.0010 	EXP 	surround_grating: ori = 0.0
1062.0010 	EXP 	surround_grating: sf = array([2.5, 2.5])
1062.0010 	EXP 	surround_grating: phase = array([0.77283729, 0.77283729])
1062.0010 	EXP 	center_grating: ori = -1.0
1062.0010 	EXP 	center_grating: sf = array([2.5, 2.5])
1062.0010 	EXP 	center_grating: phase = array([0.14935362, 0.14935362])
1062.4867 	EXP 	surround_grating: autoDraw = True
1062.4867 	EXP 	center_grating: autoDraw = True
1062.5590 	EXP 	surround_grating: autoDraw = False
1062.5590 	EXP 	center_grating: autoDraw = False
1063.1567 	EXP 	New trial (rep=0, index=683): <Trial 683 (683 in rep 0) data={'center': 2, 'surround': -15.0, 'type': 'c+2', 'surr_type': 'negs', 'surr_opacity': 100, 'thisN': 683, 'thisTrialN': 683, 'thisRepN': 0}>
1063.1671 	INFO 	Keyboard events cleared
1063.1666 	EXP 	surround_grating: autoDraw = False
1063.1666 	EXP 	center_grating: autoDraw = False
1063.1666 	EXP 	text_2: autoDraw = False
1063.1666 	EXP 	surround_grating: ori = -15.0
1063.1666 	EXP 	surround_grating: sf = array([2.5, 2.5])
1063.1666 	EXP 	surround_grating: phase = array([0.3038385, 0.3038385])
1063.1666 	EXP 	center_grating: ori = 2.0
1063.1666 	EXP 	center_grating: sf = array([2.5, 2.5])
1063.1666 	EXP 	center_grating: phase = array([0.68709232, 0.68709232])
1063.6536 	EXP 	surround_grating: autoDraw = True
1063.6536 	EXP 	center_grating: autoDraw = True
1063.7253 	EXP 	surround_grating: autoDraw = False
1063.7253 	EXP 	center_grating: autoDraw = False
1064.2731 	EXP 	New trial (rep=0, index=684): <Trial 684 (684 in rep 0) data={'center': 2, 'surround': 15.0, 'type': 'c+2', 'surr_type': 'poss', 'surr_opacity': 100, 'thisN': 684, 'thisTrialN': 684, 'thisRepN': 0}>
1064.2828 	INFO 	Keyboard events cleared
1064.2824 	EXP 	surround_grating: autoDraw = False
1064.2824 	EXP 	center_grating: autoDraw = False
1064.2824 	EXP 	text_2: autoDraw = False
1064.2824 	EXP 	surround_grating: ori = 15.0
1064.2824 	EXP 	surround_grating: sf = array([2.5, 2.5])
1064.2824 	EXP 	surround_grating: phase = array([0.28969608, 0.28969608])
1064.2824 	EXP 	center_grating: ori = 2.0
1064.2824 	EXP 	center_grating: sf = array([2.5, 2.5])
1064.2824 	EXP 	center_grating: phase = array([0.6793052, 0.6793052])
1064.7701 	EXP 	surround_grating: autoDraw = True
1064.7701 	EXP 	center_grating: autoDraw = True
1064.8433 	EXP 	surround_grating: autoDraw = False
1064.8433 	EXP 	center_grating: autoDraw = False
1065.2402 	EXP 	New trial (rep=0, index=685): <Trial 685 (685 in rep 0) data={'center': -8, 'surround': -15.0, 'type': 'c-8', 'surr_type': 'negs', 'surr_opacity': 100, 'thisN': 685, 'thisTrialN': 685, 'thisRepN': 0}>
1065.2504 	INFO 	Keyboard events cleared
1065.2499 	EXP 	surround_grating: autoDraw = False
1065.2499 	EXP 	center_grating: autoDraw = False
1065.2499 	EXP 	text_2: autoDraw = False
1065.2499 	EXP 	surround_grating: ori = -15.0
1065.2499 	EXP 	surround_grating: sf = array([2.5, 2.5])
1065.2499 	EXP 	surround_grating: phase = array([0.0959094, 0.0959094])
1065.2499 	EXP 	center_grating: ori = -8.0
1065.2499 	EXP 	center_grating: sf = array([2.5, 2.5])
1065.2499 	EXP 	center_grating: phase = array([0.59004899, 0.59004899])
1065.7359 	EXP 	surround_grating: autoDraw = True
1065.7359 	EXP 	center_grating: autoDraw = True
1065.8097 	EXP 	surround_grating: autoDraw = False
1065.8097 	EXP 	center_grating: autoDraw = False
1066.3281 	EXP 	New trial (rep=0, index=686): <Trial 686 (686 in rep 0) data={'center': 2, 'surround': 15.0, 'type': 'c+2', 'surr_type': 'poss', 'surr_opacity': 100, 'thisN': 686, 'thisTrialN': 686, 'thisRepN': 0}>
1066.3375 	INFO 	Keyboard events cleared
1066.3370 	EXP 	surround_grating: autoDraw = False
1066.3370 	EXP 	center_grating: autoDraw = False
1066.3370 	EXP 	text_2: autoDraw = False
1066.3370 	EXP 	surround_grating: ori = 15.0
1066.3370 	EXP 	surround_grating: sf = array([2.5, 2.5])
1066.3370 	EXP 	surround_grating: phase = array([0.15739163, 0.15739163])
1066.3370 	EXP 	center_grating: ori = 2.0
1066.3370 	EXP 	center_grating: sf = array([2.5, 2.5])
1066.3370 	EXP 	center_grating: phase = array([0.59580739, 0.59580739])
1066.8287 	EXP 	surround_grating: autoDraw = True
1066.8287 	EXP 	center_grating: autoDraw = True
1066.9041 	EXP 	surround_grating: autoDraw = False
1066.9041 	EXP 	center_grating: autoDraw = False
1067.7230 	EXP 	New trial (rep=0, index=687): <Trial 687 (687 in rep 0) data={'center': 2, 'surround': 15.0, 'type': 'c+2', 'surr_type': 'poss', 'surr_opacity': 100, 'thisN': 687, 'thisTrialN': 687, 'thisRepN': 0}>
1067.7332 	INFO 	Keyboard events cleared
1067.7327 	EXP 	surround_grating: autoDraw = False
1067.7327 	EXP 	center_grating: autoDraw = False
1067.7327 	EXP 	text_2: autoDraw = False
1067.7327 	EXP 	surround_grating: ori = 15.0
1067.7327 	EXP 	surround_grating: sf = array([2.5, 2.5])
1067.7327 	EXP 	surround_grating: phase = array([0.70246684, 0.70246684])
1067.7327 	EXP 	center_grating: ori = 2.0
1067.7327 	EXP 	center_grating: sf = array([2.5, 2.5])
1067.7327 	EXP 	center_grating: phase = array([0.87430245, 0.87430245])
1068.2203 	EXP 	surround_grating: autoDraw = True
1068.2203 	EXP 	center_grating: autoDraw = True
1068.2932 	EXP 	surround_grating: autoDraw = False
1068.2932 	EXP 	center_grating: autoDraw = False
1068.9633 	EXP 	New trial (rep=0, index=688): <Trial 688 (688 in rep 0) data={'center': 2, 'surround': 15.0, 'type': 'c+2', 'surr_type': 'poss', 'surr_opacity': 100, 'thisN': 688, 'thisTrialN': 688, 'thisRepN': 0}>
1068.9737 	INFO 	Keyboard events cleared
1068.9732 	EXP 	surround_grating: autoDraw = False
1068.9732 	EXP 	center_grating: autoDraw = False
1068.9732 	EXP 	text_2: autoDraw = False
1068.9732 	EXP 	surround_grating: ori = 15.0
1068.9732 	EXP 	surround_grating: sf = array([2.5, 2.5])
1068.9732 	EXP 	surround_grating: phase = array([0.62510676, 0.62510676])
1068.9732 	EXP 	center_grating: ori = 2.0
1068.9732 	EXP 	center_grating: sf = array([2.5, 2.5])
1068.9732 	EXP 	center_grating: phase = array([0.0953627, 0.0953627])
1069.4625 	EXP 	surround_grating: autoDraw = True
1069.4625 	EXP 	center_grating: autoDraw = True
1069.5375 	EXP 	surround_grating: autoDraw = False
1069.5375 	EXP 	center_grating: autoDraw = False
1070.0400 	EXP 	New trial (rep=0, index=689): <Trial 689 (689 in rep 0) data={'center': -8, 'surround': -15.0, 'type': 'c-8', 'surr_type': 'negs', 'surr_opacity': 100, 'thisN': 689, 'thisTrialN': 689, 'thisRepN': 0}>
1070.0503 	INFO 	Keyboard events cleared
1070.0498 	EXP 	surround_grating: autoDraw = False
1070.0498 	EXP 	center_grating: autoDraw = False
1070.0498 	EXP 	text_2: autoDraw = False
1070.0498 	EXP 	surround_grating: ori = -15.0
1070.0498 	EXP 	surround_grating: sf = array([2.5, 2.5])
1070.0498 	EXP 	surround_grating: phase = array([0.73298446, 0.73298446])
1070.0498 	EXP 	center_grating: ori = -8.0
1070.0498 	EXP 	center_grating: sf = array([2.5, 2.5])
1070.0498 	EXP 	center_grating: phase = array([0.95093254, 0.95093254])
1070.5372 	EXP 	surround_grating: autoDraw = True
1070.5372 	EXP 	center_grating: autoDraw = True
1070.6089 	EXP 	surround_grating: autoDraw = False
1070.6089 	EXP 	center_grating: autoDraw = False
1071.7803 	EXP 	New trial (rep=0, index=690): <Trial 690 (690 in rep 0) data={'center': 4, 'surround': 0.0, 'type': 'c+4', 'surr_type': 'noss', 'surr_opacity': 0, 'thisN': 690, 'thisTrialN': 690, 'thisRepN': 0}>
1071.7905 	INFO 	Keyboard events cleared
1071.7900 	EXP 	surround_grating: autoDraw = False
1071.7900 	EXP 	center_grating: autoDraw = False
1071.7900 	EXP 	text_2: autoDraw = False
1071.7900 	EXP 	surround_grating: ori = 0.0
1071.7900 	EXP 	surround_grating: sf = array([2.5, 2.5])
1071.7900 	EXP 	surround_grating: phase = array([0.17511829, 0.17511829])
1071.7900 	EXP 	center_grating: ori = 4.0
1071.7900 	EXP 	center_grating: sf = array([2.5, 2.5])
1071.7900 	EXP 	center_grating: phase = array([0.09983284, 0.09983284])
1072.2790 	EXP 	surround_grating: autoDraw = True
1072.2790 	EXP 	center_grating: autoDraw = True
1072.3539 	EXP 	surround_grating: autoDraw = False
1072.3539 	EXP 	center_grating: autoDraw = False
1073.3742 	EXP 	New trial (rep=0, index=691): <Trial 691 (691 in rep 0) data={'center': 2, 'surround': -15.0, 'type': 'c+2', 'surr_type': 'negs', 'surr_opacity': 100, 'thisN': 691, 'thisTrialN': 691, 'thisRepN': 0}>
1073.3848 	INFO 	Keyboard events cleared
1073.3844 	EXP 	surround_grating: autoDraw = False
1073.3844 	EXP 	center_grating: autoDraw = False
1073.3844 	EXP 	text_2: autoDraw = False
1073.3844 	EXP 	surround_grating: ori = -15.0
1073.3844 	EXP 	surround_grating: sf = array([2.5, 2.5])
1073.3844 	EXP 	surround_grating: phase = array([0.63263503, 0.63263503])
1073.3844 	EXP 	center_grating: ori = 2.0
1073.3844 	EXP 	center_grating: sf = array([2.5, 2.5])
1073.3844 	EXP 	center_grating: phase = array([0.6727513, 0.6727513])
1073.8705 	EXP 	surround_grating: autoDraw = True
1073.8705 	EXP 	center_grating: autoDraw = True
1073.9430 	EXP 	surround_grating: autoDraw = False
1073.9430 	EXP 	center_grating: autoDraw = False
1074.5736 	EXP 	New trial (rep=0, index=692): <Trial 692 (692 in rep 0) data={'center': -2, 'surround': -15.0, 'type': 'c-2', 'surr_type': 'negs', 'surr_opacity': 100, 'thisN': 692, 'thisTrialN': 692, 'thisRepN': 0}>
1074.5840 	INFO 	Keyboard events cleared
1074.5834 	EXP 	surround_grating: autoDraw = False
1074.5834 	EXP 	center_grating: autoDraw = False
1074.5834 	EXP 	text_2: autoDraw = False
1074.5834 	EXP 	surround_grating: ori = -15.0
1074.5834 	EXP 	surround_grating: sf = array([2.5, 2.5])
1074.5834 	EXP 	surround_grating: phase = array([0.62552617, 0.62552617])
1074.5834 	EXP 	center_grating: ori = -2.0
1074.5834 	EXP 	center_grating: sf = array([2.5, 2.5])
1074.5834 	EXP 	center_grating: phase = array([0.31746415, 0.31746415])
1075.0707 	EXP 	surround_grating: autoDraw = True
1075.0707 	EXP 	center_grating: autoDraw = True
1075.1427 	EXP 	surround_grating: autoDraw = False
1075.1427 	EXP 	center_grating: autoDraw = False
1075.6242 	EXP 	New trial (rep=0, index=693): <Trial 693 (693 in rep 0) data={'center': 1, 'surround': 0.0, 'type': 'c+1', 'surr_type': 'noss', 'surr_opacity': 0, 'thisN': 693, 'thisTrialN': 693, 'thisRepN': 0}>
1075.6351 	INFO 	Keyboard events cleared
1075.6347 	EXP 	surround_grating: autoDraw = False
1075.6347 	EXP 	center_grating: autoDraw = False
1075.6347 	EXP 	text_2: autoDraw = False
1075.6347 	EXP 	surround_grating: ori = 0.0
1075.6347 	EXP 	surround_grating: sf = array([2.5, 2.5])
1075.6347 	EXP 	surround_grating: phase = array([0.62028601, 0.62028601])
1075.6347 	EXP 	center_grating: ori = 1.0
1075.6347 	EXP 	center_grating: sf = array([2.5, 2.5])
1075.6347 	EXP 	center_grating: phase = array([0.54282251, 0.54282251])
1076.1205 	EXP 	surround_grating: autoDraw = True
1076.1205 	EXP 	center_grating: autoDraw = True
1076.1931 	EXP 	surround_grating: autoDraw = False
1076.1931 	EXP 	center_grating: autoDraw = False
1076.7410 	EXP 	New trial (rep=0, index=694): <Trial 694 (694 in rep 0) data={'center': 4, 'surround': 0.0, 'type': 'c+4', 'surr_type': 'noss', 'surr_opacity': 0, 'thisN': 694, 'thisTrialN': 694, 'thisRepN': 0}>
1076.7513 	INFO 	Keyboard events cleared
1076.7508 	EXP 	surround_grating: autoDraw = False
1076.7508 	EXP 	center_grating: autoDraw = False
1076.7508 	EXP 	text_2: autoDraw = False
1076.7508 	EXP 	surround_grating: ori = 0.0
1076.7508 	EXP 	surround_grating: sf = array([2.5, 2.5])
1076.7508 	EXP 	surround_grating: phase = array([0.67665206, 0.67665206])
1076.7508 	EXP 	center_grating: ori = 4.0
1076.7508 	EXP 	center_grating: sf = array([2.5, 2.5])
1076.7508 	EXP 	center_grating: phase = array([0.45189647, 0.45189647])
1077.2372 	EXP 	surround_grating: autoDraw = True
1077.2372 	EXP 	center_grating: autoDraw = True
1077.3105 	EXP 	surround_grating: autoDraw = False
1077.3105 	EXP 	center_grating: autoDraw = False
1077.7238 	EXP 	New trial (rep=0, index=695): <Trial 695 (695 in rep 0) data={'center': -2, 'surround': 15.0, 'type': 'c-2', 'surr_type': 'poss', 'surr_opacity': 100, 'thisN': 695, 'thisTrialN': 695, 'thisRepN': 0}>
1077.7344 	INFO 	Keyboard events cleared
1077.7339 	EXP 	surround_grating: autoDraw = False
1077.7339 	EXP 	center_grating: autoDraw = False
1077.7339 	EXP 	text_2: autoDraw = False
1077.7339 	EXP 	surround_grating: ori = 15.0
1077.7339 	EXP 	surround_grating: sf = array([2.5, 2.5])
1077.7339 	EXP 	surround_grating: phase = array([0.06852519, 0.06852519])
1077.7339 	EXP 	center_grating: ori = -2.0
1077.7339 	EXP 	center_grating: sf = array([2.5, 2.5])
1077.7339 	EXP 	center_grating: phase = array([0.05959176, 0.05959176])
1078.2206 	EXP 	surround_grating: autoDraw = True
1078.2206 	EXP 	center_grating: autoDraw = True
1078.2926 	EXP 	surround_grating: autoDraw = False
1078.2926 	EXP 	center_grating: autoDraw = False
1078.8077 	EXP 	New trial (rep=0, index=696): <Trial 696 (696 in rep 0) data={'center': -2, 'surround': -15.0, 'type': 'c-2', 'surr_type': 'negs', 'surr_opacity': 100, 'thisN': 696, 'thisTrialN': 696, 'thisRepN': 0}>
1078.8190 	INFO 	Keyboard events cleared
1078.8186 	EXP 	surround_grating: autoDraw = False
1078.8186 	EXP 	center_grating: autoDraw = False
1078.8186 	EXP 	text_2: autoDraw = False
1078.8186 	EXP 	surround_grating: ori = -15.0
1078.8186 	EXP 	surround_grating: sf = array([2.5, 2.5])
1078.8186 	EXP 	surround_grating: phase = array([0.77954055, 0.77954055])
1078.8186 	EXP 	center_grating: ori = -2.0
1078.8186 	EXP 	center_grating: sf = array([2.5, 2.5])
1078.8186 	EXP 	center_grating: phase = array([0.40234569, 0.40234569])
1079.3039 	EXP 	surround_grating: autoDraw = True
1079.3039 	EXP 	center_grating: autoDraw = True
1079.3761 	EXP 	surround_grating: autoDraw = False
1079.3761 	EXP 	center_grating: autoDraw = False
1080.2456 	EXP 	New trial (rep=0, index=697): <Trial 697 (697 in rep 0) data={'center': 2, 'surround': 0.0, 'type': 'c+2', 'surr_type': 'noss', 'surr_opacity': 0, 'thisN': 697, 'thisTrialN': 697, 'thisRepN': 0}>
1080.2563 	INFO 	Keyboard events cleared
1080.2559 	EXP 	surround_grating: autoDraw = False
1080.2559 	EXP 	center_grating: autoDraw = False
1080.2559 	EXP 	text_2: autoDraw = False
1080.2559 	EXP 	surround_grating: ori = 0.0
1080.2559 	EXP 	surround_grating: sf = array([2.5, 2.5])
1080.2559 	EXP 	surround_grating: phase = array([0.58015267, 0.58015267])
1080.2559 	EXP 	center_grating: ori = 2.0
1080.2559 	EXP 	center_grating: sf = array([2.5, 2.5])
1080.2559 	EXP 	center_grating: phase = array([0.34327074, 0.34327074])
1080.7463 	EXP 	surround_grating: autoDraw = True
1080.7463 	EXP 	center_grating: autoDraw = True
1080.8213 	EXP 	surround_grating: autoDraw = False
1080.8213 	EXP 	center_grating: autoDraw = False
1081.3246 	EXP 	New trial (rep=0, index=698): <Trial 698 (698 in rep 0) data={'center': -1, 'surround': 0.0, 'type': 'c-1', 'surr_type': 'noss', 'surr_opacity': 0, 'thisN': 698, 'thisTrialN': 698, 'thisRepN': 0}>
1081.3353 	INFO 	Keyboard events cleared
1081.3349 	EXP 	surround_grating: autoDraw = False
1081.3349 	EXP 	center_grating: autoDraw = False
1081.3349 	EXP 	text_2: autoDraw = False
1081.3349 	EXP 	surround_grating: ori = 0.0
1081.3349 	EXP 	surround_grating: sf = array([2.5, 2.5])
1081.3349 	EXP 	surround_grating: phase = array([0.45056022, 0.45056022])
1081.3349 	EXP 	center_grating: ori = -1.0
1081.3349 	EXP 	center_grating: sf = array([2.5, 2.5])
1081.3349 	EXP 	center_grating: phase = array([0.97830525, 0.97830525])
1081.8207 	EXP 	surround_grating: autoDraw = True
1081.8207 	EXP 	center_grating: autoDraw = True
1081.8937 	EXP 	surround_grating: autoDraw = False
1081.8937 	EXP 	center_grating: autoDraw = False
1082.6239 	EXP 	New trial (rep=0, index=699): <Trial 699 (699 in rep 0) data={'center': 4, 'surround': 0.0, 'type': 'c+4', 'surr_type': 'noss', 'surr_opacity': 0, 'thisN': 699, 'thisTrialN': 699, 'thisRepN': 0}>
1082.6340 	INFO 	Keyboard events cleared
1082.6336 	EXP 	surround_grating: autoDraw = False
1082.6336 	EXP 	center_grating: autoDraw = False
1082.6336 	EXP 	text_2: autoDraw = False
1082.6336 	EXP 	surround_grating: ori = 0.0
1082.6336 	EXP 	surround_grating: sf = array([2.5, 2.5])
1082.6336 	EXP 	surround_grating: phase = array([0.52809331, 0.52809331])
1082.6336 	EXP 	center_grating: ori = 4.0
1082.6336 	EXP 	center_grating: sf = array([2.5, 2.5])
1082.6336 	EXP 	center_grating: phase = array([0.08483581, 0.08483581])
1083.1208 	EXP 	surround_grating: autoDraw = True
1083.1208 	EXP 	center_grating: autoDraw = True
1083.1945 	EXP 	surround_grating: autoDraw = False
1083.1945 	EXP 	center_grating: autoDraw = False
1083.5911 	EXP 	New trial (rep=0, index=700): <Trial 700 (700 in rep 0) data={'center': -4, 'surround': 0.0, 'type': 'c-4', 'surr_type': 'noss', 'surr_opacity': 0, 'thisN': 700, 'thisTrialN': 700, 'thisRepN': 0}>
1083.6014 	INFO 	Keyboard events cleared
1083.6009 	EXP 	surround_grating: autoDraw = False
1083.6009 	EXP 	center_grating: autoDraw = False
1083.6009 	EXP 	text_2: autoDraw = False
1083.6009 	EXP 	surround_grating: ori = 0.0
1083.6009 	EXP 	surround_grating: sf = array([2.5, 2.5])
1083.6009 	EXP 	surround_grating: phase = array([0.25536306, 0.25536306])
1083.6009 	EXP 	center_grating: ori = -4.0
1083.6009 	EXP 	center_grating: sf = array([2.5, 2.5])
1083.6009 	EXP 	center_grating: phase = array([0.62930014, 0.62930014])
1084.0875 	EXP 	surround_grating: autoDraw = True
1084.0875 	EXP 	center_grating: autoDraw = True
1084.1607 	EXP 	surround_grating: autoDraw = False
1084.1607 	EXP 	center_grating: autoDraw = False
1085.1910 	EXP 	New trial (rep=0, index=701): <Trial 701 (701 in rep 0) data={'center': -8, 'surround': -15.0, 'type': 'c-8', 'surr_type': 'negs', 'surr_opacity': 100, 'thisN': 701, 'thisTrialN': 701, 'thisRepN': 0}>
1085.2019 	INFO 	Keyboard events cleared
1085.2015 	EXP 	surround_grating: autoDraw = False
1085.2015 	EXP 	center_grating: autoDraw = False
1085.2015 	EXP 	text_2: autoDraw = False
1085.2015 	EXP 	surround_grating: ori = -15.0
1085.2015 	EXP 	surround_grating: sf = array([2.5, 2.5])
1085.2015 	EXP 	surround_grating: phase = array([0.64930775, 0.64930775])
1085.2015 	EXP 	center_grating: ori = -8.0
1085.2015 	EXP 	center_grating: sf = array([2.5, 2.5])
1085.2015 	EXP 	center_grating: phase = array([0.30599696, 0.30599696])
1085.6875 	EXP 	surround_grating: autoDraw = True
1085.6875 	EXP 	center_grating: autoDraw = True
1085.7606 	EXP 	surround_grating: autoDraw = False
1085.7606 	EXP 	center_grating: autoDraw = False
1086.2833 	EXP 	New trial (rep=0, index=702): <Trial 702 (702 in rep 0) data={'center': 4, 'surround': 0.0, 'type': 'c+4', 'surr_type': 'noss', 'surr_opacity': 0, 'thisN': 702, 'thisTrialN': 702, 'thisRepN': 0}>
1086.2908 	INFO 	Keyboard events cleared
1086.2903 	EXP 	surround_grating: autoDraw = False
1086.2903 	EXP 	center_grating: autoDraw = False
1086.2903 	EXP 	text_2: autoDraw = False
1086.2903 	EXP 	surround_grating: ori = 0.0
1086.2903 	EXP 	surround_grating: sf = array([2.5, 2.5])
1086.2903 	EXP 	surround_grating: phase = array([0.24329706, 0.24329706])
1086.2903 	EXP 	center_grating: ori = 4.0
1086.2903 	EXP 	center_grating: sf = array([2.5, 2.5])
1086.2903 	EXP 	center_grating: phase = array([0.20304992, 0.20304992])
1086.7801 	EXP 	surround_grating: autoDraw = True
1086.7801 	EXP 	center_grating: autoDraw = True
1086.8548 	EXP 	surround_grating: autoDraw = False
1086.8548 	EXP 	center_grating: autoDraw = False
1087.9469 	EXP 	New trial (rep=0, index=703): <Trial 703 (703 in rep 0) data={'center': -2, 'surround': 15.0, 'type': 'c-2', 'surr_type': 'poss', 'surr_opacity': 100, 'thisN': 703, 'thisTrialN': 703, 'thisRepN': 0}>
1087.9573 	INFO 	Keyboard events cleared
1087.9568 	EXP 	surround_grating: autoDraw = False
1087.9568 	EXP 	center_grating: autoDraw = False
1087.9568 	EXP 	text_2: autoDraw = False
1087.9568 	EXP 	surround_grating: ori = 15.0
1087.9568 	EXP 	surround_grating: sf = array([2.5, 2.5])
1087.9568 	EXP 	surround_grating: phase = array([0.31961427, 0.31961427])
1087.9568 	EXP 	center_grating: ori = -2.0
1087.9568 	EXP 	center_grating: sf = array([2.5, 2.5])
1087.9568 	EXP 	center_grating: phase = array([0.06328118, 0.06328118])
1088.4472 	EXP 	surround_grating: autoDraw = True
1088.4472 	EXP 	center_grating: autoDraw = True
1088.5217 	EXP 	surround_grating: autoDraw = False
1088.5217 	EXP 	center_grating: autoDraw = False
1089.2463 	EXP 	New trial (rep=0, index=704): <Trial 704 (704 in rep 0) data={'center': -2, 'surround': 0.0, 'type': 'c-2', 'surr_type': 'noss', 'surr_opacity': 0, 'thisN': 704, 'thisTrialN': 704, 'thisRepN': 0}>
1089.2717 	INFO 	Keyboard events cleared
1089.2712 	EXP 	surround_grating: autoDraw = False
1089.2712 	EXP 	center_grating: autoDraw = False
1089.2712 	EXP 	text_2: autoDraw = False
1089.2712 	EXP 	surround_grating: ori = 0.0
1089.2712 	EXP 	surround_grating: sf = array([2.5, 2.5])
1089.2712 	EXP 	surround_grating: phase = array([0.11325995, 0.11325995])
1089.2712 	EXP 	center_grating: ori = -2.0
1089.2712 	EXP 	center_grating: sf = array([2.5, 2.5])
1089.2712 	EXP 	center_grating: phase = array([0.12762293, 0.12762293])
1089.7465 	EXP 	surround_grating: autoDraw = True
1089.7465 	EXP 	center_grating: autoDraw = True
1089.8215 	EXP 	surround_grating: autoDraw = False
1089.8215 	EXP 	center_grating: autoDraw = False
1090.3632 	EXP 	New trial (rep=0, index=705): <Trial 705 (705 in rep 0) data={'center': 2, 'surround': 0.0, 'type': 'c+2', 'surr_type': 'noss', 'surr_opacity': 0, 'thisN': 705, 'thisTrialN': 705, 'thisRepN': 0}>
1090.3737 	INFO 	Keyboard events cleared
1090.3732 	EXP 	surround_grating: autoDraw = False
1090.3732 	EXP 	center_grating: autoDraw = False
1090.3732 	EXP 	text_2: autoDraw = False
1090.3732 	EXP 	surround_grating: ori = 0.0
1090.3732 	EXP 	surround_grating: sf = array([2.5, 2.5])
1090.3732 	EXP 	surround_grating: phase = array([0.72859191, 0.72859191])
1090.3732 	EXP 	center_grating: ori = 2.0
1090.3732 	EXP 	center_grating: sf = array([2.5, 2.5])
1090.3732 	EXP 	center_grating: phase = array([0.94863128, 0.94863128])
1090.8634 	EXP 	surround_grating: autoDraw = True
1090.8634 	EXP 	center_grating: autoDraw = True
1090.9382 	EXP 	surround_grating: autoDraw = False
1090.9382 	EXP 	center_grating: autoDraw = False
1091.9391 	EXP 	New trial (rep=0, index=706): <Trial 706 (706 in rep 0) data={'center': -6, 'surround': -15.0, 'type': 'c-6', 'surr_type': 'negs', 'surr_opacity': 100, 'thisN': 706, 'thisTrialN': 706, 'thisRepN': 0}>
1091.9463 	INFO 	Keyboard events cleared
1091.9460 	EXP 	surround_grating: autoDraw = False
1091.9460 	EXP 	center_grating: autoDraw = False
1091.9460 	EXP 	text_2: autoDraw = False
1091.9460 	EXP 	surround_grating: ori = -15.0
1091.9460 	EXP 	surround_grating: sf = array([2.5, 2.5])
1091.9460 	EXP 	surround_grating: phase = array([0.46003194, 0.46003194])
1091.9460 	EXP 	center_grating: ori = -6.0
1091.9460 	EXP 	center_grating: sf = array([2.5, 2.5])
1091.9460 	EXP 	center_grating: phase = array([0.43656349, 0.43656349])
1092.4304 	EXP 	surround_grating: autoDraw = True
1092.4304 	EXP 	center_grating: autoDraw = True
1092.5049 	EXP 	surround_grating: autoDraw = False
1092.5049 	EXP 	center_grating: autoDraw = False
1093.3079 	EXP 	New trial (rep=0, index=707): <Trial 707 (707 in rep 0) data={'center': -1, 'surround': 0.0, 'type': 'c-1', 'surr_type': 'noss', 'surr_opacity': 0, 'thisN': 707, 'thisTrialN': 707, 'thisRepN': 0}>
1093.3182 	INFO 	Keyboard events cleared
1093.3176 	EXP 	surround_grating: autoDraw = False
1093.3176 	EXP 	center_grating: autoDraw = False
1093.3176 	EXP 	text_2: autoDraw = False
1093.3176 	EXP 	surround_grating: ori = 0.0
1093.3176 	EXP 	surround_grating: sf = array([2.5, 2.5])
1093.3176 	EXP 	surround_grating: phase = array([0.09567137, 0.09567137])
1093.3176 	EXP 	center_grating: ori = -1.0
1093.3176 	EXP 	center_grating: sf = array([2.5, 2.5])
1093.3176 	EXP 	center_grating: phase = array([0.97593689, 0.97593689])
1093.8045 	EXP 	surround_grating: autoDraw = True
1093.8045 	EXP 	center_grating: autoDraw = True
1093.8767 	EXP 	surround_grating: autoDraw = False
1093.8767 	EXP 	center_grating: autoDraw = False
1094.7971 	EXP 	New trial (rep=0, index=708): <Trial 708 (708 in rep 0) data={'center': 6, 'surround': 15.0, 'type': 'c+6', 'surr_type': 'poss', 'surr_opacity': 100, 'thisN': 708, 'thisTrialN': 708, 'thisRepN': 0}>
1094.8074 	INFO 	Keyboard events cleared
1094.8070 	EXP 	surround_grating: autoDraw = False
1094.8070 	EXP 	center_grating: autoDraw = False
1094.8070 	EXP 	text_2: autoDraw = False
1094.8070 	EXP 	surround_grating: ori = 15.0
1094.8070 	EXP 	surround_grating: sf = array([2.5, 2.5])
1094.8070 	EXP 	surround_grating: phase = array([0.96533498, 0.96533498])
1094.8070 	EXP 	center_grating: ori = 6.0
1094.8070 	EXP 	center_grating: sf = array([2.5, 2.5])
1094.8070 	EXP 	center_grating: phase = array([0.93583696, 0.93583696])
1095.2972 	EXP 	surround_grating: autoDraw = True
1095.2972 	EXP 	center_grating: autoDraw = True
1095.3717 	EXP 	surround_grating: autoDraw = False
1095.3717 	EXP 	center_grating: autoDraw = False
1095.7742 	EXP 	New trial (rep=0, index=709): <Trial 709 (709 in rep 0) data={'center': 1, 'surround': 0.0, 'type': 'c+1', 'surr_type': 'noss', 'surr_opacity': 0, 'thisN': 709, 'thisTrialN': 709, 'thisRepN': 0}>
1095.7842 	INFO 	Keyboard events cleared
1095.7837 	EXP 	surround_grating: autoDraw = False
1095.7837 	EXP 	center_grating: autoDraw = False
1095.7837 	EXP 	text_2: autoDraw = False
1095.7837 	EXP 	surround_grating: ori = 0.0
1095.7837 	EXP 	surround_grating: sf = array([2.5, 2.5])
1095.7837 	EXP 	surround_grating: phase = array([0.74363156, 0.74363156])
1095.7837 	EXP 	center_grating: ori = 1.0
1095.7837 	EXP 	center_grating: sf = array([2.5, 2.5])
1095.7837 	EXP 	center_grating: phase = array([0.32743458, 0.32743458])
1096.2712 	EXP 	surround_grating: autoDraw = True
1096.2712 	EXP 	center_grating: autoDraw = True
1096.3437 	EXP 	surround_grating: autoDraw = False
1096.3437 	EXP 	center_grating: autoDraw = False
1096.9748 	EXP 	New trial (rep=0, index=710): <Trial 710 (710 in rep 0) data={'center': -1, 'surround': 0.0, 'type': 'c-1', 'surr_type': 'noss', 'surr_opacity': 0, 'thisN': 710, 'thisTrialN': 710, 'thisRepN': 0}>
1096.9849 	INFO 	Keyboard events cleared
1096.9844 	EXP 	surround_grating: autoDraw = False
1096.9844 	EXP 	center_grating: autoDraw = False
1096.9844 	EXP 	text_2: autoDraw = False
1096.9844 	EXP 	surround_grating: ori = 0.0
1096.9844 	EXP 	surround_grating: sf = array([2.5, 2.5])
1096.9844 	EXP 	surround_grating: phase = array([0.9451614, 0.9451614])
1096.9844 	EXP 	center_grating: ori = -1.0
1096.9844 	EXP 	center_grating: sf = array([2.5, 2.5])
1096.9844 	EXP 	center_grating: phase = array([0.17391477, 0.17391477])
1097.4713 	EXP 	surround_grating: autoDraw = True
1097.4713 	EXP 	center_grating: autoDraw = True
1097.5436 	EXP 	surround_grating: autoDraw = False
1097.5436 	EXP 	center_grating: autoDraw = False
1098.0084 	EXP 	New trial (rep=0, index=711): <Trial 711 (711 in rep 0) data={'center': 1, 'surround': 0.0, 'type': 'c+1', 'surr_type': 'noss', 'surr_opacity': 0, 'thisN': 711, 'thisTrialN': 711, 'thisRepN': 0}>
1098.0190 	INFO 	Keyboard events cleared
1098.0186 	EXP 	surround_grating: autoDraw = False
1098.0186 	EXP 	center_grating: autoDraw = False
1098.0186 	EXP 	text_2: autoDraw = False
1098.0186 	EXP 	surround_grating: ori = 0.0
1098.0186 	EXP 	surround_grating: sf = array([2.5, 2.5])
1098.0186 	EXP 	surround_grating: phase = array([0.24134954, 0.24134954])
1098.0186 	EXP 	center_grating: ori = 1.0
1098.0186 	EXP 	center_grating: sf = array([2.5, 2.5])
1098.0186 	EXP 	center_grating: phase = array([0.62360645, 0.62360645])
1098.5046 	EXP 	surround_grating: autoDraw = True
1098.5046 	EXP 	center_grating: autoDraw = True
1098.5770 	EXP 	surround_grating: autoDraw = False
1098.5770 	EXP 	center_grating: autoDraw = False
1098.9088 	EXP 	New trial (rep=0, index=712): <Trial 712 (712 in rep 0) data={'center': 0, 'surround': 15.0, 'type': 'c+0', 'surr_type': 'poss', 'surr_opacity': 100, 'thisN': 712, 'thisTrialN': 712, 'thisRepN': 0}>
1098.9201 	INFO 	Keyboard events cleared
1098.9197 	EXP 	surround_grating: autoDraw = False
1098.9197 	EXP 	center_grating: autoDraw = False
1098.9197 	EXP 	text_2: autoDraw = False
1098.9197 	EXP 	surround_grating: ori = 15.0
1098.9197 	EXP 	surround_grating: sf = array([2.5, 2.5])
1098.9197 	EXP 	surround_grating: phase = array([0.18839989, 0.18839989])
1098.9197 	EXP 	center_grating: ori = 0.0
1098.9197 	EXP 	center_grating: sf = array([2.5, 2.5])
1098.9197 	EXP 	center_grating: phase = array([0.59949918, 0.59949918])
1099.4047 	EXP 	surround_grating: autoDraw = True
1099.4047 	EXP 	center_grating: autoDraw = True
1099.4771 	EXP 	surround_grating: autoDraw = False
1099.4771 	EXP 	center_grating: autoDraw = False
1100.0968 	EXP 	New trial (rep=0, index=713): <Trial 713 (713 in rep 0) data={'center': 0, 'surround': -15.0, 'type': 'c+0', 'surr_type': 'negs', 'surr_opacity': 100, 'thisN': 713, 'thisTrialN': 713, 'thisRepN': 0}>
1100.1071 	INFO 	Keyboard events cleared
1100.1066 	EXP 	surround_grating: autoDraw = False
1100.1066 	EXP 	center_grating: autoDraw = False
1100.1066 	EXP 	text_2: autoDraw = False
1100.1066 	EXP 	surround_grating: ori = -15.0
1100.1066 	EXP 	surround_grating: sf = array([2.5, 2.5])
1100.1066 	EXP 	surround_grating: phase = array([0.3475659, 0.3475659])
1100.1066 	EXP 	center_grating: ori = 0.0
1100.1066 	EXP 	center_grating: sf = array([2.5, 2.5])
1100.1066 	EXP 	center_grating: phase = array([0.84831241, 0.84831241])
1100.5967 	EXP 	surround_grating: autoDraw = True
1100.5967 	EXP 	center_grating: autoDraw = True
1100.6719 	EXP 	surround_grating: autoDraw = False
1100.6719 	EXP 	center_grating: autoDraw = False
1101.5841 	EXP 	New trial (rep=0, index=714): <Trial 714 (714 in rep 0) data={'center': -6, 'surround': -15.0, 'type': 'c-6', 'surr_type': 'negs', 'surr_opacity': 100, 'thisN': 714, 'thisTrialN': 714, 'thisRepN': 0}>
1101.5910 	INFO 	Keyboard events cleared
1101.5907 	EXP 	surround_grating: autoDraw = False
1101.5907 	EXP 	center_grating: autoDraw = False
1101.5907 	EXP 	text_2: autoDraw = False
1101.5907 	EXP 	surround_grating: ori = -15.0
1101.5907 	EXP 	surround_grating: sf = array([2.5, 2.5])
1101.5907 	EXP 	surround_grating: phase = array([0.58011204, 0.58011204])
1101.5907 	EXP 	center_grating: ori = -6.0
1101.5907 	EXP 	center_grating: sf = array([2.5, 2.5])
1101.5907 	EXP 	center_grating: phase = array([0.84755218, 0.84755218])
1102.0806 	EXP 	surround_grating: autoDraw = True
1102.0806 	EXP 	center_grating: autoDraw = True
1102.1553 	EXP 	surround_grating: autoDraw = False
1102.1553 	EXP 	center_grating: autoDraw = False
1102.8078 	EXP 	New trial (rep=0, index=715): <Trial 715 (715 in rep 0) data={'center': -4, 'surround': 0.0, 'type': 'c-4', 'surr_type': 'noss', 'surr_opacity': 0, 'thisN': 715, 'thisTrialN': 715, 'thisRepN': 0}>
1102.8179 	INFO 	Keyboard events cleared
1102.8175 	EXP 	surround_grating: autoDraw = False
1102.8175 	EXP 	center_grating: autoDraw = False
1102.8175 	EXP 	text_2: autoDraw = False
1102.8175 	EXP 	surround_grating: ori = 0.0
1102.8175 	EXP 	surround_grating: sf = array([2.5, 2.5])
1102.8175 	EXP 	surround_grating: phase = array([0.59209297, 0.59209297])
1102.8175 	EXP 	center_grating: ori = -4.0
1102.8175 	EXP 	center_grating: sf = array([2.5, 2.5])
1102.8175 	EXP 	center_grating: phase = array([0.53237735, 0.53237735])
1103.3048 	EXP 	surround_grating: autoDraw = True
1103.3048 	EXP 	center_grating: autoDraw = True
1103.3770 	EXP 	surround_grating: autoDraw = False
1103.3770 	EXP 	center_grating: autoDraw = False
1103.8588 	EXP 	New trial (rep=0, index=716): <Trial 716 (716 in rep 0) data={'center': 4, 'surround': 15.0, 'type': 'c+4', 'surr_type': 'poss', 'surr_opacity': 100, 'thisN': 716, 'thisTrialN': 716, 'thisRepN': 0}>
1103.8695 	INFO 	Keyboard events cleared
1103.8691 	EXP 	surround_grating: autoDraw = False
1103.8691 	EXP 	center_grating: autoDraw = False
1103.8691 	EXP 	text_2: autoDraw = False
1103.8691 	EXP 	surround_grating: ori = 15.0
1103.8691 	EXP 	surround_grating: sf = array([2.5, 2.5])
1103.8691 	EXP 	surround_grating: phase = array([0.80207552, 0.80207552])
1103.8691 	EXP 	center_grating: ori = 4.0
1103.8691 	EXP 	center_grating: sf = array([2.5, 2.5])
1103.8691 	EXP 	center_grating: phase = array([0.33142164, 0.33142164])
1104.3541 	EXP 	surround_grating: autoDraw = True
1104.3541 	EXP 	center_grating: autoDraw = True
1104.4268 	EXP 	surround_grating: autoDraw = False
1104.4268 	EXP 	center_grating: autoDraw = False
1105.0416 	EXP 	New trial (rep=0, index=717): <Trial 717 (717 in rep 0) data={'center': 4, 'surround': 15.0, 'type': 'c+4', 'surr_type': 'poss', 'surr_opacity': 100, 'thisN': 717, 'thisTrialN': 717, 'thisRepN': 0}>
1105.0523 	INFO 	Keyboard events cleared
1105.0518 	EXP 	surround_grating: autoDraw = False
1105.0518 	EXP 	center_grating: autoDraw = False
1105.0518 	EXP 	text_2: autoDraw = False
1105.0518 	EXP 	surround_grating: ori = 15.0
1105.0518 	EXP 	surround_grating: sf = array([2.5, 2.5])
1105.0518 	EXP 	surround_grating: phase = array([0.28139583, 0.28139583])
1105.0518 	EXP 	center_grating: ori = 4.0
1105.0518 	EXP 	center_grating: sf = array([2.5, 2.5])
1105.0518 	EXP 	center_grating: phase = array([0.88151208, 0.88151208])
1105.5382 	EXP 	surround_grating: autoDraw = True
1105.5382 	EXP 	center_grating: autoDraw = True
1105.6103 	EXP 	surround_grating: autoDraw = False
1105.6103 	EXP 	center_grating: autoDraw = False
1106.0087 	EXP 	New trial (rep=0, index=718): <Trial 718 (718 in rep 0) data={'center': -4, 'surround': 0.0, 'type': 'c-4', 'surr_type': 'noss', 'surr_opacity': 0, 'thisN': 718, 'thisTrialN': 718, 'thisRepN': 0}>
1106.0187 	INFO 	Keyboard events cleared
1106.0182 	EXP 	surround_grating: autoDraw = False
1106.0182 	EXP 	center_grating: autoDraw = False
1106.0182 	EXP 	text_2: autoDraw = False
1106.0182 	EXP 	surround_grating: ori = 0.0
1106.0182 	EXP 	surround_grating: sf = array([2.5, 2.5])
1106.0182 	EXP 	surround_grating: phase = array([0.73086922, 0.73086922])
1106.0182 	EXP 	center_grating: ori = -4.0
1106.0182 	EXP 	center_grating: sf = array([2.5, 2.5])
1106.0182 	EXP 	center_grating: phase = array([0.34262806, 0.34262806])
1106.5050 	EXP 	surround_grating: autoDraw = True
1106.5050 	EXP 	center_grating: autoDraw = True
1106.5774 	EXP 	surround_grating: autoDraw = False
1106.5774 	EXP 	center_grating: autoDraw = False
1107.0251 	EXP 	New trial (rep=0, index=719): <Trial 719 (719 in rep 0) data={'center': -8, 'surround': -15.0, 'type': 'c-8', 'surr_type': 'negs', 'surr_opacity': 100, 'thisN': 719, 'thisTrialN': 719, 'thisRepN': 0}>
1107.0356 	INFO 	Keyboard events cleared
1107.0352 	EXP 	surround_grating: autoDraw = False
1107.0352 	EXP 	center_grating: autoDraw = False
1107.0352 	EXP 	text_2: autoDraw = False
1107.0352 	EXP 	surround_grating: ori = -15.0
1107.0352 	EXP 	surround_grating: sf = array([2.5, 2.5])
1107.0352 	EXP 	surround_grating: phase = array([0.52083263, 0.52083263])
1107.0352 	EXP 	center_grating: ori = -8.0
1107.0352 	EXP 	center_grating: sf = array([2.5, 2.5])
1107.0352 	EXP 	center_grating: phase = array([0.74052399, 0.74052399])
1107.5217 	EXP 	surround_grating: autoDraw = True
1107.5217 	EXP 	center_grating: autoDraw = True
1107.5940 	EXP 	surround_grating: autoDraw = False
1107.5940 	EXP 	center_grating: autoDraw = False
1108.0308 	EXP 	New trial (rep=0, index=720): <Trial 720 (720 in rep 0) data={'center': 0, 'surround': -15.0, 'type': 'c+0', 'surr_type': 'negs', 'surr_opacity': 100, 'thisN': 720, 'thisTrialN': 720, 'thisRepN': 0}>
1108.0411 	INFO 	Keyboard events cleared
1108.0406 	EXP 	surround_grating: autoDraw = False
1108.0406 	EXP 	center_grating: autoDraw = False
1108.0406 	EXP 	text_2: autoDraw = False
1108.0406 	EXP 	surround_grating: ori = -15.0
1108.0406 	EXP 	surround_grating: sf = array([2.5, 2.5])
1108.0406 	EXP 	surround_grating: phase = array([0.16875721, 0.16875721])
1108.0406 	EXP 	center_grating: ori = 0.0
1108.0406 	EXP 	center_grating: sf = array([2.5, 2.5])
1108.0406 	EXP 	center_grating: phase = array([0.34537787, 0.34537787])
1108.5309 	EXP 	surround_grating: autoDraw = True
1108.5309 	EXP 	center_grating: autoDraw = True
1108.6058 	EXP 	surround_grating: autoDraw = False
1108.6058 	EXP 	center_grating: autoDraw = False
1108.9585 	EXP 	New trial (rep=0, index=721): <Trial 721 (721 in rep 0) data={'center': -2, 'surround': 0.0, 'type': 'c-2', 'surr_type': 'noss', 'surr_opacity': 0, 'thisN': 721, 'thisTrialN': 721, 'thisRepN': 0}>
1108.9689 	INFO 	Keyboard events cleared
1108.9684 	EXP 	surround_grating: autoDraw = False
1108.9684 	EXP 	center_grating: autoDraw = False
1108.9684 	EXP 	text_2: autoDraw = False
1108.9684 	EXP 	surround_grating: ori = 0.0
1108.9684 	EXP 	surround_grating: sf = array([2.5, 2.5])
1108.9684 	EXP 	surround_grating: phase = array([0.2921985, 0.2921985])
1108.9684 	EXP 	center_grating: ori = -2.0
1108.9684 	EXP 	center_grating: sf = array([2.5, 2.5])
1108.9684 	EXP 	center_grating: phase = array([0.55158206, 0.55158206])
1109.4551 	EXP 	surround_grating: autoDraw = True
1109.4551 	EXP 	center_grating: autoDraw = True
1109.5276 	EXP 	surround_grating: autoDraw = False
1109.5276 	EXP 	center_grating: autoDraw = False
1109.9640 	EXP 	New trial (rep=0, index=722): <Trial 722 (722 in rep 0) data={'center': 1, 'surround': 0.0, 'type': 'c+1', 'surr_type': 'noss', 'surr_opacity': 0, 'thisN': 722, 'thisTrialN': 722, 'thisRepN': 0}>
1109.9747 	INFO 	Keyboard events cleared
1109.9742 	EXP 	surround_grating: autoDraw = False
1109.9742 	EXP 	center_grating: autoDraw = False
1109.9742 	EXP 	text_2: autoDraw = False
1109.9742 	EXP 	surround_grating: ori = 0.0
1109.9742 	EXP 	surround_grating: sf = array([2.5, 2.5])
1109.9742 	EXP 	surround_grating: phase = array([0.80531061, 0.80531061])
1109.9742 	EXP 	center_grating: ori = 1.0
1109.9742 	EXP 	center_grating: sf = array([2.5, 2.5])
1109.9742 	EXP 	center_grating: phase = array([0.50224388, 0.50224388])
1110.4647 	EXP 	surround_grating: autoDraw = True
1110.4647 	EXP 	center_grating: autoDraw = True
1110.5391 	EXP 	surround_grating: autoDraw = False
1110.5391 	EXP 	center_grating: autoDraw = False
1110.9248 	EXP 	New trial (rep=0, index=723): <Trial 723 (723 in rep 0) data={'center': 2, 'surround': -15.0, 'type': 'c+2', 'surr_type': 'negs', 'surr_opacity': 100, 'thisN': 723, 'thisTrialN': 723, 'thisRepN': 0}>
1110.9350 	INFO 	Keyboard events cleared
1110.9345 	EXP 	surround_grating: autoDraw = False
1110.9345 	EXP 	center_grating: autoDraw = False
1110.9345 	EXP 	text_2: autoDraw = False
1110.9345 	EXP 	surround_grating: ori = -15.0
1110.9345 	EXP 	surround_grating: sf = array([2.5, 2.5])
1110.9345 	EXP 	surround_grating: phase = array([0.26216865, 0.26216865])
1110.9345 	EXP 	center_grating: ori = 2.0
1110.9345 	EXP 	center_grating: sf = array([2.5, 2.5])
1110.9345 	EXP 	center_grating: phase = array([0.48810316, 0.48810316])
1111.4217 	EXP 	surround_grating: autoDraw = True
1111.4217 	EXP 	center_grating: autoDraw = True
1111.4941 	EXP 	surround_grating: autoDraw = False
1111.4941 	EXP 	center_grating: autoDraw = False
1111.9483 	EXP 	New trial (rep=0, index=724): <Trial 724 (724 in rep 0) data={'center': -4, 'surround': 0.0, 'type': 'c-4', 'surr_type': 'noss', 'surr_opacity': 0, 'thisN': 724, 'thisTrialN': 724, 'thisRepN': 0}>
1111.9585 	INFO 	Keyboard events cleared
1111.9580 	EXP 	surround_grating: autoDraw = False
1111.9580 	EXP 	center_grating: autoDraw = False
1111.9580 	EXP 	text_2: autoDraw = False
1111.9580 	EXP 	surround_grating: ori = 0.0
1111.9580 	EXP 	surround_grating: sf = array([2.5, 2.5])
1111.9580 	EXP 	surround_grating: phase = array([0.42469402, 0.42469402])
1111.9580 	EXP 	center_grating: ori = -4.0
1111.9580 	EXP 	center_grating: sf = array([2.5, 2.5])
1111.9580 	EXP 	center_grating: phase = array([0.8765704, 0.8765704])
1112.4483 	EXP 	surround_grating: autoDraw = True
1112.4483 	EXP 	center_grating: autoDraw = True
1112.5223 	EXP 	surround_grating: autoDraw = False
1112.5223 	EXP 	center_grating: autoDraw = False
1112.7632 	EXP 	New trial (rep=0, index=725): <Trial 725 (725 in rep 0) data={'center': -4, 'surround': -15.0, 'type': 'c-4', 'surr_type': 'negs', 'surr_opacity': 100, 'thisN': 725, 'thisTrialN': 725, 'thisRepN': 0}>
1112.7731 	INFO 	Keyboard events cleared
1112.7727 	EXP 	surround_grating: autoDraw = False
1112.7727 	EXP 	center_grating: autoDraw = False
1112.7727 	EXP 	text_2: autoDraw = False
1112.7727 	EXP 	surround_grating: ori = -15.0
1112.7727 	EXP 	surround_grating: sf = array([2.5, 2.5])
1112.7727 	EXP 	surround_grating: phase = array([0.12314558, 0.12314558])
1112.7727 	EXP 	center_grating: ori = -4.0
1112.7727 	EXP 	center_grating: sf = array([2.5, 2.5])
1112.7727 	EXP 	center_grating: phase = array([0.90843476, 0.90843476])
1113.2650 	EXP 	surround_grating: autoDraw = True
1113.2650 	EXP 	center_grating: autoDraw = True
1113.3392 	EXP 	surround_grating: autoDraw = False
1113.3392 	EXP 	center_grating: autoDraw = False
1116.2751 	EXP 	New trial (rep=0, index=726): <Trial 726 (726 in rep 0) data={'center': 6, 'surround': 15.0, 'type': 'c+6', 'surr_type': 'poss', 'surr_opacity': 100, 'thisN': 726, 'thisTrialN': 726, 'thisRepN': 0}>
1116.2855 	INFO 	Keyboard events cleared
1116.2850 	EXP 	surround_grating: autoDraw = False
1116.2850 	EXP 	center_grating: autoDraw = False
1116.2850 	EXP 	text_2: autoDraw = False
1116.2850 	EXP 	surround_grating: ori = 15.0
1116.2850 	EXP 	surround_grating: sf = array([2.5, 2.5])
1116.2850 	EXP 	surround_grating: phase = array([0.66121824, 0.66121824])
1116.2850 	EXP 	center_grating: ori = 6.0
1116.2850 	EXP 	center_grating: sf = array([2.5, 2.5])
1116.2850 	EXP 	center_grating: phase = array([0.68333098, 0.68333098])
1116.7719 	EXP 	surround_grating: autoDraw = True
1116.7719 	EXP 	center_grating: autoDraw = True
1116.8444 	EXP 	surround_grating: autoDraw = False
1116.8444 	EXP 	center_grating: autoDraw = False
1117.3748 	EXP 	New trial (rep=0, index=727): <Trial 727 (727 in rep 0) data={'center': 8, 'surround': 15.0, 'type': 'c+8', 'surr_type': 'poss', 'surr_opacity': 100, 'thisN': 727, 'thisTrialN': 727, 'thisRepN': 0}>
1117.3852 	INFO 	Keyboard events cleared
1117.3847 	EXP 	surround_grating: autoDraw = False
1117.3847 	EXP 	center_grating: autoDraw = False
1117.3847 	EXP 	text_2: autoDraw = False
1117.3847 	EXP 	surround_grating: ori = 15.0
1117.3847 	EXP 	surround_grating: sf = array([2.5, 2.5])
1117.3847 	EXP 	surround_grating: phase = array([0.39270561, 0.39270561])
1117.3847 	EXP 	center_grating: ori = 8.0
1117.3847 	EXP 	center_grating: sf = array([2.5, 2.5])
1117.3847 	EXP 	center_grating: phase = array([0.05602633, 0.05602633])
1117.8720 	EXP 	surround_grating: autoDraw = True
1117.8720 	EXP 	center_grating: autoDraw = True
1117.9444 	EXP 	surround_grating: autoDraw = False
1117.9444 	EXP 	center_grating: autoDraw = False
1118.5089 	EXP 	New trial (rep=0, index=728): <Trial 728 (728 in rep 0) data={'center': 6, 'surround': 15.0, 'type': 'c+6', 'surr_type': 'poss', 'surr_opacity': 100, 'thisN': 728, 'thisTrialN': 728, 'thisRepN': 0}>
1118.5193 	INFO 	Keyboard events cleared
1118.5188 	EXP 	surround_grating: autoDraw = False
1118.5188 	EXP 	center_grating: autoDraw = False
1118.5188 	EXP 	text_2: autoDraw = False
1118.5188 	EXP 	surround_grating: ori = 15.0
1118.5188 	EXP 	surround_grating: sf = array([2.5, 2.5])
1118.5188 	EXP 	surround_grating: phase = array([0.72000886, 0.72000886])
1118.5188 	EXP 	center_grating: ori = 6.0
1118.5188 	EXP 	center_grating: sf = array([2.5, 2.5])
1118.5188 	EXP 	center_grating: phase = array([0.86997826, 0.86997826])
1119.0054 	EXP 	surround_grating: autoDraw = True
1119.0054 	EXP 	center_grating: autoDraw = True
1119.0778 	EXP 	surround_grating: autoDraw = False
1119.0778 	EXP 	center_grating: autoDraw = False
1119.5012 	EXP 	New trial (rep=0, index=729): <Trial 729 (729 in rep 0) data={'center': -2, 'surround': 15.0, 'type': 'c-2', 'surr_type': 'poss', 'surr_opacity': 100, 'thisN': 729, 'thisTrialN': 729, 'thisRepN': 0}>
1119.5084 	INFO 	Keyboard events cleared
1119.5080 	EXP 	surround_grating: autoDraw = False
1119.5080 	EXP 	center_grating: autoDraw = False
1119.5080 	EXP 	text_2: autoDraw = False
1119.5080 	EXP 	surround_grating: ori = 15.0
1119.5080 	EXP 	surround_grating: sf = array([2.5, 2.5])
1119.5080 	EXP 	surround_grating: phase = array([0.28363199, 0.28363199])
1119.5080 	EXP 	center_grating: ori = -2.0
1119.5080 	EXP 	center_grating: sf = array([2.5, 2.5])
1119.5080 	EXP 	center_grating: phase = array([0.43534249, 0.43534249])
1119.9984 	EXP 	surround_grating: autoDraw = True
1119.9984 	EXP 	center_grating: autoDraw = True
1120.0726 	EXP 	surround_grating: autoDraw = False
1120.0726 	EXP 	center_grating: autoDraw = False
1120.6088 	EXP 	New trial (rep=0, index=730): <Trial 730 (730 in rep 0) data={'center': -6, 'surround': -15.0, 'type': 'c-6', 'surr_type': 'negs', 'surr_opacity': 100, 'thisN': 730, 'thisTrialN': 730, 'thisRepN': 0}>
1120.6187 	INFO 	Keyboard events cleared
1120.6182 	EXP 	surround_grating: autoDraw = False
1120.6182 	EXP 	center_grating: autoDraw = False
1120.6182 	EXP 	text_2: autoDraw = False
1120.6182 	EXP 	surround_grating: ori = -15.0
1120.6182 	EXP 	surround_grating: sf = array([2.5, 2.5])
1120.6182 	EXP 	surround_grating: phase = array([0.30369809, 0.30369809])
1120.6182 	EXP 	center_grating: ori = -6.0
1120.6182 	EXP 	center_grating: sf = array([2.5, 2.5])
1120.6182 	EXP 	center_grating: phase = array([0.31070667, 0.31070667])
1121.1054 	EXP 	surround_grating: autoDraw = True
1121.1054 	EXP 	center_grating: autoDraw = True
1121.1787 	EXP 	surround_grating: autoDraw = False
1121.1787 	EXP 	center_grating: autoDraw = False
1121.4980 	EXP 	New trial (rep=0, index=731): <Trial 731 (731 in rep 0) data={'center': 8, 'surround': 15.0, 'type': 'c+8', 'surr_type': 'poss', 'surr_opacity': 100, 'thisN': 731, 'thisTrialN': 731, 'thisRepN': 0}>
1121.5082 	INFO 	Keyboard events cleared
1121.5078 	EXP 	surround_grating: autoDraw = False
1121.5078 	EXP 	center_grating: autoDraw = False
1121.5078 	EXP 	text_2: autoDraw = False
1121.5078 	EXP 	surround_grating: ori = 15.0
1121.5078 	EXP 	surround_grating: sf = array([2.5, 2.5])
1121.5078 	EXP 	surround_grating: phase = array([0.5917961, 0.5917961])
1121.5078 	EXP 	center_grating: ori = 8.0
1121.5078 	EXP 	center_grating: sf = array([2.5, 2.5])
1121.5078 	EXP 	center_grating: phase = array([0.71081935, 0.71081935])
1121.9976 	EXP 	surround_grating: autoDraw = True
1121.9976 	EXP 	center_grating: autoDraw = True
1122.0726 	EXP 	surround_grating: autoDraw = False
1122.0726 	EXP 	center_grating: autoDraw = False
1122.5752 	EXP 	New trial (rep=0, index=732): <Trial 732 (732 in rep 0) data={'center': 6, 'surround': 15.0, 'type': 'c+6', 'surr_type': 'poss', 'surr_opacity': 100, 'thisN': 732, 'thisTrialN': 732, 'thisRepN': 0}>
1122.5852 	INFO 	Keyboard events cleared
1122.5847 	EXP 	surround_grating: autoDraw = False
1122.5847 	EXP 	center_grating: autoDraw = False
1122.5847 	EXP 	text_2: autoDraw = False
1122.5847 	EXP 	surround_grating: ori = 15.0
1122.5847 	EXP 	surround_grating: sf = array([2.5, 2.5])
1122.5847 	EXP 	surround_grating: phase = array([0.7059935, 0.7059935])
1122.5847 	EXP 	center_grating: ori = 6.0
1122.5847 	EXP 	center_grating: sf = array([2.5, 2.5])
1122.5847 	EXP 	center_grating: phase = array([0.64545197, 0.64545197])
1123.0722 	EXP 	surround_grating: autoDraw = True
1123.0722 	EXP 	center_grating: autoDraw = True
1123.1446 	EXP 	surround_grating: autoDraw = False
1123.1446 	EXP 	center_grating: autoDraw = False
1123.6588 	EXP 	New trial (rep=0, index=733): <Trial 733 (733 in rep 0) data={'center': -8, 'surround': -15.0, 'type': 'c-8', 'surr_type': 'negs', 'surr_opacity': 100, 'thisN': 733, 'thisTrialN': 733, 'thisRepN': 0}>
1123.6688 	INFO 	Keyboard events cleared
1123.6683 	EXP 	surround_grating: autoDraw = False
1123.6683 	EXP 	center_grating: autoDraw = False
1123.6683 	EXP 	text_2: autoDraw = False
1123.6683 	EXP 	surround_grating: ori = -15.0
1123.6683 	EXP 	surround_grating: sf = array([2.5, 2.5])
1123.6683 	EXP 	surround_grating: phase = array([0.42346762, 0.42346762])
1123.6683 	EXP 	center_grating: ori = -8.0
1123.6683 	EXP 	center_grating: sf = array([2.5, 2.5])
1123.6683 	EXP 	center_grating: phase = array([0.40682317, 0.40682317])
1124.1556 	EXP 	surround_grating: autoDraw = True
1124.1556 	EXP 	center_grating: autoDraw = True
1124.2291 	EXP 	surround_grating: autoDraw = False
1124.2291 	EXP 	center_grating: autoDraw = False
1124.5980 	EXP 	New trial (rep=0, index=734): <Trial 734 (734 in rep 0) data={'center': -8, 'surround': -15.0, 'type': 'c-8', 'surr_type': 'negs', 'surr_opacity': 100, 'thisN': 734, 'thisTrialN': 734, 'thisRepN': 0}>
1124.6081 	INFO 	Keyboard events cleared
1124.6075 	EXP 	surround_grating: autoDraw = False
1124.6075 	EXP 	center_grating: autoDraw = False
1124.6075 	EXP 	text_2: autoDraw = False
1124.6075 	EXP 	surround_grating: ori = -15.0
1124.6075 	EXP 	surround_grating: sf = array([2.5, 2.5])
1124.6075 	EXP 	surround_grating: phase = array([0.87394133, 0.87394133])
1124.6075 	EXP 	center_grating: ori = -8.0
1124.6075 	EXP 	center_grating: sf = array([2.5, 2.5])
1124.6075 	EXP 	center_grating: phase = array([0.25298305, 0.25298305])
1125.0982 	EXP 	surround_grating: autoDraw = True
1125.0982 	EXP 	center_grating: autoDraw = True
1125.1728 	EXP 	surround_grating: autoDraw = False
1125.1728 	EXP 	center_grating: autoDraw = False
1125.6087 	EXP 	New trial (rep=0, index=735): <Trial 735 (735 in rep 0) data={'center': -2, 'surround': 0.0, 'type': 'c-2', 'surr_type': 'noss', 'surr_opacity': 0, 'thisN': 735, 'thisTrialN': 735, 'thisRepN': 0}>
1125.6190 	INFO 	Keyboard events cleared
1125.6185 	EXP 	surround_grating: autoDraw = False
1125.6185 	EXP 	center_grating: autoDraw = False
1125.6185 	EXP 	text_2: autoDraw = False
1125.6185 	EXP 	surround_grating: ori = 0.0
1125.6185 	EXP 	surround_grating: sf = array([2.5, 2.5])
1125.6185 	EXP 	surround_grating: phase = array([0.11799097, 0.11799097])
1125.6185 	EXP 	center_grating: ori = -2.0
1125.6185 	EXP 	center_grating: sf = array([2.5, 2.5])
1125.6185 	EXP 	center_grating: phase = array([0.19034556, 0.19034556])
1126.1057 	EXP 	surround_grating: autoDraw = True
1126.1057 	EXP 	center_grating: autoDraw = True
1126.1788 	EXP 	surround_grating: autoDraw = False
1126.1788 	EXP 	center_grating: autoDraw = False
1126.7432 	EXP 	New trial (rep=0, index=736): <Trial 736 (736 in rep 0) data={'center': 1, 'surround': 0.0, 'type': 'c+1', 'surr_type': 'noss', 'surr_opacity': 0, 'thisN': 736, 'thisTrialN': 736, 'thisRepN': 0}>
1126.7535 	INFO 	Keyboard events cleared
1126.7531 	EXP 	surround_grating: autoDraw = False
1126.7531 	EXP 	center_grating: autoDraw = False
1126.7531 	EXP 	text_2: autoDraw = False
1126.7531 	EXP 	surround_grating: ori = 0.0
1126.7531 	EXP 	surround_grating: sf = array([2.5, 2.5])
1126.7531 	EXP 	surround_grating: phase = array([0.44107664, 0.44107664])
1126.7531 	EXP 	center_grating: ori = 1.0
1126.7531 	EXP 	center_grating: sf = array([2.5, 2.5])
1126.7531 	EXP 	center_grating: phase = array([0.82834851, 0.82834851])
1127.2392 	EXP 	surround_grating: autoDraw = True
1127.2392 	EXP 	center_grating: autoDraw = True
1127.3116 	EXP 	surround_grating: autoDraw = False
1127.3116 	EXP 	center_grating: autoDraw = False
1127.6588 	EXP 	New trial (rep=0, index=737): <Trial 737 (737 in rep 0) data={'center': 0, 'surround': -15.0, 'type': 'c+0', 'surr_type': 'negs', 'surr_opacity': 100, 'thisN': 737, 'thisTrialN': 737, 'thisRepN': 0}>
1127.6690 	INFO 	Keyboard events cleared
1127.6684 	EXP 	surround_grating: autoDraw = False
1127.6684 	EXP 	center_grating: autoDraw = False
1127.6684 	EXP 	text_2: autoDraw = False
1127.6684 	EXP 	surround_grating: ori = -15.0
1127.6684 	EXP 	surround_grating: sf = array([2.5, 2.5])
1127.6684 	EXP 	surround_grating: phase = array([0.2296401, 0.2296401])
1127.6684 	EXP 	center_grating: ori = 0.0
1127.6684 	EXP 	center_grating: sf = array([2.5, 2.5])
1127.6684 	EXP 	center_grating: phase = array([0.90076882, 0.90076882])
1127.7817 	EXP 	New trial (rep=0, index=738): <Trial 738 (738 in rep 0) data={'center': -8, 'surround': -15.0, 'type': 'c-8', 'surr_type': 'negs', 'surr_opacity': 100, 'thisN': 738, 'thisTrialN': 738, 'thisRepN': 0}>
1127.7914 	INFO 	Keyboard events cleared
1127.7909 	EXP 	surround_grating: autoDraw = False
1127.7909 	EXP 	center_grating: autoDraw = False
1127.7909 	EXP 	text_2: autoDraw = False
1127.7909 	EXP 	surround_grating: ori = -15.0
1127.7909 	EXP 	surround_grating: sf = array([2.5, 2.5])
1127.7909 	EXP 	surround_grating: phase = array([0.71893682, 0.71893682])
1127.7909 	EXP 	center_grating: ori = -8.0
1127.7909 	EXP 	center_grating: sf = array([2.5, 2.5])
1127.7909 	EXP 	center_grating: phase = array([0.03918904, 0.03918904])
1128.2813 	EXP 	surround_grating: autoDraw = True
1128.2813 	EXP 	center_grating: autoDraw = True
1128.3562 	EXP 	surround_grating: autoDraw = False
1128.3562 	EXP 	center_grating: autoDraw = False
1128.7920 	EXP 	New trial (rep=0, index=739): <Trial 739 (739 in rep 0) data={'center': 6, 'surround': 15.0, 'type': 'c+6', 'surr_type': 'poss', 'surr_opacity': 100, 'thisN': 739, 'thisTrialN': 739, 'thisRepN': 0}>
1128.8022 	INFO 	Keyboard events cleared
1128.8018 	EXP 	surround_grating: autoDraw = False
1128.8018 	EXP 	center_grating: autoDraw = False
1128.8018 	EXP 	text_2: autoDraw = False
1128.8018 	EXP 	surround_grating: ori = 15.0
1128.8018 	EXP 	surround_grating: sf = array([2.5, 2.5])
1128.8018 	EXP 	surround_grating: phase = array([0.03699616, 0.03699616])
1128.8018 	EXP 	center_grating: ori = 6.0
1128.8018 	EXP 	center_grating: sf = array([2.5, 2.5])
1128.8018 	EXP 	center_grating: phase = array([0.9741037, 0.9741037])
1129.2890 	EXP 	surround_grating: autoDraw = True
1129.2890 	EXP 	center_grating: autoDraw = True
1129.3621 	EXP 	surround_grating: autoDraw = False
1129.3621 	EXP 	center_grating: autoDraw = False
1129.8798 	EXP 	New trial (rep=0, index=740): <Trial 740 (740 in rep 0) data={'center': -1, 'surround': 0.0, 'type': 'c-1', 'surr_type': 'noss', 'surr_opacity': 0, 'thisN': 740, 'thisTrialN': 740, 'thisRepN': 0}>
1129.8896 	INFO 	Keyboard events cleared
1129.8892 	EXP 	surround_grating: autoDraw = False
1129.8892 	EXP 	center_grating: autoDraw = False
1129.8892 	EXP 	text_2: autoDraw = False
1129.8892 	EXP 	surround_grating: ori = 0.0
1129.8892 	EXP 	surround_grating: sf = array([2.5, 2.5])
1129.8892 	EXP 	surround_grating: phase = array([0.41289613, 0.41289613])
1129.8892 	EXP 	center_grating: ori = -1.0
1129.8892 	EXP 	center_grating: sf = array([2.5, 2.5])
1129.8892 	EXP 	center_grating: phase = array([0.16232948, 0.16232948])
1130.3815 	EXP 	surround_grating: autoDraw = True
1130.3815 	EXP 	center_grating: autoDraw = True
1130.4564 	EXP 	surround_grating: autoDraw = False
1130.4564 	EXP 	center_grating: autoDraw = False
1130.7644 	EXP 	New trial (rep=0, index=741): <Trial 741 (741 in rep 0) data={'center': 2, 'surround': 15.0, 'type': 'c+2', 'surr_type': 'poss', 'surr_opacity': 100, 'thisN': 741, 'thisTrialN': 741, 'thisRepN': 0}>
1130.7899 	INFO 	Keyboard events cleared
1130.7894 	EXP 	surround_grating: autoDraw = False
1130.7894 	EXP 	center_grating: autoDraw = False
1130.7894 	EXP 	text_2: autoDraw = False
1130.7894 	EXP 	surround_grating: ori = 15.0
1130.7894 	EXP 	surround_grating: sf = array([2.5, 2.5])
1130.7894 	EXP 	surround_grating: phase = array([0.06484798, 0.06484798])
1130.7894 	EXP 	center_grating: ori = 2.0
1130.7894 	EXP 	center_grating: sf = array([2.5, 2.5])
1130.7894 	EXP 	center_grating: phase = array([0.1710316, 0.1710316])
1131.2648 	EXP 	surround_grating: autoDraw = True
1131.2648 	EXP 	center_grating: autoDraw = True
1131.3396 	EXP 	surround_grating: autoDraw = False
1131.3396 	EXP 	center_grating: autoDraw = False
1131.6923 	EXP 	New trial (rep=0, index=742): <Trial 742 (742 in rep 0) data={'center': 0, 'surround': -15.0, 'type': 'c+0', 'surr_type': 'negs', 'surr_opacity': 100, 'thisN': 742, 'thisTrialN': 742, 'thisRepN': 0}>
1131.7022 	INFO 	Keyboard events cleared
1131.7017 	EXP 	surround_grating: autoDraw = False
1131.7017 	EXP 	center_grating: autoDraw = False
1131.7017 	EXP 	text_2: autoDraw = False
1131.7017 	EXP 	surround_grating: ori = -15.0
1131.7017 	EXP 	surround_grating: sf = array([2.5, 2.5])
1131.7017 	EXP 	surround_grating: phase = array([0.2114492, 0.2114492])
1131.7017 	EXP 	center_grating: ori = 0.0
1131.7017 	EXP 	center_grating: sf = array([2.5, 2.5])
1131.7017 	EXP 	center_grating: phase = array([0.28263642, 0.28263642])
1132.1892 	EXP 	surround_grating: autoDraw = True
1132.1892 	EXP 	center_grating: autoDraw = True
1132.2614 	EXP 	surround_grating: autoDraw = False
1132.2614 	EXP 	center_grating: autoDraw = False
1132.5083 	EXP 	New trial (rep=0, index=743): <Trial 743 (743 in rep 0) data={'center': -1, 'surround': 0.0, 'type': 'c-1', 'surr_type': 'noss', 'surr_opacity': 0, 'thisN': 743, 'thisTrialN': 743, 'thisRepN': 0}>
1132.5182 	INFO 	Keyboard events cleared
1132.5178 	EXP 	surround_grating: autoDraw = False
1132.5178 	EXP 	center_grating: autoDraw = False
1132.5178 	EXP 	text_2: autoDraw = False
1132.5178 	EXP 	surround_grating: ori = 0.0
1132.5178 	EXP 	surround_grating: sf = array([2.5, 2.5])
1132.5178 	EXP 	surround_grating: phase = array([0.4163421, 0.4163421])
1132.5178 	EXP 	center_grating: ori = -1.0
1132.5178 	EXP 	center_grating: sf = array([2.5, 2.5])
1132.5178 	EXP 	center_grating: phase = array([0.73032074, 0.73032074])
1133.0059 	EXP 	surround_grating: autoDraw = True
1133.0059 	EXP 	center_grating: autoDraw = True
1133.0788 	EXP 	surround_grating: autoDraw = False
1133.0788 	EXP 	center_grating: autoDraw = False
1133.5152 	EXP 	New trial (rep=0, index=744): <Trial 744 (744 in rep 0) data={'center': 2, 'surround': 15.0, 'type': 'c+2', 'surr_type': 'poss', 'surr_opacity': 100, 'thisN': 744, 'thisTrialN': 744, 'thisRepN': 0}>
1133.5259 	INFO 	Keyboard events cleared
1133.5254 	EXP 	surround_grating: autoDraw = False
1133.5254 	EXP 	center_grating: autoDraw = False
1133.5254 	EXP 	text_2: autoDraw = False
1133.5254 	EXP 	surround_grating: ori = 15.0
1133.5254 	EXP 	surround_grating: sf = array([2.5, 2.5])
1133.5254 	EXP 	surround_grating: phase = array([0.4971057, 0.4971057])
1133.5254 	EXP 	center_grating: ori = 2.0
1133.5254 	EXP 	center_grating: sf = array([2.5, 2.5])
1133.5254 	EXP 	center_grating: phase = array([0.61295886, 0.61295886])
1134.0146 	EXP 	surround_grating: autoDraw = True
1134.0146 	EXP 	center_grating: autoDraw = True
1134.0899 	EXP 	surround_grating: autoDraw = False
1134.0899 	EXP 	center_grating: autoDraw = False
1134.4928 	EXP 	New trial (rep=0, index=745): <Trial 745 (745 in rep 0) data={'center': 8, 'surround': 15.0, 'type': 'c+8', 'surr_type': 'poss', 'surr_opacity': 100, 'thisN': 745, 'thisTrialN': 745, 'thisRepN': 0}>
1134.5031 	INFO 	Keyboard events cleared
1134.5026 	EXP 	surround_grating: autoDraw = False
1134.5026 	EXP 	center_grating: autoDraw = False
1134.5026 	EXP 	text_2: autoDraw = False
1134.5026 	EXP 	surround_grating: ori = 15.0
1134.5026 	EXP 	surround_grating: sf = array([2.5, 2.5])
1134.5026 	EXP 	surround_grating: phase = array([0.2716765, 0.2716765])
1134.5026 	EXP 	center_grating: ori = 8.0
1134.5026 	EXP 	center_grating: sf = array([2.5, 2.5])
1134.5026 	EXP 	center_grating: phase = array([0.91215587, 0.91215587])
1134.9895 	EXP 	surround_grating: autoDraw = True
1134.9895 	EXP 	center_grating: autoDraw = True
1135.0615 	EXP 	surround_grating: autoDraw = False
1135.0615 	EXP 	center_grating: autoDraw = False
1135.4259 	EXP 	New trial (rep=0, index=746): <Trial 746 (746 in rep 0) data={'center': 1, 'surround': 0.0, 'type': 'c+1', 'surr_type': 'noss', 'surr_opacity': 0, 'thisN': 746, 'thisTrialN': 746, 'thisRepN': 0}>
1135.4363 	INFO 	Keyboard events cleared
1135.4358 	EXP 	surround_grating: autoDraw = False
1135.4358 	EXP 	center_grating: autoDraw = False
1135.4358 	EXP 	text_2: autoDraw = False
1135.4358 	EXP 	surround_grating: ori = 0.0
1135.4358 	EXP 	surround_grating: sf = array([2.5, 2.5])
1135.4358 	EXP 	surround_grating: phase = array([0.45658669, 0.45658669])
1135.4358 	EXP 	center_grating: ori = 1.0
1135.4358 	EXP 	center_grating: sf = array([2.5, 2.5])
1135.4358 	EXP 	center_grating: phase = array([0.52543206, 0.52543206])
1135.9226 	EXP 	surround_grating: autoDraw = True
1135.9226 	EXP 	center_grating: autoDraw = True
1135.9948 	EXP 	surround_grating: autoDraw = False
1135.9948 	EXP 	center_grating: autoDraw = False
1136.4765 	EXP 	New trial (rep=0, index=747): <Trial 747 (747 in rep 0) data={'center': 0, 'surround': -15.0, 'type': 'c+0', 'surr_type': 'negs', 'surr_opacity': 100, 'thisN': 747, 'thisTrialN': 747, 'thisRepN': 0}>
1136.4875 	INFO 	Keyboard events cleared
1136.4871 	EXP 	surround_grating: autoDraw = False
1136.4871 	EXP 	center_grating: autoDraw = False
1136.4871 	EXP 	text_2: autoDraw = False
1136.4871 	EXP 	surround_grating: ori = -15.0
1136.4871 	EXP 	surround_grating: sf = array([2.5, 2.5])
1136.4871 	EXP 	surround_grating: phase = array([0.29596795, 0.29596795])
1136.4871 	EXP 	center_grating: ori = 0.0
1136.4871 	EXP 	center_grating: sf = array([2.5, 2.5])
1136.4871 	EXP 	center_grating: phase = array([0.00238163, 0.00238163])
1136.9726 	EXP 	surround_grating: autoDraw = True
1136.9726 	EXP 	center_grating: autoDraw = True
1137.0445 	EXP 	surround_grating: autoDraw = False
1137.0445 	EXP 	center_grating: autoDraw = False
1137.6077 	EXP 	New trial (rep=0, index=748): <Trial 748 (748 in rep 0) data={'center': 2, 'surround': 15.0, 'type': 'c+2', 'surr_type': 'poss', 'surr_opacity': 100, 'thisN': 748, 'thisTrialN': 748, 'thisRepN': 0}>
1137.6238 	INFO 	Keyboard events cleared
1137.6234 	EXP 	surround_grating: autoDraw = False
1137.6234 	EXP 	center_grating: autoDraw = False
1137.6234 	EXP 	text_2: autoDraw = False
1137.6234 	EXP 	surround_grating: ori = 15.0
1137.6234 	EXP 	surround_grating: sf = array([2.5, 2.5])
1137.6234 	EXP 	surround_grating: phase = array([0.95590952, 0.95590952])
1137.6234 	EXP 	center_grating: ori = 2.0
1137.6234 	EXP 	center_grating: sf = array([2.5, 2.5])
1137.6234 	EXP 	center_grating: phase = array([0.16487091, 0.16487091])
1138.0991 	EXP 	surround_grating: autoDraw = True
1138.0991 	EXP 	center_grating: autoDraw = True
1138.1733 	EXP 	surround_grating: autoDraw = False
1138.1733 	EXP 	center_grating: autoDraw = False
1138.5592 	EXP 	New trial (rep=0, index=749): <Trial 749 (749 in rep 0) data={'center': 8, 'surround': 15.0, 'type': 'c+8', 'surr_type': 'poss', 'surr_opacity': 100, 'thisN': 749, 'thisTrialN': 749, 'thisRepN': 0}>
1138.5697 	INFO 	Keyboard events cleared
1138.5691 	EXP 	surround_grating: autoDraw = False
1138.5691 	EXP 	center_grating: autoDraw = False
1138.5691 	EXP 	text_2: autoDraw = False
1138.5691 	EXP 	surround_grating: ori = 15.0
1138.5691 	EXP 	surround_grating: sf = array([2.5, 2.5])
1138.5691 	EXP 	surround_grating: phase = array([0.17510062, 0.17510062])
1138.5691 	EXP 	center_grating: ori = 8.0
1138.5691 	EXP 	center_grating: sf = array([2.5, 2.5])
1138.5691 	EXP 	center_grating: phase = array([0.91323375, 0.91323375])
1139.0561 	EXP 	surround_grating: autoDraw = True
1139.0561 	EXP 	center_grating: autoDraw = True
1139.1280 	EXP 	surround_grating: autoDraw = False
1139.1280 	EXP 	center_grating: autoDraw = False
1139.7644 	EXP 	New trial (rep=0, index=750): <Trial 750 (750 in rep 0) data={'center': 2, 'surround': 0.0, 'type': 'c+2', 'surr_type': 'noss', 'surr_opacity': 0, 'thisN': 750, 'thisTrialN': 750, 'thisRepN': 0}>
1139.7751 	INFO 	Keyboard events cleared
1139.7746 	EXP 	surround_grating: autoDraw = False
1139.7746 	EXP 	center_grating: autoDraw = False
1139.7746 	EXP 	text_2: autoDraw = False
1139.7746 	EXP 	surround_grating: ori = 0.0
1139.7746 	EXP 	surround_grating: sf = array([2.5, 2.5])
1139.7746 	EXP 	surround_grating: phase = array([0.24343793, 0.24343793])
1139.7746 	EXP 	center_grating: ori = 2.0
1139.7746 	EXP 	center_grating: sf = array([2.5, 2.5])
1139.7746 	EXP 	center_grating: phase = array([0.81873006, 0.81873006])
1140.2657 	EXP 	surround_grating: autoDraw = True
1140.2657 	EXP 	center_grating: autoDraw = True
1140.3400 	EXP 	surround_grating: autoDraw = False
1140.3400 	EXP 	center_grating: autoDraw = False
1140.8676 	INFO 	Keyboard events cleared
1140.8670 	EXP 	surround_grating: autoDraw = False
1140.8670 	EXP 	center_grating: autoDraw = False
1140.8670 	EXP 	text_2: autoDraw = True
1176.4995 	EXP 	New trial (rep=0, index=751): <Trial 751 (751 in rep 0) data={'center': 4, 'surround': 15.0, 'type': 'c+4', 'surr_type': 'poss', 'surr_opacity': 100, 'thisN': 751, 'thisTrialN': 751, 'thisRepN': 0}>
1176.5107 	INFO 	Keyboard events cleared
1176.5101 	EXP 	text_2: autoDraw = False
1176.5101 	EXP 	surround_grating: ori = 15.0
1176.5101 	EXP 	surround_grating: sf = array([2.5, 2.5])
1176.5101 	EXP 	surround_grating: phase = array([0.16948654, 0.16948654])
1176.5101 	EXP 	center_grating: ori = 4.0
1176.5101 	EXP 	center_grating: sf = array([2.5, 2.5])
1176.5101 	EXP 	center_grating: phase = array([0.87551447, 0.87551447])
1176.9991 	EXP 	surround_grating: autoDraw = True
1176.9991 	EXP 	center_grating: autoDraw = True
1177.0746 	EXP 	surround_grating: autoDraw = False
1177.0746 	EXP 	center_grating: autoDraw = False
1178.2012 	EXP 	New trial (rep=0, index=752): <Trial 752 (752 in rep 0) data={'center': 4, 'surround': 0.0, 'type': 'c+4', 'surr_type': 'noss', 'surr_opacity': 0, 'thisN': 752, 'thisTrialN': 752, 'thisRepN': 0}>
1178.2110 	INFO 	Keyboard events cleared
1178.2105 	EXP 	surround_grating: autoDraw = False
1178.2105 	EXP 	center_grating: autoDraw = False
1178.2105 	EXP 	text_2: autoDraw = False
1178.2105 	EXP 	surround_grating: ori = 0.0
1178.2105 	EXP 	surround_grating: sf = array([2.5, 2.5])
1178.2105 	EXP 	surround_grating: phase = array([0.91534547, 0.91534547])
1178.2105 	EXP 	center_grating: ori = 4.0
1178.2105 	EXP 	center_grating: sf = array([2.5, 2.5])
1178.2105 	EXP 	center_grating: phase = array([0.42673904, 0.42673904])
1178.6996 	EXP 	surround_grating: autoDraw = True
1178.6996 	EXP 	center_grating: autoDraw = True
1178.7747 	EXP 	surround_grating: autoDraw = False
1178.7747 	EXP 	center_grating: autoDraw = False
1179.2442 	EXP 	New trial (rep=0, index=753): <Trial 753 (753 in rep 0) data={'center': 2, 'surround': 0.0, 'type': 'c+2', 'surr_type': 'noss', 'surr_opacity': 0, 'thisN': 753, 'thisTrialN': 753, 'thisRepN': 0}>
1179.2539 	INFO 	Keyboard events cleared
1179.2534 	EXP 	surround_grating: autoDraw = False
1179.2534 	EXP 	center_grating: autoDraw = False
1179.2534 	EXP 	text_2: autoDraw = False
1179.2534 	EXP 	surround_grating: ori = 0.0
1179.2534 	EXP 	surround_grating: sf = array([2.5, 2.5])
1179.2534 	EXP 	surround_grating: phase = array([0.07640833, 0.07640833])
1179.2534 	EXP 	center_grating: ori = 2.0
1179.2534 	EXP 	center_grating: sf = array([2.5, 2.5])
1179.2534 	EXP 	center_grating: phase = array([0.64168392, 0.64168392])
1179.7409 	EXP 	surround_grating: autoDraw = True
1179.7409 	EXP 	center_grating: autoDraw = True
1179.8139 	EXP 	surround_grating: autoDraw = False
1179.8139 	EXP 	center_grating: autoDraw = False
1180.1611 	EXP 	New trial (rep=0, index=754): <Trial 754 (754 in rep 0) data={'center': -6, 'surround': -15.0, 'type': 'c-6', 'surr_type': 'negs', 'surr_opacity': 100, 'thisN': 754, 'thisTrialN': 754, 'thisRepN': 0}>
1180.1712 	INFO 	Keyboard events cleared
1180.1707 	EXP 	surround_grating: autoDraw = False
1180.1707 	EXP 	center_grating: autoDraw = False
1180.1707 	EXP 	text_2: autoDraw = False
1180.1707 	EXP 	surround_grating: ori = -15.0
1180.1707 	EXP 	surround_grating: sf = array([2.5, 2.5])
1180.1707 	EXP 	surround_grating: phase = array([0.59378857, 0.59378857])
1180.1707 	EXP 	center_grating: ori = -6.0
1180.1707 	EXP 	center_grating: sf = array([2.5, 2.5])
1180.1707 	EXP 	center_grating: phase = array([0.10537074, 0.10537074])
1180.6577 	EXP 	surround_grating: autoDraw = True
1180.6577 	EXP 	center_grating: autoDraw = True
1180.7298 	EXP 	surround_grating: autoDraw = False
1180.7298 	EXP 	center_grating: autoDraw = False
1181.2440 	EXP 	New trial (rep=0, index=755): <Trial 755 (755 in rep 0) data={'center': 0, 'surround': -15.0, 'type': 'c+0', 'surr_type': 'negs', 'surr_opacity': 100, 'thisN': 755, 'thisTrialN': 755, 'thisRepN': 0}>
1181.2539 	INFO 	Keyboard events cleared
1181.2535 	EXP 	surround_grating: autoDraw = False
1181.2535 	EXP 	center_grating: autoDraw = False
1181.2535 	EXP 	text_2: autoDraw = False
1181.2535 	EXP 	surround_grating: ori = -15.0
1181.2535 	EXP 	surround_grating: sf = array([2.5, 2.5])
1181.2535 	EXP 	surround_grating: phase = array([0.68923606, 0.68923606])
1181.2535 	EXP 	center_grating: ori = 0.0
1181.2535 	EXP 	center_grating: sf = array([2.5, 2.5])
1181.2535 	EXP 	center_grating: phase = array([0.82807882, 0.82807882])
1181.7411 	EXP 	surround_grating: autoDraw = True
1181.7411 	EXP 	center_grating: autoDraw = True
1181.8131 	EXP 	surround_grating: autoDraw = False
1181.8131 	EXP 	center_grating: autoDraw = False
1182.2348 	EXP 	New trial (rep=0, index=756): <Trial 756 (756 in rep 0) data={'center': 2, 'surround': 15.0, 'type': 'c+2', 'surr_type': 'poss', 'surr_opacity': 100, 'thisN': 756, 'thisTrialN': 756, 'thisRepN': 0}>
1182.2446 	INFO 	Keyboard events cleared
1182.2440 	EXP 	surround_grating: autoDraw = False
1182.2440 	EXP 	center_grating: autoDraw = False
1182.2440 	EXP 	text_2: autoDraw = False
1182.2440 	EXP 	surround_grating: ori = 15.0
1182.2440 	EXP 	surround_grating: sf = array([2.5, 2.5])
1182.2440 	EXP 	surround_grating: phase = array([0.1845913, 0.1845913])
1182.2440 	EXP 	center_grating: ori = 2.0
1182.2440 	EXP 	center_grating: sf = array([2.5, 2.5])
1182.2440 	EXP 	center_grating: phase = array([0.53916209, 0.53916209])
1182.7336 	EXP 	surround_grating: autoDraw = True
1182.7336 	EXP 	center_grating: autoDraw = True
1182.8080 	EXP 	surround_grating: autoDraw = False
1182.8080 	EXP 	center_grating: autoDraw = False
1183.1825 	EXP 	New trial (rep=0, index=757): <Trial 757 (757 in rep 0) data={'center': 2, 'surround': 0.0, 'type': 'c+2', 'surr_type': 'noss', 'surr_opacity': 0, 'thisN': 757, 'thisTrialN': 757, 'thisRepN': 0}>
1183.2081 	INFO 	Keyboard events cleared
1183.2077 	EXP 	surround_grating: autoDraw = False
1183.2077 	EXP 	center_grating: autoDraw = False
1183.2077 	EXP 	text_2: autoDraw = False
1183.2077 	EXP 	surround_grating: ori = 0.0
1183.2077 	EXP 	surround_grating: sf = array([2.5, 2.5])
1183.2077 	EXP 	surround_grating: phase = array([0.40475948, 0.40475948])
1183.2077 	EXP 	center_grating: ori = 2.0
1183.2077 	EXP 	center_grating: sf = array([2.5, 2.5])
1183.2077 	EXP 	center_grating: phase = array([0.41545074, 0.41545074])
1183.6839 	EXP 	surround_grating: autoDraw = True
1183.6839 	EXP 	center_grating: autoDraw = True
1183.7582 	EXP 	surround_grating: autoDraw = False
1183.7582 	EXP 	center_grating: autoDraw = False
1184.2703 	EXP 	New trial (rep=0, index=758): <Trial 758 (758 in rep 0) data={'center': 8, 'surround': 15.0, 'type': 'c+8', 'surr_type': 'poss', 'surr_opacity': 100, 'thisN': 758, 'thisTrialN': 758, 'thisRepN': 0}>
1184.2773 	INFO 	Keyboard events cleared
1184.2769 	EXP 	surround_grating: autoDraw = False
1184.2769 	EXP 	center_grating: autoDraw = False
1184.2769 	EXP 	text_2: autoDraw = False
1184.2769 	EXP 	surround_grating: ori = 15.0
1184.2769 	EXP 	surround_grating: sf = array([2.5, 2.5])
1184.2769 	EXP 	surround_grating: phase = array([0.18398204, 0.18398204])
1184.2769 	EXP 	center_grating: ori = 8.0
1184.2769 	EXP 	center_grating: sf = array([2.5, 2.5])
1184.2769 	EXP 	center_grating: phase = array([0.25848053, 0.25848053])
1184.7674 	EXP 	surround_grating: autoDraw = True
1184.7674 	EXP 	center_grating: autoDraw = True
1184.8416 	EXP 	surround_grating: autoDraw = False
1184.8416 	EXP 	center_grating: autoDraw = False
1185.2108 	EXP 	New trial (rep=0, index=759): <Trial 759 (759 in rep 0) data={'center': 8, 'surround': 15.0, 'type': 'c+8', 'surr_type': 'poss', 'surr_opacity': 100, 'thisN': 759, 'thisTrialN': 759, 'thisRepN': 0}>
1185.2209 	INFO 	Keyboard events cleared
1185.2204 	EXP 	surround_grating: autoDraw = False
1185.2204 	EXP 	center_grating: autoDraw = False
1185.2204 	EXP 	text_2: autoDraw = False
1185.2204 	EXP 	surround_grating: ori = 15.0
1185.2204 	EXP 	surround_grating: sf = array([2.5, 2.5])
1185.2204 	EXP 	surround_grating: phase = array([0.38235102, 0.38235102])
1185.2204 	EXP 	center_grating: ori = 8.0
1185.2204 	EXP 	center_grating: sf = array([2.5, 2.5])
1185.2204 	EXP 	center_grating: phase = array([0.27074391, 0.27074391])
1185.7077 	EXP 	surround_grating: autoDraw = True
1185.7077 	EXP 	center_grating: autoDraw = True
1185.7802 	EXP 	surround_grating: autoDraw = False
1185.7802 	EXP 	center_grating: autoDraw = False
1186.1280 	EXP 	New trial (rep=0, index=760): <Trial 760 (760 in rep 0) data={'center': 2, 'surround': 15.0, 'type': 'c+2', 'surr_type': 'poss', 'surr_opacity': 100, 'thisN': 760, 'thisTrialN': 760, 'thisRepN': 0}>
1186.1381 	INFO 	Keyboard events cleared
1186.1376 	EXP 	surround_grating: autoDraw = False
1186.1376 	EXP 	center_grating: autoDraw = False
1186.1376 	EXP 	text_2: autoDraw = False
1186.1376 	EXP 	surround_grating: ori = 15.0
1186.1376 	EXP 	surround_grating: sf = array([2.5, 2.5])
1186.1376 	EXP 	surround_grating: phase = array([0.94327652, 0.94327652])
1186.1376 	EXP 	center_grating: ori = 2.0
1186.1376 	EXP 	center_grating: sf = array([2.5, 2.5])
1186.1376 	EXP 	center_grating: phase = array([0.25289591, 0.25289591])
1186.6244 	EXP 	surround_grating: autoDraw = True
1186.6244 	EXP 	center_grating: autoDraw = True
1186.6967 	EXP 	surround_grating: autoDraw = False
1186.6967 	EXP 	center_grating: autoDraw = False
1186.9943 	EXP 	New trial (rep=0, index=761): <Trial 761 (761 in rep 0) data={'center': -2, 'surround': 0.0, 'type': 'c-2', 'surr_type': 'noss', 'surr_opacity': 0, 'thisN': 761, 'thisTrialN': 761, 'thisRepN': 0}>
1187.0047 	INFO 	Keyboard events cleared
1187.0043 	EXP 	surround_grating: autoDraw = False
1187.0043 	EXP 	center_grating: autoDraw = False
1187.0043 	EXP 	text_2: autoDraw = False
1187.0043 	EXP 	surround_grating: ori = 0.0
1187.0043 	EXP 	surround_grating: sf = array([2.5, 2.5])
1187.0043 	EXP 	surround_grating: phase = array([0.42290108, 0.42290108])
1187.0043 	EXP 	center_grating: ori = -2.0
1187.0043 	EXP 	center_grating: sf = array([2.5, 2.5])
1187.0043 	EXP 	center_grating: phase = array([0.46711832, 0.46711832])
1187.4912 	EXP 	surround_grating: autoDraw = True
1187.4912 	EXP 	center_grating: autoDraw = True
1187.5641 	EXP 	surround_grating: autoDraw = False
1187.5641 	EXP 	center_grating: autoDraw = False
1187.8946 	EXP 	New trial (rep=0, index=762): <Trial 762 (762 in rep 0) data={'center': 0, 'surround': 15.0, 'type': 'c+0', 'surr_type': 'poss', 'surr_opacity': 100, 'thisN': 762, 'thisTrialN': 762, 'thisRepN': 0}>
1187.9054 	INFO 	Keyboard events cleared
1187.9051 	EXP 	surround_grating: autoDraw = False
1187.9051 	EXP 	center_grating: autoDraw = False
1187.9051 	EXP 	text_2: autoDraw = False
1187.9051 	EXP 	surround_grating: ori = 15.0
1187.9051 	EXP 	surround_grating: sf = array([2.5, 2.5])
1187.9051 	EXP 	surround_grating: phase = array([0.9205043, 0.9205043])
1187.9051 	EXP 	center_grating: ori = 0.0
1187.9051 	EXP 	center_grating: sf = array([2.5, 2.5])
1187.9051 	EXP 	center_grating: phase = array([0.66725035, 0.66725035])
1188.3912 	EXP 	surround_grating: autoDraw = True
1188.3912 	EXP 	center_grating: autoDraw = True
1188.4642 	EXP 	surround_grating: autoDraw = False
1188.4642 	EXP 	center_grating: autoDraw = False
1188.7161 	EXP 	New trial (rep=0, index=763): <Trial 763 (763 in rep 0) data={'center': -2, 'surround': 0.0, 'type': 'c-2', 'surr_type': 'noss', 'surr_opacity': 0, 'thisN': 763, 'thisTrialN': 763, 'thisRepN': 0}>
1188.7419 	INFO 	Keyboard events cleared
1188.7414 	EXP 	surround_grating: autoDraw = False
1188.7414 	EXP 	center_grating: autoDraw = False
1188.7414 	EXP 	text_2: autoDraw = False
1188.7414 	EXP 	surround_grating: ori = 0.0
1188.7414 	EXP 	surround_grating: sf = array([2.5, 2.5])
1188.7414 	EXP 	surround_grating: phase = array([0.15204372, 0.15204372])
1188.7414 	EXP 	center_grating: ori = -2.0
1188.7414 	EXP 	center_grating: sf = array([2.5, 2.5])
1188.7414 	EXP 	center_grating: phase = array([0.29725985, 0.29725985])
1189.2162 	EXP 	surround_grating: autoDraw = True
1189.2162 	EXP 	center_grating: autoDraw = True
1189.2918 	EXP 	surround_grating: autoDraw = False
1189.2918 	EXP 	center_grating: autoDraw = False
1189.5953 	EXP 	New trial (rep=0, index=764): <Trial 764 (764 in rep 0) data={'center': -4, 'surround': -15.0, 'type': 'c-4', 'surr_type': 'negs', 'surr_opacity': 100, 'thisN': 764, 'thisTrialN': 764, 'thisRepN': 0}>
1189.6059 	INFO 	Keyboard events cleared
1189.6055 	EXP 	surround_grating: autoDraw = False
1189.6055 	EXP 	center_grating: autoDraw = False
1189.6055 	EXP 	text_2: autoDraw = False
1189.6055 	EXP 	surround_grating: ori = -15.0
1189.6055 	EXP 	surround_grating: sf = array([2.5, 2.5])
1189.6055 	EXP 	surround_grating: phase = array([0.17480984, 0.17480984])
1189.6055 	EXP 	center_grating: ori = -4.0
1189.6055 	EXP 	center_grating: sf = array([2.5, 2.5])
1189.6055 	EXP 	center_grating: phase = array([0.95514584, 0.95514584])
1190.0913 	EXP 	surround_grating: autoDraw = True
1190.0913 	EXP 	center_grating: autoDraw = True
1190.1637 	EXP 	surround_grating: autoDraw = False
1190.1637 	EXP 	center_grating: autoDraw = False
1190.3873 	EXP 	New trial (rep=0, index=765): <Trial 765 (765 in rep 0) data={'center': 4, 'surround': 0.0, 'type': 'c+4', 'surr_type': 'noss', 'surr_opacity': 0, 'thisN': 765, 'thisTrialN': 765, 'thisRepN': 0}>
1190.3942 	INFO 	Keyboard events cleared
1190.3938 	EXP 	surround_grating: autoDraw = False
1190.3938 	EXP 	center_grating: autoDraw = False
1190.3938 	EXP 	text_2: autoDraw = False
1190.3938 	EXP 	surround_grating: ori = 0.0
1190.3938 	EXP 	surround_grating: sf = array([2.5, 2.5])
1190.3938 	EXP 	surround_grating: phase = array([0.41107266, 0.41107266])
1190.3938 	EXP 	center_grating: ori = 4.0
1190.3938 	EXP 	center_grating: sf = array([2.5, 2.5])
1190.3938 	EXP 	center_grating: phase = array([0.15792898, 0.15792898])
1190.8840 	EXP 	surround_grating: autoDraw = True
1190.8840 	EXP 	center_grating: autoDraw = True
1190.9585 	EXP 	surround_grating: autoDraw = False
1190.9585 	EXP 	center_grating: autoDraw = False
1191.2112 	EXP 	New trial (rep=0, index=766): <Trial 766 (766 in rep 0) data={'center': -4, 'surround': -15.0, 'type': 'c-4', 'surr_type': 'negs', 'surr_opacity': 100, 'thisN': 766, 'thisTrialN': 766, 'thisRepN': 0}>
1191.2218 	INFO 	Keyboard events cleared
1191.2214 	EXP 	surround_grating: autoDraw = False
1191.2214 	EXP 	center_grating: autoDraw = False
1191.2214 	EXP 	text_2: autoDraw = False
1191.2214 	EXP 	surround_grating: ori = -15.0
1191.2214 	EXP 	surround_grating: sf = array([2.5, 2.5])
1191.2214 	EXP 	surround_grating: phase = array([0.70865519, 0.70865519])
1191.2214 	EXP 	center_grating: ori = -4.0
1191.2214 	EXP 	center_grating: sf = array([2.5, 2.5])
1191.2214 	EXP 	center_grating: phase = array([0.1086794, 0.1086794])
1191.7081 	EXP 	surround_grating: autoDraw = True
1191.7081 	EXP 	center_grating: autoDraw = True
1191.7809 	EXP 	surround_grating: autoDraw = False
1191.7809 	EXP 	center_grating: autoDraw = False
1192.7347 	EXP 	New trial (rep=0, index=767): <Trial 767 (767 in rep 0) data={'center': 2, 'surround': 0.0, 'type': 'c+2', 'surr_type': 'noss', 'surr_opacity': 0, 'thisN': 767, 'thisTrialN': 767, 'thisRepN': 0}>
1192.7450 	INFO 	Keyboard events cleared
1192.7445 	EXP 	surround_grating: autoDraw = False
1192.7445 	EXP 	center_grating: autoDraw = False
1192.7445 	EXP 	text_2: autoDraw = False
1192.7445 	EXP 	surround_grating: ori = 0.0
1192.7445 	EXP 	surround_grating: sf = array([2.5, 2.5])
1192.7445 	EXP 	surround_grating: phase = array([0.35268479, 0.35268479])
1192.7445 	EXP 	center_grating: ori = 2.0
1192.7445 	EXP 	center_grating: sf = array([2.5, 2.5])
1192.7445 	EXP 	center_grating: phase = array([0.38144312, 0.38144312])
1193.2345 	EXP 	surround_grating: autoDraw = True
1193.2345 	EXP 	center_grating: autoDraw = True
1193.3087 	EXP 	surround_grating: autoDraw = False
1193.3087 	EXP 	center_grating: autoDraw = False
1194.6087 	EXP 	New trial (rep=0, index=768): <Trial 768 (768 in rep 0) data={'center': 4, 'surround': 0.0, 'type': 'c+4', 'surr_type': 'noss', 'surr_opacity': 0, 'thisN': 768, 'thisTrialN': 768, 'thisRepN': 0}>
1194.6159 	INFO 	Keyboard events cleared
1194.6156 	EXP 	surround_grating: autoDraw = False
1194.6156 	EXP 	center_grating: autoDraw = False
1194.6156 	EXP 	text_2: autoDraw = False
1194.6156 	EXP 	surround_grating: ori = 0.0
1194.6156 	EXP 	surround_grating: sf = array([2.5, 2.5])
1194.6156 	EXP 	surround_grating: phase = array([0.04839426, 0.04839426])
1194.6156 	EXP 	center_grating: ori = 4.0
1194.6156 	EXP 	center_grating: sf = array([2.5, 2.5])
1194.6156 	EXP 	center_grating: phase = array([0.46730147, 0.46730147])
1195.1013 	EXP 	surround_grating: autoDraw = True
1195.1013 	EXP 	center_grating: autoDraw = True
1195.1753 	EXP 	surround_grating: autoDraw = False
1195.1753 	EXP 	center_grating: autoDraw = False
1195.8331 	EXP 	New trial (rep=0, index=769): <Trial 769 (769 in rep 0) data={'center': 2, 'surround': -15.0, 'type': 'c+2', 'surr_type': 'negs', 'surr_opacity': 100, 'thisN': 769, 'thisTrialN': 769, 'thisRepN': 0}>
1195.8587 	INFO 	Keyboard events cleared
1195.8582 	EXP 	surround_grating: autoDraw = False
1195.8582 	EXP 	center_grating: autoDraw = False
1195.8582 	EXP 	text_2: autoDraw = False
1195.8582 	EXP 	surround_grating: ori = -15.0
1195.8582 	EXP 	surround_grating: sf = array([2.5, 2.5])
1195.8582 	EXP 	surround_grating: phase = array([0.68405827, 0.68405827])
1195.8582 	EXP 	center_grating: ori = 2.0
1195.8582 	EXP 	center_grating: sf = array([2.5, 2.5])
1195.8582 	EXP 	center_grating: phase = array([0.05814687, 0.05814687])
1196.3249 	EXP 	surround_grating: autoDraw = True
1196.3249 	EXP 	center_grating: autoDraw = True
1196.3969 	EXP 	surround_grating: autoDraw = False
1196.3969 	EXP 	center_grating: autoDraw = False
1196.8003 	EXP 	New trial (rep=0, index=770): <Trial 770 (770 in rep 0) data={'center': 1, 'surround': 0.0, 'type': 'c+1', 'surr_type': 'noss', 'surr_opacity': 0, 'thisN': 770, 'thisTrialN': 770, 'thisRepN': 0}>
1196.8107 	INFO 	Keyboard events cleared
1196.8103 	EXP 	surround_grating: autoDraw = False
1196.8103 	EXP 	center_grating: autoDraw = False
1196.8103 	EXP 	text_2: autoDraw = False
1196.8103 	EXP 	surround_grating: ori = 0.0
1196.8103 	EXP 	surround_grating: sf = array([2.5, 2.5])
1196.8103 	EXP 	surround_grating: phase = array([0.2257466, 0.2257466])
1196.8103 	EXP 	center_grating: ori = 1.0
1196.8103 	EXP 	center_grating: sf = array([2.5, 2.5])
1196.8103 	EXP 	center_grating: phase = array([0.51149897, 0.51149897])
1197.3002 	EXP 	surround_grating: autoDraw = True
1197.3002 	EXP 	center_grating: autoDraw = True
1197.3754 	EXP 	surround_grating: autoDraw = False
1197.3754 	EXP 	center_grating: autoDraw = False
1197.7285 	EXP 	New trial (rep=0, index=771): <Trial 771 (771 in rep 0) data={'center': 6, 'surround': 15.0, 'type': 'c+6', 'surr_type': 'poss', 'surr_opacity': 100, 'thisN': 771, 'thisTrialN': 771, 'thisRepN': 0}>
1197.7397 	INFO 	Keyboard events cleared
1197.7393 	EXP 	surround_grating: autoDraw = False
1197.7393 	EXP 	center_grating: autoDraw = False
1197.7393 	EXP 	text_2: autoDraw = False
1197.7393 	EXP 	surround_grating: ori = 15.0
1197.7393 	EXP 	surround_grating: sf = array([2.5, 2.5])
1197.7393 	EXP 	surround_grating: phase = array([0.74195454, 0.74195454])
1197.7393 	EXP 	center_grating: ori = 6.0
1197.7393 	EXP 	center_grating: sf = array([2.5, 2.5])
1197.7393 	EXP 	center_grating: phase = array([0.33205097, 0.33205097])
1198.2249 	EXP 	surround_grating: autoDraw = True
1198.2249 	EXP 	center_grating: autoDraw = True
1198.2973 	EXP 	surround_grating: autoDraw = False
1198.2973 	EXP 	center_grating: autoDraw = False
1198.8451 	EXP 	New trial (rep=0, index=772): <Trial 772 (772 in rep 0) data={'center': 4, 'surround': 15.0, 'type': 'c+4', 'surr_type': 'poss', 'surr_opacity': 100, 'thisN': 772, 'thisTrialN': 772, 'thisRepN': 0}>
1198.8565 	INFO 	Keyboard events cleared
1198.8561 	EXP 	surround_grating: autoDraw = False
1198.8561 	EXP 	center_grating: autoDraw = False
1198.8561 	EXP 	text_2: autoDraw = False
1198.8561 	EXP 	surround_grating: ori = 15.0
1198.8561 	EXP 	surround_grating: sf = array([2.5, 2.5])
1198.8561 	EXP 	surround_grating: phase = array([0.33835004, 0.33835004])
1198.8561 	EXP 	center_grating: ori = 4.0
1198.8561 	EXP 	center_grating: sf = array([2.5, 2.5])
1198.8561 	EXP 	center_grating: phase = array([0.51106791, 0.51106791])
1199.3416 	EXP 	surround_grating: autoDraw = True
1199.3416 	EXP 	center_grating: autoDraw = True
1199.4137 	EXP 	surround_grating: autoDraw = False
1199.4137 	EXP 	center_grating: autoDraw = False
1199.8447 	EXP 	New trial (rep=0, index=773): <Trial 773 (773 in rep 0) data={'center': -1, 'surround': 0.0, 'type': 'c-1', 'surr_type': 'noss', 'surr_opacity': 0, 'thisN': 773, 'thisTrialN': 773, 'thisRepN': 0}>
1199.8548 	INFO 	Keyboard events cleared
1199.8544 	EXP 	surround_grating: autoDraw = False
1199.8544 	EXP 	center_grating: autoDraw = False
1199.8544 	EXP 	text_2: autoDraw = False
1199.8544 	EXP 	surround_grating: ori = 0.0
1199.8544 	EXP 	surround_grating: sf = array([2.5, 2.5])
1199.8544 	EXP 	surround_grating: phase = array([0.63282481, 0.63282481])
1199.8544 	EXP 	center_grating: ori = -1.0
1199.8544 	EXP 	center_grating: sf = array([2.5, 2.5])
1199.8544 	EXP 	center_grating: phase = array([0.12560264, 0.12560264])
1200.3416 	EXP 	surround_grating: autoDraw = True
1200.3416 	EXP 	center_grating: autoDraw = True
1200.4138 	EXP 	surround_grating: autoDraw = False
1200.4138 	EXP 	center_grating: autoDraw = False
1200.6781 	EXP 	New trial (rep=0, index=774): <Trial 774 (774 in rep 0) data={'center': 8, 'surround': 15.0, 'type': 'c+8', 'surr_type': 'poss', 'surr_opacity': 100, 'thisN': 774, 'thisTrialN': 774, 'thisRepN': 0}>
1200.6878 	INFO 	Keyboard events cleared
1200.6874 	EXP 	surround_grating: autoDraw = False
1200.6874 	EXP 	center_grating: autoDraw = False
1200.6874 	EXP 	text_2: autoDraw = False
1200.6874 	EXP 	surround_grating: ori = 15.0
1200.6874 	EXP 	surround_grating: sf = array([2.5, 2.5])
1200.6874 	EXP 	surround_grating: phase = array([0.65239059, 0.65239059])
1200.6874 	EXP 	center_grating: ori = 8.0
1200.6874 	EXP 	center_grating: sf = array([2.5, 2.5])
1200.6874 	EXP 	center_grating: phase = array([0.40668472, 0.40668472])
1201.1749 	EXP 	surround_grating: autoDraw = True
1201.1749 	EXP 	center_grating: autoDraw = True
1201.2468 	EXP 	surround_grating: autoDraw = False
1201.2468 	EXP 	center_grating: autoDraw = False
1201.6331 	EXP 	New trial (rep=0, index=775): <Trial 775 (775 in rep 0) data={'center': -4, 'surround': 0.0, 'type': 'c-4', 'surr_type': 'noss', 'surr_opacity': 0, 'thisN': 775, 'thisTrialN': 775, 'thisRepN': 0}>
1201.6430 	INFO 	Keyboard events cleared
1201.6426 	EXP 	surround_grating: autoDraw = False
1201.6426 	EXP 	center_grating: autoDraw = False
1201.6426 	EXP 	text_2: autoDraw = False
1201.6426 	EXP 	surround_grating: ori = 0.0
1201.6426 	EXP 	surround_grating: sf = array([2.5, 2.5])
1201.6426 	EXP 	surround_grating: phase = array([0.25370789, 0.25370789])
1201.6426 	EXP 	center_grating: ori = -4.0
1201.6426 	EXP 	center_grating: sf = array([2.5, 2.5])
1201.6426 	EXP 	center_grating: phase = array([0.53061462, 0.53061462])
1202.1343 	EXP 	surround_grating: autoDraw = True
1202.1343 	EXP 	center_grating: autoDraw = True
1202.2090 	EXP 	surround_grating: autoDraw = False
1202.2090 	EXP 	center_grating: autoDraw = False
1202.8446 	EXP 	New trial (rep=0, index=776): <Trial 776 (776 in rep 0) data={'center': -2, 'surround': -15.0, 'type': 'c-2', 'surr_type': 'negs', 'surr_opacity': 100, 'thisN': 776, 'thisTrialN': 776, 'thisRepN': 0}>
1202.8551 	INFO 	Keyboard events cleared
1202.8547 	EXP 	surround_grating: autoDraw = False
1202.8547 	EXP 	center_grating: autoDraw = False
1202.8547 	EXP 	text_2: autoDraw = False
1202.8547 	EXP 	surround_grating: ori = -15.0
1202.8547 	EXP 	surround_grating: sf = array([2.5, 2.5])
1202.8547 	EXP 	surround_grating: phase = array([0.61260263, 0.61260263])
1202.8547 	EXP 	center_grating: ori = -2.0
1202.8547 	EXP 	center_grating: sf = array([2.5, 2.5])
1202.8547 	EXP 	center_grating: phase = array([0.89289115, 0.89289115])
1203.3418 	EXP 	surround_grating: autoDraw = True
1203.3418 	EXP 	center_grating: autoDraw = True
1203.4139 	EXP 	surround_grating: autoDraw = False
1203.4139 	EXP 	center_grating: autoDraw = False
1204.0784 	EXP 	New trial (rep=0, index=777): <Trial 777 (777 in rep 0) data={'center': 2, 'surround': -15.0, 'type': 'c+2', 'surr_type': 'negs', 'surr_opacity': 100, 'thisN': 777, 'thisTrialN': 777, 'thisRepN': 0}>
1204.0890 	INFO 	Keyboard events cleared
1204.0886 	EXP 	surround_grating: autoDraw = False
1204.0886 	EXP 	center_grating: autoDraw = False
1204.0886 	EXP 	text_2: autoDraw = False
1204.0886 	EXP 	surround_grating: ori = -15.0
1204.0886 	EXP 	surround_grating: sf = array([2.5, 2.5])
1204.0886 	EXP 	surround_grating: phase = array([0.30479705, 0.30479705])
1204.0886 	EXP 	center_grating: ori = 2.0
1204.0886 	EXP 	center_grating: sf = array([2.5, 2.5])
1204.0886 	EXP 	center_grating: phase = array([0.66786237, 0.66786237])
1204.5750 	EXP 	surround_grating: autoDraw = True
1204.5750 	EXP 	center_grating: autoDraw = True
1204.6472 	EXP 	surround_grating: autoDraw = False
1204.6472 	EXP 	center_grating: autoDraw = False
1205.1164 	EXP 	New trial (rep=0, index=778): <Trial 778 (778 in rep 0) data={'center': 2, 'surround': -15.0, 'type': 'c+2', 'surr_type': 'negs', 'surr_opacity': 100, 'thisN': 778, 'thisTrialN': 778, 'thisRepN': 0}>
1205.1425 	INFO 	Keyboard events cleared
1205.1420 	EXP 	surround_grating: autoDraw = False
1205.1420 	EXP 	center_grating: autoDraw = False
1205.1420 	EXP 	text_2: autoDraw = False
1205.1420 	EXP 	surround_grating: ori = -15.0
1205.1420 	EXP 	surround_grating: sf = array([2.5, 2.5])
1205.1420 	EXP 	surround_grating: phase = array([0.12363172, 0.12363172])
1205.1420 	EXP 	center_grating: ori = 2.0
1205.1420 	EXP 	center_grating: sf = array([2.5, 2.5])
1205.1420 	EXP 	center_grating: phase = array([0.95454689, 0.95454689])
1205.6179 	EXP 	surround_grating: autoDraw = True
1205.6179 	EXP 	center_grating: autoDraw = True
1205.6923 	EXP 	surround_grating: autoDraw = False
1205.6923 	EXP 	center_grating: autoDraw = False
1206.0344 	EXP 	New trial (rep=0, index=779): <Trial 779 (779 in rep 0) data={'center': 4, 'surround': 15.0, 'type': 'c+4', 'surr_type': 'poss', 'surr_opacity': 100, 'thisN': 779, 'thisTrialN': 779, 'thisRepN': 0}>
1206.0447 	INFO 	Keyboard events cleared
1206.0443 	EXP 	surround_grating: autoDraw = False
1206.0443 	EXP 	center_grating: autoDraw = False
1206.0443 	EXP 	text_2: autoDraw = False
1206.0443 	EXP 	surround_grating: ori = 15.0
1206.0443 	EXP 	surround_grating: sf = array([2.5, 2.5])
1206.0443 	EXP 	surround_grating: phase = array([0.51171627, 0.51171627])
1206.0443 	EXP 	center_grating: ori = 4.0
1206.0443 	EXP 	center_grating: sf = array([2.5, 2.5])
1206.0443 	EXP 	center_grating: phase = array([0.93647191, 0.93647191])
1206.5347 	EXP 	surround_grating: autoDraw = True
1206.5347 	EXP 	center_grating: autoDraw = True
1206.6090 	EXP 	surround_grating: autoDraw = False
1206.6090 	EXP 	center_grating: autoDraw = False
1206.9957 	EXP 	New trial (rep=0, index=780): <Trial 780 (780 in rep 0) data={'center': -6, 'surround': -15.0, 'type': 'c-6', 'surr_type': 'negs', 'surr_opacity': 100, 'thisN': 780, 'thisTrialN': 780, 'thisRepN': 0}>
1207.0060 	INFO 	Keyboard events cleared
1207.0055 	EXP 	surround_grating: autoDraw = False
1207.0055 	EXP 	center_grating: autoDraw = False
1207.0055 	EXP 	text_2: autoDraw = False
1207.0055 	EXP 	surround_grating: ori = -15.0
1207.0055 	EXP 	surround_grating: sf = array([2.5, 2.5])
1207.0055 	EXP 	surround_grating: phase = array([0.90530977, 0.90530977])
1207.0055 	EXP 	center_grating: ori = -6.0
1207.0055 	EXP 	center_grating: sf = array([2.5, 2.5])
1207.0055 	EXP 	center_grating: phase = array([0.60174475, 0.60174475])
1207.4919 	EXP 	surround_grating: autoDraw = True
1207.4919 	EXP 	center_grating: autoDraw = True
1207.5636 	EXP 	surround_grating: autoDraw = False
1207.5636 	EXP 	center_grating: autoDraw = False
1208.0124 	EXP 	New trial (rep=0, index=781): <Trial 781 (781 in rep 0) data={'center': 8, 'surround': 15.0, 'type': 'c+8', 'surr_type': 'poss', 'surr_opacity': 100, 'thisN': 781, 'thisTrialN': 781, 'thisRepN': 0}>
1208.0233 	INFO 	Keyboard events cleared
1208.0229 	EXP 	surround_grating: autoDraw = False
1208.0229 	EXP 	center_grating: autoDraw = False
1208.0229 	EXP 	text_2: autoDraw = False
1208.0229 	EXP 	surround_grating: ori = 15.0
1208.0229 	EXP 	surround_grating: sf = array([2.5, 2.5])
1208.0229 	EXP 	surround_grating: phase = array([0.8659421, 0.8659421])
1208.0229 	EXP 	center_grating: ori = 8.0
1208.0229 	EXP 	center_grating: sf = array([2.5, 2.5])
1208.0229 	EXP 	center_grating: phase = array([0.74515559, 0.74515559])
1208.5079 	EXP 	surround_grating: autoDraw = True
1208.5079 	EXP 	center_grating: autoDraw = True
1208.5803 	EXP 	surround_grating: autoDraw = False
1208.5803 	EXP 	center_grating: autoDraw = False
1208.9290 	EXP 	New trial (rep=0, index=782): <Trial 782 (782 in rep 0) data={'center': -6, 'surround': -15.0, 'type': 'c-6', 'surr_type': 'negs', 'surr_opacity': 100, 'thisN': 782, 'thisTrialN': 782, 'thisRepN': 0}>
1208.9390 	INFO 	Keyboard events cleared
1208.9384 	EXP 	surround_grating: autoDraw = False
1208.9384 	EXP 	center_grating: autoDraw = False
1208.9384 	EXP 	text_2: autoDraw = False
1208.9384 	EXP 	surround_grating: ori = -15.0
1208.9384 	EXP 	surround_grating: sf = array([2.5, 2.5])
1208.9384 	EXP 	surround_grating: phase = array([0.1211055, 0.1211055])
1208.9384 	EXP 	center_grating: ori = -6.0
1208.9384 	EXP 	center_grating: sf = array([2.5, 2.5])
1208.9384 	EXP 	center_grating: phase = array([0.16442174, 0.16442174])
1209.4252 	EXP 	surround_grating: autoDraw = True
1209.4252 	EXP 	center_grating: autoDraw = True
1209.4980 	EXP 	surround_grating: autoDraw = False
1209.4980 	EXP 	center_grating: autoDraw = False
1210.0280 	EXP 	New trial (rep=0, index=783): <Trial 783 (783 in rep 0) data={'center': 0, 'surround': -15.0, 'type': 'c+0', 'surr_type': 'negs', 'surr_opacity': 100, 'thisN': 783, 'thisTrialN': 783, 'thisRepN': 0}>
1210.0379 	INFO 	Keyboard events cleared
1210.0375 	EXP 	surround_grating: autoDraw = False
1210.0375 	EXP 	center_grating: autoDraw = False
1210.0375 	EXP 	text_2: autoDraw = False
1210.0375 	EXP 	surround_grating: ori = -15.0
1210.0375 	EXP 	surround_grating: sf = array([2.5, 2.5])
1210.0375 	EXP 	surround_grating: phase = array([0.95179313, 0.95179313])
1210.0375 	EXP 	center_grating: ori = 0.0
1210.0375 	EXP 	center_grating: sf = array([2.5, 2.5])
1210.0375 	EXP 	center_grating: phase = array([0.44434682, 0.44434682])
1210.5253 	EXP 	surround_grating: autoDraw = True
1210.5253 	EXP 	center_grating: autoDraw = True
1210.5973 	EXP 	surround_grating: autoDraw = False
1210.5973 	EXP 	center_grating: autoDraw = False
1211.0784 	EXP 	New trial (rep=0, index=784): <Trial 784 (784 in rep 0) data={'center': 0, 'surround': -15.0, 'type': 'c+0', 'surr_type': 'negs', 'surr_opacity': 100, 'thisN': 784, 'thisTrialN': 784, 'thisRepN': 0}>
1211.0887 	INFO 	Keyboard events cleared
1211.0881 	EXP 	surround_grating: autoDraw = False
1211.0881 	EXP 	center_grating: autoDraw = False
1211.0881 	EXP 	text_2: autoDraw = False
1211.0881 	EXP 	surround_grating: ori = -15.0
1211.0881 	EXP 	surround_grating: sf = array([2.5, 2.5])
1211.0881 	EXP 	surround_grating: phase = array([0.13094993, 0.13094993])
1211.0881 	EXP 	center_grating: ori = 0.0
1211.0881 	EXP 	center_grating: sf = array([2.5, 2.5])
1211.0881 	EXP 	center_grating: phase = array([0.24414164, 0.24414164])
1211.5754 	EXP 	surround_grating: autoDraw = True
1211.5754 	EXP 	center_grating: autoDraw = True
1211.6477 	EXP 	surround_grating: autoDraw = False
1211.6477 	EXP 	center_grating: autoDraw = False
1212.1370 	EXP 	New trial (rep=0, index=785): <Trial 785 (785 in rep 0) data={'center': 4, 'surround': 15.0, 'type': 'c+4', 'surr_type': 'poss', 'surr_opacity': 100, 'thisN': 785, 'thisTrialN': 785, 'thisRepN': 0}>
1212.1449 	INFO 	Keyboard events cleared
1212.1445 	EXP 	surround_grating: autoDraw = False
1212.1445 	EXP 	center_grating: autoDraw = False
1212.1445 	EXP 	text_2: autoDraw = False
1212.1445 	EXP 	surround_grating: ori = 15.0
1212.1445 	EXP 	surround_grating: sf = array([2.5, 2.5])
1212.1445 	EXP 	surround_grating: phase = array([0.77418612, 0.77418612])
1212.1445 	EXP 	center_grating: ori = 4.0
1212.1445 	EXP 	center_grating: sf = array([2.5, 2.5])
1212.1445 	EXP 	center_grating: phase = array([0.68115021, 0.68115021])
1212.6342 	EXP 	surround_grating: autoDraw = True
1212.6342 	EXP 	center_grating: autoDraw = True
1212.7093 	EXP 	surround_grating: autoDraw = False
1212.7093 	EXP 	center_grating: autoDraw = False
1213.0618 	EXP 	New trial (rep=0, index=786): <Trial 786 (786 in rep 0) data={'center': 2, 'surround': -15.0, 'type': 'c+2', 'surr_type': 'negs', 'surr_opacity': 100, 'thisN': 786, 'thisTrialN': 786, 'thisRepN': 0}>
1213.0728 	INFO 	Keyboard events cleared
1213.0723 	EXP 	surround_grating: autoDraw = False
1213.0723 	EXP 	center_grating: autoDraw = False
1213.0723 	EXP 	text_2: autoDraw = False
1213.0723 	EXP 	surround_grating: ori = -15.0
1213.0723 	EXP 	surround_grating: sf = array([2.5, 2.5])
1213.0723 	EXP 	surround_grating: phase = array([0.02997476, 0.02997476])
1213.0723 	EXP 	center_grating: ori = 2.0
1213.0723 	EXP 	center_grating: sf = array([2.5, 2.5])
1213.0723 	EXP 	center_grating: phase = array([0.75777937, 0.75777937])
1213.5587 	EXP 	surround_grating: autoDraw = True
1213.5587 	EXP 	center_grating: autoDraw = True
1213.6310 	EXP 	surround_grating: autoDraw = False
1213.6310 	EXP 	center_grating: autoDraw = False
1213.9848 	EXP 	New trial (rep=0, index=787): <Trial 787 (787 in rep 0) data={'center': -6, 'surround': -15.0, 'type': 'c-6', 'surr_type': 'negs', 'surr_opacity': 100, 'thisN': 787, 'thisTrialN': 787, 'thisRepN': 0}>
1213.9953 	INFO 	Keyboard events cleared
1213.9949 	EXP 	surround_grating: autoDraw = False
1213.9949 	EXP 	center_grating: autoDraw = False
1213.9949 	EXP 	text_2: autoDraw = False
1213.9949 	EXP 	surround_grating: ori = -15.0
1213.9949 	EXP 	surround_grating: sf = array([2.5, 2.5])
1213.9949 	EXP 	surround_grating: phase = array([0.48293411, 0.48293411])
1213.9949 	EXP 	center_grating: ori = -6.0
1213.9949 	EXP 	center_grating: sf = array([2.5, 2.5])
1213.9949 	EXP 	center_grating: phase = array([0.44872016, 0.44872016])
1214.4844 	EXP 	surround_grating: autoDraw = True
1214.4844 	EXP 	center_grating: autoDraw = True
1214.5593 	EXP 	surround_grating: autoDraw = False
1214.5593 	EXP 	center_grating: autoDraw = False
1214.8343 	EXP 	New trial (rep=0, index=788): <Trial 788 (788 in rep 0) data={'center': -2, 'surround': -15.0, 'type': 'c-2', 'surr_type': 'negs', 'surr_opacity': 100, 'thisN': 788, 'thisTrialN': 788, 'thisRepN': 0}>
1214.8445 	INFO 	Keyboard events cleared
1214.8439 	EXP 	surround_grating: autoDraw = False
1214.8439 	EXP 	center_grating: autoDraw = False
1214.8439 	EXP 	text_2: autoDraw = False
1214.8439 	EXP 	surround_grating: ori = -15.0
1214.8439 	EXP 	surround_grating: sf = array([2.5, 2.5])
1214.8439 	EXP 	surround_grating: phase = array([0.44903789, 0.44903789])
1214.8439 	EXP 	center_grating: ori = -2.0
1214.8439 	EXP 	center_grating: sf = array([2.5, 2.5])
1214.8439 	EXP 	center_grating: phase = array([0.32353544, 0.32353544])
1215.3341 	EXP 	surround_grating: autoDraw = True
1215.3341 	EXP 	center_grating: autoDraw = True
1215.4093 	EXP 	surround_grating: autoDraw = False
1215.4093 	EXP 	center_grating: autoDraw = False
1215.9337 	EXP 	New trial (rep=0, index=789): <Trial 789 (789 in rep 0) data={'center': -4, 'surround': -15.0, 'type': 'c-4', 'surr_type': 'negs', 'surr_opacity': 100, 'thisN': 789, 'thisTrialN': 789, 'thisRepN': 0}>
1215.9595 	INFO 	Keyboard events cleared
1215.9590 	EXP 	surround_grating: autoDraw = False
1215.9590 	EXP 	center_grating: autoDraw = False
1215.9590 	EXP 	text_2: autoDraw = False
1215.9590 	EXP 	surround_grating: ori = -15.0
1215.9590 	EXP 	surround_grating: sf = array([2.5, 2.5])
1215.9590 	EXP 	surround_grating: phase = array([0.00953639, 0.00953639])
1215.9590 	EXP 	center_grating: ori = -4.0
1215.9590 	EXP 	center_grating: sf = array([2.5, 2.5])
1215.9590 	EXP 	center_grating: phase = array([0.82809377, 0.82809377])
1216.4350 	EXP 	surround_grating: autoDraw = True
1216.4350 	EXP 	center_grating: autoDraw = True
1216.5094 	EXP 	surround_grating: autoDraw = False
1216.5094 	EXP 	center_grating: autoDraw = False
1216.9836 	EXP 	New trial (rep=0, index=790): <Trial 790 (790 in rep 0) data={'center': -8, 'surround': -15.0, 'type': 'c-8', 'surr_type': 'negs', 'surr_opacity': 100, 'thisN': 790, 'thisTrialN': 790, 'thisRepN': 0}>
1216.9936 	INFO 	Keyboard events cleared
1216.9931 	EXP 	surround_grating: autoDraw = False
1216.9931 	EXP 	center_grating: autoDraw = False
1216.9931 	EXP 	text_2: autoDraw = False
1216.9931 	EXP 	surround_grating: ori = -15.0
1216.9931 	EXP 	surround_grating: sf = array([2.5, 2.5])
1216.9931 	EXP 	surround_grating: phase = array([0.93008831, 0.93008831])
1216.9931 	EXP 	center_grating: ori = -8.0
1216.9931 	EXP 	center_grating: sf = array([2.5, 2.5])
1216.9931 	EXP 	center_grating: phase = array([0.5592409, 0.5592409])
1217.4847 	EXP 	surround_grating: autoDraw = True
1217.4847 	EXP 	center_grating: autoDraw = True
1217.5594 	EXP 	surround_grating: autoDraw = False
1217.5594 	EXP 	center_grating: autoDraw = False
1218.0631 	EXP 	New trial (rep=0, index=791): <Trial 791 (791 in rep 0) data={'center': 4, 'surround': 0.0, 'type': 'c+4', 'surr_type': 'noss', 'surr_opacity': 0, 'thisN': 791, 'thisTrialN': 791, 'thisRepN': 0}>
1218.0734 	INFO 	Keyboard events cleared
1218.0731 	EXP 	surround_grating: autoDraw = False
1218.0731 	EXP 	center_grating: autoDraw = False
1218.0731 	EXP 	text_2: autoDraw = False
1218.0731 	EXP 	surround_grating: ori = 0.0
1218.0731 	EXP 	surround_grating: sf = array([2.5, 2.5])
1218.0731 	EXP 	surround_grating: phase = array([0.3564687, 0.3564687])
1218.0731 	EXP 	center_grating: ori = 4.0
1218.0731 	EXP 	center_grating: sf = array([2.5, 2.5])
1218.0731 	EXP 	center_grating: phase = array([0.29073183, 0.29073183])
1218.5579 	EXP 	surround_grating: autoDraw = True
1218.5579 	EXP 	center_grating: autoDraw = True
1218.6326 	EXP 	surround_grating: autoDraw = False
1218.6326 	EXP 	center_grating: autoDraw = False
1219.1132 	EXP 	New trial (rep=0, index=792): <Trial 792 (792 in rep 0) data={'center': -1, 'surround': 0.0, 'type': 'c-1', 'surr_type': 'noss', 'surr_opacity': 0, 'thisN': 792, 'thisTrialN': 792, 'thisRepN': 0}>
1219.1234 	INFO 	Keyboard events cleared
1219.1230 	EXP 	surround_grating: autoDraw = False
1219.1230 	EXP 	center_grating: autoDraw = False
1219.1230 	EXP 	text_2: autoDraw = False
1219.1230 	EXP 	surround_grating: ori = 0.0
1219.1230 	EXP 	surround_grating: sf = array([2.5, 2.5])
1219.1230 	EXP 	surround_grating: phase = array([0.06981375, 0.06981375])
1219.1230 	EXP 	center_grating: ori = -1.0
1219.1230 	EXP 	center_grating: sf = array([2.5, 2.5])
1219.1230 	EXP 	center_grating: phase = array([0.54812837, 0.54812837])
1219.6089 	EXP 	surround_grating: autoDraw = True
1219.6089 	EXP 	center_grating: autoDraw = True
1219.6813 	EXP 	surround_grating: autoDraw = False
1219.6813 	EXP 	center_grating: autoDraw = False
1220.4520 	EXP 	New trial (rep=0, index=793): <Trial 793 (793 in rep 0) data={'center': -4, 'surround': 0.0, 'type': 'c-4', 'surr_type': 'noss', 'surr_opacity': 0, 'thisN': 793, 'thisTrialN': 793, 'thisRepN': 0}>
1220.4623 	INFO 	Keyboard events cleared
1220.4618 	EXP 	surround_grating: autoDraw = False
1220.4618 	EXP 	center_grating: autoDraw = False
1220.4618 	EXP 	text_2: autoDraw = False
1220.4618 	EXP 	surround_grating: ori = 0.0
1220.4618 	EXP 	surround_grating: sf = array([2.5, 2.5])
1220.4618 	EXP 	surround_grating: phase = array([0.38996713, 0.38996713])
1220.4618 	EXP 	center_grating: ori = -4.0
1220.4618 	EXP 	center_grating: sf = array([2.5, 2.5])
1220.4618 	EXP 	center_grating: phase = array([0.5872173, 0.5872173])
1220.9515 	EXP 	surround_grating: autoDraw = True
1220.9515 	EXP 	center_grating: autoDraw = True
1221.0262 	EXP 	surround_grating: autoDraw = False
1221.0262 	EXP 	center_grating: autoDraw = False
1221.6507 	EXP 	New trial (rep=0, index=794): <Trial 794 (794 in rep 0) data={'center': 0, 'surround': 15.0, 'type': 'c+0', 'surr_type': 'poss', 'surr_opacity': 100, 'thisN': 794, 'thisTrialN': 794, 'thisRepN': 0}>
1221.6764 	INFO 	Keyboard events cleared
1221.6759 	EXP 	surround_grating: autoDraw = False
1221.6759 	EXP 	center_grating: autoDraw = False
1221.6759 	EXP 	text_2: autoDraw = False
1221.6759 	EXP 	surround_grating: ori = 15.0
1221.6759 	EXP 	surround_grating: sf = array([2.5, 2.5])
1221.6759 	EXP 	surround_grating: phase = array([0.11886621, 0.11886621])
1221.6759 	EXP 	center_grating: ori = 0.0
1221.6759 	EXP 	center_grating: sf = array([2.5, 2.5])
1221.6759 	EXP 	center_grating: phase = array([0.64394382, 0.64394382])
1222.1516 	EXP 	surround_grating: autoDraw = True
1222.1516 	EXP 	center_grating: autoDraw = True
1222.2262 	EXP 	surround_grating: autoDraw = False
1222.2262 	EXP 	center_grating: autoDraw = False
1222.7292 	EXP 	New trial (rep=0, index=795): <Trial 795 (795 in rep 0) data={'center': -2, 'surround': 0.0, 'type': 'c-2', 'surr_type': 'noss', 'surr_opacity': 0, 'thisN': 795, 'thisTrialN': 795, 'thisRepN': 0}>
1222.7404 	INFO 	Keyboard events cleared
1222.7400 	EXP 	surround_grating: autoDraw = False
1222.7400 	EXP 	center_grating: autoDraw = False
1222.7400 	EXP 	text_2: autoDraw = False
1222.7400 	EXP 	surround_grating: ori = 0.0
1222.7400 	EXP 	surround_grating: sf = array([2.5, 2.5])
1222.7400 	EXP 	surround_grating: phase = array([0.89019137, 0.89019137])
1222.7400 	EXP 	center_grating: ori = -2.0
1222.7400 	EXP 	center_grating: sf = array([2.5, 2.5])
1222.7400 	EXP 	center_grating: phase = array([0.17446151, 0.17446151])
1223.2259 	EXP 	surround_grating: autoDraw = True
1223.2259 	EXP 	center_grating: autoDraw = True
1223.2978 	EXP 	surround_grating: autoDraw = False
1223.2978 	EXP 	center_grating: autoDraw = False
1223.7287 	EXP 	New trial (rep=0, index=796): <Trial 796 (796 in rep 0) data={'center': 2, 'surround': 15.0, 'type': 'c+2', 'surr_type': 'poss', 'surr_opacity': 100, 'thisN': 796, 'thisTrialN': 796, 'thisRepN': 0}>
1223.7387 	INFO 	Keyboard events cleared
1223.7382 	EXP 	surround_grating: autoDraw = False
1223.7382 	EXP 	center_grating: autoDraw = False
1223.7382 	EXP 	text_2: autoDraw = False
1223.7382 	EXP 	surround_grating: ori = 15.0
1223.7382 	EXP 	surround_grating: sf = array([2.5, 2.5])
1223.7382 	EXP 	surround_grating: phase = array([0.76638488, 0.76638488])
1223.7382 	EXP 	center_grating: ori = 2.0
1223.7382 	EXP 	center_grating: sf = array([2.5, 2.5])
1223.7382 	EXP 	center_grating: phase = array([0.51868823, 0.51868823])
1224.2259 	EXP 	surround_grating: autoDraw = True
1224.2259 	EXP 	center_grating: autoDraw = True
1224.2979 	EXP 	surround_grating: autoDraw = False
1224.2979 	EXP 	center_grating: autoDraw = False
1224.8623 	EXP 	New trial (rep=0, index=797): <Trial 797 (797 in rep 0) data={'center': -8, 'surround': -15.0, 'type': 'c-8', 'surr_type': 'negs', 'surr_opacity': 100, 'thisN': 797, 'thisTrialN': 797, 'thisRepN': 0}>
1224.8737 	INFO 	Keyboard events cleared
1224.8733 	EXP 	surround_grating: autoDraw = False
1224.8733 	EXP 	center_grating: autoDraw = False
1224.8733 	EXP 	text_2: autoDraw = False
1224.8733 	EXP 	surround_grating: ori = -15.0
1224.8733 	EXP 	surround_grating: sf = array([2.5, 2.5])
1224.8733 	EXP 	surround_grating: phase = array([0.49295508, 0.49295508])
1224.8733 	EXP 	center_grating: ori = -8.0
1224.8733 	EXP 	center_grating: sf = array([2.5, 2.5])
1224.8733 	EXP 	center_grating: phase = array([0.8180621, 0.8180621])
1225.3592 	EXP 	surround_grating: autoDraw = True
1225.3592 	EXP 	center_grating: autoDraw = True
1225.4313 	EXP 	surround_grating: autoDraw = False
1225.4313 	EXP 	center_grating: autoDraw = False
1225.8804 	EXP 	New trial (rep=0, index=798): <Trial 798 (798 in rep 0) data={'center': 2, 'surround': 0.0, 'type': 'c+2', 'surr_type': 'noss', 'surr_opacity': 0, 'thisN': 798, 'thisTrialN': 798, 'thisRepN': 0}>
1225.8909 	INFO 	Keyboard events cleared
1225.8906 	EXP 	surround_grating: autoDraw = False
1225.8906 	EXP 	center_grating: autoDraw = False
1225.8906 	EXP 	text_2: autoDraw = False
1225.8906 	EXP 	surround_grating: ori = 0.0
1225.8906 	EXP 	surround_grating: sf = array([2.5, 2.5])
1225.8906 	EXP 	surround_grating: phase = array([0.79720064, 0.79720064])
1225.8906 	EXP 	center_grating: ori = 2.0
1225.8906 	EXP 	center_grating: sf = array([2.5, 2.5])
1225.8906 	EXP 	center_grating: phase = array([0.13345263, 0.13345263])
1226.3759 	EXP 	surround_grating: autoDraw = True
1226.3759 	EXP 	center_grating: autoDraw = True
1226.4481 	EXP 	surround_grating: autoDraw = False
1226.4481 	EXP 	center_grating: autoDraw = False
1226.7456 	EXP 	New trial (rep=0, index=799): <Trial 799 (799 in rep 0) data={'center': 0, 'surround': 15.0, 'type': 'c+0', 'surr_type': 'poss', 'surr_opacity': 100, 'thisN': 799, 'thisTrialN': 799, 'thisRepN': 0}>
1226.7559 	INFO 	Keyboard events cleared
1226.7555 	EXP 	surround_grating: autoDraw = False
1226.7555 	EXP 	center_grating: autoDraw = False
1226.7555 	EXP 	text_2: autoDraw = False
1226.7555 	EXP 	surround_grating: ori = 15.0
1226.7555 	EXP 	surround_grating: sf = array([2.5, 2.5])
1226.7555 	EXP 	surround_grating: phase = array([0.49006642, 0.49006642])
1226.7555 	EXP 	center_grating: ori = 0.0
1226.7555 	EXP 	center_grating: sf = array([2.5, 2.5])
1226.7555 	EXP 	center_grating: phase = array([0.27086116, 0.27086116])
1227.2426 	EXP 	surround_grating: autoDraw = True
1227.2426 	EXP 	center_grating: autoDraw = True
1227.3146 	EXP 	surround_grating: autoDraw = False
1227.3146 	EXP 	center_grating: autoDraw = False
1227.8954 	EXP 	New trial (rep=0, index=800): <Trial 800 (800 in rep 0) data={'center': 0, 'surround': -15.0, 'type': 'c+0', 'surr_type': 'negs', 'surr_opacity': 100, 'thisN': 800, 'thisTrialN': 800, 'thisRepN': 0}>
1227.9055 	INFO 	Keyboard events cleared
1227.9051 	EXP 	surround_grating: autoDraw = False
1227.9051 	EXP 	center_grating: autoDraw = False
1227.9051 	EXP 	text_2: autoDraw = False
1227.9051 	EXP 	surround_grating: ori = -15.0
1227.9051 	EXP 	surround_grating: sf = array([2.5, 2.5])
1227.9051 	EXP 	surround_grating: phase = array([0.31841344, 0.31841344])
1227.9051 	EXP 	center_grating: ori = 0.0
1227.9051 	EXP 	center_grating: sf = array([2.5, 2.5])
1227.9051 	EXP 	center_grating: phase = array([0.4770805, 0.4770805])
1228.3927 	EXP 	surround_grating: autoDraw = True
1228.3927 	EXP 	center_grating: autoDraw = True
1228.4649 	EXP 	surround_grating: autoDraw = False
1228.4649 	EXP 	center_grating: autoDraw = False
1228.8351 	EXP 	New trial (rep=0, index=801): <Trial 801 (801 in rep 0) data={'center': 2, 'surround': 15.0, 'type': 'c+2', 'surr_type': 'poss', 'surr_opacity': 100, 'thisN': 801, 'thisTrialN': 801, 'thisRepN': 0}>
1228.8453 	INFO 	Keyboard events cleared
1228.8448 	EXP 	surround_grating: autoDraw = False
1228.8448 	EXP 	center_grating: autoDraw = False
1228.8448 	EXP 	text_2: autoDraw = False
1228.8448 	EXP 	surround_grating: ori = 15.0
1228.8448 	EXP 	surround_grating: sf = array([2.5, 2.5])
1228.8448 	EXP 	surround_grating: phase = array([0.09159306, 0.09159306])
1228.8448 	EXP 	center_grating: ori = 2.0
1228.8448 	EXP 	center_grating: sf = array([2.5, 2.5])
1228.8448 	EXP 	center_grating: phase = array([0.04803783, 0.04803783])
1229.3346 	EXP 	surround_grating: autoDraw = True
1229.3346 	EXP 	center_grating: autoDraw = True
1229.4098 	EXP 	surround_grating: autoDraw = False
1229.4098 	EXP 	center_grating: autoDraw = False
1229.8129 	EXP 	New trial (rep=0, index=802): <Trial 802 (802 in rep 0) data={'center': -6, 'surround': -15.0, 'type': 'c-6', 'surr_type': 'negs', 'surr_opacity': 100, 'thisN': 802, 'thisTrialN': 802, 'thisRepN': 0}>
1229.8232 	INFO 	Keyboard events cleared
1229.8228 	EXP 	surround_grating: autoDraw = False
1229.8228 	EXP 	center_grating: autoDraw = False
1229.8228 	EXP 	text_2: autoDraw = False
1229.8228 	EXP 	surround_grating: ori = -15.0
1229.8228 	EXP 	surround_grating: sf = array([2.5, 2.5])
1229.8228 	EXP 	surround_grating: phase = array([0.31808517, 0.31808517])
1229.8228 	EXP 	center_grating: ori = -6.0
1229.8228 	EXP 	center_grating: sf = array([2.5, 2.5])
1229.8228 	EXP 	center_grating: phase = array([0.68352027, 0.68352027])
1230.3094 	EXP 	surround_grating: autoDraw = True
1230.3094 	EXP 	center_grating: autoDraw = True
1230.3813 	EXP 	surround_grating: autoDraw = False
1230.3813 	EXP 	center_grating: autoDraw = False
1231.0630 	EXP 	New trial (rep=0, index=803): <Trial 803 (803 in rep 0) data={'center': -2, 'surround': -15.0, 'type': 'c-2', 'surr_type': 'negs', 'surr_opacity': 100, 'thisN': 803, 'thisTrialN': 803, 'thisRepN': 0}>
1231.0732 	INFO 	Keyboard events cleared
1231.0728 	EXP 	surround_grating: autoDraw = False
1231.0728 	EXP 	center_grating: autoDraw = False
1231.0728 	EXP 	text_2: autoDraw = False
1231.0728 	EXP 	surround_grating: ori = -15.0
1231.0728 	EXP 	surround_grating: sf = array([2.5, 2.5])
1231.0728 	EXP 	surround_grating: phase = array([0.66699638, 0.66699638])
1231.0728 	EXP 	center_grating: ori = -2.0
1231.0728 	EXP 	center_grating: sf = array([2.5, 2.5])
1231.0728 	EXP 	center_grating: phase = array([0.42538698, 0.42538698])
1231.5595 	EXP 	surround_grating: autoDraw = True
1231.5595 	EXP 	center_grating: autoDraw = True
1231.6315 	EXP 	surround_grating: autoDraw = False
1231.6315 	EXP 	center_grating: autoDraw = False
1232.1804 	EXP 	New trial (rep=0, index=804): <Trial 804 (804 in rep 0) data={'center': -2, 'surround': -15.0, 'type': 'c-2', 'surr_type': 'negs', 'surr_opacity': 100, 'thisN': 804, 'thisTrialN': 804, 'thisRepN': 0}>
1232.1910 	INFO 	Keyboard events cleared
1232.1906 	EXP 	surround_grating: autoDraw = False
1232.1906 	EXP 	center_grating: autoDraw = False
1232.1906 	EXP 	text_2: autoDraw = False
1232.1906 	EXP 	surround_grating: ori = -15.0
1232.1906 	EXP 	surround_grating: sf = array([2.5, 2.5])
1232.1906 	EXP 	surround_grating: phase = array([0.78702146, 0.78702146])
1232.1906 	EXP 	center_grating: ori = -2.0
1232.1906 	EXP 	center_grating: sf = array([2.5, 2.5])
1232.1906 	EXP 	center_grating: phase = array([0.05878624, 0.05878624])
1232.6760 	EXP 	surround_grating: autoDraw = True
1232.6760 	EXP 	center_grating: autoDraw = True
1232.7492 	EXP 	surround_grating: autoDraw = False
1232.7492 	EXP 	center_grating: autoDraw = False
1233.3853 	EXP 	New trial (rep=0, index=805): <Trial 805 (805 in rep 0) data={'center': -8, 'surround': -15.0, 'type': 'c-8', 'surr_type': 'negs', 'surr_opacity': 100, 'thisN': 805, 'thisTrialN': 805, 'thisRepN': 0}>
1233.3959 	INFO 	Keyboard events cleared
1233.3954 	EXP 	surround_grating: autoDraw = False
1233.3954 	EXP 	center_grating: autoDraw = False
1233.3954 	EXP 	text_2: autoDraw = False
1233.3954 	EXP 	surround_grating: ori = -15.0
1233.3954 	EXP 	surround_grating: sf = array([2.5, 2.5])
1233.3954 	EXP 	surround_grating: phase = array([0.07461472, 0.07461472])
1233.3954 	EXP 	center_grating: ori = -8.0
1233.3954 	EXP 	center_grating: sf = array([2.5, 2.5])
1233.3954 	EXP 	center_grating: phase = array([0.8898683, 0.8898683])
1233.8847 	EXP 	surround_grating: autoDraw = True
1233.8847 	EXP 	center_grating: autoDraw = True
1233.9600 	EXP 	surround_grating: autoDraw = False
1233.9600 	EXP 	center_grating: autoDraw = False
1234.6689 	EXP 	New trial (rep=0, index=806): <Trial 806 (806 in rep 0) data={'center': -2, 'surround': 15.0, 'type': 'c-2', 'surr_type': 'poss', 'surr_opacity': 100, 'thisN': 806, 'thisTrialN': 806, 'thisRepN': 0}>
1234.6792 	INFO 	Keyboard events cleared
1234.6787 	EXP 	surround_grating: autoDraw = False
1234.6787 	EXP 	center_grating: autoDraw = False
1234.6787 	EXP 	text_2: autoDraw = False
1234.6787 	EXP 	surround_grating: ori = 15.0
1234.6787 	EXP 	surround_grating: sf = array([2.5, 2.5])
1234.6787 	EXP 	surround_grating: phase = array([0.13811593, 0.13811593])
1234.6787 	EXP 	center_grating: ori = -2.0
1234.6787 	EXP 	center_grating: sf = array([2.5, 2.5])
1234.6787 	EXP 	center_grating: phase = array([0.24254964, 0.24254964])
1235.1692 	EXP 	surround_grating: autoDraw = True
1235.1692 	EXP 	center_grating: autoDraw = True
1235.2434 	EXP 	surround_grating: autoDraw = False
1235.2434 	EXP 	center_grating: autoDraw = False
1236.2642 	EXP 	New trial (rep=0, index=807): <Trial 807 (807 in rep 0) data={'center': -6, 'surround': -15.0, 'type': 'c-6', 'surr_type': 'negs', 'surr_opacity': 100, 'thisN': 807, 'thisTrialN': 807, 'thisRepN': 0}>
1236.2754 	INFO 	Keyboard events cleared
1236.2749 	EXP 	surround_grating: autoDraw = False
1236.2749 	EXP 	center_grating: autoDraw = False
1236.2749 	EXP 	text_2: autoDraw = False
1236.2749 	EXP 	surround_grating: ori = -15.0
1236.2749 	EXP 	surround_grating: sf = array([2.5, 2.5])
1236.2749 	EXP 	surround_grating: phase = array([0.55011448, 0.55011448])
1236.2749 	EXP 	center_grating: ori = -6.0
1236.2749 	EXP 	center_grating: sf = array([2.5, 2.5])
1236.2749 	EXP 	center_grating: phase = array([0.18503009, 0.18503009])
1236.7598 	EXP 	surround_grating: autoDraw = True
1236.7598 	EXP 	center_grating: autoDraw = True
1236.8319 	EXP 	surround_grating: autoDraw = False
1236.8319 	EXP 	center_grating: autoDraw = False
1237.6862 	EXP 	New trial (rep=0, index=808): <Trial 808 (808 in rep 0) data={'center': 0, 'surround': -15.0, 'type': 'c+0', 'surr_type': 'negs', 'surr_opacity': 100, 'thisN': 808, 'thisTrialN': 808, 'thisRepN': 0}>
1237.6962 	INFO 	Keyboard events cleared
1237.6958 	EXP 	surround_grating: autoDraw = False
1237.6958 	EXP 	center_grating: autoDraw = False
1237.6958 	EXP 	text_2: autoDraw = False
1237.6958 	EXP 	surround_grating: ori = -15.0
1237.6958 	EXP 	surround_grating: sf = array([2.5, 2.5])
1237.6958 	EXP 	surround_grating: phase = array([0.38351875, 0.38351875])
1237.6958 	EXP 	center_grating: ori = 0.0
1237.6958 	EXP 	center_grating: sf = array([2.5, 2.5])
1237.6958 	EXP 	center_grating: phase = array([0.0868948, 0.0868948])
1238.1854 	EXP 	surround_grating: autoDraw = True
1238.1854 	EXP 	center_grating: autoDraw = True
1238.2603 	EXP 	surround_grating: autoDraw = False
1238.2603 	EXP 	center_grating: autoDraw = False
1238.8461 	EXP 	New trial (rep=0, index=809): <Trial 809 (809 in rep 0) data={'center': 1, 'surround': 0.0, 'type': 'c+1', 'surr_type': 'noss', 'surr_opacity': 0, 'thisN': 809, 'thisTrialN': 809, 'thisRepN': 0}>
1238.8566 	INFO 	Keyboard events cleared
1238.8560 	EXP 	surround_grating: autoDraw = False
1238.8560 	EXP 	center_grating: autoDraw = False
1238.8560 	EXP 	text_2: autoDraw = False
1238.8560 	EXP 	surround_grating: ori = 0.0
1238.8560 	EXP 	surround_grating: sf = array([2.5, 2.5])
1238.8560 	EXP 	surround_grating: phase = array([0.41330894, 0.41330894])
1238.8560 	EXP 	center_grating: ori = 1.0
1238.8560 	EXP 	center_grating: sf = array([2.5, 2.5])
1238.8560 	EXP 	center_grating: phase = array([0.17463097, 0.17463097])
1239.3430 	EXP 	surround_grating: autoDraw = True
1239.3430 	EXP 	center_grating: autoDraw = True
1239.4152 	EXP 	surround_grating: autoDraw = False
1239.4152 	EXP 	center_grating: autoDraw = False
1240.1634 	EXP 	New trial (rep=0, index=810): <Trial 810 (810 in rep 0) data={'center': 4, 'surround': 0.0, 'type': 'c+4', 'surr_type': 'noss', 'surr_opacity': 0, 'thisN': 810, 'thisTrialN': 810, 'thisRepN': 0}>
1240.1742 	INFO 	Keyboard events cleared
1240.1739 	EXP 	surround_grating: autoDraw = False
1240.1739 	EXP 	center_grating: autoDraw = False
1240.1739 	EXP 	text_2: autoDraw = False
1240.1739 	EXP 	surround_grating: ori = 0.0
1240.1739 	EXP 	surround_grating: sf = array([2.5, 2.5])
1240.1739 	EXP 	surround_grating: phase = array([0.46471026, 0.46471026])
1240.1739 	EXP 	center_grating: ori = 4.0
1240.1739 	EXP 	center_grating: sf = array([2.5, 2.5])
1240.1739 	EXP 	center_grating: phase = array([0.63663861, 0.63663861])
1240.6597 	EXP 	surround_grating: autoDraw = True
1240.6597 	EXP 	center_grating: autoDraw = True
1240.7323 	EXP 	surround_grating: autoDraw = False
1240.7323 	EXP 	center_grating: autoDraw = False
1241.1639 	EXP 	New trial (rep=0, index=811): <Trial 811 (811 in rep 0) data={'center': 4, 'surround': 15.0, 'type': 'c+4', 'surr_type': 'poss', 'surr_opacity': 100, 'thisN': 811, 'thisTrialN': 811, 'thisRepN': 0}>
1241.1745 	INFO 	Keyboard events cleared
1241.1741 	EXP 	surround_grating: autoDraw = False
1241.1741 	EXP 	center_grating: autoDraw = False
1241.1741 	EXP 	text_2: autoDraw = False
1241.1741 	EXP 	surround_grating: ori = 15.0
1241.1741 	EXP 	surround_grating: sf = array([2.5, 2.5])
1241.1741 	EXP 	surround_grating: phase = array([0.03640575, 0.03640575])
1241.1741 	EXP 	center_grating: ori = 4.0
1241.1741 	EXP 	center_grating: sf = array([2.5, 2.5])
1241.1741 	EXP 	center_grating: phase = array([0.66208592, 0.66208592])
1241.6590 	EXP 	surround_grating: autoDraw = True
1241.6590 	EXP 	center_grating: autoDraw = True
1241.7321 	EXP 	surround_grating: autoDraw = False
1241.7321 	EXP 	center_grating: autoDraw = False
1242.1294 	EXP 	New trial (rep=0, index=812): <Trial 812 (812 in rep 0) data={'center': -2, 'surround': 0.0, 'type': 'c-2', 'surr_type': 'noss', 'surr_opacity': 0, 'thisN': 812, 'thisTrialN': 812, 'thisRepN': 0}>
1242.1396 	INFO 	Keyboard events cleared
1242.1390 	EXP 	surround_grating: autoDraw = False
1242.1390 	EXP 	center_grating: autoDraw = False
1242.1390 	EXP 	text_2: autoDraw = False
1242.1390 	EXP 	surround_grating: ori = 0.0
1242.1390 	EXP 	surround_grating: sf = array([2.5, 2.5])
1242.1390 	EXP 	surround_grating: phase = array([0.04862753, 0.04862753])
1242.1390 	EXP 	center_grating: ori = -2.0
1242.1390 	EXP 	center_grating: sf = array([2.5, 2.5])
1242.1390 	EXP 	center_grating: phase = array([0.08750786, 0.08750786])
1242.6267 	EXP 	surround_grating: autoDraw = True
1242.6267 	EXP 	center_grating: autoDraw = True
1242.6983 	EXP 	surround_grating: autoDraw = False
1242.6983 	EXP 	center_grating: autoDraw = False
1243.3463 	EXP 	New trial (rep=0, index=813): <Trial 813 (813 in rep 0) data={'center': -6, 'surround': -15.0, 'type': 'c-6', 'surr_type': 'negs', 'surr_opacity': 100, 'thisN': 813, 'thisTrialN': 813, 'thisRepN': 0}>
1243.3571 	INFO 	Keyboard events cleared
1243.3566 	EXP 	surround_grating: autoDraw = False
1243.3566 	EXP 	center_grating: autoDraw = False
1243.3566 	EXP 	text_2: autoDraw = False
1243.3566 	EXP 	surround_grating: ori = -15.0
1243.3566 	EXP 	surround_grating: sf = array([2.5, 2.5])
1243.3566 	EXP 	surround_grating: phase = array([0.22938789, 0.22938789])
1243.3566 	EXP 	center_grating: ori = -6.0
1243.3566 	EXP 	center_grating: sf = array([2.5, 2.5])
1243.3566 	EXP 	center_grating: phase = array([0.1681895, 0.1681895])
1243.8432 	EXP 	surround_grating: autoDraw = True
1243.8432 	EXP 	center_grating: autoDraw = True
1243.9151 	EXP 	surround_grating: autoDraw = False
1243.9151 	EXP 	center_grating: autoDraw = False
1245.3148 	EXP 	New trial (rep=0, index=814): <Trial 814 (814 in rep 0) data={'center': -2, 'surround': 15.0, 'type': 'c-2', 'surr_type': 'poss', 'surr_opacity': 100, 'thisN': 814, 'thisTrialN': 814, 'thisRepN': 0}>
1245.3253 	INFO 	Keyboard events cleared
1245.3249 	EXP 	surround_grating: autoDraw = False
1245.3249 	EXP 	center_grating: autoDraw = False
1245.3249 	EXP 	text_2: autoDraw = False
1245.3249 	EXP 	surround_grating: ori = 15.0
1245.3249 	EXP 	surround_grating: sf = array([2.5, 2.5])
1245.3249 	EXP 	surround_grating: phase = array([0.51317159, 0.51317159])
1245.3249 	EXP 	center_grating: ori = -2.0
1245.3249 	EXP 	center_grating: sf = array([2.5, 2.5])
1245.3249 	EXP 	center_grating: phase = array([0.66627936, 0.66627936])
1245.8099 	EXP 	surround_grating: autoDraw = True
1245.8099 	EXP 	center_grating: autoDraw = True
1245.8816 	EXP 	surround_grating: autoDraw = False
1245.8816 	EXP 	center_grating: autoDraw = False
1246.5468 	EXP 	New trial (rep=0, index=815): <Trial 815 (815 in rep 0) data={'center': 6, 'surround': 15.0, 'type': 'c+6', 'surr_type': 'poss', 'surr_opacity': 100, 'thisN': 815, 'thisTrialN': 815, 'thisRepN': 0}>
1246.5574 	INFO 	Keyboard events cleared
1246.5570 	EXP 	surround_grating: autoDraw = False
1246.5570 	EXP 	center_grating: autoDraw = False
1246.5570 	EXP 	text_2: autoDraw = False
1246.5570 	EXP 	surround_grating: ori = 15.0
1246.5570 	EXP 	surround_grating: sf = array([2.5, 2.5])
1246.5570 	EXP 	surround_grating: phase = array([0.55503769, 0.55503769])
1246.5570 	EXP 	center_grating: ori = 6.0
1246.5570 	EXP 	center_grating: sf = array([2.5, 2.5])
1246.5570 	EXP 	center_grating: phase = array([0.12995109, 0.12995109])
1247.0433 	EXP 	surround_grating: autoDraw = True
1247.0433 	EXP 	center_grating: autoDraw = True
1247.1164 	EXP 	surround_grating: autoDraw = False
1247.1164 	EXP 	center_grating: autoDraw = False
1247.6141 	EXP 	New trial (rep=0, index=816): <Trial 816 (816 in rep 0) data={'center': -1, 'surround': 0.0, 'type': 'c-1', 'surr_type': 'noss', 'surr_opacity': 0, 'thisN': 816, 'thisTrialN': 816, 'thisRepN': 0}>
1247.6247 	INFO 	Keyboard events cleared
1247.6242 	EXP 	surround_grating: autoDraw = False
1247.6242 	EXP 	center_grating: autoDraw = False
1247.6242 	EXP 	text_2: autoDraw = False
1247.6242 	EXP 	surround_grating: ori = 0.0
1247.6242 	EXP 	surround_grating: sf = array([2.5, 2.5])
1247.6242 	EXP 	surround_grating: phase = array([0.90595243, 0.90595243])
1247.6242 	EXP 	center_grating: ori = -1.0
1247.6242 	EXP 	center_grating: sf = array([2.5, 2.5])
1247.6242 	EXP 	center_grating: phase = array([0.65767455, 0.65767455])
1248.1099 	EXP 	surround_grating: autoDraw = True
1248.1099 	EXP 	center_grating: autoDraw = True
1248.1822 	EXP 	surround_grating: autoDraw = False
1248.1822 	EXP 	center_grating: autoDraw = False
1249.3691 	EXP 	New trial (rep=0, index=817): <Trial 817 (817 in rep 0) data={'center': 0, 'surround': 15.0, 'type': 'c+0', 'surr_type': 'poss', 'surr_opacity': 100, 'thisN': 817, 'thisTrialN': 817, 'thisRepN': 0}>
1249.3797 	INFO 	Keyboard events cleared
1249.3792 	EXP 	surround_grating: autoDraw = False
1249.3792 	EXP 	center_grating: autoDraw = False
1249.3792 	EXP 	text_2: autoDraw = False
1249.3792 	EXP 	surround_grating: ori = 15.0
1249.3792 	EXP 	surround_grating: sf = array([2.5, 2.5])
1249.3792 	EXP 	surround_grating: phase = array([0.91814851, 0.91814851])
1249.3792 	EXP 	center_grating: ori = 0.0
1249.3792 	EXP 	center_grating: sf = array([2.5, 2.5])
1249.3792 	EXP 	center_grating: phase = array([0.87412679, 0.87412679])
1249.8690 	EXP 	surround_grating: autoDraw = True
1249.8690 	EXP 	center_grating: autoDraw = True
1249.9439 	EXP 	surround_grating: autoDraw = False
1249.9439 	EXP 	center_grating: autoDraw = False
1250.3797 	EXP 	New trial (rep=0, index=818): <Trial 818 (818 in rep 0) data={'center': -8, 'surround': -15.0, 'type': 'c-8', 'surr_type': 'negs', 'surr_opacity': 100, 'thisN': 818, 'thisTrialN': 818, 'thisRepN': 0}>
1250.3897 	INFO 	Keyboard events cleared
1250.3893 	EXP 	surround_grating: autoDraw = False
1250.3893 	EXP 	center_grating: autoDraw = False
1250.3893 	EXP 	text_2: autoDraw = False
1250.3893 	EXP 	surround_grating: ori = -15.0
1250.3893 	EXP 	surround_grating: sf = array([2.5, 2.5])
1250.3893 	EXP 	surround_grating: phase = array([0.02130629, 0.02130629])
1250.3893 	EXP 	center_grating: ori = -8.0
1250.3893 	EXP 	center_grating: sf = array([2.5, 2.5])
1250.3893 	EXP 	center_grating: phase = array([0.48093977, 0.48093977])
1250.8769 	EXP 	surround_grating: autoDraw = True
1250.8769 	EXP 	center_grating: autoDraw = True
1250.9495 	EXP 	surround_grating: autoDraw = False
1250.9495 	EXP 	center_grating: autoDraw = False
1251.4030 	EXP 	New trial (rep=0, index=819): <Trial 819 (819 in rep 0) data={'center': 4, 'surround': 0.0, 'type': 'c+4', 'surr_type': 'noss', 'surr_opacity': 0, 'thisN': 819, 'thisTrialN': 819, 'thisRepN': 0}>
1251.4133 	INFO 	Keyboard events cleared
1251.4128 	EXP 	surround_grating: autoDraw = False
1251.4128 	EXP 	center_grating: autoDraw = False
1251.4128 	EXP 	text_2: autoDraw = False
1251.4128 	EXP 	surround_grating: ori = 0.0
1251.4128 	EXP 	surround_grating: sf = array([2.5, 2.5])
1251.4128 	EXP 	surround_grating: phase = array([0.41141325, 0.41141325])
1251.4128 	EXP 	center_grating: ori = 4.0
1251.4128 	EXP 	center_grating: sf = array([2.5, 2.5])
1251.4128 	EXP 	center_grating: phase = array([0.15094551, 0.15094551])
1251.9027 	EXP 	surround_grating: autoDraw = True
1251.9027 	EXP 	center_grating: autoDraw = True
1251.9772 	EXP 	surround_grating: autoDraw = False
1251.9772 	EXP 	center_grating: autoDraw = False
1252.9976 	EXP 	New trial (rep=0, index=820): <Trial 820 (820 in rep 0) data={'center': -6, 'surround': -15.0, 'type': 'c-6', 'surr_type': 'negs', 'surr_opacity': 100, 'thisN': 820, 'thisTrialN': 820, 'thisRepN': 0}>
1253.0081 	INFO 	Keyboard events cleared
1253.0077 	EXP 	surround_grating: autoDraw = False
1253.0077 	EXP 	center_grating: autoDraw = False
1253.0077 	EXP 	text_2: autoDraw = False
1253.0077 	EXP 	surround_grating: ori = -15.0
1253.0077 	EXP 	surround_grating: sf = array([2.5, 2.5])
1253.0077 	EXP 	surround_grating: phase = array([0.41288135, 0.41288135])
1253.0077 	EXP 	center_grating: ori = -6.0
1253.0077 	EXP 	center_grating: sf = array([2.5, 2.5])
1253.0077 	EXP 	center_grating: phase = array([0.44174059, 0.44174059])
1253.4934 	EXP 	surround_grating: autoDraw = True
1253.4934 	EXP 	center_grating: autoDraw = True
1253.5659 	EXP 	surround_grating: autoDraw = False
1253.5659 	EXP 	center_grating: autoDraw = False
1254.1366 	EXP 	New trial (rep=0, index=821): <Trial 821 (821 in rep 0) data={'center': -2, 'surround': 0.0, 'type': 'c-2', 'surr_type': 'noss', 'surr_opacity': 0, 'thisN': 821, 'thisTrialN': 821, 'thisRepN': 0}>
1254.1469 	INFO 	Keyboard events cleared
1254.1464 	EXP 	surround_grating: autoDraw = False
1254.1464 	EXP 	center_grating: autoDraw = False
1254.1464 	EXP 	text_2: autoDraw = False
1254.1464 	EXP 	surround_grating: ori = 0.0
1254.1464 	EXP 	surround_grating: sf = array([2.5, 2.5])
1254.1464 	EXP 	surround_grating: phase = array([0.15625676, 0.15625676])
1254.1464 	EXP 	center_grating: ori = -2.0
1254.1464 	EXP 	center_grating: sf = array([2.5, 2.5])
1254.1464 	EXP 	center_grating: phase = array([0.55529137, 0.55529137])
1254.6356 	EXP 	surround_grating: autoDraw = True
1254.6356 	EXP 	center_grating: autoDraw = True
1254.7105 	EXP 	surround_grating: autoDraw = False
1254.7105 	EXP 	center_grating: autoDraw = False
1255.1793 	EXP 	New trial (rep=0, index=822): <Trial 822 (822 in rep 0) data={'center': -6, 'surround': -15.0, 'type': 'c-6', 'surr_type': 'negs', 'surr_opacity': 100, 'thisN': 822, 'thisTrialN': 822, 'thisRepN': 0}>
1255.1891 	INFO 	Keyboard events cleared
1255.1887 	EXP 	surround_grating: autoDraw = False
1255.1887 	EXP 	center_grating: autoDraw = False
1255.1887 	EXP 	text_2: autoDraw = False
1255.1887 	EXP 	surround_grating: ori = -15.0
1255.1887 	EXP 	surround_grating: sf = array([2.5, 2.5])
1255.1887 	EXP 	surround_grating: phase = array([0.30239345, 0.30239345])
1255.1887 	EXP 	center_grating: ori = -6.0
1255.1887 	EXP 	center_grating: sf = array([2.5, 2.5])
1255.1887 	EXP 	center_grating: phase = array([0.99862753, 0.99862753])
1255.6768 	EXP 	surround_grating: autoDraw = True
1255.6768 	EXP 	center_grating: autoDraw = True
1255.7498 	EXP 	surround_grating: autoDraw = False
1255.7498 	EXP 	center_grating: autoDraw = False
1256.2298 	EXP 	New trial (rep=0, index=823): <Trial 823 (823 in rep 0) data={'center': 1, 'surround': 0.0, 'type': 'c+1', 'surr_type': 'noss', 'surr_opacity': 0, 'thisN': 823, 'thisTrialN': 823, 'thisRepN': 0}>
1256.2399 	INFO 	Keyboard events cleared
1256.2395 	EXP 	surround_grating: autoDraw = False
1256.2395 	EXP 	center_grating: autoDraw = False
1256.2395 	EXP 	text_2: autoDraw = False
1256.2395 	EXP 	surround_grating: ori = 0.0
1256.2395 	EXP 	surround_grating: sf = array([2.5, 2.5])
1256.2395 	EXP 	surround_grating: phase = array([0.73228888, 0.73228888])
1256.2395 	EXP 	center_grating: ori = 1.0
1256.2395 	EXP 	center_grating: sf = array([2.5, 2.5])
1256.2395 	EXP 	center_grating: phase = array([0.84444938, 0.84444938])
1256.7270 	EXP 	surround_grating: autoDraw = True
1256.7270 	EXP 	center_grating: autoDraw = True
1256.8003 	EXP 	surround_grating: autoDraw = False
1256.8003 	EXP 	center_grating: autoDraw = False
1257.9027 	EXP 	New trial (rep=0, index=824): <Trial 824 (824 in rep 0) data={'center': -8, 'surround': -15.0, 'type': 'c-8', 'surr_type': 'negs', 'surr_opacity': 100, 'thisN': 824, 'thisTrialN': 824, 'thisRepN': 0}>
1257.9130 	INFO 	Keyboard events cleared
1257.9125 	EXP 	surround_grating: autoDraw = False
1257.9125 	EXP 	center_grating: autoDraw = False
1257.9125 	EXP 	text_2: autoDraw = False
1257.9125 	EXP 	surround_grating: ori = -15.0
1257.9125 	EXP 	surround_grating: sf = array([2.5, 2.5])
1257.9125 	EXP 	surround_grating: phase = array([0.46571906, 0.46571906])
1257.9125 	EXP 	center_grating: ori = -8.0
1257.9125 	EXP 	center_grating: sf = array([2.5, 2.5])
1257.9125 	EXP 	center_grating: phase = array([0.60105528, 0.60105528])
1258.4035 	EXP 	surround_grating: autoDraw = True
1258.4035 	EXP 	center_grating: autoDraw = True
1258.4775 	EXP 	surround_grating: autoDraw = False
1258.4775 	EXP 	center_grating: autoDraw = False
1259.4189 	EXP 	New trial (rep=0, index=825): <Trial 825 (825 in rep 0) data={'center': 1, 'surround': 0.0, 'type': 'c+1', 'surr_type': 'noss', 'surr_opacity': 0, 'thisN': 825, 'thisTrialN': 825, 'thisRepN': 0}>
1259.4443 	INFO 	Keyboard events cleared
1259.4439 	EXP 	surround_grating: autoDraw = False
1259.4439 	EXP 	center_grating: autoDraw = False
1259.4439 	EXP 	text_2: autoDraw = False
1259.4439 	EXP 	surround_grating: ori = 0.0
1259.4439 	EXP 	surround_grating: sf = array([2.5, 2.5])
1259.4439 	EXP 	surround_grating: phase = array([0.87786395, 0.87786395])
1259.4439 	EXP 	center_grating: ori = 1.0
1259.4439 	EXP 	center_grating: sf = array([2.5, 2.5])
1259.4439 	EXP 	center_grating: phase = array([0.94865977, 0.94865977])
1259.9200 	EXP 	surround_grating: autoDraw = True
1259.9200 	EXP 	center_grating: autoDraw = True
1259.9942 	EXP 	surround_grating: autoDraw = False
1259.9942 	EXP 	center_grating: autoDraw = False
1260.5855 	EXP 	New trial (rep=0, index=826): <Trial 826 (826 in rep 0) data={'center': -2, 'surround': 15.0, 'type': 'c-2', 'surr_type': 'poss', 'surr_opacity': 100, 'thisN': 826, 'thisTrialN': 826, 'thisRepN': 0}>
1260.6111 	INFO 	Keyboard events cleared
1260.6107 	EXP 	surround_grating: autoDraw = False
1260.6107 	EXP 	center_grating: autoDraw = False
1260.6107 	EXP 	text_2: autoDraw = False
1260.6107 	EXP 	surround_grating: ori = 15.0
1260.6107 	EXP 	surround_grating: sf = array([2.5, 2.5])
1260.6107 	EXP 	surround_grating: phase = array([0.02555027, 0.02555027])
1260.6107 	EXP 	center_grating: ori = -2.0
1260.6107 	EXP 	center_grating: sf = array([2.5, 2.5])
1260.6107 	EXP 	center_grating: phase = array([0.69525917, 0.69525917])
1261.0862 	EXP 	surround_grating: autoDraw = True
1261.0862 	EXP 	center_grating: autoDraw = True
1261.1610 	EXP 	surround_grating: autoDraw = False
1261.1610 	EXP 	center_grating: autoDraw = False
1261.9025 	EXP 	New trial (rep=0, index=827): <Trial 827 (827 in rep 0) data={'center': -2, 'surround': -15.0, 'type': 'c-2', 'surr_type': 'negs', 'surr_opacity': 100, 'thisN': 827, 'thisTrialN': 827, 'thisRepN': 0}>
1261.9128 	INFO 	Keyboard events cleared
1261.9122 	EXP 	surround_grating: autoDraw = False
1261.9122 	EXP 	center_grating: autoDraw = False
1261.9122 	EXP 	text_2: autoDraw = False
1261.9122 	EXP 	surround_grating: ori = -15.0
1261.9122 	EXP 	surround_grating: sf = array([2.5, 2.5])
1261.9122 	EXP 	surround_grating: phase = array([0.26360142, 0.26360142])
1261.9122 	EXP 	center_grating: ori = -2.0
1261.9122 	EXP 	center_grating: sf = array([2.5, 2.5])
1261.9122 	EXP 	center_grating: phase = array([0.06349226, 0.06349226])
1262.4030 	EXP 	surround_grating: autoDraw = True
1262.4030 	EXP 	center_grating: autoDraw = True
1262.4776 	EXP 	surround_grating: autoDraw = False
1262.4776 	EXP 	center_grating: autoDraw = False
1263.0982 	EXP 	New trial (rep=0, index=828): <Trial 828 (828 in rep 0) data={'center': -2, 'surround': 0.0, 'type': 'c-2', 'surr_type': 'noss', 'surr_opacity': 0, 'thisN': 828, 'thisTrialN': 828, 'thisRepN': 0}>
1263.1087 	INFO 	Keyboard events cleared
1263.1082 	EXP 	surround_grating: autoDraw = False
1263.1082 	EXP 	center_grating: autoDraw = False
1263.1082 	EXP 	text_2: autoDraw = False
1263.1082 	EXP 	surround_grating: ori = 0.0
1263.1082 	EXP 	surround_grating: sf = array([2.5, 2.5])
1263.1082 	EXP 	surround_grating: phase = array([0.63119364, 0.63119364])
1263.1082 	EXP 	center_grating: ori = -2.0
1263.1082 	EXP 	center_grating: sf = array([2.5, 2.5])
1263.1082 	EXP 	center_grating: phase = array([0.79135445, 0.79135445])
1263.5939 	EXP 	surround_grating: autoDraw = True
1263.5939 	EXP 	center_grating: autoDraw = True
1263.6665 	EXP 	surround_grating: autoDraw = False
1263.6665 	EXP 	center_grating: autoDraw = False
1264.2131 	EXP 	New trial (rep=0, index=829): <Trial 829 (829 in rep 0) data={'center': -6, 'surround': -15.0, 'type': 'c-6', 'surr_type': 'negs', 'surr_opacity': 100, 'thisN': 829, 'thisTrialN': 829, 'thisRepN': 0}>
1264.2229 	INFO 	Keyboard events cleared
1264.2225 	EXP 	surround_grating: autoDraw = False
1264.2225 	EXP 	center_grating: autoDraw = False
1264.2225 	EXP 	text_2: autoDraw = False
1264.2225 	EXP 	surround_grating: ori = -15.0
1264.2225 	EXP 	surround_grating: sf = array([2.5, 2.5])
1264.2225 	EXP 	surround_grating: phase = array([0.19350517, 0.19350517])
1264.2225 	EXP 	center_grating: ori = -6.0
1264.2225 	EXP 	center_grating: sf = array([2.5, 2.5])
1264.2225 	EXP 	center_grating: phase = array([0.6728221, 0.6728221])
1264.7107 	EXP 	surround_grating: autoDraw = True
1264.7107 	EXP 	center_grating: autoDraw = True
1264.7832 	EXP 	surround_grating: autoDraw = False
1264.7832 	EXP 	center_grating: autoDraw = False
1265.3689 	EXP 	New trial (rep=0, index=830): <Trial 830 (830 in rep 0) data={'center': 0, 'surround': 15.0, 'type': 'c+0', 'surr_type': 'poss', 'surr_opacity': 100, 'thisN': 830, 'thisTrialN': 830, 'thisRepN': 0}>
1265.3945 	INFO 	Keyboard events cleared
1265.3941 	EXP 	surround_grating: autoDraw = False
1265.3941 	EXP 	center_grating: autoDraw = False
1265.3941 	EXP 	text_2: autoDraw = False
1265.3941 	EXP 	surround_grating: ori = 15.0
1265.3941 	EXP 	surround_grating: sf = array([2.5, 2.5])
1265.3941 	EXP 	surround_grating: phase = array([0.45357437, 0.45357437])
1265.3941 	EXP 	center_grating: ori = 0.0
1265.3941 	EXP 	center_grating: sf = array([2.5, 2.5])
1265.3941 	EXP 	center_grating: phase = array([0.74486693, 0.74486693])
1265.8696 	EXP 	surround_grating: autoDraw = True
1265.8696 	EXP 	center_grating: autoDraw = True
1265.9445 	EXP 	surround_grating: autoDraw = False
1265.9445 	EXP 	center_grating: autoDraw = False
1266.7809 	EXP 	New trial (rep=0, index=831): <Trial 831 (831 in rep 0) data={'center': -8, 'surround': -15.0, 'type': 'c-8', 'surr_type': 'negs', 'surr_opacity': 100, 'thisN': 831, 'thisTrialN': 831, 'thisRepN': 0}>
1266.7917 	INFO 	Keyboard events cleared
1266.7912 	EXP 	surround_grating: autoDraw = False
1266.7912 	EXP 	center_grating: autoDraw = False
1266.7912 	EXP 	text_2: autoDraw = False
1266.7912 	EXP 	surround_grating: ori = -15.0
1266.7912 	EXP 	surround_grating: sf = array([2.5, 2.5])
1266.7912 	EXP 	surround_grating: phase = array([0.23125525, 0.23125525])
1266.7912 	EXP 	center_grating: ori = -8.0
1266.7912 	EXP 	center_grating: sf = array([2.5, 2.5])
1266.7912 	EXP 	center_grating: phase = array([0.73572522, 0.73572522])
1267.2773 	EXP 	surround_grating: autoDraw = True
1267.2773 	EXP 	center_grating: autoDraw = True
1267.3490 	EXP 	surround_grating: autoDraw = False
1267.3490 	EXP 	center_grating: autoDraw = False
1268.0645 	EXP 	New trial (rep=0, index=832): <Trial 832 (832 in rep 0) data={'center': -6, 'surround': -15.0, 'type': 'c-6', 'surr_type': 'negs', 'surr_opacity': 100, 'thisN': 832, 'thisTrialN': 832, 'thisRepN': 0}>
1268.0745 	INFO 	Keyboard events cleared
1268.0740 	EXP 	surround_grating: autoDraw = False
1268.0740 	EXP 	center_grating: autoDraw = False
1268.0740 	EXP 	text_2: autoDraw = False
1268.0740 	EXP 	surround_grating: ori = -15.0
1268.0740 	EXP 	surround_grating: sf = array([2.5, 2.5])
1268.0740 	EXP 	surround_grating: phase = array([0.28596613, 0.28596613])
1268.0740 	EXP 	center_grating: ori = -6.0
1268.0740 	EXP 	center_grating: sf = array([2.5, 2.5])
1268.0740 	EXP 	center_grating: phase = array([0.54812435, 0.54812435])
1268.5606 	EXP 	surround_grating: autoDraw = True
1268.5606 	EXP 	center_grating: autoDraw = True
1268.6332 	EXP 	surround_grating: autoDraw = False
1268.6332 	EXP 	center_grating: autoDraw = False
1269.2025 	EXP 	New trial (rep=0, index=833): <Trial 833 (833 in rep 0) data={'center': 0, 'surround': -15.0, 'type': 'c+0', 'surr_type': 'negs', 'surr_opacity': 100, 'thisN': 833, 'thisTrialN': 833, 'thisRepN': 0}>
1269.2280 	INFO 	Keyboard events cleared
1269.2276 	EXP 	surround_grating: autoDraw = False
1269.2276 	EXP 	center_grating: autoDraw = False
1269.2276 	EXP 	text_2: autoDraw = False
1269.2276 	EXP 	surround_grating: ori = -15.0
1269.2276 	EXP 	surround_grating: sf = array([2.5, 2.5])
1269.2276 	EXP 	surround_grating: phase = array([0.87523474, 0.87523474])
1269.2276 	EXP 	center_grating: ori = 0.0
1269.2276 	EXP 	center_grating: sf = array([2.5, 2.5])
1269.2276 	EXP 	center_grating: phase = array([0.95038535, 0.95038535])
1269.7033 	EXP 	surround_grating: autoDraw = True
1269.7033 	EXP 	center_grating: autoDraw = True
1269.7769 	EXP 	surround_grating: autoDraw = False
1269.7769 	EXP 	center_grating: autoDraw = False
1270.2977 	EXP 	New trial (rep=0, index=834): <Trial 834 (834 in rep 0) data={'center': 2, 'surround': -15.0, 'type': 'c+2', 'surr_type': 'negs', 'surr_opacity': 100, 'thisN': 834, 'thisTrialN': 834, 'thisRepN': 0}>
1270.3082 	INFO 	Keyboard events cleared
1270.3078 	EXP 	surround_grating: autoDraw = False
1270.3078 	EXP 	center_grating: autoDraw = False
1270.3078 	EXP 	text_2: autoDraw = False
1270.3078 	EXP 	surround_grating: ori = -15.0
1270.3078 	EXP 	surround_grating: sf = array([2.5, 2.5])
1270.3078 	EXP 	surround_grating: phase = array([0.49536073, 0.49536073])
1270.3078 	EXP 	center_grating: ori = 2.0
1270.3078 	EXP 	center_grating: sf = array([2.5, 2.5])
1270.3078 	EXP 	center_grating: phase = array([0.45289452, 0.45289452])
1270.7941 	EXP 	surround_grating: autoDraw = True
1270.7941 	EXP 	center_grating: autoDraw = True
1270.8668 	EXP 	surround_grating: autoDraw = False
1270.8668 	EXP 	center_grating: autoDraw = False
1271.3480 	EXP 	New trial (rep=0, index=835): <Trial 835 (835 in rep 0) data={'center': 0, 'surround': 15.0, 'type': 'c+0', 'surr_type': 'poss', 'surr_opacity': 100, 'thisN': 835, 'thisTrialN': 835, 'thisRepN': 0}>
1271.3577 	INFO 	Keyboard events cleared
1271.3572 	EXP 	surround_grating: autoDraw = False
1271.3572 	EXP 	center_grating: autoDraw = False
1271.3572 	EXP 	text_2: autoDraw = False
1271.3572 	EXP 	surround_grating: ori = 15.0
1271.3572 	EXP 	surround_grating: sf = array([2.5, 2.5])
1271.3572 	EXP 	surround_grating: phase = array([0.76847696, 0.76847696])
1271.3572 	EXP 	center_grating: ori = 0.0
1271.3572 	EXP 	center_grating: sf = array([2.5, 2.5])
1271.3572 	EXP 	center_grating: phase = array([0.63254136, 0.63254136])
1271.8441 	EXP 	surround_grating: autoDraw = True
1271.8441 	EXP 	center_grating: autoDraw = True
1271.9162 	EXP 	surround_grating: autoDraw = False
1271.9162 	EXP 	center_grating: autoDraw = False
1272.6641 	EXP 	New trial (rep=0, index=836): <Trial 836 (836 in rep 0) data={'center': 6, 'surround': 15.0, 'type': 'c+6', 'surr_type': 'poss', 'surr_opacity': 100, 'thisN': 836, 'thisTrialN': 836, 'thisRepN': 0}>
1272.6740 	INFO 	Keyboard events cleared
1272.6736 	EXP 	surround_grating: autoDraw = False
1272.6736 	EXP 	center_grating: autoDraw = False
1272.6736 	EXP 	text_2: autoDraw = False
1272.6736 	EXP 	surround_grating: ori = 15.0
1272.6736 	EXP 	surround_grating: sf = array([2.5, 2.5])
1272.6736 	EXP 	surround_grating: phase = array([0.68875179, 0.68875179])
1272.6736 	EXP 	center_grating: ori = 6.0
1272.6736 	EXP 	center_grating: sf = array([2.5, 2.5])
1272.6736 	EXP 	center_grating: phase = array([0.55352613, 0.55352613])
1273.1612 	EXP 	surround_grating: autoDraw = True
1273.1612 	EXP 	center_grating: autoDraw = True
1273.2331 	EXP 	surround_grating: autoDraw = False
1273.2331 	EXP 	center_grating: autoDraw = False
1273.7473 	EXP 	New trial (rep=0, index=837): <Trial 837 (837 in rep 0) data={'center': 4, 'surround': 0.0, 'type': 'c+4', 'surr_type': 'noss', 'surr_opacity': 0, 'thisN': 837, 'thisTrialN': 837, 'thisRepN': 0}>
1273.7578 	INFO 	Keyboard events cleared
1273.7572 	EXP 	surround_grating: autoDraw = False
1273.7572 	EXP 	center_grating: autoDraw = False
1273.7572 	EXP 	text_2: autoDraw = False
1273.7572 	EXP 	surround_grating: ori = 0.0
1273.7572 	EXP 	surround_grating: sf = array([2.5, 2.5])
1273.7572 	EXP 	surround_grating: phase = array([0.90361918, 0.90361918])
1273.7572 	EXP 	center_grating: ori = 4.0
1273.7572 	EXP 	center_grating: sf = array([2.5, 2.5])
1273.7572 	EXP 	center_grating: phase = array([0.14303348, 0.14303348])
1274.2434 	EXP 	surround_grating: autoDraw = True
1274.2434 	EXP 	center_grating: autoDraw = True
1274.3166 	EXP 	surround_grating: autoDraw = False
1274.3166 	EXP 	center_grating: autoDraw = False
1274.8639 	EXP 	New trial (rep=0, index=838): <Trial 838 (838 in rep 0) data={'center': -2, 'surround': 0.0, 'type': 'c-2', 'surr_type': 'noss', 'surr_opacity': 0, 'thisN': 838, 'thisTrialN': 838, 'thisRepN': 0}>
1274.8743 	INFO 	Keyboard events cleared
1274.8737 	EXP 	surround_grating: autoDraw = False
1274.8737 	EXP 	center_grating: autoDraw = False
1274.8737 	EXP 	text_2: autoDraw = False
1274.8737 	EXP 	surround_grating: ori = 0.0
1274.8737 	EXP 	surround_grating: sf = array([2.5, 2.5])
1274.8737 	EXP 	surround_grating: phase = array([0.12250848, 0.12250848])
1274.8737 	EXP 	center_grating: ori = -2.0
1274.8737 	EXP 	center_grating: sf = array([2.5, 2.5])
1274.8737 	EXP 	center_grating: phase = array([0.29319238, 0.29319238])
1275.3608 	EXP 	surround_grating: autoDraw = True
1275.3608 	EXP 	center_grating: autoDraw = True
1275.4330 	EXP 	surround_grating: autoDraw = False
1275.4330 	EXP 	center_grating: autoDraw = False
1276.0868 	EXP 	New trial (rep=0, index=839): <Trial 839 (839 in rep 0) data={'center': -1, 'surround': 0.0, 'type': 'c-1', 'surr_type': 'noss', 'surr_opacity': 0, 'thisN': 839, 'thisTrialN': 839, 'thisRepN': 0}>
1276.0968 	INFO 	Keyboard events cleared
1276.0963 	EXP 	surround_grating: autoDraw = False
1276.0963 	EXP 	center_grating: autoDraw = False
1276.0963 	EXP 	text_2: autoDraw = False
1276.0963 	EXP 	surround_grating: ori = 0.0
1276.0963 	EXP 	surround_grating: sf = array([2.5, 2.5])
1276.0963 	EXP 	surround_grating: phase = array([0.55283421, 0.55283421])
1276.0963 	EXP 	center_grating: ori = -1.0
1276.0963 	EXP 	center_grating: sf = array([2.5, 2.5])
1276.0963 	EXP 	center_grating: phase = array([0.9116259, 0.9116259])
1276.5869 	EXP 	surround_grating: autoDraw = True
1276.5869 	EXP 	center_grating: autoDraw = True
1276.6616 	EXP 	surround_grating: autoDraw = False
1276.6616 	EXP 	center_grating: autoDraw = False
1277.3808 	EXP 	New trial (rep=0, index=840): <Trial 840 (840 in rep 0) data={'center': -4, 'surround': -15.0, 'type': 'c-4', 'surr_type': 'negs', 'surr_opacity': 100, 'thisN': 840, 'thisTrialN': 840, 'thisRepN': 0}>
1277.3916 	INFO 	Keyboard events cleared
1277.3911 	EXP 	surround_grating: autoDraw = False
1277.3911 	EXP 	center_grating: autoDraw = False
1277.3911 	EXP 	text_2: autoDraw = False
1277.3911 	EXP 	surround_grating: ori = -15.0
1277.3911 	EXP 	surround_grating: sf = array([2.5, 2.5])
1277.3911 	EXP 	surround_grating: phase = array([0.87261262, 0.87261262])
1277.3911 	EXP 	center_grating: ori = -4.0
1277.3911 	EXP 	center_grating: sf = array([2.5, 2.5])
1277.3911 	EXP 	center_grating: phase = array([0.27841154, 0.27841154])
1277.8776 	EXP 	surround_grating: autoDraw = True
1277.8776 	EXP 	center_grating: autoDraw = True
1277.9501 	EXP 	surround_grating: autoDraw = False
1277.9501 	EXP 	center_grating: autoDraw = False
1278.5645 	EXP 	New trial (rep=0, index=841): <Trial 841 (841 in rep 0) data={'center': 2, 'surround': 0.0, 'type': 'c+2', 'surr_type': 'noss', 'surr_opacity': 0, 'thisN': 841, 'thisTrialN': 841, 'thisRepN': 0}>
1278.5751 	INFO 	Keyboard events cleared
1278.5745 	EXP 	surround_grating: autoDraw = False
1278.5745 	EXP 	center_grating: autoDraw = False
1278.5745 	EXP 	text_2: autoDraw = False
1278.5745 	EXP 	surround_grating: ori = 0.0
1278.5745 	EXP 	surround_grating: sf = array([2.5, 2.5])
1278.5745 	EXP 	surround_grating: phase = array([0.36284416, 0.36284416])
1278.5745 	EXP 	center_grating: ori = 2.0
1278.5745 	EXP 	center_grating: sf = array([2.5, 2.5])
1278.5745 	EXP 	center_grating: phase = array([0.66190818, 0.66190818])
1279.0610 	EXP 	surround_grating: autoDraw = True
1279.0610 	EXP 	center_grating: autoDraw = True
1279.1343 	EXP 	surround_grating: autoDraw = False
1279.1343 	EXP 	center_grating: autoDraw = False
1279.6462 	EXP 	New trial (rep=0, index=842): <Trial 842 (842 in rep 0) data={'center': 4, 'surround': 0.0, 'type': 'c+4', 'surr_type': 'noss', 'surr_opacity': 0, 'thisN': 842, 'thisTrialN': 842, 'thisRepN': 0}>
1279.6551 	INFO 	Keyboard events cleared
1279.6547 	EXP 	surround_grating: autoDraw = False
1279.6547 	EXP 	center_grating: autoDraw = False
1279.6547 	EXP 	text_2: autoDraw = False
1279.6547 	EXP 	surround_grating: ori = 0.0
1279.6547 	EXP 	surround_grating: sf = array([2.5, 2.5])
1279.6547 	EXP 	surround_grating: phase = array([0.54234009, 0.54234009])
1279.6547 	EXP 	center_grating: ori = 4.0
1279.6547 	EXP 	center_grating: sf = array([2.5, 2.5])
1279.6547 	EXP 	center_grating: phase = array([0.22601523, 0.22601523])
1280.1375 	EXP 	surround_grating: autoDraw = True
1280.1375 	EXP 	center_grating: autoDraw = True
1280.2116 	EXP 	surround_grating: autoDraw = False
1280.2116 	EXP 	center_grating: autoDraw = False
1280.7030 	EXP 	New trial (rep=0, index=843): <Trial 843 (843 in rep 0) data={'center': 4, 'surround': 15.0, 'type': 'c+4', 'surr_type': 'poss', 'surr_opacity': 100, 'thisN': 843, 'thisTrialN': 843, 'thisRepN': 0}>
1280.7138 	INFO 	Keyboard events cleared
1280.7135 	EXP 	surround_grating: autoDraw = False
1280.7135 	EXP 	center_grating: autoDraw = False
1280.7135 	EXP 	text_2: autoDraw = False
1280.7135 	EXP 	surround_grating: ori = 15.0
1280.7135 	EXP 	surround_grating: sf = array([2.5, 2.5])
1280.7135 	EXP 	surround_grating: phase = array([0.73638595, 0.73638595])
1280.7135 	EXP 	center_grating: ori = 4.0
1280.7135 	EXP 	center_grating: sf = array([2.5, 2.5])
1280.7135 	EXP 	center_grating: phase = array([0.19523177, 0.19523177])
1281.2028 	EXP 	surround_grating: autoDraw = True
1281.2028 	EXP 	center_grating: autoDraw = True
1281.2783 	EXP 	surround_grating: autoDraw = False
1281.2783 	EXP 	center_grating: autoDraw = False
1281.7473 	EXP 	New trial (rep=0, index=844): <Trial 844 (844 in rep 0) data={'center': 2, 'surround': 0.0, 'type': 'c+2', 'surr_type': 'noss', 'surr_opacity': 0, 'thisN': 844, 'thisTrialN': 844, 'thisRepN': 0}>
1281.7572 	INFO 	Keyboard events cleared
1281.7568 	EXP 	surround_grating: autoDraw = False
1281.7568 	EXP 	center_grating: autoDraw = False
1281.7568 	EXP 	text_2: autoDraw = False
1281.7568 	EXP 	surround_grating: ori = 0.0
1281.7568 	EXP 	surround_grating: sf = array([2.5, 2.5])
1281.7568 	EXP 	surround_grating: phase = array([0.42039711, 0.42039711])
1281.7568 	EXP 	center_grating: ori = 2.0
1281.7568 	EXP 	center_grating: sf = array([2.5, 2.5])
1281.7568 	EXP 	center_grating: phase = array([0.4336709, 0.4336709])
1282.2445 	EXP 	surround_grating: autoDraw = True
1282.2445 	EXP 	center_grating: autoDraw = True
1282.3168 	EXP 	surround_grating: autoDraw = False
1282.3168 	EXP 	center_grating: autoDraw = False
1282.8527 	EXP 	New trial (rep=0, index=845): <Trial 845 (845 in rep 0) data={'center': -2, 'surround': 0.0, 'type': 'c-2', 'surr_type': 'noss', 'surr_opacity': 0, 'thisN': 845, 'thisTrialN': 845, 'thisRepN': 0}>
1282.8626 	INFO 	Keyboard events cleared
1282.8622 	EXP 	surround_grating: autoDraw = False
1282.8622 	EXP 	center_grating: autoDraw = False
1282.8622 	EXP 	text_2: autoDraw = False
1282.8622 	EXP 	surround_grating: ori = 0.0
1282.8622 	EXP 	surround_grating: sf = array([2.5, 2.5])
1282.8622 	EXP 	surround_grating: phase = array([0.8474469, 0.8474469])
1282.8622 	EXP 	center_grating: ori = -2.0
1282.8622 	EXP 	center_grating: sf = array([2.5, 2.5])
1282.8622 	EXP 	center_grating: phase = array([0.68318039, 0.68318039])
1283.3532 	EXP 	surround_grating: autoDraw = True
1283.3532 	EXP 	center_grating: autoDraw = True
1283.4284 	EXP 	surround_grating: autoDraw = False
1283.4284 	EXP 	center_grating: autoDraw = False
1283.9812 	EXP 	New trial (rep=0, index=846): <Trial 846 (846 in rep 0) data={'center': 2, 'surround': -15.0, 'type': 'c+2', 'surr_type': 'negs', 'surr_opacity': 100, 'thisN': 846, 'thisTrialN': 846, 'thisRepN': 0}>
1283.9920 	INFO 	Keyboard events cleared
1283.9916 	EXP 	surround_grating: autoDraw = False
1283.9916 	EXP 	center_grating: autoDraw = False
1283.9916 	EXP 	text_2: autoDraw = False
1283.9916 	EXP 	surround_grating: ori = -15.0
1283.9916 	EXP 	surround_grating: sf = array([2.5, 2.5])
1283.9916 	EXP 	surround_grating: phase = array([0.34535608, 0.34535608])
1283.9916 	EXP 	center_grating: ori = 2.0
1283.9916 	EXP 	center_grating: sf = array([2.5, 2.5])
1283.9916 	EXP 	center_grating: phase = array([0.88161945, 0.88161945])
1284.4778 	EXP 	surround_grating: autoDraw = True
1284.4778 	EXP 	center_grating: autoDraw = True
1284.5502 	EXP 	surround_grating: autoDraw = False
1284.5502 	EXP 	center_grating: autoDraw = False
1285.1658 	EXP 	New trial (rep=0, index=847): <Trial 847 (847 in rep 0) data={'center': 6, 'surround': 15.0, 'type': 'c+6', 'surr_type': 'poss', 'surr_opacity': 100, 'thisN': 847, 'thisTrialN': 847, 'thisRepN': 0}>
1285.1758 	INFO 	Keyboard events cleared
1285.1754 	EXP 	surround_grating: autoDraw = False
1285.1754 	EXP 	center_grating: autoDraw = False
1285.1754 	EXP 	text_2: autoDraw = False
1285.1754 	EXP 	surround_grating: ori = 15.0
1285.1754 	EXP 	surround_grating: sf = array([2.5, 2.5])
1285.1754 	EXP 	surround_grating: phase = array([0.58234075, 0.58234075])
1285.1754 	EXP 	center_grating: ori = 6.0
1285.1754 	EXP 	center_grating: sf = array([2.5, 2.5])
1285.1754 	EXP 	center_grating: phase = array([0.31085832, 0.31085832])
1285.6613 	EXP 	surround_grating: autoDraw = True
1285.6613 	EXP 	center_grating: autoDraw = True
1285.7336 	EXP 	surround_grating: autoDraw = False
1285.7336 	EXP 	center_grating: autoDraw = False
1286.2397 	EXP 	New trial (rep=0, index=848): <Trial 848 (848 in rep 0) data={'center': 2, 'surround': 15.0, 'type': 'c+2', 'surr_type': 'poss', 'surr_opacity': 100, 'thisN': 848, 'thisTrialN': 848, 'thisRepN': 0}>
1286.2476 	INFO 	Keyboard events cleared
1286.2473 	EXP 	surround_grating: autoDraw = False
1286.2473 	EXP 	center_grating: autoDraw = False
1286.2473 	EXP 	text_2: autoDraw = False
1286.2473 	EXP 	surround_grating: ori = 15.0
1286.2473 	EXP 	surround_grating: sf = array([2.5, 2.5])
1286.2473 	EXP 	surround_grating: phase = array([0.81798034, 0.81798034])
1286.2473 	EXP 	center_grating: ori = 2.0
1286.2473 	EXP 	center_grating: sf = array([2.5, 2.5])
1286.2473 	EXP 	center_grating: phase = array([0.42635127, 0.42635127])
1286.7375 	EXP 	surround_grating: autoDraw = True
1286.7375 	EXP 	center_grating: autoDraw = True
1286.8121 	EXP 	surround_grating: autoDraw = False
1286.8121 	EXP 	center_grating: autoDraw = False
1287.9476 	EXP 	New trial (rep=0, index=849): <Trial 849 (849 in rep 0) data={'center': 4, 'surround': 0.0, 'type': 'c+4', 'surr_type': 'noss', 'surr_opacity': 0, 'thisN': 849, 'thisTrialN': 849, 'thisRepN': 0}>
1287.9577 	INFO 	Keyboard events cleared
1287.9571 	EXP 	surround_grating: autoDraw = False
1287.9571 	EXP 	center_grating: autoDraw = False
1287.9571 	EXP 	text_2: autoDraw = False
1287.9571 	EXP 	surround_grating: ori = 0.0
1287.9571 	EXP 	surround_grating: sf = array([2.5, 2.5])
1287.9571 	EXP 	surround_grating: phase = array([0.17803332, 0.17803332])
1287.9571 	EXP 	center_grating: ori = 4.0
1287.9571 	EXP 	center_grating: sf = array([2.5, 2.5])
1287.9571 	EXP 	center_grating: phase = array([0.45286076, 0.45286076])
1288.4448 	EXP 	surround_grating: autoDraw = True
1288.4448 	EXP 	center_grating: autoDraw = True
1288.5171 	EXP 	surround_grating: autoDraw = False
1288.5171 	EXP 	center_grating: autoDraw = False
1289.0375 	EXP 	New trial (rep=0, index=850): <Trial 850 (850 in rep 0) data={'center': 1, 'surround': 0.0, 'type': 'c+1', 'surr_type': 'noss', 'surr_opacity': 0, 'thisN': 850, 'thisTrialN': 850, 'thisRepN': 0}>
1289.0481 	INFO 	Keyboard events cleared
1289.0476 	EXP 	surround_grating: autoDraw = False
1289.0476 	EXP 	center_grating: autoDraw = False
1289.0476 	EXP 	text_2: autoDraw = False
1289.0476 	EXP 	surround_grating: ori = 0.0
1289.0476 	EXP 	surround_grating: sf = array([2.5, 2.5])
1289.0476 	EXP 	surround_grating: phase = array([0.31796307, 0.31796307])
1289.0476 	EXP 	center_grating: ori = 1.0
1289.0476 	EXP 	center_grating: sf = array([2.5, 2.5])
1289.0476 	EXP 	center_grating: phase = array([0.82924066, 0.82924066])
1289.5369 	EXP 	surround_grating: autoDraw = True
1289.5369 	EXP 	center_grating: autoDraw = True
1289.6119 	EXP 	surround_grating: autoDraw = False
1289.6119 	EXP 	center_grating: autoDraw = False
1290.1151 	EXP 	New trial (rep=0, index=851): <Trial 851 (851 in rep 0) data={'center': 1, 'surround': 0.0, 'type': 'c+1', 'surr_type': 'noss', 'surr_opacity': 0, 'thisN': 851, 'thisTrialN': 851, 'thisRepN': 0}>
1290.1253 	INFO 	Keyboard events cleared
1290.1246 	EXP 	surround_grating: autoDraw = False
1290.1246 	EXP 	center_grating: autoDraw = False
1290.1246 	EXP 	text_2: autoDraw = False
1290.1246 	EXP 	surround_grating: ori = 0.0
1290.1246 	EXP 	surround_grating: sf = array([2.5, 2.5])
1290.1246 	EXP 	surround_grating: phase = array([0.46818116, 0.46818116])
1290.1246 	EXP 	center_grating: ori = 1.0
1290.1246 	EXP 	center_grating: sf = array([2.5, 2.5])
1290.1246 	EXP 	center_grating: phase = array([0.87071993, 0.87071993])
1290.6114 	EXP 	surround_grating: autoDraw = True
1290.6114 	EXP 	center_grating: autoDraw = True
1290.6841 	EXP 	surround_grating: autoDraw = False
1290.6841 	EXP 	center_grating: autoDraw = False
1291.0986 	EXP 	New trial (rep=0, index=852): <Trial 852 (852 in rep 0) data={'center': -4, 'surround': 0.0, 'type': 'c-4', 'surr_type': 'noss', 'surr_opacity': 0, 'thisN': 852, 'thisTrialN': 852, 'thisRepN': 0}>
1291.1092 	INFO 	Keyboard events cleared
1291.1089 	EXP 	surround_grating: autoDraw = False
1291.1089 	EXP 	center_grating: autoDraw = False
1291.1089 	EXP 	text_2: autoDraw = False
1291.1089 	EXP 	surround_grating: ori = 0.0
1291.1089 	EXP 	surround_grating: sf = array([2.5, 2.5])
1291.1089 	EXP 	surround_grating: phase = array([0.90088025, 0.90088025])
1291.1089 	EXP 	center_grating: ori = -4.0
1291.1089 	EXP 	center_grating: sf = array([2.5, 2.5])
1291.1089 	EXP 	center_grating: phase = array([0.98564126, 0.98564126])
1291.5948 	EXP 	surround_grating: autoDraw = True
1291.5948 	EXP 	center_grating: autoDraw = True
1291.6686 	EXP 	surround_grating: autoDraw = False
1291.6686 	EXP 	center_grating: autoDraw = False
1292.2318 	EXP 	New trial (rep=0, index=853): <Trial 853 (853 in rep 0) data={'center': -2, 'surround': 0.0, 'type': 'c-2', 'surr_type': 'noss', 'surr_opacity': 0, 'thisN': 853, 'thisTrialN': 853, 'thisRepN': 0}>
1292.2421 	INFO 	Keyboard events cleared
1292.2415 	EXP 	surround_grating: autoDraw = False
1292.2415 	EXP 	center_grating: autoDraw = False
1292.2415 	EXP 	text_2: autoDraw = False
1292.2415 	EXP 	surround_grating: ori = 0.0
1292.2415 	EXP 	surround_grating: sf = array([2.5, 2.5])
1292.2415 	EXP 	surround_grating: phase = array([0.23526663, 0.23526663])
1292.2415 	EXP 	center_grating: ori = -2.0
1292.2415 	EXP 	center_grating: sf = array([2.5, 2.5])
1292.2415 	EXP 	center_grating: phase = array([0.08737191, 0.08737191])
1292.7282 	EXP 	surround_grating: autoDraw = True
1292.7282 	EXP 	center_grating: autoDraw = True
1292.8005 	EXP 	surround_grating: autoDraw = False
1292.8005 	EXP 	center_grating: autoDraw = False
1293.3484 	EXP 	New trial (rep=0, index=854): <Trial 854 (854 in rep 0) data={'center': 2, 'surround': 15.0, 'type': 'c+2', 'surr_type': 'poss', 'surr_opacity': 100, 'thisN': 854, 'thisTrialN': 854, 'thisRepN': 0}>
1293.3593 	INFO 	Keyboard events cleared
1293.3589 	EXP 	surround_grating: autoDraw = False
1293.3589 	EXP 	center_grating: autoDraw = False
1293.3589 	EXP 	text_2: autoDraw = False
1293.3589 	EXP 	surround_grating: ori = 15.0
1293.3589 	EXP 	surround_grating: sf = array([2.5, 2.5])
1293.3589 	EXP 	surround_grating: phase = array([0.96235633, 0.96235633])
1293.3589 	EXP 	center_grating: ori = 2.0
1293.3589 	EXP 	center_grating: sf = array([2.5, 2.5])
1293.3589 	EXP 	center_grating: phase = array([0.12458624, 0.12458624])
1293.8444 	EXP 	surround_grating: autoDraw = True
1293.8444 	EXP 	center_grating: autoDraw = True
1293.9173 	EXP 	surround_grating: autoDraw = False
1293.9173 	EXP 	center_grating: autoDraw = False
1294.5031 	EXP 	New trial (rep=0, index=855): <Trial 855 (855 in rep 0) data={'center': 4, 'surround': 0.0, 'type': 'c+4', 'surr_type': 'noss', 'surr_opacity': 0, 'thisN': 855, 'thisTrialN': 855, 'thisRepN': 0}>
1294.5289 	INFO 	Keyboard events cleared
1294.5284 	EXP 	surround_grating: autoDraw = False
1294.5284 	EXP 	center_grating: autoDraw = False
1294.5284 	EXP 	text_2: autoDraw = False
1294.5284 	EXP 	surround_grating: ori = 0.0
1294.5284 	EXP 	surround_grating: sf = array([2.5, 2.5])
1294.5284 	EXP 	surround_grating: phase = array([0.26138797, 0.26138797])
1294.5284 	EXP 	center_grating: ori = 4.0
1294.5284 	EXP 	center_grating: sf = array([2.5, 2.5])
1294.5284 	EXP 	center_grating: phase = array([0.73974221, 0.73974221])
1295.0042 	EXP 	surround_grating: autoDraw = True
1295.0042 	EXP 	center_grating: autoDraw = True
1295.0788 	EXP 	surround_grating: autoDraw = False
1295.0788 	EXP 	center_grating: autoDraw = False
1295.4966 	EXP 	New trial (rep=0, index=856): <Trial 856 (856 in rep 0) data={'center': -2, 'surround': -15.0, 'type': 'c-2', 'surr_type': 'negs', 'surr_opacity': 100, 'thisN': 856, 'thisTrialN': 856, 'thisRepN': 0}>
1295.5042 	INFO 	Keyboard events cleared
1295.5038 	EXP 	surround_grating: autoDraw = False
1295.5038 	EXP 	center_grating: autoDraw = False
1295.5038 	EXP 	text_2: autoDraw = False
1295.5038 	EXP 	surround_grating: ori = -15.0
1295.5038 	EXP 	surround_grating: sf = array([2.5, 2.5])
1295.5038 	EXP 	surround_grating: phase = array([0.75071018, 0.75071018])
1295.5038 	EXP 	center_grating: ori = -2.0
1295.5038 	EXP 	center_grating: sf = array([2.5, 2.5])
1295.5038 	EXP 	center_grating: phase = array([0.02265587, 0.02265587])
1295.9876 	EXP 	surround_grating: autoDraw = True
1295.9876 	EXP 	center_grating: autoDraw = True
1296.0622 	EXP 	surround_grating: autoDraw = False
1296.0622 	EXP 	center_grating: autoDraw = False
1296.8988 	EXP 	New trial (rep=0, index=857): <Trial 857 (857 in rep 0) data={'center': 8, 'surround': 15.0, 'type': 'c+8', 'surr_type': 'poss', 'surr_opacity': 100, 'thisN': 857, 'thisTrialN': 857, 'thisRepN': 0}>
1296.9092 	INFO 	Keyboard events cleared
1296.9088 	EXP 	surround_grating: autoDraw = False
1296.9088 	EXP 	center_grating: autoDraw = False
1296.9088 	EXP 	text_2: autoDraw = False
1296.9088 	EXP 	surround_grating: ori = 15.0
1296.9088 	EXP 	surround_grating: sf = array([2.5, 2.5])
1296.9088 	EXP 	surround_grating: phase = array([0.89868192, 0.89868192])
1296.9088 	EXP 	center_grating: ori = 8.0
1296.9088 	EXP 	center_grating: sf = array([2.5, 2.5])
1296.9088 	EXP 	center_grating: phase = array([0.47248606, 0.47248606])
1297.3952 	EXP 	surround_grating: autoDraw = True
1297.3952 	EXP 	center_grating: autoDraw = True
1297.4675 	EXP 	surround_grating: autoDraw = False
1297.4675 	EXP 	center_grating: autoDraw = False
1297.9043 	EXP 	New trial (rep=0, index=858): <Trial 858 (858 in rep 0) data={'center': 8, 'surround': 15.0, 'type': 'c+8', 'surr_type': 'poss', 'surr_opacity': 100, 'thisN': 858, 'thisTrialN': 858, 'thisRepN': 0}>
1297.9148 	INFO 	Keyboard events cleared
1297.9143 	EXP 	surround_grating: autoDraw = False
1297.9143 	EXP 	center_grating: autoDraw = False
1297.9143 	EXP 	text_2: autoDraw = False
1297.9143 	EXP 	surround_grating: ori = 15.0
1297.9143 	EXP 	surround_grating: sf = array([2.5, 2.5])
1297.9143 	EXP 	surround_grating: phase = array([0.66352329, 0.66352329])
1297.9143 	EXP 	center_grating: ori = 8.0
1297.9143 	EXP 	center_grating: sf = array([2.5, 2.5])
1297.9143 	EXP 	center_grating: phase = array([0.76601254, 0.76601254])
1298.4038 	EXP 	surround_grating: autoDraw = True
1298.4038 	EXP 	center_grating: autoDraw = True
1298.4789 	EXP 	surround_grating: autoDraw = False
1298.4789 	EXP 	center_grating: autoDraw = False
1298.8701 	EXP 	New trial (rep=0, index=859): <Trial 859 (859 in rep 0) data={'center': -4, 'surround': -15.0, 'type': 'c-4', 'surr_type': 'negs', 'surr_opacity': 100, 'thisN': 859, 'thisTrialN': 859, 'thisRepN': 0}>
1298.8813 	INFO 	Keyboard events cleared
1298.8808 	EXP 	surround_grating: autoDraw = False
1298.8808 	EXP 	center_grating: autoDraw = False
1298.8808 	EXP 	text_2: autoDraw = False
1298.8808 	EXP 	surround_grating: ori = -15.0
1298.8808 	EXP 	surround_grating: sf = array([2.5, 2.5])
1298.8808 	EXP 	surround_grating: phase = array([0.40942945, 0.40942945])
1298.8808 	EXP 	center_grating: ori = -4.0
1298.8808 	EXP 	center_grating: sf = array([2.5, 2.5])
1298.8808 	EXP 	center_grating: phase = array([0.6613742, 0.6613742])
1299.3709 	EXP 	surround_grating: autoDraw = True
1299.3709 	EXP 	center_grating: autoDraw = True
1299.4456 	EXP 	surround_grating: autoDraw = False
1299.4456 	EXP 	center_grating: autoDraw = False
1300.0316 	EXP 	New trial (rep=0, index=860): <Trial 860 (860 in rep 0) data={'center': -1, 'surround': 0.0, 'type': 'c-1', 'surr_type': 'noss', 'surr_opacity': 0, 'thisN': 860, 'thisTrialN': 860, 'thisRepN': 0}>
1300.0426 	INFO 	Keyboard events cleared
1300.0422 	EXP 	surround_grating: autoDraw = False
1300.0422 	EXP 	center_grating: autoDraw = False
1300.0422 	EXP 	text_2: autoDraw = False
1300.0422 	EXP 	surround_grating: ori = 0.0
1300.0422 	EXP 	surround_grating: sf = array([2.5, 2.5])
1300.0422 	EXP 	surround_grating: phase = array([0.96515873, 0.96515873])
1300.0422 	EXP 	center_grating: ori = -1.0
1300.0422 	EXP 	center_grating: sf = array([2.5, 2.5])
1300.0422 	EXP 	center_grating: phase = array([0.69936336, 0.69936336])
1300.5285 	EXP 	surround_grating: autoDraw = True
1300.5285 	EXP 	center_grating: autoDraw = True
1300.6015 	EXP 	surround_grating: autoDraw = False
1300.6015 	EXP 	center_grating: autoDraw = False
1301.2037 	EXP 	New trial (rep=0, index=861): <Trial 861 (861 in rep 0) data={'center': 2, 'surround': 15.0, 'type': 'c+2', 'surr_type': 'poss', 'surr_opacity': 100, 'thisN': 861, 'thisTrialN': 861, 'thisRepN': 0}>
1301.2293 	INFO 	Keyboard events cleared
1301.2288 	EXP 	surround_grating: autoDraw = False
1301.2288 	EXP 	center_grating: autoDraw = False
1301.2288 	EXP 	text_2: autoDraw = False
1301.2288 	EXP 	surround_grating: ori = 15.0
1301.2288 	EXP 	surround_grating: sf = array([2.5, 2.5])
1301.2288 	EXP 	surround_grating: phase = array([0.40234979, 0.40234979])
1301.2288 	EXP 	center_grating: ori = 2.0
1301.2288 	EXP 	center_grating: sf = array([2.5, 2.5])
1301.2288 	EXP 	center_grating: phase = array([0.04026064, 0.04026064])
1301.7040 	EXP 	surround_grating: autoDraw = True
1301.7040 	EXP 	center_grating: autoDraw = True
1301.7791 	EXP 	surround_grating: autoDraw = False
1301.7791 	EXP 	center_grating: autoDraw = False
1302.8876 	EXP 	New trial (rep=0, index=862): <Trial 862 (862 in rep 0) data={'center': 1, 'surround': 0.0, 'type': 'c+1', 'surr_type': 'noss', 'surr_opacity': 0, 'thisN': 862, 'thisTrialN': 862, 'thisRepN': 0}>
1302.8977 	INFO 	Keyboard events cleared
1302.8972 	EXP 	surround_grating: autoDraw = False
1302.8972 	EXP 	center_grating: autoDraw = False
1302.8972 	EXP 	text_2: autoDraw = False
1302.8972 	EXP 	surround_grating: ori = 0.0
1302.8972 	EXP 	surround_grating: sf = array([2.5, 2.5])
1302.8972 	EXP 	surround_grating: phase = array([0.14346833, 0.14346833])
1302.8972 	EXP 	center_grating: ori = 1.0
1302.8972 	EXP 	center_grating: sf = array([2.5, 2.5])
1302.8972 	EXP 	center_grating: phase = array([0.40424863, 0.40424863])
1303.3877 	EXP 	surround_grating: autoDraw = True
1303.3877 	EXP 	center_grating: autoDraw = True
1303.4626 	EXP 	surround_grating: autoDraw = False
1303.4626 	EXP 	center_grating: autoDraw = False
1303.9658 	EXP 	New trial (rep=0, index=863): <Trial 863 (863 in rep 0) data={'center': -4, 'surround': 0.0, 'type': 'c-4', 'surr_type': 'noss', 'surr_opacity': 0, 'thisN': 863, 'thisTrialN': 863, 'thisRepN': 0}>
1303.9764 	INFO 	Keyboard events cleared
1303.9760 	EXP 	surround_grating: autoDraw = False
1303.9760 	EXP 	center_grating: autoDraw = False
1303.9760 	EXP 	text_2: autoDraw = False
1303.9760 	EXP 	surround_grating: ori = 0.0
1303.9760 	EXP 	surround_grating: sf = array([2.5, 2.5])
1303.9760 	EXP 	surround_grating: phase = array([0.46243511, 0.46243511])
1303.9760 	EXP 	center_grating: ori = -4.0
1303.9760 	EXP 	center_grating: sf = array([2.5, 2.5])
1303.9760 	EXP 	center_grating: phase = array([0.56238171, 0.56238171])
1304.4619 	EXP 	surround_grating: autoDraw = True
1304.4619 	EXP 	center_grating: autoDraw = True
1304.5343 	EXP 	surround_grating: autoDraw = False
1304.5343 	EXP 	center_grating: autoDraw = False
1304.8821 	EXP 	New trial (rep=0, index=864): <Trial 864 (864 in rep 0) data={'center': 6, 'surround': 15.0, 'type': 'c+6', 'surr_type': 'poss', 'surr_opacity': 100, 'thisN': 864, 'thisTrialN': 864, 'thisRepN': 0}>
1304.8922 	INFO 	Keyboard events cleared
1304.8917 	EXP 	surround_grating: autoDraw = False
1304.8917 	EXP 	center_grating: autoDraw = False
1304.8917 	EXP 	text_2: autoDraw = False
1304.8917 	EXP 	surround_grating: ori = 15.0
1304.8917 	EXP 	surround_grating: sf = array([2.5, 2.5])
1304.8917 	EXP 	surround_grating: phase = array([0.15406803, 0.15406803])
1304.8917 	EXP 	center_grating: ori = 6.0
1304.8917 	EXP 	center_grating: sf = array([2.5, 2.5])
1304.8917 	EXP 	center_grating: phase = array([0.61861434, 0.61861434])
1305.3788 	EXP 	surround_grating: autoDraw = True
1305.3788 	EXP 	center_grating: autoDraw = True
1305.4519 	EXP 	surround_grating: autoDraw = False
1305.4519 	EXP 	center_grating: autoDraw = False
1306.1985 	EXP 	New trial (rep=0, index=865): <Trial 865 (865 in rep 0) data={'center': -8, 'surround': -15.0, 'type': 'c-8', 'surr_type': 'negs', 'surr_opacity': 100, 'thisN': 865, 'thisTrialN': 865, 'thisRepN': 0}>
1306.2090 	INFO 	Keyboard events cleared
1306.2086 	EXP 	surround_grating: autoDraw = False
1306.2086 	EXP 	center_grating: autoDraw = False
1306.2086 	EXP 	text_2: autoDraw = False
1306.2086 	EXP 	surround_grating: ori = -15.0
1306.2086 	EXP 	surround_grating: sf = array([2.5, 2.5])
1306.2086 	EXP 	surround_grating: phase = array([0.35738418, 0.35738418])
1306.2086 	EXP 	center_grating: ori = -8.0
1306.2086 	EXP 	center_grating: sf = array([2.5, 2.5])
1306.2086 	EXP 	center_grating: phase = array([0.34318208, 0.34318208])
1306.6949 	EXP 	surround_grating: autoDraw = True
1306.6949 	EXP 	center_grating: autoDraw = True
1306.7676 	EXP 	surround_grating: autoDraw = False
1306.7676 	EXP 	center_grating: autoDraw = False
1307.4669 	EXP 	New trial (rep=0, index=866): <Trial 866 (866 in rep 0) data={'center': 4, 'surround': 15.0, 'type': 'c+4', 'surr_type': 'poss', 'surr_opacity': 100, 'thisN': 866, 'thisTrialN': 866, 'thisRepN': 0}>
1307.4773 	INFO 	Keyboard events cleared
1307.4768 	EXP 	surround_grating: autoDraw = False
1307.4768 	EXP 	center_grating: autoDraw = False
1307.4768 	EXP 	text_2: autoDraw = False
1307.4768 	EXP 	surround_grating: ori = 15.0
1307.4768 	EXP 	surround_grating: sf = array([2.5, 2.5])
1307.4768 	EXP 	surround_grating: phase = array([0.35350148, 0.35350148])
1307.4768 	EXP 	center_grating: ori = 4.0
1307.4768 	EXP 	center_grating: sf = array([2.5, 2.5])
1307.4768 	EXP 	center_grating: phase = array([0.52360946, 0.52360946])
1307.9622 	EXP 	surround_grating: autoDraw = True
1307.9622 	EXP 	center_grating: autoDraw = True
1308.0340 	EXP 	surround_grating: autoDraw = False
1308.0340 	EXP 	center_grating: autoDraw = False
1308.9151 	EXP 	New trial (rep=0, index=867): <Trial 867 (867 in rep 0) data={'center': 1, 'surround': 0.0, 'type': 'c+1', 'surr_type': 'noss', 'surr_opacity': 0, 'thisN': 867, 'thisTrialN': 867, 'thisRepN': 0}>
1308.9251 	INFO 	Keyboard events cleared
1308.9246 	EXP 	surround_grating: autoDraw = False
1308.9246 	EXP 	center_grating: autoDraw = False
1308.9246 	EXP 	text_2: autoDraw = False
1308.9246 	EXP 	surround_grating: ori = 0.0
1308.9246 	EXP 	surround_grating: sf = array([2.5, 2.5])
1308.9246 	EXP 	surround_grating: phase = array([0.09982848, 0.09982848])
1308.9246 	EXP 	center_grating: ori = 1.0
1308.9246 	EXP 	center_grating: sf = array([2.5, 2.5])
1308.9246 	EXP 	center_grating: phase = array([0.88110147, 0.88110147])
1309.4121 	EXP 	surround_grating: autoDraw = True
1309.4121 	EXP 	center_grating: autoDraw = True
1309.4844 	EXP 	surround_grating: autoDraw = False
1309.4844 	EXP 	center_grating: autoDraw = False
1309.9489 	EXP 	New trial (rep=0, index=868): <Trial 868 (868 in rep 0) data={'center': -8, 'surround': -15.0, 'type': 'c-8', 'surr_type': 'negs', 'surr_opacity': 100, 'thisN': 868, 'thisTrialN': 868, 'thisRepN': 0}>
1309.9588 	INFO 	Keyboard events cleared
1309.9584 	EXP 	surround_grating: autoDraw = False
1309.9584 	EXP 	center_grating: autoDraw = False
1309.9584 	EXP 	text_2: autoDraw = False
1309.9584 	EXP 	surround_grating: ori = -15.0
1309.9584 	EXP 	surround_grating: sf = array([2.5, 2.5])
1309.9584 	EXP 	surround_grating: phase = array([0.71083972, 0.71083972])
1309.9584 	EXP 	center_grating: ori = -8.0
1309.9584 	EXP 	center_grating: sf = array([2.5, 2.5])
1309.9584 	EXP 	center_grating: phase = array([0.81849396, 0.81849396])
1310.4455 	EXP 	surround_grating: autoDraw = True
1310.4455 	EXP 	center_grating: autoDraw = True
1310.5179 	EXP 	surround_grating: autoDraw = False
1310.5179 	EXP 	center_grating: autoDraw = False
1311.2484 	EXP 	New trial (rep=0, index=869): <Trial 869 (869 in rep 0) data={'center': -4, 'surround': -15.0, 'type': 'c-4', 'surr_type': 'negs', 'surr_opacity': 100, 'thisN': 869, 'thisTrialN': 869, 'thisRepN': 0}>
1311.2584 	INFO 	Keyboard events cleared
1311.2580 	EXP 	surround_grating: autoDraw = False
1311.2580 	EXP 	center_grating: autoDraw = False
1311.2580 	EXP 	text_2: autoDraw = False
1311.2580 	EXP 	surround_grating: ori = -15.0
1311.2580 	EXP 	surround_grating: sf = array([2.5, 2.5])
1311.2580 	EXP 	surround_grating: phase = array([0.3365969, 0.3365969])
1311.2580 	EXP 	center_grating: ori = -4.0
1311.2580 	EXP 	center_grating: sf = array([2.5, 2.5])
1311.2580 	EXP 	center_grating: phase = array([0.67862588, 0.67862588])
1311.7455 	EXP 	surround_grating: autoDraw = True
1311.7455 	EXP 	center_grating: autoDraw = True
1311.8177 	EXP 	surround_grating: autoDraw = False
1311.8177 	EXP 	center_grating: autoDraw = False
1312.3661 	EXP 	New trial (rep=0, index=870): <Trial 870 (870 in rep 0) data={'center': 8, 'surround': 15.0, 'type': 'c+8', 'surr_type': 'poss', 'surr_opacity': 100, 'thisN': 870, 'thisTrialN': 870, 'thisRepN': 0}>
1312.3762 	INFO 	Keyboard events cleared
1312.3756 	EXP 	surround_grating: autoDraw = False
1312.3756 	EXP 	center_grating: autoDraw = False
1312.3756 	EXP 	text_2: autoDraw = False
1312.3756 	EXP 	surround_grating: ori = 15.0
1312.3756 	EXP 	surround_grating: sf = array([2.5, 2.5])
1312.3756 	EXP 	surround_grating: phase = array([0.91852353, 0.91852353])
1312.3756 	EXP 	center_grating: ori = 8.0
1312.3756 	EXP 	center_grating: sf = array([2.5, 2.5])
1312.3756 	EXP 	center_grating: phase = array([0.55654766, 0.55654766])
1312.8625 	EXP 	surround_grating: autoDraw = True
1312.8625 	EXP 	center_grating: autoDraw = True
1312.9353 	EXP 	surround_grating: autoDraw = False
1312.9353 	EXP 	center_grating: autoDraw = False
1313.4986 	EXP 	New trial (rep=0, index=871): <Trial 871 (871 in rep 0) data={'center': 8, 'surround': 15.0, 'type': 'c+8', 'surr_type': 'poss', 'surr_opacity': 100, 'thisN': 871, 'thisTrialN': 871, 'thisRepN': 0}>
1313.5091 	INFO 	Keyboard events cleared
1313.5085 	EXP 	surround_grating: autoDraw = False
1313.5085 	EXP 	center_grating: autoDraw = False
1313.5085 	EXP 	text_2: autoDraw = False
1313.5085 	EXP 	surround_grating: ori = 15.0
1313.5085 	EXP 	surround_grating: sf = array([2.5, 2.5])
1313.5085 	EXP 	surround_grating: phase = array([0.87728823, 0.87728823])
1313.5085 	EXP 	center_grating: ori = 8.0
1313.5085 	EXP 	center_grating: sf = array([2.5, 2.5])
1313.5085 	EXP 	center_grating: phase = array([0.92701825, 0.92701825])
1313.9956 	EXP 	surround_grating: autoDraw = True
1313.9956 	EXP 	center_grating: autoDraw = True
1314.0690 	EXP 	surround_grating: autoDraw = False
1314.0690 	EXP 	center_grating: autoDraw = False
1314.8547 	EXP 	New trial (rep=0, index=872): <Trial 872 (872 in rep 0) data={'center': 4, 'surround': 15.0, 'type': 'c+4', 'surr_type': 'poss', 'surr_opacity': 100, 'thisN': 872, 'thisTrialN': 872, 'thisRepN': 0}>
1314.8649 	INFO 	Keyboard events cleared
1314.8644 	EXP 	surround_grating: autoDraw = False
1314.8644 	EXP 	center_grating: autoDraw = False
1314.8644 	EXP 	text_2: autoDraw = False
1314.8644 	EXP 	surround_grating: ori = 15.0
1314.8644 	EXP 	surround_grating: sf = array([2.5, 2.5])
1314.8644 	EXP 	surround_grating: phase = array([0.88919143, 0.88919143])
1314.8644 	EXP 	center_grating: ori = 4.0
1314.8644 	EXP 	center_grating: sf = array([2.5, 2.5])
1314.8644 	EXP 	center_grating: phase = array([0.11870464, 0.11870464])
1315.3552 	EXP 	surround_grating: autoDraw = True
1315.3552 	EXP 	center_grating: autoDraw = True
1315.4297 	EXP 	surround_grating: autoDraw = False
1315.4297 	EXP 	center_grating: autoDraw = False
1315.8823 	EXP 	New trial (rep=0, index=873): <Trial 873 (873 in rep 0) data={'center': -2, 'surround': -15.0, 'type': 'c-2', 'surr_type': 'negs', 'surr_opacity': 100, 'thisN': 873, 'thisTrialN': 873, 'thisRepN': 0}>
1315.8936 	INFO 	Keyboard events cleared
1315.8932 	EXP 	surround_grating: autoDraw = False
1315.8932 	EXP 	center_grating: autoDraw = False
1315.8932 	EXP 	text_2: autoDraw = False
1315.8932 	EXP 	surround_grating: ori = -15.0
1315.8932 	EXP 	surround_grating: sf = array([2.5, 2.5])
1315.8932 	EXP 	surround_grating: phase = array([0.44554934, 0.44554934])
1315.8932 	EXP 	center_grating: ori = -2.0
1315.8932 	EXP 	center_grating: sf = array([2.5, 2.5])
1315.8932 	EXP 	center_grating: phase = array([0.5254925, 0.5254925])
1316.3791 	EXP 	surround_grating: autoDraw = True
1316.3791 	EXP 	center_grating: autoDraw = True
1316.4514 	EXP 	surround_grating: autoDraw = False
1316.4514 	EXP 	center_grating: autoDraw = False
1317.1082 	EXP 	New trial (rep=0, index=874): <Trial 874 (874 in rep 0) data={'center': -4, 'surround': -15.0, 'type': 'c-4', 'surr_type': 'negs', 'surr_opacity': 100, 'thisN': 874, 'thisTrialN': 874, 'thisRepN': 0}>
1317.1154 	INFO 	Keyboard events cleared
1317.1149 	EXP 	surround_grating: autoDraw = False
1317.1149 	EXP 	center_grating: autoDraw = False
1317.1149 	EXP 	text_2: autoDraw = False
1317.1149 	EXP 	surround_grating: ori = -15.0
1317.1149 	EXP 	surround_grating: sf = array([2.5, 2.5])
1317.1149 	EXP 	surround_grating: phase = array([0.64061598, 0.64061598])
1317.1149 	EXP 	center_grating: ori = -4.0
1317.1149 	EXP 	center_grating: sf = array([2.5, 2.5])
1317.1149 	EXP 	center_grating: phase = array([0.06096328, 0.06096328])
1317.6046 	EXP 	surround_grating: autoDraw = True
1317.6046 	EXP 	center_grating: autoDraw = True
1317.6797 	EXP 	surround_grating: autoDraw = False
1317.6797 	EXP 	center_grating: autoDraw = False
1318.1989 	EXP 	New trial (rep=0, index=875): <Trial 875 (875 in rep 0) data={'center': 2, 'surround': 0.0, 'type': 'c+2', 'surr_type': 'noss', 'surr_opacity': 0, 'thisN': 875, 'thisTrialN': 875, 'thisRepN': 0}>
1318.2092 	INFO 	Keyboard events cleared
1318.2088 	EXP 	surround_grating: autoDraw = False
1318.2088 	EXP 	center_grating: autoDraw = False
1318.2088 	EXP 	text_2: autoDraw = False
1318.2088 	EXP 	surround_grating: ori = 0.0
1318.2088 	EXP 	surround_grating: sf = array([2.5, 2.5])
1318.2088 	EXP 	surround_grating: phase = array([0.75755995, 0.75755995])
1318.2088 	EXP 	center_grating: ori = 2.0
1318.2088 	EXP 	center_grating: sf = array([2.5, 2.5])
1318.2088 	EXP 	center_grating: phase = array([0.39291343, 0.39291343])
1318.6957 	EXP 	surround_grating: autoDraw = True
1318.6957 	EXP 	center_grating: autoDraw = True
1318.7681 	EXP 	surround_grating: autoDraw = False
1318.7681 	EXP 	center_grating: autoDraw = False
1319.3996 	EXP 	New trial (rep=0, index=876): <Trial 876 (876 in rep 0) data={'center': -2, 'surround': -15.0, 'type': 'c-2', 'surr_type': 'negs', 'surr_opacity': 100, 'thisN': 876, 'thisTrialN': 876, 'thisRepN': 0}>
1319.4095 	INFO 	Keyboard events cleared
1319.4090 	EXP 	surround_grating: autoDraw = False
1319.4090 	EXP 	center_grating: autoDraw = False
1319.4090 	EXP 	text_2: autoDraw = False
1319.4090 	EXP 	surround_grating: ori = -15.0
1319.4090 	EXP 	surround_grating: sf = array([2.5, 2.5])
1319.4090 	EXP 	surround_grating: phase = array([0.67019061, 0.67019061])
1319.4090 	EXP 	center_grating: ori = -2.0
1319.4090 	EXP 	center_grating: sf = array([2.5, 2.5])
1319.4090 	EXP 	center_grating: phase = array([0.69729991, 0.69729991])
1319.8958 	EXP 	surround_grating: autoDraw = True
1319.8958 	EXP 	center_grating: autoDraw = True
1319.9683 	EXP 	surround_grating: autoDraw = False
1319.9683 	EXP 	center_grating: autoDraw = False
1320.8154 	EXP 	New trial (rep=0, index=877): <Trial 877 (877 in rep 0) data={'center': 1, 'surround': 0.0, 'type': 'c+1', 'surr_type': 'noss', 'surr_opacity': 0, 'thisN': 877, 'thisTrialN': 877, 'thisRepN': 0}>
1320.8253 	INFO 	Keyboard events cleared
1320.8248 	EXP 	surround_grating: autoDraw = False
1320.8248 	EXP 	center_grating: autoDraw = False
1320.8248 	EXP 	text_2: autoDraw = False
1320.8248 	EXP 	surround_grating: ori = 0.0
1320.8248 	EXP 	surround_grating: sf = array([2.5, 2.5])
1320.8248 	EXP 	surround_grating: phase = array([0.61750639, 0.61750639])
1320.8248 	EXP 	center_grating: ori = 1.0
1320.8248 	EXP 	center_grating: sf = array([2.5, 2.5])
1320.8248 	EXP 	center_grating: phase = array([0.5399845, 0.5399845])
1321.3125 	EXP 	surround_grating: autoDraw = True
1321.3125 	EXP 	center_grating: autoDraw = True
1321.3850 	EXP 	surround_grating: autoDraw = False
1321.3850 	EXP 	center_grating: autoDraw = False
1321.9167 	EXP 	New trial (rep=0, index=878): <Trial 878 (878 in rep 0) data={'center': -1, 'surround': 0.0, 'type': 'c-1', 'surr_type': 'noss', 'surr_opacity': 0, 'thisN': 878, 'thisTrialN': 878, 'thisRepN': 0}>
1321.9269 	INFO 	Keyboard events cleared
1321.9264 	EXP 	surround_grating: autoDraw = False
1321.9264 	EXP 	center_grating: autoDraw = False
1321.9264 	EXP 	text_2: autoDraw = False
1321.9264 	EXP 	surround_grating: ori = 0.0
1321.9264 	EXP 	surround_grating: sf = array([2.5, 2.5])
1321.9264 	EXP 	surround_grating: phase = array([0.29518338, 0.29518338])
1321.9264 	EXP 	center_grating: ori = -1.0
1321.9264 	EXP 	center_grating: sf = array([2.5, 2.5])
1321.9264 	EXP 	center_grating: phase = array([0.2241557, 0.2241557])
1322.4125 	EXP 	surround_grating: autoDraw = True
1322.4125 	EXP 	center_grating: autoDraw = True
1322.4839 	EXP 	surround_grating: autoDraw = False
1322.4839 	EXP 	center_grating: autoDraw = False
1322.8831 	EXP 	New trial (rep=0, index=879): <Trial 879 (879 in rep 0) data={'center': 2, 'surround': 15.0, 'type': 'c+2', 'surr_type': 'poss', 'surr_opacity': 100, 'thisN': 879, 'thisTrialN': 879, 'thisRepN': 0}>
1322.8934 	INFO 	Keyboard events cleared
1322.8929 	EXP 	surround_grating: autoDraw = False
1322.8929 	EXP 	center_grating: autoDraw = False
1322.8929 	EXP 	text_2: autoDraw = False
1322.8929 	EXP 	surround_grating: ori = 15.0
1322.8929 	EXP 	surround_grating: sf = array([2.5, 2.5])
1322.8929 	EXP 	surround_grating: phase = array([0.16792208, 0.16792208])
1322.8929 	EXP 	center_grating: ori = 2.0
1322.8929 	EXP 	center_grating: sf = array([2.5, 2.5])
1322.8929 	EXP 	center_grating: phase = array([0.47535343, 0.47535343])
1323.3793 	EXP 	surround_grating: autoDraw = True
1323.3793 	EXP 	center_grating: autoDraw = True
1323.4516 	EXP 	surround_grating: autoDraw = False
1323.4516 	EXP 	center_grating: autoDraw = False
1323.9836 	EXP 	New trial (rep=0, index=880): <Trial 880 (880 in rep 0) data={'center': -4, 'surround': -15.0, 'type': 'c-4', 'surr_type': 'negs', 'surr_opacity': 100, 'thisN': 880, 'thisTrialN': 880, 'thisRepN': 0}>
1323.9945 	INFO 	Keyboard events cleared
1323.9940 	EXP 	surround_grating: autoDraw = False
1323.9940 	EXP 	center_grating: autoDraw = False
1323.9940 	EXP 	text_2: autoDraw = False
1323.9940 	EXP 	surround_grating: ori = -15.0
1323.9940 	EXP 	surround_grating: sf = array([2.5, 2.5])
1323.9940 	EXP 	surround_grating: phase = array([0.41146696, 0.41146696])
1323.9940 	EXP 	center_grating: ori = -4.0
1323.9940 	EXP 	center_grating: sf = array([2.5, 2.5])
1323.9940 	EXP 	center_grating: phase = array([0.99521562, 0.99521562])
1324.4793 	EXP 	surround_grating: autoDraw = True
1324.4793 	EXP 	center_grating: autoDraw = True
1324.5523 	EXP 	surround_grating: autoDraw = False
1324.5523 	EXP 	center_grating: autoDraw = False
1325.1375 	EXP 	New trial (rep=0, index=881): <Trial 881 (881 in rep 0) data={'center': -2, 'surround': 0.0, 'type': 'c-2', 'surr_type': 'noss', 'surr_opacity': 0, 'thisN': 881, 'thisTrialN': 881, 'thisRepN': 0}>
1325.1635 	INFO 	Keyboard events cleared
1325.1629 	EXP 	surround_grating: autoDraw = False
1325.1629 	EXP 	center_grating: autoDraw = False
1325.1629 	EXP 	text_2: autoDraw = False
1325.1629 	EXP 	surround_grating: ori = 0.0
1325.1629 	EXP 	surround_grating: sf = array([2.5, 2.5])
1325.1629 	EXP 	surround_grating: phase = array([0.32362073, 0.32362073])
1325.1629 	EXP 	center_grating: ori = -2.0
1325.1629 	EXP 	center_grating: sf = array([2.5, 2.5])
1325.1629 	EXP 	center_grating: phase = array([0.60412531, 0.60412531])
1325.6379 	EXP 	surround_grating: autoDraw = True
1325.6379 	EXP 	center_grating: autoDraw = True
1325.7135 	EXP 	surround_grating: autoDraw = False
1325.7135 	EXP 	center_grating: autoDraw = False
1326.4991 	EXP 	New trial (rep=0, index=882): <Trial 882 (882 in rep 0) data={'center': 2, 'surround': 15.0, 'type': 'c+2', 'surr_type': 'poss', 'surr_opacity': 100, 'thisN': 882, 'thisTrialN': 882, 'thisRepN': 0}>
1326.5092 	INFO 	Keyboard events cleared
1326.5087 	EXP 	surround_grating: autoDraw = False
1326.5087 	EXP 	center_grating: autoDraw = False
1326.5087 	EXP 	text_2: autoDraw = False
1326.5087 	EXP 	surround_grating: ori = 15.0
1326.5087 	EXP 	surround_grating: sf = array([2.5, 2.5])
1326.5087 	EXP 	surround_grating: phase = array([0.30376663, 0.30376663])
1326.5087 	EXP 	center_grating: ori = 2.0
1326.5087 	EXP 	center_grating: sf = array([2.5, 2.5])
1326.5087 	EXP 	center_grating: phase = array([0.04789301, 0.04789301])
1326.9962 	EXP 	surround_grating: autoDraw = True
1326.9962 	EXP 	center_grating: autoDraw = True
1327.0686 	EXP 	surround_grating: autoDraw = False
1327.0686 	EXP 	center_grating: autoDraw = False
1327.7256 	EXP 	New trial (rep=0, index=883): <Trial 883 (883 in rep 0) data={'center': 4, 'surround': 15.0, 'type': 'c+4', 'surr_type': 'poss', 'surr_opacity': 100, 'thisN': 883, 'thisTrialN': 883, 'thisRepN': 0}>
1327.7324 	INFO 	Keyboard events cleared
1327.7320 	EXP 	surround_grating: autoDraw = False
1327.7320 	EXP 	center_grating: autoDraw = False
1327.7320 	EXP 	text_2: autoDraw = False
1327.7320 	EXP 	surround_grating: ori = 15.0
1327.7320 	EXP 	surround_grating: sf = array([2.5, 2.5])
1327.7320 	EXP 	surround_grating: phase = array([0.93599507, 0.93599507])
1327.7320 	EXP 	center_grating: ori = 4.0
1327.7320 	EXP 	center_grating: sf = array([2.5, 2.5])
1327.7320 	EXP 	center_grating: phase = array([0.02375468, 0.02375468])
1328.2219 	EXP 	surround_grating: autoDraw = True
1328.2219 	EXP 	center_grating: autoDraw = True
1328.2965 	EXP 	surround_grating: autoDraw = False
1328.2965 	EXP 	center_grating: autoDraw = False
1328.7494 	EXP 	New trial (rep=0, index=884): <Trial 884 (884 in rep 0) data={'center': -2, 'surround': -15.0, 'type': 'c-2', 'surr_type': 'negs', 'surr_opacity': 100, 'thisN': 884, 'thisTrialN': 884, 'thisRepN': 0}>
1328.7603 	INFO 	Keyboard events cleared
1328.7598 	EXP 	surround_grating: autoDraw = False
1328.7598 	EXP 	center_grating: autoDraw = False
1328.7598 	EXP 	text_2: autoDraw = False
1328.7598 	EXP 	surround_grating: ori = -15.0
1328.7598 	EXP 	surround_grating: sf = array([2.5, 2.5])
1328.7598 	EXP 	surround_grating: phase = array([0.08821854, 0.08821854])
1328.7598 	EXP 	center_grating: ori = -2.0
1328.7598 	EXP 	center_grating: sf = array([2.5, 2.5])
1328.7598 	EXP 	center_grating: phase = array([0.50483166, 0.50483166])
1329.2462 	EXP 	surround_grating: autoDraw = True
1329.2462 	EXP 	center_grating: autoDraw = True
1329.3190 	EXP 	surround_grating: autoDraw = False
1329.3190 	EXP 	center_grating: autoDraw = False
1329.9503 	EXP 	New trial (rep=0, index=885): <Trial 885 (885 in rep 0) data={'center': 4, 'surround': 15.0, 'type': 'c+4', 'surr_type': 'poss', 'surr_opacity': 100, 'thisN': 885, 'thisTrialN': 885, 'thisRepN': 0}>
1329.9611 	INFO 	Keyboard events cleared
1329.9607 	EXP 	surround_grating: autoDraw = False
1329.9607 	EXP 	center_grating: autoDraw = False
1329.9607 	EXP 	text_2: autoDraw = False
1329.9607 	EXP 	surround_grating: ori = 15.0
1329.9607 	EXP 	surround_grating: sf = array([2.5, 2.5])
1329.9607 	EXP 	surround_grating: phase = array([0.01580417, 0.01580417])
1329.9607 	EXP 	center_grating: ori = 4.0
1329.9607 	EXP 	center_grating: sf = array([2.5, 2.5])
1329.9607 	EXP 	center_grating: phase = array([0.38599915, 0.38599915])
1330.4463 	EXP 	surround_grating: autoDraw = True
1330.4463 	EXP 	center_grating: autoDraw = True
1330.5184 	EXP 	surround_grating: autoDraw = False
1330.5184 	EXP 	center_grating: autoDraw = False
1331.2161 	EXP 	New trial (rep=0, index=886): <Trial 886 (886 in rep 0) data={'center': -4, 'surround': 0.0, 'type': 'c-4', 'surr_type': 'noss', 'surr_opacity': 0, 'thisN': 886, 'thisTrialN': 886, 'thisRepN': 0}>
1331.2265 	INFO 	Keyboard events cleared
1331.2260 	EXP 	surround_grating: autoDraw = False
1331.2260 	EXP 	center_grating: autoDraw = False
1331.2260 	EXP 	text_2: autoDraw = False
1331.2260 	EXP 	surround_grating: ori = 0.0
1331.2260 	EXP 	surround_grating: sf = array([2.5, 2.5])
1331.2260 	EXP 	surround_grating: phase = array([0.3752986, 0.3752986])
1331.2260 	EXP 	center_grating: ori = -4.0
1331.2260 	EXP 	center_grating: sf = array([2.5, 2.5])
1331.2260 	EXP 	center_grating: phase = array([0.64192611, 0.64192611])
1331.7130 	EXP 	surround_grating: autoDraw = True
1331.7130 	EXP 	center_grating: autoDraw = True
1331.7851 	EXP 	surround_grating: autoDraw = False
1331.7851 	EXP 	center_grating: autoDraw = False
1332.5007 	EXP 	New trial (rep=0, index=887): <Trial 887 (887 in rep 0) data={'center': 0, 'surround': 15.0, 'type': 'c+0', 'surr_type': 'poss', 'surr_opacity': 100, 'thisN': 887, 'thisTrialN': 887, 'thisRepN': 0}>
1332.5116 	INFO 	Keyboard events cleared
1332.5110 	EXP 	surround_grating: autoDraw = False
1332.5110 	EXP 	center_grating: autoDraw = False
1332.5110 	EXP 	text_2: autoDraw = False
1332.5110 	EXP 	surround_grating: ori = 15.0
1332.5110 	EXP 	surround_grating: sf = array([2.5, 2.5])
1332.5110 	EXP 	surround_grating: phase = array([0.82083975, 0.82083975])
1332.5110 	EXP 	center_grating: ori = 0.0
1332.5110 	EXP 	center_grating: sf = array([2.5, 2.5])
1332.5110 	EXP 	center_grating: phase = array([0.26312254, 0.26312254])
1332.9962 	EXP 	surround_grating: autoDraw = True
1332.9962 	EXP 	center_grating: autoDraw = True
1333.0687 	EXP 	surround_grating: autoDraw = False
1333.0687 	EXP 	center_grating: autoDraw = False
1333.5554 	EXP 	New trial (rep=0, index=888): <Trial 888 (888 in rep 0) data={'center': -1, 'surround': 0.0, 'type': 'c-1', 'surr_type': 'noss', 'surr_opacity': 0, 'thisN': 888, 'thisTrialN': 888, 'thisRepN': 0}>
1333.5659 	INFO 	Keyboard events cleared
1333.5654 	EXP 	surround_grating: autoDraw = False
1333.5654 	EXP 	center_grating: autoDraw = False
1333.5654 	EXP 	text_2: autoDraw = False
1333.5654 	EXP 	surround_grating: ori = 0.0
1333.5654 	EXP 	surround_grating: sf = array([2.5, 2.5])
1333.5654 	EXP 	surround_grating: phase = array([0.1177453, 0.1177453])
1333.5654 	EXP 	center_grating: ori = -1.0
1333.5654 	EXP 	center_grating: sf = array([2.5, 2.5])
1333.5654 	EXP 	center_grating: phase = array([0.56325342, 0.56325342])
1334.0552 	EXP 	surround_grating: autoDraw = True
1334.0552 	EXP 	center_grating: autoDraw = True
1334.1305 	EXP 	surround_grating: autoDraw = False
1334.1305 	EXP 	center_grating: autoDraw = False
1334.3827 	EXP 	New trial (rep=0, index=889): <Trial 889 (889 in rep 0) data={'center': 1, 'surround': 0.0, 'type': 'c+1', 'surr_type': 'noss', 'surr_opacity': 0, 'thisN': 889, 'thisTrialN': 889, 'thisRepN': 0}>
1334.3926 	INFO 	Keyboard events cleared
1334.3921 	EXP 	surround_grating: autoDraw = False
1334.3921 	EXP 	center_grating: autoDraw = False
1334.3921 	EXP 	text_2: autoDraw = False
1334.3921 	EXP 	surround_grating: ori = 0.0
1334.3921 	EXP 	surround_grating: sf = array([2.5, 2.5])
1334.3921 	EXP 	surround_grating: phase = array([0.47076283, 0.47076283])
1334.3921 	EXP 	center_grating: ori = 1.0
1334.3921 	EXP 	center_grating: sf = array([2.5, 2.5])
1334.3921 	EXP 	center_grating: phase = array([0.73138126, 0.73138126])
1334.8797 	EXP 	surround_grating: autoDraw = True
1334.8797 	EXP 	center_grating: autoDraw = True
1334.9518 	EXP 	surround_grating: autoDraw = False
1334.9518 	EXP 	center_grating: autoDraw = False
1335.3726 	EXP 	New trial (rep=0, index=890): <Trial 890 (890 in rep 0) data={'center': 1, 'surround': 0.0, 'type': 'c+1', 'surr_type': 'noss', 'surr_opacity': 0, 'thisN': 890, 'thisTrialN': 890, 'thisRepN': 0}>
1335.3829 	INFO 	Keyboard events cleared
1335.3824 	EXP 	surround_grating: autoDraw = False
1335.3824 	EXP 	center_grating: autoDraw = False
1335.3824 	EXP 	text_2: autoDraw = False
1335.3824 	EXP 	surround_grating: ori = 0.0
1335.3824 	EXP 	surround_grating: sf = array([2.5, 2.5])
1335.3824 	EXP 	surround_grating: phase = array([0.57309903, 0.57309903])
1335.3824 	EXP 	center_grating: ori = 1.0
1335.3824 	EXP 	center_grating: sf = array([2.5, 2.5])
1335.3824 	EXP 	center_grating: phase = array([0.59190787, 0.59190787])
1335.8728 	EXP 	surround_grating: autoDraw = True
1335.8728 	EXP 	center_grating: autoDraw = True
1335.9469 	EXP 	surround_grating: autoDraw = False
1335.9469 	EXP 	center_grating: autoDraw = False
1336.7162 	EXP 	New trial (rep=0, index=891): <Trial 891 (891 in rep 0) data={'center': -1, 'surround': 0.0, 'type': 'c-1', 'surr_type': 'noss', 'surr_opacity': 0, 'thisN': 891, 'thisTrialN': 891, 'thisRepN': 0}>
1336.7264 	INFO 	Keyboard events cleared
1336.7259 	EXP 	surround_grating: autoDraw = False
1336.7259 	EXP 	center_grating: autoDraw = False
1336.7259 	EXP 	text_2: autoDraw = False
1336.7259 	EXP 	surround_grating: ori = 0.0
1336.7259 	EXP 	surround_grating: sf = array([2.5, 2.5])
1336.7259 	EXP 	surround_grating: phase = array([0.7879037, 0.7879037])
1336.7259 	EXP 	center_grating: ori = -1.0
1336.7259 	EXP 	center_grating: sf = array([2.5, 2.5])
1336.7259 	EXP 	center_grating: phase = array([0.00680754, 0.00680754])
1337.2131 	EXP 	surround_grating: autoDraw = True
1337.2131 	EXP 	center_grating: autoDraw = True
1337.2852 	EXP 	surround_grating: autoDraw = False
1337.2852 	EXP 	center_grating: autoDraw = False
1337.9386 	EXP 	New trial (rep=0, index=892): <Trial 892 (892 in rep 0) data={'center': 0, 'surround': 15.0, 'type': 'c+0', 'surr_type': 'poss', 'surr_opacity': 100, 'thisN': 892, 'thisTrialN': 892, 'thisRepN': 0}>
1337.9493 	INFO 	Keyboard events cleared
1337.9490 	EXP 	surround_grating: autoDraw = False
1337.9490 	EXP 	center_grating: autoDraw = False
1337.9490 	EXP 	text_2: autoDraw = False
1337.9490 	EXP 	surround_grating: ori = 15.0
1337.9490 	EXP 	surround_grating: sf = array([2.5, 2.5])
1337.9490 	EXP 	surround_grating: phase = array([0.23135714, 0.23135714])
1337.9490 	EXP 	center_grating: ori = 0.0
1337.9490 	EXP 	center_grating: sf = array([2.5, 2.5])
1337.9490 	EXP 	center_grating: phase = array([0.4820506, 0.4820506])
1338.4397 	EXP 	surround_grating: autoDraw = True
1338.4397 	EXP 	center_grating: autoDraw = True
1338.5138 	EXP 	surround_grating: autoDraw = False
1338.5138 	EXP 	center_grating: autoDraw = False
1339.0994 	EXP 	New trial (rep=0, index=893): <Trial 893 (893 in rep 0) data={'center': -2, 'surround': 15.0, 'type': 'c-2', 'surr_type': 'poss', 'surr_opacity': 100, 'thisN': 893, 'thisTrialN': 893, 'thisRepN': 0}>
1339.1092 	INFO 	Keyboard events cleared
1339.1088 	EXP 	surround_grating: autoDraw = False
1339.1088 	EXP 	center_grating: autoDraw = False
1339.1088 	EXP 	text_2: autoDraw = False
1339.1088 	EXP 	surround_grating: ori = 15.0
1339.1088 	EXP 	surround_grating: sf = array([2.5, 2.5])
1339.1088 	EXP 	surround_grating: phase = array([0.79315098, 0.79315098])
1339.1088 	EXP 	center_grating: ori = -2.0
1339.1088 	EXP 	center_grating: sf = array([2.5, 2.5])
1339.1088 	EXP 	center_grating: phase = array([0.49486635, 0.49486635])
1339.5966 	EXP 	surround_grating: autoDraw = True
1339.5966 	EXP 	center_grating: autoDraw = True
1339.6689 	EXP 	surround_grating: autoDraw = False
1339.6689 	EXP 	center_grating: autoDraw = False
1340.3501 	EXP 	New trial (rep=0, index=894): <Trial 894 (894 in rep 0) data={'center': -4, 'surround': -15.0, 'type': 'c-4', 'surr_type': 'negs', 'surr_opacity': 100, 'thisN': 894, 'thisTrialN': 894, 'thisRepN': 0}>
1340.3612 	INFO 	Keyboard events cleared
1340.3608 	EXP 	surround_grating: autoDraw = False
1340.3608 	EXP 	center_grating: autoDraw = False
1340.3608 	EXP 	text_2: autoDraw = False
1340.3608 	EXP 	surround_grating: ori = -15.0
1340.3608 	EXP 	surround_grating: sf = array([2.5, 2.5])
1340.3608 	EXP 	surround_grating: phase = array([0.20843437, 0.20843437])
1340.3608 	EXP 	center_grating: ori = -4.0
1340.3608 	EXP 	center_grating: sf = array([2.5, 2.5])
1340.3608 	EXP 	center_grating: phase = array([0.9496195, 0.9496195])
1340.8466 	EXP 	surround_grating: autoDraw = True
1340.8466 	EXP 	center_grating: autoDraw = True
1340.9194 	EXP 	surround_grating: autoDraw = False
1340.9194 	EXP 	center_grating: autoDraw = False
1341.6172 	EXP 	New trial (rep=0, index=895): <Trial 895 (895 in rep 0) data={'center': -6, 'surround': -15.0, 'type': 'c-6', 'surr_type': 'negs', 'surr_opacity': 100, 'thisN': 895, 'thisTrialN': 895, 'thisRepN': 0}>
1341.6279 	INFO 	Keyboard events cleared
1341.6273 	EXP 	surround_grating: autoDraw = False
1341.6273 	EXP 	center_grating: autoDraw = False
1341.6273 	EXP 	text_2: autoDraw = False
1341.6273 	EXP 	surround_grating: ori = -15.0
1341.6273 	EXP 	surround_grating: sf = array([2.5, 2.5])
1341.6273 	EXP 	surround_grating: phase = array([0.42875508, 0.42875508])
1341.6273 	EXP 	center_grating: ori = -6.0
1341.6273 	EXP 	center_grating: sf = array([2.5, 2.5])
1341.6273 	EXP 	center_grating: phase = array([0.2667263, 0.2667263])
1342.1132 	EXP 	surround_grating: autoDraw = True
1342.1132 	EXP 	center_grating: autoDraw = True
1342.1848 	EXP 	surround_grating: autoDraw = False
1342.1848 	EXP 	center_grating: autoDraw = False
1342.6502 	EXP 	New trial (rep=0, index=896): <Trial 896 (896 in rep 0) data={'center': -6, 'surround': -15.0, 'type': 'c-6', 'surr_type': 'negs', 'surr_opacity': 100, 'thisN': 896, 'thisTrialN': 896, 'thisRepN': 0}>
1342.6604 	INFO 	Keyboard events cleared
1342.6598 	EXP 	surround_grating: autoDraw = False
1342.6598 	EXP 	center_grating: autoDraw = False
1342.6598 	EXP 	text_2: autoDraw = False
1342.6598 	EXP 	surround_grating: ori = -15.0
1342.6598 	EXP 	surround_grating: sf = array([2.5, 2.5])
1342.6598 	EXP 	surround_grating: phase = array([0.25792872, 0.25792872])
1342.6598 	EXP 	center_grating: ori = -6.0
1342.6598 	EXP 	center_grating: sf = array([2.5, 2.5])
1342.6598 	EXP 	center_grating: phase = array([0.30757212, 0.30757212])
1343.1466 	EXP 	surround_grating: autoDraw = True
1343.1466 	EXP 	center_grating: autoDraw = True
1343.2187 	EXP 	surround_grating: autoDraw = False
1343.2187 	EXP 	center_grating: autoDraw = False
1343.6665 	EXP 	New trial (rep=0, index=897): <Trial 897 (897 in rep 0) data={'center': 1, 'surround': 0.0, 'type': 'c+1', 'surr_type': 'noss', 'surr_opacity': 0, 'thisN': 897, 'thisTrialN': 897, 'thisRepN': 0}>
1343.6765 	INFO 	Keyboard events cleared
1343.6760 	EXP 	surround_grating: autoDraw = False
1343.6760 	EXP 	center_grating: autoDraw = False
1343.6760 	EXP 	text_2: autoDraw = False
1343.6760 	EXP 	surround_grating: ori = 0.0
1343.6760 	EXP 	surround_grating: sf = array([2.5, 2.5])
1343.6760 	EXP 	surround_grating: phase = array([0.66636554, 0.66636554])
1343.6760 	EXP 	center_grating: ori = 1.0
1343.6760 	EXP 	center_grating: sf = array([2.5, 2.5])
1343.6760 	EXP 	center_grating: phase = array([0.30943469, 0.30943469])
1344.1634 	EXP 	surround_grating: autoDraw = True
1344.1634 	EXP 	center_grating: autoDraw = True
1344.2365 	EXP 	surround_grating: autoDraw = False
1344.2365 	EXP 	center_grating: autoDraw = False
1344.7664 	EXP 	New trial (rep=0, index=898): <Trial 898 (898 in rep 0) data={'center': -2, 'surround': 0.0, 'type': 'c-2', 'surr_type': 'noss', 'surr_opacity': 0, 'thisN': 898, 'thisTrialN': 898, 'thisRepN': 0}>
1344.7764 	INFO 	Keyboard events cleared
1344.7759 	EXP 	surround_grating: autoDraw = False
1344.7759 	EXP 	center_grating: autoDraw = False
1344.7759 	EXP 	text_2: autoDraw = False
1344.7759 	EXP 	surround_grating: ori = 0.0
1344.7759 	EXP 	surround_grating: sf = array([2.5, 2.5])
1344.7759 	EXP 	surround_grating: phase = array([0.72963752, 0.72963752])
1344.7759 	EXP 	center_grating: ori = -2.0
1344.7759 	EXP 	center_grating: sf = array([2.5, 2.5])
1344.7759 	EXP 	center_grating: phase = array([0.78372176, 0.78372176])
1345.2634 	EXP 	surround_grating: autoDraw = True
1345.2634 	EXP 	center_grating: autoDraw = True
1345.3362 	EXP 	surround_grating: autoDraw = False
1345.3362 	EXP 	center_grating: autoDraw = False
1345.7897 	EXP 	New trial (rep=0, index=899): <Trial 899 (899 in rep 0) data={'center': -1, 'surround': 0.0, 'type': 'c-1', 'surr_type': 'noss', 'surr_opacity': 0, 'thisN': 899, 'thisTrialN': 899, 'thisRepN': 0}>
1345.8003 	INFO 	Keyboard events cleared
1345.7998 	EXP 	surround_grating: autoDraw = False
1345.7998 	EXP 	center_grating: autoDraw = False
1345.7998 	EXP 	text_2: autoDraw = False
1345.7998 	EXP 	surround_grating: ori = 0.0
1345.7998 	EXP 	surround_grating: sf = array([2.5, 2.5])
1345.7998 	EXP 	surround_grating: phase = array([0.77203499, 0.77203499])
1345.7998 	EXP 	center_grating: ori = -1.0
1345.7998 	EXP 	center_grating: sf = array([2.5, 2.5])
1345.7998 	EXP 	center_grating: phase = array([0.78099009, 0.78099009])
1346.2890 	EXP 	surround_grating: autoDraw = True
1346.2890 	EXP 	center_grating: autoDraw = True
1346.3641 	EXP 	surround_grating: autoDraw = False
1346.3641 	EXP 	center_grating: autoDraw = False
1346.7726 	EXP 	New trial (rep=0, index=900): <Trial 900 (900 in rep 0) data={'center': -2, 'surround': -15.0, 'type': 'c-2', 'surr_type': 'negs', 'surr_opacity': 100, 'thisN': 900, 'thisTrialN': 900, 'thisRepN': 0}>
1346.7831 	INFO 	Keyboard events cleared
1346.7826 	EXP 	surround_grating: autoDraw = False
1346.7826 	EXP 	center_grating: autoDraw = False
1346.7826 	EXP 	text_2: autoDraw = False
1346.7826 	EXP 	surround_grating: ori = -15.0
1346.7826 	EXP 	surround_grating: sf = array([2.5, 2.5])
1346.7826 	EXP 	surround_grating: phase = array([0.96959688, 0.96959688])
1346.7826 	EXP 	center_grating: ori = -2.0
1346.7826 	EXP 	center_grating: sf = array([2.5, 2.5])
1346.7826 	EXP 	center_grating: phase = array([0.08016718, 0.08016718])
1347.2725 	EXP 	surround_grating: autoDraw = True
1347.2725 	EXP 	center_grating: autoDraw = True
1347.3473 	EXP 	surround_grating: autoDraw = False
1347.3473 	EXP 	center_grating: autoDraw = False
1347.7840 	EXP 	New trial (rep=0, index=901): <Trial 901 (901 in rep 0) data={'center': 6, 'surround': 15.0, 'type': 'c+6', 'surr_type': 'poss', 'surr_opacity': 100, 'thisN': 901, 'thisTrialN': 901, 'thisRepN': 0}>
1347.7942 	INFO 	Keyboard events cleared
1347.7937 	EXP 	surround_grating: autoDraw = False
1347.7937 	EXP 	center_grating: autoDraw = False
1347.7937 	EXP 	text_2: autoDraw = False
1347.7937 	EXP 	surround_grating: ori = 15.0
1347.7937 	EXP 	surround_grating: sf = array([2.5, 2.5])
1347.7937 	EXP 	surround_grating: phase = array([0.88000236, 0.88000236])
1347.7937 	EXP 	center_grating: ori = 6.0
1347.7937 	EXP 	center_grating: sf = array([2.5, 2.5])
1347.7937 	EXP 	center_grating: phase = array([0.39390653, 0.39390653])
1348.2801 	EXP 	surround_grating: autoDraw = True
1348.2801 	EXP 	center_grating: autoDraw = True
1348.3525 	EXP 	surround_grating: autoDraw = False
1348.3525 	EXP 	center_grating: autoDraw = False
1348.9045 	EXP 	New trial (rep=0, index=902): <Trial 902 (902 in rep 0) data={'center': -2, 'surround': 0.0, 'type': 'c-2', 'surr_type': 'noss', 'surr_opacity': 0, 'thisN': 902, 'thisTrialN': 902, 'thisRepN': 0}>
1348.9142 	INFO 	Keyboard events cleared
1348.9137 	EXP 	surround_grating: autoDraw = False
1348.9137 	EXP 	center_grating: autoDraw = False
1348.9137 	EXP 	text_2: autoDraw = False
1348.9137 	EXP 	surround_grating: ori = 0.0
1348.9137 	EXP 	surround_grating: sf = array([2.5, 2.5])
1348.9137 	EXP 	surround_grating: phase = array([0.17093418, 0.17093418])
1348.9137 	EXP 	center_grating: ori = -2.0
1348.9137 	EXP 	center_grating: sf = array([2.5, 2.5])
1348.9137 	EXP 	center_grating: phase = array([0.0631831, 0.0631831])
1349.4064 	EXP 	surround_grating: autoDraw = True
1349.4064 	EXP 	center_grating: autoDraw = True
1349.4871 	EXP 	surround_grating: autoDraw = False
1349.4871 	EXP 	center_grating: autoDraw = False
1349.7837 	EXP 	New trial (rep=0, index=903): <Trial 903 (903 in rep 0) data={'center': 8, 'surround': 15.0, 'type': 'c+8', 'surr_type': 'poss', 'surr_opacity': 100, 'thisN': 903, 'thisTrialN': 903, 'thisRepN': 0}>
1349.7943 	INFO 	Keyboard events cleared
1349.7939 	EXP 	surround_grating: autoDraw = False
1349.7939 	EXP 	center_grating: autoDraw = False
1349.7939 	EXP 	text_2: autoDraw = False
1349.7939 	EXP 	surround_grating: ori = 15.0
1349.7939 	EXP 	surround_grating: sf = array([2.5, 2.5])
1349.7939 	EXP 	surround_grating: phase = array([0.90572065, 0.90572065])
1349.7939 	EXP 	center_grating: ori = 8.0
1349.7939 	EXP 	center_grating: sf = array([2.5, 2.5])
1349.7939 	EXP 	center_grating: phase = array([0.39031201, 0.39031201])
1350.2802 	EXP 	surround_grating: autoDraw = True
1350.2802 	EXP 	center_grating: autoDraw = True
1350.3523 	EXP 	surround_grating: autoDraw = False
1350.3523 	EXP 	center_grating: autoDraw = False
1350.8050 	EXP 	New trial (rep=0, index=904): <Trial 904 (904 in rep 0) data={'center': -2, 'surround': -15.0, 'type': 'c-2', 'surr_type': 'negs', 'surr_opacity': 100, 'thisN': 904, 'thisTrialN': 904, 'thisRepN': 0}>
1350.8148 	INFO 	Keyboard events cleared
1350.8143 	EXP 	surround_grating: autoDraw = False
1350.8143 	EXP 	center_grating: autoDraw = False
1350.8143 	EXP 	text_2: autoDraw = False
1350.8143 	EXP 	surround_grating: ori = -15.0
1350.8143 	EXP 	surround_grating: sf = array([2.5, 2.5])
1350.8143 	EXP 	surround_grating: phase = array([0.2209978, 0.2209978])
1350.8143 	EXP 	center_grating: ori = -2.0
1350.8143 	EXP 	center_grating: sf = array([2.5, 2.5])
1350.8143 	EXP 	center_grating: phase = array([0.58997045, 0.58997045])
1351.2962 	EXP 	surround_grating: autoDraw = True
1351.2962 	EXP 	center_grating: autoDraw = True
1351.3697 	EXP 	surround_grating: autoDraw = False
1351.3697 	EXP 	center_grating: autoDraw = False
1351.9338 	EXP 	New trial (rep=0, index=905): <Trial 905 (905 in rep 0) data={'center': 8, 'surround': 15.0, 'type': 'c+8', 'surr_type': 'poss', 'surr_opacity': 100, 'thisN': 905, 'thisTrialN': 905, 'thisRepN': 0}>
1351.9442 	INFO 	Keyboard events cleared
1351.9438 	EXP 	surround_grating: autoDraw = False
1351.9438 	EXP 	center_grating: autoDraw = False
1351.9438 	EXP 	text_2: autoDraw = False
1351.9438 	EXP 	surround_grating: ori = 15.0
1351.9438 	EXP 	surround_grating: sf = array([2.5, 2.5])
1351.9438 	EXP 	surround_grating: phase = array([0.97491747, 0.97491747])
1351.9438 	EXP 	center_grating: ori = 8.0
1351.9438 	EXP 	center_grating: sf = array([2.5, 2.5])
1351.9438 	EXP 	center_grating: phase = array([0.04121552, 0.04121552])
1352.4304 	EXP 	surround_grating: autoDraw = True
1352.4304 	EXP 	center_grating: autoDraw = True
1352.5032 	EXP 	surround_grating: autoDraw = False
1352.5032 	EXP 	center_grating: autoDraw = False
1352.9002 	EXP 	New trial (rep=0, index=906): <Trial 906 (906 in rep 0) data={'center': 1, 'surround': 0.0, 'type': 'c+1', 'surr_type': 'noss', 'surr_opacity': 0, 'thisN': 906, 'thisTrialN': 906, 'thisRepN': 0}>
1352.9103 	INFO 	Keyboard events cleared
1352.9097 	EXP 	surround_grating: autoDraw = False
1352.9097 	EXP 	center_grating: autoDraw = False
1352.9097 	EXP 	text_2: autoDraw = False
1352.9097 	EXP 	surround_grating: ori = 0.0
1352.9097 	EXP 	surround_grating: sf = array([2.5, 2.5])
1352.9097 	EXP 	surround_grating: phase = array([0.29290431, 0.29290431])
1352.9097 	EXP 	center_grating: ori = 1.0
1352.9097 	EXP 	center_grating: sf = array([2.5, 2.5])
1352.9097 	EXP 	center_grating: phase = array([0.73433578, 0.73433578])
1353.3970 	EXP 	surround_grating: autoDraw = True
1353.3970 	EXP 	center_grating: autoDraw = True
1353.4701 	EXP 	surround_grating: autoDraw = False
1353.4701 	EXP 	center_grating: autoDraw = False
1353.7841 	EXP 	New trial (rep=0, index=907): <Trial 907 (907 in rep 0) data={'center': 1, 'surround': 0.0, 'type': 'c+1', 'surr_type': 'noss', 'surr_opacity': 0, 'thisN': 907, 'thisTrialN': 907, 'thisRepN': 0}>
1353.7941 	INFO 	Keyboard events cleared
1353.7936 	EXP 	surround_grating: autoDraw = False
1353.7936 	EXP 	center_grating: autoDraw = False
1353.7936 	EXP 	text_2: autoDraw = False
1353.7936 	EXP 	surround_grating: ori = 0.0
1353.7936 	EXP 	surround_grating: sf = array([2.5, 2.5])
1353.7936 	EXP 	surround_grating: phase = array([0.78971103, 0.78971103])
1353.7936 	EXP 	center_grating: ori = 1.0
1353.7936 	EXP 	center_grating: sf = array([2.5, 2.5])
1353.7936 	EXP 	center_grating: phase = array([0.88805771, 0.88805771])
1354.2804 	EXP 	surround_grating: autoDraw = True
1354.2804 	EXP 	center_grating: autoDraw = True
1354.3527 	EXP 	surround_grating: autoDraw = False
1354.3527 	EXP 	center_grating: autoDraw = False
1354.8342 	EXP 	New trial (rep=0, index=908): <Trial 908 (908 in rep 0) data={'center': -2, 'surround': 0.0, 'type': 'c-2', 'surr_type': 'noss', 'surr_opacity': 0, 'thisN': 908, 'thisTrialN': 908, 'thisRepN': 0}>
1354.8445 	INFO 	Keyboard events cleared
1354.8439 	EXP 	surround_grating: autoDraw = False
1354.8439 	EXP 	center_grating: autoDraw = False
1354.8439 	EXP 	text_2: autoDraw = False
1354.8439 	EXP 	surround_grating: ori = 0.0
1354.8439 	EXP 	surround_grating: sf = array([2.5, 2.5])
1354.8439 	EXP 	surround_grating: phase = array([0.12135592, 0.12135592])
1354.8439 	EXP 	center_grating: ori = -2.0
1354.8439 	EXP 	center_grating: sf = array([2.5, 2.5])
1354.8439 	EXP 	center_grating: phase = array([0.39499617, 0.39499617])
1355.3304 	EXP 	surround_grating: autoDraw = True
1355.3304 	EXP 	center_grating: autoDraw = True
1355.4024 	EXP 	surround_grating: autoDraw = False
1355.4024 	EXP 	center_grating: autoDraw = False
1355.7669 	EXP 	New trial (rep=0, index=909): <Trial 909 (909 in rep 0) data={'center': -4, 'surround': 0.0, 'type': 'c-4', 'surr_type': 'noss', 'surr_opacity': 0, 'thisN': 909, 'thisTrialN': 909, 'thisRepN': 0}>
1355.7771 	INFO 	Keyboard events cleared
1355.7765 	EXP 	surround_grating: autoDraw = False
1355.7765 	EXP 	center_grating: autoDraw = False
1355.7765 	EXP 	text_2: autoDraw = False
1355.7765 	EXP 	surround_grating: ori = 0.0
1355.7765 	EXP 	surround_grating: sf = array([2.5, 2.5])
1355.7765 	EXP 	surround_grating: phase = array([0.6606056, 0.6606056])
1355.7765 	EXP 	center_grating: ori = -4.0
1355.7765 	EXP 	center_grating: sf = array([2.5, 2.5])
1355.7765 	EXP 	center_grating: phase = array([0.21408873, 0.21408873])
1356.2638 	EXP 	surround_grating: autoDraw = True
1356.2638 	EXP 	center_grating: autoDraw = True
1356.3359 	EXP 	surround_grating: autoDraw = False
1356.3359 	EXP 	center_grating: autoDraw = False
1356.7853 	EXP 	New trial (rep=0, index=910): <Trial 910 (910 in rep 0) data={'center': 4, 'surround': 15.0, 'type': 'c+4', 'surr_type': 'poss', 'surr_opacity': 100, 'thisN': 910, 'thisTrialN': 910, 'thisRepN': 0}>
1356.7959 	INFO 	Keyboard events cleared
1356.7954 	EXP 	surround_grating: autoDraw = False
1356.7954 	EXP 	center_grating: autoDraw = False
1356.7954 	EXP 	text_2: autoDraw = False
1356.7954 	EXP 	surround_grating: ori = 15.0
1356.7954 	EXP 	surround_grating: sf = array([2.5, 2.5])
1356.7954 	EXP 	surround_grating: phase = array([0.79645042, 0.79645042])
1356.7954 	EXP 	center_grating: ori = 4.0
1356.7954 	EXP 	center_grating: sf = array([2.5, 2.5])
1356.7954 	EXP 	center_grating: phase = array([0.55101071, 0.55101071])
1357.2806 	EXP 	surround_grating: autoDraw = True
1357.2806 	EXP 	center_grating: autoDraw = True
1357.3523 	EXP 	surround_grating: autoDraw = False
1357.3523 	EXP 	center_grating: autoDraw = False
1357.8669 	EXP 	New trial (rep=0, index=911): <Trial 911 (911 in rep 0) data={'center': -2, 'surround': -15.0, 'type': 'c-2', 'surr_type': 'negs', 'surr_opacity': 100, 'thisN': 911, 'thisTrialN': 911, 'thisRepN': 0}>
1357.8771 	INFO 	Keyboard events cleared
1357.8766 	EXP 	surround_grating: autoDraw = False
1357.8766 	EXP 	center_grating: autoDraw = False
1357.8766 	EXP 	text_2: autoDraw = False
1357.8766 	EXP 	surround_grating: ori = -15.0
1357.8766 	EXP 	surround_grating: sf = array([2.5, 2.5])
1357.8766 	EXP 	surround_grating: phase = array([0.89154778, 0.89154778])
1357.8766 	EXP 	center_grating: ori = -2.0
1357.8766 	EXP 	center_grating: sf = array([2.5, 2.5])
1357.8766 	EXP 	center_grating: phase = array([0.23932715, 0.23932715])
1358.3638 	EXP 	surround_grating: autoDraw = True
1358.3638 	EXP 	center_grating: autoDraw = True
1358.4365 	EXP 	surround_grating: autoDraw = False
1358.4365 	EXP 	center_grating: autoDraw = False
1359.2062 	EXP 	New trial (rep=0, index=912): <Trial 912 (912 in rep 0) data={'center': 2, 'surround': -15.0, 'type': 'c+2', 'surr_type': 'negs', 'surr_opacity': 100, 'thisN': 912, 'thisTrialN': 912, 'thisRepN': 0}>
1359.2164 	INFO 	Keyboard events cleared
1359.2159 	EXP 	surround_grating: autoDraw = False
1359.2159 	EXP 	center_grating: autoDraw = False
1359.2159 	EXP 	text_2: autoDraw = False
1359.2159 	EXP 	surround_grating: ori = -15.0
1359.2159 	EXP 	surround_grating: sf = array([2.5, 2.5])
1359.2159 	EXP 	surround_grating: phase = array([0.77484867, 0.77484867])
1359.2159 	EXP 	center_grating: ori = 2.0
1359.2159 	EXP 	center_grating: sf = array([2.5, 2.5])
1359.2159 	EXP 	center_grating: phase = array([0.35693675, 0.35693675])
1359.7069 	EXP 	surround_grating: autoDraw = True
1359.7069 	EXP 	center_grating: autoDraw = True
1359.7813 	EXP 	surround_grating: autoDraw = False
1359.7813 	EXP 	center_grating: autoDraw = False
1360.3841 	EXP 	New trial (rep=0, index=913): <Trial 913 (913 in rep 0) data={'center': 8, 'surround': 15.0, 'type': 'c+8', 'surr_type': 'poss', 'surr_opacity': 100, 'thisN': 913, 'thisTrialN': 913, 'thisRepN': 0}>
1360.3949 	INFO 	Keyboard events cleared
1360.3945 	EXP 	surround_grating: autoDraw = False
1360.3945 	EXP 	center_grating: autoDraw = False
1360.3945 	EXP 	text_2: autoDraw = False
1360.3945 	EXP 	surround_grating: ori = 15.0
1360.3945 	EXP 	surround_grating: sf = array([2.5, 2.5])
1360.3945 	EXP 	surround_grating: phase = array([0.91517345, 0.91517345])
1360.3945 	EXP 	center_grating: ori = 8.0
1360.3945 	EXP 	center_grating: sf = array([2.5, 2.5])
1360.3945 	EXP 	center_grating: phase = array([0.91863656, 0.91863656])
1360.8809 	EXP 	surround_grating: autoDraw = True
1360.8809 	EXP 	center_grating: autoDraw = True
1360.9527 	EXP 	surround_grating: autoDraw = False
1360.9527 	EXP 	center_grating: autoDraw = False
1361.3838 	EXP 	New trial (rep=0, index=914): <Trial 914 (914 in rep 0) data={'center': 1, 'surround': 0.0, 'type': 'c+1', 'surr_type': 'noss', 'surr_opacity': 0, 'thisN': 914, 'thisTrialN': 914, 'thisRepN': 0}>
1361.3938 	INFO 	Keyboard events cleared
1361.3934 	EXP 	surround_grating: autoDraw = False
1361.3934 	EXP 	center_grating: autoDraw = False
1361.3934 	EXP 	text_2: autoDraw = False
1361.3934 	EXP 	surround_grating: ori = 0.0
1361.3934 	EXP 	surround_grating: sf = array([2.5, 2.5])
1361.3934 	EXP 	surround_grating: phase = array([0.58460474, 0.58460474])
1361.3934 	EXP 	center_grating: ori = 1.0
1361.3934 	EXP 	center_grating: sf = array([2.5, 2.5])
1361.3934 	EXP 	center_grating: phase = array([0.43654476, 0.43654476])
1361.8807 	EXP 	surround_grating: autoDraw = True
1361.8807 	EXP 	center_grating: autoDraw = True
1361.9528 	EXP 	surround_grating: autoDraw = False
1361.9528 	EXP 	center_grating: autoDraw = False
1362.4675 	EXP 	New trial (rep=0, index=915): <Trial 915 (915 in rep 0) data={'center': -4, 'surround': 0.0, 'type': 'c-4', 'surr_type': 'noss', 'surr_opacity': 0, 'thisN': 915, 'thisTrialN': 915, 'thisRepN': 0}>
1362.4782 	INFO 	Keyboard events cleared
1362.4778 	EXP 	surround_grating: autoDraw = False
1362.4778 	EXP 	center_grating: autoDraw = False
1362.4778 	EXP 	text_2: autoDraw = False
1362.4778 	EXP 	surround_grating: ori = 0.0
1362.4778 	EXP 	surround_grating: sf = array([2.5, 2.5])
1362.4778 	EXP 	surround_grating: phase = array([0.36865719, 0.36865719])
1362.4778 	EXP 	center_grating: ori = -4.0
1362.4778 	EXP 	center_grating: sf = array([2.5, 2.5])
1362.4778 	EXP 	center_grating: phase = array([0.97982693, 0.97982693])
1362.9641 	EXP 	surround_grating: autoDraw = True
1362.9641 	EXP 	center_grating: autoDraw = True
1363.0360 	EXP 	surround_grating: autoDraw = False
1363.0360 	EXP 	center_grating: autoDraw = False
1363.3837 	EXP 	New trial (rep=0, index=916): <Trial 916 (916 in rep 0) data={'center': 0, 'surround': -15.0, 'type': 'c+0', 'surr_type': 'negs', 'surr_opacity': 100, 'thisN': 916, 'thisTrialN': 916, 'thisRepN': 0}>
1363.3937 	INFO 	Keyboard events cleared
1363.3932 	EXP 	surround_grating: autoDraw = False
1363.3932 	EXP 	center_grating: autoDraw = False
1363.3932 	EXP 	text_2: autoDraw = False
1363.3932 	EXP 	surround_grating: ori = -15.0
1363.3932 	EXP 	surround_grating: sf = array([2.5, 2.5])
1363.3932 	EXP 	surround_grating: phase = array([0.24844062, 0.24844062])
1363.3932 	EXP 	center_grating: ori = 0.0
1363.3932 	EXP 	center_grating: sf = array([2.5, 2.5])
1363.3932 	EXP 	center_grating: phase = array([0.59285839, 0.59285839])
1363.8807 	EXP 	surround_grating: autoDraw = True
1363.8807 	EXP 	center_grating: autoDraw = True
1363.9542 	EXP 	surround_grating: autoDraw = False
1363.9542 	EXP 	center_grating: autoDraw = False
1364.5337 	EXP 	New trial (rep=0, index=917): <Trial 917 (917 in rep 0) data={'center': 8, 'surround': 15.0, 'type': 'c+8', 'surr_type': 'poss', 'surr_opacity': 100, 'thisN': 917, 'thisTrialN': 917, 'thisRepN': 0}>
1364.5442 	INFO 	Keyboard events cleared
1364.5438 	EXP 	surround_grating: autoDraw = False
1364.5438 	EXP 	center_grating: autoDraw = False
1364.5438 	EXP 	text_2: autoDraw = False
1364.5438 	EXP 	surround_grating: ori = 15.0
1364.5438 	EXP 	surround_grating: sf = array([2.5, 2.5])
1364.5438 	EXP 	surround_grating: phase = array([0.37239909, 0.37239909])
1364.5438 	EXP 	center_grating: ori = 8.0
1364.5438 	EXP 	center_grating: sf = array([2.5, 2.5])
1364.5438 	EXP 	center_grating: phase = array([0.72091672, 0.72091672])
1365.0307 	EXP 	surround_grating: autoDraw = True
1365.0307 	EXP 	center_grating: autoDraw = True
1365.1030 	EXP 	surround_grating: autoDraw = False
1365.1030 	EXP 	center_grating: autoDraw = False
1365.5170 	EXP 	New trial (rep=0, index=918): <Trial 918 (918 in rep 0) data={'center': -4, 'surround': 0.0, 'type': 'c-4', 'surr_type': 'noss', 'surr_opacity': 0, 'thisN': 918, 'thisTrialN': 918, 'thisRepN': 0}>
1365.5275 	INFO 	Keyboard events cleared
1365.5270 	EXP 	surround_grating: autoDraw = False
1365.5270 	EXP 	center_grating: autoDraw = False
1365.5270 	EXP 	text_2: autoDraw = False
1365.5270 	EXP 	surround_grating: ori = 0.0
1365.5270 	EXP 	surround_grating: sf = array([2.5, 2.5])
1365.5270 	EXP 	surround_grating: phase = array([0.1923268, 0.1923268])
1365.5270 	EXP 	center_grating: ori = -4.0
1365.5270 	EXP 	center_grating: sf = array([2.5, 2.5])
1365.5270 	EXP 	center_grating: phase = array([0.19908373, 0.19908373])
1366.0141 	EXP 	surround_grating: autoDraw = True
1366.0141 	EXP 	center_grating: autoDraw = True
1366.0865 	EXP 	surround_grating: autoDraw = False
1366.0865 	EXP 	center_grating: autoDraw = False
1366.4339 	EXP 	New trial (rep=0, index=919): <Trial 919 (919 in rep 0) data={'center': 0, 'surround': 15.0, 'type': 'c+0', 'surr_type': 'poss', 'surr_opacity': 100, 'thisN': 919, 'thisTrialN': 919, 'thisRepN': 0}>
1366.4440 	INFO 	Keyboard events cleared
1366.4435 	EXP 	surround_grating: autoDraw = False
1366.4435 	EXP 	center_grating: autoDraw = False
1366.4435 	EXP 	text_2: autoDraw = False
1366.4435 	EXP 	surround_grating: ori = 15.0
1366.4435 	EXP 	surround_grating: sf = array([2.5, 2.5])
1366.4435 	EXP 	surround_grating: phase = array([0.1906233, 0.1906233])
1366.4435 	EXP 	center_grating: ori = 0.0
1366.4435 	EXP 	center_grating: sf = array([2.5, 2.5])
1366.4435 	EXP 	center_grating: phase = array([0.37009172, 0.37009172])
1366.9298 	EXP 	surround_grating: autoDraw = True
1366.9298 	EXP 	center_grating: autoDraw = True
1367.0040 	EXP 	surround_grating: autoDraw = False
1367.0040 	EXP 	center_grating: autoDraw = False
1367.7180 	EXP 	New trial (rep=0, index=920): <Trial 920 (920 in rep 0) data={'center': -6, 'surround': -15.0, 'type': 'c-6', 'surr_type': 'negs', 'surr_opacity': 100, 'thisN': 920, 'thisTrialN': 920, 'thisRepN': 0}>
1367.7285 	INFO 	Keyboard events cleared
1367.7281 	EXP 	surround_grating: autoDraw = False
1367.7281 	EXP 	center_grating: autoDraw = False
1367.7281 	EXP 	text_2: autoDraw = False
1367.7281 	EXP 	surround_grating: ori = -15.0
1367.7281 	EXP 	surround_grating: sf = array([2.5, 2.5])
1367.7281 	EXP 	surround_grating: phase = array([0.24942792, 0.24942792])
1367.7281 	EXP 	center_grating: ori = -6.0
1367.7281 	EXP 	center_grating: sf = array([2.5, 2.5])
1367.7281 	EXP 	center_grating: phase = array([0.45099318, 0.45099318])
1368.2141 	EXP 	surround_grating: autoDraw = True
1368.2141 	EXP 	center_grating: autoDraw = True
1368.2869 	EXP 	surround_grating: autoDraw = False
1368.2869 	EXP 	center_grating: autoDraw = False
1368.7402 	EXP 	New trial (rep=0, index=921): <Trial 921 (921 in rep 0) data={'center': -4, 'surround': -15.0, 'type': 'c-4', 'surr_type': 'negs', 'surr_opacity': 100, 'thisN': 921, 'thisTrialN': 921, 'thisRepN': 0}>
1368.7508 	INFO 	Keyboard events cleared
1368.7503 	EXP 	surround_grating: autoDraw = False
1368.7503 	EXP 	center_grating: autoDraw = False
1368.7503 	EXP 	text_2: autoDraw = False
1368.7503 	EXP 	surround_grating: ori = -15.0
1368.7503 	EXP 	surround_grating: sf = array([2.5, 2.5])
1368.7503 	EXP 	surround_grating: phase = array([0.2786022, 0.2786022])
1368.7503 	EXP 	center_grating: ori = -4.0
1368.7503 	EXP 	center_grating: sf = array([2.5, 2.5])
1368.7503 	EXP 	center_grating: phase = array([0.57597007, 0.57597007])
1369.2398 	EXP 	surround_grating: autoDraw = True
1369.2398 	EXP 	center_grating: autoDraw = True
1369.3149 	EXP 	surround_grating: autoDraw = False
1369.3149 	EXP 	center_grating: autoDraw = False
1369.7390 	EXP 	New trial (rep=0, index=922): <Trial 922 (922 in rep 0) data={'center': 1, 'surround': 0.0, 'type': 'c+1', 'surr_type': 'noss', 'surr_opacity': 0, 'thisN': 922, 'thisTrialN': 922, 'thisRepN': 0}>
1369.7650 	INFO 	Keyboard events cleared
1369.7645 	EXP 	surround_grating: autoDraw = False
1369.7645 	EXP 	center_grating: autoDraw = False
1369.7645 	EXP 	text_2: autoDraw = False
1369.7645 	EXP 	surround_grating: ori = 0.0
1369.7645 	EXP 	surround_grating: sf = array([2.5, 2.5])
1369.7645 	EXP 	surround_grating: phase = array([0.73649159, 0.73649159])
1369.7645 	EXP 	center_grating: ori = 1.0
1369.7645 	EXP 	center_grating: sf = array([2.5, 2.5])
1369.7645 	EXP 	center_grating: phase = array([0.6148363, 0.6148363])
1370.2303 	EXP 	surround_grating: autoDraw = True
1370.2303 	EXP 	center_grating: autoDraw = True
1370.3033 	EXP 	surround_grating: autoDraw = False
1370.3033 	EXP 	center_grating: autoDraw = False
1370.6404 	EXP 	New trial (rep=0, index=923): <Trial 923 (923 in rep 0) data={'center': 2, 'surround': 0.0, 'type': 'c+2', 'surr_type': 'noss', 'surr_opacity': 0, 'thisN': 923, 'thisTrialN': 923, 'thisRepN': 0}>
1370.6507 	INFO 	Keyboard events cleared
1370.6502 	EXP 	surround_grating: autoDraw = False
1370.6502 	EXP 	center_grating: autoDraw = False
1370.6502 	EXP 	text_2: autoDraw = False
1370.6502 	EXP 	surround_grating: ori = 0.0
1370.6502 	EXP 	surround_grating: sf = array([2.5, 2.5])
1370.6502 	EXP 	surround_grating: phase = array([0.13971738, 0.13971738])
1370.6502 	EXP 	center_grating: ori = 2.0
1370.6502 	EXP 	center_grating: sf = array([2.5, 2.5])
1370.6502 	EXP 	center_grating: phase = array([0.54547137, 0.54547137])
1371.1399 	EXP 	surround_grating: autoDraw = True
1371.1399 	EXP 	center_grating: autoDraw = True
1371.2149 	EXP 	surround_grating: autoDraw = False
1371.2149 	EXP 	center_grating: autoDraw = False
1371.7438 	EXP 	New trial (rep=0, index=924): <Trial 924 (924 in rep 0) data={'center': 2, 'surround': 15.0, 'type': 'c+2', 'surr_type': 'poss', 'surr_opacity': 100, 'thisN': 924, 'thisTrialN': 924, 'thisRepN': 0}>
1371.7506 	INFO 	Keyboard events cleared
1371.7503 	EXP 	surround_grating: autoDraw = False
1371.7503 	EXP 	center_grating: autoDraw = False
1371.7503 	EXP 	text_2: autoDraw = False
1371.7503 	EXP 	surround_grating: ori = 15.0
1371.7503 	EXP 	surround_grating: sf = array([2.5, 2.5])
1371.7503 	EXP 	surround_grating: phase = array([0.48882111, 0.48882111])
1371.7503 	EXP 	center_grating: ori = 2.0
1371.7503 	EXP 	center_grating: sf = array([2.5, 2.5])
1371.7503 	EXP 	center_grating: phase = array([0.35781598, 0.35781598])
1372.2407 	EXP 	surround_grating: autoDraw = True
1372.2407 	EXP 	center_grating: autoDraw = True
1372.3150 	EXP 	surround_grating: autoDraw = False
1372.3150 	EXP 	center_grating: autoDraw = False
1373.6012 	EXP 	New trial (rep=0, index=925): <Trial 925 (925 in rep 0) data={'center': -4, 'surround': 0.0, 'type': 'c-4', 'surr_type': 'noss', 'surr_opacity': 0, 'thisN': 925, 'thisTrialN': 925, 'thisRepN': 0}>
1373.6114 	INFO 	Keyboard events cleared
1373.6109 	EXP 	surround_grating: autoDraw = False
1373.6109 	EXP 	center_grating: autoDraw = False
1373.6109 	EXP 	text_2: autoDraw = False
1373.6109 	EXP 	surround_grating: ori = 0.0
1373.6109 	EXP 	surround_grating: sf = array([2.5, 2.5])
1373.6109 	EXP 	surround_grating: phase = array([0.13942556, 0.13942556])
1373.6109 	EXP 	center_grating: ori = -4.0
1373.6109 	EXP 	center_grating: sf = array([2.5, 2.5])
1373.6109 	EXP 	center_grating: phase = array([0.11509486, 0.11509486])
1374.0978 	EXP 	surround_grating: autoDraw = True
1374.0978 	EXP 	center_grating: autoDraw = True
1374.1699 	EXP 	surround_grating: autoDraw = False
1374.1699 	EXP 	center_grating: autoDraw = False
1374.6568 	EXP 	New trial (rep=0, index=926): <Trial 926 (926 in rep 0) data={'center': -6, 'surround': -15.0, 'type': 'c-6', 'surr_type': 'negs', 'surr_opacity': 100, 'thisN': 926, 'thisTrialN': 926, 'thisRepN': 0}>
1374.6668 	INFO 	Keyboard events cleared
1374.6664 	EXP 	surround_grating: autoDraw = False
1374.6664 	EXP 	center_grating: autoDraw = False
1374.6664 	EXP 	text_2: autoDraw = False
1374.6664 	EXP 	surround_grating: ori = -15.0
1374.6664 	EXP 	surround_grating: sf = array([2.5, 2.5])
1374.6664 	EXP 	surround_grating: phase = array([0.70804443, 0.70804443])
1374.6664 	EXP 	center_grating: ori = -6.0
1374.6664 	EXP 	center_grating: sf = array([2.5, 2.5])
1374.6664 	EXP 	center_grating: phase = array([0.09986087, 0.09986087])
1375.1574 	EXP 	surround_grating: autoDraw = True
1375.1574 	EXP 	center_grating: autoDraw = True
1375.2317 	EXP 	surround_grating: autoDraw = False
1375.2317 	EXP 	center_grating: autoDraw = False
1375.5342 	EXP 	New trial (rep=0, index=927): <Trial 927 (927 in rep 0) data={'center': 2, 'surround': -15.0, 'type': 'c+2', 'surr_type': 'negs', 'surr_opacity': 100, 'thisN': 927, 'thisTrialN': 927, 'thisRepN': 0}>
1375.5445 	INFO 	Keyboard events cleared
1375.5441 	EXP 	surround_grating: autoDraw = False
1375.5441 	EXP 	center_grating: autoDraw = False
1375.5441 	EXP 	text_2: autoDraw = False
1375.5441 	EXP 	surround_grating: ori = -15.0
1375.5441 	EXP 	surround_grating: sf = array([2.5, 2.5])
1375.5441 	EXP 	surround_grating: phase = array([0.23395064, 0.23395064])
1375.5441 	EXP 	center_grating: ori = 2.0
1375.5441 	EXP 	center_grating: sf = array([2.5, 2.5])
1375.5441 	EXP 	center_grating: phase = array([0.33578888, 0.33578888])
1376.0313 	EXP 	surround_grating: autoDraw = True
1376.0313 	EXP 	center_grating: autoDraw = True
1376.1042 	EXP 	surround_grating: autoDraw = False
1376.1042 	EXP 	center_grating: autoDraw = False
1376.5063 	EXP 	New trial (rep=0, index=928): <Trial 928 (928 in rep 0) data={'center': 2, 'surround': -15.0, 'type': 'c+2', 'surr_type': 'negs', 'surr_opacity': 100, 'thisN': 928, 'thisTrialN': 928, 'thisRepN': 0}>
1376.5318 	INFO 	Keyboard events cleared
1376.5313 	EXP 	surround_grating: autoDraw = False
1376.5313 	EXP 	center_grating: autoDraw = False
1376.5313 	EXP 	text_2: autoDraw = False
1376.5313 	EXP 	surround_grating: ori = -15.0
1376.5313 	EXP 	surround_grating: sf = array([2.5, 2.5])
1376.5313 	EXP 	surround_grating: phase = array([0.86642065, 0.86642065])
1376.5313 	EXP 	center_grating: ori = 2.0
1376.5313 	EXP 	center_grating: sf = array([2.5, 2.5])
1376.5313 	EXP 	center_grating: phase = array([0.82492629, 0.82492629])
1377.0071 	EXP 	surround_grating: autoDraw = True
1377.0071 	EXP 	center_grating: autoDraw = True
1377.0817 	EXP 	surround_grating: autoDraw = False
1377.0817 	EXP 	center_grating: autoDraw = False
1377.4842 	EXP 	New trial (rep=0, index=929): <Trial 929 (929 in rep 0) data={'center': -2, 'surround': 0.0, 'type': 'c-2', 'surr_type': 'noss', 'surr_opacity': 0, 'thisN': 929, 'thisTrialN': 929, 'thisRepN': 0}>
1377.4940 	INFO 	Keyboard events cleared
1377.4936 	EXP 	surround_grating: autoDraw = False
1377.4936 	EXP 	center_grating: autoDraw = False
1377.4936 	EXP 	text_2: autoDraw = False
1377.4936 	EXP 	surround_grating: ori = 0.0
1377.4936 	EXP 	surround_grating: sf = array([2.5, 2.5])
1377.4936 	EXP 	surround_grating: phase = array([0.85810771, 0.85810771])
1377.4936 	EXP 	center_grating: ori = -2.0
1377.4936 	EXP 	center_grating: sf = array([2.5, 2.5])
1377.4936 	EXP 	center_grating: phase = array([0.56624525, 0.56624525])
1377.9813 	EXP 	surround_grating: autoDraw = True
1377.9813 	EXP 	center_grating: autoDraw = True
1378.0537 	EXP 	surround_grating: autoDraw = False
1378.0537 	EXP 	center_grating: autoDraw = False
1378.9768 	EXP 	New trial (rep=0, index=930): <Trial 930 (930 in rep 0) data={'center': -2, 'surround': 0.0, 'type': 'c-2', 'surr_type': 'noss', 'surr_opacity': 0, 'thisN': 930, 'thisTrialN': 930, 'thisRepN': 0}>
1378.9844 	INFO 	Keyboard events cleared
1378.9840 	EXP 	surround_grating: autoDraw = False
1378.9840 	EXP 	center_grating: autoDraw = False
1378.9840 	EXP 	text_2: autoDraw = False
1378.9840 	EXP 	surround_grating: ori = 0.0
1378.9840 	EXP 	surround_grating: sf = array([2.5, 2.5])
1378.9840 	EXP 	surround_grating: phase = array([0.95139685, 0.95139685])
1378.9840 	EXP 	center_grating: ori = -2.0
1378.9840 	EXP 	center_grating: sf = array([2.5, 2.5])
1378.9840 	EXP 	center_grating: phase = array([0.14640131, 0.14640131])
1379.4737 	EXP 	surround_grating: autoDraw = True
1379.4737 	EXP 	center_grating: autoDraw = True
1379.5483 	EXP 	surround_grating: autoDraw = False
1379.5483 	EXP 	center_grating: autoDraw = False
1380.0010 	EXP 	New trial (rep=0, index=931): <Trial 931 (931 in rep 0) data={'center': 6, 'surround': 15.0, 'type': 'c+6', 'surr_type': 'poss', 'surr_opacity': 100, 'thisN': 931, 'thisTrialN': 931, 'thisRepN': 0}>
1380.0112 	INFO 	Keyboard events cleared
1380.0108 	EXP 	surround_grating: autoDraw = False
1380.0108 	EXP 	center_grating: autoDraw = False
1380.0108 	EXP 	text_2: autoDraw = False
1380.0108 	EXP 	surround_grating: ori = 15.0
1380.0108 	EXP 	surround_grating: sf = array([2.5, 2.5])
1380.0108 	EXP 	surround_grating: phase = array([0.72461552, 0.72461552])
1380.0108 	EXP 	center_grating: ori = 6.0
1380.0108 	EXP 	center_grating: sf = array([2.5, 2.5])
1380.0108 	EXP 	center_grating: phase = array([0.66972203, 0.66972203])
1380.4979 	EXP 	surround_grating: autoDraw = True
1380.4979 	EXP 	center_grating: autoDraw = True
1380.5699 	EXP 	surround_grating: autoDraw = False
1380.5699 	EXP 	center_grating: autoDraw = False
1381.2510 	EXP 	New trial (rep=0, index=932): <Trial 932 (932 in rep 0) data={'center': 2, 'surround': -15.0, 'type': 'c+2', 'surr_type': 'negs', 'surr_opacity': 100, 'thisN': 932, 'thisTrialN': 932, 'thisRepN': 0}>
1381.2609 	INFO 	Keyboard events cleared
1381.2604 	EXP 	surround_grating: autoDraw = False
1381.2604 	EXP 	center_grating: autoDraw = False
1381.2604 	EXP 	text_2: autoDraw = False
1381.2604 	EXP 	surround_grating: ori = -15.0
1381.2604 	EXP 	surround_grating: sf = array([2.5, 2.5])
1381.2604 	EXP 	surround_grating: phase = array([0.85941395, 0.85941395])
1381.2604 	EXP 	center_grating: ori = 2.0
1381.2604 	EXP 	center_grating: sf = array([2.5, 2.5])
1381.2604 	EXP 	center_grating: phase = array([0.68010506, 0.68010506])
1381.7481 	EXP 	surround_grating: autoDraw = True
1381.7481 	EXP 	center_grating: autoDraw = True
1381.8216 	EXP 	surround_grating: autoDraw = False
1381.8216 	EXP 	center_grating: autoDraw = False
1382.4510 	EXP 	New trial (rep=0, index=933): <Trial 933 (933 in rep 0) data={'center': 4, 'surround': 0.0, 'type': 'c+4', 'surr_type': 'noss', 'surr_opacity': 0, 'thisN': 933, 'thisTrialN': 933, 'thisRepN': 0}>
1382.4608 	INFO 	Keyboard events cleared
1382.4604 	EXP 	surround_grating: autoDraw = False
1382.4604 	EXP 	center_grating: autoDraw = False
1382.4604 	EXP 	text_2: autoDraw = False
1382.4604 	EXP 	surround_grating: ori = 0.0
1382.4604 	EXP 	surround_grating: sf = array([2.5, 2.5])
1382.4604 	EXP 	surround_grating: phase = array([0.65601442, 0.65601442])
1382.4604 	EXP 	center_grating: ori = 4.0
1382.4604 	EXP 	center_grating: sf = array([2.5, 2.5])
1382.4604 	EXP 	center_grating: phase = array([0.13226542, 0.13226542])
1382.9482 	EXP 	surround_grating: autoDraw = True
1382.9482 	EXP 	center_grating: autoDraw = True
1383.0199 	EXP 	surround_grating: autoDraw = False
1383.0199 	EXP 	center_grating: autoDraw = False
1383.4911 	EXP 	New trial (rep=0, index=934): <Trial 934 (934 in rep 0) data={'center': 4, 'surround': 0.0, 'type': 'c+4', 'surr_type': 'noss', 'surr_opacity': 0, 'thisN': 934, 'thisTrialN': 934, 'thisRepN': 0}>
1383.5015 	INFO 	Keyboard events cleared
1383.5009 	EXP 	surround_grating: autoDraw = False
1383.5009 	EXP 	center_grating: autoDraw = False
1383.5009 	EXP 	text_2: autoDraw = False
1383.5009 	EXP 	surround_grating: ori = 0.0
1383.5009 	EXP 	surround_grating: sf = array([2.5, 2.5])
1383.5009 	EXP 	surround_grating: phase = array([0.07322858, 0.07322858])
1383.5009 	EXP 	center_grating: ori = 4.0
1383.5009 	EXP 	center_grating: sf = array([2.5, 2.5])
1383.5009 	EXP 	center_grating: phase = array([0.00878692, 0.00878692])
1383.9915 	EXP 	surround_grating: autoDraw = True
1383.9915 	EXP 	center_grating: autoDraw = True
1384.0653 	EXP 	surround_grating: autoDraw = False
1384.0653 	EXP 	center_grating: autoDraw = False
1384.7845 	EXP 	New trial (rep=0, index=935): <Trial 935 (935 in rep 0) data={'center': 2, 'surround': 0.0, 'type': 'c+2', 'surr_type': 'noss', 'surr_opacity': 0, 'thisN': 935, 'thisTrialN': 935, 'thisRepN': 0}>
1384.7944 	INFO 	Keyboard events cleared
1384.7939 	EXP 	surround_grating: autoDraw = False
1384.7939 	EXP 	center_grating: autoDraw = False
1384.7939 	EXP 	text_2: autoDraw = False
1384.7939 	EXP 	surround_grating: ori = 0.0
1384.7939 	EXP 	surround_grating: sf = array([2.5, 2.5])
1384.7939 	EXP 	surround_grating: phase = array([0.49481628, 0.49481628])
1384.7939 	EXP 	center_grating: ori = 2.0
1384.7939 	EXP 	center_grating: sf = array([2.5, 2.5])
1384.7939 	EXP 	center_grating: phase = array([0.24844187, 0.24844187])
1385.2816 	EXP 	surround_grating: autoDraw = True
1385.2816 	EXP 	center_grating: autoDraw = True
1385.3537 	EXP 	surround_grating: autoDraw = False
1385.3537 	EXP 	center_grating: autoDraw = False
1385.8185 	EXP 	New trial (rep=0, index=936): <Trial 936 (936 in rep 0) data={'center': 4, 'surround': 0.0, 'type': 'c+4', 'surr_type': 'noss', 'surr_opacity': 0, 'thisN': 936, 'thisTrialN': 936, 'thisRepN': 0}>
1385.8290 	INFO 	Keyboard events cleared
1385.8285 	EXP 	surround_grating: autoDraw = False
1385.8285 	EXP 	center_grating: autoDraw = False
1385.8285 	EXP 	text_2: autoDraw = False
1385.8285 	EXP 	surround_grating: ori = 0.0
1385.8285 	EXP 	surround_grating: sf = array([2.5, 2.5])
1385.8285 	EXP 	surround_grating: phase = array([0.46439892, 0.46439892])
1385.8285 	EXP 	center_grating: ori = 4.0
1385.8285 	EXP 	center_grating: sf = array([2.5, 2.5])
1385.8285 	EXP 	center_grating: phase = array([0.05073479, 0.05073479])
1386.3148 	EXP 	surround_grating: autoDraw = True
1386.3148 	EXP 	center_grating: autoDraw = True
1386.3879 	EXP 	surround_grating: autoDraw = False
1386.3879 	EXP 	center_grating: autoDraw = False
1386.5907 	EXP 	New trial (rep=0, index=937): <Trial 937 (937 in rep 0) data={'center': 8, 'surround': 15.0, 'type': 'c+8', 'surr_type': 'poss', 'surr_opacity': 100, 'thisN': 937, 'thisTrialN': 937, 'thisRepN': 0}>
1386.6009 	INFO 	Keyboard events cleared
1386.6004 	EXP 	surround_grating: autoDraw = False
1386.6004 	EXP 	center_grating: autoDraw = False
1386.6004 	EXP 	text_2: autoDraw = False
1386.6004 	EXP 	surround_grating: ori = 15.0
1386.6004 	EXP 	surround_grating: sf = array([2.5, 2.5])
1386.6004 	EXP 	surround_grating: phase = array([0.30595659, 0.30595659])
1386.6004 	EXP 	center_grating: ori = 8.0
1386.6004 	EXP 	center_grating: sf = array([2.5, 2.5])
1386.6004 	EXP 	center_grating: phase = array([0.24722612, 0.24722612])
1387.0902 	EXP 	surround_grating: autoDraw = True
1387.0902 	EXP 	center_grating: autoDraw = True
1387.1655 	EXP 	surround_grating: autoDraw = False
1387.1655 	EXP 	center_grating: autoDraw = False
1387.4516 	EXP 	New trial (rep=0, index=938): <Trial 938 (938 in rep 0) data={'center': 4, 'surround': 0.0, 'type': 'c+4', 'surr_type': 'noss', 'surr_opacity': 0, 'thisN': 938, 'thisTrialN': 938, 'thisRepN': 0}>
1387.4616 	INFO 	Keyboard events cleared
1387.4612 	EXP 	surround_grating: autoDraw = False
1387.4612 	EXP 	center_grating: autoDraw = False
1387.4612 	EXP 	text_2: autoDraw = False
1387.4612 	EXP 	surround_grating: ori = 0.0
1387.4612 	EXP 	surround_grating: sf = array([2.5, 2.5])
1387.4612 	EXP 	surround_grating: phase = array([0.28569257, 0.28569257])
1387.4612 	EXP 	center_grating: ori = 4.0
1387.4612 	EXP 	center_grating: sf = array([2.5, 2.5])
1387.4612 	EXP 	center_grating: phase = array([0.70719497, 0.70719497])
1387.9482 	EXP 	surround_grating: autoDraw = True
1387.9482 	EXP 	center_grating: autoDraw = True
1388.0203 	EXP 	surround_grating: autoDraw = False
1388.0203 	EXP 	center_grating: autoDraw = False
1388.2910 	EXP 	New trial (rep=0, index=939): <Trial 939 (939 in rep 0) data={'center': 4, 'surround': 0.0, 'type': 'c+4', 'surr_type': 'noss', 'surr_opacity': 0, 'thisN': 939, 'thisTrialN': 939, 'thisRepN': 0}>
1388.3013 	INFO 	Keyboard events cleared
1388.3007 	EXP 	surround_grating: autoDraw = False
1388.3007 	EXP 	center_grating: autoDraw = False
1388.3007 	EXP 	text_2: autoDraw = False
1388.3007 	EXP 	surround_grating: ori = 0.0
1388.3007 	EXP 	surround_grating: sf = array([2.5, 2.5])
1388.3007 	EXP 	surround_grating: phase = array([0.31499745, 0.31499745])
1388.3007 	EXP 	center_grating: ori = 4.0
1388.3007 	EXP 	center_grating: sf = array([2.5, 2.5])
1388.3007 	EXP 	center_grating: phase = array([0.44519148, 0.44519148])
1388.7911 	EXP 	surround_grating: autoDraw = True
1388.7911 	EXP 	center_grating: autoDraw = True
1388.8656 	EXP 	surround_grating: autoDraw = False
1388.8656 	EXP 	center_grating: autoDraw = False
1389.2237 	EXP 	New trial (rep=0, index=940): <Trial 940 (940 in rep 0) data={'center': -4, 'surround': -15.0, 'type': 'c-4', 'surr_type': 'negs', 'surr_opacity': 100, 'thisN': 940, 'thisTrialN': 940, 'thisRepN': 0}>
1389.2339 	INFO 	Keyboard events cleared
1389.2333 	EXP 	surround_grating: autoDraw = False
1389.2333 	EXP 	center_grating: autoDraw = False
1389.2333 	EXP 	text_2: autoDraw = False
1389.2333 	EXP 	surround_grating: ori = -15.0
1389.2333 	EXP 	surround_grating: sf = array([2.5, 2.5])
1389.2333 	EXP 	surround_grating: phase = array([0.17844721, 0.17844721])
1389.2333 	EXP 	center_grating: ori = -4.0
1389.2333 	EXP 	center_grating: sf = array([2.5, 2.5])
1389.2333 	EXP 	center_grating: phase = array([0.30725093, 0.30725093])
1389.7238 	EXP 	surround_grating: autoDraw = True
1389.7238 	EXP 	center_grating: autoDraw = True
1389.7989 	EXP 	surround_grating: autoDraw = False
1389.7989 	EXP 	center_grating: autoDraw = False
1390.5065 	EXP 	New trial (rep=0, index=941): <Trial 941 (941 in rep 0) data={'center': 0, 'surround': -15.0, 'type': 'c+0', 'surr_type': 'negs', 'surr_opacity': 100, 'thisN': 941, 'thisTrialN': 941, 'thisRepN': 0}>
1390.5166 	INFO 	Keyboard events cleared
1390.5161 	EXP 	surround_grating: autoDraw = False
1390.5161 	EXP 	center_grating: autoDraw = False
1390.5161 	EXP 	text_2: autoDraw = False
1390.5161 	EXP 	surround_grating: ori = -15.0
1390.5161 	EXP 	surround_grating: sf = array([2.5, 2.5])
1390.5161 	EXP 	surround_grating: phase = array([0.90494183, 0.90494183])
1390.5161 	EXP 	center_grating: ori = 0.0
1390.5161 	EXP 	center_grating: sf = array([2.5, 2.5])
1390.5161 	EXP 	center_grating: phase = array([0.41510468, 0.41510468])
1390.9986 	EXP 	surround_grating: autoDraw = True
1390.9986 	EXP 	center_grating: autoDraw = True
1391.0707 	EXP 	surround_grating: autoDraw = False
1391.0707 	EXP 	center_grating: autoDraw = False
1391.4849 	EXP 	New trial (rep=0, index=942): <Trial 942 (942 in rep 0) data={'center': -4, 'surround': 0.0, 'type': 'c-4', 'surr_type': 'noss', 'surr_opacity': 0, 'thisN': 942, 'thisTrialN': 942, 'thisRepN': 0}>
1391.4953 	INFO 	Keyboard events cleared
1391.4948 	EXP 	surround_grating: autoDraw = False
1391.4948 	EXP 	center_grating: autoDraw = False
1391.4948 	EXP 	text_2: autoDraw = False
1391.4948 	EXP 	surround_grating: ori = 0.0
1391.4948 	EXP 	surround_grating: sf = array([2.5, 2.5])
1391.4948 	EXP 	surround_grating: phase = array([0.49262724, 0.49262724])
1391.4948 	EXP 	center_grating: ori = -4.0
1391.4948 	EXP 	center_grating: sf = array([2.5, 2.5])
1391.4948 	EXP 	center_grating: phase = array([0.05252923, 0.05252923])
1391.9816 	EXP 	surround_grating: autoDraw = True
1391.9816 	EXP 	center_grating: autoDraw = True
1392.0552 	EXP 	surround_grating: autoDraw = False
1392.0552 	EXP 	center_grating: autoDraw = False
1392.4018 	EXP 	New trial (rep=0, index=943): <Trial 943 (943 in rep 0) data={'center': -2, 'surround': 15.0, 'type': 'c-2', 'surr_type': 'poss', 'surr_opacity': 100, 'thisN': 943, 'thisTrialN': 943, 'thisRepN': 0}>
1392.4121 	INFO 	Keyboard events cleared
1392.4114 	EXP 	surround_grating: autoDraw = False
1392.4114 	EXP 	center_grating: autoDraw = False
1392.4114 	EXP 	text_2: autoDraw = False
1392.4114 	EXP 	surround_grating: ori = 15.0
1392.4114 	EXP 	surround_grating: sf = array([2.5, 2.5])
1392.4114 	EXP 	surround_grating: phase = array([0.19210183, 0.19210183])
1392.4114 	EXP 	center_grating: ori = -2.0
1392.4114 	EXP 	center_grating: sf = array([2.5, 2.5])
1392.4114 	EXP 	center_grating: phase = array([0.71971982, 0.71971982])
1392.8976 	EXP 	surround_grating: autoDraw = True
1392.8976 	EXP 	center_grating: autoDraw = True
1392.9708 	EXP 	surround_grating: autoDraw = False
1392.9708 	EXP 	center_grating: autoDraw = False
1393.5688 	EXP 	New trial (rep=0, index=944): <Trial 944 (944 in rep 0) data={'center': 8, 'surround': 15.0, 'type': 'c+8', 'surr_type': 'poss', 'surr_opacity': 100, 'thisN': 944, 'thisTrialN': 944, 'thisRepN': 0}>
1393.5786 	INFO 	Keyboard events cleared
1393.5781 	EXP 	surround_grating: autoDraw = False
1393.5781 	EXP 	center_grating: autoDraw = False
1393.5781 	EXP 	text_2: autoDraw = False
1393.5781 	EXP 	surround_grating: ori = 15.0
1393.5781 	EXP 	surround_grating: sf = array([2.5, 2.5])
1393.5781 	EXP 	surround_grating: phase = array([0.20229965, 0.20229965])
1393.5781 	EXP 	center_grating: ori = 8.0
1393.5781 	EXP 	center_grating: sf = array([2.5, 2.5])
1393.5781 	EXP 	center_grating: phase = array([0.48448436, 0.48448436])
1394.0651 	EXP 	surround_grating: autoDraw = True
1394.0651 	EXP 	center_grating: autoDraw = True
1394.1375 	EXP 	surround_grating: autoDraw = False
1394.1375 	EXP 	center_grating: autoDraw = False
1394.7361 	EXP 	New trial (rep=0, index=945): <Trial 945 (945 in rep 0) data={'center': 6, 'surround': 15.0, 'type': 'c+6', 'surr_type': 'poss', 'surr_opacity': 100, 'thisN': 945, 'thisTrialN': 945, 'thisRepN': 0}>
1394.7463 	INFO 	Keyboard events cleared
1394.7458 	EXP 	surround_grating: autoDraw = False
1394.7458 	EXP 	center_grating: autoDraw = False
1394.7458 	EXP 	text_2: autoDraw = False
1394.7458 	EXP 	surround_grating: ori = 15.0
1394.7458 	EXP 	surround_grating: sf = array([2.5, 2.5])
1394.7458 	EXP 	surround_grating: phase = array([0.65158979, 0.65158979])
1394.7458 	EXP 	center_grating: ori = 6.0
1394.7458 	EXP 	center_grating: sf = array([2.5, 2.5])
1394.7458 	EXP 	center_grating: phase = array([0.25726471, 0.25726471])
1395.2321 	EXP 	surround_grating: autoDraw = True
1395.2321 	EXP 	center_grating: autoDraw = True
1395.3038 	EXP 	surround_grating: autoDraw = False
1395.3038 	EXP 	center_grating: autoDraw = False
1395.7182 	EXP 	New trial (rep=0, index=946): <Trial 946 (946 in rep 0) data={'center': -4, 'surround': 0.0, 'type': 'c-4', 'surr_type': 'noss', 'surr_opacity': 0, 'thisN': 946, 'thisTrialN': 946, 'thisRepN': 0}>
1395.7281 	INFO 	Keyboard events cleared
1395.7277 	EXP 	surround_grating: autoDraw = False
1395.7277 	EXP 	center_grating: autoDraw = False
1395.7277 	EXP 	text_2: autoDraw = False
1395.7277 	EXP 	surround_grating: ori = 0.0
1395.7277 	EXP 	surround_grating: sf = array([2.5, 2.5])
1395.7277 	EXP 	surround_grating: phase = array([0.00899376, 0.00899376])
1395.7277 	EXP 	center_grating: ori = -4.0
1395.7277 	EXP 	center_grating: sf = array([2.5, 2.5])
1395.7277 	EXP 	center_grating: phase = array([0.27783729, 0.27783729])
1396.2152 	EXP 	surround_grating: autoDraw = True
1396.2152 	EXP 	center_grating: autoDraw = True
1396.2869 	EXP 	surround_grating: autoDraw = False
1396.2869 	EXP 	center_grating: autoDraw = False
1396.8183 	EXP 	New trial (rep=0, index=947): <Trial 947 (947 in rep 0) data={'center': -4, 'surround': -15.0, 'type': 'c-4', 'surr_type': 'negs', 'surr_opacity': 100, 'thisN': 947, 'thisTrialN': 947, 'thisRepN': 0}>
1396.8250 	INFO 	Keyboard events cleared
1396.8246 	EXP 	surround_grating: autoDraw = False
1396.8246 	EXP 	center_grating: autoDraw = False
1396.8246 	EXP 	text_2: autoDraw = False
1396.8246 	EXP 	surround_grating: ori = -15.0
1396.8246 	EXP 	surround_grating: sf = array([2.5, 2.5])
1396.8246 	EXP 	surround_grating: phase = array([0.30820529, 0.30820529])
1396.8246 	EXP 	center_grating: ori = -4.0
1396.8246 	EXP 	center_grating: sf = array([2.5, 2.5])
1396.8246 	EXP 	center_grating: phase = array([0.71379277, 0.71379277])
1397.3153 	EXP 	surround_grating: autoDraw = True
1397.3153 	EXP 	center_grating: autoDraw = True
1397.3873 	EXP 	surround_grating: autoDraw = False
1397.3873 	EXP 	center_grating: autoDraw = False
1397.8017 	EXP 	New trial (rep=0, index=948): <Trial 948 (948 in rep 0) data={'center': 0, 'surround': 15.0, 'type': 'c+0', 'surr_type': 'poss', 'surr_opacity': 100, 'thisN': 948, 'thisTrialN': 948, 'thisRepN': 0}>
1397.8121 	INFO 	Keyboard events cleared
1397.8117 	EXP 	surround_grating: autoDraw = False
1397.8117 	EXP 	center_grating: autoDraw = False
1397.8117 	EXP 	text_2: autoDraw = False
1397.8117 	EXP 	surround_grating: ori = 15.0
1397.8117 	EXP 	surround_grating: sf = array([2.5, 2.5])
1397.8117 	EXP 	surround_grating: phase = array([0.54607822, 0.54607822])
1397.8117 	EXP 	center_grating: ori = 0.0
1397.8117 	EXP 	center_grating: sf = array([2.5, 2.5])
1397.8117 	EXP 	center_grating: phase = array([0.29353723, 0.29353723])
1398.2987 	EXP 	surround_grating: autoDraw = True
1398.2987 	EXP 	center_grating: autoDraw = True
1398.3705 	EXP 	surround_grating: autoDraw = False
1398.3705 	EXP 	center_grating: autoDraw = False
1399.0862 	EXP 	New trial (rep=0, index=949): <Trial 949 (949 in rep 0) data={'center': -2, 'surround': 15.0, 'type': 'c-2', 'surr_type': 'poss', 'surr_opacity': 100, 'thisN': 949, 'thisTrialN': 949, 'thisRepN': 0}>
1399.0966 	INFO 	Keyboard events cleared
1399.0962 	EXP 	surround_grating: autoDraw = False
1399.0962 	EXP 	center_grating: autoDraw = False
1399.0962 	EXP 	text_2: autoDraw = False
1399.0962 	EXP 	surround_grating: ori = 15.0
1399.0962 	EXP 	surround_grating: sf = array([2.5, 2.5])
1399.0962 	EXP 	surround_grating: phase = array([0.60787817, 0.60787817])
1399.0962 	EXP 	center_grating: ori = -2.0
1399.0962 	EXP 	center_grating: sf = array([2.5, 2.5])
1399.0962 	EXP 	center_grating: phase = array([0.58689693, 0.58689693])
1399.5820 	EXP 	surround_grating: autoDraw = True
1399.5820 	EXP 	center_grating: autoDraw = True
1399.6552 	EXP 	surround_grating: autoDraw = False
1399.6552 	EXP 	center_grating: autoDraw = False
1400.2018 	EXP 	New trial (rep=0, index=950): <Trial 950 (950 in rep 0) data={'center': 2, 'surround': -15.0, 'type': 'c+2', 'surr_type': 'negs', 'surr_opacity': 100, 'thisN': 950, 'thisTrialN': 950, 'thisRepN': 0}>
1400.2123 	INFO 	Keyboard events cleared
1400.2117 	EXP 	surround_grating: autoDraw = False
1400.2117 	EXP 	center_grating: autoDraw = False
1400.2117 	EXP 	text_2: autoDraw = False
1400.2117 	EXP 	surround_grating: ori = -15.0
1400.2117 	EXP 	surround_grating: sf = array([2.5, 2.5])
1400.2117 	EXP 	surround_grating: phase = array([0.98753696, 0.98753696])
1400.2117 	EXP 	center_grating: ori = 2.0
1400.2117 	EXP 	center_grating: sf = array([2.5, 2.5])
1400.2117 	EXP 	center_grating: phase = array([0.58469616, 0.58469616])
1400.6987 	EXP 	surround_grating: autoDraw = True
1400.6987 	EXP 	center_grating: autoDraw = True
1400.7708 	EXP 	surround_grating: autoDraw = False
1400.7708 	EXP 	center_grating: autoDraw = False
1401.4520 	EXP 	New trial (rep=0, index=951): <Trial 951 (951 in rep 0) data={'center': -1, 'surround': 0.0, 'type': 'c-1', 'surr_type': 'noss', 'surr_opacity': 0, 'thisN': 951, 'thisTrialN': 951, 'thisRepN': 0}>
1401.4627 	INFO 	Keyboard events cleared
1401.4623 	EXP 	surround_grating: autoDraw = False
1401.4623 	EXP 	center_grating: autoDraw = False
1401.4623 	EXP 	text_2: autoDraw = False
1401.4623 	EXP 	surround_grating: ori = 0.0
1401.4623 	EXP 	surround_grating: sf = array([2.5, 2.5])
1401.4623 	EXP 	surround_grating: phase = array([0.30411949, 0.30411949])
1401.4623 	EXP 	center_grating: ori = -1.0
1401.4623 	EXP 	center_grating: sf = array([2.5, 2.5])
1401.4623 	EXP 	center_grating: phase = array([0.62264879, 0.62264879])
1401.9488 	EXP 	surround_grating: autoDraw = True
1401.9488 	EXP 	center_grating: autoDraw = True
1402.0219 	EXP 	surround_grating: autoDraw = False
1402.0219 	EXP 	center_grating: autoDraw = False
1402.6197 	EXP 	New trial (rep=0, index=952): <Trial 952 (952 in rep 0) data={'center': -8, 'surround': -15.0, 'type': 'c-8', 'surr_type': 'negs', 'surr_opacity': 100, 'thisN': 952, 'thisTrialN': 952, 'thisRepN': 0}>
1402.6300 	INFO 	Keyboard events cleared
1402.6295 	EXP 	surround_grating: autoDraw = False
1402.6295 	EXP 	center_grating: autoDraw = False
1402.6295 	EXP 	text_2: autoDraw = False
1402.6295 	EXP 	surround_grating: ori = -15.0
1402.6295 	EXP 	surround_grating: sf = array([2.5, 2.5])
1402.6295 	EXP 	surround_grating: phase = array([0.18670959, 0.18670959])
1402.6295 	EXP 	center_grating: ori = -8.0
1402.6295 	EXP 	center_grating: sf = array([2.5, 2.5])
1402.6295 	EXP 	center_grating: phase = array([0.96629451, 0.96629451])
1403.1155 	EXP 	surround_grating: autoDraw = True
1403.1155 	EXP 	center_grating: autoDraw = True
1403.1880 	EXP 	surround_grating: autoDraw = False
1403.1880 	EXP 	center_grating: autoDraw = False
1403.7253 	EXP 	New trial (rep=0, index=953): <Trial 953 (953 in rep 0) data={'center': 6, 'surround': 15.0, 'type': 'c+6', 'surr_type': 'poss', 'surr_opacity': 100, 'thisN': 953, 'thisTrialN': 953, 'thisRepN': 0}>
1403.7356 	INFO 	Keyboard events cleared
1403.7350 	EXP 	surround_grating: autoDraw = False
1403.7350 	EXP 	center_grating: autoDraw = False
1403.7350 	EXP 	text_2: autoDraw = False
1403.7350 	EXP 	surround_grating: ori = 15.0
1403.7350 	EXP 	surround_grating: sf = array([2.5, 2.5])
1403.7350 	EXP 	surround_grating: phase = array([0.4700952, 0.4700952])
1403.7350 	EXP 	center_grating: ori = 6.0
1403.7350 	EXP 	center_grating: sf = array([2.5, 2.5])
1403.7350 	EXP 	center_grating: phase = array([0.2302876, 0.2302876])
1404.2251 	EXP 	surround_grating: autoDraw = True
1404.2251 	EXP 	center_grating: autoDraw = True
1404.2993 	EXP 	surround_grating: autoDraw = False
1404.2993 	EXP 	center_grating: autoDraw = False
1405.5182 	EXP 	New trial (rep=0, index=954): <Trial 954 (954 in rep 0) data={'center': 2, 'surround': 0.0, 'type': 'c+2', 'surr_type': 'noss', 'surr_opacity': 0, 'thisN': 954, 'thisTrialN': 954, 'thisRepN': 0}>
1405.5283 	INFO 	Keyboard events cleared
1405.5279 	EXP 	surround_grating: autoDraw = False
1405.5279 	EXP 	center_grating: autoDraw = False
1405.5279 	EXP 	text_2: autoDraw = False
1405.5279 	EXP 	surround_grating: ori = 0.0
1405.5279 	EXP 	surround_grating: sf = array([2.5, 2.5])
1405.5279 	EXP 	surround_grating: phase = array([0.12348876, 0.12348876])
1405.5279 	EXP 	center_grating: ori = 2.0
1405.5279 	EXP 	center_grating: sf = array([2.5, 2.5])
1405.5279 	EXP 	center_grating: phase = array([0.08296992, 0.08296992])
1406.0156 	EXP 	surround_grating: autoDraw = True
1406.0156 	EXP 	center_grating: autoDraw = True
1406.0875 	EXP 	surround_grating: autoDraw = False
1406.0875 	EXP 	center_grating: autoDraw = False
1406.6735 	EXP 	New trial (rep=0, index=955): <Trial 955 (955 in rep 0) data={'center': 0, 'surround': -15.0, 'type': 'c+0', 'surr_type': 'negs', 'surr_opacity': 100, 'thisN': 955, 'thisTrialN': 955, 'thisRepN': 0}>
1406.6835 	INFO 	Keyboard events cleared
1406.6830 	EXP 	surround_grating: autoDraw = False
1406.6830 	EXP 	center_grating: autoDraw = False
1406.6830 	EXP 	text_2: autoDraw = False
1406.6830 	EXP 	surround_grating: ori = -15.0
1406.6830 	EXP 	surround_grating: sf = array([2.5, 2.5])
1406.6830 	EXP 	surround_grating: phase = array([0.95999179, 0.95999179])
1406.6830 	EXP 	center_grating: ori = 0.0
1406.6830 	EXP 	center_grating: sf = array([2.5, 2.5])
1406.6830 	EXP 	center_grating: phase = array([0.36655428, 0.36655428])
1407.1657 	EXP 	surround_grating: autoDraw = True
1407.1657 	EXP 	center_grating: autoDraw = True
1407.2384 	EXP 	surround_grating: autoDraw = False
1407.2384 	EXP 	center_grating: autoDraw = False
1407.8853 	EXP 	New trial (rep=0, index=956): <Trial 956 (956 in rep 0) data={'center': 6, 'surround': 15.0, 'type': 'c+6', 'surr_type': 'poss', 'surr_opacity': 100, 'thisN': 956, 'thisTrialN': 956, 'thisRepN': 0}>
1407.8953 	INFO 	Keyboard events cleared
1407.8947 	EXP 	surround_grating: autoDraw = False
1407.8947 	EXP 	center_grating: autoDraw = False
1407.8947 	EXP 	text_2: autoDraw = False
1407.8947 	EXP 	surround_grating: ori = 15.0
1407.8947 	EXP 	surround_grating: sf = array([2.5, 2.5])
1407.8947 	EXP 	surround_grating: phase = array([0.18017151, 0.18017151])
1407.8947 	EXP 	center_grating: ori = 6.0
1407.8947 	EXP 	center_grating: sf = array([2.5, 2.5])
1407.8947 	EXP 	center_grating: phase = array([0.56047203, 0.56047203])
1408.3823 	EXP 	surround_grating: autoDraw = True
1408.3823 	EXP 	center_grating: autoDraw = True
1408.4546 	EXP 	surround_grating: autoDraw = False
1408.4546 	EXP 	center_grating: autoDraw = False
1408.9023 	EXP 	New trial (rep=0, index=957): <Trial 957 (957 in rep 0) data={'center': -1, 'surround': 0.0, 'type': 'c-1', 'surr_type': 'noss', 'surr_opacity': 0, 'thisN': 957, 'thisTrialN': 957, 'thisRepN': 0}>
1408.9127 	INFO 	Keyboard events cleared
1408.9120 	EXP 	surround_grating: autoDraw = False
1408.9120 	EXP 	center_grating: autoDraw = False
1408.9120 	EXP 	text_2: autoDraw = False
1408.9120 	EXP 	surround_grating: ori = 0.0
1408.9120 	EXP 	surround_grating: sf = array([2.5, 2.5])
1408.9120 	EXP 	surround_grating: phase = array([0.58440594, 0.58440594])
1408.9120 	EXP 	center_grating: ori = -1.0
1408.9120 	EXP 	center_grating: sf = array([2.5, 2.5])
1408.9120 	EXP 	center_grating: phase = array([0.25355302, 0.25355302])
1409.3989 	EXP 	surround_grating: autoDraw = True
1409.3989 	EXP 	center_grating: autoDraw = True
1409.4714 	EXP 	surround_grating: autoDraw = False
1409.4714 	EXP 	center_grating: autoDraw = False
1409.8692 	EXP 	New trial (rep=0, index=958): <Trial 958 (958 in rep 0) data={'center': 6, 'surround': 15.0, 'type': 'c+6', 'surr_type': 'poss', 'surr_opacity': 100, 'thisN': 958, 'thisTrialN': 958, 'thisRepN': 0}>
1409.8794 	INFO 	Keyboard events cleared
1409.8789 	EXP 	surround_grating: autoDraw = False
1409.8789 	EXP 	center_grating: autoDraw = False
1409.8789 	EXP 	text_2: autoDraw = False
1409.8789 	EXP 	surround_grating: ori = 15.0
1409.8789 	EXP 	surround_grating: sf = array([2.5, 2.5])
1409.8789 	EXP 	surround_grating: phase = array([0.25476021, 0.25476021])
1409.8789 	EXP 	center_grating: ori = 6.0
1409.8789 	EXP 	center_grating: sf = array([2.5, 2.5])
1409.8789 	EXP 	center_grating: phase = array([0.14495828, 0.14495828])
1410.3657 	EXP 	surround_grating: autoDraw = True
1410.3657 	EXP 	center_grating: autoDraw = True
1410.4385 	EXP 	surround_grating: autoDraw = False
1410.4385 	EXP 	center_grating: autoDraw = False
1410.8937 	EXP 	New trial (rep=0, index=959): <Trial 959 (959 in rep 0) data={'center': 8, 'surround': 15.0, 'type': 'c+8', 'surr_type': 'poss', 'surr_opacity': 100, 'thisN': 959, 'thisTrialN': 959, 'thisRepN': 0}>
1410.9014 	INFO 	Keyboard events cleared
1410.9011 	EXP 	surround_grating: autoDraw = False
1410.9011 	EXP 	center_grating: autoDraw = False
1410.9011 	EXP 	text_2: autoDraw = False
1410.9011 	EXP 	surround_grating: ori = 15.0
1410.9011 	EXP 	surround_grating: sf = array([2.5, 2.5])
1410.9011 	EXP 	surround_grating: phase = array([0.53502577, 0.53502577])
1410.9011 	EXP 	center_grating: ori = 8.0
1410.9011 	EXP 	center_grating: sf = array([2.5, 2.5])
1410.9011 	EXP 	center_grating: phase = array([0.80128273, 0.80128273])
1411.3908 	EXP 	surround_grating: autoDraw = True
1411.3908 	EXP 	center_grating: autoDraw = True
1411.4663 	EXP 	surround_grating: autoDraw = False
1411.4663 	EXP 	center_grating: autoDraw = False
1412.1356 	EXP 	New trial (rep=0, index=960): <Trial 960 (960 in rep 0) data={'center': 0, 'surround': 15.0, 'type': 'c+0', 'surr_type': 'poss', 'surr_opacity': 100, 'thisN': 960, 'thisTrialN': 960, 'thisRepN': 0}>
1412.1456 	INFO 	Keyboard events cleared
1412.1452 	EXP 	surround_grating: autoDraw = False
1412.1452 	EXP 	center_grating: autoDraw = False
1412.1452 	EXP 	text_2: autoDraw = False
1412.1452 	EXP 	surround_grating: ori = 15.0
1412.1452 	EXP 	surround_grating: sf = array([2.5, 2.5])
1412.1452 	EXP 	surround_grating: phase = array([0.2379586, 0.2379586])
1412.1452 	EXP 	center_grating: ori = 0.0
1412.1452 	EXP 	center_grating: sf = array([2.5, 2.5])
1412.1452 	EXP 	center_grating: phase = array([0.50612455, 0.50612455])
1412.6324 	EXP 	surround_grating: autoDraw = True
1412.6324 	EXP 	center_grating: autoDraw = True
1412.7054 	EXP 	surround_grating: autoDraw = False
1412.7054 	EXP 	center_grating: autoDraw = False
1413.3192 	EXP 	New trial (rep=0, index=961): <Trial 961 (961 in rep 0) data={'center': 1, 'surround': 0.0, 'type': 'c+1', 'surr_type': 'noss', 'surr_opacity': 0, 'thisN': 961, 'thisTrialN': 961, 'thisRepN': 0}>
1413.3298 	INFO 	Keyboard events cleared
1413.3294 	EXP 	surround_grating: autoDraw = False
1413.3294 	EXP 	center_grating: autoDraw = False
1413.3294 	EXP 	text_2: autoDraw = False
1413.3294 	EXP 	surround_grating: ori = 0.0
1413.3294 	EXP 	surround_grating: sf = array([2.5, 2.5])
1413.3294 	EXP 	surround_grating: phase = array([0.50064102, 0.50064102])
1413.3294 	EXP 	center_grating: ori = 1.0
1413.3294 	EXP 	center_grating: sf = array([2.5, 2.5])
1413.3294 	EXP 	center_grating: phase = array([0.42363435, 0.42363435])
1413.8159 	EXP 	surround_grating: autoDraw = True
1413.8159 	EXP 	center_grating: autoDraw = True
1413.8888 	EXP 	surround_grating: autoDraw = False
1413.8888 	EXP 	center_grating: autoDraw = False
1414.2024 	EXP 	New trial (rep=0, index=962): <Trial 962 (962 in rep 0) data={'center': 4, 'surround': 15.0, 'type': 'c+4', 'surr_type': 'poss', 'surr_opacity': 100, 'thisN': 962, 'thisTrialN': 962, 'thisRepN': 0}>
1414.2128 	INFO 	Keyboard events cleared
1414.2124 	EXP 	surround_grating: autoDraw = False
1414.2124 	EXP 	center_grating: autoDraw = False
1414.2124 	EXP 	text_2: autoDraw = False
1414.2124 	EXP 	surround_grating: ori = 15.0
1414.2124 	EXP 	surround_grating: sf = array([2.5, 2.5])
1414.2124 	EXP 	surround_grating: phase = array([0.53879144, 0.53879144])
1414.2124 	EXP 	center_grating: ori = 4.0
1414.2124 	EXP 	center_grating: sf = array([2.5, 2.5])
1414.2124 	EXP 	center_grating: phase = array([0.60999045, 0.60999045])
1414.6992 	EXP 	surround_grating: autoDraw = True
1414.6992 	EXP 	center_grating: autoDraw = True
1414.7713 	EXP 	surround_grating: autoDraw = False
1414.7713 	EXP 	center_grating: autoDraw = False
1415.1360 	EXP 	New trial (rep=0, index=963): <Trial 963 (963 in rep 0) data={'center': -2, 'surround': -15.0, 'type': 'c-2', 'surr_type': 'negs', 'surr_opacity': 100, 'thisN': 963, 'thisTrialN': 963, 'thisRepN': 0}>
1415.1461 	INFO 	Keyboard events cleared
1415.1456 	EXP 	surround_grating: autoDraw = False
1415.1456 	EXP 	center_grating: autoDraw = False
1415.1456 	EXP 	text_2: autoDraw = False
1415.1456 	EXP 	surround_grating: ori = -15.0
1415.1456 	EXP 	surround_grating: sf = array([2.5, 2.5])
1415.1456 	EXP 	surround_grating: phase = array([0.22100681, 0.22100681])
1415.1456 	EXP 	center_grating: ori = -2.0
1415.1456 	EXP 	center_grating: sf = array([2.5, 2.5])
1415.1456 	EXP 	center_grating: phase = array([0.4717578, 0.4717578])
1415.6327 	EXP 	surround_grating: autoDraw = True
1415.6327 	EXP 	center_grating: autoDraw = True
1415.7045 	EXP 	surround_grating: autoDraw = False
1415.7045 	EXP 	center_grating: autoDraw = False
1416.0920 	EXP 	New trial (rep=0, index=964): <Trial 964 (964 in rep 0) data={'center': -4, 'surround': -15.0, 'type': 'c-4', 'surr_type': 'negs', 'surr_opacity': 100, 'thisN': 964, 'thisTrialN': 964, 'thisRepN': 0}>
1416.1027 	INFO 	Keyboard events cleared
1416.1023 	EXP 	surround_grating: autoDraw = False
1416.1023 	EXP 	center_grating: autoDraw = False
1416.1023 	EXP 	text_2: autoDraw = False
1416.1023 	EXP 	surround_grating: ori = -15.0
1416.1023 	EXP 	surround_grating: sf = array([2.5, 2.5])
1416.1023 	EXP 	surround_grating: phase = array([0.92001275, 0.92001275])
1416.1023 	EXP 	center_grating: ori = -4.0
1416.1023 	EXP 	center_grating: sf = array([2.5, 2.5])
1416.1023 	EXP 	center_grating: phase = array([0.64463949, 0.64463949])
1416.5917 	EXP 	surround_grating: autoDraw = True
1416.5917 	EXP 	center_grating: autoDraw = True
1416.6664 	EXP 	surround_grating: autoDraw = False
1416.6664 	EXP 	center_grating: autoDraw = False
1417.0418 	EXP 	New trial (rep=0, index=965): <Trial 965 (965 in rep 0) data={'center': 0, 'surround': 15.0, 'type': 'c+0', 'surr_type': 'poss', 'surr_opacity': 100, 'thisN': 965, 'thisTrialN': 965, 'thisRepN': 0}>
1417.0521 	INFO 	Keyboard events cleared
1417.0516 	EXP 	surround_grating: autoDraw = False
1417.0516 	EXP 	center_grating: autoDraw = False
1417.0516 	EXP 	text_2: autoDraw = False
1417.0516 	EXP 	surround_grating: ori = 15.0
1417.0516 	EXP 	surround_grating: sf = array([2.5, 2.5])
1417.0516 	EXP 	surround_grating: phase = array([0.89521858, 0.89521858])
1417.0516 	EXP 	center_grating: ori = 0.0
1417.0516 	EXP 	center_grating: sf = array([2.5, 2.5])
1417.0516 	EXP 	center_grating: phase = array([0.24758135, 0.24758135])
1417.5417 	EXP 	surround_grating: autoDraw = True
1417.5417 	EXP 	center_grating: autoDraw = True
1417.6166 	EXP 	surround_grating: autoDraw = False
1417.6166 	EXP 	center_grating: autoDraw = False
1417.9857 	EXP 	New trial (rep=0, index=966): <Trial 966 (966 in rep 0) data={'center': -2, 'surround': 15.0, 'type': 'c-2', 'surr_type': 'poss', 'surr_opacity': 100, 'thisN': 966, 'thisTrialN': 966, 'thisRepN': 0}>
1417.9956 	INFO 	Keyboard events cleared
1417.9951 	EXP 	surround_grating: autoDraw = False
1417.9951 	EXP 	center_grating: autoDraw = False
1417.9951 	EXP 	text_2: autoDraw = False
1417.9951 	EXP 	surround_grating: ori = 15.0
1417.9951 	EXP 	surround_grating: sf = array([2.5, 2.5])
1417.9951 	EXP 	surround_grating: phase = array([0.51059147, 0.51059147])
1417.9951 	EXP 	center_grating: ori = -2.0
1417.9951 	EXP 	center_grating: sf = array([2.5, 2.5])
1417.9951 	EXP 	center_grating: phase = array([0.64082771, 0.64082771])
1418.4828 	EXP 	surround_grating: autoDraw = True
1418.4828 	EXP 	center_grating: autoDraw = True
1418.5550 	EXP 	surround_grating: autoDraw = False
1418.5550 	EXP 	center_grating: autoDraw = False
1419.0194 	EXP 	New trial (rep=0, index=967): <Trial 967 (967 in rep 0) data={'center': 0, 'surround': 15.0, 'type': 'c+0', 'surr_type': 'poss', 'surr_opacity': 100, 'thisN': 967, 'thisTrialN': 967, 'thisRepN': 0}>
1419.0266 	INFO 	Keyboard events cleared
1419.0262 	EXP 	surround_grating: autoDraw = False
1419.0262 	EXP 	center_grating: autoDraw = False
1419.0262 	EXP 	text_2: autoDraw = False
1419.0262 	EXP 	surround_grating: ori = 15.0
1419.0262 	EXP 	surround_grating: sf = array([2.5, 2.5])
1419.0262 	EXP 	surround_grating: phase = array([0.8575369, 0.8575369])
1419.0262 	EXP 	center_grating: ori = 0.0
1419.0262 	EXP 	center_grating: sf = array([2.5, 2.5])
1419.0262 	EXP 	center_grating: phase = array([0.38727381, 0.38727381])
1419.5150 	EXP 	surround_grating: autoDraw = True
1419.5150 	EXP 	center_grating: autoDraw = True
1419.5889 	EXP 	surround_grating: autoDraw = False
1419.5889 	EXP 	center_grating: autoDraw = False
1419.9026 	EXP 	New trial (rep=0, index=968): <Trial 968 (968 in rep 0) data={'center': 8, 'surround': 15.0, 'type': 'c+8', 'surr_type': 'poss', 'surr_opacity': 100, 'thisN': 968, 'thisTrialN': 968, 'thisRepN': 0}>
1419.9137 	INFO 	Keyboard events cleared
1419.9132 	EXP 	surround_grating: autoDraw = False
1419.9132 	EXP 	center_grating: autoDraw = False
1419.9132 	EXP 	text_2: autoDraw = False
1419.9132 	EXP 	surround_grating: ori = 15.0
1419.9132 	EXP 	surround_grating: sf = array([2.5, 2.5])
1419.9132 	EXP 	surround_grating: phase = array([0.3142026, 0.3142026])
1419.9132 	EXP 	center_grating: ori = 8.0
1419.9132 	EXP 	center_grating: sf = array([2.5, 2.5])
1419.9132 	EXP 	center_grating: phase = array([0.37630136, 0.37630136])
1420.3995 	EXP 	surround_grating: autoDraw = True
1420.3995 	EXP 	center_grating: autoDraw = True
1420.4715 	EXP 	surround_grating: autoDraw = False
1420.4715 	EXP 	center_grating: autoDraw = False
1420.9857 	EXP 	New trial (rep=0, index=969): <Trial 969 (969 in rep 0) data={'center': -4, 'surround': -15.0, 'type': 'c-4', 'surr_type': 'negs', 'surr_opacity': 100, 'thisN': 969, 'thisTrialN': 969, 'thisRepN': 0}>
1420.9956 	INFO 	Keyboard events cleared
1420.9950 	EXP 	surround_grating: autoDraw = False
1420.9950 	EXP 	center_grating: autoDraw = False
1420.9950 	EXP 	text_2: autoDraw = False
1420.9950 	EXP 	surround_grating: ori = -15.0
1420.9950 	EXP 	surround_grating: sf = array([2.5, 2.5])
1420.9950 	EXP 	surround_grating: phase = array([0.46619247, 0.46619247])
1420.9950 	EXP 	center_grating: ori = -4.0
1420.9950 	EXP 	center_grating: sf = array([2.5, 2.5])
1420.9950 	EXP 	center_grating: phase = array([0.62279128, 0.62279128])
1421.4827 	EXP 	surround_grating: autoDraw = True
1421.4827 	EXP 	center_grating: autoDraw = True
1421.5558 	EXP 	surround_grating: autoDraw = False
1421.5558 	EXP 	center_grating: autoDraw = False
1422.2525 	EXP 	New trial (rep=0, index=970): <Trial 970 (970 in rep 0) data={'center': 4, 'surround': 15.0, 'type': 'c+4', 'surr_type': 'poss', 'surr_opacity': 100, 'thisN': 970, 'thisTrialN': 970, 'thisRepN': 0}>
1422.2624 	INFO 	Keyboard events cleared
1422.2620 	EXP 	surround_grating: autoDraw = False
1422.2620 	EXP 	center_grating: autoDraw = False
1422.2620 	EXP 	text_2: autoDraw = False
1422.2620 	EXP 	surround_grating: ori = 15.0
1422.2620 	EXP 	surround_grating: sf = array([2.5, 2.5])
1422.2620 	EXP 	surround_grating: phase = array([0.50076206, 0.50076206])
1422.2620 	EXP 	center_grating: ori = 4.0
1422.2620 	EXP 	center_grating: sf = array([2.5, 2.5])
1422.2620 	EXP 	center_grating: phase = array([0.9093185, 0.9093185])
1422.7495 	EXP 	surround_grating: autoDraw = True
1422.7495 	EXP 	center_grating: autoDraw = True
1422.8229 	EXP 	surround_grating: autoDraw = False
1422.8229 	EXP 	center_grating: autoDraw = False
1423.2853 	EXP 	New trial (rep=0, index=971): <Trial 971 (971 in rep 0) data={'center': -2, 'surround': 0.0, 'type': 'c-2', 'surr_type': 'noss', 'surr_opacity': 0, 'thisN': 971, 'thisTrialN': 971, 'thisRepN': 0}>
1423.2951 	INFO 	Keyboard events cleared
1423.2947 	EXP 	surround_grating: autoDraw = False
1423.2947 	EXP 	center_grating: autoDraw = False
1423.2947 	EXP 	text_2: autoDraw = False
1423.2947 	EXP 	surround_grating: ori = 0.0
1423.2947 	EXP 	surround_grating: sf = array([2.5, 2.5])
1423.2947 	EXP 	surround_grating: phase = array([0.1176012, 0.1176012])
1423.2947 	EXP 	center_grating: ori = -2.0
1423.2947 	EXP 	center_grating: sf = array([2.5, 2.5])
1423.2947 	EXP 	center_grating: phase = array([0.57966557, 0.57966557])
1423.7828 	EXP 	surround_grating: autoDraw = True
1423.7828 	EXP 	center_grating: autoDraw = True
1423.8549 	EXP 	surround_grating: autoDraw = False
1423.8549 	EXP 	center_grating: autoDraw = False
1424.2194 	EXP 	New trial (rep=0, index=972): <Trial 972 (972 in rep 0) data={'center': 4, 'surround': 0.0, 'type': 'c+4', 'surr_type': 'noss', 'surr_opacity': 0, 'thisN': 972, 'thisTrialN': 972, 'thisRepN': 0}>
1424.2293 	INFO 	Keyboard events cleared
1424.2288 	EXP 	surround_grating: autoDraw = False
1424.2288 	EXP 	center_grating: autoDraw = False
1424.2288 	EXP 	text_2: autoDraw = False
1424.2288 	EXP 	surround_grating: ori = 0.0
1424.2288 	EXP 	surround_grating: sf = array([2.5, 2.5])
1424.2288 	EXP 	surround_grating: phase = array([0.19105889, 0.19105889])
1424.2288 	EXP 	center_grating: ori = 4.0
1424.2288 	EXP 	center_grating: sf = array([2.5, 2.5])
1424.2288 	EXP 	center_grating: phase = array([0.53876433, 0.53876433])
1424.7163 	EXP 	surround_grating: autoDraw = True
1424.7163 	EXP 	center_grating: autoDraw = True
1424.7892 	EXP 	surround_grating: autoDraw = False
1424.7892 	EXP 	center_grating: autoDraw = False
1425.1698 	EXP 	New trial (rep=0, index=973): <Trial 973 (973 in rep 0) data={'center': -2, 'surround': 0.0, 'type': 'c-2', 'surr_type': 'noss', 'surr_opacity': 0, 'thisN': 973, 'thisTrialN': 973, 'thisRepN': 0}>
1425.1797 	INFO 	Keyboard events cleared
1425.1791 	EXP 	surround_grating: autoDraw = False
1425.1791 	EXP 	center_grating: autoDraw = False
1425.1791 	EXP 	text_2: autoDraw = False
1425.1791 	EXP 	surround_grating: ori = 0.0
1425.1791 	EXP 	surround_grating: sf = array([2.5, 2.5])
1425.1791 	EXP 	surround_grating: phase = array([0.3048439, 0.3048439])
1425.1791 	EXP 	center_grating: ori = -2.0
1425.1791 	EXP 	center_grating: sf = array([2.5, 2.5])
1425.1791 	EXP 	center_grating: phase = array([0.14849264, 0.14849264])
1425.6654 	EXP 	surround_grating: autoDraw = True
1425.6654 	EXP 	center_grating: autoDraw = True
1425.7391 	EXP 	surround_grating: autoDraw = False
1425.7391 	EXP 	center_grating: autoDraw = False
1426.1194 	EXP 	New trial (rep=0, index=974): <Trial 974 (974 in rep 0) data={'center': 2, 'surround': -15.0, 'type': 'c+2', 'surr_type': 'negs', 'surr_opacity': 100, 'thisN': 974, 'thisTrialN': 974, 'thisRepN': 0}>
1426.1294 	INFO 	Keyboard events cleared
1426.1289 	EXP 	surround_grating: autoDraw = False
1426.1289 	EXP 	center_grating: autoDraw = False
1426.1289 	EXP 	text_2: autoDraw = False
1426.1289 	EXP 	surround_grating: ori = -15.0
1426.1289 	EXP 	surround_grating: sf = array([2.5, 2.5])
1426.1289 	EXP 	surround_grating: phase = array([0.93660083, 0.93660083])
1426.1289 	EXP 	center_grating: ori = 2.0
1426.1289 	EXP 	center_grating: sf = array([2.5, 2.5])
1426.1289 	EXP 	center_grating: phase = array([0.82487407, 0.82487407])
1426.6153 	EXP 	surround_grating: autoDraw = True
1426.6153 	EXP 	center_grating: autoDraw = True
1426.6897 	EXP 	surround_grating: autoDraw = False
1426.6897 	EXP 	center_grating: autoDraw = False
1427.2245 	EXP 	New trial (rep=0, index=975): <Trial 975 (975 in rep 0) data={'center': 2, 'surround': -15.0, 'type': 'c+2', 'surr_type': 'negs', 'surr_opacity': 100, 'thisN': 975, 'thisTrialN': 975, 'thisRepN': 0}>
1427.2502 	INFO 	Keyboard events cleared
1427.2498 	EXP 	surround_grating: autoDraw = False
1427.2498 	EXP 	center_grating: autoDraw = False
1427.2498 	EXP 	text_2: autoDraw = False
1427.2498 	EXP 	surround_grating: ori = -15.0
1427.2498 	EXP 	surround_grating: sf = array([2.5, 2.5])
1427.2498 	EXP 	surround_grating: phase = array([0.896697, 0.896697])
1427.2498 	EXP 	center_grating: ori = 2.0
1427.2498 	EXP 	center_grating: sf = array([2.5, 2.5])
1427.2498 	EXP 	center_grating: phase = array([0.27280984, 0.27280984])
1427.7256 	EXP 	surround_grating: autoDraw = True
1427.7256 	EXP 	center_grating: autoDraw = True
1427.8002 	EXP 	surround_grating: autoDraw = False
1427.8002 	EXP 	center_grating: autoDraw = False
1428.4527 	EXP 	New trial (rep=0, index=976): <Trial 976 (976 in rep 0) data={'center': -4, 'surround': 0.0, 'type': 'c-4', 'surr_type': 'noss', 'surr_opacity': 0, 'thisN': 976, 'thisTrialN': 976, 'thisRepN': 0}>
1428.4622 	INFO 	Keyboard events cleared
1428.4618 	EXP 	surround_grating: autoDraw = False
1428.4618 	EXP 	center_grating: autoDraw = False
1428.4618 	EXP 	text_2: autoDraw = False
1428.4618 	EXP 	surround_grating: ori = 0.0
1428.4618 	EXP 	surround_grating: sf = array([2.5, 2.5])
1428.4618 	EXP 	surround_grating: phase = array([0.42165329, 0.42165329])
1428.4618 	EXP 	center_grating: ori = -4.0
1428.4618 	EXP 	center_grating: sf = array([2.5, 2.5])
1428.4618 	EXP 	center_grating: phase = array([0.1184597, 0.1184597])
1428.9497 	EXP 	surround_grating: autoDraw = True
1428.9497 	EXP 	center_grating: autoDraw = True
1429.0228 	EXP 	surround_grating: autoDraw = False
1429.0228 	EXP 	center_grating: autoDraw = False
1429.6364 	EXP 	New trial (rep=0, index=977): <Trial 977 (977 in rep 0) data={'center': 4, 'surround': 0.0, 'type': 'c+4', 'surr_type': 'noss', 'surr_opacity': 0, 'thisN': 977, 'thisTrialN': 977, 'thisRepN': 0}>
1429.6470 	INFO 	Keyboard events cleared
1429.6464 	EXP 	surround_grating: autoDraw = False
1429.6464 	EXP 	center_grating: autoDraw = False
1429.6464 	EXP 	text_2: autoDraw = False
1429.6464 	EXP 	surround_grating: ori = 0.0
1429.6464 	EXP 	surround_grating: sf = array([2.5, 2.5])
1429.6464 	EXP 	surround_grating: phase = array([0.29923323, 0.29923323])
1429.6464 	EXP 	center_grating: ori = 4.0
1429.6464 	EXP 	center_grating: sf = array([2.5, 2.5])
1429.6464 	EXP 	center_grating: phase = array([0.16489396, 0.16489396])
1430.1330 	EXP 	surround_grating: autoDraw = True
1430.1330 	EXP 	center_grating: autoDraw = True
1430.2062 	EXP 	surround_grating: autoDraw = False
1430.2062 	EXP 	center_grating: autoDraw = False
1430.5530 	EXP 	New trial (rep=0, index=978): <Trial 978 (978 in rep 0) data={'center': -6, 'surround': -15.0, 'type': 'c-6', 'surr_type': 'negs', 'surr_opacity': 100, 'thisN': 978, 'thisTrialN': 978, 'thisRepN': 0}>
1430.5641 	INFO 	Keyboard events cleared
1430.5637 	EXP 	surround_grating: autoDraw = False
1430.5637 	EXP 	center_grating: autoDraw = False
1430.5637 	EXP 	text_2: autoDraw = False
1430.5637 	EXP 	surround_grating: ori = -15.0
1430.5637 	EXP 	surround_grating: sf = array([2.5, 2.5])
1430.5637 	EXP 	surround_grating: phase = array([0.76300438, 0.76300438])
1430.5637 	EXP 	center_grating: ori = -6.0
1430.5637 	EXP 	center_grating: sf = array([2.5, 2.5])
1430.5637 	EXP 	center_grating: phase = array([0.42422429, 0.42422429])
1431.0498 	EXP 	surround_grating: autoDraw = True
1431.0498 	EXP 	center_grating: autoDraw = True
1431.1221 	EXP 	surround_grating: autoDraw = False
1431.1221 	EXP 	center_grating: autoDraw = False
1431.8362 	EXP 	New trial (rep=0, index=979): <Trial 979 (979 in rep 0) data={'center': 2, 'surround': -15.0, 'type': 'c+2', 'surr_type': 'negs', 'surr_opacity': 100, 'thisN': 979, 'thisTrialN': 979, 'thisRepN': 0}>
1431.8464 	INFO 	Keyboard events cleared
1431.8460 	EXP 	surround_grating: autoDraw = False
1431.8460 	EXP 	center_grating: autoDraw = False
1431.8460 	EXP 	text_2: autoDraw = False
1431.8460 	EXP 	surround_grating: ori = -15.0
1431.8460 	EXP 	surround_grating: sf = array([2.5, 2.5])
1431.8460 	EXP 	surround_grating: phase = array([0.20676826, 0.20676826])
1431.8460 	EXP 	center_grating: ori = 2.0
1431.8460 	EXP 	center_grating: sf = array([2.5, 2.5])
1431.8460 	EXP 	center_grating: phase = array([0.21758869, 0.21758869])
1432.3331 	EXP 	surround_grating: autoDraw = True
1432.3331 	EXP 	center_grating: autoDraw = True
1432.4055 	EXP 	surround_grating: autoDraw = False
1432.4055 	EXP 	center_grating: autoDraw = False
1432.8866 	EXP 	New trial (rep=0, index=980): <Trial 980 (980 in rep 0) data={'center': 0, 'surround': 15.0, 'type': 'c+0', 'surr_type': 'poss', 'surr_opacity': 100, 'thisN': 980, 'thisTrialN': 980, 'thisRepN': 0}>
1432.8968 	INFO 	Keyboard events cleared
1432.8963 	EXP 	surround_grating: autoDraw = False
1432.8963 	EXP 	center_grating: autoDraw = False
1432.8963 	EXP 	text_2: autoDraw = False
1432.8963 	EXP 	surround_grating: ori = 15.0
1432.8963 	EXP 	surround_grating: sf = array([2.5, 2.5])
1432.8963 	EXP 	surround_grating: phase = array([0.08703695, 0.08703695])
1432.8963 	EXP 	center_grating: ori = 0.0
1432.8963 	EXP 	center_grating: sf = array([2.5, 2.5])
1432.8963 	EXP 	center_grating: phase = array([0.8866875, 0.8866875])
1433.3832 	EXP 	surround_grating: autoDraw = True
1433.3832 	EXP 	center_grating: autoDraw = True
1433.4551 	EXP 	surround_grating: autoDraw = False
1433.4551 	EXP 	center_grating: autoDraw = False
1433.8364 	EXP 	New trial (rep=0, index=981): <Trial 981 (981 in rep 0) data={'center': -2, 'surround': -15.0, 'type': 'c-2', 'surr_type': 'negs', 'surr_opacity': 100, 'thisN': 981, 'thisTrialN': 981, 'thisRepN': 0}>
1433.8468 	INFO 	Keyboard events cleared
1433.8462 	EXP 	surround_grating: autoDraw = False
1433.8462 	EXP 	center_grating: autoDraw = False
1433.8462 	EXP 	text_2: autoDraw = False
1433.8462 	EXP 	surround_grating: ori = -15.0
1433.8462 	EXP 	surround_grating: sf = array([2.5, 2.5])
1433.8462 	EXP 	surround_grating: phase = array([0.42229916, 0.42229916])
1433.8462 	EXP 	center_grating: ori = -2.0
1433.8462 	EXP 	center_grating: sf = array([2.5, 2.5])
1433.8462 	EXP 	center_grating: phase = array([0.17175878, 0.17175878])
1434.3333 	EXP 	surround_grating: autoDraw = True
1434.3333 	EXP 	center_grating: autoDraw = True
1434.4054 	EXP 	surround_grating: autoDraw = False
1434.4054 	EXP 	center_grating: autoDraw = False
1434.9363 	EXP 	New trial (rep=0, index=982): <Trial 982 (982 in rep 0) data={'center': 2, 'surround': 0.0, 'type': 'c+2', 'surr_type': 'noss', 'surr_opacity': 0, 'thisN': 982, 'thisTrialN': 982, 'thisRepN': 0}>
1434.9466 	INFO 	Keyboard events cleared
1434.9462 	EXP 	surround_grating: autoDraw = False
1434.9462 	EXP 	center_grating: autoDraw = False
1434.9462 	EXP 	text_2: autoDraw = False
1434.9462 	EXP 	surround_grating: ori = 0.0
1434.9462 	EXP 	surround_grating: sf = array([2.5, 2.5])
1434.9462 	EXP 	surround_grating: phase = array([0.1443238, 0.1443238])
1434.9462 	EXP 	center_grating: ori = 2.0
1434.9462 	EXP 	center_grating: sf = array([2.5, 2.5])
1434.9462 	EXP 	center_grating: phase = array([0.39968969, 0.39968969])
1435.4333 	EXP 	surround_grating: autoDraw = True
1435.4333 	EXP 	center_grating: autoDraw = True
1435.5054 	EXP 	surround_grating: autoDraw = False
1435.5054 	EXP 	center_grating: autoDraw = False
1435.9696 	EXP 	New trial (rep=0, index=983): <Trial 983 (983 in rep 0) data={'center': 0, 'surround': 15.0, 'type': 'c+0', 'surr_type': 'poss', 'surr_opacity': 100, 'thisN': 983, 'thisTrialN': 983, 'thisRepN': 0}>
1435.9800 	INFO 	Keyboard events cleared
1435.9794 	EXP 	surround_grating: autoDraw = False
1435.9794 	EXP 	center_grating: autoDraw = False
1435.9794 	EXP 	text_2: autoDraw = False
1435.9794 	EXP 	surround_grating: ori = 15.0
1435.9794 	EXP 	surround_grating: sf = array([2.5, 2.5])
1435.9794 	EXP 	surround_grating: phase = array([0.06199363, 0.06199363])
1435.9794 	EXP 	center_grating: ori = 0.0
1435.9794 	EXP 	center_grating: sf = array([2.5, 2.5])
1435.9794 	EXP 	center_grating: phase = array([0.80219175, 0.80219175])
1436.4666 	EXP 	surround_grating: autoDraw = True
1436.4666 	EXP 	center_grating: autoDraw = True
1436.5385 	EXP 	surround_grating: autoDraw = False
1436.5385 	EXP 	center_grating: autoDraw = False
1437.0749 	EXP 	New trial (rep=0, index=984): <Trial 984 (984 in rep 0) data={'center': 2, 'surround': 0.0, 'type': 'c+2', 'surr_type': 'noss', 'surr_opacity': 0, 'thisN': 984, 'thisTrialN': 984, 'thisRepN': 0}>
1437.1007 	INFO 	Keyboard events cleared
1437.1002 	EXP 	surround_grating: autoDraw = False
1437.1002 	EXP 	center_grating: autoDraw = False
1437.1002 	EXP 	text_2: autoDraw = False
1437.1002 	EXP 	surround_grating: ori = 0.0
1437.1002 	EXP 	surround_grating: sf = array([2.5, 2.5])
1437.1002 	EXP 	surround_grating: phase = array([0.86972388, 0.86972388])
1437.1002 	EXP 	center_grating: ori = 2.0
1437.1002 	EXP 	center_grating: sf = array([2.5, 2.5])
1437.1002 	EXP 	center_grating: phase = array([0.08780172, 0.08780172])
1437.5752 	EXP 	surround_grating: autoDraw = True
1437.5752 	EXP 	center_grating: autoDraw = True
1437.6505 	EXP 	surround_grating: autoDraw = False
1437.6505 	EXP 	center_grating: autoDraw = False
1438.2180 	EXP 	New trial (rep=0, index=985): <Trial 985 (985 in rep 0) data={'center': 1, 'surround': 0.0, 'type': 'c+1', 'surr_type': 'noss', 'surr_opacity': 0, 'thisN': 985, 'thisTrialN': 985, 'thisRepN': 0}>
1438.2249 	INFO 	Keyboard events cleared
1438.2245 	EXP 	surround_grating: autoDraw = False
1438.2245 	EXP 	center_grating: autoDraw = False
1438.2245 	EXP 	text_2: autoDraw = False
1438.2245 	EXP 	surround_grating: ori = 0.0
1438.2245 	EXP 	surround_grating: sf = array([2.5, 2.5])
1438.2245 	EXP 	surround_grating: phase = array([0.40020651, 0.40020651])
1438.2245 	EXP 	center_grating: ori = 1.0
1438.2245 	EXP 	center_grating: sf = array([2.5, 2.5])
1438.2245 	EXP 	center_grating: phase = array([0.42246171, 0.42246171])
1438.7087 	EXP 	surround_grating: autoDraw = True
1438.7087 	EXP 	center_grating: autoDraw = True
1438.7841 	EXP 	surround_grating: autoDraw = False
1438.7841 	EXP 	center_grating: autoDraw = False
1439.1414 	EXP 	New trial (rep=0, index=986): <Trial 986 (986 in rep 0) data={'center': -8, 'surround': -15.0, 'type': 'c-8', 'surr_type': 'negs', 'surr_opacity': 100, 'thisN': 986, 'thisTrialN': 986, 'thisRepN': 0}>
1439.1509 	INFO 	Keyboard events cleared
1439.1505 	EXP 	surround_grating: autoDraw = False
1439.1505 	EXP 	center_grating: autoDraw = False
1439.1505 	EXP 	text_2: autoDraw = False
1439.1505 	EXP 	surround_grating: ori = -15.0
1439.1505 	EXP 	surround_grating: sf = array([2.5, 2.5])
1439.1505 	EXP 	surround_grating: phase = array([0.24115996, 0.24115996])
1439.1505 	EXP 	center_grating: ori = -8.0
1439.1505 	EXP 	center_grating: sf = array([2.5, 2.5])
1439.1505 	EXP 	center_grating: phase = array([0.24089578, 0.24089578])
1439.6429 	EXP 	surround_grating: autoDraw = True
1439.6429 	EXP 	center_grating: autoDraw = True
1439.7173 	EXP 	surround_grating: autoDraw = False
1439.7173 	EXP 	center_grating: autoDraw = False
1440.2206 	EXP 	New trial (rep=0, index=987): <Trial 987 (987 in rep 0) data={'center': -6, 'surround': -15.0, 'type': 'c-6', 'surr_type': 'negs', 'surr_opacity': 100, 'thisN': 987, 'thisTrialN': 987, 'thisRepN': 0}>
1440.2309 	INFO 	Keyboard events cleared
1440.2305 	EXP 	surround_grating: autoDraw = False
1440.2305 	EXP 	center_grating: autoDraw = False
1440.2305 	EXP 	text_2: autoDraw = False
1440.2305 	EXP 	surround_grating: ori = -15.0
1440.2305 	EXP 	surround_grating: sf = array([2.5, 2.5])
1440.2305 	EXP 	surround_grating: phase = array([0.68405324, 0.68405324])
1440.2305 	EXP 	center_grating: ori = -6.0
1440.2305 	EXP 	center_grating: sf = array([2.5, 2.5])
1440.2305 	EXP 	center_grating: phase = array([0.39285407, 0.39285407])
1440.7168 	EXP 	surround_grating: autoDraw = True
1440.7168 	EXP 	center_grating: autoDraw = True
1440.7900 	EXP 	surround_grating: autoDraw = False
1440.7900 	EXP 	center_grating: autoDraw = False
1441.5027 	EXP 	New trial (rep=0, index=988): <Trial 988 (988 in rep 0) data={'center': 8, 'surround': 15.0, 'type': 'c+8', 'surr_type': 'poss', 'surr_opacity': 100, 'thisN': 988, 'thisTrialN': 988, 'thisRepN': 0}>
1441.5125 	INFO 	Keyboard events cleared
1441.5120 	EXP 	surround_grating: autoDraw = False
1441.5120 	EXP 	center_grating: autoDraw = False
1441.5120 	EXP 	text_2: autoDraw = False
1441.5120 	EXP 	surround_grating: ori = 15.0
1441.5120 	EXP 	surround_grating: sf = array([2.5, 2.5])
1441.5120 	EXP 	surround_grating: phase = array([0.36866493, 0.36866493])
1441.5120 	EXP 	center_grating: ori = 8.0
1441.5120 	EXP 	center_grating: sf = array([2.5, 2.5])
1441.5120 	EXP 	center_grating: phase = array([0.39446205, 0.39446205])
1442.0001 	EXP 	surround_grating: autoDraw = True
1442.0001 	EXP 	center_grating: autoDraw = True
1442.0733 	EXP 	surround_grating: autoDraw = False
1442.0733 	EXP 	center_grating: autoDraw = False
1442.6199 	EXP 	New trial (rep=0, index=989): <Trial 989 (989 in rep 0) data={'center': 6, 'surround': 15.0, 'type': 'c+6', 'surr_type': 'poss', 'surr_opacity': 100, 'thisN': 989, 'thisTrialN': 989, 'thisRepN': 0}>
1442.6305 	INFO 	Keyboard events cleared
1442.6300 	EXP 	surround_grating: autoDraw = False
1442.6300 	EXP 	center_grating: autoDraw = False
1442.6300 	EXP 	text_2: autoDraw = False
1442.6300 	EXP 	surround_grating: ori = 15.0
1442.6300 	EXP 	surround_grating: sf = array([2.5, 2.5])
1442.6300 	EXP 	surround_grating: phase = array([0.83202485, 0.83202485])
1442.6300 	EXP 	center_grating: ori = 6.0
1442.6300 	EXP 	center_grating: sf = array([2.5, 2.5])
1442.6300 	EXP 	center_grating: phase = array([0.40693934, 0.40693934])
1443.1169 	EXP 	surround_grating: autoDraw = True
1443.1169 	EXP 	center_grating: autoDraw = True
1443.1890 	EXP 	surround_grating: autoDraw = False
1443.1890 	EXP 	center_grating: autoDraw = False
1443.7082 	EXP 	New trial (rep=0, index=990): <Trial 990 (990 in rep 0) data={'center': 2, 'surround': 0.0, 'type': 'c+2', 'surr_type': 'noss', 'surr_opacity': 0, 'thisN': 990, 'thisTrialN': 990, 'thisRepN': 0}>
1443.7181 	INFO 	Keyboard events cleared
1443.7177 	EXP 	surround_grating: autoDraw = False
1443.7177 	EXP 	center_grating: autoDraw = False
1443.7177 	EXP 	text_2: autoDraw = False
1443.7177 	EXP 	surround_grating: ori = 0.0
1443.7177 	EXP 	surround_grating: sf = array([2.5, 2.5])
1443.7177 	EXP 	surround_grating: phase = array([0.11631687, 0.11631687])
1443.7177 	EXP 	center_grating: ori = 2.0
1443.7177 	EXP 	center_grating: sf = array([2.5, 2.5])
1443.7177 	EXP 	center_grating: phase = array([0.52169094, 0.52169094])
1444.2095 	EXP 	surround_grating: autoDraw = True
1444.2095 	EXP 	center_grating: autoDraw = True
1444.2840 	EXP 	surround_grating: autoDraw = False
1444.2840 	EXP 	center_grating: autoDraw = False
1444.7045 	EXP 	New trial (rep=0, index=991): <Trial 991 (991 in rep 0) data={'center': 4, 'surround': 15.0, 'type': 'c+4', 'surr_type': 'poss', 'surr_opacity': 100, 'thisN': 991, 'thisTrialN': 991, 'thisRepN': 0}>
1444.7152 	INFO 	Keyboard events cleared
1444.7147 	EXP 	surround_grating: autoDraw = False
1444.7147 	EXP 	center_grating: autoDraw = False
1444.7147 	EXP 	text_2: autoDraw = False
1444.7147 	EXP 	surround_grating: ori = 15.0
1444.7147 	EXP 	surround_grating: sf = array([2.5, 2.5])
1444.7147 	EXP 	surround_grating: phase = array([0.17749733, 0.17749733])
1444.7147 	EXP 	center_grating: ori = 4.0
1444.7147 	EXP 	center_grating: sf = array([2.5, 2.5])
1444.7147 	EXP 	center_grating: phase = array([0.96162414, 0.96162414])
1445.2004 	EXP 	surround_grating: autoDraw = True
1445.2004 	EXP 	center_grating: autoDraw = True
1445.2724 	EXP 	surround_grating: autoDraw = False
1445.2724 	EXP 	center_grating: autoDraw = False
1445.6202 	EXP 	New trial (rep=0, index=992): <Trial 992 (992 in rep 0) data={'center': -1, 'surround': 0.0, 'type': 'c-1', 'surr_type': 'noss', 'surr_opacity': 0, 'thisN': 992, 'thisTrialN': 992, 'thisRepN': 0}>
1445.6304 	INFO 	Keyboard events cleared
1445.6298 	EXP 	surround_grating: autoDraw = False
1445.6298 	EXP 	center_grating: autoDraw = False
1445.6298 	EXP 	text_2: autoDraw = False
1445.6298 	EXP 	surround_grating: ori = 0.0
1445.6298 	EXP 	surround_grating: sf = array([2.5, 2.5])
1445.6298 	EXP 	surround_grating: phase = array([0.57463784, 0.57463784])
1445.6298 	EXP 	center_grating: ori = -1.0
1445.6298 	EXP 	center_grating: sf = array([2.5, 2.5])
1445.6298 	EXP 	center_grating: phase = array([0.1592215, 0.1592215])
1446.1170 	EXP 	surround_grating: autoDraw = True
1446.1170 	EXP 	center_grating: autoDraw = True
1446.1894 	EXP 	surround_grating: autoDraw = False
1446.1894 	EXP 	center_grating: autoDraw = False
1446.4970 	EXP 	New trial (rep=0, index=993): <Trial 993 (993 in rep 0) data={'center': 6, 'surround': 15.0, 'type': 'c+6', 'surr_type': 'poss', 'surr_opacity': 100, 'thisN': 993, 'thisTrialN': 993, 'thisRepN': 0}>
1446.5038 	INFO 	Keyboard events cleared
1446.5034 	EXP 	surround_grating: autoDraw = False
1446.5034 	EXP 	center_grating: autoDraw = False
1446.5034 	EXP 	text_2: autoDraw = False
1446.5034 	EXP 	surround_grating: ori = 15.0
1446.5034 	EXP 	surround_grating: sf = array([2.5, 2.5])
1446.5034 	EXP 	surround_grating: phase = array([0.78948069, 0.78948069])
1446.5034 	EXP 	center_grating: ori = 6.0
1446.5034 	EXP 	center_grating: sf = array([2.5, 2.5])
1446.5034 	EXP 	center_grating: phase = array([0.32137334, 0.32137334])
1446.9929 	EXP 	surround_grating: autoDraw = True
1446.9929 	EXP 	center_grating: autoDraw = True
1447.0673 	EXP 	surround_grating: autoDraw = False
1447.0673 	EXP 	center_grating: autoDraw = False
1447.4916 	EXP 	New trial (rep=0, index=994): <Trial 994 (994 in rep 0) data={'center': -4, 'surround': -15.0, 'type': 'c-4', 'surr_type': 'negs', 'surr_opacity': 100, 'thisN': 994, 'thisTrialN': 994, 'thisRepN': 0}>
1447.5016 	INFO 	Keyboard events cleared
1447.5012 	EXP 	surround_grating: autoDraw = False
1447.5012 	EXP 	center_grating: autoDraw = False
1447.5012 	EXP 	text_2: autoDraw = False
1447.5012 	EXP 	surround_grating: ori = -15.0
1447.5012 	EXP 	surround_grating: sf = array([2.5, 2.5])
1447.5012 	EXP 	surround_grating: phase = array([0.06496169, 0.06496169])
1447.5012 	EXP 	center_grating: ori = -4.0
1447.5012 	EXP 	center_grating: sf = array([2.5, 2.5])
1447.5012 	EXP 	center_grating: phase = array([0.90208792, 0.90208792])
1447.9923 	EXP 	surround_grating: autoDraw = True
1447.9923 	EXP 	center_grating: autoDraw = True
1448.0675 	EXP 	surround_grating: autoDraw = False
1448.0675 	EXP 	center_grating: autoDraw = False
1448.6034 	EXP 	New trial (rep=0, index=995): <Trial 995 (995 in rep 0) data={'center': -4, 'surround': -15.0, 'type': 'c-4', 'surr_type': 'negs', 'surr_opacity': 100, 'thisN': 995, 'thisTrialN': 995, 'thisRepN': 0}>
1448.6133 	INFO 	Keyboard events cleared
1448.6129 	EXP 	surround_grating: autoDraw = False
1448.6129 	EXP 	center_grating: autoDraw = False
1448.6129 	EXP 	text_2: autoDraw = False
1448.6129 	EXP 	surround_grating: ori = -15.0
1448.6129 	EXP 	surround_grating: sf = array([2.5, 2.5])
1448.6129 	EXP 	surround_grating: phase = array([0.6320495, 0.6320495])
1448.6129 	EXP 	center_grating: ori = -4.0
1448.6129 	EXP 	center_grating: sf = array([2.5, 2.5])
1448.6129 	EXP 	center_grating: phase = array([0.28734755, 0.28734755])
1449.1004 	EXP 	surround_grating: autoDraw = True
1449.1004 	EXP 	center_grating: autoDraw = True
1449.1724 	EXP 	surround_grating: autoDraw = False
1449.1724 	EXP 	center_grating: autoDraw = False
1449.5542 	EXP 	New trial (rep=0, index=996): <Trial 996 (996 in rep 0) data={'center': 2, 'surround': 0.0, 'type': 'c+2', 'surr_type': 'noss', 'surr_opacity': 0, 'thisN': 996, 'thisTrialN': 996, 'thisRepN': 0}>
1449.5643 	INFO 	Keyboard events cleared
1449.5637 	EXP 	surround_grating: autoDraw = False
1449.5637 	EXP 	center_grating: autoDraw = False
1449.5637 	EXP 	text_2: autoDraw = False
1449.5637 	EXP 	surround_grating: ori = 0.0
1449.5637 	EXP 	surround_grating: sf = array([2.5, 2.5])
1449.5637 	EXP 	surround_grating: phase = array([0.54450981, 0.54450981])
1449.5637 	EXP 	center_grating: ori = 2.0
1449.5637 	EXP 	center_grating: sf = array([2.5, 2.5])
1449.5637 	EXP 	center_grating: phase = array([0.51835629, 0.51835629])
1450.0506 	EXP 	surround_grating: autoDraw = True
1450.0506 	EXP 	center_grating: autoDraw = True
1450.1228 	EXP 	surround_grating: autoDraw = False
1450.1228 	EXP 	center_grating: autoDraw = False
1450.3707 	EXP 	New trial (rep=0, index=997): <Trial 997 (997 in rep 0) data={'center': 4, 'surround': 0.0, 'type': 'c+4', 'surr_type': 'noss', 'surr_opacity': 0, 'thisN': 997, 'thisTrialN': 997, 'thisRepN': 0}>
1450.3810 	INFO 	Keyboard events cleared
1450.3803 	EXP 	surround_grating: autoDraw = False
1450.3803 	EXP 	center_grating: autoDraw = False
1450.3803 	EXP 	text_2: autoDraw = False
1450.3803 	EXP 	surround_grating: ori = 0.0
1450.3803 	EXP 	surround_grating: sf = array([2.5, 2.5])
1450.3803 	EXP 	surround_grating: phase = array([0.58920326, 0.58920326])
1450.3803 	EXP 	center_grating: ori = 4.0
1450.3803 	EXP 	center_grating: sf = array([2.5, 2.5])
1450.3803 	EXP 	center_grating: phase = array([0.64658246, 0.64658246])
1450.8673 	EXP 	surround_grating: autoDraw = True
1450.8673 	EXP 	center_grating: autoDraw = True
1450.9406 	EXP 	surround_grating: autoDraw = False
1450.9406 	EXP 	center_grating: autoDraw = False
1451.2034 	EXP 	New trial (rep=0, index=998): <Trial 998 (998 in rep 0) data={'center': -2, 'surround': 0.0, 'type': 'c-2', 'surr_type': 'noss', 'surr_opacity': 0, 'thisN': 998, 'thisTrialN': 998, 'thisRepN': 0}>
1451.2135 	INFO 	Keyboard events cleared
1451.2131 	EXP 	surround_grating: autoDraw = False
1451.2131 	EXP 	center_grating: autoDraw = False
1451.2131 	EXP 	text_2: autoDraw = False
1451.2131 	EXP 	surround_grating: ori = 0.0
1451.2131 	EXP 	surround_grating: sf = array([2.5, 2.5])
1451.2131 	EXP 	surround_grating: phase = array([0.85795202, 0.85795202])
1451.2131 	EXP 	center_grating: ori = -2.0
1451.2131 	EXP 	center_grating: sf = array([2.5, 2.5])
1451.2131 	EXP 	center_grating: phase = array([0.1712043, 0.1712043])
1451.7006 	EXP 	surround_grating: autoDraw = True
1451.7006 	EXP 	center_grating: autoDraw = True
1451.7738 	EXP 	surround_grating: autoDraw = False
1451.7738 	EXP 	center_grating: autoDraw = False
1452.0871 	EXP 	New trial (rep=0, index=999): <Trial 999 (999 in rep 0) data={'center': 4, 'surround': 0.0, 'type': 'c+4', 'surr_type': 'noss', 'surr_opacity': 0, 'thisN': 999, 'thisTrialN': 999, 'thisRepN': 0}>
1452.0970 	INFO 	Keyboard events cleared
1452.0966 	EXP 	surround_grating: autoDraw = False
1452.0966 	EXP 	center_grating: autoDraw = False
1452.0966 	EXP 	text_2: autoDraw = False
1452.0966 	EXP 	surround_grating: ori = 0.0
1452.0966 	EXP 	surround_grating: sf = array([2.5, 2.5])
1452.0966 	EXP 	surround_grating: phase = array([0.55030392, 0.55030392])
1452.0966 	EXP 	center_grating: ori = 4.0
1452.0966 	EXP 	center_grating: sf = array([2.5, 2.5])
1452.0966 	EXP 	center_grating: phase = array([0.78676222, 0.78676222])
1452.5838 	EXP 	surround_grating: autoDraw = True
1452.5838 	EXP 	center_grating: autoDraw = True
1452.6561 	EXP 	surround_grating: autoDraw = False
1452.6561 	EXP 	center_grating: autoDraw = False
1453.0212 	EXP 	New trial (rep=0, index=1000): <Trial 1000 (1000 in rep 0) data={'center': -8, 'surround': -15.0, 'type': 'c-8', 'surr_type': 'negs', 'surr_opacity': 100, 'thisN': 1000, 'thisTrialN': 1000, 'thisRepN': 0}>
1453.0315 	INFO 	Keyboard events cleared
1453.0310 	EXP 	surround_grating: autoDraw = False
1453.0310 	EXP 	center_grating: autoDraw = False
1453.0310 	EXP 	text_2: autoDraw = False
1453.0310 	EXP 	surround_grating: ori = -15.0
1453.0310 	EXP 	surround_grating: sf = array([2.5, 2.5])
1453.0310 	EXP 	surround_grating: phase = array([0.94385634, 0.94385634])
1453.0310 	EXP 	center_grating: ori = -8.0
1453.0310 	EXP 	center_grating: sf = array([2.5, 2.5])
1453.0310 	EXP 	center_grating: phase = array([0.55321919, 0.55321919])
1453.5173 	EXP 	surround_grating: autoDraw = True
1453.5173 	EXP 	center_grating: autoDraw = True
1453.5899 	EXP 	surround_grating: autoDraw = False
1453.5899 	EXP 	center_grating: autoDraw = False
1454.7371 	EXP 	New trial (rep=0, index=1001): <Trial 1001 (1001 in rep 0) data={'center': 1, 'surround': 0.0, 'type': 'c+1', 'surr_type': 'noss', 'surr_opacity': 0, 'thisN': 1001, 'thisTrialN': 1001, 'thisRepN': 0}>
1454.7468 	INFO 	Keyboard events cleared
1454.7464 	EXP 	surround_grating: autoDraw = False
1454.7464 	EXP 	center_grating: autoDraw = False
1454.7464 	EXP 	text_2: autoDraw = False
1454.7464 	EXP 	surround_grating: ori = 0.0
1454.7464 	EXP 	surround_grating: sf = array([2.5, 2.5])
1454.7464 	EXP 	surround_grating: phase = array([0.25807033, 0.25807033])
1454.7464 	EXP 	center_grating: ori = 1.0
1454.7464 	EXP 	center_grating: sf = array([2.5, 2.5])
1454.7464 	EXP 	center_grating: phase = array([0.23585239, 0.23585239])
1455.2339 	EXP 	surround_grating: autoDraw = True
1455.2339 	EXP 	center_grating: autoDraw = True
1455.3060 	EXP 	surround_grating: autoDraw = False
1455.3060 	EXP 	center_grating: autoDraw = False
1456.4704 	EXP 	New trial (rep=0, index=1002): <Trial 1002 (1002 in rep 0) data={'center': 4, 'surround': 0.0, 'type': 'c+4', 'surr_type': 'noss', 'surr_opacity': 0, 'thisN': 1002, 'thisTrialN': 1002, 'thisRepN': 0}>
1456.4807 	INFO 	Keyboard events cleared
1456.4802 	EXP 	surround_grating: autoDraw = False
1456.4802 	EXP 	center_grating: autoDraw = False
1456.4802 	EXP 	text_2: autoDraw = False
1456.4802 	EXP 	surround_grating: ori = 0.0
1456.4802 	EXP 	surround_grating: sf = array([2.5, 2.5])
1456.4802 	EXP 	surround_grating: phase = array([0.50625641, 0.50625641])
1456.4802 	EXP 	center_grating: ori = 4.0
1456.4802 	EXP 	center_grating: sf = array([2.5, 2.5])
1456.4802 	EXP 	center_grating: phase = array([0.11945992, 0.11945992])
1456.9673 	EXP 	surround_grating: autoDraw = True
1456.9673 	EXP 	center_grating: autoDraw = True
1457.0395 	EXP 	surround_grating: autoDraw = False
1457.0395 	EXP 	center_grating: autoDraw = False
1457.4758 	EXP 	New trial (rep=0, index=1003): <Trial 1003 (1003 in rep 0) data={'center': 4, 'surround': 0.0, 'type': 'c+4', 'surr_type': 'noss', 'surr_opacity': 0, 'thisN': 1003, 'thisTrialN': 1003, 'thisRepN': 0}>
1457.5014 	INFO 	Keyboard events cleared
1457.5009 	EXP 	surround_grating: autoDraw = False
1457.5009 	EXP 	center_grating: autoDraw = False
1457.5009 	EXP 	text_2: autoDraw = False
1457.5009 	EXP 	surround_grating: ori = 0.0
1457.5009 	EXP 	surround_grating: sf = array([2.5, 2.5])
1457.5009 	EXP 	surround_grating: phase = array([0.72457558, 0.72457558])
1457.5009 	EXP 	center_grating: ori = 4.0
1457.5009 	EXP 	center_grating: sf = array([2.5, 2.5])
1457.5009 	EXP 	center_grating: phase = array([0.66531137, 0.66531137])
1457.9769 	EXP 	surround_grating: autoDraw = True
1457.9769 	EXP 	center_grating: autoDraw = True
1458.0513 	EXP 	surround_grating: autoDraw = False
1458.0513 	EXP 	center_grating: autoDraw = False
1458.3870 	EXP 	New trial (rep=0, index=1004): <Trial 1004 (1004 in rep 0) data={'center': 2, 'surround': 15.0, 'type': 'c+2', 'surr_type': 'poss', 'surr_opacity': 100, 'thisN': 1004, 'thisTrialN': 1004, 'thisRepN': 0}>
1458.3974 	INFO 	Keyboard events cleared
1458.3970 	EXP 	surround_grating: autoDraw = False
1458.3970 	EXP 	center_grating: autoDraw = False
1458.3970 	EXP 	text_2: autoDraw = False
1458.3970 	EXP 	surround_grating: ori = 15.0
1458.3970 	EXP 	surround_grating: sf = array([2.5, 2.5])
1458.3970 	EXP 	surround_grating: phase = array([0.11057597, 0.11057597])
1458.3970 	EXP 	center_grating: ori = 2.0
1458.3970 	EXP 	center_grating: sf = array([2.5, 2.5])
1458.3970 	EXP 	center_grating: phase = array([0.27398533, 0.27398533])
1458.8842 	EXP 	surround_grating: autoDraw = True
1458.8842 	EXP 	center_grating: autoDraw = True
1458.9565 	EXP 	surround_grating: autoDraw = False
1458.9565 	EXP 	center_grating: autoDraw = False
1459.3872 	EXP 	New trial (rep=0, index=1005): <Trial 1005 (1005 in rep 0) data={'center': -8, 'surround': -15.0, 'type': 'c-8', 'surr_type': 'negs', 'surr_opacity': 100, 'thisN': 1005, 'thisTrialN': 1005, 'thisRepN': 0}>
1459.3979 	INFO 	Keyboard events cleared
1459.3974 	EXP 	surround_grating: autoDraw = False
1459.3974 	EXP 	center_grating: autoDraw = False
1459.3974 	EXP 	text_2: autoDraw = False
1459.3974 	EXP 	surround_grating: ori = -15.0
1459.3974 	EXP 	surround_grating: sf = array([2.5, 2.5])
1459.3974 	EXP 	surround_grating: phase = array([0.17671894, 0.17671894])
1459.3974 	EXP 	center_grating: ori = -8.0
1459.3974 	EXP 	center_grating: sf = array([2.5, 2.5])
1459.3974 	EXP 	center_grating: phase = array([0.30859342, 0.30859342])
1459.8842 	EXP 	surround_grating: autoDraw = True
1459.8842 	EXP 	center_grating: autoDraw = True
1459.9574 	EXP 	surround_grating: autoDraw = False
1459.9574 	EXP 	center_grating: autoDraw = False
1460.5426 	EXP 	New trial (rep=0, index=1006): <Trial 1006 (1006 in rep 0) data={'center': 4, 'surround': 0.0, 'type': 'c+4', 'surr_type': 'noss', 'surr_opacity': 0, 'thisN': 1006, 'thisTrialN': 1006, 'thisRepN': 0}>
1460.5682 	INFO 	Keyboard events cleared
1460.5677 	EXP 	surround_grating: autoDraw = False
1460.5677 	EXP 	center_grating: autoDraw = False
1460.5677 	EXP 	text_2: autoDraw = False
1460.5677 	EXP 	surround_grating: ori = 0.0
1460.5677 	EXP 	surround_grating: sf = array([2.5, 2.5])
1460.5677 	EXP 	surround_grating: phase = array([0.42095987, 0.42095987])
1460.5677 	EXP 	center_grating: ori = 4.0
1460.5677 	EXP 	center_grating: sf = array([2.5, 2.5])
1460.5677 	EXP 	center_grating: phase = array([0.62263899, 0.62263899])
1461.0426 	EXP 	surround_grating: autoDraw = True
1461.0426 	EXP 	center_grating: autoDraw = True
1461.1180 	EXP 	surround_grating: autoDraw = False
1461.1180 	EXP 	center_grating: autoDraw = False
1461.7201 	EXP 	New trial (rep=0, index=1007): <Trial 1007 (1007 in rep 0) data={'center': 0, 'surround': -15.0, 'type': 'c+0', 'surr_type': 'negs', 'surr_opacity': 100, 'thisN': 1007, 'thisTrialN': 1007, 'thisRepN': 0}>
1461.7375 	INFO 	Keyboard events cleared
1461.7370 	EXP 	surround_grating: autoDraw = False
1461.7370 	EXP 	center_grating: autoDraw = False
1461.7370 	EXP 	text_2: autoDraw = False
1461.7370 	EXP 	surround_grating: ori = -15.0
1461.7370 	EXP 	surround_grating: sf = array([2.5, 2.5])
1461.7370 	EXP 	surround_grating: phase = array([0.86856262, 0.86856262])
1461.7370 	EXP 	center_grating: ori = 0.0
1461.7370 	EXP 	center_grating: sf = array([2.5, 2.5])
1461.7370 	EXP 	center_grating: phase = array([0.59272818, 0.59272818])
1462.2177 	EXP 	surround_grating: autoDraw = True
1462.2177 	EXP 	center_grating: autoDraw = True
1462.2906 	EXP 	surround_grating: autoDraw = False
1462.2906 	EXP 	center_grating: autoDraw = False
1462.7807 	INFO 	Keyboard events cleared
1462.7800 	EXP 	surround_grating: autoDraw = False
1462.7800 	EXP 	center_grating: autoDraw = False
1462.7800 	EXP 	text_2: autoDraw = False
1462.7800 	EXP 	text_14: autoDraw = True
1516.7140 	EXP 	text_14: autoDraw = False
1516.7142 	EXP 	tilt_mocs: status = STOPPED
1516.9550 	INFO 	saved data to '/Users/cpcr/Documents/tilt/tilt_mocs/data/sub-21049993/ses-0/sub-21049993_ses-0_exp-tiltmocs_2025-12-01_13h05.32.159.csv'
1516.9649 	INFO 	saved data to /Users/cpcr/Documents/tilt/tilt_mocs/data/sub-21049993/ses-0/sub-21049993_ses-0_exp-tiltmocs_2025-12-01_13h05.32.159.psydat
