center,surround,correct,thisN,thisTrialN,thisRepN,key_resp_3.keys,key_resp_3.corr,key_resp_3.rt,key_resp_3.duration,opacity,key_resp_4.keys,key_resp_4.corr,key_resp_4.rt,key_resp_4.duration,type,surr_type,surr_opacity,resp.keys,resp.rt,resp.duration,key_resp_10.keys,key_resp_10.rt,key_resp_10.duration,practice_no_time.thisRepN,practice_no_time.thisTrialN,practice_no_time.thisN,practice_no_time.thisIndex,practice_timed.thisRepN,practice_timed.thisTrialN,practice_timed.thisN,practice_timed.thisIndex,trials.thisRepN,trials.thisTrialN,trials.thisN,trials.thisIndex,thisRow.t,notes,instr.started,text_5.started,key_resp_2.started,instr.stopped,key_resp_2.keys,key_resp_2.rt,key_resp_2.duration,instr_example.started,key_resp_11.started,surround_practice_example.started,center_practice_example.started,text_15.started,instr_example.stopped,key_resp_11.keys,key_resp_11.rt,key_resp_11.duration,instr2.started,text_6.started,key_resp_6.started,instr2.stopped,key_resp_6.keys,key_resp_6.rt,key_resp_6.duration,practice_trial.started,key_resp_3.started,surround_practice.started,center_practice.started,practice_trial.stopped,practice_no_time.key_resp_3.keys,practice_no_time.key_resp_3.corr,practice_no_time.key_resp_3.rt,practice_no_time.key_resp_3.duration,practice_feedback.started,text_7.started,text_7.stopped,practice_feedback.stopped,instr3.started,text_8.started,key_resp_5.started,instr3.stopped,key_resp_5.keys,key_resp_5.rt,key_resp_5.duration,practice_trial_timed.started,key_resp_4.started,surround_practice_2.started,center_practice_2.started,text_12.started,surround_practice_2.stopped,center_practice_2.stopped,practice_trial_timed.stopped,practice_timed.key_resp_4.keys,practice_timed.key_resp_4.corr,practice_timed.key_resp_4.rt,practice_timed.key_resp_4.duration,start_instr.started,text_13.started,key_resp_8.started,start_instr.stopped,key_resp_8.keys,key_resp_8.rt,key_resp_8.duration,trial.started,resp.started,surround_grating.started,center_grating.started,surround_grating.stopped,center_grating.stopped,trial.stopped,trials.resp.keys,trials.resp.rt,trials.resp.duration,break_2.started,break_2.stopped,trials.key_resp_10.keys,text_2.started,key_resp_10.started,trials.key_resp_10.rt,trials.key_resp_10.duration,end.started,text_14.started,key_resp.started,end.stopped,key_resp.keys,key_resp.rt,key_resp.duration,sub,ses,date,expName,psychopyVersion,frameRate,expStart,
,,,,,,,,,,,,,,,,,,,,,,,,,,,,,,,,,,,,,,0.009680583003500942,0.016797166004835162,0.016797166004835162,55.52704800000356,space,55.4696543329992,None,,,,,,,,,,,,,,,,,,,,,,,,,,,,,,,,,,,,,,,,,,,,,,,,,,,,,,,,,,,,,,,,,,,,,,,,,,,,,,,,21049991,0,2025-12-01_13h58.34.105,tilt_mocs,2024.2.4,120.47370212248029,2025-12-01 13h58.42.820009 -0500,
,,,,,,,,,,,,,,,,,,,,,,,,,,,,,,,,,,,,,,,,,,,,,55.52863675000117,55.550694416000624,55.550694416000624,55.550694416000624,55.550694416000624,70.19524758300395,right,14.639809416999924,None,,,,,,,,,,,,,,,,,,,,,,,,,,,,,,,,,,,,,,,,,,,,,,,,,,,,,,,,,,,,,,,,,,,,,,,21049991,0,2025-12-01_13h58.34.105,tilt_mocs,2024.2.4,120.47370212248029,2025-12-01 13h58.42.820009 -0500,
,,,,,,,,,,,,,,,,,,,,,,,,,,,,,,,,,,,,,,,,,,,,,,,,,,,,,,70.19531600000482,70.25269875000231,70.25269875000231,84.61313537500246,space,14.348409999998694,None,,,,,,,,,,,,,,,,,,,,,,,,,,,,,,,,,,,,,,,,,,,,,,,,,,,,,,,,,,,,,,,,21049991,0,2025-12-01_13h58.34.105,tilt_mocs,2024.2.4,120.47370212248029,2025-12-01 13h58.42.820009 -0500,
30,0,right,0,0,0,right,1,1.4385962090018438,None,,,,,,,,,,,,,,,0,0,0,0,,,,,,,,,84.63609112500126,,,,,,,,,,,,,,,,,,,,,,,,,84.62702395800443,84.63609112500126,85.11308200000349,85.11308200000349,86.07952379100607,right,1,1.4385962090018438,None,86.08451150000474,86.094307708001,87.58652045800409,87.57813812500535,,,,,,,,,,,,,,,,,,,,,,,,,,,,,,,,,,,,,,,,,,,,,,,,,,,21049991,0,2025-12-01_13h58.34.105,tilt_mocs,2024.2.4,120.47370212248029,2025-12-01 13h58.42.820009 -0500,
-30,0,left,1,1,0,left,1,1.2073460829997202,None,,,,,,,,,,,,,,,0,1,1,1,,,,,,,,,87.58652045800409,,,,,,,,,,,,,,,,,,,,,,,,,87.58055816600245,87.58652045800409,88.07700916600152,88.07700916600152,88.79651849999937,left,1,1.2073460829997202,None,88.79665341600048,88.80520462500135,90.30305454100017,90.29484691600373,,,,,,,,,,,,,,,,,,,,,,,,,,,,,,,,,,,,,,,,,,,,,,,,,,,21049991,0,2025-12-01_13h58.34.105,tilt_mocs,2024.2.4,120.47370212248029,2025-12-01 13h58.42.820009 -0500,
30,60,right,2,2,0,right,1,1.1197131250009988,None,,,,,,,,,,,,,,,0,2,2,2,,,,,,,,,90.30305454100017,,,,,,,,,,,,,,,,,,,,,,,,,90.2972310000041,90.30305454100017,90.79375187500409,90.79375187500409,91.42947695800103,right,1,1.1197131250009988,None,91.42961479099904,91.43844125000032,92.93591633300093,92.92829145800351,,,,,,,,,,,,,,,,,,,,,,,,,,,,,,,,,,,,,,,,,,,,,,,,,,,21049991,0,2025-12-01_13h58.34.105,tilt_mocs,2024.2.4,120.47370212248029,2025-12-01 13h58.42.820009 -0500,
-30,-60,left,3,3,0,left,1,1.016234999995504,None,,,,,,,,,,,,,,,0,3,3,3,,,,,,,,,92.93591633300093,,,,,,,,,,,,,,,,,,,,,,,,,92.93035420800152,92.93591633300093,93.42730075000145,93.42730075000145,93.96327516600286,left,1,1.016234999995504,None,93.96340954100015,93.97210150000319,95.4704438330009,95.46197025000583,,,,,,,,,,,,,,,,,,,,,,,,,,,,,,,,,,,,,,,,,,,,,,,,,,,21049991,0,2025-12-01_13h58.34.105,tilt_mocs,2024.2.4,120.47370212248029,2025-12-01 13h58.42.820009 -0500,
,,,,,,,,,,,,,,,,,,,,,,,,,,,,,,,,,,,,,,,,,,,,,,,,,,,,,,,,,,,,,,,,,,,,,,,,,,95.46216662500228,95.4704438330009,95.4704438330009,109.7531533750007,space,14.279614833001688,None,,,,,,,,,,,,,,,,,,,,,,,,,,,,,,,,,,,,,,,,,,,,21049991,0,2025-12-01_13h58.34.105,tilt_mocs,2024.2.4,120.47370212248029,2025-12-01 13h58.42.820009 -0500,
-30,-60,left,0,0,0,,,,,100,left,1,1.3693132499975036,None,,,,,,,,,,,,,,0,0,0,0,,,,,109.76857858300355,,,,,,,,,,,,,,,,,,,,,,,,,,,,,,,,,,111.14759754099941,111.15612050000345,112.65298779099976,112.64582891600003,,,,,,,,109.7601841249998,109.76857858300355,110.25984154100297,110.25984154100297,110.32776550000563,110.33430662500177,110.33430662500177,111.1474144580061,left,1,1.3693132499975036,None,,,,,,,,,,,,,,,,,,,,,,,,,,,,,,,,21049991,0,2025-12-01_13h58.34.105,tilt_mocs,2024.2.4,120.47370212248029,2025-12-01 13h58.42.820009 -0500,
-30,0,left,1,1,0,,,,,100,left,1,1.0918191249947995,None,,,,,,,,,,,,,,0,1,1,1,,,,,112.65298779099976,,,,,,,,,,,,,,,,,,,,,,,,,,,,,,,,,,113.74748450000334,113.75591641600477,115.25326395800221,115.2457803330035,,,,,,,,112.64745487500477,112.65298779099976,113.14454645800288,113.14454645800288,113.21835941600148,113.21835941600148,113.21835941600148,113.7473338330019,left,1,1.0918191249947995,None,,,,,,,,,,,,,,,,,,,,,,,,,,,,,,,,21049991,0,2025-12-01_13h58.34.105,tilt_mocs,2024.2.4,120.47370212248029,2025-12-01 13h58.42.820009 -0500,
30,60,right,2,2,0,,,,,100,right,1,1.191761875001248,None,,,,,,,,,,,,,,0,2,2,2,,,,,115.25326395800221,,,,,,,,,,,,,,,,,,,,,,,,,,,,,,,,,,116.44765658300457,116.45637312500185,117.95357091600454,117.94607650000398,,,,,,,,115.24741908300348,115.25326395800221,115.74465775000135,115.74465775000135,115.8183500410014,115.8183500410014,115.8183500410014,116.44753366600344,right,1,1.191761875001248,None,,,,,,,,,,,,,,,,,,,,,,,,,,,,,,,,21049991,0,2025-12-01_13h58.34.105,tilt_mocs,2024.2.4,120.47370212248029,2025-12-01 13h58.42.820009 -0500,
30,0,right,3,3,0,,,,,100,right,1,1.102894458999799,None,,,,,,,,,,,,,,0,3,3,3,,,,,117.95357091600454,,,,,,,,,,,,,,,,,,,,,,,,,,,,,,,,,,119.06377404100203,119.07217633300024,120.56961870800296,120.5625730410029,,,,,,,,117.94772041599936,117.95357091600454,118.44483037500322,118.44483037500322,118.518589583,118.518589583,118.518589583,119.0636577500045,right,1,1.102894458999799,None,,,,,,,,,,,,,,,,,,,,,,,,,,,,,,,,21049991,0,2025-12-01_13h58.34.105,tilt_mocs,2024.2.4,120.47370212248029,2025-12-01 13h58.42.820009 -0500,
-30,69,left,4,4,0,,,,,0,left,1,1.00552379200235,None,,,,,,,,,,,,,,0,4,4,4,,,,,120.56961870800296,,,,,,,,,,,,,,,,,,,,,,,,,,,,,,,,,,121.58075904100406,121.58938379100437,123.08704620800563,123.07957220800017,,,,,,,,120.56414066599973,120.56961870800296,121.0615235830046,121.0615235830046,121.13506345800124,121.13506345800124,121.13506345800124,121.58061316599924,left,1,1.00552379200235,None,,,,,,,,,,,,,,,,,,,,,,,,,,,,,,,,21049991,0,2025-12-01_13h58.34.105,tilt_mocs,2024.2.4,120.47370212248029,2025-12-01 13h58.42.820009 -0500,
30,69,right,5,5,0,,,,,0,right,1,0.8923724580017733,None,,,,,,,,,,,,,,0,5,5,5,,,,,123.08704620800563,,,,,,,,,,,,,,,,,,,,,,,,,,,,,,,,,,123.98268625000492,123.9913818749992,125.48787579100463,125.47948491600255,,,,,,,,123.08121708300314,123.08704620800563,123.57835004100343,123.57835004100343,123.65275325000403,123.65275325000403,123.65275325000403,123.98251008300576,right,1,0.8923724580017733,None,,,,,,,,,,,,,,,,,,,,,,,,,,,,,,,,21049991,0,2025-12-01_13h58.34.105,tilt_mocs,2024.2.4,120.47370212248029,2025-12-01 13h58.42.820009 -0500,
,,,,,,,,,,,,,,,,,,,,,,,,,,,,,,,,,,,,,,,,,,,,,,,,,,,,,,,,,,,,,,,,,,,,,,,,,,,,,,,,,,,,,,,,,,,,,125.47966187500424,125.48787579100463,125.48787579100463,176.13382645800448,space,50.642938582997886,None,,,,,,,,,,,,,,,,,,,,,,,,,21049991,0,2025-12-01_13h58.34.105,tilt_mocs,2024.2.4,120.47370212248029,2025-12-01 13h58.42.820009 -0500,
-2,15.0,,0,0,0,,,,,,,,,,c-2,poss,100,left,1.5586543750032433,None,None,,,,,,,,,,,0,0,0,49,176.19395525000436,,,,,,,,,,,,,,,,,,,,,,,,,,,,,,,,,,,,,,,,,,,,,,,,,,,,,,,,,,,,,,,,176.18751558300573,176.19395525000436,176.63401941600023,176.63401941600023,176.70275050000055,176.70275050000055,177.75625912500254,left,1.5586543750032433,None,177.75639508300083,177.756488291001,None,,,,,,,,,,,,21049991,0,2025-12-01_13h58.34.105,tilt_mocs,2024.2.4,120.47370212248029,2025-12-01 13h58.42.820009 -0500,
4,0.0,,1,1,0,,,,,,,,,,c+4,noss,0,right,1.2425528329986264,None,None,,,,,,,,,,,0,1,1,972,177.76664725000592,,,,,,,,,,,,,,,,,,,,,,,,,,,,,,,,,,,,,,,,,,,,,,,,,,,,,,,,,,,,,,,,177.7585251250057,177.76664725000592,178.25652570800594,178.25652570800594,178.33060074999958,178.33060074999958,179.0160355830012,right,1.2425528329986264,None,179.0161629159993,179.01620579100563,None,,,,,,,,,,,,21049991,0,2025-12-01_13h58.34.105,tilt_mocs,2024.2.4,120.47370212248029,2025-12-01 13h58.42.820009 -0500,
-4,0.0,,2,2,0,,,,,,,,,,c-4,noss,0,left,1.028943082994374,None,None,,,,,,,,,,,0,2,2,698,179.0265438330025,,,,,,,,,,,,,,,,,,,,,,,,,,,,,,,,,,,,,,,,,,,,,,,,,,,,,,,,,,,,,,,,179.0181556660027,179.0265438330025,179.5135956660015,179.5135956660015,179.5859997910011,179.5859997910011,180.066232707999,left,1.028943082994374,None,180.06636279100348,180.06641687500087,None,,,,,,,,,,,,21049991,0,2025-12-01_13h58.34.105,tilt_mocs,2024.2.4,120.47370212248029,2025-12-01 13h58.42.820009 -0500,
4,0.0,,3,3,0,,,,,,,,,,c+4,noss,0,right,1.0115712500046357,None,None,,,,,,,,,,,0,3,3,991,180.07647545800137,,,,,,,,,,,,,,,,,,,,,,,,,,,,,,,,,,,,,,,,,,,,,,,,,,,,,,,,,,,,,,,,180.0686375830046,180.07647545800137,180.56360470800428,180.56360470800428,180.63555479100614,180.63555479100614,181.099618500004,right,1.0115712500046357,None,181.09981079100544,181.09986554100033,None,,,,,,,,,,,,21049991,0,2025-12-01_13h58.34.105,tilt_mocs,2024.2.4,120.47370212248029,2025-12-01 13h58.42.820009 -0500,
0,-15.0,,4,4,0,,,,,,,,,,c+0,negs,100,left,1.409167708006862,None,None,,,,,,,,,,,0,4,4,589,181.1111762080036,,,,,,,,,,,,,,,,,,,,,,,,,,,,,,,,,,,,,,,,,,,,,,,,,,,,,,,,,,,,,,,,181.1027318330016,181.1111762080036,181.59695016600017,181.59695016600017,181.66901033300383,181.66901033300383,182.530806958006,left,1.409167708006862,None,182.53093262499897,182.5309752500034,None,,,,,,,,,,,,21049991,0,2025-12-01_13h58.34.105,tilt_mocs,2024.2.4,120.47370212248029,2025-12-01 13h58.42.820009 -0500,
-8,-15.0,,5,5,0,,,,,,,,,,c-8,negs,100,left,1.0870192079964909,None,None,,,,,,,,,,,0,5,5,336,182.53830341600406,,,,,,,,,,,,,,,,,,,,,,,,,,,,,,,,,,,,,,,,,,,,,,,,,,,,,,,,,,,,,,,,182.53289116600354,182.53830341600406,183.02219020800112,183.02219020800112,183.09748620800383,183.09748620800383,183.63301662500453,left,1.0870192079964909,None,183.6331798329993,183.6332328330027,None,,,,,,,,,,,,21049991,0,2025-12-01_13h58.34.105,tilt_mocs,2024.2.4,120.47370212248029,2025-12-01 13h58.42.820009 -0500,
1,0.0,,6,6,0,,,,,,,,,,c+1,noss,0,right,1.3265045000007376,None,None,,,,,,,,,,,0,6,6,875,183.6440918330045,,,,,,,,,,,,,,,,,,,,,,,,,,,,,,,,,,,,,,,,,,,,,,,,,,,,,,,,,,,,,,,,183.6358419160024,183.6440918330045,184.12970404099906,184.12970404099906,184.20268545800354,184.20268545800354,184.98309570800484,right,1.3265045000007376,None,184.98320850000164,184.98325145800482,None,,,,,,,,,,,,21049991,0,2025-12-01_13h58.34.105,tilt_mocs,2024.2.4,120.47370212248029,2025-12-01 13h58.42.820009 -0500,
-2,15.0,,7,7,0,,,,,,,,,,c-2,poss,100,left,1.13497041699884,None,None,,,,,,,,,,,0,7,7,29,184.99313504100428,,,,,,,,,,,,,,,,,,,,,,,,,,,,,,,,,,,,,,,,,,,,,,,,,,,,,,,,,,,,,,,,184.98522237500583,184.99313504100428,185.48038329100382,185.48038329100382,185.55264370800433,185.55264370800433,186.13332062500558,left,1.13497041699884,None,186.1334434580058,186.13348754100298,None,,,,,,,,,,,,21049991,0,2025-12-01_13h58.34.105,tilt_mocs,2024.2.4,120.47370212248029,2025-12-01 13h58.42.820009 -0500,
2,0.0,,8,8,0,,,,,,,,,,c+2,noss,0,right,1.2558352920023026,None,None,,,,,,,,,,,0,8,8,934,186.14394687500317,,,,,,,,,,,,,,,,,,,,,,,,,,,,,,,,,,,,,,,,,,,,,,,,,,,,,,,,,,,,,,,,186.13577154100494,186.14394687500317,186.63034812499973,186.63034812499973,186.7027124160013,186.7027124160013,187.40537470800336,right,1.2558352920023026,None,187.40550566599995,187.4055603750021,None,,,,,,,,,,,,21049991,0,2025-12-01_13h58.34.105,tilt_mocs,2024.2.4,120.47370212248029,2025-12-01 13h58.42.820009 -0500,
-2,15.0,,9,9,0,,,,,,,,,,c-2,poss,100,left,1.127415208000457,None,None,,,,,,,,,,,0,9,9,24,187.4157452080035,,,,,,,,,,,,,,,,,,,,,,,,,,,,,,,,,,,,,,,,,,,,,,,,,,,,,,,,,,,,,,,,187.40756233299908,187.4157452080035,187.9062786659997,187.9062786659997,187.9810962910051,187.9810962910051,188.54981916600082,left,1.127415208000457,None,188.54996095800016,188.5500170830055,None,,,,,,,,,,,,21049991,0,2025-12-01_13h58.34.105,tilt_mocs,2024.2.4,120.47370212248029,2025-12-01 13h58.42.820009 -0500,
-4,0.0,,10,10,0,,,,,,,,,,c-4,noss,0,left,1.133544415999495,None,None,,,,,,,,,,,0,10,10,714,188.56038945800537,,,,,,,,,,,,,,,,,,,,,,,,,,,,,,,,,,,,,,,,,,,,,,,,,,,,,,,,,,,,,,,,188.55216341600317,188.56038945800537,189.0472014160041,189.0472014160041,189.11937916600436,189.11937916600436,189.70044145800057,left,1.133544415999495,None,189.70059254100488,189.70065037500171,None,,,,,,,,,,,,21049991,0,2025-12-01_13h58.34.105,tilt_mocs,2024.2.4,120.47370212248029,2025-12-01 13h58.42.820009 -0500,
4,15.0,,11,11,0,,,,,,,,,,c+4,poss,100,left,1.3032655830029398,None,None,,,,,,,,,,,0,11,11,186,189.7109684160023,,,,,,,,,,,,,,,,,,,,,,,,,,,,,,,,,,,,,,,,,,,,,,,,,,,,,,,,,,,,,,,,189.70281379100197,189.7109684160023,190.1972000829992,190.1972000829992,190.26903595800104,190.26903595800104,191.01674150000326,left,1.3032655830029398,None,191.01685516600264,191.01689787500072,None,,,,,,,,,,,,21049991,0,2025-12-01_13h58.34.105,tilt_mocs,2024.2.4,120.47370212248029,2025-12-01 13h58.42.820009 -0500,
-2,15.0,,12,12,0,,,,,,,,,,c-2,poss,100,left,1.0799846250010887,None,None,,,,,,,,,,,0,12,12,13,191.02665691600123,,,,,,,,,,,,,,,,,,,,,,,,,,,,,,,,,,,,,,,,,,,,,,,,,,,,,,,,,,,,,,,,191.0187847910056,191.02665691600123,191.51303175000066,191.51303175000066,191.58613008300017,191.58613008300017,192.1143925830038,left,1.0799846250010887,None,192.11444679100532,192.1144624580047,None,,,,,,,,,,,,21049991,0,2025-12-01_13h58.34.105,tilt_mocs,2024.2.4,120.47370212248029,2025-12-01 13h58.42.820009 -0500,
2,15.0,,13,13,0,,,,,,,,,,c+2,poss,100,left,1.204037083000003,None,None,,,,,,,,,,,0,13,13,166,192.12057004099916,,,,,,,,,,,,,,,,,,,,,,,,,,,,,,,,,,,,,,,,,,,,,,,,,,,,,,,,,,,,,,,,192.11519041599968,192.12057004099916,192.60671654100588,192.60671654100588,192.6811518750037,192.6811518750037,193.33337012500124,left,1.204037083000003,None,193.33352958300384,193.33358695800416,None,,,,,,,,,,,,21049991,0,2025-12-01_13h58.34.105,tilt_mocs,2024.2.4,120.47370212248029,2025-12-01 13h58.42.820009 -0500,
4,15.0,,14,14,0,,,,,,,,,,c+4,poss,100,left,1.28351991600357,None,None,,,,,,,,,,,0,14,14,193,193.34458525000082,,,,,,,,,,,,,,,,,,,,,,,,,,,,,,,,,,,,,,,,,,,,,,,,,,,,,,,,,,,,,,,,193.33647295799892,193.34458525000082,193.83065691600495,193.83065691600495,193.90264500000194,193.90264500000194,194.63335970800108,left,1.28351991600357,None,194.6335060410056,194.63355937500455,None,,,,,,,,,,,,21049991,0,2025-12-01_13h58.34.105,tilt_mocs,2024.2.4,120.47370212248029,2025-12-01 13h58.42.820009 -0500,
8,15.0,,15,15,0,,,,,,,,,,c+8,poss,100,right,1.1281505420047324,None,None,,,,,,,,,,,0,15,15,280,194.64417695800512,,,,,,,,,,,,,,,,,,,,,,,,,,,,,,,,,,,,,,,,,,,,,,,,,,,,,,,,,,,,,,,,194.63577329100372,194.64417695800512,195.13071762500476,195.13071762500476,195.20371079100005,195.20371079100005,195.78344500000094,right,1.1281505420047324,None,195.7835582080006,195.78360033300123,None,,,,,,,,,,,,21049991,0,2025-12-01_13h58.34.105,tilt_mocs,2024.2.4,120.47370212248029,2025-12-01 13h58.42.820009 -0500,
-8,-15.0,,16,16,0,,,,,,,,,,c-8,negs,100,left,1.0496787919983035,None,None,,,,,,,,,,,0,16,16,380,195.79352437500347,,,,,,,,,,,,,,,,,,,,,,,,,,,,,,,,,,,,,,,,,,,,,,,,,,,,,,,,,,,,,,,,195.78550941600406,195.79352437500347,196.28101408300427,196.28101408300427,196.3528260000021,196.3528260000021,196.8504238750029,left,1.0496787919983035,None,196.8505610830034,196.85063000000082,None,,,,,,,,,,,,21049991,0,2025-12-01_13h58.34.105,tilt_mocs,2024.2.4,120.47370212248029,2025-12-01 13h58.42.820009 -0500,
2,15.0,,17,17,0,,,,,,,,,,c+2,poss,100,left,1.1386617079988355,None,None,,,,,,,,,,,0,17,17,125,196.86055354100245,,,,,,,,,,,,,,,,,,,,,,,,,,,,,,,,,,,,,,,,,,,,,,,,,,,,,,,,,,,,,,,,196.8525985410015,196.86055354100245,197.34755125000083,197.34755125000083,197.42109933300526,197.42109933300526,198.00654941600078,left,1.1386617079988355,None,198.00671191600122,198.006771458,None,,,,,,,,,,,,21049991,0,2025-12-01_13h58.34.105,tilt_mocs,2024.2.4,120.47370212248029,2025-12-01 13h58.42.820009 -0500,
2,0.0,,18,18,0,,,,,,,,,,c+2,noss,0,right,1.0644881669941242,None,None,,,,,,,,,,,0,18,18,910,198.0172085830054,,,,,,,,,,,,,,,,,,,,,,,,,,,,,,,,,,,,,,,,,,,,,,,,,,,,,,,,,,,,,,,,198.00907220800582,198.0172085830054,198.50612695800373,198.50612695800373,198.58133520800038,198.58133520800038,199.0844749579992,right,1.0644881669941242,None,199.08462866600166,199.08469204100402,None,,,,,,,,,,,,21049991,0,2025-12-01_13h58.34.105,tilt_mocs,2024.2.4,120.47370212248029,2025-12-01 13h58.42.820009 -0500,
6,15.0,,19,19,0,,,,,,,,,,c+6,poss,100,left,1.2410417499995674,None,None,,,,,,,,,,,0,19,19,278,199.0951024160022,,,,,,,,,,,,,,,,,,,,,,,,,,,,,,,,,,,,,,,,,,,,,,,,,,,,,,,,,,,,,,,,199.08709987500333,199.0951024160022,199.58084208299988,199.58084208299988,199.65288470800442,199.65288470800442,200.34002045800298,left,1.2410417499995674,None,200.3401515000005,200.340204291002,None,,,,,,,,,,,,21049991,0,2025-12-01_13h58.34.105,tilt_mocs,2024.2.4,120.47370212248029,2025-12-01 13h58.42.820009 -0500,
1,0.0,,20,20,0,,,,,,,,,,c+1,noss,0,left,1.4537892500011367,None,None,,,,,,,,,,,0,20,20,895,200.3507552910014,,,,,,,,,,,,,,,,,,,,,,,,,,,,,,,,,,,,,,,,,,,,,,,,,,,,,,,,,,,,,,,,200.34263620799902,200.3507552910014,200.84000879100495,200.84000879100495,200.91480579100607,200.91480579100607,201.80757854100375,left,1.4537892500011367,None,201.80772662500385,201.80778345800354,None,,,,,,,,,,,,21049991,0,2025-12-01_13h58.34.105,tilt_mocs,2024.2.4,120.47370212248029,2025-12-01 13h58.42.820009 -0500,
4,15.0,,21,21,0,,,,,,,,,,c+4,poss,100,left,1.2751029999999446,None,None,,,,,,,,,,,0,21,21,210,201.81773466600134,,,,,,,,,,,,,,,,,,,,,,,,,,,,,,,,,,,,,,,,,,,,,,,,,,,,,,,,,,,,,,,,201.8100862909996,201.81773466600134,202.30641808300425,202.30641808300425,202.3814387080056,202.3814387080056,203.10051891600597,left,1.2751029999999446,None,203.10065641600522,203.10070987500512,None,,,,,,,,,,,,21049991,0,2025-12-01_13h58.34.105,tilt_mocs,2024.2.4,120.47370212248029,2025-12-01 13h58.42.820009 -0500,
-2,0.0,,22,22,0,,,,,,,,,,c-2,noss,0,left,1.0910706670038053,None,None,,,,,,,,,,,0,22,22,740,203.11128733300575,,,,,,,,,,,,,,,,,,,,,,,,,,,,,,,,,,,,,,,,,,,,,,,,,,,,,,,,,,,,,,,,203.10296320800262,203.11128733300575,203.59786695799994,203.59786695799994,203.67057912500604,203.67057912500604,204.20623020800122,left,1.0910706670038053,None,204.20633579100104,204.20637650000572,None,,,,,,,,,,,,21049991,0,2025-12-01_13h58.34.105,tilt_mocs,2024.2.4,120.47370212248029,2025-12-01 13h58.42.820009 -0500,
-2,0.0,,23,23,0,,,,,,,,,,c-2,noss,0,left,0.9491873330043745,None,None,,,,,,,,,,,0,23,23,744,204.21672812500037,,,,,,,,,,,,,,,,,,,,,,,,,,,,,,,,,,,,,,,,,,,,,,,,,,,,,,,,,,,,,,,,204.20827033300156,204.21672812500037,204.70657175000088,204.70657175000088,204.7815534160036,204.7815534160036,205.17223612499947,left,0.9491873330043745,None,205.17236725000112,205.17242016600358,None,,,,,,,,,,,,21049991,0,2025-12-01_13h58.34.105,tilt_mocs,2024.2.4,120.47370212248029,2025-12-01 13h58.42.820009 -0500,
4,15.0,,24,24,0,,,,,,,,,,c+4,poss,100,left,1.1206137089975527,None,None,,,,,,,,,,,0,24,24,203,205.19792362500448,,,,,,,,,,,,,,,,,,,,,,,,,,,,,,,,,,,,,,,,,,,,,,,,,,,,,,,,,,,,,,,,205.17459391600278,205.19792362500448,205.67389241600176,205.67389241600176,205.7483052910029,205.7483052910029,206.32334758300567,left,1.1206137089975527,None,206.32345400000486,206.32349670800613,None,,,,,,,,,,,,21049991,0,2025-12-01_13h58.34.105,tilt_mocs,2024.2.4,120.47370212248029,2025-12-01 13h58.42.820009 -0500,
-8,-15.0,,25,25,0,,,,,,,,,,c-8,negs,100,left,1.0647075829983805,None,None,,,,,,,,,,,0,25,25,351,206.33370679100335,,,,,,,,,,,,,,,,,,,,,,,,,,,,,,,,,,,,,,,,,,,,,,,,,,,,,,,,,,,,,,,,206.32542962500156,206.33370679100335,206.82381166599953,206.82381166599953,206.89834208300454,206.89834208300454,207.4014060000045,left,1.0647075829983805,None,207.40155691600376,207.401614082999,None,,,,,,,,,,,,21049991,0,2025-12-01_13h58.34.105,tilt_mocs,2024.2.4,120.47370212248029,2025-12-01 13h58.42.820009 -0500,
8,15.0,,26,26,0,,,,,,,,,,c+8,poss,100,right,1.0577533749965369,None,None,,,,,,,,,,,0,26,26,309,207.41221141600545,,,,,,,,,,,,,,,,,,,,,,,,,,,,,,,,,,,,,,,,,,,,,,,,,,,,,,,,,,,,,,,,207.40387487500266,207.41221141600545,207.89779216600436,207.89779216600436,207.97122954099905,207.97122954099905,208.4725484580049,right,1.0577533749965369,None,208.47268362500472,208.4727397500028,None,,,,,,,,,,,,21049991,0,2025-12-01_13h58.34.105,tilt_mocs,2024.2.4,120.47370212248029,2025-12-01 13h58.42.820009 -0500,
1,0.0,,27,27,0,,,,,,,,,,c+1,noss,0,left,1.0913955840005656,None,None,,,,,,,,,,,0,27,27,888,208.49805991600442,,,,,,,,,,,,,,,,,,,,,,,,,,,,,,,,,,,,,,,,,,,,,,,,,,,,,,,,,,,,,,,,208.47468045799906,208.49805991600442,208.9732496659999,208.9732496659999,209.04844299999968,209.04844299999968,209.60058912500244,left,1.0913955840005656,None,209.60072445800324,209.60077754100348,None,,,,,,,,,,,,21049991,0,2025-12-01_13h58.34.105,tilt_mocs,2024.2.4,120.47370212248029,2025-12-01 13h58.42.820009 -0500,
-6,-15.0,,28,28,0,,,,,,,,,,c-6,negs,100,left,1.0981077499964158,None,None,,,,,,,,,,,0,28,28,440,209.6110590410026,,,,,,,,,,,,,,,,,,,,,,,,,,,,,,,,,,,,,,,,,,,,,,,,,,,,,,,,,,,,,,,,209.60284058300022,209.6110590410026,210.0978711659991,210.0978711659991,210.17009512500226,210.17009512500226,210.71710704100406,left,1.0981077499964158,None,210.71721395799977,210.71725629100547,None,,,,,,,,,,,,21049991,0,2025-12-01_13h58.34.105,tilt_mocs,2024.2.4,120.47370212248029,2025-12-01 13h58.42.820009 -0500,
2,15.0,,29,29,0,,,,,,,,,,c+2,poss,100,right,1.0943907079999917,None,None,,,,,,,,,,,0,29,29,115,210.727250791002,,,,,,,,,,,,,,,,,,,,,,,,,,,,,,,,,,,,,,,,,,,,,,,,,,,,,,,,,,,,,,,,210.71921504100465,210.727250791002,211.2145749160045,211.2145749160045,211.28673812500347,211.28673812500347,211.83246470800077,right,1.0943907079999917,None,211.83257800000138,211.83263316599914,None,,,,,,,,,,,,21049991,0,2025-12-01_13h58.34.105,tilt_mocs,2024.2.4,120.47370212248029,2025-12-01 13h58.42.820009 -0500,
2,15.0,,30,30,0,,,,,,,,,,c+2,poss,100,left,1.070786958996905,None,None,,,,,,,,,,,0,30,30,128,211.83972337500018,,,,,,,,,,,,,,,,,,,,,,,,,,,,,,,,,,,,,,,,,,,,,,,,,,,,,,,,,,,,,,,,211.8345564160045,211.83972337500018,212.32404374999896,212.32404374999896,212.39845970800525,212.39845970800525,212.917405375003,left,1.070786958996905,None,212.91753783300373,212.91759033300332,None,,,,,,,,,,,,21049991,0,2025-12-01_13h58.34.105,tilt_mocs,2024.2.4,120.47370212248029,2025-12-01 13h58.42.820009 -0500,
-6,-15.0,,31,31,0,,,,,,,,,,c-6,negs,100,left,1.0536566669979948,None,None,,,,,,,,,,,0,31,31,419,212.92824174999987,,,,,,,,,,,,,,,,,,,,,,,,,,,,,,,,,,,,,,,,,,,,,,,,,,,,,,,,,,,,,,,,212.92003941599978,212.92824174999987,213.41468537499895,213.41468537499895,213.48703862500406,213.48703862500406,213.98441416599962,left,1.0536566669979948,None,213.98454962500546,213.98460262500157,None,,,,,,,,,,,,21049991,0,2025-12-01_13h58.34.105,tilt_mocs,2024.2.4,120.47370212248029,2025-12-01 13h58.42.820009 -0500,
-4,0.0,,32,32,0,,,,,,,,,,c-4,noss,0,left,0.964900334001868,None,None,,,,,,,,,,,0,32,32,700,213.9951396250035,,,,,,,,,,,,,,,,,,,,,,,,,,,,,,,,,,,,,,,,,,,,,,,,,,,,,,,,,,,,,,,,213.98694116600382,213.9951396250035,214.4814727500052,214.4814727500052,214.5542524160046,214.5542524160046,214.96735783300392,left,0.964900334001868,None,214.96749616600573,214.96755174999998,None,,,,,,,,,,,,21049991,0,2025-12-01_13h58.34.105,tilt_mocs,2024.2.4,120.47370212248029,2025-12-01 13h58.42.820009 -0500,
-2,0.0,,33,33,0,,,,,,,,,,c-2,noss,0,left,0.8971460419998039,None,None,,,,,,,,,,,0,33,33,764,214.97796004100383,,,,,,,,,,,,,,,,,,,,,,,,,,,,,,,,,,,,,,,,,,,,,,,,,,,,,,,,,,,,,,,,214.96983733300294,214.97796004100383,215.46497554099915,215.46497554099915,215.5370400000029,215.5370400000029,215.88396483300312,left,0.8971460419998039,None,215.8841042080021,215.88415704100044,None,,,,,,,,,,,,21049991,0,2025-12-01_13h58.34.105,tilt_mocs,2024.2.4,120.47370212248029,2025-12-01 13h58.42.820009 -0500,
1,0.0,,34,34,0,,,,,,,,,,c+1,noss,0,left,1.0537648749959772,None,None,,,,,,,,,,,0,34,34,841,215.8949029159994,,,,,,,,,,,,,,,,,,,,,,,,,,,,,,,,,,,,,,,,,,,,,,,,,,,,,,,,,,,,,,,,215.88685370800522,215.8949029159994,216.38157395800226,216.38157395800226,216.45489875000203,216.45489875000203,216.95102941599907,left,1.0537648749959772,None,216.95116358300584,216.95121637500415,None,,,,,,,,,,,,21049991,0,2025-12-01_13h58.34.105,tilt_mocs,2024.2.4,120.47370212248029,2025-12-01 13h58.42.820009 -0500,
4,0.0,,35,35,0,,,,,,,,,,c+4,noss,0,right,1.1403668340062723,None,None,,,,,,,,,,,0,35,35,962,216.9617449159996,,,,,,,,,,,,,,,,,,,,,,,,,,,,,,,,,,,,,,,,,,,,,,,,,,,,,,,,,,,,,,,,216.9536526660013,216.9617449159996,217.44812258300226,217.44812258300226,217.52028791600605,217.52028791600605,218.1059821250019,right,1.1403668340062723,None,218.10602687500068,218.10604387499916,None,,,,,,,,,,,,21049991,0,2025-12-01_13h58.34.105,tilt_mocs,2024.2.4,120.47370212248029,2025-12-01 13h58.42.820009 -0500,
4,0.0,,36,36,0,,,,,,,,,,c+4,noss,0,right,1.0093161250042613,None,None,,,,,,,,,,,0,36,36,966,218.11462954099989,,,,,,,,,,,,,,,,,,,,,,,,,,,,,,,,,,,,,,,,,,,,,,,,,,,,,,,,,,,,,,,,218.10672754100233,218.11462954099989,218.60783204100153,218.60783204100153,218.68207133300166,218.68207133300166,219.13396962499974,right,1.0093161250042613,None,219.1341019160027,219.13414441600617,None,,,,,,,,,,,,21049991,0,2025-12-01_13h58.34.105,tilt_mocs,2024.2.4,120.47370212248029,2025-12-01 13h58.42.820009 -0500,
0,-15.0,,37,37,0,,,,,,,,,,c+0,negs,100,right,1.106651875001262,None,None,,,,,,,,,,,0,37,37,603,219.14400250000472,,,,,,,,,,,,,,,,,,,,,,,,,,,,,,,,,,,,,,,,,,,,,,,,,,,,,,,,,,,,,,,,219.13607087499986,219.14400250000472,219.63162962500064,219.63162962500064,219.703736416006,219.703736416006,220.25792162500147,right,1.106651875001262,None,220.25807170800545,220.25812750000478,None,,,,,,,,,,,,21049991,0,2025-12-01_13h58.34.105,tilt_mocs,2024.2.4,120.47370212248029,2025-12-01 13h58.42.820009 -0500,
-2,-15.0,,38,38,0,,,,,,,,,,c-2,negs,100,left,1.0742399590017158,None,None,,,,,,,,,,,0,38,38,513,220.26807837500382,,,,,,,,,,,,,,,,,,,,,,,,,,,,,,,,,,,,,,,,,,,,,,,,,,,,,,,,,,,,,,,,220.26023366600566,220.26807837500382,220.75761845800298,220.75761845800298,220.8321452500022,220.8321452500022,221.35111562500242,left,1.0742399590017158,None,221.35125345800043,221.35130604100414,None,,,,,,,,,,,,21049991,0,2025-12-01_13h58.34.105,tilt_mocs,2024.2.4,120.47370212248029,2025-12-01 13h58.42.820009 -0500,
-2,15.0,,39,39,0,,,,,,,,,,c-2,poss,100,left,1.0529057499952614,None,None,,,,,,,,,,,0,39,39,0,221.36218250000093,,,,,,,,,,,,,,,,,,,,,,,,,,,,,,,,,,,,,,,,,,,,,,,,,,,,,,,,,,,,,,,,221.3537472080061,221.36218250000093,221.84839562500565,221.84839562500565,221.92088904100092,221.92088904100092,222.41771191600128,left,1.0529057499952614,None,222.41785841600358,222.41791387500416,None,,,,,,,,,,,,21049991,0,2025-12-01_13h58.34.105,tilt_mocs,2024.2.4,120.47370212248029,2025-12-01 13h58.42.820009 -0500,
6,15.0,,40,40,0,,,,,,,,,,c+6,poss,100,right,1.0493693330063252,None,None,,,,,,,,,,,0,40,40,276,222.42830937500548,,,,,,,,,,,,,,,,,,,,,,,,,,,,,,,,,,,,,,,,,,,,,,,,,,,,,,,,,,,,,,,,222.42019612500007,222.42830937500548,222.91498679100187,222.91498679100187,222.98813950000476,222.98813950000476,223.48438700000406,right,1.0493693330063252,None,223.4845182909994,223.4845699580037,None,,,,,,,,,,,,21049991,0,2025-12-01_13h58.34.105,tilt_mocs,2024.2.4,120.47370212248029,2025-12-01 13h58.42.820009 -0500,
-2,-15.0,,41,41,0,,,,,,,,,,c-2,negs,100,left,0.9936525829980383,None,None,,,,,,,,,,,0,41,41,550,223.49502308299998,,,,,,,,,,,,,,,,,,,,,,,,,,,,,,,,,,,,,,,,,,,,,,,,,,,,,,,,,,,,,,,,223.48674654100614,223.49502308299998,223.9818478330053,223.9818478330053,224.05352225000388,224.05352225000388,224.50113879100536,left,0.9936525829980383,None,224.50127675000113,224.50133254100365,None,,,,,,,,,,,,21049991,0,2025-12-01_13h58.34.105,tilt_mocs,2024.2.4,120.47370212248029,2025-12-01 13h58.42.820009 -0500,
0,-15.0,,42,42,0,,,,,,,,,,c+0,negs,100,right,1.2887459999983548,None,None,,,,,,,,,,,0,42,42,594,224.51192583300144,,,,,,,,,,,,,,,,,,,,,,,,,,,,,,,,,,,,,,,,,,,,,,,,,,,,,,,,,,,,,,,,224.50376462500572,224.51192583300144,224.99847187500563,224.99847187500563,225.07082191600057,225.07082191600057,225.80623733300308,right,1.2887459999983548,None,225.80636433300242,225.8064159160058,None,,,,,,,,,,,,21049991,0,2025-12-01_13h58.34.105,tilt_mocs,2024.2.4,120.47370212248029,2025-12-01 13h58.42.820009 -0500,
6,15.0,,43,43,0,,,,,,,,,,c+6,poss,100,right,1.1737032500022906,None,None,,,,,,,,,,,0,43,43,279,225.83191704100318,,,,,,,,,,,,,,,,,,,,,,,,,,,,,,,,,,,,,,,,,,,,,,,,,,,,,,,,,,,,,,,,225.80850604100124,225.83191704100318,226.29797075000533,226.29797075000533,226.37122825000552,226.37122825000552,227.01789754100173,right,1.1737032500022906,None,227.01803662500606,227.01809050000156,None,,,,,,,,,,,,21049991,0,2025-12-01_13h58.34.105,tilt_mocs,2024.2.4,120.47370212248029,2025-12-01 13h58.42.820009 -0500,
-4,0.0,,44,44,0,,,,,,,,,,c-4,noss,0,left,0.9624951660007355,None,None,,,,,,,,,,,0,44,44,694,227.02810829100054,,,,,,,,,,,,,,,,,,,,,,,,,,,,,,,,,,,,,,,,,,,,,,,,,,,,,,,,,,,,,,,,227.02013570800045,227.02810829100054,227.51523100000486,227.51523100000486,227.5869394160036,227.5869394160036,228.00105570800224,left,0.9624951660007355,None,228.0012271250016,228.00127950000024,None,,,,,,,,,,,,21049991,0,2025-12-01_13h58.34.105,tilt_mocs,2024.2.4,120.47370212248029,2025-12-01 13h58.42.820009 -0500,
4,0.0,,45,45,0,,,,,,,,,,c+4,noss,0,right,0.9041501250030706,None,None,,,,,,,,,,,0,45,45,961,228.01154004099953,,,,,,,,,,,,,,,,,,,,,,,,,,,,,,,,,,,,,,,,,,,,,,,,,,,,,,,,,,,,,,,,228.00390291600343,228.01154004099953,228.49872108300042,228.49872108300042,228.57185983300587,228.57185983300587,228.91810554100084,right,0.9041501250030706,None,228.91824325000198,228.9182981250051,None,,,,,,,,,,,,21049991,0,2025-12-01_13h58.34.105,tilt_mocs,2024.2.4,120.47370212248029,2025-12-01 13h58.42.820009 -0500,
-4,0.0,,46,46,0,,,,,,,,,,c-4,noss,0,left,0.8708680829950026,None,None,,,,,,,,,,,0,46,46,713,228.9286091660033,,,,,,,,,,,,,,,,,,,,,,,,,,,,,,,,,,,,,,,,,,,,,,,,,,,,,,,,,,,,,,,,228.92039170800126,228.9286091660033,229.4152302500006,229.4152302500006,229.4875765830002,229.4875765830002,229.80275229100516,left,0.8708680829950026,None,229.80291166600364,229.80297104100464,None,,,,,,,,,,,,21049991,0,2025-12-01_13h58.34.105,tilt_mocs,2024.2.4,120.47370212248029,2025-12-01 13h58.42.820009 -0500,
-4,-15.0,,47,47,0,,,,,,,,,,c-4,negs,100,right,0.9722911669960013,None,None,,,,,,,,,,,0,47,47,473,229.81424200000038,,,,,,,,,,,,,,,,,,,,,,,,,,,,,,,,,,,,,,,,,,,,,,,,,,,,,,,,,,,,,,,,229.80587175000255,229.81424200000038,230.29852933300572,230.29852933300572,230.3716137080046,230.3716137080046,230.7904237910043,right,0.9722911669960013,None,230.79053054100223,230.7905719160044,None,,,,,,,,,,,,21049991,0,2025-12-01_13h58.34.105,tilt_mocs,2024.2.4,120.47370212248029,2025-12-01 13h58.42.820009 -0500,
-1,0.0,,48,48,0,,,,,,,,,,c-1,noss,0,left,0.9736109579971526,None,None,,,,,,,,,,,0,48,48,816,230.80063412500022,,,,,,,,,,,,,,,,,,,,,,,,,,,,,,,,,,,,,,,,,,,,,,,,,,,,,,,,,,,,,,,,230.7925054580046,230.80063412500022,231.2907988750012,231.2907988750012,231.3653890830028,231.3653890830028,231.78465370800404,left,0.9736109579971526,None,231.7848027910004,231.78485750000254,None,,,,,,,,,,,,21049991,0,2025-12-01_13h58.34.105,tilt_mocs,2024.2.4,120.47370212248029,2025-12-01 13h58.42.820009 -0500,
1,0.0,,49,49,0,,,,,,,,,,c+1,noss,0,right,1.0210746660013683,None,None,,,,,,,,,,,0,49,49,855,231.79503916600515,,,,,,,,,,,,,,,,,,,,,,,,,,,,,,,,,,,,,,,,,,,,,,,,,,,,,,,,,,,,,,,,231.7870788750006,231.79503916600515,232.28207187500084,232.28207187500084,232.35407920800208,232.35407920800208,232.81874800000514,right,1.0210746660013683,None,232.81890633299918,232.81896729100117,None,,,,,,,,,,,,21049991,0,2025-12-01_13h58.34.105,tilt_mocs,2024.2.4,120.47370212248029,2025-12-01 13h58.42.820009 -0500,
-8,-15.0,,50,50,0,,,,,,,,,,c-8,negs,100,left,0.8901858329991228,None,None,,,,,,,,,,,0,50,50,342,232.82961983299901,,,,,,,,,,,,,,,,,,,,,,,,,,,,,,,,,,,,,,,,,,,,,,,,,,,,,,,,,,,,,,,,232.82128995800304,232.82961983299901,233.3152997080033,233.3152997080033,233.3891829580025,233.3891829580025,233.72340783300024,left,0.8901858329991228,None,233.7235128750035,233.72355408300064,None,,,,,,,,,,,,21049991,0,2025-12-01_13h58.34.105,tilt_mocs,2024.2.4,120.47370212248029,2025-12-01 13h58.42.820009 -0500,
-4,0.0,,51,51,0,,,,,,,,,,c-4,noss,0,left,0.9550246670041815,None,None,,,,,,,,,,,0,51,51,697,233.74894679100544,,,,,,,,,,,,,,,,,,,,,,,,,,,,,,,,,,,,,,,,,,,,,,,,,,,,,,,,,,,,,,,,233.72546920800232,233.74894679100544,234.22421554100583,234.22421554100583,234.29906320800364,234.29906320800364,234.7077377500027,left,0.9550246670041815,None,234.70786950000183,234.70792687500216,None,,,,,,,,,,,,21049991,0,2025-12-01_13h58.34.105,tilt_mocs,2024.2.4,120.47370212248029,2025-12-01 13h58.42.820009 -0500,
2,0.0,,52,52,0,,,,,,,,,,c+2,noss,0,right,0.9982000419986434,None,None,,,,,,,,,,,0,52,52,902,234.7181720830049,,,,,,,,,,,,,,,,,,,,,,,,,,,,,,,,,,,,,,,,,,,,,,,,,,,,,,,,,,,,,,,,234.70993687500595,234.7181720830049,235.20849133300362,235.20849133300362,235.2825958329995,235.2825958329995,235.71920829100418,right,0.9982000419986434,None,235.71937054100272,235.7194305830053,None,,,,,,,,,,,,21049991,0,2025-12-01_13h58.34.105,tilt_mocs,2024.2.4,120.47370212248029,2025-12-01 13h58.42.820009 -0500,
-2,-15.0,,53,53,0,,,,,,,,,,c-2,negs,100,left,0.9526662499993108,None,None,,,,,,,,,,,0,53,53,529,235.73000350000075,,,,,,,,,,,,,,,,,,,,,,,,,,,,,,,,,,,,,,,,,,,,,,,,,,,,,,,,,,,,,,,,235.72167879100016,235.73000350000075,236.21543862500403,236.21543862500403,236.2883992499992,236.2883992499992,236.68568191600207,left,0.9526662499993108,None,236.68584970800293,236.6859096660046,None,,,,,,,,,,,,21049991,0,2025-12-01_13h58.34.105,tilt_mocs,2024.2.4,120.47370212248029,2025-12-01 13h58.42.820009 -0500,
-8,-15.0,,54,54,0,,,,,,,,,,c-8,negs,100,left,0.9201232080013142,None,None,,,,,,,,,,,0,54,54,359,236.6962602909989,,,,,,,,,,,,,,,,,,,,,,,,,,,,,,,,,,,,,,,,,,,,,,,,,,,,,,,,,,,,,,,,236.6882199160027,236.6962602909989,237.18126504099928,237.18126504099928,237.2551147080012,237.2551147080012,237.61953508300212,left,0.9201232080013142,None,237.61968637500104,237.61974845800432,None,,,,,,,,,,,,21049991,0,2025-12-01_13h58.34.105,tilt_mocs,2024.2.4,120.47370212248029,2025-12-01 13h58.42.820009 -0500,
8,15.0,,55,55,0,,,,,,,,,,c+8,poss,100,right,0.9134649999978137,None,None,,,,,,,,,,,0,55,55,285,237.6300526250052,,,,,,,,,,,,,,,,,,,,,,,,,,,,,,,,,,,,,,,,,,,,,,,,,,,,,,,,,,,,,,,,237.62193366599968,237.6300526250052,238.11581245800335,238.11581245800335,238.18771375000506,238.18771375000506,238.55178716600494,right,0.9134649999978137,None,238.55195016600192,238.55201183300233,None,,,,,,,,,,,,21049991,0,2025-12-01_13h58.34.105,tilt_mocs,2024.2.4,120.47370212248029,2025-12-01 13h58.42.820009 -0500,
-2,-15.0,,56,56,0,,,,,,,,,,c-2,negs,100,right,0.9049724169963156,None,None,,,,,,,,,,,0,56,56,517,238.5635988330032,,,,,,,,,,,,,,,,,,,,,,,,,,,,,,,,,,,,,,,,,,,,,,,,,,,,,,,,,,,,,,,,238.55511800000386,238.5635988330032,239.0489798330018,239.0489798330018,239.12193662500067,239.12193662500067,239.47339604100125,right,0.9049724169963156,None,239.47350404100143,239.47354766599892,None,,,,,,,,,,,,21049991,0,2025-12-01_13h58.34.105,tilt_mocs,2024.2.4,120.47370212248029,2025-12-01 13h58.42.820009 -0500,
6,15.0,,57,57,0,,,,,,,,,,c+6,poss,100,right,0.9238414999999804,None,None,,,,,,,,,,,0,57,57,260,239.49905212500016,,,,,,,,,,,,,,,,,,,,,,,,,,,,,,,,,,,,,,,,,,,,,,,,,,,,,,,,,,,,,,,,239.47544358300365,239.49905212500016,239.97414420800487,239.97414420800487,240.0495687080038,240.0495687080038,240.4350512500023,right,0.9238414999999804,None,240.43518895799934,240.43524275000527,None,,,,,,,,,,,,21049991,0,2025-12-01_13h58.34.105,tilt_mocs,2024.2.4,120.47370212248029,2025-12-01 13h58.42.820009 -0500,
4,0.0,,58,58,0,,,,,,,,,,c+4,noss,0,right,0.8968422079997254,None,None,,,,,,,,,,,0,58,58,1007,240.44588487500005,,,,,,,,,,,,,,,,,,,,,,,,,,,,,,,,,,,,,,,,,,,,,,,,,,,,,,,,,,,,,,,,240.43763879100152,240.44588487500005,240.93233324999892,240.93233324999892,241.00505933300155,241.00505933300155,241.35156704100518,right,0.8968422079997254,None,241.35169804100587,241.35177991600358,None,,,,,,,,,,,,21049991,0,2025-12-01_13h58.34.105,tilt_mocs,2024.2.4,120.47370212248029,2025-12-01 13h58.42.820009 -0500,
2,-15.0,,59,59,0,,,,,,,,,,c+2,negs,100,right,1.0777771659995778,None,None,,,,,,,,,,,0,59,59,622,241.3620166250039,,,,,,,,,,,,,,,,,,,,,,,,,,,,,,,,,,,,,,,,,,,,,,,,,,,,,,,,,,,,,,,,241.3540183330042,241.3620166250039,241.84892695800227,241.84892695800227,241.92115341600584,241.92115341600584,242.45210612500523,right,1.0777771659995778,None,242.4522552080016,242.45230987499963,None,,,,,,,,,,,,21049991,0,2025-12-01_13h58.34.105,tilt_mocs,2024.2.4,120.47370212248029,2025-12-01 13h58.42.820009 -0500,
4,15.0,,60,60,0,,,,,,,,,,c+4,poss,100,right,0.9803069160043378,None,None,,,,,,,,,,,0,60,60,216,242.46283866600425,,,,,,,,,,,,,,,,,,,,,,,,,,,,,,,,,,,,,,,,,,,,,,,,,,,,,,,,,,,,,,,,242.4546291250008,242.46283866600425,242.94911579100153,242.94911579100153,243.02169945800415,243.02169945800415,243.45199641599902,right,0.9803069160043378,None,243.4521590410004,243.45222012500017,None,,,,,,,,,,,,21049991,0,2025-12-01_13h58.34.105,tilt_mocs,2024.2.4,120.47370212248029,2025-12-01 13h58.42.820009 -0500,
-2,0.0,,61,61,0,,,,,,,,,,c-2,noss,0,left,0.913534958002856,None,None,,,,,,,,,,,0,61,61,728,243.46372954099934,,,,,,,,,,,,,,,,,,,,,,,,,,,,,,,,,,,,,,,,,,,,,,,,,,,,,,,,,,,,,,,,243.45523075000528,243.46372954099934,243.94922487500298,243.94922487500298,244.02097758300079,244.02097758300079,244.385029750003,left,0.913534958002856,None,244.38516133300436,244.3852353750044,None,,,,,,,,,,,,21049991,0,2025-12-01_13h58.34.105,tilt_mocs,2024.2.4,120.47370212248029,2025-12-01 13h58.42.820009 -0500,
2,-15.0,,62,62,0,,,,,,,,,,c+2,negs,100,right,1.0098329590036883,None,None,,,,,,,,,,,0,62,62,633,244.3956476250023,,,,,,,,,,,,,,,,,,,,,,,,,,,,,,,,,,,,,,,,,,,,,,,,,,,,,,,,,,,,,,,,244.3873599580038,244.3956476250023,244.88246458300273,244.88246458300273,244.95481937500153,244.95481937500153,245.4080152500028,right,1.0098329590036883,None,245.40814416600188,245.40819645800366,None,,,,,,,,,,,,21049991,0,2025-12-01_13h58.34.105,tilt_mocs,2024.2.4,120.47370212248029,2025-12-01 13h58.42.820009 -0500,
0,15.0,,63,63,0,,,,,,,,,,c+0,poss,100,left,1.015200707995973,None,None,,,,,,,,,,,0,63,63,82,245.4185387079997,,,,,,,,,,,,,,,,,,,,,,,,,,,,,,,,,,,,,,,,,,,,,,,,,,,,,,,,,,,,,,,,245.41018708300544,245.4185387079997,245.90851054100494,245.90851054100494,245.98336616600136,245.98336616600136,246.4368083330046,left,1.015200707995973,None,246.43696225000167,246.43703545800236,None,,,,,,,,,,,,21049991,0,2025-12-01_13h58.34.105,tilt_mocs,2024.2.4,120.47370212248029,2025-12-01 13h58.42.820009 -0500,
-6,-15.0,,64,64,0,,,,,,,,,,c-6,negs,100,left,1.0062277499964694,None,None,,,,,,,,,,,0,64,64,414,246.44814575000055,,,,,,,,,,,,,,,,,,,,,,,,,,,,,,,,,,,,,,,,,,,,,,,,,,,,,,,,,,,,,,,,246.43950233299984,246.44814575000055,246.93254479100142,246.93254479100142,247.00470704100007,247.00470704100007,247.45701479100535,left,1.0062277499964694,None,247.45713925000018,247.45719212500262,None,,,,,,,,,,,,21049991,0,2025-12-01_13h58.34.105,tilt_mocs,2024.2.4,120.47370212248029,2025-12-01 13h58.42.820009 -0500,
-4,0.0,,65,65,0,,,,,,,,,,c-4,noss,0,left,0.9733490419966984,None,None,,,,,,,,,,,0,65,65,710,247.48270408300596,,,,,,,,,,,,,,,,,,,,,,,,,,,,,,,,,,,,,,,,,,,,,,,,,,,,,,,,,,,,,,,,247.4592802910047,247.48270408300596,247.9584767500055,247.9584767500055,248.03316341600294,248.03316341600294,248.46858429100394,left,0.9733490419966984,None,248.46871312500298,248.4687659580013,None,,,,,,,,,,,,21049991,0,2025-12-01_13h58.34.105,tilt_mocs,2024.2.4,120.47370212248029,2025-12-01 13h58.42.820009 -0500,
-4,0.0,,66,66,0,,,,,,,,,,c-4,noss,0,left,0.9368011670012493,None,None,,,,,,,,,,,0,66,66,701,248.47958250000374,,,,,,,,,,,,,,,,,,,,,,,,,,,,,,,,,,,,,,,,,,,,,,,,,,,,,,,,,,,,,,,,248.47121212500497,248.47958250000374,248.9659944580053,248.9659944580053,249.03843129100278,249.03843129100278,249.41942116599967,left,0.9368011670012493,None,249.4195715829992,249.41962800000329,None,,,,,,,,,,,,21049991,0,2025-12-01_13h58.34.105,tilt_mocs,2024.2.4,120.47370212248029,2025-12-01 13h58.42.820009 -0500,
-6,-15.0,,67,67,0,,,,,,,,,,c-6,negs,100,left,0.9273037090024445,None,None,,,,,,,,,,,0,67,67,393,249.43018579100317,,,,,,,,,,,,,,,,,,,,,,,,,,,,,,,,,,,,,,,,,,,,,,,,,,,,,,,,,,,,,,,,249.42181845800224,249.43018579100317,249.91599658300402,249.91599658300402,249.98907320800208,249.98907320800208,250.36869650000153,left,0.9273037090024445,None,250.36882937500195,250.36888166599965,None,,,,,,,,,,,,21049991,0,2025-12-01_13h58.34.105,tilt_mocs,2024.2.4,120.47370212248029,2025-12-01 13h58.42.820009 -0500,
-2,15.0,,68,68,0,,,,,,,,,,c-2,poss,100,left,0.9098774590020184,None,None,,,,,,,,,,,0,68,68,3,250.37912766600493,,,,,,,,,,,,,,,,,,,,,,,,,,,,,,,,,,,,,,,,,,,,,,,,,,,,,,,,,,,,,,,,250.37104308300331,250.37912766600493,250.86597304099996,250.86597304099996,250.93841054099903,250.93841054099903,251.29154100000596,left,0.9098774590020184,None,251.2916607080042,251.29170216600323,None,,,,,,,,,,,,21049991,0,2025-12-01_13h58.34.105,tilt_mocs,2024.2.4,120.47370212248029,2025-12-01 13h58.42.820009 -0500,
-4,0.0,,69,69,0,,,,,,,,,,c-4,noss,0,left,0.9148607090028236,None,None,,,,,,,,,,,0,69,69,675,251.30199741600518,,,,,,,,,,,,,,,,,,,,,,,,,,,,,,,,,,,,,,,,,,,,,,,,,,,,,,,,,,,,,,,,251.29362695800228,251.30199741600518,251.79177116600476,251.79177116600476,251.8665538330024,251.8665538330024,252.2199571250021,left,0.9148607090028236,None,252.22011008300615,252.220166375002,None,,,,,,,,,,,,21049991,0,2025-12-01_13h58.34.105,tilt_mocs,2024.2.4,120.47370212248029,2025-12-01 13h58.42.820009 -0500,
2,0.0,,70,70,0,,,,,,,,,,c+2,noss,0,right,0.9089681249970454,None,None,,,,,,,,,,,0,70,70,917,252.23059129100147,,,,,,,,,,,,,,,,,,,,,,,,,,,,,,,,,,,,,,,,,,,,,,,,,,,,,,,,,,,,,,,,252.22227816600207,252.23059129100147,252.71608662500512,252.71608662500512,252.788005541006,252.788005541006,253.1520096660024,right,0.9089681249970454,None,253.1521352080017,253.15218862500478,None,,,,,,,,,,,,21049991,0,2025-12-01_13h58.34.105,tilt_mocs,2024.2.4,120.47370212248029,2025-12-01 13h58.42.820009 -0500,
-2,0.0,,71,71,0,,,,,,,,,,c-2,noss,0,right,1.052782874998229,None,None,,,,,,,,,,,0,71,71,758,253.16291470800206,,,,,,,,,,,,,,,,,,,,,,,,,,,,,,,,,,,,,,,,,,,,,,,,,,,,,,,,,,,,,,,,253.15453016600077,253.16291470800206,253.649460790999,253.649460790999,253.72154383300222,253.72154383300222,254.21851783300372,right,1.052782874998229,None,254.21863112500432,254.21867279100115,None,,,,,,,,,,,,21049991,0,2025-12-01_13h58.34.105,tilt_mocs,2024.2.4,120.47370212248029,2025-12-01 13h58.42.820009 -0500,
6,15.0,,72,72,0,,,,,,,,,,c+6,poss,100,right,0.9881069579932955,None,None,,,,,,,,,,,0,72,72,229,254.22871212500468,,,,,,,,,,,,,,,,,,,,,,,,,,,,,,,,,,,,,,,,,,,,,,,,,,,,,,,,,,,,,,,,254.22058449999895,254.22871212500468,254.71632520799903,254.71632520799903,254.7891578750059,254.7891578750059,255.21934529099963,right,0.9881069579932955,None,255.21947683300095,255.21952975000022,None,,,,,,,,,,,,21049991,0,2025-12-01_13h58.34.105,tilt_mocs,2024.2.4,120.47370212248029,2025-12-01 13h58.42.820009 -0500,
-8,-15.0,,73,73,0,,,,,,,,,,c-8,negs,100,left,0.9695929170047748,None,None,,,,,,,,,,,0,73,73,356,255.23041954100336,,,,,,,,,,,,,,,,,,,,,,,,,,,,,,,,,,,,,,,,,,,,,,,,,,,,,,,,,,,,,,,,255.22201575000508,255.23041954100336,255.7161124580016,255.7161124580016,255.78864154100302,255.78864154100302,256.20279604100506,left,0.9695929170047748,None,256.20296070800396,256.20302525000443,None,,,,,,,,,,,,21049991,0,2025-12-01_13h58.34.105,tilt_mocs,2024.2.4,120.47370212248029,2025-12-01 13h58.42.820009 -0500,
-1,0.0,,74,74,0,,,,,,,,,,c-1,noss,0,right,1.0033614999993006,None,None,,,,,,,,,,,0,74,74,833,256.213717041006,,,,,,,,,,,,,,,,,,,,,,,,,,,,,,,,,,,,,,,,,,,,,,,,,,,,,,,,,,,,,,,,256.2052485000022,256.213717041006,256.6996067910004,256.6996067910004,256.7728063329996,256.7728063329996,257.21997012499924,right,1.0033614999993006,None,257.2201175000009,257.220173665999,None,,,,,,,,,,,,21049991,0,2025-12-01_13h58.34.105,tilt_mocs,2024.2.4,120.47370212248029,2025-12-01 13h58.42.820009 -0500,
0,-15.0,,75,75,0,,,,,,,,,,c+0,negs,100,right,1.1207108750022599,None,None,,,,,,,,,,,0,75,75,578,257.23063195800205,,,,,,,,,,,,,,,,,,,,,,,,,,,,,,,,,,,,,,,,,,,,,,,,,,,,,,,,,,,,,,,,257.2223548750044,257.23063195800205,257.7162503330037,257.7162503330037,257.78828566599987,257.78828566599987,258.35666320800374,right,1.1207108750022599,None,258.3567618750021,258.35680429100466,None,,,,,,,,,,,,21049991,0,2025-12-01_13h58.34.105,tilt_mocs,2024.2.4,120.47370212248029,2025-12-01 13h58.42.820009 -0500,
2,0.0,,76,76,0,,,,,,,,,,c+2,noss,0,right,0.9001240419966052,None,None,,,,,,,,,,,0,76,76,930,258.3669867080025,,,,,,,,,,,,,,,,,,,,,,,,,,,,,,,,,,,,,,,,,,,,,,,,,,,,,,,,,,,,,,,,258.35869212500256,258.3669867080025,258.8583108330058,258.8583108330058,258.93343762500444,258.93343762500444,259.2695376660049,right,0.9001240419966052,None,259.26965333300177,259.26969675000146,None,,,,,,,,,,,,21049991,0,2025-12-01_13h58.34.105,tilt_mocs,2024.2.4,120.47370212248029,2025-12-01 13h58.42.820009 -0500,
2,15.0,,77,77,0,,,,,,,,,,c+2,poss,100,left,1.0114927920003538,None,None,,,,,,,,,,,0,77,77,158,259.2796397080019,,,,,,,,,,,,,,,,,,,,,,,,,,,,,,,,,,,,,,,,,,,,,,,,,,,,,,,,,,,,,,,,259.27175312500185,259.2796397080019,259.7662757500002,259.7662757500002,259.8386810000011,259.8386810000011,260.30259783300426,left,1.0114927920003538,None,260.3027052079997,260.3027568329999,None,,,,,,,,,,,,21049991,0,2025-12-01_13h58.34.105,tilt_mocs,2024.2.4,120.47370212248029,2025-12-01 13h58.42.820009 -0500,
4,15.0,,78,78,0,,,,,,,,,,c+4,poss,100,right,1.0065217079973081,None,None,,,,,,,,,,,0,78,78,223,260.312381708005,,,,,,,,,,,,,,,,,,,,,,,,,,,,,,,,,,,,,,,,,,,,,,,,,,,,,,,,,,,,,,,,260.3047186660042,260.312381708005,260.7997052080027,260.7997052080027,260.871949750006,260.871949750006,261.3241803750061,right,1.0065217079973081,None,261.324304916001,261.3243562080024,None,,,,,,,,,,,,21049991,0,2025-12-01_13h58.34.105,tilt_mocs,2024.2.4,120.47370212248029,2025-12-01 13h58.42.820009 -0500,
2,0.0,,79,79,0,,,,,,,,,,c+2,noss,0,left,0.9729880409940961,None,None,,,,,,,,,,,0,79,79,949,261.33502650000446,,,,,,,,,,,,,,,,,,,,,,,,,,,,,,,,,,,,,,,,,,,,,,,,,,,,,,,,,,,,,,,,261.3266749579998,261.33502650000446,261.8249932500039,261.8249932500039,261.9003200830048,261.9003200830048,262.31913104100386,left,0.9729880409940961,None,262.31926158300485,262.319314750006,None,,,,,,,,,,,,21049991,0,2025-12-01_13h58.34.105,tilt_mocs,2024.2.4,120.47370212248029,2025-12-01 13h58.42.820009 -0500,
0,15.0,,80,80,0,,,,,,,,,,c+0,poss,100,left,0.9641123330002301,None,None,,,,,,,,,,,0,80,80,91,262.32989770800486,,,,,,,,,,,,,,,,,,,,,,,,,,,,,,,,,,,,,,,,,,,,,,,,,,,,,,,,,,,,,,,,262.32170708299964,262.32989770800486,262.8164214999997,262.8164214999997,262.8880621249991,262.8880621249991,263.30335175000073,left,0.9641123330002301,None,263.3035032080006,263.3035747910035,None,,,,,,,,,,,,21049991,0,2025-12-01_13h58.34.105,tilt_mocs,2024.2.4,120.47370212248029,2025-12-01 13h58.42.820009 -0500,
1,0.0,,81,81,0,,,,,,,,,,c+1,noss,0,left,0.947761375005939,None,None,,,,,,,,,,,0,81,81,892,263.314525875001,,,,,,,,,,,,,,,,,,,,,,,,,,,,,,,,,,,,,,,,,,,,,,,,,,,,,,,,,,,,,,,,263.3061157500051,263.314525875001,263.7998727910017,263.7998727910017,263.87294737499906,263.87294737499906,264.2689805830014,left,0.947761375005939,None,264.2691068749991,264.26916045800317,None,,,,,,,,,,,,21049991,0,2025-12-01_13h58.34.105,tilt_mocs,2024.2.4,120.47370212248029,2025-12-01 13h58.42.820009 -0500,
2,15.0,,82,82,0,,,,,,,,,,c+2,poss,100,left,0.9948060409951722,None,None,,,,,,,,,,,0,82,82,151,264.2796282910058,,,,,,,,,,,,,,,,,,,,,,,,,,,,,,,,,,,,,,,,,,,,,,,,,,,,,,,,,,,,,,,,264.2712305829991,264.2796282910058,264.7657990000007,264.7657990000007,264.8389789580033,264.8389789580033,265.2856565000038,left,0.9948060409951722,None,265.28576137500204,265.28580937500374,None,,,,,,,,,,,,21049991,0,2025-12-01_13h58.34.105,tilt_mocs,2024.2.4,120.47370212248029,2025-12-01 13h58.42.820009 -0500,
-4,-15.0,,83,83,0,,,,,,,,,,c-4,negs,100,left,0.9808587910010829,None,None,,,,,,,,,,,0,83,83,486,265.2958872500021,,,,,,,,,,,,,,,,,,,,,,,,,,,,,,,,,,,,,,,,,,,,,,,,,,,,,,,,,,,,,,,,265.28772770800424,265.2958872500021,265.783170540999,265.783170540999,265.85537650000333,265.85537650000333,266.2856880410036,left,0.9808587910010829,None,266.2858165409998,266.28587737500493,None,,,,,,,,,,,,21049991,0,2025-12-01_13h58.34.105,tilt_mocs,2024.2.4,120.47370212248029,2025-12-01 13h58.42.820009 -0500,
-8,-15.0,,84,84,0,,,,,,,,,,c-8,negs,100,left,0.9160441249987343,None,None,,,,,,,,,,,0,84,84,366,266.2963862079996,,,,,,,,,,,,,,,,,,,,,,,,,,,,,,,,,,,,,,,,,,,,,,,,,,,,,,,,,,,,,,,,266.2882416249995,266.2963862079996,266.7831954159992,266.7831954159992,266.8552602500058,266.8552602500058,267.2200426660056,left,0.9160441249987343,None,267.22019645800174,267.22025470800145,None,,,,,,,,,,,,21049991,0,2025-12-01_13h58.34.105,tilt_mocs,2024.2.4,120.47370212248029,2025-12-01 13h58.42.820009 -0500,
0,-15.0,,85,85,0,,,,,,,,,,c+0,negs,100,right,0.9698035419933149,None,None,,,,,,,,,,,0,85,85,568,267.2308253750016,,,,,,,,,,,,,,,,,,,,,,,,,,,,,,,,,,,,,,,,,,,,,,,,,,,,,,,,,,,,,,,,267.22248195800057,267.2308253750016,267.7165135000032,267.7165135000032,267.788650333001,267.788650333001,268.20318245800445,right,0.9698035419933149,None,268.20332120800595,268.20337529099925,None,,,,,,,,,,,,21049991,0,2025-12-01_13h58.34.105,tilt_mocs,2024.2.4,120.47370212248029,2025-12-01 13h58.42.820009 -0500,
6,15.0,,86,86,0,,,,,,,,,,c+6,poss,100,right,0.9062136249995092,None,None,,,,,,,,,,,0,86,86,235,268.2136439160022,,,,,,,,,,,,,,,,,,,,,,,,,,,,,,,,,,,,,,,,,,,,,,,,,,,,,,,,,,,,,,,,268.2054839160046,268.2136439160022,268.6999090829995,268.6999090829995,268.77294358300423,268.77294358300423,269.12508454100316,right,0.9062136249995092,None,269.12520733300335,269.12526029100263,None,,,,,,,,,,,,21049991,0,2025-12-01_13h58.34.105,tilt_mocs,2024.2.4,120.47370212248029,2025-12-01 13h58.42.820009 -0500,
4,15.0,,87,87,0,,,,,,,,,,c+4,poss,100,right,0.9863313329988159,None,None,,,,,,,,,,,0,87,87,178,269.13588600000367,,,,,,,,,,,,,,,,,,,,,,,,,,,,,,,,,,,,,,,,,,,,,,,,,,,,,,,,,,,,,,,,269.1273837500048,269.13588600000367,269.6263567909991,269.6263567909991,269.700557958,269.700557958,270.1250260000015,right,0.9863313329988159,None,270.1251332500033,270.12518891600484,None,,,,,,,,,,,,21049991,0,2025-12-01_13h58.34.105,tilt_mocs,2024.2.4,120.47370212248029,2025-12-01 13h58.42.820009 -0500,
-2,-15.0,,88,88,0,,,,,,,,,,c-2,negs,100,left,0.9747863749944372,None,None,,,,,,,,,,,0,88,88,544,270.1353972910001,,,,,,,,,,,,,,,,,,,,,,,,,,,,,,,,,,,,,,,,,,,,,,,,,,,,,,,,,,,,,,,,270.127081000006,270.1353972910001,270.6257779580046,270.6257779580046,270.70059179099917,270.70059179099917,271.11972508300096,left,0.9747863749944372,None,271.1198955,271.11995254100475,None,,,,,,,,,,,,21049991,0,2025-12-01_13h58.34.105,tilt_mocs,2024.2.4,120.47370212248029,2025-12-01 13h58.42.820009 -0500,
-2,-15.0,,89,89,0,,,,,,,,,,c-2,negs,100,left,0.9201355830009561,None,None,,,,,,,,,,,0,89,89,527,271.130591000001,,,,,,,,,,,,,,,,,,,,,,,,,,,,,,,,,,,,,,,,,,,,,,,,,,,,,,,,,,,,,,,,271.1226530000058,271.130591000001,271.61592100000416,271.61592100000416,271.689736332999,271.689736332999,272.05345962499996,left,0.9201355830009561,None,272.05363866600237,272.0536929160007,None,,,,,,,,,,,,21049991,0,2025-12-01_13h58.34.105,tilt_mocs,2024.2.4,120.47370212248029,2025-12-01 13h58.42.820009 -0500,
-2,0.0,,90,90,0,,,,,,,,,,c-2,noss,0,left,0.9576352080039214,None,None,,,,,,,,,,,0,90,90,767,272.06447737500275,,,,,,,,,,,,,,,,,,,,,,,,,,,,,,,,,,,,,,,,,,,,,,,,,,,,,,,,,,,,,,,,272.05628258300567,272.06447737500275,272.54997350000485,272.54997350000485,272.6221059580057,272.6221059580057,273.0252221660048,left,0.9576352080039214,None,273.02531929100223,273.0253612500019,None,,,,,,,,,,,,21049991,0,2025-12-01_13h58.34.105,tilt_mocs,2024.2.4,120.47370212248029,2025-12-01 13h58.42.820009 -0500,
-1,0.0,,91,91,0,,,,,,,,,,c-1,noss,0,left,0.9107777919998625,None,None,,,,,,,,,,,0,91,91,797,273.03575645800447,,,,,,,,,,,,,,,,,,,,,,,,,,,,,,,,,,,,,,,,,,,,,,,,,,,,,,,,,,,,,,,,273.02725541600375,273.03575645800447,273.52515304100234,273.52515304100234,273.60064054100076,273.60064054100076,273.95272916600516,left,0.9107777919998625,None,273.9528290410017,273.9528708750004,None,,,,,,,,,,,,21049991,0,2025-12-01_13h58.34.105,tilt_mocs,2024.2.4,120.47370212248029,2025-12-01 13h58.42.820009 -0500,
-1,0.0,,92,92,0,,,,,,,,,,c-1,noss,0,left,0.9219159590065829,None,None,,,,,,,,,,,0,92,92,788,273.9627419160024,,,,,,,,,,,,,,,,,,,,,,,,,,,,,,,,,,,,,,,,,,,,,,,,,,,,,,,,,,,,,,,,273.9547580409999,273.9627419160024,274.45017125000595,274.45017125000595,274.5224185000043,274.5224185000043,274.8873545410024,left,0.9219159590065829,None,274.8875817080043,274.88767579100386,None,,,,,,,,,,,,21049991,0,2025-12-01_13h58.34.105,tilt_mocs,2024.2.4,120.47370212248029,2025-12-01 13h58.42.820009 -0500,
0,15.0,,93,93,0,,,,,,,,,,c+0,poss,100,left,0.9132745419992716,None,None,,,,,,,,,,,0,93,93,97,274.89791612500267,,,,,,,,,,,,,,,,,,,,,,,,,,,,,,,,,,,,,,,,,,,,,,,,,,,,,,,,,,,,,,,,274.89013637500466,274.89791612500267,275.383407375004,275.383407375004,275.4557436660034,275.4557436660034,275.8198080000002,left,0.9132745419992716,None,275.81997854100337,275.820038458005,None,,,,,,,,,,,,21049991,0,2025-12-01_13h58.34.105,tilt_mocs,2024.2.4,120.47370212248029,2025-12-01 13h58.42.820009 -0500,
2,-15.0,,94,94,0,,,,,,,,,,c+2,negs,100,right,0.9396846669988008,None,None,,,,,,,,,,,0,94,94,640,275.83194945799914,,,,,,,,,,,,,,,,,,,,,,,,,,,,,,,,,,,,,,,,,,,,,,,,,,,,,,,,,,,,,,,,275.8231779160051,275.83194945799914,276.3167864160059,276.3167864160059,276.38921154100535,276.38921154100535,276.7746681659992,right,0.9396846669988008,None,276.7747685830036,276.7748100000026,None,,,,,,,,,,,,21049991,0,2025-12-01_13h58.34.105,tilt_mocs,2024.2.4,120.47370212248029,2025-12-01 13h58.42.820009 -0500,
-4,-15.0,,95,95,0,,,,,,,,,,c-4,negs,100,right,0.8360454169960576,None,None,,,,,,,,,,,0,95,95,488,276.80029029100115,,,,,,,,,,,,,,,,,,,,,,,,,,,,,,,,,,,,,,,,,,,,,,,,,,,,,,,,,,,,,,,,276.7767330410061,276.80029029100115,277.2759713750056,277.2759713750056,277.35078333300044,277.35078333300044,277.64203470800567,right,0.8360454169960576,None,277.64215770800365,277.6422112500004,None,,,,,,,,,,,,21049991,0,2025-12-01_13h58.34.105,tilt_mocs,2024.2.4,120.47370212248029,2025-12-01 13h58.42.820009 -0500,
8,15.0,,96,96,0,,,,,,,,,,c+8,poss,100,right,0.9489642499975162,None,None,,,,,,,,,,,0,96,96,298,277.65238962500007,,,,,,,,,,,,,,,,,,,,,,,,,,,,,,,,,,,,,,,,,,,,,,,,,,,,,,,,,,,,,,,,277.64431191600306,277.65238962500007,278.1420172500002,278.1420172500002,278.2175170000046,278.2175170000046,278.6038800000024,right,0.9489642499975162,None,278.6040194160014,278.60407595799916,None,,,,,,,,,,,,21049991,0,2025-12-01_13h58.34.105,tilt_mocs,2024.2.4,120.47370212248029,2025-12-01 13h58.42.820009 -0500,
1,0.0,,97,97,0,,,,,,,,,,c+1,noss,0,right,0.919665375004115,None,None,,,,,,,,,,,0,97,97,844,278.61487783300254,,,,,,,,,,,,,,,,,,,,,,,,,,,,,,,,,,,,,,,,,,,,,,,,,,,,,,,,,,,,,,,,278.606594416,278.61487783300254,279.100263332999,279.100263332999,279.17329466600495,279.17329466600495,279.5374346660028,right,0.919665375004115,None,279.5375819580004,279.5376440830005,None,,,,,,,,,,,,21049991,0,2025-12-01_13h58.34.105,tilt_mocs,2024.2.4,120.47370212248029,2025-12-01 13h58.42.820009 -0500,
0,-15.0,,98,98,0,,,,,,,,,,c+0,negs,100,right,0.9820147500067833,None,None,,,,,,,,,,,0,98,98,592,279.5483026660004,,,,,,,,,,,,,,,,,,,,,,,,,,,,,,,,,,,,,,,,,,,,,,,,,,,,,,,,,,,,,,,,279.54000766600075,279.5483026660004,280.03367479100416,280.03367479100416,280.10572704100196,280.10572704100196,280.5362368749993,right,0.9820147500067833,None,280.5363419580026,280.53638254100224,None,,,,,,,,,,,,21049991,0,2025-12-01_13h58.34.105,tilt_mocs,2024.2.4,120.47370212248029,2025-12-01 13h58.42.820009 -0500,
-6,-15.0,,99,99,0,,,,,,,,,,c-6,negs,100,left,1.0103959169937298,None,None,,,,,,,,,,,0,99,99,405,280.54646145800507,,,,,,,,,,,,,,,,,,,,,,,,,,,,,,,,,,,,,,,,,,,,,,,,,,,,,,,,,,,,,,,,280.5382880000034,280.54646145800507,281.03363037500094,281.03363037500094,281.10571454100136,281.10571454100136,281.56062383300014,left,1.0103959169937298,None,281.5607757079997,281.56083750000107,None,,,,,,,,,,,,21049991,0,2025-12-01_13h58.34.105,tilt_mocs,2024.2.4,120.47370212248029,2025-12-01 13h58.42.820009 -0500,
-4,0.0,,100,100,0,,,,,,,,,,c-4,noss,0,left,0.9757635420028237,None,space,13.367564125001081,None,,,,,,,,,0,100,100,723,281.57038041600026,,,,,,,,,,,,,,,,,,,,,,,,,,,,,,,,,,,,,,,,,,,,,,,,,,,,,,,,,,,,,,,,281.56293529100367,281.57038041600026,282.059411000002,282.059411000002,282.1343384159991,282.1343384159991,282.5530084580023,left,0.9757635420028237,None,282.553144000005,295.93673433300137,space,282.56283016600355,282.56283016600355,13.367564125001081,None,,,,,,,,21049991,0,2025-12-01_13h58.34.105,tilt_mocs,2024.2.4,120.47370212248029,2025-12-01 13h58.42.820009 -0500,
0,-15.0,,101,101,0,,,,,,,,,,c+0,negs,100,right,1.5316890829999465,None,None,,,,,,,,,,,0,101,101,586,295.9476196250034,,,,,,,,,,,,,,,,,,,,,,,,,,,,,,,,,,,,,,,,,,,,,,,,,,,,,,,,,,,,,,,,295.9387472910021,295.9476196250034,296.43421850000595,296.43421850000595,296.5074374579999,296.5074374579999,297.48692166600085,right,1.5316890829999465,None,297.4870508330059,297.48710429100174,None,,,,,,,,,,,,21049991,0,2025-12-01_13h58.34.105,tilt_mocs,2024.2.4,120.47370212248029,2025-12-01 13h58.42.820009 -0500,
-1,0.0,,102,102,0,,,,,,,,,,c-1,noss,0,left,0.9932948749992647,None,None,,,,,,,,,,,0,102,102,837,297.4980046660057,,,,,,,,,,,,,,,,,,,,,,,,,,,,,,,,,,,,,,,,,,,,,,,,,,,,,,,,,,,,,,,,297.4895147080024,297.4980046660057,297.98437008300243,297.98437008300243,298.0569335410037,298.0569335410037,298.503734583006,left,0.9932948749992647,None,298.50386475000414,298.50391754100565,None,,,,,,,,,,,,21049991,0,2025-12-01_13h58.34.105,tilt_mocs,2024.2.4,120.47370212248029,2025-12-01 13h58.42.820009 -0500,
4,0.0,,103,103,0,,,,,,,,,,c+4,noss,0,right,0.8972773330024211,None,None,,,,,,,,,,,0,103,103,993,298.5137907080061,,,,,,,,,,,,,,,,,,,,,,,,,,,,,,,,,,,,,,,,,,,,,,,,,,,,,,,,,,,,,,,,298.50587337500474,298.5137907080061,299.00095041600434,299.00095041600434,299.0729795410007,299.0729795410007,299.4206409160033,right,0.8972773330024211,None,299.42079379100323,299.4208569160037,None,,,,,,,,,,,,21049991,0,2025-12-01_13h58.34.105,tilt_mocs,2024.2.4,120.47370212248029,2025-12-01 13h58.42.820009 -0500,
4,0.0,,104,104,0,,,,,,,,,,c+4,noss,0,right,0.9197683750026044,None,None,,,,,,,,,,,0,104,104,985,299.4319020000039,,,,,,,,,,,,,,,,,,,,,,,,,,,,,,,,,,,,,,,,,,,,,,,,,,,,,,,,,,,,,,,,299.42377054100507,299.4319020000039,299.91768587499973,299.91768587499973,299.990250750001,299.990250750001,300.3546076250059,right,0.9197683750026044,None,300.35475833300006,300.35481633300515,None,,,,,,,,,,,,21049991,0,2025-12-01_13h58.34.105,tilt_mocs,2024.2.4,120.47370212248029,2025-12-01 13h58.42.820009 -0500,
0,15.0,,105,105,0,,,,,,,,,,c+0,poss,100,left,0.9436413750008796,None,None,,,,,,,,,,,0,105,105,108,300.3650867079996,,,,,,,,,,,,,,,,,,,,,,,,,,,,,,,,,,,,,,,,,,,,,,,,,,,,,,,,,,,,,,,,300.35705925000366,300.3650867079996,300.85109116600506,300.85109116600506,300.92402637500345,300.92402637500345,301.32029741600127,left,0.9436413750008796,None,301.32042516599904,301.32047616600175,None,,,,,,,,,,,,21049991,0,2025-12-01_13h58.34.105,tilt_mocs,2024.2.4,120.47370212248029,2025-12-01 13h58.42.820009 -0500,
2,0.0,,106,106,0,,,,,,,,,,c+2,noss,0,right,0.9115661669929978,None,None,,,,,,,,,,,0,106,106,898,301.33056387500255,,,,,,,,,,,,,,,,,,,,,,,,,,,,,,,,,,,,,,,,,,,,,,,,,,,,,,,,,,,,,,,,301.3224332910031,301.33056387500255,301.8176569580028,301.8176569580028,301.89015025000117,301.89015025000117,302.2536744579993,right,0.9115661669929978,None,302.2538066660054,302.2538630410054,None,,,,,,,,,,,,21049991,0,2025-12-01_13h58.34.105,tilt_mocs,2024.2.4,120.47370212248029,2025-12-01 13h58.42.820009 -0500,
2,-15.0,,107,107,0,,,,,,,,,,c+2,negs,100,right,0.9328990419962793,None,None,,,,,,,,,,,0,107,107,667,302.2643792500021,,,,,,,,,,,,,,,,,,,,,,,,,,,,,,,,,,,,,,,,,,,,,,,,,,,,,,,,,,,,,,,,302.25628625000536,302.2643792500021,302.75116808299936,302.75116808299936,302.82467129100405,302.82467129100405,303.2036995830058,right,0.9328990419962793,None,303.2038055000012,303.2038472080021,None,,,,,,,,,,,,21049991,0,2025-12-01_13h58.34.105,tilt_mocs,2024.2.4,120.47370212248029,2025-12-01 13h58.42.820009 -0500,
-2,0.0,,108,108,0,,,,,,,,,,c-2,noss,0,left,0.879779500006407,None,None,,,,,,,,,,,0,108,108,730,303.2138823330024,,,,,,,,,,,,,,,,,,,,,,,,,,,,,,,,,,,,,,,,,,,,,,,,,,,,,,,,,,,,,,,,303.20574287500494,303.2138823330024,303.70126775000244,303.70126775000244,303.77415270799975,303.77415270799975,304.10387354100385,left,0.879779500006407,None,304.10402454100404,304.10408662500413,None,,,,,,,,,,,,21049991,0,2025-12-01_13h58.34.105,tilt_mocs,2024.2.4,120.47370212248029,2025-12-01 13h58.42.820009 -0500,
8,15.0,,109,109,0,,,,,,,,,,c+8,poss,100,right,0.9506644590001088,None,None,,,,,,,,,,,0,109,109,303,304.1147487910057,,,,,,,,,,,,,,,,,,,,,,,,,,,,,,,,,,,,,,,,,,,,,,,,,,,,,,,,,,,,,,,,304.10669375,304.1147487910057,304.6012604999996,304.6012604999996,304.67386783300026,304.67386783300026,305.0708012910036,right,0.9506644590001088,None,305.07095683300577,305.0710197080043,None,,,,,,,,,,,,21049991,0,2025-12-01_13h58.34.105,tilt_mocs,2024.2.4,120.47370212248029,2025-12-01 13h58.42.820009 -0500,
0,15.0,,110,110,0,,,,,,,,,,c+0,poss,100,left,0.9308019169984618,None,None,,,,,,,,,,,0,110,110,60,305.0819277080009,,,,,,,,,,,,,,,,,,,,,,,,,,,,,,,,,,,,,,,,,,,,,,,,,,,,,,,,,,,,,,,,305.073760916006,305.0819277080009,305.5678769580045,305.5678769580045,305.64025254100125,305.64025254100125,306.02088179100247,left,0.9308019169984618,None,306.0210481660033,306.0211054579995,None,,,,,,,,,,,,21049991,0,2025-12-01_13h58.34.105,tilt_mocs,2024.2.4,120.47370212248029,2025-12-01 13h58.42.820009 -0500,
0,-15.0,,111,111,0,,,,,,,,,,c+0,negs,100,left,1.2102465000061784,None,None,,,,,,,,,,,0,111,111,597,306.0315363750051,,,,,,,,,,,,,,,,,,,,,,,,,,,,,,,,,,,,,,,,,,,,,,,,,,,,,,,,,,,,,,,,306.02345854099985,306.0315363750051,306.5178961250058,306.5178961250058,306.58950525000546,306.58950525000546,307.2445657499993,left,1.2102465000061784,None,307.24483225000586,307.24492229099997,None,,,,,,,,,,,,21049991,0,2025-12-01_13h58.34.105,tilt_mocs,2024.2.4,120.47370212248029,2025-12-01 13h58.42.820009 -0500,
-2,0.0,,112,112,0,,,,,,,,,,c-2,noss,0,left,0.9679635830034385,None,None,,,,,,,,,,,0,112,112,732,307.2548888330057,,,,,,,,,,,,,,,,,,,,,,,,,,,,,,,,,,,,,,,,,,,,,,,,,,,,,,,,,,,,,,,,307.24734254099894,307.2548888330057,307.74350412499916,307.74350412499916,307.81860450000386,307.81860450000386,308.22653354100476,left,0.9679635830034385,None,308.2266841660021,308.22674504099996,None,,,,,,,,,,,,21049991,0,2025-12-01_13h58.34.105,tilt_mocs,2024.2.4,120.47370212248029,2025-12-01 13h58.42.820009 -0500,
-8,-15.0,,113,113,0,,,,,,,,,,c-8,negs,100,left,0.9478780420031399,None,None,,,,,,,,,,,0,113,113,337,308.237252333005,,,,,,,,,,,,,,,,,,,,,,,,,,,,,,,,,,,,,,,,,,,,,,,,,,,,,,,,,,,,,,,,308.2288660830018,308.237252333005,308.7267333330019,308.7267333330019,308.8018799999991,308.8018799999991,309.1877047080052,left,0.9478780420031399,None,309.1878334159992,309.1878859999997,None,,,,,,,,,,,,21049991,0,2025-12-01_13h58.34.105,tilt_mocs,2024.2.4,120.47370212248029,2025-12-01 13h58.42.820009 -0500,
1,0.0,,114,114,0,,,,,,,,,,c+1,noss,0,right,0.943007875001058,None,None,,,,,,,,,,,0,114,114,849,309.1980698750049,,,,,,,,,,,,,,,,,,,,,,,,,,,,,,,,,,,,,,,,,,,,,,,,,,,,,,,,,,,,,,,,309.1900713330033,309.1980698750049,309.68475291600043,309.68475291600043,309.7571935830056,309.7571935830056,310.1525614160055,right,0.943007875001058,None,310.15266187499947,310.1527249999999,None,,,,,,,,,,,,21049991,0,2025-12-01_13h58.34.105,tilt_mocs,2024.2.4,120.47370212248029,2025-12-01 13h58.42.820009 -0500,
1,0.0,,115,115,0,,,,,,,,,,c+1,noss,0,left,0.9089268329989864,None,None,,,,,,,,,,,0,115,115,894,310.1601076250008,,,,,,,,,,,,,,,,,,,,,,,,,,,,,,,,,,,,,,,,,,,,,,,,,,,,,,,,,,,,,,,,310.1546049160024,310.1601076250008,310.6443410409993,310.6443410409993,310.71851612500177,310.71851612500177,311.0715136250001,left,0.9089268329989864,None,311.0716303330046,311.0716743330049,None,,,,,,,,,,,,21049991,0,2025-12-01_13h58.34.105,tilt_mocs,2024.2.4,120.47370212248029,2025-12-01 13h58.42.820009 -0500,
0,15.0,,116,116,0,,,,,,,,,,c+0,poss,100,left,0.9375105830040411,None,None,,,,,,,,,,,0,116,116,84,311.08140433300287,,,,,,,,,,,,,,,,,,,,,,,,,,,,,,,,,,,,,,,,,,,,,,,,,,,,,,,,,,,,,,,,311.07358087500324,311.08140433300287,311.56804037500115,311.56804037500115,311.63997100000415,311.63997100000415,312.02170087500417,left,0.9375105830040411,None,312.0218545000025,312.0219124159994,None,,,,,,,,,,,,21049991,0,2025-12-01_13h58.34.105,tilt_mocs,2024.2.4,120.47370212248029,2025-12-01 13h58.42.820009 -0500,
0,15.0,,117,117,0,,,,,,,,,,c+0,poss,100,left,0.8860967500004335,None,None,,,,,,,,,,,0,117,117,61,312.03283999999985,,,,,,,,,,,,,,,,,,,,,,,,,,,,,,,,,,,,,,,,,,,,,,,,,,,,,,,,,,,,,,,,312.02425824999955,312.03283999999985,312.5181546660024,312.5181546660024,312.5915321249995,312.5915321249995,312.9217617500035,left,0.8860967500004335,None,312.92191633300536,312.9219768750045,None,,,,,,,,,,,,21049991,0,2025-12-01_13h58.34.105,tilt_mocs,2024.2.4,120.47370212248029,2025-12-01 13h58.42.820009 -0500,
4,0.0,,118,118,0,,,,,,,,,,c+4,noss,0,right,0.9922496250001132,None,None,,,,,,,,,,,0,118,118,957,312.9324287910058,,,,,,,,,,,,,,,,,,,,,,,,,,,,,,,,,,,,,,,,,,,,,,,,,,,,,,,,,,,,,,,,312.92412216600496,312.9324287910058,313.41812375000154,313.41812375000154,313.49053133300185,313.49053133300185,313.9279533750014,right,0.9922496250001132,None,313.92809387500165,313.92814645800536,None,,,,,,,,,,,,21049991,0,2025-12-01_13h58.34.105,tilt_mocs,2024.2.4,120.47370212248029,2025-12-01 13h58.42.820009 -0500,
2,0.0,,119,119,0,,,,,,,,,,c+2,noss,0,right,0.9042426250016433,None,None,,,,,,,,,,,0,119,119,923,313.93807629100047,,,,,,,,,,,,,,,,,,,,,,,,,,,,,,,,,,,,,,,,,,,,,,,,,,,,,,,,,,,,,,,,313.9301708330022,313.93807629100047,314.4272501660016,314.4272501660016,314.50211287500133,314.50211287500133,314.84461962500063,right,0.9042426250016433,None,314.84472137500416,314.84476325000287,None,,,,,,,,,,,,21049991,0,2025-12-01_13h58.34.105,tilt_mocs,2024.2.4,120.47370212248029,2025-12-01 13h58.42.820009 -0500,
0,15.0,,120,120,0,,,,,,,,,,c+0,poss,100,left,0.9256087910034694,None,None,,,,,,,,,,,0,120,120,72,314.85464683300233,,,,,,,,,,,,,,,,,,,,,,,,,,,,,,,,,,,,,,,,,,,,,,,,,,,,,,,,,,,,,,,,314.8466620830004,314.85464683300233,315.34445458300615,315.34445458300615,315.4187316660027,315.4187316660027,315.78823566600477,left,0.9256087910034694,None,315.78838275000453,315.7884429580008,None,,,,,,,,,,,,21049991,0,2025-12-01_13h58.34.105,tilt_mocs,2024.2.4,120.47370212248029,2025-12-01 13h58.42.820009 -0500,
-1,0.0,,121,121,0,,,,,,,,,,c-1,noss,0,left,0.9672559579994413,None,None,,,,,,,,,,,0,121,121,831,315.7985759580042,,,,,,,,,,,,,,,,,,,,,,,,,,,,,,,,,,,,,,,,,,,,,,,,,,,,,,,,,,,,,,,,315.79065479100245,315.7985759580042,316.2849906660049,316.2849906660049,316.35793129100057,316.35793129100057,316.7714165409998,left,0.9672559579994413,None,316.7715733330042,316.7717087500059,None,,,,,,,,,,,,21049991,0,2025-12-01_13h58.34.105,tilt_mocs,2024.2.4,120.47370212248029,2025-12-01 13h58.42.820009 -0500,
-2,15.0,,122,122,0,,,,,,,,,,c-2,poss,100,left,0.9064227910057525,None,None,,,,,,,,,,,0,122,122,52,316.78252979100216,,,,,,,,,,,,,,,,,,,,,,,,,,,,,,,,,,,,,,,,,,,,,,,,,,,,,,,,,,,,,,,,316.77417437500117,316.78252979100216,317.26845570799924,317.26845570799924,317.34137150000606,317.34137150000606,317.69296966600086,left,0.9064227910057525,None,317.6930944580017,317.6931470000054,None,,,,,,,,,,,,21049991,0,2025-12-01_13h58.34.105,tilt_mocs,2024.2.4,120.47370212248029,2025-12-01 13h58.42.820009 -0500,
1,0.0,,123,123,0,,,,,,,,,,c+1,noss,0,right,1.0555343339947285,None,None,,,,,,,,,,,0,123,123,843,317.7185666660007,,,,,,,,,,,,,,,,,,,,,,,,,,,,,,,,,,,,,,,,,,,,,,,,,,,,,,,,,,,,,,,,317.69505287500215,317.7185666660007,318.19484725000075,318.19484725000075,318.26889516600204,318.26889516600204,318.77659129100357,right,1.0555343339947285,None,318.7766952500024,318.7767385410043,None,,,,,,,,,,,,21049991,0,2025-12-01_13h58.34.105,tilt_mocs,2024.2.4,120.47370212248029,2025-12-01 13h58.42.820009 -0500,
-2,15.0,,124,124,0,,,,,,,,,,c-2,poss,100,left,1.0365437910004403,None,None,,,,,,,,,,,0,124,124,44,318.7867496250037,,,,,,,,,,,,,,,,,,,,,,,,,,,,,,,,,,,,,,,,,,,,,,,,,,,,,,,,,,,,,,,,318.7786320830055,318.7867496250037,319.27699562500493,319.27699562500493,319.35227370800567,319.35227370800567,319.82654862500203,left,1.0365437910004403,None,319.82664645800105,319.8266866660051,None,,,,,,,,,,,,21049991,0,2025-12-01_13h58.34.105,tilt_mocs,2024.2.4,120.47370212248029,2025-12-01 13h58.42.820009 -0500,
-2,0.0,,125,125,0,,,,,,,,,,c-2,noss,0,left,1.0068066669991822,None,None,,,,,,,,,,,0,125,125,763,319.8368036250031,,,,,,,,,,,,,,,,,,,,,,,,,,,,,,,,,,,,,,,,,,,,,,,,,,,,,,,,,,,,,,,,319.82859458299936,319.8368036250031,320.32708429100603,320.32708429100603,320.402217750001,320.402217750001,320.85456412500207,left,1.0068066669991822,None,320.8546937909996,320.8547454159998,None,,,,,,,,,,,,21049991,0,2025-12-01_13h58.34.105,tilt_mocs,2024.2.4,120.47370212248029,2025-12-01 13h58.42.820009 -0500,
-8,-15.0,,126,126,0,,,,,,,,,,c-8,negs,100,left,1.4385314999963157,None,None,,,,,,,,,,,0,126,126,358,320.8655532080011,,,,,,,,,,,,,,,,,,,,,,,,,,,,,,,,,,,,,,,,,,,,,,,,,,,,,,,,,,,,,,,,320.8572035000034,320.8655532080011,321.35183812500327,321.35183812500327,321.42463116600265,321.42463116600265,322.31074895799975,left,1.4385314999963157,None,322.3108840410059,322.3109367080033,None,,,,,,,,,,,,21049991,0,2025-12-01_13h58.34.105,tilt_mocs,2024.2.4,120.47370212248029,2025-12-01 13h58.42.820009 -0500,
-2,0.0,,127,127,0,,,,,,,,,,c-2,noss,0,left,0.956571000002441,None,None,,,,,,,,,,,0,127,127,753,322.3215575830036,,,,,,,,,,,,,,,,,,,,,,,,,,,,,,,,,,,,,,,,,,,,,,,,,,,,,,,,,,,,,,,,322.313329083001,322.3215575830036,322.81130937499984,322.81130937499984,322.88572133300477,322.88572133300477,323.28793016599957,left,0.956571000002441,None,323.28808895800466,323.2882684159995,None,,,,,,,,,,,,21049991,0,2025-12-01_13h58.34.105,tilt_mocs,2024.2.4,120.47370212248029,2025-12-01 13h58.42.820009 -0500,
8,15.0,,128,128,0,,,,,,,,,,c+8,poss,100,right,0.91595916699589,None,None,,,,,,,,,,,0,128,128,308,323.2989587500051,,,,,,,,,,,,,,,,,,,,,,,,,,,,,,,,,,,,,,,,,,,,,,,,,,,,,,,,,,,,,,,,323.2907456660032,323.2989587500051,323.7851742500061,323.7851742500061,323.8586330830003,323.8586330830003,324.22120075000566,right,0.91595916699589,None,324.2213051660001,324.2213477910045,None,,,,,,,,,,,,21049991,0,2025-12-01_13h58.34.105,tilt_mocs,2024.2.4,120.47370212248029,2025-12-01 13h58.42.820009 -0500,
2,0.0,,129,129,0,,,,,,,,,,c+2,noss,0,right,0.8662582920005661,None,None,,,,,,,,,,,0,129,129,947,324.23148583299917,,,,,,,,,,,,,,,,,,,,,,,,,,,,,,,,,,,,,,,,,,,,,,,,,,,,,,,,,,,,,,,,324.22327824999957,324.23148583299917,324.71861799999897,324.71861799999897,324.790823166004,324.790823166004,325.10424291600066,right,0.8662582920005661,None,325.1043565,325.1043981250041,None,,,,,,,,,,,,21049991,0,2025-12-01_13h58.34.105,tilt_mocs,2024.2.4,120.47370212248029,2025-12-01 13h58.42.820009 -0500,
-2,0.0,,130,130,0,,,,,,,,,,c-2,noss,0,left,0.9116352909986745,None,None,,,,,,,,,,,0,130,130,768,325.1145110830039,,,,,,,,,,,,,,,,,,,,,,,,,,,,,,,,,,,,,,,,,,,,,,,,,,,,,,,,,,,,,,,,325.1062812500022,325.1145110830039,325.60188833300344,325.60188833300344,325.67426154100394,325.67426154100394,326.03774095800327,left,0.9116352909986745,None,326.03787212500174,326.03792445800354,None,,,,,,,,,,,,21049991,0,2025-12-01_13h58.34.105,tilt_mocs,2024.2.4,120.47370212248029,2025-12-01 13h58.42.820009 -0500,
-1,0.0,,131,131,0,,,,,,,,,,c-1,noss,0,left,0.9133775410009548,None,None,,,,,,,,,,,0,131,131,801,326.0482377080043,,,,,,,,,,,,,,,,,,,,,,,,,,,,,,,,,,,,,,,,,,,,,,,,,,,,,,,,,,,,,,,,326.03998770800536,326.0482377080043,326.53532104100304,326.53532104100304,326.60793945800106,326.60793945800106,326.97160375000385,left,0.9133775410009548,None,326.97177229099907,326.9718338330058,None,,,,,,,,,,,,21049991,0,2025-12-01_13h58.34.105,tilt_mocs,2024.2.4,120.47370212248029,2025-12-01 13h58.42.820009 -0500,
-8,-15.0,,132,132,0,,,,,,,,,,c-8,negs,100,left,0.8983335830052965,None,None,,,,,,,,,,,0,132,132,362,326.98270250000496,,,,,,,,,,,,,,,,,,,,,,,,,,,,,,,,,,,,,,,,,,,,,,,,,,,,,,,,,,,,,,,,326.97450125000614,326.98270250000496,327.4685857910008,327.4685857910008,327.54094633299974,327.54094633299974,327.8877429999993,left,0.8983335830052965,None,327.8878742080051,327.8879338330007,None,,,,,,,,,,,,21049991,0,2025-12-01_13h58.34.105,tilt_mocs,2024.2.4,120.47370212248029,2025-12-01 13h58.42.820009 -0500,
0,-15.0,,133,133,0,,,,,,,,,,c+0,negs,100,right,0.9254389999987325,None,None,,,,,,,,,,,0,133,133,560,327.89773258300556,,,,,,,,,,,,,,,,,,,,,,,,,,,,,,,,,,,,,,,,,,,,,,,,,,,,,,,,,,,,,,,,327.8900779579999,327.89773258300556,328.38533533300506,328.38533533300506,328.4581707910038,328.4581707910038,328.82733770800405,right,0.9254389999987325,None,328.82746091599984,328.8275136250013,None,,,,,,,,,,,,21049991,0,2025-12-01_13h58.34.105,tilt_mocs,2024.2.4,120.47370212248029,2025-12-01 13h58.42.820009 -0500,
0,-15.0,,134,134,0,,,,,,,,,,c+0,negs,100,right,0.9812954579974758,None,None,,,,,,,,,,,0,134,134,605,328.83795054100483,,,,,,,,,,,,,,,,,,,,,,,,,,,,,,,,,,,,,,,,,,,,,,,,,,,,,,,,,,,,,,,,328.8295031660018,328.83795054100483,329.3281477500059,329.3281477500059,329.40251695800544,329.40251695800544,329.8217950830003,right,0.9812954579974758,None,329.8220322910056,329.82213133299956,None,,,,,,,,,,,,21049991,0,2025-12-01_13h58.34.105,tilt_mocs,2024.2.4,120.47370212248029,2025-12-01 13h58.42.820009 -0500,
-4,-15.0,,135,135,0,,,,,,,,,,c-4,negs,100,right,1.0127771249972284,None,None,,,,,,,,,,,0,135,135,464,329.83306237500074,,,,,,,,,,,,,,,,,,,,,,,,,,,,,,,,,,,,,,,,,,,,,,,,,,,,,,,,,,,,,,,,329.8245162910025,329.83306237500074,330.3187967910053,330.3187967910053,330.3912662080038,330.3912662080038,330.8547550410003,right,1.0127771249972284,None,330.85491504100355,330.85497320799914,None,,,,,,,,,,,,21049991,0,2025-12-01_13h58.34.105,tilt_mocs,2024.2.4,120.47370212248029,2025-12-01 13h58.42.820009 -0500,
4,0.0,,136,136,0,,,,,,,,,,c+4,noss,0,right,0.9038587500035646,None,None,,,,,,,,,,,0,136,136,955,330.8662631660045,,,,,,,,,,,,,,,,,,,,,,,,,,,,,,,,,,,,,,,,,,,,,,,,,,,,,,,,,,,,,,,,330.857944166004,330.8662631660045,331.35217562500475,331.35217562500475,331.4253622500037,331.4253622500037,331.78115070800413,right,0.9038587500035646,None,331.7812504160029,331.7812927500054,None,,,,,,,,,,,,21049991,0,2025-12-01_13h58.34.105,tilt_mocs,2024.2.4,120.47370212248029,2025-12-01 13h58.42.820009 -0500,
0,-15.0,,137,137,0,,,,,,,,,,c+0,negs,100,right,1.000710166998033,None,None,,,,,,,,,,,0,137,137,609,331.78799591600546,,,,,,,,,,,,,,,,,,,,,,,,,,,,,,,,,,,,,,,,,,,,,,,,,,,,,,,,,,,,,,,,331.7831713750056,331.78799591600546,332.27769987500506,332.27769987500506,332.3527135830009,332.3527135830009,332.7928120830038,right,1.000710166998033,None,332.7929110410041,332.79295204100345,None,,,,,,,,,,,,21049991,0,2025-12-01_13h58.34.105,tilt_mocs,2024.2.4,120.47370212248029,2025-12-01 13h58.42.820009 -0500,
-8,-15.0,,138,138,0,,,,,,,,,,c-8,negs,100,right,1.2058245000007446,None,None,,,,,,,,,,,0,138,138,371,332.80294466600026,,,,,,,,,,,,,,,,,,,,,,,,,,,,,,,,,,,,,,,,,,,,,,,,,,,,,,,,,,,,,,,,332.7948163330002,332.80294466600026,333.2944085410054,333.2944085410054,333.3692846250051,333.3692846250051,334.0214957080025,right,1.2058245000007446,None,334.02162212500116,334.02168033300404,None,,,,,,,,,,,,21049991,0,2025-12-01_13h58.34.105,tilt_mocs,2024.2.4,120.47370212248029,2025-12-01 13h58.42.820009 -0500,
-1,0.0,,139,139,0,,,,,,,,,,c-1,noss,0,left,1.0057399579964112,None,None,,,,,,,,,,,0,139,139,800,334.03219566600455,,,,,,,,,,,,,,,,,,,,,,,,,,,,,,,,,,,,,,,,,,,,,,,,,,,,,,,,,,,,,,,,334.0238890410037,334.03219566600455,334.518852291003,334.518852291003,334.59253170800366,334.59253170800366,335.04321891600557,left,1.0057399579964112,None,335.04334050000034,335.043392874999,None,,,,,,,,,,,,21049991,0,2025-12-01_13h58.34.105,tilt_mocs,2024.2.4,120.47370212248029,2025-12-01 13h58.42.820009 -0500,
-6,-15.0,,140,140,0,,,,,,,,,,c-6,negs,100,left,0.9689442910021171,None,None,,,,,,,,,,,0,140,140,402,335.0691090410037,,,,,,,,,,,,,,,,,,,,,,,,,,,,,,,,,,,,,,,,,,,,,,,,,,,,,,,,,,,,,,,,335.04568354100047,335.0691090410037,335.5445981660014,335.5445981660014,335.61945125000057,335.61945125000057,336.04380983300507,left,0.9689442910021171,None,336.0439324160034,336.04398579100234,None,,,,,,,,,,,,21049991,0,2025-12-01_13h58.34.105,tilt_mocs,2024.2.4,120.47370212248029,2025-12-01 13h58.42.820009 -0500,
2,0.0,,141,141,0,,,,,,,,,,c+2,noss,0,right,0.9428794580016984,None,None,,,,,,,,,,,0,141,141,945,336.0542942500033,,,,,,,,,,,,,,,,,,,,,,,,,,,,,,,,,,,,,,,,,,,,,,,,,,,,,,,,,,,,,,,,336.04610229100217,336.0542942500033,336.54436541600444,336.54436541600444,336.61950941599935,336.61950941599935,337.00468812500185,right,0.9428794580016984,None,337.0048196249991,337.0048719580009,None,,,,,,,,,,,,21049991,0,2025-12-01_13h58.34.105,tilt_mocs,2024.2.4,120.47370212248029,2025-12-01 13h58.42.820009 -0500,
2,0.0,,142,142,0,,,,,,,,,,c+2,noss,0,right,0.9155804590045591,None,None,,,,,,,,,,,0,142,142,920,337.01544383299915,,,,,,,,,,,,,,,,,,,,,,,,,,,,,,,,,,,,,,,,,,,,,,,,,,,,,,,,,,,,,,,,337.00724012499995,337.01544383299915,337.50225758300076,337.50225758300076,337.5744971250024,337.5744971250024,337.938391458003,right,0.9155804590045591,None,337.93851245800033,337.9385646660012,None,,,,,,,,,,,,21049991,0,2025-12-01_13h58.34.105,tilt_mocs,2024.2.4,120.47370212248029,2025-12-01 13h58.42.820009 -0500,
-4,0.0,,143,143,0,,,,,,,,,,c-4,noss,0,right,1.0110092499962775,None,None,,,,,,,,,,,0,143,143,690,337.94844345800084,,,,,,,,,,,,,,,,,,,,,,,,,,,,,,,,,,,,,,,,,,,,,,,,,,,,,,,,,,,,,,,,337.94048816600116,337.94844345800084,338.4356838750027,338.4356838750027,338.50790129099914,338.50790129099914,338.9618531660017,right,1.0110092499962775,None,338.96195733300556,338.96199912500015,None,,,,,,,,,,,,21049991,0,2025-12-01_13h58.34.105,tilt_mocs,2024.2.4,120.47370212248029,2025-12-01 13h58.42.820009 -0500,
-6,-15.0,,144,144,0,,,,,,,,,,c-6,negs,100,left,0.9747622499999125,None,None,,,,,,,,,,,0,144,144,435,338.9720775829992,,,,,,,,,,,,,,,,,,,,,,,,,,,,,,,,,,,,,,,,,,,,,,,,,,,,,,,,,,,,,,,,338.96388183300587,338.9720775829992,339.46233987500455,339.46233987500455,339.5363277080032,339.5363277080032,339.9552992079989,left,0.9747622499999125,None,339.955445874999,339.9555005410002,None,,,,,,,,,,,,21049991,0,2025-12-01_13h58.34.105,tilt_mocs,2024.2.4,120.47370212248029,2025-12-01 13h58.42.820009 -0500,
-4,0.0,,145,145,0,,,,,,,,,,c-4,noss,0,left,0.9494817080048961,None,None,,,,,,,,,,,0,145,145,685,339.9665190000014,,,,,,,,,,,,,,,,,,,,,,,,,,,,,,,,,,,,,,,,,,,,,,,,,,,,,,,,,,,,,,,,339.9580822909993,339.9665190000014,340.4523787910002,340.4523787910002,340.5247962909998,340.5247962909998,340.92169704100525,left,0.9494817080048961,None,340.9218004159993,340.92184212500433,None,,,,,,,,,,,,21049991,0,2025-12-01_13h58.34.105,tilt_mocs,2024.2.4,120.47370212248029,2025-12-01 13h58.42.820009 -0500,
-6,-15.0,,146,146,0,,,,,,,,,,c-6,negs,100,left,0.9640467919962248,None,None,,,,,,,,,,,0,146,146,429,340.93189137500303,,,,,,,,,,,,,,,,,,,,,,,,,,,,,,,,,,,,,,,,,,,,,,,,,,,,,,,,,,,,,,,,340.92375162499957,340.93189137500303,341.4191142500058,341.4191142500058,341.4921334160026,341.4921334160026,341.90506483300123,left,0.9640467919962248,None,341.9051741660005,341.90521570800047,None,,,,,,,,,,,,21049991,0,2025-12-01_13h58.34.105,tilt_mocs,2024.2.4,120.47370212248029,2025-12-01 13h58.42.820009 -0500,
4,0.0,,147,147,0,,,,,,,,,,c+4,noss,0,right,0.9540066249974188,None,None,,,,,,,,,,,0,147,147,965,341.9154825000005,,,,,,,,,,,,,,,,,,,,,,,,,,,,,,,,,,,,,,,,,,,,,,,,,,,,,,,,,,,,,,,,341.9071040830022,341.9154825000005,342.40268479099905,342.40268479099905,342.4757759999993,342.4757759999993,342.8720080830026,right,0.9540066249974188,None,342.8721342909994,342.8721862080056,None,,,,,,,,,,,,21049991,0,2025-12-01_13h58.34.105,tilt_mocs,2024.2.4,120.47370212248029,2025-12-01 13h58.42.820009 -0500,
-4,-15.0,,148,148,0,,,,,,,,,,c-4,negs,100,right,0.989227457997913,None,None,,,,,,,,,,,0,148,148,461,342.8825095830034,,,,,,,,,,,,,,,,,,,,,,,,,,,,,,,,,,,,,,,,,,,,,,,,,,,,,,,,,,,,,,,,342.8743146660054,342.8825095830034,343.3691757500055,343.3691757500055,343.44130045800557,343.44130045800557,343.87698054100474,right,0.989227457997913,None,343.8770999160042,343.8771546659991,None,,,,,,,,,,,,21049991,0,2025-12-01_13h58.34.105,tilt_mocs,2024.2.4,120.47370212248029,2025-12-01 13h58.42.820009 -0500,
2,15.0,,149,149,0,,,,,,,,,,c+2,poss,100,right,0.9344869580017985,None,None,,,,,,,,,,,0,149,149,161,343.9027968330047,,,,,,,,,,,,,,,,,,,,,,,,,,,,,,,,,,,,,,,,,,,,,,,,,,,,,,,,,,,,,,,,343.8791207910035,343.9027968330047,344.37858025000605,344.37858025000605,344.4531236660041,344.4531236660041,344.8485767910024,right,0.9344869580017985,None,344.84868016600376,344.8487296660023,None,,,,,,,,,,,,21049991,0,2025-12-01_13h58.34.105,tilt_mocs,2024.2.4,120.47370212248029,2025-12-01 13h58.42.820009 -0500,
-2,0.0,,150,150,0,,,,,,,,,,c-2,noss,0,right,0.9141521250057849,None,None,,,,,,,,,,,0,150,150,751,344.8553170410014,,,,,,,,,,,,,,,,,,,,,,,,,,,,,,,,,,,,,,,,,,,,,,,,,,,,,,,,,,,,,,,,344.8506363750057,344.8553170410014,345.34501475000434,345.34501475000434,345.419751458001,345.419751458001,345.77234020800097,right,0.9141521250057849,None,345.7724942080022,345.7725495830018,None,,,,,,,,,,,,21049991,0,2025-12-01_13h58.34.105,tilt_mocs,2024.2.4,120.47370212248029,2025-12-01 13h58.42.820009 -0500,
-6,-15.0,,151,151,0,,,,,,,,,,c-6,negs,100,left,1.0289758750004694,None,None,,,,,,,,,,,0,151,151,439,345.7829470830038,,,,,,,,,,,,,,,,,,,,,,,,,,,,,,,,,,,,,,,,,,,,,,,,,,,,,,,,,,,,,,,,345.77463245800027,345.7829470830038,346.2693206660042,346.2693206660042,346.3416426660042,346.3416426660042,346.8222250000035,left,1.0289758750004694,None,346.8223287080036,346.82237058300234,None,,,,,,,,,,,,21049991,0,2025-12-01_13h58.34.105,tilt_mocs,2024.2.4,120.47370212248029,2025-12-01 13h58.42.820009 -0500,
8,15.0,,152,152,0,,,,,,,,,,c+8,poss,100,right,0.9378407080002944,None,None,,,,,,,,,,,0,152,152,315,346.83197425000253,,,,,,,,,,,,,,,,,,,,,,,,,,,,,,,,,,,,,,,,,,,,,,,,,,,,,,,,,,,,,,,,346.82426666600077,346.83197425000253,347.3194919160014,347.3194919160014,347.3912622909993,347.3912622909993,347.772279249999,right,0.9378407080002944,None,347.77241204100574,347.7724637499996,None,,,,,,,,,,,,21049991,0,2025-12-01_13h58.34.105,tilt_mocs,2024.2.4,120.47370212248029,2025-12-01 13h58.42.820009 -0500,
-1,0.0,,153,153,0,,,,,,,,,,c-1,noss,0,left,1.0207043330010492,None,None,,,,,,,,,,,0,153,153,802,347.7830894159997,,,,,,,,,,,,,,,,,,,,,,,,,,,,,,,,,,,,,,,,,,,,,,,,,,,,,,,,,,,,,,,,347.7748816250023,347.7830894159997,348.2693140830015,348.2693140830015,348.34217204100423,348.34217204100423,348.80673879100505,left,1.0207043330010492,None,348.80688754100265,348.80694487500296,None,,,,,,,,,,,,21049991,0,2025-12-01_13h58.34.105,tilt_mocs,2024.2.4,120.47370212248029,2025-12-01 13h58.42.820009 -0500,
2,15.0,,154,154,0,,,,,,,,,,c+2,poss,100,right,1.0027643749999697,None,None,,,,,,,,,,,0,154,154,138,348.8172118750008,,,,,,,,,,,,,,,,,,,,,,,,,,,,,,,,,,,,,,,,,,,,,,,,,,,,,,,,,,,,,,,,348.8091794580032,348.8172118750008,349.3027925830029,349.3027925830029,349.37506837500405,349.37506837500405,349.8225345000028,right,1.0027643749999697,None,349.82270404100564,349.8227939999997,None,,,,,,,,,,,,21049991,0,2025-12-01_13h58.34.105,tilt_mocs,2024.2.4,120.47370212248029,2025-12-01 13h58.42.820009 -0500,
-4,-15.0,,155,155,0,,,,,,,,,,c-4,negs,100,left,0.961204874998657,None,None,,,,,,,,,,,0,155,155,454,349.8335975000009,,,,,,,,,,,,,,,,,,,,,,,,,,,,,,,,,,,,,,,,,,,,,,,,,,,,,,,,,,,,,,,,349.8251760830026,349.8335975000009,350.3193452080013,350.3193452080013,350.39154904099996,350.39154904099996,350.8055605000045,left,0.961204874998657,None,350.80568516600033,350.8057384160056,None,,,,,,,,,,,,21049991,0,2025-12-01_13h58.34.105,tilt_mocs,2024.2.4,120.47370212248029,2025-12-01 13h58.42.820009 -0500,
-8,-15.0,,156,156,0,,,,,,,,,,c-8,negs,100,right,0.9430357919991366,None,None,,,,,,,,,,,0,156,156,370,350.8157261660017,,,,,,,,,,,,,,,,,,,,,,,,,,,,,,,,,,,,,,,,,,,,,,,,,,,,,,,,,,,,,,,,350.8078549999991,350.8157261660017,351.3027341660054,351.3027341660054,351.3758781659999,351.3758781659999,351.7618558329996,right,0.9430357919991366,None,351.7619597910016,351.7620027910016,None,,,,,,,,,,,,21049991,0,2025-12-01_13h58.34.105,tilt_mocs,2024.2.4,120.47370212248029,2025-12-01 13h58.42.820009 -0500,
2,-15.0,,157,157,0,,,,,,,,,,c+2,negs,100,right,1.094038625000394,None,None,,,,,,,,,,,0,157,157,623,351.7722734160052,,,,,,,,,,,,,,,,,,,,,,,,,,,,,,,,,,,,,,,,,,,,,,,,,,,,,,,,,,,,,,,,351.7639082080059,351.7722734160052,352.2623829580043,352.2623829580043,352.33674733299995,352.33674733299995,352.87202875000366,right,1.094038625000394,None,352.8721522910055,352.8722041660003,None,,,,,,,,,,,,21049991,0,2025-12-01_13h58.34.105,tilt_mocs,2024.2.4,120.47370212248029,2025-12-01 13h58.42.820009 -0500,
-4,-15.0,,158,158,0,,,,,,,,,,c-4,negs,100,right,0.9606200420021196,None,None,,,,,,,,,,,0,158,158,482,352.88230179100356,,,,,,,,,,,,,,,,,,,,,,,,,,,,,,,,,,,,,,,,,,,,,,,,,,,,,,,,,,,,,,,,352.87440370800323,352.88230179100356,353.36959541599936,353.36959541599936,353.4416744580012,353.4416744580012,353.8530692080021,right,0.9606200420021196,None,353.8531745,353.85321804100386,None,,,,,,,,,,,,21049991,0,2025-12-01_13h58.34.105,tilt_mocs,2024.2.4,120.47370212248029,2025-12-01 13h58.42.820009 -0500,
2,-15.0,,159,159,0,,,,,,,,,,c+2,negs,100,right,0.8976154580013826,None,None,,,,,,,,,,,0,159,159,621,353.8602982500015,,,,,,,,,,,,,,,,,,,,,,,,,,,,,,,,,,,,,,,,,,,,,,,,,,,,,,,,,,,,,,,,353.8551059160018,353.8602982500015,354.34517741600575,354.34517741600575,354.4202346660022,354.4202346660022,354.76223566599947,right,0.8976154580013826,None,354.7623577080012,354.7624113330021,None,,,,,,,,,,,,21049991,0,2025-12-01_13h58.34.105,tilt_mocs,2024.2.4,120.47370212248029,2025-12-01 13h58.42.820009 -0500,
-2,15.0,,160,160,0,,,,,,,,,,c-2,poss,100,right,1.0324087089975365,None,None,,,,,,,,,,,0,160,160,48,354.7728150410039,,,,,,,,,,,,,,,,,,,,,,,,,,,,,,,,,,,,,,,,,,,,,,,,,,,,,,,,,,,,,,,,354.76482224999927,354.7728150410039,355.26265483300085,355.26265483300085,355.3368563750046,355.3368563750046,355.81156729099894,right,1.0324087089975365,None,355.8116917080042,355.8117510830052,None,,,,,,,,,,,,21049991,0,2025-12-01_13h58.34.105,tilt_mocs,2024.2.4,120.47370212248029,2025-12-01 13h58.42.820009 -0500,
-2,15.0,,161,161,0,,,,,,,,,,c-2,poss,100,right,0.9670511660006014,None,None,,,,,,,,,,,0,161,161,51,355.8220145410014,,,,,,,,,,,,,,,,,,,,,,,,,,,,,,,,,,,,,,,,,,,,,,,,,,,,,,,,,,,,,,,,355.8137619160043,355.8220145410014,356.31208733300446,356.31208733300446,356.3869612080016,356.3869612080016,356.795517999999,right,0.9670511660006014,None,356.79564779100474,356.7957070410048,None,,,,,,,,,,,,21049991,0,2025-12-01_13h58.34.105,tilt_mocs,2024.2.4,120.47370212248029,2025-12-01 13h58.42.820009 -0500,
4,0.0,,162,162,0,,,,,,,,,,c+4,noss,0,right,1.065919667002163,None,None,,,,,,,,,,,0,162,162,1006,356.80607070800033,,,,,,,,,,,,,,,,,,,,,,,,,,,,,,,,,,,,,,,,,,,,,,,,,,,,,,,,,,,,,,,,356.7977827909999,356.80607070800033,357.2962313750031,357.2962313750031,357.3701769160034,357.3701769160034,357.8784891250034,right,1.065919667002163,None,357.87861112500104,357.87866249999934,None,,,,,,,,,,,,21049991,0,2025-12-01_13h58.34.105,tilt_mocs,2024.2.4,120.47370212248029,2025-12-01 13h58.42.820009 -0500,
2,0.0,,163,163,0,,,,,,,,,,c+2,noss,0,right,0.9721661250005127,None,None,,,,,,,,,,,0,163,163,919,357.8889927910059,,,,,,,,,,,,,,,,,,,,,,,,,,,,,,,,,,,,,,,,,,,,,,,,,,,,,,,,,,,,,,,,357.88074625000445,357.8889927910059,358.3792153750037,358.3792153750037,358.4536847910058,358.4536847910058,358.872802124999,right,0.9721661250005127,None,358.8730450000003,358.8731545410046,None,,,,,,,,,,,,21049991,0,2025-12-01_13h58.34.105,tilt_mocs,2024.2.4,120.47370212248029,2025-12-01 13h58.42.820009 -0500,
4,0.0,,164,164,0,,,,,,,,,,c+4,noss,0,right,0.9549829999959911,None,None,,,,,,,,,,,0,164,164,974,358.8837844160007,,,,,,,,,,,,,,,,,,,,,,,,,,,,,,,,,,,,,,,,,,,,,,,,,,,,,,,,,,,,,,,,358.8756996250013,358.8837844160007,359.3696851250061,359.3696851250061,359.4417097500045,359.4417097500045,359.8443304579996,right,0.9549829999959911,None,359.84445137500006,359.84450462500536,None,,,,,,,,,,,,21049991,0,2025-12-01_13h58.34.105,tilt_mocs,2024.2.4,120.47370212248029,2025-12-01 13h58.42.820009 -0500,
1,0.0,,165,165,0,,,,,,,,,,c+1,noss,0,right,1.0040256249994854,None,None,,,,,,,,,,,0,165,165,884,359.86985591600387,,,,,,,,,,,,,,,,,,,,,,,,,,,,,,,,,,,,,,,,,,,,,,,,,,,,,,,,,,,,,,,,359.8464827909993,359.86985591600387,360.34572054100136,360.34572054100136,360.42044129100395,360.42044129100395,360.8775090000054,right,1.0040256249994854,None,360.8776072500041,360.8776482500034,None,,,,,,,,,,,,21049991,0,2025-12-01_13h58.34.105,tilt_mocs,2024.2.4,120.47370212248029,2025-12-01 13h58.42.820009 -0500,
-2,-15.0,,166,166,0,,,,,,,,,,c-2,negs,100,left,1.0198454999990645,None,None,,,,,,,,,,,0,166,166,557,360.90333279100014,,,,,,,,,,,,,,,,,,,,,,,,,,,,,,,,,,,,,,,,,,,,,,,,,,,,,,,,,,,,,,,,360.8795363750032,360.90333279100014,361.3795579580037,361.3795579580037,361.4537202499996,361.4537202499996,361.927251041001,left,1.0198454999990645,None,361.92734625000594,361.9273865830037,None,,,,,,,,,,,,21049991,0,2025-12-01_13h58.34.105,tilt_mocs,2024.2.4,120.47370212248029,2025-12-01 13h58.42.820009 -0500,
0,15.0,,167,167,0,,,,,,,,,,c+0,poss,100,left,0.996228500000143,None,None,,,,,,,,,,,0,167,167,88,361.9373996659997,,,,,,,,,,,,,,,,,,,,,,,,,,,,,,,,,,,,,,,,,,,,,,,,,,,,,,,,,,,,,,,,361.9292500830052,361.9373996659997,362.4297785000017,362.4297785000017,362.50373895800294,362.50373895800294,362.93899062499986,left,0.996228500000143,None,362.9391256660019,362.9391777080018,None,,,,,,,,,,,,21049991,0,2025-12-01_13h58.34.105,tilt_mocs,2024.2.4,120.47370212248029,2025-12-01 13h58.42.820009 -0500,
-6,-15.0,,168,168,0,,,,,,,,,,c-6,negs,100,left,0.9987757920025615,None,None,,,,,,,,,,,0,168,168,392,362.9494703750024,,,,,,,,,,,,,,,,,,,,,,,,,,,,,,,,,,,,,,,,,,,,,,,,,,,,,,,,,,,,,,,,362.9415575410021,362.9494703750024,363.436705125001,363.436705125001,363.5088674159997,363.5088674159997,363.9558806250061,left,0.9987757920025615,None,363.9560072500026,363.9560604580038,None,,,,,,,,,,,,21049991,0,2025-12-01_13h58.34.105,tilt_mocs,2024.2.4,120.47370212248029,2025-12-01 13h58.42.820009 -0500,
0,-15.0,,169,169,0,,,,,,,,,,c+0,negs,100,right,0.980853749999369,None,None,,,,,,,,,,,0,169,169,566,363.96613074999914,,,,,,,,,,,,,,,,,,,,,,,,,,,,,,,,,,,,,,,,,,,,,,,,,,,,,,,,,,,,,,,,363.9580530000021,363.96613074999914,364.45317587500176,364.45317587500176,364.5251566250008,364.5251566250008,364.9561065000016,right,0.980853749999369,None,364.95631858300476,364.9564244159992,None,,,,,,,,,,,,21049991,0,2025-12-01_13h58.34.105,tilt_mocs,2024.2.4,120.47370212248029,2025-12-01 13h58.42.820009 -0500,
-8,-15.0,,170,170,0,,,,,,,,,,c-8,negs,100,left,1.0259589170018444,None,None,,,,,,,,,,,0,170,170,373,364.96684841599927,,,,,,,,,,,,,,,,,,,,,,,,,,,,,,,,,,,,,,,,,,,,,,,,,,,,,,,,,,,,,,,,364.9587749160055,364.96684841599927,365.45324679100304,365.45324679100304,365.52537958299945,365.52537958299945,365.9953745000021,left,1.0259589170018444,None,365.9955097080019,365.9955563330004,None,,,,,,,,,,,,21049991,0,2025-12-01_13h58.34.105,tilt_mocs,2024.2.4,120.47370212248029,2025-12-01 13h58.42.820009 -0500,
2,15.0,,171,171,0,,,,,,,,,,c+2,poss,100,right,1.0175207080028486,None,None,,,,,,,,,,,0,171,171,120,366.0052727910006,,,,,,,,,,,,,,,,,,,,,,,,,,,,,,,,,,,,,,,,,,,,,,,,,,,,,,,,,,,,,,,,365.9974432500021,366.0052727910006,366.49532166599965,366.49532166599965,366.5705385830006,366.5705385830006,367.02784383300605,right,1.0175207080028486,None,367.0279492910049,367.02799145800236,None,,,,,,,,,,,,21049991,0,2025-12-01_13h58.34.105,tilt_mocs,2024.2.4,120.47370212248029,2025-12-01 13h58.42.820009 -0500,
8,15.0,,172,172,0,,,,,,,,,,c+8,poss,100,left,0.9534926249980344,None,None,,,,,,,,,,,0,172,172,332,367.0535314160006,,,,,,,,,,,,,,,,,,,,,,,,,,,,,,,,,,,,,,,,,,,,,,,,,,,,,,,,,,,,,,,,367.02990200000204,367.0535314160006,367.52953445800085,367.52953445800085,367.60387033300503,367.60387033300503,368.0118107080052,left,0.9534926249980344,None,368.0119305000044,368.01198250000016,None,,,,,,,,,,,,21049991,0,2025-12-01_13h58.34.105,tilt_mocs,2024.2.4,120.47370212248029,2025-12-01 13h58.42.820009 -0500,
0,-15.0,,173,173,0,,,,,,,,,,c+0,negs,100,left,1.3583962919947226,None,None,,,,,,,,,,,0,173,173,572,368.0223335410046,,,,,,,,,,,,,,,,,,,,,,,,,,,,,,,,,,,,,,,,,,,,,,,,,,,,,,,,,,,,,,,,368.0139990000025,368.0223335410046,368.5131007500022,368.5131007500022,368.5870655000035,368.5870655000035,369.3900122500054,left,1.3583962919947226,None,369.3901409579994,369.3901983750038,None,,,,,,,,,,,,21049991,0,2025-12-01_13h58.34.105,tilt_mocs,2024.2.4,120.47370212248029,2025-12-01 13h58.42.820009 -0500,
-4,-15.0,,174,174,0,,,,,,,,,,c-4,negs,100,left,1.3628698750035255,None,None,,,,,,,,,,,0,174,174,499,369.4011490410048,,,,,,,,,,,,,,,,,,,,,,,,,,,,,,,,,,,,,,,,,,,,,,,,,,,,,,,,,,,,,,,,369.3926692910027,369.4011490410048,369.8867087910039,369.8867087910039,369.96058866599924,369.96058866599924,370.7727869580049,left,1.3628698750035255,None,370.77289675000065,370.7729390000022,None,,,,,,,,,,,,21049991,0,2025-12-01_13h58.34.105,tilt_mocs,2024.2.4,120.47370212248029,2025-12-01 13h58.42.820009 -0500,
-2,0.0,,175,175,0,,,,,,,,,,c-2,noss,0,left,1.1165739170028246,None,None,,,,,,,,,,,0,175,175,769,370.78296145800414,,,,,,,,,,,,,,,,,,,,,,,,,,,,,,,,,,,,,,,,,,,,,,,,,,,,,,,,,,,,,,,,370.774834833006,370.78296145800414,371.27011091600434,371.27011091600434,371.3422586660017,371.3422586660017,371.9061462910031,left,1.1165739170028246,None,371.9062763330003,371.90632812500553,None,,,,,,,,,,,,21049991,0,2025-12-01_13h58.34.105,tilt_mocs,2024.2.4,120.47370212248029,2025-12-01 13h58.42.820009 -0500,
6,15.0,,176,176,0,,,,,,,,,,c+6,poss,100,right,1.0407047499975306,None,None,,,,,,,,,,,0,176,176,225,371.9168755409992,,,,,,,,,,,,,,,,,,,,,,,,,,,,,,,,,,,,,,,,,,,,,,,,,,,,,,,,,,,,,,,,371.9086410000018,371.9168755409992,372.4035490000024,372.4035490000024,372.47588095800165,372.47588095800165,372.96198862500023,right,1.0407047499975306,None,372.962089790999,372.96213125000213,None,,,,,,,,,,,,21049991,0,2025-12-01_13h58.34.105,tilt_mocs,2024.2.4,120.47370212248029,2025-12-01 13h58.42.820009 -0500,
-2,0.0,,177,177,0,,,,,,,,,,c-2,noss,0,right,1.2821448329996201,None,None,,,,,,,,,,,0,177,177,745,372.97225404100027,,,,,,,,,,,,,,,,,,,,,,,,,,,,,,,,,,,,,,,,,,,,,,,,,,,,,,,,,,,,,,,,372.9640484160045,372.97225404100027,373.4631733330025,373.4631733330025,373.53734441599954,373.53734441599954,374.25737545800075,right,1.2821448329996201,None,374.257513250006,374.2575709580051,None,,,,,,,,,,,,21049991,0,2025-12-01_13h58.34.105,tilt_mocs,2024.2.4,120.47370212248029,2025-12-01 13h58.42.820009 -0500,
-4,0.0,,178,178,0,,,,,,,,,,c-4,noss,0,left,1.1929765829991084,None,None,,,,,,,,,,,0,178,178,711,374.268011416003,,,,,,,,,,,,,,,,,,,,,,,,,,,,,,,,,,,,,,,,,,,,,,,,,,,,,,,,,,,,,,,,374.25973325000086,374.268011416003,374.7535780830003,374.7535780830003,374.8256036660023,374.8256036660023,375.4735276659994,left,1.1929765829991084,None,375.4736793330012,375.4737425830026,None,,,,,,,,,,,,21049991,0,2025-12-01_13h58.34.105,tilt_mocs,2024.2.4,120.47370212248029,2025-12-01 13h58.42.820009 -0500,
-4,-15.0,,179,179,0,,,,,,,,,,c-4,negs,100,left,1.2372644580027554,None,None,,,,,,,,,,,0,179,179,492,375.4842310000022,,,,,,,,,,,,,,,,,,,,,,,,,,,,,,,,,,,,,,,,,,,,,,,,,,,,,,,,,,,,,,,,375.4760070410048,375.4842310000022,375.9703737500022,375.9703737500022,376.0423203329992,376.0423203329992,376.72455904100207,left,1.2372644580027554,None,376.7247024160024,376.724778415999,None,,,,,,,,,,,,21049991,0,2025-12-01_13h58.34.105,tilt_mocs,2024.2.4,120.47370212248029,2025-12-01 13h58.42.820009 -0500,
4,0.0,,180,180,0,,,,,,,,,,c+4,noss,0,right,1.0471705419986392,None,None,,,,,,,,,,,0,180,180,983,376.73528604100284,,,,,,,,,,,,,,,,,,,,,,,,,,,,,,,,,,,,,,,,,,,,,,,,,,,,,,,,,,,,,,,,376.72696087499935,376.73528604100284,377.22043054100504,377.22043054100504,377.2932517500012,377.2932517500012,377.78987274999963,right,1.0471705419986392,None,377.79000058300153,377.7900523330027,None,,,,,,,,,,,,21049991,0,2025-12-01_13h58.34.105,tilt_mocs,2024.2.4,120.47370212248029,2025-12-01 13h58.42.820009 -0500,
4,15.0,,181,181,0,,,,,,,,,,c+4,poss,100,right,1.0390474160012673,None,None,,,,,,,,,,,0,181,181,168,377.80026162500144,,,,,,,,,,,,,,,,,,,,,,,,,,,,,,,,,,,,,,,,,,,,,,,,,,,,,,,,,,,,,,,,377.79220187500323,377.80026162500144,378.2870404999994,378.2870404999994,378.3595151660047,378.3595151660047,378.84572258300614,right,1.0390474160012673,None,378.8458530409989,378.8459069580058,None,,,,,,,,,,,,21049991,0,2025-12-01_13h58.34.105,tilt_mocs,2024.2.4,120.47370212248029,2025-12-01 13h58.42.820009 -0500,
-1,0.0,,182,182,0,,,,,,,,,,c-1,noss,0,right,1.0525350420066388,None,None,,,,,,,,,,,0,182,182,814,378.8565059160028,,,,,,,,,,,,,,,,,,,,,,,,,,,,,,,,,,,,,,,,,,,,,,,,,,,,,,,,,,,,,,,,378.84788066600595,378.8565059160028,379.34619137499976,379.34619137499976,379.42099654100457,379.42099654100457,379.913060208004,right,1.0525350420066388,None,379.91318783300085,379.91323950000515,None,,,,,,,,,,,,21049991,0,2025-12-01_13h58.34.105,tilt_mocs,2024.2.4,120.47370212248029,2025-12-01 13h58.42.820009 -0500,
-4,-15.0,,183,183,0,,,,,,,,,,c-4,negs,100,right,1.0750782079994678,None,None,,,,,,,,,,,0,183,183,478,379.9233200000017,,,,,,,,,,,,,,,,,,,,,,,,,,,,,,,,,,,,,,,,,,,,,,,,,,,,,,,,,,,,,,,,379.9154433330041,379.9233200000017,380.41297516600025,380.41297516600025,380.48765204100346,380.48765204100346,381.00693054099975,right,1.0750782079994678,None,381.0071035830042,381.0071649580059,None,,,,,,,,,,,,21049991,0,2025-12-01_13h58.34.105,tilt_mocs,2024.2.4,120.47370212248029,2025-12-01 13h58.42.820009 -0500,
0,-15.0,,184,184,0,,,,,,,,,,c+0,negs,100,right,1.0267116670001997,None,None,,,,,,,,,,,0,184,184,590,381.01840133299993,,,,,,,,,,,,,,,,,,,,,,,,,,,,,,,,,,,,,,,,,,,,,,,,,,,,,,,,,,,,,,,,381.0101162080027,381.01840133299993,381.50388566600304,381.50388566600304,381.57715162500244,381.57715162500244,382.05667487500614,right,1.0267116670001997,None,382.05682879099913,382.0568897080011,None,,,,,,,,,,,,21049991,0,2025-12-01_13h58.34.105,tilt_mocs,2024.2.4,120.47370212248029,2025-12-01 13h58.42.820009 -0500,
1,0.0,,185,185,0,,,,,,,,,,c+1,noss,0,right,0.9997119580002618,None,None,,,,,,,,,,,0,185,185,845,382.0675519159995,,,,,,,,,,,,,,,,,,,,,,,,,,,,,,,,,,,,,,,,,,,,,,,,,,,,,,,,,,,,,,,,382.05952962500305,382.0675519159995,382.55391458300437,382.55391458300437,382.62607620800554,382.62607620800554,383.07401604100596,right,0.9997119580002618,None,383.07415683300496,383.0742109999992,None,,,,,,,,,,,,21049991,0,2025-12-01_13h58.34.105,tilt_mocs,2024.2.4,120.47370212248029,2025-12-01 13h58.42.820009 -0500,
-8,-15.0,,186,186,0,,,,,,,,,,c-8,negs,100,left,1.0311006670017377,None,None,,,,,,,,,,,0,186,186,387,383.08510266600206,,,,,,,,,,,,,,,,,,,,,,,,,,,,,,,,,,,,,,,,,,,,,,,,,,,,,,,,,,,,,,,,383.07665329100564,383.08510266600206,383.57069908300036,383.57069908300036,383.64297020800586,383.64297020800586,384.12312616599957,left,1.0311006670017377,None,384.12325358300586,384.123305041001,None,,,,,,,,,,,,21049991,0,2025-12-01_13h58.34.105,tilt_mocs,2024.2.4,120.47370212248029,2025-12-01 13h58.42.820009 -0500,
4,15.0,,187,187,0,,,,,,,,,,c+4,poss,100,right,1.0052408329938771,None,None,,,,,,,,,,,0,187,187,204,384.1332660830012,,,,,,,,,,,,,,,,,,,,,,,,,,,,,,,,,,,,,,,,,,,,,,,,,,,,,,,,,,,,,,,,384.12536266600364,384.1332660830012,384.62068770800397,384.62068770800397,384.6934760830045,384.6934760830045,385.1408713750061,right,1.0052408329938771,None,385.140983958001,385.1410280410055,None,,,,,,,,,,,,21049991,0,2025-12-01_13h58.34.105,tilt_mocs,2024.2.4,120.47370212248029,2025-12-01 13h58.42.820009 -0500,
2,0.0,,188,188,0,,,,,,,,,,c+2,noss,0,right,0.9733538750006119,None,None,,,,,,,,,,,0,188,188,933,385.15088520800055,,,,,,,,,,,,,,,,,,,,,,,,,,,,,,,,,,,,,,,,,,,,,,,,,,,,,,,,,,,,,,,,385.1430353750038,385.15088520800055,385.6372947500058,385.6372947500058,385.7098657910028,385.7098657910028,386.1280672080029,right,0.9733538750006119,None,386.1281652079997,386.128206666006,None,,,,,,,,,,,,21049991,0,2025-12-01_13h58.34.105,tilt_mocs,2024.2.4,120.47370212248029,2025-12-01 13h58.42.820009 -0500,
4,0.0,,189,189,0,,,,,,,,,,c+4,noss,0,right,0.9256176249982673,None,None,,,,,,,,,,,0,189,189,976,386.13818795800034,,,,,,,,,,,,,,,,,,,,,,,,,,,,,,,,,,,,,,,,,,,,,,,,,,,,,,,,,,,,,,,,386.1301070410045,386.13818795800034,386.62954283300496,386.62954283300496,386.7045359160038,386.7045359160038,387.0737365829991,right,0.9256176249982673,None,387.0739019160028,387.0739592500031,None,,,,,,,,,,,,21049991,0,2025-12-01_13h58.34.105,tilt_mocs,2024.2.4,120.47370212248029,2025-12-01 13h58.42.820009 -0500,
2,15.0,,190,190,0,,,,,,,,,,c+2,poss,100,left,1.0151210839976557,None,None,,,,,,,,,,,0,190,190,148,387.0845694160016,,,,,,,,,,,,,,,,,,,,,,,,,,,,,,,,,,,,,,,,,,,,,,,,,,,,,,,,,,,,,,,,387.07631033300277,387.0845694160016,387.57074616600585,387.57074616600585,387.6431295000002,387.6431295000002,388.10729391600034,left,1.0151210839976557,None,388.1074450830056,388.1075310410015,None,,,,,,,,,,,,21049991,0,2025-12-01_13h58.34.105,tilt_mocs,2024.2.4,120.47370212248029,2025-12-01 13h58.42.820009 -0500,
-2,15.0,,191,191,0,,,,,,,,,,c-2,poss,100,right,0.053292165997845586,None,None,,,,,,,,,,,0,191,191,5,388.11842045800586,,,,,,,,,,,,,,,,,,,,,,,,,,,,,,,,,,,,,,,,,,,,,,,,,,,,,,,,,,,,,,,,388.110175875001,388.11842045800586,,,,,388.17604133300483,right,0.053292165997845586,None,388.1761586249995,388.1762004580014,None,,,,,,,,,,,,21049991,0,2025-12-01_13h58.34.105,tilt_mocs,2024.2.4,120.47370212248029,2025-12-01 13h58.42.820009 -0500,
-2,0.0,,192,192,0,,,,,,,,,,c-2,noss,0,left,1.1571820000026491,None,None,,,,,,,,,,,0,192,192,731,388.18609266600106,,,,,,,,,,,,,,,,,,,,,,,,,,,,,,,,,,,,,,,,,,,,,,,,,,,,,,,,,,,,,,,,388.17820058300276,388.18609266600106,388.6707548330014,388.6707548330014,388.7433570830035,388.7433570830035,389.34598079100397,left,1.1571820000026491,None,389.3461268750034,389.34617858300044,None,,,,,,,,,,,,21049991,0,2025-12-01_13h58.34.105,tilt_mocs,2024.2.4,120.47370212248029,2025-12-01 13h58.42.820009 -0500,
0,-15.0,,193,193,0,,,,,,,,,,c+0,negs,100,right,1.046998915997392,None,None,,,,,,,,,,,0,193,193,587,389.3568180000002,,,,,,,,,,,,,,,,,,,,,,,,,,,,,,,,,,,,,,,,,,,,,,,,,,,,,,,,,,,,,,,,389.3484346660043,389.3568180000002,389.8462240000008,389.8462240000008,389.9213316660025,389.9213316660025,390.40691770800186,right,1.046998915997392,None,390.4070191659994,390.4070590830015,None,,,,,,,,,,,,21049991,0,2025-12-01_13h58.34.105,tilt_mocs,2024.2.4,120.47370212248029,2025-12-01 13h58.42.820009 -0500,
8,15.0,,194,194,0,,,,,,,,,,c+8,poss,100,right,1.0657932090034592,None,None,,,,,,,,,,,0,194,194,307,390.41706500000146,,,,,,,,,,,,,,,,,,,,,,,,,,,,,,,,,,,,,,,,,,,,,,,,,,,,,,,,,,,,,,,,390.408974416001,390.41706500000146,390.904185708001,390.904185708001,390.9775772080029,390.9775772080029,391.49012754100113,right,1.0657932090034592,None,391.49025841600087,391.4903119160008,None,,,,,,,,,,,,21049991,0,2025-12-01_13h58.34.105,tilt_mocs,2024.2.4,120.47370212248029,2025-12-01 13h58.42.820009 -0500,
-1,0.0,,195,195,0,,,,,,,,,,c-1,noss,0,left,1.0735465830002795,None,None,,,,,,,,,,,0,195,195,795,391.5002560830035,,,,,,,,,,,,,,,,,,,,,,,,,,,,,,,,,,,,,,,,,,,,,,,,,,,,,,,,,,,,,,,,391.4923037080007,391.5002560830035,391.98769929099944,391.98769929099944,392.05961370799923,392.05961370799923,392.58090916600486,left,1.0735465830002795,None,392.58104741600255,392.5811068750045,None,,,,,,,,,,,,21049991,0,2025-12-01_13h58.34.105,tilt_mocs,2024.2.4,120.47370212248029,2025-12-01 13h58.42.820009 -0500,
-4,0.0,,196,196,0,,,,,,,,,,c-4,noss,0,left,0.9658200409976416,None,None,,,,,,,,,,,0,196,196,674,392.59064741600014,,,,,,,,,,,,,,,,,,,,,,,,,,,,,,,,,,,,,,,,,,,,,,,,,,,,,,,,,,,,,,,,392.58320545800234,392.59064741600014,393.0798281660027,393.0798281660027,393.1548307500052,393.1548307500052,393.56278470800316,left,0.9658200409976416,None,393.5628889159998,393.56294500000513,None,,,,,,,,,,,,21049991,0,2025-12-01_13h58.34.105,tilt_mocs,2024.2.4,120.47370212248029,2025-12-01 13h58.42.820009 -0500,
2,0.0,,197,197,0,,,,,,,,,,c+2,noss,0,right,0.9544028329983121,None,None,,,,,,,,,,,0,197,197,922,393.57298091600387,,,,,,,,,,,,,,,,,,,,,,,,,,,,,,,,,,,,,,,,,,,,,,,,,,,,,,,,,,,,,,,,393.56484608300525,393.57298091600387,394.06379616600316,394.06379616600316,394.13820233300066,394.13820233300066,394.5299546660026,right,0.9544028329983121,None,394.5300760829996,394.5301364160041,None,,,,,,,,,,,,21049991,0,2025-12-01_13h58.34.105,tilt_mocs,2024.2.4,120.47370212248029,2025-12-01 13h58.42.820009 -0500,
-8,-15.0,,198,198,0,,,,,,,,,,c-8,negs,100,left,0.9767954169947188,None,None,,,,,,,,,,,0,198,198,381,394.540487708,,,,,,,,,,,,,,,,,,,,,,,,,,,,,,,,,,,,,,,,,,,,,,,,,,,,,,,,,,,,,,,,394.5323660830036,394.540487708,395.02968279100605,395.02968279100605,395.10481195800094,395.10481195800094,395.5233163330049,left,0.9767954169947188,None,395.52341512500425,395.5234629580009,None,,,,,,,,,,,,21049991,0,2025-12-01_13h58.34.105,tilt_mocs,2024.2.4,120.47370212248029,2025-12-01 13h58.42.820009 -0500,
0,15.0,,199,199,0,,,,,,,,,,c+0,poss,100,right,1.0466783329975442,None,None,,,,,,,,,,,0,199,199,56,395.5334453329997,,,,,,,,,,,,,,,,,,,,,,,,,,,,,,,,,,,,,,,,,,,,,,,,,,,,,,,,,,,,,,,,395.5253532909992,395.5334453329997,396.02111033300025,396.02111033300025,396.0932346250047,396.0932346250047,396.5904244160047,right,1.0466783329975442,None,396.5905477910055,396.59060033300193,None,,,,,,,,,,,,21049991,0,2025-12-01_13h58.34.105,tilt_mocs,2024.2.4,120.47370212248029,2025-12-01 13h58.42.820009 -0500,
1,0.0,,200,200,0,,,,,,,,,,c+1,noss,0,right,1.263075499999104,None,None,,,,,,,,,,,0,200,200,852,396.6008369580013,,,,,,,,,,,,,,,,,,,,,,,,,,,,,,,,,,,,,,,,,,,,,,,,,,,,,,,,,,,,,,,,396.5928030830037,396.6008369580013,397.0877139160002,397.0877139160002,397.1598801250002,397.1598801250002,397.87403733300016,right,1.263075499999104,None,397.8741984580047,397.87425229100336,None,,,,,,,,,,,,21049991,0,2025-12-01_13h58.34.105,tilt_mocs,2024.2.4,120.47370212248029,2025-12-01 13h58.42.820009 -0500,
2,-15.0,,201,201,0,,,,,,,,,,c+2,negs,100,right,1.094171707998612,None,None,,,,,,,,,,,0,201,201,668,397.88500141600525,,,,,,,,,,,,,,,,,,,,,,,,,,,,,,,,,,,,,,,,,,,,,,,,,,,,,,,,,,,,,,,,397.87668629100517,397.88500141600525,398.3710505410054,398.3710505410054,398.44344704100513,398.44344704100513,398.9904787500054,right,1.094171707998612,None,398.9906085410039,398.9906688750052,None,,,,,,,,,,,,21049991,0,2025-12-01_13h58.34.105,tilt_mocs,2024.2.4,120.47370212248029,2025-12-01 13h58.42.820009 -0500,
2,0.0,,202,202,0,,,,,,,,,,c+2,noss,0,right,0.9432829580036923,None,None,,,,,,,,,,,0,202,202,937,399.00082145800116,,,,,,,,,,,,,,,,,,,,,,,,,,,,,,,,,,,,,,,,,,,,,,,,,,,,,,,,,,,,,,,,398.99278420799965,399.00082145800116,399.4878722499998,399.4878722499998,399.5603072080048,399.5603072080048,399.9549790000019,right,0.9432829580036923,None,399.95508233299915,399.95513375000155,None,,,,,,,,,,,,21049991,0,2025-12-01_13h58.34.105,tilt_mocs,2024.2.4,120.47370212248029,2025-12-01 13h58.42.820009 -0500,
-8,-15.0,,203,203,0,,,,,,,,,,c-8,negs,100,left,1.0026071250031237,None,None,,,,,,,,,,,0,203,203,349,399.96247104099893,,,,,,,,,,,,,,,,,,,,,,,,,,,,,,,,,,,,,,,,,,,,,,,,,,,,,,,,,,,,,,,,399.9570027910013,399.96247104099893,400.44734420800523,400.44734420800523,400.52174491600454,400.52174491600454,400.97402445800253,left,1.0026071250031237,None,400.97417575000145,400.9742337909993,None,,,,,,,,,,,,21049991,0,2025-12-01_13h58.34.105,tilt_mocs,2024.2.4,120.47370212248029,2025-12-01 13h58.42.820009 -0500,
0,-15.0,,204,204,0,,,,,,,,,,c+0,negs,100,right,1.0251931249949848,None,None,,,,,,,,,,,0,204,204,608,400.984821541002,,,,,,,,,,,,,,,,,,,,,,,,,,,,,,,,,,,,,,,,,,,,,,,,,,,,,,,,,,,,,,,,400.9765085830004,400.984821541002,401.47117408300255,401.47117408300255,401.5432582499998,401.5432582499998,402.01277679100167,right,1.0251931249949848,None,402.01290325000446,402.01295441600087,None,,,,,,,,,,,,21049991,0,2025-12-01_13h58.34.105,tilt_mocs,2024.2.4,120.47370212248029,2025-12-01 13h58.42.820009 -0500,
-6,-15.0,,205,205,0,,,,,,,,,,c-6,negs,100,left,1.1113897500035819,None,None,,,,,,,,,,,0,205,205,394,402.02325858300173,,,,,,,,,,,,,,,,,,,,,,,,,,,,,,,,,,,,,,,,,,,,,,,,,,,,,,,,,,,,,,,,402.0149253330019,402.02325858300173,402.5135163750019,402.5135163750019,402.5885564160053,402.5885564160053,403.1411585829992,left,1.1113897500035819,None,403.1414165410024,403.1415061250009,None,,,,,,,,,,,,21049991,0,2025-12-01_13h58.34.105,tilt_mocs,2024.2.4,120.47370212248029,2025-12-01 13h58.42.820009 -0500,
0,-15.0,,206,206,0,,,,,,,,,,c+0,negs,100,right,1.0097868329976336,None,None,,,,,,,,,,,0,206,206,612,403.15287633300613,,,,,,,,,,,,,,,,,,,,,,,,,,,,,,,,,,,,,,,,,,,,,,,,,,,,,,,,,,,,,,,,403.14407991600456,403.15287633300613,403.63822274999984,403.63822274999984,403.7110260000045,403.7110260000045,404.1742154580061,right,1.0097868329976336,None,404.17431658300484,404.1743585000004,None,,,,,,,,,,,,21049991,0,2025-12-01_13h58.34.105,tilt_mocs,2024.2.4,120.47370212248029,2025-12-01 13h58.42.820009 -0500,
2,-15.0,,207,207,0,,,,,,,,,,c+2,negs,100,right,0.9529011249978794,None,None,,,,,,,,,,,0,207,207,670,404.1884636660034,,,,,,,,,,,,,,,,,,,,,,,,,,,,,,,,,,,,,,,,,,,,,,,,,,,,,,,,,,,,,,,,404.1762686250004,404.1884636660034,404.6712912080038,404.6712912080038,404.7436743750004,404.7436743750004,405.14642562500376,right,0.9529011249978794,None,405.1465462080014,405.14659779100475,None,,,,,,,,,,,,21049991,0,2025-12-01_13h58.34.105,tilt_mocs,2024.2.4,120.47370212248029,2025-12-01 13h58.42.820009 -0500,
1,0.0,,208,208,0,,,,,,,,,,c+1,noss,0,right,0.9584851659965352,None,None,,,,,,,,,,,0,208,208,879,405.1570183750009,,,,,,,,,,,,,,,,,,,,,,,,,,,,,,,,,,,,,,,,,,,,,,,,,,,,,,,,,,,,,,,,405.1486736250008,405.1570183750009,405.647648750004,405.647648750004,405.7218870409997,405.7218870409997,406.12435304099927,right,0.9584851659965352,None,406.1245030830032,406.12456154100073,None,,,,,,,,,,,,21049991,0,2025-12-01_13h58.34.105,tilt_mocs,2024.2.4,120.47370212248029,2025-12-01 13h58.42.820009 -0500,
-1,0.0,,209,209,0,,,,,,,,,,c-1,noss,0,right,0.9606825829978334,None,None,,,,,,,,,,,0,209,209,793,406.1356485830038,,,,,,,,,,,,,,,,,,,,,,,,,,,,,,,,,,,,,,,,,,,,,,,,,,,,,,,,,,,,,,,,406.12723187500524,406.1356485830038,406.6214888329996,406.6214888329996,406.693402416,406.693402416,407.10751708300086,right,0.9606825829978334,None,407.1076202910044,407.1076618330044,None,,,,,,,,,,,,21049991,0,2025-12-01_13h58.34.105,tilt_mocs,2024.2.4,120.47370212248029,2025-12-01 13h58.42.820009 -0500,
-2,0.0,,210,210,0,,,,,,,,,,c-2,noss,0,right,0.9442179999969085,None,None,,,,,,,,,,,0,210,210,742,407.11777008300123,,,,,,,,,,,,,,,,,,,,,,,,,,,,,,,,,,,,,,,,,,,,,,,,,,,,,,,,,,,,,,,,407.1095403330037,407.11777008300123,407.60469116600143,407.60469116600143,407.6768262080004,407.6768262080004,408.06507054100075,right,0.9442179999969085,None,408.0652027910037,408.0652565410055,None,,,,,,,,,,,,21049991,0,2025-12-01_13h58.34.105,tilt_mocs,2024.2.4,120.47370212248029,2025-12-01 13h58.42.820009 -0500,
4,15.0,,211,211,0,,,,,,,,,,c+4,poss,100,right,1.2490495419988292,None,None,,,,,,,,,,,0,211,211,197,408.07504383299965,,,,,,,,,,,,,,,,,,,,,,,,,,,,,,,,,,,,,,,,,,,,,,,,,,,,,,,,,,,,,,,,408.0673520410055,408.07504383299965,408.56448037500377,408.56448037500377,408.6386385000005,408.6386385000005,409.32933929100545,right,1.2490495419988292,None,409.32943825000257,409.3294808330029,None,,,,,,,,,,,,21049991,0,2025-12-01_13h58.34.105,tilt_mocs,2024.2.4,120.47370212248029,2025-12-01 13h58.42.820009 -0500,
6,15.0,,212,212,0,,,,,,,,,,c+6,poss,100,right,0.9884793750024983,None,None,,,,,,,,,,,0,212,212,256,409.35511679100455,,,,,,,,,,,,,,,,,,,,,,,,,,,,,,,,,,,,,,,,,,,,,,,,,,,,,,,,,,,,,,,,409.33137766599975,409.35511679100455,409.83049841600587,409.83049841600587,409.905495125,409.905495125,410.3472297910048,right,0.9884793750024983,None,410.3473585000029,410.34740395800327,None,,,,,,,,,,,,21049991,0,2025-12-01_13h58.34.105,tilt_mocs,2024.2.4,120.47370212248029,2025-12-01 13h58.42.820009 -0500,
-4,-15.0,,213,213,0,,,,,,,,,,c-4,negs,100,right,1.0089546669987612,None,None,,,,,,,,,,,0,213,213,468,410.3575385000004,,,,,,,,,,,,,,,,,,,,,,,,,,,,,,,,,,,,,,,,,,,,,,,,,,,,,,,,,,,,,,,,410.34933200000523,410.3575385000004,410.8479385000028,410.8479385000028,410.9223229160052,410.9223229160052,411.3745239999989,right,1.0089546669987612,None,411.3747631660008,411.374880125004,None,,,,,,,,,,,,21049991,0,2025-12-01_13h58.34.105,tilt_mocs,2024.2.4,120.47370212248029,2025-12-01 13h58.42.820009 -0500,
-6,-15.0,,214,214,0,,,,,,,,,,c-6,negs,100,right,0.914494291995652,None,None,,,,,,,,,,,0,214,214,416,411.38571562500147,,,,,,,,,,,,,,,,,,,,,,,,,,,,,,,,,,,,,,,,,,,,,,,,,,,,,,,,,,,,,,,,411.37732625000353,411.38571562500147,411.8716435410024,411.8716435410024,411.9443046250017,411.9443046250017,412.30762062500435,right,0.914494291995652,None,412.3077505830006,412.30780233300175,None,,,,,,,,,,,,21049991,0,2025-12-01_13h58.34.105,tilt_mocs,2024.2.4,120.47370212248029,2025-12-01 13h58.42.820009 -0500,
-6,-15.0,,215,215,0,,,,,,,,,,c-6,negs,100,right,0.9763376249975408,None,None,,,,,,,,,,,0,215,215,413,412.3177323330019,,,,,,,,,,,,,,,,,,,,,,,,,,,,,,,,,,,,,,,,,,,,,,,,,,,,,,,,,,,,,,,,412.30980329100566,412.3177323330019,412.8049375000046,412.8049375000046,412.87708125000063,412.87708125000063,413.2973462500013,right,0.9763376249975408,None,413.29748195800494,413.2975394160021,None,,,,,,,,,,,,21049991,0,2025-12-01_13h58.34.105,tilt_mocs,2024.2.4,120.47370212248029,2025-12-01 13h58.42.820009 -0500,
4,0.0,,216,216,0,,,,,,,,,,c+4,noss,0,right,0.9855469579997589,None,None,,,,,,,,,,,0,216,216,963,413.3078393329997,,,,,,,,,,,,,,,,,,,,,,,,,,,,,,,,,,,,,,,,,,,,,,,,,,,,,,,,,,,,,,,,413.29968754100264,413.3078393329997,413.7981800830021,413.7981800830021,413.872216415999,413.872216415999,414.29632308299915,right,0.9855469579997589,None,414.29645300000266,414.2965067500045,None,,,,,,,,,,,,21049991,0,2025-12-01_13h58.34.105,tilt_mocs,2024.2.4,120.47370212248029,2025-12-01 13h58.42.820009 -0500,
-6,-15.0,,217,217,0,,,,,,,,,,c-6,negs,100,left,0.9672268750000512,None,None,,,,,,,,,,,0,217,217,421,414.32173833300476,,,,,,,,,,,,,,,,,,,,,,,,,,,,,,,,,,,,,,,,,,,,,,,,,,,,,,,,,,,,,,,,414.2984260830053,414.32173833300476,414.8003300000055,414.8003300000055,414.8782242080051,414.8782242080051,415.29146162500547,left,0.9672268750000512,None,415.2915892500023,415.29164191600285,None,,,,,,,,,,,,21049991,0,2025-12-01_13h58.34.105,tilt_mocs,2024.2.4,120.47370212248029,2025-12-01 13h58.42.820009 -0500,
2,-15.0,,218,218,0,,,,,,,,,,c+2,negs,100,right,0.9210082080026041,None,None,,,,,,,,,,,0,218,218,664,415.3019564999995,,,,,,,,,,,,,,,,,,,,,,,,,,,,,,,,,,,,,,,,,,,,,,,,,,,,,,,,,,,,,,,,415.29390645800595,415.3019564999995,415.7884727080018,415.7884727080018,415.8607285410035,415.8607285410035,416.23383283300063,right,0.9210082080026041,None,416.23393154099904,416.23397345800186,None,,,,,,,,,,,,21049991,0,2025-12-01_13h58.34.105,tilt_mocs,2024.2.4,120.47370212248029,2025-12-01 13h58.42.820009 -0500,
2,-15.0,,219,219,0,,,,,,,,,,c+2,negs,100,right,1.002647708002769,None,None,,,,,,,,,,,0,219,219,618,416.24085204100265,,,,,,,,,,,,,,,,,,,,,,,,,,,,,,,,,,,,,,,,,,,,,,,,,,,,,,,,,,,,,,,,416.23592933300097,416.24085204100265,416.73132958300266,416.73132958300266,416.8055639160011,416.8055639160011,417.2474459580044,right,1.002647708002769,None,417.2475765000054,417.2476322500006,None,,,,,,,,,,,,21049991,0,2025-12-01_13h58.34.105,tilt_mocs,2024.2.4,120.47370212248029,2025-12-01 13h58.42.820009 -0500,
2,15.0,,220,220,0,,,,,,,,,,c+2,poss,100,left,1.1310142500005895,None,None,,,,,,,,,,,0,220,220,156,417.2581625829989,,,,,,,,,,,,,,,,,,,,,,,,,,,,,,,,,,,,,,,,,,,,,,,,,,,,,,,,,,,,,,,,417.24970604100236,417.2581625829989,417.74816479100264,417.74816479100264,417.82245204100036,417.82245204100036,418.39141391600424,left,1.1310142500005895,None,418.39151808300085,418.3915586660005,None,,,,,,,,,,,,21049991,0,2025-12-01_13h58.34.105,tilt_mocs,2024.2.4,120.47370212248029,2025-12-01 13h58.42.820009 -0500,
-2,-15.0,,221,221,0,,,,,,,,,,c-2,negs,100,left,1.0197621670013177,None,None,,,,,,,,,,,0,221,221,545,418.403161166003,,,,,,,,,,,,,,,,,,,,,,,,,,,,,,,,,,,,,,,,,,,,,,,,,,,,,,,,,,,,,,,,418.3934940830004,418.403161166003,418.8884678329996,418.8884678329996,418.9615300000005,418.9615300000005,419.4254899160005,left,1.0197621670013177,None,419.42562058300246,419.4256729580011,None,,,,,,,,,,,,21049991,0,2025-12-01_13h58.34.105,tilt_mocs,2024.2.4,120.47370212248029,2025-12-01 13h58.42.820009 -0500,
-1,0.0,,222,222,0,,,,,,,,,,c-1,noss,0,right,1.0420644999976503,None,None,,,,,,,,,,,0,222,222,819,419.4358564580034,,,,,,,,,,,,,,,,,,,,,,,,,,,,,,,,,,,,,,,,,,,,,,,,,,,,,,,,,,,,,,,,419.42783779100137,419.4358564580034,419.92197404100443,419.92197404100443,420.00589933300216,420.00589933300216,420.4809305410017,right,1.0420644999976503,None,420.4810320000033,420.4810749160024,None,,,,,,,,,,,,21049991,0,2025-12-01_13h58.34.105,tilt_mocs,2024.2.4,120.47370212248029,2025-12-01 13h58.42.820009 -0500,
-8,-15.0,,223,223,0,,,,,,,,,,c-8,negs,100,left,1.1243914160004351,None,None,,,,,,,,,,,0,223,223,386,420.49123279100604,,,,,,,,,,,,,,,,,,,,,,,,,,,,,,,,,,,,,,,,,,,,,,,,,,,,,,,,,,,,,,,,420.48299087500345,420.49123279100604,420.9813467080021,420.9813467080021,421.0557942910018,421.0557942910018,421.6245044160023,left,1.1243914160004351,None,421.6246327080007,421.62468466599967,None,,,,,,,,,,,,21049991,0,2025-12-01_13h58.34.105,tilt_mocs,2024.2.4,120.47370212248029,2025-12-01 13h58.42.820009 -0500,
-2,15.0,,224,224,0,,,,,,,,,,c-2,poss,100,left,1.0839545000053477,None,None,,,,,,,,,,,0,224,224,41,421.6350765829993,,,,,,,,,,,,,,,,,,,,,,,,,,,,,,,,,,,,,,,,,,,,,,,,,,,,,,,,,,,,,,,,421.62705995800206,421.6350765829993,422.12201350000396,422.12201350000396,422.1956102910044,422.1956102910044,422.72495837500173,left,1.0839545000053477,None,422.725082666002,422.7251355000044,None,,,,,,,,,,,,21049991,0,2025-12-01_13h58.34.105,tilt_mocs,2024.2.4,120.47370212248029,2025-12-01 13h58.42.820009 -0500,
1,0.0,,225,225,0,,,,,,,,,,c+1,noss,0,right,1.0056004159996519,None,None,,,,,,,,,,,0,225,225,848,422.73491741600446,,,,,,,,,,,,,,,,,,,,,,,,,,,,,,,,,,,,,,,,,,,,,,,,,,,,,,,,,,,,,,,,422.7271877910025,422.73491741600446,423.2219425410003,423.2219425410003,423.2947811660051,423.2947811660051,423.7476920830013,right,1.0056004159996519,None,423.74781137500395,423.7478758330035,None,,,,,,,,,,,,21049991,0,2025-12-01_13h58.34.105,tilt_mocs,2024.2.4,120.47370212248029,2025-12-01 13h58.42.820009 -0500,
4,15.0,,226,226,0,,,,,,,,,,c+4,poss,100,right,0.9745696659956593,None,None,,,,,,,,,,,0,226,226,207,423.7580372080047,,,,,,,,,,,,,,,,,,,,,,,,,,,,,,,,,,,,,,,,,,,,,,,,,,,,,,,,,,,,,,,,423.7497717080041,423.7580372080047,424.24724775000504,424.24724775000504,424.32256779100135,424.32256779100135,424.741772500005,right,0.9745696659956593,None,424.74193541600107,424.7419882500035,None,,,,,,,,,,,,21049991,0,2025-12-01_13h58.34.105,tilt_mocs,2024.2.4,120.47370212248029,2025-12-01 13h58.42.820009 -0500,
-2,0.0,,227,227,0,,,,,,,,,,c-2,noss,0,right,0.9990417919980246,None,None,,,,,,,,,,,0,227,227,765,424.7532491250022,,,,,,,,,,,,,,,,,,,,,,,,,,,,,,,,,,,,,,,,,,,,,,,,,,,,,,,,,,,,,,,,424.7447888329989,424.7532491250022,425.23864783300087,425.23864783300087,425.31069600000046,425.31069600000046,425.75821949999954,right,0.9990417919980246,None,425.75838029100123,425.7584354580031,None,,,,,,,,,,,,21049991,0,2025-12-01_13h58.34.105,tilt_mocs,2024.2.4,120.47370212248029,2025-12-01 13h58.42.820009 -0500,
-1,0.0,,228,228,0,,,,,,,,,,c-1,noss,0,right,0.9397822920000181,None,None,,,,,,,,,,,0,228,228,832,425.76924387500185,,,,,,,,,,,,,,,,,,,,,,,,,,,,,,,,,,,,,,,,,,,,,,,,,,,,,,,,,,,,,,,,425.7609957080058,425.76924387500185,426.25567025000055,426.25567025000055,426.32842537500255,426.32842537500255,426.7131140410056,right,0.9397822920000181,None,426.71323812500486,426.71329150000383,None,,,,,,,,,,,,21049991,0,2025-12-01_13h58.34.105,tilt_mocs,2024.2.4,120.47370212248029,2025-12-01 13h58.42.820009 -0500,
-2,15.0,,229,229,0,,,,,,,,,,c-2,poss,100,left,1.0150923749970389,None,None,,,,,,,,,,,0,229,229,54,426.72495770800015,,,,,,,,,,,,,,,,,,,,,,,,,,,,,,,,,,,,,,,,,,,,,,,,,,,,,,,,,,,,,,,,426.71558950000326,426.72495770800015,427.2151451250029,427.2151451250029,427.289520833001,427.289520833001,427.74290275000385,left,1.0150923749970389,None,427.74305533300503,427.7431173330042,None,,,,,,,,,,,,21049991,0,2025-12-01_13h58.34.105,tilt_mocs,2024.2.4,120.47370212248029,2025-12-01 13h58.42.820009 -0500,
1,0.0,,230,230,0,,,,,,,,,,c+1,noss,0,right,1.1601130829949398,None,None,,,,,,,,,,,0,230,230,865,427.75384841600317,,,,,,,,,,,,,,,,,,,,,,,,,,,,,,,,,,,,,,,,,,,,,,,,,,,,,,,,,,,,,,,,427.74548883300304,427.75384841600317,428.3182576660038,428.3182576660038,428.3930368750007,428.3930368750007,428.92498870800046,right,1.1601130829949398,None,428.92513775000407,428.925188291003,None,,,,,,,,,,,,21049991,0,2025-12-01_13h58.34.105,tilt_mocs,2024.2.4,120.47370212248029,2025-12-01 13h58.42.820009 -0500,
2,-15.0,,231,231,0,,,,,,,,,,c+2,negs,100,right,0.9584775420007645,None,None,,,,,,,,,,,0,231,231,636,428.93506362500193,,,,,,,,,,,,,,,,,,,,,,,,,,,,,,,,,,,,,,,,,,,,,,,,,,,,,,,,,,,,,,,,428.92715612500615,428.93506362500193,429.42237025000213,429.42237025000213,429.4941581660023,429.4941581660023,429.8970445410014,right,0.9584775420007645,None,429.89714362499944,429.89718775000074,None,,,,,,,,,,,,21049991,0,2025-12-01_13h58.34.105,tilt_mocs,2024.2.4,120.47370212248029,2025-12-01 13h58.42.820009 -0500,
4,15.0,,232,232,0,,,,,,,,,,c+4,poss,100,right,0.9811631249976926,None,None,,,,,,,,,,,0,232,232,188,429.907973625006,,,,,,,,,,,,,,,,,,,,,,,,,,,,,,,,,,,,,,,,,,,,,,,,,,,,,,,,,,,,,,,,429.8990992500039,429.907973625006,430.3975170000049,430.3975170000049,430.47281604100135,430.47281604100135,430.8917807500038,right,0.9811631249976926,None,430.8919280830014,430.89198758300336,None,,,,,,,,,,,,21049991,0,2025-12-01_13h58.34.105,tilt_mocs,2024.2.4,120.47370212248029,2025-12-01 13h58.42.820009 -0500,
6,15.0,,233,233,0,,,,,,,,,,c+6,poss,100,right,0.9211408749979455,None,None,,,,,,,,,,,0,233,233,237,430.90237029100535,,,,,,,,,,,,,,,,,,,,,,,,,,,,,,,,,,,,,,,,,,,,,,,,,,,,,,,,,,,,,,,,430.8942105410024,430.90237029100535,431.3888658750002,431.3888658750002,431.46076954100135,431.46076954100135,431.8259164580013,right,0.9211408749979455,None,431.826029541,431.8260731660048,None,,,,,,,,,,,,21049991,0,2025-12-01_13h58.34.105,tilt_mocs,2024.2.4,120.47370212248029,2025-12-01 13h58.42.820009 -0500,
-2,15.0,,234,234,0,,,,,,,,,,c-2,poss,100,left,1.0700028749997728,None,None,,,,,,,,,,,0,234,234,32,431.8360673330026,,,,,,,,,,,,,,,,,,,,,,,,,,,,,,,,,,,,,,,,,,,,,,,,,,,,,,,,,,,,,,,,431.8280799580025,431.8360673330026,432.32225300000573,432.32225300000573,432.3953022499991,432.3953022499991,432.9085372500049,left,1.0700028749997728,None,432.9086652910046,432.90871862500353,None,,,,,,,,,,,,21049991,0,2025-12-01_13h58.34.105,tilt_mocs,2024.2.4,120.47370212248029,2025-12-01 13h58.42.820009 -0500,
8,15.0,,235,235,0,,,,,,,,,,c+8,poss,100,right,0.9588005420009722,None,None,,,,,,,,,,,0,235,235,286,432.9191956249997,,,,,,,,,,,,,,,,,,,,,,,,,,,,,,,,,,,,,,,,,,,,,,,,,,,,,,,,,,,,,,,,432.91105929100013,432.9191956249997,433.40578412500327,433.40578412500327,433.47820095800125,433.47820095800125,433.8812555830009,right,0.9588005420009722,None,433.88135329099896,433.8813972909993,None,,,,,,,,,,,,21049991,0,2025-12-01_13h58.34.105,tilt_mocs,2024.2.4,120.47370212248029,2025-12-01 13h58.42.820009 -0500,
-2,0.0,,236,236,0,,,,,,,,,,c-2,noss,0,left,1.0235978329947102,None,None,,,,,,,,,,,0,236,236,756,433.89163137500145,,,,,,,,,,,,,,,,,,,,,,,,,,,,,,,,,,,,,,,,,,,,,,,,,,,,,,,,,,,,,,,,433.8833076250012,433.89163137500145,434.381183041005,434.381183041005,434.4562638749994,434.4562638749994,434.9252037080005,left,1.0235978329947102,None,434.92535425000096,434.9254082500047,None,,,,,,,,,,,,21049991,0,2025-12-01_13h58.34.105,tilt_mocs,2024.2.4,120.47370212248029,2025-12-01 13h58.42.820009 -0500,
1,0.0,,237,237,0,,,,,,,,,,c+1,noss,0,right,0.9029649590011104,None,None,,,,,,,,,,,0,237,237,864,434.93638199999987,,,,,,,,,,,,,,,,,,,,,,,,,,,,,,,,,,,,,,,,,,,,,,,,,,,,,,,,,,,,,,,,434.92800491600065,434.93638199999987,435.4225701660034,435.4225701660034,435.4947897500024,435.4947897500024,435.84185204100504,right,0.9029649590011104,None,435.84196800000063,435.84201829100493,None,,,,,,,,,,,,21049991,0,2025-12-01_13h58.34.105,tilt_mocs,2024.2.4,120.47370212248029,2025-12-01 13h58.42.820009 -0500,
0,-15.0,,238,238,0,,,,,,,,,,c+0,negs,100,right,0.9764312080005766,None,None,,,,,,,,,,,0,238,238,573,435.85176412500005,,,,,,,,,,,,,,,,,,,,,,,,,,,,,,,,,,,,,,,,,,,,,,,,,,,,,,,,,,,,,,,,435.84391591600433,435.85176412500005,436.33908329100086,436.33908329100086,436.4120180000027,436.4120180000027,436.8306103330033,right,0.9764312080005766,None,436.83071129100426,436.8307520410017,None,,,,,,,,,,,,21049991,0,2025-12-01_13h58.34.105,tilt_mocs,2024.2.4,120.47370212248029,2025-12-01 13h58.42.820009 -0500,
2,0.0,,239,239,0,,,,,,,,,,c+2,noss,0,right,0.9721006670006318,None,None,,,,,,,,,,,0,239,239,909,436.8414316250055,,,,,,,,,,,,,,,,,,,,,,,,,,,,,,,,,,,,,,,,,,,,,,,,,,,,,,,,,,,,,,,,436.8326580409994,436.8414316250055,437.33107225000276,437.33107225000276,437.40633604100003,437.40633604100003,437.8250362910039,right,0.9721006670006318,None,437.8251655000058,437.8252172909997,None,,,,,,,,,,,,21049991,0,2025-12-01_13h58.34.105,tilt_mocs,2024.2.4,120.47370212248029,2025-12-01 13h58.42.820009 -0500,
2,-15.0,,240,240,0,,,,,,,,,,c+2,negs,100,right,0.9812925419973908,None,None,,,,,,,,,,,0,240,240,616,437.8354756250046,,,,,,,,,,,,,,,,,,,,,,,,,,,,,,,,,,,,,,,,,,,,,,,,,,,,,,,,,,,,,,,,437.8272861660007,437.8354756250046,438.3224094160032,438.3224094160032,438.39478204100305,438.39478204100305,438.8255525410059,right,0.9812925419973908,None,438.8257347079998,438.82580220800446,None,,,,,,,,,,,,21049991,0,2025-12-01_13h58.34.105,tilt_mocs,2024.2.4,120.47370212248029,2025-12-01 13h58.42.820009 -0500,
-8,-15.0,,241,241,0,,,,,,,,,,c-8,negs,100,left,1.0082117499987362,None,None,,,,,,,,,,,0,241,241,354,438.8369987910046,,,,,,,,,,,,,,,,,,,,,,,,,,,,,,,,,,,,,,,,,,,,,,,,,,,,,,,,,,,,,,,,438.8284427500039,438.8369987910046,439.3225695000001,439.3225695000001,439.39449495800363,439.39449495800363,439.84915325000475,left,1.0082117499987362,None,439.8493032080005,439.849360541004,None,,,,,,,,,,,,21049991,0,2025-12-01_13h58.34.105,tilt_mocs,2024.2.4,120.47370212248029,2025-12-01 13h58.42.820009 -0500,
-2,0.0,,242,242,0,,,,,,,,,,c-2,noss,0,left,0.9424422499942011,None,None,,,,,,,,,,,0,242,242,733,439.8595748750013,,,,,,,,,,,,,,,,,,,,,,,,,,,,,,,,,,,,,,,,,,,,,,,,,,,,,,,,,,,,,,,,439.8520535409989,439.8595748750013,440.3481289580013,440.3481289580013,440.42325616600283,440.42325616600283,440.8084959160042,left,0.9424422499942011,None,440.80859733300167,440.80864524999924,None,,,,,,,,,,,,21049991,0,2025-12-01_13h58.34.105,tilt_mocs,2024.2.4,120.47370212248029,2025-12-01 13h58.42.820009 -0500,
4,15.0,,243,243,0,,,,,,,,,,c+4,poss,100,left,1.0097802090022014,None,None,,,,,,,,,,,0,243,243,189,440.81873708300554,,,,,,,,,,,,,,,,,,,,,,,,,,,,,,,,,,,,,,,,,,,,,,,,,,,,,,,,,,,,,,,,440.8105273330002,440.81873708300554,441.305894875004,441.305894875004,441.37828316599916,441.37828316599916,441.8314339999997,left,1.0097802090022014,None,441.83154512500187,441.8315863750031,None,,,,,,,,,,,,21049991,0,2025-12-01_13h58.34.105,tilt_mocs,2024.2.4,120.47370212248029,2025-12-01 13h58.42.820009 -0500,
6,15.0,,244,244,0,,,,,,,,,,c+6,poss,100,right,1.0226028340039193,None,None,,,,,,,,,,,0,244,244,243,441.8414058750059,,,,,,,,,,,,,,,,,,,,,,,,,,,,,,,,,,,,,,,,,,,,,,,,,,,,,,,,,,,,,,,,441.8334607910001,441.8414058750059,442.3325342080061,442.3325342080061,442.4067088330048,442.4067088330048,442.875438957999,right,1.0226028340039193,None,442.87556604100246,442.8756166660023,None,,,,,,,,,,,,21049991,0,2025-12-01_13h58.34.105,tilt_mocs,2024.2.4,120.47370212248029,2025-12-01 13h58.42.820009 -0500,
-2,-15.0,,245,245,0,,,,,,,,,,c-2,negs,100,right,1.0440479579992825,None,None,,,,,,,,,,,0,245,245,511,442.8860964160049,,,,,,,,,,,,,,,,,,,,,,,,,,,,,,,,,,,,,,,,,,,,,,,,,,,,,,,,,,,,,,,,442.8779607500037,442.8860964160049,443.3727564159999,443.3727564159999,443.4456987500016,443.4456987500016,443.94186262500443,right,1.0440479579992825,None,443.9419898750057,443.9420428750018,None,,,,,,,,,,,,21049991,0,2025-12-01_13h58.34.105,tilt_mocs,2024.2.4,120.47370212248029,2025-12-01 13h58.42.820009 -0500,
-6,-15.0,,246,246,0,,,,,,,,,,c-6,negs,100,left,1.0200269590059179,None,None,,,,,,,,,,,0,246,246,422,443.9527476660005,,,,,,,,,,,,,,,,,,,,,,,,,,,,,,,,,,,,,,,,,,,,,,,,,,,,,,,,,,,,,,,,443.9444670410012,443.9527476660005,444.4393923750031,444.4393923750031,444.5120487910026,444.5120487910026,444.97550720800064,left,1.0200269590059179,None,444.9756354160054,444.9756900409993,None,,,,,,,,,,,,21049991,0,2025-12-01_13h58.34.105,tilt_mocs,2024.2.4,120.47370212248029,2025-12-01 13h58.42.820009 -0500,
4,15.0,,247,247,0,,,,,,,,,,c+4,poss,100,right,1.0659294579963898,None,None,,,,,,,,,,,0,247,247,214,444.98589112500485,,,,,,,,,,,,,,,,,,,,,,,,,,,,,,,,,,,,,,,,,,,,,,,,,,,,,,,,,,,,,,,,444.97783524999977,444.98589112500485,445.4727531250028,445.4727531250028,445.54443054100557,445.54443054100557,446.0588994999998,right,1.0659294579963898,None,446.0590250000023,446.05907624999963,None,,,,,,,,,,,,21049991,0,2025-12-01_13h58.34.105,tilt_mocs,2024.2.4,120.47370212248029,2025-12-01 13h58.42.820009 -0500,
8,15.0,,248,248,0,,,,,,,,,,c+8,poss,100,right,0.9548264170007315,None,None,,,,,,,,,,,0,248,248,288,446.06943825000053,,,,,,,,,,,,,,,,,,,,,,,,,,,,,,,,,,,,,,,,,,,,,,,,,,,,,,,,,,,,,,,,446.06128054100554,446.06943825000053,446.55616379099956,446.55616379099956,446.62818849999894,446.62818849999894,447.03509945800033,right,0.9548264170007315,None,447.03520029100036,447.03524166600255,None,,,,,,,,,,,,21049991,0,2025-12-01_13h58.34.105,tilt_mocs,2024.2.4,120.47370212248029,2025-12-01 13h58.42.820009 -0500,
-4,0.0,,249,249,0,,,,,,,,,,c-4,noss,0,left,1.0169306669995422,None,None,,,,,,,,,,,0,249,249,702,447.0420382500015,,,,,,,,,,,,,,,,,,,,,,,,,,,,,,,,,,,,,,,,,,,,,,,,,,,,,,,,,,,,,,,,447.0371299160033,447.0420382500015,447.5314803750007,447.5314803750007,447.60704512500524,447.60704512500524,448.06561462500395,left,1.0169306669995422,None,448.0657396250026,448.06579358300223,None,,,,,,,,,,,,21049991,0,2025-12-01_13h58.34.105,tilt_mocs,2024.2.4,120.47370212248029,2025-12-01 13h58.42.820009 -0500,
2,-15.0,,250,250,0,,,,,,,,,,c+2,negs,100,right,1.1333264999993844,None,None,,,,,,,,,,,0,250,250,643,448.07598525000503,,,,,,,,,,,,,,,,,,,,,,,,,,,,,,,,,,,,,,,,,,,,,,,,,,,,,,,,,,,,,,,,448.0682177080016,448.07598525000503,448.5653557500045,448.5653557500045,448.639882416006,448.639882416006,449.2140157910035,right,1.1333264999993844,None,449.21411375000025,449.2141554580012,None,,,,,,,,,,,,21049991,0,2025-12-01_13h58.34.105,tilt_mocs,2024.2.4,120.47370212248029,2025-12-01 13h58.42.820009 -0500,
6,15.0,,251,251,0,,,,,,,,,,c+6,poss,100,right,1.000410540997109,None,None,,,,,,,,,,,0,251,251,275,449.2397114580017,,,,,,,,,,,,,,,,,,,,,,,,,,,,,,,,,,,,,,,,,,,,,,,,,,,,,,,,,,,,,,,,449.2160370410056,449.2397114580017,449.7151367080005,449.7151367080005,449.7901013330047,449.7901013330047,450.2427918329995,right,1.000410540997109,None,450.2429170000032,450.24297283300257,None,,,,,,,,,,,,21049991,0,2025-12-01_13h58.34.105,tilt_mocs,2024.2.4,120.47370212248029,2025-12-01 13h58.42.820009 -0500,
4,15.0,,252,252,0,,,,,,,,,,c+4,poss,100,right,1.0936843329982366,None,None,,,,,,,,,,,0,252,252,170,450.25311145800515,,,,,,,,,,,,,,,,,,,,,,,,,,,,,,,,,,,,,,,,,,,,,,,,,,,,,,,,,,,,,,,,450.2450106660035,450.25311145800515,450.73889687500196,450.73889687500196,450.8126599160023,450.8126599160023,451.3499391660007,right,1.0936843329982366,None,451.35008333300357,451.3501368750003,None,,,,,,,,,,,,21049991,0,2025-12-01_13h58.34.105,tilt_mocs,2024.2.4,120.47370212248029,2025-12-01 13h58.42.820009 -0500,
0,15.0,,253,253,0,,,,,,,,,,c+0,poss,100,left,1.0140316659962991,None,None,,,,,,,,,,,0,253,253,100,451.3596375410052,,,,,,,,,,,,,,,,,,,,,,,,,,,,,,,,,,,,,,,,,,,,,,,,,,,,,,,,,,,,,,,,451.3522735000006,451.3596375410052,451.84808787500515,451.84808787500515,451.923573166001,451.923573166001,452.3763419579991,left,1.0140316659962991,None,452.37656679100473,452.376653875006,None,,,,,,,,,,,,21049991,0,2025-12-01_13h58.34.105,tilt_mocs,2024.2.4,120.47370212248029,2025-12-01 13h58.42.820009 -0500,
0,15.0,,254,254,0,,,,,,,,,,c+0,poss,100,left,0.9750097090000054,None,None,,,,,,,,,,,0,254,254,102,452.38729275000514,,,,,,,,,,,,,,,,,,,,,,,,,,,,,,,,,,,,,,,,,,,,,,,,,,,,,,,,,,,,,,,,452.3790702500046,452.38729275000514,452.8730946249998,452.8730946249998,452.946009916006,452.946009916006,453.3647881249999,left,0.9750097090000054,None,453.36489587500546,453.36493741600134,None,,,,,,,,,,,,21049991,0,2025-12-01_13h58.34.105,tilt_mocs,2024.2.4,120.47370212248029,2025-12-01 13h58.42.820009 -0500,
2,15.0,,255,255,0,,,,,,,,,,c+2,poss,100,left,1.0153564579959493,None,None,,,,,,,,,,,0,255,255,149,453.3756507910002,,,,,,,,,,,,,,,,,,,,,,,,,,,,,,,,,,,,,,,,,,,,,,,,,,,,,,,,,,,,,,,,453.366854083004,453.3756507910002,453.8660787080007,453.8660787080007,453.9402502910016,453.9402502910016,454.40165849999903,left,1.0153564579959493,None,454.40176208300545,454.4018038330032,None,,,,,,,,,,,,21049991,0,2025-12-01_13h58.34.105,tilt_mocs,2024.2.4,120.47370212248029,2025-12-01 13h58.42.820009 -0500,
-1,0.0,,256,256,0,,,,,,,,,,c-1,noss,0,left,0.9811082080050255,None,None,,,,,,,,,,,0,256,256,784,454.4088950000005,,,,,,,,,,,,,,,,,,,,,,,,,,,,,,,,,,,,,,,,,,,,,,,,,,,,,,,,,,,,,,,,454.40370858300594,454.4088950000005,454.8988740000059,454.8988740000059,454.97361350000574,454.97361350000574,455.3926492910032,left,0.9811082080050255,None,455.3928804160023,455.3929602080025,None,,,,,,,,,,,,21049991,0,2025-12-01_13h58.34.105,tilt_mocs,2024.2.4,120.47370212248029,2025-12-01 13h58.42.820009 -0500,
-2,0.0,,257,257,0,,,,,,,,,,c-2,noss,0,left,0.936490166997828,None,None,,,,,,,,,,,0,257,257,741,455.4038209999999,,,,,,,,,,,,,,,,,,,,,,,,,,,,,,,,,,,,,,,,,,,,,,,,,,,,,,,,,,,,,,,,455.3954137500041,455.4038209999999,455.88971895800205,455.88971895800205,455.9616797080016,455.9616797080016,456.3427937500019,left,0.936490166997828,None,456.342961250004,456.34301937500277,None,,,,,,,,,,,,21049991,0,2025-12-01_13h58.34.105,tilt_mocs,2024.2.4,120.47370212248029,2025-12-01 13h58.42.820009 -0500,
-2,-15.0,,258,258,0,,,,,,,,,,c-2,negs,100,left,1.1428546250026557,None,None,,,,,,,,,,,0,258,258,504,456.3539105410018,,,,,,,,,,,,,,,,,,,,,,,,,,,,,,,,,,,,,,,,,,,,,,,,,,,,,,,,,,,,,,,,456.345599625005,456.3539105410018,456.83989454100083,456.83989454100083,456.91323629100225,456.91323629100225,457.5093273750026,left,1.1428546250026557,None,457.5094552080045,457.50950650000595,None,,,,,,,,,,,,21049991,0,2025-12-01_13h58.34.105,tilt_mocs,2024.2.4,120.47370212248029,2025-12-01 13h58.42.820009 -0500,
2,0.0,,259,259,0,,,,,,,,,,c+2,noss,0,left,0.9944127920025494,None,None,,,,,,,,,,,0,259,259,943,457.5198046660007,,,,,,,,,,,,,,,,,,,,,,,,,,,,,,,,,,,,,,,,,,,,,,,,,,,,,,,,,,,,,,,,457.51173774999916,457.5198046660007,458.00669675000245,458.00669675000245,458.07851662500616,458.07851662500616,458.51672004099964,left,0.9944127920025494,None,458.5168589160021,458.5169272500061,None,,,,,,,,,,,,21049991,0,2025-12-01_13h58.34.105,tilt_mocs,2024.2.4,120.47370212248029,2025-12-01 13h58.42.820009 -0500,
0,-15.0,,260,260,0,,,,,,,,,,c+0,negs,100,left,1.0146982920050505,None,None,,,,,,,,,,,0,260,260,613,458.52653716600616,,,,,,,,,,,,,,,,,,,,,,,,,,,,,,,,,,,,,,,,,,,,,,,,,,,,,,,,,,,,,,,,458.51906120800413,458.52653716600616,459.0157308330017,459.0157308330017,459.09026491600525,459.09026491600525,459.55192591599916,left,1.0146982920050505,None,459.55202729099983,459.5520683750001,None,,,,,,,,,,,,21049991,0,2025-12-01_13h58.34.105,tilt_mocs,2024.2.4,120.47370212248029,2025-12-01 13h58.42.820009 -0500,
-1,0.0,,261,261,0,,,,,,,,,,c-1,noss,0,left,0.9750718329960364,None,None,,,,,,,,,,,0,261,261,789,459.5595509160048,,,,,,,,,,,,,,,,,,,,,,,,,,,,,,,,,,,,,,,,,,,,,,,,,,,,,,,,,,,,,,,,459.55392866600596,459.5595509160048,460.0492721660048,460.0492721660048,460.1240604160048,460.1240604160048,460.5424840410051,left,0.9750718329960364,None,460.54258333300095,460.54262454100535,None,,,,,,,,,,,,21049991,0,2025-12-01_13h58.34.105,tilt_mocs,2024.2.4,120.47370212248029,2025-12-01 13h58.42.820009 -0500,
0,15.0,,262,262,0,,,,,,,,,,c+0,poss,100,left,0.9709893330000341,None,None,,,,,,,,,,,0,262,262,80,460.55269654100266,,,,,,,,,,,,,,,,,,,,,,,,,,,,,,,,,,,,,,,,,,,,,,,,,,,,,,,,,,,,,,,,460.5445631660041,460.55269654100266,461.03989962500054,461.03989962500054,461.11184000000503,461.11184000000503,461.52615929100284,left,0.9709893330000341,None,461.52631416600343,461.52637566600606,None,,,,,,,,,,,,21049991,0,2025-12-01_13h58.34.105,tilt_mocs,2024.2.4,120.47370212248029,2025-12-01 13h58.42.820009 -0500,
-6,-15.0,,263,263,0,,,,,,,,,,c-6,negs,100,left,0.9592686250034603,None,None,,,,,,,,,,,0,263,263,426,461.53747091600235,,,,,,,,,,,,,,,,,,,,,,,,,,,,,,,,,,,,,,,,,,,,,,,,,,,,,,,,,,,,,,,,461.52895654100575,461.53747091600235,462.02329570800066,462.02329570800066,462.09567979100393,462.09567979100393,462.49930979100463,left,0.9592686250034603,None,462.499413041005,462.49945491600374,None,,,,,,,,,,,,21049991,0,2025-12-01_13h58.34.105,tilt_mocs,2024.2.4,120.47370212248029,2025-12-01 13h58.42.820009 -0500,
0,15.0,,264,264,0,,,,,,,,,,c+0,poss,100,left,0.9547264170032577,None,None,,,,,,,,,,,0,264,264,109,462.50963341600436,,,,,,,,,,,,,,,,,,,,,,,,,,,,,,,,,,,,,,,,,,,,,,,,,,,,,,,,,,,,,,,,462.5013860830004,462.50963341600436,462.99872645800497,462.99872645800497,463.07394204100274,463.07394204100274,463.4760002910043,left,0.9547264170032577,None,463.47609929100145,463.47614158299984,None,,,,,,,,,,,,21049991,0,2025-12-01_13h58.34.105,tilt_mocs,2024.2.4,120.47370212248029,2025-12-01 13h58.42.820009 -0500,
2,-15.0,,265,265,0,,,,,,,,,,c+2,negs,100,left,0.9733359590027248,None,None,,,,,,,,,,,0,265,265,617,463.4862004579991,,,,,,,,,,,,,,,,,,,,,,,,,,,,,,,,,,,,,,,,,,,,,,,,,,,,,,,,,,,,,,,,463.4780376250055,463.4862004579991,463.9733618750033,463.9733618750033,464.0459672080033,464.0459672080033,464.46559145799984,left,0.9733359590027248,None,464.4656999159997,464.465742458,None,,,,,,,,,,,,21049991,0,2025-12-01_13h58.34.105,tilt_mocs,2024.2.4,120.47370212248029,2025-12-01 13h58.42.820009 -0500,
-2,15.0,,266,266,0,,,,,,,,,,c-2,poss,100,left,0.9862675410040538,None,None,,,,,,,,,,,0,266,266,11,464.4760122500011,,,,,,,,,,,,,,,,,,,,,,,,,,,,,,,,,,,,,,,,,,,,,,,,,,,,,,,,,,,,,,,,464.467668958001,464.4760122500011,464.9651642079989,464.9651642079989,465.04063841600146,465.04063841600146,465.4648732499991,left,0.9862675410040538,None,465.4650052910001,465.465057333,None,,,,,,,,,,,,21049991,0,2025-12-01_13h58.34.105,tilt_mocs,2024.2.4,120.47370212248029,2025-12-01 13h58.42.820009 -0500,
4,15.0,,267,267,0,,,,,,,,,,c+4,poss,100,left,0.9889885830052663,None,None,,,,,,,,,,,0,267,267,181,465.4753712910024,,,,,,,,,,,,,,,,,,,,,,,,,,,,,,,,,,,,,,,,,,,,,,,,,,,,,,,,,,,,,,,,465.46698216599907,465.4753712910024,465.9656778749995,465.9656778749995,466.0406268750012,466.0406268750012,466.4753920000003,left,0.9889885830052663,None,466.47549562500353,466.47553770800005,None,,,,,,,,,,,,21049991,0,2025-12-01_13h58.34.105,tilt_mocs,2024.2.4,120.47370212248029,2025-12-01 13h58.42.820009 -0500,
2,15.0,,268,268,0,,,,,,,,,,c+2,poss,100,left,0.9586644160008291,None,None,,,,,,,,,,,0,268,268,124,466.48262966600305,,,,,,,,,,,,,,,,,,,,,,,,,,,,,,,,,,,,,,,,,,,,,,,,,,,,,,,,,,,,,,,,466.47743904100207,466.48262966600305,466.97349433300406,466.97349433300406,467.0461885830009,467.0461885830009,467.45144083299965,left,0.9586644160008291,None,467.45154254099907,467.4515904159998,None,,,,,,,,,,,,21049991,0,2025-12-01_13h58.34.105,tilt_mocs,2024.2.4,120.47370212248029,2025-12-01 13h58.42.820009 -0500,
4,15.0,,269,269,0,,,,,,,,,,c+4,poss,100,left,0.9210707499951241,None,None,,,,,,,,,,,0,269,269,169,467.45915212500404,,,,,,,,,,,,,,,,,,,,,,,,,,,,,,,,,,,,,,,,,,,,,,,,,,,,,,,,,,,,,,,,467.4534725830017,467.45915212500404,467.9490765830051,467.9490765830051,468.02408833300433,468.02408833300433,468.39275704100146,left,0.9210707499951241,None,468.3928829580036,468.3929358750029,None,,,,,,,,,,,,21049991,0,2025-12-01_13h58.34.105,tilt_mocs,2024.2.4,120.47370212248029,2025-12-01 13h58.42.820009 -0500,
2,15.0,,270,270,0,,,,,,,,,,c+2,poss,100,left,1.011793208999734,None,None,,,,,,,,,,,0,270,270,162,468.40354300000035,,,,,,,,,,,,,,,,,,,,,,,,,,,,,,,,,,,,,,,,,,,,,,,,,,,,,,,,,,,,,,,,468.39532404100464,468.40354300000035,468.8902859580048,468.8902859580048,468.9623146660015,468.9623146660015,469.4268896659996,left,1.011793208999734,None,469.4271620830041,469.4272563750055,None,,,,,,,,,,,,21049991,0,2025-12-01_13h58.34.105,tilt_mocs,2024.2.4,120.47370212248029,2025-12-01 13h58.42.820009 -0500,
0,15.0,,271,271,0,,,,,,,,,,c+0,poss,100,left,1.019910125003662,None,None,,,,,,,,,,,0,271,271,99,469.438628791002,,,,,,,,,,,,,,,,,,,,,,,,,,,,,,,,,,,,,,,,,,,,,,,,,,,,,,,,,,,,,,,,469.42978266600403,469.438628791002,469.92354712499946,469.92354712499946,469.9958702080039,469.9958702080039,470.4698587910025,left,1.019910125003662,None,470.469955958004,470.47000449999905,None,,,,,,,,,,,,21049991,0,2025-12-01_13h58.34.105,tilt_mocs,2024.2.4,120.47370212248029,2025-12-01 13h58.42.820009 -0500,
1,0.0,,272,272,0,,,,,,,,,,c+1,noss,0,left,1.042617583007086,None,None,,,,,,,,,,,0,272,272,847,470.47667658299906,,,,,,,,,,,,,,,,,,,,,,,,,,,,,,,,,,,,,,,,,,,,,,,,,,,,,,,,,,,,,,,,470.47191083300277,470.47667658299906,470.96576212500077,470.96576212500077,471.0408671250043,471.0408671250043,471.5263379160024,left,1.042617583007086,None,471.52643787499983,471.5264797500058,None,,,,,,,,,,,,21049991,0,2025-12-01_13h58.34.105,tilt_mocs,2024.2.4,120.47370212248029,2025-12-01 13h58.42.820009 -0500,
-6,-15.0,,273,273,0,,,,,,,,,,c-6,negs,100,left,1.007673790998524,None,None,,,,,,,,,,,0,273,273,423,471.53633770799934,,,,,,,,,,,,,,,,,,,,,,,,,,,,,,,,,,,,,,,,,,,,,,,,,,,,,,,,,,,,,,,,471.5284094580056,471.53633770799934,472.02363558300567,472.02363558300567,472.0969102080053,472.0969102080053,472.5481291660035,left,1.007673790998524,None,472.5482540830053,472.5483075000011,None,,,,,,,,,,,,21049991,0,2025-12-01_13h58.34.105,tilt_mocs,2024.2.4,120.47370212248029,2025-12-01 13h58.42.820009 -0500,
-2,-15.0,,274,274,0,,,,,,,,,,c-2,negs,100,left,1.1249883340060478,None,None,,,,,,,,,,,0,274,274,507,472.55900537500565,,,,,,,,,,,,,,,,,,,,,,,,,,,,,,,,,,,,,,,,,,,,,,,,,,,,,,,,,,,,,,,,472.5505577080039,472.55900537500565,473.04934404099913,473.04934404099913,473.1243431250041,473.1243431250041,473.6929438330044,left,1.1249883340060478,None,473.69309500000236,473.69314841600135,None,,,,,,,,,,,,21049991,0,2025-12-01_13h58.34.105,tilt_mocs,2024.2.4,120.47370212248029,2025-12-01 13h58.42.820009 -0500,
8,15.0,,275,275,0,,,,,,,,,,c+8,poss,100,right,1.0117074579975451,None,None,,,,,,,,,,,0,275,275,294,473.7045725409989,,,,,,,,,,,,,,,,,,,,,,,,,,,,,,,,,,,,,,,,,,,,,,,,,,,,,,,,,,,,,,,,473.69612504100223,473.7045725409989,474.1905076660041,474.1905076660041,474.2633029580029,474.2633029580029,474.7263662500045,right,1.0117074579975451,None,474.72649662500044,474.72654879100446,None,,,,,,,,,,,,21049991,0,2025-12-01_13h58.34.105,tilt_mocs,2024.2.4,120.47370212248029,2025-12-01 13h58.42.820009 -0500,
-2,-15.0,,276,276,0,,,,,,,,,,c-2,negs,100,left,1.0490982910050661,None,None,,,,,,,,,,,0,276,276,549,474.7366276660032,,,,,,,,,,,,,,,,,,,,,,,,,,,,,,,,,,,,,,,,,,,,,,,,,,,,,,,,,,,,,,,,474.7285630000042,474.7366276660032,475.223860666003,475.223860666003,475.2958102910052,475.2958102910052,475.7930982079997,left,1.0490982910050661,None,475.79322675000003,475.79327916600596,None,,,,,,,,,,,,21049991,0,2025-12-01_13h58.34.105,tilt_mocs,2024.2.4,120.47370212248029,2025-12-01 13h58.42.820009 -0500,
-4,0.0,,277,277,0,,,,,,,,,,c-4,noss,0,left,1.0381860409979708,None,None,,,,,,,,,,,0,277,277,708,475.8032868750015,,,,,,,,,,,,,,,,,,,,,,,,,,,,,,,,,,,,,,,,,,,,,,,,,,,,,,,,,,,,,,,,475.79542420800135,475.8032868750015,476.2904697500053,476.2904697500053,476.3626829999994,476.3626829999994,476.8443233750004,left,1.0381860409979708,None,476.844457666004,476.84451029100455,None,,,,,,,,,,,,21049991,0,2025-12-01_13h58.34.105,tilt_mocs,2024.2.4,120.47370212248029,2025-12-01 13h58.42.820009 -0500,
4,15.0,,278,278,0,,,,,,,,,,c+4,poss,100,left,1.2417178749965387,None,None,,,,,,,,,,,0,278,278,215,476.85515325000597,,,,,,,,,,,,,,,,,,,,,,,,,,,,,,,,,,,,,,,,,,,,,,,,,,,,,,,,,,,,,,,,476.84683850000147,476.85515325000597,477.3405809579999,477.3405809579999,477.4135764160019,477.4135764160019,478.099238666,left,1.2417178749965387,None,478.0993484999999,478.09939212500467,None,,,,,,,,,,,,21049991,0,2025-12-01_13h58.34.105,tilt_mocs,2024.2.4,120.47370212248029,2025-12-01 13h58.42.820009 -0500,
0,-15.0,,279,279,0,,,,,,,,,,c+0,negs,100,right,1.137400666004396,None,None,,,,,,,,,,,0,279,279,575,478.10961800000223,,,,,,,,,,,,,,,,,,,,,,,,,,,,,,,,,,,,,,,,,,,,,,,,,,,,,,,,,,,,,,,,478.1013123750017,478.10961800000223,478.5999662500035,478.5999662500035,478.67455495800095,478.67455495800095,479.2496392079993,right,1.137400666004396,None,479.24976654100465,479.2498190000042,None,,,,,,,,,,,,21049991,0,2025-12-01_13h58.34.105,tilt_mocs,2024.2.4,120.47370212248029,2025-12-01 13h58.42.820009 -0500,
-6,-15.0,,280,280,0,,,,,,,,,,c-6,negs,100,left,1.2308720830042148,None,None,,,,,,,,,,,0,280,280,396,479.2599772079993,,,,,,,,,,,,,,,,,,,,,,,,,,,,,,,,,,,,,,,,,,,,,,,,,,,,,,,,,,,,,,,,479.2517413750029,479.2599772079993,479.74987270800193,479.74987270800193,479.8245124160021,479.8245124160021,480.4932044580055,left,1.2308720830042148,None,480.49330733300303,480.4933477500017,None,,,,,,,,,,,,21049991,0,2025-12-01_13h58.34.105,tilt_mocs,2024.2.4,120.47370212248029,2025-12-01 13h58.42.820009 -0500,
1,0.0,,281,281,0,,,,,,,,,,c+1,noss,0,left,1.2807756250040256,None,None,,,,,,,,,,,0,281,281,867,480.50318512500235,,,,,,,,,,,,,,,,,,,,,,,,,,,,,,,,,,,,,,,,,,,,,,,,,,,,,,,,,,,,,,,,480.4952351250031,480.50318512500235,480.9909703750018,480.9909703750018,481.06407116600167,481.06407116600167,481.7932842500013,left,1.2807756250040256,None,481.7934260000038,481.7934785410034,None,,,,,,,,,,,,21049991,0,2025-12-01_13h58.34.105,tilt_mocs,2024.2.4,120.47370212248029,2025-12-01 13h58.42.820009 -0500,
-8,-15.0,,282,282,0,,,,,,,,,,c-8,negs,100,left,1.104363917002047,None,None,,,,,,,,,,,0,282,282,377,481.80372533300397,,,,,,,,,,,,,,,,,,,,,,,,,,,,,,,,,,,,,,,,,,,,,,,,,,,,,,,,,,,,,,,,481.7957092500001,481.80372533300397,482.29071416600345,482.29071416600345,482.36238199999934,482.36238199999934,482.9109150410004,left,1.104363917002047,None,482.9110726660001,482.9111366249999,None,,,,,,,,,,,,21049991,0,2025-12-01_13h58.34.105,tilt_mocs,2024.2.4,120.47370212248029,2025-12-01 13h58.42.820009 -0500,
-8,-15.0,,283,283,0,,,,,,,,,,c-8,negs,100,left,1.093754582994734,None,None,,,,,,,,,,,0,283,283,369,482.9218000000037,,,,,,,,,,,,,,,,,,,,,,,,,,,,,,,,,,,,,,,,,,,,,,,,,,,,,,,,,,,,,,,,482.9132978330017,482.9218000000037,483.4073568330059,483.4073568330059,483.47960816600244,483.47960816600244,484.0267796660046,left,1.093754582994734,None,484.0269066250039,484.0269625410001,None,,,,,,,,,,,,21049991,0,2025-12-01_13h58.34.105,tilt_mocs,2024.2.4,120.47370212248029,2025-12-01 13h58.42.820009 -0500,
-1,0.0,,284,284,0,,,,,,,,,,c-1,noss,0,left,1.0615679170005023,None,None,,,,,,,,,,,0,284,284,817,484.0370384160051,,,,,,,,,,,,,,,,,,,,,,,,,,,,,,,,,,,,,,,,,,,,,,,,,,,,,,,,,,,,,,,,484.0291405829994,484.0370384160051,484.52415366600326,484.52415366600326,484.5960679999989,484.5960679999989,485.1100318750032,left,1.0615679170005023,None,485.11014550000255,485.11018875000445,None,,,,,,,,,,,,21049991,0,2025-12-01_13h58.34.105,tilt_mocs,2024.2.4,120.47370212248029,2025-12-01 13h58.42.820009 -0500,
-2,-15.0,,285,285,0,,,,,,,,,,c-2,negs,100,left,1.0452223749962286,None,None,,,,,,,,,,,0,285,285,516,485.11969916600356,,,,,,,,,,,,,,,,,,,,,,,,,,,,,,,,,,,,,,,,,,,,,,,,,,,,,,,,,,,,,,,,485.1121010410061,485.11969916600356,485.60739625000133,485.60739625000133,485.67947570800607,485.67947570800607,486.1754189580024,left,1.0452223749962286,None,486.1755255829994,486.17558100000315,None,,,,,,,,,,,,21049991,0,2025-12-01_13h58.34.105,tilt_mocs,2024.2.4,120.47370212248029,2025-12-01 13h58.42.820009 -0500,
-4,-15.0,,286,286,0,,,,,,,,,,c-4,negs,100,left,1.1773812499959604,None,None,,,,,,,,,,,0,286,286,500,486.1830378750019,,,,,,,,,,,,,,,,,,,,,,,,,,,,,,,,,,,,,,,,,,,,,,,,,,,,,,,,,,,,,,,,486.1775180410041,486.1830378750019,486.66665466600534,486.66665466600534,486.74826720800047,486.74826720800047,487.365280500002,left,1.1773812499959604,None,487.36538037500577,487.3654215830029,None,,,,,,,,,,,,21049991,0,2025-12-01_13h58.34.105,tilt_mocs,2024.2.4,120.47370212248029,2025-12-01 13h58.42.820009 -0500,
4,15.0,,287,287,0,,,,,,,,,,c+4,poss,100,left,1.0769211660008295,None,None,,,,,,,,,,,0,287,287,179,487.39113966600416,,,,,,,,,,,,,,,,,,,,,,,,,,,,,,,,,,,,,,,,,,,,,,,,,,,,,,,,,,,,,,,,487.3673310410013,487.39113966600416,487.86632154100516,487.86632154100516,487.94122891600273,487.94122891600273,488.4770365410004,left,1.0769211660008295,None,488.4771372500036,488.4771791660023,None,,,,,,,,,,,,21049991,0,2025-12-01_13h58.34.105,tilt_mocs,2024.2.4,120.47370212248029,2025-12-01 13h58.42.820009 -0500,
-6,-15.0,,288,288,0,,,,,,,,,,c-6,negs,100,left,1.077858249998826,None,None,,,,,,,,,,,0,288,288,434,488.48718875000486,,,,,,,,,,,,,,,,,,,,,,,,,,,,,,,,,,,,,,,,,,,,,,,,,,,,,,,,,,,,,,,,488.4791145000054,488.48718875000486,488.97429837500385,488.97429837500385,489.0473376660011,489.0473376660011,489.5922943330006,left,1.077858249998826,None,489.5924142080039,489.59248325000226,None,,,,,,,,,,,,21049991,0,2025-12-01_13h58.34.105,tilt_mocs,2024.2.4,120.47370212248029,2025-12-01 13h58.42.820009 -0500,
2,0.0,,289,289,0,,,,,,,,,,c+2,noss,0,left,1.0505177920058486,None,None,,,,,,,,,,,0,289,289,916,489.60823925000295,,,,,,,,,,,,,,,,,,,,,,,,,,,,,,,,,,,,,,,,,,,,,,,,,,,,,,,,,,,,,,,,489.5948163330031,489.60823925000295,490.0835105830047,490.0835105830047,490.15812041600293,490.15812041600293,490.66997616600565,left,1.0505177920058486,None,490.67008029100543,490.67012216600415,None,,,,,,,,,,,,21049991,0,2025-12-01_13h58.34.105,tilt_mocs,2024.2.4,120.47370212248029,2025-12-01 13h58.42.820009 -0500,
8,15.0,,290,290,0,,,,,,,,,,c+8,poss,100,left,1.160831583001709,None,None,,,,,,,,,,,0,290,290,327,490.67682145800063,,,,,,,,,,,,,,,,,,,,,,,,,,,,,,,,,,,,,,,,,,,,,,,,,,,,,,,,,,,,,,,,490.67207274999964,490.67682145800063,491.16654500000004,491.16654500000004,491.2415680000049,491.2415680000049,491.8433090000035,left,1.160831583001709,None,491.8434081660016,491.8434490830041,None,,,,,,,,,,,,21049991,0,2025-12-01_13h58.34.105,tilt_mocs,2024.2.4,120.47370212248029,2025-12-01 13h58.42.820009 -0500,
2,15.0,,291,291,0,,,,,,,,,,c+2,poss,100,left,1.2321904160053236,None,None,,,,,,,,,,,0,291,291,157,491.85348579100537,,,,,,,,,,,,,,,,,,,,,,,,,,,,,,,,,,,,,,,,,,,,,,,,,,,,,,,,,,,,,,,,491.8453565000018,491.85348579100537,492.34110758300085,492.34110758300085,492.41376170800504,492.41376170800504,493.0932389580048,left,1.2321904160053236,None,493.09333987500577,493.0933804160013,None,,,,,,,,,,,,21049991,0,2025-12-01_13h58.34.105,tilt_mocs,2024.2.4,120.47370212248029,2025-12-01 13h58.42.820009 -0500,
4,15.0,,292,292,0,,,,,,,,,,c+4,poss,100,left,1.1232897919981042,None,None,,,,,,,,,,,0,292,292,220,493.10333675000584,,,,,,,,,,,,,,,,,,,,,,,,,,,,,,,,,,,,,,,,,,,,,,,,,,,,,,,,,,,,,,,,493.09526312500384,493.10333675000584,493.59105666600226,493.59105666600226,493.6635950830023,493.6635950830023,494.23409558300045,left,1.1232897919981042,None,494.23422279100487,494.23428966600477,None,,,,,,,,,,,,21049991,0,2025-12-01_13h58.34.105,tilt_mocs,2024.2.4,120.47370212248029,2025-12-01 13h58.42.820009 -0500,
0,-15.0,,293,293,0,,,,,,,,,,c+0,negs,100,left,1.1950572920031846,None,None,,,,,,,,,,,0,293,293,610,494.24443895800505,,,,,,,,,,,,,,,,,,,,,,,,,,,,,,,,,,,,,,,,,,,,,,,,,,,,,,,,,,,,,,,,494.236688666002,494.24443895800505,494.7334552079992,494.7334552079992,494.80842900000425,494.80842900000425,495.443929208006,left,1.1950572920031846,None,495.4440583750038,495.4441106660015,None,,,,,,,,,,,,21049991,0,2025-12-01_13h58.34.105,tilt_mocs,2024.2.4,120.47370212248029,2025-12-01 13h58.42.820009 -0500,
2,0.0,,294,294,0,,,,,,,,,,c+2,noss,0,right,1.2946602500014706,None,None,,,,,,,,,,,0,294,294,911,495.45423395800026,,,,,,,,,,,,,,,,,,,,,,,,,,,,,,,,,,,,,,,,,,,,,,,,,,,,,,,,,,,,,,,,495.4460596249992,495.45423395800026,495.94114591600373,495.94114591600373,496.01302079100424,496.01302079100424,496.76123879100487,right,1.2946602500014706,None,496.7613917080016,496.7614525829995,None,,,,,,,,,,,,21049991,0,2025-12-01_13h58.34.105,tilt_mocs,2024.2.4,120.47370212248029,2025-12-01 13h58.42.820009 -0500,
4,15.0,,295,295,0,,,,,,,,,,c+4,poss,100,right,1.0536430419961107,None,None,,,,,,,,,,,0,295,295,212,496.7718291660058,,,,,,,,,,,,,,,,,,,,,,,,,,,,,,,,,,,,,,,,,,,,,,,,,,,,,,,,,,,,,,,,496.7636086660059,496.7718291660058,497.2584364159993,497.2584364159993,497.3301383750004,497.3301383750004,497.8279000830007,right,1.0536430419961107,None,497.8280115000016,497.82805400000507,None,,,,,,,,,,,,21049991,0,2025-12-01_13h58.34.105,tilt_mocs,2024.2.4,120.47370212248029,2025-12-01 13h58.42.820009 -0500,
-2,0.0,,296,296,0,,,,,,,,,,c-2,noss,0,left,1.056194124998001,None,None,,,,,,,,,,,0,296,296,780,497.83801408300496,,,,,,,,,,,,,,,,,,,,,,,,,,,,,,,,,,,,,,,,,,,,,,,,,,,,,,,,,,,,,,,,497.83007170800556,497.83801408300496,498.3236827080036,498.3236827080036,498.39676204100397,498.39676204100397,498.89958970800217,left,1.056194124998001,None,498.89971958300157,498.8997735830053,None,,,,,,,,,,,,21049991,0,2025-12-01_13h58.34.105,tilt_mocs,2024.2.4,120.47370212248029,2025-12-01 13h58.42.820009 -0500,
-8,-15.0,,297,297,0,,,,,,,,,,c-8,negs,100,left,1.0429088330056402,None,None,,,,,,,,,,,0,297,297,341,498.9099577500019,,,,,,,,,,,,,,,,,,,,,,,,,,,,,,,,,,,,,,,,,,,,,,,,,,,,,,,,,,,,,,,,498.90186687499954,498.9099577500019,499.400488875006,499.400488875006,499.4750126660001,499.4750126660001,499.960583125001,left,1.0429088330056402,None,499.960709166,499.96076158300275,None,,,,,,,,,,,,21049991,0,2025-12-01_13h58.34.105,tilt_mocs,2024.2.4,120.47370212248029,2025-12-01 13h58.42.820009 -0500,
-2,0.0,,298,298,0,,,,,,,,,,c-2,noss,0,left,1.088156291996711,None,None,,,,,,,,,,,0,298,298,773,499.97068708300503,,,,,,,,,,,,,,,,,,,,,,,,,,,,,,,,,,,,,,,,,,,,,,,,,,,,,,,,,,,,,,,,499.96266629100137,499.97068708300503,500.4580172499991,500.4580172499991,500.5302863750039,500.5302863750039,501.06149295800424,left,1.088156291996711,None,501.0616452910035,501.061695041004,None,,,,,,,,,,,,21049991,0,2025-12-01_13h58.34.105,tilt_mocs,2024.2.4,120.47370212248029,2025-12-01 13h58.42.820009 -0500,
0,15.0,,299,299,0,,,,,,,,,,c+0,poss,100,left,1.0722315829989384,None,None,,,,,,,,,,,0,299,299,94,501.0726992080017,,,,,,,,,,,,,,,,,,,,,,,,,,,,,,,,,,,,,,,,,,,,,,,,,,,,,,,,,,,,,,,,501.06432974999916,501.0726992080017,501.5579739579989,501.5579739579989,501.63037245799933,501.63037245799933,502.1502950409995,left,1.0722315829989384,None,502.15041620800184,502.1504761250035,None,,,,,,,,,,,,21049991,0,2025-12-01_13h58.34.105,tilt_mocs,2024.2.4,120.47370212248029,2025-12-01 13h58.42.820009 -0500,
-2,15.0,,300,300,0,,,,,,,,,,c-2,poss,100,left,1.0810186660019099,None,space,18.612284374998126,None,,,,,,,,,0,300,300,20,502.1608060409999,,,,,,,,,,,,,,,,,,,,,,,,,,,,,,,,,,,,,,,,,,,,,,,,,,,,,,,,,,,,,,,,502.152512749999,502.1608060409999,502.6505302500009,502.6505302500009,502.72536437500094,502.72536437500094,503.24423741600185,left,1.0810186660019099,None,503.2443644580053,521.8675317080051,space,503.2531516250019,503.2531516250019,18.612284374998126,None,,,,,,,,21049991,0,2025-12-01_13h58.34.105,tilt_mocs,2024.2.4,120.47370212248029,2025-12-01 13h58.42.820009 -0500,
4,0.0,,301,301,0,,,,,,,,,,c+4,noss,0,right,1.3484104169983766,None,None,,,,,,,,,,,0,301,301,968,521.878446540999,,,,,,,,,,,,,,,,,,,,,,,,,,,,,,,,,,,,,,,,,,,,,,,,,,,,,,,,,,,,,,,,521.8695503330018,521.878446540999,522.3682037910039,522.3682037910039,522.4426126660037,522.4426126660037,523.238631666005,right,1.3484104169983766,None,523.2387355000028,523.2387804579994,None,,,,,,,,,,,,21049991,0,2025-12-01_13h58.34.105,tilt_mocs,2024.2.4,120.47370212248029,2025-12-01 13h58.42.820009 -0500,
-2,15.0,,302,302,0,,,,,,,,,,c-2,poss,100,left,1.004913167002087,None,None,,,,,,,,,,,0,302,302,38,523.2453331249999,,,,,,,,,,,,,,,,,,,,,,,,,,,,,,,,,,,,,,,,,,,,,,,,,,,,,,,,,,,,,,,,523.2407207080032,523.2453331249999,523.7341325000016,523.7341325000016,523.8093895000056,523.8093895000056,524.2613786250004,left,1.004913167002087,None,524.2615064160054,524.2615596660034,None,,,,,,,,,,,,21049991,0,2025-12-01_13h58.34.105,tilt_mocs,2024.2.4,120.47370212248029,2025-12-01 13h58.42.820009 -0500,
-4,-15.0,,303,303,0,,,,,,,,,,c-4,negs,100,left,0.9712187089971849,None,None,,,,,,,,,,,0,303,303,455,524.2718921660053,,,,,,,,,,,,,,,,,,,,,,,,,,,,,,,,,,,,,,,,,,,,,,,,,,,,,,,,,,,,,,,,524.2637562910022,524.2718921660053,524.7589431250017,524.7589431250017,524.8309475830029,524.8309475830029,525.2455488330015,left,0.9712187089971849,None,525.2456792910016,525.2457326250005,None,,,,,,,,,,,,21049991,0,2025-12-01_13h58.34.105,tilt_mocs,2024.2.4,120.47370212248029,2025-12-01 13h58.42.820009 -0500,
0,15.0,,304,304,0,,,,,,,,,,c+0,poss,100,left,0.942292792002263,None,None,,,,,,,,,,,0,304,304,87,525.2563531660053,,,,,,,,,,,,,,,,,,,,,,,,,,,,,,,,,,,,,,,,,,,,,,,,,,,,,,,,,,,,,,,,525.2480523330014,525.2563531660053,525.7421831250031,525.7421831250031,525.8142585000023,525.8142585000023,526.2010760830017,left,0.942292792002263,None,526.201185416001,526.2012323330055,None,,,,,,,,,,,,21049991,0,2025-12-01_13h58.34.105,tilt_mocs,2024.2.4,120.47370212248029,2025-12-01 13h58.42.820009 -0500,
-2,15.0,,305,305,0,,,,,,,,,,c-2,poss,100,left,0.9559590420030872,None,None,,,,,,,,,,,0,305,305,19,526.211462750005,,,,,,,,,,,,,,,,,,,,,,,,,,,,,,,,,,,,,,,,,,,,,,,,,,,,,,,,,,,,,,,,526.2031374580038,526.211462750005,526.7022365830053,526.7022365830053,526.776104083001,526.776104083001,527.1785397500062,left,0.9559590420030872,None,527.1787034580047,527.1787612910048,None,,,,,,,,,,,,21049991,0,2025-12-01_13h58.34.105,tilt_mocs,2024.2.4,120.47370212248029,2025-12-01 13h58.42.820009 -0500,
-6,-15.0,,306,306,0,,,,,,,,,,c-6,negs,100,left,0.9527049159951275,None,None,,,,,,,,,,,0,306,306,408,527.1902834159991,,,,,,,,,,,,,,,,,,,,,,,,,,,,,,,,,,,,,,,,,,,,,,,,,,,,,,,,,,,,,,,,527.1820037910002,527.1902834159991,527.6757063330006,527.6757063330006,527.748066250002,527.748066250002,528.1460479160014,left,0.9527049159951275,None,528.1462016250007,528.1462947079999,None,,,,,,,,,,,,21049991,0,2025-12-01_13h58.34.105,tilt_mocs,2024.2.4,120.47370212248029,2025-12-01 13h58.42.820009 -0500,
-4,-15.0,,307,307,0,,,,,,,,,,c-4,negs,100,left,0.9366544160002377,None,None,,,,,,,,,,,0,307,307,493,528.1564598750047,,,,,,,,,,,,,,,,,,,,,,,,,,,,,,,,,,,,,,,,,,,,,,,,,,,,,,,,,,,,,,,,528.1483914580022,528.1564598750047,528.6424665000013,528.6424665000013,528.7148353330049,528.7148353330049,529.0957311250022,left,0.9366544160002377,None,529.0959798330005,529.0960792080004,None,,,,,,,,,,,,21049991,0,2025-12-01_13h58.34.105,tilt_mocs,2024.2.4,120.47370212248029,2025-12-01 13h58.42.820009 -0500,
2,0.0,,308,308,0,,,,,,,,,,c+2,noss,0,right,0.9798273749984219,None,None,,,,,,,,,,,0,308,308,940,529.1069934160041,,,,,,,,,,,,,,,,,,,,,,,,,,,,,,,,,,,,,,,,,,,,,,,,,,,,,,,,,,,,,,,,529.0985532500054,529.1069934160041,529.592296666,529.592296666,529.6645252080052,529.6645252080052,530.0949927910042,right,0.9798273749984219,None,530.095096875004,530.0951386250017,None,,,,,,,,,,,,21049991,0,2025-12-01_13h58.34.105,tilt_mocs,2024.2.4,120.47370212248029,2025-12-01 13h58.42.820009 -0500,
0,-15.0,,309,309,0,,,,,,,,,,c+0,negs,100,left,1.0044792920016334,None,None,,,,,,,,,,,0,309,309,596,530.1052651249993,,,,,,,,,,,,,,,,,,,,,,,,,,,,,,,,,,,,,,,,,,,,,,,,,,,,,,,,,,,,,,,,530.0971160000045,530.1052651249993,530.5923012910062,530.5923012910062,530.6644836660053,530.6644836660053,531.1128651250037,left,1.0044792920016334,None,531.1129960000035,531.1130517080019,None,,,,,,,,,,,,21049991,0,2025-12-01_13h58.34.105,tilt_mocs,2024.2.4,120.47370212248029,2025-12-01 13h58.42.820009 -0500,
2,0.0,,310,310,0,,,,,,,,,,c+2,noss,0,left,0.9536291249969508,None,None,,,,,,,,,,,0,310,310,939,531.1232627909994,,,,,,,,,,,,,,,,,,,,,,,,,,,,,,,,,,,,,,,,,,,,,,,,,,,,,,,,,,,,,,,,531.1152670410011,531.1232627909994,531.6091694999996,531.6091694999996,531.6823106660013,531.6823106660013,532.0799161660034,left,0.9536291249969508,None,532.0800637909997,532.0801196660032,None,,,,,,,,,,,,21049991,0,2025-12-01_13h58.34.105,tilt_mocs,2024.2.4,120.47370212248029,2025-12-01 13h58.42.820009 -0500,
0,15.0,,311,311,0,,,,,,,,,,c+0,poss,100,left,0.9957697499994538,None,None,,,,,,,,,,,0,311,311,64,532.0904462079998,,,,,,,,,,,,,,,,,,,,,,,,,,,,,,,,,,,,,,,,,,,,,,,,,,,,,,,,,,,,,,,,532.0823783330052,532.0904462079998,532.5758547910009,532.5758547910009,532.6487360829997,532.6487360829997,533.0950622500022,left,0.9957697499994538,None,533.0951909580035,533.0952427500015,None,,,,,,,,,,,,21049991,0,2025-12-01_13h58.34.105,tilt_mocs,2024.2.4,120.47370212248029,2025-12-01 13h58.42.820009 -0500,
0,15.0,,312,312,0,,,,,,,,,,c+0,poss,100,left,0.9550291249979637,None,None,,,,,,,,,,,0,312,312,67,533.105436333004,,,,,,,,,,,,,,,,,,,,,,,,,,,,,,,,,,,,,,,,,,,,,,,,,,,,,,,,,,,,,,,,533.0972214580033,533.105436333004,533.5925695000042,533.5925695000042,533.6654022500006,533.6654022500006,534.0633467080042,left,0.9550291249979637,None,534.0635808330044,534.0636546660025,None,,,,,,,,,,,,21049991,0,2025-12-01_13h58.34.105,tilt_mocs,2024.2.4,120.47370212248029,2025-12-01 13h58.42.820009 -0500,
-1,0.0,,313,313,0,,,,,,,,,,c-1,noss,0,left,0.9722451249981532,None,None,,,,,,,,,,,0,313,313,787,534.075116,,,,,,,,,,,,,,,,,,,,,,,,,,,,,,,,,,,,,,,,,,,,,,,,,,,,,,,,,,,,,,,,534.0663907500057,534.075116,534.5592745410031,534.5592745410031,534.6328590830017,534.6328590830017,535.0514123750036,left,0.9722451249981532,None,535.0515481660041,535.0516012500011,None,,,,,,,,,,,,21049991,0,2025-12-01_13h58.34.105,tilt_mocs,2024.2.4,120.47370212248029,2025-12-01 13h58.42.820009 -0500,
-2,15.0,,314,314,0,,,,,,,,,,c-2,poss,100,left,0.9427175000018906,None,None,,,,,,,,,,,0,314,314,46,535.0618630829995,,,,,,,,,,,,,,,,,,,,,,,,,,,,,,,,,,,,,,,,,,,,,,,,,,,,,,,,,,,,,,,,535.053568000003,535.0618630829995,535.5522145409996,535.5522145409996,535.6266579580042,535.6266579580042,536.0113930000007,left,0.9427175000018906,None,536.0114956250036,536.0115358330004,None,,,,,,,,,,,,21049991,0,2025-12-01_13h58.34.105,tilt_mocs,2024.2.4,120.47370212248029,2025-12-01 13h58.42.820009 -0500,
-6,-15.0,,315,315,0,,,,,,,,,,c-6,negs,100,left,0.9512620419991435,None,None,,,,,,,,,,,0,315,315,420,536.0217975410051,,,,,,,,,,,,,,,,,,,,,,,,,,,,,,,,,,,,,,,,,,,,,,,,,,,,,,,,,,,,,,,,536.0134752500016,536.0217975410051,536.5093685000029,536.5093685000029,536.5828479580014,536.5828479580014,536.9786575000035,left,0.9512620419991435,None,536.9787845410028,536.978836166003,None,,,,,,,,,,,,21049991,0,2025-12-01_13h58.34.105,tilt_mocs,2024.2.4,120.47370212248029,2025-12-01 13h58.42.820009 -0500,
2,0.0,,316,316,0,,,,,,,,,,c+2,noss,0,right,0.9413235419997363,None,None,,,,,,,,,,,0,316,316,942,536.989039125001,,,,,,,,,,,,,,,,,,,,,,,,,,,,,,,,,,,,,,,,,,,,,,,,,,,,,,,,,,,,,,,,536.9807978329991,536.989039125001,537.4758783750003,537.4758783750003,537.5600047500047,537.5600047500047,537.9339475000015,right,0.9413235419997363,None,537.934074290999,537.9341267910058,None,,,,,,,,,,,,21049991,0,2025-12-01_13h58.34.105,tilt_mocs,2024.2.4,120.47370212248029,2025-12-01 13h58.42.820009 -0500,
-2,15.0,,317,317,0,,,,,,,,,,c-2,poss,100,left,0.9615419159963494,None,None,,,,,,,,,,,0,317,317,40,537.9594107500016,,,,,,,,,,,,,,,,,,,,,,,,,,,,,,,,,,,,,,,,,,,,,,,,,,,,,,,,,,,,,,,,537.936066000002,537.9594107500016,538.4358021250009,538.4358021250009,538.5098964999997,538.5098964999997,538.928660125006,left,0.9615419159963494,None,538.9287639160029,538.9288054580029,None,,,,,,,,,,,,21049991,0,2025-12-01_13h58.34.105,tilt_mocs,2024.2.4,120.47370212248029,2025-12-01 13h58.42.820009 -0500,
-2,15.0,,318,318,0,,,,,,,,,,c-2,poss,100,left,0.9392981249984587,None,None,,,,,,,,,,,0,318,318,12,538.9386100410047,,,,,,,,,,,,,,,,,,,,,,,,,,,,,,,,,,,,,,,,,,,,,,,,,,,,,,,,,,,,,,,,538.9307248750047,538.9386100410047,539.4262756250027,539.4262756250027,539.4981137909999,539.4981137909999,539.8844085000019,left,0.9392981249984587,None,539.8845407910048,539.8845971660048,None,,,,,,,,,,,,21049991,0,2025-12-01_13h58.34.105,tilt_mocs,2024.2.4,120.47370212248029,2025-12-01 13h58.42.820009 -0500,
-1,0.0,,319,319,0,,,,,,,,,,c-1,noss,0,left,1.2080601659981767,None,None,,,,,,,,,,,0,319,319,815,539.8953427500019,,,,,,,,,,,,,,,,,,,,,,,,,,,,,,,,,,,,,,,,,,,,,,,,,,,,,,,,,,,,,,,,539.8867124579992,539.8953427500019,540.3863389580001,540.3863389580001,540.4599430830058,540.4599430830058,541.1128662080009,left,1.2080601659981767,None,541.1130138330045,541.1130700409994,None,,,,,,,,,,,,21049991,0,2025-12-01_13h58.34.105,tilt_mocs,2024.2.4,120.47370212248029,2025-12-01 13h58.42.820009 -0500,
-2,15.0,,320,320,0,,,,,,,,,,c-2,poss,100,left,0.9860966670021298,None,None,,,,,,,,,,,0,320,320,10,541.1241256659996,,,,,,,,,,,,,,,,,,,,,,,,,,,,,,,,,,,,,,,,,,,,,,,,,,,,,,,,,,,,,,,,541.1156221660058,541.1241256659996,541.6093696250027,541.6093696250027,541.6818071660018,541.6818071660018,542.112916500002,left,0.9860966670021298,None,542.1130697910048,542.1132093750057,None,,,,,,,,,,,,21049991,0,2025-12-01_13h58.34.105,tilt_mocs,2024.2.4,120.47370212248029,2025-12-01 13h58.42.820009 -0500,
-6,-15.0,,321,321,0,,,,,,,,,,c-6,negs,100,left,0.9900113340045209,None,None,,,,,,,,,,,0,321,321,437,542.123852458004,,,,,,,,,,,,,,,,,,,,,,,,,,,,,,,,,,,,,,,,,,,,,,,,,,,,,,,,,,,,,,,,542.1156817910014,542.123852458004,542.6093922500004,542.6093922500004,542.6832207500047,542.6832207500047,543.1174910000045,left,0.9900113340045209,None,543.1176125410057,543.117663791003,None,,,,,,,,,,,,21049991,0,2025-12-01_13h58.34.105,tilt_mocs,2024.2.4,120.47370212248029,2025-12-01 13h58.42.820009 -0500,
-4,0.0,,322,322,0,,,,,,,,,,c-4,noss,0,left,0.9501649160010857,None,None,,,,,,,,,,,0,322,322,703,543.1279425829998,,,,,,,,,,,,,,,,,,,,,,,,,,,,,,,,,,,,,,,,,,,,,,,,,,,,,,,,,,,,,,,,543.1198619999996,543.1279425829998,543.6192191660011,543.6192191660011,543.6933873750022,543.6933873750022,544.0837576660051,left,0.9501649160010857,None,544.0838537080053,544.0838942080009,None,,,,,,,,,,,,21049991,0,2025-12-01_13h58.34.105,tilt_mocs,2024.2.4,120.47370212248029,2025-12-01 13h58.42.820009 -0500,
-4,0.0,,323,323,0,,,,,,,,,,c-4,noss,0,left,0.934057041995402,None,None,,,,,,,,,,,0,323,323,695,544.1096243749998,,,,,,,,,,,,,,,,,,,,,,,,,,,,,,,,,,,,,,,,,,,,,,,,,,,,,,,,,,,,,,,,544.085780458001,544.1096243749998,544.585461583003,544.585461583003,544.6599955410056,544.6599955410056,545.046928415999,left,0.934057041995402,None,545.0470700000005,545.0471333750029,None,,,,,,,,,,,,21049991,0,2025-12-01_13h58.34.105,tilt_mocs,2024.2.4,120.47370212248029,2025-12-01 13h58.42.820009 -0500,
2,15.0,,324,324,0,,,,,,,,,,c+2,poss,100,left,1.0860396249991027,None,None,,,,,,,,,,,0,324,324,167,545.057606375005,,,,,,,,,,,,,,,,,,,,,,,,,,,,,,,,,,,,,,,,,,,,,,,,,,,,,,,,,,,,,,,,545.0496111660032,545.057606375005,545.5430558750013,545.5430558750013,545.614869916004,545.614869916004,546.1460942080012,left,1.0860396249991027,None,546.1462200829992,546.1462730830026,None,,,,,,,,,,,,21049991,0,2025-12-01_13h58.34.105,tilt_mocs,2024.2.4,120.47370212248029,2025-12-01 13h58.42.820009 -0500,
0,15.0,,325,325,0,,,,,,,,,,c+0,poss,100,left,1.0108367089997046,None,None,,,,,,,,,,,0,325,325,106,546.1568074160023,,,,,,,,,,,,,,,,,,,,,,,,,,,,,,,,,,,,,,,,,,,,,,,,,,,,,,,,,,,,,,,,546.1487510000006,546.1568074160023,546.6430596249993,546.6430596249993,546.7152314580017,546.7152314580017,547.1706316660056,left,1.0108367089997046,None,547.1707769999994,547.1708339160032,None,,,,,,,,,,,,21049991,0,2025-12-01_13h58.34.105,tilt_mocs,2024.2.4,120.47370212248029,2025-12-01 13h58.42.820009 -0500,
-4,-15.0,,326,326,0,,,,,,,,,,c-4,negs,100,left,1.0575109589990461,None,None,,,,,,,,,,,0,326,326,465,547.1802173750038,,,,,,,,,,,,,,,,,,,,,,,,,,,,,,,,,,,,,,,,,,,,,,,,,,,,,,,,,,,,,,,,547.1730804580002,547.1802173750038,547.6688135410004,547.6688135410004,547.7436061250046,547.7436061250046,548.2456485830044,left,1.0575109589990461,None,548.2458007080058,548.2458560410014,None,,,,,,,,,,,,21049991,0,2025-12-01_13h58.34.105,tilt_mocs,2024.2.4,120.47370212248029,2025-12-01 13h58.42.820009 -0500,
2,15.0,,327,327,0,,,,,,,,,,c+2,poss,100,left,1.7637778330026777,None,None,,,,,,,,,,,0,327,327,136,548.2572455000045,,,,,,,,,,,,,,,,,,,,,,,,,,,,,,,,,,,,,,,,,,,,,,,,,,,,,,,,,,,,,,,,548.2489202500001,548.2572455000045,548.7431971250044,548.7431971250044,548.8152681249994,548.8152681249994,550.0290005830029,left,1.7637778330026777,None,550.029129333001,550.0291882500023,None,,,,,,,,,,,,21049991,0,2025-12-01_13h58.34.105,tilt_mocs,2024.2.4,120.47370212248029,2025-12-01 13h58.42.820009 -0500,
0,-15.0,,328,328,0,,,,,,,,,,c+0,negs,100,right,1.1374694999976782,None,None,,,,,,,,,,,0,328,328,614,550.0397367910045,,,,,,,,,,,,,,,,,,,,,,,,,,,,,,,,,,,,,,,,,,,,,,,,,,,,,,,,,,,,,,,,550.0315476660035,550.0397367910045,550.5264615000051,550.5264615000051,550.5994693329994,550.5994693329994,551.1800227909989,right,1.1374694999976782,None,551.1801746660058,551.1802359159992,None,,,,,,,,,,,,21049991,0,2025-12-01_13h58.34.105,tilt_mocs,2024.2.4,120.47370212248029,2025-12-01 13h58.42.820009 -0500,
8,15.0,,329,329,0,,,,,,,,,,c+8,poss,100,right,0.9589651669957675,None,None,,,,,,,,,,,0,329,329,283,551.1908773329997,,,,,,,,,,,,,,,,,,,,,,,,,,,,,,,,,,,,,,,,,,,,,,,,,,,,,,,,,,,,,,,,551.1826476249989,551.1908773329997,551.6766141250046,551.6766141250046,551.7495345000061,551.7495345000061,552.1624430830052,right,0.9589651669957675,None,552.162576666,552.1626500410057,None,,,,,,,,,,,,21049991,0,2025-12-01_13h58.34.105,tilt_mocs,2024.2.4,120.47370212248029,2025-12-01 13h58.42.820009 -0500,
6,15.0,,330,330,0,,,,,,,,,,c+6,poss,100,right,0.9334631669989903,None,None,,,,,,,,,,,0,330,330,255,552.1729664160011,,,,,,,,,,,,,,,,,,,,,,,,,,,,,,,,,,,,,,,,,,,,,,,,,,,,,,,,,,,,,,,,552.165059291001,552.1729664160011,552.6597870410042,552.6597870410042,552.7317174580021,552.7317174580021,553.1119422910051,right,0.9334631669989903,None,553.1120467910005,553.1120894160049,None,,,,,,,,,,,,21049991,0,2025-12-01_13h58.34.105,tilt_mocs,2024.2.4,120.47370212248029,2025-12-01 13h58.42.820009 -0500,
0,-15.0,,331,331,0,,,,,,,,,,c+0,negs,100,right,0.948427499999525,None,None,,,,,,,,,,,0,331,331,581,553.1223225409994,,,,,,,,,,,,,,,,,,,,,,,,,,,,,,,,,,,,,,,,,,,,,,,,,,,,,,,,,,,,,,,,553.1140224160044,553.1223225409994,553.6098665829995,553.6098665829995,553.6821975000057,553.6821975000057,554.0790156250005,right,0.948427499999525,None,554.0791179160005,554.079160541005,None,,,,,,,,,,,,21049991,0,2025-12-01_13h58.34.105,tilt_mocs,2024.2.4,120.47370212248029,2025-12-01 13h58.42.820009 -0500,
4,15.0,,332,332,0,,,,,,,,,,c+4,poss,100,right,0.9219804579988704,None,None,,,,,,,,,,,0,332,332,217,554.0893643330055,,,,,,,,,,,,,,,,,,,,,,,,,,,,,,,,,,,,,,,,,,,,,,,,,,,,,,,,,,,,,,,,554.0810861659993,554.0893643330055,554.5766767500027,554.5766767500027,554.648456916002,554.648456916002,555.0224159160061,right,0.9219804579988704,None,555.0225237500053,555.0225725830023,None,,,,,,,,,,,,21049991,0,2025-12-01_13h58.34.105,tilt_mocs,2024.2.4,120.47370212248029,2025-12-01 13h58.42.820009 -0500,
2,0.0,,333,333,0,,,,,,,,,,c+2,noss,0,right,0.9558072919971892,None,None,,,,,,,,,,,0,333,333,914,555.029224124999,,,,,,,,,,,,,,,,,,,,,,,,,,,,,,,,,,,,,,,,,,,,,,,,,,,,,,,,,,,,,,,,555.0245402910004,555.029224124999,555.518763,555.518763,555.5939047499996,555.5939047499996,555.9960843330045,right,0.9558072919971892,None,555.9962132500004,555.9962676659998,None,,,,,,,,,,,,21049991,0,2025-12-01_13h58.34.105,tilt_mocs,2024.2.4,120.47370212248029,2025-12-01 13h58.42.820009 -0500,
0,-15.0,,334,334,0,,,,,,,,,,c+0,negs,100,right,0.9872849589955877,None,None,,,,,,,,,,,0,334,334,579,556.0062535830002,,,,,,,,,,,,,,,,,,,,,,,,,,,,,,,,,,,,,,,,,,,,,,,,,,,,,,,,,,,,,,,,555.9982315410016,556.0062535830002,556.4933882500045,556.4933882500045,556.5654155000011,556.5654155000011,556.9960874160024,right,0.9872849589955877,None,556.9962163750024,556.9962693330017,None,,,,,,,,,,,,21049991,0,2025-12-01_13h58.34.105,tilt_mocs,2024.2.4,120.47370212248029,2025-12-01 13h58.42.820009 -0500,
8,15.0,,335,335,0,,,,,,,,,,c+8,poss,100,right,1.1706208340037847,None,None,,,,,,,,,,,0,335,335,281,557.0069418330022,,,,,,,,,,,,,,,,,,,,,,,,,,,,,,,,,,,,,,,,,,,,,,,,,,,,,,,,,,,,,,,,556.9986908330029,557.0069418330022,557.4926504579998,557.4926504579998,557.5655827080045,557.5655827080045,558.1801445000019,right,1.1706208340037847,None,558.1802803329992,558.1803337910023,None,,,,,,,,,,,,21049991,0,2025-12-01_13h58.34.105,tilt_mocs,2024.2.4,120.47370212248029,2025-12-01 13h58.42.820009 -0500,
-4,0.0,,336,336,0,,,,,,,,,,c-4,noss,0,left,1.2742801670028712,None,None,,,,,,,,,,,0,336,336,724,558.191173457999,,,,,,,,,,,,,,,,,,,,,,,,,,,,,,,,,,,,,,,,,,,,,,,,,,,,,,,,,,,,,,,,558.1827595409995,558.191173457999,558.6766721660024,558.6766721660024,558.7498427500032,558.7498427500032,559.4689454580002,left,1.2742801670028712,None,559.4690726250046,559.4691261660046,None,,,,,,,,,,,,21049991,0,2025-12-01_13h58.34.105,tilt_mocs,2024.2.4,120.47370212248029,2025-12-01 13h58.42.820009 -0500,
4,0.0,,337,337,0,,,,,,,,,,c+4,noss,0,right,1.0931287499988684,None,None,,,,,,,,,,,0,337,337,988,559.479519833003,,,,,,,,,,,,,,,,,,,,,,,,,,,,,,,,,,,,,,,,,,,,,,,,,,,,,,,,,,,,,,,,559.4713593750057,559.479519833003,559.9691497080057,559.9691497080057,560.0440178749996,560.0440178749996,560.5799454580047,right,1.0931287499988684,None,560.5801009160059,560.5801610410053,None,,,,,,,,,,,,21049991,0,2025-12-01_13h58.34.105,tilt_mocs,2024.2.4,120.47370212248029,2025-12-01 13h58.42.820009 -0500,
4,0.0,,338,338,0,,,,,,,,,,c+4,noss,0,right,1.0040629590002936,None,None,,,,,,,,,,,0,338,338,1001,560.5904627080017,,,,,,,,,,,,,,,,,,,,,,,,,,,,,,,,,,,,,,,,,,,,,,,,,,,,,,,,,,,,,,,,560.5823602910023,560.5904627080017,561.0768353750027,561.0768353750027,561.1487387080051,561.1487387080051,561.5975525410031,right,1.0040629590002936,None,561.597692166004,561.5977536249993,None,,,,,,,,,,,,21049991,0,2025-12-01_13h58.34.105,tilt_mocs,2024.2.4,120.47370212248029,2025-12-01 13h58.42.820009 -0500,
-8,-15.0,,339,339,0,,,,,,,,,,c-8,negs,100,left,0.9443492920036078,None,None,,,,,,,,,,,0,339,339,363,561.6084780000019,,,,,,,,,,,,,,,,,,,,,,,,,,,,,,,,,,,,,,,,,,,,,,,,,,,,,,,,,,,,,,,,561.6000185830053,561.6084780000019,562.0934321250024,562.0934321250024,562.1664389159996,562.1664389159996,562.5629291250007,left,0.9443492920036078,None,562.5630560409991,562.5631090000024,None,,,,,,,,,,,,21049991,0,2025-12-01_13h58.34.105,tilt_mocs,2024.2.4,120.47370212248029,2025-12-01 13h58.42.820009 -0500,
2,15.0,,340,340,0,,,,,,,,,,c+2,poss,100,right,0.9484748749964638,None,None,,,,,,,,,,,0,340,340,154,562.5735166250015,,,,,,,,,,,,,,,,,,,,,,,,,,,,,,,,,,,,,,,,,,,,,,,,,,,,,,,,,,,,,,,,562.5652087500057,562.5735166250015,563.0602321660044,563.0602321660044,563.1332417500016,563.1332417500016,563.5297042080056,right,0.9484748749964638,None,563.5298672499994,563.529921375004,None,,,,,,,,,,,,21049991,0,2025-12-01_13h58.34.105,tilt_mocs,2024.2.4,120.47370212248029,2025-12-01 13h58.42.820009 -0500,
6,15.0,,341,341,0,,,,,,,,,,c+6,poss,100,right,0.9985222079994855,None,None,,,,,,,,,,,0,341,341,234,563.5409751660045,,,,,,,,,,,,,,,,,,,,,,,,,,,,,,,,,,,,,,,,,,,,,,,,,,,,,,,,,,,,,,,,563.532546541006,563.5409751660045,564.026900583005,564.026900583005,564.0997778750025,564.0997778750025,564.5461895410044,right,0.9985222079994855,None,564.5463167080015,564.5463739580009,None,,,,,,,,,,,,21049991,0,2025-12-01_13h58.34.105,tilt_mocs,2024.2.4,120.47370212248029,2025-12-01 13h58.42.820009 -0500,
2,0.0,,342,342,0,,,,,,,,,,c+2,noss,0,right,1.0643701250010054,None,None,,,,,,,,,,,0,342,342,944,564.5571424160007,,,,,,,,,,,,,,,,,,,,,,,,,,,,,,,,,,,,,,,,,,,,,,,,,,,,,,,,,,,,,,,,564.5487638330014,564.5571424160007,565.043732916005,565.043732916005,565.1171263750002,565.1171263750002,565.6296575830056,right,1.0643701250010054,None,565.6297796660001,565.629833291001,None,,,,,,,,,,,,21049991,0,2025-12-01_13h58.34.105,tilt_mocs,2024.2.4,120.47370212248029,2025-12-01 13h58.42.820009 -0500,
2,0.0,,343,343,0,,,,,,,,,,c+2,noss,0,right,0.9147109590048785,None,None,,,,,,,,,,,0,343,343,950,565.6399752500001,,,,,,,,,,,,,,,,,,,,,,,,,,,,,,,,,,,,,,,,,,,,,,,,,,,,,,,,,,,,,,,,565.6320522500027,565.6399752500001,566.1269350000002,566.1269350000002,566.1990673750042,566.1990673750042,566.5632072080043,right,0.9147109590048785,None,566.563341208006,566.5633950410047,None,,,,,,,,,,,,21049991,0,2025-12-01_13h58.34.105,tilt_mocs,2024.2.4,120.47370212248029,2025-12-01 13h58.42.820009 -0500,
-2,0.0,,344,344,0,,,,,,,,,,c-2,noss,0,left,1.0787338749942137,None,None,,,,,,,,,,,0,344,344,777,566.5736572910027,,,,,,,,,,,,,,,,,,,,,,,,,,,,,,,,,,,,,,,,,,,,,,,,,,,,,,,,,,,,,,,,566.565535791,566.5736572910027,567.0603163750056,567.0603163750056,567.1338602500036,567.1338602500036,567.6630535410004,left,1.0787338749942137,None,567.6631755830022,567.6632267910027,None,,,,,,,,,,,,21049991,0,2025-12-01_13h58.34.105,tilt_mocs,2024.2.4,120.47370212248029,2025-12-01 13h58.42.820009 -0500,
0,15.0,,345,345,0,,,,,,,,,,c+0,poss,100,left,0.9766440419989522,None,None,,,,,,,,,,,0,345,345,85,567.6732780830062,,,,,,,,,,,,,,,,,,,,,,,,,,,,,,,,,,,,,,,,,,,,,,,,,,,,,,,,,,,,,,,,567.6654575409993,567.6732780830062,568.1604304159991,568.1604304159991,568.232282500001,568.232282500001,568.6529308329991,left,0.9766440419989522,None,568.6530307499997,568.6530765000061,None,,,,,,,,,,,,21049991,0,2025-12-01_13h58.34.105,tilt_mocs,2024.2.4,120.47370212248029,2025-12-01 13h58.42.820009 -0500,
8,15.0,,346,346,0,,,,,,,,,,c+8,poss,100,right,1.0034878330043284,None,None,,,,,,,,,,,0,346,346,300,568.6632357910057,,,,,,,,,,,,,,,,,,,,,,,,,,,,,,,,,,,,,,,,,,,,,,,,,,,,,,,,,,,,,,,,568.6549799999993,568.6632357910057,569.1526172910017,569.1526172910017,569.2274992500024,569.2274992500024,569.6690392500022,right,1.0034878330043284,None,569.6691434580061,569.6691847910042,None,,,,,,,,,,,,21049991,0,2025-12-01_13h58.34.105,tilt_mocs,2024.2.4,120.47370212248029,2025-12-01 13h58.42.820009 -0500,
-4,-15.0,,347,347,0,,,,,,,,,,c-4,negs,100,right,0.9501509580004495,None,None,,,,,,,,,,,0,347,347,459,569.679184790999,,,,,,,,,,,,,,,,,,,,,,,,,,,,,,,,,,,,,,,,,,,,,,,,,,,,,,,,,,,,,,,,569.6710837499995,569.679184790999,570.1693442910037,570.1693442910037,570.2443803330025,570.2443803330025,570.6353336660031,right,0.9501509580004495,None,570.6354542500048,570.6355078750057,None,,,,,,,,,,,,21049991,0,2025-12-01_13h58.34.105,tilt_mocs,2024.2.4,120.47370212248029,2025-12-01 13h58.42.820009 -0500,
4,15.0,,348,348,0,,,,,,,,,,c+4,poss,100,right,1.169599750006455,None,None,,,,,,,,,,,0,348,348,187,570.6456519580024,,,,,,,,,,,,,,,,,,,,,,,,,,,,,,,,,,,,,,,,,,,,,,,,,,,,,,,,,,,,,,,,570.6374811659989,570.6456519580024,571.1363428330005,571.1363428330005,571.2110114160023,571.2110114160023,571.8183512079995,right,1.169599750006455,None,571.818472040999,571.8185235000055,None,,,,,,,,,,,,21049991,0,2025-12-01_13h58.34.105,tilt_mocs,2024.2.4,120.47370212248029,2025-12-01 13h58.42.820009 -0500,
-2,15.0,,349,349,0,,,,,,,,,,c-2,poss,100,left,1.0697776669985615,None,None,,,,,,,,,,,0,349,349,36,571.8288234580032,,,,,,,,,,,,,,,,,,,,,,,,,,,,,,,,,,,,,,,,,,,,,,,,,,,,,,,,,,,,,,,,571.8207767909989,571.8288234580032,572.3197274160048,572.3197274160048,572.394492708001,572.394492708001,572.9015757080051,left,1.0697776669985615,None,572.9016777080033,572.9017205000055,None,,,,,,,,,,,,21049991,0,2025-12-01_13h58.34.105,tilt_mocs,2024.2.4,120.47370212248029,2025-12-01 13h58.42.820009 -0500,
-2,-15.0,,350,350,0,,,,,,,,,,c-2,negs,100,right,1.0806817089978722,None,None,,,,,,,,,,,0,350,350,519,572.9272671250001,,,,,,,,,,,,,,,,,,,,,,,,,,,,,,,,,,,,,,,,,,,,,,,,,,,,,,,,,,,,,,,,572.9036266250041,572.9272671250001,573.4032121660057,573.4032121660057,573.4777860000031,573.4777860000031,574.012860916002,right,1.0806817089978722,None,574.0130007910047,574.0130621659991,None,,,,,,,,,,,,21049991,0,2025-12-01_13h58.34.105,tilt_mocs,2024.2.4,120.47370212248029,2025-12-01 13h58.42.820009 -0500,
2,-15.0,,351,351,0,,,,,,,,,,c+2,negs,100,right,1.0585976670045056,None,None,,,,,,,,,,,0,351,351,625,574.0230902500043,,,,,,,,,,,,,,,,,,,,,,,,,,,,,,,,,,,,,,,,,,,,,,,,,,,,,,,,,,,,,,,,574.0152608749995,574.0230902500043,574.5105491249997,574.5105491249997,574.5827081660027,574.5827081660027,575.0856124999991,right,1.0585976670045056,None,575.0857424580026,575.0857934580054,None,,,,,,,,,,,,21049991,0,2025-12-01_13h58.34.105,tilt_mocs,2024.2.4,120.47370212248029,2025-12-01 13h58.42.820009 -0500,
-4,0.0,,352,352,0,,,,,,,,,,c-4,noss,0,left,1.0577235839955392,None,None,,,,,,,,,,,0,352,352,715,575.0959397080005,,,,,,,,,,,,,,,,,,,,,,,,,,,,,,,,,,,,,,,,,,,,,,,,,,,,,,,,,,,,,,,,575.0878689580059,575.0959397080005,575.5859950000013,575.5859950000013,575.6611832080016,575.6611832080016,576.1637532910026,left,1.0577235839955392,None,576.1639297080037,576.1639832910005,None,,,,,,,,,,,,21049991,0,2025-12-01_13h58.34.105,tilt_mocs,2024.2.4,120.47370212248029,2025-12-01 13h58.42.820009 -0500,
-2,-15.0,,353,353,0,,,,,,,,,,c-2,negs,100,left,1.0360919169979752,None,None,,,,,,,,,,,0,353,353,509,576.1758300000001,,,,,,,,,,,,,,,,,,,,,,,,,,,,,,,,,,,,,,,,,,,,,,,,,,,,,,,,,,,,,,,,576.1673117910032,576.1758300000001,576.660649041005,576.660649041005,576.732795666001,576.732795666001,577.2148988330009,left,1.0360919169979752,None,577.2150612500045,577.2151319580007,None,,,,,,,,,,,,21049991,0,2025-12-01_13h58.34.105,tilt_mocs,2024.2.4,120.47370212248029,2025-12-01 13h58.42.820009 -0500,
8,15.0,,354,354,0,,,,,,,,,,c+8,poss,100,right,1.0600962919997983,None,None,,,,,,,,,,,0,354,354,310,577.2255671660023,,,,,,,,,,,,,,,,,,,,,,,,,,,,,,,,,,,,,,,,,,,,,,,,,,,,,,,,,,,,,,,,577.2174259580061,577.2255671660023,577.7108924999993,577.7108924999993,577.7826865829993,577.7826865829993,578.2967625830061,right,1.0600962919997983,None,578.2968665830049,578.2969095000008,None,,,,,,,,,,,,21049991,0,2025-12-01_13h58.34.105,tilt_mocs,2024.2.4,120.47370212248029,2025-12-01 13h58.42.820009 -0500,
2,0.0,,355,355,0,,,,,,,,,,c+2,noss,0,right,1.0497225420040195,None,None,,,,,,,,,,,0,355,355,925,578.306778582999,,,,,,,,,,,,,,,,,,,,,,,,,,,,,,,,,,,,,,,,,,,,,,,,,,,,,,,,,,,,,,,,578.2987917909995,578.306778582999,578.7940711250048,578.7940711250048,578.8660094160005,578.8660094160005,579.3633973750038,right,1.0497225420040195,None,579.3635216660041,579.3635756250005,None,,,,,,,,,,,,21049991,0,2025-12-01_13h58.34.105,tilt_mocs,2024.2.4,120.47370212248029,2025-12-01 13h58.42.820009 -0500,
-2,0.0,,356,356,0,,,,,,,,,,c-2,noss,0,left,1.1205407499946887,None,None,,,,,,,,,,,0,356,356,739,579.3739279580041,,,,,,,,,,,,,,,,,,,,,,,,,,,,,,,,,,,,,,,,,,,,,,,,,,,,,,,,,,,,,,,,579.3659600410028,579.3739279580041,579.8608793750027,579.8608793750027,579.9327384999997,579.9327384999997,580.4969264160027,left,1.1205407499946887,None,580.4970559580033,580.4971094159991,None,,,,,,,,,,,,21049991,0,2025-12-01_13h58.34.105,tilt_mocs,2024.2.4,120.47370212248029,2025-12-01 13h58.42.820009 -0500,
2,-15.0,,357,357,0,,,,,,,,,,c+2,negs,100,right,1.0466178339993348,None,None,,,,,,,,,,,0,357,357,659,580.5075995000007,,,,,,,,,,,,,,,,,,,,,,,,,,,,,,,,,,,,,,,,,,,,,,,,,,,,,,,,,,,,,,,,580.4993924580049,580.5075995000007,580.9940707499991,580.9940707499991,581.0661069160051,581.0661069160051,581.5635938330015,right,1.0466178339993348,None,581.5637502910031,581.5638031250055,None,,,,,,,,,,,,21049991,0,2025-12-01_13h58.34.105,tilt_mocs,2024.2.4,120.47370212248029,2025-12-01 13h58.42.820009 -0500,
6,15.0,,358,358,0,,,,,,,,,,c+6,poss,100,right,1.1295658329981961,None,None,,,,,,,,,,,0,358,358,258,581.5744272500015,,,,,,,,,,,,,,,,,,,,,,,,,,,,,,,,,,,,,,,,,,,,,,,,,,,,,,,,,,,,,,,,581.5661688330001,581.5744272500015,582.0609822080005,582.0609822080005,582.1335745830002,582.1335745830002,582.713856541006,right,1.1295658329981961,None,582.7140240410008,582.7140977080053,None,,,,,,,,,,,,21049991,0,2025-12-01_13h58.34.105,tilt_mocs,2024.2.4,120.47370212248029,2025-12-01 13h58.42.820009 -0500,
2,-15.0,,359,359,0,,,,,,,,,,c+2,negs,100,left,1.1481249589996878,None,None,,,,,,,,,,,0,359,359,628,582.7252531250051,,,,,,,,,,,,,,,,,,,,,,,,,,,,,,,,,,,,,,,,,,,,,,,,,,,,,,,,,,,,,,,,582.7167315000042,582.7252531250051,583.2109927080019,583.2109927080019,583.2840841249999,583.2840841249999,583.8802212910014,left,1.1481249589996878,None,583.880321083001,583.8803625410001,None,,,,,,,,,,,,21049991,0,2025-12-01_13h58.34.105,tilt_mocs,2024.2.4,120.47370212248029,2025-12-01 13h58.42.820009 -0500,
-4,0.0,,360,360,0,,,,,,,,,,c-4,noss,0,left,1.0768535000024713,None,None,,,,,,,,,,,0,360,360,716,583.890565958005,,,,,,,,,,,,,,,,,,,,,,,,,,,,,,,,,,,,,,,,,,,,,,,,,,,,,,,,,,,,,,,,583.8822843330054,583.890565958005,584.3776112910055,584.3776112910055,584.450704750001,584.450704750001,584.9699004580034,left,1.0768535000024713,None,584.9700265830033,584.9700792500007,None,,,,,,,,,,,,21049991,0,2025-12-01_13h58.34.105,tilt_mocs,2024.2.4,120.47370212248029,2025-12-01 13h58.42.820009 -0500,
6,15.0,,361,361,0,,,,,,,,,,c+6,poss,100,right,1.1676214590042946,None,None,,,,,,,,,,,0,361,361,266,584.9803505000018,,,,,,,,,,,,,,,,,,,,,,,,,,,,,,,,,,,,,,,,,,,,,,,,,,,,,,,,,,,,,,,,584.9720073330027,584.9803505000018,585.4696873330031,585.4696873330031,585.5446175830002,585.5446175830002,586.1534945000021,right,1.1676214590042946,None,586.153598500001,586.1536404580038,None,,,,,,,,,,,,21049991,0,2025-12-01_13h58.34.105,tilt_mocs,2024.2.4,120.47370212248029,2025-12-01 13h58.42.820009 -0500,
2,0.0,,362,362,0,,,,,,,,,,c+2,noss,0,right,1.02710679199663,None,None,,,,,,,,,,,0,362,362,928,586.1639532080007,,,,,,,,,,,,,,,,,,,,,,,,,,,,,,,,,,,,,,,,,,,,,,,,,,,,,,,,,,,,,,,,586.1555884160043,586.1639532080007,586.6530136250003,586.6530136250003,586.7282719580035,586.7282719580035,587.1964957910022,right,1.02710679199663,None,587.1965941660019,587.1966417500007,None,,,,,,,,,,,,21049991,0,2025-12-01_13h58.34.105,tilt_mocs,2024.2.4,120.47370212248029,2025-12-01 13h58.42.820009 -0500,
-4,0.0,,363,363,0,,,,,,,,,,c-4,noss,0,left,1.0107789160028915,None,None,,,,,,,,,,,0,363,363,678,587.2066717910056,,,,,,,,,,,,,,,,,,,,,,,,,,,,,,,,,,,,,,,,,,,,,,,,,,,,,,,,,,,,,,,,587.1985253750026,587.2066717910056,587.6943860829997,587.6943860829997,587.7668147500008,587.7668147500008,588.220150000001,left,1.0107789160028915,None,588.2203166660038,588.2203692080002,None,,,,,,,,,,,,21049991,0,2025-12-01_13h58.34.105,tilt_mocs,2024.2.4,120.47370212248029,2025-12-01 13h58.42.820009 -0500,
-2,0.0,,364,364,0,,,,,,,,,,c-2,noss,0,left,0.9380870410022908,None,None,,,,,,,,,,,0,364,364,755,588.2307209580031,,,,,,,,,,,,,,,,,,,,,,,,,,,,,,,,,,,,,,,,,,,,,,,,,,,,,,,,,,,,,,,,588.2229915409989,588.2307209580031,588.7204321250028,588.7204321250028,588.7950187500028,588.7950187500028,589.1804889580017,left,0.9380870410022908,None,589.1806429580029,589.1806982080016,None,,,,,,,,,,,,21049991,0,2025-12-01_13h58.34.105,tilt_mocs,2024.2.4,120.47370212248029,2025-12-01 13h58.42.820009 -0500,
-1,0.0,,365,365,0,,,,,,,,,,c-1,noss,0,left,0.9455955829980667,None,None,,,,,,,,,,,0,365,365,812,589.1910843750011,,,,,,,,,,,,,,,,,,,,,,,,,,,,,,,,,,,,,,,,,,,,,,,,,,,,,,,,,,,,,,,,589.1829467080024,589.1910843750011,589.677758333004,589.677758333004,589.749931833001,589.749931833001,590.1470711660004,left,0.9455955829980667,None,590.147199125,590.1472549160026,None,,,,,,,,,,,,21049991,0,2025-12-01_13h58.34.105,tilt_mocs,2024.2.4,120.47370212248029,2025-12-01 13h58.42.820009 -0500,
2,15.0,,366,366,0,,,,,,,,,,c+2,poss,100,right,0.9567903749994002,None,None,,,,,,,,,,,0,366,366,165,590.1579058330026,,,,,,,,,,,,,,,,,,,,,,,,,,,,,,,,,,,,,,,,,,,,,,,,,,,,,,,,,,,,,,,,590.1496377910007,590.1579058330026,590.6445174160035,590.6445174160035,590.7167764580008,590.7167764580008,591.119793333004,right,0.9567903749994002,None,591.1198982909991,591.1199424580045,None,,,,,,,,,,,,21049991,0,2025-12-01_13h58.34.105,tilt_mocs,2024.2.4,120.47370212248029,2025-12-01 13h58.42.820009 -0500,
-1,0.0,,367,367,0,,,,,,,,,,c-1,noss,0,right,1.0903333330061287,None,None,,,,,,,,,,,0,367,367,806,591.1299372909998,,,,,,,,,,,,,,,,,,,,,,,,,,,,,,,,,,,,,,,,,,,,,,,,,,,,,,,,,,,,,,,,591.1218440000011,591.1299372909998,591.6208853330027,591.6208853330027,591.6952017500007,591.6952017500007,592.2305208329999,right,1.0903333330061287,None,592.2306759999992,592.2307273330007,None,,,,,,,,,,,,21049991,0,2025-12-01_13h58.34.105,tilt_mocs,2024.2.4,120.47370212248029,2025-12-01 13h58.42.820009 -0500,
0,-15.0,,368,368,0,,,,,,,,,,c+0,negs,100,right,1.5149642920005135,None,None,,,,,,,,,,,0,368,368,569,592.2419597080006,,,,,,,,,,,,,,,,,,,,,,,,,,,,,,,,,,,,,,,,,,,,,,,,,,,,,,,,,,,,,,,,592.2335574160024,592.2419597080006,592.7279025829994,592.7279025829994,592.7998375829993,592.7998375829993,593.7642247080003,right,1.5149642920005135,None,593.7643512080031,593.7644035410049,None,,,,,,,,,,,,21049991,0,2025-12-01_13h58.34.105,tilt_mocs,2024.2.4,120.47370212248029,2025-12-01 13h58.42.820009 -0500,
-2,-15.0,,369,369,0,,,,,,,,,,c-2,negs,100,right,1.2871232909965329,None,None,,,,,,,,,,,0,369,369,522,593.7743308749996,,,,,,,,,,,,,,,,,,,,,,,,,,,,,,,,,,,,,,,,,,,,,,,,,,,,,,,,,,,,,,,,593.7664082910051,593.7743308749996,594.2612725409999,594.2612725409999,594.3346100830022,594.3346100830022,595.0641569159998,right,1.2871232909965329,None,595.0643092500031,595.0643715410042,None,,,,,,,,,,,,21049991,0,2025-12-01_13h58.34.105,tilt_mocs,2024.2.4,120.47370212248029,2025-12-01 13h58.42.820009 -0500,
-2,-15.0,,370,370,0,,,,,,,,,,c-2,negs,100,right,1.0298925829993095,None,None,,,,,,,,,,,0,370,370,532,595.0756177500007,,,,,,,,,,,,,,,,,,,,,,,,,,,,,,,,,,,,,,,,,,,,,,,,,,,,,,,,,,,,,,,,595.0671003750031,595.0756177500007,595.5612574160041,595.5612574160041,595.6334893330059,595.6334893330059,596.1142655830045,right,1.0298925829993095,None,596.1143932080013,596.1144459160059,None,,,,,,,,,,,,21049991,0,2025-12-01_13h58.34.105,tilt_mocs,2024.2.4,120.47370212248029,2025-12-01 13h58.42.820009 -0500,
-2,0.0,,371,371,0,,,,,,,,,,c-2,noss,0,left,1.3464345000029425,None,None,,,,,,,,,,,0,371,371,750,596.124857958006,,,,,,,,,,,,,,,,,,,,,,,,,,,,,,,,,,,,,,,,,,,,,,,,,,,,,,,,,,,,,,,,596.1167307080032,596.124857958006,596.6113980410009,596.6113980410009,596.6834625830015,596.6834625830015,597.4809853330007,left,1.3464345000029425,None,597.4811678750048,597.4812337910043,None,,,,,,,,,,,,21049991,0,2025-12-01_13h58.34.105,tilt_mocs,2024.2.4,120.47370212248029,2025-12-01 13h58.42.820009 -0500,
-8,-15.0,,372,372,0,,,,,,,,,,c-8,negs,100,left,0.9659937079995871,None,None,,,,,,,,,,,0,372,372,355,597.4919710410031,,,,,,,,,,,,,,,,,,,,,,,,,,,,,,,,,,,,,,,,,,,,,,,,,,,,,,,,,,,,,,,,597.4837701659999,597.4919710410031,597.9782078749995,597.9782078749995,598.0506731250061,598.0506731250061,598.4635707500056,left,0.9659937079995871,None,598.4636753330051,598.4637178330013,None,,,,,,,,,,,,21049991,0,2025-12-01_13h58.34.105,tilt_mocs,2024.2.4,120.47370212248029,2025-12-01 13h58.42.820009 -0500,
2,-15.0,,373,373,0,,,,,,,,,,c+2,negs,100,right,0.962382666002668,None,None,,,,,,,,,,,0,373,373,631,598.4740027080043,,,,,,,,,,,,,,,,,,,,,,,,,,,,,,,,,,,,,,,,,,,,,,,,,,,,,,,,,,,,,,,,598.4656470830014,598.4740027080043,598.9615337080031,598.9615337080031,599.0335235410021,599.0335235410021,599.447920000006,right,0.962382666002668,None,599.4480802079997,599.4481376250042,None,,,,,,,,,,,,21049991,0,2025-12-01_13h58.34.105,tilt_mocs,2024.2.4,120.47370212248029,2025-12-01 13h58.42.820009 -0500,
4,0.0,,374,374,0,,,,,,,,,,c+4,noss,0,right,0.9608566670067376,None,None,,,,,,,,,,,0,374,374,971,599.4588548329994,,,,,,,,,,,,,,,,,,,,,,,,,,,,,,,,,,,,,,,,,,,,,,,,,,,,,,,,,,,,,,,,599.4507575000025,599.4588548329994,599.9448512500021,599.9448512500021,600.0177437080056,600.0177437080056,600.4308616660055,right,0.9608566670067376,None,600.4309650830037,600.431007500003,None,,,,,,,,,,,,21049991,0,2025-12-01_13h58.34.105,tilt_mocs,2024.2.4,120.47370212248029,2025-12-01 13h58.42.820009 -0500,
4,15.0,,375,375,0,,,,,,,,,,c+4,poss,100,right,1.0800572080042912,None,None,,,,,,,,,,,0,375,375,190,600.4409700830001,,,,,,,,,,,,,,,,,,,,,,,,,,,,,,,,,,,,,,,,,,,,,,,,,,,,,,,,,,,,,,,,600.4329602910002,600.4409700830001,600.9281495410032,600.9281495410032,601.0003032910026,601.0003032910026,601.5310160410008,right,1.0800572080042912,None,601.5311462500031,601.5311988329995,None,,,,,,,,,,,,21049991,0,2025-12-01_13h58.34.105,tilt_mocs,2024.2.4,120.47370212248029,2025-12-01 13h58.42.820009 -0500,
4,15.0,,376,376,0,,,,,,,,,,c+4,poss,100,right,0.9068355000053998,None,None,,,,,,,,,,,0,376,376,173,601.5414055000001,,,,,,,,,,,,,,,,,,,,,,,,,,,,,,,,,,,,,,,,,,,,,,,,,,,,,,,,,,,,,,,,601.5331205830007,601.5414055000001,602.0282126250022,602.0282126250022,602.1010317079999,602.1010317079999,602.4533961250054,right,0.9068355000053998,None,602.4534941660022,602.453536083005,None,,,,,,,,,,,,21049991,0,2025-12-01_13h58.34.105,tilt_mocs,2024.2.4,120.47370212248029,2025-12-01 13h58.42.820009 -0500,
0,15.0,,377,377,0,,,,,,,,,,c+0,poss,100,right,1.0551704579993384,None,None,,,,,,,,,,,0,377,377,93,602.4638805830036,,,,,,,,,,,,,,,,,,,,,,,,,,,,,,,,,,,,,,,,,,,,,,,,,,,,,,,,,,,,,,,,602.4554292079993,602.4638805830036,602.9538215830034,602.9538215830034,603.0286803330018,603.0286803330018,603.5314871250011,right,1.0551704579993384,None,603.5316460000031,603.5317036250053,None,,,,,,,,,,,,21049991,0,2025-12-01_13h58.34.105,tilt_mocs,2024.2.4,120.47370212248029,2025-12-01 13h58.42.820009 -0500,
6,15.0,,378,378,0,,,,,,,,,,c+6,poss,100,right,0.9797963749952032,None,None,,,,,,,,,,,0,378,378,259,603.5421039159992,,,,,,,,,,,,,,,,,,,,,,,,,,,,,,,,,,,,,,,,,,,,,,,,,,,,,,,,,,,,,,,,603.5339257500018,603.5421039159992,604.0283440000057,604.0283440000057,604.1005115410007,604.1005115410007,604.5314874579999,right,0.9797963749952032,None,604.531640250003,604.5316963330042,None,,,,,,,,,,,,21049991,0,2025-12-01_13h58.34.105,tilt_mocs,2024.2.4,120.47370212248029,2025-12-01 13h58.42.820009 -0500,
-4,0.0,,379,379,0,,,,,,,,,,c-4,noss,0,left,1.0034364590028417,None,None,,,,,,,,,,,0,379,379,727,604.5421052080055,,,,,,,,,,,,,,,,,,,,,,,,,,,,,,,,,,,,,,,,,,,,,,,,,,,,,,,,,,,,,,,,604.5339600830048,604.5421052080055,605.0283128330047,605.0283128330047,605.1015628750029,605.1015628750029,605.5480777080011,left,1.0034364590028417,None,605.548206833002,605.5482583750054,None,,,,,,,,,,,,21049991,0,2025-12-01_13h58.34.105,tilt_mocs,2024.2.4,120.47370212248029,2025-12-01 13h58.42.820009 -0500,
8,15.0,,380,380,0,,,,,,,,,,c+8,poss,100,right,0.9484773750009481,None,None,,,,,,,,,,,0,380,380,331,605.5585422500008,,,,,,,,,,,,,,,,,,,,,,,,,,,,,,,,,,,,,,,,,,,,,,,,,,,,,,,,,,,,,,,,605.550381208006,605.5585422500008,606.0451705410014,606.0451705410014,606.1169914580023,606.1169914580023,606.514167541005,right,0.9484773750009481,None,606.5142691250003,606.5143096660031,None,,,,,,,,,,,,21049991,0,2025-12-01_13h58.34.105,tilt_mocs,2024.2.4,120.47370212248029,2025-12-01 13h58.42.820009 -0500,
1,0.0,,381,381,0,,,,,,,,,,c+1,noss,0,right,0.9461855830013519,None,None,,,,,,,,,,,0,381,381,890,606.5242382080032,,,,,,,,,,,,,,,,,,,,,,,,,,,,,,,,,,,,,,,,,,,,,,,,,,,,,,,,,,,,,,,,606.516197375,606.5242382080032,607.0117649580061,607.0117649580061,607.0847078330044,607.0847078330044,607.4819122500048,right,0.9461855830013519,None,607.4820522500013,607.482108958,None,,,,,,,,,,,,21049991,0,2025-12-01_13h58.34.105,tilt_mocs,2024.2.4,120.47370212248029,2025-12-01 13h58.42.820009 -0500,
0,15.0,,382,382,0,,,,,,,,,,c+0,poss,100,right,0.9928390829954878,None,None,,,,,,,,,,,0,382,382,74,607.4926868750044,,,,,,,,,,,,,,,,,,,,,,,,,,,,,,,,,,,,,,,,,,,,,,,,,,,,,,,,,,,,,,,,607.4842844160012,607.4926868750044,607.9783928750039,607.9783928750039,608.0511139580049,608.0511139580049,608.4963525000057,right,0.9928390829954878,None,608.4964597080034,608.4965018750008,None,,,,,,,,,,,,21049991,0,2025-12-01_13h58.34.105,tilt_mocs,2024.2.4,120.47370212248029,2025-12-01 13h58.42.820009 -0500,
4,15.0,,383,383,0,,,,,,,,,,c+4,poss,100,right,0.9841624590044376,None,None,,,,,,,,,,,0,383,383,175,608.5034982080033,,,,,,,,,,,,,,,,,,,,,,,,,,,,,,,,,,,,,,,,,,,,,,,,,,,,,,,,,,,,,,,,608.4983764999997,608.5034982080033,608.9873105830047,608.9873105830047,609.0624237080046,609.0624237080046,609.4979264159992,right,0.9841624590044376,None,609.4981466660029,609.4982574160022,None,,,,,,,,,,,,21049991,0,2025-12-01_13h58.34.105,tilt_mocs,2024.2.4,120.47370212248029,2025-12-01 13h58.42.820009 -0500,
8,15.0,,384,384,0,,,,,,,,,,c+8,poss,100,right,0.9534516669955337,None,None,,,,,,,,,,,0,384,384,296,609.5089407500054,,,,,,,,,,,,,,,,,,,,,,,,,,,,,,,,,,,,,,,,,,,,,,,,,,,,,,,,,,,,,,,,609.5006239159993,609.5089407500054,609.9942667080031,609.9942667080031,610.0672865000015,610.0672865000015,610.464966915999,right,0.9534516669955337,None,610.4651295000003,610.4652889580029,None,,,,,,,,,,,,21049991,0,2025-12-01_13h58.34.105,tilt_mocs,2024.2.4,120.47370212248029,2025-12-01 13h58.42.820009 -0500,
-2,15.0,,385,385,0,,,,,,,,,,c-2,poss,100,left,0.9715057089997572,None,None,,,,,,,,,,,0,385,385,50,610.4773574580031,,,,,,,,,,,,,,,,,,,,,,,,,,,,,,,,,,,,,,,,,,,,,,,,,,,,,,,,,,,,,,,,610.4691945830054,610.4773574580031,610.9618184580031,610.9618184580031,611.0340629580023,611.0340629580023,611.4539302500052,left,0.9715057089997572,None,611.4540557910004,611.454109833001,None,,,,,,,,,,,,21049991,0,2025-12-01_13h58.34.105,tilt_mocs,2024.2.4,120.47370212248029,2025-12-01 13h58.42.820009 -0500,
0,-15.0,,386,386,0,,,,,,,,,,c+0,negs,100,right,0.9932343330001459,None,None,,,,,,,,,,,0,386,386,593,611.4645482500055,,,,,,,,,,,,,,,,,,,,,,,,,,,,,,,,,,,,,,,,,,,,,,,,,,,,,,,,,,,,,,,,611.456080791002,611.4645482500055,611.9549506660042,611.9549506660042,612.029108666,612.029108666,612.4644992079993,right,0.9932343330001459,None,612.464627207999,612.4646801250055,None,,,,,,,,,,,,21049991,0,2025-12-01_13h58.34.105,tilt_mocs,2024.2.4,120.47370212248029,2025-12-01 13h58.42.820009 -0500,
-6,-15.0,,387,387,0,,,,,,,,,,c-6,negs,100,left,1.0445218339955318,None,None,,,,,,,,,,,0,387,387,397,612.4749212500028,,,,,,,,,,,,,,,,,,,,,,,,,,,,,,,,,,,,,,,,,,,,,,,,,,,,,,,,,,,,,,,,612.4666254580006,612.4749212500028,612.961977166,612.961977166,613.0341162500044,613.0341162500044,613.5293528330003,left,1.0445218339955318,None,613.5294580830014,613.5295201660047,None,,,,,,,,,,,,21049991,0,2025-12-01_13h58.34.105,tilt_mocs,2024.2.4,120.47370212248029,2025-12-01 13h58.42.820009 -0500,
2,-15.0,,388,388,0,,,,,,,,,,c+2,negs,100,right,0.9433162909990642,None,None,,,,,,,,,,,0,388,388,637,613.5366295830027,,,,,,,,,,,,,,,,,,,,,,,,,,,,,,,,,,,,,,,,,,,,,,,,,,,,,,,,,,,,,,,,613.5314474160041,613.5366295830027,614.0207910829995,614.0207910829995,614.0957927500058,614.0957927500058,614.4908937080036,right,0.9433162909990642,None,614.4909928330017,614.4910337500041,None,,,,,,,,,,,,21049991,0,2025-12-01_13h58.34.105,tilt_mocs,2024.2.4,120.47370212248029,2025-12-01 13h58.42.820009 -0500,
-2,0.0,,389,389,0,,,,,,,,,,c-2,noss,0,left,0.9808064999961061,None,None,,,,,,,,,,,0,389,389,738,614.4981452909997,,,,,,,,,,,,,,,,,,,,,,,,,,,,,,,,,,,,,,,,,,,,,,,,,,,,,,,,,,,,,,,,614.4929150000025,614.4981452909997,614.9883156249998,614.9883156249998,615.0626941250011,615.0626941250011,615.4815898330053,left,0.9808064999961061,None,615.4817132080061,615.4817645000003,None,,,,,,,,,,,,21049991,0,2025-12-01_13h58.34.105,tilt_mocs,2024.2.4,120.47370212248029,2025-12-01 13h58.42.820009 -0500,
-1,0.0,,390,390,0,,,,,,,,,,c-1,noss,0,right,1.1048795000024256,None,None,,,,,,,,,,,0,390,390,822,615.4917259580034,,,,,,,,,,,,,,,,,,,,,,,,,,,,,,,,,,,,,,,,,,,,,,,,,,,,,,,,,,,,,,,,615.4836722079999,615.4917259580034,615.9787717910003,615.9787717910003,616.051067458,616.051067458,616.6075501250016,right,1.1048795000024256,None,616.6076503330041,616.6076930000054,None,,,,,,,,,,,,21049991,0,2025-12-01_13h58.34.105,tilt_mocs,2024.2.4,120.47370212248029,2025-12-01 13h58.42.820009 -0500,
-8,-15.0,,391,391,0,,,,,,,,,,c-8,negs,100,left,1.067235290996905,None,None,,,,,,,,,,,0,391,391,390,616.6149535830045,,,,,,,,,,,,,,,,,,,,,,,,,,,,,,,,,,,,,,,,,,,,,,,,,,,,,,,,,,,,,,,,616.609670458005,616.6149535830045,617.1049335000062,617.1049335000062,617.1792707080022,617.1792707080022,617.6861868750057,left,1.067235290996905,None,617.6863054999994,617.6863601250006,None,,,,,,,,,,,,21049991,0,2025-12-01_13h58.34.105,tilt_mocs,2024.2.4,120.47370212248029,2025-12-01 13h58.42.820009 -0500,
8,15.0,,392,392,0,,,,,,,,,,c+8,poss,100,right,0.9505450829965412,None,None,,,,,,,,,,,0,392,392,311,617.712187916004,,,,,,,,,,,,,,,,,,,,,,,,,,,,,,,,,,,,,,,,,,,,,,,,,,,,,,,,,,,,,,,,617.6884116660003,617.712187916004,618.187399082999,618.187399082999,618.2626404160037,618.2626404160037,618.6651235829995,right,0.9505450829965412,None,618.6652280000053,618.6652702499996,None,,,,,,,,,,,,21049991,0,2025-12-01_13h58.34.105,tilt_mocs,2024.2.4,120.47370212248029,2025-12-01 13h58.42.820009 -0500,
1,0.0,,393,393,0,,,,,,,,,,c+1,noss,0,left,1.0424188330071047,None,None,,,,,,,,,,,0,393,393,878,618.6747770410002,,,,,,,,,,,,,,,,,,,,,,,,,,,,,,,,,,,,,,,,,,,,,,,,,,,,,,,,,,,,,,,,618.6671422500003,618.6747770410002,619.1622624160009,619.1622624160009,619.2342856250034,619.2342856250034,619.7200557500037,left,1.0424188330071047,None,619.7201868750053,619.7202403330011,None,,,,,,,,,,,,21049991,0,2025-12-01_13h58.34.105,tilt_mocs,2024.2.4,120.47370212248029,2025-12-01 13h58.42.820009 -0500,
0,15.0,,394,394,0,,,,,,,,,,c+0,poss,100,right,1.1101374589998159,None,None,,,,,,,,,,,0,394,394,73,619.7307741660043,,,,,,,,,,,,,,,,,,,,,,,,,,,,,,,,,,,,,,,,,,,,,,,,,,,,,,,,,,,,,,,,619.7225634160059,619.7307741660043,620.2210285830006,620.2210285830006,620.2960461660041,620.2960461660041,620.8483675829993,right,1.1101374589998159,None,620.8484880000033,620.8485396660035,None,,,,,,,,,,,,21049991,0,2025-12-01_13h58.34.105,tilt_mocs,2024.2.4,120.47370212248029,2025-12-01 13h58.42.820009 -0500,
0,-15.0,,395,395,0,,,,,,,,,,c+0,negs,100,right,1.0806212079987745,None,None,,,,,,,,,,,0,395,395,580,620.8586029159997,,,,,,,,,,,,,,,,,,,,,,,,,,,,,,,,,,,,,,,,,,,,,,,,,,,,,,,,,,,,,,,,620.8504512080035,620.8586029159997,621.3456565410015,621.3456565410015,621.4176360410056,621.4176360410056,621.9480914160013,right,1.0806212079987745,None,621.9481913330019,621.948232833005,None,,,,,,,,,,,,21049991,0,2025-12-01_13h58.34.105,tilt_mocs,2024.2.4,120.47370212248029,2025-12-01 13h58.42.820009 -0500,
8,15.0,,396,396,0,,,,,,,,,,c+8,poss,100,right,0.9990332079978543,None,None,,,,,,,,,,,0,396,396,301,621.9583640410056,,,,,,,,,,,,,,,,,,,,,,,,,,,,,,,,,,,,,,,,,,,,,,,,,,,,,,,,,,,,,,,,621.9501167080016,621.9583640410056,622.4456749160017,622.4456749160017,622.5177980410008,622.5177980410008,622.9652640000058,right,0.9990332079978543,None,622.9654056660002,622.9654672500037,None,,,,,,,,,,,,21049991,0,2025-12-01_13h58.34.105,tilt_mocs,2024.2.4,120.47370212248029,2025-12-01 13h58.42.820009 -0500,
6,15.0,,397,397,0,,,,,,,,,,c+6,poss,100,right,0.9832980829960434,None,None,,,,,,,,,,,0,397,397,242,622.9760314580053,,,,,,,,,,,,,,,,,,,,,,,,,,,,,,,,,,,,,,,,,,,,,,,,,,,,,,,,,,,,,,,,622.9677438750005,622.9760314580053,623.4622467910012,623.4622467910012,623.5347686660025,623.5347686660025,623.9649160000045,right,0.9832980829960434,None,623.9650269160047,623.965070708,None,,,,,,,,,,,,21049991,0,2025-12-01_13h58.34.105,tilt_mocs,2024.2.4,120.47370212248029,2025-12-01 13h58.42.820009 -0500,
4,0.0,,398,398,0,,,,,,,,,,c+4,noss,0,right,0.9791587090003304,None,None,,,,,,,,,,,0,398,398,973,623.9756112079995,,,,,,,,,,,,,,,,,,,,,,,,,,,,,,,,,,,,,,,,,,,,,,,,,,,,,,,,,,,,,,,,623.9673689160045,623.9756112079995,624.4622997910046,624.4622997910046,624.5353319160058,624.5353319160058,624.9654741660052,right,0.9791587090003304,None,624.9656243330028,624.9656820410019,None,,,,,,,,,,,,21049991,0,2025-12-01_13h58.34.105,tilt_mocs,2024.2.4,120.47370212248029,2025-12-01 13h58.42.820009 -0500,
-4,0.0,,399,399,0,,,,,,,,,,c-4,noss,0,left,1.036959625002055,None,None,,,,,,,,,,,0,399,399,693,624.975834249999,,,,,,,,,,,,,,,,,,,,,,,,,,,,,,,,,,,,,,,,,,,,,,,,,,,,,,,,,,,,,,,,624.9678494580003,624.975834249999,625.4623576250015,625.4623576250015,625.5346617910036,625.5346617910036,626.0155935000003,left,1.036959625002055,None,626.0157362500031,626.015792916005,None,,,,,,,,,,,,21049991,0,2025-12-01_13h58.34.105,tilt_mocs,2024.2.4,120.47370212248029,2025-12-01 13h58.42.820009 -0500,
-2,-15.0,,400,400,0,,,,,,,,,,c-2,negs,100,left,1.1257258749974426,None,None,,,,,,,,,,,0,400,400,510,626.0263292500022,,,,,,,,,,,,,,,,,,,,,,,,,,,,,,,,,,,,,,,,,,,,,,,,,,,,,,,,,,,,,,,,626.0179883750025,626.0263292500022,626.5123618330035,626.5123618330035,626.5843704159997,626.5843704159997,627.1545972910026,left,1.1257258749974426,None,627.154724041,627.1547691660016,None,,,,,,,,,,,,21049991,0,2025-12-01_13h58.34.105,tilt_mocs,2024.2.4,120.47370212248029,2025-12-01 13h58.42.820009 -0500,
4,0.0,,401,401,0,,,,,,,,,,c+4,noss,0,right,0.9610615830024472,None,None,,,,,,,,,,,0,401,401,977,627.1650507080049,,,,,,,,,,,,,,,,,,,,,,,,,,,,,,,,,,,,,,,,,,,,,,,,,,,,,,,,,,,,,,,,627.1566477910019,627.1650507080049,627.6541174580052,627.6541174580052,627.7295929160027,627.7295929160027,628.1319177080004,right,0.9610615830024472,None,628.1320405410006,628.1320927080014,None,,,,,,,,,,,,21049991,0,2025-12-01_13h58.34.105,tilt_mocs,2024.2.4,120.47370212248029,2025-12-01 13h58.42.820009 -0500,
8,15.0,,402,402,0,,,,,,,,,,c+8,poss,100,right,0.9454728330019861,None,None,,,,,,,,,,,0,402,402,297,628.1421948749994,,,,,,,,,,,,,,,,,,,,,,,,,,,,,,,,,,,,,,,,,,,,,,,,,,,,,,,,,,,,,,,,628.134049500004,628.1421948749994,628.6292855830034,628.6292855830034,628.7013462910036,628.7013462910036,629.0986535830016,right,0.9454728330019861,None,629.0988172080033,629.0988677909991,None,,,,,,,,,,,,21049991,0,2025-12-01_13h58.34.105,tilt_mocs,2024.2.4,120.47370212248029,2025-12-01 13h58.42.820009 -0500,
-1,0.0,,403,403,0,,,,,,,,,,c-1,noss,0,left,0.9384341670011054,None,None,,,,,,,,,,,0,403,403,810,629.1098837910031,,,,,,,,,,,,,,,,,,,,,,,,,,,,,,,,,,,,,,,,,,,,,,,,,,,,,,,,,,,,,,,,629.1014745409993,629.1098837910031,629.5958039160032,629.5958039160032,629.6678478750036,629.6678478750036,630.054644625001,left,0.9384341670011054,None,630.0547710829997,630.0548241249999,None,,,,,,,,,,,,21049991,0,2025-12-01_13h58.34.105,tilt_mocs,2024.2.4,120.47370212248029,2025-12-01 13h58.42.820009 -0500,
4,15.0,,404,404,0,,,,,,,,,,c+4,poss,100,right,1.0018375419967924,None,None,,,,,,,,,,,0,404,404,177,630.0650433750052,,,,,,,,,,,,,,,,,,,,,,,,,,,,,,,,,,,,,,,,,,,,,,,,,,,,,,,,,,,,,,,,630.056751832999,630.0650433750052,630.5550813330046,630.5550813330046,630.6298067500029,630.6298067500029,631.071455958001,right,1.0018375419967924,None,631.0715573750058,631.0716011250042,None,,,,,,,,,,,,21049991,0,2025-12-01_13h58.34.105,tilt_mocs,2024.2.4,120.47370212248029,2025-12-01 13h58.42.820009 -0500,
0,-15.0,,405,405,0,,,,,,,,,,c+0,negs,100,left,1.1148807909994503,None,None,,,,,,,,,,,0,405,405,563,631.0817758330013,,,,,,,,,,,,,,,,,,,,,,,,,,,,,,,,,,,,,,,,,,,,,,,,,,,,,,,,,,,,,,,,631.0734802080042,631.0817758330013,631.5718892500008,631.5718892500008,631.6466939160018,631.6466939160018,632.1995542500008,left,1.1148807909994503,None,632.1996984159996,632.1997557499999,None,,,,,,,,,,,,21049991,0,2025-12-01_13h58.34.105,tilt_mocs,2024.2.4,120.47370212248029,2025-12-01 13h58.42.820009 -0500,
-2,15.0,,406,406,0,,,,,,,,,,c-2,poss,100,left,1.1668661250005243,None,None,,,,,,,,,,,0,406,406,14,632.2102825000038,,,,,,,,,,,,,,,,,,,,,,,,,,,,,,,,,,,,,,,,,,,,,,,,,,,,,,,,,,,,,,,,632.202047083003,632.2102825000038,632.696122375004,632.696122375004,632.7680822080001,632.7680822080001,633.3821358330024,left,1.1668661250005243,None,633.382264083004,633.3823162080007,None,,,,,,,,,,,,21049991,0,2025-12-01_13h58.34.105,tilt_mocs,2024.2.4,120.47370212248029,2025-12-01 13h58.42.820009 -0500,
8,15.0,,407,407,0,,,,,,,,,,c+8,poss,100,right,1.0543077500042273,None,None,,,,,,,,,,,0,407,407,291,633.392653750001,,,,,,,,,,,,,,,,,,,,,,,,,,,,,,,,,,,,,,,,,,,,,,,,,,,,,,,,,,,,,,,,633.3843766249993,633.392653750001,633.8794055830003,633.8794055830003,633.9513096250012,633.9513096250012,634.4499228749992,right,1.0543077500042273,None,634.4500719999996,634.4501290000044,None,,,,,,,,,,,,21049991,0,2025-12-01_13h58.34.105,tilt_mocs,2024.2.4,120.47370212248029,2025-12-01 13h58.42.820009 -0500,
-1,0.0,,408,408,0,,,,,,,,,,c-1,noss,0,left,0.988438958003826,None,None,,,,,,,,,,,0,408,408,804,634.4606642500003,,,,,,,,,,,,,,,,,,,,,,,,,,,,,,,,,,,,,,,,,,,,,,,,,,,,,,,,,,,,,,,,634.4523444160004,634.4606642500003,634.9460255830054,634.9460255830054,635.0181762499997,635.0181762499997,635.454369416002,left,0.988438958003826,None,635.4545052910034,635.4545708330043,None,,,,,,,,,,,,21049991,0,2025-12-01_13h58.34.105,tilt_mocs,2024.2.4,120.47370212248029,2025-12-01 13h58.42.820009 -0500,
-2,-15.0,,409,409,0,,,,,,,,,,c-2,negs,100,left,1.0868331250021583,None,None,,,,,,,,,,,0,409,409,525,635.4649388329999,,,,,,,,,,,,,,,,,,,,,,,,,,,,,,,,,,,,,,,,,,,,,,,,,,,,,,,,,,,,,,,,635.456497791005,635.4649388329999,635.9549192080012,635.9549192080012,636.0299108750041,636.0299108750041,636.5547411660009,left,1.0868331250021583,None,636.5548415830053,636.5548847500031,None,,,,,,,,,,,,21049991,0,2025-12-01_13h58.34.105,tilt_mocs,2024.2.4,120.47370212248029,2025-12-01 13h58.42.820009 -0500,
2,-15.0,,410,410,0,,,,,,,,,,c+2,negs,100,right,0.9678127919978579,None,None,,,,,,,,,,,0,410,410,666,636.565231958004,,,,,,,,,,,,,,,,,,,,,,,,,,,,,,,,,,,,,,,,,,,,,,,,,,,,,,,,,,,,,,,,636.5567806250037,636.565231958004,637.0549379160002,637.0549379160002,637.129926958005,637.129926958005,637.5382693749998,right,0.9678127919978579,None,637.5384008330002,637.5384653330038,None,,,,,,,,,,,,21049991,0,2025-12-01_13h58.34.105,tilt_mocs,2024.2.4,120.47370212248029,2025-12-01 13h58.42.820009 -0500,
-4,0.0,,411,411,0,,,,,,,,,,c-4,noss,0,left,0.9094490829957067,None,None,,,,,,,,,,,0,411,411,718,637.5492354160015,,,,,,,,,,,,,,,,,,,,,,,,,,,,,,,,,,,,,,,,,,,,,,,,,,,,,,,,,,,,,,,,637.540935666002,637.5492354160015,638.0381633330035,638.0381633330035,638.1134964580051,638.1134964580051,638.4654782080033,left,0.9094490829957067,None,638.4656033749998,638.465654915999,None,,,,,,,,,,,,21049991,0,2025-12-01_13h58.34.105,tilt_mocs,2024.2.4,120.47370212248029,2025-12-01 13h58.42.820009 -0500,
-2,0.0,,412,412,0,,,,,,,,,,c-2,noss,0,right,0.9551077079959214,None,None,,,,,,,,,,,0,412,412,776,638.4758695830023,,,,,,,,,,,,,,,,,,,,,,,,,,,,,,,,,,,,,,,,,,,,,,,,,,,,,,,,,,,,,,,,638.4677015410052,638.4758695830023,638.9627287080002,638.9627287080002,639.0467984160059,639.0467984160059,639.4431327080019,right,0.9551077079959214,None,639.4432529580008,639.4433080830058,None,,,,,,,,,,,,21049991,0,2025-12-01_13h58.34.105,tilt_mocs,2024.2.4,120.47370212248029,2025-12-01 13h58.42.820009 -0500,
-2,-15.0,,413,413,0,,,,,,,,,,c-2,negs,100,right,0.9945707090009819,None,None,,,,,,,,,,,0,413,413,546,639.449695041003,,,,,,,,,,,,,,,,,,,,,,,,,,,,,,,,,,,,,,,,,,,,,,,,,,,,,,,,,,,,,,,,639.4452169580036,639.449695041003,639.9380303330036,639.9380303330036,640.0134275000019,640.0134275000019,640.449426791005,right,0.9945707090009819,None,640.449552791004,640.4496042910032,None,,,,,,,,,,,,21049991,0,2025-12-01_13h58.34.105,tilt_mocs,2024.2.4,120.47370212248029,2025-12-01 13h58.42.820009 -0500,
2,-15.0,,414,414,0,,,,,,,,,,c+2,negs,100,right,1.03774537499703,None,None,,,,,,,,,,,0,414,414,650,640.4598172500046,,,,,,,,,,,,,,,,,,,,,,,,,,,,,,,,,,,,,,,,,,,,,,,,,,,,,,,,,,,,,,,,640.4518300830023,640.4598172500046,640.9463419580061,640.9463419580061,641.019203374999,641.019203374999,641.5005364160024,right,1.03774537499703,None,641.500682458005,641.5007382080003,None,,,,,,,,,,,,21049991,0,2025-12-01_13h58.34.105,tilt_mocs,2024.2.4,120.47370212248029,2025-12-01 13h58.42.820009 -0500,
-2,-15.0,,415,415,0,,,,,,,,,,c-2,negs,100,right,1.1475084159974358,None,None,,,,,,,,,,,0,415,415,533,641.5109568330008,,,,,,,,,,,,,,,,,,,,,,,,,,,,,,,,,,,,,,,,,,,,,,,,,,,,,,,,,,,,,,,,641.5027718750061,641.5109568330008,641.996209541001,641.996209541001,642.0688406250047,642.0688406250047,642.665937208003,right,1.1475084159974358,None,642.6660994580016,642.6661600000007,None,,,,,,,,,,,,21049991,0,2025-12-01_13h58.34.105,tilt_mocs,2024.2.4,120.47370212248029,2025-12-01 13h58.42.820009 -0500,
0,15.0,,416,416,0,,,,,,,,,,c+0,poss,100,right,1.1456470839984831,None,None,,,,,,,,,,,0,416,416,90,642.676972416004,,,,,,,,,,,,,,,,,,,,,,,,,,,,,,,,,,,,,,,,,,,,,,,,,,,,,,,,,,,,,,,,642.6685005830004,642.676972416004,643.1631169160028,643.1631169160028,643.2347372080039,643.2347372080039,643.8329592080045,right,1.1456470839984831,None,643.833090416003,643.8331647080049,None,,,,,,,,,,,,21049991,0,2025-12-01_13h58.34.105,tilt_mocs,2024.2.4,120.47370212248029,2025-12-01 13h58.42.820009 -0500,
6,15.0,,417,417,0,,,,,,,,,,c+6,poss,100,right,1.1061195830043289,None,None,,,,,,,,,,,0,417,417,267,643.843627000002,,,,,,,,,,,,,,,,,,,,,,,,,,,,,,,,,,,,,,,,,,,,,,,,,,,,,,,,,,,,,,,,643.835365166,643.843627000002,644.3297591660012,644.3297591660012,644.4017304160006,644.4017304160006,644.9549766250057,right,1.1061195830043289,None,644.9550997910046,644.9551524160051,None,,,,,,,,,,,,21049991,0,2025-12-01_13h58.34.105,tilt_mocs,2024.2.4,120.47370212248029,2025-12-01 13h58.42.820009 -0500,
1,0.0,,418,418,0,,,,,,,,,,c+1,noss,0,left,1.1317918749991804,None,None,,,,,,,,,,,0,418,418,850,644.965558750002,,,,,,,,,,,,,,,,,,,,,,,,,,,,,,,,,,,,,,,,,,,,,,,,,,,,,,,,,,,,,,,,644.9571504580017,644.965558750002,645.4554052910025,645.4554052910025,645.5303534580016,645.5303534580016,646.1005827910049,left,1.1317918749991804,None,646.1007198750012,646.1007772080047,None,,,,,,,,,,,,21049991,0,2025-12-01_13h58.34.105,tilt_mocs,2024.2.4,120.47370212248029,2025-12-01 13h58.42.820009 -0500,
4,0.0,,419,419,0,,,,,,,,,,c+4,noss,0,right,1.0597289159995853,None,None,,,,,,,,,,,0,419,419,954,646.1115632910005,,,,,,,,,,,,,,,,,,,,,,,,,,,,,,,,,,,,,,,,,,,,,,,,,,,,,,,,,,,,,,,,646.1033503330036,646.1115632910005,646.5964908330061,646.5964908330061,646.668445000003,646.668445000003,647.1835052910028,right,1.0597289159995853,None,647.1836492910006,647.1837048750021,None,,,,,,,,,,,,21049991,0,2025-12-01_13h58.34.105,tilt_mocs,2024.2.4,120.47370212248029,2025-12-01 13h58.42.820009 -0500,
6,15.0,,420,420,0,,,,,,,,,,c+6,poss,100,right,1.0429133340003318,None,None,,,,,,,,,,,0,420,420,277,647.1941388750056,,,,,,,,,,,,,,,,,,,,,,,,,,,,,,,,,,,,,,,,,,,,,,,,,,,,,,,,,,,,,,,,647.1858315830032,647.1941388750056,647.6797494160055,647.6797494160055,647.7521479580028,647.7521479580028,648.2497015410045,right,1.0429133340003318,None,648.2498723750032,648.2499447500013,None,,,,,,,,,,,,21049991,0,2025-12-01_13h58.34.105,tilt_mocs,2024.2.4,120.47370212248029,2025-12-01 13h58.42.820009 -0500,
0,15.0,,421,421,0,,,,,,,,,,c+0,poss,100,left,1.027554667001823,None,None,,,,,,,,,,,0,421,421,68,648.2612107910027,,,,,,,,,,,,,,,,,,,,,,,,,,,,,,,,,,,,,,,,,,,,,,,,,,,,,,,,,,,,,,,,648.2528494580038,648.2612107910027,648.7464475830056,648.7464475830056,648.8183316659997,648.8183316659997,649.2992886249995,left,1.027554667001823,None,649.2994520830034,649.2995062500049,None,,,,,,,,,,,,21049991,0,2025-12-01_13h58.34.105,tilt_mocs,2024.2.4,120.47370212248029,2025-12-01 13h58.42.820009 -0500,
4,15.0,,422,422,0,,,,,,,,,,c+4,poss,100,left,1.0560336249982356,None,None,,,,,,,,,,,0,422,422,222,649.3103310410006,,,,,,,,,,,,,,,,,,,,,,,,,,,,,,,,,,,,,,,,,,,,,,,,,,,,,,,,,,,,,,,,649.3021631250012,649.3103310410006,649.7964841659996,649.7964841659996,649.8693525830022,649.8693525830022,650.3710393330039,left,1.0560336249982356,None,650.3711643330025,650.3712168330021,None,,,,,,,,,,,,21049991,0,2025-12-01_13h58.34.105,tilt_mocs,2024.2.4,120.47370212248029,2025-12-01 13h58.42.820009 -0500,
8,15.0,,423,423,0,,,,,,,,,,c+8,poss,100,right,1.0561070420008036,None,None,,,,,,,,,,,0,423,423,329,650.3822140410048,,,,,,,,,,,,,,,,,,,,,,,,,,,,,,,,,,,,,,,,,,,,,,,,,,,,,,,,,,,,,,,,650.3734363330004,650.3822140410048,650.8731369160014,650.8731369160014,650.9470771250053,650.9470771250053,651.4493862080053,right,1.0561070420008036,None,651.4495183750041,651.449572041005,None,,,,,,,,,,,,21049991,0,2025-12-01_13h58.34.105,tilt_mocs,2024.2.4,120.47370212248029,2025-12-01 13h58.42.820009 -0500,
4,0.0,,424,424,0,,,,,,,,,,c+4,noss,0,right,0.9733238749977318,None,None,,,,,,,,,,,0,424,424,970,651.460110041,,,,,,,,,,,,,,,,,,,,,,,,,,,,,,,,,,,,,,,,,,,,,,,,,,,,,,,,,,,,,,,,651.4520909580024,651.460110041,651.9466537080007,651.9466537080007,652.0199368329995,652.0199368329995,652.4385212910056,right,0.9733238749977318,None,652.4386488750024,652.4387017910049,None,,,,,,,,,,,,21049991,0,2025-12-01_13h58.34.105,tilt_mocs,2024.2.4,120.47370212248029,2025-12-01 13h58.42.820009 -0500,
2,-15.0,,425,425,0,,,,,,,,,,c+2,negs,100,right,1.0182136660005199,None,None,,,,,,,,,,,0,425,425,663,652.4491711250012,,,,,,,,,,,,,,,,,,,,,,,,,,,,,,,,,,,,,,,,,,,,,,,,,,,,,,,,,,,,,,,,652.4408049160047,652.4491711250012,652.9389347910037,652.9389347910037,653.0138465410055,653.0138465410055,653.4723422910029,right,1.0182136660005199,None,653.4724692500022,653.4725217080049,None,,,,,,,,,,,,21049991,0,2025-12-01_13h58.34.105,tilt_mocs,2024.2.4,120.47370212248029,2025-12-01 13h58.42.820009 -0500,
-4,-15.0,,426,426,0,,,,,,,,,,c-4,negs,100,right,1.0651443749957252,None,None,,,,,,,,,,,0,426,426,460,653.4825792500051,,,,,,,,,,,,,,,,,,,,,,,,,,,,,,,,,,,,,,,,,,,,,,,,,,,,,,,,,,,,,,,,653.4744281250023,653.4825792500051,653.9725102080047,653.9725102080047,654.047262,654.047262,654.5502716660048,right,1.0651443749957252,None,654.5503973330051,654.5504491250031,None,,,,,,,,,,,,21049991,0,2025-12-01_13h58.34.105,tilt_mocs,2024.2.4,120.47370212248029,2025-12-01 13h58.42.820009 -0500,
-4,-15.0,,427,427,0,,,,,,,,,,c-4,negs,100,right,1.0913784579970525,None,None,,,,,,,,,,,0,427,427,474,654.5606917500045,,,,,,,,,,,,,,,,,,,,,,,,,,,,,,,,,,,,,,,,,,,,,,,,,,,,,,,,,,,,,,,,654.5524437080021,654.5606917500045,655.0469568330009,655.0469568330009,655.1187573749994,655.1187573749994,655.6561039160006,right,1.0913784579970525,None,655.6562333330003,655.6562862499995,None,,,,,,,,,,,,21049991,0,2025-12-01_13h58.34.105,tilt_mocs,2024.2.4,120.47370212248029,2025-12-01 13h58.42.820009 -0500,
-6,-15.0,,428,428,0,,,,,,,,,,c-6,negs,100,right,1.115178083004139,None,None,,,,,,,,,,,0,428,428,407,655.6664463750058,,,,,,,,,,,,,,,,,,,,,,,,,,,,,,,,,,,,,,,,,,,,,,,,,,,,,,,,,,,,,,,,655.6583334160023,655.6664463750058,656.1560919160038,656.1560919160038,656.2306655409993,656.2306655409993,656.7929508330053,right,1.115178083004139,None,656.7930565410061,656.7930992080001,None,,,,,,,,,,,,21049991,0,2025-12-01_13h58.34.105,tilt_mocs,2024.2.4,120.47370212248029,2025-12-01 13h58.42.820009 -0500,
-2,-15.0,,429,429,0,,,,,,,,,,c-2,negs,100,right,1.0169221250034752,None,None,,,,,,,,,,,0,429,429,559,656.7997297080001,,,,,,,,,,,,,,,,,,,,,,,,,,,,,,,,,,,,,,,,,,,,,,,,,,,,,,,,,,,,,,,,656.794976833,656.7997297080001,657.2890291660005,657.2890291660005,657.3640068750028,657.3640068750028,657.8228492500057,right,1.0169221250034752,None,657.8229761250041,657.8230298330018,None,,,,,,,,,,,,21049991,0,2025-12-01_13h58.34.105,tilt_mocs,2024.2.4,120.47370212248029,2025-12-01 13h58.42.820009 -0500,
-8,-15.0,,430,430,0,,,,,,,,,,c-8,negs,100,left,0.997617959001218,None,None,,,,,,,,,,,0,430,430,348,657.8334112910015,,,,,,,,,,,,,,,,,,,,,,,,,,,,,,,,,,,,,,,,,,,,,,,,,,,,,,,,,,,,,,,,657.8250810829995,657.8334112910015,658.3223774159997,658.3223774159997,658.3973689580016,658.3973689580016,658.834068958,left,0.997617959001218,None,658.8342133330007,658.8342729580036,None,,,,,,,,,,,,21049991,0,2025-12-01_13h58.34.105,tilt_mocs,2024.2.4,120.47370212248029,2025-12-01 13h58.42.820009 -0500,
-1,0.0,,431,431,0,,,,,,,,,,c-1,noss,0,left,1.0199343749991385,None,None,,,,,,,,,,,0,431,431,825,658.8447296250015,,,,,,,,,,,,,,,,,,,,,,,,,,,,,,,,,,,,,,,,,,,,,,,,,,,,,,,,,,,,,,,,658.8363867910011,658.8447296250015,659.3301859999992,659.3301859999992,659.4023555000022,659.4023555000022,659.8674927500033,left,1.0199343749991385,None,659.8676442080032,659.8677039160029,None,,,,,,,,,,,,21049991,0,2025-12-01_13h58.34.105,tilt_mocs,2024.2.4,120.47370212248029,2025-12-01 13h58.42.820009 -0500,
2,-15.0,,432,432,0,,,,,,,,,,c+2,negs,100,right,1.0207834169996204,None,None,,,,,,,,,,,0,432,432,630,659.8782075830022,,,,,,,,,,,,,,,,,,,,,,,,,,,,,,,,,,,,,,,,,,,,,,,,,,,,,,,,,,,,,,,,659.8698538750032,659.8782075830022,660.3637888750018,660.3637888750018,660.4354367080014,660.4354367080014,660.9056582500052,right,1.0207834169996204,None,660.9057901660053,660.9058449160002,None,,,,,,,,,,,,21049991,0,2025-12-01_13h58.34.105,tilt_mocs,2024.2.4,120.47370212248029,2025-12-01 13h58.42.820009 -0500,
-1,0.0,,433,433,0,,,,,,,,,,c-1,noss,0,right,1.0338558340008603,None,None,,,,,,,,,,,0,433,433,824,660.9164455409991,,,,,,,,,,,,,,,,,,,,,,,,,,,,,,,,,,,,,,,,,,,,,,,,,,,,,,,,,,,,,,,,660.9081216250052,660.9164455409991,661.4066518750042,661.4066518750042,661.481017791004,661.481017791004,661.9549451250059,right,1.0338558340008603,None,661.9550408750001,661.9550915,None,,,,,,,,,,,,21049991,0,2025-12-01_13h58.34.105,tilt_mocs,2024.2.4,120.47370212248029,2025-12-01 13h58.42.820009 -0500,
2,-15.0,,434,434,0,,,,,,,,,,c+2,negs,100,right,0.9939182500020252,None,None,,,,,,,,,,,0,434,434,639,661.9804855000039,,,,,,,,,,,,,,,,,,,,,,,,,,,,,,,,,,,,,,,,,,,,,,,,,,,,,,,,,,,,,,,,661.9570074580042,661.9804855000039,662.4562424160031,662.4562424160031,662.5306427500036,662.5306427500036,662.983058165999,right,0.9939182500020252,None,662.9831872080031,662.9832401660024,None,,,,,,,,,,,,21049991,0,2025-12-01_13h58.34.105,tilt_mocs,2024.2.4,120.47370212248029,2025-12-01 13h58.42.820009 -0500,
4,15.0,,435,435,0,,,,,,,,,,c+4,poss,100,left,1.0714386249965173,None,None,,,,,,,,,,,0,435,435,174,662.9934785410005,,,,,,,,,,,,,,,,,,,,,,,,,,,,,,,,,,,,,,,,,,,,,,,,,,,,,,,,,,,,,,,,662.9854038750054,662.9934785410005,663.4802515410047,663.4802515410047,663.5526689580001,663.5526689580001,664.0756900410051,left,1.0714386249965173,None,664.0757907080042,664.0758322080001,None,,,,,,,,,,,,21049991,0,2025-12-01_13h58.34.105,tilt_mocs,2024.2.4,120.47370212248029,2025-12-01 13h58.42.820009 -0500,
2,15.0,,436,436,0,,,,,,,,,,c+2,poss,100,right,0.050469832996896,None,None,,,,,,,,,,,0,436,436,117,664.082730083006,,,,,,,,,,,,,,,,,,,,,,,,,,,,,,,,,,,,,,,,,,,,,,,,,,,,,,,,,,,,,,,,664.0777264999997,664.082730083006,,,,,664.1425832500026,right,0.050469832996896,None,664.1426759160022,664.1427158750012,None,,,,,,,,,,,,21049991,0,2025-12-01_13h58.34.105,tilt_mocs,2024.2.4,120.47370212248029,2025-12-01 13h58.42.820009 -0500,
-2,15.0,,437,437,0,,,,,,,,,,c-2,poss,100,left,1.0149837089993525,None,None,,,,,,,,,,,0,437,437,45,664.1496631250047,,,,,,,,,,,,,,,,,,,,,,,,,,,,,,,,,,,,,,,,,,,,,,,,,,,,,,,,,,,,,,,,664.1446182910004,664.1496631250047,664.6395861660058,664.6395861660058,664.7142710410044,664.7142710410044,665.1681417080035,left,1.0149837089993525,None,665.1682954580028,665.1683520000006,None,,,,,,,,,,,,21049991,0,2025-12-01_13h58.34.105,tilt_mocs,2024.2.4,120.47370212248029,2025-12-01 13h58.42.820009 -0500,
2,15.0,,438,438,0,,,,,,,,,,c+2,poss,100,left,1.162005665995821,None,None,,,,,,,,,,,0,438,438,152,665.1790118330027,,,,,,,,,,,,,,,,,,,,,,,,,,,,,,,,,,,,,,,,,,,,,,,,,,,,,,,,,,,,,,,,665.1706593750059,665.1790118330027,665.6637002080024,665.6637002080024,665.7357456250029,665.7357456250029,666.3497145830042,left,1.162005665995821,None,666.3498426660008,666.3498954579991,None,,,,,,,,,,,,21049991,0,2025-12-01_13h58.34.105,tilt_mocs,2024.2.4,120.47370212248029,2025-12-01 13h58.42.820009 -0500,
2,-15.0,,439,439,0,,,,,,,,,,c+2,negs,100,right,0.9951246669952525,None,None,,,,,,,,,,,0,439,439,654,666.3607547080028,,,,,,,,,,,,,,,,,,,,,,,,,,,,,,,,,,,,,,,,,,,,,,,,,,,,,,,,,,,,,,,,666.3522757500032,666.3607547080028,666.8472272080035,666.8472272080035,666.9195587909999,666.9195587909999,667.3666393330059,right,0.9951246669952525,None,667.3667678330021,667.3668202910048,None,,,,,,,,,,,,21049991,0,2025-12-01_13h58.34.105,tilt_mocs,2024.2.4,120.47370212248029,2025-12-01 13h58.42.820009 -0500,
-6,-15.0,,440,440,0,,,,,,,,,,c-6,negs,100,left,1.0213770830014255,None,None,,,,,,,,,,,0,440,440,438,667.3769170830055,,,,,,,,,,,,,,,,,,,,,,,,,,,,,,,,,,,,,,,,,,,,,,,,,,,,,,,,,,,,,,,,667.3689490000033,667.3769170830055,667.8630030000058,667.8630030000058,667.9361631659995,667.9361631659995,668.4012026250057,left,1.0213770830014255,None,668.4013553330005,668.401409791004,None,,,,,,,,,,,,21049991,0,2025-12-01_13h58.34.105,tilt_mocs,2024.2.4,120.47370212248029,2025-12-01 13h58.42.820009 -0500,
-1,0.0,,441,441,0,,,,,,,,,,c-1,noss,0,left,0.9784066659995005,None,None,,,,,,,,,,,0,441,441,805,668.4120082500012,,,,,,,,,,,,,,,,,,,,,,,,,,,,,,,,,,,,,,,,,,,,,,,,,,,,,,,,,,,,,,,,668.4036892910008,668.4120082500012,668.8974348750053,668.8974348750053,668.9695592909993,668.9695592909993,669.4001765830035,left,0.9784066659995005,None,669.4003022910038,669.4003540830017,None,,,,,,,,,,,,21049991,0,2025-12-01_13h58.34.105,tilt_mocs,2024.2.4,120.47370212248029,2025-12-01 13h58.42.820009 -0500,
-2,15.0,,442,442,0,,,,,,,,,,c-2,poss,100,left,0.9869143329997314,None,None,,,,,,,,,,,0,442,442,33,669.4109934580047,,,,,,,,,,,,,,,,,,,,,,,,,,,,,,,,,,,,,,,,,,,,,,,,,,,,,,,,,,,,,,,,669.4027083330002,669.4109934580047,669.897203958004,669.897203958004,669.9701297080028,669.9701297080028,670.400812083004,left,0.9869143329997314,None,670.4009715409993,670.4010303750038,None,,,,,,,,,,,,21049991,0,2025-12-01_13h58.34.105,tilt_mocs,2024.2.4,120.47370212248029,2025-12-01 13h58.42.820009 -0500,
-2,-15.0,,443,443,0,,,,,,,,,,c-2,negs,100,right,1.0256689589950838,None,None,,,,,,,,,,,0,443,443,535,670.4114510830041,,,,,,,,,,,,,,,,,,,,,,,,,,,,,,,,,,,,,,,,,,,,,,,,,,,,,,,,,,,,,,,,670.4030991250038,670.4114510830041,670.8973311660011,670.8973311660011,670.969715457999,670.969715457999,671.4478852910033,right,1.0256689589950838,None,671.4479921250022,671.4480344160038,None,,,,,,,,,,,,21049991,0,2025-12-01_13h58.34.105,tilt_mocs,2024.2.4,120.47370212248029,2025-12-01 13h58.42.820009 -0500,
-2,-15.0,,444,444,0,,,,,,,,,,c-2,negs,100,right,0.9949333750046208,None,None,,,,,,,,,,,0,444,444,536,671.4550299580005,,,,,,,,,,,,,,,,,,,,,,,,,,,,,,,,,,,,,,,,,,,,,,,,,,,,,,,,,,,,,,,,671.4499287500003,671.4550299580005,671.9401956660004,671.9401956660004,672.0144985000006,672.0144985000006,672.4562011660018,right,0.9949333750046208,None,672.4563013330044,672.4563432499999,None,,,,,,,,,,,,21049991,0,2025-12-01_13h58.34.105,tilt_mocs,2024.2.4,120.47370212248029,2025-12-01 13h58.42.820009 -0500,
-2,15.0,,445,445,0,,,,,,,,,,c-2,poss,100,left,1.1152797910035588,None,None,,,,,,,,,,,0,445,445,1,672.4665196659989,,,,,,,,,,,,,,,,,,,,,,,,,,,,,,,,,,,,,,,,,,,,,,,,,,,,,,,,,,,,,,,,672.4582248750012,672.4665196659989,672.956647291001,672.956647291001,673.0312831660049,673.0312831660049,673.5843350409996,left,1.1152797910035588,None,673.5844730829995,673.5845270830032,None,,,,,,,,,,,,21049991,0,2025-12-01_13h58.34.105,tilt_mocs,2024.2.4,120.47370212248029,2025-12-01 13h58.42.820009 -0500,
-2,0.0,,446,446,0,,,,,,,,,,c-2,noss,0,left,1.0864970420007012,None,None,,,,,,,,,,,0,446,446,772,673.5950462910041,,,,,,,,,,,,,,,,,,,,,,,,,,,,,,,,,,,,,,,,,,,,,,,,,,,,,,,,,,,,,,,,673.5867065000057,673.5950462910041,674.0808163750044,674.0808163750044,674.1538425000035,674.1538425000035,674.6841380410042,left,1.0864970420007012,None,674.6843072500051,674.684364916,None,,,,,,,,,,,,21049991,0,2025-12-01_13h58.34.105,tilt_mocs,2024.2.4,120.47370212248029,2025-12-01 13h58.42.820009 -0500,
2,15.0,,447,447,0,,,,,,,,,,c+2,poss,100,right,1.095801041003142,None,None,,,,,,,,,,,0,447,447,135,674.6951329580043,,,,,,,,,,,,,,,,,,,,,,,,,,,,,,,,,,,,,,,,,,,,,,,,,,,,,,,,,,,,,,,,674.6869691660031,674.6951329580043,675.1809272910032,675.1809272910032,675.252749457999,675.252749457999,675.800261000004,right,1.095801041003142,None,675.8004124580038,675.8004655410041,None,,,,,,,,,,,,21049991,0,2025-12-01_13h58.34.105,tilt_mocs,2024.2.4,120.47370212248029,2025-12-01 13h58.42.820009 -0500,
2,-15.0,,448,448,0,,,,,,,,,,c+2,negs,100,right,1.0167222499949276,None,None,,,,,,,,,,,0,448,448,647,675.8116514159992,,,,,,,,,,,,,,,,,,,,,,,,,,,,,,,,,,,,,,,,,,,,,,,,,,,,,,,,,,,,,,,,675.8033843750018,675.8116514159992,676.2974880000038,676.2974880000038,676.3697487910031,676.3697487910031,676.8332530410044,right,1.0167222499949276,None,676.8333550410025,676.8333957499999,None,,,,,,,,,,,,21049991,0,2025-12-01_13h58.34.105,tilt_mocs,2024.2.4,120.47370212248029,2025-12-01 13h58.42.820009 -0500,
0,15.0,,449,449,0,,,,,,,,,,c+0,poss,100,right,1.0052775419972022,None,None,,,,,,,,,,,0,449,449,111,676.8434172080015,,,,,,,,,,,,,,,,,,,,,,,,,,,,,,,,,,,,,,,,,,,,,,,,,,,,,,,,,,,,,,,,676.8352812910016,676.8434172080015,677.3298689160001,677.3298689160001,677.402937040999,677.402937040999,677.8514402080036,right,1.0052775419972022,None,677.8516143750021,677.8517268330033,None,,,,,,,,,,,,21049991,0,2025-12-01_13h58.34.105,tilt_mocs,2024.2.4,120.47370212248029,2025-12-01 13h58.42.820009 -0500,
4,15.0,,450,450,0,,,,,,,,,,c+4,poss,100,right,0.948293207999086,None,None,,,,,,,,,,,0,450,450,183,677.8623918750018,,,,,,,,,,,,,,,,,,,,,,,,,,,,,,,,,,,,,,,,,,,,,,,,,,,,,,,,,,,,,,,,677.8542749160042,677.8623918750018,678.3475135000044,678.3475135000044,678.4192890000049,678.4192890000049,678.8166933750035,right,0.948293207999086,None,678.8167971250004,678.8168393330052,None,,,,,,,,,,,,21049991,0,2025-12-01_13h58.34.105,tilt_mocs,2024.2.4,120.47370212248029,2025-12-01 13h58.42.820009 -0500,
-4,0.0,,451,451,0,,,,,,,,,,c-4,noss,0,left,0.9676551669981563,None,None,,,,,,,,,,,0,451,451,721,678.8266708330048,,,,,,,,,,,,,,,,,,,,,,,,,,,,,,,,,,,,,,,,,,,,,,,,,,,,,,,,,,,,,,,,678.8187246250018,678.8266708330048,679.3142231250022,679.3142231250022,679.3860299580047,679.3860299580047,679.8008417500023,left,0.9676551669981563,None,679.8010595830056,679.8011515830003,None,,,,,,,,,,,,21049991,0,2025-12-01_13h58.34.105,tilt_mocs,2024.2.4,120.47370212248029,2025-12-01 13h58.42.820009 -0500,
6,15.0,,452,452,0,,,,,,,,,,c+6,poss,100,right,0.9599870000020019,None,None,,,,,,,,,,,0,452,452,254,679.8122022500029,,,,,,,,,,,,,,,,,,,,,,,,,,,,,,,,,,,,,,,,,,,,,,,,,,,,,,,,,,,,,,,,679.8037243750005,679.8122022500029,680.2976060000001,680.2976060000001,680.3701575000014,680.3701575000014,680.7835462500007,right,0.9599870000020019,None,680.7836727910035,680.7837265830021,None,,,,,,,,,,,,21049991,0,2025-12-01_13h58.34.105,tilt_mocs,2024.2.4,120.47370212248029,2025-12-01 13h58.42.820009 -0500,
-4,-15.0,,453,453,0,,,,,,,,,,c-4,negs,100,left,0.876570874999743,None,None,,,,,,,,,,,0,453,453,472,680.7937476660009,,,,,,,,,,,,,,,,,,,,,,,,,,,,,,,,,,,,,,,,,,,,,,,,,,,,,,,,,,,,,,,,680.7857729160023,680.7937476660009,681.2810850000023,681.2810850000023,681.3532834159996,681.3532834159996,681.6728217500058,left,0.876570874999743,None,681.6729184580036,681.6729703750025,None,,,,,,,,,,,,21049991,0,2025-12-01_13h58.34.105,tilt_mocs,2024.2.4,120.47370212248029,2025-12-01 13h58.42.820009 -0500,
1,0.0,,454,454,0,,,,,,,,,,c+1,noss,0,left,1.1089702080062125,None,None,,,,,,,,,,,0,454,454,885,681.6832371660057,,,,,,,,,,,,,,,,,,,,,,,,,,,,,,,,,,,,,,,,,,,,,,,,,,,,,,,,,,,,,,,,681.6748364160012,681.6832371660057,682.1739673330012,682.1739673330012,682.248432583001,682.248432583001,682.8005324580008,left,1.1089702080062125,None,682.8006430410023,682.8006836250061,None,,,,,,,,,,,,21049991,0,2025-12-01_13h58.34.105,tilt_mocs,2024.2.4,120.47370212248029,2025-12-01 13h58.42.820009 -0500,
8,15.0,,455,455,0,,,,,,,,,,c+8,poss,100,right,0.9138412089960184,None,None,,,,,,,,,,,0,455,455,304,682.8103457910038,,,,,,,,,,,,,,,,,,,,,,,,,,,,,,,,,,,,,,,,,,,,,,,,,,,,,,,,,,,,,,,,682.8026031660047,682.8103457910038,683.2977803329995,683.2977803329995,683.3698143330039,683.3698143330039,683.7338149160059,right,0.9138412089960184,None,683.7339400830024,683.7340138750005,None,,,,,,,,,,,,21049991,0,2025-12-01_13h58.34.105,tilt_mocs,2024.2.4,120.47370212248029,2025-12-01 13h58.42.820009 -0500,
2,-15.0,,456,456,0,,,,,,,,,,c+2,negs,100,right,0.9807307090013637,None,None,,,,,,,,,,,0,456,456,642,683.7448632500018,,,,,,,,,,,,,,,,,,,,,,,,,,,,,,,,,,,,,,,,,,,,,,,,,,,,,,,,,,,,,,,,683.7364017910004,683.7448632500018,684.230188708003,684.230188708003,684.3041916660004,684.3041916660004,684.7332827499995,right,0.9807307090013637,None,684.7333808330004,684.733423083002,None,,,,,,,,,,,,21049991,0,2025-12-01_13h58.34.105,tilt_mocs,2024.2.4,120.47370212248029,2025-12-01 13h58.42.820009 -0500,
0,15.0,,457,457,0,,,,,,,,,,c+0,poss,100,left,1.0282580420025624,None,None,,,,,,,,,,,0,457,457,62,684.7436001660026,,,,,,,,,,,,,,,,,,,,,,,,,,,,,,,,,,,,,,,,,,,,,,,,,,,,,,,,,,,,,,,,684.7353247909996,684.7436001660026,685.2311356659993,685.2311356659993,685.3041665000055,685.3041665000055,685.7838625000004,left,1.0282580420025624,None,685.7839843330003,685.7840363330033,None,,,,,,,,,,,,21049991,0,2025-12-01_13h58.34.105,tilt_mocs,2024.2.4,120.47370212248029,2025-12-01 13h58.42.820009 -0500,
1,0.0,,458,458,0,,,,,,,,,,c+1,noss,0,left,1.0593875410049804,None,None,,,,,,,,,,,0,458,458,866,685.7942704160014,,,,,,,,,,,,,,,,,,,,,,,,,,,,,,,,,,,,,,,,,,,,,,,,,,,,,,,,,,,,,,,,685.7861355830028,685.7942704160014,686.2812474160019,686.2812474160019,686.3531557910028,686.3531557910028,686.8561373750053,left,1.0593875410049804,None,686.856236874999,686.8562781660003,None,,,,,,,,,,,,21049991,0,2025-12-01_13h58.34.105,tilt_mocs,2024.2.4,120.47370212248029,2025-12-01 13h58.42.820009 -0500,
4,15.0,,459,459,0,,,,,,,,,,c+4,poss,100,right,0.9324700419965666,None,None,,,,,,,,,,,0,459,459,213,686.8664182080029,,,,,,,,,,,,,,,,,,,,,,,,,,,,,,,,,,,,,,,,,,,,,,,,,,,,,,,,,,,,,,,,686.8581788750016,686.8664182080029,687.3569643330047,687.3569643330047,687.4316916250027,687.4316916250027,687.8019388329994,right,0.9324700419965666,None,687.8020782500025,687.8021420000005,None,,,,,,,,,,,,21049991,0,2025-12-01_13h58.34.105,tilt_mocs,2024.2.4,120.47370212248029,2025-12-01 13h58.42.820009 -0500,
4,15.0,,460,460,0,,,,,,,,,,c+4,poss,100,right,0.9810907909995876,None,None,,,,,,,,,,,0,460,460,195,687.8124888330058,,,,,,,,,,,,,,,,,,,,,,,,,,,,,,,,,,,,,,,,,,,,,,,,,,,,,,,,,,,,,,,,687.8041902080004,687.8124888330058,688.2979999580057,688.2979999580057,688.3711463330037,688.3711463330037,688.8005995410058,right,0.9810907909995876,None,688.8007282079998,688.8007809160044,None,,,,,,,,,,,,21049991,0,2025-12-01_13h58.34.105,tilt_mocs,2024.2.4,120.47370212248029,2025-12-01 13h58.42.820009 -0500,
-6,-15.0,,461,461,0,,,,,,,,,,c-6,negs,100,left,1.1027590409939876,None,None,,,,,,,,,,,0,461,461,442,688.811278000001,,,,,,,,,,,,,,,,,,,,,,,,,,,,,,,,,,,,,,,,,,,,,,,,,,,,,,,,,,,,,,,,688.8031007500031,688.811278000001,689.2979765410055,689.2979765410055,689.3703652500044,689.3703652500044,689.9174241660003,left,1.1027590409939876,None,689.9175480830017,689.9176007909991,None,,,,,,,,,,,,21049991,0,2025-12-01_13h58.34.105,tilt_mocs,2024.2.4,120.47370212248029,2025-12-01 13h58.42.820009 -0500,
4,15.0,,462,462,0,,,,,,,,,,c+4,poss,100,right,1.037569458996586,None,None,,,,,,,,,,,0,462,462,208,689.9278348330045,,,,,,,,,,,,,,,,,,,,,,,,,,,,,,,,,,,,,,,,,,,,,,,,,,,,,,,,,,,,,,,,689.919636000006,689.9278348330045,690.414605375001,690.414605375001,690.4869422500051,690.4869422500051,690.9679562080055,right,1.037569458996586,None,690.9680939579994,690.9681485830006,None,,,,,,,,,,,,21049991,0,2025-12-01_13h58.34.105,tilt_mocs,2024.2.4,120.47370212248029,2025-12-01 13h58.42.820009 -0500,
-2,15.0,,463,463,0,,,,,,,,,,c-2,poss,100,left,1.0964270839976962,None,None,,,,,,,,,,,0,463,463,16,690.979098541,,,,,,,,,,,,,,,,,,,,,,,,,,,,,,,,,,,,,,,,,,,,,,,,,,,,,,,,,,,,,,,,690.9706633750029,690.979098541,691.4647375000059,691.4647375000059,691.5380347500031,691.5380347500031,692.0843462910052,left,1.0964270839976962,None,692.0844951250037,692.0845515000037,None,,,,,,,,,,,,21049991,0,2025-12-01_13h58.34.105,tilt_mocs,2024.2.4,120.47370212248029,2025-12-01 13h58.42.820009 -0500,
-4,-15.0,,464,464,0,,,,,,,,,,c-4,negs,100,left,1.1757491670068703,None,None,,,,,,,,,,,0,464,464,466,692.09499125,,,,,,,,,,,,,,,,,,,,,,,,,,,,,,,,,,,,,,,,,,,,,,,,,,,,,,,,,,,,,,,,692.0867816660029,692.09499125,692.5813541250027,692.5813541250027,692.6541965830038,692.6541965830038,693.2735634160053,left,1.1757491670068703,None,693.2736651660016,693.2737089580041,None,,,,,,,,,,,,21049991,0,2025-12-01_13h58.34.105,tilt_mocs,2024.2.4,120.47370212248029,2025-12-01 13h58.42.820009 -0500,
6,15.0,,465,465,0,,,,,,,,,,c+6,poss,100,right,0.9901101249997737,None,None,,,,,,,,,,,0,465,465,231,693.2838995830025,,,,,,,,,,,,,,,,,,,,,,,,,,,,,,,,,,,,,,,,,,,,,,,,,,,,,,,,,,,,,,,,693.275589416,693.2838995830025,693.7744322910003,693.7744322910003,693.8486021659992,693.8486021659992,694.2841621660045,right,0.9901101249997737,None,694.2842915830042,694.284345291002,None,,,,,,,,,,,,21049991,0,2025-12-01_13h58.34.105,tilt_mocs,2024.2.4,120.47370212248029,2025-12-01 13h58.42.820009 -0500,
-2,15.0,,466,466,0,,,,,,,,,,c-2,poss,100,left,1.0203471670029103,None,None,,,,,,,,,,,0,466,466,23,694.295007875,,,,,,,,,,,,,,,,,,,,,,,,,,,,,,,,,,,,,,,,,,,,,,,,,,,,,,,,,,,,,,,,694.2867242909997,694.295007875,694.7815422499989,694.7815422499989,694.8531401250002,694.8531401250002,695.3178260410059,left,1.0203471670029103,None,695.3179625830016,695.3180162080025,None,,,,,,,,,,,,21049991,0,2025-12-01_13h58.34.105,tilt_mocs,2024.2.4,120.47370212248029,2025-12-01 13h58.42.820009 -0500,
6,15.0,,467,467,0,,,,,,,,,,c+6,poss,100,right,0.9326977500022622,None,None,,,,,,,,,,,0,467,467,253,695.3283632500024,,,,,,,,,,,,,,,,,,,,,,,,,,,,,,,,,,,,,,,,,,,,,,,,,,,,,,,,,,,,,,,,695.3202068750034,695.3283632500024,695.814879166006,695.814879166006,695.886576416,695.886576416,696.2675127080001,right,0.9326977500022622,None,696.267636291006,696.2676905410044,None,,,,,,,,,,,,21049991,0,2025-12-01_13h58.34.105,tilt_mocs,2024.2.4,120.47370212248029,2025-12-01 13h58.42.820009 -0500,
-8,-15.0,,468,468,0,,,,,,,,,,c-8,negs,100,left,0.9369485839997651,None,None,,,,,,,,,,,0,468,468,352,696.2775734579991,,,,,,,,,,,,,,,,,,,,,,,,,,,,,,,,,,,,,,,,,,,,,,,,,,,,,,,,,,,,,,,,696.2695919160033,696.2775734579991,696.764810916,696.764810916,696.8377770410007,696.8377770410007,697.2175747910005,left,0.9369485839997651,None,697.2176888329996,697.2177302080017,None,,,,,,,,,,,,21049991,0,2025-12-01_13h58.34.105,tilt_mocs,2024.2.4,120.47370212248029,2025-12-01 13h58.42.820009 -0500,
0,15.0,,469,469,0,,,,,,,,,,c+0,poss,100,right,3.108791291997477,None,None,,,,,,,,,,,0,469,469,110,697.2277484580045,,,,,,,,,,,,,,,,,,,,,,,,,,,,,,,,,,,,,,,,,,,,,,,,,,,,,,,,,,,,,,,,697.2195808329998,697.2277484580045,697.7149273750038,697.7149273750038,697.7871770410056,697.7871770410056,700.3404650830053,right,3.108791291997477,None,700.3405898750061,700.3406410829994,None,,,,,,,,,,,,21049991,0,2025-12-01_13h58.34.105,tilt_mocs,2024.2.4,120.47370212248029,2025-12-01 13h58.42.820009 -0500,
6,15.0,,470,470,0,,,,,,,,,,c+6,poss,100,left,1.1475931249951827,None,None,,,,,,,,,,,0,470,470,226,700.3510378330029,,,,,,,,,,,,,,,,,,,,,,,,,,,,,,,,,,,,,,,,,,,,,,,,,,,,,,,,,,,,,,,,700.3427937910019,700.3510378330029,700.8414051660002,700.8414051660002,700.9155231250043,700.9155231250043,701.5014138750048,left,1.1475931249951827,None,701.5015580830004,701.5016133750032,None,,,,,,,,,,,,21049991,0,2025-12-01_13h58.34.105,tilt_mocs,2024.2.4,120.47370212248029,2025-12-01 13h58.42.820009 -0500,
-2,-15.0,,471,471,0,,,,,,,,,,c-2,negs,100,left,1.0871054159943014,None,None,,,,,,,,,,,0,471,471,512,701.5122907500045,,,,,,,,,,,,,,,,,,,,,,,,,,,,,,,,,,,,,,,,,,,,,,,,,,,,,,,,,,,,,,,,701.5038990829999,701.5122907500045,701.9984666660021,701.9984666660021,702.0707442500061,702.0707442500061,702.6023419580015,left,1.0871054159943014,None,702.6024966250043,702.602556333004,None,,,,,,,,,,,,21049991,0,2025-12-01_13h58.34.105,tilt_mocs,2024.2.4,120.47370212248029,2025-12-01 13h58.42.820009 -0500,
-2,0.0,,472,472,0,,,,,,,,,,c-2,noss,0,left,0.9766142919979757,None,None,,,,,,,,,,,0,472,472,747,702.6144112080001,,,,,,,,,,,,,,,,,,,,,,,,,,,,,,,,,,,,,,,,,,,,,,,,,,,,,,,,,,,,,,,,702.605752083,702.6144112080001,703.0983524160038,703.0983524160038,703.1702612910012,703.1702612910012,703.6011847500049,left,0.9766142919979757,None,703.601289916005,703.6013310000053,None,,,,,,,,,,,,21049991,0,2025-12-01_13h58.34.105,tilt_mocs,2024.2.4,120.47370212248029,2025-12-01 13h58.42.820009 -0500,
2,-15.0,,473,473,0,,,,,,,,,,c+2,negs,100,right,0.9801525000002584,None,None,,,,,,,,,,,0,473,473,671,703.6112106660003,,,,,,,,,,,,,,,,,,,,,,,,,,,,,,,,,,,,,,,,,,,,,,,,,,,,,,,,,,,,,,,,703.6032454580054,703.6112106660003,704.0978053750005,704.0978053750005,704.1705222080054,704.1705222080054,704.6014600830022,right,0.9801525000002584,None,704.6016179580038,704.6016795830001,None,,,,,,,,,,,,21049991,0,2025-12-01_13h58.34.105,tilt_mocs,2024.2.4,120.47370212248029,2025-12-01 13h58.42.820009 -0500,
-4,-15.0,,474,474,0,,,,,,,,,,c-4,negs,100,left,1.0692649169941433,None,None,,,,,,,,,,,0,474,474,494,704.6129620409993,,,,,,,,,,,,,,,,,,,,,,,,,,,,,,,,,,,,,,,,,,,,,,,,,,,,,,,,,,,,,,,,704.6046244579993,704.6129620409993,705.098482207999,705.098482207999,705.1719520830011,705.1719520830011,705.6845736250034,left,1.0692649169941433,None,705.6846860830046,705.6847299159999,None,,,,,,,,,,,,21049991,0,2025-12-01_13h58.34.105,tilt_mocs,2024.2.4,120.47370212248029,2025-12-01 13h58.42.820009 -0500,
-1,0.0,,475,475,0,,,,,,,,,,c-1,noss,0,right,1.1047276250028517,None,None,,,,,,,,,,,0,475,475,803,705.6947352499992,,,,,,,,,,,,,,,,,,,,,,,,,,,,,,,,,,,,,,,,,,,,,,,,,,,,,,,,,,,,,,,,705.6867097499999,705.6947352499992,706.1818720830051,706.1818720830051,706.2535982080008,706.2535982080008,706.8023418330049,right,1.1047276250028517,None,706.802480958002,706.8025410410046,None,,,,,,,,,,,,21049991,0,2025-12-01_13h58.34.105,tilt_mocs,2024.2.4,120.47370212248029,2025-12-01 13h58.42.820009 -0500,
2,15.0,,476,476,0,,,,,,,,,,c+2,poss,100,right,1.0893836670002202,None,None,,,,,,,,,,,0,476,476,116,706.812645416001,,,,,,,,,,,,,,,,,,,,,,,,,,,,,,,,,,,,,,,,,,,,,,,,,,,,,,,,,,,,,,,,706.8046951249999,706.812645416001,707.2985511660008,707.2985511660008,707.3706625830018,707.3706625830018,707.9067213750022,right,1.0893836670002202,None,707.9068219160035,707.9068632500057,None,,,,,,,,,,,,21049991,0,2025-12-01_13h58.34.105,tilt_mocs,2024.2.4,120.47370212248029,2025-12-01 13h58.42.820009 -0500,
-8,-15.0,,477,477,0,,,,,,,,,,c-8,negs,100,left,0.949843124995823,None,None,,,,,,,,,,,0,477,477,340,707.9168659580027,,,,,,,,,,,,,,,,,,,,,,,,,,,,,,,,,,,,,,,,,,,,,,,,,,,,,,,,,,,,,,,,707.9087605000022,707.9168659580027,708.4078349580013,708.4078349580013,708.4824427909989,708.4824427909989,708.8781843750039,left,0.949843124995823,None,708.878287915999,708.8783297500049,None,,,,,,,,,,,,21049991,0,2025-12-01_13h58.34.105,tilt_mocs,2024.2.4,120.47370212248029,2025-12-01 13h58.42.820009 -0500,
-4,0.0,,478,478,0,,,,,,,,,,c-4,noss,0,left,1.0152811669977382,None,None,,,,,,,,,,,0,478,478,672,708.8848834160017,,,,,,,,,,,,,,,,,,,,,,,,,,,,,,,,,,,,,,,,,,,,,,,,,,,,,,,,,,,,,,,,708.880220375002,708.8848834160017,709.3738015830022,709.3738015830022,709.4494065000035,709.4494065000035,709.9115190830053,left,1.0152811669977382,None,709.9116176250027,709.9116590000049,None,,,,,,,,,,,,21049991,0,2025-12-01_13h58.34.105,tilt_mocs,2024.2.4,120.47370212248029,2025-12-01 13h58.42.820009 -0500,
2,0.0,,479,479,0,,,,,,,,,,c+2,noss,0,right,1.0647347919948515,None,None,,,,,,,,,,,0,479,479,941,709.9184412079994,,,,,,,,,,,,,,,,,,,,,,,,,,,,,,,,,,,,,,,,,,,,,,,,,,,,,,,,,,,,,,,,709.9135276250017,709.9184412079994,710.4079468330019,710.4079468330019,710.482432458004,710.482432458004,710.9943470409999,right,1.0647347919948515,None,710.9944553750029,710.9944995410042,None,,,,,,,,,,,,21049991,0,2025-12-01_13h58.34.105,tilt_mocs,2024.2.4,120.47370212248029,2025-12-01 13h58.42.820009 -0500,
-4,0.0,,480,480,0,,,,,,,,,,c-4,noss,0,left,0.9483891670024605,None,None,,,,,,,,,,,0,480,480,706,711.0011935000002,,,,,,,,,,,,,,,,,,,,,,,,,,,,,,,,,,,,,,,,,,,,,,,,,,,,,,,,,,,,,,,,710.9963997910017,711.0011935000002,711.4907785000032,711.4907785000032,711.5658787080029,711.5658787080029,711.9520775410056,left,0.9483891670024605,None,711.9521797080015,711.952220625004,None,,,,,,,,,,,,21049991,0,2025-12-01_13h58.34.105,tilt_mocs,2024.2.4,120.47370212248029,2025-12-01 13h58.42.820009 -0500,
-4,-15.0,,481,481,0,,,,,,,,,,c-4,negs,100,left,1.0819750410009874,None,None,,,,,,,,,,,0,481,481,452,711.9620194580057,,,,,,,,,,,,,,,,,,,,,,,,,,,,,,,,,,,,,,,,,,,,,,,,,,,,,,,,,,,,,,,,711.9541517500038,711.9620194580057,712.4487687500005,712.4487687500005,712.5216962500053,712.5216962500053,713.0515041660037,left,1.0819750410009874,None,713.0516318750015,713.0516868330014,None,,,,,,,,,,,,21049991,0,2025-12-01_13h58.34.105,tilt_mocs,2024.2.4,120.47370212248029,2025-12-01 13h58.42.820009 -0500,
4,15.0,,482,482,0,,,,,,,,,,c+4,poss,100,right,0.9898251669947058,None,None,,,,,,,,,,,0,482,482,185,713.0626173750061,,,,,,,,,,,,,,,,,,,,,,,,,,,,,,,,,,,,,,,,,,,,,,,,,,,,,,,,,,,,,,,,713.0541032500041,713.0626173750061,713.5487695830016,713.5487695830016,713.620912958002,713.620912958002,714.056829000001,right,0.9898251669947058,None,714.0569244580038,714.056966832999,None,,,,,,,,,,,,21049991,0,2025-12-01_13h58.34.105,tilt_mocs,2024.2.4,120.47370212248029,2025-12-01 13h58.42.820009 -0500,
4,0.0,,483,483,0,,,,,,,,,,c+4,noss,0,right,0.92865566600085,None,None,,,,,,,,,,,0,483,483,958,714.0821642080045,,,,,,,,,,,,,,,,,,,,,,,,,,,,,,,,,,,,,,,,,,,,,,,,,,,,,,,,,,,,,,,,714.058817875004,714.0821642080045,714.5581830830051,714.5581830830051,714.6326209160034,714.6326209160034,715.0182348750022,right,0.92865566600085,None,715.0183617500006,715.0184154160015,None,,,,,,,,,,,,21049991,0,2025-12-01_13h58.34.105,tilt_mocs,2024.2.4,120.47370212248029,2025-12-01 13h58.42.820009 -0500,
0,15.0,,484,484,0,,,,,,,,,,c+0,poss,100,right,1.070494041996426,None,None,,,,,,,,,,,0,484,484,89,715.0287094580053,,,,,,,,,,,,,,,,,,,,,,,,,,,,,,,,,,,,,,,,,,,,,,,,,,,,,,,,,,,,,,,,715.0206609580055,715.0287094580053,715.5146301660061,715.5146301660061,715.587782583003,715.587782583003,716.101767291002,right,1.070494041996426,None,716.1018915829991,716.1019616250051,None,,,,,,,,,,,,21049991,0,2025-12-01_13h58.34.105,tilt_mocs,2024.2.4,120.47370212248029,2025-12-01 13h58.42.820009 -0500,
0,-15.0,,485,485,0,,,,,,,,,,c+0,negs,100,right,1.010811875006766,None,None,,,,,,,,,,,0,485,485,604,716.1122741250001,,,,,,,,,,,,,,,,,,,,,,,,,,,,,,,,,,,,,,,,,,,,,,,,,,,,,,,,,,,,,,,,716.1041934579989,716.1122741250001,716.5987930000047,716.5987930000047,716.6714936249991,716.6714936249991,717.1349424580039,right,1.010811875006766,None,717.1350635000053,717.1351152909992,None,,,,,,,,,,,,21049991,0,2025-12-01_13h58.34.105,tilt_mocs,2024.2.4,120.47370212248029,2025-12-01 13h58.42.820009 -0500,
-6,-15.0,,486,486,0,,,,,,,,,,c-6,negs,100,left,0.9938670420015114,None,None,,,,,,,,,,,0,486,486,399,717.1450009580003,,,,,,,,,,,,,,,,,,,,,,,,,,,,,,,,,,,,,,,,,,,,,,,,,,,,,,,,,,,,,,,,717.1370897910019,717.1450009580003,717.6322920829989,717.6322920829989,717.7051402500001,717.7051402500001,718.141380208006,left,0.9938670420015114,None,718.1414840830039,718.1415261660004,None,,,,,,,,,,,,21049991,0,2025-12-01_13h58.34.105,tilt_mocs,2024.2.4,120.47370212248029,2025-12-01 13h58.42.820009 -0500,
6,15.0,,487,487,0,,,,,,,,,,c+6,poss,100,right,0.9812519580009393,None,None,,,,,,,,,,,0,487,487,262,718.1516553750043,,,,,,,,,,,,,,,,,,,,,,,,,,,,,,,,,,,,,,,,,,,,,,,,,,,,,,,,,,,,,,,,718.1434372500007,718.1516553750043,718.6412268330023,718.6412268330023,718.7161945000043,718.7161945000043,719.1359672500039,right,0.9812519580009393,None,719.1361075410023,719.1361617080038,None,,,,,,,,,,,,21049991,0,2025-12-01_13h58.34.105,tilt_mocs,2024.2.4,120.47370212248029,2025-12-01 13h58.42.820009 -0500,
0,-15.0,,488,488,0,,,,,,,,,,c+0,negs,100,left,1.03143416599778,None,None,,,,,,,,,,,0,488,488,583,719.1465438330051,,,,,,,,,,,,,,,,,,,,,,,,,,,,,,,,,,,,,,,,,,,,,,,,,,,,,,,,,,,,,,,,719.1383768330052,719.1465438330051,719.6325643330056,719.6325643330056,719.7046609160025,719.7046609160025,720.1851788330023,left,1.03143416599778,None,720.185311416004,720.185366083002,None,,,,,,,,,,,,21049991,0,2025-12-01_13h58.34.105,tilt_mocs,2024.2.4,120.47370212248029,2025-12-01 13h58.42.820009 -0500,
4,0.0,,489,489,0,,,,,,,,,,c+4,noss,0,right,0.9569776249991264,None,None,,,,,,,,,,,0,489,489,982,720.1956545830035,,,,,,,,,,,,,,,,,,,,,,,,,,,,,,,,,,,,,,,,,,,,,,,,,,,,,,,,,,,,,,,,720.1877480410039,720.1956545830035,720.6823742080014,720.6823742080014,720.7545848750015,720.7545848750015,721.1574034160003,right,0.9569776249991264,None,721.1575011250025,721.1575455410057,None,,,,,,,,,,,,21049991,0,2025-12-01_13h58.34.105,tilt_mocs,2024.2.4,120.47370212248029,2025-12-01 13h58.42.820009 -0500,
2,15.0,,490,490,0,,,,,,,,,,c+2,poss,100,left,1.0410161249965313,None,None,,,,,,,,,,,0,490,490,119,721.1681594160036,,,,,,,,,,,,,,,,,,,,,,,,,,,,,,,,,,,,,,,,,,,,,,,,,,,,,,,,,,,,,,,,721.1598574580057,721.1681594160036,721.6577668329992,721.6577668329992,721.7328654580051,721.7328654580051,722.2183664160038,left,1.0410161249965313,None,722.2184910830038,722.218542458002,None,,,,,,,,,,,,21049991,0,2025-12-01_13h58.34.105,tilt_mocs,2024.2.4,120.47370212248029,2025-12-01 13h58.42.820009 -0500,
-1,0.0,,491,491,0,,,,,,,,,,c-1,noss,0,left,1.2102334160008468,None,None,,,,,,,,,,,0,491,491,809,722.228899665999,,,,,,,,,,,,,,,,,,,,,,,,,,,,,,,,,,,,,,,,,,,,,,,,,,,,,,,,,,,,,,,,722.2209302910051,722.228899665999,722.715838958,722.715838958,722.7881455000024,722.7881455000024,723.4515431250038,left,1.2102334160008468,None,723.4516705830029,723.4517240000059,None,,,,,,,,,,,,21049991,0,2025-12-01_13h58.34.105,tilt_mocs,2024.2.4,120.47370212248029,2025-12-01 13h58.42.820009 -0500,
6,15.0,,492,492,0,,,,,,,,,,c+6,poss,100,right,0.9776562500046566,None,None,,,,,,,,,,,0,492,492,249,723.4621705410027,,,,,,,,,,,,,,,,,,,,,,,,,,,,,,,,,,,,,,,,,,,,,,,,,,,,,,,,,,,,,,,,723.454050791006,723.4621705410027,723.9491957909995,723.9491957909995,724.0219391659994,724.0219391659994,724.4502092910043,right,0.9776562500046566,None,724.4503169160016,724.4503586249994,None,,,,,,,,,,,,21049991,0,2025-12-01_13h58.34.105,tilt_mocs,2024.2.4,120.47370212248029,2025-12-01 13h58.42.820009 -0500,
-4,-15.0,,493,493,0,,,,,,,,,,c-4,negs,100,left,1.2805729580068146,None,None,,,,,,,,,,,0,493,493,483,724.4573973750012,,,,,,,,,,,,,,,,,,,,,,,,,,,,,,,,,,,,,,,,,,,,,,,,,,,,,,,,,,,,,,,,724.4522498750011,724.4573973750012,724.941120416006,724.941120416006,725.0164866660052,725.0164866660052,725.7415235000008,left,1.2805729580068146,None,725.7416628749997,725.7417220410061,None,,,,,,,,,,,,21049991,0,2025-12-01_13h58.34.105,tilt_mocs,2024.2.4,120.47370212248029,2025-12-01 13h58.42.820009 -0500,
2,15.0,,494,494,0,,,,,,,,,,c+2,poss,100,right,1.1439720000053057,None,None,,,,,,,,,,,0,494,494,144,725.7520668330035,,,,,,,,,,,,,,,,,,,,,,,,,,,,,,,,,,,,,,,,,,,,,,,,,,,,,,,,,,,,,,,,725.7439661660028,725.7520668330035,726.2421140830047,726.2421140830047,726.3164406249998,726.3164406249998,726.9017800000001,right,1.1439720000053057,None,726.9018839160053,726.9019265000024,None,,,,,,,,,,,,21049991,0,2025-12-01_13h58.34.105,tilt_mocs,2024.2.4,120.47370212248029,2025-12-01 13h58.42.820009 -0500,
6,15.0,,495,495,0,,,,,,,,,,c+6,poss,100,left,1.07367895799689,None,None,,,,,,,,,,,0,495,495,251,726.9119098330048,,,,,,,,,,,,,,,,,,,,,,,,,,,,,,,,,,,,,,,,,,,,,,,,,,,,,,,,,,,,,,,,726.9038359580009,726.9119098330048,727.3993179160025,727.3993179160025,727.4729497080043,727.4729497080043,727.9898187080034,left,1.07367895799689,None,727.9899149160046,727.9899560000049,None,,,,,,,,,,,,21049991,0,2025-12-01_13h58.34.105,tilt_mocs,2024.2.4,120.47370212248029,2025-12-01 13h58.42.820009 -0500,
8,15.0,,496,496,0,,,,,,,,,,c+8,poss,100,right,1.0832820409996202,None,None,,,,,,,,,,,0,496,496,326,728.0000436660048,,,,,,,,,,,,,,,,,,,,,,,,,,,,,,,,,,,,,,,,,,,,,,,,,,,,,,,,,,,,,,,,727.9918164160044,728.0000436660048,728.4912758749997,728.4912758749997,728.5665242500036,728.5665242500036,729.0863392079991,right,1.0832820409996202,None,729.0865067910054,729.0865781660032,None,,,,,,,,,,,,21049991,0,2025-12-01_13h58.34.105,tilt_mocs,2024.2.4,120.47370212248029,2025-12-01 13h58.42.820009 -0500,
8,15.0,,497,497,0,,,,,,,,,,c+8,poss,100,right,0.9357708329989691,None,None,,,,,,,,,,,0,497,497,284,729.0969448750038,,,,,,,,,,,,,,,,,,,,,,,,,,,,,,,,,,,,,,,,,,,,,,,,,,,,,,,,,,,,,,,,729.0886897080054,729.0969448750038,729.5826228330043,729.5826228330043,729.6556901250005,729.6556901250005,730.0352136250003,right,0.9357708329989691,None,730.0353425830035,730.0353952910009,None,,,,,,,,,,,,21049991,0,2025-12-01_13h58.34.105,tilt_mocs,2024.2.4,120.47370212248029,2025-12-01 13h58.42.820009 -0500,
0,15.0,,498,498,0,,,,,,,,,,c+0,poss,100,left,0.9448902090007323,None,None,,,,,,,,,,,0,498,498,66,730.0457376250051,,,,,,,,,,,,,,,,,,,,,,,,,,,,,,,,,,,,,,,,,,,,,,,,,,,,,,,,,,,,,,,,730.0376118330023,730.0457376250051,730.5326448750056,730.5326448750056,730.6049519160006,730.6049519160006,731.0174163750053,left,0.9448902090007323,None,731.0175506660016,731.0176032910022,None,,,,,,,,,,,,21049991,0,2025-12-01_13h58.34.105,tilt_mocs,2024.2.4,120.47370212248029,2025-12-01 13h58.42.820009 -0500,
-8,-15.0,,499,499,0,,,,,,,,,,c-8,negs,100,left,0.860759291004797,None,None,,,,,,,,,,,0,499,499,376,731.0330092910008,,,,,,,,,,,,,,,,,,,,,,,,,,,,,,,,,,,,,,,,,,,,,,,,,,,,,,,,,,,,,,,,731.019769999999,731.0330092910008,731.5078449580033,731.5078449580033,731.5832618749992,731.5832618749992,731.9019691249996,left,0.860759291004797,None,731.9020954580046,731.9021497909998,None,,,,,,,,,,,,21049991,0,2025-12-01_13h58.34.105,tilt_mocs,2024.2.4,120.47370212248029,2025-12-01 13h58.42.820009 -0500,
0,-15.0,,500,500,0,,,,,,,,,,c+0,negs,100,right,0.9380982090006,None,space,21.473443999995652,None,,,,,,,,,0,500,500,564,731.9123190410028,,,,,,,,,,,,,,,,,,,,,,,,,,,,,,,,,,,,,,,,,,,,,,,,,,,,,,,,,,,,,,,,731.9041997080058,731.9123190410028,732.3995600000053,732.3995600000053,732.4724275410044,732.4724275410044,732.8533709580006,right,0.9380982090006,None,732.8535225000014,754.3419437500052,space,732.8622860000032,732.8622860000032,21.473443999995652,None,,,,,,,,21049991,0,2025-12-01_13h58.34.105,tilt_mocs,2024.2.4,120.47370212248029,2025-12-01 13h58.42.820009 -0500,
-2,15.0,,501,501,0,,,,,,,,,,c-2,poss,100,left,1.049638042000879,None,None,,,,,,,,,,,0,501,501,18,754.3529658750049,,,,,,,,,,,,,,,,,,,,,,,,,,,,,,,,,,,,,,,,,,,,,,,,,,,,,,,,,,,,,,,,754.3439115410001,754.3529658750049,754.842961291004,754.842961291004,754.9173720830004,754.9173720830004,755.4095208750005,left,1.049638042000879,None,755.4096189580014,755.4096620000055,None,,,,,,,,,,,,21049991,0,2025-12-01_13h58.34.105,tilt_mocs,2024.2.4,120.47370212248029,2025-12-01 13h58.42.820009 -0500,
1,0.0,,502,502,0,,,,,,,,,,c+1,noss,0,right,1.0356847080038278,None,None,,,,,,,,,,,0,502,502,871,755.4197541250032,,,,,,,,,,,,,,,,,,,,,,,,,,,,,,,,,,,,,,,,,,,,,,,,,,,,,,,,,,,,,,,,755.4116073750047,755.4197541250032,755.9089779999995,755.9089779999995,755.9841339160048,755.9841339160048,756.4593832500032,right,1.0356847080038278,None,756.4595118330035,756.4595654160003,None,,,,,,,,,,,,21049991,0,2025-12-01_13h58.34.105,tilt_mocs,2024.2.4,120.47370212248029,2025-12-01 13h58.42.820009 -0500,
8,15.0,,503,503,0,,,,,,,,,,c+8,poss,100,right,0.914474874996813,None,None,,,,,,,,,,,0,503,503,330,756.4697062080013,,,,,,,,,,,,,,,,,,,,,,,,,,,,,,,,,,,,,,,,,,,,,,,,,,,,,,,,,,,,,,,,756.4615971250023,756.4697062080013,756.9596149999998,756.9596149999998,757.0343202500007,757.0343202500007,757.3866402909989,right,0.914474874996813,None,757.3867793750032,757.3868335410007,None,,,,,,,,,,,,21049991,0,2025-12-01_13h58.34.105,tilt_mocs,2024.2.4,120.47370212248029,2025-12-01 13h58.42.820009 -0500,
4,15.0,,504,504,0,,,,,,,,,,c+4,poss,100,right,0.910730292001972,None,None,,,,,,,,,,,0,504,504,176,757.3972146250017,,,,,,,,,,,,,,,,,,,,,,,,,,,,,,,,,,,,,,,,,,,,,,,,,,,,,,,,,,,,,,,,757.3890733750013,757.3972146250017,757.8837874160017,757.8837874160017,757.957230166001,757.957230166001,758.3196106660034,right,0.910730292001972,None,758.3197394580056,758.3197933330011,None,,,,,,,,,,,,21049991,0,2025-12-01_13h58.34.105,tilt_mocs,2024.2.4,120.47370212248029,2025-12-01 13h58.42.820009 -0500,
8,15.0,,505,505,0,,,,,,,,,,c+8,poss,100,right,0.8783779589939513,None,None,,,,,,,,,,,0,505,505,313,758.3300822080055,,,,,,,,,,,,,,,,,,,,,,,,,,,,,,,,,,,,,,,,,,,,,,,,,,,,,,,,,,,,,,,,758.3219388330035,758.3300822080055,758.8170157080021,758.8170157080021,758.8890447910017,758.8890447910017,759.2197788330013,right,0.8783779589939513,None,759.2199042909997,759.219956083005,None,,,,,,,,,,,,21049991,0,2025-12-01_13h58.34.105,tilt_mocs,2024.2.4,120.47370212248029,2025-12-01 13h58.42.820009 -0500,
2,-15.0,,506,506,0,,,,,,,,,,c+2,negs,100,left,0.9846829579983023,None,None,,,,,,,,,,,0,506,506,626,759.2300775830008,,,,,,,,,,,,,,,,,,,,,,,,,,,,,,,,,,,,,,,,,,,,,,,,,,,,,,,,,,,,,,,,759.2221807080059,759.2300775830008,759.7160582500001,759.7160582500001,759.7899875410003,759.7899875410003,760.2200234580014,left,0.9846829579983023,None,760.2201332910045,760.220176916002,None,,,,,,,,,,,,21049991,0,2025-12-01_13h58.34.105,tilt_mocs,2024.2.4,120.47370212248029,2025-12-01 13h58.42.820009 -0500,
-2,-15.0,,507,507,0,,,,,,,,,,c-2,negs,100,left,1.0375805410003522,None,None,,,,,,,,,,,0,507,507,514,760.2303092080037,,,,,,,,,,,,,,,,,,,,,,,,,,,,,,,,,,,,,,,,,,,,,,,,,,,,,,,,,,,,,,,,760.2220996660035,760.2303092080037,760.7170782910034,760.7170782910034,760.7892372909992,760.7892372909992,761.2705842080031,left,1.0375805410003522,None,761.2707519160031,761.2708072080059,None,,,,,,,,,,,,21049991,0,2025-12-01_13h58.34.105,tilt_mocs,2024.2.4,120.47370212248029,2025-12-01 13h58.42.820009 -0500,
4,0.0,,508,508,0,,,,,,,,,,c+4,noss,0,right,0.924247999995714,None,None,,,,,,,,,,,0,508,508,994,761.2815568330043,,,,,,,,,,,,,,,,,,,,,,,,,,,,,,,,,,,,,,,,,,,,,,,,,,,,,,,,,,,,,,,,761.2733995410017,761.2815568330043,761.7671219580006,761.7671219580006,761.8399251250012,761.8399251250012,762.2097359580002,right,0.924247999995714,None,762.2098607910011,762.2099166250046,None,,,,,,,,,,,,21049991,0,2025-12-01_13h58.34.105,tilt_mocs,2024.2.4,120.47370212248029,2025-12-01 13h58.42.820009 -0500,
-4,0.0,,509,509,0,,,,,,,,,,c-4,noss,0,left,0.9308880839962512,None,None,,,,,,,,,,,0,509,509,725,762.2203001660018,,,,,,,,,,,,,,,,,,,,,,,,,,,,,,,,,,,,,,,,,,,,,,,,,,,,,,,,,,,,,,,,762.2122372500016,762.2203001660018,762.7104783750037,762.7104783750037,762.7844156659994,762.7844156659994,763.1538025410046,left,0.9308880839962512,None,763.1540724580045,763.1541656250047,None,,,,,,,,,,,,21049991,0,2025-12-01_13h58.34.105,tilt_mocs,2024.2.4,120.47370212248029,2025-12-01 13h58.42.820009 -0500,
2,15.0,,510,510,0,,,,,,,,,,c+2,poss,100,right,1.0109977920001256,None,None,,,,,,,,,,,0,510,510,146,763.1650341250061,,,,,,,,,,,,,,,,,,,,,,,,,,,,,,,,,,,,,,,,,,,,,,,,,,,,,,,,,,,,,,,,763.156558708004,763.1650341250061,763.6506158330012,763.6506158330012,763.7237631660028,763.7237631660028,764.186454540999,right,1.0109977920001256,None,764.1865815830024,764.186633958001,None,,,,,,,,,,,,21049991,0,2025-12-01_13h58.34.105,tilt_mocs,2024.2.4,120.47370212248029,2025-12-01 13h58.42.820009 -0500,
2,-15.0,,511,511,0,,,,,,,,,,c+2,negs,100,right,1.0109679169981973,None,None,,,,,,,,,,,0,511,511,646,764.1969129999998,,,,,,,,,,,,,,,,,,,,,,,,,,,,,,,,,,,,,,,,,,,,,,,,,,,,,,,,,,,,,,,,764.1886650830056,764.1969129999998,764.6839047910034,764.6839047910034,764.7564182909991,764.7564182909991,765.2199375830023,right,1.0109679169981973,None,765.2200649580045,765.2201182499994,None,,,,,,,,,,,,21049991,0,2025-12-01_13h58.34.105,tilt_mocs,2024.2.4,120.47370212248029,2025-12-01 13h58.42.820009 -0500,
2,15.0,,512,512,0,,,,,,,,,,c+2,poss,100,right,1.0286191659979522,None,None,,,,,,,,,,,0,512,512,131,765.2307323330024,,,,,,,,,,,,,,,,,,,,,,,,,,,,,,,,,,,,,,,,,,,,,,,,,,,,,,,,,,,,,,,,765.2225010830007,765.2307323330024,765.71731,765.71731,765.7896309580028,765.7896309580028,766.2698327079997,right,1.0286191659979522,None,766.2699575830047,766.2700100000002,None,,,,,,,,,,,,21049991,0,2025-12-01_13h58.34.105,tilt_mocs,2024.2.4,120.47370212248029,2025-12-01 13h58.42.820009 -0500,
-1,0.0,,513,513,0,,,,,,,,,,c-1,noss,0,left,0.9741442500017001,None,None,,,,,,,,,,,0,513,513,811,766.2800836660026,,,,,,,,,,,,,,,,,,,,,,,,,,,,,,,,,,,,,,,,,,,,,,,,,,,,,,,,,,,,,,,,766.2719212910015,766.2800836660026,766.7672928329994,766.7672928329994,766.839640582999,766.839640582999,767.2593057500053,left,0.9741442500017001,None,767.2594258329991,767.259477915999,None,,,,,,,,,,,,21049991,0,2025-12-01_13h58.34.105,tilt_mocs,2024.2.4,120.47370212248029,2025-12-01 13h58.42.820009 -0500,
4,0.0,,514,514,0,,,,,,,,,,c+4,noss,0,right,0.9208430829967256,None,None,,,,,,,,,,,0,514,514,990,767.2699499160008,,,,,,,,,,,,,,,,,,,,,,,,,,,,,,,,,,,,,,,,,,,,,,,,,,,,,,,,,,,,,,,,767.261603458006,767.2699499160008,767.7598731250037,767.7598731250037,767.834644458002,767.834644458002,768.2011628750042,right,0.9208430829967256,None,768.2012731249997,768.201315708,None,,,,,,,,,,,,21049991,0,2025-12-01_13h58.34.105,tilt_mocs,2024.2.4,120.47370212248029,2025-12-01 13h58.42.820009 -0500,
2,0.0,,515,515,0,,,,,,,,,,c+2,noss,0,right,0.8956887919994188,None,None,,,,,,,,,,,0,515,515,899,768.208560250001,,,,,,,,,,,,,,,,,,,,,,,,,,,,,,,,,,,,,,,,,,,,,,,,,,,,,,,,,,,,,,,,768.2032576660058,768.208560250001,768.6928296250044,768.6928296250044,768.7679043750031,768.7679043750031,769.109259290999,right,0.8956887919994188,None,769.1093648330061,769.1094064999997,None,,,,,,,,,,,,21049991,0,2025-12-01_13h58.34.105,tilt_mocs,2024.2.4,120.47370212248029,2025-12-01 13h58.42.820009 -0500,
-6,-15.0,,516,516,0,,,,,,,,,,c-6,negs,100,left,0.9211656249972293,None,None,,,,,,,,,,,0,516,516,411,769.1196905410034,,,,,,,,,,,,,,,,,,,,,,,,,,,,,,,,,,,,,,,,,,,,,,,,,,,,,,,,,,,,,,,,769.1112849580022,769.1196905410034,769.6101684160021,769.6101684160021,769.684645541005,769.684645541005,770.0533972500052,left,0.9211656249972293,None,770.0535247080043,770.0535778330013,None,,,,,,,,,,,,21049991,0,2025-12-01_13h58.34.105,tilt_mocs,2024.2.4,120.47370212248029,2025-12-01 13h58.42.820009 -0500,
0,15.0,,517,517,0,,,,,,,,,,c+0,poss,100,left,0.9829253749994677,None,None,,,,,,,,,,,0,517,517,101,770.0638954160022,,,,,,,,,,,,,,,,,,,,,,,,,,,,,,,,,,,,,,,,,,,,,,,,,,,,,,,,,,,,,,,,770.0556943750053,770.0638954160022,770.55073825,770.55073825,770.623285833004,770.623285833004,771.0534113750036,left,0.9829253749994677,None,771.0535464580025,771.0536010409996,None,,,,,,,,,,,,21049991,0,2025-12-01_13h58.34.105,tilt_mocs,2024.2.4,120.47370212248029,2025-12-01 13h58.42.820009 -0500,
6,15.0,,518,518,0,,,,,,,,,,c+6,poss,100,left,1.1370800000004238,None,None,,,,,,,,,,,0,518,518,274,771.0642305000001,,,,,,,,,,,,,,,,,,,,,,,,,,,,,,,,,,,,,,,,,,,,,,,,,,,,,,,,,,,,,,,,771.0558139999994,771.0642305000001,771.5509997910049,771.5509997910049,771.6231625,771.6231625,772.2044367910057,left,1.1370800000004238,None,772.2045805830057,772.2046410410039,None,,,,,,,,,,,,21049991,0,2025-12-01_13h58.34.105,tilt_mocs,2024.2.4,120.47370212248029,2025-12-01 13h58.42.820009 -0500,
-2,-15.0,,519,519,0,,,,,,,,,,c-2,negs,100,left,1.0454409579979256,None,None,,,,,,,,,,,0,519,519,558,772.2148361250001,,,,,,,,,,,,,,,,,,,,,,,,,,,,,,,,,,,,,,,,,,,,,,,,,,,,,,,,,,,,,,,,772.206866833003,772.2148361250001,772.6998677080046,772.6998677080046,772.7731905000037,772.7731905000037,773.2703375830024,left,1.0454409579979256,None,773.2704669160012,773.2705259580034,None,,,,,,,,,,,,21049991,0,2025-12-01_13h58.34.105,tilt_mocs,2024.2.4,120.47370212248029,2025-12-01 13h58.42.820009 -0500,
8,15.0,,520,520,0,,,,,,,,,,c+8,poss,100,left,1.1329174589991453,None,None,,,,,,,,,,,0,520,520,321,773.2810075830057,,,,,,,,,,,,,,,,,,,,,,,,,,,,,,,,,,,,,,,,,,,,,,,,,,,,,,,,,,,,,,,,773.2726455410011,773.2810075830057,773.7674597910009,773.7674597910009,773.8400101250008,773.8400101250008,774.4199426250052,left,1.1329174589991453,None,774.4200424160008,774.420083791003,None,,,,,,,,,,,,21049991,0,2025-12-01_13h58.34.105,tilt_mocs,2024.2.4,120.47370212248029,2025-12-01 13h58.42.820009 -0500,
4,0.0,,521,521,0,,,,,,,,,,c+4,noss,0,right,1.0550972920027561,None,None,,,,,,,,,,,0,521,521,1003,774.4301367910011,,,,,,,,,,,,,,,,,,,,,,,,,,,,,,,,,,,,,,,,,,,,,,,,,,,,,,,,,,,,,,,,774.4219988330005,774.4301367910011,774.9176324159998,774.9176324159998,774.9898083330045,774.9898083330045,775.4877652080031,right,1.0550972920027561,None,775.487903125002,775.4879580000052,None,,,,,,,,,,,,21049991,0,2025-12-01_13h58.34.105,tilt_mocs,2024.2.4,120.47370212248029,2025-12-01 13h58.42.820009 -0500,
4,0.0,,522,522,0,,,,,,,,,,c+4,noss,0,right,0.9799183750001248,None,None,,,,,,,,,,,0,522,522,978,775.4982647500001,,,,,,,,,,,,,,,,,,,,,,,,,,,,,,,,,,,,,,,,,,,,,,,,,,,,,,,,,,,,,,,,775.4902890000012,775.4982647500001,775.9842548330053,775.9842548330053,776.0571940410009,776.0571940410009,776.4870189159992,right,0.9799183750001248,None,776.4871462080046,776.487212166001,None,,,,,,,,,,,,21049991,0,2025-12-01_13h58.34.105,tilt_mocs,2024.2.4,120.47370212248029,2025-12-01 13h58.42.820009 -0500,
1,0.0,,523,523,0,,,,,,,,,,c+1,noss,0,right,0.9370658749976428,None,None,,,,,,,,,,,0,523,523,854,776.498063125,,,,,,,,,,,,,,,,,,,,,,,,,,,,,,,,,,,,,,,,,,,,,,,,,,,,,,,,,,,,,,,,776.4895695830055,776.498063125,776.9842179160041,776.9842179160041,777.0569212080009,777.0569212080009,777.4381383330037,right,0.9370658749976428,None,777.4382774580008,777.4383354580059,None,,,,,,,,,,,,21049991,0,2025-12-01_13h58.34.105,tilt_mocs,2024.2.4,120.47370212248029,2025-12-01 13h58.42.820009 -0500,
6,15.0,,524,524,0,,,,,,,,,,c+6,poss,100,right,1.0166719170010765,None,None,,,,,,,,,,,0,524,524,230,777.4485229160055,,,,,,,,,,,,,,,,,,,,,,,,,,,,,,,,,,,,,,,,,,,,,,,,,,,,,,,,,,,,,,,,777.4404983749992,777.4485229160055,777.9337988330008,777.9337988330008,778.0074964160012,778.0074964160012,778.4707456660035,right,1.0166719170010765,None,778.4708966250037,778.4709735409997,None,,,,,,,,,,,,21049991,0,2025-12-01_13h58.34.105,tilt_mocs,2024.2.4,120.47370212248029,2025-12-01 13h58.42.820009 -0500,
2,15.0,,525,525,0,,,,,,,,,,c+2,poss,100,right,0.9872853749984642,None,None,,,,,,,,,,,0,525,525,141,778.4816692910026,,,,,,,,,,,,,,,,,,,,,,,,,,,,,,,,,,,,,,,,,,,,,,,,,,,,,,,,,,,,,,,,778.4735344159999,778.4816692910026,778.9676442910059,778.9676442910059,779.039411333004,779.039411333004,779.4791391660037,right,0.9872853749984642,None,779.4792373330056,779.479294290999,None,,,,,,,,,,,,21049991,0,2025-12-01_13h58.34.105,tilt_mocs,2024.2.4,120.47370212248029,2025-12-01 13h58.42.820009 -0500,
-4,-15.0,,526,526,0,,,,,,,,,,c-4,negs,100,left,1.0661804170013056,None,None,,,,,,,,,,,0,526,526,484,779.4869722910007,,,,,,,,,,,,,,,,,,,,,,,,,,,,,,,,,,,,,,,,,,,,,,,,,,,,,,,,,,,,,,,,779.4811380410029,779.4869722910007,779.9768722910012,779.9768722910012,780.051727541002,780.051727541002,780.5604125410027,left,1.0661804170013056,None,780.5605513750052,780.560606416002,None,,,,,,,,,,,,21049991,0,2025-12-01_13h58.34.105,tilt_mocs,2024.2.4,120.47370212248029,2025-12-01 13h58.42.820009 -0500,
4,15.0,,527,527,0,,,,,,,,,,c+4,poss,100,right,0.9990697920002276,None,None,,,,,,,,,,,0,527,527,171,780.5707634580031,,,,,,,,,,,,,,,,,,,,,,,,,,,,,,,,,,,,,,,,,,,,,,,,,,,,,,,,,,,,,,,,780.5627092499999,780.5707634580031,781.0597524580007,781.0597524580007,781.1350086250022,781.1350086250022,781.5769998750038,right,0.9990697920002276,None,781.5771371660012,781.5771962910003,None,,,,,,,,,,,,21049991,0,2025-12-01_13h58.34.105,tilt_mocs,2024.2.4,120.47370212248029,2025-12-01 13h58.42.820009 -0500,
-6,-15.0,,528,528,0,,,,,,,,,,c-6,negs,100,left,0.9497787500004051,None,None,,,,,,,,,,,0,528,528,401,781.5873632910007,,,,,,,,,,,,,,,,,,,,,,,,,,,,,,,,,,,,,,,,,,,,,,,,,,,,,,,,,,,,,,,,781.579348583,781.5873632910007,782.076996415999,782.076996415999,782.1517087500033,782.1517087500033,782.5433601660043,left,0.9497787500004051,None,782.5434676250006,782.5435117500019,None,,,,,,,,,,,,21049991,0,2025-12-01_13h58.34.105,tilt_mocs,2024.2.4,120.47370212248029,2025-12-01 13h58.42.820009 -0500,
0,15.0,,529,529,0,,,,,,,,,,c+0,poss,100,right,1.055883333006932,None,None,,,,,,,,,,,0,529,529,65,782.5537402910049,,,,,,,,,,,,,,,,,,,,,,,,,,,,,,,,,,,,,,,,,,,,,,,,,,,,,,,,,,,,,,,,782.5454429160018,782.5537402910049,783.0428067910034,783.0428067910034,783.1184083330008,783.1184083330008,783.6205311250014,right,1.055883333006932,None,783.6206317079996,783.6206724580043,None,,,,,,,,,,,,21049991,0,2025-12-01_13h58.34.105,tilt_mocs,2024.2.4,120.47370212248029,2025-12-01 13h58.42.820009 -0500,
-2,15.0,,530,530,0,,,,,,,,,,c-2,poss,100,left,1.078742042001977,None,None,,,,,,,,,,,0,530,530,28,783.6305023750028,,,,,,,,,,,,,,,,,,,,,,,,,,,,,,,,,,,,,,,,,,,,,,,,,,,,,,,,,,,,,,,,783.622573749999,783.6305023750028,784.1180945830056,784.1180945830056,784.1893749160008,784.1893749160008,784.720810083003,left,1.078742042001977,None,784.7209737910016,784.7210295000041,None,,,,,,,,,,,,21049991,0,2025-12-01_13h58.34.105,tilt_mocs,2024.2.4,120.47370212248029,2025-12-01 13h58.42.820009 -0500,
-4,-15.0,,531,531,0,,,,,,,,,,c-4,negs,100,left,1.0259680000017397,None,None,,,,,,,,,,,0,531,531,457,784.7317576660062,,,,,,,,,,,,,,,,,,,,,,,,,,,,,,,,,,,,,,,,,,,,,,,,,,,,,,,,,,,,,,,,784.723647208004,784.7317576660062,785.2178682910017,785.2178682910017,785.2905677910021,785.2905677910021,785.7607443750021,left,1.0259680000017397,None,785.7608681660058,785.7609162500012,None,,,,,,,,,,,,21049991,0,2025-12-01_13h58.34.105,tilt_mocs,2024.2.4,120.47370212248029,2025-12-01 13h58.42.820009 -0500,
-8,-15.0,,532,532,0,,,,,,,,,,c-8,negs,100,left,1.0896933339972747,None,None,,,,,,,,,,,0,532,532,388,785.7707967500028,,,,,,,,,,,,,,,,,,,,,,,,,,,,,,,,,,,,,,,,,,,,,,,,,,,,,,,,,,,,,,,,785.762896666005,785.7707967500028,786.2600280000042,786.2600280000042,786.3352940830009,786.3352940830009,786.8706536660029,left,1.0896933339972747,None,786.8707783330028,786.8708304579995,None,,,,,,,,,,,,21049991,0,2025-12-01_13h58.34.105,tilt_mocs,2024.2.4,120.47370212248029,2025-12-01 13h58.42.820009 -0500,
2,0.0,,533,533,0,,,,,,,,,,c+2,noss,0,right,1.000652374998026,None,None,,,,,,,,,,,0,533,533,900,786.8806590410022,,,,,,,,,,,,,,,,,,,,,,,,,,,,,,,,,,,,,,,,,,,,,,,,,,,,,,,,,,,,,,,,786.8727264580011,786.8806590410022,787.3680355830002,787.3680355830002,787.4402460000056,787.4402460000056,787.8869559580053,right,1.000652374998026,None,787.8870532500005,787.8870939580011,None,,,,,,,,,,,,21049991,0,2025-12-01_13h58.34.105,tilt_mocs,2024.2.4,120.47370212248029,2025-12-01 13h58.42.820009 -0500,
0,-15.0,,534,534,0,,,,,,,,,,c+0,negs,100,right,0.9978193329952774,None,None,,,,,,,,,,,0,534,534,611,787.897122250004,,,,,,,,,,,,,,,,,,,,,,,,,,,,,,,,,,,,,,,,,,,,,,,,,,,,,,,,,,,,,,,,787.8889653750011,787.897122250004,788.3847751249996,788.3847751249996,788.4570293330034,788.4570293330034,788.903918916003,right,0.9978193329952774,None,788.9040470000036,788.9040992910013,None,,,,,,,,,,,,21049991,0,2025-12-01_13h58.34.105,tilt_mocs,2024.2.4,120.47370212248029,2025-12-01 13h58.42.820009 -0500,
-2,-15.0,,535,535,0,,,,,,,,,,c-2,negs,100,right,1.0108719999989262,None,None,,,,,,,,,,,0,535,535,531,788.9144361660001,,,,,,,,,,,,,,,,,,,,,,,,,,,,,,,,,,,,,,,,,,,,,,,,,,,,,,,,,,,,,,,,788.9062477500047,788.9144361660001,789.4014035830041,789.4014035830041,789.4737112500006,789.4737112500006,789.9381353330027,right,1.0108719999989262,None,789.9382872080023,789.938347000003,None,,,,,,,,,,,,21049991,0,2025-12-01_13h58.34.105,tilt_mocs,2024.2.4,120.47370212248029,2025-12-01 13h58.42.820009 -0500,
-8,-15.0,,536,536,0,,,,,,,,,,c-8,negs,100,left,0.9745522909943247,None,None,,,,,,,,,,,0,536,536,365,789.9484426660056,,,,,,,,,,,,,,,,,,,,,,,,,,,,,,,,,,,,,,,,,,,,,,,,,,,,,,,,,,,,,,,,789.940535624999,789.9484426660056,790.4348975829998,790.4348975829998,790.5073875000016,790.5073875000016,790.9272170830009,left,0.9745522909943247,None,790.9273338330022,790.9273849160018,None,,,,,,,,,,,,21049991,0,2025-12-01_13h58.34.105,tilt_mocs,2024.2.4,120.47370212248029,2025-12-01 13h58.42.820009 -0500,
1,0.0,,537,537,0,,,,,,,,,,c+1,noss,0,right,1.1304710830008844,None,None,,,,,,,,,,,0,537,537,877,790.9375997500028,,,,,,,,,,,,,,,,,,,,,,,,,,,,,,,,,,,,,,,,,,,,,,,,,,,,,,,,,,,,,,,,790.9292688330024,790.9375997500028,791.4264913330044,791.4264913330044,791.502169708001,791.502169708001,792.0707508750056,right,1.1304710830008844,None,792.0708565829991,792.0708981659991,None,,,,,,,,,,,,21049991,0,2025-12-01_13h58.34.105,tilt_mocs,2024.2.4,120.47370212248029,2025-12-01 13h58.42.820009 -0500,
8,15.0,,538,538,0,,,,,,,,,,c+8,poss,100,right,1.0616999999983818,None,None,,,,,,,,,,,0,538,538,323,792.0802865000005,,,,,,,,,,,,,,,,,,,,,,,,,,,,,,,,,,,,,,,,,,,,,,,,,,,,,,,,,,,,,,,,792.0728104580048,792.0802865000005,792.5681705829993,792.5681705829993,792.6401586659995,792.6401586659995,793.1545536660051,right,1.0616999999983818,None,793.1547094160051,793.1547587910027,None,,,,,,,,,,,,21049991,0,2025-12-01_13h58.34.105,tilt_mocs,2024.2.4,120.47370212248029,2025-12-01 13h58.42.820009 -0500,
4,15.0,,539,539,0,,,,,,,,,,c+4,poss,100,right,0.9918066669997643,None,None,,,,,,,,,,,0,539,539,202,793.1661851660028,,,,,,,,,,,,,,,,,,,,,,,,,,,,,,,,,,,,,,,,,,,,,,,,,,,,,,,,,,,,,,,,793.1576637079997,793.1661851660028,793.6514975410028,793.6514975410028,793.7242847080051,793.7242847080051,794.1606902909989,right,0.9918066669997643,None,794.1607856660048,794.1608268330019,None,,,,,,,,,,,,21049991,0,2025-12-01_13h58.34.105,tilt_mocs,2024.2.4,120.47370212248029,2025-12-01 13h58.42.820009 -0500,
4,15.0,,540,540,0,,,,,,,,,,c+4,poss,100,right,1.0331994160005706,None,None,,,,,,,,,,,0,540,540,206,794.1709620000038,,,,,,,,,,,,,,,,,,,,,,,,,,,,,,,,,,,,,,,,,,,,,,,,,,,,,,,,,,,,,,,,794.1627199159993,794.1709620000038,794.6604417910057,794.6604417910057,794.7414377500027,794.7414377500027,795.2103063750037,right,1.0331994160005706,None,795.2104252499994,795.2104799160006,None,,,,,,,,,,,,21049991,0,2025-12-01_13h58.34.105,tilt_mocs,2024.2.4,120.47370212248029,2025-12-01 13h58.42.820009 -0500,
0,-15.0,,541,541,0,,,,,,,,,,c+0,negs,100,left,1.0318895000018529,None,None,,,,,,,,,,,0,541,541,601,795.2207653330042,,,,,,,,,,,,,,,,,,,,,,,,,,,,,,,,,,,,,,,,,,,,,,,,,,,,,,,,,,,,,,,,795.2123969580061,795.2207653330042,795.7104655000003,795.7104655000003,795.7856577500061,795.7856577500061,796.2563666659989,left,1.0318895000018529,None,796.2564800410037,796.2565231660046,None,,,,,,,,,,,,21049991,0,2025-12-01_13h58.34.105,tilt_mocs,2024.2.4,120.47370212248029,2025-12-01 13h58.42.820009 -0500,
0,-15.0,,542,542,0,,,,,,,,,,c+0,negs,100,left,1.1476226249942556,None,None,,,,,,,,,,,0,542,542,588,796.2665517909991,,,,,,,,,,,,,,,,,,,,,,,,,,,,,,,,,,,,,,,,,,,,,,,,,,,,,,,,,,,,,,,,796.2585405830032,796.2665517909991,796.7517292500052,796.7517292500052,796.8246757080051,796.8246757080051,797.4208342080019,left,1.1476226249942556,None,797.4209681659995,797.4210218750013,None,,,,,,,,,,,,21049991,0,2025-12-01_13h58.34.105,tilt_mocs,2024.2.4,120.47370212248029,2025-12-01 13h58.42.820009 -0500,
1,0.0,,543,543,0,,,,,,,,,,c+1,noss,0,left,1.0575758329941891,None,None,,,,,,,,,,,0,543,543,859,797.4307966660053,,,,,,,,,,,,,,,,,,,,,,,,,,,,,,,,,,,,,,,,,,,,,,,,,,,,,,,,,,,,,,,,797.4229785410062,797.4307966660053,797.9176789580015,797.9176789580015,797.9905170410057,797.9905170410057,798.4934526659999,left,1.0575758329941891,None,798.4935754160033,798.4936287080054,None,,,,,,,,,,,,21049991,0,2025-12-01_13h58.34.105,tilt_mocs,2024.2.4,120.47370212248029,2025-12-01 13h58.42.820009 -0500,
0,-15.0,,544,544,0,,,,,,,,,,c+0,negs,100,left,0.9992549160015187,None,None,,,,,,,,,,,0,544,544,615,798.5038098330042,,,,,,,,,,,,,,,,,,,,,,,,,,,,,,,,,,,,,,,,,,,,,,,,,,,,,,,,,,,,,,,,798.4957393330042,798.5038098330042,798.9937498750005,798.9937498750005,799.0687264580047,799.0687264580047,799.5140392079993,left,0.9992549160015187,None,799.5141362499999,799.5141793750008,None,,,,,,,,,,,,21049991,0,2025-12-01_13h58.34.105,tilt_mocs,2024.2.4,120.47370212248029,2025-12-01 13h58.42.820009 -0500,
-2,15.0,,545,545,0,,,,,,,,,,c-2,poss,100,left,0.9844546250023996,None,None,,,,,,,,,,,0,545,545,27,799.5208954160044,,,,,,,,,,,,,,,,,,,,,,,,,,,,,,,,,,,,,,,,,,,,,,,,,,,,,,,,,,,,,,,,799.5160775830009,799.5208954160044,800.0105245410014,800.0105245410014,800.085708000006,800.085708000006,800.5093930000003,left,0.9844546250023996,None,800.5095155000017,800.5095671250019,None,,,,,,,,,,,,21049991,0,2025-12-01_13h58.34.105,tilt_mocs,2024.2.4,120.47370212248029,2025-12-01 13h58.42.820009 -0500,
4,15.0,,546,546,0,,,,,,,,,,c+4,poss,100,right,1.0301339580037165,None,None,,,,,,,,,,,0,546,546,172,800.535341499999,,,,,,,,,,,,,,,,,,,,,,,,,,,,,,,,,,,,,,,,,,,,,,,,,,,,,,,,,,,,,,,,800.5114882080015,800.535341499999,801.0022057500028,801.0022057500028,801.0742622910038,801.0742622910038,801.5709640000059,right,1.0301339580037165,None,801.5710877500023,801.5711393750025,None,,,,,,,,,,,,21049991,0,2025-12-01_13h58.34.105,tilt_mocs,2024.2.4,120.47370212248029,2025-12-01 13h58.42.820009 -0500,
1,0.0,,547,547,0,,,,,,,,,,c+1,noss,0,right,0.9420917079987703,None,None,,,,,,,,,,,0,547,547,846,801.5814478329994,,,,,,,,,,,,,,,,,,,,,,,,,,,,,,,,,,,,,,,,,,,,,,,,,,,,,,,,,,,,,,,,801.5734571659996,801.5814478329994,802.0686058749998,802.0686058749998,802.141321957999,802.141321957999,802.5266033330045,right,0.9420917079987703,None,802.5266999160012,802.5267422500037,None,,,,,,,,,,,,21049991,0,2025-12-01_13h58.34.105,tilt_mocs,2024.2.4,120.47370212248029,2025-12-01 13h58.42.820009 -0500,
6,15.0,,548,548,0,,,,,,,,,,c+6,poss,100,right,1.0158873339969432,None,None,,,,,,,,,,,0,548,548,233,802.5378203750006,,,,,,,,,,,,,,,,,,,,,,,,,,,,,,,,,,,,,,,,,,,,,,,,,,,,,,,,,,,,,,,,802.528616458003,802.5378203750006,803.027220750002,803.027220750002,803.1024280830025,803.1024280830025,803.5600833330027,right,1.0158873339969432,None,803.5602205000032,803.5602768329991,None,,,,,,,,,,,,21049991,0,2025-12-01_13h58.34.105,tilt_mocs,2024.2.4,120.47370212248029,2025-12-01 13h58.42.820009 -0500,
-6,-15.0,,549,549,0,,,,,,,,,,c-6,negs,100,left,1.0336319999987609,None,None,,,,,,,,,,,0,549,549,412,803.5705588750061,,,,,,,,,,,,,,,,,,,,,,,,,,,,,,,,,,,,,,,,,,,,,,,,,,,,,,,,,,,,,,,,803.5622458330035,803.5705588750061,804.0612287080003,804.0612287080003,804.1356247080039,804.1356247080039,804.6116271659994,left,1.0336319999987609,None,804.6117725000004,804.6118280830051,None,,,,,,,,,,,,21049991,0,2025-12-01_13h58.34.105,tilt_mocs,2024.2.4,120.47370212248029,2025-12-01 13h58.42.820009 -0500,
-2,15.0,,550,550,0,,,,,,,,,,c-2,poss,100,right,1.1072155419969931,None,None,,,,,,,,,,,0,550,550,22,804.6217487910035,,,,,,,,,,,,,,,,,,,,,,,,,,,,,,,,,,,,,,,,,,,,,,,,,,,,,,,,,,,,,,,,804.6139072910009,804.6217487910035,805.1112897500061,805.1112897500061,805.1856850830009,805.1856850830009,805.7379550000041,right,1.1072155419969931,None,805.7380890830027,805.7381425830026,None,,,,,,,,,,,,21049991,0,2025-12-01_13h58.34.105,tilt_mocs,2024.2.4,120.47370212248029,2025-12-01 13h58.42.820009 -0500,
6,15.0,,551,551,0,,,,,,,,,,c+6,poss,100,right,1.027027582997107,None,None,,,,,,,,,,,0,551,551,261,805.7486380830014,,,,,,,,,,,,,,,,,,,,,,,,,,,,,,,,,,,,,,,,,,,,,,,,,,,,,,,,,,,,,,,,805.7403037910044,805.7486380830014,806.2355387909993,806.2355387909993,806.3090308329993,806.3090308329993,806.788561207999,right,1.027027582997107,None,806.7887052500009,806.7887627910022,None,,,,,,,,,,,,21049991,0,2025-12-01_13h58.34.105,tilt_mocs,2024.2.4,120.47370212248029,2025-12-01 13h58.42.820009 -0500,
-2,-15.0,,552,552,0,,,,,,,,,,c-2,negs,100,left,0.9870000000009895,None,None,,,,,,,,,,,0,552,552,520,806.7991260000053,,,,,,,,,,,,,,,,,,,,,,,,,,,,,,,,,,,,,,,,,,,,,,,,,,,,,,,,,,,,,,,,806.7909861250009,806.7991260000053,807.2853390410019,807.2853390410019,807.3577536660014,807.3577536660014,807.788972125003,left,0.9870000000009895,None,807.7891264159989,807.7891847909996,None,,,,,,,,,,,,21049991,0,2025-12-01_13h58.34.105,tilt_mocs,2024.2.4,120.47370212248029,2025-12-01 13h58.42.820009 -0500,
2,15.0,,553,553,0,,,,,,,,,,c+2,poss,100,right,0.9939206249982817,None,None,,,,,,,,,,,0,553,553,112,807.7999296250055,,,,,,,,,,,,,,,,,,,,,,,,,,,,,,,,,,,,,,,,,,,,,,,,,,,,,,,,,,,,,,,,807.7915430830035,807.7999296250055,808.2853307080004,808.2853307080004,808.3575922500022,808.3575922500022,808.804932291001,right,0.9939206249982817,None,808.8050868749997,808.8051366250002,None,,,,,,,,,,,,21049991,0,2025-12-01_13h58.34.105,tilt_mocs,2024.2.4,120.47370212248029,2025-12-01 13h58.42.820009 -0500,
0,15.0,,554,554,0,,,,,,,,,,c+0,poss,100,left,0.9365116249973653,None,None,,,,,,,,,,,0,554,554,69,808.8161254580045,,,,,,,,,,,,,,,,,,,,,,,,,,,,,,,,,,,,,,,,,,,,,,,,,,,,,,,,,,,,,,,,808.8076040830056,808.8161254580045,809.302290915999,809.302290915999,809.3749916660017,809.3749916660017,809.7561124999993,left,0.9365116249973653,None,809.7562340000004,809.756301458001,None,,,,,,,,,,,,21049991,0,2025-12-01_13h58.34.105,tilt_mocs,2024.2.4,120.47370212248029,2025-12-01 13h58.42.820009 -0500,
-2,15.0,,555,555,0,,,,,,,,,,c-2,poss,100,right,1.054134250000061,None,None,,,,,,,,,,,0,555,555,35,809.7661356250028,,,,,,,,,,,,,,,,,,,,,,,,,,,,,,,,,,,,,,,,,,,,,,,,,,,,,,,,,,,,,,,,809.7583413750035,809.7661356250028,810.2522925000012,810.2522925000012,810.3241527909995,810.3241527909995,810.8307641659994,right,1.054134250000061,None,810.8308642500051,810.8309057080041,None,,,,,,,,,,,,21049991,0,2025-12-01_13h58.34.105,tilt_mocs,2024.2.4,120.47370212248029,2025-12-01 13h58.42.820009 -0500,
-2,0.0,,556,556,0,,,,,,,,,,c-2,noss,0,left,0.9498542080036714,None,None,,,,,,,,,,,0,556,556,771,810.8383746250038,,,,,,,,,,,,,,,,,,,,,,,,,,,,,,,,,,,,,,,,,,,,,,,,,,,,,,,,,,,,,,,,810.8327697080022,810.8383746250038,811.3276824999994,811.3276824999994,811.4026969580009,811.4026969580009,811.792995833006,left,0.9498542080036714,None,811.793114250002,811.7931676250009,None,,,,,,,,,,,,21049991,0,2025-12-01_13h58.34.105,tilt_mocs,2024.2.4,120.47370212248029,2025-12-01 13h58.42.820009 -0500,
4,15.0,,557,557,0,,,,,,,,,,c+4,poss,100,right,1.0125688339976477,None,None,,,,,,,,,,,0,557,557,219,811.8030075410061,,,,,,,,,,,,,,,,,,,,,,,,,,,,,,,,,,,,,,,,,,,,,,,,,,,,,,,,,,,,,,,,811.795120666,811.8030075410061,812.2949000830049,812.2949000830049,812.3693774160056,812.3693774160056,812.8219192910037,right,1.0125688339976477,None,812.8221617910021,812.822246415999,None,,,,,,,,,,,,21049991,0,2025-12-01_13h58.34.105,tilt_mocs,2024.2.4,120.47370212248029,2025-12-01 13h58.42.820009 -0500,
6,15.0,,558,558,0,,,,,,,,,,c+6,poss,100,left,0.9473593750008149,None,None,,,,,,,,,,,0,558,558,269,812.832458249999,,,,,,,,,,,,,,,,,,,,,,,,,,,,,,,,,,,,,,,,,,,,,,,,,,,,,,,,,,,,,,,,812.8245595410044,812.832458249999,813.3189916660049,813.3189916660049,813.3921405830042,813.3921405830042,813.7883737500015,left,0.9473593750008149,None,813.7885000000024,813.788552541002,None,,,,,,,,,,,,21049991,0,2025-12-01_13h58.34.105,tilt_mocs,2024.2.4,120.47370212248029,2025-12-01 13h58.42.820009 -0500,
2,15.0,,559,559,0,,,,,,,,,,c+2,poss,100,left,1.187867415996152,None,None,,,,,,,,,,,0,559,559,130,813.7984965409996,,,,,,,,,,,,,,,,,,,,,,,,,,,,,,,,,,,,,,,,,,,,,,,,,,,,,,,,,,,,,,,,813.7905681250049,813.7984965409996,814.2856949580018,814.2856949580018,814.357927791003,814.357927791003,814.9887798330019,left,1.187867415996152,None,814.988883375001,814.9889254160007,None,,,,,,,,,,,,21049991,0,2025-12-01_13h58.34.105,tilt_mocs,2024.2.4,120.47370212248029,2025-12-01 13h58.42.820009 -0500,
-4,0.0,,560,560,0,,,,,,,,,,c-4,noss,0,left,1.0377332079951884,None,None,,,,,,,,,,,0,560,560,709,814.9987813330008,,,,,,,,,,,,,,,,,,,,,,,,,,,,,,,,,,,,,,,,,,,,,,,,,,,,,,,,,,,,,,,,814.990799750005,814.9987813330008,815.4856492500039,815.4856492500039,815.5575531249997,815.5575531249997,816.0392946659995,left,1.0377332079951884,None,816.0395382909992,816.0396491249994,None,,,,,,,,,,,,21049991,0,2025-12-01_13h58.34.105,tilt_mocs,2024.2.4,120.47370212248029,2025-12-01 13h58.42.820009 -0500,
8,15.0,,561,561,0,,,,,,,,,,c+8,poss,100,right,0.9448477910045767,None,None,,,,,,,,,,,0,561,561,325,816.050222124999,,,,,,,,,,,,,,,,,,,,,,,,,,,,,,,,,,,,,,,,,,,,,,,,,,,,,,,,,,,,,,,,816.0420653750043,816.050222124999,816.535711125005,816.535711125005,816.6079569159992,816.6079569159992,817.0052974159989,right,0.9448477910045767,None,817.005451791003,817.0055114160059,None,,,,,,,,,,,,21049991,0,2025-12-01_13h58.34.105,tilt_mocs,2024.2.4,120.47370212248029,2025-12-01 13h58.42.820009 -0500,
2,0.0,,562,562,0,,,,,,,,,,c+2,noss,0,left,0.9422319160003099,None,None,,,,,,,,,,,0,562,562,946,817.0164467499999,,,,,,,,,,,,,,,,,,,,,,,,,,,,,,,,,,,,,,,,,,,,,,,,,,,,,,,,,,,,,,,,817.0081142910058,817.0164467499999,817.5020012910027,817.5020012910027,817.5753439580003,817.5753439580003,817.9612148330052,left,0.9422319160003099,None,817.9613372080057,817.9613900830009,None,,,,,,,,,,,,21049991,0,2025-12-01_13h58.34.105,tilt_mocs,2024.2.4,120.47370212248029,2025-12-01 13h58.42.820009 -0500,
-8,-15.0,,563,563,0,,,,,,,,,,c-8,negs,100,left,0.9259159590001218,None,None,,,,,,,,,,,0,563,563,389,817.9718522500043,,,,,,,,,,,,,,,,,,,,,,,,,,,,,,,,,,,,,,,,,,,,,,,,,,,,,,,,,,,,,,,,817.9636811660021,817.9718522500043,818.4619447910009,818.4619447910009,818.5363010410001,818.5363010410001,818.9051335830009,left,0.9259159590001218,None,818.9052530410045,818.9052942910057,None,,,,,,,,,,,,21049991,0,2025-12-01_13h58.34.105,tilt_mocs,2024.2.4,120.47370212248029,2025-12-01 13h58.42.820009 -0500,
0,-15.0,,564,564,0,,,,,,,,,,c+0,negs,100,left,0.9125624170046649,None,None,,,,,,,,,,,0,564,564,577,818.9151902500016,,,,,,,,,,,,,,,,,,,,,,,,,,,,,,,,,,,,,,,,,,,,,,,,,,,,,,,,,,,,,,,,818.9071990830053,818.9151902500016,819.402508791005,819.402508791005,819.4743884580021,819.4743884580021,819.8385076250051,left,0.9125624170046649,None,819.8386375830014,819.8386910830013,None,,,,,,,,,,,,21049991,0,2025-12-01_13h58.34.105,tilt_mocs,2024.2.4,120.47370212248029,2025-12-01 13h58.42.820009 -0500,
-8,-15.0,,565,565,0,,,,,,,,,,c-8,negs,100,left,0.9549782079993747,None,None,,,,,,,,,,,0,565,565,372,819.8486733329992,,,,,,,,,,,,,,,,,,,,,,,,,,,,,,,,,,,,,,,,,,,,,,,,,,,,,,,,,,,,,,,,819.8407691660032,819.8486733329992,820.3348841250045,820.3348841250045,820.408569625004,820.408569625004,820.8066565000045,left,0.9549782079993747,None,820.8068041660008,820.8068624580046,None,,,,,,,,,,,,21049991,0,2025-12-01_13h58.34.105,tilt_mocs,2024.2.4,120.47370212248029,2025-12-01 13h58.42.820009 -0500,
0,-15.0,,566,566,0,,,,,,,,,,c+0,negs,100,right,0.957012124999892,None,None,,,,,,,,,,,0,566,566,567,820.8173964160014,,,,,,,,,,,,,,,,,,,,,,,,,,,,,,,,,,,,,,,,,,,,,,,,,,,,,,,,,,,,,,,,820.8091224580057,820.8173964160014,821.3024693750049,821.3024693750049,821.374122166002,821.374122166002,821.7766502500017,right,0.957012124999892,None,821.7767498329995,821.7767926660017,None,,,,,,,,,,,,21049991,0,2025-12-01_13h58.34.105,tilt_mocs,2024.2.4,120.47370212248029,2025-12-01 13h58.42.820009 -0500,
-6,-15.0,,567,567,0,,,,,,,,,,c-6,negs,100,left,1.028917707997607,None,None,,,,,,,,,,,0,567,567,415,821.7867993750042,,,,,,,,,,,,,,,,,,,,,,,,,,,,,,,,,,,,,,,,,,,,,,,,,,,,,,,,,,,,,,,,821.7786825410003,821.7867993750042,822.2787862080004,822.2787862080004,822.3530509580014,822.3530509580014,822.8219199580053,left,1.028917707997607,None,822.8220217080016,822.8220621660003,None,,,,,,,,,,,,21049991,0,2025-12-01_13h58.34.105,tilt_mocs,2024.2.4,120.47370212248029,2025-12-01 13h58.42.820009 -0500,
-1,0.0,,568,568,0,,,,,,,,,,c-1,noss,0,right,0.9319251660053851,None,None,,,,,,,,,,,0,568,568,786,822.8318218749992,,,,,,,,,,,,,,,,,,,,,,,,,,,,,,,,,,,,,,,,,,,,,,,,,,,,,,,,,,,,,,,,822.8239398750011,822.8318218749992,823.3193030000039,823.3193030000039,823.3912402080023,823.3912402080023,823.7720070409996,right,0.9319251660053851,None,823.7721322910002,823.7721856249991,None,,,,,,,,,,,,21049991,0,2025-12-01_13h58.34.105,tilt_mocs,2024.2.4,120.47370212248029,2025-12-01 13h58.42.820009 -0500,
2,0.0,,569,569,0,,,,,,,,,,c+2,noss,0,right,1.0419127080022008,None,None,,,,,,,,,,,0,569,569,932,823.782786415999,,,,,,,,,,,,,,,,,,,,,,,,,,,,,,,,,,,,,,,,,,,,,,,,,,,,,,,,,,,,,,,,823.7745821249991,823.782786415999,824.2693863750028,824.2693863750028,824.3411467080005,824.3411467080005,824.8273333329998,right,1.0419127080022008,None,824.827478457999,824.827537875004,None,,,,,,,,,,,,21049991,0,2025-12-01_13h58.34.105,tilt_mocs,2024.2.4,120.47370212248029,2025-12-01 13h58.42.820009 -0500,
1,0.0,,570,570,0,,,,,,,,,,c+1,noss,0,right,0.9157688749983208,None,None,,,,,,,,,,,0,570,570,873,824.837923250001,,,,,,,,,,,,,,,,,,,,,,,,,,,,,,,,,,,,,,,,,,,,,,,,,,,,,,,,,,,,,,,,824.8297718750036,824.837923250001,825.3283743749998,825.3283743749998,825.4033742910033,825.4033742910033,825.7567886250035,right,0.9157688749983208,None,825.7569485410058,825.7570074579999,None,,,,,,,,,,,,21049991,0,2025-12-01_13h58.34.105,tilt_mocs,2024.2.4,120.47370212248029,2025-12-01 13h58.42.820009 -0500,
2,-15.0,,571,571,0,,,,,,,,,,c+2,negs,100,right,0.9590808749999269,None,None,,,,,,,,,,,0,571,571,638,825.7679589160034,,,,,,,,,,,,,,,,,,,,,,,,,,,,,,,,,,,,,,,,,,,,,,,,,,,,,,,,,,,,,,,,825.7595337080056,825.7679589160034,826.2526335410003,826.2526335410003,826.3249613750013,826.3249613750013,826.7389346250056,right,0.9590808749999269,None,826.7391019580027,826.7392388750013,None,,,,,,,,,,,,21049991,0,2025-12-01_13h58.34.105,tilt_mocs,2024.2.4,120.47370212248029,2025-12-01 13h58.42.820009 -0500,
0,15.0,,572,572,0,,,,,,,,,,c+0,poss,100,left,0.9873449170045205,None,None,,,,,,,,,,,0,572,572,95,826.749949750003,,,,,,,,,,,,,,,,,,,,,,,,,,,,,,,,,,,,,,,,,,,,,,,,,,,,,,,,,,,,,,,,826.741738333003,826.749949750003,827.2359872080051,827.2359872080051,827.3081997500049,827.3081997500049,827.7401060830016,left,0.9873449170045205,None,827.740235958001,827.7402915000057,None,,,,,,,,,,,,21049991,0,2025-12-01_13h58.34.105,tilt_mocs,2024.2.4,120.47370212248029,2025-12-01 13h58.42.820009 -0500,
-4,-15.0,,573,573,0,,,,,,,,,,c-4,negs,100,left,0.9636498749969178,None,None,,,,,,,,,,,0,573,573,470,827.7503594580048,,,,,,,,,,,,,,,,,,,,,,,,,,,,,,,,,,,,,,,,,,,,,,,,,,,,,,,,,,,,,,,,827.742442666,827.7503594580048,828.2360702910009,828.2360702910009,828.3082595410015,828.3082595410015,828.7223805829999,left,0.9636498749969178,None,828.722506500002,828.722558458001,None,,,,,,,,,,,,21049991,0,2025-12-01_13h58.34.105,tilt_mocs,2024.2.4,120.47370212248029,2025-12-01 13h58.42.820009 -0500,
8,15.0,,574,574,0,,,,,,,,,,c+8,poss,100,right,1.120738582998456,None,None,,,,,,,,,,,0,574,574,318,828.7325082500029,,,,,,,,,,,,,,,,,,,,,,,,,,,,,,,,,,,,,,,,,,,,,,,,,,,,,,,,,,,,,,,,828.724535207999,828.7325082500029,829.219402958006,829.219402958006,829.2927974160048,829.2927974160048,829.8557343749999,right,1.120738582998456,None,829.8558700409994,829.8559263749994,None,,,,,,,,,,,,21049991,0,2025-12-01_13h58.34.105,tilt_mocs,2024.2.4,120.47370212248029,2025-12-01 13h58.42.820009 -0500,
-1,0.0,,575,575,0,,,,,,,,,,c-1,noss,0,right,1.0875797910048277,None,None,,,,,,,,,,,0,575,575,829,829.8666400830043,,,,,,,,,,,,,,,,,,,,,,,,,,,,,,,,,,,,,,,,,,,,,,,,,,,,,,,,,,,,,,,,829.8583759579997,829.8666400830043,830.3527697500031,830.3527697500031,830.4251735409998,830.4251735409998,830.9648770410058,right,1.0875797910048277,None,830.9649765830036,830.9650192080007,None,,,,,,,,,,,,21049991,0,2025-12-01_13h58.34.105,tilt_mocs,2024.2.4,120.47370212248029,2025-12-01 13h58.42.820009 -0500,
-8,-15.0,,576,576,0,,,,,,,,,,c-8,negs,100,left,0.980922709000879,None,None,,,,,,,,,,,0,576,576,343,830.9725644159989,,,,,,,,,,,,,,,,,,,,,,,,,,,,,,,,,,,,,,,,,,,,,,,,,,,,,,,,,,,,,,,,830.9669410830029,830.9725644159989,831.4627876660015,831.4627876660015,831.5368159160062,831.5368159160062,831.9562471250028,left,0.980922709000879,None,831.956395250003,831.956458749999,None,,,,,,,,,,,,21049991,0,2025-12-01_13h58.34.105,tilt_mocs,2024.2.4,120.47370212248029,2025-12-01 13h58.42.820009 -0500,
2,0.0,,577,577,0,,,,,,,,,,c+2,noss,0,right,0.9894391249981709,None,None,,,,,,,,,,,0,577,577,935,831.9696455830053,,,,,,,,,,,,,,,,,,,,,,,,,,,,,,,,,,,,,,,,,,,,,,,,,,,,,,,,,,,,,,,,831.9586720830048,831.9696455830053,832.4530000410014,832.4530000410014,832.5261380830052,832.5261380830052,832.9614173750015,right,0.9894391249981709,None,832.9615444160008,832.9615975410052,None,,,,,,,,,,,,21049991,0,2025-12-01_13h58.34.105,tilt_mocs,2024.2.4,120.47370212248029,2025-12-01 13h58.42.820009 -0500,
2,0.0,,578,578,0,,,,,,,,,,c+2,noss,0,left,0.958648459003598,None,None,,,,,,,,,,,0,578,578,913,832.9722203750061,,,,,,,,,,,,,,,,,,,,,,,,,,,,,,,,,,,,,,,,,,,,,,,,,,,,,,,,,,,,,,,,832.9639555410031,832.9722203750061,833.4615238750048,833.4615238750048,833.5367797910003,833.5367797910003,833.9394619160012,left,0.958648459003598,None,833.9396096250057,833.9396674160016,None,,,,,,,,,,,,21049991,0,2025-12-01_13h58.34.105,tilt_mocs,2024.2.4,120.47370212248029,2025-12-01 13h58.42.820009 -0500,
4,0.0,,579,579,0,,,,,,,,,,c+4,noss,0,right,0.9279210829990916,None,None,,,,,,,,,,,0,579,579,952,833.9500727910054,,,,,,,,,,,,,,,,,,,,,,,,,,,,,,,,,,,,,,,,,,,,,,,,,,,,,,,,,,,,,,,,833.9418141249989,833.9500727910054,834.4363470829994,834.4363470829994,834.5086453330005,834.5086453330005,834.8890936250027,right,0.9279210829990916,None,834.8892246660034,834.8892804160059,None,,,,,,,,,,,,21049991,0,2025-12-01_13h58.34.105,tilt_mocs,2024.2.4,120.47370212248029,2025-12-01 13h58.42.820009 -0500,
0,15.0,,580,580,0,,,,,,,,,,c+0,poss,100,right,0.946900667004229,None,None,,,,,,,,,,,0,580,580,78,834.8991214160051,,,,,,,,,,,,,,,,,,,,,,,,,,,,,,,,,,,,,,,,,,,,,,,,,,,,,,,,,,,,,,,,834.8912371250044,834.8991214160051,835.3863513329998,835.3863513329998,835.4584919160043,835.4584919160043,835.8565922080015,right,0.946900667004229,None,835.8567474160009,835.8568057910015,None,,,,,,,,,,,,21049991,0,2025-12-01_13h58.34.105,tilt_mocs,2024.2.4,120.47370212248029,2025-12-01 13h58.42.820009 -0500,
-2,0.0,,581,581,0,,,,,,,,,,c-2,noss,0,right,0.9303166669997154,None,None,,,,,,,,,,,0,581,581,782,835.8670845410015,,,,,,,,,,,,,,,,,,,,,,,,,,,,,,,,,,,,,,,,,,,,,,,,,,,,,,,,,,,,,,,,835.8591156660041,835.8670845410015,836.3531455000048,836.3531455000048,836.4253853750051,836.4253853750051,836.8057261249996,right,0.9303166669997154,None,836.805851916004,836.8059044160036,None,,,,,,,,,,,,21049991,0,2025-12-01_13h58.34.105,tilt_mocs,2024.2.4,120.47370212248029,2025-12-01 13h58.42.820009 -0500,
-8,-15.0,,582,582,0,,,,,,,,,,c-8,negs,100,left,0.9547640000018873,None,None,,,,,,,,,,,0,582,582,345,836.8158431250049,,,,,,,,,,,,,,,,,,,,,,,,,,,,,,,,,,,,,,,,,,,,,,,,,,,,,,,,,,,,,,,,836.8080410830007,836.8158431250049,837.3032137500049,837.3032137500049,837.3752555000028,837.3752555000028,837.7729470000049,left,0.9547640000018873,None,837.7730482910047,837.7730907500008,None,,,,,,,,,,,,21049991,0,2025-12-01_13h58.34.105,tilt_mocs,2024.2.4,120.47370212248029,2025-12-01 13h58.42.820009 -0500,
4,15.0,,583,583,0,,,,,,,,,,c+4,poss,100,right,0.9673388329974841,None,None,,,,,,,,,,,0,583,583,184,837.7828605410032,,,,,,,,,,,,,,,,,,,,,,,,,,,,,,,,,,,,,,,,,,,,,,,,,,,,,,,,,,,,,,,,837.774999250003,837.7828605410032,838.2698698750028,838.2698698750028,838.3426460830015,838.3426460830015,838.7555188750048,right,0.9673388329974841,None,838.755644249999,838.7557124580053,None,,,,,,,,,,,,21049991,0,2025-12-01_13h58.34.105,tilt_mocs,2024.2.4,120.47370212248029,2025-12-01 13h58.42.820009 -0500,
2,-15.0,,584,584,0,,,,,,,,,,c+2,negs,100,right,0.9153348749969155,None,None,,,,,,,,,,,0,584,584,624,838.7657356250056,,,,,,,,,,,,,,,,,,,,,,,,,,,,,,,,,,,,,,,,,,,,,,,,,,,,,,,,,,,,,,,,838.7577030829998,838.7657356250056,839.2531237080038,839.2531237080038,839.325807416004,839.325807416004,839.6891134580001,right,0.9153348749969155,None,839.6892401660007,839.6892934999996,None,,,,,,,,,,,,21049991,0,2025-12-01_13h58.34.105,tilt_mocs,2024.2.4,120.47370212248029,2025-12-01 13h58.42.820009 -0500,
2,0.0,,585,585,0,,,,,,,,,,c+2,noss,0,right,0.9209817499940982,None,None,,,,,,,,,,,0,585,585,921,839.6995645830029,,,,,,,,,,,,,,,,,,,,,,,,,,,,,,,,,,,,,,,,,,,,,,,,,,,,,,,,,,,,,,,,839.6912051250038,839.6995645830029,840.1866472080001,840.1866472080001,840.2586428750001,840.2586428750001,840.6234568750006,right,0.9209817499940982,None,840.6236050000007,840.6236619160045,None,,,,,,,,,,,,21049991,0,2025-12-01_13h58.34.105,tilt_mocs,2024.2.4,120.47370212248029,2025-12-01 13h58.42.820009 -0500,
-6,-15.0,,586,586,0,,,,,,,,,,c-6,negs,100,left,0.9196190830043633,None,None,,,,,,,,,,,0,586,586,444,840.6341960830032,,,,,,,,,,,,,,,,,,,,,,,,,,,,,,,,,,,,,,,,,,,,,,,,,,,,,,,,,,,,,,,,840.6258582500013,840.6341960830032,841.1199642080028,841.1199642080028,841.192145208006,841.192145208006,841.5564680000025,left,0.9196190830043633,None,841.556640666,841.5567010410014,None,,,,,,,,,,,,21049991,0,2025-12-01_13h58.34.105,tilt_mocs,2024.2.4,120.47370212248029,2025-12-01 13h58.42.820009 -0500,
0,-15.0,,587,587,0,,,,,,,,,,c+0,negs,100,right,0.9394705829981831,None,None,,,,,,,,,,,0,587,587,602,841.5677130830009,,,,,,,,,,,,,,,,,,,,,,,,,,,,,,,,,,,,,,,,,,,,,,,,,,,,,,,,,,,,,,,,841.559305666,841.5677130830009,842.0533076659995,842.0533076659995,842.1250907909998,842.1250907909998,842.5111417910011,right,0.9394705829981831,None,842.5112572080034,842.5112985830056,None,,,,,,,,,,,,21049991,0,2025-12-01_13h58.34.105,tilt_mocs,2024.2.4,120.47370212248029,2025-12-01 13h58.42.820009 -0500,
-6,-15.0,,588,588,0,,,,,,,,,,c-6,negs,100,left,0.9033577919981326,None,None,,,,,,,,,,,0,588,588,432,842.5367817080041,,,,,,,,,,,,,,,,,,,,,,,,,,,,,,,,,,,,,,,,,,,,,,,,,,,,,,,,,,,,,,,,842.5131943750021,842.5367817080041,843.0120358330023,843.0120358330023,843.0874113329992,843.0874113329992,843.4450982910057,left,0.9033577919981326,None,843.4452209160008,843.4452767500043,None,,,,,,,,,,,,21049991,0,2025-12-01_13h58.34.105,tilt_mocs,2024.2.4,120.47370212248029,2025-12-01 13h58.42.820009 -0500,
6,15.0,,589,589,0,,,,,,,,,,c+6,poss,100,right,0.8906523330006166,None,None,,,,,,,,,,,0,589,589,244,843.4557518330039,,,,,,,,,,,,,,,,,,,,,,,,,,,,,,,,,,,,,,,,,,,,,,,,,,,,,,,,,,,,,,,,843.4474097910061,843.4557518330039,843.9459381250053,843.9459381250053,844.0205068330033,844.0205068330033,844.3567465000015,right,0.8906523330006166,None,844.3568889580056,844.3569462500018,None,,,,,,,,,,,,21049991,0,2025-12-01_13h58.34.105,tilt_mocs,2024.2.4,120.47370212248029,2025-12-01 13h58.42.820009 -0500,
-2,0.0,,590,590,0,,,,,,,,,,c-2,noss,0,left,0.8791503340034978,None,None,,,,,,,,,,,0,590,590,749,844.3677791660011,,,,,,,,,,,,,,,,,,,,,,,,,,,,,,,,,,,,,,,,,,,,,,,,,,,,,,,,,,,,,,,,844.3594166660041,844.3677791660011,844.8534739579991,844.8534739579991,844.9253685410004,844.9253685410004,845.2558509160008,left,0.8791503340034978,None,845.2559732500013,845.2560258750018,None,,,,,,,,,,,,21049991,0,2025-12-01_13h58.34.105,tilt_mocs,2024.2.4,120.47370212248029,2025-12-01 13h58.42.820009 -0500,
0,15.0,,591,591,0,,,,,,,,,,c+0,poss,100,right,0.8877953749979497,None,None,,,,,,,,,,,0,591,591,76,845.2662837080061,,,,,,,,,,,,,,,,,,,,,,,,,,,,,,,,,,,,,,,,,,,,,,,,,,,,,,,,,,,,,,,,845.2584092500038,845.2662837080061,845.7534420410011,845.7534420410011,845.8264959580047,845.8264959580047,846.1572689160021,right,0.8877953749979497,None,846.1573978330052,846.1574518750058,None,,,,,,,,,,,,21049991,0,2025-12-01_13h58.34.105,tilt_mocs,2024.2.4,120.47370212248029,2025-12-01 13h58.42.820009 -0500,
4,0.0,,592,592,0,,,,,,,,,,c+4,noss,0,right,0.9535917079992942,None,None,,,,,,,,,,,0,592,592,999,846.170140000002,,,,,,,,,,,,,,,,,,,,,,,,,,,,,,,,,,,,,,,,,,,,,,,,,,,,,,,,,,,,,,,,846.1595926250011,846.170140000002,846.6534902500061,846.6534902500061,846.7256199580006,846.7256199580006,847.1287864580008,right,0.9535917079992942,None,847.1289097080007,847.1289652500054,None,,,,,,,,,,,,21049991,0,2025-12-01_13h58.34.105,tilt_mocs,2024.2.4,120.47370212248029,2025-12-01 13h58.42.820009 -0500,
4,15.0,,593,593,0,,,,,,,,,,c+4,poss,100,right,0.9218974159957725,None,None,,,,,,,,,,,0,593,593,180,847.1393155000042,,,,,,,,,,,,,,,,,,,,,,,,,,,,,,,,,,,,,,,,,,,,,,,,,,,,,,,,,,,,,,,,847.1309437500022,847.1393155000042,847.6297336659991,847.6297336659991,847.7100855410026,847.7100855410026,848.072576999999,right,0.9218974159957725,None,848.0727044580053,848.0727572910037,None,,,,,,,,,,,,21049991,0,2025-12-01_13h58.34.105,tilt_mocs,2024.2.4,120.47370212248029,2025-12-01 13h58.42.820009 -0500,
4,0.0,,594,594,0,,,,,,,,,,c+4,noss,0,right,0.8480240409990074,None,None,,,,,,,,,,,0,594,594,986,848.0835004580003,,,,,,,,,,,,,,,,,,,,,,,,,,,,,,,,,,,,,,,,,,,,,,,,,,,,,,,,,,,,,,,,848.0752662080049,848.0835004580003,848.570038124999,848.570038124999,848.6422368330022,848.6422368330022,848.9393864160011,right,0.8480240409990074,None,848.9395105830044,848.9395624160024,None,,,,,,,,,,,,21049991,0,2025-12-01_13h58.34.105,tilt_mocs,2024.2.4,120.47370212248029,2025-12-01 13h58.42.820009 -0500,
-8,-15.0,,595,595,0,,,,,,,,,,c-8,negs,100,left,0.929890916995646,None,None,,,,,,,,,,,0,595,595,353,848.9498192910032,,,,,,,,,,,,,,,,,,,,,,,,,,,,,,,,,,,,,,,,,,,,,,,,,,,,,,,,,,,,,,,,848.9415388330017,848.9498192910032,849.436896457999,849.436896457999,849.5088119580032,849.5088119580032,849.8896972500006,left,0.929890916995646,None,849.8898555830019,849.8899093750006,None,,,,,,,,,,,,21049991,0,2025-12-01_13h58.34.105,tilt_mocs,2024.2.4,120.47370212248029,2025-12-01 13h58.42.820009 -0500,
-4,0.0,,596,596,0,,,,,,,,,,c-4,noss,0,left,0.8823546670028009,None,None,,,,,,,,,,,0,596,596,680,849.9007220000058,,,,,,,,,,,,,,,,,,,,,,,,,,,,,,,,,,,,,,,,,,,,,,,,,,,,,,,,,,,,,,,,849.8924923750019,849.9007220000058,850.3868860410003,850.3868860410003,850.4587611660027,850.4587611660027,850.7895100829992,left,0.8823546670028009,None,850.7896130000008,850.7896552910024,None,,,,,,,,,,,,21049991,0,2025-12-01_13h58.34.105,tilt_mocs,2024.2.4,120.47370212248029,2025-12-01 13h58.42.820009 -0500,
2,0.0,,597,597,0,,,,,,,,,,c+2,noss,0,right,0.9211574999935692,None,None,,,,,,,,,,,0,597,597,901,850.7996567080045,,,,,,,,,,,,,,,,,,,,,,,,,,,,,,,,,,,,,,,,,,,,,,,,,,,,,,,,,,,,,,,,850.7915228749989,850.7996567080045,851.2867902080034,851.2867902080034,851.3590413749989,851.3590413749989,851.7233277910054,right,0.9211574999935692,None,851.7234558330019,851.7235101660044,None,,,,,,,,,,,,21049991,0,2025-12-01_13h58.34.105,tilt_mocs,2024.2.4,120.47370212248029,2025-12-01 13h58.42.820009 -0500,
6,15.0,,598,598,0,,,,,,,,,,c+6,poss,100,right,0.8479724159988109,None,None,,,,,,,,,,,0,598,598,227,851.7335230410026,,,,,,,,,,,,,,,,,,,,,,,,,,,,,,,,,,,,,,,,,,,,,,,,,,,,,,,,,,,,,,,,851.725558666003,851.7335230410026,852.2202116250046,852.2202116250046,852.2926118329997,852.2926118329997,852.5895122080037,right,0.8479724159988109,None,852.5896378329999,852.5896900410007,None,,,,,,,,,,,,21049991,0,2025-12-01_13h58.34.105,tilt_mocs,2024.2.4,120.47370212248029,2025-12-01 13h58.42.820009 -0500,
8,15.0,,599,599,0,,,,,,,,,,c+8,poss,100,right,0.9050076659987099,None,None,,,,,,,,,,,0,599,599,293,852.599639,,,,,,,,,,,,,,,,,,,,,,,,,,,,,,,,,,,,,,,,,,,,,,,,,,,,,,,,,,,,,,,,852.5916948750018,852.599639,853.0870126250011,853.0870126250011,853.1591311250013,853.1591311250013,853.507183665999,right,0.9050076659987099,None,853.5073167080045,853.5073713330057,None,,,,,,,,,,,,21049991,0,2025-12-01_13h58.34.105,tilt_mocs,2024.2.4,120.47370212248029,2025-12-01 13h58.42.820009 -0500,
8,15.0,,600,600,0,,,,,,,,,,c+8,poss,100,right,0.8862700419995235,None,None,,,,,,,,,,,0,600,600,295,853.5177372079997,,,,,,,,,,,,,,,,,,,,,,,,,,,,,,,,,,,,,,,,,,,,,,,,,,,,,,,,,,,,,,,,853.5096046250037,853.5177372079997,854.0037386250042,854.0037386250042,854.0876143330024,854.0876143330024,854.407002083004,right,0.8862700419995235,None,854.4071423749992,854.4072017500002,None,,,,,,,,,,,,21049991,0,2025-12-01_13h58.34.105,tilt_mocs,2024.2.4,120.47370212248029,2025-12-01 13h58.42.820009 -0500,
2,15.0,,601,601,0,,,,,,,,,,c+2,poss,100,right,0.9077267089960515,None,None,,,,,,,,,,,0,601,601,140,854.4176443750039,,,,,,,,,,,,,,,,,,,,,,,,,,,,,,,,,,,,,,,,,,,,,,,,,,,,,,,,,,,,,,,,854.409366083004,854.4176443750039,854.9036838750035,854.9036838750035,854.9756695830001,854.9756695830001,855.3289458750005,right,0.9077267089960515,None,855.3290434580049,855.3290854580046,None,,,,,,,,,,,,21049991,0,2025-12-01_13h58.34.105,tilt_mocs,2024.2.4,120.47370212248029,2025-12-01 13h58.42.820009 -0500,
-6,-15.0,,602,602,0,,,,,,,,,,c-6,negs,100,right,0.8347933340046438,None,None,,,,,,,,,,,0,602,602,424,855.3389877500013,,,,,,,,,,,,,,,,,,,,,,,,,,,,,,,,,,,,,,,,,,,,,,,,,,,,,,,,,,,,,,,,855.3309623750029,855.3389877500013,855.830103625005,855.830103625005,855.904157500001,855.904157500001,856.1779481660051,right,0.8347933340046438,None,856.1780487080032,856.1780905410051,None,,,,,,,,,,,,21049991,0,2025-12-01_13h58.34.105,tilt_mocs,2024.2.4,120.47370212248029,2025-12-01 13h58.42.820009 -0500,
2,0.0,,603,603,0,,,,,,,,,,c+2,noss,0,right,1.0045264590007719,None,None,,,,,,,,,,,0,603,603,926,856.203927458002,,,,,,,,,,,,,,,,,,,,,,,,,,,,,,,,,,,,,,,,,,,,,,,,,,,,,,,,,,,,,,,,856.1799899160033,856.203927458002,856.6797266249996,856.6797266249996,856.7543986660021,856.7543986660021,857.2125508750032,right,1.0045264590007719,None,857.2126837910037,857.2127453330031,None,,,,,,,,,,,,21049991,0,2025-12-01_13h58.34.105,tilt_mocs,2024.2.4,120.47370212248029,2025-12-01 13h58.42.820009 -0500,
-2,0.0,,604,604,0,,,,,,,,,,c-2,noss,0,right,0.9679780829974334,None,None,,,,,,,,,,,0,604,604,766,857.2231459579998,,,,,,,,,,,,,,,,,,,,,,,,,,,,,,,,,,,,,,,,,,,,,,,,,,,,,,,,,,,,,,,,857.2148327910036,857.2231459579998,857.7135136659999,857.7135136659999,857.7877131660061,857.7877131660061,858.1952880829995,right,0.9679780829974334,None,858.195381125006,858.1954216660015,None,,,,,,,,,,,,21049991,0,2025-12-01_13h58.34.105,tilt_mocs,2024.2.4,120.47370212248029,2025-12-01 13h58.42.820009 -0500,
-4,-15.0,,605,605,0,,,,,,,,,,c-4,negs,100,left,0.9619328339977073,None,None,,,,,,,,,,,0,605,605,503,858.2206629159991,,,,,,,,,,,,,,,,,,,,,,,,,,,,,,,,,,,,,,,,,,,,,,,,,,,,,,,,,,,,,,,,858.1972515410016,858.2206629159991,858.696817916003,858.696817916003,858.7710183330055,858.7710183330055,859.189890665999,left,0.9619328339977073,None,859.1900178330034,859.190071666002,None,,,,,,,,,,,,21049991,0,2025-12-01_13h58.34.105,tilt_mocs,2024.2.4,120.47370212248029,2025-12-01 13h58.42.820009 -0500,
4,0.0,,606,606,0,,,,,,,,,,c+4,noss,0,right,0.8908490829999209,None,None,,,,,,,,,,,0,606,606,984,859.1999872500019,,,,,,,,,,,,,,,,,,,,,,,,,,,,,,,,,,,,,,,,,,,,,,,,,,,,,,,,,,,,,,,,859.1920856249999,859.1999872500019,859.6871256660015,859.6871256660015,859.7594887500018,859.7594887500018,860.0968223750024,right,0.8908490829999209,None,860.0969530000002,860.0970096660021,None,,,,,,,,,,,,21049991,0,2025-12-01_13h58.34.105,tilt_mocs,2024.2.4,120.47370212248029,2025-12-01 13h58.42.820009 -0500,
1,0.0,,607,607,0,,,,,,,,,,c+1,noss,0,left,0.864961791994574,None,None,,,,,,,,,,,0,607,607,887,860.1069866660036,,,,,,,,,,,,,,,,,,,,,,,,,,,,,,,,,,,,,,,,,,,,,,,,,,,,,,,,,,,,,,,,860.0995393330013,860.1069866660036,860.5958811660021,860.5958811660021,860.6710429580053,860.6710429580053,860.9833106250007,left,0.864961791994574,None,860.983408,860.9834492500013,None,,,,,,,,,,,,21049991,0,2025-12-01_13h58.34.105,tilt_mocs,2024.2.4,120.47370212248029,2025-12-01 13h58.42.820009 -0500,
-6,-15.0,,608,608,0,,,,,,,,,,c-6,negs,100,left,0.9051980000003823,None,None,,,,,,,,,,,0,608,608,406,860.9900199160038,,,,,,,,,,,,,,,,,,,,,,,,,,,,,,,,,,,,,,,,,,,,,,,,,,,,,,,,,,,,,,,,860.9853382080037,860.9900199160038,861.4797710410057,861.4797710410057,861.5545000410057,861.5545000410057,861.9065767909997,left,0.9051980000003823,None,861.906680125001,861.9067241250013,None,,,,,,,,,,,,21049991,0,2025-12-01_13h58.34.105,tilt_mocs,2024.2.4,120.47370212248029,2025-12-01 13h58.42.820009 -0500,
1,0.0,,609,609,0,,,,,,,,,,c+1,noss,0,right,0.9761067080034991,None,None,,,,,,,,,,,0,609,609,858,861.9165427500047,,,,,,,,,,,,,,,,,,,,,,,,,,,,,,,,,,,,,,,,,,,,,,,,,,,,,,,,,,,,,,,,861.9085939580036,861.9165427500047,862.4041285410058,862.4041285410058,862.4775593750019,862.4775593750019,862.8953174160051,right,0.9761067080034991,None,862.8954588330016,862.8955182909995,None,,,,,,,,,,,,21049991,0,2025-12-01_13h58.34.105,tilt_mocs,2024.2.4,120.47370212248029,2025-12-01 13h58.42.820009 -0500,
1,0.0,,610,610,0,,,,,,,,,,c+1,noss,0,right,0.8544252499996219,None,None,,,,,,,,,,,0,610,610,880,862.9059333330006,,,,,,,,,,,,,,,,,,,,,,,,,,,,,,,,,,,,,,,,,,,,,,,,,,,,,,,,,,,,,,,,862.8976981660016,862.9059333330006,863.3964782500043,863.3964782500043,863.4711737500038,863.4711737500038,863.762832708002,right,0.8544252499996219,None,863.7629348750052,863.7629796250039,None,,,,,,,,,,,,21049991,0,2025-12-01_13h58.34.105,tilt_mocs,2024.2.4,120.47370212248029,2025-12-01 13h58.42.820009 -0500,
-8,-15.0,,611,611,0,,,,,,,,,,c-8,negs,100,left,0.8906414160010172,None,None,,,,,,,,,,,0,611,611,385,863.7731936660057,,,,,,,,,,,,,,,,,,,,,,,,,,,,,,,,,,,,,,,,,,,,,,,,,,,,,,,,,,,,,,,,863.7648479160052,863.7731936660057,864.2630301250028,864.2630301250028,864.3378310830012,864.3378310830012,864.6733855000057,left,0.8906414160010172,None,864.6735108330031,864.6735640000043,None,,,,,,,,,,,,21049991,0,2025-12-01_13h58.34.105,tilt_mocs,2024.2.4,120.47370212248029,2025-12-01 13h58.42.820009 -0500,
4,0.0,,612,612,0,,,,,,,,,,c+4,noss,0,right,0.8042507089994615,None,None,,,,,,,,,,,0,612,612,1005,864.6835559160027,,,,,,,,,,,,,,,,,,,,,,,,,,,,,,,,,,,,,,,,,,,,,,,,,,,,,,,,,,,,,,,,864.6754940410028,864.6835559160027,865.170904041006,865.170904041006,865.2430370000002,865.2430370000002,865.4902677080026,right,0.8042507089994615,None,865.4904223330013,865.490504666006,None,,,,,,,,,,,,21049991,0,2025-12-01_13h58.34.105,tilt_mocs,2024.2.4,120.47370212248029,2025-12-01 13h58.42.820009 -0500,
0,15.0,,613,613,0,,,,,,,,,,c+0,poss,100,left,0.8232695830010925,None,None,,,,,,,,,,,0,613,613,96,865.5014306250014,,,,,,,,,,,,,,,,,,,,,,,,,,,,,,,,,,,,,,,,,,,,,,,,,,,,,,,,,,,,,,,,865.4931357080059,865.5014306250014,865.9874845000013,865.9874845000013,866.0604253750062,866.0604253750062,866.3294915830047,left,0.8232695830010925,None,866.3296110830051,866.329662958,None,,,,,,,,,,,,21049991,0,2025-12-01_13h58.34.105,tilt_mocs,2024.2.4,120.47370212248029,2025-12-01 13h58.42.820009 -0500,
-6,-15.0,,614,614,0,,,,,,,,,,c-6,negs,100,left,0.8980360419955105,None,None,,,,,,,,,,,0,614,614,446,866.3400439160032,,,,,,,,,,,,,,,,,,,,,,,,,,,,,,,,,,,,,,,,,,,,,,,,,,,,,,,,,,,,,,,,866.3318410409993,866.3400439160032,866.8295661250013,866.8295661250013,866.9046645410053,866.9046645410053,867.2410373750026,left,0.8980360419955105,None,867.2411843330046,867.2412415409999,None,,,,,,,,,,,,21049991,0,2025-12-01_13h58.34.105,tilt_mocs,2024.2.4,120.47370212248029,2025-12-01 13h58.42.820009 -0500,
-2,0.0,,615,615,0,,,,,,,,,,c-2,noss,0,left,0.8198007499959203,None,None,,,,,,,,,,,0,615,615,735,867.2518220000056,,,,,,,,,,,,,,,,,,,,,,,,,,,,,,,,,,,,,,,,,,,,,,,,,,,,,,,,,,,,,,,,867.2436021660033,867.2518220000056,867.7374257910051,867.7374257910051,867.809709041001,867.809709041001,868.0741504580001,left,0.8198007499959203,None,868.0742993750027,868.0743565410012,None,,,,,,,,,,,,21049991,0,2025-12-01_13h58.34.105,tilt_mocs,2024.2.4,120.47370212248029,2025-12-01 13h58.42.820009 -0500,
1,0.0,,616,616,0,,,,,,,,,,c+1,noss,0,left,0.7929484170017531,None,None,,,,,,,,,,,0,616,616,862,868.084479916004,,,,,,,,,,,,,,,,,,,,,,,,,,,,,,,,,,,,,,,,,,,,,,,,,,,,,,,,,,,,,,,,868.0764295000045,868.084479916004,868.5709207079999,868.5709207079999,868.6430395000061,868.6430395000061,868.8879361250001,left,0.7929484170017531,None,868.8880426250034,868.8880845410022,None,,,,,,,,,,,,21049991,0,2025-12-01_13h58.34.105,tilt_mocs,2024.2.4,120.47370212248029,2025-12-01 13h58.42.820009 -0500,
2,15.0,,617,617,0,,,,,,,,,,c+2,poss,100,left,0.8336801670011482,None,None,,,,,,,,,,,0,617,617,147,868.8950578330041,,,,,,,,,,,,,,,,,,,,,,,,,,,,,,,,,,,,,,,,,,,,,,,,,,,,,,,,,,,,,,,,868.8899398330032,868.8950578330041,869.3797445000018,869.3797445000018,869.4535572910027,869.4535572910027,869.740173916005,left,0.8336801670011482,None,869.7402996660021,869.7403521660017,None,,,,,,,,,,,,21049991,0,2025-12-01_13h58.34.105,tilt_mocs,2024.2.4,120.47370212248029,2025-12-01 13h58.42.820009 -0500,
4,0.0,,618,618,0,,,,,,,,,,c+4,noss,0,right,0.8736190419949708,None,None,,,,,,,,,,,0,618,618,969,869.7506218330018,,,,,,,,,,,,,,,,,,,,,,,,,,,,,,,,,,,,,,,,,,,,,,,,,,,,,,,,,,,,,,,,869.7424878750026,869.7506218330018,870.2376485410059,870.2376485410059,870.3098126660043,870.3098126660043,870.6283107080017,right,0.8736190419949708,None,870.6284078329991,870.6284481660041,None,,,,,,,,,,,,21049991,0,2025-12-01_13h58.34.105,tilt_mocs,2024.2.4,120.47370212248029,2025-12-01 13h58.42.820009 -0500,
4,0.0,,619,619,0,,,,,,,,,,c+4,noss,0,right,0.8419539159949636,None,None,,,,,,,,,,,0,619,619,975,870.6385655830018,,,,,,,,,,,,,,,,,,,,,,,,,,,,,,,,,,,,,,,,,,,,,,,,,,,,,,,,,,,,,,,,870.6303082080049,870.6385655830018,871.1296512500048,871.1296512500048,871.2047295410011,871.2047295410011,871.4903110410014,right,0.8419539159949636,None,871.4904384160036,871.4904930830016,None,,,,,,,,,,,,21049991,0,2025-12-01_13h58.34.105,tilt_mocs,2024.2.4,120.47370212248029,2025-12-01 13h58.42.820009 -0500,
4,15.0,,620,620,0,,,,,,,,,,c+4,poss,100,right,0.8713774170028046,None,None,,,,,,,,,,,0,620,620,200,871.5010935000028,,,,,,,,,,,,,,,,,,,,,,,,,,,,,,,,,,,,,,,,,,,,,,,,,,,,,,,,,,,,,,,,871.4930627499998,871.5010935000028,871.9877200830015,871.9877200830015,872.0598488329997,872.0598488329997,872.3835564160036,right,0.8713774170028046,None,872.3836587080004,872.3837004160014,None,,,,,,,,,,,,21049991,0,2025-12-01_13h58.34.105,tilt_mocs,2024.2.4,120.47370212248029,2025-12-01 13h58.42.820009 -0500,
-6,-15.0,,621,621,0,,,,,,,,,,c-6,negs,100,left,0.8259749170028954,None,None,,,,,,,,,,,0,621,621,404,872.3905924999999,,,,,,,,,,,,,,,,,,,,,,,,,,,,,,,,,,,,,,,,,,,,,,,,,,,,,,,,,,,,,,,,872.3856420410011,872.3905924999999,872.8797787500007,872.8797787500007,872.9549601250037,872.9549601250037,873.224198666001,left,0.8259749170028954,None,873.2243474580027,873.2243985410023,None,,,,,,,,,,,,21049991,0,2025-12-01_13h58.34.105,tilt_mocs,2024.2.4,120.47370212248029,2025-12-01 13h58.42.820009 -0500,
0,-15.0,,622,622,0,,,,,,,,,,c+0,negs,100,left,0.8400482090000878,None,None,,,,,,,,,,,0,622,622,595,873.2348712500025,,,,,,,,,,,,,,,,,,,,,,,,,,,,,,,,,,,,,,,,,,,,,,,,,,,,,,,,,,,,,,,,873.2270774580029,873.2348712500025,873.7211455409997,873.7211455409997,873.7940382910019,873.7940382910019,874.0783632080056,left,0.8400482090000878,None,874.0784615410012,874.0785042499992,None,,,,,,,,,,,,21049991,0,2025-12-01_13h58.34.105,tilt_mocs,2024.2.4,120.47370212248029,2025-12-01 13h58.42.820009 -0500,
2,15.0,,623,623,0,,,,,,,,,,c+2,poss,100,left,0.9367005839958438,None,None,,,,,,,,,,,0,623,623,129,874.0881480000025,,,,,,,,,,,,,,,,,,,,,,,,,,,,,,,,,,,,,,,,,,,,,,,,,,,,,,,,,,,,,,,,874.080422291001,874.0881480000025,874.5798921250025,874.5798921250025,874.6550043329989,874.6550043329989,875.0286026250033,left,0.9367005839958438,None,875.0287163329995,875.0287595000045,None,,,,,,,,,,,,21049991,0,2025-12-01_13h58.34.105,tilt_mocs,2024.2.4,120.47370212248029,2025-12-01 13h58.42.820009 -0500,
2,0.0,,624,624,0,,,,,,,,,,c+2,noss,0,left,0.9352552079944871,None,None,,,,,,,,,,,0,624,624,915,875.0545803749992,,,,,,,,,,,,,,,,,,,,,,,,,,,,,,,,,,,,,,,,,,,,,,,,,,,,,,,,,,,,,,,,875.0306560410027,875.0545803749992,875.530064041006,875.530064041006,875.6050325000033,875.6050325000033,875.996802665999,left,0.9352552079944871,None,875.9969398750036,875.9969949160004,None,,,,,,,,,,,,21049991,0,2025-12-01_13h58.34.105,tilt_mocs,2024.2.4,120.47370212248029,2025-12-01 13h58.42.820009 -0500,
-6,-15.0,,625,625,0,,,,,,,,,,c-6,negs,100,left,0.9746661669996683,None,None,,,,,,,,,,,0,625,625,443,876.0073572910042,,,,,,,,,,,,,,,,,,,,,,,,,,,,,,,,,,,,,,,,,,,,,,,,,,,,,,,,,,,,,,,,875.9993120409999,876.0073572910042,876.4968756660019,876.4968756660019,876.5715825830048,876.5715825830048,876.9905344580038,left,0.9746661669996683,None,876.9906638329994,876.9907175830012,None,,,,,,,,,,,,21049991,0,2025-12-01_13h58.34.105,tilt_mocs,2024.2.4,120.47370212248029,2025-12-01 13h58.42.820009 -0500,
-4,0.0,,626,626,0,,,,,,,,,,c-4,noss,0,left,0.9219525410007918,None,None,,,,,,,,,,,0,626,626,719,877.0008327079995,,,,,,,,,,,,,,,,,,,,,,,,,,,,,,,,,,,,,,,,,,,,,,,,,,,,,,,,,,,,,,,,876.9927625830023,877.0008327079995,877.4877730830049,877.4877730830049,877.5602541250046,877.5602541250046,877.9286293750047,left,0.9219525410007918,None,877.9287284580059,877.9287848330059,None,,,,,,,,,,,,21049991,0,2025-12-01_13h58.34.105,tilt_mocs,2024.2.4,120.47370212248029,2025-12-01 13h58.42.820009 -0500,
-8,-15.0,,627,627,0,,,,,,,,,,c-8,negs,100,left,0.8929150000039954,None,None,,,,,,,,,,,0,627,627,382,877.9387017910049,,,,,,,,,,,,,,,,,,,,,,,,,,,,,,,,,,,,,,,,,,,,,,,,,,,,,,,,,,,,,,,,877.9306392910003,877.9387017910049,878.4298560410025,878.4298560410025,878.5050619579997,878.5050619579997,878.8405224160015,left,0.8929150000039954,None,878.8406501659993,878.8407038330042,None,,,,,,,,,,,,21049991,0,2025-12-01_13h58.34.105,tilt_mocs,2024.2.4,120.47370212248029,2025-12-01 13h58.42.820009 -0500,
1,0.0,,628,628,0,,,,,,,,,,c+1,noss,0,left,0.8411629160036682,None,None,,,,,,,,,,,0,628,628,851,878.8512113329998,,,,,,,,,,,,,,,,,,,,,,,,,,,,,,,,,,,,,,,,,,,,,,,,,,,,,,,,,,,,,,,,878.8430202500022,878.8512113329998,879.3379342080007,879.3379342080007,879.4101470410023,879.4101470410023,879.6969458330059,left,0.8411629160036682,None,879.6970458750002,879.6970915410056,None,,,,,,,,,,,,21049991,0,2025-12-01_13h58.34.105,tilt_mocs,2024.2.4,120.47370212248029,2025-12-01 13h58.42.820009 -0500,
2,-15.0,,629,629,0,,,,,,,,,,c+2,negs,100,left,0.8976549159997376,None,None,,,,,,,,,,,0,629,629,627,879.7072386250002,,,,,,,,,,,,,,,,,,,,,,,,,,,,,,,,,,,,,,,,,,,,,,,,,,,,,,,,,,,,,,,,879.6989910000048,879.7072386250002,880.1964913330012,880.1964913330012,880.2716147910032,880.2716147910032,880.6075342500044,left,0.8976549159997376,None,880.607694833001,880.607815125004,None,,,,,,,,,,,,21049991,0,2025-12-01_13h58.34.105,tilt_mocs,2024.2.4,120.47370212248029,2025-12-01 13h58.42.820009 -0500,
-2,0.0,,630,630,0,,,,,,,,,,c-2,noss,0,left,0.8461642080001184,None,None,,,,,,,,,,,0,630,630,752,880.6183492500058,,,,,,,,,,,,,,,,,,,,,,,,,,,,,,,,,,,,,,,,,,,,,,,,,,,,,,,,,,,,,,,,880.6102261250053,880.6183492500058,881.1045884160048,881.1045884160048,881.1775492080051,881.1775492080051,881.4740240829997,left,0.8461642080001184,None,881.4741534580025,881.4742070409993,None,,,,,,,,,,,,21049991,0,2025-12-01_13h58.34.105,tilt_mocs,2024.2.4,120.47370212248029,2025-12-01 13h58.42.820009 -0500,
6,15.0,,631,631,0,,,,,,,,,,c+6,poss,100,right,0.8895916249966831,None,None,,,,,,,,,,,0,631,631,240,881.4840950830039,,,,,,,,,,,,,,,,,,,,,,,,,,,,,,,,,,,,,,,,,,,,,,,,,,,,,,,,,,,,,,,,881.4761178330009,881.4840950830039,881.9713188750029,881.9713188750029,882.0432632500015,882.0432632500015,882.3801601660016,right,0.8895916249966831,None,882.3802674160033,882.3803096250049,None,,,,,,,,,,,,21049991,0,2025-12-01_13h58.34.105,tilt_mocs,2024.2.4,120.47370212248029,2025-12-01 13h58.42.820009 -0500,
2,-15.0,,632,632,0,,,,,,,,,,c+2,negs,100,right,0.8333626250023372,None,None,,,,,,,,,,,0,632,632,652,882.390475416003,,,,,,,,,,,,,,,,,,,,,,,,,,,,,,,,,,,,,,,,,,,,,,,,,,,,,,,,,,,,,,,,882.3822175829991,882.390475416003,882.8800655410014,882.8800655410014,882.9551976660005,882.9551976660005,883.2301530830009,right,0.8333626250023372,None,883.2303033330027,883.2303575410042,None,,,,,,,,,,,,21049991,0,2025-12-01_13h58.34.105,tilt_mocs,2024.2.4,120.47370212248029,2025-12-01 13h58.42.820009 -0500,
-1,0.0,,633,633,0,,,,,,,,,,c-1,noss,0,right,0.8527808329963591,None,None,,,,,,,,,,,0,633,633,798,883.2410217910001,,,,,,,,,,,,,,,,,,,,,,,,,,,,,,,,,,,,,,,,,,,,,,,,,,,,,,,,,,,,,,,,883.2327378750051,883.2410217910001,883.7310740829998,883.7310740829998,883.8052476660014,883.8052476660014,884.0964668330053,right,0.8527808329963591,None,884.0965894160036,884.0966419160031,None,,,,,,,,,,,,21049991,0,2025-12-01_13h58.34.105,tilt_mocs,2024.2.4,120.47370212248029,2025-12-01 13h58.42.820009 -0500,
-1,0.0,,634,634,0,,,,,,,,,,c-1,noss,0,left,0.7918537920049857,None,None,,,,,,,,,,,0,634,634,791,884.1069525830026,,,,,,,,,,,,,,,,,,,,,,,,,,,,,,,,,,,,,,,,,,,,,,,,,,,,,,,,,,,,,,,,884.0986037080002,884.1069525830026,884.596843916006,884.596843916006,884.6720400830018,884.6720400830018,884.9074739580028,left,0.7918537920049857,None,884.9075999580018,884.9076529160011,None,,,,,,,,,,,,21049991,0,2025-12-01_13h58.34.105,tilt_mocs,2024.2.4,120.47370212248029,2025-12-01 13h58.42.820009 -0500,
-2,-15.0,,635,635,0,,,,,,,,,,c-2,negs,100,left,0.8208162910013925,None,None,,,,,,,,,,,0,635,635,518,884.9182291250036,,,,,,,,,,,,,,,,,,,,,,,,,,,,,,,,,,,,,,,,,,,,,,,,,,,,,,,,,,,,,,,,884.9099855829991,884.9182291250036,885.4047862910011,885.4047862910011,885.4770631249994,885.4770631249994,885.7417520000017,left,0.8208162910013925,None,885.7419714999996,885.7420622499994,None,,,,,,,,,,,,21049991,0,2025-12-01_13h58.34.105,tilt_mocs,2024.2.4,120.47370212248029,2025-12-01 13h58.42.820009 -0500,
6,15.0,,636,636,0,,,,,,,,,,c+6,poss,100,right,0.946097624997492,None,None,,,,,,,,,,,0,636,636,252,885.752775083005,,,,,,,,,,,,,,,,,,,,,,,,,,,,,,,,,,,,,,,,,,,,,,,,,,,,,,,,,,,,,,,,885.7444188750014,885.752775083005,886.2381357500053,886.2381357500053,886.3110480830001,886.3110480830001,886.7075414580031,right,0.946097624997492,None,886.7076673330012,886.7077210410062,None,,,,,,,,,,,,21049991,0,2025-12-01_13h58.34.105,tilt_mocs,2024.2.4,120.47370212248029,2025-12-01 13h58.42.820009 -0500,
-2,0.0,,637,637,0,,,,,,,,,,c-2,noss,0,right,0.8119117919995915,None,None,,,,,,,,,,,0,637,637,778,886.7181398329994,,,,,,,,,,,,,,,,,,,,,,,,,,,,,,,,,,,,,,,,,,,,,,,,,,,,,,,,,,,,,,,,886.7101411250042,886.7181398329994,887.2047882080005,887.2047882080005,887.2781562910022,887.2781562910022,887.5410357080036,right,0.8119117919995915,None,887.5411657910008,887.5412185000023,None,,,,,,,,,,,,21049991,0,2025-12-01_13h58.34.105,tilt_mocs,2024.2.4,120.47370212248029,2025-12-01 13h58.42.820009 -0500,
8,15.0,,638,638,0,,,,,,,,,,c+8,poss,100,left,0.8749815420014784,None,None,,,,,,,,,,,0,638,638,320,887.5517368330038,,,,,,,,,,,,,,,,,,,,,,,,,,,,,,,,,,,,,,,,,,,,,,,,,,,,,,,,,,,,,,,,887.5436434160001,887.5517368330038,888.0380775830054,888.0380775830054,888.1102215830033,888.1102215830033,888.430239500005,left,0.8749815420014784,None,888.4303375830059,888.4303795830056,None,,,,,,,,,,,,21049991,0,2025-12-01_13h58.34.105,tilt_mocs,2024.2.4,120.47370212248029,2025-12-01 13h58.42.820009 -0500,
-2,-15.0,,639,639,0,,,,,,,,,,c-2,negs,100,left,0.9658299170041573,None,None,,,,,,,,,,,0,639,639,523,888.4405885410015,,,,,,,,,,,,,,,,,,,,,,,,,,,,,,,,,,,,,,,,,,,,,,,,,,,,,,,,,,,,,,,,888.4322604160043,888.4405885410015,888.9310491659999,888.9310491659999,889.0116577910012,889.0116577910012,889.4176007909991,left,0.9658299170041573,None,889.4177032910011,889.4177461660001,None,,,,,,,,,,,,21049991,0,2025-12-01_13h58.34.105,tilt_mocs,2024.2.4,120.47370212248029,2025-12-01 13h58.42.820009 -0500,
-4,-15.0,,640,640,0,,,,,,,,,,c-4,negs,100,left,0.9532012920026318,None,None,,,,,,,,,,,0,640,640,481,889.4242829580035,,,,,,,,,,,,,,,,,,,,,,,,,,,,,,,,,,,,,,,,,,,,,,,,,,,,,,,,,,,,,,,,889.419669916002,889.4242829580035,889.9132566660046,889.9132566660046,889.9887725000008,889.9887725000008,890.3805459159994,left,0.9532012920026318,None,890.3806746250048,890.3807280410037,None,,,,,,,,,,,,21049991,0,2025-12-01_13h58.34.105,tilt_mocs,2024.2.4,120.47370212248029,2025-12-01 13h58.42.820009 -0500,
6,15.0,,641,641,0,,,,,,,,,,c+6,poss,100,right,0.9054818329968839,None,None,,,,,,,,,,,0,641,641,236,890.3911347500034,,,,,,,,,,,,,,,,,,,,,,,,,,,,,,,,,,,,,,,,,,,,,,,,,,,,,,,,,,,,,,,,890.3830648750009,890.3911347500034,890.880877333002,890.880877333002,890.9554500830054,890.9554500830054,891.3076962500054,right,0.9054818329968839,None,891.3078243330019,891.307891291006,None,,,,,,,,,,,,21049991,0,2025-12-01_13h58.34.105,tilt_mocs,2024.2.4,120.47370212248029,2025-12-01 13h58.42.820009 -0500,
-1,0.0,,642,642,0,,,,,,,,,,c-1,noss,0,right,1.0116525419944082,None,None,,,,,,,,,,,0,642,642,820,891.317546708,,,,,,,,,,,,,,,,,,,,,,,,,,,,,,,,,,,,,,,,,,,,,,,,,,,,,,,,,,,,,,,,891.3099264580014,891.317546708,891.8052921250055,891.8052921250055,891.8773200409996,891.8773200409996,892.3408755410055,right,1.0116525419944082,None,892.3409999580035,892.3410526250009,None,,,,,,,,,,,,21049991,0,2025-12-01_13h58.34.105,tilt_mocs,2024.2.4,120.47370212248029,2025-12-01 13h58.42.820009 -0500,
-2,15.0,,643,643,0,,,,,,,,,,c-2,poss,100,left,0.9080208340019453,None,None,,,,,,,,,,,0,643,643,25,892.3513647910004,,,,,,,,,,,,,,,,,,,,,,,,,,,,,,,,,,,,,,,,,,,,,,,,,,,,,,,,,,,,,,,,892.3430540000045,892.3513647910004,892.8382909159991,892.8382909159991,892.910682916001,892.910682916001,893.263380041004,left,0.9080208340019453,None,893.2634980000003,893.2635406250047,None,,,,,,,,,,,,21049991,0,2025-12-01_13h58.34.105,tilt_mocs,2024.2.4,120.47370212248029,2025-12-01 13h58.42.820009 -0500,
-4,-15.0,,644,644,0,,,,,,,,,,c-4,negs,100,left,0.8538939999998547,None,None,,,,,,,,,,,0,644,644,463,893.2741930000047,,,,,,,,,,,,,,,,,,,,,,,,,,,,,,,,,,,,,,,,,,,,,,,,,,,,,,,,,,,,,,,,893.2654834160057,893.2741930000047,893.763829083,893.763829083,893.8390276249993,893.8390276249993,894.1310119580012,left,0.8538939999998547,None,894.1311527910002,894.1312067910039,None,,,,,,,,,,,,21049991,0,2025-12-01_13h58.34.105,tilt_mocs,2024.2.4,120.47370212248029,2025-12-01 13h58.42.820009 -0500,
1,0.0,,645,645,0,,,,,,,,,,c+1,noss,0,right,0.9814288330017007,None,None,,,,,,,,,,,0,645,645,889,894.1412403330032,,,,,,,,,,,,,,,,,,,,,,,,,,,,,,,,,,,,,,,,,,,,,,,,,,,,,,,,,,,,,,,,894.1332295000029,894.1412403330032,894.6301961249992,894.6301961249992,894.7058916660026,894.7058916660026,895.1259259159997,right,0.9814288330017007,None,895.1260670830015,895.1261218750005,None,,,,,,,,,,,,21049991,0,2025-12-01_13h58.34.105,tilt_mocs,2024.2.4,120.47370212248029,2025-12-01 13h58.42.820009 -0500,
4,0.0,,646,646,0,,,,,,,,,,c+4,noss,0,left,0.03943045799678657,None,None,,,,,,,,,,,0,646,646,989,895.1374848330015,,,,,,,,,,,,,,,,,,,,,,,,,,,,,,,,,,,,,,,,,,,,,,,,,,,,,,,,,,,,,,,,895.1291362500051,895.1374848330015,,,,,895.1793608330045,left,0.03943045799678657,None,895.1794562499999,895.1794972499993,None,,,,,,,,,,,,21049991,0,2025-12-01_13h58.34.105,tilt_mocs,2024.2.4,120.47370212248029,2025-12-01 13h58.42.820009 -0500,
8,15.0,,647,647,0,,,,,,,,,,c+8,poss,100,left,0.8447054580028635,None,None,,,,,,,,,,,0,647,647,328,895.1891890410043,,,,,,,,,,,,,,,,,,,,,,,,,,,,,,,,,,,,,,,,,,,,,,,,,,,,,,,,,,,,,,,,895.181364832999,895.1891890410043,895.6811785829996,895.6811785829996,895.7557117079996,895.7557117079996,896.0411840410015,left,0.8447054580028635,None,896.0413121660022,896.0413665830056,None,,,,,,,,,,,,21049991,0,2025-12-01_13h58.34.105,tilt_mocs,2024.2.4,120.47370212248029,2025-12-01 13h58.42.820009 -0500,
-4,-15.0,,648,648,0,,,,,,,,,,c-4,negs,100,left,0.8875683750011376,None,None,,,,,,,,,,,0,648,648,476,896.0513782910057,,,,,,,,,,,,,,,,,,,,,,,,,,,,,,,,,,,,,,,,,,,,,,,,,,,,,,,,,,,,,,,,896.0433400410038,896.0513782910057,896.538689208006,896.538689208006,896.6109175830061,896.6109175830061,896.9417590000012,left,0.8875683750011376,None,896.9419271660008,896.9419822910058,None,,,,,,,,,,,,21049991,0,2025-12-01_13h58.34.105,tilt_mocs,2024.2.4,120.47370212248029,2025-12-01 13h58.42.820009 -0500,
-2,-15.0,,649,649,0,,,,,,,,,,c-2,negs,100,left,0.9040459169991664,None,None,,,,,,,,,,,0,649,649,542,896.9527542080032,,,,,,,,,,,,,,,,,,,,,,,,,,,,,,,,,,,,,,,,,,,,,,,,,,,,,,,,,,,,,,,,896.9443041250051,896.9527542080032,897.4385509160056,897.4385509160056,897.5106255830033,897.5106255830033,897.8630330410015,left,0.9040459169991664,None,897.863155250001,897.8632067910003,None,,,,,,,,,,,,21049991,0,2025-12-01_13h58.34.105,tilt_mocs,2024.2.4,120.47370212248029,2025-12-01 13h58.42.820009 -0500,
4,15.0,,650,650,0,,,,,,,,,,c+4,poss,100,left,1.0653426669960027,None,None,,,,,,,,,,,0,650,650,209,897.8739897910054,,,,,,,,,,,,,,,,,,,,,,,,,,,,,,,,,,,,,,,,,,,,,,,,,,,,,,,,,,,,,,,,897.8653181250047,897.8739897910054,898.3638133749992,898.3638133749992,898.4392888750008,898.4392888750008,898.9418382500007,left,1.0653426669960027,None,898.9419648750045,898.9420174160041,None,,,,,,,,,,,,21049991,0,2025-12-01_13h58.34.105,tilt_mocs,2024.2.4,120.47370212248029,2025-12-01 13h58.42.820009 -0500,
-6,-15.0,,651,651,0,,,,,,,,,,c-6,negs,100,left,0.9671412079987931,None,None,,,,,,,,,,,0,651,651,410,898.9521771660002,,,,,,,,,,,,,,,,,,,,,,,,,,,,,,,,,,,,,,,,,,,,,,,,,,,,,,,,,,,,,,,,898.9439930000008,898.9521771660002,899.4385444580039,899.4385444580039,899.5108096250042,899.5108096250042,899.9252410830013,left,0.9671412079987931,None,899.9253817909994,899.9254412500013,None,,,,,,,,,,,,21049991,0,2025-12-01_13h58.34.105,tilt_mocs,2024.2.4,120.47370212248029,2025-12-01 13h58.42.820009 -0500,
2,-15.0,,652,652,0,,,,,,,,,,c+2,negs,100,right,1.023323707995587,None,None,,,,,,,,,,,0,652,652,644,899.9358442500015,,,,,,,,,,,,,,,,,,,,,,,,,,,,,,,,,,,,,,,,,,,,,,,,,,,,,,,,,,,,,,,,899.9276154580002,899.9358442500015,900.4211865830002,900.4211865830002,900.4942103330031,900.4942103330031,900.9632874160015,right,1.023323707995587,None,900.9634102500058,900.9634608750057,None,,,,,,,,,,,,21049991,0,2025-12-01_13h58.34.105,tilt_mocs,2024.2.4,120.47370212248029,2025-12-01 13h58.42.820009 -0500,
-2,15.0,,653,653,0,,,,,,,,,,c-2,poss,100,left,0.9846332500019344,None,None,,,,,,,,,,,0,653,653,53,900.9888588329995,,,,,,,,,,,,,,,,,,,,,,,,,,,,,,,,,,,,,,,,,,,,,,,,,,,,,,,,,,,,,,,,900.9653994160035,900.9888588329995,901.463657666005,901.463657666005,901.5391610000006,901.5391610000006,901.9850968329993,left,0.9846332500019344,None,901.985202833006,901.9852437500012,None,,,,,,,,,,,,21049991,0,2025-12-01_13h58.34.105,tilt_mocs,2024.2.4,120.47370212248029,2025-12-01 13h58.42.820009 -0500,
-6,-15.0,,654,654,0,,,,,,,,,,c-6,negs,100,left,1.0256195420006406,None,None,,,,,,,,,,,0,654,654,428,901.9917012910009,,,,,,,,,,,,,,,,,,,,,,,,,,,,,,,,,,,,,,,,,,,,,,,,,,,,,,,,,,,,,,,,901.987146833002,901.9917012910009,902.4813650409997,902.4813650409997,902.5560097500056,902.5560097500056,903.0248217500048,left,1.0256195420006406,None,903.0249446660018,903.024987290999,None,,,,,,,,,,,,21049991,0,2025-12-01_13h58.34.105,tilt_mocs,2024.2.4,120.47370212248029,2025-12-01 13h58.42.820009 -0500,
0,-15.0,,655,655,0,,,,,,,,,,c+0,negs,100,right,1.042492915999901,None,None,,,,,,,,,,,0,655,655,562,903.0350719580019,,,,,,,,,,,,,,,,,,,,,,,,,,,,,,,,,,,,,,,,,,,,,,,,,,,,,,,,,,,,,,,,903.0268532080008,903.0350719580019,903.5219845829997,903.5219845829997,903.5951983330015,903.5951983330015,904.0800906660006,right,1.042492915999901,None,904.0801895410041,904.0802305830002,None,,,,,,,,,,,,21049991,0,2025-12-01_13h58.34.105,tilt_mocs,2024.2.4,120.47370212248029,2025-12-01 13h58.42.820009 -0500,
-2,-15.0,,656,656,0,,,,,,,,,,c-2,negs,100,left,1.0514363330003107,None,None,,,,,,,,,,,0,656,656,548,904.1056049580002,,,,,,,,,,,,,,,,,,,,,,,,,,,,,,,,,,,,,,,,,,,,,,,,,,,,,,,,,,,,,,,,904.0820888750022,904.1056049580002,904.5810148750024,904.5810148750024,904.6559057080012,904.6559057080012,905.1678401660029,left,1.0514363330003107,None,905.167942291002,905.167983916006,None,,,,,,,,,,,,21049991,0,2025-12-01_13h58.34.105,tilt_mocs,2024.2.4,120.47370212248029,2025-12-01 13h58.42.820009 -0500,
0,-15.0,,657,657,0,,,,,,,,,,c+0,negs,100,right,1.027298916997097,None,None,,,,,,,,,,,0,657,657,584,905.174647083004,,,,,,,,,,,,,,,,,,,,,,,,,,,,,,,,,,,,,,,,,,,,,,,,,,,,,,,,,,,,,,,,905.1698942080038,905.174647083004,905.6646391250033,905.6646391250033,905.7394407500033,905.7394407500033,906.2083354160059,right,1.027298916997097,None,906.2084380000015,906.2084789159999,None,,,,,,,,,,,,21049991,0,2025-12-01_13h58.34.105,tilt_mocs,2024.2.4,120.47370212248029,2025-12-01 13h58.42.820009 -0500,
-4,0.0,,658,658,0,,,,,,,,,,c-4,noss,0,left,0.9878073750005569,None,None,,,,,,,,,,,0,658,658,720,906.2183604580059,,,,,,,,,,,,,,,,,,,,,,,,,,,,,,,,,,,,,,,,,,,,,,,,,,,,,,,,,,,,,,,,906.2103670830038,906.2183604580059,906.7054528750014,906.7054528750014,906.777704125001,906.777704125001,907.2087285830057,left,0.9878073750005569,None,907.2089053330055,907.2089572500045,None,,,,,,,,,,,,21049991,0,2025-12-01_13h58.34.105,tilt_mocs,2024.2.4,120.47370212248029,2025-12-01 13h58.42.820009 -0500,
1,0.0,,659,659,0,,,,,,,,,,c+1,noss,0,right,0.9246661249999306,None,None,,,,,,,,,,,0,659,659,853,907.2206549580005,,,,,,,,,,,,,,,,,,,,,,,,,,,,,,,,,,,,,,,,,,,,,,,,,,,,,,,,,,,,,,,,907.2122659580054,907.2206549580005,907.7055568330034,907.7055568330034,907.7778421250041,907.7778421250041,908.1566436659996,right,0.9246661249999306,None,908.1567448330024,908.1567862910015,None,,,,,,,,,,,,21049991,0,2025-12-01_13h58.34.105,tilt_mocs,2024.2.4,120.47370212248029,2025-12-01 13h58.42.820009 -0500,
-2,0.0,,660,660,0,,,,,,,,,,c-2,noss,0,left,0.942686333997699,None,None,,,,,,,,,,,0,660,660,736,908.1641704580034,,,,,,,,,,,,,,,,,,,,,,,,,,,,,,,,,,,,,,,,,,,,,,,,,,,,,,,,,,,,,,,,908.1586257910021,908.1641704580034,908.6485440410033,908.6485440410033,908.7226979160041,908.7226979160041,909.1100617500051,left,0.942686333997699,None,909.1102031250048,909.1102600410013,None,,,,,,,,,,,,21049991,0,2025-12-01_13h58.34.105,tilt_mocs,2024.2.4,120.47370212248029,2025-12-01 13h58.42.820009 -0500,
2,0.0,,661,661,0,,,,,,,,,,c+2,noss,0,left,0.9486546670013922,None,None,,,,,,,,,,,0,661,661,929,909.1205655410013,,,,,,,,,,,,,,,,,,,,,,,,,,,,,,,,,,,,,,,,,,,,,,,,,,,,,,,,,,,,,,,,909.1128205830028,909.1205655410013,909.6055933750031,909.6055933750031,909.6788712910056,909.6788712910056,910.074918833001,left,0.9486546670013922,None,910.0750396250005,910.0750930830036,None,,,,,,,,,,,,21049991,0,2025-12-01_13h58.34.105,tilt_mocs,2024.2.4,120.47370212248029,2025-12-01 13h58.42.820009 -0500,
2,0.0,,662,662,0,,,,,,,,,,c+2,noss,0,right,1.2623859169980278,None,None,,,,,,,,,,,0,662,662,936,910.0854478750043,,,,,,,,,,,,,,,,,,,,,,,,,,,,,,,,,,,,,,,,,,,,,,,,,,,,,,,,,,,,,,,,910.0771219580056,910.0854478750043,910.572302790999,910.572302790999,910.6452497499995,910.6452497499995,911.3583572499992,right,1.2623859169980278,None,911.35847775,911.3585292909993,None,,,,,,,,,,,,21049991,0,2025-12-01_13h58.34.105,tilt_mocs,2024.2.4,120.47370212248029,2025-12-01 13h58.42.820009 -0500,
-1,0.0,,663,663,0,,,,,,,,,,c-1,noss,0,left,1.0096484170062467,None,None,,,,,,,,,,,0,663,663,792,911.3686744160004,,,,,,,,,,,,,,,,,,,,,,,,,,,,,,,,,,,,,,,,,,,,,,,,,,,,,,,,,,,,,,,,911.3608072080024,911.3686744160004,911.8555957909994,911.8555957909994,911.9283829580017,911.9283829580017,912.3808970829996,left,1.0096484170062467,None,912.3810035830029,912.3810607910054,None,,,,,,,,,,,,21049991,0,2025-12-01_13h58.34.105,tilt_mocs,2024.2.4,120.47370212248029,2025-12-01 13h58.42.820009 -0500,
-8,-15.0,,664,664,0,,,,,,,,,,c-8,negs,100,left,1.0579212080047,None,None,,,,,,,,,,,0,664,664,374,912.3912428330004,,,,,,,,,,,,,,,,,,,,,,,,,,,,,,,,,,,,,,,,,,,,,,,,,,,,,,,,,,,,,,,,912.3829601660036,912.3912428330004,912.8815885000004,912.8815885000004,912.9562580410056,912.9562580410056,913.4586532500034,left,1.0579212080047,None,913.458852415999,913.4589090000009,None,,,,,,,,,,,,21049991,0,2025-12-01_13h58.34.105,tilt_mocs,2024.2.4,120.47370212248029,2025-12-01 13h58.42.820009 -0500,
0,15.0,,665,665,0,,,,,,,,,,c+0,poss,100,left,1.0724738749995595,None,None,,,,,,,,,,,0,665,665,70,913.4698867080006,,,,,,,,,,,,,,,,,,,,,,,,,,,,,,,,,,,,,,,,,,,,,,,,,,,,,,,,,,,,,,,,913.4615313750037,913.4698867080006,913.955748791006,913.955748791006,914.0282577500038,914.0282577500038,914.5483430410022,left,1.0724738749995595,None,914.5484437500054,914.5484874579997,None,,,,,,,,,,,,21049991,0,2025-12-01_13h58.34.105,tilt_mocs,2024.2.4,120.47370212248029,2025-12-01 13h58.42.820009 -0500,
-1,0.0,,666,666,0,,,,,,,,,,c-1,noss,0,left,1.0844879580035922,None,None,,,,,,,,,,,0,666,666,799,914.5585892080053,,,,,,,,,,,,,,,,,,,,,,,,,,,,,,,,,,,,,,,,,,,,,,,,,,,,,,,,,,,,,,,,914.5504219580034,914.5585892080053,915.0476111250027,915.0476111250027,915.1229633330004,915.1229633330004,915.6474916250008,left,1.0844879580035922,None,915.6475886660046,915.647629416002,None,,,,,,,,,,,,21049991,0,2025-12-01_13h58.34.105,tilt_mocs,2024.2.4,120.47370212248029,2025-12-01 13h58.42.820009 -0500,
-2,-15.0,,667,667,0,,,,,,,,,,c-2,negs,100,left,0.9811991669994313,None,None,,,,,,,,,,,0,667,667,526,915.6581807910043,,,,,,,,,,,,,,,,,,,,,,,,,,,,,,,,,,,,,,,,,,,,,,,,,,,,,,,,,,,,,,,,915.6495025830009,915.6581807910043,916.1483110410045,916.1483110410045,916.2229729579994,916.2229729579994,916.641893333006,left,0.9811991669994313,None,916.6420553330026,916.6421405000001,None,,,,,,,,,,,,21049991,0,2025-12-01_13h58.34.105,tilt_mocs,2024.2.4,120.47370212248029,2025-12-01 13h58.42.820009 -0500,
0,15.0,,668,668,0,,,,,,,,,,c+0,poss,100,left,0.9834264579985756,None,None,,,,,,,,,,,0,668,668,83,916.6530859160048,,,,,,,,,,,,,,,,,,,,,,,,,,,,,,,,,,,,,,,,,,,,,,,,,,,,,,,,,,,,,,,,916.6448196250058,916.6530859160048,917.1392980000019,917.1392980000019,917.2119168749996,917.2119168749996,917.6417608750053,left,0.9834264579985756,None,917.6418634580041,917.6419060000044,None,,,,,,,,,,,,21049991,0,2025-12-01_13h58.34.105,tilt_mocs,2024.2.4,120.47370212248029,2025-12-01 13h58.42.820009 -0500,
2,15.0,,669,669,0,,,,,,,,,,c+2,poss,100,left,0.8586312920015189,None,None,,,,,,,,,,,0,669,669,164,917.6518301660035,,,,,,,,,,,,,,,,,,,,,,,,,,,,,,,,,,,,,,,,,,,,,,,,,,,,,,,,,,,,,,,,917.6438133750053,917.6518301660035,918.1391431660013,918.1391431660013,918.2116491660054,918.2116491660054,918.5139224160012,left,0.8586312920015189,None,918.5140447500016,918.5140957910044,None,,,,,,,,,,,,21049991,0,2025-12-01_13h58.34.105,tilt_mocs,2024.2.4,120.47370212248029,2025-12-01 13h58.42.820009 -0500,
2,-15.0,,670,670,0,,,,,,,,,,c+2,negs,100,left,0.8824972080037696,None,None,,,,,,,,,,,0,670,670,648,918.5246504579991,,,,,,,,,,,,,,,,,,,,,,,,,,,,,,,,,,,,,,,,,,,,,,,,,,,,,,,,,,,,,,,,918.5162832080023,918.5246504579991,919.0147290000023,919.0147290000023,919.0897668329999,919.0897668329999,919.4180881659995,left,0.8824972080037696,None,919.4181880830001,919.4182293330014,None,,,,,,,,,,,,21049991,0,2025-12-01_13h58.34.105,tilt_mocs,2024.2.4,120.47370212248029,2025-12-01 13h58.42.820009 -0500,
1,0.0,,671,671,0,,,,,,,,,,c+1,noss,0,right,0.9258873329963535,None,None,,,,,,,,,,,0,671,671,883,919.4254675000047,,,,,,,,,,,,,,,,,,,,,,,,,,,,,,,,,,,,,,,,,,,,,,,,,,,,,,,,,,,,,,,,919.4201325410031,919.4254675000047,919.9139898330031,919.9139898330031,919.9898936250029,919.9898936250029,920.3589461660013,right,0.9258873329963535,None,920.3591029160016,920.359159915999,None,,,,,,,,,,,,21049991,0,2025-12-01_13h58.34.105,tilt_mocs,2024.2.4,120.47370212248029,2025-12-01 13h58.42.820009 -0500,
4,0.0,,672,672,0,,,,,,,,,,c+4,noss,0,right,0.8582751249996363,None,None,,,,,,,,,,,0,672,672,981,920.3707846660036,,,,,,,,,,,,,,,,,,,,,,,,,,,,,,,,,,,,,,,,,,,,,,,,,,,,,,,,,,,,,,,,920.362387041001,920.3707846660036,920.8559804160031,920.8559804160031,920.9282792080048,920.9282792080048,921.231435791,right,0.8582751249996363,None,921.2315369580028,921.2315797080009,None,,,,,,,,,,,,21049991,0,2025-12-01_13h58.34.105,tilt_mocs,2024.2.4,120.47370212248029,2025-12-01 13h58.42.820009 -0500,
-2,-15.0,,673,673,0,,,,,,,,,,c-2,negs,100,right,1.0556960419999086,None,None,,,,,,,,,,,0,673,673,543,921.2418605000057,,,,,,,,,,,,,,,,,,,,,,,,,,,,,,,,,,,,,,,,,,,,,,,,,,,,,,,,,,,,,,,,921.2334598750022,921.2418605000057,921.7324796660032,921.7324796660032,921.806553416005,921.806553416005,922.3086059580019,right,1.0556960419999086,None,922.3087310410046,922.3087826660048,None,,,,,,,,,,,,21049991,0,2025-12-01_13h58.34.105,tilt_mocs,2024.2.4,120.47370212248029,2025-12-01 13h58.42.820009 -0500,
-6,-15.0,,674,674,0,,,,,,,,,,c-6,negs,100,left,1.1095272919992567,None,None,,,,,,,,,,,0,674,674,395,922.3190420410028,,,,,,,,,,,,,,,,,,,,,,,,,,,,,,,,,,,,,,,,,,,,,,,,,,,,,,,,,,,,,,,,922.3109085000033,922.3190420410028,922.8061424160041,922.8061424160041,922.8788651659997,922.8788651659997,923.4306466660055,left,1.1095272919992567,None,923.4307440830016,923.4307847080054,None,,,,,,,,,,,,21049991,0,2025-12-01_13h58.34.105,tilt_mocs,2024.2.4,120.47370212248029,2025-12-01 13h58.42.820009 -0500,
1,0.0,,675,675,0,,,,,,,,,,c+1,noss,0,left,1.1690834170003654,None,None,,,,,,,,,,,0,675,675,882,923.4562507500013,,,,,,,,,,,,,,,,,,,,,,,,,,,,,,,,,,,,,,,,,,,,,,,,,,,,,,,,,,,,,,,,923.4326362080028,923.4562507500013,923.9317054580024,923.9317054580024,924.0065984160028,924.0065984160028,924.630915665999,left,1.1690834170003654,None,924.6310223330001,924.6310676249996,None,,,,,,,,,,,,21049991,0,2025-12-01_13h58.34.105,tilt_mocs,2024.2.4,120.47370212248029,2025-12-01 13h58.42.820009 -0500,
-2,0.0,,676,676,0,,,,,,,,,,c-2,noss,0,left,1.0483138330018846,None,None,,,,,,,,,,,0,676,676,774,924.6416467910021,,,,,,,,,,,,,,,,,,,,,,,,,,,,,,,,,,,,,,,,,,,,,,,,,,,,,,,,,,,,,,,,924.6330342080037,924.6416467910021,925.1314507909992,925.1314507909992,925.2066598750025,925.2066598750025,925.6924290829993,left,1.0483138330018846,None,925.6925957500061,925.692650791003,None,,,,,,,,,,,,21049991,0,2025-12-01_13h58.34.105,tilt_mocs,2024.2.4,120.47370212248029,2025-12-01 13h58.42.820009 -0500,
0,15.0,,677,677,0,,,,,,,,,,c+0,poss,100,left,0.9285143329980201,None,None,,,,,,,,,,,0,677,677,79,925.7035959160057,,,,,,,,,,,,,,,,,,,,,,,,,,,,,,,,,,,,,,,,,,,,,,,,,,,,,,,,,,,,,,,,925.6954662499993,925.7035959160057,926.1895705000061,926.1895705000061,926.2615084999998,926.2615084999998,926.6429812499991,left,0.9285143329980201,None,926.6431292910056,926.643187791,None,,,,,,,,,,,,21049991,0,2025-12-01_13h58.34.105,tilt_mocs,2024.2.4,120.47370212248029,2025-12-01 13h58.42.820009 -0500,
-6,-15.0,,678,678,0,,,,,,,,,,c-6,negs,100,left,0.9045032909998554,None,None,,,,,,,,,,,0,678,678,400,926.6541228749993,,,,,,,,,,,,,,,,,,,,,,,,,,,,,,,,,,,,,,,,,,,,,,,,,,,,,,,,,,,,,,,,926.6457152080038,926.6541228749993,927.1385997910038,927.1385997910038,927.2118865000011,927.2118865000011,927.5634482910027,left,0.9045032909998554,None,927.5635477500036,927.563590333004,None,,,,,,,,,,,,21049991,0,2025-12-01_13h58.34.105,tilt_mocs,2024.2.4,120.47370212248029,2025-12-01 13h58.42.820009 -0500,
2,15.0,,679,679,0,,,,,,,,,,c+2,poss,100,left,0.8952362080017338,None,None,,,,,,,,,,,0,679,679,153,927.5736461250053,,,,,,,,,,,,,,,,,,,,,,,,,,,,,,,,,,,,,,,,,,,,,,,,,,,,,,,,,,,,,,,,927.5654523750054,927.5736461250053,928.0661267500036,928.0661267500036,928.1400792080021,928.1400792080021,928.4753505410044,left,0.8952362080017338,None,928.4754569580036,928.4754985410036,None,,,,,,,,,,,,21049991,0,2025-12-01_13h58.34.105,tilt_mocs,2024.2.4,120.47370212248029,2025-12-01 13h58.42.820009 -0500,
-4,-15.0,,680,680,0,,,,,,,,,,c-4,negs,100,left,0.9050368340031127,None,None,,,,,,,,,,,0,680,680,477,928.4853345830052,,,,,,,,,,,,,,,,,,,,,,,,,,,,,,,,,,,,,,,,,,,,,,,,,,,,,,,,,,,,,,,,928.4773751250032,928.4853345830052,928.9730149579991,928.9730149579991,929.0460689160027,929.0460689160027,929.3929053750035,left,0.9050368340031127,None,929.393033791006,929.3930882080022,None,,,,,,,,,,,,21049991,0,2025-12-01_13h58.34.105,tilt_mocs,2024.2.4,120.47370212248029,2025-12-01 13h58.42.820009 -0500,
4,15.0,,681,681,0,,,,,,,,,,c+4,poss,100,left,0.9502886249974836,None,None,,,,,,,,,,,0,681,681,191,929.4032744580036,,,,,,,,,,,,,,,,,,,,,,,,,,,,,,,,,,,,,,,,,,,,,,,,,,,,,,,,,,,,,,,,929.3951008330041,929.4032744580036,929.8896102500003,929.8896102500003,929.961787500004,929.961787500004,930.3588619580041,left,0.9502886249974836,None,930.3589646660039,930.359005958002,None,,,,,,,,,,,,21049991,0,2025-12-01_13h58.34.105,tilt_mocs,2024.2.4,120.47370212248029,2025-12-01 13h58.42.820009 -0500,
1,0.0,,682,682,0,,,,,,,,,,c+1,noss,0,right,0.9881896669976413,None,None,,,,,,,,,,,0,682,682,842,930.3686576660039,,,,,,,,,,,,,,,,,,,,,,,,,,,,,,,,,,,,,,,,,,,,,,,,,,,,,,,,,,,,,,,,930.3608815830012,930.3686576660039,930.8563964160057,930.8563964160057,930.9283344580035,930.9283344580035,931.3593151250025,right,0.9881896669976413,None,931.3594260829996,931.3594730000041,None,,,,,,,,,,,,21049991,0,2025-12-01_13h58.34.105,tilt_mocs,2024.2.4,120.47370212248029,2025-12-01 13h58.42.820009 -0500,
2,15.0,,683,683,0,,,,,,,,,,c+2,poss,100,right,0.9139619580018916,None,None,,,,,,,,,,,0,683,683,114,931.3694007910017,,,,,,,,,,,,,,,,,,,,,,,,,,,,,,,,,,,,,,,,,,,,,,,,,,,,,,,,,,,,,,,,931.3614688330053,931.3694007910017,931.8563358750034,931.8563358750034,931.9286588750037,931.9286588750037,932.2923741250052,right,0.9139619580018916,None,932.2925019579998,932.2925542500016,None,,,,,,,,,,,,21049991,0,2025-12-01_13h58.34.105,tilt_mocs,2024.2.4,120.47370212248029,2025-12-01 13h58.42.820009 -0500,
-2,0.0,,684,684,0,,,,,,,,,,c-2,noss,0,left,1.0250202910028747,None,None,,,,,,,,,,,0,684,684,748,932.3025777500006,,,,,,,,,,,,,,,,,,,,,,,,,,,,,,,,,,,,,,,,,,,,,,,,,,,,,,,,,,,,,,,,932.2945034580043,932.3025777500006,932.7897050829997,932.7897050829997,932.8618836250025,932.8618836250025,933.331178583001,left,1.0250202910028747,None,933.3313029580022,933.3313571250037,None,,,,,,,,,,,,21049991,0,2025-12-01_13h58.34.105,tilt_mocs,2024.2.4,120.47370212248029,2025-12-01 13h58.42.820009 -0500,
-2,15.0,,685,685,0,,,,,,,,,,c-2,poss,100,left,0.8984838749966002,None,None,,,,,,,,,,,0,685,685,39,933.3421947500028,,,,,,,,,,,,,,,,,,,,,,,,,,,,,,,,,,,,,,,,,,,,,,,,,,,,,,,,,,,,,,,,933.3334930410056,933.3421947500028,933.832276125002,933.832276125002,933.9068479160051,933.9068479160051,934.2431957500012,left,0.8984838749966002,None,934.2433365410034,934.2433910410036,None,,,,,,,,,,,,21049991,0,2025-12-01_13h58.34.105,tilt_mocs,2024.2.4,120.47370212248029,2025-12-01 13h58.42.820009 -0500,
-8,-15.0,,686,686,0,,,,,,,,,,c-8,negs,100,left,0.9069952080026269,None,None,,,,,,,,,,,0,686,686,350,934.2540325410009,,,,,,,,,,,,,,,,,,,,,,,,,,,,,,,,,,,,,,,,,,,,,,,,,,,,,,,,,,,,,,,,934.2458340830053,934.2540325410009,934.7398541660004,934.7398541660004,934.8127031250042,934.8127031250042,935.164270291003,left,0.9069952080026269,None,935.1643677910033,935.1644075830045,None,,,,,,,,,,,,21049991,0,2025-12-01_13h58.34.105,tilt_mocs,2024.2.4,120.47370212248029,2025-12-01 13h58.42.820009 -0500,
-2,15.0,,687,687,0,,,,,,,,,,c-2,poss,100,left,0.8737497499969322,None,None,,,,,,,,,,,0,687,687,9,935.1898693750045,,,,,,,,,,,,,,,,,,,,,,,,,,,,,,,,,,,,,,,,,,,,,,,,,,,,,,,,,,,,,,,,935.1663112500028,935.1898693750045,935.6653330000045,935.6653330000045,935.7403485410032,935.7403485410032,936.073873207999,left,0.8737497499969322,None,936.0739777910057,936.0740215000042,None,,,,,,,,,,,,21049991,0,2025-12-01_13h58.34.105,tilt_mocs,2024.2.4,120.47370212248029,2025-12-01 13h58.42.820009 -0500,
-2,-15.0,,688,688,0,,,,,,,,,,c-2,negs,100,left,0.922289959002228,None,None,,,,,,,,,,,0,688,688,553,936.0811007910015,,,,,,,,,,,,,,,,,,,,,,,,,,,,,,,,,,,,,,,,,,,,,,,,,,,,,,,,,,,,,,,,936.0759305410029,936.0811007910015,936.5654377079991,936.5654377079991,936.640257291001,936.640257291001,937.0092846250045,left,0.922289959002228,None,937.0094125410033,937.0094649160019,None,,,,,,,,,,,,21049991,0,2025-12-01_13h58.34.105,tilt_mocs,2024.2.4,120.47370212248029,2025-12-01 13h58.42.820009 -0500,
-2,15.0,,689,689,0,,,,,,,,,,c-2,poss,100,left,0.8707453750030254,None,None,,,,,,,,,,,0,689,689,42,937.0195051660048,,,,,,,,,,,,,,,,,,,,,,,,,,,,,,,,,,,,,,,,,,,,,,,,,,,,,,,,,,,,,,,,937.0116304580006,937.0195051660048,937.5068089580018,937.5068089580018,937.5785650000034,937.5785650000034,937.8932311250028,left,0.8707453750030254,None,937.8933721249996,937.8934265409989,None,,,,,,,,,,,,21049991,0,2025-12-01_13h58.34.105,tilt_mocs,2024.2.4,120.47370212248029,2025-12-01 13h58.42.820009 -0500,
2,-15.0,,690,690,0,,,,,,,,,,c+2,negs,100,right,1.0152424170009908,None,None,,,,,,,,,,,0,690,690,620,937.9040162500023,,,,,,,,,,,,,,,,,,,,,,,,,,,,,,,,,,,,,,,,,,,,,,,,,,,,,,,,,,,,,,,,937.8957309160032,937.9040162500023,938.389888083002,938.389888083002,938.4618247910039,938.4618247910039,938.925836541006,right,1.0152424170009908,None,938.9259614580005,938.9260122080013,None,,,,,,,,,,,,21049991,0,2025-12-01_13h58.34.105,tilt_mocs,2024.2.4,120.47370212248029,2025-12-01 13h58.42.820009 -0500,
0,15.0,,691,691,0,,,,,,,,,,c+0,poss,100,right,0.8403758749991539,None,None,,,,,,,,,,,0,691,691,104,938.9364756659998,,,,,,,,,,,,,,,,,,,,,,,,,,,,,,,,,,,,,,,,,,,,,,,,,,,,,,,,,,,,,,,,938.9280670000007,938.9364756659998,939.4234197910046,939.4234197910046,939.4956092080029,939.4956092080029,939.781346415999,right,0.8403758749991539,None,939.7814477080028,939.7814885830012,None,,,,,,,,,,,,21049991,0,2025-12-01_13h58.34.105,tilt_mocs,2024.2.4,120.47370212248029,2025-12-01 13h58.42.820009 -0500,
2,0.0,,692,692,0,,,,,,,,,,c+2,noss,0,right,0.9128819999968982,None,None,,,,,,,,,,,0,692,692,896,939.8068694579997,,,,,,,,,,,,,,,,,,,,,,,,,,,,,,,,,,,,,,,,,,,,,,,,,,,,,,,,,,,,,,,,939.7833611250026,939.8068694579997,940.2823532080001,940.2823532080001,940.357178582999,940.357178582999,940.7259623330028,right,0.9128819999968982,None,940.7260627080032,940.7261180830028,None,,,,,,,,,,,,21049991,0,2025-12-01_13h58.34.105,tilt_mocs,2024.2.4,120.47370212248029,2025-12-01 13h58.42.820009 -0500,
6,15.0,,693,693,0,,,,,,,,,,c+6,poss,100,right,0.8817857920003007,None,None,,,,,,,,,,,0,693,693,272,940.7362237080015,,,,,,,,,,,,,,,,,,,,,,,,,,,,,,,,,,,,,,,,,,,,,,,,,,,,,,,,,,,,,,,,940.7279945830014,940.7362237080015,941.2234627500002,941.2234627500002,941.2953320000015,941.2953320000015,941.6262517080031,right,0.8817857920003007,None,941.6263187910008,941.6263369580047,None,,,,,,,,,,,,21049991,0,2025-12-01_13h58.34.105,tilt_mocs,2024.2.4,120.47370212248029,2025-12-01 13h58.42.820009 -0500,
2,15.0,,694,694,0,,,,,,,,,,c+2,poss,100,right,0.868654375000915,None,None,,,,,,,,,,,0,694,694,150,941.6332143330001,,,,,,,,,,,,,,,,,,,,,,,,,,,,,,,,,,,,,,,,,,,,,,,,,,,,,,,,,,,,,,,,941.627183083001,941.6332143330001,942.1233343330023,942.1233343330023,942.1954730409998,942.1954730409998,942.5100552080039,right,0.868654375000915,None,942.5103302499992,942.5104226660042,None,,,,,,,,,,,,21049991,0,2025-12-01_13h58.34.105,tilt_mocs,2024.2.4,120.47370212248029,2025-12-01 13h58.42.820009 -0500,
2,0.0,,695,695,0,,,,,,,,,,c+2,noss,0,right,0.8258224579985836,None,None,,,,,,,,,,,0,695,695,927,942.5210969580003,,,,,,,,,,,,,,,,,,,,,,,,,,,,,,,,,,,,,,,,,,,,,,,,,,,,,,,,,,,,,,,,942.5127667500055,942.5210969580003,943.0067461250001,943.0067461250001,943.0798873330059,943.0798873330059,943.3594228750007,right,0.8258224579985836,None,943.3595520000017,943.3596046660023,None,,,,,,,,,,,,21049991,0,2025-12-01_13h58.34.105,tilt_mocs,2024.2.4,120.47370212248029,2025-12-01 13h58.42.820009 -0500,
0,-15.0,,696,696,0,,,,,,,,,,c+0,negs,100,right,0.8037672499995097,None,None,,,,,,,,,,,0,696,696,574,943.3703149159992,,,,,,,,,,,,,,,,,,,,,,,,,,,,,,,,,,,,,,,,,,,,,,,,,,,,,,,,,,,,,,,,943.3619399160016,943.3703149159992,943.8568474160056,943.8568474160056,943.929014375004,943.929014375004,944.1764602080002,right,0.8037672499995097,None,944.1765860410014,944.1766396660023,None,,,,,,,,,,,,21049991,0,2025-12-01_13h58.34.105,tilt_mocs,2024.2.4,120.47370212248029,2025-12-01 13h58.42.820009 -0500,
4,0.0,,697,697,0,,,,,,,,,,c+4,noss,0,right,0.7997388750009122,None,None,,,,,,,,,,,0,697,697,956,944.1869507910014,,,,,,,,,,,,,,,,,,,,,,,,,,,,,,,,,,,,,,,,,,,,,,,,,,,,,,,,,,,,,,,,944.1787427910022,944.1869507910014,944.6736130830031,944.6736130830031,944.7456181250018,944.7456181250018,944.9922018330035,right,0.7997388750009122,None,944.9923010000057,944.9923422909997,None,,,,,,,,,,,,21049991,0,2025-12-01_13h58.34.105,tilt_mocs,2024.2.4,120.47370212248029,2025-12-01 13h58.42.820009 -0500,
8,15.0,,698,698,0,,,,,,,,,,c+8,poss,100,right,0.738701583002694,None,None,,,,,,,,,,,0,698,698,333,945.0025073330035,,,,,,,,,,,,,,,,,,,,,,,,,,,,,,,,,,,,,,,,,,,,,,,,,,,,,,,,,,,,,,,,944.9942432910029,945.0025073330035,945.4909279160056,945.4909279160056,945.562967458005,945.562967458005,945.7522342500015,right,0.738701583002694,None,945.7523346250018,945.7523757500021,None,,,,,,,,,,,,21049991,0,2025-12-01_13h58.34.105,tilt_mocs,2024.2.4,120.47370212248029,2025-12-01 13h58.42.820009 -0500,
0,15.0,,699,699,0,,,,,,,,,,c+0,poss,100,right,0.7527025830058847,None,None,,,,,,,,,,,0,699,699,107,945.7598270830058,,,,,,,,,,,,,,,,,,,,,,,,,,,,,,,,,,,,,,,,,,,,,,,,,,,,,,,,,,,,,,,,945.7542535829998,945.7598270830058,946.2502785830002,946.2502785830002,946.3242042080019,946.3242042080019,946.515451791005,right,0.7527025830058847,None,946.5155714580033,946.5156244160025,None,,,,,,,,,,,,21049991,0,2025-12-01_13h58.34.105,tilt_mocs,2024.2.4,120.47370212248029,2025-12-01 13h58.42.820009 -0500,
-2,-15.0,,700,700,0,,,,,,,,,,c-2,negs,100,right,0.7549809170013759,None,None,,,,,,,,,,,0,700,700,508,946.5259566250024,,,,,,,,,,,,,,,,,,,,,,,,,,,,,,,,,,,,,,,,,,,,,,,,,,,,,,,,,,,,,,,,946.5175167500056,946.5259566250024,947.0159872500008,947.0159872500008,947.0905694579997,947.0905694579997,947.2936005410011,right,0.7549809170013759,None,947.2937422079995,947.293796416001,None,,,,,,,,,,,,21049991,0,2025-12-01_13h58.34.105,tilt_mocs,2024.2.4,120.47370212248029,2025-12-01 13h58.42.820009 -0500,
-2,0.0,,701,701,0,,,,,,,,,,c-2,noss,0,right,0.7535612499996205,None,None,,,,,,,,,,,0,701,701,757,947.3042560410031,,,,,,,,,,,,,,,,,,,,,,,,,,,,,,,,,,,,,,,,,,,,,,,,,,,,,,,,,,,,,,,,947.2959100000007,947.3042560410031,947.7901583330022,947.7901583330022,947.8621069159999,947.8621069159999,948.060305250001,right,0.7535612499996205,None,948.0604380830046,948.0604940830017,None,,,,,,,,,,,,21049991,0,2025-12-01_13h58.34.105,tilt_mocs,2024.2.4,120.47370212248029,2025-12-01 13h58.42.820009 -0500,
-2,15.0,,702,702,0,,,,,,,,,,c-2,poss,100,left,0.7953210830019088,None,None,,,,,,,,,,,0,702,702,43,948.0710463750002,,,,,,,,,,,,,,,,,,,,,,,,,,,,,,,,,,,,,,,,,,,,,,,,,,,,,,,,,,,,,,,,948.0628635829999,948.0710463750002,948.5571592500055,948.5571592500055,948.6293212910023,948.6293212910023,948.876281583005,left,0.7953210830019088,None,948.8764085410003,948.8764615000036,None,,,,,,,,,,,,21049991,0,2025-12-01_13h58.34.105,tilt_mocs,2024.2.4,120.47370212248029,2025-12-01 13h58.42.820009 -0500,
-6,-15.0,,703,703,0,,,,,,,,,,c-6,negs,100,right,0.7806354999993346,None,None,,,,,,,,,,,0,703,703,447,948.8867690000043,,,,,,,,,,,,,,,,,,,,,,,,,,,,,,,,,,,,,,,,,,,,,,,,,,,,,,,,,,,,,,,,948.8785500830054,948.8867690000043,949.373761750001,949.373761750001,949.4455879580055,949.4455879580055,949.6768462079999,right,0.7806354999993346,None,949.6770007500018,949.6770583329999,None,,,,,,,,,,,,21049991,0,2025-12-01_13h58.34.105,tilt_mocs,2024.2.4,120.47370212248029,2025-12-01 13h58.42.820009 -0500,
4,0.0,,704,704,0,,,,,,,,,,c+4,noss,0,left,0.739770457999839,None,None,,,,,,,,,,,0,704,704,964,949.6875052500036,,,,,,,,,,,,,,,,,,,,,,,,,,,,,,,,,,,,,,,,,,,,,,,,,,,,,,,,,,,,,,,,949.6793265000015,949.6875052500036,950.1736219160011,950.1736219160011,950.2460734580018,950.2460734580018,950.4313202080011,left,0.739770457999839,None,950.431443458001,950.431496707999,None,,,,,,,,,,,,21049991,0,2025-12-01_13h58.34.105,tilt_mocs,2024.2.4,120.47370212248029,2025-12-01 13h58.42.820009 -0500,
1,0.0,,705,705,0,,,,,,,,,,c+1,noss,0,left,0.9672194580052746,None,None,,,,,,,,,,,0,705,705,870,950.457170833004,,,,,,,,,,,,,,,,,,,,,,,,,,,,,,,,,,,,,,,,,,,,,,,,,,,,,,,,,,,,,,,,950.4334741250059,950.457170833004,950.9325130830039,950.9325130830039,951.0076512910018,951.0076512910018,951.4268798750054,left,0.9672194580052746,None,951.4270085000026,951.4270618750015,None,,,,,,,,,,,,21049991,0,2025-12-01_13h58.34.105,tilt_mocs,2024.2.4,120.47370212248029,2025-12-01 13h58.42.820009 -0500,
-2,-15.0,,706,706,0,,,,,,,,,,c-2,negs,100,left,0.9635815410001669,None,None,,,,,,,,,,,0,706,706,539,951.4373481250004,,,,,,,,,,,,,,,,,,,,,,,,,,,,,,,,,,,,,,,,,,,,,,,,,,,,,,,,,,,,,,,,951.4294663330002,951.4373481250004,951.9237132910057,951.9237132910057,951.9958824160058,951.9958824160058,952.4097862080016,left,0.9635815410001669,None,952.4099608329998,952.4100549580035,None,,,,,,,,,,,,21049991,0,2025-12-01_13h58.34.105,tilt_mocs,2024.2.4,120.47370212248029,2025-12-01 13h58.42.820009 -0500,
-8,-15.0,,707,707,0,,,,,,,,,,c-8,negs,100,left,0.8149957909990917,None,None,,,,,,,,,,,0,707,707,338,952.4205345830051,,,,,,,,,,,,,,,,,,,,,,,,,,,,,,,,,,,,,,,,,,,,,,,,,,,,,,,,,,,,,,,,952.4124795410025,952.4205345830051,952.9071420410037,952.9071420410037,952.9792607080017,952.9792607080017,953.2431216660043,left,0.8149957909990917,None,953.243249500003,953.2433032910048,None,,,,,,,,,,,,21049991,0,2025-12-01_13h58.34.105,tilt_mocs,2024.2.4,120.47370212248029,2025-12-01 13h58.42.820009 -0500,
2,15.0,,708,708,0,,,,,,,,,,c+2,poss,100,right,1.1730062089991407,None,None,,,,,,,,,,,0,708,708,113,953.2540538750036,,,,,,,,,,,,,,,,,,,,,,,,,,,,,,,,,,,,,,,,,,,,,,,,,,,,,,,,,,,,,,,,953.2456972080035,953.2540538750036,953.7404261660049,953.7404261660049,953.8126998750013,953.8126998750013,954.4322976250041,right,1.1730062089991407,None,954.4324275000035,954.4324895000027,None,,,,,,,,,,,,21049991,0,2025-12-01_13h58.34.105,tilt_mocs,2024.2.4,120.47370212248029,2025-12-01 13h58.42.820009 -0500,
-4,-15.0,,709,709,0,,,,,,,,,,c-4,negs,100,left,0.9645285840015276,None,None,,,,,,,,,,,0,709,709,471,954.4430463329991,,,,,,,,,,,,,,,,,,,,,,,,,,,,,,,,,,,,,,,,,,,,,,,,,,,,,,,,,,,,,,,,954.4346234160039,954.4430463329991,954.9339742080047,954.9339742080047,955.0077094160006,955.0077094160006,955.4100647500018,left,0.9645285840015276,None,955.4101932910053,955.4102477910055,None,,,,,,,,,,,,21049991,0,2025-12-01_13h58.34.105,tilt_mocs,2024.2.4,120.47370212248029,2025-12-01 13h58.42.820009 -0500,
-4,0.0,,710,710,0,,,,,,,,,,c-4,noss,0,left,0.837741500006814,None,None,,,,,,,,,,,0,710,710,717,955.4206764160044,,,,,,,,,,,,,,,,,,,,,,,,,,,,,,,,,,,,,,,,,,,,,,,,,,,,,,,,,,,,,,,,955.4126283330042,955.4206764160044,955.9071570000015,955.9071570000015,955.9790410830028,955.9790410830028,956.2692907910023,left,0.837741500006814,None,956.2693866250047,956.269427625004,None,,,,,,,,,,,,21049991,0,2025-12-01_13h58.34.105,tilt_mocs,2024.2.4,120.47370212248029,2025-12-01 13h58.42.820009 -0500,
-8,-15.0,,711,711,0,,,,,,,,,,c-8,negs,100,left,0.9272964170013438,None,None,,,,,,,,,,,0,711,711,383,956.276796750004,,,,,,,,,,,,,,,,,,,,,,,,,,,,,,,,,,,,,,,,,,,,,,,,,,,,,,,,,,,,,,,,956.2713532910057,956.276796750004,956.7660443330024,956.7660443330024,956.8409728750048,956.8409728750048,957.2101135410048,left,0.9272964170013438,None,957.2102709579995,957.2103249159991,None,,,,,,,,,,,,21049991,0,2025-12-01_13h58.34.105,tilt_mocs,2024.2.4,120.47370212248029,2025-12-01 13h58.42.820009 -0500,
-8,-15.0,,712,712,0,,,,,,,,,,c-8,negs,100,left,0.7729328339992207,None,None,,,,,,,,,,,0,712,712,347,957.2215731660035,,,,,,,,,,,,,,,,,,,,,,,,,,,,,,,,,,,,,,,,,,,,,,,,,,,,,,,,,,,,,,,,957.2130103330055,957.2215731660035,957.707265916004,957.707265916004,957.7795174999992,957.7795174999992,957.9991836250047,left,0.7729328339992207,None,957.9992849160044,957.9993264160003,None,,,,,,,,,,,,21049991,0,2025-12-01_13h58.34.105,tilt_mocs,2024.2.4,120.47370212248029,2025-12-01 13h58.42.820009 -0500,
-2,-15.0,,713,713,0,,,,,,,,,,c-2,negs,100,left,0.8153877910008305,None,None,,,,,,,,,,,0,713,713,521,958.009306333006,,,,,,,,,,,,,,,,,,,,,,,,,,,,,,,,,,,,,,,,,,,,,,,,,,,,,,,,,,,,,,,,958.0011758330002,958.009306333006,958.4995380410037,958.4995380410037,958.574598625004,958.574598625004,958.8272577910029,left,0.8153877910008305,None,958.8274267500019,958.8274777910046,None,,,,,,,,,,,,21049991,0,2025-12-01_13h58.34.105,tilt_mocs,2024.2.4,120.47370212248029,2025-12-01 13h58.42.820009 -0500,
2,0.0,,714,714,0,,,,,,,,,,c+2,noss,0,left,0.7692477919990779,None,None,,,,,,,,,,,0,714,714,948,958.8384243750043,,,,,,,,,,,,,,,,,,,,,,,,,,,,,,,,,,,,,,,,,,,,,,,,,,,,,,,,,,,,,,,,958.8300882080002,958.8384243750043,959.3239611250028,959.3239611250028,959.3960210410005,959.3960210410005,959.6104291660013,left,0.7692477919990779,None,959.6105711250057,959.6106286659997,None,,,,,,,,,,,,21049991,0,2025-12-01_13h58.34.105,tilt_mocs,2024.2.4,120.47370212248029,2025-12-01 13h58.42.820009 -0500,
0,-15.0,,715,715,0,,,,,,,,,,c+0,negs,100,left,0.7703739589996985,None,None,,,,,,,,,,,0,715,715,600,959.6208925410028,,,,,,,,,,,,,,,,,,,,,,,,,,,,,,,,,,,,,,,,,,,,,,,,,,,,,,,,,,,,,,,,959.6125982910016,959.6208925410028,960.1074759160038,960.1074759160038,960.179428250005,960.179428250005,960.393781083003,left,0.7703739589996985,None,960.3939059160039,960.3939592910028,None,,,,,,,,,,,,21049991,0,2025-12-01_13h58.34.105,tilt_mocs,2024.2.4,120.47370212248029,2025-12-01 13h58.42.820009 -0500,
-1,0.0,,716,716,0,,,,,,,,,,c-1,noss,0,left,0.7338950839985046,None,None,,,,,,,,,,,0,716,716,807,960.4042877500033,,,,,,,,,,,,,,,,,,,,,,,,,,,,,,,,,,,,,,,,,,,,,,,,,,,,,,,,,,,,,,,,960.396293333004,960.4042877500033,960.8908010410014,960.8908010410014,960.9625638750003,960.9625638750003,961.1434131249989,left,0.7338950839985046,None,961.1435371250045,961.1435889999993,None,,,,,,,,,,,,21049991,0,2025-12-01_13h58.34.105,tilt_mocs,2024.2.4,120.47370212248029,2025-12-01 13h58.42.820009 -0500,
2,0.0,,717,717,0,,,,,,,,,,c+2,noss,0,left,0.7718332080039545,None,None,,,,,,,,,,,0,717,717,907,961.1539034160014,,,,,,,,,,,,,,,,,,,,,,,,,,,,,,,,,,,,,,,,,,,,,,,,,,,,,,,,,,,,,,,,961.1459727910042,961.1539034160014,961.6407955410032,961.6407955410032,961.7135883750016,961.7135883750016,961.9377221660034,left,0.7718332080039545,None,961.9378365410012,961.9378778329992,None,,,,,,,,,,,,21049991,0,2025-12-01_13h58.34.105,tilt_mocs,2024.2.4,120.47370212248029,2025-12-01 13h58.42.820009 -0500,
-2,0.0,,718,718,0,,,,,,,,,,c-2,noss,0,left,0.7363305409962777,None,None,,,,,,,,,,,0,718,718,770,961.9444052079998,,,,,,,,,,,,,,,,,,,,,,,,,,,,,,,,,,,,,,,,,,,,,,,,,,,,,,,,,,,,,,,,961.9397147910058,961.9444052079998,962.4328799159994,962.4328799159994,962.5079603330014,962.5079603330014,962.6830698750055,left,0.7363305409962777,None,962.6831975000023,962.6832502079997,None,,,,,,,,,,,,21049991,0,2025-12-01_13h58.34.105,tilt_mocs,2024.2.4,120.47370212248029,2025-12-01 13h58.42.820009 -0500,
4,0.0,,719,719,0,,,,,,,,,,c+4,noss,0,left,0.7482574579989887,None,None,,,,,,,,,,,0,719,719,953,962.6934630830001,,,,,,,,,,,,,,,,,,,,,,,,,,,,,,,,,,,,,,,,,,,,,,,,,,,,,,,,,,,,,,,,962.6851568330021,962.6934630830001,963.1837300830011,963.1837300830011,963.258008708006,963.258008708006,963.4448822500053,left,0.7482574579989887,None,963.4450164160007,963.4450803330037,None,,,,,,,,,,,,21049991,0,2025-12-01_13h58.34.105,tilt_mocs,2024.2.4,120.47370212248029,2025-12-01 13h58.42.820009 -0500,
0,15.0,,720,720,0,,,,,,,,,,c+0,poss,100,left,0.7267033330062986,None,None,,,,,,,,,,,0,720,720,103,963.4551768750025,,,,,,,,,,,,,,,,,,,,,,,,,,,,,,,,,,,,,,,,,,,,,,,,,,,,,,,,,,,,,,,,963.4471230830022,963.4551768750025,963.9407061660022,963.9407061660022,964.012843125005,964.012843125005,964.1939979160015,left,0.7267033330062986,None,964.1941450830054,964.1941992909997,None,,,,,,,,,,,,21049991,0,2025-12-01_13h58.34.105,tilt_mocs,2024.2.4,120.47370212248029,2025-12-01 13h58.42.820009 -0500,
2,15.0,,721,721,0,,,,,,,,,,c+2,poss,100,left,0.7592608330014627,None,None,,,,,,,,,,,0,721,721,122,964.2043006250024,,,,,,,,,,,,,,,,,,,,,,,,,,,,,,,,,,,,,,,,,,,,,,,,,,,,,,,,,,,,,,,,964.1963489160044,964.2043006250024,964.6910802910061,964.6910802910061,964.763458458001,964.763458458001,964.966297291001,left,0.7592608330014627,None,964.9664440000051,964.9665078329999,None,,,,,,,,,,,,21049991,0,2025-12-01_13h58.34.105,tilt_mocs,2024.2.4,120.47370212248029,2025-12-01 13h58.42.820009 -0500,
-2,0.0,,722,722,0,,,,,,,,,,c-2,noss,0,left,0.7780911250010831,None,None,,,,,,,,,,,0,722,722,759,964.9768838330056,,,,,,,,,,,,,,,,,,,,,,,,,,,,,,,,,,,,,,,,,,,,,,,,,,,,,,,,,,,,,,,,964.9685718330002,964.9768838330056,965.4670102910022,965.4670102910022,965.5414087079989,965.5414087079989,965.760207916006,left,0.7780911250010831,None,965.7603327079996,965.7603748330002,None,,,,,,,,,,,,21049991,0,2025-12-01_13h58.34.105,tilt_mocs,2024.2.4,120.47370212248029,2025-12-01 13h58.42.820009 -0500,
-2,0.0,,723,723,0,,,,,,,,,,c-2,noss,0,left,0.7877366669999901,None,None,,,,,,,,,,,0,723,723,734,965.7701767079998,,,,,,,,,,,,,,,,,,,,,,,,,,,,,,,,,,,,,,,,,,,,,,,,,,,,,,,,,,,,,,,,965.7622330410013,965.7701767079998,966.256633625002,966.256633625002,966.3305048750044,966.3305048750044,966.5603539160002,left,0.7877366669999901,None,966.5604793330058,966.5605310410028,None,,,,,,,,,,,,21049991,0,2025-12-01_13h58.34.105,tilt_mocs,2024.2.4,120.47370212248029,2025-12-01 13h58.42.820009 -0500,
-6,-15.0,,724,724,0,,,,,,,,,,c-6,negs,100,left,0.746023416002572,None,None,,,,,,,,,,,0,724,724,431,966.5711335410015,,,,,,,,,,,,,,,,,,,,,,,,,,,,,,,,,,,,,,,,,,,,,,,,,,,,,,,,,,,,,,,,966.5629381250037,966.5711335410015,967.0576649580034,967.0576649580034,967.1309306660041,967.1309306660041,967.3268627080033,left,0.746023416002572,None,967.3269663329993,967.3270091250015,None,,,,,,,,,,,,21049991,0,2025-12-01_13h58.34.105,tilt_mocs,2024.2.4,120.47370212248029,2025-12-01 13h58.42.820009 -0500,
4,0.0,,725,725,0,,,,,,,,,,c+4,noss,0,left,0.7751767919980921,None,None,,,,,,,,,,,0,725,725,996,967.3374820000026,,,,,,,,,,,,,,,,,,,,,,,,,,,,,,,,,,,,,,,,,,,,,,,,,,,,,,,,,,,,,,,,967.3293306660053,967.3374820000026,967.824317999999,967.824317999999,967.8967829579997,967.8967829579997,968.1156640410045,left,0.7751767919980921,None,968.1158066659991,968.1158678749998,None,,,,,,,,,,,,21049991,0,2025-12-01_13h58.34.105,tilt_mocs,2024.2.4,120.47370212248029,2025-12-01 13h58.42.820009 -0500,
-2,15.0,,726,726,0,,,,,,,,,,c-2,poss,100,right,0.7734104580013081,None,None,,,,,,,,,,,0,726,726,4,968.1266928330006,,,,,,,,,,,,,,,,,,,,,,,,,,,,,,,,,,,,,,,,,,,,,,,,,,,,,,,,,,,,,,,,968.1181604580051,968.1266928330006,968.6164480000007,968.6164480000007,968.6915409580033,968.6915409580033,968.9105773750052,right,0.7734104580013081,None,968.9107295409995,968.9108151660039,None,,,,,,,,,,,,21049991,0,2025-12-01_13h58.34.105,tilt_mocs,2024.2.4,120.47370212248029,2025-12-01 13h58.42.820009 -0500,
-4,0.0,,727,727,0,,,,,,,,,,c-4,noss,0,left,0.7556913330045063,None,None,,,,,,,,,,,0,727,727,726,968.9211615000022,,,,,,,,,,,,,,,,,,,,,,,,,,,,,,,,,,,,,,,,,,,,,,,,,,,,,,,,,,,,,,,,968.9131649160045,968.9211615000022,969.4070685830011,969.4070685830011,969.4801345000014,969.4801345000014,969.6820831250006,left,0.7556913330045063,None,969.6822048750037,969.6822488329999,None,,,,,,,,,,,,21049991,0,2025-12-01_13h58.34.105,tilt_mocs,2024.2.4,120.47370212248029,2025-12-01 13h58.42.820009 -0500,
-4,-15.0,,728,728,0,,,,,,,,,,c-4,negs,100,left,0.8086812080000527,None,None,,,,,,,,,,,0,728,728,502,969.7077429580022,,,,,,,,,,,,,,,,,,,,,,,,,,,,,,,,,,,,,,,,,,,,,,,,,,,,,,,,,,,,,,,,969.6841733750043,969.7077429580022,970.1843370830029,970.1843370830029,970.2582536660047,970.2582536660047,970.5268873750028,left,0.8086812080000527,None,970.5270146660041,970.527069541,None,,,,,,,,,,,,21049991,0,2025-12-01_13h58.34.105,tilt_mocs,2024.2.4,120.47370212248029,2025-12-01 13h58.42.820009 -0500,
2,15.0,,729,729,0,,,,,,,,,,c+2,poss,100,right,0.7955282500042813,None,None,,,,,,,,,,,0,729,729,142,970.5375790410035,,,,,,,,,,,,,,,,,,,,,,,,,,,,,,,,,,,,,,,,,,,,,,,,,,,,,,,,,,,,,,,,970.5293660829993,970.5375790410035,971.0244957079994,971.0244957079994,971.0965411249999,971.0965411249999,971.343364332999,right,0.7955282500042813,None,971.3434889580021,971.343532333005,None,,,,,,,,,,,,21049991,0,2025-12-01_13h58.34.105,tilt_mocs,2024.2.4,120.47370212248029,2025-12-01 13h58.42.820009 -0500,
0,-15.0,,730,730,0,,,,,,,,,,c+0,negs,100,left,0.7398065829984262,None,None,,,,,,,,,,,0,730,730,582,971.3533044159994,,,,,,,,,,,,,,,,,,,,,,,,,,,,,,,,,,,,,,,,,,,,,,,,,,,,,,,,,,,,,,,,971.3454324580016,971.3533044159994,971.8410554580041,971.8410554580041,971.9131087080023,971.9131087080023,972.0986183749992,left,0.7398065829984262,None,972.0987483330027,972.0988020000004,None,,,,,,,,,,,,21049991,0,2025-12-01_13h58.34.105,tilt_mocs,2024.2.4,120.47370212248029,2025-12-01 13h58.42.820009 -0500,
-4,-15.0,,731,731,0,,,,,,,,,,c-4,negs,100,left,0.7786208329998772,None,None,,,,,,,,,,,0,731,731,458,972.108666125001,,,,,,,,,,,,,,,,,,,,,,,,,,,,,,,,,,,,,,,,,,,,,,,,,,,,,,,,,,,,,,,,972.1006947909991,972.108666125001,972.5996737500027,972.5996737500027,972.674913791001,972.674913791001,972.8941500410001,left,0.7786208329998772,None,972.8942991250005,972.8943589160044,None,,,,,,,,,,,,21049991,0,2025-12-01_13h58.34.105,tilt_mocs,2024.2.4,120.47370212248029,2025-12-01 13h58.42.820009 -0500,
-1,0.0,,732,732,0,,,,,,,,,,c-1,noss,0,left,0.7972986669992679,None,None,,,,,,,,,,,0,732,732,823,972.9050535830029,,,,,,,,,,,,,,,,,,,,,,,,,,,,,,,,,,,,,,,,,,,,,,,,,,,,,,,,,,,,,,,,972.8965666660006,972.9050535830029,973.3910594160043,973.3910594160043,973.4630115830005,973.4630115830005,973.7105070830003,left,0.7972986669992679,None,973.7106724580008,973.7107327910053,None,,,,,,,,,,,,21049991,0,2025-12-01_13h58.34.105,tilt_mocs,2024.2.4,120.47370212248029,2025-12-01 13h58.42.820009 -0500,
-4,-15.0,,733,733,0,,,,,,,,,,c-4,negs,100,left,0.8375397919953684,None,None,,,,,,,,,,,0,733,733,449,973.721443541006,,,,,,,,,,,,,,,,,,,,,,,,,,,,,,,,,,,,,,,,,,,,,,,,,,,,,,,,,,,,,,,,973.7133547500052,973.721443541006,974.2079542499996,974.2079542499996,974.2807873749989,974.2807873749989,974.5617257080012,left,0.8375397919953684,None,974.5618949160053,974.5620573750057,None,,,,,,,,,,,,21049991,0,2025-12-01_13h58.34.105,tilt_mocs,2024.2.4,120.47370212248029,2025-12-01 13h58.42.820009 -0500,
-8,-15.0,,734,734,0,,,,,,,,,,c-8,negs,100,left,0.7816812919991207,None,None,,,,,,,,,,,0,734,734,379,974.5727279160055,,,,,,,,,,,,,,,,,,,,,,,,,,,,,,,,,,,,,,,,,,,,,,,,,,,,,,,,,,,,,,,,974.5645152910001,974.5727279160055,975.0578947079994,975.0578947079994,975.1306647500023,975.1306647500023,975.3604086250052,left,0.7816812919991207,None,975.3605146660047,975.3605563750025,None,,,,,,,,,,,,21049991,0,2025-12-01_13h58.34.105,tilt_mocs,2024.2.4,120.47370212248029,2025-12-01 13h58.42.820009 -0500,
-8,-15.0,,735,735,0,,,,,,,,,,c-8,negs,100,left,0.7676987500017276,None,None,,,,,,,,,,,0,735,735,339,975.3705347499999,,,,,,,,,,,,,,,,,,,,,,,,,,,,,,,,,,,,,,,,,,,,,,,,,,,,,,,,,,,,,,,,975.3624767500005,975.3705347499999,975.8579034580034,975.8579034580034,975.9304524580002,975.9304524580002,976.1447781250026,left,0.7676987500017276,None,976.1449282500034,976.1449844160015,None,,,,,,,,,,,,21049991,0,2025-12-01_13h58.34.105,tilt_mocs,2024.2.4,120.47370212248029,2025-12-01 13h58.42.820009 -0500,
-4,-15.0,,736,736,0,,,,,,,,,,c-4,negs,100,left,0.8372357499974896,None,None,,,,,,,,,,,0,736,736,480,976.1553570410033,,,,,,,,,,,,,,,,,,,,,,,,,,,,,,,,,,,,,,,,,,,,,,,,,,,,,,,,,,,,,,,,976.1471304580045,976.1553570410033,976.6413389580048,976.6413389580048,976.7133852500046,976.7133852500046,977.0033717500046,left,0.8372357499974896,None,977.003469041003,977.0035107080039,None,,,,,,,,,,,,21049991,0,2025-12-01_13h58.34.105,tilt_mocs,2024.2.4,120.47370212248029,2025-12-01 13h58.42.820009 -0500,
6,15.0,,737,737,0,,,,,,,,,,c+6,poss,100,left,0.8057471249994705,None,None,,,,,,,,,,,0,737,737,264,977.010385833004,,,,,,,,,,,,,,,,,,,,,,,,,,,,,,,,,,,,,,,,,,,,,,,,,,,,,,,,,,,,,,,,977.0054115410021,977.010385833004,977.4999758750055,977.4999758750055,977.5752295000057,977.5752295000057,977.8274527079993,left,0.8057471249994705,None,977.8275903329995,977.8276452499995,None,,,,,,,,,,,,21049991,0,2025-12-01_13h58.34.105,tilt_mocs,2024.2.4,120.47370212248029,2025-12-01 13h58.42.820009 -0500,
6,15.0,,738,738,0,,,,,,,,,,c+6,poss,100,right,0.7628982500027632,None,None,,,,,,,,,,,0,738,738,239,977.8384095830042,,,,,,,,,,,,,,,,,,,,,,,,,,,,,,,,,,,,,,,,,,,,,,,,,,,,,,,,,,,,,,,,977.8301156660018,977.8384095830042,978.3246231660014,978.3246231660014,978.3965551250003,978.3965551250003,978.6106346250017,right,0.7628982500027632,None,978.6107669580015,978.610819708003,None,,,,,,,,,,,,21049991,0,2025-12-01_13h58.34.105,tilt_mocs,2024.2.4,120.47370212248029,2025-12-01 13h58.42.820009 -0500,
1,0.0,,739,739,0,,,,,,,,,,c+1,noss,0,right,0.7602030830021249,None,None,,,,,,,,,,,0,739,739,840,978.6215253750051,,,,,,,,,,,,,,,,,,,,,,,,,,,,,,,,,,,,,,,,,,,,,,,,,,,,,,,,,,,,,,,,978.6133159160017,978.6215253750051,979.1081108750004,979.1081108750004,979.180311832999,979.180311832999,979.3941511660014,right,0.7602030830021249,None,979.3942774160023,979.3943315409997,None,,,,,,,,,,,,21049991,0,2025-12-01_13h58.34.105,tilt_mocs,2024.2.4,120.47370212248029,2025-12-01 13h58.42.820009 -0500,
-6,-15.0,,740,740,0,,,,,,,,,,c-6,negs,100,left,1.0100593749957625,None,None,,,,,,,,,,,0,740,740,409,979.405111,,,,,,,,,,,,,,,,,,,,,,,,,,,,,,,,,,,,,,,,,,,,,,,,,,,,,,,,,,,,,,,,979.3967221250059,979.405111,979.8913930410054,979.8913930410054,979.9639638750014,979.9639638750014,980.4275053750025,left,1.0100593749957625,None,980.4276302080034,980.4276865409993,None,,,,,,,,,,,,21049991,0,2025-12-01_13h58.34.105,tilt_mocs,2024.2.4,120.47370212248029,2025-12-01 13h58.42.820009 -0500,
0,-15.0,,741,741,0,,,,,,,,,,c+0,negs,100,right,0.8405757090004045,None,None,,,,,,,,,,,0,741,741,565,980.4378480410014,,,,,,,,,,,,,,,,,,,,,,,,,,,,,,,,,,,,,,,,,,,,,,,,,,,,,,,,,,,,,,,,980.4298986659996,980.4378480410014,980.9248977910029,980.9248977910029,980.9967530409995,980.9967530409995,981.2825683750052,right,0.8405757090004045,None,981.2826951660027,981.2827513330049,None,,,,,,,,,,,,21049991,0,2025-12-01_13h58.34.105,tilt_mocs,2024.2.4,120.47370212248029,2025-12-01 13h58.42.820009 -0500,
-2,15.0,,742,742,0,,,,,,,,,,c-2,poss,100,left,0.8459005410040845,None,None,,,,,,,,,,,0,742,742,6,981.2938757500015,,,,,,,,,,,,,,,,,,,,,,,,,,,,,,,,,,,,,,,,,,,,,,,,,,,,,,,,,,,,,,,,981.2849184580045,981.2938757500015,981.7842107079996,981.7842107079996,981.8587014580044,981.8587014580044,982.1440847500053,left,0.8459005410040845,None,982.1442107500043,982.1442632079998,None,,,,,,,,,,,,21049991,0,2025-12-01_13h58.34.105,tilt_mocs,2024.2.4,120.47370212248029,2025-12-01 13h58.42.820009 -0500,
2,0.0,,743,743,0,,,,,,,,,,c+2,noss,0,right,0.8240801659994759,None,None,,,,,,,,,,,0,743,743,905,982.1548749580033,,,,,,,,,,,,,,,,,,,,,,,,,,,,,,,,,,,,,,,,,,,,,,,,,,,,,,,,,,,,,,,,982.146664083004,982.1548749580033,982.641526708001,982.641526708001,982.7143676660053,982.7143676660053,982.9828944160035,right,0.8240801659994759,None,982.983016916005,982.9830792080029,None,,,,,,,,,,,,21049991,0,2025-12-01_13h58.34.105,tilt_mocs,2024.2.4,120.47370212248029,2025-12-01 13h58.42.820009 -0500,
-4,0.0,,744,744,0,,,,,,,,,,c-4,noss,0,left,0.7983004579946282,None,None,,,,,,,,,,,0,744,744,676,982.9939682500044,,,,,,,,,,,,,,,,,,,,,,,,,,,,,,,,,,,,,,,,,,,,,,,,,,,,,,,,,,,,,,,,982.9850205000039,982.9939682500044,983.4835723330034,983.4835723330034,983.5586453750002,983.5586453750002,983.7952837080011,left,0.7983004579946282,None,983.795427750003,983.7954895410003,None,,,,,,,,,,,,21049991,0,2025-12-01_13h58.34.105,tilt_mocs,2024.2.4,120.47370212248029,2025-12-01 13h58.42.820009 -0500,
8,15.0,,745,745,0,,,,,,,,,,c+8,poss,100,right,0.7832257499976549,None,None,,,,,,,,,,,0,745,745,335,983.8059226250043,,,,,,,,,,,,,,,,,,,,,,,,,,,,,,,,,,,,,,,,,,,,,,,,,,,,,,,,,,,,,,,,983.7975819999992,983.8059226250043,984.2918735830026,984.2918735830026,984.3635135830045,984.3635135830045,984.5943487500044,right,0.7832257499976549,None,984.594472290999,984.5945237080014,None,,,,,,,,,,,,21049991,0,2025-12-01_13h58.34.105,tilt_mocs,2024.2.4,120.47370212248029,2025-12-01 13h58.42.820009 -0500,
1,0.0,,746,746,0,,,,,,,,,,c+1,noss,0,left,0.7735183750046417,None,None,,,,,,,,,,,0,746,746,863,984.6050678329993,,,,,,,,,,,,,,,,,,,,,,,,,,,,,,,,,,,,,,,,,,,,,,,,,,,,,,,,,,,,,,,,984.5968507910002,984.6050678329993,985.0916157910033,985.0916157910033,985.1635372080054,985.1635372080054,985.3824224580021,left,0.7735183750046417,None,985.3825199160055,985.3825610000058,None,,,,,,,,,,,,21049991,0,2025-12-01_13h58.34.105,tilt_mocs,2024.2.4,120.47370212248029,2025-12-01 13h58.42.820009 -0500,
0,-15.0,,747,747,0,,,,,,,,,,c+0,negs,100,left,0.8362162499979604,None,None,,,,,,,,,,,0,747,747,585,985.3924853749995,,,,,,,,,,,,,,,,,,,,,,,,,,,,,,,,,,,,,,,,,,,,,,,,,,,,,,,,,,,,,,,,985.3843710830042,985.3924853749995,985.8839482910043,985.8839482910043,985.9587809580044,985.9587809580044,986.232263458005,left,0.8362162499979604,None,986.2323027500024,986.2323168750008,None,,,,,,,,,,,,21049991,0,2025-12-01_13h58.34.105,tilt_mocs,2024.2.4,120.47370212248029,2025-12-01 13h58.42.820009 -0500,
2,15.0,,748,748,0,,,,,,,,,,c+2,poss,100,left,0.7696433340024669,None,None,,,,,,,,,,,0,748,748,143,986.241403333006,,,,,,,,,,,,,,,,,,,,,,,,,,,,,,,,,,,,,,,,,,,,,,,,,,,,,,,,,,,,,,,,986.2330134580043,986.241403333006,986.7340874580041,986.7340874580041,986.8087883330008,986.8087883330008,987.0173225830004,left,0.7696433340024669,None,987.0174470000056,987.0174990410014,None,,,,,,,,,,,,21049991,0,2025-12-01_13h58.34.105,tilt_mocs,2024.2.4,120.47370212248029,2025-12-01 13h58.42.820009 -0500,
-2,0.0,,749,749,0,,,,,,,,,,c-2,noss,0,left,0.7085280419996707,None,None,,,,,,,,,,,0,749,749,754,987.0276332909998,,,,,,,,,,,,,,,,,,,,,,,,,,,,,,,,,,,,,,,,,,,,,,,,,,,,,,,,,,,,,,,,987.0194259580021,987.0276332909998,987.517485041004,987.517485041004,987.5921762910002,987.5921762910002,987.7447521659997,left,0.7085280419996707,None,987.7449242500006,987.7449919580031,None,,,,,,,,,,,,21049991,0,2025-12-01_13h58.34.105,tilt_mocs,2024.2.4,120.47370212248029,2025-12-01 13h58.42.820009 -0500,
-1,0.0,,750,750,0,,,,,,,,,,c-1,noss,0,left,0.7269949170004111,None,space,49.71732741699816,None,,,,,,,,,0,750,750,821,987.756209500003,,,,,,,,,,,,,,,,,,,,,,,,,,,,,,,,,,,,,,,,,,,,,,,,,,,,,,,,,,,,,,,,987.7479745000019,987.756209500003,988.2417450830035,988.2417450830035,988.3138000830004,988.3138000830004,988.4942865410048,left,0.7269949170004111,None,988.4943910000002,1038.2295565000022,space,988.5028841250023,988.5028841250023,49.71732741699816,None,,,,,,,,21049991,0,2025-12-01_13h58.34.105,tilt_mocs,2024.2.4,120.47370212248029,2025-12-01 13h58.42.820009 -0500,
4,15.0,,751,751,0,,,,,,,,,,c+4,poss,100,left,1.2866931250027847,None,None,,,,,,,,,,,0,751,751,221,1038.2405629999994,,,,,,,,,,,,,,,,,,,,,,,,,,,,,,,,,,,,,,,,,,,,,,,,,,,,,,,,,,,,,,,,1038.2317380000022,1038.2405629999994,1038.7267065410051,1038.7267065410051,1038.7990932079992,1038.7990932079992,1039.5302550000051,left,1.2866931250027847,None,1039.530403249999,1039.5304609160012,None,,,,,,,,,,,,21049991,0,2025-12-01_13h58.34.105,tilt_mocs,2024.2.4,120.47370212248029,2025-12-01 13h58.42.820009 -0500,
-2,-15.0,,752,752,0,,,,,,,,,,c-2,negs,100,left,0.8991022080008406,None,None,,,,,,,,,,,0,752,752,555,1039.5407560410022,,,,,,,,,,,,,,,,,,,,,,,,,,,,,,,,,,,,,,,,,,,,,,,,,,,,,,,,,,,,,,,,1039.5327202500048,1039.5407560410022,1040.025845958,1040.025845958,1040.1002022500033,1040.1002022500033,1040.4461139580017,left,0.8991022080008406,None,1040.4462241250003,1040.4462667080006,None,,,,,,,,,,,,21049991,0,2025-12-01_13h58.34.105,tilt_mocs,2024.2.4,120.47370212248029,2025-12-01 13h58.42.820009 -0500,
0,-15.0,,753,753,0,,,,,,,,,,c+0,negs,100,right,0.982158167003945,None,None,,,,,,,,,,,0,753,753,606,1040.456401083,,,,,,,,,,,,,,,,,,,,,,,,,,,,,,,,,,,,,,,,,,,,,,,,,,,,,,,,,,,,,,,,1040.4481789160054,1040.456401083,1040.9435845830012,1040.9435845830012,1041.0274578750032,1041.0274578750032,1041.4462058330028,right,0.982158167003945,None,1041.4463616249996,1041.4464231250022,None,,,,,,,,,,,,21049991,0,2025-12-01_13h58.34.105,tilt_mocs,2024.2.4,120.47370212248029,2025-12-01 13h58.42.820009 -0500,
-4,0.0,,754,754,0,,,,,,,,,,c-4,noss,0,left,0.9214484999974957,None,None,,,,,,,,,,,0,754,754,699,1041.4570887500013,,,,,,,,,,,,,,,,,,,,,,,,,,,,,,,,,,,,,,,,,,,,,,,,,,,,,,,,,,,,,,,,1041.4489800830052,1041.4570887500013,1041.943423333003,1041.943423333003,1042.0155194160034,1042.0155194160034,1042.3850130830033,left,0.9214484999974957,None,1042.3851382909997,1042.3851910000012,None,,,,,,,,,,,,21049991,0,2025-12-01_13h58.34.105,tilt_mocs,2024.2.4,120.47370212248029,2025-12-01 13h58.42.820009 -0500,
1,0.0,,755,755,0,,,,,,,,,,c+1,noss,0,right,0.9110148750041844,None,None,,,,,,,,,,,0,755,755,876,1042.395373875006,,,,,,,,,,,,,,,,,,,,,,,,,,,,,,,,,,,,,,,,,,,,,,,,,,,,,,,,,,,,,,,,1042.3871666250052,1042.395373875006,1042.8869388750027,1042.8869388750027,1042.9608355000018,1042.9608355000018,1043.3126439160042,right,0.9110148750041844,None,1043.3127439160016,1043.3127925000008,None,,,,,,,,,,,,21049991,0,2025-12-01_13h58.34.105,tilt_mocs,2024.2.4,120.47370212248029,2025-12-01 13h58.42.820009 -0500,
1,0.0,,756,756,0,,,,,,,,,,c+1,noss,0,right,0.8217350420018192,None,None,,,,,,,,,,,0,756,756,891,1043.3228551249995,,,,,,,,,,,,,,,,,,,,,,,,,,,,,,,,,,,,,,,,,,,,,,,,,,,,,,,,,,,,,,,,1043.3146826250013,1043.3228551249995,1043.8102582909996,1043.8102582909996,1043.882281708,1043.882281708,1044.1471878750017,right,0.8217350420018192,None,1044.1473112080057,1044.1473527080016,None,,,,,,,,,,,,21049991,0,2025-12-01_13h58.34.105,tilt_mocs,2024.2.4,120.47370212248029,2025-12-01 13h58.42.820009 -0500,
-1,0.0,,757,757,0,,,,,,,,,,c-1,noss,0,right,0.8127326250032638,None,None,,,,,,,,,,,0,757,757,796,1044.1572978330005,,,,,,,,,,,,,,,,,,,,,,,,,,,,,,,,,,,,,,,,,,,,,,,,,,,,,,,,,,,,,,,,1044.1493223330035,1044.1572978330005,1044.6437087500017,1044.6437087500017,1044.7160048330043,1044.7160048330043,1044.9796453750023,right,0.8127326250032638,None,1044.9797490410056,1044.9797937910043,None,,,,,,,,,,,,21049991,0,2025-12-01_13h58.34.105,tilt_mocs,2024.2.4,120.47370212248029,2025-12-01 13h58.42.820009 -0500,
-4,-15.0,,758,758,0,,,,,,,,,,c-4,negs,100,right,0.8890175829947111,None,None,,,,,,,,,,,0,758,758,491,1044.9897162080015,,,,,,,,,,,,,,,,,,,,,,,,,,,,,,,,,,,,,,,,,,,,,,,,,,,,,,,,,,,,,,,,1044.9816962500045,1044.9897162080015,1045.477080458004,1045.477080458004,1045.5499057910056,1045.5499057910056,1045.8897214160024,right,0.8890175829947111,None,1045.889823166006,1045.8898665830056,None,,,,,,,,,,,,21049991,0,2025-12-01_13h58.34.105,tilt_mocs,2024.2.4,120.47370212248029,2025-12-01 13h58.42.820009 -0500,
0,15.0,,759,759,0,,,,,,,,,,c+0,poss,100,right,0.9388833340053679,None,None,,,,,,,,,,,0,759,759,57,1045.8966676660057,,,,,,,,,,,,,,,,,,,,,,,,,,,,,,,,,,,,,,,,,,,,,,,,,,,,,,,,,,,,,,,,1045.891789125002,1045.8966676660057,1046.3857992080011,1046.3857992080011,1046.4609292080058,1046.4609292080058,1046.8465089580059,right,0.9388833340053679,None,1046.8466352079995,1046.84668925,None,,,,,,,,,,,,21049991,0,2025-12-01_13h58.34.105,tilt_mocs,2024.2.4,120.47370212248029,2025-12-01 13h58.42.820009 -0500,
2,-15.0,,760,760,0,,,,,,,,,,c+2,negs,100,right,0.9034200419991976,None,None,,,,,,,,,,,0,760,760,658,1046.857422041001,,,,,,,,,,,,,,,,,,,,,,,,,,,,,,,,,,,,,,,,,,,,,,,,,,,,,,,,,,,,,,,,1046.8491439160061,1046.857422041001,1047.3436712500043,1047.3436712500043,1047.415778458002,1047.415778458002,1047.7633488749998,right,0.9034200419991976,None,1047.7634862910054,1047.763539915999,None,,,,,,,,,,,,21049991,0,2025-12-01_13h58.34.105,tilt_mocs,2024.2.4,120.47370212248029,2025-12-01 13h58.42.820009 -0500,
-8,-15.0,,761,761,0,,,,,,,,,,c-8,negs,100,left,0.8627663329971256,None,None,,,,,,,,,,,0,761,761,368,1047.774039833006,,,,,,,,,,,,,,,,,,,,,,,,,,,,,,,,,,,,,,,,,,,,,,,,,,,,,,,,,,,,,,,,1047.7658851660017,1047.774039833006,1048.2604769579993,1048.2604769579993,1048.3328539580034,1048.3328539580034,1048.6465644160053,left,0.8627663329971256,None,1048.6466882080058,1048.6467416250016,None,,,,,,,,,,,,21049991,0,2025-12-01_13h58.34.105,tilt_mocs,2024.2.4,120.47370212248029,2025-12-01 13h58.42.820009 -0500,
-4,-15.0,,762,762,0,,,,,,,,,,c-4,negs,100,left,0.8433445830014534,None,None,,,,,,,,,,,0,762,762,485,1048.6567787500026,,,,,,,,,,,,,,,,,,,,,,,,,,,,,,,,,,,,,,,,,,,,,,,,,,,,,,,,,,,,,,,,1048.648864666,1048.6567787500026,1049.143813958006,1049.143813958006,1049.2166431660007,1049.2166431660007,1049.502604416004,left,0.8433445830014534,None,1049.5027285830001,1049.5027936660044,None,,,,,,,,,,,,21049991,0,2025-12-01_13h58.34.105,tilt_mocs,2024.2.4,120.47370212248029,2025-12-01 13h58.42.820009 -0500,
8,15.0,,763,763,0,,,,,,,,,,c+8,poss,100,right,0.857146415997704,None,None,,,,,,,,,,,0,763,763,316,1049.5129585000032,,,,,,,,,,,,,,,,,,,,,,,,,,,,,,,,,,,,,,,,,,,,,,,,,,,,,,,,,,,,,,,,1049.5046919580054,1049.5129585000032,1050.0031662910042,1050.0031662910042,1050.0775087910006,1050.0775087910006,1050.3797132079999,right,0.857146415997704,None,1050.379842125003,1050.379894333004,None,,,,,,,,,,,,21049991,0,2025-12-01_13h58.34.105,tilt_mocs,2024.2.4,120.47370212248029,2025-12-01 13h58.42.820009 -0500,
2,-15.0,,764,764,0,,,,,,,,,,c+2,negs,100,right,1.0476180420009769,None,None,,,,,,,,,,,0,764,764,655,1050.389736750003,,,,,,,,,,,,,,,,,,,,,,,,,,,,,,,,,,,,,,,,,,,,,,,,,,,,,,,,,,,,,,,,1050.3818465830045,1050.389736750003,1050.8771385830041,1050.8771385830041,1050.9495007500009,1050.9495007500009,1051.4464049580056,right,1.0476180420009769,None,1051.4465347500009,1051.4465885829995,None,,,,,,,,,,,,21049991,0,2025-12-01_13h58.34.105,tilt_mocs,2024.2.4,120.47370212248029,2025-12-01 13h58.42.820009 -0500,
1,0.0,,765,765,0,,,,,,,,,,c+1,noss,0,right,1.0312669159975485,None,None,,,,,,,,,,,0,765,765,893,1051.4571355410008,,,,,,,,,,,,,,,,,,,,,,,,,,,,,,,,,,,,,,,,,,,,,,,,,,,,,,,,,,,,,,,,1051.448960624999,1051.4571355410008,1051.9438410410003,1051.9438410410003,1052.015927708002,1052.015927708002,1052.496450999999,right,1.0312669159975485,None,1052.496573291006,1052.4966272080055,None,,,,,,,,,,,,21049991,0,2025-12-01_13h58.34.105,tilt_mocs,2024.2.4,120.47370212248029,2025-12-01 13h58.42.820009 -0500,
-4,-15.0,,766,766,0,,,,,,,,,,c-4,negs,100,left,0.933316750000813,None,None,,,,,,,,,,,0,766,766,456,1052.5072601659995,,,,,,,,,,,,,,,,,,,,,,,,,,,,,,,,,,,,,,,,,,,,,,,,,,,,,,,,,,,,,,,,1052.4990162500035,1052.5072601659995,1052.9941077080002,1052.9941077080002,1053.066863,1053.066863,1053.4463427080045,left,0.933316750000813,None,1053.4464423329991,1053.4464849159995,None,,,,,,,,,,,,21049991,0,2025-12-01_13h58.34.105,tilt_mocs,2024.2.4,120.47370212248029,2025-12-01 13h58.42.820009 -0500,
0,15.0,,767,767,0,,,,,,,,,,c+0,poss,100,left,0.9041134579965728,None,None,,,,,,,,,,,0,767,767,63,1053.4565296660003,,,,,,,,,,,,,,,,,,,,,,,,,,,,,,,,,,,,,,,,,,,,,,,,,,,,,,,,,,,,,,,,1053.448378125002,1053.4565296660003,1053.9440095410027,1053.9440095410027,1054.015504916002,1054.015504916002,1054.3632088750019,left,0.9041134579965728,None,1054.3633396250007,1054.3633939580031,None,,,,,,,,,,,,21049991,0,2025-12-01_13h58.34.105,tilt_mocs,2024.2.4,120.47370212248029,2025-12-01 13h58.42.820009 -0500,
8,15.0,,768,768,0,,,,,,,,,,c+8,poss,100,right,0.9583134589993278,None,None,,,,,,,,,,,0,768,768,314,1054.373608875001,,,,,,,,,,,,,,,,,,,,,,,,,,,,,,,,,,,,,,,,,,,,,,,,,,,,,,,,,,,,,,,,1054.365531166004,1054.373608875001,1054.8606969160028,1054.8606969160028,1054.9335812499994,1054.9335812499994,1055.3355665830022,right,0.9583134589993278,None,1055.3356504160038,1055.3356849580014,None,,,,,,,,,,,,21049991,0,2025-12-01_13h58.34.105,tilt_mocs,2024.2.4,120.47370212248029,2025-12-01 13h58.42.820009 -0500,
-6,-15.0,,769,769,0,,,,,,,,,,c-6,negs,100,left,0.8906313749976107,None,None,,,,,,,,,,,0,769,769,425,1055.3436934580022,,,,,,,,,,,,,,,,,,,,,,,,,,,,,,,,,,,,,,,,,,,,,,,,,,,,,,,,,,,,,,,,1055.337225125004,1055.3436934580022,1055.8361922080003,1055.8361922080003,1055.9112115829994,1055.9112115829994,1056.2368240830037,left,0.8906313749976107,None,1056.2369522500012,1056.2370060829999,None,,,,,,,,,,,,21049991,0,2025-12-01_13h58.34.105,tilt_mocs,2024.2.4,120.47370212248029,2025-12-01 13h58.42.820009 -0500,
-2,15.0,,770,770,0,,,,,,,,,,c-2,poss,100,left,1.032080290999147,None,None,,,,,,,,,,,0,770,770,34,1056.247237083,,,,,,,,,,,,,,,,,,,,,,,,,,,,,,,,,,,,,,,,,,,,,,,,,,,,,,,,,,,,,,,,1056.239266250006,1056.247237083,1056.7367870410017,1056.7367870410017,1056.8112624999994,1056.8112624999994,1057.2848603750026,left,1.032080290999147,None,1057.284957791002,1057.284999250005,None,,,,,,,,,,,,21049991,0,2025-12-01_13h58.34.105,tilt_mocs,2024.2.4,120.47370212248029,2025-12-01 13h58.42.820009 -0500,
6,15.0,,771,771,0,,,,,,,,,,c+6,poss,100,right,0.949986291998357,None,None,,,,,,,,,,,0,771,771,257,1057.2949690410023,,,,,,,,,,,,,,,,,,,,,,,,,,,,,,,,,,,,,,,,,,,,,,,,,,,,,,,,,,,,,,,,1057.2868616250053,1057.2949690410023,1057.786974708004,1057.786974708004,1057.8612795410008,1057.8612795410008,1058.2474487080035,right,0.949986291998357,None,1058.247583000004,1058.2476372910023,None,,,,,,,,,,,,21049991,0,2025-12-01_13h58.34.105,tilt_mocs,2024.2.4,120.47370212248029,2025-12-01 13h58.42.820009 -0500,
6,15.0,,772,772,0,,,,,,,,,,c+6,poss,100,right,0.8794401249979273,None,None,,,,,,,,,,,0,772,772,271,1058.2581516659993,,,,,,,,,,,,,,,,,,,,,,,,,,,,,,,,,,,,,,,,,,,,,,,,,,,,,,,,,,,,,,,,1058.2500302910048,1058.2581516659993,1058.744097916002,1058.744097916002,1058.8161832910046,1058.8161832910046,1059.1467630000043,right,0.8794401249979273,None,1059.1468823329997,1059.146933625001,None,,,,,,,,,,,,21049991,0,2025-12-01_13h58.34.105,tilt_mocs,2024.2.4,120.47370212248029,2025-12-01 13h58.42.820009 -0500,
0,15.0,,773,773,0,,,,,,,,,,c+0,poss,100,left,0.8559024580026744,None,None,,,,,,,,,,,0,773,773,92,1059.1574992500027,,,,,,,,,,,,,,,,,,,,,,,,,,,,,,,,,,,,,,,,,,,,,,,,,,,,,,,,,,,,,,,,1059.1493016250024,1059.1574992500027,1059.6442215410061,1059.6442215410061,1059.7171297910027,1059.7171297910027,1060.0179232500013,left,0.8559024580026744,None,1060.018021708005,1060.0180626660003,None,,,,,,,,,,,,21049991,0,2025-12-01_13h58.34.105,tilt_mocs,2024.2.4,120.47370212248029,2025-12-01 13h58.42.820009 -0500,
-4,-15.0,,774,774,0,,,,,,,,,,c-4,negs,100,left,0.8230786249987432,None,None,,,,,,,,,,,0,774,774,498,1060.0281722500004,,,,,,,,,,,,,,,,,,,,,,,,,,,,,,,,,,,,,,,,,,,,,,,,,,,,,,,,,,,,,,,,1060.0199359580001,1060.0281722500004,1060.5195526660027,1060.5195526660027,1060.5946588330044,1060.5946588330044,1060.8635595000014,left,0.8230786249987432,None,1060.8636780830057,1060.8637305830052,None,,,,,,,,,,,,21049991,0,2025-12-01_13h58.34.105,tilt_mocs,2024.2.4,120.47370212248029,2025-12-01 13h58.42.820009 -0500,
8,15.0,,775,775,0,,,,,,,,,,c+8,poss,100,right,0.8881829579986515,None,None,,,,,,,,,,,0,775,775,317,1060.8741010830054,,,,,,,,,,,,,,,,,,,,,,,,,,,,,,,,,,,,,,,,,,,,,,,,,,,,,,,,,,,,,,,,1060.866091541,1060.8741010830054,1061.3608256250009,1061.3608256250009,1061.4327571250033,1061.4327571250033,1061.7736219159997,right,0.8881829579986515,None,1061.773731500005,1061.773775665999,None,,,,,,,,,,,,21049991,0,2025-12-01_13h58.34.105,tilt_mocs,2024.2.4,120.47370212248029,2025-12-01 13h58.42.820009 -0500,
8,15.0,,776,776,0,,,,,,,,,,c+8,poss,100,right,0.8535559579977416,None,None,,,,,,,,,,,0,776,776,319,1061.7805742500059,,,,,,,,,,,,,,,,,,,,,,,,,,,,,,,,,,,,,,,,,,,,,,,,,,,,,,,,,,,,,,,,1061.7756332909994,1061.7805742500059,1062.2694774160045,1062.2694774160045,1062.3445795000007,1062.3445795000007,1062.6370460830003,right,0.8535559579977416,None,1062.6371874160031,1062.63724525,None,,,,,,,,,,,,21049991,0,2025-12-01_13h58.34.105,tilt_mocs,2024.2.4,120.47370212248029,2025-12-01 13h58.42.820009 -0500,
2,0.0,,777,777,0,,,,,,,,,,c+2,noss,0,right,1.0053621249971911,None,None,,,,,,,,,,,0,777,777,903,1062.647414416002,,,,,,,,,,,,,,,,,,,,,,,,,,,,,,,,,,,,,,,,,,,,,,,,,,,,,,,,,,,,,,,,1062.6393175830017,1062.647414416002,1063.1374241660014,1063.1374241660014,1063.2114960830004,1063.2114960830004,1063.663863791,right,1.0053621249971911,None,1063.6640301660009,1063.6640941660007,None,,,,,,,,,,,,21049991,0,2025-12-01_13h58.34.105,tilt_mocs,2024.2.4,120.47370212248029,2025-12-01 13h58.42.820009 -0500,
1,0.0,,778,778,0,,,,,,,,,,c+1,noss,0,left,0.9534463340023649,None,None,,,,,,,,,,,0,778,778,861,1063.6749282080054,,,,,,,,,,,,,,,,,,,,,,,,,,,,,,,,,,,,,,,,,,,,,,,,,,,,,,,,,,,,,,,,1063.666647666003,1063.6749282080054,1064.160929166006,1064.160929166006,1064.2336993749996,1064.2336993749996,1064.6310735830048,left,0.9534463340023649,None,1064.631236000001,1064.6312925830061,None,,,,,,,,,,,,21049991,0,2025-12-01_13h58.34.105,tilt_mocs,2024.2.4,120.47370212248029,2025-12-01 13h58.42.820009 -0500,
0,-15.0,,779,779,0,,,,,,,,,,c+0,negs,100,left,0.8782483339964529,None,None,,,,,,,,,,,0,779,779,598,1064.6422262910055,,,,,,,,,,,,,,,,,,,,,,,,,,,,,,,,,,,,,,,,,,,,,,,,,,,,,,,,,,,,,,,,1064.633894999999,1064.6422262910055,1065.1277197910022,1065.1277197910022,1065.1999817500036,1065.1999817500036,1065.5311520000032,left,0.8782483339964529,None,1065.5313045410003,1065.531363083006,None,,,,,,,,,,,,21049991,0,2025-12-01_13h58.34.105,tilt_mocs,2024.2.4,120.47370212248029,2025-12-01 13h58.42.820009 -0500,
2,15.0,,780,780,0,,,,,,,,,,c+2,poss,100,left,0.9379158750016359,None,None,,,,,,,,,,,0,780,780,133,1065.541684833006,,,,,,,,,,,,,,,,,,,,,,,,,,,,,,,,,,,,,,,,,,,,,,,,,,,,,,,,,,,,,,,,1065.5336075410014,1065.541684833006,1066.027650916003,1066.027650916003,1066.0995687079994,1066.0995687079994,1066.486996874999,left,0.9379158750016359,None,1066.4871255000035,1066.4871806250012,None,,,,,,,,,,,,21049991,0,2025-12-01_13h58.34.105,tilt_mocs,2024.2.4,120.47370212248029,2025-12-01 13h58.42.820009 -0500,
-1,0.0,,781,781,0,,,,,,,,,,c-1,noss,0,left,0.8771364999993239,None,None,,,,,,,,,,,0,781,781,834,1066.4975017500037,,,,,,,,,,,,,,,,,,,,,,,,,,,,,,,,,,,,,,,,,,,,,,,,,,,,,,,,,,,,,,,,1066.4893776660028,1066.4975017500037,1066.9869295829994,1066.9869295829994,1067.0616048750016,1067.0616048750016,1067.380594000002,left,0.8771364999993239,None,1067.3807517910027,1067.3808995,None,,,,,,,,,,,,21049991,0,2025-12-01_13h58.34.105,tilt_mocs,2024.2.4,120.47370212248029,2025-12-01 13h58.42.820009 -0500,
2,15.0,,782,782,0,,,,,,,,,,c+2,poss,100,left,1.0464487499993993,None,None,,,,,,,,,,,0,782,782,132,1067.3917408330017,,,,,,,,,,,,,,,,,,,,,,,,,,,,,,,,,,,,,,,,,,,,,,,,,,,,,,,,,,,,,,,,1067.3834292910033,1067.3917408330017,1067.8777192080015,1067.8777192080015,1067.9498958750046,1067.9498958750046,1068.447219665999,left,1.0464487499993993,None,1068.447395957999,1068.4474522910023,None,,,,,,,,,,,,21049991,0,2025-12-01_13h58.34.105,tilt_mocs,2024.2.4,120.47370212248029,2025-12-01 13h58.42.820009 -0500,
-8,-15.0,,783,783,0,,,,,,,,,,c-8,negs,100,left,0.8413610830029938,None,None,,,,,,,,,,,0,783,783,361,1068.4581935410024,,,,,,,,,,,,,,,,,,,,,,,,,,,,,,,,,,,,,,,,,,,,,,,,,,,,,,,,,,,,,,,,1068.450125250005,1068.4581935410024,1068.9434869160032,1068.9434869160032,1069.0165810410035,1069.0165810410035,1069.3034783750045,left,0.8413610830029938,None,1069.3036083750048,1069.3036502500036,None,,,,,,,,,,,,21049991,0,2025-12-01_13h58.34.105,tilt_mocs,2024.2.4,120.47370212248029,2025-12-01 13h58.42.820009 -0500,
2,0.0,,784,784,0,,,,,,,,,,c+2,noss,0,left,0.8198355839995202,None,None,,,,,,,,,,,0,784,784,918,1069.3138002080013,,,,,,,,,,,,,,,,,,,,,,,,,,,,,,,,,,,,,,,,,,,,,,,,,,,,,,,,,,,,,,,,1069.3055139999997,1069.3138002080013,1069.8035490830007,1069.8035490830007,1069.8784272500052,1069.8784272500052,1070.1364452910057,left,0.8198355839995202,None,1070.1365417080015,1070.1365902079997,None,,,,,,,,,,,,21049991,0,2025-12-01_13h58.34.105,tilt_mocs,2024.2.4,120.47370212248029,2025-12-01 13h58.42.820009 -0500,
2,-15.0,,785,785,0,,,,,,,,,,c+2,negs,100,left,0.9772793749943958,None,None,,,,,,,,,,,0,785,785,662,1070.146516916,,,,,,,,,,,,,,,,,,,,,,,,,,,,,,,,,,,,,,,,,,,,,,,,,,,,,,,,,,,,,,,,1070.138452875006,1070.146516916,1070.6372076660045,1070.6372076660045,1070.711805333005,1070.711805333005,1071.1304584579993,left,0.9772793749943958,None,1071.130588291002,1071.130641458003,None,,,,,,,,,,,,21049991,0,2025-12-01_13h58.34.105,tilt_mocs,2024.2.4,120.47370212248029,2025-12-01 13h58.42.820009 -0500,
1,0.0,,786,786,0,,,,,,,,,,c+1,noss,0,left,1.1157569999995758,None,None,,,,,,,,,,,0,786,786,860,1071.1409536659994,,,,,,,,,,,,,,,,,,,,,,,,,,,,,,,,,,,,,,,,,,,,,,,,,,,,,,,,,,,,,,,,1071.1326670000053,1071.1409536659994,1071.6278477500018,1071.6278477500018,1071.7012628330049,1071.7012628330049,1072.2641544159997,left,1.1157569999995758,None,1072.2643173329998,1072.2643779999999,None,,,,,,,,,,,,21049991,0,2025-12-01_13h58.34.105,tilt_mocs,2024.2.4,120.47370212248029,2025-12-01 13h58.42.820009 -0500,
-8,-15.0,,787,787,0,,,,,,,,,,c-8,negs,100,left,0.9086796250048792,None,None,,,,,,,,,,,0,787,787,391,1072.2755390830062,,,,,,,,,,,,,,,,,,,,,,,,,,,,,,,,,,,,,,,,,,,,,,,,,,,,,,,,,,,,,,,,1072.2673403330045,1072.2755390830062,1072.7613155,1072.7613155,1072.8340051660052,1072.8340051660052,1073.186786916005,left,0.9086796250048792,None,1073.186886333002,1073.186929375006,None,,,,,,,,,,,,21049991,0,2025-12-01_13h58.34.105,tilt_mocs,2024.2.4,120.47370212248029,2025-12-01 13h58.42.820009 -0500,
-2,-15.0,,788,788,0,,,,,,,,,,c-2,negs,100,left,1.2728185420055524,None,None,,,,,,,,,,,0,788,788,547,1073.1971089580038,,,,,,,,,,,,,,,,,,,,,,,,,,,,,,,,,,,,,,,,,,,,,,,,,,,,,,,,,,,,,,,,1073.1888164580014,1073.1971089580038,1073.6868424999993,1073.6868424999993,1073.761943000005,1073.761943000005,1074.4811045000024,left,1.2728185420055524,None,1074.4812864160049,1074.4813495410053,None,,,,,,,,,,,,21049991,0,2025-12-01_13h58.34.105,tilt_mocs,2024.2.4,120.47370212248029,2025-12-01 13h58.42.820009 -0500,
-2,15.0,,789,789,0,,,,,,,,,,c-2,poss,100,left,0.9590918749963748,None,None,,,,,,,,,,,0,789,789,37,1074.4925440830048,,,,,,,,,,,,,,,,,,,,,,,,,,,,,,,,,,,,,,,,,,,,,,,,,,,,,,,,,,,,,,,,1074.4843565000047,1074.4925440830048,1074.9781501660036,1074.9781501660036,1075.0501205000037,1075.0501205000037,1075.4641520410005,left,0.9590918749963748,None,1075.464261125002,1075.4643033329994,None,,,,,,,,,,,,21049991,0,2025-12-01_13h58.34.105,tilt_mocs,2024.2.4,120.47370212248029,2025-12-01 13h58.42.820009 -0500,
-2,0.0,,790,790,0,,,,,,,,,,c-2,noss,0,left,1.0600040830031503,None,None,,,,,,,,,,,0,790,790,783,1075.474142166,,,,,,,,,,,,,,,,,,,,,,,,,,,,,,,,,,,,,,,,,,,,,,,,,,,,,,,,,,,,,,,,1075.4662032080014,1075.474142166,1075.9614319160028,1075.9614319160028,1076.033357750006,1076.033357750006,1076.5365330830027,left,1.0600040830031503,None,1076.5366600410052,1076.536712083005,None,,,,,,,,,,,,21049991,0,2025-12-01_13h58.34.105,tilt_mocs,2024.2.4,120.47370212248029,2025-12-01 13h58.42.820009 -0500,
-4,0.0,,791,791,0,,,,,,,,,,c-4,noss,0,left,0.9783373749960447,None,None,,,,,,,,,,,0,791,791,705,1076.5469925409998,,,,,,,,,,,,,,,,,,,,,,,,,,,,,,,,,,,,,,,,,,,,,,,,,,,,,,,,,,,,,,,,1076.5386866660047,1076.5469925409998,1077.037084416006,1077.037084416006,1077.1119799580047,1077.1119799580047,1077.530621124999,left,0.9783373749960447,None,1077.5307444999999,1077.5308108329991,None,,,,,,,,,,,,21049991,0,2025-12-01_13h58.34.105,tilt_mocs,2024.2.4,120.47370212248029,2025-12-01 13h58.42.820009 -0500,
-4,0.0,,792,792,0,,,,,,,,,,c-4,noss,0,left,0.9236179159997846,None,None,,,,,,,,,,,0,792,792,682,1077.541164250004,,,,,,,,,,,,,,,,,,,,,,,,,,,,,,,,,,,,,,,,,,,,,,,,,,,,,,,,,,,,,,,,1077.5328382080043,1077.541164250004,1078.0282110410044,1078.0282110410044,1078.100102000004,1078.100102000004,1078.4702177910003,left,0.9236179159997846,None,1078.4703242910036,1078.470369458002,None,,,,,,,,,,,,21049991,0,2025-12-01_13h58.34.105,tilt_mocs,2024.2.4,120.47370212248029,2025-12-01 13h58.42.820009 -0500,
6,15.0,,793,793,0,,,,,,,,,,c+6,poss,100,right,0.8949053750038729,None,None,,,,,,,,,,,0,793,793,265,1078.4806657910012,,,,,,,,,,,,,,,,,,,,,,,,,,,,,,,,,,,,,,,,,,,,,,,,,,,,,,,,,,,,,,,,1078.4723029580055,1078.4806657910012,1078.9701891250006,1078.9701891250006,1079.0451492080028,1079.0451492080028,1079.3810932500055,right,0.8949053750038729,None,1079.3813269160019,1079.3814251250005,None,,,,,,,,,,,,21049991,0,2025-12-01_13h58.34.105,tilt_mocs,2024.2.4,120.47370212248029,2025-12-01 13h58.42.820009 -0500,
-2,0.0,,794,794,0,,,,,,,,,,c-2,noss,0,left,1.0803959580007358,None,None,,,,,,,,,,,0,794,794,761,1079.391854666006,,,,,,,,,,,,,,,,,,,,,,,,,,,,,,,,,,,,,,,,,,,,,,,,,,,,,,,,,,,,,,,,1079.3837947080028,1079.391854666006,1079.878206541005,1079.878206541005,1079.9501974160012,1079.9501974160012,1080.4808059580027,left,1.0803959580007358,None,1080.4809327080002,1080.4809837909997,None,,,,,,,,,,,,21049991,0,2025-12-01_13h58.34.105,tilt_mocs,2024.2.4,120.47370212248029,2025-12-01 13h58.42.820009 -0500,
0,-15.0,,795,795,0,,,,,,,,,,c+0,negs,100,right,1.0713026250014082,None,None,,,,,,,,,,,0,795,795,570,1080.4910402080059,,,,,,,,,,,,,,,,,,,,,,,,,,,,,,,,,,,,,,,,,,,,,,,,,,,,,,,,,,,,,,,,1080.4830204160025,1080.4910402080059,1080.9782573330012,1080.9782573330012,1081.0510511250031,1081.0510511250031,1081.565417291,right,1.0713026250014082,None,1081.5655511250006,1081.5656067500022,None,,,,,,,,,,,,21049991,0,2025-12-01_13h58.34.105,tilt_mocs,2024.2.4,120.47370212248029,2025-12-01 13h58.42.820009 -0500,
4,15.0,,796,796,0,,,,,,,,,,c+4,poss,100,right,1.0036634170028265,None,None,,,,,,,,,,,0,796,796,182,1081.5765243330025,,,,,,,,,,,,,,,,,,,,,,,,,,,,,,,,,,,,,,,,,,,,,,,,,,,,,,,,,,,,,,,,1081.568159458002,1081.5765243330025,1082.0616482500045,1082.0616482500045,1082.1334922500027,1082.1334922500027,1082.5870760000034,right,1.0036634170028265,None,1082.5871797910004,1082.5872240829995,None,,,,,,,,,,,,21049991,0,2025-12-01_13h58.34.105,tilt_mocs,2024.2.4,120.47370212248029,2025-12-01 13h58.42.820009 -0500,
8,15.0,,797,797,0,,,,,,,,,,c+8,poss,100,right,0.8654974579985719,None,None,,,,,,,,,,,0,797,797,299,1082.5975185000061,,,,,,,,,,,,,,,,,,,,,,,,,,,,,,,,,,,,,,,,,,,,,,,,,,,,,,,,,,,,,,,,1082.5891257910043,1082.5975185000061,1083.0882552080002,1083.0882552080002,1083.1622155000005,1083.1622155000005,1083.4661494160027,right,0.8654974579985719,None,1083.466296999999,1083.4663590000055,None,,,,,,,,,,,,21049991,0,2025-12-01_13h58.34.105,tilt_mocs,2024.2.4,120.47370212248029,2025-12-01 13h58.42.820009 -0500,
-6,-15.0,,798,798,0,,,,,,,,,,c-6,negs,100,right,0.8346653330008849,None,None,,,,,,,,,,,0,798,798,445,1083.4771896250022,,,,,,,,,,,,,,,,,,,,,,,,,,,,,,,,,,,,,,,,,,,,,,,,,,,,,,,,,,,,,,,,1083.4688171250018,1083.4771896250022,1083.961578208,1083.961578208,1084.033685375005,1084.033685375005,1084.3142214580002,right,0.8346653330008849,None,1084.3143471250005,1084.3144003330017,None,,,,,,,,,,,,21049991,0,2025-12-01_13h58.34.105,tilt_mocs,2024.2.4,120.47370212248029,2025-12-01 13h58.42.820009 -0500,
-6,-15.0,,799,799,0,,,,,,,,,,c-6,negs,100,left,0.9170468329975847,None,None,,,,,,,,,,,0,799,799,441,1084.3246531250043,,,,,,,,,,,,,,,,,,,,,,,,,,,,,,,,,,,,,,,,,,,,,,,,,,,,,,,,,,,,,,,,1084.3167309580022,1084.3246531250043,1084.8115653749992,1084.8115653749992,1084.883670041003,1084.883670041003,1085.2475333750044,left,0.9170468329975847,None,1085.247632041006,1085.2476726250025,None,,,,,,,,,,,,21049991,0,2025-12-01_13h58.34.105,tilt_mocs,2024.2.4,120.47370212248029,2025-12-01 13h58.42.820009 -0500,
0,15.0,,800,800,0,,,,,,,,,,c+0,poss,100,right,0.8713665410032263,None,None,,,,,,,,,,,0,800,800,58,1085.2576324580004,,,,,,,,,,,,,,,,,,,,,,,,,,,,,,,,,,,,,,,,,,,,,,,,,,,,,,,,,,,,,,,,1085.249531207999,1085.2576324580004,1085.745038166002,1085.745038166002,1085.8171918330045,1085.8171918330045,1086.1317042500013,right,0.8713665410032263,None,1086.1318422910044,1086.1319028330036,None,,,,,,,,,,,,21049991,0,2025-12-01_13h58.34.105,tilt_mocs,2024.2.4,120.47370212248029,2025-12-01 13h58.42.820009 -0500,
1,0.0,,801,801,0,,,,,,,,,,c+1,noss,0,right,0.9462038750061765,None,None,,,,,,,,,,,0,801,801,856,1086.1426665410036,,,,,,,,,,,,,,,,,,,,,,,,,,,,,,,,,,,,,,,,,,,,,,,,,,,,,,,,,,,,,,,,1086.1341871250042,1086.1426665410036,1086.628332541004,1086.628332541004,1086.7004487500017,1086.7004487500017,1087.0981038329992,right,0.9462038750061765,None,1087.0982387910044,1087.098298290999,None,,,,,,,,,,,,21049991,0,2025-12-01_13h58.34.105,tilt_mocs,2024.2.4,120.47370212248029,2025-12-01 13h58.42.820009 -0500,
2,15.0,,802,802,0,,,,,,,,,,c+2,poss,100,right,0.8647043340024538,None,None,,,,,,,,,,,0,802,802,137,1087.108741875003,,,,,,,,,,,,,,,,,,,,,,,,,,,,,,,,,,,,,,,,,,,,,,,,,,,,,,,,,,,,,,,,1087.100554208002,1087.108741875003,1087.5951379580001,1087.5951379580001,1087.6680420830016,1087.6680420830016,1087.9811032080033,right,0.8647043340024538,None,1087.9812308750043,1087.9812909579996,None,,,,,,,,,,,,21049991,0,2025-12-01_13h58.34.105,tilt_mocs,2024.2.4,120.47370212248029,2025-12-01 13h58.42.820009 -0500,
-4,0.0,,803,803,0,,,,,,,,,,c-4,noss,0,left,0.9870560000053956,None,None,,,,,,,,,,,0,803,803,687,1087.9915910410054,,,,,,,,,,,,,,,,,,,,,,,,,,,,,,,,,,,,,,,,,,,,,,,,,,,,,,,,,,,,,,,,1087.9834982910033,1087.9915910410054,1088.4785562500037,1088.4785562500037,1088.5516480830047,1088.5516480830047,1088.9811134580013,left,0.9870560000053956,None,1088.9812394580003,1088.9812915000002,None,,,,,,,,,,,,21049991,0,2025-12-01_13h58.34.105,tilt_mocs,2024.2.4,120.47370212248029,2025-12-01 13h58.42.820009 -0500,
-4,-15.0,,804,804,0,,,,,,,,,,c-4,negs,100,left,0.8586985830042977,None,None,,,,,,,,,,,0,804,804,467,1088.9914077499998,,,,,,,,,,,,,,,,,,,,,,,,,,,,,,,,,,,,,,,,,,,,,,,,,,,,,,,,,,,,,,,,1088.9834635410007,1088.9914077499998,1089.4785919580027,1089.4785919580027,1089.5506579580033,1089.5506579580033,1089.8538405,left,0.8586985830042977,None,1089.8539389580037,1089.853980208005,None,,,,,,,,,,,,21049991,0,2025-12-01_13h58.34.105,tilt_mocs,2024.2.4,120.47370212248029,2025-12-01 13h58.42.820009 -0500,
2,-15.0,,805,805,0,,,,,,,,,,c+2,negs,100,right,1.0057029590025195,None,None,,,,,,,,,,,0,805,805,632,1089.864251375002,,,,,,,,,,,,,,,,,,,,,,,,,,,,,,,,,,,,,,,,,,,,,,,,,,,,,,,,,,,,,,,,1089.855829166001,1089.864251375002,1090.354380458004,1090.354380458004,1090.4291919160023,1090.4291919160023,1090.8813394579993,right,1.0057029590025195,None,1090.8815024580035,1090.8815647080046,None,,,,,,,,,,,,21049991,0,2025-12-01_13h58.34.105,tilt_mocs,2024.2.4,120.47370212248029,2025-12-01 13h58.42.820009 -0500,
-4,-15.0,,806,806,0,,,,,,,,,,c-4,negs,100,left,0.9533066669973778,None,None,,,,,,,,,,,0,806,806,469,1090.892581041,,,,,,,,,,,,,,,,,,,,,,,,,,,,,,,,,,,,,,,,,,,,,,,,,,,,,,,,,,,,,,,,1090.884190249999,1090.892581041,1091.378630500003,1091.378630500003,1091.4508210000058,1091.4508210000058,1091.8483895000027,left,0.9533066669973778,None,1091.8485170410058,1091.8485702079997,None,,,,,,,,,,,,21049991,0,2025-12-01_13h58.34.105,tilt_mocs,2024.2.4,120.47370212248029,2025-12-01 13h58.42.820009 -0500,
-4,0.0,,807,807,0,,,,,,,,,,c-4,noss,0,left,0.8948969159973785,None,None,,,,,,,,,,,0,807,807,681,1091.858669166002,,,,,,,,,,,,,,,,,,,,,,,,,,,,,,,,,,,,,,,,,,,,,,,,,,,,,,,,,,,,,,,,1091.8507669579994,1091.858669166002,1092.3453338750041,1092.3453338750041,1092.4168223330053,1092.4168223330053,1092.7646528750047,left,0.8948969159973785,None,1092.7647779160034,1092.764820291006,None,,,,,,,,,,,,21049991,0,2025-12-01_13h58.34.105,tilt_mocs,2024.2.4,120.47370212248029,2025-12-01 13h58.42.820009 -0500,
-2,15.0,,808,808,0,,,,,,,,,,c-2,poss,100,left,0.8878217500023311,None,None,,,,,,,,,,,0,808,808,8,1092.7747405410046,,,,,,,,,,,,,,,,,,,,,,,,,,,,,,,,,,,,,,,,,,,,,,,,,,,,,,,,,,,,,,,,1092.766702083005,1092.7747405410046,1093.2619102080062,1093.2619102080062,1093.333944541002,1093.333944541002,1093.6657571250034,left,0.8878217500023311,None,1093.6659026660054,1093.6659616250035,None,,,,,,,,,,,,21049991,0,2025-12-01_13h58.34.105,tilt_mocs,2024.2.4,120.47370212248029,2025-12-01 13h58.42.820009 -0500,
0,15.0,,809,809,0,,,,,,,,,,c+0,poss,100,left,0.8775959170015994,None,None,,,,,,,,,,,0,809,809,98,1093.677187250003,,,,,,,,,,,,,,,,,,,,,,,,,,,,,,,,,,,,,,,,,,,,,,,,,,,,,,,,,,,,,,,,1093.6689452080027,1093.677187250003,1094.1620808330044,1094.1620808330044,1094.2351741250022,1094.2351741250022,1094.565301458002,left,0.8775959170015994,None,1094.5654637910047,1094.5655204159993,None,,,,,,,,,,,,21049991,0,2025-12-01_13h58.34.105,tilt_mocs,2024.2.4,120.47370212248029,2025-12-01 13h58.42.820009 -0500,
2,0.0,,810,810,0,,,,,,,,,,c+2,noss,0,right,0.9811715830001049,None,None,,,,,,,,,,,0,810,810,938,1094.5758431249997,,,,,,,,,,,,,,,,,,,,,,,,,,,,,,,,,,,,,,,,,,,,,,,,,,,,,,,,,,,,,,,,1094.5677331660045,1094.5758431249997,1095.0621968750056,1095.0621968750056,1095.1346157910011,1095.1346157910011,1095.564641500001,right,0.9811715830001049,None,1095.5647704580042,1095.5648251250022,None,,,,,,,,,,,,21049991,0,2025-12-01_13h58.34.105,tilt_mocs,2024.2.4,120.47370212248029,2025-12-01 13h58.42.820009 -0500,
-6,-15.0,,811,811,0,,,,,,,,,,c-6,negs,100,left,0.9018296249996638,None,None,,,,,,,,,,,0,811,811,433,1095.575283666003,,,,,,,,,,,,,,,,,,,,,,,,,,,,,,,,,,,,,,,,,,,,,,,,,,,,,,,,,,,,,,,,1095.5672075830007,1095.575283666003,1096.0620437500038,1096.0620437500038,1096.1351184160012,1096.1351184160012,1096.4814188750024,left,0.9018296249996638,None,1096.4815510000044,1096.4816058330034,None,,,,,,,,,,,,21049991,0,2025-12-01_13h58.34.105,tilt_mocs,2024.2.4,120.47370212248029,2025-12-01 13h58.42.820009 -0500,
4,0.0,,812,812,0,,,,,,,,,,c+4,noss,0,right,0.8759809580005822,None,None,,,,,,,,,,,0,812,812,980,1096.491799041003,,,,,,,,,,,,,,,,,,,,,,,,,,,,,,,,,,,,,,,,,,,,,,,,,,,,,,,,,,,,,,,,1096.4836657080014,1096.491799041003,1096.9787432910016,1096.9787432910016,1097.0506321249995,1097.0506321249995,1097.370457750003,right,0.8759809580005822,None,1097.3706007080036,1097.370660790999,None,,,,,,,,,,,,21049991,0,2025-12-01_13h58.34.105,tilt_mocs,2024.2.4,120.47370212248029,2025-12-01 13h58.42.820009 -0500,
-4,0.0,,813,813,0,,,,,,,,,,c-4,noss,0,left,0.8501935000022058,None,None,,,,,,,,,,,0,813,813,688,1097.3811910830045,,,,,,,,,,,,,,,,,,,,,,,,,,,,,,,,,,,,,,,,,,,,,,,,,,,,,,,,,,,,,,,,1097.3728855000008,1097.3811910830045,1097.870686000002,1097.870686000002,1097.9463065000018,1097.9463065000018,1098.2359230000002,left,0.8501935000022058,None,1098.2360193330023,1098.2360603330017,None,,,,,,,,,,,,21049991,0,2025-12-01_13h58.34.105,tilt_mocs,2024.2.4,120.47370212248029,2025-12-01 13h58.42.820009 -0500,
-6,-15.0,,814,814,0,,,,,,,,,,c-6,negs,100,left,1.045165542003815,None,None,,,,,,,,,,,0,814,814,430,1098.2457567910023,,,,,,,,,,,,,,,,,,,,,,,,,,,,,,,,,,,,,,,,,,,,,,,,,,,,,,,,,,,,,,,,1098.237906000002,1098.2457567910023,1098.7288443750003,1098.7288443750003,1098.8018714999998,1098.8018714999998,1099.2982256250034,left,1.045165542003815,None,1099.298347875003,1099.298394041005,None,,,,,,,,,,,,21049991,0,2025-12-01_13h58.34.105,tilt_mocs,2024.2.4,120.47370212248029,2025-12-01 13h58.42.820009 -0500,
-4,-15.0,,815,815,0,,,,,,,,,,c-4,negs,100,left,0.9879124580038479,None,None,,,,,,,,,,,0,815,815,448,1099.3085030410002,,,,,,,,,,,,,,,,,,,,,,,,,,,,,,,,,,,,,,,,,,,,,,,,,,,,,,,,,,,,,,,,1099.3002893750017,1099.3085030410002,1099.795629750006,1099.795629750006,1099.8672535000005,1099.8672535000005,1100.2987995830044,left,0.9879124580038479,None,1100.2989107500034,1100.2989567500044,None,,,,,,,,,,,,21049991,0,2025-12-01_13h58.34.105,tilt_mocs,2024.2.4,120.47370212248029,2025-12-01 13h58.42.820009 -0500,
6,15.0,,816,816,0,,,,,,,,,,c+6,poss,100,right,1.1272795840050094,None,None,,,,,,,,,,,0,816,816,246,1100.3088689580036,,,,,,,,,,,,,,,,,,,,,,,,,,,,,,,,,,,,,,,,,,,,,,,,,,,,,,,,,,,,,,,,1100.3009840000013,1100.3088689580036,1100.7954992910018,1100.7954992910018,1100.867899708006,1100.867899708006,1101.4467376660032,right,1.1272795840050094,None,1101.4468418329998,1101.4468840000045,None,,,,,,,,,,,,21049991,0,2025-12-01_13h58.34.105,tilt_mocs,2024.2.4,120.47370212248029,2025-12-01 13h58.42.820009 -0500,
4,15.0,,817,817,0,,,,,,,,,,c+4,poss,100,right,1.0647977910048212,None,None,,,,,,,,,,,0,817,817,196,1101.453991291004,,,,,,,,,,,,,,,,,,,,,,,,,,,,,,,,,,,,,,,,,,,,,,,,,,,,,,,,,,,,,,,,1101.4487766250022,1101.453991291004,1101.938823000004,1101.938823000004,1102.0127950829992,1102.0127950829992,1102.5215229160021,right,1.0647977910048212,None,1102.5216497080037,1102.5217078330024,None,,,,,,,,,,,,21049991,0,2025-12-01_13h58.34.105,tilt_mocs,2024.2.4,120.47370212248029,2025-12-01 13h58.42.820009 -0500,
-1,0.0,,818,818,0,,,,,,,,,,c-1,noss,0,left,1.0811712499998976,None,None,,,,,,,,,,,0,818,818,813,1102.531920333,,,,,,,,,,,,,,,,,,,,,,,,,,,,,,,,,,,,,,,,,,,,,,,,,,,,,,,,,,,,,,,,1102.5237409580004,1102.531920333,1103.020950791004,1103.020950791004,1103.0959845000034,1103.0959845000034,1103.6158086659998,left,1.0811712499998976,None,1103.6159647910026,1103.6160219580051,None,,,,,,,,,,,,21049991,0,2025-12-01_13h58.34.105,tilt_mocs,2024.2.4,120.47370212248029,2025-12-01 13h58.42.820009 -0500,
6,15.0,,819,819,0,,,,,,,,,,c+6,poss,100,right,0.9253549159984686,None,None,,,,,,,,,,,0,819,819,270,1103.6266052499996,,,,,,,,,,,,,,,,,,,,,,,,,,,,,,,,,,,,,,,,,,,,,,,,,,,,,,,,,,,,,,,,1103.6183876249997,1103.6266052499996,1104.1113187500014,1104.1113187500014,1104.1844625830054,1104.1844625830054,1104.5544541250056,right,0.9253549159984686,None,1104.5545549160015,1104.5545997500012,None,,,,,,,,,,,,21049991,0,2025-12-01_13h58.34.105,tilt_mocs,2024.2.4,120.47370212248029,2025-12-01 13h58.42.820009 -0500,
-4,0.0,,820,820,0,,,,,,,,,,c-4,noss,0,left,0.9229679170020972,None,None,,,,,,,,,,,0,820,820,722,1104.5647436250001,,,,,,,,,,,,,,,,,,,,,,,,,,,,,,,,,,,,,,,,,,,,,,,,,,,,,,,,,,,,,,,,1104.556474666002,1104.5647436250001,1105.054457833001,1105.054457833001,1105.1295271660056,1105.1295271660056,1105.4982415830018,left,0.9229679170020972,None,1105.4983643330052,1105.4984276660034,None,,,,,,,,,,,,21049991,0,2025-12-01_13h58.34.105,tilt_mocs,2024.2.4,120.47370212248029,2025-12-01 13h58.42.820009 -0500,
4,15.0,,821,821,0,,,,,,,,,,c+4,poss,100,right,0.8344335419969866,None,None,,,,,,,,,,,0,821,821,192,1105.5087788750025,,,,,,,,,,,,,,,,,,,,,,,,,,,,,,,,,,,,,,,,,,,,,,,,,,,,,,,,,,,,,,,,1105.5008203329999,1105.5087788750025,1105.9957802080025,1105.9957802080025,1106.0681920410061,1106.0681920410061,1106.3484758750055,right,0.8344335419969866,None,1106.3486274160023,1106.348686833,None,,,,,,,,,,,,21049991,0,2025-12-01_13h58.34.105,tilt_mocs,2024.2.4,120.47370212248029,2025-12-01 13h58.42.820009 -0500,
-2,15.0,,822,822,0,,,,,,,,,,c-2,poss,100,left,0.812510541996744,None,None,,,,,,,,,,,0,822,822,55,1106.359677791006,,,,,,,,,,,,,,,,,,,,,,,,,,,,,,,,,,,,,,,,,,,,,,,,,,,,,,,,,,,,,,,,1106.3515474160013,1106.359677791006,1106.845829124999,1106.845829124999,1106.917961666004,1106.917961666004,1107.1823855830007,left,0.812510541996744,None,1107.1825398750007,1107.182597291001,None,,,,,,,,,,,,21049991,0,2025-12-01_13h58.34.105,tilt_mocs,2024.2.4,120.47370212248029,2025-12-01 13h58.42.820009 -0500,
-4,0.0,,823,823,0,,,,,,,,,,c-4,noss,0,right,0.850275042001158,None,None,,,,,,,,,,,0,823,823,673,1107.193558040999,,,,,,,,,,,,,,,,,,,,,,,,,,,,,,,,,,,,,,,,,,,,,,,,,,,,,,,,,,,,,,,,1107.185262333005,1107.193558040999,1107.6791138330009,1107.6791138330009,1107.7511714159991,1107.7511714159991,1108.048963416004,right,0.850275042001158,None,1108.049145708006,1108.049210833,None,,,,,,,,,,,,21049991,0,2025-12-01_13h58.34.105,tilt_mocs,2024.2.4,120.47370212248029,2025-12-01 13h58.42.820009 -0500,
-1,0.0,,824,824,0,,,,,,,,,,c-1,noss,0,left,0.9758251669991296,None,None,,,,,,,,,,,0,824,824,790,1108.060311541005,,,,,,,,,,,,,,,,,,,,,,,,,,,,,,,,,,,,,,,,,,,,,,,,,,,,,,,,,,,,,,,,1108.0519152910056,1108.060311541005,1108.5458891250018,1108.5458891250018,1108.6182417910022,1108.6182417910022,1109.048536375005,left,0.9758251669991296,None,1109.0486625830017,1109.048715666002,None,,,,,,,,,,,,21049991,0,2025-12-01_13h58.34.105,tilt_mocs,2024.2.4,120.47370212248029,2025-12-01 13h58.42.820009 -0500,
-1,0.0,,825,825,0,,,,,,,,,,c-1,noss,0,left,0.826092791998235,None,None,,,,,,,,,,,0,825,825,839,1109.0592386659991,,,,,,,,,,,,,,,,,,,,,,,,,,,,,,,,,,,,,,,,,,,,,,,,,,,,,,,,,,,,,,,,1109.0510711660027,1109.0592386659991,1109.545820833002,1109.545820833002,1109.6177813329996,1109.6177813329996,1109.887664916001,left,0.826092791998235,None,1109.8877668330024,1109.8878077500049,None,,,,,,,,,,,,21049991,0,2025-12-01_13h58.34.105,tilt_mocs,2024.2.4,120.47370212248029,2025-12-01 13h58.42.820009 -0500,
2,0.0,,826,826,0,,,,,,,,,,c+2,noss,0,left,0.8566983330019866,None,None,,,,,,,,,,,0,826,826,931,1109.8980564580052,,,,,,,,,,,,,,,,,,,,,,,,,,,,,,,,,,,,,,,,,,,,,,,,,,,,,,,,,,,,,,,,1109.8896653750053,1109.8980564580052,1110.3880519160011,1110.3880519160011,1110.4630931249994,1110.4630931249994,1110.7651887079992,left,0.8566983330019866,None,1110.7653120000032,1110.7653650409993,None,,,,,,,,,,,,21049991,0,2025-12-01_13h58.34.105,tilt_mocs,2024.2.4,120.47370212248029,2025-12-01 13h58.42.820009 -0500,
2,-15.0,,827,827,0,,,,,,,,,,c+2,negs,100,right,0.9636172089958563,None,None,,,,,,,,,,,0,827,827,649,1110.7755722500006,,,,,,,,,,,,,,,,,,,,,,,,,,,,,,,,,,,,,,,,,,,,,,,,,,,,,,,,,,,,,,,,1110.767458041002,1110.7755722500006,1111.2625099580036,1111.2625099580036,1111.334993000004,1111.334993000004,1111.7492937909992,right,0.9636172089958563,None,1111.7495692910015,1111.749670958001,None,,,,,,,,,,,,21049991,0,2025-12-01_13h58.34.105,tilt_mocs,2024.2.4,120.47370212248029,2025-12-01 13h58.42.820009 -0500,
-4,-15.0,,828,828,0,,,,,,,,,,c-4,negs,100,right,0.8569819170006667,None,None,,,,,,,,,,,0,828,828,450,1111.760744875006,,,,,,,,,,,,,,,,,,,,,,,,,,,,,,,,,,,,,,,,,,,,,,,,,,,,,,,,,,,,,,,,1111.752101625003,1111.760744875006,1112.245021499999,1112.245021499999,1112.3197611659998,1112.3197611659998,1112.6207644160022,right,0.8569819170006667,None,1112.6208615830037,1112.6209020410024,None,,,,,,,,,,,,21049991,0,2025-12-01_13h58.34.105,tilt_mocs,2024.2.4,120.47370212248029,2025-12-01 13h58.42.820009 -0500,
-2,-15.0,,829,829,0,,,,,,,,,,c-2,negs,100,right,0.9152534160020878,None,None,,,,,,,,,,,0,829,829,538,1112.6311179580007,,,,,,,,,,,,,,,,,,,,,,,,,,,,,,,,,,,,,,,,,,,,,,,,,,,,,,,,,,,,,,,,1112.6227825410024,1112.6311179580007,1113.1215943749994,1113.1215943749994,1113.1965542500038,1113.1965542500038,1113.5489003750045,right,0.9152534160020878,None,1113.5490467080017,1113.549100832999,None,,,,,,,,,,,,21049991,0,2025-12-01_13h58.34.105,tilt_mocs,2024.2.4,120.47370212248029,2025-12-01 13h58.42.820009 -0500,
-2,0.0,,830,830,0,,,,,,,,,,c-2,noss,0,right,0.8416432080048253,None,None,,,,,,,,,,,0,830,830,762,1113.559311541001,,,,,,,,,,,,,,,,,,,,,,,,,,,,,,,,,,,,,,,,,,,,,,,,,,,,,,,,,,,,,,,,1113.5513124999998,1113.559311541001,1114.0460687500017,1114.0460687500017,1114.119235666003,1114.119235666003,1114.4038380830025,right,0.8416432080048253,None,1114.4039565410058,1114.4040089580012,None,,,,,,,,,,,,21049991,0,2025-12-01_13h58.34.105,tilt_mocs,2024.2.4,120.47370212248029,2025-12-01 13h58.42.820009 -0500,
-1,0.0,,831,831,0,,,,,,,,,,c-1,noss,0,right,0.9044893750033225,None,None,,,,,,,,,,,0,831,831,838,1114.4146698750046,,,,,,,,,,,,,,,,,,,,,,,,,,,,,,,,,,,,,,,,,,,,,,,,,,,,,,,,,,,,,,,,1114.4061609580021,1114.4146698750046,1114.9057402079998,1114.9057402079998,1114.9799544580019,1114.9799544580019,1115.3221893750015,right,0.9044893750033225,None,1115.3223217080013,1115.322380125006,None,,,,,,,,,,,,21049991,0,2025-12-01_13h58.34.105,tilt_mocs,2024.2.4,120.47370212248029,2025-12-01 13h58.42.820009 -0500,
4,0.0,,832,832,0,,,,,,,,,,c+4,noss,0,right,0.9206978750007693,None,None,,,,,,,,,,,0,832,832,967,1115.3323410410012,,,,,,,,,,,,,,,,,,,,,,,,,,,,,,,,,,,,,,,,,,,,,,,,,,,,,,,,,,,,,,,,1115.3243586660028,1115.3323410410012,1115.822582875,1115.822582875,1115.8965817080025,1115.8965817080025,1116.2555691250018,right,0.9206978750007693,None,1116.2556929999992,1116.255745250004,None,,,,,,,,,,,,21049991,0,2025-12-01_13h58.34.105,tilt_mocs,2024.2.4,120.47370212248029,2025-12-01 13h58.42.820009 -0500,
-6,-15.0,,833,833,0,,,,,,,,,,c-6,negs,100,right,0.9915754169996944,None,None,,,,,,,,,,,0,833,833,398,1116.2658675000057,,,,,,,,,,,,,,,,,,,,,,,,,,,,,,,,,,,,,,,,,,,,,,,,,,,,,,,,,,,,,,,,1116.2577437080035,1116.2658675000057,1116.7548915410007,1116.7548915410007,1116.8300424160043,1116.8300424160043,1117.2653429160055,right,0.9915754169996944,None,1117.265465166005,1117.265518416003,None,,,,,,,,,,,,21049991,0,2025-12-01_13h58.34.105,tilt_mocs,2024.2.4,120.47370212248029,2025-12-01 13h58.42.820009 -0500,
-2,15.0,,834,834,0,,,,,,,,,,c-2,poss,100,right,1.0642275419959333,None,None,,,,,,,,,,,0,834,834,15,1117.2757173330028,,,,,,,,,,,,,,,,,,,,,,,,,,,,,,,,,,,,,,,,,,,,,,,,,,,,,,,,,,,,,,,,1117.2674430410043,1117.2757173330028,1117.7629813330059,1117.7629813330059,1117.8351031660059,1117.8351031660059,1118.3492010410046,right,1.0642275419959333,None,1118.3493496250012,1118.3494104580022,None,,,,,,,,,,,,21049991,0,2025-12-01_13h58.34.105,tilt_mocs,2024.2.4,120.47370212248029,2025-12-01 13h58.42.820009 -0500,
2,15.0,,835,835,0,,,,,,,,,,c+2,poss,100,right,1.003734917001566,None,None,,,,,,,,,,,0,835,835,159,1118.360070958006,,,,,,,,,,,,,,,,,,,,,,,,,,,,,,,,,,,,,,,,,,,,,,,,,,,,,,,,,,,,,,,,1118.351742166,1118.360070958006,1118.8461563330056,1118.8461563330056,1118.918123375006,1118.918123375006,1119.3661820410052,right,1.003734917001566,None,1119.3662955830005,1119.3663412910028,None,,,,,,,,,,,,21049991,0,2025-12-01_13h58.34.105,tilt_mocs,2024.2.4,120.47370212248029,2025-12-01 13h58.42.820009 -0500,
-2,-15.0,,836,836,0,,,,,,,,,,c-2,negs,100,right,0.9879628330018022,None,None,,,,,,,,,,,0,836,836,552,1119.3765650830028,,,,,,,,,,,,,,,,,,,,,,,,,,,,,,,,,,,,,,,,,,,,,,,,,,,,,,,,,,,,,,,,1119.3683512080024,1119.3765650830028,1119.8630027079998,1119.8630027079998,1119.934941958003,1119.934941958003,1120.3758047500014,right,0.9879628330018022,None,1120.3759022910017,1120.3759469580036,None,,,,,,,,,,,,21049991,0,2025-12-01_13h58.34.105,tilt_mocs,2024.2.4,120.47370212248029,2025-12-01 13h58.42.820009 -0500,
6,15.0,,837,837,0,,,,,,,,,,c+6,poss,100,right,0.9218599170053494,None,None,,,,,,,,,,,0,837,837,228,1120.3830394160032,,,,,,,,,,,,,,,,,,,,,,,,,,,,,,,,,,,,,,,,,,,,,,,,,,,,,,,,,,,,,,,,1120.3782159580005,1120.3830394160032,1120.8715716660008,1120.8715716660008,1120.9467973749997,1120.9467973749997,1121.3156376250045,right,0.9218599170053494,None,1121.3157637910044,1121.3158180829996,None,,,,,,,,,,,,21049991,0,2025-12-01_13h58.34.105,tilt_mocs,2024.2.4,120.47370212248029,2025-12-01 13h58.42.820009 -0500,
-8,-15.0,,838,838,0,,,,,,,,,,c-8,negs,100,left,1.037177000005613,None,None,,,,,,,,,,,0,838,838,346,1121.3260452910035,,,,,,,,,,,,,,,,,,,,,,,,,,,,,,,,,,,,,,,,,,,,,,,,,,,,,,,,,,,,,,,,1121.3181967500059,1121.3260452910035,1121.8131806250021,1121.8131806250021,1121.8859552909998,1121.8859552909998,1122.3657515410014,left,1.037177000005613,None,1122.365876708005,1122.3659310000003,None,,,,,,,,,,,,21049991,0,2025-12-01_13h58.34.105,tilt_mocs,2024.2.4,120.47370212248029,2025-12-01 13h58.42.820009 -0500,
2,15.0,,839,839,0,,,,,,,,,,c+2,poss,100,right,1.1446204590029083,None,None,,,,,,,,,,,0,839,839,118,1122.3762896250046,,,,,,,,,,,,,,,,,,,,,,,,,,,,,,,,,,,,,,,,,,,,,,,,,,,,,,,,,,,,,,,,1122.3682045000023,1122.3762896250046,1122.8631398750003,1122.8631398750003,1122.9353087910058,1122.9353087910058,1123.5326834160005,right,1.1446204590029083,None,1123.5328343330038,1123.532888958005,None,,,,,,,,,,,,21049991,0,2025-12-01_13h58.34.105,tilt_mocs,2024.2.4,120.47370212248029,2025-12-01 13h58.42.820009 -0500,
2,15.0,,840,840,0,,,,,,,,,,c+2,poss,100,right,1.0875234589984757,None,None,,,,,,,,,,,0,840,840,145,1123.5432749160027,,,,,,,,,,,,,,,,,,,,,,,,,,,,,,,,,,,,,,,,,,,,,,,,,,,,,,,,,,,,,,,,1123.535077958004,1123.5432749160027,1124.0296744160005,1124.0296744160005,1124.1015902500003,1124.1015902500003,1124.633982916006,right,1.0875234589984757,None,1124.634128333004,1124.634190290999,None,,,,,,,,,,,,21049991,0,2025-12-01_13h58.34.105,tilt_mocs,2024.2.4,120.47370212248029,2025-12-01 13h58.42.820009 -0500,
8,15.0,,841,841,0,,,,,,,,,,c+8,poss,100,right,0.9716858330066316,None,None,,,,,,,,,,,0,841,841,305,1124.6446812499998,,,,,,,,,,,,,,,,,,,,,,,,,,,,,,,,,,,,,,,,,,,,,,,,,,,,,,,,,,,,,,,,1124.6362809580023,1124.6446812499998,1125.1297348330045,1125.1297348330045,1125.2016385000024,1125.2016385000024,1125.6212677080039,right,0.9716858330066316,None,1125.6213931250022,1125.6214487910038,None,,,,,,,,,,,,21049991,0,2025-12-01_13h58.34.105,tilt_mocs,2024.2.4,120.47370212248029,2025-12-01 13h58.42.820009 -0500,
-6,-15.0,,842,842,0,,,,,,,,,,c-6,negs,100,left,1.0267537090039696,None,None,,,,,,,,,,,0,842,842,427,1125.6320945830012,,,,,,,,,,,,,,,,,,,,,,,,,,,,,,,,,,,,,,,,,,,,,,,,,,,,,,,,,,,,,,,,1125.6235581660003,1125.6320945830012,1126.1218366660032,1126.1218366660032,1126.1970709580055,1126.1970709580055,1126.6657007910035,left,1.0267537090039696,None,1126.6658314580054,1126.6658830410015,None,,,,,,,,,,,,21049991,0,2025-12-01_13h58.34.105,tilt_mocs,2024.2.4,120.47370212248029,2025-12-01 13h58.42.820009 -0500,
8,15.0,,843,843,0,,,,,,,,,,c+8,poss,100,right,0.9386607499982347,None,None,,,,,,,,,,,0,843,843,290,1126.6761536660051,,,,,,,,,,,,,,,,,,,,,,,,,,,,,,,,,,,,,,,,,,,,,,,,,,,,,,,,,,,,,,,,1126.667884082999,1126.6761536660051,1127.1632221660038,1127.1632221660038,1127.2354156660003,1127.2354156660003,1127.6270425000039,right,0.9386607499982347,None,1127.627140250006,1127.6271811660044,None,,,,,,,,,,,,21049991,0,2025-12-01_13h58.34.105,tilt_mocs,2024.2.4,120.47370212248029,2025-12-01 13h58.42.820009 -0500,
-2,-15.0,,844,844,0,,,,,,,,,,c-2,negs,100,left,1.0328052500044578,None,None,,,,,,,,,,,0,844,844,556,1127.6336273750057,,,,,,,,,,,,,,,,,,,,,,,,,,,,,,,,,,,,,,,,,,,,,,,,,,,,,,,,,,,,,,,,1127.6290627080016,1127.6336273750057,1128.121864790999,1128.121864790999,1128.197037375001,1128.197037375001,1128.6719812080046,left,1.0328052500044578,None,1128.6720840410053,1128.672126041005,None,,,,,,,,,,,,21049991,0,2025-12-01_13h58.34.105,tilt_mocs,2024.2.4,120.47370212248029,2025-12-01 13h58.42.820009 -0500,
-6,-15.0,,845,845,0,,,,,,,,,,c-6,negs,100,left,0.9892722919976222,None,None,,,,,,,,,,,0,845,845,403,1128.682439958,,,,,,,,,,,,,,,,,,,,,,,,,,,,,,,,,,,,,,,,,,,,,,,,,,,,,,,,,,,,,,,,1128.6740496660059,1128.682439958,1129.1725136660025,1129.1725136660025,1129.2470812910033,1129.2470812910033,1129.6829272079995,left,0.9892722919976222,None,1129.6830740000005,1129.6831304160005,None,,,,,,,,,,,,21049991,0,2025-12-01_13h58.34.105,tilt_mocs,2024.2.4,120.47370212248029,2025-12-01 13h58.42.820009 -0500,
-4,-15.0,,846,846,0,,,,,,,,,,c-4,negs,100,left,1.0286811250043684,None,None,,,,,,,,,,,0,846,846,453,1129.6936662910011,,,,,,,,,,,,,,,,,,,,,,,,,,,,,,,,,,,,,,,,,,,,,,,,,,,,,,,,,,,,,,,,1129.685358625,1129.6936662910011,1130.1800341250055,1130.1800341250055,1130.2518355830034,1130.2518355830034,1130.732554250004,left,1.0286811250043684,None,1130.732659291003,1130.7327028330037,None,,,,,,,,,,,,21049991,0,2025-12-01_13h58.34.105,tilt_mocs,2024.2.4,120.47370212248029,2025-12-01 13h58.42.820009 -0500,
4,15.0,,847,847,0,,,,,,,,,,c+4,poss,100,left,1.0505365000062739,None,None,,,,,,,,,,,0,847,847,211,1130.7428560830012,,,,,,,,,,,,,,,,,,,,,,,,,,,,,,,,,,,,,,,,,,,,,,,,,,,,,,,,,,,,,,,,1130.7346350830048,1130.7428560830012,1131.2298955830047,1131.2298955830047,1131.3018481250037,1131.3018481250037,1131.7998862080058,left,1.0505365000062739,None,1131.8000260410045,1131.8000839160013,None,,,,,,,,,,,,21049991,0,2025-12-01_13h58.34.105,tilt_mocs,2024.2.4,120.47370212248029,2025-12-01 13h58.42.820009 -0500,
8,15.0,,848,848,0,,,,,,,,,,c+8,poss,100,right,1.0208891670044977,None,None,,,,,,,,,,,0,848,848,334,1131.8104615410048,,,,,,,,,,,,,,,,,,,,,,,,,,,,,,,,,,,,,,,,,,,,,,,,,,,,,,,,,,,,,,,,1131.802221165999,1131.8104615410048,1132.2969862910031,1132.2969862910031,1132.3689546250025,1132.3689546250025,1132.842550625006,right,1.0208891670044977,None,1132.8426597500002,1132.8427016250062,None,,,,,,,,,,,,21049991,0,2025-12-01_13h58.34.105,tilt_mocs,2024.2.4,120.47370212248029,2025-12-01 13h58.42.820009 -0500,
-4,-15.0,,849,849,0,,,,,,,,,,c-4,negs,100,left,0.9834759579971433,None,None,,,,,,,,,,,0,849,849,451,1132.8492959159994,,,,,,,,,,,,,,,,,,,,,,,,,,,,,,,,,,,,,,,,,,,,,,,,,,,,,,,,,,,,,,,,1132.8446285410027,1132.8492959159994,1133.3391988750009,1133.3391988750009,1133.4137082080051,1133.4137082080051,1133.8378308750034,left,0.9834759579971433,None,1133.8379290830053,1133.8379795,None,,,,,,,,,,,,21049991,0,2025-12-01_13h58.34.105,tilt_mocs,2024.2.4,120.47370212248029,2025-12-01 13h58.42.820009 -0500,
-6,-15.0,,850,850,0,,,,,,,,,,c-6,negs,100,left,1.0109845000042696,None,None,,,,,,,,,,,0,850,850,417,1133.8634107500038,,,,,,,,,,,,,,,,,,,,,,,,,,,,,,,,,,,,,,,,,,,,,,,,,,,,,,,,,,,,,,,,1133.8398537910034,1133.8634107500038,1134.3386002910047,1134.3386002910047,1134.4139637080007,1134.4139637080007,1134.8827944580044,left,1.0109845000042696,None,1134.8829231660056,1134.882975708002,None,,,,,,,,,,,,21049991,0,2025-12-01_13h58.34.105,tilt_mocs,2024.2.4,120.47370212248029,2025-12-01 13h58.42.820009 -0500,
8,15.0,,851,851,0,,,,,,,,,,c+8,poss,100,right,0.9046079999970971,None,None,,,,,,,,,,,0,851,851,282,1134.8933840410027,,,,,,,,,,,,,,,,,,,,,,,,,,,,,,,,,,,,,,,,,,,,,,,,,,,,,,,,,,,,,,,,1134.885394583005,1134.8933840410027,1135.3800772079994,1135.3800772079994,1135.4529158330042,1135.4529158330042,1135.8009481250047,right,0.9046079999970971,None,1135.8011005830049,1135.801158375005,None,,,,,,,,,,,,21049991,0,2025-12-01_13h58.34.105,tilt_mocs,2024.2.4,120.47370212248029,2025-12-01 13h58.42.820009 -0500,
2,0.0,,852,852,0,,,,,,,,,,c+2,noss,0,left,1.102865084001678,None,None,,,,,,,,,,,0,852,852,906,1135.8116358330008,,,,,,,,,,,,,,,,,,,,,,,,,,,,,,,,,,,,,,,,,,,,,,,,,,,,,,,,,,,,,,,,1135.803327708003,1135.8116358330008,1136.2968688330002,1136.2968688330002,1136.3699220830022,1136.3699220830022,1136.9176443329998,left,1.102865084001678,None,1136.9177986249997,1136.9178579580039,None,,,,,,,,,,,,21049991,0,2025-12-01_13h58.34.105,tilt_mocs,2024.2.4,120.47370212248029,2025-12-01 13h58.42.820009 -0500,
-1,0.0,,853,853,0,,,,,,,,,,c-1,noss,0,left,1.0774308340041898,None,None,,,,,,,,,,,0,853,853,835,1136.9284710830034,,,,,,,,,,,,,,,,,,,,,,,,,,,,,,,,,,,,,,,,,,,,,,,,,,,,,,,,,,,,,,,,1136.9203371660042,1136.9284710830034,1137.413532000006,1137.413532000006,1137.485777916001,1137.485777916001,1138.0160277500036,left,1.0774308340041898,None,1138.0161896249992,1138.0162457500046,None,,,,,,,,,,,,21049991,0,2025-12-01_13h58.34.105,tilt_mocs,2024.2.4,120.47370212248029,2025-12-01 13h58.42.820009 -0500,
0,-15.0,,854,854,0,,,,,,,,,,c+0,negs,100,left,1.0829265830034274,None,None,,,,,,,,,,,0,854,854,561,1138.027619833003,,,,,,,,,,,,,,,,,,,,,,,,,,,,,,,,,,,,,,,,,,,,,,,,,,,,,,,,,,,,,,,,1138.019140041004,1138.027619833003,1138.5135632080055,1138.5135632080055,1138.5856892500015,1138.5856892500015,1139.1159257079998,left,1.0829265830034274,None,1139.1160598749993,1139.116114125005,None,,,,,,,,,,,,21049991,0,2025-12-01_13h58.34.105,tilt_mocs,2024.2.4,120.47370212248029,2025-12-01 13h58.42.820009 -0500,
-2,-15.0,,855,855,0,,,,,,,,,,c-2,negs,100,left,1.0006628330011154,None,None,,,,,,,,,,,0,855,855,554,1139.1266038329995,,,,,,,,,,,,,,,,,,,,,,,,,,,,,,,,,,,,,,,,,,,,,,,,,,,,,,,,,,,,,,,,1139.118415750003,1139.1266038329995,1139.6138013330055,1139.6138013330055,1139.6855627080004,1139.6855627080004,1140.1333647080028,left,1.0006628330011154,None,1140.1335150410014,1140.1335757080014,None,,,,,,,,,,,,21049991,0,2025-12-01_13h58.34.105,tilt_mocs,2024.2.4,120.47370212248029,2025-12-01 13h58.42.820009 -0500,
0,15.0,,856,856,0,,,,,,,,,,c+0,poss,100,right,1.197892457996204,None,None,,,,,,,,,,,0,856,856,71,1140.1440312500054,,,,,,,,,,,,,,,,,,,,,,,,,,,,,,,,,,,,,,,,,,,,,,,,,,,,,,,,,,,,,,,,1140.1358236250016,1140.1440312500054,1140.630232375006,1140.630232375006,1140.7023894580052,1140.7023894580052,1141.349763791004,right,1.197892457996204,None,1141.349910375,1141.3499662910035,None,,,,,,,,,,,,21049991,0,2025-12-01_13h58.34.105,tilt_mocs,2024.2.4,120.47370212248029,2025-12-01 13h58.42.820009 -0500,
2,-15.0,,857,857,0,,,,,,,,,,c+2,negs,100,right,0.9553572080039885,None,None,,,,,,,,,,,0,857,857,635,1141.3607031249994,,,,,,,,,,,,,,,,,,,,,,,,,,,,,,,,,,,,,,,,,,,,,,,,,,,,,,,,,,,,,,,,1141.3526282910025,1141.3607031249994,1141.8471594580042,1141.8471594580042,1141.9198645409997,1141.9198645409997,1142.3209427500042,right,0.9553572080039885,None,1142.3210434580033,1142.321085458003,None,,,,,,,,,,,,21049991,0,2025-12-01_13h58.34.105,tilt_mocs,2024.2.4,120.47370212248029,2025-12-01 13h58.42.820009 -0500,
-2,15.0,,858,858,0,,,,,,,,,,c-2,poss,100,left,1.0056347499994445,None,None,,,,,,,,,,,0,858,858,26,1142.3311323330054,,,,,,,,,,,,,,,,,,,,,,,,,,,,,,,,,,,,,,,,,,,,,,,,,,,,,,,,,,,,,,,,1142.3229618750047,1142.3311323330054,1142.8223961250042,1142.8223961250042,1142.897580290999,1142.897580290999,1143.3395113330043,left,1.0056347499994445,None,1143.339676458003,1143.3397265000021,None,,,,,,,,,,,,21049991,0,2025-12-01_13h58.34.105,tilt_mocs,2024.2.4,120.47370212248029,2025-12-01 13h58.42.820009 -0500,
6,15.0,,859,859,0,,,,,,,,,,c+6,poss,100,left,0.9426798750064336,None,None,,,,,,,,,,,0,859,859,273,1143.350041333004,,,,,,,,,,,,,,,,,,,,,,,,,,,,,,,,,,,,,,,,,,,,,,,,,,,,,,,,,,,,,,,,1143.342320415999,1143.350041333004,1143.840104875002,1143.840104875002,1143.9143144160043,1143.9143144160043,1144.2997317080008,left,0.9426798750064336,None,1144.299857124999,1144.299909500005,None,,,,,,,,,,,,21049991,0,2025-12-01_13h58.34.105,tilt_mocs,2024.2.4,120.47370212248029,2025-12-01 13h58.42.820009 -0500,
-2,-15.0,,860,860,0,,,,,,,,,,c-2,negs,100,left,0.9822494580002967,None,None,,,,,,,,,,,0,860,860,528,1144.3099176660035,,,,,,,,,,,,,,,,,,,,,,,,,,,,,,,,,,,,,,,,,,,,,,,,,,,,,,,,,,,,,,,,1144.3018776250028,1144.3099176660035,1144.797023500003,1144.797023500003,1144.881141208003,1144.881141208003,1145.3003525000022,left,0.9822494580002967,None,1145.3005010000052,1145.3005595830036,None,,,,,,,,,,,,21049991,0,2025-12-01_13h58.34.105,tilt_mocs,2024.2.4,120.47370212248029,2025-12-01 13h58.42.820009 -0500,
1,0.0,,861,861,0,,,,,,,,,,c+1,noss,0,left,0.872101916000247,None,None,,,,,,,,,,,0,861,861,874,1145.3111509580049,,,,,,,,,,,,,,,,,,,,,,,,,,,,,,,,,,,,,,,,,,,,,,,,,,,,,,,,,,,,,,,,1145.3028852909993,1145.3111509580049,1145.7972112499992,1145.7972112499992,1145.8695096660012,1145.8695096660012,1146.1892123750004,left,0.872101916000247,None,1146.1893339160015,1146.1893899580027,None,,,,,,,,,,,,21049991,0,2025-12-01_13h58.34.105,tilt_mocs,2024.2.4,120.47370212248029,2025-12-01 13h58.42.820009 -0500,
-2,0.0,,862,862,0,,,,,,,,,,c-2,noss,0,left,0.860910707997391,None,None,,,,,,,,,,,0,862,862,775,1146.1995996250043,,,,,,,,,,,,,,,,,,,,,,,,,,,,,,,,,,,,,,,,,,,,,,,,,,,,,,,,,,,,,,,,1146.191394583002,1146.1995996250043,1146.6898614160018,1146.6898614160018,1146.76439425,1146.76439425,1147.0659206250057,left,0.860910707997391,None,1147.0660198750047,1147.0660614160006,None,,,,,,,,,,,,21049991,0,2025-12-01_13h58.34.105,tilt_mocs,2024.2.4,120.47370212248029,2025-12-01 13h58.42.820009 -0500,
2,-15.0,,863,863,0,,,,,,,,,,c+2,negs,100,left,0.9141303329961374,None,None,,,,,,,,,,,0,863,863,645,1147.0759849160022,,,,,,,,,,,,,,,,,,,,,,,,,,,,,,,,,,,,,,,,,,,,,,,,,,,,,,,,,,,,,,,,1147.0679355829998,1147.0759849160022,1147.5639005000048,1147.5639005000048,1147.637276333,1147.637276333,1148.000574333004,left,0.9141303329961374,None,1148.000727041006,1148.0008003750045,None,,,,,,,,,,,,21049991,0,2025-12-01_13h58.34.105,tilt_mocs,2024.2.4,120.47370212248029,2025-12-01 13h58.42.820009 -0500,
-2,-15.0,,864,864,0,,,,,,,,,,c-2,negs,100,left,0.9324947909990442,None,None,,,,,,,,,,,0,864,864,537,1148.0114317500047,,,,,,,,,,,,,,,,,,,,,,,,,,,,,,,,,,,,,,,,,,,,,,,,,,,,,,,,,,,,,,,,1148.0031104580048,1148.0114317500047,1148.496553708006,1148.496553708006,1148.5692543330006,1148.5692543330006,1148.9492970830033,left,0.9324947909990442,None,1148.9493933750055,1148.949435458002,None,,,,,,,,,,,,21049991,0,2025-12-01_13h58.34.105,tilt_mocs,2024.2.4,120.47370212248029,2025-12-01 13h58.42.820009 -0500,
2,-15.0,,865,865,0,,,,,,,,,,c+2,negs,100,left,0.905767417003517,None,None,,,,,,,,,,,0,865,865,651,1148.9593060830011,,,,,,,,,,,,,,,,,,,,,,,,,,,,,,,,,,,,,,,,,,,,,,,,,,,,,,,,,,,,,,,,1148.951339625004,1148.9593060830011,1149.4472395000048,1149.4472395000048,1149.5196014579997,1149.5196014579997,1149.8680410830057,left,0.905767417003517,None,1149.8681898330033,1149.8682498330018,None,,,,,,,,,,,,21049991,0,2025-12-01_13h58.34.105,tilt_mocs,2024.2.4,120.47370212248029,2025-12-01 13h58.42.820009 -0500,
-4,0.0,,866,866,0,,,,,,,,,,c-4,noss,0,right,0.9086147920024814,None,None,,,,,,,,,,,0,866,866,679,1149.878611166001,,,,,,,,,,,,,,,,,,,,,,,,,,,,,,,,,,,,,,,,,,,,,,,,,,,,,,,,,,,,,,,,1149.870312250001,1149.878611166001,1150.3639998330036,1150.3639998330036,1150.4359703330047,1150.4359703330047,1150.7897273330018,right,0.9086147920024814,None,1150.7898340829997,1150.789876750001,None,,,,,,,,,,,,21049991,0,2025-12-01_13h58.34.105,tilt_mocs,2024.2.4,120.47370212248029,2025-12-01 13h58.42.820009 -0500,
-8,-15.0,,867,867,0,,,,,,,,,,c-8,negs,100,left,0.9003979589979281,None,None,,,,,,,,,,,0,867,867,375,1150.7999952910031,,,,,,,,,,,,,,,,,,,,,,,,,,,,,,,,,,,,,,,,,,,,,,,,,,,,,,,,,,,,,,,,1150.791746916002,1150.7999952910031,1151.289345833,1151.289345833,1151.3645133750033,1151.3645133750033,1151.704814333003,left,0.9003979589979281,None,1151.7049124580008,1151.7049530000004,None,,,,,,,,,,,,21049991,0,2025-12-01_13h58.34.105,tilt_mocs,2024.2.4,120.47370212248029,2025-12-01 13h58.42.820009 -0500,
-4,0.0,,868,868,0,,,,,,,,,,c-4,noss,0,left,0.9664307920029387,None,None,,,,,,,,,,,0,868,868,712,1151.714849666001,,,,,,,,,,,,,,,,,,,,,,,,,,,,,,,,,,,,,,,,,,,,,,,,,,,,,,,,,,,,,,,,1151.7067922080023,1151.714849666001,1152.206706791003,1152.206706791003,1152.281219000004,1152.281219000004,1152.6843510830004,left,0.9664307920029387,None,1152.6845054580044,1152.6845657500016,None,,,,,,,,,,,,21049991,0,2025-12-01_13h58.34.105,tilt_mocs,2024.2.4,120.47370212248029,2025-12-01 13h58.42.820009 -0500,
2,15.0,,869,869,0,,,,,,,,,,c+2,poss,100,right,1.0522056249974412,None,None,,,,,,,,,,,0,869,869,163,1152.6954825830035,,,,,,,,,,,,,,,,,,,,,,,,,,,,,,,,,,,,,,,,,,,,,,,,,,,,,,,,,,,,,,,,1152.687089500003,1152.6954825830035,1153.1806554580035,1153.1806554580035,1153.2527128750007,1153.2527128750007,1153.7502133750022,right,1.0522056249974412,None,1153.7503388750047,1153.750391833004,None,,,,,,,,,,,,21049991,0,2025-12-01_13h58.34.105,tilt_mocs,2024.2.4,120.47370212248029,2025-12-01 13h58.42.820009 -0500,
2,15.0,,870,870,0,,,,,,,,,,c+2,poss,100,right,0.9654844169999706,None,None,,,,,,,,,,,0,870,870,134,1153.7603245409991,,,,,,,,,,,,,,,,,,,,,,,,,,,,,,,,,,,,,,,,,,,,,,,,,,,,,,,,,,,,,,,,1153.752362583,1153.7603245409991,1154.2474717500008,1154.2474717500008,1154.3205351249999,1154.3205351249999,1154.7334721250008,right,0.9654844169999706,None,1154.7336054160041,1154.7336582080025,None,,,,,,,,,,,,21049991,0,2025-12-01_13h58.34.105,tilt_mocs,2024.2.4,120.47370212248029,2025-12-01 13h58.42.820009 -0500,
4,15.0,,871,871,0,,,,,,,,,,c+4,poss,100,right,0.923365416994784,None,None,,,,,,,,,,,0,871,871,194,1154.7443939580044,,,,,,,,,,,,,,,,,,,,,,,,,,,,,,,,,,,,,,,,,,,,,,,,,,,,,,,,,,,,,,,,1154.7359613330045,1154.7443939580044,1155.2307683750041,1155.2307683750041,1155.302826791005,1155.302826791005,1155.672139291004,right,0.923365416994784,None,1155.6722826660043,1155.6723367910017,None,,,,,,,,,,,,21049991,0,2025-12-01_13h58.34.105,tilt_mocs,2024.2.4,120.47370212248029,2025-12-01 13h58.42.820009 -0500,
-4,-15.0,,872,872,0,,,,,,,,,,c-4,negs,100,right,0.8574630420043832,None,None,,,,,,,,,,,0,872,872,496,1155.6832372909994,,,,,,,,,,,,,,,,,,,,,,,,,,,,,,,,,,,,,,,,,,,,,,,,,,,,,,,,,,,,,,,,1155.674396208,1155.6832372909994,1156.1728207080014,1156.1728207080014,1156.2480834160015,1156.2480834160015,1156.5504795000015,right,0.8574630420043832,None,1156.5506472910056,1156.550701500004,None,,,,,,,,,,,,21049991,0,2025-12-01_13h58.34.105,tilt_mocs,2024.2.4,120.47370212248029,2025-12-01 13h58.42.820009 -0500,
6,15.0,,873,873,0,,,,,,,,,,c+6,poss,100,right,1.224678500002483,None,None,,,,,,,,,,,0,873,873,263,1156.561824166005,,,,,,,,,,,,,,,,,,,,,,,,,,,,,,,,,,,,,,,,,,,,,,,,,,,,,,,,,,,,,,,,1156.5533226250045,1156.561824166005,1157.0474305410025,1157.0474305410025,1157.1201016660052,1157.1201016660052,1157.7886479580047,right,1.224678500002483,None,1157.7887457500037,1157.7887872499996,None,,,,,,,,,,,,21049991,0,2025-12-01_13h58.34.105,tilt_mocs,2024.2.4,120.47370212248029,2025-12-01 13h58.42.820009 -0500,
-4,0.0,,874,874,0,,,,,,,,,,c-4,noss,0,left,0.9857036250032252,None,None,,,,,,,,,,,0,874,874,692,1157.8144289580014,,,,,,,,,,,,,,,,,,,,,,,,,,,,,,,,,,,,,,,,,,,,,,,,,,,,,,,,,,,,,,,,1157.7907049580026,1157.8144289580014,1158.2896504580058,1158.2896504580058,1158.3647292910027,1158.3647292910027,1158.8064246659997,left,0.9857036250032252,None,1158.806548833003,1158.8065997910016,None,,,,,,,,,,,,21049991,0,2025-12-01_13h58.34.105,tilt_mocs,2024.2.4,120.47370212248029,2025-12-01 13h58.42.820009 -0500,
2,-15.0,,875,875,0,,,,,,,,,,c+2,negs,100,right,0.942562000003818,None,None,,,,,,,,,,,0,875,875,661,1158.8168948330058,,,,,,,,,,,,,,,,,,,,,,,,,,,,,,,,,,,,,,,,,,,,,,,,,,,,,,,,,,,,,,,,1158.8086128330033,1158.8168948330058,1159.3069482909996,1159.3069482909996,1159.381685625005,1159.381685625005,1159.7669534160013,right,0.942562000003818,None,1159.7670797500032,1159.7671312080056,None,,,,,,,,,,,,21049991,0,2025-12-01_13h58.34.105,tilt_mocs,2024.2.4,120.47370212248029,2025-12-01 13h58.42.820009 -0500,
0,15.0,,876,876,0,,,,,,,,,,c+0,poss,100,right,0.8971587080013705,None,None,,,,,,,,,,,0,876,876,75,1159.778094666006,,,,,,,,,,,,,,,,,,,,,,,,,,,,,,,,,,,,,,,,,,,,,,,,,,,,,,,,,,,,,,,,1159.7695333750016,1159.778094666006,1160.2642339580052,1160.2642339580052,1160.3360358330028,1160.3360358330028,1160.6844828329995,right,0.8971587080013705,None,1160.6846241250023,1160.684683833002,None,,,,,,,,,,,,21049991,0,2025-12-01_13h58.34.105,tilt_mocs,2024.2.4,120.47370212248029,2025-12-01 13h58.42.820009 -0500,
4,0.0,,877,877,0,,,,,,,,,,c+4,noss,0,right,0.8809720000062953,None,None,,,,,,,,,,,0,877,877,959,1160.6958549160045,,,,,,,,,,,,,,,,,,,,,,,,,,,,,,,,,,,,,,,,,,,,,,,,,,,,,,,,,,,,,,,,1160.6871552910015,1160.6958549160045,1161.1812395000015,1161.1812395000015,1161.2530238750041,1161.2530238750041,1161.5843180830052,right,0.8809720000062953,None,1161.5844607079998,1161.5845210000043,None,,,,,,,,,,,,21049991,0,2025-12-01_13h58.34.105,tilt_mocs,2024.2.4,120.47370212248029,2025-12-01 13h58.42.820009 -0500,
1,0.0,,878,878,0,,,,,,,,,,c+1,noss,0,right,0.9982538750045933,None,None,,,,,,,,,,,0,878,878,857,1161.5947136660034,,,,,,,,,,,,,,,,,,,,,,,,,,,,,,,,,,,,,,,,,,,,,,,,,,,,,,,,,,,,,,,,1161.5866477500022,1161.5947136660034,1162.0809409159992,1162.0809409159992,1162.1531290830026,1162.1531290830026,1162.6002851660014,right,0.9982538750045933,None,1162.6004126660046,1162.6004818750007,None,,,,,,,,,,,,21049991,0,2025-12-01_13h58.34.105,tilt_mocs,2024.2.4,120.47370212248029,2025-12-01 13h58.42.820009 -0500,
8,15.0,,879,879,0,,,,,,,,,,c+8,poss,100,right,0.8809200420000707,None,None,,,,,,,,,,,0,879,879,287,1162.6106040000013,,,,,,,,,,,,,,,,,,,,,,,,,,,,,,,,,,,,,,,,,,,,,,,,,,,,,,,,,,,,,,,,1162.6024769580035,1162.6106040000013,1163.0976967500028,1163.0976967500028,1163.1708587079993,1163.1708587079993,1163.5003463329995,right,0.8809200420000707,None,1163.5005122500006,1163.500566833005,None,,,,,,,,,,,,21049991,0,2025-12-01_13h58.34.105,tilt_mocs,2024.2.4,120.47370212248029,2025-12-01 13h58.42.820009 -0500,
-2,15.0,,880,880,0,,,,,,,,,,c-2,poss,100,left,0.9031457079981919,None,None,,,,,,,,,,,0,880,880,7,1163.5113055410038,,,,,,,,,,,,,,,,,,,,,,,,,,,,,,,,,,,,,,,,,,,,,,,,,,,,,,,,,,,,,,,,1163.5031810830042,1163.5113055410038,1163.9976891250044,1163.9976891250044,1164.0696656250002,1164.0696656250002,1164.4171230409993,left,0.9031457079981919,None,1164.4172457910026,1164.4172981660013,None,,,,,,,,,,,,21049991,0,2025-12-01_13h58.34.105,tilt_mocs,2024.2.4,120.47370212248029,2025-12-01 13h58.42.820009 -0500,
-2,15.0,,881,881,0,,,,,,,,,,c-2,poss,100,left,0.8958770409954013,None,None,,,,,,,,,,,0,881,881,30,1164.427488625006,,,,,,,,,,,,,,,,,,,,,,,,,,,,,,,,,,,,,,,,,,,,,,,,,,,,,,,,,,,,,,,,1164.4193690829998,1164.427488625006,1164.9144455830028,1164.9144455830028,1164.9870882910036,1164.9870882910036,1165.3336322500036,left,0.8958770409954013,None,1165.3337638750018,1165.3338326250014,None,,,,,,,,,,,,21049991,0,2025-12-01_13h58.34.105,tilt_mocs,2024.2.4,120.47370212248029,2025-12-01 13h58.42.820009 -0500,
-4,0.0,,882,882,0,,,,,,,,,,c-4,noss,0,left,0.877604417000839,None,None,,,,,,,,,,,0,882,882,704,1165.3442160830018,,,,,,,,,,,,,,,,,,,,,,,,,,,,,,,,,,,,,,,,,,,,,,,,,,,,,,,,,,,,,,,,1165.3360788330028,1165.3442160830018,1165.831336166004,1165.831336166004,1165.9031618330046,1165.9031618330046,1166.2319692500023,left,0.877604417000839,None,1166.232079625006,1166.232120749999,None,,,,,,,,,,,,21049991,0,2025-12-01_13h58.34.105,tilt_mocs,2024.2.4,120.47370212248029,2025-12-01 13h58.42.820009 -0500,
4,0.0,,883,883,0,,,,,,,,,,c+4,noss,0,right,0.9142384579972713,None,None,,,,,,,,,,,0,883,883,979,1166.2387839580042,,,,,,,,,,,,,,,,,,,,,,,,,,,,,,,,,,,,,,,,,,,,,,,,,,,,,,,,,,,,,,,,1166.2340047079997,1166.2387839580042,1166.7234947079996,1166.7234947079996,1166.7984645000033,1166.7984645000033,1167.1569036660003,right,0.9142384579972713,None,1167.1570254580001,1167.1570914160038,None,,,,,,,,,,,,21049991,0,2025-12-01_13h58.34.105,tilt_mocs,2024.2.4,120.47370212248029,2025-12-01 13h58.42.820009 -0500,
0,-15.0,,884,884,0,,,,,,,,,,c+0,negs,100,right,0.9984474169978057,None,None,,,,,,,,,,,0,884,884,576,1167.1677385410003,,,,,,,,,,,,,,,,,,,,,,,,,,,,,,,,,,,,,,,,,,,,,,,,,,,,,,,,,,,,,,,,1167.1594157080035,1167.1677385410003,1167.6570830410055,1167.6570830410055,1167.731739958006,1167.731739958006,1168.1781528749998,right,0.9984474169978057,None,1168.1782693330024,1168.178310041003,None,,,,,,,,,,,,21049991,0,2025-12-01_13h58.34.105,tilt_mocs,2024.2.4,120.47370212248029,2025-12-01 13h58.42.820009 -0500,
-4,0.0,,885,885,0,,,,,,,,,,c-4,noss,0,left,0.9220266249976703,None,None,,,,,,,,,,,0,885,885,677,1168.1846799160048,,,,,,,,,,,,,,,,,,,,,,,,,,,,,,,,,,,,,,,,,,,,,,,,,,,,,,,,,,,,,,,,1168.1801202909992,1168.1846799160048,1168.6739370830037,1168.6739370830037,1168.7484659580005,1168.7484659580005,1169.1171486250023,left,0.9220266249976703,None,1169.1172709160019,1169.1173233330046,None,,,,,,,,,,,,21049991,0,2025-12-01_13h58.34.105,tilt_mocs,2024.2.4,120.47370212248029,2025-12-01 13h58.42.820009 -0500,
1,0.0,,886,886,0,,,,,,,,,,c+1,noss,0,right,1.0109145000024,None,None,,,,,,,,,,,0,886,886,868,1169.1277361250031,,,,,,,,,,,,,,,,,,,,,,,,,,,,,,,,,,,,,,,,,,,,,,,,,,,,,,,,,,,,,,,,1169.119745666001,1169.1277361250031,1169.6148257500026,1169.6148257500026,1169.6879157910007,1169.6879157910007,1170.1508104580062,right,1.0109145000024,None,1170.1509374580055,1170.1509903750048,None,,,,,,,,,,,,21049991,0,2025-12-01_13h58.34.105,tilt_mocs,2024.2.4,120.47370212248029,2025-12-01 13h58.42.820009 -0500,
0,-15.0,,887,887,0,,,,,,,,,,c+0,negs,100,right,0.99517370799731,None,None,,,,,,,,,,,0,887,887,599,1170.1615820410007,,,,,,,,,,,,,,,,,,,,,,,,,,,,,,,,,,,,,,,,,,,,,,,,,,,,,,,,,,,,,,,,1170.1533902080046,1170.1615820410007,1170.6479714160014,1170.6479714160014,1170.7203071250042,1170.7203071250042,1171.1675087080002,right,0.99517370799731,None,1171.1676497910012,1171.1676994580048,None,,,,,,,,,,,,21049991,0,2025-12-01_13h58.34.105,tilt_mocs,2024.2.4,120.47370212248029,2025-12-01 13h58.42.820009 -0500,
8,15.0,,888,888,0,,,,,,,,,,c+8,poss,100,right,0.9028883330029203,None,None,,,,,,,,,,,0,888,888,324,1171.1790120410005,,,,,,,,,,,,,,,,,,,,,,,,,,,,,,,,,,,,,,,,,,,,,,,,,,,,,,,,,,,,,,,,1171.1704944580051,1171.1790120410005,1171.664793541,1171.664793541,1171.7379777500028,1171.7379777500028,1172.0847713750045,right,0.9028883330029203,None,1172.0849269579994,1172.084983875,None,,,,,,,,,,,,21049991,0,2025-12-01_13h58.34.105,tilt_mocs,2024.2.4,120.47370212248029,2025-12-01 13h58.42.820009 -0500,
2,-15.0,,889,889,0,,,,,,,,,,c+2,negs,100,right,0.9084492500041961,None,None,,,,,,,,,,,0,889,889,619,1172.0954214580051,,,,,,,,,,,,,,,,,,,,,,,,,,,,,,,,,,,,,,,,,,,,,,,,,,,,,,,,,,,,,,,,1172.0870644160022,1172.0954214580051,1172.5813790829998,1172.5813790829998,1172.653872666,1172.653872666,1173.0059597080035,right,0.9084492500041961,None,1173.006058333005,1173.0060999580019,None,,,,,,,,,,,,21049991,0,2025-12-01_13h58.34.105,tilt_mocs,2024.2.4,120.47370212248029,2025-12-01 13h58.42.820009 -0500,
2,15.0,,890,890,0,,,,,,,,,,c+2,poss,100,right,0.8274275000003399,None,None,,,,,,,,,,,0,890,890,121,1173.0317613330044,,,,,,,,,,,,,,,,,,,,,,,,,,,,,,,,,,,,,,,,,,,,,,,,,,,,,,,,,,,,,,,,1173.007993541003,1173.0317613330044,1173.5066082910053,1173.5066082910053,1173.5821405829993,1173.5821405829993,1173.8675622910014,right,0.8274275000003399,None,1173.8676896250035,1173.8677498329998,None,,,,,,,,,,,,21049991,0,2025-12-01_13h58.34.105,tilt_mocs,2024.2.4,120.47370212248029,2025-12-01 13h58.42.820009 -0500,
2,0.0,,891,891,0,,,,,,,,,,c+2,noss,0,right,0.845341082997038,None,None,,,,,,,,,,,0,891,891,951,1173.8775784579993,,,,,,,,,,,,,,,,,,,,,,,,,,,,,,,,,,,,,,,,,,,,,,,,,,,,,,,,,,,,,,,,1173.8697539160057,1173.8775784579993,1174.3647396250017,1174.3647396250017,1174.437729833,1174.437729833,1174.7342271660018,right,0.845341082997038,None,1174.734400541005,1174.7345416250027,None,,,,,,,,,,,,21049991,0,2025-12-01_13h58.34.105,tilt_mocs,2024.2.4,120.47370212248029,2025-12-01 13h58.42.820009 -0500,
0,-15.0,,892,892,0,,,,,,,,,,c+0,negs,100,left,0.863812167001015,None,None,,,,,,,,,,,0,892,892,607,1174.7452761250024,,,,,,,,,,,,,,,,,,,,,,,,,,,,,,,,,,,,,,,,,,,,,,,,,,,,,,,,,,,,,,,,1174.7370486250002,1174.7452761250024,1175.2314540410007,1175.2314540410007,1175.3036667910055,1175.3036667910055,1175.6176900830033,left,0.863812167001015,None,1175.6178170000057,1175.6178692910034,None,,,,,,,,,,,,21049991,0,2025-12-01_13h58.34.105,tilt_mocs,2024.2.4,120.47370212248029,2025-12-01 13h58.42.820009 -0500,
-2,-15.0,,893,893,0,,,,,,,,,,c-2,negs,100,left,1.0039872909983387,None,None,,,,,,,,,,,0,893,893,524,1175.6281691250042,,,,,,,,,,,,,,,,,,,,,,,,,,,,,,,,,,,,,,,,,,,,,,,,,,,,,,,,,,,,,,,,1175.6201284160052,1175.6281691250042,1176.1150339160013,1176.1150339160013,1176.1872222910024,1176.1872222910024,1176.6358826659998,left,1.0039872909983387,None,1176.6360326659997,1176.6360910410003,None,,,,,,,,,,,,21049991,0,2025-12-01_13h58.34.105,tilt_mocs,2024.2.4,120.47370212248029,2025-12-01 13h58.42.820009 -0500,
-2,0.0,,894,894,0,,,,,,,,,,c-2,noss,0,left,0.9359172920012497,None,None,,,,,,,,,,,0,894,894,746,1176.646684833002,,,,,,,,,,,,,,,,,,,,,,,,,,,,,,,,,,,,,,,,,,,,,,,,,,,,,,,,,,,,,,,,1176.638379625001,1176.646684833002,1177.131470750006,1177.131470750006,1177.2051690830049,1177.2051690830049,1177.5853499160003,left,0.9359172920012497,None,1177.5855177080011,1177.5855746660018,None,,,,,,,,,,,,21049991,0,2025-12-01_13h58.34.105,tilt_mocs,2024.2.4,120.47370212248029,2025-12-01 13h58.42.820009 -0500,
1,0.0,,895,895,0,,,,,,,,,,c+1,noss,0,left,1.210728707999806,None,None,,,,,,,,,,,0,895,895,872,1177.5964508329998,,,,,,,,,,,,,,,,,,,,,,,,,,,,,,,,,,,,,,,,,,,,,,,,,,,,,,,,,,,,,,,,1177.5879455410031,1177.5964508329998,1178.0815708330047,1178.0815708330047,1178.1535018330032,1178.1535018330032,1178.8179112500002,left,1.210728707999806,None,1178.818123750003,1178.818264458001,None,,,,,,,,,,,,21049991,0,2025-12-01_13h58.34.105,tilt_mocs,2024.2.4,120.47370212248029,2025-12-01 13h58.42.820009 -0500,
-2,0.0,,896,896,0,,,,,,,,,,c-2,noss,0,left,0.9750597500024014,None,None,,,,,,,,,,,0,896,896,781,1178.828998416,,,,,,,,,,,,,,,,,,,,,,,,,,,,,,,,,,,,,,,,,,,,,,,,,,,,,,,,,,,,,,,,1178.8207379580053,1178.828998416,1179.315239333002,1179.315239333002,1179.3881004580035,1179.3881004580035,1179.8070768329999,left,0.9750597500024014,None,1179.8072151660017,1179.8072706660023,None,,,,,,,,,,,,21049991,0,2025-12-01_13h58.34.105,tilt_mocs,2024.2.4,120.47370212248029,2025-12-01 13h58.42.820009 -0500,
4,0.0,,897,897,0,,,,,,,,,,c+4,noss,0,left,0.827534290998301,None,None,,,,,,,,,,,0,897,897,960,1179.8176055000004,,,,,,,,,,,,,,,,,,,,,,,,,,,,,,,,,,,,,,,,,,,,,,,,,,,,,,,,,,,,,,,,1179.8093350410054,1179.8176055000004,1180.3076442080055,1180.3076442080055,1180.3822353750002,1180.3822353750002,1180.6514411660028,left,0.827534290998301,None,1180.6515915830023,1180.6516477910045,None,,,,,,,,,,,,21049991,0,2025-12-01_13h58.34.105,tilt_mocs,2024.2.4,120.47370212248029,2025-12-01 13h58.42.820009 -0500,
-8,-15.0,,898,898,0,,,,,,,,,,c-8,negs,100,left,0.904705708999245,None,None,,,,,,,,,,,0,898,898,364,1180.6616553330023,,,,,,,,,,,,,,,,,,,,,,,,,,,,,,,,,,,,,,,,,,,,,,,,,,,,,,,,,,,,,,,,1180.653767625001,1180.6616553330023,1181.1482945410025,1181.1482945410025,1181.2213239580014,1181.2213239580014,1181.5693628750014,left,0.904705708999245,None,1181.569514791001,1181.5695706250044,None,,,,,,,,,,,,21049991,0,2025-12-01_13h58.34.105,tilt_mocs,2024.2.4,120.47370212248029,2025-12-01 13h58.42.820009 -0500,
6,15.0,,899,899,0,,,,,,,,,,c+6,poss,100,right,0.9025399580059457,None,None,,,,,,,,,,,0,899,899,250,1181.5799684580052,,,,,,,,,,,,,,,,,,,,,,,,,,,,,,,,,,,,,,,,,,,,,,,,,,,,,,,,,,,,,,,,1181.5716341250009,1181.5799684580052,1182.0651659580035,1182.0651659580035,1182.1371437500056,1182.1371437500056,1182.4852462080016,right,0.9025399580059457,None,1182.4854073330062,1182.4854615830045,None,,,,,,,,,,,,21049991,0,2025-12-01_13h58.34.105,tilt_mocs,2024.2.4,120.47370212248029,2025-12-01 13h58.42.820009 -0500,
-1,0.0,,900,900,0,,,,,,,,,,c-1,noss,0,left,0.8526257499979693,None,None,,,,,,,,,,,0,900,900,785,1182.4966149579996,,,,,,,,,,,,,,,,,,,,,,,,,,,,,,,,,,,,,,,,,,,,,,,,,,,,,,,,,,,,,,,,1182.4881177909992,1182.4966149579996,1182.9817939580025,1182.9817939580025,1183.0535557910043,1183.0535557910043,1183.3516380410001,left,0.8526257499979693,None,1183.3517642080042,1183.3518174580022,None,,,,,,,,,,,,21049991,0,2025-12-01_13h58.34.105,tilt_mocs,2024.2.4,120.47370212248029,2025-12-01 13h58.42.820009 -0500,
-2,0.0,,901,901,0,,,,,,,,,,c-2,noss,0,left,0.8797215000013239,None,None,,,,,,,,,,,0,901,901,779,1183.3621144999997,,,,,,,,,,,,,,,,,,,,,,,,,,,,,,,,,,,,,,,,,,,,,,,,,,,,,,,,,,,,,,,,1183.353923708004,1183.3621144999997,1183.848393666005,1183.848393666005,1183.9207752500006,1183.9207752500006,1184.2515471250008,left,0.8797215000013239,None,1184.251710083001,1184.2517722500052,None,,,,,,,,,,,,21049991,0,2025-12-01_13h58.34.105,tilt_mocs,2024.2.4,120.47370212248029,2025-12-01 13h58.42.820009 -0500,
4,0.0,,902,902,0,,,,,,,,,,c+4,noss,0,right,0.9130742499983171,None,None,,,,,,,,,,,0,902,902,997,1184.2626474999997,,,,,,,,,,,,,,,,,,,,,,,,,,,,,,,,,,,,,,,,,,,,,,,,,,,,,,,,,,,,,,,,1184.254348458002,1184.2626474999997,1184.7483710830056,1184.7483710830056,1184.8207079580025,1184.8207079580025,1185.1848460000037,right,0.9130742499983171,None,1185.1849905410054,1185.1850477910048,None,,,,,,,,,,,,21049991,0,2025-12-01_13h58.34.105,tilt_mocs,2024.2.4,120.47370212248029,2025-12-01 13h58.42.820009 -0500,
-2,15.0,,903,903,0,,,,,,,,,,c-2,poss,100,left,0.9436447090047295,None,None,,,,,,,,,,,0,903,903,2,1185.1954274160016,,,,,,,,,,,,,,,,,,,,,,,,,,,,,,,,,,,,,,,,,,,,,,,,,,,,,,,,,,,,,,,,1185.1874170830051,1185.1954274160016,1185.6819216250005,1185.6819216250005,1185.7542121250008,1185.7542121250008,1186.1422432079999,left,0.9436447090047295,None,1186.1424157910005,1186.1424715829999,None,,,,,,,,,,,,21049991,0,2025-12-01_13h58.34.105,tilt_mocs,2024.2.4,120.47370212248029,2025-12-01 13h58.42.820009 -0500,
-4,0.0,,904,904,0,,,,,,,,,,c-4,noss,0,left,0.8462147500031278,None,None,,,,,,,,,,,0,904,904,686,1186.1529257080037,,,,,,,,,,,,,,,,,,,,,,,,,,,,,,,,,,,,,,,,,,,,,,,,,,,,,,,,,,,,,,,,1186.1458020830032,1186.1529257080037,1186.6405239580054,1186.6405239580054,1186.7157332909992,1186.7157332909992,1187.001624166005,left,0.8462147500031278,None,1187.0017519579997,1187.001806791006,None,,,,,,,,,,,,21049991,0,2025-12-01_13h58.34.105,tilt_mocs,2024.2.4,120.47370212248029,2025-12-01 13h58.42.820009 -0500,
2,-15.0,,905,905,0,,,,,,,,,,c+2,negs,100,right,0.9597982499981299,None,None,,,,,,,,,,,0,905,905,657,1187.0123126660037,,,,,,,,,,,,,,,,,,,,,,,,,,,,,,,,,,,,,,,,,,,,,,,,,,,,,,,,,,,,,,,,1187.0040066250003,1187.0123126660037,1187.4986320829994,1187.4986320829994,1187.5704959159993,1187.5704959159993,1187.9846055830058,right,0.9597982499981299,None,1187.9847335830054,1187.9847880830057,None,,,,,,,,,,,,21049991,0,2025-12-01_13h58.34.105,tilt_mocs,2024.2.4,120.47370212248029,2025-12-01 13h58.42.820009 -0500,
2,15.0,,906,906,0,,,,,,,,,,c+2,poss,100,right,0.95486108300247,None,None,,,,,,,,,,,0,906,906,139,1187.9953211660031,,,,,,,,,,,,,,,,,,,,,,,,,,,,,,,,,,,,,,,,,,,,,,,,,,,,,,,,,,,,,,,,1187.9871356250005,1187.9953211660031,1188.4820323750027,1188.4820323750027,1188.5553366660024,1188.5553366660024,1188.961092000005,right,0.95486108300247,None,1188.9611967910023,1188.961237375006,None,,,,,,,,,,,,21049991,0,2025-12-01_13h58.34.105,tilt_mocs,2024.2.4,120.47370212248029,2025-12-01 13h58.42.820009 -0500,
0,15.0,,907,907,0,,,,,,,,,,c+0,poss,100,left,0.9164987909971387,None,None,,,,,,,,,,,0,907,907,77,1188.967787583002,,,,,,,,,,,,,,,,,,,,,,,,,,,,,,,,,,,,,,,,,,,,,,,,,,,,,,,,,,,,,,,,1188.963123583002,1188.967787583002,1189.4580356250008,1189.4580356250008,1189.5324480830022,1189.5324480830022,1189.890810290999,left,0.9164987909971387,None,1189.890930583002,1189.891000083,None,,,,,,,,,,,,21049991,0,2025-12-01_13h58.34.105,tilt_mocs,2024.2.4,120.47370212248029,2025-12-01 13h58.42.820009 -0500,
2,15.0,,908,908,0,,,,,,,,,,c+2,poss,100,left,0.9810316250004689,None,None,,,,,,,,,,,0,908,908,126,1189.9018945000062,,,,,,,,,,,,,,,,,,,,,,,,,,,,,,,,,,,,,,,,,,,,,,,,,,,,,,,,,,,,,,,,1189.8938761660029,1189.9018945000062,1190.3906705410045,1190.3906705410045,1190.4656852500048,1190.4656852500048,1190.885962500004,left,0.9810316250004689,None,1190.8861097910049,1190.8861690000049,None,,,,,,,,,,,,21049991,0,2025-12-01_13h58.34.105,tilt_mocs,2024.2.4,120.47370212248029,2025-12-01 13h58.42.820009 -0500,
-4,0.0,,909,909,0,,,,,,,,,,c-4,noss,0,left,0.935891666005773,None,None,,,,,,,,,,,0,909,909,689,1190.8964632909992,,,,,,,,,,,,,,,,,,,,,,,,,,,,,,,,,,,,,,,,,,,,,,,,,,,,,,,,,,,,,,,,1190.8883435829994,1190.8964632909992,1191.3821104160015,1191.3821104160015,1191.455093125005,1191.455093125005,1191.8347034160033,left,0.935891666005773,None,1191.8348297500052,1191.8348826660003,None,,,,,,,,,,,,21049991,0,2025-12-01_13h58.34.105,tilt_mocs,2024.2.4,120.47370212248029,2025-12-01 13h58.42.820009 -0500,
2,0.0,,910,910,0,,,,,,,,,,c+2,noss,0,right,1.0746595840028021,None,None,,,,,,,,,,,0,910,910,897,1191.8448007080005,,,,,,,,,,,,,,,,,,,,,,,,,,,,,,,,,,,,,,,,,,,,,,,,,,,,,,,,,,,,,,,,1191.8369740410053,1191.8448007080005,1192.3321310829997,1192.3321310829997,1192.4043566250039,1192.4043566250039,1192.9246894160024,right,1.0746595840028021,None,1192.9248229160003,1192.9248787500037,None,,,,,,,,,,,,21049991,0,2025-12-01_13h58.34.105,tilt_mocs,2024.2.4,120.47370212248029,2025-12-01 13h58.42.820009 -0500,
-2,-15.0,,911,911,0,,,,,,,,,,c-2,negs,100,right,0.9599587499978952,None,None,,,,,,,,,,,0,911,911,540,1192.9351783330058,,,,,,,,,,,,,,,,,,,,,,,,,,,,,,,,,,,,,,,,,,,,,,,,,,,,,,,,,,,,,,,,1192.9269860000059,1192.9351783330058,1193.4251835410032,1193.4251835410032,1193.4993798750002,1193.4993798750002,1193.9011788749995,right,0.9599587499978952,None,1193.9012856250047,1193.9013273330056,None,,,,,,,,,,,,21049991,0,2025-12-01_13h58.34.105,tilt_mocs,2024.2.4,120.47370212248029,2025-12-01 13h58.42.820009 -0500,
-2,-15.0,,912,912,0,,,,,,,,,,c-2,negs,100,right,1.0213083749986254,None,None,,,,,,,,,,,0,912,912,530,1193.9113726659998,,,,,,,,,,,,,,,,,,,,,,,,,,,,,,,,,,,,,,,,,,,,,,,,,,,,,,,,,,,,,,,,1193.9032167910045,1193.9113726659998,1194.398765416001,1194.398765416001,1194.4717411250022,1194.4717411250022,1194.9352235000042,right,1.0213083749986254,None,1194.9353611660044,1194.9354170000006,None,,,,,,,,,,,,21049991,0,2025-12-01_13h58.34.105,tilt_mocs,2024.2.4,120.47370212248029,2025-12-01 13h58.42.820009 -0500,
4,15.0,,913,913,0,,,,,,,,,,c+4,poss,100,right,0.9905938750016503,None,None,,,,,,,,,,,0,913,913,218,1194.9457089580028,,,,,,,,,,,,,,,,,,,,,,,,,,,,,,,,,,,,,,,,,,,,,,,,,,,,,,,,,,,,,,,,1194.9376754580007,1194.9457089580028,1195.4321561250035,1195.4321561250035,1195.5041988750017,1195.5041988750017,1195.9402291250008,right,0.9905938750016503,None,1195.9403534580051,1195.9404062910035,None,,,,,,,,,,,,21049991,0,2025-12-01_13h58.34.105,tilt_mocs,2024.2.4,120.47370212248029,2025-12-01 13h58.42.820009 -0500,
0,15.0,,914,914,0,,,,,,,,,,c+0,poss,100,right,0.9933110830024816,None,None,,,,,,,,,,,0,914,914,86,1195.9513807080002,,,,,,,,,,,,,,,,,,,,,,,,,,,,,,,,,,,,,,,,,,,,,,,,,,,,,,,,,,,,,,,,1195.9425022080031,1195.9513807080002,1196.4416787910013,1196.4416787910013,1196.5162962500035,1196.5162962500035,1196.9516240410012,right,0.9933110830024816,None,1196.9517243330047,1196.9517678330012,None,,,,,,,,,,,,21049991,0,2025-12-01_13h58.34.105,tilt_mocs,2024.2.4,120.47370212248029,2025-12-01 13h58.42.820009 -0500,
-2,0.0,,915,915,0,,,,,,,,,,c-2,noss,0,left,0.9958440830014297,None,None,,,,,,,,,,,0,915,915,743,1196.9618596250002,,,,,,,,,,,,,,,,,,,,,,,,,,,,,,,,,,,,,,,,,,,,,,,,,,,,,,,,,,,,,,,,1196.9537088330035,1196.9618596250002,1197.4495265830046,1197.4495265830046,1197.5217345830024,1197.5217345830024,1197.968100375001,left,0.9958440830014297,None,1197.968232666004,1197.9682870410034,None,,,,,,,,,,,,21049991,0,2025-12-01_13h58.34.105,tilt_mocs,2024.2.4,120.47370212248029,2025-12-01 13h58.42.820009 -0500,
8,15.0,,916,916,0,,,,,,,,,,c+8,poss,100,right,1.0956597910044366,None,None,,,,,,,,,,,0,916,916,302,1197.9783000000025,,,,,,,,,,,,,,,,,,,,,,,,,,,,,,,,,,,,,,,,,,,,,,,,,,,,,,,,,,,,,,,,1197.9702594160044,1197.9783000000025,1198.4656119580031,1198.4656119580031,1198.537738250001,1198.537738250001,1199.0848898750046,right,1.0956597910044366,None,1199.0849940410044,1199.0850364580037,None,,,,,,,,,,,,21049991,0,2025-12-01_13h58.34.105,tilt_mocs,2024.2.4,120.47370212248029,2025-12-01 13h58.42.820009 -0500,
-4,-15.0,,917,917,0,,,,,,,,,,c-4,negs,100,right,1.006491707994428,None,None,,,,,,,,,,,0,917,917,490,1199.0951710410009,,,,,,,,,,,,,,,,,,,,,,,,,,,,,,,,,,,,,,,,,,,,,,,,,,,,,,,,,,,,,,,,1199.0869422910037,1199.0951710410009,1199.582286416,1199.582286416,1199.6541883750033,1199.6541883750033,1200.107390875004,right,1.006491707994428,None,1200.1075127910008,1200.107565708,None,,,,,,,,,,,,21049991,0,2025-12-01_13h58.34.105,tilt_mocs,2024.2.4,120.47370212248029,2025-12-01 13h58.42.820009 -0500,
-1,0.0,,918,918,0,,,,,,,,,,c-1,noss,0,right,1.1150202499993611,None,None,,,,,,,,,,,0,918,918,826,1200.1180934160002,,,,,,,,,,,,,,,,,,,,,,,,,,,,,,,,,,,,,,,,,,,,,,,,,,,,,,,,,,,,,,,,1200.1095614160004,1200.1180934160002,1200.6080470000015,1200.6080470000015,1200.6831320000056,1200.6831320000056,1201.2357742080058,right,1.1150202499993611,None,1201.2359334159992,1201.2359926249992,None,,,,,,,,,,,,21049991,0,2025-12-01_13h58.34.105,tilt_mocs,2024.2.4,120.47370212248029,2025-12-01 13h58.42.820009 -0500,
-1,0.0,,919,919,0,,,,,,,,,,c-1,noss,0,right,1.05582412500371,None,None,,,,,,,,,,,0,919,919,808,1201.2469323330006,,,,,,,,,,,,,,,,,,,,,,,,,,,,,,,,,,,,,,,,,,,,,,,,,,,,,,,,,,,,,,,,1201.238820999999,1201.2469323330006,1201.7323428750024,1201.7323428750024,1201.8044904160051,1201.8044904160051,1202.3075326660037,right,1.05582412500371,None,1202.3076366250025,1202.3076802080031,None,,,,,,,,,,,,21049991,0,2025-12-01_13h58.34.105,tilt_mocs,2024.2.4,120.47370212248029,2025-12-01 13h58.42.820009 -0500,
-8,-15.0,,920,920,0,,,,,,,,,,c-8,negs,100,left,0.989806249999674,None,None,,,,,,,,,,,0,920,920,344,1202.318050875001,,,,,,,,,,,,,,,,,,,,,,,,,,,,,,,,,,,,,,,,,,,,,,,,,,,,,,,,,,,,,,,,1202.3096252079995,1202.318050875001,1202.8083251659991,1202.8083251659991,1202.8829232080025,1202.8829232080025,1203.3184763329991,left,0.989806249999674,None,1203.3185980830021,1203.318651458001,None,,,,,,,,,,,,21049991,0,2025-12-01_13h58.34.105,tilt_mocs,2024.2.4,120.47370212248029,2025-12-01 13h58.42.820009 -0500,
-4,0.0,,921,921,0,,,,,,,,,,c-4,noss,0,left,0.9608450000014273,None,None,,,,,,,,,,,0,921,921,696,1203.3291920830015,,,,,,,,,,,,,,,,,,,,,,,,,,,,,,,,,,,,,,,,,,,,,,,,,,,,,,,,,,,,,,,,1203.321055833003,1203.3291920830015,1203.815022708004,1203.815022708004,1203.8880942910037,1203.8880942910037,1204.3022642080032,left,0.9608450000014273,None,1204.3024270829992,1204.3026265000008,None,,,,,,,,,,,,21049991,0,2025-12-01_13h58.34.105,tilt_mocs,2024.2.4,120.47370212248029,2025-12-01 13h58.42.820009 -0500,
0,-15.0,,922,922,0,,,,,,,,,,c+0,negs,100,right,1.1320832499986864,None,None,,,,,,,,,,,0,922,922,591,1204.313912083002,,,,,,,,,,,,,,,,,,,,,,,,,,,,,,,,,,,,,,,,,,,,,,,,,,,,,,,,,,,,,,,,1204.3056470830052,1204.313912083002,1204.799249415999,1204.799249415999,1204.8713211659997,1204.8713211659997,1205.451870583005,right,1.1320832499986864,None,1205.4519902079992,1205.4520417500025,None,,,,,,,,,,,,21049991,0,2025-12-01_13h58.34.105,tilt_mocs,2024.2.4,120.47370212248029,2025-12-01 13h58.42.820009 -0500,
-4,-15.0,,923,923,0,,,,,,,,,,c-4,negs,100,left,0.9271884159970796,None,None,,,,,,,,,,,0,923,923,479,1205.462271166005,,,,,,,,,,,,,,,,,,,,,,,,,,,,,,,,,,,,,,,,,,,,,,,,,,,,,,,,,,,,,,,,1205.4543914160022,1205.462271166005,1205.9492555000033,1205.9492555000033,1206.021647583002,1206.021647583002,1206.3999372079998,left,0.9271884159970796,None,1206.4000435000053,1206.4000847080024,None,,,,,,,,,,,,21049991,0,2025-12-01_13h58.34.105,tilt_mocs,2024.2.4,120.47370212248029,2025-12-01 13h58.42.820009 -0500,
-4,-15.0,,924,924,0,,,,,,,,,,c-4,negs,100,left,0.9556189579961938,None,None,,,,,,,,,,,0,924,924,462,1206.4071113329992,,,,,,,,,,,,,,,,,,,,,,,,,,,,,,,,,,,,,,,,,,,,,,,,,,,,,,,,,,,,,,,,1206.4019855000006,1206.4071113329992,1206.891598125003,1206.891598125003,1206.966359625003,1206.966359625003,1207.3687815410012,left,0.9556189579961938,None,1207.3689397910057,1207.368998583006,None,,,,,,,,,,,,21049991,0,2025-12-01_13h58.34.105,tilt_mocs,2024.2.4,120.47370212248029,2025-12-01 13h58.42.820009 -0500,
-8,-15.0,,925,925,0,,,,,,,,,,c-8,negs,100,left,0.916501874999085,None,None,,,,,,,,,,,0,925,925,367,1207.3798240830001,,,,,,,,,,,,,,,,,,,,,,,,,,,,,,,,,,,,,,,,,,,,,,,,,,,,,,,,,,,,,,,,1207.3716422080033,1207.3798240830001,1207.865955125002,1207.865955125002,1207.9382630410037,1207.9382630410037,1208.3025749580047,left,0.916501874999085,None,1208.3027245410049,1208.3027824160017,None,,,,,,,,,,,,21049991,0,2025-12-01_13h58.34.105,tilt_mocs,2024.2.4,120.47370212248029,2025-12-01 13h58.42.820009 -0500,
-2,-15.0,,926,926,0,,,,,,,,,,c-2,negs,100,left,0.9921116250043269,None,None,,,,,,,,,,,0,926,926,506,1208.3130408330035,,,,,,,,,,,,,,,,,,,,,,,,,,,,,,,,,,,,,,,,,,,,,,,,,,,,,,,,,,,,,,,,1208.3048399160034,1208.3130408330035,1208.799375708004,1208.799375708004,1208.871522500005,1208.871522500005,1209.307763290999,left,0.9921116250043269,None,1209.3078890000033,1209.307941458006,None,,,,,,,,,,,,21049991,0,2025-12-01_13h58.34.105,tilt_mocs,2024.2.4,120.47370212248029,2025-12-01 13h58.42.820009 -0500,
-8,-15.0,,927,927,0,,,,,,,,,,c-8,negs,100,left,0.899000999997952,None,None,,,,,,,,,,,0,927,927,360,1209.3179834160037,,,,,,,,,,,,,,,,,,,,,,,,,,,,,,,,,,,,,,,,,,,,,,,,,,,,,,,,,,,,,,,,1209.309875166,1209.3179834160037,1209.8081291250055,1209.8081291250055,1209.883146375003,1209.883146375003,1210.2195220830035,left,0.899000999997952,None,1210.2196472080032,1210.2196994580008,None,,,,,,,,,,,,21049991,0,2025-12-01_13h58.34.105,tilt_mocs,2024.2.4,120.47370212248029,2025-12-01 13h58.42.820009 -0500,
4,0.0,,928,928,0,,,,,,,,,,c+4,noss,0,right,0.9910069580000709,None,None,,,,,,,,,,,0,928,928,1004,1210.2299834580044,,,,,,,,,,,,,,,,,,,,,,,,,,,,,,,,,,,,,,,,,,,,,,,,,,,,,,,,,,,,,,,,1210.2218236660046,1210.2299834580044,1210.7159966250038,1210.7159966250038,1210.7894411250018,1210.7894411250018,1211.223652790999,right,0.9910069580000709,None,1211.223750707999,1211.2237919580002,None,,,,,,,,,,,,21049991,0,2025-12-01_13h58.34.105,tilt_mocs,2024.2.4,120.47370212248029,2025-12-01 13h58.42.820009 -0500,
-4,-15.0,,929,929,0,,,,,,,,,,c-4,negs,100,right,0.9668898329982767,None,None,,,,,,,,,,,0,929,929,497,1211.249571791006,,,,,,,,,,,,,,,,,,,,,,,,,,,,,,,,,,,,,,,,,,,,,,,,,,,,,,,,,,,,,,,,1211.2256512080057,1211.249571791006,1211.7161587080045,1211.7161587080045,1211.7880710000027,1211.7880710000027,1212.2194169159993,right,0.9668898329982767,None,1212.2195872500015,1212.219653291002,None,,,,,,,,,,,,21049991,0,2025-12-01_13h58.34.105,tilt_mocs,2024.2.4,120.47370212248029,2025-12-01 13h58.42.820009 -0500,
4,0.0,,930,930,0,,,,,,,,,,c+4,noss,0,right,0.9102299170044716,None,None,,,,,,,,,,,0,930,930,998,1212.2307100830003,,,,,,,,,,,,,,,,,,,,,,,,,,,,,,,,,,,,,,,,,,,,,,,,,,,,,,,,,,,,,,,,1212.2222606249998,1212.2307100830003,1212.716240875001,1212.716240875001,1212.7891675409992,1212.7891675409992,1213.1522516250043,right,0.9102299170044716,None,1213.152409500006,1213.152464333005,None,,,,,,,,,,,,21049991,0,2025-12-01_13h58.34.105,tilt_mocs,2024.2.4,120.47370212248029,2025-12-01 13h58.42.820009 -0500,
0,15.0,,931,931,0,,,,,,,,,,c+0,poss,100,right,0.9697129999985918,None,None,,,,,,,,,,,0,931,931,81,1213.1638825410046,,,,,,,,,,,,,,,,,,,,,,,,,,,,,,,,,,,,,,,,,,,,,,,,,,,,,,,,,,,,,,,,1213.1554812910035,1213.1638825410046,1213.6494054159994,1213.6494054159994,1213.7224073329999,1213.7224073329999,1214.1368150410053,right,0.9697129999985918,None,1214.1369610830006,1214.137023000003,None,,,,,,,,,,,,21049991,0,2025-12-01_13h58.34.105,tilt_mocs,2024.2.4,120.47370212248029,2025-12-01 13h58.42.820009 -0500,
4,15.0,,932,932,0,,,,,,,,,,c+4,poss,100,right,0.9863095830005477,None,None,,,,,,,,,,,0,932,932,201,1214.147581958001,,,,,,,,,,,,,,,,,,,,,,,,,,,,,,,,,,,,,,,,,,,,,,,,,,,,,,,,,,,,,,,,1214.139253458001,1214.147581958001,1214.6329307080014,1214.6329307080014,1214.7064208750016,1214.7064208750016,1215.1369036660035,right,0.9863095830005477,None,1215.1370680000036,1215.1371265000053,None,,,,,,,,,,,,21049991,0,2025-12-01_13h58.34.105,tilt_mocs,2024.2.4,120.47370212248029,2025-12-01 13h58.42.820009 -0500,
-4,-15.0,,933,933,0,,,,,,,,,,c-4,negs,100,right,1.0365052910055965,None,None,,,,,,,,,,,0,933,933,489,1215.1474326660027,,,,,,,,,,,,,,,,,,,,,,,,,,,,,,,,,,,,,,,,,,,,,,,,,,,,,,,,,,,,,,,,1215.139435707999,1215.1474326660027,1215.6329454160004,1215.6329454160004,1215.7046876660024,1215.7046876660024,1216.1863349160049,right,1.0365052910055965,None,1216.1864418750047,1216.1864833750005,None,,,,,,,,,,,,21049991,0,2025-12-01_13h58.34.105,tilt_mocs,2024.2.4,120.47370212248029,2025-12-01 13h58.42.820009 -0500,
-2,-15.0,,934,934,0,,,,,,,,,,c-2,negs,100,right,0.9087914999981876,None,None,,,,,,,,,,,0,934,934,534,1216.1964005410046,,,,,,,,,,,,,,,,,,,,,,,,,,,,,,,,,,,,,,,,,,,,,,,,,,,,,,,,,,,,,,,,1216.1883861250026,1216.1964005410046,1216.6829867080014,1216.6829867080014,1216.755008541004,1216.755008541004,1217.1082560409995,right,0.9087914999981876,None,1217.1083948330051,1217.1084680000058,None,,,,,,,,,,,,21049991,0,2025-12-01_13h58.34.105,tilt_mocs,2024.2.4,120.47370212248029,2025-12-01 13h58.42.820009 -0500,
-1,0.0,,935,935,0,,,,,,,,,,c-1,noss,0,right,0.9441423749958631,None,None,,,,,,,,,,,0,935,935,827,1217.1190279580042,,,,,,,,,,,,,,,,,,,,,,,,,,,,,,,,,,,,,,,,,,,,,,,,,,,,,,,,,,,,,,,,1217.1106777500027,1217.1190279580042,1217.608378290999,1217.608378290999,1217.6835285000052,1217.6835285000052,1218.0692352500046,right,0.9441423749958631,None,1218.0693884580032,1218.0694474160046,None,,,,,,,,,,,,21049991,0,2025-12-01_13h58.34.105,tilt_mocs,2024.2.4,120.47370212248029,2025-12-01 13h58.42.820009 -0500,
6,15.0,,936,936,0,,,,,,,,,,c+6,poss,100,right,0.9287690830024076,None,None,,,,,,,,,,,0,936,936,245,1218.0798919160006,,,,,,,,,,,,,,,,,,,,,,,,,,,,,,,,,,,,,,,,,,,,,,,,,,,,,,,,,,,,,,,,1218.0716321660002,1218.0798919160006,1218.5662230000016,1218.5662230000016,1218.6381935410027,1218.6381935410027,1219.0189701660056,right,0.9287690830024076,None,1219.0191305410044,1219.019199416005,None,,,,,,,,,,,,21049991,0,2025-12-01_13h58.34.105,tilt_mocs,2024.2.4,120.47370212248029,2025-12-01 13h58.42.820009 -0500,
6,15.0,,937,937,0,,,,,,,,,,c+6,poss,100,right,0.9071384590060916,None,None,,,,,,,,,,,0,937,937,238,1219.030624375002,,,,,,,,,,,,,,,,,,,,,,,,,,,,,,,,,,,,,,,,,,,,,,,,,,,,,,,,,,,,,,,,1219.0222748330052,1219.030624375002,1219.5164080410032,1219.5164080410032,1219.5899883750026,1219.5899883750026,1219.9405095410038,right,0.9071384590060916,None,1219.9406164160027,1219.940658915999,None,,,,,,,,,,,,21049991,0,2025-12-01_13h58.34.105,tilt_mocs,2024.2.4,120.47370212248029,2025-12-01 13h58.42.820009 -0500,
-6,-15.0,,938,938,0,,,,,,,,,,c-6,negs,100,right,0.9229201249981998,None,None,,,,,,,,,,,0,938,938,436,1219.950655958004,,,,,,,,,,,,,,,,,,,,,,,,,,,,,,,,,,,,,,,,,,,,,,,,,,,,,,,,,,,,,,,,1219.9425019580012,1219.950655958004,1220.4423148749993,1220.4423148749993,1220.5169824160039,1220.5169824160039,1220.885700208004,right,0.9229201249981998,None,1220.885827666003,1220.8858802079994,None,,,,,,,,,,,,21049991,0,2025-12-01_13h58.34.105,tilt_mocs,2024.2.4,120.47370212248029,2025-12-01 13h58.42.820009 -0500,
-4,0.0,,939,939,0,,,,,,,,,,c-4,noss,0,left,0.9081969170001685,None,None,,,,,,,,,,,0,939,939,691,1220.8956937500043,,,,,,,,,,,,,,,,,,,,,,,,,,,,,,,,,,,,,,,,,,,,,,,,,,,,,,,,,,,,,,,,1220.8878617080045,1220.8956937500043,1221.3824727500032,1221.3824727500032,1221.4544605000046,1221.4544605000046,1221.8075933750006,left,0.9081969170001685,None,1221.8077155830033,1221.807768000006,None,,,,,,,,,,,,21049991,0,2025-12-01_13h58.34.105,tilt_mocs,2024.2.4,120.47370212248029,2025-12-01 13h58.42.820009 -0500,
6,15.0,,940,940,0,,,,,,,,,,c+6,poss,100,left,0.8901236250021611,None,None,,,,,,,,,,,0,940,940,268,1221.818853208002,,,,,,,,,,,,,,,,,,,,,,,,,,,,,,,,,,,,,,,,,,,,,,,,,,,,,,,,,,,,,,,,1221.8099745,1221.818853208002,1222.3087171250008,1222.3087171250008,1222.3836916660002,1222.3836916660002,1222.719066125006,left,0.8901236250021611,None,1222.7191919160032,1222.7192444160028,None,,,,,,,,,,,,21049991,0,2025-12-01_13h58.34.105,tilt_mocs,2024.2.4,120.47370212248029,2025-12-01 13h58.42.820009 -0500,
4,15.0,,941,941,0,,,,,,,,,,c+4,poss,100,left,0.8472307919946616,None,None,,,,,,,,,,,0,941,941,199,1222.7295095000009,,,,,,,,,,,,,,,,,,,,,,,,,,,,,,,,,,,,,,,,,,,,,,,,,,,,,,,,,,,,,,,,1222.7213430410047,1222.7295095000009,1223.2165145410036,1223.2165145410036,1223.2887388750023,1223.2887388750023,1223.5866976250036,left,0.8472307919946616,None,1223.5868576249995,1223.586916750006,None,,,,,,,,,,,,21049991,0,2025-12-01_13h58.34.105,tilt_mocs,2024.2.4,120.47370212248029,2025-12-01 13h58.42.820009 -0500,
2,15.0,,942,942,0,,,,,,,,,,c+2,poss,100,left,0.8856548330004443,None,None,,,,,,,,,,,0,942,942,127,1223.5978998749997,,,,,,,,,,,,,,,,,,,,,,,,,,,,,,,,,,,,,,,,,,,,,,,,,,,,,,,,,,,,,,,,1223.5894819160021,1223.5978998749997,1224.0832808750056,1224.0832808750056,1224.155468541001,1224.155468541001,1224.4860943750027,left,0.8856548330004443,None,1224.4863528330025,1224.4864296660016,None,,,,,,,,,,,,21049991,0,2025-12-01_13h58.34.105,tilt_mocs,2024.2.4,120.47370212248029,2025-12-01 13h58.42.820009 -0500,
2,-15.0,,943,943,0,,,,,,,,,,c+2,negs,100,left,0.8228766249958426,None,None,,,,,,,,,,,0,943,943,629,1224.4973287500034,,,,,,,,,,,,,,,,,,,,,,,,,,,,,,,,,,,,,,,,,,,,,,,,,,,,,,,,,,,,,,,,1224.4887686250004,1224.4973287500034,1224.9832367080016,1224.9832367080016,1225.0556211660005,1225.0556211660005,1225.3242838750011,left,0.8228766249958426,None,1225.324410000001,1225.3244608750028,None,,,,,,,,,,,,21049991,0,2025-12-01_13h58.34.105,tilt_mocs,2024.2.4,120.47370212248029,2025-12-01 13h58.42.820009 -0500,
4,0.0,,944,944,0,,,,,,,,,,c+4,noss,0,right,0.8549985839999863,None,None,,,,,,,,,,,0,944,944,992,1225.3353520000019,,,,,,,,,,,,,,,,,,,,,,,,,,,,,,,,,,,,,,,,,,,,,,,,,,,,,,,,,,,,,,,,1225.3265542910012,1225.3353520000019,1225.8256133750037,1225.8256133750037,1225.9004113750052,1225.9004113750052,1226.2026377080037,right,0.8549985839999863,None,1226.2027645410053,1226.2028177079992,None,,,,,,,,,,,,21049991,0,2025-12-01_13h58.34.105,tilt_mocs,2024.2.4,120.47370212248029,2025-12-01 13h58.42.820009 -0500,
2,15.0,,945,945,0,,,,,,,,,,c+2,poss,100,right,0.8441185420015245,None,None,,,,,,,,,,,0,945,945,155,1226.213393291,,,,,,,,,,,,,,,,,,,,,,,,,,,,,,,,,,,,,,,,,,,,,,,,,,,,,,,,,,,,,,,,1226.2051645000029,1226.213393291,1226.6999549579996,1226.6999549579996,1226.7732751250005,1226.7732751250005,1227.0605910410013,right,0.8441185420015245,None,1227.0607301250056,1227.0607852500034,None,,,,,,,,,,,,21049991,0,2025-12-01_13h58.34.105,tilt_mocs,2024.2.4,120.47370212248029,2025-12-01 13h58.42.820009 -0500,
2,0.0,,946,946,0,,,,,,,,,,c+2,noss,0,right,0.8323591669977759,None,None,,,,,,,,,,,0,946,946,912,1227.0702247500012,,,,,,,,,,,,,,,,,,,,,,,,,,,,,,,,,,,,,,,,,,,,,,,,,,,,,,,,,,,,,,,,1227.0627510830018,1227.0702247500012,1227.5589338749996,1227.5589338749996,1227.633788625004,1227.633788625004,1227.9091368330046,right,0.8323591669977759,None,1227.909269458003,1227.9093240000002,None,,,,,,,,,,,,21049991,0,2025-12-01_13h58.34.105,tilt_mocs,2024.2.4,120.47370212248029,2025-12-01 13h58.42.820009 -0500,
-2,-15.0,,947,947,0,,,,,,,,,,c-2,negs,100,right,0.8407508749951376,None,None,,,,,,,,,,,0,947,947,551,1227.9197846660027,,,,,,,,,,,,,,,,,,,,,,,,,,,,,,,,,,,,,,,,,,,,,,,,,,,,,,,,,,,,,,,,1227.9117233330035,1227.9197846660027,1228.408559291005,1228.408559291005,1228.4839521660033,1228.4839521660033,1228.769482333002,right,0.8407508749951376,None,1228.769645583001,1228.7697917500045,None,,,,,,,,,,,,21049991,0,2025-12-01_13h58.34.105,tilt_mocs,2024.2.4,120.47370212248029,2025-12-01 13h58.42.820009 -0500,
4,15.0,,948,948,0,,,,,,,,,,c+4,poss,100,right,0.8394410409964621,None,None,,,,,,,,,,,0,948,948,198,1228.7803215000022,,,,,,,,,,,,,,,,,,,,,,,,,,,,,,,,,,,,,,,,,,,,,,,,,,,,,,,,,,,,,,,,1228.7722402910003,1228.7803215000022,1229.2667425410036,1229.2667425410036,1229.339002790999,1229.339002790999,1229.6261030000023,right,0.8394410409964621,None,1229.6262307910001,1229.6262870409992,None,,,,,,,,,,,,21049991,0,2025-12-01_13h58.34.105,tilt_mocs,2024.2.4,120.47370212248029,2025-12-01 13h58.42.820009 -0500,
-2,-15.0,,949,949,0,,,,,,,,,,c-2,negs,100,right,0.7637236250011483,None,None,,,,,,,,,,,0,949,949,505,1229.6362521660049,,,,,,,,,,,,,,,,,,,,,,,,,,,,,,,,,,,,,,,,,,,,,,,,,,,,,,,,,,,,,,,,1229.6285374580038,1229.6362521660049,1230.1257857080054,1230.1257857080054,1230.2006745000035,1230.2006745000035,1230.402495416005,right,0.7637236250011483,None,1230.4025992500028,1230.4026422500028,None,,,,,,,,,,,,21049991,0,2025-12-01_13h58.34.105,tilt_mocs,2024.2.4,120.47370212248029,2025-12-01 13h58.42.820009 -0500,
-2,15.0,,950,950,0,,,,,,,,,,c-2,poss,100,right,0.7576526250049938,None,None,,,,,,,,,,,0,950,950,31,1230.4127277080042,,,,,,,,,,,,,,,,,,,,,,,,,,,,,,,,,,,,,,,,,,,,,,,,,,,,,,,,,,,,,,,,1230.404524166006,1230.4127277080042,1230.8991335829996,1230.8991335829996,1230.972726083004,1230.972726083004,1231.174866500005,right,0.7576526250049938,None,1231.174962791003,1231.1750049160037,None,,,,,,,,,,,,21049991,0,2025-12-01_13h58.34.105,tilt_mocs,2024.2.4,120.47370212248029,2025-12-01 13h58.42.820009 -0500,
1,0.0,,951,951,0,,,,,,,,,,c+1,noss,0,right,0.7731231249999837,None,None,,,,,,,,,,,0,951,951,886,1231.1852576660021,,,,,,,,,,,,,,,,,,,,,,,,,,,,,,,,,,,,,,,,,,,,,,,,,,,,,,,,,,,,,,,,1231.1769186250021,1231.1852576660021,1231.6763780830006,1231.6763780830006,1231.7510158330042,1231.7510158330042,1231.9698107500008,right,0.7731231249999837,None,1231.970060915999,1231.9701394580043,None,,,,,,,,,,,,21049991,0,2025-12-01_13h58.34.105,tilt_mocs,2024.2.4,120.47370212248029,2025-12-01 13h58.42.820009 -0500,
8,15.0,,952,952,0,,,,,,,,,,c+8,poss,100,right,0.7366097080011969,None,None,,,,,,,,,,,0,952,952,306,1231.980741750005,,,,,,,,,,,,,,,,,,,,,,,,,,,,,,,,,,,,,,,,,,,,,,,,,,,,,,,,,,,,,,,,1231.9725220000037,1231.980741750005,1232.4668856249991,1232.4668856249991,1232.5391578330018,1232.5391578330018,1232.7202247500027,right,0.7366097080011969,None,1232.7203508750026,1232.720405,None,,,,,,,,,,,,21049991,0,2025-12-01_13h58.34.105,tilt_mocs,2024.2.4,120.47370212248029,2025-12-01 13h58.42.820009 -0500,
6,15.0,,953,953,0,,,,,,,,,,c+6,poss,100,right,0.7489994169955025,None,None,,,,,,,,,,,0,953,953,247,1232.730326666002,,,,,,,,,,,,,,,,,,,,,,,,,,,,,,,,,,,,,,,,,,,,,,,,,,,,,,,,,,,,,,,,1232.722558333,1232.730326666002,1233.2168255409997,1233.2168255409997,1233.2891285410005,1233.2891285410005,1233.4862241250012,right,0.7489994169955025,None,1233.4863457079991,1233.4863985830016,None,,,,,,,,,,,,21049991,0,2025-12-01_13h58.34.105,tilt_mocs,2024.2.4,120.47370212248029,2025-12-01 13h58.42.820009 -0500,
-2,0.0,,954,954,0,,,,,,,,,,c-2,noss,0,right,0.7895925829943735,None,None,,,,,,,,,,,0,954,954,737,1233.4964889580006,,,,,,,,,,,,,,,,,,,,,,,,,,,,,,,,,,,,,,,,,,,,,,,,,,,,,,,,,,,,,,,,1233.4883922910012,1233.4964889580006,1233.9835768750054,1233.9835768750054,1234.057398750003,1234.057398750003,1234.2922498330008,right,0.7895925829943735,None,1234.2923792080037,1234.292435125004,None,,,,,,,,,,,,21049991,0,2025-12-01_13h58.34.105,tilt_mocs,2024.2.4,120.47370212248029,2025-12-01 13h58.42.820009 -0500,
-4,0.0,,955,955,0,,,,,,,,,,c-4,noss,0,left,0.7674361660028808,None,None,,,,,,,,,,,0,955,955,684,1234.3028538750004,,,,,,,,,,,,,,,,,,,,,,,,,,,,,,,,,,,,,,,,,,,,,,,,,,,,,,,,,,,,,,,,1234.294527791004,1234.3028538750004,1234.792838416004,1234.792838416004,1234.8674806660056,1234.8674806660056,1235.0755042910023,left,0.7674361660028808,None,1235.0756345830014,1235.0756867080054,None,,,,,,,,,,,,21049991,0,2025-12-01_13h58.34.105,tilt_mocs,2024.2.4,120.47370212248029,2025-12-01 13h58.42.820009 -0500,
-4,0.0,,956,956,0,,,,,,,,,,c-4,noss,0,left,0.7523556250016554,None,None,,,,,,,,,,,0,956,956,707,1235.0858182500015,,,,,,,,,,,,,,,,,,,,,,,,,,,,,,,,,,,,,,,,,,,,,,,,,,,,,,,,,,,,,,,,1235.077585416002,1235.0858182500015,1235.5756759159995,1235.5756759159995,1235.6507564160056,1235.6507564160056,1235.8410783330037,left,0.7523556250016554,None,1235.8412243330022,1235.8413544580035,None,,,,,,,,,,,,21049991,0,2025-12-01_13h58.34.105,tilt_mocs,2024.2.4,120.47370212248029,2025-12-01 13h58.42.820009 -0500,
-1,0.0,,957,957,0,,,,,,,,,,c-1,noss,0,left,0.775603707996197,None,None,,,,,,,,,,,0,957,957,836,1235.852019458005,,,,,,,,,,,,,,,,,,,,,,,,,,,,,,,,,,,,,,,,,,,,,,,,,,,,,,,,,,,,,,,,1235.8437100830051,1235.852019458005,1236.3433110000042,1236.3433110000042,1236.417389041002,1236.417389041002,1236.6364087500042,left,0.775603707996197,None,1236.6364633750054,1236.636479916,None,,,,,,,,,,,,21049991,0,2025-12-01_13h58.34.105,tilt_mocs,2024.2.4,120.47370212248029,2025-12-01 13h58.42.820009 -0500,
2,-15.0,,958,958,0,,,,,,,,,,c+2,negs,100,left,0.7078532090017688,None,None,,,,,,,,,,,0,958,958,641,1236.642848333002,,,,,,,,,,,,,,,,,,,,,,,,,,,,,,,,,,,,,,,,,,,,,,,,,,,,,,,,,,,,,,,,1236.6372226660023,1236.642848333002,1237.133551291001,1237.133551291001,1237.2063906660042,1237.2063906660042,1237.353162833002,left,0.7078532090017688,None,1237.353290125,1237.353343750001,None,,,,,,,,,,,,21049991,0,2025-12-01_13h58.34.105,tilt_mocs,2024.2.4,120.47370212248029,2025-12-01 13h58.42.820009 -0500,
-1,0.0,,959,959,0,,,,,,,,,,c-1,noss,0,left,0.987635457997385,None,None,,,,,,,,,,,0,959,959,818,1237.3635612500002,,,,,,,,,,,,,,,,,,,,,,,,,,,,,,,,,,,,,,,,,,,,,,,,,,,,,,,,,,,,,,,,1237.3555332079995,1237.3635612500002,1237.8503558330049,1237.8503558330049,1237.9223755000057,1237.9223755000057,1238.354238,left,0.987635457997385,None,1238.3543901660014,1238.354451916006,None,,,,,,,,,,,,21049991,0,2025-12-01_13h58.34.105,tilt_mocs,2024.2.4,120.47370212248029,2025-12-01 13h58.42.820009 -0500,
2,0.0,,960,960,0,,,,,,,,,,c+2,noss,0,left,0.8811821249983041,None,None,,,,,,,,,,,0,960,960,908,1238.364831083003,,,,,,,,,,,,,,,,,,,,,,,,,,,,,,,,,,,,,,,,,,,,,,,,,,,,,,,,,,,,,,,,1238.3565256250004,1238.364831083003,1238.8504037500024,1238.8504037500024,1238.9229275830003,1238.9229275830003,1239.2526570000045,left,0.8811821249983041,None,1239.2527532910026,1239.2527936250044,None,,,,,,,,,,,,21049991,0,2025-12-01_13h58.34.105,tilt_mocs,2024.2.4,120.47370212248029,2025-12-01 13h58.42.820009 -0500,
0,-15.0,,961,961,0,,,,,,,,,,c+0,negs,100,left,0.7724426669956301,None,None,,,,,,,,,,,0,961,961,571,1239.262840125004,,,,,,,,,,,,,,,,,,,,,,,,,,,,,,,,,,,,,,,,,,,,,,,,,,,,,,,,,,,,,,,,1239.2546856660047,1239.262840125004,1239.7504164999991,1239.7504164999991,1239.8231058750025,1239.8231058750025,1240.0464095000061,left,0.7724426669956301,None,1240.0465173330012,1240.0465601250035,None,,,,,,,,,,,,21049991,0,2025-12-01_13h58.34.105,tilt_mocs,2024.2.4,120.47370212248029,2025-12-01 13h58.42.820009 -0500,
8,15.0,,962,962,0,,,,,,,,,,c+8,poss,100,right,0.7850549169961596,None,None,,,,,,,,,,,0,962,962,312,1240.053185458004,,,,,,,,,,,,,,,,,,,,,,,,,,,,,,,,,,,,,,,,,,,,,,,,,,,,,,,,,,,,,,,,1240.0485020410051,1240.053185458004,1240.543007625005,1240.543007625005,1240.6176380000034,1240.6176380000034,1240.8420328749999,right,0.7850549169961596,None,1240.842145458002,1240.8421948329997,None,,,,,,,,,,,,21049991,0,2025-12-01_13h58.34.105,tilt_mocs,2024.2.4,120.47370212248029,2025-12-01 13h58.42.820009 -0500,
-1,0.0,,963,963,0,,,,,,,,,,c-1,noss,0,right,0.7569517080046353,None,None,,,,,,,,,,,0,963,963,794,1240.8528977910028,,,,,,,,,,,,,,,,,,,,,,,,,,,,,,,,,,,,,,,,,,,,,,,,,,,,,,,,,,,,,,,,1240.8440847080055,1240.8528977910028,1241.3433400409995,1241.3433400409995,1241.4176405410035,1241.4176405410035,1241.6201458750002,right,0.7569517080046353,None,1241.6203016250001,1241.620460582999,None,,,,,,,,,,,,21049991,0,2025-12-01_13h58.34.105,tilt_mocs,2024.2.4,120.47370212248029,2025-12-01 13h58.42.820009 -0500,
-1,0.0,,964,964,0,,,,,,,,,,c-1,noss,0,right,0.8364351250056643,None,None,,,,,,,,,,,0,964,964,828,1241.6313660830056,,,,,,,,,,,,,,,,,,,,,,,,,,,,,,,,,,,,,,,,,,,,,,,,,,,,,,,,,,,,,,,,1241.6228814999995,1241.6313660830056,1242.1170568750022,1242.1170568750022,1242.1900919160034,1242.1900919160034,1242.470684041,right,0.8364351250056643,None,1242.4708448330057,1242.4708983330056,None,,,,,,,,,,,,21049991,0,2025-12-01_13h58.34.105,tilt_mocs,2024.2.4,120.47370212248029,2025-12-01 13h58.42.820009 -0500,
-1,0.0,,965,965,0,,,,,,,,,,c-1,noss,0,right,0.7569096669976716,None,None,,,,,,,,,,,0,965,965,830,1242.4828404159998,,,,,,,,,,,,,,,,,,,,,,,,,,,,,,,,,,,,,,,,,,,,,,,,,,,,,,,,,,,,,,,,1242.4746314580043,1242.4828404159998,1242.9671177500059,1242.9671177500059,1243.0393744579997,1243.0393744579997,1243.242258582999,right,0.7569096669976716,None,1243.2423852080028,1243.2424500410052,None,,,,,,,,,,,,21049991,0,2025-12-01_13h58.34.105,tilt_mocs,2024.2.4,120.47370212248029,2025-12-01 13h58.42.820009 -0500,
1,0.0,,966,966,0,,,,,,,,,,c+1,noss,0,right,0.9317267919977894,None,None,,,,,,,,,,,0,966,966,881,1243.2527568330042,,,,,,,,,,,,,,,,,,,,,,,,,,,,,,,,,,,,,,,,,,,,,,,,,,,,,,,,,,,,,,,,1243.2444427500013,1243.2527568330042,1243.7431197080004,1243.7431197080004,1243.8177536660005,1243.8177536660005,1244.186887415999,right,0.9317267919977894,None,1244.1870116249993,1244.187064208003,None,,,,,,,,,,,,21049991,0,2025-12-01_13h58.34.105,tilt_mocs,2024.2.4,120.47370212248029,2025-12-01 13h58.42.820009 -0500,
2,-15.0,,967,967,0,,,,,,,,,,c+2,negs,100,right,0.9102827910028282,None,None,,,,,,,,,,,0,967,967,665,1244.1983591660028,,,,,,,,,,,,,,,,,,,,,,,,,,,,,,,,,,,,,,,,,,,,,,,,,,,,,,,,,,,,,,,,1244.1894818750006,1244.1983591660028,1244.6839274580052,1244.6839274580052,1244.7558562500053,1244.7558562500053,1245.1199825830045,right,0.9102827910028282,None,1245.1200918750037,1245.120137124999,None,,,,,,,,,,,,21049991,0,2025-12-01_13h58.34.105,tilt_mocs,2024.2.4,120.47370212248029,2025-12-01 13h58.42.820009 -0500,
-2,-15.0,,968,968,0,,,,,,,,,,c-2,negs,100,right,0.8877292500037584,None,None,,,,,,,,,,,0,968,968,515,1245.1301395000046,,,,,,,,,,,,,,,,,,,,,,,,,,,,,,,,,,,,,,,,,,,,,,,,,,,,,,,,,,,,,,,,1245.122050165999,1245.1301395000046,1245.6172593750016,1245.6172593750016,1245.6897422910042,1245.6897422910042,1246.0203393750053,right,0.8877292500037584,None,1246.020464375004,1246.0205178750039,None,,,,,,,,,,,,21049991,0,2025-12-01_13h58.34.105,tilt_mocs,2024.2.4,120.47370212248029,2025-12-01 13h58.42.820009 -0500,
1,0.0,,969,969,0,,,,,,,,,,c+1,noss,0,right,0.8885708330053603,None,None,,,,,,,,,,,0,969,969,869,1246.0307819580048,,,,,,,,,,,,,,,,,,,,,,,,,,,,,,,,,,,,,,,,,,,,,,,,,,,,,,,,,,,,,,,,1246.0226054160012,1246.0307819580048,1246.5172095000016,1246.5172095000016,1246.5891845410006,1246.5891845410006,1246.9259620830053,right,0.8885708330053603,None,1246.9260863750023,1246.9261385830032,None,,,,,,,,,,,,21049991,0,2025-12-01_13h58.34.105,tilt_mocs,2024.2.4,120.47370212248029,2025-12-01 13h58.42.820009 -0500,
2,-15.0,,970,970,0,,,,,,,,,,c+2,negs,100,right,0.877702791003685,None,None,,,,,,,,,,,0,970,970,634,1246.936427958004,,,,,,,,,,,,,,,,,,,,,,,,,,,,,,,,,,,,,,,,,,,,,,,,,,,,,,,,,,,,,,,,1246.9280795410014,1246.936427958004,1247.4268734580037,1247.4268734580037,1247.5011145000026,1247.5011145000026,1247.8199200410018,right,0.877702791003685,None,1247.8200785410008,1247.8201356249992,None,,,,,,,,,,,,21049991,0,2025-12-01_13h58.34.105,tilt_mocs,2024.2.4,120.47370212248029,2025-12-01 13h58.42.820009 -0500,
2,-15.0,,971,971,0,,,,,,,,,,c+2,negs,100,right,0.9462429170016549,None,None,,,,,,,,,,,0,971,971,660,1247.8313543750046,,,,,,,,,,,,,,,,,,,,,,,,,,,,,,,,,,,,,,,,,,,,,,,,,,,,,,,,,,,,,,,,1247.8229443330056,1247.8313543750046,1248.3172856660021,1248.3172856660021,1248.3893194580014,1248.3893194580014,1248.7867176250002,right,0.9462429170016549,None,1248.786839332999,1248.7868921660047,None,,,,,,,,,,,,21049991,0,2025-12-01_13h58.34.105,tilt_mocs,2024.2.4,120.47370212248029,2025-12-01 13h58.42.820009 -0500,
-2,0.0,,972,972,0,,,,,,,,,,c-2,noss,0,right,0.855871958003263,None,None,,,,,,,,,,,0,972,972,729,1248.7972747910026,,,,,,,,,,,,,,,,,,,,,,,,,,,,,,,,,,,,,,,,,,,,,,,,,,,,,,,,,,,,,,,,1248.789052250002,1248.7972747910026,1249.284155416004,1249.284155416004,1249.3570062910003,1249.3570062910003,1249.6580159580044,right,0.855871958003263,None,1249.6581166250035,1249.6581580000056,None,,,,,,,,,,,,21049991,0,2025-12-01_13h58.34.105,tilt_mocs,2024.2.4,120.47370212248029,2025-12-01 13h58.42.820009 -0500,
6,15.0,,973,973,0,,,,,,,,,,c+6,poss,100,right,0.8701512080006069,None,None,,,,,,,,,,,0,973,973,232,1249.6681990409998,,,,,,,,,,,,,,,,,,,,,,,,,,,,,,,,,,,,,,,,,,,,,,,,,,,,,,,,,,,,,,,,1249.6600469580007,1249.6681990409998,1250.1603068330005,1250.1603068330005,1250.234548708002,1250.234548708002,1250.542908125004,right,0.8701512080006069,None,1250.5430093750037,1250.5430521660019,None,,,,,,,,,,,,21049991,0,2025-12-01_13h58.34.105,tilt_mocs,2024.2.4,120.47370212248029,2025-12-01 13h58.42.820009 -0500,
2,15.0,,974,974,0,,,,,,,,,,c+2,poss,100,right,0.8371692500004428,None,None,,,,,,,,,,,0,974,974,123,1250.5533606660028,,,,,,,,,,,,,,,,,,,,,,,,,,,,,,,,,,,,,,,,,,,,,,,,,,,,,,,,,,,,,,,,1250.5449714160059,1250.5533606660028,1251.044030625002,1251.044030625002,1251.117966124999,1251.117966124999,1251.3930362910032,right,0.8371692500004428,None,1251.3931380830036,1251.393180416002,None,,,,,,,,,,,,21049991,0,2025-12-01_13h58.34.105,tilt_mocs,2024.2.4,120.47370212248029,2025-12-01 13h58.42.820009 -0500,
8,15.0,,975,975,0,,,,,,,,,,c+8,poss,100,right,1.0381717499985825,None,None,,,,,,,,,,,0,975,975,322,1251.403297458004,,,,,,,,,,,,,,,,,,,,,,,,,,,,,,,,,,,,,,,,,,,,,,,,,,,,,,,,,,,,,,,,1251.3950690410056,1251.403297458004,1251.893202875006,1251.893202875006,1251.9681472080047,1251.9681472080047,1252.4540177080053,right,1.0381717499985825,None,1252.4541657910013,1252.4542222500022,None,,,,,,,,,,,,21049991,0,2025-12-01_13h58.34.105,tilt_mocs,2024.2.4,120.47370212248029,2025-12-01 13h58.42.820009 -0500,
2,-15.0,,976,976,0,,,,,,,,,,c+2,negs,100,right,0.9061119590041926,None,None,,,,,,,,,,,0,976,976,669,1252.4645789999995,,,,,,,,,,,,,,,,,,,,,,,,,,,,,,,,,,,,,,,,,,,,,,,,,,,,,,,,,,,,,,,,1252.4563026250034,1252.4645789999995,1252.950819166006,1252.950819166006,1253.0230100830013,1253.0230100830013,1253.374952750004,right,0.9061119590041926,None,1253.3750484160046,1253.3750908750008,None,,,,,,,,,,,,21049991,0,2025-12-01_13h58.34.105,tilt_mocs,2024.2.4,120.47370212248029,2025-12-01 13h58.42.820009 -0500,
-4,-15.0,,977,977,0,,,,,,,,,,c-4,negs,100,right,1.0663095839991001,None,None,,,,,,,,,,,0,977,977,495,1253.3851080000022,,,,,,,,,,,,,,,,,,,,,,,,,,,,,,,,,,,,,,,,,,,,,,,,,,,,,,,,,,,,,,,,1253.3769706660023,1253.3851080000022,1253.8676518749999,1253.8676518749999,1253.939981208001,1253.939981208001,1254.454003333005,right,1.0663095839991001,None,1254.454170750003,1254.4542286659998,None,,,,,,,,,,,,21049991,0,2025-12-01_13h58.34.105,tilt_mocs,2024.2.4,120.47370212248029,2025-12-01 13h58.42.820009 -0500,
2,-15.0,,978,978,0,,,,,,,,,,c+2,negs,100,right,0.9210076660019695,None,None,,,,,,,,,,,0,978,978,653,1254.4650847080047,,,,,,,,,,,,,,,,,,,,,,,,,,,,,,,,,,,,,,,,,,,,,,,,,,,,,,,,,,,,,,,,1254.4569387080046,1254.4650847080047,1254.9508764999991,1254.9508764999991,1255.0228423750013,1255.0228423750013,1255.3918690409992,right,0.9210076660019695,None,1255.391989458003,1255.3920405829995,None,,,,,,,,,,,,21049991,0,2025-12-01_13h58.34.105,tilt_mocs,2024.2.4,120.47370212248029,2025-12-01 13h58.42.820009 -0500,
8,15.0,,979,979,0,,,,,,,,,,c+8,poss,100,right,0.840619250004238,None,None,,,,,,,,,,,0,979,979,289,1255.4028387910002,,,,,,,,,,,,,,,,,,,,,,,,,,,,,,,,,,,,,,,,,,,,,,,,,,,,,,,,,,,,,,,,1255.394768708,1255.4028387910002,1255.8929984580027,1255.8929984580027,1255.968176416005,1255.968176416005,1256.254273041006,right,0.840619250004238,None,1256.2544352080004,1256.2545021660044,None,,,,,,,,,,,,21049991,0,2025-12-01_13h58.34.105,tilt_mocs,2024.2.4,120.47370212248029,2025-12-01 13h58.42.820009 -0500,
0,15.0,,980,980,0,,,,,,,,,,c+0,poss,100,left,0.9575283339945599,None,None,,,,,,,,,,,0,980,980,105,1256.2655802910012,,,,,,,,,,,,,,,,,,,,,,,,,,,,,,,,,,,,,,,,,,,,,,,,,,,,,,,,,,,,,,,,1256.257102416006,1256.2655802910012,1256.7510198330056,1256.7510198330056,1256.823593250003,1256.823593250003,1257.2263197080028,left,0.9575283339945599,None,1257.226455875003,1257.2265173330015,None,,,,,,,,,,,,21049991,0,2025-12-01_13h58.34.105,tilt_mocs,2024.2.4,120.47370212248029,2025-12-01 13h58.42.820009 -0500,
-2,0.0,,981,981,0,,,,,,,,,,c-2,noss,0,left,0.8580377089965623,None,None,,,,,,,,,,,0,981,981,760,1257.2369767080017,,,,,,,,,,,,,,,,,,,,,,,,,,,,,,,,,,,,,,,,,,,,,,,,,,,,,,,,,,,,,,,,1257.2286413330003,1257.2369767080017,1257.727130708001,1257.727130708001,1257.801569000003,1257.801569000003,1258.104081125006,left,0.8580377089965623,None,1258.1042449160013,1258.1042991659997,None,,,,,,,,,,,,21049991,0,2025-12-01_13h58.34.105,tilt_mocs,2024.2.4,120.47370212248029,2025-12-01 13h58.42.820009 -0500,
-2,15.0,,982,982,0,,,,,,,,,,c-2,poss,100,left,0.9863110829974175,None,None,,,,,,,,,,,0,982,982,21,1258.1156337499997,,,,,,,,,,,,,,,,,,,,,,,,,,,,,,,,,,,,,,,,,,,,,,,,,,,,,,,,,,,,,,,,1258.1072365830041,1258.1156337499997,1258.6010991660005,1258.6010991660005,1258.6732555830022,1258.6732555830022,1259.1047139580041,left,0.9863110829974175,None,1259.1049442910007,1259.105037625006,None,,,,,,,,,,,,21049991,0,2025-12-01_13h58.34.105,tilt_mocs,2024.2.4,120.47370212248029,2025-12-01 13h58.42.820009 -0500,
6,15.0,,983,983,0,,,,,,,,,,c+6,poss,100,left,0.9105774159979774,None,None,,,,,,,,,,,0,983,983,248,1259.1155135410008,,,,,,,,,,,,,,,,,,,,,,,,,,,,,,,,,,,,,,,,,,,,,,,,,,,,,,,,,,,,,,,,1259.107463583001,1259.1155135410008,1259.6010779999997,1259.6010779999997,1259.6730882910051,1259.6730882910051,1260.0373669160035,left,0.9105774159979774,None,1260.037539541001,1260.0375935000047,None,,,,,,,,,,,,21049991,0,2025-12-01_13h58.34.105,tilt_mocs,2024.2.4,120.47370212248029,2025-12-01 13h58.42.820009 -0500,
-8,-15.0,,984,984,0,,,,,,,,,,c-8,negs,100,left,0.8724943330016686,None,None,,,,,,,,,,,0,984,984,357,1260.0483977910044,,,,,,,,,,,,,,,,,,,,,,,,,,,,,,,,,,,,,,,,,,,,,,,,,,,,,,,,,,,,,,,,1260.040204708006,1260.0483977910044,1260.5345060830005,1260.5345060830005,1260.6073899160037,1260.6073899160037,1260.925603374999,left,0.8724943330016686,None,1260.9257265410051,1260.925780125006,None,,,,,,,,,,,,21049991,0,2025-12-01_13h58.34.105,tilt_mocs,2024.2.4,120.47370212248029,2025-12-01 13h58.42.820009 -0500,
8,15.0,,985,985,0,,,,,,,,,,c+8,poss,100,right,1.1432433750014752,None,None,,,,,,,,,,,0,985,985,292,1260.9512707500035,,,,,,,,,,,,,,,,,,,,,,,,,,,,,,,,,,,,,,,,,,,,,,,,,,,,,,,,,,,,,,,,1260.927701833003,1260.9512707500035,1261.426791375001,1261.426791375001,1261.5017704160055,1261.5017704160055,1262.1038577910003,right,1.1432433750014752,None,1262.1039789580027,1262.1040430830035,None,,,,,,,,,,,,21049991,0,2025-12-01_13h58.34.105,tilt_mocs,2024.2.4,120.47370212248029,2025-12-01 13h58.42.820009 -0500,
-2,15.0,,986,986,0,,,,,,,,,,c-2,poss,100,left,0.9712091670007794,None,None,,,,,,,,,,,0,986,986,47,1262.1137496660012,,,,,,,,,,,,,,,,,,,,,,,,,,,,,,,,,,,,,,,,,,,,,,,,,,,,,,,,,,,,,,,,1262.1060170830024,1262.1137496660012,1262.6011125000005,1262.6011125000005,1262.672616541,1262.672616541,1263.0880916660026,left,0.9712091670007794,None,1263.0882385830046,1263.0882993330015,None,,,,,,,,,,,,21049991,0,2025-12-01_13h58.34.105,tilt_mocs,2024.2.4,120.47370212248029,2025-12-01 13h58.42.820009 -0500,
-8,-15.0,,987,987,0,,,,,,,,,,c-8,negs,100,left,0.8971264159990824,None,None,,,,,,,,,,,0,987,987,378,1263.0986098330031,,,,,,,,,,,,,,,,,,,,,,,,,,,,,,,,,,,,,,,,,,,,,,,,,,,,,,,,,,,,,,,,1263.0904146250032,1263.0986098330031,1263.5835957910022,1263.5835957910022,1263.657853458004,1263.657853458004,1264.0043995410015,left,0.8971264159990824,None,1264.004576583,1264.0046399160055,None,,,,,,,,,,,,21049991,0,2025-12-01_13h58.34.105,tilt_mocs,2024.2.4,120.47370212248029,2025-12-01 13h58.42.820009 -0500,
-4,-15.0,,988,988,0,,,,,,,,,,c-4,negs,100,left,0.8932541249960195,None,None,,,,,,,,,,,0,988,988,475,1264.0160572910027,,,,,,,,,,,,,,,,,,,,,,,,,,,,,,,,,,,,,,,,,,,,,,,,,,,,,,,,,,,,,,,,1264.0073163330017,1264.0160572910027,1264.5012232910012,1264.5012232910012,1264.573502625004,1264.573502625004,1264.9210394580005,left,0.8932541249960195,None,1264.9212066250038,1264.9212763750038,None,,,,,,,,,,,,21049991,0,2025-12-01_13h58.34.105,tilt_mocs,2024.2.4,120.47370212248029,2025-12-01 13h58.42.820009 -0500,
-4,-15.0,,989,989,0,,,,,,,,,,c-4,negs,100,left,0.819194374998915,None,None,,,,,,,,,,,0,989,989,501,1264.932534958003,,,,,,,,,,,,,,,,,,,,,,,,,,,,,,,,,,,,,,,,,,,,,,,,,,,,,,,,,,,,,,,,1264.9239822500022,1264.932534958003,1265.4179946250006,1265.4179946250006,1265.4903513329991,1265.4903513329991,1265.7542283750008,left,0.819194374998915,None,1265.7543552909992,1265.7544082500026,None,,,,,,,,,,,,21049991,0,2025-12-01_13h58.34.105,tilt_mocs,2024.2.4,120.47370212248029,2025-12-01 13h58.42.820009 -0500,
4,0.0,,990,990,0,,,,,,,,,,c+4,noss,0,right,1.0326363339991076,None,None,,,,,,,,,,,0,990,990,1002,1265.7645999160013,,,,,,,,,,,,,,,,,,,,,,,,,,,,,,,,,,,,,,,,,,,,,,,,,,,,,,,,,,,,,,,,1265.7566401250006,1265.7645999160013,1266.2514111250057,1266.2514111250057,1266.3233462080025,1266.3233462080025,1266.804207375004,right,1.0326363339991076,None,1266.8043534160024,1266.8044105410008,None,,,,,,,,,,,,21049991,0,2025-12-01_13h58.34.105,tilt_mocs,2024.2.4,120.47370212248029,2025-12-01 13h58.42.820009 -0500,
6,15.0,,991,991,0,,,,,,,,,,c+6,poss,100,right,0.8043134160034242,None,None,,,,,,,,,,,0,991,991,224,1266.8145415830004,,,,,,,,,,,,,,,,,,,,,,,,,,,,,,,,,,,,,,,,,,,,,,,,,,,,,,,,,,,,,,,,1266.8065752910043,1266.8145415830004,1267.301347875,1267.301347875,1267.3740794580008,1267.3740794580008,1267.621540375003,right,0.8043134160034242,None,1267.621667958003,1267.6217204999994,None,,,,,,,,,,,,21049991,0,2025-12-01_13h58.34.105,tilt_mocs,2024.2.4,120.47370212248029,2025-12-01 13h58.42.820009 -0500,
2,15.0,,992,992,0,,,,,,,,,,c+2,poss,100,right,0.8551926250001998,None,None,,,,,,,,,,,0,992,992,160,1267.6318987910054,,,,,,,,,,,,,,,,,,,,,,,,,,,,,,,,,,,,,,,,,,,,,,,,,,,,,,,,,,,,,,,,1267.623905833003,1267.6318987910054,1268.1180958750047,1268.1180958750047,1268.189968000006,1268.189968000006,1268.4923497500058,right,0.8551926250001998,None,1268.4924498750042,1268.4924914580042,None,,,,,,,,,,,,21049991,0,2025-12-01_13h58.34.105,tilt_mocs,2024.2.4,120.47370212248029,2025-12-01 13h58.42.820009 -0500,
2,0.0,,993,993,0,,,,,,,,,,c+2,noss,0,right,0.8556017910013907,None,None,,,,,,,,,,,0,993,993,924,1268.5038750000022,,,,,,,,,,,,,,,,,,,,,,,,,,,,,,,,,,,,,,,,,,,,,,,,,,,,,,,,,,,,,,,,1268.494771208003,1268.5038750000022,1268.9940965830028,1268.9940965830028,1269.068538833002,1269.068538833002,1269.3706496250015,right,0.8556017910013907,None,1269.3707770830006,1269.3708302910018,None,,,,,,,,,,,,21049991,0,2025-12-01_13h58.34.105,tilt_mocs,2024.2.4,120.47370212248029,2025-12-01 13h58.42.820009 -0500,
6,15.0,,994,994,0,,,,,,,,,,c+6,poss,100,right,0.8577180420033983,None,None,,,,,,,,,,,0,994,994,241,1269.3811809580002,,,,,,,,,,,,,,,,,,,,,,,,,,,,,,,,,,,,,,,,,,,,,,,,,,,,,,,,,,,,,,,,1269.3730399580018,1269.3811809580002,1269.8681940000024,1269.8681940000024,1269.9402009580008,1269.9402009580008,1270.244043083003,right,0.8577180420033983,None,1270.244169000005,1270.2442353750012,None,,,,,,,,,,,,21049991,0,2025-12-01_13h58.34.105,tilt_mocs,2024.2.4,120.47370212248029,2025-12-01 13h58.42.820009 -0500,
0,15.0,,995,995,0,,,,,,,,,,c+0,poss,100,right,0.8579941249990952,None,None,,,,,,,,,,,0,995,995,59,1270.2543164580056,,,,,,,,,,,,,,,,,,,,,,,,,,,,,,,,,,,,,,,,,,,,,,,,,,,,,,,,,,,,,,,,1270.2461255410017,1270.2543164580056,1270.7438642080015,1270.7438642080015,1270.8184371660027,1270.8184371660027,1271.1208866250017,right,0.8579941249990952,None,1271.121015290999,1271.121067291002,None,,,,,,,,,,,,21049991,0,2025-12-01_13h58.34.105,tilt_mocs,2024.2.4,120.47370212248029,2025-12-01 13h58.42.820009 -0500,
2,0.0,,996,996,0,,,,,,,,,,c+2,noss,0,right,0.8399080829985905,None,None,,,,,,,,,,,0,996,996,904,1271.1316169160054,,,,,,,,,,,,,,,,,,,,,,,,,,,,,,,,,,,,,,,,,,,,,,,,,,,,,,,,,,,,,,,,1271.1234596659997,1271.1316169160054,1271.6182052910008,1271.6182052910008,1271.6903938329997,1271.6903938329997,1271.9757414580017,right,0.8399080829985905,None,1271.9758380000058,1271.975878833,None,,,,,,,,,,,,21049991,0,2025-12-01_13h58.34.105,tilt_mocs,2024.2.4,120.47370212248029,2025-12-01 13h58.42.820009 -0500,
2,-15.0,,997,997,0,,,,,,,,,,c+2,negs,100,right,0.7847808750011609,None,None,,,,,,,,,,,0,997,997,656,1272.0016069580015,,,,,,,,,,,,,,,,,,,,,,,,,,,,,,,,,,,,,,,,,,,,,,,,,,,,,,,,,,,,,,,,1271.9777584160038,1272.0016069580015,1272.4772846660053,1272.4772846660053,1272.5520085410026,1272.5520085410026,1272.7973449580022,right,0.7847808750011609,None,1272.7974480830017,1272.7974898750035,None,,,,,,,,,,,,21049991,0,2025-12-01_13h58.34.105,tilt_mocs,2024.2.4,120.47370212248029,2025-12-01 13h58.42.820009 -0500,
4,0.0,,998,998,0,,,,,,,,,,c+4,noss,0,right,0.8498467079989496,None,None,,,,,,,,,,,0,998,998,995,1272.8041678330046,,,,,,,,,,,,,,,,,,,,,,,,,,,,,,,,,,,,,,,,,,,,,,,,,,,,,,,,,,,,,,,,1272.7994155410051,1272.8041678330046,1273.2938160000049,1273.2938160000049,1273.3690418330007,1273.3690418330007,1273.6604150410058,right,0.8498467079989496,None,1273.6605412909994,1273.6605948330034,None,,,,,,,,,,,,21049991,0,2025-12-01_13h58.34.105,tilt_mocs,2024.2.4,120.47370212248029,2025-12-01 13h58.42.820009 -0500,
-2,15.0,,999,999,0,,,,,,,,,,c-2,poss,100,right,0.8053821249995963,None,None,,,,,,,,,,,0,999,999,17,1273.670786458002,,,,,,,,,,,,,,,,,,,,,,,,,,,,,,,,,,,,,,,,,,,,,,,,,,,,,,,,,,,,,,,,1273.6625019160056,1273.670786458002,1274.1614464580052,1274.1614464580052,1274.2353905000055,1274.2353905000055,1274.4875355830009,right,0.8053821249995963,None,1274.4876639580034,1274.4877172080014,None,,,,,,,,,,,,21049991,0,2025-12-01_13h58.34.105,tilt_mocs,2024.2.4,120.47370212248029,2025-12-01 13h58.42.820009 -0500,
-2,-15.0,,1000,1000,0,,,,,,,,,,c-2,negs,100,right,0.8612447499981499,None,None,,,,,,,,,,,0,1000,1000,541,1274.4978124580011,,,,,,,,,,,,,,,,,,,,,,,,,,,,,,,,,,,,,,,,,,,,,,,,,,,,,,,,,,,,,,,,1274.4898434580027,1274.4978124580011,1274.9852864999993,1274.9852864999993,1275.057474500005,1275.057474500005,1275.3710617079996,right,0.8612447499981499,None,1275.3712185830009,1275.3712787910044,None,,,,,,,,,,,,21049991,0,2025-12-01_13h58.34.105,tilt_mocs,2024.2.4,120.47370212248029,2025-12-01 13h58.42.820009 -0500,
4,0.0,,1001,1001,0,,,,,,,,,,c+4,noss,0,right,0.8204682499999763,None,None,,,,,,,,,,,0,1001,1001,1000,1275.382436083004,,,,,,,,,,,,,,,,,,,,,,,,,,,,,,,,,,,,,,,,,,,,,,,,,,,,,,,,,,,,,,,,1275.3742175830048,1275.382436083004,1275.8683883750055,1275.8683883750055,1275.9404517910007,1275.9404517910007,1276.2140362909995,right,0.8204682499999763,None,1276.2141388750024,1276.2141803330014,None,,,,,,,,,,,,21049991,0,2025-12-01_13h58.34.105,tilt_mocs,2024.2.4,120.47370212248029,2025-12-01 13h58.42.820009 -0500,
-4,-15.0,,1002,1002,0,,,,,,,,,,c-4,negs,100,right,0.8058518749967334,None,None,,,,,,,,,,,0,1002,1002,487,1276.220919583,,,,,,,,,,,,,,,,,,,,,,,,,,,,,,,,,,,,,,,,,,,,,,,,,,,,,,,,,,,,,,,,1276.2161175410001,1276.220919583,1276.7109697500055,1276.7109697500055,1276.7854583750013,1276.7854583750013,1277.0376535000032,right,0.8058518749967334,None,1277.0377550830017,1277.0377965830048,None,,,,,,,,,,,,21049991,0,2025-12-01_13h58.34.105,tilt_mocs,2024.2.4,120.47370212248029,2025-12-01 13h58.42.820009 -0500,
-4,0.0,,1003,1003,0,,,,,,,,,,c-4,noss,0,right,0.845956582998042,None,None,,,,,,,,,,,0,1003,1003,683,1277.0469288750028,,,,,,,,,,,,,,,,,,,,,,,,,,,,,,,,,,,,,,,,,,,,,,,,,,,,,,,,,,,,,,,,1277.0397097500027,1277.0469288750028,1277.535183166001,1277.535183166001,1277.6073935410022,1277.6073935410022,1277.9041967500016,right,0.845956582998042,None,1277.9043257910016,1277.9043797080012,None,,,,,,,,,,,,21049991,0,2025-12-01_13h58.34.105,tilt_mocs,2024.2.4,120.47370212248029,2025-12-01 13h58.42.820009 -0500,
-6,-15.0,,1004,1004,0,,,,,,,,,,c-6,negs,100,right,0.8766466660017613,None,None,,,,,,,,,,,0,1004,1004,418,1277.914477582999,,,,,,,,,,,,,,,,,,,,,,,,,,,,,,,,,,,,,,,,,,,,,,,,,,,,,,,,,,,,,,,,1277.906487332999,1277.914477582999,1278.4018932079998,1278.4018932079998,1278.4737994160023,1278.4737994160023,1278.7946750830015,right,0.8766466660017613,None,1278.794818291004,1278.7948731249999,None,,,,,,,,,,,,21049991,0,2025-12-01_13h58.34.105,tilt_mocs,2024.2.4,120.47370212248029,2025-12-01 13h58.42.820009 -0500,
4,15.0,,1005,1005,0,,,,,,,,,,c+4,poss,100,right,0.8052163329994073,None,None,,,,,,,,,,,0,1005,1005,205,1278.804647708006,,,,,,,,,,,,,,,,,,,,,,,,,,,,,,,,,,,,,,,,,,,,,,,,,,,,,,,,,,,,,,,,1278.7969412500024,1278.804647708006,1279.2949495409994,1279.2949495409994,1279.3688360000015,1279.3688360000015,1279.6214540830042,right,0.8052163329994073,None,1279.6216152080015,1279.6216698330027,None,,,,,,,,,,,,21049991,0,2025-12-01_13h58.34.105,tilt_mocs,2024.2.4,120.47370212248029,2025-12-01 13h58.42.820009 -0500,
4,0.0,,1006,1006,0,,,,,,,,,,c+4,noss,0,right,0.7948832499969285,None,None,,,,,,,,,,,0,1006,1006,987,1279.6405275409998,,,,,,,,,,,,,,,,,,,,,,,,,,,,,,,,,,,,,,,,,,,,,,,,,,,,,,,,,,,,,,,,1279.6242903750026,1279.6405275409998,1280.1184085830027,1280.1184085830027,1280.1911015830046,1280.1911015830046,1280.437910749999,right,0.7948832499969285,None,1280.4380487080052,1280.4381151660054,None,,,,,,,,,,,,21049991,0,2025-12-01_13h58.34.105,tilt_mocs,2024.2.4,120.47370212248029,2025-12-01 13h58.42.820009 -0500,
-8,-15.0,,1007,1007,0,,,,,,,,,,c-8,negs,100,right,0.7769672080030432,None,None,,,,,,,,,,,0,1007,1007,384,1280.4483682909995,,,,,,,,,,,,,,,,,,,,,,,,,,,,,,,,,,,,,,,,,,,,,,,,,,,,,,,,,,,,,,,,1280.440317916,1280.4483682909995,1280.9352582499996,1280.9352582499996,1281.007489208001,1281.007489208001,1281.237744416001,right,0.7769672080030432,None,1281.2378687500022,1281.2379201660005,None,,,,,,,,,,,,21049991,0,2025-12-01_13h58.34.105,tilt_mocs,2024.2.4,120.47370212248029,2025-12-01 13h58.42.820009 -0500,
,,,,,,,,,,,,,,,,,,,,,,,,,,,,,,,,,,,,,,,,,,,,,,,,,,,,,,,,,,,,,,,,,,,,,,,,,,,,,,,,,,,,,,,,,,,,,,,,,,,,,,,,,,,,,,,,,,,,,1281.2381029579992,1281.2482236659998,1281.2482236659998,1317.5726085830029,space,36.314349375003076,None,21049991,0,2025-12-01_13h58.34.105,tilt_mocs,2024.2.4,120.47370212248029,2025-12-01 13h58.42.820009 -0500,
